season,round,date,venue,home_club,away_club,club,player,kicks,marks,handballs,goals,behinds,hitouts,tackles
1998,1,1998-03-27,M.C.G.,North Melbourne,West Coast,North Melbourne,Winston Abraham,10,1,5,1,1,0,1
1998,1,1998-03-27,M.C.G.,North Melbourne,West Coast,North Melbourne,Brady Anderson,6,2,7,0,0,0,0
1998,1,1998-03-27,M.C.G.,North Melbourne,West Coast,North Melbourne,Glenn Archer,18,5,3,1,0,1,0
1998,1,1998-03-27,M.C.G.,North Melbourne,West Coast,North Melbourne,Peter Bell,18,2,6,1,0,0,0
1998,1,1998-03-27,M.C.G.,North Melbourne,West Coast,North Melbourne,John Blakey,11,7,8,0,0,0,0
1998,1,1998-03-27,M.C.G.,North Melbourne,West Coast,North Melbourne,Mathew Capuano,7,3,3,0,0,11,0
1998,1,1998-03-27,M.C.G.,North Melbourne,West Coast,North Melbourne,Wayne Carey,14,5,4,1,2,1,1
1998,1,1998-03-27,M.C.G.,North Melbourne,West Coast,North Melbourne,Glenn Freeborn,5,2,5,0,1,0,2
1998,1,1998-03-27,M.C.G.,North Melbourne,West Coast,North Melbourne,Shannon Grant,8,2,3,2,0,0,0
1998,1,1998-03-27,M.C.G.,North Melbourne,West Coast,North Melbourne,Chris Groom,3,2,1,1,0,0,1
1998,1,1998-03-27,M.C.G.,North Melbourne,West Coast,North Melbourne,Evan Hewitt,0,0,2,0,0,4,1
1998,1,1998-03-27,M.C.G.,North Melbourne,West Coast,North Melbourne,David King,18,1,0,0,0,0,1
1998,1,1998-03-27,M.C.G.,North Melbourne,West Coast,North Melbourne,Mick Martyn,5,3,5,0,0,1,2
1998,1,1998-03-27,M.C.G.,North Melbourne,West Coast,North Melbourne,Jason McCartney,6,1,6,0,0,2,1
1998,1,1998-03-27,M.C.G.,North Melbourne,West Coast,North Melbourne,Byron Pickett,6,1,0,0,0,0,0
1998,1,1998-03-27,M.C.G.,North Melbourne,West Coast,North Melbourne,Martin Pike,11,1,5,1,0,0,1
1998,1,1998-03-27,M.C.G.,North Melbourne,West Coast,North Melbourne,Anthony Rock,6,2,5,0,0,0,1
1998,1,1998-03-27,M.C.G.,North Melbourne,West Coast,North Melbourne,Robert Scott,8,5,4,0,1,0,0
1998,1,1998-03-27,M.C.G.,North Melbourne,West Coast,North Melbourne,Craig Sholl,17,9,5,5,2,0,0
1998,1,1998-03-27,M.C.G.,North Melbourne,West Coast,North Melbourne,Adam Simpson,8,1,5,1,0,0,3
1998,1,1998-03-27,M.C.G.,North Melbourne,West Coast,North Melbourne,Anthony Stevens,27,8,6,1,1,1,4
1998,1,1998-03-27,M.C.G.,North Melbourne,West Coast,North Melbourne,Scott Welsh,5,3,0,0,1,0,1
1998,1,1998-03-27,M.C.G.,North Melbourne,West Coast,West Coast,Jason Ball,12,6,12,4,0,7,0
1998,1,1998-03-27,M.C.G.,North Melbourne,West Coast,West Coast,Drew Banfield,8,1,7,0,0,0,3
1998,1,1998-03-27,M.C.G.,North Melbourne,West Coast,West Coast,Michael Braun,18,5,9,1,0,0,2
1998,1,1998-03-27,M.C.G.,North Melbourne,West Coast,West Coast,Ben Cousins,10,4,17,2,0,0,1
1998,1,1998-03-27,M.C.G.,North Melbourne,West Coast,West Coast,Tony Evans,1,0,6,0,0,0,2
1998,1,1998-03-27,M.C.G.,North Melbourne,West Coast,West Coast,Michael Gardiner,4,4,6,0,0,23,0
1998,1,1998-03-27,M.C.G.,North Melbourne,West Coast,West Coast,Fraser Gehrig,8,6,2,2,2,0,2
1998,1,1998-03-27,M.C.G.,North Melbourne,West Coast,West Coast,Brett Heady,14,5,6,2,2,0,0
1998,1,1998-03-27,M.C.G.,North Melbourne,West Coast,West Coast,Glen Jakovich,12,5,7,0,0,2,2
1998,1,1998-03-27,M.C.G.,North Melbourne,West Coast,West Coast,Dean Kemp,18,4,8,0,0,0,3
1998,1,1998-03-27,M.C.G.,North Melbourne,West Coast,West Coast,Chris Lewis,4,1,0,0,0,0,1
1998,1,1998-03-27,M.C.G.,North Melbourne,West Coast,West Coast,Peter Matera,17,2,6,0,0,1,8
1998,1,1998-03-27,M.C.G.,North Melbourne,West Coast,West Coast,Phillip Matera,8,4,2,2,2,0,1
1998,1,1998-03-27,M.C.G.,North Melbourne,West Coast,West Coast,Ashley McIntosh,9,7,2,0,0,0,3
1998,1,1998-03-27,M.C.G.,North Melbourne,West Coast,West Coast,Guy McKenna,5,3,7,0,0,0,0
1998,1,1998-03-27,M.C.G.,North Melbourne,West Coast,West Coast,Chad Morrison,15,1,2,1,0,0,2
1998,1,1998-03-27,M.C.G.,North Melbourne,West Coast,West Coast,Phillip Read,2,1,1,0,0,0,0
1998,1,1998-03-27,M.C.G.,North Melbourne,West Coast,West Coast,Jarrad Schofield,8,3,4,0,0,0,0
1998,1,1998-03-27,M.C.G.,North Melbourne,West Coast,West Coast,Nicholas Stone,7,4,5,0,0,0,1
1998,1,1998-03-27,M.C.G.,North Melbourne,West Coast,West Coast,Ryan Turnbull,3,2,3,1,1,5,1
1998,1,1998-03-27,M.C.G.,North Melbourne,West Coast,West Coast,Josh Wooden,6,2,0,0,0,0,2
1998,1,1998-03-27,M.C.G.,North Melbourne,West Coast,West Coast,John Worsfold,9,4,4,0,0,0,3
1998,1,1998-03-28,Princes Park,Carlton,Adelaide,Carlton,Matthew Allan,6,5,5,0,0,10,0
1998,1,1998-03-28,Princes Park,Carlton,Adelaide,Carlton,Craig Bradley,12,3,12,1,1,0,1
1998,1,1998-03-28,Princes Park,Carlton,Adelaide,Carlton,Scott Camporeale,13,3,6,0,0,0,1
1998,1,1998-03-28,Princes Park,Carlton,Adelaide,Carlton,Sean Charles,4,0,0,0,1,0,0
1998,1,1998-03-28,Princes Park,Carlton,Adelaide,Carlton,Matt Clape,3,1,3,1,0,0,0
1998,1,1998-03-28,Princes Park,Carlton,Adelaide,Carlton,Ron De Iulio,4,0,1,1,1,0,0
1998,1,1998-03-28,Princes Park,Carlton,Adelaide,Carlton,Peter Dean,7,0,3,0,0,0,0
1998,1,1998-03-28,Princes Park,Carlton,Adelaide,Carlton,Aaron Hamill,3,4,8,0,0,0,2
1998,1,1998-03-28,Princes Park,Carlton,Adelaide,Carlton,Matthew Hogg,7,0,0,0,1,0,2
1998,1,1998-03-28,Princes Park,Carlton,Adelaide,Carlton,Darren Hulme,13,2,4,0,1,0,2
1998,1,1998-03-28,Princes Park,Carlton,Adelaide,Carlton,Anthony Koutoufides,15,9,12,3,1,1,2
1998,1,1998-03-28,Princes Park,Carlton,Adelaide,Carlton,Damien Lock,11,2,4,0,0,0,2
1998,1,1998-03-28,Princes Park,Carlton,Adelaide,Carlton,Glenn Manton,8,6,4,1,0,0,2
1998,1,1998-03-28,Princes Park,Carlton,Adelaide,Carlton,Andrew McKay,7,2,6,0,0,0,3
1998,1,1998-03-28,Princes Park,Carlton,Adelaide,Carlton,Justin Murphy,9,5,15,0,1,1,3
1998,1,1998-03-28,Princes Park,Carlton,Adelaide,Carlton,Brad Pearce,5,0,1,1,0,0,1
1998,1,1998-03-28,Princes Park,Carlton,Adelaide,Carlton,Mark Porter,4,2,2,0,0,14,1
1998,1,1998-03-28,Princes Park,Carlton,Adelaide,Carlton,Brett Ratten,17,3,12,1,1,0,2
1998,1,1998-03-28,Princes Park,Carlton,Adelaide,Carlton,Dean Rice,10,2,1,0,0,0,4
1998,1,1998-03-28,Princes Park,Carlton,Adelaide,Carlton,Michael Sexton,15,4,1,0,0,3,2
1998,1,1998-03-28,Princes Park,Carlton,Adelaide,Carlton,Stephen Silvagni,9,6,2,0,3,0,2
1998,1,1998-03-28,Princes Park,Carlton,Adelaide,Carlton,Lance Whitnall,8,5,12,1,1,0,2
1998,1,1998-03-28,Princes Park,Carlton,Adelaide,Adelaide,Nathan Bassett,5,1,4,0,0,0,1
1998,1,1998-03-28,Princes Park,Carlton,Adelaide,Adelaide,Mark Bickley,12,3,6,1,0,0,5
1998,1,1998-03-28,Princes Park,Carlton,Adelaide,Adelaide,Peter Caven,9,6,4,1,0,0,0
1998,1,1998-03-28,Princes Park,Carlton,Adelaide,Adelaide,Matthew Connell,2,0,0,0,0,0,0
1998,1,1998-03-28,Princes Park,Carlton,Adelaide,Adelaide,Tyson Edwards,4,0,1,0,0,0,0
1998,1,1998-03-28,Princes Park,Carlton,Adelaide,Adelaide,Shane Ellen,10,4,6,0,0,0,1
1998,1,1998-03-28,Princes Park,Carlton,Adelaide,Adelaide,Simon Goodwin,1,0,2,0,0,0,3
1998,1,1998-03-28,Princes Park,Carlton,Adelaide,Adelaide,Ben Hart,5,4,0,1,1,1,0
1998,1,1998-03-28,Princes Park,Carlton,Adelaide,Adelaide,Darren Jarman,7,2,5,0,1,0,2
1998,1,1998-03-28,Princes Park,Carlton,Adelaide,Adelaide,Kym Koster,15,7,5,1,1,0,2
1998,1,1998-03-28,Princes Park,Carlton,Adelaide,Adelaide,Andrew McLeod,7,4,4,1,0,0,4
1998,1,1998-03-28,Princes Park,Carlton,Adelaide,Adelaide,Trent Ormond-Allen,7,2,0,0,0,0,0
1998,1,1998-03-28,Princes Park,Carlton,Adelaide,Adelaide,Lance Picioane,6,1,0,1,0,0,0
1998,1,1998-03-28,Princes Park,Carlton,Adelaide,Adelaide,David Pittman,2,2,2,0,0,12,0
1998,1,1998-03-28,Princes Park,Carlton,Adelaide,Adelaide,Shaun Rehn,10,6,5,0,0,13,2
1998,1,1998-03-28,Princes Park,Carlton,Adelaide,Adelaide,Mark Ricciuto,12,5,7,1,0,0,1
1998,1,1998-03-28,Princes Park,Carlton,Adelaide,Adelaide,Chad Rintoul,8,2,1,0,2,0,0
1998,1,1998-03-28,Princes Park,Carlton,Adelaide,Adelaide,Clay Sampson,6,2,6,1,0,0,0
1998,1,1998-03-28,Princes Park,Carlton,Adelaide,Adelaide,Nigel Smart,8,2,5,0,1,0,2
1998,1,1998-03-28,Princes Park,Carlton,Adelaide,Adelaide,Mark Stevens,7,2,2,1,1,0,3
1998,1,1998-03-28,Princes Park,Carlton,Adelaide,Adelaide,James Thiessen,3,1,0,0,1,0,0
1998,1,1998-03-28,Princes Park,Carlton,Adelaide,Adelaide,Simon Tregenza,17,2,6,0,0,1,2
1998,1,1998-03-28,Waverley Park,St Kilda,Geelong,St Kilda,Luke Beveridge,6,3,3,2,1,0,2
1998,1,1998-03-28,Waverley Park,St Kilda,Geelong,St Kilda,Tony Brown,10,4,7,0,1,0,0
1998,1,1998-03-28,Waverley Park,St Kilda,Geelong,St Kilda,Nathan Burke,17,0,3,0,0,0,2
1998,1,1998-03-28,Waverley Park,St Kilda,Geelong,St Kilda,Jason Cripps,17,10,5,0,0,0,1
1998,1,1998-03-28,Waverley Park,St Kilda,Geelong,St Kilda,Peter Everitt,10,4,3,0,0,9,0
1998,1,1998-03-28,Waverley Park,St Kilda,Geelong,St Kilda,Barry Hall,1,0,1,0,0,1,1
1998,1,1998-03-28,Waverley Park,St Kilda,Geelong,St Kilda,Robert Harvey,1,0,0,0,0,0,0
1998,1,1998-03-28,Waverley Park,St Kilda,Geelong,St Kilda,Daniel Healy,2,1,3,0,0,0,0
1998,1,1998-03-28,Waverley Park,St Kilda,Geelong,St Kilda,Jason Heatley,7,5,2,3,0,3,2
1998,1,1998-03-28,Waverley Park,St Kilda,Geelong,St Kilda,Max Hudghton,6,3,1,0,1,0,2
1998,1,1998-03-28,Waverley Park,St Kilda,Geelong,St Kilda,Austinn Jones,10,0,4,2,0,0,0
1998,1,1998-03-28,Waverley Park,St Kilda,Geelong,St Kilda,Rod Keogh,2,0,2,0,0,0,0
1998,1,1998-03-28,Waverley Park,St Kilda,Geelong,St Kilda,Matthew Lappin,6,4,7,0,0,0,0
1998,1,1998-03-28,Waverley Park,St Kilda,Geelong,St Kilda,Stewart Loewe,11,3,2,4,1,14,1
1998,1,1998-03-28,Waverley Park,St Kilda,Geelong,St Kilda,Gavin Mitchell,11,4,4,2,1,0,2
1998,1,1998-03-28,Waverley Park,St Kilda,Geelong,St Kilda,Justin Peckett,12,5,5,0,0,0,2
1998,1,1998-03-28,Waverley Park,St Kilda,Geelong,St Kilda,David Sierakowski,7,3,5,0,0,9,1
1998,1,1998-03-28,Waverley Park,St Kilda,Geelong,St Kilda,Steven Sziller,6,3,5,1,0,0,1
1998,1,1998-03-28,Waverley Park,St Kilda,Geelong,St Kilda,Andrew Thompson,9,2,8,3,0,0,3
1998,1,1998-03-28,Waverley Park,St Kilda,Geelong,St Kilda,Darryl Wakelin,10,7,5,0,1,0,3
1998,1,1998-03-28,Waverley Park,St Kilda,Geelong,St Kilda,Shane Wakelin,7,1,2,0,0,0,1
1998,1,1998-03-28,Waverley Park,St Kilda,Geelong,St Kilda,Nicky Winmar,13,10,11,0,0,0,0
1998,1,1998-03-28,Waverley Park,St Kilda,Geelong,Geelong,John Barnes,6,2,3,0,0,3,1
1998,1,1998-03-28,Waverley Park,St Kilda,Geelong,Geelong,Clint Bizzell,5,3,2,1,0,0,0
1998,1,1998-03-28,Waverley Park,St Kilda,Geelong,Geelong,Ronnie Burns,8,2,7,2,3,0,3
1998,1,1998-03-28,Waverley Park,St Kilda,Geelong,Geelong,Paul Corrigan,14,3,9,0,1,2,0
1998,1,1998-03-28,Waverley Park,St Kilda,Geelong,Geelong,Ben Graham,8,2,7,0,0,0,1
1998,1,1998-03-28,Waverley Park,St Kilda,Geelong,Geelong,Derek Hall,4,2,3,0,1,0,0
1998,1,1998-03-28,Waverley Park,St Kilda,Geelong,Geelong,Tim Hargreaves,5,2,4,0,0,0,0
1998,1,1998-03-28,Waverley Park,St Kilda,Geelong,Geelong,Garry Hocking,16,4,3,2,0,0,2
1998,1,1998-03-28,Waverley Park,St Kilda,Geelong,Geelong,Adam Houlihan,2,0,3,0,0,0,2
1998,1,1998-03-28,Waverley Park,St Kilda,Geelong,Geelong,Glenn Kilpatrick,11,6,9,0,1,1,3
1998,1,1998-03-28,Waverley Park,St Kilda,Geelong,Geelong,Steven King,10,7,8,0,0,17,1
1998,1,1998-03-28,Waverley Park,St Kilda,Geelong,Geelong,Daniel Lowther,6,2,1,0,0,0,0
1998,1,1998-03-28,Waverley Park,St Kilda,Geelong,Geelong,Michael Mansfield,13,6,7,0,1,0,1
1998,1,1998-03-28,Waverley Park,St Kilda,Geelong,Geelong,Tim McGrath,12,4,7,0,0,1,5
1998,1,1998-03-28,Waverley Park,St Kilda,Geelong,Geelong,Martin McKinnon,8,2,4,1,0,0,1
1998,1,1998-03-28,Waverley Park,St Kilda,Geelong,Geelong,Darren Milburn,4,2,10,1,0,0,0
1998,1,1998-03-28,Waverley Park,St Kilda,Geelong,Geelong,Peter Riccardi,12,2,14,0,2,0,4
1998,1,1998-03-28,Waverley Park,St Kilda,Geelong,Geelong,Brenton Sanderson,15,7,8,1,1,0,2
1998,1,1998-03-28,Waverley Park,St Kilda,Geelong,Geelong,Sean Simpson,10,3,6,0,0,0,3
1998,1,1998-03-28,Waverley Park,St Kilda,Geelong,Geelong,Jason Snell,3,3,5,1,1,0,1
1998,1,1998-03-28,Waverley Park,St Kilda,Geelong,Geelong,Brett Spinks,7,4,1,4,2,0,1
1998,1,1998-03-28,Waverley Park,St Kilda,Geelong,Geelong,Barry Stoneham,11,1,3,0,0,2,1
1998,1,1998-03-28,M.C.G.,Collingwood,Hawthorn,Collingwood,Gavin Brown,3,1,1,0,0,0,0
1998,1,1998-03-28,M.C.G.,Collingwood,Hawthorn,Collingwood,Nathan Buckley,24,10,6,3,1,0,3
1998,1,1998-03-28,M.C.G.,Collingwood,Hawthorn,Collingwood,Scott Burns,6,2,6,1,0,0,1
1998,1,1998-03-28,M.C.G.,Collingwood,Hawthorn,Collingwood,Gavin Crosisca,12,5,2,0,0,0,1
1998,1,1998-03-28,M.C.G.,Collingwood,Hawthorn,Collingwood,Scott Crow,10,5,9,2,1,0,1
1998,1,1998-03-28,M.C.G.,Collingwood,Hawthorn,Collingwood,Brad Fuller,0,0,0,0,0,0,0
1998,1,1998-03-28,M.C.G.,Collingwood,Hawthorn,Collingwood,Shannon Gibson,5,3,1,0,1,0,1
1998,1,1998-03-28,M.C.G.,Collingwood,Hawthorn,Collingwood,Josh Mahoney,4,0,5,1,0,0,2
1998,1,1998-03-28,M.C.G.,Collingwood,Hawthorn,Collingwood,Alex McDonald,10,3,5,2,1,0,2
1998,1,1998-03-28,M.C.G.,Collingwood,Hawthorn,Collingwood,Damian Monkhorst,4,2,3,0,0,8,1
1998,1,1998-03-28,M.C.G.,Collingwood,Hawthorn,Collingwood,Richard Osborne,14,2,5,0,0,0,1
1998,1,1998-03-28,M.C.G.,Collingwood,Hawthorn,Collingwood,Stephen Patterson,13,4,6,1,0,0,2
1998,1,1998-03-28,M.C.G.,Collingwood,Hawthorn,Collingwood,Simon Prestigiacomo,4,1,4,0,0,1,0
1998,1,1998-03-28,M.C.G.,Collingwood,Hawthorn,Collingwood,Frankie Raso,0,0,0,0,0,0,0
1998,1,1998-03-28,M.C.G.,Collingwood,Hawthorn,Collingwood,Mark Richardson,3,2,2,0,0,2,1
1998,1,1998-03-28,M.C.G.,Collingwood,Hawthorn,Collingwood,Anthony Rocca,9,4,3,2,0,8,1
1998,1,1998-03-28,M.C.G.,Collingwood,Hawthorn,Collingwood,Saverio Rocca,12,8,4,4,5,1,1
1998,1,1998-03-28,M.C.G.,Collingwood,Hawthorn,Collingwood,Scott Russell,9,3,3,0,1,0,1
1998,1,1998-03-28,M.C.G.,Collingwood,Hawthorn,Collingwood,Andrew Schauble,11,4,2,0,0,0,0
1998,1,1998-03-28,M.C.G.,Collingwood,Hawthorn,Collingwood,Shane Watson,6,1,5,0,1,0,0
1998,1,1998-03-28,M.C.G.,Collingwood,Hawthorn,Collingwood,Paul Williams,9,1,3,2,1,0,2
1998,1,1998-03-28,M.C.G.,Collingwood,Hawthorn,Collingwood,Graham Wright,11,5,10,0,0,0,3
1998,1,1998-03-28,M.C.G.,Collingwood,Hawthorn,Hawthorn,John Barker,6,3,3,1,2,0,2
1998,1,1998-03-28,M.C.G.,Collingwood,Hawthorn,Hawthorn,Nathan Chapman,10,1,6,0,0,0,0
1998,1,1998-03-28,M.C.G.,Collingwood,Hawthorn,Hawthorn,Daniel Chick,8,2,7,0,1,0,3
1998,1,1998-03-28,M.C.G.,Collingwood,Hawthorn,Hawthorn,Justin Crawford,8,2,4,0,1,0,2
1998,1,1998-03-28,M.C.G.,Collingwood,Hawthorn,Hawthorn,Shane Crawford,10,3,11,2,0,0,1
1998,1,1998-03-28,M.C.G.,Collingwood,Hawthorn,Hawthorn,Trent Croad,9,4,0,0,1,0,1
1998,1,1998-03-28,M.C.G.,Collingwood,Hawthorn,Hawthorn,Jason Dunstall,6,4,0,4,1,0,0
1998,1,1998-03-28,M.C.G.,Collingwood,Hawthorn,Hawthorn,Mark Graham,10,3,2,0,0,1,3
1998,1,1998-03-28,M.C.G.,Collingwood,Hawthorn,Hawthorn,Jon Hassall,6,1,2,0,1,0,0
1998,1,1998-03-28,M.C.G.,Collingwood,Hawthorn,Hawthorn,Jonathan Hay,5,3,3,0,0,0,1
1998,1,1998-03-28,M.C.G.,Collingwood,Hawthorn,Hawthorn,Nick Holland,7,3,6,2,0,2,1
1998,1,1998-03-28,M.C.G.,Collingwood,Hawthorn,Hawthorn,Darren Kappler,6,0,1,0,0,0,2
1998,1,1998-03-28,M.C.G.,Collingwood,Hawthorn,Hawthorn,Brendan Krummel,4,2,11,1,0,1,0
1998,1,1998-03-28,M.C.G.,Collingwood,Hawthorn,Hawthorn,Stephen Lawrence,2,0,3,0,0,13,2
1998,1,1998-03-28,M.C.G.,Collingwood,Hawthorn,Hawthorn,Angelo Lekkas,13,3,5,0,1,0,4
1998,1,1998-03-28,M.C.G.,Collingwood,Hawthorn,Hawthorn,Aaron Lord,16,4,7,0,1,0,1
1998,1,1998-03-28,M.C.G.,Collingwood,Hawthorn,Hawthorn,Luke McCabe,10,3,4,0,0,0,2
1998,1,1998-03-28,M.C.G.,Collingwood,Hawthorn,Hawthorn,Paul Salmon,12,5,5,0,0,25,0
1998,1,1998-03-28,M.C.G.,Collingwood,Hawthorn,Hawthorn,Rayden Tallis,8,2,1,0,0,0,2
1998,1,1998-03-28,M.C.G.,Collingwood,Hawthorn,Hawthorn,Richard Taylor,16,5,6,2,0,0,7
1998,1,1998-03-28,M.C.G.,Collingwood,Hawthorn,Hawthorn,Craig Treleven,4,2,4,0,0,0,0
1998,1,1998-03-28,M.C.G.,Collingwood,Hawthorn,Hawthorn,Tony Woods,5,0,3,0,0,0,3
1998,1,1998-03-28,Gabba,Brisbane Lions,Western Bulldogs,Brisbane Lions,Jason Akermanis,12,1,1,0,1,0,3
1998,1,1998-03-28,Gabba,Brisbane Lions,Western Bulldogs,Brisbane Lions,Marcus Ashcroft,13,3,7,0,1,0,2
1998,1,1998-03-28,Gabba,Brisbane Lions,Western Bulldogs,Brisbane Lions,Scott Bamford,7,0,3,0,0,0,0
1998,1,1998-03-28,Gabba,Brisbane Lions,Western Bulldogs,Brisbane Lions,Trent Bartlett,3,1,2,1,0,0,0
1998,1,1998-03-28,Gabba,Brisbane Lions,Western Bulldogs,Brisbane Lions,Andrew Bews,9,1,3,0,0,0,0
1998,1,1998-03-28,Gabba,Brisbane Lions,Western Bulldogs,Brisbane Lions,Simon Black,7,3,1,0,0,0,2
1998,1,1998-03-28,Gabba,Brisbane Lions,Western Bulldogs,Brisbane Lions,Daniel Bradshaw,6,5,2,1,0,0,1
1998,1,1998-03-28,Gabba,Brisbane Lions,Western Bulldogs,Brisbane Lions,Matthew Clarke,5,3,6,0,0,43,1
1998,1,1998-03-28,Gabba,Brisbane Lions,Western Bulldogs,Brisbane Lions,Danny Dickfos,2,1,3,0,0,0,1
1998,1,1998-03-28,Gabba,Brisbane Lions,Western Bulldogs,Brisbane Lions,Shaun Hart,10,2,2,0,0,0,2
1998,1,1998-03-28,Gabba,Brisbane Lions,Western Bulldogs,Brisbane Lions,Chris Johnson,5,1,5,1,0,0,2
1998,1,1998-03-28,Gabba,Brisbane Lions,Western Bulldogs,Brisbane Lions,Matthew Kennedy,6,0,2,0,0,1,1
1998,1,1998-03-28,Gabba,Brisbane Lions,Western Bulldogs,Brisbane Lions,Nigel Lappin,13,6,7,0,2,0,2
1998,1,1998-03-28,Gabba,Brisbane Lions,Western Bulldogs,Brisbane Lions,Steven Lawrence,3,1,1,1,1,0,3
1998,1,1998-03-28,Gabba,Brisbane Lions,Western Bulldogs,Brisbane Lions,Justin Leppitsch,5,3,4,3,0,0,0
1998,1,1998-03-28,Gabba,Brisbane Lions,Western Bulldogs,Brisbane Lions,Alastair Lynch,8,4,6,2,1,2,1
1998,1,1998-03-28,Gabba,Brisbane Lions,Western Bulldogs,Brisbane Lions,Tristan Lynch,11,4,4,0,0,0,0
1998,1,1998-03-28,Gabba,Brisbane Lions,Western Bulldogs,Brisbane Lions,Craig McRae,2,0,0,0,0,0,0
1998,1,1998-03-28,Gabba,Brisbane Lions,Western Bulldogs,Brisbane Lions,Brad Scott,5,2,3,0,0,0,0
1998,1,1998-03-28,Gabba,Brisbane Lions,Western Bulldogs,Brisbane Lions,Nick Trask,5,0,4,0,1,0,2
1998,1,1998-03-28,Gabba,Brisbane Lions,Western Bulldogs,Brisbane Lions,Michael Voss,12,1,11,1,2,0,0
1998,1,1998-03-28,Gabba,Brisbane Lions,Western Bulldogs,Brisbane Lions,Darryl White,11,6,5,0,0,0,1
1998,1,1998-03-28,Gabba,Brisbane Lions,Western Bulldogs,Western Bulldogs,Leon Cameron,13,1,3,1,0,0,1
1998,1,1998-03-28,Gabba,Brisbane Lions,Western Bulldogs,Western Bulldogs,Matthew Croft,8,2,2,0,0,0,0
1998,1,1998-03-28,Gabba,Brisbane Lions,Western Bulldogs,Western Bulldogs,Todd Curley,7,2,5,0,0,0,0
1998,1,1998-03-28,Gabba,Brisbane Lions,Western Bulldogs,Western Bulldogs,Luke Darcy,12,4,1,0,1,14,1
1998,1,1998-03-28,Gabba,Brisbane Lions,Western Bulldogs,Western Bulldogs,Matthew Dent,9,2,5,1,1,0,3
1998,1,1998-03-28,Gabba,Brisbane Lions,Western Bulldogs,Western Bulldogs,Paul Dimattina,11,3,0,0,1,0,2
1998,1,1998-03-28,Gabba,Brisbane Lions,Western Bulldogs,Western Bulldogs,Paul Dooley,1,2,1,1,0,2,0
1998,1,1998-03-28,Gabba,Brisbane Lions,Western Bulldogs,Western Bulldogs,Simon Garlick,4,0,4,0,0,0,0
1998,1,1998-03-28,Gabba,Brisbane Lions,Western Bulldogs,Western Bulldogs,Chris Grant,17,8,6,0,2,0,2
1998,1,1998-03-28,Gabba,Brisbane Lions,Western Bulldogs,Western Bulldogs,Paul Hudson,15,9,6,3,3,0,1
1998,1,1998-03-28,Gabba,Brisbane Lions,Western Bulldogs,Western Bulldogs,Brad Johnson,12,4,6,0,0,0,0
1998,1,1998-03-28,Gabba,Brisbane Lions,Western Bulldogs,Western Bulldogs,Steven Kolyniuk,11,4,3,3,1,0,0
1998,1,1998-03-28,Gabba,Brisbane Lions,Western Bulldogs,Western Bulldogs,Steven Kretiuk,5,3,9,0,0,0,2
1998,1,1998-03-28,Gabba,Brisbane Lions,Western Bulldogs,Western Bulldogs,Tony Liberatore,6,3,4,0,1,0,1
1998,1,1998-03-28,Gabba,Brisbane Lions,Western Bulldogs,Western Bulldogs,Michael Martin,6,1,6,2,0,0,1
1998,1,1998-03-28,Gabba,Brisbane Lions,Western Bulldogs,Western Bulldogs,Simon Minton-Connell,3,4,5,2,1,0,1
1998,1,1998-03-28,Gabba,Brisbane Lions,Western Bulldogs,Western Bulldogs,Brett Montgomery,5,4,2,0,0,0,1
1998,1,1998-03-28,Gabba,Brisbane Lions,Western Bulldogs,Western Bulldogs,Jose Romero,8,1,7,0,0,0,2
1998,1,1998-03-28,Gabba,Brisbane Lions,Western Bulldogs,Western Bulldogs,Rohan Smith,11,5,5,0,0,0,1
1998,1,1998-03-28,Gabba,Brisbane Lions,Western Bulldogs,Western Bulldogs,Daniel Southern,7,4,2,3,1,0,0
1998,1,1998-03-28,Gabba,Brisbane Lions,Western Bulldogs,Western Bulldogs,Scott West,17,1,16,1,0,0,2
1998,1,1998-03-28,Gabba,Brisbane Lions,Western Bulldogs,Western Bulldogs,Brad Wira,8,2,4,0,0,0,1
1998,1,1998-03-29,Football Park,Port Adelaide,Sydney,Port Adelaide,Matthew Bode,3,2,3,1,0,0,0
1998,1,1998-03-29,Football Park,Port Adelaide,Sydney,Port Adelaide,Shane Bond,18,4,2,0,0,0,3
1998,1,1998-03-29,Football Park,Port Adelaide,Sydney,Port Adelaide,Peter Burgoyne,8,1,4,4,0,0,2
1998,1,1998-03-29,Football Park,Port Adelaide,Sydney,Port Adelaide,Scott Cummings,5,2,3,2,3,0,0
1998,1,1998-03-29,Football Park,Port Adelaide,Sydney,Port Adelaide,Stephen Daniels,8,1,2,0,0,0,1
1998,1,1998-03-29,Football Park,Port Adelaide,Sydney,Port Adelaide,Stuart Dew,6,5,1,0,0,0,1
1998,1,1998-03-29,Football Park,Port Adelaide,Sydney,Port Adelaide,Donald Dickie,1,1,6,0,0,0,3
1998,1,1998-03-29,Football Park,Port Adelaide,Sydney,Port Adelaide,Nathan Eagleton,17,4,5,4,1,0,0
1998,1,1998-03-29,Football Park,Port Adelaide,Sydney,Port Adelaide,Nigel Fiegert,0,0,0,0,0,0,0
1998,1,1998-03-29,Football Park,Port Adelaide,Sydney,Port Adelaide,Josh Francou,11,2,6,1,1,0,1
1998,1,1998-03-29,Football Park,Port Adelaide,Sydney,Port Adelaide,Adam Heuskes,12,3,8,0,0,0,0
1998,1,1998-03-29,Football Park,Port Adelaide,Sydney,Port Adelaide,Adam Kingsley,9,6,6,0,0,0,2
1998,1,1998-03-29,Football Park,Port Adelaide,Sydney,Port Adelaide,Brendon Lade,5,1,1,1,1,4,1
1998,1,1998-03-29,Football Park,Port Adelaide,Sydney,Port Adelaide,Brayden Lyle,13,4,5,0,1,0,1
1998,1,1998-03-29,Football Park,Port Adelaide,Sydney,Port Adelaide,Darren Mead,7,3,5,1,0,1,0
1998,1,1998-03-29,Football Park,Port Adelaide,Sydney,Port Adelaide,Danny Morton,9,1,4,0,0,0,4
1998,1,1998-03-29,Football Park,Port Adelaide,Sydney,Port Adelaide,Chris Naish,11,5,6,2,1,0,2
1998,1,1998-03-29,Football Park,Port Adelaide,Sydney,Port Adelaide,Stephen Paxman,8,7,5,0,1,0,1
1998,1,1998-03-29,Football Park,Port Adelaide,Sydney,Port Adelaide,Darryl Poole,5,3,14,1,0,6,0
1998,1,1998-03-29,Football Park,Port Adelaide,Sydney,Port Adelaide,Matthew Primus,1,1,7,0,0,7,1
1998,1,1998-03-29,Football Park,Port Adelaide,Sydney,Port Adelaide,Warren Tredrea,0,0,0,0,0,0,0
1998,1,1998-03-29,Football Park,Port Adelaide,Sydney,Port Adelaide,Michael Wilson,15,2,8,0,1,0,2
1998,1,1998-03-29,Football Park,Port Adelaide,Sydney,Sydney,Robert AhMat,2,0,7,1,0,0,0
1998,1,1998-03-29,Football Park,Port Adelaide,Sydney,Sydney,Leo Barry,4,2,4,0,0,0,1
1998,1,1998-03-29,Football Park,Port Adelaide,Sydney,Sydney,Stefan Carey,9,4,2,0,0,2,1
1998,1,1998-03-29,Football Park,Port Adelaide,Sydney,Sydney,Troy Cook,4,0,4,0,0,0,0
1998,1,1998-03-29,Football Park,Port Adelaide,Sydney,Sydney,Daryn Cresswell,8,5,10,2,0,0,1
1998,1,1998-03-29,Football Park,Port Adelaide,Sydney,Sydney,Peter Filandia,12,2,8,5,0,0,0
1998,1,1998-03-29,Football Park,Port Adelaide,Sydney,Sydney,Paul Kelly,17,3,9,2,0,0,3
1998,1,1998-03-29,Football Park,Port Adelaide,Sydney,Sydney,Dale Lewis,8,2,5,0,1,0,0
1998,1,1998-03-29,Football Park,Port Adelaide,Sydney,Sydney,Tony Lockett,5,5,4,4,0,0,0
1998,1,1998-03-29,Football Park,Port Adelaide,Sydney,Sydney,Troy Luff,5,2,2,0,0,0,3
1998,1,1998-03-29,Football Park,Port Adelaide,Sydney,Sydney,Stuart Maxfield,15,3,1,2,0,0,2
1998,1,1998-03-29,Football Park,Port Adelaide,Sydney,Sydney,Daniel McPherson,9,1,5,0,0,1,1
1998,1,1998-03-29,Football Park,Port Adelaide,Sydney,Sydney,Jason Mooney,9,5,6,1,0,0,1
1998,1,1998-03-29,Football Park,Port Adelaide,Sydney,Sydney,Matthew Nicks,6,1,2,0,0,1,1
1998,1,1998-03-29,Football Park,Port Adelaide,Sydney,Sydney,Craig OBrien,3,2,2,0,1,0,0
1998,1,1998-03-29,Football Park,Port Adelaide,Sydney,Sydney,Michael OLoughlin,9,5,11,3,1,0,0
1998,1,1998-03-29,Football Park,Port Adelaide,Sydney,Sydney,Mark Orchard,6,1,6,0,0,0,3
1998,1,1998-03-29,Football Park,Port Adelaide,Sydney,Sydney,Paul Roos,11,6,7,0,0,2,3
1998,1,1998-03-29,Football Park,Port Adelaide,Sydney,Sydney,Jason Saddington,10,5,5,0,0,0,2
1998,1,1998-03-29,Football Park,Port Adelaide,Sydney,Sydney,Greg Stafford,8,5,5,0,0,7,2
1998,1,1998-03-29,Football Park,Port Adelaide,Sydney,Sydney,John Stevens,13,4,3,0,0,0,1
1998,1,1998-03-29,Football Park,Port Adelaide,Sydney,Sydney,Rowan Warfe,7,3,8,0,0,2,1
1998,1,1998-03-29,M.C.G.,Richmond,Essendon,Richmond,Ashley Blurton,10,4,7,0,1,0,0
1998,1,1998-03-29,M.C.G.,Richmond,Essendon,Richmond,Paul Broderick,9,2,13,2,0,0,3
1998,1,1998-03-29,M.C.G.,Richmond,Essendon,Richmond,Paul Bulluss,6,8,5,0,0,0,0
1998,1,1998-03-29,M.C.G.,Richmond,Essendon,Richmond,Wayne Campbell,19,5,9,1,0,0,2
1998,1,1998-03-29,M.C.G.,Richmond,Essendon,Richmond,Mark Chaffey,3,2,1,0,0,0,0
1998,1,1998-03-29,M.C.G.,Richmond,Essendon,Richmond,Nick Daffy,20,4,1,1,2,0,2
1998,1,1998-03-29,M.C.G.,Richmond,Essendon,Richmond,Brendon Gale,11,6,6,2,0,25,1
1998,1,1998-03-29,M.C.G.,Richmond,Essendon,Richmond,Michael Gale,11,2,7,1,0,0,1
1998,1,1998-03-29,M.C.G.,Richmond,Essendon,Richmond,Darren Gaspar,11,4,17,0,0,0,0
1998,1,1998-03-29,M.C.G.,Richmond,Essendon,Richmond,Ben Harrison,14,8,5,1,3,0,2
1998,1,1998-03-29,M.C.G.,Richmond,Essendon,Richmond,Ben Holland,7,4,2,1,4,1,1
1998,1,1998-03-29,M.C.G.,Richmond,Essendon,Richmond,Duncan Kellaway,6,2,12,0,0,0,4
1998,1,1998-03-29,M.C.G.,Richmond,Essendon,Richmond,Matthew Knights,25,6,9,1,0,0,7
1998,1,1998-03-29,M.C.G.,Richmond,Essendon,Richmond,Matthew Manfield,2,0,0,0,0,0,0
1998,1,1998-03-29,M.C.G.,Richmond,Essendon,Richmond,Mark Merenda,4,1,2,0,1,0,1
1998,1,1998-03-29,M.C.G.,Richmond,Essendon,Richmond,Ben Moore,6,2,0,1,0,0,0
1998,1,1998-03-29,M.C.G.,Richmond,Essendon,Richmond,Brad Ottens,2,2,3,0,0,6,0
1998,1,1998-03-29,M.C.G.,Richmond,Essendon,Richmond,Robert Powell,17,4,4,1,0,0,2
1998,1,1998-03-29,M.C.G.,Richmond,Essendon,Richmond,Ashley Prescott,7,7,5,0,0,0,0
1998,1,1998-03-29,M.C.G.,Richmond,Essendon,Richmond,Matthew Rogers,13,6,3,2,2,0,2
1998,1,1998-03-29,M.C.G.,Richmond,Essendon,Richmond,Damien Ryan,5,2,2,0,0,0,1
1998,1,1998-03-29,M.C.G.,Richmond,Essendon,Richmond,Jason Torney,2,1,3,0,0,0,2
1998,1,1998-03-29,M.C.G.,Richmond,Essendon,Essendon,Paul Barnard,9,6,4,0,1,0,0
1998,1,1998-03-29,M.C.G.,Richmond,Essendon,Essendon,Darren Bewick,7,2,0,4,1,0,1
1998,1,1998-03-29,M.C.G.,Richmond,Essendon,Essendon,Mark Bolton,2,2,2,0,0,0,1
1998,1,1998-03-29,M.C.G.,Richmond,Essendon,Essendon,David Calthorpe,5,2,3,0,0,0,0
1998,1,1998-03-29,M.C.G.,Richmond,Essendon,Essendon,Che Cockatoo-Collins,9,5,5,0,0,0,2
1998,1,1998-03-29,M.C.G.,Richmond,Essendon,Essendon,Sean Denham,11,4,9,0,0,0,0
1998,1,1998-03-29,M.C.G.,Richmond,Essendon,Essendon,Dustin Fletcher,6,1,2,0,0,0,1
1998,1,1998-03-29,M.C.G.,Richmond,Essendon,Essendon,Mark Fraser,12,2,7,0,1,0,2
1998,1,1998-03-29,M.C.G.,Richmond,Essendon,Essendon,Damien Hardwick,12,6,4,0,0,0,0
1998,1,1998-03-29,M.C.G.,Richmond,Essendon,Essendon,Chris Heffernan,5,0,5,0,0,0,1
1998,1,1998-03-29,M.C.G.,Richmond,Essendon,Essendon,James Hird,15,7,4,2,0,0,3
1998,1,1998-03-29,M.C.G.,Richmond,Essendon,Essendon,Matthew Lloyd,8,5,2,4,1,0,0
1998,1,1998-03-29,M.C.G.,Richmond,Essendon,Essendon,Scott Lucas,7,3,2,1,1,0,1
1998,1,1998-03-29,M.C.G.,Richmond,Essendon,Essendon,Mark Mercuri,7,5,7,0,0,0,3
1998,1,1998-03-29,M.C.G.,Richmond,Essendon,Essendon,Gary Moorcroft,5,1,3,0,0,0,1
1998,1,1998-03-29,M.C.G.,Richmond,Essendon,Essendon,Ryan OConnor,3,0,2,1,1,1,4
1998,1,1998-03-29,M.C.G.,Richmond,Essendon,Essendon,Gary ODonnell,18,3,6,1,2,0,5
1998,1,1998-03-29,M.C.G.,Richmond,Essendon,Essendon,Ricky Olarenshaw,8,4,8,0,0,0,0
1998,1,1998-03-29,M.C.G.,Richmond,Essendon,Essendon,Michael Prior,4,1,2,0,0,0,0
1998,1,1998-03-29,M.C.G.,Richmond,Essendon,Essendon,Peter Somerville,12,7,3,0,0,27,1
1998,1,1998-03-29,M.C.G.,Richmond,Essendon,Essendon,Michael Symons,11,5,9,0,0,0,5
1998,1,1998-03-29,M.C.G.,Richmond,Essendon,Essendon,Sean Wellman,8,4,3,0,2,0,0
1998,1,1998-03-29,Subiaco,Fremantle,Melbourne,Fremantle,Daniel Bandy,10,3,7,2,0,10,0
1998,1,1998-03-29,Subiaco,Fremantle,Melbourne,Fremantle,Chris Bond,8,3,3,0,0,0,0
1998,1,1998-03-29,Subiaco,Fremantle,Melbourne,Fremantle,Craig Callaghan,13,3,6,1,1,0,3
1998,1,1998-03-29,Subiaco,Fremantle,Melbourne,Fremantle,Trent Carroll,2,1,2,0,0,0,0
1998,1,1998-03-29,Subiaco,Fremantle,Melbourne,Fremantle,Scott Chisholm,13,0,4,0,0,0,1
1998,1,1998-03-29,Subiaco,Fremantle,Melbourne,Fremantle,James Clement,1,1,1,0,0,0,0
1998,1,1998-03-29,Subiaco,Fremantle,Melbourne,Fremantle,Matthew Clucas,3,0,1,0,0,0,1
1998,1,1998-03-29,Subiaco,Fremantle,Melbourne,Fremantle,Brad Dodd,7,5,6,0,0,0,0
1998,1,1998-03-29,Subiaco,Fremantle,Melbourne,Fremantle,Adrian Fletcher,13,5,8,0,0,0,2
1998,1,1998-03-29,Subiaco,Fremantle,Melbourne,Fremantle,Mark Gale,8,2,6,0,0,0,1
1998,1,1998-03-29,Subiaco,Fremantle,Melbourne,Fremantle,Greg Harding,7,6,3,0,0,0,1
1998,1,1998-03-29,Subiaco,Fremantle,Melbourne,Fremantle,Kingsley Hunter,4,3,4,1,1,0,0
1998,1,1998-03-29,Subiaco,Fremantle,Melbourne,Fremantle,Dale Kickett,14,9,8,0,0,0,0
1998,1,1998-03-29,Subiaco,Fremantle,Melbourne,Fremantle,Shaun McManus,11,4,2,1,0,0,0
1998,1,1998-03-29,Subiaco,Fremantle,Melbourne,Fremantle,Clem Michael,3,1,1,0,0,1,0
1998,1,1998-03-29,Subiaco,Fremantle,Melbourne,Fremantle,Jason Norrish,10,3,16,0,0,0,2
1998,1,1998-03-29,Subiaco,Fremantle,Melbourne,Fremantle,Daniel Parker,4,3,3,0,1,2,0
1998,1,1998-03-29,Subiaco,Fremantle,Melbourne,Fremantle,Shane Parker,7,6,5,0,0,0,1
1998,1,1998-03-29,Subiaco,Fremantle,Melbourne,Fremantle,Jess Sinclair,8,2,0,1,0,0,1
1998,1,1998-03-29,Subiaco,Fremantle,Melbourne,Fremantle,Luke Toia,7,1,2,1,0,0,1
1998,1,1998-03-29,Subiaco,Fremantle,Melbourne,Fremantle,Clive Waterhouse,10,4,4,5,2,0,0
1998,1,1998-03-29,Subiaco,Fremantle,Melbourne,Fremantle,Andrew Wills,7,2,4,1,0,0,1
1998,1,1998-03-29,Subiaco,Fremantle,Melbourne,Melbourne,Jeff Farmer,2,0,0,0,1,0,0
1998,1,1998-03-29,Subiaco,Fremantle,Melbourne,Melbourne,Steven Febey,9,1,10,0,0,0,1
1998,1,1998-03-29,Subiaco,Fremantle,Melbourne,Melbourne,Brent Grgic,7,3,2,0,0,0,0
1998,1,1998-03-29,Subiaco,Fremantle,Melbourne,Melbourne,Paul Hopgood,11,2,3,0,0,0,0
1998,1,1998-03-29,Subiaco,Fremantle,Melbourne,Melbourne,Anthony Ingerson,5,4,6,0,0,0,1
1998,1,1998-03-29,Subiaco,Fremantle,Melbourne,Melbourne,Travis Johnstone,5,2,1,1,0,0,0
1998,1,1998-03-29,Subiaco,Fremantle,Melbourne,Melbourne,Darren Kowal,2,1,0,0,0,0,2
1998,1,1998-03-29,Subiaco,Fremantle,Melbourne,Melbourne,Hayden Lamaro,0,0,1,0,0,0,0
1998,1,1998-03-29,Subiaco,Fremantle,Melbourne,Melbourne,Anthony McDonald,7,1,2,1,0,0,1
1998,1,1998-03-29,Subiaco,Fremantle,Melbourne,Melbourne,James McDonald,5,2,2,0,1,0,0
1998,1,1998-03-29,Subiaco,Fremantle,Melbourne,Melbourne,David Neitz,10,5,0,2,2,0,1
1998,1,1998-03-29,Subiaco,Fremantle,Melbourne,Melbourne,Guy Rigoni,14,3,9,0,1,0,0
1998,1,1998-03-29,Subiaco,Fremantle,Melbourne,Melbourne,David Schwarz,13,8,4,1,3,3,2
1998,1,1998-03-29,Subiaco,Fremantle,Melbourne,Melbourne,Marcus Seecamp,7,2,3,0,0,0,0
1998,1,1998-03-29,Subiaco,Fremantle,Melbourne,Melbourne,Jamie Shanahan,9,4,6,0,0,0,0
1998,1,1998-03-29,Subiaco,Fremantle,Melbourne,Melbourne,Shaun Smith,10,8,3,2,2,0,1
1998,1,1998-03-29,Subiaco,Fremantle,Melbourne,Melbourne,Craig Smoker,3,1,0,0,0,0,0
1998,1,1998-03-29,Subiaco,Fremantle,Melbourne,Melbourne,Jim Stynes,10,1,4,1,0,7,0
1998,1,1998-03-29,Subiaco,Fremantle,Melbourne,Melbourne,Todd Viney,13,4,10,0,1,0,0
1998,1,1998-03-29,Subiaco,Fremantle,Melbourne,Melbourne,Jeff White,2,2,6,0,0,12,0
1998,1,1998-03-29,Subiaco,Fremantle,Melbourne,Melbourne,Shane Woewodin,9,4,6,0,0,0,0
1998,1,1998-03-29,Subiaco,Fremantle,Melbourne,Melbourne,Adem Yze,10,3,3,0,1,0,0
1998,2,1998-04-03,Subiaco,West Coast,Collingwood,West Coast,Jason Ball,11,9,2,4,2,3,1
1998,2,1998-04-03,Subiaco,West Coast,Collingwood,West Coast,Drew Banfield,5,1,5,1,0,0,1
1998,2,1998-04-03,Subiaco,West Coast,Collingwood,West Coast,Michael Braun,13,5,6,2,0,0,2
1998,2,1998-04-03,Subiaco,West Coast,Collingwood,West Coast,Ben Cousins,6,2,2,1,0,0,0
1998,2,1998-04-03,Subiaco,West Coast,Collingwood,West Coast,Andrew Donnelly,5,2,5,0,0,0,1
1998,2,1998-04-03,Subiaco,West Coast,Collingwood,West Coast,Michael Gardiner,7,6,5,2,1,13,0
1998,2,1998-04-03,Subiaco,West Coast,Collingwood,West Coast,Fraser Gehrig,15,12,6,1,1,1,0
1998,2,1998-04-03,Subiaco,West Coast,Collingwood,West Coast,Brett Heady,3,1,0,0,0,0,1
1998,2,1998-04-03,Subiaco,West Coast,Collingwood,West Coast,Glen Jakovich,20,6,7,0,1,0,0
1998,2,1998-04-03,Subiaco,West Coast,Collingwood,West Coast,Dean Kemp,7,2,10,1,0,0,0
1998,2,1998-04-03,Subiaco,West Coast,Collingwood,West Coast,Chris Lewis,9,1,3,0,1,0,1
1998,2,1998-04-03,Subiaco,West Coast,Collingwood,West Coast,Peter Matera,19,4,6,2,2,0,3
1998,2,1998-04-03,Subiaco,West Coast,Collingwood,West Coast,Phillip Matera,5,1,8,0,2,0,1
1998,2,1998-04-03,Subiaco,West Coast,Collingwood,West Coast,Ashley McIntosh,14,5,4,0,0,1,2
1998,2,1998-04-03,Subiaco,West Coast,Collingwood,West Coast,Guy McKenna,19,7,11,0,0,0,2
1998,2,1998-04-03,Subiaco,West Coast,Collingwood,West Coast,Chad Morrison,4,1,2,0,0,0,2
1998,2,1998-04-03,Subiaco,West Coast,Collingwood,West Coast,Jarrad Schofield,17,6,4,2,1,0,0
1998,2,1998-04-03,Subiaco,West Coast,Collingwood,West Coast,Nicholas Stone,5,3,2,0,0,0,0
1998,2,1998-04-03,Subiaco,West Coast,Collingwood,West Coast,Ryan Turnbull,4,3,4,0,0,7,0
1998,2,1998-04-03,Subiaco,West Coast,Collingwood,West Coast,Chris Waterman,5,5,12,1,0,0,0
1998,2,1998-04-03,Subiaco,West Coast,Collingwood,West Coast,Josh Wooden,9,3,4,0,0,0,2
1998,2,1998-04-03,Subiaco,West Coast,Collingwood,West Coast,John Worsfold,3,2,7,0,0,0,3
1998,2,1998-04-03,Subiaco,West Coast,Collingwood,Collingwood,Gavin Brown,6,5,4,1,0,0,0
1998,2,1998-04-03,Subiaco,West Coast,Collingwood,Collingwood,Nathan Buckley,24,7,2,0,0,0,1
1998,2,1998-04-03,Subiaco,West Coast,Collingwood,Collingwood,Gavin Crosisca,10,3,3,1,0,2,1
1998,2,1998-04-03,Subiaco,West Coast,Collingwood,Collingwood,Scott Crow,3,1,6,0,0,0,0
1998,2,1998-04-03,Subiaco,West Coast,Collingwood,Collingwood,Matthew Francis,5,4,5,0,0,3,1
1998,2,1998-04-03,Subiaco,West Coast,Collingwood,Collingwood,Shannon Gibson,2,0,3,0,0,0,0
1998,2,1998-04-03,Subiaco,West Coast,Collingwood,Collingwood,Josh Mahoney,10,1,5,0,0,0,3
1998,2,1998-04-03,Subiaco,West Coast,Collingwood,Collingwood,Alex McDonald,12,5,2,0,0,0,0
1998,2,1998-04-03,Subiaco,West Coast,Collingwood,Collingwood,Richard Osborne,14,6,1,1,3,0,0
1998,2,1998-04-03,Subiaco,West Coast,Collingwood,Collingwood,Stephen Patterson,12,5,5,0,0,0,1
1998,2,1998-04-03,Subiaco,West Coast,Collingwood,Collingwood,Simon Prestigiacomo,5,1,4,0,0,1,0
1998,2,1998-04-03,Subiaco,West Coast,Collingwood,Collingwood,Frankie Raso,2,0,2,0,0,0,0
1998,2,1998-04-03,Subiaco,West Coast,Collingwood,Collingwood,Mark Richardson,7,2,5,0,0,0,0
1998,2,1998-04-03,Subiaco,West Coast,Collingwood,Collingwood,Anthony Rocca,9,7,2,1,2,6,1
1998,2,1998-04-03,Subiaco,West Coast,Collingwood,Collingwood,Saverio Rocca,3,2,2,1,1,4,1
1998,2,1998-04-03,Subiaco,West Coast,Collingwood,Collingwood,Scott Russell,14,6,3,0,0,0,2
1998,2,1998-04-03,Subiaco,West Coast,Collingwood,Collingwood,Andrew Schauble,7,3,4,0,0,1,0
1998,2,1998-04-03,Subiaco,West Coast,Collingwood,Collingwood,Jamie Tape,5,2,0,0,0,0,1
1998,2,1998-04-03,Subiaco,West Coast,Collingwood,Collingwood,Shane Watson,12,4,2,1,1,0,0
1998,2,1998-04-03,Subiaco,West Coast,Collingwood,Collingwood,Jason Wild,11,3,4,0,1,0,1
1998,2,1998-04-03,Subiaco,West Coast,Collingwood,Collingwood,Paul Williams,9,6,5,2,0,0,1
1998,2,1998-04-03,Subiaco,West Coast,Collingwood,Collingwood,Graham Wright,9,3,2,0,0,0,1
1998,2,1998-04-04,Kardinia Park,Geelong,Richmond,Geelong,Craig Biddiscombe,7,2,4,1,0,0,0
1998,2,1998-04-04,Kardinia Park,Geelong,Richmond,Geelong,Clint Bizzell,3,2,0,0,0,2,0
1998,2,1998-04-04,Kardinia Park,Geelong,Richmond,Geelong,Ronnie Burns,7,2,3,3,2,0,0
1998,2,1998-04-04,Kardinia Park,Geelong,Richmond,Geelong,Paul Corrigan,7,2,4,0,1,0,1
1998,2,1998-04-04,Kardinia Park,Geelong,Richmond,Geelong,Tim Finocchiaro,5,1,8,0,2,0,1
1998,2,1998-04-04,Kardinia Park,Geelong,Richmond,Geelong,Ben Graham,7,2,1,0,0,3,0
1998,2,1998-04-04,Kardinia Park,Geelong,Richmond,Geelong,Derek Hall,13,9,5,3,0,0,3
1998,2,1998-04-04,Kardinia Park,Geelong,Richmond,Geelong,Garry Hocking,9,2,15,0,1,0,2
1998,2,1998-04-04,Kardinia Park,Geelong,Richmond,Geelong,Glenn Kilpatrick,10,1,9,0,0,0,1
1998,2,1998-04-04,Kardinia Park,Geelong,Richmond,Geelong,Steven King,1,1,3,0,0,3,1
1998,2,1998-04-04,Kardinia Park,Geelong,Richmond,Geelong,Daniel Lowther,12,7,2,2,1,0,1
1998,2,1998-04-04,Kardinia Park,Geelong,Richmond,Geelong,Michael Mansfield,16,4,6,2,1,0,0
1998,2,1998-04-04,Kardinia Park,Geelong,Richmond,Geelong,Tim McGrath,15,5,5,0,0,0,3
1998,2,1998-04-04,Kardinia Park,Geelong,Richmond,Geelong,Martin McKinnon,13,6,4,0,1,0,0
1998,2,1998-04-04,Kardinia Park,Geelong,Richmond,Geelong,David Mensch,15,6,7,0,0,12,1
1998,2,1998-04-04,Kardinia Park,Geelong,Richmond,Geelong,Darren Milburn,7,4,4,0,0,0,2
1998,2,1998-04-04,Kardinia Park,Geelong,Richmond,Geelong,Peter Riccardi,12,4,6,0,0,0,1
1998,2,1998-04-04,Kardinia Park,Geelong,Richmond,Geelong,Brenton Sanderson,14,6,6,0,0,0,4
1998,2,1998-04-04,Kardinia Park,Geelong,Richmond,Geelong,Sean Simpson,11,4,5,0,0,0,4
1998,2,1998-04-04,Kardinia Park,Geelong,Richmond,Geelong,Jason Snell,1,2,1,0,0,0,0
1998,2,1998-04-04,Kardinia Park,Geelong,Richmond,Geelong,Brett Spinks,8,4,2,2,4,1,1
1998,2,1998-04-04,Kardinia Park,Geelong,Richmond,Geelong,Barry Stoneham,12,5,0,1,1,6,0
1998,2,1998-04-04,Kardinia Park,Geelong,Richmond,Richmond,Ashley Blurton,5,2,4,0,0,0,2
1998,2,1998-04-04,Kardinia Park,Geelong,Richmond,Richmond,Paul Broderick,9,3,9,0,0,0,4
1998,2,1998-04-04,Kardinia Park,Geelong,Richmond,Richmond,Paul Bulluss,4,3,6,0,0,0,1
1998,2,1998-04-04,Kardinia Park,Geelong,Richmond,Richmond,Wayne Campbell,8,0,10,0,0,0,5
1998,2,1998-04-04,Kardinia Park,Geelong,Richmond,Richmond,Mark Chaffey,2,0,1,0,0,0,1
1998,2,1998-04-04,Kardinia Park,Geelong,Richmond,Richmond,Nick Daffy,16,3,4,0,1,0,2
1998,2,1998-04-04,Kardinia Park,Geelong,Richmond,Richmond,Brendon Gale,11,6,6,0,0,16,0
1998,2,1998-04-04,Kardinia Park,Geelong,Richmond,Richmond,Michael Gale,9,5,6,0,1,1,1
1998,2,1998-04-04,Kardinia Park,Geelong,Richmond,Richmond,Darren Gaspar,6,4,5,0,0,0,3
1998,2,1998-04-04,Kardinia Park,Geelong,Richmond,Richmond,Ben Harrison,4,3,1,1,1,0,0
1998,2,1998-04-04,Kardinia Park,Geelong,Richmond,Richmond,Ben Holland,9,3,0,3,0,1,1
1998,2,1998-04-04,Kardinia Park,Geelong,Richmond,Richmond,Duncan Kellaway,10,5,7,0,0,0,3
1998,2,1998-04-04,Kardinia Park,Geelong,Richmond,Richmond,Matthew Knights,16,3,11,0,0,0,2
1998,2,1998-04-04,Kardinia Park,Geelong,Richmond,Richmond,Mark Merenda,13,7,3,4,4,0,3
1998,2,1998-04-04,Kardinia Park,Geelong,Richmond,Richmond,Ben Moore,3,2,2,0,1,0,0
1998,2,1998-04-04,Kardinia Park,Geelong,Richmond,Richmond,Brad Ottens,3,6,3,1,0,4,1
1998,2,1998-04-04,Kardinia Park,Geelong,Richmond,Richmond,Robert Powell,5,1,0,1,1,0,3
1998,2,1998-04-04,Kardinia Park,Geelong,Richmond,Richmond,Ashley Prescott,11,2,5,1,0,0,2
1998,2,1998-04-04,Kardinia Park,Geelong,Richmond,Richmond,Matthew Richardson,3,3,0,0,2,0,0
1998,2,1998-04-04,Kardinia Park,Geelong,Richmond,Richmond,Matthew Rogers,5,4,2,0,0,0,1
1998,2,1998-04-04,Kardinia Park,Geelong,Richmond,Richmond,Damien Ryan,5,1,3,0,0,0,1
1998,2,1998-04-04,Kardinia Park,Geelong,Richmond,Richmond,Jason Torney,11,4,3,0,0,0,5
1998,2,1998-04-04,Waverley Park,Hawthorn,Port Adelaide,Hawthorn,John Barker,3,3,2,0,0,1,0
1998,2,1998-04-04,Waverley Park,Hawthorn,Port Adelaide,Hawthorn,Nathan Chapman,5,2,2,0,0,0,1
1998,2,1998-04-04,Waverley Park,Hawthorn,Port Adelaide,Hawthorn,Daniel Chick,12,5,4,1,1,0,3
1998,2,1998-04-04,Waverley Park,Hawthorn,Port Adelaide,Hawthorn,Shane Crawford,14,3,3,1,0,0,3
1998,2,1998-04-04,Waverley Park,Hawthorn,Port Adelaide,Hawthorn,Trent Croad,12,3,1,1,0,0,1
1998,2,1998-04-04,Waverley Park,Hawthorn,Port Adelaide,Hawthorn,Ben Dixon,8,6,2,0,1,0,1
1998,2,1998-04-04,Waverley Park,Hawthorn,Port Adelaide,Hawthorn,Mark Graham,18,12,4,1,2,5,3
1998,2,1998-04-04,Waverley Park,Hawthorn,Port Adelaide,Hawthorn,Jon Hassall,7,4,8,0,1,0,2
1998,2,1998-04-04,Waverley Park,Hawthorn,Port Adelaide,Hawthorn,Jonathan Hay,5,4,3,0,0,1,2
1998,2,1998-04-04,Waverley Park,Hawthorn,Port Adelaide,Hawthorn,Nick Holland,10,9,4,0,0,4,1
1998,2,1998-04-04,Waverley Park,Hawthorn,Port Adelaide,Hawthorn,Brendan Krummel,7,5,3,4,1,3,0
1998,2,1998-04-04,Waverley Park,Hawthorn,Port Adelaide,Hawthorn,Stephen Lawrence,0,0,2,0,0,5,2
1998,2,1998-04-04,Waverley Park,Hawthorn,Port Adelaide,Hawthorn,Angelo Lekkas,20,6,6,0,0,0,2
1998,2,1998-04-04,Waverley Park,Hawthorn,Port Adelaide,Hawthorn,Brad Lloyd,3,3,7,1,0,0,1
1998,2,1998-04-04,Waverley Park,Hawthorn,Port Adelaide,Hawthorn,Aaron Lord,18,8,3,1,1,0,2
1998,2,1998-04-04,Waverley Park,Hawthorn,Port Adelaide,Hawthorn,Luke McCabe,10,2,4,0,0,1,4
1998,2,1998-04-04,Waverley Park,Hawthorn,Port Adelaide,Hawthorn,Paul Salmon,10,9,6,0,0,14,3
1998,2,1998-04-04,Waverley Park,Hawthorn,Port Adelaide,Hawthorn,Rayden Tallis,0,0,2,0,0,0,1
1998,2,1998-04-04,Waverley Park,Hawthorn,Port Adelaide,Hawthorn,Richard Taylor,21,5,7,0,0,0,6
1998,2,1998-04-04,Waverley Park,Hawthorn,Port Adelaide,Hawthorn,Nathan Thompson,3,0,0,0,0,0,0
1998,2,1998-04-04,Waverley Park,Hawthorn,Port Adelaide,Hawthorn,Craig Treleven,20,6,8,0,0,0,2
1998,2,1998-04-04,Waverley Park,Hawthorn,Port Adelaide,Hawthorn,Tony Woods,9,1,5,0,0,0,3
1998,2,1998-04-04,Waverley Park,Hawthorn,Port Adelaide,Port Adelaide,Matthew Bode,2,1,2,1,0,0,2
1998,2,1998-04-04,Waverley Park,Hawthorn,Port Adelaide,Port Adelaide,Shane Bond,7,1,6,0,0,0,1
1998,2,1998-04-04,Waverley Park,Hawthorn,Port Adelaide,Port Adelaide,Peter Burgoyne,12,1,2,1,0,0,1
1998,2,1998-04-04,Waverley Park,Hawthorn,Port Adelaide,Port Adelaide,Scott Cummings,8,4,3,7,1,0,0
1998,2,1998-04-04,Waverley Park,Hawthorn,Port Adelaide,Port Adelaide,Stephen Daniels,1,1,3,0,0,0,1
1998,2,1998-04-04,Waverley Park,Hawthorn,Port Adelaide,Port Adelaide,Donald Dickie,11,8,7,0,0,0,0
1998,2,1998-04-04,Waverley Park,Hawthorn,Port Adelaide,Port Adelaide,Nathan Eagleton,15,3,2,1,0,0,1
1998,2,1998-04-04,Waverley Park,Hawthorn,Port Adelaide,Port Adelaide,Nigel Fiegert,5,2,1,0,0,1,0
1998,2,1998-04-04,Waverley Park,Hawthorn,Port Adelaide,Port Adelaide,Fabian Francis,13,2,8,0,0,0,1
1998,2,1998-04-04,Waverley Park,Hawthorn,Port Adelaide,Port Adelaide,Josh Francou,10,2,5,0,1,0,1
1998,2,1998-04-04,Waverley Park,Hawthorn,Port Adelaide,Port Adelaide,Adam Heuskes,11,7,4,0,0,0,1
1998,2,1998-04-04,Waverley Park,Hawthorn,Port Adelaide,Port Adelaide,Adam Kingsley,14,7,4,1,0,0,0
1998,2,1998-04-04,Waverley Park,Hawthorn,Port Adelaide,Port Adelaide,Brendon Lade,10,5,3,4,0,4,0
1998,2,1998-04-04,Waverley Park,Hawthorn,Port Adelaide,Port Adelaide,Brayden Lyle,13,4,3,0,0,0,1
1998,2,1998-04-04,Waverley Park,Hawthorn,Port Adelaide,Port Adelaide,Darren Mead,10,1,5,0,0,2,0
1998,2,1998-04-04,Waverley Park,Hawthorn,Port Adelaide,Port Adelaide,Danny Morton,6,1,1,0,1,0,3
1998,2,1998-04-04,Waverley Park,Hawthorn,Port Adelaide,Port Adelaide,Chris Naish,4,1,5,0,1,0,0
1998,2,1998-04-04,Waverley Park,Hawthorn,Port Adelaide,Port Adelaide,Stephen Paxman,6,5,2,0,0,0,0
1998,2,1998-04-04,Waverley Park,Hawthorn,Port Adelaide,Port Adelaide,Darryl Poole,2,1,8,0,0,1,0
1998,2,1998-04-04,Waverley Park,Hawthorn,Port Adelaide,Port Adelaide,Matthew Primus,6,5,11,0,0,17,3
1998,2,1998-04-04,Waverley Park,Hawthorn,Port Adelaide,Port Adelaide,Warren Tredrea,4,3,4,2,0,1,0
1998,2,1998-04-04,Waverley Park,Hawthorn,Port Adelaide,Port Adelaide,Michael Wilson,17,8,6,0,0,0,1
1998,2,1998-04-04,M.C.G.,Melbourne,North Melbourne,Melbourne,Don Cockatoo-Collins,1,0,1,1,0,0,0
1998,2,1998-04-04,M.C.G.,Melbourne,North Melbourne,Melbourne,Jeff Farmer,15,2,4,3,3,0,0
1998,2,1998-04-04,M.C.G.,Melbourne,North Melbourne,Melbourne,Steven Febey,14,2,15,1,0,0,3
1998,2,1998-04-04,M.C.G.,Melbourne,North Melbourne,Melbourne,Brent Grgic,7,5,7,1,0,0,0
1998,2,1998-04-04,M.C.G.,Melbourne,North Melbourne,Melbourne,Paul Hopgood,20,5,4,0,0,0,3
1998,2,1998-04-04,M.C.G.,Melbourne,North Melbourne,Melbourne,Anthony Ingerson,4,4,5,0,0,0,0
1998,2,1998-04-04,M.C.G.,Melbourne,North Melbourne,Melbourne,Travis Johnstone,1,1,2,0,0,0,0
1998,2,1998-04-04,M.C.G.,Melbourne,North Melbourne,Melbourne,Darren Kowal,5,1,4,0,0,0,0
1998,2,1998-04-04,M.C.G.,Melbourne,North Melbourne,Melbourne,Andrew Leoncelli,17,7,5,0,0,0,4
1998,2,1998-04-04,M.C.G.,Melbourne,North Melbourne,Melbourne,Garry Lyon,7,3,3,3,1,0,2
1998,2,1998-04-04,M.C.G.,Melbourne,North Melbourne,Melbourne,James McDonald,12,4,4,0,1,0,0
1998,2,1998-04-04,M.C.G.,Melbourne,North Melbourne,Melbourne,David Neitz,11,4,4,3,2,1,0
1998,2,1998-04-04,M.C.G.,Melbourne,North Melbourne,Melbourne,Guy Rigoni,12,3,12,1,1,0,2
1998,2,1998-04-04,M.C.G.,Melbourne,North Melbourne,Melbourne,David Schwarz,8,5,7,2,0,2,0
1998,2,1998-04-04,M.C.G.,Melbourne,North Melbourne,Melbourne,Marcus Seecamp,10,3,5,0,0,0,1
1998,2,1998-04-04,M.C.G.,Melbourne,North Melbourne,Melbourne,Jamie Shanahan,6,2,3,0,0,0,1
1998,2,1998-04-04,M.C.G.,Melbourne,North Melbourne,Melbourne,Shaun Smith,1,1,2,1,0,0,0
1998,2,1998-04-04,M.C.G.,Melbourne,North Melbourne,Melbourne,Craig Smoker,4,1,3,0,1,0,0
1998,2,1998-04-04,M.C.G.,Melbourne,North Melbourne,Melbourne,Jim Stynes,11,4,8,0,0,26,0
1998,2,1998-04-04,M.C.G.,Melbourne,North Melbourne,Melbourne,Jeff White,8,7,5,3,1,6,0
1998,2,1998-04-04,M.C.G.,Melbourne,North Melbourne,Melbourne,Shane Woewodin,14,7,5,0,0,0,1
1998,2,1998-04-04,M.C.G.,Melbourne,North Melbourne,Melbourne,Adem Yze,17,5,2,0,1,0,3
1998,2,1998-04-04,M.C.G.,Melbourne,North Melbourne,North Melbourne,Winston Abraham,10,2,4,3,0,0,2
1998,2,1998-04-04,M.C.G.,Melbourne,North Melbourne,North Melbourne,Brady Anderson,10,2,4,0,0,0,3
1998,2,1998-04-04,M.C.G.,Melbourne,North Melbourne,North Melbourne,Glenn Archer,8,3,3,0,0,1,1
1998,2,1998-04-04,M.C.G.,Melbourne,North Melbourne,North Melbourne,Peter Bell,15,3,9,1,0,0,4
1998,2,1998-04-04,M.C.G.,Melbourne,North Melbourne,North Melbourne,John Blakey,15,9,6,1,1,0,2
1998,2,1998-04-04,M.C.G.,Melbourne,North Melbourne,North Melbourne,Wayne Carey,19,9,4,3,2,0,1
1998,2,1998-04-04,M.C.G.,Melbourne,North Melbourne,North Melbourne,Brett Chandler,4,0,2,0,0,0,2
1998,2,1998-04-04,M.C.G.,Melbourne,North Melbourne,North Melbourne,Shannon Grant,12,3,4,1,1,0,4
1998,2,1998-04-04,M.C.G.,Melbourne,North Melbourne,North Melbourne,Chris Groom,2,1,1,0,0,0,0
1998,2,1998-04-04,M.C.G.,Melbourne,North Melbourne,North Melbourne,Evan Hewitt,7,5,10,2,0,14,2
1998,2,1998-04-04,M.C.G.,Melbourne,North Melbourne,North Melbourne,David King,13,1,5,1,1,0,0
1998,2,1998-04-04,M.C.G.,Melbourne,North Melbourne,North Melbourne,Mick Martyn,9,1,1,0,0,1,2
1998,2,1998-04-04,M.C.G.,Melbourne,North Melbourne,North Melbourne,Jason McCartney,7,3,2,0,1,1,1
1998,2,1998-04-04,M.C.G.,Melbourne,North Melbourne,North Melbourne,Anthony Mellington,4,3,3,1,0,8,1
1998,2,1998-04-04,M.C.G.,Melbourne,North Melbourne,North Melbourne,Byron Pickett,13,4,8,0,0,1,3
1998,2,1998-04-04,M.C.G.,Melbourne,North Melbourne,North Melbourne,Martin Pike,4,1,4,0,1,0,2
1998,2,1998-04-04,M.C.G.,Melbourne,North Melbourne,North Melbourne,Anthony Rock,2,0,5,0,0,0,0
1998,2,1998-04-04,M.C.G.,Melbourne,North Melbourne,North Melbourne,Robert Scott,6,0,3,0,0,0,1
1998,2,1998-04-04,M.C.G.,Melbourne,North Melbourne,North Melbourne,Craig Sholl,5,3,3,1,1,0,6
1998,2,1998-04-04,M.C.G.,Melbourne,North Melbourne,North Melbourne,Adam Simpson,7,4,2,0,1,0,0
1998,2,1998-04-04,M.C.G.,Melbourne,North Melbourne,North Melbourne,Anthony Stevens,18,2,3,0,0,0,2
1998,2,1998-04-04,M.C.G.,Melbourne,North Melbourne,North Melbourne,Scott Welsh,3,2,2,1,1,0,0
1998,2,1998-04-04,S.C.G.,Sydney,Brisbane Lions,Sydney,Leo Barry,8,5,7,1,0,0,1
1998,2,1998-04-04,S.C.G.,Sydney,Brisbane Lions,Sydney,Stefan Carey,5,1,4,0,0,0,0
1998,2,1998-04-04,S.C.G.,Sydney,Brisbane Lions,Sydney,Troy Cook,6,1,4,2,1,0,1
1998,2,1998-04-04,S.C.G.,Sydney,Brisbane Lions,Sydney,Daryn Cresswell,11,1,14,1,0,0,1
1998,2,1998-04-04,S.C.G.,Sydney,Brisbane Lions,Sydney,Andrew Dunkley,5,7,4,0,0,0,1
1998,2,1998-04-04,S.C.G.,Sydney,Brisbane Lions,Sydney,Peter Filandia,1,0,3,0,0,0,1
1998,2,1998-04-04,S.C.G.,Sydney,Brisbane Lions,Sydney,Paul Kelly,18,2,9,3,2,0,5
1998,2,1998-04-04,S.C.G.,Sydney,Brisbane Lions,Sydney,Tony Lockett,4,3,1,1,2,2,0
1998,2,1998-04-04,S.C.G.,Sydney,Brisbane Lions,Sydney,Troy Luff,7,3,2,0,0,0,1
1998,2,1998-04-04,S.C.G.,Sydney,Brisbane Lions,Sydney,Stuart Maxfield,7,1,5,0,0,0,3
1998,2,1998-04-04,S.C.G.,Sydney,Brisbane Lions,Sydney,Daniel McPherson,11,4,5,0,1,0,0
1998,2,1998-04-04,S.C.G.,Sydney,Brisbane Lions,Sydney,Jason Mooney,12,4,5,2,1,1,3
1998,2,1998-04-04,S.C.G.,Sydney,Brisbane Lions,Sydney,Matthew Nicks,15,7,11,1,1,1,0
1998,2,1998-04-04,S.C.G.,Sydney,Brisbane Lions,Sydney,Craig OBrien,10,4,4,3,3,0,2
1998,2,1998-04-04,S.C.G.,Sydney,Brisbane Lions,Sydney,Michael OLoughlin,4,5,5,0,2,0,1
1998,2,1998-04-04,S.C.G.,Sydney,Brisbane Lions,Sydney,Mark Orchard,3,0,4,0,0,0,2
1998,2,1998-04-04,S.C.G.,Sydney,Brisbane Lions,Sydney,Paul Roos,9,0,5,0,0,0,1
1998,2,1998-04-04,S.C.G.,Sydney,Brisbane Lions,Sydney,Jason Saddington,4,0,2,1,0,0,1
1998,2,1998-04-04,S.C.G.,Sydney,Brisbane Lions,Sydney,Wayne Schwass,22,2,4,3,0,0,3
1998,2,1998-04-04,S.C.G.,Sydney,Brisbane Lions,Sydney,Greg Stafford,6,2,5,2,0,21,0
1998,2,1998-04-04,S.C.G.,Sydney,Brisbane Lions,Sydney,John Stevens,9,2,4,0,1,0,1
1998,2,1998-04-04,S.C.G.,Sydney,Brisbane Lions,Sydney,Rowan Warfe,6,2,8,0,0,0,0
1998,2,1998-04-04,S.C.G.,Sydney,Brisbane Lions,Brisbane Lions,Jason Akermanis,7,1,6,0,0,0,0
1998,2,1998-04-04,S.C.G.,Sydney,Brisbane Lions,Brisbane Lions,Marcus Ashcroft,22,5,6,1,1,0,1
1998,2,1998-04-04,S.C.G.,Sydney,Brisbane Lions,Brisbane Lions,Trent Bartlett,2,1,0,0,0,0,0
1998,2,1998-04-04,S.C.G.,Sydney,Brisbane Lions,Brisbane Lions,Andrew Bews,10,2,8,0,0,0,1
1998,2,1998-04-04,S.C.G.,Sydney,Brisbane Lions,Brisbane Lions,Simon Black,11,5,7,0,0,0,2
1998,2,1998-04-04,S.C.G.,Sydney,Brisbane Lions,Brisbane Lions,Daniel Bradshaw,8,3,1,0,0,0,0
1998,2,1998-04-04,S.C.G.,Sydney,Brisbane Lions,Brisbane Lions,Nick Carter,2,0,4,0,0,0,1
1998,2,1998-04-04,S.C.G.,Sydney,Brisbane Lions,Brisbane Lions,Matthew Clarke,6,3,5,0,0,21,0
1998,2,1998-04-04,S.C.G.,Sydney,Brisbane Lions,Brisbane Lions,Chris Johnson,5,2,3,1,1,0,0
1998,2,1998-04-04,S.C.G.,Sydney,Brisbane Lions,Brisbane Lions,Matthew Kennedy,8,5,2,0,1,0,1
1998,2,1998-04-04,S.C.G.,Sydney,Brisbane Lions,Brisbane Lions,Nigel Lappin,11,4,2,1,1,0,1
1998,2,1998-04-04,S.C.G.,Sydney,Brisbane Lions,Brisbane Lions,Steven Lawrence,8,4,8,1,0,0,1
1998,2,1998-04-04,S.C.G.,Sydney,Brisbane Lions,Brisbane Lions,Justin Leppitsch,7,4,0,3,2,0,1
1998,2,1998-04-04,S.C.G.,Sydney,Brisbane Lions,Brisbane Lions,Alastair Lynch,9,2,3,0,0,0,1
1998,2,1998-04-04,S.C.G.,Sydney,Brisbane Lions,Brisbane Lions,Tristan Lynch,13,4,4,0,1,0,1
1998,2,1998-04-04,S.C.G.,Sydney,Brisbane Lions,Brisbane Lions,Shane OBree,15,5,6,0,0,0,0
1998,2,1998-04-04,S.C.G.,Sydney,Brisbane Lions,Brisbane Lions,Luke Power,14,3,5,3,0,0,1
1998,2,1998-04-04,S.C.G.,Sydney,Brisbane Lions,Brisbane Lions,Ben Robbins,2,2,0,0,0,0,0
1998,2,1998-04-04,S.C.G.,Sydney,Brisbane Lions,Brisbane Lions,Chris Scott,7,2,3,2,0,0,1
1998,2,1998-04-04,S.C.G.,Sydney,Brisbane Lions,Brisbane Lions,Dion Scott,6,6,3,2,1,2,0
1998,2,1998-04-04,S.C.G.,Sydney,Brisbane Lions,Brisbane Lions,Michael Voss,12,10,14,0,1,0,0
1998,2,1998-04-04,S.C.G.,Sydney,Brisbane Lions,Brisbane Lions,Darryl White,9,4,9,0,0,1,2
1998,2,1998-04-05,Football Park,Adelaide,Fremantle,Adelaide,Nathan Bassett,5,3,6,0,0,0,0
1998,2,1998-04-05,Football Park,Adelaide,Fremantle,Adelaide,Mark Bickley,22,3,8,1,1,0,2
1998,2,1998-04-05,Football Park,Adelaide,Fremantle,Adelaide,Peter Caven,7,4,5,0,0,0,1
1998,2,1998-04-05,Football Park,Adelaide,Fremantle,Adelaide,Matthew Connell,7,3,5,0,0,0,0
1998,2,1998-04-05,Football Park,Adelaide,Fremantle,Adelaide,Andrew Eccles,9,1,6,2,0,0,1
1998,2,1998-04-05,Football Park,Adelaide,Fremantle,Adelaide,Tyson Edwards,1,1,1,0,0,0,2
1998,2,1998-04-05,Football Park,Adelaide,Fremantle,Adelaide,Shane Ellen,9,5,3,3,1,0,0
1998,2,1998-04-05,Football Park,Adelaide,Fremantle,Adelaide,Simon Goodwin,5,1,2,0,0,0,2
1998,2,1998-04-05,Football Park,Adelaide,Fremantle,Adelaide,Ben Hart,12,6,2,0,0,0,2
1998,2,1998-04-05,Football Park,Adelaide,Fremantle,Adelaide,Darren Jarman,1,1,2,1,0,0,0
1998,2,1998-04-05,Football Park,Adelaide,Fremantle,Adelaide,Kym Koster,7,4,10,1,0,0,4
1998,2,1998-04-05,Football Park,Adelaide,Fremantle,Adelaide,Andrew McLeod,14,3,6,6,2,0,0
1998,2,1998-04-05,Football Park,Adelaide,Fremantle,Adelaide,Trent Ormond-Allen,6,3,1,0,0,0,1
1998,2,1998-04-05,Football Park,Adelaide,Fremantle,Adelaide,David Pittman,6,5,6,0,1,20,2
1998,2,1998-04-05,Football Park,Adelaide,Fremantle,Adelaide,Shaun Rehn,11,12,14,1,3,12,2
1998,2,1998-04-05,Football Park,Adelaide,Fremantle,Adelaide,Mark Ricciuto,19,6,8,0,2,0,1
1998,2,1998-04-05,Football Park,Adelaide,Fremantle,Adelaide,Chad Rintoul,14,6,3,1,0,0,2
1998,2,1998-04-05,Football Park,Adelaide,Fremantle,Adelaide,Matthew Robran,2,2,2,0,0,4,0
1998,2,1998-04-05,Football Park,Adelaide,Fremantle,Adelaide,Clay Sampson,14,2,4,6,2,0,1
1998,2,1998-04-05,Football Park,Adelaide,Fremantle,Adelaide,Nigel Smart,17,6,6,1,1,0,2
1998,2,1998-04-05,Football Park,Adelaide,Fremantle,Adelaide,Mark Stevens,8,1,2,2,1,0,0
1998,2,1998-04-05,Football Park,Adelaide,Fremantle,Adelaide,James Thiessen,12,4,7,0,0,0,2
1998,2,1998-04-05,Football Park,Adelaide,Fremantle,Fremantle,Stuart Anderson,9,4,4,0,1,0,1
1998,2,1998-04-05,Football Park,Adelaide,Fremantle,Fremantle,Daniel Bandy,6,4,8,2,0,8,0
1998,2,1998-04-05,Football Park,Adelaide,Fremantle,Fremantle,Chris Bond,16,4,7,2,1,0,3
1998,2,1998-04-05,Football Park,Adelaide,Fremantle,Fremantle,Matthew Burton,10,9,6,0,1,7,0
1998,2,1998-04-05,Football Park,Adelaide,Fremantle,Fremantle,Craig Callaghan,8,4,1,0,0,0,0
1998,2,1998-04-05,Football Park,Adelaide,Fremantle,Fremantle,Trent Carroll,0,0,0,0,0,0,0
1998,2,1998-04-05,Football Park,Adelaide,Fremantle,Fremantle,Scott Chisholm,10,1,10,0,0,0,0
1998,2,1998-04-05,Football Park,Adelaide,Fremantle,Fremantle,Matthew Clucas,9,1,5,0,0,0,1
1998,2,1998-04-05,Football Park,Adelaide,Fremantle,Fremantle,Brad Dodd,8,5,14,1,0,0,0
1998,2,1998-04-05,Football Park,Adelaide,Fremantle,Fremantle,Adrian Fletcher,13,4,13,0,0,0,3
1998,2,1998-04-05,Football Park,Adelaide,Fremantle,Fremantle,Mark Gale,11,1,5,0,0,0,0
1998,2,1998-04-05,Football Park,Adelaide,Fremantle,Fremantle,Greg Harding,5,2,9,0,0,0,1
1998,2,1998-04-05,Football Park,Adelaide,Fremantle,Fremantle,Kingsley Hunter,6,2,2,1,1,0,0
1998,2,1998-04-05,Football Park,Adelaide,Fremantle,Fremantle,Dale Kickett,5,2,5,0,0,0,0
1998,2,1998-04-05,Football Park,Adelaide,Fremantle,Fremantle,Shaun McManus,7,3,7,0,1,0,1
1998,2,1998-04-05,Football Park,Adelaide,Fremantle,Fremantle,Jason Norrish,6,3,8,0,0,0,3
1998,2,1998-04-05,Football Park,Adelaide,Fremantle,Fremantle,Stephen OReilly,7,6,2,0,0,0,1
1998,2,1998-04-05,Football Park,Adelaide,Fremantle,Fremantle,Daniel Parker,5,4,2,1,0,0,0
1998,2,1998-04-05,Football Park,Adelaide,Fremantle,Fremantle,Shane Parker,5,2,10,0,0,0,1
1998,2,1998-04-05,Football Park,Adelaide,Fremantle,Fremantle,Luke Toia,5,1,3,0,0,0,2
1998,2,1998-04-05,Football Park,Adelaide,Fremantle,Fremantle,Clive Waterhouse,8,2,3,2,2,0,1
1998,2,1998-04-05,Football Park,Adelaide,Fremantle,Fremantle,Andrew Wills,6,1,4,2,0,0,0
1998,2,1998-04-05,Princes Park,Western Bulldogs,Carlton,Western Bulldogs,Leon Cameron,10,7,3,0,0,0,1
1998,2,1998-04-05,Princes Park,Western Bulldogs,Carlton,Western Bulldogs,James Cook,8,10,3,6,0,0,0
1998,2,1998-04-05,Princes Park,Western Bulldogs,Carlton,Western Bulldogs,Matthew Croft,3,1,1,0,0,0,0
1998,2,1998-04-05,Princes Park,Western Bulldogs,Carlton,Western Bulldogs,Todd Curley,7,4,2,0,1,0,0
1998,2,1998-04-05,Princes Park,Western Bulldogs,Carlton,Western Bulldogs,Luke Darcy,9,7,3,2,0,11,0
1998,2,1998-04-05,Princes Park,Western Bulldogs,Carlton,Western Bulldogs,Matthew Dent,7,7,10,0,0,0,3
1998,2,1998-04-05,Princes Park,Western Bulldogs,Carlton,Western Bulldogs,Paul Dimattina,16,5,4,1,0,0,1
1998,2,1998-04-05,Princes Park,Western Bulldogs,Carlton,Western Bulldogs,Craig Ellis,12,6,6,0,0,0,0
1998,2,1998-04-05,Princes Park,Western Bulldogs,Carlton,Western Bulldogs,Simon Garlick,6,2,2,0,0,0,2
1998,2,1998-04-05,Princes Park,Western Bulldogs,Carlton,Western Bulldogs,Chris Grant,16,14,4,2,1,1,0
1998,2,1998-04-05,Princes Park,Western Bulldogs,Carlton,Western Bulldogs,Paul Hudson,10,5,6,2,1,0,0
1998,2,1998-04-05,Princes Park,Western Bulldogs,Carlton,Western Bulldogs,Brad Johnson,12,7,7,0,0,0,0
1998,2,1998-04-05,Princes Park,Western Bulldogs,Carlton,Western Bulldogs,Steven Kolyniuk,8,3,2,4,0,0,1
1998,2,1998-04-05,Princes Park,Western Bulldogs,Carlton,Western Bulldogs,Steven Kretiuk,4,2,6,0,0,0,0
1998,2,1998-04-05,Princes Park,Western Bulldogs,Carlton,Western Bulldogs,Tony Liberatore,7,3,3,0,2,0,6
1998,2,1998-04-05,Princes Park,Western Bulldogs,Carlton,Western Bulldogs,Michael Martin,8,3,0,0,0,0,0
1998,2,1998-04-05,Princes Park,Western Bulldogs,Carlton,Western Bulldogs,Jose Romero,17,4,6,1,1,0,1
1998,2,1998-04-05,Princes Park,Western Bulldogs,Carlton,Western Bulldogs,Rohan Smith,12,5,3,2,1,0,1
1998,2,1998-04-05,Princes Park,Western Bulldogs,Carlton,Western Bulldogs,Daniel Southern,5,2,1,1,1,0,1
1998,2,1998-04-05,Princes Park,Western Bulldogs,Carlton,Western Bulldogs,Scott West,22,2,4,1,0,0,0
1998,2,1998-04-05,Princes Park,Western Bulldogs,Carlton,Western Bulldogs,Brad Wira,6,4,5,0,0,0,0
1998,2,1998-04-05,Princes Park,Western Bulldogs,Carlton,Western Bulldogs,Scott Wynd,2,0,1,0,0,4,0
1998,2,1998-04-05,Princes Park,Western Bulldogs,Carlton,Carlton,Matthew Allan,7,9,3,1,0,12,0
1998,2,1998-04-05,Princes Park,Western Bulldogs,Carlton,Carlton,Craig Bradley,15,2,7,0,0,0,0
1998,2,1998-04-05,Princes Park,Western Bulldogs,Carlton,Carlton,Fraser Brown,11,5,2,0,0,0,1
1998,2,1998-04-05,Princes Park,Western Bulldogs,Carlton,Carlton,Scott Camporeale,11,3,4,0,0,0,0
1998,2,1998-04-05,Princes Park,Western Bulldogs,Carlton,Carlton,Matt Clape,6,1,2,0,0,0,2
1998,2,1998-04-05,Princes Park,Western Bulldogs,Carlton,Carlton,Ron De Iulio,17,4,1,1,0,0,2
1998,2,1998-04-05,Princes Park,Western Bulldogs,Carlton,Carlton,Peter Dean,6,3,3,1,0,0,2
1998,2,1998-04-05,Princes Park,Western Bulldogs,Carlton,Carlton,Aaron Hamill,7,3,4,1,0,0,3
1998,2,1998-04-05,Princes Park,Western Bulldogs,Carlton,Carlton,Matthew Hogg,5,2,7,0,0,0,1
1998,2,1998-04-05,Princes Park,Western Bulldogs,Carlton,Carlton,Darren Hulme,8,3,5,0,0,0,1
1998,2,1998-04-05,Princes Park,Western Bulldogs,Carlton,Carlton,Anthony Koutoufides,11,4,4,0,0,0,0
1998,2,1998-04-05,Princes Park,Western Bulldogs,Carlton,Carlton,Damien Lock,6,2,2,0,0,0,1
1998,2,1998-04-05,Princes Park,Western Bulldogs,Carlton,Carlton,Glenn Manton,0,0,2,0,0,0,0
1998,2,1998-04-05,Princes Park,Western Bulldogs,Carlton,Carlton,Andrew McKay,6,2,5,0,0,0,0
1998,2,1998-04-05,Princes Park,Western Bulldogs,Carlton,Carlton,Brad Pearce,5,0,0,0,1,0,0
1998,2,1998-04-05,Princes Park,Western Bulldogs,Carlton,Carlton,Mark Porter,6,2,2,1,0,17,2
1998,2,1998-04-05,Princes Park,Western Bulldogs,Carlton,Carlton,Brett Ratten,5,1,5,0,0,0,3
1998,2,1998-04-05,Princes Park,Western Bulldogs,Carlton,Carlton,Dean Rice,14,6,4,2,1,0,0
1998,2,1998-04-05,Princes Park,Western Bulldogs,Carlton,Carlton,Michael Sexton,18,6,5,1,1,0,0
1998,2,1998-04-05,Princes Park,Western Bulldogs,Carlton,Carlton,Stephen Silvagni,11,3,2,3,1,0,2
1998,2,1998-04-05,Princes Park,Western Bulldogs,Carlton,Carlton,Adam White,1,1,0,0,0,0,0
1998,2,1998-04-05,Princes Park,Western Bulldogs,Carlton,Carlton,Lance Whitnall,8,6,5,2,1,2,2
1998,2,1998-04-05,M.C.G.,Essendon,St Kilda,Essendon,Paul Barnard,8,2,5,0,0,0,0
1998,2,1998-04-05,M.C.G.,Essendon,St Kilda,Essendon,Darren Bewick,18,6,2,2,1,0,0
1998,2,1998-04-05,M.C.G.,Essendon,St Kilda,Essendon,Justin Blumfield,10,4,10,0,1,0,1
1998,2,1998-04-05,M.C.G.,Essendon,St Kilda,Essendon,Mark Bolton,9,4,2,1,0,0,0
1998,2,1998-04-05,M.C.G.,Essendon,St Kilda,Essendon,Andrew Bomford,11,3,8,0,0,0,1
1998,2,1998-04-05,M.C.G.,Essendon,St Kilda,Essendon,David Calthorpe,17,4,0,0,0,0,2
1998,2,1998-04-05,M.C.G.,Essendon,St Kilda,Essendon,Blake Caracella,6,2,3,2,1,0,0
1998,2,1998-04-05,M.C.G.,Essendon,St Kilda,Essendon,Sean Denham,11,3,10,1,2,0,0
1998,2,1998-04-05,M.C.G.,Essendon,St Kilda,Essendon,Dustin Fletcher,9,4,1,1,1,2,1
1998,2,1998-04-05,M.C.G.,Essendon,St Kilda,Essendon,Mark Fraser,11,7,9,2,1,0,0
1998,2,1998-04-05,M.C.G.,Essendon,St Kilda,Essendon,Damien Hardwick,19,6,4,0,0,0,0
1998,2,1998-04-05,M.C.G.,Essendon,St Kilda,Essendon,Chris Heffernan,6,0,10,1,0,0,4
1998,2,1998-04-05,M.C.G.,Essendon,St Kilda,Essendon,James Hird,6,2,3,0,1,0,0
1998,2,1998-04-05,M.C.G.,Essendon,St Kilda,Essendon,Matthew Lloyd,10,3,2,5,1,0,0
1998,2,1998-04-05,M.C.G.,Essendon,St Kilda,Essendon,Scott Lucas,10,0,1,1,0,0,0
1998,2,1998-04-05,M.C.G.,Essendon,St Kilda,Essendon,Mark Mercuri,12,6,8,3,0,0,0
1998,2,1998-04-05,M.C.G.,Essendon,St Kilda,Essendon,Gary Moorcroft,17,8,8,6,3,0,4
1998,2,1998-04-05,M.C.G.,Essendon,St Kilda,Essendon,Ryan OConnor,7,7,5,1,0,18,2
1998,2,1998-04-05,M.C.G.,Essendon,St Kilda,Essendon,Gary ODonnell,13,4,5,2,0,0,0
1998,2,1998-04-05,M.C.G.,Essendon,St Kilda,Essendon,Peter Somerville,3,2,2,0,0,8,0
1998,2,1998-04-05,M.C.G.,Essendon,St Kilda,Essendon,Michael Symons,7,4,2,0,0,0,0
1998,2,1998-04-05,M.C.G.,Essendon,St Kilda,Essendon,Sean Wellman,8,9,7,0,0,0,1
1998,2,1998-04-05,M.C.G.,Essendon,St Kilda,St Kilda,Luke Beveridge,7,4,4,0,0,0,1
1998,2,1998-04-05,M.C.G.,Essendon,St Kilda,St Kilda,Tony Brown,7,3,4,0,0,0,1
1998,2,1998-04-05,M.C.G.,Essendon,St Kilda,St Kilda,Nathan Burke,11,0,9,0,0,0,2
1998,2,1998-04-05,M.C.G.,Essendon,St Kilda,St Kilda,Jason Cripps,0,0,1,0,0,0,0
1998,2,1998-04-05,M.C.G.,Essendon,St Kilda,St Kilda,Peter Everitt,19,14,4,2,2,16,0
1998,2,1998-04-05,M.C.G.,Essendon,St Kilda,St Kilda,Barry Hall,6,4,2,1,0,0,0
1998,2,1998-04-05,M.C.G.,Essendon,St Kilda,St Kilda,Robert Harvey,8,2,11,0,1,0,2
1998,2,1998-04-05,M.C.G.,Essendon,St Kilda,St Kilda,Daniel Healy,5,2,3,0,0,0,3
1998,2,1998-04-05,M.C.G.,Essendon,St Kilda,St Kilda,Jason Heatley,9,4,0,2,1,0,0
1998,2,1998-04-05,M.C.G.,Essendon,St Kilda,St Kilda,Max Hudghton,3,1,3,0,0,0,2
1998,2,1998-04-05,M.C.G.,Essendon,St Kilda,St Kilda,Austinn Jones,6,0,3,0,0,0,1
1998,2,1998-04-05,M.C.G.,Essendon,St Kilda,St Kilda,Rod Keogh,11,2,2,1,2,0,1
1998,2,1998-04-05,M.C.G.,Essendon,St Kilda,St Kilda,Matthew Lappin,2,1,7,0,0,0,2
1998,2,1998-04-05,M.C.G.,Essendon,St Kilda,St Kilda,Stewart Loewe,15,10,9,4,1,11,1
1998,2,1998-04-05,M.C.G.,Essendon,St Kilda,St Kilda,Gavin Mitchell,5,3,6,1,1,0,2
1998,2,1998-04-05,M.C.G.,Essendon,St Kilda,St Kilda,Justin Peckett,15,6,4,1,1,0,2
1998,2,1998-04-05,M.C.G.,Essendon,St Kilda,St Kilda,David Sierakowski,15,10,5,1,0,1,3
1998,2,1998-04-05,M.C.G.,Essendon,St Kilda,St Kilda,Steven Sziller,6,0,4,0,0,0,3
1998,2,1998-04-05,M.C.G.,Essendon,St Kilda,St Kilda,Andrew Thompson,4,2,2,0,0,0,0
1998,2,1998-04-05,M.C.G.,Essendon,St Kilda,St Kilda,Darryl Wakelin,4,0,1,0,0,0,1
1998,2,1998-04-05,M.C.G.,Essendon,St Kilda,St Kilda,Shane Wakelin,10,4,1,0,0,0,1
1998,2,1998-04-05,M.C.G.,Essendon,St Kilda,St Kilda,Nicky Winmar,8,5,9,0,0,0,2
1998,3,1998-04-11,Princes Park,Western Bulldogs,Collingwood,Western Bulldogs,Leon Cameron,14,4,3,0,1,0,0
1998,3,1998-04-11,Princes Park,Western Bulldogs,Collingwood,Western Bulldogs,James Cook,4,3,0,0,0,0,0
1998,3,1998-04-11,Princes Park,Western Bulldogs,Collingwood,Western Bulldogs,Matthew Croft,6,3,6,0,0,0,0
1998,3,1998-04-11,Princes Park,Western Bulldogs,Collingwood,Western Bulldogs,Todd Curley,6,3,2,1,0,0,0
1998,3,1998-04-11,Princes Park,Western Bulldogs,Collingwood,Western Bulldogs,Luke Darcy,9,5,3,0,0,14,3
1998,3,1998-04-11,Princes Park,Western Bulldogs,Collingwood,Western Bulldogs,Matthew Dent,8,1,2,1,0,0,4
1998,3,1998-04-11,Princes Park,Western Bulldogs,Collingwood,Western Bulldogs,Paul Dimattina,19,8,8,1,2,0,0
1998,3,1998-04-11,Princes Park,Western Bulldogs,Collingwood,Western Bulldogs,Craig Ellis,4,2,2,1,0,0,2
1998,3,1998-04-11,Princes Park,Western Bulldogs,Collingwood,Western Bulldogs,Simon Garlick,10,1,4,2,0,0,2
1998,3,1998-04-11,Princes Park,Western Bulldogs,Collingwood,Western Bulldogs,Chris Grant,12,6,4,0,1,1,1
1998,3,1998-04-11,Princes Park,Western Bulldogs,Collingwood,Western Bulldogs,Paul Hudson,12,4,4,2,2,0,1
1998,3,1998-04-11,Princes Park,Western Bulldogs,Collingwood,Western Bulldogs,Brad Johnson,5,1,5,0,1,0,1
1998,3,1998-04-11,Princes Park,Western Bulldogs,Collingwood,Western Bulldogs,Steven Kolyniuk,13,5,3,1,2,0,0
1998,3,1998-04-11,Princes Park,Western Bulldogs,Collingwood,Western Bulldogs,Steven Kretiuk,14,5,9,0,2,0,1
1998,3,1998-04-11,Princes Park,Western Bulldogs,Collingwood,Western Bulldogs,Tony Liberatore,6,2,8,0,0,0,4
1998,3,1998-04-11,Princes Park,Western Bulldogs,Collingwood,Western Bulldogs,Michael Martin,10,2,4,0,1,0,3
1998,3,1998-04-11,Princes Park,Western Bulldogs,Collingwood,Western Bulldogs,Jose Romero,16,5,13,2,1,0,1
1998,3,1998-04-11,Princes Park,Western Bulldogs,Collingwood,Western Bulldogs,Rohan Smith,10,8,1,3,4,0,1
1998,3,1998-04-11,Princes Park,Western Bulldogs,Collingwood,Western Bulldogs,Daniel Southern,2,3,2,1,1,0,0
1998,3,1998-04-11,Princes Park,Western Bulldogs,Collingwood,Western Bulldogs,Scott West,15,2,6,1,1,0,2
1998,3,1998-04-11,Princes Park,Western Bulldogs,Collingwood,Western Bulldogs,Brad Wira,13,3,2,0,0,0,0
1998,3,1998-04-11,Princes Park,Western Bulldogs,Collingwood,Western Bulldogs,Scott Wynd,3,2,4,0,0,6,1
1998,3,1998-04-11,Princes Park,Western Bulldogs,Collingwood,Collingwood,Gavin Brown,6,5,4,0,0,0,3
1998,3,1998-04-11,Princes Park,Western Bulldogs,Collingwood,Collingwood,Nathan Buckley,8,3,2,0,0,0,0
1998,3,1998-04-11,Princes Park,Western Bulldogs,Collingwood,Collingwood,Gavin Crosisca,13,8,4,0,0,0,1
1998,3,1998-04-11,Princes Park,Western Bulldogs,Collingwood,Collingwood,Scott Crow,7,2,6,1,0,0,2
1998,3,1998-04-11,Princes Park,Western Bulldogs,Collingwood,Collingwood,Chris Curran,9,4,5,1,0,0,3
1998,3,1998-04-11,Princes Park,Western Bulldogs,Collingwood,Collingwood,Luke Godden,5,0,1,0,0,0,1
1998,3,1998-04-11,Princes Park,Western Bulldogs,Collingwood,Collingwood,Alex McDonald,13,6,6,1,0,0,5
1998,3,1998-04-11,Princes Park,Western Bulldogs,Collingwood,Collingwood,Mal Michael,10,5,2,0,0,0,0
1998,3,1998-04-11,Princes Park,Western Bulldogs,Collingwood,Collingwood,Damian Monkhorst,2,2,4,0,0,23,0
1998,3,1998-04-11,Princes Park,Western Bulldogs,Collingwood,Collingwood,Richard Osborne,9,1,8,1,0,0,0
1998,3,1998-04-11,Princes Park,Western Bulldogs,Collingwood,Collingwood,Stephen Patterson,9,1,8,0,1,0,1
1998,3,1998-04-11,Princes Park,Western Bulldogs,Collingwood,Collingwood,Mark Richardson,9,2,3,0,1,11,2
1998,3,1998-04-11,Princes Park,Western Bulldogs,Collingwood,Collingwood,Anthony Rocca,4,4,7,1,0,2,3
1998,3,1998-04-11,Princes Park,Western Bulldogs,Collingwood,Collingwood,Saverio Rocca,6,5,1,2,2,2,0
1998,3,1998-04-11,Princes Park,Western Bulldogs,Collingwood,Collingwood,Scott Russell,4,2,6,0,0,0,2
1998,3,1998-04-11,Princes Park,Western Bulldogs,Collingwood,Collingwood,Andrew Schauble,6,4,4,1,0,0,0
1998,3,1998-04-11,Princes Park,Western Bulldogs,Collingwood,Collingwood,Jamie Tape,1,1,2,0,0,0,0
1998,3,1998-04-11,Princes Park,Western Bulldogs,Collingwood,Collingwood,Chris Tarrant,5,3,2,1,0,0,3
1998,3,1998-04-11,Princes Park,Western Bulldogs,Collingwood,Collingwood,Shane Watson,9,6,4,3,1,0,2
1998,3,1998-04-11,Princes Park,Western Bulldogs,Collingwood,Collingwood,Jason Wild,9,3,5,0,0,0,2
1998,3,1998-04-11,Princes Park,Western Bulldogs,Collingwood,Collingwood,Paul Williams,6,1,2,1,1,0,0
1998,3,1998-04-11,Princes Park,Western Bulldogs,Collingwood,Collingwood,Graham Wright,17,6,3,0,1,0,0
1998,3,1998-04-11,M.C.G.,Richmond,Hawthorn,Richmond,Ashley Blurton,3,1,4,0,0,0,0
1998,3,1998-04-11,M.C.G.,Richmond,Hawthorn,Richmond,Nathan Bower,5,1,2,0,0,0,1
1998,3,1998-04-11,M.C.G.,Richmond,Hawthorn,Richmond,Paul Broderick,11,2,15,1,0,0,1
1998,3,1998-04-11,M.C.G.,Richmond,Hawthorn,Richmond,Paul Bulluss,1,0,1,0,0,0,0
1998,3,1998-04-11,M.C.G.,Richmond,Hawthorn,Richmond,Wayne Campbell,15,1,12,3,0,1,2
1998,3,1998-04-11,M.C.G.,Richmond,Hawthorn,Richmond,Nick Daffy,14,2,3,0,0,0,0
1998,3,1998-04-11,M.C.G.,Richmond,Hawthorn,Richmond,Brendon Gale,16,9,9,0,0,26,0
1998,3,1998-04-11,M.C.G.,Richmond,Hawthorn,Richmond,Darren Gaspar,13,2,8,1,2,1,1
1998,3,1998-04-11,M.C.G.,Richmond,Hawthorn,Richmond,Ben Harrison,13,9,8,4,2,0,4
1998,3,1998-04-11,M.C.G.,Richmond,Hawthorn,Richmond,Ben Holland,8,2,3,5,2,0,0
1998,3,1998-04-11,M.C.G.,Richmond,Hawthorn,Richmond,Aaron James,8,3,2,0,1,1,1
1998,3,1998-04-11,M.C.G.,Richmond,Hawthorn,Richmond,Duncan Kellaway,7,3,5,0,0,0,2
1998,3,1998-04-11,M.C.G.,Richmond,Hawthorn,Richmond,Matthew Manfield,2,0,1,0,0,0,0
1998,3,1998-04-11,M.C.G.,Richmond,Hawthorn,Richmond,Mark Merenda,5,2,1,0,3,0,2
1998,3,1998-04-11,M.C.G.,Richmond,Hawthorn,Richmond,Ben Moore,6,2,6,1,0,0,4
1998,3,1998-04-11,M.C.G.,Richmond,Hawthorn,Richmond,Trent Nichols,3,1,0,0,0,0,0
1998,3,1998-04-11,M.C.G.,Richmond,Hawthorn,Richmond,Brad Ottens,3,4,2,0,2,8,0
1998,3,1998-04-11,M.C.G.,Richmond,Hawthorn,Richmond,Ashley Prescott,11,4,5,0,0,0,3
1998,3,1998-04-11,M.C.G.,Richmond,Hawthorn,Richmond,Matthew Rogers,12,1,3,0,1,0,0
1998,3,1998-04-11,M.C.G.,Richmond,Hawthorn,Richmond,John Rombotis,7,6,5,0,0,0,0
1998,3,1998-04-11,M.C.G.,Richmond,Hawthorn,Richmond,Damien Ryan,6,2,3,0,0,0,1
1998,3,1998-04-11,M.C.G.,Richmond,Hawthorn,Richmond,Jason Torney,5,0,6,0,0,0,4
1998,3,1998-04-11,M.C.G.,Richmond,Hawthorn,Hawthorn,John Barker,9,6,1,0,0,0,1
1998,3,1998-04-11,M.C.G.,Richmond,Hawthorn,Hawthorn,Randall Bone,2,1,1,0,1,4,0
1998,3,1998-04-11,M.C.G.,Richmond,Hawthorn,Hawthorn,Nathan Chapman,1,1,1,1,0,0,2
1998,3,1998-04-11,M.C.G.,Richmond,Hawthorn,Hawthorn,Daniel Chick,10,3,2,4,0,0,2
1998,3,1998-04-11,M.C.G.,Richmond,Hawthorn,Hawthorn,Shane Crawford,9,0,5,0,0,0,1
1998,3,1998-04-11,M.C.G.,Richmond,Hawthorn,Hawthorn,Trent Croad,2,3,0,1,0,0,1
1998,3,1998-04-11,M.C.G.,Richmond,Hawthorn,Hawthorn,Ben Dixon,4,2,1,2,0,0,2
1998,3,1998-04-11,M.C.G.,Richmond,Hawthorn,Hawthorn,Mark Graham,14,7,5,1,0,5,2
1998,3,1998-04-11,M.C.G.,Richmond,Hawthorn,Hawthorn,Daniel Harford,9,4,4,0,0,0,3
1998,3,1998-04-11,M.C.G.,Richmond,Hawthorn,Hawthorn,Jon Hassall,1,0,1,0,0,0,0
1998,3,1998-04-11,M.C.G.,Richmond,Hawthorn,Hawthorn,Jonathan Hay,12,7,2,0,0,0,1
1998,3,1998-04-11,M.C.G.,Richmond,Hawthorn,Hawthorn,Nick Holland,17,9,4,3,1,11,0
1998,3,1998-04-11,M.C.G.,Richmond,Hawthorn,Hawthorn,Haydon Kilmartin,0,0,0,0,0,0,0
1998,3,1998-04-11,M.C.G.,Richmond,Hawthorn,Hawthorn,Brendan Krummel,4,2,4,1,1,0,1
1998,3,1998-04-11,M.C.G.,Richmond,Hawthorn,Hawthorn,Stephen Lawrence,6,0,0,0,0,2,1
1998,3,1998-04-11,M.C.G.,Richmond,Hawthorn,Hawthorn,Angelo Lekkas,16,9,4,1,2,0,4
1998,3,1998-04-11,M.C.G.,Richmond,Hawthorn,Hawthorn,Brad Lloyd,12,5,8,1,1,0,6
1998,3,1998-04-11,M.C.G.,Richmond,Hawthorn,Hawthorn,Aaron Lord,7,2,4,0,0,0,0
1998,3,1998-04-11,M.C.G.,Richmond,Hawthorn,Hawthorn,Luke McCabe,11,4,5,0,0,0,2
1998,3,1998-04-11,M.C.G.,Richmond,Hawthorn,Hawthorn,Richard Taylor,11,0,3,0,0,0,4
1998,3,1998-04-11,M.C.G.,Richmond,Hawthorn,Hawthorn,Craig Treleven,18,4,9,0,0,0,1
1998,3,1998-04-11,M.C.G.,Richmond,Hawthorn,Hawthorn,Tony Woods,9,2,5,0,0,0,4
1998,3,1998-04-11,Football Park,Port Adelaide,North Melbourne,Port Adelaide,Matthew Bode,4,1,3,0,0,0,1
1998,3,1998-04-11,Football Park,Port Adelaide,North Melbourne,Port Adelaide,Shane Bond,10,7,7,0,0,0,1
1998,3,1998-04-11,Football Park,Port Adelaide,North Melbourne,Port Adelaide,Peter Burgoyne,5,0,2,0,1,0,0
1998,3,1998-04-11,Football Park,Port Adelaide,North Melbourne,Port Adelaide,Scott Cummings,1,0,2,1,0,0,0
1998,3,1998-04-11,Football Park,Port Adelaide,North Melbourne,Port Adelaide,Donald Dickie,16,2,8,0,0,0,2
1998,3,1998-04-11,Football Park,Port Adelaide,North Melbourne,Port Adelaide,Nathan Eagleton,8,0,2,2,0,0,0
1998,3,1998-04-11,Football Park,Port Adelaide,North Melbourne,Port Adelaide,Nigel Fiegert,4,1,2,0,0,0,2
1998,3,1998-04-11,Football Park,Port Adelaide,North Melbourne,Port Adelaide,Fabian Francis,15,4,4,0,0,0,5
1998,3,1998-04-11,Football Park,Port Adelaide,North Melbourne,Port Adelaide,Josh Francou,6,0,5,0,0,0,2
1998,3,1998-04-11,Football Park,Port Adelaide,North Melbourne,Port Adelaide,Adam Heuskes,5,1,11,0,0,0,0
1998,3,1998-04-11,Football Park,Port Adelaide,North Melbourne,Port Adelaide,Adam Kingsley,15,2,8,1,0,0,2
1998,3,1998-04-11,Football Park,Port Adelaide,North Melbourne,Port Adelaide,Brendon Lade,3,1,1,0,1,1,0
1998,3,1998-04-11,Football Park,Port Adelaide,North Melbourne,Port Adelaide,Brayden Lyle,18,5,13,0,0,0,1
1998,3,1998-04-11,Football Park,Port Adelaide,North Melbourne,Port Adelaide,Darren Mead,8,3,3,0,1,1,1
1998,3,1998-04-11,Football Park,Port Adelaide,North Melbourne,Port Adelaide,Danny Morton,7,2,0,0,0,0,1
1998,3,1998-04-11,Football Park,Port Adelaide,North Melbourne,Port Adelaide,Chris Naish,12,3,8,0,2,0,0
1998,3,1998-04-11,Football Park,Port Adelaide,North Melbourne,Port Adelaide,Stephen Paxman,10,3,2,0,0,0,2
1998,3,1998-04-11,Football Park,Port Adelaide,North Melbourne,Port Adelaide,Darryl Poole,1,1,5,0,0,2,0
1998,3,1998-04-11,Football Park,Port Adelaide,North Melbourne,Port Adelaide,Matthew Primus,14,5,10,1,0,26,1
1998,3,1998-04-11,Football Park,Port Adelaide,North Melbourne,Port Adelaide,Warren Tredrea,5,3,4,3,0,1,1
1998,3,1998-04-11,Football Park,Port Adelaide,North Melbourne,Port Adelaide,Gavin Wanganeen,7,0,1,1,0,0,2
1998,3,1998-04-11,Football Park,Port Adelaide,North Melbourne,Port Adelaide,Michael Wilson,6,0,2,1,0,0,2
1998,3,1998-04-11,Football Park,Port Adelaide,North Melbourne,North Melbourne,Winston Abraham,15,2,4,4,0,0,8
1998,3,1998-04-11,Football Park,Port Adelaide,North Melbourne,North Melbourne,Brady Anderson,15,1,7,0,0,0,0
1998,3,1998-04-11,Football Park,Port Adelaide,North Melbourne,North Melbourne,Glenn Archer,4,0,3,0,0,0,0
1998,3,1998-04-11,Football Park,Port Adelaide,North Melbourne,North Melbourne,Peter Bell,16,4,6,1,1,0,2
1998,3,1998-04-11,Football Park,Port Adelaide,North Melbourne,North Melbourne,John Blakey,11,4,1,2,0,0,3
1998,3,1998-04-11,Football Park,Port Adelaide,North Melbourne,North Melbourne,Mathew Capuano,4,2,5,0,0,6,1
1998,3,1998-04-11,Football Park,Port Adelaide,North Melbourne,North Melbourne,Wayne Carey,9,5,4,0,0,0,4
1998,3,1998-04-11,Football Park,Port Adelaide,North Melbourne,North Melbourne,Brett Chandler,7,0,1,0,0,0,2
1998,3,1998-04-11,Football Park,Port Adelaide,North Melbourne,North Melbourne,Shannon Grant,13,2,7,1,1,0,1
1998,3,1998-04-11,Football Park,Port Adelaide,North Melbourne,North Melbourne,Brent Harvey,14,9,5,5,0,0,1
1998,3,1998-04-11,Football Park,Port Adelaide,North Melbourne,North Melbourne,Evan Hewitt,4,2,2,0,0,3,2
1998,3,1998-04-11,Football Park,Port Adelaide,North Melbourne,North Melbourne,David King,1,0,1,0,0,0,0
1998,3,1998-04-11,Football Park,Port Adelaide,North Melbourne,North Melbourne,Mick Martyn,8,4,4,0,0,1,0
1998,3,1998-04-11,Football Park,Port Adelaide,North Melbourne,North Melbourne,Jason McCartney,7,4,7,0,0,3,1
1998,3,1998-04-11,Football Park,Port Adelaide,North Melbourne,North Melbourne,Corey McKernan,3,2,1,0,1,0,0
1998,3,1998-04-11,Football Park,Port Adelaide,North Melbourne,North Melbourne,Anthony Mellington,3,0,1,0,0,0,2
1998,3,1998-04-11,Football Park,Port Adelaide,North Melbourne,North Melbourne,Byron Pickett,14,5,4,0,0,0,0
1998,3,1998-04-11,Football Park,Port Adelaide,North Melbourne,North Melbourne,Martin Pike,10,2,7,0,0,0,2
1998,3,1998-04-11,Football Park,Port Adelaide,North Melbourne,North Melbourne,Robert Scott,17,3,3,0,0,0,4
1998,3,1998-04-11,Football Park,Port Adelaide,North Melbourne,North Melbourne,Craig Sholl,10,3,4,2,2,0,4
1998,3,1998-04-11,Football Park,Port Adelaide,North Melbourne,North Melbourne,Anthony Stevens,12,4,3,0,1,1,6
1998,3,1998-04-11,Football Park,Port Adelaide,North Melbourne,North Melbourne,Scott Welsh,2,1,0,0,0,0,0
1998,3,1998-04-12,S.C.G.,Sydney,Geelong,Sydney,Leo Barry,11,7,13,3,0,0,3
1998,3,1998-04-12,S.C.G.,Sydney,Geelong,Sydney,Troy Cook,6,3,8,0,0,0,5
1998,3,1998-04-12,S.C.G.,Sydney,Geelong,Sydney,Daryn Cresswell,12,4,20,3,0,0,1
1998,3,1998-04-12,S.C.G.,Sydney,Geelong,Sydney,Andrew Dunkley,5,4,4,0,0,0,2
1998,3,1998-04-12,S.C.G.,Sydney,Geelong,Sydney,Peter Filandia,2,0,4,0,1,0,1
1998,3,1998-04-12,S.C.G.,Sydney,Geelong,Sydney,Brent Green,3,3,1,2,0,3,1
1998,3,1998-04-12,S.C.G.,Sydney,Geelong,Sydney,Paul Kelly,10,3,6,1,1,0,2
1998,3,1998-04-12,S.C.G.,Sydney,Geelong,Sydney,Tony Lockett,8,8,2,3,5,0,1
1998,3,1998-04-12,S.C.G.,Sydney,Geelong,Sydney,Troy Luff,8,5,5,1,1,0,1
1998,3,1998-04-12,S.C.G.,Sydney,Geelong,Sydney,Stuart Maxfield,12,3,6,0,0,0,1
1998,3,1998-04-12,S.C.G.,Sydney,Geelong,Sydney,Daniel McPherson,16,2,7,0,0,0,3
1998,3,1998-04-12,S.C.G.,Sydney,Geelong,Sydney,Jason Mooney,8,2,3,1,1,3,6
1998,3,1998-04-12,S.C.G.,Sydney,Geelong,Sydney,Matthew Nicks,18,6,6,1,0,0,0
1998,3,1998-04-12,S.C.G.,Sydney,Geelong,Sydney,Craig OBrien,6,2,2,2,0,0,1
1998,3,1998-04-12,S.C.G.,Sydney,Geelong,Sydney,Michael OLoughlin,12,2,5,3,1,0,0
1998,3,1998-04-12,S.C.G.,Sydney,Geelong,Sydney,Mark Orchard,8,2,5,0,0,0,2
1998,3,1998-04-12,S.C.G.,Sydney,Geelong,Sydney,Paul Roos,11,5,7,0,0,0,1
1998,3,1998-04-12,S.C.G.,Sydney,Geelong,Sydney,Jason Saddington,4,0,1,0,0,0,2
1998,3,1998-04-12,S.C.G.,Sydney,Geelong,Sydney,Wayne Schwass,19,4,7,1,0,0,0
1998,3,1998-04-12,S.C.G.,Sydney,Geelong,Sydney,Greg Stafford,10,5,0,0,0,25,0
1998,3,1998-04-12,S.C.G.,Sydney,Geelong,Sydney,John Stevens,10,2,5,2,1,0,2
1998,3,1998-04-12,S.C.G.,Sydney,Geelong,Sydney,Rowan Warfe,9,4,9,1,0,0,0
1998,3,1998-04-12,S.C.G.,Sydney,Geelong,Geelong,John Barnes,1,0,4,0,0,7,0
1998,3,1998-04-12,S.C.G.,Sydney,Geelong,Geelong,Craig Biddiscombe,6,1,2,1,0,1,0
1998,3,1998-04-12,S.C.G.,Sydney,Geelong,Geelong,Clint Bizzell,3,2,3,0,2,0,2
1998,3,1998-04-12,S.C.G.,Sydney,Geelong,Geelong,Ronnie Burns,4,1,1,1,2,0,0
1998,3,1998-04-12,S.C.G.,Sydney,Geelong,Geelong,Leigh Colbert,8,5,2,0,1,0,2
1998,3,1998-04-12,S.C.G.,Sydney,Geelong,Geelong,Paul Corrigan,8,1,4,0,0,1,1
1998,3,1998-04-12,S.C.G.,Sydney,Geelong,Geelong,Tim Finocchiaro,4,0,4,0,0,0,0
1998,3,1998-04-12,S.C.G.,Sydney,Geelong,Geelong,Ben Graham,4,0,3,0,0,0,1
1998,3,1998-04-12,S.C.G.,Sydney,Geelong,Geelong,Derek Hall,14,6,3,0,1,0,1
1998,3,1998-04-12,S.C.G.,Sydney,Geelong,Geelong,Garry Hocking,11,7,5,0,1,0,1
1998,3,1998-04-12,S.C.G.,Sydney,Geelong,Geelong,Glenn Kilpatrick,7,1,6,0,0,0,0
1998,3,1998-04-12,S.C.G.,Sydney,Geelong,Geelong,Daniel Lowther,7,4,6,0,0,0,1
1998,3,1998-04-12,S.C.G.,Sydney,Geelong,Geelong,Paul Lynch,8,5,4,0,1,0,1
1998,3,1998-04-12,S.C.G.,Sydney,Geelong,Geelong,Michael Mansfield,11,4,3,0,1,0,0
1998,3,1998-04-12,S.C.G.,Sydney,Geelong,Geelong,Tim McGrath,8,3,2,0,1,3,1
1998,3,1998-04-12,S.C.G.,Sydney,Geelong,Geelong,Martin McKinnon,5,1,2,0,1,0,0
1998,3,1998-04-12,S.C.G.,Sydney,Geelong,Geelong,David Mensch,10,5,7,0,0,9,1
1998,3,1998-04-12,S.C.G.,Sydney,Geelong,Geelong,Darren Milburn,9,2,2,1,0,0,0
1998,3,1998-04-12,S.C.G.,Sydney,Geelong,Geelong,Peter Riccardi,15,3,8,3,0,1,2
1998,3,1998-04-12,S.C.G.,Sydney,Geelong,Geelong,Brenton Sanderson,17,5,4,0,0,0,0
1998,3,1998-04-12,S.C.G.,Sydney,Geelong,Geelong,Sean Simpson,3,2,3,1,0,0,0
1998,3,1998-04-12,S.C.G.,Sydney,Geelong,Geelong,Barry Stoneham,8,4,4,0,0,0,2
1998,3,1998-04-12,Waverley Park,St Kilda,Adelaide,St Kilda,Luke Beveridge,0,0,1,0,0,0,0
1998,3,1998-04-12,Waverley Park,St Kilda,Adelaide,St Kilda,Tony Brown,8,3,6,1,0,0,2
1998,3,1998-04-12,Waverley Park,St Kilda,Adelaide,St Kilda,Nathan Burke,18,4,6,2,0,0,3
1998,3,1998-04-12,Waverley Park,St Kilda,Adelaide,St Kilda,Jayson Daniels,9,1,5,0,1,0,1
1998,3,1998-04-12,Waverley Park,St Kilda,Adelaide,St Kilda,Peter Everitt,11,5,1,2,0,16,1
1998,3,1998-04-12,Waverley Park,St Kilda,Adelaide,St Kilda,Barry Hall,2,2,4,0,1,0,1
1998,3,1998-04-12,Waverley Park,St Kilda,Adelaide,St Kilda,Robert Harvey,24,5,7,1,2,0,4
1998,3,1998-04-12,Waverley Park,St Kilda,Adelaide,St Kilda,Jason Heatley,6,3,2,2,2,1,1
1998,3,1998-04-12,Waverley Park,St Kilda,Adelaide,St Kilda,Max Hudghton,3,0,3,0,0,0,1
1998,3,1998-04-12,Waverley Park,St Kilda,Adelaide,St Kilda,Austinn Jones,8,1,5,0,0,0,3
1998,3,1998-04-12,Waverley Park,St Kilda,Adelaide,St Kilda,Rod Keogh,1,1,2,0,0,0,1
1998,3,1998-04-12,Waverley Park,St Kilda,Adelaide,St Kilda,Brett Knowles,14,1,4,0,0,0,2
1998,3,1998-04-12,Waverley Park,St Kilda,Adelaide,St Kilda,Stewart Loewe,15,10,10,1,1,7,0
1998,3,1998-04-12,Waverley Park,St Kilda,Adelaide,St Kilda,Gavin Mitchell,6,4,7,2,0,0,5
1998,3,1998-04-12,Waverley Park,St Kilda,Adelaide,St Kilda,Justin Peckett,12,6,4,0,0,0,0
1998,3,1998-04-12,Waverley Park,St Kilda,Adelaide,St Kilda,David Sierakowski,7,4,1,1,1,5,1
1998,3,1998-04-12,Waverley Park,St Kilda,Adelaide,St Kilda,Steven Sziller,3,1,3,0,0,0,1
1998,3,1998-04-12,Waverley Park,St Kilda,Adelaide,St Kilda,Andrew Thompson,7,2,16,0,0,0,3
1998,3,1998-04-12,Waverley Park,St Kilda,Adelaide,St Kilda,Darryl Wakelin,5,3,4,0,0,1,0
1998,3,1998-04-12,Waverley Park,St Kilda,Adelaide,St Kilda,Shane Wakelin,4,2,3,0,0,0,2
1998,3,1998-04-12,Waverley Park,St Kilda,Adelaide,St Kilda,Nicky Winmar,16,2,8,0,0,0,6
1998,3,1998-04-12,Waverley Park,St Kilda,Adelaide,St Kilda,Matthew Young,4,2,3,0,0,0,2
1998,3,1998-04-12,Waverley Park,St Kilda,Adelaide,Adelaide,Nathan Bassett,9,2,2,0,0,3,0
1998,3,1998-04-12,Waverley Park,St Kilda,Adelaide,Adelaide,Mark Bickley,13,1,10,0,1,0,1
1998,3,1998-04-12,Waverley Park,St Kilda,Adelaide,Adelaide,Peter Caven,7,1,3,1,2,1,2
1998,3,1998-04-12,Waverley Park,St Kilda,Adelaide,Adelaide,Matthew Connell,11,6,1,2,0,0,1
1998,3,1998-04-12,Waverley Park,St Kilda,Adelaide,Adelaide,Ian Downsborough,0,0,0,0,0,0,1
1998,3,1998-04-12,Waverley Park,St Kilda,Adelaide,Adelaide,Andrew Eccles,5,3,2,0,0,0,2
1998,3,1998-04-12,Waverley Park,St Kilda,Adelaide,Adelaide,Shane Ellen,5,2,2,0,1,0,1
1998,3,1998-04-12,Waverley Park,St Kilda,Adelaide,Adelaide,Simon Goodwin,6,1,2,0,0,0,2
1998,3,1998-04-12,Waverley Park,St Kilda,Adelaide,Adelaide,Ben Hart,8,4,3,0,1,0,2
1998,3,1998-04-12,Waverley Park,St Kilda,Adelaide,Adelaide,Darren Jarman,7,2,3,1,1,0,1
1998,3,1998-04-12,Waverley Park,St Kilda,Adelaide,Adelaide,Kane Johnson,4,0,2,0,0,0,1
1998,3,1998-04-12,Waverley Park,St Kilda,Adelaide,Adelaide,Kym Koster,10,0,8,1,0,0,1
1998,3,1998-04-12,Waverley Park,St Kilda,Adelaide,Adelaide,Andrew McLeod,11,1,8,0,0,0,1
1998,3,1998-04-12,Waverley Park,St Kilda,Adelaide,Adelaide,Trent Ormond-Allen,2,0,0,0,0,0,0
1998,3,1998-04-12,Waverley Park,St Kilda,Adelaide,Adelaide,David Pittman,6,1,5,0,0,34,0
1998,3,1998-04-12,Waverley Park,St Kilda,Adelaide,Adelaide,Shaun Rehn,5,2,2,0,1,7,1
1998,3,1998-04-12,Waverley Park,St Kilda,Adelaide,Adelaide,Mark Ricciuto,9,3,6,0,0,0,2
1998,3,1998-04-12,Waverley Park,St Kilda,Adelaide,Adelaide,Chad Rintoul,17,4,5,2,1,0,2
1998,3,1998-04-12,Waverley Park,St Kilda,Adelaide,Adelaide,Clay Sampson,5,1,2,1,0,1,2
1998,3,1998-04-12,Waverley Park,St Kilda,Adelaide,Adelaide,Nigel Smart,16,2,5,0,1,1,1
1998,3,1998-04-12,Waverley Park,St Kilda,Adelaide,Adelaide,Mark Stevens,4,1,0,0,0,0,0
1998,3,1998-04-12,Waverley Park,St Kilda,Adelaide,Adelaide,James Thiessen,11,2,3,0,1,0,1
1998,3,1998-04-12,Subiaco,Fremantle,West Coast,Fremantle,Stuart Anderson,1,0,5,1,0,0,0
1998,3,1998-04-12,Subiaco,Fremantle,West Coast,Fremantle,Daniel Bandy,6,3,6,0,0,9,0
1998,3,1998-04-12,Subiaco,Fremantle,West Coast,Fremantle,Chris Bond,7,2,7,0,0,0,1
1998,3,1998-04-12,Subiaco,Fremantle,West Coast,Fremantle,Matthew Burton,11,6,6,0,0,20,0
1998,3,1998-04-12,Subiaco,Fremantle,West Coast,Fremantle,Craig Callaghan,20,6,5,1,1,0,1
1998,3,1998-04-12,Subiaco,Fremantle,West Coast,Fremantle,Scott Chisholm,3,4,5,0,0,1,1
1998,3,1998-04-12,Subiaco,Fremantle,West Coast,Fremantle,James Clement,14,6,1,5,1,1,0
1998,3,1998-04-12,Subiaco,Fremantle,West Coast,Fremantle,Matthew Clucas,2,0,2,0,0,0,2
1998,3,1998-04-12,Subiaco,Fremantle,West Coast,Fremantle,Brad Dodd,9,3,6,1,0,0,2
1998,3,1998-04-12,Subiaco,Fremantle,West Coast,Fremantle,Adrian Fletcher,13,3,13,0,0,0,1
1998,3,1998-04-12,Subiaco,Fremantle,West Coast,Fremantle,Mark Gale,10,3,5,1,0,1,4
1998,3,1998-04-12,Subiaco,Fremantle,West Coast,Fremantle,Greg Harding,12,1,5,0,0,0,1
1998,3,1998-04-12,Subiaco,Fremantle,West Coast,Fremantle,Steven Koops,2,1,2,0,0,0,1
1998,3,1998-04-12,Subiaco,Fremantle,West Coast,Fremantle,Peter Mann,3,1,1,0,1,0,0
1998,3,1998-04-12,Subiaco,Fremantle,West Coast,Fremantle,Andrew McGovern,7,2,4,0,0,0,0
1998,3,1998-04-12,Subiaco,Fremantle,West Coast,Fremantle,Shaun McManus,12,5,3,0,2,1,1
1998,3,1998-04-12,Subiaco,Fremantle,West Coast,Fremantle,Jason Norrish,6,3,11,0,0,0,4
1998,3,1998-04-12,Subiaco,Fremantle,West Coast,Fremantle,Stephen OReilly,7,1,0,0,0,0,0
1998,3,1998-04-12,Subiaco,Fremantle,West Coast,Fremantle,Daniel Parker,2,1,5,0,1,6,2
1998,3,1998-04-12,Subiaco,Fremantle,West Coast,Fremantle,Shane Parker,7,5,4,0,0,0,0
1998,3,1998-04-12,Subiaco,Fremantle,West Coast,Fremantle,Jess Sinclair,14,2,4,0,0,0,2
1998,3,1998-04-12,Subiaco,Fremantle,West Coast,Fremantle,Andrew Wills,8,2,7,1,1,0,2
1998,3,1998-04-12,Subiaco,Fremantle,West Coast,West Coast,Jason Ball,5,0,4,0,1,11,2
1998,3,1998-04-12,Subiaco,Fremantle,West Coast,West Coast,Drew Banfield,5,2,7,0,0,0,2
1998,3,1998-04-12,Subiaco,Fremantle,West Coast,West Coast,Michael Braun,8,2,5,3,0,0,1
1998,3,1998-04-12,Subiaco,Fremantle,West Coast,West Coast,Ben Cousins,11,6,8,0,4,0,0
1998,3,1998-04-12,Subiaco,Fremantle,West Coast,West Coast,Tony Evans,7,1,11,0,0,0,0
1998,3,1998-04-12,Subiaco,Fremantle,West Coast,West Coast,Michael Gardiner,3,4,8,0,0,18,1
1998,3,1998-04-12,Subiaco,Fremantle,West Coast,West Coast,Fraser Gehrig,12,12,4,5,0,0,1
1998,3,1998-04-12,Subiaco,Fremantle,West Coast,West Coast,Glen Jakovich,12,5,7,0,1,0,0
1998,3,1998-04-12,Subiaco,Fremantle,West Coast,West Coast,Dean Kemp,12,1,8,0,0,0,2
1998,3,1998-04-12,Subiaco,Fremantle,West Coast,West Coast,Chris Lewis,7,0,4,1,0,0,1
1998,3,1998-04-12,Subiaco,Fremantle,West Coast,West Coast,Andy Lovell,5,1,4,0,0,0,0
1998,3,1998-04-12,Subiaco,Fremantle,West Coast,West Coast,Peter Matera,12,4,2,0,0,0,0
1998,3,1998-04-12,Subiaco,Fremantle,West Coast,West Coast,Phillip Matera,6,3,1,3,1,0,1
1998,3,1998-04-12,Subiaco,Fremantle,West Coast,West Coast,Ashley McIntosh,9,3,2,0,0,0,1
1998,3,1998-04-12,Subiaco,Fremantle,West Coast,West Coast,Guy McKenna,5,3,12,0,0,0,1
1998,3,1998-04-12,Subiaco,Fremantle,West Coast,West Coast,Phillip Read,5,0,1,0,0,0,0
1998,3,1998-04-12,Subiaco,Fremantle,West Coast,West Coast,Jarrad Schofield,11,2,5,1,0,0,1
1998,3,1998-04-12,Subiaco,Fremantle,West Coast,West Coast,Nicholas Stone,6,2,3,0,0,0,0
1998,3,1998-04-12,Subiaco,Fremantle,West Coast,West Coast,Ryan Turnbull,2,1,1,0,0,5,1
1998,3,1998-04-12,Subiaco,Fremantle,West Coast,West Coast,Chris Waterman,14,3,2,1,1,0,0
1998,3,1998-04-12,Subiaco,Fremantle,West Coast,West Coast,Josh Wooden,9,2,5,0,1,0,2
1998,3,1998-04-12,Subiaco,Fremantle,West Coast,West Coast,John Worsfold,9,1,5,0,0,0,0
1998,3,1998-04-13,M.C.G.,Carlton,Essendon,Carlton,Matthew Allan,4,6,3,1,1,14,1
1998,3,1998-04-13,M.C.G.,Carlton,Essendon,Carlton,Jacob Anstey,9,2,4,1,0,0,1
1998,3,1998-04-13,M.C.G.,Carlton,Essendon,Carlton,Simon Beaumont,5,2,2,0,0,0,0
1998,3,1998-04-13,M.C.G.,Carlton,Essendon,Carlton,Fraser Brown,12,3,6,0,0,0,2
1998,3,1998-04-13,M.C.G.,Carlton,Essendon,Carlton,Scott Camporeale,18,4,5,3,0,0,1
1998,3,1998-04-13,M.C.G.,Carlton,Essendon,Carlton,Matt Clape,1,0,2,0,0,0,0
1998,3,1998-04-13,M.C.G.,Carlton,Essendon,Carlton,Ron De Iulio,13,5,5,1,1,0,3
1998,3,1998-04-13,M.C.G.,Carlton,Essendon,Carlton,Peter Dean,4,0,2,0,1,0,0
1998,3,1998-04-13,M.C.G.,Carlton,Essendon,Carlton,Aaron Hamill,7,3,3,0,0,0,0
1998,3,1998-04-13,M.C.G.,Carlton,Essendon,Carlton,Matthew Hogg,9,1,4,1,0,0,1
1998,3,1998-04-13,M.C.G.,Carlton,Essendon,Carlton,Darren Hulme,11,2,5,0,0,0,2
1998,3,1998-04-13,M.C.G.,Carlton,Essendon,Carlton,Anthony Koutoufides,8,5,4,0,0,0,1
1998,3,1998-04-13,M.C.G.,Carlton,Essendon,Carlton,Damien Lock,11,4,6,0,0,0,3
1998,3,1998-04-13,M.C.G.,Carlton,Essendon,Carlton,Andrew McKay,5,3,8,0,0,0,0
1998,3,1998-04-13,M.C.G.,Carlton,Essendon,Carlton,Brad Pearce,12,7,1,4,4,0,0
1998,3,1998-04-13,M.C.G.,Carlton,Essendon,Carlton,Mark Porter,3,5,7,0,0,19,2
1998,3,1998-04-13,M.C.G.,Carlton,Essendon,Carlton,Brett Ratten,14,2,9,0,1,0,4
1998,3,1998-04-13,M.C.G.,Carlton,Essendon,Carlton,Dean Rice,11,4,3,0,0,0,2
1998,3,1998-04-13,M.C.G.,Carlton,Essendon,Carlton,Michael Sexton,17,7,2,0,0,0,0
1998,3,1998-04-13,M.C.G.,Carlton,Essendon,Carlton,Stephen Silvagni,5,2,5,0,0,0,1
1998,3,1998-04-13,M.C.G.,Carlton,Essendon,Carlton,Adam White,0,0,0,0,0,0,0
1998,3,1998-04-13,M.C.G.,Carlton,Essendon,Carlton,Lance Whitnall,12,7,1,3,3,0,2
1998,3,1998-04-13,M.C.G.,Carlton,Essendon,Essendon,Peter Berbakov,3,2,0,0,0,0,0
1998,3,1998-04-13,M.C.G.,Carlton,Essendon,Essendon,Darren Bewick,4,0,3,0,0,0,1
1998,3,1998-04-13,M.C.G.,Carlton,Essendon,Essendon,Justin Blumfield,7,4,5,0,1,0,0
1998,3,1998-04-13,M.C.G.,Carlton,Essendon,Essendon,Mark Bolton,3,1,5,0,0,0,0
1998,3,1998-04-13,M.C.G.,Carlton,Essendon,Essendon,Andrew Bomford,15,5,10,1,1,1,4
1998,3,1998-04-13,M.C.G.,Carlton,Essendon,Essendon,David Calthorpe,10,3,7,0,0,0,2
1998,3,1998-04-13,M.C.G.,Carlton,Essendon,Essendon,Blake Caracella,6,3,4,2,1,0,0
1998,3,1998-04-13,M.C.G.,Carlton,Essendon,Essendon,Che Cockatoo-Collins,9,5,1,3,2,0,0
1998,3,1998-04-13,M.C.G.,Carlton,Essendon,Essendon,Sean Denham,11,3,6,0,0,0,4
1998,3,1998-04-13,M.C.G.,Carlton,Essendon,Essendon,Simon Eastaugh,6,1,2,0,1,2,0
1998,3,1998-04-13,M.C.G.,Carlton,Essendon,Essendon,Dustin Fletcher,10,4,1,0,0,0,0
1998,3,1998-04-13,M.C.G.,Carlton,Essendon,Essendon,Mark Fraser,4,2,6,1,0,0,1
1998,3,1998-04-13,M.C.G.,Carlton,Essendon,Essendon,Damien Hardwick,18,2,2,0,1,0,1
1998,3,1998-04-13,M.C.G.,Carlton,Essendon,Essendon,Chris Heffernan,9,1,4,0,0,0,1
1998,3,1998-04-13,M.C.G.,Carlton,Essendon,Essendon,Matthew Lloyd,11,5,2,1,5,0,0
1998,3,1998-04-13,M.C.G.,Carlton,Essendon,Essendon,Scott Lucas,13,5,2,3,1,1,1
1998,3,1998-04-13,M.C.G.,Carlton,Essendon,Essendon,Mark Mercuri,14,5,8,3,1,0,0
1998,3,1998-04-13,M.C.G.,Carlton,Essendon,Essendon,Gary Moorcroft,7,0,2,0,1,0,2
1998,3,1998-04-13,M.C.G.,Carlton,Essendon,Essendon,Gary ODonnell,15,5,8,0,0,0,1
1998,3,1998-04-13,M.C.G.,Carlton,Essendon,Essendon,Ricky Olarenshaw,2,0,3,0,0,0,0
1998,3,1998-04-13,M.C.G.,Carlton,Essendon,Essendon,Peter Somerville,1,2,4,0,0,13,2
1998,3,1998-04-13,M.C.G.,Carlton,Essendon,Essendon,Sean Wellman,15,6,5,0,0,0,1
1998,3,1998-04-13,Gabba,Brisbane Lions,Melbourne,Brisbane Lions,Jason Akermanis,7,1,5,0,0,0,1
1998,3,1998-04-13,Gabba,Brisbane Lions,Melbourne,Brisbane Lions,Marcus Ashcroft,15,3,4,0,2,0,2
1998,3,1998-04-13,Gabba,Brisbane Lions,Melbourne,Brisbane Lions,Scott Bamford,0,0,1,0,0,0,0
1998,3,1998-04-13,Gabba,Brisbane Lions,Melbourne,Brisbane Lions,Trent Bartlett,3,2,1,1,0,0,0
1998,3,1998-04-13,Gabba,Brisbane Lions,Melbourne,Brisbane Lions,Simon Black,9,2,9,0,1,0,2
1998,3,1998-04-13,Gabba,Brisbane Lions,Melbourne,Brisbane Lions,Daniel Bradshaw,3,2,4,0,0,0,0
1998,3,1998-04-13,Gabba,Brisbane Lions,Melbourne,Brisbane Lions,Richard Champion,12,5,2,1,1,0,1
1998,3,1998-04-13,Gabba,Brisbane Lions,Melbourne,Brisbane Lions,Matthew Clarke,4,2,7,0,0,28,0
1998,3,1998-04-13,Gabba,Brisbane Lions,Melbourne,Brisbane Lions,Chris Johnson,8,4,3,4,0,0,1
1998,3,1998-04-13,Gabba,Brisbane Lions,Melbourne,Brisbane Lions,Matthew Kennedy,11,5,1,0,0,1,0
1998,3,1998-04-13,Gabba,Brisbane Lions,Melbourne,Brisbane Lions,Steven Lawrence,13,3,4,2,2,0,1
1998,3,1998-04-13,Gabba,Brisbane Lions,Melbourne,Brisbane Lions,Justin Leppitsch,10,5,5,1,0,0,0
1998,3,1998-04-13,Gabba,Brisbane Lions,Melbourne,Brisbane Lions,Alastair Lynch,9,5,4,1,1,1,1
1998,3,1998-04-13,Gabba,Brisbane Lions,Melbourne,Brisbane Lions,Tristan Lynch,14,4,6,0,0,0,1
1998,3,1998-04-13,Gabba,Brisbane Lions,Melbourne,Brisbane Lions,Shane OBree,9,1,3,0,1,0,0
1998,3,1998-04-13,Gabba,Brisbane Lions,Melbourne,Brisbane Lions,Marcus Picken,8,6,3,0,0,1,1
1998,3,1998-04-13,Gabba,Brisbane Lions,Melbourne,Brisbane Lions,Ben Robbins,8,3,7,0,0,0,1
1998,3,1998-04-13,Gabba,Brisbane Lions,Melbourne,Brisbane Lions,Chris Scott,12,6,7,1,1,1,1
1998,3,1998-04-13,Gabba,Brisbane Lions,Melbourne,Brisbane Lions,Dion Scott,4,3,3,0,0,1,1
1998,3,1998-04-13,Gabba,Brisbane Lions,Melbourne,Brisbane Lions,Nick Trask,6,1,3,0,0,1,1
1998,3,1998-04-13,Gabba,Brisbane Lions,Melbourne,Brisbane Lions,Michael Voss,9,2,11,0,0,0,0
1998,3,1998-04-13,Gabba,Brisbane Lions,Melbourne,Brisbane Lions,Darryl White,10,3,3,1,2,1,0
1998,3,1998-04-13,Gabba,Brisbane Lions,Melbourne,Melbourne,Jeff Farmer,2,1,0,1,1,0,0
1998,3,1998-04-13,Gabba,Brisbane Lions,Melbourne,Melbourne,Steven Febey,13,3,8,2,0,0,3
1998,3,1998-04-13,Gabba,Brisbane Lions,Melbourne,Melbourne,Brent Grgic,9,2,6,1,1,0,1
1998,3,1998-04-13,Gabba,Brisbane Lions,Melbourne,Melbourne,Paul Hopgood,10,2,3,0,0,0,0
1998,3,1998-04-13,Gabba,Brisbane Lions,Melbourne,Melbourne,Anthony Ingerson,3,3,8,0,0,0,0
1998,3,1998-04-13,Gabba,Brisbane Lions,Melbourne,Melbourne,Andrew Leoncelli,8,1,3,0,0,0,0
1998,3,1998-04-13,Gabba,Brisbane Lions,Melbourne,Melbourne,Glenn Lovett,3,2,4,0,0,0,0
1998,3,1998-04-13,Gabba,Brisbane Lions,Melbourne,Melbourne,Garry Lyon,5,4,6,1,1,0,0
1998,3,1998-04-13,Gabba,Brisbane Lions,Melbourne,Melbourne,Anthony McDonald,7,1,6,0,0,0,0
1998,3,1998-04-13,Gabba,Brisbane Lions,Melbourne,Melbourne,James McDonald,12,1,3,1,1,0,1
1998,3,1998-04-13,Gabba,Brisbane Lions,Melbourne,Melbourne,David Neitz,7,4,5,1,0,1,1
1998,3,1998-04-13,Gabba,Brisbane Lions,Melbourne,Melbourne,Guy Rigoni,12,2,6,0,0,0,1
1998,3,1998-04-13,Gabba,Brisbane Lions,Melbourne,Melbourne,Russell Robertson,8,3,2,1,3,0,0
1998,3,1998-04-13,Gabba,Brisbane Lions,Melbourne,Melbourne,David Schwarz,8,4,2,1,1,1,0
1998,3,1998-04-13,Gabba,Brisbane Lions,Melbourne,Melbourne,Marcus Seecamp,9,3,6,0,0,0,0
1998,3,1998-04-13,Gabba,Brisbane Lions,Melbourne,Melbourne,Jamie Shanahan,5,1,0,0,0,0,0
1998,3,1998-04-13,Gabba,Brisbane Lions,Melbourne,Melbourne,Craig Smoker,8,2,2,4,0,0,0
1998,3,1998-04-13,Gabba,Brisbane Lions,Melbourne,Melbourne,Jim Stynes,9,2,8,0,0,7,1
1998,3,1998-04-13,Gabba,Brisbane Lions,Melbourne,Melbourne,Todd Viney,9,3,11,0,0,0,2
1998,3,1998-04-13,Gabba,Brisbane Lions,Melbourne,Melbourne,Jeff White,7,3,7,1,1,14,0
1998,3,1998-04-13,Gabba,Brisbane Lions,Melbourne,Melbourne,Shane Woewodin,6,3,9,0,0,0,1
1998,3,1998-04-13,Gabba,Brisbane Lions,Melbourne,Melbourne,Adem Yze,23,8,0,1,0,1,0
1998,4,1998-04-17,M.C.G.,Collingwood,Richmond,Collingwood,Nathan Buckley,26,5,14,2,1,0,1
1998,4,1998-04-17,M.C.G.,Collingwood,Richmond,Collingwood,Gavin Crosisca,17,8,7,1,0,0,0
1998,4,1998-04-17,M.C.G.,Collingwood,Richmond,Collingwood,Scott Crow,8,3,1,1,0,0,0
1998,4,1998-04-17,M.C.G.,Collingwood,Richmond,Collingwood,Matthew Francis,6,4,6,0,0,8,0
1998,4,1998-04-17,M.C.G.,Collingwood,Richmond,Collingwood,Brad Fuller,5,4,1,1,3,0,0
1998,4,1998-04-17,M.C.G.,Collingwood,Richmond,Collingwood,Luke Godden,0,1,1,0,0,0,0
1998,4,1998-04-17,M.C.G.,Collingwood,Richmond,Collingwood,Chad Liddell,10,5,10,0,0,0,4
1998,4,1998-04-17,M.C.G.,Collingwood,Richmond,Collingwood,Alex McDonald,24,9,12,0,0,0,0
1998,4,1998-04-17,M.C.G.,Collingwood,Richmond,Collingwood,Mal Michael,7,4,2,0,0,1,0
1998,4,1998-04-17,M.C.G.,Collingwood,Richmond,Collingwood,Damian Monkhorst,10,4,2,0,0,16,0
1998,4,1998-04-17,M.C.G.,Collingwood,Richmond,Collingwood,Richard Osborne,20,9,6,0,0,0,2
1998,4,1998-04-17,M.C.G.,Collingwood,Richmond,Collingwood,Stephen Patterson,7,2,4,0,0,0,2
1998,4,1998-04-17,M.C.G.,Collingwood,Richmond,Collingwood,Andrew Pugsley,3,0,3,2,0,0,2
1998,4,1998-04-17,M.C.G.,Collingwood,Richmond,Collingwood,Mark Richardson,9,7,7,0,0,3,1
1998,4,1998-04-17,M.C.G.,Collingwood,Richmond,Collingwood,Anthony Rocca,9,8,3,5,3,1,2
1998,4,1998-04-17,M.C.G.,Collingwood,Richmond,Collingwood,Saverio Rocca,7,4,5,4,1,0,0
1998,4,1998-04-17,M.C.G.,Collingwood,Richmond,Collingwood,Scott Russell,16,8,11,0,0,0,5
1998,4,1998-04-17,M.C.G.,Collingwood,Richmond,Collingwood,Andrew Schauble,9,5,10,0,0,1,2
1998,4,1998-04-17,M.C.G.,Collingwood,Richmond,Collingwood,Chris Tarrant,0,0,0,0,0,1,0
1998,4,1998-04-17,M.C.G.,Collingwood,Richmond,Collingwood,Shane Watson,9,6,4,3,1,0,3
1998,4,1998-04-17,M.C.G.,Collingwood,Richmond,Collingwood,Jason Wild,7,4,2,1,0,0,0
1998,4,1998-04-17,M.C.G.,Collingwood,Richmond,Collingwood,Graham Wright,16,4,2,0,0,0,0
1998,4,1998-04-17,M.C.G.,Collingwood,Richmond,Richmond,Ashley Blurton,7,1,5,0,0,0,2
1998,4,1998-04-17,M.C.G.,Collingwood,Richmond,Richmond,Nathan Bower,7,2,5,0,0,0,0
1998,4,1998-04-17,M.C.G.,Collingwood,Richmond,Richmond,Paul Broderick,3,0,3,0,0,0,1
1998,4,1998-04-17,M.C.G.,Collingwood,Richmond,Richmond,Paul Bulluss,6,1,1,0,0,0,0
1998,4,1998-04-17,M.C.G.,Collingwood,Richmond,Richmond,Wayne Campbell,15,5,12,1,1,0,3
1998,4,1998-04-17,M.C.G.,Collingwood,Richmond,Richmond,Nick Daffy,20,5,8,5,4,0,1
1998,4,1998-04-17,M.C.G.,Collingwood,Richmond,Richmond,Brendon Gale,12,3,6,1,0,10,0
1998,4,1998-04-17,M.C.G.,Collingwood,Richmond,Richmond,Michael Gale,5,0,3,0,0,0,0
1998,4,1998-04-17,M.C.G.,Collingwood,Richmond,Richmond,Darren Gaspar,11,4,7,0,1,0,2
1998,4,1998-04-17,M.C.G.,Collingwood,Richmond,Richmond,Ben Harrison,14,5,6,0,1,1,1
1998,4,1998-04-17,M.C.G.,Collingwood,Richmond,Richmond,Ben Holland,5,4,5,2,1,2,3
1998,4,1998-04-17,M.C.G.,Collingwood,Richmond,Richmond,Aaron James,6,4,5,0,0,0,3
1998,4,1998-04-17,M.C.G.,Collingwood,Richmond,Richmond,Duncan Kellaway,8,1,5,0,0,0,6
1998,4,1998-04-17,M.C.G.,Collingwood,Richmond,Richmond,Mark Merenda,11,2,10,0,1,0,0
1998,4,1998-04-17,M.C.G.,Collingwood,Richmond,Richmond,Ben Moore,8,2,4,0,0,0,0
1998,4,1998-04-17,M.C.G.,Collingwood,Richmond,Richmond,Trent Nichols,6,1,1,0,0,0,0
1998,4,1998-04-17,M.C.G.,Collingwood,Richmond,Richmond,Brad Ottens,5,2,4,0,0,7,0
1998,4,1998-04-17,M.C.G.,Collingwood,Richmond,Richmond,Ashley Prescott,10,4,6,0,0,0,0
1998,4,1998-04-17,M.C.G.,Collingwood,Richmond,Richmond,Matthew Rogers,15,2,3,2,1,0,0
1998,4,1998-04-17,M.C.G.,Collingwood,Richmond,Richmond,John Rombotis,8,4,7,1,2,0,4
1998,4,1998-04-17,M.C.G.,Collingwood,Richmond,Richmond,Damien Ryan,1,1,2,0,0,0,1
1998,4,1998-04-17,M.C.G.,Collingwood,Richmond,Richmond,Jason Torney,10,4,3,0,1,0,3
1998,4,1998-04-18,Kardinia Park,Geelong,Western Bulldogs,Geelong,Craig Biddiscombe,5,3,5,1,0,0,0
1998,4,1998-04-18,Kardinia Park,Geelong,Western Bulldogs,Geelong,Paul Brown,1,0,1,0,0,0,0
1998,4,1998-04-18,Kardinia Park,Geelong,Western Bulldogs,Geelong,Ronnie Burns,8,2,2,2,1,0,1
1998,4,1998-04-18,Kardinia Park,Geelong,Western Bulldogs,Geelong,Leigh Colbert,5,1,6,0,0,0,1
1998,4,1998-04-18,Kardinia Park,Geelong,Western Bulldogs,Geelong,Paul Corrigan,5,0,1,0,0,0,1
1998,4,1998-04-18,Kardinia Park,Geelong,Western Bulldogs,Geelong,Ben Graham,5,1,0,0,0,0,1
1998,4,1998-04-18,Kardinia Park,Geelong,Western Bulldogs,Geelong,Derek Hall,4,2,2,0,0,0,0
1998,4,1998-04-18,Kardinia Park,Geelong,Western Bulldogs,Geelong,Garry Hocking,8,3,6,0,0,0,2
1998,4,1998-04-18,Kardinia Park,Geelong,Western Bulldogs,Geelong,Glenn Kilpatrick,11,7,8,0,0,0,1
1998,4,1998-04-18,Kardinia Park,Geelong,Western Bulldogs,Geelong,Steven King,8,4,3,1,1,7,0
1998,4,1998-04-18,Kardinia Park,Geelong,Western Bulldogs,Geelong,Paul Lynch,17,9,4,3,2,0,0
1998,4,1998-04-18,Kardinia Park,Geelong,Western Bulldogs,Geelong,Michael Mansfield,7,4,8,0,2,0,2
1998,4,1998-04-18,Kardinia Park,Geelong,Western Bulldogs,Geelong,Tim McGrath,20,3,2,1,0,0,3
1998,4,1998-04-18,Kardinia Park,Geelong,Western Bulldogs,Geelong,David Mensch,10,7,14,0,1,18,4
1998,4,1998-04-18,Kardinia Park,Geelong,Western Bulldogs,Geelong,Darren Milburn,9,4,4,0,0,1,5
1998,4,1998-04-18,Kardinia Park,Geelong,Western Bulldogs,Geelong,Liam Pickering,13,3,11,0,0,0,6
1998,4,1998-04-18,Kardinia Park,Geelong,Western Bulldogs,Geelong,Peter Riccardi,13,4,4,1,0,0,3
1998,4,1998-04-18,Kardinia Park,Geelong,Western Bulldogs,Geelong,Cameron Roberts,3,1,0,1,0,0,0
1998,4,1998-04-18,Kardinia Park,Geelong,Western Bulldogs,Geelong,Brenton Sanderson,17,7,8,0,0,0,2
1998,4,1998-04-18,Kardinia Park,Geelong,Western Bulldogs,Geelong,Sean Simpson,7,4,8,0,0,0,4
1998,4,1998-04-18,Kardinia Park,Geelong,Western Bulldogs,Geelong,Jason Snell,3,2,4,0,0,0,1
1998,4,1998-04-18,Kardinia Park,Geelong,Western Bulldogs,Geelong,Barry Stoneham,12,11,4,1,3,1,1
1998,4,1998-04-18,Kardinia Park,Geelong,Western Bulldogs,Western Bulldogs,Leon Cameron,9,3,1,1,0,0,1
1998,4,1998-04-18,Kardinia Park,Geelong,Western Bulldogs,Western Bulldogs,James Cook,2,0,1,1,0,0,0
1998,4,1998-04-18,Kardinia Park,Geelong,Western Bulldogs,Western Bulldogs,Matthew Croft,5,5,4,0,0,0,1
1998,4,1998-04-18,Kardinia Park,Geelong,Western Bulldogs,Western Bulldogs,Todd Curley,8,3,4,0,0,0,0
1998,4,1998-04-18,Kardinia Park,Geelong,Western Bulldogs,Western Bulldogs,Luke Darcy,2,1,3,0,0,3,0
1998,4,1998-04-18,Kardinia Park,Geelong,Western Bulldogs,Western Bulldogs,Matthew Dent,4,2,3,0,0,0,1
1998,4,1998-04-18,Kardinia Park,Geelong,Western Bulldogs,Western Bulldogs,Paul Dimattina,5,6,5,0,0,0,1
1998,4,1998-04-18,Kardinia Park,Geelong,Western Bulldogs,Western Bulldogs,Craig Ellis,5,2,1,0,0,0,4
1998,4,1998-04-18,Kardinia Park,Geelong,Western Bulldogs,Western Bulldogs,Simon Garlick,4,0,3,0,0,0,1
1998,4,1998-04-18,Kardinia Park,Geelong,Western Bulldogs,Western Bulldogs,Chris Grant,15,11,3,3,3,2,0
1998,4,1998-04-18,Kardinia Park,Geelong,Western Bulldogs,Western Bulldogs,Paul Hudson,10,4,7,3,1,0,1
1998,4,1998-04-18,Kardinia Park,Geelong,Western Bulldogs,Western Bulldogs,Brad Johnson,23,8,6,2,0,0,1
1998,4,1998-04-18,Kardinia Park,Geelong,Western Bulldogs,Western Bulldogs,Steven Kolyniuk,10,3,4,1,0,0,1
1998,4,1998-04-18,Kardinia Park,Geelong,Western Bulldogs,Western Bulldogs,Steven Kretiuk,11,7,7,0,0,1,3
1998,4,1998-04-18,Kardinia Park,Geelong,Western Bulldogs,Western Bulldogs,Tony Liberatore,9,1,7,0,0,0,3
1998,4,1998-04-18,Kardinia Park,Geelong,Western Bulldogs,Western Bulldogs,Michael Martin,5,3,2,0,1,0,5
1998,4,1998-04-18,Kardinia Park,Geelong,Western Bulldogs,Western Bulldogs,Jose Romero,18,2,6,1,0,0,0
1998,4,1998-04-18,Kardinia Park,Geelong,Western Bulldogs,Western Bulldogs,Rohan Smith,10,6,4,1,3,0,0
1998,4,1998-04-18,Kardinia Park,Geelong,Western Bulldogs,Western Bulldogs,Daniel Southern,5,3,4,0,0,0,1
1998,4,1998-04-18,Kardinia Park,Geelong,Western Bulldogs,Western Bulldogs,Scott West,19,1,7,0,1,0,2
1998,4,1998-04-18,Kardinia Park,Geelong,Western Bulldogs,Western Bulldogs,Brad Wira,5,2,3,0,0,0,3
1998,4,1998-04-18,Kardinia Park,Geelong,Western Bulldogs,Western Bulldogs,Scott Wynd,5,1,9,1,0,23,0
1998,4,1998-04-18,Waverley Park,Hawthorn,St Kilda,Hawthorn,John Barker,3,2,1,0,0,0,1
1998,4,1998-04-18,Waverley Park,Hawthorn,St Kilda,Hawthorn,Nathan Chapman,6,2,2,0,0,1,1
1998,4,1998-04-18,Waverley Park,Hawthorn,St Kilda,Hawthorn,Daniel Chick,7,2,4,1,1,1,3
1998,4,1998-04-18,Waverley Park,Hawthorn,St Kilda,Hawthorn,Justin Crawford,3,1,0,0,1,0,1
1998,4,1998-04-18,Waverley Park,Hawthorn,St Kilda,Hawthorn,Shane Crawford,18,1,8,0,0,0,4
1998,4,1998-04-18,Waverley Park,Hawthorn,St Kilda,Hawthorn,Trent Croad,7,3,4,0,2,0,0
1998,4,1998-04-18,Waverley Park,Hawthorn,St Kilda,Hawthorn,Ben Dixon,9,3,4,2,2,0,2
1998,4,1998-04-18,Waverley Park,Hawthorn,St Kilda,Hawthorn,Jason Dunstall,12,7,2,7,1,0,2
1998,4,1998-04-18,Waverley Park,Hawthorn,St Kilda,Hawthorn,Mark Graham,18,6,4,1,0,3,2
1998,4,1998-04-18,Waverley Park,Hawthorn,St Kilda,Hawthorn,Daniel Harford,10,3,6,0,0,0,1
1998,4,1998-04-18,Waverley Park,Hawthorn,St Kilda,Hawthorn,Jon Hassall,5,1,1,0,0,0,0
1998,4,1998-04-18,Waverley Park,Hawthorn,St Kilda,Hawthorn,Jonathan Hay,8,3,4,0,0,0,1
1998,4,1998-04-18,Waverley Park,Hawthorn,St Kilda,Hawthorn,Nick Holland,16,5,1,2,0,10,1
1998,4,1998-04-18,Waverley Park,Hawthorn,St Kilda,Hawthorn,Haydon Kilmartin,4,0,2,0,0,0,0
1998,4,1998-04-18,Waverley Park,Hawthorn,St Kilda,Hawthorn,Brendan Krummel,11,3,13,3,1,1,3
1998,4,1998-04-18,Waverley Park,Hawthorn,St Kilda,Hawthorn,Stephen Lawrence,2,0,1,0,0,7,1
1998,4,1998-04-18,Waverley Park,Hawthorn,St Kilda,Hawthorn,Angelo Lekkas,18,4,0,0,0,0,0
1998,4,1998-04-18,Waverley Park,Hawthorn,St Kilda,Hawthorn,Aaron Lord,6,0,2,1,0,0,1
1998,4,1998-04-18,Waverley Park,Hawthorn,St Kilda,Hawthorn,Luke McCabe,7,5,8,0,0,0,1
1998,4,1998-04-18,Waverley Park,Hawthorn,St Kilda,Hawthorn,Richard Taylor,20,1,6,0,1,0,3
1998,4,1998-04-18,Waverley Park,Hawthorn,St Kilda,Hawthorn,Craig Treleven,5,2,5,1,0,0,3
1998,4,1998-04-18,Waverley Park,Hawthorn,St Kilda,Hawthorn,Tony Woods,6,2,8,0,0,0,5
1998,4,1998-04-18,Waverley Park,Hawthorn,St Kilda,St Kilda,Luke Beveridge,4,0,0,0,0,0,2
1998,4,1998-04-18,Waverley Park,Hawthorn,St Kilda,St Kilda,Tony Brown,2,2,2,0,0,0,1
1998,4,1998-04-18,Waverley Park,Hawthorn,St Kilda,St Kilda,Nathan Burke,10,3,13,0,0,0,2
1998,4,1998-04-18,Waverley Park,Hawthorn,St Kilda,St Kilda,Jayson Daniels,3,0,1,0,0,0,0
1998,4,1998-04-18,Waverley Park,Hawthorn,St Kilda,St Kilda,Peter Everitt,14,7,4,4,1,29,0
1998,4,1998-04-18,Waverley Park,Hawthorn,St Kilda,St Kilda,Barry Hall,6,4,2,1,1,2,1
1998,4,1998-04-18,Waverley Park,Hawthorn,St Kilda,St Kilda,Robert Harvey,24,2,10,1,1,0,0
1998,4,1998-04-18,Waverley Park,Hawthorn,St Kilda,St Kilda,Jason Heatley,6,3,1,3,0,1,1
1998,4,1998-04-18,Waverley Park,Hawthorn,St Kilda,St Kilda,Max Hudghton,4,0,5,0,0,0,2
1998,4,1998-04-18,Waverley Park,Hawthorn,St Kilda,St Kilda,Austinn Jones,12,4,2,2,1,0,1
1998,4,1998-04-18,Waverley Park,Hawthorn,St Kilda,St Kilda,Rod Keogh,1,1,0,0,0,0,1
1998,4,1998-04-18,Waverley Park,Hawthorn,St Kilda,St Kilda,Brett Knowles,6,1,4,0,0,0,3
1998,4,1998-04-18,Waverley Park,Hawthorn,St Kilda,St Kilda,Stewart Loewe,13,11,4,3,0,17,1
1998,4,1998-04-18,Waverley Park,Hawthorn,St Kilda,St Kilda,Gavin Mitchell,11,4,6,2,2,0,3
1998,4,1998-04-18,Waverley Park,Hawthorn,St Kilda,St Kilda,Justin Peckett,12,2,6,1,0,0,3
1998,4,1998-04-18,Waverley Park,Hawthorn,St Kilda,St Kilda,David Sierakowski,5,2,5,0,0,3,2
1998,4,1998-04-18,Waverley Park,Hawthorn,St Kilda,St Kilda,Steven Sziller,8,3,6,0,0,0,3
1998,4,1998-04-18,Waverley Park,Hawthorn,St Kilda,St Kilda,Andrew Thompson,13,3,3,0,0,0,1
1998,4,1998-04-18,Waverley Park,Hawthorn,St Kilda,St Kilda,Darryl Wakelin,5,2,4,0,0,0,3
1998,4,1998-04-18,Waverley Park,Hawthorn,St Kilda,St Kilda,Shane Wakelin,1,0,2,0,0,0,0
1998,4,1998-04-18,Waverley Park,Hawthorn,St Kilda,St Kilda,Nicky Winmar,13,6,6,2,1,0,2
1998,4,1998-04-18,Waverley Park,Hawthorn,St Kilda,St Kilda,Matthew Young,7,3,2,1,0,0,0
1998,4,1998-04-18,W.A.C.A.,West Coast,Sydney,West Coast,Jason Ball,6,3,2,0,1,3,0
1998,4,1998-04-18,W.A.C.A.,West Coast,Sydney,West Coast,Michael Braun,4,1,2,0,0,0,3
1998,4,1998-04-18,W.A.C.A.,West Coast,Sydney,West Coast,Ben Cousins,16,5,9,2,1,0,0
1998,4,1998-04-18,W.A.C.A.,West Coast,Sydney,West Coast,Tony Evans,4,1,2,0,0,0,1
1998,4,1998-04-18,W.A.C.A.,West Coast,Sydney,West Coast,Michael Gardiner,6,3,3,0,1,17,0
1998,4,1998-04-18,W.A.C.A.,West Coast,Sydney,West Coast,Fraser Gehrig,12,12,5,6,3,1,1
1998,4,1998-04-18,W.A.C.A.,West Coast,Sydney,West Coast,Glen Jakovich,11,6,10,1,0,2,0
1998,4,1998-04-18,W.A.C.A.,West Coast,Sydney,West Coast,Dean Kemp,15,5,15,0,1,1,2
1998,4,1998-04-18,W.A.C.A.,West Coast,Sydney,West Coast,Chris Lewis,14,4,9,1,0,1,2
1998,4,1998-04-18,W.A.C.A.,West Coast,Sydney,West Coast,Peter Matera,11,2,5,1,0,1,3
1998,4,1998-04-18,W.A.C.A.,West Coast,Sydney,West Coast,Phillip Matera,2,1,4,1,0,0,2
1998,4,1998-04-18,W.A.C.A.,West Coast,Sydney,West Coast,Ashley McIntosh,9,2,1,0,0,0,0
1998,4,1998-04-18,W.A.C.A.,West Coast,Sydney,West Coast,Guy McKenna,11,2,11,0,0,1,2
1998,4,1998-04-18,W.A.C.A.,West Coast,Sydney,West Coast,Chad Morrison,14,6,4,2,2,0,0
1998,4,1998-04-18,W.A.C.A.,West Coast,Sydney,West Coast,Phillip Read,4,0,3,0,0,0,2
1998,4,1998-04-18,W.A.C.A.,West Coast,Sydney,West Coast,Jarrad Schofield,5,1,2,0,1,0,0
1998,4,1998-04-18,W.A.C.A.,West Coast,Sydney,West Coast,Paul Symmons,6,1,6,0,0,0,2
1998,4,1998-04-18,W.A.C.A.,West Coast,Sydney,West Coast,Ryan Turnbull,4,1,3,0,1,6,0
1998,4,1998-04-18,W.A.C.A.,West Coast,Sydney,West Coast,Chris Waterman,16,7,6,0,0,0,0
1998,4,1998-04-18,W.A.C.A.,West Coast,Sydney,West Coast,Mitchell White,4,4,7,0,0,0,0
1998,4,1998-04-18,W.A.C.A.,West Coast,Sydney,West Coast,Josh Wooden,8,1,3,0,0,0,2
1998,4,1998-04-18,W.A.C.A.,West Coast,Sydney,West Coast,John Worsfold,7,1,1,0,0,0,0
1998,4,1998-04-18,W.A.C.A.,West Coast,Sydney,Sydney,Robert AhMat,2,0,2,1,1,0,0
1998,4,1998-04-18,W.A.C.A.,West Coast,Sydney,Sydney,Leo Barry,3,0,1,0,0,0,2
1998,4,1998-04-18,W.A.C.A.,West Coast,Sydney,Sydney,Mark Bayes,1,1,0,0,0,0,0
1998,4,1998-04-18,W.A.C.A.,West Coast,Sydney,Sydney,Troy Cook,4,0,1,0,0,0,1
1998,4,1998-04-18,W.A.C.A.,West Coast,Sydney,Sydney,Daryn Cresswell,19,4,16,0,2,1,0
1998,4,1998-04-18,W.A.C.A.,West Coast,Sydney,Sydney,Andrew Dunkley,2,4,4,0,0,0,1
1998,4,1998-04-18,W.A.C.A.,West Coast,Sydney,Sydney,Peter Filandia,3,1,4,0,0,0,0
1998,4,1998-04-18,W.A.C.A.,West Coast,Sydney,Sydney,Paul Kelly,17,5,13,1,0,0,3
1998,4,1998-04-18,W.A.C.A.,West Coast,Sydney,Sydney,Tony Lockett,9,4,2,7,1,1,0
1998,4,1998-04-18,W.A.C.A.,West Coast,Sydney,Sydney,Troy Luff,13,9,8,0,0,1,1
1998,4,1998-04-18,W.A.C.A.,West Coast,Sydney,Sydney,Stuart Maxfield,10,1,2,1,0,0,1
1998,4,1998-04-18,W.A.C.A.,West Coast,Sydney,Sydney,Daniel McPherson,4,3,3,0,0,1,1
1998,4,1998-04-18,W.A.C.A.,West Coast,Sydney,Sydney,Jason Mooney,13,5,1,0,1,0,2
1998,4,1998-04-18,W.A.C.A.,West Coast,Sydney,Sydney,Matthew Nicks,7,2,6,0,0,0,0
1998,4,1998-04-18,W.A.C.A.,West Coast,Sydney,Sydney,Craig OBrien,11,5,5,0,0,0,2
1998,4,1998-04-18,W.A.C.A.,West Coast,Sydney,Sydney,Michael OLoughlin,15,7,4,1,0,0,1
1998,4,1998-04-18,W.A.C.A.,West Coast,Sydney,Sydney,Mark Orchard,5,3,1,0,0,0,1
1998,4,1998-04-18,W.A.C.A.,West Coast,Sydney,Sydney,Paul Roos,8,2,8,0,0,0,0
1998,4,1998-04-18,W.A.C.A.,West Coast,Sydney,Sydney,Wayne Schwass,27,7,5,5,2,1,4
1998,4,1998-04-18,W.A.C.A.,West Coast,Sydney,Sydney,Greg Stafford,7,7,4,1,0,44,0
1998,4,1998-04-18,W.A.C.A.,West Coast,Sydney,Sydney,John Stevens,9,4,4,1,0,0,1
1998,4,1998-04-18,W.A.C.A.,West Coast,Sydney,Sydney,Rowan Warfe,9,2,4,0,0,0,1
1998,4,1998-04-19,Football Park,Port Adelaide,Adelaide,Port Adelaide,Shane Bond,6,1,6,0,0,0,4
1998,4,1998-04-19,Football Park,Port Adelaide,Adelaide,Port Adelaide,Peter Burgoyne,8,3,1,1,1,0,4
1998,4,1998-04-19,Football Park,Port Adelaide,Adelaide,Port Adelaide,Scott Cummings,2,1,0,1,0,0,1
1998,4,1998-04-19,Football Park,Port Adelaide,Adelaide,Port Adelaide,Stephen Daniels,0,0,0,0,0,0,0
1998,4,1998-04-19,Football Park,Port Adelaide,Adelaide,Port Adelaide,Donald Dickie,11,2,13,1,0,0,6
1998,4,1998-04-19,Football Park,Port Adelaide,Adelaide,Port Adelaide,Nathan Eagleton,10,1,3,1,1,0,1
1998,4,1998-04-19,Football Park,Port Adelaide,Adelaide,Port Adelaide,Nigel Fiegert,9,5,3,0,0,1,2
1998,4,1998-04-19,Football Park,Port Adelaide,Adelaide,Port Adelaide,Fabian Francis,14,2,3,0,0,2,3
1998,4,1998-04-19,Football Park,Port Adelaide,Adelaide,Port Adelaide,Josh Francou,12,3,7,0,1,0,6
1998,4,1998-04-19,Football Park,Port Adelaide,Adelaide,Port Adelaide,Roger James,8,2,5,1,0,0,1
1998,4,1998-04-19,Football Park,Port Adelaide,Adelaide,Port Adelaide,Adam Kingsley,20,3,6,2,2,1,3
1998,4,1998-04-19,Football Park,Port Adelaide,Adelaide,Port Adelaide,Brendon Lade,5,2,3,0,0,7,1
1998,4,1998-04-19,Football Park,Port Adelaide,Adelaide,Port Adelaide,Brayden Lyle,14,5,11,0,0,1,5
1998,4,1998-04-19,Football Park,Port Adelaide,Adelaide,Port Adelaide,Darren Mead,5,3,6,0,0,2,2
1998,4,1998-04-19,Football Park,Port Adelaide,Adelaide,Port Adelaide,Danny Morton,5,1,3,0,0,0,0
1998,4,1998-04-19,Football Park,Port Adelaide,Adelaide,Port Adelaide,Chris Naish,12,2,9,2,0,0,1
1998,4,1998-04-19,Football Park,Port Adelaide,Adelaide,Port Adelaide,Stephen Paxman,3,1,6,0,0,0,3
1998,4,1998-04-19,Football Park,Port Adelaide,Adelaide,Port Adelaide,Darryl Poole,5,3,13,0,1,7,4
1998,4,1998-04-19,Football Park,Port Adelaide,Adelaide,Port Adelaide,Matthew Primus,8,1,8,0,0,28,1
1998,4,1998-04-19,Football Park,Port Adelaide,Adelaide,Port Adelaide,Warren Tredrea,3,0,3,0,0,1,1
1998,4,1998-04-19,Football Park,Port Adelaide,Adelaide,Port Adelaide,Gavin Wanganeen,17,2,7,1,0,0,4
1998,4,1998-04-19,Football Park,Port Adelaide,Adelaide,Port Adelaide,Michael Wilson,8,1,3,1,0,0,3
1998,4,1998-04-19,Football Park,Port Adelaide,Adelaide,Adelaide,Nathan Bassett,8,2,3,0,0,4,3
1998,4,1998-04-19,Football Park,Port Adelaide,Adelaide,Adelaide,Mark Bickley,17,3,4,0,0,0,5
1998,4,1998-04-19,Football Park,Port Adelaide,Adelaide,Adelaide,Peter Caven,6,1,3,0,1,2,3
1998,4,1998-04-19,Football Park,Port Adelaide,Adelaide,Adelaide,Matthew Connell,7,2,3,0,0,0,5
1998,4,1998-04-19,Football Park,Port Adelaide,Adelaide,Adelaide,Andrew Eccles,5,2,2,0,0,1,2
1998,4,1998-04-19,Football Park,Port Adelaide,Adelaide,Adelaide,Shane Ellen,1,0,0,0,1,0,0
1998,4,1998-04-19,Football Park,Port Adelaide,Adelaide,Adelaide,Ben Hart,9,1,0,0,0,1,2
1998,4,1998-04-19,Football Park,Port Adelaide,Adelaide,Adelaide,Brett James,5,1,12,2,0,0,4
1998,4,1998-04-19,Football Park,Port Adelaide,Adelaide,Adelaide,Darren Jarman,12,1,3,2,2,0,1
1998,4,1998-04-19,Football Park,Port Adelaide,Adelaide,Adelaide,Kane Johnson,8,0,4,0,0,0,2
1998,4,1998-04-19,Football Park,Port Adelaide,Adelaide,Adelaide,Kym Koster,13,3,4,1,0,0,6
1998,4,1998-04-19,Football Park,Port Adelaide,Adelaide,Adelaide,Andrew McLeod,13,3,5,1,2,0,1
1998,4,1998-04-19,Football Park,Port Adelaide,Adelaide,Adelaide,Trent Ormond-Allen,10,2,1,0,0,1,2
1998,4,1998-04-19,Football Park,Port Adelaide,Adelaide,Adelaide,Lance Picioane,8,1,2,0,0,0,2
1998,4,1998-04-19,Football Park,Port Adelaide,Adelaide,Adelaide,David Pittman,4,0,1,0,1,4,1
1998,4,1998-04-19,Football Park,Port Adelaide,Adelaide,Adelaide,Shaun Rehn,6,2,7,0,1,26,3
1998,4,1998-04-19,Football Park,Port Adelaide,Adelaide,Adelaide,Mark Ricciuto,20,2,2,0,1,1,6
1998,4,1998-04-19,Football Park,Port Adelaide,Adelaide,Adelaide,Chad Rintoul,14,2,3,1,0,0,3
1998,4,1998-04-19,Football Park,Port Adelaide,Adelaide,Adelaide,Clay Sampson,4,0,4,0,1,0,6
1998,4,1998-04-19,Football Park,Port Adelaide,Adelaide,Adelaide,Nigel Smart,11,4,3,0,0,1,5
1998,4,1998-04-19,Football Park,Port Adelaide,Adelaide,Adelaide,Mark Stevens,7,4,7,1,2,1,2
1998,4,1998-04-19,Football Park,Port Adelaide,Adelaide,Adelaide,James Thiessen,13,2,5,0,0,0,1
1998,4,1998-04-19,Princes Park,Carlton,Melbourne,Carlton,Matthew Allan,5,3,5,0,1,23,1
1998,4,1998-04-19,Princes Park,Carlton,Melbourne,Carlton,Jacob Anstey,6,0,1,0,1,0,0
1998,4,1998-04-19,Princes Park,Carlton,Melbourne,Carlton,Craig Bradley,9,5,3,1,1,0,1
1998,4,1998-04-19,Princes Park,Carlton,Melbourne,Carlton,Fraser Brown,16,4,12,0,0,0,3
1998,4,1998-04-19,Princes Park,Carlton,Melbourne,Carlton,Scott Camporeale,13,2,6,0,1,0,0
1998,4,1998-04-19,Princes Park,Carlton,Melbourne,Carlton,Ron De Iulio,13,3,1,0,0,0,4
1998,4,1998-04-19,Princes Park,Carlton,Melbourne,Carlton,Peter Dean,9,4,5,2,0,0,2
1998,4,1998-04-19,Princes Park,Carlton,Melbourne,Carlton,Aaron Hamill,12,6,5,1,0,0,0
1998,4,1998-04-19,Princes Park,Carlton,Melbourne,Carlton,Matthew Hogg,11,2,7,0,0,1,3
1998,4,1998-04-19,Princes Park,Carlton,Melbourne,Carlton,Darren Hulme,3,1,1,1,0,0,1
1998,4,1998-04-19,Princes Park,Carlton,Melbourne,Carlton,Anthony Koutoufides,14,3,10,2,0,0,3
1998,4,1998-04-19,Princes Park,Carlton,Melbourne,Carlton,Damien Lock,6,2,3,0,0,0,1
1998,4,1998-04-19,Princes Park,Carlton,Melbourne,Carlton,Glenn Manton,6,7,6,0,0,0,3
1998,4,1998-04-19,Princes Park,Carlton,Melbourne,Carlton,Andrew McKay,8,4,17,0,0,0,1
1998,4,1998-04-19,Princes Park,Carlton,Melbourne,Carlton,Justin Murphy,10,6,4,1,2,0,0
1998,4,1998-04-19,Princes Park,Carlton,Melbourne,Carlton,Brad Pearce,5,3,1,1,0,0,1
1998,4,1998-04-19,Princes Park,Carlton,Melbourne,Carlton,Mark Porter,1,2,2,0,0,20,1
1998,4,1998-04-19,Princes Park,Carlton,Melbourne,Carlton,Brett Ratten,7,2,5,0,0,0,7
1998,4,1998-04-19,Princes Park,Carlton,Melbourne,Carlton,Dean Rice,10,4,6,0,1,0,6
1998,4,1998-04-19,Princes Park,Carlton,Melbourne,Carlton,Michael Sexton,4,2,3,0,0,0,1
1998,4,1998-04-19,Princes Park,Carlton,Melbourne,Carlton,Stephen Silvagni,9,5,6,1,1,2,2
1998,4,1998-04-19,Princes Park,Carlton,Melbourne,Carlton,Lance Whitnall,13,5,1,0,1,0,1
1998,4,1998-04-19,Princes Park,Carlton,Melbourne,Melbourne,Nathan Brown,9,5,2,0,0,0,1
1998,4,1998-04-19,Princes Park,Carlton,Melbourne,Melbourne,Matthew Febey,5,1,5,1,0,0,2
1998,4,1998-04-19,Princes Park,Carlton,Melbourne,Melbourne,Steven Febey,11,5,14,0,0,0,4
1998,4,1998-04-19,Princes Park,Carlton,Melbourne,Melbourne,Paul Hopgood,0,0,1,0,0,0,1
1998,4,1998-04-19,Princes Park,Carlton,Melbourne,Melbourne,Anthony Ingerson,4,2,7,0,0,0,1
1998,4,1998-04-19,Princes Park,Carlton,Melbourne,Melbourne,Andrew Leoncelli,12,1,8,0,1,0,1
1998,4,1998-04-19,Princes Park,Carlton,Melbourne,Melbourne,Garry Lyon,9,4,4,0,2,0,1
1998,4,1998-04-19,Princes Park,Carlton,Melbourne,Melbourne,Anthony McDonald,12,2,4,0,2,0,2
1998,4,1998-04-19,Princes Park,Carlton,Melbourne,Melbourne,James McDonald,8,2,2,2,0,0,1
1998,4,1998-04-19,Princes Park,Carlton,Melbourne,Melbourne,David Neitz,4,1,1,2,1,0,0
1998,4,1998-04-19,Princes Park,Carlton,Melbourne,Melbourne,Guy Rigoni,15,2,6,0,0,0,2
1998,4,1998-04-19,Princes Park,Carlton,Melbourne,Melbourne,Russell Robertson,0,0,2,0,0,0,0
1998,4,1998-04-19,Princes Park,Carlton,Melbourne,Melbourne,David Schwarz,13,5,3,3,3,3,1
1998,4,1998-04-19,Princes Park,Carlton,Melbourne,Melbourne,Marcus Seecamp,4,2,4,0,0,0,1
1998,4,1998-04-19,Princes Park,Carlton,Melbourne,Melbourne,Jamie Shanahan,5,2,5,0,0,1,6
1998,4,1998-04-19,Princes Park,Carlton,Melbourne,Melbourne,Craig Smoker,8,1,0,1,0,0,0
1998,4,1998-04-19,Princes Park,Carlton,Melbourne,Melbourne,Jim Stynes,10,4,2,0,0,10,1
1998,4,1998-04-19,Princes Park,Carlton,Melbourne,Melbourne,Stephen Tingay,9,1,2,0,0,0,1
1998,4,1998-04-19,Princes Park,Carlton,Melbourne,Melbourne,Todd Viney,15,5,8,0,0,0,1
1998,4,1998-04-19,Princes Park,Carlton,Melbourne,Melbourne,Jeff White,5,3,6,0,0,10,0
1998,4,1998-04-19,Princes Park,Carlton,Melbourne,Melbourne,Shane Woewodin,11,4,3,1,2,0,1
1998,4,1998-04-19,Princes Park,Carlton,Melbourne,Melbourne,Adem Yze,13,6,6,0,0,0,3
1998,4,1998-04-19,Waverley Park,Essendon,Fremantle,Essendon,Darren Bewick,15,4,6,0,1,0,1
1998,4,1998-04-19,Waverley Park,Essendon,Fremantle,Essendon,Justin Blumfield,13,7,8,1,1,0,0
1998,4,1998-04-19,Waverley Park,Essendon,Fremantle,Essendon,Mark Bolton,5,3,4,0,0,0,2
1998,4,1998-04-19,Waverley Park,Essendon,Fremantle,Essendon,Andrew Bomford,3,3,4,0,0,0,0
1998,4,1998-04-19,Waverley Park,Essendon,Fremantle,Essendon,David Calthorpe,4,2,5,0,0,0,1
1998,4,1998-04-19,Waverley Park,Essendon,Fremantle,Essendon,Blake Caracella,14,7,9,1,0,0,1
1998,4,1998-04-19,Waverley Park,Essendon,Fremantle,Essendon,Che Cockatoo-Collins,8,0,3,0,0,0,1
1998,4,1998-04-19,Waverley Park,Essendon,Fremantle,Essendon,Sean Denham,3,0,2,0,0,0,1
1998,4,1998-04-19,Waverley Park,Essendon,Fremantle,Essendon,Ben Doolan,9,8,9,0,0,0,2
1998,4,1998-04-19,Waverley Park,Essendon,Fremantle,Essendon,Dustin Fletcher,8,4,2,0,0,1,0
1998,4,1998-04-19,Waverley Park,Essendon,Fremantle,Essendon,Mark Fraser,17,5,5,0,2,0,7
1998,4,1998-04-19,Waverley Park,Essendon,Fremantle,Essendon,Damien Hardwick,13,4,12,0,0,0,3
1998,4,1998-04-19,Waverley Park,Essendon,Fremantle,Essendon,Chris Heffernan,7,1,7,0,0,0,2
1998,4,1998-04-19,Waverley Park,Essendon,Fremantle,Essendon,Matthew Lloyd,11,6,1,0,4,0,1
1998,4,1998-04-19,Waverley Park,Essendon,Fremantle,Essendon,Scott Lucas,15,8,0,6,0,0,1
1998,4,1998-04-19,Waverley Park,Essendon,Fremantle,Essendon,Mark Mercuri,4,3,1,0,1,0,0
1998,4,1998-04-19,Waverley Park,Essendon,Fremantle,Essendon,Joe Misiti,1,1,4,0,0,0,0
1998,4,1998-04-19,Waverley Park,Essendon,Fremantle,Essendon,Gary Moorcroft,3,1,2,0,0,0,3
1998,4,1998-04-19,Waverley Park,Essendon,Fremantle,Essendon,Ryan OConnor,5,2,4,3,0,1,2
1998,4,1998-04-19,Waverley Park,Essendon,Fremantle,Essendon,Gary ODonnell,14,4,8,0,0,0,3
1998,4,1998-04-19,Waverley Park,Essendon,Fremantle,Essendon,Peter Somerville,4,3,6,0,0,16,1
1998,4,1998-04-19,Waverley Park,Essendon,Fremantle,Essendon,Sean Wellman,3,1,3,0,0,0,1
1998,4,1998-04-19,Waverley Park,Essendon,Fremantle,Fremantle,Stuart Anderson,6,4,3,0,1,0,1
1998,4,1998-04-19,Waverley Park,Essendon,Fremantle,Fremantle,Daniel Bandy,6,9,10,1,0,6,0
1998,4,1998-04-19,Waverley Park,Essendon,Fremantle,Fremantle,Chris Bond,9,1,7,0,0,0,2
1998,4,1998-04-19,Waverley Park,Essendon,Fremantle,Fremantle,Matthew Burton,9,6,5,1,0,31,3
1998,4,1998-04-19,Waverley Park,Essendon,Fremantle,Fremantle,Craig Callaghan,15,1,5,0,0,0,5
1998,4,1998-04-19,Waverley Park,Essendon,Fremantle,Fremantle,Scott Chisholm,5,5,10,1,0,0,2
1998,4,1998-04-19,Waverley Park,Essendon,Fremantle,Fremantle,James Clement,10,11,3,5,4,0,2
1998,4,1998-04-19,Waverley Park,Essendon,Fremantle,Fremantle,Matthew Clucas,8,5,1,0,0,0,0
1998,4,1998-04-19,Waverley Park,Essendon,Fremantle,Fremantle,Gary Dhurrkay,9,3,2,2,2,0,0
1998,4,1998-04-19,Waverley Park,Essendon,Fremantle,Fremantle,Brad Dodd,14,10,11,1,1,0,1
1998,4,1998-04-19,Waverley Park,Essendon,Fremantle,Fremantle,Adrian Fletcher,16,3,13,0,0,0,3
1998,4,1998-04-19,Waverley Park,Essendon,Fremantle,Fremantle,Mark Gale,15,7,7,0,0,0,3
1998,4,1998-04-19,Waverley Park,Essendon,Fremantle,Fremantle,Greg Harding,12,2,6,0,0,0,3
1998,4,1998-04-19,Waverley Park,Essendon,Fremantle,Fremantle,Daniel Hargraves,2,0,1,0,1,0,0
1998,4,1998-04-19,Waverley Park,Essendon,Fremantle,Fremantle,Peter Mann,12,11,8,0,2,1,2
1998,4,1998-04-19,Waverley Park,Essendon,Fremantle,Fremantle,Andrew McGovern,11,7,6,0,0,0,0
1998,4,1998-04-19,Waverley Park,Essendon,Fremantle,Fremantle,Shaun McManus,16,3,5,2,0,0,5
1998,4,1998-04-19,Waverley Park,Essendon,Fremantle,Fremantle,Jason Norrish,7,4,4,0,0,0,1
1998,4,1998-04-19,Waverley Park,Essendon,Fremantle,Fremantle,Stephen OReilly,2,1,1,0,0,0,0
1998,4,1998-04-19,Waverley Park,Essendon,Fremantle,Fremantle,Shane Parker,5,4,2,0,0,0,2
1998,4,1998-04-19,Waverley Park,Essendon,Fremantle,Fremantle,Jess Sinclair,13,9,4,0,2,0,4
1998,4,1998-04-19,Waverley Park,Essendon,Fremantle,Fremantle,Andrew Wills,15,6,3,1,1,0,2
1998,4,1998-04-19,M.C.G.,North Melbourne,Brisbane Lions,North Melbourne,Winston Abraham,7,3,4,1,2,0,0
1998,4,1998-04-19,M.C.G.,North Melbourne,Brisbane Lions,North Melbourne,Brett Allison,2,1,0,1,0,0,0
1998,4,1998-04-19,M.C.G.,North Melbourne,Brisbane Lions,North Melbourne,Brady Anderson,7,1,2,0,0,0,2
1998,4,1998-04-19,M.C.G.,North Melbourne,Brisbane Lions,North Melbourne,Glenn Archer,14,5,4,0,0,0,0
1998,4,1998-04-19,M.C.G.,North Melbourne,Brisbane Lions,North Melbourne,Peter Bell,10,2,5,0,0,0,2
1998,4,1998-04-19,M.C.G.,North Melbourne,Brisbane Lions,North Melbourne,John Blakey,4,0,4,0,0,0,2
1998,4,1998-04-19,M.C.G.,North Melbourne,Brisbane Lions,North Melbourne,Mathew Capuano,5,1,1,0,0,14,1
1998,4,1998-04-19,M.C.G.,North Melbourne,Brisbane Lions,North Melbourne,Wayne Carey,23,12,3,1,0,0,1
1998,4,1998-04-19,M.C.G.,North Melbourne,Brisbane Lions,North Melbourne,Shannon Grant,18,6,6,4,0,0,5
1998,4,1998-04-19,M.C.G.,North Melbourne,Brisbane Lions,North Melbourne,Brent Harvey,9,5,3,3,2,0,0
1998,4,1998-04-19,M.C.G.,North Melbourne,Brisbane Lions,North Melbourne,Evan Hewitt,4,2,2,2,0,6,1
1998,4,1998-04-19,M.C.G.,North Melbourne,Brisbane Lions,North Melbourne,John Longmire,5,3,4,0,0,9,1
1998,4,1998-04-19,M.C.G.,North Melbourne,Brisbane Lions,North Melbourne,Mick Martyn,8,1,2,0,0,1,0
1998,4,1998-04-19,M.C.G.,North Melbourne,Brisbane Lions,North Melbourne,Jason McCartney,5,4,3,0,0,0,1
1998,4,1998-04-19,M.C.G.,North Melbourne,Brisbane Lions,North Melbourne,Corey McKernan,10,7,1,5,2,0,0
1998,4,1998-04-19,M.C.G.,North Melbourne,Brisbane Lions,North Melbourne,Byron Pickett,9,3,5,0,0,0,0
1998,4,1998-04-19,M.C.G.,North Melbourne,Brisbane Lions,North Melbourne,Martin Pike,15,5,6,0,1,1,6
1998,4,1998-04-19,M.C.G.,North Melbourne,Brisbane Lions,North Melbourne,Anthony Rock,18,5,1,1,2,0,0
1998,4,1998-04-19,M.C.G.,North Melbourne,Brisbane Lions,North Melbourne,Robert Scott,7,1,3,1,0,0,1
1998,4,1998-04-19,M.C.G.,North Melbourne,Brisbane Lions,North Melbourne,Craig Sholl,8,2,6,1,0,0,5
1998,4,1998-04-19,M.C.G.,North Melbourne,Brisbane Lions,North Melbourne,Anthony Stevens,10,2,2,0,0,0,0
1998,4,1998-04-19,M.C.G.,North Melbourne,Brisbane Lions,North Melbourne,Scott Welsh,3,2,5,1,1,0,0
1998,4,1998-04-19,M.C.G.,North Melbourne,Brisbane Lions,Brisbane Lions,Marcus Ashcroft,14,6,10,0,1,0,1
1998,4,1998-04-19,M.C.G.,North Melbourne,Brisbane Lions,Brisbane Lions,Simon Black,7,2,3,1,1,0,0
1998,4,1998-04-19,M.C.G.,North Melbourne,Brisbane Lions,Brisbane Lions,Daniel Bradshaw,10,5,2,4,2,0,0
1998,4,1998-04-19,M.C.G.,North Melbourne,Brisbane Lions,Brisbane Lions,Richard Champion,8,3,3,2,1,0,1
1998,4,1998-04-19,M.C.G.,North Melbourne,Brisbane Lions,Brisbane Lions,Matthew Clarke,4,3,5,0,0,26,0
1998,4,1998-04-19,M.C.G.,North Melbourne,Brisbane Lions,Brisbane Lions,Danny Dickfos,4,3,7,0,0,0,2
1998,4,1998-04-19,M.C.G.,North Melbourne,Brisbane Lions,Brisbane Lions,Shaun Hart,20,9,8,0,1,0,3
1998,4,1998-04-19,M.C.G.,North Melbourne,Brisbane Lions,Brisbane Lions,Chris Johnson,12,5,5,5,3,0,3
1998,4,1998-04-19,M.C.G.,North Melbourne,Brisbane Lions,Brisbane Lions,Matthew Kennedy,8,4,0,0,0,0,2
1998,4,1998-04-19,M.C.G.,North Melbourne,Brisbane Lions,Brisbane Lions,Steven Lawrence,13,7,11,0,1,0,1
1998,4,1998-04-19,M.C.G.,North Melbourne,Brisbane Lions,Brisbane Lions,Justin Leppitsch,8,2,4,1,1,0,2
1998,4,1998-04-19,M.C.G.,North Melbourne,Brisbane Lions,Brisbane Lions,Alastair Lynch,6,5,8,0,0,1,1
1998,4,1998-04-19,M.C.G.,North Melbourne,Brisbane Lions,Brisbane Lions,Tristan Lynch,9,3,2,0,0,0,0
1998,4,1998-04-19,M.C.G.,North Melbourne,Brisbane Lions,Brisbane Lions,Beau McDonald,3,2,4,0,0,6,1
1998,4,1998-04-19,M.C.G.,North Melbourne,Brisbane Lions,Brisbane Lions,Shane OBree,1,0,2,0,0,0,0
1998,4,1998-04-19,M.C.G.,North Melbourne,Brisbane Lions,Brisbane Lions,Marcus Picken,3,1,1,1,0,0,0
1998,4,1998-04-19,M.C.G.,North Melbourne,Brisbane Lions,Brisbane Lions,Brad Scott,17,4,9,0,2,1,2
1998,4,1998-04-19,M.C.G.,North Melbourne,Brisbane Lions,Brisbane Lions,Chris Scott,15,7,4,0,0,0,1
1998,4,1998-04-19,M.C.G.,North Melbourne,Brisbane Lions,Brisbane Lions,Dion Scott,8,5,2,3,1,1,1
1998,4,1998-04-19,M.C.G.,North Melbourne,Brisbane Lions,Brisbane Lions,Nick Trask,8,2,3,0,0,0,0
1998,4,1998-04-19,M.C.G.,North Melbourne,Brisbane Lions,Brisbane Lions,Michael Voss,20,1,11,0,0,1,2
1998,4,1998-04-19,M.C.G.,North Melbourne,Brisbane Lions,Brisbane Lions,Darryl White,7,1,2,0,0,0,2
1998,5,1998-04-24,M.C.G.,Richmond,West Coast,Richmond,Joel Bowden,10,5,9,0,1,0,3
1998,5,1998-04-24,M.C.G.,Richmond,West Coast,Richmond,Nathan Bower,11,4,6,0,1,1,2
1998,5,1998-04-24,M.C.G.,Richmond,West Coast,Richmond,Paul Broderick,11,0,4,0,0,0,3
1998,5,1998-04-24,M.C.G.,Richmond,West Coast,Richmond,Paul Bulluss,3,2,1,0,0,0,0
1998,5,1998-04-24,M.C.G.,Richmond,West Coast,Richmond,Wayne Campbell,17,6,12,2,0,1,4
1998,5,1998-04-24,M.C.G.,Richmond,West Coast,Richmond,Mark Chaffey,3,1,2,0,0,0,1
1998,5,1998-04-24,M.C.G.,Richmond,West Coast,Richmond,Nick Daffy,25,5,3,2,3,0,2
1998,5,1998-04-24,M.C.G.,Richmond,West Coast,Richmond,Brendon Gale,15,7,4,0,0,11,3
1998,5,1998-04-24,M.C.G.,Richmond,West Coast,Richmond,Darren Gaspar,5,5,7,0,0,0,1
1998,5,1998-04-24,M.C.G.,Richmond,West Coast,Richmond,Ben Harrison,8,5,4,1,1,0,0
1998,5,1998-04-24,M.C.G.,Richmond,West Coast,Richmond,Ben Holland,4,2,4,1,1,1,0
1998,5,1998-04-24,M.C.G.,Richmond,West Coast,Richmond,Duncan Kellaway,11,2,15,0,0,0,3
1998,5,1998-04-24,M.C.G.,Richmond,West Coast,Richmond,Matthew Knights,16,2,10,1,0,0,5
1998,5,1998-04-24,M.C.G.,Richmond,West Coast,Richmond,Mark Merenda,9,5,5,3,1,0,2
1998,5,1998-04-24,M.C.G.,Richmond,West Coast,Richmond,Ben Moore,0,0,0,0,0,0,0
1998,5,1998-04-24,M.C.G.,Richmond,West Coast,Richmond,Brad Ottens,7,5,6,0,0,12,1
1998,5,1998-04-24,M.C.G.,Richmond,West Coast,Richmond,Robert Powell,11,3,1,1,2,0,4
1998,5,1998-04-24,M.C.G.,Richmond,West Coast,Richmond,Ashley Prescott,11,3,2,0,0,0,2
1998,5,1998-04-24,M.C.G.,Richmond,West Coast,Richmond,Matthew Rogers,14,5,3,0,0,0,6
1998,5,1998-04-24,M.C.G.,Richmond,West Coast,Richmond,John Rombotis,3,2,0,1,0,0,0
1998,5,1998-04-24,M.C.G.,Richmond,West Coast,Richmond,Jason Torney,13,2,4,0,0,0,3
1998,5,1998-04-24,M.C.G.,Richmond,West Coast,Richmond,Scott Turner,1,2,2,0,0,0,1
1998,5,1998-04-24,M.C.G.,Richmond,West Coast,West Coast,Drew Banfield,11,2,1,0,0,0,2
1998,5,1998-04-24,M.C.G.,Richmond,West Coast,West Coast,Michael Braun,4,3,6,1,0,0,1
1998,5,1998-04-24,M.C.G.,Richmond,West Coast,West Coast,Ben Cousins,2,0,3,0,0,0,0
1998,5,1998-04-24,M.C.G.,Richmond,West Coast,West Coast,Jaxon Crabb,9,2,1,0,1,0,2
1998,5,1998-04-24,M.C.G.,Richmond,West Coast,West Coast,Michael Gardiner,11,6,6,0,2,18,0
1998,5,1998-04-24,M.C.G.,Richmond,West Coast,West Coast,Fraser Gehrig,14,8,6,1,2,0,0
1998,5,1998-04-24,M.C.G.,Richmond,West Coast,West Coast,Ilija Grgic,0,0,1,0,0,0,1
1998,5,1998-04-24,M.C.G.,Richmond,West Coast,West Coast,Todd Holmes,6,0,3,0,0,0,0
1998,5,1998-04-24,M.C.G.,Richmond,West Coast,West Coast,Glen Jakovich,13,4,3,0,0,0,3
1998,5,1998-04-24,M.C.G.,Richmond,West Coast,West Coast,Dean Kemp,14,1,3,1,0,0,3
1998,5,1998-04-24,M.C.G.,Richmond,West Coast,West Coast,Chris Lewis,10,2,1,1,2,0,0
1998,5,1998-04-24,M.C.G.,Richmond,West Coast,West Coast,Peter Matera,17,1,4,0,1,0,6
1998,5,1998-04-24,M.C.G.,Richmond,West Coast,West Coast,Ashley McIntosh,10,6,3,0,0,0,1
1998,5,1998-04-24,M.C.G.,Richmond,West Coast,West Coast,Guy McKenna,7,3,6,0,0,0,5
1998,5,1998-04-24,M.C.G.,Richmond,West Coast,West Coast,Chad Morrison,13,11,0,3,0,0,0
1998,5,1998-04-24,M.C.G.,Richmond,West Coast,West Coast,Phillip Read,7,0,4,0,0,0,1
1998,5,1998-04-24,M.C.G.,Richmond,West Coast,West Coast,Nicholas Stone,1,0,0,0,0,0,0
1998,5,1998-04-24,M.C.G.,Richmond,West Coast,West Coast,Paul Symmons,12,4,6,1,0,0,3
1998,5,1998-04-24,M.C.G.,Richmond,West Coast,West Coast,Ryan Turnbull,7,4,4,0,0,14,0
1998,5,1998-04-24,M.C.G.,Richmond,West Coast,West Coast,Chris Waterman,18,12,12,0,1,0,2
1998,5,1998-04-24,M.C.G.,Richmond,West Coast,West Coast,Mitchell White,6,2,1,2,0,0,0
1998,5,1998-04-24,M.C.G.,Richmond,West Coast,West Coast,John Worsfold,1,1,3,0,0,0,0
1998,5,1998-04-25,Waverley Park,Hawthorn,Brisbane Lions,Hawthorn,John Barker,10,6,3,0,1,0,0
1998,5,1998-04-25,Waverley Park,Hawthorn,Brisbane Lions,Hawthorn,Nathan Chapman,5,2,0,1,0,0,1
1998,5,1998-04-25,Waverley Park,Hawthorn,Brisbane Lions,Hawthorn,Daniel Chick,8,1,6,0,0,0,4
1998,5,1998-04-25,Waverley Park,Hawthorn,Brisbane Lions,Hawthorn,Shane Crawford,18,3,12,0,2,0,3
1998,5,1998-04-25,Waverley Park,Hawthorn,Brisbane Lions,Hawthorn,Trent Croad,0,0,0,0,0,0,0
1998,5,1998-04-25,Waverley Park,Hawthorn,Brisbane Lions,Hawthorn,Ben Dixon,7,3,3,0,1,0,2
1998,5,1998-04-25,Waverley Park,Hawthorn,Brisbane Lions,Hawthorn,Jason Dunstall,14,10,2,6,1,0,1
1998,5,1998-04-25,Waverley Park,Hawthorn,Brisbane Lions,Hawthorn,Mark Graham,9,5,5,0,1,1,0
1998,5,1998-04-25,Waverley Park,Hawthorn,Brisbane Lions,Hawthorn,Daniel Harford,12,4,5,0,0,0,2
1998,5,1998-04-25,Waverley Park,Hawthorn,Brisbane Lions,Hawthorn,Jonathan Hay,10,6,3,0,0,1,0
1998,5,1998-04-25,Waverley Park,Hawthorn,Brisbane Lions,Hawthorn,Nick Holland,12,6,7,4,2,3,2
1998,5,1998-04-25,Waverley Park,Hawthorn,Brisbane Lions,Hawthorn,Haydon Kilmartin,8,1,4,0,0,0,2
1998,5,1998-04-25,Waverley Park,Hawthorn,Brisbane Lions,Hawthorn,Brendan Krummel,0,1,1,0,0,1,0
1998,5,1998-04-25,Waverley Park,Hawthorn,Brisbane Lions,Hawthorn,Angelo Lekkas,10,2,3,0,1,0,4
1998,5,1998-04-25,Waverley Park,Hawthorn,Brisbane Lions,Hawthorn,Aaron Lord,15,3,2,3,4,0,3
1998,5,1998-04-25,Waverley Park,Hawthorn,Brisbane Lions,Hawthorn,Luke McCabe,8,6,8,0,0,0,9
1998,5,1998-04-25,Waverley Park,Hawthorn,Brisbane Lions,Hawthorn,Jonathon Robran,7,4,4,0,0,0,0
1998,5,1998-04-25,Waverley Park,Hawthorn,Brisbane Lions,Hawthorn,Paul Salmon,9,6,6,1,0,36,0
1998,5,1998-04-25,Waverley Park,Hawthorn,Brisbane Lions,Hawthorn,Richard Taylor,18,1,8,2,0,0,6
1998,5,1998-04-25,Waverley Park,Hawthorn,Brisbane Lions,Hawthorn,Craig Treleven,2,0,9,0,0,0,3
1998,5,1998-04-25,Waverley Park,Hawthorn,Brisbane Lions,Hawthorn,Nathan Turvey,8,1,1,0,0,0,3
1998,5,1998-04-25,Waverley Park,Hawthorn,Brisbane Lions,Hawthorn,Tony Woods,8,1,6,1,0,0,2
1998,5,1998-04-25,Waverley Park,Hawthorn,Brisbane Lions,Brisbane Lions,Marcus Ashcroft,15,2,10,0,1,0,1
1998,5,1998-04-25,Waverley Park,Hawthorn,Brisbane Lions,Brisbane Lions,Simon Black,12,4,2,0,0,0,2
1998,5,1998-04-25,Waverley Park,Hawthorn,Brisbane Lions,Brisbane Lions,Daniel Bradshaw,5,3,1,1,0,0,4
1998,5,1998-04-25,Waverley Park,Hawthorn,Brisbane Lions,Brisbane Lions,Richard Champion,6,2,6,1,0,0,0
1998,5,1998-04-25,Waverley Park,Hawthorn,Brisbane Lions,Brisbane Lions,Matthew Clarke,4,2,9,0,0,27,2
1998,5,1998-04-25,Waverley Park,Hawthorn,Brisbane Lions,Brisbane Lions,Danny Dickfos,2,0,3,0,0,0,0
1998,5,1998-04-25,Waverley Park,Hawthorn,Brisbane Lions,Brisbane Lions,Shaun Hart,8,3,8,0,1,0,3
1998,5,1998-04-25,Waverley Park,Hawthorn,Brisbane Lions,Brisbane Lions,Chris Johnson,2,4,5,0,0,0,1
1998,5,1998-04-25,Waverley Park,Hawthorn,Brisbane Lions,Brisbane Lions,Matthew Kennedy,12,0,2,0,0,0,2
1998,5,1998-04-25,Waverley Park,Hawthorn,Brisbane Lions,Brisbane Lions,Nigel Lappin,17,7,7,1,1,0,0
1998,5,1998-04-25,Waverley Park,Hawthorn,Brisbane Lions,Brisbane Lions,Steven Lawrence,8,2,6,1,2,0,4
1998,5,1998-04-25,Waverley Park,Hawthorn,Brisbane Lions,Brisbane Lions,Justin Leppitsch,9,7,4,5,2,0,0
1998,5,1998-04-25,Waverley Park,Hawthorn,Brisbane Lions,Brisbane Lions,Tristan Lynch,8,4,3,0,0,0,1
1998,5,1998-04-25,Waverley Park,Hawthorn,Brisbane Lions,Brisbane Lions,Beau McDonald,4,0,0,0,1,2,0
1998,5,1998-04-25,Waverley Park,Hawthorn,Brisbane Lions,Brisbane Lions,Marcus Picken,8,4,4,0,0,0,2
1998,5,1998-04-25,Waverley Park,Hawthorn,Brisbane Lions,Brisbane Lions,Luke Power,8,2,4,0,1,0,2
1998,5,1998-04-25,Waverley Park,Hawthorn,Brisbane Lions,Brisbane Lions,Brad Scott,6,3,3,0,0,0,3
1998,5,1998-04-25,Waverley Park,Hawthorn,Brisbane Lions,Brisbane Lions,Chris Scott,12,2,8,0,0,0,2
1998,5,1998-04-25,Waverley Park,Hawthorn,Brisbane Lions,Brisbane Lions,Dion Scott,7,5,4,3,1,2,0
1998,5,1998-04-25,Waverley Park,Hawthorn,Brisbane Lions,Brisbane Lions,Nick Trask,0,0,0,0,0,0,0
1998,5,1998-04-25,Waverley Park,Hawthorn,Brisbane Lions,Brisbane Lions,Michael Voss,7,0,7,0,0,0,5
1998,5,1998-04-25,Waverley Park,Hawthorn,Brisbane Lions,Brisbane Lions,Darryl White,11,2,0,0,0,0,5
1998,5,1998-04-25,M.C.G.,Collingwood,Essendon,Collingwood,Nathan Buckley,21,5,5,0,0,0,3
1998,5,1998-04-25,M.C.G.,Collingwood,Essendon,Collingwood,Gavin Crosisca,17,6,8,0,0,0,6
1998,5,1998-04-25,M.C.G.,Collingwood,Essendon,Collingwood,Scott Crow,19,10,5,0,0,0,1
1998,5,1998-04-25,M.C.G.,Collingwood,Essendon,Collingwood,Matthew Francis,5,1,1,0,0,4,1
1998,5,1998-04-25,M.C.G.,Collingwood,Essendon,Collingwood,Brad Fuller,6,2,5,3,1,0,3
1998,5,1998-04-25,M.C.G.,Collingwood,Essendon,Collingwood,Luke Godden,6,2,4,0,0,0,1
1998,5,1998-04-25,M.C.G.,Collingwood,Essendon,Collingwood,Chad Liddell,11,6,7,0,0,1,3
1998,5,1998-04-25,M.C.G.,Collingwood,Essendon,Collingwood,Alex McDonald,15,5,9,1,1,0,0
1998,5,1998-04-25,M.C.G.,Collingwood,Essendon,Collingwood,Mal Michael,9,3,3,0,0,0,0
1998,5,1998-04-25,M.C.G.,Collingwood,Essendon,Collingwood,Damian Monkhorst,2,0,8,0,1,12,0
1998,5,1998-04-25,M.C.G.,Collingwood,Essendon,Collingwood,Richard Osborne,7,1,3,0,0,0,1
1998,5,1998-04-25,M.C.G.,Collingwood,Essendon,Collingwood,Stephen Patterson,17,4,7,0,4,0,1
1998,5,1998-04-25,M.C.G.,Collingwood,Essendon,Collingwood,Andrew Pugsley,0,0,0,0,0,0,1
1998,5,1998-04-25,M.C.G.,Collingwood,Essendon,Collingwood,Mark Richardson,8,3,3,0,0,2,0
1998,5,1998-04-25,M.C.G.,Collingwood,Essendon,Collingwood,Anthony Rocca,5,3,3,1,0,5,2
1998,5,1998-04-25,M.C.G.,Collingwood,Essendon,Collingwood,Saverio Rocca,17,8,3,7,4,2,1
1998,5,1998-04-25,M.C.G.,Collingwood,Essendon,Collingwood,Scott Russell,12,3,8,0,0,0,3
1998,5,1998-04-25,M.C.G.,Collingwood,Essendon,Collingwood,Andrew Schauble,2,1,4,0,0,0,0
1998,5,1998-04-25,M.C.G.,Collingwood,Essendon,Collingwood,Chris Tarrant,0,0,1,0,0,0,0
1998,5,1998-04-25,M.C.G.,Collingwood,Essendon,Collingwood,Shane Watson,9,3,5,2,2,0,0
1998,5,1998-04-25,M.C.G.,Collingwood,Essendon,Collingwood,Jason Wild,4,2,5,0,0,0,4
1998,5,1998-04-25,M.C.G.,Collingwood,Essendon,Collingwood,Graham Wright,10,5,5,1,1,0,2
1998,5,1998-04-25,M.C.G.,Collingwood,Essendon,Essendon,Matthew Banks,5,2,1,0,0,0,0
1998,5,1998-04-25,M.C.G.,Collingwood,Essendon,Essendon,Peter Berbakov,5,3,1,0,0,0,0
1998,5,1998-04-25,M.C.G.,Collingwood,Essendon,Essendon,Darren Bewick,16,3,7,2,1,1,0
1998,5,1998-04-25,M.C.G.,Collingwood,Essendon,Essendon,Justin Blumfield,14,4,10,2,2,1,4
1998,5,1998-04-25,M.C.G.,Collingwood,Essendon,Essendon,Andrew Bomford,9,4,6,0,0,0,1
1998,5,1998-04-25,M.C.G.,Collingwood,Essendon,Essendon,David Calthorpe,2,1,4,0,0,0,2
1998,5,1998-04-25,M.C.G.,Collingwood,Essendon,Essendon,Blake Caracella,10,5,7,0,0,0,1
1998,5,1998-04-25,M.C.G.,Collingwood,Essendon,Essendon,Che Cockatoo-Collins,9,4,9,2,1,0,1
1998,5,1998-04-25,M.C.G.,Collingwood,Essendon,Essendon,Ben Doolan,4,2,3,0,0,0,0
1998,5,1998-04-25,M.C.G.,Collingwood,Essendon,Essendon,Dustin Fletcher,8,1,2,0,0,0,0
1998,5,1998-04-25,M.C.G.,Collingwood,Essendon,Essendon,Mark Fraser,7,2,8,0,2,0,2
1998,5,1998-04-25,M.C.G.,Collingwood,Essendon,Essendon,Damien Hardwick,0,0,0,0,0,0,0
1998,5,1998-04-25,M.C.G.,Collingwood,Essendon,Essendon,Chris Heffernan,3,0,2,0,0,2,2
1998,5,1998-04-25,M.C.G.,Collingwood,Essendon,Essendon,Matthew Lloyd,13,10,5,4,0,0,0
1998,5,1998-04-25,M.C.G.,Collingwood,Essendon,Essendon,Scott Lucas,10,3,4,1,2,0,0
1998,5,1998-04-25,M.C.G.,Collingwood,Essendon,Essendon,Joe Misiti,10,4,11,1,0,0,0
1998,5,1998-04-25,M.C.G.,Collingwood,Essendon,Essendon,Ryan OConnor,3,1,5,0,0,2,1
1998,5,1998-04-25,M.C.G.,Collingwood,Essendon,Essendon,Gary ODonnell,12,3,3,0,0,1,3
1998,5,1998-04-25,M.C.G.,Collingwood,Essendon,Essendon,Dean Solomon,8,4,2,0,0,2,1
1998,5,1998-04-25,M.C.G.,Collingwood,Essendon,Essendon,Peter Somerville,6,3,3,0,1,15,0
1998,5,1998-04-25,M.C.G.,Collingwood,Essendon,Essendon,Andrew Ukovic,5,1,1,0,1,0,3
1998,5,1998-04-25,M.C.G.,Collingwood,Essendon,Essendon,Sean Wellman,13,6,3,0,0,0,1
1998,5,1998-04-25,W.A.C.A.,Fremantle,North Melbourne,Fremantle,Stuart Anderson,5,4,2,0,0,0,0
1998,5,1998-04-25,W.A.C.A.,Fremantle,North Melbourne,Fremantle,Daniel Bandy,9,7,3,0,1,9,1
1998,5,1998-04-25,W.A.C.A.,Fremantle,North Melbourne,Fremantle,Chris Bond,10,5,3,1,0,0,0
1998,5,1998-04-25,W.A.C.A.,Fremantle,North Melbourne,Fremantle,Matthew Burton,7,6,8,0,0,18,0
1998,5,1998-04-25,W.A.C.A.,Fremantle,North Melbourne,Fremantle,Craig Callaghan,11,5,7,1,0,0,1
1998,5,1998-04-25,W.A.C.A.,Fremantle,North Melbourne,Fremantle,James Clement,6,3,1,1,2,0,0
1998,5,1998-04-25,W.A.C.A.,Fremantle,North Melbourne,Fremantle,Gary Dhurrkay,4,1,6,1,1,0,1
1998,5,1998-04-25,W.A.C.A.,Fremantle,North Melbourne,Fremantle,Brad Dodd,10,3,8,0,1,1,1
1998,5,1998-04-25,W.A.C.A.,Fremantle,North Melbourne,Fremantle,Adrian Fletcher,16,3,3,0,0,1,0
1998,5,1998-04-25,W.A.C.A.,Fremantle,North Melbourne,Fremantle,Mark Gale,7,3,6,0,0,0,0
1998,5,1998-04-25,W.A.C.A.,Fremantle,North Melbourne,Fremantle,Greg Harding,11,7,9,0,0,0,0
1998,5,1998-04-25,W.A.C.A.,Fremantle,North Melbourne,Fremantle,Dale Kickett,11,5,13,1,0,0,0
1998,5,1998-04-25,W.A.C.A.,Fremantle,North Melbourne,Fremantle,Peter Mann,7,6,1,1,0,3,0
1998,5,1998-04-25,W.A.C.A.,Fremantle,North Melbourne,Fremantle,Andrew McGovern,12,4,5,0,0,0,1
1998,5,1998-04-25,W.A.C.A.,Fremantle,North Melbourne,Fremantle,Shaun McManus,6,1,1,1,0,0,2
1998,5,1998-04-25,W.A.C.A.,Fremantle,North Melbourne,Fremantle,Jason Norrish,6,4,9,1,0,0,0
1998,5,1998-04-25,W.A.C.A.,Fremantle,North Melbourne,Fremantle,Stephen OReilly,10,6,2,0,0,0,0
1998,5,1998-04-25,W.A.C.A.,Fremantle,North Melbourne,Fremantle,Daniel Parker,2,1,2,0,0,0,0
1998,5,1998-04-25,W.A.C.A.,Fremantle,North Melbourne,Fremantle,Shane Parker,7,2,4,0,0,0,1
1998,5,1998-04-25,W.A.C.A.,Fremantle,North Melbourne,Fremantle,Jess Sinclair,12,2,4,2,0,0,1
1998,5,1998-04-25,W.A.C.A.,Fremantle,North Melbourne,Fremantle,Clive Waterhouse,7,4,3,4,1,0,0
1998,5,1998-04-25,W.A.C.A.,Fremantle,North Melbourne,Fremantle,Andrew Wills,20,10,7,2,1,1,1
1998,5,1998-04-25,W.A.C.A.,Fremantle,North Melbourne,North Melbourne,Winston Abraham,7,1,3,0,1,0,0
1998,5,1998-04-25,W.A.C.A.,Fremantle,North Melbourne,North Melbourne,Brett Allison,6,0,2,1,1,0,0
1998,5,1998-04-25,W.A.C.A.,Fremantle,North Melbourne,North Melbourne,Brady Anderson,12,1,0,0,0,0,0
1998,5,1998-04-25,W.A.C.A.,Fremantle,North Melbourne,North Melbourne,Glenn Archer,9,3,3,2,3,0,3
1998,5,1998-04-25,W.A.C.A.,Fremantle,North Melbourne,North Melbourne,Peter Bell,11,4,8,0,0,0,2
1998,5,1998-04-25,W.A.C.A.,Fremantle,North Melbourne,North Melbourne,John Blakey,15,5,5,0,0,0,1
1998,5,1998-04-25,W.A.C.A.,Fremantle,North Melbourne,North Melbourne,Mathew Capuano,9,3,3,0,0,15,0
1998,5,1998-04-25,W.A.C.A.,Fremantle,North Melbourne,North Melbourne,Wayne Carey,14,6,3,3,2,0,1
1998,5,1998-04-25,W.A.C.A.,Fremantle,North Melbourne,North Melbourne,Shannon Grant,14,5,5,4,0,0,0
1998,5,1998-04-25,W.A.C.A.,Fremantle,North Melbourne,North Melbourne,Brent Harvey,12,1,2,0,1,0,2
1998,5,1998-04-25,W.A.C.A.,Fremantle,North Melbourne,North Melbourne,Evan Hewitt,8,4,3,1,2,1,0
1998,5,1998-04-25,W.A.C.A.,Fremantle,North Melbourne,North Melbourne,John Longmire,2,0,3,0,0,3,1
1998,5,1998-04-25,W.A.C.A.,Fremantle,North Melbourne,North Melbourne,Mick Martyn,4,0,2,0,0,0,1
1998,5,1998-04-25,W.A.C.A.,Fremantle,North Melbourne,North Melbourne,Jason McCartney,9,6,3,0,0,2,0
1998,5,1998-04-25,W.A.C.A.,Fremantle,North Melbourne,North Melbourne,Corey McKernan,3,2,2,1,2,1,0
1998,5,1998-04-25,W.A.C.A.,Fremantle,North Melbourne,North Melbourne,Byron Pickett,10,3,2,0,0,0,1
1998,5,1998-04-25,W.A.C.A.,Fremantle,North Melbourne,North Melbourne,Anthony Rock,13,2,4,0,0,0,1
1998,5,1998-04-25,W.A.C.A.,Fremantle,North Melbourne,North Melbourne,Robert Scott,13,0,1,0,0,0,3
1998,5,1998-04-25,W.A.C.A.,Fremantle,North Melbourne,North Melbourne,Craig Sholl,2,1,1,0,1,0,2
1998,5,1998-04-25,W.A.C.A.,Fremantle,North Melbourne,North Melbourne,Adam Simpson,11,2,5,0,0,0,3
1998,5,1998-04-25,W.A.C.A.,Fremantle,North Melbourne,North Melbourne,Anthony Stevens,19,3,2,0,0,0,1
1998,5,1998-04-25,W.A.C.A.,Fremantle,North Melbourne,North Melbourne,Scott Welsh,5,2,4,0,1,0,0
1998,5,1998-04-26,S.C.G.,Sydney,Western Bulldogs,Sydney,Robert AhMat,5,1,2,1,0,0,1
1998,5,1998-04-26,S.C.G.,Sydney,Western Bulldogs,Sydney,Leo Barry,7,3,1,1,1,0,1
1998,5,1998-04-26,S.C.G.,Sydney,Western Bulldogs,Sydney,Mark Bayes,3,0,1,1,1,3,1
1998,5,1998-04-26,S.C.G.,Sydney,Western Bulldogs,Sydney,Troy Cook,3,0,4,0,0,0,2
1998,5,1998-04-26,S.C.G.,Sydney,Western Bulldogs,Sydney,Daryn Cresswell,15,3,16,0,1,1,0
1998,5,1998-04-26,S.C.G.,Sydney,Western Bulldogs,Sydney,Andrew Dunkley,5,5,8,0,0,1,0
1998,5,1998-04-26,S.C.G.,Sydney,Western Bulldogs,Sydney,Peter Filandia,6,2,5,0,0,0,2
1998,5,1998-04-26,S.C.G.,Sydney,Western Bulldogs,Sydney,Paul Kelly,21,6,5,2,3,0,0
1998,5,1998-04-26,S.C.G.,Sydney,Western Bulldogs,Sydney,Tony Lockett,5,2,0,4,0,0,0
1998,5,1998-04-26,S.C.G.,Sydney,Western Bulldogs,Sydney,Troy Luff,15,5,3,0,1,1,0
1998,5,1998-04-26,S.C.G.,Sydney,Western Bulldogs,Sydney,Stuart Maxfield,10,1,1,0,1,0,0
1998,5,1998-04-26,S.C.G.,Sydney,Western Bulldogs,Sydney,Daniel McPherson,5,4,6,0,0,0,1
1998,5,1998-04-26,S.C.G.,Sydney,Western Bulldogs,Sydney,Jason Mooney,9,2,2,0,2,2,0
1998,5,1998-04-26,S.C.G.,Sydney,Western Bulldogs,Sydney,Matthew Nicks,14,3,6,0,1,0,2
1998,5,1998-04-26,S.C.G.,Sydney,Western Bulldogs,Sydney,Craig OBrien,3,2,6,1,0,0,0
1998,5,1998-04-26,S.C.G.,Sydney,Western Bulldogs,Sydney,Michael OLoughlin,13,9,3,3,1,0,0
1998,5,1998-04-26,S.C.G.,Sydney,Western Bulldogs,Sydney,Mark Orchard,9,0,8,0,0,0,2
1998,5,1998-04-26,S.C.G.,Sydney,Western Bulldogs,Sydney,Paul Roos,15,5,8,0,0,0,2
1998,5,1998-04-26,S.C.G.,Sydney,Western Bulldogs,Sydney,Wayne Schwass,3,1,2,0,0,0,1
1998,5,1998-04-26,S.C.G.,Sydney,Western Bulldogs,Sydney,Greg Stafford,10,8,5,1,2,17,1
1998,5,1998-04-26,S.C.G.,Sydney,Western Bulldogs,Sydney,John Stevens,8,4,4,0,0,0,0
1998,5,1998-04-26,S.C.G.,Sydney,Western Bulldogs,Sydney,Rowan Warfe,7,0,11,0,0,1,2
1998,5,1998-04-26,S.C.G.,Sydney,Western Bulldogs,Western Bulldogs,Leon Cameron,8,3,4,0,1,0,1
1998,5,1998-04-26,S.C.G.,Sydney,Western Bulldogs,Western Bulldogs,James Cook,0,0,0,0,0,0,0
1998,5,1998-04-26,S.C.G.,Sydney,Western Bulldogs,Western Bulldogs,Simon Cox,8,5,3,0,1,1,0
1998,5,1998-04-26,S.C.G.,Sydney,Western Bulldogs,Western Bulldogs,Matthew Croft,5,1,0,0,0,0,1
1998,5,1998-04-26,S.C.G.,Sydney,Western Bulldogs,Western Bulldogs,Todd Curley,7,2,4,0,0,0,1
1998,5,1998-04-26,S.C.G.,Sydney,Western Bulldogs,Western Bulldogs,Luke Darcy,6,5,1,1,1,4,0
1998,5,1998-04-26,S.C.G.,Sydney,Western Bulldogs,Western Bulldogs,Matthew Dent,7,4,8,0,0,0,0
1998,5,1998-04-26,S.C.G.,Sydney,Western Bulldogs,Western Bulldogs,Paul Dimattina,11,2,3,2,0,0,0
1998,5,1998-04-26,S.C.G.,Sydney,Western Bulldogs,Western Bulldogs,Craig Ellis,8,2,5,0,0,0,1
1998,5,1998-04-26,S.C.G.,Sydney,Western Bulldogs,Western Bulldogs,Simon Garlick,15,1,1,1,0,0,0
1998,5,1998-04-26,S.C.G.,Sydney,Western Bulldogs,Western Bulldogs,Paul Hudson,8,4,3,3,1,0,0
1998,5,1998-04-26,S.C.G.,Sydney,Western Bulldogs,Western Bulldogs,Brad Johnson,10,4,4,1,0,0,1
1998,5,1998-04-26,S.C.G.,Sydney,Western Bulldogs,Western Bulldogs,Steven Kolyniuk,7,4,2,1,1,0,0
1998,5,1998-04-26,S.C.G.,Sydney,Western Bulldogs,Western Bulldogs,Tony Liberatore,3,2,6,0,0,0,0
1998,5,1998-04-26,S.C.G.,Sydney,Western Bulldogs,Western Bulldogs,Michael Martin,6,3,5,0,0,0,0
1998,5,1998-04-26,S.C.G.,Sydney,Western Bulldogs,Western Bulldogs,Brett Montgomery,8,7,2,1,0,1,0
1998,5,1998-04-26,S.C.G.,Sydney,Western Bulldogs,Western Bulldogs,Jose Romero,16,0,11,0,0,0,1
1998,5,1998-04-26,S.C.G.,Sydney,Western Bulldogs,Western Bulldogs,Rohan Smith,2,0,5,0,0,0,1
1998,5,1998-04-26,S.C.G.,Sydney,Western Bulldogs,Western Bulldogs,Daniel Southern,10,7,10,2,2,1,1
1998,5,1998-04-26,S.C.G.,Sydney,Western Bulldogs,Western Bulldogs,Scott West,14,0,8,0,0,0,1
1998,5,1998-04-26,S.C.G.,Sydney,Western Bulldogs,Western Bulldogs,Brad Wira,3,2,2,0,0,0,0
1998,5,1998-04-26,S.C.G.,Sydney,Western Bulldogs,Western Bulldogs,Scott Wynd,7,3,9,0,0,6,0
1998,5,1998-04-26,Waverley Park,St Kilda,Carlton,St Kilda,Luke Beveridge,18,5,5,0,0,0,3
1998,5,1998-04-26,Waverley Park,St Kilda,Carlton,St Kilda,Tony Brown,2,1,3,0,1,0,2
1998,5,1998-04-26,Waverley Park,St Kilda,Carlton,St Kilda,Nathan Burke,5,1,12,0,0,0,6
1998,5,1998-04-26,Waverley Park,St Kilda,Carlton,St Kilda,Jayson Daniels,5,1,1,0,0,0,0
1998,5,1998-04-26,Waverley Park,St Kilda,Carlton,St Kilda,Peter Everitt,5,5,5,1,0,21,1
1998,5,1998-04-26,Waverley Park,St Kilda,Carlton,St Kilda,Barry Hall,4,1,5,1,1,1,2
1998,5,1998-04-26,Waverley Park,St Kilda,Carlton,St Kilda,Robert Harvey,31,6,9,0,1,0,2
1998,5,1998-04-26,Waverley Park,St Kilda,Carlton,St Kilda,Daniel Healy,5,1,3,0,0,0,0
1998,5,1998-04-26,Waverley Park,St Kilda,Carlton,St Kilda,Jason Heatley,4,1,5,2,1,0,3
1998,5,1998-04-26,Waverley Park,St Kilda,Carlton,St Kilda,Max Hudghton,4,2,0,0,0,0,0
1998,5,1998-04-26,Waverley Park,St Kilda,Carlton,St Kilda,Austinn Jones,13,1,3,1,0,0,5
1998,5,1998-04-26,Waverley Park,St Kilda,Carlton,St Kilda,Brett Knowles,1,0,1,0,0,0,0
1998,5,1998-04-26,Waverley Park,St Kilda,Carlton,St Kilda,Matthew Lappin,6,1,5,0,1,0,3
1998,5,1998-04-26,Waverley Park,St Kilda,Carlton,St Kilda,Stewart Loewe,12,6,8,0,0,22,1
1998,5,1998-04-26,Waverley Park,St Kilda,Carlton,St Kilda,Gavin Mitchell,13,6,9,4,0,0,5
1998,5,1998-04-26,Waverley Park,St Kilda,Carlton,St Kilda,Justin Peckett,11,4,0,0,0,0,1
1998,5,1998-04-26,Waverley Park,St Kilda,Carlton,St Kilda,David Sierakowski,2,1,1,0,0,1,2
1998,5,1998-04-26,Waverley Park,St Kilda,Carlton,St Kilda,Andrew Thompson,6,1,6,0,1,0,7
1998,5,1998-04-26,Waverley Park,St Kilda,Carlton,St Kilda,Darryl Wakelin,6,3,0,0,0,0,2
1998,5,1998-04-26,Waverley Park,St Kilda,Carlton,St Kilda,Shane Wakelin,16,4,1,0,0,0,2
1998,5,1998-04-26,Waverley Park,St Kilda,Carlton,St Kilda,Nicky Winmar,14,6,3,2,2,0,4
1998,5,1998-04-26,Waverley Park,St Kilda,Carlton,St Kilda,Matthew Young,21,11,3,2,0,0,2
1998,5,1998-04-26,Waverley Park,St Kilda,Carlton,Carlton,Matthew Allan,8,5,3,1,1,15,1
1998,5,1998-04-26,Waverley Park,St Kilda,Carlton,Carlton,Jacob Anstey,5,1,2,0,2,0,0
1998,5,1998-04-26,Waverley Park,St Kilda,Carlton,Carlton,Simon Beaumont,7,4,5,0,0,0,1
1998,5,1998-04-26,Waverley Park,St Kilda,Carlton,Carlton,Craig Bradley,16,3,6,1,1,0,5
1998,5,1998-04-26,Waverley Park,St Kilda,Carlton,Carlton,Fraser Brown,7,2,10,0,0,0,5
1998,5,1998-04-26,Waverley Park,St Kilda,Carlton,Carlton,Scott Camporeale,22,3,4,3,3,0,0
1998,5,1998-04-26,Waverley Park,St Kilda,Carlton,Carlton,Ron De Iulio,7,1,2,0,0,0,2
1998,5,1998-04-26,Waverley Park,St Kilda,Carlton,Carlton,Peter Dean,7,3,2,0,0,0,0
1998,5,1998-04-26,Waverley Park,St Kilda,Carlton,Carlton,Anthony Franchina,9,1,3,0,0,0,3
1998,5,1998-04-26,Waverley Park,St Kilda,Carlton,Carlton,Aaron Hamill,7,2,6,2,1,0,3
1998,5,1998-04-26,Waverley Park,St Kilda,Carlton,Carlton,Matthew Hogg,12,0,5,0,0,0,6
1998,5,1998-04-26,Waverley Park,St Kilda,Carlton,Carlton,Darren Hulme,6,2,8,1,0,0,1
1998,5,1998-04-26,Waverley Park,St Kilda,Carlton,Carlton,Anthony Koutoufides,9,2,7,0,0,0,1
1998,5,1998-04-26,Waverley Park,St Kilda,Carlton,Carlton,Damien Lock,10,2,1,0,0,0,1
1998,5,1998-04-26,Waverley Park,St Kilda,Carlton,Carlton,Glenn Manton,6,4,4,0,0,0,1
1998,5,1998-04-26,Waverley Park,St Kilda,Carlton,Carlton,Andrew McKay,15,5,12,0,0,0,3
1998,5,1998-04-26,Waverley Park,St Kilda,Carlton,Carlton,Justin Murphy,5,3,5,0,0,0,4
1998,5,1998-04-26,Waverley Park,St Kilda,Carlton,Carlton,Mark Porter,1,2,5,0,0,31,2
1998,5,1998-04-26,Waverley Park,St Kilda,Carlton,Carlton,Brett Ratten,11,2,17,0,0,0,8
1998,5,1998-04-26,Waverley Park,St Kilda,Carlton,Carlton,Dean Rice,7,1,3,0,0,0,1
1998,5,1998-04-26,Waverley Park,St Kilda,Carlton,Carlton,Michael Sexton,4,0,2,0,0,1,1
1998,5,1998-04-26,Waverley Park,St Kilda,Carlton,Carlton,Lance Whitnall,10,7,6,1,1,6,2
1998,5,1998-04-26,M.C.G.,Melbourne,Port Adelaide,Melbourne,Matthew Bishop,6,5,2,0,0,1,0
1998,5,1998-04-26,M.C.G.,Melbourne,Port Adelaide,Melbourne,Jeff Farmer,8,3,4,0,2,0,7
1998,5,1998-04-26,M.C.G.,Melbourne,Port Adelaide,Melbourne,Matthew Febey,12,3,5,0,0,0,2
1998,5,1998-04-26,M.C.G.,Melbourne,Port Adelaide,Melbourne,Steven Febey,19,4,11,0,0,0,1
1998,5,1998-04-26,M.C.G.,Melbourne,Port Adelaide,Melbourne,Paul Hopgood,11,1,4,0,0,0,0
1998,5,1998-04-26,M.C.G.,Melbourne,Port Adelaide,Melbourne,Anthony Ingerson,1,4,10,0,0,7,1
1998,5,1998-04-26,M.C.G.,Melbourne,Port Adelaide,Melbourne,Travis Johnstone,7,2,3,1,0,0,1
1998,5,1998-04-26,M.C.G.,Melbourne,Port Adelaide,Melbourne,Darren Kowal,1,1,1,0,0,0,0
1998,5,1998-04-26,M.C.G.,Melbourne,Port Adelaide,Melbourne,Garry Lyon,2,1,2,0,0,0,1
1998,5,1998-04-26,M.C.G.,Melbourne,Port Adelaide,Melbourne,Anthony McDonald,17,4,9,1,0,0,1
1998,5,1998-04-26,M.C.G.,Melbourne,Port Adelaide,Melbourne,James McDonald,14,9,5,1,2,0,1
1998,5,1998-04-26,M.C.G.,Melbourne,Port Adelaide,Melbourne,Guy Rigoni,11,2,10,0,1,2,3
1998,5,1998-04-26,M.C.G.,Melbourne,Port Adelaide,Melbourne,Russell Robertson,8,6,8,2,3,1,1
1998,5,1998-04-26,M.C.G.,Melbourne,Port Adelaide,Melbourne,David Schwarz,9,4,2,2,1,3,2
1998,5,1998-04-26,M.C.G.,Melbourne,Port Adelaide,Melbourne,Jamie Shanahan,7,3,2,0,0,1,2
1998,5,1998-04-26,M.C.G.,Melbourne,Port Adelaide,Melbourne,Shaun Smith,1,1,0,1,0,0,0
1998,5,1998-04-26,M.C.G.,Melbourne,Port Adelaide,Melbourne,Craig Smoker,6,2,3,0,2,0,1
1998,5,1998-04-26,M.C.G.,Melbourne,Port Adelaide,Melbourne,Stephen Tingay,9,2,5,0,0,0,0
1998,5,1998-04-26,M.C.G.,Melbourne,Port Adelaide,Melbourne,Todd Viney,19,7,14,1,0,0,4
1998,5,1998-04-26,M.C.G.,Melbourne,Port Adelaide,Melbourne,Jeff White,15,13,4,4,2,12,3
1998,5,1998-04-26,M.C.G.,Melbourne,Port Adelaide,Melbourne,Shane Woewodin,13,6,5,1,2,0,0
1998,5,1998-04-26,M.C.G.,Melbourne,Port Adelaide,Melbourne,Adem Yze,12,4,5,0,0,0,1
1998,5,1998-04-26,M.C.G.,Melbourne,Port Adelaide,Port Adelaide,Shane Bond,15,5,11,0,0,0,5
1998,5,1998-04-26,M.C.G.,Melbourne,Port Adelaide,Port Adelaide,Peter Burgoyne,6,3,4,0,1,0,2
1998,5,1998-04-26,M.C.G.,Melbourne,Port Adelaide,Port Adelaide,Scott Cummings,3,1,1,1,1,0,0
1998,5,1998-04-26,M.C.G.,Melbourne,Port Adelaide,Port Adelaide,Stephen Daniels,1,0,3,0,0,0,1
1998,5,1998-04-26,M.C.G.,Melbourne,Port Adelaide,Port Adelaide,Donald Dickie,8,2,5,0,1,0,2
1998,5,1998-04-26,M.C.G.,Melbourne,Port Adelaide,Port Adelaide,Nathan Eagleton,11,3,3,1,1,0,0
1998,5,1998-04-26,M.C.G.,Melbourne,Port Adelaide,Port Adelaide,Nigel Fiegert,16,7,4,0,1,1,1
1998,5,1998-04-26,M.C.G.,Melbourne,Port Adelaide,Port Adelaide,Fabian Francis,7,2,2,0,1,0,1
1998,5,1998-04-26,M.C.G.,Melbourne,Port Adelaide,Port Adelaide,Josh Francou,4,0,4,0,0,0,0
1998,5,1998-04-26,M.C.G.,Melbourne,Port Adelaide,Port Adelaide,Roger James,3,0,9,1,0,0,0
1998,5,1998-04-26,M.C.G.,Melbourne,Port Adelaide,Port Adelaide,Adam Kingsley,10,2,8,0,2,0,2
1998,5,1998-04-26,M.C.G.,Melbourne,Port Adelaide,Port Adelaide,Brendon Lade,1,1,3,0,0,2,0
1998,5,1998-04-26,M.C.G.,Melbourne,Port Adelaide,Port Adelaide,Brayden Lyle,15,5,10,0,0,0,0
1998,5,1998-04-26,M.C.G.,Melbourne,Port Adelaide,Port Adelaide,Darren Mead,8,1,7,0,0,1,1
1998,5,1998-04-26,M.C.G.,Melbourne,Port Adelaide,Port Adelaide,Danny Morton,16,1,6,1,2,0,3
1998,5,1998-04-26,M.C.G.,Melbourne,Port Adelaide,Port Adelaide,Chris Naish,9,1,6,0,1,0,2
1998,5,1998-04-26,M.C.G.,Melbourne,Port Adelaide,Port Adelaide,Stephen Paxman,5,1,2,0,0,0,3
1998,5,1998-04-26,M.C.G.,Melbourne,Port Adelaide,Port Adelaide,Darryl Poole,4,0,1,0,0,0,2
1998,5,1998-04-26,M.C.G.,Melbourne,Port Adelaide,Port Adelaide,Matthew Primus,7,3,11,0,0,14,2
1998,5,1998-04-26,M.C.G.,Melbourne,Port Adelaide,Port Adelaide,Warren Tredrea,11,2,3,1,2,2,0
1998,5,1998-04-26,M.C.G.,Melbourne,Port Adelaide,Port Adelaide,Gavin Wanganeen,10,2,4,0,1,0,4
1998,5,1998-04-26,M.C.G.,Melbourne,Port Adelaide,Port Adelaide,Michael Wilson,16,6,7,1,1,1,7
1998,5,1998-04-26,Football Park,Adelaide,Geelong,Adelaide,Nathan Bassett,2,1,1,0,0,0,2
1998,5,1998-04-26,Football Park,Adelaide,Geelong,Adelaide,Mark Bickley,8,4,8,0,1,0,0
1998,5,1998-04-26,Football Park,Adelaide,Geelong,Adelaide,Troy Bond,9,3,1,0,0,0,2
1998,5,1998-04-26,Football Park,Adelaide,Geelong,Adelaide,Peter Caven,9,4,4,0,0,0,2
1998,5,1998-04-26,Football Park,Adelaide,Geelong,Adelaide,Matthew Connell,10,2,3,0,0,0,0
1998,5,1998-04-26,Football Park,Adelaide,Geelong,Adelaide,Ian Downsborough,5,2,3,0,1,6,3
1998,5,1998-04-26,Football Park,Adelaide,Geelong,Adelaide,Andrew Eccles,15,6,2,1,0,0,4
1998,5,1998-04-26,Football Park,Adelaide,Geelong,Adelaide,Shane Ellen,10,4,2,0,1,0,2
1998,5,1998-04-26,Football Park,Adelaide,Geelong,Adelaide,Ben Hart,8,4,3,0,0,1,9
1998,5,1998-04-26,Football Park,Adelaide,Geelong,Adelaide,Brett James,2,1,1,0,0,0,1
1998,5,1998-04-26,Football Park,Adelaide,Geelong,Adelaide,Rod Jameson,9,7,6,3,1,0,0
1998,5,1998-04-26,Football Park,Adelaide,Geelong,Adelaide,Darren Jarman,8,5,2,1,0,0,4
1998,5,1998-04-26,Football Park,Adelaide,Geelong,Adelaide,Kane Johnson,12,5,8,0,2,0,3
1998,5,1998-04-26,Football Park,Adelaide,Geelong,Adelaide,Kym Koster,9,2,6,1,1,0,3
1998,5,1998-04-26,Football Park,Adelaide,Geelong,Adelaide,Andrew McLeod,19,10,3,1,3,0,5
1998,5,1998-04-26,Football Park,Adelaide,Geelong,Adelaide,Shaun Rehn,14,8,10,0,0,28,4
1998,5,1998-04-26,Football Park,Adelaide,Geelong,Adelaide,Mark Ricciuto,18,4,7,0,0,0,0
1998,5,1998-04-26,Football Park,Adelaide,Geelong,Adelaide,Chad Rintoul,7,6,2,1,1,0,1
1998,5,1998-04-26,Football Park,Adelaide,Geelong,Adelaide,Clay Sampson,9,0,4,1,1,0,4
1998,5,1998-04-26,Football Park,Adelaide,Geelong,Adelaide,Nigel Smart,12,5,8,1,1,1,10
1998,5,1998-04-26,Football Park,Adelaide,Geelong,Adelaide,Mark Stevens,4,3,0,1,0,0,0
1998,5,1998-04-26,Football Park,Adelaide,Geelong,Adelaide,James Thiessen,5,1,1,1,0,0,0
1998,5,1998-04-26,Football Park,Adelaide,Geelong,Geelong,Craig Biddiscombe,3,0,2,0,0,0,4
1998,5,1998-04-26,Football Park,Adelaide,Geelong,Geelong,Ronnie Burns,9,2,0,1,4,0,2
1998,5,1998-04-26,Football Park,Adelaide,Geelong,Geelong,Leigh Colbert,11,0,5,1,0,1,4
1998,5,1998-04-26,Football Park,Adelaide,Geelong,Geelong,Paul Corrigan,17,5,3,0,0,0,3
1998,5,1998-04-26,Football Park,Adelaide,Geelong,Geelong,Tim Finocchiaro,7,2,6,0,0,1,1
1998,5,1998-04-26,Football Park,Adelaide,Geelong,Geelong,Ben Graham,13,6,4,0,0,0,2
1998,5,1998-04-26,Football Park,Adelaide,Geelong,Geelong,Derek Hall,6,5,4,0,1,0,2
1998,5,1998-04-26,Football Park,Adelaide,Geelong,Geelong,Glenn Kilpatrick,8,6,7,0,1,0,4
1998,5,1998-04-26,Football Park,Adelaide,Geelong,Geelong,Steven King,8,5,4,0,0,7,0
1998,5,1998-04-26,Football Park,Adelaide,Geelong,Geelong,Paul Lynch,15,3,6,1,2,1,2
1998,5,1998-04-26,Football Park,Adelaide,Geelong,Geelong,Michael Mansfield,7,2,6,0,0,2,0
1998,5,1998-04-26,Football Park,Adelaide,Geelong,Geelong,Tim McGrath,16,2,3,0,0,0,1
1998,5,1998-04-26,Football Park,Adelaide,Geelong,Geelong,Martin McKinnon,3,3,1,0,0,0,0
1998,5,1998-04-26,Football Park,Adelaide,Geelong,Geelong,David Mensch,6,6,7,1,0,5,1
1998,5,1998-04-26,Football Park,Adelaide,Geelong,Geelong,Darren Milburn,3,1,6,0,1,0,3
1998,5,1998-04-26,Football Park,Adelaide,Geelong,Geelong,Liam Pickering,10,5,11,0,0,0,1
1998,5,1998-04-26,Football Park,Adelaide,Geelong,Geelong,Cameron Roberts,5,2,3,0,1,0,1
1998,5,1998-04-26,Football Park,Adelaide,Geelong,Geelong,Brenton Sanderson,17,7,6,1,1,0,0
1998,5,1998-04-26,Football Park,Adelaide,Geelong,Geelong,Brad Sholl,20,8,11,1,0,0,0
1998,5,1998-04-26,Football Park,Adelaide,Geelong,Geelong,Hamish Simpson,4,4,1,0,1,0,0
1998,5,1998-04-26,Football Park,Adelaide,Geelong,Geelong,Sean Simpson,2,5,10,0,0,0,2
1998,5,1998-04-26,Football Park,Adelaide,Geelong,Geelong,Barry Stoneham,8,3,4,2,0,0,1
1998,6,1998-05-01,Gabba,Brisbane Lions,Richmond,Brisbane Lions,Jason Akermanis,20,4,7,1,0,0,0
1998,6,1998-05-01,Gabba,Brisbane Lions,Richmond,Brisbane Lions,Marcus Ashcroft,13,1,10,0,0,0,0
1998,6,1998-05-01,Gabba,Brisbane Lions,Richmond,Brisbane Lions,Simon Black,3,1,1,0,0,0,0
1998,6,1998-05-01,Gabba,Brisbane Lions,Richmond,Brisbane Lions,Daniel Bradshaw,0,0,3,0,0,0,0
1998,6,1998-05-01,Gabba,Brisbane Lions,Richmond,Brisbane Lions,Richard Champion,15,3,9,0,0,0,1
1998,6,1998-05-01,Gabba,Brisbane Lions,Richmond,Brisbane Lions,Danny Dickfos,10,6,7,0,0,0,1
1998,6,1998-05-01,Gabba,Brisbane Lions,Richmond,Brisbane Lions,Shaun Hart,16,6,13,0,0,0,2
1998,6,1998-05-01,Gabba,Brisbane Lions,Richmond,Brisbane Lions,Rory Hilton,11,1,5,0,0,0,1
1998,6,1998-05-01,Gabba,Brisbane Lions,Richmond,Brisbane Lions,Clark Keating,4,0,3,0,0,8,1
1998,6,1998-05-01,Gabba,Brisbane Lions,Richmond,Brisbane Lions,Matthew Kennedy,11,5,7,0,0,5,2
1998,6,1998-05-01,Gabba,Brisbane Lions,Richmond,Brisbane Lions,Nigel Lappin,12,5,5,2,1,0,0
1998,6,1998-05-01,Gabba,Brisbane Lions,Richmond,Brisbane Lions,Steven Lawrence,16,2,5,1,0,0,0
1998,6,1998-05-01,Gabba,Brisbane Lions,Richmond,Brisbane Lions,Alastair Lynch,5,3,4,2,0,0,0
1998,6,1998-05-01,Gabba,Brisbane Lions,Richmond,Brisbane Lions,Tristan Lynch,11,4,10,1,0,0,0
1998,6,1998-05-01,Gabba,Brisbane Lions,Richmond,Brisbane Lions,Beau McDonald,7,2,3,1,0,6,0
1998,6,1998-05-01,Gabba,Brisbane Lions,Richmond,Brisbane Lions,Craig McRae,12,3,8,2,2,0,2
1998,6,1998-05-01,Gabba,Brisbane Lions,Richmond,Brisbane Lions,Marcus Picken,7,1,2,0,0,0,0
1998,6,1998-05-01,Gabba,Brisbane Lions,Richmond,Brisbane Lions,Luke Power,8,3,6,0,0,0,0
1998,6,1998-05-01,Gabba,Brisbane Lions,Richmond,Brisbane Lions,Brad Scott,6,2,5,2,0,0,0
1998,6,1998-05-01,Gabba,Brisbane Lions,Richmond,Brisbane Lions,Chris Scott,15,2,6,0,0,0,0
1998,6,1998-05-01,Gabba,Brisbane Lions,Richmond,Brisbane Lions,Michael Voss,7,2,17,0,0,0,3
1998,6,1998-05-01,Gabba,Brisbane Lions,Richmond,Brisbane Lions,Darryl White,21,9,6,1,0,2,2
1998,6,1998-05-01,Gabba,Brisbane Lions,Richmond,Richmond,Joel Bowden,10,2,4,2,1,0,0
1998,6,1998-05-01,Gabba,Brisbane Lions,Richmond,Richmond,Nathan Bower,17,5,3,0,0,0,0
1998,6,1998-05-01,Gabba,Brisbane Lions,Richmond,Richmond,Paul Broderick,9,2,8,0,0,0,0
1998,6,1998-05-01,Gabba,Brisbane Lions,Richmond,Richmond,Paul Bulluss,4,2,4,0,0,0,1
1998,6,1998-05-01,Gabba,Brisbane Lions,Richmond,Richmond,Wayne Campbell,9,0,8,0,0,0,1
1998,6,1998-05-01,Gabba,Brisbane Lions,Richmond,Richmond,Nick Daffy,18,0,3,0,0,0,1
1998,6,1998-05-01,Gabba,Brisbane Lions,Richmond,Richmond,Brendon Gale,11,6,6,0,0,24,0
1998,6,1998-05-01,Gabba,Brisbane Lions,Richmond,Richmond,Darren Gaspar,6,1,11,0,0,0,0
1998,6,1998-05-01,Gabba,Brisbane Lions,Richmond,Richmond,Ben Harrison,17,4,6,0,1,3,0
1998,6,1998-05-01,Gabba,Brisbane Lions,Richmond,Richmond,Ben Holland,2,2,0,2,0,0,0
1998,6,1998-05-01,Gabba,Brisbane Lions,Richmond,Richmond,Duncan Kellaway,10,3,8,0,0,0,0
1998,6,1998-05-01,Gabba,Brisbane Lions,Richmond,Richmond,Matthew Knights,9,3,12,0,0,0,1
1998,6,1998-05-01,Gabba,Brisbane Lions,Richmond,Richmond,Mark Merenda,9,3,4,0,0,0,1
1998,6,1998-05-01,Gabba,Brisbane Lions,Richmond,Richmond,Brad Ottens,3,1,5,0,0,5,0
1998,6,1998-05-01,Gabba,Brisbane Lions,Richmond,Richmond,Robert Powell,17,3,6,1,2,0,0
1998,6,1998-05-01,Gabba,Brisbane Lions,Richmond,Richmond,Ashley Prescott,6,2,2,0,0,0,2
1998,6,1998-05-01,Gabba,Brisbane Lions,Richmond,Richmond,Lionel Proctor,2,2,2,0,0,0,2
1998,6,1998-05-01,Gabba,Brisbane Lions,Richmond,Richmond,Matthew Richardson,5,3,3,2,1,0,0
1998,6,1998-05-01,Gabba,Brisbane Lions,Richmond,Richmond,Matthew Rogers,19,3,3,0,1,0,2
1998,6,1998-05-01,Gabba,Brisbane Lions,Richmond,Richmond,John Rombotis,2,0,1,0,0,0,0
1998,6,1998-05-01,Gabba,Brisbane Lions,Richmond,Richmond,Jason Torney,10,0,7,0,0,0,1
1998,6,1998-05-01,Gabba,Brisbane Lions,Richmond,Richmond,Scott Turner,9,3,8,0,0,0,2
1998,6,1998-05-02,Princes Park,Western Bulldogs,Essendon,Western Bulldogs,Nathan Brown,18,6,7,0,3,0,0
1998,6,1998-05-02,Princes Park,Western Bulldogs,Essendon,Western Bulldogs,Leon Cameron,19,4,4,0,0,0,0
1998,6,1998-05-02,Princes Park,Western Bulldogs,Essendon,Western Bulldogs,Simon Cox,8,3,1,0,0,0,0
1998,6,1998-05-02,Princes Park,Western Bulldogs,Essendon,Western Bulldogs,Matthew Croft,10,4,12,0,2,0,2
1998,6,1998-05-02,Princes Park,Western Bulldogs,Essendon,Western Bulldogs,Todd Curley,8,4,3,0,0,1,0
1998,6,1998-05-02,Princes Park,Western Bulldogs,Essendon,Western Bulldogs,Luke Darcy,11,5,7,2,0,15,2
1998,6,1998-05-02,Princes Park,Western Bulldogs,Essendon,Western Bulldogs,Matthew Dent,10,2,5,0,0,0,5
1998,6,1998-05-02,Princes Park,Western Bulldogs,Essendon,Western Bulldogs,Craig Ellis,14,9,3,0,0,0,2
1998,6,1998-05-02,Princes Park,Western Bulldogs,Essendon,Western Bulldogs,Simon Garlick,8,3,6,1,2,0,2
1998,6,1998-05-02,Princes Park,Western Bulldogs,Essendon,Western Bulldogs,Paul Hudson,10,6,7,2,1,0,2
1998,6,1998-05-02,Princes Park,Western Bulldogs,Essendon,Western Bulldogs,Brad Johnson,14,5,3,2,0,0,2
1998,6,1998-05-02,Princes Park,Western Bulldogs,Essendon,Western Bulldogs,Steven Kolyniuk,6,2,4,3,0,0,0
1998,6,1998-05-02,Princes Park,Western Bulldogs,Essendon,Western Bulldogs,Steven Kretiuk,5,3,3,0,0,0,2
1998,6,1998-05-02,Princes Park,Western Bulldogs,Essendon,Western Bulldogs,Michael Martin,4,2,0,0,0,0,2
1998,6,1998-05-02,Princes Park,Western Bulldogs,Essendon,Western Bulldogs,Simon Minton-Connell,1,0,1,0,0,0,1
1998,6,1998-05-02,Princes Park,Western Bulldogs,Essendon,Western Bulldogs,Brett Montgomery,2,0,3,0,1,1,0
1998,6,1998-05-02,Princes Park,Western Bulldogs,Essendon,Western Bulldogs,Jose Romero,12,1,6,1,1,0,1
1998,6,1998-05-02,Princes Park,Western Bulldogs,Essendon,Western Bulldogs,Rohan Smith,11,4,6,2,2,0,0
1998,6,1998-05-02,Princes Park,Western Bulldogs,Essendon,Western Bulldogs,Daniel Southern,7,5,8,0,0,2,2
1998,6,1998-05-02,Princes Park,Western Bulldogs,Essendon,Western Bulldogs,Scott West,10,2,14,0,0,0,4
1998,6,1998-05-02,Princes Park,Western Bulldogs,Essendon,Western Bulldogs,Brad Wira,5,2,6,0,0,0,0
1998,6,1998-05-02,Princes Park,Western Bulldogs,Essendon,Western Bulldogs,Scott Wynd,5,4,12,0,0,16,1
1998,6,1998-05-02,Princes Park,Western Bulldogs,Essendon,Essendon,Paul Barnard,5,1,1,0,0,0,0
1998,6,1998-05-02,Princes Park,Western Bulldogs,Essendon,Essendon,Darren Bewick,4,0,2,0,1,0,0
1998,6,1998-05-02,Princes Park,Western Bulldogs,Essendon,Essendon,Justin Blumfield,9,4,7,2,1,0,3
1998,6,1998-05-02,Princes Park,Western Bulldogs,Essendon,Essendon,Andrew Bomford,8,4,5,0,0,0,0
1998,6,1998-05-02,Princes Park,Western Bulldogs,Essendon,Essendon,Blake Caracella,11,7,6,1,0,0,1
1998,6,1998-05-02,Princes Park,Western Bulldogs,Essendon,Essendon,Che Cockatoo-Collins,5,4,2,0,1,0,1
1998,6,1998-05-02,Princes Park,Western Bulldogs,Essendon,Essendon,Ben Doolan,2,2,2,0,0,0,1
1998,6,1998-05-02,Princes Park,Western Bulldogs,Essendon,Essendon,Simon Eastaugh,14,12,8,0,0,14,2
1998,6,1998-05-02,Princes Park,Western Bulldogs,Essendon,Essendon,Dustin Fletcher,17,3,1,0,0,0,2
1998,6,1998-05-02,Princes Park,Western Bulldogs,Essendon,Essendon,Mark Fraser,4,0,2,0,0,0,2
1998,6,1998-05-02,Princes Park,Western Bulldogs,Essendon,Essendon,Damien Hardwick,19,6,1,0,0,0,2
1998,6,1998-05-02,Princes Park,Western Bulldogs,Essendon,Essendon,Matthew Lloyd,4,2,3,2,0,0,1
1998,6,1998-05-02,Princes Park,Western Bulldogs,Essendon,Essendon,Scott Lucas,20,13,0,4,4,0,0
1998,6,1998-05-02,Princes Park,Western Bulldogs,Essendon,Essendon,Joe Misiti,8,1,10,1,0,0,3
1998,6,1998-05-02,Princes Park,Western Bulldogs,Essendon,Essendon,Gary Moorcroft,8,4,6,1,1,0,1
1998,6,1998-05-02,Princes Park,Western Bulldogs,Essendon,Essendon,Ryan OConnor,3,1,0,2,1,1,0
1998,6,1998-05-02,Princes Park,Western Bulldogs,Essendon,Essendon,Gary ODonnell,8,2,4,0,0,0,6
1998,6,1998-05-02,Princes Park,Western Bulldogs,Essendon,Essendon,Ricky Olarenshaw,12,2,8,0,0,0,2
1998,6,1998-05-02,Princes Park,Western Bulldogs,Essendon,Essendon,Michael Prior,10,5,4,0,0,0,4
1998,6,1998-05-02,Princes Park,Western Bulldogs,Essendon,Essendon,Dean Solomon,10,5,5,0,1,0,1
1998,6,1998-05-02,Princes Park,Western Bulldogs,Essendon,Essendon,Andrew Ukovic,6,5,7,0,0,0,1
1998,6,1998-05-02,Princes Park,Western Bulldogs,Essendon,Essendon,Sean Wellman,13,9,6,0,0,0,1
1998,6,1998-05-02,Kardinia Park,Geelong,Hawthorn,Geelong,John Barnes,15,11,6,2,0,16,1
1998,6,1998-05-02,Kardinia Park,Geelong,Hawthorn,Geelong,Ronnie Burns,5,1,5,3,2,0,0
1998,6,1998-05-02,Kardinia Park,Geelong,Hawthorn,Geelong,Leigh Colbert,13,5,5,0,1,0,4
1998,6,1998-05-02,Kardinia Park,Geelong,Hawthorn,Geelong,Paul Corrigan,7,2,4,0,0,1,5
1998,6,1998-05-02,Kardinia Park,Geelong,Hawthorn,Geelong,Tim Finocchiaro,5,1,7,0,0,0,0
1998,6,1998-05-02,Kardinia Park,Geelong,Hawthorn,Geelong,Ben Graham,3,1,1,0,0,0,4
1998,6,1998-05-02,Kardinia Park,Geelong,Hawthorn,Geelong,Tim Hargreaves,3,0,2,0,0,0,3
1998,6,1998-05-02,Kardinia Park,Geelong,Hawthorn,Geelong,Glenn Kilpatrick,7,0,5,0,1,0,4
1998,6,1998-05-02,Kardinia Park,Geelong,Hawthorn,Geelong,Daniel Lowther,9,3,2,0,0,0,4
1998,6,1998-05-02,Kardinia Park,Geelong,Hawthorn,Geelong,Michael Mansfield,7,3,4,0,1,0,2
1998,6,1998-05-02,Kardinia Park,Geelong,Hawthorn,Geelong,Tim McGrath,10,4,5,0,0,0,4
1998,6,1998-05-02,Kardinia Park,Geelong,Hawthorn,Geelong,David Mensch,15,11,11,0,1,10,3
1998,6,1998-05-02,Kardinia Park,Geelong,Hawthorn,Geelong,Darren Milburn,5,2,6,0,0,0,1
1998,6,1998-05-02,Kardinia Park,Geelong,Hawthorn,Geelong,Liam Pickering,26,3,6,0,0,0,0
1998,6,1998-05-02,Kardinia Park,Geelong,Hawthorn,Geelong,James Rahilly,2,0,2,0,0,0,0
1998,6,1998-05-02,Kardinia Park,Geelong,Hawthorn,Geelong,Peter Riccardi,15,3,5,0,1,1,3
1998,6,1998-05-02,Kardinia Park,Geelong,Hawthorn,Geelong,Brenton Sanderson,13,7,8,0,0,0,2
1998,6,1998-05-02,Kardinia Park,Geelong,Hawthorn,Geelong,Brad Sholl,8,2,2,2,0,0,2
1998,6,1998-05-02,Kardinia Park,Geelong,Hawthorn,Geelong,Hamish Simpson,1,0,2,0,0,0,0
1998,6,1998-05-02,Kardinia Park,Geelong,Hawthorn,Geelong,Sean Simpson,6,2,4,0,0,0,2
1998,6,1998-05-02,Kardinia Park,Geelong,Hawthorn,Geelong,Brett Spinks,10,9,4,6,2,0,3
1998,6,1998-05-02,Kardinia Park,Geelong,Hawthorn,Geelong,Barry Stoneham,4,4,5,0,1,1,4
1998,6,1998-05-02,Kardinia Park,Geelong,Hawthorn,Hawthorn,John Barker,12,7,1,0,0,2,3
1998,6,1998-05-02,Kardinia Park,Geelong,Hawthorn,Hawthorn,Nathan Chapman,1,0,1,0,1,0,1
1998,6,1998-05-02,Kardinia Park,Geelong,Hawthorn,Hawthorn,Daniel Chick,6,2,3,1,0,0,1
1998,6,1998-05-02,Kardinia Park,Geelong,Hawthorn,Hawthorn,Shane Crawford,16,3,10,0,1,0,1
1998,6,1998-05-02,Kardinia Park,Geelong,Hawthorn,Hawthorn,Trent Croad,4,2,1,0,0,0,0
1998,6,1998-05-02,Kardinia Park,Geelong,Hawthorn,Hawthorn,Ben Dixon,9,4,5,2,0,0,1
1998,6,1998-05-02,Kardinia Park,Geelong,Hawthorn,Hawthorn,Jason Dunstall,9,8,3,4,4,0,0
1998,6,1998-05-02,Kardinia Park,Geelong,Hawthorn,Hawthorn,Daniel Harford,9,2,7,0,0,0,4
1998,6,1998-05-02,Kardinia Park,Geelong,Hawthorn,Hawthorn,Jon Hassall,3,0,3,0,0,0,3
1998,6,1998-05-02,Kardinia Park,Geelong,Hawthorn,Hawthorn,Jonathan Hay,14,8,0,0,0,0,1
1998,6,1998-05-02,Kardinia Park,Geelong,Hawthorn,Hawthorn,Nick Holland,10,4,1,0,3,9,0
1998,6,1998-05-02,Kardinia Park,Geelong,Hawthorn,Hawthorn,Haydon Kilmartin,5,0,3,0,0,0,3
1998,6,1998-05-02,Kardinia Park,Geelong,Hawthorn,Hawthorn,Angelo Lekkas,16,4,6,0,0,0,3
1998,6,1998-05-02,Kardinia Park,Geelong,Hawthorn,Hawthorn,Aaron Lord,17,3,7,3,2,0,4
1998,6,1998-05-02,Kardinia Park,Geelong,Hawthorn,Hawthorn,Luke McCabe,7,2,4,0,0,0,4
1998,6,1998-05-02,Kardinia Park,Geelong,Hawthorn,Hawthorn,Jade Rawlings,1,1,1,0,0,0,1
1998,6,1998-05-02,Kardinia Park,Geelong,Hawthorn,Hawthorn,Jonathon Robran,5,1,7,0,0,1,3
1998,6,1998-05-02,Kardinia Park,Geelong,Hawthorn,Hawthorn,Paul Salmon,10,6,9,0,0,36,1
1998,6,1998-05-02,Kardinia Park,Geelong,Hawthorn,Hawthorn,Rayden Tallis,3,2,4,0,0,0,4
1998,6,1998-05-02,Kardinia Park,Geelong,Hawthorn,Hawthorn,Richard Taylor,12,1,6,0,1,0,6
1998,6,1998-05-02,Kardinia Park,Geelong,Hawthorn,Hawthorn,Nathan Turvey,3,0,0,0,0,0,0
1998,6,1998-05-02,Kardinia Park,Geelong,Hawthorn,Hawthorn,Tony Woods,13,3,8,0,0,0,3
1998,6,1998-05-02,M.C.G.,Carlton,Collingwood,Carlton,Matthew Allan,8,8,9,1,1,19,0
1998,6,1998-05-02,M.C.G.,Carlton,Collingwood,Carlton,Jacob Anstey,3,1,2,0,0,0,0
1998,6,1998-05-02,M.C.G.,Carlton,Collingwood,Carlton,Simon Beaumont,5,2,3,1,0,0,0
1998,6,1998-05-02,M.C.G.,Carlton,Collingwood,Carlton,Craig Bradley,17,1,5,0,0,0,1
1998,6,1998-05-02,M.C.G.,Carlton,Collingwood,Carlton,Fraser Brown,3,0,2,0,1,0,0
1998,6,1998-05-02,M.C.G.,Carlton,Collingwood,Carlton,Scott Camporeale,11,5,6,2,0,0,1
1998,6,1998-05-02,M.C.G.,Carlton,Collingwood,Carlton,Ron De Iulio,15,5,1,0,0,0,1
1998,6,1998-05-02,M.C.G.,Carlton,Collingwood,Carlton,Peter Dean,8,3,3,1,0,2,1
1998,6,1998-05-02,M.C.G.,Carlton,Collingwood,Carlton,Anthony Franchina,8,1,3,1,0,0,1
1998,6,1998-05-02,M.C.G.,Carlton,Collingwood,Carlton,Aaron Hamill,13,9,4,1,0,0,2
1998,6,1998-05-02,M.C.G.,Carlton,Collingwood,Carlton,Matthew Hogg,8,2,6,0,0,0,1
1998,6,1998-05-02,M.C.G.,Carlton,Collingwood,Carlton,Darren Hulme,11,4,6,0,1,0,0
1998,6,1998-05-02,M.C.G.,Carlton,Collingwood,Carlton,Anthony Koutoufides,14,6,8,1,1,1,0
1998,6,1998-05-02,M.C.G.,Carlton,Collingwood,Carlton,Damien Lock,7,5,7,0,0,0,1
1998,6,1998-05-02,M.C.G.,Carlton,Collingwood,Carlton,Glenn Manton,7,7,4,0,0,0,0
1998,6,1998-05-02,M.C.G.,Carlton,Collingwood,Carlton,Andrew McKay,7,3,13,0,0,0,1
1998,6,1998-05-02,M.C.G.,Carlton,Collingwood,Carlton,Brad Pearce,6,3,3,0,1,0,0
1998,6,1998-05-02,M.C.G.,Carlton,Collingwood,Carlton,Mark Porter,1,1,0,0,0,11,0
1998,6,1998-05-02,M.C.G.,Carlton,Collingwood,Carlton,Brett Ratten,5,0,13,0,0,0,6
1998,6,1998-05-02,M.C.G.,Carlton,Collingwood,Carlton,Dean Rice,9,5,5,0,0,0,2
1998,6,1998-05-02,M.C.G.,Carlton,Collingwood,Carlton,Michael Sexton,14,3,4,0,0,0,1
1998,6,1998-05-02,M.C.G.,Carlton,Collingwood,Carlton,Lance Whitnall,8,5,5,1,2,1,0
1998,6,1998-05-02,M.C.G.,Carlton,Collingwood,Collingwood,Nathan Buckley,24,3,3,1,0,0,2
1998,6,1998-05-02,M.C.G.,Carlton,Collingwood,Collingwood,Gavin Crosisca,13,5,4,1,0,0,1
1998,6,1998-05-02,M.C.G.,Carlton,Collingwood,Collingwood,Scott Crow,6,3,3,0,1,0,1
1998,6,1998-05-02,M.C.G.,Carlton,Collingwood,Collingwood,Matthew Francis,1,1,2,0,0,2,0
1998,6,1998-05-02,M.C.G.,Carlton,Collingwood,Collingwood,Brad Fuller,3,1,1,1,0,0,0
1998,6,1998-05-02,M.C.G.,Carlton,Collingwood,Collingwood,Luke Godden,3,1,8,0,0,0,2
1998,6,1998-05-02,M.C.G.,Carlton,Collingwood,Collingwood,Chad Liddell,12,8,8,0,1,0,2
1998,6,1998-05-02,M.C.G.,Carlton,Collingwood,Collingwood,Josh Mahoney,9,6,1,1,0,0,4
1998,6,1998-05-02,M.C.G.,Carlton,Collingwood,Collingwood,Alex McDonald,13,4,11,0,1,0,1
1998,6,1998-05-02,M.C.G.,Carlton,Collingwood,Collingwood,Mal Michael,10,3,10,1,0,1,3
1998,6,1998-05-02,M.C.G.,Carlton,Collingwood,Collingwood,Damian Monkhorst,9,8,9,1,0,11,1
1998,6,1998-05-02,M.C.G.,Carlton,Collingwood,Collingwood,Stephen Patterson,9,4,5,0,1,0,4
1998,6,1998-05-02,M.C.G.,Carlton,Collingwood,Collingwood,Andrew Pugsley,4,3,1,0,2,0,0
1998,6,1998-05-02,M.C.G.,Carlton,Collingwood,Collingwood,Mark Richardson,11,6,5,0,0,5,0
1998,6,1998-05-02,M.C.G.,Carlton,Collingwood,Collingwood,Saverio Rocca,11,7,2,4,2,1,1
1998,6,1998-05-02,M.C.G.,Carlton,Collingwood,Collingwood,Scott Russell,17,5,12,0,0,0,2
1998,6,1998-05-02,M.C.G.,Carlton,Collingwood,Collingwood,Andrew Schauble,0,1,8,0,0,0,1
1998,6,1998-05-02,M.C.G.,Carlton,Collingwood,Collingwood,Chris Tarrant,2,2,0,1,0,0,1
1998,6,1998-05-02,M.C.G.,Carlton,Collingwood,Collingwood,Shane Watson,6,3,1,2,0,0,2
1998,6,1998-05-02,M.C.G.,Carlton,Collingwood,Collingwood,Jason Wild,5,5,3,1,1,0,2
1998,6,1998-05-02,M.C.G.,Carlton,Collingwood,Collingwood,Paul Williams,12,4,8,0,1,0,4
1998,6,1998-05-02,M.C.G.,Carlton,Collingwood,Collingwood,Graham Wright,18,4,6,0,1,0,0
1998,6,1998-05-02,Football Park,Port Adelaide,Fremantle,Port Adelaide,Shane Bond,8,3,4,0,0,0,5
1998,6,1998-05-02,Football Park,Port Adelaide,Fremantle,Port Adelaide,Shayne Breuer,4,1,1,0,0,0,2
1998,6,1998-05-02,Football Park,Port Adelaide,Fremantle,Port Adelaide,David Brown,6,2,4,0,0,0,1
1998,6,1998-05-02,Football Park,Port Adelaide,Fremantle,Port Adelaide,Nathan Eagleton,12,3,3,1,1,0,1
1998,6,1998-05-02,Football Park,Port Adelaide,Fremantle,Port Adelaide,Paul Evans,7,5,3,2,4,0,2
1998,6,1998-05-02,Football Park,Port Adelaide,Fremantle,Port Adelaide,Nigel Fiegert,7,1,2,0,1,0,0
1998,6,1998-05-02,Football Park,Port Adelaide,Fremantle,Port Adelaide,Josh Francou,9,3,8,0,2,0,2
1998,6,1998-05-02,Football Park,Port Adelaide,Fremantle,Port Adelaide,Adam Heuskes,11,9,13,0,0,0,3
1998,6,1998-05-02,Football Park,Port Adelaide,Fremantle,Port Adelaide,Adam Kingsley,18,4,9,1,0,0,0
1998,6,1998-05-02,Football Park,Port Adelaide,Fremantle,Port Adelaide,Brendon Lade,8,6,4,1,0,13,1
1998,6,1998-05-02,Football Park,Port Adelaide,Fremantle,Port Adelaide,Bowen Lockwood,1,1,2,1,0,0,1
1998,6,1998-05-02,Football Park,Port Adelaide,Fremantle,Port Adelaide,Brayden Lyle,12,2,4,0,0,0,2
1998,6,1998-05-02,Football Park,Port Adelaide,Fremantle,Port Adelaide,Darren Mead,14,9,4,0,0,2,1
1998,6,1998-05-02,Football Park,Port Adelaide,Fremantle,Port Adelaide,Danny Morton,13,2,4,0,1,0,3
1998,6,1998-05-02,Football Park,Port Adelaide,Fremantle,Port Adelaide,Chris Naish,6,1,3,2,2,0,0
1998,6,1998-05-02,Football Park,Port Adelaide,Fremantle,Port Adelaide,Stephen Paxman,6,2,2,0,0,0,2
1998,6,1998-05-02,Football Park,Port Adelaide,Fremantle,Port Adelaide,Darryl Poole,7,5,9,1,1,1,5
1998,6,1998-05-02,Football Park,Port Adelaide,Fremantle,Port Adelaide,Matthew Primus,3,0,2,0,0,9,3
1998,6,1998-05-02,Football Park,Port Adelaide,Fremantle,Port Adelaide,Nick Stevens,8,3,7,2,1,0,1
1998,6,1998-05-02,Football Park,Port Adelaide,Fremantle,Port Adelaide,Warren Tredrea,7,5,5,1,2,0,0
1998,6,1998-05-02,Football Park,Port Adelaide,Fremantle,Port Adelaide,Gavin Wanganeen,15,2,5,1,1,0,1
1998,6,1998-05-02,Football Park,Port Adelaide,Fremantle,Port Adelaide,Michael Wilson,10,3,7,0,0,0,0
1998,6,1998-05-02,Football Park,Port Adelaide,Fremantle,Fremantle,Stuart Anderson,8,3,10,1,0,0,3
1998,6,1998-05-02,Football Park,Port Adelaide,Fremantle,Fremantle,Daniel Bandy,6,3,4,0,1,5,2
1998,6,1998-05-02,Football Park,Port Adelaide,Fremantle,Fremantle,Chris Bond,11,5,9,0,0,0,6
1998,6,1998-05-02,Football Park,Port Adelaide,Fremantle,Fremantle,Matthew Burton,13,16,8,0,0,16,0
1998,6,1998-05-02,Football Park,Port Adelaide,Fremantle,Fremantle,Craig Callaghan,26,9,3,1,0,0,2
1998,6,1998-05-02,Football Park,Port Adelaide,Fremantle,Fremantle,James Clement,6,2,0,2,0,0,4
1998,6,1998-05-02,Football Park,Port Adelaide,Fremantle,Fremantle,Gary Dhurrkay,3,0,2,0,0,0,4
1998,6,1998-05-02,Football Park,Port Adelaide,Fremantle,Fremantle,Brad Dodd,14,8,9,0,1,0,1
1998,6,1998-05-02,Football Park,Port Adelaide,Fremantle,Fremantle,Adrian Fletcher,5,3,10,0,0,0,3
1998,6,1998-05-02,Football Park,Port Adelaide,Fremantle,Fremantle,Mark Gale,12,2,8,0,0,0,3
1998,6,1998-05-02,Football Park,Port Adelaide,Fremantle,Fremantle,Greg Harding,11,7,5,0,0,0,5
1998,6,1998-05-02,Football Park,Port Adelaide,Fremantle,Fremantle,Dale Kickett,10,4,12,0,0,0,3
1998,6,1998-05-02,Football Park,Port Adelaide,Fremantle,Fremantle,Peter Mann,7,5,2,2,1,2,1
1998,6,1998-05-02,Football Park,Port Adelaide,Fremantle,Fremantle,Andrew McGovern,0,0,1,0,0,0,0
1998,6,1998-05-02,Football Park,Port Adelaide,Fremantle,Fremantle,Shaun McManus,1,1,0,0,0,0,0
1998,6,1998-05-02,Football Park,Port Adelaide,Fremantle,Fremantle,Jason Norrish,6,6,14,0,0,0,4
1998,6,1998-05-02,Football Park,Port Adelaide,Fremantle,Fremantle,Stephen OReilly,8,4,4,0,0,0,1
1998,6,1998-05-02,Football Park,Port Adelaide,Fremantle,Fremantle,Daniel Parker,5,2,2,0,0,1,3
1998,6,1998-05-02,Football Park,Port Adelaide,Fremantle,Fremantle,Shane Parker,7,5,4,0,0,0,2
1998,6,1998-05-02,Football Park,Port Adelaide,Fremantle,Fremantle,Jess Sinclair,12,3,2,0,0,0,4
1998,6,1998-05-02,Football Park,Port Adelaide,Fremantle,Fremantle,Clive Waterhouse,3,4,1,2,0,0,0
1998,6,1998-05-02,Football Park,Port Adelaide,Fremantle,Fremantle,Andrew Wills,21,5,7,1,0,0,5
1998,6,1998-05-03,S.C.G.,Sydney,Melbourne,Sydney,Robert AhMat,4,1,12,0,1,0,0
1998,6,1998-05-03,S.C.G.,Sydney,Melbourne,Sydney,Simon Arnott,8,4,2,1,0,0,0
1998,6,1998-05-03,S.C.G.,Sydney,Melbourne,Sydney,Leo Barry,5,2,7,0,1,0,3
1998,6,1998-05-03,S.C.G.,Sydney,Melbourne,Sydney,Mark Bayes,10,2,1,1,0,0,1
1998,6,1998-05-03,S.C.G.,Sydney,Melbourne,Sydney,Troy Cook,5,0,1,0,1,0,0
1998,6,1998-05-03,S.C.G.,Sydney,Melbourne,Sydney,Daryn Cresswell,21,2,12,1,2,0,2
1998,6,1998-05-03,S.C.G.,Sydney,Melbourne,Sydney,Andrew Dunkley,9,3,8,0,1,4,1
1998,6,1998-05-03,S.C.G.,Sydney,Melbourne,Sydney,Brent Green,1,0,2,0,0,5,0
1998,6,1998-05-03,S.C.G.,Sydney,Melbourne,Sydney,Paul Kelly,4,1,3,2,0,0,1
1998,6,1998-05-03,S.C.G.,Sydney,Melbourne,Sydney,Troy Luff,13,1,6,0,0,0,3
1998,6,1998-05-03,S.C.G.,Sydney,Melbourne,Sydney,Stuart Maxfield,14,2,1,0,0,0,1
1998,6,1998-05-03,S.C.G.,Sydney,Melbourne,Sydney,Daniel McPherson,8,2,1,0,0,0,1
1998,6,1998-05-03,S.C.G.,Sydney,Melbourne,Sydney,Jason Mooney,4,2,2,1,1,2,1
1998,6,1998-05-03,S.C.G.,Sydney,Melbourne,Sydney,Matthew Nicks,13,2,6,0,0,0,3
1998,6,1998-05-03,S.C.G.,Sydney,Melbourne,Sydney,Michael OLoughlin,16,4,6,0,2,0,1
1998,6,1998-05-03,S.C.G.,Sydney,Melbourne,Sydney,Mark Orchard,10,3,2,0,0,0,0
1998,6,1998-05-03,S.C.G.,Sydney,Melbourne,Sydney,Paul Roos,11,4,14,0,1,0,1
1998,6,1998-05-03,S.C.G.,Sydney,Melbourne,Sydney,Jason Saddington,9,1,4,1,0,0,2
1998,6,1998-05-03,S.C.G.,Sydney,Melbourne,Sydney,Wayne Schwass,18,1,4,0,0,0,2
1998,6,1998-05-03,S.C.G.,Sydney,Melbourne,Sydney,Greg Stafford,11,5,4,0,0,22,2
1998,6,1998-05-03,S.C.G.,Sydney,Melbourne,Sydney,John Stevens,13,2,1,1,1,0,1
1998,6,1998-05-03,S.C.G.,Sydney,Melbourne,Sydney,Rowan Warfe,8,4,10,0,0,0,0
1998,6,1998-05-03,S.C.G.,Sydney,Melbourne,Melbourne,Matthew Bishop,4,2,2,0,0,0,2
1998,6,1998-05-03,S.C.G.,Sydney,Melbourne,Melbourne,Jeff Farmer,5,0,4,2,1,0,0
1998,6,1998-05-03,S.C.G.,Sydney,Melbourne,Melbourne,Matthew Febey,7,4,5,0,0,0,0
1998,6,1998-05-03,S.C.G.,Sydney,Melbourne,Melbourne,Steven Febey,9,3,4,0,0,0,0
1998,6,1998-05-03,S.C.G.,Sydney,Melbourne,Melbourne,Brent Grgic,11,6,3,0,0,0,0
1998,6,1998-05-03,S.C.G.,Sydney,Melbourne,Melbourne,Paul Hopgood,7,2,2,0,0,0,0
1998,6,1998-05-03,S.C.G.,Sydney,Melbourne,Melbourne,Anthony Ingerson,7,3,7,0,0,0,0
1998,6,1998-05-03,S.C.G.,Sydney,Melbourne,Melbourne,Travis Johnstone,9,2,1,1,0,0,0
1998,6,1998-05-03,S.C.G.,Sydney,Melbourne,Melbourne,Andrew Leoncelli,17,2,5,0,1,0,1
1998,6,1998-05-03,S.C.G.,Sydney,Melbourne,Melbourne,Garry Lyon,9,3,0,3,0,0,2
1998,6,1998-05-03,S.C.G.,Sydney,Melbourne,Melbourne,Anthony McDonald,12,1,2,0,0,0,1
1998,6,1998-05-03,S.C.G.,Sydney,Melbourne,Melbourne,James McDonald,8,1,4,0,0,0,0
1998,6,1998-05-03,S.C.G.,Sydney,Melbourne,Melbourne,Guy Rigoni,12,3,7,0,0,0,0
1998,6,1998-05-03,S.C.G.,Sydney,Melbourne,Melbourne,Russell Robertson,0,0,0,0,0,0,1
1998,6,1998-05-03,S.C.G.,Sydney,Melbourne,Melbourne,David Schwarz,3,3,3,2,1,2,0
1998,6,1998-05-03,S.C.G.,Sydney,Melbourne,Melbourne,Jamie Shanahan,9,2,2,0,0,3,0
1998,6,1998-05-03,S.C.G.,Sydney,Melbourne,Melbourne,Craig Smoker,7,1,6,2,2,0,0
1998,6,1998-05-03,S.C.G.,Sydney,Melbourne,Melbourne,Stephen Tingay,1,1,2,0,0,0,1
1998,6,1998-05-03,S.C.G.,Sydney,Melbourne,Melbourne,Todd Viney,15,4,11,1,1,0,1
1998,6,1998-05-03,S.C.G.,Sydney,Melbourne,Melbourne,Jeff White,9,4,6,0,1,26,1
1998,6,1998-05-03,S.C.G.,Sydney,Melbourne,Melbourne,Shane Woewodin,19,11,8,0,0,0,3
1998,6,1998-05-03,S.C.G.,Sydney,Melbourne,Melbourne,Adem Yze,21,7,2,1,0,0,0
1998,6,1998-05-03,M.C.G.,North Melbourne,Adelaide,North Melbourne,Winston Abraham,10,3,4,2,2,0,2
1998,6,1998-05-03,M.C.G.,North Melbourne,Adelaide,North Melbourne,Brett Allison,8,2,3,1,1,0,2
1998,6,1998-05-03,M.C.G.,North Melbourne,Adelaide,North Melbourne,Brady Anderson,13,3,2,0,0,0,1
1998,6,1998-05-03,M.C.G.,North Melbourne,Adelaide,North Melbourne,Glenn Archer,8,3,2,0,0,0,2
1998,6,1998-05-03,M.C.G.,North Melbourne,Adelaide,North Melbourne,Peter Bell,10,4,6,1,0,0,2
1998,6,1998-05-03,M.C.G.,North Melbourne,Adelaide,North Melbourne,John Blakey,11,5,12,0,0,0,0
1998,6,1998-05-03,M.C.G.,North Melbourne,Adelaide,North Melbourne,Mathew Capuano,2,0,1,0,0,6,0
1998,6,1998-05-03,M.C.G.,North Melbourne,Adelaide,North Melbourne,Wayne Carey,18,11,4,1,3,1,1
1998,6,1998-05-03,M.C.G.,North Melbourne,Adelaide,North Melbourne,Stuart Cochrane,2,0,3,0,0,1,2
1998,6,1998-05-03,M.C.G.,North Melbourne,Adelaide,North Melbourne,Shannon Grant,16,3,9,2,1,0,1
1998,6,1998-05-03,M.C.G.,North Melbourne,Adelaide,North Melbourne,Brent Harvey,7,1,0,0,2,0,0
1998,6,1998-05-03,M.C.G.,North Melbourne,Adelaide,North Melbourne,Evan Hewitt,7,3,3,2,0,0,2
1998,6,1998-05-03,M.C.G.,North Melbourne,Adelaide,North Melbourne,Mick Martyn,7,2,2,0,0,0,2
1998,6,1998-05-03,M.C.G.,North Melbourne,Adelaide,North Melbourne,Jason McCartney,4,3,5,0,0,2,2
1998,6,1998-05-03,M.C.G.,North Melbourne,Adelaide,North Melbourne,Corey McKernan,10,4,0,1,1,10,1
1998,6,1998-05-03,M.C.G.,North Melbourne,Adelaide,North Melbourne,Anthony Mellington,1,0,1,0,1,0,1
1998,6,1998-05-03,M.C.G.,North Melbourne,Adelaide,North Melbourne,Byron Pickett,6,0,3,0,0,0,3
1998,6,1998-05-03,M.C.G.,North Melbourne,Adelaide,North Melbourne,Robert Scott,7,1,2,0,0,0,4
1998,6,1998-05-03,M.C.G.,North Melbourne,Adelaide,North Melbourne,Craig Sholl,5,3,5,3,1,0,2
1998,6,1998-05-03,M.C.G.,North Melbourne,Adelaide,North Melbourne,Adam Simpson,5,3,4,1,1,0,0
1998,6,1998-05-03,M.C.G.,North Melbourne,Adelaide,North Melbourne,Anthony Stevens,20,6,9,0,0,0,9
1998,6,1998-05-03,M.C.G.,North Melbourne,Adelaide,North Melbourne,Scott Welsh,5,1,2,1,1,1,1
1998,6,1998-05-03,M.C.G.,North Melbourne,Adelaide,Adelaide,Nathan Bassett,5,2,4,0,0,0,2
1998,6,1998-05-03,M.C.G.,North Melbourne,Adelaide,Adelaide,Mark Bickley,15,9,6,0,0,0,4
1998,6,1998-05-03,M.C.G.,North Melbourne,Adelaide,Adelaide,Peter Caven,8,3,4,1,0,1,1
1998,6,1998-05-03,M.C.G.,North Melbourne,Adelaide,Adelaide,Matthew Connell,7,0,1,0,0,0,2
1998,6,1998-05-03,M.C.G.,North Melbourne,Adelaide,Adelaide,Andrew Eccles,4,3,2,2,0,0,1
1998,6,1998-05-03,M.C.G.,North Melbourne,Adelaide,Adelaide,Ben Hart,5,4,1,0,0,0,2
1998,6,1998-05-03,M.C.G.,North Melbourne,Adelaide,Adelaide,Brett James,9,3,8,2,0,1,0
1998,6,1998-05-03,M.C.G.,North Melbourne,Adelaide,Adelaide,Rod Jameson,7,4,3,0,2,1,2
1998,6,1998-05-03,M.C.G.,North Melbourne,Adelaide,Adelaide,Darren Jarman,8,5,1,4,2,0,4
1998,6,1998-05-03,M.C.G.,North Melbourne,Adelaide,Adelaide,Kane Johnson,6,4,5,0,0,0,2
1998,6,1998-05-03,M.C.G.,North Melbourne,Adelaide,Adelaide,Aaron Keating,5,4,4,1,1,7,1
1998,6,1998-05-03,M.C.G.,North Melbourne,Adelaide,Adelaide,Kym Koster,5,1,3,0,0,0,3
1998,6,1998-05-03,M.C.G.,North Melbourne,Adelaide,Adelaide,Andrew McLeod,17,4,4,0,0,0,1
1998,6,1998-05-03,M.C.G.,North Melbourne,Adelaide,Adelaide,Trent Ormond-Allen,0,0,0,0,0,0,0
1998,6,1998-05-03,M.C.G.,North Melbourne,Adelaide,Adelaide,Lance Picioane,4,4,0,0,0,0,1
1998,6,1998-05-03,M.C.G.,North Melbourne,Adelaide,Adelaide,Shaun Rehn,13,8,13,0,0,40,1
1998,6,1998-05-03,M.C.G.,North Melbourne,Adelaide,Adelaide,Mark Ricciuto,17,2,8,1,1,2,1
1998,6,1998-05-03,M.C.G.,North Melbourne,Adelaide,Adelaide,Chad Rintoul,11,7,9,2,0,0,0
1998,6,1998-05-03,M.C.G.,North Melbourne,Adelaide,Adelaide,Clay Sampson,5,1,1,0,1,0,1
1998,6,1998-05-03,M.C.G.,North Melbourne,Adelaide,Adelaide,Nigel Smart,9,4,5,1,0,0,3
1998,6,1998-05-03,M.C.G.,North Melbourne,Adelaide,Adelaide,James Thiessen,15,7,5,0,0,0,3
1998,6,1998-05-03,M.C.G.,North Melbourne,Adelaide,Adelaide,Peter Vardy,6,4,8,1,0,0,2
1998,6,1998-05-03,Subiaco,West Coast,St Kilda,West Coast,Drew Banfield,12,0,6,0,1,1,1
1998,6,1998-05-03,Subiaco,West Coast,St Kilda,West Coast,Ben Cousins,19,7,4,1,1,0,2
1998,6,1998-05-03,Subiaco,West Coast,St Kilda,West Coast,Andrew Donnelly,9,5,3,5,0,2,0
1998,6,1998-05-03,Subiaco,West Coast,St Kilda,West Coast,Michael Gardiner,5,4,7,1,0,13,0
1998,6,1998-05-03,Subiaco,West Coast,St Kilda,West Coast,Fraser Gehrig,9,8,5,4,0,0,2
1998,6,1998-05-03,Subiaco,West Coast,St Kilda,West Coast,Brett Heady,8,3,2,1,2,0,3
1998,6,1998-05-03,Subiaco,West Coast,St Kilda,West Coast,Todd Holmes,4,1,1,0,0,0,0
1998,6,1998-05-03,Subiaco,West Coast,St Kilda,West Coast,Glen Jakovich,16,3,11,0,0,6,3
1998,6,1998-05-03,Subiaco,West Coast,St Kilda,West Coast,Chris Lewis,6,4,2,0,0,1,2
1998,6,1998-05-03,Subiaco,West Coast,St Kilda,West Coast,Andy Lovell,6,2,2,1,0,0,0
1998,6,1998-05-03,Subiaco,West Coast,St Kilda,West Coast,Peter Matera,18,4,3,0,0,0,0
1998,6,1998-05-03,Subiaco,West Coast,St Kilda,West Coast,Phillip Matera,13,3,4,2,1,0,2
1998,6,1998-05-03,Subiaco,West Coast,St Kilda,West Coast,Ashley McIntosh,12,8,4,2,1,2,0
1998,6,1998-05-03,Subiaco,West Coast,St Kilda,West Coast,Guy McKenna,8,3,4,0,0,0,5
1998,6,1998-05-03,Subiaco,West Coast,St Kilda,West Coast,Daniel Metropolis,4,5,4,0,1,0,4
1998,6,1998-05-03,Subiaco,West Coast,St Kilda,West Coast,Chad Morrison,14,4,3,1,0,1,0
1998,6,1998-05-03,Subiaco,West Coast,St Kilda,West Coast,Phillip Read,12,5,4,0,0,0,1
1998,6,1998-05-03,Subiaco,West Coast,St Kilda,West Coast,Jarrad Schofield,2,1,4,0,0,0,2
1998,6,1998-05-03,Subiaco,West Coast,St Kilda,West Coast,Paul Symmons,7,3,4,0,0,0,2
1998,6,1998-05-03,Subiaco,West Coast,St Kilda,West Coast,Ryan Turnbull,1,1,1,0,0,4,1
1998,6,1998-05-03,Subiaco,West Coast,St Kilda,West Coast,Chris Waterman,8,5,10,0,1,0,0
1998,6,1998-05-03,Subiaco,West Coast,St Kilda,West Coast,Josh Wooden,6,3,12,0,0,0,1
1998,6,1998-05-03,Subiaco,West Coast,St Kilda,St Kilda,Luke Beveridge,6,1,7,1,0,0,1
1998,6,1998-05-03,Subiaco,West Coast,St Kilda,St Kilda,Tony Brown,0,0,2,0,0,0,0
1998,6,1998-05-03,Subiaco,West Coast,St Kilda,St Kilda,Brett Cook,2,0,0,0,0,12,1
1998,6,1998-05-03,Subiaco,West Coast,St Kilda,St Kilda,Jason Cripps,15,1,4,1,0,0,1
1998,6,1998-05-03,Subiaco,West Coast,St Kilda,St Kilda,Jayson Daniels,9,2,6,0,0,0,3
1998,6,1998-05-03,Subiaco,West Coast,St Kilda,St Kilda,Peter Everitt,11,5,3,6,3,26,0
1998,6,1998-05-03,Subiaco,West Coast,St Kilda,St Kilda,Robert Harvey,24,1,10,0,2,1,0
1998,6,1998-05-03,Subiaco,West Coast,St Kilda,St Kilda,Daniel Healy,13,8,6,6,1,0,1
1998,6,1998-05-03,Subiaco,West Coast,St Kilda,St Kilda,Jason Heatley,0,0,1,0,0,0,0
1998,6,1998-05-03,Subiaco,West Coast,St Kilda,St Kilda,Max Hudghton,6,4,3,0,0,0,1
1998,6,1998-05-03,Subiaco,West Coast,St Kilda,St Kilda,Austinn Jones,15,5,1,2,3,0,0
1998,6,1998-05-03,Subiaco,West Coast,St Kilda,St Kilda,Matthew Lappin,9,6,6,0,1,0,0
1998,6,1998-05-03,Subiaco,West Coast,St Kilda,St Kilda,Joe McLaren,13,6,5,0,0,0,0
1998,6,1998-05-03,Subiaco,West Coast,St Kilda,St Kilda,Gavin Mitchell,6,1,7,1,1,0,3
1998,6,1998-05-03,Subiaco,West Coast,St Kilda,St Kilda,Justin Peckett,6,3,3,0,0,0,3
1998,6,1998-05-03,Subiaco,West Coast,St Kilda,St Kilda,David Sierakowski,4,2,6,0,1,4,0
1998,6,1998-05-03,Subiaco,West Coast,St Kilda,St Kilda,Steven Sziller,5,0,5,0,0,2,1
1998,6,1998-05-03,Subiaco,West Coast,St Kilda,St Kilda,Ben Thompson,8,1,5,0,0,0,0
1998,6,1998-05-03,Subiaco,West Coast,St Kilda,St Kilda,Darryl Wakelin,2,1,3,0,0,0,0
1998,6,1998-05-03,Subiaco,West Coast,St Kilda,St Kilda,Shane Wakelin,8,1,0,0,0,0,2
1998,6,1998-05-03,Subiaco,West Coast,St Kilda,St Kilda,Nicky Winmar,12,2,9,1,1,0,1
1998,6,1998-05-03,Subiaco,West Coast,St Kilda,St Kilda,Matthew Young,7,3,6,0,0,0,1
1998,7,1998-05-08,M.C.G.,Collingwood,Sydney,Collingwood,Nathan Buckley,20,5,8,2,2,0,5
1998,7,1998-05-08,M.C.G.,Collingwood,Sydney,Collingwood,Gavin Crosisca,12,1,9,1,0,2,1
1998,7,1998-05-08,M.C.G.,Collingwood,Sydney,Collingwood,Scott Crow,16,7,8,0,0,0,1
1998,7,1998-05-08,M.C.G.,Collingwood,Sydney,Collingwood,Matthew Francis,2,0,0,0,0,7,0
1998,7,1998-05-08,M.C.G.,Collingwood,Sydney,Collingwood,Brad Fuller,7,1,1,2,0,0,4
1998,7,1998-05-08,M.C.G.,Collingwood,Sydney,Collingwood,Luke Godden,6,2,5,0,0,0,3
1998,7,1998-05-08,M.C.G.,Collingwood,Sydney,Collingwood,Chad Liddell,9,3,4,1,1,0,0
1998,7,1998-05-08,M.C.G.,Collingwood,Sydney,Collingwood,Josh Mahoney,3,0,2,0,0,0,1
1998,7,1998-05-08,M.C.G.,Collingwood,Sydney,Collingwood,Alex McDonald,7,2,5,0,0,3,1
1998,7,1998-05-08,M.C.G.,Collingwood,Sydney,Collingwood,Mal Michael,7,3,6,0,0,0,1
1998,7,1998-05-08,M.C.G.,Collingwood,Sydney,Collingwood,Damian Monkhorst,6,5,2,0,0,15,0
1998,7,1998-05-08,M.C.G.,Collingwood,Sydney,Collingwood,Stephen Patterson,14,4,9,0,0,0,5
1998,7,1998-05-08,M.C.G.,Collingwood,Sydney,Collingwood,Andrew Pugsley,2,1,0,0,1,0,2
1998,7,1998-05-08,M.C.G.,Collingwood,Sydney,Collingwood,Mark Richardson,6,2,5,0,0,9,0
1998,7,1998-05-08,M.C.G.,Collingwood,Sydney,Collingwood,Saverio Rocca,6,3,5,0,0,1,1
1998,7,1998-05-08,M.C.G.,Collingwood,Sydney,Collingwood,Scott Russell,13,2,11,1,0,0,1
1998,7,1998-05-08,M.C.G.,Collingwood,Sydney,Collingwood,Andrew Schauble,6,3,6,0,0,3,4
1998,7,1998-05-08,M.C.G.,Collingwood,Sydney,Collingwood,Chris Tarrant,6,1,0,0,0,0,5
1998,7,1998-05-08,M.C.G.,Collingwood,Sydney,Collingwood,Shane Watson,9,2,7,4,2,0,1
1998,7,1998-05-08,M.C.G.,Collingwood,Sydney,Collingwood,Jason Wild,8,1,1,0,0,0,5
1998,7,1998-05-08,M.C.G.,Collingwood,Sydney,Collingwood,Paul Williams,15,3,12,1,0,0,7
1998,7,1998-05-08,M.C.G.,Collingwood,Sydney,Collingwood,Graham Wright,7,0,4,0,0,0,1
1998,7,1998-05-08,M.C.G.,Collingwood,Sydney,Sydney,Robert AhMat,6,2,8,2,1,0,2
1998,7,1998-05-08,M.C.G.,Collingwood,Sydney,Sydney,Mark Bayes,2,0,1,0,0,1,1
1998,7,1998-05-08,M.C.G.,Collingwood,Sydney,Sydney,Daryn Cresswell,1,3,14,0,0,2,2
1998,7,1998-05-08,M.C.G.,Collingwood,Sydney,Sydney,Jared Crouch,4,0,8,0,0,0,2
1998,7,1998-05-08,M.C.G.,Collingwood,Sydney,Sydney,Andrew Dunkley,3,5,10,0,0,2,2
1998,7,1998-05-08,M.C.G.,Collingwood,Sydney,Sydney,Paul Kelly,14,2,6,1,0,0,2
1998,7,1998-05-08,M.C.G.,Collingwood,Sydney,Sydney,Mark Kinnear,1,0,3,0,0,1,0
1998,7,1998-05-08,M.C.G.,Collingwood,Sydney,Sydney,Paul Licuria,11,3,3,0,0,0,2
1998,7,1998-05-08,M.C.G.,Collingwood,Sydney,Sydney,Tony Lockett,11,11,0,10,1,0,0
1998,7,1998-05-08,M.C.G.,Collingwood,Sydney,Sydney,Troy Luff,7,3,1,0,0,1,0
1998,7,1998-05-08,M.C.G.,Collingwood,Sydney,Sydney,Stuart Maxfield,21,2,2,0,0,0,2
1998,7,1998-05-08,M.C.G.,Collingwood,Sydney,Sydney,Daniel McPherson,7,1,3,0,0,0,1
1998,7,1998-05-08,M.C.G.,Collingwood,Sydney,Sydney,Jason Mooney,6,3,2,0,0,13,3
1998,7,1998-05-08,M.C.G.,Collingwood,Sydney,Sydney,Matthew Nicks,10,4,8,1,0,0,1
1998,7,1998-05-08,M.C.G.,Collingwood,Sydney,Sydney,Craig OBrien,0,0,0,0,0,0,0
1998,7,1998-05-08,M.C.G.,Collingwood,Sydney,Sydney,Michael OLoughlin,15,7,4,3,1,0,2
1998,7,1998-05-08,M.C.G.,Collingwood,Sydney,Sydney,Jason Saddington,13,6,5,0,0,0,1
1998,7,1998-05-08,M.C.G.,Collingwood,Sydney,Sydney,Wayne Schwass,13,6,2,1,1,0,2
1998,7,1998-05-08,M.C.G.,Collingwood,Sydney,Sydney,Brad Seymour,2,1,7,0,0,0,1
1998,7,1998-05-08,M.C.G.,Collingwood,Sydney,Sydney,Greg Stafford,8,1,3,0,0,24,2
1998,7,1998-05-08,M.C.G.,Collingwood,Sydney,Sydney,John Stevens,11,1,6,0,0,0,1
1998,7,1998-05-08,M.C.G.,Collingwood,Sydney,Sydney,Rowan Warfe,8,1,5,0,0,1,1
1998,7,1998-05-08,W.A.C.A.,Fremantle,Hawthorn,Fremantle,Stuart Anderson,4,2,3,0,0,0,1
1998,7,1998-05-08,W.A.C.A.,Fremantle,Hawthorn,Fremantle,Daniel Bandy,12,7,5,0,1,4,0
1998,7,1998-05-08,W.A.C.A.,Fremantle,Hawthorn,Fremantle,Chris Bond,8,5,9,0,0,0,1
1998,7,1998-05-08,W.A.C.A.,Fremantle,Hawthorn,Fremantle,Matthew Burton,5,1,1,1,0,21,0
1998,7,1998-05-08,W.A.C.A.,Fremantle,Hawthorn,Fremantle,Craig Callaghan,15,3,5,1,0,0,6
1998,7,1998-05-08,W.A.C.A.,Fremantle,Hawthorn,Fremantle,Scott Chisholm,6,3,2,0,0,0,1
1998,7,1998-05-08,W.A.C.A.,Fremantle,Hawthorn,Fremantle,James Clement,8,4,0,1,0,0,1
1998,7,1998-05-08,W.A.C.A.,Fremantle,Hawthorn,Fremantle,Gary Dhurrkay,7,1,9,2,0,0,1
1998,7,1998-05-08,W.A.C.A.,Fremantle,Hawthorn,Fremantle,Brad Dodd,12,6,5,0,0,0,0
1998,7,1998-05-08,W.A.C.A.,Fremantle,Hawthorn,Fremantle,Brendon Feddema,4,4,2,0,2,0,1
1998,7,1998-05-08,W.A.C.A.,Fremantle,Hawthorn,Fremantle,Adrian Fletcher,13,4,12,0,0,0,4
1998,7,1998-05-08,W.A.C.A.,Fremantle,Hawthorn,Fremantle,Mark Gale,11,2,8,0,0,0,1
1998,7,1998-05-08,W.A.C.A.,Fremantle,Hawthorn,Fremantle,Anthony Jones,6,0,5,0,0,0,0
1998,7,1998-05-08,W.A.C.A.,Fremantle,Hawthorn,Fremantle,Dale Kickett,8,5,9,0,0,0,2
1998,7,1998-05-08,W.A.C.A.,Fremantle,Hawthorn,Fremantle,Quenton Leach,6,2,8,0,0,0,2
1998,7,1998-05-08,W.A.C.A.,Fremantle,Hawthorn,Fremantle,Peter Mann,8,6,4,2,0,0,0
1998,7,1998-05-08,W.A.C.A.,Fremantle,Hawthorn,Fremantle,Jason Norrish,9,1,15,0,0,0,2
1998,7,1998-05-08,W.A.C.A.,Fremantle,Hawthorn,Fremantle,Shane Parker,7,2,9,0,0,1,0
1998,7,1998-05-08,W.A.C.A.,Fremantle,Hawthorn,Fremantle,Jess Sinclair,9,3,5,0,0,0,3
1998,7,1998-05-08,W.A.C.A.,Fremantle,Hawthorn,Fremantle,Luke Toia,5,1,3,0,0,0,0
1998,7,1998-05-08,W.A.C.A.,Fremantle,Hawthorn,Fremantle,Clive Waterhouse,6,3,4,1,2,0,2
1998,7,1998-05-08,W.A.C.A.,Fremantle,Hawthorn,Fremantle,Andrew Wills,2,0,1,0,0,0,1
1998,7,1998-05-08,W.A.C.A.,Fremantle,Hawthorn,Hawthorn,John Barker,3,2,1,1,0,0,0
1998,7,1998-05-08,W.A.C.A.,Fremantle,Hawthorn,Hawthorn,Daniel Chick,9,4,4,2,0,0,3
1998,7,1998-05-08,W.A.C.A.,Fremantle,Hawthorn,Hawthorn,Shane Crawford,15,3,1,1,0,0,2
1998,7,1998-05-08,W.A.C.A.,Fremantle,Hawthorn,Hawthorn,Trent Croad,1,1,0,1,0,0,1
1998,7,1998-05-08,W.A.C.A.,Fremantle,Hawthorn,Hawthorn,Ben Dixon,13,5,4,3,1,0,1
1998,7,1998-05-08,W.A.C.A.,Fremantle,Hawthorn,Hawthorn,Jason Dunstall,4,4,0,3,1,0,0
1998,7,1998-05-08,W.A.C.A.,Fremantle,Hawthorn,Hawthorn,Mark Graham,5,3,1,0,0,0,0
1998,7,1998-05-08,W.A.C.A.,Fremantle,Hawthorn,Hawthorn,Daniel Harford,12,5,4,1,0,0,2
1998,7,1998-05-08,W.A.C.A.,Fremantle,Hawthorn,Hawthorn,Jon Hassall,5,3,8,0,0,0,1
1998,7,1998-05-08,W.A.C.A.,Fremantle,Hawthorn,Hawthorn,Jonathan Hay,16,9,3,0,0,0,3
1998,7,1998-05-08,W.A.C.A.,Fremantle,Hawthorn,Hawthorn,Nick Holland,9,8,6,2,2,0,0
1998,7,1998-05-08,W.A.C.A.,Fremantle,Hawthorn,Hawthorn,Haydon Kilmartin,6,3,3,0,0,0,1
1998,7,1998-05-08,W.A.C.A.,Fremantle,Hawthorn,Hawthorn,Angelo Lekkas,15,4,4,0,0,0,4
1998,7,1998-05-08,W.A.C.A.,Fremantle,Hawthorn,Hawthorn,Aaron Lord,9,2,12,0,1,0,4
1998,7,1998-05-08,W.A.C.A.,Fremantle,Hawthorn,Hawthorn,Luke McCabe,13,5,1,0,0,0,2
1998,7,1998-05-08,W.A.C.A.,Fremantle,Hawthorn,Hawthorn,Jade Rawlings,9,5,2,0,2,0,0
1998,7,1998-05-08,W.A.C.A.,Fremantle,Hawthorn,Hawthorn,Jonathon Robran,10,6,5,0,0,0,0
1998,7,1998-05-08,W.A.C.A.,Fremantle,Hawthorn,Hawthorn,Paul Salmon,4,4,7,0,0,26,1
1998,7,1998-05-08,W.A.C.A.,Fremantle,Hawthorn,Hawthorn,Rayden Tallis,14,3,7,0,1,0,5
1998,7,1998-05-08,W.A.C.A.,Fremantle,Hawthorn,Hawthorn,Richard Taylor,25,4,5,1,1,0,3
1998,7,1998-05-08,W.A.C.A.,Fremantle,Hawthorn,Hawthorn,Nathan Turvey,0,0,0,0,0,0,0
1998,7,1998-05-08,W.A.C.A.,Fremantle,Hawthorn,Hawthorn,Tony Woods,10,3,10,0,0,0,2
1998,7,1998-05-09,Princes Park,Carlton,Port Adelaide,Carlton,Matthew Allan,8,10,7,0,0,21,0
1998,7,1998-05-09,Princes Park,Carlton,Port Adelaide,Carlton,Craig Bradley,18,2,4,0,1,0,6
1998,7,1998-05-09,Princes Park,Carlton,Port Adelaide,Carlton,Scott Camporeale,17,5,9,2,1,0,0
1998,7,1998-05-09,Princes Park,Carlton,Port Adelaide,Carlton,Matt Clape,5,0,1,0,0,0,0
1998,7,1998-05-09,Princes Park,Carlton,Port Adelaide,Carlton,Ron De Iulio,9,3,3,0,0,0,1
1998,7,1998-05-09,Princes Park,Carlton,Port Adelaide,Carlton,Peter Dean,4,0,1,0,0,0,1
1998,7,1998-05-09,Princes Park,Carlton,Port Adelaide,Carlton,Anthony Franchina,9,4,5,0,0,0,4
1998,7,1998-05-09,Princes Park,Carlton,Port Adelaide,Carlton,Aaron Hamill,7,2,1,0,0,0,2
1998,7,1998-05-09,Princes Park,Carlton,Port Adelaide,Carlton,Matthew Hogg,6,2,4,0,0,0,0
1998,7,1998-05-09,Princes Park,Carlton,Port Adelaide,Carlton,Trent Hoppner,6,3,0,0,0,0,0
1998,7,1998-05-09,Princes Park,Carlton,Port Adelaide,Carlton,Darren Hulme,1,1,5,0,0,0,0
1998,7,1998-05-09,Princes Park,Carlton,Port Adelaide,Carlton,Anthony Koutoufides,11,4,7,1,0,0,1
1998,7,1998-05-09,Princes Park,Carlton,Port Adelaide,Carlton,Damian Lang,9,6,5,0,1,0,0
1998,7,1998-05-09,Princes Park,Carlton,Port Adelaide,Carlton,Damien Lock,13,5,7,0,2,0,0
1998,7,1998-05-09,Princes Park,Carlton,Port Adelaide,Carlton,Glenn Manton,3,1,3,0,0,0,2
1998,7,1998-05-09,Princes Park,Carlton,Port Adelaide,Carlton,Ben Nelson,2,1,1,0,0,0,1
1998,7,1998-05-09,Princes Park,Carlton,Port Adelaide,Carlton,Brad Pearce,10,9,2,5,1,0,0
1998,7,1998-05-09,Princes Park,Carlton,Port Adelaide,Carlton,Mark Porter,2,4,8,1,0,9,3
1998,7,1998-05-09,Princes Park,Carlton,Port Adelaide,Carlton,Brett Ratten,11,4,13,0,0,0,2
1998,7,1998-05-09,Princes Park,Carlton,Port Adelaide,Carlton,Dean Rice,12,5,6,0,0,0,2
1998,7,1998-05-09,Princes Park,Carlton,Port Adelaide,Carlton,Michael Sexton,18,7,7,0,0,1,0
1998,7,1998-05-09,Princes Park,Carlton,Port Adelaide,Carlton,Lance Whitnall,11,10,4,2,2,0,0
1998,7,1998-05-09,Princes Park,Carlton,Port Adelaide,Port Adelaide,Shane Bond,17,9,4,0,0,0,2
1998,7,1998-05-09,Princes Park,Carlton,Port Adelaide,Port Adelaide,Shayne Breuer,8,4,5,1,0,0,0
1998,7,1998-05-09,Princes Park,Carlton,Port Adelaide,Port Adelaide,David Brown,3,1,0,0,0,0,0
1998,7,1998-05-09,Princes Park,Carlton,Port Adelaide,Port Adelaide,Nathan Eagleton,8,2,4,2,2,0,1
1998,7,1998-05-09,Princes Park,Carlton,Port Adelaide,Port Adelaide,Paul Evans,5,3,0,2,0,0,0
1998,7,1998-05-09,Princes Park,Carlton,Port Adelaide,Port Adelaide,Nigel Fiegert,6,2,1,0,0,2,1
1998,7,1998-05-09,Princes Park,Carlton,Port Adelaide,Port Adelaide,Josh Francou,8,0,3,3,0,0,3
1998,7,1998-05-09,Princes Park,Carlton,Port Adelaide,Port Adelaide,Adam Heuskes,7,4,3,0,0,0,1
1998,7,1998-05-09,Princes Park,Carlton,Port Adelaide,Port Adelaide,Adam Kingsley,13,5,5,0,1,0,4
1998,7,1998-05-09,Princes Park,Carlton,Port Adelaide,Port Adelaide,Brendon Lade,14,16,7,0,0,20,1
1998,7,1998-05-09,Princes Park,Carlton,Port Adelaide,Port Adelaide,Bowen Lockwood,5,4,1,3,1,0,1
1998,7,1998-05-09,Princes Park,Carlton,Port Adelaide,Port Adelaide,Brayden Lyle,21,7,7,0,0,0,1
1998,7,1998-05-09,Princes Park,Carlton,Port Adelaide,Port Adelaide,Darren Mead,3,3,2,0,0,0,1
1998,7,1998-05-09,Princes Park,Carlton,Port Adelaide,Port Adelaide,Danny Morton,10,1,9,3,0,0,2
1998,7,1998-05-09,Princes Park,Carlton,Port Adelaide,Port Adelaide,Chris Naish,9,3,2,2,0,0,0
1998,7,1998-05-09,Princes Park,Carlton,Port Adelaide,Port Adelaide,Stephen Paxman,5,1,5,0,0,0,0
1998,7,1998-05-09,Princes Park,Carlton,Port Adelaide,Port Adelaide,Darryl Poole,3,0,2,0,0,1,1
1998,7,1998-05-09,Princes Park,Carlton,Port Adelaide,Port Adelaide,Matthew Primus,1,0,0,0,0,2,0
1998,7,1998-05-09,Princes Park,Carlton,Port Adelaide,Port Adelaide,Nick Stevens,23,11,6,1,2,0,0
1998,7,1998-05-09,Princes Park,Carlton,Port Adelaide,Port Adelaide,Warren Tredrea,18,17,4,8,4,0,1
1998,7,1998-05-09,Princes Park,Carlton,Port Adelaide,Port Adelaide,Gavin Wanganeen,11,2,1,0,1,0,3
1998,7,1998-05-09,Princes Park,Carlton,Port Adelaide,Port Adelaide,Michael Wilson,16,8,4,0,1,0,1
1998,7,1998-05-09,Waverley Park,St Kilda,Brisbane Lions,St Kilda,Luke Beveridge,7,2,4,1,1,0,2
1998,7,1998-05-09,Waverley Park,St Kilda,Brisbane Lions,St Kilda,Nathan Burke,17,4,9,0,1,0,2
1998,7,1998-05-09,Waverley Park,St Kilda,Brisbane Lions,St Kilda,Jason Cripps,5,1,1,0,0,0,0
1998,7,1998-05-09,Waverley Park,St Kilda,Brisbane Lions,St Kilda,Jayson Daniels,2,1,3,0,0,0,0
1998,7,1998-05-09,Waverley Park,St Kilda,Brisbane Lions,St Kilda,Peter Everitt,14,9,4,1,3,31,0
1998,7,1998-05-09,Waverley Park,St Kilda,Brisbane Lions,St Kilda,Barry Hall,4,2,5,0,1,0,0
1998,7,1998-05-09,Waverley Park,St Kilda,Brisbane Lions,St Kilda,Robert Harvey,27,2,10,1,1,0,1
1998,7,1998-05-09,Waverley Park,St Kilda,Brisbane Lions,St Kilda,Daniel Healy,9,6,5,1,4,0,4
1998,7,1998-05-09,Waverley Park,St Kilda,Brisbane Lions,St Kilda,Jason Heatley,4,1,3,2,0,0,2
1998,7,1998-05-09,Waverley Park,St Kilda,Brisbane Lions,St Kilda,Max Hudghton,7,7,6,0,0,0,1
1998,7,1998-05-09,Waverley Park,St Kilda,Brisbane Lions,St Kilda,Austinn Jones,13,2,5,1,0,0,0
1998,7,1998-05-09,Waverley Park,St Kilda,Brisbane Lions,St Kilda,Matthew Lappin,5,6,8,0,0,0,1
1998,7,1998-05-09,Waverley Park,St Kilda,Brisbane Lions,St Kilda,Stewart Loewe,9,3,9,1,2,16,1
1998,7,1998-05-09,Waverley Park,St Kilda,Brisbane Lions,St Kilda,Joe McLaren,9,2,2,1,1,0,2
1998,7,1998-05-09,Waverley Park,St Kilda,Brisbane Lions,St Kilda,Gavin Mitchell,6,4,11,0,0,1,3
1998,7,1998-05-09,Waverley Park,St Kilda,Brisbane Lions,St Kilda,Justin Peckett,8,3,6,0,0,0,2
1998,7,1998-05-09,Waverley Park,St Kilda,Brisbane Lions,St Kilda,David Sierakowski,2,1,2,1,1,0,2
1998,7,1998-05-09,Waverley Park,St Kilda,Brisbane Lions,St Kilda,Steven Sziller,9,1,5,0,0,0,3
1998,7,1998-05-09,Waverley Park,St Kilda,Brisbane Lions,St Kilda,Darryl Wakelin,11,4,5,0,0,0,0
1998,7,1998-05-09,Waverley Park,St Kilda,Brisbane Lions,St Kilda,Shane Wakelin,7,4,6,0,0,0,2
1998,7,1998-05-09,Waverley Park,St Kilda,Brisbane Lions,St Kilda,Nicky Winmar,18,4,12,0,0,0,1
1998,7,1998-05-09,Waverley Park,St Kilda,Brisbane Lions,St Kilda,Matthew Young,11,2,10,1,0,0,0
1998,7,1998-05-09,Waverley Park,St Kilda,Brisbane Lions,Brisbane Lions,Jason Akermanis,10,1,4,2,2,0,2
1998,7,1998-05-09,Waverley Park,St Kilda,Brisbane Lions,Brisbane Lions,Marcus Ashcroft,12,3,7,0,0,0,2
1998,7,1998-05-09,Waverley Park,St Kilda,Brisbane Lions,Brisbane Lions,Daniel Bradshaw,2,2,1,1,0,1,3
1998,7,1998-05-09,Waverley Park,St Kilda,Brisbane Lions,Brisbane Lions,Danny Dickfos,7,3,8,0,0,0,6
1998,7,1998-05-09,Waverley Park,St Kilda,Brisbane Lions,Brisbane Lions,Shaun Hart,22,5,14,3,3,0,3
1998,7,1998-05-09,Waverley Park,St Kilda,Brisbane Lions,Brisbane Lions,Rory Hilton,13,3,2,0,0,0,2
1998,7,1998-05-09,Waverley Park,St Kilda,Brisbane Lions,Brisbane Lions,Clark Keating,3,1,8,0,0,12,3
1998,7,1998-05-09,Waverley Park,St Kilda,Brisbane Lions,Brisbane Lions,Matthew Kennedy,13,6,7,0,0,3,1
1998,7,1998-05-09,Waverley Park,St Kilda,Brisbane Lions,Brisbane Lions,Nigel Lappin,14,6,5,0,0,0,1
1998,7,1998-05-09,Waverley Park,St Kilda,Brisbane Lions,Brisbane Lions,Steven Lawrence,15,7,2,0,0,0,4
1998,7,1998-05-09,Waverley Park,St Kilda,Brisbane Lions,Brisbane Lions,Justin Leppitsch,7,3,1,1,0,0,3
1998,7,1998-05-09,Waverley Park,St Kilda,Brisbane Lions,Brisbane Lions,Alastair Lynch,6,4,4,0,0,3,1
1998,7,1998-05-09,Waverley Park,St Kilda,Brisbane Lions,Brisbane Lions,Tristan Lynch,7,2,3,0,1,0,2
1998,7,1998-05-09,Waverley Park,St Kilda,Brisbane Lions,Brisbane Lions,Craig McRae,5,1,6,1,0,0,1
1998,7,1998-05-09,Waverley Park,St Kilda,Brisbane Lions,Brisbane Lions,Jarrod Molloy,10,1,3,6,1,0,1
1998,7,1998-05-09,Waverley Park,St Kilda,Brisbane Lions,Brisbane Lions,Marcus Picken,2,1,3,0,0,0,3
1998,7,1998-05-09,Waverley Park,St Kilda,Brisbane Lions,Brisbane Lions,Brad Scott,22,4,5,0,0,1,5
1998,7,1998-05-09,Waverley Park,St Kilda,Brisbane Lions,Brisbane Lions,Chris Scott,11,2,10,0,0,1,4
1998,7,1998-05-09,Waverley Park,St Kilda,Brisbane Lions,Brisbane Lions,Dion Scott,9,5,1,0,0,10,2
1998,7,1998-05-09,Waverley Park,St Kilda,Brisbane Lions,Brisbane Lions,Nick Trask,3,0,1,1,1,0,3
1998,7,1998-05-09,Waverley Park,St Kilda,Brisbane Lions,Brisbane Lions,Michael Voss,9,3,7,0,1,1,4
1998,7,1998-05-09,Waverley Park,St Kilda,Brisbane Lions,Brisbane Lions,Darryl White,6,3,3,0,0,2,3
1998,7,1998-05-09,M.C.G.,Essendon,Geelong,Essendon,Darren Bewick,11,5,5,1,0,0,0
1998,7,1998-05-09,M.C.G.,Essendon,Geelong,Essendon,Justin Blumfield,11,2,7,0,1,0,1
1998,7,1998-05-09,M.C.G.,Essendon,Geelong,Essendon,Andrew Bomford,6,2,5,0,0,0,0
1998,7,1998-05-09,M.C.G.,Essendon,Geelong,Essendon,Blake Caracella,16,11,12,1,0,0,4
1998,7,1998-05-09,M.C.G.,Essendon,Geelong,Essendon,Che Cockatoo-Collins,1,0,0,0,0,0,0
1998,7,1998-05-09,M.C.G.,Essendon,Geelong,Essendon,Sean Denham,16,4,12,0,0,0,3
1998,7,1998-05-09,M.C.G.,Essendon,Geelong,Essendon,Ben Doolan,2,1,5,0,0,0,4
1998,7,1998-05-09,M.C.G.,Essendon,Geelong,Essendon,Simon Eastaugh,7,4,3,0,0,11,1
1998,7,1998-05-09,M.C.G.,Essendon,Geelong,Essendon,Dustin Fletcher,12,3,3,1,0,1,1
1998,7,1998-05-09,M.C.G.,Essendon,Geelong,Essendon,Damien Hardwick,15,4,4,0,0,0,3
1998,7,1998-05-09,M.C.G.,Essendon,Geelong,Essendon,Chris Heffernan,0,0,2,0,0,0,0
1998,7,1998-05-09,M.C.G.,Essendon,Geelong,Essendon,Matthew Lloyd,10,7,3,2,1,0,1
1998,7,1998-05-09,M.C.G.,Essendon,Geelong,Essendon,Scott Lucas,15,6,1,2,0,1,1
1998,7,1998-05-09,M.C.G.,Essendon,Geelong,Essendon,Mark Mercuri,15,9,5,2,0,0,3
1998,7,1998-05-09,M.C.G.,Essendon,Geelong,Essendon,Joe Misiti,11,4,18,0,0,0,3
1998,7,1998-05-09,M.C.G.,Essendon,Geelong,Essendon,Gary Moorcroft,7,3,3,1,0,1,4
1998,7,1998-05-09,M.C.G.,Essendon,Geelong,Essendon,Ryan OConnor,3,2,6,0,0,1,0
1998,7,1998-05-09,M.C.G.,Essendon,Geelong,Essendon,Ricky Olarenshaw,4,2,0,0,0,0,2
1998,7,1998-05-09,M.C.G.,Essendon,Geelong,Essendon,Michael Prior,10,3,6,0,0,0,2
1998,7,1998-05-09,M.C.G.,Essendon,Geelong,Essendon,Dean Solomon,6,0,1,1,0,1,2
1998,7,1998-05-09,M.C.G.,Essendon,Geelong,Essendon,Andrew Ukovic,7,1,7,0,0,0,0
1998,7,1998-05-09,M.C.G.,Essendon,Geelong,Essendon,Sean Wellman,13,3,7,0,0,0,0
1998,7,1998-05-09,M.C.G.,Essendon,Geelong,Geelong,John Barnes,9,5,6,2,1,18,1
1998,7,1998-05-09,M.C.G.,Essendon,Geelong,Geelong,Craig Biddiscombe,2,1,0,0,0,0,1
1998,7,1998-05-09,M.C.G.,Essendon,Geelong,Geelong,Clint Bizzell,8,5,8,0,2,0,2
1998,7,1998-05-09,M.C.G.,Essendon,Geelong,Geelong,Ronnie Burns,5,3,5,0,0,0,5
1998,7,1998-05-09,M.C.G.,Essendon,Geelong,Geelong,Leigh Colbert,9,5,6,0,0,1,3
1998,7,1998-05-09,M.C.G.,Essendon,Geelong,Geelong,Paul Corrigan,4,2,1,0,0,0,2
1998,7,1998-05-09,M.C.G.,Essendon,Geelong,Geelong,Tim Finocchiaro,7,2,5,0,0,0,0
1998,7,1998-05-09,M.C.G.,Essendon,Geelong,Geelong,Ben Graham,16,6,5,0,0,4,0
1998,7,1998-05-09,M.C.G.,Essendon,Geelong,Geelong,Tim Hargreaves,2,1,2,0,0,1,3
1998,7,1998-05-09,M.C.G.,Essendon,Geelong,Geelong,Glenn Kilpatrick,17,5,4,0,0,0,5
1998,7,1998-05-09,M.C.G.,Essendon,Geelong,Geelong,Daniel Lowther,12,0,4,0,0,0,3
1998,7,1998-05-09,M.C.G.,Essendon,Geelong,Geelong,Paul Lynch,8,2,4,0,0,0,0
1998,7,1998-05-09,M.C.G.,Essendon,Geelong,Geelong,Michael Mansfield,6,1,3,0,0,0,2
1998,7,1998-05-09,M.C.G.,Essendon,Geelong,Geelong,Tim McGrath,13,3,5,0,0,1,1
1998,7,1998-05-09,M.C.G.,Essendon,Geelong,Geelong,David Mensch,13,8,7,1,1,5,3
1998,7,1998-05-09,M.C.G.,Essendon,Geelong,Geelong,James Rahilly,2,1,2,0,0,0,1
1998,7,1998-05-09,M.C.G.,Essendon,Geelong,Geelong,Brenton Sanderson,15,5,0,0,0,0,2
1998,7,1998-05-09,M.C.G.,Essendon,Geelong,Geelong,Brad Sholl,16,3,4,1,0,0,1
1998,7,1998-05-09,M.C.G.,Essendon,Geelong,Geelong,Sean Simpson,10,6,3,0,0,0,0
1998,7,1998-05-09,M.C.G.,Essendon,Geelong,Geelong,Jason Snell,7,1,0,3,0,0,0
1998,7,1998-05-09,M.C.G.,Essendon,Geelong,Geelong,Brett Spinks,7,7,1,5,0,0,1
1998,7,1998-05-09,M.C.G.,Essendon,Geelong,Geelong,Barry Stoneham,9,7,5,0,0,3,0
1998,7,1998-05-10,Football Park,Adelaide,West Coast,Adelaide,Nathan Bassett,8,4,6,0,0,3,3
1998,7,1998-05-10,Football Park,Adelaide,West Coast,Adelaide,Mark Bickley,5,0,5,0,0,0,2
1998,7,1998-05-10,Football Park,Adelaide,West Coast,Adelaide,Troy Bond,8,2,1,1,0,0,2
1998,7,1998-05-10,Football Park,Adelaide,West Coast,Adelaide,Peter Caven,11,9,2,0,0,0,2
1998,7,1998-05-10,Football Park,Adelaide,West Coast,Adelaide,Matthew Connell,17,7,12,0,1,0,3
1998,7,1998-05-10,Football Park,Adelaide,West Coast,Adelaide,Ian Downsborough,0,0,0,0,0,0,0
1998,7,1998-05-10,Football Park,Adelaide,West Coast,Adelaide,Andrew Eccles,8,4,2,4,3,0,2
1998,7,1998-05-10,Football Park,Adelaide,West Coast,Adelaide,Ben Hart,10,2,4,0,0,1,2
1998,7,1998-05-10,Football Park,Adelaide,West Coast,Adelaide,Brett James,4,0,9,0,0,0,3
1998,7,1998-05-10,Football Park,Adelaide,West Coast,Adelaide,Darren Jarman,10,5,5,3,3,0,1
1998,7,1998-05-10,Football Park,Adelaide,West Coast,Adelaide,Kane Johnson,4,1,6,0,1,0,3
1998,7,1998-05-10,Football Park,Adelaide,West Coast,Adelaide,Aaron Keating,3,3,4,0,0,14,1
1998,7,1998-05-10,Football Park,Adelaide,West Coast,Adelaide,Kym Koster,6,3,4,0,0,0,2
1998,7,1998-05-10,Football Park,Adelaide,West Coast,Adelaide,Andrew McLeod,10,3,7,2,0,0,4
1998,7,1998-05-10,Football Park,Adelaide,West Coast,Adelaide,Trent Ormond-Allen,4,3,1,0,0,0,1
1998,7,1998-05-10,Football Park,Adelaide,West Coast,Adelaide,Lance Picioane,3,3,6,1,0,0,1
1998,7,1998-05-10,Football Park,Adelaide,West Coast,Adelaide,Shaun Rehn,17,5,10,0,1,27,3
1998,7,1998-05-10,Football Park,Adelaide,West Coast,Adelaide,Mark Ricciuto,20,0,11,0,1,0,7
1998,7,1998-05-10,Football Park,Adelaide,West Coast,Adelaide,Chad Rintoul,7,1,6,0,0,0,1
1998,7,1998-05-10,Football Park,Adelaide,West Coast,Adelaide,Nigel Smart,13,4,4,0,0,0,6
1998,7,1998-05-10,Football Park,Adelaide,West Coast,Adelaide,James Thiessen,14,3,8,0,0,0,3
1998,7,1998-05-10,Football Park,Adelaide,West Coast,Adelaide,Peter Vardy,8,4,5,0,1,0,0
1998,7,1998-05-10,Football Park,Adelaide,West Coast,West Coast,Drew Banfield,10,2,6,0,0,0,4
1998,7,1998-05-10,Football Park,Adelaide,West Coast,West Coast,Michael Braun,2,1,2,1,0,0,4
1998,7,1998-05-10,Football Park,Adelaide,West Coast,West Coast,Ben Cousins,12,4,7,2,1,0,3
1998,7,1998-05-10,Football Park,Adelaide,West Coast,West Coast,Andrew Donnelly,3,2,4,0,2,0,2
1998,7,1998-05-10,Football Park,Adelaide,West Coast,West Coast,Brendon Fewster,2,1,3,1,1,1,3
1998,7,1998-05-10,Football Park,Adelaide,West Coast,West Coast,Michael Gardiner,6,4,8,0,0,21,2
1998,7,1998-05-10,Football Park,Adelaide,West Coast,West Coast,Fraser Gehrig,7,6,4,0,1,0,3
1998,7,1998-05-10,Football Park,Adelaide,West Coast,West Coast,Todd Holmes,0,0,0,0,0,0,1
1998,7,1998-05-10,Football Park,Adelaide,West Coast,West Coast,Glen Jakovich,15,6,9,0,0,5,2
1998,7,1998-05-10,Football Park,Adelaide,West Coast,West Coast,Dean Kemp,12,4,5,1,1,0,5
1998,7,1998-05-10,Football Park,Adelaide,West Coast,West Coast,Peter Matera,18,4,3,0,0,1,7
1998,7,1998-05-10,Football Park,Adelaide,West Coast,West Coast,Phillip Matera,2,0,1,1,1,0,1
1998,7,1998-05-10,Football Park,Adelaide,West Coast,West Coast,Ashley McIntosh,11,5,1,0,0,0,1
1998,7,1998-05-10,Football Park,Adelaide,West Coast,West Coast,Guy McKenna,11,2,5,0,0,0,5
1998,7,1998-05-10,Football Park,Adelaide,West Coast,West Coast,Daniel Metropolis,10,2,6,0,0,0,3
1998,7,1998-05-10,Football Park,Adelaide,West Coast,West Coast,Chad Morrison,7,8,10,2,0,0,0
1998,7,1998-05-10,Football Park,Adelaide,West Coast,West Coast,Phillip Read,9,2,2,1,0,0,5
1998,7,1998-05-10,Football Park,Adelaide,West Coast,West Coast,Jarrad Schofield,6,2,4,0,1,1,0
1998,7,1998-05-10,Football Park,Adelaide,West Coast,West Coast,Ryan Turnbull,1,1,0,0,0,1,0
1998,7,1998-05-10,Football Park,Adelaide,West Coast,West Coast,Chris Waterman,17,5,10,1,0,0,2
1998,7,1998-05-10,Football Park,Adelaide,West Coast,West Coast,Josh Wooden,8,2,3,0,0,1,5
1998,7,1998-05-10,Football Park,Adelaide,West Coast,West Coast,John Worsfold,6,4,5,0,0,0,4
1998,7,1998-05-10,Princes Park,Western Bulldogs,North Melbourne,Western Bulldogs,Nathan Brown,16,8,9,0,0,0,0
1998,7,1998-05-10,Princes Park,Western Bulldogs,North Melbourne,Western Bulldogs,Leon Cameron,7,2,2,0,0,0,4
1998,7,1998-05-10,Princes Park,Western Bulldogs,North Melbourne,Western Bulldogs,Adam Contessa,7,1,3,0,1,0,1
1998,7,1998-05-10,Princes Park,Western Bulldogs,North Melbourne,Western Bulldogs,Matthew Croft,2,3,11,0,0,0,2
1998,7,1998-05-10,Princes Park,Western Bulldogs,North Melbourne,Western Bulldogs,Todd Curley,6,3,1,0,0,0,0
1998,7,1998-05-10,Princes Park,Western Bulldogs,North Melbourne,Western Bulldogs,Luke Darcy,11,4,3,1,1,18,0
1998,7,1998-05-10,Princes Park,Western Bulldogs,North Melbourne,Western Bulldogs,Matthew Dent,10,2,8,0,0,0,1
1998,7,1998-05-10,Princes Park,Western Bulldogs,North Melbourne,Western Bulldogs,Craig Ellis,7,5,5,0,0,0,0
1998,7,1998-05-10,Princes Park,Western Bulldogs,North Melbourne,Western Bulldogs,Simon Garlick,1,1,3,0,0,0,2
1998,7,1998-05-10,Princes Park,Western Bulldogs,North Melbourne,Western Bulldogs,Chris Grant,13,8,2,4,1,0,0
1998,7,1998-05-10,Princes Park,Western Bulldogs,North Melbourne,Western Bulldogs,Paul Hudson,14,9,5,3,1,2,0
1998,7,1998-05-10,Princes Park,Western Bulldogs,North Melbourne,Western Bulldogs,Brad Johnson,14,8,7,1,1,0,0
1998,7,1998-05-10,Princes Park,Western Bulldogs,North Melbourne,Western Bulldogs,Steven Kolyniuk,10,5,2,0,3,0,2
1998,7,1998-05-10,Princes Park,Western Bulldogs,North Melbourne,Western Bulldogs,Steven Kretiuk,7,2,4,0,0,0,1
1998,7,1998-05-10,Princes Park,Western Bulldogs,North Melbourne,Western Bulldogs,Michael Martin,12,3,2,0,0,0,0
1998,7,1998-05-10,Princes Park,Western Bulldogs,North Melbourne,Western Bulldogs,Brett Montgomery,16,9,5,3,5,0,2
1998,7,1998-05-10,Princes Park,Western Bulldogs,North Melbourne,Western Bulldogs,Jose Romero,21,9,15,0,1,0,2
1998,7,1998-05-10,Princes Park,Western Bulldogs,North Melbourne,Western Bulldogs,Rohan Smith,8,2,2,1,0,0,2
1998,7,1998-05-10,Princes Park,Western Bulldogs,North Melbourne,Western Bulldogs,Daniel Southern,6,4,5,3,1,0,1
1998,7,1998-05-10,Princes Park,Western Bulldogs,North Melbourne,Western Bulldogs,Scott West,18,2,10,0,0,0,2
1998,7,1998-05-10,Princes Park,Western Bulldogs,North Melbourne,Western Bulldogs,Brad Wira,5,1,0,0,0,0,0
1998,7,1998-05-10,Princes Park,Western Bulldogs,North Melbourne,Western Bulldogs,Scott Wynd,2,1,10,0,0,8,1
1998,7,1998-05-10,Princes Park,Western Bulldogs,North Melbourne,North Melbourne,Winston Abraham,4,2,4,2,0,0,2
1998,7,1998-05-10,Princes Park,Western Bulldogs,North Melbourne,North Melbourne,Brett Allison,3,1,4,1,0,0,1
1998,7,1998-05-10,Princes Park,Western Bulldogs,North Melbourne,North Melbourne,Brady Anderson,10,3,0,0,2,0,2
1998,7,1998-05-10,Princes Park,Western Bulldogs,North Melbourne,North Melbourne,Glenn Archer,9,3,1,1,2,0,4
1998,7,1998-05-10,Princes Park,Western Bulldogs,North Melbourne,North Melbourne,Peter Bell,11,2,16,0,1,0,2
1998,7,1998-05-10,Princes Park,Western Bulldogs,North Melbourne,North Melbourne,John Blakey,12,4,7,0,0,0,0
1998,7,1998-05-10,Princes Park,Western Bulldogs,North Melbourne,North Melbourne,Wayne Carey,7,6,6,4,0,1,2
1998,7,1998-05-10,Princes Park,Western Bulldogs,North Melbourne,North Melbourne,Shannon Grant,17,3,6,0,1,0,0
1998,7,1998-05-10,Princes Park,Western Bulldogs,North Melbourne,North Melbourne,Brent Harvey,4,1,2,1,0,0,2
1998,7,1998-05-10,Princes Park,Western Bulldogs,North Melbourne,North Melbourne,Evan Hewitt,4,1,3,0,0,8,0
1998,7,1998-05-10,Princes Park,Western Bulldogs,North Melbourne,North Melbourne,David King,17,4,3,0,1,0,3
1998,7,1998-05-10,Princes Park,Western Bulldogs,North Melbourne,North Melbourne,Mick Martyn,9,3,5,0,0,1,0
1998,7,1998-05-10,Princes Park,Western Bulldogs,North Melbourne,North Melbourne,Jason McCartney,8,1,0,0,0,2,0
1998,7,1998-05-10,Princes Park,Western Bulldogs,North Melbourne,North Melbourne,Corey McKernan,11,5,3,2,0,16,1
1998,7,1998-05-10,Princes Park,Western Bulldogs,North Melbourne,North Melbourne,Byron Pickett,7,0,1,0,0,0,2
1998,7,1998-05-10,Princes Park,Western Bulldogs,North Melbourne,North Melbourne,Anthony Rock,7,2,3,0,0,0,2
1998,7,1998-05-10,Princes Park,Western Bulldogs,North Melbourne,North Melbourne,Robert Scott,4,0,3,0,0,0,1
1998,7,1998-05-10,Princes Park,Western Bulldogs,North Melbourne,North Melbourne,Craig Sholl,2,0,2,0,1,0,0
1998,7,1998-05-10,Princes Park,Western Bulldogs,North Melbourne,North Melbourne,Adam Simpson,6,1,2,0,0,0,0
1998,7,1998-05-10,Princes Park,Western Bulldogs,North Melbourne,North Melbourne,Anthony Stevens,16,2,7,1,1,0,1
1998,7,1998-05-10,Princes Park,Western Bulldogs,North Melbourne,North Melbourne,Danny Stevens,0,0,0,0,0,0,1
1998,7,1998-05-10,Princes Park,Western Bulldogs,North Melbourne,North Melbourne,Scott Welsh,2,0,1,0,1,0,0
1998,7,1998-05-10,M.C.G.,Richmond,Melbourne,Richmond,Joel Bowden,12,3,8,1,1,0,2
1998,7,1998-05-10,M.C.G.,Richmond,Melbourne,Richmond,Nathan Bower,4,0,1,0,0,0,0
1998,7,1998-05-10,M.C.G.,Richmond,Melbourne,Richmond,Wayne Campbell,18,5,16,0,1,1,5
1998,7,1998-05-10,M.C.G.,Richmond,Melbourne,Richmond,Nick Daffy,20,1,3,2,0,0,2
1998,7,1998-05-10,M.C.G.,Richmond,Melbourne,Richmond,Brett Evans,5,3,1,2,0,0,0
1998,7,1998-05-10,M.C.G.,Richmond,Melbourne,Richmond,Brendon Gale,13,3,4,0,1,20,4
1998,7,1998-05-10,M.C.G.,Richmond,Melbourne,Richmond,Darren Gaspar,4,4,15,0,0,0,2
1998,7,1998-05-10,M.C.G.,Richmond,Melbourne,Richmond,Ben Harrison,14,4,9,2,0,0,1
1998,7,1998-05-10,M.C.G.,Richmond,Melbourne,Richmond,Ben Holland,8,3,3,0,1,4,3
1998,7,1998-05-10,M.C.G.,Richmond,Melbourne,Richmond,Andrew Kellaway,5,4,4,0,0,1,4
1998,7,1998-05-10,M.C.G.,Richmond,Melbourne,Richmond,Duncan Kellaway,4,3,9,0,0,0,7
1998,7,1998-05-10,M.C.G.,Richmond,Melbourne,Richmond,Matthew Knights,12,6,18,0,0,0,2
1998,7,1998-05-10,M.C.G.,Richmond,Melbourne,Richmond,Matthew Manfield,4,2,3,1,1,2,1
1998,7,1998-05-10,M.C.G.,Richmond,Melbourne,Richmond,Mark Merenda,3,2,1,0,2,0,0
1998,7,1998-05-10,M.C.G.,Richmond,Melbourne,Richmond,Brad Ottens,0,0,1,0,0,4,0
1998,7,1998-05-10,M.C.G.,Richmond,Melbourne,Richmond,Robert Powell,7,1,3,1,0,0,1
1998,7,1998-05-10,M.C.G.,Richmond,Melbourne,Richmond,Ashley Prescott,14,2,11,0,1,0,4
1998,7,1998-05-10,M.C.G.,Richmond,Melbourne,Richmond,Lionel Proctor,3,1,2,1,0,0,1
1998,7,1998-05-10,M.C.G.,Richmond,Melbourne,Richmond,Matthew Richardson,11,8,5,3,2,0,2
1998,7,1998-05-10,M.C.G.,Richmond,Melbourne,Richmond,Matthew Rogers,21,2,3,0,0,0,2
1998,7,1998-05-10,M.C.G.,Richmond,Melbourne,Richmond,Jason Torney,4,2,7,0,0,0,3
1998,7,1998-05-10,M.C.G.,Richmond,Melbourne,Richmond,Scott Turner,7,3,4,0,1,0,1
1998,7,1998-05-10,M.C.G.,Richmond,Melbourne,Melbourne,Matthew Bishop,6,6,5,0,0,1,0
1998,7,1998-05-10,M.C.G.,Richmond,Melbourne,Melbourne,Jeff Farmer,4,0,0,1,0,0,0
1998,7,1998-05-10,M.C.G.,Richmond,Melbourne,Melbourne,Steven Febey,10,1,2,1,0,0,3
1998,7,1998-05-10,M.C.G.,Richmond,Melbourne,Melbourne,Brent Grgic,7,2,3,0,0,0,3
1998,7,1998-05-10,M.C.G.,Richmond,Melbourne,Melbourne,Paul Hopgood,10,1,3,0,0,0,2
1998,7,1998-05-10,M.C.G.,Richmond,Melbourne,Melbourne,Anthony Ingerson,5,4,6,0,0,1,2
1998,7,1998-05-10,M.C.G.,Richmond,Melbourne,Melbourne,Travis Johnstone,10,2,2,1,2,0,3
1998,7,1998-05-10,M.C.G.,Richmond,Melbourne,Melbourne,Andrew Leoncelli,15,9,6,0,0,0,3
1998,7,1998-05-10,M.C.G.,Richmond,Melbourne,Melbourne,Garry Lyon,4,0,2,1,0,0,1
1998,7,1998-05-10,M.C.G.,Richmond,Melbourne,Melbourne,Anthony McDonald,14,6,5,0,0,0,2
1998,7,1998-05-10,M.C.G.,Richmond,Melbourne,Melbourne,James McDonald,5,0,4,1,1,0,0
1998,7,1998-05-10,M.C.G.,Richmond,Melbourne,Melbourne,Guy Rigoni,14,2,7,0,0,0,3
1998,7,1998-05-10,M.C.G.,Richmond,Melbourne,Melbourne,Russell Robertson,0,0,0,0,0,0,0
1998,7,1998-05-10,M.C.G.,Richmond,Melbourne,Melbourne,David Schwarz,1,0,3,1,0,1,1
1998,7,1998-05-10,M.C.G.,Richmond,Melbourne,Melbourne,Jamie Shanahan,6,3,2,0,0,0,6
1998,7,1998-05-10,M.C.G.,Richmond,Melbourne,Melbourne,Shaun Smith,1,0,4,0,0,0,2
1998,7,1998-05-10,M.C.G.,Richmond,Melbourne,Melbourne,Craig Smoker,4,0,1,0,1,0,0
1998,7,1998-05-10,M.C.G.,Richmond,Melbourne,Melbourne,Jim Stynes,15,2,4,0,0,15,0
1998,7,1998-05-10,M.C.G.,Richmond,Melbourne,Melbourne,Todd Viney,15,1,6,0,0,0,2
1998,7,1998-05-10,M.C.G.,Richmond,Melbourne,Melbourne,Jeff White,4,5,9,0,1,13,0
1998,7,1998-05-10,M.C.G.,Richmond,Melbourne,Melbourne,Shane Woewodin,7,3,7,0,0,0,0
1998,7,1998-05-10,M.C.G.,Richmond,Melbourne,Melbourne,Adem Yze,16,3,7,1,0,0,3
1998,8,1998-05-15,M.C.G.,Essendon,Brisbane Lions,Essendon,Steven Alessio,14,9,7,4,2,12,1
1998,8,1998-05-15,M.C.G.,Essendon,Brisbane Lions,Essendon,Peter Berbakov,6,6,4,0,0,0,0
1998,8,1998-05-15,M.C.G.,Essendon,Brisbane Lions,Essendon,Darren Bewick,4,1,5,1,0,0,0
1998,8,1998-05-15,M.C.G.,Essendon,Brisbane Lions,Essendon,Justin Blumfield,9,3,6,1,0,1,0
1998,8,1998-05-15,M.C.G.,Essendon,Brisbane Lions,Essendon,David Calthorpe,11,2,2,0,0,0,4
1998,8,1998-05-15,M.C.G.,Essendon,Brisbane Lions,Essendon,Blake Caracella,8,5,3,2,1,1,2
1998,8,1998-05-15,M.C.G.,Essendon,Brisbane Lions,Essendon,Ben Doolan,1,1,2,0,0,0,1
1998,8,1998-05-15,M.C.G.,Essendon,Brisbane Lions,Essendon,Simon Eastaugh,1,0,3,0,0,4,0
1998,8,1998-05-15,M.C.G.,Essendon,Brisbane Lions,Essendon,Mark Fraser,7,4,5,1,1,0,0
1998,8,1998-05-15,M.C.G.,Essendon,Brisbane Lions,Essendon,Damien Hardwick,25,12,4,0,0,0,3
1998,8,1998-05-15,M.C.G.,Essendon,Brisbane Lions,Essendon,Jason Johnson,8,4,0,0,0,0,1
1998,8,1998-05-15,M.C.G.,Essendon,Brisbane Lions,Essendon,Matthew Lloyd,11,3,4,0,1,0,1
1998,8,1998-05-15,M.C.G.,Essendon,Brisbane Lions,Essendon,Scott Lucas,14,4,1,0,2,0,0
1998,8,1998-05-15,M.C.G.,Essendon,Brisbane Lions,Essendon,Mark Mercuri,11,7,5,1,1,0,1
1998,8,1998-05-15,M.C.G.,Essendon,Brisbane Lions,Essendon,Joe Misiti,19,4,7,0,1,0,1
1998,8,1998-05-15,M.C.G.,Essendon,Brisbane Lions,Essendon,Gary Moorcroft,14,7,8,0,1,0,3
1998,8,1998-05-15,M.C.G.,Essendon,Brisbane Lions,Essendon,Ryan OConnor,3,4,5,0,0,3,1
1998,8,1998-05-15,M.C.G.,Essendon,Brisbane Lions,Essendon,Gary ODonnell,9,3,3,0,0,0,2
1998,8,1998-05-15,M.C.G.,Essendon,Brisbane Lions,Essendon,Ricky Olarenshaw,14,4,6,0,1,0,1
1998,8,1998-05-15,M.C.G.,Essendon,Brisbane Lions,Essendon,Michael Prior,13,5,2,0,0,0,1
1998,8,1998-05-15,M.C.G.,Essendon,Brisbane Lions,Essendon,Andrew Ukovic,8,5,4,2,0,0,1
1998,8,1998-05-15,M.C.G.,Essendon,Brisbane Lions,Essendon,Sean Wellman,10,6,7,0,0,0,2
1998,8,1998-05-15,M.C.G.,Essendon,Brisbane Lions,Brisbane Lions,Jason Akermanis,10,3,2,0,2,0,3
1998,8,1998-05-15,M.C.G.,Essendon,Brisbane Lions,Brisbane Lions,Marcus Ashcroft,13,2,7,0,0,0,3
1998,8,1998-05-15,M.C.G.,Essendon,Brisbane Lions,Brisbane Lions,Daniel Bradshaw,4,2,0,1,0,0,1
1998,8,1998-05-15,M.C.G.,Essendon,Brisbane Lions,Brisbane Lions,Danny Dickfos,7,4,3,0,0,0,0
1998,8,1998-05-15,M.C.G.,Essendon,Brisbane Lions,Brisbane Lions,Shaun Hart,8,2,5,0,0,0,1
1998,8,1998-05-15,M.C.G.,Essendon,Brisbane Lions,Brisbane Lions,Rory Hilton,2,1,2,0,0,0,0
1998,8,1998-05-15,M.C.G.,Essendon,Brisbane Lions,Brisbane Lions,Chris Johnson,4,3,3,0,1,0,1
1998,8,1998-05-15,M.C.G.,Essendon,Brisbane Lions,Brisbane Lions,Clark Keating,9,5,6,0,0,12,1
1998,8,1998-05-15,M.C.G.,Essendon,Brisbane Lions,Brisbane Lions,Matthew Kennedy,15,6,2,0,0,1,2
1998,8,1998-05-15,M.C.G.,Essendon,Brisbane Lions,Brisbane Lions,Nigel Lappin,11,6,6,1,1,0,2
1998,8,1998-05-15,M.C.G.,Essendon,Brisbane Lions,Brisbane Lions,Steven Lawrence,8,4,7,0,0,0,1
1998,8,1998-05-15,M.C.G.,Essendon,Brisbane Lions,Brisbane Lions,Justin Leppitsch,15,2,2,1,0,2,0
1998,8,1998-05-15,M.C.G.,Essendon,Brisbane Lions,Brisbane Lions,Alastair Lynch,8,3,5,0,0,0,0
1998,8,1998-05-15,M.C.G.,Essendon,Brisbane Lions,Brisbane Lions,Tristan Lynch,7,3,4,0,0,0,3
1998,8,1998-05-15,M.C.G.,Essendon,Brisbane Lions,Brisbane Lions,Craig McRae,8,1,2,1,5,0,1
1998,8,1998-05-15,M.C.G.,Essendon,Brisbane Lions,Brisbane Lions,Jarrod Molloy,8,0,2,1,3,0,2
1998,8,1998-05-15,M.C.G.,Essendon,Brisbane Lions,Brisbane Lions,Tim Notting,0,0,5,0,0,0,1
1998,8,1998-05-15,M.C.G.,Essendon,Brisbane Lions,Brisbane Lions,Brad Scott,11,2,3,0,0,0,1
1998,8,1998-05-15,M.C.G.,Essendon,Brisbane Lions,Brisbane Lions,Chris Scott,15,6,4,0,0,0,3
1998,8,1998-05-15,M.C.G.,Essendon,Brisbane Lions,Brisbane Lions,Dion Scott,13,7,5,3,1,14,0
1998,8,1998-05-15,M.C.G.,Essendon,Brisbane Lions,Brisbane Lions,Michael Voss,15,3,15,0,0,0,1
1998,8,1998-05-15,M.C.G.,Essendon,Brisbane Lions,Brisbane Lions,Darryl White,9,1,5,0,0,0,4
1998,8,1998-05-16,Kardinia Park,Geelong,Fremantle,Geelong,John Barnes,16,8,3,1,0,19,3
1998,8,1998-05-16,Kardinia Park,Geelong,Fremantle,Geelong,Clint Bizzell,1,1,3,0,1,0,1
1998,8,1998-05-16,Kardinia Park,Geelong,Fremantle,Geelong,Ronnie Burns,3,1,2,2,0,0,4
1998,8,1998-05-16,Kardinia Park,Geelong,Fremantle,Geelong,Leigh Colbert,9,1,8,0,0,2,2
1998,8,1998-05-16,Kardinia Park,Geelong,Fremantle,Geelong,Paul Corrigan,8,2,0,1,0,0,4
1998,8,1998-05-16,Kardinia Park,Geelong,Fremantle,Geelong,Tim Finocchiaro,3,0,2,0,0,0,2
1998,8,1998-05-16,Kardinia Park,Geelong,Fremantle,Geelong,Ben Graham,7,5,3,0,0,0,2
1998,8,1998-05-16,Kardinia Park,Geelong,Fremantle,Geelong,Tim Hargreaves,3,0,3,0,1,0,1
1998,8,1998-05-16,Kardinia Park,Geelong,Fremantle,Geelong,Glenn Kilpatrick,18,4,10,1,0,0,2
1998,8,1998-05-16,Kardinia Park,Geelong,Fremantle,Geelong,Daniel Lowther,11,2,5,0,0,0,3
1998,8,1998-05-16,Kardinia Park,Geelong,Fremantle,Geelong,Paul Lynch,11,5,3,3,1,0,4
1998,8,1998-05-16,Kardinia Park,Geelong,Fremantle,Geelong,Michael Mansfield,7,5,10,0,0,0,4
1998,8,1998-05-16,Kardinia Park,Geelong,Fremantle,Geelong,Tim McGrath,7,0,2,0,0,0,2
1998,8,1998-05-16,Kardinia Park,Geelong,Fremantle,Geelong,David Mensch,18,9,9,1,0,10,2
1998,8,1998-05-16,Kardinia Park,Geelong,Fremantle,Geelong,James Rahilly,1,0,4,0,0,0,0
1998,8,1998-05-16,Kardinia Park,Geelong,Fremantle,Geelong,Peter Riccardi,15,3,7,0,0,0,1
1998,8,1998-05-16,Kardinia Park,Geelong,Fremantle,Geelong,Brenton Sanderson,19,6,4,0,0,0,1
1998,8,1998-05-16,Kardinia Park,Geelong,Fremantle,Geelong,Brad Sholl,10,3,5,0,0,0,1
1998,8,1998-05-16,Kardinia Park,Geelong,Fremantle,Geelong,Sean Simpson,7,3,5,0,0,1,1
1998,8,1998-05-16,Kardinia Park,Geelong,Fremantle,Geelong,Jason Snell,4,1,4,1,0,0,0
1998,8,1998-05-16,Kardinia Park,Geelong,Fremantle,Geelong,Brett Spinks,3,3,0,1,1,0,1
1998,8,1998-05-16,Kardinia Park,Geelong,Fremantle,Geelong,Barry Stoneham,5,2,4,1,0,7,2
1998,8,1998-05-16,Kardinia Park,Geelong,Fremantle,Fremantle,Daniel Bandy,1,1,6,0,0,13,2
1998,8,1998-05-16,Kardinia Park,Geelong,Fremantle,Fremantle,Chris Bond,10,3,3,0,0,0,5
1998,8,1998-05-16,Kardinia Park,Geelong,Fremantle,Fremantle,Michael Brown,15,8,2,0,1,6,1
1998,8,1998-05-16,Kardinia Park,Geelong,Fremantle,Fremantle,Matthew Burton,8,2,3,0,0,15,0
1998,8,1998-05-16,Kardinia Park,Geelong,Fremantle,Fremantle,Craig Callaghan,19,7,3,1,2,0,6
1998,8,1998-05-16,Kardinia Park,Geelong,Fremantle,Fremantle,Trent Carroll,9,5,3,0,0,0,0
1998,8,1998-05-16,Kardinia Park,Geelong,Fremantle,Fremantle,James Clement,10,3,4,1,0,1,1
1998,8,1998-05-16,Kardinia Park,Geelong,Fremantle,Fremantle,Gary Dhurrkay,5,3,4,0,1,0,0
1998,8,1998-05-16,Kardinia Park,Geelong,Fremantle,Fremantle,Brad Dodd,13,1,3,0,0,0,1
1998,8,1998-05-16,Kardinia Park,Geelong,Fremantle,Fremantle,Brendon Feddema,1,0,4,0,1,1,2
1998,8,1998-05-16,Kardinia Park,Geelong,Fremantle,Fremantle,Adrian Fletcher,17,1,8,0,2,0,6
1998,8,1998-05-16,Kardinia Park,Geelong,Fremantle,Fremantle,Mark Gale,14,2,4,0,1,1,1
1998,8,1998-05-16,Kardinia Park,Geelong,Fremantle,Fremantle,Daniel Hargraves,0,0,0,0,0,0,1
1998,8,1998-05-16,Kardinia Park,Geelong,Fremantle,Fremantle,Brodie Holland,6,3,3,0,1,0,1
1998,8,1998-05-16,Kardinia Park,Geelong,Fremantle,Fremantle,Anthony Jones,7,3,2,0,1,0,2
1998,8,1998-05-16,Kardinia Park,Geelong,Fremantle,Fremantle,Dale Kickett,10,2,7,2,1,0,3
1998,8,1998-05-16,Kardinia Park,Geelong,Fremantle,Fremantle,Andrew McGovern,8,2,5,0,0,0,3
1998,8,1998-05-16,Kardinia Park,Geelong,Fremantle,Fremantle,Jason Norrish,20,5,13,0,0,0,3
1998,8,1998-05-16,Kardinia Park,Geelong,Fremantle,Fremantle,Shane Parker,11,1,2,0,0,0,1
1998,8,1998-05-16,Kardinia Park,Geelong,Fremantle,Fremantle,Jess Sinclair,3,0,2,0,1,0,1
1998,8,1998-05-16,Kardinia Park,Geelong,Fremantle,Fremantle,Luke Toia,3,1,5,0,0,0,4
1998,8,1998-05-16,Kardinia Park,Geelong,Fremantle,Fremantle,Clive Waterhouse,9,2,5,2,1,0,1
1998,8,1998-05-16,M.C.G.,North Melbourne,Sydney,North Melbourne,Winston Abraham,8,2,6,1,2,0,2
1998,8,1998-05-16,M.C.G.,North Melbourne,Sydney,North Melbourne,Brett Allison,2,2,3,0,0,0,0
1998,8,1998-05-16,M.C.G.,North Melbourne,Sydney,North Melbourne,Brady Anderson,1,1,2,0,0,0,1
1998,8,1998-05-16,M.C.G.,North Melbourne,Sydney,North Melbourne,Glenn Archer,11,10,4,0,0,0,3
1998,8,1998-05-16,M.C.G.,North Melbourne,Sydney,North Melbourne,Peter Bell,10,3,12,1,2,1,1
1998,8,1998-05-16,M.C.G.,North Melbourne,Sydney,North Melbourne,John Blakey,10,7,8,3,1,0,0
1998,8,1998-05-16,M.C.G.,North Melbourne,Sydney,North Melbourne,Wayne Carey,15,6,4,4,0,1,0
1998,8,1998-05-16,M.C.G.,North Melbourne,Sydney,North Melbourne,Brett Chandler,3,2,2,0,0,0,2
1998,8,1998-05-16,M.C.G.,North Melbourne,Sydney,North Melbourne,Shannon Grant,14,5,9,1,0,0,3
1998,8,1998-05-16,M.C.G.,North Melbourne,Sydney,North Melbourne,Brent Harvey,1,1,2,0,0,0,1
1998,8,1998-05-16,M.C.G.,North Melbourne,Sydney,North Melbourne,Evan Hewitt,3,1,2,0,0,1,3
1998,8,1998-05-16,M.C.G.,North Melbourne,Sydney,North Melbourne,David King,21,11,8,1,1,0,0
1998,8,1998-05-16,M.C.G.,North Melbourne,Sydney,North Melbourne,John Longmire,7,3,2,1,1,11,1
1998,8,1998-05-16,M.C.G.,North Melbourne,Sydney,North Melbourne,Mick Martyn,5,3,2,0,0,0,0
1998,8,1998-05-16,M.C.G.,North Melbourne,Sydney,North Melbourne,Jason McCartney,5,1,1,0,0,0,0
1998,8,1998-05-16,M.C.G.,North Melbourne,Sydney,North Melbourne,Corey McKernan,10,3,7,0,0,14,2
1998,8,1998-05-16,M.C.G.,North Melbourne,Sydney,North Melbourne,Byron Pickett,14,5,5,0,0,0,1
1998,8,1998-05-16,M.C.G.,North Melbourne,Sydney,North Melbourne,Martin Pike,8,1,4,1,2,1,0
1998,8,1998-05-16,M.C.G.,North Melbourne,Sydney,North Melbourne,Anthony Rock,13,3,15,1,1,0,2
1998,8,1998-05-16,M.C.G.,North Melbourne,Sydney,North Melbourne,Robert Scott,11,1,7,1,0,0,1
1998,8,1998-05-16,M.C.G.,North Melbourne,Sydney,North Melbourne,Craig Sholl,3,0,2,0,1,1,2
1998,8,1998-05-16,M.C.G.,North Melbourne,Sydney,North Melbourne,Anthony Stevens,24,3,7,0,1,0,5
1998,8,1998-05-16,M.C.G.,North Melbourne,Sydney,Sydney,Robert AhMat,5,1,5,1,1,0,1
1998,8,1998-05-16,M.C.G.,North Melbourne,Sydney,Sydney,Mark Bayes,8,4,8,0,0,1,3
1998,8,1998-05-16,M.C.G.,North Melbourne,Sydney,Sydney,Daryn Cresswell,11,2,16,0,1,0,0
1998,8,1998-05-16,M.C.G.,North Melbourne,Sydney,Sydney,Jared Crouch,3,0,3,0,0,0,3
1998,8,1998-05-16,M.C.G.,North Melbourne,Sydney,Sydney,Andrew Dunkley,7,8,10,0,0,0,0
1998,8,1998-05-16,M.C.G.,North Melbourne,Sydney,Sydney,Brent Green,9,3,4,4,1,7,1
1998,8,1998-05-16,M.C.G.,North Melbourne,Sydney,Sydney,Paul Kelly,20,6,8,3,0,1,1
1998,8,1998-05-16,M.C.G.,North Melbourne,Sydney,Sydney,Paul Licuria,6,2,3,0,1,0,2
1998,8,1998-05-16,M.C.G.,North Melbourne,Sydney,Sydney,Tony Lockett,2,0,1,1,0,0,1
1998,8,1998-05-16,M.C.G.,North Melbourne,Sydney,Sydney,Troy Luff,12,6,5,0,1,1,1
1998,8,1998-05-16,M.C.G.,North Melbourne,Sydney,Sydney,Stuart Maxfield,14,3,7,0,1,0,1
1998,8,1998-05-16,M.C.G.,North Melbourne,Sydney,Sydney,Daniel McPherson,6,1,6,0,0,0,1
1998,8,1998-05-16,M.C.G.,North Melbourne,Sydney,Sydney,Jason Mooney,6,4,3,0,1,5,2
1998,8,1998-05-16,M.C.G.,North Melbourne,Sydney,Sydney,Matthew Nicks,8,4,8,1,0,0,2
1998,8,1998-05-16,M.C.G.,North Melbourne,Sydney,Sydney,Michael OLoughlin,6,2,1,1,0,1,1
1998,8,1998-05-16,M.C.G.,North Melbourne,Sydney,Sydney,Paul Roos,3,3,9,0,0,1,0
1998,8,1998-05-16,M.C.G.,North Melbourne,Sydney,Sydney,Jason Saddington,11,7,5,2,2,0,2
1998,8,1998-05-16,M.C.G.,North Melbourne,Sydney,Sydney,Wayne Schwass,20,1,8,0,0,0,4
1998,8,1998-05-16,M.C.G.,North Melbourne,Sydney,Sydney,Brad Seymour,5,5,2,0,0,0,0
1998,8,1998-05-16,M.C.G.,North Melbourne,Sydney,Sydney,Greg Stafford,16,12,13,0,0,11,3
1998,8,1998-05-16,M.C.G.,North Melbourne,Sydney,Sydney,John Stevens,8,4,1,1,0,0,0
1998,8,1998-05-16,M.C.G.,North Melbourne,Sydney,Sydney,Rowan Warfe,13,6,2,0,0,0,5
1998,8,1998-05-16,Waverley Park,St Kilda,Port Adelaide,St Kilda,Luke Beveridge,4,1,3,0,0,0,1
1998,8,1998-05-16,Waverley Park,St Kilda,Port Adelaide,St Kilda,Nathan Burke,13,9,11,0,0,0,2
1998,8,1998-05-16,Waverley Park,St Kilda,Port Adelaide,St Kilda,Peter Everitt,14,7,3,1,1,13,2
1998,8,1998-05-16,Waverley Park,St Kilda,Port Adelaide,St Kilda,Barry Hall,5,4,3,0,0,0,1
1998,8,1998-05-16,Waverley Park,St Kilda,Port Adelaide,St Kilda,Robert Harvey,22,8,13,1,0,0,0
1998,8,1998-05-16,Waverley Park,St Kilda,Port Adelaide,St Kilda,Daniel Healy,13,10,4,0,2,0,0
1998,8,1998-05-16,Waverley Park,St Kilda,Port Adelaide,St Kilda,Max Hudghton,9,5,4,0,0,0,6
1998,8,1998-05-16,Waverley Park,St Kilda,Port Adelaide,St Kilda,Austinn Jones,5,1,3,0,1,0,2
1998,8,1998-05-16,Waverley Park,St Kilda,Port Adelaide,St Kilda,Brett Knowles,6,4,9,0,0,0,2
1998,8,1998-05-16,Waverley Park,St Kilda,Port Adelaide,St Kilda,Matthew Lappin,5,0,4,0,0,0,1
1998,8,1998-05-16,Waverley Park,St Kilda,Port Adelaide,St Kilda,Stewart Loewe,18,15,5,0,0,7,0
1998,8,1998-05-16,Waverley Park,St Kilda,Port Adelaide,St Kilda,Joe McLaren,4,1,1,0,0,0,1
1998,8,1998-05-16,Waverley Park,St Kilda,Port Adelaide,St Kilda,Gavin Mitchell,14,15,7,3,1,0,1
1998,8,1998-05-16,Waverley Park,St Kilda,Port Adelaide,St Kilda,Justin Peckett,21,2,8,0,1,0,2
1998,8,1998-05-16,Waverley Park,St Kilda,Port Adelaide,St Kilda,David Sierakowski,9,5,1,2,1,2,0
1998,8,1998-05-16,Waverley Park,St Kilda,Port Adelaide,St Kilda,Steven Sziller,12,5,5,1,0,0,2
1998,8,1998-05-16,Waverley Park,St Kilda,Port Adelaide,St Kilda,Andrew Thompson,13,1,8,1,1,0,3
1998,8,1998-05-16,Waverley Park,St Kilda,Port Adelaide,St Kilda,Jason Traianidis,3,4,1,1,0,0,1
1998,8,1998-05-16,Waverley Park,St Kilda,Port Adelaide,St Kilda,Darryl Wakelin,8,9,8,0,0,3,1
1998,8,1998-05-16,Waverley Park,St Kilda,Port Adelaide,St Kilda,Shane Wakelin,12,3,1,0,0,0,0
1998,8,1998-05-16,Waverley Park,St Kilda,Port Adelaide,St Kilda,Nicky Winmar,19,7,5,0,1,0,2
1998,8,1998-05-16,Waverley Park,St Kilda,Port Adelaide,St Kilda,Matthew Young,8,4,0,0,1,0,0
1998,8,1998-05-16,Waverley Park,St Kilda,Port Adelaide,Port Adelaide,Shane Bond,4,1,3,0,0,0,0
1998,8,1998-05-16,Waverley Park,St Kilda,Port Adelaide,Port Adelaide,Shayne Breuer,7,6,12,0,0,1,3
1998,8,1998-05-16,Waverley Park,St Kilda,Port Adelaide,Port Adelaide,Peter Burgoyne,6,1,0,0,1,0,0
1998,8,1998-05-16,Waverley Park,St Kilda,Port Adelaide,Port Adelaide,Brett Chalmers,2,2,0,0,0,2,1
1998,8,1998-05-16,Waverley Park,St Kilda,Port Adelaide,Port Adelaide,Scott Cummings,4,1,0,1,2,0,0
1998,8,1998-05-16,Waverley Park,St Kilda,Port Adelaide,Port Adelaide,Nathan Eagleton,12,5,4,0,2,0,1
1998,8,1998-05-16,Waverley Park,St Kilda,Port Adelaide,Port Adelaide,Paul Evans,2,2,0,1,0,0,0
1998,8,1998-05-16,Waverley Park,St Kilda,Port Adelaide,Port Adelaide,Nigel Fiegert,4,3,5,0,0,0,3
1998,8,1998-05-16,Waverley Park,St Kilda,Port Adelaide,Port Adelaide,Josh Francou,9,2,7,1,0,0,4
1998,8,1998-05-16,Waverley Park,St Kilda,Port Adelaide,Port Adelaide,Adam Heuskes,19,7,5,0,1,0,0
1998,8,1998-05-16,Waverley Park,St Kilda,Port Adelaide,Port Adelaide,Adam Kingsley,11,8,6,0,0,0,2
1998,8,1998-05-16,Waverley Park,St Kilda,Port Adelaide,Port Adelaide,Brendon Lade,11,10,8,0,0,7,2
1998,8,1998-05-16,Waverley Park,St Kilda,Port Adelaide,Port Adelaide,Bowen Lockwood,2,0,2,0,0,0,0
1998,8,1998-05-16,Waverley Park,St Kilda,Port Adelaide,Port Adelaide,Brayden Lyle,10,2,1,0,0,0,3
1998,8,1998-05-16,Waverley Park,St Kilda,Port Adelaide,Port Adelaide,Darren Mead,10,3,3,0,0,2,2
1998,8,1998-05-16,Waverley Park,St Kilda,Port Adelaide,Port Adelaide,Danny Morton,15,5,2,0,1,0,1
1998,8,1998-05-16,Waverley Park,St Kilda,Port Adelaide,Port Adelaide,Chris Naish,14,2,5,1,1,0,1
1998,8,1998-05-16,Waverley Park,St Kilda,Port Adelaide,Port Adelaide,Stephen Paxman,10,8,3,0,1,0,0
1998,8,1998-05-16,Waverley Park,St Kilda,Port Adelaide,Port Adelaide,Darryl Poole,6,3,6,0,0,3,4
1998,8,1998-05-16,Waverley Park,St Kilda,Port Adelaide,Port Adelaide,Nick Stevens,14,9,11,0,2,0,3
1998,8,1998-05-16,Waverley Park,St Kilda,Port Adelaide,Port Adelaide,Gavin Wanganeen,15,4,2,1,0,0,5
1998,8,1998-05-16,Waverley Park,St Kilda,Port Adelaide,Port Adelaide,Michael Wilson,15,3,5,0,0,0,2
1998,8,1998-05-17,Football Park,Adelaide,Richmond,Adelaide,Nathan Bassett,13,7,3,0,0,0,0
1998,8,1998-05-17,Football Park,Adelaide,Richmond,Adelaide,Mark Bickley,13,4,5,0,0,0,5
1998,8,1998-05-17,Football Park,Adelaide,Richmond,Adelaide,Troy Bond,9,3,6,1,1,0,3
1998,8,1998-05-17,Football Park,Adelaide,Richmond,Adelaide,Peter Caven,4,1,1,0,0,0,3
1998,8,1998-05-17,Football Park,Adelaide,Richmond,Adelaide,Matthew Connell,23,9,4,1,0,0,2
1998,8,1998-05-17,Football Park,Adelaide,Richmond,Adelaide,Andrew Eccles,6,3,4,0,2,0,3
1998,8,1998-05-17,Football Park,Adelaide,Richmond,Adelaide,Ben Hart,8,5,4,0,0,3,5
1998,8,1998-05-17,Football Park,Adelaide,Richmond,Adelaide,Brett James,14,5,13,0,0,0,2
1998,8,1998-05-17,Football Park,Adelaide,Richmond,Adelaide,Rod Jameson,11,3,2,6,0,0,2
1998,8,1998-05-17,Football Park,Adelaide,Richmond,Adelaide,Darren Jarman,14,9,4,0,3,0,1
1998,8,1998-05-17,Football Park,Adelaide,Richmond,Adelaide,Kane Johnson,6,3,4,0,1,0,0
1998,8,1998-05-17,Football Park,Adelaide,Richmond,Adelaide,Aaron Keating,0,0,3,0,0,5,1
1998,8,1998-05-17,Football Park,Adelaide,Richmond,Adelaide,Kym Koster,9,4,5,1,0,0,5
1998,8,1998-05-17,Football Park,Adelaide,Richmond,Adelaide,Andrew McLeod,10,3,5,0,0,0,2
1998,8,1998-05-17,Football Park,Adelaide,Richmond,Adelaide,Trent Ormond-Allen,8,4,0,0,0,0,2
1998,8,1998-05-17,Football Park,Adelaide,Richmond,Adelaide,David Pittman,5,3,2,0,0,4,0
1998,8,1998-05-17,Football Park,Adelaide,Richmond,Adelaide,Shaun Rehn,7,10,9,0,0,31,4
1998,8,1998-05-17,Football Park,Adelaide,Richmond,Adelaide,Mark Ricciuto,10,3,7,1,1,0,5
1998,8,1998-05-17,Football Park,Adelaide,Richmond,Adelaide,Chad Rintoul,12,6,5,1,0,0,0
1998,8,1998-05-17,Football Park,Adelaide,Richmond,Adelaide,Nigel Smart,8,2,5,0,2,0,4
1998,8,1998-05-17,Football Park,Adelaide,Richmond,Adelaide,James Thiessen,5,1,5,0,1,0,2
1998,8,1998-05-17,Football Park,Adelaide,Richmond,Adelaide,Peter Vardy,2,0,0,0,1,0,0
1998,8,1998-05-17,Football Park,Adelaide,Richmond,Richmond,Ashley Blurton,10,3,7,0,0,0,2
1998,8,1998-05-17,Football Park,Adelaide,Richmond,Richmond,Joel Bowden,15,2,9,3,1,0,5
1998,8,1998-05-17,Football Park,Adelaide,Richmond,Richmond,Wayne Campbell,8,2,18,0,0,0,5
1998,8,1998-05-17,Football Park,Adelaide,Richmond,Richmond,Nick Daffy,20,3,5,1,1,0,1
1998,8,1998-05-17,Football Park,Adelaide,Richmond,Richmond,Brett Evans,10,4,4,1,1,0,2
1998,8,1998-05-17,Football Park,Adelaide,Richmond,Richmond,Brendon Gale,8,10,10,0,0,16,3
1998,8,1998-05-17,Football Park,Adelaide,Richmond,Richmond,Michael Gale,10,6,10,0,0,3,2
1998,8,1998-05-17,Football Park,Adelaide,Richmond,Richmond,Darren Gaspar,7,4,7,1,0,2,2
1998,8,1998-05-17,Football Park,Adelaide,Richmond,Richmond,Ben Harrison,15,5,7,2,0,1,3
1998,8,1998-05-17,Football Park,Adelaide,Richmond,Richmond,Ben Holland,11,7,1,3,1,1,3
1998,8,1998-05-17,Football Park,Adelaide,Richmond,Richmond,Andrew Kellaway,3,2,2,0,0,0,1
1998,8,1998-05-17,Football Park,Adelaide,Richmond,Richmond,Duncan Kellaway,13,6,12,0,0,0,5
1998,8,1998-05-17,Football Park,Adelaide,Richmond,Richmond,Matthew Knights,11,2,10,0,0,0,4
1998,8,1998-05-17,Football Park,Adelaide,Richmond,Richmond,Steven McKee,2,1,1,0,0,1,0
1998,8,1998-05-17,Football Park,Adelaide,Richmond,Richmond,Mark Merenda,1,1,1,1,0,0,2
1998,8,1998-05-17,Football Park,Adelaide,Richmond,Richmond,Robert Powell,7,4,7,0,1,0,2
1998,8,1998-05-17,Football Park,Adelaide,Richmond,Richmond,Ashley Prescott,7,2,2,0,0,0,5
1998,8,1998-05-17,Football Park,Adelaide,Richmond,Richmond,Lionel Proctor,1,1,0,0,0,0,1
1998,8,1998-05-17,Football Park,Adelaide,Richmond,Richmond,Matthew Richardson,16,10,7,2,1,1,1
1998,8,1998-05-17,Football Park,Adelaide,Richmond,Richmond,Matthew Rogers,21,4,6,0,0,0,6
1998,8,1998-05-17,Football Park,Adelaide,Richmond,Richmond,Jason Torney,6,3,3,0,0,0,3
1998,8,1998-05-17,Football Park,Adelaide,Richmond,Richmond,Scott Turner,11,6,5,0,0,0,3
1998,8,1998-05-17,M.C.G.,Melbourne,Collingwood,Melbourne,Matthew Bishop,0,0,0,0,0,0,0
1998,8,1998-05-17,M.C.G.,Melbourne,Collingwood,Melbourne,Jeff Farmer,7,4,5,3,2,0,0
1998,8,1998-05-17,M.C.G.,Melbourne,Collingwood,Melbourne,Matthew Febey,7,0,8,0,0,0,3
1998,8,1998-05-17,M.C.G.,Melbourne,Collingwood,Melbourne,Steven Febey,23,4,5,0,0,0,2
1998,8,1998-05-17,M.C.G.,Melbourne,Collingwood,Melbourne,Brent Grgic,18,12,6,2,0,0,1
1998,8,1998-05-17,M.C.G.,Melbourne,Collingwood,Melbourne,Paul Hopgood,12,6,7,0,1,0,2
1998,8,1998-05-17,M.C.G.,Melbourne,Collingwood,Melbourne,Anthony Ingerson,2,2,5,0,0,1,2
1998,8,1998-05-17,M.C.G.,Melbourne,Collingwood,Melbourne,Travis Johnstone,14,6,1,4,1,0,0
1998,8,1998-05-17,M.C.G.,Melbourne,Collingwood,Melbourne,Andrew Leoncelli,13,1,1,0,1,0,0
1998,8,1998-05-17,M.C.G.,Melbourne,Collingwood,Melbourne,Anthony McDonald,6,1,2,0,2,0,0
1998,8,1998-05-17,M.C.G.,Melbourne,Collingwood,Melbourne,James McDonald,3,1,1,0,1,0,1
1998,8,1998-05-17,M.C.G.,Melbourne,Collingwood,Melbourne,Guy Rigoni,10,4,12,0,0,0,2
1998,8,1998-05-17,M.C.G.,Melbourne,Collingwood,Melbourne,David Schwarz,3,1,1,0,1,2,0
1998,8,1998-05-17,M.C.G.,Melbourne,Collingwood,Melbourne,Marcus Seecamp,9,3,7,0,0,0,0
1998,8,1998-05-17,M.C.G.,Melbourne,Collingwood,Melbourne,Jamie Shanahan,5,1,6,0,0,0,0
1998,8,1998-05-17,M.C.G.,Melbourne,Collingwood,Melbourne,Shaun Smith,6,5,0,5,0,0,2
1998,8,1998-05-17,M.C.G.,Melbourne,Collingwood,Melbourne,Craig Smoker,9,5,3,0,0,0,1
1998,8,1998-05-17,M.C.G.,Melbourne,Collingwood,Melbourne,Jim Stynes,15,9,13,0,2,18,1
1998,8,1998-05-17,M.C.G.,Melbourne,Collingwood,Melbourne,Todd Viney,19,6,8,1,1,0,0
1998,8,1998-05-17,M.C.G.,Melbourne,Collingwood,Melbourne,Jeff White,5,2,2,1,0,8,0
1998,8,1998-05-17,M.C.G.,Melbourne,Collingwood,Melbourne,Shane Woewodin,10,5,4,0,0,0,1
1998,8,1998-05-17,M.C.G.,Melbourne,Collingwood,Melbourne,Adem Yze,12,3,2,1,0,0,2
1998,8,1998-05-17,M.C.G.,Melbourne,Collingwood,Collingwood,Nathan Buckley,23,7,8,1,1,0,1
1998,8,1998-05-17,M.C.G.,Melbourne,Collingwood,Collingwood,Scott Burns,16,5,8,0,0,0,2
1998,8,1998-05-17,M.C.G.,Melbourne,Collingwood,Collingwood,Gavin Crosisca,15,4,9,0,0,1,2
1998,8,1998-05-17,M.C.G.,Melbourne,Collingwood,Collingwood,Scott Crow,17,4,7,2,2,1,0
1998,8,1998-05-17,M.C.G.,Melbourne,Collingwood,Collingwood,Matthew Francis,7,0,4,0,0,12,3
1998,8,1998-05-17,M.C.G.,Melbourne,Collingwood,Collingwood,Tony Francis,2,0,8,1,0,0,1
1998,8,1998-05-17,M.C.G.,Melbourne,Collingwood,Collingwood,Brad Fuller,3,2,4,0,1,0,1
1998,8,1998-05-17,M.C.G.,Melbourne,Collingwood,Collingwood,Luke Godden,2,0,3,0,0,0,0
1998,8,1998-05-17,M.C.G.,Melbourne,Collingwood,Collingwood,Alex McDonald,14,8,10,1,2,0,0
1998,8,1998-05-17,M.C.G.,Melbourne,Collingwood,Collingwood,Mal Michael,0,2,4,0,0,0,2
1998,8,1998-05-17,M.C.G.,Melbourne,Collingwood,Collingwood,Damian Monkhorst,1,3,4,0,0,13,0
1998,8,1998-05-17,M.C.G.,Melbourne,Collingwood,Collingwood,Stephen Patterson,8,2,8,1,1,0,4
1998,8,1998-05-17,M.C.G.,Melbourne,Collingwood,Collingwood,Andrew Pugsley,3,3,4,0,0,0,0
1998,8,1998-05-17,M.C.G.,Melbourne,Collingwood,Collingwood,Mark Richardson,7,3,7,0,0,6,1
1998,8,1998-05-17,M.C.G.,Melbourne,Collingwood,Collingwood,Anthony Rocca,6,4,5,3,2,2,0
1998,8,1998-05-17,M.C.G.,Melbourne,Collingwood,Collingwood,Saverio Rocca,10,6,4,4,3,0,0
1998,8,1998-05-17,M.C.G.,Melbourne,Collingwood,Collingwood,Scott Russell,10,2,9,1,0,0,1
1998,8,1998-05-17,M.C.G.,Melbourne,Collingwood,Collingwood,Andrew Schauble,6,3,9,2,0,1,5
1998,8,1998-05-17,M.C.G.,Melbourne,Collingwood,Collingwood,Jamie Tape,2,2,4,0,0,0,0
1998,8,1998-05-17,M.C.G.,Melbourne,Collingwood,Collingwood,Shane Watson,8,1,5,0,0,0,2
1998,8,1998-05-17,M.C.G.,Melbourne,Collingwood,Collingwood,Paul Williams,13,2,9,0,1,0,5
1998,8,1998-05-17,M.C.G.,Melbourne,Collingwood,Collingwood,Graham Wright,9,1,5,0,0,0,2
1998,8,1998-05-17,Waverley Park,Hawthorn,Western Bulldogs,Hawthorn,John Barker,5,3,1,0,1,0,0
1998,8,1998-05-17,Waverley Park,Hawthorn,Western Bulldogs,Hawthorn,Nathan Chapman,4,3,1,0,0,0,3
1998,8,1998-05-17,Waverley Park,Hawthorn,Western Bulldogs,Hawthorn,Daniel Chick,7,2,6,1,1,0,6
1998,8,1998-05-17,Waverley Park,Hawthorn,Western Bulldogs,Hawthorn,Shane Crawford,17,4,7,1,1,1,1
1998,8,1998-05-17,Waverley Park,Hawthorn,Western Bulldogs,Hawthorn,Trent Croad,2,1,0,0,0,0,1
1998,8,1998-05-17,Waverley Park,Hawthorn,Western Bulldogs,Hawthorn,Ben Dixon,9,4,7,2,1,0,1
1998,8,1998-05-17,Waverley Park,Hawthorn,Western Bulldogs,Hawthorn,Jason Dunstall,8,7,1,8,0,0,0
1998,8,1998-05-17,Waverley Park,Hawthorn,Western Bulldogs,Hawthorn,Kane Fraser,10,3,1,0,0,0,2
1998,8,1998-05-17,Waverley Park,Hawthorn,Western Bulldogs,Hawthorn,Daniel Harford,13,5,7,1,0,0,1
1998,8,1998-05-17,Waverley Park,Hawthorn,Western Bulldogs,Hawthorn,Jon Hassall,5,1,6,0,0,0,1
1998,8,1998-05-17,Waverley Park,Hawthorn,Western Bulldogs,Hawthorn,Nick Holland,8,8,7,0,1,4,1
1998,8,1998-05-17,Waverley Park,Hawthorn,Western Bulldogs,Hawthorn,Darren Kappler,11,3,5,1,2,0,2
1998,8,1998-05-17,Waverley Park,Hawthorn,Western Bulldogs,Hawthorn,Haydon Kilmartin,2,0,1,0,0,0,0
1998,8,1998-05-17,Waverley Park,Hawthorn,Western Bulldogs,Hawthorn,Angelo Lekkas,13,2,3,0,0,0,3
1998,8,1998-05-17,Waverley Park,Hawthorn,Western Bulldogs,Hawthorn,Aaron Lord,11,1,3,0,1,0,0
1998,8,1998-05-17,Waverley Park,Hawthorn,Western Bulldogs,Hawthorn,Luke McCabe,7,4,3,0,0,0,2
1998,8,1998-05-17,Waverley Park,Hawthorn,Western Bulldogs,Hawthorn,Jade Rawlings,10,6,2,0,0,2,2
1998,8,1998-05-17,Waverley Park,Hawthorn,Western Bulldogs,Hawthorn,Jonathon Robran,10,4,4,0,0,0,0
1998,8,1998-05-17,Waverley Park,Hawthorn,Western Bulldogs,Hawthorn,Paul Salmon,10,7,5,0,0,27,3
1998,8,1998-05-17,Waverley Park,Hawthorn,Western Bulldogs,Hawthorn,Rayden Tallis,13,0,5,0,1,0,4
1998,8,1998-05-17,Waverley Park,Hawthorn,Western Bulldogs,Hawthorn,Richard Taylor,11,3,5,0,0,0,4
1998,8,1998-05-17,Waverley Park,Hawthorn,Western Bulldogs,Hawthorn,Tony Woods,16,3,8,0,0,0,5
1998,8,1998-05-17,Waverley Park,Hawthorn,Western Bulldogs,Western Bulldogs,Nathan Brown,7,2,4,4,1,0,5
1998,8,1998-05-17,Waverley Park,Hawthorn,Western Bulldogs,Western Bulldogs,Leon Cameron,15,8,5,2,0,0,2
1998,8,1998-05-17,Waverley Park,Hawthorn,Western Bulldogs,Western Bulldogs,Simon Cox,5,3,3,1,0,0,0
1998,8,1998-05-17,Waverley Park,Hawthorn,Western Bulldogs,Western Bulldogs,Matthew Croft,2,1,1,0,0,0,0
1998,8,1998-05-17,Waverley Park,Hawthorn,Western Bulldogs,Western Bulldogs,Todd Curley,8,6,3,0,0,0,3
1998,8,1998-05-17,Waverley Park,Hawthorn,Western Bulldogs,Western Bulldogs,Luke Darcy,4,2,4,0,1,3,0
1998,8,1998-05-17,Waverley Park,Hawthorn,Western Bulldogs,Western Bulldogs,Matthew Dent,12,3,6,0,0,0,1
1998,8,1998-05-17,Waverley Park,Hawthorn,Western Bulldogs,Western Bulldogs,Simon Garlick,21,7,8,1,0,0,1
1998,8,1998-05-17,Waverley Park,Hawthorn,Western Bulldogs,Western Bulldogs,Chris Grant,13,14,5,3,1,0,0
1998,8,1998-05-17,Waverley Park,Hawthorn,Western Bulldogs,Western Bulldogs,Paul Hudson,12,4,7,3,2,0,3
1998,8,1998-05-17,Waverley Park,Hawthorn,Western Bulldogs,Western Bulldogs,Brad Johnson,9,2,9,0,0,0,3
1998,8,1998-05-17,Waverley Park,Hawthorn,Western Bulldogs,Western Bulldogs,Steven Kolyniuk,11,4,2,1,1,0,0
1998,8,1998-05-17,Waverley Park,Hawthorn,Western Bulldogs,Western Bulldogs,Steven Kretiuk,11,10,7,0,0,0,1
1998,8,1998-05-17,Waverley Park,Hawthorn,Western Bulldogs,Western Bulldogs,Michael Martin,10,3,2,2,0,0,1
1998,8,1998-05-17,Waverley Park,Hawthorn,Western Bulldogs,Western Bulldogs,Simon Minton-Connell,3,1,1,0,0,0,0
1998,8,1998-05-17,Waverley Park,Hawthorn,Western Bulldogs,Western Bulldogs,Brett Montgomery,8,7,7,1,0,1,1
1998,8,1998-05-17,Waverley Park,Hawthorn,Western Bulldogs,Western Bulldogs,Jose Romero,17,3,6,0,1,0,4
1998,8,1998-05-17,Waverley Park,Hawthorn,Western Bulldogs,Western Bulldogs,Rohan Smith,18,6,11,2,1,0,1
1998,8,1998-05-17,Waverley Park,Hawthorn,Western Bulldogs,Western Bulldogs,Daniel Southern,7,6,4,0,0,1,2
1998,8,1998-05-17,Waverley Park,Hawthorn,Western Bulldogs,Western Bulldogs,Scott West,9,3,12,0,0,0,4
1998,8,1998-05-17,Waverley Park,Hawthorn,Western Bulldogs,Western Bulldogs,Brad Wira,7,3,8,1,0,0,2
1998,8,1998-05-17,Waverley Park,Hawthorn,Western Bulldogs,Western Bulldogs,Scott Wynd,8,12,20,0,0,21,0
1998,8,1998-05-17,Subiaco,West Coast,Carlton,West Coast,Jason Ball,7,4,10,0,2,10,0
1998,8,1998-05-17,Subiaco,West Coast,Carlton,West Coast,Drew Banfield,13,3,12,0,0,0,3
1998,8,1998-05-17,Subiaco,West Coast,Carlton,West Coast,Ben Cousins,14,2,7,3,2,0,2
1998,8,1998-05-17,Subiaco,West Coast,Carlton,West Coast,Jaxon Crabb,1,1,1,0,0,0,0
1998,8,1998-05-17,Subiaco,West Coast,Carlton,West Coast,Andrew Donnelly,11,9,5,2,2,1,1
1998,8,1998-05-17,Subiaco,West Coast,Carlton,West Coast,Brendon Fewster,5,4,4,0,2,3,1
1998,8,1998-05-17,Subiaco,West Coast,Carlton,West Coast,Michael Gardiner,6,5,3,0,2,16,1
1998,8,1998-05-17,Subiaco,West Coast,Carlton,West Coast,Fraser Gehrig,9,6,3,1,1,0,2
1998,8,1998-05-17,Subiaco,West Coast,Carlton,West Coast,Glen Jakovich,11,7,12,0,0,2,1
1998,8,1998-05-17,Subiaco,West Coast,Carlton,West Coast,Dean Kemp,19,2,9,1,2,0,3
1998,8,1998-05-17,Subiaco,West Coast,Carlton,West Coast,Peter Matera,13,1,3,2,0,0,1
1998,8,1998-05-17,Subiaco,West Coast,Carlton,West Coast,Ashley McIntosh,6,2,4,0,1,0,2
1998,8,1998-05-17,Subiaco,West Coast,Carlton,West Coast,Guy McKenna,4,2,2,0,0,0,7
1998,8,1998-05-17,Subiaco,West Coast,Carlton,West Coast,Daniel Metropolis,7,1,1,0,0,0,1
1998,8,1998-05-17,Subiaco,West Coast,Carlton,West Coast,Chad Morrison,10,3,6,0,0,0,0
1998,8,1998-05-17,Subiaco,West Coast,Carlton,West Coast,Phillip Read,13,3,5,0,1,0,2
1998,8,1998-05-17,Subiaco,West Coast,Carlton,West Coast,Jarrad Schofield,11,3,3,1,1,0,1
1998,8,1998-05-17,Subiaco,West Coast,Carlton,West Coast,Paul Symmons,16,4,3,1,2,0,0
1998,8,1998-05-17,Subiaco,West Coast,Carlton,West Coast,Chris Waterman,9,4,14,0,0,0,0
1998,8,1998-05-17,Subiaco,West Coast,Carlton,West Coast,David Wirrpanda,4,0,1,1,0,0,0
1998,8,1998-05-17,Subiaco,West Coast,Carlton,West Coast,Josh Wooden,5,2,6,0,1,0,1
1998,8,1998-05-17,Subiaco,West Coast,Carlton,West Coast,John Worsfold,5,3,8,0,0,0,0
1998,8,1998-05-17,Subiaco,West Coast,Carlton,Carlton,Matthew Allan,8,6,3,0,0,11,1
1998,8,1998-05-17,Subiaco,West Coast,Carlton,Carlton,Craig Bradley,1,0,0,0,0,0,0
1998,8,1998-05-17,Subiaco,West Coast,Carlton,Carlton,Scott Camporeale,12,3,5,0,2,0,1
1998,8,1998-05-17,Subiaco,West Coast,Carlton,Carlton,Matt Clape,9,9,3,1,0,0,0
1998,8,1998-05-17,Subiaco,West Coast,Carlton,Carlton,Ron De Iulio,9,1,3,0,0,0,0
1998,8,1998-05-17,Subiaco,West Coast,Carlton,Carlton,Anthony Franchina,4,2,6,1,0,0,2
1998,8,1998-05-17,Subiaco,West Coast,Carlton,Carlton,Aaron Hamill,11,6,10,3,0,0,5
1998,8,1998-05-17,Subiaco,West Coast,Carlton,Carlton,Darren Hulme,17,4,8,0,1,0,0
1998,8,1998-05-17,Subiaco,West Coast,Carlton,Carlton,Anthony Koutoufides,14,3,2,0,0,4,1
1998,8,1998-05-17,Subiaco,West Coast,Carlton,Carlton,Damian Lang,6,2,1,0,0,0,0
1998,8,1998-05-17,Subiaco,West Coast,Carlton,Carlton,Damien Lock,15,4,3,0,0,0,0
1998,8,1998-05-17,Subiaco,West Coast,Carlton,Carlton,Glenn Manton,6,7,8,1,0,0,0
1998,8,1998-05-17,Subiaco,West Coast,Carlton,Carlton,Kris Massie,3,1,0,0,0,0,0
1998,8,1998-05-17,Subiaco,West Coast,Carlton,Carlton,Andrew McKay,8,1,11,0,0,0,1
1998,8,1998-05-17,Subiaco,West Coast,Carlton,Carlton,Justin Murphy,7,3,6,1,1,0,0
1998,8,1998-05-17,Subiaco,West Coast,Carlton,Carlton,Brad Pearce,13,6,1,5,2,1,0
1998,8,1998-05-17,Subiaco,West Coast,Carlton,Carlton,Mark Porter,2,0,4,0,0,16,0
1998,8,1998-05-17,Subiaco,West Coast,Carlton,Carlton,Brett Ratten,18,4,8,0,1,0,4
1998,8,1998-05-17,Subiaco,West Coast,Carlton,Carlton,Dean Rice,5,0,3,0,0,0,0
1998,8,1998-05-17,Subiaco,West Coast,Carlton,Carlton,Michael Sexton,16,6,7,0,0,0,1
1998,8,1998-05-17,Subiaco,West Coast,Carlton,Carlton,Stephen Silvagni,5,0,1,0,2,0,1
1998,8,1998-05-17,Subiaco,West Coast,Carlton,Carlton,Lance Whitnall,12,10,3,0,1,1,1
1998,9,1998-05-22,W.A.C.A.,Fremantle,St Kilda,Fremantle,Chris Bond,8,2,2,0,1,0,3
1998,9,1998-05-22,W.A.C.A.,Fremantle,St Kilda,Fremantle,Michael Brown,6,3,0,0,0,2,1
1998,9,1998-05-22,W.A.C.A.,Fremantle,St Kilda,Fremantle,Matthew Burton,14,9,7,2,2,32,0
1998,9,1998-05-22,W.A.C.A.,Fremantle,St Kilda,Fremantle,Craig Callaghan,18,3,2,2,3,0,4
1998,9,1998-05-22,W.A.C.A.,Fremantle,St Kilda,Fremantle,Trent Carroll,6,3,6,0,0,1,1
1998,9,1998-05-22,W.A.C.A.,Fremantle,St Kilda,Fremantle,Scott Chisholm,8,5,4,0,0,0,0
1998,9,1998-05-22,W.A.C.A.,Fremantle,St Kilda,Fremantle,James Clement,5,1,4,2,1,0,2
1998,9,1998-05-22,W.A.C.A.,Fremantle,St Kilda,Fremantle,Gary Dhurrkay,6,2,1,0,2,0,0
1998,9,1998-05-22,W.A.C.A.,Fremantle,St Kilda,Fremantle,Brad Dodd,10,2,11,0,0,0,3
1998,9,1998-05-22,W.A.C.A.,Fremantle,St Kilda,Fremantle,Adrian Fletcher,12,4,11,0,2,0,1
1998,9,1998-05-22,W.A.C.A.,Fremantle,St Kilda,Fremantle,Mark Gale,11,5,3,1,0,0,2
1998,9,1998-05-22,W.A.C.A.,Fremantle,St Kilda,Fremantle,Brodie Holland,17,5,4,3,3,0,2
1998,9,1998-05-22,W.A.C.A.,Fremantle,St Kilda,Fremantle,Anthony Jones,4,0,3,0,0,0,0
1998,9,1998-05-22,W.A.C.A.,Fremantle,St Kilda,Fremantle,Dale Kickett,9,0,9,1,2,0,0
1998,9,1998-05-22,W.A.C.A.,Fremantle,St Kilda,Fremantle,Peter Mann,0,0,0,0,0,1,1
1998,9,1998-05-22,W.A.C.A.,Fremantle,St Kilda,Fremantle,Andrew McGovern,11,2,2,0,0,0,3
1998,9,1998-05-22,W.A.C.A.,Fremantle,St Kilda,Fremantle,Jason Norrish,7,2,9,0,1,0,3
1998,9,1998-05-22,W.A.C.A.,Fremantle,St Kilda,Fremantle,Stephen OReilly,8,2,5,0,0,1,1
1998,9,1998-05-22,W.A.C.A.,Fremantle,St Kilda,Fremantle,Shane Parker,8,2,1,0,0,0,1
1998,9,1998-05-22,W.A.C.A.,Fremantle,St Kilda,Fremantle,Luke Toia,1,0,4,0,0,0,0
1998,9,1998-05-22,W.A.C.A.,Fremantle,St Kilda,Fremantle,Clive Waterhouse,6,3,2,2,1,0,1
1998,9,1998-05-22,W.A.C.A.,Fremantle,St Kilda,Fremantle,Andrew Wills,14,6,7,1,0,0,1
1998,9,1998-05-22,W.A.C.A.,Fremantle,St Kilda,St Kilda,Luke Beveridge,6,2,5,1,0,0,1
1998,9,1998-05-22,W.A.C.A.,Fremantle,St Kilda,St Kilda,Nathan Burke,12,1,8,0,0,0,5
1998,9,1998-05-22,W.A.C.A.,Fremantle,St Kilda,St Kilda,Tim Elliott,2,3,4,0,2,1,1
1998,9,1998-05-22,W.A.C.A.,Fremantle,St Kilda,St Kilda,Peter Everitt,8,2,7,2,0,22,2
1998,9,1998-05-22,W.A.C.A.,Fremantle,St Kilda,St Kilda,Robert Harvey,20,8,19,0,1,0,4
1998,9,1998-05-22,W.A.C.A.,Fremantle,St Kilda,St Kilda,Daniel Healy,4,3,3,1,0,0,1
1998,9,1998-05-22,W.A.C.A.,Fremantle,St Kilda,St Kilda,Jason Heatley,5,1,1,0,1,0,2
1998,9,1998-05-22,W.A.C.A.,Fremantle,St Kilda,St Kilda,Max Hudghton,12,5,3,0,0,0,1
1998,9,1998-05-22,W.A.C.A.,Fremantle,St Kilda,St Kilda,Austinn Jones,15,6,4,1,0,0,0
1998,9,1998-05-22,W.A.C.A.,Fremantle,St Kilda,St Kilda,Matthew Lappin,7,2,6,0,0,0,1
1998,9,1998-05-22,W.A.C.A.,Fremantle,St Kilda,St Kilda,Stewart Loewe,8,6,3,1,1,4,0
1998,9,1998-05-22,W.A.C.A.,Fremantle,St Kilda,St Kilda,Joe McLaren,6,2,2,0,0,0,1
1998,9,1998-05-22,W.A.C.A.,Fremantle,St Kilda,St Kilda,Gavin Mitchell,5,3,12,0,1,0,3
1998,9,1998-05-22,W.A.C.A.,Fremantle,St Kilda,St Kilda,Justin Peckett,11,2,2,0,0,0,0
1998,9,1998-05-22,W.A.C.A.,Fremantle,St Kilda,St Kilda,David Sierakowski,6,2,2,0,0,0,0
1998,9,1998-05-22,W.A.C.A.,Fremantle,St Kilda,St Kilda,Steven Sziller,7,1,8,0,0,0,2
1998,9,1998-05-22,W.A.C.A.,Fremantle,St Kilda,St Kilda,Andrew Thompson,11,4,5,4,0,0,0
1998,9,1998-05-22,W.A.C.A.,Fremantle,St Kilda,St Kilda,Jason Traianidis,7,2,6,2,0,0,0
1998,9,1998-05-22,W.A.C.A.,Fremantle,St Kilda,St Kilda,Darryl Wakelin,5,0,2,0,0,0,1
1998,9,1998-05-22,W.A.C.A.,Fremantle,St Kilda,St Kilda,Shane Wakelin,5,3,3,0,0,0,2
1998,9,1998-05-22,W.A.C.A.,Fremantle,St Kilda,St Kilda,Nicky Winmar,13,6,11,1,0,0,4
1998,9,1998-05-22,W.A.C.A.,Fremantle,St Kilda,St Kilda,Matthew Young,9,3,5,0,0,0,3
1998,9,1998-05-23,Princes Park,Carlton,North Melbourne,Carlton,Matthew Allan,5,1,1,1,0,18,0
1998,9,1998-05-23,Princes Park,Carlton,North Melbourne,Carlton,Simon Beaumont,15,8,5,0,1,0,2
1998,9,1998-05-23,Princes Park,Carlton,North Melbourne,Carlton,Fraser Brown,9,3,15,2,1,2,0
1998,9,1998-05-23,Princes Park,Carlton,North Melbourne,Carlton,Scott Camporeale,7,2,4,0,0,0,2
1998,9,1998-05-23,Princes Park,Carlton,North Melbourne,Carlton,Matt Clape,8,3,1,0,1,0,0
1998,9,1998-05-23,Princes Park,Carlton,North Melbourne,Carlton,Ron De Iulio,6,1,2,0,0,0,2
1998,9,1998-05-23,Princes Park,Carlton,North Melbourne,Carlton,Anthony Franchina,2,1,6,0,0,0,2
1998,9,1998-05-23,Princes Park,Carlton,North Melbourne,Carlton,Aaron Hamill,8,4,6,1,1,1,1
1998,9,1998-05-23,Princes Park,Carlton,North Melbourne,Carlton,Darren Hulme,11,0,11,0,0,0,1
1998,9,1998-05-23,Princes Park,Carlton,North Melbourne,Carlton,Anthony Koutoufides,9,3,8,1,0,1,0
1998,9,1998-05-23,Princes Park,Carlton,North Melbourne,Carlton,Damian Lang,6,5,2,1,2,0,1
1998,9,1998-05-23,Princes Park,Carlton,North Melbourne,Carlton,Damien Lock,13,8,11,0,0,0,0
1998,9,1998-05-23,Princes Park,Carlton,North Melbourne,Carlton,Glenn Manton,6,7,5,0,0,0,1
1998,9,1998-05-23,Princes Park,Carlton,North Melbourne,Carlton,Andrew McKay,12,3,6,0,0,0,0
1998,9,1998-05-23,Princes Park,Carlton,North Melbourne,Carlton,Justin Murphy,9,6,5,2,2,0,0
1998,9,1998-05-23,Princes Park,Carlton,North Melbourne,Carlton,Brad Pearce,4,1,0,0,2,0,0
1998,9,1998-05-23,Princes Park,Carlton,North Melbourne,Carlton,Mark Porter,3,2,2,0,0,24,0
1998,9,1998-05-23,Princes Park,Carlton,North Melbourne,Carlton,Brett Ratten,17,5,16,0,1,0,1
1998,9,1998-05-23,Princes Park,Carlton,North Melbourne,Carlton,Dean Rice,16,1,4,1,1,0,0
1998,9,1998-05-23,Princes Park,Carlton,North Melbourne,Carlton,Michael Sexton,13,5,3,0,0,1,1
1998,9,1998-05-23,Princes Park,Carlton,North Melbourne,Carlton,Stephen Silvagni,9,6,6,1,1,0,3
1998,9,1998-05-23,Princes Park,Carlton,North Melbourne,Carlton,Lance Whitnall,8,2,3,0,1,1,1
1998,9,1998-05-23,Princes Park,Carlton,North Melbourne,North Melbourne,Winston Abraham,7,0,3,3,0,0,3
1998,9,1998-05-23,Princes Park,Carlton,North Melbourne,North Melbourne,Brady Anderson,0,0,2,0,0,0,0
1998,9,1998-05-23,Princes Park,Carlton,North Melbourne,North Melbourne,Glenn Archer,5,3,3,0,0,0,2
1998,9,1998-05-23,Princes Park,Carlton,North Melbourne,North Melbourne,Peter Bell,15,5,7,3,2,0,2
1998,9,1998-05-23,Princes Park,Carlton,North Melbourne,North Melbourne,John Blakey,9,4,3,0,0,0,3
1998,9,1998-05-23,Princes Park,Carlton,North Melbourne,North Melbourne,Wayne Carey,11,4,5,0,0,2,2
1998,9,1998-05-23,Princes Park,Carlton,North Melbourne,North Melbourne,Brett Chandler,6,1,4,1,0,0,2
1998,9,1998-05-23,Princes Park,Carlton,North Melbourne,North Melbourne,Shannon Grant,5,0,7,0,0,0,0
1998,9,1998-05-23,Princes Park,Carlton,North Melbourne,North Melbourne,Brent Harvey,9,1,4,2,0,0,0
1998,9,1998-05-23,Princes Park,Carlton,North Melbourne,North Melbourne,Evan Hewitt,4,1,2,1,0,4,1
1998,9,1998-05-23,Princes Park,Carlton,North Melbourne,North Melbourne,David King,16,4,4,0,0,0,0
1998,9,1998-05-23,Princes Park,Carlton,North Melbourne,North Melbourne,John Longmire,9,6,6,4,1,4,0
1998,9,1998-05-23,Princes Park,Carlton,North Melbourne,North Melbourne,Jason McCartney,6,1,2,0,2,5,1
1998,9,1998-05-23,Princes Park,Carlton,North Melbourne,North Melbourne,Corey McKernan,7,6,5,0,1,11,0
1998,9,1998-05-23,Princes Park,Carlton,North Melbourne,North Melbourne,Byron Pickett,8,3,3,0,0,0,4
1998,9,1998-05-23,Princes Park,Carlton,North Melbourne,North Melbourne,Martin Pike,3,1,0,0,0,0,0
1998,9,1998-05-23,Princes Park,Carlton,North Melbourne,North Melbourne,Anthony Rock,21,7,1,0,2,0,1
1998,9,1998-05-23,Princes Park,Carlton,North Melbourne,North Melbourne,Robert Scott,2,1,0,0,0,0,0
1998,9,1998-05-23,Princes Park,Carlton,North Melbourne,North Melbourne,Craig Sholl,9,2,5,0,1,0,3
1998,9,1998-05-23,Princes Park,Carlton,North Melbourne,North Melbourne,Adam Simpson,7,3,5,1,0,1,0
1998,9,1998-05-23,Princes Park,Carlton,North Melbourne,North Melbourne,Anthony Stevens,9,1,4,1,0,0,4
1998,9,1998-05-23,Princes Park,Carlton,North Melbourne,North Melbourne,Scott Welsh,6,5,2,1,1,0,0
1998,9,1998-05-23,Waverley Park,Western Bulldogs,Richmond,Western Bulldogs,Nathan Brown,11,4,7,0,0,0,1
1998,9,1998-05-23,Waverley Park,Western Bulldogs,Richmond,Western Bulldogs,Leon Cameron,16,5,8,0,0,0,0
1998,9,1998-05-23,Waverley Park,Western Bulldogs,Richmond,Western Bulldogs,Simon Cox,8,2,3,0,0,1,1
1998,9,1998-05-23,Waverley Park,Western Bulldogs,Richmond,Western Bulldogs,Matthew Croft,3,6,10,0,0,0,1
1998,9,1998-05-23,Waverley Park,Western Bulldogs,Richmond,Western Bulldogs,Todd Curley,11,4,8,1,0,0,5
1998,9,1998-05-23,Waverley Park,Western Bulldogs,Richmond,Western Bulldogs,Luke Darcy,12,12,5,0,1,2,1
1998,9,1998-05-23,Waverley Park,Western Bulldogs,Richmond,Western Bulldogs,Matthew Dent,17,5,10,1,0,0,1
1998,9,1998-05-23,Waverley Park,Western Bulldogs,Richmond,Western Bulldogs,Simon Garlick,9,4,5,0,0,0,1
1998,9,1998-05-23,Waverley Park,Western Bulldogs,Richmond,Western Bulldogs,Chris Grant,7,6,4,0,2,1,2
1998,9,1998-05-23,Waverley Park,Western Bulldogs,Richmond,Western Bulldogs,Paul Hudson,12,4,3,2,0,0,0
1998,9,1998-05-23,Waverley Park,Western Bulldogs,Richmond,Western Bulldogs,Brad Johnson,17,4,7,2,2,0,0
1998,9,1998-05-23,Waverley Park,Western Bulldogs,Richmond,Western Bulldogs,Steven Kolyniuk,7,2,4,1,0,0,1
1998,9,1998-05-23,Waverley Park,Western Bulldogs,Richmond,Western Bulldogs,Steven Kretiuk,2,4,4,0,0,0,0
1998,9,1998-05-23,Waverley Park,Western Bulldogs,Richmond,Western Bulldogs,Michael Martin,4,2,1,0,0,0,0
1998,9,1998-05-23,Waverley Park,Western Bulldogs,Richmond,Western Bulldogs,Simon Minton-Connell,0,0,0,0,0,0,0
1998,9,1998-05-23,Waverley Park,Western Bulldogs,Richmond,Western Bulldogs,Brett Montgomery,7,7,6,1,0,1,3
1998,9,1998-05-23,Waverley Park,Western Bulldogs,Richmond,Western Bulldogs,Jose Romero,20,5,5,3,0,0,1
1998,9,1998-05-23,Waverley Park,Western Bulldogs,Richmond,Western Bulldogs,Rohan Smith,13,5,7,1,2,0,1
1998,9,1998-05-23,Waverley Park,Western Bulldogs,Richmond,Western Bulldogs,Daniel Southern,1,3,6,0,0,0,1
1998,9,1998-05-23,Waverley Park,Western Bulldogs,Richmond,Western Bulldogs,Scott West,6,1,15,0,0,0,5
1998,9,1998-05-23,Waverley Park,Western Bulldogs,Richmond,Western Bulldogs,Brad Wira,2,2,4,1,0,0,1
1998,9,1998-05-23,Waverley Park,Western Bulldogs,Richmond,Western Bulldogs,Scott Wynd,6,4,13,0,0,31,0
1998,9,1998-05-23,Waverley Park,Western Bulldogs,Richmond,Richmond,Ashley Blurton,0,0,2,0,0,0,0
1998,9,1998-05-23,Waverley Park,Western Bulldogs,Richmond,Richmond,Joel Bowden,6,3,3,0,0,0,0
1998,9,1998-05-23,Waverley Park,Western Bulldogs,Richmond,Richmond,Paul Broderick,2,1,7,0,0,0,0
1998,9,1998-05-23,Waverley Park,Western Bulldogs,Richmond,Richmond,Wayne Campbell,18,2,10,0,0,1,4
1998,9,1998-05-23,Waverley Park,Western Bulldogs,Richmond,Richmond,Mark Chaffey,7,2,6,0,1,0,0
1998,9,1998-05-23,Waverley Park,Western Bulldogs,Richmond,Richmond,Nick Daffy,14,1,4,1,0,0,2
1998,9,1998-05-23,Waverley Park,Western Bulldogs,Richmond,Richmond,Brett Evans,9,5,5,3,1,0,3
1998,9,1998-05-23,Waverley Park,Western Bulldogs,Richmond,Richmond,Brendon Gale,2,3,10,0,0,19,1
1998,9,1998-05-23,Waverley Park,Western Bulldogs,Richmond,Richmond,Michael Gale,5,2,8,0,0,0,2
1998,9,1998-05-23,Waverley Park,Western Bulldogs,Richmond,Richmond,Darren Gaspar,5,2,7,0,0,2,2
1998,9,1998-05-23,Waverley Park,Western Bulldogs,Richmond,Richmond,Ben Harrison,9,6,5,0,1,0,2
1998,9,1998-05-23,Waverley Park,Western Bulldogs,Richmond,Richmond,Ben Holland,0,0,0,0,0,1,1
1998,9,1998-05-23,Waverley Park,Western Bulldogs,Richmond,Richmond,Andrew Kellaway,5,1,2,0,0,0,2
1998,9,1998-05-23,Waverley Park,Western Bulldogs,Richmond,Richmond,Duncan Kellaway,11,4,9,0,0,0,6
1998,9,1998-05-23,Waverley Park,Western Bulldogs,Richmond,Richmond,Matthew Knights,14,2,8,1,0,0,3
1998,9,1998-05-23,Waverley Park,Western Bulldogs,Richmond,Richmond,Robert Powell,5,2,2,2,1,0,5
1998,9,1998-05-23,Waverley Park,Western Bulldogs,Richmond,Richmond,Ashley Prescott,5,4,5,0,0,0,0
1998,9,1998-05-23,Waverley Park,Western Bulldogs,Richmond,Richmond,Matthew Richardson,9,6,3,4,2,0,1
1998,9,1998-05-23,Waverley Park,Western Bulldogs,Richmond,Richmond,Matthew Rogers,17,5,4,0,0,0,1
1998,9,1998-05-23,Waverley Park,Western Bulldogs,Richmond,Richmond,Damien Ryan,6,4,5,0,0,0,2
1998,9,1998-05-23,Waverley Park,Western Bulldogs,Richmond,Richmond,Jason Torney,12,0,6,0,0,0,4
1998,9,1998-05-23,Waverley Park,Western Bulldogs,Richmond,Richmond,Scott Turner,9,5,7,0,0,2,1
1998,9,1998-05-23,Kardinia Park,Geelong,West Coast,Geelong,John Barnes,11,5,4,0,0,9,1
1998,9,1998-05-23,Kardinia Park,Geelong,West Coast,Geelong,Craig Biddiscombe,6,2,2,0,0,0,1
1998,9,1998-05-23,Kardinia Park,Geelong,West Coast,Geelong,Clint Bizzell,2,0,1,0,0,0,0
1998,9,1998-05-23,Kardinia Park,Geelong,West Coast,Geelong,Ronnie Burns,4,0,4,1,2,0,0
1998,9,1998-05-23,Kardinia Park,Geelong,West Coast,Geelong,Leigh Colbert,10,6,10,0,0,6,4
1998,9,1998-05-23,Kardinia Park,Geelong,West Coast,Geelong,Ben Graham,6,2,2,0,0,0,0
1998,9,1998-05-23,Kardinia Park,Geelong,West Coast,Geelong,Derek Hall,12,5,15,0,0,0,0
1998,9,1998-05-23,Kardinia Park,Geelong,West Coast,Geelong,Tim Hargreaves,4,0,1,1,0,0,1
1998,9,1998-05-23,Kardinia Park,Geelong,West Coast,Geelong,Daniel Lowther,11,1,5,1,0,0,3
1998,9,1998-05-23,Kardinia Park,Geelong,West Coast,Geelong,Paul Lynch,9,1,8,0,1,0,1
1998,9,1998-05-23,Kardinia Park,Geelong,West Coast,Geelong,Michael Mansfield,9,3,2,0,0,0,3
1998,9,1998-05-23,Kardinia Park,Geelong,West Coast,Geelong,Tim McGrath,4,1,4,0,0,2,1
1998,9,1998-05-23,Kardinia Park,Geelong,West Coast,Geelong,David Mensch,11,1,10,0,1,14,1
1998,9,1998-05-23,Kardinia Park,Geelong,West Coast,Geelong,James Rahilly,3,0,3,0,0,0,0
1998,9,1998-05-23,Kardinia Park,Geelong,West Coast,Geelong,Peter Riccardi,11,0,1,0,1,0,1
1998,9,1998-05-23,Kardinia Park,Geelong,West Coast,Geelong,Brenton Sanderson,7,1,2,0,0,1,1
1998,9,1998-05-23,Kardinia Park,Geelong,West Coast,Geelong,Brad Sholl,12,1,3,0,2,0,5
1998,9,1998-05-23,Kardinia Park,Geelong,West Coast,Geelong,Sean Simpson,0,0,4,0,0,0,2
1998,9,1998-05-23,Kardinia Park,Geelong,West Coast,Geelong,Brett Spinks,2,0,1,0,1,0,1
1998,9,1998-05-23,Kardinia Park,Geelong,West Coast,Geelong,Carl Steinfort,2,0,3,0,0,1,2
1998,9,1998-05-23,Kardinia Park,Geelong,West Coast,Geelong,Barry Stoneham,6,5,11,2,0,7,5
1998,9,1998-05-23,Kardinia Park,Geelong,West Coast,Geelong,Justin Wood,3,2,2,0,0,0,4
1998,9,1998-05-23,Kardinia Park,Geelong,West Coast,West Coast,Jason Ball,11,7,9,0,0,9,0
1998,9,1998-05-23,Kardinia Park,Geelong,West Coast,West Coast,Drew Banfield,9,1,3,0,0,2,7
1998,9,1998-05-23,Kardinia Park,Geelong,West Coast,West Coast,Ben Cousins,9,1,14,0,0,0,2
1998,9,1998-05-23,Kardinia Park,Geelong,West Coast,West Coast,Andrew Donnelly,7,2,4,1,1,2,2
1998,9,1998-05-23,Kardinia Park,Geelong,West Coast,West Coast,Tony Evans,10,3,9,0,0,0,2
1998,9,1998-05-23,Kardinia Park,Geelong,West Coast,West Coast,Brendon Fewster,2,1,1,2,0,0,0
1998,9,1998-05-23,Kardinia Park,Geelong,West Coast,West Coast,Michael Gardiner,2,2,1,0,0,3,0
1998,9,1998-05-23,Kardinia Park,Geelong,West Coast,West Coast,Fraser Gehrig,7,5,4,2,0,7,1
1998,9,1998-05-23,Kardinia Park,Geelong,West Coast,West Coast,Glen Jakovich,9,1,3,0,0,6,1
1998,9,1998-05-23,Kardinia Park,Geelong,West Coast,West Coast,Dean Kemp,9,2,5,0,1,0,3
1998,9,1998-05-23,Kardinia Park,Geelong,West Coast,West Coast,Chris Lewis,5,2,3,1,1,0,1
1998,9,1998-05-23,Kardinia Park,Geelong,West Coast,West Coast,Peter Matera,9,4,6,1,3,1,2
1998,9,1998-05-23,Kardinia Park,Geelong,West Coast,West Coast,Ashley McIntosh,9,3,6,0,0,0,3
1998,9,1998-05-23,Kardinia Park,Geelong,West Coast,West Coast,Guy McKenna,13,3,4,0,0,0,6
1998,9,1998-05-23,Kardinia Park,Geelong,West Coast,West Coast,Daniel Metropolis,14,7,2,0,1,1,4
1998,9,1998-05-23,Kardinia Park,Geelong,West Coast,West Coast,Chad Morrison,11,1,6,2,0,0,1
1998,9,1998-05-23,Kardinia Park,Geelong,West Coast,West Coast,Jarrad Schofield,1,1,0,0,0,1,1
1998,9,1998-05-23,Kardinia Park,Geelong,West Coast,West Coast,Nicholas Stone,6,4,10,0,0,10,5
1998,9,1998-05-23,Kardinia Park,Geelong,West Coast,West Coast,Paul Symmons,8,2,4,0,1,0,4
1998,9,1998-05-23,Kardinia Park,Geelong,West Coast,West Coast,Chris Waterman,5,1,1,0,0,1,1
1998,9,1998-05-23,Kardinia Park,Geelong,West Coast,West Coast,Josh Wooden,0,0,0,0,0,0,0
1998,9,1998-05-23,Kardinia Park,Geelong,West Coast,West Coast,John Worsfold,7,3,8,0,0,0,2
1998,9,1998-05-23,M.C.G.,Melbourne,Essendon,Melbourne,Matthew Febey,7,2,3,0,0,0,1
1998,9,1998-05-23,M.C.G.,Melbourne,Essendon,Melbourne,Steven Febey,11,5,6,0,1,0,1
1998,9,1998-05-23,M.C.G.,Melbourne,Essendon,Melbourne,Brent Grgic,6,2,2,1,1,2,1
1998,9,1998-05-23,M.C.G.,Melbourne,Essendon,Melbourne,Paul Hopgood,10,1,4,0,0,0,0
1998,9,1998-05-23,M.C.G.,Melbourne,Essendon,Melbourne,Anthony Ingerson,1,2,3,1,0,0,1
1998,9,1998-05-23,M.C.G.,Melbourne,Essendon,Melbourne,Travis Johnstone,14,3,3,0,1,0,1
1998,9,1998-05-23,M.C.G.,Melbourne,Essendon,Melbourne,Hayden Lamaro,1,0,0,0,0,0,2
1998,9,1998-05-23,M.C.G.,Melbourne,Essendon,Melbourne,Andrew Leoncelli,16,4,8,0,0,0,1
1998,9,1998-05-23,M.C.G.,Melbourne,Essendon,Melbourne,Troy Longmuir,2,0,1,0,0,0,3
1998,9,1998-05-23,M.C.G.,Melbourne,Essendon,Melbourne,Garry Lyon,7,5,7,2,0,0,1
1998,9,1998-05-23,M.C.G.,Melbourne,Essendon,Melbourne,Anthony McDonald,6,0,0,0,1,0,3
1998,9,1998-05-23,M.C.G.,Melbourne,Essendon,Melbourne,James McDonald,7,4,4,1,3,1,1
1998,9,1998-05-23,M.C.G.,Melbourne,Essendon,Melbourne,Guy Rigoni,6,1,5,1,0,0,1
1998,9,1998-05-23,M.C.G.,Melbourne,Essendon,Melbourne,David Schwarz,3,0,2,0,0,2,4
1998,9,1998-05-23,M.C.G.,Melbourne,Essendon,Melbourne,Marcus Seecamp,5,5,7,0,0,0,5
1998,9,1998-05-23,M.C.G.,Melbourne,Essendon,Melbourne,Shaun Smith,5,5,2,2,1,0,0
1998,9,1998-05-23,M.C.G.,Melbourne,Essendon,Melbourne,Craig Smoker,4,2,1,1,0,0,1
1998,9,1998-05-23,M.C.G.,Melbourne,Essendon,Melbourne,Jim Stynes,8,4,4,1,0,19,0
1998,9,1998-05-23,M.C.G.,Melbourne,Essendon,Melbourne,Todd Viney,14,2,2,1,0,0,0
1998,9,1998-05-23,M.C.G.,Melbourne,Essendon,Melbourne,Jeff White,7,5,4,1,2,16,1
1998,9,1998-05-23,M.C.G.,Melbourne,Essendon,Melbourne,Shane Woewodin,15,8,2,0,1,0,2
1998,9,1998-05-23,M.C.G.,Melbourne,Essendon,Melbourne,Adem Yze,21,4,2,0,0,0,0
1998,9,1998-05-23,M.C.G.,Melbourne,Essendon,Essendon,Steven Alessio,8,6,6,1,3,9,1
1998,9,1998-05-23,M.C.G.,Melbourne,Essendon,Essendon,Peter Berbakov,10,4,1,0,0,0,2
1998,9,1998-05-23,M.C.G.,Melbourne,Essendon,Essendon,Darren Bewick,8,2,5,3,1,0,2
1998,9,1998-05-23,M.C.G.,Melbourne,Essendon,Essendon,Justin Blumfield,8,7,7,0,0,0,5
1998,9,1998-05-23,M.C.G.,Melbourne,Essendon,Essendon,David Calthorpe,12,8,12,1,1,0,2
1998,9,1998-05-23,M.C.G.,Melbourne,Essendon,Essendon,Blake Caracella,4,1,4,0,2,0,0
1998,9,1998-05-23,M.C.G.,Melbourne,Essendon,Essendon,Simon Eastaugh,6,4,6,0,0,20,3
1998,9,1998-05-23,M.C.G.,Melbourne,Essendon,Essendon,Dustin Fletcher,7,3,1,0,0,0,1
1998,9,1998-05-23,M.C.G.,Melbourne,Essendon,Essendon,Mark Fraser,1,1,1,0,0,0,0
1998,9,1998-05-23,M.C.G.,Melbourne,Essendon,Essendon,Damien Hardwick,8,0,6,0,0,0,2
1998,9,1998-05-23,M.C.G.,Melbourne,Essendon,Essendon,James Hird,14,7,6,1,2,1,1
1998,9,1998-05-23,M.C.G.,Melbourne,Essendon,Essendon,Matthew Lloyd,6,4,5,3,2,0,2
1998,9,1998-05-23,M.C.G.,Melbourne,Essendon,Essendon,Scott Lucas,16,9,6,2,1,0,2
1998,9,1998-05-23,M.C.G.,Melbourne,Essendon,Essendon,Mark Mercuri,15,7,6,2,0,0,1
1998,9,1998-05-23,M.C.G.,Melbourne,Essendon,Essendon,Joe Misiti,16,4,15,1,1,0,1
1998,9,1998-05-23,M.C.G.,Melbourne,Essendon,Essendon,Gary Moorcroft,4,2,2,0,0,0,1
1998,9,1998-05-23,M.C.G.,Melbourne,Essendon,Essendon,Ryan OConnor,0,0,1,0,0,0,0
1998,9,1998-05-23,M.C.G.,Melbourne,Essendon,Essendon,Ricky Olarenshaw,12,6,12,0,0,0,2
1998,9,1998-05-23,M.C.G.,Melbourne,Essendon,Essendon,Michael Prior,23,11,6,2,0,0,0
1998,9,1998-05-23,M.C.G.,Melbourne,Essendon,Essendon,Dean Solomon,5,0,0,1,0,0,3
1998,9,1998-05-23,M.C.G.,Melbourne,Essendon,Essendon,Andrew Ukovic,6,3,4,0,0,0,0
1998,9,1998-05-23,M.C.G.,Melbourne,Essendon,Essendon,Sean Wellman,9,4,4,1,0,1,1
1998,9,1998-05-23,Gabba,Brisbane Lions,Adelaide,Brisbane Lions,Jason Akermanis,12,4,7,0,1,0,0
1998,9,1998-05-23,Gabba,Brisbane Lions,Adelaide,Brisbane Lions,Marcus Ashcroft,16,6,7,0,1,0,3
1998,9,1998-05-23,Gabba,Brisbane Lions,Adelaide,Brisbane Lions,Andrew Bews,10,1,3,0,0,0,0
1998,9,1998-05-23,Gabba,Brisbane Lions,Adelaide,Brisbane Lions,Simon Black,7,4,8,0,1,0,2
1998,9,1998-05-23,Gabba,Brisbane Lions,Adelaide,Brisbane Lions,Daniel Bradshaw,4,3,3,1,1,0,2
1998,9,1998-05-23,Gabba,Brisbane Lions,Adelaide,Brisbane Lions,Richard Champion,8,4,5,1,0,0,2
1998,9,1998-05-23,Gabba,Brisbane Lions,Adelaide,Brisbane Lions,Matthew Clarke,5,2,5,0,0,8,0
1998,9,1998-05-23,Gabba,Brisbane Lions,Adelaide,Brisbane Lions,Danny Dickfos,4,1,3,0,0,0,0
1998,9,1998-05-23,Gabba,Brisbane Lions,Adelaide,Brisbane Lions,Shaun Hart,10,2,7,1,2,0,0
1998,9,1998-05-23,Gabba,Brisbane Lions,Adelaide,Brisbane Lions,Rory Hilton,7,3,3,0,0,0,0
1998,9,1998-05-23,Gabba,Brisbane Lions,Adelaide,Brisbane Lions,Chris Johnson,9,3,1,0,3,0,1
1998,9,1998-05-23,Gabba,Brisbane Lions,Adelaide,Brisbane Lions,Matthew Kennedy,9,5,0,0,0,2,2
1998,9,1998-05-23,Gabba,Brisbane Lions,Adelaide,Brisbane Lions,Craig Lambert,5,4,5,0,0,0,0
1998,9,1998-05-23,Gabba,Brisbane Lions,Adelaide,Brisbane Lions,Nigel Lappin,21,9,14,0,1,0,0
1998,9,1998-05-23,Gabba,Brisbane Lions,Adelaide,Brisbane Lions,Alastair Lynch,7,6,1,1,2,0,0
1998,9,1998-05-23,Gabba,Brisbane Lions,Adelaide,Brisbane Lions,Craig McRae,6,2,1,1,0,0,0
1998,9,1998-05-23,Gabba,Brisbane Lions,Adelaide,Brisbane Lions,Jarrod Molloy,4,1,0,0,0,0,0
1998,9,1998-05-23,Gabba,Brisbane Lions,Adelaide,Brisbane Lions,Brad Scott,15,2,8,0,0,0,1
1998,9,1998-05-23,Gabba,Brisbane Lions,Adelaide,Brisbane Lions,Chris Scott,6,4,6,0,0,0,2
1998,9,1998-05-23,Gabba,Brisbane Lions,Adelaide,Brisbane Lions,Dion Scott,5,5,3,0,1,2,1
1998,9,1998-05-23,Gabba,Brisbane Lions,Adelaide,Brisbane Lions,Michael Voss,15,5,16,1,0,0,2
1998,9,1998-05-23,Gabba,Brisbane Lions,Adelaide,Brisbane Lions,Darryl White,15,7,4,0,0,0,0
1998,9,1998-05-23,Gabba,Brisbane Lions,Adelaide,Adelaide,Nathan Bassett,9,3,1,0,0,0,2
1998,9,1998-05-23,Gabba,Brisbane Lions,Adelaide,Adelaide,Mark Bickley,12,2,4,0,1,0,2
1998,9,1998-05-23,Gabba,Brisbane Lions,Adelaide,Adelaide,Troy Bond,10,4,5,0,0,0,4
1998,9,1998-05-23,Gabba,Brisbane Lions,Adelaide,Adelaide,Peter Caven,11,7,2,0,1,0,2
1998,9,1998-05-23,Gabba,Brisbane Lions,Adelaide,Adelaide,Matthew Connell,7,3,3,0,0,0,0
1998,9,1998-05-23,Gabba,Brisbane Lions,Adelaide,Adelaide,Sudjai Cook,3,1,6,0,0,0,1
1998,9,1998-05-23,Gabba,Brisbane Lions,Adelaide,Adelaide,Ian Downsborough,6,3,5,1,1,2,0
1998,9,1998-05-23,Gabba,Brisbane Lions,Adelaide,Adelaide,Andrew Eccles,3,0,4,0,0,0,0
1998,9,1998-05-23,Gabba,Brisbane Lions,Adelaide,Adelaide,Simon Goodwin,8,4,1,1,0,0,1
1998,9,1998-05-23,Gabba,Brisbane Lions,Adelaide,Adelaide,Ben Hart,11,3,1,1,0,1,1
1998,9,1998-05-23,Gabba,Brisbane Lions,Adelaide,Adelaide,Brett James,8,3,4,0,0,0,2
1998,9,1998-05-23,Gabba,Brisbane Lions,Adelaide,Adelaide,Rod Jameson,4,3,2,2,1,0,0
1998,9,1998-05-23,Gabba,Brisbane Lions,Adelaide,Adelaide,Darren Jarman,13,5,6,4,1,1,1
1998,9,1998-05-23,Gabba,Brisbane Lions,Adelaide,Adelaide,Kym Koster,11,3,6,0,0,0,0
1998,9,1998-05-23,Gabba,Brisbane Lions,Adelaide,Adelaide,David Pittman,6,2,1,1,0,3,0
1998,9,1998-05-23,Gabba,Brisbane Lions,Adelaide,Adelaide,Shaun Rehn,13,6,6,0,1,21,0
1998,9,1998-05-23,Gabba,Brisbane Lions,Adelaide,Adelaide,Mark Ricciuto,17,9,8,2,2,0,1
1998,9,1998-05-23,Gabba,Brisbane Lions,Adelaide,Adelaide,Matthew Robran,2,1,4,1,0,0,1
1998,9,1998-05-23,Gabba,Brisbane Lions,Adelaide,Adelaide,Clay Sampson,6,0,2,1,1,0,1
1998,9,1998-05-23,Gabba,Brisbane Lions,Adelaide,Adelaide,Nigel Smart,17,1,3,0,0,1,2
1998,9,1998-05-23,Gabba,Brisbane Lions,Adelaide,Adelaide,Simon Tregenza,11,1,10,0,0,0,0
1998,9,1998-05-23,Gabba,Brisbane Lions,Adelaide,Adelaide,Peter Vardy,6,2,2,0,1,0,1
1998,9,1998-05-24,S.C.G.,Sydney,Hawthorn,Sydney,Leo Barry,5,3,2,2,0,0,2
1998,9,1998-05-24,S.C.G.,Sydney,Hawthorn,Sydney,Mark Bayes,4,1,4,0,0,1,0
1998,9,1998-05-24,S.C.G.,Sydney,Hawthorn,Sydney,Stefan Carey,8,4,1,0,0,10,0
1998,9,1998-05-24,S.C.G.,Sydney,Hawthorn,Sydney,Daryn Cresswell,20,5,13,0,1,0,1
1998,9,1998-05-24,S.C.G.,Sydney,Hawthorn,Sydney,Jared Crouch,5,2,7,0,0,0,4
1998,9,1998-05-24,S.C.G.,Sydney,Hawthorn,Sydney,Brent Green,6,3,8,0,1,5,0
1998,9,1998-05-24,S.C.G.,Sydney,Hawthorn,Sydney,Paul Kelly,12,4,8,0,0,0,1
1998,9,1998-05-24,S.C.G.,Sydney,Hawthorn,Sydney,Dale Lewis,6,2,3,0,0,0,1
1998,9,1998-05-24,S.C.G.,Sydney,Hawthorn,Sydney,Paul Licuria,2,0,3,1,1,0,0
1998,9,1998-05-24,S.C.G.,Sydney,Hawthorn,Sydney,Tony Lockett,17,12,4,11,6,0,0
1998,9,1998-05-24,S.C.G.,Sydney,Hawthorn,Sydney,Troy Luff,8,7,3,0,0,0,0
1998,9,1998-05-24,S.C.G.,Sydney,Hawthorn,Sydney,Stuart Maxfield,12,3,4,0,0,0,2
1998,9,1998-05-24,S.C.G.,Sydney,Hawthorn,Sydney,Daniel McPherson,16,8,7,0,0,0,1
1998,9,1998-05-24,S.C.G.,Sydney,Hawthorn,Sydney,Jason Mooney,11,7,3,2,0,3,0
1998,9,1998-05-24,S.C.G.,Sydney,Hawthorn,Sydney,Matthew Nicks,12,7,5,0,0,0,2
1998,9,1998-05-24,S.C.G.,Sydney,Hawthorn,Sydney,Michael OLoughlin,16,6,5,0,1,0,2
1998,9,1998-05-24,S.C.G.,Sydney,Hawthorn,Sydney,Paul Roos,12,9,5,0,0,1,1
1998,9,1998-05-24,S.C.G.,Sydney,Hawthorn,Sydney,Jason Saddington,10,5,4,0,1,0,2
1998,9,1998-05-24,S.C.G.,Sydney,Hawthorn,Sydney,Wayne Schwass,22,2,8,1,0,0,2
1998,9,1998-05-24,S.C.G.,Sydney,Hawthorn,Sydney,Brad Seymour,7,5,3,0,0,0,0
1998,9,1998-05-24,S.C.G.,Sydney,Hawthorn,Sydney,John Stevens,12,5,2,0,0,0,1
1998,9,1998-05-24,S.C.G.,Sydney,Hawthorn,Sydney,Rowan Warfe,0,0,0,0,0,0,0
1998,9,1998-05-24,S.C.G.,Sydney,Hawthorn,Hawthorn,John Barker,8,4,1,1,0,3,0
1998,9,1998-05-24,S.C.G.,Sydney,Hawthorn,Hawthorn,Nathan Chapman,2,2,3,0,0,0,1
1998,9,1998-05-24,S.C.G.,Sydney,Hawthorn,Hawthorn,Daniel Chick,7,0,2,0,0,0,2
1998,9,1998-05-24,S.C.G.,Sydney,Hawthorn,Hawthorn,Justin Crawford,5,3,3,0,1,0,1
1998,9,1998-05-24,S.C.G.,Sydney,Hawthorn,Hawthorn,Shane Crawford,17,4,7,1,0,0,1
1998,9,1998-05-24,S.C.G.,Sydney,Hawthorn,Hawthorn,Trent Croad,3,2,0,0,1,0,0
1998,9,1998-05-24,S.C.G.,Sydney,Hawthorn,Hawthorn,Ben Dixon,11,4,1,3,0,0,0
1998,9,1998-05-24,S.C.G.,Sydney,Hawthorn,Hawthorn,Jason Dunstall,6,6,2,4,2,0,0
1998,9,1998-05-24,S.C.G.,Sydney,Hawthorn,Hawthorn,Kane Fraser,0,0,1,0,0,0,1
1998,9,1998-05-24,S.C.G.,Sydney,Hawthorn,Hawthorn,Daniel Harford,13,4,4,0,2,0,0
1998,9,1998-05-24,S.C.G.,Sydney,Hawthorn,Hawthorn,Jon Hassall,9,3,6,0,0,0,0
1998,9,1998-05-24,S.C.G.,Sydney,Hawthorn,Hawthorn,Nick Holland,10,10,8,0,0,3,0
1998,9,1998-05-24,S.C.G.,Sydney,Hawthorn,Hawthorn,Darren Kappler,12,4,3,0,1,0,0
1998,9,1998-05-24,S.C.G.,Sydney,Hawthorn,Hawthorn,Brendan Krummel,1,2,2,0,0,0,1
1998,9,1998-05-24,S.C.G.,Sydney,Hawthorn,Hawthorn,Angelo Lekkas,13,2,3,0,0,0,1
1998,9,1998-05-24,S.C.G.,Sydney,Hawthorn,Hawthorn,Aaron Lord,5,3,9,0,0,0,0
1998,9,1998-05-24,S.C.G.,Sydney,Hawthorn,Hawthorn,Luke McCabe,8,3,9,0,0,0,1
1998,9,1998-05-24,S.C.G.,Sydney,Hawthorn,Hawthorn,Jade Rawlings,6,3,6,0,0,0,0
1998,9,1998-05-24,S.C.G.,Sydney,Hawthorn,Hawthorn,Jonathon Robran,6,2,2,0,0,0,0
1998,9,1998-05-24,S.C.G.,Sydney,Hawthorn,Hawthorn,Paul Salmon,6,1,4,2,1,23,1
1998,9,1998-05-24,S.C.G.,Sydney,Hawthorn,Hawthorn,Richard Taylor,12,4,5,0,0,0,0
1998,9,1998-05-24,S.C.G.,Sydney,Hawthorn,Hawthorn,Tony Woods,9,4,5,0,0,0,0
1998,9,1998-05-24,Football Park,Port Adelaide,Collingwood,Port Adelaide,Shayne Breuer,14,9,9,0,1,2,4
1998,9,1998-05-24,Football Park,Port Adelaide,Collingwood,Port Adelaide,Brett Chalmers,2,1,0,0,0,0,0
1998,9,1998-05-24,Football Park,Port Adelaide,Collingwood,Port Adelaide,Scott Cummings,10,7,5,5,1,0,1
1998,9,1998-05-24,Football Park,Port Adelaide,Collingwood,Port Adelaide,Stephen Daniels,2,1,6,0,0,0,0
1998,9,1998-05-24,Football Park,Port Adelaide,Collingwood,Port Adelaide,Stuart Dew,17,7,4,0,1,0,3
1998,9,1998-05-24,Football Park,Port Adelaide,Collingwood,Port Adelaide,Donald Dickie,10,4,11,0,2,1,2
1998,9,1998-05-24,Football Park,Port Adelaide,Collingwood,Port Adelaide,Nathan Eagleton,16,9,6,2,1,0,1
1998,9,1998-05-24,Football Park,Port Adelaide,Collingwood,Port Adelaide,Paul Evans,2,0,0,0,2,0,1
1998,9,1998-05-24,Football Park,Port Adelaide,Collingwood,Port Adelaide,Josh Francou,14,6,10,0,1,0,4
1998,9,1998-05-24,Football Park,Port Adelaide,Collingwood,Port Adelaide,Brent Heaver,0,0,2,0,0,0,1
1998,9,1998-05-24,Football Park,Port Adelaide,Collingwood,Port Adelaide,Adam Heuskes,4,3,4,0,0,1,0
1998,9,1998-05-24,Football Park,Port Adelaide,Collingwood,Port Adelaide,Adam Kingsley,13,3,4,0,0,0,1
1998,9,1998-05-24,Football Park,Port Adelaide,Collingwood,Port Adelaide,Brendon Lade,12,12,9,0,0,19,4
1998,9,1998-05-24,Football Park,Port Adelaide,Collingwood,Port Adelaide,Bowen Lockwood,10,3,2,1,0,8,1
1998,9,1998-05-24,Football Park,Port Adelaide,Collingwood,Port Adelaide,Brayden Lyle,11,6,7,0,0,0,2
1998,9,1998-05-24,Football Park,Port Adelaide,Collingwood,Port Adelaide,Darren Mead,11,6,8,0,0,1,2
1998,9,1998-05-24,Football Park,Port Adelaide,Collingwood,Port Adelaide,Danny Morton,15,5,4,1,0,0,6
1998,9,1998-05-24,Football Park,Port Adelaide,Collingwood,Port Adelaide,Chris Naish,7,2,6,0,1,0,0
1998,9,1998-05-24,Football Park,Port Adelaide,Collingwood,Port Adelaide,Darryl Poole,2,1,3,0,1,5,2
1998,9,1998-05-24,Football Park,Port Adelaide,Collingwood,Port Adelaide,Nick Stevens,17,7,9,1,0,0,2
1998,9,1998-05-24,Football Park,Port Adelaide,Collingwood,Port Adelaide,Gavin Wanganeen,11,6,4,1,2,0,4
1998,9,1998-05-24,Football Park,Port Adelaide,Collingwood,Port Adelaide,Michael Wilson,4,2,1,0,0,0,0
1998,9,1998-05-24,Football Park,Port Adelaide,Collingwood,Collingwood,Nathan Buckley,31,9,8,0,3,3,3
1998,9,1998-05-24,Football Park,Port Adelaide,Collingwood,Collingwood,Scott Burns,9,3,9,0,0,2,1
1998,9,1998-05-24,Football Park,Port Adelaide,Collingwood,Collingwood,Gavin Crosisca,14,6,10,0,0,0,1
1998,9,1998-05-24,Football Park,Port Adelaide,Collingwood,Collingwood,Scott Crow,4,0,1,1,0,0,0
1998,9,1998-05-24,Football Park,Port Adelaide,Collingwood,Collingwood,Matthew Francis,6,5,5,0,0,9,0
1998,9,1998-05-24,Football Park,Port Adelaide,Collingwood,Collingwood,Tony Francis,8,2,9,1,0,0,2
1998,9,1998-05-24,Football Park,Port Adelaide,Collingwood,Collingwood,Brad Fuller,7,2,4,1,0,0,3
1998,9,1998-05-24,Football Park,Port Adelaide,Collingwood,Collingwood,Shannon Gibson,2,0,4,0,0,0,1
1998,9,1998-05-24,Football Park,Port Adelaide,Collingwood,Collingwood,Luke Godden,3,1,3,0,0,0,1
1998,9,1998-05-24,Football Park,Port Adelaide,Collingwood,Collingwood,Ben Kinnear,6,0,5,0,0,1,2
1998,9,1998-05-24,Football Park,Port Adelaide,Collingwood,Collingwood,Alex McDonald,14,4,7,0,1,0,2
1998,9,1998-05-24,Football Park,Port Adelaide,Collingwood,Collingwood,Mal Michael,3,4,7,0,0,0,3
1998,9,1998-05-24,Football Park,Port Adelaide,Collingwood,Collingwood,Richard Osborne,10,2,3,0,0,0,2
1998,9,1998-05-24,Football Park,Port Adelaide,Collingwood,Collingwood,Stephen Patterson,11,1,11,1,0,0,2
1998,9,1998-05-24,Football Park,Port Adelaide,Collingwood,Collingwood,Mark Richardson,8,5,9,0,2,9,2
1998,9,1998-05-24,Football Park,Port Adelaide,Collingwood,Collingwood,Anthony Rocca,1,1,5,1,0,8,1
1998,9,1998-05-24,Football Park,Port Adelaide,Collingwood,Collingwood,Saverio Rocca,5,4,5,3,1,3,6
1998,9,1998-05-24,Football Park,Port Adelaide,Collingwood,Collingwood,Scott Russell,10,5,7,0,0,0,1
1998,9,1998-05-24,Football Park,Port Adelaide,Collingwood,Collingwood,Andrew Schauble,2,3,5,0,0,0,0
1998,9,1998-05-24,Football Park,Port Adelaide,Collingwood,Collingwood,Jason Wild,0,1,3,0,0,0,1
1998,9,1998-05-24,Football Park,Port Adelaide,Collingwood,Collingwood,Paul Williams,19,4,7,1,2,0,4
1998,9,1998-05-24,Football Park,Port Adelaide,Collingwood,Collingwood,Graham Wright,3,0,4,0,0,0,0
1998,10,1998-05-29,W.A.C.A.,West Coast,Western Bulldogs,West Coast,Jason Ball,8,5,5,1,0,19,0
1998,10,1998-05-29,W.A.C.A.,West Coast,Western Bulldogs,West Coast,Drew Banfield,12,1,8,1,0,0,0
1998,10,1998-05-29,W.A.C.A.,West Coast,Western Bulldogs,West Coast,Michael Braun,12,7,11,0,3,0,1
1998,10,1998-05-29,W.A.C.A.,West Coast,Western Bulldogs,West Coast,Ben Cousins,11,2,5,1,0,0,1
1998,10,1998-05-29,W.A.C.A.,West Coast,Western Bulldogs,West Coast,Andrew Donnelly,4,3,8,0,0,1,1
1998,10,1998-05-29,W.A.C.A.,West Coast,Western Bulldogs,West Coast,Tony Evans,1,1,3,0,0,0,0
1998,10,1998-05-29,W.A.C.A.,West Coast,Western Bulldogs,West Coast,Brendon Fewster,0,0,0,0,0,0,0
1998,10,1998-05-29,W.A.C.A.,West Coast,Western Bulldogs,West Coast,Michael Gardiner,2,2,2,0,0,12,1
1998,10,1998-05-29,W.A.C.A.,West Coast,Western Bulldogs,West Coast,Fraser Gehrig,14,10,3,3,1,0,0
1998,10,1998-05-29,W.A.C.A.,West Coast,Western Bulldogs,West Coast,Glen Jakovich,12,5,5,0,0,2,1
1998,10,1998-05-29,W.A.C.A.,West Coast,Western Bulldogs,West Coast,Dean Kemp,8,0,10,0,1,0,5
1998,10,1998-05-29,W.A.C.A.,West Coast,Western Bulldogs,West Coast,Chris Lewis,8,1,3,0,1,0,3
1998,10,1998-05-29,W.A.C.A.,West Coast,Western Bulldogs,West Coast,Peter Matera,16,8,5,0,0,0,2
1998,10,1998-05-29,W.A.C.A.,West Coast,Western Bulldogs,West Coast,Ashley McIntosh,5,2,4,0,0,4,1
1998,10,1998-05-29,W.A.C.A.,West Coast,Western Bulldogs,West Coast,Guy McKenna,13,4,7,1,0,0,1
1998,10,1998-05-29,W.A.C.A.,West Coast,Western Bulldogs,West Coast,Daniel Metropolis,13,9,7,0,1,0,2
1998,10,1998-05-29,W.A.C.A.,West Coast,Western Bulldogs,West Coast,Chad Morrison,9,3,1,4,1,0,2
1998,10,1998-05-29,W.A.C.A.,West Coast,Western Bulldogs,West Coast,Phillip Read,5,4,3,1,1,0,0
1998,10,1998-05-29,W.A.C.A.,West Coast,Western Bulldogs,West Coast,Paul Symmons,10,5,6,3,0,0,1
1998,10,1998-05-29,W.A.C.A.,West Coast,Western Bulldogs,West Coast,Chris Waterman,10,4,6,0,0,0,1
1998,10,1998-05-29,W.A.C.A.,West Coast,Western Bulldogs,West Coast,Mitchell White,16,7,3,1,5,0,0
1998,10,1998-05-29,W.A.C.A.,West Coast,Western Bulldogs,West Coast,John Worsfold,5,4,3,0,0,0,0
1998,10,1998-05-29,W.A.C.A.,West Coast,Western Bulldogs,Western Bulldogs,Mark Alvey,1,0,0,0,0,0,0
1998,10,1998-05-29,W.A.C.A.,West Coast,Western Bulldogs,Western Bulldogs,Nathan Brown,5,0,0,0,0,0,1
1998,10,1998-05-29,W.A.C.A.,West Coast,Western Bulldogs,Western Bulldogs,Leon Cameron,13,7,4,0,0,0,1
1998,10,1998-05-29,W.A.C.A.,West Coast,Western Bulldogs,Western Bulldogs,Simon Cox,6,4,3,0,0,0,0
1998,10,1998-05-29,W.A.C.A.,West Coast,Western Bulldogs,Western Bulldogs,Matthew Croft,4,6,7,2,0,0,0
1998,10,1998-05-29,W.A.C.A.,West Coast,Western Bulldogs,Western Bulldogs,Todd Curley,8,3,6,0,0,0,0
1998,10,1998-05-29,W.A.C.A.,West Coast,Western Bulldogs,Western Bulldogs,Luke Darcy,6,3,0,1,0,8,0
1998,10,1998-05-29,W.A.C.A.,West Coast,Western Bulldogs,Western Bulldogs,Simon Garlick,7,2,4,0,0,0,1
1998,10,1998-05-29,W.A.C.A.,West Coast,Western Bulldogs,Western Bulldogs,Chris Grant,12,5,7,3,1,0,1
1998,10,1998-05-29,W.A.C.A.,West Coast,Western Bulldogs,Western Bulldogs,Paul Hudson,9,4,3,5,1,0,0
1998,10,1998-05-29,W.A.C.A.,West Coast,Western Bulldogs,Western Bulldogs,Brad Johnson,12,2,1,1,2,0,2
1998,10,1998-05-29,W.A.C.A.,West Coast,Western Bulldogs,Western Bulldogs,Steven Kolyniuk,3,1,3,0,1,0,0
1998,10,1998-05-29,W.A.C.A.,West Coast,Western Bulldogs,Western Bulldogs,Michael Martin,12,3,4,0,1,0,0
1998,10,1998-05-29,W.A.C.A.,West Coast,Western Bulldogs,Western Bulldogs,Brett Montgomery,11,6,6,0,1,0,1
1998,10,1998-05-29,W.A.C.A.,West Coast,Western Bulldogs,Western Bulldogs,Stephen Powell,2,0,4,0,0,0,0
1998,10,1998-05-29,W.A.C.A.,West Coast,Western Bulldogs,Western Bulldogs,Jose Romero,17,4,9,1,0,0,1
1998,10,1998-05-29,W.A.C.A.,West Coast,Western Bulldogs,Western Bulldogs,Sedat Sir,3,1,4,0,0,0,2
1998,10,1998-05-29,W.A.C.A.,West Coast,Western Bulldogs,Western Bulldogs,Rohan Smith,12,7,7,0,0,0,0
1998,10,1998-05-29,W.A.C.A.,West Coast,Western Bulldogs,Western Bulldogs,Daniel Southern,6,3,2,2,0,0,0
1998,10,1998-05-29,W.A.C.A.,West Coast,Western Bulldogs,Western Bulldogs,Scott West,15,2,13,0,0,0,1
1998,10,1998-05-29,W.A.C.A.,West Coast,Western Bulldogs,Western Bulldogs,Brad Wira,7,4,3,0,0,0,0
1998,10,1998-05-29,W.A.C.A.,West Coast,Western Bulldogs,Western Bulldogs,Scott Wynd,0,3,15,0,0,30,1
1998,10,1998-05-30,Princes Park,Carlton,Brisbane Lions,Carlton,Matthew Allan,9,8,10,0,0,22,2
1998,10,1998-05-30,Princes Park,Carlton,Brisbane Lions,Carlton,Simon Beaumont,12,1,1,0,0,1,1
1998,10,1998-05-30,Princes Park,Carlton,Brisbane Lions,Carlton,Craig Bradley,12,4,14,0,1,0,2
1998,10,1998-05-30,Princes Park,Carlton,Brisbane Lions,Carlton,Fraser Brown,11,4,11,0,0,0,0
1998,10,1998-05-30,Princes Park,Carlton,Brisbane Lions,Carlton,Scott Camporeale,22,10,13,3,1,0,1
1998,10,1998-05-30,Princes Park,Carlton,Brisbane Lions,Carlton,Matt Clape,4,3,2,0,0,0,0
1998,10,1998-05-30,Princes Park,Carlton,Brisbane Lions,Carlton,Ron De Iulio,14,2,2,0,0,0,1
1998,10,1998-05-30,Princes Park,Carlton,Brisbane Lions,Carlton,Anthony Franchina,8,2,6,0,0,0,3
1998,10,1998-05-30,Princes Park,Carlton,Brisbane Lions,Carlton,Aaron Hamill,7,4,2,2,0,0,1
1998,10,1998-05-30,Princes Park,Carlton,Brisbane Lions,Carlton,Darren Hulme,13,2,8,3,0,0,5
1998,10,1998-05-30,Princes Park,Carlton,Brisbane Lions,Carlton,Anthony Koutoufides,12,6,7,2,1,0,1
1998,10,1998-05-30,Princes Park,Carlton,Brisbane Lions,Carlton,Damien Lock,2,0,4,0,0,0,0
1998,10,1998-05-30,Princes Park,Carlton,Brisbane Lions,Carlton,Glenn Manton,5,4,7,1,0,0,1
1998,10,1998-05-30,Princes Park,Carlton,Brisbane Lions,Carlton,Andrew McKay,7,6,4,0,0,0,1
1998,10,1998-05-30,Princes Park,Carlton,Brisbane Lions,Carlton,Justin Murphy,9,6,3,3,1,0,0
1998,10,1998-05-30,Princes Park,Carlton,Brisbane Lions,Carlton,Mark Porter,0,2,6,0,0,11,2
1998,10,1998-05-30,Princes Park,Carlton,Brisbane Lions,Carlton,Brett Ratten,9,2,13,0,1,0,3
1998,10,1998-05-30,Princes Park,Carlton,Brisbane Lions,Carlton,Dean Rice,10,2,5,0,0,0,2
1998,10,1998-05-30,Princes Park,Carlton,Brisbane Lions,Carlton,Michael Sexton,12,3,9,0,0,0,2
1998,10,1998-05-30,Princes Park,Carlton,Brisbane Lions,Carlton,Stephen Silvagni,11,2,1,0,0,0,3
1998,10,1998-05-30,Princes Park,Carlton,Brisbane Lions,Carlton,Adam White,3,4,5,1,1,1,1
1998,10,1998-05-30,Princes Park,Carlton,Brisbane Lions,Carlton,Lance Whitnall,5,7,2,2,2,2,3
1998,10,1998-05-30,Princes Park,Carlton,Brisbane Lions,Brisbane Lions,Jason Akermanis,12,5,15,1,1,0,1
1998,10,1998-05-30,Princes Park,Carlton,Brisbane Lions,Brisbane Lions,Marcus Ashcroft,11,5,5,0,0,0,1
1998,10,1998-05-30,Princes Park,Carlton,Brisbane Lions,Brisbane Lions,Trent Bartlett,5,2,2,0,1,3,2
1998,10,1998-05-30,Princes Park,Carlton,Brisbane Lions,Brisbane Lions,Andrew Bews,7,3,5,0,0,0,2
1998,10,1998-05-30,Princes Park,Carlton,Brisbane Lions,Brisbane Lions,Richard Champion,9,4,5,0,1,0,0
1998,10,1998-05-30,Princes Park,Carlton,Brisbane Lions,Brisbane Lions,Matthew Clarke,2,3,2,0,0,17,0
1998,10,1998-05-30,Princes Park,Carlton,Brisbane Lions,Brisbane Lions,Danny Dickfos,6,3,4,0,0,0,1
1998,10,1998-05-30,Princes Park,Carlton,Brisbane Lions,Brisbane Lions,Shaun Hart,11,6,19,0,0,1,7
1998,10,1998-05-30,Princes Park,Carlton,Brisbane Lions,Brisbane Lions,Rory Hilton,12,5,4,0,1,0,0
1998,10,1998-05-30,Princes Park,Carlton,Brisbane Lions,Brisbane Lions,Matthew Kennedy,15,5,5,0,0,4,0
1998,10,1998-05-30,Princes Park,Carlton,Brisbane Lions,Brisbane Lions,Craig Lambert,8,3,11,0,2,0,2
1998,10,1998-05-30,Princes Park,Carlton,Brisbane Lions,Brisbane Lions,Nigel Lappin,16,5,8,3,0,0,1
1998,10,1998-05-30,Princes Park,Carlton,Brisbane Lions,Brisbane Lions,Alastair Lynch,11,4,3,1,1,0,2
1998,10,1998-05-30,Princes Park,Carlton,Brisbane Lions,Brisbane Lions,Jarrod Molloy,6,2,3,2,1,0,1
1998,10,1998-05-30,Princes Park,Carlton,Brisbane Lions,Brisbane Lions,Shane OBree,2,1,0,0,0,0,1
1998,10,1998-05-30,Princes Park,Carlton,Brisbane Lions,Brisbane Lions,Marcus Picken,5,1,2,0,0,0,4
1998,10,1998-05-30,Princes Park,Carlton,Brisbane Lions,Brisbane Lions,Luke Power,8,2,5,0,0,0,3
1998,10,1998-05-30,Princes Park,Carlton,Brisbane Lions,Brisbane Lions,Brad Scott,12,4,5,0,3,0,4
1998,10,1998-05-30,Princes Park,Carlton,Brisbane Lions,Brisbane Lions,Chris Scott,8,3,6,0,0,0,4
1998,10,1998-05-30,Princes Park,Carlton,Brisbane Lions,Brisbane Lions,Dion Scott,1,0,1,0,0,0,1
1998,10,1998-05-30,Princes Park,Carlton,Brisbane Lions,Brisbane Lions,Michael Voss,8,2,11,2,1,0,4
1998,10,1998-05-30,Princes Park,Carlton,Brisbane Lions,Brisbane Lions,Darryl White,10,7,6,3,0,0,4
1998,10,1998-05-30,M.C.G.,Richmond,Port Adelaide,Richmond,Joel Bowden,7,0,11,0,1,0,2
1998,10,1998-05-30,M.C.G.,Richmond,Port Adelaide,Richmond,Nathan Bower,7,2,5,1,0,0,1
1998,10,1998-05-30,M.C.G.,Richmond,Port Adelaide,Richmond,Paul Broderick,6,4,14,0,0,0,2
1998,10,1998-05-30,M.C.G.,Richmond,Port Adelaide,Richmond,Paul Bulluss,0,0,0,0,0,0,0
1998,10,1998-05-30,M.C.G.,Richmond,Port Adelaide,Richmond,Wayne Campbell,19,3,22,1,2,2,1
1998,10,1998-05-30,M.C.G.,Richmond,Port Adelaide,Richmond,Mark Chaffey,10,3,4,0,0,0,1
1998,10,1998-05-30,M.C.G.,Richmond,Port Adelaide,Richmond,Nick Daffy,29,8,4,1,1,0,3
1998,10,1998-05-30,M.C.G.,Richmond,Port Adelaide,Richmond,Brett Evans,3,0,2,1,0,0,1
1998,10,1998-05-30,M.C.G.,Richmond,Port Adelaide,Richmond,Brendon Gale,7,14,15,0,0,16,0
1998,10,1998-05-30,M.C.G.,Richmond,Port Adelaide,Richmond,Michael Gale,14,7,13,0,2,0,1
1998,10,1998-05-30,M.C.G.,Richmond,Port Adelaide,Richmond,Darren Gaspar,4,4,7,0,0,4,2
1998,10,1998-05-30,M.C.G.,Richmond,Port Adelaide,Richmond,Ben Harrison,10,3,6,2,2,0,0
1998,10,1998-05-30,M.C.G.,Richmond,Port Adelaide,Richmond,Ben Holland,9,5,5,3,0,6,3
1998,10,1998-05-30,M.C.G.,Richmond,Port Adelaide,Richmond,Andrew Kellaway,3,4,10,0,0,0,3
1998,10,1998-05-30,M.C.G.,Richmond,Port Adelaide,Richmond,Duncan Kellaway,3,2,6,0,0,0,1
1998,10,1998-05-30,M.C.G.,Richmond,Port Adelaide,Richmond,Matthew Knights,17,8,14,0,0,1,3
1998,10,1998-05-30,M.C.G.,Richmond,Port Adelaide,Richmond,Robert Powell,10,2,10,0,1,0,1
1998,10,1998-05-30,M.C.G.,Richmond,Port Adelaide,Richmond,Ashley Prescott,5,3,7,0,0,0,3
1998,10,1998-05-30,M.C.G.,Richmond,Port Adelaide,Richmond,Matthew Richardson,16,15,4,4,7,0,0
1998,10,1998-05-30,M.C.G.,Richmond,Port Adelaide,Richmond,Matthew Rogers,18,2,3,0,0,1,2
1998,10,1998-05-30,M.C.G.,Richmond,Port Adelaide,Richmond,Jason Torney,8,5,7,0,0,0,3
1998,10,1998-05-30,M.C.G.,Richmond,Port Adelaide,Richmond,Scott Turner,8,0,4,0,0,0,0
1998,10,1998-05-30,M.C.G.,Richmond,Port Adelaide,Port Adelaide,Shayne Breuer,8,6,10,0,0,0,1
1998,10,1998-05-30,M.C.G.,Richmond,Port Adelaide,Port Adelaide,Brett Chalmers,3,1,0,0,0,0,0
1998,10,1998-05-30,M.C.G.,Richmond,Port Adelaide,Port Adelaide,Scott Cummings,8,6,4,2,3,1,1
1998,10,1998-05-30,M.C.G.,Richmond,Port Adelaide,Port Adelaide,Stephen Daniels,7,1,0,0,0,0,0
1998,10,1998-05-30,M.C.G.,Richmond,Port Adelaide,Port Adelaide,Stuart Dew,7,1,7,0,0,0,1
1998,10,1998-05-30,M.C.G.,Richmond,Port Adelaide,Port Adelaide,Donald Dickie,9,7,13,0,0,1,0
1998,10,1998-05-30,M.C.G.,Richmond,Port Adelaide,Port Adelaide,Nathan Eagleton,13,4,5,0,0,0,0
1998,10,1998-05-30,M.C.G.,Richmond,Port Adelaide,Port Adelaide,Paul Evans,4,4,0,0,2,0,0
1998,10,1998-05-30,M.C.G.,Richmond,Port Adelaide,Port Adelaide,Josh Francou,13,5,11,1,0,0,0
1998,10,1998-05-30,M.C.G.,Richmond,Port Adelaide,Port Adelaide,Mark Harwood,1,1,3,0,0,3,0
1998,10,1998-05-30,M.C.G.,Richmond,Port Adelaide,Port Adelaide,Brent Heaver,6,0,1,2,0,0,1
1998,10,1998-05-30,M.C.G.,Richmond,Port Adelaide,Port Adelaide,Adam Heuskes,14,5,8,0,0,0,0
1998,10,1998-05-30,M.C.G.,Richmond,Port Adelaide,Port Adelaide,Adam Kingsley,10,5,6,0,0,1,1
1998,10,1998-05-30,M.C.G.,Richmond,Port Adelaide,Port Adelaide,Brendon Lade,6,4,6,0,0,16,1
1998,10,1998-05-30,M.C.G.,Richmond,Port Adelaide,Port Adelaide,Bowen Lockwood,3,1,1,0,1,0,2
1998,10,1998-05-30,M.C.G.,Richmond,Port Adelaide,Port Adelaide,Brayden Lyle,15,9,12,0,0,0,2
1998,10,1998-05-30,M.C.G.,Richmond,Port Adelaide,Port Adelaide,Darren Mead,13,2,1,0,0,3,2
1998,10,1998-05-30,M.C.G.,Richmond,Port Adelaide,Port Adelaide,Danny Morton,5,1,4,1,0,0,4
1998,10,1998-05-30,M.C.G.,Richmond,Port Adelaide,Port Adelaide,Chris Naish,6,0,7,0,2,0,1
1998,10,1998-05-30,M.C.G.,Richmond,Port Adelaide,Port Adelaide,Darryl Poole,2,1,4,1,0,4,1
1998,10,1998-05-30,M.C.G.,Richmond,Port Adelaide,Port Adelaide,Nick Stevens,8,3,0,1,2,0,1
1998,10,1998-05-30,M.C.G.,Richmond,Port Adelaide,Port Adelaide,Gavin Wanganeen,8,3,6,1,0,0,0
1998,10,1998-05-30,Waverley Park,Hawthorn,Essendon,Hawthorn,Nathan Chapman,6,2,3,0,0,0,2
1998,10,1998-05-30,Waverley Park,Hawthorn,Essendon,Hawthorn,Daniel Chick,11,4,9,0,0,2,3
1998,10,1998-05-30,Waverley Park,Hawthorn,Essendon,Hawthorn,Justin Crawford,5,2,3,1,0,0,2
1998,10,1998-05-30,Waverley Park,Hawthorn,Essendon,Hawthorn,Shane Crawford,21,11,4,0,0,0,5
1998,10,1998-05-30,Waverley Park,Hawthorn,Essendon,Hawthorn,Ben Dixon,9,5,4,0,1,0,1
1998,10,1998-05-30,Waverley Park,Hawthorn,Essendon,Hawthorn,Jason Dunstall,12,8,3,9,3,0,1
1998,10,1998-05-30,Waverley Park,Hawthorn,Essendon,Hawthorn,Daniel Harford,15,5,7,0,0,0,0
1998,10,1998-05-30,Waverley Park,Hawthorn,Essendon,Hawthorn,Jon Hassall,5,2,2,0,0,0,0
1998,10,1998-05-30,Waverley Park,Hawthorn,Essendon,Hawthorn,Jonathan Hay,13,5,5,0,0,1,2
1998,10,1998-05-30,Waverley Park,Hawthorn,Essendon,Hawthorn,Nick Holland,11,7,2,0,0,3,1
1998,10,1998-05-30,Waverley Park,Hawthorn,Essendon,Hawthorn,Darren Kappler,11,2,6,0,0,0,2
1998,10,1998-05-30,Waverley Park,Hawthorn,Essendon,Hawthorn,Brendan Krummel,2,5,9,0,0,2,4
1998,10,1998-05-30,Waverley Park,Hawthorn,Essendon,Hawthorn,Angelo Lekkas,12,1,2,1,0,0,5
1998,10,1998-05-30,Waverley Park,Hawthorn,Essendon,Hawthorn,Aaron Lord,17,4,4,1,3,0,3
1998,10,1998-05-30,Waverley Park,Hawthorn,Essendon,Hawthorn,Luke McCabe,12,3,4,0,1,0,3
1998,10,1998-05-30,Waverley Park,Hawthorn,Essendon,Hawthorn,Jade Rawlings,0,0,0,0,0,0,0
1998,10,1998-05-30,Waverley Park,Hawthorn,Essendon,Hawthorn,Jonathon Robran,11,5,3,1,0,1,2
1998,10,1998-05-30,Waverley Park,Hawthorn,Essendon,Hawthorn,Paul Salmon,5,3,10,0,0,23,1
1998,10,1998-05-30,Waverley Park,Hawthorn,Essendon,Hawthorn,Rayden Tallis,8,2,6,0,0,0,4
1998,10,1998-05-30,Waverley Park,Hawthorn,Essendon,Hawthorn,Richard Taylor,16,6,4,0,1,0,1
1998,10,1998-05-30,Waverley Park,Hawthorn,Essendon,Hawthorn,Craig Treleven,4,1,1,0,0,0,0
1998,10,1998-05-30,Waverley Park,Hawthorn,Essendon,Hawthorn,Tony Woods,13,3,4,0,0,0,3
1998,10,1998-05-30,Waverley Park,Hawthorn,Essendon,Essendon,Steven Alessio,12,7,8,2,2,15,2
1998,10,1998-05-30,Waverley Park,Hawthorn,Essendon,Essendon,Paul Barnard,1,1,1,0,0,0,0
1998,10,1998-05-30,Waverley Park,Hawthorn,Essendon,Essendon,Peter Berbakov,5,2,5,0,0,1,0
1998,10,1998-05-30,Waverley Park,Hawthorn,Essendon,Essendon,Darren Bewick,10,2,3,0,0,0,0
1998,10,1998-05-30,Waverley Park,Hawthorn,Essendon,Essendon,Justin Blumfield,11,4,5,1,0,0,0
1998,10,1998-05-30,Waverley Park,Hawthorn,Essendon,Essendon,David Calthorpe,15,4,3,2,0,0,0
1998,10,1998-05-30,Waverley Park,Hawthorn,Essendon,Essendon,Blake Caracella,21,11,9,0,1,0,3
1998,10,1998-05-30,Waverley Park,Hawthorn,Essendon,Essendon,Sean Denham,9,0,3,1,0,0,2
1998,10,1998-05-30,Waverley Park,Hawthorn,Essendon,Essendon,Simon Eastaugh,7,4,4,0,0,3,0
1998,10,1998-05-30,Waverley Park,Hawthorn,Essendon,Essendon,Dustin Fletcher,4,2,1,1,0,0,2
1998,10,1998-05-30,Waverley Park,Hawthorn,Essendon,Essendon,Mark Fraser,6,4,5,1,0,0,1
1998,10,1998-05-30,Waverley Park,Hawthorn,Essendon,Essendon,Damien Hardwick,16,2,10,0,0,0,2
1998,10,1998-05-30,Waverley Park,Hawthorn,Essendon,Essendon,James Hird,11,9,5,0,4,0,1
1998,10,1998-05-30,Waverley Park,Hawthorn,Essendon,Essendon,Matthew Lloyd,13,7,2,2,2,0,2
1998,10,1998-05-30,Waverley Park,Hawthorn,Essendon,Essendon,Scott Lucas,15,8,2,3,0,0,2
1998,10,1998-05-30,Waverley Park,Hawthorn,Essendon,Essendon,Mark Mercuri,12,5,8,0,3,0,2
1998,10,1998-05-30,Waverley Park,Hawthorn,Essendon,Essendon,Joe Misiti,13,5,16,0,0,0,0
1998,10,1998-05-30,Waverley Park,Hawthorn,Essendon,Essendon,Ricky Olarenshaw,7,2,11,0,1,0,2
1998,10,1998-05-30,Waverley Park,Hawthorn,Essendon,Essendon,Michael Prior,3,0,2,0,0,0,1
1998,10,1998-05-30,Waverley Park,Hawthorn,Essendon,Essendon,Andrew Ukovic,6,3,6,0,0,0,2
1998,10,1998-05-30,Waverley Park,Hawthorn,Essendon,Essendon,Dean Wallis,3,1,0,0,0,0,0
1998,10,1998-05-30,Waverley Park,Hawthorn,Essendon,Essendon,Sean Wellman,15,10,14,0,1,2,0
1998,10,1998-05-30,S.C.G.,Sydney,St Kilda,Sydney,Leo Barry,0,0,0,0,0,0,0
1998,10,1998-05-30,S.C.G.,Sydney,St Kilda,Sydney,Mark Bayes,3,1,1,0,0,0,2
1998,10,1998-05-30,S.C.G.,Sydney,St Kilda,Sydney,Stefan Carey,5,1,0,0,0,2,1
1998,10,1998-05-30,S.C.G.,Sydney,St Kilda,Sydney,Daryn Cresswell,14,2,6,0,0,0,0
1998,10,1998-05-30,S.C.G.,Sydney,St Kilda,Sydney,Jared Crouch,6,0,2,0,0,0,2
1998,10,1998-05-30,S.C.G.,Sydney,St Kilda,Sydney,Brent Green,3,2,2,0,0,2,0
1998,10,1998-05-30,S.C.G.,Sydney,St Kilda,Sydney,Paul Kelly,12,7,6,0,0,0,1
1998,10,1998-05-30,S.C.G.,Sydney,St Kilda,Sydney,Dale Lewis,7,3,3,0,0,1,1
1998,10,1998-05-30,S.C.G.,Sydney,St Kilda,Sydney,Paul Licuria,1,0,4,0,0,0,0
1998,10,1998-05-30,S.C.G.,Sydney,St Kilda,Sydney,Tony Lockett,4,4,1,4,0,0,1
1998,10,1998-05-30,S.C.G.,Sydney,St Kilda,Sydney,Troy Luff,11,7,4,0,0,0,1
1998,10,1998-05-30,S.C.G.,Sydney,St Kilda,Sydney,Stuart Maxfield,7,0,0,0,0,0,3
1998,10,1998-05-30,S.C.G.,Sydney,St Kilda,Sydney,Daniel McPherson,11,2,3,0,0,0,1
1998,10,1998-05-30,S.C.G.,Sydney,St Kilda,Sydney,Matthew Nicks,13,6,3,1,1,0,2
1998,10,1998-05-30,S.C.G.,Sydney,St Kilda,Sydney,Michael OLoughlin,11,4,5,3,1,0,0
1998,10,1998-05-30,S.C.G.,Sydney,St Kilda,Sydney,Mark Orchard,4,1,3,0,0,0,3
1998,10,1998-05-30,S.C.G.,Sydney,St Kilda,Sydney,Paul Roos,5,4,13,0,0,2,1
1998,10,1998-05-30,S.C.G.,Sydney,St Kilda,Sydney,Jason Saddington,11,4,5,0,1,0,0
1998,10,1998-05-30,S.C.G.,Sydney,St Kilda,Sydney,Wayne Schwass,13,1,7,0,0,0,0
1998,10,1998-05-30,S.C.G.,Sydney,St Kilda,Sydney,Brad Seymour,7,9,9,0,1,0,4
1998,10,1998-05-30,S.C.G.,Sydney,St Kilda,Sydney,Greg Stafford,3,1,6,0,0,24,2
1998,10,1998-05-30,S.C.G.,Sydney,St Kilda,Sydney,John Stevens,9,1,5,0,0,0,3
1998,10,1998-05-30,S.C.G.,Sydney,St Kilda,St Kilda,Tony Brown,13,5,7,3,1,0,0
1998,10,1998-05-30,S.C.G.,Sydney,St Kilda,St Kilda,Nathan Burke,19,1,10,1,1,0,2
1998,10,1998-05-30,S.C.G.,Sydney,St Kilda,St Kilda,Brad Campbell,1,0,0,0,0,0,0
1998,10,1998-05-30,S.C.G.,Sydney,St Kilda,St Kilda,Tim Elliott,3,3,3,0,1,1,0
1998,10,1998-05-30,S.C.G.,Sydney,St Kilda,St Kilda,Peter Everitt,7,7,8,1,1,23,0
1998,10,1998-05-30,S.C.G.,Sydney,St Kilda,St Kilda,Barry Hall,15,6,2,1,0,0,0
1998,10,1998-05-30,S.C.G.,Sydney,St Kilda,St Kilda,Robert Harvey,24,2,14,1,0,0,0
1998,10,1998-05-30,S.C.G.,Sydney,St Kilda,St Kilda,Daniel Healy,5,5,4,1,1,0,1
1998,10,1998-05-30,S.C.G.,Sydney,St Kilda,St Kilda,Jason Heatley,8,3,3,4,0,0,0
1998,10,1998-05-30,S.C.G.,Sydney,St Kilda,St Kilda,Max Hudghton,5,3,10,0,0,0,2
1998,10,1998-05-30,S.C.G.,Sydney,St Kilda,St Kilda,Austinn Jones,6,2,4,1,0,0,1
1998,10,1998-05-30,S.C.G.,Sydney,St Kilda,St Kilda,Rod Keogh,8,5,5,0,0,0,0
1998,10,1998-05-30,S.C.G.,Sydney,St Kilda,St Kilda,Gavin Mitchell,6,2,11,1,0,0,1
1998,10,1998-05-30,S.C.G.,Sydney,St Kilda,St Kilda,David Sierakowski,9,6,4,3,0,12,0
1998,10,1998-05-30,S.C.G.,Sydney,St Kilda,St Kilda,Steven Sziller,17,3,12,6,2,0,2
1998,10,1998-05-30,S.C.G.,Sydney,St Kilda,St Kilda,Andrew Thompson,13,3,6,0,1,0,2
1998,10,1998-05-30,S.C.G.,Sydney,St Kilda,St Kilda,Ben Thompson,6,5,5,0,0,0,1
1998,10,1998-05-30,S.C.G.,Sydney,St Kilda,St Kilda,Jason Traianidis,3,1,4,0,0,0,1
1998,10,1998-05-30,S.C.G.,Sydney,St Kilda,St Kilda,Darryl Wakelin,7,3,3,0,0,0,0
1998,10,1998-05-30,S.C.G.,Sydney,St Kilda,St Kilda,Shane Wakelin,6,1,2,0,0,0,0
1998,10,1998-05-30,S.C.G.,Sydney,St Kilda,St Kilda,Nicky Winmar,16,5,11,1,1,0,1
1998,10,1998-05-30,S.C.G.,Sydney,St Kilda,St Kilda,Matthew Young,13,3,4,0,0,0,1
1998,10,1998-05-31,Football Park,Adelaide,Melbourne,Adelaide,Nathan Bassett,7,3,0,0,0,0,2
1998,10,1998-05-31,Football Park,Adelaide,Melbourne,Adelaide,Mark Bickley,13,4,7,2,0,0,5
1998,10,1998-05-31,Football Park,Adelaide,Melbourne,Adelaide,Troy Bond,14,7,8,0,0,0,0
1998,10,1998-05-31,Football Park,Adelaide,Melbourne,Adelaide,Peter Caven,9,4,6,1,0,0,4
1998,10,1998-05-31,Football Park,Adelaide,Melbourne,Adelaide,Matthew Connell,16,8,8,0,0,1,3
1998,10,1998-05-31,Football Park,Adelaide,Melbourne,Adelaide,Sudjai Cook,3,3,2,1,0,0,1
1998,10,1998-05-31,Football Park,Adelaide,Melbourne,Adelaide,Ian Downsborough,5,2,3,2,1,2,2
1998,10,1998-05-31,Football Park,Adelaide,Melbourne,Adelaide,Andrew Eccles,3,1,2,2,0,0,1
1998,10,1998-05-31,Football Park,Adelaide,Melbourne,Adelaide,Shane Ellen,13,6,3,0,0,0,1
1998,10,1998-05-31,Football Park,Adelaide,Melbourne,Adelaide,Simon Goodwin,13,4,3,0,0,0,2
1998,10,1998-05-31,Football Park,Adelaide,Melbourne,Adelaide,Ben Hart,7,2,4,0,0,0,2
1998,10,1998-05-31,Football Park,Adelaide,Melbourne,Adelaide,Brett James,16,2,21,0,0,0,2
1998,10,1998-05-31,Football Park,Adelaide,Melbourne,Adelaide,Rod Jameson,2,0,1,0,0,0,1
1998,10,1998-05-31,Football Park,Adelaide,Melbourne,Adelaide,Darren Jarman,11,6,3,3,3,0,4
1998,10,1998-05-31,Football Park,Adelaide,Melbourne,Adelaide,Kym Koster,10,1,5,0,1,0,1
1998,10,1998-05-31,Football Park,Adelaide,Melbourne,Adelaide,David Pittman,8,5,5,2,0,12,1
1998,10,1998-05-31,Football Park,Adelaide,Melbourne,Adelaide,Shaun Rehn,7,5,4,0,1,20,2
1998,10,1998-05-31,Football Park,Adelaide,Melbourne,Adelaide,Matthew Robran,7,5,6,2,0,6,4
1998,10,1998-05-31,Football Park,Adelaide,Melbourne,Adelaide,Clay Sampson,8,4,0,0,0,0,2
1998,10,1998-05-31,Football Park,Adelaide,Melbourne,Adelaide,James Thiessen,4,2,2,0,0,0,0
1998,10,1998-05-31,Football Park,Adelaide,Melbourne,Adelaide,Simon Tregenza,14,6,7,0,0,0,5
1998,10,1998-05-31,Football Park,Adelaide,Melbourne,Adelaide,Peter Vardy,12,4,3,2,1,0,3
1998,10,1998-05-31,Football Park,Adelaide,Melbourne,Melbourne,Matthew Bishop,7,3,2,1,0,0,0
1998,10,1998-05-31,Football Park,Adelaide,Melbourne,Melbourne,Mark Bradly,3,2,1,0,0,5,0
1998,10,1998-05-31,Football Park,Adelaide,Melbourne,Melbourne,Matthew Febey,9,4,9,0,0,0,1
1998,10,1998-05-31,Football Park,Adelaide,Melbourne,Melbourne,Steven Febey,18,7,9,0,0,0,1
1998,10,1998-05-31,Football Park,Adelaide,Melbourne,Melbourne,Brent Grgic,15,11,3,0,1,0,1
1998,10,1998-05-31,Football Park,Adelaide,Melbourne,Melbourne,Paul Hopgood,8,3,2,0,0,0,1
1998,10,1998-05-31,Football Park,Adelaide,Melbourne,Melbourne,Anthony Ingerson,0,0,0,0,0,0,1
1998,10,1998-05-31,Football Park,Adelaide,Melbourne,Melbourne,Travis Johnstone,11,5,6,1,0,0,4
1998,10,1998-05-31,Football Park,Adelaide,Melbourne,Melbourne,Andrew Leoncelli,16,6,5,0,0,0,6
1998,10,1998-05-31,Football Park,Adelaide,Melbourne,Melbourne,Garry Lyon,9,3,7,0,0,0,1
1998,10,1998-05-31,Football Park,Adelaide,Melbourne,Melbourne,Anthony McDonald,8,5,5,0,0,0,6
1998,10,1998-05-31,Football Park,Adelaide,Melbourne,Melbourne,James McDonald,2,2,1,0,0,0,0
1998,10,1998-05-31,Football Park,Adelaide,Melbourne,Melbourne,Guy Rigoni,9,4,9,0,0,0,1
1998,10,1998-05-31,Football Park,Adelaide,Melbourne,Melbourne,David Schwarz,6,1,2,2,1,4,1
1998,10,1998-05-31,Football Park,Adelaide,Melbourne,Melbourne,Marcus Seecamp,6,3,5,0,0,0,0
1998,10,1998-05-31,Football Park,Adelaide,Melbourne,Melbourne,Jamie Shanahan,3,1,2,0,0,1,0
1998,10,1998-05-31,Football Park,Adelaide,Melbourne,Melbourne,Shaun Smith,2,1,0,1,1,0,1
1998,10,1998-05-31,Football Park,Adelaide,Melbourne,Melbourne,Craig Smoker,5,4,2,1,1,0,0
1998,10,1998-05-31,Football Park,Adelaide,Melbourne,Melbourne,Daniel Ward,11,3,3,0,2,1,2
1998,10,1998-05-31,Football Park,Adelaide,Melbourne,Melbourne,Jeff White,10,15,9,1,0,16,1
1998,10,1998-05-31,Football Park,Adelaide,Melbourne,Melbourne,Shane Woewodin,26,8,4,1,2,0,3
1998,10,1998-05-31,Football Park,Adelaide,Melbourne,Melbourne,Adem Yze,13,8,3,0,1,0,4
1998,10,1998-05-31,Victoria Park,Collingwood,Fremantle,Collingwood,Gavin Brown,5,5,6,0,0,3,3
1998,10,1998-05-31,Victoria Park,Collingwood,Fremantle,Collingwood,Nathan Buckley,24,2,12,1,0,0,4
1998,10,1998-05-31,Victoria Park,Collingwood,Fremantle,Collingwood,Scott Burns,9,1,7,0,0,0,3
1998,10,1998-05-31,Victoria Park,Collingwood,Fremantle,Collingwood,Gavin Crosisca,4,2,5,0,0,0,2
1998,10,1998-05-31,Victoria Park,Collingwood,Fremantle,Collingwood,Matthew Francis,7,1,1,0,0,11,0
1998,10,1998-05-31,Victoria Park,Collingwood,Fremantle,Collingwood,Tony Francis,9,5,14,1,1,0,3
1998,10,1998-05-31,Victoria Park,Collingwood,Fremantle,Collingwood,Brad Fuller,2,0,6,1,0,0,0
1998,10,1998-05-31,Victoria Park,Collingwood,Fremantle,Collingwood,Luke Godden,9,3,4,0,0,0,7
1998,10,1998-05-31,Victoria Park,Collingwood,Fremantle,Collingwood,Ben Kinnear,7,3,4,0,0,0,4
1998,10,1998-05-31,Victoria Park,Collingwood,Fremantle,Collingwood,Alex McDonald,4,1,1,0,0,0,1
1998,10,1998-05-31,Victoria Park,Collingwood,Fremantle,Collingwood,Mal Michael,1,0,9,0,0,0,4
1998,10,1998-05-31,Victoria Park,Collingwood,Fremantle,Collingwood,Damian Monkhorst,4,3,1,0,0,13,0
1998,10,1998-05-31,Victoria Park,Collingwood,Fremantle,Collingwood,Richard Osborne,8,3,1,2,0,0,1
1998,10,1998-05-31,Victoria Park,Collingwood,Fremantle,Collingwood,Stephen Patterson,6,2,4,1,0,0,6
1998,10,1998-05-31,Victoria Park,Collingwood,Fremantle,Collingwood,Mark Richardson,7,3,4,2,0,3,2
1998,10,1998-05-31,Victoria Park,Collingwood,Fremantle,Collingwood,Anthony Rocca,2,2,1,0,0,1,1
1998,10,1998-05-31,Victoria Park,Collingwood,Fremantle,Collingwood,Saverio Rocca,14,13,2,11,1,0,0
1998,10,1998-05-31,Victoria Park,Collingwood,Fremantle,Collingwood,Scott Russell,11,3,7,0,0,0,3
1998,10,1998-05-31,Victoria Park,Collingwood,Fremantle,Collingwood,Shane Watson,5,1,3,0,0,0,0
1998,10,1998-05-31,Victoria Park,Collingwood,Fremantle,Collingwood,Jason Wild,3,3,4,0,1,0,0
1998,10,1998-05-31,Victoria Park,Collingwood,Fremantle,Collingwood,Paul Williams,15,2,5,0,1,0,4
1998,10,1998-05-31,Victoria Park,Collingwood,Fremantle,Collingwood,Graham Wright,1,0,1,0,0,0,0
1998,10,1998-05-31,Victoria Park,Collingwood,Fremantle,Fremantle,Chris Bond,6,1,6,0,0,0,1
1998,10,1998-05-31,Victoria Park,Collingwood,Fremantle,Fremantle,Michael Brown,2,0,2,0,0,1,1
1998,10,1998-05-31,Victoria Park,Collingwood,Fremantle,Fremantle,Matthew Burton,14,5,7,2,0,54,0
1998,10,1998-05-31,Victoria Park,Collingwood,Fremantle,Fremantle,Craig Callaghan,12,5,3,1,1,0,2
1998,10,1998-05-31,Victoria Park,Collingwood,Fremantle,Fremantle,Trent Carroll,5,0,0,0,0,0,2
1998,10,1998-05-31,Victoria Park,Collingwood,Fremantle,Fremantle,Scott Chisholm,11,2,2,0,0,0,2
1998,10,1998-05-31,Victoria Park,Collingwood,Fremantle,Fremantle,James Clement,6,3,4,1,0,0,3
1998,10,1998-05-31,Victoria Park,Collingwood,Fremantle,Fremantle,Brad Dodd,11,6,7,2,0,0,0
1998,10,1998-05-31,Victoria Park,Collingwood,Fremantle,Fremantle,Adrian Fletcher,18,4,11,2,0,0,1
1998,10,1998-05-31,Victoria Park,Collingwood,Fremantle,Fremantle,Mark Gale,9,2,11,0,0,0,2
1998,10,1998-05-31,Victoria Park,Collingwood,Fremantle,Fremantle,Greg Harding,0,0,1,0,0,0,1
1998,10,1998-05-31,Victoria Park,Collingwood,Fremantle,Fremantle,Brodie Holland,7,2,2,1,0,0,1
1998,10,1998-05-31,Victoria Park,Collingwood,Fremantle,Fremantle,Kingsley Hunter,10,5,0,5,1,0,2
1998,10,1998-05-31,Victoria Park,Collingwood,Fremantle,Fremantle,Dale Kickett,8,2,6,0,2,0,3
1998,10,1998-05-31,Victoria Park,Collingwood,Fremantle,Fremantle,Andrew McGovern,7,3,3,0,0,0,1
1998,10,1998-05-31,Victoria Park,Collingwood,Fremantle,Fremantle,Jason Norrish,15,2,10,0,0,0,2
1998,10,1998-05-31,Victoria Park,Collingwood,Fremantle,Fremantle,Stephen OReilly,2,3,2,0,0,0,0
1998,10,1998-05-31,Victoria Park,Collingwood,Fremantle,Fremantle,Daniel Parker,4,1,0,0,0,0,1
1998,10,1998-05-31,Victoria Park,Collingwood,Fremantle,Fremantle,Shane Parker,9,0,5,0,0,0,1
1998,10,1998-05-31,Victoria Park,Collingwood,Fremantle,Fremantle,Jess Sinclair,13,2,1,1,0,0,0
1998,10,1998-05-31,Victoria Park,Collingwood,Fremantle,Fremantle,Clive Waterhouse,8,4,3,2,2,1,1
1998,10,1998-05-31,Victoria Park,Collingwood,Fremantle,Fremantle,Andrew Wills,8,0,4,0,1,0,3
1998,10,1998-05-31,M.C.G.,North Melbourne,Geelong,North Melbourne,Winston Abraham,6,2,2,0,3,0,1
1998,10,1998-05-31,M.C.G.,North Melbourne,Geelong,North Melbourne,Brady Anderson,0,0,2,0,0,0,0
1998,10,1998-05-31,M.C.G.,North Melbourne,Geelong,North Melbourne,Glenn Archer,15,6,2,0,0,0,1
1998,10,1998-05-31,M.C.G.,North Melbourne,Geelong,North Melbourne,Peter Bell,7,3,7,1,0,0,2
1998,10,1998-05-31,M.C.G.,North Melbourne,Geelong,North Melbourne,John Blakey,12,3,2,0,0,0,1
1998,10,1998-05-31,M.C.G.,North Melbourne,Geelong,North Melbourne,Wayne Carey,14,8,8,4,2,0,4
1998,10,1998-05-31,M.C.G.,North Melbourne,Geelong,North Melbourne,Brett Chandler,4,2,1,0,0,0,0
1998,10,1998-05-31,M.C.G.,North Melbourne,Geelong,North Melbourne,Shannon Grant,9,2,3,1,0,0,0
1998,10,1998-05-31,M.C.G.,North Melbourne,Geelong,North Melbourne,Chris Groom,1,1,1,0,1,1,0
1998,10,1998-05-31,M.C.G.,North Melbourne,Geelong,North Melbourne,Brent Harvey,17,2,5,2,1,0,0
1998,10,1998-05-31,M.C.G.,North Melbourne,Geelong,North Melbourne,Evan Hewitt,5,4,5,0,0,4,3
1998,10,1998-05-31,M.C.G.,North Melbourne,Geelong,North Melbourne,David King,13,2,3,0,0,0,0
1998,10,1998-05-31,M.C.G.,North Melbourne,Geelong,North Melbourne,John Longmire,4,2,5,0,0,0,0
1998,10,1998-05-31,M.C.G.,North Melbourne,Geelong,North Melbourne,Jason McCartney,5,5,4,0,0,1,1
1998,10,1998-05-31,M.C.G.,North Melbourne,Geelong,North Melbourne,Corey McKernan,4,3,3,0,0,17,1
1998,10,1998-05-31,M.C.G.,North Melbourne,Geelong,North Melbourne,Byron Pickett,8,1,3,0,0,0,1
1998,10,1998-05-31,M.C.G.,North Melbourne,Geelong,North Melbourne,Anthony Rock,9,3,6,0,1,0,2
1998,10,1998-05-31,M.C.G.,North Melbourne,Geelong,North Melbourne,Craig Sholl,11,6,3,2,3,0,2
1998,10,1998-05-31,M.C.G.,North Melbourne,Geelong,North Melbourne,Adam Simpson,3,0,4,0,0,1,0
1998,10,1998-05-31,M.C.G.,North Melbourne,Geelong,North Melbourne,Anthony Stevens,17,1,3,0,0,0,3
1998,10,1998-05-31,M.C.G.,North Melbourne,Geelong,North Melbourne,Danny Stevens,6,3,2,2,0,0,0
1998,10,1998-05-31,M.C.G.,North Melbourne,Geelong,North Melbourne,Scott Welsh,6,4,3,1,0,0,0
1998,10,1998-05-31,M.C.G.,North Melbourne,Geelong,Geelong,John Barnes,7,6,8,0,0,13,2
1998,10,1998-05-31,M.C.G.,North Melbourne,Geelong,Geelong,Craig Biddiscombe,9,4,8,0,0,0,4
1998,10,1998-05-31,M.C.G.,North Melbourne,Geelong,Geelong,Ronnie Burns,7,3,5,1,1,0,1
1998,10,1998-05-31,M.C.G.,North Melbourne,Geelong,Geelong,Leigh Colbert,14,3,6,1,0,3,2
1998,10,1998-05-31,M.C.G.,North Melbourne,Geelong,Geelong,Paul Corrigan,11,3,5,0,0,1,2
1998,10,1998-05-31,M.C.G.,North Melbourne,Geelong,Geelong,Ben Graham,6,3,2,0,1,0,4
1998,10,1998-05-31,M.C.G.,North Melbourne,Geelong,Geelong,Derek Hall,11,6,2,2,1,0,0
1998,10,1998-05-31,M.C.G.,North Melbourne,Geelong,Geelong,Garry Hocking,23,5,6,2,0,0,4
1998,10,1998-05-31,M.C.G.,North Melbourne,Geelong,Geelong,Daniel Lowther,9,3,4,0,1,0,1
1998,10,1998-05-31,M.C.G.,North Melbourne,Geelong,Geelong,Michael Mansfield,12,7,2,1,0,0,1
1998,10,1998-05-31,M.C.G.,North Melbourne,Geelong,Geelong,Tim McGrath,10,4,5,0,0,0,1
1998,10,1998-05-31,M.C.G.,North Melbourne,Geelong,Geelong,David Mensch,9,4,13,0,0,10,1
1998,10,1998-05-31,M.C.G.,North Melbourne,Geelong,Geelong,Darren Milburn,3,2,2,0,0,0,3
1998,10,1998-05-31,M.C.G.,North Melbourne,Geelong,Geelong,James Rahilly,6,2,7,0,0,0,4
1998,10,1998-05-31,M.C.G.,North Melbourne,Geelong,Geelong,Peter Riccardi,16,8,7,1,1,0,1
1998,10,1998-05-31,M.C.G.,North Melbourne,Geelong,Geelong,Brenton Sanderson,10,5,8,0,0,0,1
1998,10,1998-05-31,M.C.G.,North Melbourne,Geelong,Geelong,Brad Sholl,14,6,4,1,1,0,0
1998,10,1998-05-31,M.C.G.,North Melbourne,Geelong,Geelong,Jason Snell,2,2,0,0,0,0,0
1998,10,1998-05-31,M.C.G.,North Melbourne,Geelong,Geelong,Brett Spinks,9,9,2,5,3,0,0
1998,10,1998-05-31,M.C.G.,North Melbourne,Geelong,Geelong,Carl Steinfort,3,1,2,0,0,0,0
1998,10,1998-05-31,M.C.G.,North Melbourne,Geelong,Geelong,Barry Stoneham,6,4,5,3,0,4,5
1998,10,1998-05-31,M.C.G.,North Melbourne,Geelong,Geelong,Justin Wood,1,0,0,0,0,0,0
1998,11,1998-06-05,M.C.G.,Essendon,Sydney,Essendon,Steven Alessio,7,5,2,4,0,1,3
1998,11,1998-06-05,M.C.G.,Essendon,Sydney,Essendon,Paul Barnard,11,6,6,1,1,0,0
1998,11,1998-06-05,M.C.G.,Essendon,Sydney,Essendon,Peter Berbakov,18,4,8,0,0,0,5
1998,11,1998-06-05,M.C.G.,Essendon,Sydney,Essendon,Darren Bewick,9,2,2,0,0,0,2
1998,11,1998-06-05,M.C.G.,Essendon,Sydney,Essendon,Justin Blumfield,12,7,8,0,0,0,0
1998,11,1998-06-05,M.C.G.,Essendon,Sydney,Essendon,Andrew Bomford,9,4,7,0,1,0,1
1998,11,1998-06-05,M.C.G.,Essendon,Sydney,Essendon,David Calthorpe,14,8,10,2,1,0,1
1998,11,1998-06-05,M.C.G.,Essendon,Sydney,Essendon,Blake Caracella,8,4,7,0,1,1,3
1998,11,1998-06-05,M.C.G.,Essendon,Sydney,Essendon,Simon Eastaugh,9,9,7,0,0,29,2
1998,11,1998-06-05,M.C.G.,Essendon,Sydney,Essendon,Mark Fraser,2,1,3,0,0,0,0
1998,11,1998-06-05,M.C.G.,Essendon,Sydney,Essendon,Damien Hardwick,14,3,7,0,0,0,2
1998,11,1998-06-05,M.C.G.,Essendon,Sydney,Essendon,James Hird,16,5,5,3,3,0,1
1998,11,1998-06-05,M.C.G.,Essendon,Sydney,Essendon,Matthew Lloyd,16,11,1,5,4,0,1
1998,11,1998-06-05,M.C.G.,Essendon,Sydney,Essendon,Scott Lucas,17,9,2,4,1,0,2
1998,11,1998-06-05,M.C.G.,Essendon,Sydney,Essendon,Mark Mercuri,8,5,6,0,1,0,1
1998,11,1998-06-05,M.C.G.,Essendon,Sydney,Essendon,Joe Misiti,15,6,10,1,0,0,2
1998,11,1998-06-05,M.C.G.,Essendon,Sydney,Essendon,Gary Moorcroft,9,6,3,2,1,0,0
1998,11,1998-06-05,M.C.G.,Essendon,Sydney,Essendon,Ryan OConnor,4,3,3,0,0,0,1
1998,11,1998-06-05,M.C.G.,Essendon,Sydney,Essendon,Ricky Olarenshaw,6,4,5,1,0,0,1
1998,11,1998-06-05,M.C.G.,Essendon,Sydney,Essendon,Michael Prior,11,4,7,0,0,0,2
1998,11,1998-06-05,M.C.G.,Essendon,Sydney,Essendon,Andrew Ukovic,2,1,4,1,0,0,1
1998,11,1998-06-05,M.C.G.,Essendon,Sydney,Essendon,Sean Wellman,12,5,2,0,0,0,0
1998,11,1998-06-05,M.C.G.,Essendon,Sydney,Sydney,Simon Arnott,3,2,0,0,0,0,0
1998,11,1998-06-05,M.C.G.,Essendon,Sydney,Sydney,Mark Bayes,8,1,3,0,0,0,2
1998,11,1998-06-05,M.C.G.,Essendon,Sydney,Sydney,Troy Cook,5,0,2,1,0,0,0
1998,11,1998-06-05,M.C.G.,Essendon,Sydney,Sydney,Daryn Cresswell,19,4,9,3,0,0,1
1998,11,1998-06-05,M.C.G.,Essendon,Sydney,Sydney,Jared Crouch,4,0,6,0,1,1,1
1998,11,1998-06-05,M.C.G.,Essendon,Sydney,Sydney,Paul Kelly,17,7,5,5,1,0,1
1998,11,1998-06-05,M.C.G.,Essendon,Sydney,Sydney,Mark Kinnear,3,2,3,0,0,0,0
1998,11,1998-06-05,M.C.G.,Essendon,Sydney,Sydney,Dale Lewis,16,10,4,2,1,0,2
1998,11,1998-06-05,M.C.G.,Essendon,Sydney,Sydney,Tony Lockett,5,3,1,2,1,0,1
1998,11,1998-06-05,M.C.G.,Essendon,Sydney,Sydney,Troy Luff,9,5,10,0,0,2,0
1998,11,1998-06-05,M.C.G.,Essendon,Sydney,Sydney,Stuart Maxfield,12,3,2,1,1,0,0
1998,11,1998-06-05,M.C.G.,Essendon,Sydney,Sydney,Daniel McPherson,3,1,2,0,0,0,0
1998,11,1998-06-05,M.C.G.,Essendon,Sydney,Sydney,Jason Mooney,6,4,3,1,0,4,1
1998,11,1998-06-05,M.C.G.,Essendon,Sydney,Sydney,Matthew Nicks,8,4,1,0,0,0,4
1998,11,1998-06-05,M.C.G.,Essendon,Sydney,Sydney,Michael OLoughlin,8,6,9,0,1,0,2
1998,11,1998-06-05,M.C.G.,Essendon,Sydney,Sydney,Mark Orchard,10,6,12,0,0,0,0
1998,11,1998-06-05,M.C.G.,Essendon,Sydney,Sydney,Paul Roos,11,8,11,0,0,0,2
1998,11,1998-06-05,M.C.G.,Essendon,Sydney,Sydney,Jason Saddington,11,8,2,0,0,1,2
1998,11,1998-06-05,M.C.G.,Essendon,Sydney,Sydney,Wayne Schwass,15,4,9,0,0,0,0
1998,11,1998-06-05,M.C.G.,Essendon,Sydney,Sydney,Brad Seymour,9,5,6,0,0,0,0
1998,11,1998-06-05,M.C.G.,Essendon,Sydney,Sydney,Greg Stafford,7,3,2,0,2,16,4
1998,11,1998-06-05,M.C.G.,Essendon,Sydney,Sydney,John Stevens,6,1,1,0,0,0,1
1998,11,1998-06-06,Waverley Park,Hawthorn,Melbourne,Hawthorn,Nathan Chapman,3,1,1,0,2,0,1
1998,11,1998-06-06,Waverley Park,Hawthorn,Melbourne,Hawthorn,Daniel Chick,8,4,3,0,0,1,4
1998,11,1998-06-06,Waverley Park,Hawthorn,Melbourne,Hawthorn,Justin Crawford,15,6,5,0,0,0,2
1998,11,1998-06-06,Waverley Park,Hawthorn,Melbourne,Hawthorn,Shane Crawford,20,5,7,0,1,0,4
1998,11,1998-06-06,Waverley Park,Hawthorn,Melbourne,Hawthorn,Ben Dixon,4,1,5,1,0,0,3
1998,11,1998-06-06,Waverley Park,Hawthorn,Melbourne,Hawthorn,Jason Dunstall,3,3,1,2,1,0,0
1998,11,1998-06-06,Waverley Park,Hawthorn,Melbourne,Hawthorn,Mark Graham,16,8,3,0,0,0,1
1998,11,1998-06-06,Waverley Park,Hawthorn,Melbourne,Hawthorn,Daniel Harford,12,6,7,0,2,0,3
1998,11,1998-06-06,Waverley Park,Hawthorn,Melbourne,Hawthorn,Jon Hassall,10,5,10,0,0,0,5
1998,11,1998-06-06,Waverley Park,Hawthorn,Melbourne,Hawthorn,Jonathan Hay,13,9,4,0,0,0,4
1998,11,1998-06-06,Waverley Park,Hawthorn,Melbourne,Hawthorn,Nick Holland,17,10,4,4,0,4,1
1998,11,1998-06-06,Waverley Park,Hawthorn,Melbourne,Hawthorn,Darren Kappler,6,1,1,0,0,0,0
1998,11,1998-06-06,Waverley Park,Hawthorn,Melbourne,Hawthorn,Brendan Krummel,7,2,5,0,0,2,1
1998,11,1998-06-06,Waverley Park,Hawthorn,Melbourne,Hawthorn,Angelo Lekkas,8,6,7,0,0,0,3
1998,11,1998-06-06,Waverley Park,Hawthorn,Melbourne,Hawthorn,Aaron Lord,18,7,13,1,1,0,1
1998,11,1998-06-06,Waverley Park,Hawthorn,Melbourne,Hawthorn,Luke McCabe,8,2,8,0,0,0,3
1998,11,1998-06-06,Waverley Park,Hawthorn,Melbourne,Hawthorn,Jonathon Robran,10,2,5,0,0,5,3
1998,11,1998-06-06,Waverley Park,Hawthorn,Melbourne,Hawthorn,Paul Salmon,8,7,2,0,0,23,1
1998,11,1998-06-06,Waverley Park,Hawthorn,Melbourne,Hawthorn,Rayden Tallis,12,3,6,0,1,0,1
1998,11,1998-06-06,Waverley Park,Hawthorn,Melbourne,Hawthorn,Richard Taylor,17,4,10,2,0,0,1
1998,11,1998-06-06,Waverley Park,Hawthorn,Melbourne,Hawthorn,Craig Treleven,16,5,0,0,0,0,0
1998,11,1998-06-06,Waverley Park,Hawthorn,Melbourne,Hawthorn,Tony Woods,1,1,4,0,0,0,1
1998,11,1998-06-06,Waverley Park,Hawthorn,Melbourne,Melbourne,Matthew Bishop,9,1,4,1,1,1,0
1998,11,1998-06-06,Waverley Park,Hawthorn,Melbourne,Melbourne,Jeff Farmer,14,3,1,4,1,0,2
1998,11,1998-06-06,Waverley Park,Hawthorn,Melbourne,Melbourne,Matthew Febey,10,6,4,1,0,0,1
1998,11,1998-06-06,Waverley Park,Hawthorn,Melbourne,Melbourne,Steven Febey,7,2,4,0,0,0,2
1998,11,1998-06-06,Waverley Park,Hawthorn,Melbourne,Melbourne,Brent Grgic,6,2,7,0,0,0,0
1998,11,1998-06-06,Waverley Park,Hawthorn,Melbourne,Melbourne,Paul Hopgood,11,2,2,1,0,0,0
1998,11,1998-06-06,Waverley Park,Hawthorn,Melbourne,Melbourne,Anthony Ingerson,9,8,8,0,0,1,1
1998,11,1998-06-06,Waverley Park,Hawthorn,Melbourne,Melbourne,Travis Johnstone,10,1,2,0,0,0,3
1998,11,1998-06-06,Waverley Park,Hawthorn,Melbourne,Melbourne,Andrew Leoncelli,9,2,2,1,0,0,6
1998,11,1998-06-06,Waverley Park,Hawthorn,Melbourne,Melbourne,Troy Longmuir,3,1,0,0,0,0,2
1998,11,1998-06-06,Waverley Park,Hawthorn,Melbourne,Melbourne,Garry Lyon,11,5,2,4,0,0,1
1998,11,1998-06-06,Waverley Park,Hawthorn,Melbourne,Melbourne,Anthony McDonald,12,6,5,3,0,0,3
1998,11,1998-06-06,Waverley Park,Hawthorn,Melbourne,Melbourne,Guy Rigoni,14,6,5,0,1,0,5
1998,11,1998-06-06,Waverley Park,Hawthorn,Melbourne,Melbourne,David Schwarz,7,3,0,2,2,0,0
1998,11,1998-06-06,Waverley Park,Hawthorn,Melbourne,Melbourne,Marcus Seecamp,8,5,10,0,0,0,2
1998,11,1998-06-06,Waverley Park,Hawthorn,Melbourne,Melbourne,Jamie Shanahan,4,0,1,0,0,0,1
1998,11,1998-06-06,Waverley Park,Hawthorn,Melbourne,Melbourne,Craig Smoker,2,1,0,0,1,0,1
1998,11,1998-06-06,Waverley Park,Hawthorn,Melbourne,Melbourne,Jim Stynes,5,4,3,0,0,11,0
1998,11,1998-06-06,Waverley Park,Hawthorn,Melbourne,Melbourne,Daniel Ward,8,2,1,0,0,0,1
1998,11,1998-06-06,Waverley Park,Hawthorn,Melbourne,Melbourne,Jeff White,9,7,4,1,0,15,0
1998,11,1998-06-06,Waverley Park,Hawthorn,Melbourne,Melbourne,Shane Woewodin,8,5,5,0,0,0,1
1998,11,1998-06-06,Waverley Park,Hawthorn,Melbourne,Melbourne,Adem Yze,21,4,1,0,0,0,2
1998,11,1998-06-06,M.C.G.,Geelong,Carlton,Geelong,John Barnes,8,5,5,2,0,14,0
1998,11,1998-06-06,M.C.G.,Geelong,Carlton,Geelong,Craig Biddiscombe,3,0,6,0,0,0,0
1998,11,1998-06-06,M.C.G.,Geelong,Carlton,Geelong,Ronnie Burns,1,1,3,0,0,0,2
1998,11,1998-06-06,M.C.G.,Geelong,Carlton,Geelong,Leigh Colbert,21,5,16,0,0,3,5
1998,11,1998-06-06,M.C.G.,Geelong,Carlton,Geelong,Paul Corrigan,7,2,4,0,0,0,0
1998,11,1998-06-06,M.C.G.,Geelong,Carlton,Geelong,Ben Graham,10,6,5,0,0,0,3
1998,11,1998-06-06,M.C.G.,Geelong,Carlton,Geelong,Derek Hall,10,3,4,0,1,0,2
1998,11,1998-06-06,M.C.G.,Geelong,Carlton,Geelong,Garry Hocking,12,2,7,0,0,0,2
1998,11,1998-06-06,M.C.G.,Geelong,Carlton,Geelong,Glenn Kilpatrick,4,2,0,0,0,1,2
1998,11,1998-06-06,M.C.G.,Geelong,Carlton,Geelong,Daniel Lowther,9,3,5,0,1,0,4
1998,11,1998-06-06,M.C.G.,Geelong,Carlton,Geelong,Michael Mansfield,15,10,2,0,1,0,2
1998,11,1998-06-06,M.C.G.,Geelong,Carlton,Geelong,Tim McGrath,14,5,3,0,0,1,1
1998,11,1998-06-06,M.C.G.,Geelong,Carlton,Geelong,Martin McKinnon,6,1,2,3,0,0,0
1998,11,1998-06-06,M.C.G.,Geelong,Carlton,Geelong,David Mensch,9,4,8,0,1,10,2
1998,11,1998-06-06,M.C.G.,Geelong,Carlton,Geelong,James Rahilly,11,3,11,0,0,0,2
1998,11,1998-06-06,M.C.G.,Geelong,Carlton,Geelong,Peter Riccardi,11,3,7,1,0,0,2
1998,11,1998-06-06,M.C.G.,Geelong,Carlton,Geelong,Brenton Sanderson,13,4,9,1,0,0,3
1998,11,1998-06-06,M.C.G.,Geelong,Carlton,Geelong,Brad Sholl,16,4,4,1,0,0,2
1998,11,1998-06-06,M.C.G.,Geelong,Carlton,Geelong,Jason Snell,9,3,0,1,1,0,2
1998,11,1998-06-06,M.C.G.,Geelong,Carlton,Geelong,Brett Spinks,1,1,2,0,0,0,0
1998,11,1998-06-06,M.C.G.,Geelong,Carlton,Geelong,Carl Steinfort,12,9,9,0,0,0,3
1998,11,1998-06-06,M.C.G.,Geelong,Carlton,Geelong,Barry Stoneham,9,3,2,3,0,5,3
1998,11,1998-06-06,M.C.G.,Geelong,Carlton,Carlton,Matthew Allan,4,2,10,1,0,8,1
1998,11,1998-06-06,M.C.G.,Geelong,Carlton,Carlton,Simon Beaumont,13,3,5,0,0,0,2
1998,11,1998-06-06,M.C.G.,Geelong,Carlton,Carlton,Craig Bradley,13,2,6,0,0,0,3
1998,11,1998-06-06,M.C.G.,Geelong,Carlton,Carlton,Fraser Brown,21,4,8,0,0,0,1
1998,11,1998-06-06,M.C.G.,Geelong,Carlton,Carlton,Scott Camporeale,17,2,10,1,1,0,2
1998,11,1998-06-06,M.C.G.,Geelong,Carlton,Carlton,Ron De Iulio,3,0,3,0,0,0,1
1998,11,1998-06-06,M.C.G.,Geelong,Carlton,Carlton,Anthony Franchina,6,0,4,0,0,0,3
1998,11,1998-06-06,M.C.G.,Geelong,Carlton,Carlton,Aaron Hamill,4,1,1,0,1,0,0
1998,11,1998-06-06,M.C.G.,Geelong,Carlton,Carlton,Darren Hulme,6,0,8,0,0,0,0
1998,11,1998-06-06,M.C.G.,Geelong,Carlton,Carlton,Anthony Koutoufides,9,1,8,0,1,5,1
1998,11,1998-06-06,M.C.G.,Geelong,Carlton,Carlton,Damien Lock,3,0,2,0,0,0,1
1998,11,1998-06-06,M.C.G.,Geelong,Carlton,Carlton,Glenn Manton,3,4,13,0,0,0,1
1998,11,1998-06-06,M.C.G.,Geelong,Carlton,Carlton,Andrew McKay,9,0,7,1,0,0,3
1998,11,1998-06-06,M.C.G.,Geelong,Carlton,Carlton,Justin Murphy,13,1,8,1,1,0,3
1998,11,1998-06-06,M.C.G.,Geelong,Carlton,Carlton,Ben Nelson,5,1,2,0,0,0,0
1998,11,1998-06-06,M.C.G.,Geelong,Carlton,Carlton,Mark Porter,1,0,4,0,0,4,0
1998,11,1998-06-06,M.C.G.,Geelong,Carlton,Carlton,Brett Ratten,12,1,15,0,1,0,4
1998,11,1998-06-06,M.C.G.,Geelong,Carlton,Carlton,Dean Rice,12,2,6,0,0,0,1
1998,11,1998-06-06,M.C.G.,Geelong,Carlton,Carlton,Michael Sexton,13,3,3,0,1,0,2
1998,11,1998-06-06,M.C.G.,Geelong,Carlton,Carlton,Stephen Silvagni,10,1,1,1,1,0,2
1998,11,1998-06-06,M.C.G.,Geelong,Carlton,Carlton,Adam White,4,3,6,1,0,0,1
1998,11,1998-06-06,M.C.G.,Geelong,Carlton,Carlton,Lance Whitnall,6,3,6,3,0,6,0
1998,11,1998-06-06,Football Park,Port Adelaide,West Coast,Port Adelaide,Shayne Breuer,9,3,10,0,0,0,1
1998,11,1998-06-06,Football Park,Port Adelaide,West Coast,Port Adelaide,Scott Cummings,5,5,1,3,2,0,1
1998,11,1998-06-06,Football Park,Port Adelaide,West Coast,Port Adelaide,Stephen Daniels,4,1,3,0,0,0,1
1998,11,1998-06-06,Football Park,Port Adelaide,West Coast,Port Adelaide,Stuart Dew,13,1,3,0,0,0,4
1998,11,1998-06-06,Football Park,Port Adelaide,West Coast,Port Adelaide,Donald Dickie,14,5,10,0,0,0,4
1998,11,1998-06-06,Football Park,Port Adelaide,West Coast,Port Adelaide,Nathan Eagleton,13,2,5,0,1,0,2
1998,11,1998-06-06,Football Park,Port Adelaide,West Coast,Port Adelaide,Paul Evans,0,0,0,0,0,0,0
1998,11,1998-06-06,Football Park,Port Adelaide,West Coast,Port Adelaide,Nigel Fiegert,1,0,0,0,0,0,0
1998,11,1998-06-06,Football Park,Port Adelaide,West Coast,Port Adelaide,Josh Francou,10,2,15,1,0,0,3
1998,11,1998-06-06,Football Park,Port Adelaide,West Coast,Port Adelaide,Mark Harwood,3,1,0,0,0,0,0
1998,11,1998-06-06,Football Park,Port Adelaide,West Coast,Port Adelaide,Brent Heaver,0,0,0,0,0,0,0
1998,11,1998-06-06,Football Park,Port Adelaide,West Coast,Port Adelaide,Adam Heuskes,12,2,10,0,0,0,3
1998,11,1998-06-06,Football Park,Port Adelaide,West Coast,Port Adelaide,Adam Kingsley,10,4,4,0,0,0,1
1998,11,1998-06-06,Football Park,Port Adelaide,West Coast,Port Adelaide,Brendon Lade,12,4,7,0,0,29,4
1998,11,1998-06-06,Football Park,Port Adelaide,West Coast,Port Adelaide,Bowen Lockwood,15,6,11,0,0,0,1
1998,11,1998-06-06,Football Park,Port Adelaide,West Coast,Port Adelaide,Brayden Lyle,15,3,4,0,0,0,0
1998,11,1998-06-06,Football Park,Port Adelaide,West Coast,Port Adelaide,Darren Mead,5,4,6,0,0,1,4
1998,11,1998-06-06,Football Park,Port Adelaide,West Coast,Port Adelaide,Danny Morton,18,4,2,0,3,0,5
1998,11,1998-06-06,Football Park,Port Adelaide,West Coast,Port Adelaide,Chris Naish,4,0,4,2,1,0,2
1998,11,1998-06-06,Football Park,Port Adelaide,West Coast,Port Adelaide,Darryl Poole,4,4,10,0,2,11,3
1998,11,1998-06-06,Football Park,Port Adelaide,West Coast,Port Adelaide,Nick Stevens,2,1,4,1,0,0,0
1998,11,1998-06-06,Football Park,Port Adelaide,West Coast,Port Adelaide,Michael Wilson,8,7,7,0,1,0,1
1998,11,1998-06-06,Football Park,Port Adelaide,West Coast,West Coast,Jason Ball,6,3,4,1,0,11,0
1998,11,1998-06-06,Football Park,Port Adelaide,West Coast,West Coast,Drew Banfield,11,6,5,0,0,0,5
1998,11,1998-06-06,Football Park,Port Adelaide,West Coast,West Coast,Michael Braun,14,4,4,0,0,0,4
1998,11,1998-06-06,Football Park,Port Adelaide,West Coast,West Coast,Ben Cousins,14,3,8,2,1,0,2
1998,11,1998-06-06,Football Park,Port Adelaide,West Coast,West Coast,Andrew Donnelly,3,1,1,0,0,2,1
1998,11,1998-06-06,Football Park,Port Adelaide,West Coast,West Coast,Michael Gardiner,5,5,6,0,0,8,0
1998,11,1998-06-06,Football Park,Port Adelaide,West Coast,West Coast,Fraser Gehrig,9,5,9,0,1,0,0
1998,11,1998-06-06,Football Park,Port Adelaide,West Coast,West Coast,Brett Heady,5,3,3,0,1,0,1
1998,11,1998-06-06,Football Park,Port Adelaide,West Coast,West Coast,Dean Kemp,12,1,9,0,0,0,2
1998,11,1998-06-06,Football Park,Port Adelaide,West Coast,West Coast,Chris Lewis,3,2,1,0,1,0,0
1998,11,1998-06-06,Football Park,Port Adelaide,West Coast,West Coast,Peter Matera,8,3,3,0,0,0,2
1998,11,1998-06-06,Football Park,Port Adelaide,West Coast,West Coast,Ashley McIntosh,9,3,2,0,0,0,0
1998,11,1998-06-06,Football Park,Port Adelaide,West Coast,West Coast,Guy McKenna,10,6,6,0,0,0,3
1998,11,1998-06-06,Football Park,Port Adelaide,West Coast,West Coast,Daniel Metropolis,14,9,3,0,1,0,2
1998,11,1998-06-06,Football Park,Port Adelaide,West Coast,West Coast,Chad Morrison,8,1,3,2,0,0,2
1998,11,1998-06-06,Football Park,Port Adelaide,West Coast,West Coast,Phillip Read,6,1,1,0,0,0,1
1998,11,1998-06-06,Football Park,Port Adelaide,West Coast,West Coast,Jarrad Schofield,2,2,2,1,0,0,0
1998,11,1998-06-06,Football Park,Port Adelaide,West Coast,West Coast,Nicholas Stone,7,7,9,0,0,2,2
1998,11,1998-06-06,Football Park,Port Adelaide,West Coast,West Coast,Paul Symmons,8,5,6,1,0,0,2
1998,11,1998-06-06,Football Park,Port Adelaide,West Coast,West Coast,Chris Waterman,17,6,8,0,1,0,1
1998,11,1998-06-06,Football Park,Port Adelaide,West Coast,West Coast,Mitchell White,9,4,5,1,2,0,5
1998,11,1998-06-06,Football Park,Port Adelaide,West Coast,West Coast,Josh Wooden,4,1,4,0,0,0,4
1998,11,1998-06-07,Subiaco,Fremantle,Brisbane Lions,Fremantle,Daniel Bandy,11,7,5,2,3,12,2
1998,11,1998-06-07,Subiaco,Fremantle,Brisbane Lions,Fremantle,Chris Bond,5,4,6,0,0,0,0
1998,11,1998-06-07,Subiaco,Fremantle,Brisbane Lions,Fremantle,Matthew Burton,6,8,11,1,0,33,0
1998,11,1998-06-07,Subiaco,Fremantle,Brisbane Lions,Fremantle,Craig Callaghan,12,4,9,3,3,0,3
1998,11,1998-06-07,Subiaco,Fremantle,Brisbane Lions,Fremantle,Scott Chisholm,4,3,10,0,0,0,3
1998,11,1998-06-07,Subiaco,Fremantle,Brisbane Lions,Fremantle,James Clement,9,5,6,1,0,1,0
1998,11,1998-06-07,Subiaco,Fremantle,Brisbane Lions,Fremantle,Brad Dodd,17,7,10,1,1,0,1
1998,11,1998-06-07,Subiaco,Fremantle,Brisbane Lions,Fremantle,Mark Gale,14,1,11,0,0,0,3
1998,11,1998-06-07,Subiaco,Fremantle,Brisbane Lions,Fremantle,Greg Harding,15,7,14,0,0,0,0
1998,11,1998-06-07,Subiaco,Fremantle,Brisbane Lions,Fremantle,Kingsley Hunter,6,3,3,2,2,0,0
1998,11,1998-06-07,Subiaco,Fremantle,Brisbane Lions,Fremantle,Anthony Jones,14,4,4,0,0,0,0
1998,11,1998-06-07,Subiaco,Fremantle,Brisbane Lions,Fremantle,Dale Kickett,13,4,5,1,0,0,2
1998,11,1998-06-07,Subiaco,Fremantle,Brisbane Lions,Fremantle,Steven Koops,5,1,1,0,1,0,0
1998,11,1998-06-07,Subiaco,Fremantle,Brisbane Lions,Fremantle,Andrew McGovern,10,7,4,0,0,0,1
1998,11,1998-06-07,Subiaco,Fremantle,Brisbane Lions,Fremantle,Jason Norrish,12,4,7,1,1,0,1
1998,11,1998-06-07,Subiaco,Fremantle,Brisbane Lions,Fremantle,Stephen OReilly,8,6,5,0,0,0,0
1998,11,1998-06-07,Subiaco,Fremantle,Brisbane Lions,Fremantle,Daniel Parker,2,1,0,0,0,0,0
1998,11,1998-06-07,Subiaco,Fremantle,Brisbane Lions,Fremantle,Shane Parker,7,3,10,0,0,0,3
1998,11,1998-06-07,Subiaco,Fremantle,Brisbane Lions,Fremantle,Jess Sinclair,16,2,1,1,1,0,0
1998,11,1998-06-07,Subiaco,Fremantle,Brisbane Lions,Fremantle,Luke Toia,8,2,5,1,0,0,0
1998,11,1998-06-07,Subiaco,Fremantle,Brisbane Lions,Fremantle,Clive Waterhouse,5,1,1,2,1,0,1
1998,11,1998-06-07,Subiaco,Fremantle,Brisbane Lions,Fremantle,Andrew Wills,12,3,7,1,1,0,3
1998,11,1998-06-07,Subiaco,Fremantle,Brisbane Lions,Brisbane Lions,Jason Akermanis,6,4,6,0,0,0,0
1998,11,1998-06-07,Subiaco,Fremantle,Brisbane Lions,Brisbane Lions,Marcus Ashcroft,11,2,9,0,1,0,1
1998,11,1998-06-07,Subiaco,Fremantle,Brisbane Lions,Brisbane Lions,Trent Bartlett,5,2,2,0,0,5,2
1998,11,1998-06-07,Subiaco,Fremantle,Brisbane Lions,Brisbane Lions,Matthew Clarke,3,1,3,0,0,10,0
1998,11,1998-06-07,Subiaco,Fremantle,Brisbane Lions,Brisbane Lions,Danny Dickfos,5,1,5,0,0,1,1
1998,11,1998-06-07,Subiaco,Fremantle,Brisbane Lions,Brisbane Lions,Shaun Hart,19,4,8,0,1,0,4
1998,11,1998-06-07,Subiaco,Fremantle,Brisbane Lions,Brisbane Lions,Matthew Kennedy,9,4,3,0,0,2,4
1998,11,1998-06-07,Subiaco,Fremantle,Brisbane Lions,Brisbane Lions,Craig Lambert,7,0,10,0,0,0,2
1998,11,1998-06-07,Subiaco,Fremantle,Brisbane Lions,Brisbane Lions,Nigel Lappin,10,2,4,1,0,0,3
1998,11,1998-06-07,Subiaco,Fremantle,Brisbane Lions,Brisbane Lions,Steven Lawrence,9,3,4,0,0,0,1
1998,11,1998-06-07,Subiaco,Fremantle,Brisbane Lions,Brisbane Lions,Alastair Lynch,9,4,2,1,0,3,2
1998,11,1998-06-07,Subiaco,Fremantle,Brisbane Lions,Brisbane Lions,Tristan Lynch,15,5,6,0,0,0,7
1998,11,1998-06-07,Subiaco,Fremantle,Brisbane Lions,Brisbane Lions,Craig McRae,13,2,6,1,1,0,0
1998,11,1998-06-07,Subiaco,Fremantle,Brisbane Lions,Brisbane Lions,Jarrod Molloy,2,0,0,0,1,0,0
1998,11,1998-06-07,Subiaco,Fremantle,Brisbane Lions,Brisbane Lions,Luke Power,5,1,4,0,0,0,1
1998,11,1998-06-07,Subiaco,Fremantle,Brisbane Lions,Brisbane Lions,Ben Robbins,9,2,7,0,0,0,3
1998,11,1998-06-07,Subiaco,Fremantle,Brisbane Lions,Brisbane Lions,Brad Scott,16,3,6,0,0,0,2
1998,11,1998-06-07,Subiaco,Fremantle,Brisbane Lions,Brisbane Lions,Chris Scott,12,6,9,3,1,0,0
1998,11,1998-06-07,Subiaco,Fremantle,Brisbane Lions,Brisbane Lions,Dion Scott,9,3,4,1,0,10,1
1998,11,1998-06-07,Subiaco,Fremantle,Brisbane Lions,Brisbane Lions,Brett Voss,9,2,2,0,0,0,1
1998,11,1998-06-07,Subiaco,Fremantle,Brisbane Lions,Brisbane Lions,Michael Voss,3,2,2,0,0,0,1
1998,11,1998-06-07,Subiaco,Fremantle,Brisbane Lions,Brisbane Lions,Darryl White,8,6,9,0,1,0,1
1998,11,1998-06-07,Princes Park,Western Bulldogs,Adelaide,Western Bulldogs,Nathan Brown,13,3,9,0,0,0,0
1998,11,1998-06-07,Princes Park,Western Bulldogs,Adelaide,Western Bulldogs,Leon Cameron,18,5,1,0,0,0,0
1998,11,1998-06-07,Princes Park,Western Bulldogs,Adelaide,Western Bulldogs,Matthew Croft,6,4,7,2,0,1,0
1998,11,1998-06-07,Princes Park,Western Bulldogs,Adelaide,Western Bulldogs,Todd Curley,6,2,1,0,0,0,1
1998,11,1998-06-07,Princes Park,Western Bulldogs,Adelaide,Western Bulldogs,Luke Darcy,11,11,8,0,1,4,0
1998,11,1998-06-07,Princes Park,Western Bulldogs,Adelaide,Western Bulldogs,Paul Dimattina,6,0,4,0,0,0,0
1998,11,1998-06-07,Princes Park,Western Bulldogs,Adelaide,Western Bulldogs,Craig Ellis,4,2,1,0,0,0,0
1998,11,1998-06-07,Princes Park,Western Bulldogs,Adelaide,Western Bulldogs,Simon Garlick,1,0,1,0,0,0,0
1998,11,1998-06-07,Princes Park,Western Bulldogs,Adelaide,Western Bulldogs,Chris Grant,15,9,6,3,4,0,2
1998,11,1998-06-07,Princes Park,Western Bulldogs,Adelaide,Western Bulldogs,Paul Hudson,10,1,5,3,2,0,3
1998,11,1998-06-07,Princes Park,Western Bulldogs,Adelaide,Western Bulldogs,Brad Johnson,15,4,6,4,0,0,0
1998,11,1998-06-07,Princes Park,Western Bulldogs,Adelaide,Western Bulldogs,Steven Kolyniuk,18,6,11,5,2,0,3
1998,11,1998-06-07,Princes Park,Western Bulldogs,Adelaide,Western Bulldogs,Steven Kretiuk,2,4,5,0,0,0,1
1998,11,1998-06-07,Princes Park,Western Bulldogs,Adelaide,Western Bulldogs,Michael Martin,6,0,7,0,0,0,1
1998,11,1998-06-07,Princes Park,Western Bulldogs,Adelaide,Western Bulldogs,Brett Montgomery,14,6,7,3,0,1,2
1998,11,1998-06-07,Princes Park,Western Bulldogs,Adelaide,Western Bulldogs,Stephen Powell,7,0,10,0,0,0,2
1998,11,1998-06-07,Princes Park,Western Bulldogs,Adelaide,Western Bulldogs,Jose Romero,11,2,14,3,0,0,2
1998,11,1998-06-07,Princes Park,Western Bulldogs,Adelaide,Western Bulldogs,Rohan Smith,6,1,6,1,1,0,1
1998,11,1998-06-07,Princes Park,Western Bulldogs,Adelaide,Western Bulldogs,Daniel Southern,6,3,8,0,0,0,1
1998,11,1998-06-07,Princes Park,Western Bulldogs,Adelaide,Western Bulldogs,Scott West,11,3,17,0,0,0,8
1998,11,1998-06-07,Princes Park,Western Bulldogs,Adelaide,Western Bulldogs,Brad Wira,1,0,2,0,0,0,0
1998,11,1998-06-07,Princes Park,Western Bulldogs,Adelaide,Western Bulldogs,Scott Wynd,1,3,13,0,0,23,0
1998,11,1998-06-07,Princes Park,Western Bulldogs,Adelaide,Adelaide,Mark Bickley,11,0,4,1,2,0,1
1998,11,1998-06-07,Princes Park,Western Bulldogs,Adelaide,Adelaide,Troy Bond,1,0,2,0,0,0,0
1998,11,1998-06-07,Princes Park,Western Bulldogs,Adelaide,Adelaide,Peter Caven,7,2,2,0,0,0,0
1998,11,1998-06-07,Princes Park,Western Bulldogs,Adelaide,Adelaide,Matthew Connell,7,1,4,1,0,0,0
1998,11,1998-06-07,Princes Park,Western Bulldogs,Adelaide,Adelaide,Ian Downsborough,5,2,3,2,1,1,0
1998,11,1998-06-07,Princes Park,Western Bulldogs,Adelaide,Adelaide,Andrew Eccles,7,0,5,0,0,0,2
1998,11,1998-06-07,Princes Park,Western Bulldogs,Adelaide,Adelaide,Shane Ellen,13,4,1,0,0,0,2
1998,11,1998-06-07,Princes Park,Western Bulldogs,Adelaide,Adelaide,Simon Goodwin,5,1,6,1,1,0,1
1998,11,1998-06-07,Princes Park,Western Bulldogs,Adelaide,Adelaide,Ben Hart,6,1,1,0,0,3,3
1998,11,1998-06-07,Princes Park,Western Bulldogs,Adelaide,Adelaide,Brett James,4,0,10,0,0,0,3
1998,11,1998-06-07,Princes Park,Western Bulldogs,Adelaide,Adelaide,Rod Jameson,4,2,1,2,1,0,1
1998,11,1998-06-07,Princes Park,Western Bulldogs,Adelaide,Adelaide,Kane Johnson,4,2,6,0,0,0,0
1998,11,1998-06-07,Princes Park,Western Bulldogs,Adelaide,Adelaide,Kym Koster,15,1,9,0,0,0,2
1998,11,1998-06-07,Princes Park,Western Bulldogs,Adelaide,Adelaide,David Pittman,2,0,2,0,0,7,1
1998,11,1998-06-07,Princes Park,Western Bulldogs,Adelaide,Adelaide,Shaun Rehn,11,5,6,0,0,34,1
1998,11,1998-06-07,Princes Park,Western Bulldogs,Adelaide,Adelaide,Chad Rintoul,8,2,3,0,0,0,3
1998,11,1998-06-07,Princes Park,Western Bulldogs,Adelaide,Adelaide,Matthew Robran,8,4,6,1,1,1,0
1998,11,1998-06-07,Princes Park,Western Bulldogs,Adelaide,Adelaide,Clay Sampson,5,1,0,0,0,0,1
1998,11,1998-06-07,Princes Park,Western Bulldogs,Adelaide,Adelaide,Mark Stevens,1,1,3,0,0,0,1
1998,11,1998-06-07,Princes Park,Western Bulldogs,Adelaide,Adelaide,James Thiessen,6,0,1,0,1,0,0
1998,11,1998-06-07,Princes Park,Western Bulldogs,Adelaide,Adelaide,Simon Tregenza,12,2,5,0,0,0,3
1998,11,1998-06-07,Princes Park,Western Bulldogs,Adelaide,Adelaide,Peter Vardy,11,2,5,5,0,0,5
1998,11,1998-06-08,M.C.G.,North Melbourne,Collingwood,North Melbourne,Winston Abraham,12,4,5,2,0,0,2
1998,11,1998-06-08,M.C.G.,North Melbourne,Collingwood,North Melbourne,Glenn Archer,9,5,2,0,0,0,2
1998,11,1998-06-08,M.C.G.,North Melbourne,Collingwood,North Melbourne,Peter Bell,11,2,6,0,0,0,1
1998,11,1998-06-08,M.C.G.,North Melbourne,Collingwood,North Melbourne,John Blakey,8,3,6,0,0,2,0
1998,11,1998-06-08,M.C.G.,North Melbourne,Collingwood,North Melbourne,Wayne Carey,16,11,4,4,2,1,2
1998,11,1998-06-08,M.C.G.,North Melbourne,Collingwood,North Melbourne,Brett Chandler,9,0,4,0,0,0,2
1998,11,1998-06-08,M.C.G.,North Melbourne,Collingwood,North Melbourne,Darren Crocker,7,3,2,3,3,1,0
1998,11,1998-06-08,M.C.G.,North Melbourne,Collingwood,North Melbourne,Shannon Grant,7,1,6,2,0,0,1
1998,11,1998-06-08,M.C.G.,North Melbourne,Collingwood,North Melbourne,Brent Harvey,12,1,6,3,0,0,2
1998,11,1998-06-08,M.C.G.,North Melbourne,Collingwood,North Melbourne,Evan Hewitt,5,4,4,0,0,11,1
1998,11,1998-06-08,M.C.G.,North Melbourne,Collingwood,North Melbourne,David King,17,3,5,1,0,0,0
1998,11,1998-06-08,M.C.G.,North Melbourne,Collingwood,North Melbourne,John Longmire,7,8,6,0,1,12,0
1998,11,1998-06-08,M.C.G.,North Melbourne,Collingwood,North Melbourne,Mick Martyn,3,1,3,0,0,0,0
1998,11,1998-06-08,M.C.G.,North Melbourne,Collingwood,North Melbourne,Jason McCartney,4,5,3,0,0,0,0
1998,11,1998-06-08,M.C.G.,North Melbourne,Collingwood,North Melbourne,Dion Miles,4,2,3,1,1,0,1
1998,11,1998-06-08,M.C.G.,North Melbourne,Collingwood,North Melbourne,Byron Pickett,3,2,4,0,0,0,3
1998,11,1998-06-08,M.C.G.,North Melbourne,Collingwood,North Melbourne,Mark Roberts,9,1,4,0,0,5,1
1998,11,1998-06-08,M.C.G.,North Melbourne,Collingwood,North Melbourne,Anthony Rock,3,0,3,0,0,0,0
1998,11,1998-06-08,M.C.G.,North Melbourne,Collingwood,North Melbourne,Craig Sholl,11,4,2,2,1,0,1
1998,11,1998-06-08,M.C.G.,North Melbourne,Collingwood,North Melbourne,Anthony Stevens,20,3,1,1,0,0,1
1998,11,1998-06-08,M.C.G.,North Melbourne,Collingwood,North Melbourne,Danny Stevens,3,2,3,0,1,0,1
1998,11,1998-06-08,M.C.G.,North Melbourne,Collingwood,North Melbourne,Scott Welsh,7,1,4,0,0,1,4
1998,11,1998-06-08,M.C.G.,North Melbourne,Collingwood,Collingwood,Gavin Brown,8,6,10,0,0,1,1
1998,11,1998-06-08,M.C.G.,North Melbourne,Collingwood,Collingwood,Nathan Buckley,13,0,8,1,0,2,3
1998,11,1998-06-08,M.C.G.,North Melbourne,Collingwood,Collingwood,Gavin Crosisca,18,10,9,0,0,0,2
1998,11,1998-06-08,M.C.G.,North Melbourne,Collingwood,Collingwood,Scott Crow,10,4,7,0,0,1,1
1998,11,1998-06-08,M.C.G.,North Melbourne,Collingwood,Collingwood,Matthew Francis,0,0,0,0,0,4,0
1998,11,1998-06-08,M.C.G.,North Melbourne,Collingwood,Collingwood,Tony Francis,10,3,11,1,1,0,4
1998,11,1998-06-08,M.C.G.,North Melbourne,Collingwood,Collingwood,Brad Fuller,3,1,2,1,1,0,0
1998,11,1998-06-08,M.C.G.,North Melbourne,Collingwood,Collingwood,Luke Godden,5,4,10,0,0,0,2
1998,11,1998-06-08,M.C.G.,North Melbourne,Collingwood,Collingwood,Ben Kinnear,3,1,4,0,0,2,1
1998,11,1998-06-08,M.C.G.,North Melbourne,Collingwood,Collingwood,Chad Liddell,6,1,2,0,1,0,1
1998,11,1998-06-08,M.C.G.,North Melbourne,Collingwood,Collingwood,Damian Monkhorst,5,3,1,0,0,19,0
1998,11,1998-06-08,M.C.G.,North Melbourne,Collingwood,Collingwood,Richard Osborne,9,3,5,0,0,0,0
1998,11,1998-06-08,M.C.G.,North Melbourne,Collingwood,Collingwood,Stephen Patterson,8,5,2,0,1,0,2
1998,11,1998-06-08,M.C.G.,North Melbourne,Collingwood,Collingwood,Mark Richardson,14,9,5,1,2,3,1
1998,11,1998-06-08,M.C.G.,North Melbourne,Collingwood,Collingwood,Anthony Rocca,4,3,3,0,2,2,1
1998,11,1998-06-08,M.C.G.,North Melbourne,Collingwood,Collingwood,Saverio Rocca,7,7,3,4,2,0,0
1998,11,1998-06-08,M.C.G.,North Melbourne,Collingwood,Collingwood,Scott Russell,14,2,5,1,0,0,2
1998,11,1998-06-08,M.C.G.,North Melbourne,Collingwood,Collingwood,Andrew Schauble,0,0,3,0,0,4,0
1998,11,1998-06-08,M.C.G.,North Melbourne,Collingwood,Collingwood,Shane Watson,12,9,1,4,1,0,0
1998,11,1998-06-08,M.C.G.,North Melbourne,Collingwood,Collingwood,Jason Wild,8,4,10,0,0,0,0
1998,11,1998-06-08,M.C.G.,North Melbourne,Collingwood,Collingwood,Paul Williams,16,3,6,0,3,1,1
1998,11,1998-06-08,M.C.G.,North Melbourne,Collingwood,Collingwood,Graham Wright,5,2,6,0,0,0,0
1998,11,1998-06-08,Waverley Park,St Kilda,Richmond,St Kilda,Luke Beveridge,9,3,3,2,1,0,1
1998,11,1998-06-08,Waverley Park,St Kilda,Richmond,St Kilda,Tony Brown,3,0,1,0,1,0,2
1998,11,1998-06-08,Waverley Park,St Kilda,Richmond,St Kilda,Nathan Burke,20,2,14,3,1,1,1
1998,11,1998-06-08,Waverley Park,St Kilda,Richmond,St Kilda,Brad Campbell,5,1,2,0,0,0,0
1998,11,1998-06-08,Waverley Park,St Kilda,Richmond,St Kilda,Tim Elliott,2,4,6,0,0,0,1
1998,11,1998-06-08,Waverley Park,St Kilda,Richmond,St Kilda,Peter Everitt,14,9,9,3,1,21,3
1998,11,1998-06-08,Waverley Park,St Kilda,Richmond,St Kilda,Barry Hall,3,0,2,0,0,0,0
1998,11,1998-06-08,Waverley Park,St Kilda,Richmond,St Kilda,Robert Harvey,20,3,11,1,0,0,3
1998,11,1998-06-08,Waverley Park,St Kilda,Richmond,St Kilda,Daniel Healy,12,8,8,2,0,0,1
1998,11,1998-06-08,Waverley Park,St Kilda,Richmond,St Kilda,Jason Heatley,9,3,6,3,2,0,3
1998,11,1998-06-08,Waverley Park,St Kilda,Richmond,St Kilda,Max Hudghton,8,4,6,0,0,1,0
1998,11,1998-06-08,Waverley Park,St Kilda,Richmond,St Kilda,Austinn Jones,13,4,6,2,1,0,0
1998,11,1998-06-08,Waverley Park,St Kilda,Richmond,St Kilda,Gavin Mitchell,9,2,13,0,0,0,3
1998,11,1998-06-08,Waverley Park,St Kilda,Richmond,St Kilda,Justin Peckett,4,2,2,0,0,0,4
1998,11,1998-06-08,Waverley Park,St Kilda,Richmond,St Kilda,David Sierakowski,5,4,6,0,0,18,4
1998,11,1998-06-08,Waverley Park,St Kilda,Richmond,St Kilda,Steven Sziller,6,6,11,1,0,0,1
1998,11,1998-06-08,Waverley Park,St Kilda,Richmond,St Kilda,Andrew Thompson,7,2,11,1,0,0,1
1998,11,1998-06-08,Waverley Park,St Kilda,Richmond,St Kilda,Jason Traianidis,3,1,2,0,1,0,2
1998,11,1998-06-08,Waverley Park,St Kilda,Richmond,St Kilda,Darryl Wakelin,0,0,0,0,0,0,0
1998,11,1998-06-08,Waverley Park,St Kilda,Richmond,St Kilda,Shane Wakelin,5,3,0,0,0,0,1
1998,11,1998-06-08,Waverley Park,St Kilda,Richmond,St Kilda,Nicky Winmar,13,5,11,2,0,0,3
1998,11,1998-06-08,Waverley Park,St Kilda,Richmond,St Kilda,Matthew Young,18,6,7,1,0,0,3
1998,11,1998-06-08,Waverley Park,St Kilda,Richmond,Richmond,Joel Bowden,10,3,5,1,2,0,3
1998,11,1998-06-08,Waverley Park,St Kilda,Richmond,Richmond,Nathan Bower,3,1,4,0,0,0,0
1998,11,1998-06-08,Waverley Park,St Kilda,Richmond,Richmond,Paul Broderick,12,2,15,1,2,0,3
1998,11,1998-06-08,Waverley Park,St Kilda,Richmond,Richmond,Paul Bulluss,9,6,7,0,0,6,0
1998,11,1998-06-08,Waverley Park,St Kilda,Richmond,Richmond,Wayne Campbell,14,3,14,2,0,1,3
1998,11,1998-06-08,Waverley Park,St Kilda,Richmond,Richmond,Mark Chaffey,7,1,0,0,0,0,0
1998,11,1998-06-08,Waverley Park,St Kilda,Richmond,Richmond,Nick Daffy,13,2,3,2,1,0,3
1998,11,1998-06-08,Waverley Park,St Kilda,Richmond,Richmond,Brett Evans,5,5,7,1,1,0,2
1998,11,1998-06-08,Waverley Park,St Kilda,Richmond,Richmond,Ross Funcke,1,1,0,0,0,0,3
1998,11,1998-06-08,Waverley Park,St Kilda,Richmond,Richmond,Brendon Gale,2,0,8,0,0,14,2
1998,11,1998-06-08,Waverley Park,St Kilda,Richmond,Richmond,Michael Gale,9,2,9,0,0,0,2
1998,11,1998-06-08,Waverley Park,St Kilda,Richmond,Richmond,Darren Gaspar,5,1,8,0,0,2,1
1998,11,1998-06-08,Waverley Park,St Kilda,Richmond,Richmond,Ben Harrison,2,1,0,0,0,1,1
1998,11,1998-06-08,Waverley Park,St Kilda,Richmond,Richmond,Ben Holland,10,2,8,1,0,12,2
1998,11,1998-06-08,Waverley Park,St Kilda,Richmond,Richmond,Andrew Kellaway,4,3,1,0,0,0,4
1998,11,1998-06-08,Waverley Park,St Kilda,Richmond,Richmond,Matthew Knights,16,4,7,1,0,0,4
1998,11,1998-06-08,Waverley Park,St Kilda,Richmond,Richmond,Robert Powell,7,1,7,1,0,0,3
1998,11,1998-06-08,Waverley Park,St Kilda,Richmond,Richmond,Ashley Prescott,7,2,5,2,0,0,3
1998,11,1998-06-08,Waverley Park,St Kilda,Richmond,Richmond,Matthew Richardson,11,5,1,4,5,0,1
1998,11,1998-06-08,Waverley Park,St Kilda,Richmond,Richmond,Matthew Rogers,11,5,5,0,1,0,4
1998,11,1998-06-08,Waverley Park,St Kilda,Richmond,Richmond,Jason Torney,7,1,4,0,0,0,2
1998,11,1998-06-08,Waverley Park,St Kilda,Richmond,Richmond,Scott Turner,7,2,6,0,0,0,4
1998,12,1998-06-12,W.A.C.A.,West Coast,Hawthorn,West Coast,Jason Ball,8,1,4,1,0,4,0
1998,12,1998-06-12,W.A.C.A.,West Coast,Hawthorn,West Coast,Drew Banfield,12,5,11,1,1,0,0
1998,12,1998-06-12,W.A.C.A.,West Coast,Hawthorn,West Coast,Michael Braun,14,2,2,2,0,0,4
1998,12,1998-06-12,W.A.C.A.,West Coast,Hawthorn,West Coast,Ben Cousins,15,3,9,0,0,0,2
1998,12,1998-06-12,W.A.C.A.,West Coast,Hawthorn,West Coast,Andrew Donnelly,6,3,5,0,0,0,2
1998,12,1998-06-12,W.A.C.A.,West Coast,Hawthorn,West Coast,Michael Gardiner,7,7,8,1,0,32,1
1998,12,1998-06-12,W.A.C.A.,West Coast,Hawthorn,West Coast,Fraser Gehrig,8,6,5,5,0,1,0
1998,12,1998-06-12,W.A.C.A.,West Coast,Hawthorn,West Coast,Brett Heady,8,2,5,3,0,0,2
1998,12,1998-06-12,W.A.C.A.,West Coast,Hawthorn,West Coast,Peter Matera,13,3,2,0,0,0,0
1998,12,1998-06-12,W.A.C.A.,West Coast,Hawthorn,West Coast,Phillip Matera,16,8,4,0,3,0,3
1998,12,1998-06-12,W.A.C.A.,West Coast,Hawthorn,West Coast,Ashley McIntosh,6,3,3,0,0,0,2
1998,12,1998-06-12,W.A.C.A.,West Coast,Hawthorn,West Coast,Guy McKenna,0,0,1,0,0,0,1
1998,12,1998-06-12,W.A.C.A.,West Coast,Hawthorn,West Coast,Daniel Metropolis,9,1,3,0,0,0,3
1998,12,1998-06-12,W.A.C.A.,West Coast,Hawthorn,West Coast,Chad Morrison,12,5,7,1,1,1,2
1998,12,1998-06-12,W.A.C.A.,West Coast,Hawthorn,West Coast,Phillip Read,8,0,2,1,0,0,4
1998,12,1998-06-12,W.A.C.A.,West Coast,Hawthorn,West Coast,Jarrad Schofield,1,0,0,0,0,0,1
1998,12,1998-06-12,W.A.C.A.,West Coast,Hawthorn,West Coast,Nicholas Stone,2,1,1,0,0,0,3
1998,12,1998-06-12,W.A.C.A.,West Coast,Hawthorn,West Coast,Paul Symmons,10,2,2,1,0,0,2
1998,12,1998-06-12,W.A.C.A.,West Coast,Hawthorn,West Coast,Ryan Turnbull,0,1,1,0,0,1,0
1998,12,1998-06-12,W.A.C.A.,West Coast,Hawthorn,West Coast,Chris Waterman,21,7,4,0,1,0,5
1998,12,1998-06-12,W.A.C.A.,West Coast,Hawthorn,West Coast,Mitchell White,8,4,5,2,0,0,1
1998,12,1998-06-12,W.A.C.A.,West Coast,Hawthorn,West Coast,John Worsfold,5,4,3,1,1,0,1
1998,12,1998-06-12,W.A.C.A.,West Coast,Hawthorn,Hawthorn,Nathan Chapman,4,0,2,0,0,0,0
1998,12,1998-06-12,W.A.C.A.,West Coast,Hawthorn,Hawthorn,Daniel Chick,10,2,4,2,0,0,0
1998,12,1998-06-12,W.A.C.A.,West Coast,Hawthorn,Hawthorn,Justin Crawford,11,5,5,0,1,0,2
1998,12,1998-06-12,W.A.C.A.,West Coast,Hawthorn,Hawthorn,Shane Crawford,17,5,9,1,0,0,1
1998,12,1998-06-12,W.A.C.A.,West Coast,Hawthorn,Hawthorn,Ben Dixon,10,5,4,6,1,0,1
1998,12,1998-06-12,W.A.C.A.,West Coast,Hawthorn,Hawthorn,Jason Dunstall,2,1,1,1,0,0,2
1998,12,1998-06-12,W.A.C.A.,West Coast,Hawthorn,Hawthorn,Mark Graham,9,3,9,0,0,3,2
1998,12,1998-06-12,W.A.C.A.,West Coast,Hawthorn,Hawthorn,Daniel Harford,11,1,3,0,0,0,4
1998,12,1998-06-12,W.A.C.A.,West Coast,Hawthorn,Hawthorn,Jon Hassall,7,2,5,0,0,0,2
1998,12,1998-06-12,W.A.C.A.,West Coast,Hawthorn,Hawthorn,Jonathan Hay,12,3,2,0,0,0,2
1998,12,1998-06-12,W.A.C.A.,West Coast,Hawthorn,Hawthorn,Nick Holland,14,8,7,2,2,3,0
1998,12,1998-06-12,W.A.C.A.,West Coast,Hawthorn,Hawthorn,Darren Kappler,12,2,5,2,0,0,3
1998,12,1998-06-12,W.A.C.A.,West Coast,Hawthorn,Hawthorn,Haydon Kilmartin,0,0,0,0,0,0,0
1998,12,1998-06-12,W.A.C.A.,West Coast,Hawthorn,Hawthorn,Brendan Krummel,4,1,9,1,0,0,2
1998,12,1998-06-12,W.A.C.A.,West Coast,Hawthorn,Hawthorn,Angelo Lekkas,14,5,2,0,0,0,3
1998,12,1998-06-12,W.A.C.A.,West Coast,Hawthorn,Hawthorn,Aaron Lord,16,6,8,0,1,0,1
1998,12,1998-06-12,W.A.C.A.,West Coast,Hawthorn,Hawthorn,Luke McCabe,8,1,6,0,0,0,1
1998,12,1998-06-12,W.A.C.A.,West Coast,Hawthorn,Hawthorn,Jonathon Robran,3,2,3,0,0,3,2
1998,12,1998-06-12,W.A.C.A.,West Coast,Hawthorn,Hawthorn,Paul Salmon,11,6,11,0,0,40,0
1998,12,1998-06-12,W.A.C.A.,West Coast,Hawthorn,Hawthorn,Rayden Tallis,4,0,6,0,0,0,1
1998,12,1998-06-12,W.A.C.A.,West Coast,Hawthorn,Hawthorn,Richard Taylor,10,2,7,1,0,0,1
1998,12,1998-06-12,W.A.C.A.,West Coast,Hawthorn,Hawthorn,Craig Treleven,22,5,13,1,0,0,1
1998,12,1998-06-13,Princes Park,Carlton,Sydney,Carlton,Matthew Allan,8,3,10,1,0,34,1
1998,12,1998-06-13,Princes Park,Carlton,Sydney,Carlton,Simon Beaumont,12,6,5,0,0,0,1
1998,12,1998-06-13,Princes Park,Carlton,Sydney,Carlton,Craig Bradley,15,5,7,0,1,0,1
1998,12,1998-06-13,Princes Park,Carlton,Sydney,Carlton,Fraser Brown,13,2,12,0,0,0,0
1998,12,1998-06-13,Princes Park,Carlton,Sydney,Carlton,Scott Camporeale,17,5,13,0,1,0,0
1998,12,1998-06-13,Princes Park,Carlton,Sydney,Carlton,Ron De Iulio,10,3,0,1,2,0,0
1998,12,1998-06-13,Princes Park,Carlton,Sydney,Carlton,Anthony Franchina,9,3,4,0,0,0,4
1998,12,1998-06-13,Princes Park,Carlton,Sydney,Carlton,Aaron Hamill,13,7,14,4,1,0,4
1998,12,1998-06-13,Princes Park,Carlton,Sydney,Carlton,Darren Hulme,6,2,10,1,0,0,2
1998,12,1998-06-13,Princes Park,Carlton,Sydney,Carlton,Anthony Koutoufides,9,3,3,0,2,2,0
1998,12,1998-06-13,Princes Park,Carlton,Sydney,Carlton,Damien Lock,4,2,3,0,0,0,0
1998,12,1998-06-13,Princes Park,Carlton,Sydney,Carlton,Glenn Manton,10,16,15,0,0,5,3
1998,12,1998-06-13,Princes Park,Carlton,Sydney,Carlton,Justin Murphy,0,0,3,0,0,0,0
1998,12,1998-06-13,Princes Park,Carlton,Sydney,Carlton,Ben Nelson,6,2,7,0,0,0,2
1998,12,1998-06-13,Princes Park,Carlton,Sydney,Carlton,Brad Pearce,15,6,3,5,3,0,1
1998,12,1998-06-13,Princes Park,Carlton,Sydney,Carlton,Mark Porter,0,0,0,0,0,1,0
1998,12,1998-06-13,Princes Park,Carlton,Sydney,Carlton,Brett Ratten,15,7,12,0,0,0,2
1998,12,1998-06-13,Princes Park,Carlton,Sydney,Carlton,Dean Rice,16,5,5,1,0,0,2
1998,12,1998-06-13,Princes Park,Carlton,Sydney,Carlton,Michael Sexton,11,8,6,0,3,1,1
1998,12,1998-06-13,Princes Park,Carlton,Sydney,Carlton,Stephen Silvagni,10,2,1,0,0,0,0
1998,12,1998-06-13,Princes Park,Carlton,Sydney,Carlton,Adam White,5,3,2,0,0,0,0
1998,12,1998-06-13,Princes Park,Carlton,Sydney,Carlton,Lance Whitnall,15,9,6,1,1,6,1
1998,12,1998-06-13,Princes Park,Carlton,Sydney,Sydney,Mark Bayes,5,2,2,0,1,0,1
1998,12,1998-06-13,Princes Park,Carlton,Sydney,Sydney,Troy Cook,9,3,7,0,0,0,4
1998,12,1998-06-13,Princes Park,Carlton,Sydney,Sydney,Daryn Cresswell,22,5,8,1,0,2,3
1998,12,1998-06-13,Princes Park,Carlton,Sydney,Sydney,Jared Crouch,14,5,4,0,0,1,3
1998,12,1998-06-13,Princes Park,Carlton,Sydney,Sydney,Andrew Dunkley,10,7,3,0,1,0,3
1998,12,1998-06-13,Princes Park,Carlton,Sydney,Sydney,Peter Filandia,5,4,4,0,2,0,3
1998,12,1998-06-13,Princes Park,Carlton,Sydney,Sydney,Paul Kelly,12,8,8,2,1,0,1
1998,12,1998-06-13,Princes Park,Carlton,Sydney,Sydney,Mark Kinnear,0,0,2,0,0,1,0
1998,12,1998-06-13,Princes Park,Carlton,Sydney,Sydney,Dale Lewis,5,3,4,1,0,0,2
1998,12,1998-06-13,Princes Park,Carlton,Sydney,Sydney,Tony Lockett,5,2,1,3,2,0,1
1998,12,1998-06-13,Princes Park,Carlton,Sydney,Sydney,Troy Luff,15,9,2,3,0,1,2
1998,12,1998-06-13,Princes Park,Carlton,Sydney,Sydney,Stuart Maxfield,9,2,2,0,0,0,1
1998,12,1998-06-13,Princes Park,Carlton,Sydney,Sydney,Jason Mooney,1,1,3,0,0,1,0
1998,12,1998-06-13,Princes Park,Carlton,Sydney,Sydney,Matthew Nicks,17,9,7,0,0,0,2
1998,12,1998-06-13,Princes Park,Carlton,Sydney,Sydney,Michael OLoughlin,12,9,4,1,1,0,0
1998,12,1998-06-13,Princes Park,Carlton,Sydney,Sydney,Mark Orchard,11,2,7,0,0,0,1
1998,12,1998-06-13,Princes Park,Carlton,Sydney,Sydney,Paul Roos,1,2,5,0,0,0,1
1998,12,1998-06-13,Princes Park,Carlton,Sydney,Sydney,Jason Saddington,15,9,1,0,0,0,0
1998,12,1998-06-13,Princes Park,Carlton,Sydney,Sydney,Wayne Schwass,10,1,4,0,0,0,1
1998,12,1998-06-13,Princes Park,Carlton,Sydney,Sydney,Brad Seymour,10,5,5,0,0,0,1
1998,12,1998-06-13,Princes Park,Carlton,Sydney,Sydney,Greg Stafford,2,3,3,0,0,17,0
1998,12,1998-06-13,Princes Park,Carlton,Sydney,Sydney,John Stevens,7,7,4,0,0,0,1
1998,12,1998-06-13,M.C.G.,Melbourne,Geelong,Melbourne,Matthew Bishop,7,1,3,0,0,0,2
1998,12,1998-06-13,M.C.G.,Melbourne,Geelong,Melbourne,Matthew Febey,8,4,7,0,0,0,3
1998,12,1998-06-13,M.C.G.,Melbourne,Geelong,Melbourne,Steven Febey,4,2,10,0,0,0,2
1998,12,1998-06-13,M.C.G.,Melbourne,Geelong,Melbourne,Brent Grgic,7,5,8,0,1,1,0
1998,12,1998-06-13,M.C.G.,Melbourne,Geelong,Melbourne,Paul Hopgood,13,3,6,0,0,0,3
1998,12,1998-06-13,M.C.G.,Melbourne,Geelong,Melbourne,Anthony Ingerson,2,2,4,0,0,0,0
1998,12,1998-06-13,M.C.G.,Melbourne,Geelong,Melbourne,Travis Johnstone,6,2,3,1,0,0,4
1998,12,1998-06-13,M.C.G.,Melbourne,Geelong,Melbourne,Andrew Leoncelli,11,0,5,0,0,0,1
1998,12,1998-06-13,M.C.G.,Melbourne,Geelong,Melbourne,Troy Longmuir,3,3,5,1,0,0,1
1998,12,1998-06-13,M.C.G.,Melbourne,Geelong,Melbourne,Garry Lyon,12,8,2,2,0,0,3
1998,12,1998-06-13,M.C.G.,Melbourne,Geelong,Melbourne,Anthony McDonald,5,4,4,0,0,0,0
1998,12,1998-06-13,M.C.G.,Melbourne,Geelong,Melbourne,Guy Rigoni,9,4,16,0,1,0,2
1998,12,1998-06-13,M.C.G.,Melbourne,Geelong,Melbourne,David Schwarz,4,4,6,0,1,2,0
1998,12,1998-06-13,M.C.G.,Melbourne,Geelong,Melbourne,Marcus Seecamp,11,6,12,0,0,2,1
1998,12,1998-06-13,M.C.G.,Melbourne,Geelong,Melbourne,Jamie Shanahan,0,1,1,0,0,1,1
1998,12,1998-06-13,M.C.G.,Melbourne,Geelong,Melbourne,Craig Smoker,8,3,1,2,1,0,3
1998,12,1998-06-13,M.C.G.,Melbourne,Geelong,Melbourne,Jim Stynes,5,2,0,0,0,11,0
1998,12,1998-06-13,M.C.G.,Melbourne,Geelong,Melbourne,Todd Viney,11,4,12,0,0,0,4
1998,12,1998-06-13,M.C.G.,Melbourne,Geelong,Melbourne,Daniel Ward,9,2,6,0,0,0,2
1998,12,1998-06-13,M.C.G.,Melbourne,Geelong,Melbourne,Jeff White,8,5,6,1,0,22,3
1998,12,1998-06-13,M.C.G.,Melbourne,Geelong,Melbourne,Shane Woewodin,6,2,12,0,0,0,4
1998,12,1998-06-13,M.C.G.,Melbourne,Geelong,Melbourne,Adem Yze,21,3,3,0,0,0,4
1998,12,1998-06-13,M.C.G.,Melbourne,Geelong,Geelong,John Barnes,6,5,8,0,0,10,3
1998,12,1998-06-13,M.C.G.,Melbourne,Geelong,Geelong,Craig Biddiscombe,3,2,4,0,1,0,1
1998,12,1998-06-13,M.C.G.,Melbourne,Geelong,Geelong,Clint Bizzell,11,3,1,1,2,0,0
1998,12,1998-06-13,M.C.G.,Melbourne,Geelong,Geelong,Ronnie Burns,8,0,3,4,2,0,1
1998,12,1998-06-13,M.C.G.,Melbourne,Geelong,Geelong,Leigh Colbert,11,4,14,1,0,3,6
1998,12,1998-06-13,M.C.G.,Melbourne,Geelong,Geelong,Paul Corrigan,9,2,4,0,0,0,1
1998,12,1998-06-13,M.C.G.,Melbourne,Geelong,Geelong,Ben Graham,6,3,5,0,0,0,1
1998,12,1998-06-13,M.C.G.,Melbourne,Geelong,Geelong,Garry Hocking,15,4,9,1,0,0,1
1998,12,1998-06-13,M.C.G.,Melbourne,Geelong,Geelong,Glenn Kilpatrick,14,3,6,0,0,0,4
1998,12,1998-06-13,M.C.G.,Melbourne,Geelong,Geelong,Daniel Lowther,6,1,1,0,0,0,0
1998,12,1998-06-13,M.C.G.,Melbourne,Geelong,Geelong,Michael Mansfield,11,6,9,0,0,0,0
1998,12,1998-06-13,M.C.G.,Melbourne,Geelong,Geelong,Tim McGrath,12,5,8,0,0,3,1
1998,12,1998-06-13,M.C.G.,Melbourne,Geelong,Geelong,Martin McKinnon,2,4,6,0,0,0,1
1998,12,1998-06-13,M.C.G.,Melbourne,Geelong,Geelong,David Mensch,14,8,6,3,0,4,2
1998,12,1998-06-13,M.C.G.,Melbourne,Geelong,Geelong,James Rahilly,10,2,10,1,0,0,4
1998,12,1998-06-13,M.C.G.,Melbourne,Geelong,Geelong,Peter Riccardi,18,5,7,2,1,0,3
1998,12,1998-06-13,M.C.G.,Melbourne,Geelong,Geelong,Brenton Sanderson,19,6,6,0,0,0,0
1998,12,1998-06-13,M.C.G.,Melbourne,Geelong,Geelong,Brad Sholl,11,2,11,2,0,0,2
1998,12,1998-06-13,M.C.G.,Melbourne,Geelong,Geelong,Jason Snell,4,1,4,3,1,0,0
1998,12,1998-06-13,M.C.G.,Melbourne,Geelong,Geelong,Brett Spinks,5,6,4,4,0,2,2
1998,12,1998-06-13,M.C.G.,Melbourne,Geelong,Geelong,Carl Steinfort,2,2,3,0,0,0,2
1998,12,1998-06-13,M.C.G.,Melbourne,Geelong,Geelong,Barry Stoneham,7,2,1,0,0,2,2
1998,12,1998-06-13,Football Park,Adelaide,Essendon,Adelaide,Mark Bickley,6,5,9,0,1,0,3
1998,12,1998-06-13,Football Park,Adelaide,Essendon,Adelaide,Sudjai Cook,11,2,8,0,1,0,3
1998,12,1998-06-13,Football Park,Adelaide,Essendon,Adelaide,Ian Downsborough,2,1,1,0,1,0,0
1998,12,1998-06-13,Football Park,Adelaide,Essendon,Adelaide,Andrew Eccles,2,0,3,1,0,0,1
1998,12,1998-06-13,Football Park,Adelaide,Essendon,Adelaide,Simon Goodwin,9,4,4,0,0,0,1
1998,12,1998-06-13,Football Park,Adelaide,Essendon,Adelaide,Ben Hart,6,4,0,1,0,0,0
1998,12,1998-06-13,Football Park,Adelaide,Essendon,Adelaide,Brett James,12,3,18,0,1,0,1
1998,12,1998-06-13,Football Park,Adelaide,Essendon,Adelaide,Rod Jameson,1,0,0,0,1,1,0
1998,12,1998-06-13,Football Park,Adelaide,Essendon,Adelaide,Kane Johnson,7,1,5,0,0,0,0
1998,12,1998-06-13,Football Park,Adelaide,Essendon,Adelaide,Kym Koster,12,3,6,0,1,0,3
1998,12,1998-06-13,Football Park,Adelaide,Essendon,Adelaide,Trent Ormond-Allen,7,4,1,0,0,1,1
1998,12,1998-06-13,Football Park,Adelaide,Essendon,Adelaide,David Pittman,3,1,1,0,1,0,0
1998,12,1998-06-13,Football Park,Adelaide,Essendon,Adelaide,Shaun Rehn,10,6,6,1,0,19,2
1998,12,1998-06-13,Football Park,Adelaide,Essendon,Adelaide,Mark Ricciuto,12,3,5,2,2,0,1
1998,12,1998-06-13,Football Park,Adelaide,Essendon,Adelaide,Chad Rintoul,1,0,1,0,1,0,0
1998,12,1998-06-13,Football Park,Adelaide,Essendon,Adelaide,Matthew Robran,12,4,11,3,0,13,2
1998,12,1998-06-13,Football Park,Adelaide,Essendon,Adelaide,Clay Sampson,3,1,0,0,0,0,1
1998,12,1998-06-13,Football Park,Adelaide,Essendon,Adelaide,Nigel Smart,13,3,1,1,0,0,10
1998,12,1998-06-13,Football Park,Adelaide,Essendon,Adelaide,Mark Stevens,10,5,5,2,2,1,3
1998,12,1998-06-13,Football Park,Adelaide,Essendon,Adelaide,James Thiessen,17,4,3,1,2,0,3
1998,12,1998-06-13,Football Park,Adelaide,Essendon,Adelaide,Simon Tregenza,12,3,3,0,0,0,0
1998,12,1998-06-13,Football Park,Adelaide,Essendon,Adelaide,Peter Vardy,13,1,2,3,2,0,2
1998,12,1998-06-13,Football Park,Adelaide,Essendon,Essendon,Steven Alessio,8,6,3,2,0,11,0
1998,12,1998-06-13,Football Park,Adelaide,Essendon,Essendon,Paul Barnard,3,4,3,0,0,0,1
1998,12,1998-06-13,Football Park,Adelaide,Essendon,Essendon,Peter Berbakov,6,5,3,0,0,0,0
1998,12,1998-06-13,Football Park,Adelaide,Essendon,Essendon,Darren Bewick,18,6,3,2,3,0,1
1998,12,1998-06-13,Football Park,Adelaide,Essendon,Essendon,Justin Blumfield,12,7,8,0,0,0,4
1998,12,1998-06-13,Football Park,Adelaide,Essendon,Essendon,David Calthorpe,23,5,7,2,3,0,0
1998,12,1998-06-13,Football Park,Adelaide,Essendon,Essendon,Blake Caracella,10,6,11,1,0,1,0
1998,12,1998-06-13,Football Park,Adelaide,Essendon,Essendon,Che Cockatoo-Collins,5,0,1,0,0,0,1
1998,12,1998-06-13,Football Park,Adelaide,Essendon,Essendon,Simon Eastaugh,6,5,1,0,2,16,0
1998,12,1998-06-13,Football Park,Adelaide,Essendon,Essendon,Damien Hardwick,17,7,6,0,0,0,3
1998,12,1998-06-13,Football Park,Adelaide,Essendon,Essendon,James Hird,11,7,14,1,1,0,6
1998,12,1998-06-13,Football Park,Adelaide,Essendon,Essendon,Matthew Lloyd,8,5,2,1,1,0,1
1998,12,1998-06-13,Football Park,Adelaide,Essendon,Essendon,Michael Long,7,3,2,3,0,0,0
1998,12,1998-06-13,Football Park,Adelaide,Essendon,Essendon,Scott Lucas,13,4,5,1,4,0,2
1998,12,1998-06-13,Football Park,Adelaide,Essendon,Essendon,Mark Mercuri,11,5,7,1,0,0,1
1998,12,1998-06-13,Football Park,Adelaide,Essendon,Essendon,Joe Misiti,14,5,6,0,0,0,0
1998,12,1998-06-13,Football Park,Adelaide,Essendon,Essendon,Gary Moorcroft,3,1,0,1,0,0,0
1998,12,1998-06-13,Football Park,Adelaide,Essendon,Essendon,Ryan OConnor,2,2,3,0,0,2,1
1998,12,1998-06-13,Football Park,Adelaide,Essendon,Essendon,Ricky Olarenshaw,13,2,16,0,1,0,2
1998,12,1998-06-13,Football Park,Adelaide,Essendon,Essendon,Michael Prior,3,1,0,0,0,0,0
1998,12,1998-06-13,Football Park,Adelaide,Essendon,Essendon,Dean Solomon,4,3,7,0,0,0,4
1998,12,1998-06-13,Football Park,Adelaide,Essendon,Essendon,Sean Wellman,6,3,4,0,0,2,0
1998,12,1998-06-14,Waverley Park,Collingwood,St Kilda,Collingwood,Gavin Brown,10,7,8,0,0,1,0
1998,12,1998-06-14,Waverley Park,Collingwood,St Kilda,Collingwood,Nathan Buckley,33,7,10,1,3,1,3
1998,12,1998-06-14,Waverley Park,Collingwood,St Kilda,Collingwood,Gavin Crosisca,12,5,6,1,3,0,2
1998,12,1998-06-14,Waverley Park,Collingwood,St Kilda,Collingwood,Scott Crow,7,2,5,1,0,0,1
1998,12,1998-06-14,Waverley Park,Collingwood,St Kilda,Collingwood,Matthew Francis,2,1,4,0,0,4,2
1998,12,1998-06-14,Waverley Park,Collingwood,St Kilda,Collingwood,Tony Francis,5,0,5,0,0,0,4
1998,12,1998-06-14,Waverley Park,Collingwood,St Kilda,Collingwood,Brad Fuller,1,0,5,0,0,0,3
1998,12,1998-06-14,Waverley Park,Collingwood,St Kilda,Collingwood,Luke Godden,7,4,6,0,0,0,1
1998,12,1998-06-14,Waverley Park,Collingwood,St Kilda,Collingwood,Ben Kinnear,3,1,1,0,0,1,2
1998,12,1998-06-14,Waverley Park,Collingwood,St Kilda,Collingwood,Josh Mahoney,5,3,5,0,1,0,2
1998,12,1998-06-14,Waverley Park,Collingwood,St Kilda,Collingwood,Richard Osborne,4,1,1,0,0,0,4
1998,12,1998-06-14,Waverley Park,Collingwood,St Kilda,Collingwood,Simon Prestigiacomo,8,3,3,0,0,0,1
1998,12,1998-06-14,Waverley Park,Collingwood,St Kilda,Collingwood,Frankie Raso,4,1,5,0,0,0,5
1998,12,1998-06-14,Waverley Park,Collingwood,St Kilda,Collingwood,Mark Richardson,8,4,3,0,1,3,0
1998,12,1998-06-14,Waverley Park,Collingwood,St Kilda,Collingwood,Anthony Rocca,2,3,7,0,0,5,1
1998,12,1998-06-14,Waverley Park,Collingwood,St Kilda,Collingwood,Saverio Rocca,9,3,6,1,3,10,0
1998,12,1998-06-14,Waverley Park,Collingwood,St Kilda,Collingwood,Scott Russell,18,2,6,1,0,0,2
1998,12,1998-06-14,Waverley Park,Collingwood,St Kilda,Collingwood,Andrew Schauble,8,6,10,0,0,6,1
1998,12,1998-06-14,Waverley Park,Collingwood,St Kilda,Collingwood,Shane Watson,11,4,6,5,2,0,1
1998,12,1998-06-14,Waverley Park,Collingwood,St Kilda,Collingwood,Jason Wild,2,0,2,0,0,0,1
1998,12,1998-06-14,Waverley Park,Collingwood,St Kilda,Collingwood,Paul Williams,15,4,7,1,0,1,1
1998,12,1998-06-14,Waverley Park,Collingwood,St Kilda,Collingwood,Graham Wright,9,4,14,0,0,0,1
1998,12,1998-06-14,Waverley Park,Collingwood,St Kilda,St Kilda,Luke Beveridge,3,1,1,0,0,0,0
1998,12,1998-06-14,Waverley Park,Collingwood,St Kilda,St Kilda,Tony Brown,3,0,0,1,0,0,0
1998,12,1998-06-14,Waverley Park,Collingwood,St Kilda,St Kilda,Nathan Burke,20,7,8,1,1,0,2
1998,12,1998-06-14,Waverley Park,Collingwood,St Kilda,St Kilda,Brad Campbell,6,2,7,0,0,0,4
1998,12,1998-06-14,Waverley Park,Collingwood,St Kilda,St Kilda,Tim Elliott,7,7,4,2,1,0,0
1998,12,1998-06-14,Waverley Park,Collingwood,St Kilda,St Kilda,Peter Everitt,20,9,6,0,1,16,1
1998,12,1998-06-14,Waverley Park,Collingwood,St Kilda,St Kilda,Robert Harvey,22,7,11,0,0,0,2
1998,12,1998-06-14,Waverley Park,Collingwood,St Kilda,St Kilda,Daniel Healy,5,3,2,1,0,0,2
1998,12,1998-06-14,Waverley Park,Collingwood,St Kilda,St Kilda,Jason Heatley,9,4,3,4,1,0,3
1998,12,1998-06-14,Waverley Park,Collingwood,St Kilda,St Kilda,Max Hudghton,8,1,5,0,0,0,1
1998,12,1998-06-14,Waverley Park,Collingwood,St Kilda,St Kilda,Austinn Jones,9,3,7,0,0,0,3
1998,12,1998-06-14,Waverley Park,Collingwood,St Kilda,St Kilda,Matthew Lappin,1,1,2,0,0,0,0
1998,12,1998-06-14,Waverley Park,Collingwood,St Kilda,St Kilda,Stewart Loewe,10,2,3,5,1,17,1
1998,12,1998-06-14,Waverley Park,Collingwood,St Kilda,St Kilda,Gavin Mitchell,3,0,2,0,1,0,3
1998,12,1998-06-14,Waverley Park,Collingwood,St Kilda,St Kilda,Justin Peckett,9,5,6,0,0,0,2
1998,12,1998-06-14,Waverley Park,Collingwood,St Kilda,St Kilda,David Sierakowski,1,0,0,0,0,1,0
1998,12,1998-06-14,Waverley Park,Collingwood,St Kilda,St Kilda,Steven Sziller,15,3,3,1,2,0,3
1998,12,1998-06-14,Waverley Park,Collingwood,St Kilda,St Kilda,Andrew Thompson,13,5,13,1,0,0,2
1998,12,1998-06-14,Waverley Park,Collingwood,St Kilda,St Kilda,Darryl Wakelin,10,6,2,0,0,0,1
1998,12,1998-06-14,Waverley Park,Collingwood,St Kilda,St Kilda,Shane Wakelin,7,2,3,0,0,0,2
1998,12,1998-06-14,Waverley Park,Collingwood,St Kilda,St Kilda,Nicky Winmar,14,6,14,1,1,0,3
1998,12,1998-06-14,Waverley Park,Collingwood,St Kilda,St Kilda,Matthew Young,10,3,9,0,0,0,2
1998,12,1998-06-14,Princes Park,Western Bulldogs,Fremantle,Western Bulldogs,Nathan Brown,10,2,2,2,0,0,0
1998,12,1998-06-14,Princes Park,Western Bulldogs,Fremantle,Western Bulldogs,Leon Cameron,14,1,6,0,0,0,0
1998,12,1998-06-14,Princes Park,Western Bulldogs,Fremantle,Western Bulldogs,Simon Cox,1,0,2,0,0,0,0
1998,12,1998-06-14,Princes Park,Western Bulldogs,Fremantle,Western Bulldogs,Matthew Croft,9,3,13,1,2,0,1
1998,12,1998-06-14,Princes Park,Western Bulldogs,Fremantle,Western Bulldogs,Todd Curley,8,1,9,0,0,0,3
1998,12,1998-06-14,Princes Park,Western Bulldogs,Fremantle,Western Bulldogs,Luke Darcy,14,8,5,2,0,2,1
1998,12,1998-06-14,Princes Park,Western Bulldogs,Fremantle,Western Bulldogs,Paul Dimattina,2,1,1,0,0,0,0
1998,12,1998-06-14,Princes Park,Western Bulldogs,Fremantle,Western Bulldogs,Simon Garlick,14,1,13,0,1,0,3
1998,12,1998-06-14,Princes Park,Western Bulldogs,Fremantle,Western Bulldogs,Chris Grant,15,7,6,2,2,0,3
1998,12,1998-06-14,Princes Park,Western Bulldogs,Fremantle,Western Bulldogs,Paul Hudson,7,3,7,3,1,0,0
1998,12,1998-06-14,Princes Park,Western Bulldogs,Fremantle,Western Bulldogs,Brad Johnson,10,1,9,0,0,0,1
1998,12,1998-06-14,Princes Park,Western Bulldogs,Fremantle,Western Bulldogs,Steven Kolyniuk,5,0,4,1,0,0,2
1998,12,1998-06-14,Princes Park,Western Bulldogs,Fremantle,Western Bulldogs,Steven Kretiuk,5,2,4,0,0,0,0
1998,12,1998-06-14,Princes Park,Western Bulldogs,Fremantle,Western Bulldogs,Michael Martin,7,2,3,1,0,0,1
1998,12,1998-06-14,Princes Park,Western Bulldogs,Fremantle,Western Bulldogs,Brett Montgomery,8,3,6,0,0,0,1
1998,12,1998-06-14,Princes Park,Western Bulldogs,Fremantle,Western Bulldogs,Stephen Powell,10,4,7,1,2,0,0
1998,12,1998-06-14,Princes Park,Western Bulldogs,Fremantle,Western Bulldogs,Jose Romero,10,3,22,0,0,0,1
1998,12,1998-06-14,Princes Park,Western Bulldogs,Fremantle,Western Bulldogs,Rohan Smith,13,8,8,5,2,0,2
1998,12,1998-06-14,Princes Park,Western Bulldogs,Fremantle,Western Bulldogs,Daniel Southern,1,2,4,0,0,0,0
1998,12,1998-06-14,Princes Park,Western Bulldogs,Fremantle,Western Bulldogs,Scott West,13,4,20,0,0,0,3
1998,12,1998-06-14,Princes Park,Western Bulldogs,Fremantle,Western Bulldogs,Brad Wira,7,2,6,0,0,0,1
1998,12,1998-06-14,Princes Park,Western Bulldogs,Fremantle,Western Bulldogs,Scott Wynd,3,3,17,0,0,28,1
1998,12,1998-06-14,Princes Park,Western Bulldogs,Fremantle,Fremantle,Daniel Bandy,6,1,0,2,1,5,1
1998,12,1998-06-14,Princes Park,Western Bulldogs,Fremantle,Fremantle,Chris Bond,12,6,4,1,0,0,1
1998,12,1998-06-14,Princes Park,Western Bulldogs,Fremantle,Fremantle,Matthew Burton,0,0,2,0,0,9,1
1998,12,1998-06-14,Princes Park,Western Bulldogs,Fremantle,Fremantle,Craig Callaghan,14,6,6,1,0,0,1
1998,12,1998-06-14,Princes Park,Western Bulldogs,Fremantle,Fremantle,Scott Chisholm,10,4,4,0,0,0,1
1998,12,1998-06-14,Princes Park,Western Bulldogs,Fremantle,Fremantle,James Clement,8,5,2,3,0,0,0
1998,12,1998-06-14,Princes Park,Western Bulldogs,Fremantle,Fremantle,Brad Dodd,12,7,10,0,0,0,2
1998,12,1998-06-14,Princes Park,Western Bulldogs,Fremantle,Fremantle,Mark Gale,13,4,14,2,0,0,2
1998,12,1998-06-14,Princes Park,Western Bulldogs,Fremantle,Fremantle,Brodie Holland,5,3,2,0,0,0,0
1998,12,1998-06-14,Princes Park,Western Bulldogs,Fremantle,Fremantle,Kingsley Hunter,8,6,1,2,0,0,0
1998,12,1998-06-14,Princes Park,Western Bulldogs,Fremantle,Fremantle,Anthony Jones,13,6,3,0,0,0,4
1998,12,1998-06-14,Princes Park,Western Bulldogs,Fremantle,Fremantle,Dale Kickett,11,7,4,0,0,0,2
1998,12,1998-06-14,Princes Park,Western Bulldogs,Fremantle,Fremantle,Andrew McGovern,8,5,7,1,0,0,4
1998,12,1998-06-14,Princes Park,Western Bulldogs,Fremantle,Fremantle,Clem Michael,3,0,0,0,0,10,0
1998,12,1998-06-14,Princes Park,Western Bulldogs,Fremantle,Fremantle,Jason Norrish,7,2,12,0,0,0,1
1998,12,1998-06-14,Princes Park,Western Bulldogs,Fremantle,Fremantle,Stephen OReilly,13,9,6,1,1,0,1
1998,12,1998-06-14,Princes Park,Western Bulldogs,Fremantle,Fremantle,Daniel Parker,1,0,4,0,0,0,2
1998,12,1998-06-14,Princes Park,Western Bulldogs,Fremantle,Fremantle,Shane Parker,8,5,14,0,0,0,1
1998,12,1998-06-14,Princes Park,Western Bulldogs,Fremantle,Fremantle,Jess Sinclair,13,3,8,0,0,0,2
1998,12,1998-06-14,Princes Park,Western Bulldogs,Fremantle,Fremantle,Luke Toia,14,5,4,1,0,0,1
1998,12,1998-06-14,Princes Park,Western Bulldogs,Fremantle,Fremantle,Clive Waterhouse,2,3,8,1,0,0,1
1998,12,1998-06-14,Princes Park,Western Bulldogs,Fremantle,Fremantle,Andrew Wills,7,0,3,0,0,0,3
1998,12,1998-06-14,M.C.G.,Richmond,North Melbourne,Richmond,Joel Bowden,7,5,9,1,1,1,3
1998,12,1998-06-14,M.C.G.,Richmond,North Melbourne,Richmond,Paul Broderick,14,4,14,3,0,0,4
1998,12,1998-06-14,M.C.G.,Richmond,North Melbourne,Richmond,Paul Bulluss,3,1,1,0,0,4,0
1998,12,1998-06-14,M.C.G.,Richmond,North Melbourne,Richmond,Wayne Campbell,4,0,7,0,0,0,3
1998,12,1998-06-14,M.C.G.,Richmond,North Melbourne,Richmond,Nick Daffy,25,4,3,2,1,0,1
1998,12,1998-06-14,M.C.G.,Richmond,North Melbourne,Richmond,Brett Evans,9,6,6,1,1,0,5
1998,12,1998-06-14,M.C.G.,Richmond,North Melbourne,Richmond,Michael Gale,5,1,6,0,0,0,3
1998,12,1998-06-14,M.C.G.,Richmond,North Melbourne,Richmond,Darren Gaspar,9,3,7,0,0,0,1
1998,12,1998-06-14,M.C.G.,Richmond,North Melbourne,Richmond,Ben Harrison,14,9,11,0,1,1,1
1998,12,1998-06-14,M.C.G.,Richmond,North Melbourne,Richmond,Ben Holland,4,3,5,2,1,7,1
1998,12,1998-06-14,M.C.G.,Richmond,North Melbourne,Richmond,Aaron James,4,2,0,1,1,0,0
1998,12,1998-06-14,M.C.G.,Richmond,North Melbourne,Richmond,Andrew Kellaway,8,6,9,0,0,0,3
1998,12,1998-06-14,M.C.G.,Richmond,North Melbourne,Richmond,Matthew Knights,16,3,10,1,0,0,1
1998,12,1998-06-14,M.C.G.,Richmond,North Melbourne,Richmond,Steven McKee,7,2,10,0,0,27,2
1998,12,1998-06-14,M.C.G.,Richmond,North Melbourne,Richmond,Trent Nichols,1,1,1,0,0,0,1
1998,12,1998-06-14,M.C.G.,Richmond,North Melbourne,Richmond,Brad Ottens,2,1,0,0,0,5,0
1998,12,1998-06-14,M.C.G.,Richmond,North Melbourne,Richmond,Robert Powell,8,1,5,3,1,0,2
1998,12,1998-06-14,M.C.G.,Richmond,North Melbourne,Richmond,Ashley Prescott,15,4,9,1,1,1,4
1998,12,1998-06-14,M.C.G.,Richmond,North Melbourne,Richmond,Matthew Richardson,9,7,1,4,2,0,1
1998,12,1998-06-14,M.C.G.,Richmond,North Melbourne,Richmond,Matthew Rogers,26,9,6,0,0,0,1
1998,12,1998-06-14,M.C.G.,Richmond,North Melbourne,Richmond,Jason Torney,3,0,4,0,0,0,3
1998,12,1998-06-14,M.C.G.,Richmond,North Melbourne,Richmond,Scott Turner,4,3,4,0,0,0,1
1998,12,1998-06-14,M.C.G.,Richmond,North Melbourne,North Melbourne,Winston Abraham,7,2,4,2,0,0,2
1998,12,1998-06-14,M.C.G.,Richmond,North Melbourne,North Melbourne,Glenn Archer,10,6,1,0,0,0,1
1998,12,1998-06-14,M.C.G.,Richmond,North Melbourne,North Melbourne,Peter Bell,4,0,1,0,0,0,0
1998,12,1998-06-14,M.C.G.,Richmond,North Melbourne,North Melbourne,John Blakey,7,2,5,0,0,1,1
1998,12,1998-06-14,M.C.G.,Richmond,North Melbourne,North Melbourne,Wayne Carey,9,5,3,3,2,0,3
1998,12,1998-06-14,M.C.G.,Richmond,North Melbourne,North Melbourne,Brett Chandler,5,1,7,0,0,0,1
1998,12,1998-06-14,M.C.G.,Richmond,North Melbourne,North Melbourne,Darren Crocker,1,0,6,0,1,0,2
1998,12,1998-06-14,M.C.G.,Richmond,North Melbourne,North Melbourne,Shannon Grant,10,1,10,2,0,0,0
1998,12,1998-06-14,M.C.G.,Richmond,North Melbourne,North Melbourne,Brent Harvey,22,3,4,1,2,0,3
1998,12,1998-06-14,M.C.G.,Richmond,North Melbourne,North Melbourne,Evan Hewitt,4,5,2,2,1,8,0
1998,12,1998-06-14,M.C.G.,Richmond,North Melbourne,North Melbourne,David King,13,0,2,0,0,0,2
1998,12,1998-06-14,M.C.G.,Richmond,North Melbourne,North Melbourne,John Longmire,5,4,5,2,1,8,0
1998,12,1998-06-14,M.C.G.,Richmond,North Melbourne,North Melbourne,Jason McCartney,6,4,3,0,0,2,1
1998,12,1998-06-14,M.C.G.,Richmond,North Melbourne,North Melbourne,Anthony Mellington,8,2,2,1,0,3,0
1998,12,1998-06-14,M.C.G.,Richmond,North Melbourne,North Melbourne,Dion Miles,2,0,4,0,1,0,0
1998,12,1998-06-14,M.C.G.,Richmond,North Melbourne,North Melbourne,Byron Pickett,10,4,2,0,0,0,3
1998,12,1998-06-14,M.C.G.,Richmond,North Melbourne,North Melbourne,Mark Roberts,9,2,6,0,0,7,0
1998,12,1998-06-14,M.C.G.,Richmond,North Melbourne,North Melbourne,Anthony Rock,6,2,2,0,0,0,0
1998,12,1998-06-14,M.C.G.,Richmond,North Melbourne,North Melbourne,Robert Scott,7,0,1,0,0,0,3
1998,12,1998-06-14,M.C.G.,Richmond,North Melbourne,North Melbourne,Craig Sholl,6,3,2,0,0,0,5
1998,12,1998-06-14,M.C.G.,Richmond,North Melbourne,North Melbourne,Anthony Stevens,9,1,2,0,0,0,4
1998,12,1998-06-14,M.C.G.,Richmond,North Melbourne,North Melbourne,Scott Welsh,5,3,2,1,0,0,2
1998,12,1998-06-14,Gabba,Brisbane Lions,Port Adelaide,Brisbane Lions,Jason Akermanis,9,3,5,2,1,0,0
1998,12,1998-06-14,Gabba,Brisbane Lions,Port Adelaide,Brisbane Lions,Marcus Ashcroft,8,2,13,0,0,0,4
1998,12,1998-06-14,Gabba,Brisbane Lions,Port Adelaide,Brisbane Lions,Scott Bamford,4,1,2,1,0,0,0
1998,12,1998-06-14,Gabba,Brisbane Lions,Port Adelaide,Brisbane Lions,Trent Bartlett,10,5,2,2,2,0,1
1998,12,1998-06-14,Gabba,Brisbane Lions,Port Adelaide,Brisbane Lions,Matthew Clarke,9,4,8,0,0,29,2
1998,12,1998-06-14,Gabba,Brisbane Lions,Port Adelaide,Brisbane Lions,Danny Dickfos,4,3,4,0,0,0,0
1998,12,1998-06-14,Gabba,Brisbane Lions,Port Adelaide,Brisbane Lions,Shaun Hart,10,4,9,3,0,0,0
1998,12,1998-06-14,Gabba,Brisbane Lions,Port Adelaide,Brisbane Lions,Chris Johnson,9,4,3,3,0,0,0
1998,12,1998-06-14,Gabba,Brisbane Lions,Port Adelaide,Brisbane Lions,Matthew Kennedy,8,2,5,0,0,0,1
1998,12,1998-06-14,Gabba,Brisbane Lions,Port Adelaide,Brisbane Lions,Craig Lambert,8,2,5,0,0,0,3
1998,12,1998-06-14,Gabba,Brisbane Lions,Port Adelaide,Brisbane Lions,Nigel Lappin,14,3,6,0,0,0,2
1998,12,1998-06-14,Gabba,Brisbane Lions,Port Adelaide,Brisbane Lions,Steven Lawrence,18,7,5,0,0,0,2
1998,12,1998-06-14,Gabba,Brisbane Lions,Port Adelaide,Brisbane Lions,Justin Leppitsch,11,5,4,2,4,0,1
1998,12,1998-06-14,Gabba,Brisbane Lions,Port Adelaide,Brisbane Lions,Alastair Lynch,7,3,8,0,0,0,1
1998,12,1998-06-14,Gabba,Brisbane Lions,Port Adelaide,Brisbane Lions,Craig McRae,7,3,6,1,1,0,1
1998,12,1998-06-14,Gabba,Brisbane Lions,Port Adelaide,Brisbane Lions,Jarrod Molloy,2,0,2,0,0,0,1
1998,12,1998-06-14,Gabba,Brisbane Lions,Port Adelaide,Brisbane Lions,Ben Robbins,9,3,8,0,1,0,1
1998,12,1998-06-14,Gabba,Brisbane Lions,Port Adelaide,Brisbane Lions,Brad Scott,8,1,8,0,0,0,1
1998,12,1998-06-14,Gabba,Brisbane Lions,Port Adelaide,Brisbane Lions,Chris Scott,13,4,4,1,0,0,0
1998,12,1998-06-14,Gabba,Brisbane Lions,Port Adelaide,Brisbane Lions,Dion Scott,6,3,3,1,1,0,0
1998,12,1998-06-14,Gabba,Brisbane Lions,Port Adelaide,Brisbane Lions,Brett Voss,2,1,1,0,0,0,1
1998,12,1998-06-14,Gabba,Brisbane Lions,Port Adelaide,Brisbane Lions,Darryl White,6,6,10,2,2,2,0
1998,12,1998-06-14,Gabba,Brisbane Lions,Port Adelaide,Port Adelaide,Shayne Breuer,9,1,14,2,1,0,0
1998,12,1998-06-14,Gabba,Brisbane Lions,Port Adelaide,Port Adelaide,Scott Cummings,9,5,0,3,4,0,1
1998,12,1998-06-14,Gabba,Brisbane Lions,Port Adelaide,Port Adelaide,Stephen Daniels,2,4,2,0,0,0,0
1998,12,1998-06-14,Gabba,Brisbane Lions,Port Adelaide,Port Adelaide,Stuart Dew,9,3,9,0,0,0,2
1998,12,1998-06-14,Gabba,Brisbane Lions,Port Adelaide,Port Adelaide,Donald Dickie,17,8,8,1,0,0,5
1998,12,1998-06-14,Gabba,Brisbane Lions,Port Adelaide,Port Adelaide,Nathan Eagleton,13,4,6,1,1,1,1
1998,12,1998-06-14,Gabba,Brisbane Lions,Port Adelaide,Port Adelaide,Nigel Fiegert,2,1,2,1,0,0,1
1998,12,1998-06-14,Gabba,Brisbane Lions,Port Adelaide,Port Adelaide,Josh Francou,15,4,6,0,3,0,1
1998,12,1998-06-14,Gabba,Brisbane Lions,Port Adelaide,Port Adelaide,Mark Harwood,1,1,4,0,0,0,0
1998,12,1998-06-14,Gabba,Brisbane Lions,Port Adelaide,Port Adelaide,Adam Heuskes,3,2,2,0,0,0,1
1998,12,1998-06-14,Gabba,Brisbane Lions,Port Adelaide,Port Adelaide,Adam Kingsley,19,6,9,0,0,0,0
1998,12,1998-06-14,Gabba,Brisbane Lions,Port Adelaide,Port Adelaide,Brendon Lade,4,1,6,1,1,10,0
1998,12,1998-06-14,Gabba,Brisbane Lions,Port Adelaide,Port Adelaide,Bowen Lockwood,4,1,6,1,0,0,2
1998,12,1998-06-14,Gabba,Brisbane Lions,Port Adelaide,Port Adelaide,Brayden Lyle,7,2,3,0,0,1,1
1998,12,1998-06-14,Gabba,Brisbane Lions,Port Adelaide,Port Adelaide,Darren Mead,9,7,4,0,0,0,0
1998,12,1998-06-14,Gabba,Brisbane Lions,Port Adelaide,Port Adelaide,Danny Morton,21,6,6,4,1,0,2
1998,12,1998-06-14,Gabba,Brisbane Lions,Port Adelaide,Port Adelaide,Chris Naish,7,4,1,1,1,0,1
1998,12,1998-06-14,Gabba,Brisbane Lions,Port Adelaide,Port Adelaide,Matthew Primus,9,6,11,1,0,21,1
1998,12,1998-06-14,Gabba,Brisbane Lions,Port Adelaide,Port Adelaide,Nathan Steinberner,0,0,0,0,0,0,0
1998,12,1998-06-14,Gabba,Brisbane Lions,Port Adelaide,Port Adelaide,Nick Stevens,6,1,3,0,1,0,0
1998,12,1998-06-14,Gabba,Brisbane Lions,Port Adelaide,Port Adelaide,Gavin Wanganeen,13,5,6,0,1,0,0
1998,12,1998-06-14,Gabba,Brisbane Lions,Port Adelaide,Port Adelaide,Michael Wilson,8,4,7,2,0,0,1
1998,13,1998-06-19,M.C.G.,Essendon,West Coast,Essendon,Steven Alessio,1,0,3,0,0,11,0
1998,13,1998-06-19,M.C.G.,Essendon,West Coast,Essendon,Paul Barnard,14,5,10,0,0,1,2
1998,13,1998-06-19,M.C.G.,Essendon,West Coast,Essendon,Peter Berbakov,14,10,2,0,0,2,0
1998,13,1998-06-19,M.C.G.,Essendon,West Coast,Essendon,Darren Bewick,4,1,2,2,0,0,0
1998,13,1998-06-19,M.C.G.,Essendon,West Coast,Essendon,Justin Blumfield,9,5,7,2,0,0,2
1998,13,1998-06-19,M.C.G.,Essendon,West Coast,Essendon,Andrew Bomford,7,4,4,1,0,0,0
1998,13,1998-06-19,M.C.G.,Essendon,West Coast,Essendon,David Calthorpe,13,6,7,0,0,0,1
1998,13,1998-06-19,M.C.G.,Essendon,West Coast,Essendon,Blake Caracella,7,5,1,0,0,0,0
1998,13,1998-06-19,M.C.G.,Essendon,West Coast,Essendon,Simon Eastaugh,6,1,1,0,0,14,2
1998,13,1998-06-19,M.C.G.,Essendon,West Coast,Essendon,Damien Hardwick,19,3,5,0,0,0,0
1998,13,1998-06-19,M.C.G.,Essendon,West Coast,Essendon,James Hird,0,1,0,0,0,0,0
1998,13,1998-06-19,M.C.G.,Essendon,West Coast,Essendon,Judd Lalich,12,8,3,0,1,2,0
1998,13,1998-06-19,M.C.G.,Essendon,West Coast,Essendon,Matthew Lloyd,14,10,11,0,1,0,1
1998,13,1998-06-19,M.C.G.,Essendon,West Coast,Essendon,Michael Long,0,0,6,0,0,0,1
1998,13,1998-06-19,M.C.G.,Essendon,West Coast,Essendon,Scott Lucas,12,4,3,2,1,0,5
1998,13,1998-06-19,M.C.G.,Essendon,West Coast,Essendon,Mark Mercuri,13,7,11,2,0,0,1
1998,13,1998-06-19,M.C.G.,Essendon,West Coast,Essendon,Joe Misiti,5,0,6,0,0,0,2
1998,13,1998-06-19,M.C.G.,Essendon,West Coast,Essendon,Gary Moorcroft,7,2,1,2,0,0,1
1998,13,1998-06-19,M.C.G.,Essendon,West Coast,Essendon,Gary ODonnell,12,4,7,0,0,1,2
1998,13,1998-06-19,M.C.G.,Essendon,West Coast,Essendon,Ricky Olarenshaw,16,8,11,0,2,0,3
1998,13,1998-06-19,M.C.G.,Essendon,West Coast,Essendon,Dean Solomon,4,0,7,0,0,0,1
1998,13,1998-06-19,M.C.G.,Essendon,West Coast,Essendon,Sean Wellman,14,6,2,0,0,0,0
1998,13,1998-06-19,M.C.G.,Essendon,West Coast,West Coast,Jason Ball,9,5,14,1,1,14,1
1998,13,1998-06-19,M.C.G.,Essendon,West Coast,West Coast,Drew Banfield,12,2,10,0,0,0,2
1998,13,1998-06-19,M.C.G.,Essendon,West Coast,West Coast,Michael Braun,7,4,3,0,1,0,1
1998,13,1998-06-19,M.C.G.,Essendon,West Coast,West Coast,Ben Cousins,22,3,8,0,0,0,2
1998,13,1998-06-19,M.C.G.,Essendon,West Coast,West Coast,Andrew Donnelly,9,6,3,0,4,0,1
1998,13,1998-06-19,M.C.G.,Essendon,West Coast,West Coast,Michael Gardiner,0,0,1,0,0,3,0
1998,13,1998-06-19,M.C.G.,Essendon,West Coast,West Coast,Fraser Gehrig,6,5,6,1,0,0,0
1998,13,1998-06-19,M.C.G.,Essendon,West Coast,West Coast,Brett Heady,12,7,5,1,0,0,2
1998,13,1998-06-19,M.C.G.,Essendon,West Coast,West Coast,Glen Jakovich,4,1,3,0,0,4,0
1998,13,1998-06-19,M.C.G.,Essendon,West Coast,West Coast,Dean Kemp,11,4,15,0,0,0,2
1998,13,1998-06-19,M.C.G.,Essendon,West Coast,West Coast,Peter Matera,16,8,1,7,3,0,2
1998,13,1998-06-19,M.C.G.,Essendon,West Coast,West Coast,Phillip Matera,1,0,0,0,0,0,0
1998,13,1998-06-19,M.C.G.,Essendon,West Coast,West Coast,Ashley McIntosh,10,7,9,0,0,1,1
1998,13,1998-06-19,M.C.G.,Essendon,West Coast,West Coast,Guy McKenna,11,2,10,0,0,0,4
1998,13,1998-06-19,M.C.G.,Essendon,West Coast,West Coast,Daniel Metropolis,14,5,5,1,0,0,0
1998,13,1998-06-19,M.C.G.,Essendon,West Coast,West Coast,Chad Morrison,9,4,7,0,0,0,0
1998,13,1998-06-19,M.C.G.,Essendon,West Coast,West Coast,Phillip Read,10,1,2,0,0,0,0
1998,13,1998-06-19,M.C.G.,Essendon,West Coast,West Coast,Nicholas Stone,12,7,7,0,0,0,1
1998,13,1998-06-19,M.C.G.,Essendon,West Coast,West Coast,Paul Symmons,12,4,6,0,0,0,2
1998,13,1998-06-19,M.C.G.,Essendon,West Coast,West Coast,Chris Waterman,17,7,7,0,2,0,2
1998,13,1998-06-19,M.C.G.,Essendon,West Coast,West Coast,Mitchell White,8,5,4,0,1,0,0
1998,13,1998-06-19,M.C.G.,Essendon,West Coast,West Coast,John Worsfold,1,1,0,0,0,0,0
1998,13,1998-06-20,M.C.G.,Collingwood,Adelaide,Collingwood,Gavin Brown,5,4,4,1,1,3,3
1998,13,1998-06-20,M.C.G.,Collingwood,Adelaide,Collingwood,Nathan Buckley,27,3,5,0,1,0,3
1998,13,1998-06-20,M.C.G.,Collingwood,Adelaide,Collingwood,Scott Burns,13,5,8,1,1,0,6
1998,13,1998-06-20,M.C.G.,Collingwood,Adelaide,Collingwood,Gavin Crosisca,12,5,2,1,1,0,2
1998,13,1998-06-20,M.C.G.,Collingwood,Adelaide,Collingwood,Scott Crow,8,3,3,1,0,0,3
1998,13,1998-06-20,M.C.G.,Collingwood,Adelaide,Collingwood,Chris Curran,8,2,4,0,0,0,5
1998,13,1998-06-20,M.C.G.,Collingwood,Adelaide,Collingwood,Luke Godden,7,5,7,0,0,0,6
1998,13,1998-06-20,M.C.G.,Collingwood,Adelaide,Collingwood,Ben Kinnear,1,0,0,0,0,0,1
1998,13,1998-06-20,M.C.G.,Collingwood,Adelaide,Collingwood,Stuart Mangin,3,2,3,0,0,0,0
1998,13,1998-06-20,M.C.G.,Collingwood,Adelaide,Collingwood,Alex McDonald,0,0,3,0,0,0,0
1998,13,1998-06-20,M.C.G.,Collingwood,Adelaide,Collingwood,Damian Monkhorst,7,3,5,1,0,22,2
1998,13,1998-06-20,M.C.G.,Collingwood,Adelaide,Collingwood,Richard Osborne,10,2,2,1,0,0,1
1998,13,1998-06-20,M.C.G.,Collingwood,Adelaide,Collingwood,Stephen Patterson,10,0,11,0,0,0,1
1998,13,1998-06-20,M.C.G.,Collingwood,Adelaide,Collingwood,Simon Prestigiacomo,3,0,5,0,0,0,1
1998,13,1998-06-20,M.C.G.,Collingwood,Adelaide,Collingwood,Frankie Raso,7,2,0,0,0,0,1
1998,13,1998-06-20,M.C.G.,Collingwood,Adelaide,Collingwood,Saverio Rocca,11,8,6,2,2,9,1
1998,13,1998-06-20,M.C.G.,Collingwood,Adelaide,Collingwood,Scott Russell,10,1,4,0,0,0,1
1998,13,1998-06-20,M.C.G.,Collingwood,Adelaide,Collingwood,Andrew Schauble,4,6,10,1,0,3,2
1998,13,1998-06-20,M.C.G.,Collingwood,Adelaide,Collingwood,James Wasley,0,0,1,0,0,0,0
1998,13,1998-06-20,M.C.G.,Collingwood,Adelaide,Collingwood,Shane Watson,4,2,0,0,1,0,0
1998,13,1998-06-20,M.C.G.,Collingwood,Adelaide,Collingwood,Paul Williams,12,8,8,1,0,0,3
1998,13,1998-06-20,M.C.G.,Collingwood,Adelaide,Collingwood,Graham Wright,9,2,4,0,0,0,4
1998,13,1998-06-20,M.C.G.,Collingwood,Adelaide,Adelaide,Mark Bickley,11,3,11,0,0,0,4
1998,13,1998-06-20,M.C.G.,Collingwood,Adelaide,Adelaide,Troy Bond,8,4,4,5,0,0,0
1998,13,1998-06-20,M.C.G.,Collingwood,Adelaide,Adelaide,Sudjai Cook,13,5,6,0,1,0,3
1998,13,1998-06-20,M.C.G.,Collingwood,Adelaide,Adelaide,Ian Downsborough,3,1,3,0,1,1,0
1998,13,1998-06-20,M.C.G.,Collingwood,Adelaide,Adelaide,Andrew Eccles,1,1,5,0,0,0,0
1998,13,1998-06-20,M.C.G.,Collingwood,Adelaide,Adelaide,Tyson Edwards,4,3,3,0,0,0,1
1998,13,1998-06-20,M.C.G.,Collingwood,Adelaide,Adelaide,Simon Goodwin,14,7,3,0,0,0,1
1998,13,1998-06-20,M.C.G.,Collingwood,Adelaide,Adelaide,Ben Hart,8,3,3,0,0,1,1
1998,13,1998-06-20,M.C.G.,Collingwood,Adelaide,Adelaide,Brett James,9,3,18,0,1,0,0
1998,13,1998-06-20,M.C.G.,Collingwood,Adelaide,Adelaide,Kym Koster,8,1,7,0,0,0,1
1998,13,1998-06-20,M.C.G.,Collingwood,Adelaide,Adelaide,Andrew McLeod,14,5,5,1,0,0,4
1998,13,1998-06-20,M.C.G.,Collingwood,Adelaide,Adelaide,Trent Ormond-Allen,5,2,2,0,0,0,2
1998,13,1998-06-20,M.C.G.,Collingwood,Adelaide,Adelaide,Ian Perrie,2,2,1,1,0,0,0
1998,13,1998-06-20,M.C.G.,Collingwood,Adelaide,Adelaide,David Pittman,4,2,3,1,0,2,0
1998,13,1998-06-20,M.C.G.,Collingwood,Adelaide,Adelaide,Shaun Rehn,15,5,8,0,0,19,1
1998,13,1998-06-20,M.C.G.,Collingwood,Adelaide,Adelaide,Mark Ricciuto,12,2,5,1,1,0,0
1998,13,1998-06-20,M.C.G.,Collingwood,Adelaide,Adelaide,Matthew Robran,11,6,6,1,1,10,3
1998,13,1998-06-20,M.C.G.,Collingwood,Adelaide,Adelaide,Nigel Smart,13,5,8,0,0,0,2
1998,13,1998-06-20,M.C.G.,Collingwood,Adelaide,Adelaide,Mark Stevens,11,4,4,0,0,0,1
1998,13,1998-06-20,M.C.G.,Collingwood,Adelaide,Adelaide,James Thiessen,12,4,8,0,2,0,2
1998,13,1998-06-20,M.C.G.,Collingwood,Adelaide,Adelaide,Simon Tregenza,8,1,2,0,0,0,2
1998,13,1998-06-20,M.C.G.,Collingwood,Adelaide,Adelaide,Peter Vardy,10,5,0,1,1,0,2
1998,13,1998-06-20,Kardinia Park,Geelong,Brisbane Lions,Geelong,John Barnes,12,8,7,2,3,11,0
1998,13,1998-06-20,Kardinia Park,Geelong,Brisbane Lions,Geelong,Craig Biddiscombe,0,0,1,0,0,0,0
1998,13,1998-06-20,Kardinia Park,Geelong,Brisbane Lions,Geelong,Clint Bizzell,7,2,2,1,1,1,0
1998,13,1998-06-20,Kardinia Park,Geelong,Brisbane Lions,Geelong,Ronnie Burns,6,4,2,3,1,0,0
1998,13,1998-06-20,Kardinia Park,Geelong,Brisbane Lions,Geelong,Leigh Colbert,12,8,10,0,0,4,3
1998,13,1998-06-20,Kardinia Park,Geelong,Brisbane Lions,Geelong,Paul Corrigan,8,3,5,0,0,0,2
1998,13,1998-06-20,Kardinia Park,Geelong,Brisbane Lions,Geelong,Derek Hall,5,2,2,1,0,0,1
1998,13,1998-06-20,Kardinia Park,Geelong,Brisbane Lions,Geelong,Garry Hocking,13,0,14,1,0,0,4
1998,13,1998-06-20,Kardinia Park,Geelong,Brisbane Lions,Geelong,Glenn Kilpatrick,14,4,8,1,0,0,4
1998,13,1998-06-20,Kardinia Park,Geelong,Brisbane Lions,Geelong,Daniel Lowther,2,1,0,0,0,0,0
1998,13,1998-06-20,Kardinia Park,Geelong,Brisbane Lions,Geelong,Michael Mansfield,9,4,5,0,0,0,0
1998,13,1998-06-20,Kardinia Park,Geelong,Brisbane Lions,Geelong,Tim McGrath,7,2,6,0,0,3,1
1998,13,1998-06-20,Kardinia Park,Geelong,Brisbane Lions,Geelong,Martin McKinnon,6,2,1,0,0,0,2
1998,13,1998-06-20,Kardinia Park,Geelong,Brisbane Lions,Geelong,David Mensch,14,8,9,0,1,7,2
1998,13,1998-06-20,Kardinia Park,Geelong,Brisbane Lions,Geelong,James Rahilly,3,1,5,0,0,0,1
1998,13,1998-06-20,Kardinia Park,Geelong,Brisbane Lions,Geelong,Peter Riccardi,5,1,5,0,0,0,2
1998,13,1998-06-20,Kardinia Park,Geelong,Brisbane Lions,Geelong,Brenton Sanderson,9,3,1,0,0,0,1
1998,13,1998-06-20,Kardinia Park,Geelong,Brisbane Lions,Geelong,Brad Sholl,11,4,3,2,0,0,3
1998,13,1998-06-20,Kardinia Park,Geelong,Brisbane Lions,Geelong,Sean Simpson,8,4,3,0,0,1,2
1998,13,1998-06-20,Kardinia Park,Geelong,Brisbane Lions,Geelong,Jason Snell,12,4,5,0,0,0,1
1998,13,1998-06-20,Kardinia Park,Geelong,Brisbane Lions,Geelong,Brett Spinks,2,2,1,1,0,0,0
1998,13,1998-06-20,Kardinia Park,Geelong,Brisbane Lions,Geelong,Marc Woolnough,7,5,2,0,0,0,0
1998,13,1998-06-20,Kardinia Park,Geelong,Brisbane Lions,Brisbane Lions,Jason Akermanis,14,5,9,0,0,0,1
1998,13,1998-06-20,Kardinia Park,Geelong,Brisbane Lions,Brisbane Lions,Marcus Ashcroft,14,3,12,0,0,0,0
1998,13,1998-06-20,Kardinia Park,Geelong,Brisbane Lions,Brisbane Lions,Scott Bamford,9,2,3,1,2,0,1
1998,13,1998-06-20,Kardinia Park,Geelong,Brisbane Lions,Brisbane Lions,Trent Bartlett,3,1,1,0,0,0,0
1998,13,1998-06-20,Kardinia Park,Geelong,Brisbane Lions,Brisbane Lions,Richard Champion,13,7,5,2,0,2,2
1998,13,1998-06-20,Kardinia Park,Geelong,Brisbane Lions,Brisbane Lions,Matthew Clarke,3,3,7,0,0,16,1
1998,13,1998-06-20,Kardinia Park,Geelong,Brisbane Lions,Brisbane Lions,Danny Dickfos,5,8,7,0,0,0,0
1998,13,1998-06-20,Kardinia Park,Geelong,Brisbane Lions,Brisbane Lions,Shaun Hart,14,3,6,1,2,0,1
1998,13,1998-06-20,Kardinia Park,Geelong,Brisbane Lions,Brisbane Lions,Chris Johnson,7,2,2,2,1,0,0
1998,13,1998-06-20,Kardinia Park,Geelong,Brisbane Lions,Brisbane Lions,Matthew Kennedy,4,0,0,0,0,0,0
1998,13,1998-06-20,Kardinia Park,Geelong,Brisbane Lions,Brisbane Lions,Craig Lambert,1,0,1,0,0,0,0
1998,13,1998-06-20,Kardinia Park,Geelong,Brisbane Lions,Brisbane Lions,Nigel Lappin,9,2,5,0,0,0,0
1998,13,1998-06-20,Kardinia Park,Geelong,Brisbane Lions,Brisbane Lions,Steven Lawrence,9,5,7,0,0,0,3
1998,13,1998-06-20,Kardinia Park,Geelong,Brisbane Lions,Brisbane Lions,Justin Leppitsch,15,6,4,4,2,0,1
1998,13,1998-06-20,Kardinia Park,Geelong,Brisbane Lions,Brisbane Lions,Alastair Lynch,10,4,8,0,1,1,0
1998,13,1998-06-20,Kardinia Park,Geelong,Brisbane Lions,Brisbane Lions,Craig McRae,13,3,7,2,0,0,2
1998,13,1998-06-20,Kardinia Park,Geelong,Brisbane Lions,Brisbane Lions,Ben Robbins,5,0,9,0,1,0,1
1998,13,1998-06-20,Kardinia Park,Geelong,Brisbane Lions,Brisbane Lions,Brad Scott,12,3,6,1,0,0,3
1998,13,1998-06-20,Kardinia Park,Geelong,Brisbane Lions,Brisbane Lions,Chris Scott,19,10,6,2,0,0,0
1998,13,1998-06-20,Kardinia Park,Geelong,Brisbane Lions,Brisbane Lions,Dion Scott,12,7,4,0,1,2,1
1998,13,1998-06-20,Kardinia Park,Geelong,Brisbane Lions,Brisbane Lions,Brett Voss,3,2,1,0,0,0,1
1998,13,1998-06-20,Kardinia Park,Geelong,Brisbane Lions,Brisbane Lions,Darryl White,13,10,15,0,0,0,2
1998,13,1998-06-20,Waverley Park,Hawthorn,North Melbourne,Hawthorn,Nathan Chapman,2,0,3,0,0,0,1
1998,13,1998-06-20,Waverley Park,Hawthorn,North Melbourne,Hawthorn,Daniel Chick,9,4,4,0,0,0,4
1998,13,1998-06-20,Waverley Park,Hawthorn,North Melbourne,Hawthorn,Justin Crawford,9,2,3,0,1,0,0
1998,13,1998-06-20,Waverley Park,Hawthorn,North Melbourne,Hawthorn,Shane Crawford,18,6,5,0,1,0,3
1998,13,1998-06-20,Waverley Park,Hawthorn,North Melbourne,Hawthorn,Ben Dixon,7,4,10,1,2,0,3
1998,13,1998-06-20,Waverley Park,Hawthorn,North Melbourne,Hawthorn,Jason Dunstall,4,3,2,3,0,0,0
1998,13,1998-06-20,Waverley Park,Hawthorn,North Melbourne,Hawthorn,Mark Graham,6,2,5,0,0,0,0
1998,13,1998-06-20,Waverley Park,Hawthorn,North Melbourne,Hawthorn,Daniel Harford,15,0,9,0,0,0,2
1998,13,1998-06-20,Waverley Park,Hawthorn,North Melbourne,Hawthorn,Jonathan Hay,7,2,4,0,0,0,1
1998,13,1998-06-20,Waverley Park,Hawthorn,North Melbourne,Hawthorn,Nick Holland,15,13,6,4,1,4,0
1998,13,1998-06-20,Waverley Park,Hawthorn,North Melbourne,Hawthorn,Darren Kappler,11,4,4,2,0,0,1
1998,13,1998-06-20,Waverley Park,Hawthorn,North Melbourne,Hawthorn,Brendan Krummel,13,4,8,1,1,6,1
1998,13,1998-06-20,Waverley Park,Hawthorn,North Melbourne,Hawthorn,Angelo Lekkas,3,0,1,0,0,0,1
1998,13,1998-06-20,Waverley Park,Hawthorn,North Melbourne,Hawthorn,Aaron Lord,18,4,4,4,3,0,1
1998,13,1998-06-20,Waverley Park,Hawthorn,North Melbourne,Hawthorn,Luke McCabe,10,3,13,0,0,0,4
1998,13,1998-06-20,Waverley Park,Hawthorn,North Melbourne,Hawthorn,Jade Rawlings,5,3,1,0,0,0,1
1998,13,1998-06-20,Waverley Park,Hawthorn,North Melbourne,Hawthorn,Jonathon Robran,11,4,7,0,0,0,2
1998,13,1998-06-20,Waverley Park,Hawthorn,North Melbourne,Hawthorn,Paul Salmon,16,6,16,1,1,35,3
1998,13,1998-06-20,Waverley Park,Hawthorn,North Melbourne,Hawthorn,Rayden Tallis,9,0,7,1,0,0,3
1998,13,1998-06-20,Waverley Park,Hawthorn,North Melbourne,Hawthorn,Richard Taylor,12,2,2,0,0,0,2
1998,13,1998-06-20,Waverley Park,Hawthorn,North Melbourne,Hawthorn,Craig Treleven,8,3,3,0,0,0,0
1998,13,1998-06-20,Waverley Park,Hawthorn,North Melbourne,Hawthorn,Tony Woods,16,2,5,0,0,0,2
1998,13,1998-06-20,Waverley Park,Hawthorn,North Melbourne,North Melbourne,Winston Abraham,9,3,4,2,1,0,0
1998,13,1998-06-20,Waverley Park,Hawthorn,North Melbourne,North Melbourne,Glenn Archer,4,2,2,0,0,0,0
1998,13,1998-06-20,Waverley Park,Hawthorn,North Melbourne,North Melbourne,Peter Bell,14,2,9,2,0,0,0
1998,13,1998-06-20,Waverley Park,Hawthorn,North Melbourne,North Melbourne,John Blakey,7,1,5,0,0,1,2
1998,13,1998-06-20,Waverley Park,Hawthorn,North Melbourne,North Melbourne,Wayne Carey,12,9,7,4,1,0,2
1998,13,1998-06-20,Waverley Park,Hawthorn,North Melbourne,North Melbourne,Brett Chandler,7,3,5,0,0,1,6
1998,13,1998-06-20,Waverley Park,Hawthorn,North Melbourne,North Melbourne,Stuart Cochrane,1,0,1,0,0,0,0
1998,13,1998-06-20,Waverley Park,Hawthorn,North Melbourne,North Melbourne,Darren Crocker,3,1,4,0,1,0,0
1998,13,1998-06-20,Waverley Park,Hawthorn,North Melbourne,North Melbourne,Shannon Grant,3,0,0,0,1,0,1
1998,13,1998-06-20,Waverley Park,Hawthorn,North Melbourne,North Melbourne,Brent Harvey,8,0,5,1,0,0,0
1998,13,1998-06-20,Waverley Park,Hawthorn,North Melbourne,North Melbourne,Evan Hewitt,4,3,3,0,0,3,1
1998,13,1998-06-20,Waverley Park,Hawthorn,North Melbourne,North Melbourne,David King,11,3,4,0,0,0,2
1998,13,1998-06-20,Waverley Park,Hawthorn,North Melbourne,North Melbourne,John Longmire,3,1,0,0,0,2,0
1998,13,1998-06-20,Waverley Park,Hawthorn,North Melbourne,North Melbourne,Jason McCartney,8,5,5,0,0,1,1
1998,13,1998-06-20,Waverley Park,Hawthorn,North Melbourne,North Melbourne,Corey McKernan,14,4,5,4,0,17,1
1998,13,1998-06-20,Waverley Park,Hawthorn,North Melbourne,North Melbourne,Anthony Mellington,0,0,2,0,0,0,4
1998,13,1998-06-20,Waverley Park,Hawthorn,North Melbourne,North Melbourne,Byron Pickett,6,2,4,0,0,0,5
1998,13,1998-06-20,Waverley Park,Hawthorn,North Melbourne,North Melbourne,Martin Pike,8,2,3,0,0,2,2
1998,13,1998-06-20,Waverley Park,Hawthorn,North Melbourne,North Melbourne,Mark Roberts,17,4,9,3,1,1,1
1998,13,1998-06-20,Waverley Park,Hawthorn,North Melbourne,North Melbourne,Robert Scott,7,0,1,0,0,0,0
1998,13,1998-06-20,Waverley Park,Hawthorn,North Melbourne,North Melbourne,Craig Sholl,11,3,3,1,0,1,0
1998,13,1998-06-20,Waverley Park,Hawthorn,North Melbourne,North Melbourne,Anthony Stevens,20,6,6,0,0,0,1
1998,13,1998-06-20,Football Park,Port Adelaide,Western Bulldogs,Port Adelaide,Shayne Breuer,16,3,10,0,0,1,4
1998,13,1998-06-20,Football Park,Port Adelaide,Western Bulldogs,Port Adelaide,Scott Cummings,6,4,2,3,0,0,2
1998,13,1998-06-20,Football Park,Port Adelaide,Western Bulldogs,Port Adelaide,Stephen Daniels,4,2,0,0,0,3,1
1998,13,1998-06-20,Football Park,Port Adelaide,Western Bulldogs,Port Adelaide,Stuart Dew,14,8,5,1,0,0,4
1998,13,1998-06-20,Football Park,Port Adelaide,Western Bulldogs,Port Adelaide,Donald Dickie,20,5,11,3,0,1,2
1998,13,1998-06-20,Football Park,Port Adelaide,Western Bulldogs,Port Adelaide,Nathan Eagleton,7,1,3,1,1,0,1
1998,13,1998-06-20,Football Park,Port Adelaide,Western Bulldogs,Port Adelaide,Josh Francou,12,2,7,0,0,0,2
1998,13,1998-06-20,Football Park,Port Adelaide,Western Bulldogs,Port Adelaide,Brent Heaver,3,0,0,0,0,0,0
1998,13,1998-06-20,Football Park,Port Adelaide,Western Bulldogs,Port Adelaide,Adam Heuskes,3,4,3,0,1,5,0
1998,13,1998-06-20,Football Park,Port Adelaide,Western Bulldogs,Port Adelaide,Adam Kingsley,10,3,8,0,2,0,3
1998,13,1998-06-20,Football Park,Port Adelaide,Western Bulldogs,Port Adelaide,Brendon Lade,9,3,3,2,0,4,1
1998,13,1998-06-20,Football Park,Port Adelaide,Western Bulldogs,Port Adelaide,Bowen Lockwood,4,3,0,0,0,0,1
1998,13,1998-06-20,Football Park,Port Adelaide,Western Bulldogs,Port Adelaide,Brayden Lyle,14,3,6,0,0,0,1
1998,13,1998-06-20,Football Park,Port Adelaide,Western Bulldogs,Port Adelaide,Darren Mead,13,7,5,0,0,1,2
1998,13,1998-06-20,Football Park,Port Adelaide,Western Bulldogs,Port Adelaide,Danny Morton,12,3,7,0,0,0,1
1998,13,1998-06-20,Football Park,Port Adelaide,Western Bulldogs,Port Adelaide,Chris Naish,6,1,3,0,1,0,0
1998,13,1998-06-20,Football Park,Port Adelaide,Western Bulldogs,Port Adelaide,Stephen Paxman,9,5,2,0,0,0,0
1998,13,1998-06-20,Football Park,Port Adelaide,Western Bulldogs,Port Adelaide,Matthew Primus,9,7,10,0,0,15,4
1998,13,1998-06-20,Football Park,Port Adelaide,Western Bulldogs,Port Adelaide,Nick Stevens,12,5,3,0,1,0,4
1998,13,1998-06-20,Football Park,Port Adelaide,Western Bulldogs,Port Adelaide,Warren Tredrea,0,1,1,0,0,0,2
1998,13,1998-06-20,Football Park,Port Adelaide,Western Bulldogs,Port Adelaide,Gavin Wanganeen,18,4,4,1,0,0,0
1998,13,1998-06-20,Football Park,Port Adelaide,Western Bulldogs,Port Adelaide,Michael Wilson,9,3,7,0,0,0,2
1998,13,1998-06-20,Football Park,Port Adelaide,Western Bulldogs,Western Bulldogs,Nathan Brown,5,2,2,0,0,0,0
1998,13,1998-06-20,Football Park,Port Adelaide,Western Bulldogs,Western Bulldogs,Leon Cameron,3,0,0,0,0,0,0
1998,13,1998-06-20,Football Park,Port Adelaide,Western Bulldogs,Western Bulldogs,Matthew Croft,5,1,4,0,0,0,1
1998,13,1998-06-20,Football Park,Port Adelaide,Western Bulldogs,Western Bulldogs,Todd Curley,9,1,6,0,0,0,4
1998,13,1998-06-20,Football Park,Port Adelaide,Western Bulldogs,Western Bulldogs,Luke Darcy,3,1,2,0,0,1,1
1998,13,1998-06-20,Football Park,Port Adelaide,Western Bulldogs,Western Bulldogs,Matthew Dent,10,1,7,0,1,0,2
1998,13,1998-06-20,Football Park,Port Adelaide,Western Bulldogs,Western Bulldogs,Paul Dimattina,3,0,3,1,0,0,3
1998,13,1998-06-20,Football Park,Port Adelaide,Western Bulldogs,Western Bulldogs,Simon Garlick,10,2,9,0,0,0,2
1998,13,1998-06-20,Football Park,Port Adelaide,Western Bulldogs,Western Bulldogs,Chris Grant,12,5,6,0,1,0,0
1998,13,1998-06-20,Football Park,Port Adelaide,Western Bulldogs,Western Bulldogs,Paul Hudson,2,3,4,0,1,1,1
1998,13,1998-06-20,Football Park,Port Adelaide,Western Bulldogs,Western Bulldogs,Brad Johnson,15,5,5,0,2,0,2
1998,13,1998-06-20,Football Park,Port Adelaide,Western Bulldogs,Western Bulldogs,Steven Kolyniuk,10,3,5,2,0,0,0
1998,13,1998-06-20,Football Park,Port Adelaide,Western Bulldogs,Western Bulldogs,Steven Kretiuk,9,2,4,0,0,0,0
1998,13,1998-06-20,Football Park,Port Adelaide,Western Bulldogs,Western Bulldogs,Michael Martin,2,1,3,0,0,0,1
1998,13,1998-06-20,Football Park,Port Adelaide,Western Bulldogs,Western Bulldogs,Brett Montgomery,9,2,3,0,1,1,2
1998,13,1998-06-20,Football Park,Port Adelaide,Western Bulldogs,Western Bulldogs,Stephen Powell,11,5,4,1,0,0,1
1998,13,1998-06-20,Football Park,Port Adelaide,Western Bulldogs,Western Bulldogs,Jose Romero,16,3,11,0,0,0,2
1998,13,1998-06-20,Football Park,Port Adelaide,Western Bulldogs,Western Bulldogs,Rohan Smith,11,4,7,1,1,1,0
1998,13,1998-06-20,Football Park,Port Adelaide,Western Bulldogs,Western Bulldogs,Daniel Southern,4,4,5,0,1,0,2
1998,13,1998-06-20,Football Park,Port Adelaide,Western Bulldogs,Western Bulldogs,Scott West,14,1,14,0,0,0,4
1998,13,1998-06-20,Football Park,Port Adelaide,Western Bulldogs,Western Bulldogs,Brad Wira,11,7,9,0,0,0,0
1998,13,1998-06-20,Football Park,Port Adelaide,Western Bulldogs,Western Bulldogs,Scott Wynd,5,4,13,0,0,26,2
1998,13,1998-06-21,S.C.G.,Sydney,Richmond,Sydney,Leo Barry,2,0,3,0,0,0,1
1998,13,1998-06-21,S.C.G.,Sydney,Richmond,Sydney,Stefan Carey,1,1,2,0,0,3,0
1998,13,1998-06-21,S.C.G.,Sydney,Richmond,Sydney,Troy Cook,4,1,4,0,1,0,0
1998,13,1998-06-21,S.C.G.,Sydney,Richmond,Sydney,Daryn Cresswell,19,8,12,3,1,0,0
1998,13,1998-06-21,S.C.G.,Sydney,Richmond,Sydney,Jared Crouch,10,0,3,0,0,0,3
1998,13,1998-06-21,S.C.G.,Sydney,Richmond,Sydney,Andrew Dunkley,4,4,10,0,0,0,0
1998,13,1998-06-21,S.C.G.,Sydney,Richmond,Sydney,Peter Filandia,4,2,2,0,0,0,2
1998,13,1998-06-21,S.C.G.,Sydney,Richmond,Sydney,Paul Kelly,18,4,9,4,0,0,0
1998,13,1998-06-21,S.C.G.,Sydney,Richmond,Sydney,Dale Lewis,8,2,10,0,0,1,0
1998,13,1998-06-21,S.C.G.,Sydney,Richmond,Sydney,Tony Lockett,7,6,0,4,1,0,0
1998,13,1998-06-21,S.C.G.,Sydney,Richmond,Sydney,Troy Luff,18,6,8,0,0,0,2
1998,13,1998-06-21,S.C.G.,Sydney,Richmond,Sydney,Stuart Maxfield,3,0,1,0,1,0,2
1998,13,1998-06-21,S.C.G.,Sydney,Richmond,Sydney,Matthew Nicks,14,8,10,0,0,0,1
1998,13,1998-06-21,S.C.G.,Sydney,Richmond,Sydney,Brett OFarrell,9,8,4,2,1,12,1
1998,13,1998-06-21,S.C.G.,Sydney,Richmond,Sydney,Michael OLoughlin,5,0,4,0,0,0,4
1998,13,1998-06-21,S.C.G.,Sydney,Richmond,Sydney,Mark Orchard,13,4,10,0,0,0,0
1998,13,1998-06-21,S.C.G.,Sydney,Richmond,Sydney,Paul Roos,1,2,13,0,0,0,1
1998,13,1998-06-21,S.C.G.,Sydney,Richmond,Sydney,Jason Saddington,7,3,8,1,1,0,1
1998,13,1998-06-21,S.C.G.,Sydney,Richmond,Sydney,Wayne Schwass,13,2,5,0,0,0,3
1998,13,1998-06-21,S.C.G.,Sydney,Richmond,Sydney,Brad Seymour,2,0,3,0,0,0,1
1998,13,1998-06-21,S.C.G.,Sydney,Richmond,Sydney,John Stevens,8,3,4,2,0,0,3
1998,13,1998-06-21,S.C.G.,Sydney,Richmond,Sydney,Rowan Warfe,11,3,7,0,0,1,2
1998,13,1998-06-21,S.C.G.,Sydney,Richmond,Richmond,Joel Bowden,8,3,2,3,1,1,2
1998,13,1998-06-21,S.C.G.,Sydney,Richmond,Richmond,Paul Broderick,10,3,5,2,0,0,2
1998,13,1998-06-21,S.C.G.,Sydney,Richmond,Richmond,Paul Bulluss,4,3,3,0,0,1,1
1998,13,1998-06-21,S.C.G.,Sydney,Richmond,Richmond,Nick Daffy,22,7,3,1,2,0,0
1998,13,1998-06-21,S.C.G.,Sydney,Richmond,Richmond,Brett Evans,12,7,8,0,0,0,1
1998,13,1998-06-21,S.C.G.,Sydney,Richmond,Richmond,Brendon Gale,7,2,5,0,0,22,0
1998,13,1998-06-21,S.C.G.,Sydney,Richmond,Richmond,Michael Gale,5,4,10,0,0,0,0
1998,13,1998-06-21,S.C.G.,Sydney,Richmond,Richmond,Darren Gaspar,3,2,7,0,0,1,0
1998,13,1998-06-21,S.C.G.,Sydney,Richmond,Richmond,Ben Harrison,16,5,1,0,2,0,0
1998,13,1998-06-21,S.C.G.,Sydney,Richmond,Richmond,Ben Holland,5,1,2,0,0,7,1
1998,13,1998-06-21,S.C.G.,Sydney,Richmond,Richmond,Aaron James,1,1,1,0,0,0,0
1998,13,1998-06-21,S.C.G.,Sydney,Richmond,Richmond,Andrew Kellaway,6,8,10,0,0,0,2
1998,13,1998-06-21,S.C.G.,Sydney,Richmond,Richmond,Matthew Knights,10,3,14,0,0,0,0
1998,13,1998-06-21,S.C.G.,Sydney,Richmond,Richmond,Steven McKee,0,0,0,0,0,0,0
1998,13,1998-06-21,S.C.G.,Sydney,Richmond,Richmond,Robert Powell,9,2,2,1,1,0,1
1998,13,1998-06-21,S.C.G.,Sydney,Richmond,Richmond,Ashley Prescott,10,4,3,0,0,0,3
1998,13,1998-06-21,S.C.G.,Sydney,Richmond,Richmond,Matthew Richardson,10,7,2,5,3,0,0
1998,13,1998-06-21,S.C.G.,Sydney,Richmond,Richmond,Matthew Rogers,12,3,4,1,0,0,0
1998,13,1998-06-21,S.C.G.,Sydney,Richmond,Richmond,John Rombotis,1,0,2,0,0,0,1
1998,13,1998-06-21,S.C.G.,Sydney,Richmond,Richmond,Damien Ryan,4,2,4,0,0,0,1
1998,13,1998-06-21,S.C.G.,Sydney,Richmond,Richmond,Jason Torney,3,1,4,0,0,0,0
1998,13,1998-06-21,S.C.G.,Sydney,Richmond,Richmond,Scott Turner,13,4,2,0,0,0,0
1998,13,1998-06-21,M.C.G.,Melbourne,St Kilda,Melbourne,Matthew Bishop,8,1,1,1,0,0,0
1998,13,1998-06-21,M.C.G.,Melbourne,St Kilda,Melbourne,Mark Bradly,5,3,5,0,0,2,2
1998,13,1998-06-21,M.C.G.,Melbourne,St Kilda,Melbourne,Matthew Febey,5,2,3,0,0,0,0
1998,13,1998-06-21,M.C.G.,Melbourne,St Kilda,Melbourne,Steven Febey,6,3,7,0,0,0,3
1998,13,1998-06-21,M.C.G.,Melbourne,St Kilda,Melbourne,Brent Grgic,3,3,2,1,1,0,0
1998,13,1998-06-21,M.C.G.,Melbourne,St Kilda,Melbourne,Paul Hopgood,15,6,4,0,0,0,2
1998,13,1998-06-21,M.C.G.,Melbourne,St Kilda,Melbourne,Anthony Ingerson,3,2,6,0,0,2,1
1998,13,1998-06-21,M.C.G.,Melbourne,St Kilda,Melbourne,Travis Johnstone,7,2,3,1,1,0,1
1998,13,1998-06-21,M.C.G.,Melbourne,St Kilda,Melbourne,Andrew Leoncelli,14,6,3,0,1,1,0
1998,13,1998-06-21,M.C.G.,Melbourne,St Kilda,Melbourne,Troy Longmuir,2,1,2,0,0,0,0
1998,13,1998-06-21,M.C.G.,Melbourne,St Kilda,Melbourne,Garry Lyon,2,2,1,0,0,1,2
1998,13,1998-06-21,M.C.G.,Melbourne,St Kilda,Melbourne,Anthony McDonald,9,1,0,1,0,0,1
1998,13,1998-06-21,M.C.G.,Melbourne,St Kilda,Melbourne,Guy Rigoni,8,3,10,0,0,1,1
1998,13,1998-06-21,M.C.G.,Melbourne,St Kilda,Melbourne,Marcus Seecamp,5,2,3,0,0,0,0
1998,13,1998-06-21,M.C.G.,Melbourne,St Kilda,Melbourne,Shaun Smith,1,1,4,0,1,0,1
1998,13,1998-06-21,M.C.G.,Melbourne,St Kilda,Melbourne,Craig Smoker,5,1,3,1,0,0,0
1998,13,1998-06-21,M.C.G.,Melbourne,St Kilda,Melbourne,Jim Stynes,13,7,4,0,2,15,0
1998,13,1998-06-21,M.C.G.,Melbourne,St Kilda,Melbourne,Todd Viney,10,5,5,0,1,0,2
1998,13,1998-06-21,M.C.G.,Melbourne,St Kilda,Melbourne,Daniel Ward,8,3,3,0,1,0,0
1998,13,1998-06-21,M.C.G.,Melbourne,St Kilda,Melbourne,Jeff White,4,4,3,0,0,22,0
1998,13,1998-06-21,M.C.G.,Melbourne,St Kilda,Melbourne,Shane Woewodin,13,4,4,0,1,0,4
1998,13,1998-06-21,M.C.G.,Melbourne,St Kilda,Melbourne,Adem Yze,20,5,1,0,0,0,1
1998,13,1998-06-21,M.C.G.,Melbourne,St Kilda,St Kilda,Luke Beveridge,6,3,2,0,1,0,2
1998,13,1998-06-21,M.C.G.,Melbourne,St Kilda,St Kilda,Tony Brown,4,2,3,0,0,0,0
1998,13,1998-06-21,M.C.G.,Melbourne,St Kilda,St Kilda,Nathan Burke,18,4,6,1,1,0,4
1998,13,1998-06-21,M.C.G.,Melbourne,St Kilda,St Kilda,Brad Campbell,7,2,4,0,0,0,3
1998,13,1998-06-21,M.C.G.,Melbourne,St Kilda,St Kilda,Tim Elliott,2,2,0,0,0,4,0
1998,13,1998-06-21,M.C.G.,Melbourne,St Kilda,St Kilda,Peter Everitt,18,12,3,2,4,16,1
1998,13,1998-06-21,M.C.G.,Melbourne,St Kilda,St Kilda,Robert Harvey,21,4,8,0,0,0,1
1998,13,1998-06-21,M.C.G.,Melbourne,St Kilda,St Kilda,Daniel Healy,5,2,0,1,0,0,1
1998,13,1998-06-21,M.C.G.,Melbourne,St Kilda,St Kilda,Jason Heatley,11,4,1,5,1,0,0
1998,13,1998-06-21,M.C.G.,Melbourne,St Kilda,St Kilda,Max Hudghton,7,3,5,0,0,0,4
1998,13,1998-06-21,M.C.G.,Melbourne,St Kilda,St Kilda,Austinn Jones,16,7,5,2,3,0,3
1998,13,1998-06-21,M.C.G.,Melbourne,St Kilda,St Kilda,Matthew Lappin,8,4,6,1,0,0,5
1998,13,1998-06-21,M.C.G.,Melbourne,St Kilda,St Kilda,Stewart Loewe,5,3,4,2,0,10,2
1998,13,1998-06-21,M.C.G.,Melbourne,St Kilda,St Kilda,Gavin Mitchell,6,0,6,2,0,0,7
1998,13,1998-06-21,M.C.G.,Melbourne,St Kilda,St Kilda,Justin Peckett,5,5,5,0,0,0,1
1998,13,1998-06-21,M.C.G.,Melbourne,St Kilda,St Kilda,David Sierakowski,7,5,10,0,1,8,0
1998,13,1998-06-21,M.C.G.,Melbourne,St Kilda,St Kilda,Steven Sziller,10,6,11,2,0,0,7
1998,13,1998-06-21,M.C.G.,Melbourne,St Kilda,St Kilda,Andrew Thompson,20,6,8,1,1,0,3
1998,13,1998-06-21,M.C.G.,Melbourne,St Kilda,St Kilda,Darryl Wakelin,6,4,4,0,0,1,3
1998,13,1998-06-21,M.C.G.,Melbourne,St Kilda,St Kilda,Shane Wakelin,8,2,3,0,0,0,4
1998,13,1998-06-21,M.C.G.,Melbourne,St Kilda,St Kilda,Nicky Winmar,16,4,12,0,1,0,2
1998,13,1998-06-21,M.C.G.,Melbourne,St Kilda,St Kilda,Matthew Young,19,5,3,0,0,0,2
1998,13,1998-06-21,Subiaco,Fremantle,Carlton,Fremantle,Stuart Anderson,18,11,6,1,0,0,0
1998,13,1998-06-21,Subiaco,Fremantle,Carlton,Fremantle,Daniel Bandy,10,5,3,0,2,17,0
1998,13,1998-06-21,Subiaco,Fremantle,Carlton,Fremantle,Chris Bond,7,4,12,0,1,0,1
1998,13,1998-06-21,Subiaco,Fremantle,Carlton,Fremantle,Craig Callaghan,9,4,5,1,0,0,3
1998,13,1998-06-21,Subiaco,Fremantle,Carlton,Fremantle,James Clement,7,2,5,0,1,0,2
1998,13,1998-06-21,Subiaco,Fremantle,Carlton,Fremantle,Gary Dhurrkay,10,4,3,0,1,0,1
1998,13,1998-06-21,Subiaco,Fremantle,Carlton,Fremantle,Brad Dodd,14,4,12,2,1,0,1
1998,13,1998-06-21,Subiaco,Fremantle,Carlton,Fremantle,Mark Gale,17,5,13,0,1,0,0
1998,13,1998-06-21,Subiaco,Fremantle,Carlton,Fremantle,Greg Harding,4,4,7,0,0,0,1
1998,13,1998-06-21,Subiaco,Fremantle,Carlton,Fremantle,Brodie Holland,8,2,0,0,1,0,1
1998,13,1998-06-21,Subiaco,Fremantle,Carlton,Fremantle,Kingsley Hunter,1,1,2,1,0,0,0
1998,13,1998-06-21,Subiaco,Fremantle,Carlton,Fremantle,Anthony Jones,8,3,4,1,0,0,2
1998,13,1998-06-21,Subiaco,Fremantle,Carlton,Fremantle,Dale Kickett,11,3,10,0,0,0,0
1998,13,1998-06-21,Subiaco,Fremantle,Carlton,Fremantle,Peter Mann,8,8,12,2,0,4,1
1998,13,1998-06-21,Subiaco,Fremantle,Carlton,Fremantle,Andrew McGovern,14,5,4,0,0,0,2
1998,13,1998-06-21,Subiaco,Fremantle,Carlton,Fremantle,Clem Michael,0,0,4,0,0,8,1
1998,13,1998-06-21,Subiaco,Fremantle,Carlton,Fremantle,Jason Norrish,13,7,13,0,0,0,2
1998,13,1998-06-21,Subiaco,Fremantle,Carlton,Fremantle,Stephen OReilly,14,2,5,0,0,1,1
1998,13,1998-06-21,Subiaco,Fremantle,Carlton,Fremantle,Shane Parker,5,3,6,0,0,0,1
1998,13,1998-06-21,Subiaco,Fremantle,Carlton,Fremantle,Jess Sinclair,15,6,5,1,0,0,1
1998,13,1998-06-21,Subiaco,Fremantle,Carlton,Fremantle,Luke Toia,9,4,11,0,1,1,3
1998,13,1998-06-21,Subiaco,Fremantle,Carlton,Fremantle,Clive Waterhouse,3,3,5,1,2,0,0
1998,13,1998-06-21,Subiaco,Fremantle,Carlton,Carlton,Matthew Allan,14,4,8,0,1,39,0
1998,13,1998-06-21,Subiaco,Fremantle,Carlton,Carlton,Simon Beaumont,11,3,9,0,0,0,2
1998,13,1998-06-21,Subiaco,Fremantle,Carlton,Carlton,Tony Bourke,0,0,0,0,0,1,0
1998,13,1998-06-21,Subiaco,Fremantle,Carlton,Carlton,Craig Bradley,16,0,9,0,1,0,2
1998,13,1998-06-21,Subiaco,Fremantle,Carlton,Carlton,Fraser Brown,15,4,13,1,0,0,2
1998,13,1998-06-21,Subiaco,Fremantle,Carlton,Carlton,Scott Camporeale,15,3,6,1,0,0,1
1998,13,1998-06-21,Subiaco,Fremantle,Carlton,Carlton,Ron De Iulio,3,1,2,0,0,0,0
1998,13,1998-06-21,Subiaco,Fremantle,Carlton,Carlton,Anthony Franchina,1,2,4,0,0,0,0
1998,13,1998-06-21,Subiaco,Fremantle,Carlton,Carlton,Aaron Hamill,6,2,6,1,0,0,0
1998,13,1998-06-21,Subiaco,Fremantle,Carlton,Carlton,Darren Hulme,4,0,7,0,0,0,2
1998,13,1998-06-21,Subiaco,Fremantle,Carlton,Carlton,Anthony Koutoufides,3,1,2,0,0,0,2
1998,13,1998-06-21,Subiaco,Fremantle,Carlton,Carlton,Glenn Manton,3,5,7,0,0,0,0
1998,13,1998-06-21,Subiaco,Fremantle,Carlton,Carlton,Andrew McKay,7,3,4,0,0,0,0
1998,13,1998-06-21,Subiaco,Fremantle,Carlton,Carlton,Justin Murphy,10,3,5,0,0,0,0
1998,13,1998-06-21,Subiaco,Fremantle,Carlton,Carlton,Ben Nelson,4,3,8,0,0,0,1
1998,13,1998-06-21,Subiaco,Fremantle,Carlton,Carlton,Brad Pearce,7,3,1,2,0,0,0
1998,13,1998-06-21,Subiaco,Fremantle,Carlton,Carlton,Brett Ratten,15,4,10,0,0,0,2
1998,13,1998-06-21,Subiaco,Fremantle,Carlton,Carlton,Dean Rice,10,2,6,1,1,0,0
1998,13,1998-06-21,Subiaco,Fremantle,Carlton,Carlton,Michael Sexton,13,4,4,1,0,1,1
1998,13,1998-06-21,Subiaco,Fremantle,Carlton,Carlton,Stephen Silvagni,17,5,3,0,0,0,1
1998,13,1998-06-21,Subiaco,Fremantle,Carlton,Carlton,Adam White,1,3,7,0,0,0,1
1998,13,1998-06-21,Subiaco,Fremantle,Carlton,Carlton,Lance Whitnall,10,8,3,3,2,1,1
1998,14,1998-06-26,M.C.G.,North Melbourne,Essendon,North Melbourne,Winston Abraham,10,2,7,2,1,0,2
1998,14,1998-06-26,M.C.G.,North Melbourne,Essendon,North Melbourne,Glenn Archer,17,5,4,0,0,0,0
1998,14,1998-06-26,M.C.G.,North Melbourne,Essendon,North Melbourne,Peter Bell,13,5,8,1,0,0,3
1998,14,1998-06-26,M.C.G.,North Melbourne,Essendon,North Melbourne,John Blakey,14,8,3,1,0,1,0
1998,14,1998-06-26,M.C.G.,North Melbourne,Essendon,North Melbourne,Wayne Carey,13,7,7,1,1,0,0
1998,14,1998-06-26,M.C.G.,North Melbourne,Essendon,North Melbourne,Brett Chandler,4,3,0,0,2,0,3
1998,14,1998-06-26,M.C.G.,North Melbourne,Essendon,North Melbourne,Stuart Cochrane,1,1,0,0,0,0,0
1998,14,1998-06-26,M.C.G.,North Melbourne,Essendon,North Melbourne,Shannon Grant,16,3,5,2,1,0,1
1998,14,1998-06-26,M.C.G.,North Melbourne,Essendon,North Melbourne,Brent Harvey,9,3,5,5,1,0,5
1998,14,1998-06-26,M.C.G.,North Melbourne,Essendon,North Melbourne,Evan Hewitt,5,2,4,0,1,7,2
1998,14,1998-06-26,M.C.G.,North Melbourne,Essendon,North Melbourne,David King,21,1,5,0,1,0,0
1998,14,1998-06-26,M.C.G.,North Melbourne,Essendon,North Melbourne,Mick Martyn,7,4,1,0,0,0,0
1998,14,1998-06-26,M.C.G.,North Melbourne,Essendon,North Melbourne,Jason McCartney,6,3,6,1,0,0,0
1998,14,1998-06-26,M.C.G.,North Melbourne,Essendon,North Melbourne,Corey McKernan,2,3,2,2,0,15,0
1998,14,1998-06-26,M.C.G.,North Melbourne,Essendon,North Melbourne,Byron Pickett,6,3,5,0,0,0,4
1998,14,1998-06-26,M.C.G.,North Melbourne,Essendon,North Melbourne,Martin Pike,10,3,0,1,1,0,3
1998,14,1998-06-26,M.C.G.,North Melbourne,Essendon,North Melbourne,Mark Roberts,10,1,1,0,1,3,1
1998,14,1998-06-26,M.C.G.,North Melbourne,Essendon,North Melbourne,Robert Scott,4,1,1,1,0,0,1
1998,14,1998-06-26,M.C.G.,North Melbourne,Essendon,North Melbourne,Adam Simpson,7,1,4,1,0,0,2
1998,14,1998-06-26,M.C.G.,North Melbourne,Essendon,North Melbourne,Anthony Stevens,21,4,4,1,0,0,4
1998,14,1998-06-26,M.C.G.,North Melbourne,Essendon,North Melbourne,Shannon Watt,1,1,3,0,0,0,2
1998,14,1998-06-26,M.C.G.,North Melbourne,Essendon,North Melbourne,Scott Welsh,0,0,1,0,0,0,1
1998,14,1998-06-26,M.C.G.,North Melbourne,Essendon,Essendon,Steven Alessio,8,8,16,0,1,14,1
1998,14,1998-06-26,M.C.G.,North Melbourne,Essendon,Essendon,Paul Barnard,13,11,9,1,0,1,1
1998,14,1998-06-26,M.C.G.,North Melbourne,Essendon,Essendon,Peter Berbakov,6,3,1,0,0,0,1
1998,14,1998-06-26,M.C.G.,North Melbourne,Essendon,Essendon,Darren Bewick,17,2,2,2,2,0,1
1998,14,1998-06-26,M.C.G.,North Melbourne,Essendon,Essendon,Justin Blumfield,4,4,6,0,0,0,1
1998,14,1998-06-26,M.C.G.,North Melbourne,Essendon,Essendon,Andrew Bomford,7,0,7,1,0,0,1
1998,14,1998-06-26,M.C.G.,North Melbourne,Essendon,Essendon,David Calthorpe,20,12,6,1,0,0,1
1998,14,1998-06-26,M.C.G.,North Melbourne,Essendon,Essendon,Blake Caracella,11,4,2,1,0,0,2
1998,14,1998-06-26,M.C.G.,North Melbourne,Essendon,Essendon,Simon Eastaugh,2,1,3,0,0,12,0
1998,14,1998-06-26,M.C.G.,North Melbourne,Essendon,Essendon,Dustin Fletcher,19,3,2,0,0,0,0
1998,14,1998-06-26,M.C.G.,North Melbourne,Essendon,Essendon,Damien Hardwick,10,5,7,0,0,0,1
1998,14,1998-06-26,M.C.G.,North Melbourne,Essendon,Essendon,Chris Heffernan,7,1,5,0,0,0,6
1998,14,1998-06-26,M.C.G.,North Melbourne,Essendon,Essendon,Judd Lalich,2,2,0,0,1,1,0
1998,14,1998-06-26,M.C.G.,North Melbourne,Essendon,Essendon,Matthew Lloyd,14,9,2,4,4,0,3
1998,14,1998-06-26,M.C.G.,North Melbourne,Essendon,Essendon,Michael Long,9,5,4,0,0,0,1
1998,14,1998-06-26,M.C.G.,North Melbourne,Essendon,Essendon,Scott Lucas,17,11,2,4,3,0,1
1998,14,1998-06-26,M.C.G.,North Melbourne,Essendon,Essendon,Mark Mercuri,15,11,7,1,1,0,2
1998,14,1998-06-26,M.C.G.,North Melbourne,Essendon,Essendon,Joe Misiti,12,0,10,0,0,0,1
1998,14,1998-06-26,M.C.G.,North Melbourne,Essendon,Essendon,Gary Moorcroft,8,4,7,1,0,0,2
1998,14,1998-06-26,M.C.G.,North Melbourne,Essendon,Essendon,Ricky Olarenshaw,11,4,5,0,0,0,0
1998,14,1998-06-26,M.C.G.,North Melbourne,Essendon,Essendon,Dean Solomon,1,0,3,0,0,0,1
1998,14,1998-06-26,M.C.G.,North Melbourne,Essendon,Essendon,Sean Wellman,9,5,5,0,0,0,2
1998,14,1998-06-27,Princes Park,Carlton,Hawthorn,Carlton,Matthew Allan,3,4,8,1,1,24,0
1998,14,1998-06-27,Princes Park,Carlton,Hawthorn,Carlton,Jacob Anstey,0,0,1,0,0,0,0
1998,14,1998-06-27,Princes Park,Carlton,Hawthorn,Carlton,Simon Beaumont,7,5,5,0,0,0,3
1998,14,1998-06-27,Princes Park,Carlton,Hawthorn,Carlton,Craig Bradley,19,6,13,0,1,1,1
1998,14,1998-06-27,Princes Park,Carlton,Hawthorn,Carlton,Fraser Brown,19,6,9,0,1,0,0
1998,14,1998-06-27,Princes Park,Carlton,Hawthorn,Carlton,Scott Camporeale,11,6,5,0,1,0,0
1998,14,1998-06-27,Princes Park,Carlton,Hawthorn,Carlton,Ron De Iulio,14,2,2,2,1,0,3
1998,14,1998-06-27,Princes Park,Carlton,Hawthorn,Carlton,Peter Dean,0,0,0,0,0,0,0
1998,14,1998-06-27,Princes Park,Carlton,Hawthorn,Carlton,Anthony Franchina,9,0,5,0,0,0,1
1998,14,1998-06-27,Princes Park,Carlton,Hawthorn,Carlton,Aaron Hamill,13,7,13,0,1,0,1
1998,14,1998-06-27,Princes Park,Carlton,Hawthorn,Carlton,Anthony Koutoufides,10,4,3,0,0,3,0
1998,14,1998-06-27,Princes Park,Carlton,Hawthorn,Carlton,Glenn Manton,6,7,8,1,0,0,0
1998,14,1998-06-27,Princes Park,Carlton,Hawthorn,Carlton,Andrew McKay,8,3,4,0,0,0,0
1998,14,1998-06-27,Princes Park,Carlton,Hawthorn,Carlton,Justin Murphy,5,2,5,0,0,0,2
1998,14,1998-06-27,Princes Park,Carlton,Hawthorn,Carlton,Ben Nelson,2,1,9,0,0,1,3
1998,14,1998-06-27,Princes Park,Carlton,Hawthorn,Carlton,Brad Pearce,14,8,3,6,4,0,1
1998,14,1998-06-27,Princes Park,Carlton,Hawthorn,Carlton,Brett Ratten,15,0,11,0,1,0,0
1998,14,1998-06-27,Princes Park,Carlton,Hawthorn,Carlton,Dean Rice,5,4,11,0,0,0,1
1998,14,1998-06-27,Princes Park,Carlton,Hawthorn,Carlton,Michael Sexton,15,5,4,0,0,3,0
1998,14,1998-06-27,Princes Park,Carlton,Hawthorn,Carlton,Stephen Silvagni,8,1,0,0,0,0,1
1998,14,1998-06-27,Princes Park,Carlton,Hawthorn,Carlton,Adam White,2,2,4,0,0,0,0
1998,14,1998-06-27,Princes Park,Carlton,Hawthorn,Carlton,Lance Whitnall,10,5,5,3,1,4,1
1998,14,1998-06-27,Princes Park,Carlton,Hawthorn,Hawthorn,Nathan Chapman,7,2,5,0,0,0,5
1998,14,1998-06-27,Princes Park,Carlton,Hawthorn,Hawthorn,Daniel Chick,12,3,2,1,1,1,3
1998,14,1998-06-27,Princes Park,Carlton,Hawthorn,Hawthorn,Justin Crawford,5,2,5,0,0,0,1
1998,14,1998-06-27,Princes Park,Carlton,Hawthorn,Hawthorn,Shane Crawford,11,2,6,2,0,0,5
1998,14,1998-06-27,Princes Park,Carlton,Hawthorn,Hawthorn,Ben Dixon,1,0,1,0,1,0,0
1998,14,1998-06-27,Princes Park,Carlton,Hawthorn,Hawthorn,Jason Dunstall,2,2,1,1,1,0,0
1998,14,1998-06-27,Princes Park,Carlton,Hawthorn,Hawthorn,Daniel Harford,6,4,9,0,0,0,2
1998,14,1998-06-27,Princes Park,Carlton,Hawthorn,Hawthorn,Jonathan Hay,12,5,3,0,0,0,1
1998,14,1998-06-27,Princes Park,Carlton,Hawthorn,Hawthorn,Nick Holland,4,3,3,3,0,4,2
1998,14,1998-06-27,Princes Park,Carlton,Hawthorn,Hawthorn,Darren Kappler,16,1,4,0,1,0,3
1998,14,1998-06-27,Princes Park,Carlton,Hawthorn,Hawthorn,Haydon Kilmartin,5,1,3,1,0,0,5
1998,14,1998-06-27,Princes Park,Carlton,Hawthorn,Hawthorn,Brendan Krummel,9,4,3,2,0,3,6
1998,14,1998-06-27,Princes Park,Carlton,Hawthorn,Hawthorn,Angelo Lekkas,13,5,2,0,1,0,6
1998,14,1998-06-27,Princes Park,Carlton,Hawthorn,Hawthorn,Aaron Lord,9,3,5,1,2,0,0
1998,14,1998-06-27,Princes Park,Carlton,Hawthorn,Hawthorn,Luke McCabe,16,2,6,0,1,0,3
1998,14,1998-06-27,Princes Park,Carlton,Hawthorn,Hawthorn,Jade Rawlings,7,0,2,0,0,3,2
1998,14,1998-06-27,Princes Park,Carlton,Hawthorn,Hawthorn,Jonathon Robran,6,2,1,0,0,0,1
1998,14,1998-06-27,Princes Park,Carlton,Hawthorn,Hawthorn,Paul Salmon,4,2,10,0,0,30,0
1998,14,1998-06-27,Princes Park,Carlton,Hawthorn,Hawthorn,Rayden Tallis,1,1,1,0,0,0,2
1998,14,1998-06-27,Princes Park,Carlton,Hawthorn,Hawthorn,Richard Taylor,14,5,10,0,0,0,4
1998,14,1998-06-27,Princes Park,Carlton,Hawthorn,Hawthorn,Craig Treleven,2,0,2,0,0,0,1
1998,14,1998-06-27,Princes Park,Carlton,Hawthorn,Hawthorn,Tony Woods,7,0,4,0,1,0,2
1998,14,1998-06-27,Waverley Park,St Kilda,Western Bulldogs,St Kilda,Luke Beveridge,5,1,2,2,0,0,2
1998,14,1998-06-27,Waverley Park,St Kilda,Western Bulldogs,St Kilda,Tony Brown,5,3,3,0,1,0,0
1998,14,1998-06-27,Waverley Park,St Kilda,Western Bulldogs,St Kilda,Nathan Burke,15,4,11,0,0,0,5
1998,14,1998-06-27,Waverley Park,St Kilda,Western Bulldogs,St Kilda,Brad Campbell,5,4,10,0,0,0,3
1998,14,1998-06-27,Waverley Park,St Kilda,Western Bulldogs,St Kilda,Tim Elliott,3,0,2,0,0,0,1
1998,14,1998-06-27,Waverley Park,St Kilda,Western Bulldogs,St Kilda,Peter Everitt,13,7,5,3,2,8,2
1998,14,1998-06-27,Waverley Park,St Kilda,Western Bulldogs,St Kilda,Robert Harvey,30,4,4,1,1,0,1
1998,14,1998-06-27,Waverley Park,St Kilda,Western Bulldogs,St Kilda,Daniel Healy,1,0,1,0,0,0,1
1998,14,1998-06-27,Waverley Park,St Kilda,Western Bulldogs,St Kilda,Jason Heatley,5,2,2,0,1,0,2
1998,14,1998-06-27,Waverley Park,St Kilda,Western Bulldogs,St Kilda,Max Hudghton,4,2,5,0,0,0,1
1998,14,1998-06-27,Waverley Park,St Kilda,Western Bulldogs,St Kilda,Austinn Jones,8,2,2,1,0,0,2
1998,14,1998-06-27,Waverley Park,St Kilda,Western Bulldogs,St Kilda,Matthew Lappin,3,1,2,1,0,0,1
1998,14,1998-06-27,Waverley Park,St Kilda,Western Bulldogs,St Kilda,Stewart Loewe,12,19,13,0,1,14,1
1998,14,1998-06-27,Waverley Park,St Kilda,Western Bulldogs,St Kilda,Gavin Mitchell,6,0,8,0,0,0,1
1998,14,1998-06-27,Waverley Park,St Kilda,Western Bulldogs,St Kilda,Justin Peckett,13,8,6,1,0,0,1
1998,14,1998-06-27,Waverley Park,St Kilda,Western Bulldogs,St Kilda,David Sierakowski,5,3,3,1,0,2,1
1998,14,1998-06-27,Waverley Park,St Kilda,Western Bulldogs,St Kilda,Steven Sziller,11,2,9,1,0,0,2
1998,14,1998-06-27,Waverley Park,St Kilda,Western Bulldogs,St Kilda,Andrew Thompson,8,2,10,1,2,0,2
1998,14,1998-06-27,Waverley Park,St Kilda,Western Bulldogs,St Kilda,Darryl Wakelin,3,2,1,0,0,1,0
1998,14,1998-06-27,Waverley Park,St Kilda,Western Bulldogs,St Kilda,Shane Wakelin,7,3,3,0,0,0,0
1998,14,1998-06-27,Waverley Park,St Kilda,Western Bulldogs,St Kilda,Nicky Winmar,22,7,7,0,1,0,6
1998,14,1998-06-27,Waverley Park,St Kilda,Western Bulldogs,St Kilda,Matthew Young,11,8,10,0,0,0,1
1998,14,1998-06-27,Waverley Park,St Kilda,Western Bulldogs,Western Bulldogs,Nathan Brown,9,1,7,0,1,1,1
1998,14,1998-06-27,Waverley Park,St Kilda,Western Bulldogs,Western Bulldogs,James Cook,10,8,2,3,2,0,1
1998,14,1998-06-27,Waverley Park,St Kilda,Western Bulldogs,Western Bulldogs,Matthew Croft,7,3,10,0,0,1,2
1998,14,1998-06-27,Waverley Park,St Kilda,Western Bulldogs,Western Bulldogs,Todd Curley,6,3,4,0,1,0,2
1998,14,1998-06-27,Waverley Park,St Kilda,Western Bulldogs,Western Bulldogs,Luke Darcy,9,7,7,0,1,5,0
1998,14,1998-06-27,Waverley Park,St Kilda,Western Bulldogs,Western Bulldogs,Matthew Dent,15,3,12,0,0,0,1
1998,14,1998-06-27,Waverley Park,St Kilda,Western Bulldogs,Western Bulldogs,Paul Dimattina,7,2,0,0,0,0,1
1998,14,1998-06-27,Waverley Park,St Kilda,Western Bulldogs,Western Bulldogs,Simon Garlick,13,2,4,0,0,0,2
1998,14,1998-06-27,Waverley Park,St Kilda,Western Bulldogs,Western Bulldogs,Chris Grant,20,16,6,2,0,1,2
1998,14,1998-06-27,Waverley Park,St Kilda,Western Bulldogs,Western Bulldogs,Paul Hudson,4,0,4,0,0,0,2
1998,14,1998-06-27,Waverley Park,St Kilda,Western Bulldogs,Western Bulldogs,Brad Johnson,17,7,7,1,0,0,1
1998,14,1998-06-27,Waverley Park,St Kilda,Western Bulldogs,Western Bulldogs,Steven Kolyniuk,3,1,0,0,1,0,1
1998,14,1998-06-27,Waverley Park,St Kilda,Western Bulldogs,Western Bulldogs,Steven Kretiuk,1,2,6,0,0,0,0
1998,14,1998-06-27,Waverley Park,St Kilda,Western Bulldogs,Western Bulldogs,Michael Martin,8,1,4,1,1,0,0
1998,14,1998-06-27,Waverley Park,St Kilda,Western Bulldogs,Western Bulldogs,Simon Minton-Connell,8,6,1,2,2,0,2
1998,14,1998-06-27,Waverley Park,St Kilda,Western Bulldogs,Western Bulldogs,Brett Montgomery,7,6,5,0,0,0,0
1998,14,1998-06-27,Waverley Park,St Kilda,Western Bulldogs,Western Bulldogs,Jose Romero,5,0,2,0,0,0,4
1998,14,1998-06-27,Waverley Park,St Kilda,Western Bulldogs,Western Bulldogs,Rohan Smith,11,8,7,1,1,0,0
1998,14,1998-06-27,Waverley Park,St Kilda,Western Bulldogs,Western Bulldogs,Daniel Southern,3,0,6,0,0,2,3
1998,14,1998-06-27,Waverley Park,St Kilda,Western Bulldogs,Western Bulldogs,Scott West,13,2,18,0,0,0,3
1998,14,1998-06-27,Waverley Park,St Kilda,Western Bulldogs,Western Bulldogs,Brad Wira,12,6,9,0,0,0,0
1998,14,1998-06-27,Waverley Park,St Kilda,Western Bulldogs,Western Bulldogs,Scott Wynd,7,2,6,0,0,17,2
1998,14,1998-06-27,M.C.G.,Richmond,Fremantle,Richmond,Joel Bowden,12,7,8,2,1,1,4
1998,14,1998-06-27,M.C.G.,Richmond,Fremantle,Richmond,Paul Broderick,15,5,12,1,0,0,3
1998,14,1998-06-27,M.C.G.,Richmond,Fremantle,Richmond,Paul Bulluss,5,5,6,0,0,1,1
1998,14,1998-06-27,M.C.G.,Richmond,Fremantle,Richmond,Wayne Campbell,22,3,10,0,1,1,5
1998,14,1998-06-27,M.C.G.,Richmond,Fremantle,Richmond,Nick Daffy,23,2,7,1,0,0,2
1998,14,1998-06-27,M.C.G.,Richmond,Fremantle,Richmond,Brett Evans,7,3,9,1,1,0,3
1998,14,1998-06-27,M.C.G.,Richmond,Fremantle,Richmond,Ross Funcke,2,1,2,1,0,0,1
1998,14,1998-06-27,M.C.G.,Richmond,Fremantle,Richmond,Brendon Gale,7,7,8,1,0,25,5
1998,14,1998-06-27,M.C.G.,Richmond,Fremantle,Richmond,Michael Gale,2,1,1,0,0,0,0
1998,14,1998-06-27,M.C.G.,Richmond,Fremantle,Richmond,Darren Gaspar,1,0,0,0,0,0,0
1998,14,1998-06-27,M.C.G.,Richmond,Fremantle,Richmond,Ben Harrison,11,6,6,0,0,0,1
1998,14,1998-06-27,M.C.G.,Richmond,Fremantle,Richmond,Ben Holland,7,3,4,3,0,2,2
1998,14,1998-06-27,M.C.G.,Richmond,Fremantle,Richmond,Andrew Kellaway,6,6,10,0,0,0,0
1998,14,1998-06-27,M.C.G.,Richmond,Fremantle,Richmond,Matthew Knights,16,1,15,0,0,0,3
1998,14,1998-06-27,M.C.G.,Richmond,Fremantle,Richmond,Steven McKee,1,1,1,0,0,1,1
1998,14,1998-06-27,M.C.G.,Richmond,Fremantle,Richmond,Justin Plapp,4,3,3,3,0,0,0
1998,14,1998-06-27,M.C.G.,Richmond,Fremantle,Richmond,Robert Powell,11,1,13,0,1,0,2
1998,14,1998-06-27,M.C.G.,Richmond,Fremantle,Richmond,Ashley Prescott,9,3,13,0,0,0,3
1998,14,1998-06-27,M.C.G.,Richmond,Fremantle,Richmond,Matthew Richardson,16,9,2,7,1,0,1
1998,14,1998-06-27,M.C.G.,Richmond,Fremantle,Richmond,Matthew Rogers,19,6,6,0,0,0,1
1998,14,1998-06-27,M.C.G.,Richmond,Fremantle,Richmond,Damien Ryan,12,4,1,3,0,0,0
1998,14,1998-06-27,M.C.G.,Richmond,Fremantle,Richmond,Scott Turner,2,2,5,0,0,0,0
1998,14,1998-06-27,M.C.G.,Richmond,Fremantle,Fremantle,Stuart Anderson,8,2,5,0,0,0,0
1998,14,1998-06-27,M.C.G.,Richmond,Fremantle,Fremantle,Daniel Bandy,3,3,7,0,0,4,0
1998,14,1998-06-27,M.C.G.,Richmond,Fremantle,Fremantle,Chris Bond,9,3,14,0,0,0,2
1998,14,1998-06-27,M.C.G.,Richmond,Fremantle,Fremantle,Matthew Burton,5,5,7,0,0,21,1
1998,14,1998-06-27,M.C.G.,Richmond,Fremantle,Fremantle,Craig Callaghan,15,4,2,2,0,0,0
1998,14,1998-06-27,M.C.G.,Richmond,Fremantle,Fremantle,James Clement,6,4,0,1,0,0,0
1998,14,1998-06-27,M.C.G.,Richmond,Fremantle,Fremantle,Gary Dhurrkay,9,4,0,0,1,0,2
1998,14,1998-06-27,M.C.G.,Richmond,Fremantle,Fremantle,Brad Dodd,14,4,8,0,0,0,0
1998,14,1998-06-27,M.C.G.,Richmond,Fremantle,Fremantle,Mark Gale,11,2,6,0,0,0,3
1998,14,1998-06-27,M.C.G.,Richmond,Fremantle,Fremantle,Greg Harding,4,1,6,0,0,0,0
1998,14,1998-06-27,M.C.G.,Richmond,Fremantle,Fremantle,Brodie Holland,14,6,4,2,1,0,2
1998,14,1998-06-27,M.C.G.,Richmond,Fremantle,Fremantle,Anthony Jones,5,3,5,0,0,0,1
1998,14,1998-06-27,M.C.G.,Richmond,Fremantle,Fremantle,Dale Kickett,6,2,4,0,1,0,2
1998,14,1998-06-27,M.C.G.,Richmond,Fremantle,Fremantle,Steven Koops,3,1,2,1,0,0,1
1998,14,1998-06-27,M.C.G.,Richmond,Fremantle,Fremantle,Peter Mann,5,1,4,1,0,0,2
1998,14,1998-06-27,M.C.G.,Richmond,Fremantle,Fremantle,Andrew McGovern,11,6,10,0,0,0,1
1998,14,1998-06-27,M.C.G.,Richmond,Fremantle,Fremantle,Clem Michael,5,4,2,0,1,9,0
1998,14,1998-06-27,M.C.G.,Richmond,Fremantle,Fremantle,Jason Norrish,7,2,5,1,0,0,1
1998,14,1998-06-27,M.C.G.,Richmond,Fremantle,Fremantle,Stephen OReilly,14,9,6,0,0,0,0
1998,14,1998-06-27,M.C.G.,Richmond,Fremantle,Fremantle,Shane Parker,10,4,6,0,0,0,0
1998,14,1998-06-27,M.C.G.,Richmond,Fremantle,Fremantle,Jess Sinclair,14,5,5,0,0,0,1
1998,14,1998-06-27,M.C.G.,Richmond,Fremantle,Fremantle,Luke Toia,8,3,9,0,0,0,3
1998,14,1998-06-27,Football Park,Port Adelaide,Geelong,Port Adelaide,Shane Bond,2,2,3,0,1,0,1
1998,14,1998-06-27,Football Park,Port Adelaide,Geelong,Port Adelaide,Shayne Breuer,8,3,9,0,0,1,4
1998,14,1998-06-27,Football Park,Port Adelaide,Geelong,Port Adelaide,David Brown,13,3,10,1,1,0,3
1998,14,1998-06-27,Football Park,Port Adelaide,Geelong,Port Adelaide,Scott Cummings,0,0,1,0,0,0,0
1998,14,1998-06-27,Football Park,Port Adelaide,Geelong,Port Adelaide,Stephen Daniels,5,1,3,0,0,0,2
1998,14,1998-06-27,Football Park,Port Adelaide,Geelong,Port Adelaide,Stuart Dew,13,3,2,0,0,0,1
1998,14,1998-06-27,Football Park,Port Adelaide,Geelong,Port Adelaide,Donald Dickie,13,5,8,0,2,0,3
1998,14,1998-06-27,Football Park,Port Adelaide,Geelong,Port Adelaide,Nathan Eagleton,16,1,5,0,2,0,0
1998,14,1998-06-27,Football Park,Port Adelaide,Geelong,Port Adelaide,Josh Francou,11,3,9,2,0,0,6
1998,14,1998-06-27,Football Park,Port Adelaide,Geelong,Port Adelaide,Tom Harley,1,0,0,1,0,0,0
1998,14,1998-06-27,Football Park,Port Adelaide,Geelong,Port Adelaide,Adam Kingsley,22,7,4,1,1,0,4
1998,14,1998-06-27,Football Park,Port Adelaide,Geelong,Port Adelaide,Brendon Lade,8,3,5,2,1,9,0
1998,14,1998-06-27,Football Park,Port Adelaide,Geelong,Port Adelaide,Bowen Lockwood,4,1,2,1,0,1,2
1998,14,1998-06-27,Football Park,Port Adelaide,Geelong,Port Adelaide,Brayden Lyle,13,3,9,0,0,0,3
1998,14,1998-06-27,Football Park,Port Adelaide,Geelong,Port Adelaide,Darren Mead,7,5,9,0,0,1,1
1998,14,1998-06-27,Football Park,Port Adelaide,Geelong,Port Adelaide,Stephen Paxman,3,3,2,0,0,0,4
1998,14,1998-06-27,Football Park,Port Adelaide,Geelong,Port Adelaide,Darryl Poole,0,0,4,0,0,1,0
1998,14,1998-06-27,Football Park,Port Adelaide,Geelong,Port Adelaide,Matthew Primus,9,5,8,0,0,22,3
1998,14,1998-06-27,Football Park,Port Adelaide,Geelong,Port Adelaide,Nick Stevens,15,5,6,0,0,0,1
1998,14,1998-06-27,Football Park,Port Adelaide,Geelong,Port Adelaide,Warren Tredrea,11,4,2,3,2,2,2
1998,14,1998-06-27,Football Park,Port Adelaide,Geelong,Port Adelaide,Gavin Wanganeen,10,2,3,0,0,0,0
1998,14,1998-06-27,Football Park,Port Adelaide,Geelong,Port Adelaide,Michael Wilson,12,5,9,2,1,0,0
1998,14,1998-06-27,Football Park,Port Adelaide,Geelong,Geelong,John Barnes,7,3,5,0,0,9,2
1998,14,1998-06-27,Football Park,Port Adelaide,Geelong,Geelong,Clint Bizzell,7,2,4,1,2,2,1
1998,14,1998-06-27,Football Park,Port Adelaide,Geelong,Geelong,Leigh Brockman,2,0,0,1,0,1,0
1998,14,1998-06-27,Football Park,Port Adelaide,Geelong,Geelong,Ronnie Burns,9,0,4,4,2,0,1
1998,14,1998-06-27,Football Park,Port Adelaide,Geelong,Geelong,Leigh Colbert,8,1,5,0,1,9,5
1998,14,1998-06-27,Football Park,Port Adelaide,Geelong,Geelong,Paul Corrigan,4,1,1,0,0,0,0
1998,14,1998-06-27,Football Park,Port Adelaide,Geelong,Geelong,Tim Hargreaves,1,0,1,0,0,0,1
1998,14,1998-06-27,Football Park,Port Adelaide,Geelong,Geelong,Garry Hocking,17,1,11,1,0,0,1
1998,14,1998-06-27,Football Park,Port Adelaide,Geelong,Geelong,Glenn Kilpatrick,14,3,6,0,1,0,2
1998,14,1998-06-27,Football Park,Port Adelaide,Geelong,Geelong,Daniel Lowther,2,1,0,0,1,0,0
1998,14,1998-06-27,Football Park,Port Adelaide,Geelong,Geelong,Michael Mansfield,4,3,6,0,0,1,1
1998,14,1998-06-27,Football Park,Port Adelaide,Geelong,Geelong,Tim McGrath,8,4,3,0,0,1,1
1998,14,1998-06-27,Football Park,Port Adelaide,Geelong,Geelong,David Mensch,6,1,4,0,1,6,0
1998,14,1998-06-27,Football Park,Port Adelaide,Geelong,Geelong,James Rahilly,6,1,7,0,0,0,1
1998,14,1998-06-27,Football Park,Port Adelaide,Geelong,Geelong,Peter Riccardi,7,0,3,1,0,0,2
1998,14,1998-06-27,Football Park,Port Adelaide,Geelong,Geelong,Cameron Roberts,7,1,0,0,0,5,3
1998,14,1998-06-27,Football Park,Port Adelaide,Geelong,Geelong,Brenton Sanderson,9,1,4,0,0,0,1
1998,14,1998-06-27,Football Park,Port Adelaide,Geelong,Geelong,Brad Sholl,17,9,11,0,0,0,4
1998,14,1998-06-27,Football Park,Port Adelaide,Geelong,Geelong,Sean Simpson,10,2,9,0,0,0,2
1998,14,1998-06-27,Football Park,Port Adelaide,Geelong,Geelong,Jason Snell,2,1,1,0,0,0,2
1998,14,1998-06-27,Football Park,Port Adelaide,Geelong,Geelong,Brett Spinks,8,5,2,1,2,1,0
1998,14,1998-06-27,Football Park,Port Adelaide,Geelong,Geelong,Marc Woolnough,2,0,1,1,0,0,0
1998,14,1998-06-28,S.C.G.,Sydney,Adelaide,Sydney,Leo Barry,1,1,4,0,0,0,0
1998,14,1998-06-28,S.C.G.,Sydney,Adelaide,Sydney,Troy Cook,10,3,12,0,0,1,3
1998,14,1998-06-28,S.C.G.,Sydney,Adelaide,Sydney,Daryn Cresswell,20,5,10,3,1,1,0
1998,14,1998-06-28,S.C.G.,Sydney,Adelaide,Sydney,Jared Crouch,4,0,5,0,0,0,3
1998,14,1998-06-28,S.C.G.,Sydney,Adelaide,Sydney,Andrew Dunkley,8,11,7,0,0,4,0
1998,14,1998-06-28,S.C.G.,Sydney,Adelaide,Sydney,Peter Filandia,6,3,4,0,1,0,0
1998,14,1998-06-28,S.C.G.,Sydney,Adelaide,Sydney,Brent Green,3,2,4,2,0,3,0
1998,14,1998-06-28,S.C.G.,Sydney,Adelaide,Sydney,Paul Kelly,19,3,6,1,3,1,2
1998,14,1998-06-28,S.C.G.,Sydney,Adelaide,Sydney,Dale Lewis,6,3,6,1,0,0,0
1998,14,1998-06-28,S.C.G.,Sydney,Adelaide,Sydney,Tony Lockett,5,4,2,2,2,0,1
1998,14,1998-06-28,S.C.G.,Sydney,Adelaide,Sydney,Troy Luff,10,5,9,0,0,2,2
1998,14,1998-06-28,S.C.G.,Sydney,Adelaide,Sydney,Stuart Maxfield,9,4,4,0,2,0,1
1998,14,1998-06-28,S.C.G.,Sydney,Adelaide,Sydney,Matthew Nicks,14,4,6,1,0,0,2
1998,14,1998-06-28,S.C.G.,Sydney,Adelaide,Sydney,Brett OFarrell,11,8,5,0,0,10,0
1998,14,1998-06-28,S.C.G.,Sydney,Adelaide,Sydney,Michael OLoughlin,7,0,8,0,2,0,1
1998,14,1998-06-28,S.C.G.,Sydney,Adelaide,Sydney,Mark Orchard,9,1,2,0,1,0,3
1998,14,1998-06-28,S.C.G.,Sydney,Adelaide,Sydney,Paul Roos,1,0,2,0,0,0,0
1998,14,1998-06-28,S.C.G.,Sydney,Adelaide,Sydney,Jason Saddington,4,2,11,0,0,0,3
1998,14,1998-06-28,S.C.G.,Sydney,Adelaide,Sydney,Wayne Schwass,12,1,6,1,1,0,0
1998,14,1998-06-28,S.C.G.,Sydney,Adelaide,Sydney,Brad Seymour,2,1,5,0,0,0,0
1998,14,1998-06-28,S.C.G.,Sydney,Adelaide,Sydney,John Stevens,10,0,10,1,0,0,0
1998,14,1998-06-28,S.C.G.,Sydney,Adelaide,Sydney,Rowan Warfe,9,5,3,0,0,0,1
1998,14,1998-06-28,S.C.G.,Sydney,Adelaide,Adelaide,Mark Bickley,15,2,7,2,1,1,5
1998,14,1998-06-28,S.C.G.,Sydney,Adelaide,Adelaide,Troy Bond,5,2,3,1,2,0,0
1998,14,1998-06-28,S.C.G.,Sydney,Adelaide,Adelaide,Peter Caven,9,4,3,0,0,0,1
1998,14,1998-06-28,S.C.G.,Sydney,Adelaide,Adelaide,Sudjai Cook,3,1,1,1,0,0,0
1998,14,1998-06-28,S.C.G.,Sydney,Adelaide,Adelaide,Tyson Edwards,5,1,0,1,0,0,0
1998,14,1998-06-28,S.C.G.,Sydney,Adelaide,Adelaide,Shane Ellen,6,4,5,0,0,0,2
1998,14,1998-06-28,S.C.G.,Sydney,Adelaide,Adelaide,Simon Goodwin,7,3,3,0,0,0,1
1998,14,1998-06-28,S.C.G.,Sydney,Adelaide,Adelaide,Ben Hart,7,4,2,1,0,0,0
1998,14,1998-06-28,S.C.G.,Sydney,Adelaide,Adelaide,Brett James,14,4,18,2,1,0,2
1998,14,1998-06-28,S.C.G.,Sydney,Adelaide,Adelaide,Darren Jarman,16,3,6,2,1,0,1
1998,14,1998-06-28,S.C.G.,Sydney,Adelaide,Adelaide,Kym Koster,13,3,7,0,2,0,2
1998,14,1998-06-28,S.C.G.,Sydney,Adelaide,Adelaide,Ben Marsh,6,5,4,3,0,17,0
1998,14,1998-06-28,S.C.G.,Sydney,Adelaide,Adelaide,Andrew McLeod,9,5,2,0,2,0,1
1998,14,1998-06-28,S.C.G.,Sydney,Adelaide,Adelaide,Trent Ormond-Allen,4,2,2,1,0,0,0
1998,14,1998-06-28,S.C.G.,Sydney,Adelaide,Adelaide,David Pittman,1,0,0,0,0,0,1
1998,14,1998-06-28,S.C.G.,Sydney,Adelaide,Adelaide,Shaun Rehn,14,7,9,0,0,20,0
1998,14,1998-06-28,S.C.G.,Sydney,Adelaide,Adelaide,Mark Ricciuto,23,9,7,3,1,0,0
1998,14,1998-06-28,S.C.G.,Sydney,Adelaide,Adelaide,Matthew Robran,9,6,5,0,3,4,0
1998,14,1998-06-28,S.C.G.,Sydney,Adelaide,Adelaide,Nigel Smart,13,4,4,0,0,1,1
1998,14,1998-06-28,S.C.G.,Sydney,Adelaide,Adelaide,Mark Stevens,3,2,3,0,0,0,0
1998,14,1998-06-28,S.C.G.,Sydney,Adelaide,Adelaide,James Thiessen,4,1,5,1,0,0,0
1998,14,1998-06-28,S.C.G.,Sydney,Adelaide,Adelaide,Simon Tregenza,4,1,2,0,0,0,0
1998,14,1998-06-28,Gabba,Brisbane Lions,Collingwood,Brisbane Lions,Jason Akermanis,15,8,8,1,0,0,1
1998,14,1998-06-28,Gabba,Brisbane Lions,Collingwood,Brisbane Lions,Marcus Ashcroft,20,9,11,2,1,0,3
1998,14,1998-06-28,Gabba,Brisbane Lions,Collingwood,Brisbane Lions,Scott Bamford,11,4,9,1,2,0,3
1998,14,1998-06-28,Gabba,Brisbane Lions,Collingwood,Brisbane Lions,Trent Bartlett,3,2,3,0,1,0,0
1998,14,1998-06-28,Gabba,Brisbane Lions,Collingwood,Brisbane Lions,Richard Champion,10,6,5,1,1,1,1
1998,14,1998-06-28,Gabba,Brisbane Lions,Collingwood,Brisbane Lions,Matthew Clarke,5,5,7,0,2,21,1
1998,14,1998-06-28,Gabba,Brisbane Lions,Collingwood,Brisbane Lions,Danny Dickfos,6,3,8,0,0,1,0
1998,14,1998-06-28,Gabba,Brisbane Lions,Collingwood,Brisbane Lions,Shaun Hart,14,4,10,1,2,1,3
1998,14,1998-06-28,Gabba,Brisbane Lions,Collingwood,Brisbane Lions,Rory Hilton,9,1,1,0,0,0,0
1998,14,1998-06-28,Gabba,Brisbane Lions,Collingwood,Brisbane Lions,Chris Johnson,8,5,8,1,2,0,0
1998,14,1998-06-28,Gabba,Brisbane Lions,Collingwood,Brisbane Lions,Matthew Kennedy,7,5,7,0,0,0,1
1998,14,1998-06-28,Gabba,Brisbane Lions,Collingwood,Brisbane Lions,Nigel Lappin,23,11,14,2,0,0,0
1998,14,1998-06-28,Gabba,Brisbane Lions,Collingwood,Brisbane Lions,Steven Lawrence,14,5,9,1,0,0,0
1998,14,1998-06-28,Gabba,Brisbane Lions,Collingwood,Brisbane Lions,Justin Leppitsch,6,5,0,3,2,0,2
1998,14,1998-06-28,Gabba,Brisbane Lions,Collingwood,Brisbane Lions,Alastair Lynch,9,6,5,0,0,0,0
1998,14,1998-06-28,Gabba,Brisbane Lions,Collingwood,Brisbane Lions,Craig McRae,11,4,2,1,2,0,1
1998,14,1998-06-28,Gabba,Brisbane Lions,Collingwood,Brisbane Lions,Ben Robbins,12,4,13,0,1,0,0
1998,14,1998-06-28,Gabba,Brisbane Lions,Collingwood,Brisbane Lions,Brad Scott,12,3,7,0,0,0,0
1998,14,1998-06-28,Gabba,Brisbane Lions,Collingwood,Brisbane Lions,Chris Scott,13,9,9,1,0,0,1
1998,14,1998-06-28,Gabba,Brisbane Lions,Collingwood,Brisbane Lions,Dion Scott,2,1,4,0,0,3,1
1998,14,1998-06-28,Gabba,Brisbane Lions,Collingwood,Brisbane Lions,Brett Voss,2,0,1,0,0,0,0
1998,14,1998-06-28,Gabba,Brisbane Lions,Collingwood,Brisbane Lions,Darryl White,11,7,3,4,1,0,1
1998,14,1998-06-28,Gabba,Brisbane Lions,Collingwood,Collingwood,Gavin Brown,16,11,11,0,0,0,1
1998,14,1998-06-28,Gabba,Brisbane Lions,Collingwood,Collingwood,Nathan Buckley,22,4,9,4,2,0,1
1998,14,1998-06-28,Gabba,Brisbane Lions,Collingwood,Collingwood,Scott Burns,6,2,8,0,0,0,1
1998,14,1998-06-28,Gabba,Brisbane Lions,Collingwood,Collingwood,Gavin Crosisca,13,7,9,0,1,0,1
1998,14,1998-06-28,Gabba,Brisbane Lions,Collingwood,Collingwood,Scott Crow,8,1,6,0,1,1,0
1998,14,1998-06-28,Gabba,Brisbane Lions,Collingwood,Collingwood,Chris Curran,4,1,2,0,0,0,1
1998,14,1998-06-28,Gabba,Brisbane Lions,Collingwood,Collingwood,Luke Godden,4,3,5,0,0,0,1
1998,14,1998-06-28,Gabba,Brisbane Lions,Collingwood,Collingwood,Stuart Mangin,4,0,1,0,0,0,0
1998,14,1998-06-28,Gabba,Brisbane Lions,Collingwood,Collingwood,Alex McDonald,12,4,6,2,0,1,2
1998,14,1998-06-28,Gabba,Brisbane Lions,Collingwood,Collingwood,Damian Monkhorst,3,5,12,0,1,29,0
1998,14,1998-06-28,Gabba,Brisbane Lions,Collingwood,Collingwood,Richard Osborne,2,2,1,0,0,0,1
1998,14,1998-06-28,Gabba,Brisbane Lions,Collingwood,Collingwood,Stephen Patterson,10,0,8,1,1,0,3
1998,14,1998-06-28,Gabba,Brisbane Lions,Collingwood,Collingwood,Simon Prestigiacomo,6,6,8,0,0,0,0
1998,14,1998-06-28,Gabba,Brisbane Lions,Collingwood,Collingwood,Frankie Raso,11,2,11,0,0,0,0
1998,14,1998-06-28,Gabba,Brisbane Lions,Collingwood,Collingwood,Saverio Rocca,11,4,4,4,0,3,0
1998,14,1998-06-28,Gabba,Brisbane Lions,Collingwood,Collingwood,Scott Russell,9,1,2,0,0,0,0
1998,14,1998-06-28,Gabba,Brisbane Lions,Collingwood,Collingwood,Andrew Schauble,3,1,6,0,1,0,0
1998,14,1998-06-28,Gabba,Brisbane Lions,Collingwood,Collingwood,Chris Tarrant,2,1,2,0,0,0,0
1998,14,1998-06-28,Gabba,Brisbane Lions,Collingwood,Collingwood,James Wasley,2,0,0,0,0,0,0
1998,14,1998-06-28,Gabba,Brisbane Lions,Collingwood,Collingwood,Shane Watson,7,2,4,1,2,0,0
1998,14,1998-06-28,Gabba,Brisbane Lions,Collingwood,Collingwood,Paul Williams,18,6,6,0,0,0,0
1998,14,1998-06-28,Gabba,Brisbane Lions,Collingwood,Collingwood,Graham Wright,6,4,7,0,0,0,0
1998,14,1998-06-28,Subiaco,West Coast,Melbourne,West Coast,Jason Ball,7,4,4,1,2,6,2
1998,14,1998-06-28,Subiaco,West Coast,Melbourne,West Coast,Drew Banfield,14,5,5,0,0,0,2
1998,14,1998-06-28,Subiaco,West Coast,Melbourne,West Coast,Michael Braun,10,3,6,0,0,0,1
1998,14,1998-06-28,Subiaco,West Coast,Melbourne,West Coast,Ben Cousins,6,2,6,0,1,0,1
1998,14,1998-06-28,Subiaco,West Coast,Melbourne,West Coast,Andrew Donnelly,11,6,6,2,0,0,1
1998,14,1998-06-28,Subiaco,West Coast,Melbourne,West Coast,Brendon Fewster,2,0,1,1,1,0,1
1998,14,1998-06-28,Subiaco,West Coast,Melbourne,West Coast,Michael Gardiner,4,4,3,0,0,16,0
1998,14,1998-06-28,Subiaco,West Coast,Melbourne,West Coast,Fraser Gehrig,6,6,6,1,0,1,0
1998,14,1998-06-28,Subiaco,West Coast,Melbourne,West Coast,Brett Heady,11,3,2,3,0,0,3
1998,14,1998-06-28,Subiaco,West Coast,Melbourne,West Coast,Glen Jakovich,3,1,6,0,0,0,1
1998,14,1998-06-28,Subiaco,West Coast,Melbourne,West Coast,Dean Kemp,6,1,11,1,0,1,1
1998,14,1998-06-28,Subiaco,West Coast,Melbourne,West Coast,Andy Lovell,4,0,1,0,0,0,0
1998,14,1998-06-28,Subiaco,West Coast,Melbourne,West Coast,Peter Matera,6,5,1,1,0,0,4
1998,14,1998-06-28,Subiaco,West Coast,Melbourne,West Coast,Ashley McIntosh,7,4,10,0,0,1,2
1998,14,1998-06-28,Subiaco,West Coast,Melbourne,West Coast,Guy McKenna,17,8,9,0,1,0,4
1998,14,1998-06-28,Subiaco,West Coast,Melbourne,West Coast,Daniel Metropolis,13,8,8,0,2,0,0
1998,14,1998-06-28,Subiaco,West Coast,Melbourne,West Coast,Chad Morrison,13,7,5,0,2,0,1
1998,14,1998-06-28,Subiaco,West Coast,Melbourne,West Coast,Phillip Read,10,2,1,0,0,0,4
1998,14,1998-06-28,Subiaco,West Coast,Melbourne,West Coast,Shane Sikora,1,0,3,0,0,0,0
1998,14,1998-06-28,Subiaco,West Coast,Melbourne,West Coast,Nicholas Stone,6,5,6,0,0,2,3
1998,14,1998-06-28,Subiaco,West Coast,Melbourne,West Coast,Paul Symmons,15,8,11,1,0,0,1
1998,14,1998-06-28,Subiaco,West Coast,Melbourne,West Coast,Chris Waterman,20,9,7,0,0,0,1
1998,14,1998-06-28,Subiaco,West Coast,Melbourne,Melbourne,Matthew Bishop,4,3,3,0,0,1,0
1998,14,1998-06-28,Subiaco,West Coast,Melbourne,Melbourne,Mark Bradly,4,0,4,1,2,9,0
1998,14,1998-06-28,Subiaco,West Coast,Melbourne,Melbourne,Nathan Brown,5,1,4,0,1,0,0
1998,14,1998-06-28,Subiaco,West Coast,Melbourne,Melbourne,Don Cockatoo-Collins,5,0,2,1,0,0,2
1998,14,1998-06-28,Subiaco,West Coast,Melbourne,Melbourne,Matthew Febey,8,2,8,0,0,0,1
1998,14,1998-06-28,Subiaco,West Coast,Melbourne,Melbourne,Steven Febey,18,6,11,0,1,0,5
1998,14,1998-06-28,Subiaco,West Coast,Melbourne,Melbourne,Brent Grgic,4,4,5,0,0,0,1
1998,14,1998-06-28,Subiaco,West Coast,Melbourne,Melbourne,Darren Kowal,3,1,1,1,0,0,0
1998,14,1998-06-28,Subiaco,West Coast,Melbourne,Melbourne,Andrew Leoncelli,10,2,7,0,0,1,1
1998,14,1998-06-28,Subiaco,West Coast,Melbourne,Melbourne,Garry Lyon,5,2,4,0,0,2,1
1998,14,1998-06-28,Subiaco,West Coast,Melbourne,Melbourne,Anthony McDonald,9,2,7,0,0,0,2
1998,14,1998-06-28,Subiaco,West Coast,Melbourne,Melbourne,James McDonald,15,3,6,3,0,1,2
1998,14,1998-06-28,Subiaco,West Coast,Melbourne,Melbourne,Guy Rigoni,9,2,12,0,0,0,0
1998,14,1998-06-28,Subiaco,West Coast,Melbourne,Melbourne,Russell Robertson,13,6,7,4,1,0,0
1998,14,1998-06-28,Subiaco,West Coast,Melbourne,Melbourne,Marcus Seecamp,8,5,7,0,0,0,0
1998,14,1998-06-28,Subiaco,West Coast,Melbourne,Melbourne,Shaun Smith,8,3,1,2,2,1,1
1998,14,1998-06-28,Subiaco,West Coast,Melbourne,Melbourne,Craig Smoker,1,0,0,0,0,0,0
1998,14,1998-06-28,Subiaco,West Coast,Melbourne,Melbourne,Stephen Tingay,14,5,6,1,0,0,1
1998,14,1998-06-28,Subiaco,West Coast,Melbourne,Melbourne,Todd Viney,15,3,15,1,1,0,2
1998,14,1998-06-28,Subiaco,West Coast,Melbourne,Melbourne,Jeff White,8,5,5,0,0,36,0
1998,14,1998-06-28,Subiaco,West Coast,Melbourne,Melbourne,Shane Woewodin,10,3,9,0,1,0,3
1998,14,1998-06-28,Subiaco,West Coast,Melbourne,Melbourne,Adem Yze,24,7,8,0,1,0,1
1998,15,1998-07-03,M.C.G.,Richmond,Carlton,Richmond,Joel Bowden,7,2,6,1,2,0,2
1998,15,1998-07-03,M.C.G.,Richmond,Carlton,Richmond,Paul Broderick,12,3,11,1,0,0,5
1998,15,1998-07-03,M.C.G.,Richmond,Carlton,Richmond,Paul Bulluss,3,3,4,0,0,0,1
1998,15,1998-07-03,M.C.G.,Richmond,Carlton,Richmond,Wayne Campbell,19,3,9,0,0,0,5
1998,15,1998-07-03,M.C.G.,Richmond,Carlton,Richmond,Nick Daffy,28,4,3,4,1,0,2
1998,15,1998-07-03,M.C.G.,Richmond,Carlton,Richmond,Brett Evans,8,2,5,1,1,1,1
1998,15,1998-07-03,M.C.G.,Richmond,Carlton,Richmond,Ross Funcke,4,2,1,0,0,0,1
1998,15,1998-07-03,M.C.G.,Richmond,Carlton,Richmond,Brendon Gale,2,3,2,0,0,15,1
1998,15,1998-07-03,M.C.G.,Richmond,Carlton,Richmond,Michael Gale,12,6,8,1,0,0,2
1998,15,1998-07-03,M.C.G.,Richmond,Carlton,Richmond,Darren Gaspar,8,5,7,0,0,2,4
1998,15,1998-07-03,M.C.G.,Richmond,Carlton,Richmond,Ben Harrison,16,1,3,1,0,0,1
1998,15,1998-07-03,M.C.G.,Richmond,Carlton,Richmond,Ben Holland,0,0,0,0,0,0,0
1998,15,1998-07-03,M.C.G.,Richmond,Carlton,Richmond,Andrew Kellaway,5,4,10,0,0,0,5
1998,15,1998-07-03,M.C.G.,Richmond,Carlton,Richmond,Matthew Knights,16,0,12,0,1,0,3
1998,15,1998-07-03,M.C.G.,Richmond,Carlton,Richmond,Steven McKee,4,4,3,0,0,13,3
1998,15,1998-07-03,M.C.G.,Richmond,Carlton,Richmond,Justin Plapp,9,5,1,5,0,0,1
1998,15,1998-07-03,M.C.G.,Richmond,Carlton,Richmond,Robert Powell,11,2,9,0,1,0,0
1998,15,1998-07-03,M.C.G.,Richmond,Carlton,Richmond,Ashley Prescott,5,6,11,0,0,0,5
1998,15,1998-07-03,M.C.G.,Richmond,Carlton,Richmond,Matthew Richardson,9,5,1,5,3,0,1
1998,15,1998-07-03,M.C.G.,Richmond,Carlton,Richmond,Matthew Rogers,8,4,4,0,0,0,2
1998,15,1998-07-03,M.C.G.,Richmond,Carlton,Richmond,Damien Ryan,10,1,4,1,0,0,4
1998,15,1998-07-03,M.C.G.,Richmond,Carlton,Richmond,Scott Turner,6,4,5,0,1,0,1
1998,15,1998-07-03,M.C.G.,Richmond,Carlton,Carlton,Matthew Allan,8,3,4,1,0,38,0
1998,15,1998-07-03,M.C.G.,Richmond,Carlton,Carlton,Simon Beaumont,14,7,13,1,0,0,1
1998,15,1998-07-03,M.C.G.,Richmond,Carlton,Carlton,Fraser Brown,9,3,7,0,0,0,2
1998,15,1998-07-03,M.C.G.,Richmond,Carlton,Carlton,Scott Camporeale,11,4,7,0,0,0,0
1998,15,1998-07-03,M.C.G.,Richmond,Carlton,Carlton,Ron De Iulio,12,5,3,2,0,0,0
1998,15,1998-07-03,M.C.G.,Richmond,Carlton,Carlton,Peter Dean,0,0,5,0,0,0,1
1998,15,1998-07-03,M.C.G.,Richmond,Carlton,Carlton,Anthony Franchina,9,6,3,0,0,0,0
1998,15,1998-07-03,M.C.G.,Richmond,Carlton,Carlton,Aaron Hamill,10,10,11,1,0,0,1
1998,15,1998-07-03,M.C.G.,Richmond,Carlton,Carlton,Matthew Hogg,7,0,3,0,0,0,1
1998,15,1998-07-03,M.C.G.,Richmond,Carlton,Carlton,Darren Hulme,2,1,4,0,0,0,3
1998,15,1998-07-03,M.C.G.,Richmond,Carlton,Carlton,Anthony Koutoufides,8,2,3,0,0,0,1
1998,15,1998-07-03,M.C.G.,Richmond,Carlton,Carlton,Kris Massie,10,5,1,1,0,0,1
1998,15,1998-07-03,M.C.G.,Richmond,Carlton,Carlton,Andrew McKay,10,3,5,0,0,0,0
1998,15,1998-07-03,M.C.G.,Richmond,Carlton,Carlton,Justin Murphy,13,4,11,2,1,0,0
1998,15,1998-07-03,M.C.G.,Richmond,Carlton,Carlton,Ben Nelson,7,4,7,0,0,0,0
1998,15,1998-07-03,M.C.G.,Richmond,Carlton,Carlton,Brad Pearce,4,2,0,1,2,0,0
1998,15,1998-07-03,M.C.G.,Richmond,Carlton,Carlton,Mark Porter,2,2,2,0,0,6,1
1998,15,1998-07-03,M.C.G.,Richmond,Carlton,Carlton,Brett Ratten,14,5,8,0,0,0,2
1998,15,1998-07-03,M.C.G.,Richmond,Carlton,Carlton,Dean Rice,15,6,7,0,0,0,0
1998,15,1998-07-03,M.C.G.,Richmond,Carlton,Carlton,Michael Sexton,16,6,7,0,0,1,0
1998,15,1998-07-03,M.C.G.,Richmond,Carlton,Carlton,Adam White,8,8,7,0,0,0,2
1998,15,1998-07-03,M.C.G.,Richmond,Carlton,Carlton,Lance Whitnall,5,2,4,2,0,3,2
1998,15,1998-07-04,M.C.G.,Essendon,Port Adelaide,Essendon,Steven Alessio,8,7,4,1,1,11,2
1998,15,1998-07-04,M.C.G.,Essendon,Port Adelaide,Essendon,Paul Barnard,6,3,4,0,0,0,0
1998,15,1998-07-04,M.C.G.,Essendon,Port Adelaide,Essendon,Peter Berbakov,3,2,1,0,0,0,0
1998,15,1998-07-04,M.C.G.,Essendon,Port Adelaide,Essendon,Darren Bewick,13,4,7,1,1,0,1
1998,15,1998-07-04,M.C.G.,Essendon,Port Adelaide,Essendon,Justin Blumfield,8,8,9,2,0,0,2
1998,15,1998-07-04,M.C.G.,Essendon,Port Adelaide,Essendon,Andrew Bomford,4,3,5,0,0,0,1
1998,15,1998-07-04,M.C.G.,Essendon,Port Adelaide,Essendon,David Calthorpe,22,9,8,1,1,0,0
1998,15,1998-07-04,M.C.G.,Essendon,Port Adelaide,Essendon,Che Cockatoo-Collins,18,9,2,3,0,0,1
1998,15,1998-07-04,M.C.G.,Essendon,Port Adelaide,Essendon,Ben Doolan,4,1,2,0,0,0,0
1998,15,1998-07-04,M.C.G.,Essendon,Port Adelaide,Essendon,Dustin Fletcher,12,6,1,0,0,2,1
1998,15,1998-07-04,M.C.G.,Essendon,Port Adelaide,Essendon,Mark Fraser,3,0,10,0,0,0,2
1998,15,1998-07-04,M.C.G.,Essendon,Port Adelaide,Essendon,Damien Hardwick,11,1,8,0,0,0,4
1998,15,1998-07-04,M.C.G.,Essendon,Port Adelaide,Essendon,Chris Heffernan,7,1,7,0,0,0,5
1998,15,1998-07-04,M.C.G.,Essendon,Port Adelaide,Essendon,Matthew Lloyd,10,9,5,3,2,0,0
1998,15,1998-07-04,M.C.G.,Essendon,Port Adelaide,Essendon,Michael Long,8,4,8,1,0,0,0
1998,15,1998-07-04,M.C.G.,Essendon,Port Adelaide,Essendon,Scott Lucas,4,1,2,2,0,0,2
1998,15,1998-07-04,M.C.G.,Essendon,Port Adelaide,Essendon,Mark Mercuri,14,11,9,1,3,0,1
1998,15,1998-07-04,M.C.G.,Essendon,Port Adelaide,Essendon,Joe Misiti,20,5,12,0,1,1,2
1998,15,1998-07-04,M.C.G.,Essendon,Port Adelaide,Essendon,Gary ODonnell,10,1,6,0,0,0,1
1998,15,1998-07-04,M.C.G.,Essendon,Port Adelaide,Essendon,Ricky Olarenshaw,11,4,13,1,0,0,2
1998,15,1998-07-04,M.C.G.,Essendon,Port Adelaide,Essendon,Peter Somerville,1,1,1,0,0,5,0
1998,15,1998-07-04,M.C.G.,Essendon,Port Adelaide,Essendon,Sean Wellman,15,6,5,0,0,3,1
1998,15,1998-07-04,M.C.G.,Essendon,Port Adelaide,Port Adelaide,Shane Bond,12,7,3,0,0,0,1
1998,15,1998-07-04,M.C.G.,Essendon,Port Adelaide,Port Adelaide,Shayne Breuer,11,3,3,1,0,0,3
1998,15,1998-07-04,M.C.G.,Essendon,Port Adelaide,Port Adelaide,David Brown,2,0,1,0,0,0,1
1998,15,1998-07-04,M.C.G.,Essendon,Port Adelaide,Port Adelaide,Scott Cummings,3,3,0,1,0,0,1
1998,15,1998-07-04,M.C.G.,Essendon,Port Adelaide,Port Adelaide,Stephen Daniels,1,1,2,0,0,0,1
1998,15,1998-07-04,M.C.G.,Essendon,Port Adelaide,Port Adelaide,Stuart Dew,11,4,4,1,0,0,1
1998,15,1998-07-04,M.C.G.,Essendon,Port Adelaide,Port Adelaide,Donald Dickie,8,3,8,0,0,0,1
1998,15,1998-07-04,M.C.G.,Essendon,Port Adelaide,Port Adelaide,Nathan Eagleton,15,6,5,0,0,0,1
1998,15,1998-07-04,M.C.G.,Essendon,Port Adelaide,Port Adelaide,Josh Francou,8,3,7,0,1,0,1
1998,15,1998-07-04,M.C.G.,Essendon,Port Adelaide,Port Adelaide,Brent Heaver,5,1,9,0,0,0,1
1998,15,1998-07-04,M.C.G.,Essendon,Port Adelaide,Port Adelaide,Adam Kingsley,13,1,2,0,0,0,2
1998,15,1998-07-04,M.C.G.,Essendon,Port Adelaide,Port Adelaide,Brendon Lade,10,7,3,3,1,13,2
1998,15,1998-07-04,M.C.G.,Essendon,Port Adelaide,Port Adelaide,Bowen Lockwood,4,2,1,0,0,2,1
1998,15,1998-07-04,M.C.G.,Essendon,Port Adelaide,Port Adelaide,Brayden Lyle,4,3,1,0,0,0,2
1998,15,1998-07-04,M.C.G.,Essendon,Port Adelaide,Port Adelaide,Darren Mead,4,5,9,0,0,0,5
1998,15,1998-07-04,M.C.G.,Essendon,Port Adelaide,Port Adelaide,Stephen Paxman,7,4,6,0,0,0,0
1998,15,1998-07-04,M.C.G.,Essendon,Port Adelaide,Port Adelaide,Darryl Poole,2,3,2,0,0,0,0
1998,15,1998-07-04,M.C.G.,Essendon,Port Adelaide,Port Adelaide,Matthew Primus,5,3,6,0,0,20,3
1998,15,1998-07-04,M.C.G.,Essendon,Port Adelaide,Port Adelaide,Nick Stevens,7,3,3,2,1,0,0
1998,15,1998-07-04,M.C.G.,Essendon,Port Adelaide,Port Adelaide,Warren Tredrea,7,4,2,4,0,0,0
1998,15,1998-07-04,M.C.G.,Essendon,Port Adelaide,Port Adelaide,Gavin Wanganeen,18,6,5,0,2,0,2
1998,15,1998-07-04,M.C.G.,Essendon,Port Adelaide,Port Adelaide,Michael Wilson,8,2,5,0,0,0,3
1998,15,1998-07-04,Princes Park,Western Bulldogs,Melbourne,Western Bulldogs,Mark Alvey,10,2,2,0,0,0,0
1998,15,1998-07-04,Princes Park,Western Bulldogs,Melbourne,Western Bulldogs,Nathan Brown,8,3,9,0,0,0,0
1998,15,1998-07-04,Princes Park,Western Bulldogs,Melbourne,Western Bulldogs,James Cook,0,0,3,0,0,0,1
1998,15,1998-07-04,Princes Park,Western Bulldogs,Melbourne,Western Bulldogs,Matthew Croft,10,4,7,0,1,0,4
1998,15,1998-07-04,Princes Park,Western Bulldogs,Melbourne,Western Bulldogs,Todd Curley,10,6,12,0,0,0,4
1998,15,1998-07-04,Princes Park,Western Bulldogs,Melbourne,Western Bulldogs,Luke Darcy,8,2,3,1,0,12,0
1998,15,1998-07-04,Princes Park,Western Bulldogs,Melbourne,Western Bulldogs,Matthew Dent,12,4,2,0,0,0,1
1998,15,1998-07-04,Princes Park,Western Bulldogs,Melbourne,Western Bulldogs,Paul Dimattina,12,1,9,0,1,0,1
1998,15,1998-07-04,Princes Park,Western Bulldogs,Melbourne,Western Bulldogs,Simon Garlick,6,4,4,1,1,0,5
1998,15,1998-07-04,Princes Park,Western Bulldogs,Melbourne,Western Bulldogs,Chris Grant,15,12,6,3,1,0,0
1998,15,1998-07-04,Princes Park,Western Bulldogs,Melbourne,Western Bulldogs,Paul Hudson,9,6,5,1,0,0,0
1998,15,1998-07-04,Princes Park,Western Bulldogs,Melbourne,Western Bulldogs,Brad Johnson,22,7,6,2,1,0,2
1998,15,1998-07-04,Princes Park,Western Bulldogs,Melbourne,Western Bulldogs,Steven Kolyniuk,12,1,10,0,0,0,2
1998,15,1998-07-04,Princes Park,Western Bulldogs,Melbourne,Western Bulldogs,Steven Kretiuk,5,6,8,0,0,0,0
1998,15,1998-07-04,Princes Park,Western Bulldogs,Melbourne,Western Bulldogs,Michael Martin,7,0,1,0,0,0,1
1998,15,1998-07-04,Princes Park,Western Bulldogs,Melbourne,Western Bulldogs,Simon Minton-Connell,1,1,1,1,0,0,0
1998,15,1998-07-04,Princes Park,Western Bulldogs,Melbourne,Western Bulldogs,Brett Montgomery,9,5,9,3,1,0,5
1998,15,1998-07-04,Princes Park,Western Bulldogs,Melbourne,Western Bulldogs,Rohan Smith,5,2,7,0,1,0,3
1998,15,1998-07-04,Princes Park,Western Bulldogs,Melbourne,Western Bulldogs,Daniel Southern,4,3,3,0,0,1,1
1998,15,1998-07-04,Princes Park,Western Bulldogs,Melbourne,Western Bulldogs,Scott West,9,1,6,0,0,0,5
1998,15,1998-07-04,Princes Park,Western Bulldogs,Melbourne,Western Bulldogs,Brad Wira,9,1,5,0,0,0,0
1998,15,1998-07-04,Princes Park,Western Bulldogs,Melbourne,Western Bulldogs,Scott Wynd,0,2,10,0,0,23,3
1998,15,1998-07-04,Princes Park,Western Bulldogs,Melbourne,Melbourne,Mark Bradly,2,0,2,2,0,8,2
1998,15,1998-07-04,Princes Park,Western Bulldogs,Melbourne,Melbourne,Nathan Brown,5,1,5,0,0,0,0
1998,15,1998-07-04,Princes Park,Western Bulldogs,Melbourne,Melbourne,Jeff Farmer,4,1,6,0,1,0,2
1998,15,1998-07-04,Princes Park,Western Bulldogs,Melbourne,Melbourne,Matthew Febey,10,2,12,0,0,0,4
1998,15,1998-07-04,Princes Park,Western Bulldogs,Melbourne,Melbourne,Steven Febey,7,1,13,0,0,0,1
1998,15,1998-07-04,Princes Park,Western Bulldogs,Melbourne,Melbourne,Brent Grgic,1,1,3,0,0,0,1
1998,15,1998-07-04,Princes Park,Western Bulldogs,Melbourne,Melbourne,Paul Hopgood,0,1,1,0,0,0,0
1998,15,1998-07-04,Princes Park,Western Bulldogs,Melbourne,Melbourne,Anthony Ingerson,2,0,8,0,0,0,1
1998,15,1998-07-04,Princes Park,Western Bulldogs,Melbourne,Melbourne,Darren Kowal,4,3,2,0,0,0,3
1998,15,1998-07-04,Princes Park,Western Bulldogs,Melbourne,Melbourne,Andrew Leoncelli,11,4,9,0,0,0,3
1998,15,1998-07-04,Princes Park,Western Bulldogs,Melbourne,Melbourne,Garry Lyon,6,5,1,1,1,0,2
1998,15,1998-07-04,Princes Park,Western Bulldogs,Melbourne,Melbourne,Anthony McDonald,8,1,4,2,2,0,1
1998,15,1998-07-04,Princes Park,Western Bulldogs,Melbourne,Melbourne,James McDonald,8,0,5,0,0,0,2
1998,15,1998-07-04,Princes Park,Western Bulldogs,Melbourne,Melbourne,Guy Rigoni,8,1,12,0,1,0,8
1998,15,1998-07-04,Princes Park,Western Bulldogs,Melbourne,Melbourne,Russell Robertson,8,2,6,1,1,0,1
1998,15,1998-07-04,Princes Park,Western Bulldogs,Melbourne,Melbourne,Marcus Seecamp,7,4,5,1,0,0,2
1998,15,1998-07-04,Princes Park,Western Bulldogs,Melbourne,Melbourne,Jamie Shanahan,2,0,2,0,0,0,1
1998,15,1998-07-04,Princes Park,Western Bulldogs,Melbourne,Melbourne,Stephen Tingay,16,2,8,0,0,0,3
1998,15,1998-07-04,Princes Park,Western Bulldogs,Melbourne,Melbourne,Todd Viney,7,6,7,1,1,0,2
1998,15,1998-07-04,Princes Park,Western Bulldogs,Melbourne,Melbourne,Jeff White,9,9,7,1,1,28,2
1998,15,1998-07-04,Princes Park,Western Bulldogs,Melbourne,Melbourne,Shane Woewodin,11,3,3,0,0,0,1
1998,15,1998-07-04,Princes Park,Western Bulldogs,Melbourne,Melbourne,Adem Yze,10,3,4,0,0,0,3
1998,15,1998-07-04,Waverley Park,St Kilda,North Melbourne,St Kilda,Luke Beveridge,3,2,0,1,0,0,0
1998,15,1998-07-04,Waverley Park,St Kilda,North Melbourne,St Kilda,Tony Brown,6,2,2,0,0,0,0
1998,15,1998-07-04,Waverley Park,St Kilda,North Melbourne,St Kilda,Nathan Burke,18,8,10,0,2,0,7
1998,15,1998-07-04,Waverley Park,St Kilda,North Melbourne,St Kilda,Brad Campbell,7,1,7,0,0,0,0
1998,15,1998-07-04,Waverley Park,St Kilda,North Melbourne,St Kilda,Tim Elliott,1,1,2,0,0,5,1
1998,15,1998-07-04,Waverley Park,St Kilda,North Melbourne,St Kilda,Peter Everitt,10,5,3,0,0,24,0
1998,15,1998-07-04,Waverley Park,St Kilda,North Melbourne,St Kilda,Robert Harvey,12,1,10,0,1,0,3
1998,15,1998-07-04,Waverley Park,St Kilda,North Melbourne,St Kilda,Daniel Healy,4,3,3,1,0,0,0
1998,15,1998-07-04,Waverley Park,St Kilda,North Melbourne,St Kilda,Jason Heatley,3,0,0,2,0,0,2
1998,15,1998-07-04,Waverley Park,St Kilda,North Melbourne,St Kilda,Max Hudghton,4,1,1,0,0,0,0
1998,15,1998-07-04,Waverley Park,St Kilda,North Melbourne,St Kilda,Austinn Jones,13,3,10,0,0,0,0
1998,15,1998-07-04,Waverley Park,St Kilda,North Melbourne,St Kilda,Matthew Lappin,6,2,3,1,0,0,3
1998,15,1998-07-04,Waverley Park,St Kilda,North Melbourne,St Kilda,Stewart Loewe,6,4,3,1,1,11,2
1998,15,1998-07-04,Waverley Park,St Kilda,North Melbourne,St Kilda,Gavin Mitchell,7,5,6,2,0,0,5
1998,15,1998-07-04,Waverley Park,St Kilda,North Melbourne,St Kilda,Justin Peckett,11,6,5,0,0,0,0
1998,15,1998-07-04,Waverley Park,St Kilda,North Melbourne,St Kilda,David Sierakowski,6,5,6,0,0,4,1
1998,15,1998-07-04,Waverley Park,St Kilda,North Melbourne,St Kilda,Steven Sziller,7,3,8,1,0,0,0
1998,15,1998-07-04,Waverley Park,St Kilda,North Melbourne,St Kilda,Andrew Thompson,12,3,6,0,0,0,4
1998,15,1998-07-04,Waverley Park,St Kilda,North Melbourne,St Kilda,Darryl Wakelin,3,2,3,0,0,0,1
1998,15,1998-07-04,Waverley Park,St Kilda,North Melbourne,St Kilda,Shane Wakelin,4,1,1,1,0,0,3
1998,15,1998-07-04,Waverley Park,St Kilda,North Melbourne,St Kilda,Nicky Winmar,9,3,4,2,1,0,2
1998,15,1998-07-04,Waverley Park,St Kilda,North Melbourne,St Kilda,Matthew Young,16,1,3,0,0,0,4
1998,15,1998-07-04,Waverley Park,St Kilda,North Melbourne,North Melbourne,Winston Abraham,12,3,3,5,1,0,0
1998,15,1998-07-04,Waverley Park,St Kilda,North Melbourne,North Melbourne,Brady Anderson,6,1,2,0,1,0,0
1998,15,1998-07-04,Waverley Park,St Kilda,North Melbourne,North Melbourne,Glenn Archer,9,6,6,0,0,0,3
1998,15,1998-07-04,Waverley Park,St Kilda,North Melbourne,North Melbourne,Peter Bell,13,2,14,1,0,0,2
1998,15,1998-07-04,Waverley Park,St Kilda,North Melbourne,North Melbourne,John Blakey,12,2,5,0,4,0,1
1998,15,1998-07-04,Waverley Park,St Kilda,North Melbourne,North Melbourne,Wayne Carey,20,14,6,6,2,0,0
1998,15,1998-07-04,Waverley Park,St Kilda,North Melbourne,North Melbourne,Brett Chandler,4,1,3,0,0,0,2
1998,15,1998-07-04,Waverley Park,St Kilda,North Melbourne,North Melbourne,Shannon Grant,9,3,4,3,0,0,1
1998,15,1998-07-04,Waverley Park,St Kilda,North Melbourne,North Melbourne,Brent Harvey,6,3,7,0,1,0,3
1998,15,1998-07-04,Waverley Park,St Kilda,North Melbourne,North Melbourne,Evan Hewitt,0,0,0,0,0,1,0
1998,15,1998-07-04,Waverley Park,St Kilda,North Melbourne,North Melbourne,David King,20,2,6,1,0,0,6
1998,15,1998-07-04,Waverley Park,St Kilda,North Melbourne,North Melbourne,Mick Martyn,8,1,4,0,0,6,0
1998,15,1998-07-04,Waverley Park,St Kilda,North Melbourne,North Melbourne,Jason McCartney,5,2,2,0,0,2,1
1998,15,1998-07-04,Waverley Park,St Kilda,North Melbourne,North Melbourne,Corey McKernan,8,5,6,3,0,20,2
1998,15,1998-07-04,Waverley Park,St Kilda,North Melbourne,North Melbourne,Byron Pickett,6,1,5,0,0,0,3
1998,15,1998-07-04,Waverley Park,St Kilda,North Melbourne,North Melbourne,Martin Pike,4,0,5,0,0,0,3
1998,15,1998-07-04,Waverley Park,St Kilda,North Melbourne,North Melbourne,Mark Roberts,13,5,7,1,2,3,2
1998,15,1998-07-04,Waverley Park,St Kilda,North Melbourne,North Melbourne,Robert Scott,7,0,3,1,0,0,3
1998,15,1998-07-04,Waverley Park,St Kilda,North Melbourne,North Melbourne,Craig Sholl,5,1,2,0,1,1,2
1998,15,1998-07-04,Waverley Park,St Kilda,North Melbourne,North Melbourne,Adam Simpson,8,2,13,0,0,1,3
1998,15,1998-07-04,Waverley Park,St Kilda,North Melbourne,North Melbourne,Anthony Stevens,12,1,6,1,0,0,3
1998,15,1998-07-04,Waverley Park,St Kilda,North Melbourne,North Melbourne,Shannon Watt,1,0,0,0,0,1,1
1998,15,1998-07-04,Gabba,Brisbane Lions,West Coast,Brisbane Lions,Jason Akermanis,17,3,9,0,1,0,2
1998,15,1998-07-04,Gabba,Brisbane Lions,West Coast,Brisbane Lions,Marcus Ashcroft,16,5,5,0,0,0,2
1998,15,1998-07-04,Gabba,Brisbane Lions,West Coast,Brisbane Lions,Scott Bamford,7,1,3,1,1,0,1
1998,15,1998-07-04,Gabba,Brisbane Lions,West Coast,Brisbane Lions,Simon Black,6,0,2,0,1,1,0
1998,15,1998-07-04,Gabba,Brisbane Lions,West Coast,Brisbane Lions,Daniel Bradshaw,11,8,1,2,3,1,0
1998,15,1998-07-04,Gabba,Brisbane Lions,West Coast,Brisbane Lions,Richard Champion,5,2,5,0,0,0,2
1998,15,1998-07-04,Gabba,Brisbane Lions,West Coast,Brisbane Lions,Matthew Clarke,7,2,11,0,0,23,1
1998,15,1998-07-04,Gabba,Brisbane Lions,West Coast,Brisbane Lions,Danny Dickfos,5,2,4,0,0,0,0
1998,15,1998-07-04,Gabba,Brisbane Lions,West Coast,Brisbane Lions,Shaun Hart,9,1,11,1,1,0,3
1998,15,1998-07-04,Gabba,Brisbane Lions,West Coast,Brisbane Lions,Rory Hilton,7,1,5,0,0,0,1
1998,15,1998-07-04,Gabba,Brisbane Lions,West Coast,Brisbane Lions,Chris Johnson,5,2,0,1,0,0,0
1998,15,1998-07-04,Gabba,Brisbane Lions,West Coast,Brisbane Lions,Matthew Kennedy,13,3,4,0,0,4,2
1998,15,1998-07-04,Gabba,Brisbane Lions,West Coast,Brisbane Lions,Nigel Lappin,11,2,6,0,0,0,1
1998,15,1998-07-04,Gabba,Brisbane Lions,West Coast,Brisbane Lions,Steven Lawrence,12,5,6,0,0,0,0
1998,15,1998-07-04,Gabba,Brisbane Lions,West Coast,Brisbane Lions,Justin Leppitsch,5,2,7,0,1,1,1
1998,15,1998-07-04,Gabba,Brisbane Lions,West Coast,Brisbane Lions,Alastair Lynch,1,0,0,0,0,0,0
1998,15,1998-07-04,Gabba,Brisbane Lions,West Coast,Brisbane Lions,Craig McRae,12,4,5,0,1,0,1
1998,15,1998-07-04,Gabba,Brisbane Lions,West Coast,Brisbane Lions,Ben Robbins,9,2,10,0,0,0,1
1998,15,1998-07-04,Gabba,Brisbane Lions,West Coast,Brisbane Lions,Brad Scott,11,2,6,0,1,0,0
1998,15,1998-07-04,Gabba,Brisbane Lions,West Coast,Brisbane Lions,Chris Scott,10,4,10,0,0,0,3
1998,15,1998-07-04,Gabba,Brisbane Lions,West Coast,Brisbane Lions,Dion Scott,4,3,0,0,0,5,0
1998,15,1998-07-04,Gabba,Brisbane Lions,West Coast,Brisbane Lions,Darryl White,5,2,2,1,1,1,1
1998,15,1998-07-04,Gabba,Brisbane Lions,West Coast,West Coast,Jason Ball,10,7,4,0,0,25,0
1998,15,1998-07-04,Gabba,Brisbane Lions,West Coast,West Coast,Drew Banfield,11,3,7,1,0,0,2
1998,15,1998-07-04,Gabba,Brisbane Lions,West Coast,West Coast,Michael Braun,7,3,6,1,1,0,3
1998,15,1998-07-04,Gabba,Brisbane Lions,West Coast,West Coast,Ben Cousins,9,0,8,1,0,0,2
1998,15,1998-07-04,Gabba,Brisbane Lions,West Coast,West Coast,Andrew Donnelly,7,5,3,0,0,1,0
1998,15,1998-07-04,Gabba,Brisbane Lions,West Coast,West Coast,Brendon Fewster,3,3,4,0,0,2,0
1998,15,1998-07-04,Gabba,Brisbane Lions,West Coast,West Coast,Fraser Gehrig,7,6,2,1,0,0,0
1998,15,1998-07-04,Gabba,Brisbane Lions,West Coast,West Coast,Brett Heady,13,5,4,2,3,0,1
1998,15,1998-07-04,Gabba,Brisbane Lions,West Coast,West Coast,Glen Jakovich,7,2,3,0,0,6,0
1998,15,1998-07-04,Gabba,Brisbane Lions,West Coast,West Coast,Dean Kemp,20,4,8,0,0,2,2
1998,15,1998-07-04,Gabba,Brisbane Lions,West Coast,West Coast,Peter Matera,18,3,8,1,0,0,0
1998,15,1998-07-04,Gabba,Brisbane Lions,West Coast,West Coast,Phillip Matera,10,3,7,0,0,0,3
1998,15,1998-07-04,Gabba,Brisbane Lions,West Coast,West Coast,Ashley McIntosh,7,3,5,0,0,0,0
1998,15,1998-07-04,Gabba,Brisbane Lions,West Coast,West Coast,Guy McKenna,15,8,5,0,0,0,2
1998,15,1998-07-04,Gabba,Brisbane Lions,West Coast,West Coast,Daniel Metropolis,6,1,1,0,0,1,0
1998,15,1998-07-04,Gabba,Brisbane Lions,West Coast,West Coast,Chad Morrison,19,9,4,0,0,0,1
1998,15,1998-07-04,Gabba,Brisbane Lions,West Coast,West Coast,Phillip Read,11,2,5,2,2,0,1
1998,15,1998-07-04,Gabba,Brisbane Lions,West Coast,West Coast,Nicholas Stone,1,0,0,0,1,0,0
1998,15,1998-07-04,Gabba,Brisbane Lions,West Coast,West Coast,Paul Symmons,8,6,4,1,0,0,2
1998,15,1998-07-04,Gabba,Brisbane Lions,West Coast,West Coast,Chris Waterman,14,7,5,0,0,2,2
1998,15,1998-07-04,Gabba,Brisbane Lions,West Coast,West Coast,Andrew Williams,5,2,2,1,1,0,4
1998,15,1998-07-04,Gabba,Brisbane Lions,West Coast,West Coast,John Worsfold,8,4,2,0,0,0,1
1998,15,1998-07-05,Football Park,Adelaide,Hawthorn,Adelaide,Mark Bickley,19,2,8,0,1,0,3
1998,15,1998-07-05,Football Park,Adelaide,Hawthorn,Adelaide,Troy Bond,6,1,1,0,0,0,0
1998,15,1998-07-05,Football Park,Adelaide,Hawthorn,Adelaide,Peter Caven,11,5,0,0,1,0,1
1998,15,1998-07-05,Football Park,Adelaide,Hawthorn,Adelaide,Sudjai Cook,4,1,0,0,0,0,2
1998,15,1998-07-05,Football Park,Adelaide,Hawthorn,Adelaide,Tyson Edwards,3,0,5,1,0,0,4
1998,15,1998-07-05,Football Park,Adelaide,Hawthorn,Adelaide,Shane Ellen,12,2,7,1,1,0,4
1998,15,1998-07-05,Football Park,Adelaide,Hawthorn,Adelaide,Simon Goodwin,13,1,7,0,0,0,0
1998,15,1998-07-05,Football Park,Adelaide,Hawthorn,Adelaide,Ben Hart,8,2,1,0,0,0,5
1998,15,1998-07-05,Football Park,Adelaide,Hawthorn,Adelaide,Brett James,13,3,14,1,1,0,5
1998,15,1998-07-05,Football Park,Adelaide,Hawthorn,Adelaide,Darren Jarman,17,4,5,2,1,0,2
1998,15,1998-07-05,Football Park,Adelaide,Hawthorn,Adelaide,Kym Koster,15,0,2,0,0,0,3
1998,15,1998-07-05,Football Park,Adelaide,Hawthorn,Adelaide,Ben Marsh,2,0,2,0,1,8,1
1998,15,1998-07-05,Football Park,Adelaide,Hawthorn,Adelaide,Trent Ormond-Allen,10,1,5,1,0,0,1
1998,15,1998-07-05,Football Park,Adelaide,Hawthorn,Adelaide,Ian Perrie,1,0,3,1,0,2,2
1998,15,1998-07-05,Football Park,Adelaide,Hawthorn,Adelaide,Shaun Rehn,22,9,9,0,0,37,1
1998,15,1998-07-05,Football Park,Adelaide,Hawthorn,Adelaide,Mark Ricciuto,15,2,7,2,2,1,2
1998,15,1998-07-05,Football Park,Adelaide,Hawthorn,Adelaide,Matthew Robran,2,0,0,0,0,0,1
1998,15,1998-07-05,Football Park,Adelaide,Hawthorn,Adelaide,Clay Sampson,6,1,4,0,1,0,0
1998,15,1998-07-05,Football Park,Adelaide,Hawthorn,Adelaide,Nigel Smart,10,3,7,0,0,1,3
1998,15,1998-07-05,Football Park,Adelaide,Hawthorn,Adelaide,Mark Stevens,7,1,7,0,0,0,1
1998,15,1998-07-05,Football Park,Adelaide,Hawthorn,Adelaide,James Thiessen,3,0,2,0,0,0,0
1998,15,1998-07-05,Football Park,Adelaide,Hawthorn,Adelaide,Simon Tregenza,0,0,0,0,0,0,0
1998,15,1998-07-05,Football Park,Adelaide,Hawthorn,Hawthorn,John Barker,10,3,2,0,0,1,5
1998,15,1998-07-05,Football Park,Adelaide,Hawthorn,Hawthorn,Daniel Chick,6,0,3,0,1,0,3
1998,15,1998-07-05,Football Park,Adelaide,Hawthorn,Hawthorn,Justin Crawford,8,1,4,0,0,0,1
1998,15,1998-07-05,Football Park,Adelaide,Hawthorn,Hawthorn,Shane Crawford,19,0,10,0,0,0,7
1998,15,1998-07-05,Football Park,Adelaide,Hawthorn,Hawthorn,Trent Croad,2,1,2,0,0,0,1
1998,15,1998-07-05,Football Park,Adelaide,Hawthorn,Hawthorn,Matthew Dennis,3,1,1,0,0,0,0
1998,15,1998-07-05,Football Park,Adelaide,Hawthorn,Hawthorn,Ben Dixon,4,1,0,0,1,0,3
1998,15,1998-07-05,Football Park,Adelaide,Hawthorn,Hawthorn,Daniel Harford,9,0,1,1,1,0,1
1998,15,1998-07-05,Football Park,Adelaide,Hawthorn,Hawthorn,Jonathan Hay,6,1,0,0,0,0,0
1998,15,1998-07-05,Football Park,Adelaide,Hawthorn,Hawthorn,Nick Holland,18,2,4,2,1,2,3
1998,15,1998-07-05,Football Park,Adelaide,Hawthorn,Hawthorn,Darren Kappler,18,3,2,0,0,0,2
1998,15,1998-07-05,Football Park,Adelaide,Hawthorn,Hawthorn,Haydon Kilmartin,10,1,2,0,0,0,0
1998,15,1998-07-05,Football Park,Adelaide,Hawthorn,Hawthorn,Brendan Krummel,7,0,4,1,0,2,2
1998,15,1998-07-05,Football Park,Adelaide,Hawthorn,Hawthorn,Angelo Lekkas,10,1,5,0,0,0,2
1998,15,1998-07-05,Football Park,Adelaide,Hawthorn,Hawthorn,Aaron Lord,9,1,1,0,1,0,0
1998,15,1998-07-05,Football Park,Adelaide,Hawthorn,Hawthorn,Luke McCabe,5,1,3,0,0,0,1
1998,15,1998-07-05,Football Park,Adelaide,Hawthorn,Hawthorn,Jade Rawlings,14,2,1,0,0,0,0
1998,15,1998-07-05,Football Park,Adelaide,Hawthorn,Hawthorn,Jonathon Robran,3,1,1,0,0,0,0
1998,15,1998-07-05,Football Park,Adelaide,Hawthorn,Hawthorn,Paul Salmon,10,4,8,0,0,47,1
1998,15,1998-07-05,Football Park,Adelaide,Hawthorn,Hawthorn,Richard Taylor,13,1,5,0,0,0,2
1998,15,1998-07-05,Football Park,Adelaide,Hawthorn,Hawthorn,Craig Treleven,9,2,4,0,1,0,2
1998,15,1998-07-05,Football Park,Adelaide,Hawthorn,Hawthorn,Tony Woods,13,1,6,0,1,0,2
1998,15,1998-07-05,M.C.G.,Collingwood,Geelong,Collingwood,Gavin Brown,7,2,7,0,0,0,2
1998,15,1998-07-05,M.C.G.,Collingwood,Geelong,Collingwood,Scott Burns,12,4,12,0,0,0,5
1998,15,1998-07-05,M.C.G.,Collingwood,Geelong,Collingwood,Gavin Crosisca,13,2,9,0,0,0,4
1998,15,1998-07-05,M.C.G.,Collingwood,Geelong,Collingwood,Scott Crow,9,1,5,1,0,0,1
1998,15,1998-07-05,M.C.G.,Collingwood,Geelong,Collingwood,Luke Godden,9,0,3,0,0,0,1
1998,15,1998-07-05,M.C.G.,Collingwood,Geelong,Collingwood,Clinton King,14,3,5,1,2,0,8
1998,15,1998-07-05,M.C.G.,Collingwood,Geelong,Collingwood,Chad Liddell,9,4,8,1,0,0,2
1998,15,1998-07-05,M.C.G.,Collingwood,Geelong,Collingwood,Josh Mahoney,4,0,3,0,0,0,1
1998,15,1998-07-05,M.C.G.,Collingwood,Geelong,Collingwood,Alex McDonald,9,2,11,0,0,1,6
1998,15,1998-07-05,M.C.G.,Collingwood,Geelong,Collingwood,Mal Michael,5,3,0,2,2,1,3
1998,15,1998-07-05,M.C.G.,Collingwood,Geelong,Collingwood,Damian Monkhorst,8,3,5,1,0,30,0
1998,15,1998-07-05,M.C.G.,Collingwood,Geelong,Collingwood,Stephen Patterson,11,0,7,0,1,0,3
1998,15,1998-07-05,M.C.G.,Collingwood,Geelong,Collingwood,Simon Prestigiacomo,3,1,2,0,0,0,0
1998,15,1998-07-05,M.C.G.,Collingwood,Geelong,Collingwood,Frankie Raso,7,3,3,1,0,0,2
1998,15,1998-07-05,M.C.G.,Collingwood,Geelong,Collingwood,Mark Richardson,5,1,1,0,0,4,4
1998,15,1998-07-05,M.C.G.,Collingwood,Geelong,Collingwood,Anthony Rocca,3,2,1,1,0,0,0
1998,15,1998-07-05,M.C.G.,Collingwood,Geelong,Collingwood,Saverio Rocca,6,5,3,1,3,4,1
1998,15,1998-07-05,M.C.G.,Collingwood,Geelong,Collingwood,Andrew Schauble,4,3,8,0,0,5,1
1998,15,1998-07-05,M.C.G.,Collingwood,Geelong,Collingwood,Chris Tarrant,0,0,0,0,0,0,0
1998,15,1998-07-05,M.C.G.,Collingwood,Geelong,Collingwood,Shane Watson,7,1,2,0,0,0,1
1998,15,1998-07-05,M.C.G.,Collingwood,Geelong,Collingwood,Jason Wild,2,0,1,1,0,0,0
1998,15,1998-07-05,M.C.G.,Collingwood,Geelong,Collingwood,Paul Williams,19,6,0,0,0,0,3
1998,15,1998-07-05,M.C.G.,Collingwood,Geelong,Geelong,John Barnes,6,3,12,0,0,16,0
1998,15,1998-07-05,M.C.G.,Collingwood,Geelong,Geelong,Clint Bizzell,8,5,10,0,0,0,0
1998,15,1998-07-05,M.C.G.,Collingwood,Geelong,Geelong,Ronnie Burns,4,3,8,2,0,0,0
1998,15,1998-07-05,M.C.G.,Collingwood,Geelong,Geelong,Leigh Colbert,13,4,6,0,0,3,0
1998,15,1998-07-05,M.C.G.,Collingwood,Geelong,Geelong,Paul Corrigan,8,2,6,1,0,0,0
1998,15,1998-07-05,M.C.G.,Collingwood,Geelong,Geelong,Derek Hall,6,4,3,3,0,0,1
1998,15,1998-07-05,M.C.G.,Collingwood,Geelong,Geelong,Tim Hargreaves,10,4,11,0,0,0,3
1998,15,1998-07-05,M.C.G.,Collingwood,Geelong,Geelong,Garry Hocking,10,3,10,2,0,0,3
1998,15,1998-07-05,M.C.G.,Collingwood,Geelong,Geelong,Glenn Kilpatrick,17,5,15,0,0,0,4
1998,15,1998-07-05,M.C.G.,Collingwood,Geelong,Geelong,Daniel Lowther,4,2,1,0,0,0,0
1998,15,1998-07-05,M.C.G.,Collingwood,Geelong,Geelong,Michael Mansfield,9,5,3,1,1,0,2
1998,15,1998-07-05,M.C.G.,Collingwood,Geelong,Geelong,Tim McGrath,13,6,4,0,0,1,2
1998,15,1998-07-05,M.C.G.,Collingwood,Geelong,Geelong,David Mensch,12,3,10,0,1,9,1
1998,15,1998-07-05,M.C.G.,Collingwood,Geelong,Geelong,Darren Milburn,3,1,2,0,0,0,0
1998,15,1998-07-05,M.C.G.,Collingwood,Geelong,Geelong,James Rahilly,7,2,7,0,0,0,1
1998,15,1998-07-05,M.C.G.,Collingwood,Geelong,Geelong,Peter Riccardi,11,3,12,0,1,0,3
1998,15,1998-07-05,M.C.G.,Collingwood,Geelong,Geelong,Cameron Roberts,1,1,2,0,0,0,0
1998,15,1998-07-05,M.C.G.,Collingwood,Geelong,Geelong,Brenton Sanderson,9,2,3,0,0,0,1
1998,15,1998-07-05,M.C.G.,Collingwood,Geelong,Geelong,Brad Sholl,8,1,2,0,0,0,0
1998,15,1998-07-05,M.C.G.,Collingwood,Geelong,Geelong,Sean Simpson,3,0,0,0,0,0,0
1998,15,1998-07-05,M.C.G.,Collingwood,Geelong,Geelong,Jason Snell,3,3,4,0,1,0,0
1998,15,1998-07-05,M.C.G.,Collingwood,Geelong,Geelong,Brett Spinks,6,1,1,0,0,0,1
1998,15,1998-07-05,Subiaco,Fremantle,Sydney,Fremantle,Stuart Anderson,3,0,3,0,0,0,0
1998,15,1998-07-05,Subiaco,Fremantle,Sydney,Fremantle,Chris Bond,17,3,6,0,0,0,0
1998,15,1998-07-05,Subiaco,Fremantle,Sydney,Fremantle,Michael Brown,1,0,0,1,0,2,1
1998,15,1998-07-05,Subiaco,Fremantle,Sydney,Fremantle,Matthew Burton,6,3,9,0,0,24,1
1998,15,1998-07-05,Subiaco,Fremantle,Sydney,Fremantle,Craig Callaghan,16,3,8,1,0,0,1
1998,15,1998-07-05,Subiaco,Fremantle,Sydney,Fremantle,Trent Carroll,3,1,5,0,0,1,0
1998,15,1998-07-05,Subiaco,Fremantle,Sydney,Fremantle,Scott Chisholm,11,4,3,0,0,0,0
1998,15,1998-07-05,Subiaco,Fremantle,Sydney,Fremantle,James Clement,4,3,3,0,0,0,2
1998,15,1998-07-05,Subiaco,Fremantle,Sydney,Fremantle,Mark Gale,7,0,8,0,0,0,2
1998,15,1998-07-05,Subiaco,Fremantle,Sydney,Fremantle,Tony Godden,6,5,4,1,1,0,0
1998,15,1998-07-05,Subiaco,Fremantle,Sydney,Fremantle,Brodie Holland,10,1,5,1,1,0,0
1998,15,1998-07-05,Subiaco,Fremantle,Sydney,Fremantle,Kingsley Hunter,8,6,1,1,2,0,0
1998,15,1998-07-05,Subiaco,Fremantle,Sydney,Fremantle,Dale Kickett,10,5,11,0,0,0,0
1998,15,1998-07-05,Subiaco,Fremantle,Sydney,Fremantle,Steven Koops,4,1,5,0,0,2,1
1998,15,1998-07-05,Subiaco,Fremantle,Sydney,Fremantle,Paul Maher,11,6,2,1,0,8,0
1998,15,1998-07-05,Subiaco,Fremantle,Sydney,Fremantle,Andrew McGovern,12,7,5,0,0,0,2
1998,15,1998-07-05,Subiaco,Fremantle,Sydney,Fremantle,Clem Michael,2,2,6,0,0,10,0
1998,15,1998-07-05,Subiaco,Fremantle,Sydney,Fremantle,Jason Norrish,11,3,9,2,0,0,0
1998,15,1998-07-05,Subiaco,Fremantle,Sydney,Fremantle,Stephen OReilly,8,4,1,0,0,0,0
1998,15,1998-07-05,Subiaco,Fremantle,Sydney,Fremantle,Shane Parker,8,6,3,0,0,0,1
1998,15,1998-07-05,Subiaco,Fremantle,Sydney,Fremantle,Jess Sinclair,7,2,0,1,0,0,0
1998,15,1998-07-05,Subiaco,Fremantle,Sydney,Fremantle,Luke Toia,17,4,6,1,0,0,3
1998,15,1998-07-05,Subiaco,Fremantle,Sydney,Sydney,Robert AhMat,2,0,2,1,0,0,0
1998,15,1998-07-05,Subiaco,Fremantle,Sydney,Sydney,Troy Cook,3,1,6,0,0,0,3
1998,15,1998-07-05,Subiaco,Fremantle,Sydney,Sydney,Daryn Cresswell,18,3,7,0,0,0,1
1998,15,1998-07-05,Subiaco,Fremantle,Sydney,Sydney,Jared Crouch,12,0,5,0,0,0,5
1998,15,1998-07-05,Subiaco,Fremantle,Sydney,Sydney,Andrew Dunkley,6,5,5,0,0,2,2
1998,15,1998-07-05,Subiaco,Fremantle,Sydney,Sydney,Peter Filandia,5,2,1,0,0,0,0
1998,15,1998-07-05,Subiaco,Fremantle,Sydney,Sydney,Brent Green,1,1,1,0,0,4,0
1998,15,1998-07-05,Subiaco,Fremantle,Sydney,Sydney,Paul Kelly,16,2,7,0,0,0,5
1998,15,1998-07-05,Subiaco,Fremantle,Sydney,Sydney,Dale Lewis,5,2,7,0,0,2,0
1998,15,1998-07-05,Subiaco,Fremantle,Sydney,Sydney,Tony Lockett,9,7,0,6,3,0,0
1998,15,1998-07-05,Subiaco,Fremantle,Sydney,Sydney,Troy Luff,7,3,2,0,0,4,2
1998,15,1998-07-05,Subiaco,Fremantle,Sydney,Sydney,Stuart Maxfield,9,3,4,0,0,0,1
1998,15,1998-07-05,Subiaco,Fremantle,Sydney,Sydney,Jason Mooney,11,6,2,0,0,3,0
1998,15,1998-07-05,Subiaco,Fremantle,Sydney,Sydney,Matthew Nicks,15,7,3,0,0,0,1
1998,15,1998-07-05,Subiaco,Fremantle,Sydney,Sydney,Brett OFarrell,4,2,4,3,0,12,0
1998,15,1998-07-05,Subiaco,Fremantle,Sydney,Sydney,Michael OLoughlin,11,5,4,1,0,1,0
1998,15,1998-07-05,Subiaco,Fremantle,Sydney,Sydney,Mark Orchard,5,1,6,0,0,0,1
1998,15,1998-07-05,Subiaco,Fremantle,Sydney,Sydney,Jason Saddington,6,3,7,0,0,1,0
1998,15,1998-07-05,Subiaco,Fremantle,Sydney,Sydney,Wayne Schwass,16,2,6,2,0,0,4
1998,15,1998-07-05,Subiaco,Fremantle,Sydney,Sydney,Brad Seymour,9,6,6,0,0,0,3
1998,15,1998-07-05,Subiaco,Fremantle,Sydney,Sydney,John Stevens,2,1,3,0,0,0,4
1998,15,1998-07-05,Subiaco,Fremantle,Sydney,Sydney,Rowan Warfe,13,5,6,0,0,0,0
1998,16,1998-07-17,Football Park,Adelaide,Carlton,Adelaide,Nathan Bassett,7,3,1,1,0,0,2
1998,16,1998-07-17,Football Park,Adelaide,Carlton,Adelaide,Mark Bickley,18,6,6,2,1,0,5
1998,16,1998-07-17,Football Park,Adelaide,Carlton,Adelaide,Troy Bond,1,0,0,0,0,0,0
1998,16,1998-07-17,Football Park,Adelaide,Carlton,Adelaide,Peter Caven,11,4,2,0,0,0,2
1998,16,1998-07-17,Football Park,Adelaide,Carlton,Adelaide,Sudjai Cook,2,1,5,0,0,0,0
1998,16,1998-07-17,Football Park,Adelaide,Carlton,Adelaide,Tyson Edwards,8,2,4,2,0,0,0
1998,16,1998-07-17,Football Park,Adelaide,Carlton,Adelaide,Shane Ellen,10,1,1,0,1,0,0
1998,16,1998-07-17,Football Park,Adelaide,Carlton,Adelaide,Simon Goodwin,10,4,0,2,0,0,3
1998,16,1998-07-17,Football Park,Adelaide,Carlton,Adelaide,Ben Hart,10,4,4,0,0,1,3
1998,16,1998-07-17,Football Park,Adelaide,Carlton,Adelaide,Brett James,5,1,7,0,0,0,3
1998,16,1998-07-17,Football Park,Adelaide,Carlton,Adelaide,Darren Jarman,10,2,3,0,0,0,3
1998,16,1998-07-17,Football Park,Adelaide,Carlton,Adelaide,Kym Koster,7,4,7,0,0,0,3
1998,16,1998-07-17,Football Park,Adelaide,Carlton,Adelaide,Ben Marsh,4,3,4,0,0,3,0
1998,16,1998-07-17,Football Park,Adelaide,Carlton,Adelaide,Tony Modra,3,2,0,2,1,0,1
1998,16,1998-07-17,Football Park,Adelaide,Carlton,Adelaide,Trent Ormond-Allen,1,0,2,0,0,0,1
1998,16,1998-07-17,Football Park,Adelaide,Carlton,Adelaide,Shaun Rehn,8,3,8,1,0,34,3
1998,16,1998-07-17,Football Park,Adelaide,Carlton,Adelaide,Mark Ricciuto,14,4,7,3,1,0,2
1998,16,1998-07-17,Football Park,Adelaide,Carlton,Adelaide,Matthew Robran,3,3,4,1,0,8,0
1998,16,1998-07-17,Football Park,Adelaide,Carlton,Adelaide,Clay Sampson,11,4,3,0,0,0,4
1998,16,1998-07-17,Football Park,Adelaide,Carlton,Adelaide,Nigel Smart,16,8,5,1,0,0,4
1998,16,1998-07-17,Football Park,Adelaide,Carlton,Adelaide,Mark Stevens,4,2,3,0,0,2,1
1998,16,1998-07-17,Football Park,Adelaide,Carlton,Adelaide,James Thiessen,7,4,4,1,0,0,5
1998,16,1998-07-17,Football Park,Adelaide,Carlton,Carlton,Matthew Allan,8,6,3,3,0,32,1
1998,16,1998-07-17,Football Park,Adelaide,Carlton,Carlton,Simon Beaumont,5,2,3,2,0,0,2
1998,16,1998-07-17,Football Park,Adelaide,Carlton,Carlton,Craig Bradley,22,5,15,0,0,0,3
1998,16,1998-07-17,Football Park,Adelaide,Carlton,Carlton,Fraser Brown,21,7,13,0,1,0,5
1998,16,1998-07-17,Football Park,Adelaide,Carlton,Carlton,Scott Camporeale,14,5,10,1,2,0,5
1998,16,1998-07-17,Football Park,Adelaide,Carlton,Carlton,Ron De Iulio,7,2,3,0,0,0,0
1998,16,1998-07-17,Football Park,Adelaide,Carlton,Carlton,Anthony Franchina,9,2,2,0,0,0,5
1998,16,1998-07-17,Football Park,Adelaide,Carlton,Carlton,Aaron Hamill,11,4,11,1,1,0,4
1998,16,1998-07-17,Football Park,Adelaide,Carlton,Carlton,Matthew Hogg,2,1,3,0,0,0,1
1998,16,1998-07-17,Football Park,Adelaide,Carlton,Carlton,Anthony Koutoufides,8,4,5,0,0,2,4
1998,16,1998-07-17,Football Park,Adelaide,Carlton,Carlton,Glenn Manton,1,3,5,1,0,0,3
1998,16,1998-07-17,Football Park,Adelaide,Carlton,Carlton,Kris Massie,3,2,0,0,1,0,0
1998,16,1998-07-17,Football Park,Adelaide,Carlton,Carlton,Andrew McKay,9,3,14,0,0,0,3
1998,16,1998-07-17,Football Park,Adelaide,Carlton,Carlton,Justin Murphy,15,7,15,1,0,0,1
1998,16,1998-07-17,Football Park,Adelaide,Carlton,Carlton,Brad Pearce,3,2,0,1,2,0,1
1998,16,1998-07-17,Football Park,Adelaide,Carlton,Carlton,Mark Porter,1,0,2,0,0,5,0
1998,16,1998-07-17,Football Park,Adelaide,Carlton,Carlton,Brett Ratten,15,2,10,2,0,0,2
1998,16,1998-07-17,Football Park,Adelaide,Carlton,Carlton,Dean Rice,5,3,9,0,0,0,0
1998,16,1998-07-17,Football Park,Adelaide,Carlton,Carlton,Michael Sexton,13,4,6,0,0,2,0
1998,16,1998-07-17,Football Park,Adelaide,Carlton,Carlton,Stephen Silvagni,9,2,7,0,0,0,0
1998,16,1998-07-17,Football Park,Adelaide,Carlton,Carlton,Adam White,5,6,9,0,0,1,0
1998,16,1998-07-17,Football Park,Adelaide,Carlton,Carlton,Lance Whitnall,11,8,7,4,1,1,0
1998,16,1998-07-18,Princes Park,Western Bulldogs,Brisbane Lions,Western Bulldogs,Leon Cameron,15,7,12,0,1,0,2
1998,16,1998-07-18,Princes Park,Western Bulldogs,Brisbane Lions,Western Bulldogs,James Cook,8,6,2,2,4,0,0
1998,16,1998-07-18,Princes Park,Western Bulldogs,Brisbane Lions,Western Bulldogs,Matthew Croft,2,1,3,2,0,1,1
1998,16,1998-07-18,Princes Park,Western Bulldogs,Brisbane Lions,Western Bulldogs,Todd Curley,8,6,6,0,0,0,0
1998,16,1998-07-18,Princes Park,Western Bulldogs,Brisbane Lions,Western Bulldogs,Luke Darcy,9,5,2,1,0,14,1
1998,16,1998-07-18,Princes Park,Western Bulldogs,Brisbane Lions,Western Bulldogs,Matthew Dent,14,4,9,0,0,0,1
1998,16,1998-07-18,Princes Park,Western Bulldogs,Brisbane Lions,Western Bulldogs,Paul Dimattina,17,5,10,0,1,0,1
1998,16,1998-07-18,Princes Park,Western Bulldogs,Brisbane Lions,Western Bulldogs,Craig Ellis,4,2,6,0,0,0,1
1998,16,1998-07-18,Princes Park,Western Bulldogs,Brisbane Lions,Western Bulldogs,Simon Garlick,6,5,9,1,0,0,0
1998,16,1998-07-18,Princes Park,Western Bulldogs,Brisbane Lions,Western Bulldogs,Chris Grant,16,10,9,4,1,0,3
1998,16,1998-07-18,Princes Park,Western Bulldogs,Brisbane Lions,Western Bulldogs,Paul Hudson,9,4,1,3,1,0,0
1998,16,1998-07-18,Princes Park,Western Bulldogs,Brisbane Lions,Western Bulldogs,Brad Johnson,16,8,11,3,1,0,1
1998,16,1998-07-18,Princes Park,Western Bulldogs,Brisbane Lions,Western Bulldogs,Steven Kolyniuk,10,4,5,1,1,0,2
1998,16,1998-07-18,Princes Park,Western Bulldogs,Brisbane Lions,Western Bulldogs,Steven Kretiuk,6,1,6,0,0,0,1
1998,16,1998-07-18,Princes Park,Western Bulldogs,Brisbane Lions,Western Bulldogs,Tyson Lane,6,5,5,3,1,0,0
1998,16,1998-07-18,Princes Park,Western Bulldogs,Brisbane Lions,Western Bulldogs,Michael Martin,2,0,0,0,0,0,0
1998,16,1998-07-18,Princes Park,Western Bulldogs,Brisbane Lions,Western Bulldogs,Brett Montgomery,18,15,15,4,0,1,1
1998,16,1998-07-18,Princes Park,Western Bulldogs,Brisbane Lions,Western Bulldogs,Jose Romero,14,4,16,1,1,0,4
1998,16,1998-07-18,Princes Park,Western Bulldogs,Brisbane Lions,Western Bulldogs,Rohan Smith,14,8,9,2,0,0,1
1998,16,1998-07-18,Princes Park,Western Bulldogs,Brisbane Lions,Western Bulldogs,Scott West,8,2,20,0,0,0,1
1998,16,1998-07-18,Princes Park,Western Bulldogs,Brisbane Lions,Western Bulldogs,Brad Wira,8,1,6,0,0,0,3
1998,16,1998-07-18,Princes Park,Western Bulldogs,Brisbane Lions,Western Bulldogs,Scott Wynd,4,3,8,0,1,13,0
1998,16,1998-07-18,Princes Park,Western Bulldogs,Brisbane Lions,Brisbane Lions,Jason Akermanis,7,3,4,2,0,0,1
1998,16,1998-07-18,Princes Park,Western Bulldogs,Brisbane Lions,Brisbane Lions,Marcus Ashcroft,12,5,15,0,2,0,2
1998,16,1998-07-18,Princes Park,Western Bulldogs,Brisbane Lions,Brisbane Lions,Scott Bamford,10,4,3,0,1,0,1
1998,16,1998-07-18,Princes Park,Western Bulldogs,Brisbane Lions,Brisbane Lions,Trent Bartlett,2,2,4,0,0,1,2
1998,16,1998-07-18,Princes Park,Western Bulldogs,Brisbane Lions,Brisbane Lions,Daniel Bradshaw,1,1,2,1,0,0,2
1998,16,1998-07-18,Princes Park,Western Bulldogs,Brisbane Lions,Brisbane Lions,Richard Champion,7,5,3,2,1,0,1
1998,16,1998-07-18,Princes Park,Western Bulldogs,Brisbane Lions,Brisbane Lions,Matthew Clarke,5,3,6,0,0,16,2
1998,16,1998-07-18,Princes Park,Western Bulldogs,Brisbane Lions,Brisbane Lions,Shane Clayton,4,2,4,0,0,0,4
1998,16,1998-07-18,Princes Park,Western Bulldogs,Brisbane Lions,Brisbane Lions,Danny Dickfos,5,8,5,0,0,0,1
1998,16,1998-07-18,Princes Park,Western Bulldogs,Brisbane Lions,Brisbane Lions,Shaun Hart,12,3,8,0,0,0,4
1998,16,1998-07-18,Princes Park,Western Bulldogs,Brisbane Lions,Brisbane Lions,Rory Hilton,7,2,2,1,0,0,2
1998,16,1998-07-18,Princes Park,Western Bulldogs,Brisbane Lions,Brisbane Lions,Chris Johnson,4,1,0,1,0,0,0
1998,16,1998-07-18,Princes Park,Western Bulldogs,Brisbane Lions,Brisbane Lions,Matthew Kennedy,7,5,6,0,0,0,0
1998,16,1998-07-18,Princes Park,Western Bulldogs,Brisbane Lions,Brisbane Lions,Nigel Lappin,3,2,3,0,0,0,1
1998,16,1998-07-18,Princes Park,Western Bulldogs,Brisbane Lions,Brisbane Lions,Steven Lawrence,6,4,6,0,0,1,0
1998,16,1998-07-18,Princes Park,Western Bulldogs,Brisbane Lions,Brisbane Lions,Justin Leppitsch,8,3,1,1,1,0,4
1998,16,1998-07-18,Princes Park,Western Bulldogs,Brisbane Lions,Brisbane Lions,Craig McRae,12,5,3,1,1,0,2
1998,16,1998-07-18,Princes Park,Western Bulldogs,Brisbane Lions,Brisbane Lions,Ben Robbins,15,4,12,1,0,0,0
1998,16,1998-07-18,Princes Park,Western Bulldogs,Brisbane Lions,Brisbane Lions,Brad Scott,8,3,5,1,0,0,1
1998,16,1998-07-18,Princes Park,Western Bulldogs,Brisbane Lions,Brisbane Lions,Chris Scott,23,7,11,1,2,0,4
1998,16,1998-07-18,Princes Park,Western Bulldogs,Brisbane Lions,Brisbane Lions,Nick Trask,3,1,4,0,0,0,0
1998,16,1998-07-18,Princes Park,Western Bulldogs,Brisbane Lions,Brisbane Lions,Darryl White,7,5,5,1,0,1,0
1998,16,1998-07-18,M.C.G.,Melbourne,Fremantle,Melbourne,Don Cockatoo-Collins,0,0,0,0,0,0,0
1998,16,1998-07-18,M.C.G.,Melbourne,Fremantle,Melbourne,Jeff Farmer,2,2,3,2,0,0,0
1998,16,1998-07-18,M.C.G.,Melbourne,Fremantle,Melbourne,Matthew Febey,12,7,8,0,1,0,0
1998,16,1998-07-18,M.C.G.,Melbourne,Fremantle,Melbourne,Steven Febey,19,4,12,0,0,0,5
1998,16,1998-07-18,M.C.G.,Melbourne,Fremantle,Melbourne,Paul Hopgood,5,0,3,0,0,0,1
1998,16,1998-07-18,M.C.G.,Melbourne,Fremantle,Melbourne,Anthony Ingerson,4,7,12,0,0,0,0
1998,16,1998-07-18,M.C.G.,Melbourne,Fremantle,Melbourne,Andrew Leoncelli,12,2,8,0,0,0,1
1998,16,1998-07-18,M.C.G.,Melbourne,Fremantle,Melbourne,Garry Lyon,12,7,0,4,3,3,2
1998,16,1998-07-18,M.C.G.,Melbourne,Fremantle,Melbourne,Anthony McDonald,9,4,10,0,0,0,0
1998,16,1998-07-18,M.C.G.,Melbourne,Fremantle,Melbourne,James McDonald,6,5,9,0,0,0,1
1998,16,1998-07-18,M.C.G.,Melbourne,Fremantle,Melbourne,David Neitz,6,3,1,3,1,3,2
1998,16,1998-07-18,M.C.G.,Melbourne,Fremantle,Melbourne,Guy Rigoni,6,3,8,0,0,0,2
1998,16,1998-07-18,M.C.G.,Melbourne,Fremantle,Melbourne,Russell Robertson,10,3,6,2,2,0,1
1998,16,1998-07-18,M.C.G.,Melbourne,Fremantle,Melbourne,Marcus Seecamp,5,3,8,0,0,0,2
1998,16,1998-07-18,M.C.G.,Melbourne,Fremantle,Melbourne,Jamie Shanahan,1,0,1,0,0,0,1
1998,16,1998-07-18,M.C.G.,Melbourne,Fremantle,Melbourne,Shaun Smith,3,2,3,1,0,0,0
1998,16,1998-07-18,M.C.G.,Melbourne,Fremantle,Melbourne,Jim Stynes,5,1,2,0,0,10,1
1998,16,1998-07-18,M.C.G.,Melbourne,Fremantle,Melbourne,Stephen Tingay,14,1,6,2,0,0,1
1998,16,1998-07-18,M.C.G.,Melbourne,Fremantle,Melbourne,Todd Viney,11,3,16,2,1,0,5
1998,16,1998-07-18,M.C.G.,Melbourne,Fremantle,Melbourne,Jeff White,11,5,7,0,1,19,1
1998,16,1998-07-18,M.C.G.,Melbourne,Fremantle,Melbourne,Shane Woewodin,13,2,7,0,0,0,0
1998,16,1998-07-18,M.C.G.,Melbourne,Fremantle,Melbourne,Adem Yze,22,6,7,0,0,0,1
1998,16,1998-07-18,M.C.G.,Melbourne,Fremantle,Fremantle,Chris Bond,6,3,5,0,0,0,1
1998,16,1998-07-18,M.C.G.,Melbourne,Fremantle,Fremantle,Matthew Burton,5,3,11,1,0,10,1
1998,16,1998-07-18,M.C.G.,Melbourne,Fremantle,Fremantle,Craig Callaghan,13,7,11,2,0,0,3
1998,16,1998-07-18,M.C.G.,Melbourne,Fremantle,Fremantle,Trent Carroll,6,4,3,0,0,0,1
1998,16,1998-07-18,M.C.G.,Melbourne,Fremantle,Fremantle,Scott Chisholm,8,3,8,0,0,0,6
1998,16,1998-07-18,M.C.G.,Melbourne,Fremantle,Fremantle,James Clement,5,3,2,2,1,0,1
1998,16,1998-07-18,M.C.G.,Melbourne,Fremantle,Fremantle,Gary Dhurrkay,3,1,2,0,0,0,1
1998,16,1998-07-18,M.C.G.,Melbourne,Fremantle,Fremantle,Brendon Feddema,3,4,3,0,0,4,0
1998,16,1998-07-18,M.C.G.,Melbourne,Fremantle,Fremantle,Mark Gale,12,2,6,1,0,0,0
1998,16,1998-07-18,M.C.G.,Melbourne,Fremantle,Fremantle,Tony Godden,1,0,0,0,0,0,1
1998,16,1998-07-18,M.C.G.,Melbourne,Fremantle,Fremantle,Dale Kickett,13,3,6,0,0,0,6
1998,16,1998-07-18,M.C.G.,Melbourne,Fremantle,Fremantle,Paul Maher,7,4,0,3,0,1,0
1998,16,1998-07-18,M.C.G.,Melbourne,Fremantle,Fremantle,Peter Mann,12,5,2,0,0,2,2
1998,16,1998-07-18,M.C.G.,Melbourne,Fremantle,Fremantle,Andrew McGovern,5,3,7,0,0,0,1
1998,16,1998-07-18,M.C.G.,Melbourne,Fremantle,Fremantle,Clem Michael,3,2,9,0,1,12,2
1998,16,1998-07-18,M.C.G.,Melbourne,Fremantle,Fremantle,Jason Norrish,12,3,10,0,0,0,1
1998,16,1998-07-18,M.C.G.,Melbourne,Fremantle,Fremantle,Stephen OReilly,5,3,3,0,0,0,0
1998,16,1998-07-18,M.C.G.,Melbourne,Fremantle,Fremantle,Shane Parker,11,7,3,0,1,0,4
1998,16,1998-07-18,M.C.G.,Melbourne,Fremantle,Fremantle,Jess Sinclair,8,0,3,1,0,0,1
1998,16,1998-07-18,M.C.G.,Melbourne,Fremantle,Fremantle,Luke Toia,20,4,9,1,0,0,5
1998,16,1998-07-18,M.C.G.,Melbourne,Fremantle,Fremantle,Clive Waterhouse,7,4,8,2,2,0,1
1998,16,1998-07-18,M.C.G.,Melbourne,Fremantle,Fremantle,Andrew Wills,5,1,1,0,0,0,0
1998,16,1998-07-18,Kardinia Park,Geelong,St Kilda,Geelong,John Barnes,2,2,4,0,0,11,1
1998,16,1998-07-18,Kardinia Park,Geelong,St Kilda,Geelong,Clint Bizzell,8,3,11,0,0,0,1
1998,16,1998-07-18,Kardinia Park,Geelong,St Kilda,Geelong,Ronnie Burns,4,2,4,0,2,0,4
1998,16,1998-07-18,Kardinia Park,Geelong,St Kilda,Geelong,Leigh Colbert,9,2,10,3,0,1,1
1998,16,1998-07-18,Kardinia Park,Geelong,St Kilda,Geelong,Derek Hall,9,8,6,0,0,0,0
1998,16,1998-07-18,Kardinia Park,Geelong,St Kilda,Geelong,Tim Hargreaves,5,2,6,0,0,0,0
1998,16,1998-07-18,Kardinia Park,Geelong,St Kilda,Geelong,Garry Hocking,17,6,18,1,2,0,5
1998,16,1998-07-18,Kardinia Park,Geelong,St Kilda,Geelong,Glenn Kilpatrick,18,8,10,1,0,0,3
1998,16,1998-07-18,Kardinia Park,Geelong,St Kilda,Geelong,Steven King,3,4,4,0,0,4,0
1998,16,1998-07-18,Kardinia Park,Geelong,St Kilda,Geelong,Michael Mansfield,9,9,5,0,2,0,0
1998,16,1998-07-18,Kardinia Park,Geelong,St Kilda,Geelong,Tim McGrath,16,2,8,0,0,1,1
1998,16,1998-07-18,Kardinia Park,Geelong,St Kilda,Geelong,David Mensch,4,4,4,1,0,2,2
1998,16,1998-07-18,Kardinia Park,Geelong,St Kilda,Geelong,Darren Milburn,9,3,2,0,3,3,1
1998,16,1998-07-18,Kardinia Park,Geelong,St Kilda,Geelong,James Rahilly,3,0,3,0,0,0,0
1998,16,1998-07-18,Kardinia Park,Geelong,St Kilda,Geelong,Peter Riccardi,15,7,9,2,0,0,0
1998,16,1998-07-18,Kardinia Park,Geelong,St Kilda,Geelong,Brenton Sanderson,10,3,5,0,0,0,3
1998,16,1998-07-18,Kardinia Park,Geelong,St Kilda,Geelong,Brad Sholl,12,5,4,0,0,0,0
1998,16,1998-07-18,Kardinia Park,Geelong,St Kilda,Geelong,Hamish Simpson,6,7,5,0,0,0,1
1998,16,1998-07-18,Kardinia Park,Geelong,St Kilda,Geelong,Sean Simpson,9,1,3,1,0,0,0
1998,16,1998-07-18,Kardinia Park,Geelong,St Kilda,Geelong,Jason Snell,15,5,5,1,3,0,0
1998,16,1998-07-18,Kardinia Park,Geelong,St Kilda,Geelong,Brett Spinks,2,2,1,0,1,0,0
1998,16,1998-07-18,Kardinia Park,Geelong,St Kilda,Geelong,Barry Stoneham,4,0,2,0,0,1,2
1998,16,1998-07-18,Kardinia Park,Geelong,St Kilda,St Kilda,Luke Beveridge,14,7,7,2,1,0,0
1998,16,1998-07-18,Kardinia Park,Geelong,St Kilda,St Kilda,Tony Brown,10,5,5,1,0,0,1
1998,16,1998-07-18,Kardinia Park,Geelong,St Kilda,St Kilda,Nathan Burke,18,3,8,1,0,0,4
1998,16,1998-07-18,Kardinia Park,Geelong,St Kilda,St Kilda,Brad Campbell,3,1,5,0,0,0,0
1998,16,1998-07-18,Kardinia Park,Geelong,St Kilda,St Kilda,Brett Cook,3,4,3,0,0,8,1
1998,16,1998-07-18,Kardinia Park,Geelong,St Kilda,St Kilda,Tim Elliott,1,1,0,0,0,0,0
1998,16,1998-07-18,Kardinia Park,Geelong,St Kilda,St Kilda,Peter Everitt,19,11,6,4,2,12,2
1998,16,1998-07-18,Kardinia Park,Geelong,St Kilda,St Kilda,Robert Harvey,24,4,11,0,2,0,0
1998,16,1998-07-18,Kardinia Park,Geelong,St Kilda,St Kilda,Daniel Healy,5,1,1,0,0,0,5
1998,16,1998-07-18,Kardinia Park,Geelong,St Kilda,St Kilda,Jason Heatley,5,4,0,4,1,0,1
1998,16,1998-07-18,Kardinia Park,Geelong,St Kilda,St Kilda,Max Hudghton,5,3,8,0,0,0,2
1998,16,1998-07-18,Kardinia Park,Geelong,St Kilda,St Kilda,Austinn Jones,9,1,7,0,1,0,2
1998,16,1998-07-18,Kardinia Park,Geelong,St Kilda,St Kilda,Stewart Loewe,7,7,4,2,1,2,3
1998,16,1998-07-18,Kardinia Park,Geelong,St Kilda,St Kilda,Justin Peckett,12,4,6,0,0,0,2
1998,16,1998-07-18,Kardinia Park,Geelong,St Kilda,St Kilda,David Sierakowski,3,2,5,0,0,4,0
1998,16,1998-07-18,Kardinia Park,Geelong,St Kilda,St Kilda,Steven Sziller,11,3,4,0,0,0,2
1998,16,1998-07-18,Kardinia Park,Geelong,St Kilda,St Kilda,Andrew Thompson,7,1,7,0,0,0,2
1998,16,1998-07-18,Kardinia Park,Geelong,St Kilda,St Kilda,Jason Traianidis,6,4,5,1,0,0,2
1998,16,1998-07-18,Kardinia Park,Geelong,St Kilda,St Kilda,Darryl Wakelin,4,6,10,0,0,3,2
1998,16,1998-07-18,Kardinia Park,Geelong,St Kilda,St Kilda,Shane Wakelin,11,7,5,0,0,0,0
1998,16,1998-07-18,Kardinia Park,Geelong,St Kilda,St Kilda,Nicky Winmar,2,1,3,0,1,0,1
1998,16,1998-07-18,Kardinia Park,Geelong,St Kilda,St Kilda,Matthew Young,11,1,7,0,0,1,3
1998,16,1998-07-18,Waverley Park,Hawthorn,Collingwood,Hawthorn,John Barker,8,4,1,0,0,1,2
1998,16,1998-07-18,Waverley Park,Hawthorn,Collingwood,Hawthorn,Justin Crawford,8,4,2,1,0,0,0
1998,16,1998-07-18,Waverley Park,Hawthorn,Collingwood,Hawthorn,Shane Crawford,10,4,8,0,0,0,1
1998,16,1998-07-18,Waverley Park,Hawthorn,Collingwood,Hawthorn,Trent Croad,5,5,0,0,0,0,1
1998,16,1998-07-18,Waverley Park,Hawthorn,Collingwood,Hawthorn,Matthew Dennis,5,1,0,0,0,0,1
1998,16,1998-07-18,Waverley Park,Hawthorn,Collingwood,Hawthorn,Ben Dixon,10,5,5,1,2,0,0
1998,16,1998-07-18,Waverley Park,Hawthorn,Collingwood,Hawthorn,Mark Graham,7,2,4,0,0,1,1
1998,16,1998-07-18,Waverley Park,Hawthorn,Collingwood,Hawthorn,Daniel Harford,10,2,4,0,1,0,1
1998,16,1998-07-18,Waverley Park,Hawthorn,Collingwood,Hawthorn,Jonathan Hay,7,2,1,0,0,0,0
1998,16,1998-07-18,Waverley Park,Hawthorn,Collingwood,Hawthorn,Nick Holland,5,3,4,0,0,5,0
1998,16,1998-07-18,Waverley Park,Hawthorn,Collingwood,Hawthorn,Darren Kappler,4,1,2,0,1,0,3
1998,16,1998-07-18,Waverley Park,Hawthorn,Collingwood,Hawthorn,Haydon Kilmartin,4,2,0,0,0,0,0
1998,16,1998-07-18,Waverley Park,Hawthorn,Collingwood,Hawthorn,Brendan Krummel,6,6,2,1,1,1,1
1998,16,1998-07-18,Waverley Park,Hawthorn,Collingwood,Hawthorn,Angelo Lekkas,12,6,3,0,0,0,0
1998,16,1998-07-18,Waverley Park,Hawthorn,Collingwood,Hawthorn,Aaron Lord,11,2,8,0,2,0,0
1998,16,1998-07-18,Waverley Park,Hawthorn,Collingwood,Hawthorn,Luke McCabe,5,4,3,0,0,0,3
1998,16,1998-07-18,Waverley Park,Hawthorn,Collingwood,Hawthorn,Jade Rawlings,14,6,6,0,1,0,2
1998,16,1998-07-18,Waverley Park,Hawthorn,Collingwood,Hawthorn,Jonathon Robran,3,3,4,0,0,2,0
1998,16,1998-07-18,Waverley Park,Hawthorn,Collingwood,Hawthorn,Paul Salmon,6,2,2,1,0,27,0
1998,16,1998-07-18,Waverley Park,Hawthorn,Collingwood,Hawthorn,Rayden Tallis,5,0,2,0,0,0,3
1998,16,1998-07-18,Waverley Park,Hawthorn,Collingwood,Hawthorn,Craig Treleven,21,5,9,0,2,0,2
1998,16,1998-07-18,Waverley Park,Hawthorn,Collingwood,Hawthorn,Tony Woods,7,1,3,0,0,0,0
1998,16,1998-07-18,Waverley Park,Hawthorn,Collingwood,Collingwood,Gavin Brown,15,4,8,0,0,1,2
1998,16,1998-07-18,Waverley Park,Hawthorn,Collingwood,Collingwood,Nathan Buckley,12,1,2,0,0,0,1
1998,16,1998-07-18,Waverley Park,Hawthorn,Collingwood,Collingwood,Scott Burns,13,6,14,0,0,0,2
1998,16,1998-07-18,Waverley Park,Hawthorn,Collingwood,Collingwood,Gavin Crosisca,18,7,9,0,0,0,1
1998,16,1998-07-18,Waverley Park,Hawthorn,Collingwood,Collingwood,Scott Crow,16,10,5,2,0,0,0
1998,16,1998-07-18,Waverley Park,Hawthorn,Collingwood,Collingwood,Tony Francis,6,2,2,2,1,0,1
1998,16,1998-07-18,Waverley Park,Hawthorn,Collingwood,Collingwood,Luke Godden,8,4,6,0,0,0,0
1998,16,1998-07-18,Waverley Park,Hawthorn,Collingwood,Collingwood,Clinton King,10,7,12,1,0,0,6
1998,16,1998-07-18,Waverley Park,Hawthorn,Collingwood,Collingwood,Chad Liddell,4,2,4,0,0,0,1
1998,16,1998-07-18,Waverley Park,Hawthorn,Collingwood,Collingwood,Josh Mahoney,8,3,1,1,2,0,0
1998,16,1998-07-18,Waverley Park,Hawthorn,Collingwood,Collingwood,Alex McDonald,3,0,3,0,0,0,2
1998,16,1998-07-18,Waverley Park,Hawthorn,Collingwood,Collingwood,Mal Michael,1,1,1,0,0,0,1
1998,16,1998-07-18,Waverley Park,Hawthorn,Collingwood,Collingwood,Damian Monkhorst,5,7,12,2,0,14,0
1998,16,1998-07-18,Waverley Park,Hawthorn,Collingwood,Collingwood,Stephen Patterson,16,5,9,0,1,1,0
1998,16,1998-07-18,Waverley Park,Hawthorn,Collingwood,Collingwood,Simon Prestigiacomo,3,3,5,0,0,1,1
1998,16,1998-07-18,Waverley Park,Hawthorn,Collingwood,Collingwood,Frankie Raso,9,5,1,0,0,0,1
1998,16,1998-07-18,Waverley Park,Hawthorn,Collingwood,Collingwood,Mark Richardson,19,13,3,1,0,5,2
1998,16,1998-07-18,Waverley Park,Hawthorn,Collingwood,Collingwood,Saverio Rocca,18,12,1,5,2,6,2
1998,16,1998-07-18,Waverley Park,Hawthorn,Collingwood,Collingwood,Andrew Schauble,5,2,5,0,0,2,1
1998,16,1998-07-18,Waverley Park,Hawthorn,Collingwood,Collingwood,Shane Watson,13,6,2,5,2,0,0
1998,16,1998-07-18,Waverley Park,Hawthorn,Collingwood,Collingwood,Jason Wild,10,7,10,0,0,0,2
1998,16,1998-07-18,Waverley Park,Hawthorn,Collingwood,Collingwood,Paul Williams,18,6,11,0,0,0,2
1998,16,1998-07-19,S.C.G.,Sydney,Port Adelaide,Sydney,Robert AhMat,4,0,4,0,1,0,1
1998,16,1998-07-19,S.C.G.,Sydney,Port Adelaide,Sydney,Troy Cook,5,1,8,0,1,0,0
1998,16,1998-07-19,S.C.G.,Sydney,Port Adelaide,Sydney,Daryn Cresswell,15,6,3,0,0,0,0
1998,16,1998-07-19,S.C.G.,Sydney,Port Adelaide,Sydney,Jared Crouch,5,0,5,0,0,0,1
1998,16,1998-07-19,S.C.G.,Sydney,Port Adelaide,Sydney,Andrew Dunkley,3,2,4,0,0,0,1
1998,16,1998-07-19,S.C.G.,Sydney,Port Adelaide,Sydney,Peter Filandia,5,3,6,0,2,0,2
1998,16,1998-07-19,S.C.G.,Sydney,Port Adelaide,Sydney,Paul Kelly,2,1,0,0,0,0,0
1998,16,1998-07-19,S.C.G.,Sydney,Port Adelaide,Sydney,Dale Lewis,11,6,4,2,1,0,0
1998,16,1998-07-19,S.C.G.,Sydney,Port Adelaide,Sydney,Tony Lockett,15,12,0,12,1,0,0
1998,16,1998-07-19,S.C.G.,Sydney,Port Adelaide,Sydney,Troy Luff,9,5,2,1,0,3,1
1998,16,1998-07-19,S.C.G.,Sydney,Port Adelaide,Sydney,Stuart Maxfield,12,4,5,0,0,0,0
1998,16,1998-07-19,S.C.G.,Sydney,Port Adelaide,Sydney,Jason Mooney,4,0,6,0,0,1,0
1998,16,1998-07-19,S.C.G.,Sydney,Port Adelaide,Sydney,Matthew Nicks,11,4,9,1,0,0,3
1998,16,1998-07-19,S.C.G.,Sydney,Port Adelaide,Sydney,Brett OFarrell,6,3,4,0,0,6,0
1998,16,1998-07-19,S.C.G.,Sydney,Port Adelaide,Sydney,Michael OLoughlin,17,6,7,1,1,0,3
1998,16,1998-07-19,S.C.G.,Sydney,Port Adelaide,Sydney,Mark Orchard,7,1,10,0,0,0,0
1998,16,1998-07-19,S.C.G.,Sydney,Port Adelaide,Sydney,Paul Roos,9,6,14,0,0,0,0
1998,16,1998-07-19,S.C.G.,Sydney,Port Adelaide,Sydney,Jason Saddington,8,1,6,0,1,0,1
1998,16,1998-07-19,S.C.G.,Sydney,Port Adelaide,Sydney,Wayne Schwass,19,6,11,1,1,1,1
1998,16,1998-07-19,S.C.G.,Sydney,Port Adelaide,Sydney,Brad Seymour,5,3,4,0,0,0,1
1998,16,1998-07-19,S.C.G.,Sydney,Port Adelaide,Sydney,John Stevens,7,2,5,0,0,0,0
1998,16,1998-07-19,S.C.G.,Sydney,Port Adelaide,Sydney,Rowan Warfe,9,3,4,0,0,0,0
1998,16,1998-07-19,S.C.G.,Sydney,Port Adelaide,Port Adelaide,Matthew Bode,7,1,4,0,0,0,1
1998,16,1998-07-19,S.C.G.,Sydney,Port Adelaide,Port Adelaide,Shane Bond,11,8,6,0,0,0,1
1998,16,1998-07-19,S.C.G.,Sydney,Port Adelaide,Port Adelaide,Shayne Breuer,7,0,3,0,1,0,1
1998,16,1998-07-19,S.C.G.,Sydney,Port Adelaide,Port Adelaide,Peter Burgoyne,2,2,3,0,0,0,0
1998,16,1998-07-19,S.C.G.,Sydney,Port Adelaide,Port Adelaide,Scott Cummings,3,2,0,2,0,0,0
1998,16,1998-07-19,S.C.G.,Sydney,Port Adelaide,Port Adelaide,Stephen Daniels,5,7,8,0,0,0,0
1998,16,1998-07-19,S.C.G.,Sydney,Port Adelaide,Port Adelaide,Stuart Dew,11,4,1,2,3,0,1
1998,16,1998-07-19,S.C.G.,Sydney,Port Adelaide,Port Adelaide,Donald Dickie,8,3,6,1,0,0,2
1998,16,1998-07-19,S.C.G.,Sydney,Port Adelaide,Port Adelaide,Nathan Eagleton,6,2,5,1,0,0,0
1998,16,1998-07-19,S.C.G.,Sydney,Port Adelaide,Port Adelaide,Josh Francou,15,4,2,0,2,0,0
1998,16,1998-07-19,S.C.G.,Sydney,Port Adelaide,Port Adelaide,Adam Heuskes,6,1,4,1,0,1,0
1998,16,1998-07-19,S.C.G.,Sydney,Port Adelaide,Port Adelaide,Adam Kingsley,9,3,4,0,0,0,0
1998,16,1998-07-19,S.C.G.,Sydney,Port Adelaide,Port Adelaide,Brendon Lade,11,8,2,1,3,12,0
1998,16,1998-07-19,S.C.G.,Sydney,Port Adelaide,Port Adelaide,Bowen Lockwood,2,1,0,1,0,3,0
1998,16,1998-07-19,S.C.G.,Sydney,Port Adelaide,Port Adelaide,Brayden Lyle,5,1,2,0,0,0,2
1998,16,1998-07-19,S.C.G.,Sydney,Port Adelaide,Port Adelaide,Darren Mead,9,5,3,0,0,0,0
1998,16,1998-07-19,S.C.G.,Sydney,Port Adelaide,Port Adelaide,Stephen Paxman,4,1,4,0,0,0,0
1998,16,1998-07-19,S.C.G.,Sydney,Port Adelaide,Port Adelaide,Matthew Primus,5,7,12,0,0,20,1
1998,16,1998-07-19,S.C.G.,Sydney,Port Adelaide,Port Adelaide,Nick Stevens,9,7,2,1,0,0,1
1998,16,1998-07-19,S.C.G.,Sydney,Port Adelaide,Port Adelaide,Warren Tredrea,11,6,4,1,1,2,0
1998,16,1998-07-19,S.C.G.,Sydney,Port Adelaide,Port Adelaide,Gavin Wanganeen,15,8,5,1,1,0,1
1998,16,1998-07-19,S.C.G.,Sydney,Port Adelaide,Port Adelaide,Michael Wilson,12,2,8,0,0,0,1
1998,16,1998-07-19,M.C.G.,Essendon,Richmond,Essendon,Steven Alessio,7,4,3,0,0,9,2
1998,16,1998-07-19,M.C.G.,Essendon,Richmond,Essendon,Paul Barnard,5,3,2,0,1,0,0
1998,16,1998-07-19,M.C.G.,Essendon,Richmond,Essendon,Peter Berbakov,4,4,5,0,0,0,1
1998,16,1998-07-19,M.C.G.,Essendon,Richmond,Essendon,Darren Bewick,22,5,7,2,0,0,0
1998,16,1998-07-19,M.C.G.,Essendon,Richmond,Essendon,Justin Blumfield,15,9,5,0,0,0,1
1998,16,1998-07-19,M.C.G.,Essendon,Richmond,Essendon,David Calthorpe,4,1,2,0,0,0,1
1998,16,1998-07-19,M.C.G.,Essendon,Richmond,Essendon,Che Cockatoo-Collins,4,2,3,0,1,0,0
1998,16,1998-07-19,M.C.G.,Essendon,Richmond,Essendon,Sean Denham,3,2,8,0,0,0,2
1998,16,1998-07-19,M.C.G.,Essendon,Richmond,Essendon,Dustin Fletcher,11,5,5,0,1,0,2
1998,16,1998-07-19,M.C.G.,Essendon,Richmond,Essendon,Mark Fraser,13,5,9,1,0,0,1
1998,16,1998-07-19,M.C.G.,Essendon,Richmond,Essendon,Damien Hardwick,17,6,4,0,0,0,1
1998,16,1998-07-19,M.C.G.,Essendon,Richmond,Essendon,Chris Heffernan,4,3,2,0,0,0,2
1998,16,1998-07-19,M.C.G.,Essendon,Richmond,Essendon,Matthew Lloyd,12,8,2,3,3,0,0
1998,16,1998-07-19,M.C.G.,Essendon,Richmond,Essendon,Michael Long,6,5,13,1,0,0,2
1998,16,1998-07-19,M.C.G.,Essendon,Richmond,Essendon,Scott Lucas,11,5,2,4,1,0,1
1998,16,1998-07-19,M.C.G.,Essendon,Richmond,Essendon,Mark Mercuri,11,5,4,3,0,0,2
1998,16,1998-07-19,M.C.G.,Essendon,Richmond,Essendon,Joe Misiti,9,5,8,0,0,0,2
1998,16,1998-07-19,M.C.G.,Essendon,Richmond,Essendon,Gary ODonnell,8,3,9,0,0,0,1
1998,16,1998-07-19,M.C.G.,Essendon,Richmond,Essendon,Ricky Olarenshaw,2,2,2,0,0,0,0
1998,16,1998-07-19,M.C.G.,Essendon,Richmond,Essendon,Peter Somerville,3,2,3,0,0,18,0
1998,16,1998-07-19,M.C.G.,Essendon,Richmond,Essendon,Sean Wellman,15,7,5,0,0,0,0
1998,16,1998-07-19,M.C.G.,Essendon,Richmond,Essendon,Barry Young,13,9,11,0,1,0,3
1998,16,1998-07-19,M.C.G.,Essendon,Richmond,Richmond,Joel Bowden,7,5,5,0,1,0,0
1998,16,1998-07-19,M.C.G.,Essendon,Richmond,Richmond,Paul Broderick,12,6,11,1,0,0,2
1998,16,1998-07-19,M.C.G.,Essendon,Richmond,Richmond,Paul Bulluss,9,6,6,0,0,1,2
1998,16,1998-07-19,M.C.G.,Essendon,Richmond,Richmond,Wayne Campbell,17,7,8,1,1,0,1
1998,16,1998-07-19,M.C.G.,Essendon,Richmond,Richmond,Nick Daffy,21,1,3,0,1,0,1
1998,16,1998-07-19,M.C.G.,Essendon,Richmond,Richmond,Brett Evans,6,3,10,1,1,0,3
1998,16,1998-07-19,M.C.G.,Essendon,Richmond,Richmond,Ross Funcke,3,1,2,0,0,0,0
1998,16,1998-07-19,M.C.G.,Essendon,Richmond,Richmond,Brendon Gale,7,4,2,0,0,13,1
1998,16,1998-07-19,M.C.G.,Essendon,Richmond,Richmond,Michael Gale,9,4,4,0,0,0,0
1998,16,1998-07-19,M.C.G.,Essendon,Richmond,Richmond,Darren Gaspar,3,5,5,0,0,0,0
1998,16,1998-07-19,M.C.G.,Essendon,Richmond,Richmond,Ben Harrison,16,4,6,0,1,0,0
1998,16,1998-07-19,M.C.G.,Essendon,Richmond,Richmond,Andrew Kellaway,8,5,8,0,0,0,2
1998,16,1998-07-19,M.C.G.,Essendon,Richmond,Richmond,Matthew Knights,12,2,8,1,0,0,4
1998,16,1998-07-19,M.C.G.,Essendon,Richmond,Richmond,Steven McKee,1,0,2,0,0,3,1
1998,16,1998-07-19,M.C.G.,Essendon,Richmond,Richmond,Brad Ottens,1,3,4,1,0,7,1
1998,16,1998-07-19,M.C.G.,Essendon,Richmond,Richmond,Justin Plapp,1,0,4,0,0,0,0
1998,16,1998-07-19,M.C.G.,Essendon,Richmond,Richmond,Robert Powell,5,2,9,0,0,0,2
1998,16,1998-07-19,M.C.G.,Essendon,Richmond,Richmond,Ashley Prescott,9,4,9,0,0,0,0
1998,16,1998-07-19,M.C.G.,Essendon,Richmond,Richmond,Matthew Richardson,15,13,1,5,5,0,1
1998,16,1998-07-19,M.C.G.,Essendon,Richmond,Richmond,Matthew Rogers,15,4,2,0,1,0,0
1998,16,1998-07-19,M.C.G.,Essendon,Richmond,Richmond,Damien Ryan,4,0,0,0,0,0,2
1998,16,1998-07-19,M.C.G.,Essendon,Richmond,Richmond,Scott Turner,3,3,1,0,0,0,0
1998,16,1998-07-19,Subiaco,West Coast,North Melbourne,West Coast,Jason Ball,13,8,7,1,0,4,0
1998,16,1998-07-19,Subiaco,West Coast,North Melbourne,West Coast,Drew Banfield,10,3,5,0,0,1,3
1998,16,1998-07-19,Subiaco,West Coast,North Melbourne,West Coast,Michael Braun,10,5,4,0,0,0,0
1998,16,1998-07-19,Subiaco,West Coast,North Melbourne,West Coast,Ben Cousins,18,4,12,1,2,0,0
1998,16,1998-07-19,Subiaco,West Coast,North Melbourne,West Coast,Brendon Fewster,11,7,11,0,1,13,1
1998,16,1998-07-19,Subiaco,West Coast,North Melbourne,West Coast,Fraser Gehrig,7,3,2,3,1,0,0
1998,16,1998-07-19,Subiaco,West Coast,North Melbourne,West Coast,Brett Heady,14,4,3,1,3,0,0
1998,16,1998-07-19,Subiaco,West Coast,North Melbourne,West Coast,Glen Jakovich,6,1,2,0,0,2,1
1998,16,1998-07-19,Subiaco,West Coast,North Melbourne,West Coast,Dean Kemp,5,0,3,0,0,0,1
1998,16,1998-07-19,Subiaco,West Coast,North Melbourne,West Coast,Peter Matera,18,3,4,0,1,0,2
1998,16,1998-07-19,Subiaco,West Coast,North Melbourne,West Coast,Phillip Matera,5,1,8,0,0,0,5
1998,16,1998-07-19,Subiaco,West Coast,North Melbourne,West Coast,Ashley McIntosh,14,5,8,0,0,0,0
1998,16,1998-07-19,Subiaco,West Coast,North Melbourne,West Coast,Guy McKenna,4,2,15,0,0,0,0
1998,16,1998-07-19,Subiaco,West Coast,North Melbourne,West Coast,Daniel Metropolis,0,0,0,0,0,0,1
1998,16,1998-07-19,Subiaco,West Coast,North Melbourne,West Coast,Chad Morrison,12,5,5,0,0,1,0
1998,16,1998-07-19,Subiaco,West Coast,North Melbourne,West Coast,Phillip Read,9,3,3,3,0,0,2
1998,16,1998-07-19,Subiaco,West Coast,North Melbourne,West Coast,Nicholas Stone,8,3,8,0,0,5,2
1998,16,1998-07-19,Subiaco,West Coast,North Melbourne,West Coast,Paul Symmons,10,5,10,1,1,0,2
1998,16,1998-07-19,Subiaco,West Coast,North Melbourne,West Coast,Chris Waterman,5,3,6,0,0,0,2
1998,16,1998-07-19,Subiaco,West Coast,North Melbourne,West Coast,Mitchell White,8,3,5,1,0,0,1
1998,16,1998-07-19,Subiaco,West Coast,North Melbourne,West Coast,Josh Wooden,9,3,5,0,1,0,2
1998,16,1998-07-19,Subiaco,West Coast,North Melbourne,West Coast,John Worsfold,7,5,0,0,1,0,0
1998,16,1998-07-19,Subiaco,West Coast,North Melbourne,North Melbourne,Winston Abraham,10,2,7,2,0,1,0
1998,16,1998-07-19,Subiaco,West Coast,North Melbourne,North Melbourne,Brady Anderson,7,2,3,0,2,0,0
1998,16,1998-07-19,Subiaco,West Coast,North Melbourne,North Melbourne,Glenn Archer,8,5,3,0,0,0,1
1998,16,1998-07-19,Subiaco,West Coast,North Melbourne,North Melbourne,Peter Bell,7,0,13,1,0,0,0
1998,16,1998-07-19,Subiaco,West Coast,North Melbourne,North Melbourne,John Blakey,7,1,3,0,0,0,0
1998,16,1998-07-19,Subiaco,West Coast,North Melbourne,North Melbourne,Wayne Carey,18,11,2,5,1,1,1
1998,16,1998-07-19,Subiaco,West Coast,North Melbourne,North Melbourne,Brett Chandler,1,0,1,0,0,0,0
1998,16,1998-07-19,Subiaco,West Coast,North Melbourne,North Melbourne,Darren Crocker,4,2,1,0,0,0,1
1998,16,1998-07-19,Subiaco,West Coast,North Melbourne,North Melbourne,Shannon Grant,0,0,2,0,0,0,0
1998,16,1998-07-19,Subiaco,West Coast,North Melbourne,North Melbourne,Brent Harvey,6,1,5,0,0,0,0
1998,16,1998-07-19,Subiaco,West Coast,North Melbourne,North Melbourne,Evan Hewitt,8,2,3,0,1,8,0
1998,16,1998-07-19,Subiaco,West Coast,North Melbourne,North Melbourne,David King,18,1,4,1,3,0,1
1998,16,1998-07-19,Subiaco,West Coast,North Melbourne,North Melbourne,Mick Martyn,5,1,1,0,0,0,0
1998,16,1998-07-19,Subiaco,West Coast,North Melbourne,North Melbourne,Corey McKernan,7,3,1,0,0,14,1
1998,16,1998-07-19,Subiaco,West Coast,North Melbourne,North Melbourne,Byron Pickett,12,5,1,0,1,3,3
1998,16,1998-07-19,Subiaco,West Coast,North Melbourne,North Melbourne,Martin Pike,12,3,4,0,0,0,2
1998,16,1998-07-19,Subiaco,West Coast,North Melbourne,North Melbourne,Mark Roberts,9,1,2,0,1,2,0
1998,16,1998-07-19,Subiaco,West Coast,North Melbourne,North Melbourne,Anthony Rock,12,4,5,2,0,0,2
1998,16,1998-07-19,Subiaco,West Coast,North Melbourne,North Melbourne,Robert Scott,9,1,2,1,0,0,3
1998,16,1998-07-19,Subiaco,West Coast,North Melbourne,North Melbourne,Craig Sholl,8,7,4,1,0,3,0
1998,16,1998-07-19,Subiaco,West Coast,North Melbourne,North Melbourne,Adam Simpson,8,0,2,0,1,0,1
1998,16,1998-07-19,Subiaco,West Coast,North Melbourne,North Melbourne,Anthony Stevens,20,5,5,0,0,0,6
1998,17,1998-07-24,Subiaco,Fremantle,Adelaide,Fremantle,Chris Bond,11,3,5,0,0,0,2
1998,17,1998-07-24,Subiaco,Fremantle,Adelaide,Fremantle,Michael Brown,11,8,3,4,2,2,3
1998,17,1998-07-24,Subiaco,Fremantle,Adelaide,Fremantle,Matthew Burton,4,1,5,1,0,22,0
1998,17,1998-07-24,Subiaco,Fremantle,Adelaide,Fremantle,Craig Callaghan,15,5,6,2,2,0,5
1998,17,1998-07-24,Subiaco,Fremantle,Adelaide,Fremantle,Trent Carroll,7,3,4,1,1,1,0
1998,17,1998-07-24,Subiaco,Fremantle,Adelaide,Fremantle,Scott Chisholm,10,5,6,1,1,0,2
1998,17,1998-07-24,Subiaco,Fremantle,Adelaide,Fremantle,James Clement,3,1,3,0,0,0,1
1998,17,1998-07-24,Subiaco,Fremantle,Adelaide,Fremantle,Brad Dodd,8,2,4,0,1,0,0
1998,17,1998-07-24,Subiaco,Fremantle,Adelaide,Fremantle,Adrian Fletcher,22,6,4,2,0,0,1
1998,17,1998-07-24,Subiaco,Fremantle,Adelaide,Fremantle,Mark Gale,9,1,3,0,0,0,0
1998,17,1998-07-24,Subiaco,Fremantle,Adelaide,Fremantle,Dale Kickett,9,1,3,1,1,0,1
1998,17,1998-07-24,Subiaco,Fremantle,Adelaide,Fremantle,Paul Maher,2,2,2,0,0,0,1
1998,17,1998-07-24,Subiaco,Fremantle,Adelaide,Fremantle,Peter Mann,6,1,7,0,0,3,0
1998,17,1998-07-24,Subiaco,Fremantle,Adelaide,Fremantle,Andrew McGovern,5,1,7,0,0,0,1
1998,17,1998-07-24,Subiaco,Fremantle,Adelaide,Fremantle,Clem Michael,1,1,5,0,0,8,0
1998,17,1998-07-24,Subiaco,Fremantle,Adelaide,Fremantle,Jason Norrish,16,5,14,0,1,0,1
1998,17,1998-07-24,Subiaco,Fremantle,Adelaide,Fremantle,Stephen OReilly,6,0,1,0,0,0,0
1998,17,1998-07-24,Subiaco,Fremantle,Adelaide,Fremantle,Shane Parker,4,3,5,0,0,0,1
1998,17,1998-07-24,Subiaco,Fremantle,Adelaide,Fremantle,Jess Sinclair,10,2,4,0,0,0,2
1998,17,1998-07-24,Subiaco,Fremantle,Adelaide,Fremantle,Luke Toia,6,0,5,0,0,0,2
1998,17,1998-07-24,Subiaco,Fremantle,Adelaide,Fremantle,Clive Waterhouse,4,2,5,1,1,1,1
1998,17,1998-07-24,Subiaco,Fremantle,Adelaide,Fremantle,Andrew Wills,16,4,4,1,0,0,0
1998,17,1998-07-24,Subiaco,Fremantle,Adelaide,Adelaide,Nathan Bassett,9,3,2,0,0,0,2
1998,17,1998-07-24,Subiaco,Fremantle,Adelaide,Adelaide,Mark Bickley,14,3,9,0,0,0,1
1998,17,1998-07-24,Subiaco,Fremantle,Adelaide,Adelaide,Peter Caven,7,4,2,0,0,0,2
1998,17,1998-07-24,Subiaco,Fremantle,Adelaide,Adelaide,Matthew Connell,17,3,4,1,1,0,2
1998,17,1998-07-24,Subiaco,Fremantle,Adelaide,Adelaide,Tyson Edwards,7,2,3,0,0,0,2
1998,17,1998-07-24,Subiaco,Fremantle,Adelaide,Adelaide,Simon Goodwin,7,3,4,0,0,0,1
1998,17,1998-07-24,Subiaco,Fremantle,Adelaide,Adelaide,Ben Hart,4,2,4,0,0,0,1
1998,17,1998-07-24,Subiaco,Fremantle,Adelaide,Adelaide,Brett James,11,3,8,0,0,0,1
1998,17,1998-07-24,Subiaco,Fremantle,Adelaide,Adelaide,Darren Jarman,14,8,2,8,1,0,2
1998,17,1998-07-24,Subiaco,Fremantle,Adelaide,Adelaide,Kane Johnson,8,2,3,0,0,0,0
1998,17,1998-07-24,Subiaco,Fremantle,Adelaide,Adelaide,Kym Koster,14,4,8,0,1,0,0
1998,17,1998-07-24,Subiaco,Fremantle,Adelaide,Adelaide,Ben Marsh,3,3,2,0,0,5,0
1998,17,1998-07-24,Subiaco,Fremantle,Adelaide,Adelaide,Tony Modra,5,0,3,1,0,0,0
1998,17,1998-07-24,Subiaco,Fremantle,Adelaide,Adelaide,Trent Ormond-Allen,4,1,2,0,0,0,1
1998,17,1998-07-24,Subiaco,Fremantle,Adelaide,Adelaide,Ian Perrie,6,1,2,0,0,0,1
1998,17,1998-07-24,Subiaco,Fremantle,Adelaide,Adelaide,David Pittman,5,5,7,0,0,26,1
1998,17,1998-07-24,Subiaco,Fremantle,Adelaide,Adelaide,Shaun Rehn,9,5,4,1,2,9,0
1998,17,1998-07-24,Subiaco,Fremantle,Adelaide,Adelaide,Mark Ricciuto,18,8,14,0,0,0,0
1998,17,1998-07-24,Subiaco,Fremantle,Adelaide,Adelaide,Clay Sampson,5,0,4,1,0,0,2
1998,17,1998-07-24,Subiaco,Fremantle,Adelaide,Adelaide,Nigel Smart,9,1,2,1,0,2,0
1998,17,1998-07-24,Subiaco,Fremantle,Adelaide,Adelaide,Simon Tregenza,0,0,4,0,0,0,0
1998,17,1998-07-24,Subiaco,Fremantle,Adelaide,Adelaide,Peter Vardy,5,2,1,2,0,0,0
1998,17,1998-07-25,Princes Park,Carlton,Western Bulldogs,Carlton,Matthew Allan,6,4,4,0,1,20,1
1998,17,1998-07-25,Princes Park,Carlton,Western Bulldogs,Carlton,Simon Beaumont,8,5,6,2,0,0,1
1998,17,1998-07-25,Princes Park,Carlton,Western Bulldogs,Carlton,Craig Bradley,11,3,6,3,0,2,2
1998,17,1998-07-25,Princes Park,Carlton,Western Bulldogs,Carlton,Fraser Brown,20,5,14,0,1,0,1
1998,17,1998-07-25,Princes Park,Carlton,Western Bulldogs,Carlton,Scott Camporeale,14,4,6,1,2,0,1
1998,17,1998-07-25,Princes Park,Carlton,Western Bulldogs,Carlton,Ron De Iulio,20,8,3,3,1,0,2
1998,17,1998-07-25,Princes Park,Carlton,Western Bulldogs,Carlton,Anthony Franchina,7,2,6,0,0,0,1
1998,17,1998-07-25,Princes Park,Carlton,Western Bulldogs,Carlton,Aaron Hamill,5,3,2,4,0,0,1
1998,17,1998-07-25,Princes Park,Carlton,Western Bulldogs,Carlton,Matthew Hogg,1,2,5,0,0,0,0
1998,17,1998-07-25,Princes Park,Carlton,Western Bulldogs,Carlton,Anthony Koutoufides,9,2,4,0,0,0,0
1998,17,1998-07-25,Princes Park,Carlton,Western Bulldogs,Carlton,Glenn Manton,8,9,11,3,0,1,2
1998,17,1998-07-25,Princes Park,Carlton,Western Bulldogs,Carlton,Kris Massie,5,3,1,1,0,0,0
1998,17,1998-07-25,Princes Park,Carlton,Western Bulldogs,Carlton,Andrew McKay,11,5,9,1,0,0,2
1998,17,1998-07-25,Princes Park,Carlton,Western Bulldogs,Carlton,Justin Murphy,12,5,15,0,0,0,1
1998,17,1998-07-25,Princes Park,Carlton,Western Bulldogs,Carlton,Brad Pearce,7,1,1,1,0,0,2
1998,17,1998-07-25,Princes Park,Carlton,Western Bulldogs,Carlton,Mark Porter,1,0,5,0,0,6,3
1998,17,1998-07-25,Princes Park,Carlton,Western Bulldogs,Carlton,Brett Ratten,9,2,13,0,0,0,5
1998,17,1998-07-25,Princes Park,Carlton,Western Bulldogs,Carlton,Dean Rice,11,4,4,1,0,0,0
1998,17,1998-07-25,Princes Park,Carlton,Western Bulldogs,Carlton,Michael Sexton,12,7,11,1,1,0,1
1998,17,1998-07-25,Princes Park,Carlton,Western Bulldogs,Carlton,Stephen Silvagni,11,4,3,0,0,0,3
1998,17,1998-07-25,Princes Park,Carlton,Western Bulldogs,Carlton,Adam White,3,2,12,0,0,0,1
1998,17,1998-07-25,Princes Park,Carlton,Western Bulldogs,Carlton,Lance Whitnall,14,10,7,8,1,0,1
1998,17,1998-07-25,Princes Park,Carlton,Western Bulldogs,Western Bulldogs,Leon Cameron,11,3,4,0,0,0,0
1998,17,1998-07-25,Princes Park,Carlton,Western Bulldogs,Western Bulldogs,James Cook,4,3,0,1,2,0,0
1998,17,1998-07-25,Princes Park,Carlton,Western Bulldogs,Western Bulldogs,Matthew Croft,4,5,6,0,0,0,1
1998,17,1998-07-25,Princes Park,Carlton,Western Bulldogs,Western Bulldogs,Todd Curley,10,6,6,2,1,1,1
1998,17,1998-07-25,Princes Park,Carlton,Western Bulldogs,Western Bulldogs,Luke Darcy,9,3,3,2,0,5,2
1998,17,1998-07-25,Princes Park,Carlton,Western Bulldogs,Western Bulldogs,Matthew Dent,12,5,3,0,0,0,1
1998,17,1998-07-25,Princes Park,Carlton,Western Bulldogs,Western Bulldogs,Paul Dimattina,8,2,7,0,0,0,1
1998,17,1998-07-25,Princes Park,Carlton,Western Bulldogs,Western Bulldogs,Craig Ellis,3,3,3,0,0,0,4
1998,17,1998-07-25,Princes Park,Carlton,Western Bulldogs,Western Bulldogs,Simon Garlick,9,3,4,0,0,0,2
1998,17,1998-07-25,Princes Park,Carlton,Western Bulldogs,Western Bulldogs,Chris Grant,14,6,4,2,4,0,0
1998,17,1998-07-25,Princes Park,Carlton,Western Bulldogs,Western Bulldogs,Paul Hudson,7,3,1,3,1,0,2
1998,17,1998-07-25,Princes Park,Carlton,Western Bulldogs,Western Bulldogs,Brad Johnson,16,3,4,2,0,0,0
1998,17,1998-07-25,Princes Park,Carlton,Western Bulldogs,Western Bulldogs,Steven Kolyniuk,9,2,3,0,0,0,2
1998,17,1998-07-25,Princes Park,Carlton,Western Bulldogs,Western Bulldogs,Steven Kretiuk,1,1,5,0,0,0,4
1998,17,1998-07-25,Princes Park,Carlton,Western Bulldogs,Western Bulldogs,Tyson Lane,6,5,2,1,2,0,3
1998,17,1998-07-25,Princes Park,Carlton,Western Bulldogs,Western Bulldogs,Michael Martin,4,0,4,0,0,0,2
1998,17,1998-07-25,Princes Park,Carlton,Western Bulldogs,Western Bulldogs,Brett Montgomery,7,4,5,1,0,0,3
1998,17,1998-07-25,Princes Park,Carlton,Western Bulldogs,Western Bulldogs,Jose Romero,12,4,1,1,1,0,4
1998,17,1998-07-25,Princes Park,Carlton,Western Bulldogs,Western Bulldogs,Rohan Smith,2,2,2,0,0,0,3
1998,17,1998-07-25,Princes Park,Carlton,Western Bulldogs,Western Bulldogs,Scott West,16,3,11,0,1,0,3
1998,17,1998-07-25,Princes Park,Carlton,Western Bulldogs,Western Bulldogs,Brad Wira,5,2,3,0,0,0,0
1998,17,1998-07-25,Princes Park,Carlton,Western Bulldogs,Western Bulldogs,Scott Wynd,1,3,13,0,0,21,0
1998,17,1998-07-25,Victoria Park,Collingwood,West Coast,Collingwood,Gavin Brown,13,5,5,0,1,0,3
1998,17,1998-07-25,Victoria Park,Collingwood,West Coast,Collingwood,Scott Burns,19,7,9,1,0,0,1
1998,17,1998-07-25,Victoria Park,Collingwood,West Coast,Collingwood,Gavin Crosisca,10,1,3,0,0,0,2
1998,17,1998-07-25,Victoria Park,Collingwood,West Coast,Collingwood,Scott Crow,20,7,8,2,0,0,4
1998,17,1998-07-25,Victoria Park,Collingwood,West Coast,Collingwood,Tony Francis,5,0,5,0,0,0,0
1998,17,1998-07-25,Victoria Park,Collingwood,West Coast,Collingwood,Luke Godden,9,4,5,0,0,0,3
1998,17,1998-07-25,Victoria Park,Collingwood,West Coast,Collingwood,Clinton King,12,3,9,1,1,0,2
1998,17,1998-07-25,Victoria Park,Collingwood,West Coast,Collingwood,Chad Liddell,1,0,0,0,0,0,0
1998,17,1998-07-25,Victoria Park,Collingwood,West Coast,Collingwood,Josh Mahoney,3,2,6,1,0,0,5
1998,17,1998-07-25,Victoria Park,Collingwood,West Coast,Collingwood,Mal Michael,8,2,6,0,0,1,0
1998,17,1998-07-25,Victoria Park,Collingwood,West Coast,Collingwood,Damian Monkhorst,1,3,9,0,0,22,0
1998,17,1998-07-25,Victoria Park,Collingwood,West Coast,Collingwood,Stephen Patterson,15,3,5,1,1,0,2
1998,17,1998-07-25,Victoria Park,Collingwood,West Coast,Collingwood,Simon Prestigiacomo,7,4,5,1,0,0,2
1998,17,1998-07-25,Victoria Park,Collingwood,West Coast,Collingwood,Frankie Raso,7,2,3,0,0,0,0
1998,17,1998-07-25,Victoria Park,Collingwood,West Coast,Collingwood,Anthony Rocca,4,3,3,1,0,1,1
1998,17,1998-07-25,Victoria Park,Collingwood,West Coast,Collingwood,Saverio Rocca,11,5,3,0,3,10,0
1998,17,1998-07-25,Victoria Park,Collingwood,West Coast,Collingwood,Andrew Schauble,14,12,6,0,0,2,3
1998,17,1998-07-25,Victoria Park,Collingwood,West Coast,Collingwood,Brent Tuckey,4,3,3,0,0,4,0
1998,17,1998-07-25,Victoria Park,Collingwood,West Coast,Collingwood,Shane Watson,8,7,7,0,3,0,0
1998,17,1998-07-25,Victoria Park,Collingwood,West Coast,Collingwood,Jason Wild,5,1,3,1,0,0,1
1998,17,1998-07-25,Victoria Park,Collingwood,West Coast,Collingwood,Paul Williams,23,5,6,0,1,0,1
1998,17,1998-07-25,Victoria Park,Collingwood,West Coast,Collingwood,Graham Wright,3,0,5,0,0,1,0
1998,17,1998-07-25,Victoria Park,Collingwood,West Coast,West Coast,Jason Ball,7,1,2,2,1,9,3
1998,17,1998-07-25,Victoria Park,Collingwood,West Coast,West Coast,Drew Banfield,9,3,8,3,0,0,3
1998,17,1998-07-25,Victoria Park,Collingwood,West Coast,West Coast,Michael Braun,19,6,4,0,0,0,5
1998,17,1998-07-25,Victoria Park,Collingwood,West Coast,West Coast,Ben Cousins,13,4,12,1,0,0,2
1998,17,1998-07-25,Victoria Park,Collingwood,West Coast,West Coast,Brendon Fewster,10,6,15,1,0,16,4
1998,17,1998-07-25,Victoria Park,Collingwood,West Coast,West Coast,Fraser Gehrig,16,9,3,2,2,0,0
1998,17,1998-07-25,Victoria Park,Collingwood,West Coast,West Coast,Brett Heady,13,5,7,1,1,1,4
1998,17,1998-07-25,Victoria Park,Collingwood,West Coast,West Coast,Glen Jakovich,10,5,8,0,0,3,1
1998,17,1998-07-25,Victoria Park,Collingwood,West Coast,West Coast,Andy Lovell,6,2,4,0,0,0,3
1998,17,1998-07-25,Victoria Park,Collingwood,West Coast,West Coast,Neil Marshall,4,0,7,0,0,0,3
1998,17,1998-07-25,Victoria Park,Collingwood,West Coast,West Coast,Phillip Matera,8,3,3,1,0,0,2
1998,17,1998-07-25,Victoria Park,Collingwood,West Coast,West Coast,Ashley McIntosh,7,3,7,0,0,1,3
1998,17,1998-07-25,Victoria Park,Collingwood,West Coast,West Coast,Guy McKenna,13,8,10,0,0,0,5
1998,17,1998-07-25,Victoria Park,Collingwood,West Coast,West Coast,Chad Morrison,12,4,3,0,0,0,1
1998,17,1998-07-25,Victoria Park,Collingwood,West Coast,West Coast,Phillip Read,6,6,9,2,0,0,0
1998,17,1998-07-25,Victoria Park,Collingwood,West Coast,West Coast,Jarrad Schofield,16,3,10,0,1,0,1
1998,17,1998-07-25,Victoria Park,Collingwood,West Coast,West Coast,Nicholas Stone,0,0,0,0,0,0,1
1998,17,1998-07-25,Victoria Park,Collingwood,West Coast,West Coast,Paul Symmons,5,3,7,0,0,0,6
1998,17,1998-07-25,Victoria Park,Collingwood,West Coast,West Coast,Chris Waterman,14,3,5,0,0,0,1
1998,17,1998-07-25,Victoria Park,Collingwood,West Coast,West Coast,Mitchell White,8,6,4,0,0,0,1
1998,17,1998-07-25,Victoria Park,Collingwood,West Coast,West Coast,Andrew Williams,2,1,2,0,0,0,1
1998,17,1998-07-25,Victoria Park,Collingwood,West Coast,West Coast,John Worsfold,8,3,4,0,0,0,4
1998,17,1998-07-25,M.C.G.,North Melbourne,Melbourne,North Melbourne,Winston Abraham,9,3,4,1,2,0,2
1998,17,1998-07-25,M.C.G.,North Melbourne,Melbourne,North Melbourne,Brady Anderson,1,0,0,0,0,0,0
1998,17,1998-07-25,M.C.G.,North Melbourne,Melbourne,North Melbourne,Peter Bell,3,2,6,0,0,0,1
1998,17,1998-07-25,M.C.G.,North Melbourne,Melbourne,North Melbourne,John Blakey,13,8,5,1,0,0,2
1998,17,1998-07-25,M.C.G.,North Melbourne,Melbourne,North Melbourne,Wayne Carey,21,11,3,8,4,1,4
1998,17,1998-07-25,M.C.G.,North Melbourne,Melbourne,North Melbourne,Brett Chandler,3,0,5,1,1,0,5
1998,17,1998-07-25,M.C.G.,North Melbourne,Melbourne,North Melbourne,Darren Crocker,3,1,3,0,0,0,0
1998,17,1998-07-25,M.C.G.,North Melbourne,Melbourne,North Melbourne,Shannon Grant,12,5,7,5,1,0,2
1998,17,1998-07-25,M.C.G.,North Melbourne,Melbourne,North Melbourne,Brent Harvey,13,2,3,1,1,0,3
1998,17,1998-07-25,M.C.G.,North Melbourne,Melbourne,North Melbourne,Evan Hewitt,5,3,4,1,0,2,0
1998,17,1998-07-25,M.C.G.,North Melbourne,Melbourne,North Melbourne,David King,16,3,2,2,1,0,3
1998,17,1998-07-25,M.C.G.,North Melbourne,Melbourne,North Melbourne,John Longmire,7,1,3,0,0,8,1
1998,17,1998-07-25,M.C.G.,North Melbourne,Melbourne,North Melbourne,Mick Martyn,8,5,4,0,0,2,1
1998,17,1998-07-25,M.C.G.,North Melbourne,Melbourne,North Melbourne,Corey McKernan,8,5,4,0,1,19,2
1998,17,1998-07-25,M.C.G.,North Melbourne,Melbourne,North Melbourne,Byron Pickett,6,0,5,0,0,1,5
1998,17,1998-07-25,M.C.G.,North Melbourne,Melbourne,North Melbourne,Martin Pike,14,3,4,0,0,0,3
1998,17,1998-07-25,M.C.G.,North Melbourne,Melbourne,North Melbourne,Mark Roberts,13,9,7,1,1,0,0
1998,17,1998-07-25,M.C.G.,North Melbourne,Melbourne,North Melbourne,Anthony Rock,12,2,8,0,1,0,2
1998,17,1998-07-25,M.C.G.,North Melbourne,Melbourne,North Melbourne,Robert Scott,13,3,6,0,0,0,2
1998,17,1998-07-25,M.C.G.,North Melbourne,Melbourne,North Melbourne,Craig Sholl,10,6,2,0,2,0,0
1998,17,1998-07-25,M.C.G.,North Melbourne,Melbourne,North Melbourne,Adam Simpson,6,2,6,1,2,0,3
1998,17,1998-07-25,M.C.G.,North Melbourne,Melbourne,North Melbourne,Anthony Stevens,24,5,4,0,0,0,3
1998,17,1998-07-25,M.C.G.,North Melbourne,Melbourne,Melbourne,Jeff Farmer,7,5,4,2,1,0,0
1998,17,1998-07-25,M.C.G.,North Melbourne,Melbourne,Melbourne,Matthew Febey,13,7,8,2,0,0,1
1998,17,1998-07-25,M.C.G.,North Melbourne,Melbourne,Melbourne,Steven Febey,16,5,5,0,0,0,1
1998,17,1998-07-25,M.C.G.,North Melbourne,Melbourne,Melbourne,Anthony Ingerson,4,6,7,0,0,4,0
1998,17,1998-07-25,M.C.G.,North Melbourne,Melbourne,Melbourne,Travis Johnstone,2,0,0,0,0,0,0
1998,17,1998-07-25,M.C.G.,North Melbourne,Melbourne,Melbourne,Darren Kowal,12,6,9,0,0,0,1
1998,17,1998-07-25,M.C.G.,North Melbourne,Melbourne,Melbourne,Andrew Leoncelli,10,2,4,0,0,0,5
1998,17,1998-07-25,M.C.G.,North Melbourne,Melbourne,Melbourne,Garry Lyon,10,6,3,3,0,0,0
1998,17,1998-07-25,M.C.G.,North Melbourne,Melbourne,Melbourne,Anthony McDonald,9,6,10,0,1,0,7
1998,17,1998-07-25,M.C.G.,North Melbourne,Melbourne,Melbourne,James McDonald,12,7,5,0,1,0,2
1998,17,1998-07-25,M.C.G.,North Melbourne,Melbourne,Melbourne,David Neitz,11,5,3,4,2,4,1
1998,17,1998-07-25,M.C.G.,North Melbourne,Melbourne,Melbourne,Guy Rigoni,10,2,3,1,1,0,0
1998,17,1998-07-25,M.C.G.,North Melbourne,Melbourne,Melbourne,Russell Robertson,1,2,1,0,0,0,1
1998,17,1998-07-25,M.C.G.,North Melbourne,Melbourne,Melbourne,Marcus Seecamp,6,3,6,0,0,0,2
1998,17,1998-07-25,M.C.G.,North Melbourne,Melbourne,Melbourne,Jamie Shanahan,2,2,3,0,0,0,0
1998,17,1998-07-25,M.C.G.,North Melbourne,Melbourne,Melbourne,Shaun Smith,0,1,0,0,0,0,0
1998,17,1998-07-25,M.C.G.,North Melbourne,Melbourne,Melbourne,Jim Stynes,4,2,3,0,0,9,0
1998,17,1998-07-25,M.C.G.,North Melbourne,Melbourne,Melbourne,Stephen Tingay,15,5,6,0,1,0,2
1998,17,1998-07-25,M.C.G.,North Melbourne,Melbourne,Melbourne,Todd Viney,12,6,7,1,0,0,2
1998,17,1998-07-25,M.C.G.,North Melbourne,Melbourne,Melbourne,Jeff White,10,5,4,0,2,25,0
1998,17,1998-07-25,M.C.G.,North Melbourne,Melbourne,Melbourne,Shane Woewodin,12,6,4,0,0,0,1
1998,17,1998-07-25,M.C.G.,North Melbourne,Melbourne,Melbourne,Adem Yze,7,1,0,0,0,0,0
1998,17,1998-07-25,Football Park,Port Adelaide,Hawthorn,Port Adelaide,Matthew Bode,8,3,3,1,1,0,0
1998,17,1998-07-25,Football Park,Port Adelaide,Hawthorn,Port Adelaide,Shane Bond,8,2,5,0,0,0,1
1998,17,1998-07-25,Football Park,Port Adelaide,Hawthorn,Port Adelaide,Shayne Breuer,7,1,4,2,0,0,0
1998,17,1998-07-25,Football Park,Port Adelaide,Hawthorn,Port Adelaide,Brett Chalmers,2,1,0,0,0,0,0
1998,17,1998-07-25,Football Park,Port Adelaide,Hawthorn,Port Adelaide,Stephen Daniels,2,1,2,0,0,0,2
1998,17,1998-07-25,Football Park,Port Adelaide,Hawthorn,Port Adelaide,Stuart Dew,11,2,4,3,1,0,1
1998,17,1998-07-25,Football Park,Port Adelaide,Hawthorn,Port Adelaide,Donald Dickie,4,0,5,0,0,0,3
1998,17,1998-07-25,Football Park,Port Adelaide,Hawthorn,Port Adelaide,Nathan Eagleton,14,5,3,3,0,0,1
1998,17,1998-07-25,Football Park,Port Adelaide,Hawthorn,Port Adelaide,Josh Francou,7,0,2,2,0,0,2
1998,17,1998-07-25,Football Park,Port Adelaide,Hawthorn,Port Adelaide,Adam Heuskes,12,3,7,0,0,0,1
1998,17,1998-07-25,Football Park,Port Adelaide,Hawthorn,Port Adelaide,Adam Kingsley,17,3,5,1,0,2,1
1998,17,1998-07-25,Football Park,Port Adelaide,Hawthorn,Port Adelaide,Brendon Lade,14,10,4,2,3,13,1
1998,17,1998-07-25,Football Park,Port Adelaide,Hawthorn,Port Adelaide,Bowen Lockwood,10,3,7,0,2,1,1
1998,17,1998-07-25,Football Park,Port Adelaide,Hawthorn,Port Adelaide,Brayden Lyle,10,3,5,0,0,0,1
1998,17,1998-07-25,Football Park,Port Adelaide,Hawthorn,Port Adelaide,Darren Mead,4,1,6,0,0,5,2
1998,17,1998-07-25,Football Park,Port Adelaide,Hawthorn,Port Adelaide,Chris Naish,7,2,3,1,0,0,0
1998,17,1998-07-25,Football Park,Port Adelaide,Hawthorn,Port Adelaide,Stephen Paxman,5,2,3,1,0,2,0
1998,17,1998-07-25,Football Park,Port Adelaide,Hawthorn,Port Adelaide,Matthew Primus,7,3,6,0,1,21,1
1998,17,1998-07-25,Football Park,Port Adelaide,Hawthorn,Port Adelaide,Nick Stevens,12,3,3,1,1,0,0
1998,17,1998-07-25,Football Park,Port Adelaide,Hawthorn,Port Adelaide,Warren Tredrea,7,1,3,0,0,0,2
1998,17,1998-07-25,Football Park,Port Adelaide,Hawthorn,Port Adelaide,Gavin Wanganeen,1,0,0,0,0,0,0
1998,17,1998-07-25,Football Park,Port Adelaide,Hawthorn,Port Adelaide,Michael Wilson,11,3,8,1,0,1,5
1998,17,1998-07-25,Football Park,Port Adelaide,Hawthorn,Hawthorn,Daniel Chick,5,1,6,3,0,2,6
1998,17,1998-07-25,Football Park,Port Adelaide,Hawthorn,Hawthorn,Justin Crawford,10,3,4,2,2,0,0
1998,17,1998-07-25,Football Park,Port Adelaide,Hawthorn,Hawthorn,Trent Croad,8,2,4,0,0,0,1
1998,17,1998-07-25,Football Park,Port Adelaide,Hawthorn,Hawthorn,Ben Dixon,2,3,5,1,1,0,2
1998,17,1998-07-25,Football Park,Port Adelaide,Hawthorn,Hawthorn,Mark Graham,10,5,3,1,0,0,1
1998,17,1998-07-25,Football Park,Port Adelaide,Hawthorn,Hawthorn,Jon Hassall,13,3,6,0,1,1,1
1998,17,1998-07-25,Football Park,Port Adelaide,Hawthorn,Hawthorn,Jonathan Hay,9,3,6,0,0,1,2
1998,17,1998-07-25,Football Park,Port Adelaide,Hawthorn,Hawthorn,Nick Holland,8,6,2,5,2,2,0
1998,17,1998-07-25,Football Park,Port Adelaide,Hawthorn,Hawthorn,Darren Kappler,14,4,1,0,0,0,0
1998,17,1998-07-25,Football Park,Port Adelaide,Hawthorn,Hawthorn,Brendan Krummel,5,4,4,1,1,1,0
1998,17,1998-07-25,Football Park,Port Adelaide,Hawthorn,Hawthorn,Angelo Lekkas,11,3,4,0,0,0,3
1998,17,1998-07-25,Football Park,Port Adelaide,Hawthorn,Hawthorn,Brad Lloyd,4,0,3,0,0,0,2
1998,17,1998-07-25,Football Park,Port Adelaide,Hawthorn,Hawthorn,Aaron Lord,13,6,9,0,0,0,0
1998,17,1998-07-25,Football Park,Port Adelaide,Hawthorn,Hawthorn,Luke McCabe,9,3,1,0,0,0,2
1998,17,1998-07-25,Football Park,Port Adelaide,Hawthorn,Hawthorn,Chris Obst,5,1,5,0,0,0,1
1998,17,1998-07-25,Football Park,Port Adelaide,Hawthorn,Hawthorn,Jade Rawlings,4,1,1,0,0,0,0
1998,17,1998-07-25,Football Park,Port Adelaide,Hawthorn,Hawthorn,Jonathon Robran,2,2,3,0,0,0,1
1998,17,1998-07-25,Football Park,Port Adelaide,Hawthorn,Hawthorn,Paul Salmon,12,10,10,2,0,19,1
1998,17,1998-07-25,Football Park,Port Adelaide,Hawthorn,Hawthorn,Richard Taylor,14,1,6,0,0,0,4
1998,17,1998-07-25,Football Park,Port Adelaide,Hawthorn,Hawthorn,Craig Treleven,18,5,7,0,0,0,1
1998,17,1998-07-25,Football Park,Port Adelaide,Hawthorn,Hawthorn,Richard Vandenberg,3,0,0,0,0,0,0
1998,17,1998-07-25,Football Park,Port Adelaide,Hawthorn,Hawthorn,Tony Woods,8,0,9,0,0,0,5
1998,17,1998-07-26,Waverley Park,St Kilda,Essendon,St Kilda,Luke Beveridge,7,4,4,1,0,0,2
1998,17,1998-07-26,Waverley Park,St Kilda,Essendon,St Kilda,Tony Brown,8,5,9,2,0,0,0
1998,17,1998-07-26,Waverley Park,St Kilda,Essendon,St Kilda,Nathan Burke,14,5,4,0,0,0,4
1998,17,1998-07-26,Waverley Park,St Kilda,Essendon,St Kilda,Brad Campbell,11,4,6,0,0,0,3
1998,17,1998-07-26,Waverley Park,St Kilda,Essendon,St Kilda,Brett Cook,3,3,2,0,0,11,1
1998,17,1998-07-26,Waverley Park,St Kilda,Essendon,St Kilda,Tim Elliott,1,0,2,0,0,6,3
1998,17,1998-07-26,Waverley Park,St Kilda,Essendon,St Kilda,Peter Everitt,12,5,3,2,3,19,1
1998,17,1998-07-26,Waverley Park,St Kilda,Essendon,St Kilda,Barry Hall,3,2,4,2,0,2,2
1998,17,1998-07-26,Waverley Park,St Kilda,Essendon,St Kilda,Robert Harvey,26,2,7,0,0,0,3
1998,17,1998-07-26,Waverley Park,St Kilda,Essendon,St Kilda,Daniel Healy,11,4,5,0,0,0,2
1998,17,1998-07-26,Waverley Park,St Kilda,Essendon,St Kilda,Jason Heatley,7,4,3,3,1,1,2
1998,17,1998-07-26,Waverley Park,St Kilda,Essendon,St Kilda,Max Hudghton,10,5,5,0,0,0,1
1998,17,1998-07-26,Waverley Park,St Kilda,Essendon,St Kilda,Austinn Jones,10,3,2,1,1,0,0
1998,17,1998-07-26,Waverley Park,St Kilda,Essendon,St Kilda,Matthew Lappin,1,0,1,0,0,0,0
1998,17,1998-07-26,Waverley Park,St Kilda,Essendon,St Kilda,Gavin Mitchell,10,0,4,0,0,0,5
1998,17,1998-07-26,Waverley Park,St Kilda,Essendon,St Kilda,David Sierakowski,5,1,4,0,0,4,3
1998,17,1998-07-26,Waverley Park,St Kilda,Essendon,St Kilda,Steven Sziller,15,11,2,1,1,0,0
1998,17,1998-07-26,Waverley Park,St Kilda,Essendon,St Kilda,Andrew Thompson,3,0,7,1,0,0,2
1998,17,1998-07-26,Waverley Park,St Kilda,Essendon,St Kilda,Darryl Wakelin,9,9,7,0,0,0,1
1998,17,1998-07-26,Waverley Park,St Kilda,Essendon,St Kilda,Shane Wakelin,11,3,2,0,0,1,0
1998,17,1998-07-26,Waverley Park,St Kilda,Essendon,St Kilda,Nicky Winmar,16,4,4,0,0,0,2
1998,17,1998-07-26,Waverley Park,St Kilda,Essendon,St Kilda,Matthew Young,15,3,1,0,0,0,2
1998,17,1998-07-26,Waverley Park,St Kilda,Essendon,Essendon,Steven Alessio,0,1,2,0,0,7,2
1998,17,1998-07-26,Waverley Park,St Kilda,Essendon,Essendon,Paul Barnard,5,4,5,1,0,1,2
1998,17,1998-07-26,Waverley Park,St Kilda,Essendon,Essendon,Peter Berbakov,5,2,2,0,0,0,0
1998,17,1998-07-26,Waverley Park,St Kilda,Essendon,Essendon,Darren Bewick,18,3,2,3,0,0,0
1998,17,1998-07-26,Waverley Park,St Kilda,Essendon,Essendon,Justin Blumfield,13,5,5,0,0,0,1
1998,17,1998-07-26,Waverley Park,St Kilda,Essendon,Essendon,David Calthorpe,13,3,4,1,2,1,2
1998,17,1998-07-26,Waverley Park,St Kilda,Essendon,Essendon,Sean Denham,12,3,12,0,0,0,4
1998,17,1998-07-26,Waverley Park,St Kilda,Essendon,Essendon,Dustin Fletcher,12,3,4,0,0,4,1
1998,17,1998-07-26,Waverley Park,St Kilda,Essendon,Essendon,Mark Fraser,6,4,11,0,0,0,4
1998,17,1998-07-26,Waverley Park,St Kilda,Essendon,Essendon,Damien Hardwick,13,4,4,0,0,0,3
1998,17,1998-07-26,Waverley Park,St Kilda,Essendon,Essendon,James Hird,10,2,9,0,0,1,4
1998,17,1998-07-26,Waverley Park,St Kilda,Essendon,Essendon,Jason Johnson,2,1,4,0,0,0,1
1998,17,1998-07-26,Waverley Park,St Kilda,Essendon,Essendon,Matthew Lloyd,9,7,1,4,0,0,2
1998,17,1998-07-26,Waverley Park,St Kilda,Essendon,Essendon,Michael Long,6,3,2,3,0,0,2
1998,17,1998-07-26,Waverley Park,St Kilda,Essendon,Essendon,Scott Lucas,11,4,4,0,1,0,2
1998,17,1998-07-26,Waverley Park,St Kilda,Essendon,Essendon,Joe Misiti,19,5,12,2,0,0,5
1998,17,1998-07-26,Waverley Park,St Kilda,Essendon,Essendon,Gary Moorcroft,3,2,2,0,0,0,0
1998,17,1998-07-26,Waverley Park,St Kilda,Essendon,Essendon,Gary ODonnell,10,0,3,0,0,0,4
1998,17,1998-07-26,Waverley Park,St Kilda,Essendon,Essendon,Ricky Olarenshaw,10,3,5,0,0,0,2
1998,17,1998-07-26,Waverley Park,St Kilda,Essendon,Essendon,Peter Somerville,2,2,1,0,0,17,1
1998,17,1998-07-26,Waverley Park,St Kilda,Essendon,Essendon,Sean Wellman,9,8,5,0,0,3,1
1998,17,1998-07-26,Waverley Park,St Kilda,Essendon,Essendon,Barry Young,8,2,0,0,0,0,1
1998,17,1998-07-26,M.C.G.,Richmond,Geelong,Richmond,Joel Bowden,6,2,3,0,1,0,1
1998,17,1998-07-26,M.C.G.,Richmond,Geelong,Richmond,Paul Broderick,12,4,10,0,1,0,6
1998,17,1998-07-26,M.C.G.,Richmond,Geelong,Richmond,Paul Bulluss,4,2,6,0,0,0,0
1998,17,1998-07-26,M.C.G.,Richmond,Geelong,Richmond,Wayne Campbell,24,5,7,0,0,1,5
1998,17,1998-07-26,M.C.G.,Richmond,Geelong,Richmond,Mark Chaffey,11,4,1,0,0,0,0
1998,17,1998-07-26,M.C.G.,Richmond,Geelong,Richmond,Justin Charles,1,1,2,1,0,1,0
1998,17,1998-07-26,M.C.G.,Richmond,Geelong,Richmond,Nick Daffy,17,3,0,1,1,0,1
1998,17,1998-07-26,M.C.G.,Richmond,Geelong,Richmond,Brett Evans,6,4,0,3,1,1,3
1998,17,1998-07-26,M.C.G.,Richmond,Geelong,Richmond,Ross Funcke,2,1,3,0,0,0,3
1998,17,1998-07-26,M.C.G.,Richmond,Geelong,Richmond,Brendon Gale,14,8,7,0,0,23,0
1998,17,1998-07-26,M.C.G.,Richmond,Geelong,Richmond,Darren Gaspar,6,1,4,2,0,0,2
1998,17,1998-07-26,M.C.G.,Richmond,Geelong,Richmond,Ben Harrison,11,6,5,0,0,0,1
1998,17,1998-07-26,M.C.G.,Richmond,Geelong,Richmond,Andrew Kellaway,6,4,8,0,0,2,3
1998,17,1998-07-26,M.C.G.,Richmond,Geelong,Richmond,Matthew Knights,14,3,12,0,1,0,1
1998,17,1998-07-26,M.C.G.,Richmond,Geelong,Richmond,Brad Ottens,2,3,1,0,0,1,1
1998,17,1998-07-26,M.C.G.,Richmond,Geelong,Richmond,Justin Plapp,3,1,2,0,0,0,2
1998,17,1998-07-26,M.C.G.,Richmond,Geelong,Richmond,Robert Powell,11,8,4,1,2,0,3
1998,17,1998-07-26,M.C.G.,Richmond,Geelong,Richmond,Ashley Prescott,12,3,4,0,0,0,4
1998,17,1998-07-26,M.C.G.,Richmond,Geelong,Richmond,Matthew Richardson,5,3,4,2,0,1,0
1998,17,1998-07-26,M.C.G.,Richmond,Geelong,Richmond,Matthew Rogers,14,4,4,0,0,0,4
1998,17,1998-07-26,M.C.G.,Richmond,Geelong,Richmond,Jason Torney,4,3,8,0,0,0,2
1998,17,1998-07-26,M.C.G.,Richmond,Geelong,Richmond,Scott Turner,7,2,2,0,0,0,1
1998,17,1998-07-26,M.C.G.,Richmond,Geelong,Geelong,John Barnes,6,5,5,0,0,8,0
1998,17,1998-07-26,M.C.G.,Richmond,Geelong,Geelong,Clint Bizzell,16,9,14,2,0,0,2
1998,17,1998-07-26,M.C.G.,Richmond,Geelong,Geelong,Leigh Brockman,3,3,1,0,0,1,0
1998,17,1998-07-26,M.C.G.,Richmond,Geelong,Geelong,Leigh Colbert,11,4,6,1,0,3,3
1998,17,1998-07-26,M.C.G.,Richmond,Geelong,Geelong,Tim Hargreaves,5,1,3,0,0,0,3
1998,17,1998-07-26,M.C.G.,Richmond,Geelong,Geelong,Garry Hocking,10,2,13,0,0,0,1
1998,17,1998-07-26,M.C.G.,Richmond,Geelong,Geelong,Glenn Kilpatrick,17,2,3,1,0,0,2
1998,17,1998-07-26,M.C.G.,Richmond,Geelong,Geelong,Steven King,10,10,5,0,0,13,1
1998,17,1998-07-26,M.C.G.,Richmond,Geelong,Geelong,Michael Mansfield,16,9,6,0,0,0,0
1998,17,1998-07-26,M.C.G.,Richmond,Geelong,Geelong,Tim McGrath,5,6,3,0,0,0,2
1998,17,1998-07-26,M.C.G.,Richmond,Geelong,Geelong,David Mensch,4,3,4,0,0,2,1
1998,17,1998-07-26,M.C.G.,Richmond,Geelong,Geelong,Darren Milburn,9,5,4,1,1,0,5
1998,17,1998-07-26,M.C.G.,Richmond,Geelong,Geelong,James Rahilly,6,0,8,0,0,0,0
1998,17,1998-07-26,M.C.G.,Richmond,Geelong,Geelong,Peter Riccardi,13,5,7,2,3,0,3
1998,17,1998-07-26,M.C.G.,Richmond,Geelong,Geelong,Brenton Sanderson,13,4,1,0,0,0,2
1998,17,1998-07-26,M.C.G.,Richmond,Geelong,Geelong,Brad Sholl,24,6,4,0,0,0,2
1998,17,1998-07-26,M.C.G.,Richmond,Geelong,Geelong,Hamish Simpson,2,0,0,0,0,1,0
1998,17,1998-07-26,M.C.G.,Richmond,Geelong,Geelong,Sean Simpson,2,0,1,0,0,0,1
1998,17,1998-07-26,M.C.G.,Richmond,Geelong,Geelong,Jason Snell,3,1,2,1,0,0,1
1998,17,1998-07-26,M.C.G.,Richmond,Geelong,Geelong,Brett Spinks,2,3,3,0,1,0,0
1998,17,1998-07-26,M.C.G.,Richmond,Geelong,Geelong,Carl Steinfort,7,4,9,0,0,0,0
1998,17,1998-07-26,M.C.G.,Richmond,Geelong,Geelong,Barry Stoneham,0,0,0,0,0,0,0
1998,17,1998-07-26,Gabba,Brisbane Lions,Sydney,Brisbane Lions,Marcus Ashcroft,10,2,9,0,0,0,3
1998,17,1998-07-26,Gabba,Brisbane Lions,Sydney,Brisbane Lions,Scott Bamford,9,2,1,1,0,0,2
1998,17,1998-07-26,Gabba,Brisbane Lions,Sydney,Brisbane Lions,Trent Bartlett,1,2,3,0,0,3,0
1998,17,1998-07-26,Gabba,Brisbane Lions,Sydney,Brisbane Lions,Brad Boyd,4,2,6,0,0,0,0
1998,17,1998-07-26,Gabba,Brisbane Lions,Sydney,Brisbane Lions,Daniel Bradshaw,6,4,3,1,0,1,3
1998,17,1998-07-26,Gabba,Brisbane Lions,Sydney,Brisbane Lions,Nick Carter,4,0,5,0,0,0,0
1998,17,1998-07-26,Gabba,Brisbane Lions,Sydney,Brisbane Lions,Richard Champion,13,3,2,2,1,2,0
1998,17,1998-07-26,Gabba,Brisbane Lions,Sydney,Brisbane Lions,Matthew Clarke,4,4,6,0,1,27,1
1998,17,1998-07-26,Gabba,Brisbane Lions,Sydney,Brisbane Lions,Shane Clayton,5,2,0,0,0,0,0
1998,17,1998-07-26,Gabba,Brisbane Lions,Sydney,Brisbane Lions,Danny Dickfos,6,5,7,0,0,1,0
1998,17,1998-07-26,Gabba,Brisbane Lions,Sydney,Brisbane Lions,Shaun Hart,9,4,8,0,0,1,1
1998,17,1998-07-26,Gabba,Brisbane Lions,Sydney,Brisbane Lions,Rory Hilton,5,2,1,2,1,0,1
1998,17,1998-07-26,Gabba,Brisbane Lions,Sydney,Brisbane Lions,Matthew Kennedy,11,5,7,0,0,2,0
1998,17,1998-07-26,Gabba,Brisbane Lions,Sydney,Brisbane Lions,Nigel Lappin,17,6,5,2,1,0,0
1998,17,1998-07-26,Gabba,Brisbane Lions,Sydney,Brisbane Lions,Steven Lawrence,9,4,5,0,0,0,0
1998,17,1998-07-26,Gabba,Brisbane Lions,Sydney,Brisbane Lions,Justin Leppitsch,8,3,4,0,0,0,1
1998,17,1998-07-26,Gabba,Brisbane Lions,Sydney,Brisbane Lions,Craig McRae,12,3,1,1,0,0,3
1998,17,1998-07-26,Gabba,Brisbane Lions,Sydney,Brisbane Lions,Ben Robbins,8,1,12,0,0,0,1
1998,17,1998-07-26,Gabba,Brisbane Lions,Sydney,Brisbane Lions,Brad Scott,9,1,6,1,0,0,1
1998,17,1998-07-26,Gabba,Brisbane Lions,Sydney,Brisbane Lions,Chris Scott,15,2,8,0,0,1,6
1998,17,1998-07-26,Gabba,Brisbane Lions,Sydney,Brisbane Lions,Nick Trask,3,1,4,0,0,0,0
1998,17,1998-07-26,Gabba,Brisbane Lions,Sydney,Brisbane Lions,Darryl White,5,4,7,4,0,4,0
1998,17,1998-07-26,Gabba,Brisbane Lions,Sydney,Sydney,Robert AhMat,6,1,2,0,0,0,1
1998,17,1998-07-26,Gabba,Brisbane Lions,Sydney,Sydney,Troy Cook,7,2,9,0,0,1,0
1998,17,1998-07-26,Gabba,Brisbane Lions,Sydney,Sydney,Daryn Cresswell,21,4,10,1,1,0,0
1998,17,1998-07-26,Gabba,Brisbane Lions,Sydney,Sydney,Jared Crouch,5,0,5,0,0,0,0
1998,17,1998-07-26,Gabba,Brisbane Lions,Sydney,Sydney,Andrew Dunkley,7,6,5,0,0,1,2
1998,17,1998-07-26,Gabba,Brisbane Lions,Sydney,Sydney,Peter Filandia,8,1,2,1,0,0,0
1998,17,1998-07-26,Gabba,Brisbane Lions,Sydney,Sydney,Dale Lewis,12,8,5,3,3,0,0
1998,17,1998-07-26,Gabba,Brisbane Lions,Sydney,Sydney,Tony Lockett,8,7,4,7,1,0,0
1998,17,1998-07-26,Gabba,Brisbane Lions,Sydney,Sydney,Troy Luff,12,6,7,2,1,2,1
1998,17,1998-07-26,Gabba,Brisbane Lions,Sydney,Sydney,Stuart Maxfield,11,2,4,0,2,0,0
1998,17,1998-07-26,Gabba,Brisbane Lions,Sydney,Sydney,Jason Mooney,4,5,3,0,0,2,0
1998,17,1998-07-26,Gabba,Brisbane Lions,Sydney,Sydney,Matthew Nicks,11,4,7,1,0,0,0
1998,17,1998-07-26,Gabba,Brisbane Lions,Sydney,Sydney,Brett OFarrell,4,3,1,0,2,6,0
1998,17,1998-07-26,Gabba,Brisbane Lions,Sydney,Sydney,Michael OLoughlin,13,8,3,2,1,0,0
1998,17,1998-07-26,Gabba,Brisbane Lions,Sydney,Sydney,Mark Orchard,7,1,10,1,0,0,2
1998,17,1998-07-26,Gabba,Brisbane Lions,Sydney,Sydney,Paul Roos,10,5,16,1,0,1,0
1998,17,1998-07-26,Gabba,Brisbane Lions,Sydney,Sydney,Jason Saddington,2,0,2,0,0,0,2
1998,17,1998-07-26,Gabba,Brisbane Lions,Sydney,Sydney,Wayne Schwass,23,4,5,1,0,3,2
1998,17,1998-07-26,Gabba,Brisbane Lions,Sydney,Sydney,Brad Seymour,9,4,7,1,0,0,1
1998,17,1998-07-26,Gabba,Brisbane Lions,Sydney,Sydney,Greg Stafford,6,3,4,1,0,17,0
1998,17,1998-07-26,Gabba,Brisbane Lions,Sydney,Sydney,John Stevens,9,2,1,0,1,0,1
1998,17,1998-07-26,Gabba,Brisbane Lions,Sydney,Sydney,Rowan Warfe,4,3,4,0,1,0,1
1998,18,1998-07-31,M.C.G.,Collingwood,Western Bulldogs,Collingwood,Gavin Brown,11,7,9,0,0,0,4
1998,18,1998-07-31,M.C.G.,Collingwood,Western Bulldogs,Collingwood,Scott Burns,17,1,7,2,0,0,4
1998,18,1998-07-31,M.C.G.,Collingwood,Western Bulldogs,Collingwood,Gavin Crosisca,11,4,6,0,0,0,3
1998,18,1998-07-31,M.C.G.,Collingwood,Western Bulldogs,Collingwood,Scott Crow,10,3,4,0,1,0,2
1998,18,1998-07-31,M.C.G.,Collingwood,Western Bulldogs,Collingwood,Brad Fuller,4,1,2,0,0,0,0
1998,18,1998-07-31,M.C.G.,Collingwood,Western Bulldogs,Collingwood,Luke Godden,7,4,3,0,0,0,2
1998,18,1998-07-31,M.C.G.,Collingwood,Western Bulldogs,Collingwood,Clinton King,5,0,6,0,0,0,2
1998,18,1998-07-31,M.C.G.,Collingwood,Western Bulldogs,Collingwood,Josh Mahoney,10,4,6,0,0,0,4
1998,18,1998-07-31,M.C.G.,Collingwood,Western Bulldogs,Collingwood,Alex McDonald,6,3,4,1,0,0,2
1998,18,1998-07-31,M.C.G.,Collingwood,Western Bulldogs,Collingwood,Mal Michael,8,3,6,0,0,1,2
1998,18,1998-07-31,M.C.G.,Collingwood,Western Bulldogs,Collingwood,Damian Monkhorst,7,3,6,2,0,20,0
1998,18,1998-07-31,M.C.G.,Collingwood,Western Bulldogs,Collingwood,Stephen Patterson,11,1,4,1,0,0,5
1998,18,1998-07-31,M.C.G.,Collingwood,Western Bulldogs,Collingwood,Simon Prestigiacomo,2,0,2,1,0,0,0
1998,18,1998-07-31,M.C.G.,Collingwood,Western Bulldogs,Collingwood,Frankie Raso,5,1,3,0,0,0,2
1998,18,1998-07-31,M.C.G.,Collingwood,Western Bulldogs,Collingwood,Mark Richardson,10,8,1,0,1,8,0
1998,18,1998-07-31,M.C.G.,Collingwood,Western Bulldogs,Collingwood,Saverio Rocca,7,3,1,2,1,3,2
1998,18,1998-07-31,M.C.G.,Collingwood,Western Bulldogs,Collingwood,Andrew Schauble,12,1,2,0,0,3,0
1998,18,1998-07-31,M.C.G.,Collingwood,Western Bulldogs,Collingwood,Brent Tuckey,3,2,0,0,1,2,1
1998,18,1998-07-31,M.C.G.,Collingwood,Western Bulldogs,Collingwood,Shane Watson,8,5,1,1,1,0,1
1998,18,1998-07-31,M.C.G.,Collingwood,Western Bulldogs,Collingwood,Jason Wild,5,0,5,0,0,0,4
1998,18,1998-07-31,M.C.G.,Collingwood,Western Bulldogs,Collingwood,Paul Williams,0,0,0,0,0,0,0
1998,18,1998-07-31,M.C.G.,Collingwood,Western Bulldogs,Collingwood,Graham Wright,3,1,5,0,0,0,2
1998,18,1998-07-31,M.C.G.,Collingwood,Western Bulldogs,Western Bulldogs,Leon Cameron,8,1,3,0,0,0,3
1998,18,1998-07-31,M.C.G.,Collingwood,Western Bulldogs,Western Bulldogs,Simon Cox,2,1,3,2,0,2,0
1998,18,1998-07-31,M.C.G.,Collingwood,Western Bulldogs,Western Bulldogs,Matthew Croft,7,3,2,0,1,1,1
1998,18,1998-07-31,M.C.G.,Collingwood,Western Bulldogs,Western Bulldogs,Todd Curley,14,3,7,0,2,0,1
1998,18,1998-07-31,M.C.G.,Collingwood,Western Bulldogs,Western Bulldogs,Luke Darcy,1,0,2,0,0,3,0
1998,18,1998-07-31,M.C.G.,Collingwood,Western Bulldogs,Western Bulldogs,Matthew Dent,13,3,1,0,0,0,1
1998,18,1998-07-31,M.C.G.,Collingwood,Western Bulldogs,Western Bulldogs,Paul Dimattina,6,2,6,0,0,0,1
1998,18,1998-07-31,M.C.G.,Collingwood,Western Bulldogs,Western Bulldogs,Simon Garlick,11,4,1,0,0,0,0
1998,18,1998-07-31,M.C.G.,Collingwood,Western Bulldogs,Western Bulldogs,Chris Grant,10,5,8,0,2,3,5
1998,18,1998-07-31,M.C.G.,Collingwood,Western Bulldogs,Western Bulldogs,Brad Johnson,19,8,7,3,0,0,1
1998,18,1998-07-31,M.C.G.,Collingwood,Western Bulldogs,Western Bulldogs,Steven Kolyniuk,16,0,4,4,0,0,3
1998,18,1998-07-31,M.C.G.,Collingwood,Western Bulldogs,Western Bulldogs,Steven Kretiuk,12,6,2,0,0,0,2
1998,18,1998-07-31,M.C.G.,Collingwood,Western Bulldogs,Western Bulldogs,Tyson Lane,12,7,5,4,4,0,2
1998,18,1998-07-31,M.C.G.,Collingwood,Western Bulldogs,Western Bulldogs,Michael Martin,6,1,4,0,0,0,1
1998,18,1998-07-31,M.C.G.,Collingwood,Western Bulldogs,Western Bulldogs,Brett Montgomery,6,3,8,1,2,0,2
1998,18,1998-07-31,M.C.G.,Collingwood,Western Bulldogs,Western Bulldogs,Stephen Powell,12,0,6,1,0,0,4
1998,18,1998-07-31,M.C.G.,Collingwood,Western Bulldogs,Western Bulldogs,Jose Romero,16,1,10,0,0,0,3
1998,18,1998-07-31,M.C.G.,Collingwood,Western Bulldogs,Western Bulldogs,Rohan Smith,11,3,1,0,0,0,2
1998,18,1998-07-31,M.C.G.,Collingwood,Western Bulldogs,Western Bulldogs,Jason Watts,1,1,0,0,0,0,0
1998,18,1998-07-31,M.C.G.,Collingwood,Western Bulldogs,Western Bulldogs,Scott West,8,1,9,1,0,0,3
1998,18,1998-07-31,M.C.G.,Collingwood,Western Bulldogs,Western Bulldogs,Brad Wira,8,4,7,0,0,0,1
1998,18,1998-07-31,M.C.G.,Collingwood,Western Bulldogs,Western Bulldogs,Scott Wynd,3,7,19,0,0,25,0
1998,18,1998-08-01,Manuka Oval,North Melbourne,Port Adelaide,North Melbourne,Winston Abraham,16,8,6,2,2,0,0
1998,18,1998-08-01,Manuka Oval,North Melbourne,Port Adelaide,North Melbourne,Brett Allison,8,2,2,2,0,0,1
1998,18,1998-08-01,Manuka Oval,North Melbourne,Port Adelaide,North Melbourne,Peter Bell,14,4,11,0,2,0,1
1998,18,1998-08-01,Manuka Oval,North Melbourne,Port Adelaide,North Melbourne,John Blakey,13,7,7,0,0,0,0
1998,18,1998-08-01,Manuka Oval,North Melbourne,Port Adelaide,North Melbourne,Mathew Capuano,5,3,3,0,1,9,1
1998,18,1998-08-01,Manuka Oval,North Melbourne,Port Adelaide,North Melbourne,Wayne Carey,7,3,9,1,2,0,2
1998,18,1998-08-01,Manuka Oval,North Melbourne,Port Adelaide,North Melbourne,Brett Chandler,3,1,3,0,0,0,1
1998,18,1998-08-01,Manuka Oval,North Melbourne,Port Adelaide,North Melbourne,Glenn Freeborn,2,2,5,2,0,0,1
1998,18,1998-08-01,Manuka Oval,North Melbourne,Port Adelaide,North Melbourne,Shannon Grant,17,10,10,2,0,1,1
1998,18,1998-08-01,Manuka Oval,North Melbourne,Port Adelaide,North Melbourne,Brent Harvey,13,1,6,1,4,0,1
1998,18,1998-08-01,Manuka Oval,North Melbourne,Port Adelaide,North Melbourne,Evan Hewitt,6,3,1,2,0,2,1
1998,18,1998-08-01,Manuka Oval,North Melbourne,Port Adelaide,North Melbourne,David King,11,1,3,1,1,0,0
1998,18,1998-08-01,Manuka Oval,North Melbourne,Port Adelaide,North Melbourne,Mick Martyn,11,3,2,0,0,4,0
1998,18,1998-08-01,Manuka Oval,North Melbourne,Port Adelaide,North Melbourne,Corey McKernan,16,5,3,0,0,10,1
1998,18,1998-08-01,Manuka Oval,North Melbourne,Port Adelaide,North Melbourne,Byron Pickett,12,2,2,0,0,1,7
1998,18,1998-08-01,Manuka Oval,North Melbourne,Port Adelaide,North Melbourne,Martin Pike,11,1,7,0,0,0,3
1998,18,1998-08-01,Manuka Oval,North Melbourne,Port Adelaide,North Melbourne,Mark Roberts,17,10,11,3,3,0,1
1998,18,1998-08-01,Manuka Oval,North Melbourne,Port Adelaide,North Melbourne,Anthony Rock,4,2,2,0,0,0,0
1998,18,1998-08-01,Manuka Oval,North Melbourne,Port Adelaide,North Melbourne,Robert Scott,21,3,3,0,0,0,1
1998,18,1998-08-01,Manuka Oval,North Melbourne,Port Adelaide,North Melbourne,Craig Sholl,7,2,8,1,3,0,2
1998,18,1998-08-01,Manuka Oval,North Melbourne,Port Adelaide,North Melbourne,Adam Simpson,12,5,9,1,1,0,1
1998,18,1998-08-01,Manuka Oval,North Melbourne,Port Adelaide,North Melbourne,Anthony Stevens,12,5,5,0,1,0,1
1998,18,1998-08-01,Manuka Oval,North Melbourne,Port Adelaide,Port Adelaide,Matthew Bode,4,0,3,1,1,0,1
1998,18,1998-08-01,Manuka Oval,North Melbourne,Port Adelaide,Port Adelaide,Shane Bond,10,7,7,0,0,0,3
1998,18,1998-08-01,Manuka Oval,North Melbourne,Port Adelaide,Port Adelaide,Shayne Breuer,10,5,7,0,0,2,2
1998,18,1998-08-01,Manuka Oval,North Melbourne,Port Adelaide,Port Adelaide,Brett Chalmers,1,1,0,0,0,0,0
1998,18,1998-08-01,Manuka Oval,North Melbourne,Port Adelaide,Port Adelaide,Stephen Daniels,7,4,3,0,0,1,1
1998,18,1998-08-01,Manuka Oval,North Melbourne,Port Adelaide,Port Adelaide,Stuart Dew,7,2,5,0,0,0,1
1998,18,1998-08-01,Manuka Oval,North Melbourne,Port Adelaide,Port Adelaide,Donald Dickie,18,10,1,0,1,0,1
1998,18,1998-08-01,Manuka Oval,North Melbourne,Port Adelaide,Port Adelaide,Nathan Eagleton,14,4,1,2,0,0,0
1998,18,1998-08-01,Manuka Oval,North Melbourne,Port Adelaide,Port Adelaide,Fabian Francis,7,3,4,0,0,0,1
1998,18,1998-08-01,Manuka Oval,North Melbourne,Port Adelaide,Port Adelaide,Josh Francou,15,4,5,0,2,0,4
1998,18,1998-08-01,Manuka Oval,North Melbourne,Port Adelaide,Port Adelaide,Adam Heuskes,15,12,7,0,0,0,2
1998,18,1998-08-01,Manuka Oval,North Melbourne,Port Adelaide,Port Adelaide,Adam Kingsley,13,7,7,2,1,0,0
1998,18,1998-08-01,Manuka Oval,North Melbourne,Port Adelaide,Port Adelaide,Brendon Lade,8,3,5,0,0,11,2
1998,18,1998-08-01,Manuka Oval,North Melbourne,Port Adelaide,Port Adelaide,Bowen Lockwood,9,9,5,4,2,2,1
1998,18,1998-08-01,Manuka Oval,North Melbourne,Port Adelaide,Port Adelaide,Brayden Lyle,11,3,6,0,0,0,1
1998,18,1998-08-01,Manuka Oval,North Melbourne,Port Adelaide,Port Adelaide,Darren Mead,4,3,3,0,0,0,0
1998,18,1998-08-01,Manuka Oval,North Melbourne,Port Adelaide,Port Adelaide,Chris Naish,4,3,3,0,0,0,1
1998,18,1998-08-01,Manuka Oval,North Melbourne,Port Adelaide,Port Adelaide,Stephen Paxman,8,3,4,0,0,0,0
1998,18,1998-08-01,Manuka Oval,North Melbourne,Port Adelaide,Port Adelaide,Matthew Primus,1,0,2,0,0,9,0
1998,18,1998-08-01,Manuka Oval,North Melbourne,Port Adelaide,Port Adelaide,Nick Stevens,13,3,7,0,4,0,2
1998,18,1998-08-01,Manuka Oval,North Melbourne,Port Adelaide,Port Adelaide,Warren Tredrea,4,5,3,1,2,1,1
1998,18,1998-08-01,Manuka Oval,North Melbourne,Port Adelaide,Port Adelaide,Michael Wilson,11,1,4,0,0,0,0
1998,18,1998-08-01,Kardinia Park,Geelong,Sydney,Geelong,John Barnes,2,1,3,0,0,9,0
1998,18,1998-08-01,Kardinia Park,Geelong,Sydney,Geelong,Craig Biddiscombe,4,0,0,0,0,0,0
1998,18,1998-08-01,Kardinia Park,Geelong,Sydney,Geelong,Clint Bizzell,8,4,10,0,1,1,0
1998,18,1998-08-01,Kardinia Park,Geelong,Sydney,Geelong,Ronnie Burns,2,1,4,0,0,0,2
1998,18,1998-08-01,Kardinia Park,Geelong,Sydney,Geelong,Leigh Colbert,8,3,11,0,0,2,2
1998,18,1998-08-01,Kardinia Park,Geelong,Sydney,Geelong,Derek Hall,10,6,12,1,3,0,1
1998,18,1998-08-01,Kardinia Park,Geelong,Sydney,Geelong,Garry Hocking,13,6,13,1,0,0,1
1998,18,1998-08-01,Kardinia Park,Geelong,Sydney,Geelong,Glenn Kilpatrick,14,2,8,0,1,0,0
1998,18,1998-08-01,Kardinia Park,Geelong,Sydney,Geelong,Steven King,2,2,3,0,0,12,0
1998,18,1998-08-01,Kardinia Park,Geelong,Sydney,Geelong,Michael Mansfield,14,8,9,0,0,0,1
1998,18,1998-08-01,Kardinia Park,Geelong,Sydney,Geelong,Martin McKinnon,9,3,4,1,2,0,1
1998,18,1998-08-01,Kardinia Park,Geelong,Sydney,Geelong,David Mensch,1,1,3,0,0,1,0
1998,18,1998-08-01,Kardinia Park,Geelong,Sydney,Geelong,Darren Milburn,4,4,4,0,0,1,0
1998,18,1998-08-01,Kardinia Park,Geelong,Sydney,Geelong,James Rahilly,5,3,8,0,0,0,0
1998,18,1998-08-01,Kardinia Park,Geelong,Sydney,Geelong,Peter Riccardi,15,2,4,2,2,0,3
1998,18,1998-08-01,Kardinia Park,Geelong,Sydney,Geelong,Brenton Sanderson,15,6,5,1,0,0,1
1998,18,1998-08-01,Kardinia Park,Geelong,Sydney,Geelong,Brad Sholl,16,4,5,1,0,0,0
1998,18,1998-08-01,Kardinia Park,Geelong,Sydney,Geelong,Hamish Simpson,7,2,5,0,0,1,3
1998,18,1998-08-01,Kardinia Park,Geelong,Sydney,Geelong,Jason Snell,5,3,1,3,1,0,0
1998,18,1998-08-01,Kardinia Park,Geelong,Sydney,Geelong,Brett Spinks,8,7,2,2,1,2,0
1998,18,1998-08-01,Kardinia Park,Geelong,Sydney,Geelong,Carl Steinfort,9,7,8,0,0,0,2
1998,18,1998-08-01,Kardinia Park,Geelong,Sydney,Geelong,Justin Wood,5,3,1,0,0,0,1
1998,18,1998-08-01,Kardinia Park,Geelong,Sydney,Sydney,Robert AhMat,1,0,0,0,0,0,0
1998,18,1998-08-01,Kardinia Park,Geelong,Sydney,Sydney,Leo Barry,1,1,1,0,0,0,0
1998,18,1998-08-01,Kardinia Park,Geelong,Sydney,Sydney,Troy Cook,6,1,9,0,0,0,2
1998,18,1998-08-01,Kardinia Park,Geelong,Sydney,Sydney,Daryn Cresswell,16,5,10,0,1,1,1
1998,18,1998-08-01,Kardinia Park,Geelong,Sydney,Sydney,Jared Crouch,0,1,5,0,0,0,3
1998,18,1998-08-01,Kardinia Park,Geelong,Sydney,Sydney,Andrew Dunkley,4,4,10,0,0,0,2
1998,18,1998-08-01,Kardinia Park,Geelong,Sydney,Sydney,Peter Filandia,1,0,1,0,0,0,0
1998,18,1998-08-01,Kardinia Park,Geelong,Sydney,Sydney,Dale Lewis,8,3,7,1,0,0,2
1998,18,1998-08-01,Kardinia Park,Geelong,Sydney,Sydney,Tony Lockett,11,9,2,9,2,0,0
1998,18,1998-08-01,Kardinia Park,Geelong,Sydney,Sydney,Troy Luff,14,6,6,0,0,3,8
1998,18,1998-08-01,Kardinia Park,Geelong,Sydney,Sydney,Stuart Maxfield,15,8,7,1,0,0,4
1998,18,1998-08-01,Kardinia Park,Geelong,Sydney,Sydney,Jason Mooney,3,1,7,0,1,6,1
1998,18,1998-08-01,Kardinia Park,Geelong,Sydney,Sydney,Matthew Nicks,14,3,6,2,0,1,8
1998,18,1998-08-01,Kardinia Park,Geelong,Sydney,Sydney,Michael OLoughlin,9,5,5,3,0,0,0
1998,18,1998-08-01,Kardinia Park,Geelong,Sydney,Sydney,Mark Orchard,5,1,6,0,0,0,5
1998,18,1998-08-01,Kardinia Park,Geelong,Sydney,Sydney,Paul Roos,10,3,8,0,1,0,2
1998,18,1998-08-01,Kardinia Park,Geelong,Sydney,Sydney,Jason Saddington,6,3,6,0,0,0,1
1998,18,1998-08-01,Kardinia Park,Geelong,Sydney,Sydney,Wayne Schwass,23,5,10,2,0,0,2
1998,18,1998-08-01,Kardinia Park,Geelong,Sydney,Sydney,Brad Seymour,6,5,3,0,0,2,1
1998,18,1998-08-01,Kardinia Park,Geelong,Sydney,Sydney,Greg Stafford,6,4,8,1,1,15,0
1998,18,1998-08-01,Kardinia Park,Geelong,Sydney,Sydney,John Stevens,15,4,5,0,0,0,1
1998,18,1998-08-01,Kardinia Park,Geelong,Sydney,Sydney,Rowan Warfe,4,3,5,0,0,0,5
1998,18,1998-08-01,M.C.G.,Melbourne,Brisbane Lions,Melbourne,Jeff Farmer,13,4,3,6,3,0,1
1998,18,1998-08-01,M.C.G.,Melbourne,Brisbane Lions,Melbourne,Matthew Febey,6,4,12,0,0,0,1
1998,18,1998-08-01,M.C.G.,Melbourne,Brisbane Lions,Melbourne,Steven Febey,8,1,9,0,1,0,2
1998,18,1998-08-01,M.C.G.,Melbourne,Brisbane Lions,Melbourne,Brent Grgic,9,3,6,0,1,1,0
1998,18,1998-08-01,M.C.G.,Melbourne,Brisbane Lions,Melbourne,Anthony Ingerson,2,4,6,0,0,0,0
1998,18,1998-08-01,M.C.G.,Melbourne,Brisbane Lions,Melbourne,Darren Kowal,7,7,9,0,0,0,2
1998,18,1998-08-01,M.C.G.,Melbourne,Brisbane Lions,Melbourne,Andrew Leoncelli,16,4,7,0,0,1,2
1998,18,1998-08-01,M.C.G.,Melbourne,Brisbane Lions,Melbourne,Garry Lyon,12,4,2,5,3,0,1
1998,18,1998-08-01,M.C.G.,Melbourne,Brisbane Lions,Melbourne,Anthony McDonald,17,4,5,1,1,0,3
1998,18,1998-08-01,M.C.G.,Melbourne,Brisbane Lions,Melbourne,James McDonald,5,0,2,1,1,0,2
1998,18,1998-08-01,M.C.G.,Melbourne,Brisbane Lions,Melbourne,David Neitz,5,3,5,2,0,3,0
1998,18,1998-08-01,M.C.G.,Melbourne,Brisbane Lions,Melbourne,Guy Rigoni,14,4,13,0,1,0,0
1998,18,1998-08-01,M.C.G.,Melbourne,Brisbane Lions,Melbourne,Russell Robertson,7,3,3,1,2,0,2
1998,18,1998-08-01,M.C.G.,Melbourne,Brisbane Lions,Melbourne,David Schwarz,8,3,6,1,1,0,1
1998,18,1998-08-01,M.C.G.,Melbourne,Brisbane Lions,Melbourne,Jamie Shanahan,5,2,5,0,0,0,2
1998,18,1998-08-01,M.C.G.,Melbourne,Brisbane Lions,Melbourne,Craig Smoker,5,2,2,0,0,0,1
1998,18,1998-08-01,M.C.G.,Melbourne,Brisbane Lions,Melbourne,Jim Stynes,4,3,6,0,0,22,0
1998,18,1998-08-01,M.C.G.,Melbourne,Brisbane Lions,Melbourne,Stephen Tingay,19,3,9,1,2,0,0
1998,18,1998-08-01,M.C.G.,Melbourne,Brisbane Lions,Melbourne,Todd Viney,9,5,7,2,0,0,1
1998,18,1998-08-01,M.C.G.,Melbourne,Brisbane Lions,Melbourne,Jeff White,6,8,7,1,0,8,0
1998,18,1998-08-01,M.C.G.,Melbourne,Brisbane Lions,Melbourne,Shane Woewodin,17,5,8,1,0,0,1
1998,18,1998-08-01,M.C.G.,Melbourne,Brisbane Lions,Melbourne,Adem Yze,12,2,6,0,0,0,0
1998,18,1998-08-01,M.C.G.,Melbourne,Brisbane Lions,Brisbane Lions,Jason Akermanis,5,1,2,0,0,0,0
1998,18,1998-08-01,M.C.G.,Melbourne,Brisbane Lions,Brisbane Lions,Marcus Ashcroft,8,6,13,0,0,0,1
1998,18,1998-08-01,M.C.G.,Melbourne,Brisbane Lions,Brisbane Lions,Scott Bamford,10,3,5,1,0,0,1
1998,18,1998-08-01,M.C.G.,Melbourne,Brisbane Lions,Brisbane Lions,Brad Boyd,6,1,2,0,1,1,1
1998,18,1998-08-01,M.C.G.,Melbourne,Brisbane Lions,Brisbane Lions,Daniel Bradshaw,6,5,4,2,1,0,1
1998,18,1998-08-01,M.C.G.,Melbourne,Brisbane Lions,Brisbane Lions,Nick Carter,7,1,3,0,0,0,5
1998,18,1998-08-01,M.C.G.,Melbourne,Brisbane Lions,Brisbane Lions,Richard Champion,16,4,7,0,0,5,3
1998,18,1998-08-01,M.C.G.,Melbourne,Brisbane Lions,Brisbane Lions,Matthew Clarke,2,0,8,0,0,21,1
1998,18,1998-08-01,M.C.G.,Melbourne,Brisbane Lions,Brisbane Lions,Shaun Hart,8,3,9,1,1,0,2
1998,18,1998-08-01,M.C.G.,Melbourne,Brisbane Lions,Brisbane Lions,Matthew Kennedy,15,7,2,0,0,0,6
1998,18,1998-08-01,M.C.G.,Melbourne,Brisbane Lions,Brisbane Lions,Nigel Lappin,10,2,9,0,0,0,0
1998,18,1998-08-01,M.C.G.,Melbourne,Brisbane Lions,Brisbane Lions,Steven Lawrence,13,9,7,0,0,0,1
1998,18,1998-08-01,M.C.G.,Melbourne,Brisbane Lions,Brisbane Lions,Justin Leppitsch,9,5,3,0,1,0,2
1998,18,1998-08-01,M.C.G.,Melbourne,Brisbane Lions,Brisbane Lions,Craig McRae,10,8,10,0,0,0,2
1998,18,1998-08-01,M.C.G.,Melbourne,Brisbane Lions,Brisbane Lions,Tim Notting,4,0,3,0,0,0,0
1998,18,1998-08-01,M.C.G.,Melbourne,Brisbane Lions,Brisbane Lions,Ben Robbins,2,0,4,0,0,0,0
1998,18,1998-08-01,M.C.G.,Melbourne,Brisbane Lions,Brisbane Lions,Brad Scott,11,5,3,0,0,0,7
1998,18,1998-08-01,M.C.G.,Melbourne,Brisbane Lions,Brisbane Lions,Chris Scott,19,7,8,1,0,0,5
1998,18,1998-08-01,M.C.G.,Melbourne,Brisbane Lions,Brisbane Lions,Dion Scott,4,1,1,1,1,4,1
1998,18,1998-08-01,M.C.G.,Melbourne,Brisbane Lions,Brisbane Lions,Brett Voss,10,5,6,0,1,0,0
1998,18,1998-08-01,M.C.G.,Melbourne,Brisbane Lions,Brisbane Lions,Darryl White,2,1,5,0,1,1,1
1998,18,1998-08-01,M.C.G.,Melbourne,Brisbane Lions,Brisbane Lions,Derek Wirth,7,3,0,2,0,0,3
1998,18,1998-08-01,Football Park,Adelaide,St Kilda,Adelaide,Mark Bickley,4,2,4,0,0,0,0
1998,18,1998-08-01,Football Park,Adelaide,St Kilda,Adelaide,Peter Caven,10,4,7,2,1,0,1
1998,18,1998-08-01,Football Park,Adelaide,St Kilda,Adelaide,Matthew Connell,26,9,3,1,1,1,3
1998,18,1998-08-01,Football Park,Adelaide,St Kilda,Adelaide,Tim Cook,10,0,7,0,0,0,5
1998,18,1998-08-01,Football Park,Adelaide,St Kilda,Adelaide,Andrew Eccles,12,5,6,1,1,0,0
1998,18,1998-08-01,Football Park,Adelaide,St Kilda,Adelaide,Simon Goodwin,10,2,1,0,0,0,1
1998,18,1998-08-01,Football Park,Adelaide,St Kilda,Adelaide,Ben Hart,12,3,3,1,0,0,1
1998,18,1998-08-01,Football Park,Adelaide,St Kilda,Adelaide,Brett James,7,4,9,0,0,0,1
1998,18,1998-08-01,Football Park,Adelaide,St Kilda,Adelaide,Rod Jameson,3,1,2,0,0,0,0
1998,18,1998-08-01,Football Park,Adelaide,St Kilda,Adelaide,Darren Jarman,3,3,2,0,1,0,2
1998,18,1998-08-01,Football Park,Adelaide,St Kilda,Adelaide,Kym Koster,10,3,7,1,2,0,0
1998,18,1998-08-01,Football Park,Adelaide,St Kilda,Adelaide,Andrew McLeod,11,3,4,3,6,0,5
1998,18,1998-08-01,Football Park,Adelaide,St Kilda,Adelaide,Tony Modra,2,1,0,1,0,0,0
1998,18,1998-08-01,Football Park,Adelaide,St Kilda,Adelaide,David Pittman,6,3,3,0,1,20,1
1998,18,1998-08-01,Football Park,Adelaide,St Kilda,Adelaide,Shaun Rehn,14,8,11,0,0,31,1
1998,18,1998-08-01,Football Park,Adelaide,St Kilda,Adelaide,Mark Ricciuto,23,8,11,2,1,0,1
1998,18,1998-08-01,Football Park,Adelaide,St Kilda,Adelaide,Matthew Robran,6,3,9,2,1,3,0
1998,18,1998-08-01,Football Park,Adelaide,St Kilda,Adelaide,Clay Sampson,2,1,0,0,0,0,0
1998,18,1998-08-01,Football Park,Adelaide,St Kilda,Adelaide,Nigel Smart,11,5,10,1,2,0,3
1998,18,1998-08-01,Football Park,Adelaide,St Kilda,Adelaide,Mark Stevens,14,5,9,0,0,0,2
1998,18,1998-08-01,Football Park,Adelaide,St Kilda,Adelaide,James Thiessen,8,3,7,0,1,0,2
1998,18,1998-08-01,Football Park,Adelaide,St Kilda,Adelaide,Peter Vardy,13,4,3,4,4,0,0
1998,18,1998-08-01,Football Park,Adelaide,St Kilda,St Kilda,Luke Beveridge,3,3,8,0,0,0,3
1998,18,1998-08-01,Football Park,Adelaide,St Kilda,St Kilda,Tony Brown,6,3,3,1,0,0,1
1998,18,1998-08-01,Football Park,Adelaide,St Kilda,St Kilda,Nathan Burke,15,6,9,0,0,1,1
1998,18,1998-08-01,Football Park,Adelaide,St Kilda,St Kilda,Brad Campbell,5,2,3,0,0,0,0
1998,18,1998-08-01,Football Park,Adelaide,St Kilda,St Kilda,Tim Elliott,4,6,5,0,0,0,1
1998,18,1998-08-01,Football Park,Adelaide,St Kilda,St Kilda,Peter Everitt,8,3,7,1,1,19,2
1998,18,1998-08-01,Football Park,Adelaide,St Kilda,St Kilda,Barry Hall,0,1,1,0,0,0,0
1998,18,1998-08-01,Football Park,Adelaide,St Kilda,St Kilda,Robert Harvey,22,0,10,0,0,0,2
1998,18,1998-08-01,Football Park,Adelaide,St Kilda,St Kilda,Jason Heatley,8,5,2,4,2,0,1
1998,18,1998-08-01,Football Park,Adelaide,St Kilda,St Kilda,Max Hudghton,3,1,0,0,0,0,0
1998,18,1998-08-01,Football Park,Adelaide,St Kilda,St Kilda,Austinn Jones,6,3,1,1,0,0,1
1998,18,1998-08-01,Football Park,Adelaide,St Kilda,St Kilda,Brett Knowles,4,1,3,0,0,0,0
1998,18,1998-08-01,Football Park,Adelaide,St Kilda,St Kilda,Joe McLaren,5,1,4,0,0,0,3
1998,18,1998-08-01,Football Park,Adelaide,St Kilda,St Kilda,Gavin Mitchell,5,1,5,1,0,0,1
1998,18,1998-08-01,Football Park,Adelaide,St Kilda,St Kilda,Justin Peckett,9,4,2,0,1,0,2
1998,18,1998-08-01,Football Park,Adelaide,St Kilda,St Kilda,David Sierakowski,6,3,5,0,0,9,0
1998,18,1998-08-01,Football Park,Adelaide,St Kilda,St Kilda,Steven Sziller,9,3,2,0,1,0,0
1998,18,1998-08-01,Football Park,Adelaide,St Kilda,St Kilda,Andrew Thompson,10,0,10,1,1,0,3
1998,18,1998-08-01,Football Park,Adelaide,St Kilda,St Kilda,Darryl Wakelin,4,6,5,0,0,2,4
1998,18,1998-08-01,Football Park,Adelaide,St Kilda,St Kilda,Shane Wakelin,2,1,2,0,0,0,0
1998,18,1998-08-01,Football Park,Adelaide,St Kilda,St Kilda,Nicky Winmar,15,7,7,1,0,0,1
1998,18,1998-08-01,Football Park,Adelaide,St Kilda,St Kilda,Matthew Young,11,2,4,0,0,0,3
1998,18,1998-08-02,Subiaco,West Coast,Fremantle,West Coast,Jason Ball,17,7,7,0,1,17,1
1998,18,1998-08-02,Subiaco,West Coast,Fremantle,West Coast,Drew Banfield,11,4,3,0,0,0,4
1998,18,1998-08-02,Subiaco,West Coast,Fremantle,West Coast,Michael Braun,13,4,3,0,1,0,1
1998,18,1998-08-02,Subiaco,West Coast,Fremantle,West Coast,Ben Cousins,12,1,11,1,0,0,1
1998,18,1998-08-02,Subiaco,West Coast,Fremantle,West Coast,Brendon Fewster,6,3,5,3,1,6,4
1998,18,1998-08-02,Subiaco,West Coast,Fremantle,West Coast,Fraser Gehrig,5,2,2,1,1,0,0
1998,18,1998-08-02,Subiaco,West Coast,Fremantle,West Coast,Brett Heady,3,1,0,0,0,0,3
1998,18,1998-08-02,Subiaco,West Coast,Fremantle,West Coast,Glen Jakovich,15,6,5,0,0,1,0
1998,18,1998-08-02,Subiaco,West Coast,Fremantle,West Coast,Chris Lewis,14,2,2,4,1,0,2
1998,18,1998-08-02,Subiaco,West Coast,Fremantle,West Coast,Neil Marshall,1,1,0,0,0,0,0
1998,18,1998-08-02,Subiaco,West Coast,Fremantle,West Coast,Peter Matera,10,0,4,2,0,1,8
1998,18,1998-08-02,Subiaco,West Coast,Fremantle,West Coast,Phillip Matera,4,2,3,2,0,0,1
1998,18,1998-08-02,Subiaco,West Coast,Fremantle,West Coast,Ashley McIntosh,7,3,4,0,1,0,0
1998,18,1998-08-02,Subiaco,West Coast,Fremantle,West Coast,Guy McKenna,9,2,11,0,0,0,1
1998,18,1998-08-02,Subiaco,West Coast,Fremantle,West Coast,Daniel Metropolis,7,3,2,0,1,0,2
1998,18,1998-08-02,Subiaco,West Coast,Fremantle,West Coast,Chad Morrison,18,6,7,1,0,0,2
1998,18,1998-08-02,Subiaco,West Coast,Fremantle,West Coast,Phillip Read,12,6,2,0,0,0,3
1998,18,1998-08-02,Subiaco,West Coast,Fremantle,West Coast,Jarrad Schofield,14,5,8,0,0,0,0
1998,18,1998-08-02,Subiaco,West Coast,Fremantle,West Coast,Nicholas Stone,0,0,1,0,0,0,0
1998,18,1998-08-02,Subiaco,West Coast,Fremantle,West Coast,Paul Symmons,9,5,5,0,0,1,0
1998,18,1998-08-02,Subiaco,West Coast,Fremantle,West Coast,Chris Waterman,14,11,5,1,1,0,2
1998,18,1998-08-02,Subiaco,West Coast,Fremantle,West Coast,Mitchell White,8,2,4,0,0,1,2
1998,18,1998-08-02,Subiaco,West Coast,Fremantle,Fremantle,Chris Bond,9,1,2,0,0,0,2
1998,18,1998-08-02,Subiaco,West Coast,Fremantle,Fremantle,Michael Brown,2,1,1,1,0,1,1
1998,18,1998-08-02,Subiaco,West Coast,Fremantle,Fremantle,Matthew Burton,3,1,5,0,0,23,0
1998,18,1998-08-02,Subiaco,West Coast,Fremantle,Fremantle,Craig Callaghan,8,1,3,2,1,0,1
1998,18,1998-08-02,Subiaco,West Coast,Fremantle,Fremantle,Trent Carroll,6,3,4,0,0,0,0
1998,18,1998-08-02,Subiaco,West Coast,Fremantle,Fremantle,Scott Chisholm,8,3,4,0,2,0,1
1998,18,1998-08-02,Subiaco,West Coast,Fremantle,Fremantle,James Clement,0,0,2,0,0,0,0
1998,18,1998-08-02,Subiaco,West Coast,Fremantle,Fremantle,Brad Dodd,11,4,8,0,1,0,0
1998,18,1998-08-02,Subiaco,West Coast,Fremantle,Fremantle,Adrian Fletcher,14,6,8,1,0,0,1
1998,18,1998-08-02,Subiaco,West Coast,Fremantle,Fremantle,Mark Gale,10,4,12,0,0,0,4
1998,18,1998-08-02,Subiaco,West Coast,Fremantle,Fremantle,Brodie Holland,9,5,3,0,0,0,0
1998,18,1998-08-02,Subiaco,West Coast,Fremantle,Fremantle,Dale Kickett,11,6,10,0,0,0,2
1998,18,1998-08-02,Subiaco,West Coast,Fremantle,Fremantle,Quenton Leach,10,4,2,0,0,0,2
1998,18,1998-08-02,Subiaco,West Coast,Fremantle,Fremantle,Peter Mann,8,2,4,0,0,0,0
1998,18,1998-08-02,Subiaco,West Coast,Fremantle,Fremantle,Andrew McGovern,2,1,3,0,0,0,0
1998,18,1998-08-02,Subiaco,West Coast,Fremantle,Fremantle,Clem Michael,4,2,7,0,1,11,1
1998,18,1998-08-02,Subiaco,West Coast,Fremantle,Fremantle,Jason Norrish,13,3,11,0,1,0,1
1998,18,1998-08-02,Subiaco,West Coast,Fremantle,Fremantle,Stephen OReilly,10,5,5,1,0,0,1
1998,18,1998-08-02,Subiaco,West Coast,Fremantle,Fremantle,Shane Parker,15,9,6,0,0,0,1
1998,18,1998-08-02,Subiaco,West Coast,Fremantle,Fremantle,Jess Sinclair,12,4,4,1,1,0,0
1998,18,1998-08-02,Subiaco,West Coast,Fremantle,Fremantle,Clive Waterhouse,6,2,2,2,2,0,1
1998,18,1998-08-02,Subiaco,West Coast,Fremantle,Fremantle,Andrew Wills,15,3,4,0,1,0,0
1998,18,1998-08-02,M.C.G.,Essendon,Carlton,Essendon,Paul Barnard,10,8,5,1,1,0,1
1998,18,1998-08-02,M.C.G.,Essendon,Carlton,Essendon,Peter Berbakov,8,3,7,0,0,0,0
1998,18,1998-08-02,M.C.G.,Essendon,Carlton,Essendon,Darren Bewick,10,3,5,0,0,0,3
1998,18,1998-08-02,M.C.G.,Essendon,Carlton,Essendon,Justin Blumfield,7,3,11,0,1,1,0
1998,18,1998-08-02,M.C.G.,Essendon,Carlton,Essendon,David Calthorpe,17,4,4,0,0,0,0
1998,18,1998-08-02,M.C.G.,Essendon,Carlton,Essendon,Blake Caracella,8,2,7,1,0,0,4
1998,18,1998-08-02,M.C.G.,Essendon,Carlton,Essendon,Che Cockatoo-Collins,5,4,3,1,1,0,1
1998,18,1998-08-02,M.C.G.,Essendon,Carlton,Essendon,Sean Denham,2,1,5,0,0,0,2
1998,18,1998-08-02,M.C.G.,Essendon,Carlton,Essendon,Dustin Fletcher,10,4,2,0,0,1,0
1998,18,1998-08-02,M.C.G.,Essendon,Carlton,Essendon,Mark Fraser,9,4,10,0,0,0,2
1998,18,1998-08-02,M.C.G.,Essendon,Carlton,Essendon,Damien Hardwick,15,1,5,0,0,0,4
1998,18,1998-08-02,M.C.G.,Essendon,Carlton,Essendon,Jason Johnson,7,3,2,1,0,0,0
1998,18,1998-08-02,M.C.G.,Essendon,Carlton,Essendon,Matthew Lloyd,11,9,5,6,0,0,0
1998,18,1998-08-02,M.C.G.,Essendon,Carlton,Essendon,Scott Lucas,9,4,1,1,3,0,2
1998,18,1998-08-02,M.C.G.,Essendon,Carlton,Essendon,Mark Mercuri,15,6,6,0,0,1,1
1998,18,1998-08-02,M.C.G.,Essendon,Carlton,Essendon,Joe Misiti,8,1,9,0,1,0,2
1998,18,1998-08-02,M.C.G.,Essendon,Carlton,Essendon,Gary Moorcroft,3,4,6,0,1,0,3
1998,18,1998-08-02,M.C.G.,Essendon,Carlton,Essendon,Ryan OConnor,4,3,5,1,0,5,1
1998,18,1998-08-02,M.C.G.,Essendon,Carlton,Essendon,Gary ODonnell,16,2,2,0,0,0,0
1998,18,1998-08-02,M.C.G.,Essendon,Carlton,Essendon,Ricky Olarenshaw,4,1,8,0,0,0,2
1998,18,1998-08-02,M.C.G.,Essendon,Carlton,Essendon,Peter Somerville,6,1,1,0,0,14,0
1998,18,1998-08-02,M.C.G.,Essendon,Carlton,Essendon,Sean Wellman,8,3,5,0,0,0,0
1998,18,1998-08-02,M.C.G.,Essendon,Carlton,Carlton,Matthew Allan,10,9,7,0,0,26,2
1998,18,1998-08-02,M.C.G.,Essendon,Carlton,Carlton,Jacob Anstey,0,0,0,0,0,0,0
1998,18,1998-08-02,M.C.G.,Essendon,Carlton,Carlton,Simon Beaumont,14,10,4,2,0,0,1
1998,18,1998-08-02,M.C.G.,Essendon,Carlton,Carlton,Craig Bradley,14,6,13,0,1,0,0
1998,18,1998-08-02,M.C.G.,Essendon,Carlton,Carlton,Fraser Brown,15,6,16,0,0,0,1
1998,18,1998-08-02,M.C.G.,Essendon,Carlton,Carlton,Scott Camporeale,19,4,3,1,2,0,2
1998,18,1998-08-02,M.C.G.,Essendon,Carlton,Carlton,Ron De Iulio,12,5,1,2,1,0,3
1998,18,1998-08-02,M.C.G.,Essendon,Carlton,Carlton,Matthew Hogg,15,6,3,1,1,0,3
1998,18,1998-08-02,M.C.G.,Essendon,Carlton,Carlton,Darren Hulme,5,0,7,0,1,0,0
1998,18,1998-08-02,M.C.G.,Essendon,Carlton,Carlton,John Hynes,0,0,1,0,0,0,1
1998,18,1998-08-02,M.C.G.,Essendon,Carlton,Carlton,Anthony Koutoufides,15,6,2,0,2,0,2
1998,18,1998-08-02,M.C.G.,Essendon,Carlton,Carlton,Damien Lock,2,0,1,0,0,0,0
1998,18,1998-08-02,M.C.G.,Essendon,Carlton,Carlton,Glenn Manton,4,5,7,0,0,0,1
1998,18,1998-08-02,M.C.G.,Essendon,Carlton,Carlton,Kris Massie,7,1,3,1,0,0,1
1998,18,1998-08-02,M.C.G.,Essendon,Carlton,Carlton,Andrew McKay,7,1,7,0,1,0,2
1998,18,1998-08-02,M.C.G.,Essendon,Carlton,Carlton,Justin Murphy,12,7,14,0,0,0,0
1998,18,1998-08-02,M.C.G.,Essendon,Carlton,Carlton,Mark Porter,2,1,2,0,0,8,1
1998,18,1998-08-02,M.C.G.,Essendon,Carlton,Carlton,Dean Rice,8,4,2,1,0,0,4
1998,18,1998-08-02,M.C.G.,Essendon,Carlton,Carlton,Michael Sexton,13,4,7,0,0,0,0
1998,18,1998-08-02,M.C.G.,Essendon,Carlton,Carlton,Stephen Silvagni,13,5,5,0,0,0,4
1998,18,1998-08-02,M.C.G.,Essendon,Carlton,Carlton,Adam White,15,5,3,1,1,2,1
1998,18,1998-08-02,M.C.G.,Essendon,Carlton,Carlton,Lance Whitnall,9,6,7,2,2,4,0
1998,18,1998-08-02,Waverley Park,Hawthorn,Richmond,Hawthorn,John Barker,15,7,3,0,0,1,5
1998,18,1998-08-02,Waverley Park,Hawthorn,Richmond,Hawthorn,Justin Crawford,10,2,7,0,1,0,2
1998,18,1998-08-02,Waverley Park,Hawthorn,Richmond,Hawthorn,Shane Crawford,17,3,6,1,0,0,3
1998,18,1998-08-02,Waverley Park,Hawthorn,Richmond,Hawthorn,Trent Croad,7,5,6,0,0,1,2
1998,18,1998-08-02,Waverley Park,Hawthorn,Richmond,Hawthorn,Ben Dixon,13,4,4,3,2,0,5
1998,18,1998-08-02,Waverley Park,Hawthorn,Richmond,Hawthorn,Mark Graham,15,5,5,0,0,0,0
1998,18,1998-08-02,Waverley Park,Hawthorn,Richmond,Hawthorn,Daniel Harford,11,2,10,1,1,0,3
1998,18,1998-08-02,Waverley Park,Hawthorn,Richmond,Hawthorn,Jon Hassall,15,4,9,0,0,1,2
1998,18,1998-08-02,Waverley Park,Hawthorn,Richmond,Hawthorn,Nick Holland,8,8,4,2,0,6,2
1998,18,1998-08-02,Waverley Park,Hawthorn,Richmond,Hawthorn,Brendan Krummel,7,4,5,1,1,2,3
1998,18,1998-08-02,Waverley Park,Hawthorn,Richmond,Hawthorn,Angelo Lekkas,20,6,8,1,0,0,3
1998,18,1998-08-02,Waverley Park,Hawthorn,Richmond,Hawthorn,Brad Lloyd,5,1,8,0,0,0,4
1998,18,1998-08-02,Waverley Park,Hawthorn,Richmond,Hawthorn,Aaron Lord,13,6,19,0,1,0,4
1998,18,1998-08-02,Waverley Park,Hawthorn,Richmond,Hawthorn,Luke McCabe,8,4,7,0,0,0,3
1998,18,1998-08-02,Waverley Park,Hawthorn,Richmond,Hawthorn,Chris Obst,2,1,2,0,0,0,2
1998,18,1998-08-02,Waverley Park,Hawthorn,Richmond,Hawthorn,Jade Rawlings,0,0,1,0,0,0,0
1998,18,1998-08-02,Waverley Park,Hawthorn,Richmond,Hawthorn,Jonathon Robran,8,5,3,1,0,0,0
1998,18,1998-08-02,Waverley Park,Hawthorn,Richmond,Hawthorn,Paul Salmon,18,8,8,0,0,25,2
1998,18,1998-08-02,Waverley Park,Hawthorn,Richmond,Hawthorn,Richard Taylor,2,0,5,0,0,0,2
1998,18,1998-08-02,Waverley Park,Hawthorn,Richmond,Hawthorn,Nathan Thompson,0,0,1,0,0,0,0
1998,18,1998-08-02,Waverley Park,Hawthorn,Richmond,Hawthorn,Craig Treleven,20,6,8,0,1,0,4
1998,18,1998-08-02,Waverley Park,Hawthorn,Richmond,Hawthorn,Tony Woods,11,7,5,0,0,0,1
1998,18,1998-08-02,Waverley Park,Hawthorn,Richmond,Richmond,Ashley Blurton,2,1,0,0,0,0,0
1998,18,1998-08-02,Waverley Park,Hawthorn,Richmond,Richmond,Joel Bowden,6,5,10,0,0,1,1
1998,18,1998-08-02,Waverley Park,Hawthorn,Richmond,Richmond,Nathan Bower,3,2,0,0,0,0,0
1998,18,1998-08-02,Waverley Park,Hawthorn,Richmond,Richmond,Paul Broderick,12,7,12,0,0,0,4
1998,18,1998-08-02,Waverley Park,Hawthorn,Richmond,Richmond,Wayne Campbell,14,4,8,0,0,1,4
1998,18,1998-08-02,Waverley Park,Hawthorn,Richmond,Richmond,Mark Chaffey,7,3,5,0,0,0,1
1998,18,1998-08-02,Waverley Park,Hawthorn,Richmond,Richmond,Justin Charles,3,2,1,0,1,9,0
1998,18,1998-08-02,Waverley Park,Hawthorn,Richmond,Richmond,Nick Daffy,10,4,1,1,3,0,1
1998,18,1998-08-02,Waverley Park,Hawthorn,Richmond,Richmond,Brett Evans,16,10,9,0,1,0,1
1998,18,1998-08-02,Waverley Park,Hawthorn,Richmond,Richmond,Brendon Gale,6,7,9,0,0,15,0
1998,18,1998-08-02,Waverley Park,Hawthorn,Richmond,Richmond,Darren Gaspar,10,8,5,0,0,0,4
1998,18,1998-08-02,Waverley Park,Hawthorn,Richmond,Richmond,Ben Harrison,16,3,7,0,0,0,0
1998,18,1998-08-02,Waverley Park,Hawthorn,Richmond,Richmond,Andrew Kellaway,2,1,1,0,0,0,0
1998,18,1998-08-02,Waverley Park,Hawthorn,Richmond,Richmond,Matthew Knights,10,0,6,0,1,0,2
1998,18,1998-08-02,Waverley Park,Hawthorn,Richmond,Richmond,Ben Moore,3,3,2,0,0,0,1
1998,18,1998-08-02,Waverley Park,Hawthorn,Richmond,Richmond,Justin Plapp,5,8,6,0,1,0,3
1998,18,1998-08-02,Waverley Park,Hawthorn,Richmond,Richmond,Robert Powell,9,3,2,0,0,0,1
1998,18,1998-08-02,Waverley Park,Hawthorn,Richmond,Richmond,Ashley Prescott,13,6,13,0,0,0,2
1998,18,1998-08-02,Waverley Park,Hawthorn,Richmond,Richmond,Matthew Richardson,7,6,5,3,2,0,0
1998,18,1998-08-02,Waverley Park,Hawthorn,Richmond,Richmond,Matthew Rogers,17,6,1,0,0,0,1
1998,18,1998-08-02,Waverley Park,Hawthorn,Richmond,Richmond,Jason Torney,5,4,10,0,0,0,5
1998,18,1998-08-02,Waverley Park,Hawthorn,Richmond,Richmond,Scott Turner,4,7,6,0,0,5,0
1998,19,1998-08-07,Gabba,Brisbane Lions,North Melbourne,Brisbane Lions,Marcus Ashcroft,12,1,6,1,0,1,4
1998,19,1998-08-07,Gabba,Brisbane Lions,North Melbourne,Brisbane Lions,Scott Bamford,10,4,3,1,1,0,2
1998,19,1998-08-07,Gabba,Brisbane Lions,North Melbourne,Brisbane Lions,Brad Boyd,8,5,9,0,1,0,1
1998,19,1998-08-07,Gabba,Brisbane Lions,North Melbourne,Brisbane Lions,Daniel Bradshaw,8,5,2,0,0,0,2
1998,19,1998-08-07,Gabba,Brisbane Lions,North Melbourne,Brisbane Lions,Richard Champion,10,4,0,0,0,2,0
1998,19,1998-08-07,Gabba,Brisbane Lions,North Melbourne,Brisbane Lions,Matthew Clarke,7,3,7,1,0,24,1
1998,19,1998-08-07,Gabba,Brisbane Lions,North Melbourne,Brisbane Lions,Danny Dickfos,6,6,7,0,1,1,2
1998,19,1998-08-07,Gabba,Brisbane Lions,North Melbourne,Brisbane Lions,Andrew Gowers,5,2,0,0,0,0,0
1998,19,1998-08-07,Gabba,Brisbane Lions,North Melbourne,Brisbane Lions,Shaun Hart,1,0,1,0,0,1,0
1998,19,1998-08-07,Gabba,Brisbane Lions,North Melbourne,Brisbane Lions,Clark Keating,2,1,3,1,0,1,0
1998,19,1998-08-07,Gabba,Brisbane Lions,North Melbourne,Brisbane Lions,Matthew Kennedy,10,2,4,0,0,1,1
1998,19,1998-08-07,Gabba,Brisbane Lions,North Melbourne,Brisbane Lions,Nigel Lappin,14,2,10,0,0,0,0
1998,19,1998-08-07,Gabba,Brisbane Lions,North Melbourne,Brisbane Lions,Steven Lawrence,10,4,6,5,3,0,2
1998,19,1998-08-07,Gabba,Brisbane Lions,North Melbourne,Brisbane Lions,Justin Leppitsch,10,4,4,0,0,0,1
1998,19,1998-08-07,Gabba,Brisbane Lions,North Melbourne,Brisbane Lions,Tristan Lynch,13,6,7,0,0,0,5
1998,19,1998-08-07,Gabba,Brisbane Lions,North Melbourne,Brisbane Lions,Craig McRae,16,5,9,1,0,0,0
1998,19,1998-08-07,Gabba,Brisbane Lions,North Melbourne,Brisbane Lions,Luke Power,10,3,5,0,1,0,2
1998,19,1998-08-07,Gabba,Brisbane Lions,North Melbourne,Brisbane Lions,Brad Scott,9,5,8,0,0,0,1
1998,19,1998-08-07,Gabba,Brisbane Lions,North Melbourne,Brisbane Lions,Chris Scott,19,4,15,0,0,0,4
1998,19,1998-08-07,Gabba,Brisbane Lions,North Melbourne,Brisbane Lions,Dion Scott,1,1,4,1,0,2,0
1998,19,1998-08-07,Gabba,Brisbane Lions,North Melbourne,Brisbane Lions,Brett Voss,7,2,8,0,1,0,4
1998,19,1998-08-07,Gabba,Brisbane Lions,North Melbourne,Brisbane Lions,Darryl White,11,3,7,1,0,0,3
1998,19,1998-08-07,Gabba,Brisbane Lions,North Melbourne,North Melbourne,Winston Abraham,12,1,0,0,1,0,2
1998,19,1998-08-07,Gabba,Brisbane Lions,North Melbourne,North Melbourne,Brett Allison,1,1,0,0,0,0,0
1998,19,1998-08-07,Gabba,Brisbane Lions,North Melbourne,North Melbourne,Glenn Archer,0,1,0,0,0,0,0
1998,19,1998-08-07,Gabba,Brisbane Lions,North Melbourne,North Melbourne,Peter Bell,16,3,10,0,0,0,2
1998,19,1998-08-07,Gabba,Brisbane Lions,North Melbourne,North Melbourne,John Blakey,9,2,0,0,0,0,0
1998,19,1998-08-07,Gabba,Brisbane Lions,North Melbourne,North Melbourne,Mathew Capuano,8,2,4,0,0,12,0
1998,19,1998-08-07,Gabba,Brisbane Lions,North Melbourne,North Melbourne,Wayne Carey,11,6,4,3,4,2,1
1998,19,1998-08-07,Gabba,Brisbane Lions,North Melbourne,North Melbourne,Brett Chandler,7,2,4,0,0,0,4
1998,19,1998-08-07,Gabba,Brisbane Lions,North Melbourne,North Melbourne,Glenn Freeborn,7,3,4,2,0,0,1
1998,19,1998-08-07,Gabba,Brisbane Lions,North Melbourne,North Melbourne,Shannon Grant,6,3,3,3,2,0,1
1998,19,1998-08-07,Gabba,Brisbane Lions,North Melbourne,North Melbourne,Brent Harvey,10,2,2,1,3,0,0
1998,19,1998-08-07,Gabba,Brisbane Lions,North Melbourne,North Melbourne,David King,20,5,3,0,1,0,0
1998,19,1998-08-07,Gabba,Brisbane Lions,North Melbourne,North Melbourne,Mick Martyn,7,2,3,0,0,1,0
1998,19,1998-08-07,Gabba,Brisbane Lions,North Melbourne,North Melbourne,Jason McCartney,8,6,4,0,0,1,1
1998,19,1998-08-07,Gabba,Brisbane Lions,North Melbourne,North Melbourne,Corey McKernan,10,3,5,1,1,10,1
1998,19,1998-08-07,Gabba,Brisbane Lions,North Melbourne,North Melbourne,Byron Pickett,6,1,2,0,0,0,1
1998,19,1998-08-07,Gabba,Brisbane Lions,North Melbourne,North Melbourne,Martin Pike,6,2,3,1,1,0,0
1998,19,1998-08-07,Gabba,Brisbane Lions,North Melbourne,North Melbourne,Mark Roberts,10,4,7,2,1,0,1
1998,19,1998-08-07,Gabba,Brisbane Lions,North Melbourne,North Melbourne,Robert Scott,4,1,7,0,0,0,2
1998,19,1998-08-07,Gabba,Brisbane Lions,North Melbourne,North Melbourne,Craig Sholl,9,6,5,2,1,0,2
1998,19,1998-08-07,Gabba,Brisbane Lions,North Melbourne,North Melbourne,Adam Simpson,11,5,10,0,0,0,0
1998,19,1998-08-07,Gabba,Brisbane Lions,North Melbourne,North Melbourne,Anthony Stevens,23,3,5,0,1,1,5
1998,19,1998-08-08,M.C.G.,Melbourne,Carlton,Melbourne,Matthew Collins,3,4,4,0,0,0,1
1998,19,1998-08-08,M.C.G.,Melbourne,Carlton,Melbourne,Jeff Farmer,8,2,1,3,2,0,0
1998,19,1998-08-08,M.C.G.,Melbourne,Carlton,Melbourne,Matthew Febey,12,1,9,0,1,0,6
1998,19,1998-08-08,M.C.G.,Melbourne,Carlton,Melbourne,Steven Febey,9,2,7,0,0,0,0
1998,19,1998-08-08,M.C.G.,Melbourne,Carlton,Melbourne,Damien Gaspar,0,1,1,0,0,0,0
1998,19,1998-08-08,M.C.G.,Melbourne,Carlton,Melbourne,Anthony Ingerson,5,4,3,0,0,1,1
1998,19,1998-08-08,M.C.G.,Melbourne,Carlton,Melbourne,Darren Kowal,4,4,6,0,0,0,1
1998,19,1998-08-08,M.C.G.,Melbourne,Carlton,Melbourne,Andrew Leoncelli,11,7,8,1,0,0,3
1998,19,1998-08-08,M.C.G.,Melbourne,Carlton,Melbourne,Garry Lyon,10,2,1,5,2,0,1
1998,19,1998-08-08,M.C.G.,Melbourne,Carlton,Melbourne,Anthony McDonald,8,4,5,0,1,0,4
1998,19,1998-08-08,M.C.G.,Melbourne,Carlton,Melbourne,James McDonald,6,2,4,0,0,0,2
1998,19,1998-08-08,M.C.G.,Melbourne,Carlton,Melbourne,David Neitz,10,4,6,0,1,2,0
1998,19,1998-08-08,M.C.G.,Melbourne,Carlton,Melbourne,Guy Rigoni,6,4,10,0,1,0,2
1998,19,1998-08-08,M.C.G.,Melbourne,Carlton,Melbourne,David Schwarz,10,6,8,6,1,4,4
1998,19,1998-08-08,M.C.G.,Melbourne,Carlton,Melbourne,Jamie Shanahan,6,2,3,0,0,1,1
1998,19,1998-08-08,M.C.G.,Melbourne,Carlton,Melbourne,Craig Smoker,5,3,1,0,1,0,0
1998,19,1998-08-08,M.C.G.,Melbourne,Carlton,Melbourne,Jim Stynes,4,3,2,0,1,7,0
1998,19,1998-08-08,M.C.G.,Melbourne,Carlton,Melbourne,Stephen Tingay,13,6,5,1,4,0,1
1998,19,1998-08-08,M.C.G.,Melbourne,Carlton,Melbourne,Todd Viney,14,2,10,0,0,0,2
1998,19,1998-08-08,M.C.G.,Melbourne,Carlton,Melbourne,Jeff White,4,1,5,0,0,14,0
1998,19,1998-08-08,M.C.G.,Melbourne,Carlton,Melbourne,Shane Woewodin,15,7,6,0,0,0,3
1998,19,1998-08-08,M.C.G.,Melbourne,Carlton,Melbourne,Adem Yze,11,1,4,0,0,0,1
1998,19,1998-08-08,M.C.G.,Melbourne,Carlton,Carlton,Matthew Allan,7,4,7,2,0,19,2
1998,19,1998-08-08,M.C.G.,Melbourne,Carlton,Carlton,Jacob Anstey,7,5,5,0,0,0,1
1998,19,1998-08-08,M.C.G.,Melbourne,Carlton,Carlton,Simon Beaumont,10,7,6,1,2,0,0
1998,19,1998-08-08,M.C.G.,Melbourne,Carlton,Carlton,Craig Bradley,9,2,2,0,0,0,0
1998,19,1998-08-08,M.C.G.,Melbourne,Carlton,Carlton,Fraser Brown,15,1,17,0,0,0,4
1998,19,1998-08-08,M.C.G.,Melbourne,Carlton,Carlton,Scott Camporeale,10,3,5,0,1,0,4
1998,19,1998-08-08,M.C.G.,Melbourne,Carlton,Carlton,Ron De Iulio,3,3,0,1,0,0,2
1998,19,1998-08-08,M.C.G.,Melbourne,Carlton,Carlton,Peter Dean,2,2,4,1,0,0,2
1998,19,1998-08-08,M.C.G.,Melbourne,Carlton,Carlton,Matthew Hogg,10,4,0,1,1,0,2
1998,19,1998-08-08,M.C.G.,Melbourne,Carlton,Carlton,John Hynes,10,4,2,1,1,0,1
1998,19,1998-08-08,M.C.G.,Melbourne,Carlton,Carlton,Damien Lock,1,1,2,0,0,0,0
1998,19,1998-08-08,M.C.G.,Melbourne,Carlton,Carlton,Glenn Manton,7,7,9,0,0,0,4
1998,19,1998-08-08,M.C.G.,Melbourne,Carlton,Carlton,Kris Massie,7,6,5,0,0,1,0
1998,19,1998-08-08,M.C.G.,Melbourne,Carlton,Carlton,Andrew McKay,10,4,7,0,1,0,3
1998,19,1998-08-08,M.C.G.,Melbourne,Carlton,Carlton,Justin Murphy,13,6,11,0,0,0,1
1998,19,1998-08-08,M.C.G.,Melbourne,Carlton,Carlton,Mark Porter,1,1,2,0,0,14,1
1998,19,1998-08-08,M.C.G.,Melbourne,Carlton,Carlton,Brett Ratten,13,5,8,0,2,0,2
1998,19,1998-08-08,M.C.G.,Melbourne,Carlton,Carlton,Dean Rice,14,6,5,0,1,0,0
1998,19,1998-08-08,M.C.G.,Melbourne,Carlton,Carlton,Michael Sexton,12,7,2,0,0,0,2
1998,19,1998-08-08,M.C.G.,Melbourne,Carlton,Carlton,Stephen Silvagni,5,1,5,0,0,0,4
1998,19,1998-08-08,M.C.G.,Melbourne,Carlton,Carlton,Adam White,2,1,1,0,1,0,0
1998,19,1998-08-08,M.C.G.,Melbourne,Carlton,Carlton,Lance Whitnall,10,3,4,1,1,2,0
1998,19,1998-08-08,Princes Park,Western Bulldogs,Geelong,Western Bulldogs,Leon Cameron,19,8,6,0,1,0,0
1998,19,1998-08-08,Princes Park,Western Bulldogs,Geelong,Western Bulldogs,Simon Cox,2,3,6,0,0,1,2
1998,19,1998-08-08,Princes Park,Western Bulldogs,Geelong,Western Bulldogs,Matthew Croft,7,2,4,0,0,0,1
1998,19,1998-08-08,Princes Park,Western Bulldogs,Geelong,Western Bulldogs,Todd Curley,4,1,10,1,0,0,4
1998,19,1998-08-08,Princes Park,Western Bulldogs,Geelong,Western Bulldogs,Luke Darcy,11,4,8,0,0,19,1
1998,19,1998-08-08,Princes Park,Western Bulldogs,Geelong,Western Bulldogs,Matthew Dent,4,2,4,0,0,0,0
1998,19,1998-08-08,Princes Park,Western Bulldogs,Geelong,Western Bulldogs,Paul Dimattina,5,3,3,0,0,0,1
1998,19,1998-08-08,Princes Park,Western Bulldogs,Geelong,Western Bulldogs,Craig Ellis,5,2,4,0,1,0,0
1998,19,1998-08-08,Princes Park,Western Bulldogs,Geelong,Western Bulldogs,Simon Garlick,3,0,0,0,0,0,2
1998,19,1998-08-08,Princes Park,Western Bulldogs,Geelong,Western Bulldogs,Chris Grant,11,5,4,1,4,0,0
1998,19,1998-08-08,Princes Park,Western Bulldogs,Geelong,Western Bulldogs,Paul Hudson,12,6,2,4,1,0,5
1998,19,1998-08-08,Princes Park,Western Bulldogs,Geelong,Western Bulldogs,Brad Johnson,11,4,3,0,0,0,2
1998,19,1998-08-08,Princes Park,Western Bulldogs,Geelong,Western Bulldogs,Steven Kolyniuk,19,6,7,3,2,0,1
1998,19,1998-08-08,Princes Park,Western Bulldogs,Geelong,Western Bulldogs,Steven Kretiuk,6,4,5,0,0,0,2
1998,19,1998-08-08,Princes Park,Western Bulldogs,Geelong,Western Bulldogs,Tyson Lane,5,6,0,1,1,0,3
1998,19,1998-08-08,Princes Park,Western Bulldogs,Geelong,Western Bulldogs,Michael Martin,10,3,4,0,2,0,2
1998,19,1998-08-08,Princes Park,Western Bulldogs,Geelong,Western Bulldogs,Brett Montgomery,7,4,8,2,0,0,2
1998,19,1998-08-08,Princes Park,Western Bulldogs,Geelong,Western Bulldogs,Stephen Powell,6,2,7,0,1,0,6
1998,19,1998-08-08,Princes Park,Western Bulldogs,Geelong,Western Bulldogs,Jose Romero,13,6,7,0,0,0,0
1998,19,1998-08-08,Princes Park,Western Bulldogs,Geelong,Western Bulldogs,Rohan Smith,18,6,2,1,2,0,1
1998,19,1998-08-08,Princes Park,Western Bulldogs,Geelong,Western Bulldogs,Scott West,8,1,12,0,0,0,4
1998,19,1998-08-08,Princes Park,Western Bulldogs,Geelong,Western Bulldogs,Brad Wira,4,0,3,0,0,0,0
1998,19,1998-08-08,Princes Park,Western Bulldogs,Geelong,Geelong,Craig Biddiscombe,0,0,3,0,0,0,0
1998,19,1998-08-08,Princes Park,Western Bulldogs,Geelong,Geelong,Clint Bizzell,11,6,8,1,1,0,2
1998,19,1998-08-08,Princes Park,Western Bulldogs,Geelong,Geelong,Ronnie Burns,4,3,1,2,2,0,2
1998,19,1998-08-08,Princes Park,Western Bulldogs,Geelong,Geelong,Leigh Colbert,13,6,8,0,0,1,3
1998,19,1998-08-08,Princes Park,Western Bulldogs,Geelong,Geelong,Derek Hall,11,5,5,1,0,0,1
1998,19,1998-08-08,Princes Park,Western Bulldogs,Geelong,Geelong,Garry Hocking,9,1,13,1,0,0,2
1998,19,1998-08-08,Princes Park,Western Bulldogs,Geelong,Geelong,Glenn Kilpatrick,11,1,4,0,0,0,1
1998,19,1998-08-08,Princes Park,Western Bulldogs,Geelong,Geelong,Steven King,6,5,1,0,1,15,2
1998,19,1998-08-08,Princes Park,Western Bulldogs,Geelong,Geelong,Michael Mansfield,2,1,1,0,0,0,0
1998,19,1998-08-08,Princes Park,Western Bulldogs,Geelong,Geelong,Martin McKinnon,5,6,4,0,0,0,0
1998,19,1998-08-08,Princes Park,Western Bulldogs,Geelong,Geelong,David Mensch,7,1,8,0,1,16,2
1998,19,1998-08-08,Princes Park,Western Bulldogs,Geelong,Geelong,Darren Milburn,10,6,7,0,0,0,5
1998,19,1998-08-08,Princes Park,Western Bulldogs,Geelong,Geelong,James Rahilly,9,4,2,0,1,0,0
1998,19,1998-08-08,Princes Park,Western Bulldogs,Geelong,Geelong,Peter Riccardi,13,0,4,2,0,0,4
1998,19,1998-08-08,Princes Park,Western Bulldogs,Geelong,Geelong,Cameron Roberts,2,1,3,0,0,1,2
1998,19,1998-08-08,Princes Park,Western Bulldogs,Geelong,Geelong,Brenton Sanderson,8,2,4,1,0,0,1
1998,19,1998-08-08,Princes Park,Western Bulldogs,Geelong,Geelong,Brad Sholl,18,6,2,0,0,0,2
1998,19,1998-08-08,Princes Park,Western Bulldogs,Geelong,Geelong,Hamish Simpson,8,3,6,0,0,0,3
1998,19,1998-08-08,Princes Park,Western Bulldogs,Geelong,Geelong,Jason Snell,3,3,5,1,1,0,1
1998,19,1998-08-08,Princes Park,Western Bulldogs,Geelong,Geelong,Brett Spinks,4,3,2,1,1,2,1
1998,19,1998-08-08,Princes Park,Western Bulldogs,Geelong,Geelong,Carl Steinfort,11,7,6,0,0,0,2
1998,19,1998-08-08,Princes Park,Western Bulldogs,Geelong,Geelong,Justin Wood,10,3,0,4,0,0,1
1998,19,1998-08-08,Waverley Park,St Kilda,Hawthorn,St Kilda,Luke Beveridge,3,0,3,0,0,0,0
1998,19,1998-08-08,Waverley Park,St Kilda,Hawthorn,St Kilda,Tony Brown,8,6,11,0,1,0,1
1998,19,1998-08-08,Waverley Park,St Kilda,Hawthorn,St Kilda,Nathan Burke,12,3,9,0,1,0,4
1998,19,1998-08-08,Waverley Park,St Kilda,Hawthorn,St Kilda,Brad Campbell,4,2,5,1,0,0,2
1998,19,1998-08-08,Waverley Park,St Kilda,Hawthorn,St Kilda,Brett Cook,8,9,10,2,0,10,1
1998,19,1998-08-08,Waverley Park,St Kilda,Hawthorn,St Kilda,Sam Cranage,3,1,1,0,0,0,1
1998,19,1998-08-08,Waverley Park,St Kilda,Hawthorn,St Kilda,Tim Elliott,5,2,5,0,0,0,0
1998,19,1998-08-08,Waverley Park,St Kilda,Hawthorn,St Kilda,Peter Everitt,20,13,6,3,2,12,0
1998,19,1998-08-08,Waverley Park,St Kilda,Hawthorn,St Kilda,Robert Harvey,21,4,15,0,0,0,1
1998,19,1998-08-08,Waverley Park,St Kilda,Hawthorn,St Kilda,Jason Heatley,9,4,2,2,2,0,2
1998,19,1998-08-08,Waverley Park,St Kilda,Hawthorn,St Kilda,Max Hudghton,4,3,7,0,1,0,2
1998,19,1998-08-08,Waverley Park,St Kilda,Hawthorn,St Kilda,Brett Knowles,3,1,2,0,0,0,1
1998,19,1998-08-08,Waverley Park,St Kilda,Hawthorn,St Kilda,Joe McLaren,15,8,7,0,0,0,0
1998,19,1998-08-08,Waverley Park,St Kilda,Hawthorn,St Kilda,Gavin Mitchell,2,1,1,0,0,0,3
1998,19,1998-08-08,Waverley Park,St Kilda,Hawthorn,St Kilda,Justin Peckett,11,3,3,0,0,0,0
1998,19,1998-08-08,Waverley Park,St Kilda,Hawthorn,St Kilda,David Sierakowski,4,4,4,2,0,1,2
1998,19,1998-08-08,Waverley Park,St Kilda,Hawthorn,St Kilda,Steven Sziller,7,3,7,0,0,0,1
1998,19,1998-08-08,Waverley Park,St Kilda,Hawthorn,St Kilda,Andrew Thompson,11,2,9,0,0,0,3
1998,19,1998-08-08,Waverley Park,St Kilda,Hawthorn,St Kilda,Darryl Wakelin,6,3,5,0,1,5,0
1998,19,1998-08-08,Waverley Park,St Kilda,Hawthorn,St Kilda,Shane Wakelin,7,3,3,0,0,0,0
1998,19,1998-08-08,Waverley Park,St Kilda,Hawthorn,St Kilda,Nicky Winmar,11,5,14,0,1,0,4
1998,19,1998-08-08,Waverley Park,St Kilda,Hawthorn,St Kilda,Matthew Young,12,5,5,0,0,0,1
1998,19,1998-08-08,Waverley Park,St Kilda,Hawthorn,Hawthorn,John Barker,6,6,7,0,0,1,1
1998,19,1998-08-08,Waverley Park,St Kilda,Hawthorn,Hawthorn,Daniel Chick,9,2,1,1,0,0,5
1998,19,1998-08-08,Waverley Park,St Kilda,Hawthorn,Hawthorn,Justin Crawford,7,1,0,0,0,0,0
1998,19,1998-08-08,Waverley Park,St Kilda,Hawthorn,Hawthorn,Shane Crawford,25,4,9,1,1,1,1
1998,19,1998-08-08,Waverley Park,St Kilda,Hawthorn,Hawthorn,Trent Croad,4,1,2,0,0,0,1
1998,19,1998-08-08,Waverley Park,St Kilda,Hawthorn,Hawthorn,Ben Dixon,13,6,8,3,4,0,2
1998,19,1998-08-08,Waverley Park,St Kilda,Hawthorn,Hawthorn,Mark Graham,8,2,4,0,0,0,1
1998,19,1998-08-08,Waverley Park,St Kilda,Hawthorn,Hawthorn,Daniel Harford,9,5,14,0,0,0,4
1998,19,1998-08-08,Waverley Park,St Kilda,Hawthorn,Hawthorn,Jon Hassall,6,4,16,1,0,0,2
1998,19,1998-08-08,Waverley Park,St Kilda,Hawthorn,Hawthorn,Nick Holland,14,7,5,3,2,5,0
1998,19,1998-08-08,Waverley Park,St Kilda,Hawthorn,Hawthorn,Brendan Krummel,4,1,2,0,1,0,4
1998,19,1998-08-08,Waverley Park,St Kilda,Hawthorn,Hawthorn,Angelo Lekkas,14,6,6,0,1,0,3
1998,19,1998-08-08,Waverley Park,St Kilda,Hawthorn,Hawthorn,Brad Lloyd,1,1,1,1,0,0,1
1998,19,1998-08-08,Waverley Park,St Kilda,Hawthorn,Hawthorn,Aaron Lord,10,2,1,6,2,0,1
1998,19,1998-08-08,Waverley Park,St Kilda,Hawthorn,Hawthorn,Luke McCabe,11,4,4,0,0,0,1
1998,19,1998-08-08,Waverley Park,St Kilda,Hawthorn,Hawthorn,Chris Obst,9,1,5,0,0,0,0
1998,19,1998-08-08,Waverley Park,St Kilda,Hawthorn,Hawthorn,Jade Rawlings,3,3,0,2,0,0,0
1998,19,1998-08-08,Waverley Park,St Kilda,Hawthorn,Hawthorn,Jonathon Robran,8,3,9,0,1,4,0
1998,19,1998-08-08,Waverley Park,St Kilda,Hawthorn,Hawthorn,Paul Salmon,5,3,8,0,1,27,2
1998,19,1998-08-08,Waverley Park,St Kilda,Hawthorn,Hawthorn,Richard Taylor,13,2,6,1,0,0,1
1998,19,1998-08-08,Waverley Park,St Kilda,Hawthorn,Hawthorn,Craig Treleven,18,7,9,0,0,0,3
1998,19,1998-08-08,Waverley Park,St Kilda,Hawthorn,Hawthorn,Tony Woods,7,2,2,0,0,0,2
1998,19,1998-08-08,Subiaco,Fremantle,Essendon,Fremantle,Chris Bond,5,2,5,0,0,0,1
1998,19,1998-08-08,Subiaco,Fremantle,Essendon,Fremantle,Michael Brown,1,1,0,0,1,0,0
1998,19,1998-08-08,Subiaco,Fremantle,Essendon,Fremantle,Matthew Burton,5,4,7,1,0,16,1
1998,19,1998-08-08,Subiaco,Fremantle,Essendon,Fremantle,Craig Callaghan,12,4,2,0,1,0,4
1998,19,1998-08-08,Subiaco,Fremantle,Essendon,Fremantle,Trent Carroll,5,3,2,0,0,0,1
1998,19,1998-08-08,Subiaco,Fremantle,Essendon,Fremantle,Scott Chisholm,14,4,6,1,1,0,5
1998,19,1998-08-08,Subiaco,Fremantle,Essendon,Fremantle,James Clement,7,3,0,1,1,0,2
1998,19,1998-08-08,Subiaco,Fremantle,Essendon,Fremantle,Brad Dodd,8,1,4,0,0,0,1
1998,19,1998-08-08,Subiaco,Fremantle,Essendon,Fremantle,Adrian Fletcher,18,7,4,2,0,0,1
1998,19,1998-08-08,Subiaco,Fremantle,Essendon,Fremantle,Mark Gale,13,4,6,0,0,0,0
1998,19,1998-08-08,Subiaco,Fremantle,Essendon,Fremantle,Brodie Holland,5,0,1,1,0,0,1
1998,19,1998-08-08,Subiaco,Fremantle,Essendon,Fremantle,Kingsley Hunter,6,5,3,2,1,0,0
1998,19,1998-08-08,Subiaco,Fremantle,Essendon,Fremantle,Quenton Leach,3,1,0,0,0,0,0
1998,19,1998-08-08,Subiaco,Fremantle,Essendon,Fremantle,Peter Mann,5,4,0,0,0,0,1
1998,19,1998-08-08,Subiaco,Fremantle,Essendon,Fremantle,Andrew McGovern,6,2,6,0,0,0,0
1998,19,1998-08-08,Subiaco,Fremantle,Essendon,Fremantle,Clem Michael,4,4,10,0,0,8,0
1998,19,1998-08-08,Subiaco,Fremantle,Essendon,Fremantle,Jason Norrish,5,4,8,0,0,0,1
1998,19,1998-08-08,Subiaco,Fremantle,Essendon,Fremantle,Stephen OReilly,16,11,0,1,6,1,2
1998,19,1998-08-08,Subiaco,Fremantle,Essendon,Fremantle,Shane Parker,6,3,7,1,0,0,0
1998,19,1998-08-08,Subiaco,Fremantle,Essendon,Fremantle,Jess Sinclair,14,4,9,1,0,0,0
1998,19,1998-08-08,Subiaco,Fremantle,Essendon,Fremantle,James Walker,14,0,5,1,0,0,3
1998,19,1998-08-08,Subiaco,Fremantle,Essendon,Fremantle,Andrew Wills,12,4,5,0,1,0,0
1998,19,1998-08-08,Subiaco,Fremantle,Essendon,Essendon,Paul Barnard,0,1,6,0,0,0,0
1998,19,1998-08-08,Subiaco,Fremantle,Essendon,Essendon,Peter Berbakov,8,2,4,0,0,0,1
1998,19,1998-08-08,Subiaco,Fremantle,Essendon,Essendon,Darren Bewick,13,6,4,2,2,0,0
1998,19,1998-08-08,Subiaco,Fremantle,Essendon,Essendon,Justin Blumfield,9,4,9,1,0,0,2
1998,19,1998-08-08,Subiaco,Fremantle,Essendon,Essendon,David Calthorpe,14,3,5,0,1,0,3
1998,19,1998-08-08,Subiaco,Fremantle,Essendon,Essendon,Blake Caracella,3,1,3,0,0,0,1
1998,19,1998-08-08,Subiaco,Fremantle,Essendon,Essendon,Che Cockatoo-Collins,13,6,4,0,0,0,0
1998,19,1998-08-08,Subiaco,Fremantle,Essendon,Essendon,Ben Doolan,12,3,11,0,0,0,2
1998,19,1998-08-08,Subiaco,Fremantle,Essendon,Essendon,Dustin Fletcher,12,3,1,0,0,0,0
1998,19,1998-08-08,Subiaco,Fremantle,Essendon,Essendon,Mark Fraser,9,3,10,2,0,0,1
1998,19,1998-08-08,Subiaco,Fremantle,Essendon,Essendon,Damien Hardwick,5,1,4,0,0,0,0
1998,19,1998-08-08,Subiaco,Fremantle,Essendon,Essendon,James Hird,11,6,10,2,1,0,0
1998,19,1998-08-08,Subiaco,Fremantle,Essendon,Essendon,Jason Johnson,4,1,5,0,0,0,3
1998,19,1998-08-08,Subiaco,Fremantle,Essendon,Essendon,Matthew Lloyd,15,9,5,5,0,0,1
1998,19,1998-08-08,Subiaco,Fremantle,Essendon,Essendon,Scott Lucas,10,5,1,3,3,0,1
1998,19,1998-08-08,Subiaco,Fremantle,Essendon,Essendon,Mark Mercuri,12,3,9,3,0,0,1
1998,19,1998-08-08,Subiaco,Fremantle,Essendon,Essendon,Joe Misiti,11,4,11,0,0,1,1
1998,19,1998-08-08,Subiaco,Fremantle,Essendon,Essendon,Gary Moorcroft,5,3,0,0,0,0,0
1998,19,1998-08-08,Subiaco,Fremantle,Essendon,Essendon,Ryan OConnor,4,1,8,0,2,2,0
1998,19,1998-08-08,Subiaco,Fremantle,Essendon,Essendon,Gary ODonnell,13,2,7,0,0,0,1
1998,19,1998-08-08,Subiaco,Fremantle,Essendon,Essendon,Peter Somerville,14,4,5,0,0,32,2
1998,19,1998-08-08,Subiaco,Fremantle,Essendon,Essendon,Sean Wellman,10,5,3,0,0,0,1
1998,19,1998-08-09,S.C.G.,Sydney,West Coast,Sydney,Robert AhMat,1,0,4,0,0,0,0
1998,19,1998-08-09,S.C.G.,Sydney,West Coast,Sydney,Simon Arnott,2,1,0,0,0,0,0
1998,19,1998-08-09,S.C.G.,Sydney,West Coast,Sydney,Leo Barry,7,2,5,1,2,0,1
1998,19,1998-08-09,S.C.G.,Sydney,West Coast,Sydney,Troy Cook,13,1,8,1,0,0,0
1998,19,1998-08-09,S.C.G.,Sydney,West Coast,Sydney,Daryn Cresswell,20,5,12,1,0,0,1
1998,19,1998-08-09,S.C.G.,Sydney,West Coast,Sydney,Jared Crouch,2,0,3,0,0,0,0
1998,19,1998-08-09,S.C.G.,Sydney,West Coast,Sydney,Andrew Dunkley,6,2,3,0,0,2,1
1998,19,1998-08-09,S.C.G.,Sydney,West Coast,Sydney,Dale Lewis,7,4,5,2,0,1,1
1998,19,1998-08-09,S.C.G.,Sydney,West Coast,Sydney,Tony Lockett,3,1,5,1,1,0,1
1998,19,1998-08-09,S.C.G.,Sydney,West Coast,Sydney,Troy Luff,17,4,3,0,0,1,3
1998,19,1998-08-09,S.C.G.,Sydney,West Coast,Sydney,Stuart Maxfield,7,3,2,0,1,0,3
1998,19,1998-08-09,S.C.G.,Sydney,West Coast,Sydney,Jason Mooney,8,4,4,1,1,3,0
1998,19,1998-08-09,S.C.G.,Sydney,West Coast,Sydney,Matthew Nicks,16,5,10,0,1,0,0
1998,19,1998-08-09,S.C.G.,Sydney,West Coast,Sydney,Michael OLoughlin,14,5,6,1,3,0,4
1998,19,1998-08-09,S.C.G.,Sydney,West Coast,Sydney,Mark Orchard,8,2,12,0,0,0,0
1998,19,1998-08-09,S.C.G.,Sydney,West Coast,Sydney,Paul Roos,8,7,5,0,1,0,1
1998,19,1998-08-09,S.C.G.,Sydney,West Coast,Sydney,Jason Saddington,15,5,10,1,0,0,1
1998,19,1998-08-09,S.C.G.,Sydney,West Coast,Sydney,Wayne Schwass,19,4,11,0,0,1,0
1998,19,1998-08-09,S.C.G.,Sydney,West Coast,Sydney,Brad Seymour,5,6,5,0,0,0,1
1998,19,1998-08-09,S.C.G.,Sydney,West Coast,Sydney,Greg Stafford,13,7,7,0,1,20,1
1998,19,1998-08-09,S.C.G.,Sydney,West Coast,Sydney,John Stevens,15,5,2,1,1,0,1
1998,19,1998-08-09,S.C.G.,Sydney,West Coast,Sydney,Rowan Warfe,5,5,10,0,0,0,1
1998,19,1998-08-09,S.C.G.,Sydney,West Coast,West Coast,Jason Ball,6,3,6,1,0,14,1
1998,19,1998-08-09,S.C.G.,Sydney,West Coast,West Coast,Drew Banfield,10,6,11,0,0,0,1
1998,19,1998-08-09,S.C.G.,Sydney,West Coast,West Coast,Michael Braun,13,3,4,2,2,0,0
1998,19,1998-08-09,S.C.G.,Sydney,West Coast,West Coast,Ben Cousins,14,2,7,0,0,0,0
1998,19,1998-08-09,S.C.G.,Sydney,West Coast,West Coast,Brendon Fewster,1,1,1,0,0,6,0
1998,19,1998-08-09,S.C.G.,Sydney,West Coast,West Coast,Fraser Gehrig,7,3,5,0,0,1,1
1998,19,1998-08-09,S.C.G.,Sydney,West Coast,West Coast,Glen Jakovich,12,3,5,0,0,1,0
1998,19,1998-08-09,S.C.G.,Sydney,West Coast,West Coast,Rowan Jones,3,2,1,1,0,0,1
1998,19,1998-08-09,S.C.G.,Sydney,West Coast,West Coast,Chris Lewis,5,3,1,1,0,0,1
1998,19,1998-08-09,S.C.G.,Sydney,West Coast,West Coast,Peter Matera,16,4,5,0,1,0,0
1998,19,1998-08-09,S.C.G.,Sydney,West Coast,West Coast,Phillip Matera,4,1,1,0,1,0,0
1998,19,1998-08-09,S.C.G.,Sydney,West Coast,West Coast,Ashley McIntosh,5,2,0,0,0,0,1
1998,19,1998-08-09,S.C.G.,Sydney,West Coast,West Coast,Guy McKenna,10,7,9,0,0,1,1
1998,19,1998-08-09,S.C.G.,Sydney,West Coast,West Coast,Daniel Metropolis,10,5,2,0,0,0,1
1998,19,1998-08-09,S.C.G.,Sydney,West Coast,West Coast,Chad Morrison,6,2,6,0,1,0,0
1998,19,1998-08-09,S.C.G.,Sydney,West Coast,West Coast,Phillip Read,9,5,7,1,0,0,2
1998,19,1998-08-09,S.C.G.,Sydney,West Coast,West Coast,Jarrad Schofield,2,0,1,0,0,0,0
1998,19,1998-08-09,S.C.G.,Sydney,West Coast,West Coast,Paul Symmons,9,3,4,0,0,0,0
1998,19,1998-08-09,S.C.G.,Sydney,West Coast,West Coast,Chris Waterman,7,2,5,1,0,0,3
1998,19,1998-08-09,S.C.G.,Sydney,West Coast,West Coast,Mitchell White,13,8,8,1,2,1,0
1998,19,1998-08-09,S.C.G.,Sydney,West Coast,West Coast,Andrew Williams,5,3,1,0,0,1,0
1998,19,1998-08-09,S.C.G.,Sydney,West Coast,West Coast,John Worsfold,6,1,5,1,1,0,0
1998,19,1998-08-09,M.C.G.,Richmond,Collingwood,Richmond,Joel Bowden,15,5,9,0,1,1,2
1998,19,1998-08-09,M.C.G.,Richmond,Collingwood,Richmond,Paul Broderick,17,9,18,2,0,0,3
1998,19,1998-08-09,M.C.G.,Richmond,Collingwood,Richmond,Paul Bulluss,5,3,5,0,0,0,3
1998,19,1998-08-09,M.C.G.,Richmond,Collingwood,Richmond,Wayne Campbell,14,6,19,1,0,0,2
1998,19,1998-08-09,M.C.G.,Richmond,Collingwood,Richmond,Mark Chaffey,4,2,2,0,0,0,0
1998,19,1998-08-09,M.C.G.,Richmond,Collingwood,Richmond,Nick Daffy,16,6,6,1,0,0,3
1998,19,1998-08-09,M.C.G.,Richmond,Collingwood,Richmond,Brett Evans,9,3,5,1,2,0,0
1998,19,1998-08-09,M.C.G.,Richmond,Collingwood,Richmond,Brendon Gale,9,7,8,0,0,24,0
1998,19,1998-08-09,M.C.G.,Richmond,Collingwood,Richmond,Michael Gale,7,3,1,0,0,0,2
1998,19,1998-08-09,M.C.G.,Richmond,Collingwood,Richmond,Darren Gaspar,2,4,8,0,0,0,2
1998,19,1998-08-09,M.C.G.,Richmond,Collingwood,Richmond,Ben Harrison,19,8,10,0,1,0,0
1998,19,1998-08-09,M.C.G.,Richmond,Collingwood,Richmond,Andrew Kellaway,3,6,7,0,0,0,0
1998,19,1998-08-09,M.C.G.,Richmond,Collingwood,Richmond,Matthew Knights,12,1,13,0,1,0,4
1998,19,1998-08-09,M.C.G.,Richmond,Collingwood,Richmond,Steven McKee,1,2,1,0,0,1,1
1998,19,1998-08-09,M.C.G.,Richmond,Collingwood,Richmond,Trent Nichols,9,1,2,1,0,0,0
1998,19,1998-08-09,M.C.G.,Richmond,Collingwood,Richmond,Justin Plapp,9,8,4,4,0,0,0
1998,19,1998-08-09,M.C.G.,Richmond,Collingwood,Richmond,Robert Powell,13,5,3,1,0,0,3
1998,19,1998-08-09,M.C.G.,Richmond,Collingwood,Richmond,Ashley Prescott,6,2,4,0,0,0,3
1998,19,1998-08-09,M.C.G.,Richmond,Collingwood,Richmond,Matthew Richardson,6,5,0,1,3,0,0
1998,19,1998-08-09,M.C.G.,Richmond,Collingwood,Richmond,Matthew Rogers,13,4,8,0,0,0,0
1998,19,1998-08-09,M.C.G.,Richmond,Collingwood,Richmond,Jason Torney,4,3,8,0,1,0,1
1998,19,1998-08-09,M.C.G.,Richmond,Collingwood,Richmond,Scott Turner,6,1,6,0,0,0,1
1998,19,1998-08-09,M.C.G.,Richmond,Collingwood,Collingwood,Gavin Brown,5,2,9,0,0,0,0
1998,19,1998-08-09,M.C.G.,Richmond,Collingwood,Collingwood,Scott Burns,16,7,8,0,2,1,2
1998,19,1998-08-09,M.C.G.,Richmond,Collingwood,Collingwood,Gavin Crosisca,14,4,5,1,0,0,1
1998,19,1998-08-09,M.C.G.,Richmond,Collingwood,Collingwood,Scott Crow,17,4,9,0,1,0,0
1998,19,1998-08-09,M.C.G.,Richmond,Collingwood,Collingwood,Brad Fuller,2,1,3,0,0,0,1
1998,19,1998-08-09,M.C.G.,Richmond,Collingwood,Collingwood,Luke Godden,10,4,2,0,0,0,5
1998,19,1998-08-09,M.C.G.,Richmond,Collingwood,Collingwood,Clinton King,6,4,13,0,1,0,1
1998,19,1998-08-09,M.C.G.,Richmond,Collingwood,Collingwood,Josh Mahoney,11,2,3,0,1,0,0
1998,19,1998-08-09,M.C.G.,Richmond,Collingwood,Collingwood,Stuart Mangin,2,1,1,2,0,0,1
1998,19,1998-08-09,M.C.G.,Richmond,Collingwood,Collingwood,Mal Michael,4,2,8,0,0,0,0
1998,19,1998-08-09,M.C.G.,Richmond,Collingwood,Collingwood,Damian Monkhorst,10,11,12,0,0,20,0
1998,19,1998-08-09,M.C.G.,Richmond,Collingwood,Collingwood,Stephen Patterson,8,1,3,1,0,0,3
1998,19,1998-08-09,M.C.G.,Richmond,Collingwood,Collingwood,Simon Prestigiacomo,1,0,1,0,0,0,0
1998,19,1998-08-09,M.C.G.,Richmond,Collingwood,Collingwood,Frankie Raso,7,1,4,0,3,0,2
1998,19,1998-08-09,M.C.G.,Richmond,Collingwood,Collingwood,Mark Richardson,4,5,6,1,0,2,1
1998,19,1998-08-09,M.C.G.,Richmond,Collingwood,Collingwood,Saverio Rocca,14,10,1,2,2,4,0
1998,19,1998-08-09,M.C.G.,Richmond,Collingwood,Collingwood,Andrew Schauble,11,8,6,0,0,2,3
1998,19,1998-08-09,M.C.G.,Richmond,Collingwood,Collingwood,Jamie Tape,12,4,6,1,0,0,3
1998,19,1998-08-09,M.C.G.,Richmond,Collingwood,Collingwood,Chris Tarrant,1,0,3,0,0,0,1
1998,19,1998-08-09,M.C.G.,Richmond,Collingwood,Collingwood,Brent Tuckey,1,2,1,0,0,0,0
1998,19,1998-08-09,M.C.G.,Richmond,Collingwood,Collingwood,James Wasley,14,3,4,0,1,0,3
1998,19,1998-08-09,M.C.G.,Richmond,Collingwood,Collingwood,Shane Watson,12,5,1,1,1,0,1
1998,19,1998-08-09,Football Park,Adelaide,Port Adelaide,Adelaide,Nathan Bassett,3,0,0,0,0,0,0
1998,19,1998-08-09,Football Park,Adelaide,Port Adelaide,Adelaide,Peter Caven,7,4,3,2,0,0,0
1998,19,1998-08-09,Football Park,Adelaide,Port Adelaide,Adelaide,Matthew Connell,21,8,12,0,0,0,1
1998,19,1998-08-09,Football Park,Adelaide,Port Adelaide,Adelaide,Tim Cook,7,0,0,0,0,0,2
1998,19,1998-08-09,Football Park,Adelaide,Port Adelaide,Adelaide,Andrew Eccles,16,8,2,0,0,1,1
1998,19,1998-08-09,Football Park,Adelaide,Port Adelaide,Adelaide,Tyson Edwards,8,4,4,1,0,0,1
1998,19,1998-08-09,Football Park,Adelaide,Port Adelaide,Adelaide,Simon Goodwin,11,5,6,1,0,0,1
1998,19,1998-08-09,Football Park,Adelaide,Port Adelaide,Adelaide,Ben Hart,9,2,6,0,0,1,5
1998,19,1998-08-09,Football Park,Adelaide,Port Adelaide,Adelaide,Brett James,5,2,10,0,0,0,2
1998,19,1998-08-09,Football Park,Adelaide,Port Adelaide,Adelaide,Darren Jarman,10,9,6,4,0,0,2
1998,19,1998-08-09,Football Park,Adelaide,Port Adelaide,Adelaide,Kym Koster,13,9,7,0,0,0,0
1998,19,1998-08-09,Football Park,Adelaide,Port Adelaide,Adelaide,Matthew Liptak,7,2,1,0,0,2,3
1998,19,1998-08-09,Football Park,Adelaide,Port Adelaide,Adelaide,Ben Marsh,4,4,1,0,0,8,0
1998,19,1998-08-09,Football Park,Adelaide,Port Adelaide,Adelaide,Andrew McLeod,11,4,7,3,0,0,1
1998,19,1998-08-09,Football Park,Adelaide,Port Adelaide,Adelaide,Tony Modra,8,4,3,2,1,0,1
1998,19,1998-08-09,Football Park,Adelaide,Port Adelaide,Adelaide,Shaun Rehn,13,10,1,0,0,15,3
1998,19,1998-08-09,Football Park,Adelaide,Port Adelaide,Adelaide,Mark Ricciuto,25,11,9,0,1,1,1
1998,19,1998-08-09,Football Park,Adelaide,Port Adelaide,Adelaide,Matthew Robran,5,3,7,2,1,0,2
1998,19,1998-08-09,Football Park,Adelaide,Port Adelaide,Adelaide,Nigel Smart,12,1,8,0,0,2,1
1998,19,1998-08-09,Football Park,Adelaide,Port Adelaide,Adelaide,Mark Stevens,8,3,6,0,0,2,1
1998,19,1998-08-09,Football Park,Adelaide,Port Adelaide,Adelaide,James Thiessen,8,2,1,0,1,0,2
1998,19,1998-08-09,Football Park,Adelaide,Port Adelaide,Adelaide,Peter Vardy,15,10,2,7,5,0,4
1998,19,1998-08-09,Football Park,Adelaide,Port Adelaide,Port Adelaide,Shane Bond,4,2,2,0,0,0,0
1998,19,1998-08-09,Football Park,Adelaide,Port Adelaide,Port Adelaide,Shayne Breuer,10,1,10,0,0,2,0
1998,19,1998-08-09,Football Park,Adelaide,Port Adelaide,Port Adelaide,Brett Chalmers,3,3,1,3,0,1,1
1998,19,1998-08-09,Football Park,Adelaide,Port Adelaide,Port Adelaide,Scott Cummings,2,2,1,0,1,0,1
1998,19,1998-08-09,Football Park,Adelaide,Port Adelaide,Port Adelaide,Stuart Dew,4,1,0,0,0,0,0
1998,19,1998-08-09,Football Park,Adelaide,Port Adelaide,Port Adelaide,Donald Dickie,15,8,5,0,0,0,4
1998,19,1998-08-09,Football Park,Adelaide,Port Adelaide,Port Adelaide,Nathan Eagleton,9,5,4,0,1,0,1
1998,19,1998-08-09,Football Park,Adelaide,Port Adelaide,Port Adelaide,Josh Francou,13,0,8,0,1,0,5
1998,19,1998-08-09,Football Park,Adelaide,Port Adelaide,Port Adelaide,Adam Heuskes,16,3,1,0,0,0,2
1998,19,1998-08-09,Football Park,Adelaide,Port Adelaide,Port Adelaide,Roger James,2,1,3,0,0,0,0
1998,19,1998-08-09,Football Park,Adelaide,Port Adelaide,Port Adelaide,Adam Kingsley,5,2,9,0,0,1,0
1998,19,1998-08-09,Football Park,Adelaide,Port Adelaide,Port Adelaide,Brendon Lade,10,3,2,1,0,6,4
1998,19,1998-08-09,Football Park,Adelaide,Port Adelaide,Port Adelaide,Bowen Lockwood,9,7,1,1,3,0,0
1998,19,1998-08-09,Football Park,Adelaide,Port Adelaide,Port Adelaide,Brayden Lyle,15,5,5,0,0,1,3
1998,19,1998-08-09,Football Park,Adelaide,Port Adelaide,Port Adelaide,Darren Mead,3,4,5,0,0,1,1
1998,19,1998-08-09,Football Park,Adelaide,Port Adelaide,Port Adelaide,Chris Naish,13,3,1,1,1,0,2
1998,19,1998-08-09,Football Park,Adelaide,Port Adelaide,Port Adelaide,Stephen Paxman,4,2,2,1,1,0,1
1998,19,1998-08-09,Football Park,Adelaide,Port Adelaide,Port Adelaide,Matthew Primus,6,3,3,2,0,16,3
1998,19,1998-08-09,Football Park,Adelaide,Port Adelaide,Port Adelaide,Nick Stevens,12,7,6,1,1,0,0
1998,19,1998-08-09,Football Park,Adelaide,Port Adelaide,Port Adelaide,Warren Tredrea,4,0,5,0,0,5,1
1998,19,1998-08-09,Football Park,Adelaide,Port Adelaide,Port Adelaide,Gavin Wanganeen,7,6,7,0,0,0,2
1998,19,1998-08-09,Football Park,Adelaide,Port Adelaide,Port Adelaide,Michael Wilson,8,1,1,0,0,1,3
1998,20,1998-08-14,M.C.G.,North Melbourne,Fremantle,North Melbourne,Winston Abraham,10,1,6,1,1,0,2
1998,20,1998-08-14,M.C.G.,North Melbourne,Fremantle,North Melbourne,Peter Bell,12,2,19,1,0,0,1
1998,20,1998-08-14,M.C.G.,North Melbourne,Fremantle,North Melbourne,John Blakey,5,0,4,0,0,0,0
1998,20,1998-08-14,M.C.G.,North Melbourne,Fremantle,North Melbourne,Mathew Capuano,5,4,2,1,0,11,0
1998,20,1998-08-14,M.C.G.,North Melbourne,Fremantle,North Melbourne,Wayne Carey,19,8,6,8,3,0,3
1998,20,1998-08-14,M.C.G.,North Melbourne,Fremantle,North Melbourne,Brett Chandler,1,0,2,0,0,0,1
1998,20,1998-08-14,M.C.G.,North Melbourne,Fremantle,North Melbourne,Darren Crocker,4,1,3,0,1,0,1
1998,20,1998-08-14,M.C.G.,North Melbourne,Fremantle,North Melbourne,Glenn Freeborn,3,0,2,0,0,0,2
1998,20,1998-08-14,M.C.G.,North Melbourne,Fremantle,North Melbourne,Shannon Grant,7,2,5,3,1,0,1
1998,20,1998-08-14,M.C.G.,North Melbourne,Fremantle,North Melbourne,Brent Harvey,4,0,4,1,0,0,1
1998,20,1998-08-14,M.C.G.,North Melbourne,Fremantle,North Melbourne,David King,20,4,5,0,1,0,1
1998,20,1998-08-14,M.C.G.,North Melbourne,Fremantle,North Melbourne,Mick Martyn,9,5,3,0,0,1,1
1998,20,1998-08-14,M.C.G.,North Melbourne,Fremantle,North Melbourne,Jason McCartney,6,1,5,0,0,1,1
1998,20,1998-08-14,M.C.G.,North Melbourne,Fremantle,North Melbourne,Corey McKernan,15,10,3,1,0,16,2
1998,20,1998-08-14,M.C.G.,North Melbourne,Fremantle,North Melbourne,Byron Pickett,10,3,7,0,1,0,5
1998,20,1998-08-14,M.C.G.,North Melbourne,Fremantle,North Melbourne,Martin Pike,19,3,11,1,1,1,1
1998,20,1998-08-14,M.C.G.,North Melbourne,Fremantle,North Melbourne,Mark Roberts,9,3,7,0,0,1,0
1998,20,1998-08-14,M.C.G.,North Melbourne,Fremantle,North Melbourne,Anthony Rock,14,4,9,4,1,0,3
1998,20,1998-08-14,M.C.G.,North Melbourne,Fremantle,North Melbourne,Robert Scott,13,1,8,0,1,0,1
1998,20,1998-08-14,M.C.G.,North Melbourne,Fremantle,North Melbourne,Craig Sholl,4,2,4,1,2,0,5
1998,20,1998-08-14,M.C.G.,North Melbourne,Fremantle,North Melbourne,Adam Simpson,17,4,9,0,3,0,6
1998,20,1998-08-14,M.C.G.,North Melbourne,Fremantle,North Melbourne,Anthony Stevens,17,2,2,0,0,0,3
1998,20,1998-08-14,M.C.G.,North Melbourne,Fremantle,Fremantle,Chris Bond,13,7,2,0,0,0,0
1998,20,1998-08-14,M.C.G.,North Melbourne,Fremantle,Fremantle,Michael Brown,0,0,0,0,0,0,0
1998,20,1998-08-14,M.C.G.,North Melbourne,Fremantle,Fremantle,Matthew Burton,11,6,4,0,2,28,0
1998,20,1998-08-14,M.C.G.,North Melbourne,Fremantle,Fremantle,Craig Callaghan,19,8,5,0,0,0,5
1998,20,1998-08-14,M.C.G.,North Melbourne,Fremantle,Fremantle,Trent Carroll,7,5,3,0,0,0,0
1998,20,1998-08-14,M.C.G.,North Melbourne,Fremantle,Fremantle,James Clement,5,1,0,0,1,0,0
1998,20,1998-08-14,M.C.G.,North Melbourne,Fremantle,Fremantle,Matthew Clucas,2,2,1,0,0,0,0
1998,20,1998-08-14,M.C.G.,North Melbourne,Fremantle,Fremantle,Brad Dodd,10,1,0,1,0,0,2
1998,20,1998-08-14,M.C.G.,North Melbourne,Fremantle,Fremantle,Adrian Fletcher,10,3,5,0,0,0,4
1998,20,1998-08-14,M.C.G.,North Melbourne,Fremantle,Fremantle,Mark Gale,9,6,8,0,0,0,0
1998,20,1998-08-14,M.C.G.,North Melbourne,Fremantle,Fremantle,Tony Godden,7,2,1,0,1,0,2
1998,20,1998-08-14,M.C.G.,North Melbourne,Fremantle,Fremantle,Brodie Holland,8,1,2,1,0,0,1
1998,20,1998-08-14,M.C.G.,North Melbourne,Fremantle,Fremantle,Kingsley Hunter,7,5,1,1,1,1,0
1998,20,1998-08-14,M.C.G.,North Melbourne,Fremantle,Fremantle,Andrew McGovern,4,3,7,0,0,0,2
1998,20,1998-08-14,M.C.G.,North Melbourne,Fremantle,Fremantle,Clem Michael,5,1,2,2,0,6,0
1998,20,1998-08-14,M.C.G.,North Melbourne,Fremantle,Fremantle,Jason Norrish,15,5,5,0,0,0,1
1998,20,1998-08-14,M.C.G.,North Melbourne,Fremantle,Fremantle,Stephen OReilly,4,0,1,0,0,0,0
1998,20,1998-08-14,M.C.G.,North Melbourne,Fremantle,Fremantle,Daniel Parker,2,2,1,0,0,0,0
1998,20,1998-08-14,M.C.G.,North Melbourne,Fremantle,Fremantle,Shane Parker,11,2,4,1,0,0,0
1998,20,1998-08-14,M.C.G.,North Melbourne,Fremantle,Fremantle,Jess Sinclair,15,4,6,1,0,0,1
1998,20,1998-08-14,M.C.G.,North Melbourne,Fremantle,Fremantle,James Walker,14,5,3,0,0,0,0
1998,20,1998-08-14,M.C.G.,North Melbourne,Fremantle,Fremantle,Andrew Wills,4,1,0,0,0,0,0
1998,20,1998-08-15,Kardinia Park,Geelong,Adelaide,Geelong,Clint Bizzell,5,5,5,0,0,0,1
1998,20,1998-08-15,Kardinia Park,Geelong,Adelaide,Geelong,Ronnie Burns,5,2,5,1,1,0,0
1998,20,1998-08-15,Kardinia Park,Geelong,Adelaide,Geelong,Leigh Colbert,6,5,6,0,0,2,0
1998,20,1998-08-15,Kardinia Park,Geelong,Adelaide,Geelong,Paul Corrigan,2,0,2,0,0,0,0
1998,20,1998-08-15,Kardinia Park,Geelong,Adelaide,Geelong,Derek Hall,8,4,5,1,1,0,0
1998,20,1998-08-15,Kardinia Park,Geelong,Adelaide,Geelong,Garry Hocking,9,2,10,0,0,0,3
1998,20,1998-08-15,Kardinia Park,Geelong,Adelaide,Geelong,Glenn Kilpatrick,1,0,0,0,0,0,1
1998,20,1998-08-15,Kardinia Park,Geelong,Adelaide,Geelong,Steven King,11,1,3,0,0,23,1
1998,20,1998-08-15,Kardinia Park,Geelong,Adelaide,Geelong,Michael Mansfield,4,4,4,1,0,0,1
1998,20,1998-08-15,Kardinia Park,Geelong,Adelaide,Geelong,Martin McKinnon,8,3,0,0,0,0,0
1998,20,1998-08-15,Kardinia Park,Geelong,Adelaide,Geelong,David Mensch,5,2,3,0,0,1,1
1998,20,1998-08-15,Kardinia Park,Geelong,Adelaide,Geelong,Darren Milburn,8,7,13,0,0,7,4
1998,20,1998-08-15,Kardinia Park,Geelong,Adelaide,Geelong,James Rahilly,8,0,8,0,1,0,0
1998,20,1998-08-15,Kardinia Park,Geelong,Adelaide,Geelong,Peter Riccardi,12,1,7,0,1,1,2
1998,20,1998-08-15,Kardinia Park,Geelong,Adelaide,Geelong,Cameron Roberts,3,2,0,0,0,0,1
1998,20,1998-08-15,Kardinia Park,Geelong,Adelaide,Geelong,Brenton Sanderson,18,2,2,0,1,0,2
1998,20,1998-08-15,Kardinia Park,Geelong,Adelaide,Geelong,Brad Sholl,17,6,5,0,0,0,1
1998,20,1998-08-15,Kardinia Park,Geelong,Adelaide,Geelong,Hamish Simpson,4,2,2,0,0,0,1
1998,20,1998-08-15,Kardinia Park,Geelong,Adelaide,Geelong,Jason Snell,5,1,1,0,0,0,4
1998,20,1998-08-15,Kardinia Park,Geelong,Adelaide,Geelong,Brett Spinks,5,4,3,2,1,3,0
1998,20,1998-08-15,Kardinia Park,Geelong,Adelaide,Geelong,Carl Steinfort,4,5,9,1,0,2,2
1998,20,1998-08-15,Kardinia Park,Geelong,Adelaide,Geelong,Justin Wood,13,3,4,0,1,1,1
1998,20,1998-08-15,Kardinia Park,Geelong,Adelaide,Adelaide,Peter Caven,11,5,3,0,0,0,1
1998,20,1998-08-15,Kardinia Park,Geelong,Adelaide,Adelaide,Matthew Connell,13,2,6,0,0,0,1
1998,20,1998-08-15,Kardinia Park,Geelong,Adelaide,Adelaide,Tim Cook,3,2,4,2,0,0,0
1998,20,1998-08-15,Kardinia Park,Geelong,Adelaide,Adelaide,Andrew Eccles,2,1,2,0,0,2,2
1998,20,1998-08-15,Kardinia Park,Geelong,Adelaide,Adelaide,Tyson Edwards,7,3,5,1,0,0,1
1998,20,1998-08-15,Kardinia Park,Geelong,Adelaide,Adelaide,Shane Ellen,4,2,3,1,2,0,2
1998,20,1998-08-15,Kardinia Park,Geelong,Adelaide,Adelaide,Simon Goodwin,9,5,4,0,0,0,1
1998,20,1998-08-15,Kardinia Park,Geelong,Adelaide,Adelaide,Ben Hart,5,2,11,0,0,0,2
1998,20,1998-08-15,Kardinia Park,Geelong,Adelaide,Adelaide,Brett James,7,1,5,0,0,0,2
1998,20,1998-08-15,Kardinia Park,Geelong,Adelaide,Adelaide,Darren Jarman,3,2,3,0,0,0,3
1998,20,1998-08-15,Kardinia Park,Geelong,Adelaide,Adelaide,Kym Koster,13,0,7,0,2,0,3
1998,20,1998-08-15,Kardinia Park,Geelong,Adelaide,Adelaide,Ben Marsh,3,3,6,1,0,16,0
1998,20,1998-08-15,Kardinia Park,Geelong,Adelaide,Adelaide,Andrew McLeod,20,7,0,0,0,0,2
1998,20,1998-08-15,Kardinia Park,Geelong,Adelaide,Adelaide,Tony Modra,11,9,3,6,4,0,1
1998,20,1998-08-15,Kardinia Park,Geelong,Adelaide,Adelaide,Trent Ormond-Allen,1,0,3,0,0,0,1
1998,20,1998-08-15,Kardinia Park,Geelong,Adelaide,Adelaide,Shaun Rehn,6,1,4,0,0,15,1
1998,20,1998-08-15,Kardinia Park,Geelong,Adelaide,Adelaide,Mark Ricciuto,21,10,9,1,0,0,2
1998,20,1998-08-15,Kardinia Park,Geelong,Adelaide,Adelaide,Matthew Robran,10,4,6,2,1,3,1
1998,20,1998-08-15,Kardinia Park,Geelong,Adelaide,Adelaide,Nigel Smart,18,4,5,0,0,2,4
1998,20,1998-08-15,Kardinia Park,Geelong,Adelaide,Adelaide,Mark Stevens,5,1,3,0,0,0,3
1998,20,1998-08-15,Kardinia Park,Geelong,Adelaide,Adelaide,James Thiessen,5,2,5,0,0,0,1
1998,20,1998-08-15,Kardinia Park,Geelong,Adelaide,Adelaide,Peter Vardy,8,5,5,4,1,0,2
1998,20,1998-08-15,M.C.G.,Essendon,Collingwood,Essendon,Paul Barnard,6,1,6,0,0,2,1
1998,20,1998-08-15,M.C.G.,Essendon,Collingwood,Essendon,Peter Berbakov,3,2,3,1,0,0,2
1998,20,1998-08-15,M.C.G.,Essendon,Collingwood,Essendon,Darren Bewick,9,1,6,1,2,0,0
1998,20,1998-08-15,M.C.G.,Essendon,Collingwood,Essendon,David Calthorpe,20,10,10,0,0,0,0
1998,20,1998-08-15,M.C.G.,Essendon,Collingwood,Essendon,Che Cockatoo-Collins,9,3,2,2,1,0,1
1998,20,1998-08-15,M.C.G.,Essendon,Collingwood,Essendon,Sean Denham,11,3,5,1,0,0,1
1998,20,1998-08-15,M.C.G.,Essendon,Collingwood,Essendon,Ben Doolan,12,4,6,0,0,0,1
1998,20,1998-08-15,M.C.G.,Essendon,Collingwood,Essendon,Dustin Fletcher,7,3,3,1,0,1,3
1998,20,1998-08-15,M.C.G.,Essendon,Collingwood,Essendon,Mark Fraser,11,6,9,0,0,0,0
1998,20,1998-08-15,M.C.G.,Essendon,Collingwood,Essendon,Damien Hardwick,15,3,4,0,0,0,1
1998,20,1998-08-15,M.C.G.,Essendon,Collingwood,Essendon,James Hird,20,9,8,4,2,1,1
1998,20,1998-08-15,M.C.G.,Essendon,Collingwood,Essendon,Jason Johnson,8,4,5,0,0,0,3
1998,20,1998-08-15,M.C.G.,Essendon,Collingwood,Essendon,Matthew Lloyd,9,8,4,3,2,1,3
1998,20,1998-08-15,M.C.G.,Essendon,Collingwood,Essendon,Scott Lucas,13,4,4,2,1,0,2
1998,20,1998-08-15,M.C.G.,Essendon,Collingwood,Essendon,Mark Mercuri,6,1,8,1,0,0,1
1998,20,1998-08-15,M.C.G.,Essendon,Collingwood,Essendon,Joe Misiti,5,1,4,0,0,0,0
1998,20,1998-08-15,M.C.G.,Essendon,Collingwood,Essendon,Gary Moorcroft,2,0,0,0,0,0,0
1998,20,1998-08-15,M.C.G.,Essendon,Collingwood,Essendon,Ryan OConnor,3,2,6,0,0,5,0
1998,20,1998-08-15,M.C.G.,Essendon,Collingwood,Essendon,Gary ODonnell,17,3,3,0,0,0,4
1998,20,1998-08-15,M.C.G.,Essendon,Collingwood,Essendon,Ricky Olarenshaw,5,2,5,0,0,0,2
1998,20,1998-08-15,M.C.G.,Essendon,Collingwood,Essendon,Peter Somerville,3,2,4,0,0,17,1
1998,20,1998-08-15,M.C.G.,Essendon,Collingwood,Essendon,Sean Wellman,13,6,7,0,0,1,0
1998,20,1998-08-15,M.C.G.,Essendon,Collingwood,Collingwood,Gavin Brown,7,8,5,2,1,0,2
1998,20,1998-08-15,M.C.G.,Essendon,Collingwood,Collingwood,Nathan Buckley,25,7,6,1,1,3,0
1998,20,1998-08-15,M.C.G.,Essendon,Collingwood,Collingwood,Scott Burns,21,8,6,1,1,1,1
1998,20,1998-08-15,M.C.G.,Essendon,Collingwood,Collingwood,Gavin Crosisca,10,2,3,0,0,0,2
1998,20,1998-08-15,M.C.G.,Essendon,Collingwood,Collingwood,Scott Crow,5,1,1,1,1,0,0
1998,20,1998-08-15,M.C.G.,Essendon,Collingwood,Collingwood,Matthew Francis,3,1,2,0,0,4,0
1998,20,1998-08-15,M.C.G.,Essendon,Collingwood,Collingwood,Tony Francis,11,4,6,1,0,0,0
1998,20,1998-08-15,M.C.G.,Essendon,Collingwood,Collingwood,Luke Godden,3,1,2,0,0,0,0
1998,20,1998-08-15,M.C.G.,Essendon,Collingwood,Collingwood,Clinton King,7,3,8,0,0,1,1
1998,20,1998-08-15,M.C.G.,Essendon,Collingwood,Collingwood,Mal Michael,2,2,2,0,0,0,0
1998,20,1998-08-15,M.C.G.,Essendon,Collingwood,Collingwood,Richard Osborne,1,0,1,0,0,0,1
1998,20,1998-08-15,M.C.G.,Essendon,Collingwood,Collingwood,Stephen Patterson,10,7,12,0,1,0,0
1998,20,1998-08-15,M.C.G.,Essendon,Collingwood,Collingwood,Frankie Raso,0,0,1,0,0,0,2
1998,20,1998-08-15,M.C.G.,Essendon,Collingwood,Collingwood,Mark Richardson,8,4,3,1,0,11,3
1998,20,1998-08-15,M.C.G.,Essendon,Collingwood,Collingwood,Saverio Rocca,13,8,3,4,3,7,1
1998,20,1998-08-15,M.C.G.,Essendon,Collingwood,Collingwood,Scott Russell,15,7,6,1,0,0,0
1998,20,1998-08-15,M.C.G.,Essendon,Collingwood,Collingwood,Andrew Schauble,6,4,0,0,1,1,1
1998,20,1998-08-15,M.C.G.,Essendon,Collingwood,Collingwood,Jamie Tape,14,7,9,0,1,0,2
1998,20,1998-08-15,M.C.G.,Essendon,Collingwood,Collingwood,Chris Tarrant,7,2,3,1,1,3,0
1998,20,1998-08-15,M.C.G.,Essendon,Collingwood,Collingwood,James Wasley,5,3,1,0,1,0,1
1998,20,1998-08-15,M.C.G.,Essendon,Collingwood,Collingwood,Shane Watson,15,6,5,1,0,1,2
1998,20,1998-08-15,M.C.G.,Essendon,Collingwood,Collingwood,Graham Wright,13,3,4,0,0,0,2
1998,20,1998-08-15,Waverley Park,Western Bulldogs,Sydney,Western Bulldogs,Leon Cameron,15,4,5,0,0,2,1
1998,20,1998-08-15,Waverley Park,Western Bulldogs,Sydney,Western Bulldogs,James Cook,10,9,1,5,4,0,0
1998,20,1998-08-15,Waverley Park,Western Bulldogs,Sydney,Western Bulldogs,Matthew Croft,3,2,6,0,0,0,1
1998,20,1998-08-15,Waverley Park,Western Bulldogs,Sydney,Western Bulldogs,Todd Curley,14,3,7,0,0,0,1
1998,20,1998-08-15,Waverley Park,Western Bulldogs,Sydney,Western Bulldogs,Luke Darcy,1,1,3,0,0,1,0
1998,20,1998-08-15,Waverley Park,Western Bulldogs,Sydney,Western Bulldogs,Matthew Dent,8,3,12,0,0,0,0
1998,20,1998-08-15,Waverley Park,Western Bulldogs,Sydney,Western Bulldogs,Craig Ellis,6,2,1,0,0,1,3
1998,20,1998-08-15,Waverley Park,Western Bulldogs,Sydney,Western Bulldogs,Simon Garlick,7,1,3,0,0,0,0
1998,20,1998-08-15,Waverley Park,Western Bulldogs,Sydney,Western Bulldogs,Chris Grant,11,10,8,0,0,4,5
1998,20,1998-08-15,Waverley Park,Western Bulldogs,Sydney,Western Bulldogs,Paul Hudson,13,8,6,3,2,0,0
1998,20,1998-08-15,Waverley Park,Western Bulldogs,Sydney,Western Bulldogs,Brad Johnson,7,0,4,1,0,1,2
1998,20,1998-08-15,Waverley Park,Western Bulldogs,Sydney,Western Bulldogs,Steven Kolyniuk,12,5,5,4,0,0,1
1998,20,1998-08-15,Waverley Park,Western Bulldogs,Sydney,Western Bulldogs,Steven Kretiuk,9,3,9,0,0,0,1
1998,20,1998-08-15,Waverley Park,Western Bulldogs,Sydney,Western Bulldogs,Tyson Lane,4,3,3,1,0,0,3
1998,20,1998-08-15,Waverley Park,Western Bulldogs,Sydney,Western Bulldogs,Michael Martin,9,1,2,0,0,0,1
1998,20,1998-08-15,Waverley Park,Western Bulldogs,Sydney,Western Bulldogs,Brett Montgomery,5,5,8,0,0,0,0
1998,20,1998-08-15,Waverley Park,Western Bulldogs,Sydney,Western Bulldogs,Jose Romero,9,1,9,1,0,0,0
1998,20,1998-08-15,Waverley Park,Western Bulldogs,Sydney,Western Bulldogs,Rohan Smith,6,1,6,0,1,0,0
1998,20,1998-08-15,Waverley Park,Western Bulldogs,Sydney,Western Bulldogs,Mark West,9,1,6,0,1,0,2
1998,20,1998-08-15,Waverley Park,Western Bulldogs,Sydney,Western Bulldogs,Scott West,19,0,15,0,0,0,3
1998,20,1998-08-15,Waverley Park,Western Bulldogs,Sydney,Western Bulldogs,Brad Wira,8,2,7,0,0,0,0
1998,20,1998-08-15,Waverley Park,Western Bulldogs,Sydney,Western Bulldogs,Scott Wynd,3,3,9,0,0,17,1
1998,20,1998-08-15,Waverley Park,Western Bulldogs,Sydney,Sydney,Simon Arnott,1,1,4,0,0,0,1
1998,20,1998-08-15,Waverley Park,Western Bulldogs,Sydney,Sydney,Leo Barry,3,1,6,0,0,0,1
1998,20,1998-08-15,Waverley Park,Western Bulldogs,Sydney,Sydney,Troy Cook,2,0,6,0,0,0,3
1998,20,1998-08-15,Waverley Park,Western Bulldogs,Sydney,Sydney,Daryn Cresswell,16,4,8,0,0,0,0
1998,20,1998-08-15,Waverley Park,Western Bulldogs,Sydney,Sydney,Jared Crouch,4,1,7,0,0,0,3
1998,20,1998-08-15,Waverley Park,Western Bulldogs,Sydney,Sydney,Andrew Dunkley,12,5,4,0,0,0,2
1998,20,1998-08-15,Waverley Park,Western Bulldogs,Sydney,Sydney,Dale Lewis,10,3,3,0,0,0,1
1998,20,1998-08-15,Waverley Park,Western Bulldogs,Sydney,Sydney,Paul Licuria,7,1,10,0,0,0,0
1998,20,1998-08-15,Waverley Park,Western Bulldogs,Sydney,Sydney,Tony Lockett,9,3,0,7,1,0,0
1998,20,1998-08-15,Waverley Park,Western Bulldogs,Sydney,Sydney,Troy Luff,10,3,6,1,0,7,1
1998,20,1998-08-15,Waverley Park,Western Bulldogs,Sydney,Sydney,Stuart Maxfield,7,0,7,0,0,0,1
1998,20,1998-08-15,Waverley Park,Western Bulldogs,Sydney,Sydney,Daniel McPherson,10,3,5,2,1,0,1
1998,20,1998-08-15,Waverley Park,Western Bulldogs,Sydney,Sydney,Jason Mooney,8,3,1,1,0,2,1
1998,20,1998-08-15,Waverley Park,Western Bulldogs,Sydney,Sydney,Matthew Nicks,12,4,2,0,1,0,2
1998,20,1998-08-15,Waverley Park,Western Bulldogs,Sydney,Sydney,Michael OLoughlin,10,6,8,2,1,0,0
1998,20,1998-08-15,Waverley Park,Western Bulldogs,Sydney,Sydney,Mark Orchard,9,3,4,0,0,0,3
1998,20,1998-08-15,Waverley Park,Western Bulldogs,Sydney,Sydney,Paul Roos,7,4,12,0,0,3,5
1998,20,1998-08-15,Waverley Park,Western Bulldogs,Sydney,Sydney,Jason Saddington,4,0,3,1,0,0,3
1998,20,1998-08-15,Waverley Park,Western Bulldogs,Sydney,Sydney,Brad Seymour,6,3,8,0,0,1,1
1998,20,1998-08-15,Waverley Park,Western Bulldogs,Sydney,Sydney,Greg Stafford,12,6,3,1,0,26,3
1998,20,1998-08-15,Waverley Park,Western Bulldogs,Sydney,Sydney,John Stevens,8,1,9,0,0,0,1
1998,20,1998-08-15,Waverley Park,Western Bulldogs,Sydney,Sydney,Rowan Warfe,8,3,3,0,0,0,6
1998,20,1998-08-15,Gabba,Brisbane Lions,Hawthorn,Brisbane Lions,Marcus Ashcroft,9,4,12,1,0,0,1
1998,20,1998-08-15,Gabba,Brisbane Lions,Hawthorn,Brisbane Lions,Scott Bamford,16,6,4,1,3,0,0
1998,20,1998-08-15,Gabba,Brisbane Lions,Hawthorn,Brisbane Lions,Brad Boyd,16,5,11,1,1,1,2
1998,20,1998-08-15,Gabba,Brisbane Lions,Hawthorn,Brisbane Lions,Daniel Bradshaw,6,4,1,0,1,0,1
1998,20,1998-08-15,Gabba,Brisbane Lions,Hawthorn,Brisbane Lions,Richard Champion,12,8,1,1,0,0,0
1998,20,1998-08-15,Gabba,Brisbane Lions,Hawthorn,Brisbane Lions,Matthew Clarke,7,3,4,0,2,6,0
1998,20,1998-08-15,Gabba,Brisbane Lions,Hawthorn,Brisbane Lions,Danny Dickfos,4,2,5,0,0,0,0
1998,20,1998-08-15,Gabba,Brisbane Lions,Hawthorn,Brisbane Lions,Clark Keating,6,3,3,0,2,6,0
1998,20,1998-08-15,Gabba,Brisbane Lions,Hawthorn,Brisbane Lions,Matthew Kennedy,9,2,5,0,0,1,0
1998,20,1998-08-15,Gabba,Brisbane Lions,Hawthorn,Brisbane Lions,Nigel Lappin,15,6,3,0,0,0,0
1998,20,1998-08-15,Gabba,Brisbane Lions,Hawthorn,Brisbane Lions,Steven Lawrence,7,6,3,1,1,0,0
1998,20,1998-08-15,Gabba,Brisbane Lions,Hawthorn,Brisbane Lions,Justin Leppitsch,12,5,5,1,1,0,0
1998,20,1998-08-15,Gabba,Brisbane Lions,Hawthorn,Brisbane Lions,Tristan Lynch,15,11,10,0,0,0,0
1998,20,1998-08-15,Gabba,Brisbane Lions,Hawthorn,Brisbane Lions,Craig McRae,6,2,10,0,1,0,0
1998,20,1998-08-15,Gabba,Brisbane Lions,Hawthorn,Brisbane Lions,Tim Notting,8,3,6,0,0,0,1
1998,20,1998-08-15,Gabba,Brisbane Lions,Hawthorn,Brisbane Lions,Shane OBree,9,2,3,0,0,0,0
1998,20,1998-08-15,Gabba,Brisbane Lions,Hawthorn,Brisbane Lions,Marcus Picken,0,0,1,0,0,0,0
1998,20,1998-08-15,Gabba,Brisbane Lions,Hawthorn,Brisbane Lions,Luke Power,8,6,4,0,1,0,1
1998,20,1998-08-15,Gabba,Brisbane Lions,Hawthorn,Brisbane Lions,Brad Scott,10,3,9,0,0,0,0
1998,20,1998-08-15,Gabba,Brisbane Lions,Hawthorn,Brisbane Lions,Chris Scott,10,1,10,1,0,0,1
1998,20,1998-08-15,Gabba,Brisbane Lions,Hawthorn,Brisbane Lions,Brett Voss,7,4,3,0,0,0,0
1998,20,1998-08-15,Gabba,Brisbane Lions,Hawthorn,Brisbane Lions,Darryl White,8,5,4,0,1,0,1
1998,20,1998-08-15,Gabba,Brisbane Lions,Hawthorn,Hawthorn,John Barker,8,5,2,1,1,0,0
1998,20,1998-08-15,Gabba,Brisbane Lions,Hawthorn,Hawthorn,Daniel Chick,12,3,6,4,0,0,2
1998,20,1998-08-15,Gabba,Brisbane Lions,Hawthorn,Hawthorn,Justin Crawford,1,0,3,0,0,0,1
1998,20,1998-08-15,Gabba,Brisbane Lions,Hawthorn,Hawthorn,Shane Crawford,17,8,13,1,1,0,0
1998,20,1998-08-15,Gabba,Brisbane Lions,Hawthorn,Hawthorn,Trent Croad,5,3,1,0,0,0,3
1998,20,1998-08-15,Gabba,Brisbane Lions,Hawthorn,Hawthorn,Ben Dixon,13,9,3,2,4,0,1
1998,20,1998-08-15,Gabba,Brisbane Lions,Hawthorn,Hawthorn,Mark Graham,10,2,6,0,0,0,0
1998,20,1998-08-15,Gabba,Brisbane Lions,Hawthorn,Hawthorn,Daniel Harford,13,5,8,0,1,0,3
1998,20,1998-08-15,Gabba,Brisbane Lions,Hawthorn,Hawthorn,Jon Hassall,10,6,19,1,0,0,1
1998,20,1998-08-15,Gabba,Brisbane Lions,Hawthorn,Hawthorn,Nick Holland,8,5,8,1,1,2,0
1998,20,1998-08-15,Gabba,Brisbane Lions,Hawthorn,Hawthorn,Brendan Krummel,4,4,4,1,0,0,1
1998,20,1998-08-15,Gabba,Brisbane Lions,Hawthorn,Hawthorn,Angelo Lekkas,8,0,5,0,0,0,1
1998,20,1998-08-15,Gabba,Brisbane Lions,Hawthorn,Hawthorn,Brad Lloyd,5,2,6,0,0,0,0
1998,20,1998-08-15,Gabba,Brisbane Lions,Hawthorn,Hawthorn,Aaron Lord,9,2,8,1,1,0,0
1998,20,1998-08-15,Gabba,Brisbane Lions,Hawthorn,Hawthorn,Luke McCabe,7,1,5,0,0,0,2
1998,20,1998-08-15,Gabba,Brisbane Lions,Hawthorn,Hawthorn,Chris Obst,1,0,2,0,0,0,0
1998,20,1998-08-15,Gabba,Brisbane Lions,Hawthorn,Hawthorn,Jade Rawlings,8,4,1,1,1,0,1
1998,20,1998-08-15,Gabba,Brisbane Lions,Hawthorn,Hawthorn,Jonathon Robran,9,3,3,0,0,2,0
1998,20,1998-08-15,Gabba,Brisbane Lions,Hawthorn,Hawthorn,Paul Salmon,6,6,6,0,0,13,1
1998,20,1998-08-15,Gabba,Brisbane Lions,Hawthorn,Hawthorn,Richard Taylor,12,2,5,0,1,1,1
1998,20,1998-08-15,Gabba,Brisbane Lions,Hawthorn,Hawthorn,Craig Treleven,17,7,10,0,1,0,0
1998,20,1998-08-15,Gabba,Brisbane Lions,Hawthorn,Hawthorn,Tony Woods,10,2,4,0,0,0,0
1998,20,1998-08-16,Football Park,Port Adelaide,Melbourne,Port Adelaide,Shane Bond,10,4,5,0,0,0,0
1998,20,1998-08-16,Football Park,Port Adelaide,Melbourne,Port Adelaide,Shayne Breuer,5,1,3,0,0,0,0
1998,20,1998-08-16,Football Park,Port Adelaide,Melbourne,Port Adelaide,Peter Burgoyne,13,6,4,0,0,0,2
1998,20,1998-08-16,Football Park,Port Adelaide,Melbourne,Port Adelaide,Brett Chalmers,6,3,0,1,0,3,2
1998,20,1998-08-16,Football Park,Port Adelaide,Melbourne,Port Adelaide,Scott Cummings,1,0,1,0,0,0,0
1998,20,1998-08-16,Football Park,Port Adelaide,Melbourne,Port Adelaide,Stuart Dew,8,3,6,0,0,0,3
1998,20,1998-08-16,Football Park,Port Adelaide,Melbourne,Port Adelaide,Donald Dickie,13,6,7,2,0,0,4
1998,20,1998-08-16,Football Park,Port Adelaide,Melbourne,Port Adelaide,Nathan Eagleton,6,1,2,0,2,0,2
1998,20,1998-08-16,Football Park,Port Adelaide,Melbourne,Port Adelaide,Josh Francou,8,2,10,0,0,0,3
1998,20,1998-08-16,Football Park,Port Adelaide,Melbourne,Port Adelaide,Mark Harwood,5,2,3,0,0,0,0
1998,20,1998-08-16,Football Park,Port Adelaide,Melbourne,Port Adelaide,Brent Heaver,3,1,1,0,0,0,0
1998,20,1998-08-16,Football Park,Port Adelaide,Melbourne,Port Adelaide,Roger James,5,3,3,0,1,0,1
1998,20,1998-08-16,Football Park,Port Adelaide,Melbourne,Port Adelaide,Adam Kingsley,9,0,7,1,0,0,2
1998,20,1998-08-16,Football Park,Port Adelaide,Melbourne,Port Adelaide,Brendon Lade,12,6,4,1,2,9,2
1998,20,1998-08-16,Football Park,Port Adelaide,Melbourne,Port Adelaide,Bowen Lockwood,5,1,4,0,1,0,1
1998,20,1998-08-16,Football Park,Port Adelaide,Melbourne,Port Adelaide,Brayden Lyle,19,6,4,0,0,0,3
1998,20,1998-08-16,Football Park,Port Adelaide,Melbourne,Port Adelaide,Darren Mead,4,4,8,1,0,0,1
1998,20,1998-08-16,Football Park,Port Adelaide,Melbourne,Port Adelaide,Stephen Paxman,6,2,5,0,0,0,2
1998,20,1998-08-16,Football Park,Port Adelaide,Melbourne,Port Adelaide,Matthew Primus,7,1,10,0,1,15,3
1998,20,1998-08-16,Football Park,Port Adelaide,Melbourne,Port Adelaide,Nick Stevens,10,3,8,1,0,0,0
1998,20,1998-08-16,Football Park,Port Adelaide,Melbourne,Port Adelaide,Warren Tredrea,15,11,4,3,4,1,2
1998,20,1998-08-16,Football Park,Port Adelaide,Melbourne,Port Adelaide,Michael Wilson,12,2,8,0,0,0,3
1998,20,1998-08-16,Football Park,Port Adelaide,Melbourne,Melbourne,Matthew Bishop,3,2,8,0,1,0,0
1998,20,1998-08-16,Football Park,Port Adelaide,Melbourne,Melbourne,Matthew Collins,4,4,7,0,0,0,1
1998,20,1998-08-16,Football Park,Port Adelaide,Melbourne,Melbourne,Jeff Farmer,5,1,5,0,2,0,1
1998,20,1998-08-16,Football Park,Port Adelaide,Melbourne,Melbourne,Matthew Febey,10,3,15,0,1,0,2
1998,20,1998-08-16,Football Park,Port Adelaide,Melbourne,Melbourne,Steven Febey,17,3,8,2,0,1,4
1998,20,1998-08-16,Football Park,Port Adelaide,Melbourne,Melbourne,Anthony Ingerson,2,2,2,0,0,3,0
1998,20,1998-08-16,Football Park,Port Adelaide,Melbourne,Melbourne,Darren Kowal,6,1,5,3,0,0,1
1998,20,1998-08-16,Football Park,Port Adelaide,Melbourne,Melbourne,Andrew Leoncelli,14,2,6,0,0,0,0
1998,20,1998-08-16,Football Park,Port Adelaide,Melbourne,Melbourne,Anthony McDonald,13,5,9,0,0,0,3
1998,20,1998-08-16,Football Park,Port Adelaide,Melbourne,Melbourne,James McDonald,6,3,5,0,0,0,0
1998,20,1998-08-16,Football Park,Port Adelaide,Melbourne,Melbourne,David Neitz,4,0,1,0,0,4,0
1998,20,1998-08-16,Football Park,Port Adelaide,Melbourne,Melbourne,Guy Rigoni,12,6,12,1,1,1,1
1998,20,1998-08-16,Football Park,Port Adelaide,Melbourne,Melbourne,Russell Robertson,6,2,1,0,2,0,0
1998,20,1998-08-16,Football Park,Port Adelaide,Melbourne,Melbourne,David Schwarz,6,3,2,4,1,0,1
1998,20,1998-08-16,Football Park,Port Adelaide,Melbourne,Melbourne,Marcus Seecamp,8,3,5,0,0,0,0
1998,20,1998-08-16,Football Park,Port Adelaide,Melbourne,Melbourne,Jamie Shanahan,0,0,0,0,0,0,0
1998,20,1998-08-16,Football Park,Port Adelaide,Melbourne,Melbourne,Jim Stynes,7,3,8,0,0,17,0
1998,20,1998-08-16,Football Park,Port Adelaide,Melbourne,Melbourne,Stephen Tingay,17,2,9,0,1,0,1
1998,20,1998-08-16,Football Park,Port Adelaide,Melbourne,Melbourne,Todd Viney,14,7,16,3,0,0,3
1998,20,1998-08-16,Football Park,Port Adelaide,Melbourne,Melbourne,Jeff White,4,3,5,0,1,8,0
1998,20,1998-08-16,Football Park,Port Adelaide,Melbourne,Melbourne,Shane Woewodin,9,2,2,1,0,0,1
1998,20,1998-08-16,Football Park,Port Adelaide,Melbourne,Melbourne,Adem Yze,14,7,4,0,0,0,1
1998,20,1998-08-16,M.C.G.,Carlton,St Kilda,Carlton,Matthew Allan,7,10,7,1,0,29,0
1998,20,1998-08-16,M.C.G.,Carlton,St Kilda,Carlton,Simon Beaumont,14,4,1,0,1,0,4
1998,20,1998-08-16,M.C.G.,Carlton,St Kilda,Carlton,Craig Bradley,21,5,12,0,0,0,0
1998,20,1998-08-16,M.C.G.,Carlton,St Kilda,Carlton,Fraser Brown,27,5,15,2,0,0,1
1998,20,1998-08-16,M.C.G.,Carlton,St Kilda,Carlton,Scott Camporeale,15,4,9,1,3,0,2
1998,20,1998-08-16,M.C.G.,Carlton,St Kilda,Carlton,Ron De Iulio,8,1,3,0,1,0,0
1998,20,1998-08-16,M.C.G.,Carlton,St Kilda,Carlton,Peter Dean,3,2,3,0,0,0,0
1998,20,1998-08-16,M.C.G.,Carlton,St Kilda,Carlton,Anthony Franchina,9,2,3,1,0,0,3
1998,20,1998-08-16,M.C.G.,Carlton,St Kilda,Carlton,Matthew Hogg,7,4,5,0,0,0,2
1998,20,1998-08-16,M.C.G.,Carlton,St Kilda,Carlton,John Hynes,3,2,4,0,0,0,1
1998,20,1998-08-16,M.C.G.,Carlton,St Kilda,Carlton,Anthony Koutoufides,11,6,4,0,1,0,1
1998,20,1998-08-16,M.C.G.,Carlton,St Kilda,Carlton,Glenn Manton,2,6,8,1,0,1,2
1998,20,1998-08-16,M.C.G.,Carlton,St Kilda,Carlton,Kris Massie,12,6,5,0,0,0,0
1998,20,1998-08-16,M.C.G.,Carlton,St Kilda,Carlton,Andrew McKay,11,5,10,0,0,0,2
1998,20,1998-08-16,M.C.G.,Carlton,St Kilda,Carlton,Justin Murphy,10,5,8,0,1,0,5
1998,20,1998-08-16,M.C.G.,Carlton,St Kilda,Carlton,Mark Porter,2,2,2,0,1,10,1
1998,20,1998-08-16,M.C.G.,Carlton,St Kilda,Carlton,Brett Ratten,12,1,10,2,0,0,2
1998,20,1998-08-16,M.C.G.,Carlton,St Kilda,Carlton,Dean Rice,7,2,3,1,0,0,1
1998,20,1998-08-16,M.C.G.,Carlton,St Kilda,Carlton,Michael Sexton,7,4,6,0,0,0,3
1998,20,1998-08-16,M.C.G.,Carlton,St Kilda,Carlton,Stephen Silvagni,10,6,3,5,3,1,2
1998,20,1998-08-16,M.C.G.,Carlton,St Kilda,Carlton,Adam White,8,4,6,3,0,0,1
1998,20,1998-08-16,M.C.G.,Carlton,St Kilda,Carlton,Lance Whitnall,13,5,4,2,2,3,0
1998,20,1998-08-16,M.C.G.,Carlton,St Kilda,St Kilda,Tony Brown,5,5,8,0,0,0,0
1998,20,1998-08-16,M.C.G.,Carlton,St Kilda,St Kilda,Nathan Burke,21,5,8,1,1,0,3
1998,20,1998-08-16,M.C.G.,Carlton,St Kilda,St Kilda,Brad Campbell,4,1,2,1,0,0,4
1998,20,1998-08-16,M.C.G.,Carlton,St Kilda,St Kilda,Brett Cook,4,3,1,1,1,3,1
1998,20,1998-08-16,M.C.G.,Carlton,St Kilda,St Kilda,Peter Everitt,9,5,6,1,0,19,1
1998,20,1998-08-16,M.C.G.,Carlton,St Kilda,St Kilda,Robert Harvey,11,2,11,1,1,0,1
1998,20,1998-08-16,M.C.G.,Carlton,St Kilda,St Kilda,Max Hudghton,6,4,3,0,0,0,2
1998,20,1998-08-16,M.C.G.,Carlton,St Kilda,St Kilda,Austinn Jones,7,2,4,2,2,0,0
1998,20,1998-08-16,M.C.G.,Carlton,St Kilda,St Kilda,Brett Knowles,5,1,4,1,0,0,1
1998,20,1998-08-16,M.C.G.,Carlton,St Kilda,St Kilda,Stewart Loewe,11,7,5,4,3,3,1
1998,20,1998-08-16,M.C.G.,Carlton,St Kilda,St Kilda,Joe McLaren,11,4,5,1,1,1,2
1998,20,1998-08-16,M.C.G.,Carlton,St Kilda,St Kilda,Gavin Mitchell,2,2,5,1,0,0,3
1998,20,1998-08-16,M.C.G.,Carlton,St Kilda,St Kilda,Justin Peckett,7,6,6,0,0,0,3
1998,20,1998-08-16,M.C.G.,Carlton,St Kilda,St Kilda,David Sierakowski,4,4,15,0,0,3,1
1998,20,1998-08-16,M.C.G.,Carlton,St Kilda,St Kilda,Steven Sziller,9,2,5,0,1,0,3
1998,20,1998-08-16,M.C.G.,Carlton,St Kilda,St Kilda,Andrew Thompson,9,2,13,1,0,0,5
1998,20,1998-08-16,M.C.G.,Carlton,St Kilda,St Kilda,Ben Thompson,10,4,2,0,0,0,0
1998,20,1998-08-16,M.C.G.,Carlton,St Kilda,St Kilda,Jason Traianidis,8,4,4,0,0,0,3
1998,20,1998-08-16,M.C.G.,Carlton,St Kilda,St Kilda,Darryl Wakelin,3,1,3,0,0,0,1
1998,20,1998-08-16,M.C.G.,Carlton,St Kilda,St Kilda,Shane Wakelin,11,5,4,0,0,0,3
1998,20,1998-08-16,M.C.G.,Carlton,St Kilda,St Kilda,Nicky Winmar,5,2,3,0,1,0,1
1998,20,1998-08-16,M.C.G.,Carlton,St Kilda,St Kilda,Matthew Young,14,2,2,0,0,0,1
1998,20,1998-08-16,Subiaco,West Coast,Richmond,West Coast,Jason Ball,15,7,3,0,0,12,0
1998,20,1998-08-16,Subiaco,West Coast,Richmond,West Coast,Drew Banfield,11,4,9,1,1,1,0
1998,20,1998-08-16,Subiaco,West Coast,Richmond,West Coast,Michael Braun,15,4,7,1,2,0,1
1998,20,1998-08-16,Subiaco,West Coast,Richmond,West Coast,Ben Cousins,12,3,10,1,0,0,1
1998,20,1998-08-16,Subiaco,West Coast,Richmond,West Coast,Andrew Donnelly,9,9,4,2,1,0,1
1998,20,1998-08-16,Subiaco,West Coast,Richmond,West Coast,Brendon Fewster,9,6,3,3,1,2,1
1998,20,1998-08-16,Subiaco,West Coast,Richmond,West Coast,Fraser Gehrig,6,4,1,0,0,1,1
1998,20,1998-08-16,Subiaco,West Coast,Richmond,West Coast,Brett Heady,7,3,5,2,0,0,1
1998,20,1998-08-16,Subiaco,West Coast,Richmond,West Coast,Glen Jakovich,7,3,3,0,0,4,0
1998,20,1998-08-16,Subiaco,West Coast,Richmond,West Coast,Rowan Jones,0,0,1,0,0,0,1
1998,20,1998-08-16,Subiaco,West Coast,Richmond,West Coast,Chris Lewis,10,4,4,2,4,0,2
1998,20,1998-08-16,Subiaco,West Coast,Richmond,West Coast,Chris Mainwaring,6,3,4,0,0,0,2
1998,20,1998-08-16,Subiaco,West Coast,Richmond,West Coast,Peter Matera,15,4,6,0,0,0,3
1998,20,1998-08-16,Subiaco,West Coast,Richmond,West Coast,Ashley McIntosh,10,5,6,0,0,0,0
1998,20,1998-08-16,Subiaco,West Coast,Richmond,West Coast,Guy McKenna,6,2,5,0,0,0,1
1998,20,1998-08-16,Subiaco,West Coast,Richmond,West Coast,Chad Morrison,17,6,10,1,1,1,0
1998,20,1998-08-16,Subiaco,West Coast,Richmond,West Coast,Phillip Read,17,4,6,0,1,0,1
1998,20,1998-08-16,Subiaco,West Coast,Richmond,West Coast,Paul Symmons,18,7,3,2,1,0,2
1998,20,1998-08-16,Subiaco,West Coast,Richmond,West Coast,Chris Waterman,3,1,2,0,0,0,0
1998,20,1998-08-16,Subiaco,West Coast,Richmond,West Coast,Mitchell White,8,3,4,1,0,0,0
1998,20,1998-08-16,Subiaco,West Coast,Richmond,West Coast,Andrew Williams,6,2,3,0,1,0,1
1998,20,1998-08-16,Subiaco,West Coast,Richmond,West Coast,John Worsfold,4,1,6,0,0,0,1
1998,20,1998-08-16,Subiaco,West Coast,Richmond,Richmond,Joel Bowden,11,5,7,1,1,0,2
1998,20,1998-08-16,Subiaco,West Coast,Richmond,Richmond,Nathan Bower,8,2,5,0,0,0,3
1998,20,1998-08-16,Subiaco,West Coast,Richmond,Richmond,Paul Broderick,9,2,11,0,0,0,2
1998,20,1998-08-16,Subiaco,West Coast,Richmond,Richmond,Paul Bulluss,4,2,7,0,0,0,0
1998,20,1998-08-16,Subiaco,West Coast,Richmond,Richmond,Wayne Campbell,8,1,10,0,0,1,2
1998,20,1998-08-16,Subiaco,West Coast,Richmond,Richmond,Mark Chaffey,5,4,2,2,0,0,1
1998,20,1998-08-16,Subiaco,West Coast,Richmond,Richmond,Nick Daffy,26,2,4,1,0,0,0
1998,20,1998-08-16,Subiaco,West Coast,Richmond,Richmond,Brett Evans,2,2,7,1,0,1,2
1998,20,1998-08-16,Subiaco,West Coast,Richmond,Richmond,Brendon Gale,13,9,5,0,0,22,0
1998,20,1998-08-16,Subiaco,West Coast,Richmond,Richmond,Michael Gale,8,4,5,0,0,0,0
1998,20,1998-08-16,Subiaco,West Coast,Richmond,Richmond,Ben Harrison,13,1,3,1,1,1,0
1998,20,1998-08-16,Subiaco,West Coast,Richmond,Richmond,Aaron James,6,5,0,2,1,0,0
1998,20,1998-08-16,Subiaco,West Coast,Richmond,Richmond,Andrew Kellaway,5,3,10,0,0,1,1
1998,20,1998-08-16,Subiaco,West Coast,Richmond,Richmond,Matthew Knights,19,3,12,0,0,0,4
1998,20,1998-08-16,Subiaco,West Coast,Richmond,Richmond,Trent Nichols,4,2,1,0,0,0,0
1998,20,1998-08-16,Subiaco,West Coast,Richmond,Richmond,Brad Ottens,2,1,1,0,0,5,0
1998,20,1998-08-16,Subiaco,West Coast,Richmond,Richmond,Ashley Prescott,6,1,3,1,0,0,3
1998,20,1998-08-16,Subiaco,West Coast,Richmond,Richmond,Matthew Rogers,4,0,2,0,0,0,2
1998,20,1998-08-16,Subiaco,West Coast,Richmond,Richmond,Damien Ryan,10,2,2,1,0,0,0
1998,20,1998-08-16,Subiaco,West Coast,Richmond,Richmond,Greg Tivendale,5,1,3,0,0,0,0
1998,20,1998-08-16,Subiaco,West Coast,Richmond,Richmond,Jason Torney,4,0,8,1,0,0,0
1998,20,1998-08-16,Subiaco,West Coast,Richmond,Richmond,Scott Turner,5,1,3,0,0,1,1
1998,21,1998-08-21,M.C.G.,Essendon,Western Bulldogs,Essendon,Paul Barnard,8,6,8,0,0,1,0
1998,21,1998-08-21,M.C.G.,Essendon,Western Bulldogs,Essendon,Peter Berbakov,4,1,2,0,0,0,0
1998,21,1998-08-21,M.C.G.,Essendon,Western Bulldogs,Essendon,Darren Bewick,6,2,5,1,0,0,3
1998,21,1998-08-21,M.C.G.,Essendon,Western Bulldogs,Essendon,Justin Blumfield,5,6,10,0,1,0,2
1998,21,1998-08-21,M.C.G.,Essendon,Western Bulldogs,Essendon,David Calthorpe,12,0,4,1,1,0,0
1998,21,1998-08-21,M.C.G.,Essendon,Western Bulldogs,Essendon,Che Cockatoo-Collins,1,0,4,0,0,0,0
1998,21,1998-08-21,M.C.G.,Essendon,Western Bulldogs,Essendon,Ben Doolan,14,2,6,0,0,0,3
1998,21,1998-08-21,M.C.G.,Essendon,Western Bulldogs,Essendon,Mark Fraser,10,1,3,0,2,0,1
1998,21,1998-08-21,M.C.G.,Essendon,Western Bulldogs,Essendon,Damien Hardwick,14,3,7,0,0,0,2
1998,21,1998-08-21,M.C.G.,Essendon,Western Bulldogs,Essendon,Chris Heffernan,9,2,3,1,0,0,1
1998,21,1998-08-21,M.C.G.,Essendon,Western Bulldogs,Essendon,James Hird,11,6,7,3,2,0,3
1998,21,1998-08-21,M.C.G.,Essendon,Western Bulldogs,Essendon,Jason Johnson,12,5,7,0,0,1,0
1998,21,1998-08-21,M.C.G.,Essendon,Western Bulldogs,Essendon,Matthew Lloyd,12,7,2,6,2,0,1
1998,21,1998-08-21,M.C.G.,Essendon,Western Bulldogs,Essendon,Michael Long,3,3,8,0,0,0,1
1998,21,1998-08-21,M.C.G.,Essendon,Western Bulldogs,Essendon,Scott Lucas,8,4,0,1,1,0,2
1998,21,1998-08-21,M.C.G.,Essendon,Western Bulldogs,Essendon,Mark Mercuri,8,7,11,0,0,0,3
1998,21,1998-08-21,M.C.G.,Essendon,Western Bulldogs,Essendon,Joe Misiti,9,4,0,0,0,0,4
1998,21,1998-08-21,M.C.G.,Essendon,Western Bulldogs,Essendon,Ryan OConnor,2,0,4,0,0,4,2
1998,21,1998-08-21,M.C.G.,Essendon,Western Bulldogs,Essendon,Gary ODonnell,9,2,5,0,0,0,1
1998,21,1998-08-21,M.C.G.,Essendon,Western Bulldogs,Essendon,Ricky Olarenshaw,3,0,4,0,0,0,0
1998,21,1998-08-21,M.C.G.,Essendon,Western Bulldogs,Essendon,Peter Somerville,9,5,4,0,1,30,0
1998,21,1998-08-21,M.C.G.,Essendon,Western Bulldogs,Essendon,Sean Wellman,14,6,3,0,0,1,0
1998,21,1998-08-21,M.C.G.,Essendon,Western Bulldogs,Western Bulldogs,Leon Cameron,13,3,3,0,0,0,0
1998,21,1998-08-21,M.C.G.,Essendon,Western Bulldogs,Western Bulldogs,James Cook,8,7,3,4,2,0,1
1998,21,1998-08-21,M.C.G.,Essendon,Western Bulldogs,Western Bulldogs,Matthew Croft,11,6,4,0,0,0,2
1998,21,1998-08-21,M.C.G.,Essendon,Western Bulldogs,Western Bulldogs,Todd Curley,9,0,2,0,0,0,1
1998,21,1998-08-21,M.C.G.,Essendon,Western Bulldogs,Western Bulldogs,Luke Darcy,3,3,2,0,0,1,0
1998,21,1998-08-21,M.C.G.,Essendon,Western Bulldogs,Western Bulldogs,Matthew Dent,11,4,2,0,0,0,1
1998,21,1998-08-21,M.C.G.,Essendon,Western Bulldogs,Western Bulldogs,Paul Dimattina,13,4,5,0,1,0,0
1998,21,1998-08-21,M.C.G.,Essendon,Western Bulldogs,Western Bulldogs,Simon Garlick,6,2,1,0,0,0,2
1998,21,1998-08-21,M.C.G.,Essendon,Western Bulldogs,Western Bulldogs,Chris Grant,13,5,5,1,2,0,6
1998,21,1998-08-21,M.C.G.,Essendon,Western Bulldogs,Western Bulldogs,Paul Hudson,10,6,3,2,0,0,3
1998,21,1998-08-21,M.C.G.,Essendon,Western Bulldogs,Western Bulldogs,Brad Johnson,8,6,5,2,1,0,0
1998,21,1998-08-21,M.C.G.,Essendon,Western Bulldogs,Western Bulldogs,Steven Kolyniuk,11,1,2,1,1,0,3
1998,21,1998-08-21,M.C.G.,Essendon,Western Bulldogs,Western Bulldogs,Steven Kretiuk,5,2,5,0,0,0,2
1998,21,1998-08-21,M.C.G.,Essendon,Western Bulldogs,Western Bulldogs,Tony Liberatore,6,1,2,0,0,0,0
1998,21,1998-08-21,M.C.G.,Essendon,Western Bulldogs,Western Bulldogs,Michael Martin,3,1,0,1,0,0,1
1998,21,1998-08-21,M.C.G.,Essendon,Western Bulldogs,Western Bulldogs,Brett Montgomery,16,8,7,0,2,1,1
1998,21,1998-08-21,M.C.G.,Essendon,Western Bulldogs,Western Bulldogs,Jose Romero,11,4,5,0,0,0,1
1998,21,1998-08-21,M.C.G.,Essendon,Western Bulldogs,Western Bulldogs,Rohan Smith,8,2,4,2,2,0,0
1998,21,1998-08-21,M.C.G.,Essendon,Western Bulldogs,Western Bulldogs,Mark West,5,1,2,0,1,0,1
1998,21,1998-08-21,M.C.G.,Essendon,Western Bulldogs,Western Bulldogs,Scott West,13,1,10,1,0,0,1
1998,21,1998-08-21,M.C.G.,Essendon,Western Bulldogs,Western Bulldogs,Brad Wira,11,2,6,0,1,0,1
1998,21,1998-08-21,M.C.G.,Essendon,Western Bulldogs,Western Bulldogs,Scott Wynd,6,7,14,0,0,11,1
1998,21,1998-08-22,M.C.G.,Richmond,Brisbane Lions,Richmond,Joel Bowden,14,8,8,1,3,0,2
1998,21,1998-08-22,M.C.G.,Richmond,Brisbane Lions,Richmond,Paul Broderick,10,3,13,2,0,0,6
1998,21,1998-08-22,M.C.G.,Richmond,Brisbane Lions,Richmond,Paul Bulluss,4,0,14,1,0,4,3
1998,21,1998-08-22,M.C.G.,Richmond,Brisbane Lions,Richmond,Wayne Campbell,17,6,13,1,0,0,2
1998,21,1998-08-22,M.C.G.,Richmond,Brisbane Lions,Richmond,Nick Daffy,28,2,5,3,1,0,2
1998,21,1998-08-22,M.C.G.,Richmond,Brisbane Lions,Richmond,Brendon Gale,11,11,13,0,0,20,1
1998,21,1998-08-22,M.C.G.,Richmond,Brisbane Lions,Richmond,Michael Gale,14,6,6,0,0,0,1
1998,21,1998-08-22,M.C.G.,Richmond,Brisbane Lions,Richmond,Darren Gaspar,3,5,11,1,0,0,2
1998,21,1998-08-22,M.C.G.,Richmond,Brisbane Lions,Richmond,Ben Harrison,21,9,10,0,0,0,1
1998,21,1998-08-22,M.C.G.,Richmond,Brisbane Lions,Richmond,Aaron James,8,5,3,5,0,0,0
1998,21,1998-08-22,M.C.G.,Richmond,Brisbane Lions,Richmond,Andrew Kellaway,9,8,10,0,0,0,3
1998,21,1998-08-22,M.C.G.,Richmond,Brisbane Lions,Richmond,Matthew Knights,17,1,13,0,0,0,3
1998,21,1998-08-22,M.C.G.,Richmond,Brisbane Lions,Richmond,Matthew Manfield,4,2,3,0,2,0,1
1998,21,1998-08-22,M.C.G.,Richmond,Brisbane Lions,Richmond,Mark Merenda,16,5,4,5,3,0,3
1998,21,1998-08-22,M.C.G.,Richmond,Brisbane Lions,Richmond,Trent Nichols,7,4,4,2,1,0,3
1998,21,1998-08-22,M.C.G.,Richmond,Brisbane Lions,Richmond,Brad Ottens,0,1,3,0,0,6,1
1998,21,1998-08-22,M.C.G.,Richmond,Brisbane Lions,Richmond,Justin Plapp,8,7,4,2,0,0,0
1998,21,1998-08-22,M.C.G.,Richmond,Brisbane Lions,Richmond,Robert Powell,4,0,2,0,0,0,0
1998,21,1998-08-22,M.C.G.,Richmond,Brisbane Lions,Richmond,Ashley Prescott,8,5,11,0,0,0,3
1998,21,1998-08-22,M.C.G.,Richmond,Brisbane Lions,Richmond,Greg Tivendale,7,3,6,0,0,0,1
1998,21,1998-08-22,M.C.G.,Richmond,Brisbane Lions,Richmond,Jason Torney,5,3,3,1,0,0,2
1998,21,1998-08-22,M.C.G.,Richmond,Brisbane Lions,Richmond,Scott Turner,6,1,2,0,0,0,0
1998,21,1998-08-22,M.C.G.,Richmond,Brisbane Lions,Brisbane Lions,Jason Akermanis,11,1,4,3,1,0,0
1998,21,1998-08-22,M.C.G.,Richmond,Brisbane Lions,Brisbane Lions,Marcus Ashcroft,18,3,14,0,1,0,2
1998,21,1998-08-22,M.C.G.,Richmond,Brisbane Lions,Brisbane Lions,Scott Bamford,9,3,7,1,0,0,2
1998,21,1998-08-22,M.C.G.,Richmond,Brisbane Lions,Brisbane Lions,Trent Bartlett,3,0,1,0,0,1,2
1998,21,1998-08-22,M.C.G.,Richmond,Brisbane Lions,Brisbane Lions,Andrew Bews,10,1,4,0,0,0,0
1998,21,1998-08-22,M.C.G.,Richmond,Brisbane Lions,Brisbane Lions,Brad Boyd,17,6,9,0,0,0,1
1998,21,1998-08-22,M.C.G.,Richmond,Brisbane Lions,Brisbane Lions,Richard Champion,8,6,8,2,1,0,1
1998,21,1998-08-22,M.C.G.,Richmond,Brisbane Lions,Brisbane Lions,Matthew Clarke,2,4,6,0,0,4,0
1998,21,1998-08-22,M.C.G.,Richmond,Brisbane Lions,Brisbane Lions,Danny Dickfos,7,3,4,0,0,0,0
1998,21,1998-08-22,M.C.G.,Richmond,Brisbane Lions,Brisbane Lions,Chris Johnson,6,2,4,0,1,0,5
1998,21,1998-08-22,M.C.G.,Richmond,Brisbane Lions,Brisbane Lions,Clark Keating,4,2,8,0,0,19,1
1998,21,1998-08-22,M.C.G.,Richmond,Brisbane Lions,Brisbane Lions,Matthew Kennedy,11,4,5,0,0,0,0
1998,21,1998-08-22,M.C.G.,Richmond,Brisbane Lions,Brisbane Lions,Nigel Lappin,14,3,6,0,2,0,0
1998,21,1998-08-22,M.C.G.,Richmond,Brisbane Lions,Brisbane Lions,Alastair Lynch,4,2,2,2,1,0,0
1998,21,1998-08-22,M.C.G.,Richmond,Brisbane Lions,Brisbane Lions,Tristan Lynch,7,4,4,1,0,0,2
1998,21,1998-08-22,M.C.G.,Richmond,Brisbane Lions,Brisbane Lions,Craig McRae,5,2,3,0,1,0,1
1998,21,1998-08-22,M.C.G.,Richmond,Brisbane Lions,Brisbane Lions,Tim Notting,5,3,12,0,0,0,4
1998,21,1998-08-22,M.C.G.,Richmond,Brisbane Lions,Brisbane Lions,Shane OBree,11,4,7,0,0,0,1
1998,21,1998-08-22,M.C.G.,Richmond,Brisbane Lions,Brisbane Lions,Luke Power,11,5,8,0,0,0,1
1998,21,1998-08-22,M.C.G.,Richmond,Brisbane Lions,Brisbane Lions,Brad Scott,1,0,1,0,0,0,0
1998,21,1998-08-22,M.C.G.,Richmond,Brisbane Lions,Brisbane Lions,Chris Scott,23,7,8,1,2,0,2
1998,21,1998-08-22,M.C.G.,Richmond,Brisbane Lions,Brisbane Lions,Darryl White,7,5,8,1,0,0,5
1998,21,1998-08-22,Waverley Park,St Kilda,West Coast,St Kilda,Kristian Bardsley,2,0,5,0,0,0,1
1998,21,1998-08-22,Waverley Park,St Kilda,West Coast,St Kilda,Tony Brown,12,7,12,3,1,0,2
1998,21,1998-08-22,Waverley Park,St Kilda,West Coast,St Kilda,Brad Campbell,7,0,2,0,0,0,2
1998,21,1998-08-22,Waverley Park,St Kilda,West Coast,St Kilda,Brett Cook,0,0,3,0,0,8,0
1998,21,1998-08-22,Waverley Park,St Kilda,West Coast,St Kilda,Tim Elliott,2,1,0,0,0,0,0
1998,21,1998-08-22,Waverley Park,St Kilda,West Coast,St Kilda,Peter Everitt,8,1,2,1,0,19,2
1998,21,1998-08-22,Waverley Park,St Kilda,West Coast,St Kilda,Robert Harvey,26,4,9,1,0,0,0
1998,21,1998-08-22,Waverley Park,St Kilda,West Coast,St Kilda,Max Hudghton,4,6,4,0,0,0,2
1998,21,1998-08-22,Waverley Park,St Kilda,West Coast,St Kilda,Austinn Jones,15,2,11,0,0,0,5
1998,21,1998-08-22,Waverley Park,St Kilda,West Coast,St Kilda,Brett Knowles,19,1,11,0,0,0,3
1998,21,1998-08-22,Waverley Park,St Kilda,West Coast,St Kilda,Matthew Lappin,19,3,7,0,3,0,4
1998,21,1998-08-22,Waverley Park,St Kilda,West Coast,St Kilda,Stewart Loewe,11,4,7,0,1,15,3
1998,21,1998-08-22,Waverley Park,St Kilda,West Coast,St Kilda,Joe McLaren,10,0,7,1,1,0,0
1998,21,1998-08-22,Waverley Park,St Kilda,West Coast,St Kilda,Gavin Mitchell,3,1,2,0,1,0,2
1998,21,1998-08-22,Waverley Park,St Kilda,West Coast,St Kilda,Justin Peckett,13,7,6,2,0,0,1
1998,21,1998-08-22,Waverley Park,St Kilda,West Coast,St Kilda,David Sierakowski,3,1,7,0,0,1,0
1998,21,1998-08-22,Waverley Park,St Kilda,West Coast,St Kilda,Andrew Thompson,10,4,10,1,0,0,9
1998,21,1998-08-22,Waverley Park,St Kilda,West Coast,St Kilda,Ben Thompson,3,2,5,0,0,0,2
1998,21,1998-08-22,Waverley Park,St Kilda,West Coast,St Kilda,Jason Traianidis,3,1,3,0,0,0,1
1998,21,1998-08-22,Waverley Park,St Kilda,West Coast,St Kilda,Darryl Wakelin,4,1,3,0,0,1,0
1998,21,1998-08-22,Waverley Park,St Kilda,West Coast,St Kilda,Shane Wakelin,6,1,6,0,0,3,4
1998,21,1998-08-22,Waverley Park,St Kilda,West Coast,St Kilda,Matthew Young,18,7,4,0,0,0,6
1998,21,1998-08-22,Waverley Park,St Kilda,West Coast,West Coast,Jason Ball,10,2,1,0,0,17,1
1998,21,1998-08-22,Waverley Park,St Kilda,West Coast,West Coast,Drew Banfield,2,0,3,0,1,0,1
1998,21,1998-08-22,Waverley Park,St Kilda,West Coast,West Coast,Michael Braun,4,0,5,0,0,0,5
1998,21,1998-08-22,Waverley Park,St Kilda,West Coast,West Coast,Ben Cousins,23,2,12,0,0,0,4
1998,21,1998-08-22,Waverley Park,St Kilda,West Coast,West Coast,Brendon Fewster,2,2,11,0,0,4,1
1998,21,1998-08-22,Waverley Park,St Kilda,West Coast,West Coast,Fraser Gehrig,6,3,1,1,2,0,2
1998,21,1998-08-22,Waverley Park,St Kilda,West Coast,West Coast,Brett Heady,14,6,7,2,2,0,4
1998,21,1998-08-22,Waverley Park,St Kilda,West Coast,West Coast,Glen Jakovich,14,1,4,0,0,15,1
1998,21,1998-08-22,Waverley Park,St Kilda,West Coast,West Coast,Dean Kemp,13,2,7,0,0,0,4
1998,21,1998-08-22,Waverley Park,St Kilda,West Coast,West Coast,Chris Lewis,11,1,1,2,0,0,0
1998,21,1998-08-22,Waverley Park,St Kilda,West Coast,West Coast,Chris Mainwaring,3,0,0,0,0,0,0
1998,21,1998-08-22,Waverley Park,St Kilda,West Coast,West Coast,Peter Matera,16,7,2,0,1,1,2
1998,21,1998-08-22,Waverley Park,St Kilda,West Coast,West Coast,Ashley McIntosh,9,2,2,0,0,2,7
1998,21,1998-08-22,Waverley Park,St Kilda,West Coast,West Coast,Guy McKenna,8,2,4,0,0,0,4
1998,21,1998-08-22,Waverley Park,St Kilda,West Coast,West Coast,Daniel Metropolis,7,2,4,0,0,0,2
1998,21,1998-08-22,Waverley Park,St Kilda,West Coast,West Coast,Chad Morrison,10,4,5,1,2,0,1
1998,21,1998-08-22,Waverley Park,St Kilda,West Coast,West Coast,Phillip Read,9,1,3,1,1,1,3
1998,21,1998-08-22,Waverley Park,St Kilda,West Coast,West Coast,Paul Symmons,13,2,4,0,1,1,3
1998,21,1998-08-22,Waverley Park,St Kilda,West Coast,West Coast,Chris Waterman,5,1,1,0,0,0,0
1998,21,1998-08-22,Waverley Park,St Kilda,West Coast,West Coast,Mitchell White,5,2,2,0,0,0,2
1998,21,1998-08-22,Waverley Park,St Kilda,West Coast,West Coast,Andrew Williams,1,1,0,0,0,0,0
1998,21,1998-08-22,Waverley Park,St Kilda,West Coast,West Coast,Josh Wooden,10,2,1,0,0,0,2
1998,21,1998-08-22,Football Park,Adelaide,North Melbourne,Adelaide,Peter Caven,10,2,0,0,0,1,3
1998,21,1998-08-22,Football Park,Adelaide,North Melbourne,Adelaide,Matthew Connell,16,4,6,0,0,0,1
1998,21,1998-08-22,Football Park,Adelaide,North Melbourne,Adelaide,Tim Cook,1,0,0,0,0,0,1
1998,21,1998-08-22,Football Park,Adelaide,North Melbourne,Adelaide,Andrew Eccles,0,0,0,0,0,0,0
1998,21,1998-08-22,Football Park,Adelaide,North Melbourne,Adelaide,Tyson Edwards,9,4,4,1,0,0,1
1998,21,1998-08-22,Football Park,Adelaide,North Melbourne,Adelaide,Shane Ellen,0,0,0,0,0,0,0
1998,21,1998-08-22,Football Park,Adelaide,North Melbourne,Adelaide,Simon Goodwin,18,5,8,2,0,1,5
1998,21,1998-08-22,Football Park,Adelaide,North Melbourne,Adelaide,Ben Hart,13,1,5,0,0,0,3
1998,21,1998-08-22,Football Park,Adelaide,North Melbourne,Adelaide,Brett James,11,6,13,0,1,0,3
1998,21,1998-08-22,Football Park,Adelaide,North Melbourne,Adelaide,Darren Jarman,8,1,5,1,1,0,2
1998,21,1998-08-22,Football Park,Adelaide,North Melbourne,Adelaide,Kym Koster,6,0,7,0,0,0,1
1998,21,1998-08-22,Football Park,Adelaide,North Melbourne,Adelaide,Andrew McLeod,11,2,5,1,2,0,3
1998,21,1998-08-22,Football Park,Adelaide,North Melbourne,Adelaide,Tony Modra,6,4,0,2,0,0,0
1998,21,1998-08-22,Football Park,Adelaide,North Melbourne,Adelaide,Trent Ormond-Allen,7,1,2,0,0,0,2
1998,21,1998-08-22,Football Park,Adelaide,North Melbourne,Adelaide,David Pittman,3,1,4,0,0,30,0
1998,21,1998-08-22,Football Park,Adelaide,North Melbourne,Adelaide,Shaun Rehn,3,1,7,0,0,7,1
1998,21,1998-08-22,Football Park,Adelaide,North Melbourne,Adelaide,Mark Ricciuto,11,3,8,0,2,0,0
1998,21,1998-08-22,Football Park,Adelaide,North Melbourne,Adelaide,Matthew Robran,5,4,6,0,3,2,0
1998,21,1998-08-22,Football Park,Adelaide,North Melbourne,Adelaide,Nigel Smart,15,6,4,1,0,0,7
1998,21,1998-08-22,Football Park,Adelaide,North Melbourne,Adelaide,Mark Stevens,14,3,4,1,1,6,2
1998,21,1998-08-22,Football Park,Adelaide,North Melbourne,Adelaide,James Thiessen,14,7,7,2,0,0,1
1998,21,1998-08-22,Football Park,Adelaide,North Melbourne,Adelaide,Peter Vardy,12,4,4,2,2,0,1
1998,21,1998-08-22,Football Park,Adelaide,North Melbourne,North Melbourne,Winston Abraham,12,1,7,1,4,1,3
1998,21,1998-08-22,Football Park,Adelaide,North Melbourne,North Melbourne,Glenn Archer,10,5,5,1,0,1,4
1998,21,1998-08-22,Football Park,Adelaide,North Melbourne,North Melbourne,Peter Bell,23,2,5,1,3,0,2
1998,21,1998-08-22,Football Park,Adelaide,North Melbourne,North Melbourne,John Blakey,11,1,2,0,1,0,1
1998,21,1998-08-22,Football Park,Adelaide,North Melbourne,North Melbourne,Mathew Capuano,0,0,1,0,0,2,0
1998,21,1998-08-22,Football Park,Adelaide,North Melbourne,North Melbourne,Wayne Carey,17,9,11,5,3,1,2
1998,21,1998-08-22,Football Park,Adelaide,North Melbourne,North Melbourne,Darren Crocker,0,0,1,0,0,0,1
1998,21,1998-08-22,Football Park,Adelaide,North Melbourne,North Melbourne,Glenn Freeborn,3,1,4,0,0,1,1
1998,21,1998-08-22,Football Park,Adelaide,North Melbourne,North Melbourne,Shannon Grant,12,1,7,1,2,1,2
1998,21,1998-08-22,Football Park,Adelaide,North Melbourne,North Melbourne,Brent Harvey,7,0,6,1,1,0,3
1998,21,1998-08-22,Football Park,Adelaide,North Melbourne,North Melbourne,David King,17,2,8,2,0,0,3
1998,21,1998-08-22,Football Park,Adelaide,North Melbourne,North Melbourne,Mick Martyn,5,1,2,0,0,0,0
1998,21,1998-08-22,Football Park,Adelaide,North Melbourne,North Melbourne,Jason McCartney,4,3,0,0,0,2,0
1998,21,1998-08-22,Football Park,Adelaide,North Melbourne,North Melbourne,Corey McKernan,13,4,5,2,1,7,2
1998,21,1998-08-22,Football Park,Adelaide,North Melbourne,North Melbourne,Byron Pickett,6,4,6,0,0,1,3
1998,21,1998-08-22,Football Park,Adelaide,North Melbourne,North Melbourne,Martin Pike,6,2,6,0,0,0,2
1998,21,1998-08-22,Football Park,Adelaide,North Melbourne,North Melbourne,Mark Roberts,11,1,6,0,1,13,4
1998,21,1998-08-22,Football Park,Adelaide,North Melbourne,North Melbourne,Anthony Rock,4,1,2,0,0,0,0
1998,21,1998-08-22,Football Park,Adelaide,North Melbourne,North Melbourne,Robert Scott,10,0,5,0,1,0,4
1998,21,1998-08-22,Football Park,Adelaide,North Melbourne,North Melbourne,Craig Sholl,3,1,0,0,0,0,0
1998,21,1998-08-22,Football Park,Adelaide,North Melbourne,North Melbourne,Adam Simpson,9,0,2,0,1,1,3
1998,21,1998-08-22,Football Park,Adelaide,North Melbourne,North Melbourne,Anthony Stevens,12,0,1,0,0,0,2
1998,21,1998-08-23,Subiaco,Fremantle,Port Adelaide,Fremantle,Chris Bond,4,2,4,0,0,0,1
1998,21,1998-08-23,Subiaco,Fremantle,Port Adelaide,Fremantle,Matthew Burton,10,5,8,1,0,34,1
1998,21,1998-08-23,Subiaco,Fremantle,Port Adelaide,Fremantle,Craig Callaghan,8,1,3,1,0,0,1
1998,21,1998-08-23,Subiaco,Fremantle,Port Adelaide,Fremantle,Trent Carroll,7,2,3,0,0,1,0
1998,21,1998-08-23,Subiaco,Fremantle,Port Adelaide,Fremantle,Scott Chisholm,9,4,5,0,0,0,0
1998,21,1998-08-23,Subiaco,Fremantle,Port Adelaide,Fremantle,James Clement,4,3,2,1,1,0,1
1998,21,1998-08-23,Subiaco,Fremantle,Port Adelaide,Fremantle,Brad Dodd,3,0,5,0,0,0,0
1998,21,1998-08-23,Subiaco,Fremantle,Port Adelaide,Fremantle,Adrian Fletcher,10,5,8,1,1,0,3
1998,21,1998-08-23,Subiaco,Fremantle,Port Adelaide,Fremantle,Mark Gale,6,1,7,0,0,0,0
1998,21,1998-08-23,Subiaco,Fremantle,Port Adelaide,Fremantle,Brodie Holland,14,2,7,1,0,0,2
1998,21,1998-08-23,Subiaco,Fremantle,Port Adelaide,Fremantle,Kingsley Hunter,11,8,6,3,3,1,0
1998,21,1998-08-23,Subiaco,Fremantle,Port Adelaide,Fremantle,Dale Kickett,14,4,6,0,0,0,2
1998,21,1998-08-23,Subiaco,Fremantle,Port Adelaide,Fremantle,Steven Koops,9,3,3,0,0,0,1
1998,21,1998-08-23,Subiaco,Fremantle,Port Adelaide,Fremantle,Andrew McGovern,4,2,3,0,0,1,0
1998,21,1998-08-23,Subiaco,Fremantle,Port Adelaide,Fremantle,Jason Norrish,13,5,6,0,0,0,0
1998,21,1998-08-23,Subiaco,Fremantle,Port Adelaide,Fremantle,Stephen OReilly,7,5,3,1,0,0,0
1998,21,1998-08-23,Subiaco,Fremantle,Port Adelaide,Fremantle,Daniel Parker,2,3,4,0,0,2,2
1998,21,1998-08-23,Subiaco,Fremantle,Port Adelaide,Fremantle,Shane Parker,8,3,9,0,1,0,1
1998,21,1998-08-23,Subiaco,Fremantle,Port Adelaide,Fremantle,Jess Sinclair,4,0,4,0,0,0,2
1998,21,1998-08-23,Subiaco,Fremantle,Port Adelaide,Fremantle,James Walker,11,1,4,0,1,0,1
1998,21,1998-08-23,Subiaco,Fremantle,Port Adelaide,Fremantle,Clive Waterhouse,6,3,0,1,2,0,0
1998,21,1998-08-23,Subiaco,Fremantle,Port Adelaide,Fremantle,Andrew Wills,8,2,2,0,1,0,1
1998,21,1998-08-23,Subiaco,Fremantle,Port Adelaide,Port Adelaide,Matthew Bode,8,1,3,0,0,0,1
1998,21,1998-08-23,Subiaco,Fremantle,Port Adelaide,Port Adelaide,Peter Burgoyne,14,1,6,1,1,0,0
1998,21,1998-08-23,Subiaco,Fremantle,Port Adelaide,Port Adelaide,Tom Carr,4,2,0,0,0,0,0
1998,21,1998-08-23,Subiaco,Fremantle,Port Adelaide,Port Adelaide,Brett Chalmers,12,6,4,0,0,0,1
1998,21,1998-08-23,Subiaco,Fremantle,Port Adelaide,Port Adelaide,Stuart Dew,11,3,2,3,0,0,0
1998,21,1998-08-23,Subiaco,Fremantle,Port Adelaide,Port Adelaide,Donald Dickie,9,3,14,2,0,2,0
1998,21,1998-08-23,Subiaco,Fremantle,Port Adelaide,Port Adelaide,Nathan Eagleton,9,0,3,0,1,0,1
1998,21,1998-08-23,Subiaco,Fremantle,Port Adelaide,Port Adelaide,Fabian Francis,14,2,3,0,0,0,1
1998,21,1998-08-23,Subiaco,Fremantle,Port Adelaide,Port Adelaide,Josh Francou,20,2,7,1,0,1,0
1998,21,1998-08-23,Subiaco,Fremantle,Port Adelaide,Port Adelaide,Mark Harwood,0,0,1,0,0,0,1
1998,21,1998-08-23,Subiaco,Fremantle,Port Adelaide,Port Adelaide,Brent Heaver,5,1,0,1,0,0,1
1998,21,1998-08-23,Subiaco,Fremantle,Port Adelaide,Port Adelaide,Roger James,8,3,2,1,1,0,2
1998,21,1998-08-23,Subiaco,Fremantle,Port Adelaide,Port Adelaide,Adam Kingsley,7,1,8,0,0,0,1
1998,21,1998-08-23,Subiaco,Fremantle,Port Adelaide,Port Adelaide,Brendon Lade,6,5,6,1,1,13,0
1998,21,1998-08-23,Subiaco,Fremantle,Port Adelaide,Port Adelaide,Bowen Lockwood,11,7,3,2,4,1,1
1998,21,1998-08-23,Subiaco,Fremantle,Port Adelaide,Port Adelaide,Brayden Lyle,16,3,6,0,0,1,3
1998,21,1998-08-23,Subiaco,Fremantle,Port Adelaide,Port Adelaide,Darren Mead,2,4,6,0,0,1,0
1998,21,1998-08-23,Subiaco,Fremantle,Port Adelaide,Port Adelaide,Stephen Paxman,3,1,4,0,0,0,0
1998,21,1998-08-23,Subiaco,Fremantle,Port Adelaide,Port Adelaide,Matthew Primus,3,2,6,0,0,14,3
1998,21,1998-08-23,Subiaco,Fremantle,Port Adelaide,Port Adelaide,Nick Stevens,2,1,5,1,0,0,0
1998,21,1998-08-23,Subiaco,Fremantle,Port Adelaide,Port Adelaide,Warren Tredrea,9,5,6,6,1,3,1
1998,21,1998-08-23,Subiaco,Fremantle,Port Adelaide,Port Adelaide,Michael Wilson,4,1,6,0,0,0,1
1998,21,1998-08-23,M.C.G.,Collingwood,Carlton,Collingwood,Gavin Brown,11,5,7,1,1,0,1
1998,21,1998-08-23,M.C.G.,Collingwood,Carlton,Collingwood,Nathan Buckley,24,7,6,0,4,1,2
1998,21,1998-08-23,M.C.G.,Collingwood,Carlton,Collingwood,Scott Burns,12,3,7,1,0,0,3
1998,21,1998-08-23,M.C.G.,Collingwood,Carlton,Collingwood,Gavin Crosisca,13,5,6,0,0,0,1
1998,21,1998-08-23,M.C.G.,Collingwood,Carlton,Collingwood,Scott Crow,5,5,9,0,0,0,1
1998,21,1998-08-23,M.C.G.,Collingwood,Carlton,Collingwood,Tony Francis,8,2,13,1,2,0,3
1998,21,1998-08-23,M.C.G.,Collingwood,Carlton,Collingwood,Michael Gardiner,2,1,4,1,0,8,0
1998,21,1998-08-23,M.C.G.,Collingwood,Carlton,Collingwood,Luke Godden,4,2,9,0,0,0,0
1998,21,1998-08-23,M.C.G.,Collingwood,Carlton,Collingwood,Clinton King,11,3,8,1,0,1,1
1998,21,1998-08-23,M.C.G.,Collingwood,Carlton,Collingwood,Josh Mahoney,8,2,8,0,0,0,0
1998,21,1998-08-23,M.C.G.,Collingwood,Carlton,Collingwood,Alex McDonald,1,0,3,0,0,0,2
1998,21,1998-08-23,M.C.G.,Collingwood,Carlton,Collingwood,Mal Michael,5,1,3,0,0,0,0
1998,21,1998-08-23,M.C.G.,Collingwood,Carlton,Collingwood,Richard Osborne,10,2,2,0,0,0,1
1998,21,1998-08-23,M.C.G.,Collingwood,Carlton,Collingwood,Stephen Patterson,4,1,4,0,0,0,2
1998,21,1998-08-23,M.C.G.,Collingwood,Carlton,Collingwood,Mark Richardson,10,7,6,2,2,6,0
1998,21,1998-08-23,M.C.G.,Collingwood,Carlton,Collingwood,Saverio Rocca,5,3,2,1,0,0,1
1998,21,1998-08-23,M.C.G.,Collingwood,Carlton,Collingwood,Andrew Schauble,7,1,9,0,0,5,0
1998,21,1998-08-23,M.C.G.,Collingwood,Carlton,Collingwood,Jamie Tape,5,3,7,0,1,1,0
1998,21,1998-08-23,M.C.G.,Collingwood,Carlton,Collingwood,Chris Tarrant,6,3,5,0,2,0,1
1998,21,1998-08-23,M.C.G.,Collingwood,Carlton,Collingwood,James Wasley,2,0,1,0,0,0,1
1998,21,1998-08-23,M.C.G.,Collingwood,Carlton,Collingwood,Shane Watson,15,6,12,0,0,0,0
1998,21,1998-08-23,M.C.G.,Collingwood,Carlton,Collingwood,Graham Wright,12,5,5,0,0,0,0
1998,21,1998-08-23,M.C.G.,Collingwood,Carlton,Carlton,Matthew Allan,11,7,7,0,0,25,0
1998,21,1998-08-23,M.C.G.,Collingwood,Carlton,Carlton,Simon Beaumont,9,4,6,1,0,0,1
1998,21,1998-08-23,M.C.G.,Collingwood,Carlton,Carlton,Craig Bradley,11,4,15,0,0,0,0
1998,21,1998-08-23,M.C.G.,Collingwood,Carlton,Carlton,Fraser Brown,15,3,17,1,0,0,2
1998,21,1998-08-23,M.C.G.,Collingwood,Carlton,Carlton,Scott Camporeale,21,2,6,5,0,0,2
1998,21,1998-08-23,M.C.G.,Collingwood,Carlton,Carlton,Ron De Iulio,12,5,5,0,1,0,1
1998,21,1998-08-23,M.C.G.,Collingwood,Carlton,Carlton,Peter Dean,1,2,3,0,1,0,1
1998,21,1998-08-23,M.C.G.,Collingwood,Carlton,Carlton,Anthony Franchina,8,2,5,0,1,0,6
1998,21,1998-08-23,M.C.G.,Collingwood,Carlton,Carlton,Aaron Hamill,8,4,6,1,1,0,2
1998,21,1998-08-23,M.C.G.,Collingwood,Carlton,Carlton,Matthew Hogg,3,0,1,0,1,0,0
1998,21,1998-08-23,M.C.G.,Collingwood,Carlton,Carlton,John Hynes,6,2,0,1,0,0,0
1998,21,1998-08-23,M.C.G.,Collingwood,Carlton,Carlton,Anthony Koutoufides,13,12,8,1,2,0,0
1998,21,1998-08-23,M.C.G.,Collingwood,Carlton,Carlton,Glenn Manton,3,4,7,0,0,0,0
1998,21,1998-08-23,M.C.G.,Collingwood,Carlton,Carlton,Kris Massie,1,1,4,0,0,0,0
1998,21,1998-08-23,M.C.G.,Collingwood,Carlton,Carlton,Andrew McKay,7,0,7,0,0,0,0
1998,21,1998-08-23,M.C.G.,Collingwood,Carlton,Carlton,Justin Murphy,14,4,16,1,0,0,1
1998,21,1998-08-23,M.C.G.,Collingwood,Carlton,Carlton,Brett Ratten,17,3,15,2,0,0,6
1998,21,1998-08-23,M.C.G.,Collingwood,Carlton,Carlton,Dean Rice,14,3,3,0,0,0,2
1998,21,1998-08-23,M.C.G.,Collingwood,Carlton,Carlton,Michael Sexton,4,3,3,0,0,0,1
1998,21,1998-08-23,M.C.G.,Collingwood,Carlton,Carlton,Stephen Silvagni,5,4,4,1,1,0,3
1998,21,1998-08-23,M.C.G.,Collingwood,Carlton,Carlton,Adam White,11,1,11,1,0,1,2
1998,21,1998-08-23,M.C.G.,Collingwood,Carlton,Carlton,Lance Whitnall,17,11,11,2,4,3,2
1998,21,1998-08-23,Waverley Park,Hawthorn,Geelong,Hawthorn,John Barker,15,11,2,0,0,1,1
1998,21,1998-08-23,Waverley Park,Hawthorn,Geelong,Hawthorn,Daniel Chick,9,2,7,1,2,0,1
1998,21,1998-08-23,Waverley Park,Hawthorn,Geelong,Hawthorn,Shane Crawford,19,4,9,0,0,0,3
1998,21,1998-08-23,Waverley Park,Hawthorn,Geelong,Hawthorn,Trent Croad,0,0,0,0,0,0,0
1998,21,1998-08-23,Waverley Park,Hawthorn,Geelong,Hawthorn,Ben Dixon,10,6,4,4,2,0,5
1998,21,1998-08-23,Waverley Park,Hawthorn,Geelong,Hawthorn,Mark Graham,6,1,2,0,0,0,1
1998,21,1998-08-23,Waverley Park,Hawthorn,Geelong,Hawthorn,Daniel Harford,17,4,7,0,1,0,4
1998,21,1998-08-23,Waverley Park,Hawthorn,Geelong,Hawthorn,Jon Hassall,8,0,7,0,0,0,3
1998,21,1998-08-23,Waverley Park,Hawthorn,Geelong,Hawthorn,Jonathan Hay,14,2,0,1,0,0,6
1998,21,1998-08-23,Waverley Park,Hawthorn,Geelong,Hawthorn,Nick Holland,11,8,6,1,1,3,0
1998,21,1998-08-23,Waverley Park,Hawthorn,Geelong,Hawthorn,Brendan Krummel,6,3,7,1,1,1,4
1998,21,1998-08-23,Waverley Park,Hawthorn,Geelong,Hawthorn,Angelo Lekkas,11,3,5,0,0,0,2
1998,21,1998-08-23,Waverley Park,Hawthorn,Geelong,Hawthorn,Brad Lloyd,3,1,1,0,0,0,1
1998,21,1998-08-23,Waverley Park,Hawthorn,Geelong,Hawthorn,Aaron Lord,10,4,5,3,2,0,1
1998,21,1998-08-23,Waverley Park,Hawthorn,Geelong,Hawthorn,Luke McCabe,13,7,5,0,1,1,3
1998,21,1998-08-23,Waverley Park,Hawthorn,Geelong,Hawthorn,Chris Obst,5,2,4,0,0,0,1
1998,21,1998-08-23,Waverley Park,Hawthorn,Geelong,Hawthorn,Jade Rawlings,1,1,1,0,1,0,0
1998,21,1998-08-23,Waverley Park,Hawthorn,Geelong,Hawthorn,Jonathon Robran,14,9,6,0,0,2,1
1998,21,1998-08-23,Waverley Park,Hawthorn,Geelong,Hawthorn,Paul Salmon,8,8,14,0,0,27,4
1998,21,1998-08-23,Waverley Park,Hawthorn,Geelong,Hawthorn,Richard Taylor,9,2,3,0,1,0,1
1998,21,1998-08-23,Waverley Park,Hawthorn,Geelong,Hawthorn,Craig Treleven,8,0,8,0,0,0,3
1998,21,1998-08-23,Waverley Park,Hawthorn,Geelong,Hawthorn,Tony Woods,15,5,13,0,3,0,7
1998,21,1998-08-23,Waverley Park,Hawthorn,Geelong,Geelong,Clint Bizzell,10,7,6,0,0,0,1
1998,21,1998-08-23,Waverley Park,Hawthorn,Geelong,Geelong,Ronnie Burns,5,5,6,0,2,0,1
1998,21,1998-08-23,Waverley Park,Hawthorn,Geelong,Geelong,Leigh Colbert,14,6,6,0,0,1,0
1998,21,1998-08-23,Waverley Park,Hawthorn,Geelong,Geelong,Paul Corrigan,13,5,10,0,0,0,1
1998,21,1998-08-23,Waverley Park,Hawthorn,Geelong,Geelong,Derek Hall,8,7,5,0,1,0,1
1998,21,1998-08-23,Waverley Park,Hawthorn,Geelong,Geelong,Garry Hocking,21,6,10,0,0,0,3
1998,21,1998-08-23,Waverley Park,Hawthorn,Geelong,Geelong,Steven King,15,11,10,0,0,12,1
1998,21,1998-08-23,Waverley Park,Hawthorn,Geelong,Geelong,Daniel Lowther,6,6,2,0,0,0,0
1998,21,1998-08-23,Waverley Park,Hawthorn,Geelong,Geelong,Paul Lynch,10,5,1,1,0,0,0
1998,21,1998-08-23,Waverley Park,Hawthorn,Geelong,Geelong,Michael Mansfield,10,10,8,0,2,0,0
1998,21,1998-08-23,Waverley Park,Hawthorn,Geelong,Geelong,Joel McKay,4,2,4,0,0,0,0
1998,21,1998-08-23,Waverley Park,Hawthorn,Geelong,Geelong,David Mensch,6,4,0,1,1,3,0
1998,21,1998-08-23,Waverley Park,Hawthorn,Geelong,Geelong,Darren Milburn,17,6,8,1,0,3,2
1998,21,1998-08-23,Waverley Park,Hawthorn,Geelong,Geelong,James Rahilly,14,5,6,1,0,0,1
1998,21,1998-08-23,Waverley Park,Hawthorn,Geelong,Geelong,Peter Riccardi,16,6,5,3,1,0,2
1998,21,1998-08-23,Waverley Park,Hawthorn,Geelong,Geelong,Cameron Roberts,8,2,2,0,0,1,0
1998,21,1998-08-23,Waverley Park,Hawthorn,Geelong,Geelong,Brenton Sanderson,17,10,2,0,0,0,1
1998,21,1998-08-23,Waverley Park,Hawthorn,Geelong,Geelong,Brad Sholl,12,6,5,0,0,0,0
1998,21,1998-08-23,Waverley Park,Hawthorn,Geelong,Geelong,Hamish Simpson,4,2,2,0,0,0,0
1998,21,1998-08-23,Waverley Park,Hawthorn,Geelong,Geelong,Brett Spinks,4,1,1,0,1,0,0
1998,21,1998-08-23,Waverley Park,Hawthorn,Geelong,Geelong,Carl Steinfort,2,1,1,0,0,0,0
1998,21,1998-08-23,Waverley Park,Hawthorn,Geelong,Geelong,Justin Wood,10,7,3,1,1,0,0
1998,21,1998-08-24,M.C.G.,Melbourne,Sydney,Melbourne,Matthew Collins,0,0,1,0,0,0,0
1998,21,1998-08-24,M.C.G.,Melbourne,Sydney,Melbourne,Jeff Farmer,13,2,3,4,2,0,1
1998,21,1998-08-24,M.C.G.,Melbourne,Sydney,Melbourne,Matthew Febey,15,8,11,0,0,0,1
1998,21,1998-08-24,M.C.G.,Melbourne,Sydney,Melbourne,Steven Febey,12,2,7,0,0,0,4
1998,21,1998-08-24,M.C.G.,Melbourne,Sydney,Melbourne,Brent Grgic,6,1,5,1,0,0,1
1998,21,1998-08-24,M.C.G.,Melbourne,Sydney,Melbourne,Anthony Ingerson,5,9,13,0,0,2,1
1998,21,1998-08-24,M.C.G.,Melbourne,Sydney,Melbourne,Darren Kowal,1,1,2,0,0,0,1
1998,21,1998-08-24,M.C.G.,Melbourne,Sydney,Melbourne,Andrew Leoncelli,10,5,6,0,1,0,2
1998,21,1998-08-24,M.C.G.,Melbourne,Sydney,Melbourne,Garry Lyon,9,3,3,2,1,1,1
1998,21,1998-08-24,M.C.G.,Melbourne,Sydney,Melbourne,Anthony McDonald,10,3,6,2,0,0,1
1998,21,1998-08-24,M.C.G.,Melbourne,Sydney,Melbourne,James McDonald,4,1,2,0,0,0,0
1998,21,1998-08-24,M.C.G.,Melbourne,Sydney,Melbourne,David Neitz,7,6,3,3,0,11,2
1998,21,1998-08-24,M.C.G.,Melbourne,Sydney,Melbourne,Guy Rigoni,11,4,11,1,0,1,1
1998,21,1998-08-24,M.C.G.,Melbourne,Sydney,Melbourne,Russell Robertson,8,2,6,1,1,0,2
1998,21,1998-08-24,M.C.G.,Melbourne,Sydney,Melbourne,Marcus Seecamp,3,2,11,0,0,0,1
1998,21,1998-08-24,M.C.G.,Melbourne,Sydney,Melbourne,Jamie Shanahan,1,2,6,0,0,0,1
1998,21,1998-08-24,M.C.G.,Melbourne,Sydney,Melbourne,Jim Stynes,1,0,3,0,0,8,0
1998,21,1998-08-24,M.C.G.,Melbourne,Sydney,Melbourne,Stephen Tingay,12,1,4,0,0,0,0
1998,21,1998-08-24,M.C.G.,Melbourne,Sydney,Melbourne,Todd Viney,15,6,5,0,0,0,1
1998,21,1998-08-24,M.C.G.,Melbourne,Sydney,Melbourne,Jeff White,7,8,8,1,0,16,0
1998,21,1998-08-24,M.C.G.,Melbourne,Sydney,Melbourne,Shane Woewodin,16,2,7,2,0,0,1
1998,21,1998-08-24,M.C.G.,Melbourne,Sydney,Melbourne,Adem Yze,17,4,4,0,0,0,1
1998,21,1998-08-24,M.C.G.,Melbourne,Sydney,Sydney,Leo Barry,11,6,2,1,1,0,0
1998,21,1998-08-24,M.C.G.,Melbourne,Sydney,Sydney,Troy Cook,6,0,4,0,0,0,2
1998,21,1998-08-24,M.C.G.,Melbourne,Sydney,Sydney,Daryn Cresswell,13,2,11,2,0,0,0
1998,21,1998-08-24,M.C.G.,Melbourne,Sydney,Sydney,Jared Crouch,7,4,4,0,0,0,2
1998,21,1998-08-24,M.C.G.,Melbourne,Sydney,Sydney,Andrew Dunkley,10,6,8,0,0,0,1
1998,21,1998-08-24,M.C.G.,Melbourne,Sydney,Sydney,Dale Lewis,17,8,7,0,0,2,1
1998,21,1998-08-24,M.C.G.,Melbourne,Sydney,Sydney,Paul Licuria,2,0,0,0,0,0,4
1998,21,1998-08-24,M.C.G.,Melbourne,Sydney,Sydney,Tony Lockett,8,6,3,4,2,0,0
1998,21,1998-08-24,M.C.G.,Melbourne,Sydney,Sydney,Troy Luff,16,5,5,0,0,6,2
1998,21,1998-08-24,M.C.G.,Melbourne,Sydney,Sydney,Stuart Maxfield,5,1,3,0,1,0,2
1998,21,1998-08-24,M.C.G.,Melbourne,Sydney,Sydney,Daniel McPherson,5,1,4,0,0,0,1
1998,21,1998-08-24,M.C.G.,Melbourne,Sydney,Sydney,Jason Mooney,4,3,3,0,0,4,2
1998,21,1998-08-24,M.C.G.,Melbourne,Sydney,Sydney,Matthew Nicks,11,5,3,0,0,0,1
1998,21,1998-08-24,M.C.G.,Melbourne,Sydney,Sydney,Michael OLoughlin,20,6,5,1,1,0,2
1998,21,1998-08-24,M.C.G.,Melbourne,Sydney,Sydney,Mark Orchard,6,3,4,0,0,0,4
1998,21,1998-08-24,M.C.G.,Melbourne,Sydney,Sydney,Paul Roos,9,2,5,1,1,0,0
1998,21,1998-08-24,M.C.G.,Melbourne,Sydney,Sydney,Jason Saddington,1,2,5,0,1,0,1
1998,21,1998-08-24,M.C.G.,Melbourne,Sydney,Sydney,Wayne Schwass,15,4,6,2,1,0,2
1998,21,1998-08-24,M.C.G.,Melbourne,Sydney,Sydney,Brad Seymour,7,5,6,0,0,0,2
1998,21,1998-08-24,M.C.G.,Melbourne,Sydney,Sydney,Greg Stafford,11,6,5,0,1,12,1
1998,21,1998-08-24,M.C.G.,Melbourne,Sydney,Sydney,John Stevens,13,6,4,1,1,0,2
1998,21,1998-08-24,M.C.G.,Melbourne,Sydney,Sydney,Rowan Warfe,13,6,2,0,0,0,2
1998,22,1998-08-28,M.C.G.,North Melbourne,Western Bulldogs,North Melbourne,Winston Abraham,10,1,1,0,0,0,4
1998,22,1998-08-28,M.C.G.,North Melbourne,Western Bulldogs,North Melbourne,Brady Anderson,2,0,5,0,0,0,2
1998,22,1998-08-28,M.C.G.,North Melbourne,Western Bulldogs,North Melbourne,Glenn Archer,12,4,7,0,0,0,1
1998,22,1998-08-28,M.C.G.,North Melbourne,Western Bulldogs,North Melbourne,Peter Bell,9,1,6,0,0,0,1
1998,22,1998-08-28,M.C.G.,North Melbourne,Western Bulldogs,North Melbourne,John Blakey,13,5,6,1,3,0,2
1998,22,1998-08-28,M.C.G.,North Melbourne,Western Bulldogs,North Melbourne,Mathew Capuano,6,3,0,1,1,15,2
1998,22,1998-08-28,M.C.G.,North Melbourne,Western Bulldogs,North Melbourne,Wayne Carey,15,7,4,4,1,0,1
1998,22,1998-08-28,M.C.G.,North Melbourne,Western Bulldogs,North Melbourne,Glenn Freeborn,6,2,5,1,0,0,1
1998,22,1998-08-28,M.C.G.,North Melbourne,Western Bulldogs,North Melbourne,Shannon Grant,4,1,2,1,0,0,4
1998,22,1998-08-28,M.C.G.,North Melbourne,Western Bulldogs,North Melbourne,Brent Harvey,5,0,2,3,0,0,2
1998,22,1998-08-28,M.C.G.,North Melbourne,Western Bulldogs,North Melbourne,Evan Hewitt,0,1,1,0,0,0,0
1998,22,1998-08-28,M.C.G.,North Melbourne,Western Bulldogs,North Melbourne,David King,5,0,6,0,0,0,1
1998,22,1998-08-28,M.C.G.,North Melbourne,Western Bulldogs,North Melbourne,Jason McCartney,5,3,3,0,0,2,0
1998,22,1998-08-28,M.C.G.,North Melbourne,Western Bulldogs,North Melbourne,Corey McKernan,6,2,6,2,0,8,0
1998,22,1998-08-28,M.C.G.,North Melbourne,Western Bulldogs,North Melbourne,Byron Pickett,11,5,6,0,0,0,3
1998,22,1998-08-28,M.C.G.,North Melbourne,Western Bulldogs,North Melbourne,Martin Pike,9,4,6,1,0,0,2
1998,22,1998-08-28,M.C.G.,North Melbourne,Western Bulldogs,North Melbourne,Mark Roberts,8,1,3,0,0,0,0
1998,22,1998-08-28,M.C.G.,North Melbourne,Western Bulldogs,North Melbourne,Anthony Rock,3,2,3,0,0,0,0
1998,22,1998-08-28,M.C.G.,North Melbourne,Western Bulldogs,North Melbourne,Robert Scott,6,2,5,1,0,0,3
1998,22,1998-08-28,M.C.G.,North Melbourne,Western Bulldogs,North Melbourne,Craig Sholl,15,4,6,1,2,2,0
1998,22,1998-08-28,M.C.G.,North Melbourne,Western Bulldogs,North Melbourne,Adam Simpson,13,2,6,0,0,1,9
1998,22,1998-08-28,M.C.G.,North Melbourne,Western Bulldogs,North Melbourne,Anthony Stevens,20,5,6,1,0,0,1
1998,22,1998-08-28,M.C.G.,North Melbourne,Western Bulldogs,Western Bulldogs,Leon Cameron,15,2,6,2,1,0,0
1998,22,1998-08-28,M.C.G.,North Melbourne,Western Bulldogs,Western Bulldogs,James Cook,5,4,1,1,4,0,1
1998,22,1998-08-28,M.C.G.,North Melbourne,Western Bulldogs,Western Bulldogs,Matthew Croft,4,3,3,0,0,0,5
1998,22,1998-08-28,M.C.G.,North Melbourne,Western Bulldogs,Western Bulldogs,Todd Curley,3,3,0,0,0,0,0
1998,22,1998-08-28,M.C.G.,North Melbourne,Western Bulldogs,Western Bulldogs,Luke Darcy,10,4,3,0,0,6,1
1998,22,1998-08-28,M.C.G.,North Melbourne,Western Bulldogs,Western Bulldogs,Matthew Dent,15,4,3,0,0,0,0
1998,22,1998-08-28,M.C.G.,North Melbourne,Western Bulldogs,Western Bulldogs,Paul Dimattina,9,4,4,1,0,0,1
1998,22,1998-08-28,M.C.G.,North Melbourne,Western Bulldogs,Western Bulldogs,Simon Garlick,8,3,3,0,1,0,1
1998,22,1998-08-28,M.C.G.,North Melbourne,Western Bulldogs,Western Bulldogs,Chris Grant,16,10,4,4,0,2,3
1998,22,1998-08-28,M.C.G.,North Melbourne,Western Bulldogs,Western Bulldogs,Paul Hudson,11,2,5,4,2,0,3
1998,22,1998-08-28,M.C.G.,North Melbourne,Western Bulldogs,Western Bulldogs,Brad Johnson,15,7,1,0,0,0,1
1998,22,1998-08-28,M.C.G.,North Melbourne,Western Bulldogs,Western Bulldogs,Steven Kolyniuk,4,0,3,1,0,0,2
1998,22,1998-08-28,M.C.G.,North Melbourne,Western Bulldogs,Western Bulldogs,Steven Kretiuk,2,4,6,0,0,0,2
1998,22,1998-08-28,M.C.G.,North Melbourne,Western Bulldogs,Western Bulldogs,Tony Liberatore,2,1,8,0,0,0,6
1998,22,1998-08-28,M.C.G.,North Melbourne,Western Bulldogs,Western Bulldogs,Michael Martin,9,1,3,1,0,0,0
1998,22,1998-08-28,M.C.G.,North Melbourne,Western Bulldogs,Western Bulldogs,Brett Montgomery,8,7,4,0,0,0,2
1998,22,1998-08-28,M.C.G.,North Melbourne,Western Bulldogs,Western Bulldogs,Jose Romero,18,5,12,1,0,0,1
1998,22,1998-08-28,M.C.G.,North Melbourne,Western Bulldogs,Western Bulldogs,Rohan Smith,9,5,5,1,1,0,1
1998,22,1998-08-28,M.C.G.,North Melbourne,Western Bulldogs,Western Bulldogs,Mark West,8,2,7,0,0,0,2
1998,22,1998-08-28,M.C.G.,North Melbourne,Western Bulldogs,Western Bulldogs,Scott West,10,0,9,0,0,0,2
1998,22,1998-08-28,M.C.G.,North Melbourne,Western Bulldogs,Western Bulldogs,Brad Wira,8,3,1,0,1,0,1
1998,22,1998-08-28,M.C.G.,North Melbourne,Western Bulldogs,Western Bulldogs,Scott Wynd,4,4,11,0,0,21,1
1998,22,1998-08-29,M.C.G.,Geelong,Essendon,Geelong,Clint Bizzell,14,15,9,0,0,0,3
1998,22,1998-08-29,M.C.G.,Geelong,Essendon,Geelong,Ronnie Burns,12,3,9,3,1,0,1
1998,22,1998-08-29,M.C.G.,Geelong,Essendon,Geelong,Leigh Colbert,13,9,2,2,0,0,1
1998,22,1998-08-29,M.C.G.,Geelong,Essendon,Geelong,Paul Corrigan,10,5,2,0,0,0,0
1998,22,1998-08-29,M.C.G.,Geelong,Essendon,Geelong,Derek Hall,11,9,3,1,0,0,0
1998,22,1998-08-29,M.C.G.,Geelong,Essendon,Geelong,Garry Hocking,21,7,7,0,0,0,3
1998,22,1998-08-29,M.C.G.,Geelong,Essendon,Geelong,Steven King,15,10,3,0,0,17,2
1998,22,1998-08-29,M.C.G.,Geelong,Essendon,Geelong,Daniel Lowther,12,4,3,1,0,0,0
1998,22,1998-08-29,M.C.G.,Geelong,Essendon,Geelong,Paul Lynch,14,5,4,5,3,0,0
1998,22,1998-08-29,M.C.G.,Geelong,Essendon,Geelong,Michael Mansfield,10,11,10,0,1,0,2
1998,22,1998-08-29,M.C.G.,Geelong,Essendon,Geelong,Joel McKay,1,1,1,0,0,0,0
1998,22,1998-08-29,M.C.G.,Geelong,Essendon,Geelong,Martin McKinnon,11,8,1,2,1,0,0
1998,22,1998-08-29,M.C.G.,Geelong,Essendon,Geelong,David Mensch,11,7,4,2,1,1,2
1998,22,1998-08-29,M.C.G.,Geelong,Essendon,Geelong,Darren Milburn,18,6,4,1,0,0,4
1998,22,1998-08-29,M.C.G.,Geelong,Essendon,Geelong,James Rahilly,5,4,3,0,0,0,1
1998,22,1998-08-29,M.C.G.,Geelong,Essendon,Geelong,Peter Riccardi,13,4,3,0,2,0,1
1998,22,1998-08-29,M.C.G.,Geelong,Essendon,Geelong,Cameron Roberts,8,3,0,1,0,0,1
1998,22,1998-08-29,M.C.G.,Geelong,Essendon,Geelong,Brenton Sanderson,7,3,2,0,0,0,2
1998,22,1998-08-29,M.C.G.,Geelong,Essendon,Geelong,Matthew Scarlett,5,2,1,0,0,0,1
1998,22,1998-08-29,M.C.G.,Geelong,Essendon,Geelong,Brad Sholl,13,8,2,0,0,0,2
1998,22,1998-08-29,M.C.G.,Geelong,Essendon,Geelong,Brett Spinks,4,3,6,1,0,0,1
1998,22,1998-08-29,M.C.G.,Geelong,Essendon,Geelong,Justin Wood,3,1,1,0,0,0,1
1998,22,1998-08-29,M.C.G.,Geelong,Essendon,Essendon,Steven Alessio,7,6,8,1,1,6,0
1998,22,1998-08-29,M.C.G.,Geelong,Essendon,Essendon,Paul Barnard,7,4,6,0,0,0,2
1998,22,1998-08-29,M.C.G.,Geelong,Essendon,Essendon,Darren Bewick,14,2,4,1,0,0,1
1998,22,1998-08-29,M.C.G.,Geelong,Essendon,Essendon,Justin Blumfield,4,4,12,0,0,0,1
1998,22,1998-08-29,M.C.G.,Geelong,Essendon,Essendon,David Calthorpe,10,3,6,1,0,0,1
1998,22,1998-08-29,M.C.G.,Geelong,Essendon,Essendon,Che Cockatoo-Collins,10,5,5,1,1,0,0
1998,22,1998-08-29,M.C.G.,Geelong,Essendon,Essendon,Ben Doolan,0,0,1,0,0,0,1
1998,22,1998-08-29,M.C.G.,Geelong,Essendon,Essendon,Simon Eastaugh,3,2,10,0,0,22,2
1998,22,1998-08-29,M.C.G.,Geelong,Essendon,Essendon,Dustin Fletcher,9,2,2,0,0,1,1
1998,22,1998-08-29,M.C.G.,Geelong,Essendon,Essendon,Mark Fraser,3,1,2,0,0,0,0
1998,22,1998-08-29,M.C.G.,Geelong,Essendon,Essendon,Damien Hardwick,11,2,4,0,0,0,3
1998,22,1998-08-29,M.C.G.,Geelong,Essendon,Essendon,Chris Heffernan,3,1,3,0,0,0,3
1998,22,1998-08-29,M.C.G.,Geelong,Essendon,Essendon,James Hird,21,8,11,3,1,0,3
1998,22,1998-08-29,M.C.G.,Geelong,Essendon,Essendon,Jason Johnson,10,2,4,1,0,0,0
1998,22,1998-08-29,M.C.G.,Geelong,Essendon,Essendon,Matthew Lloyd,12,7,4,6,1,0,0
1998,22,1998-08-29,M.C.G.,Geelong,Essendon,Essendon,Michael Long,4,0,12,0,1,0,0
1998,22,1998-08-29,M.C.G.,Geelong,Essendon,Essendon,Scott Lucas,10,3,4,2,0,0,0
1998,22,1998-08-29,M.C.G.,Geelong,Essendon,Essendon,Mark Mercuri,7,2,3,1,2,0,1
1998,22,1998-08-29,M.C.G.,Geelong,Essendon,Essendon,Joe Misiti,9,5,10,0,0,0,0
1998,22,1998-08-29,M.C.G.,Geelong,Essendon,Essendon,Gary ODonnell,12,2,10,0,0,0,0
1998,22,1998-08-29,M.C.G.,Geelong,Essendon,Essendon,Michael Symons,6,3,6,0,0,0,1
1998,22,1998-08-29,M.C.G.,Geelong,Essendon,Essendon,Sean Wellman,9,3,2,1,0,2,1
1998,22,1998-08-29,Waverley Park,Hawthorn,Fremantle,Hawthorn,John Barker,12,4,3,0,0,0,0
1998,22,1998-08-29,Waverley Park,Hawthorn,Fremantle,Hawthorn,Daniel Chick,8,4,7,4,1,0,6
1998,22,1998-08-29,Waverley Park,Hawthorn,Fremantle,Hawthorn,Shane Crawford,22,5,6,1,1,0,2
1998,22,1998-08-29,Waverley Park,Hawthorn,Fremantle,Hawthorn,Trent Croad,7,1,0,1,0,0,1
1998,22,1998-08-29,Waverley Park,Hawthorn,Fremantle,Hawthorn,Ben Dixon,2,3,5,0,0,0,1
1998,22,1998-08-29,Waverley Park,Hawthorn,Fremantle,Hawthorn,Jason Dunstall,6,2,3,2,3,0,0
1998,22,1998-08-29,Waverley Park,Hawthorn,Fremantle,Hawthorn,Mark Graham,16,8,8,2,1,2,2
1998,22,1998-08-29,Waverley Park,Hawthorn,Fremantle,Hawthorn,Daniel Harford,14,1,11,1,1,0,2
1998,22,1998-08-29,Waverley Park,Hawthorn,Fremantle,Hawthorn,Jon Hassall,9,6,14,0,0,0,2
1998,22,1998-08-29,Waverley Park,Hawthorn,Fremantle,Hawthorn,Jonathan Hay,7,2,5,0,0,3,1
1998,22,1998-08-29,Waverley Park,Hawthorn,Fremantle,Hawthorn,Nick Holland,17,9,9,1,2,8,2
1998,22,1998-08-29,Waverley Park,Hawthorn,Fremantle,Hawthorn,Brendan Krummel,4,3,11,0,0,3,3
1998,22,1998-08-29,Waverley Park,Hawthorn,Fremantle,Hawthorn,Angelo Lekkas,8,3,9,2,0,0,5
1998,22,1998-08-29,Waverley Park,Hawthorn,Fremantle,Hawthorn,Brad Lloyd,3,1,5,0,0,0,1
1998,22,1998-08-29,Waverley Park,Hawthorn,Fremantle,Hawthorn,Aaron Lord,12,5,7,6,3,0,1
1998,22,1998-08-29,Waverley Park,Hawthorn,Fremantle,Hawthorn,Luke McCabe,10,0,13,0,0,0,2
1998,22,1998-08-29,Waverley Park,Hawthorn,Fremantle,Hawthorn,Chris Obst,5,1,3,0,1,0,3
1998,22,1998-08-29,Waverley Park,Hawthorn,Fremantle,Hawthorn,Jonathon Robran,6,1,3,0,0,0,1
1998,22,1998-08-29,Waverley Park,Hawthorn,Fremantle,Hawthorn,Paul Salmon,6,7,8,0,0,26,1
1998,22,1998-08-29,Waverley Park,Hawthorn,Fremantle,Hawthorn,Richard Taylor,16,5,8,0,0,0,4
1998,22,1998-08-29,Waverley Park,Hawthorn,Fremantle,Hawthorn,Craig Treleven,23,2,11,2,0,0,1
1998,22,1998-08-29,Waverley Park,Hawthorn,Fremantle,Hawthorn,Tony Woods,4,1,8,0,0,0,2
1998,22,1998-08-29,Waverley Park,Hawthorn,Fremantle,Fremantle,Heath Black,6,1,0,0,0,0,1
1998,22,1998-08-29,Waverley Park,Hawthorn,Fremantle,Fremantle,Chris Bond,4,0,3,0,0,0,0
1998,22,1998-08-29,Waverley Park,Hawthorn,Fremantle,Fremantle,Matthew Burton,8,7,9,2,0,14,1
1998,22,1998-08-29,Waverley Park,Hawthorn,Fremantle,Fremantle,Craig Callaghan,27,6,8,1,0,0,3
1998,22,1998-08-29,Waverley Park,Hawthorn,Fremantle,Fremantle,Trent Carroll,4,2,2,0,0,0,2
1998,22,1998-08-29,Waverley Park,Hawthorn,Fremantle,Fremantle,Scott Chisholm,13,3,3,2,0,0,3
1998,22,1998-08-29,Waverley Park,Hawthorn,Fremantle,Fremantle,James Clement,4,4,5,0,0,0,1
1998,22,1998-08-29,Waverley Park,Hawthorn,Fremantle,Fremantle,Matthew Clucas,1,0,2,0,0,0,0
1998,22,1998-08-29,Waverley Park,Hawthorn,Fremantle,Fremantle,Gary Dhurrkay,6,2,1,0,0,0,4
1998,22,1998-08-29,Waverley Park,Hawthorn,Fremantle,Fremantle,Brad Dodd,7,3,10,0,0,0,5
1998,22,1998-08-29,Waverley Park,Hawthorn,Fremantle,Fremantle,Adrian Fletcher,15,7,11,0,1,1,6
1998,22,1998-08-29,Waverley Park,Hawthorn,Fremantle,Fremantle,Mark Gale,15,6,9,1,0,0,4
1998,22,1998-08-29,Waverley Park,Hawthorn,Fremantle,Fremantle,Tony Godden,2,2,2,0,0,0,0
1998,22,1998-08-29,Waverley Park,Hawthorn,Fremantle,Fremantle,Brodie Holland,8,3,6,0,0,0,3
1998,22,1998-08-29,Waverley Park,Hawthorn,Fremantle,Fremantle,Kingsley Hunter,9,6,4,2,1,1,2
1998,22,1998-08-29,Waverley Park,Hawthorn,Fremantle,Fremantle,Andrew McGovern,9,6,5,0,0,0,3
1998,22,1998-08-29,Waverley Park,Hawthorn,Fremantle,Fremantle,Jason Norrish,4,3,3,0,0,0,3
1998,22,1998-08-29,Waverley Park,Hawthorn,Fremantle,Fremantle,Stephen OReilly,9,3,3,1,2,0,0
1998,22,1998-08-29,Waverley Park,Hawthorn,Fremantle,Fremantle,Daniel Parker,7,4,6,0,0,3,3
1998,22,1998-08-29,Waverley Park,Hawthorn,Fremantle,Fremantle,Jess Sinclair,10,4,7,0,1,0,3
1998,22,1998-08-29,Waverley Park,Hawthorn,Fremantle,Fremantle,James Walker,9,2,3,0,0,0,1
1998,22,1998-08-29,Waverley Park,Hawthorn,Fremantle,Fremantle,Clive Waterhouse,8,2,3,0,0,1,0
1998,22,1998-08-29,Gabba,Brisbane Lions,St Kilda,Brisbane Lions,Jason Akermanis,13,3,1,0,1,0,3
1998,22,1998-08-29,Gabba,Brisbane Lions,St Kilda,Brisbane Lions,Marcus Ashcroft,18,6,9,2,3,0,2
1998,22,1998-08-29,Gabba,Brisbane Lions,St Kilda,Brisbane Lions,Scott Bamford,15,4,5,1,1,0,1
1998,22,1998-08-29,Gabba,Brisbane Lions,St Kilda,Brisbane Lions,Trent Bartlett,10,5,0,0,0,2,0
1998,22,1998-08-29,Gabba,Brisbane Lions,St Kilda,Brisbane Lions,Andrew Bews,2,1,0,0,0,0,1
1998,22,1998-08-29,Gabba,Brisbane Lions,St Kilda,Brisbane Lions,Simon Black,11,7,4,1,1,0,1
1998,22,1998-08-29,Gabba,Brisbane Lions,St Kilda,Brisbane Lions,Brad Boyd,17,7,12,0,1,0,2
1998,22,1998-08-29,Gabba,Brisbane Lions,St Kilda,Brisbane Lions,Daniel Bradshaw,6,5,1,4,1,0,0
1998,22,1998-08-29,Gabba,Brisbane Lions,St Kilda,Brisbane Lions,Richard Champion,5,2,5,0,1,1,2
1998,22,1998-08-29,Gabba,Brisbane Lions,St Kilda,Brisbane Lions,Matthew Clarke,5,4,8,0,0,23,0
1998,22,1998-08-29,Gabba,Brisbane Lions,St Kilda,Brisbane Lions,Danny Dickfos,4,4,4,0,0,0,2
1998,22,1998-08-29,Gabba,Brisbane Lions,St Kilda,Brisbane Lions,Shaun Hart,17,5,5,1,0,0,1
1998,22,1998-08-29,Gabba,Brisbane Lions,St Kilda,Brisbane Lions,Chris Johnson,3,4,4,1,2,0,2
1998,22,1998-08-29,Gabba,Brisbane Lions,St Kilda,Brisbane Lions,Clark Keating,1,1,2,0,1,7,0
1998,22,1998-08-29,Gabba,Brisbane Lions,St Kilda,Brisbane Lions,Matthew Kennedy,6,7,6,0,0,0,0
1998,22,1998-08-29,Gabba,Brisbane Lions,St Kilda,Brisbane Lions,Nigel Lappin,14,7,5,2,2,0,1
1998,22,1998-08-29,Gabba,Brisbane Lions,St Kilda,Brisbane Lions,Tristan Lynch,6,4,5,0,2,0,1
1998,22,1998-08-29,Gabba,Brisbane Lions,St Kilda,Brisbane Lions,Tim Notting,7,2,4,0,0,0,1
1998,22,1998-08-29,Gabba,Brisbane Lions,St Kilda,Brisbane Lions,Shane OBree,4,1,3,0,0,0,1
1998,22,1998-08-29,Gabba,Brisbane Lions,St Kilda,Brisbane Lions,Luke Power,11,2,3,0,0,0,1
1998,22,1998-08-29,Gabba,Brisbane Lions,St Kilda,Brisbane Lions,Chris Scott,19,5,4,0,2,1,1
1998,22,1998-08-29,Gabba,Brisbane Lions,St Kilda,Brisbane Lions,Darryl White,10,3,3,0,0,0,2
1998,22,1998-08-29,Gabba,Brisbane Lions,St Kilda,St Kilda,Tony Brown,7,4,8,0,0,0,0
1998,22,1998-08-29,Gabba,Brisbane Lions,St Kilda,St Kilda,Nathan Burke,11,1,7,0,1,0,5
1998,22,1998-08-29,Gabba,Brisbane Lions,St Kilda,St Kilda,Brad Campbell,5,2,6,0,1,0,5
1998,22,1998-08-29,Gabba,Brisbane Lions,St Kilda,St Kilda,Brett Cook,3,2,2,1,1,7,1
1998,22,1998-08-29,Gabba,Brisbane Lions,St Kilda,St Kilda,Tim Elliott,0,0,0,0,0,0,0
1998,22,1998-08-29,Gabba,Brisbane Lions,St Kilda,St Kilda,Peter Everitt,16,8,4,3,3,12,1
1998,22,1998-08-29,Gabba,Brisbane Lions,St Kilda,St Kilda,Robert Harvey,26,3,7,1,0,0,1
1998,22,1998-08-29,Gabba,Brisbane Lions,St Kilda,St Kilda,Max Hudghton,6,4,4,0,0,0,1
1998,22,1998-08-29,Gabba,Brisbane Lions,St Kilda,St Kilda,Austinn Jones,12,4,3,2,0,0,1
1998,22,1998-08-29,Gabba,Brisbane Lions,St Kilda,St Kilda,Rod Keogh,1,0,1,0,0,0,1
1998,22,1998-08-29,Gabba,Brisbane Lions,St Kilda,St Kilda,Brett Knowles,7,1,11,1,0,0,0
1998,22,1998-08-29,Gabba,Brisbane Lions,St Kilda,St Kilda,Matthew Lappin,7,6,6,1,0,0,0
1998,22,1998-08-29,Gabba,Brisbane Lions,St Kilda,St Kilda,Stewart Loewe,14,13,8,0,1,2,0
1998,22,1998-08-29,Gabba,Brisbane Lions,St Kilda,St Kilda,Joe McLaren,9,3,5,1,0,0,1
1998,22,1998-08-29,Gabba,Brisbane Lions,St Kilda,St Kilda,Gavin Mitchell,9,4,6,0,0,0,1
1998,22,1998-08-29,Gabba,Brisbane Lions,St Kilda,St Kilda,Justin Peckett,7,3,8,0,0,0,1
1998,22,1998-08-29,Gabba,Brisbane Lions,St Kilda,St Kilda,David Sierakowski,4,3,4,1,0,0,0
1998,22,1998-08-29,Gabba,Brisbane Lions,St Kilda,St Kilda,Andrew Thompson,7,5,9,2,0,0,2
1998,22,1998-08-29,Gabba,Brisbane Lions,St Kilda,St Kilda,Ben Thompson,5,1,2,0,2,0,0
1998,22,1998-08-29,Gabba,Brisbane Lions,St Kilda,St Kilda,Jason Traianidis,6,2,2,0,1,0,0
1998,22,1998-08-29,Gabba,Brisbane Lions,St Kilda,St Kilda,Shane Wakelin,7,1,2,0,0,0,1
1998,22,1998-08-29,Gabba,Brisbane Lions,St Kilda,St Kilda,Nicky Winmar,13,3,10,0,2,0,2
1998,22,1998-08-29,Subiaco,West Coast,Adelaide,West Coast,Jason Ball,6,3,6,2,0,19,1
1998,22,1998-08-29,Subiaco,West Coast,Adelaide,West Coast,Drew Banfield,8,3,11,3,0,0,1
1998,22,1998-08-29,Subiaco,West Coast,Adelaide,West Coast,Michael Braun,6,1,6,0,0,0,2
1998,22,1998-08-29,Subiaco,West Coast,Adelaide,West Coast,Ben Cousins,12,1,8,1,0,0,1
1998,22,1998-08-29,Subiaco,West Coast,Adelaide,West Coast,Andrew Donnelly,4,2,4,0,0,0,0
1998,22,1998-08-29,Subiaco,West Coast,Adelaide,West Coast,Brendon Fewster,7,3,3,0,0,7,3
1998,22,1998-08-29,Subiaco,West Coast,Adelaide,West Coast,Fraser Gehrig,6,3,4,1,0,1,0
1998,22,1998-08-29,Subiaco,West Coast,Adelaide,West Coast,Brett Heady,11,4,3,3,1,0,1
1998,22,1998-08-29,Subiaco,West Coast,Adelaide,West Coast,Glen Jakovich,3,1,1,0,1,0,1
1998,22,1998-08-29,Subiaco,West Coast,Adelaide,West Coast,Dean Kemp,13,5,13,0,0,0,2
1998,22,1998-08-29,Subiaco,West Coast,Adelaide,West Coast,Chris Lewis,10,4,2,1,0,0,1
1998,22,1998-08-29,Subiaco,West Coast,Adelaide,West Coast,Chris Mainwaring,3,0,0,0,0,0,0
1998,22,1998-08-29,Subiaco,West Coast,Adelaide,West Coast,Peter Matera,8,2,2,0,1,0,0
1998,22,1998-08-29,Subiaco,West Coast,Adelaide,West Coast,Ashley McIntosh,13,6,3,0,0,0,0
1998,22,1998-08-29,Subiaco,West Coast,Adelaide,West Coast,Guy McKenna,10,3,7,0,0,0,4
1998,22,1998-08-29,Subiaco,West Coast,Adelaide,West Coast,Chad Morrison,11,7,4,0,0,0,0
1998,22,1998-08-29,Subiaco,West Coast,Adelaide,West Coast,Phillip Read,16,5,7,0,0,0,2
1998,22,1998-08-29,Subiaco,West Coast,Adelaide,West Coast,Paul Symmons,6,3,3,0,0,0,3
1998,22,1998-08-29,Subiaco,West Coast,Adelaide,West Coast,Chris Waterman,11,3,5,0,1,0,3
1998,22,1998-08-29,Subiaco,West Coast,Adelaide,West Coast,Mitchell White,9,4,5,1,0,0,0
1998,22,1998-08-29,Subiaco,West Coast,Adelaide,West Coast,Josh Wooden,8,2,6,0,0,0,2
1998,22,1998-08-29,Subiaco,West Coast,Adelaide,West Coast,John Worsfold,5,4,4,0,0,0,2
1998,22,1998-08-29,Subiaco,West Coast,Adelaide,Adelaide,Mark Bickley,8,1,10,1,0,0,1
1998,22,1998-08-29,Subiaco,West Coast,Adelaide,Adelaide,Peter Caven,15,10,4,0,1,0,2
1998,22,1998-08-29,Subiaco,West Coast,Adelaide,Adelaide,Matthew Connell,3,2,1,0,0,0,0
1998,22,1998-08-29,Subiaco,West Coast,Adelaide,Adelaide,Tyson Edwards,8,5,6,0,0,0,0
1998,22,1998-08-29,Subiaco,West Coast,Adelaide,Adelaide,Shane Ellen,9,2,6,0,0,0,2
1998,22,1998-08-29,Subiaco,West Coast,Adelaide,Adelaide,Simon Goodwin,14,3,14,1,2,0,3
1998,22,1998-08-29,Subiaco,West Coast,Adelaide,Adelaide,Ben Hart,8,4,5,0,1,0,0
1998,22,1998-08-29,Subiaco,West Coast,Adelaide,Adelaide,Brett James,7,2,5,2,2,0,2
1998,22,1998-08-29,Subiaco,West Coast,Adelaide,Adelaide,Darren Jarman,12,3,8,2,3,0,0
1998,22,1998-08-29,Subiaco,West Coast,Adelaide,Adelaide,Kane Johnson,13,4,6,0,0,0,1
1998,22,1998-08-29,Subiaco,West Coast,Adelaide,Adelaide,Kym Koster,6,2,9,0,0,0,2
1998,22,1998-08-29,Subiaco,West Coast,Adelaide,Adelaide,Andrew McLeod,13,1,3,1,0,0,2
1998,22,1998-08-29,Subiaco,West Coast,Adelaide,Adelaide,Tony Modra,7,4,2,4,0,1,0
1998,22,1998-08-29,Subiaco,West Coast,Adelaide,Adelaide,David Pittman,5,3,7,0,0,36,0
1998,22,1998-08-29,Subiaco,West Coast,Adelaide,Adelaide,Shaun Rehn,4,1,3,0,0,4,1
1998,22,1998-08-29,Subiaco,West Coast,Adelaide,Adelaide,Mark Ricciuto,25,8,8,1,3,0,1
1998,22,1998-08-29,Subiaco,West Coast,Adelaide,Adelaide,Matthew Robran,3,3,6,1,1,0,1
1998,22,1998-08-29,Subiaco,West Coast,Adelaide,Adelaide,Nigel Smart,13,4,7,0,0,1,2
1998,22,1998-08-29,Subiaco,West Coast,Adelaide,Adelaide,Linden Stevens,3,0,2,0,0,0,0
1998,22,1998-08-29,Subiaco,West Coast,Adelaide,Adelaide,Mark Stevens,10,2,4,0,1,0,1
1998,22,1998-08-29,Subiaco,West Coast,Adelaide,Adelaide,James Thiessen,8,2,9,1,0,0,0
1998,22,1998-08-29,Subiaco,West Coast,Adelaide,Adelaide,Peter Vardy,8,3,7,1,1,0,0
1998,22,1998-08-30,S.C.G.,Sydney,Collingwood,Sydney,Robert AhMat,8,2,1,0,0,0,0
1998,22,1998-08-30,S.C.G.,Sydney,Collingwood,Sydney,Leo Barry,9,4,4,0,1,0,0
1998,22,1998-08-30,S.C.G.,Sydney,Collingwood,Sydney,Mark Bayes,5,0,1,1,0,0,0
1998,22,1998-08-30,S.C.G.,Sydney,Collingwood,Sydney,Wade Chapman,3,0,2,1,0,0,0
1998,22,1998-08-30,S.C.G.,Sydney,Collingwood,Sydney,Daryn Cresswell,20,0,16,0,1,1,0
1998,22,1998-08-30,S.C.G.,Sydney,Collingwood,Sydney,Jared Crouch,2,2,2,0,0,0,1
1998,22,1998-08-30,S.C.G.,Sydney,Collingwood,Sydney,Andrew Dunkley,7,6,6,0,0,0,0
1998,22,1998-08-30,S.C.G.,Sydney,Collingwood,Sydney,Dale Lewis,15,8,11,1,1,2,0
1998,22,1998-08-30,S.C.G.,Sydney,Collingwood,Sydney,Tony Lockett,8,7,1,5,2,0,1
1998,22,1998-08-30,S.C.G.,Sydney,Collingwood,Sydney,Troy Luff,6,6,5,0,1,2,1
1998,22,1998-08-30,S.C.G.,Sydney,Collingwood,Sydney,Stuart Maxfield,9,6,4,0,0,0,1
1998,22,1998-08-30,S.C.G.,Sydney,Collingwood,Sydney,Daniel McPherson,12,5,5,2,0,0,1
1998,22,1998-08-30,S.C.G.,Sydney,Collingwood,Sydney,Jason Mooney,9,6,2,0,1,1,1
1998,22,1998-08-30,S.C.G.,Sydney,Collingwood,Sydney,Matthew Nicks,9,0,7,0,0,0,0
1998,22,1998-08-30,S.C.G.,Sydney,Collingwood,Sydney,Brett OFarrell,9,5,2,2,1,23,0
1998,22,1998-08-30,S.C.G.,Sydney,Collingwood,Sydney,Michael OLoughlin,17,8,9,4,0,0,1
1998,22,1998-08-30,S.C.G.,Sydney,Collingwood,Sydney,Mark Orchard,9,1,11,0,0,0,1
1998,22,1998-08-30,S.C.G.,Sydney,Collingwood,Sydney,Jason Saddington,5,2,5,0,0,0,1
1998,22,1998-08-30,S.C.G.,Sydney,Collingwood,Sydney,Wayne Schwass,22,1,4,1,0,1,0
1998,22,1998-08-30,S.C.G.,Sydney,Collingwood,Sydney,Brad Seymour,5,4,11,0,0,0,0
1998,22,1998-08-30,S.C.G.,Sydney,Collingwood,Sydney,John Stevens,16,4,9,1,0,0,0
1998,22,1998-08-30,S.C.G.,Sydney,Collingwood,Sydney,Rowan Warfe,5,2,4,0,0,0,0
1998,22,1998-08-30,S.C.G.,Sydney,Collingwood,Collingwood,Gavin Brown,8,7,2,0,1,0,0
1998,22,1998-08-30,S.C.G.,Sydney,Collingwood,Collingwood,Nathan Buckley,25,9,11,1,0,0,0
1998,22,1998-08-30,S.C.G.,Sydney,Collingwood,Collingwood,Scott Burns,16,9,13,2,0,0,0
1998,22,1998-08-30,S.C.G.,Sydney,Collingwood,Collingwood,Gavin Crosisca,14,5,10,0,0,2,1
1998,22,1998-08-30,S.C.G.,Sydney,Collingwood,Collingwood,Scott Crow,10,6,9,2,0,0,0
1998,22,1998-08-30,S.C.G.,Sydney,Collingwood,Collingwood,Tony Francis,17,5,11,1,2,0,1
1998,22,1998-08-30,S.C.G.,Sydney,Collingwood,Collingwood,Michael Gardiner,1,0,1,0,0,4,0
1998,22,1998-08-30,S.C.G.,Sydney,Collingwood,Collingwood,Luke Godden,6,4,6,0,0,0,0
1998,22,1998-08-30,S.C.G.,Sydney,Collingwood,Collingwood,Clinton King,9,3,8,0,0,0,0
1998,22,1998-08-30,S.C.G.,Sydney,Collingwood,Collingwood,Chad Liddell,9,4,7,1,0,1,1
1998,22,1998-08-30,S.C.G.,Sydney,Collingwood,Collingwood,Mal Michael,4,4,10,0,0,0,0
1998,22,1998-08-30,S.C.G.,Sydney,Collingwood,Collingwood,Richard Osborne,4,2,0,1,0,0,1
1998,22,1998-08-30,S.C.G.,Sydney,Collingwood,Collingwood,Stephen Patterson,6,3,6,0,0,0,1
1998,22,1998-08-30,S.C.G.,Sydney,Collingwood,Collingwood,Mark Richardson,8,3,6,0,0,2,0
1998,22,1998-08-30,S.C.G.,Sydney,Collingwood,Collingwood,Anthony Rocca,11,8,2,3,2,0,0
1998,22,1998-08-30,S.C.G.,Sydney,Collingwood,Collingwood,Saverio Rocca,8,7,2,2,1,3,1
1998,22,1998-08-30,S.C.G.,Sydney,Collingwood,Collingwood,Andrew Schauble,9,5,5,0,0,3,0
1998,22,1998-08-30,S.C.G.,Sydney,Collingwood,Collingwood,Jamie Tape,14,10,11,0,0,0,1
1998,22,1998-08-30,S.C.G.,Sydney,Collingwood,Collingwood,Chris Tarrant,10,7,6,0,3,1,0
1998,22,1998-08-30,S.C.G.,Sydney,Collingwood,Collingwood,Shane Watson,7,4,2,0,0,3,0
1998,22,1998-08-30,S.C.G.,Sydney,Collingwood,Collingwood,Jason Wild,13,7,11,3,1,0,2
1998,22,1998-08-30,S.C.G.,Sydney,Collingwood,Collingwood,Graham Wright,12,5,6,0,1,0,1
1998,22,1998-08-30,M.C.G.,Melbourne,Richmond,Melbourne,Matthew Collins,5,1,2,0,2,0,0
1998,22,1998-08-30,M.C.G.,Melbourne,Richmond,Melbourne,Jeff Farmer,13,6,4,5,5,0,1
1998,22,1998-08-30,M.C.G.,Melbourne,Richmond,Melbourne,Matthew Febey,8,0,7,2,0,0,0
1998,22,1998-08-30,M.C.G.,Melbourne,Richmond,Melbourne,Steven Febey,4,0,2,0,0,0,5
1998,22,1998-08-30,M.C.G.,Melbourne,Richmond,Melbourne,Brent Grgic,4,4,3,0,0,0,2
1998,22,1998-08-30,M.C.G.,Melbourne,Richmond,Melbourne,Anthony Ingerson,6,11,10,0,0,0,0
1998,22,1998-08-30,M.C.G.,Melbourne,Richmond,Melbourne,Darren Kowal,3,0,1,0,0,0,0
1998,22,1998-08-30,M.C.G.,Melbourne,Richmond,Melbourne,Andrew Leoncelli,8,4,6,1,0,0,2
1998,22,1998-08-30,M.C.G.,Melbourne,Richmond,Melbourne,Garry Lyon,2,1,0,1,0,0,0
1998,22,1998-08-30,M.C.G.,Melbourne,Richmond,Melbourne,Anthony McDonald,13,4,4,1,0,0,3
1998,22,1998-08-30,M.C.G.,Melbourne,Richmond,Melbourne,James McDonald,4,0,6,0,0,1,1
1998,22,1998-08-30,M.C.G.,Melbourne,Richmond,Melbourne,David Neitz,16,9,2,5,3,5,2
1998,22,1998-08-30,M.C.G.,Melbourne,Richmond,Melbourne,Guy Rigoni,10,4,9,0,0,0,2
1998,22,1998-08-30,M.C.G.,Melbourne,Richmond,Melbourne,Russell Robertson,8,5,8,1,1,0,1
1998,22,1998-08-30,M.C.G.,Melbourne,Richmond,Melbourne,Marcus Seecamp,9,3,13,0,0,0,2
1998,22,1998-08-30,M.C.G.,Melbourne,Richmond,Melbourne,Jamie Shanahan,3,0,1,0,0,1,0
1998,22,1998-08-30,M.C.G.,Melbourne,Richmond,Melbourne,Jim Stynes,6,2,1,0,1,12,0
1998,22,1998-08-30,M.C.G.,Melbourne,Richmond,Melbourne,Stephen Tingay,9,7,7,1,0,0,0
1998,22,1998-08-30,M.C.G.,Melbourne,Richmond,Melbourne,Todd Viney,8,4,5,0,0,0,1
1998,22,1998-08-30,M.C.G.,Melbourne,Richmond,Melbourne,Jeff White,13,7,2,0,1,13,1
1998,22,1998-08-30,M.C.G.,Melbourne,Richmond,Melbourne,Shane Woewodin,17,9,4,0,1,0,0
1998,22,1998-08-30,M.C.G.,Melbourne,Richmond,Melbourne,Adem Yze,16,5,9,2,1,0,1
1998,22,1998-08-30,M.C.G.,Melbourne,Richmond,Richmond,Joel Bowden,15,7,15,1,0,0,2
1998,22,1998-08-30,M.C.G.,Melbourne,Richmond,Richmond,Paul Broderick,15,3,11,0,2,0,2
1998,22,1998-08-30,M.C.G.,Melbourne,Richmond,Richmond,Paul Bulluss,4,2,2,0,0,2,0
1998,22,1998-08-30,M.C.G.,Melbourne,Richmond,Richmond,Wayne Campbell,12,1,10,0,0,0,1
1998,22,1998-08-30,M.C.G.,Melbourne,Richmond,Richmond,Nick Daffy,16,0,3,0,1,0,2
1998,22,1998-08-30,M.C.G.,Melbourne,Richmond,Richmond,Brett Evans,1,1,5,0,0,0,2
1998,22,1998-08-30,M.C.G.,Melbourne,Richmond,Richmond,Brendon Gale,7,3,1,0,0,17,0
1998,22,1998-08-30,M.C.G.,Melbourne,Richmond,Richmond,Michael Gale,4,3,3,0,0,0,0
1998,22,1998-08-30,M.C.G.,Melbourne,Richmond,Richmond,Darren Gaspar,6,5,11,0,0,0,1
1998,22,1998-08-30,M.C.G.,Melbourne,Richmond,Richmond,Ben Harrison,12,9,10,0,0,1,2
1998,22,1998-08-30,M.C.G.,Melbourne,Richmond,Richmond,Ben Holland,0,0,3,0,0,2,1
1998,22,1998-08-30,M.C.G.,Melbourne,Richmond,Richmond,Aaron James,1,0,0,0,0,1,0
1998,22,1998-08-30,M.C.G.,Melbourne,Richmond,Richmond,Andrew Kellaway,11,9,9,0,0,0,1
1998,22,1998-08-30,M.C.G.,Melbourne,Richmond,Richmond,Matthew Knights,11,3,15,0,0,0,5
1998,22,1998-08-30,M.C.G.,Melbourne,Richmond,Richmond,Mark Merenda,13,2,2,3,2,0,2
1998,22,1998-08-30,M.C.G.,Melbourne,Richmond,Richmond,Trent Nichols,2,0,3,0,0,0,1
1998,22,1998-08-30,M.C.G.,Melbourne,Richmond,Richmond,Justin Plapp,5,4,3,0,1,0,4
1998,22,1998-08-30,M.C.G.,Melbourne,Richmond,Richmond,Ashley Prescott,4,2,7,0,0,0,3
1998,22,1998-08-30,M.C.G.,Melbourne,Richmond,Richmond,Matthew Richardson,10,8,2,4,2,0,0
1998,22,1998-08-30,M.C.G.,Melbourne,Richmond,Richmond,Greg Tivendale,7,3,5,0,1,0,3
1998,22,1998-08-30,M.C.G.,Melbourne,Richmond,Richmond,Jason Torney,5,2,7,0,0,0,0
1998,22,1998-08-30,M.C.G.,Melbourne,Richmond,Richmond,Scott Turner,3,5,4,0,0,3,2
1998,22,1998-08-30,Football Park,Port Adelaide,Carlton,Port Adelaide,Matthew Bode,1,0,3,0,0,0,1
1998,22,1998-08-30,Football Park,Port Adelaide,Carlton,Port Adelaide,Peter Burgoyne,11,2,3,3,2,0,2
1998,22,1998-08-30,Football Park,Port Adelaide,Carlton,Port Adelaide,Tom Carr,2,0,2,0,0,0,3
1998,22,1998-08-30,Football Park,Port Adelaide,Carlton,Port Adelaide,Brett Chalmers,4,3,2,1,1,1,5
1998,22,1998-08-30,Football Park,Port Adelaide,Carlton,Port Adelaide,Stuart Dew,6,1,1,2,0,0,0
1998,22,1998-08-30,Football Park,Port Adelaide,Carlton,Port Adelaide,Donald Dickie,17,6,9,0,3,1,4
1998,22,1998-08-30,Football Park,Port Adelaide,Carlton,Port Adelaide,Nathan Eagleton,16,8,5,2,0,0,1
1998,22,1998-08-30,Football Park,Port Adelaide,Carlton,Port Adelaide,Fabian Francis,10,5,5,0,0,0,3
1998,22,1998-08-30,Football Park,Port Adelaide,Carlton,Port Adelaide,Josh Francou,13,1,10,0,0,1,4
1998,22,1998-08-30,Football Park,Port Adelaide,Carlton,Port Adelaide,Mark Harwood,4,2,7,0,0,1,1
1998,22,1998-08-30,Football Park,Port Adelaide,Carlton,Port Adelaide,Brent Heaver,6,0,0,1,0,0,1
1998,22,1998-08-30,Football Park,Port Adelaide,Carlton,Port Adelaide,Roger James,11,5,9,2,0,0,3
1998,22,1998-08-30,Football Park,Port Adelaide,Carlton,Port Adelaide,Adam Kingsley,8,0,2,0,0,1,1
1998,22,1998-08-30,Football Park,Port Adelaide,Carlton,Port Adelaide,Brendon Lade,3,4,5,0,0,17,1
1998,22,1998-08-30,Football Park,Port Adelaide,Carlton,Port Adelaide,Bowen Lockwood,8,5,4,0,1,0,0
1998,22,1998-08-30,Football Park,Port Adelaide,Carlton,Port Adelaide,Brayden Lyle,18,4,8,0,1,0,2
1998,22,1998-08-30,Football Park,Port Adelaide,Carlton,Port Adelaide,Darren Mead,9,5,11,0,0,1,0
1998,22,1998-08-30,Football Park,Port Adelaide,Carlton,Port Adelaide,Stephen Paxman,5,1,2,0,1,1,0
1998,22,1998-08-30,Football Park,Port Adelaide,Carlton,Port Adelaide,Matthew Primus,4,3,5,0,0,13,1
1998,22,1998-08-30,Football Park,Port Adelaide,Carlton,Port Adelaide,Nick Stevens,9,5,7,1,1,0,1
1998,22,1998-08-30,Football Park,Port Adelaide,Carlton,Port Adelaide,Warren Tredrea,2,0,4,0,0,1,3
1998,22,1998-08-30,Football Park,Port Adelaide,Carlton,Port Adelaide,Michael Wilson,11,4,7,0,0,0,1
1998,22,1998-08-30,Football Park,Port Adelaide,Carlton,Carlton,Matthew Allan,2,1,2,0,0,12,0
1998,22,1998-08-30,Football Park,Port Adelaide,Carlton,Carlton,Simon Beaumont,13,7,7,0,1,0,1
1998,22,1998-08-30,Football Park,Port Adelaide,Carlton,Carlton,Craig Bradley,16,4,11,1,0,0,0
1998,22,1998-08-30,Football Park,Port Adelaide,Carlton,Carlton,Fraser Brown,19,8,11,1,0,0,1
1998,22,1998-08-30,Football Park,Port Adelaide,Carlton,Carlton,Scott Camporeale,24,5,9,3,1,0,1
1998,22,1998-08-30,Football Park,Port Adelaide,Carlton,Carlton,Ron De Iulio,17,9,6,3,1,0,2
1998,22,1998-08-30,Football Park,Port Adelaide,Carlton,Carlton,Peter Dean,3,2,4,0,0,1,0
1998,22,1998-08-30,Football Park,Port Adelaide,Carlton,Carlton,Anthony Franchina,8,3,11,0,1,0,0
1998,22,1998-08-30,Football Park,Port Adelaide,Carlton,Carlton,Aaron Hamill,10,6,5,2,1,1,1
1998,22,1998-08-30,Football Park,Port Adelaide,Carlton,Carlton,Anthony Koutoufides,13,9,15,0,1,1,2
1998,22,1998-08-30,Football Park,Port Adelaide,Carlton,Carlton,Glenn Manton,5,4,7,0,0,0,1
1998,22,1998-08-30,Football Park,Port Adelaide,Carlton,Carlton,Kris Massie,5,5,6,0,0,0,0
1998,22,1998-08-30,Football Park,Port Adelaide,Carlton,Carlton,Andrew McKay,8,3,8,1,0,0,2
1998,22,1998-08-30,Football Park,Port Adelaide,Carlton,Carlton,Justin Murphy,23,8,10,1,0,1,1
1998,22,1998-08-30,Football Park,Port Adelaide,Carlton,Carlton,Ben Nelson,2,1,2,0,0,0,0
1998,22,1998-08-30,Football Park,Port Adelaide,Carlton,Carlton,Mark Porter,1,2,6,0,0,12,3
1998,22,1998-08-30,Football Park,Port Adelaide,Carlton,Carlton,Brett Ratten,14,3,14,2,1,0,0
1998,22,1998-08-30,Football Park,Port Adelaide,Carlton,Carlton,Dean Rice,14,4,9,0,0,0,1
1998,22,1998-08-30,Football Park,Port Adelaide,Carlton,Carlton,Michael Sexton,7,2,2,0,0,0,0
1998,22,1998-08-30,Football Park,Port Adelaide,Carlton,Carlton,Stephen Silvagni,9,6,4,3,1,0,0
1998,22,1998-08-30,Football Park,Port Adelaide,Carlton,Carlton,Adam White,8,8,8,1,0,0,0
1998,22,1998-08-30,Football Park,Port Adelaide,Carlton,Carlton,Lance Whitnall,14,14,8,3,4,0,1
1998,Qualifying Final,1998-09-04,M.C.G.,North Melbourne,Essendon,North Melbourne,Winston Abraham,4,1,2,0,2,0,5
1998,Qualifying Final,1998-09-04,M.C.G.,North Melbourne,Essendon,North Melbourne,Glenn Archer,13,5,7,1,1,0,0
1998,Qualifying Final,1998-09-04,M.C.G.,North Melbourne,Essendon,North Melbourne,Peter Bell,29,3,6,0,0,0,3
1998,Qualifying Final,1998-09-04,M.C.G.,North Melbourne,Essendon,North Melbourne,John Blakey,4,1,4,0,0,1,4
1998,Qualifying Final,1998-09-04,M.C.G.,North Melbourne,Essendon,North Melbourne,Mathew Capuano,0,0,0,0,0,2,0
1998,Qualifying Final,1998-09-04,M.C.G.,North Melbourne,Essendon,North Melbourne,Wayne Carey,20,8,4,5,6,1,0
1998,Qualifying Final,1998-09-04,M.C.G.,North Melbourne,Essendon,North Melbourne,Brett Chandler,7,0,4,0,0,0,1
1998,Qualifying Final,1998-09-04,M.C.G.,North Melbourne,Essendon,North Melbourne,Glenn Freeborn,4,0,6,0,0,0,2
1998,Qualifying Final,1998-09-04,M.C.G.,North Melbourne,Essendon,North Melbourne,Shannon Grant,15,6,5,2,1,0,3
1998,Qualifying Final,1998-09-04,M.C.G.,North Melbourne,Essendon,North Melbourne,Brent Harvey,7,3,0,1,1,0,0
1998,Qualifying Final,1998-09-04,M.C.G.,North Melbourne,Essendon,North Melbourne,David King,12,1,3,0,0,0,4
1998,Qualifying Final,1998-09-04,M.C.G.,North Melbourne,Essendon,North Melbourne,John Longmire,1,0,1,0,0,3,0
1998,Qualifying Final,1998-09-04,M.C.G.,North Melbourne,Essendon,North Melbourne,Mick Martyn,8,1,5,0,0,0,0
1998,Qualifying Final,1998-09-04,M.C.G.,North Melbourne,Essendon,North Melbourne,Jason McCartney,2,1,0,0,0,1,0
1998,Qualifying Final,1998-09-04,M.C.G.,North Melbourne,Essendon,North Melbourne,Corey McKernan,7,1,2,0,1,12,0
1998,Qualifying Final,1998-09-04,M.C.G.,North Melbourne,Essendon,North Melbourne,Byron Pickett,3,1,3,0,0,1,3
1998,Qualifying Final,1998-09-04,M.C.G.,North Melbourne,Essendon,North Melbourne,Martin Pike,8,5,5,0,0,0,3
1998,Qualifying Final,1998-09-04,M.C.G.,North Melbourne,Essendon,North Melbourne,Mark Roberts,11,2,4,1,2,5,2
1998,Qualifying Final,1998-09-04,M.C.G.,North Melbourne,Essendon,North Melbourne,Anthony Rock,5,1,3,0,0,0,1
1998,Qualifying Final,1998-09-04,M.C.G.,North Melbourne,Essendon,North Melbourne,Craig Sholl,7,5,5,0,1,2,2
1998,Qualifying Final,1998-09-04,M.C.G.,North Melbourne,Essendon,North Melbourne,Adam Simpson,15,2,12,1,0,1,4
1998,Qualifying Final,1998-09-04,M.C.G.,North Melbourne,Essendon,North Melbourne,Anthony Stevens,25,6,2,0,0,0,1
1998,Qualifying Final,1998-09-04,M.C.G.,North Melbourne,Essendon,Essendon,Steven Alessio,2,2,1,0,0,4,0
1998,Qualifying Final,1998-09-04,M.C.G.,North Melbourne,Essendon,Essendon,Paul Barnard,5,2,3,0,1,0,4
1998,Qualifying Final,1998-09-04,M.C.G.,North Melbourne,Essendon,Essendon,Darren Bewick,6,2,0,2,0,0,0
1998,Qualifying Final,1998-09-04,M.C.G.,North Melbourne,Essendon,Essendon,Justin Blumfield,7,7,7,0,0,0,2
1998,Qualifying Final,1998-09-04,M.C.G.,North Melbourne,Essendon,Essendon,David Calthorpe,6,2,3,1,0,0,1
1998,Qualifying Final,1998-09-04,M.C.G.,North Melbourne,Essendon,Essendon,Blake Caracella,6,4,9,1,0,0,2
1998,Qualifying Final,1998-09-04,M.C.G.,North Melbourne,Essendon,Essendon,Sean Denham,6,0,5,0,0,1,1
1998,Qualifying Final,1998-09-04,M.C.G.,North Melbourne,Essendon,Essendon,Ben Doolan,7,5,7,0,0,0,2
1998,Qualifying Final,1998-09-04,M.C.G.,North Melbourne,Essendon,Essendon,Simon Eastaugh,9,1,2,0,0,20,0
1998,Qualifying Final,1998-09-04,M.C.G.,North Melbourne,Essendon,Essendon,Dustin Fletcher,13,3,5,0,0,1,0
1998,Qualifying Final,1998-09-04,M.C.G.,North Melbourne,Essendon,Essendon,Damien Hardwick,19,6,5,0,0,0,3
1998,Qualifying Final,1998-09-04,M.C.G.,North Melbourne,Essendon,Essendon,Chris Heffernan,11,2,3,1,0,1,4
1998,Qualifying Final,1998-09-04,M.C.G.,North Melbourne,Essendon,Essendon,James Hird,13,4,7,0,2,1,1
1998,Qualifying Final,1998-09-04,M.C.G.,North Melbourne,Essendon,Essendon,Jason Johnson,4,2,2,0,0,0,1
1998,Qualifying Final,1998-09-04,M.C.G.,North Melbourne,Essendon,Essendon,Matthew Lloyd,10,5,4,1,1,1,3
1998,Qualifying Final,1998-09-04,M.C.G.,North Melbourne,Essendon,Essendon,Michael Long,11,7,5,1,3,0,2
1998,Qualifying Final,1998-09-04,M.C.G.,North Melbourne,Essendon,Essendon,Scott Lucas,17,6,2,0,1,1,0
1998,Qualifying Final,1998-09-04,M.C.G.,North Melbourne,Essendon,Essendon,Mark Mercuri,14,2,12,0,1,0,2
1998,Qualifying Final,1998-09-04,M.C.G.,North Melbourne,Essendon,Essendon,Gary Moorcroft,9,5,0,0,1,0,3
1998,Qualifying Final,1998-09-04,M.C.G.,North Melbourne,Essendon,Essendon,Gary ODonnell,9,2,3,0,0,0,0
1998,Qualifying Final,1998-09-04,M.C.G.,North Melbourne,Essendon,Essendon,Sean Wellman,7,1,4,0,0,0,1
1998,Qualifying Final,1998-09-04,M.C.G.,North Melbourne,Essendon,Essendon,Barry Young,15,7,4,1,0,2,1
1998,Qualifying Final,1998-09-05,M.C.G.,Melbourne,Adelaide,Melbourne,Jeff Farmer,11,4,5,6,1,0,0
1998,Qualifying Final,1998-09-05,M.C.G.,Melbourne,Adelaide,Melbourne,Matthew Febey,12,3,6,0,1,0,6
1998,Qualifying Final,1998-09-05,M.C.G.,Melbourne,Adelaide,Melbourne,Steven Febey,14,5,6,0,0,0,4
1998,Qualifying Final,1998-09-05,M.C.G.,Melbourne,Adelaide,Melbourne,Brent Grgic,4,4,3,0,1,0,0
1998,Qualifying Final,1998-09-05,M.C.G.,Melbourne,Adelaide,Melbourne,Anthony Ingerson,5,4,9,0,0,2,1
1998,Qualifying Final,1998-09-05,M.C.G.,Melbourne,Adelaide,Melbourne,Darren Kowal,3,2,3,0,0,0,0
1998,Qualifying Final,1998-09-05,M.C.G.,Melbourne,Adelaide,Melbourne,Andrew Leoncelli,9,2,8,1,0,0,4
1998,Qualifying Final,1998-09-05,M.C.G.,Melbourne,Adelaide,Melbourne,Garry Lyon,8,2,2,2,2,0,1
1998,Qualifying Final,1998-09-05,M.C.G.,Melbourne,Adelaide,Melbourne,Anthony McDonald,3,1,5,0,0,0,1
1998,Qualifying Final,1998-09-05,M.C.G.,Melbourne,Adelaide,Melbourne,James McDonald,6,1,0,0,0,0,3
1998,Qualifying Final,1998-09-05,M.C.G.,Melbourne,Adelaide,Melbourne,David Neitz,10,6,1,6,3,2,0
1998,Qualifying Final,1998-09-05,M.C.G.,Melbourne,Adelaide,Melbourne,Guy Rigoni,9,3,12,0,0,1,2
1998,Qualifying Final,1998-09-05,M.C.G.,Melbourne,Adelaide,Melbourne,Russell Robertson,4,3,4,0,0,0,0
1998,Qualifying Final,1998-09-05,M.C.G.,Melbourne,Adelaide,Melbourne,David Schwarz,6,3,3,1,0,4,1
1998,Qualifying Final,1998-09-05,M.C.G.,Melbourne,Adelaide,Melbourne,Marcus Seecamp,7,2,7,0,0,0,0
1998,Qualifying Final,1998-09-05,M.C.G.,Melbourne,Adelaide,Melbourne,Jamie Shanahan,3,2,2,0,0,0,1
1998,Qualifying Final,1998-09-05,M.C.G.,Melbourne,Adelaide,Melbourne,Jim Stynes,7,1,2,0,0,9,0
1998,Qualifying Final,1998-09-05,M.C.G.,Melbourne,Adelaide,Melbourne,Stephen Tingay,16,3,4,0,2,0,4
1998,Qualifying Final,1998-09-05,M.C.G.,Melbourne,Adelaide,Melbourne,Todd Viney,13,4,13,0,1,0,3
1998,Qualifying Final,1998-09-05,M.C.G.,Melbourne,Adelaide,Melbourne,Jeff White,9,10,4,1,1,22,1
1998,Qualifying Final,1998-09-05,M.C.G.,Melbourne,Adelaide,Melbourne,Shane Woewodin,10,3,6,0,0,0,0
1998,Qualifying Final,1998-09-05,M.C.G.,Melbourne,Adelaide,Melbourne,Adem Yze,11,3,4,0,0,0,3
1998,Qualifying Final,1998-09-05,M.C.G.,Melbourne,Adelaide,Adelaide,Mark Bickley,11,3,8,0,1,0,4
1998,Qualifying Final,1998-09-05,M.C.G.,Melbourne,Adelaide,Adelaide,Peter Caven,5,1,3,1,0,0,1
1998,Qualifying Final,1998-09-05,M.C.G.,Melbourne,Adelaide,Adelaide,Matthew Connell,7,2,2,0,0,0,3
1998,Qualifying Final,1998-09-05,M.C.G.,Melbourne,Adelaide,Adelaide,Tyson Edwards,8,3,7,2,0,0,0
1998,Qualifying Final,1998-09-05,M.C.G.,Melbourne,Adelaide,Adelaide,Shane Ellen,6,3,4,0,0,0,1
1998,Qualifying Final,1998-09-05,M.C.G.,Melbourne,Adelaide,Adelaide,Simon Goodwin,11,4,7,0,0,0,6
1998,Qualifying Final,1998-09-05,M.C.G.,Melbourne,Adelaide,Adelaide,Ben Hart,5,1,1,0,0,0,1
1998,Qualifying Final,1998-09-05,M.C.G.,Melbourne,Adelaide,Adelaide,Brett James,10,2,7,0,0,0,0
1998,Qualifying Final,1998-09-05,M.C.G.,Melbourne,Adelaide,Adelaide,Darren Jarman,15,3,13,1,1,1,2
1998,Qualifying Final,1998-09-05,M.C.G.,Melbourne,Adelaide,Adelaide,Kym Koster,9,3,5,0,0,0,2
1998,Qualifying Final,1998-09-05,M.C.G.,Melbourne,Adelaide,Adelaide,Matthew Liptak,3,0,5,0,0,0,0
1998,Qualifying Final,1998-09-05,M.C.G.,Melbourne,Adelaide,Adelaide,Ben Marsh,0,0,0,0,0,3,0
1998,Qualifying Final,1998-09-05,M.C.G.,Melbourne,Adelaide,Adelaide,Andrew McLeod,5,2,4,0,0,0,4
1998,Qualifying Final,1998-09-05,M.C.G.,Melbourne,Adelaide,Adelaide,Tony Modra,4,2,2,1,2,2,0
1998,Qualifying Final,1998-09-05,M.C.G.,Melbourne,Adelaide,Adelaide,Shaun Rehn,9,7,7,0,0,28,1
1998,Qualifying Final,1998-09-05,M.C.G.,Melbourne,Adelaide,Adelaide,Mark Ricciuto,10,1,10,0,1,0,1
1998,Qualifying Final,1998-09-05,M.C.G.,Melbourne,Adelaide,Adelaide,Matthew Robran,5,2,3,0,1,3,4
1998,Qualifying Final,1998-09-05,M.C.G.,Melbourne,Adelaide,Adelaide,Nigel Smart,9,4,6,2,2,3,2
1998,Qualifying Final,1998-09-05,M.C.G.,Melbourne,Adelaide,Adelaide,Linden Stevens,1,0,1,0,0,0,3
1998,Qualifying Final,1998-09-05,M.C.G.,Melbourne,Adelaide,Adelaide,Mark Stevens,10,2,4,0,1,0,2
1998,Qualifying Final,1998-09-05,M.C.G.,Melbourne,Adelaide,Adelaide,James Thiessen,4,1,5,0,0,0,2
1998,Qualifying Final,1998-09-05,M.C.G.,Melbourne,Adelaide,Adelaide,Peter Vardy,7,2,5,2,0,0,2
1998,Qualifying Final,1998-09-05,S.C.G.,Sydney,St Kilda,Sydney,Leo Barry,5,1,2,0,0,0,0
1998,Qualifying Final,1998-09-05,S.C.G.,Sydney,St Kilda,Sydney,Daryn Cresswell,19,2,11,0,1,0,0
1998,Qualifying Final,1998-09-05,S.C.G.,Sydney,St Kilda,Sydney,Jared Crouch,4,0,5,0,0,1,3
1998,Qualifying Final,1998-09-05,S.C.G.,Sydney,St Kilda,Sydney,Andrew Dunkley,9,2,3,0,0,3,0
1998,Qualifying Final,1998-09-05,S.C.G.,Sydney,St Kilda,Sydney,Peter Filandia,8,2,5,0,1,0,0
1998,Qualifying Final,1998-09-05,S.C.G.,Sydney,St Kilda,Sydney,Dale Lewis,21,7,11,2,1,0,2
1998,Qualifying Final,1998-09-05,S.C.G.,Sydney,St Kilda,Sydney,Tony Lockett,6,4,1,1,2,1,1
1998,Qualifying Final,1998-09-05,S.C.G.,Sydney,St Kilda,Sydney,Troy Luff,12,3,7,0,2,1,1
1998,Qualifying Final,1998-09-05,S.C.G.,Sydney,St Kilda,Sydney,Stuart Maxfield,4,0,3,0,0,0,2
1998,Qualifying Final,1998-09-05,S.C.G.,Sydney,St Kilda,Sydney,Daniel McPherson,10,2,14,0,0,0,2
1998,Qualifying Final,1998-09-05,S.C.G.,Sydney,St Kilda,Sydney,Jason Mooney,5,2,0,1,0,0,2
1998,Qualifying Final,1998-09-05,S.C.G.,Sydney,St Kilda,Sydney,Matthew Nicks,11,4,2,0,0,0,3
1998,Qualifying Final,1998-09-05,S.C.G.,Sydney,St Kilda,Sydney,Brett OFarrell,5,3,1,1,1,10,0
1998,Qualifying Final,1998-09-05,S.C.G.,Sydney,St Kilda,Sydney,Michael OLoughlin,15,6,4,4,3,0,3
1998,Qualifying Final,1998-09-05,S.C.G.,Sydney,St Kilda,Sydney,Mark Orchard,6,2,4,0,0,0,0
1998,Qualifying Final,1998-09-05,S.C.G.,Sydney,St Kilda,Sydney,Paul Roos,9,4,3,0,0,0,1
1998,Qualifying Final,1998-09-05,S.C.G.,Sydney,St Kilda,Sydney,Jason Saddington,2,1,3,1,0,0,0
1998,Qualifying Final,1998-09-05,S.C.G.,Sydney,St Kilda,Sydney,Wayne Schwass,14,2,0,1,0,0,2
1998,Qualifying Final,1998-09-05,S.C.G.,Sydney,St Kilda,Sydney,Brad Seymour,8,2,3,0,0,0,1
1998,Qualifying Final,1998-09-05,S.C.G.,Sydney,St Kilda,Sydney,Greg Stafford,7,5,2,1,0,12,0
1998,Qualifying Final,1998-09-05,S.C.G.,Sydney,St Kilda,Sydney,John Stevens,7,2,5,0,2,0,2
1998,Qualifying Final,1998-09-05,S.C.G.,Sydney,St Kilda,Sydney,Rowan Warfe,8,3,5,0,0,0,3
1998,Qualifying Final,1998-09-05,S.C.G.,Sydney,St Kilda,St Kilda,Tony Brown,2,1,1,0,0,0,1
1998,Qualifying Final,1998-09-05,S.C.G.,Sydney,St Kilda,St Kilda,Nathan Burke,19,2,6,0,1,0,5
1998,Qualifying Final,1998-09-05,S.C.G.,Sydney,St Kilda,St Kilda,Brad Campbell,4,1,5,0,0,0,0
1998,Qualifying Final,1998-09-05,S.C.G.,Sydney,St Kilda,St Kilda,Brett Cook,1,0,0,0,0,1,0
1998,Qualifying Final,1998-09-05,S.C.G.,Sydney,St Kilda,St Kilda,Jayson Daniels,5,1,8,1,0,0,0
1998,Qualifying Final,1998-09-05,S.C.G.,Sydney,St Kilda,St Kilda,Peter Everitt,10,4,7,1,2,15,0
1998,Qualifying Final,1998-09-05,S.C.G.,Sydney,St Kilda,St Kilda,Barry Hall,5,1,2,0,0,0,1
1998,Qualifying Final,1998-09-05,S.C.G.,Sydney,St Kilda,St Kilda,Robert Harvey,17,0,9,2,0,0,2
1998,Qualifying Final,1998-09-05,S.C.G.,Sydney,St Kilda,St Kilda,Jason Heatley,6,2,1,3,0,0,1
1998,Qualifying Final,1998-09-05,S.C.G.,Sydney,St Kilda,St Kilda,Max Hudghton,3,2,2,0,0,0,0
1998,Qualifying Final,1998-09-05,S.C.G.,Sydney,St Kilda,St Kilda,Austinn Jones,8,2,3,0,0,0,1
1998,Qualifying Final,1998-09-05,S.C.G.,Sydney,St Kilda,St Kilda,Brett Knowles,3,1,0,0,0,0,0
1998,Qualifying Final,1998-09-05,S.C.G.,Sydney,St Kilda,St Kilda,Matthew Lappin,10,2,5,0,2,0,1
1998,Qualifying Final,1998-09-05,S.C.G.,Sydney,St Kilda,St Kilda,Stewart Loewe,6,4,6,0,0,14,1
1998,Qualifying Final,1998-09-05,S.C.G.,Sydney,St Kilda,St Kilda,Joe McLaren,3,1,1,0,0,0,0
1998,Qualifying Final,1998-09-05,S.C.G.,Sydney,St Kilda,St Kilda,Gavin Mitchell,9,2,5,0,0,0,0
1998,Qualifying Final,1998-09-05,S.C.G.,Sydney,St Kilda,St Kilda,David Sierakowski,7,3,4,0,0,5,0
1998,Qualifying Final,1998-09-05,S.C.G.,Sydney,St Kilda,St Kilda,Steven Sziller,5,1,2,0,1,0,2
1998,Qualifying Final,1998-09-05,S.C.G.,Sydney,St Kilda,St Kilda,Andrew Thompson,14,2,11,2,1,1,1
1998,Qualifying Final,1998-09-05,S.C.G.,Sydney,St Kilda,St Kilda,Shane Wakelin,5,2,0,0,0,0,1
1998,Qualifying Final,1998-09-05,S.C.G.,Sydney,St Kilda,St Kilda,Nicky Winmar,9,4,4,3,1,0,1
1998,Qualifying Final,1998-09-05,S.C.G.,Sydney,St Kilda,St Kilda,Matthew Young,7,2,4,1,0,0,0
1998,Qualifying Final,1998-09-06,M.C.G.,Western Bulldogs,West Coast,Western Bulldogs,Nathan Brown,12,4,9,0,0,0,0
1998,Qualifying Final,1998-09-06,M.C.G.,Western Bulldogs,West Coast,Western Bulldogs,Leon Cameron,12,2,4,0,0,0,1
1998,Qualifying Final,1998-09-06,M.C.G.,Western Bulldogs,West Coast,Western Bulldogs,Matthew Croft,7,3,4,0,0,0,3
1998,Qualifying Final,1998-09-06,M.C.G.,Western Bulldogs,West Coast,Western Bulldogs,Todd Curley,9,4,6,1,0,0,1
1998,Qualifying Final,1998-09-06,M.C.G.,Western Bulldogs,West Coast,Western Bulldogs,Luke Darcy,11,4,6,0,1,1,0
1998,Qualifying Final,1998-09-06,M.C.G.,Western Bulldogs,West Coast,Western Bulldogs,Matthew Dent,6,2,3,0,0,0,1
1998,Qualifying Final,1998-09-06,M.C.G.,Western Bulldogs,West Coast,Western Bulldogs,Simon Garlick,13,6,5,1,1,0,3
1998,Qualifying Final,1998-09-06,M.C.G.,Western Bulldogs,West Coast,Western Bulldogs,Chris Grant,14,7,7,4,0,0,2
1998,Qualifying Final,1998-09-06,M.C.G.,Western Bulldogs,West Coast,Western Bulldogs,Paul Hudson,9,4,3,2,1,0,3
1998,Qualifying Final,1998-09-06,M.C.G.,Western Bulldogs,West Coast,Western Bulldogs,Brad Johnson,15,7,6,0,2,0,2
1998,Qualifying Final,1998-09-06,M.C.G.,Western Bulldogs,West Coast,Western Bulldogs,Steven Kolyniuk,10,5,4,2,0,0,0
1998,Qualifying Final,1998-09-06,M.C.G.,Western Bulldogs,West Coast,Western Bulldogs,Steven Kretiuk,7,0,4,0,0,0,1
1998,Qualifying Final,1998-09-06,M.C.G.,Western Bulldogs,West Coast,Western Bulldogs,Tony Liberatore,6,2,7,0,0,0,3
1998,Qualifying Final,1998-09-06,M.C.G.,Western Bulldogs,West Coast,Western Bulldogs,Michael Martin,2,0,2,1,0,0,0
1998,Qualifying Final,1998-09-06,M.C.G.,Western Bulldogs,West Coast,Western Bulldogs,Simon Minton-Connell,9,8,7,5,3,0,3
1998,Qualifying Final,1998-09-06,M.C.G.,Western Bulldogs,West Coast,Western Bulldogs,Brett Montgomery,15,11,7,1,0,0,3
1998,Qualifying Final,1998-09-06,M.C.G.,Western Bulldogs,West Coast,Western Bulldogs,Jose Romero,16,7,11,0,0,0,3
1998,Qualifying Final,1998-09-06,M.C.G.,Western Bulldogs,West Coast,Western Bulldogs,Rohan Smith,14,0,3,1,1,0,1
1998,Qualifying Final,1998-09-06,M.C.G.,Western Bulldogs,West Coast,Western Bulldogs,Mark West,7,1,8,0,0,0,3
1998,Qualifying Final,1998-09-06,M.C.G.,Western Bulldogs,West Coast,Western Bulldogs,Scott West,8,2,14,0,0,0,1
1998,Qualifying Final,1998-09-06,M.C.G.,Western Bulldogs,West Coast,Western Bulldogs,Brad Wira,7,2,3,0,1,0,1
1998,Qualifying Final,1998-09-06,M.C.G.,Western Bulldogs,West Coast,Western Bulldogs,Scott Wynd,6,3,5,0,0,21,1
1998,Qualifying Final,1998-09-06,M.C.G.,Western Bulldogs,West Coast,West Coast,Jason Ball,4,4,3,1,0,4,0
1998,Qualifying Final,1998-09-06,M.C.G.,Western Bulldogs,West Coast,West Coast,Drew Banfield,11,3,5,0,0,0,4
1998,Qualifying Final,1998-09-06,M.C.G.,Western Bulldogs,West Coast,West Coast,Michael Braun,8,2,6,0,0,0,0
1998,Qualifying Final,1998-09-06,M.C.G.,Western Bulldogs,West Coast,West Coast,Ben Cousins,14,2,8,0,0,0,4
1998,Qualifying Final,1998-09-06,M.C.G.,Western Bulldogs,West Coast,West Coast,Brendon Fewster,3,0,2,2,0,1,1
1998,Qualifying Final,1998-09-06,M.C.G.,Western Bulldogs,West Coast,West Coast,Michael Gardiner,7,8,12,0,0,20,0
1998,Qualifying Final,1998-09-06,M.C.G.,Western Bulldogs,West Coast,West Coast,Fraser Gehrig,4,4,4,1,1,0,2
1998,Qualifying Final,1998-09-06,M.C.G.,Western Bulldogs,West Coast,West Coast,Brett Heady,0,0,0,0,0,0,0
1998,Qualifying Final,1998-09-06,M.C.G.,Western Bulldogs,West Coast,West Coast,Glen Jakovich,10,7,3,0,1,1,2
1998,Qualifying Final,1998-09-06,M.C.G.,Western Bulldogs,West Coast,West Coast,Dean Kemp,6,2,3,1,0,0,0
1998,Qualifying Final,1998-09-06,M.C.G.,Western Bulldogs,West Coast,West Coast,Chris Lewis,13,4,7,0,1,0,1
1998,Qualifying Final,1998-09-06,M.C.G.,Western Bulldogs,West Coast,West Coast,Phillip Matera,9,2,3,1,2,0,3
1998,Qualifying Final,1998-09-06,M.C.G.,Western Bulldogs,West Coast,West Coast,Ashley McIntosh,5,1,5,0,0,0,6
1998,Qualifying Final,1998-09-06,M.C.G.,Western Bulldogs,West Coast,West Coast,Daniel Metropolis,1,0,1,0,0,0,1
1998,Qualifying Final,1998-09-06,M.C.G.,Western Bulldogs,West Coast,West Coast,Chad Morrison,16,6,3,0,0,0,2
1998,Qualifying Final,1998-09-06,M.C.G.,Western Bulldogs,West Coast,West Coast,Phillip Read,8,4,8,0,0,1,3
1998,Qualifying Final,1998-09-06,M.C.G.,Western Bulldogs,West Coast,West Coast,Jarrad Schofield,7,4,5,0,0,0,0
1998,Qualifying Final,1998-09-06,M.C.G.,Western Bulldogs,West Coast,West Coast,Nicholas Stone,7,7,9,0,0,0,4
1998,Qualifying Final,1998-09-06,M.C.G.,Western Bulldogs,West Coast,West Coast,Paul Symmons,9,7,4,0,0,0,0
1998,Qualifying Final,1998-09-06,M.C.G.,Western Bulldogs,West Coast,West Coast,Chris Waterman,15,6,13,0,1,0,2
1998,Qualifying Final,1998-09-06,M.C.G.,Western Bulldogs,West Coast,West Coast,Mitchell White,8,3,2,1,0,0,2
1998,Qualifying Final,1998-09-06,M.C.G.,Western Bulldogs,West Coast,West Coast,Josh Wooden,1,0,2,0,0,0,0
1998,Semi Final,1998-09-12,M.C.G.,Melbourne,St Kilda,Melbourne,Jeff Farmer,9,4,2,4,3,0,2
1998,Semi Final,1998-09-12,M.C.G.,Melbourne,St Kilda,Melbourne,Matthew Febey,12,8,10,1,0,0,2
1998,Semi Final,1998-09-12,M.C.G.,Melbourne,St Kilda,Melbourne,Steven Febey,19,5,5,0,0,0,2
1998,Semi Final,1998-09-12,M.C.G.,Melbourne,St Kilda,Melbourne,Brent Grgic,5,2,2,0,0,0,1
1998,Semi Final,1998-09-12,M.C.G.,Melbourne,St Kilda,Melbourne,Anthony Ingerson,7,3,7,0,0,0,1
1998,Semi Final,1998-09-12,M.C.G.,Melbourne,St Kilda,Melbourne,Travis Johnstone,6,1,3,1,0,0,2
1998,Semi Final,1998-09-12,M.C.G.,Melbourne,St Kilda,Melbourne,Darren Kowal,7,2,3,1,2,0,1
1998,Semi Final,1998-09-12,M.C.G.,Melbourne,St Kilda,Melbourne,Andrew Leoncelli,12,3,5,0,0,0,3
1998,Semi Final,1998-09-12,M.C.G.,Melbourne,St Kilda,Melbourne,Anthony McDonald,10,1,4,0,1,0,3
1998,Semi Final,1998-09-12,M.C.G.,Melbourne,St Kilda,Melbourne,James McDonald,6,2,3,0,0,0,0
1998,Semi Final,1998-09-12,M.C.G.,Melbourne,St Kilda,Melbourne,David Neitz,8,5,5,1,4,1,4
1998,Semi Final,1998-09-12,M.C.G.,Melbourne,St Kilda,Melbourne,Guy Rigoni,16,4,8,0,1,0,4
1998,Semi Final,1998-09-12,M.C.G.,Melbourne,St Kilda,Melbourne,Russell Robertson,5,2,3,1,0,0,1
1998,Semi Final,1998-09-12,M.C.G.,Melbourne,St Kilda,Melbourne,David Schwarz,8,1,6,1,2,6,2
1998,Semi Final,1998-09-12,M.C.G.,Melbourne,St Kilda,Melbourne,Marcus Seecamp,7,3,6,0,0,0,0
1998,Semi Final,1998-09-12,M.C.G.,Melbourne,St Kilda,Melbourne,Jamie Shanahan,4,2,3,0,0,2,1
1998,Semi Final,1998-09-12,M.C.G.,Melbourne,St Kilda,Melbourne,Jim Stynes,3,1,6,0,0,8,2
1998,Semi Final,1998-09-12,M.C.G.,Melbourne,St Kilda,Melbourne,Stephen Tingay,15,7,5,1,1,0,1
1998,Semi Final,1998-09-12,M.C.G.,Melbourne,St Kilda,Melbourne,Todd Viney,9,5,4,1,0,0,3
1998,Semi Final,1998-09-12,M.C.G.,Melbourne,St Kilda,Melbourne,Jeff White,7,3,3,0,1,14,1
1998,Semi Final,1998-09-12,M.C.G.,Melbourne,St Kilda,Melbourne,Shane Woewodin,10,7,4,2,0,0,1
1998,Semi Final,1998-09-12,M.C.G.,Melbourne,St Kilda,Melbourne,Adem Yze,16,6,5,1,0,0,2
1998,Semi Final,1998-09-12,M.C.G.,Melbourne,St Kilda,St Kilda,Tony Brown,7,4,7,1,2,0,4
1998,Semi Final,1998-09-12,M.C.G.,Melbourne,St Kilda,St Kilda,Nathan Burke,20,8,6,0,1,0,4
1998,Semi Final,1998-09-12,M.C.G.,Melbourne,St Kilda,St Kilda,Brett Cook,6,2,3,0,1,9,3
1998,Semi Final,1998-09-12,M.C.G.,Melbourne,St Kilda,St Kilda,Jayson Daniels,8,5,8,0,1,0,4
1998,Semi Final,1998-09-12,M.C.G.,Melbourne,St Kilda,St Kilda,Peter Everitt,10,6,2,1,0,15,0
1998,Semi Final,1998-09-12,M.C.G.,Melbourne,St Kilda,St Kilda,Barry Hall,3,1,3,0,0,0,0
1998,Semi Final,1998-09-12,M.C.G.,Melbourne,St Kilda,St Kilda,Robert Harvey,18,0,8,1,0,0,3
1998,Semi Final,1998-09-12,M.C.G.,Melbourne,St Kilda,St Kilda,Jason Heatley,1,1,2,0,0,0,4
1998,Semi Final,1998-09-12,M.C.G.,Melbourne,St Kilda,St Kilda,Max Hudghton,2,1,7,0,0,1,3
1998,Semi Final,1998-09-12,M.C.G.,Melbourne,St Kilda,St Kilda,Austinn Jones,9,5,6,2,0,0,1
1998,Semi Final,1998-09-12,M.C.G.,Melbourne,St Kilda,St Kilda,Matthew Lappin,10,4,6,1,0,0,1
1998,Semi Final,1998-09-12,M.C.G.,Melbourne,St Kilda,St Kilda,Stewart Loewe,6,5,3,0,1,4,2
1998,Semi Final,1998-09-12,M.C.G.,Melbourne,St Kilda,St Kilda,Joe McLaren,9,5,2,0,0,0,1
1998,Semi Final,1998-09-12,M.C.G.,Melbourne,St Kilda,St Kilda,Gavin Mitchell,5,1,8,0,1,0,3
1998,Semi Final,1998-09-12,M.C.G.,Melbourne,St Kilda,St Kilda,Justin Peckett,7,7,7,0,0,0,3
1998,Semi Final,1998-09-12,M.C.G.,Melbourne,St Kilda,St Kilda,David Sierakowski,1,0,0,0,0,1,0
1998,Semi Final,1998-09-12,M.C.G.,Melbourne,St Kilda,St Kilda,Steven Sziller,7,1,8,0,0,0,1
1998,Semi Final,1998-09-12,M.C.G.,Melbourne,St Kilda,St Kilda,Andrew Thompson,4,0,6,0,1,0,4
1998,Semi Final,1998-09-12,M.C.G.,Melbourne,St Kilda,St Kilda,Darryl Wakelin,6,1,2,1,0,2,4
1998,Semi Final,1998-09-12,M.C.G.,Melbourne,St Kilda,St Kilda,Shane Wakelin,8,2,1,0,0,1,2
1998,Semi Final,1998-09-12,M.C.G.,Melbourne,St Kilda,St Kilda,Nicky Winmar,20,5,9,0,3,0,3
1998,Semi Final,1998-09-12,M.C.G.,Melbourne,St Kilda,St Kilda,Matthew Young,13,5,8,0,0,0,3
1998,Semi Final,1998-09-12,S.C.G.,Sydney,Adelaide,Sydney,Troy Cook,4,0,5,0,0,0,1
1998,Semi Final,1998-09-12,S.C.G.,Sydney,Adelaide,Sydney,Daryn Cresswell,5,1,0,0,0,0,0
1998,Semi Final,1998-09-12,S.C.G.,Sydney,Adelaide,Sydney,Jared Crouch,5,0,1,0,0,0,1
1998,Semi Final,1998-09-12,S.C.G.,Sydney,Adelaide,Sydney,Andrew Dunkley,9,3,4,0,0,0,2
1998,Semi Final,1998-09-12,S.C.G.,Sydney,Adelaide,Sydney,Peter Filandia,8,4,3,0,0,0,0
1998,Semi Final,1998-09-12,S.C.G.,Sydney,Adelaide,Sydney,Dale Lewis,18,7,6,2,1,1,1
1998,Semi Final,1998-09-12,S.C.G.,Sydney,Adelaide,Sydney,Tony Lockett,3,1,6,1,0,0,0
1998,Semi Final,1998-09-12,S.C.G.,Sydney,Adelaide,Sydney,Troy Luff,17,3,3,1,0,2,1
1998,Semi Final,1998-09-12,S.C.G.,Sydney,Adelaide,Sydney,Stuart Maxfield,18,4,2,0,0,0,3
1998,Semi Final,1998-09-12,S.C.G.,Sydney,Adelaide,Sydney,Daniel McPherson,10,1,5,0,1,0,1
1998,Semi Final,1998-09-12,S.C.G.,Sydney,Adelaide,Sydney,Jason Mooney,10,4,5,0,0,1,1
1998,Semi Final,1998-09-12,S.C.G.,Sydney,Adelaide,Sydney,Matthew Nicks,12,1,4,0,0,0,2
1998,Semi Final,1998-09-12,S.C.G.,Sydney,Adelaide,Sydney,Brett OFarrell,6,3,4,1,0,6,0
1998,Semi Final,1998-09-12,S.C.G.,Sydney,Adelaide,Sydney,Michael OLoughlin,14,8,5,3,1,0,0
1998,Semi Final,1998-09-12,S.C.G.,Sydney,Adelaide,Sydney,Mark Orchard,10,2,5,0,0,0,1
1998,Semi Final,1998-09-12,S.C.G.,Sydney,Adelaide,Sydney,Paul Roos,13,1,4,0,0,0,2
1998,Semi Final,1998-09-12,S.C.G.,Sydney,Adelaide,Sydney,Jason Saddington,5,1,2,0,0,0,1
1998,Semi Final,1998-09-12,S.C.G.,Sydney,Adelaide,Sydney,Wayne Schwass,22,0,3,1,0,0,3
1998,Semi Final,1998-09-12,S.C.G.,Sydney,Adelaide,Sydney,Brad Seymour,8,2,6,0,0,0,2
1998,Semi Final,1998-09-12,S.C.G.,Sydney,Adelaide,Sydney,Greg Stafford,11,3,4,0,0,13,0
1998,Semi Final,1998-09-12,S.C.G.,Sydney,Adelaide,Sydney,John Stevens,6,0,4,1,0,0,1
1998,Semi Final,1998-09-12,S.C.G.,Sydney,Adelaide,Sydney,Rowan Warfe,5,1,4,0,0,0,1
1998,Semi Final,1998-09-12,S.C.G.,Sydney,Adelaide,Adelaide,Mark Bickley,4,1,4,0,0,0,2
1998,Semi Final,1998-09-12,S.C.G.,Sydney,Adelaide,Adelaide,Peter Caven,13,1,2,0,0,0,1
1998,Semi Final,1998-09-12,S.C.G.,Sydney,Adelaide,Adelaide,Matthew Connell,2,0,2,0,0,0,0
1998,Semi Final,1998-09-12,S.C.G.,Sydney,Adelaide,Adelaide,Tyson Edwards,4,2,1,0,0,0,0
1998,Semi Final,1998-09-12,S.C.G.,Sydney,Adelaide,Adelaide,Shane Ellen,0,0,0,0,0,0,0
1998,Semi Final,1998-09-12,S.C.G.,Sydney,Adelaide,Adelaide,Simon Goodwin,6,1,5,0,0,0,1
1998,Semi Final,1998-09-12,S.C.G.,Sydney,Adelaide,Adelaide,Ben Hart,8,0,1,0,0,0,1
1998,Semi Final,1998-09-12,S.C.G.,Sydney,Adelaide,Adelaide,Brett James,4,2,4,3,0,0,2
1998,Semi Final,1998-09-12,S.C.G.,Sydney,Adelaide,Adelaide,Rod Jameson,12,1,2,0,0,0,2
1998,Semi Final,1998-09-12,S.C.G.,Sydney,Adelaide,Adelaide,Darren Jarman,14,0,5,0,1,0,1
1998,Semi Final,1998-09-12,S.C.G.,Sydney,Adelaide,Adelaide,Kym Koster,7,0,7,0,0,0,1
1998,Semi Final,1998-09-12,S.C.G.,Sydney,Adelaide,Adelaide,Ben Marsh,2,0,0,0,1,5,0
1998,Semi Final,1998-09-12,S.C.G.,Sydney,Adelaide,Adelaide,Andrew McLeod,9,1,8,3,2,0,1
1998,Semi Final,1998-09-12,S.C.G.,Sydney,Adelaide,Adelaide,David Pittman,2,1,1,0,0,0,0
1998,Semi Final,1998-09-12,S.C.G.,Sydney,Adelaide,Adelaide,Shaun Rehn,10,5,1,1,0,22,0
1998,Semi Final,1998-09-12,S.C.G.,Sydney,Adelaide,Adelaide,Mark Ricciuto,19,3,5,1,1,1,0
1998,Semi Final,1998-09-12,S.C.G.,Sydney,Adelaide,Adelaide,Chad Rintoul,0,0,4,0,0,0,0
1998,Semi Final,1998-09-12,S.C.G.,Sydney,Adelaide,Adelaide,Matthew Robran,8,3,5,0,0,2,1
1998,Semi Final,1998-09-12,S.C.G.,Sydney,Adelaide,Adelaide,Nigel Smart,17,1,4,0,0,1,1
1998,Semi Final,1998-09-12,S.C.G.,Sydney,Adelaide,Adelaide,Mark Stevens,2,2,0,0,1,0,1
1998,Semi Final,1998-09-12,S.C.G.,Sydney,Adelaide,Adelaide,James Thiessen,12,5,4,0,0,0,0
1998,Semi Final,1998-09-12,S.C.G.,Sydney,Adelaide,Adelaide,Peter Vardy,13,2,6,6,2,0,1
1998,Preliminary Final,1998-09-18,M.C.G.,North Melbourne,Melbourne,North Melbourne,Winston Abraham,9,4,6,2,3,0,3
1998,Preliminary Final,1998-09-18,M.C.G.,North Melbourne,Melbourne,North Melbourne,Brett Allison,4,2,1,3,1,0,1
1998,Preliminary Final,1998-09-18,M.C.G.,North Melbourne,Melbourne,North Melbourne,Glenn Archer,11,5,2,0,0,0,2
1998,Preliminary Final,1998-09-18,M.C.G.,North Melbourne,Melbourne,North Melbourne,Peter Bell,17,5,12,0,0,0,3
1998,Preliminary Final,1998-09-18,M.C.G.,North Melbourne,Melbourne,North Melbourne,John Blakey,14,4,4,0,0,0,2
1998,Preliminary Final,1998-09-18,M.C.G.,North Melbourne,Melbourne,North Melbourne,Mathew Capuano,4,2,3,1,0,15,1
1998,Preliminary Final,1998-09-18,M.C.G.,North Melbourne,Melbourne,North Melbourne,Wayne Carey,13,7,1,1,2,1,2
1998,Preliminary Final,1998-09-18,M.C.G.,North Melbourne,Melbourne,North Melbourne,Glenn Freeborn,0,0,2,0,0,0,2
1998,Preliminary Final,1998-09-18,M.C.G.,North Melbourne,Melbourne,North Melbourne,Shannon Grant,12,3,7,4,1,0,2
1998,Preliminary Final,1998-09-18,M.C.G.,North Melbourne,Melbourne,North Melbourne,Brent Harvey,3,1,2,0,0,0,0
1998,Preliminary Final,1998-09-18,M.C.G.,North Melbourne,Melbourne,North Melbourne,David King,10,1,2,0,0,0,1
1998,Preliminary Final,1998-09-18,M.C.G.,North Melbourne,Melbourne,North Melbourne,Mick Martyn,15,8,3,0,0,6,1
1998,Preliminary Final,1998-09-18,M.C.G.,North Melbourne,Melbourne,North Melbourne,Jason McCartney,5,1,1,0,0,2,2
1998,Preliminary Final,1998-09-18,M.C.G.,North Melbourne,Melbourne,North Melbourne,Corey McKernan,14,11,4,1,2,13,1
1998,Preliminary Final,1998-09-18,M.C.G.,North Melbourne,Melbourne,North Melbourne,Byron Pickett,13,3,4,0,1,1,5
1998,Preliminary Final,1998-09-18,M.C.G.,North Melbourne,Melbourne,North Melbourne,Martin Pike,7,1,4,0,0,0,0
1998,Preliminary Final,1998-09-18,M.C.G.,North Melbourne,Melbourne,North Melbourne,Mark Roberts,8,3,3,2,1,4,2
1998,Preliminary Final,1998-09-18,M.C.G.,North Melbourne,Melbourne,North Melbourne,Anthony Rock,4,1,2,0,0,0,0
1998,Preliminary Final,1998-09-18,M.C.G.,North Melbourne,Melbourne,North Melbourne,Robert Scott,10,2,5,0,0,0,4
1998,Preliminary Final,1998-09-18,M.C.G.,North Melbourne,Melbourne,North Melbourne,Craig Sholl,6,2,2,1,0,0,5
1998,Preliminary Final,1998-09-18,M.C.G.,North Melbourne,Melbourne,North Melbourne,Adam Simpson,13,7,10,1,0,0,3
1998,Preliminary Final,1998-09-18,M.C.G.,North Melbourne,Melbourne,North Melbourne,Anthony Stevens,16,4,2,1,0,0,2
1998,Preliminary Final,1998-09-18,M.C.G.,North Melbourne,Melbourne,Melbourne,Jeff Farmer,7,1,1,1,2,0,1
1998,Preliminary Final,1998-09-18,M.C.G.,North Melbourne,Melbourne,Melbourne,Matthew Febey,12,2,10,1,1,0,2
1998,Preliminary Final,1998-09-18,M.C.G.,North Melbourne,Melbourne,Melbourne,Steven Febey,12,1,1,1,0,0,1
1998,Preliminary Final,1998-09-18,M.C.G.,North Melbourne,Melbourne,Melbourne,Brent Grgic,3,0,3,0,0,2,0
1998,Preliminary Final,1998-09-18,M.C.G.,North Melbourne,Melbourne,Melbourne,Anthony Ingerson,9,5,3,0,0,1,0
1998,Preliminary Final,1998-09-18,M.C.G.,North Melbourne,Melbourne,Melbourne,Darren Kowal,9,2,3,1,0,0,1
1998,Preliminary Final,1998-09-18,M.C.G.,North Melbourne,Melbourne,Melbourne,Andrew Leoncelli,12,4,3,1,0,0,3
1998,Preliminary Final,1998-09-18,M.C.G.,North Melbourne,Melbourne,Melbourne,Garry Lyon,3,1,4,1,1,0,2
1998,Preliminary Final,1998-09-18,M.C.G.,North Melbourne,Melbourne,Melbourne,Anthony McDonald,2,0,3,0,0,0,2
1998,Preliminary Final,1998-09-18,M.C.G.,North Melbourne,Melbourne,Melbourne,James McDonald,4,2,4,0,0,0,0
1998,Preliminary Final,1998-09-18,M.C.G.,North Melbourne,Melbourne,Melbourne,David Neitz,6,2,5,1,2,2,1
1998,Preliminary Final,1998-09-18,M.C.G.,North Melbourne,Melbourne,Melbourne,Guy Rigoni,11,4,6,1,0,1,1
1998,Preliminary Final,1998-09-18,M.C.G.,North Melbourne,Melbourne,Melbourne,Russell Robertson,4,2,1,1,0,0,0
1998,Preliminary Final,1998-09-18,M.C.G.,North Melbourne,Melbourne,Melbourne,David Schwarz,7,2,3,0,2,3,2
1998,Preliminary Final,1998-09-18,M.C.G.,North Melbourne,Melbourne,Melbourne,Marcus Seecamp,10,6,10,1,1,0,0
1998,Preliminary Final,1998-09-18,M.C.G.,North Melbourne,Melbourne,Melbourne,Jamie Shanahan,3,1,3,0,0,0,1
1998,Preliminary Final,1998-09-18,M.C.G.,North Melbourne,Melbourne,Melbourne,Jim Stynes,3,1,6,0,0,12,0
1998,Preliminary Final,1998-09-18,M.C.G.,North Melbourne,Melbourne,Melbourne,Stephen Tingay,14,3,7,1,0,0,3
1998,Preliminary Final,1998-09-18,M.C.G.,North Melbourne,Melbourne,Melbourne,Todd Viney,14,2,7,0,1,0,2
1998,Preliminary Final,1998-09-18,M.C.G.,North Melbourne,Melbourne,Melbourne,Jeff White,3,1,1,0,0,14,0
1998,Preliminary Final,1998-09-18,M.C.G.,North Melbourne,Melbourne,Melbourne,Shane Woewodin,19,8,2,1,0,0,0
1998,Preliminary Final,1998-09-18,M.C.G.,North Melbourne,Melbourne,Melbourne,Adem Yze,14,2,3,0,0,0,0
1998,Preliminary Final,1998-09-19,M.C.G.,Western Bulldogs,Adelaide,Western Bulldogs,Nathan Brown,6,3,3,0,0,1,0
1998,Preliminary Final,1998-09-19,M.C.G.,Western Bulldogs,Adelaide,Western Bulldogs,Leon Cameron,9,0,3,0,0,0,1
1998,Preliminary Final,1998-09-19,M.C.G.,Western Bulldogs,Adelaide,Western Bulldogs,Matthew Croft,11,4,6,1,0,2,2
1998,Preliminary Final,1998-09-19,M.C.G.,Western Bulldogs,Adelaide,Western Bulldogs,Todd Curley,8,4,5,0,0,0,0
1998,Preliminary Final,1998-09-19,M.C.G.,Western Bulldogs,Adelaide,Western Bulldogs,Luke Darcy,5,6,4,0,0,6,1
1998,Preliminary Final,1998-09-19,M.C.G.,Western Bulldogs,Adelaide,Western Bulldogs,Matthew Dent,6,2,8,0,0,0,0
1998,Preliminary Final,1998-09-19,M.C.G.,Western Bulldogs,Adelaide,Western Bulldogs,Simon Garlick,10,2,3,0,0,0,2
1998,Preliminary Final,1998-09-19,M.C.G.,Western Bulldogs,Adelaide,Western Bulldogs,Chris Grant,7,6,3,1,1,1,2
1998,Preliminary Final,1998-09-19,M.C.G.,Western Bulldogs,Adelaide,Western Bulldogs,Paul Hudson,11,2,8,5,2,0,2
1998,Preliminary Final,1998-09-19,M.C.G.,Western Bulldogs,Adelaide,Western Bulldogs,Brad Johnson,16,8,4,2,1,0,1
1998,Preliminary Final,1998-09-19,M.C.G.,Western Bulldogs,Adelaide,Western Bulldogs,Steven Kolyniuk,8,4,2,0,0,0,4
1998,Preliminary Final,1998-09-19,M.C.G.,Western Bulldogs,Adelaide,Western Bulldogs,Steven Kretiuk,8,2,2,0,0,0,4
1998,Preliminary Final,1998-09-19,M.C.G.,Western Bulldogs,Adelaide,Western Bulldogs,Tony Liberatore,4,1,6,0,0,0,2
1998,Preliminary Final,1998-09-19,M.C.G.,Western Bulldogs,Adelaide,Western Bulldogs,Michael Martin,17,1,4,0,0,0,1
1998,Preliminary Final,1998-09-19,M.C.G.,Western Bulldogs,Adelaide,Western Bulldogs,Simon Minton-Connell,1,1,1,0,1,0,0
1998,Preliminary Final,1998-09-19,M.C.G.,Western Bulldogs,Adelaide,Western Bulldogs,Brett Montgomery,5,4,5,1,1,0,0
1998,Preliminary Final,1998-09-19,M.C.G.,Western Bulldogs,Adelaide,Western Bulldogs,Jose Romero,19,7,13,0,1,0,2
1998,Preliminary Final,1998-09-19,M.C.G.,Western Bulldogs,Adelaide,Western Bulldogs,Rohan Smith,10,3,3,2,0,0,0
1998,Preliminary Final,1998-09-19,M.C.G.,Western Bulldogs,Adelaide,Western Bulldogs,Mark West,13,3,2,1,2,0,1
1998,Preliminary Final,1998-09-19,M.C.G.,Western Bulldogs,Adelaide,Western Bulldogs,Scott West,14,3,21,0,0,0,3
1998,Preliminary Final,1998-09-19,M.C.G.,Western Bulldogs,Adelaide,Western Bulldogs,Brad Wira,3,2,2,0,0,0,0
1998,Preliminary Final,1998-09-19,M.C.G.,Western Bulldogs,Adelaide,Western Bulldogs,Scott Wynd,2,4,9,0,0,19,2
1998,Preliminary Final,1998-09-19,M.C.G.,Western Bulldogs,Adelaide,Adelaide,Mark Bickley,4,5,10,0,0,0,2
1998,Preliminary Final,1998-09-19,M.C.G.,Western Bulldogs,Adelaide,Adelaide,Peter Caven,9,4,3,0,0,0,3
1998,Preliminary Final,1998-09-19,M.C.G.,Western Bulldogs,Adelaide,Adelaide,Matthew Connell,12,5,6,1,0,0,0
1998,Preliminary Final,1998-09-19,M.C.G.,Western Bulldogs,Adelaide,Adelaide,Andrew Eccles,9,1,1,0,0,0,2
1998,Preliminary Final,1998-09-19,M.C.G.,Western Bulldogs,Adelaide,Adelaide,Tyson Edwards,10,8,5,2,0,0,0
1998,Preliminary Final,1998-09-19,M.C.G.,Western Bulldogs,Adelaide,Adelaide,Shane Ellen,9,4,2,2,1,0,1
1998,Preliminary Final,1998-09-19,M.C.G.,Western Bulldogs,Adelaide,Adelaide,Simon Goodwin,15,2,4,0,3,0,7
1998,Preliminary Final,1998-09-19,M.C.G.,Western Bulldogs,Adelaide,Adelaide,Ben Hart,7,4,4,0,0,0,6
1998,Preliminary Final,1998-09-19,M.C.G.,Western Bulldogs,Adelaide,Adelaide,Brett James,7,1,4,2,1,0,1
1998,Preliminary Final,1998-09-19,M.C.G.,Western Bulldogs,Adelaide,Adelaide,Darren Jarman,6,3,6,1,0,0,1
1998,Preliminary Final,1998-09-19,M.C.G.,Western Bulldogs,Adelaide,Adelaide,Kane Johnson,9,0,4,1,1,0,3
1998,Preliminary Final,1998-09-19,M.C.G.,Western Bulldogs,Adelaide,Adelaide,Kym Koster,10,1,5,0,0,0,3
1998,Preliminary Final,1998-09-19,M.C.G.,Western Bulldogs,Adelaide,Adelaide,Andrew McLeod,13,4,6,7,0,0,1
1998,Preliminary Final,1998-09-19,M.C.G.,Western Bulldogs,Adelaide,Adelaide,David Pittman,5,1,5,0,0,9,1
1998,Preliminary Final,1998-09-19,M.C.G.,Western Bulldogs,Adelaide,Adelaide,Shaun Rehn,12,7,5,0,1,25,0
1998,Preliminary Final,1998-09-19,M.C.G.,Western Bulldogs,Adelaide,Adelaide,Mark Ricciuto,8,3,8,0,0,0,0
1998,Preliminary Final,1998-09-19,M.C.G.,Western Bulldogs,Adelaide,Adelaide,Chad Rintoul,0,1,3,0,0,0,0
1998,Preliminary Final,1998-09-19,M.C.G.,Western Bulldogs,Adelaide,Adelaide,Matthew Robran,13,10,7,6,3,2,0
1998,Preliminary Final,1998-09-19,M.C.G.,Western Bulldogs,Adelaide,Adelaide,Nigel Smart,13,5,4,0,1,1,3
1998,Preliminary Final,1998-09-19,M.C.G.,Western Bulldogs,Adelaide,Adelaide,Mark Stevens,2,1,0,0,1,0,1
1998,Preliminary Final,1998-09-19,M.C.G.,Western Bulldogs,Adelaide,Adelaide,James Thiessen,13,2,4,0,2,0,3
1998,Preliminary Final,1998-09-19,M.C.G.,Western Bulldogs,Adelaide,Adelaide,Peter Vardy,6,2,4,2,0,0,3
1998,Grand Final,1998-09-26,M.C.G.,North Melbourne,Adelaide,North Melbourne,Winston Abraham,8,2,4,1,1,0,0
1998,Grand Final,1998-09-26,M.C.G.,North Melbourne,Adelaide,North Melbourne,Brett Allison,1,1,3,1,0,0,0
1998,Grand Final,1998-09-26,M.C.G.,North Melbourne,Adelaide,North Melbourne,Glenn Archer,13,3,3,0,0,1,0
1998,Grand Final,1998-09-26,M.C.G.,North Melbourne,Adelaide,North Melbourne,Peter Bell,19,2,7,1,3,0,4
1998,Grand Final,1998-09-26,M.C.G.,North Melbourne,Adelaide,North Melbourne,John Blakey,11,4,3,1,2,0,0
1998,Grand Final,1998-09-26,M.C.G.,North Melbourne,Adelaide,North Melbourne,Mathew Capuano,4,2,0,0,1,3,1
1998,Grand Final,1998-09-26,M.C.G.,North Melbourne,Adelaide,North Melbourne,Wayne Carey,13,5,5,1,4,0,0
1998,Grand Final,1998-09-26,M.C.G.,North Melbourne,Adelaide,North Melbourne,Glenn Freeborn,8,3,4,0,0,0,1
1998,Grand Final,1998-09-26,M.C.G.,North Melbourne,Adelaide,North Melbourne,Shannon Grant,5,0,5,0,2,0,1
1998,Grand Final,1998-09-26,M.C.G.,North Melbourne,Adelaide,North Melbourne,Brent Harvey,11,3,9,0,0,0,2
1998,Grand Final,1998-09-26,M.C.G.,North Melbourne,Adelaide,North Melbourne,David King,12,4,4,0,1,0,0
1998,Grand Final,1998-09-26,M.C.G.,North Melbourne,Adelaide,North Melbourne,Mick Martyn,9,2,4,0,0,2,1
1998,Grand Final,1998-09-26,M.C.G.,North Melbourne,Adelaide,North Melbourne,Jason McCartney,3,1,3,0,0,5,1
1998,Grand Final,1998-09-26,M.C.G.,North Melbourne,Adelaide,North Melbourne,Corey McKernan,7,3,4,0,2,10,0
1998,Grand Final,1998-09-26,M.C.G.,North Melbourne,Adelaide,North Melbourne,Byron Pickett,6,3,4,0,0,3,3
1998,Grand Final,1998-09-26,M.C.G.,North Melbourne,Adelaide,North Melbourne,Martin Pike,7,4,1,1,0,0,0
1998,Grand Final,1998-09-26,M.C.G.,North Melbourne,Adelaide,North Melbourne,Mark Roberts,8,4,3,1,1,0,1
1998,Grand Final,1998-09-26,M.C.G.,North Melbourne,Adelaide,North Melbourne,Anthony Rock,1,1,2,0,0,0,0
1998,Grand Final,1998-09-26,M.C.G.,North Melbourne,Adelaide,North Melbourne,Robert Scott,7,1,3,0,0,0,1
1998,Grand Final,1998-09-26,M.C.G.,North Melbourne,Adelaide,North Melbourne,Craig Sholl,8,1,3,0,2,0,3
1998,Grand Final,1998-09-26,M.C.G.,North Melbourne,Adelaide,North Melbourne,Adam Simpson,9,2,2,1,0,0,4
1998,Grand Final,1998-09-26,M.C.G.,North Melbourne,Adelaide,North Melbourne,Anthony Stevens,19,8,4,0,0,0,2
1998,Grand Final,1998-09-26,M.C.G.,North Melbourne,Adelaide,Adelaide,Mark Bickley,15,8,7,0,0,0,2
1998,Grand Final,1998-09-26,M.C.G.,North Melbourne,Adelaide,Adelaide,Peter Caven,13,9,7,0,0,0,5
1998,Grand Final,1998-09-26,M.C.G.,North Melbourne,Adelaide,Adelaide,Matthew Connell,1,1,1,0,0,0,0
1998,Grand Final,1998-09-26,M.C.G.,North Melbourne,Adelaide,Adelaide,Andrew Eccles,5,1,7,0,1,0,2
1998,Grand Final,1998-09-26,M.C.G.,North Melbourne,Adelaide,Adelaide,Tyson Edwards,7,4,3,0,1,0,1
1998,Grand Final,1998-09-26,M.C.G.,North Melbourne,Adelaide,Adelaide,Shane Ellen,5,2,1,0,0,0,2
1998,Grand Final,1998-09-26,M.C.G.,North Melbourne,Adelaide,Adelaide,Simon Goodwin,10,0,3,0,0,0,2
1998,Grand Final,1998-09-26,M.C.G.,North Melbourne,Adelaide,Adelaide,Ben Hart,14,4,3,0,0,0,2
1998,Grand Final,1998-09-26,M.C.G.,North Melbourne,Adelaide,Adelaide,Brett James,7,3,10,1,0,0,0
1998,Grand Final,1998-09-26,M.C.G.,North Melbourne,Adelaide,Adelaide,Darren Jarman,11,8,3,5,3,0,1
1998,Grand Final,1998-09-26,M.C.G.,North Melbourne,Adelaide,Adelaide,Kane Johnson,14,9,10,1,1,0,0
1998,Grand Final,1998-09-26,M.C.G.,North Melbourne,Adelaide,Adelaide,Kym Koster,2,1,2,0,0,0,1
1998,Grand Final,1998-09-26,M.C.G.,North Melbourne,Adelaide,Adelaide,Ben Marsh,2,2,1,0,1,5,0
1998,Grand Final,1998-09-26,M.C.G.,North Melbourne,Adelaide,Adelaide,Andrew McLeod,15,2,15,0,1,0,0
1998,Grand Final,1998-09-26,M.C.G.,North Melbourne,Adelaide,Adelaide,David Pittman,2,1,4,1,0,10,1
1998,Grand Final,1998-09-26,M.C.G.,North Melbourne,Adelaide,Adelaide,Shaun Rehn,7,4,7,0,0,22,0
1998,Grand Final,1998-09-26,M.C.G.,North Melbourne,Adelaide,Adelaide,Mark Ricciuto,8,2,6,1,1,0,0
1998,Grand Final,1998-09-26,M.C.G.,North Melbourne,Adelaide,Adelaide,Matthew Robran,6,2,4,0,1,1,1
1998,Grand Final,1998-09-26,M.C.G.,North Melbourne,Adelaide,Adelaide,Nigel Smart,11,4,3,3,1,1,2
1998,Grand Final,1998-09-26,M.C.G.,North Melbourne,Adelaide,Adelaide,Mark Stevens,8,6,3,0,1,1,2
1998,Grand Final,1998-09-26,M.C.G.,North Melbourne,Adelaide,Adelaide,James Thiessen,14,4,3,1,1,0,1
1998,Grand Final,1998-09-26,M.C.G.,North Melbourne,Adelaide,Adelaide,Peter Vardy,8,2,5,2,1,0,4
