season,round,date,venue,home_club,away_club,club,player,kicks,marks,handballs,goals,behinds,hitouts,tackles
2005,1,2005-03-24,Gabba,Brisbane Lions,St Kilda,Brisbane Lions,Jed Adcock,6,2,5,1,0,0,3
2005,1,2005-03-24,Gabba,Brisbane Lions,St Kilda,Brisbane Lions,Jason Akermanis,10,5,7,2,1,0,7
2005,1,2005-03-24,Gabba,Brisbane Lions,St Kilda,Brisbane Lions,Daniel Bradshaw,3,2,2,2,0,0,1
2005,1,2005-03-24,Gabba,Brisbane Lions,St Kilda,Brisbane Lions,Jared Brennan,6,5,5,4,1,0,2
2005,1,2005-03-24,Gabba,Brisbane Lions,St Kilda,Brisbane Lions,Jamie Charman,3,2,2,0,0,12,1
2005,1,2005-03-24,Gabba,Brisbane Lions,St Kilda,Brisbane Lions,Robert Copeland,7,0,10,1,0,0,4
2005,1,2005-03-24,Gabba,Brisbane Lions,St Kilda,Brisbane Lions,Anthony Corrie,4,3,3,0,0,0,4
2005,1,2005-03-24,Gabba,Brisbane Lions,St Kilda,Brisbane Lions,Chris Johnson,16,6,9,0,0,0,4
2005,1,2005-03-24,Gabba,Brisbane Lions,St Kilda,Brisbane Lions,Clark Keating,7,2,1,2,2,4,1
2005,1,2005-03-24,Gabba,Brisbane Lions,St Kilda,Brisbane Lions,Nigel Lappin,4,1,8,1,0,0,1
2005,1,2005-03-24,Gabba,Brisbane Lions,St Kilda,Brisbane Lions,Justin Leppitsch,13,6,11,0,0,1,3
2005,1,2005-03-24,Gabba,Brisbane Lions,St Kilda,Brisbane Lions,Joel Macdonald,10,3,9,0,0,0,2
2005,1,2005-03-24,Gabba,Brisbane Lions,St Kilda,Brisbane Lions,Ashley McGrath,3,0,2,2,0,0,1
2005,1,2005-03-24,Gabba,Brisbane Lions,St Kilda,Brisbane Lions,Dylan McLaren,3,2,4,0,0,18,0
2005,1,2005-03-24,Gabba,Brisbane Lions,St Kilda,Brisbane Lions,Mal Michael,4,3,2,0,0,2,1
2005,1,2005-03-24,Gabba,Brisbane Lions,St Kilda,Brisbane Lions,Tim Notting,12,4,9,0,1,0,0
2005,1,2005-03-24,Gabba,Brisbane Lions,St Kilda,Brisbane Lions,Martin Pike,6,5,5,2,1,1,7
2005,1,2005-03-24,Gabba,Brisbane Lions,St Kilda,Brisbane Lions,Luke Power,15,0,12,0,0,0,2
2005,1,2005-03-24,Gabba,Brisbane Lions,St Kilda,Brisbane Lions,Chris Scott,6,4,2,0,0,0,0
2005,1,2005-03-24,Gabba,Brisbane Lions,St Kilda,Brisbane Lions,Troy Selwood,4,1,4,0,0,0,6
2005,1,2005-03-24,Gabba,Brisbane Lions,St Kilda,Brisbane Lions,Michael Voss,16,5,12,1,0,0,3
2005,1,2005-03-24,Gabba,Brisbane Lions,St Kilda,Brisbane Lions,Darryl White,10,6,12,0,0,2,1
2005,1,2005-03-24,Gabba,Brisbane Lions,St Kilda,St Kilda,Cain Ackland,8,4,8,0,0,18,2
2005,1,2005-03-24,Gabba,Brisbane Lions,St Kilda,St Kilda,Steven Baker,7,1,6,0,0,0,0
2005,1,2005-03-24,Gabba,Brisbane Lions,St Kilda,St Kilda,Luke Ball,12,0,9,1,0,0,7
2005,1,2005-03-24,Gabba,Brisbane Lions,St Kilda,St Kilda,Jason Blake,0,0,5,0,0,9,2
2005,1,2005-03-24,Gabba,Brisbane Lions,St Kilda,St Kilda,Nick Dal Santo,18,3,11,0,2,0,2
2005,1,2005-03-24,Gabba,Brisbane Lions,St Kilda,St Kilda,Aaron Fiora,8,4,8,1,0,0,2
2005,1,2005-03-24,Gabba,Brisbane Lions,St Kilda,St Kilda,Sam Fisher,4,1,4,0,0,0,2
2005,1,2005-03-24,Gabba,Brisbane Lions,St Kilda,St Kilda,Fraser Gehrig,5,4,3,0,3,0,0
2005,1,2005-03-24,Gabba,Brisbane Lions,St Kilda,St Kilda,Brendon Goddard,8,4,7,0,0,1,0
2005,1,2005-03-24,Gabba,Brisbane Lions,St Kilda,St Kilda,Aaron Hamill,12,7,7,2,2,0,4
2005,1,2005-03-24,Gabba,Brisbane Lions,St Kilda,St Kilda,Robert Harvey,13,7,10,2,2,0,1
2005,1,2005-03-24,Gabba,Brisbane Lions,St Kilda,St Kilda,Lenny Hayes,8,2,13,0,2,0,7
2005,1,2005-03-24,Gabba,Brisbane Lions,St Kilda,St Kilda,Max Hudghton,3,2,6,0,0,0,0
2005,1,2005-03-24,Gabba,Brisbane Lions,St Kilda,St Kilda,Austinn Jones,15,3,4,0,0,0,3
2005,1,2005-03-24,Gabba,Brisbane Lions,St Kilda,St Kilda,Justin Koschitzke,6,4,4,0,1,10,1
2005,1,2005-03-24,Gabba,Brisbane Lions,St Kilda,St Kilda,Matt Maguire,8,4,2,0,0,0,1
2005,1,2005-03-24,Gabba,Brisbane Lions,St Kilda,St Kilda,Mark McGough,7,3,9,0,0,0,1
2005,1,2005-03-24,Gabba,Brisbane Lions,St Kilda,St Kilda,Stephen Milne,6,2,2,3,1,0,3
2005,1,2005-03-24,Gabba,Brisbane Lions,St Kilda,St Kilda,Nick Riewoldt,7,5,2,3,1,0,0
2005,1,2005-03-24,Gabba,Brisbane Lions,St Kilda,St Kilda,Troy Schwarze,7,4,2,0,0,0,4
2005,1,2005-03-24,Gabba,Brisbane Lions,St Kilda,St Kilda,Andrew Thompson,13,6,10,1,0,0,2
2005,1,2005-03-24,Gabba,Brisbane Lions,St Kilda,St Kilda,Brett Voss,3,3,5,0,0,0,0
2005,1,2005-03-26,Docklands,Kangaroos,Carlton,Kangaroos,Glenn Archer,11,6,5,0,0,0,0
2005,1,2005-03-26,Docklands,Kangaroos,Carlton,Kangaroos,Leigh Brown,6,5,8,0,0,0,0
2005,1,2005-03-26,Docklands,Kangaroos,Carlton,Kangaroos,Leigh Colbert,14,10,4,0,0,0,0
2005,1,2005-03-26,Docklands,Kangaroos,Carlton,Kangaroos,Michael Firrito,8,4,4,1,0,1,6
2005,1,2005-03-26,Docklands,Kangaroos,Carlton,Kangaroos,Shannon Grant,13,5,8,0,0,0,3
2005,1,2005-03-26,Docklands,Kangaroos,Carlton,Kangaroos,David Hale,2,2,3,1,0,6,1
2005,1,2005-03-26,Docklands,Kangaroos,Carlton,Kangaroos,Leigh Harding,2,1,0,0,1,0,1
2005,1,2005-03-26,Docklands,Kangaroos,Carlton,Kangaroos,Daniel Harris,7,1,2,0,0,0,1
2005,1,2005-03-26,Docklands,Kangaroos,Carlton,Kangaroos,Brent Harvey,12,4,4,1,0,0,0
2005,1,2005-03-26,Docklands,Kangaroos,Carlton,Kangaroos,Corey Jones,14,5,4,2,0,1,4
2005,1,2005-03-26,Docklands,Kangaroos,Carlton,Kangaroos,Troy Makepeace,11,7,8,0,0,0,0
2005,1,2005-03-26,Docklands,Kangaroos,Carlton,Kangaroos,Drew Petrie,17,4,1,1,1,10,5
2005,1,2005-03-26,Docklands,Kangaroos,Carlton,Kangaroos,Lance Picioane,8,4,7,0,0,0,1
2005,1,2005-03-26,Docklands,Kangaroos,Carlton,Kangaroos,Daniel Pratt,10,7,4,0,1,0,0
2005,1,2005-03-26,Docklands,Kangaroos,Carlton,Kangaroos,Brady Rawlings,12,5,3,1,0,0,1
2005,1,2005-03-26,Docklands,Kangaroos,Carlton,Kangaroos,Saverio Rocca,7,8,2,4,2,1,1
2005,1,2005-03-26,Docklands,Kangaroos,Carlton,Kangaroos,Adam Simpson,7,4,7,0,0,1,1
2005,1,2005-03-26,Docklands,Kangaroos,Carlton,Kangaroos,Jess Sinclair,14,9,7,1,0,0,3
2005,1,2005-03-26,Docklands,Kangaroos,Carlton,Kangaroos,Michael Stevens,10,6,5,1,0,0,0
2005,1,2005-03-26,Docklands,Kangaroos,Carlton,Kangaroos,Nathan Thompson,12,9,1,1,0,4,1
2005,1,2005-03-26,Docklands,Kangaroos,Carlton,Kangaroos,Shannon Watt,11,8,5,0,0,0,1
2005,1,2005-03-26,Docklands,Kangaroos,Carlton,Kangaroos,Daniel Wells,12,3,4,2,0,0,0
2005,1,2005-03-26,Docklands,Kangaroos,Carlton,Carlton,Jordan Bannister,7,3,6,0,1,0,3
2005,1,2005-03-26,Docklands,Kangaroos,Carlton,Carlton,Eddie Betts,6,0,1,2,0,0,0
2005,1,2005-03-26,Docklands,Kangaroos,Carlton,Carlton,Scott Camporeale,9,0,4,0,0,0,2
2005,1,2005-03-26,Docklands,Kangaroos,Carlton,Carlton,Andrew Carrazzo,8,0,5,0,1,0,3
2005,1,2005-03-26,Docklands,Kangaroos,Carlton,Carlton,Justin Davies,9,3,5,1,3,0,1
2005,1,2005-03-26,Docklands,Kangaroos,Carlton,Carlton,Adrian De Luca,4,2,2,0,0,2,0
2005,1,2005-03-26,Docklands,Kangaroos,Carlton,Carlton,Brendan Fevola,5,3,1,3,0,0,3
2005,1,2005-03-26,Docklands,Kangaroos,Carlton,Carlton,Barnaby French,1,2,9,0,0,26,3
2005,1,2005-03-26,Docklands,Kangaroos,Carlton,Carlton,Ryan Houlihan,10,4,5,1,1,0,2
2005,1,2005-03-26,Docklands,Kangaroos,Carlton,Carlton,Anthony Koutoufides,14,4,18,1,0,3,5
2005,1,2005-03-26,Docklands,Kangaroos,Carlton,Carlton,Matthew Lappin,14,6,5,0,0,0,2
2005,1,2005-03-26,Docklands,Kangaroos,Carlton,Carlton,Luke Livingston,1,1,1,0,0,0,1
2005,1,2005-03-26,Docklands,Kangaroos,Carlton,Carlton,Cory McGrath,9,3,0,0,0,0,1
2005,1,2005-03-26,Docklands,Kangaroos,Carlton,Carlton,Digby Morrell,5,3,3,0,0,2,0
2005,1,2005-03-26,Docklands,Kangaroos,Carlton,Carlton,Ian Prendergast,9,5,6,0,0,6,4
2005,1,2005-03-26,Docklands,Kangaroos,Carlton,Carlton,Heath Scotland,14,3,8,1,0,0,3
2005,1,2005-03-26,Docklands,Kangaroos,Carlton,Carlton,Trent Sporn,3,0,3,0,0,1,1
2005,1,2005-03-26,Docklands,Kangaroos,Carlton,Carlton,Nick Stevens,11,2,5,0,0,0,5
2005,1,2005-03-26,Docklands,Kangaroos,Carlton,Carlton,David Teague,7,3,2,0,0,0,3
2005,1,2005-03-26,Docklands,Kangaroos,Carlton,Carlton,Jarrad Waite,7,5,3,2,2,0,3
2005,1,2005-03-26,Docklands,Kangaroos,Carlton,Carlton,Andrew Walker,0,0,0,0,0,0,0
2005,1,2005-03-26,Docklands,Kangaroos,Carlton,Carlton,Lance Whitnall,7,4,4,1,2,3,1
2005,1,2005-03-26,M.C.G.,Melbourne,Essendon,Melbourne,Clint Bizzell,12,5,7,0,0,0,0
2005,1,2005-03-26,M.C.G.,Melbourne,Essendon,Melbourne,Nathan Brown,8,5,8,0,0,0,0
2005,1,2005-03-26,M.C.G.,Melbourne,Essendon,Melbourne,Cameron Bruce,10,3,11,0,0,0,2
2005,1,2005-03-26,M.C.G.,Melbourne,Essendon,Melbourne,Aaron Davey,8,1,1,2,2,0,0
2005,1,2005-03-26,M.C.G.,Melbourne,Essendon,Melbourne,Ryan Ferguson,16,7,6,0,0,0,0
2005,1,2005-03-26,M.C.G.,Melbourne,Essendon,Melbourne,Brad Green,15,8,10,1,1,0,3
2005,1,2005-03-26,M.C.G.,Melbourne,Essendon,Melbourne,Chris Heffernan,5,2,2,0,1,0,4
2005,1,2005-03-26,M.C.G.,Melbourne,Essendon,Melbourne,Mark Jamar,3,4,9,0,0,9,1
2005,1,2005-03-26,M.C.G.,Melbourne,Essendon,Melbourne,Travis Johnstone,12,2,2,1,1,0,2
2005,1,2005-03-26,M.C.G.,Melbourne,Essendon,Melbourne,James McDonald,16,4,5,1,1,0,2
2005,1,2005-03-26,M.C.G.,Melbourne,Essendon,Melbourne,Brock McLean,10,4,3,0,1,0,1
2005,1,2005-03-26,M.C.G.,Melbourne,Essendon,Melbourne,Brad Miller,7,11,13,2,0,0,3
2005,1,2005-03-26,M.C.G.,Melbourne,Essendon,Melbourne,Brent Moloney,20,3,4,1,0,0,3
2005,1,2005-03-26,M.C.G.,Melbourne,Essendon,Melbourne,David Neitz,2,2,2,1,1,0,1
2005,1,2005-03-26,M.C.G.,Melbourne,Essendon,Melbourne,Guy Rigoni,8,5,4,0,1,0,1
2005,1,2005-03-26,M.C.G.,Melbourne,Essendon,Melbourne,Jared Rivers,7,6,6,0,0,0,1
2005,1,2005-03-26,M.C.G.,Melbourne,Essendon,Melbourne,Russell Robertson,9,4,3,1,1,0,0
2005,1,2005-03-26,M.C.G.,Melbourne,Essendon,Melbourne,Colin Sylvia,7,4,1,0,0,0,0
2005,1,2005-03-26,M.C.G.,Melbourne,Essendon,Melbourne,Paul Wheatley,9,6,5,0,0,0,3
2005,1,2005-03-26,M.C.G.,Melbourne,Essendon,Melbourne,Matthew Whelan,7,4,3,0,0,0,3
2005,1,2005-03-26,M.C.G.,Melbourne,Essendon,Melbourne,Jeff White,5,2,4,1,0,21,0
2005,1,2005-03-26,M.C.G.,Melbourne,Essendon,Melbourne,Adem Yze,8,5,3,4,2,0,1
2005,1,2005-03-26,M.C.G.,Melbourne,Essendon,Essendon,Matthew Allan,6,4,0,0,0,17,0
2005,1,2005-03-26,M.C.G.,Melbourne,Essendon,Essendon,Mark Bolton,13,6,4,0,0,1,1
2005,1,2005-03-26,M.C.G.,Melbourne,Essendon,Essendon,Kepler Bradley,15,10,10,0,0,1,1
2005,1,2005-03-26,M.C.G.,Melbourne,Essendon,Essendon,Marcus Bullen,4,2,5,0,0,0,4
2005,1,2005-03-26,M.C.G.,Melbourne,Essendon,Essendon,Damian Cupido,12,6,4,0,0,0,2
2005,1,2005-03-26,M.C.G.,Melbourne,Essendon,Essendon,Dustin Fletcher,14,1,2,0,0,0,2
2005,1,2005-03-26,M.C.G.,Melbourne,Essendon,Essendon,Ben Haynes,10,4,3,0,0,0,1
2005,1,2005-03-26,M.C.G.,Melbourne,Essendon,Essendon,Aaron Henneman,8,3,2,2,1,3,3
2005,1,2005-03-26,M.C.G.,Melbourne,Essendon,Essendon,James Hird,11,6,4,0,0,1,2
2005,1,2005-03-26,M.C.G.,Melbourne,Essendon,Essendon,Jason Johnson,13,8,7,1,0,0,5
2005,1,2005-03-26,M.C.G.,Melbourne,Essendon,Essendon,Mark Johnson,8,6,4,0,0,0,2
2005,1,2005-03-26,M.C.G.,Melbourne,Essendon,Essendon,Scott Lucas,14,4,1,3,1,0,4
2005,1,2005-03-26,M.C.G.,Melbourne,Essendon,Essendon,Adam McPhee,16,11,6,0,1,1,5
2005,1,2005-03-26,M.C.G.,Melbourne,Essendon,Essendon,Mark McVeigh,9,2,8,0,0,0,1
2005,1,2005-03-26,M.C.G.,Melbourne,Essendon,Essendon,Angus Monfries,8,4,4,0,1,0,1
2005,1,2005-03-26,M.C.G.,Melbourne,Essendon,Essendon,Justin Murphy,14,9,12,0,0,0,2
2005,1,2005-03-26,M.C.G.,Melbourne,Essendon,Essendon,Damien Peverill,12,8,7,0,1,0,1
2005,1,2005-03-26,M.C.G.,Melbourne,Essendon,Essendon,Adam Ramanauskas,3,1,5,0,0,0,1
2005,1,2005-03-26,M.C.G.,Melbourne,Essendon,Essendon,Dean Solomon,2,1,4,0,0,0,1
2005,1,2005-03-26,M.C.G.,Melbourne,Essendon,Essendon,Brent Stanton,7,6,4,1,0,0,0
2005,1,2005-03-26,M.C.G.,Melbourne,Essendon,Essendon,Andrew Welsh,15,11,8,0,0,0,2
2005,1,2005-03-26,M.C.G.,Melbourne,Essendon,Essendon,Jason Winderlich,8,6,4,1,0,0,1
2005,1,2005-03-26,Subiaco,Fremantle,Port Adelaide,Fremantle,Peter Bell,12,4,6,0,0,0,4
2005,1,2005-03-26,Subiaco,Fremantle,Port Adelaide,Fremantle,Heath Black,20,8,2,1,0,0,0
2005,1,2005-03-26,Subiaco,Fremantle,Port Adelaide,Fremantle,Josh Carr,14,5,12,0,0,0,3
2005,1,2005-03-26,Subiaco,Fremantle,Port Adelaide,Fremantle,Matthew Carr,22,7,11,1,1,0,0
2005,1,2005-03-26,Subiaco,Fremantle,Port Adelaide,Fremantle,Steven Dodd,7,2,3,0,0,2,2
2005,1,2005-03-26,Subiaco,Fremantle,Port Adelaide,Fremantle,Jeff Farmer,4,3,1,1,1,0,2
2005,1,2005-03-26,Subiaco,Fremantle,Port Adelaide,Fremantle,Robert Haddrill,2,1,4,0,0,0,0
2005,1,2005-03-26,Subiaco,Fremantle,Port Adelaide,Fremantle,Paul Hasleby,12,5,6,0,0,0,4
2005,1,2005-03-26,Subiaco,Fremantle,Port Adelaide,Fremantle,Des Headland,19,6,4,1,1,0,4
2005,1,2005-03-26,Subiaco,Fremantle,Port Adelaide,Fremantle,Justin Longmuir,5,2,2,1,0,11,0
2005,1,2005-03-26,Subiaco,Fremantle,Port Adelaide,Fremantle,Shaun McManus,11,6,5,0,0,0,1
2005,1,2005-03-26,Subiaco,Fremantle,Port Adelaide,Fremantle,Luke McPharlin,15,12,3,0,0,1,0
2005,1,2005-03-26,Subiaco,Fremantle,Port Adelaide,Fremantle,Paul Medhurst,9,5,0,2,3,0,2
2005,1,2005-03-26,Subiaco,Fremantle,Port Adelaide,Fremantle,Ryan Murphy,3,2,1,1,0,0,0
2005,1,2005-03-26,Subiaco,Fremantle,Port Adelaide,Fremantle,Shane Parker,7,5,7,0,0,0,1
2005,1,2005-03-26,Subiaco,Fremantle,Port Adelaide,Fremantle,Matthew Pavlich,12,11,5,3,1,0,0
2005,1,2005-03-26,Subiaco,Fremantle,Port Adelaide,Fremantle,Graham Polak,9,6,6,0,0,2,2
2005,1,2005-03-26,Subiaco,Fremantle,Port Adelaide,Fremantle,Aaron Sandilands,2,5,9,0,0,11,0
2005,1,2005-03-26,Subiaco,Fremantle,Port Adelaide,Fremantle,Scott Thornton,11,9,1,0,0,0,0
2005,1,2005-03-26,Subiaco,Fremantle,Port Adelaide,Fremantle,James Walker,9,5,8,0,0,0,0
2005,1,2005-03-26,Subiaco,Fremantle,Port Adelaide,Fremantle,Luke Webster,4,3,6,0,1,0,2
2005,1,2005-03-26,Subiaco,Fremantle,Port Adelaide,Fremantle,Dion Woods,6,4,5,2,0,0,2
2005,1,2005-03-26,Subiaco,Fremantle,Port Adelaide,Port Adelaide,Matthew Bishop,10,7,5,0,0,0,0
2005,1,2005-03-26,Subiaco,Fremantle,Port Adelaide,Port Adelaide,Dean Brogan,9,2,5,0,0,6,5
2005,1,2005-03-26,Subiaco,Fremantle,Port Adelaide,Port Adelaide,Peter Burgoyne,16,3,9,0,1,0,3
2005,1,2005-03-26,Subiaco,Fremantle,Port Adelaide,Port Adelaide,Shaun Burgoyne,1,0,2,0,0,0,0
2005,1,2005-03-26,Subiaco,Fremantle,Port Adelaide,Port Adelaide,Domenic Cassisi,9,3,4,0,0,0,1
2005,1,2005-03-26,Subiaco,Fremantle,Port Adelaide,Port Adelaide,Stuart Cochrane,4,2,2,1,0,0,0
2005,1,2005-03-26,Subiaco,Fremantle,Port Adelaide,Port Adelaide,Chad Cornes,9,4,6,0,0,0,2
2005,1,2005-03-26,Subiaco,Fremantle,Port Adelaide,Port Adelaide,Kane Cornes,18,5,10,1,0,1,2
2005,1,2005-03-26,Subiaco,Fremantle,Port Adelaide,Port Adelaide,Stuart Dew,8,3,2,1,0,0,1
2005,1,2005-03-26,Subiaco,Fremantle,Port Adelaide,Port Adelaide,Brett Ebert,7,4,4,0,1,0,0
2005,1,2005-03-26,Subiaco,Fremantle,Port Adelaide,Port Adelaide,Josh Francou,3,0,6,0,0,0,3
2005,1,2005-03-26,Subiaco,Fremantle,Port Adelaide,Port Adelaide,Adam Kingsley,12,7,2,0,0,0,1
2005,1,2005-03-26,Subiaco,Fremantle,Port Adelaide,Port Adelaide,Brendon Lade,2,2,4,0,0,8,1
2005,1,2005-03-26,Subiaco,Fremantle,Port Adelaide,Port Adelaide,Josh Mahoney,0,0,1,0,0,0,0
2005,1,2005-03-26,Subiaco,Fremantle,Port Adelaide,Port Adelaide,Brett Montgomery,9,7,7,1,0,0,4
2005,1,2005-03-26,Subiaco,Fremantle,Port Adelaide,Port Adelaide,Matthew Primus,5,3,3,2,1,10,5
2005,1,2005-03-26,Subiaco,Fremantle,Port Adelaide,Port Adelaide,Aaron Shattock,9,2,4,0,0,2,2
2005,1,2005-03-26,Subiaco,Fremantle,Port Adelaide,Port Adelaide,Toby Thurstans,3,1,0,1,1,0,0
2005,1,2005-03-26,Subiaco,Fremantle,Port Adelaide,Port Adelaide,Warren Tredrea,17,9,5,0,1,0,1
2005,1,2005-03-26,Subiaco,Fremantle,Port Adelaide,Port Adelaide,Darryl Wakelin,8,4,5,0,0,1,1
2005,1,2005-03-26,Subiaco,Fremantle,Port Adelaide,Port Adelaide,Peter Walsh,6,2,2,0,0,0,5
2005,1,2005-03-26,Subiaco,Fremantle,Port Adelaide,Port Adelaide,Gavin Wanganeen,17,4,4,0,1,0,0
2005,1,2005-03-27,S.C.G.,Sydney,Hawthorn,Sydney,Jason Ball,2,2,5,0,0,2,2
2005,1,2005-03-27,S.C.G.,Sydney,Hawthorn,Sydney,Leo Barry,10,8,5,0,0,0,1
2005,1,2005-03-27,S.C.G.,Sydney,Hawthorn,Sydney,Paul Bevan,10,6,4,1,0,0,2
2005,1,2005-03-27,S.C.G.,Sydney,Hawthorn,Sydney,Craig Bolton,7,4,10,1,0,0,3
2005,1,2005-03-27,S.C.G.,Sydney,Hawthorn,Sydney,Jude Bolton,12,6,6,1,0,0,3
2005,1,2005-03-27,S.C.G.,Sydney,Hawthorn,Sydney,Amon Buchanan,7,0,9,0,1,0,7
2005,1,2005-03-27,S.C.G.,Sydney,Hawthorn,Sydney,Jared Crouch,6,3,5,0,0,0,1
2005,1,2005-03-27,S.C.G.,Sydney,Hawthorn,Sydney,Nick Davis,8,4,1,4,1,0,3
2005,1,2005-03-27,S.C.G.,Sydney,Hawthorn,Sydney,Stephen Doyle,6,2,1,1,0,6,2
2005,1,2005-03-27,S.C.G.,Sydney,Hawthorn,Sydney,Adam Goodes,12,7,6,0,0,0,3
2005,1,2005-03-27,S.C.G.,Sydney,Hawthorn,Sydney,Barry Hall,11,5,2,3,5,0,2
2005,1,2005-03-27,S.C.G.,Sydney,Hawthorn,Sydney,Darren Jolly,10,3,5,3,0,24,3
2005,1,2005-03-27,S.C.G.,Sydney,Hawthorn,Sydney,Tadhg Kennelly,10,8,6,0,0,0,3
2005,1,2005-03-27,S.C.G.,Sydney,Hawthorn,Sydney,Brett Kirk,5,0,5,0,0,0,4
2005,1,2005-03-27,S.C.G.,Sydney,Hawthorn,Sydney,Ben Mathews,14,5,8,0,0,0,2
2005,1,2005-03-27,S.C.G.,Sydney,Hawthorn,Sydney,Stuart Maxfield,5,2,3,0,0,0,2
2005,1,2005-03-27,S.C.G.,Sydney,Hawthorn,Sydney,Jarrad McVeigh,5,2,3,1,0,0,3
2005,1,2005-03-27,S.C.G.,Sydney,Hawthorn,Sydney,Matthew Nicks,3,1,1,0,0,1,2
2005,1,2005-03-27,S.C.G.,Sydney,Hawthorn,Sydney,Ryan OKeefe,8,5,5,1,1,0,1
2005,1,2005-03-27,S.C.G.,Sydney,Hawthorn,Sydney,Lewis Roberts-Thomson,2,0,1,0,0,0,1
2005,1,2005-03-27,S.C.G.,Sydney,Hawthorn,Sydney,Adam Schneider,4,0,7,1,0,0,1
2005,1,2005-03-27,S.C.G.,Sydney,Hawthorn,Sydney,Paul Williams,15,5,8,1,1,0,6
2005,1,2005-03-27,S.C.G.,Sydney,Hawthorn,Hawthorn,Chance Bateman,15,3,10,0,1,0,2
2005,1,2005-03-27,S.C.G.,Sydney,Hawthorn,Hawthorn,Luke Brennan,1,2,3,0,0,0,0
2005,1,2005-03-27,S.C.G.,Sydney,Hawthorn,Hawthorn,Campbell Brown,7,2,7,0,0,0,3
2005,1,2005-03-27,S.C.G.,Sydney,Hawthorn,Hawthorn,Robert Campbell,1,0,3,0,0,18,4
2005,1,2005-03-27,S.C.G.,Sydney,Hawthorn,Hawthorn,Shane Crawford,18,4,6,1,0,0,5
2005,1,2005-03-27,S.C.G.,Sydney,Hawthorn,Hawthorn,Trent Croad,10,7,6,0,0,0,0
2005,1,2005-03-27,S.C.G.,Sydney,Hawthorn,Hawthorn,Ben Dixon,6,2,2,2,1,0,1
2005,1,2005-03-27,S.C.G.,Sydney,Hawthorn,Hawthorn,Peter Everitt,9,2,5,1,0,27,4
2005,1,2005-03-27,S.C.G.,Sydney,Hawthorn,Hawthorn,Lance Franklin,5,2,1,0,0,0,1
2005,1,2005-03-27,S.C.G.,Sydney,Hawthorn,Hawthorn,Jonathan Hay,2,2,6,0,0,0,1
2005,1,2005-03-27,S.C.G.,Sydney,Hawthorn,Hawthorn,Luke Hodge,10,3,6,0,0,0,1
2005,1,2005-03-27,S.C.G.,Sydney,Hawthorn,Hawthorn,Nick Holland,6,9,8,1,2,1,2
2005,1,2005-03-27,S.C.G.,Sydney,Hawthorn,Hawthorn,Danny Jacobs,4,4,7,1,0,0,1
2005,1,2005-03-27,S.C.G.,Sydney,Hawthorn,Hawthorn,Rick Ladson,10,2,5,1,1,0,4
2005,1,2005-03-27,S.C.G.,Sydney,Hawthorn,Hawthorn,Nathan Lonie,10,0,5,0,0,0,0
2005,1,2005-03-27,S.C.G.,Sydney,Hawthorn,Hawthorn,Harry Miller,3,0,0,0,1,0,1
2005,1,2005-03-27,S.C.G.,Sydney,Hawthorn,Hawthorn,Michael Osborne,6,2,1,0,0,0,3
2005,1,2005-03-27,S.C.G.,Sydney,Hawthorn,Hawthorn,Brad Sewell,3,2,12,0,0,0,1
2005,1,2005-03-27,S.C.G.,Sydney,Hawthorn,Hawthorn,Joel Smith,8,4,6,0,0,0,2
2005,1,2005-03-27,S.C.G.,Sydney,Hawthorn,Hawthorn,Josh Thurgood,1,1,3,0,0,0,0
2005,1,2005-03-27,S.C.G.,Sydney,Hawthorn,Hawthorn,Richard Vandenberg,6,0,1,0,0,0,3
2005,1,2005-03-27,S.C.G.,Sydney,Hawthorn,Hawthorn,Mark Williams,3,1,1,1,0,0,0
2005,1,2005-03-27,M.C.G.,Richmond,Geelong,Richmond,Joel Bowden,5,2,9,0,0,0,3
2005,1,2005-03-27,M.C.G.,Richmond,Geelong,Richmond,Nathan Brown,10,2,4,3,0,0,0
2005,1,2005-03-27,M.C.G.,Richmond,Geelong,Richmond,Wayne Campbell,9,8,12,1,0,1,2
2005,1,2005-03-27,M.C.G.,Richmond,Geelong,Richmond,Mark Chaffey,13,4,2,1,0,0,3
2005,1,2005-03-27,M.C.G.,Richmond,Geelong,Richmond,Mark Coughlan,10,4,10,0,0,0,3
2005,1,2005-03-27,M.C.G.,Richmond,Geelong,Richmond,Brett Deledio,8,6,1,0,0,0,2
2005,1,2005-03-27,M.C.G.,Richmond,Geelong,Richmond,Darren Gaspar,7,4,6,1,0,0,0
2005,1,2005-03-27,M.C.G.,Richmond,Geelong,Richmond,Mark Graham,6,4,6,1,0,0,0
2005,1,2005-03-27,M.C.G.,Richmond,Geelong,Richmond,Ray Hall,2,3,7,0,0,0,1
2005,1,2005-03-27,M.C.G.,Richmond,Geelong,Richmond,Chris Hyde,6,3,11,0,0,0,1
2005,1,2005-03-27,M.C.G.,Richmond,Geelong,Richmond,Daniel Jackson,3,2,2,0,0,0,3
2005,1,2005-03-27,M.C.G.,Richmond,Geelong,Richmond,Kane Johnson,9,3,4,0,0,0,0
2005,1,2005-03-27,M.C.G.,Richmond,Geelong,Richmond,Andrew Kellaway,3,1,9,0,0,1,2
2005,1,2005-03-27,M.C.G.,Richmond,Geelong,Richmond,Trent Knobel,0,2,5,0,0,16,0
2005,1,2005-03-27,M.C.G.,Richmond,Geelong,Richmond,Andrew Krakouer,7,0,2,1,0,0,1
2005,1,2005-03-27,M.C.G.,Richmond,Geelong,Richmond,Chris Newman,14,3,5,0,0,0,4
2005,1,2005-03-27,M.C.G.,Richmond,Geelong,Richmond,Kayne Pettifer,5,1,3,3,0,0,1
2005,1,2005-03-27,M.C.G.,Richmond,Geelong,Richmond,Matthew Richardson,11,9,2,3,2,0,1
2005,1,2005-03-27,M.C.G.,Richmond,Geelong,Richmond,Tom Roach,4,0,3,0,0,0,1
2005,1,2005-03-27,M.C.G.,Richmond,Geelong,Richmond,Troy Simmonds,5,3,3,0,0,11,1
2005,1,2005-03-27,M.C.G.,Richmond,Geelong,Richmond,Greg Tivendale,9,4,10,0,0,0,1
2005,1,2005-03-27,M.C.G.,Richmond,Geelong,Richmond,Shane Tuck,13,3,8,1,1,0,2
2005,1,2005-03-27,M.C.G.,Richmond,Geelong,Geelong,Gary Ablett,6,4,6,2,2,0,2
2005,1,2005-03-27,M.C.G.,Richmond,Geelong,Geelong,Jimmy Bartel,15,8,9,1,0,0,1
2005,1,2005-03-27,M.C.G.,Richmond,Geelong,Geelong,Shannon Byrnes,11,5,3,2,0,0,2
2005,1,2005-03-27,M.C.G.,Richmond,Geelong,Geelong,Paul Chapman,18,10,4,1,0,0,2
2005,1,2005-03-27,M.C.G.,Richmond,Geelong,Geelong,Joel Corey,16,9,8,0,0,2,2
2005,1,2005-03-27,M.C.G.,Richmond,Geelong,Geelong,Matthew Egan,3,2,1,0,0,0,0
2005,1,2005-03-27,M.C.G.,Richmond,Geelong,Geelong,Corey Enright,15,8,11,2,0,0,3
2005,1,2005-03-27,M.C.G.,Richmond,Geelong,Geelong,Josh Hunt,11,8,3,0,0,0,2
2005,1,2005-03-27,M.C.G.,Richmond,Geelong,Geelong,David Johnson,11,9,4,0,0,0,0
2005,1,2005-03-27,M.C.G.,Richmond,Geelong,Geelong,James Kelly,20,7,0,2,0,0,3
2005,1,2005-03-27,M.C.G.,Richmond,Geelong,Geelong,Steven King,9,6,3,0,0,8,2
2005,1,2005-03-27,M.C.G.,Richmond,Geelong,Geelong,Kent Kingsley,11,8,4,4,2,0,2
2005,1,2005-03-27,M.C.G.,Richmond,Geelong,Geelong,Paul Koulouriotis,8,4,2,1,0,0,0
2005,1,2005-03-27,M.C.G.,Richmond,Geelong,Geelong,Cameron Ling,20,12,11,1,0,0,1
2005,1,2005-03-27,M.C.G.,Richmond,Geelong,Geelong,Andrew Mackie,7,5,5,3,0,0,4
2005,1,2005-03-27,M.C.G.,Richmond,Geelong,Geelong,Brad Ottens,8,5,1,3,1,15,9
2005,1,2005-03-27,M.C.G.,Richmond,Geelong,Geelong,Henry Playfair,7,5,5,2,1,0,1
2005,1,2005-03-27,M.C.G.,Richmond,Geelong,Geelong,Peter Riccardi,15,8,3,1,1,0,2
2005,1,2005-03-27,M.C.G.,Richmond,Geelong,Geelong,Max Rooke,5,5,4,0,0,0,1
2005,1,2005-03-27,M.C.G.,Richmond,Geelong,Geelong,Matthew Scarlett,8,5,6,0,0,0,1
2005,1,2005-03-27,M.C.G.,Richmond,Geelong,Geelong,Kane Tenace,14,7,2,0,0,0,2
2005,1,2005-03-27,M.C.G.,Richmond,Geelong,Geelong,David Wojcinski,16,6,5,0,1,0,1
2005,1,2005-03-27,Football Park,Adelaide,West Coast,Adelaide,Nathan Bassett,7,3,12,0,0,0,2
2005,1,2005-03-27,Football Park,Adelaide,West Coast,Adelaide,James Begley,1,1,3,0,0,0,2
2005,1,2005-03-27,Football Park,Adelaide,West Coast,Adelaide,Matthew Bode,9,3,5,0,1,0,3
2005,1,2005-03-27,Football Park,Adelaide,West Coast,Adelaide,Brett Burton,14,7,5,1,1,1,0
2005,1,2005-03-27,Football Park,Adelaide,West Coast,Adelaide,Matthew Clarke,3,1,3,0,0,13,0
2005,1,2005-03-27,Football Park,Adelaide,West Coast,Adelaide,Michael Doughty,8,2,6,0,0,0,2
2005,1,2005-03-27,Football Park,Adelaide,West Coast,Adelaide,Tyson Edwards,18,5,10,1,0,0,2
2005,1,2005-03-27,Football Park,Adelaide,West Coast,Adelaide,Ben Hart,14,6,6,0,0,1,1
2005,1,2005-03-27,Football Park,Adelaide,West Coast,Adelaide,Trent Hentschel,13,7,2,0,1,1,0
2005,1,2005-03-27,Football Park,Adelaide,West Coast,Adelaide,Ben Hudson,2,1,7,0,0,13,1
2005,1,2005-03-27,Football Park,Adelaide,West Coast,Adelaide,Graham Johncock,13,6,5,0,1,0,3
2005,1,2005-03-27,Football Park,Adelaide,West Coast,Adelaide,Martin Mattner,12,6,2,0,0,1,5
2005,1,2005-03-27,Football Park,Adelaide,West Coast,Adelaide,Ken McGregor,9,4,7,0,0,0,1
2005,1,2005-03-27,Football Park,Adelaide,West Coast,Adelaide,Andrew McLeod,8,1,3,0,0,0,8
2005,1,2005-03-27,Football Park,Adelaide,West Coast,Adelaide,Ian Perrie,8,8,3,1,1,0,0
2005,1,2005-03-27,Football Park,Adelaide,West Coast,Adelaide,Brent Reilly,9,4,9,0,1,0,1
2005,1,2005-03-27,Football Park,Adelaide,West Coast,Adelaide,Mark Ricciuto,8,4,7,0,0,0,2
2005,1,2005-03-27,Football Park,Adelaide,West Coast,Adelaide,Ben Rutten,5,1,2,0,0,0,4
2005,1,2005-03-27,Football Park,Adelaide,West Coast,Adelaide,Robert Shirley,3,2,2,0,1,0,0
2005,1,2005-03-27,Football Park,Adelaide,West Coast,Adelaide,Hayden Skipworth,12,4,4,1,0,0,1
2005,1,2005-03-27,Football Park,Adelaide,West Coast,Adelaide,Mark Stevens,3,1,1,0,1,0,0
2005,1,2005-03-27,Football Park,Adelaide,West Coast,Adelaide,Scott Welsh,7,6,2,3,3,0,1
2005,1,2005-03-27,Football Park,Adelaide,West Coast,West Coast,Drew Banfield,8,2,3,0,0,0,3
2005,1,2005-03-27,Football Park,Adelaide,West Coast,West Coast,Michael Braun,13,5,7,0,0,0,0
2005,1,2005-03-27,Football Park,Adelaide,West Coast,West Coast,Sam Butler,9,6,6,0,0,0,2
2005,1,2005-03-27,Football Park,Adelaide,West Coast,West Coast,Daniel Chick,6,1,2,0,0,0,7
2005,1,2005-03-27,Football Park,Adelaide,West Coast,West Coast,Ben Cousins,18,4,10,0,0,0,1
2005,1,2005-03-27,Football Park,Adelaide,West Coast,West Coast,Dean Cox,5,5,8,1,0,16,1
2005,1,2005-03-27,Football Park,Adelaide,West Coast,West Coast,Andrew Embley,12,11,9,3,3,2,1
2005,1,2005-03-27,Football Park,Adelaide,West Coast,West Coast,Chad Fletcher,18,10,9,0,0,0,3
2005,1,2005-03-27,Football Park,Adelaide,West Coast,West Coast,Michael Gardiner,10,5,2,1,0,7,0
2005,1,2005-03-27,Football Park,Adelaide,West Coast,West Coast,Darren Glass,5,4,5,0,0,0,3
2005,1,2005-03-27,Football Park,Adelaide,West Coast,West Coast,Ashley Hansen,5,3,4,1,0,0,1
2005,1,2005-03-27,Football Park,Adelaide,West Coast,West Coast,Adam Hunter,5,4,10,1,0,0,3
2005,1,2005-03-27,Football Park,Adelaide,West Coast,West Coast,Brett Jones,6,4,4,0,0,0,0
2005,1,2005-03-27,Football Park,Adelaide,West Coast,West Coast,Chris Judd,8,1,4,0,1,0,3
2005,1,2005-03-27,Football Park,Adelaide,West Coast,West Coast,Daniel Kerr,19,8,7,0,0,0,2
2005,1,2005-03-27,Football Park,Adelaide,West Coast,West Coast,Quinten Lynch,3,2,0,0,0,0,0
2005,1,2005-03-27,Football Park,Adelaide,West Coast,West Coast,Phillip Matera,6,3,3,1,1,0,0
2005,1,2005-03-27,Football Park,Adelaide,West Coast,West Coast,Andrew McDougall,1,1,0,0,0,0,0
2005,1,2005-03-27,Football Park,Adelaide,West Coast,West Coast,Ashley Sampi,6,2,4,1,2,0,5
2005,1,2005-03-27,Football Park,Adelaide,West Coast,West Coast,Brent Staker,6,0,6,0,0,0,2
2005,1,2005-03-27,Football Park,Adelaide,West Coast,West Coast,Tyson Stenglein,10,5,4,0,0,1,2
2005,1,2005-03-27,Football Park,Adelaide,West Coast,West Coast,David Wirrpanda,15,4,7,0,0,0,2
2005,1,2005-03-28,M.C.G.,Collingwood,Western Bulldogs,Collingwood,Nathan Buckley,4,1,5,0,0,0,1
2005,1,2005-03-28,M.C.G.,Collingwood,Western Bulldogs,Collingwood,Scott Burns,8,5,7,0,1,2,0
2005,1,2005-03-28,M.C.G.,Collingwood,Western Bulldogs,Collingwood,Blake Caracella,9,4,5,2,2,0,0
2005,1,2005-03-28,M.C.G.,Collingwood,Western Bulldogs,Collingwood,James Clement,10,10,8,0,0,0,3
2005,1,2005-03-28,M.C.G.,Collingwood,Western Bulldogs,Collingwood,Richard Cole,6,7,3,0,0,0,0
2005,1,2005-03-28,M.C.G.,Collingwood,Western Bulldogs,Collingwood,Leon Davis,14,5,3,2,1,1,2
2005,1,2005-03-28,M.C.G.,Collingwood,Western Bulldogs,Collingwood,David Fanning,5,3,5,0,0,7,2
2005,1,2005-03-28,M.C.G.,Collingwood,Western Bulldogs,Collingwood,Brodie Holland,13,5,6,0,0,0,1
2005,1,2005-03-28,M.C.G.,Collingwood,Western Bulldogs,Collingwood,Ben Johnson,16,9,8,0,0,0,1
2005,1,2005-03-28,M.C.G.,Collingwood,Western Bulldogs,Collingwood,Paul Licuria,16,9,12,0,1,0,4
2005,1,2005-03-28,M.C.G.,Collingwood,Western Bulldogs,Collingwood,Tarkyn Lockyer,12,5,10,2,0,0,2
2005,1,2005-03-28,M.C.G.,Collingwood,Western Bulldogs,Collingwood,Ryan Lonie,8,5,6,0,0,0,0
2005,1,2005-03-28,M.C.G.,Collingwood,Western Bulldogs,Collingwood,Chad Morrison,17,6,6,1,0,0,1
2005,1,2005-03-28,M.C.G.,Collingwood,Western Bulldogs,Collingwood,Shane OBree,11,4,7,1,0,0,5
2005,1,2005-03-28,M.C.G.,Collingwood,Western Bulldogs,Collingwood,Simon Prestigiacomo,3,4,3,0,0,0,0
2005,1,2005-03-28,M.C.G.,Collingwood,Western Bulldogs,Collingwood,Anthony Rocca,9,3,3,1,1,1,2
2005,1,2005-03-28,M.C.G.,Collingwood,Western Bulldogs,Collingwood,Rhyce Shaw,13,5,13,0,0,0,0
2005,1,2005-03-28,M.C.G.,Collingwood,Western Bulldogs,Collingwood,Chris Tarrant,6,5,3,1,2,0,0
2005,1,2005-03-28,M.C.G.,Collingwood,Western Bulldogs,Collingwood,Shane Wakelin,7,4,5,0,0,1,0
2005,1,2005-03-28,M.C.G.,Collingwood,Western Bulldogs,Collingwood,Tristen Walker,4,3,3,1,0,7,1
2005,1,2005-03-28,M.C.G.,Collingwood,Western Bulldogs,Collingwood,Andrew Williams,11,5,4,0,0,0,0
2005,1,2005-03-28,M.C.G.,Collingwood,Western Bulldogs,Collingwood,Shane Woewodin,9,6,9,0,0,2,3
2005,1,2005-03-28,M.C.G.,Collingwood,Western Bulldogs,Western Bulldogs,Daniel Bandy,5,4,4,0,0,4,2
2005,1,2005-03-28,M.C.G.,Collingwood,Western Bulldogs,Western Bulldogs,Shane Birss,11,9,3,2,1,0,1
2005,1,2005-03-28,M.C.G.,Collingwood,Western Bulldogs,Western Bulldogs,Patrick Bowden,11,9,9,1,0,0,0
2005,1,2005-03-28,M.C.G.,Collingwood,Western Bulldogs,Western Bulldogs,Matthew Boyd,4,4,5,0,0,0,2
2005,1,2005-03-28,M.C.G.,Collingwood,Western Bulldogs,Western Bulldogs,Adam Cooney,17,3,7,2,3,0,2
2005,1,2005-03-28,M.C.G.,Collingwood,Western Bulldogs,Western Bulldogs,Daniel Cross,8,9,16,0,0,0,5
2005,1,2005-03-28,M.C.G.,Collingwood,Western Bulldogs,Western Bulldogs,Luke Darcy,11,8,3,3,0,29,0
2005,1,2005-03-28,M.C.G.,Collingwood,Western Bulldogs,Western Bulldogs,Nathan Eagleton,10,5,3,1,3,1,0
2005,1,2005-03-28,M.C.G.,Collingwood,Western Bulldogs,Western Bulldogs,Cameron Faulkner,3,0,4,0,1,0,0
2005,1,2005-03-28,M.C.G.,Collingwood,Western Bulldogs,Western Bulldogs,Daniel Giansiracusa,16,6,7,0,0,0,1
2005,1,2005-03-28,M.C.G.,Collingwood,Western Bulldogs,Western Bulldogs,Lindsay Gilbee,17,7,8,1,0,0,4
2005,1,2005-03-28,M.C.G.,Collingwood,Western Bulldogs,Western Bulldogs,Chris Grant,8,5,4,0,0,0,1
2005,1,2005-03-28,M.C.G.,Collingwood,Western Bulldogs,Western Bulldogs,Mitch Hahn,11,4,4,2,0,0,1
2005,1,2005-03-28,M.C.G.,Collingwood,Western Bulldogs,Western Bulldogs,Ryan Hargrave,6,2,6,0,0,0,1
2005,1,2005-03-28,M.C.G.,Collingwood,Western Bulldogs,Western Bulldogs,Brad Johnson,18,9,5,2,1,1,2
2005,1,2005-03-28,M.C.G.,Collingwood,Western Bulldogs,Western Bulldogs,Brian Lake,5,6,4,0,0,1,1
2005,1,2005-03-28,M.C.G.,Collingwood,Western Bulldogs,Western Bulldogs,Jordan McMahon,12,3,6,0,0,0,2
2005,1,2005-03-28,M.C.G.,Collingwood,Western Bulldogs,Western Bulldogs,Robert Murphy,19,10,1,1,0,0,3
2005,1,2005-03-28,M.C.G.,Collingwood,Western Bulldogs,Western Bulldogs,Jade Rawlings,4,5,1,0,0,0,0
2005,1,2005-03-28,M.C.G.,Collingwood,Western Bulldogs,Western Bulldogs,Farren Ray,8,7,3,1,0,0,1
2005,1,2005-03-28,M.C.G.,Collingwood,Western Bulldogs,Western Bulldogs,Rohan Smith,12,7,6,0,1,0,3
2005,1,2005-03-28,M.C.G.,Collingwood,Western Bulldogs,Western Bulldogs,Scott West,9,6,11,0,0,0,2
2005,2,2005-04-01,M.C.G.,Carlton,Essendon,Carlton,Eddie Betts,7,1,1,3,2,0,3
2005,2,2005-04-01,M.C.G.,Carlton,Essendon,Carlton,Scott Camporeale,17,1,4,1,0,0,1
2005,2,2005-04-01,M.C.G.,Carlton,Essendon,Carlton,Andrew Carrazzo,15,7,6,0,0,0,6
2005,2,2005-04-01,M.C.G.,Carlton,Essendon,Carlton,Justin Davies,6,4,8,1,3,0,3
2005,2,2005-04-01,M.C.G.,Carlton,Essendon,Carlton,Adrian De Luca,8,5,5,3,0,8,2
2005,2,2005-04-01,M.C.G.,Carlton,Essendon,Carlton,Brendan Fevola,11,5,5,2,1,0,4
2005,2,2005-04-01,M.C.G.,Carlton,Essendon,Carlton,Barnaby French,5,6,12,0,0,28,3
2005,2,2005-04-01,M.C.G.,Carlton,Essendon,Carlton,Ryan Houlihan,1,0,5,0,0,0,5
2005,2,2005-04-01,M.C.G.,Carlton,Essendon,Carlton,Anthony Koutoufides,12,3,8,1,0,2,4
2005,2,2005-04-01,M.C.G.,Carlton,Essendon,Carlton,Matthew Lappin,11,3,5,1,0,0,6
2005,2,2005-04-01,M.C.G.,Carlton,Essendon,Carlton,Cory McGrath,10,2,3,0,0,0,1
2005,2,2005-04-01,M.C.G.,Carlton,Essendon,Carlton,Digby Morrell,3,3,1,0,0,0,0
2005,2,2005-04-01,M.C.G.,Carlton,Essendon,Carlton,Karl Norman,3,1,1,0,0,1,3
2005,2,2005-04-01,M.C.G.,Carlton,Essendon,Carlton,Ian Prendergast,2,2,3,0,0,6,2
2005,2,2005-04-01,M.C.G.,Carlton,Essendon,Carlton,Heath Scotland,15,5,6,0,1,0,5
2005,2,2005-04-01,M.C.G.,Carlton,Essendon,Carlton,Kade Simpson,0,1,2,0,0,0,0
2005,2,2005-04-01,M.C.G.,Carlton,Essendon,Carlton,Trent Sporn,4,3,2,0,0,0,0
2005,2,2005-04-01,M.C.G.,Carlton,Essendon,Carlton,Nick Stevens,17,1,9,0,0,0,2
2005,2,2005-04-01,M.C.G.,Carlton,Essendon,Carlton,David Teague,6,2,6,0,1,0,6
2005,2,2005-04-01,M.C.G.,Carlton,Essendon,Carlton,Jarrad Waite,9,3,2,0,1,0,0
2005,2,2005-04-01,M.C.G.,Carlton,Essendon,Carlton,Lance Whitnall,14,7,4,4,4,2,1
2005,2,2005-04-01,M.C.G.,Carlton,Essendon,Carlton,Simon Wiggins,4,4,3,0,0,0,2
2005,2,2005-04-01,M.C.G.,Carlton,Essendon,Essendon,Mark Alvey,3,2,2,0,0,0,1
2005,2,2005-04-01,M.C.G.,Carlton,Essendon,Essendon,Mark Bolton,10,8,6,1,0,0,9
2005,2,2005-04-01,M.C.G.,Carlton,Essendon,Essendon,Kepler Bradley,14,11,2,1,0,0,1
2005,2,2005-04-01,M.C.G.,Carlton,Essendon,Essendon,Tristan Cartledge,2,1,2,0,0,7,0
2005,2,2005-04-01,M.C.G.,Carlton,Essendon,Essendon,Damian Cupido,5,3,3,1,1,0,0
2005,2,2005-04-01,M.C.G.,Carlton,Essendon,Essendon,Dustin Fletcher,17,8,3,0,0,1,0
2005,2,2005-04-01,M.C.G.,Carlton,Essendon,Essendon,Aaron Henneman,3,3,3,0,0,15,4
2005,2,2005-04-01,M.C.G.,Carlton,Essendon,Essendon,James Hird,9,5,2,0,0,1,2
2005,2,2005-04-01,M.C.G.,Carlton,Essendon,Essendon,Jason Johnson,18,9,7,1,0,1,3
2005,2,2005-04-01,M.C.G.,Carlton,Essendon,Essendon,Mark Johnson,16,2,7,3,1,0,0
2005,2,2005-04-01,M.C.G.,Carlton,Essendon,Essendon,Nathan Lovett-Murray,3,0,3,0,1,0,0
2005,2,2005-04-01,M.C.G.,Carlton,Essendon,Essendon,Scott Lucas,17,11,3,6,1,1,2
2005,2,2005-04-01,M.C.G.,Carlton,Essendon,Essendon,Adam McPhee,12,6,7,1,0,0,1
2005,2,2005-04-01,M.C.G.,Carlton,Essendon,Essendon,Mark McVeigh,4,2,5,1,0,0,5
2005,2,2005-04-01,M.C.G.,Carlton,Essendon,Essendon,Angus Monfries,3,1,3,1,0,0,2
2005,2,2005-04-01,M.C.G.,Carlton,Essendon,Essendon,Justin Murphy,5,5,5,0,0,0,4
2005,2,2005-04-01,M.C.G.,Carlton,Essendon,Essendon,Damien Peverill,17,9,8,1,0,0,1
2005,2,2005-04-01,M.C.G.,Carlton,Essendon,Essendon,Adam Ramanauskas,8,6,8,0,0,0,2
2005,2,2005-04-01,M.C.G.,Carlton,Essendon,Essendon,Dean Solomon,13,9,2,0,0,0,3
2005,2,2005-04-01,M.C.G.,Carlton,Essendon,Essendon,Andrew Welsh,21,11,9,0,0,0,1
2005,2,2005-04-01,M.C.G.,Carlton,Essendon,Essendon,Jason Winderlich,1,0,2,0,0,0,1
2005,2,2005-04-01,M.C.G.,Carlton,Essendon,Essendon,Ty Zantuck,6,3,5,0,0,0,1
2005,2,2005-04-02,Docklands,Western Bulldogs,Melbourne,Western Bulldogs,Daniel Bandy,5,5,6,0,2,4,1
2005,2,2005-04-02,Docklands,Western Bulldogs,Melbourne,Western Bulldogs,Shane Birss,10,5,6,0,0,0,0
2005,2,2005-04-02,Docklands,Western Bulldogs,Melbourne,Western Bulldogs,Patrick Bowden,12,10,9,1,1,1,1
2005,2,2005-04-02,Docklands,Western Bulldogs,Melbourne,Western Bulldogs,Matthew Boyd,3,2,6,0,0,0,1
2005,2,2005-04-02,Docklands,Western Bulldogs,Melbourne,Western Bulldogs,Adam Cooney,13,5,6,4,0,0,0
2005,2,2005-04-02,Docklands,Western Bulldogs,Melbourne,Western Bulldogs,Daniel Cross,6,3,15,0,0,4,4
2005,2,2005-04-02,Docklands,Western Bulldogs,Melbourne,Western Bulldogs,Luke Darcy,7,4,11,0,1,14,2
2005,2,2005-04-02,Docklands,Western Bulldogs,Melbourne,Western Bulldogs,Nathan Eagleton,9,6,13,0,0,0,2
2005,2,2005-04-02,Docklands,Western Bulldogs,Melbourne,Western Bulldogs,Cameron Faulkner,3,2,2,1,1,0,2
2005,2,2005-04-02,Docklands,Western Bulldogs,Melbourne,Western Bulldogs,Daniel Giansiracusa,13,5,6,0,2,0,1
2005,2,2005-04-02,Docklands,Western Bulldogs,Melbourne,Western Bulldogs,Lindsay Gilbee,16,4,1,3,1,0,2
2005,2,2005-04-02,Docklands,Western Bulldogs,Melbourne,Western Bulldogs,Mitch Hahn,8,0,1,1,2,0,1
2005,2,2005-04-02,Docklands,Western Bulldogs,Melbourne,Western Bulldogs,Ryan Hargrave,7,5,8,0,0,0,0
2005,2,2005-04-02,Docklands,Western Bulldogs,Melbourne,Western Bulldogs,Ben Harrison,10,5,7,0,0,0,0
2005,2,2005-04-02,Docklands,Western Bulldogs,Melbourne,Western Bulldogs,Brad Johnson,17,10,6,3,3,0,0
2005,2,2005-04-02,Docklands,Western Bulldogs,Melbourne,Western Bulldogs,Brian Lake,8,6,1,1,0,0,0
2005,2,2005-04-02,Docklands,Western Bulldogs,Melbourne,Western Bulldogs,Robert Murphy,10,6,1,0,2,0,2
2005,2,2005-04-02,Docklands,Western Bulldogs,Melbourne,Western Bulldogs,Sam Power,5,2,6,0,0,0,3
2005,2,2005-04-02,Docklands,Western Bulldogs,Melbourne,Western Bulldogs,Jade Rawlings,13,6,3,0,1,0,0
2005,2,2005-04-02,Docklands,Western Bulldogs,Melbourne,Western Bulldogs,Farren Ray,1,0,0,1,0,0,1
2005,2,2005-04-02,Docklands,Western Bulldogs,Melbourne,Western Bulldogs,Rohan Smith,14,5,4,0,2,0,1
2005,2,2005-04-02,Docklands,Western Bulldogs,Melbourne,Western Bulldogs,Scott West,12,3,18,0,0,0,3
2005,2,2005-04-02,Docklands,Western Bulldogs,Melbourne,Melbourne,Daniel Bell,8,6,1,0,0,0,1
2005,2,2005-04-02,Docklands,Western Bulldogs,Melbourne,Melbourne,Clint Bizzell,11,5,6,0,0,0,2
2005,2,2005-04-02,Docklands,Western Bulldogs,Melbourne,Melbourne,Nathan Brown,9,4,7,0,0,0,0
2005,2,2005-04-02,Docklands,Western Bulldogs,Melbourne,Melbourne,Cameron Bruce,16,8,8,5,2,0,3
2005,2,2005-04-02,Docklands,Western Bulldogs,Melbourne,Melbourne,Aaron Davey,13,3,1,4,2,0,2
2005,2,2005-04-02,Docklands,Western Bulldogs,Melbourne,Melbourne,Ryan Ferguson,4,2,2,1,0,0,0
2005,2,2005-04-02,Docklands,Western Bulldogs,Melbourne,Melbourne,Brad Green,18,13,9,1,0,0,1
2005,2,2005-04-02,Docklands,Western Bulldogs,Melbourne,Melbourne,Travis Johnstone,18,9,7,0,0,0,2
2005,2,2005-04-02,Docklands,Western Bulldogs,Melbourne,Melbourne,James McDonald,9,1,6,0,1,0,3
2005,2,2005-04-02,Docklands,Western Bulldogs,Melbourne,Melbourne,Brock McLean,10,2,11,0,0,0,3
2005,2,2005-04-02,Docklands,Western Bulldogs,Melbourne,Melbourne,Brad Miller,2,4,6,0,0,2,2
2005,2,2005-04-02,Docklands,Western Bulldogs,Melbourne,Melbourne,Brent Moloney,10,1,3,0,0,0,2
2005,2,2005-04-02,Docklands,Western Bulldogs,Melbourne,Melbourne,David Neitz,6,3,1,1,4,0,1
2005,2,2005-04-02,Docklands,Western Bulldogs,Melbourne,Melbourne,Alistair Nicholson,0,0,0,0,0,1,1
2005,2,2005-04-02,Docklands,Western Bulldogs,Melbourne,Melbourne,Guy Rigoni,8,3,7,0,0,0,1
2005,2,2005-04-02,Docklands,Western Bulldogs,Melbourne,Melbourne,Jared Rivers,8,6,1,0,0,0,3
2005,2,2005-04-02,Docklands,Western Bulldogs,Melbourne,Melbourne,Russell Robertson,9,6,2,4,2,0,1
2005,2,2005-04-02,Docklands,Western Bulldogs,Melbourne,Melbourne,Colin Sylvia,11,7,4,0,1,0,0
2005,2,2005-04-02,Docklands,Western Bulldogs,Melbourne,Melbourne,Paul Wheatley,8,4,5,0,0,0,1
2005,2,2005-04-02,Docklands,Western Bulldogs,Melbourne,Melbourne,Matthew Whelan,6,2,2,0,0,0,6
2005,2,2005-04-02,Docklands,Western Bulldogs,Melbourne,Melbourne,Jeff White,8,8,9,0,0,32,4
2005,2,2005-04-02,Docklands,Western Bulldogs,Melbourne,Melbourne,Adem Yze,17,7,2,4,2,0,1
2005,2,2005-04-02,Manuka Oval,Kangaroos,Sydney,Kangaroos,Glenn Archer,19,10,5,0,0,0,1
2005,2,2005-04-02,Manuka Oval,Kangaroos,Sydney,Kangaroos,Leigh Brown,9,6,3,0,0,0,0
2005,2,2005-04-02,Manuka Oval,Kangaroos,Sydney,Kangaroos,Leigh Colbert,11,13,9,0,0,0,2
2005,2,2005-04-02,Manuka Oval,Kangaroos,Sydney,Kangaroos,Michael Firrito,4,1,1,0,0,1,3
2005,2,2005-04-02,Manuka Oval,Kangaroos,Sydney,Kangaroos,Shannon Grant,12,6,3,3,2,0,0
2005,2,2005-04-02,Manuka Oval,Kangaroos,Sydney,Kangaroos,David Hale,6,3,3,1,0,10,4
2005,2,2005-04-02,Manuka Oval,Kangaroos,Sydney,Kangaroos,Daniel Harris,6,2,5,1,0,0,3
2005,2,2005-04-02,Manuka Oval,Kangaroos,Sydney,Kangaroos,Brent Harvey,13,6,10,0,1,0,5
2005,2,2005-04-02,Manuka Oval,Kangaroos,Sydney,Kangaroos,Corey Jones,7,4,2,1,1,0,1
2005,2,2005-04-02,Manuka Oval,Kangaroos,Sydney,Kangaroos,Troy Makepeace,12,4,2,0,0,0,0
2005,2,2005-04-02,Manuka Oval,Kangaroos,Sydney,Kangaroos,Drew Petrie,4,2,0,0,0,2,0
2005,2,2005-04-02,Manuka Oval,Kangaroos,Sydney,Kangaroos,Lance Picioane,13,5,6,0,3,0,3
2005,2,2005-04-02,Manuka Oval,Kangaroos,Sydney,Kangaroos,Daniel Pratt,4,2,2,0,0,0,1
2005,2,2005-04-02,Manuka Oval,Kangaroos,Sydney,Kangaroos,Brady Rawlings,8,3,11,0,0,0,1
2005,2,2005-04-02,Manuka Oval,Kangaroos,Sydney,Kangaroos,Saverio Rocca,7,5,1,2,2,0,1
2005,2,2005-04-02,Manuka Oval,Kangaroos,Sydney,Kangaroos,Eddie Sansbury,5,3,2,1,0,0,6
2005,2,2005-04-02,Manuka Oval,Kangaroos,Sydney,Kangaroos,Adam Simpson,13,3,4,0,0,3,4
2005,2,2005-04-02,Manuka Oval,Kangaroos,Sydney,Kangaroos,Jess Sinclair,17,9,1,0,0,0,4
2005,2,2005-04-02,Manuka Oval,Kangaroos,Sydney,Kangaroos,Michael Stevens,10,5,2,3,0,1,0
2005,2,2005-04-02,Manuka Oval,Kangaroos,Sydney,Kangaroos,Nathan Thompson,5,3,1,0,0,4,1
2005,2,2005-04-02,Manuka Oval,Kangaroos,Sydney,Kangaroos,Shannon Watt,7,3,3,0,0,1,1
2005,2,2005-04-02,Manuka Oval,Kangaroos,Sydney,Kangaroos,Daniel Wells,6,3,4,0,0,0,2
2005,2,2005-04-02,Manuka Oval,Kangaroos,Sydney,Sydney,Luke Ablett,5,2,8,0,0,0,0
2005,2,2005-04-02,Manuka Oval,Kangaroos,Sydney,Sydney,Jason Ball,3,2,3,0,1,14,2
2005,2,2005-04-02,Manuka Oval,Kangaroos,Sydney,Sydney,Leo Barry,9,5,5,0,0,0,1
2005,2,2005-04-02,Manuka Oval,Kangaroos,Sydney,Sydney,Paul Bevan,7,3,2,1,0,0,2
2005,2,2005-04-02,Manuka Oval,Kangaroos,Sydney,Sydney,Craig Bolton,18,9,7,0,0,0,0
2005,2,2005-04-02,Manuka Oval,Kangaroos,Sydney,Sydney,Jude Bolton,7,2,12,0,0,1,4
2005,2,2005-04-02,Manuka Oval,Kangaroos,Sydney,Sydney,Amon Buchanan,7,5,8,1,2,0,3
2005,2,2005-04-02,Manuka Oval,Kangaroos,Sydney,Sydney,Jared Crouch,2,0,10,1,0,0,1
2005,2,2005-04-02,Manuka Oval,Kangaroos,Sydney,Sydney,Nick Davis,8,7,2,1,2,0,0
2005,2,2005-04-02,Manuka Oval,Kangaroos,Sydney,Sydney,Adam Goodes,10,5,2,0,1,2,1
2005,2,2005-04-02,Manuka Oval,Kangaroos,Sydney,Sydney,Barry Hall,13,10,0,1,3,0,0
2005,2,2005-04-02,Manuka Oval,Kangaroos,Sydney,Sydney,Darren Jolly,2,1,1,1,1,19,0
2005,2,2005-04-02,Manuka Oval,Kangaroos,Sydney,Sydney,Tadhg Kennelly,5,2,3,0,0,0,0
2005,2,2005-04-02,Manuka Oval,Kangaroos,Sydney,Sydney,Brett Kirk,8,1,13,1,0,0,1
2005,2,2005-04-02,Manuka Oval,Kangaroos,Sydney,Sydney,Ben Mathews,7,4,6,0,0,0,0
2005,2,2005-04-02,Manuka Oval,Kangaroos,Sydney,Sydney,Stuart Maxfield,7,1,1,0,0,0,1
2005,2,2005-04-02,Manuka Oval,Kangaroos,Sydney,Sydney,Jarrad McVeigh,7,4,4,0,0,0,1
2005,2,2005-04-02,Manuka Oval,Kangaroos,Sydney,Sydney,Matthew Nicks,10,6,8,0,1,0,2
2005,2,2005-04-02,Manuka Oval,Kangaroos,Sydney,Sydney,Ryan OKeefe,4,2,0,0,1,0,0
2005,2,2005-04-02,Manuka Oval,Kangaroos,Sydney,Sydney,Lewis Roberts-Thomson,4,4,4,0,0,0,0
2005,2,2005-04-02,Manuka Oval,Kangaroos,Sydney,Sydney,Adam Schneider,7,4,4,0,2,0,3
2005,2,2005-04-02,Manuka Oval,Kangaroos,Sydney,Sydney,Paul Williams,8,2,8,0,1,0,1
2005,2,2005-04-02,Subiaco,West Coast,Geelong,West Coast,Drew Banfield,5,2,5,0,0,0,3
2005,2,2005-04-02,Subiaco,West Coast,Geelong,West Coast,Michael Braun,10,7,6,1,0,0,2
2005,2,2005-04-02,Subiaco,West Coast,Geelong,West Coast,Sam Butler,5,1,4,0,0,0,0
2005,2,2005-04-02,Subiaco,West Coast,Geelong,West Coast,Daniel Chick,6,4,10,0,0,0,3
2005,2,2005-04-02,Subiaco,West Coast,Geelong,West Coast,Dean Cox,13,7,3,1,0,24,1
2005,2,2005-04-02,Subiaco,West Coast,Geelong,West Coast,Andrew Embley,16,8,6,3,1,0,2
2005,2,2005-04-02,Subiaco,West Coast,Geelong,West Coast,Chad Fletcher,17,11,7,0,0,0,2
2005,2,2005-04-02,Subiaco,West Coast,Geelong,West Coast,Michael Gardiner,3,3,0,0,0,1,0
2005,2,2005-04-02,Subiaco,West Coast,Geelong,West Coast,Darren Glass,4,5,6,1,0,0,2
2005,2,2005-04-02,Subiaco,West Coast,Geelong,West Coast,Ashley Hansen,11,11,9,4,1,0,0
2005,2,2005-04-02,Subiaco,West Coast,Geelong,West Coast,Adam Hunter,11,8,6,0,0,0,4
2005,2,2005-04-02,Subiaco,West Coast,Geelong,West Coast,Brett Jones,8,4,4,0,0,0,3
2005,2,2005-04-02,Subiaco,West Coast,Geelong,West Coast,Chris Judd,14,6,5,0,3,0,1
2005,2,2005-04-02,Subiaco,West Coast,Geelong,West Coast,Daniel Kerr,9,5,3,0,2,0,1
2005,2,2005-04-02,Subiaco,West Coast,Geelong,West Coast,Quinten Lynch,7,4,1,1,0,11,3
2005,2,2005-04-02,Subiaco,West Coast,Geelong,West Coast,Phillip Matera,2,0,1,0,0,0,2
2005,2,2005-04-02,Subiaco,West Coast,Geelong,West Coast,Mark Nicoski,11,4,6,0,0,0,0
2005,2,2005-04-02,Subiaco,West Coast,Geelong,West Coast,Ashley Sampi,6,3,2,1,1,0,1
2005,2,2005-04-02,Subiaco,West Coast,Geelong,West Coast,Adam Selwood,10,5,4,0,0,0,1
2005,2,2005-04-02,Subiaco,West Coast,Geelong,West Coast,Brent Staker,8,5,3,0,1,0,0
2005,2,2005-04-02,Subiaco,West Coast,Geelong,West Coast,Tyson Stenglein,18,7,3,0,0,0,2
2005,2,2005-04-02,Subiaco,West Coast,Geelong,West Coast,David Wirrpanda,16,4,4,0,0,0,5
2005,2,2005-04-02,Subiaco,West Coast,Geelong,Geelong,Gary Ablett,10,4,7,0,2,0,2
2005,2,2005-04-02,Subiaco,West Coast,Geelong,Geelong,Jimmy Bartel,11,3,10,1,0,0,4
2005,2,2005-04-02,Subiaco,West Coast,Geelong,Geelong,Shannon Byrnes,14,6,10,2,0,0,1
2005,2,2005-04-02,Subiaco,West Coast,Geelong,Geelong,Paul Chapman,9,5,6,1,0,0,2
2005,2,2005-04-02,Subiaco,West Coast,Geelong,Geelong,Joel Corey,8,2,14,0,0,1,3
2005,2,2005-04-02,Subiaco,West Coast,Geelong,Geelong,Matthew Egan,1,2,2,0,0,0,0
2005,2,2005-04-02,Subiaco,West Coast,Geelong,Geelong,Corey Enright,10,2,8,0,0,0,0
2005,2,2005-04-02,Subiaco,West Coast,Geelong,Geelong,Tom Harley,5,6,4,0,0,0,1
2005,2,2005-04-02,Subiaco,West Coast,Geelong,Geelong,Josh Hunt,14,7,2,0,0,0,2
2005,2,2005-04-02,Subiaco,West Coast,Geelong,Geelong,David Johnson,12,8,10,0,0,0,1
2005,2,2005-04-02,Subiaco,West Coast,Geelong,Geelong,James Kelly,10,3,1,0,0,0,3
2005,2,2005-04-02,Subiaco,West Coast,Geelong,Geelong,Steven King,6,5,5,0,0,7,1
2005,2,2005-04-02,Subiaco,West Coast,Geelong,Geelong,Kent Kingsley,10,5,9,2,3,0,0
2005,2,2005-04-02,Subiaco,West Coast,Geelong,Geelong,Cameron Ling,16,7,6,1,1,0,1
2005,2,2005-04-02,Subiaco,West Coast,Geelong,Geelong,Andrew Mackie,3,0,3,0,0,0,1
2005,2,2005-04-02,Subiaco,West Coast,Geelong,Geelong,Darren Milburn,10,4,7,0,1,0,3
2005,2,2005-04-02,Subiaco,West Coast,Geelong,Geelong,Brad Ottens,5,5,4,0,2,15,3
2005,2,2005-04-02,Subiaco,West Coast,Geelong,Geelong,Henry Playfair,7,1,6,0,1,0,3
2005,2,2005-04-02,Subiaco,West Coast,Geelong,Geelong,Max Rooke,6,3,4,1,0,0,2
2005,2,2005-04-02,Subiaco,West Coast,Geelong,Geelong,Matthew Scarlett,11,5,7,0,0,0,1
2005,2,2005-04-02,Subiaco,West Coast,Geelong,Geelong,Kane Tenace,14,5,6,0,0,0,0
2005,2,2005-04-02,Subiaco,West Coast,Geelong,Geelong,David Wojcinski,5,1,3,0,1,0,5
2005,2,2005-04-02,Football Park,Port Adelaide,Brisbane Lions,Port Adelaide,Dean Brogan,5,1,4,0,0,8,0
2005,2,2005-04-02,Football Park,Port Adelaide,Brisbane Lions,Port Adelaide,Domenic Cassisi,7,2,10,0,0,0,3
2005,2,2005-04-02,Football Park,Port Adelaide,Brisbane Lions,Port Adelaide,Troy Chaplin,4,2,3,0,0,0,0
2005,2,2005-04-02,Football Park,Port Adelaide,Brisbane Lions,Port Adelaide,Stuart Cochrane,7,3,3,0,1,0,4
2005,2,2005-04-02,Football Park,Port Adelaide,Brisbane Lions,Port Adelaide,Chad Cornes,22,7,1,0,0,1,3
2005,2,2005-04-02,Football Park,Port Adelaide,Brisbane Lions,Port Adelaide,Kane Cornes,16,8,2,1,2,0,1
2005,2,2005-04-02,Football Park,Port Adelaide,Brisbane Lions,Port Adelaide,Stuart Dew,9,2,7,0,0,0,3
2005,2,2005-04-02,Football Park,Port Adelaide,Brisbane Lions,Port Adelaide,Brett Ebert,8,5,6,0,1,0,0
2005,2,2005-04-02,Football Park,Port Adelaide,Brisbane Lions,Port Adelaide,Josh Francou,9,5,8,0,0,0,1
2005,2,2005-04-02,Football Park,Port Adelaide,Brisbane Lions,Port Adelaide,Roger James,8,6,7,1,1,0,2
2005,2,2005-04-02,Football Park,Port Adelaide,Brisbane Lions,Port Adelaide,Adam Kingsley,16,9,9,0,0,0,4
2005,2,2005-04-02,Football Park,Port Adelaide,Brisbane Lions,Port Adelaide,Brendon Lade,6,4,4,3,1,10,0
2005,2,2005-04-02,Football Park,Port Adelaide,Brisbane Lions,Port Adelaide,Brett Montgomery,4,7,8,0,0,1,2
2005,2,2005-04-02,Football Park,Port Adelaide,Brisbane Lions,Port Adelaide,Michael Pettigrew,6,2,4,0,0,0,5
2005,2,2005-04-02,Football Park,Port Adelaide,Brisbane Lions,Port Adelaide,Matthew Primus,8,5,8,0,0,21,3
2005,2,2005-04-02,Football Park,Port Adelaide,Brisbane Lions,Port Adelaide,Aaron Shattock,17,10,6,0,0,0,0
2005,2,2005-04-02,Football Park,Port Adelaide,Brisbane Lions,Port Adelaide,Jacob Surjan,0,0,0,0,0,0,1
2005,2,2005-04-02,Football Park,Port Adelaide,Brisbane Lions,Port Adelaide,Warren Tredrea,8,6,4,5,0,0,2
2005,2,2005-04-02,Football Park,Port Adelaide,Brisbane Lions,Port Adelaide,Darryl Wakelin,5,3,1,0,0,0,2
2005,2,2005-04-02,Football Park,Port Adelaide,Brisbane Lions,Port Adelaide,Peter Walsh,13,2,6,0,0,0,3
2005,2,2005-04-02,Football Park,Port Adelaide,Brisbane Lions,Port Adelaide,Gavin Wanganeen,15,6,4,0,0,0,1
2005,2,2005-04-02,Football Park,Port Adelaide,Brisbane Lions,Port Adelaide,Damon White,14,7,3,1,1,0,3
2005,2,2005-04-02,Football Park,Port Adelaide,Brisbane Lions,Brisbane Lions,Jed Adcock,7,4,8,0,0,0,4
2005,2,2005-04-02,Football Park,Port Adelaide,Brisbane Lions,Brisbane Lions,Jason Akermanis,5,0,6,1,0,0,7
2005,2,2005-04-02,Football Park,Port Adelaide,Brisbane Lions,Brisbane Lions,Daniel Bradshaw,6,5,3,3,0,1,1
2005,2,2005-04-02,Football Park,Port Adelaide,Brisbane Lions,Brisbane Lions,Robert Copeland,6,3,2,2,0,0,8
2005,2,2005-04-02,Football Park,Port Adelaide,Brisbane Lions,Brisbane Lions,Anthony Corrie,9,7,7,0,0,0,3
2005,2,2005-04-02,Football Park,Port Adelaide,Brisbane Lions,Brisbane Lions,Chris Johnson,13,4,5,0,0,0,2
2005,2,2005-04-02,Football Park,Port Adelaide,Brisbane Lions,Brisbane Lions,Clark Keating,6,2,3,1,0,7,1
2005,2,2005-04-02,Football Park,Port Adelaide,Brisbane Lions,Brisbane Lions,Nigel Lappin,9,3,7,0,0,0,2
2005,2,2005-04-02,Football Park,Port Adelaide,Brisbane Lions,Brisbane Lions,Justin Leppitsch,12,4,7,0,0,0,3
2005,2,2005-04-02,Football Park,Port Adelaide,Brisbane Lions,Brisbane Lions,Tom Logan,8,1,1,0,0,0,1
2005,2,2005-04-02,Football Park,Port Adelaide,Brisbane Lions,Brisbane Lions,Joel Macdonald,4,2,10,0,0,0,2
2005,2,2005-04-02,Football Park,Port Adelaide,Brisbane Lions,Brisbane Lions,Ashley McGrath,4,0,3,0,0,0,3
2005,2,2005-04-02,Football Park,Port Adelaide,Brisbane Lions,Brisbane Lions,Dylan McLaren,4,1,3,0,0,5,1
2005,2,2005-04-02,Football Park,Port Adelaide,Brisbane Lions,Brisbane Lions,Daniel Merrett,4,1,0,1,1,6,1
2005,2,2005-04-02,Football Park,Port Adelaide,Brisbane Lions,Brisbane Lions,Mal Michael,7,5,3,0,0,1,1
2005,2,2005-04-02,Football Park,Port Adelaide,Brisbane Lions,Brisbane Lions,Tim Notting,6,2,9,1,0,1,1
2005,2,2005-04-02,Football Park,Port Adelaide,Brisbane Lions,Brisbane Lions,Martin Pike,11,4,7,0,1,0,0
2005,2,2005-04-02,Football Park,Port Adelaide,Brisbane Lions,Brisbane Lions,Luke Power,14,4,8,2,1,0,6
2005,2,2005-04-02,Football Park,Port Adelaide,Brisbane Lions,Brisbane Lions,Chris Scott,11,4,4,0,1,0,3
2005,2,2005-04-02,Football Park,Port Adelaide,Brisbane Lions,Brisbane Lions,Troy Selwood,6,2,3,0,2,0,2
2005,2,2005-04-02,Football Park,Port Adelaide,Brisbane Lions,Brisbane Lions,Michael Voss,9,3,3,0,0,0,1
2005,2,2005-04-02,Football Park,Port Adelaide,Brisbane Lions,Brisbane Lions,Darryl White,11,1,1,0,0,0,3
2005,2,2005-04-03,York Park,St Kilda,Fremantle,St Kilda,Cain Ackland,5,5,6,0,0,15,2
2005,2,2005-04-03,York Park,St Kilda,Fremantle,St Kilda,Steven Baker,9,4,2,0,0,0,1
2005,2,2005-04-03,York Park,St Kilda,Fremantle,St Kilda,Luke Ball,9,2,13,0,1,0,4
2005,2,2005-04-03,York Park,St Kilda,Fremantle,St Kilda,Nick Dal Santo,9,5,10,0,0,1,4
2005,2,2005-04-03,York Park,St Kilda,Fremantle,St Kilda,Aaron Fiora,5,1,3,0,0,0,0
2005,2,2005-04-03,York Park,St Kilda,Fremantle,St Kilda,Sam Fisher,6,2,5,0,0,1,1
2005,2,2005-04-03,York Park,St Kilda,Fremantle,St Kilda,Fraser Gehrig,6,3,4,1,3,0,0
2005,2,2005-04-03,York Park,St Kilda,Fremantle,St Kilda,Brendon Goddard,5,3,6,0,1,1,5
2005,2,2005-04-03,York Park,St Kilda,Fremantle,St Kilda,Aaron Hamill,15,7,5,2,2,0,4
2005,2,2005-04-03,York Park,St Kilda,Fremantle,St Kilda,Robert Harvey,15,5,11,0,0,0,2
2005,2,2005-04-03,York Park,St Kilda,Fremantle,St Kilda,Lenny Hayes,19,7,10,2,0,0,2
2005,2,2005-04-03,York Park,St Kilda,Fremantle,St Kilda,Max Hudghton,5,2,3,0,0,0,0
2005,2,2005-04-03,York Park,St Kilda,Fremantle,St Kilda,Austinn Jones,6,0,5,0,0,0,0
2005,2,2005-04-03,York Park,St Kilda,Fremantle,St Kilda,Justin Koschitzke,9,5,5,1,1,21,2
2005,2,2005-04-03,York Park,St Kilda,Fremantle,St Kilda,Matt Maguire,11,7,2,0,0,0,3
2005,2,2005-04-03,York Park,St Kilda,Fremantle,St Kilda,Mark McGough,4,2,3,0,0,0,0
2005,2,2005-04-03,York Park,St Kilda,Fremantle,St Kilda,Stephen Milne,7,2,2,1,0,1,2
2005,2,2005-04-03,York Park,St Kilda,Fremantle,St Kilda,Justin Peckett,10,6,6,0,0,0,0
2005,2,2005-04-03,York Park,St Kilda,Fremantle,St Kilda,Luke Penny,5,3,3,0,0,0,1
2005,2,2005-04-03,York Park,St Kilda,Fremantle,St Kilda,Troy Schwarze,13,6,7,1,0,0,0
2005,2,2005-04-03,York Park,St Kilda,Fremantle,St Kilda,Andrew Thompson,13,6,5,0,1,0,2
2005,2,2005-04-03,York Park,St Kilda,Fremantle,St Kilda,Brett Voss,5,4,8,0,0,0,1
2005,2,2005-04-03,York Park,St Kilda,Fremantle,Fremantle,Peter Bell,13,5,15,1,0,0,4
2005,2,2005-04-03,York Park,St Kilda,Fremantle,Fremantle,Heath Black,12,3,6,0,0,0,5
2005,2,2005-04-03,York Park,St Kilda,Fremantle,Fremantle,Josh Carr,13,7,6,0,0,0,5
2005,2,2005-04-03,York Park,St Kilda,Fremantle,Fremantle,Matthew Carr,10,6,4,0,0,0,4
2005,2,2005-04-03,York Park,St Kilda,Fremantle,Fremantle,Steven Dodd,3,3,4,0,0,1,3
2005,2,2005-04-03,York Park,St Kilda,Fremantle,Fremantle,Ryley Dunn,3,2,2,0,0,0,2
2005,2,2005-04-03,York Park,St Kilda,Fremantle,Fremantle,Jeff Farmer,4,1,0,1,0,0,1
2005,2,2005-04-03,York Park,St Kilda,Fremantle,Fremantle,Daniel Gilmore,4,3,4,0,0,1,1
2005,2,2005-04-03,York Park,St Kilda,Fremantle,Fremantle,Paul Hasleby,14,8,8,0,1,0,6
2005,2,2005-04-03,York Park,St Kilda,Fremantle,Fremantle,Des Headland,7,3,1,1,1,0,4
2005,2,2005-04-03,York Park,St Kilda,Fremantle,Fremantle,Justin Longmuir,13,9,12,1,0,11,0
2005,2,2005-04-03,York Park,St Kilda,Fremantle,Fremantle,Shaun McManus,4,1,3,0,2,0,1
2005,2,2005-04-03,York Park,St Kilda,Fremantle,Fremantle,Luke McPharlin,6,5,6,0,0,0,5
2005,2,2005-04-03,York Park,St Kilda,Fremantle,Fremantle,Paul Medhurst,9,0,0,3,0,0,4
2005,2,2005-04-03,York Park,St Kilda,Fremantle,Fremantle,Ryan Murphy,0,0,0,0,0,2,0
2005,2,2005-04-03,York Park,St Kilda,Fremantle,Fremantle,Shane Parker,6,3,3,0,0,0,0
2005,2,2005-04-03,York Park,St Kilda,Fremantle,Fremantle,Matthew Pavlich,13,8,4,1,1,3,1
2005,2,2005-04-03,York Park,St Kilda,Fremantle,Fremantle,Graham Polak,12,6,3,0,0,0,2
2005,2,2005-04-03,York Park,St Kilda,Fremantle,Fremantle,Scott Thornton,13,9,4,0,0,0,0
2005,2,2005-04-03,York Park,St Kilda,Fremantle,Fremantle,James Walker,10,4,4,0,0,0,1
2005,2,2005-04-03,York Park,St Kilda,Fremantle,Fremantle,Luke Webster,4,2,1,0,0,0,2
2005,2,2005-04-03,York Park,St Kilda,Fremantle,Fremantle,Dion Woods,4,0,3,0,0,1,2
2005,2,2005-04-03,Docklands,Collingwood,Adelaide,Collingwood,Scott Burns,5,2,5,0,0,0,3
2005,2,2005-04-03,Docklands,Collingwood,Adelaide,Collingwood,Blake Caracella,17,7,3,4,4,0,2
2005,2,2005-04-03,Docklands,Collingwood,Adelaide,Collingwood,James Clement,12,6,6,0,0,0,0
2005,2,2005-04-03,Docklands,Collingwood,Adelaide,Collingwood,Cameron Cloke,10,6,4,1,0,15,1
2005,2,2005-04-03,Docklands,Collingwood,Adelaide,Collingwood,Richard Cole,6,2,4,0,0,0,2
2005,2,2005-04-03,Docklands,Collingwood,Adelaide,Collingwood,Leon Davis,8,2,7,0,0,0,2
2005,2,2005-04-03,Docklands,Collingwood,Adelaide,Collingwood,Brodie Holland,5,4,5,0,0,0,2
2005,2,2005-04-03,Docklands,Collingwood,Adelaide,Collingwood,Ben Johnson,26,5,8,0,0,0,4
2005,2,2005-04-03,Docklands,Collingwood,Adelaide,Collingwood,Paul Licuria,19,13,16,0,1,0,0
2005,2,2005-04-03,Docklands,Collingwood,Adelaide,Collingwood,Tarkyn Lockyer,16,6,4,0,1,0,1
2005,2,2005-04-03,Docklands,Collingwood,Adelaide,Collingwood,Ryan Lonie,5,3,1,0,0,0,0
2005,2,2005-04-03,Docklands,Collingwood,Adelaide,Collingwood,Chad Morrison,6,1,10,0,0,0,1
2005,2,2005-04-03,Docklands,Collingwood,Adelaide,Collingwood,Shane OBree,11,7,8,0,1,0,8
2005,2,2005-04-03,Docklands,Collingwood,Adelaide,Collingwood,Simon Prestigiacomo,2,2,2,0,0,0,2
2005,2,2005-04-03,Docklands,Collingwood,Adelaide,Collingwood,Anthony Rocca,9,6,4,1,4,8,2
2005,2,2005-04-03,Docklands,Collingwood,Adelaide,Collingwood,Julian Rowe,12,10,5,1,0,0,2
2005,2,2005-04-03,Docklands,Collingwood,Adelaide,Collingwood,Rhyce Shaw,17,6,8,0,0,0,1
2005,2,2005-04-03,Docklands,Collingwood,Adelaide,Collingwood,Chris Tarrant,7,8,4,1,3,0,2
2005,2,2005-04-03,Docklands,Collingwood,Adelaide,Collingwood,Shane Wakelin,14,10,3,0,0,1,1
2005,2,2005-04-03,Docklands,Collingwood,Adelaide,Collingwood,Tristen Walker,5,6,4,1,0,4,0
2005,2,2005-04-03,Docklands,Collingwood,Adelaide,Collingwood,Andrew Williams,3,1,2,1,0,1,3
2005,2,2005-04-03,Docklands,Collingwood,Adelaide,Collingwood,Shane Woewodin,16,3,7,0,0,0,3
2005,2,2005-04-03,Docklands,Collingwood,Adelaide,Adelaide,Nathan Bassett,9,12,8,0,0,0,1
2005,2,2005-04-03,Docklands,Collingwood,Adelaide,Adelaide,Rhett Biglands,1,1,2,0,1,11,1
2005,2,2005-04-03,Docklands,Collingwood,Adelaide,Adelaide,Matthew Bode,8,2,6,0,0,0,0
2005,2,2005-04-03,Docklands,Collingwood,Adelaide,Adelaide,Michael Doughty,3,1,6,0,0,0,4
2005,2,2005-04-03,Docklands,Collingwood,Adelaide,Adelaide,Tyson Edwards,14,4,9,1,0,0,1
2005,2,2005-04-03,Docklands,Collingwood,Adelaide,Adelaide,Simon Goodwin,16,7,9,0,2,1,3
2005,2,2005-04-03,Docklands,Collingwood,Adelaide,Adelaide,Ben Hart,8,3,4,0,0,0,2
2005,2,2005-04-03,Docklands,Collingwood,Adelaide,Adelaide,Trent Hentschel,8,4,4,3,0,0,2
2005,2,2005-04-03,Docklands,Collingwood,Adelaide,Adelaide,Ben Hudson,8,4,7,0,0,11,2
2005,2,2005-04-03,Docklands,Collingwood,Adelaide,Adelaide,Graham Johncock,16,9,7,0,0,0,4
2005,2,2005-04-03,Docklands,Collingwood,Adelaide,Adelaide,Martin Mattner,9,2,13,0,0,0,4
2005,2,2005-04-03,Docklands,Collingwood,Adelaide,Adelaide,Ken McGregor,5,3,3,0,0,1,1
2005,2,2005-04-03,Docklands,Collingwood,Adelaide,Adelaide,Andrew McLeod,14,4,6,4,3,0,1
2005,2,2005-04-03,Docklands,Collingwood,Adelaide,Adelaide,Ian Perrie,4,3,2,2,1,1,0
2005,2,2005-04-03,Docklands,Collingwood,Adelaide,Adelaide,Brent Reilly,9,4,6,1,0,0,3
2005,2,2005-04-03,Docklands,Collingwood,Adelaide,Adelaide,Mark Ricciuto,19,5,9,0,0,0,2
2005,2,2005-04-03,Docklands,Collingwood,Adelaide,Adelaide,Ben Rutten,5,3,5,0,0,0,1
2005,2,2005-04-03,Docklands,Collingwood,Adelaide,Adelaide,Robert Shirley,3,2,10,0,1,2,3
2005,2,2005-04-03,Docklands,Collingwood,Adelaide,Adelaide,Hayden Skipworth,9,5,8,0,0,0,3
2005,2,2005-04-03,Docklands,Collingwood,Adelaide,Adelaide,Mark Stevens,2,2,0,0,0,0,0
2005,2,2005-04-03,Docklands,Collingwood,Adelaide,Adelaide,Scott Thompson,7,0,8,0,1,0,1
2005,2,2005-04-03,Docklands,Collingwood,Adelaide,Adelaide,Scott Welsh,5,1,2,1,0,0,0
2005,2,2005-04-03,M.C.G.,Hawthorn,Richmond,Hawthorn,John Barker,6,7,4,2,0,0,1
2005,2,2005-04-03,M.C.G.,Hawthorn,Richmond,Hawthorn,Chance Bateman,12,4,5,1,1,0,2
2005,2,2005-04-03,M.C.G.,Hawthorn,Richmond,Hawthorn,Simon Beaumont,5,5,3,1,1,0,2
2005,2,2005-04-03,M.C.G.,Hawthorn,Richmond,Hawthorn,Campbell Brown,9,4,7,0,0,0,3
2005,2,2005-04-03,M.C.G.,Hawthorn,Richmond,Hawthorn,Tim Clarke,9,6,7,1,0,0,6
2005,2,2005-04-03,M.C.G.,Hawthorn,Richmond,Hawthorn,Shane Crawford,15,5,9,1,1,0,5
2005,2,2005-04-03,M.C.G.,Hawthorn,Richmond,Hawthorn,Trent Croad,6,6,6,0,2,0,3
2005,2,2005-04-03,M.C.G.,Hawthorn,Richmond,Hawthorn,Peter Everitt,17,7,4,2,1,28,1
2005,2,2005-04-03,M.C.G.,Hawthorn,Richmond,Hawthorn,Lance Franklin,8,4,4,3,2,0,3
2005,2,2005-04-03,M.C.G.,Hawthorn,Richmond,Hawthorn,Jonathan Hay,5,4,6,0,0,0,0
2005,2,2005-04-03,M.C.G.,Hawthorn,Richmond,Hawthorn,Luke Hodge,14,6,5,0,0,0,2
2005,2,2005-04-03,M.C.G.,Hawthorn,Richmond,Hawthorn,Nick Holland,1,2,4,0,0,1,0
2005,2,2005-04-03,M.C.G.,Hawthorn,Richmond,Hawthorn,Danny Jacobs,8,8,8,0,2,1,4
2005,2,2005-04-03,M.C.G.,Hawthorn,Richmond,Hawthorn,Rick Ladson,12,3,4,0,0,0,3
2005,2,2005-04-03,M.C.G.,Hawthorn,Richmond,Hawthorn,Nathan Lonie,7,1,2,0,1,0,3
2005,2,2005-04-03,M.C.G.,Hawthorn,Richmond,Hawthorn,Harry Miller,14,3,2,0,1,0,4
2005,2,2005-04-03,M.C.G.,Hawthorn,Richmond,Hawthorn,Sam Mitchell,10,4,16,0,0,0,8
2005,2,2005-04-03,M.C.G.,Hawthorn,Richmond,Hawthorn,Brad Sewell,0,0,0,0,0,0,0
2005,2,2005-04-03,M.C.G.,Hawthorn,Richmond,Hawthorn,Joel Smith,6,3,3,0,0,0,0
2005,2,2005-04-03,M.C.G.,Hawthorn,Richmond,Hawthorn,Josh Thurgood,4,2,7,0,0,0,2
2005,2,2005-04-03,M.C.G.,Hawthorn,Richmond,Hawthorn,Richard Vandenberg,10,2,4,0,0,0,0
2005,2,2005-04-03,M.C.G.,Hawthorn,Richmond,Hawthorn,Mark Williams,7,5,3,1,2,0,3
2005,2,2005-04-03,M.C.G.,Hawthorn,Richmond,Richmond,Joel Bowden,15,9,12,0,0,0,1
2005,2,2005-04-03,M.C.G.,Hawthorn,Richmond,Richmond,Nathan Brown,13,6,10,3,2,0,1
2005,2,2005-04-03,M.C.G.,Hawthorn,Richmond,Richmond,Wayne Campbell,7,3,9,0,0,0,2
2005,2,2005-04-03,M.C.G.,Hawthorn,Richmond,Richmond,Mark Chaffey,4,3,5,0,0,0,0
2005,2,2005-04-03,M.C.G.,Hawthorn,Richmond,Richmond,Mark Coughlan,8,5,6,1,0,0,2
2005,2,2005-04-03,M.C.G.,Hawthorn,Richmond,Richmond,Brett Deledio,9,5,3,0,1,0,1
2005,2,2005-04-03,M.C.G.,Hawthorn,Richmond,Richmond,Darren Gaspar,5,6,5,0,0,0,0
2005,2,2005-04-03,M.C.G.,Hawthorn,Richmond,Richmond,Mark Graham,5,1,4,0,0,0,1
2005,2,2005-04-03,M.C.G.,Hawthorn,Richmond,Richmond,Brent Hartigan,7,5,8,0,0,0,0
2005,2,2005-04-03,M.C.G.,Hawthorn,Richmond,Richmond,Chris Hyde,11,4,6,1,0,0,2
2005,2,2005-04-03,M.C.G.,Hawthorn,Richmond,Richmond,Daniel Jackson,2,1,0,0,0,0,0
2005,2,2005-04-03,M.C.G.,Hawthorn,Richmond,Richmond,Kane Johnson,13,6,10,1,0,0,2
2005,2,2005-04-03,M.C.G.,Hawthorn,Richmond,Richmond,Andrew Kellaway,10,7,4,0,0,0,2
2005,2,2005-04-03,M.C.G.,Hawthorn,Richmond,Richmond,Trent Knobel,2,2,2,1,1,23,3
2005,2,2005-04-03,M.C.G.,Hawthorn,Richmond,Richmond,Andrew Krakouer,6,3,2,1,0,0,6
2005,2,2005-04-03,M.C.G.,Hawthorn,Richmond,Richmond,Chris Newman,8,3,3,0,0,0,2
2005,2,2005-04-03,M.C.G.,Hawthorn,Richmond,Richmond,Kayne Pettifer,16,8,2,2,0,0,0
2005,2,2005-04-03,M.C.G.,Hawthorn,Richmond,Richmond,Matthew Richardson,10,5,2,3,2,0,0
2005,2,2005-04-03,M.C.G.,Hawthorn,Richmond,Richmond,Troy Simmonds,10,9,3,1,0,1,3
2005,2,2005-04-03,M.C.G.,Hawthorn,Richmond,Richmond,Greg Stafford,5,2,3,1,1,8,1
2005,2,2005-04-03,M.C.G.,Hawthorn,Richmond,Richmond,Greg Tivendale,3,2,1,0,0,0,3
2005,2,2005-04-03,M.C.G.,Hawthorn,Richmond,Richmond,Shane Tuck,12,2,4,1,0,3,3
2005,3,2005-04-08,M.C.G.,Melbourne,Geelong,Melbourne,Daniel Bell,7,4,5,0,0,0,3
2005,3,2005-04-08,M.C.G.,Melbourne,Geelong,Melbourne,Clint Bizzell,12,7,5,0,0,0,4
2005,3,2005-04-08,M.C.G.,Melbourne,Geelong,Melbourne,Nathan Brown,12,7,4,0,0,0,1
2005,3,2005-04-08,M.C.G.,Melbourne,Geelong,Melbourne,Cameron Bruce,16,7,14,3,1,0,4
2005,3,2005-04-08,M.C.G.,Melbourne,Geelong,Melbourne,Aaron Davey,6,1,0,2,0,0,3
2005,3,2005-04-08,M.C.G.,Melbourne,Geelong,Melbourne,Ryan Ferguson,5,0,3,0,0,0,0
2005,3,2005-04-08,M.C.G.,Melbourne,Geelong,Melbourne,Brad Green,12,5,4,2,0,1,1
2005,3,2005-04-08,M.C.G.,Melbourne,Geelong,Melbourne,Mark Jamar,0,0,3,0,0,7,0
2005,3,2005-04-08,M.C.G.,Melbourne,Geelong,Melbourne,Travis Johnstone,14,3,4,1,0,0,0
2005,3,2005-04-08,M.C.G.,Melbourne,Geelong,Melbourne,James McDonald,15,4,4,0,0,0,2
2005,3,2005-04-08,M.C.G.,Melbourne,Geelong,Melbourne,Brock McLean,5,3,6,0,0,0,3
2005,3,2005-04-08,M.C.G.,Melbourne,Geelong,Melbourne,Brad Miller,7,4,4,0,0,0,2
2005,3,2005-04-08,M.C.G.,Melbourne,Geelong,Melbourne,Brent Moloney,12,4,4,0,1,0,5
2005,3,2005-04-08,M.C.G.,Melbourne,Geelong,Melbourne,David Neitz,8,6,4,5,0,0,0
2005,3,2005-04-08,M.C.G.,Melbourne,Geelong,Melbourne,Guy Rigoni,9,3,4,0,0,0,2
2005,3,2005-04-08,M.C.G.,Melbourne,Geelong,Melbourne,Jared Rivers,4,2,4,0,0,0,1
2005,3,2005-04-08,M.C.G.,Melbourne,Geelong,Melbourne,Russell Robertson,8,2,3,3,0,0,1
2005,3,2005-04-08,M.C.G.,Melbourne,Geelong,Melbourne,Colin Sylvia,3,1,2,1,1,0,0
2005,3,2005-04-08,M.C.G.,Melbourne,Geelong,Melbourne,Paul Wheatley,9,6,4,0,0,0,3
2005,3,2005-04-08,M.C.G.,Melbourne,Geelong,Melbourne,Matthew Whelan,5,2,7,1,0,0,1
2005,3,2005-04-08,M.C.G.,Melbourne,Geelong,Melbourne,Jeff White,8,6,7,0,1,15,3
2005,3,2005-04-08,M.C.G.,Melbourne,Geelong,Melbourne,Adem Yze,13,3,1,0,0,0,3
2005,3,2005-04-08,M.C.G.,Melbourne,Geelong,Geelong,Gary Ablett,7,2,19,1,1,0,1
2005,3,2005-04-08,M.C.G.,Melbourne,Geelong,Geelong,Jimmy Bartel,0,0,0,0,0,0,0
2005,3,2005-04-08,M.C.G.,Melbourne,Geelong,Geelong,Shannon Byrnes,11,4,4,0,4,0,3
2005,3,2005-04-08,M.C.G.,Melbourne,Geelong,Geelong,Paul Chapman,12,4,7,3,1,0,1
2005,3,2005-04-08,M.C.G.,Melbourne,Geelong,Geelong,Joel Corey,14,9,9,1,0,1,3
2005,3,2005-04-08,M.C.G.,Melbourne,Geelong,Geelong,Corey Enright,11,6,9,0,0,0,1
2005,3,2005-04-08,M.C.G.,Melbourne,Geelong,Geelong,Charlie Gardiner,12,7,2,0,1,1,2
2005,3,2005-04-08,M.C.G.,Melbourne,Geelong,Geelong,Tom Harley,7,7,5,0,0,0,0
2005,3,2005-04-08,M.C.G.,Melbourne,Geelong,Geelong,Josh Hunt,20,11,5,0,0,0,2
2005,3,2005-04-08,M.C.G.,Melbourne,Geelong,Geelong,David Johnson,8,2,4,0,0,0,0
2005,3,2005-04-08,M.C.G.,Melbourne,Geelong,Geelong,James Kelly,15,4,4,0,1,0,4
2005,3,2005-04-08,M.C.G.,Melbourne,Geelong,Geelong,Steven King,6,3,4,0,0,19,1
2005,3,2005-04-08,M.C.G.,Melbourne,Geelong,Geelong,Kent Kingsley,12,7,1,3,5,0,3
2005,3,2005-04-08,M.C.G.,Melbourne,Geelong,Geelong,Cameron Ling,5,0,11,0,0,0,1
2005,3,2005-04-08,M.C.G.,Melbourne,Geelong,Geelong,Andrew Mackie,9,5,2,0,0,0,1
2005,3,2005-04-08,M.C.G.,Melbourne,Geelong,Geelong,Darren Milburn,19,11,9,0,2,3,1
2005,3,2005-04-08,M.C.G.,Melbourne,Geelong,Geelong,Brad Ottens,1,1,7,0,0,17,1
2005,3,2005-04-08,M.C.G.,Melbourne,Geelong,Geelong,Henry Playfair,7,8,3,0,1,0,0
2005,3,2005-04-08,M.C.G.,Melbourne,Geelong,Geelong,Peter Riccardi,11,6,3,0,1,0,3
2005,3,2005-04-08,M.C.G.,Melbourne,Geelong,Geelong,Max Rooke,3,5,14,0,0,0,3
2005,3,2005-04-08,M.C.G.,Melbourne,Geelong,Geelong,Matthew Scarlett,6,4,4,0,0,0,0
2005,3,2005-04-08,M.C.G.,Melbourne,Geelong,Geelong,Kane Tenace,11,0,2,0,0,0,1
2005,3,2005-04-09,M.C.G.,Carlton,Collingwood,Carlton,Eddie Betts,6,0,1,2,0,0,1
2005,3,2005-04-09,M.C.G.,Carlton,Collingwood,Carlton,Scott Camporeale,17,4,2,1,2,0,0
2005,3,2005-04-09,M.C.G.,Carlton,Collingwood,Carlton,Andrew Carrazzo,5,1,5,0,1,0,1
2005,3,2005-04-09,M.C.G.,Carlton,Collingwood,Carlton,Justin Davies,4,3,2,0,1,0,5
2005,3,2005-04-09,M.C.G.,Carlton,Collingwood,Carlton,Adrian De Luca,6,3,3,2,1,6,2
2005,3,2005-04-09,M.C.G.,Carlton,Collingwood,Carlton,Brendan Fevola,6,3,3,2,1,0,5
2005,3,2005-04-09,M.C.G.,Carlton,Collingwood,Carlton,Barnaby French,7,4,8,0,0,26,5
2005,3,2005-04-09,M.C.G.,Carlton,Collingwood,Carlton,Ryan Houlihan,17,3,4,0,0,0,0
2005,3,2005-04-09,M.C.G.,Carlton,Collingwood,Carlton,Brett Johnson,6,1,6,0,0,0,0
2005,3,2005-04-09,M.C.G.,Carlton,Collingwood,Carlton,Anthony Koutoufides,10,3,5,0,0,1,0
2005,3,2005-04-09,M.C.G.,Carlton,Collingwood,Carlton,Matthew Lappin,17,3,4,3,2,0,1
2005,3,2005-04-09,M.C.G.,Carlton,Collingwood,Carlton,Cory McGrath,3,1,7,0,0,1,2
2005,3,2005-04-09,M.C.G.,Carlton,Collingwood,Carlton,Digby Morrell,4,0,3,0,0,0,2
2005,3,2005-04-09,M.C.G.,Carlton,Collingwood,Carlton,Karl Norman,5,5,3,0,0,0,0
2005,3,2005-04-09,M.C.G.,Carlton,Collingwood,Carlton,Ian Prendergast,4,1,2,0,0,0,1
2005,3,2005-04-09,M.C.G.,Carlton,Collingwood,Carlton,Heath Scotland,2,1,10,0,0,0,0
2005,3,2005-04-09,M.C.G.,Carlton,Collingwood,Carlton,Trent Sporn,4,3,4,0,0,0,1
2005,3,2005-04-09,M.C.G.,Carlton,Collingwood,Carlton,Nick Stevens,22,3,7,1,1,0,3
2005,3,2005-04-09,M.C.G.,Carlton,Collingwood,Carlton,David Teague,7,3,3,0,0,0,6
2005,3,2005-04-09,M.C.G.,Carlton,Collingwood,Carlton,Jarrad Waite,13,8,3,3,2,0,1
2005,3,2005-04-09,M.C.G.,Carlton,Collingwood,Carlton,Lance Whitnall,7,4,3,2,0,10,2
2005,3,2005-04-09,M.C.G.,Carlton,Collingwood,Carlton,Simon Wiggins,1,0,5,0,0,1,1
2005,3,2005-04-09,M.C.G.,Carlton,Collingwood,Collingwood,Scott Burns,12,5,5,1,0,0,2
2005,3,2005-04-09,M.C.G.,Carlton,Collingwood,Collingwood,Blake Caracella,4,3,7,1,0,0,1
2005,3,2005-04-09,M.C.G.,Carlton,Collingwood,Collingwood,James Clement,18,8,5,0,0,0,1
2005,3,2005-04-09,M.C.G.,Carlton,Collingwood,Collingwood,Cameron Cloke,5,1,0,1,1,10,3
2005,3,2005-04-09,M.C.G.,Carlton,Collingwood,Collingwood,Richard Cole,5,3,7,0,0,0,3
2005,3,2005-04-09,M.C.G.,Carlton,Collingwood,Collingwood,Leon Davis,6,2,0,1,1,0,3
2005,3,2005-04-09,M.C.G.,Carlton,Collingwood,Collingwood,Brodie Holland,9,4,11,3,1,0,3
2005,3,2005-04-09,M.C.G.,Carlton,Collingwood,Collingwood,Ben Johnson,12,4,4,0,1,0,1
2005,3,2005-04-09,M.C.G.,Carlton,Collingwood,Collingwood,Paul Licuria,22,9,13,2,0,0,4
2005,3,2005-04-09,M.C.G.,Carlton,Collingwood,Collingwood,Tarkyn Lockyer,19,4,7,0,0,0,6
2005,3,2005-04-09,M.C.G.,Carlton,Collingwood,Collingwood,Nick Maxwell,10,6,4,0,0,1,2
2005,3,2005-04-09,M.C.G.,Carlton,Collingwood,Collingwood,Chad Morrison,11,3,8,0,0,0,1
2005,3,2005-04-09,M.C.G.,Carlton,Collingwood,Collingwood,Shane OBree,4,1,3,0,0,0,4
2005,3,2005-04-09,M.C.G.,Carlton,Collingwood,Collingwood,Simon Prestigiacomo,9,7,5,0,0,0,1
2005,3,2005-04-09,M.C.G.,Carlton,Collingwood,Collingwood,Anthony Rocca,9,7,8,2,0,4,1
2005,3,2005-04-09,M.C.G.,Carlton,Collingwood,Collingwood,Julian Rowe,11,8,4,1,0,0,1
2005,3,2005-04-09,M.C.G.,Carlton,Collingwood,Collingwood,Rhyce Shaw,13,3,2,1,1,0,2
2005,3,2005-04-09,M.C.G.,Carlton,Collingwood,Collingwood,Chris Tarrant,8,7,2,5,0,0,2
2005,3,2005-04-09,M.C.G.,Carlton,Collingwood,Collingwood,Shane Wakelin,7,5,5,0,0,2,1
2005,3,2005-04-09,M.C.G.,Carlton,Collingwood,Collingwood,Tristen Walker,6,7,4,0,0,2,1
2005,3,2005-04-09,M.C.G.,Carlton,Collingwood,Collingwood,Andrew Williams,4,2,2,2,0,1,0
2005,3,2005-04-09,M.C.G.,Carlton,Collingwood,Collingwood,Shane Woewodin,13,3,7,0,1,1,2
2005,3,2005-04-09,Docklands,St Kilda,Kangaroos,St Kilda,Cain Ackland,6,1,5,1,0,15,1
2005,3,2005-04-09,Docklands,St Kilda,Kangaroos,St Kilda,Steven Baker,7,2,2,0,0,0,0
2005,3,2005-04-09,Docklands,St Kilda,Kangaroos,St Kilda,Luke Ball,8,2,11,0,0,0,6
2005,3,2005-04-09,Docklands,St Kilda,Kangaroos,St Kilda,Barry Brooks,2,0,0,0,0,7,0
2005,3,2005-04-09,Docklands,St Kilda,Kangaroos,St Kilda,Raphael Clarke,10,7,1,0,2,0,3
2005,3,2005-04-09,Docklands,St Kilda,Kangaroos,St Kilda,Nick Dal Santo,17,4,13,0,0,0,2
2005,3,2005-04-09,Docklands,St Kilda,Kangaroos,St Kilda,Aaron Fiora,13,7,6,2,1,0,1
2005,3,2005-04-09,Docklands,St Kilda,Kangaroos,St Kilda,Sam Fisher,2,2,2,0,0,0,0
2005,3,2005-04-09,Docklands,St Kilda,Kangaroos,St Kilda,Fraser Gehrig,8,5,2,4,2,0,0
2005,3,2005-04-09,Docklands,St Kilda,Kangaroos,St Kilda,Brendon Goddard,10,6,4,0,0,0,2
2005,3,2005-04-09,Docklands,St Kilda,Kangaroos,St Kilda,Aaron Hamill,10,4,4,3,0,0,3
2005,3,2005-04-09,Docklands,St Kilda,Kangaroos,St Kilda,Robert Harvey,9,4,6,0,1,0,0
2005,3,2005-04-09,Docklands,St Kilda,Kangaroos,St Kilda,Lenny Hayes,11,2,13,0,0,0,7
2005,3,2005-04-09,Docklands,St Kilda,Kangaroos,St Kilda,Max Hudghton,6,6,3,0,0,1,1
2005,3,2005-04-09,Docklands,St Kilda,Kangaroos,St Kilda,Austinn Jones,9,2,1,0,0,0,0
2005,3,2005-04-09,Docklands,St Kilda,Kangaroos,St Kilda,Matt Maguire,10,4,3,0,0,0,1
2005,3,2005-04-09,Docklands,St Kilda,Kangaroos,St Kilda,Stephen Milne,8,6,2,3,1,0,1
2005,3,2005-04-09,Docklands,St Kilda,Kangaroos,St Kilda,Justin Peckett,11,7,5,0,0,0,1
2005,3,2005-04-09,Docklands,St Kilda,Kangaroos,St Kilda,Luke Penny,4,4,2,0,0,0,0
2005,3,2005-04-09,Docklands,St Kilda,Kangaroos,St Kilda,Troy Schwarze,3,1,6,0,0,0,0
2005,3,2005-04-09,Docklands,St Kilda,Kangaroos,St Kilda,Andrew Thompson,4,2,6,0,0,0,3
2005,3,2005-04-09,Docklands,St Kilda,Kangaroos,St Kilda,Brett Voss,11,8,4,1,2,0,2
2005,3,2005-04-09,Docklands,St Kilda,Kangaroos,Kangaroos,Glenn Archer,10,1,1,0,0,0,5
2005,3,2005-04-09,Docklands,St Kilda,Kangaroos,Kangaroos,Leigh Brown,9,7,5,0,0,1,1
2005,3,2005-04-09,Docklands,St Kilda,Kangaroos,Kangaroos,Leigh Colbert,6,3,6,0,0,2,1
2005,3,2005-04-09,Docklands,St Kilda,Kangaroos,Kangaroos,Michael Firrito,6,4,7,0,0,1,5
2005,3,2005-04-09,Docklands,St Kilda,Kangaroos,Kangaroos,Shannon Grant,15,5,6,4,0,0,1
2005,3,2005-04-09,Docklands,St Kilda,Kangaroos,Kangaroos,Blake Grima,6,3,2,0,1,0,2
2005,3,2005-04-09,Docklands,St Kilda,Kangaroos,Kangaroos,David Hale,6,4,1,0,0,11,3
2005,3,2005-04-09,Docklands,St Kilda,Kangaroos,Kangaroos,Daniel Harris,8,3,10,0,1,0,0
2005,3,2005-04-09,Docklands,St Kilda,Kangaroos,Kangaroos,Brent Harvey,8,3,8,2,2,0,2
2005,3,2005-04-09,Docklands,St Kilda,Kangaroos,Kangaroos,Corey Jones,15,4,3,1,1,1,4
2005,3,2005-04-09,Docklands,St Kilda,Kangaroos,Kangaroos,Troy Makepeace,16,3,2,0,0,0,3
2005,3,2005-04-09,Docklands,St Kilda,Kangaroos,Kangaroos,Drew Petrie,7,3,0,1,0,7,3
2005,3,2005-04-09,Docklands,St Kilda,Kangaroos,Kangaroos,Lance Picioane,5,4,7,0,0,0,3
2005,3,2005-04-09,Docklands,St Kilda,Kangaroos,Kangaroos,Daniel Pratt,9,4,4,0,0,0,5
2005,3,2005-04-09,Docklands,St Kilda,Kangaroos,Kangaroos,Saverio Rocca,4,2,1,1,2,2,1
2005,3,2005-04-09,Docklands,St Kilda,Kangaroos,Kangaroos,Eddie Sansbury,4,2,1,2,1,0,2
2005,3,2005-04-09,Docklands,St Kilda,Kangaroos,Kangaroos,Adam Simpson,9,3,7,0,0,3,3
2005,3,2005-04-09,Docklands,St Kilda,Kangaroos,Kangaroos,Jess Sinclair,18,5,4,0,0,0,4
2005,3,2005-04-09,Docklands,St Kilda,Kangaroos,Kangaroos,Michael Stevens,4,2,4,1,0,0,2
2005,3,2005-04-09,Docklands,St Kilda,Kangaroos,Kangaroos,Nathan Thompson,8,4,0,2,0,7,1
2005,3,2005-04-09,Docklands,St Kilda,Kangaroos,Kangaroos,Shannon Watt,6,6,2,0,0,0,1
2005,3,2005-04-09,Docklands,St Kilda,Kangaroos,Kangaroos,Daniel Wells,10,2,6,1,1,1,2
2005,3,2005-04-09,Gabba,Brisbane Lions,Sydney,Brisbane Lions,Jed Adcock,4,0,1,1,0,0,2
2005,3,2005-04-09,Gabba,Brisbane Lions,Sydney,Brisbane Lions,Jason Akermanis,18,2,6,2,1,0,4
2005,3,2005-04-09,Gabba,Brisbane Lions,Sydney,Brisbane Lions,Daniel Bradshaw,13,10,1,5,3,0,4
2005,3,2005-04-09,Gabba,Brisbane Lions,Sydney,Brisbane Lions,Robert Copeland,7,1,5,0,0,0,4
2005,3,2005-04-09,Gabba,Brisbane Lions,Sydney,Brisbane Lions,Anthony Corrie,11,4,2,1,2,0,4
2005,3,2005-04-09,Gabba,Brisbane Lions,Sydney,Brisbane Lions,Chris Johnson,10,4,3,0,0,0,1
2005,3,2005-04-09,Gabba,Brisbane Lions,Sydney,Brisbane Lions,Clark Keating,1,1,3,0,1,9,1
2005,3,2005-04-09,Gabba,Brisbane Lions,Sydney,Brisbane Lions,Nigel Lappin,7,2,5,1,0,1,1
2005,3,2005-04-09,Gabba,Brisbane Lions,Sydney,Brisbane Lions,Justin Leppitsch,13,8,3,0,0,1,1
2005,3,2005-04-09,Gabba,Brisbane Lions,Sydney,Brisbane Lions,Tom Logan,0,0,4,0,0,0,2
2005,3,2005-04-09,Gabba,Brisbane Lions,Sydney,Brisbane Lions,Joel Macdonald,9,5,7,0,0,0,4
2005,3,2005-04-09,Gabba,Brisbane Lions,Sydney,Brisbane Lions,Ashley McGrath,6,4,3,0,0,0,3
2005,3,2005-04-09,Gabba,Brisbane Lions,Sydney,Brisbane Lions,Dylan McLaren,1,1,1,0,0,6,0
2005,3,2005-04-09,Gabba,Brisbane Lions,Sydney,Brisbane Lions,Daniel Merrett,2,0,2,0,0,6,2
2005,3,2005-04-09,Gabba,Brisbane Lions,Sydney,Brisbane Lions,Mal Michael,7,2,1,0,0,0,1
2005,3,2005-04-09,Gabba,Brisbane Lions,Sydney,Brisbane Lions,Tim Notting,4,5,6,0,0,1,3
2005,3,2005-04-09,Gabba,Brisbane Lions,Sydney,Brisbane Lions,Martin Pike,9,4,3,0,1,0,5
2005,3,2005-04-09,Gabba,Brisbane Lions,Sydney,Brisbane Lions,Luke Power,8,2,5,1,0,0,2
2005,3,2005-04-09,Gabba,Brisbane Lions,Sydney,Brisbane Lions,Chris Scott,13,6,3,0,0,0,2
2005,3,2005-04-09,Gabba,Brisbane Lions,Sydney,Brisbane Lions,Troy Selwood,3,3,3,0,0,0,8
2005,3,2005-04-09,Gabba,Brisbane Lions,Sydney,Brisbane Lions,Michael Voss,9,2,2,0,1,0,5
2005,3,2005-04-09,Gabba,Brisbane Lions,Sydney,Brisbane Lions,Darryl White,7,5,7,0,0,0,3
2005,3,2005-04-09,Gabba,Brisbane Lions,Sydney,Sydney,Luke Ablett,12,8,8,1,2,0,1
2005,3,2005-04-09,Gabba,Brisbane Lions,Sydney,Sydney,Jason Ball,5,4,9,0,0,17,1
2005,3,2005-04-09,Gabba,Brisbane Lions,Sydney,Sydney,Leo Barry,12,9,0,0,0,0,0
2005,3,2005-04-09,Gabba,Brisbane Lions,Sydney,Sydney,Paul Bevan,5,3,3,1,0,0,2
2005,3,2005-04-09,Gabba,Brisbane Lions,Sydney,Sydney,Craig Bolton,8,4,7,0,0,0,1
2005,3,2005-04-09,Gabba,Brisbane Lions,Sydney,Sydney,Jude Bolton,12,2,11,1,0,0,4
2005,3,2005-04-09,Gabba,Brisbane Lions,Sydney,Sydney,Amon Buchanan,5,1,5,1,0,0,1
2005,3,2005-04-09,Gabba,Brisbane Lions,Sydney,Sydney,Jared Crouch,4,0,2,0,0,0,1
2005,3,2005-04-09,Gabba,Brisbane Lions,Sydney,Sydney,Nick Davis,10,2,9,0,2,0,0
2005,3,2005-04-09,Gabba,Brisbane Lions,Sydney,Sydney,Sean Dempster,5,1,5,0,0,0,2
2005,3,2005-04-09,Gabba,Brisbane Lions,Sydney,Sydney,Adam Goodes,10,5,3,2,2,0,1
2005,3,2005-04-09,Gabba,Brisbane Lions,Sydney,Sydney,Barry Hall,11,8,1,5,1,0,1
2005,3,2005-04-09,Gabba,Brisbane Lions,Sydney,Sydney,Darren Jolly,4,1,3,0,0,16,1
2005,3,2005-04-09,Gabba,Brisbane Lions,Sydney,Sydney,Tadhg Kennelly,9,1,8,0,0,0,2
2005,3,2005-04-09,Gabba,Brisbane Lions,Sydney,Sydney,Brett Kirk,6,2,10,0,0,0,8
2005,3,2005-04-09,Gabba,Brisbane Lions,Sydney,Sydney,Ben Mathews,5,3,7,0,0,0,3
2005,3,2005-04-09,Gabba,Brisbane Lions,Sydney,Sydney,Stuart Maxfield,11,3,6,0,0,0,4
2005,3,2005-04-09,Gabba,Brisbane Lions,Sydney,Sydney,Matthew Nicks,9,5,4,0,1,0,3
2005,3,2005-04-09,Gabba,Brisbane Lions,Sydney,Sydney,Ryan OKeefe,4,0,4,1,0,0,2
2005,3,2005-04-09,Gabba,Brisbane Lions,Sydney,Sydney,Lewis Roberts-Thomson,4,3,4,0,0,0,1
2005,3,2005-04-09,Gabba,Brisbane Lions,Sydney,Sydney,David Spriggs,2,1,8,0,0,0,1
2005,3,2005-04-09,Gabba,Brisbane Lions,Sydney,Sydney,Paul Williams,16,0,3,1,0,0,3
2005,3,2005-04-09,Subiaco,Fremantle,West Coast,Fremantle,Peter Bell,11,3,6,0,0,0,3
2005,3,2005-04-09,Subiaco,Fremantle,West Coast,Fremantle,Heath Black,15,5,3,1,0,0,0
2005,3,2005-04-09,Subiaco,Fremantle,West Coast,Fremantle,Josh Carr,20,11,7,2,0,0,2
2005,3,2005-04-09,Subiaco,Fremantle,West Coast,Fremantle,Matthew Carr,21,5,2,1,0,0,2
2005,3,2005-04-09,Subiaco,Fremantle,West Coast,Fremantle,Troy Cook,7,4,7,0,1,0,4
2005,3,2005-04-09,Subiaco,Fremantle,West Coast,Fremantle,Steven Dodd,7,3,4,0,0,0,4
2005,3,2005-04-09,Subiaco,Fremantle,West Coast,Fremantle,Jeff Farmer,6,5,4,1,0,0,2
2005,3,2005-04-09,Subiaco,Fremantle,West Coast,Fremantle,Paul Hasleby,11,3,6,1,0,0,2
2005,3,2005-04-09,Subiaco,Fremantle,West Coast,Fremantle,Des Headland,11,5,7,1,0,0,3
2005,3,2005-04-09,Subiaco,Fremantle,West Coast,Fremantle,Justin Longmuir,8,7,6,1,0,6,1
2005,3,2005-04-09,Subiaco,Fremantle,West Coast,Fremantle,Shaun McManus,3,2,3,0,0,0,1
2005,3,2005-04-09,Subiaco,Fremantle,West Coast,Fremantle,Luke McPharlin,8,6,2,0,0,0,3
2005,3,2005-04-09,Subiaco,Fremantle,West Coast,Fremantle,Paul Medhurst,5,4,0,1,2,0,0
2005,3,2005-04-09,Subiaco,Fremantle,West Coast,Fremantle,Shane Parker,12,6,4,0,0,0,2
2005,3,2005-04-09,Subiaco,Fremantle,West Coast,Fremantle,Matthew Pavlich,13,8,2,2,2,0,2
2005,3,2005-04-09,Subiaco,Fremantle,West Coast,Fremantle,Graham Polak,6,3,8,0,0,0,2
2005,3,2005-04-09,Subiaco,Fremantle,West Coast,Fremantle,Aaron Sandilands,6,5,4,1,0,17,1
2005,3,2005-04-09,Subiaco,Fremantle,West Coast,Fremantle,Byron Schammer,7,5,2,0,0,0,3
2005,3,2005-04-09,Subiaco,Fremantle,West Coast,Fremantle,Scott Thornton,7,3,3,0,0,0,1
2005,3,2005-04-09,Subiaco,Fremantle,West Coast,Fremantle,James Walker,8,8,9,0,0,0,1
2005,3,2005-04-09,Subiaco,Fremantle,West Coast,Fremantle,Luke Webster,2,3,2,0,0,0,0
2005,3,2005-04-09,Subiaco,Fremantle,West Coast,Fremantle,Dion Woods,2,3,3,0,0,0,0
2005,3,2005-04-09,Subiaco,Fremantle,West Coast,West Coast,Drew Banfield,9,7,4,0,0,0,1
2005,3,2005-04-09,Subiaco,Fremantle,West Coast,West Coast,Michael Braun,11,9,8,0,0,0,2
2005,3,2005-04-09,Subiaco,Fremantle,West Coast,West Coast,Sam Butler,8,7,7,0,0,0,1
2005,3,2005-04-09,Subiaco,Fremantle,West Coast,West Coast,Daniel Chick,3,5,3,0,0,0,0
2005,3,2005-04-09,Subiaco,Fremantle,West Coast,West Coast,Ben Cousins,13,5,7,0,0,0,2
2005,3,2005-04-09,Subiaco,Fremantle,West Coast,West Coast,Dean Cox,11,8,9,2,0,18,0
2005,3,2005-04-09,Subiaco,Fremantle,West Coast,West Coast,Andrew Embley,11,5,1,1,2,0,2
2005,3,2005-04-09,Subiaco,Fremantle,West Coast,West Coast,Chad Fletcher,15,7,11,1,1,0,4
2005,3,2005-04-09,Subiaco,Fremantle,West Coast,West Coast,Darren Glass,8,2,3,0,0,0,2
2005,3,2005-04-09,Subiaco,Fremantle,West Coast,West Coast,Jaymie Graham,3,2,1,2,0,0,0
2005,3,2005-04-09,Subiaco,Fremantle,West Coast,West Coast,Ashley Hansen,11,5,4,3,1,0,1
2005,3,2005-04-09,Subiaco,Fremantle,West Coast,West Coast,Adam Hunter,4,4,4,0,0,1,2
2005,3,2005-04-09,Subiaco,Fremantle,West Coast,West Coast,Brett Jones,8,4,4,0,0,0,1
2005,3,2005-04-09,Subiaco,Fremantle,West Coast,West Coast,Chris Judd,22,2,9,1,0,0,1
2005,3,2005-04-09,Subiaco,Fremantle,West Coast,West Coast,Daniel Kerr,14,6,6,0,1,0,1
2005,3,2005-04-09,Subiaco,Fremantle,West Coast,West Coast,Quinten Lynch,9,3,1,2,0,1,1
2005,3,2005-04-09,Subiaco,Fremantle,West Coast,West Coast,Phillip Matera,1,1,1,0,0,0,0
2005,3,2005-04-09,Subiaco,Fremantle,West Coast,West Coast,Mark Nicoski,9,6,4,0,0,0,1
2005,3,2005-04-09,Subiaco,Fremantle,West Coast,West Coast,Ashley Sampi,7,2,5,0,3,0,4
2005,3,2005-04-09,Subiaco,Fremantle,West Coast,West Coast,Adam Selwood,13,7,2,0,0,0,3
2005,3,2005-04-09,Subiaco,Fremantle,West Coast,West Coast,Brent Staker,1,0,1,0,0,0,0
2005,3,2005-04-09,Subiaco,Fremantle,West Coast,West Coast,David Wirrpanda,13,3,2,0,0,0,2
2005,3,2005-04-10,Football Park,Adelaide,Port Adelaide,Adelaide,Nathan Bassett,6,2,4,0,0,0,2
2005,3,2005-04-10,Football Park,Adelaide,Port Adelaide,Adelaide,James Begley,4,1,3,0,0,0,0
2005,3,2005-04-10,Football Park,Adelaide,Port Adelaide,Adelaide,Rhett Biglands,7,2,3,0,0,8,1
2005,3,2005-04-10,Football Park,Adelaide,Port Adelaide,Adelaide,Michael Doughty,9,7,15,0,0,0,0
2005,3,2005-04-10,Football Park,Adelaide,Port Adelaide,Adelaide,Tyson Edwards,17,5,7,1,1,0,5
2005,3,2005-04-10,Football Park,Adelaide,Port Adelaide,Adelaide,Simon Goodwin,15,5,9,2,2,0,1
2005,3,2005-04-10,Football Park,Adelaide,Port Adelaide,Adelaide,Trent Hentschel,10,10,5,1,1,0,0
2005,3,2005-04-10,Football Park,Adelaide,Port Adelaide,Adelaide,Ben Hudson,3,7,9,0,0,15,1
2005,3,2005-04-10,Football Park,Adelaide,Port Adelaide,Adelaide,Graham Johncock,14,3,6,1,0,0,4
2005,3,2005-04-10,Football Park,Adelaide,Port Adelaide,Adelaide,Martin Mattner,16,7,6,1,1,0,5
2005,3,2005-04-10,Football Park,Adelaide,Port Adelaide,Adelaide,Ken McGregor,8,3,2,0,0,0,2
2005,3,2005-04-10,Football Park,Adelaide,Port Adelaide,Adelaide,Andrew McLeod,17,4,4,2,0,0,2
2005,3,2005-04-10,Football Park,Adelaide,Port Adelaide,Adelaide,Ian Perrie,5,3,3,0,0,0,0
2005,3,2005-04-10,Football Park,Adelaide,Port Adelaide,Adelaide,Brent Reilly,17,9,5,2,1,0,4
2005,3,2005-04-10,Football Park,Adelaide,Port Adelaide,Adelaide,Mark Ricciuto,15,6,12,1,1,0,1
2005,3,2005-04-10,Football Park,Adelaide,Port Adelaide,Adelaide,Ben Rutten,7,6,3,0,0,0,1
2005,3,2005-04-10,Football Park,Adelaide,Port Adelaide,Adelaide,Robert Shirley,10,5,9,2,0,2,0
2005,3,2005-04-10,Football Park,Adelaide,Port Adelaide,Adelaide,Hayden Skipworth,7,5,8,1,1,0,1
2005,3,2005-04-10,Football Park,Adelaide,Port Adelaide,Adelaide,Scott Thompson,10,4,9,0,0,0,5
2005,3,2005-04-10,Football Park,Adelaide,Port Adelaide,Adelaide,Jason Torney,14,11,7,0,0,0,0
2005,3,2005-04-10,Football Park,Adelaide,Port Adelaide,Adelaide,Nathan van Berlo,2,0,2,0,0,0,0
2005,3,2005-04-10,Football Park,Adelaide,Port Adelaide,Adelaide,Scott Welsh,10,6,0,4,1,0,0
2005,3,2005-04-10,Football Park,Adelaide,Port Adelaide,Port Adelaide,Dean Brogan,3,0,7,0,0,8,1
2005,3,2005-04-10,Football Park,Adelaide,Port Adelaide,Port Adelaide,Domenic Cassisi,7,4,8,0,0,0,3
2005,3,2005-04-10,Football Park,Adelaide,Port Adelaide,Port Adelaide,Stuart Cochrane,5,3,6,0,0,0,1
2005,3,2005-04-10,Football Park,Adelaide,Port Adelaide,Port Adelaide,Chad Cornes,8,4,6,0,1,0,2
2005,3,2005-04-10,Football Park,Adelaide,Port Adelaide,Port Adelaide,Kane Cornes,18,5,5,1,0,0,4
2005,3,2005-04-10,Football Park,Adelaide,Port Adelaide,Port Adelaide,Stuart Dew,13,4,3,3,0,0,3
2005,3,2005-04-10,Football Park,Adelaide,Port Adelaide,Port Adelaide,Brett Ebert,10,4,0,2,0,0,1
2005,3,2005-04-10,Football Park,Adelaide,Port Adelaide,Port Adelaide,Josh Francou,3,0,5,0,0,0,2
2005,3,2005-04-10,Football Park,Adelaide,Port Adelaide,Port Adelaide,Roger James,10,3,2,0,0,0,3
2005,3,2005-04-10,Football Park,Adelaide,Port Adelaide,Port Adelaide,Adam Kingsley,11,4,6,1,0,0,3
2005,3,2005-04-10,Football Park,Adelaide,Port Adelaide,Port Adelaide,Brendon Lade,4,2,5,0,0,6,2
2005,3,2005-04-10,Football Park,Adelaide,Port Adelaide,Port Adelaide,Brett Montgomery,12,9,8,0,0,0,1
2005,3,2005-04-10,Football Park,Adelaide,Port Adelaide,Port Adelaide,Michael Pettigrew,3,1,5,0,0,0,1
2005,3,2005-04-10,Football Park,Adelaide,Port Adelaide,Port Adelaide,Jared Poulton,3,0,1,0,0,1,2
2005,3,2005-04-10,Football Park,Adelaide,Port Adelaide,Port Adelaide,Matthew Primus,2,2,5,0,0,12,2
2005,3,2005-04-10,Football Park,Adelaide,Port Adelaide,Port Adelaide,Aaron Shattock,8,3,3,1,0,1,1
2005,3,2005-04-10,Football Park,Adelaide,Port Adelaide,Port Adelaide,Warren Tredrea,7,3,1,0,2,0,1
2005,3,2005-04-10,Football Park,Adelaide,Port Adelaide,Port Adelaide,Darryl Wakelin,6,5,3,0,0,0,3
2005,3,2005-04-10,Football Park,Adelaide,Port Adelaide,Port Adelaide,Peter Walsh,12,6,8,0,1,0,1
2005,3,2005-04-10,Football Park,Adelaide,Port Adelaide,Port Adelaide,Gavin Wanganeen,13,5,6,0,0,0,0
2005,3,2005-04-10,Football Park,Adelaide,Port Adelaide,Port Adelaide,Damon White,3,7,5,0,1,0,1
2005,3,2005-04-10,Football Park,Adelaide,Port Adelaide,Port Adelaide,Michael Wilson,9,4,9,0,0,0,0
2005,3,2005-04-10,M.C.G.,Essendon,Hawthorn,Essendon,Mark Bolton,10,4,4,0,0,5,2
2005,3,2005-04-10,M.C.G.,Essendon,Hawthorn,Essendon,Kepler Bradley,15,9,11,0,0,0,0
2005,3,2005-04-10,M.C.G.,Essendon,Hawthorn,Essendon,Marcus Bullen,1,0,1,0,0,0,3
2005,3,2005-04-10,M.C.G.,Essendon,Hawthorn,Essendon,Dustin Fletcher,16,8,1,0,0,0,2
2005,3,2005-04-10,M.C.G.,Essendon,Hawthorn,Essendon,Aaron Henneman,7,2,0,1,0,5,2
2005,3,2005-04-10,M.C.G.,Essendon,Hawthorn,Essendon,James Hird,12,6,5,2,1,0,3
2005,3,2005-04-10,M.C.G.,Essendon,Hawthorn,Essendon,Jason Johnson,23,6,5,0,0,0,2
2005,3,2005-04-10,M.C.G.,Essendon,Hawthorn,Essendon,Mark Johnson,13,7,9,0,1,0,4
2005,3,2005-04-10,M.C.G.,Essendon,Hawthorn,Essendon,Jason Laycock,5,2,1,0,1,6,2
2005,3,2005-04-10,M.C.G.,Essendon,Hawthorn,Essendon,Matthew Lloyd,9,5,1,0,3,0,1
2005,3,2005-04-10,M.C.G.,Essendon,Hawthorn,Essendon,Andrew Lovett,12,4,0,1,1,0,3
2005,3,2005-04-10,M.C.G.,Essendon,Hawthorn,Essendon,Scott Lucas,16,7,2,1,1,0,2
2005,3,2005-04-10,M.C.G.,Essendon,Hawthorn,Essendon,Adam McPhee,8,7,1,1,1,0,2
2005,3,2005-04-10,M.C.G.,Essendon,Hawthorn,Essendon,Mark McVeigh,8,1,3,0,0,0,2
2005,3,2005-04-10,M.C.G.,Essendon,Hawthorn,Essendon,Angus Monfries,3,3,2,1,1,0,0
2005,3,2005-04-10,M.C.G.,Essendon,Hawthorn,Essendon,Justin Murphy,8,6,8,0,1,0,1
2005,3,2005-04-10,M.C.G.,Essendon,Hawthorn,Essendon,Damien Peverill,9,3,4,0,0,0,5
2005,3,2005-04-10,M.C.G.,Essendon,Hawthorn,Essendon,Adam Ramanauskas,11,2,3,0,0,0,5
2005,3,2005-04-10,M.C.G.,Essendon,Hawthorn,Essendon,Ted Richards,4,2,2,0,1,0,2
2005,3,2005-04-10,M.C.G.,Essendon,Hawthorn,Essendon,Dean Solomon,10,4,4,3,0,0,7
2005,3,2005-04-10,M.C.G.,Essendon,Hawthorn,Essendon,Brent Stanton,13,8,5,0,0,0,2
2005,3,2005-04-10,M.C.G.,Essendon,Hawthorn,Essendon,Andrew Welsh,13,11,7,0,0,0,3
2005,3,2005-04-10,M.C.G.,Essendon,Hawthorn,Hawthorn,John Barker,6,5,5,1,0,0,1
2005,3,2005-04-10,M.C.G.,Essendon,Hawthorn,Hawthorn,Chance Bateman,12,2,6,0,0,0,2
2005,3,2005-04-10,M.C.G.,Essendon,Hawthorn,Hawthorn,Simon Beaumont,9,6,11,0,0,1,4
2005,3,2005-04-10,M.C.G.,Essendon,Hawthorn,Hawthorn,Campbell Brown,9,2,8,0,0,0,6
2005,3,2005-04-10,M.C.G.,Essendon,Hawthorn,Hawthorn,Tim Clarke,6,2,10,1,0,0,4
2005,3,2005-04-10,M.C.G.,Essendon,Hawthorn,Hawthorn,Shane Crawford,10,1,8,0,0,1,3
2005,3,2005-04-10,M.C.G.,Essendon,Hawthorn,Hawthorn,Trent Croad,19,9,6,0,0,0,0
2005,3,2005-04-10,M.C.G.,Essendon,Hawthorn,Hawthorn,Peter Everitt,11,6,7,0,0,30,1
2005,3,2005-04-10,M.C.G.,Essendon,Hawthorn,Hawthorn,Lance Franklin,7,2,4,1,0,0,0
2005,3,2005-04-10,M.C.G.,Essendon,Hawthorn,Hawthorn,Jonathan Hay,2,3,5,0,0,0,2
2005,3,2005-04-10,M.C.G.,Essendon,Hawthorn,Hawthorn,Luke Hodge,12,2,13,1,2,1,4
2005,3,2005-04-10,M.C.G.,Essendon,Hawthorn,Hawthorn,Danny Jacobs,2,2,2,0,0,0,1
2005,3,2005-04-10,M.C.G.,Essendon,Hawthorn,Hawthorn,Rick Ladson,8,3,5,0,0,0,2
2005,3,2005-04-10,M.C.G.,Essendon,Hawthorn,Hawthorn,Jordan Lewis,9,5,12,0,0,0,5
2005,3,2005-04-10,M.C.G.,Essendon,Hawthorn,Hawthorn,Harry Miller,9,4,1,1,2,0,1
2005,3,2005-04-10,M.C.G.,Essendon,Hawthorn,Hawthorn,Sam Mitchell,6,3,6,0,0,0,4
2005,3,2005-04-10,M.C.G.,Essendon,Hawthorn,Hawthorn,Jarryd Roughead,7,3,5,2,1,0,2
2005,3,2005-04-10,M.C.G.,Essendon,Hawthorn,Hawthorn,Joel Smith,22,8,7,1,0,0,1
2005,3,2005-04-10,M.C.G.,Essendon,Hawthorn,Hawthorn,Simon Taylor,2,0,1,0,0,5,1
2005,3,2005-04-10,M.C.G.,Essendon,Hawthorn,Hawthorn,Josh Thurgood,0,0,0,0,0,0,0
2005,3,2005-04-10,M.C.G.,Essendon,Hawthorn,Hawthorn,Richard Vandenberg,9,5,8,0,0,0,0
2005,3,2005-04-10,M.C.G.,Essendon,Hawthorn,Hawthorn,Mark Williams,8,4,1,3,3,0,0
2005,3,2005-04-10,Docklands,Western Bulldogs,Richmond,Western Bulldogs,Daniel Bandy,7,5,2,1,0,7,0
2005,3,2005-04-10,Docklands,Western Bulldogs,Richmond,Western Bulldogs,Shane Birss,12,4,7,0,0,0,3
2005,3,2005-04-10,Docklands,Western Bulldogs,Richmond,Western Bulldogs,Patrick Bowden,8,7,5,2,3,0,2
2005,3,2005-04-10,Docklands,Western Bulldogs,Richmond,Western Bulldogs,Matthew Boyd,11,4,6,1,1,0,2
2005,3,2005-04-10,Docklands,Western Bulldogs,Richmond,Western Bulldogs,Adam Cooney,11,7,6,0,0,0,2
2005,3,2005-04-10,Docklands,Western Bulldogs,Richmond,Western Bulldogs,Daniel Cross,10,5,11,0,1,2,5
2005,3,2005-04-10,Docklands,Western Bulldogs,Richmond,Western Bulldogs,Luke Darcy,11,12,6,0,0,17,1
2005,3,2005-04-10,Docklands,Western Bulldogs,Richmond,Western Bulldogs,Nathan Eagleton,17,8,4,1,1,0,2
2005,3,2005-04-10,Docklands,Western Bulldogs,Richmond,Western Bulldogs,Cameron Faulkner,10,5,2,0,2,0,5
2005,3,2005-04-10,Docklands,Western Bulldogs,Richmond,Western Bulldogs,Daniel Giansiracusa,18,13,14,1,1,0,1
2005,3,2005-04-10,Docklands,Western Bulldogs,Richmond,Western Bulldogs,Lindsay Gilbee,17,6,3,0,0,0,1
2005,3,2005-04-10,Docklands,Western Bulldogs,Richmond,Western Bulldogs,Chris Grant,6,3,4,0,0,0,2
2005,3,2005-04-10,Docklands,Western Bulldogs,Richmond,Western Bulldogs,Mitch Hahn,8,5,7,2,2,0,5
2005,3,2005-04-10,Docklands,Western Bulldogs,Richmond,Western Bulldogs,Ryan Hargrave,10,4,6,0,0,0,1
2005,3,2005-04-10,Docklands,Western Bulldogs,Richmond,Western Bulldogs,Ben Harrison,3,1,0,0,0,0,0
2005,3,2005-04-10,Docklands,Western Bulldogs,Richmond,Western Bulldogs,Brad Johnson,11,8,6,2,4,1,0
2005,3,2005-04-10,Docklands,Western Bulldogs,Richmond,Western Bulldogs,Brian Lake,5,2,3,0,0,0,1
2005,3,2005-04-10,Docklands,Western Bulldogs,Richmond,Western Bulldogs,Jordan McMahon,8,4,8,1,0,0,1
2005,3,2005-04-10,Docklands,Western Bulldogs,Richmond,Western Bulldogs,Robert Murphy,15,8,4,0,0,0,2
2005,3,2005-04-10,Docklands,Western Bulldogs,Richmond,Western Bulldogs,Jade Rawlings,10,10,7,0,0,0,1
2005,3,2005-04-10,Docklands,Western Bulldogs,Richmond,Western Bulldogs,Rohan Smith,10,5,5,0,1,0,1
2005,3,2005-04-10,Docklands,Western Bulldogs,Richmond,Western Bulldogs,Scott West,7,7,13,0,0,0,1
2005,3,2005-04-10,Docklands,Western Bulldogs,Richmond,Richmond,Joel Bowden,17,9,8,0,2,0,1
2005,3,2005-04-10,Docklands,Western Bulldogs,Richmond,Richmond,Nathan Brown,17,5,3,3,1,0,0
2005,3,2005-04-10,Docklands,Western Bulldogs,Richmond,Richmond,Wayne Campbell,12,6,11,1,0,0,0
2005,3,2005-04-10,Docklands,Western Bulldogs,Richmond,Richmond,Mark Chaffey,10,6,6,0,0,0,3
2005,3,2005-04-10,Docklands,Western Bulldogs,Richmond,Richmond,Mark Coughlan,15,5,4,1,1,0,3
2005,3,2005-04-10,Docklands,Western Bulldogs,Richmond,Richmond,Brett Deledio,7,5,7,0,1,0,4
2005,3,2005-04-10,Docklands,Western Bulldogs,Richmond,Richmond,Darren Gaspar,14,8,5,0,0,1,0
2005,3,2005-04-10,Docklands,Western Bulldogs,Richmond,Richmond,Mark Graham,1,3,6,0,0,0,1
2005,3,2005-04-10,Docklands,Western Bulldogs,Richmond,Richmond,Brent Hartigan,7,2,6,0,0,0,0
2005,3,2005-04-10,Docklands,Western Bulldogs,Richmond,Richmond,Chris Hyde,17,6,12,0,0,0,3
2005,3,2005-04-10,Docklands,Western Bulldogs,Richmond,Richmond,Daniel Jackson,8,1,6,0,1,1,1
2005,3,2005-04-10,Docklands,Western Bulldogs,Richmond,Richmond,Andrew Kellaway,12,11,9,0,0,0,1
2005,3,2005-04-10,Docklands,Western Bulldogs,Richmond,Richmond,Trent Knobel,1,3,7,0,0,9,1
2005,3,2005-04-10,Docklands,Western Bulldogs,Richmond,Richmond,Andrew Krakouer,14,4,5,2,0,1,2
2005,3,2005-04-10,Docklands,Western Bulldogs,Richmond,Richmond,Chris Newman,9,3,3,0,0,0,1
2005,3,2005-04-10,Docklands,Western Bulldogs,Richmond,Richmond,Kayne Pettifer,9,8,4,0,0,0,0
2005,3,2005-04-10,Docklands,Western Bulldogs,Richmond,Richmond,Andrew Raines,5,3,3,0,0,0,1
2005,3,2005-04-10,Docklands,Western Bulldogs,Richmond,Richmond,Matthew Richardson,16,15,3,4,4,1,1
2005,3,2005-04-10,Docklands,Western Bulldogs,Richmond,Richmond,Troy Simmonds,6,4,3,0,0,3,1
2005,3,2005-04-10,Docklands,Western Bulldogs,Richmond,Richmond,Greg Stafford,3,3,3,0,1,7,0
2005,3,2005-04-10,Docklands,Western Bulldogs,Richmond,Richmond,Greg Tivendale,11,6,3,1,1,0,1
2005,3,2005-04-10,Docklands,Western Bulldogs,Richmond,Richmond,Shane Tuck,14,3,10,0,1,3,3
2005,4,2005-04-15,M.C.G.,Kangaroos,Collingwood,Kangaroos,Glenn Archer,18,4,2,2,0,0,3
2005,4,2005-04-15,M.C.G.,Kangaroos,Collingwood,Kangaroos,Leigh Brown,5,2,3,0,0,2,3
2005,4,2005-04-15,M.C.G.,Kangaroos,Collingwood,Kangaroos,Leigh Colbert,4,2,2,0,0,1,0
2005,4,2005-04-15,M.C.G.,Kangaroos,Collingwood,Kangaroos,Michael Firrito,9,6,5,1,1,1,1
2005,4,2005-04-15,M.C.G.,Kangaroos,Collingwood,Kangaroos,Shannon Grant,18,11,7,1,0,0,4
2005,4,2005-04-15,M.C.G.,Kangaroos,Collingwood,Kangaroos,Blake Grima,5,3,5,0,0,0,1
2005,4,2005-04-15,M.C.G.,Kangaroos,Collingwood,Kangaroos,David Hale,7,5,3,1,0,12,3
2005,4,2005-04-15,M.C.G.,Kangaroos,Collingwood,Kangaroos,Daniel Harris,4,2,4,0,0,0,1
2005,4,2005-04-15,M.C.G.,Kangaroos,Collingwood,Kangaroos,Brent Harvey,23,7,5,1,0,0,3
2005,4,2005-04-15,M.C.G.,Kangaroos,Collingwood,Kangaroos,Corey Jones,11,4,3,3,3,0,5
2005,4,2005-04-15,M.C.G.,Kangaroos,Collingwood,Kangaroos,Troy Makepeace,13,6,4,0,0,0,1
2005,4,2005-04-15,M.C.G.,Kangaroos,Collingwood,Kangaroos,Drew Petrie,9,5,4,0,0,7,3
2005,4,2005-04-15,M.C.G.,Kangaroos,Collingwood,Kangaroos,Lance Picioane,9,0,6,0,1,0,2
2005,4,2005-04-15,M.C.G.,Kangaroos,Collingwood,Kangaroos,Daniel Pratt,10,4,1,0,0,0,5
2005,4,2005-04-15,M.C.G.,Kangaroos,Collingwood,Kangaroos,Saverio Rocca,4,2,2,1,1,1,0
2005,4,2005-04-15,M.C.G.,Kangaroos,Collingwood,Kangaroos,Eddie Sansbury,3,2,4,1,0,0,0
2005,4,2005-04-15,M.C.G.,Kangaroos,Collingwood,Kangaroos,Adam Simpson,10,4,11,1,0,2,2
2005,4,2005-04-15,M.C.G.,Kangaroos,Collingwood,Kangaroos,Jess Sinclair,19,14,7,0,0,0,1
2005,4,2005-04-15,M.C.G.,Kangaroos,Collingwood,Kangaroos,Michael Stevens,15,8,3,1,0,0,0
2005,4,2005-04-15,M.C.G.,Kangaroos,Collingwood,Kangaroos,Nathan Thompson,8,5,3,1,0,5,1
2005,4,2005-04-15,M.C.G.,Kangaroos,Collingwood,Kangaroos,Shannon Watt,7,6,4,0,0,0,0
2005,4,2005-04-15,M.C.G.,Kangaroos,Collingwood,Kangaroos,Daniel Wells,18,7,8,0,1,0,2
2005,4,2005-04-15,M.C.G.,Kangaroos,Collingwood,Collingwood,Scott Burns,14,7,13,2,0,0,1
2005,4,2005-04-15,M.C.G.,Kangaroos,Collingwood,Collingwood,Blake Caracella,12,7,4,1,1,0,1
2005,4,2005-04-15,M.C.G.,Kangaroos,Collingwood,Collingwood,James Clement,6,3,4,0,0,0,1
2005,4,2005-04-15,M.C.G.,Kangaroos,Collingwood,Collingwood,Cameron Cloke,6,2,4,0,1,17,2
2005,4,2005-04-15,M.C.G.,Kangaroos,Collingwood,Collingwood,Richard Cole,8,0,7,0,0,0,1
2005,4,2005-04-15,M.C.G.,Kangaroos,Collingwood,Collingwood,Leon Davis,6,1,3,0,2,1,1
2005,4,2005-04-15,M.C.G.,Kangaroos,Collingwood,Collingwood,Brodie Holland,15,2,9,0,0,0,2
2005,4,2005-04-15,M.C.G.,Kangaroos,Collingwood,Collingwood,Ben Johnson,18,6,3,0,0,0,1
2005,4,2005-04-15,M.C.G.,Kangaroos,Collingwood,Collingwood,Paul Licuria,17,4,7,0,1,0,2
2005,4,2005-04-15,M.C.G.,Kangaroos,Collingwood,Collingwood,Tarkyn Lockyer,9,5,6,0,0,0,1
2005,4,2005-04-15,M.C.G.,Kangaroos,Collingwood,Collingwood,Nick Maxwell,3,2,3,0,0,0,0
2005,4,2005-04-15,M.C.G.,Kangaroos,Collingwood,Collingwood,Chad Morrison,9,6,11,0,0,0,1
2005,4,2005-04-15,M.C.G.,Kangaroos,Collingwood,Collingwood,Shane OBree,9,4,9,2,0,0,5
2005,4,2005-04-15,M.C.G.,Kangaroos,Collingwood,Collingwood,Simon Prestigiacomo,5,2,4,0,0,1,0
2005,4,2005-04-15,M.C.G.,Kangaroos,Collingwood,Collingwood,Anthony Rocca,3,3,2,3,0,1,3
2005,4,2005-04-15,M.C.G.,Kangaroos,Collingwood,Collingwood,Julian Rowe,2,1,0,0,0,0,0
2005,4,2005-04-15,M.C.G.,Kangaroos,Collingwood,Collingwood,Rhyce Shaw,11,4,9,0,0,0,0
2005,4,2005-04-15,M.C.G.,Kangaroos,Collingwood,Collingwood,Chris Tarrant,8,6,3,4,2,0,2
2005,4,2005-04-15,M.C.G.,Kangaroos,Collingwood,Collingwood,Shane Wakelin,11,5,4,0,0,1,2
2005,4,2005-04-15,M.C.G.,Kangaroos,Collingwood,Collingwood,Tristen Walker,5,3,1,1,1,3,3
2005,4,2005-04-15,M.C.G.,Kangaroos,Collingwood,Collingwood,Andrew Williams,6,4,3,0,1,0,0
2005,4,2005-04-15,M.C.G.,Kangaroos,Collingwood,Collingwood,Shane Woewodin,3,1,3,0,1,1,3
2005,4,2005-04-16,M.C.G.,Hawthorn,Brisbane Lions,Hawthorn,John Barker,10,8,8,1,1,0,0
2005,4,2005-04-16,M.C.G.,Hawthorn,Brisbane Lions,Hawthorn,Chance Bateman,15,4,2,1,0,0,1
2005,4,2005-04-16,M.C.G.,Hawthorn,Brisbane Lions,Hawthorn,Simon Beaumont,10,4,3,0,0,0,0
2005,4,2005-04-16,M.C.G.,Hawthorn,Brisbane Lions,Hawthorn,Campbell Brown,9,6,13,0,0,0,2
2005,4,2005-04-16,M.C.G.,Hawthorn,Brisbane Lions,Hawthorn,Tim Clarke,11,7,11,1,0,0,3
2005,4,2005-04-16,M.C.G.,Hawthorn,Brisbane Lions,Hawthorn,Shane Crawford,14,8,18,1,0,1,4
2005,4,2005-04-16,M.C.G.,Hawthorn,Brisbane Lions,Hawthorn,Trent Croad,15,8,13,0,0,0,1
2005,4,2005-04-16,M.C.G.,Hawthorn,Brisbane Lions,Hawthorn,Ben Dixon,3,2,5,1,0,0,2
2005,4,2005-04-16,M.C.G.,Hawthorn,Brisbane Lions,Hawthorn,Peter Everitt,17,8,6,2,1,29,2
2005,4,2005-04-16,M.C.G.,Hawthorn,Brisbane Lions,Hawthorn,Lance Franklin,8,6,6,1,1,0,1
2005,4,2005-04-16,M.C.G.,Hawthorn,Brisbane Lions,Hawthorn,Jonathan Hay,1,0,3,0,0,0,0
2005,4,2005-04-16,M.C.G.,Hawthorn,Brisbane Lions,Hawthorn,Luke Hodge,14,3,3,1,0,1,3
2005,4,2005-04-16,M.C.G.,Hawthorn,Brisbane Lions,Hawthorn,Rick Ladson,5,3,5,0,0,0,3
2005,4,2005-04-16,M.C.G.,Hawthorn,Brisbane Lions,Hawthorn,Jordan Lewis,9,3,9,0,0,0,3
2005,4,2005-04-16,M.C.G.,Hawthorn,Brisbane Lions,Hawthorn,Harry Miller,13,4,6,1,0,1,2
2005,4,2005-04-16,M.C.G.,Hawthorn,Brisbane Lions,Hawthorn,Sam Mitchell,21,5,15,0,1,0,7
2005,4,2005-04-16,M.C.G.,Hawthorn,Brisbane Lions,Hawthorn,Michael Osborne,9,4,6,1,0,0,1
2005,4,2005-04-16,M.C.G.,Hawthorn,Brisbane Lions,Hawthorn,Nick Ries,5,5,11,0,0,0,2
2005,4,2005-04-16,M.C.G.,Hawthorn,Brisbane Lions,Hawthorn,Jarryd Roughead,1,3,6,1,0,0,2
2005,4,2005-04-16,M.C.G.,Hawthorn,Brisbane Lions,Hawthorn,Simon Taylor,4,2,4,0,0,9,0
2005,4,2005-04-16,M.C.G.,Hawthorn,Brisbane Lions,Hawthorn,Richard Vandenberg,15,11,14,0,0,0,4
2005,4,2005-04-16,M.C.G.,Hawthorn,Brisbane Lions,Hawthorn,Mark Williams,9,7,2,6,2,0,1
2005,4,2005-04-16,M.C.G.,Hawthorn,Brisbane Lions,Brisbane Lions,Jed Adcock,9,4,3,0,0,0,1
2005,4,2005-04-16,M.C.G.,Hawthorn,Brisbane Lions,Brisbane Lions,Jason Akermanis,11,2,6,0,0,0,8
2005,4,2005-04-16,M.C.G.,Hawthorn,Brisbane Lions,Brisbane Lions,Jayden Attard,1,0,4,0,0,0,4
2005,4,2005-04-16,M.C.G.,Hawthorn,Brisbane Lions,Brisbane Lions,Simon Black,14,3,12,0,0,0,4
2005,4,2005-04-16,M.C.G.,Hawthorn,Brisbane Lions,Brisbane Lions,Daniel Bradshaw,8,6,2,2,0,0,0
2005,4,2005-04-16,M.C.G.,Hawthorn,Brisbane Lions,Brisbane Lions,Jamie Charman,6,3,3,0,1,19,1
2005,4,2005-04-16,M.C.G.,Hawthorn,Brisbane Lions,Brisbane Lions,Robert Copeland,2,0,2,0,0,0,2
2005,4,2005-04-16,M.C.G.,Hawthorn,Brisbane Lions,Brisbane Lions,Anthony Corrie,12,3,4,1,1,0,3
2005,4,2005-04-16,M.C.G.,Hawthorn,Brisbane Lions,Brisbane Lions,Chris Johnson,6,2,6,1,0,0,1
2005,4,2005-04-16,M.C.G.,Hawthorn,Brisbane Lions,Brisbane Lions,Justin Leppitsch,7,5,5,0,0,0,0
2005,4,2005-04-16,M.C.G.,Hawthorn,Brisbane Lions,Brisbane Lions,Joel Macdonald,5,0,6,0,0,0,0
2005,4,2005-04-16,M.C.G.,Hawthorn,Brisbane Lions,Brisbane Lions,Ashley McGrath,3,1,3,1,0,0,4
2005,4,2005-04-16,M.C.G.,Hawthorn,Brisbane Lions,Brisbane Lions,Dylan McLaren,5,2,3,1,0,13,5
2005,4,2005-04-16,M.C.G.,Hawthorn,Brisbane Lions,Brisbane Lions,Mal Michael,12,9,5,0,0,1,0
2005,4,2005-04-16,M.C.G.,Hawthorn,Brisbane Lions,Brisbane Lions,Tim Notting,3,1,2,0,1,0,1
2005,4,2005-04-16,M.C.G.,Hawthorn,Brisbane Lions,Brisbane Lions,Martin Pike,5,0,1,0,1,0,0
2005,4,2005-04-16,M.C.G.,Hawthorn,Brisbane Lions,Brisbane Lions,Luke Power,13,3,6,0,1,0,8
2005,4,2005-04-16,M.C.G.,Hawthorn,Brisbane Lions,Brisbane Lions,Brad Scott,2,0,3,0,0,1,2
2005,4,2005-04-16,M.C.G.,Hawthorn,Brisbane Lions,Brisbane Lions,Chris Scott,1,1,2,0,0,0,2
2005,4,2005-04-16,M.C.G.,Hawthorn,Brisbane Lions,Brisbane Lions,Troy Selwood,5,3,1,0,0,0,0
2005,4,2005-04-16,M.C.G.,Hawthorn,Brisbane Lions,Brisbane Lions,Justin Sherman,10,3,4,3,1,0,5
2005,4,2005-04-16,M.C.G.,Hawthorn,Brisbane Lions,Brisbane Lions,Darryl White,6,3,0,1,0,0,1
2005,4,2005-04-16,Subiaco,West Coast,Western Bulldogs,West Coast,Damien Adkins,7,1,5,2,1,0,3
2005,4,2005-04-16,Subiaco,West Coast,Western Bulldogs,West Coast,Drew Banfield,4,2,7,0,0,0,1
2005,4,2005-04-16,Subiaco,West Coast,Western Bulldogs,West Coast,Michael Braun,18,7,16,0,0,0,3
2005,4,2005-04-16,Subiaco,West Coast,Western Bulldogs,West Coast,Sam Butler,9,1,3,1,1,0,0
2005,4,2005-04-16,Subiaco,West Coast,Western Bulldogs,West Coast,Daniel Chick,9,3,9,0,0,0,2
2005,4,2005-04-16,Subiaco,West Coast,Western Bulldogs,West Coast,Ben Cousins,17,5,14,4,0,0,2
2005,4,2005-04-16,Subiaco,West Coast,Western Bulldogs,West Coast,Dean Cox,7,4,13,1,1,29,1
2005,4,2005-04-16,Subiaco,West Coast,Western Bulldogs,West Coast,Andrew Embley,14,4,10,0,1,0,3
2005,4,2005-04-16,Subiaco,West Coast,Western Bulldogs,West Coast,Chad Fletcher,14,4,10,3,0,0,4
2005,4,2005-04-16,Subiaco,West Coast,Western Bulldogs,West Coast,Darren Glass,7,4,8,0,0,0,1
2005,4,2005-04-16,Subiaco,West Coast,Western Bulldogs,West Coast,Jaymie Graham,4,0,4,1,0,0,2
2005,4,2005-04-16,Subiaco,West Coast,Western Bulldogs,West Coast,Ashley Hansen,9,4,6,1,2,0,7
2005,4,2005-04-16,Subiaco,West Coast,Western Bulldogs,West Coast,Adam Hunter,5,3,5,0,0,0,2
2005,4,2005-04-16,Subiaco,West Coast,Western Bulldogs,West Coast,Brett Jones,8,5,3,0,3,0,0
2005,4,2005-04-16,Subiaco,West Coast,Western Bulldogs,West Coast,Chris Judd,22,7,14,2,0,0,1
2005,4,2005-04-16,Subiaco,West Coast,Western Bulldogs,West Coast,Quinten Lynch,7,3,1,0,3,1,0
2005,4,2005-04-16,Subiaco,West Coast,Western Bulldogs,West Coast,Phillip Matera,8,2,6,3,3,0,3
2005,4,2005-04-16,Subiaco,West Coast,Western Bulldogs,West Coast,Ashley Sampi,5,0,9,2,1,0,2
2005,4,2005-04-16,Subiaco,West Coast,Western Bulldogs,West Coast,Mark Seaby,5,1,7,0,0,4,1
2005,4,2005-04-16,Subiaco,West Coast,Western Bulldogs,West Coast,Adam Selwood,10,4,4,0,0,1,3
2005,4,2005-04-16,Subiaco,West Coast,Western Bulldogs,West Coast,Tyson Stenglein,10,3,5,0,0,0,3
2005,4,2005-04-16,Subiaco,West Coast,Western Bulldogs,West Coast,David Wirrpanda,14,6,9,1,0,0,1
2005,4,2005-04-16,Subiaco,West Coast,Western Bulldogs,Western Bulldogs,Shane Birss,5,3,3,0,0,0,4
2005,4,2005-04-16,Subiaco,West Coast,Western Bulldogs,Western Bulldogs,Patrick Bowden,2,2,2,0,0,0,0
2005,4,2005-04-16,Subiaco,West Coast,Western Bulldogs,Western Bulldogs,Adam Cooney,10,1,5,0,0,0,2
2005,4,2005-04-16,Subiaco,West Coast,Western Bulldogs,Western Bulldogs,Daniel Cross,8,8,13,0,0,0,3
2005,4,2005-04-16,Subiaco,West Coast,Western Bulldogs,Western Bulldogs,Luke Darcy,13,13,7,2,2,18,0
2005,4,2005-04-16,Subiaco,West Coast,Western Bulldogs,Western Bulldogs,Nathan Eagleton,10,4,6,1,1,0,2
2005,4,2005-04-16,Subiaco,West Coast,Western Bulldogs,Western Bulldogs,Cameron Faulkner,3,1,0,1,0,0,0
2005,4,2005-04-16,Subiaco,West Coast,Western Bulldogs,Western Bulldogs,Daniel Giansiracusa,14,7,3,0,1,0,3
2005,4,2005-04-16,Subiaco,West Coast,Western Bulldogs,Western Bulldogs,Lindsay Gilbee,25,10,2,4,0,0,2
2005,4,2005-04-16,Subiaco,West Coast,Western Bulldogs,Western Bulldogs,Chris Grant,7,3,3,4,0,0,1
2005,4,2005-04-16,Subiaco,West Coast,Western Bulldogs,Western Bulldogs,Ryan Griffen,9,2,3,2,0,0,1
2005,4,2005-04-16,Subiaco,West Coast,Western Bulldogs,Western Bulldogs,Mitch Hahn,6,2,4,0,0,1,3
2005,4,2005-04-16,Subiaco,West Coast,Western Bulldogs,Western Bulldogs,Ryan Hargrave,5,4,3,0,0,0,2
2005,4,2005-04-16,Subiaco,West Coast,Western Bulldogs,Western Bulldogs,Brad Johnson,16,11,10,0,0,1,5
2005,4,2005-04-16,Subiaco,West Coast,Western Bulldogs,Western Bulldogs,Brian Lake,7,5,2,0,0,0,1
2005,4,2005-04-16,Subiaco,West Coast,Western Bulldogs,Western Bulldogs,Jordan McMahon,13,6,7,0,0,0,3
2005,4,2005-04-16,Subiaco,West Coast,Western Bulldogs,Western Bulldogs,Will Minson,2,2,3,0,0,10,1
2005,4,2005-04-16,Subiaco,West Coast,Western Bulldogs,Western Bulldogs,Robert Murphy,12,8,6,1,0,0,3
2005,4,2005-04-16,Subiaco,West Coast,Western Bulldogs,Western Bulldogs,Sam Power,15,9,9,1,0,0,3
2005,4,2005-04-16,Subiaco,West Coast,Western Bulldogs,Western Bulldogs,Jade Rawlings,5,7,3,0,1,0,3
2005,4,2005-04-16,Subiaco,West Coast,Western Bulldogs,Western Bulldogs,Rohan Smith,7,2,9,1,0,0,1
2005,4,2005-04-16,Subiaco,West Coast,Western Bulldogs,Western Bulldogs,Scott West,14,4,14,0,0,0,7
2005,4,2005-04-16,Docklands,Geelong,Essendon,Geelong,Gary Ablett,10,3,11,2,1,0,6
2005,4,2005-04-16,Docklands,Geelong,Essendon,Geelong,Jimmy Bartel,14,9,6,2,1,0,2
2005,4,2005-04-16,Docklands,Geelong,Essendon,Geelong,Shannon Byrnes,6,3,6,0,1,0,1
2005,4,2005-04-16,Docklands,Geelong,Essendon,Geelong,Paul Chapman,15,0,2,2,2,0,4
2005,4,2005-04-16,Docklands,Geelong,Essendon,Geelong,Joel Corey,12,3,9,0,0,2,7
2005,4,2005-04-16,Docklands,Geelong,Essendon,Geelong,Corey Enright,25,7,6,0,0,0,2
2005,4,2005-04-16,Docklands,Geelong,Essendon,Geelong,Charlie Gardiner,5,6,6,1,0,0,1
2005,4,2005-04-16,Docklands,Geelong,Essendon,Geelong,Tom Harley,4,3,4,0,0,0,1
2005,4,2005-04-16,Docklands,Geelong,Essendon,Geelong,Josh Hunt,16,5,6,0,0,1,0
2005,4,2005-04-16,Docklands,Geelong,Essendon,Geelong,David Johnson,7,4,1,1,0,0,2
2005,4,2005-04-16,Docklands,Geelong,Essendon,Geelong,Steve Johnson,12,7,6,2,2,0,2
2005,4,2005-04-16,Docklands,Geelong,Essendon,Geelong,James Kelly,14,6,7,1,0,0,7
2005,4,2005-04-16,Docklands,Geelong,Essendon,Geelong,Steven King,6,5,9,0,0,8,2
2005,4,2005-04-16,Docklands,Geelong,Essendon,Geelong,Kent Kingsley,12,8,3,3,2,0,1
2005,4,2005-04-16,Docklands,Geelong,Essendon,Geelong,Cameron Ling,10,3,10,0,0,0,1
2005,4,2005-04-16,Docklands,Geelong,Essendon,Geelong,Darren Milburn,13,6,9,0,0,0,3
2005,4,2005-04-16,Docklands,Geelong,Essendon,Geelong,Brad Ottens,8,8,9,2,1,15,0
2005,4,2005-04-16,Docklands,Geelong,Essendon,Geelong,Henry Playfair,9,8,3,2,3,0,2
2005,4,2005-04-16,Docklands,Geelong,Essendon,Geelong,Peter Riccardi,12,5,4,1,0,0,4
2005,4,2005-04-16,Docklands,Geelong,Essendon,Geelong,Max Rooke,8,4,4,0,0,0,4
2005,4,2005-04-16,Docklands,Geelong,Essendon,Geelong,Matthew Scarlett,2,2,3,0,0,0,1
2005,4,2005-04-16,Docklands,Geelong,Essendon,Geelong,Kane Tenace,3,1,1,0,1,0,1
2005,4,2005-04-16,Docklands,Geelong,Essendon,Essendon,Mark Bolton,5,5,3,0,0,1,1
2005,4,2005-04-16,Docklands,Geelong,Essendon,Essendon,Kepler Bradley,10,6,7,0,0,0,1
2005,4,2005-04-16,Docklands,Geelong,Essendon,Essendon,Ricky Dyson,11,6,3,0,0,0,0
2005,4,2005-04-16,Docklands,Geelong,Essendon,Essendon,Dustin Fletcher,12,3,0,0,0,0,0
2005,4,2005-04-16,Docklands,Geelong,Essendon,Essendon,Ben Haynes,13,6,2,0,1,0,0
2005,4,2005-04-16,Docklands,Geelong,Essendon,Essendon,Aaron Henneman,1,0,2,0,0,9,4
2005,4,2005-04-16,Docklands,Geelong,Essendon,Essendon,James Hird,16,6,7,1,1,0,1
2005,4,2005-04-16,Docklands,Geelong,Essendon,Essendon,Jason Johnson,19,8,8,0,0,0,2
2005,4,2005-04-16,Docklands,Geelong,Essendon,Essendon,Mark Johnson,13,7,7,1,1,0,2
2005,4,2005-04-16,Docklands,Geelong,Essendon,Essendon,Jason Laycock,7,3,1,1,0,7,0
2005,4,2005-04-16,Docklands,Geelong,Essendon,Essendon,Matthew Lloyd,8,4,2,5,2,0,0
2005,4,2005-04-16,Docklands,Geelong,Essendon,Essendon,Andrew Lovett,7,5,6,0,2,0,4
2005,4,2005-04-16,Docklands,Geelong,Essendon,Essendon,Nathan Lovett-Murray,2,0,4,0,0,1,2
2005,4,2005-04-16,Docklands,Geelong,Essendon,Essendon,Scott Lucas,8,6,3,2,0,0,2
2005,4,2005-04-16,Docklands,Geelong,Essendon,Essendon,Adam McPhee,12,8,5,0,0,2,1
2005,4,2005-04-16,Docklands,Geelong,Essendon,Essendon,Mark McVeigh,9,6,3,0,0,0,3
2005,4,2005-04-16,Docklands,Geelong,Essendon,Essendon,Angus Monfries,6,2,3,1,0,0,1
2005,4,2005-04-16,Docklands,Geelong,Essendon,Essendon,Damien Peverill,13,1,13,0,1,1,3
2005,4,2005-04-16,Docklands,Geelong,Essendon,Essendon,Dean Solomon,5,2,5,0,0,0,6
2005,4,2005-04-16,Docklands,Geelong,Essendon,Essendon,Brent Stanton,5,2,3,0,0,0,2
2005,4,2005-04-16,Docklands,Geelong,Essendon,Essendon,Paul Thomas,2,2,9,0,0,0,2
2005,4,2005-04-16,Docklands,Geelong,Essendon,Essendon,Andrew Welsh,3,2,3,0,0,0,2
2005,4,2005-04-16,Football Park,Port Adelaide,Carlton,Port Adelaide,Dean Brogan,1,2,6,0,0,10,1
2005,4,2005-04-16,Football Park,Port Adelaide,Carlton,Port Adelaide,Peter Burgoyne,16,3,7,2,2,0,5
2005,4,2005-04-16,Football Park,Port Adelaide,Carlton,Port Adelaide,Domenic Cassisi,7,0,9,0,0,0,0
2005,4,2005-04-16,Football Park,Port Adelaide,Carlton,Port Adelaide,Troy Chaplin,5,3,6,0,0,0,2
2005,4,2005-04-16,Football Park,Port Adelaide,Carlton,Port Adelaide,Stuart Cochrane,4,3,6,0,0,0,5
2005,4,2005-04-16,Football Park,Port Adelaide,Carlton,Port Adelaide,Kane Cornes,15,3,10,0,0,1,3
2005,4,2005-04-16,Football Park,Port Adelaide,Carlton,Port Adelaide,Stuart Dew,15,4,7,1,0,0,3
2005,4,2005-04-16,Football Park,Port Adelaide,Carlton,Port Adelaide,Brett Ebert,9,2,3,2,0,0,0
2005,4,2005-04-16,Football Park,Port Adelaide,Carlton,Port Adelaide,Josh Francou,9,5,6,0,1,0,5
2005,4,2005-04-16,Football Park,Port Adelaide,Carlton,Port Adelaide,Roger James,4,1,5,0,0,0,3
2005,4,2005-04-16,Football Park,Port Adelaide,Carlton,Port Adelaide,Adam Kingsley,14,4,7,0,2,0,6
2005,4,2005-04-16,Football Park,Port Adelaide,Carlton,Port Adelaide,Brendon Lade,4,2,3,0,1,6,1
2005,4,2005-04-16,Football Park,Port Adelaide,Carlton,Port Adelaide,Brett Montgomery,13,6,1,2,0,0,2
2005,4,2005-04-16,Football Park,Port Adelaide,Carlton,Port Adelaide,Matthew Primus,8,5,7,1,0,14,3
2005,4,2005-04-16,Football Park,Port Adelaide,Carlton,Port Adelaide,Aaron Shattock,5,3,2,0,0,0,0
2005,4,2005-04-16,Football Park,Port Adelaide,Carlton,Port Adelaide,Toby Thurstans,8,4,3,2,0,2,1
2005,4,2005-04-16,Football Park,Port Adelaide,Carlton,Port Adelaide,Warren Tredrea,14,9,3,2,5,0,0
2005,4,2005-04-16,Football Park,Port Adelaide,Carlton,Port Adelaide,Darryl Wakelin,11,10,4,0,0,0,0
2005,4,2005-04-16,Football Park,Port Adelaide,Carlton,Port Adelaide,Peter Walsh,11,6,10,0,0,0,2
2005,4,2005-04-16,Football Park,Port Adelaide,Carlton,Port Adelaide,Gavin Wanganeen,8,2,4,1,0,0,0
2005,4,2005-04-16,Football Park,Port Adelaide,Carlton,Port Adelaide,Damon White,7,3,3,2,3,0,1
2005,4,2005-04-16,Football Park,Port Adelaide,Carlton,Port Adelaide,Michael Wilson,6,6,8,0,0,0,4
2005,4,2005-04-16,Football Park,Port Adelaide,Carlton,Carlton,Eddie Betts,0,0,0,0,0,0,2
2005,4,2005-04-16,Football Park,Port Adelaide,Carlton,Carlton,Glen Bowyer,5,1,7,0,0,0,3
2005,4,2005-04-16,Football Park,Port Adelaide,Carlton,Carlton,Andrew Carrazzo,14,6,5,1,0,0,1
2005,4,2005-04-16,Football Park,Port Adelaide,Carlton,Carlton,Callum Chambers,8,5,0,2,0,0,0
2005,4,2005-04-16,Football Park,Port Adelaide,Carlton,Carlton,Justin Davies,5,2,2,0,1,0,1
2005,4,2005-04-16,Football Park,Port Adelaide,Carlton,Carlton,Adrian De Luca,4,2,1,0,0,3,2
2005,4,2005-04-16,Football Park,Port Adelaide,Carlton,Carlton,Brendan Fevola,16,8,1,4,4,0,1
2005,4,2005-04-16,Football Park,Port Adelaide,Carlton,Carlton,Barnaby French,3,2,5,1,0,22,5
2005,4,2005-04-16,Football Park,Port Adelaide,Carlton,Carlton,Ryan Houlihan,22,7,4,1,0,0,2
2005,4,2005-04-16,Football Park,Port Adelaide,Carlton,Carlton,Brett Johnson,15,6,8,0,3,0,5
2005,4,2005-04-16,Football Park,Port Adelaide,Carlton,Carlton,Anthony Koutoufides,8,2,9,0,1,0,3
2005,4,2005-04-16,Football Park,Port Adelaide,Carlton,Carlton,Matthew Lappin,7,2,5,1,0,0,3
2005,4,2005-04-16,Football Park,Port Adelaide,Carlton,Carlton,Troy Longmuir,4,4,0,2,2,0,1
2005,4,2005-04-16,Football Park,Port Adelaide,Carlton,Carlton,Cory McGrath,3,1,1,0,0,0,2
2005,4,2005-04-16,Football Park,Port Adelaide,Carlton,Carlton,Karl Norman,8,5,2,0,0,1,1
2005,4,2005-04-16,Football Park,Port Adelaide,Carlton,Carlton,Trent Sporn,5,1,2,1,0,0,3
2005,4,2005-04-16,Football Park,Port Adelaide,Carlton,Carlton,Nick Stevens,11,1,7,0,0,0,4
2005,4,2005-04-16,Football Park,Port Adelaide,Carlton,Carlton,David Teague,8,5,1,0,0,0,5
2005,4,2005-04-16,Football Park,Port Adelaide,Carlton,Carlton,Jarrad Waite,11,6,6,1,1,0,1
2005,4,2005-04-16,Football Park,Port Adelaide,Carlton,Carlton,Andrew Walker,5,1,8,0,0,2,2
2005,4,2005-04-16,Football Park,Port Adelaide,Carlton,Carlton,Lance Whitnall,5,3,1,0,0,1,3
2005,4,2005-04-16,Football Park,Port Adelaide,Carlton,Carlton,Simon Wiggins,10,1,6,2,0,1,6
2005,4,2005-04-17,S.C.G.,Sydney,Adelaide,Sydney,Luke Ablett,6,1,6,1,0,0,1
2005,4,2005-04-17,S.C.G.,Sydney,Adelaide,Sydney,Jason Ball,1,0,1,0,0,6,1
2005,4,2005-04-17,S.C.G.,Sydney,Adelaide,Sydney,Leo Barry,11,11,7,0,0,0,0
2005,4,2005-04-17,S.C.G.,Sydney,Adelaide,Sydney,Paul Bevan,5,1,6,0,0,0,3
2005,4,2005-04-17,S.C.G.,Sydney,Adelaide,Sydney,Craig Bolton,8,5,6,0,1,0,3
2005,4,2005-04-17,S.C.G.,Sydney,Adelaide,Sydney,Jude Bolton,11,3,11,0,1,1,2
2005,4,2005-04-17,S.C.G.,Sydney,Adelaide,Sydney,Amon Buchanan,4,2,7,0,0,0,0
2005,4,2005-04-17,S.C.G.,Sydney,Adelaide,Sydney,Jared Crouch,2,1,6,0,0,0,2
2005,4,2005-04-17,S.C.G.,Sydney,Adelaide,Sydney,Nick Davis,14,6,9,0,2,0,2
2005,4,2005-04-17,S.C.G.,Sydney,Adelaide,Sydney,Sean Dempster,6,2,4,0,0,0,3
2005,4,2005-04-17,S.C.G.,Sydney,Adelaide,Sydney,Adam Goodes,10,4,1,2,1,1,4
2005,4,2005-04-17,S.C.G.,Sydney,Adelaide,Sydney,Barry Hall,9,5,2,2,3,1,1
2005,4,2005-04-17,S.C.G.,Sydney,Adelaide,Sydney,Darren Jolly,3,3,2,0,0,27,5
2005,4,2005-04-17,S.C.G.,Sydney,Adelaide,Sydney,Tadhg Kennelly,9,5,7,0,1,0,2
2005,4,2005-04-17,S.C.G.,Sydney,Adelaide,Sydney,Brett Kirk,17,2,7,0,0,0,7
2005,4,2005-04-17,S.C.G.,Sydney,Adelaide,Sydney,Ben Mathews,6,1,8,1,0,0,0
2005,4,2005-04-17,S.C.G.,Sydney,Adelaide,Sydney,Stuart Maxfield,4,3,3,1,0,0,2
2005,4,2005-04-17,S.C.G.,Sydney,Adelaide,Sydney,Matthew Nicks,4,4,1,0,0,1,2
2005,4,2005-04-17,S.C.G.,Sydney,Adelaide,Sydney,Ryan OKeefe,10,4,2,2,2,0,1
2005,4,2005-04-17,S.C.G.,Sydney,Adelaide,Sydney,Michael OLoughlin,4,2,1,2,0,0,0
2005,4,2005-04-17,S.C.G.,Sydney,Adelaide,Sydney,David Spriggs,6,4,4,0,1,0,2
2005,4,2005-04-17,S.C.G.,Sydney,Adelaide,Sydney,Paul Williams,2,0,3,0,0,0,0
2005,4,2005-04-17,S.C.G.,Sydney,Adelaide,Adelaide,Nathan Bassett,7,2,4,0,0,0,3
2005,4,2005-04-17,S.C.G.,Sydney,Adelaide,Adelaide,James Begley,3,1,4,1,0,0,0
2005,4,2005-04-17,S.C.G.,Sydney,Adelaide,Adelaide,Rhett Biglands,5,1,2,0,0,13,0
2005,4,2005-04-17,S.C.G.,Sydney,Adelaide,Adelaide,Michael Doughty,6,4,10,0,1,0,2
2005,4,2005-04-17,S.C.G.,Sydney,Adelaide,Adelaide,Tyson Edwards,8,1,7,0,0,0,4
2005,4,2005-04-17,S.C.G.,Sydney,Adelaide,Adelaide,Simon Goodwin,7,4,5,1,0,0,3
2005,4,2005-04-17,S.C.G.,Sydney,Adelaide,Adelaide,Trent Hentschel,10,5,2,0,0,0,1
2005,4,2005-04-17,S.C.G.,Sydney,Adelaide,Adelaide,Ben Hudson,5,3,5,0,1,16,0
2005,4,2005-04-17,S.C.G.,Sydney,Adelaide,Adelaide,Graham Johncock,9,2,4,1,2,0,4
2005,4,2005-04-17,S.C.G.,Sydney,Adelaide,Adelaide,Martin Mattner,12,4,6,1,1,0,1
2005,4,2005-04-17,S.C.G.,Sydney,Adelaide,Adelaide,Ken McGregor,1,1,2,0,0,0,1
2005,4,2005-04-17,S.C.G.,Sydney,Adelaide,Adelaide,Andrew McLeod,13,2,4,2,2,0,0
2005,4,2005-04-17,S.C.G.,Sydney,Adelaide,Adelaide,Ian Perrie,6,4,6,4,1,1,2
2005,4,2005-04-17,S.C.G.,Sydney,Adelaide,Adelaide,Brent Reilly,13,3,4,1,0,0,2
2005,4,2005-04-17,S.C.G.,Sydney,Adelaide,Adelaide,Mark Ricciuto,12,5,6,0,2,0,0
2005,4,2005-04-17,S.C.G.,Sydney,Adelaide,Adelaide,Ben Rutten,5,7,7,0,0,0,0
2005,4,2005-04-17,S.C.G.,Sydney,Adelaide,Adelaide,Robert Shirley,5,2,7,1,0,2,2
2005,4,2005-04-17,S.C.G.,Sydney,Adelaide,Adelaide,Hayden Skipworth,11,4,10,1,1,0,4
2005,4,2005-04-17,S.C.G.,Sydney,Adelaide,Adelaide,Scott Thompson,11,6,4,3,0,1,1
2005,4,2005-04-17,S.C.G.,Sydney,Adelaide,Adelaide,Jason Torney,11,6,10,0,0,0,1
2005,4,2005-04-17,S.C.G.,Sydney,Adelaide,Adelaide,Nathan van Berlo,0,1,1,0,0,0,1
2005,4,2005-04-17,S.C.G.,Sydney,Adelaide,Adelaide,Scott Welsh,8,5,2,2,0,0,1
2005,4,2005-04-17,M.C.G.,Richmond,Fremantle,Richmond,Joel Bowden,9,5,11,0,0,0,3
2005,4,2005-04-17,M.C.G.,Richmond,Fremantle,Richmond,Nathan Brown,22,13,12,2,4,0,1
2005,4,2005-04-17,M.C.G.,Richmond,Fremantle,Richmond,Wayne Campbell,8,6,9,0,0,0,2
2005,4,2005-04-17,M.C.G.,Richmond,Fremantle,Richmond,Mark Chaffey,5,5,7,0,0,0,2
2005,4,2005-04-17,M.C.G.,Richmond,Fremantle,Richmond,Mark Coughlan,11,6,10,0,2,0,5
2005,4,2005-04-17,M.C.G.,Richmond,Fremantle,Richmond,Brett Deledio,6,4,6,1,0,0,0
2005,4,2005-04-17,M.C.G.,Richmond,Fremantle,Richmond,Darren Gaspar,11,6,3,0,0,0,0
2005,4,2005-04-17,M.C.G.,Richmond,Fremantle,Richmond,Mark Graham,12,2,7,0,0,0,1
2005,4,2005-04-17,M.C.G.,Richmond,Fremantle,Richmond,Ray Hall,2,1,7,0,0,0,0
2005,4,2005-04-17,M.C.G.,Richmond,Fremantle,Richmond,Chris Hyde,13,7,9,0,0,0,0
2005,4,2005-04-17,M.C.G.,Richmond,Fremantle,Richmond,Daniel Jackson,5,2,3,0,0,0,0
2005,4,2005-04-17,M.C.G.,Richmond,Fremantle,Richmond,Andrew Kellaway,11,3,9,0,0,0,1
2005,4,2005-04-17,M.C.G.,Richmond,Fremantle,Richmond,Trent Knobel,5,7,9,1,0,9,2
2005,4,2005-04-17,M.C.G.,Richmond,Fremantle,Richmond,Andrew Krakouer,13,7,2,0,2,0,2
2005,4,2005-04-17,M.C.G.,Richmond,Fremantle,Richmond,Chris Newman,13,5,8,0,1,0,2
2005,4,2005-04-17,M.C.G.,Richmond,Fremantle,Richmond,Kayne Pettifer,11,4,2,1,0,0,1
2005,4,2005-04-17,M.C.G.,Richmond,Fremantle,Richmond,Andrew Raines,2,2,9,0,0,0,0
2005,4,2005-04-17,M.C.G.,Richmond,Fremantle,Richmond,Matthew Richardson,14,9,3,6,2,0,1
2005,4,2005-04-17,M.C.G.,Richmond,Fremantle,Richmond,Troy Simmonds,8,6,4,1,1,6,0
2005,4,2005-04-17,M.C.G.,Richmond,Fremantle,Richmond,Greg Stafford,6,4,3,2,1,5,0
2005,4,2005-04-17,M.C.G.,Richmond,Fremantle,Richmond,Greg Tivendale,12,6,9,0,0,0,2
2005,4,2005-04-17,M.C.G.,Richmond,Fremantle,Richmond,Shane Tuck,13,4,6,0,1,2,3
2005,4,2005-04-17,M.C.G.,Richmond,Fremantle,Fremantle,Peter Bell,11,5,11,0,1,0,6
2005,4,2005-04-17,M.C.G.,Richmond,Fremantle,Fremantle,Heath Black,23,12,11,0,0,0,3
2005,4,2005-04-17,M.C.G.,Richmond,Fremantle,Fremantle,Josh Carr,11,2,7,0,0,0,5
2005,4,2005-04-17,M.C.G.,Richmond,Fremantle,Fremantle,Troy Cook,13,8,9,0,2,0,5
2005,4,2005-04-17,M.C.G.,Richmond,Fremantle,Fremantle,Steven Dodd,0,0,1,0,0,0,0
2005,4,2005-04-17,M.C.G.,Richmond,Fremantle,Fremantle,Jeff Farmer,9,6,2,1,0,0,1
2005,4,2005-04-17,M.C.G.,Richmond,Fremantle,Fremantle,Antoni Grover,9,9,8,0,0,0,2
2005,4,2005-04-17,M.C.G.,Richmond,Fremantle,Fremantle,Paul Hasleby,6,4,4,1,0,0,3
2005,4,2005-04-17,M.C.G.,Richmond,Fremantle,Fremantle,Michael Johnson,6,3,3,1,0,0,1
2005,4,2005-04-17,M.C.G.,Richmond,Fremantle,Fremantle,Justin Longmuir,13,8,6,0,0,5,3
2005,4,2005-04-17,M.C.G.,Richmond,Fremantle,Fremantle,Shaun McManus,12,6,8,0,0,0,3
2005,4,2005-04-17,M.C.G.,Richmond,Fremantle,Fremantle,Luke McPharlin,14,9,6,0,0,0,2
2005,4,2005-04-17,M.C.G.,Richmond,Fremantle,Fremantle,Paul Medhurst,18,11,0,1,3,0,0
2005,4,2005-04-17,M.C.G.,Richmond,Fremantle,Fremantle,Ryan Murphy,11,8,2,1,1,0,0
2005,4,2005-04-17,M.C.G.,Richmond,Fremantle,Fremantle,Shane Parker,11,4,6,0,0,0,2
2005,4,2005-04-17,M.C.G.,Richmond,Fremantle,Fremantle,Matthew Pavlich,3,4,3,1,1,0,1
2005,4,2005-04-17,M.C.G.,Richmond,Fremantle,Fremantle,Aaron Sandilands,1,2,9,0,0,22,0
2005,4,2005-04-17,M.C.G.,Richmond,Fremantle,Fremantle,Byron Schammer,6,2,9,1,0,0,1
2005,4,2005-04-17,M.C.G.,Richmond,Fremantle,Fremantle,Scott Thornton,10,5,3,0,0,0,1
2005,4,2005-04-17,M.C.G.,Richmond,Fremantle,Fremantle,James Walker,8,6,6,0,0,0,0
2005,4,2005-04-17,M.C.G.,Richmond,Fremantle,Fremantle,Luke Webster,11,8,4,0,0,0,2
2005,4,2005-04-17,M.C.G.,Richmond,Fremantle,Fremantle,Dion Woods,9,4,5,0,0,0,2
2005,4,2005-04-17,Docklands,St Kilda,Melbourne,St Kilda,Cain Ackland,9,2,5,1,1,21,0
2005,4,2005-04-17,Docklands,St Kilda,Melbourne,St Kilda,Steven Baker,6,2,2,0,0,0,0
2005,4,2005-04-17,Docklands,St Kilda,Melbourne,St Kilda,Luke Ball,15,7,15,0,1,0,1
2005,4,2005-04-17,Docklands,St Kilda,Melbourne,St Kilda,Jason Blake,1,0,2,0,0,6,0
2005,4,2005-04-17,Docklands,St Kilda,Melbourne,St Kilda,Raphael Clarke,9,5,11,1,0,0,1
2005,4,2005-04-17,Docklands,St Kilda,Melbourne,St Kilda,Xavier Clarke,5,3,6,0,0,0,1
2005,4,2005-04-17,Docklands,St Kilda,Melbourne,St Kilda,Nick Dal Santo,11,4,12,0,1,0,2
2005,4,2005-04-17,Docklands,St Kilda,Melbourne,St Kilda,Aaron Fiora,8,4,4,2,0,1,1
2005,4,2005-04-17,Docklands,St Kilda,Melbourne,St Kilda,Sam Fisher,4,2,5,0,0,0,0
2005,4,2005-04-17,Docklands,St Kilda,Melbourne,St Kilda,Fraser Gehrig,14,10,1,6,2,0,1
2005,4,2005-04-17,Docklands,St Kilda,Melbourne,St Kilda,Brendon Goddard,8,5,3,1,0,2,0
2005,4,2005-04-17,Docklands,St Kilda,Melbourne,St Kilda,Brent Guerra,10,6,5,1,1,0,8
2005,4,2005-04-17,Docklands,St Kilda,Melbourne,St Kilda,Aaron Hamill,11,8,5,2,1,0,4
2005,4,2005-04-17,Docklands,St Kilda,Melbourne,St Kilda,Lenny Hayes,12,2,8,0,1,0,3
2005,4,2005-04-17,Docklands,St Kilda,Melbourne,St Kilda,Max Hudghton,3,2,2,0,0,0,1
2005,4,2005-04-17,Docklands,St Kilda,Melbourne,St Kilda,Austinn Jones,16,4,5,1,0,0,1
2005,4,2005-04-17,Docklands,St Kilda,Melbourne,St Kilda,Matt Maguire,12,9,4,0,1,0,1
2005,4,2005-04-17,Docklands,St Kilda,Melbourne,St Kilda,Stephen Milne,14,6,1,4,0,1,1
2005,4,2005-04-17,Docklands,St Kilda,Melbourne,St Kilda,Justin Peckett,11,5,9,0,0,0,4
2005,4,2005-04-17,Docklands,St Kilda,Melbourne,St Kilda,Troy Schwarze,3,0,2,0,0,0,0
2005,4,2005-04-17,Docklands,St Kilda,Melbourne,St Kilda,Andrew Thompson,7,1,6,0,1,0,3
2005,4,2005-04-17,Docklands,St Kilda,Melbourne,St Kilda,Brett Voss,11,5,6,4,0,0,4
2005,4,2005-04-17,Docklands,St Kilda,Melbourne,Melbourne,Daniel Bell,11,6,2,0,0,0,0
2005,4,2005-04-17,Docklands,St Kilda,Melbourne,Melbourne,Clint Bizzell,10,4,3,0,0,0,1
2005,4,2005-04-17,Docklands,St Kilda,Melbourne,Melbourne,Nathan Brown,14,9,7,0,1,0,2
2005,4,2005-04-17,Docklands,St Kilda,Melbourne,Melbourne,Cameron Bruce,0,0,0,0,0,0,0
2005,4,2005-04-17,Docklands,St Kilda,Melbourne,Melbourne,Aaron Davey,6,0,9,1,2,0,1
2005,4,2005-04-17,Docklands,St Kilda,Melbourne,Melbourne,Simon Godfrey,5,2,14,0,0,0,0
2005,4,2005-04-17,Docklands,St Kilda,Melbourne,Melbourne,Brad Green,10,5,10,1,0,0,2
2005,4,2005-04-17,Docklands,St Kilda,Melbourne,Melbourne,Chris Heffernan,3,1,3,1,0,1,2
2005,4,2005-04-17,Docklands,St Kilda,Melbourne,Melbourne,Mark Jamar,0,0,1,0,0,11,2
2005,4,2005-04-17,Docklands,St Kilda,Melbourne,Melbourne,Travis Johnstone,16,4,0,1,0,0,3
2005,4,2005-04-17,Docklands,St Kilda,Melbourne,Melbourne,James McDonald,9,4,7,0,0,0,6
2005,4,2005-04-17,Docklands,St Kilda,Melbourne,Melbourne,Brock McLean,7,5,3,0,1,0,3
2005,4,2005-04-17,Docklands,St Kilda,Melbourne,Melbourne,Brad Miller,5,6,5,0,0,0,2
2005,4,2005-04-17,Docklands,St Kilda,Melbourne,Melbourne,David Neitz,5,3,3,3,1,0,2
2005,4,2005-04-17,Docklands,St Kilda,Melbourne,Melbourne,Alistair Nicholson,5,2,3,0,0,0,2
2005,4,2005-04-17,Docklands,St Kilda,Melbourne,Melbourne,Guy Rigoni,12,5,8,3,0,0,0
2005,4,2005-04-17,Docklands,St Kilda,Melbourne,Melbourne,Jared Rivers,5,6,9,0,0,0,3
2005,4,2005-04-17,Docklands,St Kilda,Melbourne,Melbourne,Russell Robertson,6,4,1,2,0,1,0
2005,4,2005-04-17,Docklands,St Kilda,Melbourne,Melbourne,Colin Sylvia,6,3,2,0,2,0,2
2005,4,2005-04-17,Docklands,St Kilda,Melbourne,Melbourne,Paul Wheatley,6,3,0,0,0,0,3
2005,4,2005-04-17,Docklands,St Kilda,Melbourne,Melbourne,Jeff White,6,1,4,0,1,24,3
2005,4,2005-04-17,Docklands,St Kilda,Melbourne,Melbourne,Adem Yze,11,4,4,3,1,0,1
2005,5,2005-04-22,Football Park,Port Adelaide,Geelong,Port Adelaide,Matthew Bishop,10,2,5,1,0,0,1
2005,5,2005-04-22,Football Park,Port Adelaide,Geelong,Port Adelaide,Peter Burgoyne,18,3,10,0,0,0,1
2005,5,2005-04-22,Football Park,Port Adelaide,Geelong,Port Adelaide,Domenic Cassisi,7,2,4,1,0,0,1
2005,5,2005-04-22,Football Park,Port Adelaide,Geelong,Port Adelaide,Stuart Cochrane,17,9,4,0,0,0,3
2005,5,2005-04-22,Football Park,Port Adelaide,Geelong,Port Adelaide,Kane Cornes,9,5,9,1,0,0,1
2005,5,2005-04-22,Football Park,Port Adelaide,Geelong,Port Adelaide,Stuart Dew,9,2,5,0,0,0,0
2005,5,2005-04-22,Football Park,Port Adelaide,Geelong,Port Adelaide,Brett Ebert,10,5,3,2,1,0,1
2005,5,2005-04-22,Football Park,Port Adelaide,Geelong,Port Adelaide,Josh Francou,6,2,9,0,1,0,4
2005,5,2005-04-22,Football Park,Port Adelaide,Geelong,Port Adelaide,Adam Kingsley,15,5,4,1,0,0,1
2005,5,2005-04-22,Football Park,Port Adelaide,Geelong,Port Adelaide,Brendon Lade,8,3,4,1,0,11,2
2005,5,2005-04-22,Football Park,Port Adelaide,Geelong,Port Adelaide,Josh Mahoney,2,2,2,0,0,0,1
2005,5,2005-04-22,Football Park,Port Adelaide,Geelong,Port Adelaide,Brett Montgomery,12,8,3,0,0,1,1
2005,5,2005-04-22,Football Park,Port Adelaide,Geelong,Port Adelaide,Michael Pettigrew,5,2,2,2,0,0,2
2005,5,2005-04-22,Football Park,Port Adelaide,Geelong,Port Adelaide,Matthew Primus,6,4,6,0,0,23,3
2005,5,2005-04-22,Football Park,Port Adelaide,Geelong,Port Adelaide,Jacob Surjan,0,0,0,0,0,0,0
2005,5,2005-04-22,Football Park,Port Adelaide,Geelong,Port Adelaide,Toby Thurstans,6,6,5,1,0,3,1
2005,5,2005-04-22,Football Park,Port Adelaide,Geelong,Port Adelaide,Warren Tredrea,13,12,3,5,0,0,1
2005,5,2005-04-22,Football Park,Port Adelaide,Geelong,Port Adelaide,Darryl Wakelin,8,8,5,0,0,1,2
2005,5,2005-04-22,Football Park,Port Adelaide,Geelong,Port Adelaide,Peter Walsh,8,5,5,0,0,0,0
2005,5,2005-04-22,Football Park,Port Adelaide,Geelong,Port Adelaide,Gavin Wanganeen,9,4,2,0,2,0,2
2005,5,2005-04-22,Football Park,Port Adelaide,Geelong,Port Adelaide,Damon White,6,4,3,0,1,0,4
2005,5,2005-04-22,Football Park,Port Adelaide,Geelong,Port Adelaide,Michael Wilson,10,0,10,0,0,0,5
2005,5,2005-04-22,Football Park,Port Adelaide,Geelong,Geelong,Gary Ablett,17,1,7,0,1,0,5
2005,5,2005-04-22,Football Park,Port Adelaide,Geelong,Geelong,Jimmy Bartel,9,3,5,0,0,0,2
2005,5,2005-04-22,Football Park,Port Adelaide,Geelong,Geelong,Shannon Byrnes,6,3,5,1,1,0,1
2005,5,2005-04-22,Football Park,Port Adelaide,Geelong,Geelong,Tim Callan,5,2,3,0,0,0,0
2005,5,2005-04-22,Football Park,Port Adelaide,Geelong,Geelong,Paul Chambers,2,3,4,0,0,9,2
2005,5,2005-04-22,Football Park,Port Adelaide,Geelong,Geelong,Paul Chapman,15,1,6,2,2,0,2
2005,5,2005-04-22,Football Park,Port Adelaide,Geelong,Geelong,Joel Corey,15,3,16,0,0,0,6
2005,5,2005-04-22,Football Park,Port Adelaide,Geelong,Geelong,Corey Enright,13,4,5,1,1,0,1
2005,5,2005-04-22,Football Park,Port Adelaide,Geelong,Geelong,Charlie Gardiner,5,6,6,0,1,0,2
2005,5,2005-04-22,Football Park,Port Adelaide,Geelong,Geelong,Tom Harley,1,0,3,0,0,0,0
2005,5,2005-04-22,Football Park,Port Adelaide,Geelong,Geelong,Josh Hunt,8,2,5,0,0,0,1
2005,5,2005-04-22,Football Park,Port Adelaide,Geelong,Geelong,David Johnson,1,0,1,0,0,0,0
2005,5,2005-04-22,Football Park,Port Adelaide,Geelong,Geelong,James Kelly,12,4,8,0,0,0,3
2005,5,2005-04-22,Football Park,Port Adelaide,Geelong,Geelong,Kent Kingsley,8,3,4,3,0,0,3
2005,5,2005-04-22,Football Park,Port Adelaide,Geelong,Geelong,Cameron Ling,18,8,10,1,0,0,2
2005,5,2005-04-22,Football Park,Port Adelaide,Geelong,Geelong,Darren Milburn,13,4,4,0,0,0,3
2005,5,2005-04-22,Football Park,Port Adelaide,Geelong,Geelong,Brad Ottens,8,8,11,3,1,14,1
2005,5,2005-04-22,Football Park,Port Adelaide,Geelong,Geelong,Henry Playfair,6,5,1,1,0,0,3
2005,5,2005-04-22,Football Park,Port Adelaide,Geelong,Geelong,Peter Riccardi,12,6,2,3,1,0,3
2005,5,2005-04-22,Football Park,Port Adelaide,Geelong,Geelong,Max Rooke,4,3,5,0,0,0,0
2005,5,2005-04-22,Football Park,Port Adelaide,Geelong,Geelong,Matthew Scarlett,4,2,4,0,0,0,2
2005,5,2005-04-22,Football Park,Port Adelaide,Geelong,Geelong,Kane Tenace,5,1,1,0,0,0,1
2005,5,2005-04-23,M.C.G.,Kangaroos,Hawthorn,Kangaroos,Glenn Archer,10,3,1,1,0,0,2
2005,5,2005-04-23,M.C.G.,Kangaroos,Hawthorn,Kangaroos,Leigh Brown,7,6,3,0,0,0,1
2005,5,2005-04-23,M.C.G.,Kangaroos,Hawthorn,Kangaroos,Leigh Colbert,8,3,6,0,0,0,0
2005,5,2005-04-23,M.C.G.,Kangaroos,Hawthorn,Kangaroos,Michael Firrito,10,6,6,0,0,0,4
2005,5,2005-04-23,M.C.G.,Kangaroos,Hawthorn,Kangaroos,Shannon Grant,14,6,2,1,2,0,1
2005,5,2005-04-23,M.C.G.,Kangaroos,Hawthorn,Kangaroos,Blake Grima,1,0,0,0,0,0,1
2005,5,2005-04-23,M.C.G.,Kangaroos,Hawthorn,Kangaroos,David Hale,3,2,5,2,0,17,3
2005,5,2005-04-23,M.C.G.,Kangaroos,Hawthorn,Kangaroos,Daniel Harris,11,5,9,0,0,0,5
2005,5,2005-04-23,M.C.G.,Kangaroos,Hawthorn,Kangaroos,Brent Harvey,10,4,6,0,0,0,4
2005,5,2005-04-23,M.C.G.,Kangaroos,Hawthorn,Kangaroos,Corey Jones,11,5,5,2,3,0,1
2005,5,2005-04-23,M.C.G.,Kangaroos,Hawthorn,Kangaroos,Troy Makepeace,4,0,3,0,0,0,0
2005,5,2005-04-23,M.C.G.,Kangaroos,Hawthorn,Kangaroos,Drew Petrie,2,1,0,0,0,0,1
2005,5,2005-04-23,M.C.G.,Kangaroos,Hawthorn,Kangaroos,Lance Picioane,13,4,4,0,1,0,2
2005,5,2005-04-23,M.C.G.,Kangaroos,Hawthorn,Kangaroos,Daniel Pratt,9,5,5,0,0,0,1
2005,5,2005-04-23,M.C.G.,Kangaroos,Hawthorn,Kangaroos,Saverio Rocca,7,4,3,5,2,3,0
2005,5,2005-04-23,M.C.G.,Kangaroos,Hawthorn,Kangaroos,Eddie Sansbury,7,4,2,0,0,0,1
2005,5,2005-04-23,M.C.G.,Kangaroos,Hawthorn,Kangaroos,Adam Simpson,9,5,5,0,1,2,1
2005,5,2005-04-23,M.C.G.,Kangaroos,Hawthorn,Kangaroos,Jess Sinclair,7,4,9,0,0,0,2
2005,5,2005-04-23,M.C.G.,Kangaroos,Hawthorn,Kangaroos,Michael Stevens,8,4,3,1,0,0,0
2005,5,2005-04-23,M.C.G.,Kangaroos,Hawthorn,Kangaroos,Nathan Thompson,12,9,0,2,1,8,0
2005,5,2005-04-23,M.C.G.,Kangaroos,Hawthorn,Kangaroos,Shannon Watt,10,2,4,0,1,1,1
2005,5,2005-04-23,M.C.G.,Kangaroos,Hawthorn,Kangaroos,Daniel Wells,14,4,5,2,1,1,1
2005,5,2005-04-23,M.C.G.,Kangaroos,Hawthorn,Hawthorn,John Barker,8,7,4,1,0,0,0
2005,5,2005-04-23,M.C.G.,Kangaroos,Hawthorn,Hawthorn,Chance Bateman,19,7,11,0,0,0,1
2005,5,2005-04-23,M.C.G.,Kangaroos,Hawthorn,Hawthorn,Simon Beaumont,3,4,4,0,0,0,0
2005,5,2005-04-23,M.C.G.,Kangaroos,Hawthorn,Hawthorn,Campbell Brown,8,5,9,0,0,0,1
2005,5,2005-04-23,M.C.G.,Kangaroos,Hawthorn,Hawthorn,Tim Clarke,10,8,8,0,0,0,3
2005,5,2005-04-23,M.C.G.,Kangaroos,Hawthorn,Hawthorn,Shane Crawford,10,6,2,1,1,0,5
2005,5,2005-04-23,M.C.G.,Kangaroos,Hawthorn,Hawthorn,Trent Croad,9,3,8,0,0,3,1
2005,5,2005-04-23,M.C.G.,Kangaroos,Hawthorn,Hawthorn,Ben Dixon,16,7,5,2,2,0,4
2005,5,2005-04-23,M.C.G.,Kangaroos,Hawthorn,Hawthorn,Peter Everitt,14,6,6,1,0,20,1
2005,5,2005-04-23,M.C.G.,Kangaroos,Hawthorn,Hawthorn,Lance Franklin,9,2,1,1,1,0,2
2005,5,2005-04-23,M.C.G.,Kangaroos,Hawthorn,Hawthorn,Luke Hodge,14,5,10,0,0,0,1
2005,5,2005-04-23,M.C.G.,Kangaroos,Hawthorn,Hawthorn,Danny Jacobs,11,9,9,0,0,0,2
2005,5,2005-04-23,M.C.G.,Kangaroos,Hawthorn,Hawthorn,Rick Ladson,11,6,3,0,0,0,3
2005,5,2005-04-23,M.C.G.,Kangaroos,Hawthorn,Hawthorn,Jordan Lewis,7,9,7,0,0,0,3
2005,5,2005-04-23,M.C.G.,Kangaroos,Hawthorn,Hawthorn,Harry Miller,4,2,6,0,0,0,2
2005,5,2005-04-23,M.C.G.,Kangaroos,Hawthorn,Hawthorn,Sam Mitchell,14,3,9,0,1,0,1
2005,5,2005-04-23,M.C.G.,Kangaroos,Hawthorn,Hawthorn,Michael Osborne,7,3,4,0,0,0,2
2005,5,2005-04-23,M.C.G.,Kangaroos,Hawthorn,Hawthorn,Jarryd Roughead,2,1,2,0,0,0,0
2005,5,2005-04-23,M.C.G.,Kangaroos,Hawthorn,Hawthorn,Simon Taylor,1,1,1,0,0,5,2
2005,5,2005-04-23,M.C.G.,Kangaroos,Hawthorn,Hawthorn,Josh Thurgood,6,8,5,1,3,0,3
2005,5,2005-04-23,M.C.G.,Kangaroos,Hawthorn,Hawthorn,Richard Vandenberg,6,2,5,2,0,0,5
2005,5,2005-04-23,M.C.G.,Kangaroos,Hawthorn,Hawthorn,Mark Williams,13,6,0,4,3,0,0
2005,5,2005-04-23,Subiaco,Fremantle,Carlton,Fremantle,Peter Bell,12,6,9,2,0,0,5
2005,5,2005-04-23,Subiaco,Fremantle,Carlton,Fremantle,Heath Black,17,5,9,1,1,0,2
2005,5,2005-04-23,Subiaco,Fremantle,Carlton,Fremantle,Josh Carr,8,1,4,0,2,0,2
2005,5,2005-04-23,Subiaco,Fremantle,Carlton,Fremantle,Matthew Carr,22,8,8,1,0,0,5
2005,5,2005-04-23,Subiaco,Fremantle,Carlton,Fremantle,Troy Cook,10,4,6,0,1,0,8
2005,5,2005-04-23,Subiaco,Fremantle,Carlton,Fremantle,Jeff Farmer,12,3,2,2,1,0,4
2005,5,2005-04-23,Subiaco,Fremantle,Carlton,Fremantle,Antoni Grover,9,8,8,0,0,0,6
2005,5,2005-04-23,Subiaco,Fremantle,Carlton,Fremantle,Paul Hasleby,14,9,6,0,1,0,4
2005,5,2005-04-23,Subiaco,Fremantle,Carlton,Fremantle,Michael Johnson,1,1,0,0,0,7,1
2005,5,2005-04-23,Subiaco,Fremantle,Carlton,Fremantle,Justin Longmuir,12,7,4,0,1,21,5
2005,5,2005-04-23,Subiaco,Fremantle,Carlton,Fremantle,Shaun McManus,3,2,6,0,0,0,2
2005,5,2005-04-23,Subiaco,Fremantle,Carlton,Fremantle,Luke McPharlin,10,7,8,0,0,0,2
2005,5,2005-04-23,Subiaco,Fremantle,Carlton,Fremantle,Paul Medhurst,10,5,2,4,0,0,0
2005,5,2005-04-23,Subiaco,Fremantle,Carlton,Fremantle,Ryan Murphy,3,3,3,1,1,0,3
2005,5,2005-04-23,Subiaco,Fremantle,Carlton,Fremantle,Shane Parker,5,1,5,0,0,0,5
2005,5,2005-04-23,Subiaco,Fremantle,Carlton,Fremantle,Matthew Pavlich,17,18,9,2,1,0,1
2005,5,2005-04-23,Subiaco,Fremantle,Carlton,Fremantle,Byron Schammer,7,2,3,1,0,0,1
2005,5,2005-04-23,Subiaco,Fremantle,Carlton,Fremantle,Andrew Siegert,12,5,10,0,0,0,3
2005,5,2005-04-23,Subiaco,Fremantle,Carlton,Fremantle,Dylan Smith,6,0,9,0,2,0,2
2005,5,2005-04-23,Subiaco,Fremantle,Carlton,Fremantle,Scott Thornton,10,4,12,0,0,0,1
2005,5,2005-04-23,Subiaco,Fremantle,Carlton,Fremantle,James Walker,11,4,7,0,0,0,4
2005,5,2005-04-23,Subiaco,Fremantle,Carlton,Fremantle,Luke Webster,6,2,3,1,2,0,3
2005,5,2005-04-23,Subiaco,Fremantle,Carlton,Carlton,Glen Bowyer,5,2,2,0,0,0,2
2005,5,2005-04-23,Subiaco,Fremantle,Carlton,Carlton,Scott Camporeale,20,2,4,1,0,0,1
2005,5,2005-04-23,Subiaco,Fremantle,Carlton,Carlton,Andrew Carrazzo,12,10,8,0,0,0,0
2005,5,2005-04-23,Subiaco,Fremantle,Carlton,Carlton,Callum Chambers,3,1,3,0,1,0,3
2005,5,2005-04-23,Subiaco,Fremantle,Carlton,Carlton,Justin Davies,1,2,3,0,0,1,1
2005,5,2005-04-23,Subiaco,Fremantle,Carlton,Carlton,Adrian De Luca,5,5,6,0,0,3,2
2005,5,2005-04-23,Subiaco,Fremantle,Carlton,Carlton,Brendan Fevola,6,3,0,1,1,1,1
2005,5,2005-04-23,Subiaco,Fremantle,Carlton,Carlton,Barnaby French,3,2,14,0,0,20,2
2005,5,2005-04-23,Subiaco,Fremantle,Carlton,Carlton,Ryan Houlihan,14,3,6,2,2,0,1
2005,5,2005-04-23,Subiaco,Fremantle,Carlton,Carlton,Brett Johnson,12,2,10,1,0,0,1
2005,5,2005-04-23,Subiaco,Fremantle,Carlton,Carlton,Anthony Koutoufides,8,2,6,0,0,0,3
2005,5,2005-04-23,Subiaco,Fremantle,Carlton,Carlton,Matthew Lappin,15,5,6,1,2,0,1
2005,5,2005-04-23,Subiaco,Fremantle,Carlton,Carlton,Troy Longmuir,4,3,3,1,1,0,2
2005,5,2005-04-23,Subiaco,Fremantle,Carlton,Carlton,Karl Norman,3,4,4,0,0,0,1
2005,5,2005-04-23,Subiaco,Fremantle,Carlton,Carlton,Trent Sporn,9,4,1,0,0,0,1
2005,5,2005-04-23,Subiaco,Fremantle,Carlton,Carlton,Nick Stevens,16,3,8,0,2,0,0
2005,5,2005-04-23,Subiaco,Fremantle,Carlton,Carlton,David Teague,9,5,7,0,0,0,2
2005,5,2005-04-23,Subiaco,Fremantle,Carlton,Carlton,Bret Thornton,8,6,5,0,0,0,0
2005,5,2005-04-23,Subiaco,Fremantle,Carlton,Carlton,Jarrad Waite,7,4,11,1,2,0,4
2005,5,2005-04-23,Subiaco,Fremantle,Carlton,Carlton,Andrew Walker,10,2,5,2,0,1,5
2005,5,2005-04-23,Subiaco,Fremantle,Carlton,Carlton,Lance Whitnall,9,3,1,1,2,2,0
2005,5,2005-04-23,Subiaco,Fremantle,Carlton,Carlton,Simon Wiggins,8,6,8,0,1,1,0
2005,5,2005-04-23,Docklands,Western Bulldogs,Adelaide,Western Bulldogs,Patrick Bowden,5,3,2,1,1,0,1
2005,5,2005-04-23,Docklands,Western Bulldogs,Adelaide,Western Bulldogs,Matthew Boyd,4,2,5,0,0,0,2
2005,5,2005-04-23,Docklands,Western Bulldogs,Adelaide,Western Bulldogs,Adam Cooney,8,3,15,0,0,1,4
2005,5,2005-04-23,Docklands,Western Bulldogs,Adelaide,Western Bulldogs,Daniel Cross,6,4,23,0,0,1,7
2005,5,2005-04-23,Docklands,Western Bulldogs,Adelaide,Western Bulldogs,Luke Darcy,9,6,3,6,0,11,2
2005,5,2005-04-23,Docklands,Western Bulldogs,Adelaide,Western Bulldogs,Nathan Eagleton,7,4,4,1,2,0,2
2005,5,2005-04-23,Docklands,Western Bulldogs,Adelaide,Western Bulldogs,Daniel Giansiracusa,21,8,6,1,1,0,1
2005,5,2005-04-23,Docklands,Western Bulldogs,Adelaide,Western Bulldogs,Lindsay Gilbee,17,4,4,2,2,0,2
2005,5,2005-04-23,Docklands,Western Bulldogs,Adelaide,Western Bulldogs,Chris Grant,10,5,2,0,2,0,5
2005,5,2005-04-23,Docklands,Western Bulldogs,Adelaide,Western Bulldogs,Ryan Griffen,6,4,8,0,1,0,1
2005,5,2005-04-23,Docklands,Western Bulldogs,Adelaide,Western Bulldogs,Ryan Hargrave,5,5,3,0,0,0,3
2005,5,2005-04-23,Docklands,Western Bulldogs,Adelaide,Western Bulldogs,Brad Johnson,14,7,5,4,1,0,0
2005,5,2005-04-23,Docklands,Western Bulldogs,Adelaide,Western Bulldogs,Brian Lake,6,3,3,0,0,0,2
2005,5,2005-04-23,Docklands,Western Bulldogs,Adelaide,Western Bulldogs,Jordan McMahon,9,3,10,0,0,0,1
2005,5,2005-04-23,Docklands,Western Bulldogs,Adelaide,Western Bulldogs,Will Minson,11,2,8,0,0,15,5
2005,5,2005-04-23,Docklands,Western Bulldogs,Adelaide,Western Bulldogs,Dale Morris,2,2,7,0,0,0,1
2005,5,2005-04-23,Docklands,Western Bulldogs,Adelaide,Western Bulldogs,Brad Murphy,7,3,3,2,0,0,3
2005,5,2005-04-23,Docklands,Western Bulldogs,Adelaide,Western Bulldogs,Robert Murphy,16,9,11,2,0,0,0
2005,5,2005-04-23,Docklands,Western Bulldogs,Adelaide,Western Bulldogs,Sam Power,7,4,10,0,0,0,1
2005,5,2005-04-23,Docklands,Western Bulldogs,Adelaide,Western Bulldogs,Jade Rawlings,3,4,7,0,0,0,0
2005,5,2005-04-23,Docklands,Western Bulldogs,Adelaide,Western Bulldogs,Rohan Smith,17,7,10,1,1,0,2
2005,5,2005-04-23,Docklands,Western Bulldogs,Adelaide,Western Bulldogs,Scott West,17,1,21,1,1,0,1
2005,5,2005-04-23,Docklands,Western Bulldogs,Adelaide,Adelaide,Nathan Bassett,6,3,9,1,0,0,1
2005,5,2005-04-23,Docklands,Western Bulldogs,Adelaide,Adelaide,James Begley,3,0,4,1,0,0,3
2005,5,2005-04-23,Docklands,Western Bulldogs,Adelaide,Adelaide,Rhett Biglands,5,1,2,1,0,23,1
2005,5,2005-04-23,Docklands,Western Bulldogs,Adelaide,Adelaide,Michael Doughty,4,2,6,0,0,0,0
2005,5,2005-04-23,Docklands,Western Bulldogs,Adelaide,Adelaide,Tyson Edwards,14,5,10,1,0,0,3
2005,5,2005-04-23,Docklands,Western Bulldogs,Adelaide,Adelaide,Simon Goodwin,14,6,8,1,0,0,4
2005,5,2005-04-23,Docklands,Western Bulldogs,Adelaide,Adelaide,Trent Hentschel,9,4,0,1,2,0,2
2005,5,2005-04-23,Docklands,Western Bulldogs,Adelaide,Adelaide,Ben Hudson,6,5,7,0,0,10,0
2005,5,2005-04-23,Docklands,Western Bulldogs,Adelaide,Adelaide,Graham Johncock,13,5,5,1,1,0,2
2005,5,2005-04-23,Docklands,Western Bulldogs,Adelaide,Adelaide,Kris Massie,0,0,2,0,0,0,1
2005,5,2005-04-23,Docklands,Western Bulldogs,Adelaide,Adelaide,Martin Mattner,4,3,8,0,1,0,4
2005,5,2005-04-23,Docklands,Western Bulldogs,Adelaide,Adelaide,Ken McGregor,5,2,8,0,0,3,1
2005,5,2005-04-23,Docklands,Western Bulldogs,Adelaide,Adelaide,Andrew McLeod,6,1,2,1,1,0,2
2005,5,2005-04-23,Docklands,Western Bulldogs,Adelaide,Adelaide,Ian Perrie,6,4,8,2,0,1,0
2005,5,2005-04-23,Docklands,Western Bulldogs,Adelaide,Adelaide,Brent Reilly,12,4,1,0,0,0,1
2005,5,2005-04-23,Docklands,Western Bulldogs,Adelaide,Adelaide,Mark Ricciuto,18,6,7,3,1,0,3
2005,5,2005-04-23,Docklands,Western Bulldogs,Adelaide,Adelaide,Ben Rutten,5,3,6,0,0,0,1
2005,5,2005-04-23,Docklands,Western Bulldogs,Adelaide,Adelaide,Hayden Skipworth,9,6,10,1,0,0,3
2005,5,2005-04-23,Docklands,Western Bulldogs,Adelaide,Adelaide,Scott Thompson,6,1,2,1,0,0,4
2005,5,2005-04-23,Docklands,Western Bulldogs,Adelaide,Adelaide,Jason Torney,7,8,7,0,0,0,2
2005,5,2005-04-23,Docklands,Western Bulldogs,Adelaide,Adelaide,Nathan van Berlo,7,3,1,0,1,0,1
2005,5,2005-04-23,Docklands,Western Bulldogs,Adelaide,Adelaide,Scott Welsh,6,2,5,1,3,0,2
2005,5,2005-04-23,S.C.G.,Sydney,Melbourne,Sydney,Luke Ablett,5,3,5,0,2,0,5
2005,5,2005-04-23,S.C.G.,Sydney,Melbourne,Sydney,Leo Barry,9,8,10,0,0,0,2
2005,5,2005-04-23,S.C.G.,Sydney,Melbourne,Sydney,Paul Bevan,4,2,6,0,0,0,8
2005,5,2005-04-23,S.C.G.,Sydney,Melbourne,Sydney,Craig Bolton,7,2,9,0,0,0,2
2005,5,2005-04-23,S.C.G.,Sydney,Melbourne,Sydney,Jude Bolton,19,5,12,0,0,0,5
2005,5,2005-04-23,S.C.G.,Sydney,Melbourne,Sydney,Amon Buchanan,7,1,6,0,1,0,0
2005,5,2005-04-23,S.C.G.,Sydney,Melbourne,Sydney,Jared Crouch,6,2,7,0,0,0,2
2005,5,2005-04-23,S.C.G.,Sydney,Melbourne,Sydney,Nick Davis,7,2,2,1,1,0,2
2005,5,2005-04-23,S.C.G.,Sydney,Melbourne,Sydney,Sean Dempster,3,1,8,0,0,0,5
2005,5,2005-04-23,S.C.G.,Sydney,Melbourne,Sydney,Adam Goodes,9,4,11,0,1,6,1
2005,5,2005-04-23,S.C.G.,Sydney,Melbourne,Sydney,Barry Hall,8,6,0,2,4,5,0
2005,5,2005-04-23,S.C.G.,Sydney,Melbourne,Sydney,Darren Jolly,6,5,7,0,0,27,1
2005,5,2005-04-23,S.C.G.,Sydney,Melbourne,Sydney,Tadhg Kennelly,10,1,5,0,0,0,2
2005,5,2005-04-23,S.C.G.,Sydney,Melbourne,Sydney,Brett Kirk,5,2,17,0,0,0,5
2005,5,2005-04-23,S.C.G.,Sydney,Melbourne,Sydney,Ben Mathews,4,2,5,0,0,0,2
2005,5,2005-04-23,S.C.G.,Sydney,Melbourne,Sydney,Jarrad McVeigh,7,3,4,0,0,0,1
2005,5,2005-04-23,S.C.G.,Sydney,Melbourne,Sydney,Matthew Nicks,9,1,2,0,0,1,5
2005,5,2005-04-23,S.C.G.,Sydney,Melbourne,Sydney,Ryan OKeefe,11,6,8,2,1,0,1
2005,5,2005-04-23,S.C.G.,Sydney,Melbourne,Sydney,Michael OLoughlin,8,4,2,1,2,0,2
2005,5,2005-04-23,S.C.G.,Sydney,Melbourne,Sydney,Lewis Roberts-Thomson,1,0,2,0,0,1,0
2005,5,2005-04-23,S.C.G.,Sydney,Melbourne,Sydney,Adam Schneider,6,2,5,1,0,0,0
2005,5,2005-04-23,S.C.G.,Sydney,Melbourne,Sydney,David Spriggs,7,2,9,0,0,0,4
2005,5,2005-04-23,S.C.G.,Sydney,Melbourne,Melbourne,Steven Armstrong,4,1,1,0,0,0,6
2005,5,2005-04-23,S.C.G.,Sydney,Melbourne,Melbourne,Daniel Bell,4,3,2,0,0,0,2
2005,5,2005-04-23,S.C.G.,Sydney,Melbourne,Melbourne,Clint Bizzell,14,5,2,0,0,0,4
2005,5,2005-04-23,S.C.G.,Sydney,Melbourne,Melbourne,Nathan Brown,15,8,3,0,0,0,0
2005,5,2005-04-23,S.C.G.,Sydney,Melbourne,Melbourne,Aaron Davey,7,1,2,1,1,0,4
2005,5,2005-04-23,S.C.G.,Sydney,Melbourne,Melbourne,Ryan Ferguson,8,7,5,0,0,0,0
2005,5,2005-04-23,S.C.G.,Sydney,Melbourne,Melbourne,Simon Godfrey,4,2,4,0,0,0,7
2005,5,2005-04-23,S.C.G.,Sydney,Melbourne,Melbourne,Brad Green,9,4,2,1,0,0,6
2005,5,2005-04-23,S.C.G.,Sydney,Melbourne,Melbourne,Mark Jamar,1,0,2,1,0,12,0
2005,5,2005-04-23,S.C.G.,Sydney,Melbourne,Melbourne,Travis Johnstone,15,6,3,0,0,0,1
2005,5,2005-04-23,S.C.G.,Sydney,Melbourne,Melbourne,James McDonald,6,0,3,0,0,1,12
2005,5,2005-04-23,S.C.G.,Sydney,Melbourne,Melbourne,Brock McLean,12,3,10,2,0,0,13
2005,5,2005-04-23,S.C.G.,Sydney,Melbourne,Melbourne,Brad Miller,8,6,4,0,0,1,0
2005,5,2005-04-23,S.C.G.,Sydney,Melbourne,Melbourne,Shannon Motlop,10,4,2,0,2,0,4
2005,5,2005-04-23,S.C.G.,Sydney,Melbourne,Melbourne,David Neitz,9,3,0,3,1,0,3
2005,5,2005-04-23,S.C.G.,Sydney,Melbourne,Melbourne,Guy Rigoni,3,1,3,0,0,0,0
2005,5,2005-04-23,S.C.G.,Sydney,Melbourne,Melbourne,Jared Rivers,13,9,6,0,0,0,0
2005,5,2005-04-23,S.C.G.,Sydney,Melbourne,Melbourne,Russell Robertson,8,4,1,3,2,0,4
2005,5,2005-04-23,S.C.G.,Sydney,Melbourne,Melbourne,Colin Sylvia,8,1,4,0,0,1,1
2005,5,2005-04-23,S.C.G.,Sydney,Melbourne,Melbourne,Paul Wheatley,7,3,2,0,1,0,2
2005,5,2005-04-23,S.C.G.,Sydney,Melbourne,Melbourne,Jeff White,9,1,3,1,0,20,2
2005,5,2005-04-23,S.C.G.,Sydney,Melbourne,Melbourne,Adem Yze,13,2,3,2,2,0,3
2005,5,2005-04-24,Gabba,Brisbane Lions,West Coast,Brisbane Lions,Jed Adcock,7,6,5,0,0,0,2
2005,5,2005-04-24,Gabba,Brisbane Lions,West Coast,Brisbane Lions,Jason Akermanis,25,5,4,3,2,0,5
2005,5,2005-04-24,Gabba,Brisbane Lions,West Coast,Brisbane Lions,Jayden Attard,1,0,1,0,0,0,2
2005,5,2005-04-24,Gabba,Brisbane Lions,West Coast,Brisbane Lions,Simon Black,6,0,11,0,0,0,3
2005,5,2005-04-24,Gabba,Brisbane Lions,West Coast,Brisbane Lions,Daniel Bradshaw,4,2,5,0,1,0,2
2005,5,2005-04-24,Gabba,Brisbane Lions,West Coast,Brisbane Lions,Robert Copeland,3,0,1,0,0,0,8
2005,5,2005-04-24,Gabba,Brisbane Lions,West Coast,Brisbane Lions,Anthony Corrie,9,7,1,0,0,0,3
2005,5,2005-04-24,Gabba,Brisbane Lions,West Coast,Brisbane Lions,Chris Johnson,14,8,5,0,0,0,4
2005,5,2005-04-24,Gabba,Brisbane Lions,West Coast,Brisbane Lions,Clark Keating,4,2,3,2,1,2,1
2005,5,2005-04-24,Gabba,Brisbane Lions,West Coast,Brisbane Lions,Nigel Lappin,25,9,10,1,1,0,4
2005,5,2005-04-24,Gabba,Brisbane Lions,West Coast,Brisbane Lions,Justin Leppitsch,7,3,1,0,0,0,2
2005,5,2005-04-24,Gabba,Brisbane Lions,West Coast,Brisbane Lions,Joel Macdonald,5,3,5,0,0,0,1
2005,5,2005-04-24,Gabba,Brisbane Lions,West Coast,Brisbane Lions,Ashley McGrath,6,2,1,0,2,0,4
2005,5,2005-04-24,Gabba,Brisbane Lions,West Coast,Brisbane Lions,Dylan McLaren,0,1,3,0,0,10,1
2005,5,2005-04-24,Gabba,Brisbane Lions,West Coast,Brisbane Lions,Mal Michael,4,2,3,0,0,1,1
2005,5,2005-04-24,Gabba,Brisbane Lions,West Coast,Brisbane Lions,Martin Pike,4,2,1,0,0,0,3
2005,5,2005-04-24,Gabba,Brisbane Lions,West Coast,Brisbane Lions,Luke Power,8,4,4,0,0,0,4
2005,5,2005-04-24,Gabba,Brisbane Lions,West Coast,Brisbane Lions,Brad Scott,3,3,8,0,0,0,1
2005,5,2005-04-24,Gabba,Brisbane Lions,West Coast,Brisbane Lions,Chris Scott,10,8,2,5,3,0,2
2005,5,2005-04-24,Gabba,Brisbane Lions,West Coast,Brisbane Lions,Justin Sherman,12,7,3,0,1,0,6
2005,5,2005-04-24,Gabba,Brisbane Lions,West Coast,Brisbane Lions,Michael Voss,13,3,3,1,0,0,2
2005,5,2005-04-24,Gabba,Brisbane Lions,West Coast,Brisbane Lions,Cameron Wood,3,3,4,0,0,8,2
2005,5,2005-04-24,Gabba,Brisbane Lions,West Coast,West Coast,Damien Adkins,8,4,0,0,0,0,0
2005,5,2005-04-24,Gabba,Brisbane Lions,West Coast,West Coast,Drew Banfield,12,9,7,1,0,0,2
2005,5,2005-04-24,Gabba,Brisbane Lions,West Coast,West Coast,Michael Braun,11,9,10,1,1,0,0
2005,5,2005-04-24,Gabba,Brisbane Lions,West Coast,West Coast,Sam Butler,6,2,4,0,0,0,1
2005,5,2005-04-24,Gabba,Brisbane Lions,West Coast,West Coast,Daniel Chick,15,5,6,3,1,0,2
2005,5,2005-04-24,Gabba,Brisbane Lions,West Coast,West Coast,Ben Cousins,15,9,12,0,0,0,0
2005,5,2005-04-24,Gabba,Brisbane Lions,West Coast,West Coast,Dean Cox,10,10,6,0,1,22,0
2005,5,2005-04-24,Gabba,Brisbane Lions,West Coast,West Coast,Andrew Embley,15,7,9,2,2,1,1
2005,5,2005-04-24,Gabba,Brisbane Lions,West Coast,West Coast,Chad Fletcher,7,4,15,1,1,0,0
2005,5,2005-04-24,Gabba,Brisbane Lions,West Coast,West Coast,Michael Gardiner,4,2,1,2,1,2,0
2005,5,2005-04-24,Gabba,Brisbane Lions,West Coast,West Coast,Darren Glass,4,3,3,0,0,0,2
2005,5,2005-04-24,Gabba,Brisbane Lions,West Coast,West Coast,Ashley Hansen,12,7,8,1,1,0,1
2005,5,2005-04-24,Gabba,Brisbane Lions,West Coast,West Coast,Adam Hunter,14,8,5,2,0,0,2
2005,5,2005-04-24,Gabba,Brisbane Lions,West Coast,West Coast,Brett Jones,6,2,6,0,1,0,0
2005,5,2005-04-24,Gabba,Brisbane Lions,West Coast,West Coast,Chris Judd,15,1,3,0,2,0,2
2005,5,2005-04-24,Gabba,Brisbane Lions,West Coast,West Coast,Quinten Lynch,6,5,2,4,1,0,0
2005,5,2005-04-24,Gabba,Brisbane Lions,West Coast,West Coast,Phillip Matera,10,2,2,1,2,0,3
2005,5,2005-04-24,Gabba,Brisbane Lions,West Coast,West Coast,Ashley Sampi,9,1,5,2,1,0,1
2005,5,2005-04-24,Gabba,Brisbane Lions,West Coast,West Coast,Mark Seaby,7,6,7,2,0,17,2
2005,5,2005-04-24,Gabba,Brisbane Lions,West Coast,West Coast,Adam Selwood,8,5,7,0,0,0,2
2005,5,2005-04-24,Gabba,Brisbane Lions,West Coast,West Coast,Tyson Stenglein,17,10,10,1,0,0,4
2005,5,2005-04-24,Gabba,Brisbane Lions,West Coast,West Coast,David Wirrpanda,15,4,7,0,0,0,0
2005,5,2005-04-24,Docklands,St Kilda,Richmond,St Kilda,Cain Ackland,4,4,6,0,0,6,2
2005,5,2005-04-24,Docklands,St Kilda,Richmond,St Kilda,Steven Baker,10,6,6,0,0,0,3
2005,5,2005-04-24,Docklands,St Kilda,Richmond,St Kilda,Luke Ball,7,2,7,1,1,0,7
2005,5,2005-04-24,Docklands,St Kilda,Richmond,St Kilda,Raphael Clarke,13,8,10,0,0,0,2
2005,5,2005-04-24,Docklands,St Kilda,Richmond,St Kilda,Xavier Clarke,15,7,1,1,0,0,1
2005,5,2005-04-24,Docklands,St Kilda,Richmond,St Kilda,Nick Dal Santo,17,4,7,1,3,0,3
2005,5,2005-04-24,Docklands,St Kilda,Richmond,St Kilda,Aaron Fiora,15,8,5,2,0,1,1
2005,5,2005-04-24,Docklands,St Kilda,Richmond,St Kilda,Sam Fisher,6,4,6,0,0,0,0
2005,5,2005-04-24,Docklands,St Kilda,Richmond,St Kilda,Fraser Gehrig,7,6,4,4,1,0,0
2005,5,2005-04-24,Docklands,St Kilda,Richmond,St Kilda,Brendon Goddard,13,6,7,0,3,3,4
2005,5,2005-04-24,Docklands,St Kilda,Richmond,St Kilda,Brent Guerra,5,1,4,1,0,0,0
2005,5,2005-04-24,Docklands,St Kilda,Richmond,St Kilda,Aaron Hamill,7,5,2,2,0,0,5
2005,5,2005-04-24,Docklands,St Kilda,Richmond,St Kilda,Robert Harvey,9,6,15,0,0,0,2
2005,5,2005-04-24,Docklands,St Kilda,Richmond,St Kilda,Lenny Hayes,6,1,10,1,0,0,3
2005,5,2005-04-24,Docklands,St Kilda,Richmond,St Kilda,Max Hudghton,5,4,8,0,0,0,0
2005,5,2005-04-24,Docklands,St Kilda,Richmond,St Kilda,Austinn Jones,17,4,7,1,2,0,1
2005,5,2005-04-24,Docklands,St Kilda,Richmond,St Kilda,Justin Koschitzke,6,8,6,0,1,19,3
2005,5,2005-04-24,Docklands,St Kilda,Richmond,St Kilda,Matt Maguire,11,6,6,1,1,0,0
2005,5,2005-04-24,Docklands,St Kilda,Richmond,St Kilda,Stephen Milne,11,6,6,5,2,0,1
2005,5,2005-04-24,Docklands,St Kilda,Richmond,St Kilda,Justin Peckett,13,8,5,1,0,0,1
2005,5,2005-04-24,Docklands,St Kilda,Richmond,St Kilda,Andrew Thompson,2,1,2,0,0,0,3
2005,5,2005-04-24,Docklands,St Kilda,Richmond,St Kilda,Brett Voss,8,5,3,1,0,0,1
2005,5,2005-04-24,Docklands,St Kilda,Richmond,Richmond,Joel Bowden,16,8,8,1,0,0,2
2005,5,2005-04-24,Docklands,St Kilda,Richmond,Richmond,Nathan Brown,16,5,6,2,2,0,2
2005,5,2005-04-24,Docklands,St Kilda,Richmond,Richmond,Wayne Campbell,11,7,4,1,1,0,2
2005,5,2005-04-24,Docklands,St Kilda,Richmond,Richmond,Mark Chaffey,9,5,4,0,0,0,2
2005,5,2005-04-24,Docklands,St Kilda,Richmond,Richmond,Mark Coughlan,8,5,15,0,0,1,3
2005,5,2005-04-24,Docklands,St Kilda,Richmond,Richmond,Brett Deledio,6,2,7,0,0,1,0
2005,5,2005-04-24,Docklands,St Kilda,Richmond,Richmond,Darren Gaspar,4,1,4,0,0,0,0
2005,5,2005-04-24,Docklands,St Kilda,Richmond,Richmond,Mark Graham,3,2,3,0,0,1,1
2005,5,2005-04-24,Docklands,St Kilda,Richmond,Richmond,Ray Hall,3,1,7,0,0,1,3
2005,5,2005-04-24,Docklands,St Kilda,Richmond,Richmond,Chris Hyde,10,3,7,0,0,0,1
2005,5,2005-04-24,Docklands,St Kilda,Richmond,Richmond,Daniel Jackson,6,3,5,0,0,0,2
2005,5,2005-04-24,Docklands,St Kilda,Richmond,Richmond,Andrew Kellaway,8,5,8,0,0,0,1
2005,5,2005-04-24,Docklands,St Kilda,Richmond,Richmond,Trent Knobel,4,5,6,0,1,16,2
2005,5,2005-04-24,Docklands,St Kilda,Richmond,Richmond,Andrew Krakouer,2,1,2,1,0,0,2
2005,5,2005-04-24,Docklands,St Kilda,Richmond,Richmond,Chris Newman,2,2,4,0,0,0,3
2005,5,2005-04-24,Docklands,St Kilda,Richmond,Richmond,Kayne Pettifer,4,0,3,1,2,0,2
2005,5,2005-04-24,Docklands,St Kilda,Richmond,Richmond,Andrew Raines,2,4,5,0,0,0,0
2005,5,2005-04-24,Docklands,St Kilda,Richmond,Richmond,Matthew Richardson,6,3,1,0,3,0,0
2005,5,2005-04-24,Docklands,St Kilda,Richmond,Richmond,Troy Simmonds,8,5,1,0,1,9,0
2005,5,2005-04-24,Docklands,St Kilda,Richmond,Richmond,Greg Stafford,6,4,1,4,1,6,1
2005,5,2005-04-24,Docklands,St Kilda,Richmond,Richmond,Greg Tivendale,16,4,7,0,1,0,1
2005,5,2005-04-24,Docklands,St Kilda,Richmond,Richmond,Shane Tuck,14,4,11,1,0,1,5
2005,5,2005-04-25,M.C.G.,Essendon,Collingwood,Essendon,Mark Bolton,8,4,2,1,1,3,3
2005,5,2005-04-25,M.C.G.,Essendon,Collingwood,Essendon,Marcus Bullen,4,2,2,0,0,0,3
2005,5,2005-04-25,M.C.G.,Essendon,Collingwood,Essendon,Ricky Dyson,5,2,5,0,0,0,0
2005,5,2005-04-25,M.C.G.,Essendon,Collingwood,Essendon,Dustin Fletcher,16,9,5,0,0,0,1
2005,5,2005-04-25,M.C.G.,Essendon,Collingwood,Essendon,Ben Haynes,5,2,1,0,1,0,2
2005,5,2005-04-25,M.C.G.,Essendon,Collingwood,Essendon,Aaron Henneman,7,6,2,0,0,13,1
2005,5,2005-04-25,M.C.G.,Essendon,Collingwood,Essendon,James Hird,14,6,10,1,1,0,4
2005,5,2005-04-25,M.C.G.,Essendon,Collingwood,Essendon,Jason Johnson,10,3,3,1,1,1,2
2005,5,2005-04-25,M.C.G.,Essendon,Collingwood,Essendon,Mark Johnson,9,5,4,0,0,0,3
2005,5,2005-04-25,M.C.G.,Essendon,Collingwood,Essendon,Jason Laycock,9,7,9,2,0,7,0
2005,5,2005-04-25,M.C.G.,Essendon,Collingwood,Essendon,Matthew Lloyd,6,3,1,1,2,0,0
2005,5,2005-04-25,M.C.G.,Essendon,Collingwood,Essendon,Andrew Lovett,16,7,4,2,1,0,3
2005,5,2005-04-25,M.C.G.,Essendon,Collingwood,Essendon,Scott Lucas,10,7,1,1,2,0,0
2005,5,2005-04-25,M.C.G.,Essendon,Collingwood,Essendon,Adam McPhee,14,9,4,0,0,0,1
2005,5,2005-04-25,M.C.G.,Essendon,Collingwood,Essendon,Mark McVeigh,17,8,2,1,0,0,1
2005,5,2005-04-25,M.C.G.,Essendon,Collingwood,Essendon,Justin Murphy,7,4,9,0,2,0,1
2005,5,2005-04-25,M.C.G.,Essendon,Collingwood,Essendon,Damien Peverill,17,9,7,0,0,0,5
2005,5,2005-04-25,M.C.G.,Essendon,Collingwood,Essendon,Ted Richards,5,2,7,1,0,1,2
2005,5,2005-04-25,M.C.G.,Essendon,Collingwood,Essendon,Dean Rioli,10,6,2,0,3,0,0
2005,5,2005-04-25,M.C.G.,Essendon,Collingwood,Essendon,Dean Solomon,7,4,1,0,0,0,0
2005,5,2005-04-25,M.C.G.,Essendon,Collingwood,Essendon,Andrew Welsh,19,6,5,0,0,0,3
2005,5,2005-04-25,M.C.G.,Essendon,Collingwood,Essendon,Ty Zantuck,12,10,6,0,0,0,0
2005,5,2005-04-25,M.C.G.,Essendon,Collingwood,Collingwood,Scott Burns,13,4,7,0,0,0,1
2005,5,2005-04-25,M.C.G.,Essendon,Collingwood,Collingwood,Blake Caracella,10,3,5,1,0,1,1
2005,5,2005-04-25,M.C.G.,Essendon,Collingwood,Collingwood,James Clement,16,6,5,1,0,0,6
2005,5,2005-04-25,M.C.G.,Essendon,Collingwood,Collingwood,Cameron Cloke,7,6,2,1,0,10,0
2005,5,2005-04-25,M.C.G.,Essendon,Collingwood,Collingwood,Travis Cloke,13,4,3,1,1,2,0
2005,5,2005-04-25,M.C.G.,Essendon,Collingwood,Collingwood,Richard Cole,8,1,6,0,0,0,3
2005,5,2005-04-25,M.C.G.,Essendon,Collingwood,Collingwood,Alan Didak,7,3,0,0,0,0,1
2005,5,2005-04-25,M.C.G.,Essendon,Collingwood,Collingwood,Brodie Holland,5,2,11,0,0,0,2
2005,5,2005-04-25,M.C.G.,Essendon,Collingwood,Collingwood,Ben Johnson,12,4,7,0,0,0,4
2005,5,2005-04-25,M.C.G.,Essendon,Collingwood,Collingwood,Paul Licuria,6,3,17,0,0,0,2
2005,5,2005-04-25,M.C.G.,Essendon,Collingwood,Collingwood,Tarkyn Lockyer,10,4,11,0,0,0,1
2005,5,2005-04-25,M.C.G.,Essendon,Collingwood,Collingwood,Nick Maxwell,8,4,6,0,0,0,2
2005,5,2005-04-25,M.C.G.,Essendon,Collingwood,Collingwood,Chad Morrison,10,8,12,0,2,0,2
2005,5,2005-04-25,M.C.G.,Essendon,Collingwood,Collingwood,Shane OBree,7,3,8,0,1,0,2
2005,5,2005-04-25,M.C.G.,Essendon,Collingwood,Collingwood,Simon Prestigiacomo,2,4,4,0,0,1,3
2005,5,2005-04-25,M.C.G.,Essendon,Collingwood,Collingwood,Julian Rowe,10,5,2,2,0,0,0
2005,5,2005-04-25,M.C.G.,Essendon,Collingwood,Collingwood,Rhyce Shaw,17,12,15,1,0,0,1
2005,5,2005-04-25,M.C.G.,Essendon,Collingwood,Collingwood,Chris Tarrant,8,6,1,2,2,1,2
2005,5,2005-04-25,M.C.G.,Essendon,Collingwood,Collingwood,Shane Wakelin,13,5,4,0,0,2,2
2005,5,2005-04-25,M.C.G.,Essendon,Collingwood,Collingwood,Tristen Walker,7,5,4,0,0,14,2
2005,5,2005-04-25,M.C.G.,Essendon,Collingwood,Collingwood,Andrew Williams,1,2,2,0,0,0,1
2005,5,2005-04-25,M.C.G.,Essendon,Collingwood,Collingwood,Shane Woewodin,11,5,5,1,2,0,0
2005,6,2005-04-29,Docklands,Carlton,Hawthorn,Carlton,Jordan Bannister,7,3,5,0,0,0,3
2005,6,2005-04-29,Docklands,Carlton,Hawthorn,Carlton,Eddie Betts,7,3,4,3,1,0,1
2005,6,2005-04-29,Docklands,Carlton,Hawthorn,Carlton,Scott Camporeale,5,2,4,0,0,0,0
2005,6,2005-04-29,Docklands,Carlton,Hawthorn,Carlton,Andrew Carrazzo,1,1,4,0,0,0,0
2005,6,2005-04-29,Docklands,Carlton,Hawthorn,Carlton,Callum Chambers,9,3,7,0,1,0,0
2005,6,2005-04-29,Docklands,Carlton,Hawthorn,Carlton,Adrian De Luca,4,3,3,1,0,6,1
2005,6,2005-04-29,Docklands,Carlton,Hawthorn,Carlton,Barnaby French,3,3,8,0,0,16,1
2005,6,2005-04-29,Docklands,Carlton,Hawthorn,Carlton,Ryan Houlihan,11,3,5,0,0,0,0
2005,6,2005-04-29,Docklands,Carlton,Hawthorn,Carlton,Brett Johnson,13,1,3,1,1,0,6
2005,6,2005-04-29,Docklands,Carlton,Hawthorn,Carlton,Anthony Koutoufides,10,4,11,0,0,0,6
2005,6,2005-04-29,Docklands,Carlton,Hawthorn,Carlton,Matthew Lappin,6,3,4,1,1,0,1
2005,6,2005-04-29,Docklands,Carlton,Hawthorn,Carlton,Troy Longmuir,1,0,0,0,0,0,4
2005,6,2005-04-29,Docklands,Carlton,Hawthorn,Carlton,Heath Scotland,12,5,9,0,0,0,3
2005,6,2005-04-29,Docklands,Carlton,Hawthorn,Carlton,Kade Simpson,4,1,4,0,0,0,2
2005,6,2005-04-29,Docklands,Carlton,Hawthorn,Carlton,Trent Sporn,6,5,3,0,0,0,1
2005,6,2005-04-29,Docklands,Carlton,Hawthorn,Carlton,Nick Stevens,18,2,8,0,2,0,2
2005,6,2005-04-29,Docklands,Carlton,Hawthorn,Carlton,David Teague,8,5,4,0,1,0,0
2005,6,2005-04-29,Docklands,Carlton,Hawthorn,Carlton,Bret Thornton,8,7,6,0,0,3,1
2005,6,2005-04-29,Docklands,Carlton,Hawthorn,Carlton,Jarrad Waite,13,8,6,5,2,0,2
2005,6,2005-04-29,Docklands,Carlton,Hawthorn,Carlton,Andrew Walker,7,1,3,0,0,0,3
2005,6,2005-04-29,Docklands,Carlton,Hawthorn,Carlton,Lance Whitnall,7,2,4,2,0,2,2
2005,6,2005-04-29,Docklands,Carlton,Hawthorn,Carlton,Simon Wiggins,6,1,2,0,0,1,8
2005,6,2005-04-29,Docklands,Carlton,Hawthorn,Hawthorn,John Barker,2,2,0,1,0,0,0
2005,6,2005-04-29,Docklands,Carlton,Hawthorn,Hawthorn,Chance Bateman,13,5,4,0,1,0,3
2005,6,2005-04-29,Docklands,Carlton,Hawthorn,Hawthorn,Simon Beaumont,6,3,0,1,1,0,1
2005,6,2005-04-29,Docklands,Carlton,Hawthorn,Hawthorn,Campbell Brown,13,6,4,0,0,0,3
2005,6,2005-04-29,Docklands,Carlton,Hawthorn,Hawthorn,Tim Clarke,6,2,6,0,1,0,5
2005,6,2005-04-29,Docklands,Carlton,Hawthorn,Hawthorn,Shane Crawford,16,12,6,1,0,0,4
2005,6,2005-04-29,Docklands,Carlton,Hawthorn,Hawthorn,Trent Croad,7,4,7,0,0,1,0
2005,6,2005-04-29,Docklands,Carlton,Hawthorn,Hawthorn,Ben Dixon,8,6,3,0,2,0,2
2005,6,2005-04-29,Docklands,Carlton,Hawthorn,Hawthorn,Peter Everitt,6,4,4,1,0,25,4
2005,6,2005-04-29,Docklands,Carlton,Hawthorn,Hawthorn,Lance Franklin,8,7,5,0,0,0,2
2005,6,2005-04-29,Docklands,Carlton,Hawthorn,Hawthorn,Jonathan Hay,6,6,5,0,1,0,0
2005,6,2005-04-29,Docklands,Carlton,Hawthorn,Hawthorn,Luke Hodge,23,10,9,1,0,1,2
2005,6,2005-04-29,Docklands,Carlton,Hawthorn,Hawthorn,Jordan Lewis,3,1,2,0,0,0,2
2005,6,2005-04-29,Docklands,Carlton,Hawthorn,Hawthorn,Harry Miller,11,6,4,1,0,0,0
2005,6,2005-04-29,Docklands,Carlton,Hawthorn,Hawthorn,Sam Mitchell,13,4,8,0,0,0,4
2005,6,2005-04-29,Docklands,Carlton,Hawthorn,Hawthorn,Michael Osborne,17,7,9,2,0,0,7
2005,6,2005-04-29,Docklands,Carlton,Hawthorn,Hawthorn,Nick Ries,6,2,4,0,1,0,2
2005,6,2005-04-29,Docklands,Carlton,Hawthorn,Hawthorn,Joel Smith,13,6,5,0,0,0,0
2005,6,2005-04-29,Docklands,Carlton,Hawthorn,Hawthorn,Simon Taylor,4,3,6,0,0,18,0
2005,6,2005-04-29,Docklands,Carlton,Hawthorn,Hawthorn,Josh Thurgood,10,8,8,0,0,0,0
2005,6,2005-04-29,Docklands,Carlton,Hawthorn,Hawthorn,Richard Vandenberg,7,1,6,0,1,0,5
2005,6,2005-04-29,Docklands,Carlton,Hawthorn,Hawthorn,Mark Williams,6,6,0,4,1,0,2
2005,6,2005-04-30,M.C.G.,Melbourne,Fremantle,Melbourne,Steven Armstrong,1,1,2,0,0,0,1
2005,6,2005-04-30,M.C.G.,Melbourne,Fremantle,Melbourne,Daniel Bell,8,4,1,0,0,0,2
2005,6,2005-04-30,M.C.G.,Melbourne,Fremantle,Melbourne,Clint Bizzell,6,2,3,0,0,0,2
2005,6,2005-04-30,M.C.G.,Melbourne,Fremantle,Melbourne,Nathan Brown,8,6,3,0,0,0,3
2005,6,2005-04-30,M.C.G.,Melbourne,Fremantle,Melbourne,Aaron Davey,10,3,4,0,1,0,1
2005,6,2005-04-30,M.C.G.,Melbourne,Fremantle,Melbourne,Ryan Ferguson,1,1,0,0,0,0,0
2005,6,2005-04-30,M.C.G.,Melbourne,Fremantle,Melbourne,Simon Godfrey,3,1,1,0,0,0,2
2005,6,2005-04-30,M.C.G.,Melbourne,Fremantle,Melbourne,Brad Green,10,7,9,2,0,0,2
2005,6,2005-04-30,M.C.G.,Melbourne,Fremantle,Melbourne,Ben Holland,8,4,6,5,1,6,0
2005,6,2005-04-30,M.C.G.,Melbourne,Fremantle,Melbourne,Travis Johnstone,11,4,2,0,1,0,2
2005,6,2005-04-30,M.C.G.,Melbourne,Fremantle,Melbourne,James McDonald,11,3,6,0,0,0,4
2005,6,2005-04-30,M.C.G.,Melbourne,Fremantle,Melbourne,Brock McLean,10,4,4,0,1,0,1
2005,6,2005-04-30,M.C.G.,Melbourne,Fremantle,Melbourne,Brad Miller,5,6,5,0,0,0,0
2005,6,2005-04-30,M.C.G.,Melbourne,Fremantle,Melbourne,Brent Moloney,18,2,4,0,0,0,1
2005,6,2005-04-30,M.C.G.,Melbourne,Fremantle,Melbourne,Shannon Motlop,6,2,3,0,0,0,0
2005,6,2005-04-30,M.C.G.,Melbourne,Fremantle,Melbourne,David Neitz,8,6,0,6,0,0,0
2005,6,2005-04-30,M.C.G.,Melbourne,Fremantle,Melbourne,Guy Rigoni,3,0,2,0,0,0,3
2005,6,2005-04-30,M.C.G.,Melbourne,Fremantle,Melbourne,Jared Rivers,7,4,2,0,0,0,0
2005,6,2005-04-30,M.C.G.,Melbourne,Fremantle,Melbourne,Russell Robertson,11,6,3,5,1,0,2
2005,6,2005-04-30,M.C.G.,Melbourne,Fremantle,Melbourne,Paul Wheatley,8,2,2,0,0,0,0
2005,6,2005-04-30,M.C.G.,Melbourne,Fremantle,Melbourne,Jeff White,12,8,9,0,1,42,1
2005,6,2005-04-30,M.C.G.,Melbourne,Fremantle,Melbourne,Adem Yze,9,1,2,2,0,0,4
2005,6,2005-04-30,M.C.G.,Melbourne,Fremantle,Fremantle,Peter Bell,20,9,7,2,1,0,1
2005,6,2005-04-30,M.C.G.,Melbourne,Fremantle,Fremantle,Heath Black,13,6,6,2,1,0,2
2005,6,2005-04-30,M.C.G.,Melbourne,Fremantle,Fremantle,Josh Carr,16,6,5,0,1,0,6
2005,6,2005-04-30,M.C.G.,Melbourne,Fremantle,Fremantle,Matthew Carr,14,8,4,0,0,1,1
2005,6,2005-04-30,M.C.G.,Melbourne,Fremantle,Fremantle,Troy Cook,5,3,5,0,1,0,1
2005,6,2005-04-30,M.C.G.,Melbourne,Fremantle,Fremantle,Jeff Farmer,11,4,1,7,1,0,2
2005,6,2005-04-30,M.C.G.,Melbourne,Fremantle,Fremantle,Antoni Grover,6,3,11,1,0,0,1
2005,6,2005-04-30,M.C.G.,Melbourne,Fremantle,Fremantle,Paul Hasleby,7,5,19,2,0,0,5
2005,6,2005-04-30,M.C.G.,Melbourne,Fremantle,Fremantle,Des Headland,10,5,4,0,0,0,1
2005,6,2005-04-30,M.C.G.,Melbourne,Fremantle,Fremantle,Michael Johnson,6,1,3,0,0,2,1
2005,6,2005-04-30,M.C.G.,Melbourne,Fremantle,Fremantle,Justin Longmuir,2,2,3,1,0,11,0
2005,6,2005-04-30,M.C.G.,Melbourne,Fremantle,Fremantle,Luke McPharlin,10,8,2,5,1,0,2
2005,6,2005-04-30,M.C.G.,Melbourne,Fremantle,Fremantle,Paul Medhurst,15,7,2,1,1,0,1
2005,6,2005-04-30,M.C.G.,Melbourne,Fremantle,Fremantle,David Mundy,7,1,5,0,0,0,3
2005,6,2005-04-30,M.C.G.,Melbourne,Fremantle,Fremantle,Shane Parker,8,2,4,0,0,0,1
2005,6,2005-04-30,M.C.G.,Melbourne,Fremantle,Fremantle,Matthew Pavlich,20,13,8,1,2,0,0
2005,6,2005-04-30,M.C.G.,Melbourne,Fremantle,Fremantle,Byron Schammer,4,4,3,0,0,0,0
2005,6,2005-04-30,M.C.G.,Melbourne,Fremantle,Fremantle,Andrew Siegert,6,1,4,0,0,0,0
2005,6,2005-04-30,M.C.G.,Melbourne,Fremantle,Fremantle,Dylan Smith,2,2,7,0,0,0,2
2005,6,2005-04-30,M.C.G.,Melbourne,Fremantle,Fremantle,Scott Thornton,8,2,9,0,0,0,0
2005,6,2005-04-30,M.C.G.,Melbourne,Fremantle,Fremantle,James Walker,11,7,5,0,0,0,0
2005,6,2005-04-30,M.C.G.,Melbourne,Fremantle,Fremantle,Luke Webster,5,3,0,0,0,0,2
2005,6,2005-04-30,Football Park,Adelaide,Kangaroos,Adelaide,Nathan Bassett,9,2,7,0,0,1,0
2005,6,2005-04-30,Football Park,Adelaide,Kangaroos,Adelaide,Rhett Biglands,6,2,2,1,0,32,1
2005,6,2005-04-30,Football Park,Adelaide,Kangaroos,Adelaide,Brett Burton,9,4,7,1,0,0,2
2005,6,2005-04-30,Football Park,Adelaide,Kangaroos,Adelaide,Michael Doughty,3,1,3,0,1,0,3
2005,6,2005-04-30,Football Park,Adelaide,Kangaroos,Adelaide,Tyson Edwards,12,4,6,0,0,0,3
2005,6,2005-04-30,Football Park,Adelaide,Kangaroos,Adelaide,Simon Goodwin,17,6,11,0,0,0,3
2005,6,2005-04-30,Football Park,Adelaide,Kangaroos,Adelaide,Ben Hart,1,0,1,0,0,0,0
2005,6,2005-04-30,Football Park,Adelaide,Kangaroos,Adelaide,Trent Hentschel,12,6,2,1,1,0,1
2005,6,2005-04-30,Football Park,Adelaide,Kangaroos,Adelaide,Ben Hudson,4,1,4,0,0,20,3
2005,6,2005-04-30,Football Park,Adelaide,Kangaroos,Adelaide,Graham Johncock,8,4,8,0,0,0,7
2005,6,2005-04-30,Football Park,Adelaide,Kangaroos,Adelaide,Martin Mattner,9,2,8,0,0,0,8
2005,6,2005-04-30,Football Park,Adelaide,Kangaroos,Adelaide,Ken McGregor,3,1,6,0,0,0,0
2005,6,2005-04-30,Football Park,Adelaide,Kangaroos,Adelaide,Andrew McLeod,7,2,6,0,2,0,2
2005,6,2005-04-30,Football Park,Adelaide,Kangaroos,Adelaide,Ian Perrie,7,3,5,1,3,1,2
2005,6,2005-04-30,Football Park,Adelaide,Kangaroos,Adelaide,Brent Reilly,13,7,3,1,0,0,2
2005,6,2005-04-30,Football Park,Adelaide,Kangaroos,Adelaide,Mark Ricciuto,10,2,6,0,1,0,6
2005,6,2005-04-30,Football Park,Adelaide,Kangaroos,Adelaide,Ben Rutten,11,6,2,0,0,0,2
2005,6,2005-04-30,Football Park,Adelaide,Kangaroos,Adelaide,Robert Shirley,12,2,6,0,0,2,3
2005,6,2005-04-30,Football Park,Adelaide,Kangaroos,Adelaide,Hayden Skipworth,14,4,6,4,1,0,2
2005,6,2005-04-30,Football Park,Adelaide,Kangaroos,Adelaide,Scott Thompson,15,3,9,1,1,1,7
2005,6,2005-04-30,Football Park,Adelaide,Kangaroos,Adelaide,Jason Torney,4,4,6,0,0,0,2
2005,6,2005-04-30,Football Park,Adelaide,Kangaroos,Adelaide,Scott Welsh,1,0,1,0,0,0,2
2005,6,2005-04-30,Football Park,Adelaide,Kangaroos,Kangaroos,Glenn Archer,9,3,3,0,0,0,5
2005,6,2005-04-30,Football Park,Adelaide,Kangaroos,Kangaroos,John Baird,5,5,3,0,0,0,0
2005,6,2005-04-30,Football Park,Adelaide,Kangaroos,Kangaroos,Leigh Brown,6,4,6,0,0,1,2
2005,6,2005-04-30,Football Park,Adelaide,Kangaroos,Kangaroos,Michael Firrito,6,1,3,0,0,2,4
2005,6,2005-04-30,Football Park,Adelaide,Kangaroos,Kangaroos,Shannon Grant,8,4,5,3,0,0,1
2005,6,2005-04-30,Football Park,Adelaide,Kangaroos,Kangaroos,David Hale,7,5,2,0,0,10,3
2005,6,2005-04-30,Football Park,Adelaide,Kangaroos,Kangaroos,Daniel Harris,7,1,10,0,0,0,4
2005,6,2005-04-30,Football Park,Adelaide,Kangaroos,Kangaroos,Brent Harvey,13,6,7,1,0,0,3
2005,6,2005-04-30,Football Park,Adelaide,Kangaroos,Kangaroos,Corey Jones,5,2,2,0,0,0,3
2005,6,2005-04-30,Football Park,Adelaide,Kangaroos,Kangaroos,Troy Makepeace,18,5,6,1,1,0,1
2005,6,2005-04-30,Football Park,Adelaide,Kangaroos,Kangaroos,Hamish McIntosh,5,0,1,0,0,2,1
2005,6,2005-04-30,Football Park,Adelaide,Kangaroos,Kangaroos,Lance Picioane,7,3,4,0,0,1,4
2005,6,2005-04-30,Football Park,Adelaide,Kangaroos,Kangaroos,Daniel Pratt,11,8,7,0,0,0,3
2005,6,2005-04-30,Football Park,Adelaide,Kangaroos,Kangaroos,Brady Rawlings,12,3,4,0,0,0,1
2005,6,2005-04-30,Football Park,Adelaide,Kangaroos,Kangaroos,Saverio Rocca,6,5,0,2,1,1,0
2005,6,2005-04-30,Football Park,Adelaide,Kangaroos,Kangaroos,Eddie Sansbury,5,0,2,0,0,0,0
2005,6,2005-04-30,Football Park,Adelaide,Kangaroos,Kangaroos,Adam Simpson,15,3,16,0,0,1,4
2005,6,2005-04-30,Football Park,Adelaide,Kangaroos,Kangaroos,Jess Sinclair,20,8,5,0,0,0,3
2005,6,2005-04-30,Football Park,Adelaide,Kangaroos,Kangaroos,Michael Stevens,9,3,2,1,0,0,3
2005,6,2005-04-30,Football Park,Adelaide,Kangaroos,Kangaroos,Nathan Thompson,9,6,1,2,1,0,1
2005,6,2005-04-30,Football Park,Adelaide,Kangaroos,Kangaroos,Shannon Watt,7,2,4,0,0,0,0
2005,6,2005-04-30,Football Park,Adelaide,Kangaroos,Kangaroos,Daniel Wells,14,7,7,0,0,1,1
2005,6,2005-04-30,Docklands,Essendon,Brisbane Lions,Essendon,Mark Bolton,6,2,3,0,1,0,0
2005,6,2005-04-30,Docklands,Essendon,Brisbane Lions,Essendon,Marcus Bullen,9,5,2,0,0,0,3
2005,6,2005-04-30,Docklands,Essendon,Brisbane Lions,Essendon,Dustin Fletcher,15,3,1,0,0,0,2
2005,6,2005-04-30,Docklands,Essendon,Brisbane Lions,Essendon,Ben Haynes,2,2,5,0,0,0,0
2005,6,2005-04-30,Docklands,Essendon,Brisbane Lions,Essendon,Aaron Henneman,8,4,2,0,1,2,2
2005,6,2005-04-30,Docklands,Essendon,Brisbane Lions,Essendon,James Hird,7,5,3,0,0,0,0
2005,6,2005-04-30,Docklands,Essendon,Brisbane Lions,Essendon,Jason Johnson,14,11,10,1,2,0,3
2005,6,2005-04-30,Docklands,Essendon,Brisbane Lions,Essendon,Mark Johnson,18,4,8,3,1,2,2
2005,6,2005-04-30,Docklands,Essendon,Brisbane Lions,Essendon,Jason Laycock,7,3,4,0,1,19,0
2005,6,2005-04-30,Docklands,Essendon,Brisbane Lions,Essendon,Matthew Lloyd,9,2,1,2,2,0,1
2005,6,2005-04-30,Docklands,Essendon,Brisbane Lions,Essendon,Andrew Lovett,12,1,4,2,1,0,1
2005,6,2005-04-30,Docklands,Essendon,Brisbane Lions,Essendon,Scott Lucas,13,7,3,1,1,0,2
2005,6,2005-04-30,Docklands,Essendon,Brisbane Lions,Essendon,Adam McPhee,10,7,12,1,1,1,6
2005,6,2005-04-30,Docklands,Essendon,Brisbane Lions,Essendon,Mark McVeigh,10,3,9,0,1,0,2
2005,6,2005-04-30,Docklands,Essendon,Brisbane Lions,Essendon,Justin Murphy,16,12,4,1,1,0,0
2005,6,2005-04-30,Docklands,Essendon,Brisbane Lions,Essendon,Damien Peverill,10,4,14,0,0,2,3
2005,6,2005-04-30,Docklands,Essendon,Brisbane Lions,Essendon,Joel Reynolds,1,1,2,0,0,1,1
2005,6,2005-04-30,Docklands,Essendon,Brisbane Lions,Essendon,Ted Richards,2,2,9,0,0,0,2
2005,6,2005-04-30,Docklands,Essendon,Brisbane Lions,Essendon,Dean Rioli,10,5,2,0,0,0,1
2005,6,2005-04-30,Docklands,Essendon,Brisbane Lions,Essendon,Dean Solomon,11,3,2,1,1,0,4
2005,6,2005-04-30,Docklands,Essendon,Brisbane Lions,Essendon,Andrew Welsh,6,2,9,0,0,0,2
2005,6,2005-04-30,Docklands,Essendon,Brisbane Lions,Essendon,Ty Zantuck,6,5,4,0,0,0,0
2005,6,2005-04-30,Docklands,Essendon,Brisbane Lions,Brisbane Lions,Jed Adcock,11,5,6,0,0,0,1
2005,6,2005-04-30,Docklands,Essendon,Brisbane Lions,Brisbane Lions,Jason Akermanis,10,2,5,2,0,0,2
2005,6,2005-04-30,Docklands,Essendon,Brisbane Lions,Brisbane Lions,Simon Black,11,3,7,0,0,0,0
2005,6,2005-04-30,Docklands,Essendon,Brisbane Lions,Brisbane Lions,Jonathan Brown,13,14,7,8,2,0,0
2005,6,2005-04-30,Docklands,Essendon,Brisbane Lions,Brisbane Lions,Robert Copeland,6,4,3,0,0,0,2
2005,6,2005-04-30,Docklands,Essendon,Brisbane Lions,Brisbane Lions,Chris Johnson,10,7,7,0,0,0,5
2005,6,2005-04-30,Docklands,Essendon,Brisbane Lions,Brisbane Lions,Clark Keating,2,0,7,1,0,21,1
2005,6,2005-04-30,Docklands,Essendon,Brisbane Lions,Brisbane Lions,Nigel Lappin,20,6,9,0,0,0,5
2005,6,2005-04-30,Docklands,Essendon,Brisbane Lions,Brisbane Lions,Justin Leppitsch,11,10,4,0,0,0,0
2005,6,2005-04-30,Docklands,Essendon,Brisbane Lions,Brisbane Lions,Joel Macdonald,11,8,4,0,0,0,0
2005,6,2005-04-30,Docklands,Essendon,Brisbane Lions,Brisbane Lions,Dylan McLaren,3,1,1,1,0,12,3
2005,6,2005-04-30,Docklands,Essendon,Brisbane Lions,Brisbane Lions,Mal Michael,10,7,3,0,0,2,1
2005,6,2005-04-30,Docklands,Essendon,Brisbane Lions,Brisbane Lions,Matthew Moody,7,9,5,0,0,0,2
2005,6,2005-04-30,Docklands,Essendon,Brisbane Lions,Brisbane Lions,Tim Notting,11,6,6,1,1,0,3
2005,6,2005-04-30,Docklands,Essendon,Brisbane Lions,Brisbane Lions,Martin Pike,10,6,9,0,0,0,1
2005,6,2005-04-30,Docklands,Essendon,Brisbane Lions,Brisbane Lions,Luke Power,17,4,5,2,0,0,2
2005,6,2005-04-30,Docklands,Essendon,Brisbane Lions,Brisbane Lions,Michael Rischitelli,2,0,1,0,0,0,3
2005,6,2005-04-30,Docklands,Essendon,Brisbane Lions,Brisbane Lions,Brad Scott,5,3,9,0,0,0,0
2005,6,2005-04-30,Docklands,Essendon,Brisbane Lions,Brisbane Lions,Chris Scott,14,10,3,3,0,0,1
2005,6,2005-04-30,Docklands,Essendon,Brisbane Lions,Brisbane Lions,Justin Sherman,11,7,8,2,0,0,2
2005,6,2005-04-30,Docklands,Essendon,Brisbane Lions,Brisbane Lions,Llane Spaanderman,1,0,0,0,0,0,1
2005,6,2005-04-30,Docklands,Essendon,Brisbane Lions,Brisbane Lions,Michael Voss,8,5,5,1,0,0,1
2005,6,2005-04-30,Subiaco,West Coast,Sydney,West Coast,Damien Adkins,12,4,3,1,1,0,7
2005,6,2005-04-30,Subiaco,West Coast,Sydney,West Coast,Drew Banfield,9,3,8,0,0,0,6
2005,6,2005-04-30,Subiaco,West Coast,Sydney,West Coast,Michael Braun,12,4,11,0,0,0,1
2005,6,2005-04-30,Subiaco,West Coast,Sydney,West Coast,Sam Butler,4,4,7,0,0,0,2
2005,6,2005-04-30,Subiaco,West Coast,Sydney,West Coast,Daniel Chick,4,2,1,0,0,0,4
2005,6,2005-04-30,Subiaco,West Coast,Sydney,West Coast,Ben Cousins,18,8,11,3,0,0,0
2005,6,2005-04-30,Subiaco,West Coast,Sydney,West Coast,Dean Cox,9,2,6,1,0,47,1
2005,6,2005-04-30,Subiaco,West Coast,Sydney,West Coast,Andrew Embley,15,6,4,1,0,1,5
2005,6,2005-04-30,Subiaco,West Coast,Sydney,West Coast,Chad Fletcher,5,1,3,0,0,0,2
2005,6,2005-04-30,Subiaco,West Coast,Sydney,West Coast,Michael Gardiner,2,2,2,0,0,3,1
2005,6,2005-04-30,Subiaco,West Coast,Sydney,West Coast,Darren Glass,10,4,4,1,0,0,2
2005,6,2005-04-30,Subiaco,West Coast,Sydney,West Coast,Ashley Hansen,5,4,8,0,0,0,2
2005,6,2005-04-30,Subiaco,West Coast,Sydney,West Coast,Adam Hunter,13,3,4,0,0,0,2
2005,6,2005-04-30,Subiaco,West Coast,Sydney,West Coast,Brett Jones,8,4,6,0,0,0,2
2005,6,2005-04-30,Subiaco,West Coast,Sydney,West Coast,Chris Judd,17,3,8,1,1,0,10
2005,6,2005-04-30,Subiaco,West Coast,Sydney,West Coast,Quinten Lynch,11,1,2,1,1,10,0
2005,6,2005-04-30,Subiaco,West Coast,Sydney,West Coast,Phillip Matera,9,2,4,3,2,0,2
2005,6,2005-04-30,Subiaco,West Coast,Sydney,West Coast,Ashley Sampi,11,2,3,2,4,0,6
2005,6,2005-04-30,Subiaco,West Coast,Sydney,West Coast,Mark Seaby,0,0,1,0,0,2,0
2005,6,2005-04-30,Subiaco,West Coast,Sydney,West Coast,Adam Selwood,14,2,4,0,0,0,6
2005,6,2005-04-30,Subiaco,West Coast,Sydney,West Coast,Tyson Stenglein,6,1,8,1,0,1,7
2005,6,2005-04-30,Subiaco,West Coast,Sydney,West Coast,David Wirrpanda,21,7,5,0,0,0,0
2005,6,2005-04-30,Subiaco,West Coast,Sydney,Sydney,Luke Ablett,10,1,5,0,0,0,1
2005,6,2005-04-30,Subiaco,West Coast,Sydney,Sydney,Leo Barry,10,6,2,0,0,0,6
2005,6,2005-04-30,Subiaco,West Coast,Sydney,Sydney,Paul Bevan,5,4,5,0,1,0,1
2005,6,2005-04-30,Subiaco,West Coast,Sydney,Sydney,Craig Bolton,7,3,7,0,0,0,5
2005,6,2005-04-30,Subiaco,West Coast,Sydney,Sydney,Jude Bolton,14,1,3,0,1,0,6
2005,6,2005-04-30,Subiaco,West Coast,Sydney,Sydney,Amon Buchanan,1,1,9,0,0,0,5
2005,6,2005-04-30,Subiaco,West Coast,Sydney,Sydney,Jared Crouch,11,6,4,1,0,0,6
2005,6,2005-04-30,Subiaco,West Coast,Sydney,Sydney,Nick Davis,10,1,6,2,1,0,2
2005,6,2005-04-30,Subiaco,West Coast,Sydney,Sydney,Sean Dempster,6,1,2,0,0,0,2
2005,6,2005-04-30,Subiaco,West Coast,Sydney,Sydney,Adam Goodes,11,1,4,1,1,11,1
2005,6,2005-04-30,Subiaco,West Coast,Sydney,Sydney,Barry Hall,5,3,9,3,0,4,3
2005,6,2005-04-30,Subiaco,West Coast,Sydney,Sydney,Tadhg Kennelly,8,1,2,0,0,1,7
2005,6,2005-04-30,Subiaco,West Coast,Sydney,Sydney,Brett Kirk,16,1,6,1,0,0,11
2005,6,2005-04-30,Subiaco,West Coast,Sydney,Sydney,Stuart Maxfield,11,2,1,0,0,0,4
2005,6,2005-04-30,Subiaco,West Coast,Sydney,Sydney,Jarrad McVeigh,4,1,2,0,0,0,5
2005,6,2005-04-30,Subiaco,West Coast,Sydney,Sydney,Matthew Nicks,8,2,3,0,0,0,3
2005,6,2005-04-30,Subiaco,West Coast,Sydney,Sydney,Ryan OKeefe,10,2,5,0,0,0,4
2005,6,2005-04-30,Subiaco,West Coast,Sydney,Sydney,Michael OLoughlin,4,2,5,0,2,0,6
2005,6,2005-04-30,Subiaco,West Coast,Sydney,Sydney,Lewis Roberts-Thomson,3,0,3,0,2,4,2
2005,6,2005-04-30,Subiaco,West Coast,Sydney,Sydney,Andrew Schauble,4,2,0,0,0,0,3
2005,6,2005-04-30,Subiaco,West Coast,Sydney,Sydney,Adam Schneider,4,0,4,0,0,0,5
2005,6,2005-04-30,Subiaco,West Coast,Sydney,Sydney,David Spriggs,8,1,1,0,0,0,2
2005,6,2005-05-01,Kardinia Park,Geelong,Western Bulldogs,Geelong,Gary Ablett,14,4,7,1,2,0,5
2005,6,2005-05-01,Kardinia Park,Geelong,Western Bulldogs,Geelong,Jimmy Bartel,11,6,12,0,0,0,0
2005,6,2005-05-01,Kardinia Park,Geelong,Western Bulldogs,Geelong,Shannon Byrnes,10,4,4,1,1,0,2
2005,6,2005-05-01,Kardinia Park,Geelong,Western Bulldogs,Geelong,Tim Callan,2,3,2,0,0,0,1
2005,6,2005-05-01,Kardinia Park,Geelong,Western Bulldogs,Geelong,Paul Chapman,15,4,9,3,0,0,3
2005,6,2005-05-01,Kardinia Park,Geelong,Western Bulldogs,Geelong,Joel Corey,17,4,10,1,0,0,3
2005,6,2005-05-01,Kardinia Park,Geelong,Western Bulldogs,Geelong,Corey Enright,7,4,6,1,1,0,1
2005,6,2005-05-01,Kardinia Park,Geelong,Western Bulldogs,Geelong,Charlie Gardiner,8,9,7,0,1,0,1
2005,6,2005-05-01,Kardinia Park,Geelong,Western Bulldogs,Geelong,Tom Harley,9,6,3,0,0,0,1
2005,6,2005-05-01,Kardinia Park,Geelong,Western Bulldogs,Geelong,Josh Hunt,12,1,4,1,0,0,3
2005,6,2005-05-01,Kardinia Park,Geelong,Western Bulldogs,Geelong,Steve Johnson,4,2,3,2,1,0,0
2005,6,2005-05-01,Kardinia Park,Geelong,Western Bulldogs,Geelong,James Kelly,11,4,7,0,1,0,0
2005,6,2005-05-01,Kardinia Park,Geelong,Western Bulldogs,Geelong,Steven King,6,4,5,0,0,17,0
2005,6,2005-05-01,Kardinia Park,Geelong,Western Bulldogs,Geelong,Kent Kingsley,6,4,4,2,0,0,0
2005,6,2005-05-01,Kardinia Park,Geelong,Western Bulldogs,Geelong,Cameron Ling,8,5,8,0,1,0,3
2005,6,2005-05-01,Kardinia Park,Geelong,Western Bulldogs,Geelong,Darren Milburn,12,7,9,0,0,2,3
2005,6,2005-05-01,Kardinia Park,Geelong,Western Bulldogs,Geelong,Cameron Mooney,8,2,4,0,0,0,0
2005,6,2005-05-01,Kardinia Park,Geelong,Western Bulldogs,Geelong,Brad Ottens,7,6,8,2,1,12,2
2005,6,2005-05-01,Kardinia Park,Geelong,Western Bulldogs,Geelong,Henry Playfair,3,2,3,0,0,0,1
2005,6,2005-05-01,Kardinia Park,Geelong,Western Bulldogs,Geelong,Peter Riccardi,12,4,4,2,1,0,3
2005,6,2005-05-01,Kardinia Park,Geelong,Western Bulldogs,Geelong,Max Rooke,6,3,6,0,0,0,0
2005,6,2005-05-01,Kardinia Park,Geelong,Western Bulldogs,Geelong,Matthew Scarlett,11,9,11,0,0,0,6
2005,6,2005-05-01,Kardinia Park,Geelong,Western Bulldogs,Western Bulldogs,Matthew Boyd,9,7,10,0,0,0,0
2005,6,2005-05-01,Kardinia Park,Geelong,Western Bulldogs,Western Bulldogs,Adam Cooney,15,5,4,2,0,0,5
2005,6,2005-05-01,Kardinia Park,Geelong,Western Bulldogs,Western Bulldogs,Daniel Cross,13,9,15,0,0,4,3
2005,6,2005-05-01,Kardinia Park,Geelong,Western Bulldogs,Western Bulldogs,Luke Darcy,0,0,0,0,0,1,2
2005,6,2005-05-01,Kardinia Park,Geelong,Western Bulldogs,Western Bulldogs,Nathan Eagleton,12,7,4,2,0,0,0
2005,6,2005-05-01,Kardinia Park,Geelong,Western Bulldogs,Western Bulldogs,Daniel Giansiracusa,10,4,7,1,1,0,1
2005,6,2005-05-01,Kardinia Park,Geelong,Western Bulldogs,Western Bulldogs,Lindsay Gilbee,21,9,8,1,1,0,5
2005,6,2005-05-01,Kardinia Park,Geelong,Western Bulldogs,Western Bulldogs,Chris Grant,12,4,0,0,0,0,5
2005,6,2005-05-01,Kardinia Park,Geelong,Western Bulldogs,Western Bulldogs,Ryan Griffen,3,2,0,1,0,0,0
2005,6,2005-05-01,Kardinia Park,Geelong,Western Bulldogs,Western Bulldogs,Mitch Hahn,6,2,6,0,0,0,0
2005,6,2005-05-01,Kardinia Park,Geelong,Western Bulldogs,Western Bulldogs,Ryan Hargrave,6,1,5,0,0,0,4
2005,6,2005-05-01,Kardinia Park,Geelong,Western Bulldogs,Western Bulldogs,Brad Johnson,11,8,4,0,0,0,0
2005,6,2005-05-01,Kardinia Park,Geelong,Western Bulldogs,Western Bulldogs,Brian Lake,5,2,2,0,1,1,2
2005,6,2005-05-01,Kardinia Park,Geelong,Western Bulldogs,Western Bulldogs,Jordan McMahon,7,4,6,0,0,0,3
2005,6,2005-05-01,Kardinia Park,Geelong,Western Bulldogs,Western Bulldogs,Will Minson,5,2,4,0,0,18,2
2005,6,2005-05-01,Kardinia Park,Geelong,Western Bulldogs,Western Bulldogs,Dale Morris,4,3,8,0,0,0,5
2005,6,2005-05-01,Kardinia Park,Geelong,Western Bulldogs,Western Bulldogs,Brad Murphy,1,2,5,0,0,1,0
2005,6,2005-05-01,Kardinia Park,Geelong,Western Bulldogs,Western Bulldogs,Robert Murphy,14,10,5,0,1,0,3
2005,6,2005-05-01,Kardinia Park,Geelong,Western Bulldogs,Western Bulldogs,Sam Power,9,5,4,1,0,0,1
2005,6,2005-05-01,Kardinia Park,Geelong,Western Bulldogs,Western Bulldogs,Jade Rawlings,6,5,4,2,2,3,0
2005,6,2005-05-01,Kardinia Park,Geelong,Western Bulldogs,Western Bulldogs,Rohan Smith,9,8,5,1,0,0,0
2005,6,2005-05-01,Kardinia Park,Geelong,Western Bulldogs,Western Bulldogs,Scott West,14,5,16,0,0,0,3
2005,6,2005-05-01,M.C.G.,Collingwood,St Kilda,Collingwood,Scott Burns,8,4,7,1,2,0,2
2005,6,2005-05-01,M.C.G.,Collingwood,St Kilda,Collingwood,Blake Caracella,9,6,8,1,1,0,2
2005,6,2005-05-01,M.C.G.,Collingwood,St Kilda,Collingwood,James Clement,9,0,2,0,0,0,3
2005,6,2005-05-01,M.C.G.,Collingwood,St Kilda,Collingwood,Cameron Cloke,8,4,1,1,0,11,4
2005,6,2005-05-01,M.C.G.,Collingwood,St Kilda,Collingwood,Jason Cloke,11,9,7,0,0,2,4
2005,6,2005-05-01,M.C.G.,Collingwood,St Kilda,Collingwood,Travis Cloke,9,3,4,1,1,0,0
2005,6,2005-05-01,M.C.G.,Collingwood,St Kilda,Collingwood,Richard Cole,6,3,5,0,0,0,2
2005,6,2005-05-01,M.C.G.,Collingwood,St Kilda,Collingwood,Alan Didak,8,2,2,2,0,0,0
2005,6,2005-05-01,M.C.G.,Collingwood,St Kilda,Collingwood,Josh Fraser,5,2,5,2,1,6,0
2005,6,2005-05-01,M.C.G.,Collingwood,St Kilda,Collingwood,Brodie Holland,5,2,15,0,1,0,6
2005,6,2005-05-01,M.C.G.,Collingwood,St Kilda,Collingwood,Adam Iacobucci,3,1,7,0,0,0,1
2005,6,2005-05-01,M.C.G.,Collingwood,St Kilda,Collingwood,Ben Johnson,10,4,3,0,0,0,0
2005,6,2005-05-01,M.C.G.,Collingwood,St Kilda,Collingwood,Paul Licuria,9,4,8,0,1,0,3
2005,6,2005-05-01,M.C.G.,Collingwood,St Kilda,Collingwood,Tarkyn Lockyer,12,6,2,0,0,0,5
2005,6,2005-05-01,M.C.G.,Collingwood,St Kilda,Collingwood,Nick Maxwell,8,5,5,0,0,1,0
2005,6,2005-05-01,M.C.G.,Collingwood,St Kilda,Collingwood,Chad Morrison,10,4,18,0,0,0,3
2005,6,2005-05-01,M.C.G.,Collingwood,St Kilda,Collingwood,Shane OBree,7,3,6,0,0,0,2
2005,6,2005-05-01,M.C.G.,Collingwood,St Kilda,Collingwood,Simon Prestigiacomo,1,0,2,0,0,0,0
2005,6,2005-05-01,M.C.G.,Collingwood,St Kilda,Collingwood,Julian Rowe,9,6,4,0,2,0,6
2005,6,2005-05-01,M.C.G.,Collingwood,St Kilda,Collingwood,Rhyce Shaw,17,5,5,0,1,0,1
2005,6,2005-05-01,M.C.G.,Collingwood,St Kilda,Collingwood,Chris Tarrant,7,3,4,2,0,0,5
2005,6,2005-05-01,M.C.G.,Collingwood,St Kilda,Collingwood,Shane Wakelin,6,4,3,0,0,3,1
2005,6,2005-05-01,M.C.G.,Collingwood,St Kilda,St Kilda,Cain Ackland,6,2,7,0,0,20,1
2005,6,2005-05-01,M.C.G.,Collingwood,St Kilda,St Kilda,Steven Baker,9,2,9,1,0,0,1
2005,6,2005-05-01,M.C.G.,Collingwood,St Kilda,St Kilda,Luke Ball,16,6,6,0,1,0,3
2005,6,2005-05-01,M.C.G.,Collingwood,St Kilda,St Kilda,Raphael Clarke,8,3,8,0,0,0,3
2005,6,2005-05-01,M.C.G.,Collingwood,St Kilda,St Kilda,Xavier Clarke,7,3,11,0,0,0,2
2005,6,2005-05-01,M.C.G.,Collingwood,St Kilda,St Kilda,Nick Dal Santo,22,8,9,0,3,1,4
2005,6,2005-05-01,M.C.G.,Collingwood,St Kilda,St Kilda,Aaron Fiora,12,4,6,1,0,0,4
2005,6,2005-05-01,M.C.G.,Collingwood,St Kilda,St Kilda,Sam Fisher,3,1,4,0,0,0,0
2005,6,2005-05-01,M.C.G.,Collingwood,St Kilda,St Kilda,Fraser Gehrig,15,7,0,8,2,0,2
2005,6,2005-05-01,M.C.G.,Collingwood,St Kilda,St Kilda,Brendon Goddard,9,6,6,1,0,0,5
2005,6,2005-05-01,M.C.G.,Collingwood,St Kilda,St Kilda,Brent Guerra,4,0,1,1,0,0,6
2005,6,2005-05-01,M.C.G.,Collingwood,St Kilda,St Kilda,Aaron Hamill,5,5,5,1,0,0,3
2005,6,2005-05-01,M.C.G.,Collingwood,St Kilda,St Kilda,Robert Harvey,16,5,14,0,0,0,4
2005,6,2005-05-01,M.C.G.,Collingwood,St Kilda,St Kilda,Lenny Hayes,15,6,12,0,1,0,6
2005,6,2005-05-01,M.C.G.,Collingwood,St Kilda,St Kilda,Max Hudghton,2,1,6,0,0,0,0
2005,6,2005-05-01,M.C.G.,Collingwood,St Kilda,St Kilda,Austinn Jones,11,4,5,1,0,0,4
2005,6,2005-05-01,M.C.G.,Collingwood,St Kilda,St Kilda,Justin Koschitzke,8,9,7,1,2,20,6
2005,6,2005-05-01,M.C.G.,Collingwood,St Kilda,St Kilda,Matt Maguire,10,6,5,0,0,0,0
2005,6,2005-05-01,M.C.G.,Collingwood,St Kilda,St Kilda,Stephen Milne,7,3,5,1,1,0,0
2005,6,2005-05-01,M.C.G.,Collingwood,St Kilda,St Kilda,Justin Peckett,7,5,4,0,0,0,0
2005,6,2005-05-01,M.C.G.,Collingwood,St Kilda,St Kilda,Andrew Thompson,4,3,7,0,2,0,1
2005,6,2005-05-01,M.C.G.,Collingwood,St Kilda,St Kilda,Brett Voss,5,3,7,0,0,0,2
2005,6,2005-05-01,Docklands,Richmond,Port Adelaide,Richmond,Joel Bowden,18,12,7,0,0,0,1
2005,6,2005-05-01,Docklands,Richmond,Port Adelaide,Richmond,Nathan Brown,13,5,3,6,2,0,1
2005,6,2005-05-01,Docklands,Richmond,Port Adelaide,Richmond,Wayne Campbell,6,2,7,0,0,0,2
2005,6,2005-05-01,Docklands,Richmond,Port Adelaide,Richmond,Mark Chaffey,10,4,5,0,0,0,2
2005,6,2005-05-01,Docklands,Richmond,Port Adelaide,Richmond,Mark Coughlan,13,3,6,1,1,0,2
2005,6,2005-05-01,Docklands,Richmond,Port Adelaide,Richmond,Brett Deledio,8,7,8,0,1,0,2
2005,6,2005-05-01,Docklands,Richmond,Port Adelaide,Richmond,Darren Gaspar,11,8,6,0,0,0,0
2005,6,2005-05-01,Docklands,Richmond,Port Adelaide,Richmond,Mark Graham,7,3,6,0,0,1,1
2005,6,2005-05-01,Docklands,Richmond,Port Adelaide,Richmond,Ray Hall,5,5,5,0,0,0,0
2005,6,2005-05-01,Docklands,Richmond,Port Adelaide,Richmond,Kane Johnson,8,5,6,0,0,0,2
2005,6,2005-05-01,Docklands,Richmond,Port Adelaide,Richmond,Andrew Kellaway,10,8,4,1,0,0,1
2005,6,2005-05-01,Docklands,Richmond,Port Adelaide,Richmond,Trent Knobel,3,3,2,0,0,8,1
2005,6,2005-05-01,Docklands,Richmond,Port Adelaide,Richmond,Andrew Krakouer,11,2,4,0,0,0,6
2005,6,2005-05-01,Docklands,Richmond,Port Adelaide,Richmond,Danny Meyer,6,5,0,0,0,0,2
2005,6,2005-05-01,Docklands,Richmond,Port Adelaide,Richmond,Chris Newman,8,5,5,0,0,0,3
2005,6,2005-05-01,Docklands,Richmond,Port Adelaide,Richmond,Kayne Pettifer,13,5,3,4,0,0,2
2005,6,2005-05-01,Docklands,Richmond,Port Adelaide,Richmond,Matthew Richardson,17,17,3,3,0,0,0
2005,6,2005-05-01,Docklands,Richmond,Port Adelaide,Richmond,Troy Simmonds,12,5,5,1,0,23,0
2005,6,2005-05-01,Docklands,Richmond,Port Adelaide,Richmond,Greg Stafford,3,3,3,2,0,0,0
2005,6,2005-05-01,Docklands,Richmond,Port Adelaide,Richmond,Richard Tambling,3,1,6,0,0,0,3
2005,6,2005-05-01,Docklands,Richmond,Port Adelaide,Richmond,Greg Tivendale,11,7,10,0,0,0,2
2005,6,2005-05-01,Docklands,Richmond,Port Adelaide,Richmond,Shane Tuck,21,7,5,1,1,1,1
2005,6,2005-05-01,Docklands,Richmond,Port Adelaide,Port Adelaide,Matthew Bishop,11,7,2,0,0,0,2
2005,6,2005-05-01,Docklands,Richmond,Port Adelaide,Port Adelaide,Peter Burgoyne,14,4,10,1,2,0,3
2005,6,2005-05-01,Docklands,Richmond,Port Adelaide,Port Adelaide,Domenic Cassisi,9,6,7,0,0,0,1
2005,6,2005-05-01,Docklands,Richmond,Port Adelaide,Port Adelaide,Stuart Cochrane,3,1,2,0,0,0,0
2005,6,2005-05-01,Docklands,Richmond,Port Adelaide,Port Adelaide,Kane Cornes,13,1,7,1,2,0,2
2005,6,2005-05-01,Docklands,Richmond,Port Adelaide,Port Adelaide,Stuart Dew,11,3,3,0,0,0,0
2005,6,2005-05-01,Docklands,Richmond,Port Adelaide,Port Adelaide,Brett Ebert,6,4,5,0,0,2,2
2005,6,2005-05-01,Docklands,Richmond,Port Adelaide,Port Adelaide,Josh Francou,10,6,12,0,1,0,7
2005,6,2005-05-01,Docklands,Richmond,Port Adelaide,Port Adelaide,Adam Kingsley,9,2,3,0,0,0,2
2005,6,2005-05-01,Docklands,Richmond,Port Adelaide,Port Adelaide,Brendon Lade,8,7,3,2,0,4,0
2005,6,2005-05-01,Docklands,Richmond,Port Adelaide,Port Adelaide,Josh Mahoney,6,3,2,0,1,1,0
2005,6,2005-05-01,Docklands,Richmond,Port Adelaide,Port Adelaide,Brett Montgomery,7,7,6,0,0,0,0
2005,6,2005-05-01,Docklands,Richmond,Port Adelaide,Port Adelaide,Michael Pettigrew,4,4,3,1,0,0,2
2005,6,2005-05-01,Docklands,Richmond,Port Adelaide,Port Adelaide,Byron Pickett,7,6,4,0,0,0,3
2005,6,2005-05-01,Docklands,Richmond,Port Adelaide,Port Adelaide,Matthew Primus,5,3,4,1,2,11,0
2005,6,2005-05-01,Docklands,Richmond,Port Adelaide,Port Adelaide,Toby Thurstans,9,8,6,0,0,3,2
2005,6,2005-05-01,Docklands,Richmond,Port Adelaide,Port Adelaide,Warren Tredrea,11,8,2,2,2,0,1
2005,6,2005-05-01,Docklands,Richmond,Port Adelaide,Port Adelaide,Darryl Wakelin,7,7,3,0,0,0,0
2005,6,2005-05-01,Docklands,Richmond,Port Adelaide,Port Adelaide,Peter Walsh,8,4,6,0,0,0,2
2005,6,2005-05-01,Docklands,Richmond,Port Adelaide,Port Adelaide,Gavin Wanganeen,12,3,6,1,0,0,0
2005,6,2005-05-01,Docklands,Richmond,Port Adelaide,Port Adelaide,Damon White,4,5,7,0,1,0,0
2005,6,2005-05-01,Docklands,Richmond,Port Adelaide,Port Adelaide,Michael Wilson,7,4,4,0,0,0,4
2005,7,2005-05-06,M.C.G.,Melbourne,Adelaide,Melbourne,Daniel Bell,8,5,4,0,0,0,1
2005,7,2005-05-06,M.C.G.,Melbourne,Adelaide,Melbourne,Clint Bizzell,14,2,8,0,0,1,2
2005,7,2005-05-06,M.C.G.,Melbourne,Adelaide,Melbourne,Nathan Brown,15,7,4,2,0,0,1
2005,7,2005-05-06,M.C.G.,Melbourne,Adelaide,Melbourne,Aaron Davey,5,1,1,2,0,0,5
2005,7,2005-05-06,M.C.G.,Melbourne,Adelaide,Melbourne,Ryan Ferguson,5,4,2,0,0,0,2
2005,7,2005-05-06,M.C.G.,Melbourne,Adelaide,Melbourne,Simon Godfrey,9,4,4,1,0,1,2
2005,7,2005-05-06,M.C.G.,Melbourne,Adelaide,Melbourne,Brad Green,13,8,8,1,1,0,5
2005,7,2005-05-06,M.C.G.,Melbourne,Adelaide,Melbourne,Chris Heffernan,8,2,5,0,0,0,4
2005,7,2005-05-06,M.C.G.,Melbourne,Adelaide,Melbourne,Ben Holland,4,2,6,1,0,1,7
2005,7,2005-05-06,M.C.G.,Melbourne,Adelaide,Melbourne,Paul Johnson,2,1,2,0,0,2,2
2005,7,2005-05-06,M.C.G.,Melbourne,Adelaide,Melbourne,Travis Johnstone,13,6,1,0,0,0,2
2005,7,2005-05-06,M.C.G.,Melbourne,Adelaide,Melbourne,James McDonald,17,9,9,1,0,0,3
2005,7,2005-05-06,M.C.G.,Melbourne,Adelaide,Melbourne,Brock McLean,7,4,6,0,0,0,3
2005,7,2005-05-06,M.C.G.,Melbourne,Adelaide,Melbourne,Brad Miller,1,3,4,0,0,0,1
2005,7,2005-05-06,M.C.G.,Melbourne,Adelaide,Melbourne,Brent Moloney,11,5,8,0,0,0,0
2005,7,2005-05-06,M.C.G.,Melbourne,Adelaide,Melbourne,David Neitz,6,5,0,1,3,0,1
2005,7,2005-05-06,M.C.G.,Melbourne,Adelaide,Melbourne,Jared Rivers,7,7,9,0,0,0,2
2005,7,2005-05-06,M.C.G.,Melbourne,Adelaide,Melbourne,Russell Robertson,8,5,1,1,2,0,1
2005,7,2005-05-06,M.C.G.,Melbourne,Adelaide,Melbourne,Colin Sylvia,2,0,1,0,0,0,0
2005,7,2005-05-06,M.C.G.,Melbourne,Adelaide,Melbourne,Jeff White,5,6,5,0,0,24,3
2005,7,2005-05-06,M.C.G.,Melbourne,Adelaide,Melbourne,Luke Williams,6,2,6,0,0,0,3
2005,7,2005-05-06,M.C.G.,Melbourne,Adelaide,Melbourne,Adem Yze,19,7,1,1,3,0,2
2005,7,2005-05-06,M.C.G.,Melbourne,Adelaide,Adelaide,Nathan Bassett,4,1,5,1,0,0,2
2005,7,2005-05-06,M.C.G.,Melbourne,Adelaide,Adelaide,James Begley,1,0,4,0,0,0,1
2005,7,2005-05-06,M.C.G.,Melbourne,Adelaide,Adelaide,Rhett Biglands,6,4,1,1,2,8,0
2005,7,2005-05-06,M.C.G.,Melbourne,Adelaide,Adelaide,Brett Burton,15,5,8,0,0,0,3
2005,7,2005-05-06,M.C.G.,Melbourne,Adelaide,Adelaide,Tyson Edwards,13,7,6,0,0,0,1
2005,7,2005-05-06,M.C.G.,Melbourne,Adelaide,Adelaide,Simon Goodwin,15,6,9,0,1,0,1
2005,7,2005-05-06,M.C.G.,Melbourne,Adelaide,Adelaide,Ben Hart,9,4,3,0,0,0,0
2005,7,2005-05-06,M.C.G.,Melbourne,Adelaide,Adelaide,Trent Hentschel,4,2,4,0,0,0,0
2005,7,2005-05-06,M.C.G.,Melbourne,Adelaide,Adelaide,Ben Hudson,5,3,10,1,0,19,1
2005,7,2005-05-06,M.C.G.,Melbourne,Adelaide,Adelaide,Graham Johncock,8,3,5,0,0,0,2
2005,7,2005-05-06,M.C.G.,Melbourne,Adelaide,Adelaide,Martin Mattner,5,3,0,0,0,0,2
2005,7,2005-05-06,M.C.G.,Melbourne,Adelaide,Adelaide,Ken McGregor,8,2,4,0,0,3,2
2005,7,2005-05-06,M.C.G.,Melbourne,Adelaide,Adelaide,Andrew McLeod,11,3,5,0,0,0,3
2005,7,2005-05-06,M.C.G.,Melbourne,Adelaide,Adelaide,Ian Perrie,10,7,4,2,3,0,1
2005,7,2005-05-06,M.C.G.,Melbourne,Adelaide,Adelaide,Brent Reilly,7,3,10,0,0,0,1
2005,7,2005-05-06,M.C.G.,Melbourne,Adelaide,Adelaide,Mark Ricciuto,9,4,11,0,0,0,2
2005,7,2005-05-06,M.C.G.,Melbourne,Adelaide,Adelaide,Ben Rutten,7,5,7,0,0,1,2
2005,7,2005-05-06,M.C.G.,Melbourne,Adelaide,Adelaide,Robert Shirley,5,2,13,0,0,0,2
2005,7,2005-05-06,M.C.G.,Melbourne,Adelaide,Adelaide,Hayden Skipworth,8,5,6,1,0,0,1
2005,7,2005-05-06,M.C.G.,Melbourne,Adelaide,Adelaide,Scott Thompson,20,5,5,0,3,0,2
2005,7,2005-05-06,M.C.G.,Melbourne,Adelaide,Adelaide,Jason Torney,4,6,8,0,0,0,1
2005,7,2005-05-06,M.C.G.,Melbourne,Adelaide,Adelaide,Scott Welsh,5,2,3,1,1,0,3
2005,7,2005-05-07,M.C.G.,Richmond,Carlton,Richmond,Joel Bowden,21,10,12,0,0,0,1
2005,7,2005-05-07,M.C.G.,Richmond,Carlton,Richmond,Nathan Brown,16,8,2,4,2,0,2
2005,7,2005-05-07,M.C.G.,Richmond,Carlton,Richmond,Wayne Campbell,11,7,15,2,0,0,4
2005,7,2005-05-07,M.C.G.,Richmond,Carlton,Richmond,Mark Chaffey,7,3,8,0,0,0,2
2005,7,2005-05-07,M.C.G.,Richmond,Carlton,Richmond,Mark Coughlan,14,5,24,0,1,0,7
2005,7,2005-05-07,M.C.G.,Richmond,Carlton,Richmond,Brett Deledio,10,4,7,1,0,0,2
2005,7,2005-05-07,M.C.G.,Richmond,Carlton,Richmond,Darren Gaspar,9,3,8,0,0,0,0
2005,7,2005-05-07,M.C.G.,Richmond,Carlton,Richmond,Mark Graham,4,2,8,0,0,2,0
2005,7,2005-05-07,M.C.G.,Richmond,Carlton,Richmond,Ray Hall,8,4,11,0,0,0,1
2005,7,2005-05-07,M.C.G.,Richmond,Carlton,Richmond,Kane Johnson,11,2,11,1,0,0,1
2005,7,2005-05-07,M.C.G.,Richmond,Carlton,Richmond,Andrew Kellaway,9,10,13,1,0,1,0
2005,7,2005-05-07,M.C.G.,Richmond,Carlton,Richmond,Trent Knobel,1,3,6,0,0,24,1
2005,7,2005-05-07,M.C.G.,Richmond,Carlton,Richmond,Andrew Krakouer,7,3,6,5,0,0,5
2005,7,2005-05-07,M.C.G.,Richmond,Carlton,Richmond,Danny Meyer,7,1,5,0,0,0,0
2005,7,2005-05-07,M.C.G.,Richmond,Carlton,Richmond,Chris Newman,14,4,8,0,0,0,3
2005,7,2005-05-07,M.C.G.,Richmond,Carlton,Richmond,Kayne Pettifer,12,6,6,2,0,0,2
2005,7,2005-05-07,M.C.G.,Richmond,Carlton,Richmond,Matthew Richardson,12,9,5,4,3,0,0
2005,7,2005-05-07,M.C.G.,Richmond,Carlton,Richmond,Troy Simmonds,12,9,3,1,1,9,0
2005,7,2005-05-07,M.C.G.,Richmond,Carlton,Richmond,Greg Stafford,3,2,1,1,1,1,0
2005,7,2005-05-07,M.C.G.,Richmond,Carlton,Richmond,Richard Tambling,5,3,2,0,1,0,3
2005,7,2005-05-07,M.C.G.,Richmond,Carlton,Richmond,Greg Tivendale,9,0,11,1,1,0,3
2005,7,2005-05-07,M.C.G.,Richmond,Carlton,Richmond,Shane Tuck,10,5,11,0,0,1,2
2005,7,2005-05-07,M.C.G.,Richmond,Carlton,Carlton,Jordan Bannister,4,1,2,0,0,0,2
2005,7,2005-05-07,M.C.G.,Richmond,Carlton,Carlton,Eddie Betts,3,0,1,0,0,0,1
2005,7,2005-05-07,M.C.G.,Richmond,Carlton,Carlton,Scott Camporeale,23,6,9,0,0,0,2
2005,7,2005-05-07,M.C.G.,Richmond,Carlton,Carlton,Adrian De Luca,1,1,6,0,0,2,2
2005,7,2005-05-07,M.C.G.,Richmond,Carlton,Carlton,Barnaby French,3,3,7,1,0,21,1
2005,7,2005-05-07,M.C.G.,Richmond,Carlton,Carlton,Ryan Houlihan,11,2,8,0,0,0,0
2005,7,2005-05-07,M.C.G.,Richmond,Carlton,Carlton,Brett Johnson,6,2,7,0,0,0,2
2005,7,2005-05-07,M.C.G.,Richmond,Carlton,Carlton,Anthony Koutoufides,8,4,16,0,0,1,4
2005,7,2005-05-07,M.C.G.,Richmond,Carlton,Carlton,Matthew Lappin,12,5,5,5,0,0,2
2005,7,2005-05-07,M.C.G.,Richmond,Carlton,Carlton,Troy Longmuir,2,2,5,1,0,0,3
2005,7,2005-05-07,M.C.G.,Richmond,Carlton,Carlton,Setanta OhAilpin,1,1,0,1,0,0,1
2005,7,2005-05-07,M.C.G.,Richmond,Carlton,Carlton,Ian Prendergast,1,2,5,0,0,4,4
2005,7,2005-05-07,M.C.G.,Richmond,Carlton,Carlton,Heath Scotland,13,6,12,1,0,0,2
2005,7,2005-05-07,M.C.G.,Richmond,Carlton,Carlton,Kade Simpson,9,1,9,0,1,0,1
2005,7,2005-05-07,M.C.G.,Richmond,Carlton,Carlton,Trent Sporn,4,2,2,0,0,0,2
2005,7,2005-05-07,M.C.G.,Richmond,Carlton,Carlton,Nick Stevens,17,5,13,0,1,0,5
2005,7,2005-05-07,M.C.G.,Richmond,Carlton,Carlton,David Teague,9,4,2,0,0,0,2
2005,7,2005-05-07,M.C.G.,Richmond,Carlton,Carlton,Bret Thornton,8,2,3,0,0,0,1
2005,7,2005-05-07,M.C.G.,Richmond,Carlton,Carlton,Jarrad Waite,13,9,4,1,2,0,1
2005,7,2005-05-07,M.C.G.,Richmond,Carlton,Carlton,Andrew Walker,9,2,4,0,0,0,3
2005,7,2005-05-07,M.C.G.,Richmond,Carlton,Carlton,Lance Whitnall,14,7,5,0,1,0,2
2005,7,2005-05-07,M.C.G.,Richmond,Carlton,Carlton,Simon Wiggins,6,2,2,0,0,1,3
2005,7,2005-05-07,Docklands,Geelong,St Kilda,Geelong,Gary Ablett,12,4,10,1,0,0,0
2005,7,2005-05-07,Docklands,Geelong,St Kilda,Geelong,Jimmy Bartel,6,5,12,1,0,0,3
2005,7,2005-05-07,Docklands,Geelong,St Kilda,Geelong,Shannon Byrnes,8,5,9,0,1,0,4
2005,7,2005-05-07,Docklands,Geelong,St Kilda,Geelong,Paul Chapman,6,3,4,1,0,0,2
2005,7,2005-05-07,Docklands,Geelong,St Kilda,Geelong,Joel Corey,9,6,5,0,0,1,3
2005,7,2005-05-07,Docklands,Geelong,St Kilda,Geelong,Corey Enright,13,7,11,1,1,0,2
2005,7,2005-05-07,Docklands,Geelong,St Kilda,Geelong,Charlie Gardiner,2,2,3,0,0,0,1
2005,7,2005-05-07,Docklands,Geelong,St Kilda,Geelong,Tom Harley,9,4,2,0,0,0,2
2005,7,2005-05-07,Docklands,Geelong,St Kilda,Geelong,Josh Hunt,9,4,3,0,1,0,2
2005,7,2005-05-07,Docklands,Geelong,St Kilda,Geelong,David Johnson,9,5,5,0,1,0,2
2005,7,2005-05-07,Docklands,Geelong,St Kilda,Geelong,James Kelly,8,2,7,1,0,0,1
2005,7,2005-05-07,Docklands,Geelong,St Kilda,Geelong,Steven King,7,3,8,0,0,23,2
2005,7,2005-05-07,Docklands,Geelong,St Kilda,Geelong,Kent Kingsley,6,4,4,4,0,0,2
2005,7,2005-05-07,Docklands,Geelong,St Kilda,Geelong,Cameron Ling,18,9,8,1,1,0,4
2005,7,2005-05-07,Docklands,Geelong,St Kilda,Geelong,Darren Milburn,18,11,11,3,0,2,1
2005,7,2005-05-07,Docklands,Geelong,St Kilda,Geelong,Cameron Mooney,5,3,3,0,1,0,0
2005,7,2005-05-07,Docklands,Geelong,St Kilda,Geelong,Brad Ottens,5,3,5,2,1,9,1
2005,7,2005-05-07,Docklands,Geelong,St Kilda,Geelong,Henry Playfair,2,3,3,1,0,0,0
2005,7,2005-05-07,Docklands,Geelong,St Kilda,Geelong,Peter Riccardi,9,2,6,0,1,0,1
2005,7,2005-05-07,Docklands,Geelong,St Kilda,Geelong,Max Rooke,3,0,2,0,0,0,2
2005,7,2005-05-07,Docklands,Geelong,St Kilda,Geelong,Matthew Scarlett,10,7,5,0,0,1,2
2005,7,2005-05-07,Docklands,Geelong,St Kilda,Geelong,Cameron Thurley,6,3,1,2,0,0,1
2005,7,2005-05-07,Docklands,Geelong,St Kilda,St Kilda,Cain Ackland,7,1,3,1,0,7,3
2005,7,2005-05-07,Docklands,Geelong,St Kilda,St Kilda,Steven Baker,5,2,5,1,0,0,2
2005,7,2005-05-07,Docklands,Geelong,St Kilda,St Kilda,Luke Ball,16,3,16,0,0,1,4
2005,7,2005-05-07,Docklands,Geelong,St Kilda,St Kilda,Raphael Clarke,4,4,7,0,0,1,3
2005,7,2005-05-07,Docklands,Geelong,St Kilda,St Kilda,Xavier Clarke,12,2,14,0,0,0,1
2005,7,2005-05-07,Docklands,Geelong,St Kilda,St Kilda,Nick Dal Santo,13,2,10,0,0,1,2
2005,7,2005-05-07,Docklands,Geelong,St Kilda,St Kilda,Aaron Fiora,6,3,6,1,0,0,2
2005,7,2005-05-07,Docklands,Geelong,St Kilda,St Kilda,Sam Fisher,8,2,1,1,0,0,3
2005,7,2005-05-07,Docklands,Geelong,St Kilda,St Kilda,Brendon Goddard,10,3,6,1,0,1,1
2005,7,2005-05-07,Docklands,Geelong,St Kilda,St Kilda,Brent Guerra,7,2,3,2,3,0,7
2005,7,2005-05-07,Docklands,Geelong,St Kilda,St Kilda,Robert Harvey,2,2,3,1,0,0,0
2005,7,2005-05-07,Docklands,Geelong,St Kilda,St Kilda,Lenny Hayes,11,4,11,0,0,0,4
2005,7,2005-05-07,Docklands,Geelong,St Kilda,St Kilda,Max Hudghton,5,3,2,0,0,0,1
2005,7,2005-05-07,Docklands,Geelong,St Kilda,St Kilda,Austinn Jones,0,1,2,0,0,0,0
2005,7,2005-05-07,Docklands,Geelong,St Kilda,St Kilda,Justin Koschitzke,5,6,7,2,0,14,5
2005,7,2005-05-07,Docklands,Geelong,St Kilda,St Kilda,Matt Maguire,2,0,4,0,0,0,0
2005,7,2005-05-07,Docklands,Geelong,St Kilda,St Kilda,Mark McGough,5,6,15,0,1,0,2
2005,7,2005-05-07,Docklands,Geelong,St Kilda,St Kilda,Stephen Milne,7,6,1,2,0,0,0
2005,7,2005-05-07,Docklands,Geelong,St Kilda,St Kilda,Justin Peckett,11,6,5,0,0,0,3
2005,7,2005-05-07,Docklands,Geelong,St Kilda,St Kilda,Nick Riewoldt,11,11,2,2,4,0,1
2005,7,2005-05-07,Docklands,Geelong,St Kilda,St Kilda,Andrew Thompson,6,4,7,0,0,0,3
2005,7,2005-05-07,Docklands,Geelong,St Kilda,St Kilda,Brett Voss,5,3,4,1,0,0,5
2005,7,2005-05-07,Stadium Australia,Sydney,Essendon,Sydney,Luke Ablett,12,5,6,0,2,0,2
2005,7,2005-05-07,Stadium Australia,Sydney,Essendon,Sydney,Leo Barry,4,5,8,0,0,0,0
2005,7,2005-05-07,Stadium Australia,Sydney,Essendon,Sydney,Paul Bevan,8,5,5,0,0,0,3
2005,7,2005-05-07,Stadium Australia,Sydney,Essendon,Sydney,Craig Bolton,9,5,3,0,1,0,4
2005,7,2005-05-07,Stadium Australia,Sydney,Essendon,Sydney,Jude Bolton,9,0,12,0,0,1,1
2005,7,2005-05-07,Stadium Australia,Sydney,Essendon,Sydney,Amon Buchanan,12,2,9,1,3,0,3
2005,7,2005-05-07,Stadium Australia,Sydney,Essendon,Sydney,Jared Crouch,13,2,3,0,1,0,3
2005,7,2005-05-07,Stadium Australia,Sydney,Essendon,Sydney,Nick Davis,1,1,0,0,0,0,0
2005,7,2005-05-07,Stadium Australia,Sydney,Essendon,Sydney,Sean Dempster,4,0,3,0,1,0,1
2005,7,2005-05-07,Stadium Australia,Sydney,Essendon,Sydney,Adam Goodes,9,5,6,1,0,27,3
2005,7,2005-05-07,Stadium Australia,Sydney,Essendon,Sydney,Barry Hall,13,10,7,4,1,2,1
2005,7,2005-05-07,Stadium Australia,Sydney,Essendon,Sydney,Tadhg Kennelly,9,3,7,0,1,0,0
2005,7,2005-05-07,Stadium Australia,Sydney,Essendon,Sydney,Brett Kirk,18,2,13,0,1,0,8
2005,7,2005-05-07,Stadium Australia,Sydney,Essendon,Sydney,Ben Mathews,8,2,10,0,1,0,1
2005,7,2005-05-07,Stadium Australia,Sydney,Essendon,Sydney,Jarred Moore,4,0,1,1,0,0,2
2005,7,2005-05-07,Stadium Australia,Sydney,Essendon,Sydney,Ryan OKeefe,6,3,3,2,1,0,0
2005,7,2005-05-07,Stadium Australia,Sydney,Essendon,Sydney,Michael OLoughlin,9,5,3,3,2,0,0
2005,7,2005-05-07,Stadium Australia,Sydney,Essendon,Sydney,Lewis Roberts-Thomson,2,0,5,0,0,1,1
2005,7,2005-05-07,Stadium Australia,Sydney,Essendon,Sydney,Jason Saddington,12,5,5,0,0,1,1
2005,7,2005-05-07,Stadium Australia,Sydney,Essendon,Sydney,Andrew Schauble,3,0,4,0,0,0,0
2005,7,2005-05-07,Stadium Australia,Sydney,Essendon,Sydney,David Spriggs,5,1,3,0,0,0,1
2005,7,2005-05-07,Stadium Australia,Sydney,Essendon,Sydney,Luke Vogels,3,3,4,1,0,0,2
2005,7,2005-05-07,Stadium Australia,Sydney,Essendon,Essendon,Mark Bolton,6,3,1,0,0,5,1
2005,7,2005-05-07,Stadium Australia,Sydney,Essendon,Essendon,Kepler Bradley,3,2,2,0,0,0,0
2005,7,2005-05-07,Stadium Australia,Sydney,Essendon,Essendon,Marcus Bullen,4,2,3,0,0,1,2
2005,7,2005-05-07,Stadium Australia,Sydney,Essendon,Essendon,Dustin Fletcher,15,6,2,0,0,0,0
2005,7,2005-05-07,Stadium Australia,Sydney,Essendon,Essendon,Aaron Henneman,2,1,1,0,0,2,0
2005,7,2005-05-07,Stadium Australia,Sydney,Essendon,Essendon,Jason Johnson,4,2,2,0,0,0,1
2005,7,2005-05-07,Stadium Australia,Sydney,Essendon,Essendon,Mark Johnson,10,5,2,0,0,0,4
2005,7,2005-05-07,Stadium Australia,Sydney,Essendon,Essendon,Jason Laycock,8,3,2,2,0,25,3
2005,7,2005-05-07,Stadium Australia,Sydney,Essendon,Essendon,Matthew Lloyd,8,7,2,4,1,0,4
2005,7,2005-05-07,Stadium Australia,Sydney,Essendon,Essendon,Andrew Lovett,8,3,7,1,0,0,1
2005,7,2005-05-07,Stadium Australia,Sydney,Essendon,Essendon,Nathan Lovett-Murray,8,1,6,0,0,2,2
2005,7,2005-05-07,Stadium Australia,Sydney,Essendon,Essendon,Scott Lucas,7,4,2,4,0,0,2
2005,7,2005-05-07,Stadium Australia,Sydney,Essendon,Essendon,Adam McPhee,19,9,7,0,0,0,1
2005,7,2005-05-07,Stadium Australia,Sydney,Essendon,Essendon,Mark McVeigh,10,7,2,1,1,0,3
2005,7,2005-05-07,Stadium Australia,Sydney,Essendon,Essendon,Justin Murphy,3,2,4,0,1,0,1
2005,7,2005-05-07,Stadium Australia,Sydney,Essendon,Essendon,Damien Peverill,11,4,8,0,0,0,2
2005,7,2005-05-07,Stadium Australia,Sydney,Essendon,Essendon,Dean Rioli,6,3,8,0,0,1,8
2005,7,2005-05-07,Stadium Australia,Sydney,Essendon,Essendon,Brent Stanton,11,7,3,2,0,0,1
2005,7,2005-05-07,Stadium Australia,Sydney,Essendon,Essendon,Paul Thomas,3,1,10,0,0,0,1
2005,7,2005-05-07,Stadium Australia,Sydney,Essendon,Essendon,Andrew Welsh,14,7,1,0,0,0,2
2005,7,2005-05-07,Stadium Australia,Sydney,Essendon,Essendon,Jason Winderlich,2,1,2,0,0,0,1
2005,7,2005-05-07,Stadium Australia,Sydney,Essendon,Essendon,Ty Zantuck,12,6,4,0,0,0,3
2005,7,2005-05-07,Gabba,Brisbane Lions,Western Bulldogs,Brisbane Lions,Jed Adcock,3,1,1,0,0,0,3
2005,7,2005-05-07,Gabba,Brisbane Lions,Western Bulldogs,Brisbane Lions,Jason Akermanis,20,4,9,0,1,0,0
2005,7,2005-05-07,Gabba,Brisbane Lions,Western Bulldogs,Brisbane Lions,Simon Black,0,1,8,0,0,0,1
2005,7,2005-05-07,Gabba,Brisbane Lions,Western Bulldogs,Brisbane Lions,Jonathan Brown,8,6,5,5,0,0,0
2005,7,2005-05-07,Gabba,Brisbane Lions,Western Bulldogs,Brisbane Lions,Robert Copeland,3,1,0,0,0,0,3
2005,7,2005-05-07,Gabba,Brisbane Lions,Western Bulldogs,Brisbane Lions,Chris Johnson,11,6,3,0,0,0,2
2005,7,2005-05-07,Gabba,Brisbane Lions,Western Bulldogs,Brisbane Lions,Clark Keating,0,0,1,0,0,10,1
2005,7,2005-05-07,Gabba,Brisbane Lions,Western Bulldogs,Brisbane Lions,Nigel Lappin,18,5,8,0,0,0,2
2005,7,2005-05-07,Gabba,Brisbane Lions,Western Bulldogs,Brisbane Lions,Justin Leppitsch,10,2,7,0,0,0,1
2005,7,2005-05-07,Gabba,Brisbane Lions,Western Bulldogs,Brisbane Lions,Joel Macdonald,6,3,3,0,0,0,1
2005,7,2005-05-07,Gabba,Brisbane Lions,Western Bulldogs,Brisbane Lions,Ashley McGrath,3,1,3,1,0,0,3
2005,7,2005-05-07,Gabba,Brisbane Lions,Western Bulldogs,Brisbane Lions,Dylan McLaren,5,3,4,1,0,21,0
2005,7,2005-05-07,Gabba,Brisbane Lions,Western Bulldogs,Brisbane Lions,Mal Michael,9,5,1,0,0,2,1
2005,7,2005-05-07,Gabba,Brisbane Lions,Western Bulldogs,Brisbane Lions,Matthew Moody,5,2,5,2,1,0,0
2005,7,2005-05-07,Gabba,Brisbane Lions,Western Bulldogs,Brisbane Lions,Tim Notting,9,4,7,2,1,0,2
2005,7,2005-05-07,Gabba,Brisbane Lions,Western Bulldogs,Brisbane Lions,Martin Pike,9,2,4,1,0,0,1
2005,7,2005-05-07,Gabba,Brisbane Lions,Western Bulldogs,Brisbane Lions,Luke Power,16,6,2,0,0,0,3
2005,7,2005-05-07,Gabba,Brisbane Lions,Western Bulldogs,Brisbane Lions,Brad Scott,8,4,5,0,0,0,1
2005,7,2005-05-07,Gabba,Brisbane Lions,Western Bulldogs,Brisbane Lions,Chris Scott,13,4,1,0,3,0,1
2005,7,2005-05-07,Gabba,Brisbane Lions,Western Bulldogs,Brisbane Lions,Troy Selwood,7,4,0,0,0,0,0
2005,7,2005-05-07,Gabba,Brisbane Lions,Western Bulldogs,Brisbane Lions,Justin Sherman,11,5,6,0,0,0,2
2005,7,2005-05-07,Gabba,Brisbane Lions,Western Bulldogs,Brisbane Lions,Michael Voss,9,2,16,0,0,0,1
2005,7,2005-05-07,Gabba,Brisbane Lions,Western Bulldogs,Western Bulldogs,Matthew Boyd,8,10,10,0,1,0,1
2005,7,2005-05-07,Gabba,Brisbane Lions,Western Bulldogs,Western Bulldogs,Adam Cooney,13,3,10,0,1,0,1
2005,7,2005-05-07,Gabba,Brisbane Lions,Western Bulldogs,Western Bulldogs,Daniel Cross,8,12,21,0,0,3,2
2005,7,2005-05-07,Gabba,Brisbane Lions,Western Bulldogs,Western Bulldogs,Nathan Eagleton,13,10,9,1,1,1,3
2005,7,2005-05-07,Gabba,Brisbane Lions,Western Bulldogs,Western Bulldogs,Daniel Giansiracusa,16,7,10,2,1,0,1
2005,7,2005-05-07,Gabba,Brisbane Lions,Western Bulldogs,Western Bulldogs,Lindsay Gilbee,17,2,7,1,0,0,1
2005,7,2005-05-07,Gabba,Brisbane Lions,Western Bulldogs,Western Bulldogs,Chris Grant,13,10,1,0,2,0,0
2005,7,2005-05-07,Gabba,Brisbane Lions,Western Bulldogs,Western Bulldogs,Mitch Hahn,5,1,0,2,2,0,2
2005,7,2005-05-07,Gabba,Brisbane Lions,Western Bulldogs,Western Bulldogs,Ryan Hargrave,11,7,6,1,1,0,0
2005,7,2005-05-07,Gabba,Brisbane Lions,Western Bulldogs,Western Bulldogs,Brad Johnson,20,6,8,3,3,0,2
2005,7,2005-05-07,Gabba,Brisbane Lions,Western Bulldogs,Western Bulldogs,Brian Lake,7,3,3,0,0,1,1
2005,7,2005-05-07,Gabba,Brisbane Lions,Western Bulldogs,Western Bulldogs,Jordan McMahon,9,4,6,0,0,0,2
2005,7,2005-05-07,Gabba,Brisbane Lions,Western Bulldogs,Western Bulldogs,Will Minson,5,1,3,0,1,17,2
2005,7,2005-05-07,Gabba,Brisbane Lions,Western Bulldogs,Western Bulldogs,Adam Morgan,6,6,4,1,0,0,0
2005,7,2005-05-07,Gabba,Brisbane Lions,Western Bulldogs,Western Bulldogs,Dale Morris,2,1,6,0,0,0,3
2005,7,2005-05-07,Gabba,Brisbane Lions,Western Bulldogs,Western Bulldogs,Robert Murphy,18,12,1,3,1,0,0
2005,7,2005-05-07,Gabba,Brisbane Lions,Western Bulldogs,Western Bulldogs,Sam Power,3,1,1,0,0,0,1
2005,7,2005-05-07,Gabba,Brisbane Lions,Western Bulldogs,Western Bulldogs,Farren Ray,1,1,1,0,0,0,1
2005,7,2005-05-07,Gabba,Brisbane Lions,Western Bulldogs,Western Bulldogs,Matthew Robbins,9,7,5,1,1,0,1
2005,7,2005-05-07,Gabba,Brisbane Lions,Western Bulldogs,Western Bulldogs,Wayde Skipper,3,4,4,0,2,9,0
2005,7,2005-05-07,Gabba,Brisbane Lions,Western Bulldogs,Western Bulldogs,Rohan Smith,24,8,8,0,0,0,1
2005,7,2005-05-07,Gabba,Brisbane Lions,Western Bulldogs,Western Bulldogs,Scott West,10,2,20,0,0,0,1
2005,7,2005-05-08,York Park,Hawthorn,West Coast,Hawthorn,Chance Bateman,21,7,8,0,0,0,1
2005,7,2005-05-08,York Park,Hawthorn,West Coast,Hawthorn,Campbell Brown,11,9,13,1,0,0,0
2005,7,2005-05-08,York Park,Hawthorn,West Coast,Hawthorn,Tim Clarke,16,9,10,2,1,0,0
2005,7,2005-05-08,York Park,Hawthorn,West Coast,Hawthorn,Shane Crawford,18,9,10,1,0,0,2
2005,7,2005-05-08,York Park,Hawthorn,West Coast,Hawthorn,Trent Croad,10,7,9,0,0,0,2
2005,7,2005-05-08,York Park,Hawthorn,West Coast,Hawthorn,Ben Dixon,2,3,5,1,0,0,2
2005,7,2005-05-08,York Park,Hawthorn,West Coast,Hawthorn,Peter Everitt,10,6,6,0,0,23,1
2005,7,2005-05-08,York Park,Hawthorn,West Coast,Hawthorn,Lance Franklin,3,2,3,0,1,0,4
2005,7,2005-05-08,York Park,Hawthorn,West Coast,Hawthorn,Jonathan Hay,3,2,7,0,0,0,0
2005,7,2005-05-08,York Park,Hawthorn,West Coast,Hawthorn,Luke Hodge,16,5,14,1,0,1,0
2005,7,2005-05-08,York Park,Hawthorn,West Coast,Hawthorn,Danny Jacobs,2,3,2,0,0,0,0
2005,7,2005-05-08,York Park,Hawthorn,West Coast,Hawthorn,Jordan Lewis,6,6,11,0,0,0,1
2005,7,2005-05-08,York Park,Hawthorn,West Coast,Hawthorn,Nathan Lonie,7,4,4,0,0,0,1
2005,7,2005-05-08,York Park,Hawthorn,West Coast,Hawthorn,Harry Miller,3,2,0,0,0,0,1
2005,7,2005-05-08,York Park,Hawthorn,West Coast,Hawthorn,Sam Mitchell,15,7,15,0,0,0,3
2005,7,2005-05-08,York Park,Hawthorn,West Coast,Hawthorn,Michael Osborne,14,6,5,0,0,0,3
2005,7,2005-05-08,York Park,Hawthorn,West Coast,Hawthorn,Nick Ries,7,5,9,0,0,0,1
2005,7,2005-05-08,York Park,Hawthorn,West Coast,Hawthorn,Joel Smith,16,6,3,0,0,0,1
2005,7,2005-05-08,York Park,Hawthorn,West Coast,Hawthorn,Simon Taylor,2,4,3,1,0,3,1
2005,7,2005-05-08,York Park,Hawthorn,West Coast,Hawthorn,Josh Thurgood,2,2,6,0,0,0,2
2005,7,2005-05-08,York Park,Hawthorn,West Coast,Hawthorn,Richard Vandenberg,12,4,4,0,1,0,4
2005,7,2005-05-08,York Park,Hawthorn,West Coast,Hawthorn,Mark Williams,7,4,2,5,1,0,3
2005,7,2005-05-08,York Park,Hawthorn,West Coast,West Coast,Damien Adkins,8,3,1,0,3,0,2
2005,7,2005-05-08,York Park,Hawthorn,West Coast,West Coast,Drew Banfield,7,2,2,0,0,0,3
2005,7,2005-05-08,York Park,Hawthorn,West Coast,West Coast,Michael Braun,11,3,11,0,1,0,1
2005,7,2005-05-08,York Park,Hawthorn,West Coast,West Coast,Daniel Chick,6,2,4,0,0,0,4
2005,7,2005-05-08,York Park,Hawthorn,West Coast,West Coast,Ben Cousins,14,6,11,0,1,0,1
2005,7,2005-05-08,York Park,Hawthorn,West Coast,West Coast,Dean Cox,12,7,6,2,0,33,3
2005,7,2005-05-08,York Park,Hawthorn,West Coast,West Coast,Andrew Embley,13,10,13,1,1,0,1
2005,7,2005-05-08,York Park,Hawthorn,West Coast,West Coast,Chad Fletcher,21,8,11,1,0,0,1
2005,7,2005-05-08,York Park,Hawthorn,West Coast,West Coast,Darren Glass,5,3,5,0,0,0,1
2005,7,2005-05-08,York Park,Hawthorn,West Coast,West Coast,Ashley Hansen,9,7,5,3,1,0,1
2005,7,2005-05-08,York Park,Hawthorn,West Coast,West Coast,Adam Hunter,9,7,8,1,0,0,2
2005,7,2005-05-08,York Park,Hawthorn,West Coast,West Coast,Brett Jones,6,3,5,1,0,0,1
2005,7,2005-05-08,York Park,Hawthorn,West Coast,West Coast,Chris Judd,15,2,3,1,1,0,1
2005,7,2005-05-08,York Park,Hawthorn,West Coast,West Coast,Daniel Kerr,6,3,12,1,0,0,2
2005,7,2005-05-08,York Park,Hawthorn,West Coast,West Coast,Quinten Lynch,11,8,2,2,0,6,3
2005,7,2005-05-08,York Park,Hawthorn,West Coast,West Coast,Phillip Matera,5,2,3,0,1,0,0
2005,7,2005-05-08,York Park,Hawthorn,West Coast,West Coast,Mark Nicoski,7,4,9,0,0,0,0
2005,7,2005-05-08,York Park,Hawthorn,West Coast,West Coast,Ashley Sampi,8,3,3,0,2,0,3
2005,7,2005-05-08,York Park,Hawthorn,West Coast,West Coast,Adam Selwood,4,0,3,0,0,0,1
2005,7,2005-05-08,York Park,Hawthorn,West Coast,West Coast,Brent Staker,2,2,1,0,0,0,0
2005,7,2005-05-08,York Park,Hawthorn,West Coast,West Coast,Tyson Stenglein,14,7,3,1,0,1,2
2005,7,2005-05-08,York Park,Hawthorn,West Coast,West Coast,David Wirrpanda,7,1,4,0,0,0,0
2005,7,2005-05-08,Football Park,Port Adelaide,Kangaroos,Port Adelaide,Matthew Bishop,9,11,8,0,0,0,1
2005,7,2005-05-08,Football Park,Port Adelaide,Kangaroos,Port Adelaide,Peter Burgoyne,9,0,4,0,0,0,1
2005,7,2005-05-08,Football Park,Port Adelaide,Kangaroos,Port Adelaide,Domenic Cassisi,12,7,4,2,1,0,0
2005,7,2005-05-08,Football Park,Port Adelaide,Kangaroos,Port Adelaide,Troy Chaplin,6,6,13,0,0,0,0
2005,7,2005-05-08,Football Park,Port Adelaide,Kangaroos,Port Adelaide,Kane Cornes,9,5,10,0,0,0,0
2005,7,2005-05-08,Football Park,Port Adelaide,Kangaroos,Port Adelaide,Stuart Dew,12,3,7,0,2,0,7
2005,7,2005-05-08,Football Park,Port Adelaide,Kangaroos,Port Adelaide,Brett Ebert,13,7,1,1,1,0,2
2005,7,2005-05-08,Football Park,Port Adelaide,Kangaroos,Port Adelaide,Ben Eckermann,8,5,2,0,2,0,0
2005,7,2005-05-08,Football Park,Port Adelaide,Kangaroos,Port Adelaide,Josh Francou,16,7,10,1,1,0,2
2005,7,2005-05-08,Football Park,Port Adelaide,Kangaroos,Port Adelaide,Brendon Lade,5,2,3,1,0,12,1
2005,7,2005-05-08,Football Park,Port Adelaide,Kangaroos,Port Adelaide,Josh Mahoney,4,2,3,2,0,0,1
2005,7,2005-05-08,Football Park,Port Adelaide,Kangaroos,Port Adelaide,Brett Montgomery,13,13,5,0,0,0,2
2005,7,2005-05-08,Football Park,Port Adelaide,Kangaroos,Port Adelaide,Michael Pettigrew,8,5,4,0,0,0,1
2005,7,2005-05-08,Football Park,Port Adelaide,Kangaroos,Port Adelaide,Byron Pickett,13,6,6,1,0,0,0
2005,7,2005-05-08,Football Park,Port Adelaide,Kangaroos,Port Adelaide,Matthew Primus,4,2,5,1,1,27,3
2005,7,2005-05-08,Football Park,Port Adelaide,Kangaroos,Port Adelaide,Steven Salopek,4,0,4,0,1,0,0
2005,7,2005-05-08,Football Park,Port Adelaide,Kangaroos,Port Adelaide,Toby Thurstans,8,9,2,1,0,2,1
2005,7,2005-05-08,Football Park,Port Adelaide,Kangaroos,Port Adelaide,Warren Tredrea,15,12,3,6,1,0,1
2005,7,2005-05-08,Football Park,Port Adelaide,Kangaroos,Port Adelaide,Darryl Wakelin,6,5,3,0,0,2,2
2005,7,2005-05-08,Football Park,Port Adelaide,Kangaroos,Port Adelaide,Peter Walsh,13,4,6,1,1,0,0
2005,7,2005-05-08,Football Park,Port Adelaide,Kangaroos,Port Adelaide,Gavin Wanganeen,17,8,6,1,0,0,3
2005,7,2005-05-08,Football Park,Port Adelaide,Kangaroos,Port Adelaide,Michael Wilson,14,4,8,0,0,0,5
2005,7,2005-05-08,Football Park,Port Adelaide,Kangaroos,Kangaroos,Glenn Archer,7,2,4,0,0,0,2
2005,7,2005-05-08,Football Park,Port Adelaide,Kangaroos,Kangaroos,Leigh Brown,2,3,3,0,0,0,0
2005,7,2005-05-08,Football Park,Port Adelaide,Kangaroos,Kangaroos,Leigh Colbert,13,5,2,0,0,0,3
2005,7,2005-05-08,Football Park,Port Adelaide,Kangaroos,Kangaroos,Michael Firrito,8,2,5,0,0,2,5
2005,7,2005-05-08,Football Park,Port Adelaide,Kangaroos,Kangaroos,Shannon Grant,12,4,5,1,3,0,1
2005,7,2005-05-08,Football Park,Port Adelaide,Kangaroos,Kangaroos,David Hale,9,7,4,0,0,3,1
2005,7,2005-05-08,Football Park,Port Adelaide,Kangaroos,Kangaroos,Daniel Harris,8,1,2,1,0,0,2
2005,7,2005-05-08,Football Park,Port Adelaide,Kangaroos,Kangaroos,Brent Harvey,7,3,6,2,0,0,1
2005,7,2005-05-08,Football Park,Port Adelaide,Kangaroos,Kangaroos,Corey Jones,7,4,5,2,2,1,1
2005,7,2005-05-08,Football Park,Port Adelaide,Kangaroos,Kangaroos,Troy Makepeace,8,2,3,1,0,0,0
2005,7,2005-05-08,Football Park,Port Adelaide,Kangaroos,Kangaroos,Drew Petrie,8,5,2,1,1,8,3
2005,7,2005-05-08,Football Park,Port Adelaide,Kangaroos,Kangaroos,Lance Picioane,7,3,2,0,0,0,0
2005,7,2005-05-08,Football Park,Port Adelaide,Kangaroos,Kangaroos,Daniel Pratt,3,2,4,0,0,0,1
2005,7,2005-05-08,Football Park,Port Adelaide,Kangaroos,Kangaroos,Brady Rawlings,6,2,5,0,1,0,2
2005,7,2005-05-08,Football Park,Port Adelaide,Kangaroos,Kangaroos,Saverio Rocca,2,1,2,0,1,1,0
2005,7,2005-05-08,Football Park,Port Adelaide,Kangaroos,Kangaroos,Eddie Sansbury,6,4,1,0,2,0,3
2005,7,2005-05-08,Football Park,Port Adelaide,Kangaroos,Kangaroos,Adam Simpson,14,4,4,0,0,2,6
2005,7,2005-05-08,Football Park,Port Adelaide,Kangaroos,Kangaroos,Jess Sinclair,16,5,4,0,1,0,2
2005,7,2005-05-08,Football Park,Port Adelaide,Kangaroos,Kangaroos,Michael Stevens,4,4,3,1,0,0,2
2005,7,2005-05-08,Football Park,Port Adelaide,Kangaroos,Kangaroos,Nathan Thompson,5,4,3,1,0,2,0
2005,7,2005-05-08,Football Park,Port Adelaide,Kangaroos,Kangaroos,Shannon Watt,4,4,1,0,0,0,1
2005,7,2005-05-08,Football Park,Port Adelaide,Kangaroos,Kangaroos,Daniel Wells,10,1,3,0,0,0,3
2005,7,2005-05-08,Subiaco,Fremantle,Collingwood,Fremantle,Peter Bell,23,9,5,2,2,0,4
2005,7,2005-05-08,Subiaco,Fremantle,Collingwood,Fremantle,Heath Black,12,8,15,1,0,0,1
2005,7,2005-05-08,Subiaco,Fremantle,Collingwood,Fremantle,Josh Carr,24,9,15,0,0,1,1
2005,7,2005-05-08,Subiaco,Fremantle,Collingwood,Fremantle,Matthew Carr,18,4,11,2,0,0,0
2005,7,2005-05-08,Subiaco,Fremantle,Collingwood,Fremantle,Troy Cook,9,3,9,0,0,0,3
2005,7,2005-05-08,Subiaco,Fremantle,Collingwood,Fremantle,Jeff Farmer,11,4,1,1,2,0,2
2005,7,2005-05-08,Subiaco,Fremantle,Collingwood,Fremantle,Antoni Grover,9,3,10,0,0,0,2
2005,7,2005-05-08,Subiaco,Fremantle,Collingwood,Fremantle,Robert Haddrill,5,3,2,0,0,0,0
2005,7,2005-05-08,Subiaco,Fremantle,Collingwood,Fremantle,Paul Hasleby,13,3,13,0,0,0,2
2005,7,2005-05-08,Subiaco,Fremantle,Collingwood,Fremantle,Des Headland,10,11,6,5,2,0,3
2005,7,2005-05-08,Subiaco,Fremantle,Collingwood,Fremantle,Michael Johnson,3,2,4,0,0,6,2
2005,7,2005-05-08,Subiaco,Fremantle,Collingwood,Fremantle,Luke McPharlin,8,7,1,5,1,0,1
2005,7,2005-05-08,Subiaco,Fremantle,Collingwood,Fremantle,Paul Medhurst,16,9,1,3,2,0,0
2005,7,2005-05-08,Subiaco,Fremantle,Collingwood,Fremantle,David Mundy,9,5,10,0,0,0,1
2005,7,2005-05-08,Subiaco,Fremantle,Collingwood,Fremantle,Shane Parker,3,1,6,0,0,0,0
2005,7,2005-05-08,Subiaco,Fremantle,Collingwood,Fremantle,Matthew Pavlich,16,10,5,6,2,0,1
2005,7,2005-05-08,Subiaco,Fremantle,Collingwood,Fremantle,Aaron Sandilands,2,1,2,0,0,41,1
2005,7,2005-05-08,Subiaco,Fremantle,Collingwood,Fremantle,Andrew Siegert,12,7,14,2,0,0,2
2005,7,2005-05-08,Subiaco,Fremantle,Collingwood,Fremantle,Dylan Smith,4,3,7,0,0,0,2
2005,7,2005-05-08,Subiaco,Fremantle,Collingwood,Fremantle,Scott Thornton,7,4,7,0,0,0,0
2005,7,2005-05-08,Subiaco,Fremantle,Collingwood,Fremantle,James Walker,9,2,4,0,0,0,3
2005,7,2005-05-08,Subiaco,Fremantle,Collingwood,Fremantle,Luke Webster,7,5,12,1,0,0,3
2005,7,2005-05-08,Subiaco,Fremantle,Collingwood,Collingwood,Scott Burns,6,2,10,0,0,0,1
2005,7,2005-05-08,Subiaco,Fremantle,Collingwood,Collingwood,Blake Caracella,3,1,10,1,0,0,2
2005,7,2005-05-08,Subiaco,Fremantle,Collingwood,Collingwood,James Clement,13,2,5,0,0,0,1
2005,7,2005-05-08,Subiaco,Fremantle,Collingwood,Collingwood,Jason Cloke,7,6,6,0,0,1,0
2005,7,2005-05-08,Subiaco,Fremantle,Collingwood,Collingwood,Travis Cloke,8,2,2,0,0,0,0
2005,7,2005-05-08,Subiaco,Fremantle,Collingwood,Collingwood,Richard Cole,4,1,6,0,0,0,0
2005,7,2005-05-08,Subiaco,Fremantle,Collingwood,Collingwood,Ben Davies,10,2,4,0,0,0,1
2005,7,2005-05-08,Subiaco,Fremantle,Collingwood,Collingwood,Alan Didak,7,1,3,1,1,0,0
2005,7,2005-05-08,Subiaco,Fremantle,Collingwood,Collingwood,Josh Fraser,1,1,0,0,0,0,0
2005,7,2005-05-08,Subiaco,Fremantle,Collingwood,Collingwood,Brodie Holland,8,1,4,0,0,0,2
2005,7,2005-05-08,Subiaco,Fremantle,Collingwood,Collingwood,Adam Iacobucci,9,0,5,0,0,0,2
2005,7,2005-05-08,Subiaco,Fremantle,Collingwood,Collingwood,Paul Licuria,12,2,10,0,0,0,2
2005,7,2005-05-08,Subiaco,Fremantle,Collingwood,Collingwood,Tarkyn Lockyer,9,4,4,2,2,0,3
2005,7,2005-05-08,Subiaco,Fremantle,Collingwood,Collingwood,Nick Maxwell,7,6,5,0,0,0,1
2005,7,2005-05-08,Subiaco,Fremantle,Collingwood,Collingwood,Chad Morrison,10,5,14,0,0,0,0
2005,7,2005-05-08,Subiaco,Fremantle,Collingwood,Collingwood,Shane OBree,10,3,5,1,0,0,2
2005,7,2005-05-08,Subiaco,Fremantle,Collingwood,Collingwood,Julian Rowe,9,5,1,2,0,0,1
2005,7,2005-05-08,Subiaco,Fremantle,Collingwood,Collingwood,Rhyce Shaw,8,1,3,1,0,0,0
2005,7,2005-05-08,Subiaco,Fremantle,Collingwood,Collingwood,Chris Tarrant,6,4,2,2,2,0,1
2005,7,2005-05-08,Subiaco,Fremantle,Collingwood,Collingwood,Shane Wakelin,5,4,3,0,0,0,0
2005,7,2005-05-08,Subiaco,Fremantle,Collingwood,Collingwood,Tristen Walker,4,1,2,0,0,19,1
2005,7,2005-05-08,Subiaco,Fremantle,Collingwood,Collingwood,Shane Woewodin,2,0,2,0,0,0,1
2005,8,2005-05-13,Docklands,Carlton,Geelong,Carlton,Adam Bentick,3,1,5,0,0,0,3
2005,8,2005-05-13,Docklands,Carlton,Geelong,Carlton,Eddie Betts,3,0,2,0,1,0,1
2005,8,2005-05-13,Docklands,Carlton,Geelong,Carlton,Scott Camporeale,17,4,6,0,0,0,6
2005,8,2005-05-13,Docklands,Carlton,Geelong,Carlton,Justin Davies,5,3,6,0,0,0,3
2005,8,2005-05-13,Docklands,Carlton,Geelong,Carlton,Adrian De Luca,1,1,0,0,0,0,0
2005,8,2005-05-13,Docklands,Carlton,Geelong,Carlton,Brendan Fevola,11,10,3,5,5,0,2
2005,8,2005-05-13,Docklands,Carlton,Geelong,Carlton,Barnaby French,3,2,5,0,0,18,4
2005,8,2005-05-13,Docklands,Carlton,Geelong,Carlton,Ryan Houlihan,14,1,9,0,0,0,0
2005,8,2005-05-13,Docklands,Carlton,Geelong,Carlton,Brett Johnson,4,2,3,0,0,0,4
2005,8,2005-05-13,Docklands,Carlton,Geelong,Carlton,Anthony Koutoufides,10,1,11,2,0,1,1
2005,8,2005-05-13,Docklands,Carlton,Geelong,Carlton,Matthew Lappin,5,3,8,0,0,0,1
2005,8,2005-05-13,Docklands,Carlton,Geelong,Carlton,Cory McGrath,8,3,4,0,0,0,3
2005,8,2005-05-13,Docklands,Carlton,Geelong,Carlton,Ian Prendergast,1,1,2,0,0,2,1
2005,8,2005-05-13,Docklands,Carlton,Geelong,Carlton,Heath Scotland,2,3,5,0,0,0,3
2005,8,2005-05-13,Docklands,Carlton,Geelong,Carlton,Kade Simpson,4,1,1,0,0,0,1
2005,8,2005-05-13,Docklands,Carlton,Geelong,Carlton,Nick Stevens,15,4,11,0,0,0,2
2005,8,2005-05-13,Docklands,Carlton,Geelong,Carlton,David Teague,8,3,8,0,0,0,4
2005,8,2005-05-13,Docklands,Carlton,Geelong,Carlton,Bret Thornton,5,1,1,0,0,1,0
2005,8,2005-05-13,Docklands,Carlton,Geelong,Carlton,Jarrad Waite,8,8,6,3,1,0,2
2005,8,2005-05-13,Docklands,Carlton,Geelong,Carlton,Andrew Walker,4,1,5,0,0,1,1
2005,8,2005-05-13,Docklands,Carlton,Geelong,Carlton,Lance Whitnall,12,4,8,0,1,5,0
2005,8,2005-05-13,Docklands,Carlton,Geelong,Carlton,Simon Wiggins,4,2,2,0,0,0,2
2005,8,2005-05-13,Docklands,Carlton,Geelong,Geelong,Gary Ablett,15,3,11,4,2,0,4
2005,8,2005-05-13,Docklands,Carlton,Geelong,Geelong,Jimmy Bartel,9,8,16,0,0,0,6
2005,8,2005-05-13,Docklands,Carlton,Geelong,Geelong,Shannon Byrnes,6,3,7,1,1,0,7
2005,8,2005-05-13,Docklands,Carlton,Geelong,Geelong,Joel Corey,16,7,13,1,0,1,3
2005,8,2005-05-13,Docklands,Carlton,Geelong,Geelong,Corey Enright,10,6,8,1,0,0,2
2005,8,2005-05-13,Docklands,Carlton,Geelong,Geelong,Charlie Gardiner,6,5,6,1,1,0,2
2005,8,2005-05-13,Docklands,Carlton,Geelong,Geelong,Tom Harley,6,1,1,0,0,0,0
2005,8,2005-05-13,Docklands,Carlton,Geelong,Geelong,Josh Hunt,9,3,9,0,0,0,3
2005,8,2005-05-13,Docklands,Carlton,Geelong,Geelong,David Johnson,6,3,2,0,0,0,0
2005,8,2005-05-13,Docklands,Carlton,Geelong,Geelong,Steve Johnson,10,5,5,2,0,0,1
2005,8,2005-05-13,Docklands,Carlton,Geelong,Geelong,James Kelly,6,5,5,0,1,0,2
2005,8,2005-05-13,Docklands,Carlton,Geelong,Geelong,Steven King,9,3,4,1,0,18,2
2005,8,2005-05-13,Docklands,Carlton,Geelong,Geelong,Kent Kingsley,5,3,3,1,1,0,0
2005,8,2005-05-13,Docklands,Carlton,Geelong,Geelong,Cameron Ling,14,3,8,0,0,0,2
2005,8,2005-05-13,Docklands,Carlton,Geelong,Geelong,Darren Milburn,13,3,9,2,0,3,3
2005,8,2005-05-13,Docklands,Carlton,Geelong,Geelong,Cameron Mooney,9,7,4,0,0,0,0
2005,8,2005-05-13,Docklands,Carlton,Geelong,Geelong,Brad Ottens,6,5,8,3,1,13,0
2005,8,2005-05-13,Docklands,Carlton,Geelong,Geelong,Henry Playfair,9,10,6,0,2,0,2
2005,8,2005-05-13,Docklands,Carlton,Geelong,Geelong,Peter Riccardi,7,3,2,0,0,1,0
2005,8,2005-05-13,Docklands,Carlton,Geelong,Geelong,Max Rooke,6,3,5,1,0,0,1
2005,8,2005-05-13,Docklands,Carlton,Geelong,Geelong,Matthew Scarlett,7,6,6,0,0,0,2
2005,8,2005-05-13,Docklands,Carlton,Geelong,Geelong,Cameron Thurley,5,2,3,4,0,0,0
2005,8,2005-05-14,M.C.G.,Hawthorn,Melbourne,Hawthorn,Chance Bateman,10,5,14,0,0,0,1
2005,8,2005-05-14,M.C.G.,Hawthorn,Melbourne,Hawthorn,Luke Brennan,3,4,4,1,0,0,1
2005,8,2005-05-14,M.C.G.,Hawthorn,Melbourne,Hawthorn,Campbell Brown,6,3,7,0,0,0,1
2005,8,2005-05-14,M.C.G.,Hawthorn,Melbourne,Hawthorn,Tim Clarke,5,3,9,1,0,0,1
2005,8,2005-05-14,M.C.G.,Hawthorn,Melbourne,Hawthorn,Shane Crawford,19,8,8,0,0,0,1
2005,8,2005-05-14,M.C.G.,Hawthorn,Melbourne,Hawthorn,Trent Croad,14,10,9,0,0,0,2
2005,8,2005-05-14,M.C.G.,Hawthorn,Melbourne,Hawthorn,Ben Dixon,6,5,2,2,0,0,0
2005,8,2005-05-14,M.C.G.,Hawthorn,Melbourne,Hawthorn,Peter Everitt,19,9,2,2,1,35,2
2005,8,2005-05-14,M.C.G.,Hawthorn,Melbourne,Hawthorn,Lance Franklin,6,4,3,2,1,0,2
2005,8,2005-05-14,M.C.G.,Hawthorn,Melbourne,Hawthorn,Jonathan Hay,3,2,4,0,0,0,2
2005,8,2005-05-14,M.C.G.,Hawthorn,Melbourne,Hawthorn,Luke Hodge,25,10,10,0,1,1,1
2005,8,2005-05-14,M.C.G.,Hawthorn,Melbourne,Hawthorn,Danny Jacobs,11,11,12,0,0,0,0
2005,8,2005-05-14,M.C.G.,Hawthorn,Melbourne,Hawthorn,Rick Ladson,8,2,3,0,0,0,2
2005,8,2005-05-14,M.C.G.,Hawthorn,Melbourne,Hawthorn,Jordan Lewis,5,2,2,0,0,0,2
2005,8,2005-05-14,M.C.G.,Hawthorn,Melbourne,Hawthorn,Sam Mitchell,20,9,8,0,1,0,3
2005,8,2005-05-14,M.C.G.,Hawthorn,Melbourne,Hawthorn,Michael Osborne,16,7,4,0,2,0,0
2005,8,2005-05-14,M.C.G.,Hawthorn,Melbourne,Hawthorn,Nick Ries,11,6,7,0,0,0,1
2005,8,2005-05-14,M.C.G.,Hawthorn,Melbourne,Hawthorn,Jarryd Roughead,6,5,4,2,1,0,0
2005,8,2005-05-14,M.C.G.,Hawthorn,Melbourne,Hawthorn,Joel Smith,17,9,7,0,0,0,2
2005,8,2005-05-14,M.C.G.,Hawthorn,Melbourne,Hawthorn,Simon Taylor,3,2,2,1,1,4,0
2005,8,2005-05-14,M.C.G.,Hawthorn,Melbourne,Hawthorn,Richard Vandenberg,8,5,4,0,1,0,1
2005,8,2005-05-14,M.C.G.,Hawthorn,Melbourne,Hawthorn,Mark Williams,15,9,1,8,5,0,0
2005,8,2005-05-14,M.C.G.,Hawthorn,Melbourne,Melbourne,Daniel Bell,8,5,3,0,0,0,3
2005,8,2005-05-14,M.C.G.,Hawthorn,Melbourne,Melbourne,Clint Bizzell,1,1,1,0,0,0,0
2005,8,2005-05-14,M.C.G.,Hawthorn,Melbourne,Melbourne,Nathan Brown,5,0,4,0,0,0,2
2005,8,2005-05-14,M.C.G.,Hawthorn,Melbourne,Melbourne,Aaron Davey,11,3,2,2,1,0,2
2005,8,2005-05-14,M.C.G.,Hawthorn,Melbourne,Melbourne,Ryan Ferguson,6,4,6,0,0,0,0
2005,8,2005-05-14,M.C.G.,Hawthorn,Melbourne,Melbourne,Simon Godfrey,6,3,7,1,0,0,3
2005,8,2005-05-14,M.C.G.,Hawthorn,Melbourne,Melbourne,Brad Green,14,7,4,4,4,0,1
2005,8,2005-05-14,M.C.G.,Hawthorn,Melbourne,Melbourne,Chris Heffernan,4,4,4,0,0,0,1
2005,8,2005-05-14,M.C.G.,Hawthorn,Melbourne,Melbourne,Ben Holland,4,4,3,1,0,1,2
2005,8,2005-05-14,M.C.G.,Hawthorn,Melbourne,Melbourne,Chris Johnson,3,2,1,0,0,0,1
2005,8,2005-05-14,M.C.G.,Hawthorn,Melbourne,Melbourne,Paul Johnson,2,2,4,0,0,9,0
2005,8,2005-05-14,M.C.G.,Hawthorn,Melbourne,Melbourne,Travis Johnstone,16,5,3,1,0,0,3
2005,8,2005-05-14,M.C.G.,Hawthorn,Melbourne,Melbourne,James McDonald,9,3,5,0,0,0,2
2005,8,2005-05-14,M.C.G.,Hawthorn,Melbourne,Melbourne,Brock McLean,15,8,7,1,0,0,4
2005,8,2005-05-14,M.C.G.,Hawthorn,Melbourne,Melbourne,Brent Moloney,20,6,3,0,0,1,0
2005,8,2005-05-14,M.C.G.,Hawthorn,Melbourne,Melbourne,Jared Rivers,9,6,4,0,0,0,1
2005,8,2005-05-14,M.C.G.,Hawthorn,Melbourne,Melbourne,Russell Robertson,8,4,2,0,1,0,2
2005,8,2005-05-14,M.C.G.,Hawthorn,Melbourne,Melbourne,Colin Sylvia,11,6,0,2,0,0,1
2005,8,2005-05-14,M.C.G.,Hawthorn,Melbourne,Melbourne,Paul Wheatley,14,9,3,0,0,0,2
2005,8,2005-05-14,M.C.G.,Hawthorn,Melbourne,Melbourne,Jeff White,6,3,6,1,0,10,1
2005,8,2005-05-14,M.C.G.,Hawthorn,Melbourne,Melbourne,Luke Williams,8,7,3,0,0,0,4
2005,8,2005-05-14,M.C.G.,Hawthorn,Melbourne,Melbourne,Adem Yze,12,3,1,0,2,0,1
2005,8,2005-05-14,Subiaco,West Coast,St Kilda,West Coast,Damien Adkins,2,1,1,0,0,0,0
2005,8,2005-05-14,Subiaco,West Coast,St Kilda,West Coast,Drew Banfield,5,2,11,0,0,0,0
2005,8,2005-05-14,Subiaco,West Coast,St Kilda,West Coast,Michael Braun,10,3,10,0,0,0,3
2005,8,2005-05-14,Subiaco,West Coast,St Kilda,West Coast,Sam Butler,9,1,4,0,0,0,0
2005,8,2005-05-14,Subiaco,West Coast,St Kilda,West Coast,Daniel Chick,9,2,9,0,0,0,3
2005,8,2005-05-14,Subiaco,West Coast,St Kilda,West Coast,Ben Cousins,19,9,11,2,2,0,0
2005,8,2005-05-14,Subiaco,West Coast,St Kilda,West Coast,Dean Cox,9,6,5,1,0,26,2
2005,8,2005-05-14,Subiaco,West Coast,St Kilda,West Coast,Andrew Embley,16,6,3,1,2,0,3
2005,8,2005-05-14,Subiaco,West Coast,St Kilda,West Coast,Chad Fletcher,19,3,12,2,0,0,3
2005,8,2005-05-14,Subiaco,West Coast,St Kilda,West Coast,Michael Gardiner,7,5,1,4,2,2,0
2005,8,2005-05-14,Subiaco,West Coast,St Kilda,West Coast,Darren Glass,4,1,3,0,0,0,1
2005,8,2005-05-14,Subiaco,West Coast,St Kilda,West Coast,Ashley Hansen,7,5,4,1,1,0,0
2005,8,2005-05-14,Subiaco,West Coast,St Kilda,West Coast,Adam Hunter,3,1,5,0,0,0,3
2005,8,2005-05-14,Subiaco,West Coast,St Kilda,West Coast,Brett Jones,9,5,2,1,0,0,3
2005,8,2005-05-14,Subiaco,West Coast,St Kilda,West Coast,Chris Judd,3,1,4,0,1,0,4
2005,8,2005-05-14,Subiaco,West Coast,St Kilda,West Coast,Daniel Kerr,9,4,11,0,0,0,2
2005,8,2005-05-14,Subiaco,West Coast,St Kilda,West Coast,Quinten Lynch,12,6,4,0,1,11,1
2005,8,2005-05-14,Subiaco,West Coast,St Kilda,West Coast,Daniel McConnell,9,5,4,0,0,0,1
2005,8,2005-05-14,Subiaco,West Coast,St Kilda,West Coast,Mark Nicoski,12,7,7,0,0,0,1
2005,8,2005-05-14,Subiaco,West Coast,St Kilda,West Coast,Ashley Sampi,5,2,2,1,0,0,2
2005,8,2005-05-14,Subiaco,West Coast,St Kilda,West Coast,Brent Staker,3,2,2,0,0,0,2
2005,8,2005-05-14,Subiaco,West Coast,St Kilda,West Coast,Tyson Stenglein,5,2,5,0,0,0,7
2005,8,2005-05-14,Subiaco,West Coast,St Kilda,St Kilda,Cain Ackland,9,4,3,1,0,14,0
2005,8,2005-05-14,Subiaco,West Coast,St Kilda,St Kilda,Steven Baker,4,4,5,0,0,0,7
2005,8,2005-05-14,Subiaco,West Coast,St Kilda,St Kilda,Luke Ball,16,5,10,0,0,0,8
2005,8,2005-05-14,Subiaco,West Coast,St Kilda,St Kilda,Jason Blake,7,4,9,1,0,12,1
2005,8,2005-05-14,Subiaco,West Coast,St Kilda,St Kilda,Raphael Clarke,3,3,8,0,0,0,1
2005,8,2005-05-14,Subiaco,West Coast,St Kilda,St Kilda,Nick Dal Santo,14,5,6,0,1,2,2
2005,8,2005-05-14,Subiaco,West Coast,St Kilda,St Kilda,Aaron Fiora,5,2,1,0,1,2,1
2005,8,2005-05-14,Subiaco,West Coast,St Kilda,St Kilda,Sam Fisher,8,3,10,0,0,0,1
2005,8,2005-05-14,Subiaco,West Coast,St Kilda,St Kilda,Fraser Gehrig,3,3,3,0,1,0,0
2005,8,2005-05-14,Subiaco,West Coast,St Kilda,St Kilda,Brendon Goddard,17,9,9,0,0,2,1
2005,8,2005-05-14,Subiaco,West Coast,St Kilda,St Kilda,Brent Guerra,3,2,2,0,0,0,2
2005,8,2005-05-14,Subiaco,West Coast,St Kilda,St Kilda,Lenny Hayes,17,4,8,0,1,0,5
2005,8,2005-05-14,Subiaco,West Coast,St Kilda,St Kilda,Max Hudghton,7,5,7,0,0,0,1
2005,8,2005-05-14,Subiaco,West Coast,St Kilda,St Kilda,Matt Maguire,0,0,1,0,0,0,2
2005,8,2005-05-14,Subiaco,West Coast,St Kilda,St Kilda,Mark McGough,8,6,11,1,1,0,2
2005,8,2005-05-14,Subiaco,West Coast,St Kilda,St Kilda,Andrew McQualter,9,2,7,0,0,0,5
2005,8,2005-05-14,Subiaco,West Coast,St Kilda,St Kilda,Stephen Milne,6,3,0,3,1,0,1
2005,8,2005-05-14,Subiaco,West Coast,St Kilda,St Kilda,Justin Peckett,7,2,6,0,0,0,4
2005,8,2005-05-14,Subiaco,West Coast,St Kilda,St Kilda,Nick Riewoldt,12,8,5,1,3,0,3
2005,8,2005-05-14,Subiaco,West Coast,St Kilda,St Kilda,Nick Stone,3,2,2,0,0,2,1
2005,8,2005-05-14,Subiaco,West Coast,St Kilda,St Kilda,Andrew Thompson,3,3,4,0,0,0,1
2005,8,2005-05-14,Subiaco,West Coast,St Kilda,St Kilda,Brett Voss,6,5,2,0,0,0,1
2005,8,2005-05-14,Docklands,Kangaroos,Western Bulldogs,Kangaroos,Glenn Archer,14,6,5,0,0,0,5
2005,8,2005-05-14,Docklands,Kangaroos,Western Bulldogs,Kangaroos,Leigh Brown,3,2,5,0,0,1,1
2005,8,2005-05-14,Docklands,Kangaroos,Western Bulldogs,Kangaroos,Leigh Colbert,5,2,4,0,0,0,0
2005,8,2005-05-14,Docklands,Kangaroos,Western Bulldogs,Kangaroos,Michael Firrito,12,3,5,0,0,7,6
2005,8,2005-05-14,Docklands,Kangaroos,Western Bulldogs,Kangaroos,Shannon Grant,8,7,3,4,1,0,0
2005,8,2005-05-14,Docklands,Kangaroos,Western Bulldogs,Kangaroos,David Hale,8,4,7,1,0,16,4
2005,8,2005-05-14,Docklands,Kangaroos,Western Bulldogs,Kangaroos,Leigh Harding,6,1,0,0,1,0,0
2005,8,2005-05-14,Docklands,Kangaroos,Western Bulldogs,Kangaroos,Daniel Harris,11,2,8,0,0,0,3
2005,8,2005-05-14,Docklands,Kangaroos,Western Bulldogs,Kangaroos,Brent Harvey,17,6,11,2,1,0,0
2005,8,2005-05-14,Docklands,Kangaroos,Western Bulldogs,Kangaroos,Corey Jones,8,2,7,0,0,1,3
2005,8,2005-05-14,Docklands,Kangaroos,Western Bulldogs,Kangaroos,Troy Makepeace,8,5,3,0,0,0,1
2005,8,2005-05-14,Docklands,Kangaroos,Western Bulldogs,Kangaroos,Drew Petrie,7,5,3,0,0,2,0
2005,8,2005-05-14,Docklands,Kangaroos,Western Bulldogs,Kangaroos,Daniel Pratt,3,0,2,0,0,0,1
2005,8,2005-05-14,Docklands,Kangaroos,Western Bulldogs,Kangaroos,Brady Rawlings,7,7,7,0,0,0,2
2005,8,2005-05-14,Docklands,Kangaroos,Western Bulldogs,Kangaroos,Saverio Rocca,8,7,1,3,3,1,0
2005,8,2005-05-14,Docklands,Kangaroos,Western Bulldogs,Kangaroos,Eddie Sansbury,5,4,4,0,2,0,2
2005,8,2005-05-14,Docklands,Kangaroos,Western Bulldogs,Kangaroos,Adam Simpson,9,3,15,0,0,2,1
2005,8,2005-05-14,Docklands,Kangaroos,Western Bulldogs,Kangaroos,Jess Sinclair,12,6,8,0,0,0,1
2005,8,2005-05-14,Docklands,Kangaroos,Western Bulldogs,Kangaroos,Jesse Smith,6,1,3,0,0,0,4
2005,8,2005-05-14,Docklands,Kangaroos,Western Bulldogs,Kangaroos,Michael Stevens,13,3,2,0,0,0,0
2005,8,2005-05-14,Docklands,Kangaroos,Western Bulldogs,Kangaroos,Nathan Thompson,11,8,6,2,2,1,1
2005,8,2005-05-14,Docklands,Kangaroos,Western Bulldogs,Kangaroos,Daniel Wells,8,4,2,1,0,0,1
2005,8,2005-05-14,Docklands,Kangaroos,Western Bulldogs,Western Bulldogs,Matthew Boyd,10,9,9,1,1,0,3
2005,8,2005-05-14,Docklands,Kangaroos,Western Bulldogs,Western Bulldogs,Adam Cooney,8,4,9,2,1,0,2
2005,8,2005-05-14,Docklands,Kangaroos,Western Bulldogs,Western Bulldogs,Daniel Cross,7,6,14,0,0,3,5
2005,8,2005-05-14,Docklands,Kangaroos,Western Bulldogs,Western Bulldogs,Nathan Eagleton,9,6,10,1,0,1,2
2005,8,2005-05-14,Docklands,Kangaroos,Western Bulldogs,Western Bulldogs,Daniel Giansiracusa,14,11,9,4,0,0,1
2005,8,2005-05-14,Docklands,Kangaroos,Western Bulldogs,Western Bulldogs,Lindsay Gilbee,15,3,6,1,0,0,3
2005,8,2005-05-14,Docklands,Kangaroos,Western Bulldogs,Western Bulldogs,Chris Grant,10,5,2,2,0,0,1
2005,8,2005-05-14,Docklands,Kangaroos,Western Bulldogs,Western Bulldogs,Mitch Hahn,3,3,4,0,0,0,1
2005,8,2005-05-14,Docklands,Kangaroos,Western Bulldogs,Western Bulldogs,Ryan Hargrave,12,7,9,0,0,0,2
2005,8,2005-05-14,Docklands,Kangaroos,Western Bulldogs,Western Bulldogs,Brad Johnson,14,6,3,2,1,0,1
2005,8,2005-05-14,Docklands,Kangaroos,Western Bulldogs,Western Bulldogs,Brian Lake,8,9,3,1,0,1,1
2005,8,2005-05-14,Docklands,Kangaroos,Western Bulldogs,Western Bulldogs,Jordan McMahon,11,2,9,0,0,0,0
2005,8,2005-05-14,Docklands,Kangaroos,Western Bulldogs,Western Bulldogs,Will Minson,3,0,0,0,0,12,2
2005,8,2005-05-14,Docklands,Kangaroos,Western Bulldogs,Western Bulldogs,Dale Morris,5,4,6,0,0,0,3
2005,8,2005-05-14,Docklands,Kangaroos,Western Bulldogs,Western Bulldogs,Robert Murphy,17,11,5,2,2,0,0
2005,8,2005-05-14,Docklands,Kangaroos,Western Bulldogs,Western Bulldogs,Sam Power,10,9,10,0,0,0,0
2005,8,2005-05-14,Docklands,Kangaroos,Western Bulldogs,Western Bulldogs,Matthew Robbins,1,1,2,0,0,0,2
2005,8,2005-05-14,Docklands,Kangaroos,Western Bulldogs,Western Bulldogs,Wayde Skipper,1,3,5,0,0,10,5
2005,8,2005-05-14,Docklands,Kangaroos,Western Bulldogs,Western Bulldogs,Rohan Smith,12,8,6,1,1,0,1
2005,8,2005-05-14,Docklands,Kangaroos,Western Bulldogs,Western Bulldogs,Tim Walsh,2,3,1,1,0,0,1
2005,8,2005-05-14,Docklands,Kangaroos,Western Bulldogs,Western Bulldogs,Scott West,10,3,11,0,0,0,3
2005,8,2005-05-14,Docklands,Kangaroos,Western Bulldogs,Western Bulldogs,Cameron Wight,1,2,1,0,0,2,1
2005,8,2005-05-14,Football Park,Adelaide,Brisbane Lions,Adelaide,Nathan Bassett,10,3,4,0,0,0,3
2005,8,2005-05-14,Football Park,Adelaide,Brisbane Lions,Adelaide,Rhett Biglands,9,4,2,0,0,24,2
2005,8,2005-05-14,Football Park,Adelaide,Brisbane Lions,Adelaide,Nathan Bock,2,1,4,0,1,0,1
2005,8,2005-05-14,Football Park,Adelaide,Brisbane Lions,Adelaide,Brett Burton,18,2,2,0,1,0,5
2005,8,2005-05-14,Football Park,Adelaide,Brisbane Lions,Adelaide,Michael Doughty,11,10,11,0,0,0,3
2005,8,2005-05-14,Football Park,Adelaide,Brisbane Lions,Adelaide,Tyson Edwards,14,6,16,0,0,0,1
2005,8,2005-05-14,Football Park,Adelaide,Brisbane Lions,Adelaide,Simon Goodwin,7,2,8,0,0,0,0
2005,8,2005-05-14,Football Park,Adelaide,Brisbane Lions,Adelaide,Ben Hart,20,3,5,0,0,0,3
2005,8,2005-05-14,Football Park,Adelaide,Brisbane Lions,Adelaide,Trent Hentschel,2,1,2,0,0,0,1
2005,8,2005-05-14,Football Park,Adelaide,Brisbane Lions,Adelaide,Ben Hudson,4,5,10,0,0,20,0
2005,8,2005-05-14,Football Park,Adelaide,Brisbane Lions,Adelaide,Luke Jericho,4,3,4,1,1,0,1
2005,8,2005-05-14,Football Park,Adelaide,Brisbane Lions,Adelaide,Martin Mattner,14,4,9,0,1,0,7
2005,8,2005-05-14,Football Park,Adelaide,Brisbane Lions,Adelaide,Andrew McLeod,14,5,3,0,0,0,1
2005,8,2005-05-14,Football Park,Adelaide,Brisbane Lions,Adelaide,Ian Perrie,11,3,5,0,2,0,2
2005,8,2005-05-14,Football Park,Adelaide,Brisbane Lions,Adelaide,Brent Reilly,8,3,6,0,0,0,1
2005,8,2005-05-14,Football Park,Adelaide,Brisbane Lions,Adelaide,Mark Ricciuto,19,5,13,2,1,0,2
2005,8,2005-05-14,Football Park,Adelaide,Brisbane Lions,Adelaide,Ben Rutten,8,0,12,0,0,0,2
2005,8,2005-05-14,Football Park,Adelaide,Brisbane Lions,Adelaide,Robert Shirley,2,2,11,0,0,3,4
2005,8,2005-05-14,Football Park,Adelaide,Brisbane Lions,Adelaide,Hayden Skipworth,11,3,10,0,1,0,3
2005,8,2005-05-14,Football Park,Adelaide,Brisbane Lions,Adelaide,Scott Thompson,16,4,5,3,2,1,4
2005,8,2005-05-14,Football Park,Adelaide,Brisbane Lions,Adelaide,Jason Torney,8,4,5,0,0,0,1
2005,8,2005-05-14,Football Park,Adelaide,Brisbane Lions,Adelaide,Scott Welsh,5,3,2,2,0,0,2
2005,8,2005-05-14,Football Park,Adelaide,Brisbane Lions,Brisbane Lions,Jed Adcock,5,4,3,0,0,0,3
2005,8,2005-05-14,Football Park,Adelaide,Brisbane Lions,Brisbane Lions,Jason Akermanis,19,2,5,0,1,0,8
2005,8,2005-05-14,Football Park,Adelaide,Brisbane Lions,Brisbane Lions,Simon Black,17,2,14,1,0,0,4
2005,8,2005-05-14,Football Park,Adelaide,Brisbane Lions,Brisbane Lions,Jonathan Brown,5,4,6,1,0,0,3
2005,8,2005-05-14,Football Park,Adelaide,Brisbane Lions,Brisbane Lions,Robert Copeland,7,2,4,0,0,0,4
2005,8,2005-05-14,Football Park,Adelaide,Brisbane Lions,Brisbane Lions,Josh Drummond,11,4,4,0,0,0,2
2005,8,2005-05-14,Football Park,Adelaide,Brisbane Lions,Brisbane Lions,Chris Johnson,6,2,6,0,0,0,4
2005,8,2005-05-14,Football Park,Adelaide,Brisbane Lions,Brisbane Lions,Nigel Lappin,14,9,13,0,0,0,5
2005,8,2005-05-14,Football Park,Adelaide,Brisbane Lions,Brisbane Lions,Justin Leppitsch,8,7,7,0,0,0,7
2005,8,2005-05-14,Football Park,Adelaide,Brisbane Lions,Brisbane Lions,Ashley McGrath,7,2,6,3,1,0,1
2005,8,2005-05-14,Football Park,Adelaide,Brisbane Lions,Brisbane Lions,Dylan McLaren,2,3,4,0,0,18,2
2005,8,2005-05-14,Football Park,Adelaide,Brisbane Lions,Brisbane Lions,Daniel Merrett,3,3,0,1,0,4,1
2005,8,2005-05-14,Football Park,Adelaide,Brisbane Lions,Brisbane Lions,Mal Michael,6,3,6,0,0,3,0
2005,8,2005-05-14,Football Park,Adelaide,Brisbane Lions,Brisbane Lions,Matthew Moody,4,3,6,1,1,0,0
2005,8,2005-05-14,Football Park,Adelaide,Brisbane Lions,Brisbane Lions,Tim Notting,7,3,7,0,1,0,2
2005,8,2005-05-14,Football Park,Adelaide,Brisbane Lions,Brisbane Lions,Martin Pike,4,1,0,0,0,0,1
2005,8,2005-05-14,Football Park,Adelaide,Brisbane Lions,Brisbane Lions,Luke Power,21,8,8,0,0,0,4
2005,8,2005-05-14,Football Park,Adelaide,Brisbane Lions,Brisbane Lions,Brad Scott,12,2,8,0,0,0,2
2005,8,2005-05-14,Football Park,Adelaide,Brisbane Lions,Brisbane Lions,Chris Scott,5,2,1,2,0,0,2
2005,8,2005-05-14,Football Park,Adelaide,Brisbane Lions,Brisbane Lions,Troy Selwood,3,1,4,0,0,0,3
2005,8,2005-05-14,Football Park,Adelaide,Brisbane Lions,Brisbane Lions,Justin Sherman,10,4,1,2,0,0,3
2005,8,2005-05-14,Football Park,Adelaide,Brisbane Lions,Brisbane Lions,Michael Voss,7,3,4,0,0,0,4
2005,8,2005-05-15,S.C.G.,Sydney,Port Adelaide,Sydney,Luke Ablett,9,3,5,1,1,0,1
2005,8,2005-05-15,S.C.G.,Sydney,Port Adelaide,Sydney,Leo Barry,7,7,5,0,0,0,2
2005,8,2005-05-15,S.C.G.,Sydney,Port Adelaide,Sydney,Paul Bevan,5,2,4,0,0,0,2
2005,8,2005-05-15,S.C.G.,Sydney,Port Adelaide,Sydney,Craig Bolton,9,6,6,0,0,0,2
2005,8,2005-05-15,S.C.G.,Sydney,Port Adelaide,Sydney,Jude Bolton,13,2,9,0,0,0,3
2005,8,2005-05-15,S.C.G.,Sydney,Port Adelaide,Sydney,Amon Buchanan,13,5,4,0,2,0,6
2005,8,2005-05-15,S.C.G.,Sydney,Port Adelaide,Sydney,Jared Crouch,8,3,9,0,0,0,3
2005,8,2005-05-15,S.C.G.,Sydney,Port Adelaide,Sydney,Sean Dempster,3,3,5,0,0,0,2
2005,8,2005-05-15,S.C.G.,Sydney,Port Adelaide,Sydney,Adam Goodes,11,7,5,2,0,7,6
2005,8,2005-05-15,S.C.G.,Sydney,Port Adelaide,Sydney,Barry Hall,14,8,4,2,0,4,3
2005,8,2005-05-15,S.C.G.,Sydney,Port Adelaide,Sydney,Darren Jolly,5,2,6,0,0,16,3
2005,8,2005-05-15,S.C.G.,Sydney,Port Adelaide,Sydney,Tadhg Kennelly,13,6,7,0,0,0,2
2005,8,2005-05-15,S.C.G.,Sydney,Port Adelaide,Sydney,Brett Kirk,11,2,7,0,0,0,5
2005,8,2005-05-15,S.C.G.,Sydney,Port Adelaide,Sydney,Ben Mathews,9,4,8,0,1,0,4
2005,8,2005-05-15,S.C.G.,Sydney,Port Adelaide,Sydney,Jarrad McVeigh,2,0,3,0,1,0,5
2005,8,2005-05-15,S.C.G.,Sydney,Port Adelaide,Sydney,Jarred Moore,7,5,0,0,3,0,1
2005,8,2005-05-15,S.C.G.,Sydney,Port Adelaide,Sydney,Ryan OKeefe,6,3,1,0,2,1,3
2005,8,2005-05-15,S.C.G.,Sydney,Port Adelaide,Sydney,Michael OLoughlin,8,7,2,3,1,0,1
2005,8,2005-05-15,S.C.G.,Sydney,Port Adelaide,Sydney,Lewis Roberts-Thomson,3,3,5,0,0,0,3
2005,8,2005-05-15,S.C.G.,Sydney,Port Adelaide,Sydney,Jason Saddington,2,1,0,0,0,0,0
2005,8,2005-05-15,S.C.G.,Sydney,Port Adelaide,Sydney,Andrew Schauble,7,5,5,0,0,1,1
2005,8,2005-05-15,S.C.G.,Sydney,Port Adelaide,Sydney,Luke Vogels,4,3,0,1,2,0,0
2005,8,2005-05-15,S.C.G.,Sydney,Port Adelaide,Port Adelaide,Matthew Bishop,15,10,3,0,0,0,0
2005,8,2005-05-15,S.C.G.,Sydney,Port Adelaide,Port Adelaide,Domenic Cassisi,11,3,4,0,0,0,5
2005,8,2005-05-15,S.C.G.,Sydney,Port Adelaide,Port Adelaide,Stuart Cochrane,6,2,5,0,0,0,1
2005,8,2005-05-15,S.C.G.,Sydney,Port Adelaide,Port Adelaide,Chad Cornes,13,13,7,0,0,0,3
2005,8,2005-05-15,S.C.G.,Sydney,Port Adelaide,Port Adelaide,Kane Cornes,15,3,6,1,1,0,4
2005,8,2005-05-15,S.C.G.,Sydney,Port Adelaide,Port Adelaide,Stuart Dew,12,3,5,1,1,1,1
2005,8,2005-05-15,S.C.G.,Sydney,Port Adelaide,Port Adelaide,Brett Ebert,7,4,2,1,1,0,1
2005,8,2005-05-15,S.C.G.,Sydney,Port Adelaide,Port Adelaide,Ben Eckermann,3,2,4,0,0,0,0
2005,8,2005-05-15,S.C.G.,Sydney,Port Adelaide,Port Adelaide,Josh Francou,1,0,3,0,0,0,1
2005,8,2005-05-15,S.C.G.,Sydney,Port Adelaide,Port Adelaide,Brendon Lade,12,9,3,1,2,15,1
2005,8,2005-05-15,S.C.G.,Sydney,Port Adelaide,Port Adelaide,Josh Mahoney,1,0,3,0,0,0,3
2005,8,2005-05-15,S.C.G.,Sydney,Port Adelaide,Port Adelaide,Brett Montgomery,8,3,8,0,0,0,1
2005,8,2005-05-15,S.C.G.,Sydney,Port Adelaide,Port Adelaide,Michael Pettigrew,4,2,2,0,0,0,2
2005,8,2005-05-15,S.C.G.,Sydney,Port Adelaide,Port Adelaide,Byron Pickett,3,1,1,0,0,0,1
2005,8,2005-05-15,S.C.G.,Sydney,Port Adelaide,Port Adelaide,Matthew Primus,4,0,8,0,0,22,0
2005,8,2005-05-15,S.C.G.,Sydney,Port Adelaide,Port Adelaide,Steven Salopek,3,2,2,0,0,0,1
2005,8,2005-05-15,S.C.G.,Sydney,Port Adelaide,Port Adelaide,Toby Thurstans,5,4,4,0,0,2,2
2005,8,2005-05-15,S.C.G.,Sydney,Port Adelaide,Port Adelaide,Warren Tredrea,9,8,7,0,1,0,1
2005,8,2005-05-15,S.C.G.,Sydney,Port Adelaide,Port Adelaide,Darryl Wakelin,6,6,5,0,0,0,0
2005,8,2005-05-15,S.C.G.,Sydney,Port Adelaide,Port Adelaide,Peter Walsh,7,1,3,1,0,0,1
2005,8,2005-05-15,S.C.G.,Sydney,Port Adelaide,Port Adelaide,Gavin Wanganeen,11,1,7,1,0,0,4
2005,8,2005-05-15,S.C.G.,Sydney,Port Adelaide,Port Adelaide,Michael Wilson,10,7,3,0,1,0,1
2005,8,2005-05-15,M.C.G.,Collingwood,Richmond,Collingwood,Scott Burns,7,7,14,1,0,0,4
2005,8,2005-05-15,M.C.G.,Collingwood,Richmond,Collingwood,Blake Caracella,7,5,9,2,1,0,1
2005,8,2005-05-15,M.C.G.,Collingwood,Richmond,Collingwood,James Clement,15,4,5,0,1,0,2
2005,8,2005-05-15,M.C.G.,Collingwood,Richmond,Collingwood,Cameron Cloke,2,2,1,1,0,0,2
2005,8,2005-05-15,M.C.G.,Collingwood,Richmond,Collingwood,Travis Cloke,8,5,0,1,3,0,3
2005,8,2005-05-15,M.C.G.,Collingwood,Richmond,Collingwood,Ben Davies,5,3,0,0,1,1,2
2005,8,2005-05-15,M.C.G.,Collingwood,Richmond,Collingwood,Alan Didak,9,3,3,0,0,0,3
2005,8,2005-05-15,M.C.G.,Collingwood,Richmond,Collingwood,Chris Egan,11,5,5,0,0,0,1
2005,8,2005-05-15,M.C.G.,Collingwood,Richmond,Collingwood,David Fanning,6,6,5,0,0,8,4
2005,8,2005-05-15,M.C.G.,Collingwood,Richmond,Collingwood,Brodie Holland,12,6,10,1,0,0,3
2005,8,2005-05-15,M.C.G.,Collingwood,Richmond,Collingwood,Ben Johnson,18,5,5,0,0,0,1
2005,8,2005-05-15,M.C.G.,Collingwood,Richmond,Collingwood,Paul Licuria,14,5,5,0,1,0,7
2005,8,2005-05-15,M.C.G.,Collingwood,Richmond,Collingwood,Tarkyn Lockyer,9,9,3,0,0,0,2
2005,8,2005-05-15,M.C.G.,Collingwood,Richmond,Collingwood,Nick Maxwell,6,1,5,0,0,1,0
2005,8,2005-05-15,M.C.G.,Collingwood,Richmond,Collingwood,Chad Morrison,10,3,9,0,0,0,0
2005,8,2005-05-15,M.C.G.,Collingwood,Richmond,Collingwood,Shane OBree,7,5,11,0,0,0,6
2005,8,2005-05-15,M.C.G.,Collingwood,Richmond,Collingwood,Simon Prestigiacomo,9,5,9,0,0,0,2
2005,8,2005-05-15,M.C.G.,Collingwood,Richmond,Collingwood,Julian Rowe,6,3,0,0,1,0,0
2005,8,2005-05-15,M.C.G.,Collingwood,Richmond,Collingwood,Rhyce Shaw,11,3,6,0,1,1,1
2005,8,2005-05-15,M.C.G.,Collingwood,Richmond,Collingwood,Dane Swan,7,3,11,1,0,0,0
2005,8,2005-05-15,M.C.G.,Collingwood,Richmond,Collingwood,Shane Wakelin,7,2,5,0,0,0,3
2005,8,2005-05-15,M.C.G.,Collingwood,Richmond,Collingwood,Tristen Walker,4,2,0,1,0,3,0
2005,8,2005-05-15,M.C.G.,Collingwood,Richmond,Richmond,Joel Bowden,18,9,8,1,0,0,0
2005,8,2005-05-15,M.C.G.,Collingwood,Richmond,Richmond,Nathan Brown,15,8,6,5,2,0,2
2005,8,2005-05-15,M.C.G.,Collingwood,Richmond,Richmond,Wayne Campbell,12,6,9,0,0,0,0
2005,8,2005-05-15,M.C.G.,Collingwood,Richmond,Richmond,Mark Chaffey,8,5,4,0,0,0,1
2005,8,2005-05-15,M.C.G.,Collingwood,Richmond,Richmond,Mark Coughlan,20,8,8,1,0,0,4
2005,8,2005-05-15,M.C.G.,Collingwood,Richmond,Richmond,Brett Deledio,6,3,7,0,0,1,1
2005,8,2005-05-15,M.C.G.,Collingwood,Richmond,Richmond,Darren Gaspar,5,2,7,0,0,0,0
2005,8,2005-05-15,M.C.G.,Collingwood,Richmond,Richmond,Mark Graham,3,3,4,1,0,0,0
2005,8,2005-05-15,M.C.G.,Collingwood,Richmond,Richmond,Ray Hall,7,2,13,0,0,0,3
2005,8,2005-05-15,M.C.G.,Collingwood,Richmond,Richmond,Kane Johnson,20,9,8,0,1,0,2
2005,8,2005-05-15,M.C.G.,Collingwood,Richmond,Richmond,Andrew Kellaway,11,7,7,0,0,0,0
2005,8,2005-05-15,M.C.G.,Collingwood,Richmond,Richmond,Trent Knobel,4,6,10,1,0,21,1
2005,8,2005-05-15,M.C.G.,Collingwood,Richmond,Richmond,Andrew Krakouer,4,1,4,0,0,0,7
2005,8,2005-05-15,M.C.G.,Collingwood,Richmond,Richmond,Danny Meyer,3,3,2,0,0,0,0
2005,8,2005-05-15,M.C.G.,Collingwood,Richmond,Richmond,Chris Newman,9,3,4,0,0,0,2
2005,8,2005-05-15,M.C.G.,Collingwood,Richmond,Richmond,Adam Pattison,3,0,0,0,0,0,1
2005,8,2005-05-15,M.C.G.,Collingwood,Richmond,Richmond,Kayne Pettifer,6,1,4,0,1,0,0
2005,8,2005-05-15,M.C.G.,Collingwood,Richmond,Richmond,Matthew Richardson,12,5,1,1,4,0,0
2005,8,2005-05-15,M.C.G.,Collingwood,Richmond,Richmond,Troy Simmonds,14,9,5,1,3,12,1
2005,8,2005-05-15,M.C.G.,Collingwood,Richmond,Richmond,Richard Tambling,10,9,3,2,0,0,0
2005,8,2005-05-15,M.C.G.,Collingwood,Richmond,Richmond,Greg Tivendale,16,4,9,0,0,0,3
2005,8,2005-05-15,M.C.G.,Collingwood,Richmond,Richmond,Shane Tuck,14,7,7,0,1,2,3
2005,8,2005-05-15,Docklands,Essendon,Fremantle,Essendon,Mark Alvey,9,7,2,0,1,0,2
2005,8,2005-05-15,Docklands,Essendon,Fremantle,Essendon,Kepler Bradley,4,4,4,0,0,0,1
2005,8,2005-05-15,Docklands,Essendon,Fremantle,Essendon,Tristan Cartledge,1,1,1,0,0,0,2
2005,8,2005-05-15,Docklands,Essendon,Fremantle,Essendon,Damian Cupido,10,6,1,1,2,0,1
2005,8,2005-05-15,Docklands,Essendon,Fremantle,Essendon,Dustin Fletcher,9,1,2,0,0,0,0
2005,8,2005-05-15,Docklands,Essendon,Fremantle,Essendon,David Hille,7,6,4,0,0,8,2
2005,8,2005-05-15,Docklands,Essendon,Fremantle,Essendon,Jason Johnson,13,8,9,0,0,0,6
2005,8,2005-05-15,Docklands,Essendon,Fremantle,Essendon,Mark Johnson,11,6,10,2,0,0,2
2005,8,2005-05-15,Docklands,Essendon,Fremantle,Essendon,Jason Laycock,5,4,3,2,0,5,2
2005,8,2005-05-15,Docklands,Essendon,Fremantle,Essendon,Matthew Lloyd,6,5,3,1,2,0,0
2005,8,2005-05-15,Docklands,Essendon,Fremantle,Essendon,Andrew Lovett,18,10,3,5,1,0,0
2005,8,2005-05-15,Docklands,Essendon,Fremantle,Essendon,Nathan Lovett-Murray,8,3,3,2,1,0,1
2005,8,2005-05-15,Docklands,Essendon,Fremantle,Essendon,Scott Lucas,16,10,4,2,2,0,1
2005,8,2005-05-15,Docklands,Essendon,Fremantle,Essendon,Adam McPhee,19,15,3,0,0,0,1
2005,8,2005-05-15,Docklands,Essendon,Fremantle,Essendon,Mark McVeigh,17,7,1,2,1,0,2
2005,8,2005-05-15,Docklands,Essendon,Fremantle,Essendon,Justin Murphy,5,4,13,0,0,0,1
2005,8,2005-05-15,Docklands,Essendon,Fremantle,Essendon,Damien Peverill,19,3,4,0,1,0,2
2005,8,2005-05-15,Docklands,Essendon,Fremantle,Essendon,Dean Rioli,6,3,0,0,0,0,1
2005,8,2005-05-15,Docklands,Essendon,Fremantle,Essendon,Brent Stanton,14,5,4,0,0,0,3
2005,8,2005-05-15,Docklands,Essendon,Fremantle,Essendon,Andrew Welsh,14,8,4,0,1,0,1
2005,8,2005-05-15,Docklands,Essendon,Fremantle,Essendon,Jason Winderlich,5,5,6,0,0,0,0
2005,8,2005-05-15,Docklands,Essendon,Fremantle,Essendon,Ty Zantuck,7,7,7,0,0,0,1
2005,8,2005-05-15,Docklands,Essendon,Fremantle,Fremantle,Peter Bell,12,2,9,0,2,0,1
2005,8,2005-05-15,Docklands,Essendon,Fremantle,Fremantle,Heath Black,11,2,5,0,1,0,2
2005,8,2005-05-15,Docklands,Essendon,Fremantle,Fremantle,Josh Carr,13,1,2,1,0,0,3
2005,8,2005-05-15,Docklands,Essendon,Fremantle,Fremantle,Matthew Carr,18,2,3,0,1,0,1
2005,8,2005-05-15,Docklands,Essendon,Fremantle,Fremantle,Troy Cook,9,3,10,0,2,0,7
2005,8,2005-05-15,Docklands,Essendon,Fremantle,Fremantle,Jeff Farmer,5,1,3,3,1,0,3
2005,8,2005-05-15,Docklands,Essendon,Fremantle,Fremantle,Antoni Grover,3,6,5,0,0,0,2
2005,8,2005-05-15,Docklands,Essendon,Fremantle,Fremantle,Robert Haddrill,0,1,0,0,0,0,0
2005,8,2005-05-15,Docklands,Essendon,Fremantle,Fremantle,Paul Hasleby,10,6,11,1,0,0,3
2005,8,2005-05-15,Docklands,Essendon,Fremantle,Fremantle,Des Headland,14,4,1,0,2,0,2
2005,8,2005-05-15,Docklands,Essendon,Fremantle,Fremantle,Justin Longmuir,11,7,6,2,1,11,3
2005,8,2005-05-15,Docklands,Essendon,Fremantle,Fremantle,Luke McPharlin,5,5,2,1,2,0,0
2005,8,2005-05-15,Docklands,Essendon,Fremantle,Fremantle,Paul Medhurst,5,4,0,1,0,0,1
2005,8,2005-05-15,Docklands,Essendon,Fremantle,Fremantle,David Mundy,5,6,6,0,0,0,1
2005,8,2005-05-15,Docklands,Essendon,Fremantle,Fremantle,Shane Parker,4,2,5,0,0,0,1
2005,8,2005-05-15,Docklands,Essendon,Fremantle,Fremantle,Matthew Pavlich,16,11,8,2,2,0,0
2005,8,2005-05-15,Docklands,Essendon,Fremantle,Fremantle,Graham Polak,9,8,7,0,0,0,0
2005,8,2005-05-15,Docklands,Essendon,Fremantle,Fremantle,Aaron Sandilands,5,4,7,0,0,23,1
2005,8,2005-05-15,Docklands,Essendon,Fremantle,Fremantle,Andrew Siegert,4,2,5,0,0,0,5
2005,8,2005-05-15,Docklands,Essendon,Fremantle,Fremantle,Dylan Smith,8,3,4,0,0,0,2
2005,8,2005-05-15,Docklands,Essendon,Fremantle,Fremantle,Scott Thornton,9,3,4,0,0,0,1
2005,8,2005-05-15,Docklands,Essendon,Fremantle,Fremantle,Luke Webster,3,3,4,0,0,0,1
2005,9,2005-05-20,Docklands,St Kilda,Adelaide,St Kilda,Cain Ackland,3,1,6,0,0,16,0
2005,9,2005-05-20,Docklands,St Kilda,Adelaide,St Kilda,Steven Baker,11,5,7,0,0,0,2
2005,9,2005-05-20,Docklands,St Kilda,Adelaide,St Kilda,Luke Ball,16,2,10,0,0,1,5
2005,9,2005-05-20,Docklands,St Kilda,Adelaide,St Kilda,Jason Blake,6,3,1,0,2,8,3
2005,9,2005-05-20,Docklands,St Kilda,Adelaide,St Kilda,Raphael Clarke,1,0,5,0,0,0,1
2005,9,2005-05-20,Docklands,St Kilda,Adelaide,St Kilda,Nick Dal Santo,15,8,11,0,0,2,6
2005,9,2005-05-20,Docklands,St Kilda,Adelaide,St Kilda,Aaron Fiora,14,10,15,1,2,0,2
2005,9,2005-05-20,Docklands,St Kilda,Adelaide,St Kilda,Sam Fisher,10,5,2,0,0,0,0
2005,9,2005-05-20,Docklands,St Kilda,Adelaide,St Kilda,Fraser Gehrig,5,4,1,2,1,0,0
2005,9,2005-05-20,Docklands,St Kilda,Adelaide,St Kilda,Brendon Goddard,6,7,8,0,0,0,0
2005,9,2005-05-20,Docklands,St Kilda,Adelaide,St Kilda,Jason Gram,3,2,2,0,0,0,0
2005,9,2005-05-20,Docklands,St Kilda,Adelaide,St Kilda,Lenny Hayes,16,1,14,0,0,0,2
2005,9,2005-05-20,Docklands,St Kilda,Adelaide,St Kilda,Max Hudghton,7,6,7,0,0,0,2
2005,9,2005-05-20,Docklands,St Kilda,Adelaide,St Kilda,Austinn Jones,17,1,8,0,0,0,0
2005,9,2005-05-20,Docklands,St Kilda,Adelaide,St Kilda,Mark McGough,4,1,4,0,0,0,2
2005,9,2005-05-20,Docklands,St Kilda,Adelaide,St Kilda,Andrew McQualter,7,3,5,0,0,0,4
2005,9,2005-05-20,Docklands,St Kilda,Adelaide,St Kilda,Stephen Milne,5,1,1,2,0,0,1
2005,9,2005-05-20,Docklands,St Kilda,Adelaide,St Kilda,Justin Peckett,1,1,0,0,0,0,0
2005,9,2005-05-20,Docklands,St Kilda,Adelaide,St Kilda,Luke Penny,4,2,5,0,0,0,1
2005,9,2005-05-20,Docklands,St Kilda,Adelaide,St Kilda,Stephen Powell,10,4,4,1,1,0,4
2005,9,2005-05-20,Docklands,St Kilda,Adelaide,St Kilda,Nick Riewoldt,8,6,3,2,1,0,0
2005,9,2005-05-20,Docklands,St Kilda,Adelaide,St Kilda,Brett Voss,12,9,5,0,0,0,4
2005,9,2005-05-20,Docklands,St Kilda,Adelaide,Adelaide,Nathan Bassett,8,8,16,0,0,0,2
2005,9,2005-05-20,Docklands,St Kilda,Adelaide,Adelaide,Rhett Biglands,4,4,4,0,0,11,2
2005,9,2005-05-20,Docklands,St Kilda,Adelaide,Adelaide,Nathan Bock,9,3,3,0,0,0,1
2005,9,2005-05-20,Docklands,St Kilda,Adelaide,Adelaide,Brett Burton,15,8,10,1,0,0,1
2005,9,2005-05-20,Docklands,St Kilda,Adelaide,Adelaide,Michael Doughty,2,2,8,0,0,0,3
2005,9,2005-05-20,Docklands,St Kilda,Adelaide,Adelaide,Tyson Edwards,14,2,5,1,1,0,3
2005,9,2005-05-20,Docklands,St Kilda,Adelaide,Adelaide,Simon Goodwin,17,9,9,1,1,0,3
2005,9,2005-05-20,Docklands,St Kilda,Adelaide,Adelaide,Ben Hart,12,6,11,1,0,0,1
2005,9,2005-05-20,Docklands,St Kilda,Adelaide,Adelaide,Ben Hudson,2,2,9,0,0,15,2
2005,9,2005-05-20,Docklands,St Kilda,Adelaide,Adelaide,Luke Jericho,2,2,1,0,0,0,1
2005,9,2005-05-20,Docklands,St Kilda,Adelaide,Adelaide,Martin Mattner,8,7,17,0,0,0,4
2005,9,2005-05-20,Docklands,St Kilda,Adelaide,Adelaide,Ken McGregor,6,5,3,2,3,0,0
2005,9,2005-05-20,Docklands,St Kilda,Adelaide,Adelaide,Andrew McLeod,19,1,10,1,1,0,1
2005,9,2005-05-20,Docklands,St Kilda,Adelaide,Adelaide,Ian Perrie,5,6,6,0,1,1,0
2005,9,2005-05-20,Docklands,St Kilda,Adelaide,Adelaide,Brent Reilly,5,2,3,1,0,0,3
2005,9,2005-05-20,Docklands,St Kilda,Adelaide,Adelaide,Mark Ricciuto,17,8,15,1,0,0,2
2005,9,2005-05-20,Docklands,St Kilda,Adelaide,Adelaide,Ben Rutten,4,5,7,0,0,0,0
2005,9,2005-05-20,Docklands,St Kilda,Adelaide,Adelaide,Robert Shirley,9,3,10,0,0,0,2
2005,9,2005-05-20,Docklands,St Kilda,Adelaide,Adelaide,Hayden Skipworth,8,7,12,0,2,0,1
2005,9,2005-05-20,Docklands,St Kilda,Adelaide,Adelaide,Scott Thompson,6,2,2,1,0,0,6
2005,9,2005-05-20,Docklands,St Kilda,Adelaide,Adelaide,Jason Torney,8,5,14,0,0,0,2
2005,9,2005-05-20,Docklands,St Kilda,Adelaide,Adelaide,Scott Welsh,10,7,1,5,2,0,0
2005,9,2005-05-21,Princes Park,Carlton,Melbourne,Carlton,Jordan Bannister,5,3,8,0,0,0,1
2005,9,2005-05-21,Princes Park,Carlton,Melbourne,Carlton,Adam Bentick,4,3,7,1,0,0,2
2005,9,2005-05-21,Princes Park,Carlton,Melbourne,Carlton,Eddie Betts,5,1,4,1,2,0,3
2005,9,2005-05-21,Princes Park,Carlton,Melbourne,Carlton,Scott Camporeale,20,4,6,0,1,0,1
2005,9,2005-05-21,Princes Park,Carlton,Melbourne,Carlton,Andrew Carrazzo,6,1,0,0,0,0,2
2005,9,2005-05-21,Princes Park,Carlton,Melbourne,Carlton,Adrian De Luca,7,4,3,0,1,6,6
2005,9,2005-05-21,Princes Park,Carlton,Melbourne,Carlton,Brendan Fevola,10,6,1,2,3,0,2
2005,9,2005-05-21,Princes Park,Carlton,Melbourne,Carlton,Barnaby French,2,0,1,0,0,4,0
2005,9,2005-05-21,Princes Park,Carlton,Melbourne,Carlton,Ryan Houlihan,15,6,5,1,1,0,2
2005,9,2005-05-21,Princes Park,Carlton,Melbourne,Carlton,Anthony Koutoufides,14,4,7,1,1,0,2
2005,9,2005-05-21,Princes Park,Carlton,Melbourne,Carlton,Matthew Lappin,15,3,4,1,1,0,3
2005,9,2005-05-21,Princes Park,Carlton,Melbourne,Carlton,Cory McGrath,9,3,4,0,0,0,3
2005,9,2005-05-21,Princes Park,Carlton,Melbourne,Carlton,Digby Morrell,3,3,4,2,1,0,0
2005,9,2005-05-21,Princes Park,Carlton,Melbourne,Carlton,Heath Scotland,4,2,3,0,0,0,1
2005,9,2005-05-21,Princes Park,Carlton,Melbourne,Carlton,Kade Simpson,9,3,1,0,2,0,1
2005,9,2005-05-21,Princes Park,Carlton,Melbourne,Carlton,Nick Stevens,13,4,11,2,0,0,0
2005,9,2005-05-21,Princes Park,Carlton,Melbourne,Carlton,David Teague,8,2,3,0,0,0,2
2005,9,2005-05-21,Princes Park,Carlton,Melbourne,Carlton,Bret Thornton,11,9,7,0,0,0,0
2005,9,2005-05-21,Princes Park,Carlton,Melbourne,Carlton,Jarrad Waite,5,6,11,0,0,0,2
2005,9,2005-05-21,Princes Park,Carlton,Melbourne,Carlton,Andrew Walker,8,3,1,1,0,0,1
2005,9,2005-05-21,Princes Park,Carlton,Melbourne,Carlton,Lance Whitnall,6,7,7,1,0,3,0
2005,9,2005-05-21,Princes Park,Carlton,Melbourne,Carlton,Simon Wiggins,2,2,3,0,0,0,1
2005,9,2005-05-21,Princes Park,Carlton,Melbourne,Melbourne,Daniel Bell,0,0,0,0,0,0,1
2005,9,2005-05-21,Princes Park,Carlton,Melbourne,Melbourne,Clint Bizzell,17,13,10,0,0,1,2
2005,9,2005-05-21,Princes Park,Carlton,Melbourne,Melbourne,Nathan Brown,14,7,8,0,1,0,0
2005,9,2005-05-21,Princes Park,Carlton,Melbourne,Melbourne,Cameron Bruce,11,5,6,1,3,0,0
2005,9,2005-05-21,Princes Park,Carlton,Melbourne,Melbourne,Aaron Davey,10,2,3,1,4,0,5
2005,9,2005-05-21,Princes Park,Carlton,Melbourne,Melbourne,Ryan Ferguson,4,2,2,0,0,0,3
2005,9,2005-05-21,Princes Park,Carlton,Melbourne,Melbourne,Brad Green,7,3,10,0,0,0,2
2005,9,2005-05-21,Princes Park,Carlton,Melbourne,Melbourne,Ben Holland,10,6,6,1,1,2,2
2005,9,2005-05-21,Princes Park,Carlton,Melbourne,Melbourne,Mark Jamar,0,0,1,0,0,4,2
2005,9,2005-05-21,Princes Park,Carlton,Melbourne,Melbourne,Travis Johnstone,23,4,6,0,0,0,2
2005,9,2005-05-21,Princes Park,Carlton,Melbourne,Melbourne,James McDonald,8,9,13,0,0,0,2
2005,9,2005-05-21,Princes Park,Carlton,Melbourne,Melbourne,Brock McLean,15,5,2,0,0,0,4
2005,9,2005-05-21,Princes Park,Carlton,Melbourne,Melbourne,Brent Moloney,10,4,3,0,0,0,4
2005,9,2005-05-21,Princes Park,Carlton,Melbourne,Melbourne,David Neitz,8,6,3,3,2,0,1
2005,9,2005-05-21,Princes Park,Carlton,Melbourne,Melbourne,Alistair Nicholson,5,4,2,0,0,1,1
2005,9,2005-05-21,Princes Park,Carlton,Melbourne,Melbourne,Phillip Read,9,8,7,2,0,0,1
2005,9,2005-05-21,Princes Park,Carlton,Melbourne,Melbourne,Russell Robertson,13,10,7,6,1,0,1
2005,9,2005-05-21,Princes Park,Carlton,Melbourne,Melbourne,Colin Sylvia,15,6,5,0,1,0,5
2005,9,2005-05-21,Princes Park,Carlton,Melbourne,Melbourne,Paul Wheatley,6,2,5,0,0,0,0
2005,9,2005-05-21,Princes Park,Carlton,Melbourne,Melbourne,Matthew Whelan,7,3,8,0,0,0,1
2005,9,2005-05-21,Princes Park,Carlton,Melbourne,Melbourne,Jeff White,7,2,5,0,0,21,6
2005,9,2005-05-21,Princes Park,Carlton,Melbourne,Melbourne,Adem Yze,12,8,2,1,4,0,2
2005,9,2005-05-21,M.C.G.,Collingwood,West Coast,Collingwood,Scott Burns,9,5,18,1,0,0,3
2005,9,2005-05-21,M.C.G.,Collingwood,West Coast,Collingwood,Blake Caracella,15,7,3,5,2,0,2
2005,9,2005-05-21,M.C.G.,Collingwood,West Coast,Collingwood,James Clement,12,7,4,0,0,0,3
2005,9,2005-05-21,M.C.G.,Collingwood,West Coast,Collingwood,Cameron Cloke,4,3,3,1,0,11,1
2005,9,2005-05-21,M.C.G.,Collingwood,West Coast,Collingwood,Travis Cloke,11,4,5,2,2,1,2
2005,9,2005-05-21,M.C.G.,Collingwood,West Coast,Collingwood,Ben Davies,2,1,0,0,0,0,2
2005,9,2005-05-21,M.C.G.,Collingwood,West Coast,Collingwood,Alan Didak,9,5,4,2,1,1,3
2005,9,2005-05-21,M.C.G.,Collingwood,West Coast,Collingwood,Chris Egan,8,3,1,2,0,0,2
2005,9,2005-05-21,M.C.G.,Collingwood,West Coast,Collingwood,David Fanning,4,3,3,0,0,7,2
2005,9,2005-05-21,M.C.G.,Collingwood,West Coast,Collingwood,Brodie Holland,11,6,16,0,0,0,3
2005,9,2005-05-21,M.C.G.,Collingwood,West Coast,Collingwood,Ben Johnson,20,5,7,0,0,0,3
2005,9,2005-05-21,M.C.G.,Collingwood,West Coast,Collingwood,Paul Licuria,17,7,13,1,0,0,4
2005,9,2005-05-21,M.C.G.,Collingwood,West Coast,Collingwood,Tarkyn Lockyer,15,2,7,0,1,0,2
2005,9,2005-05-21,M.C.G.,Collingwood,West Coast,Collingwood,Nick Maxwell,4,2,1,0,0,0,2
2005,9,2005-05-21,M.C.G.,Collingwood,West Coast,Collingwood,Chad Morrison,10,5,4,0,0,0,4
2005,9,2005-05-21,M.C.G.,Collingwood,West Coast,Collingwood,Shane OBree,12,5,8,0,0,0,6
2005,9,2005-05-21,M.C.G.,Collingwood,West Coast,Collingwood,Simon Prestigiacomo,4,1,1,0,0,0,1
2005,9,2005-05-21,M.C.G.,Collingwood,West Coast,Collingwood,Julian Rowe,10,5,5,0,1,0,3
2005,9,2005-05-21,M.C.G.,Collingwood,West Coast,Collingwood,Rhyce Shaw,7,9,6,1,0,0,4
2005,9,2005-05-21,M.C.G.,Collingwood,West Coast,Collingwood,Dane Swan,5,3,4,0,0,0,2
2005,9,2005-05-21,M.C.G.,Collingwood,West Coast,Collingwood,Chris Tarrant,7,6,1,3,0,2,0
2005,9,2005-05-21,M.C.G.,Collingwood,West Coast,Collingwood,Shane Wakelin,2,3,3,0,0,0,0
2005,9,2005-05-21,M.C.G.,Collingwood,West Coast,West Coast,Drew Banfield,7,5,6,1,0,0,1
2005,9,2005-05-21,M.C.G.,Collingwood,West Coast,West Coast,Michael Braun,15,4,8,0,0,0,2
2005,9,2005-05-21,M.C.G.,Collingwood,West Coast,West Coast,Sam Butler,3,2,4,0,0,0,0
2005,9,2005-05-21,M.C.G.,Collingwood,West Coast,West Coast,Daniel Chick,13,2,0,1,0,0,4
2005,9,2005-05-21,M.C.G.,Collingwood,West Coast,West Coast,Ben Cousins,20,9,9,0,0,0,0
2005,9,2005-05-21,M.C.G.,Collingwood,West Coast,West Coast,Dean Cox,18,10,5,1,0,30,0
2005,9,2005-05-21,M.C.G.,Collingwood,West Coast,West Coast,Andrew Embley,12,5,4,0,0,0,0
2005,9,2005-05-21,M.C.G.,Collingwood,West Coast,West Coast,Chad Fletcher,14,7,11,3,2,0,1
2005,9,2005-05-21,M.C.G.,Collingwood,West Coast,West Coast,Michael Gardiner,5,3,0,3,0,3,0
2005,9,2005-05-21,M.C.G.,Collingwood,West Coast,West Coast,Darren Glass,7,6,6,0,0,0,0
2005,9,2005-05-21,M.C.G.,Collingwood,West Coast,West Coast,Ashley Hansen,5,4,4,1,0,0,0
2005,9,2005-05-21,M.C.G.,Collingwood,West Coast,West Coast,Adam Hunter,10,10,6,0,0,1,3
2005,9,2005-05-21,M.C.G.,Collingwood,West Coast,West Coast,Brett Jones,7,7,5,0,0,0,1
2005,9,2005-05-21,M.C.G.,Collingwood,West Coast,West Coast,Daniel Kerr,12,2,8,0,1,0,1
2005,9,2005-05-21,M.C.G.,Collingwood,West Coast,West Coast,Quinten Lynch,4,3,4,1,1,2,0
2005,9,2005-05-21,M.C.G.,Collingwood,West Coast,West Coast,Phillip Matera,5,2,1,2,0,0,2
2005,9,2005-05-21,M.C.G.,Collingwood,West Coast,West Coast,Daniel McConnell,5,1,1,0,0,1,0
2005,9,2005-05-21,M.C.G.,Collingwood,West Coast,West Coast,Mark Nicoski,9,7,9,0,0,0,2
2005,9,2005-05-21,M.C.G.,Collingwood,West Coast,West Coast,Ashley Sampi,4,2,4,1,1,0,2
2005,9,2005-05-21,M.C.G.,Collingwood,West Coast,West Coast,Brent Staker,0,0,0,0,0,0,3
2005,9,2005-05-21,M.C.G.,Collingwood,West Coast,West Coast,Tyson Stenglein,13,7,5,1,0,1,4
2005,9,2005-05-21,M.C.G.,Collingwood,West Coast,West Coast,Josh Wooden,2,3,4,0,0,0,3
2005,9,2005-05-21,Gabba,Brisbane Lions,Richmond,Brisbane Lions,Jed Adcock,11,7,2,0,0,0,4
2005,9,2005-05-21,Gabba,Brisbane Lions,Richmond,Brisbane Lions,Jason Akermanis,13,6,10,1,0,0,5
2005,9,2005-05-21,Gabba,Brisbane Lions,Richmond,Brisbane Lions,Simon Black,9,2,13,1,0,0,6
2005,9,2005-05-21,Gabba,Brisbane Lions,Richmond,Brisbane Lions,Daniel Bradshaw,5,6,2,1,1,1,2
2005,9,2005-05-21,Gabba,Brisbane Lions,Richmond,Brisbane Lions,Jonathan Brown,7,4,3,0,3,0,1
2005,9,2005-05-21,Gabba,Brisbane Lions,Richmond,Brisbane Lions,Robert Copeland,2,0,0,0,0,0,2
2005,9,2005-05-21,Gabba,Brisbane Lions,Richmond,Brisbane Lions,Anthony Corrie,7,3,2,2,0,0,2
2005,9,2005-05-21,Gabba,Brisbane Lions,Richmond,Brisbane Lions,Josh Drummond,13,5,5,0,0,0,1
2005,9,2005-05-21,Gabba,Brisbane Lions,Richmond,Brisbane Lions,Chris Johnson,12,5,8,0,0,0,1
2005,9,2005-05-21,Gabba,Brisbane Lions,Richmond,Brisbane Lions,Nigel Lappin,13,3,6,0,1,0,4
2005,9,2005-05-21,Gabba,Brisbane Lions,Richmond,Brisbane Lions,Justin Leppitsch,9,6,7,0,0,0,2
2005,9,2005-05-21,Gabba,Brisbane Lions,Richmond,Brisbane Lions,Joel Macdonald,5,3,1,0,0,0,0
2005,9,2005-05-21,Gabba,Brisbane Lions,Richmond,Brisbane Lions,Ashley McGrath,9,3,3,5,1,0,3
2005,9,2005-05-21,Gabba,Brisbane Lions,Richmond,Brisbane Lions,Dylan McLaren,1,0,3,0,0,20,0
2005,9,2005-05-21,Gabba,Brisbane Lions,Richmond,Brisbane Lions,Daniel Merrett,3,3,5,0,0,11,3
2005,9,2005-05-21,Gabba,Brisbane Lions,Richmond,Brisbane Lions,Mal Michael,8,5,0,0,0,0,1
2005,9,2005-05-21,Gabba,Brisbane Lions,Richmond,Brisbane Lions,Tim Notting,18,10,9,0,0,0,2
2005,9,2005-05-21,Gabba,Brisbane Lions,Richmond,Brisbane Lions,Brad Scott,12,6,10,0,0,0,0
2005,9,2005-05-21,Gabba,Brisbane Lions,Richmond,Brisbane Lions,Chris Scott,7,6,1,0,1,0,1
2005,9,2005-05-21,Gabba,Brisbane Lions,Richmond,Brisbane Lions,Troy Selwood,1,0,1,0,0,0,2
2005,9,2005-05-21,Gabba,Brisbane Lions,Richmond,Brisbane Lions,Justin Sherman,10,3,2,0,0,0,2
2005,9,2005-05-21,Gabba,Brisbane Lions,Richmond,Brisbane Lions,Michael Voss,14,8,11,2,0,0,2
2005,9,2005-05-21,Gabba,Brisbane Lions,Richmond,Richmond,Joel Bowden,8,5,2,0,0,0,1
2005,9,2005-05-21,Gabba,Brisbane Lions,Richmond,Richmond,Nathan Brown,14,9,2,4,4,0,0
2005,9,2005-05-21,Gabba,Brisbane Lions,Richmond,Richmond,Wayne Campbell,11,7,11,0,0,0,0
2005,9,2005-05-21,Gabba,Brisbane Lions,Richmond,Richmond,Mark Chaffey,9,3,12,0,0,0,1
2005,9,2005-05-21,Gabba,Brisbane Lions,Richmond,Richmond,Mark Coughlan,11,5,17,0,0,0,4
2005,9,2005-05-21,Gabba,Brisbane Lions,Richmond,Richmond,Brett Deledio,7,3,7,0,0,0,1
2005,9,2005-05-21,Gabba,Brisbane Lions,Richmond,Richmond,Darren Gaspar,9,8,3,0,0,0,2
2005,9,2005-05-21,Gabba,Brisbane Lions,Richmond,Richmond,Mark Graham,7,3,5,0,0,1,1
2005,9,2005-05-21,Gabba,Brisbane Lions,Richmond,Richmond,Chris Hyde,2,2,2,0,0,0,4
2005,9,2005-05-21,Gabba,Brisbane Lions,Richmond,Richmond,Kane Johnson,18,6,11,0,1,0,1
2005,9,2005-05-21,Gabba,Brisbane Lions,Richmond,Richmond,Andrew Kellaway,8,8,8,0,0,0,1
2005,9,2005-05-21,Gabba,Brisbane Lions,Richmond,Richmond,Trent Knobel,4,5,4,0,0,21,2
2005,9,2005-05-21,Gabba,Brisbane Lions,Richmond,Richmond,Andrew Krakouer,8,2,2,1,1,0,0
2005,9,2005-05-21,Gabba,Brisbane Lions,Richmond,Richmond,Danny Meyer,3,1,6,0,0,0,1
2005,9,2005-05-21,Gabba,Brisbane Lions,Richmond,Richmond,Chris Newman,8,4,3,0,0,0,1
2005,9,2005-05-21,Gabba,Brisbane Lions,Richmond,Richmond,Kayne Pettifer,10,7,3,1,0,0,2
2005,9,2005-05-21,Gabba,Brisbane Lions,Richmond,Richmond,Matthew Richardson,18,12,0,3,1,0,0
2005,9,2005-05-21,Gabba,Brisbane Lions,Richmond,Richmond,Jay Schulz,1,1,3,1,0,0,0
2005,9,2005-05-21,Gabba,Brisbane Lions,Richmond,Richmond,Troy Simmonds,14,9,6,2,3,15,2
2005,9,2005-05-21,Gabba,Brisbane Lions,Richmond,Richmond,Richard Tambling,6,1,1,0,0,0,0
2005,9,2005-05-21,Gabba,Brisbane Lions,Richmond,Richmond,Greg Tivendale,12,5,5,0,0,0,3
2005,9,2005-05-21,Gabba,Brisbane Lions,Richmond,Richmond,Shane Tuck,22,3,9,0,0,2,2
2005,9,2005-05-21,Football Park,Port Adelaide,Essendon,Port Adelaide,Matthew Bishop,6,4,6,0,0,0,0
2005,9,2005-05-21,Football Park,Port Adelaide,Essendon,Port Adelaide,Domenic Cassisi,6,0,7,0,0,0,1
2005,9,2005-05-21,Football Park,Port Adelaide,Essendon,Port Adelaide,Stuart Cochrane,8,6,11,0,0,0,2
2005,9,2005-05-21,Football Park,Port Adelaide,Essendon,Port Adelaide,Chad Cornes,20,8,6,0,0,0,2
2005,9,2005-05-21,Football Park,Port Adelaide,Essendon,Port Adelaide,Kane Cornes,20,8,7,0,0,0,3
2005,9,2005-05-21,Football Park,Port Adelaide,Essendon,Port Adelaide,Stuart Dew,15,3,7,2,0,0,2
2005,9,2005-05-21,Football Park,Port Adelaide,Essendon,Port Adelaide,Brett Ebert,9,6,4,1,2,0,0
2005,9,2005-05-21,Football Park,Port Adelaide,Essendon,Port Adelaide,Ben Eckermann,7,2,3,0,1,0,1
2005,9,2005-05-21,Football Park,Port Adelaide,Essendon,Port Adelaide,Josh Francou,10,2,9,0,0,0,8
2005,9,2005-05-21,Football Park,Port Adelaide,Essendon,Port Adelaide,Roger James,13,7,8,1,0,0,4
2005,9,2005-05-21,Football Park,Port Adelaide,Essendon,Port Adelaide,Adam Kingsley,5,3,2,0,0,0,1
2005,9,2005-05-21,Football Park,Port Adelaide,Essendon,Port Adelaide,Brendon Lade,11,5,5,2,0,18,0
2005,9,2005-05-21,Football Park,Port Adelaide,Essendon,Port Adelaide,Brett Montgomery,13,9,7,0,0,0,1
2005,9,2005-05-21,Football Park,Port Adelaide,Essendon,Port Adelaide,Byron Pickett,14,4,4,1,2,0,1
2005,9,2005-05-21,Football Park,Port Adelaide,Essendon,Port Adelaide,Matthew Primus,8,3,5,0,0,20,1
2005,9,2005-05-21,Football Park,Port Adelaide,Essendon,Port Adelaide,Aaron Shattock,11,8,11,0,0,0,1
2005,9,2005-05-21,Football Park,Port Adelaide,Essendon,Port Adelaide,Toby Thurstans,5,6,10,0,0,0,3
2005,9,2005-05-21,Football Park,Port Adelaide,Essendon,Port Adelaide,Warren Tredrea,15,14,3,5,2,0,5
2005,9,2005-05-21,Football Park,Port Adelaide,Essendon,Port Adelaide,Darryl Wakelin,7,6,1,0,0,0,0
2005,9,2005-05-21,Football Park,Port Adelaide,Essendon,Port Adelaide,Peter Walsh,10,5,8,0,0,0,0
2005,9,2005-05-21,Football Park,Port Adelaide,Essendon,Port Adelaide,Gavin Wanganeen,10,6,3,0,0,0,3
2005,9,2005-05-21,Football Park,Port Adelaide,Essendon,Port Adelaide,Damon White,3,2,1,0,0,0,1
2005,9,2005-05-21,Football Park,Port Adelaide,Essendon,Essendon,Mark Alvey,9,4,6,0,0,0,0
2005,9,2005-05-21,Football Park,Port Adelaide,Essendon,Essendon,Kepler Bradley,4,5,5,0,0,0,0
2005,9,2005-05-21,Football Park,Port Adelaide,Essendon,Essendon,Damian Cupido,8,2,4,0,1,0,1
2005,9,2005-05-21,Football Park,Port Adelaide,Essendon,Essendon,Dustin Fletcher,12,3,3,0,0,2,0
2005,9,2005-05-21,Football Park,Port Adelaide,Essendon,Essendon,David Hille,2,2,3,0,0,16,2
2005,9,2005-05-21,Football Park,Port Adelaide,Essendon,Essendon,Jason Johnson,16,4,8,0,1,0,5
2005,9,2005-05-21,Football Park,Port Adelaide,Essendon,Essendon,Mark Johnson,14,5,3,3,0,0,6
2005,9,2005-05-21,Football Park,Port Adelaide,Essendon,Essendon,Jason Laycock,2,2,3,0,0,2,3
2005,9,2005-05-21,Football Park,Port Adelaide,Essendon,Essendon,Matthew Lloyd,10,4,6,1,3,0,0
2005,9,2005-05-21,Football Park,Port Adelaide,Essendon,Essendon,Andrew Lovett,10,4,1,0,1,0,4
2005,9,2005-05-21,Football Park,Port Adelaide,Essendon,Essendon,Nathan Lovett-Murray,4,3,0,1,0,0,0
2005,9,2005-05-21,Football Park,Port Adelaide,Essendon,Essendon,Scott Lucas,11,6,2,2,2,0,2
2005,9,2005-05-21,Football Park,Port Adelaide,Essendon,Essendon,Adam McPhee,12,4,7,0,0,0,2
2005,9,2005-05-21,Football Park,Port Adelaide,Essendon,Essendon,Mark McVeigh,15,4,7,1,2,0,2
2005,9,2005-05-21,Football Park,Port Adelaide,Essendon,Essendon,Justin Murphy,16,4,5,0,0,0,2
2005,9,2005-05-21,Football Park,Port Adelaide,Essendon,Essendon,Damien Peverill,13,5,11,0,0,1,4
2005,9,2005-05-21,Football Park,Port Adelaide,Essendon,Essendon,Dean Rioli,8,5,4,1,1,0,0
2005,9,2005-05-21,Football Park,Port Adelaide,Essendon,Essendon,Dean Solomon,3,1,4,0,0,0,3
2005,9,2005-05-21,Football Park,Port Adelaide,Essendon,Essendon,Brent Stanton,14,8,4,0,0,0,2
2005,9,2005-05-21,Football Park,Port Adelaide,Essendon,Essendon,Andrew Welsh,8,4,7,0,0,0,3
2005,9,2005-05-21,Football Park,Port Adelaide,Essendon,Essendon,Jason Winderlich,4,3,0,0,0,0,4
2005,9,2005-05-21,Football Park,Port Adelaide,Essendon,Essendon,Ty Zantuck,13,10,7,0,0,0,1
2005,9,2005-05-22,S.C.G.,Western Bulldogs,Sydney,Western Bulldogs,Matthew Boyd,10,3,3,0,1,0,2
2005,9,2005-05-22,S.C.G.,Western Bulldogs,Sydney,Western Bulldogs,Adam Cooney,4,2,7,1,0,0,1
2005,9,2005-05-22,S.C.G.,Western Bulldogs,Sydney,Western Bulldogs,Daniel Cross,8,5,15,0,0,5,3
2005,9,2005-05-22,S.C.G.,Western Bulldogs,Sydney,Western Bulldogs,Nathan Eagleton,6,3,4,0,1,0,1
2005,9,2005-05-22,S.C.G.,Western Bulldogs,Sydney,Western Bulldogs,Daniel Giansiracusa,14,5,9,0,1,0,2
2005,9,2005-05-22,S.C.G.,Western Bulldogs,Sydney,Western Bulldogs,Lindsay Gilbee,12,4,3,1,0,0,0
2005,9,2005-05-22,S.C.G.,Western Bulldogs,Sydney,Western Bulldogs,Chris Grant,9,4,5,1,0,0,3
2005,9,2005-05-22,S.C.G.,Western Bulldogs,Sydney,Western Bulldogs,Ryan Griffen,3,2,1,0,1,0,3
2005,9,2005-05-22,S.C.G.,Western Bulldogs,Sydney,Western Bulldogs,Mitch Hahn,12,5,5,1,2,1,6
2005,9,2005-05-22,S.C.G.,Western Bulldogs,Sydney,Western Bulldogs,Brad Johnson,11,3,3,1,0,1,3
2005,9,2005-05-22,S.C.G.,Western Bulldogs,Sydney,Western Bulldogs,Brian Lake,5,4,8,0,0,1,0
2005,9,2005-05-22,S.C.G.,Western Bulldogs,Sydney,Western Bulldogs,Jordan McMahon,14,4,7,0,0,0,3
2005,9,2005-05-22,S.C.G.,Western Bulldogs,Sydney,Western Bulldogs,Will Minson,4,0,0,0,0,12,1
2005,9,2005-05-22,S.C.G.,Western Bulldogs,Sydney,Western Bulldogs,Adam Morgan,6,3,2,1,2,0,6
2005,9,2005-05-22,S.C.G.,Western Bulldogs,Sydney,Western Bulldogs,Dale Morris,3,0,6,0,0,0,1
2005,9,2005-05-22,S.C.G.,Western Bulldogs,Sydney,Western Bulldogs,Robert Murphy,10,6,1,0,1,0,0
2005,9,2005-05-22,S.C.G.,Western Bulldogs,Sydney,Western Bulldogs,Sam Power,7,5,11,0,0,0,1
2005,9,2005-05-22,S.C.G.,Western Bulldogs,Sydney,Western Bulldogs,Matthew Robbins,9,2,1,4,0,0,3
2005,9,2005-05-22,S.C.G.,Western Bulldogs,Sydney,Western Bulldogs,Wayde Skipper,5,2,0,0,1,3,0
2005,9,2005-05-22,S.C.G.,Western Bulldogs,Sydney,Western Bulldogs,Rohan Smith,13,8,7,0,0,0,2
2005,9,2005-05-22,S.C.G.,Western Bulldogs,Sydney,Western Bulldogs,Scott West,11,5,11,0,1,0,2
2005,9,2005-05-22,S.C.G.,Western Bulldogs,Sydney,Western Bulldogs,Cameron Wight,2,1,4,0,0,9,1
2005,9,2005-05-22,S.C.G.,Western Bulldogs,Sydney,Sydney,Luke Ablett,14,2,5,0,1,0,1
2005,9,2005-05-22,S.C.G.,Western Bulldogs,Sydney,Sydney,Leo Barry,3,4,3,0,0,0,3
2005,9,2005-05-22,S.C.G.,Western Bulldogs,Sydney,Sydney,Paul Bevan,3,2,6,0,0,0,0
2005,9,2005-05-22,S.C.G.,Western Bulldogs,Sydney,Sydney,Craig Bolton,9,4,6,0,0,0,1
2005,9,2005-05-22,S.C.G.,Western Bulldogs,Sydney,Sydney,Jude Bolton,11,3,10,0,0,0,7
2005,9,2005-05-22,S.C.G.,Western Bulldogs,Sydney,Sydney,Amon Buchanan,7,1,5,0,1,0,3
2005,9,2005-05-22,S.C.G.,Western Bulldogs,Sydney,Sydney,Jared Crouch,2,0,9,1,0,0,1
2005,9,2005-05-22,S.C.G.,Western Bulldogs,Sydney,Sydney,Sean Dempster,6,4,2,0,0,0,2
2005,9,2005-05-22,S.C.G.,Western Bulldogs,Sydney,Sydney,Adam Goodes,11,6,4,1,0,15,1
2005,9,2005-05-22,S.C.G.,Western Bulldogs,Sydney,Sydney,Barry Hall,12,6,7,2,4,1,1
2005,9,2005-05-22,S.C.G.,Western Bulldogs,Sydney,Sydney,Darren Jolly,3,3,3,0,0,16,1
2005,9,2005-05-22,S.C.G.,Western Bulldogs,Sydney,Sydney,Tadhg Kennelly,13,2,4,0,0,1,2
2005,9,2005-05-22,S.C.G.,Western Bulldogs,Sydney,Sydney,Brett Kirk,8,2,14,0,0,0,4
2005,9,2005-05-22,S.C.G.,Western Bulldogs,Sydney,Sydney,Ben Mathews,9,3,3,0,0,0,1
2005,9,2005-05-22,S.C.G.,Western Bulldogs,Sydney,Sydney,Jarrad McVeigh,10,4,6,0,1,0,2
2005,9,2005-05-22,S.C.G.,Western Bulldogs,Sydney,Sydney,Jarred Moore,4,2,4,0,0,0,1
2005,9,2005-05-22,S.C.G.,Western Bulldogs,Sydney,Sydney,Matthew Nicks,5,2,5,0,0,2,2
2005,9,2005-05-22,S.C.G.,Western Bulldogs,Sydney,Sydney,Ryan OKeefe,7,2,7,1,1,0,3
2005,9,2005-05-22,S.C.G.,Western Bulldogs,Sydney,Sydney,Michael OLoughlin,14,8,3,5,3,0,2
2005,9,2005-05-22,S.C.G.,Western Bulldogs,Sydney,Sydney,Lewis Roberts-Thomson,5,3,7,0,0,0,0
2005,9,2005-05-22,S.C.G.,Western Bulldogs,Sydney,Sydney,Jason Saddington,3,3,9,0,0,0,1
2005,9,2005-05-22,S.C.G.,Western Bulldogs,Sydney,Sydney,Luke Vogels,7,4,1,3,0,0,0
2005,9,2005-05-22,Kardinia Park,Geelong,Kangaroos,Geelong,Gary Ablett,14,3,11,2,0,0,2
2005,9,2005-05-22,Kardinia Park,Geelong,Kangaroos,Geelong,Jimmy Bartel,15,6,12,3,0,0,2
2005,9,2005-05-22,Kardinia Park,Geelong,Kangaroos,Geelong,Shannon Byrnes,8,2,5,0,1,0,1
2005,9,2005-05-22,Kardinia Park,Geelong,Kangaroos,Geelong,Paul Chapman,12,5,7,1,3,0,2
2005,9,2005-05-22,Kardinia Park,Geelong,Kangaroos,Geelong,Corey Enright,18,12,12,2,2,1,0
2005,9,2005-05-22,Kardinia Park,Geelong,Kangaroos,Geelong,Josh Hunt,8,1,4,0,0,0,2
2005,9,2005-05-22,Kardinia Park,Geelong,Kangaroos,Geelong,David Johnson,13,4,8,1,1,0,4
2005,9,2005-05-22,Kardinia Park,Geelong,Kangaroos,Geelong,Steve Johnson,11,4,4,1,2,0,2
2005,9,2005-05-22,Kardinia Park,Geelong,Kangaroos,Geelong,James Kelly,17,4,7,0,1,1,9
2005,9,2005-05-22,Kardinia Park,Geelong,Kangaroos,Geelong,Steven King,10,5,8,0,0,19,0
2005,9,2005-05-22,Kardinia Park,Geelong,Kangaroos,Geelong,Kent Kingsley,7,4,8,3,1,0,1
2005,9,2005-05-22,Kardinia Park,Geelong,Kangaroos,Geelong,Cameron Ling,12,4,12,0,0,0,1
2005,9,2005-05-22,Kardinia Park,Geelong,Kangaroos,Geelong,Tom Lonergan,5,6,4,2,1,0,0
2005,9,2005-05-22,Kardinia Park,Geelong,Kangaroos,Geelong,Darren Milburn,6,5,9,0,0,2,2
2005,9,2005-05-22,Kardinia Park,Geelong,Kangaroos,Geelong,Cameron Mooney,6,4,8,0,0,0,2
2005,9,2005-05-22,Kardinia Park,Geelong,Kangaroos,Geelong,Brad Ottens,4,4,10,1,0,19,2
2005,9,2005-05-22,Kardinia Park,Geelong,Kangaroos,Geelong,Henry Playfair,8,8,4,3,1,0,3
2005,9,2005-05-22,Kardinia Park,Geelong,Kangaroos,Geelong,Peter Riccardi,6,0,8,1,0,0,3
2005,9,2005-05-22,Kardinia Park,Geelong,Kangaroos,Geelong,Max Rooke,8,2,11,0,0,0,4
2005,9,2005-05-22,Kardinia Park,Geelong,Kangaroos,Geelong,Matthew Scarlett,12,4,7,0,0,0,1
2005,9,2005-05-22,Kardinia Park,Geelong,Kangaroos,Geelong,Kane Tenace,11,3,4,1,0,0,0
2005,9,2005-05-22,Kardinia Park,Geelong,Kangaroos,Geelong,Cameron Thurley,4,2,6,1,0,0,3
2005,9,2005-05-22,Kardinia Park,Geelong,Kangaroos,Kangaroos,Glenn Archer,10,5,4,0,1,0,4
2005,9,2005-05-22,Kardinia Park,Geelong,Kangaroos,Kangaroos,Leigh Brown,4,2,2,0,0,2,1
2005,9,2005-05-22,Kardinia Park,Geelong,Kangaroos,Kangaroos,Leigh Colbert,6,2,4,0,0,0,2
2005,9,2005-05-22,Kardinia Park,Geelong,Kangaroos,Kangaroos,Michael Firrito,6,2,5,1,0,2,3
2005,9,2005-05-22,Kardinia Park,Geelong,Kangaroos,Kangaroos,Shannon Grant,25,9,11,1,3,0,0
2005,9,2005-05-22,Kardinia Park,Geelong,Kangaroos,Kangaroos,David Hale,7,4,5,0,0,10,0
2005,9,2005-05-22,Kardinia Park,Geelong,Kangaroos,Kangaroos,Daniel Harris,5,0,10,0,0,0,5
2005,9,2005-05-22,Kardinia Park,Geelong,Kangaroos,Kangaroos,Brent Harvey,8,4,11,0,2,0,2
2005,9,2005-05-22,Kardinia Park,Geelong,Kangaroos,Kangaroos,Corey Jones,4,1,4,0,2,0,4
2005,9,2005-05-22,Kardinia Park,Geelong,Kangaroos,Kangaroos,Brent LeCras,7,2,2,0,1,0,2
2005,9,2005-05-22,Kardinia Park,Geelong,Kangaroos,Kangaroos,Troy Makepeace,4,0,4,0,0,0,1
2005,9,2005-05-22,Kardinia Park,Geelong,Kangaroos,Kangaroos,Justin Perkins,6,1,3,0,0,0,0
2005,9,2005-05-22,Kardinia Park,Geelong,Kangaroos,Kangaroos,Drew Petrie,9,6,3,2,1,15,1
2005,9,2005-05-22,Kardinia Park,Geelong,Kangaroos,Kangaroos,Brady Rawlings,8,2,11,0,0,0,5
2005,9,2005-05-22,Kardinia Park,Geelong,Kangaroos,Kangaroos,Saverio Rocca,2,1,1,1,0,2,0
2005,9,2005-05-22,Kardinia Park,Geelong,Kangaroos,Kangaroos,Adam Simpson,10,2,7,1,0,1,4
2005,9,2005-05-22,Kardinia Park,Geelong,Kangaroos,Kangaroos,Jess Sinclair,6,0,1,0,0,0,2
2005,9,2005-05-22,Kardinia Park,Geelong,Kangaroos,Kangaroos,Jesse Smith,6,3,5,0,0,0,1
2005,9,2005-05-22,Kardinia Park,Geelong,Kangaroos,Kangaroos,Michael Stevens,10,5,5,0,0,0,1
2005,9,2005-05-22,Kardinia Park,Geelong,Kangaroos,Kangaroos,Nathan Thompson,7,5,3,2,1,1,1
2005,9,2005-05-22,Kardinia Park,Geelong,Kangaroos,Kangaroos,Shannon Watt,3,1,4,0,0,0,0
2005,9,2005-05-22,Kardinia Park,Geelong,Kangaroos,Kangaroos,Daniel Wells,9,0,6,0,0,1,0
2005,9,2005-05-22,Subiaco,Fremantle,Hawthorn,Fremantle,Peter Bell,9,4,7,0,1,0,8
2005,9,2005-05-22,Subiaco,Fremantle,Hawthorn,Fremantle,Heath Black,16,3,3,0,0,0,2
2005,9,2005-05-22,Subiaco,Fremantle,Hawthorn,Fremantle,Josh Carr,10,4,5,0,0,0,5
2005,9,2005-05-22,Subiaco,Fremantle,Hawthorn,Fremantle,Matthew Carr,9,5,5,0,0,0,3
2005,9,2005-05-22,Subiaco,Fremantle,Hawthorn,Fremantle,Troy Cook,2,1,9,0,0,0,4
2005,9,2005-05-22,Subiaco,Fremantle,Hawthorn,Fremantle,Jeff Farmer,12,4,5,3,1,0,0
2005,9,2005-05-22,Subiaco,Fremantle,Hawthorn,Fremantle,Antoni Grover,1,0,5,1,0,0,2
2005,9,2005-05-22,Subiaco,Fremantle,Hawthorn,Fremantle,Paul Hasleby,10,1,6,1,0,0,2
2005,9,2005-05-22,Subiaco,Fremantle,Hawthorn,Fremantle,Des Headland,6,3,7,0,2,0,5
2005,9,2005-05-22,Subiaco,Fremantle,Hawthorn,Fremantle,Justin Longmuir,6,5,5,2,0,10,1
2005,9,2005-05-22,Subiaco,Fremantle,Hawthorn,Fremantle,Luke McPharlin,3,2,4,1,0,0,1
2005,9,2005-05-22,Subiaco,Fremantle,Hawthorn,Fremantle,Paul Medhurst,10,3,1,0,2,0,1
2005,9,2005-05-22,Subiaco,Fremantle,Hawthorn,Fremantle,David Mundy,6,2,1,0,0,0,0
2005,9,2005-05-22,Subiaco,Fremantle,Hawthorn,Fremantle,Shane Parker,0,0,2,0,0,0,2
2005,9,2005-05-22,Subiaco,Fremantle,Hawthorn,Fremantle,Matthew Pavlich,14,9,3,1,2,0,1
2005,9,2005-05-22,Subiaco,Fremantle,Hawthorn,Fremantle,Graham Polak,0,0,3,0,0,1,1
2005,9,2005-05-22,Subiaco,Fremantle,Hawthorn,Fremantle,Aaron Sandilands,2,3,6,0,0,29,2
2005,9,2005-05-22,Subiaco,Fremantle,Hawthorn,Fremantle,Byron Schammer,3,1,3,1,0,0,0
2005,9,2005-05-22,Subiaco,Fremantle,Hawthorn,Fremantle,Jarrad Schofield,6,0,2,0,0,0,2
2005,9,2005-05-22,Subiaco,Fremantle,Hawthorn,Fremantle,Andrew Siegert,7,3,2,0,0,0,0
2005,9,2005-05-22,Subiaco,Fremantle,Hawthorn,Fremantle,Scott Thornton,4,2,2,0,0,0,3
2005,9,2005-05-22,Subiaco,Fremantle,Hawthorn,Fremantle,Luke Webster,5,0,5,0,1,0,2
2005,9,2005-05-22,Subiaco,Fremantle,Hawthorn,Hawthorn,Chance Bateman,16,3,5,2,0,0,2
2005,9,2005-05-22,Subiaco,Fremantle,Hawthorn,Hawthorn,Luke Brennan,11,6,8,2,2,0,2
2005,9,2005-05-22,Subiaco,Fremantle,Hawthorn,Hawthorn,Campbell Brown,6,1,4,0,1,0,2
2005,9,2005-05-22,Subiaco,Fremantle,Hawthorn,Hawthorn,Tim Clarke,14,5,7,1,0,0,4
2005,9,2005-05-22,Subiaco,Fremantle,Hawthorn,Hawthorn,Shane Crawford,18,6,12,2,0,0,7
2005,9,2005-05-22,Subiaco,Fremantle,Hawthorn,Hawthorn,Trent Croad,2,1,4,0,0,0,1
2005,9,2005-05-22,Subiaco,Fremantle,Hawthorn,Hawthorn,Ben Dixon,13,7,3,3,2,0,2
2005,9,2005-05-22,Subiaco,Fremantle,Hawthorn,Hawthorn,Peter Everitt,16,7,6,0,3,22,1
2005,9,2005-05-22,Subiaco,Fremantle,Hawthorn,Hawthorn,Lance Franklin,8,3,3,0,1,0,3
2005,9,2005-05-22,Subiaco,Fremantle,Hawthorn,Hawthorn,Steven Greene,13,8,8,0,0,0,3
2005,9,2005-05-22,Subiaco,Fremantle,Hawthorn,Hawthorn,Jonathan Hay,2,1,4,0,0,0,2
2005,9,2005-05-22,Subiaco,Fremantle,Hawthorn,Hawthorn,Luke Hodge,19,9,11,0,1,1,3
2005,9,2005-05-22,Subiaco,Fremantle,Hawthorn,Hawthorn,Danny Jacobs,12,8,4,0,0,0,0
2005,9,2005-05-22,Subiaco,Fremantle,Hawthorn,Hawthorn,Rick Ladson,11,8,8,2,0,0,0
2005,9,2005-05-22,Subiaco,Fremantle,Hawthorn,Hawthorn,Jordan Lewis,6,6,8,1,0,0,1
2005,9,2005-05-22,Subiaco,Fremantle,Hawthorn,Hawthorn,Sam Mitchell,7,6,22,0,0,0,3
2005,9,2005-05-22,Subiaco,Fremantle,Hawthorn,Hawthorn,Michael Osborne,11,2,3,0,0,0,1
2005,9,2005-05-22,Subiaco,Fremantle,Hawthorn,Hawthorn,Jarryd Roughead,3,1,0,0,1,0,0
2005,9,2005-05-22,Subiaco,Fremantle,Hawthorn,Hawthorn,Joel Smith,12,6,8,0,1,0,1
2005,9,2005-05-22,Subiaco,Fremantle,Hawthorn,Hawthorn,Simon Taylor,3,3,5,0,0,5,3
2005,9,2005-05-22,Subiaco,Fremantle,Hawthorn,Hawthorn,Richard Vandenberg,5,2,7,0,0,0,3
2005,9,2005-05-22,Subiaco,Fremantle,Hawthorn,Hawthorn,Mark Williams,7,7,2,5,2,0,2
2005,10,2005-05-27,Docklands,Melbourne,Richmond,Melbourne,Daniel Bell,1,0,2,0,0,0,2
2005,10,2005-05-27,Docklands,Melbourne,Richmond,Melbourne,Clint Bizzell,13,9,8,0,0,0,2
2005,10,2005-05-27,Docklands,Melbourne,Richmond,Melbourne,Nathan Brown,20,7,5,0,0,0,1
2005,10,2005-05-27,Docklands,Melbourne,Richmond,Melbourne,Cameron Bruce,9,7,3,2,1,1,1
2005,10,2005-05-27,Docklands,Melbourne,Richmond,Melbourne,Aaron Davey,11,4,3,1,1,0,2
2005,10,2005-05-27,Docklands,Melbourne,Richmond,Melbourne,Ryan Ferguson,8,7,6,0,0,0,0
2005,10,2005-05-27,Docklands,Melbourne,Richmond,Melbourne,Simon Godfrey,2,3,3,0,0,0,0
2005,10,2005-05-27,Docklands,Melbourne,Richmond,Melbourne,Brad Green,9,6,10,3,2,0,2
2005,10,2005-05-27,Docklands,Melbourne,Richmond,Melbourne,Ben Holland,8,6,5,3,0,0,0
2005,10,2005-05-27,Docklands,Melbourne,Richmond,Melbourne,Mark Jamar,0,0,0,0,0,4,2
2005,10,2005-05-27,Docklands,Melbourne,Richmond,Melbourne,Travis Johnstone,21,4,1,3,1,0,5
2005,10,2005-05-27,Docklands,Melbourne,Richmond,Melbourne,James McDonald,2,2,5,0,0,1,0
2005,10,2005-05-27,Docklands,Melbourne,Richmond,Melbourne,Brock McLean,18,9,6,0,0,0,2
2005,10,2005-05-27,Docklands,Melbourne,Richmond,Melbourne,Brad Miller,5,8,5,0,1,0,1
2005,10,2005-05-27,Docklands,Melbourne,Richmond,Melbourne,Brent Moloney,11,4,5,0,0,0,2
2005,10,2005-05-27,Docklands,Melbourne,Richmond,Melbourne,Alistair Nicholson,4,1,3,0,0,0,2
2005,10,2005-05-27,Docklands,Melbourne,Richmond,Melbourne,Russell Robertson,8,7,4,1,1,0,0
2005,10,2005-05-27,Docklands,Melbourne,Richmond,Melbourne,Colin Sylvia,15,10,4,2,0,0,1
2005,10,2005-05-27,Docklands,Melbourne,Richmond,Melbourne,Paul Wheatley,11,8,7,0,0,0,1
2005,10,2005-05-27,Docklands,Melbourne,Richmond,Melbourne,Matthew Whelan,7,3,3,0,0,0,7
2005,10,2005-05-27,Docklands,Melbourne,Richmond,Melbourne,Jeff White,4,3,5,0,0,12,1
2005,10,2005-05-27,Docklands,Melbourne,Richmond,Melbourne,Adem Yze,14,4,2,5,2,0,2
2005,10,2005-05-27,Docklands,Melbourne,Richmond,Richmond,Joel Bowden,12,3,6,1,0,0,0
2005,10,2005-05-27,Docklands,Melbourne,Richmond,Richmond,Nathan Brown,13,5,5,2,0,0,1
2005,10,2005-05-27,Docklands,Melbourne,Richmond,Richmond,Wayne Campbell,6,5,8,1,0,0,3
2005,10,2005-05-27,Docklands,Melbourne,Richmond,Richmond,Mark Chaffey,7,4,5,1,0,0,1
2005,10,2005-05-27,Docklands,Melbourne,Richmond,Richmond,Mark Coughlan,15,8,9,0,0,0,5
2005,10,2005-05-27,Docklands,Melbourne,Richmond,Richmond,Brett Deledio,5,5,10,1,0,0,2
2005,10,2005-05-27,Docklands,Melbourne,Richmond,Richmond,Nathan Foley,2,1,6,0,0,0,3
2005,10,2005-05-27,Docklands,Melbourne,Richmond,Richmond,Darren Gaspar,3,3,6,0,0,0,1
2005,10,2005-05-27,Docklands,Melbourne,Richmond,Richmond,Mark Graham,8,2,4,0,0,0,0
2005,10,2005-05-27,Docklands,Melbourne,Richmond,Richmond,Chris Hyde,5,1,3,0,0,0,1
2005,10,2005-05-27,Docklands,Melbourne,Richmond,Richmond,Kane Johnson,12,5,16,0,0,0,3
2005,10,2005-05-27,Docklands,Melbourne,Richmond,Richmond,Andrew Kellaway,6,3,5,0,0,0,4
2005,10,2005-05-27,Docklands,Melbourne,Richmond,Richmond,Trent Knobel,3,3,4,0,1,16,2
2005,10,2005-05-27,Docklands,Melbourne,Richmond,Richmond,Andrew Krakouer,7,1,4,2,0,0,5
2005,10,2005-05-27,Docklands,Melbourne,Richmond,Richmond,Danny Meyer,1,0,3,0,0,0,3
2005,10,2005-05-27,Docklands,Melbourne,Richmond,Richmond,Chris Newman,9,5,3,0,0,0,3
2005,10,2005-05-27,Docklands,Melbourne,Richmond,Richmond,Kayne Pettifer,8,5,4,0,2,0,0
2005,10,2005-05-27,Docklands,Melbourne,Richmond,Richmond,Matthew Richardson,9,4,4,1,1,0,0
2005,10,2005-05-27,Docklands,Melbourne,Richmond,Richmond,Jay Schulz,3,1,1,0,0,0,3
2005,10,2005-05-27,Docklands,Melbourne,Richmond,Richmond,Troy Simmonds,8,4,2,1,1,19,2
2005,10,2005-05-27,Docklands,Melbourne,Richmond,Richmond,Greg Tivendale,11,6,5,1,1,0,1
2005,10,2005-05-27,Docklands,Melbourne,Richmond,Richmond,Shane Tuck,16,4,7,0,1,3,3
2005,10,2005-05-28,M.C.G.,Hawthorn,Collingwood,Hawthorn,Chance Bateman,15,5,7,0,0,0,1
2005,10,2005-05-28,M.C.G.,Hawthorn,Collingwood,Hawthorn,Luke Brennan,7,6,4,0,0,0,3
2005,10,2005-05-28,M.C.G.,Hawthorn,Collingwood,Hawthorn,Campbell Brown,4,2,6,0,0,0,2
2005,10,2005-05-28,M.C.G.,Hawthorn,Collingwood,Hawthorn,Tim Clarke,11,5,4,0,0,0,3
2005,10,2005-05-28,M.C.G.,Hawthorn,Collingwood,Hawthorn,Shane Crawford,21,8,10,0,1,0,5
2005,10,2005-05-28,M.C.G.,Hawthorn,Collingwood,Hawthorn,Trent Croad,10,5,11,0,0,0,0
2005,10,2005-05-28,M.C.G.,Hawthorn,Collingwood,Hawthorn,Ben Dixon,4,4,8,2,0,0,0
2005,10,2005-05-28,M.C.G.,Hawthorn,Collingwood,Hawthorn,Peter Everitt,11,6,10,0,1,36,0
2005,10,2005-05-28,M.C.G.,Hawthorn,Collingwood,Hawthorn,Lance Franklin,4,5,9,2,0,0,5
2005,10,2005-05-28,M.C.G.,Hawthorn,Collingwood,Hawthorn,Jonathan Hay,1,2,4,0,0,0,0
2005,10,2005-05-28,M.C.G.,Hawthorn,Collingwood,Hawthorn,Luke Hodge,21,11,11,1,3,1,1
2005,10,2005-05-28,M.C.G.,Hawthorn,Collingwood,Hawthorn,Danny Jacobs,3,3,6,0,0,0,0
2005,10,2005-05-28,M.C.G.,Hawthorn,Collingwood,Hawthorn,Rick Ladson,12,4,3,0,0,0,1
2005,10,2005-05-28,M.C.G.,Hawthorn,Collingwood,Hawthorn,Jordan Lewis,10,4,9,0,1,0,0
2005,10,2005-05-28,M.C.G.,Hawthorn,Collingwood,Hawthorn,Sam Mitchell,16,5,23,1,0,0,3
2005,10,2005-05-28,M.C.G.,Hawthorn,Collingwood,Hawthorn,Michael Osborne,7,6,6,0,0,0,2
2005,10,2005-05-28,M.C.G.,Hawthorn,Collingwood,Hawthorn,Nick Ries,8,2,5,1,0,1,3
2005,10,2005-05-28,M.C.G.,Hawthorn,Collingwood,Hawthorn,Jarryd Roughead,3,1,5,0,0,0,1
2005,10,2005-05-28,M.C.G.,Hawthorn,Collingwood,Hawthorn,Joel Smith,10,5,5,0,0,0,0
2005,10,2005-05-28,M.C.G.,Hawthorn,Collingwood,Hawthorn,Simon Taylor,0,1,1,0,0,5,0
2005,10,2005-05-28,M.C.G.,Hawthorn,Collingwood,Hawthorn,Richard Vandenberg,6,1,9,0,0,0,0
2005,10,2005-05-28,M.C.G.,Hawthorn,Collingwood,Hawthorn,Mark Williams,7,4,1,5,1,0,1
2005,10,2005-05-28,M.C.G.,Hawthorn,Collingwood,Collingwood,Scott Burns,3,3,4,0,0,0,0
2005,10,2005-05-28,M.C.G.,Hawthorn,Collingwood,Collingwood,Blake Caracella,9,5,5,5,0,1,4
2005,10,2005-05-28,M.C.G.,Hawthorn,Collingwood,Collingwood,James Clement,19,8,4,0,0,0,4
2005,10,2005-05-28,M.C.G.,Hawthorn,Collingwood,Collingwood,Travis Cloke,9,6,6,1,2,2,4
2005,10,2005-05-28,M.C.G.,Hawthorn,Collingwood,Collingwood,Alan Didak,12,6,2,4,0,1,1
2005,10,2005-05-28,M.C.G.,Hawthorn,Collingwood,Collingwood,Chris Egan,10,4,5,0,0,0,0
2005,10,2005-05-28,M.C.G.,Hawthorn,Collingwood,Collingwood,David Fanning,3,1,1,0,0,5,1
2005,10,2005-05-28,M.C.G.,Hawthorn,Collingwood,Collingwood,Josh Fraser,9,3,5,2,0,16,2
2005,10,2005-05-28,M.C.G.,Hawthorn,Collingwood,Collingwood,Brodie Holland,13,4,9,1,0,0,2
2005,10,2005-05-28,M.C.G.,Hawthorn,Collingwood,Collingwood,Ben Johnson,6,1,4,1,0,0,3
2005,10,2005-05-28,M.C.G.,Hawthorn,Collingwood,Collingwood,Paul Licuria,7,5,3,0,0,0,4
2005,10,2005-05-28,M.C.G.,Hawthorn,Collingwood,Collingwood,Tarkyn Lockyer,9,3,8,0,0,0,3
2005,10,2005-05-28,M.C.G.,Hawthorn,Collingwood,Collingwood,Nick Maxwell,8,5,3,0,0,1,0
2005,10,2005-05-28,M.C.G.,Hawthorn,Collingwood,Collingwood,Chad Morrison,5,1,2,0,0,0,3
2005,10,2005-05-28,M.C.G.,Hawthorn,Collingwood,Collingwood,Shane OBree,11,3,16,0,0,0,3
2005,10,2005-05-28,M.C.G.,Hawthorn,Collingwood,Collingwood,Simon Prestigiacomo,6,0,1,0,0,1,3
2005,10,2005-05-28,M.C.G.,Hawthorn,Collingwood,Collingwood,Julian Rowe,10,5,0,0,0,0,2
2005,10,2005-05-28,M.C.G.,Hawthorn,Collingwood,Collingwood,Sean Rusling,2,0,1,0,1,0,3
2005,10,2005-05-28,M.C.G.,Hawthorn,Collingwood,Collingwood,Rhyce Shaw,9,7,3,0,0,0,0
2005,10,2005-05-28,M.C.G.,Hawthorn,Collingwood,Collingwood,Dane Swan,13,6,10,0,0,0,0
2005,10,2005-05-28,M.C.G.,Hawthorn,Collingwood,Collingwood,Chris Tarrant,8,4,2,3,1,1,3
2005,10,2005-05-28,M.C.G.,Hawthorn,Collingwood,Collingwood,Shane Wakelin,12,6,3,0,0,1,4
2005,10,2005-05-28,Kardinia Park,Geelong,Fremantle,Geelong,Gary Ablett,12,0,7,1,1,0,4
2005,10,2005-05-28,Kardinia Park,Geelong,Fremantle,Geelong,Jimmy Bartel,10,5,6,0,0,0,4
2005,10,2005-05-28,Kardinia Park,Geelong,Fremantle,Geelong,Shannon Byrnes,7,2,3,0,0,0,2
2005,10,2005-05-28,Kardinia Park,Geelong,Fremantle,Geelong,Paul Chapman,13,5,4,2,2,0,6
2005,10,2005-05-28,Kardinia Park,Geelong,Fremantle,Geelong,Corey Enright,9,3,6,0,0,0,4
2005,10,2005-05-28,Kardinia Park,Geelong,Fremantle,Geelong,Charlie Gardiner,5,3,7,0,0,0,0
2005,10,2005-05-28,Kardinia Park,Geelong,Fremantle,Geelong,Josh Hunt,9,8,7,0,0,0,0
2005,10,2005-05-28,Kardinia Park,Geelong,Fremantle,Geelong,David Johnson,10,10,5,0,0,0,1
2005,10,2005-05-28,Kardinia Park,Geelong,Fremantle,Geelong,James Kelly,9,2,8,0,0,0,5
2005,10,2005-05-28,Kardinia Park,Geelong,Fremantle,Geelong,Steven King,7,6,5,0,0,15,4
2005,10,2005-05-28,Kardinia Park,Geelong,Fremantle,Geelong,Kent Kingsley,6,4,2,2,1,0,2
2005,10,2005-05-28,Kardinia Park,Geelong,Fremantle,Geelong,Cameron Ling,8,4,9,0,0,0,0
2005,10,2005-05-28,Kardinia Park,Geelong,Fremantle,Geelong,Tom Lonergan,2,3,3,1,1,0,0
2005,10,2005-05-28,Kardinia Park,Geelong,Fremantle,Geelong,Andrew Mackie,10,2,3,1,1,0,3
2005,10,2005-05-28,Kardinia Park,Geelong,Fremantle,Geelong,Darren Milburn,7,2,4,1,0,2,5
2005,10,2005-05-28,Kardinia Park,Geelong,Fremantle,Geelong,Brad Ottens,7,5,6,1,2,10,2
2005,10,2005-05-28,Kardinia Park,Geelong,Fremantle,Geelong,Henry Playfair,2,1,2,1,1,0,0
2005,10,2005-05-28,Kardinia Park,Geelong,Fremantle,Geelong,Peter Riccardi,10,2,2,0,1,0,3
2005,10,2005-05-28,Kardinia Park,Geelong,Fremantle,Geelong,Max Rooke,3,3,4,0,0,0,3
2005,10,2005-05-28,Kardinia Park,Geelong,Fremantle,Geelong,Matthew Scarlett,5,2,1,1,0,0,1
2005,10,2005-05-28,Kardinia Park,Geelong,Fremantle,Geelong,Kane Tenace,9,1,2,0,0,0,0
2005,10,2005-05-28,Kardinia Park,Geelong,Fremantle,Geelong,Cameron Thurley,2,2,3,0,0,0,1
2005,10,2005-05-28,Kardinia Park,Geelong,Fremantle,Fremantle,Peter Bell,18,9,11,0,0,0,0
2005,10,2005-05-28,Kardinia Park,Geelong,Fremantle,Fremantle,Heath Black,14,6,3,1,0,0,4
2005,10,2005-05-28,Kardinia Park,Geelong,Fremantle,Fremantle,Josh Carr,8,0,4,0,0,0,10
2005,10,2005-05-28,Kardinia Park,Geelong,Fremantle,Fremantle,Troy Cook,10,10,11,0,0,0,6
2005,10,2005-05-28,Kardinia Park,Geelong,Fremantle,Fremantle,Ryan Crowley,6,3,2,3,1,0,0
2005,10,2005-05-28,Kardinia Park,Geelong,Fremantle,Fremantle,Steven Dodd,12,9,3,0,0,2,2
2005,10,2005-05-28,Kardinia Park,Geelong,Fremantle,Fremantle,Ryley Dunn,0,0,0,0,0,0,0
2005,10,2005-05-28,Kardinia Park,Geelong,Fremantle,Fremantle,Jeff Farmer,15,8,2,4,1,0,6
2005,10,2005-05-28,Kardinia Park,Geelong,Fremantle,Fremantle,Antoni Grover,5,4,7,0,0,0,3
2005,10,2005-05-28,Kardinia Park,Geelong,Fremantle,Fremantle,Paul Hasleby,12,4,13,0,0,0,5
2005,10,2005-05-28,Kardinia Park,Geelong,Fremantle,Fremantle,Michael Johnson,8,6,4,0,0,1,3
2005,10,2005-05-28,Kardinia Park,Geelong,Fremantle,Fremantle,Justin Longmuir,15,7,3,1,0,12,0
2005,10,2005-05-28,Kardinia Park,Geelong,Fremantle,Fremantle,Shaun McManus,9,8,8,0,0,0,1
2005,10,2005-05-28,Kardinia Park,Geelong,Fremantle,Fremantle,Luke McPharlin,6,4,3,2,1,0,0
2005,10,2005-05-28,Kardinia Park,Geelong,Fremantle,Fremantle,Paul Medhurst,9,7,4,0,1,0,3
2005,10,2005-05-28,Kardinia Park,Geelong,Fremantle,Fremantle,David Mundy,7,2,6,0,0,0,1
2005,10,2005-05-28,Kardinia Park,Geelong,Fremantle,Fremantle,Shane Parker,4,0,3,0,0,0,1
2005,10,2005-05-28,Kardinia Park,Geelong,Fremantle,Fremantle,Matthew Pavlich,15,11,2,1,1,0,1
2005,10,2005-05-28,Kardinia Park,Geelong,Fremantle,Fremantle,Graham Polak,6,7,3,0,0,1,3
2005,10,2005-05-28,Kardinia Park,Geelong,Fremantle,Fremantle,Aaron Sandilands,8,7,3,2,0,12,0
2005,10,2005-05-28,Kardinia Park,Geelong,Fremantle,Fremantle,Jarrad Schofield,10,5,2,0,0,0,2
2005,10,2005-05-28,Kardinia Park,Geelong,Fremantle,Fremantle,Scott Thornton,10,8,6,0,0,0,3
2005,10,2005-05-28,Gabba,Brisbane Lions,Kangaroos,Brisbane Lions,Jed Adcock,9,8,8,0,0,0,1
2005,10,2005-05-28,Gabba,Brisbane Lions,Kangaroos,Brisbane Lions,Jason Akermanis,11,1,10,0,2,0,1
2005,10,2005-05-28,Gabba,Brisbane Lions,Kangaroos,Brisbane Lions,Simon Black,10,1,12,0,0,0,1
2005,10,2005-05-28,Gabba,Brisbane Lions,Kangaroos,Brisbane Lions,Daniel Bradshaw,12,9,1,3,2,0,0
2005,10,2005-05-28,Gabba,Brisbane Lions,Kangaroos,Brisbane Lions,Jonathan Brown,14,12,13,5,2,0,1
2005,10,2005-05-28,Gabba,Brisbane Lions,Kangaroos,Brisbane Lions,Robert Copeland,3,0,1,0,0,0,0
2005,10,2005-05-28,Gabba,Brisbane Lions,Kangaroos,Brisbane Lions,Anthony Corrie,2,0,3,0,0,0,1
2005,10,2005-05-28,Gabba,Brisbane Lions,Kangaroos,Brisbane Lions,Josh Drummond,16,8,3,1,1,0,2
2005,10,2005-05-28,Gabba,Brisbane Lions,Kangaroos,Brisbane Lions,Chris Johnson,10,1,4,1,1,0,2
2005,10,2005-05-28,Gabba,Brisbane Lions,Kangaroos,Brisbane Lions,Clark Keating,6,6,3,1,1,21,1
2005,10,2005-05-28,Gabba,Brisbane Lions,Kangaroos,Brisbane Lions,Justin Leppitsch,11,3,4,0,0,0,4
2005,10,2005-05-28,Gabba,Brisbane Lions,Kangaroos,Brisbane Lions,Joel Macdonald,5,2,5,0,0,0,0
2005,10,2005-05-28,Gabba,Brisbane Lions,Kangaroos,Brisbane Lions,Ashley McGrath,2,1,4,0,1,0,2
2005,10,2005-05-28,Gabba,Brisbane Lions,Kangaroos,Brisbane Lions,Daniel Merrett,4,4,6,1,1,14,3
2005,10,2005-05-28,Gabba,Brisbane Lions,Kangaroos,Brisbane Lions,Mal Michael,1,0,1,0,0,0,1
2005,10,2005-05-28,Gabba,Brisbane Lions,Kangaroos,Brisbane Lions,Matthew Moody,2,0,2,0,0,0,0
2005,10,2005-05-28,Gabba,Brisbane Lions,Kangaroos,Brisbane Lions,Tim Notting,8,5,12,0,1,0,2
2005,10,2005-05-28,Gabba,Brisbane Lions,Kangaroos,Brisbane Lions,Martin Pike,3,1,3,0,0,0,0
2005,10,2005-05-28,Gabba,Brisbane Lions,Kangaroos,Brisbane Lions,Brad Scott,7,3,4,1,0,0,0
2005,10,2005-05-28,Gabba,Brisbane Lions,Kangaroos,Brisbane Lions,Troy Selwood,7,7,6,0,0,0,1
2005,10,2005-05-28,Gabba,Brisbane Lions,Kangaroos,Brisbane Lions,Justin Sherman,5,1,5,0,0,0,1
2005,10,2005-05-28,Gabba,Brisbane Lions,Kangaroos,Brisbane Lions,Michael Voss,8,1,6,0,0,0,0
2005,10,2005-05-28,Gabba,Brisbane Lions,Kangaroos,Kangaroos,Leigh Brown,4,2,4,0,0,0,0
2005,10,2005-05-28,Gabba,Brisbane Lions,Kangaroos,Kangaroos,Leigh Colbert,9,8,9,0,0,2,1
2005,10,2005-05-28,Gabba,Brisbane Lions,Kangaroos,Kangaroos,Michael Firrito,5,2,5,0,0,0,3
2005,10,2005-05-28,Gabba,Brisbane Lions,Kangaroos,Kangaroos,Shannon Grant,13,6,6,3,1,0,2
2005,10,2005-05-28,Gabba,Brisbane Lions,Kangaroos,Kangaroos,David Hale,10,4,4,0,0,18,0
2005,10,2005-05-28,Gabba,Brisbane Lions,Kangaroos,Kangaroos,Leigh Harding,5,1,4,0,1,0,3
2005,10,2005-05-28,Gabba,Brisbane Lions,Kangaroos,Kangaroos,Daniel Harris,2,1,4,0,0,0,1
2005,10,2005-05-28,Gabba,Brisbane Lions,Kangaroos,Kangaroos,Brent Harvey,13,5,11,2,0,0,0
2005,10,2005-05-28,Gabba,Brisbane Lions,Kangaroos,Kangaroos,Corey Jones,8,4,5,4,0,0,0
2005,10,2005-05-28,Gabba,Brisbane Lions,Kangaroos,Kangaroos,Brent LeCras,5,1,4,0,1,0,1
2005,10,2005-05-28,Gabba,Brisbane Lions,Kangaroos,Kangaroos,Troy Makepeace,19,10,9,1,0,0,0
2005,10,2005-05-28,Gabba,Brisbane Lions,Kangaroos,Kangaroos,Justin Perkins,7,6,3,0,0,0,2
2005,10,2005-05-28,Gabba,Brisbane Lions,Kangaroos,Kangaroos,Drew Petrie,8,4,2,0,0,11,1
2005,10,2005-05-28,Gabba,Brisbane Lions,Kangaroos,Kangaroos,Lance Picioane,11,4,4,0,0,0,1
2005,10,2005-05-28,Gabba,Brisbane Lions,Kangaroos,Kangaroos,Brady Rawlings,11,11,8,1,0,0,2
2005,10,2005-05-28,Gabba,Brisbane Lions,Kangaroos,Kangaroos,Adam Simpson,10,6,8,0,0,1,2
2005,10,2005-05-28,Gabba,Brisbane Lions,Kangaroos,Kangaroos,Jess Sinclair,19,8,6,0,0,0,2
2005,10,2005-05-28,Gabba,Brisbane Lions,Kangaroos,Kangaroos,Jesse Smith,5,1,3,0,0,0,1
2005,10,2005-05-28,Gabba,Brisbane Lions,Kangaroos,Kangaroos,Michael Stevens,15,7,4,0,0,0,0
2005,10,2005-05-28,Gabba,Brisbane Lions,Kangaroos,Kangaroos,Nathan Thompson,10,8,1,5,3,0,0
2005,10,2005-05-28,Gabba,Brisbane Lions,Kangaroos,Kangaroos,Shannon Watt,6,4,5,0,0,0,0
2005,10,2005-05-28,Gabba,Brisbane Lions,Kangaroos,Kangaroos,Daniel Wells,22,7,10,1,1,1,1
2005,10,2005-05-28,Docklands,St Kilda,Sydney,St Kilda,Cain Ackland,6,5,2,0,0,12,0
2005,10,2005-05-28,Docklands,St Kilda,Sydney,St Kilda,Steven Baker,9,5,5,0,0,0,1
2005,10,2005-05-28,Docklands,St Kilda,Sydney,St Kilda,Luke Ball,4,2,8,0,0,0,6
2005,10,2005-05-28,Docklands,St Kilda,Sydney,St Kilda,Jason Blake,5,1,11,0,0,15,2
2005,10,2005-05-28,Docklands,St Kilda,Sydney,St Kilda,Raphael Clarke,4,1,4,0,1,0,3
2005,10,2005-05-28,Docklands,St Kilda,Sydney,St Kilda,Xavier Clarke,8,2,8,0,1,0,1
2005,10,2005-05-28,Docklands,St Kilda,Sydney,St Kilda,Nick Dal Santo,10,3,7,0,0,2,3
2005,10,2005-05-28,Docklands,St Kilda,Sydney,St Kilda,Sam Fisher,9,4,2,1,0,0,1
2005,10,2005-05-28,Docklands,St Kilda,Sydney,St Kilda,Fraser Gehrig,10,7,2,7,2,0,1
2005,10,2005-05-28,Docklands,St Kilda,Sydney,St Kilda,Brendon Goddard,7,5,7,1,0,0,4
2005,10,2005-05-28,Docklands,St Kilda,Sydney,St Kilda,Jason Gram,5,2,0,0,1,0,3
2005,10,2005-05-28,Docklands,St Kilda,Sydney,St Kilda,Lenny Hayes,11,6,11,0,0,0,7
2005,10,2005-05-28,Docklands,St Kilda,Sydney,St Kilda,Max Hudghton,7,3,1,0,0,0,1
2005,10,2005-05-28,Docklands,St Kilda,Sydney,St Kilda,Austinn Jones,7,1,1,0,0,0,1
2005,10,2005-05-28,Docklands,St Kilda,Sydney,St Kilda,Matt Maguire,7,6,3,0,0,0,0
2005,10,2005-05-28,Docklands,St Kilda,Sydney,St Kilda,Mark McGough,8,3,4,0,1,0,2
2005,10,2005-05-28,Docklands,St Kilda,Sydney,St Kilda,Stephen Milne,14,4,2,3,0,3,2
2005,10,2005-05-28,Docklands,St Kilda,Sydney,St Kilda,Justin Peckett,4,0,5,0,0,0,3
2005,10,2005-05-28,Docklands,St Kilda,Sydney,St Kilda,Stephen Powell,7,0,4,0,0,0,1
2005,10,2005-05-28,Docklands,St Kilda,Sydney,St Kilda,Nick Riewoldt,13,7,3,3,4,0,2
2005,10,2005-05-28,Docklands,St Kilda,Sydney,St Kilda,Andrew Thompson,6,1,5,0,0,0,2
2005,10,2005-05-28,Docklands,St Kilda,Sydney,St Kilda,Brett Voss,5,3,1,0,0,0,2
2005,10,2005-05-28,Docklands,St Kilda,Sydney,Sydney,Luke Ablett,9,2,3,0,0,0,4
2005,10,2005-05-28,Docklands,St Kilda,Sydney,Sydney,Jason Ball,5,2,3,0,1,10,2
2005,10,2005-05-28,Docklands,St Kilda,Sydney,Sydney,Leo Barry,11,7,4,0,0,1,0
2005,10,2005-05-28,Docklands,St Kilda,Sydney,Sydney,Paul Bevan,4,3,3,0,0,0,2
2005,10,2005-05-28,Docklands,St Kilda,Sydney,Sydney,Craig Bolton,5,3,5,0,0,1,3
2005,10,2005-05-28,Docklands,St Kilda,Sydney,Sydney,Jude Bolton,12,2,7,0,0,1,5
2005,10,2005-05-28,Docklands,St Kilda,Sydney,Sydney,Amon Buchanan,9,4,7,0,1,0,2
2005,10,2005-05-28,Docklands,St Kilda,Sydney,Sydney,Jared Crouch,9,3,6,1,0,0,1
2005,10,2005-05-28,Docklands,St Kilda,Sydney,Sydney,Adam Goodes,14,5,8,0,2,6,3
2005,10,2005-05-28,Docklands,St Kilda,Sydney,Sydney,Barry Hall,9,9,5,3,0,0,0
2005,10,2005-05-28,Docklands,St Kilda,Sydney,Sydney,Darren Jolly,3,3,4,0,0,14,4
2005,10,2005-05-28,Docklands,St Kilda,Sydney,Sydney,Tadhg Kennelly,10,3,3,0,0,1,2
2005,10,2005-05-28,Docklands,St Kilda,Sydney,Sydney,Brett Kirk,6,4,12,0,0,0,3
2005,10,2005-05-28,Docklands,St Kilda,Sydney,Sydney,Ben Mathews,4,2,4,0,1,0,4
2005,10,2005-05-28,Docklands,St Kilda,Sydney,Sydney,Jarrad McVeigh,6,3,6,0,0,1,1
2005,10,2005-05-28,Docklands,St Kilda,Sydney,Sydney,Matthew Nicks,8,4,1,1,0,1,2
2005,10,2005-05-28,Docklands,St Kilda,Sydney,Sydney,Ryan OKeefe,7,4,7,1,1,0,3
2005,10,2005-05-28,Docklands,St Kilda,Sydney,Sydney,Michael OLoughlin,7,4,4,2,1,0,0
2005,10,2005-05-28,Docklands,St Kilda,Sydney,Sydney,Lewis Roberts-Thomson,5,3,3,0,0,0,0
2005,10,2005-05-28,Docklands,St Kilda,Sydney,Sydney,Jason Saddington,2,3,3,0,0,0,2
2005,10,2005-05-28,Docklands,St Kilda,Sydney,Sydney,Adam Schneider,7,0,2,0,1,0,1
2005,10,2005-05-28,Docklands,St Kilda,Sydney,Sydney,Luke Vogels,1,0,2,0,0,0,1
2005,10,2005-05-29,Football Park,Adelaide,Carlton,Adelaide,Nathan Bassett,11,5,3,0,1,0,3
2005,10,2005-05-29,Football Park,Adelaide,Carlton,Adelaide,Rhett Biglands,2,2,4,0,0,14,1
2005,10,2005-05-29,Football Park,Adelaide,Carlton,Adelaide,Nathan Bock,9,2,7,2,0,1,0
2005,10,2005-05-29,Football Park,Adelaide,Carlton,Adelaide,Brett Burton,11,0,6,0,0,0,4
2005,10,2005-05-29,Football Park,Adelaide,Carlton,Adelaide,Michael Doughty,4,9,12,0,1,0,3
2005,10,2005-05-29,Football Park,Adelaide,Carlton,Adelaide,Tyson Edwards,9,3,6,1,0,0,0
2005,10,2005-05-29,Football Park,Adelaide,Carlton,Adelaide,Simon Goodwin,17,5,10,0,0,0,3
2005,10,2005-05-29,Football Park,Adelaide,Carlton,Adelaide,Ben Hart,7,3,7,1,0,0,0
2005,10,2005-05-29,Football Park,Adelaide,Carlton,Adelaide,Ben Hudson,3,4,8,0,0,22,2
2005,10,2005-05-29,Football Park,Adelaide,Carlton,Adelaide,Luke Jericho,4,2,0,0,0,0,0
2005,10,2005-05-29,Football Park,Adelaide,Carlton,Adelaide,Martin Mattner,8,1,7,0,1,0,4
2005,10,2005-05-29,Football Park,Adelaide,Carlton,Adelaide,Ken McGregor,8,3,4,1,2,0,2
2005,10,2005-05-29,Football Park,Adelaide,Carlton,Adelaide,Andrew McLeod,5,2,9,0,0,0,1
2005,10,2005-05-29,Football Park,Adelaide,Carlton,Adelaide,Ian Perrie,8,4,4,0,1,1,1
2005,10,2005-05-29,Football Park,Adelaide,Carlton,Adelaide,Brent Reilly,5,1,2,1,0,0,0
2005,10,2005-05-29,Football Park,Adelaide,Carlton,Adelaide,Mark Ricciuto,14,3,5,0,2,0,0
2005,10,2005-05-29,Football Park,Adelaide,Carlton,Adelaide,Ben Rutten,5,4,4,0,0,0,0
2005,10,2005-05-29,Football Park,Adelaide,Carlton,Adelaide,Robert Shirley,6,3,15,1,0,0,3
2005,10,2005-05-29,Football Park,Adelaide,Carlton,Adelaide,Hayden Skipworth,9,7,8,0,0,0,3
2005,10,2005-05-29,Football Park,Adelaide,Carlton,Adelaide,Scott Thompson,9,4,8,0,2,0,4
2005,10,2005-05-29,Football Park,Adelaide,Carlton,Adelaide,Jason Torney,12,8,6,0,1,0,1
2005,10,2005-05-29,Football Park,Adelaide,Carlton,Adelaide,Scott Welsh,6,4,3,2,1,0,1
2005,10,2005-05-29,Football Park,Adelaide,Carlton,Carlton,Adam Bentick,4,0,6,0,0,0,3
2005,10,2005-05-29,Football Park,Adelaide,Carlton,Carlton,Eddie Betts,8,2,2,0,0,0,2
2005,10,2005-05-29,Football Park,Adelaide,Carlton,Carlton,Scott Camporeale,20,8,7,0,0,0,6
2005,10,2005-05-29,Football Park,Adelaide,Carlton,Carlton,Andrew Carrazzo,12,6,6,0,0,0,2
2005,10,2005-05-29,Football Park,Adelaide,Carlton,Carlton,David Clarke,4,3,4,0,0,0,1
2005,10,2005-05-29,Football Park,Adelaide,Carlton,Carlton,Adrian De Luca,3,2,2,0,0,4,2
2005,10,2005-05-29,Football Park,Adelaide,Carlton,Carlton,Brendan Fevola,10,8,2,4,3,1,2
2005,10,2005-05-29,Football Park,Adelaide,Carlton,Carlton,Ryan Houlihan,11,5,2,0,1,0,4
2005,10,2005-05-29,Football Park,Adelaide,Carlton,Carlton,Anthony Koutoufides,12,7,9,1,0,0,1
2005,10,2005-05-29,Football Park,Adelaide,Carlton,Carlton,Matthew Lappin,17,9,8,1,1,0,3
2005,10,2005-05-29,Football Park,Adelaide,Carlton,Carlton,Luke Livingston,7,5,4,0,0,0,2
2005,10,2005-05-29,Football Park,Adelaide,Carlton,Carlton,Cory McGrath,8,3,8,0,0,0,8
2005,10,2005-05-29,Football Park,Adelaide,Carlton,Carlton,Digby Morrell,12,9,5,0,0,0,0
2005,10,2005-05-29,Football Park,Adelaide,Carlton,Carlton,Ian Prendergast,6,6,3,0,0,6,5
2005,10,2005-05-29,Football Park,Adelaide,Carlton,Carlton,Kade Simpson,1,2,0,0,0,0,1
2005,10,2005-05-29,Football Park,Adelaide,Carlton,Carlton,Nick Stevens,14,4,17,1,1,0,2
2005,10,2005-05-29,Football Park,Adelaide,Carlton,Carlton,David Teague,8,5,1,0,0,0,4
2005,10,2005-05-29,Football Park,Adelaide,Carlton,Carlton,Bret Thornton,13,7,6,0,0,0,0
2005,10,2005-05-29,Football Park,Adelaide,Carlton,Carlton,Jarrad Waite,2,3,3,0,0,0,3
2005,10,2005-05-29,Football Park,Adelaide,Carlton,Carlton,Andrew Walker,5,4,1,0,0,0,2
2005,10,2005-05-29,Football Park,Adelaide,Carlton,Carlton,Lance Whitnall,8,5,6,1,0,3,1
2005,10,2005-05-29,Football Park,Adelaide,Carlton,Carlton,Simon Wiggins,4,3,1,0,0,1,3
2005,10,2005-05-29,Docklands,Essendon,Western Bulldogs,Essendon,Mark Alvey,12,2,5,0,0,0,4
2005,10,2005-05-29,Docklands,Essendon,Western Bulldogs,Essendon,Kepler Bradley,4,5,3,2,0,0,0
2005,10,2005-05-29,Docklands,Essendon,Western Bulldogs,Essendon,Damian Cupido,5,2,1,0,1,0,2
2005,10,2005-05-29,Docklands,Essendon,Western Bulldogs,Essendon,Dustin Fletcher,17,7,1,0,0,0,0
2005,10,2005-05-29,Docklands,Essendon,Western Bulldogs,Essendon,David Hille,10,4,5,1,1,18,0
2005,10,2005-05-29,Docklands,Essendon,Western Bulldogs,Essendon,James Hird,15,5,5,3,2,0,0
2005,10,2005-05-29,Docklands,Essendon,Western Bulldogs,Essendon,Jason Johnson,12,4,13,1,0,0,9
2005,10,2005-05-29,Docklands,Essendon,Western Bulldogs,Essendon,Mark Johnson,14,7,5,1,0,0,4
2005,10,2005-05-29,Docklands,Essendon,Western Bulldogs,Essendon,Jason Laycock,3,3,3,1,0,10,1
2005,10,2005-05-29,Docklands,Essendon,Western Bulldogs,Essendon,Matthew Lloyd,8,7,5,3,1,0,0
2005,10,2005-05-29,Docklands,Essendon,Western Bulldogs,Essendon,Andrew Lovett,2,2,7,1,0,0,2
2005,10,2005-05-29,Docklands,Essendon,Western Bulldogs,Essendon,Nathan Lovett-Murray,11,5,7,0,0,1,1
2005,10,2005-05-29,Docklands,Essendon,Western Bulldogs,Essendon,Scott Lucas,11,3,6,2,1,0,2
2005,10,2005-05-29,Docklands,Essendon,Western Bulldogs,Essendon,Adam McPhee,10,6,5,3,1,1,5
2005,10,2005-05-29,Docklands,Essendon,Western Bulldogs,Essendon,Mark McVeigh,10,4,3,0,0,1,3
2005,10,2005-05-29,Docklands,Essendon,Western Bulldogs,Essendon,Justin Murphy,14,11,10,2,0,0,1
2005,10,2005-05-29,Docklands,Essendon,Western Bulldogs,Essendon,Damien Peverill,5,2,8,0,0,0,3
2005,10,2005-05-29,Docklands,Essendon,Western Bulldogs,Essendon,Dean Solomon,10,5,8,0,1,1,2
2005,10,2005-05-29,Docklands,Essendon,Western Bulldogs,Essendon,Brent Stanton,15,10,6,0,2,0,2
2005,10,2005-05-29,Docklands,Essendon,Western Bulldogs,Essendon,Jobe Watson,5,2,5,0,0,0,1
2005,10,2005-05-29,Docklands,Essendon,Western Bulldogs,Essendon,Andrew Welsh,5,6,9,1,0,1,4
2005,10,2005-05-29,Docklands,Essendon,Western Bulldogs,Essendon,Ty Zantuck,8,2,4,0,0,0,1
2005,10,2005-05-29,Docklands,Essendon,Western Bulldogs,Western Bulldogs,Matthew Boyd,3,1,5,0,0,0,0
2005,10,2005-05-29,Docklands,Essendon,Western Bulldogs,Western Bulldogs,Adam Cooney,13,7,12,0,0,0,0
2005,10,2005-05-29,Docklands,Essendon,Western Bulldogs,Western Bulldogs,Daniel Cross,9,2,21,0,0,1,5
2005,10,2005-05-29,Docklands,Essendon,Western Bulldogs,Western Bulldogs,Nathan Eagleton,6,3,4,0,0,1,0
2005,10,2005-05-29,Docklands,Essendon,Western Bulldogs,Western Bulldogs,Daniel Giansiracusa,13,5,13,3,0,0,1
2005,10,2005-05-29,Docklands,Essendon,Western Bulldogs,Western Bulldogs,Lindsay Gilbee,12,7,7,0,0,0,1
2005,10,2005-05-29,Docklands,Essendon,Western Bulldogs,Western Bulldogs,Chris Grant,7,3,3,3,0,0,4
2005,10,2005-05-29,Docklands,Essendon,Western Bulldogs,Western Bulldogs,Ryan Griffen,6,2,3,0,0,0,1
2005,10,2005-05-29,Docklands,Essendon,Western Bulldogs,Western Bulldogs,Mitch Hahn,7,2,8,0,0,0,1
2005,10,2005-05-29,Docklands,Essendon,Western Bulldogs,Western Bulldogs,Ryan Hargrave,7,5,6,2,0,0,0
2005,10,2005-05-29,Docklands,Essendon,Western Bulldogs,Western Bulldogs,Brad Johnson,18,8,11,2,2,0,4
2005,10,2005-05-29,Docklands,Essendon,Western Bulldogs,Western Bulldogs,Brian Lake,6,1,1,0,0,0,1
2005,10,2005-05-29,Docklands,Essendon,Western Bulldogs,Western Bulldogs,Jordan McMahon,6,4,8,0,0,0,1
2005,10,2005-05-29,Docklands,Essendon,Western Bulldogs,Western Bulldogs,Will Minson,4,2,1,0,0,12,3
2005,10,2005-05-29,Docklands,Essendon,Western Bulldogs,Western Bulldogs,Adam Morgan,6,3,6,0,0,0,5
2005,10,2005-05-29,Docklands,Essendon,Western Bulldogs,Western Bulldogs,Dale Morris,4,3,4,0,0,0,3
2005,10,2005-05-29,Docklands,Essendon,Western Bulldogs,Western Bulldogs,Robert Murphy,16,11,3,6,2,0,1
2005,10,2005-05-29,Docklands,Essendon,Western Bulldogs,Western Bulldogs,Sam Power,4,3,5,0,0,0,0
2005,10,2005-05-29,Docklands,Essendon,Western Bulldogs,Western Bulldogs,Matthew Robbins,6,3,4,0,1,0,2
2005,10,2005-05-29,Docklands,Essendon,Western Bulldogs,Western Bulldogs,Wayde Skipper,3,0,3,0,0,9,1
2005,10,2005-05-29,Docklands,Essendon,Western Bulldogs,Western Bulldogs,Rohan Smith,18,6,6,1,2,0,0
2005,10,2005-05-29,Docklands,Essendon,Western Bulldogs,Western Bulldogs,Scott West,17,5,22,0,0,0,1
2005,10,2005-05-29,Subiaco,West Coast,Port Adelaide,West Coast,Drew Banfield,9,5,5,1,0,0,0
2005,10,2005-05-29,Subiaco,West Coast,Port Adelaide,West Coast,Michael Braun,11,5,15,2,0,0,1
2005,10,2005-05-29,Subiaco,West Coast,Port Adelaide,West Coast,Sam Butler,11,4,5,0,0,0,3
2005,10,2005-05-29,Subiaco,West Coast,Port Adelaide,West Coast,Daniel Chick,9,6,5,1,0,0,1
2005,10,2005-05-29,Subiaco,West Coast,Port Adelaide,West Coast,Ben Cousins,22,7,8,0,1,0,0
2005,10,2005-05-29,Subiaco,West Coast,Port Adelaide,West Coast,Dean Cox,8,7,9,0,0,10,1
2005,10,2005-05-29,Subiaco,West Coast,Port Adelaide,West Coast,Andrew Embley,17,8,9,2,2,0,1
2005,10,2005-05-29,Subiaco,West Coast,Port Adelaide,West Coast,Chad Fletcher,14,7,7,1,1,0,2
2005,10,2005-05-29,Subiaco,West Coast,Port Adelaide,West Coast,Michael Gardiner,5,5,1,1,1,2,0
2005,10,2005-05-29,Subiaco,West Coast,Port Adelaide,West Coast,Darren Glass,8,4,1,0,0,0,1
2005,10,2005-05-29,Subiaco,West Coast,Port Adelaide,West Coast,Ashley Hansen,12,12,3,1,1,0,0
2005,10,2005-05-29,Subiaco,West Coast,Port Adelaide,West Coast,Adam Hunter,8,5,9,1,0,0,0
2005,10,2005-05-29,Subiaco,West Coast,Port Adelaide,West Coast,Brett Jones,7,5,4,1,0,0,1
2005,10,2005-05-29,Subiaco,West Coast,Port Adelaide,West Coast,Chris Judd,12,4,2,1,2,0,0
2005,10,2005-05-29,Subiaco,West Coast,Port Adelaide,West Coast,Daniel Kerr,11,3,10,3,0,0,0
2005,10,2005-05-29,Subiaco,West Coast,Port Adelaide,West Coast,Mark LeCras,11,6,1,2,0,0,2
2005,10,2005-05-29,Subiaco,West Coast,Port Adelaide,West Coast,Quinten Lynch,13,6,4,4,2,3,0
2005,10,2005-05-29,Subiaco,West Coast,Port Adelaide,West Coast,Mark Nicoski,14,8,5,2,2,0,2
2005,10,2005-05-29,Subiaco,West Coast,Port Adelaide,West Coast,Ashley Sampi,12,4,3,3,2,1,2
2005,10,2005-05-29,Subiaco,West Coast,Port Adelaide,West Coast,Mark Seaby,3,2,1,1,0,6,0
2005,10,2005-05-29,Subiaco,West Coast,Port Adelaide,West Coast,Brent Staker,14,7,5,0,0,0,0
2005,10,2005-05-29,Subiaco,West Coast,Port Adelaide,West Coast,Tyson Stenglein,7,6,5,0,1,0,0
2005,10,2005-05-29,Subiaco,West Coast,Port Adelaide,Port Adelaide,Matthew Bishop,5,3,2,0,0,0,0
2005,10,2005-05-29,Subiaco,West Coast,Port Adelaide,Port Adelaide,Peter Burgoyne,12,3,8,0,0,0,4
2005,10,2005-05-29,Subiaco,West Coast,Port Adelaide,Port Adelaide,Domenic Cassisi,8,3,2,1,0,0,4
2005,10,2005-05-29,Subiaco,West Coast,Port Adelaide,Port Adelaide,Stuart Cochrane,5,4,5,0,0,0,2
2005,10,2005-05-29,Subiaco,West Coast,Port Adelaide,Port Adelaide,Chad Cornes,21,13,6,0,0,0,3
2005,10,2005-05-29,Subiaco,West Coast,Port Adelaide,Port Adelaide,Kane Cornes,17,6,15,2,0,0,1
2005,10,2005-05-29,Subiaco,West Coast,Port Adelaide,Port Adelaide,Stuart Dew,10,4,1,0,0,0,2
2005,10,2005-05-29,Subiaco,West Coast,Port Adelaide,Port Adelaide,Brett Ebert,12,3,1,0,1,0,0
2005,10,2005-05-29,Subiaco,West Coast,Port Adelaide,Port Adelaide,Ben Eckermann,1,1,0,0,0,0,0
2005,10,2005-05-29,Subiaco,West Coast,Port Adelaide,Port Adelaide,Josh Francou,5,2,8,0,0,0,3
2005,10,2005-05-29,Subiaco,West Coast,Port Adelaide,Port Adelaide,Adam Kingsley,11,4,7,1,0,0,0
2005,10,2005-05-29,Subiaco,West Coast,Port Adelaide,Port Adelaide,Brendon Lade,4,3,6,1,1,8,2
2005,10,2005-05-29,Subiaco,West Coast,Port Adelaide,Port Adelaide,Brett Montgomery,7,6,5,1,0,0,2
2005,10,2005-05-29,Subiaco,West Coast,Port Adelaide,Port Adelaide,Byron Pickett,10,2,2,0,1,0,1
2005,10,2005-05-29,Subiaco,West Coast,Port Adelaide,Port Adelaide,Matthew Primus,8,4,5,1,0,14,5
2005,10,2005-05-29,Subiaco,West Coast,Port Adelaide,Port Adelaide,Aaron Shattock,5,2,6,0,0,0,2
2005,10,2005-05-29,Subiaco,West Coast,Port Adelaide,Port Adelaide,Toby Thurstans,7,5,2,0,0,0,2
2005,10,2005-05-29,Subiaco,West Coast,Port Adelaide,Port Adelaide,Warren Tredrea,5,5,5,1,2,0,0
2005,10,2005-05-29,Subiaco,West Coast,Port Adelaide,Port Adelaide,Darryl Wakelin,5,5,6,0,0,0,0
2005,10,2005-05-29,Subiaco,West Coast,Port Adelaide,Port Adelaide,Peter Walsh,8,4,8,0,0,0,0
2005,10,2005-05-29,Subiaco,West Coast,Port Adelaide,Port Adelaide,Gavin Wanganeen,8,2,3,0,1,0,0
2005,10,2005-05-29,Subiaco,West Coast,Port Adelaide,Port Adelaide,Damon White,6,6,2,1,1,0,0
2005,11,2005-06-03,Docklands,Collingwood,Geelong,Collingwood,Scott Burns,10,6,5,2,0,0,3
2005,11,2005-06-03,Docklands,Collingwood,Geelong,Collingwood,Blake Caracella,5,5,5,2,1,0,1
2005,11,2005-06-03,Docklands,Collingwood,Geelong,Collingwood,James Clement,23,11,6,0,0,0,7
2005,11,2005-06-03,Docklands,Collingwood,Geelong,Collingwood,Cameron Cloke,7,6,2,0,0,17,0
2005,11,2005-06-03,Docklands,Collingwood,Geelong,Collingwood,Travis Cloke,11,6,2,2,0,0,1
2005,11,2005-06-03,Docklands,Collingwood,Geelong,Collingwood,Alan Didak,12,6,4,5,0,0,0
2005,11,2005-06-03,Docklands,Collingwood,Geelong,Collingwood,Chris Egan,2,1,1,0,0,0,0
2005,11,2005-06-03,Docklands,Collingwood,Geelong,Collingwood,Josh Fraser,3,1,1,0,0,4,0
2005,11,2005-06-03,Docklands,Collingwood,Geelong,Collingwood,Brodie Holland,18,7,15,1,0,0,1
2005,11,2005-06-03,Docklands,Collingwood,Geelong,Collingwood,Paul Licuria,12,8,15,0,0,0,6
2005,11,2005-06-03,Docklands,Collingwood,Geelong,Collingwood,Tarkyn Lockyer,18,5,12,0,1,0,4
2005,11,2005-06-03,Docklands,Collingwood,Geelong,Collingwood,Nick Maxwell,6,2,4,1,0,0,2
2005,11,2005-06-03,Docklands,Collingwood,Geelong,Collingwood,Chad Morrison,10,4,3,0,1,0,0
2005,11,2005-06-03,Docklands,Collingwood,Geelong,Collingwood,Shane OBree,19,3,6,1,2,0,2
2005,11,2005-06-03,Docklands,Collingwood,Geelong,Collingwood,Simon Prestigiacomo,2,2,3,0,0,1,2
2005,11,2005-06-03,Docklands,Collingwood,Geelong,Collingwood,Julian Rowe,7,3,2,0,0,0,1
2005,11,2005-06-03,Docklands,Collingwood,Geelong,Collingwood,Sean Rusling,6,7,2,2,1,0,2
2005,11,2005-06-03,Docklands,Collingwood,Geelong,Collingwood,Rhyce Shaw,15,7,4,0,1,0,0
2005,11,2005-06-03,Docklands,Collingwood,Geelong,Collingwood,Dane Swan,19,8,7,0,0,0,0
2005,11,2005-06-03,Docklands,Collingwood,Geelong,Collingwood,Chris Tarrant,14,10,3,2,4,0,2
2005,11,2005-06-03,Docklands,Collingwood,Geelong,Collingwood,Shane Wakelin,6,3,6,0,0,0,3
2005,11,2005-06-03,Docklands,Collingwood,Geelong,Collingwood,Shane Woewodin,13,8,7,0,1,0,0
2005,11,2005-06-03,Docklands,Collingwood,Geelong,Geelong,Gary Ablett,13,6,5,2,3,0,1
2005,11,2005-06-03,Docklands,Collingwood,Geelong,Geelong,Jimmy Bartel,11,6,9,0,1,0,0
2005,11,2005-06-03,Docklands,Collingwood,Geelong,Geelong,Shannon Byrnes,5,2,3,0,0,0,3
2005,11,2005-06-03,Docklands,Collingwood,Geelong,Geelong,Paul Chapman,11,5,8,1,0,0,2
2005,11,2005-06-03,Docklands,Collingwood,Geelong,Geelong,Corey Enright,13,7,13,0,0,0,3
2005,11,2005-06-03,Docklands,Collingwood,Geelong,Geelong,Charlie Gardiner,10,8,5,0,1,0,0
2005,11,2005-06-03,Docklands,Collingwood,Geelong,Geelong,Tom Harley,10,6,5,0,0,0,0
2005,11,2005-06-03,Docklands,Collingwood,Geelong,Geelong,Josh Hunt,8,3,8,0,0,0,0
2005,11,2005-06-03,Docklands,Collingwood,Geelong,Geelong,David Johnson,6,5,7,0,0,0,0
2005,11,2005-06-03,Docklands,Collingwood,Geelong,Geelong,James Kelly,14,4,12,0,0,0,3
2005,11,2005-06-03,Docklands,Collingwood,Geelong,Geelong,Steven King,11,2,7,0,0,22,3
2005,11,2005-06-03,Docklands,Collingwood,Geelong,Geelong,Kent Kingsley,10,7,1,3,2,0,0
2005,11,2005-06-03,Docklands,Collingwood,Geelong,Geelong,Cameron Ling,14,7,12,1,0,0,2
2005,11,2005-06-03,Docklands,Collingwood,Geelong,Geelong,Tom Lonergan,3,3,4,2,0,0,0
2005,11,2005-06-03,Docklands,Collingwood,Geelong,Geelong,Andrew Mackie,11,4,5,2,2,0,3
2005,11,2005-06-03,Docklands,Collingwood,Geelong,Geelong,Darren Milburn,14,12,7,0,0,2,4
2005,11,2005-06-03,Docklands,Collingwood,Geelong,Geelong,Cameron Mooney,9,3,7,0,0,0,2
2005,11,2005-06-03,Docklands,Collingwood,Geelong,Geelong,Brad Ottens,7,2,5,2,1,7,1
2005,11,2005-06-03,Docklands,Collingwood,Geelong,Geelong,Peter Riccardi,11,1,2,1,1,0,3
2005,11,2005-06-03,Docklands,Collingwood,Geelong,Geelong,Max Rooke,3,2,2,0,0,0,1
2005,11,2005-06-03,Docklands,Collingwood,Geelong,Geelong,Matthew Scarlett,10,10,8,0,0,0,0
2005,11,2005-06-03,Docklands,Collingwood,Geelong,Geelong,Kane Tenace,6,2,1,0,0,0,1
2005,11,2005-06-04,Docklands,Carlton,Sydney,Carlton,Adam Bentick,3,1,1,0,0,0,4
2005,11,2005-06-04,Docklands,Carlton,Sydney,Carlton,Eddie Betts,1,0,3,1,0,0,4
2005,11,2005-06-04,Docklands,Carlton,Sydney,Carlton,Chris Bryan,15,6,5,0,0,17,3
2005,11,2005-06-04,Docklands,Carlton,Sydney,Carlton,Scott Camporeale,9,3,6,0,0,0,1
2005,11,2005-06-04,Docklands,Carlton,Sydney,Carlton,Andrew Carrazzo,8,4,5,0,0,0,1
2005,11,2005-06-04,Docklands,Carlton,Sydney,Carlton,David Clarke,3,1,1,0,0,0,2
2005,11,2005-06-04,Docklands,Carlton,Sydney,Carlton,Justin Davies,5,2,3,0,0,0,5
2005,11,2005-06-04,Docklands,Carlton,Sydney,Carlton,Brendan Fevola,11,6,0,3,1,0,2
2005,11,2005-06-04,Docklands,Carlton,Sydney,Carlton,Ryan Houlihan,11,2,3,0,0,0,4
2005,11,2005-06-04,Docklands,Carlton,Sydney,Carlton,Anthony Koutoufides,6,1,2,0,0,0,4
2005,11,2005-06-04,Docklands,Carlton,Sydney,Carlton,Matthew Lappin,7,4,5,0,0,0,2
2005,11,2005-06-04,Docklands,Carlton,Sydney,Carlton,Luke Livingston,3,0,3,0,0,1,3
2005,11,2005-06-04,Docklands,Carlton,Sydney,Carlton,Cory McGrath,14,4,6,0,0,0,2
2005,11,2005-06-04,Docklands,Carlton,Sydney,Carlton,Digby Morrell,6,3,1,0,1,0,0
2005,11,2005-06-04,Docklands,Carlton,Sydney,Carlton,Ian Prendergast,5,2,6,0,0,2,1
2005,11,2005-06-04,Docklands,Carlton,Sydney,Carlton,Heath Scotland,7,6,9,0,0,0,2
2005,11,2005-06-04,Docklands,Carlton,Sydney,Carlton,Nick Stevens,10,1,5,0,0,0,2
2005,11,2005-06-04,Docklands,Carlton,Sydney,Carlton,David Teague,5,1,2,1,0,0,3
2005,11,2005-06-04,Docklands,Carlton,Sydney,Carlton,Bret Thornton,8,4,4,0,0,0,0
2005,11,2005-06-04,Docklands,Carlton,Sydney,Carlton,Jarrad Waite,8,9,4,4,1,0,2
2005,11,2005-06-04,Docklands,Carlton,Sydney,Carlton,Andrew Walker,2,1,8,0,0,0,2
2005,11,2005-06-04,Docklands,Carlton,Sydney,Carlton,Lance Whitnall,14,12,5,5,2,2,1
2005,11,2005-06-04,Docklands,Carlton,Sydney,Sydney,Luke Ablett,17,5,5,2,1,0,5
2005,11,2005-06-04,Docklands,Carlton,Sydney,Sydney,Jason Ball,9,7,4,0,0,11,0
2005,11,2005-06-04,Docklands,Carlton,Sydney,Sydney,Leo Barry,10,4,8,0,0,0,2
2005,11,2005-06-04,Docklands,Carlton,Sydney,Sydney,Craig Bolton,11,6,7,0,0,0,2
2005,11,2005-06-04,Docklands,Carlton,Sydney,Sydney,Jude Bolton,16,4,15,0,0,0,3
2005,11,2005-06-04,Docklands,Carlton,Sydney,Sydney,Amon Buchanan,5,1,5,1,1,0,2
2005,11,2005-06-04,Docklands,Carlton,Sydney,Sydney,Jared Crouch,7,2,3,0,0,0,4
2005,11,2005-06-04,Docklands,Carlton,Sydney,Sydney,Nick Davis,3,1,2,1,1,0,2
2005,11,2005-06-04,Docklands,Carlton,Sydney,Sydney,Adam Goodes,14,6,8,1,0,4,2
2005,11,2005-06-04,Docklands,Carlton,Sydney,Sydney,Barry Hall,14,14,5,5,3,1,1
2005,11,2005-06-04,Docklands,Carlton,Sydney,Sydney,Darren Jolly,4,3,1,1,0,24,0
2005,11,2005-06-04,Docklands,Carlton,Sydney,Sydney,Tadhg Kennelly,8,6,6,0,0,0,2
2005,11,2005-06-04,Docklands,Carlton,Sydney,Sydney,Brett Kirk,13,0,13,0,0,0,3
2005,11,2005-06-04,Docklands,Carlton,Sydney,Sydney,Nick Malceski,8,5,0,1,0,0,0
2005,11,2005-06-04,Docklands,Carlton,Sydney,Sydney,Ben Mathews,11,5,7,0,0,0,2
2005,11,2005-06-04,Docklands,Carlton,Sydney,Sydney,Jarrad McVeigh,5,3,9,0,0,0,3
2005,11,2005-06-04,Docklands,Carlton,Sydney,Sydney,Matthew Nicks,2,1,2,0,0,1,1
2005,11,2005-06-04,Docklands,Carlton,Sydney,Sydney,Ryan OKeefe,8,3,3,2,0,0,4
2005,11,2005-06-04,Docklands,Carlton,Sydney,Sydney,Michael OLoughlin,8,5,1,4,0,0,1
2005,11,2005-06-04,Docklands,Carlton,Sydney,Sydney,Lewis Roberts-Thomson,2,2,9,0,0,1,3
2005,11,2005-06-04,Docklands,Carlton,Sydney,Sydney,Andrew Schauble,3,3,4,0,0,0,1
2005,11,2005-06-04,Docklands,Carlton,Sydney,Sydney,Luke Vogels,2,1,3,0,0,0,0
2005,11,2005-06-04,M.C.G.,Richmond,West Coast,Richmond,Joel Bowden,15,5,10,0,0,0,2
2005,11,2005-06-04,M.C.G.,Richmond,West Coast,Richmond,Wayne Campbell,5,5,8,2,0,0,0
2005,11,2005-06-04,M.C.G.,Richmond,West Coast,Richmond,Mark Chaffey,8,4,7,0,0,0,0
2005,11,2005-06-04,M.C.G.,Richmond,West Coast,Richmond,Mark Coughlan,14,3,11,1,0,0,5
2005,11,2005-06-04,M.C.G.,Richmond,West Coast,Richmond,Brett Deledio,12,4,7,1,2,1,1
2005,11,2005-06-04,M.C.G.,Richmond,West Coast,Richmond,Darren Gaspar,8,3,3,0,0,0,1
2005,11,2005-06-04,M.C.G.,Richmond,West Coast,Richmond,Mark Graham,5,4,5,0,0,1,0
2005,11,2005-06-04,M.C.G.,Richmond,West Coast,Richmond,Ray Hall,2,3,6,0,0,0,2
2005,11,2005-06-04,M.C.G.,Richmond,West Coast,Richmond,Rory Hilton,2,2,0,1,0,0,1
2005,11,2005-06-04,M.C.G.,Richmond,West Coast,Richmond,Chris Hyde,1,3,6,0,0,0,1
2005,11,2005-06-04,M.C.G.,Richmond,West Coast,Richmond,Daniel Jackson,7,5,3,0,0,0,0
2005,11,2005-06-04,M.C.G.,Richmond,West Coast,Richmond,Kane Johnson,14,3,10,1,0,0,1
2005,11,2005-06-04,M.C.G.,Richmond,West Coast,Richmond,Andrew Kellaway,13,9,6,0,0,0,2
2005,11,2005-06-04,M.C.G.,Richmond,West Coast,Richmond,Trent Knobel,1,0,8,0,0,12,0
2005,11,2005-06-04,M.C.G.,Richmond,West Coast,Richmond,Andrew Krakouer,1,0,9,1,0,0,4
2005,11,2005-06-04,M.C.G.,Richmond,West Coast,Richmond,Chris Newman,12,4,9,0,0,0,2
2005,11,2005-06-04,M.C.G.,Richmond,West Coast,Richmond,Kayne Pettifer,8,4,2,3,2,0,2
2005,11,2005-06-04,M.C.G.,Richmond,West Coast,Richmond,Matthew Richardson,11,8,2,5,3,0,0
2005,11,2005-06-04,M.C.G.,Richmond,West Coast,Richmond,Troy Simmonds,9,9,7,0,0,7,0
2005,11,2005-06-04,M.C.G.,Richmond,West Coast,Richmond,Greg Stafford,0,0,0,0,0,0,0
2005,11,2005-06-04,M.C.G.,Richmond,West Coast,Richmond,Greg Tivendale,16,8,7,0,2,0,3
2005,11,2005-06-04,M.C.G.,Richmond,West Coast,Richmond,Shane Tuck,19,10,11,0,1,0,1
2005,11,2005-06-04,M.C.G.,Richmond,West Coast,West Coast,Drew Banfield,4,4,8,0,0,0,3
2005,11,2005-06-04,M.C.G.,Richmond,West Coast,West Coast,Michael Braun,18,9,9,0,0,0,2
2005,11,2005-06-04,M.C.G.,Richmond,West Coast,West Coast,Sam Butler,11,6,1,1,0,0,2
2005,11,2005-06-04,M.C.G.,Richmond,West Coast,West Coast,Daniel Chick,9,0,3,1,0,0,4
2005,11,2005-06-04,M.C.G.,Richmond,West Coast,West Coast,Ben Cousins,14,2,9,0,0,0,1
2005,11,2005-06-04,M.C.G.,Richmond,West Coast,West Coast,Dean Cox,8,2,5,0,0,25,1
2005,11,2005-06-04,M.C.G.,Richmond,West Coast,West Coast,Aaron Edwards,11,8,1,2,2,0,0
2005,11,2005-06-04,M.C.G.,Richmond,West Coast,West Coast,Andrew Embley,19,7,2,0,0,0,2
2005,11,2005-06-04,M.C.G.,Richmond,West Coast,West Coast,Chad Fletcher,10,6,12,0,0,0,3
2005,11,2005-06-04,M.C.G.,Richmond,West Coast,West Coast,Darren Glass,2,3,4,0,0,0,0
2005,11,2005-06-04,M.C.G.,Richmond,West Coast,West Coast,Ashley Hansen,7,6,4,0,2,0,2
2005,11,2005-06-04,M.C.G.,Richmond,West Coast,West Coast,Adam Hunter,12,11,1,0,0,0,2
2005,11,2005-06-04,M.C.G.,Richmond,West Coast,West Coast,Brett Jones,6,8,11,0,0,0,2
2005,11,2005-06-04,M.C.G.,Richmond,West Coast,West Coast,Chris Judd,16,11,7,3,3,0,9
2005,11,2005-06-04,M.C.G.,Richmond,West Coast,West Coast,Daniel Kerr,14,5,8,1,0,0,2
2005,11,2005-06-04,M.C.G.,Richmond,West Coast,West Coast,Mark LeCras,1,1,0,0,0,0,1
2005,11,2005-06-04,M.C.G.,Richmond,West Coast,West Coast,Quinten Lynch,3,2,1,1,1,0,1
2005,11,2005-06-04,M.C.G.,Richmond,West Coast,West Coast,Phillip Matera,10,4,3,5,2,0,1
2005,11,2005-06-04,M.C.G.,Richmond,West Coast,West Coast,Mark Nicoski,11,7,6,0,0,0,3
2005,11,2005-06-04,M.C.G.,Richmond,West Coast,West Coast,Mark Seaby,5,5,1,1,0,5,1
2005,11,2005-06-04,M.C.G.,Richmond,West Coast,West Coast,Adam Selwood,11,5,6,0,1,0,1
2005,11,2005-06-04,M.C.G.,Richmond,West Coast,West Coast,Brent Staker,13,9,8,0,0,0,0
2005,11,2005-06-04,Subiaco,Fremantle,Brisbane Lions,Fremantle,Peter Bell,13,4,15,1,0,1,5
2005,11,2005-06-04,Subiaco,Fremantle,Brisbane Lions,Fremantle,Heath Black,13,6,10,0,0,0,2
2005,11,2005-06-04,Subiaco,Fremantle,Brisbane Lions,Fremantle,Josh Carr,14,1,10,0,1,1,7
2005,11,2005-06-04,Subiaco,Fremantle,Brisbane Lions,Fremantle,Troy Cook,10,3,12,0,0,0,6
2005,11,2005-06-04,Subiaco,Fremantle,Brisbane Lions,Fremantle,Ryan Crowley,7,5,9,0,1,0,1
2005,11,2005-06-04,Subiaco,Fremantle,Brisbane Lions,Fremantle,Steven Dodd,2,1,3,0,0,0,0
2005,11,2005-06-04,Subiaco,Fremantle,Brisbane Lions,Fremantle,Jeff Farmer,8,2,4,2,1,0,0
2005,11,2005-06-04,Subiaco,Fremantle,Brisbane Lions,Fremantle,Antoni Grover,10,5,6,0,0,0,1
2005,11,2005-06-04,Subiaco,Fremantle,Brisbane Lions,Fremantle,Paul Hasleby,7,5,7,1,0,0,4
2005,11,2005-06-04,Subiaco,Fremantle,Brisbane Lions,Fremantle,Michael Johnson,7,2,4,0,0,1,0
2005,11,2005-06-04,Subiaco,Fremantle,Brisbane Lions,Fremantle,Justin Longmuir,8,1,2,2,1,11,1
2005,11,2005-06-04,Subiaco,Fremantle,Brisbane Lions,Fremantle,Shaun McManus,8,5,4,0,0,0,3
2005,11,2005-06-04,Subiaco,Fremantle,Brisbane Lions,Fremantle,Paul Medhurst,6,6,1,1,0,0,1
2005,11,2005-06-04,Subiaco,Fremantle,Brisbane Lions,Fremantle,David Mundy,13,9,11,0,0,0,1
2005,11,2005-06-04,Subiaco,Fremantle,Brisbane Lions,Fremantle,Ryan Murphy,6,4,2,3,1,0,3
2005,11,2005-06-04,Subiaco,Fremantle,Brisbane Lions,Fremantle,Shane Parker,13,5,4,0,0,0,1
2005,11,2005-06-04,Subiaco,Fremantle,Brisbane Lions,Fremantle,Matthew Pavlich,12,10,9,0,1,0,0
2005,11,2005-06-04,Subiaco,Fremantle,Brisbane Lions,Fremantle,Graham Polak,4,2,6,0,0,0,1
2005,11,2005-06-04,Subiaco,Fremantle,Brisbane Lions,Fremantle,Aaron Sandilands,4,4,6,0,0,27,0
2005,11,2005-06-04,Subiaco,Fremantle,Brisbane Lions,Fremantle,Jarrad Schofield,15,7,6,0,0,0,2
2005,11,2005-06-04,Subiaco,Fremantle,Brisbane Lions,Fremantle,Scott Thornton,3,2,3,0,0,0,1
2005,11,2005-06-04,Subiaco,Fremantle,Brisbane Lions,Fremantle,Luke Webster,5,1,4,0,0,0,1
2005,11,2005-06-04,Subiaco,Fremantle,Brisbane Lions,Brisbane Lions,Jed Adcock,5,2,7,0,0,0,2
2005,11,2005-06-04,Subiaco,Fremantle,Brisbane Lions,Brisbane Lions,Jason Akermanis,10,4,14,1,2,0,4
2005,11,2005-06-04,Subiaco,Fremantle,Brisbane Lions,Brisbane Lions,Simon Black,15,2,8,0,0,0,1
2005,11,2005-06-04,Subiaco,Fremantle,Brisbane Lions,Brisbane Lions,Daniel Bradshaw,9,7,1,3,2,0,3
2005,11,2005-06-04,Subiaco,Fremantle,Brisbane Lions,Brisbane Lions,Jonathan Brown,15,8,14,0,2,0,1
2005,11,2005-06-04,Subiaco,Fremantle,Brisbane Lions,Brisbane Lions,Anthony Corrie,16,9,3,1,2,0,5
2005,11,2005-06-04,Subiaco,Fremantle,Brisbane Lions,Brisbane Lions,Josh Drummond,14,8,4,2,0,0,1
2005,11,2005-06-04,Subiaco,Fremantle,Brisbane Lions,Brisbane Lions,Chris Johnson,7,5,5,0,0,0,0
2005,11,2005-06-04,Subiaco,Fremantle,Brisbane Lions,Brisbane Lions,Clark Keating,3,2,4,1,0,13,5
2005,11,2005-06-04,Subiaco,Fremantle,Brisbane Lions,Brisbane Lions,Justin Leppitsch,5,3,7,0,0,0,4
2005,11,2005-06-04,Subiaco,Fremantle,Brisbane Lions,Brisbane Lions,Joel Macdonald,7,5,2,2,0,0,0
2005,11,2005-06-04,Subiaco,Fremantle,Brisbane Lions,Brisbane Lions,Ashley McGrath,8,2,3,3,0,0,1
2005,11,2005-06-04,Subiaco,Fremantle,Brisbane Lions,Brisbane Lions,Dylan McLaren,4,2,5,0,1,11,4
2005,11,2005-06-04,Subiaco,Fremantle,Brisbane Lions,Brisbane Lions,Daniel Merrett,0,2,3,0,0,0,2
2005,11,2005-06-04,Subiaco,Fremantle,Brisbane Lions,Brisbane Lions,Mal Michael,6,1,3,0,0,1,3
2005,11,2005-06-04,Subiaco,Fremantle,Brisbane Lions,Brisbane Lions,Tim Notting,5,4,8,0,0,0,2
2005,11,2005-06-04,Subiaco,Fremantle,Brisbane Lions,Brisbane Lions,Luke Power,27,5,2,2,0,0,2
2005,11,2005-06-04,Subiaco,Fremantle,Brisbane Lions,Brisbane Lions,Leigh Ryswyk,3,3,1,0,0,0,1
2005,11,2005-06-04,Subiaco,Fremantle,Brisbane Lions,Brisbane Lions,Brad Scott,7,5,4,0,0,0,1
2005,11,2005-06-04,Subiaco,Fremantle,Brisbane Lions,Brisbane Lions,Troy Selwood,9,4,6,0,0,0,8
2005,11,2005-06-04,Subiaco,Fremantle,Brisbane Lions,Brisbane Lions,Justin Sherman,10,6,8,0,2,0,0
2005,11,2005-06-04,Subiaco,Fremantle,Brisbane Lions,Brisbane Lions,Michael Voss,11,4,12,0,0,0,1
2005,11,2005-06-04,Football Park,Adelaide,Essendon,Adelaide,Nathan Bassett,11,7,8,0,0,0,1
2005,11,2005-06-04,Football Park,Adelaide,Essendon,Adelaide,Rhett Biglands,8,2,3,1,0,21,0
2005,11,2005-06-04,Football Park,Adelaide,Essendon,Adelaide,Nathan Bock,13,2,4,0,0,0,0
2005,11,2005-06-04,Football Park,Adelaide,Essendon,Adelaide,Brett Burton,15,5,9,2,0,1,0
2005,11,2005-06-04,Football Park,Adelaide,Essendon,Adelaide,Michael Doughty,6,6,8,0,1,0,3
2005,11,2005-06-04,Football Park,Adelaide,Essendon,Adelaide,Tyson Edwards,9,1,7,1,0,0,3
2005,11,2005-06-04,Football Park,Adelaide,Essendon,Adelaide,Simon Goodwin,16,4,10,4,0,0,4
2005,11,2005-06-04,Football Park,Adelaide,Essendon,Adelaide,Ben Hart,10,5,5,0,0,0,0
2005,11,2005-06-04,Football Park,Adelaide,Essendon,Adelaide,Ben Hudson,9,7,13,2,0,17,2
2005,11,2005-06-04,Football Park,Adelaide,Essendon,Adelaide,Luke Jericho,11,7,1,4,0,0,1
2005,11,2005-06-04,Football Park,Adelaide,Essendon,Adelaide,Martin Mattner,9,2,6,0,0,0,1
2005,11,2005-06-04,Football Park,Adelaide,Essendon,Adelaide,Ken McGregor,16,12,8,4,1,0,0
2005,11,2005-06-04,Football Park,Adelaide,Essendon,Adelaide,Andrew McLeod,18,3,7,0,0,0,2
2005,11,2005-06-04,Football Park,Adelaide,Essendon,Adelaide,Ian Perrie,11,8,0,3,1,1,2
2005,11,2005-06-04,Football Park,Adelaide,Essendon,Adelaide,Brent Reilly,5,2,5,0,0,0,3
2005,11,2005-06-04,Football Park,Adelaide,Essendon,Adelaide,Mark Ricciuto,10,2,16,0,1,0,1
2005,11,2005-06-04,Football Park,Adelaide,Essendon,Adelaide,Ben Rutten,7,5,5,0,0,0,0
2005,11,2005-06-04,Football Park,Adelaide,Essendon,Adelaide,Robert Shirley,1,5,12,0,0,0,7
2005,11,2005-06-04,Football Park,Adelaide,Essendon,Adelaide,Hayden Skipworth,8,5,12,0,0,0,0
2005,11,2005-06-04,Football Park,Adelaide,Essendon,Adelaide,Scott Thompson,15,7,11,3,1,0,5
2005,11,2005-06-04,Football Park,Adelaide,Essendon,Adelaide,Jason Torney,3,1,12,0,0,0,1
2005,11,2005-06-04,Football Park,Adelaide,Essendon,Adelaide,Nathan van Berlo,3,2,0,0,0,0,0
2005,11,2005-06-04,Football Park,Adelaide,Essendon,Essendon,Mark Alvey,13,8,2,0,0,0,1
2005,11,2005-06-04,Football Park,Adelaide,Essendon,Essendon,Kepler Bradley,4,4,4,0,1,0,1
2005,11,2005-06-04,Football Park,Adelaide,Essendon,Essendon,Damian Cupido,8,4,2,1,2,1,1
2005,11,2005-06-04,Football Park,Adelaide,Essendon,Essendon,Dustin Fletcher,7,2,2,0,0,0,0
2005,11,2005-06-04,Football Park,Adelaide,Essendon,Essendon,David Hille,12,11,10,2,0,12,1
2005,11,2005-06-04,Football Park,Adelaide,Essendon,Essendon,James Hird,17,4,7,0,0,1,2
2005,11,2005-06-04,Football Park,Adelaide,Essendon,Essendon,Jason Johnson,12,7,5,0,0,0,2
2005,11,2005-06-04,Football Park,Adelaide,Essendon,Essendon,Mark Johnson,14,5,5,0,1,0,8
2005,11,2005-06-04,Football Park,Adelaide,Essendon,Essendon,Jason Laycock,4,3,1,0,0,7,2
2005,11,2005-06-04,Football Park,Adelaide,Essendon,Essendon,Matthew Lloyd,7,3,2,2,2,0,1
2005,11,2005-06-04,Football Park,Adelaide,Essendon,Essendon,Andrew Lovett,7,5,6,0,0,0,2
2005,11,2005-06-04,Football Park,Adelaide,Essendon,Essendon,Nathan Lovett-Murray,7,6,7,1,0,0,2
2005,11,2005-06-04,Football Park,Adelaide,Essendon,Essendon,Scott Lucas,12,7,1,0,0,0,1
2005,11,2005-06-04,Football Park,Adelaide,Essendon,Essendon,Adam McPhee,15,10,3,2,0,0,2
2005,11,2005-06-04,Football Park,Adelaide,Essendon,Essendon,Mark McVeigh,7,3,6,0,0,0,5
2005,11,2005-06-04,Football Park,Adelaide,Essendon,Essendon,Damien Peverill,8,1,2,0,0,0,2
2005,11,2005-06-04,Football Park,Adelaide,Essendon,Essendon,Dean Solomon,6,3,2,0,0,0,4
2005,11,2005-06-04,Football Park,Adelaide,Essendon,Essendon,Brent Stanton,11,5,5,0,0,0,1
2005,11,2005-06-04,Football Park,Adelaide,Essendon,Essendon,Paul Thomas,0,0,0,0,0,0,5
2005,11,2005-06-04,Football Park,Adelaide,Essendon,Essendon,Andrew Welsh,9,4,10,0,0,0,2
2005,11,2005-06-04,Football Park,Adelaide,Essendon,Essendon,Jason Winderlich,4,4,8,1,0,0,1
2005,11,2005-06-04,Football Park,Adelaide,Essendon,Essendon,Ty Zantuck,10,7,5,0,0,0,1
2005,11,2005-06-05,Manuka Oval,Kangaroos,Melbourne,Kangaroos,Glenn Archer,14,2,1,0,0,0,2
2005,11,2005-06-05,Manuka Oval,Kangaroos,Melbourne,Kangaroos,Leigh Brown,9,3,2,0,0,0,0
2005,11,2005-06-05,Manuka Oval,Kangaroos,Melbourne,Kangaroos,Leigh Colbert,7,6,7,0,0,1,2
2005,11,2005-06-05,Manuka Oval,Kangaroos,Melbourne,Kangaroos,Michael Firrito,3,3,11,0,0,1,1
2005,11,2005-06-05,Manuka Oval,Kangaroos,Melbourne,Kangaroos,Shannon Grant,12,3,9,2,2,0,0
2005,11,2005-06-05,Manuka Oval,Kangaroos,Melbourne,Kangaroos,David Hale,3,1,4,1,0,8,2
2005,11,2005-06-05,Manuka Oval,Kangaroos,Melbourne,Kangaroos,Leigh Harding,12,6,5,1,0,0,3
2005,11,2005-06-05,Manuka Oval,Kangaroos,Melbourne,Kangaroos,Brent Harvey,9,6,11,1,1,0,2
2005,11,2005-06-05,Manuka Oval,Kangaroos,Melbourne,Kangaroos,Corey Jones,14,9,1,1,2,0,2
2005,11,2005-06-05,Manuka Oval,Kangaroos,Melbourne,Kangaroos,Troy Makepeace,10,5,9,0,0,0,5
2005,11,2005-06-05,Manuka Oval,Kangaroos,Melbourne,Kangaroos,Justin Perkins,1,1,4,0,1,0,1
2005,11,2005-06-05,Manuka Oval,Kangaroos,Melbourne,Kangaroos,Drew Petrie,4,2,4,0,0,13,4
2005,11,2005-06-05,Manuka Oval,Kangaroos,Melbourne,Kangaroos,Lance Picioane,11,6,5,0,0,0,1
2005,11,2005-06-05,Manuka Oval,Kangaroos,Melbourne,Kangaroos,Brady Rawlings,11,7,12,1,0,0,5
2005,11,2005-06-05,Manuka Oval,Kangaroos,Melbourne,Kangaroos,Saverio Rocca,5,3,1,1,1,1,0
2005,11,2005-06-05,Manuka Oval,Kangaroos,Melbourne,Kangaroos,Adam Simpson,10,3,5,0,0,0,1
2005,11,2005-06-05,Manuka Oval,Kangaroos,Melbourne,Kangaroos,Jess Sinclair,23,7,7,1,0,0,3
2005,11,2005-06-05,Manuka Oval,Kangaroos,Melbourne,Kangaroos,Jesse Smith,11,8,3,0,0,0,0
2005,11,2005-06-05,Manuka Oval,Kangaroos,Melbourne,Kangaroos,Michael Stevens,4,2,2,0,0,0,2
2005,11,2005-06-05,Manuka Oval,Kangaroos,Melbourne,Kangaroos,Nathan Thompson,7,6,3,2,1,4,1
2005,11,2005-06-05,Manuka Oval,Kangaroos,Melbourne,Kangaroos,Shannon Watt,5,1,1,0,0,0,2
2005,11,2005-06-05,Manuka Oval,Kangaroos,Melbourne,Kangaroos,Daniel Wells,11,4,7,0,0,0,0
2005,11,2005-06-05,Manuka Oval,Kangaroos,Melbourne,Melbourne,Clint Bizzell,9,4,4,0,0,0,1
2005,11,2005-06-05,Manuka Oval,Kangaroos,Melbourne,Melbourne,Nathan Brown,13,5,11,1,0,0,0
2005,11,2005-06-05,Manuka Oval,Kangaroos,Melbourne,Melbourne,Cameron Bruce,16,11,5,4,3,0,3
2005,11,2005-06-05,Manuka Oval,Kangaroos,Melbourne,Melbourne,Aaron Davey,6,3,3,1,0,0,3
2005,11,2005-06-05,Manuka Oval,Kangaroos,Melbourne,Melbourne,Ryan Ferguson,4,2,3,0,0,1,1
2005,11,2005-06-05,Manuka Oval,Kangaroos,Melbourne,Melbourne,Simon Godfrey,9,6,3,0,0,1,1
2005,11,2005-06-05,Manuka Oval,Kangaroos,Melbourne,Melbourne,Brad Green,9,5,8,3,1,0,2
2005,11,2005-06-05,Manuka Oval,Kangaroos,Melbourne,Melbourne,Chris Heffernan,9,6,4,0,2,0,2
2005,11,2005-06-05,Manuka Oval,Kangaroos,Melbourne,Melbourne,Ben Holland,2,0,3,0,1,4,1
2005,11,2005-06-05,Manuka Oval,Kangaroos,Melbourne,Melbourne,Paul Johnson,4,1,2,0,0,2,1
2005,11,2005-06-05,Manuka Oval,Kangaroos,Melbourne,Melbourne,Travis Johnstone,20,4,6,0,0,0,5
2005,11,2005-06-05,Manuka Oval,Kangaroos,Melbourne,Melbourne,James McDonald,11,5,6,0,0,0,2
2005,11,2005-06-05,Manuka Oval,Kangaroos,Melbourne,Melbourne,Brad Miller,12,11,7,0,1,0,1
2005,11,2005-06-05,Manuka Oval,Kangaroos,Melbourne,Melbourne,Brent Moloney,19,6,8,0,0,0,3
2005,11,2005-06-05,Manuka Oval,Kangaroos,Melbourne,Melbourne,David Neitz,5,3,1,0,2,0,1
2005,11,2005-06-05,Manuka Oval,Kangaroos,Melbourne,Melbourne,Alistair Nicholson,3,3,3,0,0,0,1
2005,11,2005-06-05,Manuka Oval,Kangaroos,Melbourne,Melbourne,Russell Robertson,12,10,3,6,1,0,2
2005,11,2005-06-05,Manuka Oval,Kangaroos,Melbourne,Melbourne,Colin Sylvia,3,2,3,0,0,0,1
2005,11,2005-06-05,Manuka Oval,Kangaroos,Melbourne,Melbourne,Paul Wheatley,13,9,4,0,0,0,2
2005,11,2005-06-05,Manuka Oval,Kangaroos,Melbourne,Melbourne,Matthew Whelan,10,5,9,0,0,0,3
2005,11,2005-06-05,Manuka Oval,Kangaroos,Melbourne,Melbourne,Jeff White,7,6,9,1,0,20,1
2005,11,2005-06-05,Manuka Oval,Kangaroos,Melbourne,Melbourne,Adem Yze,11,5,2,1,2,0,1
2005,11,2005-06-05,York Park,St Kilda,Port Adelaide,St Kilda,Cain Ackland,5,4,8,0,0,10,2
2005,11,2005-06-05,York Park,St Kilda,Port Adelaide,St Kilda,Steven Baker,4,2,9,0,0,0,0
2005,11,2005-06-05,York Park,St Kilda,Port Adelaide,St Kilda,Luke Ball,11,4,4,1,0,0,3
2005,11,2005-06-05,York Park,St Kilda,Port Adelaide,St Kilda,Barry Brooks,3,2,1,0,0,5,0
2005,11,2005-06-05,York Park,St Kilda,Port Adelaide,St Kilda,Xavier Clarke,11,3,7,0,0,0,3
2005,11,2005-06-05,York Park,St Kilda,Port Adelaide,St Kilda,Nick Dal Santo,14,3,6,0,0,1,7
2005,11,2005-06-05,York Park,St Kilda,Port Adelaide,St Kilda,Sam Fisher,9,5,6,0,0,1,2
2005,11,2005-06-05,York Park,St Kilda,Port Adelaide,St Kilda,Fraser Gehrig,8,5,1,3,3,0,1
2005,11,2005-06-05,York Park,St Kilda,Port Adelaide,St Kilda,Jason Gram,2,0,1,0,1,0,1
2005,11,2005-06-05,York Park,St Kilda,Port Adelaide,St Kilda,Robert Harvey,12,5,4,1,1,0,4
2005,11,2005-06-05,York Park,St Kilda,Port Adelaide,St Kilda,Lenny Hayes,14,3,16,0,0,1,4
2005,11,2005-06-05,York Park,St Kilda,Port Adelaide,St Kilda,Max Hudghton,3,3,3,0,0,0,3
2005,11,2005-06-05,York Park,St Kilda,Port Adelaide,St Kilda,Austinn Jones,9,1,4,0,0,0,0
2005,11,2005-06-05,York Park,St Kilda,Port Adelaide,St Kilda,Matt Maguire,9,5,6,0,1,2,1
2005,11,2005-06-05,York Park,St Kilda,Port Adelaide,St Kilda,Mark McGough,4,4,4,0,0,0,0
2005,11,2005-06-05,York Park,St Kilda,Port Adelaide,St Kilda,Andrew McQualter,14,8,5,1,0,0,1
2005,11,2005-06-05,York Park,St Kilda,Port Adelaide,St Kilda,Stephen Milne,8,5,7,2,1,0,4
2005,11,2005-06-05,York Park,St Kilda,Port Adelaide,St Kilda,Justin Peckett,4,2,2,0,0,0,1
2005,11,2005-06-05,York Park,St Kilda,Port Adelaide,St Kilda,Stephen Powell,6,4,7,0,1,0,3
2005,11,2005-06-05,York Park,St Kilda,Port Adelaide,St Kilda,Nick Riewoldt,11,7,2,2,3,0,0
2005,11,2005-06-05,York Park,St Kilda,Port Adelaide,St Kilda,Andrew Thompson,8,6,6,0,0,0,3
2005,11,2005-06-05,York Park,St Kilda,Port Adelaide,St Kilda,Brett Voss,4,3,3,1,0,0,3
2005,11,2005-06-05,York Park,St Kilda,Port Adelaide,Port Adelaide,Matthew Bishop,5,3,3,0,0,0,0
2005,11,2005-06-05,York Park,St Kilda,Port Adelaide,Port Adelaide,Dean Brogan,8,10,7,1,0,7,1
2005,11,2005-06-05,York Park,St Kilda,Port Adelaide,Port Adelaide,Peter Burgoyne,13,3,12,0,0,0,3
2005,11,2005-06-05,York Park,St Kilda,Port Adelaide,Port Adelaide,Shaun Burgoyne,15,10,13,0,0,0,0
2005,11,2005-06-05,York Park,St Kilda,Port Adelaide,Port Adelaide,Domenic Cassisi,9,6,11,1,0,0,4
2005,11,2005-06-05,York Park,St Kilda,Port Adelaide,Port Adelaide,Stuart Cochrane,6,5,1,0,0,0,2
2005,11,2005-06-05,York Park,St Kilda,Port Adelaide,Port Adelaide,Chad Cornes,17,10,6,0,0,0,1
2005,11,2005-06-05,York Park,St Kilda,Port Adelaide,Port Adelaide,Kane Cornes,15,6,7,0,0,0,2
2005,11,2005-06-05,York Park,St Kilda,Port Adelaide,Port Adelaide,Stuart Dew,7,0,4,1,1,0,1
2005,11,2005-06-05,York Park,St Kilda,Port Adelaide,Port Adelaide,Brett Ebert,4,1,4,2,0,0,0
2005,11,2005-06-05,York Park,St Kilda,Port Adelaide,Port Adelaide,Josh Francou,6,6,8,0,0,0,5
2005,11,2005-06-05,York Park,St Kilda,Port Adelaide,Port Adelaide,Adam Kingsley,18,9,8,2,0,0,1
2005,11,2005-06-05,York Park,St Kilda,Port Adelaide,Port Adelaide,Brendon Lade,6,6,3,1,1,10,1
2005,11,2005-06-05,York Park,St Kilda,Port Adelaide,Port Adelaide,Josh Mahoney,5,4,5,0,2,0,2
2005,11,2005-06-05,York Park,St Kilda,Port Adelaide,Port Adelaide,Brett Montgomery,14,13,8,1,0,0,1
2005,11,2005-06-05,York Park,St Kilda,Port Adelaide,Port Adelaide,Matthew Primus,7,3,3,3,1,8,0
2005,11,2005-06-05,York Park,St Kilda,Port Adelaide,Port Adelaide,Aaron Shattock,4,2,8,0,0,2,0
2005,11,2005-06-05,York Park,St Kilda,Port Adelaide,Port Adelaide,Adam Thomson,1,1,1,0,0,0,1
2005,11,2005-06-05,York Park,St Kilda,Port Adelaide,Port Adelaide,Warren Tredrea,9,6,0,3,2,0,3
2005,11,2005-06-05,York Park,St Kilda,Port Adelaide,Port Adelaide,Darryl Wakelin,9,5,6,0,0,0,0
2005,11,2005-06-05,York Park,St Kilda,Port Adelaide,Port Adelaide,Peter Walsh,1,0,1,0,0,0,0
2005,11,2005-06-05,York Park,St Kilda,Port Adelaide,Port Adelaide,Gavin Wanganeen,6,2,4,1,0,0,2
2005,11,2005-06-05,Docklands,Western Bulldogs,Hawthorn,Western Bulldogs,Shane Birss,8,4,8,0,0,0,1
2005,11,2005-06-05,Docklands,Western Bulldogs,Hawthorn,Western Bulldogs,Adam Cooney,13,8,7,2,0,0,4
2005,11,2005-06-05,Docklands,Western Bulldogs,Hawthorn,Western Bulldogs,Daniel Cross,11,7,18,0,1,0,6
2005,11,2005-06-05,Docklands,Western Bulldogs,Hawthorn,Western Bulldogs,Nathan Eagleton,9,4,6,1,0,1,2
2005,11,2005-06-05,Docklands,Western Bulldogs,Hawthorn,Western Bulldogs,Daniel Giansiracusa,11,3,7,3,2,0,1
2005,11,2005-06-05,Docklands,Western Bulldogs,Hawthorn,Western Bulldogs,Lindsay Gilbee,11,2,8,0,1,0,1
2005,11,2005-06-05,Docklands,Western Bulldogs,Hawthorn,Western Bulldogs,Chris Grant,0,0,0,0,0,0,0
2005,11,2005-06-05,Docklands,Western Bulldogs,Hawthorn,Western Bulldogs,Ryan Griffen,9,5,5,1,1,0,2
2005,11,2005-06-05,Docklands,Western Bulldogs,Hawthorn,Western Bulldogs,Ryan Hargrave,11,4,6,2,0,0,2
2005,11,2005-06-05,Docklands,Western Bulldogs,Hawthorn,Western Bulldogs,Brad Johnson,6,1,4,0,0,0,4
2005,11,2005-06-05,Docklands,Western Bulldogs,Hawthorn,Western Bulldogs,Brian Lake,4,1,1,0,0,0,2
2005,11,2005-06-05,Docklands,Western Bulldogs,Hawthorn,Western Bulldogs,Jordan McMahon,16,3,7,0,0,0,2
2005,11,2005-06-05,Docklands,Western Bulldogs,Hawthorn,Western Bulldogs,Will Minson,4,2,7,0,0,6,5
2005,11,2005-06-05,Docklands,Western Bulldogs,Hawthorn,Western Bulldogs,Adam Morgan,2,1,2,0,0,0,1
2005,11,2005-06-05,Docklands,Western Bulldogs,Hawthorn,Western Bulldogs,Dale Morris,4,3,4,0,0,0,1
2005,11,2005-06-05,Docklands,Western Bulldogs,Hawthorn,Western Bulldogs,Robert Murphy,13,9,3,2,0,0,2
2005,11,2005-06-05,Docklands,Western Bulldogs,Hawthorn,Western Bulldogs,Jade Rawlings,9,7,5,0,0,0,2
2005,11,2005-06-05,Docklands,Western Bulldogs,Hawthorn,Western Bulldogs,Farren Ray,11,3,8,0,0,0,0
2005,11,2005-06-05,Docklands,Western Bulldogs,Hawthorn,Western Bulldogs,Matthew Robbins,8,4,1,4,1,0,3
2005,11,2005-06-05,Docklands,Western Bulldogs,Hawthorn,Western Bulldogs,Rohan Smith,13,8,3,2,0,0,1
2005,11,2005-06-05,Docklands,Western Bulldogs,Hawthorn,Western Bulldogs,Peter Street,3,3,7,0,0,15,3
2005,11,2005-06-05,Docklands,Western Bulldogs,Hawthorn,Western Bulldogs,Scott West,11,4,17,0,0,0,4
2005,11,2005-06-05,Docklands,Western Bulldogs,Hawthorn,Hawthorn,Luke Brennan,8,6,2,1,0,0,0
2005,11,2005-06-05,Docklands,Western Bulldogs,Hawthorn,Hawthorn,Campbell Brown,14,9,10,0,0,0,2
2005,11,2005-06-05,Docklands,Western Bulldogs,Hawthorn,Hawthorn,Tim Clarke,7,4,6,1,0,0,1
2005,11,2005-06-05,Docklands,Western Bulldogs,Hawthorn,Hawthorn,Shane Crawford,8,3,6,0,1,1,2
2005,11,2005-06-05,Docklands,Western Bulldogs,Hawthorn,Hawthorn,Trent Croad,8,3,7,0,0,0,1
2005,11,2005-06-05,Docklands,Western Bulldogs,Hawthorn,Hawthorn,Ben Dixon,2,0,2,0,0,0,2
2005,11,2005-06-05,Docklands,Western Bulldogs,Hawthorn,Hawthorn,Peter Everitt,9,4,4,1,2,35,1
2005,11,2005-06-05,Docklands,Western Bulldogs,Hawthorn,Hawthorn,Lance Franklin,8,3,4,0,1,0,3
2005,11,2005-06-05,Docklands,Western Bulldogs,Hawthorn,Hawthorn,Steven Greene,3,1,3,0,0,0,1
2005,11,2005-06-05,Docklands,Western Bulldogs,Hawthorn,Hawthorn,Jonathan Hay,6,9,11,0,0,0,0
2005,11,2005-06-05,Docklands,Western Bulldogs,Hawthorn,Hawthorn,Luke Hodge,19,4,10,0,1,2,3
2005,11,2005-06-05,Docklands,Western Bulldogs,Hawthorn,Hawthorn,Nick Holland,3,4,7,1,0,0,2
2005,11,2005-06-05,Docklands,Western Bulldogs,Hawthorn,Hawthorn,Danny Jacobs,4,1,9,0,0,0,0
2005,11,2005-06-05,Docklands,Western Bulldogs,Hawthorn,Hawthorn,Rick Ladson,12,5,6,1,1,0,2
2005,11,2005-06-05,Docklands,Western Bulldogs,Hawthorn,Hawthorn,Jordan Lewis,14,10,9,0,0,0,1
2005,11,2005-06-05,Docklands,Western Bulldogs,Hawthorn,Hawthorn,Sam Mitchell,11,1,7,0,0,0,4
2005,11,2005-06-05,Docklands,Western Bulldogs,Hawthorn,Hawthorn,Michael Osborne,6,4,7,0,0,0,3
2005,11,2005-06-05,Docklands,Western Bulldogs,Hawthorn,Hawthorn,Nick Ries,5,5,11,0,0,0,3
2005,11,2005-06-05,Docklands,Western Bulldogs,Hawthorn,Hawthorn,Brad Sewell,8,4,3,0,0,0,2
2005,11,2005-06-05,Docklands,Western Bulldogs,Hawthorn,Hawthorn,Joel Smith,14,6,10,1,0,0,0
2005,11,2005-06-05,Docklands,Western Bulldogs,Hawthorn,Hawthorn,Richard Vandenberg,13,6,10,1,1,0,5
2005,11,2005-06-05,Docklands,Western Bulldogs,Hawthorn,Hawthorn,Mark Williams,9,7,0,6,1,0,3
2005,12,2005-06-10,Subiaco,West Coast,Essendon,West Coast,Drew Banfield,10,5,4,0,0,0,3
2005,12,2005-06-10,Subiaco,West Coast,Essendon,West Coast,Michael Braun,19,6,11,0,0,0,4
2005,12,2005-06-10,Subiaco,West Coast,Essendon,West Coast,Daniel Chick,11,3,3,0,2,0,7
2005,12,2005-06-10,Subiaco,West Coast,Essendon,West Coast,Ben Cousins,19,4,9,1,0,0,1
2005,12,2005-06-10,Subiaco,West Coast,Essendon,West Coast,Dean Cox,10,2,7,0,1,28,1
2005,12,2005-06-10,Subiaco,West Coast,Essendon,West Coast,Aaron Edwards,5,2,1,0,2,0,3
2005,12,2005-06-10,Subiaco,West Coast,Essendon,West Coast,Andrew Embley,16,2,5,2,2,0,3
2005,12,2005-06-10,Subiaco,West Coast,Essendon,West Coast,Chad Fletcher,10,3,6,0,1,0,0
2005,12,2005-06-10,Subiaco,West Coast,Essendon,West Coast,Darren Glass,5,2,6,0,0,0,0
2005,12,2005-06-10,Subiaco,West Coast,Essendon,West Coast,Ashley Hansen,8,7,5,1,1,0,3
2005,12,2005-06-10,Subiaco,West Coast,Essendon,West Coast,Adam Hunter,4,5,7,0,0,1,2
2005,12,2005-06-10,Subiaco,West Coast,Essendon,West Coast,Brett Jones,7,3,2,0,0,0,2
2005,12,2005-06-10,Subiaco,West Coast,Essendon,West Coast,Chris Judd,12,3,15,0,1,0,2
2005,12,2005-06-10,Subiaco,West Coast,Essendon,West Coast,Daniel Kerr,11,2,15,0,0,0,6
2005,12,2005-06-10,Subiaco,West Coast,Essendon,West Coast,Quinten Lynch,10,3,3,3,1,1,0
2005,12,2005-06-10,Subiaco,West Coast,Essendon,West Coast,Phillip Matera,7,1,2,4,1,0,2
2005,12,2005-06-10,Subiaco,West Coast,Essendon,West Coast,Mark Nicoski,10,3,5,0,1,0,2
2005,12,2005-06-10,Subiaco,West Coast,Essendon,West Coast,Mark Seaby,6,3,4,0,1,14,0
2005,12,2005-06-10,Subiaco,West Coast,Essendon,West Coast,Adam Selwood,9,2,2,2,0,0,7
2005,12,2005-06-10,Subiaco,West Coast,Essendon,West Coast,Brent Staker,9,1,4,2,0,0,0
2005,12,2005-06-10,Subiaco,West Coast,Essendon,West Coast,Tyson Stenglein,3,1,6,0,1,0,4
2005,12,2005-06-10,Subiaco,West Coast,Essendon,West Coast,David Wirrpanda,16,7,7,0,0,0,1
2005,12,2005-06-10,Subiaco,West Coast,Essendon,Essendon,Mark Alvey,3,1,2,0,0,0,1
2005,12,2005-06-10,Subiaco,West Coast,Essendon,Essendon,Mark Bolton,11,5,0,1,1,3,4
2005,12,2005-06-10,Subiaco,West Coast,Essendon,Essendon,Kepler Bradley,6,2,4,0,0,0,0
2005,12,2005-06-10,Subiaco,West Coast,Essendon,Essendon,David Hille,6,1,13,1,1,13,4
2005,12,2005-06-10,Subiaco,West Coast,Essendon,Essendon,James Hird,13,1,4,0,0,0,8
2005,12,2005-06-10,Subiaco,West Coast,Essendon,Essendon,Sam Hunt,5,0,2,0,0,0,0
2005,12,2005-06-10,Subiaco,West Coast,Essendon,Essendon,Jason Johnson,12,1,13,0,2,0,7
2005,12,2005-06-10,Subiaco,West Coast,Essendon,Essendon,Mark Johnson,19,4,7,2,1,0,4
2005,12,2005-06-10,Subiaco,West Coast,Essendon,Essendon,Jason Laycock,3,1,2,0,0,7,0
2005,12,2005-06-10,Subiaco,West Coast,Essendon,Essendon,Matthew Lloyd,12,3,5,3,0,0,2
2005,12,2005-06-10,Subiaco,West Coast,Essendon,Essendon,Andrew Lovett,0,0,1,0,0,0,0
2005,12,2005-06-10,Subiaco,West Coast,Essendon,Essendon,Nathan Lovett-Murray,7,0,5,1,0,1,0
2005,12,2005-06-10,Subiaco,West Coast,Essendon,Essendon,Scott Lucas,16,3,3,3,1,0,4
2005,12,2005-06-10,Subiaco,West Coast,Essendon,Essendon,Adam McPhee,16,9,7,0,0,1,4
2005,12,2005-06-10,Subiaco,West Coast,Essendon,Essendon,Mark McVeigh,9,3,3,0,0,0,0
2005,12,2005-06-10,Subiaco,West Coast,Essendon,Essendon,Angus Monfries,7,2,10,0,1,0,5
2005,12,2005-06-10,Subiaco,West Coast,Essendon,Essendon,Justin Murphy,6,4,8,1,0,0,1
2005,12,2005-06-10,Subiaco,West Coast,Essendon,Essendon,Damien Peverill,5,1,10,0,1,0,4
2005,12,2005-06-10,Subiaco,West Coast,Essendon,Essendon,Dean Solomon,6,1,8,0,0,0,4
2005,12,2005-06-10,Subiaco,West Coast,Essendon,Essendon,Brent Stanton,15,4,5,0,1,0,3
2005,12,2005-06-10,Subiaco,West Coast,Essendon,Essendon,Andrew Welsh,15,6,5,0,0,0,1
2005,12,2005-06-10,Subiaco,West Coast,Essendon,Essendon,Ty Zantuck,5,3,2,0,0,0,2
2005,12,2005-06-11,M.C.G.,Hawthorn,St Kilda,Hawthorn,John Barker,8,5,5,0,0,0,0
2005,12,2005-06-11,M.C.G.,Hawthorn,St Kilda,Hawthorn,Chance Bateman,14,5,8,0,0,0,3
2005,12,2005-06-11,M.C.G.,Hawthorn,St Kilda,Hawthorn,Luke Brennan,2,3,4,1,0,0,0
2005,12,2005-06-11,M.C.G.,Hawthorn,St Kilda,Hawthorn,Campbell Brown,12,2,7,0,0,0,2
2005,12,2005-06-11,M.C.G.,Hawthorn,St Kilda,Hawthorn,Tim Clarke,6,4,9,0,0,0,0
2005,12,2005-06-11,M.C.G.,Hawthorn,St Kilda,Hawthorn,Shane Crawford,16,9,13,0,0,1,3
2005,12,2005-06-11,M.C.G.,Hawthorn,St Kilda,Hawthorn,Trent Croad,8,3,4,0,0,2,2
2005,12,2005-06-11,M.C.G.,Hawthorn,St Kilda,Hawthorn,Ben Dixon,9,9,1,2,0,0,1
2005,12,2005-06-11,M.C.G.,Hawthorn,St Kilda,Hawthorn,Peter Everitt,11,9,7,1,1,13,4
2005,12,2005-06-11,M.C.G.,Hawthorn,St Kilda,Hawthorn,Lance Franklin,2,2,2,1,0,0,0
2005,12,2005-06-11,M.C.G.,Hawthorn,St Kilda,Hawthorn,Jonathan Hay,6,4,4,0,0,0,0
2005,12,2005-06-11,M.C.G.,Hawthorn,St Kilda,Hawthorn,Luke Hodge,15,4,8,1,0,0,6
2005,12,2005-06-11,M.C.G.,Hawthorn,St Kilda,Hawthorn,Rick Ladson,7,4,6,1,0,0,3
2005,12,2005-06-11,M.C.G.,Hawthorn,St Kilda,Hawthorn,Harry Miller,10,5,2,0,1,0,4
2005,12,2005-06-11,M.C.G.,Hawthorn,St Kilda,Hawthorn,Sam Mitchell,24,9,12,0,0,0,4
2005,12,2005-06-11,M.C.G.,Hawthorn,St Kilda,Hawthorn,Michael Osborne,8,3,5,0,0,0,2
2005,12,2005-06-11,M.C.G.,Hawthorn,St Kilda,Hawthorn,Nick Ries,2,1,5,0,0,0,0
2005,12,2005-06-11,M.C.G.,Hawthorn,St Kilda,Hawthorn,Brad Sewell,8,3,5,0,1,0,0
2005,12,2005-06-11,M.C.G.,Hawthorn,St Kilda,Hawthorn,Joel Smith,8,2,9,0,0,0,0
2005,12,2005-06-11,M.C.G.,Hawthorn,St Kilda,Hawthorn,Simon Taylor,2,3,6,0,0,9,0
2005,12,2005-06-11,M.C.G.,Hawthorn,St Kilda,Hawthorn,Richard Vandenberg,9,7,12,0,0,0,0
2005,12,2005-06-11,M.C.G.,Hawthorn,St Kilda,Hawthorn,Mark Williams,7,4,2,1,1,0,1
2005,12,2005-06-11,M.C.G.,Hawthorn,St Kilda,St Kilda,Cain Ackland,9,9,8,0,0,16,0
2005,12,2005-06-11,M.C.G.,Hawthorn,St Kilda,St Kilda,Steven Baker,9,7,5,1,0,0,1
2005,12,2005-06-11,M.C.G.,Hawthorn,St Kilda,St Kilda,Luke Ball,9,3,10,0,0,0,5
2005,12,2005-06-11,M.C.G.,Hawthorn,St Kilda,St Kilda,Raphael Clarke,9,7,13,0,0,0,1
2005,12,2005-06-11,M.C.G.,Hawthorn,St Kilda,St Kilda,Nick Dal Santo,10,4,10,0,0,0,3
2005,12,2005-06-11,M.C.G.,Hawthorn,St Kilda,St Kilda,Aaron Fiora,4,1,1,1,0,0,1
2005,12,2005-06-11,M.C.G.,Hawthorn,St Kilda,St Kilda,Sam Fisher,10,3,2,0,0,0,0
2005,12,2005-06-11,M.C.G.,Hawthorn,St Kilda,St Kilda,Fraser Gehrig,17,14,2,6,6,0,1
2005,12,2005-06-11,M.C.G.,Hawthorn,St Kilda,St Kilda,Brendon Goddard,16,5,3,0,0,1,2
2005,12,2005-06-11,M.C.G.,Hawthorn,St Kilda,St Kilda,Robert Harvey,12,8,7,0,0,0,2
2005,12,2005-06-11,M.C.G.,Hawthorn,St Kilda,St Kilda,Lenny Hayes,12,9,15,0,1,0,2
2005,12,2005-06-11,M.C.G.,Hawthorn,St Kilda,St Kilda,Max Hudghton,2,4,6,0,0,0,1
2005,12,2005-06-11,M.C.G.,Hawthorn,St Kilda,St Kilda,Austinn Jones,12,3,5,0,0,0,1
2005,12,2005-06-11,M.C.G.,Hawthorn,St Kilda,St Kilda,Matt Maguire,17,5,8,3,0,0,2
2005,12,2005-06-11,M.C.G.,Hawthorn,St Kilda,St Kilda,Andrew McQualter,5,0,10,0,0,0,2
2005,12,2005-06-11,M.C.G.,Hawthorn,St Kilda,St Kilda,Stephen Milne,6,2,6,0,0,1,2
2005,12,2005-06-11,M.C.G.,Hawthorn,St Kilda,St Kilda,Allan Murray,4,3,1,2,0,0,0
2005,12,2005-06-11,M.C.G.,Hawthorn,St Kilda,St Kilda,Justin Peckett,13,7,6,1,0,0,1
2005,12,2005-06-11,M.C.G.,Hawthorn,St Kilda,St Kilda,Stephen Powell,6,3,10,0,0,0,4
2005,12,2005-06-11,M.C.G.,Hawthorn,St Kilda,St Kilda,Nick Riewoldt,12,8,4,1,1,3,2
2005,12,2005-06-11,M.C.G.,Hawthorn,St Kilda,St Kilda,Andrew Thompson,0,1,3,0,0,0,4
2005,12,2005-06-11,M.C.G.,Hawthorn,St Kilda,St Kilda,Brett Voss,9,8,3,0,0,0,2
2005,12,2005-06-11,Docklands,Carlton,Brisbane Lions,Carlton,Eddie Betts,4,1,3,0,1,0,4
2005,12,2005-06-11,Docklands,Carlton,Brisbane Lions,Carlton,Glen Bowyer,3,2,0,0,0,0,0
2005,12,2005-06-11,Docklands,Carlton,Brisbane Lions,Carlton,Chris Bryan,4,1,3,0,0,5,2
2005,12,2005-06-11,Docklands,Carlton,Brisbane Lions,Carlton,Scott Camporeale,11,2,4,0,0,0,3
2005,12,2005-06-11,Docklands,Carlton,Brisbane Lions,Carlton,Andrew Carrazzo,9,3,2,0,0,0,5
2005,12,2005-06-11,Docklands,Carlton,Brisbane Lions,Carlton,Justin Davies,5,2,7,1,0,0,2
2005,12,2005-06-11,Docklands,Carlton,Brisbane Lions,Carlton,Brendan Fevola,6,2,1,2,2,0,1
2005,12,2005-06-11,Docklands,Carlton,Brisbane Lions,Carlton,Ryan Houlihan,18,10,2,1,1,0,2
2005,12,2005-06-11,Docklands,Carlton,Brisbane Lions,Carlton,Brett Johnson,4,0,8,0,1,0,2
2005,12,2005-06-11,Docklands,Carlton,Brisbane Lions,Carlton,Anthony Koutoufides,12,3,16,0,1,0,3
2005,12,2005-06-11,Docklands,Carlton,Brisbane Lions,Carlton,Matthew Lappin,21,13,6,1,0,0,0
2005,12,2005-06-11,Docklands,Carlton,Brisbane Lions,Carlton,Luke Livingston,5,3,1,0,0,0,2
2005,12,2005-06-11,Docklands,Carlton,Brisbane Lions,Carlton,Cory McGrath,5,1,8,0,0,0,2
2005,12,2005-06-11,Docklands,Carlton,Brisbane Lions,Carlton,Ian Prendergast,9,0,3,0,0,8,1
2005,12,2005-06-11,Docklands,Carlton,Brisbane Lions,Carlton,Heath Scotland,5,4,10,1,0,0,0
2005,12,2005-06-11,Docklands,Carlton,Brisbane Lions,Carlton,Trent Sporn,8,5,1,0,0,0,0
2005,12,2005-06-11,Docklands,Carlton,Brisbane Lions,Carlton,Nick Stevens,5,1,8,0,0,0,3
2005,12,2005-06-11,Docklands,Carlton,Brisbane Lions,Carlton,David Teague,2,1,1,0,0,0,2
2005,12,2005-06-11,Docklands,Carlton,Brisbane Lions,Carlton,Bret Thornton,5,4,2,0,0,0,0
2005,12,2005-06-11,Docklands,Carlton,Brisbane Lions,Carlton,Jarrad Waite,10,9,3,1,2,0,4
2005,12,2005-06-11,Docklands,Carlton,Brisbane Lions,Carlton,Andrew Walker,13,3,3,1,0,0,3
2005,12,2005-06-11,Docklands,Carlton,Brisbane Lions,Carlton,Lance Whitnall,13,10,6,4,2,1,0
2005,12,2005-06-11,Docklands,Carlton,Brisbane Lions,Brisbane Lions,Jed Adcock,15,5,7,0,0,0,2
2005,12,2005-06-11,Docklands,Carlton,Brisbane Lions,Brisbane Lions,Jason Akermanis,11,3,7,1,1,0,5
2005,12,2005-06-11,Docklands,Carlton,Brisbane Lions,Brisbane Lions,Simon Black,11,3,8,1,1,0,5
2005,12,2005-06-11,Docklands,Carlton,Brisbane Lions,Brisbane Lions,Daniel Bradshaw,14,13,4,1,0,0,1
2005,12,2005-06-11,Docklands,Carlton,Brisbane Lions,Brisbane Lions,Jonathan Brown,14,9,8,4,0,0,1
2005,12,2005-06-11,Docklands,Carlton,Brisbane Lions,Brisbane Lions,Robert Copeland,8,5,5,0,0,0,4
2005,12,2005-06-11,Docklands,Carlton,Brisbane Lions,Brisbane Lions,Anthony Corrie,7,4,4,3,0,0,0
2005,12,2005-06-11,Docklands,Carlton,Brisbane Lions,Brisbane Lions,Josh Drummond,13,10,7,1,0,0,0
2005,12,2005-06-11,Docklands,Carlton,Brisbane Lions,Brisbane Lions,Chris Johnson,8,7,11,0,0,0,1
2005,12,2005-06-11,Docklands,Carlton,Brisbane Lions,Brisbane Lions,Clark Keating,6,4,6,1,0,26,4
2005,12,2005-06-11,Docklands,Carlton,Brisbane Lions,Brisbane Lions,Justin Leppitsch,9,8,6,0,0,0,0
2005,12,2005-06-11,Docklands,Carlton,Brisbane Lions,Brisbane Lions,Joel Macdonald,9,7,6,0,1,0,1
2005,12,2005-06-11,Docklands,Carlton,Brisbane Lions,Brisbane Lions,Ashley McGrath,5,0,2,2,2,0,3
2005,12,2005-06-11,Docklands,Carlton,Brisbane Lions,Brisbane Lions,Dylan McLaren,4,1,4,0,0,18,2
2005,12,2005-06-11,Docklands,Carlton,Brisbane Lions,Brisbane Lions,Daniel Merrett,4,3,2,2,1,0,0
2005,12,2005-06-11,Docklands,Carlton,Brisbane Lions,Brisbane Lions,Mal Michael,11,5,5,0,0,1,1
2005,12,2005-06-11,Docklands,Carlton,Brisbane Lions,Brisbane Lions,Tim Notting,14,7,13,2,3,0,1
2005,12,2005-06-11,Docklands,Carlton,Brisbane Lions,Brisbane Lions,Luke Power,15,6,6,2,1,0,3
2005,12,2005-06-11,Docklands,Carlton,Brisbane Lions,Brisbane Lions,Brad Scott,3,2,4,0,0,0,0
2005,12,2005-06-11,Docklands,Carlton,Brisbane Lions,Brisbane Lions,Troy Selwood,7,4,3,0,0,0,4
2005,12,2005-06-11,Docklands,Carlton,Brisbane Lions,Brisbane Lions,Justin Sherman,9,7,5,0,0,0,0
2005,12,2005-06-11,Docklands,Carlton,Brisbane Lions,Brisbane Lions,Michael Voss,10,3,9,1,0,0,4
2005,12,2005-06-11,Football Park,Port Adelaide,Western Bulldogs,Port Adelaide,Matthew Bishop,5,2,3,0,0,0,1
2005,12,2005-06-11,Football Park,Port Adelaide,Western Bulldogs,Port Adelaide,Peter Burgoyne,8,3,6,0,0,0,0
2005,12,2005-06-11,Football Park,Port Adelaide,Western Bulldogs,Port Adelaide,Shaun Burgoyne,8,4,7,0,0,0,2
2005,12,2005-06-11,Football Park,Port Adelaide,Western Bulldogs,Port Adelaide,Domenic Cassisi,13,7,8,1,0,0,2
2005,12,2005-06-11,Football Park,Port Adelaide,Western Bulldogs,Port Adelaide,Stuart Cochrane,5,2,11,0,0,0,3
2005,12,2005-06-11,Football Park,Port Adelaide,Western Bulldogs,Port Adelaide,Chad Cornes,22,13,9,1,1,2,2
2005,12,2005-06-11,Football Park,Port Adelaide,Western Bulldogs,Port Adelaide,Kane Cornes,14,5,20,1,0,0,5
2005,12,2005-06-11,Football Park,Port Adelaide,Western Bulldogs,Port Adelaide,Stuart Dew,9,3,13,0,1,0,2
2005,12,2005-06-11,Football Park,Port Adelaide,Western Bulldogs,Port Adelaide,Brett Ebert,8,4,0,1,1,0,3
2005,12,2005-06-11,Football Park,Port Adelaide,Western Bulldogs,Port Adelaide,Josh Francou,9,6,15,3,0,0,3
2005,12,2005-06-11,Football Park,Port Adelaide,Western Bulldogs,Port Adelaide,Adam Kingsley,13,1,7,0,1,0,2
2005,12,2005-06-11,Football Park,Port Adelaide,Western Bulldogs,Port Adelaide,Brendon Lade,8,4,6,1,0,19,3
2005,12,2005-06-11,Football Park,Port Adelaide,Western Bulldogs,Port Adelaide,Josh Mahoney,10,8,6,1,0,0,0
2005,12,2005-06-11,Football Park,Port Adelaide,Western Bulldogs,Port Adelaide,Brett Montgomery,13,9,11,0,1,0,1
2005,12,2005-06-11,Football Park,Port Adelaide,Western Bulldogs,Port Adelaide,Byron Pickett,11,4,2,4,0,0,1
2005,12,2005-06-11,Football Park,Port Adelaide,Western Bulldogs,Port Adelaide,Matthew Primus,3,1,6,0,0,19,1
2005,12,2005-06-11,Football Park,Port Adelaide,Western Bulldogs,Port Adelaide,Jacob Surjan,4,4,1,0,2,0,0
2005,12,2005-06-11,Football Park,Port Adelaide,Western Bulldogs,Port Adelaide,Adam Thomson,2,2,5,0,0,0,4
2005,12,2005-06-11,Football Park,Port Adelaide,Western Bulldogs,Port Adelaide,Warren Tredrea,15,8,3,2,5,0,0
2005,12,2005-06-11,Football Park,Port Adelaide,Western Bulldogs,Port Adelaide,Darryl Wakelin,5,4,6,0,0,0,0
2005,12,2005-06-11,Football Park,Port Adelaide,Western Bulldogs,Port Adelaide,Peter Walsh,11,4,9,1,1,0,4
2005,12,2005-06-11,Football Park,Port Adelaide,Western Bulldogs,Port Adelaide,Gavin Wanganeen,7,4,9,1,0,0,3
2005,12,2005-06-11,Football Park,Port Adelaide,Western Bulldogs,Western Bulldogs,Shane Birss,2,3,7,0,0,0,1
2005,12,2005-06-11,Football Park,Port Adelaide,Western Bulldogs,Western Bulldogs,Patrick Bowden,4,2,3,0,1,0,0
2005,12,2005-06-11,Football Park,Port Adelaide,Western Bulldogs,Western Bulldogs,Matthew Boyd,5,2,2,0,0,0,2
2005,12,2005-06-11,Football Park,Port Adelaide,Western Bulldogs,Western Bulldogs,Adam Cooney,16,5,11,3,0,0,4
2005,12,2005-06-11,Football Park,Port Adelaide,Western Bulldogs,Western Bulldogs,Daniel Cross,10,6,17,0,0,2,3
2005,12,2005-06-11,Football Park,Port Adelaide,Western Bulldogs,Western Bulldogs,Nathan Eagleton,18,7,8,1,0,0,3
2005,12,2005-06-11,Football Park,Port Adelaide,Western Bulldogs,Western Bulldogs,Cameron Faulkner,8,3,1,1,2,0,2
2005,12,2005-06-11,Football Park,Port Adelaide,Western Bulldogs,Western Bulldogs,Lindsay Gilbee,14,4,7,0,0,0,3
2005,12,2005-06-11,Football Park,Port Adelaide,Western Bulldogs,Western Bulldogs,Ryan Griffen,6,2,7,0,0,0,0
2005,12,2005-06-11,Football Park,Port Adelaide,Western Bulldogs,Western Bulldogs,Ryan Hargrave,7,6,8,3,0,0,2
2005,12,2005-06-11,Football Park,Port Adelaide,Western Bulldogs,Western Bulldogs,Brad Johnson,6,2,5,0,1,0,0
2005,12,2005-06-11,Football Park,Port Adelaide,Western Bulldogs,Western Bulldogs,Brian Lake,11,3,2,0,0,0,0
2005,12,2005-06-11,Football Park,Port Adelaide,Western Bulldogs,Western Bulldogs,Jordan McMahon,16,8,5,0,0,0,4
2005,12,2005-06-11,Football Park,Port Adelaide,Western Bulldogs,Western Bulldogs,Will Minson,1,0,1,0,0,3,2
2005,12,2005-06-11,Football Park,Port Adelaide,Western Bulldogs,Western Bulldogs,Robert Murphy,11,5,1,2,2,0,1
2005,12,2005-06-11,Football Park,Port Adelaide,Western Bulldogs,Western Bulldogs,Jade Rawlings,7,6,5,0,0,0,1
2005,12,2005-06-11,Football Park,Port Adelaide,Western Bulldogs,Western Bulldogs,Farren Ray,10,1,5,1,1,0,0
2005,12,2005-06-11,Football Park,Port Adelaide,Western Bulldogs,Western Bulldogs,Matthew Robbins,8,3,3,2,2,0,3
2005,12,2005-06-11,Football Park,Port Adelaide,Western Bulldogs,Western Bulldogs,Rohan Smith,13,7,6,2,2,0,1
2005,12,2005-06-11,Football Park,Port Adelaide,Western Bulldogs,Western Bulldogs,Peter Street,5,1,7,0,1,20,3
2005,12,2005-06-11,Football Park,Port Adelaide,Western Bulldogs,Western Bulldogs,Scott West,15,8,21,0,0,0,3
2005,12,2005-06-11,Football Park,Port Adelaide,Western Bulldogs,Western Bulldogs,Cameron Wight,2,2,2,0,0,1,1
2005,12,2005-06-12,S.C.G.,Sydney,Fremantle,Sydney,Luke Ablett,12,3,2,0,0,0,6
2005,12,2005-06-12,S.C.G.,Sydney,Fremantle,Sydney,Jason Ball,7,6,9,0,0,10,1
2005,12,2005-06-12,S.C.G.,Sydney,Fremantle,Sydney,Leo Barry,7,8,9,0,0,0,0
2005,12,2005-06-12,S.C.G.,Sydney,Fremantle,Sydney,Paul Bevan,2,0,2,0,0,0,2
2005,12,2005-06-12,S.C.G.,Sydney,Fremantle,Sydney,Craig Bolton,5,2,3,0,0,0,1
2005,12,2005-06-12,S.C.G.,Sydney,Fremantle,Sydney,Amon Buchanan,15,4,9,1,0,0,4
2005,12,2005-06-12,S.C.G.,Sydney,Fremantle,Sydney,Jared Crouch,6,2,3,0,0,0,4
2005,12,2005-06-12,S.C.G.,Sydney,Fremantle,Sydney,Nick Davis,9,0,6,2,2,0,2
2005,12,2005-06-12,S.C.G.,Sydney,Fremantle,Sydney,Sean Dempster,2,1,3,0,0,0,0
2005,12,2005-06-12,S.C.G.,Sydney,Fremantle,Sydney,Adam Goodes,14,5,2,1,0,6,2
2005,12,2005-06-12,S.C.G.,Sydney,Fremantle,Sydney,Barry Hall,12,7,4,4,4,1,1
2005,12,2005-06-12,S.C.G.,Sydney,Fremantle,Sydney,Darren Jolly,7,6,4,0,0,14,3
2005,12,2005-06-12,S.C.G.,Sydney,Fremantle,Sydney,Tadhg Kennelly,11,4,11,0,0,0,0
2005,12,2005-06-12,S.C.G.,Sydney,Fremantle,Sydney,Brett Kirk,9,1,12,0,0,0,5
2005,12,2005-06-12,S.C.G.,Sydney,Fremantle,Sydney,Nick Malceski,4,1,5,0,0,1,2
2005,12,2005-06-12,S.C.G.,Sydney,Fremantle,Sydney,Ben Mathews,11,4,6,1,0,0,4
2005,12,2005-06-12,S.C.G.,Sydney,Fremantle,Sydney,Jarrad McVeigh,7,5,6,2,1,0,5
2005,12,2005-06-12,S.C.G.,Sydney,Fremantle,Sydney,Ryan OKeefe,13,3,3,0,4,0,4
2005,12,2005-06-12,S.C.G.,Sydney,Fremantle,Sydney,Michael OLoughlin,5,4,7,4,0,0,2
2005,12,2005-06-12,S.C.G.,Sydney,Fremantle,Sydney,Lewis Roberts-Thomson,2,4,5,0,0,2,1
2005,12,2005-06-12,S.C.G.,Sydney,Fremantle,Sydney,Jason Saddington,10,3,3,1,1,0,0
2005,12,2005-06-12,S.C.G.,Sydney,Fremantle,Sydney,Paul Williams,16,3,9,0,0,0,4
2005,12,2005-06-12,S.C.G.,Sydney,Fremantle,Fremantle,Peter Bell,11,2,8,1,0,0,5
2005,12,2005-06-12,S.C.G.,Sydney,Fremantle,Fremantle,Heath Black,9,1,5,0,0,0,0
2005,12,2005-06-12,S.C.G.,Sydney,Fremantle,Fremantle,Josh Carr,7,1,3,0,0,0,2
2005,12,2005-06-12,S.C.G.,Sydney,Fremantle,Fremantle,Troy Cook,10,5,11,0,0,1,5
2005,12,2005-06-12,S.C.G.,Sydney,Fremantle,Fremantle,Ryan Crowley,2,2,6,0,0,0,1
2005,12,2005-06-12,S.C.G.,Sydney,Fremantle,Fremantle,Jeff Farmer,13,4,3,2,3,0,0
2005,12,2005-06-12,S.C.G.,Sydney,Fremantle,Fremantle,Daniel Gilmore,17,8,0,1,0,2,1
2005,12,2005-06-12,S.C.G.,Sydney,Fremantle,Fremantle,Antoni Grover,2,2,2,0,0,0,5
2005,12,2005-06-12,S.C.G.,Sydney,Fremantle,Fremantle,Paul Hasleby,6,3,7,1,1,1,0
2005,12,2005-06-12,S.C.G.,Sydney,Fremantle,Fremantle,Michael Johnson,2,0,5,0,0,1,0
2005,12,2005-06-12,S.C.G.,Sydney,Fremantle,Fremantle,Justin Longmuir,10,7,5,1,1,17,1
2005,12,2005-06-12,S.C.G.,Sydney,Fremantle,Fremantle,Paul Medhurst,6,2,1,1,2,0,2
2005,12,2005-06-12,S.C.G.,Sydney,Fremantle,Fremantle,David Mundy,10,7,7,0,1,0,0
2005,12,2005-06-12,S.C.G.,Sydney,Fremantle,Fremantle,Ryan Murphy,3,3,2,1,0,0,0
2005,12,2005-06-12,S.C.G.,Sydney,Fremantle,Fremantle,Shane Parker,6,6,8,0,0,0,1
2005,12,2005-06-12,S.C.G.,Sydney,Fremantle,Fremantle,Matthew Pavlich,14,7,4,1,1,0,2
2005,12,2005-06-12,S.C.G.,Sydney,Fremantle,Fremantle,Aaron Sandilands,3,0,3,0,0,18,0
2005,12,2005-06-12,S.C.G.,Sydney,Fremantle,Fremantle,Byron Schammer,12,3,7,0,0,0,6
2005,12,2005-06-12,S.C.G.,Sydney,Fremantle,Fremantle,Jarrad Schofield,9,4,6,0,0,0,1
2005,12,2005-06-12,S.C.G.,Sydney,Fremantle,Fremantle,Dylan Smith,6,2,6,1,0,0,0
2005,12,2005-06-12,S.C.G.,Sydney,Fremantle,Fremantle,Scott Thornton,4,5,6,0,0,0,1
2005,12,2005-06-12,S.C.G.,Sydney,Fremantle,Fremantle,Luke Webster,4,2,1,0,0,0,0
2005,12,2005-06-12,Kardinia Park,Geelong,Adelaide,Geelong,Gary Ablett,7,3,7,0,2,0,1
2005,12,2005-06-12,Kardinia Park,Geelong,Adelaide,Geelong,Jimmy Bartel,9,3,12,0,0,0,3
2005,12,2005-06-12,Kardinia Park,Geelong,Adelaide,Geelong,Shannon Byrnes,5,2,6,0,1,0,1
2005,12,2005-06-12,Kardinia Park,Geelong,Adelaide,Geelong,Paul Chambers,3,2,6,0,0,11,3
2005,12,2005-06-12,Kardinia Park,Geelong,Adelaide,Geelong,Paul Chapman,19,10,7,1,0,0,3
2005,12,2005-06-12,Kardinia Park,Geelong,Adelaide,Geelong,Joel Corey,10,7,12,0,0,2,4
2005,12,2005-06-12,Kardinia Park,Geelong,Adelaide,Geelong,Matthew Egan,4,3,5,0,0,0,1
2005,12,2005-06-12,Kardinia Park,Geelong,Adelaide,Geelong,Corey Enright,2,2,2,0,0,0,0
2005,12,2005-06-12,Kardinia Park,Geelong,Adelaide,Geelong,Charlie Gardiner,4,4,6,0,0,0,2
2005,12,2005-06-12,Kardinia Park,Geelong,Adelaide,Geelong,Josh Hunt,16,7,5,0,0,0,1
2005,12,2005-06-12,Kardinia Park,Geelong,Adelaide,Geelong,James Kelly,9,3,10,0,0,0,4
2005,12,2005-06-12,Kardinia Park,Geelong,Adelaide,Geelong,Kent Kingsley,6,4,6,0,1,0,1
2005,12,2005-06-12,Kardinia Park,Geelong,Adelaide,Geelong,Cameron Ling,22,9,15,1,2,0,1
2005,12,2005-06-12,Kardinia Park,Geelong,Adelaide,Geelong,Andrew Mackie,5,1,3,0,0,0,4
2005,12,2005-06-12,Kardinia Park,Geelong,Adelaide,Geelong,Darren Milburn,17,8,6,1,0,2,2
2005,12,2005-06-12,Kardinia Park,Geelong,Adelaide,Geelong,Cameron Mooney,14,6,10,0,0,1,3
2005,12,2005-06-12,Kardinia Park,Geelong,Adelaide,Geelong,Brad Ottens,6,5,0,1,0,6,3
2005,12,2005-06-12,Kardinia Park,Geelong,Adelaide,Geelong,Henry Playfair,5,5,7,2,0,0,2
2005,12,2005-06-12,Kardinia Park,Geelong,Adelaide,Geelong,Peter Riccardi,9,3,4,2,0,0,4
2005,12,2005-06-12,Kardinia Park,Geelong,Adelaide,Geelong,Max Rooke,5,5,12,0,0,0,1
2005,12,2005-06-12,Kardinia Park,Geelong,Adelaide,Geelong,Brenton Sanderson,10,3,10,1,0,0,3
2005,12,2005-06-12,Kardinia Park,Geelong,Adelaide,Geelong,Matthew Scarlett,22,14,8,0,0,0,1
2005,12,2005-06-12,Kardinia Park,Geelong,Adelaide,Adelaide,Nathan Bassett,9,4,10,0,0,0,0
2005,12,2005-06-12,Kardinia Park,Geelong,Adelaide,Adelaide,Rhett Biglands,7,1,1,0,0,17,3
2005,12,2005-06-12,Kardinia Park,Geelong,Adelaide,Adelaide,Nathan Bock,10,3,4,0,0,0,2
2005,12,2005-06-12,Kardinia Park,Geelong,Adelaide,Adelaide,Brett Burton,7,6,4,1,2,1,1
2005,12,2005-06-12,Kardinia Park,Geelong,Adelaide,Adelaide,Michael Doughty,1,1,6,0,0,0,0
2005,12,2005-06-12,Kardinia Park,Geelong,Adelaide,Adelaide,Tyson Edwards,14,5,9,0,0,0,3
2005,12,2005-06-12,Kardinia Park,Geelong,Adelaide,Adelaide,Simon Goodwin,15,9,16,0,1,0,4
2005,12,2005-06-12,Kardinia Park,Geelong,Adelaide,Adelaide,Ben Hart,7,1,9,0,0,0,2
2005,12,2005-06-12,Kardinia Park,Geelong,Adelaide,Adelaide,Ben Hudson,5,3,12,0,0,15,1
2005,12,2005-06-12,Kardinia Park,Geelong,Adelaide,Adelaide,Luke Jericho,2,2,3,0,0,0,1
2005,12,2005-06-12,Kardinia Park,Geelong,Adelaide,Adelaide,Martin Mattner,5,6,15,0,0,0,4
2005,12,2005-06-12,Kardinia Park,Geelong,Adelaide,Adelaide,Ken McGregor,3,4,6,1,0,0,4
2005,12,2005-06-12,Kardinia Park,Geelong,Adelaide,Adelaide,Andrew McLeod,11,3,5,0,0,0,3
2005,12,2005-06-12,Kardinia Park,Geelong,Adelaide,Adelaide,Ian Perrie,8,4,7,1,1,0,2
2005,12,2005-06-12,Kardinia Park,Geelong,Adelaide,Adelaide,Brent Reilly,8,2,8,0,0,0,3
2005,12,2005-06-12,Kardinia Park,Geelong,Adelaide,Adelaide,Mark Ricciuto,9,2,11,0,2,0,4
2005,12,2005-06-12,Kardinia Park,Geelong,Adelaide,Adelaide,Ben Rutten,9,0,10,0,0,0,0
2005,12,2005-06-12,Kardinia Park,Geelong,Adelaide,Adelaide,Robert Shirley,6,2,13,0,0,0,6
2005,12,2005-06-12,Kardinia Park,Geelong,Adelaide,Adelaide,Hayden Skipworth,7,5,13,2,1,0,5
2005,12,2005-06-12,Kardinia Park,Geelong,Adelaide,Adelaide,Scott Thompson,20,9,14,3,0,0,3
2005,12,2005-06-12,Kardinia Park,Geelong,Adelaide,Adelaide,Jason Torney,4,3,10,0,0,0,4
2005,12,2005-06-12,Kardinia Park,Geelong,Adelaide,Adelaide,Scott Welsh,2,2,1,0,1,0,0
2005,12,2005-06-12,Docklands,Kangaroos,Richmond,Kangaroos,Glenn Archer,13,10,1,1,0,0,2
2005,12,2005-06-12,Docklands,Kangaroos,Richmond,Kangaroos,Leigh Brown,7,9,8,1,0,0,0
2005,12,2005-06-12,Docklands,Kangaroos,Richmond,Kangaroos,Leigh Colbert,13,10,10,0,0,0,1
2005,12,2005-06-12,Docklands,Kangaroos,Richmond,Kangaroos,Michael Firrito,3,0,4,0,0,1,1
2005,12,2005-06-12,Docklands,Kangaroos,Richmond,Kangaroos,Shannon Grant,11,4,5,1,0,0,2
2005,12,2005-06-12,Docklands,Kangaroos,Richmond,Kangaroos,David Hale,5,5,2,0,0,9,1
2005,12,2005-06-12,Docklands,Kangaroos,Richmond,Kangaroos,Leigh Harding,14,10,1,3,1,0,2
2005,12,2005-06-12,Docklands,Kangaroos,Richmond,Kangaroos,Daniel Harris,9,4,7,2,0,0,3
2005,12,2005-06-12,Docklands,Kangaroos,Richmond,Kangaroos,Brent Harvey,20,3,10,0,2,0,1
2005,12,2005-06-12,Docklands,Kangaroos,Richmond,Kangaroos,Corey Jones,10,6,6,1,1,0,2
2005,12,2005-06-12,Docklands,Kangaroos,Richmond,Kangaroos,Brent LeCras,2,2,2,1,0,0,0
2005,12,2005-06-12,Docklands,Kangaroos,Richmond,Kangaroos,Troy Makepeace,8,3,6,0,0,0,2
2005,12,2005-06-12,Docklands,Kangaroos,Richmond,Kangaroos,Daniel Motlop,4,3,3,0,0,0,0
2005,12,2005-06-12,Docklands,Kangaroos,Richmond,Kangaroos,Drew Petrie,5,3,1,0,0,12,7
2005,12,2005-06-12,Docklands,Kangaroos,Richmond,Kangaroos,Lance Picioane,5,5,3,0,0,0,1
2005,12,2005-06-12,Docklands,Kangaroos,Richmond,Kangaroos,Brady Rawlings,9,2,6,1,0,0,3
2005,12,2005-06-12,Docklands,Kangaroos,Richmond,Kangaroos,Adam Simpson,13,7,8,0,0,0,2
2005,12,2005-06-12,Docklands,Kangaroos,Richmond,Kangaroos,Jess Sinclair,15,7,3,0,0,0,6
2005,12,2005-06-12,Docklands,Kangaroos,Richmond,Kangaroos,Jesse Smith,4,3,3,0,0,0,2
2005,12,2005-06-12,Docklands,Kangaroos,Richmond,Kangaroos,Nathan Thompson,8,6,0,5,1,0,1
2005,12,2005-06-12,Docklands,Kangaroos,Richmond,Kangaroos,Shannon Watt,5,6,6,0,0,0,0
2005,12,2005-06-12,Docklands,Kangaroos,Richmond,Kangaroos,Daniel Wells,11,4,5,1,1,0,0
2005,12,2005-06-12,Docklands,Kangaroos,Richmond,Richmond,Joel Bowden,11,10,10,0,0,0,1
2005,12,2005-06-12,Docklands,Kangaroos,Richmond,Richmond,Wayne Campbell,10,3,8,0,1,0,1
2005,12,2005-06-12,Docklands,Kangaroos,Richmond,Richmond,Mark Chaffey,14,8,4,0,1,0,1
2005,12,2005-06-12,Docklands,Kangaroos,Richmond,Richmond,Mark Coughlan,12,7,11,0,2,0,5
2005,12,2005-06-12,Docklands,Kangaroos,Richmond,Richmond,Brett Deledio,10,2,6,0,0,2,0
2005,12,2005-06-12,Docklands,Kangaroos,Richmond,Richmond,Darren Gaspar,4,2,7,0,0,0,0
2005,12,2005-06-12,Docklands,Kangaroos,Richmond,Richmond,Mark Graham,3,1,1,0,0,2,0
2005,12,2005-06-12,Docklands,Kangaroos,Richmond,Richmond,Ray Hall,5,4,6,0,0,0,1
2005,12,2005-06-12,Docklands,Kangaroos,Richmond,Richmond,Daniel Jackson,3,1,1,0,0,0,1
2005,12,2005-06-12,Docklands,Kangaroos,Richmond,Richmond,Kane Johnson,16,6,14,0,1,0,1
2005,12,2005-06-12,Docklands,Kangaroos,Richmond,Richmond,Andrew Kellaway,9,4,4,0,0,0,2
2005,12,2005-06-12,Docklands,Kangaroos,Richmond,Richmond,Trent Knobel,2,2,8,0,0,8,2
2005,12,2005-06-12,Docklands,Kangaroos,Richmond,Richmond,Andrew Krakouer,9,3,3,2,4,0,0
2005,12,2005-06-12,Docklands,Kangaroos,Richmond,Richmond,Danny Meyer,4,1,2,1,0,0,0
2005,12,2005-06-12,Docklands,Kangaroos,Richmond,Richmond,Chris Newman,9,5,8,2,0,0,2
2005,12,2005-06-12,Docklands,Kangaroos,Richmond,Richmond,Kayne Pettifer,11,9,5,1,1,0,0
2005,12,2005-06-12,Docklands,Kangaroos,Richmond,Richmond,Andrew Raines,10,3,7,0,0,0,0
2005,12,2005-06-12,Docklands,Kangaroos,Richmond,Richmond,Matthew Richardson,11,7,4,2,5,0,0
2005,12,2005-06-12,Docklands,Kangaroos,Richmond,Richmond,Troy Simmonds,11,7,1,0,2,11,0
2005,12,2005-06-12,Docklands,Kangaroos,Richmond,Richmond,Greg Stafford,3,4,3,0,0,1,0
2005,12,2005-06-12,Docklands,Kangaroos,Richmond,Richmond,Greg Tivendale,11,5,9,1,1,0,1
2005,12,2005-06-12,Docklands,Kangaroos,Richmond,Richmond,Shane Tuck,12,8,14,1,0,0,0
2005,12,2005-06-13,M.C.G.,Melbourne,Collingwood,Melbourne,Clint Bizzell,15,5,8,0,0,0,2
2005,12,2005-06-13,M.C.G.,Melbourne,Collingwood,Melbourne,Nathan Brown,11,4,2,0,1,0,2
2005,12,2005-06-13,M.C.G.,Melbourne,Collingwood,Melbourne,Cameron Bruce,17,8,6,2,0,1,0
2005,12,2005-06-13,M.C.G.,Melbourne,Collingwood,Melbourne,Aaron Davey,11,5,7,0,1,0,2
2005,12,2005-06-13,M.C.G.,Melbourne,Collingwood,Melbourne,Ryan Ferguson,5,4,3,0,0,0,2
2005,12,2005-06-13,M.C.G.,Melbourne,Collingwood,Melbourne,Brad Green,6,3,7,0,0,0,3
2005,12,2005-06-13,M.C.G.,Melbourne,Collingwood,Melbourne,Ben Holland,7,6,5,0,2,1,2
2005,12,2005-06-13,M.C.G.,Melbourne,Collingwood,Melbourne,Paul Johnson,3,0,3,0,0,13,1
2005,12,2005-06-13,M.C.G.,Melbourne,Collingwood,Melbourne,Travis Johnstone,23,5,4,2,2,0,5
2005,12,2005-06-13,M.C.G.,Melbourne,Collingwood,Melbourne,James McDonald,15,7,8,0,1,0,6
2005,12,2005-06-13,M.C.G.,Melbourne,Collingwood,Melbourne,Brock McLean,3,2,5,1,0,0,1
2005,12,2005-06-13,M.C.G.,Melbourne,Collingwood,Melbourne,Brad Miller,11,13,12,0,0,2,0
2005,12,2005-06-13,M.C.G.,Melbourne,Collingwood,Melbourne,Brent Moloney,6,0,1,0,1,0,4
2005,12,2005-06-13,M.C.G.,Melbourne,Collingwood,Melbourne,David Neitz,11,4,0,3,0,0,1
2005,12,2005-06-13,M.C.G.,Melbourne,Collingwood,Melbourne,Alistair Nicholson,6,5,4,0,0,0,0
2005,12,2005-06-13,M.C.G.,Melbourne,Collingwood,Melbourne,Jared Rivers,7,6,6,0,0,0,4
2005,12,2005-06-13,M.C.G.,Melbourne,Collingwood,Melbourne,Russell Robertson,8,7,2,3,1,0,0
2005,12,2005-06-13,M.C.G.,Melbourne,Collingwood,Melbourne,Colin Sylvia,9,4,4,1,0,0,1
2005,12,2005-06-13,M.C.G.,Melbourne,Collingwood,Melbourne,Paul Wheatley,11,7,6,0,0,0,1
2005,12,2005-06-13,M.C.G.,Melbourne,Collingwood,Melbourne,Matthew Whelan,8,3,5,0,1,0,3
2005,12,2005-06-13,M.C.G.,Melbourne,Collingwood,Melbourne,Jeff White,13,2,4,0,0,25,2
2005,12,2005-06-13,M.C.G.,Melbourne,Collingwood,Melbourne,Adem Yze,13,5,4,5,2,0,1
2005,12,2005-06-13,M.C.G.,Melbourne,Collingwood,Collingwood,Scott Burns,15,5,18,0,1,0,3
2005,12,2005-06-13,M.C.G.,Melbourne,Collingwood,Collingwood,Blake Caracella,6,2,6,2,1,1,1
2005,12,2005-06-13,M.C.G.,Melbourne,Collingwood,Collingwood,James Clement,12,5,6,0,0,0,4
2005,12,2005-06-13,M.C.G.,Melbourne,Collingwood,Collingwood,Cameron Cloke,8,4,3,0,0,6,1
2005,12,2005-06-13,M.C.G.,Melbourne,Collingwood,Collingwood,Travis Cloke,11,4,1,0,2,0,0
2005,12,2005-06-13,M.C.G.,Melbourne,Collingwood,Collingwood,Alan Didak,8,3,6,3,0,0,2
2005,12,2005-06-13,M.C.G.,Melbourne,Collingwood,Collingwood,Josh Fraser,6,5,6,0,1,15,2
2005,12,2005-06-13,M.C.G.,Melbourne,Collingwood,Collingwood,Brodie Holland,12,6,10,0,0,0,2
2005,12,2005-06-13,M.C.G.,Melbourne,Collingwood,Collingwood,Paul Licuria,18,6,10,0,1,0,3
2005,12,2005-06-13,M.C.G.,Melbourne,Collingwood,Collingwood,Tarkyn Lockyer,20,6,8,0,0,0,2
2005,12,2005-06-13,M.C.G.,Melbourne,Collingwood,Collingwood,Ryan Lonie,5,0,1,1,0,0,3
2005,12,2005-06-13,M.C.G.,Melbourne,Collingwood,Collingwood,Nick Maxwell,2,0,3,0,0,1,5
2005,12,2005-06-13,M.C.G.,Melbourne,Collingwood,Collingwood,Chad Morrison,9,0,10,0,1,0,0
2005,12,2005-06-13,M.C.G.,Melbourne,Collingwood,Collingwood,Shane OBree,11,3,9,1,0,0,3
2005,12,2005-06-13,M.C.G.,Melbourne,Collingwood,Collingwood,Simon Prestigiacomo,3,2,2,0,0,2,1
2005,12,2005-06-13,M.C.G.,Melbourne,Collingwood,Collingwood,Julian Rowe,11,5,3,1,1,0,3
2005,12,2005-06-13,M.C.G.,Melbourne,Collingwood,Collingwood,Sean Rusling,1,2,1,0,0,0,2
2005,12,2005-06-13,M.C.G.,Melbourne,Collingwood,Collingwood,Rhyce Shaw,3,1,2,0,0,0,1
2005,12,2005-06-13,M.C.G.,Melbourne,Collingwood,Collingwood,Dane Swan,6,3,6,0,0,0,3
2005,12,2005-06-13,M.C.G.,Melbourne,Collingwood,Collingwood,Chris Tarrant,8,6,3,2,1,0,0
2005,12,2005-06-13,M.C.G.,Melbourne,Collingwood,Collingwood,Shane Wakelin,7,2,2,0,0,1,0
2005,12,2005-06-13,M.C.G.,Melbourne,Collingwood,Collingwood,Shane Woewodin,14,3,2,0,1,0,1
2005,13,2005-06-17,Football Park,Port Adelaide,Hawthorn,Port Adelaide,Matthew Bishop,4,2,2,0,0,0,0
2005,13,2005-06-17,Football Park,Port Adelaide,Hawthorn,Port Adelaide,Dean Brogan,4,5,9,1,1,10,1
2005,13,2005-06-17,Football Park,Port Adelaide,Hawthorn,Port Adelaide,Peter Burgoyne,21,3,5,1,0,0,1
2005,13,2005-06-17,Football Park,Port Adelaide,Hawthorn,Port Adelaide,Shaun Burgoyne,9,6,5,0,0,0,0
2005,13,2005-06-17,Football Park,Port Adelaide,Hawthorn,Port Adelaide,Domenic Cassisi,15,5,12,2,1,0,1
2005,13,2005-06-17,Football Park,Port Adelaide,Hawthorn,Port Adelaide,Stuart Cochrane,5,2,4,0,0,0,1
2005,13,2005-06-17,Football Park,Port Adelaide,Hawthorn,Port Adelaide,Chad Cornes,10,4,5,0,0,0,3
2005,13,2005-06-17,Football Park,Port Adelaide,Hawthorn,Port Adelaide,Kane Cornes,11,4,17,2,2,0,1
2005,13,2005-06-17,Football Park,Port Adelaide,Hawthorn,Port Adelaide,Stuart Dew,19,8,4,1,1,0,4
2005,13,2005-06-17,Football Park,Port Adelaide,Hawthorn,Port Adelaide,Brett Ebert,12,5,2,2,1,0,0
2005,13,2005-06-17,Football Park,Port Adelaide,Hawthorn,Port Adelaide,Josh Francou,12,6,18,2,1,0,5
2005,13,2005-06-17,Football Park,Port Adelaide,Hawthorn,Port Adelaide,Roger James,6,2,5,0,1,0,0
2005,13,2005-06-17,Football Park,Port Adelaide,Hawthorn,Port Adelaide,Adam Kingsley,15,5,7,2,0,0,1
2005,13,2005-06-17,Football Park,Port Adelaide,Hawthorn,Port Adelaide,Brendon Lade,9,8,4,2,3,15,0
2005,13,2005-06-17,Football Park,Port Adelaide,Hawthorn,Port Adelaide,Josh Mahoney,3,2,5,1,0,0,0
2005,13,2005-06-17,Football Park,Port Adelaide,Hawthorn,Port Adelaide,Brett Montgomery,2,1,3,0,0,0,2
2005,13,2005-06-17,Football Park,Port Adelaide,Hawthorn,Port Adelaide,Byron Pickett,15,5,2,4,0,0,2
2005,13,2005-06-17,Football Park,Port Adelaide,Hawthorn,Port Adelaide,Matthew Primus,4,4,7,2,1,6,1
2005,13,2005-06-17,Football Park,Port Adelaide,Hawthorn,Port Adelaide,Warren Tredrea,17,12,5,7,1,0,2
2005,13,2005-06-17,Football Park,Port Adelaide,Hawthorn,Port Adelaide,Darryl Wakelin,6,6,8,0,0,0,3
2005,13,2005-06-17,Football Park,Port Adelaide,Hawthorn,Port Adelaide,Peter Walsh,10,5,7,0,0,0,1
2005,13,2005-06-17,Football Park,Port Adelaide,Hawthorn,Port Adelaide,Gavin Wanganeen,8,1,11,0,0,0,1
2005,13,2005-06-17,Football Park,Port Adelaide,Hawthorn,Hawthorn,Chance Bateman,3,2,1,0,0,0,0
2005,13,2005-06-17,Football Park,Port Adelaide,Hawthorn,Hawthorn,Tim Boyle,6,7,6,1,2,0,0
2005,13,2005-06-17,Football Park,Port Adelaide,Hawthorn,Hawthorn,Luke Brennan,5,4,4,2,1,0,2
2005,13,2005-06-17,Football Park,Port Adelaide,Hawthorn,Hawthorn,Tim Clarke,12,6,10,1,0,0,2
2005,13,2005-06-17,Football Park,Port Adelaide,Hawthorn,Hawthorn,Shane Crawford,14,5,12,1,0,0,4
2005,13,2005-06-17,Football Park,Port Adelaide,Hawthorn,Hawthorn,Trent Croad,11,3,6,0,0,0,0
2005,13,2005-06-17,Football Park,Port Adelaide,Hawthorn,Hawthorn,Ben Dixon,10,7,2,1,0,0,1
2005,13,2005-06-17,Football Park,Port Adelaide,Hawthorn,Hawthorn,Peter Everitt,13,6,5,0,1,15,4
2005,13,2005-06-17,Football Park,Port Adelaide,Hawthorn,Hawthorn,Lance Franklin,10,6,2,2,0,0,0
2005,13,2005-06-17,Football Park,Port Adelaide,Hawthorn,Hawthorn,Luke Hodge,12,9,11,0,2,1,5
2005,13,2005-06-17,Football Park,Port Adelaide,Hawthorn,Hawthorn,Rick Ladson,10,8,6,0,1,0,2
2005,13,2005-06-17,Football Park,Port Adelaide,Hawthorn,Hawthorn,Jordan Lewis,9,4,9,0,0,0,0
2005,13,2005-06-17,Football Park,Port Adelaide,Hawthorn,Hawthorn,Harry Miller,10,6,1,0,0,0,4
2005,13,2005-06-17,Football Park,Port Adelaide,Hawthorn,Hawthorn,Sam Mitchell,18,2,9,0,1,0,4
2005,13,2005-06-17,Football Park,Port Adelaide,Hawthorn,Hawthorn,Michael Osborne,8,6,3,0,0,0,3
2005,13,2005-06-17,Football Park,Port Adelaide,Hawthorn,Hawthorn,Jarryd Roughead,4,3,1,0,1,1,0
2005,13,2005-06-17,Football Park,Port Adelaide,Hawthorn,Hawthorn,Brad Sewell,3,0,3,0,0,0,1
2005,13,2005-06-17,Football Park,Port Adelaide,Hawthorn,Hawthorn,Joel Smith,10,5,6,0,0,0,1
2005,13,2005-06-17,Football Park,Port Adelaide,Hawthorn,Hawthorn,Simon Taylor,0,0,3,0,0,12,3
2005,13,2005-06-17,Football Park,Port Adelaide,Hawthorn,Hawthorn,Josh Thurgood,3,3,2,0,0,0,1
2005,13,2005-06-17,Football Park,Port Adelaide,Hawthorn,Hawthorn,Richard Vandenberg,6,3,8,0,1,0,2
2005,13,2005-06-17,Football Park,Port Adelaide,Hawthorn,Hawthorn,Mark Williams,4,2,1,2,0,0,0
2005,13,2005-06-18,M.C.G.,Melbourne,West Coast,Melbourne,Clint Bizzell,8,5,7,0,0,0,1
2005,13,2005-06-18,M.C.G.,Melbourne,West Coast,Melbourne,Nathan Brown,18,7,2,0,1,0,2
2005,13,2005-06-18,M.C.G.,Melbourne,West Coast,Melbourne,Cameron Bruce,17,1,7,2,0,0,1
2005,13,2005-06-18,M.C.G.,Melbourne,West Coast,Melbourne,Aaron Davey,11,2,4,4,1,0,4
2005,13,2005-06-18,M.C.G.,Melbourne,West Coast,Melbourne,Ryan Ferguson,4,3,3,0,0,0,2
2005,13,2005-06-18,M.C.G.,Melbourne,West Coast,Melbourne,Brad Green,16,11,8,0,1,0,3
2005,13,2005-06-18,M.C.G.,Melbourne,West Coast,Melbourne,Chris Heffernan,3,1,4,0,0,0,5
2005,13,2005-06-18,M.C.G.,Melbourne,West Coast,Melbourne,Ben Holland,6,5,10,2,0,0,1
2005,13,2005-06-18,M.C.G.,Melbourne,West Coast,Melbourne,Paul Johnson,2,2,1,0,0,3,0
2005,13,2005-06-18,M.C.G.,Melbourne,West Coast,Melbourne,Travis Johnstone,24,4,5,0,0,0,3
2005,13,2005-06-18,M.C.G.,Melbourne,West Coast,Melbourne,James McDonald,9,4,5,0,1,1,2
2005,13,2005-06-18,M.C.G.,Melbourne,West Coast,Melbourne,Brock McLean,9,6,6,0,0,0,1
2005,13,2005-06-18,M.C.G.,Melbourne,West Coast,Melbourne,Brad Miller,6,8,7,0,0,0,1
2005,13,2005-06-18,M.C.G.,Melbourne,West Coast,Melbourne,Brent Moloney,8,1,2,0,0,0,1
2005,13,2005-06-18,M.C.G.,Melbourne,West Coast,Melbourne,Alistair Nicholson,3,3,3,0,0,0,1
2005,13,2005-06-18,M.C.G.,Melbourne,West Coast,Melbourne,Jared Rivers,5,7,9,0,0,0,2
2005,13,2005-06-18,M.C.G.,Melbourne,West Coast,Melbourne,Russell Robertson,8,6,1,4,3,1,1
2005,13,2005-06-18,M.C.G.,Melbourne,West Coast,Melbourne,Colin Sylvia,10,4,4,0,0,0,4
2005,13,2005-06-18,M.C.G.,Melbourne,West Coast,Melbourne,Paul Wheatley,11,5,0,0,0,0,3
2005,13,2005-06-18,M.C.G.,Melbourne,West Coast,Melbourne,Matthew Whelan,5,5,6,0,0,0,0
2005,13,2005-06-18,M.C.G.,Melbourne,West Coast,Melbourne,Jeff White,5,2,8,0,0,13,1
2005,13,2005-06-18,M.C.G.,Melbourne,West Coast,Melbourne,Adem Yze,10,5,3,1,3,0,0
2005,13,2005-06-18,M.C.G.,Melbourne,West Coast,West Coast,Drew Banfield,7,2,2,0,0,0,1
2005,13,2005-06-18,M.C.G.,Melbourne,West Coast,West Coast,Michael Braun,7,3,9,0,0,0,3
2005,13,2005-06-18,M.C.G.,Melbourne,West Coast,West Coast,Daniel Chick,4,1,4,0,0,0,8
2005,13,2005-06-18,M.C.G.,Melbourne,West Coast,West Coast,Ben Cousins,16,3,6,0,3,0,3
2005,13,2005-06-18,M.C.G.,Melbourne,West Coast,West Coast,Dean Cox,12,8,8,1,0,33,1
2005,13,2005-06-18,M.C.G.,Melbourne,West Coast,West Coast,Aaron Edwards,5,4,0,0,1,0,1
2005,13,2005-06-18,M.C.G.,Melbourne,West Coast,West Coast,Andrew Embley,23,5,12,3,2,2,3
2005,13,2005-06-18,M.C.G.,Melbourne,West Coast,West Coast,Chad Fletcher,19,6,13,0,1,0,2
2005,13,2005-06-18,M.C.G.,Melbourne,West Coast,West Coast,Darren Glass,3,4,6,0,0,1,4
2005,13,2005-06-18,M.C.G.,Melbourne,West Coast,West Coast,Ashley Hansen,4,4,0,0,0,0,1
2005,13,2005-06-18,M.C.G.,Melbourne,West Coast,West Coast,Adam Hunter,3,4,5,0,0,1,1
2005,13,2005-06-18,M.C.G.,Melbourne,West Coast,West Coast,Brett Jones,2,3,7,0,0,0,1
2005,13,2005-06-18,M.C.G.,Melbourne,West Coast,West Coast,Chris Judd,8,1,8,0,2,0,2
2005,13,2005-06-18,M.C.G.,Melbourne,West Coast,West Coast,Daniel Kerr,21,8,8,0,1,0,1
2005,13,2005-06-18,M.C.G.,Melbourne,West Coast,West Coast,Quinten Lynch,6,3,6,1,0,0,0
2005,13,2005-06-18,M.C.G.,Melbourne,West Coast,West Coast,Phillip Matera,11,3,1,6,1,0,1
2005,13,2005-06-18,M.C.G.,Melbourne,West Coast,West Coast,Mark Nicoski,7,4,3,1,0,0,0
2005,13,2005-06-18,M.C.G.,Melbourne,West Coast,West Coast,Mark Seaby,3,3,4,2,0,11,4
2005,13,2005-06-18,M.C.G.,Melbourne,West Coast,West Coast,Adam Selwood,11,5,7,0,1,0,2
2005,13,2005-06-18,M.C.G.,Melbourne,West Coast,West Coast,Brent Staker,6,4,2,0,0,0,2
2005,13,2005-06-18,M.C.G.,Melbourne,West Coast,West Coast,Tyson Stenglein,8,4,6,1,0,0,3
2005,13,2005-06-18,M.C.G.,Melbourne,West Coast,West Coast,David Wirrpanda,12,3,8,0,0,0,2
2005,13,2005-06-18,Docklands,Richmond,Adelaide,Richmond,Joel Bowden,16,7,12,0,1,0,5
2005,13,2005-06-18,Docklands,Richmond,Adelaide,Richmond,Wayne Campbell,6,3,4,0,0,0,3
2005,13,2005-06-18,Docklands,Richmond,Adelaide,Richmond,Mark Chaffey,5,2,3,0,0,0,3
2005,13,2005-06-18,Docklands,Richmond,Adelaide,Richmond,Mark Coughlan,6,5,8,1,0,0,5
2005,13,2005-06-18,Docklands,Richmond,Adelaide,Richmond,Brett Deledio,4,4,6,1,1,0,4
2005,13,2005-06-18,Docklands,Richmond,Adelaide,Richmond,Darren Gaspar,8,7,6,0,0,0,1
2005,13,2005-06-18,Docklands,Richmond,Adelaide,Richmond,Mark Graham,7,4,4,0,0,0,1
2005,13,2005-06-18,Docklands,Richmond,Adelaide,Richmond,Chris Hyde,4,4,7,0,0,0,0
2005,13,2005-06-18,Docklands,Richmond,Adelaide,Richmond,Daniel Jackson,4,2,4,0,1,0,2
2005,13,2005-06-18,Docklands,Richmond,Adelaide,Richmond,Kane Johnson,10,3,14,0,0,0,5
2005,13,2005-06-18,Docklands,Richmond,Adelaide,Richmond,Andrew Kellaway,11,6,5,0,0,0,1
2005,13,2005-06-18,Docklands,Richmond,Adelaide,Richmond,Trent Knobel,1,0,6,0,0,16,1
2005,13,2005-06-18,Docklands,Richmond,Adelaide,Richmond,Andrew Krakouer,2,2,2,1,0,0,1
2005,13,2005-06-18,Docklands,Richmond,Adelaide,Richmond,Shane Morrison,4,3,4,0,0,0,2
2005,13,2005-06-18,Docklands,Richmond,Adelaide,Richmond,Chris Newman,9,4,7,0,0,0,3
2005,13,2005-06-18,Docklands,Richmond,Adelaide,Richmond,Kayne Pettifer,9,5,2,0,2,0,1
2005,13,2005-06-18,Docklands,Richmond,Adelaide,Richmond,Andrew Raines,6,3,5,0,0,0,1
2005,13,2005-06-18,Docklands,Richmond,Adelaide,Richmond,Matthew Richardson,5,5,2,4,0,0,0
2005,13,2005-06-18,Docklands,Richmond,Adelaide,Richmond,Troy Simmonds,6,5,5,2,2,4,1
2005,13,2005-06-18,Docklands,Richmond,Adelaide,Richmond,Greg Stafford,1,2,6,0,0,8,1
2005,13,2005-06-18,Docklands,Richmond,Adelaide,Richmond,Greg Tivendale,8,2,5,0,0,0,2
2005,13,2005-06-18,Docklands,Richmond,Adelaide,Richmond,Shane Tuck,13,3,7,0,1,2,3
2005,13,2005-06-18,Docklands,Richmond,Adelaide,Adelaide,Nathan Bassett,6,5,6,0,0,0,3
2005,13,2005-06-18,Docklands,Richmond,Adelaide,Adelaide,Rhett Biglands,6,3,2,0,0,9,4
2005,13,2005-06-18,Docklands,Richmond,Adelaide,Adelaide,Nathan Bock,10,4,5,0,0,0,3
2005,13,2005-06-18,Docklands,Richmond,Adelaide,Adelaide,Brett Burton,12,5,8,0,0,0,2
2005,13,2005-06-18,Docklands,Richmond,Adelaide,Adelaide,Michael Doughty,2,1,4,0,0,0,2
2005,13,2005-06-18,Docklands,Richmond,Adelaide,Adelaide,Tyson Edwards,7,3,12,0,0,0,2
2005,13,2005-06-18,Docklands,Richmond,Adelaide,Adelaide,Simon Goodwin,6,1,11,0,0,0,5
2005,13,2005-06-18,Docklands,Richmond,Adelaide,Adelaide,Ben Hart,10,8,4,0,0,0,2
2005,13,2005-06-18,Docklands,Richmond,Adelaide,Adelaide,Trent Hentschel,6,5,7,2,0,0,5
2005,13,2005-06-18,Docklands,Richmond,Adelaide,Adelaide,Ben Hudson,4,2,5,0,0,14,0
2005,13,2005-06-18,Docklands,Richmond,Adelaide,Adelaide,Martin Mattner,8,2,7,1,0,0,4
2005,13,2005-06-18,Docklands,Richmond,Adelaide,Adelaide,Ken McGregor,3,4,13,1,0,0,3
2005,13,2005-06-18,Docklands,Richmond,Adelaide,Adelaide,Andrew McLeod,8,4,7,0,0,0,0
2005,13,2005-06-18,Docklands,Richmond,Adelaide,Adelaide,Ian Perrie,13,6,0,5,3,1,1
2005,13,2005-06-18,Docklands,Richmond,Adelaide,Adelaide,Brent Reilly,7,4,3,0,0,0,2
2005,13,2005-06-18,Docklands,Richmond,Adelaide,Adelaide,Mark Ricciuto,13,3,9,1,1,0,2
2005,13,2005-06-18,Docklands,Richmond,Adelaide,Adelaide,Ben Rutten,6,2,5,0,0,0,1
2005,13,2005-06-18,Docklands,Richmond,Adelaide,Adelaide,Robert Shirley,0,3,14,0,0,0,6
2005,13,2005-06-18,Docklands,Richmond,Adelaide,Adelaide,Hayden Skipworth,3,1,4,1,1,0,4
2005,13,2005-06-18,Docklands,Richmond,Adelaide,Adelaide,Scott Thompson,16,7,11,1,0,0,7
2005,13,2005-06-18,Docklands,Richmond,Adelaide,Adelaide,Jason Torney,9,4,4,0,2,0,1
2005,13,2005-06-18,Docklands,Richmond,Adelaide,Adelaide,Scott Welsh,10,9,0,8,2,0,2
2005,13,2005-06-18,Marrara Oval,Western Bulldogs,Carlton,Western Bulldogs,Daniel Bandy,6,6,4,0,1,17,1
2005,13,2005-06-18,Marrara Oval,Western Bulldogs,Carlton,Western Bulldogs,Shane Birss,12,8,6,1,0,0,4
2005,13,2005-06-18,Marrara Oval,Western Bulldogs,Carlton,Western Bulldogs,Adam Cooney,7,5,9,1,0,0,4
2005,13,2005-06-18,Marrara Oval,Western Bulldogs,Carlton,Western Bulldogs,Daniel Cross,7,5,18,0,0,0,1
2005,13,2005-06-18,Marrara Oval,Western Bulldogs,Carlton,Western Bulldogs,Nathan Eagleton,18,8,10,3,3,0,3
2005,13,2005-06-18,Marrara Oval,Western Bulldogs,Carlton,Western Bulldogs,Cameron Faulkner,5,3,2,1,0,0,5
2005,13,2005-06-18,Marrara Oval,Western Bulldogs,Carlton,Western Bulldogs,Lindsay Gilbee,23,10,5,1,0,0,2
2005,13,2005-06-18,Marrara Oval,Western Bulldogs,Carlton,Western Bulldogs,Ryan Griffen,7,3,6,1,0,0,4
2005,13,2005-06-18,Marrara Oval,Western Bulldogs,Carlton,Western Bulldogs,Mitch Hahn,12,6,4,3,1,0,1
2005,13,2005-06-18,Marrara Oval,Western Bulldogs,Carlton,Western Bulldogs,Ryan Hargrave,10,4,7,0,0,0,1
2005,13,2005-06-18,Marrara Oval,Western Bulldogs,Carlton,Western Bulldogs,Brad Johnson,17,7,9,0,1,0,2
2005,13,2005-06-18,Marrara Oval,Western Bulldogs,Carlton,Western Bulldogs,Brian Lake,11,4,3,0,0,0,2
2005,13,2005-06-18,Marrara Oval,Western Bulldogs,Carlton,Western Bulldogs,Kieran McGuinness,1,2,2,0,1,0,2
2005,13,2005-06-18,Marrara Oval,Western Bulldogs,Carlton,Western Bulldogs,Jordan McMahon,15,5,11,1,0,0,2
2005,13,2005-06-18,Marrara Oval,Western Bulldogs,Carlton,Western Bulldogs,Dale Morris,4,3,7,0,0,0,0
2005,13,2005-06-18,Marrara Oval,Western Bulldogs,Carlton,Western Bulldogs,Robert Murphy,13,7,3,1,1,0,1
2005,13,2005-06-18,Marrara Oval,Western Bulldogs,Carlton,Western Bulldogs,Jade Rawlings,5,7,5,0,0,0,2
2005,13,2005-06-18,Marrara Oval,Western Bulldogs,Carlton,Western Bulldogs,Farren Ray,6,4,8,2,0,0,1
2005,13,2005-06-18,Marrara Oval,Western Bulldogs,Carlton,Western Bulldogs,Matthew Robbins,4,2,1,1,0,0,2
2005,13,2005-06-18,Marrara Oval,Western Bulldogs,Carlton,Western Bulldogs,Rohan Smith,17,8,7,1,2,0,2
2005,13,2005-06-18,Marrara Oval,Western Bulldogs,Carlton,Western Bulldogs,Peter Street,3,2,9,0,2,14,1
2005,13,2005-06-18,Marrara Oval,Western Bulldogs,Carlton,Western Bulldogs,Scott West,14,5,18,0,1,0,3
2005,13,2005-06-18,Marrara Oval,Western Bulldogs,Carlton,Carlton,Jordan Bannister,1,0,1,0,0,0,3
2005,13,2005-06-18,Marrara Oval,Western Bulldogs,Carlton,Carlton,Eddie Betts,2,0,1,0,0,0,5
2005,13,2005-06-18,Marrara Oval,Western Bulldogs,Carlton,Carlton,Glen Bowyer,6,4,5,0,0,0,1
2005,13,2005-06-18,Marrara Oval,Western Bulldogs,Carlton,Carlton,Chris Bryan,13,6,0,1,1,12,4
2005,13,2005-06-18,Marrara Oval,Western Bulldogs,Carlton,Carlton,Scott Camporeale,15,1,7,0,1,0,0
2005,13,2005-06-18,Marrara Oval,Western Bulldogs,Carlton,Carlton,Andrew Carrazzo,14,8,10,1,1,0,2
2005,13,2005-06-18,Marrara Oval,Western Bulldogs,Carlton,Carlton,Callum Chambers,3,2,3,0,0,0,0
2005,13,2005-06-18,Marrara Oval,Western Bulldogs,Carlton,Carlton,Justin Davies,2,2,5,0,0,0,5
2005,13,2005-06-18,Marrara Oval,Western Bulldogs,Carlton,Carlton,Brendan Fevola,13,8,2,5,0,1,1
2005,13,2005-06-18,Marrara Oval,Western Bulldogs,Carlton,Carlton,Ryan Houlihan,16,4,4,0,1,0,0
2005,13,2005-06-18,Marrara Oval,Western Bulldogs,Carlton,Carlton,Brett Johnson,14,8,12,0,0,0,1
2005,13,2005-06-18,Marrara Oval,Western Bulldogs,Carlton,Carlton,Anthony Koutoufides,3,0,6,0,0,1,2
2005,13,2005-06-18,Marrara Oval,Western Bulldogs,Carlton,Carlton,Matthew Lappin,15,7,13,1,0,0,1
2005,13,2005-06-18,Marrara Oval,Western Bulldogs,Carlton,Carlton,Cory McGrath,13,7,3,0,0,1,1
2005,13,2005-06-18,Marrara Oval,Western Bulldogs,Carlton,Carlton,Ian Prendergast,4,2,5,0,0,2,3
2005,13,2005-06-18,Marrara Oval,Western Bulldogs,Carlton,Carlton,Heath Scotland,7,5,12,1,0,0,0
2005,13,2005-06-18,Marrara Oval,Western Bulldogs,Carlton,Carlton,Kade Simpson,12,8,6,0,1,0,1
2005,13,2005-06-18,Marrara Oval,Western Bulldogs,Carlton,Carlton,Trent Sporn,4,1,1,0,0,0,0
2005,13,2005-06-18,Marrara Oval,Western Bulldogs,Carlton,Carlton,Nick Stevens,11,6,6,0,0,0,0
2005,13,2005-06-18,Marrara Oval,Western Bulldogs,Carlton,Carlton,Bret Thornton,15,9,6,0,0,0,0
2005,13,2005-06-18,Marrara Oval,Western Bulldogs,Carlton,Carlton,Andrew Walker,7,3,1,0,0,0,0
2005,13,2005-06-18,Marrara Oval,Western Bulldogs,Carlton,Carlton,Lance Whitnall,7,6,5,1,3,3,1
2005,13,2005-06-19,Gabba,Brisbane Lions,Geelong,Brisbane Lions,Jed Adcock,7,2,10,1,0,0,4
2005,13,2005-06-19,Gabba,Brisbane Lions,Geelong,Brisbane Lions,Jason Akermanis,26,2,9,5,2,0,9
2005,13,2005-06-19,Gabba,Brisbane Lions,Geelong,Brisbane Lions,Simon Black,14,2,8,1,1,0,5
2005,13,2005-06-19,Gabba,Brisbane Lions,Geelong,Brisbane Lions,Daniel Bradshaw,4,3,5,0,0,0,1
2005,13,2005-06-19,Gabba,Brisbane Lions,Geelong,Brisbane Lions,Jonathan Brown,15,10,6,4,1,1,2
2005,13,2005-06-19,Gabba,Brisbane Lions,Geelong,Brisbane Lions,Robert Copeland,12,5,5,0,0,0,5
2005,13,2005-06-19,Gabba,Brisbane Lions,Geelong,Brisbane Lions,Anthony Corrie,8,2,0,2,1,0,6
2005,13,2005-06-19,Gabba,Brisbane Lions,Geelong,Brisbane Lions,Josh Drummond,3,1,2,0,0,0,0
2005,13,2005-06-19,Gabba,Brisbane Lions,Geelong,Brisbane Lions,Chris Johnson,14,6,3,1,0,0,3
2005,13,2005-06-19,Gabba,Brisbane Lions,Geelong,Brisbane Lions,Clark Keating,3,2,4,0,0,13,1
2005,13,2005-06-19,Gabba,Brisbane Lions,Geelong,Brisbane Lions,Nigel Lappin,10,5,8,0,0,0,4
2005,13,2005-06-19,Gabba,Brisbane Lions,Geelong,Brisbane Lions,Justin Leppitsch,16,9,9,0,0,0,2
2005,13,2005-06-19,Gabba,Brisbane Lions,Geelong,Brisbane Lions,Joel Macdonald,6,3,4,0,0,0,1
2005,13,2005-06-19,Gabba,Brisbane Lions,Geelong,Brisbane Lions,Ashley McGrath,7,3,8,1,3,0,2
2005,13,2005-06-19,Gabba,Brisbane Lions,Geelong,Brisbane Lions,Dylan McLaren,5,4,9,0,1,26,3
2005,13,2005-06-19,Gabba,Brisbane Lions,Geelong,Brisbane Lions,Daniel Merrett,5,5,7,0,1,0,1
2005,13,2005-06-19,Gabba,Brisbane Lions,Geelong,Brisbane Lions,Mal Michael,6,2,2,0,0,2,1
2005,13,2005-06-19,Gabba,Brisbane Lions,Geelong,Brisbane Lions,Tim Notting,14,4,8,0,0,0,0
2005,13,2005-06-19,Gabba,Brisbane Lions,Geelong,Brisbane Lions,Luke Power,18,2,5,1,0,0,5
2005,13,2005-06-19,Gabba,Brisbane Lions,Geelong,Brisbane Lions,Troy Selwood,8,5,3,1,0,0,3
2005,13,2005-06-19,Gabba,Brisbane Lions,Geelong,Brisbane Lions,Justin Sherman,6,2,5,0,1,0,1
2005,13,2005-06-19,Gabba,Brisbane Lions,Geelong,Brisbane Lions,Michael Voss,11,7,9,0,0,0,4
2005,13,2005-06-19,Gabba,Brisbane Lions,Geelong,Geelong,Gary Ablett,8,1,8,0,1,0,2
2005,13,2005-06-19,Gabba,Brisbane Lions,Geelong,Geelong,Jimmy Bartel,8,3,1,0,0,0,4
2005,13,2005-06-19,Gabba,Brisbane Lions,Geelong,Geelong,Shannon Byrnes,11,3,5,0,0,0,2
2005,13,2005-06-19,Gabba,Brisbane Lions,Geelong,Geelong,Paul Chambers,1,1,5,0,0,16,0
2005,13,2005-06-19,Gabba,Brisbane Lions,Geelong,Geelong,Paul Chapman,4,0,0,1,0,0,2
2005,13,2005-06-19,Gabba,Brisbane Lions,Geelong,Geelong,Joel Corey,17,3,11,1,1,1,7
2005,13,2005-06-19,Gabba,Brisbane Lions,Geelong,Geelong,Matthew Egan,3,3,5,0,0,0,1
2005,13,2005-06-19,Gabba,Brisbane Lions,Geelong,Geelong,Charlie Gardiner,2,2,2,0,0,0,1
2005,13,2005-06-19,Gabba,Brisbane Lions,Geelong,Geelong,Tom Harley,9,6,4,1,0,0,3
2005,13,2005-06-19,Gabba,Brisbane Lions,Geelong,Geelong,David Haynes,10,6,2,1,1,1,1
2005,13,2005-06-19,Gabba,Brisbane Lions,Geelong,Geelong,Josh Hunt,12,2,2,0,0,0,0
2005,13,2005-06-19,Gabba,Brisbane Lions,Geelong,Geelong,James Kelly,11,0,7,0,1,0,5
2005,13,2005-06-19,Gabba,Brisbane Lions,Geelong,Geelong,Kent Kingsley,6,3,2,2,3,0,1
2005,13,2005-06-19,Gabba,Brisbane Lions,Geelong,Geelong,Cameron Ling,10,8,16,0,0,0,2
2005,13,2005-06-19,Gabba,Brisbane Lions,Geelong,Geelong,Tom Lonergan,3,0,1,0,1,0,2
2005,13,2005-06-19,Gabba,Brisbane Lions,Geelong,Geelong,Darren Milburn,12,2,9,0,0,3,6
2005,13,2005-06-19,Gabba,Brisbane Lions,Geelong,Geelong,Cameron Mooney,13,4,8,0,0,3,2
2005,13,2005-06-19,Gabba,Brisbane Lions,Geelong,Geelong,James Rahilly,9,3,7,0,0,0,2
2005,13,2005-06-19,Gabba,Brisbane Lions,Geelong,Geelong,Peter Riccardi,15,2,3,0,0,0,3
2005,13,2005-06-19,Gabba,Brisbane Lions,Geelong,Geelong,Max Rooke,3,2,2,0,0,0,3
2005,13,2005-06-19,Gabba,Brisbane Lions,Geelong,Geelong,Brenton Sanderson,5,4,4,0,0,0,5
2005,13,2005-06-19,Gabba,Brisbane Lions,Geelong,Geelong,Matthew Scarlett,8,6,2,0,0,0,4
2005,13,2005-06-19,Subiaco,Fremantle,Kangaroos,Fremantle,Peter Bell,10,5,13,1,1,0,1
2005,13,2005-06-19,Subiaco,Fremantle,Kangaroos,Fremantle,Heath Black,12,3,5,1,0,0,2
2005,13,2005-06-19,Subiaco,Fremantle,Kangaroos,Fremantle,Josh Carr,12,3,9,0,0,0,3
2005,13,2005-06-19,Subiaco,Fremantle,Kangaroos,Fremantle,Troy Cook,17,7,6,1,1,0,2
2005,13,2005-06-19,Subiaco,Fremantle,Kangaroos,Fremantle,Ryan Crowley,9,9,5,0,0,0,0
2005,13,2005-06-19,Subiaco,Fremantle,Kangaroos,Fremantle,Steven Dodd,13,8,6,0,1,0,1
2005,13,2005-06-19,Subiaco,Fremantle,Kangaroos,Fremantle,Jeff Farmer,5,1,6,1,0,0,3
2005,13,2005-06-19,Subiaco,Fremantle,Kangaroos,Fremantle,Antoni Grover,7,6,3,0,0,0,2
2005,13,2005-06-19,Subiaco,Fremantle,Kangaroos,Fremantle,Paul Hasleby,3,2,7,0,0,0,3
2005,13,2005-06-19,Subiaco,Fremantle,Kangaroos,Fremantle,Des Headland,10,7,4,0,0,1,1
2005,13,2005-06-19,Subiaco,Fremantle,Kangaroos,Fremantle,Michael Johnson,2,3,2,0,0,0,1
2005,13,2005-06-19,Subiaco,Fremantle,Kangaroos,Fremantle,Justin Longmuir,7,2,5,0,0,17,2
2005,13,2005-06-19,Subiaco,Fremantle,Kangaroos,Fremantle,Paul Medhurst,7,5,2,0,0,0,2
2005,13,2005-06-19,Subiaco,Fremantle,Kangaroos,Fremantle,David Mundy,6,3,3,0,0,0,3
2005,13,2005-06-19,Subiaco,Fremantle,Kangaroos,Fremantle,Ryan Murphy,1,2,2,0,0,0,0
2005,13,2005-06-19,Subiaco,Fremantle,Kangaroos,Fremantle,Shane Parker,8,2,2,0,0,0,2
2005,13,2005-06-19,Subiaco,Fremantle,Kangaroos,Fremantle,Matthew Pavlich,7,4,2,0,0,0,1
2005,13,2005-06-19,Subiaco,Fremantle,Kangaroos,Fremantle,Brett Peake,5,3,4,0,0,0,2
2005,13,2005-06-19,Subiaco,Fremantle,Kangaroos,Fremantle,Graham Polak,5,4,7,0,0,0,2
2005,13,2005-06-19,Subiaco,Fremantle,Kangaroos,Fremantle,Byron Schammer,10,6,13,1,1,0,5
2005,13,2005-06-19,Subiaco,Fremantle,Kangaroos,Fremantle,Jarrad Schofield,14,8,5,1,0,0,0
2005,13,2005-06-19,Subiaco,Fremantle,Kangaroos,Fremantle,Scott Thornton,6,6,7,0,0,0,0
2005,13,2005-06-19,Subiaco,Fremantle,Kangaroos,Kangaroos,Glenn Archer,17,7,1,0,0,0,3
2005,13,2005-06-19,Subiaco,Fremantle,Kangaroos,Kangaroos,Leigh Brown,11,9,11,0,0,1,2
2005,13,2005-06-19,Subiaco,Fremantle,Kangaroos,Kangaroos,Leigh Colbert,8,5,10,0,0,1,0
2005,13,2005-06-19,Subiaco,Fremantle,Kangaroos,Kangaroos,Michael Firrito,7,4,1,0,0,0,1
2005,13,2005-06-19,Subiaco,Fremantle,Kangaroos,Kangaroos,Shannon Grant,9,4,3,0,2,0,1
2005,13,2005-06-19,Subiaco,Fremantle,Kangaroos,Kangaroos,David Hale,6,5,1,0,1,8,1
2005,13,2005-06-19,Subiaco,Fremantle,Kangaroos,Kangaroos,Leigh Harding,7,4,3,2,0,0,1
2005,13,2005-06-19,Subiaco,Fremantle,Kangaroos,Kangaroos,Daniel Harris,3,1,13,0,0,0,8
2005,13,2005-06-19,Subiaco,Fremantle,Kangaroos,Kangaroos,Brent Harvey,16,7,7,1,2,0,2
2005,13,2005-06-19,Subiaco,Fremantle,Kangaroos,Kangaroos,Corey Jones,8,4,5,1,0,1,1
2005,13,2005-06-19,Subiaco,Fremantle,Kangaroos,Kangaroos,Brent LeCras,3,1,2,0,1,0,1
2005,13,2005-06-19,Subiaco,Fremantle,Kangaroos,Kangaroos,Troy Makepeace,7,4,3,0,0,0,2
2005,13,2005-06-19,Subiaco,Fremantle,Kangaroos,Kangaroos,Daniel Motlop,4,3,1,1,1,0,3
2005,13,2005-06-19,Subiaco,Fremantle,Kangaroos,Kangaroos,Drew Petrie,11,3,2,0,1,15,3
2005,13,2005-06-19,Subiaco,Fremantle,Kangaroos,Kangaroos,Lance Picioane,6,4,4,0,0,0,1
2005,13,2005-06-19,Subiaco,Fremantle,Kangaroos,Kangaroos,Brady Rawlings,9,5,8,0,0,0,1
2005,13,2005-06-19,Subiaco,Fremantle,Kangaroos,Kangaroos,Adam Simpson,12,11,9,0,0,0,2
2005,13,2005-06-19,Subiaco,Fremantle,Kangaroos,Kangaroos,Jess Sinclair,20,12,6,0,1,0,2
2005,13,2005-06-19,Subiaco,Fremantle,Kangaroos,Kangaroos,Michael Stevens,8,4,3,0,0,1,2
2005,13,2005-06-19,Subiaco,Fremantle,Kangaroos,Kangaroos,Nathan Thompson,11,7,1,3,6,0,0
2005,13,2005-06-19,Subiaco,Fremantle,Kangaroos,Kangaroos,Shannon Watt,9,7,4,0,0,0,1
2005,13,2005-06-19,Subiaco,Fremantle,Kangaroos,Kangaroos,Daniel Wells,10,3,6,0,2,0,3
2005,13,2005-06-24,Docklands,Essendon,St Kilda,Essendon,Mark Bolton,12,8,3,1,0,1,3
2005,13,2005-06-24,Docklands,Essendon,St Kilda,Essendon,Kepler Bradley,5,4,6,0,0,1,2
2005,13,2005-06-24,Docklands,Essendon,St Kilda,Essendon,Damian Cupido,8,1,3,2,1,0,2
2005,13,2005-06-24,Docklands,Essendon,St Kilda,Essendon,David Hille,10,9,8,0,0,16,1
2005,13,2005-06-24,Docklands,Essendon,St Kilda,Essendon,James Hird,19,8,7,1,0,0,3
2005,13,2005-06-24,Docklands,Essendon,St Kilda,Essendon,Jason Johnson,8,4,13,2,1,0,4
2005,13,2005-06-24,Docklands,Essendon,St Kilda,Essendon,Mark Johnson,7,3,5,2,0,2,8
2005,13,2005-06-24,Docklands,Essendon,St Kilda,Essendon,Jason Laycock,2,2,1,0,1,2,0
2005,13,2005-06-24,Docklands,Essendon,St Kilda,Essendon,Matthew Lloyd,9,8,3,4,0,0,2
2005,13,2005-06-24,Docklands,Essendon,St Kilda,Essendon,Andrew Lovett,12,5,7,1,0,0,3
2005,13,2005-06-24,Docklands,Essendon,St Kilda,Essendon,Nathan Lovett-Murray,8,3,13,0,0,1,4
2005,13,2005-06-24,Docklands,Essendon,St Kilda,Essendon,Scott Lucas,4,1,1,1,0,0,1
2005,13,2005-06-24,Docklands,Essendon,St Kilda,Essendon,Adam McPhee,9,3,2,0,0,1,0
2005,13,2005-06-24,Docklands,Essendon,St Kilda,Essendon,Mark McVeigh,10,4,4,0,1,0,3
2005,13,2005-06-24,Docklands,Essendon,St Kilda,Essendon,Angus Monfries,6,5,5,2,0,0,1
2005,13,2005-06-24,Docklands,Essendon,St Kilda,Essendon,Justin Murphy,18,6,12,0,0,0,0
2005,13,2005-06-24,Docklands,Essendon,St Kilda,Essendon,Damien Peverill,5,3,12,1,0,0,3
2005,13,2005-06-24,Docklands,Essendon,St Kilda,Essendon,Dean Rioli,12,4,3,0,0,0,4
2005,13,2005-06-24,Docklands,Essendon,St Kilda,Essendon,Henry Slattery,5,1,3,1,0,0,1
2005,13,2005-06-24,Docklands,Essendon,St Kilda,Essendon,Dean Solomon,14,8,2,0,1,0,0
2005,13,2005-06-24,Docklands,Essendon,St Kilda,Essendon,Brent Stanton,12,9,13,1,0,0,1
2005,13,2005-06-24,Docklands,Essendon,St Kilda,Essendon,Andrew Welsh,8,3,9,0,0,0,2
2005,13,2005-06-24,Docklands,Essendon,St Kilda,St Kilda,Cain Ackland,10,7,4,2,0,26,2
2005,13,2005-06-24,Docklands,Essendon,St Kilda,St Kilda,Steven Baker,8,4,1,0,0,0,3
2005,13,2005-06-24,Docklands,Essendon,St Kilda,St Kilda,Luke Ball,14,6,6,1,1,0,5
2005,13,2005-06-24,Docklands,Essendon,St Kilda,St Kilda,Raphael Clarke,5,7,9,0,0,0,5
2005,13,2005-06-24,Docklands,Essendon,St Kilda,St Kilda,Nick Dal Santo,13,4,9,0,0,0,3
2005,13,2005-06-24,Docklands,Essendon,St Kilda,St Kilda,Aaron Fiora,7,4,1,0,0,2,2
2005,13,2005-06-24,Docklands,Essendon,St Kilda,St Kilda,Sam Fisher,9,7,7,0,0,0,0
2005,13,2005-06-24,Docklands,Essendon,St Kilda,St Kilda,Fraser Gehrig,9,6,3,3,1,0,0
2005,13,2005-06-24,Docklands,Essendon,St Kilda,St Kilda,Brendon Goddard,12,4,6,0,0,2,0
2005,13,2005-06-24,Docklands,Essendon,St Kilda,St Kilda,Robert Harvey,19,6,8,1,0,0,2
2005,13,2005-06-24,Docklands,Essendon,St Kilda,St Kilda,Lenny Hayes,15,5,10,1,1,0,4
2005,13,2005-06-24,Docklands,Essendon,St Kilda,St Kilda,Max Hudghton,7,4,6,0,0,0,1
2005,13,2005-06-24,Docklands,Essendon,St Kilda,St Kilda,Austinn Jones,5,2,3,0,0,0,2
2005,13,2005-06-24,Docklands,Essendon,St Kilda,St Kilda,Matt Maguire,15,8,7,1,0,0,0
2005,13,2005-06-24,Docklands,Essendon,St Kilda,St Kilda,Andrew McQualter,3,2,3,0,0,0,0
2005,13,2005-06-24,Docklands,Essendon,St Kilda,St Kilda,Stephen Milne,7,4,2,3,0,0,0
2005,13,2005-06-24,Docklands,Essendon,St Kilda,St Kilda,Leigh Montagna,3,1,2,0,0,0,2
2005,13,2005-06-24,Docklands,Essendon,St Kilda,St Kilda,Allan Murray,1,1,0,0,0,1,0
2005,13,2005-06-24,Docklands,Essendon,St Kilda,St Kilda,Luke Penny,4,2,1,0,0,0,2
2005,13,2005-06-24,Docklands,Essendon,St Kilda,St Kilda,Stephen Powell,7,5,11,0,0,0,0
2005,13,2005-06-24,Docklands,Essendon,St Kilda,St Kilda,Nick Riewoldt,14,12,2,4,2,1,2
2005,13,2005-06-24,Docklands,Essendon,St Kilda,St Kilda,Brett Voss,9,4,6,0,0,0,2
2005,13,2005-06-25,Stadium Australia,Sydney,Collingwood,Sydney,Luke Ablett,11,1,4,0,0,1,1
2005,13,2005-06-25,Stadium Australia,Sydney,Collingwood,Sydney,Jason Ball,3,2,5,0,0,10,0
2005,13,2005-06-25,Stadium Australia,Sydney,Collingwood,Sydney,Leo Barry,13,10,5,0,0,0,4
2005,13,2005-06-25,Stadium Australia,Sydney,Collingwood,Sydney,Paul Bevan,2,1,1,0,0,0,0
2005,13,2005-06-25,Stadium Australia,Sydney,Collingwood,Sydney,Craig Bolton,11,7,4,0,0,0,2
2005,13,2005-06-25,Stadium Australia,Sydney,Collingwood,Sydney,Amon Buchanan,11,7,7,0,1,0,0
2005,13,2005-06-25,Stadium Australia,Sydney,Collingwood,Sydney,Jared Crouch,13,3,1,0,0,0,2
2005,13,2005-06-25,Stadium Australia,Sydney,Collingwood,Sydney,Nick Davis,12,7,3,2,0,0,3
2005,13,2005-06-25,Stadium Australia,Sydney,Collingwood,Sydney,Sean Dempster,11,8,3,0,0,0,3
2005,13,2005-06-25,Stadium Australia,Sydney,Collingwood,Sydney,Adam Goodes,14,5,4,2,0,2,6
2005,13,2005-06-25,Stadium Australia,Sydney,Collingwood,Sydney,Barry Hall,13,8,3,3,2,1,2
2005,13,2005-06-25,Stadium Australia,Sydney,Collingwood,Sydney,Darren Jolly,3,1,1,0,1,15,0
2005,13,2005-06-25,Stadium Australia,Sydney,Collingwood,Sydney,Tadhg Kennelly,9,6,4,0,0,0,4
2005,13,2005-06-25,Stadium Australia,Sydney,Collingwood,Sydney,Brett Kirk,13,3,13,0,0,0,4
2005,13,2005-06-25,Stadium Australia,Sydney,Collingwood,Sydney,Nick Malceski,4,1,2,0,0,0,1
2005,13,2005-06-25,Stadium Australia,Sydney,Collingwood,Sydney,Ben Mathews,7,4,9,1,0,0,2
2005,13,2005-06-25,Stadium Australia,Sydney,Collingwood,Sydney,Jarrad McVeigh,4,4,6,0,2,0,0
2005,13,2005-06-25,Stadium Australia,Sydney,Collingwood,Sydney,Ryan OKeefe,14,7,0,1,0,0,3
2005,13,2005-06-25,Stadium Australia,Sydney,Collingwood,Sydney,Michael OLoughlin,9,4,2,2,2,0,0
2005,13,2005-06-25,Stadium Australia,Sydney,Collingwood,Sydney,Lewis Roberts-Thomson,1,0,7,0,0,0,5
2005,13,2005-06-25,Stadium Australia,Sydney,Collingwood,Sydney,Jason Saddington,5,3,4,0,0,0,3
2005,13,2005-06-25,Stadium Australia,Sydney,Collingwood,Sydney,Paul Williams,17,7,8,0,0,0,4
2005,13,2005-06-25,Stadium Australia,Sydney,Collingwood,Collingwood,Nathan Buckley,12,4,16,0,0,0,2
2005,13,2005-06-25,Stadium Australia,Sydney,Collingwood,Collingwood,Scott Burns,11,5,11,2,2,0,4
2005,13,2005-06-25,Stadium Australia,Sydney,Collingwood,Collingwood,Blake Caracella,6,3,5,1,2,0,2
2005,13,2005-06-25,Stadium Australia,Sydney,Collingwood,Collingwood,James Clement,7,1,6,0,0,1,2
2005,13,2005-06-25,Stadium Australia,Sydney,Collingwood,Collingwood,Cameron Cloke,4,2,5,0,1,11,1
2005,13,2005-06-25,Stadium Australia,Sydney,Collingwood,Collingwood,Travis Cloke,6,2,1,0,1,1,0
2005,13,2005-06-25,Stadium Australia,Sydney,Collingwood,Collingwood,Alan Didak,12,4,2,1,3,0,4
2005,13,2005-06-25,Stadium Australia,Sydney,Collingwood,Collingwood,Chris Egan,7,4,3,0,1,0,1
2005,13,2005-06-25,Stadium Australia,Sydney,Collingwood,Collingwood,David Fanning,1,0,2,0,0,11,0
2005,13,2005-06-25,Stadium Australia,Sydney,Collingwood,Collingwood,Brodie Holland,14,3,8,0,0,0,4
2005,13,2005-06-25,Stadium Australia,Sydney,Collingwood,Collingwood,Paul Licuria,10,2,10,0,0,0,3
2005,13,2005-06-25,Stadium Australia,Sydney,Collingwood,Collingwood,Tarkyn Lockyer,11,3,4,0,0,0,0
2005,13,2005-06-25,Stadium Australia,Sydney,Collingwood,Collingwood,Matthew Lokan,1,0,2,0,0,1,2
2005,13,2005-06-25,Stadium Australia,Sydney,Collingwood,Collingwood,Ryan Lonie,10,6,4,2,0,0,2
2005,13,2005-06-25,Stadium Australia,Sydney,Collingwood,Collingwood,Nick Maxwell,6,6,12,1,0,0,2
2005,13,2005-06-25,Stadium Australia,Sydney,Collingwood,Collingwood,Shane OBree,18,5,12,0,0,0,3
2005,13,2005-06-25,Stadium Australia,Sydney,Collingwood,Collingwood,Simon Prestigiacomo,7,3,4,0,0,0,1
2005,13,2005-06-25,Stadium Australia,Sydney,Collingwood,Collingwood,Julian Rowe,7,2,5,0,0,0,2
2005,13,2005-06-25,Stadium Australia,Sydney,Collingwood,Collingwood,Dane Swan,19,8,10,0,0,0,2
2005,13,2005-06-25,Stadium Australia,Sydney,Collingwood,Collingwood,Chris Tarrant,9,7,1,2,3,1,2
2005,13,2005-06-25,Stadium Australia,Sydney,Collingwood,Collingwood,Shane Wakelin,10,9,3,0,0,1,2
2005,13,2005-06-25,Stadium Australia,Sydney,Collingwood,Collingwood,Shane Woewodin,5,3,2,1,1,0,1
2005,14,2005-07-01,Docklands,Collingwood,Port Adelaide,Collingwood,Nathan Buckley,10,5,3,1,2,0,2
2005,14,2005-07-01,Docklands,Collingwood,Port Adelaide,Collingwood,Scott Burns,10,6,5,0,0,0,2
2005,14,2005-07-01,Docklands,Collingwood,Port Adelaide,Collingwood,Blake Caracella,8,5,5,2,1,0,0
2005,14,2005-07-01,Docklands,Collingwood,Port Adelaide,Collingwood,James Clement,11,4,2,0,0,0,5
2005,14,2005-07-01,Docklands,Collingwood,Port Adelaide,Collingwood,Cameron Cloke,5,3,3,0,2,3,3
2005,14,2005-07-01,Docklands,Collingwood,Port Adelaide,Collingwood,Travis Cloke,8,3,1,1,1,0,2
2005,14,2005-07-01,Docklands,Collingwood,Port Adelaide,Collingwood,Alan Didak,12,5,1,2,3,0,1
2005,14,2005-07-01,Docklands,Collingwood,Port Adelaide,Collingwood,Chris Egan,8,6,3,1,0,0,1
2005,14,2005-07-01,Docklands,Collingwood,Port Adelaide,Collingwood,David Fanning,4,2,3,1,0,7,2
2005,14,2005-07-01,Docklands,Collingwood,Port Adelaide,Collingwood,Brodie Holland,16,7,7,3,1,0,4
2005,14,2005-07-01,Docklands,Collingwood,Port Adelaide,Collingwood,Ben Johnson,7,3,4,0,0,0,1
2005,14,2005-07-01,Docklands,Collingwood,Port Adelaide,Collingwood,Paul Licuria,12,6,14,0,1,0,3
2005,14,2005-07-01,Docklands,Collingwood,Port Adelaide,Collingwood,Tarkyn Lockyer,17,8,6,0,0,0,1
2005,14,2005-07-01,Docklands,Collingwood,Port Adelaide,Collingwood,Ryan Lonie,12,7,9,0,0,0,1
2005,14,2005-07-01,Docklands,Collingwood,Port Adelaide,Collingwood,Nick Maxwell,12,8,2,0,1,0,4
2005,14,2005-07-01,Docklands,Collingwood,Port Adelaide,Collingwood,Shane OBree,18,5,12,1,1,0,7
2005,14,2005-07-01,Docklands,Collingwood,Port Adelaide,Collingwood,Simon Prestigiacomo,5,6,2,0,0,0,3
2005,14,2005-07-01,Docklands,Collingwood,Port Adelaide,Collingwood,Julian Rowe,9,5,4,0,0,0,1
2005,14,2005-07-01,Docklands,Collingwood,Port Adelaide,Collingwood,Sean Rusling,7,4,0,1,4,0,1
2005,14,2005-07-01,Docklands,Collingwood,Port Adelaide,Collingwood,Dane Swan,12,7,7,0,0,0,1
2005,14,2005-07-01,Docklands,Collingwood,Port Adelaide,Collingwood,Chris Tarrant,7,3,4,1,0,0,3
2005,14,2005-07-01,Docklands,Collingwood,Port Adelaide,Collingwood,Shane Wakelin,11,7,1,0,0,0,1
2005,14,2005-07-01,Docklands,Collingwood,Port Adelaide,Port Adelaide,Matthew Bishop,5,2,6,0,0,1,1
2005,14,2005-07-01,Docklands,Collingwood,Port Adelaide,Port Adelaide,Dean Brogan,2,3,2,0,0,4,0
2005,14,2005-07-01,Docklands,Collingwood,Port Adelaide,Port Adelaide,Peter Burgoyne,14,4,7,1,2,0,3
2005,14,2005-07-01,Docklands,Collingwood,Port Adelaide,Port Adelaide,Shaun Burgoyne,10,6,11,0,2,0,2
2005,14,2005-07-01,Docklands,Collingwood,Port Adelaide,Port Adelaide,Domenic Cassisi,11,5,6,0,2,0,1
2005,14,2005-07-01,Docklands,Collingwood,Port Adelaide,Port Adelaide,Chad Cornes,17,12,5,1,0,2,0
2005,14,2005-07-01,Docklands,Collingwood,Port Adelaide,Port Adelaide,Kane Cornes,17,7,10,0,0,0,1
2005,14,2005-07-01,Docklands,Collingwood,Port Adelaide,Port Adelaide,Stuart Dew,14,4,11,0,1,0,0
2005,14,2005-07-01,Docklands,Collingwood,Port Adelaide,Port Adelaide,Brett Ebert,5,1,2,1,1,0,1
2005,14,2005-07-01,Docklands,Collingwood,Port Adelaide,Port Adelaide,Josh Francou,6,5,4,0,2,0,4
2005,14,2005-07-01,Docklands,Collingwood,Port Adelaide,Port Adelaide,Roger James,6,1,2,0,0,0,0
2005,14,2005-07-01,Docklands,Collingwood,Port Adelaide,Port Adelaide,Adam Kingsley,15,6,3,1,0,0,2
2005,14,2005-07-01,Docklands,Collingwood,Port Adelaide,Port Adelaide,Brendon Lade,3,4,5,0,0,11,2
2005,14,2005-07-01,Docklands,Collingwood,Port Adelaide,Port Adelaide,Brett Montgomery,9,9,9,0,0,0,1
2005,14,2005-07-01,Docklands,Collingwood,Port Adelaide,Port Adelaide,Byron Pickett,9,5,3,2,1,0,3
2005,14,2005-07-01,Docklands,Collingwood,Port Adelaide,Port Adelaide,Matthew Primus,3,3,7,1,1,15,2
2005,14,2005-07-01,Docklands,Collingwood,Port Adelaide,Port Adelaide,Aaron Shattock,2,2,6,0,0,0,1
2005,14,2005-07-01,Docklands,Collingwood,Port Adelaide,Port Adelaide,Warren Tredrea,11,10,10,1,3,1,1
2005,14,2005-07-01,Docklands,Collingwood,Port Adelaide,Port Adelaide,Darryl Wakelin,1,7,7,0,0,0,2
2005,14,2005-07-01,Docklands,Collingwood,Port Adelaide,Port Adelaide,Peter Walsh,7,3,4,0,1,0,1
2005,14,2005-07-01,Docklands,Collingwood,Port Adelaide,Port Adelaide,Gavin Wanganeen,6,2,4,1,1,0,1
2005,14,2005-07-01,Docklands,Collingwood,Port Adelaide,Port Adelaide,Michael Wilson,6,5,6,0,0,0,1
2005,14,2005-07-02,M.C.G.,Richmond,Sydney,Richmond,Joel Bowden,10,6,8,1,1,0,3
2005,14,2005-07-02,M.C.G.,Richmond,Sydney,Richmond,Wayne Campbell,12,8,19,0,1,0,1
2005,14,2005-07-02,M.C.G.,Richmond,Sydney,Richmond,Mark Chaffey,10,5,6,1,0,0,3
2005,14,2005-07-02,M.C.G.,Richmond,Sydney,Richmond,Mark Coughlan,8,6,8,0,0,0,6
2005,14,2005-07-02,M.C.G.,Richmond,Sydney,Richmond,Brett Deledio,4,3,8,0,0,1,1
2005,14,2005-07-02,M.C.G.,Richmond,Sydney,Richmond,Darren Gaspar,8,5,3,0,0,0,2
2005,14,2005-07-02,M.C.G.,Richmond,Sydney,Richmond,Mark Graham,7,6,4,0,0,1,1
2005,14,2005-07-02,M.C.G.,Richmond,Sydney,Richmond,Ray Hall,9,9,7,0,1,0,2
2005,14,2005-07-02,M.C.G.,Richmond,Sydney,Richmond,Brent Hartigan,4,2,5,0,0,0,2
2005,14,2005-07-02,M.C.G.,Richmond,Sydney,Richmond,Rory Hilton,6,4,0,1,1,0,1
2005,14,2005-07-02,M.C.G.,Richmond,Sydney,Richmond,Kane Johnson,15,7,7,0,0,0,4
2005,14,2005-07-02,M.C.G.,Richmond,Sydney,Richmond,Andrew Kellaway,11,7,6,0,0,0,5
2005,14,2005-07-02,M.C.G.,Richmond,Sydney,Richmond,Andrew Krakouer,14,5,9,3,1,0,5
2005,14,2005-07-02,M.C.G.,Richmond,Sydney,Richmond,Chris Newman,18,11,6,0,1,0,3
2005,14,2005-07-02,M.C.G.,Richmond,Sydney,Richmond,Kayne Pettifer,9,4,0,1,1,0,1
2005,14,2005-07-02,M.C.G.,Richmond,Sydney,Richmond,Matthew Richardson,11,7,0,4,2,0,0
2005,14,2005-07-02,M.C.G.,Richmond,Sydney,Richmond,Troy Simmonds,9,4,4,0,0,12,2
2005,14,2005-07-02,M.C.G.,Richmond,Sydney,Richmond,Greg Stafford,6,2,6,0,0,13,0
2005,14,2005-07-02,M.C.G.,Richmond,Sydney,Richmond,Richard Tambling,4,1,2,1,1,0,3
2005,14,2005-07-02,M.C.G.,Richmond,Sydney,Richmond,Will Thursfield,7,3,4,0,0,0,0
2005,14,2005-07-02,M.C.G.,Richmond,Sydney,Richmond,Greg Tivendale,4,2,5,0,0,0,0
2005,14,2005-07-02,M.C.G.,Richmond,Sydney,Richmond,Shane Tuck,15,4,2,0,1,0,3
2005,14,2005-07-02,M.C.G.,Richmond,Sydney,Sydney,Luke Ablett,5,2,9,0,0,3,2
2005,14,2005-07-02,M.C.G.,Richmond,Sydney,Sydney,Jason Ball,6,5,4,0,0,17,1
2005,14,2005-07-02,M.C.G.,Richmond,Sydney,Sydney,Leo Barry,7,5,7,0,0,0,0
2005,14,2005-07-02,M.C.G.,Richmond,Sydney,Sydney,Craig Bolton,10,6,4,0,0,0,4
2005,14,2005-07-02,M.C.G.,Richmond,Sydney,Sydney,Jude Bolton,11,6,5,0,0,1,0
2005,14,2005-07-02,M.C.G.,Richmond,Sydney,Sydney,Amon Buchanan,9,5,8,1,0,0,2
2005,14,2005-07-02,M.C.G.,Richmond,Sydney,Sydney,Jared Crouch,10,2,10,1,0,0,5
2005,14,2005-07-02,M.C.G.,Richmond,Sydney,Sydney,Nick Davis,10,5,5,1,1,0,1
2005,14,2005-07-02,M.C.G.,Richmond,Sydney,Sydney,Sean Dempster,1,1,1,0,0,0,4
2005,14,2005-07-02,M.C.G.,Richmond,Sydney,Sydney,Nic Fosdike,14,2,6,3,1,0,3
2005,14,2005-07-02,M.C.G.,Richmond,Sydney,Sydney,Adam Goodes,10,9,3,1,2,1,2
2005,14,2005-07-02,M.C.G.,Richmond,Sydney,Sydney,Barry Hall,6,3,2,0,1,0,1
2005,14,2005-07-02,M.C.G.,Richmond,Sydney,Sydney,Darren Jolly,5,3,2,0,0,8,3
2005,14,2005-07-02,M.C.G.,Richmond,Sydney,Sydney,Tadhg Kennelly,10,5,6,0,0,0,2
2005,14,2005-07-02,M.C.G.,Richmond,Sydney,Sydney,Brett Kirk,10,3,9,0,0,0,8
2005,14,2005-07-02,M.C.G.,Richmond,Sydney,Sydney,Ben Mathews,9,4,2,0,0,0,4
2005,14,2005-07-02,M.C.G.,Richmond,Sydney,Sydney,Jarrad McVeigh,3,1,2,1,0,0,2
2005,14,2005-07-02,M.C.G.,Richmond,Sydney,Sydney,Ryan OKeefe,15,8,6,0,2,0,1
2005,14,2005-07-02,M.C.G.,Richmond,Sydney,Sydney,Michael OLoughlin,6,3,6,3,1,0,1
2005,14,2005-07-02,M.C.G.,Richmond,Sydney,Sydney,Lewis Roberts-Thomson,4,0,3,0,0,0,1
2005,14,2005-07-02,M.C.G.,Richmond,Sydney,Sydney,Jason Saddington,4,5,2,0,0,0,0
2005,14,2005-07-02,M.C.G.,Richmond,Sydney,Sydney,Paul Williams,7,4,6,1,0,0,1
2005,14,2005-07-02,Subiaco,West Coast,Carlton,West Coast,Drew Banfield,7,1,5,0,1,0,1
2005,14,2005-07-02,Subiaco,West Coast,Carlton,West Coast,Michael Braun,10,6,18,1,0,0,0
2005,14,2005-07-02,Subiaco,West Coast,Carlton,West Coast,Daniel Chick,7,1,6,1,1,0,5
2005,14,2005-07-02,Subiaco,West Coast,Carlton,West Coast,Ben Cousins,12,5,12,3,0,0,1
2005,14,2005-07-02,Subiaco,West Coast,Carlton,West Coast,Dean Cox,10,6,6,1,0,25,1
2005,14,2005-07-02,Subiaco,West Coast,Carlton,West Coast,Aaron Edwards,3,3,3,0,1,0,0
2005,14,2005-07-02,Subiaco,West Coast,Carlton,West Coast,Andrew Embley,8,5,5,1,1,1,0
2005,14,2005-07-02,Subiaco,West Coast,Carlton,West Coast,Chad Fletcher,22,12,10,1,1,0,2
2005,14,2005-07-02,Subiaco,West Coast,Carlton,West Coast,Darren Glass,6,5,9,0,0,0,1
2005,14,2005-07-02,Subiaco,West Coast,Carlton,West Coast,Ashley Hansen,16,9,3,1,2,0,2
2005,14,2005-07-02,Subiaco,West Coast,Carlton,West Coast,Adam Hunter,7,6,8,1,0,1,3
2005,14,2005-07-02,Subiaco,West Coast,Carlton,West Coast,Brett Jones,6,6,8,0,0,0,4
2005,14,2005-07-02,Subiaco,West Coast,Carlton,West Coast,Chris Judd,15,3,9,2,0,0,4
2005,14,2005-07-02,Subiaco,West Coast,Carlton,West Coast,Daniel Kerr,9,2,6,0,0,0,2
2005,14,2005-07-02,Subiaco,West Coast,Carlton,West Coast,Quinten Lynch,2,1,3,0,0,0,1
2005,14,2005-07-02,Subiaco,West Coast,Carlton,West Coast,Phillip Matera,10,6,2,3,3,0,0
2005,14,2005-07-02,Subiaco,West Coast,Carlton,West Coast,Mark Nicoski,14,5,6,0,0,1,3
2005,14,2005-07-02,Subiaco,West Coast,Carlton,West Coast,Mark Seaby,4,3,7,1,0,15,1
2005,14,2005-07-02,Subiaco,West Coast,Carlton,West Coast,Adam Selwood,7,4,6,0,0,0,1
2005,14,2005-07-02,Subiaco,West Coast,Carlton,West Coast,Brent Staker,11,6,3,4,1,1,2
2005,14,2005-07-02,Subiaco,West Coast,Carlton,West Coast,Tyson Stenglein,15,12,10,1,0,1,3
2005,14,2005-07-02,Subiaco,West Coast,Carlton,West Coast,David Wirrpanda,20,7,7,0,0,0,3
2005,14,2005-07-02,Subiaco,West Coast,Carlton,Carlton,Glen Bowyer,1,2,6,0,0,0,2
2005,14,2005-07-02,Subiaco,West Coast,Carlton,Carlton,Chris Bryan,12,1,2,0,0,12,3
2005,14,2005-07-02,Subiaco,West Coast,Carlton,Carlton,Scott Camporeale,7,0,5,1,0,0,4
2005,14,2005-07-02,Subiaco,West Coast,Carlton,Carlton,Andrew Carrazzo,2,1,7,0,0,0,2
2005,14,2005-07-02,Subiaco,West Coast,Carlton,Carlton,Callum Chambers,4,4,1,0,0,0,1
2005,14,2005-07-02,Subiaco,West Coast,Carlton,Carlton,Brendan Fevola,10,4,1,4,0,0,0
2005,14,2005-07-02,Subiaco,West Coast,Carlton,Carlton,Ryan Houlihan,10,5,2,0,1,0,5
2005,14,2005-07-02,Subiaco,West Coast,Carlton,Carlton,Brett Johnson,8,3,3,2,1,0,5
2005,14,2005-07-02,Subiaco,West Coast,Carlton,Carlton,Anthony Koutoufides,7,3,4,0,0,0,0
2005,14,2005-07-02,Subiaco,West Coast,Carlton,Carlton,Matthew Lappin,9,2,7,1,0,1,7
2005,14,2005-07-02,Subiaco,West Coast,Carlton,Carlton,Luke Livingston,3,2,3,0,0,0,1
2005,14,2005-07-02,Subiaco,West Coast,Carlton,Carlton,Troy Longmuir,4,2,3,0,0,0,1
2005,14,2005-07-02,Subiaco,West Coast,Carlton,Carlton,Cory McGrath,7,4,0,0,0,0,5
2005,14,2005-07-02,Subiaco,West Coast,Carlton,Carlton,Ian Prendergast,3,2,2,0,0,2,1
2005,14,2005-07-02,Subiaco,West Coast,Carlton,Carlton,Heath Scotland,10,6,7,1,1,0,1
2005,14,2005-07-02,Subiaco,West Coast,Carlton,Carlton,Trent Sporn,5,4,3,0,0,0,4
2005,14,2005-07-02,Subiaco,West Coast,Carlton,Carlton,Nick Stevens,9,2,7,0,2,0,3
2005,14,2005-07-02,Subiaco,West Coast,Carlton,Carlton,David Teague,10,10,2,0,0,1,4
2005,14,2005-07-02,Subiaco,West Coast,Carlton,Carlton,Bret Thornton,10,4,1,0,0,0,0
2005,14,2005-07-02,Subiaco,West Coast,Carlton,Carlton,Jarrad Waite,5,4,6,0,1,1,2
2005,14,2005-07-02,Subiaco,West Coast,Carlton,Carlton,Andrew Walker,13,4,2,0,0,0,1
2005,14,2005-07-02,Subiaco,West Coast,Carlton,Carlton,Lance Whitnall,7,9,4,0,1,1,0
2005,14,2005-07-02,Docklands,Essendon,Kangaroos,Essendon,Mark Bolton,5,4,6,0,1,0,0
2005,14,2005-07-02,Docklands,Essendon,Kangaroos,Essendon,Damian Cupido,6,4,3,1,0,1,3
2005,14,2005-07-02,Docklands,Essendon,Kangaroos,Essendon,Dustin Fletcher,10,2,4,0,0,0,1
2005,14,2005-07-02,Docklands,Essendon,Kangaroos,Essendon,David Hille,2,2,6,0,0,24,1
2005,14,2005-07-02,Docklands,Essendon,Kangaroos,Essendon,James Hird,7,0,8,0,0,0,1
2005,14,2005-07-02,Docklands,Essendon,Kangaroos,Essendon,Jason Johnson,11,4,12,1,0,0,3
2005,14,2005-07-02,Docklands,Essendon,Kangaroos,Essendon,Mark Johnson,12,6,3,3,1,0,4
2005,14,2005-07-02,Docklands,Essendon,Kangaroos,Essendon,Jason Laycock,3,2,3,0,0,11,0
2005,14,2005-07-02,Docklands,Essendon,Kangaroos,Essendon,Matthew Lloyd,17,12,1,2,2,0,1
2005,14,2005-07-02,Docklands,Essendon,Kangaroos,Essendon,Andrew Lovett,7,5,8,1,0,0,0
2005,14,2005-07-02,Docklands,Essendon,Kangaroos,Essendon,Nathan Lovett-Murray,3,1,1,1,0,1,1
2005,14,2005-07-02,Docklands,Essendon,Kangaroos,Essendon,Scott Lucas,13,7,1,2,0,0,1
2005,14,2005-07-02,Docklands,Essendon,Kangaroos,Essendon,Adam McPhee,13,9,3,1,0,0,1
2005,14,2005-07-02,Docklands,Essendon,Kangaroos,Essendon,Mark McVeigh,8,5,5,0,0,0,0
2005,14,2005-07-02,Docklands,Essendon,Kangaroos,Essendon,Angus Monfries,1,3,4,1,0,0,0
2005,14,2005-07-02,Docklands,Essendon,Kangaroos,Essendon,Justin Murphy,13,7,8,0,0,0,0
2005,14,2005-07-02,Docklands,Essendon,Kangaroos,Essendon,Damien Peverill,7,4,10,0,0,1,0
2005,14,2005-07-02,Docklands,Essendon,Kangaroos,Essendon,Dean Rioli,10,4,2,0,0,0,1
2005,14,2005-07-02,Docklands,Essendon,Kangaroos,Essendon,Dean Solomon,9,8,5,0,2,0,2
2005,14,2005-07-02,Docklands,Essendon,Kangaroos,Essendon,Brent Stanton,8,5,7,0,0,0,0
2005,14,2005-07-02,Docklands,Essendon,Kangaroos,Essendon,Jobe Watson,0,2,6,0,0,0,0
2005,14,2005-07-02,Docklands,Essendon,Kangaroos,Essendon,Andrew Welsh,12,9,11,0,0,1,1
2005,14,2005-07-02,Docklands,Essendon,Kangaroos,Kangaroos,Glenn Archer,11,5,0,0,1,0,6
2005,14,2005-07-02,Docklands,Essendon,Kangaroos,Kangaroos,Leigh Brown,1,0,2,1,0,0,0
2005,14,2005-07-02,Docklands,Essendon,Kangaroos,Kangaroos,Leigh Colbert,11,9,10,0,0,0,0
2005,14,2005-07-02,Docklands,Essendon,Kangaroos,Kangaroos,Michael Firrito,8,5,2,0,0,1,1
2005,14,2005-07-02,Docklands,Essendon,Kangaroos,Kangaroos,Shannon Grant,15,9,10,2,0,0,1
2005,14,2005-07-02,Docklands,Essendon,Kangaroos,Kangaroos,David Hale,12,9,2,3,0,11,3
2005,14,2005-07-02,Docklands,Essendon,Kangaroos,Kangaroos,Leigh Harding,8,2,5,4,2,0,4
2005,14,2005-07-02,Docklands,Essendon,Kangaroos,Kangaroos,Daniel Harris,6,4,8,0,0,0,4
2005,14,2005-07-02,Docklands,Essendon,Kangaroos,Kangaroos,Brent Harvey,16,4,10,0,0,0,5
2005,14,2005-07-02,Docklands,Essendon,Kangaroos,Kangaroos,Corey Jones,8,4,1,1,2,0,2
2005,14,2005-07-02,Docklands,Essendon,Kangaroos,Kangaroos,Troy Makepeace,8,3,4,0,0,0,5
2005,14,2005-07-02,Docklands,Essendon,Kangaroos,Kangaroos,Daniel Motlop,0,0,0,0,0,0,1
2005,14,2005-07-02,Docklands,Essendon,Kangaroos,Kangaroos,Drew Petrie,6,7,4,0,0,10,4
2005,14,2005-07-02,Docklands,Essendon,Kangaroos,Kangaroos,Lance Picioane,9,1,3,0,0,0,2
2005,14,2005-07-02,Docklands,Essendon,Kangaroos,Kangaroos,Daniel Pratt,14,8,3,0,0,0,2
2005,14,2005-07-02,Docklands,Essendon,Kangaroos,Kangaroos,Brady Rawlings,5,3,5,0,0,0,2
2005,14,2005-07-02,Docklands,Essendon,Kangaroos,Kangaroos,Saverio Rocca,10,7,1,2,2,1,1
2005,14,2005-07-02,Docklands,Essendon,Kangaroos,Kangaroos,Adam Simpson,7,5,15,0,0,0,7
2005,14,2005-07-02,Docklands,Essendon,Kangaroos,Kangaroos,Michael Stevens,12,1,4,0,0,0,0
2005,14,2005-07-02,Docklands,Essendon,Kangaroos,Kangaroos,Nathan Thompson,12,10,3,5,3,1,1
2005,14,2005-07-02,Docklands,Essendon,Kangaroos,Kangaroos,Shannon Watt,12,6,4,0,0,0,0
2005,14,2005-07-02,Docklands,Essendon,Kangaroos,Kangaroos,Daniel Wells,12,6,4,1,1,0,2
2005,14,2005-07-02,Gabba,Melbourne,Brisbane Lions,Melbourne,Clint Bizzell,7,6,2,0,0,0,1
2005,14,2005-07-02,Gabba,Melbourne,Brisbane Lions,Melbourne,Nathan Brown,11,9,5,0,0,0,1
2005,14,2005-07-02,Gabba,Melbourne,Brisbane Lions,Melbourne,Cameron Bruce,10,3,10,0,1,0,2
2005,14,2005-07-02,Gabba,Melbourne,Brisbane Lions,Melbourne,Aaron Davey,8,1,4,0,1,0,3
2005,14,2005-07-02,Gabba,Melbourne,Brisbane Lions,Melbourne,Brad Green,10,7,5,4,1,0,3
2005,14,2005-07-02,Gabba,Melbourne,Brisbane Lions,Melbourne,Chris Heffernan,4,0,4,0,0,0,2
2005,14,2005-07-02,Gabba,Melbourne,Brisbane Lions,Melbourne,Ben Holland,5,2,2,1,2,0,1
2005,14,2005-07-02,Gabba,Melbourne,Brisbane Lions,Melbourne,Mark Jamar,4,2,1,0,0,9,2
2005,14,2005-07-02,Gabba,Melbourne,Brisbane Lions,Melbourne,Travis Johnstone,21,3,5,0,0,0,6
2005,14,2005-07-02,Gabba,Melbourne,Brisbane Lions,Melbourne,James McDonald,6,3,5,0,1,0,1
2005,14,2005-07-02,Gabba,Melbourne,Brisbane Lions,Melbourne,Brock McLean,5,0,4,1,0,0,1
2005,14,2005-07-02,Gabba,Melbourne,Brisbane Lions,Melbourne,Brad Miller,3,1,5,0,0,0,0
2005,14,2005-07-02,Gabba,Melbourne,Brisbane Lions,Melbourne,Brent Moloney,17,7,2,0,0,0,2
2005,14,2005-07-02,Gabba,Melbourne,Brisbane Lions,Melbourne,David Neitz,11,5,1,2,2,0,0
2005,14,2005-07-02,Gabba,Melbourne,Brisbane Lions,Melbourne,Alistair Nicholson,0,0,2,0,0,0,0
2005,14,2005-07-02,Gabba,Melbourne,Brisbane Lions,Melbourne,Jared Rivers,6,5,2,0,0,0,2
2005,14,2005-07-02,Gabba,Melbourne,Brisbane Lions,Melbourne,Russell Robertson,9,7,3,4,2,0,0
2005,14,2005-07-02,Gabba,Melbourne,Brisbane Lions,Melbourne,Colin Sylvia,14,9,9,0,0,0,2
2005,14,2005-07-02,Gabba,Melbourne,Brisbane Lions,Melbourne,Paul Wheatley,11,5,4,0,0,0,1
2005,14,2005-07-02,Gabba,Melbourne,Brisbane Lions,Melbourne,Matthew Whelan,7,5,3,0,0,0,1
2005,14,2005-07-02,Gabba,Melbourne,Brisbane Lions,Melbourne,Jeff White,5,4,3,0,0,22,2
2005,14,2005-07-02,Gabba,Melbourne,Brisbane Lions,Melbourne,Adem Yze,7,4,2,1,2,0,1
2005,14,2005-07-02,Gabba,Melbourne,Brisbane Lions,Brisbane Lions,Jed Adcock,2,3,8,0,0,0,0
2005,14,2005-07-02,Gabba,Melbourne,Brisbane Lions,Brisbane Lions,Jason Akermanis,18,6,9,5,0,0,8
2005,14,2005-07-02,Gabba,Melbourne,Brisbane Lions,Brisbane Lions,Simon Black,12,6,12,0,2,0,2
2005,14,2005-07-02,Gabba,Melbourne,Brisbane Lions,Brisbane Lions,Daniel Bradshaw,12,10,2,9,2,0,0
2005,14,2005-07-02,Gabba,Melbourne,Brisbane Lions,Brisbane Lions,Jonathan Brown,9,7,12,1,2,0,4
2005,14,2005-07-02,Gabba,Melbourne,Brisbane Lions,Brisbane Lions,Anthony Corrie,8,2,2,3,1,0,4
2005,14,2005-07-02,Gabba,Melbourne,Brisbane Lions,Brisbane Lions,Josh Drummond,1,1,1,0,0,1,1
2005,14,2005-07-02,Gabba,Melbourne,Brisbane Lions,Brisbane Lions,Chris Johnson,10,7,9,0,0,0,2
2005,14,2005-07-02,Gabba,Melbourne,Brisbane Lions,Brisbane Lions,Clark Keating,4,2,3,0,0,19,2
2005,14,2005-07-02,Gabba,Melbourne,Brisbane Lions,Brisbane Lions,Nigel Lappin,18,5,7,1,0,0,2
2005,14,2005-07-02,Gabba,Melbourne,Brisbane Lions,Brisbane Lions,Justin Leppitsch,13,6,2,0,0,0,0
2005,14,2005-07-02,Gabba,Melbourne,Brisbane Lions,Brisbane Lions,Joel Macdonald,16,6,9,0,0,0,1
2005,14,2005-07-02,Gabba,Melbourne,Brisbane Lions,Brisbane Lions,Ashley McGrath,6,3,1,2,2,0,2
2005,14,2005-07-02,Gabba,Melbourne,Brisbane Lions,Brisbane Lions,Dylan McLaren,1,1,5,0,0,12,2
2005,14,2005-07-02,Gabba,Melbourne,Brisbane Lions,Brisbane Lions,Daniel Merrett,2,2,1,2,0,0,1
2005,14,2005-07-02,Gabba,Melbourne,Brisbane Lions,Brisbane Lions,Mal Michael,5,4,5,0,0,1,0
2005,14,2005-07-02,Gabba,Melbourne,Brisbane Lions,Brisbane Lions,Tim Notting,9,4,7,0,0,0,2
2005,14,2005-07-02,Gabba,Melbourne,Brisbane Lions,Brisbane Lions,Luke Power,11,5,8,0,2,0,3
2005,14,2005-07-02,Gabba,Melbourne,Brisbane Lions,Brisbane Lions,Brad Scott,5,3,5,0,1,0,2
2005,14,2005-07-02,Gabba,Melbourne,Brisbane Lions,Brisbane Lions,Troy Selwood,16,8,6,1,1,0,2
2005,14,2005-07-02,Gabba,Melbourne,Brisbane Lions,Brisbane Lions,Justin Sherman,5,4,9,1,1,0,1
2005,14,2005-07-02,Gabba,Melbourne,Brisbane Lions,Brisbane Lions,Michael Voss,14,7,20,0,1,0,0
2005,14,2005-07-03,Football Park,Adelaide,Fremantle,Adelaide,Nathan Bassett,6,7,8,0,0,0,1
2005,14,2005-07-03,Football Park,Adelaide,Fremantle,Adelaide,Rhett Biglands,5,3,4,0,0,13,2
2005,14,2005-07-03,Football Park,Adelaide,Fremantle,Adelaide,Nathan Bock,9,3,4,0,0,0,0
2005,14,2005-07-03,Football Park,Adelaide,Fremantle,Adelaide,Brett Burton,11,4,9,0,1,0,1
2005,14,2005-07-03,Football Park,Adelaide,Fremantle,Adelaide,Michael Doughty,3,2,5,0,0,0,0
2005,14,2005-07-03,Football Park,Adelaide,Fremantle,Adelaide,Tyson Edwards,16,9,13,2,0,0,4
2005,14,2005-07-03,Football Park,Adelaide,Fremantle,Adelaide,Simon Goodwin,13,4,10,0,0,1,2
2005,14,2005-07-03,Football Park,Adelaide,Fremantle,Adelaide,Ben Hart,12,4,4,0,0,0,6
2005,14,2005-07-03,Football Park,Adelaide,Fremantle,Adelaide,Trent Hentschel,7,4,3,2,0,0,2
2005,14,2005-07-03,Football Park,Adelaide,Fremantle,Adelaide,Ben Hudson,2,4,7,0,0,7,1
2005,14,2005-07-03,Football Park,Adelaide,Fremantle,Adelaide,Martin Mattner,8,3,8,0,0,0,5
2005,14,2005-07-03,Football Park,Adelaide,Fremantle,Adelaide,Ken McGregor,6,5,8,2,0,0,3
2005,14,2005-07-03,Football Park,Adelaide,Fremantle,Adelaide,Andrew McLeod,16,6,3,1,1,0,3
2005,14,2005-07-03,Football Park,Adelaide,Fremantle,Adelaide,Ian Perrie,12,9,4,2,3,1,1
2005,14,2005-07-03,Football Park,Adelaide,Fremantle,Adelaide,Brent Reilly,11,7,3,0,0,0,1
2005,14,2005-07-03,Football Park,Adelaide,Fremantle,Adelaide,Mark Ricciuto,11,8,11,0,0,0,2
2005,14,2005-07-03,Football Park,Adelaide,Fremantle,Adelaide,Ben Rutten,7,6,5,0,0,0,1
2005,14,2005-07-03,Football Park,Adelaide,Fremantle,Adelaide,Robert Shirley,7,1,9,2,1,0,5
2005,14,2005-07-03,Football Park,Adelaide,Fremantle,Adelaide,Hayden Skipworth,4,2,7,0,1,0,1
2005,14,2005-07-03,Football Park,Adelaide,Fremantle,Adelaide,Scott Thompson,9,4,8,0,0,0,3
2005,14,2005-07-03,Football Park,Adelaide,Fremantle,Adelaide,Nathan van Berlo,13,3,3,0,0,0,1
2005,14,2005-07-03,Football Park,Adelaide,Fremantle,Adelaide,Scott Welsh,5,4,1,3,0,0,2
2005,14,2005-07-03,Football Park,Adelaide,Fremantle,Fremantle,Heath Black,23,12,12,1,1,0,1
2005,14,2005-07-03,Football Park,Adelaide,Fremantle,Fremantle,Josh Carr,13,6,13,1,0,0,1
2005,14,2005-07-03,Football Park,Adelaide,Fremantle,Fremantle,Troy Cook,8,2,10,0,0,0,2
2005,14,2005-07-03,Football Park,Adelaide,Fremantle,Fremantle,Steven Dodd,7,1,4,0,0,1,2
2005,14,2005-07-03,Football Park,Adelaide,Fremantle,Fremantle,Jeff Farmer,5,3,5,0,0,0,3
2005,14,2005-07-03,Football Park,Adelaide,Fremantle,Fremantle,Antoni Grover,5,3,6,0,0,0,3
2005,14,2005-07-03,Football Park,Adelaide,Fremantle,Fremantle,Paul Hasleby,11,3,16,0,0,0,0
2005,14,2005-07-03,Football Park,Adelaide,Fremantle,Fremantle,Des Headland,8,1,6,1,0,0,2
2005,14,2005-07-03,Football Park,Adelaide,Fremantle,Fremantle,Michael Johnson,5,3,3,0,0,0,0
2005,14,2005-07-03,Football Park,Adelaide,Fremantle,Fremantle,Justin Longmuir,7,6,9,0,0,8,3
2005,14,2005-07-03,Football Park,Adelaide,Fremantle,Fremantle,Luke McPharlin,3,4,6,0,1,0,2
2005,14,2005-07-03,Football Park,Adelaide,Fremantle,Fremantle,Paul Medhurst,3,2,1,1,0,0,0
2005,14,2005-07-03,Football Park,Adelaide,Fremantle,Fremantle,David Mundy,10,6,11,0,0,0,0
2005,14,2005-07-03,Football Park,Adelaide,Fremantle,Fremantle,Ryan Murphy,6,5,7,0,0,0,1
2005,14,2005-07-03,Football Park,Adelaide,Fremantle,Fremantle,Shane Parker,7,4,3,0,0,0,1
2005,14,2005-07-03,Football Park,Adelaide,Fremantle,Fremantle,Matthew Pavlich,11,8,3,8,1,0,0
2005,14,2005-07-03,Football Park,Adelaide,Fremantle,Fremantle,Brett Peake,5,4,4,0,0,0,2
2005,14,2005-07-03,Football Park,Adelaide,Fremantle,Fremantle,Graham Polak,4,5,4,2,0,0,3
2005,14,2005-07-03,Football Park,Adelaide,Fremantle,Fremantle,Aaron Sandilands,8,4,7,0,0,22,1
2005,14,2005-07-03,Football Park,Adelaide,Fremantle,Fremantle,Byron Schammer,12,6,14,0,0,0,1
2005,14,2005-07-03,Football Park,Adelaide,Fremantle,Fremantle,Jarrad Schofield,10,3,5,0,0,0,2
2005,14,2005-07-03,Football Park,Adelaide,Fremantle,Fremantle,Scott Thornton,2,1,15,0,0,0,0
2005,14,2005-07-03,M.C.G.,Western Bulldogs,St Kilda,Western Bulldogs,Daniel Bandy,6,7,2,0,0,8,1
2005,14,2005-07-03,M.C.G.,Western Bulldogs,St Kilda,Western Bulldogs,Shane Birss,12,8,3,1,1,0,1
2005,14,2005-07-03,M.C.G.,Western Bulldogs,St Kilda,Western Bulldogs,Adam Cooney,10,5,13,0,0,0,5
2005,14,2005-07-03,M.C.G.,Western Bulldogs,St Kilda,Western Bulldogs,Daniel Cross,5,2,15,0,0,3,4
2005,14,2005-07-03,M.C.G.,Western Bulldogs,St Kilda,Western Bulldogs,Nathan Eagleton,9,4,7,2,1,0,2
2005,14,2005-07-03,M.C.G.,Western Bulldogs,St Kilda,Western Bulldogs,Cameron Faulkner,9,3,1,1,1,0,4
2005,14,2005-07-03,M.C.G.,Western Bulldogs,St Kilda,Western Bulldogs,Lindsay Gilbee,18,6,4,2,0,0,5
2005,14,2005-07-03,M.C.G.,Western Bulldogs,St Kilda,Western Bulldogs,Ryan Griffen,7,5,5,1,1,0,4
2005,14,2005-07-03,M.C.G.,Western Bulldogs,St Kilda,Western Bulldogs,Mitch Hahn,12,4,8,0,1,0,4
2005,14,2005-07-03,M.C.G.,Western Bulldogs,St Kilda,Western Bulldogs,Ryan Hargrave,11,4,5,1,0,0,5
2005,14,2005-07-03,M.C.G.,Western Bulldogs,St Kilda,Western Bulldogs,Ben Harrison,5,2,1,0,0,0,1
2005,14,2005-07-03,M.C.G.,Western Bulldogs,St Kilda,Western Bulldogs,Brad Johnson,15,5,5,2,0,0,2
2005,14,2005-07-03,M.C.G.,Western Bulldogs,St Kilda,Western Bulldogs,Brian Lake,6,5,3,0,0,0,1
2005,14,2005-07-03,M.C.G.,Western Bulldogs,St Kilda,Western Bulldogs,Jordan McMahon,14,7,6,0,0,0,3
2005,14,2005-07-03,M.C.G.,Western Bulldogs,St Kilda,Western Bulldogs,Dale Morris,3,5,6,0,0,0,2
2005,14,2005-07-03,M.C.G.,Western Bulldogs,St Kilda,Western Bulldogs,Robert Murphy,5,4,1,1,0,0,1
2005,14,2005-07-03,M.C.G.,Western Bulldogs,St Kilda,Western Bulldogs,Jade Rawlings,3,6,7,0,0,0,1
2005,14,2005-07-03,M.C.G.,Western Bulldogs,St Kilda,Western Bulldogs,Farren Ray,4,1,3,1,0,0,0
2005,14,2005-07-03,M.C.G.,Western Bulldogs,St Kilda,Western Bulldogs,Matthew Robbins,5,2,1,2,1,0,1
2005,14,2005-07-03,M.C.G.,Western Bulldogs,St Kilda,Western Bulldogs,Rohan Smith,6,4,5,1,0,0,1
2005,14,2005-07-03,M.C.G.,Western Bulldogs,St Kilda,Western Bulldogs,Peter Street,5,3,5,0,0,15,2
2005,14,2005-07-03,M.C.G.,Western Bulldogs,St Kilda,Western Bulldogs,Scott West,4,3,12,0,0,0,4
2005,14,2005-07-03,M.C.G.,Western Bulldogs,St Kilda,St Kilda,Cain Ackland,10,4,3,1,0,16,0
2005,14,2005-07-03,M.C.G.,Western Bulldogs,St Kilda,St Kilda,Steven Baker,7,6,6,0,0,0,2
2005,14,2005-07-03,M.C.G.,Western Bulldogs,St Kilda,St Kilda,Luke Ball,23,9,5,2,1,0,4
2005,14,2005-07-03,M.C.G.,Western Bulldogs,St Kilda,St Kilda,Nick Dal Santo,16,5,6,0,2,1,1
2005,14,2005-07-03,M.C.G.,Western Bulldogs,St Kilda,St Kilda,Sam Fisher,17,10,11,0,0,0,2
2005,14,2005-07-03,M.C.G.,Western Bulldogs,St Kilda,St Kilda,Fraser Gehrig,9,3,4,4,1,0,3
2005,14,2005-07-03,M.C.G.,Western Bulldogs,St Kilda,St Kilda,Brendon Goddard,16,8,5,1,0,1,2
2005,14,2005-07-03,M.C.G.,Western Bulldogs,St Kilda,St Kilda,Brent Guerra,8,6,3,2,1,0,3
2005,14,2005-07-03,M.C.G.,Western Bulldogs,St Kilda,St Kilda,Robert Harvey,3,1,3,1,0,0,0
2005,14,2005-07-03,M.C.G.,Western Bulldogs,St Kilda,St Kilda,Lenny Hayes,17,8,14,0,2,0,1
2005,14,2005-07-03,M.C.G.,Western Bulldogs,St Kilda,St Kilda,Max Hudghton,11,8,4,0,0,0,0
2005,14,2005-07-03,M.C.G.,Western Bulldogs,St Kilda,St Kilda,Justin Koschitzke,13,11,6,3,1,11,1
2005,14,2005-07-03,M.C.G.,Western Bulldogs,St Kilda,St Kilda,Matt Maguire,9,7,7,0,0,1,3
2005,14,2005-07-03,M.C.G.,Western Bulldogs,St Kilda,St Kilda,Mark McGough,6,5,10,0,0,0,0
2005,14,2005-07-03,M.C.G.,Western Bulldogs,St Kilda,St Kilda,Andrew McQualter,9,3,7,0,0,0,5
2005,14,2005-07-03,M.C.G.,Western Bulldogs,St Kilda,St Kilda,Stephen Milne,6,2,4,1,1,0,2
2005,14,2005-07-03,M.C.G.,Western Bulldogs,St Kilda,St Kilda,Justin Peckett,10,5,14,0,0,0,2
2005,14,2005-07-03,M.C.G.,Western Bulldogs,St Kilda,St Kilda,Luke Penny,6,5,4,1,0,0,0
2005,14,2005-07-03,M.C.G.,Western Bulldogs,St Kilda,St Kilda,Stephen Powell,3,5,10,0,0,0,2
2005,14,2005-07-03,M.C.G.,Western Bulldogs,St Kilda,St Kilda,Nick Riewoldt,3,2,1,1,1,0,0
2005,14,2005-07-03,M.C.G.,Western Bulldogs,St Kilda,St Kilda,Andrew Thompson,7,5,5,0,1,0,3
2005,14,2005-07-03,M.C.G.,Western Bulldogs,St Kilda,St Kilda,Brett Voss,15,10,6,0,0,0,2
2005,14,2005-07-03,Docklands,Geelong,Hawthorn,Geelong,Gary Ablett,7,2,6,0,0,0,2
2005,14,2005-07-03,Docklands,Geelong,Hawthorn,Geelong,Jimmy Bartel,14,4,9,0,0,0,3
2005,14,2005-07-03,Docklands,Geelong,Hawthorn,Geelong,Shannon Byrnes,10,3,3,1,0,0,1
2005,14,2005-07-03,Docklands,Geelong,Hawthorn,Geelong,Paul Chambers,3,2,2,2,0,8,2
2005,14,2005-07-03,Docklands,Geelong,Hawthorn,Geelong,Paul Chapman,9,5,5,4,1,0,2
2005,14,2005-07-03,Docklands,Geelong,Hawthorn,Geelong,Joel Corey,21,8,8,0,3,0,5
2005,14,2005-07-03,Docklands,Geelong,Hawthorn,Geelong,Matthew Egan,5,2,6,0,0,0,0
2005,14,2005-07-03,Docklands,Geelong,Hawthorn,Geelong,Charlie Gardiner,6,6,6,2,1,0,0
2005,14,2005-07-03,Docklands,Geelong,Hawthorn,Geelong,Josh Hunt,9,1,2,0,0,0,1
2005,14,2005-07-03,Docklands,Geelong,Hawthorn,Geelong,James Kelly,9,4,10,0,0,0,5
2005,14,2005-07-03,Docklands,Geelong,Hawthorn,Geelong,Steven King,7,4,3,1,0,15,1
2005,14,2005-07-03,Docklands,Geelong,Hawthorn,Geelong,Kent Kingsley,16,12,6,4,4,0,0
2005,14,2005-07-03,Docklands,Geelong,Hawthorn,Geelong,Paul Koulouriotis,6,3,4,0,0,0,4
2005,14,2005-07-03,Docklands,Geelong,Hawthorn,Geelong,Cameron Ling,15,9,19,0,0,0,3
2005,14,2005-07-03,Docklands,Geelong,Hawthorn,Geelong,Matthew McCarthy,1,0,1,1,0,0,0
2005,14,2005-07-03,Docklands,Geelong,Hawthorn,Geelong,Darren Milburn,14,8,6,1,0,1,2
2005,14,2005-07-03,Docklands,Geelong,Hawthorn,Geelong,Cameron Mooney,8,9,8,0,0,0,1
2005,14,2005-07-03,Docklands,Geelong,Hawthorn,Geelong,Peter Riccardi,3,0,4,0,0,0,3
2005,14,2005-07-03,Docklands,Geelong,Hawthorn,Geelong,Max Rooke,6,6,5,0,0,0,2
2005,14,2005-07-03,Docklands,Geelong,Hawthorn,Geelong,Brenton Sanderson,14,8,7,0,0,0,2
2005,14,2005-07-03,Docklands,Geelong,Hawthorn,Geelong,Matthew Scarlett,12,7,4,0,0,0,1
2005,14,2005-07-03,Docklands,Geelong,Hawthorn,Geelong,Kane Tenace,14,4,3,0,0,0,0
2005,14,2005-07-03,Docklands,Geelong,Hawthorn,Hawthorn,Simon Beaumont,1,1,0,0,0,0,0
2005,14,2005-07-03,Docklands,Geelong,Hawthorn,Hawthorn,Tim Boyle,9,5,6,0,0,0,1
2005,14,2005-07-03,Docklands,Geelong,Hawthorn,Hawthorn,Luke Brennan,8,7,6,0,0,0,3
2005,14,2005-07-03,Docklands,Geelong,Hawthorn,Hawthorn,Tim Clarke,13,10,7,0,0,0,2
2005,14,2005-07-03,Docklands,Geelong,Hawthorn,Hawthorn,Shane Crawford,16,10,11,0,0,0,2
2005,14,2005-07-03,Docklands,Geelong,Hawthorn,Hawthorn,Trent Croad,14,4,9,0,1,3,0
2005,14,2005-07-03,Docklands,Geelong,Hawthorn,Hawthorn,Ben Dixon,9,7,6,0,1,0,1
2005,14,2005-07-03,Docklands,Geelong,Hawthorn,Hawthorn,Peter Everitt,9,5,2,0,0,22,1
2005,14,2005-07-03,Docklands,Geelong,Hawthorn,Hawthorn,Lance Franklin,14,9,3,0,2,0,4
2005,14,2005-07-03,Docklands,Geelong,Hawthorn,Hawthorn,Steven Greene,15,6,7,0,0,0,3
2005,14,2005-07-03,Docklands,Geelong,Hawthorn,Hawthorn,Jonathan Hay,7,4,5,0,0,0,2
2005,14,2005-07-03,Docklands,Geelong,Hawthorn,Hawthorn,Rick Ladson,8,1,3,0,0,0,0
2005,14,2005-07-03,Docklands,Geelong,Hawthorn,Hawthorn,Angelo Lekkas,12,4,6,3,0,0,2
2005,14,2005-07-03,Docklands,Geelong,Hawthorn,Hawthorn,Jordan Lewis,7,5,5,0,0,0,4
2005,14,2005-07-03,Docklands,Geelong,Hawthorn,Hawthorn,Nathan Lonie,13,4,6,1,1,0,1
2005,14,2005-07-03,Docklands,Geelong,Hawthorn,Hawthorn,Sam Mitchell,10,3,6,1,0,0,1
2005,14,2005-07-03,Docklands,Geelong,Hawthorn,Hawthorn,Michael Osborne,11,7,2,1,0,0,3
2005,14,2005-07-03,Docklands,Geelong,Hawthorn,Hawthorn,Jarryd Roughead,5,3,2,0,0,3,0
2005,14,2005-07-03,Docklands,Geelong,Hawthorn,Hawthorn,Brad Sewell,4,2,4,0,0,0,2
2005,14,2005-07-03,Docklands,Geelong,Hawthorn,Hawthorn,Joel Smith,7,2,9,0,0,0,0
2005,14,2005-07-03,Docklands,Geelong,Hawthorn,Hawthorn,Richard Vandenberg,9,8,6,0,1,0,1
2005,14,2005-07-03,Docklands,Geelong,Hawthorn,Hawthorn,Mark Williams,5,4,0,2,2,0,1
2005,15,2005-07-08,Docklands,Kangaroos,West Coast,Kangaroos,Glenn Archer,18,4,1,0,0,0,3
2005,15,2005-07-08,Docklands,Kangaroos,West Coast,Kangaroos,Leigh Brown,3,1,4,0,0,0,1
2005,15,2005-07-08,Docklands,Kangaroos,West Coast,Kangaroos,Leigh Colbert,18,12,11,0,0,0,2
2005,15,2005-07-08,Docklands,Kangaroos,West Coast,Kangaroos,Michael Firrito,9,4,4,0,0,0,6
2005,15,2005-07-08,Docklands,Kangaroos,West Coast,Kangaroos,Shannon Grant,12,1,8,0,1,0,0
2005,15,2005-07-08,Docklands,Kangaroos,West Coast,Kangaroos,David Hale,7,3,2,1,1,8,4
2005,15,2005-07-08,Docklands,Kangaroos,West Coast,Kangaroos,Leigh Harding,16,7,3,3,4,0,1
2005,15,2005-07-08,Docklands,Kangaroos,West Coast,Kangaroos,Daniel Harris,8,2,14,1,0,0,4
2005,15,2005-07-08,Docklands,Kangaroos,West Coast,Kangaroos,Brent Harvey,19,6,9,3,0,0,2
2005,15,2005-07-08,Docklands,Kangaroos,West Coast,Kangaroos,Corey Jones,10,2,4,0,0,0,2
2005,15,2005-07-08,Docklands,Kangaroos,West Coast,Kangaroos,Troy Makepeace,5,1,3,0,0,0,0
2005,15,2005-07-08,Docklands,Kangaroos,West Coast,Kangaroos,Drew Petrie,8,2,5,0,1,14,1
2005,15,2005-07-08,Docklands,Kangaroos,West Coast,Kangaroos,Lance Picioane,4,1,3,0,0,0,1
2005,15,2005-07-08,Docklands,Kangaroos,West Coast,Kangaroos,Daniel Pratt,11,5,2,0,0,0,1
2005,15,2005-07-08,Docklands,Kangaroos,West Coast,Kangaroos,Brady Rawlings,9,2,11,0,0,0,3
2005,15,2005-07-08,Docklands,Kangaroos,West Coast,Kangaroos,Saverio Rocca,4,4,2,1,2,0,0
2005,15,2005-07-08,Docklands,Kangaroos,West Coast,Kangaroos,Eddie Sansbury,5,2,14,0,0,0,1
2005,15,2005-07-08,Docklands,Kangaroos,West Coast,Kangaroos,Adam Simpson,17,6,15,0,0,2,5
2005,15,2005-07-08,Docklands,Kangaroos,West Coast,Kangaroos,Michael Stevens,8,2,3,0,0,0,1
2005,15,2005-07-08,Docklands,Kangaroos,West Coast,Kangaroos,Nathan Thompson,10,3,0,5,3,0,0
2005,15,2005-07-08,Docklands,Kangaroos,West Coast,Kangaroos,Ashley Watson,1,0,2,0,0,0,0
2005,15,2005-07-08,Docklands,Kangaroos,West Coast,Kangaroos,Shannon Watt,3,3,3,0,0,0,0
2005,15,2005-07-08,Docklands,Kangaroos,West Coast,West Coast,Damien Adkins,6,3,6,1,0,0,2
2005,15,2005-07-08,Docklands,Kangaroos,West Coast,West Coast,Drew Banfield,10,9,3,0,0,0,3
2005,15,2005-07-08,Docklands,Kangaroos,West Coast,West Coast,Michael Braun,13,3,9,0,0,0,4
2005,15,2005-07-08,Docklands,Kangaroos,West Coast,West Coast,Sam Butler,12,7,5,1,0,0,3
2005,15,2005-07-08,Docklands,Kangaroos,West Coast,West Coast,Daniel Chick,9,3,2,1,0,0,0
2005,15,2005-07-08,Docklands,Kangaroos,West Coast,West Coast,Ben Cousins,20,8,5,0,0,0,1
2005,15,2005-07-08,Docklands,Kangaroos,West Coast,West Coast,Dean Cox,10,8,3,1,0,23,0
2005,15,2005-07-08,Docklands,Kangaroos,West Coast,West Coast,Chad Fletcher,17,4,7,1,0,0,0
2005,15,2005-07-08,Docklands,Kangaroos,West Coast,West Coast,Darren Glass,1,1,5,0,0,0,0
2005,15,2005-07-08,Docklands,Kangaroos,West Coast,West Coast,Ashley Hansen,9,6,0,0,1,0,1
2005,15,2005-07-08,Docklands,Kangaroos,West Coast,West Coast,Adam Hunter,10,7,2,0,0,1,0
2005,15,2005-07-08,Docklands,Kangaroos,West Coast,West Coast,Brett Jones,5,5,10,0,0,0,0
2005,15,2005-07-08,Docklands,Kangaroos,West Coast,West Coast,Chris Judd,9,1,7,0,0,0,1
2005,15,2005-07-08,Docklands,Kangaroos,West Coast,West Coast,Daniel Kerr,11,4,6,0,0,0,1
2005,15,2005-07-08,Docklands,Kangaroos,West Coast,West Coast,Quinten Lynch,8,5,0,2,2,0,1
2005,15,2005-07-08,Docklands,Kangaroos,West Coast,West Coast,Phillip Matera,10,5,4,5,2,0,0
2005,15,2005-07-08,Docklands,Kangaroos,West Coast,West Coast,Mark Nicoski,11,5,6,1,0,0,3
2005,15,2005-07-08,Docklands,Kangaroos,West Coast,West Coast,Mark Seaby,1,2,7,0,0,6,0
2005,15,2005-07-08,Docklands,Kangaroos,West Coast,West Coast,Adam Selwood,8,8,4,1,0,0,3
2005,15,2005-07-08,Docklands,Kangaroos,West Coast,West Coast,Brent Staker,14,8,5,1,1,0,1
2005,15,2005-07-08,Docklands,Kangaroos,West Coast,West Coast,Tyson Stenglein,13,7,9,0,0,1,2
2005,15,2005-07-08,Docklands,Kangaroos,West Coast,West Coast,David Wirrpanda,20,8,5,0,0,0,3
2005,15,2005-07-09,M.C.G.,Richmond,Essendon,Richmond,Joel Bowden,19,9,5,0,0,0,2
2005,15,2005-07-09,M.C.G.,Richmond,Essendon,Richmond,Wayne Campbell,18,6,7,2,0,0,2
2005,15,2005-07-09,M.C.G.,Richmond,Essendon,Richmond,Mark Chaffey,10,5,8,0,0,0,7
2005,15,2005-07-09,M.C.G.,Richmond,Essendon,Richmond,Mark Coughlan,12,4,13,0,0,0,8
2005,15,2005-07-09,M.C.G.,Richmond,Essendon,Richmond,Brett Deledio,9,6,1,2,0,0,1
2005,15,2005-07-09,M.C.G.,Richmond,Essendon,Richmond,Darren Gaspar,7,2,2,0,0,0,0
2005,15,2005-07-09,M.C.G.,Richmond,Essendon,Richmond,Mark Graham,13,5,3,0,0,0,4
2005,15,2005-07-09,M.C.G.,Richmond,Essendon,Richmond,Ray Hall,9,6,5,0,0,0,2
2005,15,2005-07-09,M.C.G.,Richmond,Essendon,Richmond,Rory Hilton,11,6,0,2,1,0,2
2005,15,2005-07-09,M.C.G.,Richmond,Essendon,Richmond,Chris Hyde,12,5,9,0,0,0,4
2005,15,2005-07-09,M.C.G.,Richmond,Essendon,Richmond,Andrew Kellaway,0,0,0,0,0,0,0
2005,15,2005-07-09,M.C.G.,Richmond,Essendon,Richmond,Trent Knobel,6,2,6,1,0,17,3
2005,15,2005-07-09,M.C.G.,Richmond,Essendon,Richmond,Andrew Krakouer,14,4,3,1,1,0,4
2005,15,2005-07-09,M.C.G.,Richmond,Essendon,Richmond,Chris Newman,9,4,1,0,0,0,4
2005,15,2005-07-09,M.C.G.,Richmond,Essendon,Richmond,Kayne Pettifer,14,2,2,1,0,0,3
2005,15,2005-07-09,M.C.G.,Richmond,Essendon,Richmond,Andrew Raines,2,1,2,0,0,0,1
2005,15,2005-07-09,M.C.G.,Richmond,Essendon,Richmond,Matthew Richardson,12,9,2,2,2,0,2
2005,15,2005-07-09,M.C.G.,Richmond,Essendon,Richmond,Troy Simmonds,10,5,5,0,0,30,2
2005,15,2005-07-09,M.C.G.,Richmond,Essendon,Richmond,Richard Tambling,4,4,4,1,1,0,4
2005,15,2005-07-09,M.C.G.,Richmond,Essendon,Richmond,Will Thursfield,3,3,9,0,0,0,1
2005,15,2005-07-09,M.C.G.,Richmond,Essendon,Richmond,Greg Tivendale,12,4,5,0,0,0,2
2005,15,2005-07-09,M.C.G.,Richmond,Essendon,Richmond,Shane Tuck,13,2,8,2,1,3,6
2005,15,2005-07-09,M.C.G.,Richmond,Essendon,Essendon,Mark Bolton,2,1,1,1,0,2,1
2005,15,2005-07-09,M.C.G.,Richmond,Essendon,Essendon,Kepler Bradley,10,4,14,0,0,6,1
2005,15,2005-07-09,M.C.G.,Richmond,Essendon,Essendon,Marcus Bullen,0,0,1,0,0,0,0
2005,15,2005-07-09,M.C.G.,Richmond,Essendon,Essendon,Ricky Dyson,8,3,1,1,2,0,2
2005,15,2005-07-09,M.C.G.,Richmond,Essendon,Essendon,Dustin Fletcher,12,5,1,0,0,0,0
2005,15,2005-07-09,M.C.G.,Richmond,Essendon,Essendon,James Hird,9,1,3,0,1,0,4
2005,15,2005-07-09,M.C.G.,Richmond,Essendon,Essendon,Courtney Johns,4,3,0,0,1,0,3
2005,15,2005-07-09,M.C.G.,Richmond,Essendon,Essendon,Jason Johnson,21,5,9,0,0,0,4
2005,15,2005-07-09,M.C.G.,Richmond,Essendon,Essendon,Mark Johnson,11,5,3,0,2,0,6
2005,15,2005-07-09,M.C.G.,Richmond,Essendon,Essendon,Jason Laycock,6,2,2,0,0,6,0
2005,15,2005-07-09,M.C.G.,Richmond,Essendon,Essendon,Matthew Lloyd,5,4,0,4,0,0,7
2005,15,2005-07-09,M.C.G.,Richmond,Essendon,Essendon,Andrew Lovett,9,2,2,1,0,0,4
2005,15,2005-07-09,M.C.G.,Richmond,Essendon,Essendon,Nathan Lovett-Murray,9,3,5,0,1,1,1
2005,15,2005-07-09,M.C.G.,Richmond,Essendon,Essendon,Scott Lucas,13,7,1,2,1,0,4
2005,15,2005-07-09,M.C.G.,Richmond,Essendon,Essendon,Mark McVeigh,8,3,5,0,1,0,6
2005,15,2005-07-09,M.C.G.,Richmond,Essendon,Essendon,Justin Murphy,11,4,8,0,0,0,1
2005,15,2005-07-09,M.C.G.,Richmond,Essendon,Essendon,Damien Peverill,8,4,5,0,0,0,0
2005,15,2005-07-09,M.C.G.,Richmond,Essendon,Essendon,Dean Rioli,9,4,8,0,0,0,1
2005,15,2005-07-09,M.C.G.,Richmond,Essendon,Essendon,Dean Solomon,12,4,6,0,0,0,3
2005,15,2005-07-09,M.C.G.,Richmond,Essendon,Essendon,Brent Stanton,11,10,4,0,1,0,2
2005,15,2005-07-09,M.C.G.,Richmond,Essendon,Essendon,Paul Thomas,9,5,9,0,0,0,6
2005,15,2005-07-09,M.C.G.,Richmond,Essendon,Essendon,Andrew Welsh,14,5,4,0,0,0,2
2005,15,2005-07-09,Football Park,Port Adelaide,Melbourne,Port Adelaide,Matthew Bishop,7,3,6,0,0,0,0
2005,15,2005-07-09,Football Park,Port Adelaide,Melbourne,Port Adelaide,Peter Burgoyne,9,3,10,1,1,0,2
2005,15,2005-07-09,Football Park,Port Adelaide,Melbourne,Port Adelaide,Shaun Burgoyne,9,4,9,0,0,0,1
2005,15,2005-07-09,Football Park,Port Adelaide,Melbourne,Port Adelaide,Domenic Cassisi,1,0,3,0,0,0,1
2005,15,2005-07-09,Football Park,Port Adelaide,Melbourne,Port Adelaide,Chad Cornes,15,10,10,0,0,2,2
2005,15,2005-07-09,Football Park,Port Adelaide,Melbourne,Port Adelaide,Kane Cornes,15,8,13,4,1,0,2
2005,15,2005-07-09,Football Park,Port Adelaide,Melbourne,Port Adelaide,Stuart Dew,19,8,9,2,1,0,3
2005,15,2005-07-09,Football Park,Port Adelaide,Melbourne,Port Adelaide,Josh Francou,11,5,10,0,1,0,1
2005,15,2005-07-09,Football Park,Port Adelaide,Melbourne,Port Adelaide,Roger James,8,4,4,0,0,0,0
2005,15,2005-07-09,Football Park,Port Adelaide,Melbourne,Port Adelaide,Adam Kingsley,12,6,3,0,0,0,3
2005,15,2005-07-09,Football Park,Port Adelaide,Melbourne,Port Adelaide,Brendon Lade,9,6,5,1,2,13,2
2005,15,2005-07-09,Football Park,Port Adelaide,Melbourne,Port Adelaide,Josh Mahoney,9,1,7,4,0,0,4
2005,15,2005-07-09,Football Park,Port Adelaide,Melbourne,Port Adelaide,Brett Montgomery,3,4,7,0,0,0,0
2005,15,2005-07-09,Football Park,Port Adelaide,Melbourne,Port Adelaide,Byron Pickett,9,5,5,1,1,0,0
2005,15,2005-07-09,Football Park,Port Adelaide,Melbourne,Port Adelaide,Matthew Primus,3,4,3,0,2,15,1
2005,15,2005-07-09,Football Park,Port Adelaide,Melbourne,Port Adelaide,Aaron Shattock,4,4,9,0,0,0,1
2005,15,2005-07-09,Football Park,Port Adelaide,Melbourne,Port Adelaide,Toby Thurstans,5,6,1,2,0,0,3
2005,15,2005-07-09,Football Park,Port Adelaide,Melbourne,Port Adelaide,Warren Tredrea,19,12,2,5,5,0,4
2005,15,2005-07-09,Football Park,Port Adelaide,Melbourne,Port Adelaide,Darryl Wakelin,2,0,5,0,0,0,1
2005,15,2005-07-09,Football Park,Port Adelaide,Melbourne,Port Adelaide,Peter Walsh,8,3,5,0,0,0,1
2005,15,2005-07-09,Football Park,Port Adelaide,Melbourne,Port Adelaide,Gavin Wanganeen,4,1,9,0,0,0,2
2005,15,2005-07-09,Football Park,Port Adelaide,Melbourne,Port Adelaide,Michael Wilson,7,2,4,0,0,0,1
2005,15,2005-07-09,Football Park,Port Adelaide,Melbourne,Melbourne,Clint Bizzell,10,6,7,0,0,0,2
2005,15,2005-07-09,Football Park,Port Adelaide,Melbourne,Melbourne,Nathan Brown,8,5,6,0,1,0,1
2005,15,2005-07-09,Football Park,Port Adelaide,Melbourne,Melbourne,Cameron Bruce,17,7,1,0,1,0,1
2005,15,2005-07-09,Football Park,Port Adelaide,Melbourne,Melbourne,Aaron Davey,8,2,4,0,1,0,3
2005,15,2005-07-09,Football Park,Port Adelaide,Melbourne,Melbourne,Brad Green,8,6,4,0,0,0,2
2005,15,2005-07-09,Football Park,Port Adelaide,Melbourne,Melbourne,Chris Heffernan,5,1,4,0,0,0,4
2005,15,2005-07-09,Football Park,Port Adelaide,Melbourne,Melbourne,Mark Jamar,0,0,2,0,0,4,0
2005,15,2005-07-09,Football Park,Port Adelaide,Melbourne,Melbourne,Travis Johnstone,12,3,3,1,0,0,0
2005,15,2005-07-09,Football Park,Port Adelaide,Melbourne,Melbourne,James McDonald,6,7,3,0,0,0,1
2005,15,2005-07-09,Football Park,Port Adelaide,Melbourne,Melbourne,Brad Miller,2,2,0,1,0,0,1
2005,15,2005-07-09,Football Park,Port Adelaide,Melbourne,Melbourne,Brent Moloney,14,6,7,0,0,0,3
2005,15,2005-07-09,Football Park,Port Adelaide,Melbourne,Melbourne,David Neitz,9,6,3,2,2,0,1
2005,15,2005-07-09,Football Park,Port Adelaide,Melbourne,Melbourne,Alistair Nicholson,1,1,2,0,0,2,1
2005,15,2005-07-09,Football Park,Port Adelaide,Melbourne,Melbourne,Phillip Read,5,5,6,1,0,0,2
2005,15,2005-07-09,Football Park,Port Adelaide,Melbourne,Melbourne,Jared Rivers,7,7,3,0,0,0,0
2005,15,2005-07-09,Football Park,Port Adelaide,Melbourne,Melbourne,Russell Robertson,12,9,4,3,1,0,4
2005,15,2005-07-09,Football Park,Port Adelaide,Melbourne,Melbourne,Colin Sylvia,5,3,3,1,0,0,2
2005,15,2005-07-09,Football Park,Port Adelaide,Melbourne,Melbourne,Daniel Ward,11,6,4,0,0,0,2
2005,15,2005-07-09,Football Park,Port Adelaide,Melbourne,Melbourne,Paul Wheatley,9,5,5,0,0,0,1
2005,15,2005-07-09,Football Park,Port Adelaide,Melbourne,Melbourne,Matthew Whelan,6,2,4,0,0,0,3
2005,15,2005-07-09,Football Park,Port Adelaide,Melbourne,Melbourne,Jeff White,6,2,8,0,0,20,0
2005,15,2005-07-09,Football Park,Port Adelaide,Melbourne,Melbourne,Adem Yze,17,9,4,2,1,0,0
2005,15,2005-07-09,Gabba,Brisbane Lions,Collingwood,Brisbane Lions,Jed Adcock,6,6,9,0,1,0,2
2005,15,2005-07-09,Gabba,Brisbane Lions,Collingwood,Brisbane Lions,Jason Akermanis,18,5,3,2,5,0,1
2005,15,2005-07-09,Gabba,Brisbane Lions,Collingwood,Brisbane Lions,Simon Black,18,6,9,1,0,0,3
2005,15,2005-07-09,Gabba,Brisbane Lions,Collingwood,Brisbane Lions,Daniel Bradshaw,8,8,2,1,1,0,2
2005,15,2005-07-09,Gabba,Brisbane Lions,Collingwood,Brisbane Lions,Jonathan Brown,9,7,8,0,1,0,3
2005,15,2005-07-09,Gabba,Brisbane Lions,Collingwood,Brisbane Lions,Jamie Charman,4,3,2,1,0,17,3
2005,15,2005-07-09,Gabba,Brisbane Lions,Collingwood,Brisbane Lions,Anthony Corrie,8,6,3,1,0,0,4
2005,15,2005-07-09,Gabba,Brisbane Lions,Collingwood,Brisbane Lions,Josh Drummond,10,7,8,1,0,0,1
2005,15,2005-07-09,Gabba,Brisbane Lions,Collingwood,Brisbane Lions,Chris Johnson,15,15,7,1,1,0,3
2005,15,2005-07-09,Gabba,Brisbane Lions,Collingwood,Brisbane Lions,Clark Keating,7,4,5,0,1,10,1
2005,15,2005-07-09,Gabba,Brisbane Lions,Collingwood,Brisbane Lions,Nigel Lappin,17,9,6,2,0,0,1
2005,15,2005-07-09,Gabba,Brisbane Lions,Collingwood,Brisbane Lions,Joel Macdonald,8,5,5,0,0,0,2
2005,15,2005-07-09,Gabba,Brisbane Lions,Collingwood,Brisbane Lions,Ashley McGrath,9,6,1,3,1,0,2
2005,15,2005-07-09,Gabba,Brisbane Lions,Collingwood,Brisbane Lions,Daniel Merrett,8,7,3,3,3,0,1
2005,15,2005-07-09,Gabba,Brisbane Lions,Collingwood,Brisbane Lions,Mal Michael,1,2,3,0,0,0,0
2005,15,2005-07-09,Gabba,Brisbane Lions,Collingwood,Brisbane Lions,Tim Notting,16,9,6,1,0,0,0
2005,15,2005-07-09,Gabba,Brisbane Lions,Collingwood,Brisbane Lions,Luke Power,20,1,12,0,1,0,2
2005,15,2005-07-09,Gabba,Brisbane Lions,Collingwood,Brisbane Lions,Brad Scott,9,1,6,1,0,0,0
2005,15,2005-07-09,Gabba,Brisbane Lions,Collingwood,Brisbane Lions,Troy Selwood,14,10,4,0,0,0,5
2005,15,2005-07-09,Gabba,Brisbane Lions,Collingwood,Brisbane Lions,Justin Sherman,10,4,6,0,0,0,2
2005,15,2005-07-09,Gabba,Brisbane Lions,Collingwood,Brisbane Lions,Michael Voss,9,5,13,1,0,0,0
2005,15,2005-07-09,Gabba,Brisbane Lions,Collingwood,Brisbane Lions,Darryl White,8,4,1,0,0,0,2
2005,15,2005-07-09,Gabba,Brisbane Lions,Collingwood,Collingwood,Nathan Buckley,11,6,6,2,0,0,1
2005,15,2005-07-09,Gabba,Brisbane Lions,Collingwood,Collingwood,Scott Burns,10,5,7,1,0,0,1
2005,15,2005-07-09,Gabba,Brisbane Lions,Collingwood,Collingwood,Blake Caracella,8,5,2,1,1,0,0
2005,15,2005-07-09,Gabba,Brisbane Lions,Collingwood,Collingwood,James Clement,13,6,5,0,0,0,2
2005,15,2005-07-09,Gabba,Brisbane Lions,Collingwood,Collingwood,Cameron Cloke,3,3,2,0,0,8,1
2005,15,2005-07-09,Gabba,Brisbane Lions,Collingwood,Collingwood,Travis Cloke,6,3,2,0,1,1,2
2005,15,2005-07-09,Gabba,Brisbane Lions,Collingwood,Collingwood,Leon Davis,8,5,6,1,0,0,1
2005,15,2005-07-09,Gabba,Brisbane Lions,Collingwood,Collingwood,Chris Egan,1,1,0,0,0,0,0
2005,15,2005-07-09,Gabba,Brisbane Lions,Collingwood,Collingwood,David Fanning,7,3,5,0,0,10,0
2005,15,2005-07-09,Gabba,Brisbane Lions,Collingwood,Collingwood,Brodie Holland,17,5,9,0,1,0,0
2005,15,2005-07-09,Gabba,Brisbane Lions,Collingwood,Collingwood,Ben Johnson,6,0,4,0,0,0,1
2005,15,2005-07-09,Gabba,Brisbane Lions,Collingwood,Collingwood,Paul Licuria,16,5,16,1,0,0,4
2005,15,2005-07-09,Gabba,Brisbane Lions,Collingwood,Collingwood,Tarkyn Lockyer,12,6,8,0,1,0,3
2005,15,2005-07-09,Gabba,Brisbane Lions,Collingwood,Collingwood,Ryan Lonie,13,6,5,0,1,0,2
2005,15,2005-07-09,Gabba,Brisbane Lions,Collingwood,Collingwood,Nick Maxwell,12,9,9,0,0,0,3
2005,15,2005-07-09,Gabba,Brisbane Lions,Collingwood,Collingwood,Shane OBree,8,1,3,0,0,0,3
2005,15,2005-07-09,Gabba,Brisbane Lions,Collingwood,Collingwood,Simon Prestigiacomo,1,1,4,0,0,0,0
2005,15,2005-07-09,Gabba,Brisbane Lions,Collingwood,Collingwood,Julian Rowe,12,5,3,1,1,0,1
2005,15,2005-07-09,Gabba,Brisbane Lions,Collingwood,Collingwood,Sean Rusling,0,0,0,0,0,0,0
2005,15,2005-07-09,Gabba,Brisbane Lions,Collingwood,Collingwood,Dane Swan,11,4,7,0,0,0,1
2005,15,2005-07-09,Gabba,Brisbane Lions,Collingwood,Collingwood,Chris Tarrant,9,2,0,0,3,0,0
2005,15,2005-07-09,Gabba,Brisbane Lions,Collingwood,Collingwood,Shane Wakelin,6,5,2,0,0,0,2
2005,15,2005-07-09,S.C.G.,Sydney,Geelong,Sydney,Luke Ablett,8,3,7,1,0,1,5
2005,15,2005-07-09,S.C.G.,Sydney,Geelong,Sydney,Jason Ball,5,3,3,0,0,12,0
2005,15,2005-07-09,S.C.G.,Sydney,Geelong,Sydney,Leo Barry,11,4,6,0,0,0,4
2005,15,2005-07-09,S.C.G.,Sydney,Geelong,Sydney,Craig Bolton,4,1,3,0,0,0,1
2005,15,2005-07-09,S.C.G.,Sydney,Geelong,Sydney,Jude Bolton,11,3,7,0,0,1,4
2005,15,2005-07-09,S.C.G.,Sydney,Geelong,Sydney,Amon Buchanan,11,6,9,0,1,0,4
2005,15,2005-07-09,S.C.G.,Sydney,Geelong,Sydney,Jared Crouch,4,2,3,1,0,0,3
2005,15,2005-07-09,S.C.G.,Sydney,Geelong,Sydney,Nick Davis,16,9,3,2,0,0,1
2005,15,2005-07-09,S.C.G.,Sydney,Geelong,Sydney,Sean Dempster,5,2,1,0,0,0,3
2005,15,2005-07-09,S.C.G.,Sydney,Geelong,Sydney,Nic Fosdike,9,1,7,0,0,0,3
2005,15,2005-07-09,S.C.G.,Sydney,Geelong,Sydney,Adam Goodes,14,10,7,1,0,3,1
2005,15,2005-07-09,S.C.G.,Sydney,Geelong,Sydney,Barry Hall,13,12,4,5,2,0,1
2005,15,2005-07-09,S.C.G.,Sydney,Geelong,Sydney,Darren Jolly,4,4,3,0,0,22,0
2005,15,2005-07-09,S.C.G.,Sydney,Geelong,Sydney,Tadhg Kennelly,12,5,2,0,0,0,0
2005,15,2005-07-09,S.C.G.,Sydney,Geelong,Sydney,Brett Kirk,14,3,8,2,3,1,2
2005,15,2005-07-09,S.C.G.,Sydney,Geelong,Sydney,Ben Mathews,6,2,4,0,0,0,3
2005,15,2005-07-09,S.C.G.,Sydney,Geelong,Sydney,Jarrad McVeigh,4,4,3,0,1,0,0
2005,15,2005-07-09,S.C.G.,Sydney,Geelong,Sydney,Jarred Moore,2,1,3,0,1,0,0
2005,15,2005-07-09,S.C.G.,Sydney,Geelong,Sydney,Ryan OKeefe,18,7,5,3,1,0,3
2005,15,2005-07-09,S.C.G.,Sydney,Geelong,Sydney,Michael OLoughlin,5,2,3,1,0,0,2
2005,15,2005-07-09,S.C.G.,Sydney,Geelong,Sydney,Lewis Roberts-Thomson,3,1,1,0,0,0,2
2005,15,2005-07-09,S.C.G.,Sydney,Geelong,Sydney,Paul Williams,8,2,8,0,0,0,3
2005,15,2005-07-09,S.C.G.,Sydney,Geelong,Geelong,Gary Ablett,15,2,7,0,1,0,7
2005,15,2005-07-09,S.C.G.,Sydney,Geelong,Geelong,Jimmy Bartel,8,5,7,1,0,0,7
2005,15,2005-07-09,S.C.G.,Sydney,Geelong,Geelong,Mark Blake,2,3,4,0,0,3,0
2005,15,2005-07-09,S.C.G.,Sydney,Geelong,Geelong,Shannon Byrnes,3,2,4,0,0,0,0
2005,15,2005-07-09,S.C.G.,Sydney,Geelong,Geelong,Paul Chambers,1,0,3,0,0,14,5
2005,15,2005-07-09,S.C.G.,Sydney,Geelong,Geelong,Paul Chapman,15,5,3,1,2,0,5
2005,15,2005-07-09,S.C.G.,Sydney,Geelong,Geelong,Joel Corey,11,4,5,0,1,0,1
2005,15,2005-07-09,S.C.G.,Sydney,Geelong,Geelong,Matthew Egan,5,3,4,0,0,0,1
2005,15,2005-07-09,S.C.G.,Sydney,Geelong,Geelong,Charlie Gardiner,9,5,5,0,0,0,3
2005,15,2005-07-09,S.C.G.,Sydney,Geelong,Geelong,David Haynes,7,4,4,1,0,0,2
2005,15,2005-07-09,S.C.G.,Sydney,Geelong,Geelong,Josh Hunt,9,4,5,0,0,0,0
2005,15,2005-07-09,S.C.G.,Sydney,Geelong,Geelong,James Kelly,10,5,10,0,0,0,4
2005,15,2005-07-09,S.C.G.,Sydney,Geelong,Geelong,Kent Kingsley,10,7,2,1,3,0,3
2005,15,2005-07-09,S.C.G.,Sydney,Geelong,Geelong,Paul Koulouriotis,10,3,5,0,0,0,4
2005,15,2005-07-09,S.C.G.,Sydney,Geelong,Geelong,Darren Milburn,5,3,11,0,0,0,3
2005,15,2005-07-09,S.C.G.,Sydney,Geelong,Geelong,Cameron Mooney,10,6,5,0,0,0,1
2005,15,2005-07-09,S.C.G.,Sydney,Geelong,Geelong,James Rahilly,5,4,7,0,0,0,3
2005,15,2005-07-09,S.C.G.,Sydney,Geelong,Geelong,Peter Riccardi,5,2,5,0,0,0,1
2005,15,2005-07-09,S.C.G.,Sydney,Geelong,Geelong,Brenton Sanderson,6,4,6,0,0,0,1
2005,15,2005-07-09,S.C.G.,Sydney,Geelong,Geelong,Matthew Scarlett,9,2,3,0,0,0,5
2005,15,2005-07-09,S.C.G.,Sydney,Geelong,Geelong,Kane Tenace,6,2,4,0,0,0,1
2005,15,2005-07-09,S.C.G.,Sydney,Geelong,Geelong,Cameron Thurley,9,2,4,3,2,0,1
2005,15,2005-07-10,York Park,Hawthorn,Adelaide,Hawthorn,Tim Boyle,2,3,1,0,0,0,1
2005,15,2005-07-10,York Park,Hawthorn,Adelaide,Hawthorn,Luke Brennan,6,6,7,0,0,0,1
2005,15,2005-07-10,York Park,Hawthorn,Adelaide,Hawthorn,Campbell Brown,13,10,7,0,0,0,1
2005,15,2005-07-10,York Park,Hawthorn,Adelaide,Hawthorn,Tim Clarke,7,2,8,1,1,0,1
2005,15,2005-07-10,York Park,Hawthorn,Adelaide,Hawthorn,Shane Crawford,10,7,10,0,0,0,1
2005,15,2005-07-10,York Park,Hawthorn,Adelaide,Hawthorn,Trent Croad,10,4,8,1,0,2,2
2005,15,2005-07-10,York Park,Hawthorn,Adelaide,Hawthorn,Ben Dixon,7,5,8,0,1,0,1
2005,15,2005-07-10,York Park,Hawthorn,Adelaide,Hawthorn,Peter Everitt,14,9,4,0,2,21,3
2005,15,2005-07-10,York Park,Hawthorn,Adelaide,Hawthorn,Jonathan Hay,2,1,1,0,0,0,1
2005,15,2005-07-10,York Park,Hawthorn,Adelaide,Hawthorn,Luke Hodge,12,2,12,0,0,0,4
2005,15,2005-07-10,York Park,Hawthorn,Adelaide,Hawthorn,Danny Jacobs,2,3,7,0,0,0,3
2005,15,2005-07-10,York Park,Hawthorn,Adelaide,Hawthorn,Rick Ladson,3,4,3,0,0,0,1
2005,15,2005-07-10,York Park,Hawthorn,Adelaide,Hawthorn,Angelo Lekkas,13,6,3,2,0,0,2
2005,15,2005-07-10,York Park,Hawthorn,Adelaide,Hawthorn,Jordan Lewis,4,2,6,0,0,1,2
2005,15,2005-07-10,York Park,Hawthorn,Adelaide,Hawthorn,Nathan Lonie,10,2,10,3,0,0,3
2005,15,2005-07-10,York Park,Hawthorn,Adelaide,Hawthorn,Sam Mitchell,1,1,1,0,0,0,0
2005,15,2005-07-10,York Park,Hawthorn,Adelaide,Hawthorn,Michael Osborne,7,2,5,0,0,0,5
2005,15,2005-07-10,York Park,Hawthorn,Adelaide,Hawthorn,Jarryd Roughead,4,3,4,1,0,0,1
2005,15,2005-07-10,York Park,Hawthorn,Adelaide,Hawthorn,Brad Sewell,12,5,13,0,0,0,2
2005,15,2005-07-10,York Park,Hawthorn,Adelaide,Hawthorn,Joel Smith,18,8,10,0,0,0,4
2005,15,2005-07-10,York Park,Hawthorn,Adelaide,Hawthorn,Richard Vandenberg,5,1,5,0,0,0,4
2005,15,2005-07-10,York Park,Hawthorn,Adelaide,Hawthorn,Mark Williams,7,3,2,2,2,0,6
2005,15,2005-07-10,York Park,Hawthorn,Adelaide,Adelaide,Nathan Bassett,10,3,6,0,0,0,3
2005,15,2005-07-10,York Park,Hawthorn,Adelaide,Adelaide,Rhett Biglands,4,4,5,1,0,10,5
2005,15,2005-07-10,York Park,Hawthorn,Adelaide,Adelaide,Nathan Bock,5,5,4,0,0,1,3
2005,15,2005-07-10,York Park,Hawthorn,Adelaide,Adelaide,Brett Burton,20,9,5,2,1,3,3
2005,15,2005-07-10,York Park,Hawthorn,Adelaide,Adelaide,Michael Doughty,10,8,12,1,0,0,2
2005,15,2005-07-10,York Park,Hawthorn,Adelaide,Adelaide,Tyson Edwards,16,8,9,0,0,0,5
2005,15,2005-07-10,York Park,Hawthorn,Adelaide,Adelaide,Simon Goodwin,21,8,8,2,0,0,4
2005,15,2005-07-10,York Park,Hawthorn,Adelaide,Adelaide,Ben Hart,8,3,3,0,0,0,2
2005,15,2005-07-10,York Park,Hawthorn,Adelaide,Adelaide,Trent Hentschel,9,6,3,2,0,0,1
2005,15,2005-07-10,York Park,Hawthorn,Adelaide,Adelaide,Ben Hudson,5,4,6,0,0,21,2
2005,15,2005-07-10,York Park,Hawthorn,Adelaide,Adelaide,Chris Knights,0,0,1,0,0,0,0
2005,15,2005-07-10,York Park,Hawthorn,Adelaide,Adelaide,Martin Mattner,5,2,12,0,0,0,3
2005,15,2005-07-10,York Park,Hawthorn,Adelaide,Adelaide,Ken McGregor,15,13,7,2,2,0,2
2005,15,2005-07-10,York Park,Hawthorn,Adelaide,Adelaide,Andrew McLeod,15,4,7,0,0,0,1
2005,15,2005-07-10,York Park,Hawthorn,Adelaide,Adelaide,Ian Perrie,8,5,3,0,1,0,0
2005,15,2005-07-10,York Park,Hawthorn,Adelaide,Adelaide,Brent Reilly,7,4,3,0,0,0,1
2005,15,2005-07-10,York Park,Hawthorn,Adelaide,Adelaide,Mark Ricciuto,5,5,10,1,0,0,3
2005,15,2005-07-10,York Park,Hawthorn,Adelaide,Adelaide,Ben Rutten,6,6,8,0,0,0,1
2005,15,2005-07-10,York Park,Hawthorn,Adelaide,Adelaide,Robert Shirley,5,1,11,0,0,1,4
2005,15,2005-07-10,York Park,Hawthorn,Adelaide,Adelaide,Scott Thompson,12,6,5,1,0,0,2
2005,15,2005-07-10,York Park,Hawthorn,Adelaide,Adelaide,Jason Torney,7,4,4,0,0,0,1
2005,15,2005-07-10,York Park,Hawthorn,Adelaide,Adelaide,Nathan van Berlo,1,1,3,0,0,0,1
2005,15,2005-07-10,Docklands,St Kilda,Carlton,St Kilda,Cain Ackland,7,5,8,3,0,15,1
2005,15,2005-07-10,Docklands,St Kilda,Carlton,St Kilda,Steven Baker,5,2,8,0,0,0,5
2005,15,2005-07-10,Docklands,St Kilda,Carlton,St Kilda,Luke Ball,11,1,8,0,0,0,4
2005,15,2005-07-10,Docklands,St Kilda,Carlton,St Kilda,Jason Blake,7,3,6,0,1,13,3
2005,15,2005-07-10,Docklands,St Kilda,Carlton,St Kilda,Raphael Clarke,4,1,5,0,1,2,3
2005,15,2005-07-10,Docklands,St Kilda,Carlton,St Kilda,Xavier Clarke,7,3,8,0,0,0,2
2005,15,2005-07-10,Docklands,St Kilda,Carlton,St Kilda,Nick Dal Santo,8,2,10,1,0,1,2
2005,15,2005-07-10,Docklands,St Kilda,Carlton,St Kilda,Sam Fisher,10,1,8,0,0,0,2
2005,15,2005-07-10,Docklands,St Kilda,Carlton,St Kilda,Fraser Gehrig,12,6,1,4,6,0,1
2005,15,2005-07-10,Docklands,St Kilda,Carlton,St Kilda,Brendon Goddard,7,2,5,0,0,0,4
2005,15,2005-07-10,Docklands,St Kilda,Carlton,St Kilda,Lenny Hayes,16,5,12,2,0,0,6
2005,15,2005-07-10,Docklands,St Kilda,Carlton,St Kilda,Max Hudghton,8,5,7,0,0,0,1
2005,15,2005-07-10,Docklands,St Kilda,Carlton,St Kilda,Austinn Jones,9,1,5,0,0,0,2
2005,15,2005-07-10,Docklands,St Kilda,Carlton,St Kilda,Justin Koschitzke,16,11,7,4,2,13,3
2005,15,2005-07-10,Docklands,St Kilda,Carlton,St Kilda,Matt Maguire,8,4,4,0,0,1,1
2005,15,2005-07-10,Docklands,St Kilda,Carlton,St Kilda,Mark McGough,5,0,4,0,0,0,2
2005,15,2005-07-10,Docklands,St Kilda,Carlton,St Kilda,Andrew McQualter,4,1,3,1,0,0,2
2005,15,2005-07-10,Docklands,St Kilda,Carlton,St Kilda,Stephen Milne,14,5,1,5,1,0,5
2005,15,2005-07-10,Docklands,St Kilda,Carlton,St Kilda,Stephen Powell,4,2,12,0,0,0,4
2005,15,2005-07-10,Docklands,St Kilda,Carlton,St Kilda,Troy Schwarze,7,1,4,2,0,1,3
2005,15,2005-07-10,Docklands,St Kilda,Carlton,St Kilda,Andrew Thompson,7,2,12,1,0,0,2
2005,15,2005-07-10,Docklands,St Kilda,Carlton,St Kilda,Brett Voss,8,9,5,0,0,1,0
2005,15,2005-07-10,Docklands,St Kilda,Carlton,Carlton,Glen Bowyer,4,3,14,0,0,0,0
2005,15,2005-07-10,Docklands,St Kilda,Carlton,Carlton,Chris Bryan,9,4,4,1,0,16,1
2005,15,2005-07-10,Docklands,St Kilda,Carlton,Carlton,Scott Camporeale,15,3,8,2,0,0,1
2005,15,2005-07-10,Docklands,St Kilda,Carlton,Carlton,Andrew Carrazzo,12,4,10,0,0,1,1
2005,15,2005-07-10,Docklands,St Kilda,Carlton,Carlton,Brendan Fevola,0,0,2,0,0,0,4
2005,15,2005-07-10,Docklands,St Kilda,Carlton,Carlton,Ryan Houlihan,10,7,1,0,0,1,3
2005,15,2005-07-10,Docklands,St Kilda,Carlton,Carlton,Brett Johnson,1,1,5,0,0,0,0
2005,15,2005-07-10,Docklands,St Kilda,Carlton,Carlton,Anthony Koutoufides,6,5,10,0,0,0,1
2005,15,2005-07-10,Docklands,St Kilda,Carlton,Carlton,Matthew Lappin,11,9,9,2,0,0,0
2005,15,2005-07-10,Docklands,St Kilda,Carlton,Carlton,Luke Livingston,8,4,6,0,0,0,2
2005,15,2005-07-10,Docklands,St Kilda,Carlton,Carlton,Troy Longmuir,4,3,3,1,1,0,0
2005,15,2005-07-10,Docklands,St Kilda,Carlton,Carlton,Cory McGrath,5,2,1,0,0,1,2
2005,15,2005-07-10,Docklands,St Kilda,Carlton,Carlton,Ian Prendergast,10,7,4,0,2,6,2
2005,15,2005-07-10,Docklands,St Kilda,Carlton,Carlton,Jordan Russell,2,0,0,0,0,0,0
2005,15,2005-07-10,Docklands,St Kilda,Carlton,Carlton,Heath Scotland,7,9,14,0,0,1,4
2005,15,2005-07-10,Docklands,St Kilda,Carlton,Carlton,Kade Simpson,9,5,4,3,1,0,2
2005,15,2005-07-10,Docklands,St Kilda,Carlton,Carlton,Nick Stevens,12,3,6,1,0,0,7
2005,15,2005-07-10,Docklands,St Kilda,Carlton,Carlton,David Teague,10,4,4,0,0,0,4
2005,15,2005-07-10,Docklands,St Kilda,Carlton,Carlton,Bret Thornton,7,4,4,0,0,0,1
2005,15,2005-07-10,Docklands,St Kilda,Carlton,Carlton,Jarrad Waite,4,1,7,0,0,0,2
2005,15,2005-07-10,Docklands,St Kilda,Carlton,Carlton,Andrew Walker,11,4,1,0,1,0,2
2005,15,2005-07-10,Docklands,St Kilda,Carlton,Carlton,Lance Whitnall,9,6,3,1,1,4,0
2005,15,2005-07-10,Subiaco,Fremantle,Western Bulldogs,Fremantle,Heath Black,21,8,9,0,0,0,2
2005,15,2005-07-10,Subiaco,Fremantle,Western Bulldogs,Fremantle,Josh Carr,9,3,9,0,0,0,5
2005,15,2005-07-10,Subiaco,Fremantle,Western Bulldogs,Fremantle,Troy Cook,8,4,12,0,1,0,3
2005,15,2005-07-10,Subiaco,Fremantle,Western Bulldogs,Fremantle,Ryan Crowley,12,8,4,1,1,0,2
2005,15,2005-07-10,Subiaco,Fremantle,Western Bulldogs,Fremantle,Steven Dodd,13,9,3,0,1,0,2
2005,15,2005-07-10,Subiaco,Fremantle,Western Bulldogs,Fremantle,Jeff Farmer,9,3,11,0,0,0,2
2005,15,2005-07-10,Subiaco,Fremantle,Western Bulldogs,Fremantle,Antoni Grover,4,5,12,0,0,0,4
2005,15,2005-07-10,Subiaco,Fremantle,Western Bulldogs,Fremantle,Paul Hasleby,10,3,15,3,1,0,4
2005,15,2005-07-10,Subiaco,Fremantle,Western Bulldogs,Fremantle,Des Headland,14,6,5,3,2,1,3
2005,15,2005-07-10,Subiaco,Fremantle,Western Bulldogs,Fremantle,Justin Longmuir,7,7,9,1,1,9,1
2005,15,2005-07-10,Subiaco,Fremantle,Western Bulldogs,Fremantle,Luke McPharlin,10,7,2,5,1,0,0
2005,15,2005-07-10,Subiaco,Fremantle,Western Bulldogs,Fremantle,Paul Medhurst,6,4,3,3,0,0,1
2005,15,2005-07-10,Subiaco,Fremantle,Western Bulldogs,Fremantle,David Mundy,6,3,14,0,0,0,3
2005,15,2005-07-10,Subiaco,Fremantle,Western Bulldogs,Fremantle,Ryan Murphy,8,6,7,1,0,1,0
2005,15,2005-07-10,Subiaco,Fremantle,Western Bulldogs,Fremantle,Shane Parker,7,4,7,0,0,0,4
2005,15,2005-07-10,Subiaco,Fremantle,Western Bulldogs,Fremantle,Matthew Pavlich,15,8,4,4,0,0,3
2005,15,2005-07-10,Subiaco,Fremantle,Western Bulldogs,Fremantle,Brett Peake,7,4,5,1,1,0,1
2005,15,2005-07-10,Subiaco,Fremantle,Western Bulldogs,Fremantle,Graham Polak,3,1,1,0,1,0,0
2005,15,2005-07-10,Subiaco,Fremantle,Western Bulldogs,Fremantle,Aaron Sandilands,4,4,3,0,0,23,2
2005,15,2005-07-10,Subiaco,Fremantle,Western Bulldogs,Fremantle,Byron Schammer,11,5,10,0,1,0,1
2005,15,2005-07-10,Subiaco,Fremantle,Western Bulldogs,Fremantle,Jarrad Schofield,8,3,3,0,0,0,1
2005,15,2005-07-10,Subiaco,Fremantle,Western Bulldogs,Fremantle,Scott Thornton,7,6,11,0,0,0,0
2005,15,2005-07-10,Subiaco,Fremantle,Western Bulldogs,Western Bulldogs,Daniel Bandy,12,9,7,3,0,2,0
2005,15,2005-07-10,Subiaco,Fremantle,Western Bulldogs,Western Bulldogs,Shane Birss,10,1,10,0,0,0,3
2005,15,2005-07-10,Subiaco,Fremantle,Western Bulldogs,Western Bulldogs,Patrick Bowden,5,3,1,0,0,0,0
2005,15,2005-07-10,Subiaco,Fremantle,Western Bulldogs,Western Bulldogs,Adam Cooney,11,5,8,0,1,0,4
2005,15,2005-07-10,Subiaco,Fremantle,Western Bulldogs,Western Bulldogs,Daniel Cross,11,3,24,0,0,1,5
2005,15,2005-07-10,Subiaco,Fremantle,Western Bulldogs,Western Bulldogs,Nathan Eagleton,8,4,11,2,1,0,1
2005,15,2005-07-10,Subiaco,Fremantle,Western Bulldogs,Western Bulldogs,Cameron Faulkner,0,0,0,0,0,0,0
2005,15,2005-07-10,Subiaco,Fremantle,Western Bulldogs,Western Bulldogs,Lindsay Gilbee,10,2,5,1,0,0,0
2005,15,2005-07-10,Subiaco,Fremantle,Western Bulldogs,Western Bulldogs,Ryan Griffen,9,3,7,1,2,0,5
2005,15,2005-07-10,Subiaco,Fremantle,Western Bulldogs,Western Bulldogs,Mitch Hahn,12,5,5,2,2,0,1
2005,15,2005-07-10,Subiaco,Fremantle,Western Bulldogs,Western Bulldogs,Ryan Hargrave,5,2,3,0,0,0,2
2005,15,2005-07-10,Subiaco,Fremantle,Western Bulldogs,Western Bulldogs,Brad Johnson,19,7,8,1,1,1,4
2005,15,2005-07-10,Subiaco,Fremantle,Western Bulldogs,Western Bulldogs,Brian Lake,7,3,6,0,0,0,2
2005,15,2005-07-10,Subiaco,Fremantle,Western Bulldogs,Western Bulldogs,Will Minson,4,3,6,1,0,6,1
2005,15,2005-07-10,Subiaco,Fremantle,Western Bulldogs,Western Bulldogs,Dale Morris,1,3,8,0,0,0,4
2005,15,2005-07-10,Subiaco,Fremantle,Western Bulldogs,Western Bulldogs,Brad Murphy,3,2,3,0,1,0,0
2005,15,2005-07-10,Subiaco,Fremantle,Western Bulldogs,Western Bulldogs,Robert Murphy,11,3,5,1,2,0,1
2005,15,2005-07-10,Subiaco,Fremantle,Western Bulldogs,Western Bulldogs,Farren Ray,7,3,8,0,1,0,1
2005,15,2005-07-10,Subiaco,Fremantle,Western Bulldogs,Western Bulldogs,Matthew Robbins,2,1,1,0,0,0,4
2005,15,2005-07-10,Subiaco,Fremantle,Western Bulldogs,Western Bulldogs,Peter Street,0,0,3,0,0,15,2
2005,15,2005-07-10,Subiaco,Fremantle,Western Bulldogs,Western Bulldogs,Scott West,19,7,19,1,1,0,3
2005,15,2005-07-10,Subiaco,Fremantle,Western Bulldogs,Western Bulldogs,Cameron Wight,2,1,3,0,0,0,2
2005,16,2005-07-15,M.C.G.,Collingwood,Essendon,Collingwood,Nathan Buckley,21,12,8,5,2,0,1
2005,16,2005-07-15,M.C.G.,Collingwood,Essendon,Collingwood,Scott Burns,7,4,12,0,0,0,4
2005,16,2005-07-15,M.C.G.,Collingwood,Essendon,Collingwood,Blake Caracella,3,1,2,0,1,0,0
2005,16,2005-07-15,M.C.G.,Collingwood,Essendon,Collingwood,James Clement,12,5,2,0,0,0,2
2005,16,2005-07-15,M.C.G.,Collingwood,Essendon,Collingwood,Travis Cloke,1,1,0,0,0,0,2
2005,16,2005-07-15,M.C.G.,Collingwood,Essendon,Collingwood,Richard Cole,2,0,4,0,0,0,2
2005,16,2005-07-15,M.C.G.,Collingwood,Essendon,Collingwood,Leon Davis,10,2,4,2,1,0,2
2005,16,2005-07-15,M.C.G.,Collingwood,Essendon,Collingwood,Chris Egan,13,5,7,2,3,0,2
2005,16,2005-07-15,M.C.G.,Collingwood,Essendon,Collingwood,David Fanning,3,4,7,0,0,29,2
2005,16,2005-07-15,M.C.G.,Collingwood,Essendon,Collingwood,Brent Hall,2,1,1,0,0,8,2
2005,16,2005-07-15,M.C.G.,Collingwood,Essendon,Collingwood,Brodie Holland,21,7,10,1,2,0,7
2005,16,2005-07-15,M.C.G.,Collingwood,Essendon,Collingwood,Ben Johnson,9,2,4,0,1,0,3
2005,16,2005-07-15,M.C.G.,Collingwood,Essendon,Collingwood,Paul Licuria,15,6,9,2,0,0,0
2005,16,2005-07-15,M.C.G.,Collingwood,Essendon,Collingwood,Tarkyn Lockyer,6,2,3,0,0,0,1
2005,16,2005-07-15,M.C.G.,Collingwood,Essendon,Collingwood,Ryan Lonie,9,2,2,0,0,0,4
2005,16,2005-07-15,M.C.G.,Collingwood,Essendon,Collingwood,Nick Maxwell,6,3,7,1,0,0,4
2005,16,2005-07-15,M.C.G.,Collingwood,Essendon,Collingwood,Shane OBree,10,4,7,1,1,0,6
2005,16,2005-07-15,M.C.G.,Collingwood,Essendon,Collingwood,Simon Prestigiacomo,4,0,0,0,0,0,1
2005,16,2005-07-15,M.C.G.,Collingwood,Essendon,Collingwood,Julian Rowe,14,3,2,0,1,0,1
2005,16,2005-07-15,M.C.G.,Collingwood,Essendon,Collingwood,Dane Swan,5,3,5,0,1,0,3
2005,16,2005-07-15,M.C.G.,Collingwood,Essendon,Collingwood,Chris Tarrant,6,6,6,1,2,1,1
2005,16,2005-07-15,M.C.G.,Collingwood,Essendon,Collingwood,Shane Wakelin,6,2,3,0,0,0,4
2005,16,2005-07-15,M.C.G.,Collingwood,Essendon,Essendon,Kepler Bradley,9,2,7,1,0,11,1
2005,16,2005-07-15,M.C.G.,Collingwood,Essendon,Essendon,Tristan Cartledge,5,2,0,1,0,11,2
2005,16,2005-07-15,M.C.G.,Collingwood,Essendon,Essendon,Damian Cupido,8,4,5,0,0,0,6
2005,16,2005-07-15,M.C.G.,Collingwood,Essendon,Essendon,Ricky Dyson,12,7,5,1,0,0,1
2005,16,2005-07-15,M.C.G.,Collingwood,Essendon,Essendon,Dustin Fletcher,16,3,2,0,0,0,1
2005,16,2005-07-15,M.C.G.,Collingwood,Essendon,Essendon,Courtney Johns,3,3,0,0,1,0,1
2005,16,2005-07-15,M.C.G.,Collingwood,Essendon,Essendon,Jason Johnson,13,2,6,0,1,0,0
2005,16,2005-07-15,M.C.G.,Collingwood,Essendon,Essendon,Mark Johnson,12,5,7,0,0,1,5
2005,16,2005-07-15,M.C.G.,Collingwood,Essendon,Essendon,Matthew Lloyd,11,6,2,8,1,0,1
2005,16,2005-07-15,M.C.G.,Collingwood,Essendon,Essendon,Andrew Lovett,10,3,8,0,0,0,0
2005,16,2005-07-15,M.C.G.,Collingwood,Essendon,Essendon,Scott Lucas,14,7,2,5,2,0,3
2005,16,2005-07-15,M.C.G.,Collingwood,Essendon,Essendon,Mark McVeigh,13,4,3,1,0,0,1
2005,16,2005-07-15,M.C.G.,Collingwood,Essendon,Essendon,Angus Monfries,5,1,6,0,0,0,1
2005,16,2005-07-15,M.C.G.,Collingwood,Essendon,Essendon,Justin Murphy,1,0,3,0,0,0,1
2005,16,2005-07-15,M.C.G.,Collingwood,Essendon,Essendon,Jay Nash,7,4,4,0,0,0,1
2005,16,2005-07-15,M.C.G.,Collingwood,Essendon,Essendon,Damien Peverill,15,8,12,1,0,0,1
2005,16,2005-07-15,M.C.G.,Collingwood,Essendon,Essendon,Ted Richards,5,3,2,0,0,0,1
2005,16,2005-07-15,M.C.G.,Collingwood,Essendon,Essendon,Dean Rioli,9,4,5,0,0,1,3
2005,16,2005-07-15,M.C.G.,Collingwood,Essendon,Essendon,Dean Solomon,9,5,6,0,0,0,3
2005,16,2005-07-15,M.C.G.,Collingwood,Essendon,Essendon,Brent Stanton,19,10,6,2,0,0,3
2005,16,2005-07-15,M.C.G.,Collingwood,Essendon,Essendon,Paul Thomas,4,2,3,0,0,0,1
2005,16,2005-07-15,M.C.G.,Collingwood,Essendon,Essendon,Jason Winderlich,9,4,6,1,0,0,1
2005,16,2005-07-16,Kardinia Park,Geelong,Port Adelaide,Geelong,Gary Ablett,5,0,8,1,0,0,6
2005,16,2005-07-16,Kardinia Park,Geelong,Port Adelaide,Geelong,Jimmy Bartel,23,10,9,3,1,0,12
2005,16,2005-07-16,Kardinia Park,Geelong,Port Adelaide,Geelong,Shannon Byrnes,4,0,2,0,0,0,5
2005,16,2005-07-16,Kardinia Park,Geelong,Port Adelaide,Geelong,Paul Chambers,1,2,4,0,0,18,0
2005,16,2005-07-16,Kardinia Park,Geelong,Port Adelaide,Geelong,Paul Chapman,11,6,6,2,1,0,3
2005,16,2005-07-16,Kardinia Park,Geelong,Port Adelaide,Geelong,Joel Corey,18,7,10,0,1,1,1
2005,16,2005-07-16,Kardinia Park,Geelong,Port Adelaide,Geelong,Matthew Egan,2,4,7,0,0,0,0
2005,16,2005-07-16,Kardinia Park,Geelong,Port Adelaide,Geelong,Josh Hunt,18,9,11,1,0,0,4
2005,16,2005-07-16,Kardinia Park,Geelong,Port Adelaide,Geelong,David Johnson,4,3,4,0,0,0,2
2005,16,2005-07-16,Kardinia Park,Geelong,Port Adelaide,Geelong,James Kelly,3,1,8,0,0,0,3
2005,16,2005-07-16,Kardinia Park,Geelong,Port Adelaide,Geelong,Steven King,7,3,2,0,0,3,1
2005,16,2005-07-16,Kardinia Park,Geelong,Port Adelaide,Geelong,Kent Kingsley,12,8,2,5,3,0,3
2005,16,2005-07-16,Kardinia Park,Geelong,Port Adelaide,Geelong,Paul Koulouriotis,17,7,7,0,0,0,2
2005,16,2005-07-16,Kardinia Park,Geelong,Port Adelaide,Geelong,Cameron Ling,15,3,12,1,2,0,2
2005,16,2005-07-16,Kardinia Park,Geelong,Port Adelaide,Geelong,Darren Milburn,13,8,4,2,0,0,5
2005,16,2005-07-16,Kardinia Park,Geelong,Port Adelaide,Geelong,Cameron Mooney,14,7,10,0,0,0,0
2005,16,2005-07-16,Kardinia Park,Geelong,Port Adelaide,Geelong,Henry Playfair,5,3,7,1,0,0,2
2005,16,2005-07-16,Kardinia Park,Geelong,Port Adelaide,Geelong,James Rahilly,14,8,7,0,1,0,2
2005,16,2005-07-16,Kardinia Park,Geelong,Port Adelaide,Geelong,Peter Riccardi,12,4,9,0,0,0,4
2005,16,2005-07-16,Kardinia Park,Geelong,Port Adelaide,Geelong,Max Rooke,5,3,5,0,0,0,2
2005,16,2005-07-16,Kardinia Park,Geelong,Port Adelaide,Geelong,Matthew Scarlett,16,7,3,0,0,0,0
2005,16,2005-07-16,Kardinia Park,Geelong,Port Adelaide,Geelong,Cameron Thurley,12,4,9,2,2,0,2
2005,16,2005-07-16,Kardinia Park,Geelong,Port Adelaide,Port Adelaide,Matthew Bishop,6,3,4,0,0,0,1
2005,16,2005-07-16,Kardinia Park,Geelong,Port Adelaide,Port Adelaide,Peter Burgoyne,11,1,6,0,0,0,8
2005,16,2005-07-16,Kardinia Park,Geelong,Port Adelaide,Port Adelaide,Shaun Burgoyne,11,4,5,0,0,0,3
2005,16,2005-07-16,Kardinia Park,Geelong,Port Adelaide,Port Adelaide,Domenic Cassisi,7,2,7,0,0,0,5
2005,16,2005-07-16,Kardinia Park,Geelong,Port Adelaide,Port Adelaide,Chad Cornes,21,10,5,0,1,4,4
2005,16,2005-07-16,Kardinia Park,Geelong,Port Adelaide,Port Adelaide,Kane Cornes,9,4,10,0,0,0,5
2005,16,2005-07-16,Kardinia Park,Geelong,Port Adelaide,Port Adelaide,Stuart Dew,9,0,7,1,0,0,3
2005,16,2005-07-16,Kardinia Park,Geelong,Port Adelaide,Port Adelaide,Brett Ebert,4,2,4,1,0,0,2
2005,16,2005-07-16,Kardinia Park,Geelong,Port Adelaide,Port Adelaide,Josh Francou,4,0,4,0,1,0,4
2005,16,2005-07-16,Kardinia Park,Geelong,Port Adelaide,Port Adelaide,Roger James,10,4,5,0,0,0,3
2005,16,2005-07-16,Kardinia Park,Geelong,Port Adelaide,Port Adelaide,Adam Kingsley,13,5,8,1,0,0,2
2005,16,2005-07-16,Kardinia Park,Geelong,Port Adelaide,Port Adelaide,Brendon Lade,1,0,2,1,0,15,1
2005,16,2005-07-16,Kardinia Park,Geelong,Port Adelaide,Port Adelaide,Josh Mahoney,5,4,3,0,0,0,5
2005,16,2005-07-16,Kardinia Park,Geelong,Port Adelaide,Port Adelaide,Brett Montgomery,4,1,2,0,0,0,0
2005,16,2005-07-16,Kardinia Park,Geelong,Port Adelaide,Port Adelaide,Byron Pickett,4,1,1,0,1,0,4
2005,16,2005-07-16,Kardinia Park,Geelong,Port Adelaide,Port Adelaide,Matthew Primus,3,1,2,0,0,25,2
2005,16,2005-07-16,Kardinia Park,Geelong,Port Adelaide,Port Adelaide,Aaron Shattock,2,2,9,0,0,0,4
2005,16,2005-07-16,Kardinia Park,Geelong,Port Adelaide,Port Adelaide,Toby Thurstans,0,0,1,0,0,1,1
2005,16,2005-07-16,Kardinia Park,Geelong,Port Adelaide,Port Adelaide,Warren Tredrea,8,5,3,3,1,0,2
2005,16,2005-07-16,Kardinia Park,Geelong,Port Adelaide,Port Adelaide,Darryl Wakelin,3,2,3,0,0,0,3
2005,16,2005-07-16,Kardinia Park,Geelong,Port Adelaide,Port Adelaide,Peter Walsh,9,1,5,0,0,0,0
2005,16,2005-07-16,Kardinia Park,Geelong,Port Adelaide,Port Adelaide,Michael Wilson,11,2,6,0,0,1,4
2005,16,2005-07-16,M.C.G.,Richmond,St Kilda,Richmond,Joel Bowden,16,6,7,0,0,0,1
2005,16,2005-07-16,M.C.G.,Richmond,St Kilda,Richmond,Wayne Campbell,6,1,2,0,0,1,2
2005,16,2005-07-16,M.C.G.,Richmond,St Kilda,Richmond,Mark Chaffey,4,2,0,0,0,0,1
2005,16,2005-07-16,M.C.G.,Richmond,St Kilda,Richmond,Mark Coughlan,13,4,15,0,0,0,7
2005,16,2005-07-16,M.C.G.,Richmond,St Kilda,Richmond,Brett Deledio,12,2,8,1,0,0,3
2005,16,2005-07-16,M.C.G.,Richmond,St Kilda,Richmond,Darren Gaspar,6,2,2,0,0,0,0
2005,16,2005-07-16,M.C.G.,Richmond,St Kilda,Richmond,Mark Graham,4,0,2,0,0,1,2
2005,16,2005-07-16,M.C.G.,Richmond,St Kilda,Richmond,Ray Hall,1,1,6,0,0,0,5
2005,16,2005-07-16,M.C.G.,Richmond,St Kilda,Richmond,Rory Hilton,7,2,0,2,0,0,4
2005,16,2005-07-16,M.C.G.,Richmond,St Kilda,Richmond,Chris Hyde,9,3,12,0,0,0,1
2005,16,2005-07-16,M.C.G.,Richmond,St Kilda,Richmond,Kane Johnson,15,1,11,0,1,0,2
2005,16,2005-07-16,M.C.G.,Richmond,St Kilda,Richmond,Trent Knobel,4,4,5,0,0,35,7
2005,16,2005-07-16,M.C.G.,Richmond,St Kilda,Richmond,Andrew Krakouer,5,2,5,0,0,0,5
2005,16,2005-07-16,M.C.G.,Richmond,St Kilda,Richmond,Shane Morrison,4,3,7,0,0,1,1
2005,16,2005-07-16,M.C.G.,Richmond,St Kilda,Richmond,Chris Newman,9,4,1,0,0,0,2
2005,16,2005-07-16,M.C.G.,Richmond,St Kilda,Richmond,Kayne Pettifer,8,2,2,0,2,0,4
2005,16,2005-07-16,M.C.G.,Richmond,St Kilda,Richmond,Matthew Richardson,5,2,1,2,1,0,0
2005,16,2005-07-16,M.C.G.,Richmond,St Kilda,Richmond,Troy Simmonds,3,0,3,0,1,18,4
2005,16,2005-07-16,M.C.G.,Richmond,St Kilda,Richmond,Richard Tambling,3,0,2,0,0,0,1
2005,16,2005-07-16,M.C.G.,Richmond,St Kilda,Richmond,Will Thursfield,5,4,5,0,0,0,1
2005,16,2005-07-16,M.C.G.,Richmond,St Kilda,Richmond,Greg Tivendale,10,3,9,0,0,0,1
2005,16,2005-07-16,M.C.G.,Richmond,St Kilda,Richmond,Shane Tuck,14,6,9,0,1,3,8
2005,16,2005-07-16,M.C.G.,Richmond,St Kilda,St Kilda,Cain Ackland,11,5,4,1,1,1,1
2005,16,2005-07-16,M.C.G.,Richmond,St Kilda,St Kilda,Steven Baker,10,3,6,0,0,0,5
2005,16,2005-07-16,M.C.G.,Richmond,St Kilda,St Kilda,Luke Ball,10,4,6,0,0,0,6
2005,16,2005-07-16,M.C.G.,Richmond,St Kilda,St Kilda,Jason Blake,2,0,3,0,0,9,2
2005,16,2005-07-16,M.C.G.,Richmond,St Kilda,St Kilda,Raphael Clarke,6,3,7,0,0,0,1
2005,16,2005-07-16,M.C.G.,Richmond,St Kilda,St Kilda,Xavier Clarke,7,2,5,0,0,0,2
2005,16,2005-07-16,M.C.G.,Richmond,St Kilda,St Kilda,Nick Dal Santo,18,5,7,0,1,0,10
2005,16,2005-07-16,M.C.G.,Richmond,St Kilda,St Kilda,Sam Fisher,14,11,6,0,0,0,1
2005,16,2005-07-16,M.C.G.,Richmond,St Kilda,St Kilda,Fraser Gehrig,4,2,3,2,2,0,0
2005,16,2005-07-16,M.C.G.,Richmond,St Kilda,St Kilda,Brendon Goddard,8,3,6,0,0,3,4
2005,16,2005-07-16,M.C.G.,Richmond,St Kilda,St Kilda,Brent Guerra,2,0,0,1,0,0,0
2005,16,2005-07-16,M.C.G.,Richmond,St Kilda,St Kilda,Lenny Hayes,17,3,9,0,0,0,4
2005,16,2005-07-16,M.C.G.,Richmond,St Kilda,St Kilda,Max Hudghton,5,3,3,0,0,0,0
2005,16,2005-07-16,M.C.G.,Richmond,St Kilda,St Kilda,Austinn Jones,12,3,4,1,0,0,1
2005,16,2005-07-16,M.C.G.,Richmond,St Kilda,St Kilda,Justin Koschitzke,9,9,7,5,1,2,2
2005,16,2005-07-16,M.C.G.,Richmond,St Kilda,St Kilda,Matt Maguire,12,5,4,0,1,0,2
2005,16,2005-07-16,M.C.G.,Richmond,St Kilda,St Kilda,Stephen Milne,8,1,2,3,1,0,0
2005,16,2005-07-16,M.C.G.,Richmond,St Kilda,St Kilda,Justin Peckett,12,2,7,1,0,0,0
2005,16,2005-07-16,M.C.G.,Richmond,St Kilda,St Kilda,Stephen Powell,11,4,12,1,0,0,2
2005,16,2005-07-16,M.C.G.,Richmond,St Kilda,St Kilda,Troy Schwarze,6,4,2,0,1,0,1
2005,16,2005-07-16,M.C.G.,Richmond,St Kilda,St Kilda,Andrew Thompson,8,5,6,1,0,0,9
2005,16,2005-07-16,M.C.G.,Richmond,St Kilda,St Kilda,Brett Voss,9,3,6,0,0,0,2
2005,16,2005-07-16,Docklands,Melbourne,Sydney,Melbourne,Clint Bizzell,5,1,2,0,0,0,1
2005,16,2005-07-16,Docklands,Melbourne,Sydney,Melbourne,Nathan Brown,10,2,3,0,0,0,3
2005,16,2005-07-16,Docklands,Melbourne,Sydney,Melbourne,Cameron Bruce,7,4,3,0,1,0,3
2005,16,2005-07-16,Docklands,Melbourne,Sydney,Melbourne,Nathan Carroll,9,4,4,0,0,0,2
2005,16,2005-07-16,Docklands,Melbourne,Sydney,Melbourne,Aaron Davey,10,4,5,1,2,0,5
2005,16,2005-07-16,Docklands,Melbourne,Sydney,Melbourne,Ryan Ferguson,2,2,5,0,0,0,1
2005,16,2005-07-16,Docklands,Melbourne,Sydney,Melbourne,Brad Green,3,2,1,0,0,0,2
2005,16,2005-07-16,Docklands,Melbourne,Sydney,Melbourne,Ben Holland,8,4,4,1,0,3,5
2005,16,2005-07-16,Docklands,Melbourne,Sydney,Melbourne,Travis Johnstone,13,3,4,2,0,0,3
2005,16,2005-07-16,Docklands,Melbourne,Sydney,Melbourne,James McDonald,9,8,8,0,0,0,3
2005,16,2005-07-16,Docklands,Melbourne,Sydney,Melbourne,Brent Moloney,13,5,5,0,1,0,6
2005,16,2005-07-16,Docklands,Melbourne,Sydney,Melbourne,David Neitz,11,5,3,6,1,0,4
2005,16,2005-07-16,Docklands,Melbourne,Sydney,Melbourne,Phillip Read,7,3,4,0,1,0,6
2005,16,2005-07-16,Docklands,Melbourne,Sydney,Melbourne,Jared Rivers,8,4,2,0,0,0,1
2005,16,2005-07-16,Docklands,Melbourne,Sydney,Melbourne,Russell Robertson,6,4,4,0,0,0,1
2005,16,2005-07-16,Docklands,Melbourne,Sydney,Melbourne,Colin Sylvia,6,3,3,1,0,1,3
2005,16,2005-07-16,Docklands,Melbourne,Sydney,Melbourne,Daniel Ward,9,2,5,0,1,0,2
2005,16,2005-07-16,Docklands,Melbourne,Sydney,Melbourne,Paul Wheatley,3,1,1,0,0,0,1
2005,16,2005-07-16,Docklands,Melbourne,Sydney,Melbourne,Matthew Whelan,11,3,7,0,0,0,5
2005,16,2005-07-16,Docklands,Melbourne,Sydney,Melbourne,Jeff White,6,2,3,0,0,28,6
2005,16,2005-07-16,Docklands,Melbourne,Sydney,Melbourne,Luke Williams,0,0,2,0,0,0,2
2005,16,2005-07-16,Docklands,Melbourne,Sydney,Melbourne,Adem Yze,11,4,1,0,1,0,1
2005,16,2005-07-16,Docklands,Melbourne,Sydney,Sydney,Luke Ablett,8,3,4,0,0,1,2
2005,16,2005-07-16,Docklands,Melbourne,Sydney,Sydney,Jason Ball,13,6,2,0,0,17,0
2005,16,2005-07-16,Docklands,Melbourne,Sydney,Sydney,Leo Barry,5,3,4,0,0,0,1
2005,16,2005-07-16,Docklands,Melbourne,Sydney,Sydney,Craig Bolton,8,4,2,0,0,0,4
2005,16,2005-07-16,Docklands,Melbourne,Sydney,Sydney,Jude Bolton,12,3,3,0,0,1,8
2005,16,2005-07-16,Docklands,Melbourne,Sydney,Sydney,Amon Buchanan,5,0,8,1,0,0,6
2005,16,2005-07-16,Docklands,Melbourne,Sydney,Sydney,Jared Crouch,0,0,2,0,0,0,1
2005,16,2005-07-16,Docklands,Melbourne,Sydney,Sydney,Nick Davis,7,4,4,2,0,0,0
2005,16,2005-07-16,Docklands,Melbourne,Sydney,Sydney,Sean Dempster,1,1,1,0,0,0,1
2005,16,2005-07-16,Docklands,Melbourne,Sydney,Sydney,Nic Fosdike,4,1,2,0,0,0,0
2005,16,2005-07-16,Docklands,Melbourne,Sydney,Sydney,Adam Goodes,16,10,6,1,0,1,1
2005,16,2005-07-16,Docklands,Melbourne,Sydney,Sydney,Barry Hall,12,8,4,7,0,0,1
2005,16,2005-07-16,Docklands,Melbourne,Sydney,Sydney,Darren Jolly,4,0,3,1,1,14,0
2005,16,2005-07-16,Docklands,Melbourne,Sydney,Sydney,Tadhg Kennelly,8,2,3,0,0,0,2
2005,16,2005-07-16,Docklands,Melbourne,Sydney,Sydney,Brett Kirk,17,6,12,1,0,0,7
2005,16,2005-07-16,Docklands,Melbourne,Sydney,Sydney,Nick Malceski,2,2,2,0,0,0,0
2005,16,2005-07-16,Docklands,Melbourne,Sydney,Sydney,Ben Mathews,4,2,3,1,0,0,3
2005,16,2005-07-16,Docklands,Melbourne,Sydney,Sydney,Ryan OKeefe,13,3,6,1,1,0,5
2005,16,2005-07-16,Docklands,Melbourne,Sydney,Sydney,Michael OLoughlin,9,4,6,1,1,0,1
2005,16,2005-07-16,Docklands,Melbourne,Sydney,Sydney,Lewis Roberts-Thomson,5,3,4,0,1,2,4
2005,16,2005-07-16,Docklands,Melbourne,Sydney,Sydney,Adam Schneider,12,4,3,0,0,0,2
2005,16,2005-07-16,Docklands,Melbourne,Sydney,Sydney,Paul Williams,8,3,3,0,0,0,3
2005,16,2005-07-16,Subiaco,West Coast,Brisbane Lions,West Coast,Damien Adkins,3,0,2,0,0,0,1
2005,16,2005-07-16,Subiaco,West Coast,Brisbane Lions,West Coast,Drew Banfield,9,2,4,0,0,0,1
2005,16,2005-07-16,Subiaco,West Coast,Brisbane Lions,West Coast,Michael Braun,15,6,9,1,1,0,0
2005,16,2005-07-16,Subiaco,West Coast,Brisbane Lions,West Coast,Sam Butler,5,5,5,0,0,0,0
2005,16,2005-07-16,Subiaco,West Coast,Brisbane Lions,West Coast,Daniel Chick,9,1,3,3,0,0,2
2005,16,2005-07-16,Subiaco,West Coast,Brisbane Lions,West Coast,Ben Cousins,17,3,13,4,1,0,2
2005,16,2005-07-16,Subiaco,West Coast,Brisbane Lions,West Coast,Dean Cox,10,5,5,0,0,18,2
2005,16,2005-07-16,Subiaco,West Coast,Brisbane Lions,West Coast,Chad Fletcher,12,6,8,0,0,0,2
2005,16,2005-07-16,Subiaco,West Coast,Brisbane Lions,West Coast,Michael Gardiner,6,4,2,2,0,0,0
2005,16,2005-07-16,Subiaco,West Coast,Brisbane Lions,West Coast,Darren Glass,6,6,4,0,0,0,2
2005,16,2005-07-16,Subiaco,West Coast,Brisbane Lions,West Coast,Brett Jones,6,4,6,0,0,0,6
2005,16,2005-07-16,Subiaco,West Coast,Brisbane Lions,West Coast,Chris Judd,13,3,7,1,0,0,2
2005,16,2005-07-16,Subiaco,West Coast,Brisbane Lions,West Coast,Daniel Kerr,7,1,10,0,0,0,2
2005,16,2005-07-16,Subiaco,West Coast,Brisbane Lions,West Coast,Quinten Lynch,8,4,2,3,1,0,3
2005,16,2005-07-16,Subiaco,West Coast,Brisbane Lions,West Coast,Phillip Matera,7,2,4,1,2,0,1
2005,16,2005-07-16,Subiaco,West Coast,Brisbane Lions,West Coast,Andrew McDougall,11,6,2,1,1,0,0
2005,16,2005-07-16,Subiaco,West Coast,Brisbane Lions,West Coast,Mark Nicoski,11,6,9,1,0,0,2
2005,16,2005-07-16,Subiaco,West Coast,Brisbane Lions,West Coast,Mark Seaby,9,4,6,0,1,17,1
2005,16,2005-07-16,Subiaco,West Coast,Brisbane Lions,West Coast,Adam Selwood,12,5,12,0,0,0,3
2005,16,2005-07-16,Subiaco,West Coast,Brisbane Lions,West Coast,Brent Staker,11,9,6,0,0,0,1
2005,16,2005-07-16,Subiaco,West Coast,Brisbane Lions,West Coast,Tyson Stenglein,10,7,7,0,1,0,2
2005,16,2005-07-16,Subiaco,West Coast,Brisbane Lions,West Coast,David Wirrpanda,16,7,2,0,0,0,1
2005,16,2005-07-16,Subiaco,West Coast,Brisbane Lions,Brisbane Lions,Jed Adcock,7,3,2,0,0,0,1
2005,16,2005-07-16,Subiaco,West Coast,Brisbane Lions,Brisbane Lions,Jason Akermanis,13,5,8,0,1,0,5
2005,16,2005-07-16,Subiaco,West Coast,Brisbane Lions,Brisbane Lions,Simon Black,16,4,8,0,1,0,0
2005,16,2005-07-16,Subiaco,West Coast,Brisbane Lions,Brisbane Lions,Daniel Bradshaw,10,9,2,4,2,0,1
2005,16,2005-07-16,Subiaco,West Coast,Brisbane Lions,Brisbane Lions,Jonathan Brown,10,4,3,0,3,0,1
2005,16,2005-07-16,Subiaco,West Coast,Brisbane Lions,Brisbane Lions,Jamie Charman,3,1,1,0,0,10,0
2005,16,2005-07-16,Subiaco,West Coast,Brisbane Lions,Brisbane Lions,Anthony Corrie,10,4,2,2,0,0,1
2005,16,2005-07-16,Subiaco,West Coast,Brisbane Lions,Brisbane Lions,Josh Drummond,10,4,0,0,0,0,1
2005,16,2005-07-16,Subiaco,West Coast,Brisbane Lions,Brisbane Lions,Chris Johnson,13,7,4,0,0,0,2
2005,16,2005-07-16,Subiaco,West Coast,Brisbane Lions,Brisbane Lions,Clark Keating,4,1,2,0,1,15,4
2005,16,2005-07-16,Subiaco,West Coast,Brisbane Lions,Brisbane Lions,Nigel Lappin,7,3,13,0,0,0,3
2005,16,2005-07-16,Subiaco,West Coast,Brisbane Lions,Brisbane Lions,Joel Macdonald,3,0,5,0,0,0,1
2005,16,2005-07-16,Subiaco,West Coast,Brisbane Lions,Brisbane Lions,Ashley McGrath,3,0,1,1,0,0,4
2005,16,2005-07-16,Subiaco,West Coast,Brisbane Lions,Brisbane Lions,Daniel Merrett,4,3,4,2,0,0,2
2005,16,2005-07-16,Subiaco,West Coast,Brisbane Lions,Brisbane Lions,Mal Michael,3,2,1,0,0,0,3
2005,16,2005-07-16,Subiaco,West Coast,Brisbane Lions,Brisbane Lions,Tim Notting,11,6,8,3,1,0,4
2005,16,2005-07-16,Subiaco,West Coast,Brisbane Lions,Brisbane Lions,Luke Power,21,7,7,0,0,0,2
2005,16,2005-07-16,Subiaco,West Coast,Brisbane Lions,Brisbane Lions,Brad Scott,5,3,3,0,0,0,0
2005,16,2005-07-16,Subiaco,West Coast,Brisbane Lions,Brisbane Lions,Troy Selwood,3,0,4,0,1,0,1
2005,16,2005-07-16,Subiaco,West Coast,Brisbane Lions,Brisbane Lions,Justin Sherman,3,3,3,0,0,0,3
2005,16,2005-07-16,Subiaco,West Coast,Brisbane Lions,Brisbane Lions,Michael Voss,11,4,8,1,0,0,3
2005,16,2005-07-16,Subiaco,West Coast,Brisbane Lions,Brisbane Lions,Darryl White,5,6,2,0,0,0,1
2005,16,2005-07-17,Football Park,Adelaide,Western Bulldogs,Adelaide,Nathan Bassett,8,6,12,0,0,0,3
2005,16,2005-07-17,Football Park,Adelaide,Western Bulldogs,Adelaide,Rhett Biglands,4,3,3,0,0,15,1
2005,16,2005-07-17,Football Park,Adelaide,Western Bulldogs,Adelaide,Brett Burton,15,5,9,3,1,1,2
2005,16,2005-07-17,Football Park,Adelaide,Western Bulldogs,Adelaide,Michael Doughty,5,2,11,0,0,0,3
2005,16,2005-07-17,Football Park,Adelaide,Western Bulldogs,Adelaide,Tyson Edwards,10,4,9,0,0,0,3
2005,16,2005-07-17,Football Park,Adelaide,Western Bulldogs,Adelaide,Simon Goodwin,2,0,6,0,0,0,0
2005,16,2005-07-17,Football Park,Adelaide,Western Bulldogs,Adelaide,Ben Hart,10,3,7,1,0,0,1
2005,16,2005-07-17,Football Park,Adelaide,Western Bulldogs,Adelaide,Trent Hentschel,11,4,1,2,0,0,2
2005,16,2005-07-17,Football Park,Adelaide,Western Bulldogs,Adelaide,Ben Hudson,5,4,6,1,0,21,0
2005,16,2005-07-17,Football Park,Adelaide,Western Bulldogs,Adelaide,Chris Knights,6,3,3,0,0,0,1
2005,16,2005-07-17,Football Park,Adelaide,Western Bulldogs,Adelaide,Martin Mattner,10,2,13,0,0,0,6
2005,16,2005-07-17,Football Park,Adelaide,Western Bulldogs,Adelaide,Ken McGregor,10,10,6,2,4,0,2
2005,16,2005-07-17,Football Park,Adelaide,Western Bulldogs,Adelaide,Andrew McLeod,13,2,8,1,0,0,3
2005,16,2005-07-17,Football Park,Adelaide,Western Bulldogs,Adelaide,Ian Perrie,11,5,2,0,1,0,0
2005,16,2005-07-17,Football Park,Adelaide,Western Bulldogs,Adelaide,Brent Reilly,10,4,9,1,0,0,1
2005,16,2005-07-17,Football Park,Adelaide,Western Bulldogs,Adelaide,Mark Ricciuto,17,6,7,1,1,0,1
2005,16,2005-07-17,Football Park,Adelaide,Western Bulldogs,Adelaide,Ben Rutten,6,5,5,0,0,0,1
2005,16,2005-07-17,Football Park,Adelaide,Western Bulldogs,Adelaide,Robert Shirley,3,0,9,0,0,0,5
2005,16,2005-07-17,Football Park,Adelaide,Western Bulldogs,Adelaide,Scott Thompson,7,4,8,1,1,0,1
2005,16,2005-07-17,Football Park,Adelaide,Western Bulldogs,Adelaide,Jason Torney,7,6,5,0,0,0,1
2005,16,2005-07-17,Football Park,Adelaide,Western Bulldogs,Adelaide,Nathan van Berlo,8,4,5,0,0,0,3
2005,16,2005-07-17,Football Park,Adelaide,Western Bulldogs,Adelaide,Scott Welsh,9,8,2,3,2,0,3
2005,16,2005-07-17,Football Park,Adelaide,Western Bulldogs,Western Bulldogs,Daniel Bandy,2,1,2,0,0,4,0
2005,16,2005-07-17,Football Park,Adelaide,Western Bulldogs,Western Bulldogs,Shane Birss,6,3,8,0,0,1,3
2005,16,2005-07-17,Football Park,Adelaide,Western Bulldogs,Western Bulldogs,Patrick Bowden,10,2,7,0,0,0,0
2005,16,2005-07-17,Football Park,Adelaide,Western Bulldogs,Western Bulldogs,Matthew Boyd,10,4,10,0,0,0,0
2005,16,2005-07-17,Football Park,Adelaide,Western Bulldogs,Western Bulldogs,Adam Cooney,12,5,13,1,1,0,0
2005,16,2005-07-17,Football Park,Adelaide,Western Bulldogs,Western Bulldogs,Daniel Cross,4,3,14,0,0,2,6
2005,16,2005-07-17,Football Park,Adelaide,Western Bulldogs,Western Bulldogs,Nathan Eagleton,14,9,9,1,1,0,1
2005,16,2005-07-17,Football Park,Adelaide,Western Bulldogs,Western Bulldogs,Lindsay Gilbee,7,1,3,0,0,0,2
2005,16,2005-07-17,Football Park,Adelaide,Western Bulldogs,Western Bulldogs,Ryan Griffen,7,7,13,0,0,0,2
2005,16,2005-07-17,Football Park,Adelaide,Western Bulldogs,Western Bulldogs,Mitch Hahn,4,2,1,1,0,0,0
2005,16,2005-07-17,Football Park,Adelaide,Western Bulldogs,Western Bulldogs,Ryan Hargrave,6,3,4,0,0,0,0
2005,16,2005-07-17,Football Park,Adelaide,Western Bulldogs,Western Bulldogs,Brad Johnson,16,3,8,1,0,0,3
2005,16,2005-07-17,Football Park,Adelaide,Western Bulldogs,Western Bulldogs,Brian Lake,8,6,7,0,0,0,2
2005,16,2005-07-17,Football Park,Adelaide,Western Bulldogs,Western Bulldogs,Will Minson,7,5,5,0,1,8,3
2005,16,2005-07-17,Football Park,Adelaide,Western Bulldogs,Western Bulldogs,Dale Morris,3,3,8,0,0,0,3
2005,16,2005-07-17,Football Park,Adelaide,Western Bulldogs,Western Bulldogs,Brad Murphy,5,4,3,0,1,0,5
2005,16,2005-07-17,Football Park,Adelaide,Western Bulldogs,Western Bulldogs,Robert Murphy,8,6,8,1,0,0,1
2005,16,2005-07-17,Football Park,Adelaide,Western Bulldogs,Western Bulldogs,Sam Power,5,3,8,0,0,0,1
2005,16,2005-07-17,Football Park,Adelaide,Western Bulldogs,Western Bulldogs,Farren Ray,9,1,7,0,0,0,4
2005,16,2005-07-17,Football Park,Adelaide,Western Bulldogs,Western Bulldogs,Matthew Robbins,5,2,1,0,0,0,4
2005,16,2005-07-17,Football Park,Adelaide,Western Bulldogs,Western Bulldogs,Peter Street,3,2,3,0,0,7,1
2005,16,2005-07-17,Football Park,Adelaide,Western Bulldogs,Western Bulldogs,Scott West,8,2,16,0,0,0,3
2005,16,2005-07-17,M.C.G.,Carlton,Fremantle,Carlton,Eddie Betts,5,0,2,0,1,0,3
2005,16,2005-07-17,M.C.G.,Carlton,Fremantle,Carlton,Glen Bowyer,6,2,2,0,0,0,1
2005,16,2005-07-17,M.C.G.,Carlton,Fremantle,Carlton,Chris Bryan,7,7,2,1,0,8,4
2005,16,2005-07-17,M.C.G.,Carlton,Fremantle,Carlton,Scott Camporeale,15,5,15,0,0,0,1
2005,16,2005-07-17,M.C.G.,Carlton,Fremantle,Carlton,Andrew Carrazzo,21,8,4,0,0,0,2
2005,16,2005-07-17,M.C.G.,Carlton,Fremantle,Carlton,Brendan Fevola,9,4,4,0,0,0,1
2005,16,2005-07-17,M.C.G.,Carlton,Fremantle,Carlton,Brad Fisher,15,10,7,3,3,0,2
2005,16,2005-07-17,M.C.G.,Carlton,Fremantle,Carlton,Brett Johnson,5,4,6,0,0,0,2
2005,16,2005-07-17,M.C.G.,Carlton,Fremantle,Carlton,Anthony Koutoufides,17,6,12,1,2,0,1
2005,16,2005-07-17,M.C.G.,Carlton,Fremantle,Carlton,Matthew Lappin,6,2,7,0,1,0,0
2005,16,2005-07-17,M.C.G.,Carlton,Fremantle,Carlton,Luke Livingston,6,3,2,0,0,0,1
2005,16,2005-07-17,M.C.G.,Carlton,Fremantle,Carlton,Troy Longmuir,5,2,4,2,1,0,5
2005,16,2005-07-17,M.C.G.,Carlton,Fremantle,Carlton,Cory McGrath,12,4,1,2,1,0,1
2005,16,2005-07-17,M.C.G.,Carlton,Fremantle,Carlton,Ian Prendergast,6,5,7,1,0,7,3
2005,16,2005-07-17,M.C.G.,Carlton,Fremantle,Carlton,Heath Scotland,23,11,13,1,0,0,2
2005,16,2005-07-17,M.C.G.,Carlton,Fremantle,Carlton,Kade Simpson,9,3,3,3,0,0,2
2005,16,2005-07-17,M.C.G.,Carlton,Fremantle,Carlton,Nick Stevens,8,4,5,1,1,0,2
2005,16,2005-07-17,M.C.G.,Carlton,Fremantle,Carlton,David Teague,8,3,4,0,0,0,2
2005,16,2005-07-17,M.C.G.,Carlton,Fremantle,Carlton,Bret Thornton,2,1,0,0,0,0,0
2005,16,2005-07-17,M.C.G.,Carlton,Fremantle,Carlton,Jarrad Waite,11,4,4,2,3,0,3
2005,16,2005-07-17,M.C.G.,Carlton,Fremantle,Carlton,Andrew Walker,4,3,1,0,0,0,0
2005,16,2005-07-17,M.C.G.,Carlton,Fremantle,Carlton,Lance Whitnall,12,7,5,0,0,0,1
2005,16,2005-07-17,M.C.G.,Carlton,Fremantle,Fremantle,Heath Black,13,1,11,1,0,0,1
2005,16,2005-07-17,M.C.G.,Carlton,Fremantle,Fremantle,Josh Carr,16,4,16,1,0,0,1
2005,16,2005-07-17,M.C.G.,Carlton,Fremantle,Fremantle,Troy Cook,6,2,4,1,0,0,3
2005,16,2005-07-17,M.C.G.,Carlton,Fremantle,Fremantle,Ryan Crowley,12,7,7,4,0,0,0
2005,16,2005-07-17,M.C.G.,Carlton,Fremantle,Fremantle,Steven Dodd,6,4,6,0,0,0,1
2005,16,2005-07-17,M.C.G.,Carlton,Fremantle,Fremantle,Antoni Grover,13,6,9,0,0,0,3
2005,16,2005-07-17,M.C.G.,Carlton,Fremantle,Fremantle,Paul Hasleby,10,3,10,0,1,2,2
2005,16,2005-07-17,M.C.G.,Carlton,Fremantle,Fremantle,Des Headland,11,5,4,2,2,0,2
2005,16,2005-07-17,M.C.G.,Carlton,Fremantle,Fremantle,Michael Johnson,4,1,8,0,0,0,1
2005,16,2005-07-17,M.C.G.,Carlton,Fremantle,Fremantle,Justin Longmuir,12,7,9,0,1,12,1
2005,16,2005-07-17,M.C.G.,Carlton,Fremantle,Fremantle,Luke McPharlin,5,3,5,1,1,0,0
2005,16,2005-07-17,M.C.G.,Carlton,Fremantle,Fremantle,Paul Medhurst,6,2,5,0,1,0,1
2005,16,2005-07-17,M.C.G.,Carlton,Fremantle,Fremantle,David Mundy,6,4,13,0,1,1,0
2005,16,2005-07-17,M.C.G.,Carlton,Fremantle,Fremantle,Ryan Murphy,3,2,2,1,0,0,0
2005,16,2005-07-17,M.C.G.,Carlton,Fremantle,Fremantle,Shane Parker,8,3,8,1,0,0,5
2005,16,2005-07-17,M.C.G.,Carlton,Fremantle,Fremantle,Matthew Pavlich,15,9,4,9,0,0,3
2005,16,2005-07-17,M.C.G.,Carlton,Fremantle,Fremantle,Brett Peake,10,3,4,2,0,0,0
2005,16,2005-07-17,M.C.G.,Carlton,Fremantle,Fremantle,Aaron Sandilands,2,6,5,0,0,18,1
2005,16,2005-07-17,M.C.G.,Carlton,Fremantle,Fremantle,Byron Schammer,14,2,8,0,0,0,1
2005,16,2005-07-17,M.C.G.,Carlton,Fremantle,Fremantle,Jarrad Schofield,8,1,3,1,0,0,1
2005,16,2005-07-17,M.C.G.,Carlton,Fremantle,Fremantle,Dylan Smith,4,1,8,0,0,0,0
2005,16,2005-07-17,M.C.G.,Carlton,Fremantle,Fremantle,Scott Thornton,8,8,17,0,0,0,0
2005,16,2005-07-17,Docklands,Hawthorn,Kangaroos,Hawthorn,Luke Brennan,3,2,7,0,0,0,2
2005,16,2005-07-17,Docklands,Hawthorn,Kangaroos,Hawthorn,Tim Clarke,11,6,12,0,1,0,1
2005,16,2005-07-17,Docklands,Hawthorn,Kangaroos,Hawthorn,Shane Crawford,8,2,7,1,0,0,2
2005,16,2005-07-17,Docklands,Hawthorn,Kangaroos,Hawthorn,Trent Croad,10,5,8,2,2,2,2
2005,16,2005-07-17,Docklands,Hawthorn,Kangaroos,Hawthorn,Ben Dixon,7,2,5,0,2,0,3
2005,16,2005-07-17,Docklands,Hawthorn,Kangaroos,Hawthorn,Peter Everitt,11,6,9,0,0,33,1
2005,16,2005-07-17,Docklands,Hawthorn,Kangaroos,Hawthorn,Jonathan Hay,1,1,4,0,0,0,2
2005,16,2005-07-17,Docklands,Hawthorn,Kangaroos,Hawthorn,Luke Hodge,21,2,11,1,0,0,4
2005,16,2005-07-17,Docklands,Hawthorn,Kangaroos,Hawthorn,Danny Jacobs,11,9,13,0,0,0,1
2005,16,2005-07-17,Docklands,Hawthorn,Kangaroos,Hawthorn,Rick Ladson,6,1,4,1,0,0,2
2005,16,2005-07-17,Docklands,Hawthorn,Kangaroos,Hawthorn,Angelo Lekkas,12,6,6,0,0,0,2
2005,16,2005-07-17,Docklands,Hawthorn,Kangaroos,Hawthorn,Jordan Lewis,15,8,11,0,0,1,1
2005,16,2005-07-17,Docklands,Hawthorn,Kangaroos,Hawthorn,Nathan Lonie,13,1,10,1,0,0,1
2005,16,2005-07-17,Docklands,Hawthorn,Kangaroos,Hawthorn,Bo Nixon,5,5,6,0,0,0,0
2005,16,2005-07-17,Docklands,Hawthorn,Kangaroos,Hawthorn,Michael Osborne,9,3,7,2,0,0,2
2005,16,2005-07-17,Docklands,Hawthorn,Kangaroos,Hawthorn,Jarryd Roughead,11,4,4,0,0,4,2
2005,16,2005-07-17,Docklands,Hawthorn,Kangaroos,Hawthorn,Brad Sewell,5,2,6,0,0,0,1
2005,16,2005-07-17,Docklands,Hawthorn,Kangaroos,Hawthorn,Joel Smith,10,3,5,0,0,0,1
2005,16,2005-07-17,Docklands,Hawthorn,Kangaroos,Hawthorn,Simon Taylor,2,1,3,1,0,6,1
2005,16,2005-07-17,Docklands,Hawthorn,Kangaroos,Hawthorn,Richard Vandenberg,4,3,6,0,0,0,3
2005,16,2005-07-17,Docklands,Hawthorn,Kangaroos,Hawthorn,Mark Williams,3,0,0,1,0,0,1
2005,16,2005-07-17,Docklands,Hawthorn,Kangaroos,Hawthorn,Clinton Young,6,3,2,0,0,0,2
2005,16,2005-07-17,Docklands,Hawthorn,Kangaroos,Kangaroos,Glenn Archer,25,9,4,1,0,0,1
2005,16,2005-07-17,Docklands,Hawthorn,Kangaroos,Kangaroos,Leigh Brown,8,9,9,0,2,2,4
2005,16,2005-07-17,Docklands,Hawthorn,Kangaroos,Kangaroos,Leigh Colbert,10,9,11,0,0,1,2
2005,16,2005-07-17,Docklands,Hawthorn,Kangaroos,Kangaroos,Michael Firrito,8,5,6,0,1,0,0
2005,16,2005-07-17,Docklands,Hawthorn,Kangaroos,Kangaroos,Shannon Grant,13,2,12,0,1,0,1
2005,16,2005-07-17,Docklands,Hawthorn,Kangaroos,Kangaroos,David Hale,0,0,0,0,0,1,0
2005,16,2005-07-17,Docklands,Hawthorn,Kangaroos,Kangaroos,Leigh Harding,4,2,3,0,0,0,3
2005,16,2005-07-17,Docklands,Hawthorn,Kangaroos,Kangaroos,Daniel Harris,13,7,17,0,0,0,4
2005,16,2005-07-17,Docklands,Hawthorn,Kangaroos,Kangaroos,Brent Harvey,16,3,15,2,0,0,2
2005,16,2005-07-17,Docklands,Hawthorn,Kangaroos,Kangaroos,Corey Jones,18,10,4,1,4,2,1
2005,16,2005-07-17,Docklands,Hawthorn,Kangaroos,Kangaroos,Troy Makepeace,14,9,7,1,1,0,3
2005,16,2005-07-17,Docklands,Hawthorn,Kangaroos,Kangaroos,Drew Petrie,11,6,2,2,0,13,3
2005,16,2005-07-17,Docklands,Hawthorn,Kangaroos,Kangaroos,Daniel Pratt,6,4,4,0,0,0,1
2005,16,2005-07-17,Docklands,Hawthorn,Kangaroos,Kangaroos,Brady Rawlings,10,5,10,2,0,0,2
2005,16,2005-07-17,Docklands,Hawthorn,Kangaroos,Kangaroos,Saverio Rocca,7,6,2,3,0,1,0
2005,16,2005-07-17,Docklands,Hawthorn,Kangaroos,Kangaroos,Eddie Sansbury,5,2,7,0,0,0,3
2005,16,2005-07-17,Docklands,Hawthorn,Kangaroos,Kangaroos,Adam Simpson,16,4,10,1,0,1,7
2005,16,2005-07-17,Docklands,Hawthorn,Kangaroos,Kangaroos,Jess Sinclair,13,5,2,0,0,0,0
2005,16,2005-07-17,Docklands,Hawthorn,Kangaroos,Kangaroos,Michael Stevens,7,3,2,0,0,0,0
2005,16,2005-07-17,Docklands,Hawthorn,Kangaroos,Kangaroos,Nathan Thompson,9,6,0,3,1,0,1
2005,16,2005-07-17,Docklands,Hawthorn,Kangaroos,Kangaroos,Shannon Watt,7,4,3,0,0,0,1
2005,16,2005-07-17,Docklands,Hawthorn,Kangaroos,Kangaroos,Daniel Wells,13,4,6,0,0,1,2
2005,17,2005-07-22,Docklands,St Kilda,Collingwood,St Kilda,Cain Ackland,5,4,2,0,0,4,0
2005,17,2005-07-22,Docklands,St Kilda,Collingwood,St Kilda,Steven Baker,9,3,7,0,1,0,1
2005,17,2005-07-22,Docklands,St Kilda,Collingwood,St Kilda,Luke Ball,23,4,9,1,0,0,5
2005,17,2005-07-22,Docklands,St Kilda,Collingwood,St Kilda,Jason Blake,5,3,8,0,0,19,1
2005,17,2005-07-22,Docklands,St Kilda,Collingwood,St Kilda,Raphael Clarke,10,2,2,1,0,0,2
2005,17,2005-07-22,Docklands,St Kilda,Collingwood,St Kilda,Xavier Clarke,0,0,0,0,0,0,0
2005,17,2005-07-22,Docklands,St Kilda,Collingwood,St Kilda,Nick Dal Santo,9,5,2,1,0,1,2
2005,17,2005-07-22,Docklands,St Kilda,Collingwood,St Kilda,Sam Fisher,13,7,4,0,0,0,1
2005,17,2005-07-22,Docklands,St Kilda,Collingwood,St Kilda,Fraser Gehrig,7,6,1,3,3,0,0
2005,17,2005-07-22,Docklands,St Kilda,Collingwood,St Kilda,Brendon Goddard,3,2,8,1,0,0,3
2005,17,2005-07-22,Docklands,St Kilda,Collingwood,St Kilda,Brent Guerra,14,9,5,4,3,0,4
2005,17,2005-07-22,Docklands,St Kilda,Collingwood,St Kilda,Lenny Hayes,15,8,11,1,1,0,6
2005,17,2005-07-22,Docklands,St Kilda,Collingwood,St Kilda,Max Hudghton,3,2,0,0,0,0,0
2005,17,2005-07-22,Docklands,St Kilda,Collingwood,St Kilda,Austinn Jones,9,2,6,0,0,0,3
2005,17,2005-07-22,Docklands,St Kilda,Collingwood,St Kilda,Justin Koschitzke,14,10,4,5,2,14,4
2005,17,2005-07-22,Docklands,St Kilda,Collingwood,St Kilda,Matt Maguire,8,4,2,0,0,0,1
2005,17,2005-07-22,Docklands,St Kilda,Collingwood,St Kilda,Stephen Milne,16,7,5,4,4,0,2
2005,17,2005-07-22,Docklands,St Kilda,Collingwood,St Kilda,Justin Peckett,8,3,1,0,0,0,0
2005,17,2005-07-22,Docklands,St Kilda,Collingwood,St Kilda,Stephen Powell,13,5,12,0,0,0,0
2005,17,2005-07-22,Docklands,St Kilda,Collingwood,St Kilda,Troy Schwarze,5,6,1,0,1,0,2
2005,17,2005-07-22,Docklands,St Kilda,Collingwood,St Kilda,Andrew Thompson,10,6,13,0,0,0,4
2005,17,2005-07-22,Docklands,St Kilda,Collingwood,St Kilda,Brett Voss,9,2,5,0,0,0,3
2005,17,2005-07-22,Docklands,St Kilda,Collingwood,Collingwood,Nathan Buckley,17,6,9,0,1,0,2
2005,17,2005-07-22,Docklands,St Kilda,Collingwood,Collingwood,Scott Burns,8,3,5,1,0,0,5
2005,17,2005-07-22,Docklands,St Kilda,Collingwood,Collingwood,Blake Caracella,4,5,0,0,0,0,1
2005,17,2005-07-22,Docklands,St Kilda,Collingwood,Collingwood,James Clement,9,7,5,0,0,0,1
2005,17,2005-07-22,Docklands,St Kilda,Collingwood,Collingwood,Jason Cloke,8,3,4,0,1,6,1
2005,17,2005-07-22,Docklands,St Kilda,Collingwood,Collingwood,Leon Davis,14,6,7,2,1,0,2
2005,17,2005-07-22,Docklands,St Kilda,Collingwood,Collingwood,Alan Didak,7,3,3,0,1,0,1
2005,17,2005-07-22,Docklands,St Kilda,Collingwood,Collingwood,Chris Egan,10,3,5,0,0,0,3
2005,17,2005-07-22,Docklands,St Kilda,Collingwood,Collingwood,David Fanning,5,6,6,1,0,10,2
2005,17,2005-07-22,Docklands,St Kilda,Collingwood,Collingwood,Brodie Holland,10,4,7,0,0,0,1
2005,17,2005-07-22,Docklands,St Kilda,Collingwood,Collingwood,Adam Iacobucci,6,3,3,0,0,0,0
2005,17,2005-07-22,Docklands,St Kilda,Collingwood,Collingwood,Ben Johnson,5,3,4,0,0,0,0
2005,17,2005-07-22,Docklands,St Kilda,Collingwood,Collingwood,Paul Licuria,9,5,9,0,0,0,3
2005,17,2005-07-22,Docklands,St Kilda,Collingwood,Collingwood,Tarkyn Lockyer,20,7,1,1,0,0,1
2005,17,2005-07-22,Docklands,St Kilda,Collingwood,Collingwood,Ryan Lonie,10,2,3,1,1,0,5
2005,17,2005-07-22,Docklands,St Kilda,Collingwood,Collingwood,Nick Maxwell,7,4,8,1,1,1,3
2005,17,2005-07-22,Docklands,St Kilda,Collingwood,Collingwood,Sean Rusling,2,0,1,0,0,0,0
2005,17,2005-07-22,Docklands,St Kilda,Collingwood,Collingwood,Heath Shaw,13,7,9,0,0,0,2
2005,17,2005-07-22,Docklands,St Kilda,Collingwood,Collingwood,Chris Tarrant,8,5,7,2,1,2,2
2005,17,2005-07-22,Docklands,St Kilda,Collingwood,Collingwood,Shane Wakelin,10,11,6,0,0,1,0
2005,17,2005-07-22,Docklands,St Kilda,Collingwood,Collingwood,Tristen Walker,2,0,0,0,0,4,0
2005,17,2005-07-22,Docklands,St Kilda,Collingwood,Collingwood,Shane Woewodin,14,8,4,1,0,0,2
2005,17,2005-07-23,M.C.G.,Hawthorn,Carlton,Hawthorn,Luke Brennan,4,0,7,0,0,0,2
2005,17,2005-07-23,M.C.G.,Hawthorn,Carlton,Hawthorn,Tim Clarke,4,2,7,1,1,0,5
2005,17,2005-07-23,M.C.G.,Hawthorn,Carlton,Hawthorn,Trent Croad,11,11,11,2,0,0,3
2005,17,2005-07-23,M.C.G.,Hawthorn,Carlton,Hawthorn,Ben Dixon,4,2,5,0,0,0,0
2005,17,2005-07-23,M.C.G.,Hawthorn,Carlton,Hawthorn,Peter Everitt,12,5,8,2,1,20,0
2005,17,2005-07-23,M.C.G.,Hawthorn,Carlton,Hawthorn,Lance Franklin,10,6,5,2,0,0,0
2005,17,2005-07-23,M.C.G.,Hawthorn,Carlton,Hawthorn,Jonathan Hay,2,5,9,0,0,0,1
2005,17,2005-07-23,M.C.G.,Hawthorn,Carlton,Hawthorn,Luke Hodge,17,7,17,0,1,0,2
2005,17,2005-07-23,M.C.G.,Hawthorn,Carlton,Hawthorn,Danny Jacobs,14,13,17,0,0,0,1
2005,17,2005-07-23,M.C.G.,Hawthorn,Carlton,Hawthorn,Rick Ladson,11,5,7,1,0,0,2
2005,17,2005-07-23,M.C.G.,Hawthorn,Carlton,Hawthorn,Angelo Lekkas,7,5,10,0,0,0,5
2005,17,2005-07-23,M.C.G.,Hawthorn,Carlton,Hawthorn,Jordan Lewis,10,5,9,1,0,0,1
2005,17,2005-07-23,M.C.G.,Hawthorn,Carlton,Hawthorn,Nathan Lonie,9,2,9,2,0,0,2
2005,17,2005-07-23,M.C.G.,Hawthorn,Carlton,Hawthorn,Harry Miller,5,2,3,1,0,0,0
2005,17,2005-07-23,M.C.G.,Hawthorn,Carlton,Hawthorn,Nick Ries,11,4,7,0,0,0,3
2005,17,2005-07-23,M.C.G.,Hawthorn,Carlton,Hawthorn,Jarryd Roughead,12,5,7,0,0,0,0
2005,17,2005-07-23,M.C.G.,Hawthorn,Carlton,Hawthorn,Brad Sewell,13,5,11,0,0,0,1
2005,17,2005-07-23,M.C.G.,Hawthorn,Carlton,Hawthorn,Joel Smith,16,8,11,1,1,0,0
2005,17,2005-07-23,M.C.G.,Hawthorn,Carlton,Hawthorn,Simon Taylor,3,3,3,1,1,11,1
2005,17,2005-07-23,M.C.G.,Hawthorn,Carlton,Hawthorn,Richard Vandenberg,19,9,6,0,1,0,0
2005,17,2005-07-23,M.C.G.,Hawthorn,Carlton,Hawthorn,Mark Williams,14,6,0,5,4,0,0
2005,17,2005-07-23,M.C.G.,Hawthorn,Carlton,Hawthorn,Clinton Young,2,1,2,0,0,0,1
2005,17,2005-07-23,M.C.G.,Hawthorn,Carlton,Carlton,Eddie Betts,5,0,2,3,0,0,1
2005,17,2005-07-23,M.C.G.,Hawthorn,Carlton,Carlton,Chris Bryan,2,0,1,0,0,6,2
2005,17,2005-07-23,M.C.G.,Hawthorn,Carlton,Carlton,Scott Camporeale,14,3,6,0,0,0,2
2005,17,2005-07-23,M.C.G.,Hawthorn,Carlton,Carlton,Andrew Carrazzo,8,3,10,0,1,5,3
2005,17,2005-07-23,M.C.G.,Hawthorn,Carlton,Carlton,Callum Chambers,2,1,1,0,0,0,3
2005,17,2005-07-23,M.C.G.,Hawthorn,Carlton,Carlton,Brendan Fevola,12,5,1,4,1,1,4
2005,17,2005-07-23,M.C.G.,Hawthorn,Carlton,Carlton,Brad Fisher,8,6,5,2,0,1,1
2005,17,2005-07-23,M.C.G.,Hawthorn,Carlton,Carlton,Barnaby French,3,1,1,0,0,7,1
2005,17,2005-07-23,M.C.G.,Hawthorn,Carlton,Carlton,Ryan Houlihan,13,3,1,0,0,0,5
2005,17,2005-07-23,M.C.G.,Hawthorn,Carlton,Carlton,Anthony Koutoufides,14,5,10,0,2,0,0
2005,17,2005-07-23,M.C.G.,Hawthorn,Carlton,Carlton,Matthew Lappin,5,4,8,1,0,1,2
2005,17,2005-07-23,M.C.G.,Hawthorn,Carlton,Carlton,Luke Livingston,5,2,1,0,0,0,4
2005,17,2005-07-23,M.C.G.,Hawthorn,Carlton,Carlton,Troy Longmuir,8,7,3,1,1,0,1
2005,17,2005-07-23,M.C.G.,Hawthorn,Carlton,Carlton,Cory McGrath,5,3,0,0,0,0,5
2005,17,2005-07-23,M.C.G.,Hawthorn,Carlton,Carlton,Heath Scotland,18,3,8,0,2,0,3
2005,17,2005-07-23,M.C.G.,Hawthorn,Carlton,Carlton,Kade Simpson,11,5,2,0,1,1,5
2005,17,2005-07-23,M.C.G.,Hawthorn,Carlton,Carlton,Trent Sporn,10,7,7,0,0,0,2
2005,17,2005-07-23,M.C.G.,Hawthorn,Carlton,Carlton,Nick Stevens,15,6,11,2,3,0,1
2005,17,2005-07-23,M.C.G.,Hawthorn,Carlton,Carlton,David Teague,0,0,4,0,0,0,0
2005,17,2005-07-23,M.C.G.,Hawthorn,Carlton,Carlton,Jarrad Waite,13,9,2,2,1,0,0
2005,17,2005-07-23,M.C.G.,Hawthorn,Carlton,Carlton,Andrew Walker,4,2,1,0,0,2,3
2005,17,2005-07-23,M.C.G.,Hawthorn,Carlton,Carlton,Lance Whitnall,16,11,9,0,0,0,2
2005,17,2005-07-23,Docklands,Western Bulldogs,Geelong,Western Bulldogs,Shane Birss,7,1,4,0,0,0,1
2005,17,2005-07-23,Docklands,Western Bulldogs,Geelong,Western Bulldogs,Matthew Boyd,8,4,3,0,0,0,1
2005,17,2005-07-23,Docklands,Western Bulldogs,Geelong,Western Bulldogs,Adam Cooney,8,3,9,1,1,0,2
2005,17,2005-07-23,Docklands,Western Bulldogs,Geelong,Western Bulldogs,Daniel Cross,3,4,24,0,0,0,7
2005,17,2005-07-23,Docklands,Western Bulldogs,Geelong,Western Bulldogs,Nathan Eagleton,18,8,10,4,0,0,1
2005,17,2005-07-23,Docklands,Western Bulldogs,Geelong,Western Bulldogs,Daniel Giansiracusa,8,4,7,2,0,0,2
2005,17,2005-07-23,Docklands,Western Bulldogs,Geelong,Western Bulldogs,Lindsay Gilbee,19,8,8,0,0,0,0
2005,17,2005-07-23,Docklands,Western Bulldogs,Geelong,Western Bulldogs,Chris Grant,3,4,3,0,1,0,5
2005,17,2005-07-23,Docklands,Western Bulldogs,Geelong,Western Bulldogs,Ryan Griffen,9,2,12,0,0,0,5
2005,17,2005-07-23,Docklands,Western Bulldogs,Geelong,Western Bulldogs,Mitch Hahn,15,7,8,1,3,0,5
2005,17,2005-07-23,Docklands,Western Bulldogs,Geelong,Western Bulldogs,Ryan Hargrave,6,2,8,0,0,0,0
2005,17,2005-07-23,Docklands,Western Bulldogs,Geelong,Western Bulldogs,Brad Johnson,16,6,9,1,0,3,3
2005,17,2005-07-23,Docklands,Western Bulldogs,Geelong,Western Bulldogs,Brian Lake,9,6,1,0,0,0,1
2005,17,2005-07-23,Docklands,Western Bulldogs,Geelong,Western Bulldogs,Jordan McMahon,15,7,7,0,0,0,2
2005,17,2005-07-23,Docklands,Western Bulldogs,Geelong,Western Bulldogs,Will Minson,6,1,6,0,1,20,6
2005,17,2005-07-23,Docklands,Western Bulldogs,Geelong,Western Bulldogs,Dale Morris,5,6,8,0,0,0,2
2005,17,2005-07-23,Docklands,Western Bulldogs,Geelong,Western Bulldogs,Robert Murphy,18,13,4,1,1,0,0
2005,17,2005-07-23,Docklands,Western Bulldogs,Geelong,Western Bulldogs,Farren Ray,3,1,4,0,1,0,2
2005,17,2005-07-23,Docklands,Western Bulldogs,Geelong,Western Bulldogs,Matthew Robbins,6,1,2,2,1,0,4
2005,17,2005-07-23,Docklands,Western Bulldogs,Geelong,Western Bulldogs,Wayde Skipper,7,3,2,5,0,1,1
2005,17,2005-07-23,Docklands,Western Bulldogs,Geelong,Western Bulldogs,Rohan Smith,15,6,3,3,2,0,3
2005,17,2005-07-23,Docklands,Western Bulldogs,Geelong,Western Bulldogs,Scott West,11,3,21,0,0,0,0
2005,17,2005-07-23,Docklands,Western Bulldogs,Geelong,Geelong,Gary Ablett,13,3,14,3,2,0,1
2005,17,2005-07-23,Docklands,Western Bulldogs,Geelong,Geelong,Jimmy Bartel,14,10,7,2,1,0,3
2005,17,2005-07-23,Docklands,Western Bulldogs,Geelong,Geelong,Paul Chapman,12,3,6,1,0,0,4
2005,17,2005-07-23,Docklands,Western Bulldogs,Geelong,Geelong,Joel Corey,11,1,10,1,1,0,3
2005,17,2005-07-23,Docklands,Western Bulldogs,Geelong,Geelong,Matthew Egan,5,3,1,0,0,0,0
2005,17,2005-07-23,Docklands,Western Bulldogs,Geelong,Geelong,Josh Hunt,8,3,5,0,0,0,1
2005,17,2005-07-23,Docklands,Western Bulldogs,Geelong,Geelong,Steve Johnson,8,6,4,0,1,0,0
2005,17,2005-07-23,Docklands,Western Bulldogs,Geelong,Geelong,James Kelly,9,5,8,0,1,0,2
2005,17,2005-07-23,Docklands,Western Bulldogs,Geelong,Geelong,Steven King,6,0,1,0,0,16,2
2005,17,2005-07-23,Docklands,Western Bulldogs,Geelong,Geelong,Kent Kingsley,4,4,1,4,0,0,0
2005,17,2005-07-23,Docklands,Western Bulldogs,Geelong,Geelong,Paul Koulouriotis,10,2,4,1,2,0,1
2005,17,2005-07-23,Docklands,Western Bulldogs,Geelong,Geelong,Cameron Ling,6,4,10,0,0,0,4
2005,17,2005-07-23,Docklands,Western Bulldogs,Geelong,Geelong,Darren Milburn,18,8,10,1,0,3,4
2005,17,2005-07-23,Docklands,Western Bulldogs,Geelong,Geelong,Cameron Mooney,15,10,8,1,1,7,2
2005,17,2005-07-23,Docklands,Western Bulldogs,Geelong,Geelong,Henry Playfair,5,6,6,0,2,0,2
2005,17,2005-07-23,Docklands,Western Bulldogs,Geelong,Geelong,James Rahilly,5,2,2,0,0,0,2
2005,17,2005-07-23,Docklands,Western Bulldogs,Geelong,Geelong,Peter Riccardi,9,4,6,0,0,0,6
2005,17,2005-07-23,Docklands,Western Bulldogs,Geelong,Geelong,Max Rooke,5,6,7,0,0,0,2
2005,17,2005-07-23,Docklands,Western Bulldogs,Geelong,Geelong,Brenton Sanderson,9,9,12,0,0,0,0
2005,17,2005-07-23,Docklands,Western Bulldogs,Geelong,Geelong,Matthew Scarlett,10,7,8,0,0,0,1
2005,17,2005-07-23,Docklands,Western Bulldogs,Geelong,Geelong,Kane Tenace,8,1,5,0,0,0,1
2005,17,2005-07-23,Docklands,Western Bulldogs,Geelong,Geelong,Cameron Thurley,4,0,2,0,0,0,0
2005,17,2005-07-23,Gabba,Brisbane Lions,Essendon,Brisbane Lions,Jed Adcock,12,8,3,0,1,0,6
2005,17,2005-07-23,Gabba,Brisbane Lions,Essendon,Brisbane Lions,Jason Akermanis,14,3,4,0,2,0,3
2005,17,2005-07-23,Gabba,Brisbane Lions,Essendon,Brisbane Lions,Simon Black,16,5,14,1,0,0,4
2005,17,2005-07-23,Gabba,Brisbane Lions,Essendon,Brisbane Lions,Daniel Bradshaw,14,10,3,0,0,0,2
2005,17,2005-07-23,Gabba,Brisbane Lions,Essendon,Brisbane Lions,Jonathan Brown,11,9,4,5,1,0,0
2005,17,2005-07-23,Gabba,Brisbane Lions,Essendon,Brisbane Lions,Jamie Charman,4,5,4,0,0,10,1
2005,17,2005-07-23,Gabba,Brisbane Lions,Essendon,Brisbane Lions,Anthony Corrie,9,2,2,4,2,0,2
2005,17,2005-07-23,Gabba,Brisbane Lions,Essendon,Brisbane Lions,Josh Drummond,17,8,9,0,0,0,0
2005,17,2005-07-23,Gabba,Brisbane Lions,Essendon,Brisbane Lions,Chris Johnson,15,5,6,0,0,0,1
2005,17,2005-07-23,Gabba,Brisbane Lions,Essendon,Brisbane Lions,Clark Keating,7,2,2,1,0,21,0
2005,17,2005-07-23,Gabba,Brisbane Lions,Essendon,Brisbane Lions,Nigel Lappin,14,5,15,1,1,0,3
2005,17,2005-07-23,Gabba,Brisbane Lions,Essendon,Brisbane Lions,Joel Macdonald,7,3,6,1,1,0,0
2005,17,2005-07-23,Gabba,Brisbane Lions,Essendon,Brisbane Lions,Ashley McGrath,6,3,3,2,1,0,0
2005,17,2005-07-23,Gabba,Brisbane Lions,Essendon,Brisbane Lions,Daniel Merrett,1,2,5,0,0,0,0
2005,17,2005-07-23,Gabba,Brisbane Lions,Essendon,Brisbane Lions,Mal Michael,7,7,6,0,0,0,1
2005,17,2005-07-23,Gabba,Brisbane Lions,Essendon,Brisbane Lions,Tim Notting,8,8,6,1,0,0,1
2005,17,2005-07-23,Gabba,Brisbane Lions,Essendon,Brisbane Lions,Luke Power,12,2,4,0,1,0,5
2005,17,2005-07-23,Gabba,Brisbane Lions,Essendon,Brisbane Lions,Brad Scott,7,5,7,0,0,0,1
2005,17,2005-07-23,Gabba,Brisbane Lions,Essendon,Brisbane Lions,Troy Selwood,6,6,2,0,0,0,2
2005,17,2005-07-23,Gabba,Brisbane Lions,Essendon,Brisbane Lions,Justin Sherman,4,3,6,1,1,0,3
2005,17,2005-07-23,Gabba,Brisbane Lions,Essendon,Brisbane Lions,Michael Voss,14,6,14,0,1,0,2
2005,17,2005-07-23,Gabba,Brisbane Lions,Essendon,Brisbane Lions,Darryl White,0,0,1,0,0,0,0
2005,17,2005-07-23,Gabba,Brisbane Lions,Essendon,Essendon,Mark Bolton,10,8,4,0,1,0,0
2005,17,2005-07-23,Gabba,Brisbane Lions,Essendon,Essendon,Kepler Bradley,11,9,8,0,0,1,1
2005,17,2005-07-23,Gabba,Brisbane Lions,Essendon,Essendon,Damian Cupido,6,1,2,0,0,0,1
2005,17,2005-07-23,Gabba,Brisbane Lions,Essendon,Essendon,Ricky Dyson,8,4,6,2,0,0,2
2005,17,2005-07-23,Gabba,Brisbane Lions,Essendon,Essendon,Dustin Fletcher,14,3,4,0,0,0,0
2005,17,2005-07-23,Gabba,Brisbane Lions,Essendon,Essendon,David Hille,5,4,9,0,0,22,1
2005,17,2005-07-23,Gabba,Brisbane Lions,Essendon,Essendon,Sam Hunt,1,0,0,0,0,0,1
2005,17,2005-07-23,Gabba,Brisbane Lions,Essendon,Essendon,Courtney Johns,3,1,2,0,0,0,0
2005,17,2005-07-23,Gabba,Brisbane Lions,Essendon,Essendon,Jason Johnson,15,4,8,1,0,0,6
2005,17,2005-07-23,Gabba,Brisbane Lions,Essendon,Essendon,Mark Johnson,9,4,5,0,1,1,5
2005,17,2005-07-23,Gabba,Brisbane Lions,Essendon,Essendon,Matthew Lloyd,9,4,1,1,3,0,0
2005,17,2005-07-23,Gabba,Brisbane Lions,Essendon,Essendon,Andrew Lovett,7,2,10,3,0,0,3
2005,17,2005-07-23,Gabba,Brisbane Lions,Essendon,Essendon,Nathan Lovett-Murray,10,5,6,0,1,0,0
2005,17,2005-07-23,Gabba,Brisbane Lions,Essendon,Essendon,Scott Lucas,15,9,2,4,2,0,2
2005,17,2005-07-23,Gabba,Brisbane Lions,Essendon,Essendon,Mark McVeigh,12,1,6,0,1,0,6
2005,17,2005-07-23,Gabba,Brisbane Lions,Essendon,Essendon,Angus Monfries,6,5,5,1,0,0,2
2005,17,2005-07-23,Gabba,Brisbane Lions,Essendon,Essendon,Damien Peverill,7,3,15,0,0,0,2
2005,17,2005-07-23,Gabba,Brisbane Lions,Essendon,Essendon,Ted Richards,2,2,4,0,0,0,0
2005,17,2005-07-23,Gabba,Brisbane Lions,Essendon,Essendon,Dean Solomon,6,2,0,0,0,0,3
2005,17,2005-07-23,Gabba,Brisbane Lions,Essendon,Essendon,Brent Stanton,13,4,7,1,2,0,2
2005,17,2005-07-23,Gabba,Brisbane Lions,Essendon,Essendon,Paul Thomas,9,7,5,0,0,0,0
2005,17,2005-07-23,Gabba,Brisbane Lions,Essendon,Essendon,Andrew Welsh,10,2,4,1,1,0,2
2005,17,2005-07-23,Football Park,Port Adelaide,Richmond,Port Adelaide,Matthew Bishop,6,5,4,0,0,0,1
2005,17,2005-07-23,Football Park,Port Adelaide,Richmond,Port Adelaide,Peter Burgoyne,11,1,12,0,0,0,5
2005,17,2005-07-23,Football Park,Port Adelaide,Richmond,Port Adelaide,Shaun Burgoyne,11,2,5,1,0,0,6
2005,17,2005-07-23,Football Park,Port Adelaide,Richmond,Port Adelaide,Domenic Cassisi,8,2,9,0,1,0,1
2005,17,2005-07-23,Football Park,Port Adelaide,Richmond,Port Adelaide,Chad Cornes,13,7,1,0,0,1,2
2005,17,2005-07-23,Football Park,Port Adelaide,Richmond,Port Adelaide,Kane Cornes,13,5,12,0,0,0,2
2005,17,2005-07-23,Football Park,Port Adelaide,Richmond,Port Adelaide,Stuart Dew,12,2,7,1,0,0,3
2005,17,2005-07-23,Football Park,Port Adelaide,Richmond,Port Adelaide,Brett Ebert,5,1,1,1,1,0,4
2005,17,2005-07-23,Football Park,Port Adelaide,Richmond,Port Adelaide,Josh Francou,8,3,9,0,1,0,4
2005,17,2005-07-23,Football Park,Port Adelaide,Richmond,Port Adelaide,Roger James,7,2,5,0,0,0,1
2005,17,2005-07-23,Football Park,Port Adelaide,Richmond,Port Adelaide,Adam Kingsley,13,8,10,0,0,0,1
2005,17,2005-07-23,Football Park,Port Adelaide,Richmond,Port Adelaide,Brendon Lade,7,5,1,2,0,6,0
2005,17,2005-07-23,Football Park,Port Adelaide,Richmond,Port Adelaide,Josh Mahoney,9,6,5,4,1,0,2
2005,17,2005-07-23,Football Park,Port Adelaide,Richmond,Port Adelaide,Michael Pettigrew,1,2,3,1,0,0,0
2005,17,2005-07-23,Football Park,Port Adelaide,Richmond,Port Adelaide,Byron Pickett,4,3,2,1,2,0,1
2005,17,2005-07-23,Football Park,Port Adelaide,Richmond,Port Adelaide,Matthew Primus,5,3,3,0,1,26,2
2005,17,2005-07-23,Football Park,Port Adelaide,Richmond,Port Adelaide,Warren Tredrea,12,8,7,2,2,0,0
2005,17,2005-07-23,Football Park,Port Adelaide,Richmond,Port Adelaide,Darryl Wakelin,3,5,5,0,0,0,1
2005,17,2005-07-23,Football Park,Port Adelaide,Richmond,Port Adelaide,Peter Walsh,9,2,4,0,1,0,4
2005,17,2005-07-23,Football Park,Port Adelaide,Richmond,Port Adelaide,Gavin Wanganeen,9,2,8,0,0,0,0
2005,17,2005-07-23,Football Park,Port Adelaide,Richmond,Port Adelaide,Damon White,8,9,6,1,0,0,1
2005,17,2005-07-23,Football Park,Port Adelaide,Richmond,Port Adelaide,Michael Wilson,6,3,6,0,0,0,4
2005,17,2005-07-23,Football Park,Port Adelaide,Richmond,Richmond,Joel Bowden,12,2,11,0,0,0,3
2005,17,2005-07-23,Football Park,Port Adelaide,Richmond,Richmond,Wayne Campbell,10,7,12,1,0,0,0
2005,17,2005-07-23,Football Park,Port Adelaide,Richmond,Richmond,Mark Chaffey,6,3,3,0,0,0,4
2005,17,2005-07-23,Football Park,Port Adelaide,Richmond,Richmond,Mark Coughlan,12,6,10,0,1,0,4
2005,17,2005-07-23,Football Park,Port Adelaide,Richmond,Richmond,Brett Deledio,9,1,6,2,0,0,2
2005,17,2005-07-23,Football Park,Port Adelaide,Richmond,Richmond,Nathan Foley,3,1,7,0,0,0,2
2005,17,2005-07-23,Football Park,Port Adelaide,Richmond,Richmond,Mark Graham,16,6,4,0,0,1,2
2005,17,2005-07-23,Football Park,Port Adelaide,Richmond,Richmond,Ray Hall,4,1,4,0,0,0,1
2005,17,2005-07-23,Football Park,Port Adelaide,Richmond,Richmond,Rory Hilton,9,2,1,0,0,0,2
2005,17,2005-07-23,Football Park,Port Adelaide,Richmond,Richmond,Chris Hyde,13,8,9,1,0,0,3
2005,17,2005-07-23,Football Park,Port Adelaide,Richmond,Richmond,Kane Johnson,16,6,3,0,0,0,4
2005,17,2005-07-23,Football Park,Port Adelaide,Richmond,Richmond,Trent Knobel,5,2,4,0,0,15,2
2005,17,2005-07-23,Football Park,Port Adelaide,Richmond,Richmond,Andrew Krakouer,1,1,4,0,0,0,11
2005,17,2005-07-23,Football Park,Port Adelaide,Richmond,Richmond,Kelvin Moore,4,1,1,0,0,0,1
2005,17,2005-07-23,Football Park,Port Adelaide,Richmond,Richmond,Chris Newman,12,4,5,0,0,0,3
2005,17,2005-07-23,Football Park,Port Adelaide,Richmond,Richmond,Kayne Pettifer,7,5,1,1,0,0,1
2005,17,2005-07-23,Football Park,Port Adelaide,Richmond,Richmond,Matthew Richardson,15,9,1,4,1,0,4
2005,17,2005-07-23,Football Park,Port Adelaide,Richmond,Richmond,Troy Simmonds,5,1,5,1,0,6,2
2005,17,2005-07-23,Football Park,Port Adelaide,Richmond,Richmond,Greg Stafford,4,1,2,0,1,5,0
2005,17,2005-07-23,Football Park,Port Adelaide,Richmond,Richmond,Will Thursfield,3,3,8,0,0,0,2
2005,17,2005-07-23,Football Park,Port Adelaide,Richmond,Richmond,Greg Tivendale,12,5,5,1,1,0,5
2005,17,2005-07-23,Football Park,Port Adelaide,Richmond,Richmond,Shane Tuck,17,8,10,1,0,4,3
2005,17,2005-07-24,S.C.G.,Sydney,West Coast,Sydney,Luke Ablett,10,1,3,1,0,1,3
2005,17,2005-07-24,S.C.G.,Sydney,West Coast,Sydney,Jason Ball,6,5,4,0,0,10,1
2005,17,2005-07-24,S.C.G.,Sydney,West Coast,Sydney,Leo Barry,8,6,6,0,0,0,2
2005,17,2005-07-24,S.C.G.,Sydney,West Coast,Sydney,Craig Bolton,7,5,4,0,0,0,2
2005,17,2005-07-24,S.C.G.,Sydney,West Coast,Sydney,Jude Bolton,11,7,7,1,0,0,11
2005,17,2005-07-24,S.C.G.,Sydney,West Coast,Sydney,Amon Buchanan,9,7,9,1,0,0,3
2005,17,2005-07-24,S.C.G.,Sydney,West Coast,Sydney,Jared Crouch,5,3,2,0,0,0,1
2005,17,2005-07-24,S.C.G.,Sydney,West Coast,Sydney,Nick Davis,2,1,2,1,1,0,1
2005,17,2005-07-24,S.C.G.,Sydney,West Coast,Sydney,Sean Dempster,2,1,2,0,0,0,5
2005,17,2005-07-24,S.C.G.,Sydney,West Coast,Sydney,Adam Goodes,7,3,3,0,0,4,3
2005,17,2005-07-24,S.C.G.,Sydney,West Coast,Sydney,Barry Hall,10,7,3,2,1,0,0
2005,17,2005-07-24,S.C.G.,Sydney,West Coast,Sydney,Darren Jolly,7,5,2,2,0,14,1
2005,17,2005-07-24,S.C.G.,Sydney,West Coast,Sydney,Tadhg Kennelly,11,4,4,0,0,0,0
2005,17,2005-07-24,S.C.G.,Sydney,West Coast,Sydney,Brett Kirk,13,4,13,0,0,0,4
2005,17,2005-07-24,S.C.G.,Sydney,West Coast,Sydney,Nick Malceski,3,1,2,0,1,0,0
2005,17,2005-07-24,S.C.G.,Sydney,West Coast,Sydney,Ben Mathews,7,2,10,0,1,0,3
2005,17,2005-07-24,S.C.G.,Sydney,West Coast,Sydney,Jarrad McVeigh,2,0,0,0,0,0,0
2005,17,2005-07-24,S.C.G.,Sydney,West Coast,Sydney,Ryan OKeefe,11,4,2,0,1,0,2
2005,17,2005-07-24,S.C.G.,Sydney,West Coast,Sydney,Michael OLoughlin,11,7,3,3,2,0,0
2005,17,2005-07-24,S.C.G.,Sydney,West Coast,Sydney,Lewis Roberts-Thomson,1,2,6,0,0,0,3
2005,17,2005-07-24,S.C.G.,Sydney,West Coast,Sydney,Adam Schneider,12,3,5,2,1,0,1
2005,17,2005-07-24,S.C.G.,Sydney,West Coast,Sydney,Paul Williams,14,2,7,0,0,0,3
2005,17,2005-07-24,S.C.G.,Sydney,West Coast,West Coast,Drew Banfield,6,2,6,0,0,0,1
2005,17,2005-07-24,S.C.G.,Sydney,West Coast,West Coast,Michael Braun,4,2,4,0,1,0,4
2005,17,2005-07-24,S.C.G.,Sydney,West Coast,West Coast,Sam Butler,11,5,5,0,1,0,2
2005,17,2005-07-24,S.C.G.,Sydney,West Coast,West Coast,Daniel Chick,8,2,7,0,0,0,2
2005,17,2005-07-24,S.C.G.,Sydney,West Coast,West Coast,Ben Cousins,9,2,10,1,0,0,2
2005,17,2005-07-24,S.C.G.,Sydney,West Coast,West Coast,Dean Cox,11,5,1,4,0,14,1
2005,17,2005-07-24,S.C.G.,Sydney,West Coast,West Coast,Chad Fletcher,12,5,9,1,1,0,2
2005,17,2005-07-24,S.C.G.,Sydney,West Coast,West Coast,Darren Glass,7,2,2,0,0,0,3
2005,17,2005-07-24,S.C.G.,Sydney,West Coast,West Coast,Brett Jones,8,5,9,0,0,0,0
2005,17,2005-07-24,S.C.G.,Sydney,West Coast,West Coast,Rowan Jones,4,1,8,0,0,1,1
2005,17,2005-07-24,S.C.G.,Sydney,West Coast,West Coast,Chris Judd,14,4,7,0,2,0,7
2005,17,2005-07-24,S.C.G.,Sydney,West Coast,West Coast,Daniel Kerr,9,2,8,0,1,0,6
2005,17,2005-07-24,S.C.G.,Sydney,West Coast,West Coast,Quinten Lynch,5,3,1,1,1,0,0
2005,17,2005-07-24,S.C.G.,Sydney,West Coast,West Coast,Phillip Matera,2,2,1,0,1,0,1
2005,17,2005-07-24,S.C.G.,Sydney,West Coast,West Coast,Mark Nicoski,6,5,9,0,1,0,3
2005,17,2005-07-24,S.C.G.,Sydney,West Coast,West Coast,Matt Rosa,7,2,7,0,0,0,2
2005,17,2005-07-24,S.C.G.,Sydney,West Coast,West Coast,Ashley Sampi,3,1,1,0,0,0,1
2005,17,2005-07-24,S.C.G.,Sydney,West Coast,West Coast,Mark Seaby,2,1,6,1,0,19,3
2005,17,2005-07-24,S.C.G.,Sydney,West Coast,West Coast,Adam Selwood,11,8,5,0,0,1,3
2005,17,2005-07-24,S.C.G.,Sydney,West Coast,West Coast,Brent Staker,8,5,6,1,0,0,2
2005,17,2005-07-24,S.C.G.,Sydney,West Coast,West Coast,Tyson Stenglein,7,7,13,0,0,0,2
2005,17,2005-07-24,S.C.G.,Sydney,West Coast,West Coast,David Wirrpanda,16,2,5,0,0,0,1
2005,17,2005-07-24,Docklands,Kangaroos,Adelaide,Kangaroos,Glenn Archer,12,5,7,0,0,1,2
2005,17,2005-07-24,Docklands,Kangaroos,Adelaide,Kangaroos,Leigh Brown,4,3,5,0,0,0,1
2005,17,2005-07-24,Docklands,Kangaroos,Adelaide,Kangaroos,Leigh Colbert,10,6,13,0,0,1,1
2005,17,2005-07-24,Docklands,Kangaroos,Adelaide,Kangaroos,Michael Firrito,7,4,8,0,0,1,0
2005,17,2005-07-24,Docklands,Kangaroos,Adelaide,Kangaroos,Shannon Grant,12,9,2,4,1,0,4
2005,17,2005-07-24,Docklands,Kangaroos,Adelaide,Kangaroos,David Hale,4,1,2,0,0,3,2
2005,17,2005-07-24,Docklands,Kangaroos,Adelaide,Kangaroos,Leigh Harding,9,3,1,1,4,0,1
2005,17,2005-07-24,Docklands,Kangaroos,Adelaide,Kangaroos,Daniel Harris,7,1,15,0,0,0,4
2005,17,2005-07-24,Docklands,Kangaroos,Adelaide,Kangaroos,Brent Harvey,18,7,8,2,1,0,4
2005,17,2005-07-24,Docklands,Kangaroos,Adelaide,Kangaroos,Corey Jones,13,4,4,2,1,0,5
2005,17,2005-07-24,Docklands,Kangaroos,Adelaide,Kangaroos,Troy Makepeace,12,7,6,0,0,0,3
2005,17,2005-07-24,Docklands,Kangaroos,Adelaide,Kangaroos,Drew Petrie,9,3,6,0,1,14,10
2005,17,2005-07-24,Docklands,Kangaroos,Adelaide,Kangaroos,Daniel Pratt,4,2,5,0,0,0,0
2005,17,2005-07-24,Docklands,Kangaroos,Adelaide,Kangaroos,Brady Rawlings,9,6,4,1,0,0,3
2005,17,2005-07-24,Docklands,Kangaroos,Adelaide,Kangaroos,Saverio Rocca,3,3,0,2,0,0,0
2005,17,2005-07-24,Docklands,Kangaroos,Adelaide,Kangaroos,Eddie Sansbury,4,1,1,1,0,0,2
2005,17,2005-07-24,Docklands,Kangaroos,Adelaide,Kangaroos,Adam Simpson,13,2,7,0,0,5,1
2005,17,2005-07-24,Docklands,Kangaroos,Adelaide,Kangaroos,Jess Sinclair,15,5,9,0,0,0,1
2005,17,2005-07-24,Docklands,Kangaroos,Adelaide,Kangaroos,Michael Stevens,8,3,8,1,1,0,3
2005,17,2005-07-24,Docklands,Kangaroos,Adelaide,Kangaroos,Nathan Thompson,7,5,1,2,1,0,1
2005,17,2005-07-24,Docklands,Kangaroos,Adelaide,Kangaroos,Shannon Watt,6,4,5,0,0,0,0
2005,17,2005-07-24,Docklands,Kangaroos,Adelaide,Kangaroos,Daniel Wells,6,2,7,0,0,0,3
2005,17,2005-07-24,Docklands,Kangaroos,Adelaide,Adelaide,Nathan Bassett,4,3,7,0,0,0,1
2005,17,2005-07-24,Docklands,Kangaroos,Adelaide,Adelaide,Rhett Biglands,3,2,2,0,0,27,2
2005,17,2005-07-24,Docklands,Kangaroos,Adelaide,Adelaide,Nathan Bock,7,2,2,0,0,0,1
2005,17,2005-07-24,Docklands,Kangaroos,Adelaide,Adelaide,Brett Burton,18,7,8,0,1,0,1
2005,17,2005-07-24,Docklands,Kangaroos,Adelaide,Adelaide,Michael Doughty,8,8,7,0,0,0,3
2005,17,2005-07-24,Docklands,Kangaroos,Adelaide,Adelaide,Tyson Edwards,12,3,12,3,0,0,0
2005,17,2005-07-24,Docklands,Kangaroos,Adelaide,Adelaide,Simon Goodwin,15,6,8,1,0,0,2
2005,17,2005-07-24,Docklands,Kangaroos,Adelaide,Adelaide,Ben Hart,11,1,2,0,0,0,2
2005,17,2005-07-24,Docklands,Kangaroos,Adelaide,Adelaide,Trent Hentschel,11,7,3,0,1,0,0
2005,17,2005-07-24,Docklands,Kangaroos,Adelaide,Adelaide,Ben Hudson,3,3,4,0,0,10,0
2005,17,2005-07-24,Docklands,Kangaroos,Adelaide,Adelaide,Martin Mattner,6,2,6,0,1,0,5
2005,17,2005-07-24,Docklands,Kangaroos,Adelaide,Adelaide,Ken McGregor,9,7,1,1,1,0,1
2005,17,2005-07-24,Docklands,Kangaroos,Adelaide,Adelaide,Andrew McLeod,6,5,8,0,0,0,2
2005,17,2005-07-24,Docklands,Kangaroos,Adelaide,Adelaide,Ian Perrie,15,6,2,2,1,2,1
2005,17,2005-07-24,Docklands,Kangaroos,Adelaide,Adelaide,Brent Reilly,3,2,6,0,0,0,1
2005,17,2005-07-24,Docklands,Kangaroos,Adelaide,Adelaide,Mark Ricciuto,13,5,13,3,0,0,1
2005,17,2005-07-24,Docklands,Kangaroos,Adelaide,Adelaide,Ben Rutten,4,3,3,0,0,0,1
2005,17,2005-07-24,Docklands,Kangaroos,Adelaide,Adelaide,Robert Shirley,4,3,12,1,0,1,1
2005,17,2005-07-24,Docklands,Kangaroos,Adelaide,Adelaide,Scott Thompson,9,4,7,1,0,0,4
2005,17,2005-07-24,Docklands,Kangaroos,Adelaide,Adelaide,Jason Torney,7,4,3,0,0,0,2
2005,17,2005-07-24,Docklands,Kangaroos,Adelaide,Adelaide,Nathan van Berlo,4,3,5,1,1,0,2
2005,17,2005-07-24,Docklands,Kangaroos,Adelaide,Adelaide,Scott Welsh,10,5,2,6,1,0,1
2005,17,2005-07-24,Subiaco,Fremantle,Melbourne,Fremantle,Peter Bell,17,4,10,0,0,0,9
2005,17,2005-07-24,Subiaco,Fremantle,Melbourne,Fremantle,Heath Black,24,6,7,0,1,0,5
2005,17,2005-07-24,Subiaco,Fremantle,Melbourne,Fremantle,Josh Carr,14,1,11,1,1,1,6
2005,17,2005-07-24,Subiaco,Fremantle,Melbourne,Fremantle,Troy Cook,7,1,5,0,1,0,8
2005,17,2005-07-24,Subiaco,Fremantle,Melbourne,Fremantle,Ryan Crowley,5,3,1,1,0,0,6
2005,17,2005-07-24,Subiaco,Fremantle,Melbourne,Fremantle,Steven Dodd,4,1,4,0,0,0,6
2005,17,2005-07-24,Subiaco,Fremantle,Melbourne,Fremantle,Antoni Grover,5,2,4,0,0,0,1
2005,17,2005-07-24,Subiaco,Fremantle,Melbourne,Fremantle,Paul Hasleby,18,8,11,2,1,0,4
2005,17,2005-07-24,Subiaco,Fremantle,Melbourne,Fremantle,Des Headland,8,3,3,3,0,0,7
2005,17,2005-07-24,Subiaco,Fremantle,Melbourne,Fremantle,Michael Johnson,2,1,0,0,0,0,1
2005,17,2005-07-24,Subiaco,Fremantle,Melbourne,Fremantle,Justin Longmuir,9,1,2,0,0,15,3
2005,17,2005-07-24,Subiaco,Fremantle,Melbourne,Fremantle,Luke McPharlin,8,5,0,4,2,0,2
2005,17,2005-07-24,Subiaco,Fremantle,Melbourne,Fremantle,Paul Medhurst,5,2,5,0,1,0,3
2005,17,2005-07-24,Subiaco,Fremantle,Melbourne,Fremantle,David Mundy,6,5,8,0,0,2,1
2005,17,2005-07-24,Subiaco,Fremantle,Melbourne,Fremantle,Shane Parker,13,7,1,0,0,0,2
2005,17,2005-07-24,Subiaco,Fremantle,Melbourne,Fremantle,Matthew Pavlich,11,1,4,3,1,0,0
2005,17,2005-07-24,Subiaco,Fremantle,Melbourne,Fremantle,Brett Peake,8,1,1,0,2,0,1
2005,17,2005-07-24,Subiaco,Fremantle,Melbourne,Fremantle,Graham Polak,4,2,0,0,0,4,3
2005,17,2005-07-24,Subiaco,Fremantle,Melbourne,Fremantle,Aaron Sandilands,3,2,6,0,0,30,1
2005,17,2005-07-24,Subiaco,Fremantle,Melbourne,Fremantle,Byron Schammer,16,5,8,1,0,0,5
2005,17,2005-07-24,Subiaco,Fremantle,Melbourne,Fremantle,Scott Thornton,9,3,4,0,0,0,1
2005,17,2005-07-24,Subiaco,Fremantle,Melbourne,Fremantle,James Walker,10,3,0,0,0,0,0
2005,17,2005-07-24,Subiaco,Fremantle,Melbourne,Melbourne,Clint Bizzell,10,4,1,0,0,0,4
2005,17,2005-07-24,Subiaco,Fremantle,Melbourne,Melbourne,Nathan Brown,18,6,5,0,0,0,1
2005,17,2005-07-24,Subiaco,Fremantle,Melbourne,Melbourne,Cameron Bruce,8,4,10,1,0,0,5
2005,17,2005-07-24,Subiaco,Fremantle,Melbourne,Melbourne,Nathan Carroll,3,6,3,0,0,0,1
2005,17,2005-07-24,Subiaco,Fremantle,Melbourne,Melbourne,Aaron Davey,8,1,2,3,1,0,4
2005,17,2005-07-24,Subiaco,Fremantle,Melbourne,Melbourne,Ryan Ferguson,7,5,2,2,0,0,1
2005,17,2005-07-24,Subiaco,Fremantle,Melbourne,Melbourne,Brad Green,17,8,12,1,0,0,6
2005,17,2005-07-24,Subiaco,Fremantle,Melbourne,Melbourne,Ben Holland,13,6,9,0,0,0,5
2005,17,2005-07-24,Subiaco,Fremantle,Melbourne,Melbourne,Chris Johnson,10,7,4,0,0,0,1
2005,17,2005-07-24,Subiaco,Fremantle,Melbourne,Melbourne,Paul Johnson,5,3,3,0,0,5,0
2005,17,2005-07-24,Subiaco,Fremantle,Melbourne,Melbourne,Travis Johnstone,18,4,7,0,1,0,5
2005,17,2005-07-24,Subiaco,Fremantle,Melbourne,Melbourne,James McDonald,6,1,7,0,0,0,5
2005,17,2005-07-24,Subiaco,Fremantle,Melbourne,Melbourne,Brock McLean,9,2,7,1,0,0,4
2005,17,2005-07-24,Subiaco,Fremantle,Melbourne,Melbourne,Brent Moloney,4,1,4,0,1,0,2
2005,17,2005-07-24,Subiaco,Fremantle,Melbourne,Melbourne,David Neitz,7,6,3,2,1,1,1
2005,17,2005-07-24,Subiaco,Fremantle,Melbourne,Melbourne,Phillip Read,10,3,11,0,0,0,8
2005,17,2005-07-24,Subiaco,Fremantle,Melbourne,Melbourne,Jared Rivers,5,4,3,0,0,0,3
2005,17,2005-07-24,Subiaco,Fremantle,Melbourne,Melbourne,Russell Robertson,9,6,4,0,2,0,2
2005,17,2005-07-24,Subiaco,Fremantle,Melbourne,Melbourne,Colin Sylvia,4,1,3,0,0,0,2
2005,17,2005-07-24,Subiaco,Fremantle,Melbourne,Melbourne,Matthew Whelan,7,4,1,0,0,0,1
2005,17,2005-07-24,Subiaco,Fremantle,Melbourne,Melbourne,Jeff White,9,5,5,0,0,22,3
2005,17,2005-07-24,Subiaco,Fremantle,Melbourne,Melbourne,Adem Yze,11,4,2,1,0,0,4
2005,18,2005-07-29,Docklands,Essendon,Geelong,Essendon,Kepler Bradley,5,3,5,0,0,2,1
2005,18,2005-07-29,Docklands,Essendon,Geelong,Essendon,Damian Cupido,5,3,0,0,0,0,4
2005,18,2005-07-29,Docklands,Essendon,Geelong,Essendon,Ricky Dyson,7,0,4,1,0,0,2
2005,18,2005-07-29,Docklands,Essendon,Geelong,Essendon,Dustin Fletcher,15,1,3,0,0,0,2
2005,18,2005-07-29,Docklands,Essendon,Geelong,Essendon,Aaron Henneman,2,2,4,0,0,0,3
2005,18,2005-07-29,Docklands,Essendon,Geelong,Essendon,David Hille,4,0,4,1,1,22,1
2005,18,2005-07-29,Docklands,Essendon,Geelong,Essendon,James Hird,15,7,3,2,0,0,1
2005,18,2005-07-29,Docklands,Essendon,Geelong,Essendon,Jason Johnson,12,6,4,0,2,0,1
2005,18,2005-07-29,Docklands,Essendon,Geelong,Essendon,Mark Johnson,8,2,10,1,0,0,0
2005,18,2005-07-29,Docklands,Essendon,Geelong,Essendon,Matthew Lloyd,12,7,5,3,1,0,0
2005,18,2005-07-29,Docklands,Essendon,Geelong,Essendon,Andrew Lovett,12,6,4,0,1,0,4
2005,18,2005-07-29,Docklands,Essendon,Geelong,Essendon,Nathan Lovett-Murray,15,4,5,0,0,1,5
2005,18,2005-07-29,Docklands,Essendon,Geelong,Essendon,Scott Lucas,17,9,0,6,1,0,4
2005,18,2005-07-29,Docklands,Essendon,Geelong,Essendon,Mark McVeigh,5,4,4,0,0,0,3
2005,18,2005-07-29,Docklands,Essendon,Geelong,Essendon,Justin Murphy,8,6,3,0,0,0,1
2005,18,2005-07-29,Docklands,Essendon,Geelong,Essendon,Damien Peverill,9,7,11,0,0,0,3
2005,18,2005-07-29,Docklands,Essendon,Geelong,Essendon,Ted Richards,2,2,4,1,1,0,1
2005,18,2005-07-29,Docklands,Essendon,Geelong,Essendon,Dean Rioli,7,2,3,0,0,0,0
2005,18,2005-07-29,Docklands,Essendon,Geelong,Essendon,Dean Solomon,7,5,3,0,0,0,0
2005,18,2005-07-29,Docklands,Essendon,Geelong,Essendon,Brent Stanton,14,8,3,1,1,0,2
2005,18,2005-07-29,Docklands,Essendon,Geelong,Essendon,Andrew Welsh,6,2,9,0,0,0,6
2005,18,2005-07-29,Docklands,Essendon,Geelong,Essendon,Jason Winderlich,8,3,2,0,0,0,2
2005,18,2005-07-29,Docklands,Essendon,Geelong,Geelong,Gary Ablett,11,4,6,2,1,0,5
2005,18,2005-07-29,Docklands,Essendon,Geelong,Geelong,Jimmy Bartel,12,4,7,1,0,0,3
2005,18,2005-07-29,Docklands,Essendon,Geelong,Geelong,Shannon Byrnes,9,3,3,0,0,0,4
2005,18,2005-07-29,Docklands,Essendon,Geelong,Geelong,Paul Chapman,14,2,3,1,3,0,3
2005,18,2005-07-29,Docklands,Essendon,Geelong,Geelong,Joel Corey,21,11,15,0,2,0,1
2005,18,2005-07-29,Docklands,Essendon,Geelong,Geelong,Matthew Egan,5,1,7,0,0,0,3
2005,18,2005-07-29,Docklands,Essendon,Geelong,Geelong,Corey Enright,8,5,2,0,0,0,1
2005,18,2005-07-29,Docklands,Essendon,Geelong,Geelong,Josh Hunt,7,2,7,0,0,0,1
2005,18,2005-07-29,Docklands,Essendon,Geelong,Geelong,Steve Johnson,5,3,1,1,1,1,1
2005,18,2005-07-29,Docklands,Essendon,Geelong,Geelong,James Kelly,10,4,5,2,0,0,3
2005,18,2005-07-29,Docklands,Essendon,Geelong,Geelong,Steven King,7,3,7,0,0,30,2
2005,18,2005-07-29,Docklands,Essendon,Geelong,Geelong,Kent Kingsley,9,4,2,3,2,0,0
2005,18,2005-07-29,Docklands,Essendon,Geelong,Geelong,Paul Koulouriotis,10,2,7,0,1,0,5
2005,18,2005-07-29,Docklands,Essendon,Geelong,Geelong,Cameron Ling,13,9,14,0,1,0,4
2005,18,2005-07-29,Docklands,Essendon,Geelong,Geelong,Darren Milburn,13,6,7,1,0,2,6
2005,18,2005-07-29,Docklands,Essendon,Geelong,Geelong,Cameron Mooney,10,5,2,0,0,4,0
2005,18,2005-07-29,Docklands,Essendon,Geelong,Geelong,Brad Ottens,4,5,6,1,0,5,1
2005,18,2005-07-29,Docklands,Essendon,Geelong,Geelong,Henry Playfair,2,3,2,0,1,1,3
2005,18,2005-07-29,Docklands,Essendon,Geelong,Geelong,Peter Riccardi,8,3,4,1,0,0,1
2005,18,2005-07-29,Docklands,Essendon,Geelong,Geelong,Max Rooke,4,3,6,0,0,0,1
2005,18,2005-07-29,Docklands,Essendon,Geelong,Geelong,Matthew Scarlett,12,5,1,0,0,0,0
2005,18,2005-07-29,Docklands,Essendon,Geelong,Geelong,Kane Tenace,8,2,12,0,0,0,1
2005,18,2005-07-30,M.C.G.,Melbourne,St Kilda,Melbourne,Clint Bizzell,10,2,3,0,0,0,1
2005,18,2005-07-30,M.C.G.,Melbourne,St Kilda,Melbourne,Cameron Bruce,5,1,1,0,0,0,2
2005,18,2005-07-30,M.C.G.,Melbourne,St Kilda,Melbourne,Nathan Carroll,3,4,4,0,0,0,1
2005,18,2005-07-30,M.C.G.,Melbourne,St Kilda,Melbourne,Aaron Davey,4,1,6,0,1,0,3
2005,18,2005-07-30,M.C.G.,Melbourne,St Kilda,Melbourne,Ryan Ferguson,4,6,6,0,0,0,2
2005,18,2005-07-30,M.C.G.,Melbourne,St Kilda,Melbourne,Brad Green,8,3,6,0,1,0,6
2005,18,2005-07-30,M.C.G.,Melbourne,St Kilda,Melbourne,Ben Holland,2,2,4,0,0,3,1
2005,18,2005-07-30,M.C.G.,Melbourne,St Kilda,Melbourne,Chris Johnson,7,1,5,0,0,0,4
2005,18,2005-07-30,M.C.G.,Melbourne,St Kilda,Melbourne,Paul Johnson,3,1,2,0,0,4,1
2005,18,2005-07-30,M.C.G.,Melbourne,St Kilda,Melbourne,Travis Johnstone,12,2,5,0,0,0,3
2005,18,2005-07-30,M.C.G.,Melbourne,St Kilda,Melbourne,James McDonald,6,0,7,0,0,0,1
2005,18,2005-07-30,M.C.G.,Melbourne,St Kilda,Melbourne,Brock McLean,8,2,2,0,0,0,3
2005,18,2005-07-30,M.C.G.,Melbourne,St Kilda,Melbourne,Brad Miller,10,6,6,2,0,0,3
2005,18,2005-07-30,M.C.G.,Melbourne,St Kilda,Melbourne,Brent Moloney,16,2,9,1,2,0,4
2005,18,2005-07-30,M.C.G.,Melbourne,St Kilda,Melbourne,David Neitz,5,2,1,0,2,0,2
2005,18,2005-07-30,M.C.G.,Melbourne,St Kilda,Melbourne,Phillip Read,12,5,8,0,1,1,2
2005,18,2005-07-30,M.C.G.,Melbourne,St Kilda,Melbourne,Russell Robertson,7,4,2,6,0,0,1
2005,18,2005-07-30,M.C.G.,Melbourne,St Kilda,Melbourne,Daniel Ward,7,2,2,0,0,0,2
2005,18,2005-07-30,M.C.G.,Melbourne,St Kilda,Melbourne,Paul Wheatley,12,3,4,1,0,0,1
2005,18,2005-07-30,M.C.G.,Melbourne,St Kilda,Melbourne,Matthew Whelan,6,3,6,0,0,0,2
2005,18,2005-07-30,M.C.G.,Melbourne,St Kilda,Melbourne,Jeff White,9,10,14,0,0,32,3
2005,18,2005-07-30,M.C.G.,Melbourne,St Kilda,Melbourne,Adem Yze,12,1,2,3,1,0,3
2005,18,2005-07-30,M.C.G.,Melbourne,St Kilda,St Kilda,Steven Baker,12,6,4,0,0,0,2
2005,18,2005-07-30,M.C.G.,Melbourne,St Kilda,St Kilda,Luke Ball,16,4,4,1,1,0,6
2005,18,2005-07-30,M.C.G.,Melbourne,St Kilda,St Kilda,Jason Blake,7,2,9,0,0,10,0
2005,18,2005-07-30,M.C.G.,Melbourne,St Kilda,St Kilda,Nick Dal Santo,15,4,10,5,0,0,5
2005,18,2005-07-30,M.C.G.,Melbourne,St Kilda,St Kilda,Sam Fisher,10,3,3,0,0,1,0
2005,18,2005-07-30,M.C.G.,Melbourne,St Kilda,St Kilda,Fraser Gehrig,9,8,1,7,1,1,0
2005,18,2005-07-30,M.C.G.,Melbourne,St Kilda,St Kilda,Brent Guerra,9,2,3,2,0,0,4
2005,18,2005-07-30,M.C.G.,Melbourne,St Kilda,St Kilda,Aaron Hamill,6,1,11,1,0,0,7
2005,18,2005-07-30,M.C.G.,Melbourne,St Kilda,St Kilda,Robert Harvey,12,3,11,0,0,0,3
2005,18,2005-07-30,M.C.G.,Melbourne,St Kilda,St Kilda,Lenny Hayes,11,9,15,1,1,0,4
2005,18,2005-07-30,M.C.G.,Melbourne,St Kilda,St Kilda,Max Hudghton,3,1,4,0,0,0,1
2005,18,2005-07-30,M.C.G.,Melbourne,St Kilda,St Kilda,Austinn Jones,13,4,5,0,1,0,4
2005,18,2005-07-30,M.C.G.,Melbourne,St Kilda,St Kilda,Justin Koschitzke,9,7,9,2,0,13,5
2005,18,2005-07-30,M.C.G.,Melbourne,St Kilda,St Kilda,Matt Maguire,7,3,6,1,0,0,0
2005,18,2005-07-30,M.C.G.,Melbourne,St Kilda,St Kilda,Stephen Milne,7,5,2,1,1,0,2
2005,18,2005-07-30,M.C.G.,Melbourne,St Kilda,St Kilda,Leigh Montagna,12,5,5,3,0,0,2
2005,18,2005-07-30,M.C.G.,Melbourne,St Kilda,St Kilda,Justin Peckett,9,3,3,0,0,0,2
2005,18,2005-07-30,M.C.G.,Melbourne,St Kilda,St Kilda,Luke Penny,6,5,2,0,0,1,2
2005,18,2005-07-30,M.C.G.,Melbourne,St Kilda,St Kilda,Stephen Powell,10,4,16,1,1,0,3
2005,18,2005-07-30,M.C.G.,Melbourne,St Kilda,St Kilda,Nick Riewoldt,16,10,4,1,2,0,2
2005,18,2005-07-30,M.C.G.,Melbourne,St Kilda,St Kilda,Andrew Thompson,11,3,11,0,1,0,2
2005,18,2005-07-30,M.C.G.,Melbourne,St Kilda,St Kilda,Brett Voss,7,4,7,1,0,0,3
2005,18,2005-07-30,Subiaco,West Coast,Hawthorn,West Coast,Drew Banfield,9,1,6,0,0,0,2
2005,18,2005-07-30,Subiaco,West Coast,Hawthorn,West Coast,Michael Braun,13,9,9,0,1,0,2
2005,18,2005-07-30,Subiaco,West Coast,Hawthorn,West Coast,Daniel Chick,5,4,5,0,0,0,1
2005,18,2005-07-30,Subiaco,West Coast,Hawthorn,West Coast,Ben Cousins,23,10,6,1,2,0,1
2005,18,2005-07-30,Subiaco,West Coast,Hawthorn,West Coast,Dean Cox,11,6,7,2,0,23,1
2005,18,2005-07-30,Subiaco,West Coast,Hawthorn,West Coast,Chad Fletcher,9,1,5,0,1,0,0
2005,18,2005-07-30,Subiaco,West Coast,Hawthorn,West Coast,Darren Glass,13,8,3,0,0,0,2
2005,18,2005-07-30,Subiaco,West Coast,Hawthorn,West Coast,Adam Hunter,6,4,2,0,0,0,3
2005,18,2005-07-30,Subiaco,West Coast,Hawthorn,West Coast,Brett Jones,9,9,5,0,0,0,3
2005,18,2005-07-30,Subiaco,West Coast,Hawthorn,West Coast,Chris Judd,13,6,13,0,1,0,2
2005,18,2005-07-30,Subiaco,West Coast,Hawthorn,West Coast,Daniel Kerr,7,5,20,0,2,1,4
2005,18,2005-07-30,Subiaco,West Coast,Hawthorn,West Coast,Quinten Lynch,3,3,4,0,2,0,1
2005,18,2005-07-30,Subiaco,West Coast,Hawthorn,West Coast,Phillip Matera,8,6,1,3,3,0,1
2005,18,2005-07-30,Subiaco,West Coast,Hawthorn,West Coast,Andrew McDougall,5,3,2,1,0,0,2
2005,18,2005-07-30,Subiaco,West Coast,Hawthorn,West Coast,Mark Nicoski,10,3,4,2,1,0,2
2005,18,2005-07-30,Subiaco,West Coast,Hawthorn,West Coast,Matt Rosa,7,3,4,0,1,0,1
2005,18,2005-07-30,Subiaco,West Coast,Hawthorn,West Coast,Ashley Sampi,7,3,0,1,3,0,1
2005,18,2005-07-30,Subiaco,West Coast,Hawthorn,West Coast,Mark Seaby,3,3,2,0,2,9,1
2005,18,2005-07-30,Subiaco,West Coast,Hawthorn,West Coast,Adam Selwood,8,3,5,1,0,0,3
2005,18,2005-07-30,Subiaco,West Coast,Hawthorn,West Coast,Brent Staker,14,7,1,1,2,0,1
2005,18,2005-07-30,Subiaco,West Coast,Hawthorn,West Coast,Tyson Stenglein,11,7,8,0,0,0,2
2005,18,2005-07-30,Subiaco,West Coast,Hawthorn,West Coast,David Wirrpanda,9,5,3,0,0,0,0
2005,18,2005-07-30,Subiaco,West Coast,Hawthorn,Hawthorn,Tim Clarke,6,3,12,0,0,0,2
2005,18,2005-07-30,Subiaco,West Coast,Hawthorn,Hawthorn,Shane Crawford,13,4,12,0,0,1,2
2005,18,2005-07-30,Subiaco,West Coast,Hawthorn,Hawthorn,Trent Croad,5,5,6,0,0,1,0
2005,18,2005-07-30,Subiaco,West Coast,Hawthorn,Hawthorn,Ben Dixon,3,1,1,1,0,0,2
2005,18,2005-07-30,Subiaco,West Coast,Hawthorn,Hawthorn,Peter Everitt,5,3,2,0,0,16,1
2005,18,2005-07-30,Subiaco,West Coast,Hawthorn,Hawthorn,Lance Franklin,4,2,7,1,0,0,5
2005,18,2005-07-30,Subiaco,West Coast,Hawthorn,Hawthorn,Jonathan Hay,2,8,9,0,0,0,2
2005,18,2005-07-30,Subiaco,West Coast,Hawthorn,Hawthorn,Luke Hodge,16,2,19,0,1,1,3
2005,18,2005-07-30,Subiaco,West Coast,Hawthorn,Hawthorn,Danny Jacobs,15,12,11,1,0,0,1
2005,18,2005-07-30,Subiaco,West Coast,Hawthorn,Hawthorn,Rick Ladson,8,2,3,0,0,0,0
2005,18,2005-07-30,Subiaco,West Coast,Hawthorn,Hawthorn,Angelo Lekkas,7,2,5,0,1,1,2
2005,18,2005-07-30,Subiaco,West Coast,Hawthorn,Hawthorn,Jordan Lewis,9,5,12,0,0,0,2
2005,18,2005-07-30,Subiaco,West Coast,Hawthorn,Hawthorn,Nathan Lonie,11,3,9,1,0,0,3
2005,18,2005-07-30,Subiaco,West Coast,Hawthorn,Hawthorn,Michael Osborne,6,1,1,0,0,0,4
2005,18,2005-07-30,Subiaco,West Coast,Hawthorn,Hawthorn,Nick Ries,1,2,7,0,0,0,2
2005,18,2005-07-30,Subiaco,West Coast,Hawthorn,Hawthorn,Jarryd Roughead,8,9,11,0,0,0,1
2005,18,2005-07-30,Subiaco,West Coast,Hawthorn,Hawthorn,Brad Sewell,3,3,5,0,0,0,3
2005,18,2005-07-30,Subiaco,West Coast,Hawthorn,Hawthorn,Joel Smith,15,5,13,0,1,0,1
2005,18,2005-07-30,Subiaco,West Coast,Hawthorn,Hawthorn,Simon Taylor,2,1,4,0,1,10,1
2005,18,2005-07-30,Subiaco,West Coast,Hawthorn,Hawthorn,Richard Vandenberg,6,2,13,0,1,0,6
2005,18,2005-07-30,Subiaco,West Coast,Hawthorn,Hawthorn,Mark Williams,5,4,2,2,1,0,0
2005,18,2005-07-30,Subiaco,West Coast,Hawthorn,Hawthorn,Clinton Young,7,6,2,1,1,0,0
2005,18,2005-07-30,Docklands,Western Bulldogs,Brisbane Lions,Western Bulldogs,Matthew Boyd,11,6,14,0,0,0,5
2005,18,2005-07-30,Docklands,Western Bulldogs,Brisbane Lions,Western Bulldogs,Adam Cooney,8,0,12,0,1,0,2
2005,18,2005-07-30,Docklands,Western Bulldogs,Brisbane Lions,Western Bulldogs,Daniel Cross,8,5,20,0,0,3,4
2005,18,2005-07-30,Docklands,Western Bulldogs,Brisbane Lions,Western Bulldogs,Nathan Eagleton,14,4,7,2,0,0,1
2005,18,2005-07-30,Docklands,Western Bulldogs,Brisbane Lions,Western Bulldogs,Daniel Giansiracusa,19,7,8,2,2,0,1
2005,18,2005-07-30,Docklands,Western Bulldogs,Brisbane Lions,Western Bulldogs,Lindsay Gilbee,9,2,8,0,0,0,0
2005,18,2005-07-30,Docklands,Western Bulldogs,Brisbane Lions,Western Bulldogs,Chris Grant,7,4,2,4,0,0,0
2005,18,2005-07-30,Docklands,Western Bulldogs,Brisbane Lions,Western Bulldogs,Ryan Griffen,8,3,5,0,1,0,3
2005,18,2005-07-30,Docklands,Western Bulldogs,Brisbane Lions,Western Bulldogs,Mitch Hahn,15,2,7,1,3,0,3
2005,18,2005-07-30,Docklands,Western Bulldogs,Brisbane Lions,Western Bulldogs,Ryan Hargrave,9,4,4,1,0,0,3
2005,18,2005-07-30,Docklands,Western Bulldogs,Brisbane Lions,Western Bulldogs,Brad Johnson,22,12,5,5,0,0,1
2005,18,2005-07-30,Docklands,Western Bulldogs,Brisbane Lions,Western Bulldogs,Brian Lake,7,4,9,0,0,0,2
2005,18,2005-07-30,Docklands,Western Bulldogs,Brisbane Lions,Western Bulldogs,Jordan McMahon,10,3,8,0,0,0,3
2005,18,2005-07-30,Docklands,Western Bulldogs,Brisbane Lions,Western Bulldogs,Will Minson,7,4,5,1,1,23,4
2005,18,2005-07-30,Docklands,Western Bulldogs,Brisbane Lions,Western Bulldogs,Dale Morris,2,3,3,0,0,0,2
2005,18,2005-07-30,Docklands,Western Bulldogs,Brisbane Lions,Western Bulldogs,Robert Murphy,5,3,1,0,0,0,0
2005,18,2005-07-30,Docklands,Western Bulldogs,Brisbane Lions,Western Bulldogs,Farren Ray,5,3,6,1,1,0,2
2005,18,2005-07-30,Docklands,Western Bulldogs,Brisbane Lions,Western Bulldogs,Matthew Robbins,7,5,5,5,0,0,1
2005,18,2005-07-30,Docklands,Western Bulldogs,Brisbane Lions,Western Bulldogs,Wayde Skipper,4,2,0,1,1,1,2
2005,18,2005-07-30,Docklands,Western Bulldogs,Brisbane Lions,Western Bulldogs,Rohan Smith,5,2,7,0,1,0,2
2005,18,2005-07-30,Docklands,Western Bulldogs,Brisbane Lions,Western Bulldogs,Peter Street,3,3,4,0,0,10,1
2005,18,2005-07-30,Docklands,Western Bulldogs,Brisbane Lions,Western Bulldogs,Scott West,12,6,19,0,0,0,6
2005,18,2005-07-30,Docklands,Western Bulldogs,Brisbane Lions,Brisbane Lions,Jed Adcock,8,5,6,1,0,0,4
2005,18,2005-07-30,Docklands,Western Bulldogs,Brisbane Lions,Brisbane Lions,Simon Black,13,6,19,3,1,0,2
2005,18,2005-07-30,Docklands,Western Bulldogs,Brisbane Lions,Brisbane Lions,Daniel Bradshaw,3,3,3,1,1,1,2
2005,18,2005-07-30,Docklands,Western Bulldogs,Brisbane Lions,Brisbane Lions,Jonathan Brown,10,6,5,0,2,1,1
2005,18,2005-07-30,Docklands,Western Bulldogs,Brisbane Lions,Brisbane Lions,Jamie Charman,7,5,4,1,0,14,4
2005,18,2005-07-30,Docklands,Western Bulldogs,Brisbane Lions,Brisbane Lions,Anthony Corrie,7,1,4,1,1,0,2
2005,18,2005-07-30,Docklands,Western Bulldogs,Brisbane Lions,Brisbane Lions,Josh Drummond,12,5,6,0,0,0,1
2005,18,2005-07-30,Docklands,Western Bulldogs,Brisbane Lions,Brisbane Lions,Chris Johnson,8,2,4,0,1,0,1
2005,18,2005-07-30,Docklands,Western Bulldogs,Brisbane Lions,Brisbane Lions,Clark Keating,1,1,0,0,0,5,0
2005,18,2005-07-30,Docklands,Western Bulldogs,Brisbane Lions,Brisbane Lions,Nigel Lappin,16,3,15,1,1,0,5
2005,18,2005-07-30,Docklands,Western Bulldogs,Brisbane Lions,Brisbane Lions,Tom Logan,3,1,2,0,1,0,0
2005,18,2005-07-30,Docklands,Western Bulldogs,Brisbane Lions,Brisbane Lions,Joel Macdonald,6,3,6,0,0,0,0
2005,18,2005-07-30,Docklands,Western Bulldogs,Brisbane Lions,Brisbane Lions,Ashley McGrath,12,4,3,2,1,0,1
2005,18,2005-07-30,Docklands,Western Bulldogs,Brisbane Lions,Brisbane Lions,Mal Michael,6,4,4,0,0,0,1
2005,18,2005-07-30,Docklands,Western Bulldogs,Brisbane Lions,Brisbane Lions,Tim Notting,6,7,7,2,1,0,3
2005,18,2005-07-30,Docklands,Western Bulldogs,Brisbane Lions,Brisbane Lions,Luke Power,14,4,9,0,0,0,1
2005,18,2005-07-30,Docklands,Western Bulldogs,Brisbane Lions,Brisbane Lions,Michael Rischitelli,4,1,0,2,0,0,3
2005,18,2005-07-30,Docklands,Western Bulldogs,Brisbane Lions,Brisbane Lions,Brad Scott,8,4,3,0,0,0,2
2005,18,2005-07-30,Docklands,Western Bulldogs,Brisbane Lions,Brisbane Lions,Troy Selwood,9,3,4,0,0,0,4
2005,18,2005-07-30,Docklands,Western Bulldogs,Brisbane Lions,Brisbane Lions,Justin Sherman,10,5,7,1,0,0,0
2005,18,2005-07-30,Docklands,Western Bulldogs,Brisbane Lions,Brisbane Lions,Michael Voss,12,4,7,1,0,0,2
2005,18,2005-07-30,Docklands,Western Bulldogs,Brisbane Lions,Brisbane Lions,Darryl White,6,4,2,2,1,1,1
2005,18,2005-07-30,Football Park,Adelaide,Sydney,Adelaide,Nathan Bassett,9,4,4,0,0,0,3
2005,18,2005-07-30,Football Park,Adelaide,Sydney,Adelaide,Rhett Biglands,3,3,4,0,0,16,4
2005,18,2005-07-30,Football Park,Adelaide,Sydney,Adelaide,Nathan Bock,17,8,3,0,0,0,4
2005,18,2005-07-30,Football Park,Adelaide,Sydney,Adelaide,Brett Burton,13,4,3,1,0,1,1
2005,18,2005-07-30,Football Park,Adelaide,Sydney,Adelaide,Michael Doughty,8,2,6,0,0,0,3
2005,18,2005-07-30,Football Park,Adelaide,Sydney,Adelaide,Tyson Edwards,15,7,6,0,0,0,4
2005,18,2005-07-30,Football Park,Adelaide,Sydney,Adelaide,Simon Goodwin,10,3,5,1,0,0,2
2005,18,2005-07-30,Football Park,Adelaide,Sydney,Adelaide,Ben Hart,17,3,2,0,0,0,1
2005,18,2005-07-30,Football Park,Adelaide,Sydney,Adelaide,Trent Hentschel,4,2,4,0,0,0,3
2005,18,2005-07-30,Football Park,Adelaide,Sydney,Adelaide,Ben Hudson,7,2,1,0,0,17,0
2005,18,2005-07-30,Football Park,Adelaide,Sydney,Adelaide,Graham Johncock,11,3,4,1,1,0,1
2005,18,2005-07-30,Football Park,Adelaide,Sydney,Adelaide,Martin Mattner,8,4,4,0,0,3,10
2005,18,2005-07-30,Football Park,Adelaide,Sydney,Adelaide,Ken McGregor,4,1,2,1,0,0,4
2005,18,2005-07-30,Football Park,Adelaide,Sydney,Adelaide,Andrew McLeod,14,3,6,0,0,0,3
2005,18,2005-07-30,Football Park,Adelaide,Sydney,Adelaide,Ian Perrie,4,3,7,0,0,1,4
2005,18,2005-07-30,Football Park,Adelaide,Sydney,Adelaide,Brent Reilly,3,0,3,0,0,0,4
2005,18,2005-07-30,Football Park,Adelaide,Sydney,Adelaide,Mark Ricciuto,6,1,3,1,0,0,4
2005,18,2005-07-30,Football Park,Adelaide,Sydney,Adelaide,Ben Rutten,4,5,4,0,0,0,1
2005,18,2005-07-30,Football Park,Adelaide,Sydney,Adelaide,Robert Shirley,3,2,7,0,0,0,8
2005,18,2005-07-30,Football Park,Adelaide,Sydney,Adelaide,Scott Thompson,12,4,4,0,0,0,11
2005,18,2005-07-30,Football Park,Adelaide,Sydney,Adelaide,Nathan van Berlo,0,0,1,0,0,0,2
2005,18,2005-07-30,Football Park,Adelaide,Sydney,Adelaide,Scott Welsh,10,6,5,3,2,0,5
2005,18,2005-07-30,Football Park,Adelaide,Sydney,Sydney,Luke Ablett,10,0,2,0,1,1,4
2005,18,2005-07-30,Football Park,Adelaide,Sydney,Sydney,Jason Ball,11,5,4,0,0,21,5
2005,18,2005-07-30,Football Park,Adelaide,Sydney,Sydney,Leo Barry,9,4,3,0,0,0,2
2005,18,2005-07-30,Football Park,Adelaide,Sydney,Sydney,Craig Bolton,6,1,3,0,0,1,1
2005,18,2005-07-30,Football Park,Adelaide,Sydney,Sydney,Jude Bolton,10,3,7,0,0,0,8
2005,18,2005-07-30,Football Park,Adelaide,Sydney,Sydney,Amon Buchanan,9,4,10,1,1,0,4
2005,18,2005-07-30,Football Park,Adelaide,Sydney,Sydney,Jared Crouch,4,0,8,0,0,0,8
2005,18,2005-07-30,Football Park,Adelaide,Sydney,Sydney,Nick Davis,13,8,3,1,1,0,1
2005,18,2005-07-30,Football Park,Adelaide,Sydney,Sydney,Sean Dempster,3,1,1,0,0,0,4
2005,18,2005-07-30,Football Park,Adelaide,Sydney,Sydney,Adam Goodes,23,7,10,1,0,5,5
2005,18,2005-07-30,Football Park,Adelaide,Sydney,Sydney,Barry Hall,12,5,4,0,1,0,1
2005,18,2005-07-30,Football Park,Adelaide,Sydney,Sydney,Darren Jolly,2,0,3,0,0,11,2
2005,18,2005-07-30,Football Park,Adelaide,Sydney,Sydney,Tadhg Kennelly,9,5,3,0,1,0,2
2005,18,2005-07-30,Football Park,Adelaide,Sydney,Sydney,Brett Kirk,16,5,11,0,1,0,5
2005,18,2005-07-30,Football Park,Adelaide,Sydney,Sydney,Ben Mathews,10,2,10,1,0,0,5
2005,18,2005-07-30,Football Park,Adelaide,Sydney,Sydney,Jarred Moore,2,0,1,0,0,0,1
2005,18,2005-07-30,Football Park,Adelaide,Sydney,Sydney,Ryan OKeefe,14,9,7,0,2,0,2
2005,18,2005-07-30,Football Park,Adelaide,Sydney,Sydney,Michael OLoughlin,11,3,3,2,1,0,0
2005,18,2005-07-30,Football Park,Adelaide,Sydney,Sydney,Lewis Roberts-Thomson,2,2,4,0,0,0,2
2005,18,2005-07-30,Football Park,Adelaide,Sydney,Sydney,Adam Schneider,2,1,2,0,0,0,1
2005,18,2005-07-30,Football Park,Adelaide,Sydney,Sydney,Luke Vogels,5,3,4,0,0,0,6
2005,18,2005-07-30,Football Park,Adelaide,Sydney,Sydney,Paul Williams,8,3,5,0,0,0,3
2005,18,2005-07-31,Manuka Oval,Kangaroos,Port Adelaide,Kangaroos,Glenn Archer,15,4,4,1,0,1,4
2005,18,2005-07-31,Manuka Oval,Kangaroos,Port Adelaide,Kangaroos,John Baird,5,4,0,1,0,0,0
2005,18,2005-07-31,Manuka Oval,Kangaroos,Port Adelaide,Kangaroos,Leigh Brown,6,5,3,0,0,1,2
2005,18,2005-07-31,Manuka Oval,Kangaroos,Port Adelaide,Kangaroos,Leigh Colbert,14,10,2,0,0,0,4
2005,18,2005-07-31,Manuka Oval,Kangaroos,Port Adelaide,Kangaroos,Michael Firrito,9,4,2,1,1,3,4
2005,18,2005-07-31,Manuka Oval,Kangaroos,Port Adelaide,Kangaroos,Shannon Grant,8,4,8,1,0,0,0
2005,18,2005-07-31,Manuka Oval,Kangaroos,Port Adelaide,Kangaroos,David Hale,4,3,2,0,0,5,2
2005,18,2005-07-31,Manuka Oval,Kangaroos,Port Adelaide,Kangaroos,Leigh Harding,2,2,4,1,0,0,2
2005,18,2005-07-31,Manuka Oval,Kangaroos,Port Adelaide,Kangaroos,Daniel Harris,6,4,12,0,0,0,4
2005,18,2005-07-31,Manuka Oval,Kangaroos,Port Adelaide,Kangaroos,Brent Harvey,10,3,3,0,0,0,1
2005,18,2005-07-31,Manuka Oval,Kangaroos,Port Adelaide,Kangaroos,Corey Jones,16,12,5,5,1,0,1
2005,18,2005-07-31,Manuka Oval,Kangaroos,Port Adelaide,Kangaroos,Troy Makepeace,8,2,4,1,0,0,2
2005,18,2005-07-31,Manuka Oval,Kangaroos,Port Adelaide,Kangaroos,Drew Petrie,10,5,3,1,0,12,5
2005,18,2005-07-31,Manuka Oval,Kangaroos,Port Adelaide,Kangaroos,Daniel Pratt,4,5,3,0,0,0,1
2005,18,2005-07-31,Manuka Oval,Kangaroos,Port Adelaide,Kangaroos,Brady Rawlings,8,2,8,0,0,0,5
2005,18,2005-07-31,Manuka Oval,Kangaroos,Port Adelaide,Kangaroos,Saverio Rocca,10,9,0,2,2,2,0
2005,18,2005-07-31,Manuka Oval,Kangaroos,Port Adelaide,Kangaroos,Jess Sinclair,15,7,8,0,0,0,0
2005,18,2005-07-31,Manuka Oval,Kangaroos,Port Adelaide,Kangaroos,Michael Stevens,8,3,3,0,0,0,1
2005,18,2005-07-31,Manuka Oval,Kangaroos,Port Adelaide,Kangaroos,Nathan Thompson,10,9,3,0,3,0,0
2005,18,2005-07-31,Manuka Oval,Kangaroos,Port Adelaide,Kangaroos,David Trotter,4,1,0,0,1,0,0
2005,18,2005-07-31,Manuka Oval,Kangaroos,Port Adelaide,Kangaroos,Shannon Watt,6,5,0,0,0,0,0
2005,18,2005-07-31,Manuka Oval,Kangaroos,Port Adelaide,Kangaroos,Daniel Wells,10,4,11,1,1,0,3
2005,18,2005-07-31,Manuka Oval,Kangaroos,Port Adelaide,Port Adelaide,Matthew Bishop,7,4,3,0,0,0,0
2005,18,2005-07-31,Manuka Oval,Kangaroos,Port Adelaide,Port Adelaide,Dean Brogan,2,0,1,1,0,13,3
2005,18,2005-07-31,Manuka Oval,Kangaroos,Port Adelaide,Port Adelaide,Peter Burgoyne,16,1,6,0,0,0,0
2005,18,2005-07-31,Manuka Oval,Kangaroos,Port Adelaide,Port Adelaide,Shaun Burgoyne,11,5,12,0,0,0,3
2005,18,2005-07-31,Manuka Oval,Kangaroos,Port Adelaide,Port Adelaide,Domenic Cassisi,10,5,7,0,1,0,1
2005,18,2005-07-31,Manuka Oval,Kangaroos,Port Adelaide,Port Adelaide,Chad Cornes,16,6,5,0,0,1,0
2005,18,2005-07-31,Manuka Oval,Kangaroos,Port Adelaide,Port Adelaide,Kane Cornes,18,6,5,2,0,0,1
2005,18,2005-07-31,Manuka Oval,Kangaroos,Port Adelaide,Port Adelaide,Stuart Dew,12,4,4,0,1,0,2
2005,18,2005-07-31,Manuka Oval,Kangaroos,Port Adelaide,Port Adelaide,Josh Francou,8,2,8,0,1,0,1
2005,18,2005-07-31,Manuka Oval,Kangaroos,Port Adelaide,Port Adelaide,Stephen Gilham,1,0,0,0,0,0,0
2005,18,2005-07-31,Manuka Oval,Kangaroos,Port Adelaide,Port Adelaide,Roger James,10,5,4,0,1,0,3
2005,18,2005-07-31,Manuka Oval,Kangaroos,Port Adelaide,Port Adelaide,Adam Kingsley,8,2,8,1,0,0,1
2005,18,2005-07-31,Manuka Oval,Kangaroos,Port Adelaide,Port Adelaide,Brendon Lade,5,6,8,1,0,23,2
2005,18,2005-07-31,Manuka Oval,Kangaroos,Port Adelaide,Port Adelaide,Josh Mahoney,4,2,10,1,0,0,0
2005,18,2005-07-31,Manuka Oval,Kangaroos,Port Adelaide,Port Adelaide,Brett Montgomery,8,4,10,0,0,1,4
2005,18,2005-07-31,Manuka Oval,Kangaroos,Port Adelaide,Port Adelaide,Danyle Pearce,7,3,3,2,0,0,2
2005,18,2005-07-31,Manuka Oval,Kangaroos,Port Adelaide,Port Adelaide,Michael Pettigrew,6,4,4,2,0,1,4
2005,18,2005-07-31,Manuka Oval,Kangaroos,Port Adelaide,Port Adelaide,Warren Tredrea,11,8,3,4,1,0,0
2005,18,2005-07-31,Manuka Oval,Kangaroos,Port Adelaide,Port Adelaide,Darryl Wakelin,3,3,5,0,0,0,0
2005,18,2005-07-31,Manuka Oval,Kangaroos,Port Adelaide,Port Adelaide,Gavin Wanganeen,10,1,9,0,1,0,0
2005,18,2005-07-31,Manuka Oval,Kangaroos,Port Adelaide,Port Adelaide,Damon White,6,5,3,0,1,0,0
2005,18,2005-07-31,Manuka Oval,Kangaroos,Port Adelaide,Port Adelaide,Michael Wilson,10,8,5,0,1,0,1
2005,18,2005-07-31,Docklands,Carlton,Richmond,Carlton,Adam Bentick,11,4,7,0,0,0,8
2005,18,2005-07-31,Docklands,Carlton,Richmond,Carlton,Eddie Betts,4,3,3,0,1,0,0
2005,18,2005-07-31,Docklands,Carlton,Richmond,Carlton,Chris Bryan,1,1,1,1,0,6,5
2005,18,2005-07-31,Docklands,Carlton,Richmond,Carlton,Scott Camporeale,20,6,4,0,0,0,2
2005,18,2005-07-31,Docklands,Carlton,Richmond,Carlton,Andrew Carrazzo,15,7,7,0,0,1,5
2005,18,2005-07-31,Docklands,Carlton,Richmond,Carlton,Callum Chambers,6,4,5,0,0,0,2
2005,18,2005-07-31,Docklands,Carlton,Richmond,Carlton,Brendan Fevola,7,4,1,4,1,0,1
2005,18,2005-07-31,Docklands,Carlton,Richmond,Carlton,Brad Fisher,10,6,2,3,1,0,2
2005,18,2005-07-31,Docklands,Carlton,Richmond,Carlton,Barnaby French,0,2,6,0,0,16,0
2005,18,2005-07-31,Docklands,Carlton,Richmond,Carlton,Anthony Koutoufides,17,8,14,2,0,0,7
2005,18,2005-07-31,Docklands,Carlton,Richmond,Carlton,Matthew Lappin,4,3,2,0,0,0,2
2005,18,2005-07-31,Docklands,Carlton,Richmond,Carlton,Luke Livingston,3,3,3,0,0,0,4
2005,18,2005-07-31,Docklands,Carlton,Richmond,Carlton,Troy Longmuir,3,1,0,2,0,0,0
2005,18,2005-07-31,Docklands,Carlton,Richmond,Carlton,Cory McGrath,10,5,2,0,0,0,2
2005,18,2005-07-31,Docklands,Carlton,Richmond,Carlton,Digby Morrell,7,4,2,2,0,1,2
2005,18,2005-07-31,Docklands,Carlton,Richmond,Carlton,Ian Prendergast,1,1,2,0,0,4,0
2005,18,2005-07-31,Docklands,Carlton,Richmond,Carlton,Heath Scotland,16,9,12,1,2,0,5
2005,18,2005-07-31,Docklands,Carlton,Richmond,Carlton,Kade Simpson,11,5,7,0,2,0,6
2005,18,2005-07-31,Docklands,Carlton,Richmond,Carlton,Nick Stevens,14,3,9,4,0,0,2
2005,18,2005-07-31,Docklands,Carlton,Richmond,Carlton,David Teague,7,5,4,0,0,0,4
2005,18,2005-07-31,Docklands,Carlton,Richmond,Carlton,Jarrad Waite,11,8,3,3,0,1,0
2005,18,2005-07-31,Docklands,Carlton,Richmond,Carlton,Lance Whitnall,18,10,4,0,0,2,0
2005,18,2005-07-31,Docklands,Carlton,Richmond,Richmond,Joel Bowden,11,0,7,0,0,0,2
2005,18,2005-07-31,Docklands,Carlton,Richmond,Richmond,Wayne Campbell,5,4,15,0,0,0,2
2005,18,2005-07-31,Docklands,Carlton,Richmond,Richmond,Mark Coughlan,8,3,9,2,0,0,4
2005,18,2005-07-31,Docklands,Carlton,Richmond,Richmond,Brett Deledio,7,3,11,2,0,0,2
2005,18,2005-07-31,Docklands,Carlton,Richmond,Richmond,Mark Graham,7,4,7,0,0,0,0
2005,18,2005-07-31,Docklands,Carlton,Richmond,Richmond,Ray Hall,7,4,4,0,0,0,3
2005,18,2005-07-31,Docklands,Carlton,Richmond,Richmond,Brent Hartigan,8,0,6,0,0,0,0
2005,18,2005-07-31,Docklands,Carlton,Richmond,Richmond,Rory Hilton,12,9,3,1,0,0,1
2005,18,2005-07-31,Docklands,Carlton,Richmond,Richmond,Chris Hyde,9,6,6,0,0,0,4
2005,18,2005-07-31,Docklands,Carlton,Richmond,Richmond,Kane Johnson,10,1,8,0,0,0,2
2005,18,2005-07-31,Docklands,Carlton,Richmond,Richmond,Trent Knobel,0,0,4,0,0,17,0
2005,18,2005-07-31,Docklands,Carlton,Richmond,Richmond,Andrew Krakouer,7,4,6,0,2,0,3
2005,18,2005-07-31,Docklands,Carlton,Richmond,Richmond,Kelvin Moore,7,5,0,2,3,0,1
2005,18,2005-07-31,Docklands,Carlton,Richmond,Richmond,Chris Newman,7,4,6,0,0,0,4
2005,18,2005-07-31,Docklands,Carlton,Richmond,Richmond,Kayne Pettifer,15,7,4,2,0,0,1
2005,18,2005-07-31,Docklands,Carlton,Richmond,Richmond,Matthew Richardson,1,1,0,0,0,0,1
2005,18,2005-07-31,Docklands,Carlton,Richmond,Richmond,Troy Simmonds,12,6,2,3,2,15,1
2005,18,2005-07-31,Docklands,Carlton,Richmond,Richmond,Greg Stafford,7,6,2,2,1,5,0
2005,18,2005-07-31,Docklands,Carlton,Richmond,Richmond,Richard Tambling,12,7,6,2,1,0,2
2005,18,2005-07-31,Docklands,Carlton,Richmond,Richmond,Will Thursfield,2,0,5,0,0,0,1
2005,18,2005-07-31,Docklands,Carlton,Richmond,Richmond,Greg Tivendale,7,1,4,0,0,0,1
2005,18,2005-07-31,Docklands,Carlton,Richmond,Richmond,Shane Tuck,14,2,8,0,0,2,6
2005,18,2005-07-31,M.C.G.,Collingwood,Fremantle,Collingwood,Nathan Buckley,16,9,8,2,3,0,2
2005,18,2005-07-31,M.C.G.,Collingwood,Fremantle,Collingwood,Scott Burns,8,6,3,0,0,0,0
2005,18,2005-07-31,M.C.G.,Collingwood,Fremantle,Collingwood,Blake Caracella,4,3,3,0,0,0,1
2005,18,2005-07-31,M.C.G.,Collingwood,Fremantle,Collingwood,James Clement,12,0,4,0,1,0,2
2005,18,2005-07-31,M.C.G.,Collingwood,Fremantle,Collingwood,Jason Cloke,4,4,5,0,0,6,1
2005,18,2005-07-31,M.C.G.,Collingwood,Fremantle,Collingwood,Travis Cloke,9,5,1,0,0,3,0
2005,18,2005-07-31,M.C.G.,Collingwood,Fremantle,Collingwood,Leon Davis,6,2,3,0,0,0,1
2005,18,2005-07-31,M.C.G.,Collingwood,Fremantle,Collingwood,Chris Egan,12,5,7,0,1,0,0
2005,18,2005-07-31,M.C.G.,Collingwood,Fremantle,Collingwood,David Fanning,4,1,1,0,0,8,0
2005,18,2005-07-31,M.C.G.,Collingwood,Fremantle,Collingwood,Brodie Holland,12,5,10,1,0,1,3
2005,18,2005-07-31,M.C.G.,Collingwood,Fremantle,Collingwood,Paul Licuria,11,8,11,4,1,0,1
2005,18,2005-07-31,M.C.G.,Collingwood,Fremantle,Collingwood,Tarkyn Lockyer,15,7,5,0,0,0,1
2005,18,2005-07-31,M.C.G.,Collingwood,Fremantle,Collingwood,Ryan Lonie,2,1,2,0,0,0,1
2005,18,2005-07-31,M.C.G.,Collingwood,Fremantle,Collingwood,Heritier Lumumba,5,2,4,0,1,0,0
2005,18,2005-07-31,M.C.G.,Collingwood,Fremantle,Collingwood,Nick Maxwell,7,0,3,0,1,0,2
2005,18,2005-07-31,M.C.G.,Collingwood,Fremantle,Collingwood,Shane OBree,13,2,6,1,0,0,4
2005,18,2005-07-31,M.C.G.,Collingwood,Fremantle,Collingwood,Simon Prestigiacomo,5,2,4,0,0,0,0
2005,18,2005-07-31,M.C.G.,Collingwood,Fremantle,Collingwood,Heath Shaw,6,3,1,0,0,0,1
2005,18,2005-07-31,M.C.G.,Collingwood,Fremantle,Collingwood,Dane Swan,11,4,8,1,1,0,2
2005,18,2005-07-31,M.C.G.,Collingwood,Fremantle,Collingwood,Chris Tarrant,7,5,3,3,1,2,1
2005,18,2005-07-31,M.C.G.,Collingwood,Fremantle,Collingwood,Shane Wakelin,14,6,5,0,0,5,2
2005,18,2005-07-31,M.C.G.,Collingwood,Fremantle,Collingwood,Shane Woewodin,12,1,7,0,0,0,3
2005,18,2005-07-31,M.C.G.,Collingwood,Fremantle,Fremantle,Peter Bell,17,8,11,0,0,0,4
2005,18,2005-07-31,M.C.G.,Collingwood,Fremantle,Fremantle,Heath Black,9,1,6,1,1,0,1
2005,18,2005-07-31,M.C.G.,Collingwood,Fremantle,Fremantle,Josh Carr,14,4,13,2,0,0,4
2005,18,2005-07-31,M.C.G.,Collingwood,Fremantle,Fremantle,Matthew Carr,12,6,2,0,1,0,0
2005,18,2005-07-31,M.C.G.,Collingwood,Fremantle,Fremantle,Troy Cook,6,1,10,0,0,0,1
2005,18,2005-07-31,M.C.G.,Collingwood,Fremantle,Fremantle,Ryan Crowley,9,3,1,0,0,0,3
2005,18,2005-07-31,M.C.G.,Collingwood,Fremantle,Fremantle,Steven Dodd,6,5,5,0,0,0,4
2005,18,2005-07-31,M.C.G.,Collingwood,Fremantle,Fremantle,Antoni Grover,13,10,7,1,0,0,1
2005,18,2005-07-31,M.C.G.,Collingwood,Fremantle,Fremantle,Paul Hasleby,7,2,12,0,0,0,5
2005,18,2005-07-31,M.C.G.,Collingwood,Fremantle,Fremantle,Des Headland,9,5,4,1,1,0,1
2005,18,2005-07-31,M.C.G.,Collingwood,Fremantle,Fremantle,Justin Longmuir,7,6,6,0,0,9,1
2005,18,2005-07-31,M.C.G.,Collingwood,Fremantle,Fremantle,Luke McPharlin,5,4,1,1,0,1,1
2005,18,2005-07-31,M.C.G.,Collingwood,Fremantle,Fremantle,Paul Medhurst,9,4,1,3,3,0,2
2005,18,2005-07-31,M.C.G.,Collingwood,Fremantle,Fremantle,David Mundy,11,2,9,0,0,0,3
2005,18,2005-07-31,M.C.G.,Collingwood,Fremantle,Fremantle,Shane Parker,9,6,4,0,0,0,0
2005,18,2005-07-31,M.C.G.,Collingwood,Fremantle,Fremantle,Matthew Pavlich,13,6,3,5,1,1,2
2005,18,2005-07-31,M.C.G.,Collingwood,Fremantle,Fremantle,Brett Peake,3,2,2,0,0,0,2
2005,18,2005-07-31,M.C.G.,Collingwood,Fremantle,Fremantle,Graham Polak,4,5,2,0,0,0,1
2005,18,2005-07-31,M.C.G.,Collingwood,Fremantle,Fremantle,Aaron Sandilands,6,8,6,1,0,21,1
2005,18,2005-07-31,M.C.G.,Collingwood,Fremantle,Fremantle,Byron Schammer,13,4,5,0,0,0,1
2005,18,2005-07-31,M.C.G.,Collingwood,Fremantle,Fremantle,Scott Thornton,12,6,8,0,0,0,0
2005,18,2005-07-31,M.C.G.,Collingwood,Fremantle,Fremantle,James Walker,8,4,5,0,0,0,3
2005,19,2005-08-05,Docklands,St Kilda,Geelong,St Kilda,Steven Baker,6,3,7,0,1,0,4
2005,19,2005-08-05,Docklands,St Kilda,Geelong,St Kilda,Luke Ball,15,5,4,0,0,0,2
2005,19,2005-08-05,Docklands,St Kilda,Geelong,St Kilda,Jason Blake,5,5,9,0,0,8,0
2005,19,2005-08-05,Docklands,St Kilda,Geelong,St Kilda,Nick Dal Santo,16,7,9,1,0,1,1
2005,19,2005-08-05,Docklands,St Kilda,Geelong,St Kilda,Sam Fisher,10,3,7,0,0,0,0
2005,19,2005-08-05,Docklands,St Kilda,Geelong,St Kilda,Fraser Gehrig,3,1,1,1,1,0,0
2005,19,2005-08-05,Docklands,St Kilda,Geelong,St Kilda,Brent Guerra,3,2,3,0,1,0,1
2005,19,2005-08-05,Docklands,St Kilda,Geelong,St Kilda,Aaron Hamill,16,11,3,4,1,0,4
2005,19,2005-08-05,Docklands,St Kilda,Geelong,St Kilda,Robert Harvey,11,5,11,0,0,0,5
2005,19,2005-08-05,Docklands,St Kilda,Geelong,St Kilda,Lenny Hayes,11,10,12,0,0,0,5
2005,19,2005-08-05,Docklands,St Kilda,Geelong,St Kilda,Max Hudghton,4,4,0,0,0,0,0
2005,19,2005-08-05,Docklands,St Kilda,Geelong,St Kilda,Austinn Jones,19,9,4,1,0,0,1
2005,19,2005-08-05,Docklands,St Kilda,Geelong,St Kilda,Justin Koschitzke,7,5,3,1,2,16,2
2005,19,2005-08-05,Docklands,St Kilda,Geelong,St Kilda,Matt Maguire,11,5,3,0,1,0,2
2005,19,2005-08-05,Docklands,St Kilda,Geelong,St Kilda,Stephen Milne,8,4,1,1,2,0,1
2005,19,2005-08-05,Docklands,St Kilda,Geelong,St Kilda,Leigh Montagna,7,5,5,0,1,0,1
2005,19,2005-08-05,Docklands,St Kilda,Geelong,St Kilda,Justin Peckett,11,4,8,0,0,0,1
2005,19,2005-08-05,Docklands,St Kilda,Geelong,St Kilda,Luke Penny,1,2,1,0,0,2,2
2005,19,2005-08-05,Docklands,St Kilda,Geelong,St Kilda,Stephen Powell,7,2,3,0,0,0,2
2005,19,2005-08-05,Docklands,St Kilda,Geelong,St Kilda,Nick Riewoldt,16,10,6,3,3,0,1
2005,19,2005-08-05,Docklands,St Kilda,Geelong,St Kilda,Andrew Thompson,15,5,5,0,1,0,2
2005,19,2005-08-05,Docklands,St Kilda,Geelong,St Kilda,Brett Voss,15,7,4,1,0,1,3
2005,19,2005-08-05,Docklands,St Kilda,Geelong,Geelong,Gary Ablett,6,0,2,1,0,0,5
2005,19,2005-08-05,Docklands,St Kilda,Geelong,Geelong,Jimmy Bartel,11,4,10,1,0,0,9
2005,19,2005-08-05,Docklands,St Kilda,Geelong,Geelong,Mark Blake,4,3,5,0,0,14,0
2005,19,2005-08-05,Docklands,St Kilda,Geelong,Geelong,Paul Chapman,3,1,1,1,0,0,0
2005,19,2005-08-05,Docklands,St Kilda,Geelong,Geelong,Joel Corey,16,8,9,0,1,1,4
2005,19,2005-08-05,Docklands,St Kilda,Geelong,Geelong,Matthew Egan,6,5,5,0,0,0,0
2005,19,2005-08-05,Docklands,St Kilda,Geelong,Geelong,Corey Enright,7,3,6,0,0,0,0
2005,19,2005-08-05,Docklands,St Kilda,Geelong,Geelong,David Haynes,8,6,5,1,0,0,1
2005,19,2005-08-05,Docklands,St Kilda,Geelong,Geelong,Josh Hunt,10,1,3,0,0,0,2
2005,19,2005-08-05,Docklands,St Kilda,Geelong,Geelong,Steve Johnson,4,2,4,0,0,0,1
2005,19,2005-08-05,Docklands,St Kilda,Geelong,Geelong,James Kelly,4,2,8,2,0,0,1
2005,19,2005-08-05,Docklands,St Kilda,Geelong,Geelong,Kent Kingsley,9,9,3,1,2,0,0
2005,19,2005-08-05,Docklands,St Kilda,Geelong,Geelong,Paul Koulouriotis,12,6,6,0,0,0,3
2005,19,2005-08-05,Docklands,St Kilda,Geelong,Geelong,Cameron Ling,16,6,13,0,0,0,3
2005,19,2005-08-05,Docklands,St Kilda,Geelong,Geelong,Darren Milburn,12,2,8,0,1,0,4
2005,19,2005-08-05,Docklands,St Kilda,Geelong,Geelong,Brad Ottens,2,2,3,1,0,9,0
2005,19,2005-08-05,Docklands,St Kilda,Geelong,Geelong,Henry Playfair,3,3,6,0,0,0,2
2005,19,2005-08-05,Docklands,St Kilda,Geelong,Geelong,Peter Riccardi,7,4,2,0,0,0,5
2005,19,2005-08-05,Docklands,St Kilda,Geelong,Geelong,Max Rooke,7,5,4,0,0,0,5
2005,19,2005-08-05,Docklands,St Kilda,Geelong,Geelong,Brenton Sanderson,6,7,6,0,0,0,2
2005,19,2005-08-05,Docklands,St Kilda,Geelong,Geelong,Matthew Scarlett,13,10,9,0,0,0,2
2005,19,2005-08-05,Docklands,St Kilda,Geelong,Geelong,Kane Tenace,5,1,2,0,0,0,1
2005,19,2005-08-06,M.C.G.,Western Bulldogs,West Coast,Western Bulldogs,Shane Birss,4,2,6,1,1,0,2
2005,19,2005-08-06,M.C.G.,Western Bulldogs,West Coast,Western Bulldogs,Matthew Boyd,9,3,10,1,0,1,7
2005,19,2005-08-06,M.C.G.,Western Bulldogs,West Coast,Western Bulldogs,Adam Cooney,5,4,6,2,0,0,3
2005,19,2005-08-06,M.C.G.,Western Bulldogs,West Coast,Western Bulldogs,Daniel Cross,7,6,21,1,0,3,4
2005,19,2005-08-06,M.C.G.,Western Bulldogs,West Coast,Western Bulldogs,Nathan Eagleton,15,3,14,1,1,0,0
2005,19,2005-08-06,M.C.G.,Western Bulldogs,West Coast,Western Bulldogs,Daniel Giansiracusa,14,5,6,2,2,0,0
2005,19,2005-08-06,M.C.G.,Western Bulldogs,West Coast,Western Bulldogs,Lindsay Gilbee,20,9,8,1,0,0,0
2005,19,2005-08-06,M.C.G.,Western Bulldogs,West Coast,Western Bulldogs,Chris Grant,11,4,0,6,0,0,2
2005,19,2005-08-06,M.C.G.,Western Bulldogs,West Coast,Western Bulldogs,Ryan Griffen,4,1,2,0,0,0,1
2005,19,2005-08-06,M.C.G.,Western Bulldogs,West Coast,Western Bulldogs,Mitch Hahn,11,8,6,2,2,0,1
2005,19,2005-08-06,M.C.G.,Western Bulldogs,West Coast,Western Bulldogs,Ryan Hargrave,7,4,1,0,1,0,1
2005,19,2005-08-06,M.C.G.,Western Bulldogs,West Coast,Western Bulldogs,Brad Johnson,15,10,13,1,1,1,2
2005,19,2005-08-06,M.C.G.,Western Bulldogs,West Coast,Western Bulldogs,Brian Lake,7,4,3,0,0,0,1
2005,19,2005-08-06,M.C.G.,Western Bulldogs,West Coast,Western Bulldogs,Jordan McMahon,14,6,5,0,0,0,1
2005,19,2005-08-06,M.C.G.,Western Bulldogs,West Coast,Western Bulldogs,Will Minson,6,1,4,0,0,9,4
2005,19,2005-08-06,M.C.G.,Western Bulldogs,West Coast,Western Bulldogs,Dale Morris,4,2,4,0,0,0,1
2005,19,2005-08-06,M.C.G.,Western Bulldogs,West Coast,Western Bulldogs,Robert Murphy,14,7,4,1,1,0,0
2005,19,2005-08-06,M.C.G.,Western Bulldogs,West Coast,Western Bulldogs,Matthew Robbins,8,3,5,2,2,0,2
2005,19,2005-08-06,M.C.G.,Western Bulldogs,West Coast,Western Bulldogs,Wayde Skipper,3,1,1,0,0,0,0
2005,19,2005-08-06,M.C.G.,Western Bulldogs,West Coast,Western Bulldogs,Rohan Smith,6,2,13,0,1,0,1
2005,19,2005-08-06,M.C.G.,Western Bulldogs,West Coast,Western Bulldogs,Peter Street,2,2,5,0,0,11,2
2005,19,2005-08-06,M.C.G.,Western Bulldogs,West Coast,Western Bulldogs,Scott West,6,3,26,0,1,0,1
2005,19,2005-08-06,M.C.G.,Western Bulldogs,West Coast,West Coast,Drew Banfield,9,4,9,0,0,0,3
2005,19,2005-08-06,M.C.G.,Western Bulldogs,West Coast,West Coast,Michael Braun,15,8,8,0,0,0,2
2005,19,2005-08-06,M.C.G.,Western Bulldogs,West Coast,West Coast,Daniel Chick,8,4,7,0,1,1,1
2005,19,2005-08-06,M.C.G.,Western Bulldogs,West Coast,West Coast,Ben Cousins,14,7,7,1,0,0,3
2005,19,2005-08-06,M.C.G.,Western Bulldogs,West Coast,West Coast,Dean Cox,11,8,6,0,0,20,2
2005,19,2005-08-06,M.C.G.,Western Bulldogs,West Coast,West Coast,Chad Fletcher,9,2,10,1,0,0,0
2005,19,2005-08-06,M.C.G.,Western Bulldogs,West Coast,West Coast,Darren Glass,3,0,4,0,0,0,1
2005,19,2005-08-06,M.C.G.,Western Bulldogs,West Coast,West Coast,Adam Hunter,6,6,6,2,2,0,0
2005,19,2005-08-06,M.C.G.,Western Bulldogs,West Coast,West Coast,Brett Jones,11,6,8,0,0,0,0
2005,19,2005-08-06,M.C.G.,Western Bulldogs,West Coast,West Coast,Chris Judd,17,1,9,2,0,0,5
2005,19,2005-08-06,M.C.G.,Western Bulldogs,West Coast,West Coast,Daniel Kerr,4,1,7,0,0,1,3
2005,19,2005-08-06,M.C.G.,Western Bulldogs,West Coast,West Coast,Quinten Lynch,11,8,0,1,1,1,1
2005,19,2005-08-06,M.C.G.,Western Bulldogs,West Coast,West Coast,Phillip Matera,4,2,0,1,3,0,2
2005,19,2005-08-06,M.C.G.,Western Bulldogs,West Coast,West Coast,Andrew McDougall,3,1,3,1,0,0,1
2005,19,2005-08-06,M.C.G.,Western Bulldogs,West Coast,West Coast,Mitch Morton,4,3,4,0,1,0,0
2005,19,2005-08-06,M.C.G.,Western Bulldogs,West Coast,West Coast,Mark Nicoski,7,5,2,1,0,1,3
2005,19,2005-08-06,M.C.G.,Western Bulldogs,West Coast,West Coast,Matt Rosa,6,3,4,0,0,0,0
2005,19,2005-08-06,M.C.G.,Western Bulldogs,West Coast,West Coast,Ashley Sampi,6,3,2,2,1,1,4
2005,19,2005-08-06,M.C.G.,Western Bulldogs,West Coast,West Coast,Mark Seaby,3,2,6,0,1,4,4
2005,19,2005-08-06,M.C.G.,Western Bulldogs,West Coast,West Coast,Adam Selwood,8,3,7,1,2,0,1
2005,19,2005-08-06,M.C.G.,Western Bulldogs,West Coast,West Coast,Brent Staker,4,4,6,1,1,0,0
2005,19,2005-08-06,M.C.G.,Western Bulldogs,West Coast,West Coast,David Wirrpanda,13,4,4,0,0,0,2
2005,19,2005-08-06,Football Park,Adelaide,Melbourne,Adelaide,Nathan Bassett,9,3,8,0,1,0,1
2005,19,2005-08-06,Football Park,Adelaide,Melbourne,Adelaide,Rhett Biglands,4,1,7,1,0,19,2
2005,19,2005-08-06,Football Park,Adelaide,Melbourne,Adelaide,Nathan Bock,12,4,2,0,0,1,2
2005,19,2005-08-06,Football Park,Adelaide,Melbourne,Adelaide,Brett Burton,15,4,2,0,0,1,3
2005,19,2005-08-06,Football Park,Adelaide,Melbourne,Adelaide,Michael Doughty,3,2,4,0,0,0,5
2005,19,2005-08-06,Football Park,Adelaide,Melbourne,Adelaide,Tyson Edwards,11,5,10,2,0,0,6
2005,19,2005-08-06,Football Park,Adelaide,Melbourne,Adelaide,Simon Goodwin,16,1,14,2,4,0,2
2005,19,2005-08-06,Football Park,Adelaide,Melbourne,Adelaide,Ben Hart,6,5,5,0,0,0,1
2005,19,2005-08-06,Football Park,Adelaide,Melbourne,Adelaide,Trent Hentschel,6,4,3,0,2,0,3
2005,19,2005-08-06,Football Park,Adelaide,Melbourne,Adelaide,Ben Hudson,5,1,8,0,0,25,0
2005,19,2005-08-06,Football Park,Adelaide,Melbourne,Adelaide,Graham Johncock,9,5,2,1,0,0,1
2005,19,2005-08-06,Football Park,Adelaide,Melbourne,Adelaide,Martin Mattner,7,2,4,0,1,0,3
2005,19,2005-08-06,Football Park,Adelaide,Melbourne,Adelaide,Ken McGregor,5,3,5,1,1,0,0
2005,19,2005-08-06,Football Park,Adelaide,Melbourne,Adelaide,Andrew McLeod,7,1,12,0,0,0,0
2005,19,2005-08-06,Football Park,Adelaide,Melbourne,Adelaide,Ian Perrie,12,9,3,2,3,2,1
2005,19,2005-08-06,Football Park,Adelaide,Melbourne,Adelaide,Brent Reilly,8,2,5,2,1,0,3
2005,19,2005-08-06,Football Park,Adelaide,Melbourne,Adelaide,Mark Ricciuto,7,0,14,0,0,0,3
2005,19,2005-08-06,Football Park,Adelaide,Melbourne,Adelaide,Ben Rutten,3,3,7,0,0,0,1
2005,19,2005-08-06,Football Park,Adelaide,Melbourne,Adelaide,Robert Shirley,6,1,6,0,0,0,4
2005,19,2005-08-06,Football Park,Adelaide,Melbourne,Adelaide,Hayden Skipworth,8,2,8,0,0,0,0
2005,19,2005-08-06,Football Park,Adelaide,Melbourne,Adelaide,Scott Thompson,10,4,4,0,3,0,3
2005,19,2005-08-06,Football Park,Adelaide,Melbourne,Adelaide,Scott Welsh,10,3,4,2,2,0,0
2005,19,2005-08-06,Football Park,Adelaide,Melbourne,Melbourne,Steven Armstrong,10,6,6,0,0,0,1
2005,19,2005-08-06,Football Park,Adelaide,Melbourne,Melbourne,Daniel Bell,12,6,6,0,0,0,3
2005,19,2005-08-06,Football Park,Adelaide,Melbourne,Melbourne,Clint Bizzell,6,4,6,0,0,0,0
2005,19,2005-08-06,Football Park,Adelaide,Melbourne,Melbourne,Nathan Brown,20,10,6,0,0,0,4
2005,19,2005-08-06,Football Park,Adelaide,Melbourne,Melbourne,Aaron Davey,4,1,5,1,0,0,3
2005,19,2005-08-06,Football Park,Adelaide,Melbourne,Melbourne,Ryan Ferguson,10,8,5,0,0,0,1
2005,19,2005-08-06,Football Park,Adelaide,Melbourne,Melbourne,Simon Godfrey,13,5,5,1,0,0,7
2005,19,2005-08-06,Football Park,Adelaide,Melbourne,Melbourne,Ben Holland,9,7,6,0,0,0,3
2005,19,2005-08-06,Football Park,Adelaide,Melbourne,Melbourne,Chris Johnson,7,5,0,0,0,0,1
2005,19,2005-08-06,Football Park,Adelaide,Melbourne,Melbourne,Paul Johnson,1,0,1,0,0,6,2
2005,19,2005-08-06,Football Park,Adelaide,Melbourne,Melbourne,Brock McLean,11,5,4,0,0,0,7
2005,19,2005-08-06,Football Park,Adelaide,Melbourne,Melbourne,Brad Miller,10,5,2,0,0,0,2
2005,19,2005-08-06,Football Park,Adelaide,Melbourne,Melbourne,Brent Moloney,8,2,2,0,0,0,4
2005,19,2005-08-06,Football Park,Adelaide,Melbourne,Melbourne,Shannon Motlop,8,1,5,3,0,0,3
2005,19,2005-08-06,Football Park,Adelaide,Melbourne,Melbourne,Alistair Nicholson,4,2,5,0,0,0,2
2005,19,2005-08-06,Football Park,Adelaide,Melbourne,Melbourne,Phillip Read,7,2,4,0,0,0,8
2005,19,2005-08-06,Football Park,Adelaide,Melbourne,Melbourne,Guy Rigoni,13,4,10,0,0,0,3
2005,19,2005-08-06,Football Park,Adelaide,Melbourne,Melbourne,Russell Robertson,7,4,4,0,2,0,1
2005,19,2005-08-06,Football Park,Adelaide,Melbourne,Melbourne,Daniel Ward,4,4,4,0,0,0,3
2005,19,2005-08-06,Football Park,Adelaide,Melbourne,Melbourne,Paul Wheatley,5,2,2,0,0,0,2
2005,19,2005-08-06,Football Park,Adelaide,Melbourne,Melbourne,Jeff White,5,2,8,1,0,23,2
2005,19,2005-08-06,Football Park,Adelaide,Melbourne,Melbourne,Adem Yze,11,6,1,1,0,0,0
2005,19,2005-08-06,Docklands,Essendon,Sydney,Essendon,Mark Bolton,5,2,5,0,0,0,1
2005,19,2005-08-06,Docklands,Essendon,Sydney,Essendon,Kepler Bradley,7,6,8,0,0,0,1
2005,19,2005-08-06,Docklands,Essendon,Sydney,Essendon,Ricky Dyson,11,2,7,0,0,0,1
2005,19,2005-08-06,Docklands,Essendon,Sydney,Essendon,Dustin Fletcher,9,5,1,0,0,0,2
2005,19,2005-08-06,Docklands,Essendon,Sydney,Essendon,Aaron Henneman,2,0,0,0,0,3,1
2005,19,2005-08-06,Docklands,Essendon,Sydney,Essendon,David Hille,3,2,7,1,0,22,1
2005,19,2005-08-06,Docklands,Essendon,Sydney,Essendon,James Hird,14,3,2,1,0,0,1
2005,19,2005-08-06,Docklands,Essendon,Sydney,Essendon,Jason Johnson,11,4,8,0,0,0,5
2005,19,2005-08-06,Docklands,Essendon,Sydney,Essendon,Mark Johnson,7,2,4,0,1,1,7
2005,19,2005-08-06,Docklands,Essendon,Sydney,Essendon,Matthew Lloyd,12,8,0,4,2,0,1
2005,19,2005-08-06,Docklands,Essendon,Sydney,Essendon,Andrew Lovett,11,2,0,2,0,0,0
2005,19,2005-08-06,Docklands,Essendon,Sydney,Essendon,Nathan Lovett-Murray,8,2,11,0,0,0,2
2005,19,2005-08-06,Docklands,Essendon,Sydney,Essendon,Scott Lucas,9,3,2,2,2,0,2
2005,19,2005-08-06,Docklands,Essendon,Sydney,Essendon,Angus Monfries,3,1,4,1,1,0,1
2005,19,2005-08-06,Docklands,Essendon,Sydney,Essendon,Justin Murphy,2,2,3,0,0,0,0
2005,19,2005-08-06,Docklands,Essendon,Sydney,Essendon,Damien Peverill,7,2,12,1,0,0,2
2005,19,2005-08-06,Docklands,Essendon,Sydney,Essendon,Ted Richards,7,6,5,1,0,0,1
2005,19,2005-08-06,Docklands,Essendon,Sydney,Essendon,Dean Rioli,3,0,2,0,0,1,1
2005,19,2005-08-06,Docklands,Essendon,Sydney,Essendon,Henry Slattery,5,1,5,1,0,0,2
2005,19,2005-08-06,Docklands,Essendon,Sydney,Essendon,Brent Stanton,20,4,4,0,0,0,3
2005,19,2005-08-06,Docklands,Essendon,Sydney,Essendon,Andrew Welsh,15,9,5,0,0,0,0
2005,19,2005-08-06,Docklands,Essendon,Sydney,Essendon,Jason Winderlich,4,1,2,1,0,0,3
2005,19,2005-08-06,Docklands,Essendon,Sydney,Sydney,Luke Ablett,16,1,3,1,0,1,2
2005,19,2005-08-06,Docklands,Essendon,Sydney,Sydney,Jason Ball,8,6,2,1,0,9,1
2005,19,2005-08-06,Docklands,Essendon,Sydney,Sydney,Leo Barry,5,3,2,0,0,0,1
2005,19,2005-08-06,Docklands,Essendon,Sydney,Sydney,Craig Bolton,7,1,5,0,0,0,3
2005,19,2005-08-06,Docklands,Essendon,Sydney,Sydney,Jude Bolton,12,4,6,0,0,0,1
2005,19,2005-08-06,Docklands,Essendon,Sydney,Sydney,Amon Buchanan,10,2,9,1,0,0,3
2005,19,2005-08-06,Docklands,Essendon,Sydney,Sydney,Jared Crouch,2,0,2,0,0,0,0
2005,19,2005-08-06,Docklands,Essendon,Sydney,Sydney,Nick Davis,4,3,4,0,2,0,1
2005,19,2005-08-06,Docklands,Essendon,Sydney,Sydney,Sean Dempster,3,4,1,0,0,0,0
2005,19,2005-08-06,Docklands,Essendon,Sydney,Sydney,Nic Fosdike,9,1,5,1,0,0,2
2005,19,2005-08-06,Docklands,Essendon,Sydney,Sydney,Adam Goodes,11,8,3,2,1,2,0
2005,19,2005-08-06,Docklands,Essendon,Sydney,Sydney,Barry Hall,15,12,3,7,0,0,3
2005,19,2005-08-06,Docklands,Essendon,Sydney,Sydney,Darren Jolly,8,2,3,0,0,21,2
2005,19,2005-08-06,Docklands,Essendon,Sydney,Sydney,Tadhg Kennelly,10,3,9,0,0,0,0
2005,19,2005-08-06,Docklands,Essendon,Sydney,Sydney,Brett Kirk,8,3,11,0,0,0,8
2005,19,2005-08-06,Docklands,Essendon,Sydney,Sydney,Ben Mathews,3,0,6,0,0,0,4
2005,19,2005-08-06,Docklands,Essendon,Sydney,Sydney,Ryan OKeefe,13,7,6,3,2,0,6
2005,19,2005-08-06,Docklands,Essendon,Sydney,Sydney,Michael OLoughlin,12,3,2,1,1,0,4
2005,19,2005-08-06,Docklands,Essendon,Sydney,Sydney,Lewis Roberts-Thomson,4,1,3,0,0,0,1
2005,19,2005-08-06,Docklands,Essendon,Sydney,Sydney,Adam Schneider,12,3,6,0,1,0,4
2005,19,2005-08-06,Docklands,Essendon,Sydney,Sydney,Luke Vogels,7,4,3,1,1,0,0
2005,19,2005-08-06,Docklands,Essendon,Sydney,Sydney,Paul Williams,5,1,8,0,0,0,0
2005,19,2005-08-06,Subiaco,Fremantle,Richmond,Fremantle,Peter Bell,18,5,10,0,0,0,5
2005,19,2005-08-06,Subiaco,Fremantle,Richmond,Fremantle,Heath Black,12,3,7,1,0,0,3
2005,19,2005-08-06,Subiaco,Fremantle,Richmond,Fremantle,Josh Carr,5,2,5,3,1,0,3
2005,19,2005-08-06,Subiaco,Fremantle,Richmond,Fremantle,Matthew Carr,13,4,11,0,0,0,2
2005,19,2005-08-06,Subiaco,Fremantle,Richmond,Fremantle,Troy Cook,7,3,9,0,1,0,7
2005,19,2005-08-06,Subiaco,Fremantle,Richmond,Fremantle,Ryan Crowley,11,6,1,0,0,0,3
2005,19,2005-08-06,Subiaco,Fremantle,Richmond,Fremantle,Steven Dodd,8,5,8,0,0,0,4
2005,19,2005-08-06,Subiaco,Fremantle,Richmond,Fremantle,Jeff Farmer,9,2,4,1,1,0,0
2005,19,2005-08-06,Subiaco,Fremantle,Richmond,Fremantle,Antoni Grover,7,5,7,0,0,0,0
2005,19,2005-08-06,Subiaco,Fremantle,Richmond,Fremantle,Paul Hasleby,12,5,18,0,0,0,3
2005,19,2005-08-06,Subiaco,Fremantle,Richmond,Fremantle,Des Headland,19,6,4,1,3,0,2
2005,19,2005-08-06,Subiaco,Fremantle,Richmond,Fremantle,Justin Longmuir,4,1,4,1,0,11,3
2005,19,2005-08-06,Subiaco,Fremantle,Richmond,Fremantle,Luke McPharlin,4,2,1,1,0,0,1
2005,19,2005-08-06,Subiaco,Fremantle,Richmond,Fremantle,Paul Medhurst,7,5,2,0,3,0,3
2005,19,2005-08-06,Subiaco,Fremantle,Richmond,Fremantle,David Mundy,12,11,4,1,1,0,2
2005,19,2005-08-06,Subiaco,Fremantle,Richmond,Fremantle,Shane Parker,7,6,5,0,0,0,3
2005,19,2005-08-06,Subiaco,Fremantle,Richmond,Fremantle,Matthew Pavlich,9,8,6,4,1,0,1
2005,19,2005-08-06,Subiaco,Fremantle,Richmond,Fremantle,Graham Polak,7,3,3,0,0,0,1
2005,19,2005-08-06,Subiaco,Fremantle,Richmond,Fremantle,Aaron Sandilands,9,8,9,0,0,14,2
2005,19,2005-08-06,Subiaco,Fremantle,Richmond,Fremantle,Byron Schammer,14,6,7,0,0,0,3
2005,19,2005-08-06,Subiaco,Fremantle,Richmond,Fremantle,Scott Thornton,3,1,5,0,0,0,1
2005,19,2005-08-06,Subiaco,Fremantle,Richmond,Fremantle,James Walker,9,5,8,0,0,0,4
2005,19,2005-08-06,Subiaco,Fremantle,Richmond,Richmond,Joel Bowden,17,2,13,2,0,0,0
2005,19,2005-08-06,Subiaco,Fremantle,Richmond,Richmond,Wayne Campbell,5,4,3,0,0,0,1
2005,19,2005-08-06,Subiaco,Fremantle,Richmond,Richmond,Mark Coughlan,10,2,15,0,1,0,2
2005,19,2005-08-06,Subiaco,Fremantle,Richmond,Richmond,Brett Deledio,14,4,8,1,3,0,3
2005,19,2005-08-06,Subiaco,Fremantle,Richmond,Richmond,Nathan Foley,8,1,10,0,0,0,2
2005,19,2005-08-06,Subiaco,Fremantle,Richmond,Richmond,Darren Gaspar,7,4,4,0,0,0,2
2005,19,2005-08-06,Subiaco,Fremantle,Richmond,Richmond,Ray Hall,4,2,4,0,0,0,3
2005,19,2005-08-06,Subiaco,Fremantle,Richmond,Richmond,Brent Hartigan,5,2,1,0,0,0,1
2005,19,2005-08-06,Subiaco,Fremantle,Richmond,Richmond,Rory Hilton,14,5,4,0,0,0,2
2005,19,2005-08-06,Subiaco,Fremantle,Richmond,Richmond,Chris Hyde,8,4,9,1,0,0,2
2005,19,2005-08-06,Subiaco,Fremantle,Richmond,Richmond,Kane Johnson,18,4,8,0,0,0,4
2005,19,2005-08-06,Subiaco,Fremantle,Richmond,Richmond,Trent Knobel,3,1,2,0,0,15,1
2005,19,2005-08-06,Subiaco,Fremantle,Richmond,Richmond,Andrew Krakouer,5,2,4,0,0,0,3
2005,19,2005-08-06,Subiaco,Fremantle,Richmond,Richmond,Kelvin Moore,3,2,6,0,0,0,2
2005,19,2005-08-06,Subiaco,Fremantle,Richmond,Richmond,Chris Newman,14,3,7,0,0,0,4
2005,19,2005-08-06,Subiaco,Fremantle,Richmond,Richmond,Adam Pattison,3,2,4,0,0,0,0
2005,19,2005-08-06,Subiaco,Fremantle,Richmond,Richmond,Kayne Pettifer,12,4,2,3,1,0,2
2005,19,2005-08-06,Subiaco,Fremantle,Richmond,Richmond,Matthew Richardson,16,9,7,2,4,0,1
2005,19,2005-08-06,Subiaco,Fremantle,Richmond,Richmond,Troy Simmonds,7,6,6,0,2,19,0
2005,19,2005-08-06,Subiaco,Fremantle,Richmond,Richmond,Richard Tambling,7,4,3,0,0,0,1
2005,19,2005-08-06,Subiaco,Fremantle,Richmond,Richmond,Will Thursfield,4,2,2,0,0,0,0
2005,19,2005-08-06,Subiaco,Fremantle,Richmond,Richmond,Shane Tuck,15,5,9,0,0,0,4
2005,19,2005-08-07,Gabba,Brisbane Lions,Hawthorn,Brisbane Lions,Jed Adcock,7,4,6,0,0,0,1
2005,19,2005-08-07,Gabba,Brisbane Lions,Hawthorn,Brisbane Lions,Jason Akermanis,14,4,10,0,0,0,2
2005,19,2005-08-07,Gabba,Brisbane Lions,Hawthorn,Brisbane Lions,Travis Baird,4,2,4,1,0,0,3
2005,19,2005-08-07,Gabba,Brisbane Lions,Hawthorn,Brisbane Lions,Simon Black,16,1,10,0,2,0,1
2005,19,2005-08-07,Gabba,Brisbane Lions,Hawthorn,Brisbane Lions,Daniel Bradshaw,13,6,7,5,4,0,2
2005,19,2005-08-07,Gabba,Brisbane Lions,Hawthorn,Brisbane Lions,Jared Brennan,4,2,6,0,0,0,0
2005,19,2005-08-07,Gabba,Brisbane Lions,Hawthorn,Brisbane Lions,Jamie Charman,8,9,9,1,0,15,0
2005,19,2005-08-07,Gabba,Brisbane Lions,Hawthorn,Brisbane Lions,Anthony Corrie,7,3,6,0,0,0,4
2005,19,2005-08-07,Gabba,Brisbane Lions,Hawthorn,Brisbane Lions,Josh Drummond,3,0,2,0,0,0,2
2005,19,2005-08-07,Gabba,Brisbane Lions,Hawthorn,Brisbane Lions,Chris Johnson,9,2,7,0,0,1,2
2005,19,2005-08-07,Gabba,Brisbane Lions,Hawthorn,Brisbane Lions,Nigel Lappin,19,5,11,0,0,0,3
2005,19,2005-08-07,Gabba,Brisbane Lions,Hawthorn,Brisbane Lions,Joel Macdonald,13,8,8,0,0,0,2
2005,19,2005-08-07,Gabba,Brisbane Lions,Hawthorn,Brisbane Lions,Ashley McGrath,10,2,2,5,0,0,1
2005,19,2005-08-07,Gabba,Brisbane Lions,Hawthorn,Brisbane Lions,Dylan McLaren,2,2,8,0,0,17,4
2005,19,2005-08-07,Gabba,Brisbane Lions,Hawthorn,Brisbane Lions,Daniel Merrett,3,1,0,1,0,0,0
2005,19,2005-08-07,Gabba,Brisbane Lions,Hawthorn,Brisbane Lions,Mal Michael,4,3,4,0,0,2,2
2005,19,2005-08-07,Gabba,Brisbane Lions,Hawthorn,Brisbane Lions,Tim Notting,9,3,3,0,1,0,5
2005,19,2005-08-07,Gabba,Brisbane Lions,Hawthorn,Brisbane Lions,Luke Power,20,6,12,2,1,0,3
2005,19,2005-08-07,Gabba,Brisbane Lions,Hawthorn,Brisbane Lions,Brad Scott,4,2,8,0,0,0,0
2005,19,2005-08-07,Gabba,Brisbane Lions,Hawthorn,Brisbane Lions,Chris Scott,9,5,4,0,0,0,1
2005,19,2005-08-07,Gabba,Brisbane Lions,Hawthorn,Brisbane Lions,Justin Sherman,13,7,5,1,2,0,0
2005,19,2005-08-07,Gabba,Brisbane Lions,Hawthorn,Brisbane Lions,Michael Voss,14,2,12,2,1,1,5
2005,19,2005-08-07,Gabba,Brisbane Lions,Hawthorn,Hawthorn,Tim Clarke,12,4,15,0,1,0,3
2005,19,2005-08-07,Gabba,Brisbane Lions,Hawthorn,Hawthorn,Shane Crawford,9,3,12,0,0,0,8
2005,19,2005-08-07,Gabba,Brisbane Lions,Hawthorn,Hawthorn,Trent Croad,13,12,6,4,5,1,0
2005,19,2005-08-07,Gabba,Brisbane Lions,Hawthorn,Hawthorn,Ben Dixon,6,1,4,0,0,0,1
2005,19,2005-08-07,Gabba,Brisbane Lions,Hawthorn,Hawthorn,Peter Everitt,11,3,2,0,1,27,0
2005,19,2005-08-07,Gabba,Brisbane Lions,Hawthorn,Hawthorn,Lance Franklin,6,1,0,1,1,0,0
2005,19,2005-08-07,Gabba,Brisbane Lions,Hawthorn,Hawthorn,Jonathan Hay,8,7,9,0,0,0,0
2005,19,2005-08-07,Gabba,Brisbane Lions,Hawthorn,Hawthorn,Luke Hodge,18,6,17,0,1,0,1
2005,19,2005-08-07,Gabba,Brisbane Lions,Hawthorn,Hawthorn,Danny Jacobs,8,4,8,0,0,0,4
2005,19,2005-08-07,Gabba,Brisbane Lions,Hawthorn,Hawthorn,Angelo Lekkas,4,1,10,1,0,0,7
2005,19,2005-08-07,Gabba,Brisbane Lions,Hawthorn,Hawthorn,Jordan Lewis,7,1,12,0,0,0,2
2005,19,2005-08-07,Gabba,Brisbane Lions,Hawthorn,Hawthorn,Nathan Lonie,9,5,6,0,0,0,1
2005,19,2005-08-07,Gabba,Brisbane Lions,Hawthorn,Hawthorn,Harry Miller,5,3,1,1,0,0,0
2005,19,2005-08-07,Gabba,Brisbane Lions,Hawthorn,Hawthorn,Michael Osborne,9,6,7,1,0,0,1
2005,19,2005-08-07,Gabba,Brisbane Lions,Hawthorn,Hawthorn,Nick Ries,7,3,11,0,0,0,2
2005,19,2005-08-07,Gabba,Brisbane Lions,Hawthorn,Hawthorn,Jarryd Roughead,12,7,8,0,0,0,0
2005,19,2005-08-07,Gabba,Brisbane Lions,Hawthorn,Hawthorn,Brad Sewell,9,6,10,0,0,0,0
2005,19,2005-08-07,Gabba,Brisbane Lions,Hawthorn,Hawthorn,Joel Smith,6,2,10,1,0,0,3
2005,19,2005-08-07,Gabba,Brisbane Lions,Hawthorn,Hawthorn,Simon Taylor,5,2,12,1,0,11,6
2005,19,2005-08-07,Gabba,Brisbane Lions,Hawthorn,Hawthorn,Richard Vandenberg,12,9,7,0,0,0,0
2005,19,2005-08-07,Gabba,Brisbane Lions,Hawthorn,Hawthorn,Mark Williams,5,4,0,0,4,0,1
2005,19,2005-08-07,Gabba,Brisbane Lions,Hawthorn,Hawthorn,Clinton Young,11,7,1,1,1,0,1
2005,19,2005-08-07,M.C.G.,Carlton,Port Adelaide,Carlton,Adam Bentick,14,6,6,1,0,0,6
2005,19,2005-08-07,M.C.G.,Carlton,Port Adelaide,Carlton,Eddie Betts,6,1,2,1,0,0,6
2005,19,2005-08-07,M.C.G.,Carlton,Port Adelaide,Carlton,Chris Bryan,6,3,1,0,0,5,2
2005,19,2005-08-07,M.C.G.,Carlton,Port Adelaide,Carlton,Scott Camporeale,20,3,5,0,0,0,1
2005,19,2005-08-07,M.C.G.,Carlton,Port Adelaide,Carlton,Andrew Carrazzo,6,3,4,0,0,0,2
2005,19,2005-08-07,M.C.G.,Carlton,Port Adelaide,Carlton,Callum Chambers,6,4,3,0,2,0,5
2005,19,2005-08-07,M.C.G.,Carlton,Port Adelaide,Carlton,Brendan Fevola,8,5,1,2,0,0,1
2005,19,2005-08-07,M.C.G.,Carlton,Port Adelaide,Carlton,Brad Fisher,8,7,2,0,0,0,1
2005,19,2005-08-07,M.C.G.,Carlton,Port Adelaide,Carlton,Barnaby French,5,3,4,1,0,14,2
2005,19,2005-08-07,M.C.G.,Carlton,Port Adelaide,Carlton,Anthony Koutoufides,7,3,5,1,2,0,4
2005,19,2005-08-07,M.C.G.,Carlton,Port Adelaide,Carlton,Matthew Lappin,17,9,4,3,1,0,5
2005,19,2005-08-07,M.C.G.,Carlton,Port Adelaide,Carlton,Troy Longmuir,1,1,0,0,0,0,1
2005,19,2005-08-07,M.C.G.,Carlton,Port Adelaide,Carlton,Cory McGrath,8,4,4,0,0,0,3
2005,19,2005-08-07,M.C.G.,Carlton,Port Adelaide,Carlton,Digby Morrell,1,1,3,0,0,0,0
2005,19,2005-08-07,M.C.G.,Carlton,Port Adelaide,Carlton,Heath Scotland,10,5,4,1,1,0,3
2005,19,2005-08-07,M.C.G.,Carlton,Port Adelaide,Carlton,Kade Simpson,11,6,6,1,1,0,3
2005,19,2005-08-07,M.C.G.,Carlton,Port Adelaide,Carlton,Nick Stevens,8,2,2,0,1,0,3
2005,19,2005-08-07,M.C.G.,Carlton,Port Adelaide,Carlton,David Teague,8,3,3,0,0,0,4
2005,19,2005-08-07,M.C.G.,Carlton,Port Adelaide,Carlton,Bret Thornton,9,4,1,0,0,0,0
2005,19,2005-08-07,M.C.G.,Carlton,Port Adelaide,Carlton,Jarrad Waite,12,4,4,4,0,0,4
2005,19,2005-08-07,M.C.G.,Carlton,Port Adelaide,Carlton,Lance Whitnall,10,2,4,0,0,1,2
2005,19,2005-08-07,M.C.G.,Carlton,Port Adelaide,Carlton,Simon Wiggins,6,4,5,1,0,0,1
2005,19,2005-08-07,M.C.G.,Carlton,Port Adelaide,Port Adelaide,Matthew Bishop,3,2,3,0,0,0,0
2005,19,2005-08-07,M.C.G.,Carlton,Port Adelaide,Port Adelaide,Dean Brogan,2,3,2,1,0,5,0
2005,19,2005-08-07,M.C.G.,Carlton,Port Adelaide,Port Adelaide,Peter Burgoyne,16,7,8,5,0,0,2
2005,19,2005-08-07,M.C.G.,Carlton,Port Adelaide,Port Adelaide,Shaun Burgoyne,9,4,4,0,0,0,2
2005,19,2005-08-07,M.C.G.,Carlton,Port Adelaide,Port Adelaide,Domenic Cassisi,11,1,7,1,3,0,0
2005,19,2005-08-07,M.C.G.,Carlton,Port Adelaide,Port Adelaide,Chad Cornes,11,4,7,2,2,1,4
2005,19,2005-08-07,M.C.G.,Carlton,Port Adelaide,Port Adelaide,Kane Cornes,13,7,14,0,0,0,6
2005,19,2005-08-07,M.C.G.,Carlton,Port Adelaide,Port Adelaide,Stuart Dew,13,1,3,0,2,0,5
2005,19,2005-08-07,M.C.G.,Carlton,Port Adelaide,Port Adelaide,Josh Francou,10,2,12,1,1,0,5
2005,19,2005-08-07,M.C.G.,Carlton,Port Adelaide,Port Adelaide,Adam Kingsley,7,4,3,0,0,0,0
2005,19,2005-08-07,M.C.G.,Carlton,Port Adelaide,Port Adelaide,Brendon Lade,7,3,4,0,1,34,2
2005,19,2005-08-07,M.C.G.,Carlton,Port Adelaide,Port Adelaide,Josh Mahoney,4,3,2,0,0,0,1
2005,19,2005-08-07,M.C.G.,Carlton,Port Adelaide,Port Adelaide,Brett Montgomery,8,3,5,1,1,0,1
2005,19,2005-08-07,M.C.G.,Carlton,Port Adelaide,Port Adelaide,Danyle Pearce,9,4,2,1,1,0,1
2005,19,2005-08-07,M.C.G.,Carlton,Port Adelaide,Port Adelaide,Michael Pettigrew,5,2,3,0,0,0,1
2005,19,2005-08-07,M.C.G.,Carlton,Port Adelaide,Port Adelaide,Byron Pickett,9,2,1,1,0,0,2
2005,19,2005-08-07,M.C.G.,Carlton,Port Adelaide,Port Adelaide,Warren Tredrea,18,13,3,3,1,0,1
2005,19,2005-08-07,M.C.G.,Carlton,Port Adelaide,Port Adelaide,Darryl Wakelin,7,9,4,0,0,0,2
2005,19,2005-08-07,M.C.G.,Carlton,Port Adelaide,Port Adelaide,Peter Walsh,7,0,12,0,0,0,1
2005,19,2005-08-07,M.C.G.,Carlton,Port Adelaide,Port Adelaide,Gavin Wanganeen,6,1,6,1,1,0,2
2005,19,2005-08-07,M.C.G.,Carlton,Port Adelaide,Port Adelaide,Damon White,7,6,2,1,0,0,1
2005,19,2005-08-07,M.C.G.,Carlton,Port Adelaide,Port Adelaide,Michael Wilson,11,3,4,0,0,0,3
2005,19,2005-08-07,Docklands,Collingwood,Kangaroos,Collingwood,Nathan Buckley,10,10,9,3,1,0,4
2005,19,2005-08-07,Docklands,Collingwood,Kangaroos,Collingwood,Scott Burns,11,7,10,0,0,0,2
2005,19,2005-08-07,Docklands,Collingwood,Kangaroos,Collingwood,Blake Caracella,10,6,6,2,1,1,0
2005,19,2005-08-07,Docklands,Collingwood,Kangaroos,Collingwood,James Clement,12,0,6,0,0,0,4
2005,19,2005-08-07,Docklands,Collingwood,Kangaroos,Collingwood,Jason Cloke,11,11,6,1,0,6,4
2005,19,2005-08-07,Docklands,Collingwood,Kangaroos,Collingwood,Travis Cloke,4,2,2,1,2,0,0
2005,19,2005-08-07,Docklands,Collingwood,Kangaroos,Collingwood,Ben Davies,12,8,6,0,0,0,0
2005,19,2005-08-07,Docklands,Collingwood,Kangaroos,Collingwood,Leon Davis,12,8,3,1,3,0,0
2005,19,2005-08-07,Docklands,Collingwood,Kangaroos,Collingwood,Alan Didak,2,1,0,1,0,0,1
2005,19,2005-08-07,Docklands,Collingwood,Kangaroos,Collingwood,Chris Egan,4,1,3,1,0,0,0
2005,19,2005-08-07,Docklands,Collingwood,Kangaroos,Collingwood,David Fanning,5,4,5,1,1,10,0
2005,19,2005-08-07,Docklands,Collingwood,Kangaroos,Collingwood,Brodie Holland,15,3,5,2,0,0,4
2005,19,2005-08-07,Docklands,Collingwood,Kangaroos,Collingwood,Paul Licuria,7,2,3,0,0,0,1
2005,19,2005-08-07,Docklands,Collingwood,Kangaroos,Collingwood,Tarkyn Lockyer,13,4,4,0,0,0,1
2005,19,2005-08-07,Docklands,Collingwood,Kangaroos,Collingwood,Heritier Lumumba,6,1,6,1,0,0,2
2005,19,2005-08-07,Docklands,Collingwood,Kangaroos,Collingwood,Nick Maxwell,7,3,4,0,3,0,4
2005,19,2005-08-07,Docklands,Collingwood,Kangaroos,Collingwood,Shane OBree,15,3,7,0,1,0,2
2005,19,2005-08-07,Docklands,Collingwood,Kangaroos,Collingwood,Simon Prestigiacomo,5,2,2,0,0,1,2
2005,19,2005-08-07,Docklands,Collingwood,Kangaroos,Collingwood,Heath Shaw,5,3,3,0,0,0,0
2005,19,2005-08-07,Docklands,Collingwood,Kangaroos,Collingwood,Dane Swan,9,3,4,0,0,0,2
2005,19,2005-08-07,Docklands,Collingwood,Kangaroos,Collingwood,Shane Wakelin,4,4,4,0,0,0,1
2005,19,2005-08-07,Docklands,Collingwood,Kangaroos,Collingwood,Shane Woewodin,15,5,9,0,0,0,5
2005,19,2005-08-07,Docklands,Collingwood,Kangaroos,Kangaroos,Glenn Archer,10,3,12,1,0,0,3
2005,19,2005-08-07,Docklands,Collingwood,Kangaroos,Kangaroos,Leigh Brown,4,4,5,0,0,1,2
2005,19,2005-08-07,Docklands,Collingwood,Kangaroos,Kangaroos,Leigh Colbert,2,2,3,0,0,0,0
2005,19,2005-08-07,Docklands,Collingwood,Kangaroos,Kangaroos,Michael Firrito,7,4,3,0,0,1,2
2005,19,2005-08-07,Docklands,Collingwood,Kangaroos,Kangaroos,Shannon Grant,14,2,4,3,1,0,3
2005,19,2005-08-07,Docklands,Collingwood,Kangaroos,Kangaroos,David Hale,5,5,6,1,0,10,1
2005,19,2005-08-07,Docklands,Collingwood,Kangaroos,Kangaroos,Leigh Harding,8,4,6,0,0,0,3
2005,19,2005-08-07,Docklands,Collingwood,Kangaroos,Kangaroos,Daniel Harris,7,2,5,1,0,0,3
2005,19,2005-08-07,Docklands,Collingwood,Kangaroos,Kangaroos,Brent Harvey,24,9,10,2,2,0,1
2005,19,2005-08-07,Docklands,Collingwood,Kangaroos,Kangaroos,Corey Jones,8,2,3,1,2,1,3
2005,19,2005-08-07,Docklands,Collingwood,Kangaroos,Kangaroos,Troy Makepeace,13,2,1,0,0,0,1
2005,19,2005-08-07,Docklands,Collingwood,Kangaroos,Kangaroos,Drew Petrie,11,6,7,0,1,18,2
2005,19,2005-08-07,Docklands,Collingwood,Kangaroos,Kangaroos,Daniel Pratt,9,6,5,0,1,0,1
2005,19,2005-08-07,Docklands,Collingwood,Kangaroos,Kangaroos,Brady Rawlings,13,3,9,0,2,0,0
2005,19,2005-08-07,Docklands,Collingwood,Kangaroos,Kangaroos,Saverio Rocca,9,8,1,2,3,6,0
2005,19,2005-08-07,Docklands,Collingwood,Kangaroos,Kangaroos,Jess Sinclair,9,6,7,0,0,0,1
2005,19,2005-08-07,Docklands,Collingwood,Kangaroos,Kangaroos,Jesse Smith,1,0,3,0,0,0,0
2005,19,2005-08-07,Docklands,Collingwood,Kangaroos,Kangaroos,Michael Stevens,4,3,2,0,0,0,3
2005,19,2005-08-07,Docklands,Collingwood,Kangaroos,Kangaroos,Nathan Thompson,8,8,1,3,1,0,2
2005,19,2005-08-07,Docklands,Collingwood,Kangaroos,Kangaroos,David Trotter,5,3,4,1,0,0,1
2005,19,2005-08-07,Docklands,Collingwood,Kangaroos,Kangaroos,Shannon Watt,4,3,2,0,0,0,3
2005,19,2005-08-07,Docklands,Collingwood,Kangaroos,Kangaroos,Daniel Wells,10,5,13,0,0,0,1
2005,20,2005-08-12,Subiaco,West Coast,Fremantle,West Coast,Drew Banfield,5,3,7,0,0,0,2
2005,20,2005-08-12,Subiaco,West Coast,Fremantle,West Coast,Michael Braun,14,6,9,1,0,0,2
2005,20,2005-08-12,Subiaco,West Coast,Fremantle,West Coast,Daniel Chick,3,3,2,0,0,0,4
2005,20,2005-08-12,Subiaco,West Coast,Fremantle,West Coast,Ben Cousins,16,9,7,1,0,0,2
2005,20,2005-08-12,Subiaco,West Coast,Fremantle,West Coast,Dean Cox,11,7,6,1,0,20,1
2005,20,2005-08-12,Subiaco,West Coast,Fremantle,West Coast,Chad Fletcher,21,5,7,1,0,0,1
2005,20,2005-08-12,Subiaco,West Coast,Fremantle,West Coast,Darren Glass,9,8,9,0,0,0,2
2005,20,2005-08-12,Subiaco,West Coast,Fremantle,West Coast,Kasey Green,9,7,4,2,0,0,4
2005,20,2005-08-12,Subiaco,West Coast,Fremantle,West Coast,Adam Hunter,4,5,4,0,0,0,1
2005,20,2005-08-12,Subiaco,West Coast,Fremantle,West Coast,Brett Jones,2,2,2,0,0,0,2
2005,20,2005-08-12,Subiaco,West Coast,Fremantle,West Coast,Rowan Jones,13,6,9,2,2,1,1
2005,20,2005-08-12,Subiaco,West Coast,Fremantle,West Coast,Chris Judd,19,4,9,1,2,0,3
2005,20,2005-08-12,Subiaco,West Coast,Fremantle,West Coast,Daniel Kerr,24,3,10,1,1,0,3
2005,20,2005-08-12,Subiaco,West Coast,Fremantle,West Coast,Quinten Lynch,11,6,1,2,2,0,2
2005,20,2005-08-12,Subiaco,West Coast,Fremantle,West Coast,Mitch Morton,6,5,1,1,0,0,0
2005,20,2005-08-12,Subiaco,West Coast,Fremantle,West Coast,Mark Nicoski,10,4,4,0,0,0,1
2005,20,2005-08-12,Subiaco,West Coast,Fremantle,West Coast,Ashley Sampi,4,1,2,1,1,0,2
2005,20,2005-08-12,Subiaco,West Coast,Fremantle,West Coast,Mark Seaby,10,9,6,2,0,9,2
2005,20,2005-08-12,Subiaco,West Coast,Fremantle,West Coast,Adam Selwood,7,1,5,0,1,0,1
2005,20,2005-08-12,Subiaco,West Coast,Fremantle,West Coast,Brent Staker,10,4,6,0,0,1,0
2005,20,2005-08-12,Subiaco,West Coast,Fremantle,West Coast,Tyson Stenglein,14,3,11,2,0,0,4
2005,20,2005-08-12,Subiaco,West Coast,Fremantle,West Coast,David Wirrpanda,12,3,2,1,0,0,1
2005,20,2005-08-12,Subiaco,West Coast,Fremantle,Fremantle,Peter Bell,13,2,6,0,0,0,3
2005,20,2005-08-12,Subiaco,West Coast,Fremantle,Fremantle,Heath Black,17,8,8,1,1,0,2
2005,20,2005-08-12,Subiaco,West Coast,Fremantle,Fremantle,Josh Carr,10,3,3,0,1,1,3
2005,20,2005-08-12,Subiaco,West Coast,Fremantle,Fremantle,Matthew Carr,15,7,1,0,0,0,1
2005,20,2005-08-12,Subiaco,West Coast,Fremantle,Fremantle,Troy Cook,8,3,8,0,0,0,4
2005,20,2005-08-12,Subiaco,West Coast,Fremantle,Fremantle,Ryan Crowley,11,4,4,1,1,0,2
2005,20,2005-08-12,Subiaco,West Coast,Fremantle,Fremantle,Steven Dodd,4,4,6,0,0,0,4
2005,20,2005-08-12,Subiaco,West Coast,Fremantle,Fremantle,Jeff Farmer,9,3,3,2,1,0,0
2005,20,2005-08-12,Subiaco,West Coast,Fremantle,Fremantle,Antoni Grover,5,4,10,0,0,0,4
2005,20,2005-08-12,Subiaco,West Coast,Fremantle,Fremantle,Paul Hasleby,10,2,6,1,0,0,4
2005,20,2005-08-12,Subiaco,West Coast,Fremantle,Fremantle,Justin Longmuir,6,5,5,0,0,8,1
2005,20,2005-08-12,Subiaco,West Coast,Fremantle,Fremantle,Luke McPharlin,9,6,0,3,0,0,0
2005,20,2005-08-12,Subiaco,West Coast,Fremantle,Fremantle,Paul Medhurst,6,3,3,0,0,0,0
2005,20,2005-08-12,Subiaco,West Coast,Fremantle,Fremantle,David Mundy,5,1,8,0,0,0,0
2005,20,2005-08-12,Subiaco,West Coast,Fremantle,Fremantle,Shane Parker,6,3,3,0,0,0,5
2005,20,2005-08-12,Subiaco,West Coast,Fremantle,Fremantle,Matthew Pavlich,11,5,3,3,3,0,1
2005,20,2005-08-12,Subiaco,West Coast,Fremantle,Fremantle,Brett Peake,5,3,2,0,0,0,1
2005,20,2005-08-12,Subiaco,West Coast,Fremantle,Fremantle,Aaron Sandilands,2,2,6,1,0,26,2
2005,20,2005-08-12,Subiaco,West Coast,Fremantle,Fremantle,Byron Schammer,4,2,5,0,0,0,2
2005,20,2005-08-12,Subiaco,West Coast,Fremantle,Fremantle,Jarrad Schofield,6,1,7,0,0,0,2
2005,20,2005-08-12,Subiaco,West Coast,Fremantle,Fremantle,Scott Thornton,7,4,2,0,0,0,2
2005,20,2005-08-12,Subiaco,West Coast,Fremantle,Fremantle,James Walker,5,3,2,0,0,0,0
2005,20,2005-08-13,Kardinia Park,Geelong,Melbourne,Geelong,Gary Ablett,10,3,1,1,2,0,3
2005,20,2005-08-13,Kardinia Park,Geelong,Melbourne,Geelong,Nathan Ablett,4,2,1,2,0,0,0
2005,20,2005-08-13,Kardinia Park,Geelong,Melbourne,Geelong,Jimmy Bartel,15,8,9,2,0,0,4
2005,20,2005-08-13,Kardinia Park,Geelong,Melbourne,Geelong,Mark Blake,1,0,2,0,0,10,1
2005,20,2005-08-13,Kardinia Park,Geelong,Melbourne,Geelong,Shannon Byrnes,10,2,9,0,2,0,4
2005,20,2005-08-13,Kardinia Park,Geelong,Melbourne,Geelong,Joel Corey,10,4,6,0,0,1,4
2005,20,2005-08-13,Kardinia Park,Geelong,Melbourne,Geelong,Matthew Egan,10,5,3,0,1,0,0
2005,20,2005-08-13,Kardinia Park,Geelong,Melbourne,Geelong,Josh Hunt,14,9,6,0,0,0,1
2005,20,2005-08-13,Kardinia Park,Geelong,Melbourne,Geelong,Steve Johnson,13,9,4,2,1,0,0
2005,20,2005-08-13,Kardinia Park,Geelong,Melbourne,Geelong,James Kelly,6,4,10,0,0,0,4
2005,20,2005-08-13,Kardinia Park,Geelong,Melbourne,Geelong,Kent Kingsley,6,6,3,4,2,0,1
2005,20,2005-08-13,Kardinia Park,Geelong,Melbourne,Geelong,Paul Koulouriotis,3,3,7,0,0,0,2
2005,20,2005-08-13,Kardinia Park,Geelong,Melbourne,Geelong,Cameron Ling,14,4,13,1,0,0,2
2005,20,2005-08-13,Kardinia Park,Geelong,Melbourne,Geelong,Darren Milburn,8,4,5,1,0,2,5
2005,20,2005-08-13,Kardinia Park,Geelong,Melbourne,Geelong,Cameron Mooney,8,4,9,0,0,6,3
2005,20,2005-08-13,Kardinia Park,Geelong,Melbourne,Geelong,Brad Ottens,3,5,5,1,1,6,3
2005,20,2005-08-13,Kardinia Park,Geelong,Melbourne,Geelong,Henry Playfair,5,5,3,1,0,0,1
2005,20,2005-08-13,Kardinia Park,Geelong,Melbourne,Geelong,Peter Riccardi,12,2,4,0,0,0,7
2005,20,2005-08-13,Kardinia Park,Geelong,Melbourne,Geelong,Max Rooke,5,5,6,0,0,0,2
2005,20,2005-08-13,Kardinia Park,Geelong,Melbourne,Geelong,Brenton Sanderson,6,6,6,0,0,0,0
2005,20,2005-08-13,Kardinia Park,Geelong,Melbourne,Geelong,Matthew Scarlett,12,4,2,0,0,0,3
2005,20,2005-08-13,Kardinia Park,Geelong,Melbourne,Geelong,Kane Tenace,10,3,4,0,0,0,0
2005,20,2005-08-13,Kardinia Park,Geelong,Melbourne,Melbourne,Steven Armstrong,4,1,3,1,0,0,4
2005,20,2005-08-13,Kardinia Park,Geelong,Melbourne,Melbourne,Daniel Bell,3,1,3,0,0,1,3
2005,20,2005-08-13,Kardinia Park,Geelong,Melbourne,Melbourne,Clint Bizzell,5,2,5,0,0,0,2
2005,20,2005-08-13,Kardinia Park,Geelong,Melbourne,Melbourne,Nathan Brown,5,4,1,0,0,0,1
2005,20,2005-08-13,Kardinia Park,Geelong,Melbourne,Melbourne,Aaron Davey,10,2,6,1,1,0,4
2005,20,2005-08-13,Kardinia Park,Geelong,Melbourne,Melbourne,Ryan Ferguson,3,1,4,0,0,0,1
2005,20,2005-08-13,Kardinia Park,Geelong,Melbourne,Melbourne,Simon Godfrey,10,3,3,1,0,0,5
2005,20,2005-08-13,Kardinia Park,Geelong,Melbourne,Melbourne,Ben Holland,8,5,10,0,2,1,1
2005,20,2005-08-13,Kardinia Park,Geelong,Melbourne,Melbourne,Travis Johnstone,20,3,1,2,1,0,2
2005,20,2005-08-13,Kardinia Park,Geelong,Melbourne,Melbourne,Brock McLean,11,2,10,0,0,1,1
2005,20,2005-08-13,Kardinia Park,Geelong,Melbourne,Melbourne,Brad Miller,6,6,6,1,1,0,0
2005,20,2005-08-13,Kardinia Park,Geelong,Melbourne,Melbourne,Brent Moloney,15,5,5,0,0,0,3
2005,20,2005-08-13,Kardinia Park,Geelong,Melbourne,Melbourne,Shannon Motlop,9,5,2,1,0,0,1
2005,20,2005-08-13,Kardinia Park,Geelong,Melbourne,Melbourne,David Neitz,2,0,1,0,1,0,0
2005,20,2005-08-13,Kardinia Park,Geelong,Melbourne,Melbourne,Alistair Nicholson,3,2,1,0,0,0,1
2005,20,2005-08-13,Kardinia Park,Geelong,Melbourne,Melbourne,Phillip Read,4,0,3,0,0,0,6
2005,20,2005-08-13,Kardinia Park,Geelong,Melbourne,Melbourne,Guy Rigoni,9,4,6,0,1,0,2
2005,20,2005-08-13,Kardinia Park,Geelong,Melbourne,Melbourne,Russell Robertson,13,11,1,7,3,0,0
2005,20,2005-08-13,Kardinia Park,Geelong,Melbourne,Melbourne,Paul Wheatley,9,4,5,0,0,0,6
2005,20,2005-08-13,Kardinia Park,Geelong,Melbourne,Melbourne,Matthew Whelan,13,5,5,0,0,0,1
2005,20,2005-08-13,Kardinia Park,Geelong,Melbourne,Melbourne,Jeff White,13,4,10,0,0,31,2
2005,20,2005-08-13,Kardinia Park,Geelong,Melbourne,Melbourne,Adem Yze,5,3,2,0,2,0,1
2005,20,2005-08-13,Docklands,Kangaroos,St Kilda,Kangaroos,Glenn Archer,9,6,3,0,0,1,3
2005,20,2005-08-13,Docklands,Kangaroos,St Kilda,Kangaroos,John Baird,6,6,8,0,0,0,0
2005,20,2005-08-13,Docklands,Kangaroos,St Kilda,Kangaroos,Leigh Brown,2,1,3,0,0,0,1
2005,20,2005-08-13,Docklands,Kangaroos,St Kilda,Kangaroos,Michael Firrito,13,8,9,0,0,4,3
2005,20,2005-08-13,Docklands,Kangaroos,St Kilda,Kangaroos,Shannon Grant,7,3,3,0,0,0,0
2005,20,2005-08-13,Docklands,Kangaroos,St Kilda,Kangaroos,David Hale,6,4,5,1,0,5,1
2005,20,2005-08-13,Docklands,Kangaroos,St Kilda,Kangaroos,Leigh Harding,8,4,0,1,1,0,1
2005,20,2005-08-13,Docklands,Kangaroos,St Kilda,Kangaroos,Daniel Harris,1,1,6,0,0,0,5
2005,20,2005-08-13,Docklands,Kangaroos,St Kilda,Kangaroos,Brent Harvey,13,5,3,1,0,0,0
2005,20,2005-08-13,Docklands,Kangaroos,St Kilda,Kangaroos,Corey Jones,14,5,5,3,2,0,5
2005,20,2005-08-13,Docklands,Kangaroos,St Kilda,Kangaroos,Troy Makepeace,9,3,3,0,0,0,2
2005,20,2005-08-13,Docklands,Kangaroos,St Kilda,Kangaroos,Justin Perkins,4,1,2,0,0,0,2
2005,20,2005-08-13,Docklands,Kangaroos,St Kilda,Kangaroos,Drew Petrie,8,4,3,1,0,16,2
2005,20,2005-08-13,Docklands,Kangaroos,St Kilda,Kangaroos,Daniel Pratt,6,6,3,0,0,1,2
2005,20,2005-08-13,Docklands,Kangaroos,St Kilda,Kangaroos,Brady Rawlings,8,3,4,0,1,0,1
2005,20,2005-08-13,Docklands,Kangaroos,St Kilda,Kangaroos,Saverio Rocca,5,5,2,4,0,2,0
2005,20,2005-08-13,Docklands,Kangaroos,St Kilda,Kangaroos,Adam Simpson,9,1,5,0,0,0,0
2005,20,2005-08-13,Docklands,Kangaroos,St Kilda,Kangaroos,Jess Sinclair,12,5,16,0,0,0,5
2005,20,2005-08-13,Docklands,Kangaroos,St Kilda,Kangaroos,Nathan Thompson,2,2,2,1,0,2,0
2005,20,2005-08-13,Docklands,Kangaroos,St Kilda,Kangaroos,David Trotter,0,0,0,0,0,0,0
2005,20,2005-08-13,Docklands,Kangaroos,St Kilda,Kangaroos,Shannon Watt,7,5,2,0,0,1,1
2005,20,2005-08-13,Docklands,Kangaroos,St Kilda,Kangaroos,Daniel Wells,9,4,4,1,0,0,6
2005,20,2005-08-13,Docklands,Kangaroos,St Kilda,St Kilda,Cain Ackland,1,0,0,0,0,4,0
2005,20,2005-08-13,Docklands,Kangaroos,St Kilda,St Kilda,Steven Baker,5,3,2,0,1,0,3
2005,20,2005-08-13,Docklands,Kangaroos,St Kilda,St Kilda,Luke Ball,19,7,7,1,0,0,6
2005,20,2005-08-13,Docklands,Kangaroos,St Kilda,St Kilda,Jason Blake,1,2,4,0,0,8,2
2005,20,2005-08-13,Docklands,Kangaroos,St Kilda,St Kilda,Nick Dal Santo,11,4,6,0,0,0,4
2005,20,2005-08-13,Docklands,Kangaroos,St Kilda,St Kilda,Sam Fisher,9,7,4,0,0,0,0
2005,20,2005-08-13,Docklands,Kangaroos,St Kilda,St Kilda,Fraser Gehrig,10,5,1,5,4,0,1
2005,20,2005-08-13,Docklands,Kangaroos,St Kilda,St Kilda,Brent Guerra,4,2,2,1,1,0,1
2005,20,2005-08-13,Docklands,Kangaroos,St Kilda,St Kilda,Aaron Hamill,8,2,6,1,0,0,0
2005,20,2005-08-13,Docklands,Kangaroos,St Kilda,St Kilda,Robert Harvey,15,10,13,0,1,0,0
2005,20,2005-08-13,Docklands,Kangaroos,St Kilda,St Kilda,Lenny Hayes,9,2,9,1,0,0,3
2005,20,2005-08-13,Docklands,Kangaroos,St Kilda,St Kilda,Austinn Jones,17,6,4,0,0,0,0
2005,20,2005-08-13,Docklands,Kangaroos,St Kilda,St Kilda,Justin Koschitzke,10,5,4,0,0,20,2
2005,20,2005-08-13,Docklands,Kangaroos,St Kilda,St Kilda,Matt Maguire,6,4,4,0,0,0,1
2005,20,2005-08-13,Docklands,Kangaroos,St Kilda,St Kilda,Stephen Milne,11,1,3,2,3,0,0
2005,20,2005-08-13,Docklands,Kangaroos,St Kilda,St Kilda,Leigh Montagna,10,7,4,2,0,0,1
2005,20,2005-08-13,Docklands,Kangaroos,St Kilda,St Kilda,Justin Peckett,5,3,4,1,0,0,2
2005,20,2005-08-13,Docklands,Kangaroos,St Kilda,St Kilda,Luke Penny,1,1,3,0,0,1,0
2005,20,2005-08-13,Docklands,Kangaroos,St Kilda,St Kilda,Stephen Powell,5,2,7,1,0,0,3
2005,20,2005-08-13,Docklands,Kangaroos,St Kilda,St Kilda,Nick Riewoldt,14,10,0,0,1,1,1
2005,20,2005-08-13,Docklands,Kangaroos,St Kilda,St Kilda,Andrew Thompson,6,3,4,1,0,0,2
2005,20,2005-08-13,Docklands,Kangaroos,St Kilda,St Kilda,Brett Voss,7,5,5,0,0,0,0
2005,20,2005-08-13,M.C.G.,Collingwood,Carlton,Collingwood,Nathan Buckley,16,11,5,4,3,0,1
2005,20,2005-08-13,M.C.G.,Collingwood,Carlton,Collingwood,Scott Burns,8,8,13,0,1,0,2
2005,20,2005-08-13,M.C.G.,Collingwood,Carlton,Collingwood,James Clement,6,3,4,0,0,0,4
2005,20,2005-08-13,M.C.G.,Collingwood,Carlton,Collingwood,Jason Cloke,5,3,1,0,0,8,1
2005,20,2005-08-13,M.C.G.,Collingwood,Carlton,Collingwood,Travis Cloke,4,3,0,0,0,0,1
2005,20,2005-08-13,M.C.G.,Collingwood,Carlton,Collingwood,Ben Davies,8,4,8,0,0,0,1
2005,20,2005-08-13,M.C.G.,Collingwood,Carlton,Collingwood,Leon Davis,16,4,5,1,0,0,2
2005,20,2005-08-13,M.C.G.,Collingwood,Carlton,Collingwood,Chris Egan,4,0,2,1,0,2,0
2005,20,2005-08-13,M.C.G.,Collingwood,Carlton,Collingwood,David Fanning,4,0,1,1,0,12,0
2005,20,2005-08-13,M.C.G.,Collingwood,Carlton,Collingwood,Brodie Holland,17,6,7,0,0,0,3
2005,20,2005-08-13,M.C.G.,Collingwood,Carlton,Collingwood,Paul Licuria,10,7,5,0,2,0,3
2005,20,2005-08-13,M.C.G.,Collingwood,Carlton,Collingwood,Tarkyn Lockyer,12,6,7,4,1,0,3
2005,20,2005-08-13,M.C.G.,Collingwood,Carlton,Collingwood,Matthew Lokan,4,1,3,0,1,0,1
2005,20,2005-08-13,M.C.G.,Collingwood,Carlton,Collingwood,Heritier Lumumba,7,4,4,0,0,0,3
2005,20,2005-08-13,M.C.G.,Collingwood,Carlton,Collingwood,Nick Maxwell,8,5,2,2,0,0,3
2005,20,2005-08-13,M.C.G.,Collingwood,Carlton,Collingwood,Chad Morrison,7,4,10,0,0,0,5
2005,20,2005-08-13,M.C.G.,Collingwood,Carlton,Collingwood,Shane OBree,5,1,4,0,0,0,0
2005,20,2005-08-13,M.C.G.,Collingwood,Carlton,Collingwood,Simon Prestigiacomo,3,2,2,0,0,0,3
2005,20,2005-08-13,M.C.G.,Collingwood,Carlton,Collingwood,Heath Shaw,14,7,2,0,0,0,3
2005,20,2005-08-13,M.C.G.,Collingwood,Carlton,Collingwood,Dane Swan,6,2,5,1,0,0,3
2005,20,2005-08-13,M.C.G.,Collingwood,Carlton,Collingwood,Shane Wakelin,15,9,5,0,0,0,3
2005,20,2005-08-13,M.C.G.,Collingwood,Carlton,Collingwood,Shane Woewodin,10,3,3,0,0,0,2
2005,20,2005-08-13,M.C.G.,Collingwood,Carlton,Carlton,Adam Bentick,16,7,18,0,0,0,5
2005,20,2005-08-13,M.C.G.,Collingwood,Carlton,Carlton,Eddie Betts,9,2,2,3,2,0,2
2005,20,2005-08-13,M.C.G.,Collingwood,Carlton,Carlton,Chris Bryan,5,5,3,2,0,13,1
2005,20,2005-08-13,M.C.G.,Collingwood,Carlton,Carlton,Scott Camporeale,18,1,6,1,0,0,1
2005,20,2005-08-13,M.C.G.,Collingwood,Carlton,Carlton,Andrew Carrazzo,12,5,7,0,0,0,1
2005,20,2005-08-13,M.C.G.,Collingwood,Carlton,Carlton,Callum Chambers,7,5,7,1,1,0,1
2005,20,2005-08-13,M.C.G.,Collingwood,Carlton,Carlton,Brendan Fevola,8,0,2,2,0,0,1
2005,20,2005-08-13,M.C.G.,Collingwood,Carlton,Carlton,Brad Fisher,5,4,1,1,1,0,1
2005,20,2005-08-13,M.C.G.,Collingwood,Carlton,Carlton,Barnaby French,7,2,3,1,0,22,2
2005,20,2005-08-13,M.C.G.,Collingwood,Carlton,Carlton,Anthony Koutoufides,13,5,12,2,1,0,3
2005,20,2005-08-13,M.C.G.,Collingwood,Carlton,Carlton,Matthew Lappin,11,4,4,0,3,0,1
2005,20,2005-08-13,M.C.G.,Collingwood,Carlton,Carlton,Cory McGrath,14,8,3,0,0,0,1
2005,20,2005-08-13,M.C.G.,Collingwood,Carlton,Carlton,Digby Morrell,6,3,1,1,1,2,1
2005,20,2005-08-13,M.C.G.,Collingwood,Carlton,Carlton,Heath Scotland,16,8,7,0,0,0,0
2005,20,2005-08-13,M.C.G.,Collingwood,Carlton,Carlton,Kade Simpson,12,5,5,2,1,0,0
2005,20,2005-08-13,M.C.G.,Collingwood,Carlton,Carlton,Nick Stevens,13,5,18,0,1,0,3
2005,20,2005-08-13,M.C.G.,Collingwood,Carlton,Carlton,David Teague,7,3,1,0,0,0,3
2005,20,2005-08-13,M.C.G.,Collingwood,Carlton,Carlton,Bret Thornton,7,6,1,0,0,0,0
2005,20,2005-08-13,M.C.G.,Collingwood,Carlton,Carlton,Jarrad Waite,9,8,1,2,1,0,1
2005,20,2005-08-13,M.C.G.,Collingwood,Carlton,Carlton,Andrew Walker,8,4,4,0,0,3,3
2005,20,2005-08-13,M.C.G.,Collingwood,Carlton,Carlton,Lance Whitnall,9,6,7,0,0,1,1
2005,20,2005-08-13,M.C.G.,Collingwood,Carlton,Carlton,Simon Wiggins,2,1,3,1,0,0,1
2005,20,2005-08-13,Football Park,Port Adelaide,Adelaide,Port Adelaide,Dean Brogan,4,5,5,0,1,8,5
2005,20,2005-08-13,Football Park,Port Adelaide,Adelaide,Port Adelaide,Peter Burgoyne,17,3,6,0,0,0,2
2005,20,2005-08-13,Football Park,Port Adelaide,Adelaide,Port Adelaide,Shaun Burgoyne,20,11,12,1,0,0,2
2005,20,2005-08-13,Football Park,Port Adelaide,Adelaide,Port Adelaide,Domenic Cassisi,9,3,11,2,0,0,4
2005,20,2005-08-13,Football Park,Port Adelaide,Adelaide,Port Adelaide,Troy Chaplin,19,13,7,0,0,0,1
2005,20,2005-08-13,Football Park,Port Adelaide,Adelaide,Port Adelaide,Stuart Cochrane,7,1,8,0,0,0,2
2005,20,2005-08-13,Football Park,Port Adelaide,Adelaide,Port Adelaide,Kane Cornes,15,10,16,0,0,1,1
2005,20,2005-08-13,Football Park,Port Adelaide,Adelaide,Port Adelaide,Stuart Dew,9,2,6,0,2,0,3
2005,20,2005-08-13,Football Park,Port Adelaide,Adelaide,Port Adelaide,Brett Ebert,5,1,2,1,1,0,2
2005,20,2005-08-13,Football Park,Port Adelaide,Adelaide,Port Adelaide,Josh Francou,5,1,4,0,0,0,7
2005,20,2005-08-13,Football Park,Port Adelaide,Adelaide,Port Adelaide,Brendon Lade,11,7,1,0,1,22,2
2005,20,2005-08-13,Football Park,Port Adelaide,Adelaide,Port Adelaide,Josh Mahoney,4,2,5,1,0,0,0
2005,20,2005-08-13,Football Park,Port Adelaide,Adelaide,Port Adelaide,Brett Montgomery,5,4,8,1,0,1,4
2005,20,2005-08-13,Football Park,Port Adelaide,Adelaide,Port Adelaide,Danyle Pearce,4,1,3,1,0,0,0
2005,20,2005-08-13,Football Park,Port Adelaide,Adelaide,Port Adelaide,Michael Pettigrew,5,3,1,0,0,0,4
2005,20,2005-08-13,Football Park,Port Adelaide,Adelaide,Port Adelaide,Steven Salopek,5,2,1,0,0,0,0
2005,20,2005-08-13,Football Park,Port Adelaide,Adelaide,Port Adelaide,Warren Tredrea,8,4,4,1,1,1,2
2005,20,2005-08-13,Football Park,Port Adelaide,Adelaide,Port Adelaide,Darryl Wakelin,11,11,9,0,0,0,1
2005,20,2005-08-13,Football Park,Port Adelaide,Adelaide,Port Adelaide,Peter Walsh,11,5,15,0,0,0,1
2005,20,2005-08-13,Football Park,Port Adelaide,Adelaide,Port Adelaide,Gavin Wanganeen,13,6,6,3,1,0,1
2005,20,2005-08-13,Football Park,Port Adelaide,Adelaide,Port Adelaide,Damon White,6,4,1,1,0,0,0
2005,20,2005-08-13,Football Park,Port Adelaide,Adelaide,Port Adelaide,Michael Wilson,18,8,3,0,0,0,1
2005,20,2005-08-13,Football Park,Port Adelaide,Adelaide,Adelaide,Nathan Bassett,14,8,8,0,0,0,3
2005,20,2005-08-13,Football Park,Port Adelaide,Adelaide,Adelaide,Rhett Biglands,6,5,4,1,1,7,2
2005,20,2005-08-13,Football Park,Port Adelaide,Adelaide,Adelaide,Nathan Bock,13,3,4,0,0,0,1
2005,20,2005-08-13,Football Park,Port Adelaide,Adelaide,Adelaide,Brett Burton,8,7,7,0,0,0,4
2005,20,2005-08-13,Football Park,Port Adelaide,Adelaide,Adelaide,Michael Doughty,5,5,9,0,0,0,2
2005,20,2005-08-13,Football Park,Port Adelaide,Adelaide,Adelaide,Tyson Edwards,2,0,5,0,0,0,1
2005,20,2005-08-13,Football Park,Port Adelaide,Adelaide,Adelaide,Simon Goodwin,20,3,10,0,0,0,1
2005,20,2005-08-13,Football Park,Port Adelaide,Adelaide,Adelaide,Ben Hart,8,8,9,0,0,0,2
2005,20,2005-08-13,Football Park,Port Adelaide,Adelaide,Adelaide,Trent Hentschel,8,4,1,2,0,0,0
2005,20,2005-08-13,Football Park,Port Adelaide,Adelaide,Adelaide,Ben Hudson,4,1,6,0,0,6,2
2005,20,2005-08-13,Football Park,Port Adelaide,Adelaide,Adelaide,Graham Johncock,9,4,6,0,0,0,2
2005,20,2005-08-13,Football Park,Port Adelaide,Adelaide,Adelaide,Martin Mattner,6,3,9,1,0,0,3
2005,20,2005-08-13,Football Park,Port Adelaide,Adelaide,Adelaide,Ken McGregor,13,7,3,0,0,0,0
2005,20,2005-08-13,Football Park,Port Adelaide,Adelaide,Adelaide,Andrew McLeod,13,4,9,0,0,0,0
2005,20,2005-08-13,Football Park,Port Adelaide,Adelaide,Adelaide,Ian Perrie,11,7,5,2,0,0,1
2005,20,2005-08-13,Football Park,Port Adelaide,Adelaide,Adelaide,Brent Reilly,6,4,6,0,0,0,2
2005,20,2005-08-13,Football Park,Port Adelaide,Adelaide,Adelaide,Mark Ricciuto,16,6,10,2,0,0,4
2005,20,2005-08-13,Football Park,Port Adelaide,Adelaide,Adelaide,Ben Rutten,4,2,7,0,0,0,3
2005,20,2005-08-13,Football Park,Port Adelaide,Adelaide,Adelaide,Robert Shirley,8,5,7,0,1,0,0
2005,20,2005-08-13,Football Park,Port Adelaide,Adelaide,Adelaide,Hayden Skipworth,3,1,7,0,1,0,4
2005,20,2005-08-13,Football Park,Port Adelaide,Adelaide,Adelaide,Scott Thompson,12,7,7,4,2,1,2
2005,20,2005-08-13,Football Park,Port Adelaide,Adelaide,Adelaide,Scott Welsh,5,2,2,1,1,0,0
2005,20,2005-08-14,Stadium Australia,Sydney,Brisbane Lions,Sydney,Luke Ablett,13,4,3,0,0,0,2
2005,20,2005-08-14,Stadium Australia,Sydney,Brisbane Lions,Sydney,Jason Ball,5,3,4,0,0,27,2
2005,20,2005-08-14,Stadium Australia,Sydney,Brisbane Lions,Sydney,Leo Barry,8,7,7,0,0,0,1
2005,20,2005-08-14,Stadium Australia,Sydney,Brisbane Lions,Sydney,Craig Bolton,17,11,8,0,0,0,0
2005,20,2005-08-14,Stadium Australia,Sydney,Brisbane Lions,Sydney,Jude Bolton,13,6,6,0,0,0,2
2005,20,2005-08-14,Stadium Australia,Sydney,Brisbane Lions,Sydney,Amon Buchanan,10,3,7,1,0,0,0
2005,20,2005-08-14,Stadium Australia,Sydney,Brisbane Lions,Sydney,Jared Crouch,9,3,5,1,0,0,3
2005,20,2005-08-14,Stadium Australia,Sydney,Brisbane Lions,Sydney,Nick Davis,10,7,5,1,0,0,0
2005,20,2005-08-14,Stadium Australia,Sydney,Brisbane Lions,Sydney,Sean Dempster,6,4,1,0,0,0,1
2005,20,2005-08-14,Stadium Australia,Sydney,Brisbane Lions,Sydney,Nic Fosdike,9,3,6,0,0,0,0
2005,20,2005-08-14,Stadium Australia,Sydney,Brisbane Lions,Sydney,Adam Goodes,11,3,5,0,1,1,1
2005,20,2005-08-14,Stadium Australia,Sydney,Brisbane Lions,Sydney,Barry Hall,19,15,3,6,2,0,0
2005,20,2005-08-14,Stadium Australia,Sydney,Brisbane Lions,Sydney,Darren Jolly,2,4,3,1,0,19,0
2005,20,2005-08-14,Stadium Australia,Sydney,Brisbane Lions,Sydney,Tadhg Kennelly,12,8,5,1,0,0,1
2005,20,2005-08-14,Stadium Australia,Sydney,Brisbane Lions,Sydney,Brett Kirk,7,2,8,0,0,0,5
2005,20,2005-08-14,Stadium Australia,Sydney,Brisbane Lions,Sydney,Ben Mathews,11,3,9,1,0,0,5
2005,20,2005-08-14,Stadium Australia,Sydney,Brisbane Lions,Sydney,Ryan OKeefe,18,11,7,3,4,0,2
2005,20,2005-08-14,Stadium Australia,Sydney,Brisbane Lions,Sydney,Michael OLoughlin,8,4,0,4,0,0,0
2005,20,2005-08-14,Stadium Australia,Sydney,Brisbane Lions,Sydney,Lewis Roberts-Thomson,13,12,5,0,0,4,1
2005,20,2005-08-14,Stadium Australia,Sydney,Brisbane Lions,Sydney,Adam Schneider,14,10,5,0,0,0,0
2005,20,2005-08-14,Stadium Australia,Sydney,Brisbane Lions,Sydney,Luke Vogels,5,2,3,0,1,0,0
2005,20,2005-08-14,Stadium Australia,Sydney,Brisbane Lions,Sydney,Paul Williams,13,2,8,0,0,0,3
2005,20,2005-08-14,Stadium Australia,Sydney,Brisbane Lions,Brisbane Lions,Jed Adcock,1,0,0,0,0,0,0
2005,20,2005-08-14,Stadium Australia,Sydney,Brisbane Lions,Brisbane Lions,Jason Akermanis,15,4,7,0,0,0,3
2005,20,2005-08-14,Stadium Australia,Sydney,Brisbane Lions,Brisbane Lions,Travis Baird,1,0,1,0,0,0,2
2005,20,2005-08-14,Stadium Australia,Sydney,Brisbane Lions,Brisbane Lions,Daniel Bradshaw,3,2,5,0,0,0,3
2005,20,2005-08-14,Stadium Australia,Sydney,Brisbane Lions,Brisbane Lions,Jared Brennan,7,3,5,0,0,0,1
2005,20,2005-08-14,Stadium Australia,Sydney,Brisbane Lions,Brisbane Lions,Robert Copeland,9,5,6,1,0,0,7
2005,20,2005-08-14,Stadium Australia,Sydney,Brisbane Lions,Brisbane Lions,Anthony Corrie,4,1,1,0,0,0,2
2005,20,2005-08-14,Stadium Australia,Sydney,Brisbane Lions,Brisbane Lions,Chris Johnson,18,10,3,1,0,0,2
2005,20,2005-08-14,Stadium Australia,Sydney,Brisbane Lions,Brisbane Lions,Nigel Lappin,9,3,6,0,1,0,4
2005,20,2005-08-14,Stadium Australia,Sydney,Brisbane Lions,Brisbane Lions,Ashley McGrath,3,2,2,1,0,0,3
2005,20,2005-08-14,Stadium Australia,Sydney,Brisbane Lions,Brisbane Lions,Dylan McLaren,3,2,5,0,0,13,4
2005,20,2005-08-14,Stadium Australia,Sydney,Brisbane Lions,Brisbane Lions,Daniel Merrett,3,1,2,0,1,1,2
2005,20,2005-08-14,Stadium Australia,Sydney,Brisbane Lions,Brisbane Lions,Mal Michael,3,0,0,1,0,0,1
2005,20,2005-08-14,Stadium Australia,Sydney,Brisbane Lions,Brisbane Lions,Matthew Moody,8,6,0,0,0,0,0
2005,20,2005-08-14,Stadium Australia,Sydney,Brisbane Lions,Brisbane Lions,Tim Notting,13,10,1,0,1,1,0
2005,20,2005-08-14,Stadium Australia,Sydney,Brisbane Lions,Brisbane Lions,Luke Power,14,7,4,0,0,0,2
2005,20,2005-08-14,Stadium Australia,Sydney,Brisbane Lions,Brisbane Lions,Brad Scott,15,9,4,0,0,0,2
2005,20,2005-08-14,Stadium Australia,Sydney,Brisbane Lions,Brisbane Lions,Chris Scott,6,5,3,0,0,0,3
2005,20,2005-08-14,Stadium Australia,Sydney,Brisbane Lions,Brisbane Lions,Justin Sherman,9,3,3,1,0,0,4
2005,20,2005-08-14,Stadium Australia,Sydney,Brisbane Lions,Brisbane Lions,Llane Spaanderman,4,2,2,1,0,4,0
2005,20,2005-08-14,Stadium Australia,Sydney,Brisbane Lions,Brisbane Lions,Michael Voss,7,4,13,0,0,0,7
2005,20,2005-08-14,Stadium Australia,Sydney,Brisbane Lions,Brisbane Lions,Darryl White,6,5,7,0,0,0,2
2005,20,2005-08-14,M.C.G.,Hawthorn,Essendon,Hawthorn,Campbell Brown,11,6,5,0,0,0,2
2005,20,2005-08-14,M.C.G.,Hawthorn,Essendon,Hawthorn,Tim Clarke,9,6,10,0,0,0,1
2005,20,2005-08-14,M.C.G.,Hawthorn,Essendon,Hawthorn,Shane Crawford,17,12,13,1,0,0,5
2005,20,2005-08-14,M.C.G.,Hawthorn,Essendon,Hawthorn,Trent Croad,17,13,5,3,2,0,0
2005,20,2005-08-14,M.C.G.,Hawthorn,Essendon,Hawthorn,Ben Dixon,10,5,3,4,3,0,1
2005,20,2005-08-14,M.C.G.,Hawthorn,Essendon,Hawthorn,Peter Everitt,11,4,8,1,0,31,3
2005,20,2005-08-14,M.C.G.,Hawthorn,Essendon,Hawthorn,Lance Franklin,7,2,3,1,1,0,1
2005,20,2005-08-14,M.C.G.,Hawthorn,Essendon,Hawthorn,Jonathan Hay,3,5,9,0,0,0,2
2005,20,2005-08-14,M.C.G.,Hawthorn,Essendon,Hawthorn,Luke Hodge,22,4,14,0,0,0,2
2005,20,2005-08-14,M.C.G.,Hawthorn,Essendon,Hawthorn,Danny Jacobs,17,15,4,0,0,0,0
2005,20,2005-08-14,M.C.G.,Hawthorn,Essendon,Hawthorn,Angelo Lekkas,8,5,9,0,0,0,6
2005,20,2005-08-14,M.C.G.,Hawthorn,Essendon,Hawthorn,Jordan Lewis,9,6,8,0,0,0,1
2005,20,2005-08-14,M.C.G.,Hawthorn,Essendon,Hawthorn,Nathan Lonie,16,5,3,1,1,0,0
2005,20,2005-08-14,M.C.G.,Hawthorn,Essendon,Hawthorn,Harry Miller,7,2,3,1,1,0,1
2005,20,2005-08-14,M.C.G.,Hawthorn,Essendon,Hawthorn,Michael Osborne,4,2,2,0,1,0,1
2005,20,2005-08-14,M.C.G.,Hawthorn,Essendon,Hawthorn,Nick Ries,6,3,12,0,1,0,5
2005,20,2005-08-14,M.C.G.,Hawthorn,Essendon,Hawthorn,Jarryd Roughead,6,5,9,0,0,0,0
2005,20,2005-08-14,M.C.G.,Hawthorn,Essendon,Hawthorn,Brad Sewell,8,3,9,0,0,0,2
2005,20,2005-08-14,M.C.G.,Hawthorn,Essendon,Hawthorn,Joel Smith,6,2,8,0,0,0,3
2005,20,2005-08-14,M.C.G.,Hawthorn,Essendon,Hawthorn,Simon Taylor,5,3,5,3,0,7,1
2005,20,2005-08-14,M.C.G.,Hawthorn,Essendon,Hawthorn,Richard Vandenberg,12,1,11,2,3,0,2
2005,20,2005-08-14,M.C.G.,Hawthorn,Essendon,Hawthorn,Clinton Young,2,0,2,0,0,0,3
2005,20,2005-08-14,M.C.G.,Hawthorn,Essendon,Essendon,Mark Bolton,3,2,4,0,0,1,1
2005,20,2005-08-14,M.C.G.,Hawthorn,Essendon,Essendon,Kepler Bradley,6,5,7,0,1,0,4
2005,20,2005-08-14,M.C.G.,Hawthorn,Essendon,Essendon,Marcus Bullen,3,2,2,0,0,0,0
2005,20,2005-08-14,M.C.G.,Hawthorn,Essendon,Essendon,Tristan Cartledge,1,1,1,0,0,2,1
2005,20,2005-08-14,M.C.G.,Hawthorn,Essendon,Essendon,Ricky Dyson,11,4,4,0,1,0,1
2005,20,2005-08-14,M.C.G.,Hawthorn,Essendon,Essendon,David Hille,10,7,7,3,1,17,0
2005,20,2005-08-14,M.C.G.,Hawthorn,Essendon,Essendon,James Hird,15,6,1,2,0,0,2
2005,20,2005-08-14,M.C.G.,Hawthorn,Essendon,Essendon,Jason Johnson,18,4,7,0,0,0,3
2005,20,2005-08-14,M.C.G.,Hawthorn,Essendon,Essendon,Mark Johnson,8,3,8,1,0,0,6
2005,20,2005-08-14,M.C.G.,Hawthorn,Essendon,Essendon,Matthew Lloyd,8,3,4,3,0,0,0
2005,20,2005-08-14,M.C.G.,Hawthorn,Essendon,Essendon,Andrew Lovett,12,9,8,1,1,0,1
2005,20,2005-08-14,M.C.G.,Hawthorn,Essendon,Essendon,Nathan Lovett-Murray,11,4,7,1,0,0,3
2005,20,2005-08-14,M.C.G.,Hawthorn,Essendon,Essendon,Scott Lucas,13,4,0,1,2,1,0
2005,20,2005-08-14,M.C.G.,Hawthorn,Essendon,Essendon,Mark McVeigh,8,1,3,0,0,0,1
2005,20,2005-08-14,M.C.G.,Hawthorn,Essendon,Essendon,Justin Murphy,3,1,3,0,0,0,2
2005,20,2005-08-14,M.C.G.,Hawthorn,Essendon,Essendon,Damien Peverill,6,2,5,0,0,0,2
2005,20,2005-08-14,M.C.G.,Hawthorn,Essendon,Essendon,Ted Richards,5,8,7,0,0,1,0
2005,20,2005-08-14,M.C.G.,Hawthorn,Essendon,Essendon,Henry Slattery,7,4,5,0,0,0,1
2005,20,2005-08-14,M.C.G.,Hawthorn,Essendon,Essendon,Brent Stanton,15,5,5,3,1,0,7
2005,20,2005-08-14,M.C.G.,Hawthorn,Essendon,Essendon,Jobe Watson,9,5,7,1,0,0,3
2005,20,2005-08-14,M.C.G.,Hawthorn,Essendon,Essendon,Andrew Welsh,9,2,5,0,0,0,0
2005,20,2005-08-14,M.C.G.,Hawthorn,Essendon,Essendon,Jason Winderlich,5,2,8,0,1,0,2
2005,20,2005-08-14,Docklands,Richmond,Western Bulldogs,Richmond,Joel Bowden,19,1,8,0,0,0,2
2005,20,2005-08-14,Docklands,Richmond,Western Bulldogs,Richmond,Wayne Campbell,9,3,12,1,2,0,2
2005,20,2005-08-14,Docklands,Richmond,Western Bulldogs,Richmond,Mark Coughlan,13,4,11,0,0,0,7
2005,20,2005-08-14,Docklands,Richmond,Western Bulldogs,Richmond,Brett Deledio,9,6,7,0,0,0,1
2005,20,2005-08-14,Docklands,Richmond,Western Bulldogs,Richmond,Nathan Foley,9,3,4,1,0,0,6
2005,20,2005-08-14,Docklands,Richmond,Western Bulldogs,Richmond,Darren Gaspar,2,0,4,0,0,0,1
2005,20,2005-08-14,Docklands,Richmond,Western Bulldogs,Richmond,Mark Graham,5,4,1,0,0,0,0
2005,20,2005-08-14,Docklands,Richmond,Western Bulldogs,Richmond,Ray Hall,3,4,9,0,0,4,2
2005,20,2005-08-14,Docklands,Richmond,Western Bulldogs,Richmond,Brent Hartigan,14,4,4,0,1,0,1
2005,20,2005-08-14,Docklands,Richmond,Western Bulldogs,Richmond,Rory Hilton,9,4,9,0,0,0,4
2005,20,2005-08-14,Docklands,Richmond,Western Bulldogs,Richmond,Chris Hyde,5,3,7,0,0,0,3
2005,20,2005-08-14,Docklands,Richmond,Western Bulldogs,Richmond,Daniel Jackson,2,1,6,0,0,0,1
2005,20,2005-08-14,Docklands,Richmond,Western Bulldogs,Richmond,Kane Johnson,19,5,7,1,0,0,3
2005,20,2005-08-14,Docklands,Richmond,Western Bulldogs,Richmond,Kelvin Moore,5,3,3,1,0,1,1
2005,20,2005-08-14,Docklands,Richmond,Western Bulldogs,Richmond,Chris Newman,12,3,7,0,1,0,3
2005,20,2005-08-14,Docklands,Richmond,Western Bulldogs,Richmond,Kayne Pettifer,13,6,7,1,0,0,1
2005,20,2005-08-14,Docklands,Richmond,Western Bulldogs,Richmond,Matthew Richardson,14,9,3,6,1,0,0
2005,20,2005-08-14,Docklands,Richmond,Western Bulldogs,Richmond,Troy Simmonds,13,7,4,2,2,24,3
2005,20,2005-08-14,Docklands,Richmond,Western Bulldogs,Richmond,Greg Stafford,7,4,1,2,1,5,1
2005,20,2005-08-14,Docklands,Richmond,Western Bulldogs,Richmond,Richard Tambling,2,1,4,0,0,0,1
2005,20,2005-08-14,Docklands,Richmond,Western Bulldogs,Richmond,Greg Tivendale,1,0,2,0,0,0,0
2005,20,2005-08-14,Docklands,Richmond,Western Bulldogs,Richmond,Shane Tuck,14,7,15,1,1,1,2
2005,20,2005-08-14,Docklands,Richmond,Western Bulldogs,Western Bulldogs,Matthew Boyd,7,2,6,1,0,1,1
2005,20,2005-08-14,Docklands,Richmond,Western Bulldogs,Western Bulldogs,Adam Cooney,8,3,5,0,1,0,3
2005,20,2005-08-14,Docklands,Richmond,Western Bulldogs,Western Bulldogs,Daniel Cross,12,8,17,1,1,0,7
2005,20,2005-08-14,Docklands,Richmond,Western Bulldogs,Western Bulldogs,Nathan Eagleton,9,2,7,0,0,0,4
2005,20,2005-08-14,Docklands,Richmond,Western Bulldogs,Western Bulldogs,Daniel Giansiracusa,3,1,5,1,0,0,3
2005,20,2005-08-14,Docklands,Richmond,Western Bulldogs,Western Bulldogs,Lindsay Gilbee,9,2,11,1,0,1,1
2005,20,2005-08-14,Docklands,Richmond,Western Bulldogs,Western Bulldogs,Chris Grant,2,1,3,2,0,0,0
2005,20,2005-08-14,Docklands,Richmond,Western Bulldogs,Western Bulldogs,Ryan Griffen,10,2,8,0,0,1,4
2005,20,2005-08-14,Docklands,Richmond,Western Bulldogs,Western Bulldogs,Mitch Hahn,12,3,6,1,2,0,2
2005,20,2005-08-14,Docklands,Richmond,Western Bulldogs,Western Bulldogs,Ryan Hargrave,6,3,5,0,0,1,3
2005,20,2005-08-14,Docklands,Richmond,Western Bulldogs,Western Bulldogs,Brad Johnson,16,5,4,4,1,0,2
2005,20,2005-08-14,Docklands,Richmond,Western Bulldogs,Western Bulldogs,Brian Lake,7,3,4,0,0,0,2
2005,20,2005-08-14,Docklands,Richmond,Western Bulldogs,Western Bulldogs,Jordan McMahon,11,1,6,0,0,0,2
2005,20,2005-08-14,Docklands,Richmond,Western Bulldogs,Western Bulldogs,Will Minson,8,3,3,2,0,11,6
2005,20,2005-08-14,Docklands,Richmond,Western Bulldogs,Western Bulldogs,Dale Morris,1,1,8,0,0,0,6
2005,20,2005-08-14,Docklands,Richmond,Western Bulldogs,Western Bulldogs,Robert Murphy,15,9,5,3,2,0,3
2005,20,2005-08-14,Docklands,Richmond,Western Bulldogs,Western Bulldogs,Farren Ray,3,1,2,0,0,0,1
2005,20,2005-08-14,Docklands,Richmond,Western Bulldogs,Western Bulldogs,Matthew Robbins,7,4,1,1,1,0,3
2005,20,2005-08-14,Docklands,Richmond,Western Bulldogs,Western Bulldogs,Wayde Skipper,3,2,4,0,0,0,0
2005,20,2005-08-14,Docklands,Richmond,Western Bulldogs,Western Bulldogs,Rohan Smith,7,5,8,0,0,0,2
2005,20,2005-08-14,Docklands,Richmond,Western Bulldogs,Western Bulldogs,Peter Street,2,2,0,1,0,22,4
2005,20,2005-08-14,Docklands,Richmond,Western Bulldogs,Western Bulldogs,Scott West,11,3,16,0,0,0,4
2005,21,2005-08-19,Subiaco,Fremantle,St Kilda,Fremantle,Heath Black,11,3,2,0,0,0,2
2005,21,2005-08-19,Subiaco,Fremantle,St Kilda,Fremantle,Josh Carr,11,3,8,0,0,0,8
2005,21,2005-08-19,Subiaco,Fremantle,St Kilda,Fremantle,Matthew Carr,14,7,5,0,0,0,8
2005,21,2005-08-19,Subiaco,Fremantle,St Kilda,Fremantle,Troy Cook,5,2,7,0,0,0,4
2005,21,2005-08-19,Subiaco,Fremantle,St Kilda,Fremantle,Ryan Crowley,7,1,3,0,0,0,1
2005,21,2005-08-19,Subiaco,Fremantle,St Kilda,Fremantle,Steven Dodd,4,1,3,0,0,0,2
2005,21,2005-08-19,Subiaco,Fremantle,St Kilda,Fremantle,Jeff Farmer,5,0,0,1,1,0,4
2005,21,2005-08-19,Subiaco,Fremantle,St Kilda,Fremantle,Antoni Grover,11,10,8,0,0,0,4
2005,21,2005-08-19,Subiaco,Fremantle,St Kilda,Fremantle,Paul Hasleby,18,7,13,0,0,0,3
2005,21,2005-08-19,Subiaco,Fremantle,St Kilda,Fremantle,Justin Longmuir,11,5,11,1,0,4,3
2005,21,2005-08-19,Subiaco,Fremantle,St Kilda,Fremantle,Luke McPharlin,11,6,2,4,1,0,1
2005,21,2005-08-19,Subiaco,Fremantle,St Kilda,Fremantle,Paul Medhurst,2,1,2,1,0,0,0
2005,21,2005-08-19,Subiaco,Fremantle,St Kilda,Fremantle,David Mundy,9,5,9,0,0,0,4
2005,21,2005-08-19,Subiaco,Fremantle,St Kilda,Fremantle,Shane Parker,5,2,3,0,0,0,1
2005,21,2005-08-19,Subiaco,Fremantle,St Kilda,Fremantle,Matthew Pavlich,10,5,2,4,1,0,2
2005,21,2005-08-19,Subiaco,Fremantle,St Kilda,Fremantle,Brett Peake,12,4,5,1,0,0,1
2005,21,2005-08-19,Subiaco,Fremantle,St Kilda,Fremantle,Graham Polak,9,6,6,0,0,0,0
2005,21,2005-08-19,Subiaco,Fremantle,St Kilda,Fremantle,Aaron Sandilands,7,5,4,0,1,35,2
2005,21,2005-08-19,Subiaco,Fremantle,St Kilda,Fremantle,Byron Schammer,5,2,8,0,0,0,1
2005,21,2005-08-19,Subiaco,Fremantle,St Kilda,Fremantle,Jarrad Schofield,2,1,4,0,1,0,0
2005,21,2005-08-19,Subiaco,Fremantle,St Kilda,Fremantle,Scott Thornton,0,1,4,0,0,0,0
2005,21,2005-08-19,Subiaco,Fremantle,St Kilda,Fremantle,James Walker,4,3,3,0,0,0,6
2005,21,2005-08-19,Subiaco,Fremantle,St Kilda,St Kilda,Cain Ackland,3,2,4,1,0,11,1
2005,21,2005-08-19,Subiaco,Fremantle,St Kilda,St Kilda,Steven Baker,16,10,4,0,0,0,2
2005,21,2005-08-19,Subiaco,Fremantle,St Kilda,St Kilda,Luke Ball,14,4,7,0,1,0,9
2005,21,2005-08-19,Subiaco,Fremantle,St Kilda,St Kilda,Jason Blake,9,5,2,0,0,7,2
2005,21,2005-08-19,Subiaco,Fremantle,St Kilda,St Kilda,Nick Dal Santo,11,3,4,2,0,1,4
2005,21,2005-08-19,Subiaco,Fremantle,St Kilda,St Kilda,Fraser Gehrig,7,5,1,4,2,0,0
2005,21,2005-08-19,Subiaco,Fremantle,St Kilda,St Kilda,Brendon Goddard,13,6,1,0,0,0,1
2005,21,2005-08-19,Subiaco,Fremantle,St Kilda,St Kilda,Jason Gram,6,3,6,0,0,0,1
2005,21,2005-08-19,Subiaco,Fremantle,St Kilda,St Kilda,Aaron Hamill,8,6,8,0,0,3,3
2005,21,2005-08-19,Subiaco,Fremantle,St Kilda,St Kilda,Robert Harvey,18,5,7,3,1,0,4
2005,21,2005-08-19,Subiaco,Fremantle,St Kilda,St Kilda,Lenny Hayes,6,2,4,0,0,0,6
2005,21,2005-08-19,Subiaco,Fremantle,St Kilda,St Kilda,Austinn Jones,9,5,2,0,0,0,1
2005,21,2005-08-19,Subiaco,Fremantle,St Kilda,St Kilda,Justin Koschitzke,6,5,2,0,1,3,1
2005,21,2005-08-19,Subiaco,Fremantle,St Kilda,St Kilda,Matt Maguire,4,1,3,0,0,0,0
2005,21,2005-08-19,Subiaco,Fremantle,St Kilda,St Kilda,Stephen Milne,6,3,2,0,0,0,0
2005,21,2005-08-19,Subiaco,Fremantle,St Kilda,St Kilda,Leigh Montagna,16,8,6,0,1,0,4
2005,21,2005-08-19,Subiaco,Fremantle,St Kilda,St Kilda,Justin Peckett,13,6,6,1,0,0,1
2005,21,2005-08-19,Subiaco,Fremantle,St Kilda,St Kilda,Luke Penny,0,0,0,0,0,0,0
2005,21,2005-08-19,Subiaco,Fremantle,St Kilda,St Kilda,Stephen Powell,6,2,12,0,2,0,5
2005,21,2005-08-19,Subiaco,Fremantle,St Kilda,St Kilda,Nick Riewoldt,11,9,5,0,1,3,3
2005,21,2005-08-19,Subiaco,Fremantle,St Kilda,St Kilda,Andrew Thompson,7,5,5,0,0,0,1
2005,21,2005-08-19,Subiaco,Fremantle,St Kilda,St Kilda,Brett Voss,14,7,4,0,0,0,2
2005,21,2005-08-20,Kardinia Park,Geelong,West Coast,Geelong,Gary Ablett,12,4,7,1,0,0,6
2005,21,2005-08-20,Kardinia Park,Geelong,West Coast,Geelong,Nathan Ablett,7,6,3,4,1,0,1
2005,21,2005-08-20,Kardinia Park,Geelong,West Coast,Geelong,Jimmy Bartel,21,9,9,0,0,0,6
2005,21,2005-08-20,Kardinia Park,Geelong,West Coast,Geelong,Shannon Byrnes,6,2,4,0,0,0,3
2005,21,2005-08-20,Kardinia Park,Geelong,West Coast,Geelong,Paul Chambers,1,1,3,0,0,11,1
2005,21,2005-08-20,Kardinia Park,Geelong,West Coast,Geelong,Joel Corey,17,7,5,0,0,0,7
2005,21,2005-08-20,Kardinia Park,Geelong,West Coast,Geelong,Matthew Egan,4,5,6,0,0,0,1
2005,21,2005-08-20,Kardinia Park,Geelong,West Coast,Geelong,Tom Harley,4,5,3,0,0,0,4
2005,21,2005-08-20,Kardinia Park,Geelong,West Coast,Geelong,Steve Johnson,20,7,2,3,3,0,2
2005,21,2005-08-20,Kardinia Park,Geelong,West Coast,Geelong,James Kelly,11,3,13,0,0,0,4
2005,21,2005-08-20,Kardinia Park,Geelong,West Coast,Geelong,Steven King,12,6,5,1,0,6,4
2005,21,2005-08-20,Kardinia Park,Geelong,West Coast,Geelong,Kent Kingsley,6,8,6,2,0,0,3
2005,21,2005-08-20,Kardinia Park,Geelong,West Coast,Geelong,Cameron Ling,14,4,10,1,0,0,1
2005,21,2005-08-20,Kardinia Park,Geelong,West Coast,Geelong,Andrew Mackie,12,4,4,1,1,0,4
2005,21,2005-08-20,Kardinia Park,Geelong,West Coast,Geelong,Darren Milburn,13,9,9,0,1,1,2
2005,21,2005-08-20,Kardinia Park,Geelong,West Coast,Geelong,Cameron Mooney,13,5,13,0,0,0,2
2005,21,2005-08-20,Kardinia Park,Geelong,West Coast,Geelong,Henry Playfair,6,4,8,0,1,0,3
2005,21,2005-08-20,Kardinia Park,Geelong,West Coast,Geelong,Peter Riccardi,10,4,3,2,2,0,1
2005,21,2005-08-20,Kardinia Park,Geelong,West Coast,Geelong,Max Rooke,12,3,6,0,0,0,5
2005,21,2005-08-20,Kardinia Park,Geelong,West Coast,Geelong,Brenton Sanderson,10,7,10,0,0,0,1
2005,21,2005-08-20,Kardinia Park,Geelong,West Coast,Geelong,Matthew Scarlett,18,10,2,0,0,0,3
2005,21,2005-08-20,Kardinia Park,Geelong,West Coast,Geelong,Kane Tenace,10,2,4,1,0,0,2
2005,21,2005-08-20,Kardinia Park,Geelong,West Coast,West Coast,Drew Banfield,7,3,10,0,0,0,0
2005,21,2005-08-20,Kardinia Park,Geelong,West Coast,West Coast,Michael Braun,11,5,11,0,0,0,2
2005,21,2005-08-20,Kardinia Park,Geelong,West Coast,West Coast,Daniel Chick,11,3,7,0,0,0,5
2005,21,2005-08-20,Kardinia Park,Geelong,West Coast,West Coast,Ben Cousins,12,3,4,1,0,0,1
2005,21,2005-08-20,Kardinia Park,Geelong,West Coast,West Coast,Dean Cox,8,3,4,0,0,24,1
2005,21,2005-08-20,Kardinia Park,Geelong,West Coast,West Coast,Chad Fletcher,16,6,10,0,0,0,1
2005,21,2005-08-20,Kardinia Park,Geelong,West Coast,West Coast,Darren Glass,3,1,5,0,0,0,2
2005,21,2005-08-20,Kardinia Park,Geelong,West Coast,West Coast,Kasey Green,5,1,2,0,0,0,4
2005,21,2005-08-20,Kardinia Park,Geelong,West Coast,West Coast,Ashley Hansen,3,3,5,0,0,0,0
2005,21,2005-08-20,Kardinia Park,Geelong,West Coast,West Coast,Adam Hunter,8,6,14,0,0,0,2
2005,21,2005-08-20,Kardinia Park,Geelong,West Coast,West Coast,Brett Jones,0,0,3,0,0,0,0
2005,21,2005-08-20,Kardinia Park,Geelong,West Coast,West Coast,Rowan Jones,6,4,11,0,0,0,2
2005,21,2005-08-20,Kardinia Park,Geelong,West Coast,West Coast,Chris Judd,10,2,10,0,0,0,4
2005,21,2005-08-20,Kardinia Park,Geelong,West Coast,West Coast,Daniel Kerr,11,4,2,0,0,0,3
2005,21,2005-08-20,Kardinia Park,Geelong,West Coast,West Coast,Quinten Lynch,6,3,1,0,0,1,2
2005,21,2005-08-20,Kardinia Park,Geelong,West Coast,West Coast,Mitch Morton,3,1,2,0,0,0,0
2005,21,2005-08-20,Kardinia Park,Geelong,West Coast,West Coast,Mark Nicoski,10,4,11,1,1,0,4
2005,21,2005-08-20,Kardinia Park,Geelong,West Coast,West Coast,Ashley Sampi,6,2,3,0,1,0,4
2005,21,2005-08-20,Kardinia Park,Geelong,West Coast,West Coast,Mark Seaby,3,4,9,1,0,22,0
2005,21,2005-08-20,Kardinia Park,Geelong,West Coast,West Coast,Adam Selwood,5,2,8,0,0,0,3
2005,21,2005-08-20,Kardinia Park,Geelong,West Coast,West Coast,Brent Staker,7,4,4,2,0,0,1
2005,21,2005-08-20,Kardinia Park,Geelong,West Coast,West Coast,Tyson Stenglein,8,5,2,0,1,0,7
2005,21,2005-08-20,Football Park,Adelaide,Collingwood,Adelaide,Nathan Bassett,8,5,3,0,0,0,0
2005,21,2005-08-20,Football Park,Adelaide,Collingwood,Adelaide,Rhett Biglands,7,4,4,0,1,12,1
2005,21,2005-08-20,Football Park,Adelaide,Collingwood,Adelaide,Nathan Bock,16,4,4,1,0,0,1
2005,21,2005-08-20,Football Park,Adelaide,Collingwood,Adelaide,Brett Burton,19,6,5,1,1,1,1
2005,21,2005-08-20,Football Park,Adelaide,Collingwood,Adelaide,Matthew Clarke,3,2,6,0,0,18,0
2005,21,2005-08-20,Football Park,Adelaide,Collingwood,Adelaide,Michael Doughty,5,4,10,0,1,0,3
2005,21,2005-08-20,Football Park,Adelaide,Collingwood,Adelaide,Tyson Edwards,13,4,15,1,1,0,5
2005,21,2005-08-20,Football Park,Adelaide,Collingwood,Adelaide,Simon Goodwin,5,6,15,0,0,0,5
2005,21,2005-08-20,Football Park,Adelaide,Collingwood,Adelaide,Ben Hart,9,4,8,0,0,0,0
2005,21,2005-08-20,Football Park,Adelaide,Collingwood,Adelaide,Trent Hentschel,13,5,3,5,5,0,3
2005,21,2005-08-20,Football Park,Adelaide,Collingwood,Adelaide,Graham Johncock,7,5,12,0,0,0,0
2005,21,2005-08-20,Football Park,Adelaide,Collingwood,Adelaide,Martin Mattner,9,1,9,0,2,0,1
2005,21,2005-08-20,Football Park,Adelaide,Collingwood,Adelaide,Ken McGregor,7,5,3,3,1,0,0
2005,21,2005-08-20,Football Park,Adelaide,Collingwood,Adelaide,Andrew McLeod,9,3,10,0,2,0,1
2005,21,2005-08-20,Football Park,Adelaide,Collingwood,Adelaide,Ian Perrie,9,6,7,3,0,0,4
2005,21,2005-08-20,Football Park,Adelaide,Collingwood,Adelaide,Brent Reilly,8,3,5,0,2,0,0
2005,21,2005-08-20,Football Park,Adelaide,Collingwood,Adelaide,Mark Ricciuto,13,6,11,2,0,0,0
2005,21,2005-08-20,Football Park,Adelaide,Collingwood,Adelaide,Ben Rutten,4,1,5,0,0,0,2
2005,21,2005-08-20,Football Park,Adelaide,Collingwood,Adelaide,Robert Shirley,6,2,16,1,0,0,3
2005,21,2005-08-20,Football Park,Adelaide,Collingwood,Adelaide,Hayden Skipworth,10,4,6,0,1,0,1
2005,21,2005-08-20,Football Park,Adelaide,Collingwood,Adelaide,Scott Thompson,17,9,9,2,0,0,2
2005,21,2005-08-20,Football Park,Adelaide,Collingwood,Adelaide,Scott Welsh,7,1,1,3,0,0,2
2005,21,2005-08-20,Football Park,Adelaide,Collingwood,Collingwood,Nathan Buckley,12,5,7,0,1,0,5
2005,21,2005-08-20,Football Park,Adelaide,Collingwood,Collingwood,Scott Burns,7,8,9,0,1,0,2
2005,21,2005-08-20,Football Park,Adelaide,Collingwood,Collingwood,Blake Caracella,5,4,4,1,0,0,0
2005,21,2005-08-20,Football Park,Adelaide,Collingwood,Collingwood,James Clement,16,7,7,0,0,0,0
2005,21,2005-08-20,Football Park,Adelaide,Collingwood,Collingwood,Jason Cloke,5,2,2,1,0,0,4
2005,21,2005-08-20,Football Park,Adelaide,Collingwood,Collingwood,Ben Davies,16,9,5,0,0,0,2
2005,21,2005-08-20,Football Park,Adelaide,Collingwood,Collingwood,Leon Davis,10,6,3,0,1,0,3
2005,21,2005-08-20,Football Park,Adelaide,Collingwood,Collingwood,David Fanning,12,9,4,0,1,10,1
2005,21,2005-08-20,Football Park,Adelaide,Collingwood,Collingwood,Brodie Holland,14,7,10,0,0,0,7
2005,21,2005-08-20,Football Park,Adelaide,Collingwood,Collingwood,Paul Licuria,11,6,11,0,1,0,5
2005,21,2005-08-20,Football Park,Adelaide,Collingwood,Collingwood,Tarkyn Lockyer,15,8,6,1,1,0,4
2005,21,2005-08-20,Football Park,Adelaide,Collingwood,Collingwood,Matthew Lokan,6,1,1,1,1,1,0
2005,21,2005-08-20,Football Park,Adelaide,Collingwood,Collingwood,Heritier Lumumba,4,1,2,0,0,0,2
2005,21,2005-08-20,Football Park,Adelaide,Collingwood,Collingwood,Nick Maxwell,6,3,4,0,0,0,2
2005,21,2005-08-20,Football Park,Adelaide,Collingwood,Collingwood,Chad Morrison,10,5,7,0,1,0,2
2005,21,2005-08-20,Football Park,Adelaide,Collingwood,Collingwood,Shane OBree,12,5,13,0,0,0,4
2005,21,2005-08-20,Football Park,Adelaide,Collingwood,Collingwood,Simon Prestigiacomo,2,1,2,0,0,1,2
2005,21,2005-08-20,Football Park,Adelaide,Collingwood,Collingwood,Guy Richards,4,3,2,0,0,17,0
2005,21,2005-08-20,Football Park,Adelaide,Collingwood,Collingwood,Heath Shaw,10,9,4,1,0,0,1
2005,21,2005-08-20,Football Park,Adelaide,Collingwood,Collingwood,Dane Swan,11,6,1,0,0,0,3
2005,21,2005-08-20,Football Park,Adelaide,Collingwood,Collingwood,Shane Wakelin,7,7,3,0,0,0,1
2005,21,2005-08-20,Football Park,Adelaide,Collingwood,Collingwood,Shane Woewodin,14,8,4,0,0,0,2
2005,21,2005-08-20,M.C.G.,Melbourne,Western Bulldogs,Melbourne,Steven Armstrong,4,1,0,1,0,0,2
2005,21,2005-08-20,M.C.G.,Melbourne,Western Bulldogs,Melbourne,Daniel Bell,6,1,5,0,0,0,2
2005,21,2005-08-20,M.C.G.,Melbourne,Western Bulldogs,Melbourne,Nathan Brown,21,11,4,0,0,0,0
2005,21,2005-08-20,M.C.G.,Melbourne,Western Bulldogs,Melbourne,Nathan Carroll,7,2,6,0,0,1,2
2005,21,2005-08-20,M.C.G.,Melbourne,Western Bulldogs,Melbourne,Aaron Davey,12,5,3,1,3,0,4
2005,21,2005-08-20,M.C.G.,Melbourne,Western Bulldogs,Melbourne,Simon Godfrey,4,3,3,0,0,0,1
2005,21,2005-08-20,M.C.G.,Melbourne,Western Bulldogs,Melbourne,Brad Green,11,8,9,1,1,0,1
2005,21,2005-08-20,M.C.G.,Melbourne,Western Bulldogs,Melbourne,Ben Holland,5,3,7,1,1,0,1
2005,21,2005-08-20,M.C.G.,Melbourne,Western Bulldogs,Melbourne,Travis Johnstone,17,5,5,0,2,0,2
2005,21,2005-08-20,M.C.G.,Melbourne,Western Bulldogs,Melbourne,James McDonald,5,0,5,0,0,1,4
2005,21,2005-08-20,M.C.G.,Melbourne,Western Bulldogs,Melbourne,Brock McLean,4,5,9,0,0,0,3
2005,21,2005-08-20,M.C.G.,Melbourne,Western Bulldogs,Melbourne,Brad Miller,4,3,5,0,0,1,0
2005,21,2005-08-20,M.C.G.,Melbourne,Western Bulldogs,Melbourne,Brent Moloney,13,4,5,0,1,0,3
2005,21,2005-08-20,M.C.G.,Melbourne,Western Bulldogs,Melbourne,Shannon Motlop,5,1,5,0,0,0,0
2005,21,2005-08-20,M.C.G.,Melbourne,Western Bulldogs,Melbourne,David Neitz,4,1,1,1,0,0,1
2005,21,2005-08-20,M.C.G.,Melbourne,Western Bulldogs,Melbourne,Alistair Nicholson,3,4,4,0,0,0,2
2005,21,2005-08-20,M.C.G.,Melbourne,Western Bulldogs,Melbourne,Phillip Read,3,2,2,0,0,0,1
2005,21,2005-08-20,M.C.G.,Melbourne,Western Bulldogs,Melbourne,Guy Rigoni,20,9,5,1,0,0,3
2005,21,2005-08-20,M.C.G.,Melbourne,Western Bulldogs,Melbourne,Russell Robertson,9,6,1,6,1,0,1
2005,21,2005-08-20,M.C.G.,Melbourne,Western Bulldogs,Melbourne,Paul Wheatley,8,5,4,0,2,0,1
2005,21,2005-08-20,M.C.G.,Melbourne,Western Bulldogs,Melbourne,Jeff White,9,7,9,2,1,28,1
2005,21,2005-08-20,M.C.G.,Melbourne,Western Bulldogs,Melbourne,Adem Yze,15,4,2,2,0,0,1
2005,21,2005-08-20,M.C.G.,Melbourne,Western Bulldogs,Western Bulldogs,Matthew Boyd,2,1,4,0,0,0,1
2005,21,2005-08-20,M.C.G.,Melbourne,Western Bulldogs,Western Bulldogs,Adam Cooney,16,6,9,0,1,0,3
2005,21,2005-08-20,M.C.G.,Melbourne,Western Bulldogs,Western Bulldogs,Daniel Cross,9,9,17,0,1,1,2
2005,21,2005-08-20,M.C.G.,Melbourne,Western Bulldogs,Western Bulldogs,Nathan Eagleton,6,2,1,1,0,0,0
2005,21,2005-08-20,M.C.G.,Melbourne,Western Bulldogs,Western Bulldogs,Daniel Giansiracusa,6,2,5,1,2,0,4
2005,21,2005-08-20,M.C.G.,Melbourne,Western Bulldogs,Western Bulldogs,Lindsay Gilbee,10,5,9,0,0,0,1
2005,21,2005-08-20,M.C.G.,Melbourne,Western Bulldogs,Western Bulldogs,Chris Grant,5,3,4,2,0,0,2
2005,21,2005-08-20,M.C.G.,Melbourne,Western Bulldogs,Western Bulldogs,Ryan Griffen,15,5,4,0,0,0,3
2005,21,2005-08-20,M.C.G.,Melbourne,Western Bulldogs,Western Bulldogs,Mitch Hahn,2,2,4,2,0,0,1
2005,21,2005-08-20,M.C.G.,Melbourne,Western Bulldogs,Western Bulldogs,Ryan Hargrave,8,4,5,0,0,0,4
2005,21,2005-08-20,M.C.G.,Melbourne,Western Bulldogs,Western Bulldogs,Brad Johnson,13,4,4,3,0,0,1
2005,21,2005-08-20,M.C.G.,Melbourne,Western Bulldogs,Western Bulldogs,Brian Lake,7,3,5,0,0,0,1
2005,21,2005-08-20,M.C.G.,Melbourne,Western Bulldogs,Western Bulldogs,Jordan McMahon,15,6,10,0,0,0,3
2005,21,2005-08-20,M.C.G.,Melbourne,Western Bulldogs,Western Bulldogs,Will Minson,5,3,4,0,0,8,3
2005,21,2005-08-20,M.C.G.,Melbourne,Western Bulldogs,Western Bulldogs,Dale Morris,3,2,5,0,0,0,4
2005,21,2005-08-20,M.C.G.,Melbourne,Western Bulldogs,Western Bulldogs,Robert Murphy,13,8,3,3,1,0,1
2005,21,2005-08-20,M.C.G.,Melbourne,Western Bulldogs,Western Bulldogs,Farren Ray,10,3,2,1,0,0,1
2005,21,2005-08-20,M.C.G.,Melbourne,Western Bulldogs,Western Bulldogs,Matthew Robbins,10,7,2,1,2,0,4
2005,21,2005-08-20,M.C.G.,Melbourne,Western Bulldogs,Western Bulldogs,Wayde Skipper,2,2,2,0,0,1,0
2005,21,2005-08-20,M.C.G.,Melbourne,Western Bulldogs,Western Bulldogs,Rohan Smith,14,11,7,2,1,0,1
2005,21,2005-08-20,M.C.G.,Melbourne,Western Bulldogs,Western Bulldogs,Peter Street,1,0,2,0,0,13,2
2005,21,2005-08-20,M.C.G.,Melbourne,Western Bulldogs,Western Bulldogs,Scott West,13,2,14,0,0,0,1
2005,21,2005-08-20,Gabba,Brisbane Lions,Port Adelaide,Brisbane Lions,Jed Adcock,10,8,10,0,0,0,1
2005,21,2005-08-20,Gabba,Brisbane Lions,Port Adelaide,Brisbane Lions,Jason Akermanis,7,4,4,0,0,1,2
2005,21,2005-08-20,Gabba,Brisbane Lions,Port Adelaide,Brisbane Lions,Simon Black,8,2,4,1,0,0,4
2005,21,2005-08-20,Gabba,Brisbane Lions,Port Adelaide,Brisbane Lions,Daniel Bradshaw,10,7,1,0,1,0,0
2005,21,2005-08-20,Gabba,Brisbane Lions,Port Adelaide,Brisbane Lions,Jared Brennan,7,3,2,0,1,0,1
2005,21,2005-08-20,Gabba,Brisbane Lions,Port Adelaide,Brisbane Lions,Jonathan Brown,2,3,2,0,0,0,1
2005,21,2005-08-20,Gabba,Brisbane Lions,Port Adelaide,Brisbane Lions,Jamie Charman,10,2,4,0,0,14,3
2005,21,2005-08-20,Gabba,Brisbane Lions,Port Adelaide,Brisbane Lions,Robert Copeland,4,0,2,0,0,0,2
2005,21,2005-08-20,Gabba,Brisbane Lions,Port Adelaide,Brisbane Lions,Anthony Corrie,6,1,1,0,1,0,1
2005,21,2005-08-20,Gabba,Brisbane Lions,Port Adelaide,Brisbane Lions,Josh Drummond,14,7,1,1,0,0,0
2005,21,2005-08-20,Gabba,Brisbane Lions,Port Adelaide,Brisbane Lions,Chris Johnson,11,7,2,1,2,0,2
2005,21,2005-08-20,Gabba,Brisbane Lions,Port Adelaide,Brisbane Lions,Ashley McGrath,9,4,2,1,0,0,1
2005,21,2005-08-20,Gabba,Brisbane Lions,Port Adelaide,Brisbane Lions,Dylan McLaren,6,6,6,0,1,6,0
2005,21,2005-08-20,Gabba,Brisbane Lions,Port Adelaide,Brisbane Lions,Mal Michael,5,5,2,0,0,0,3
2005,21,2005-08-20,Gabba,Brisbane Lions,Port Adelaide,Brisbane Lions,Matthew Moody,2,2,1,0,0,0,0
2005,21,2005-08-20,Gabba,Brisbane Lions,Port Adelaide,Brisbane Lions,Tim Notting,11,9,11,1,0,0,3
2005,21,2005-08-20,Gabba,Brisbane Lions,Port Adelaide,Brisbane Lions,Luke Power,13,4,6,0,1,0,2
2005,21,2005-08-20,Gabba,Brisbane Lions,Port Adelaide,Brisbane Lions,Brad Scott,3,0,1,0,0,0,0
2005,21,2005-08-20,Gabba,Brisbane Lions,Port Adelaide,Brisbane Lions,Chris Scott,7,6,5,0,0,0,1
2005,21,2005-08-20,Gabba,Brisbane Lions,Port Adelaide,Brisbane Lions,Justin Sherman,8,3,3,1,0,0,4
2005,21,2005-08-20,Gabba,Brisbane Lions,Port Adelaide,Brisbane Lions,Llane Spaanderman,3,2,2,0,0,0,0
2005,21,2005-08-20,Gabba,Brisbane Lions,Port Adelaide,Brisbane Lions,Michael Voss,21,7,14,1,0,0,0
2005,21,2005-08-20,Gabba,Brisbane Lions,Port Adelaide,Port Adelaide,Matthew Bishop,11,10,4,0,0,0,1
2005,21,2005-08-20,Gabba,Brisbane Lions,Port Adelaide,Port Adelaide,Dean Brogan,12,8,3,1,1,5,1
2005,21,2005-08-20,Gabba,Brisbane Lions,Port Adelaide,Port Adelaide,Peter Burgoyne,6,2,6,0,0,0,3
2005,21,2005-08-20,Gabba,Brisbane Lions,Port Adelaide,Port Adelaide,Shaun Burgoyne,18,8,12,0,1,0,1
2005,21,2005-08-20,Gabba,Brisbane Lions,Port Adelaide,Port Adelaide,Domenic Cassisi,11,1,6,0,0,0,1
2005,21,2005-08-20,Gabba,Brisbane Lions,Port Adelaide,Port Adelaide,Troy Chaplin,7,5,7,0,0,0,0
2005,21,2005-08-20,Gabba,Brisbane Lions,Port Adelaide,Port Adelaide,Chad Cornes,24,12,2,2,1,2,1
2005,21,2005-08-20,Gabba,Brisbane Lions,Port Adelaide,Port Adelaide,Kane Cornes,12,11,14,1,0,0,4
2005,21,2005-08-20,Gabba,Brisbane Lions,Port Adelaide,Port Adelaide,Stuart Dew,21,16,6,1,0,0,3
2005,21,2005-08-20,Gabba,Brisbane Lions,Port Adelaide,Port Adelaide,Adam Kingsley,12,4,4,1,0,0,0
2005,21,2005-08-20,Gabba,Brisbane Lions,Port Adelaide,Port Adelaide,Brendon Lade,11,10,7,0,1,11,0
2005,21,2005-08-20,Gabba,Brisbane Lions,Port Adelaide,Port Adelaide,Josh Mahoney,17,11,6,1,2,0,2
2005,21,2005-08-20,Gabba,Brisbane Lions,Port Adelaide,Port Adelaide,Brett Montgomery,11,9,7,1,0,0,2
2005,21,2005-08-20,Gabba,Brisbane Lions,Port Adelaide,Port Adelaide,Danyle Pearce,10,7,2,0,0,0,0
2005,21,2005-08-20,Gabba,Brisbane Lions,Port Adelaide,Port Adelaide,Michael Pettigrew,3,2,0,1,0,0,0
2005,21,2005-08-20,Gabba,Brisbane Lions,Port Adelaide,Port Adelaide,Steven Salopek,9,6,4,0,0,0,0
2005,21,2005-08-20,Gabba,Brisbane Lions,Port Adelaide,Port Adelaide,Warren Tredrea,22,14,2,2,4,0,0
2005,21,2005-08-20,Gabba,Brisbane Lions,Port Adelaide,Port Adelaide,Darryl Wakelin,8,7,5,0,0,0,1
2005,21,2005-08-20,Gabba,Brisbane Lions,Port Adelaide,Port Adelaide,Peter Walsh,8,3,7,0,0,0,0
2005,21,2005-08-20,Gabba,Brisbane Lions,Port Adelaide,Port Adelaide,Gavin Wanganeen,12,3,7,0,0,0,1
2005,21,2005-08-20,Gabba,Brisbane Lions,Port Adelaide,Port Adelaide,Damon White,8,6,1,0,2,0,0
2005,21,2005-08-20,Gabba,Brisbane Lions,Port Adelaide,Port Adelaide,Michael Wilson,7,3,6,0,0,0,1
2005,21,2005-08-21,S.C.G.,Sydney,Kangaroos,Sydney,Luke Ablett,13,4,8,0,1,2,3
2005,21,2005-08-21,S.C.G.,Sydney,Kangaroos,Sydney,Jason Ball,2,1,1,0,0,5,0
2005,21,2005-08-21,S.C.G.,Sydney,Kangaroos,Sydney,Leo Barry,8,6,2,0,0,0,0
2005,21,2005-08-21,S.C.G.,Sydney,Kangaroos,Sydney,Craig Bolton,3,4,6,0,0,0,2
2005,21,2005-08-21,S.C.G.,Sydney,Kangaroos,Sydney,Jude Bolton,10,3,7,0,0,0,7
2005,21,2005-08-21,S.C.G.,Sydney,Kangaroos,Sydney,Amon Buchanan,9,3,7,0,1,0,1
2005,21,2005-08-21,S.C.G.,Sydney,Kangaroos,Sydney,Jared Crouch,6,3,10,0,0,0,4
2005,21,2005-08-21,S.C.G.,Sydney,Kangaroos,Sydney,Nick Davis,13,8,4,5,0,0,1
2005,21,2005-08-21,S.C.G.,Sydney,Kangaroos,Sydney,Sean Dempster,6,0,2,0,0,0,0
2005,21,2005-08-21,S.C.G.,Sydney,Kangaroos,Sydney,Nic Fosdike,10,6,5,1,0,0,1
2005,21,2005-08-21,S.C.G.,Sydney,Kangaroos,Sydney,Adam Goodes,10,6,3,1,0,5,1
2005,21,2005-08-21,S.C.G.,Sydney,Kangaroos,Sydney,Barry Hall,13,9,3,3,1,0,0
2005,21,2005-08-21,S.C.G.,Sydney,Kangaroos,Sydney,Darren Jolly,8,4,2,0,0,21,2
2005,21,2005-08-21,S.C.G.,Sydney,Kangaroos,Sydney,Tadhg Kennelly,7,0,8,0,0,0,3
2005,21,2005-08-21,S.C.G.,Sydney,Kangaroos,Sydney,Brett Kirk,18,5,8,0,0,0,6
2005,21,2005-08-21,S.C.G.,Sydney,Kangaroos,Sydney,Ben Mathews,12,8,15,0,0,0,3
2005,21,2005-08-21,S.C.G.,Sydney,Kangaroos,Sydney,Ryan OKeefe,11,7,0,2,4,0,0
2005,21,2005-08-21,S.C.G.,Sydney,Kangaroos,Sydney,Michael OLoughlin,10,6,2,2,2,0,2
2005,21,2005-08-21,S.C.G.,Sydney,Kangaroos,Sydney,Lewis Roberts-Thomson,3,4,5,0,0,0,2
2005,21,2005-08-21,S.C.G.,Sydney,Kangaroos,Sydney,Adam Schneider,6,4,4,1,1,0,2
2005,21,2005-08-21,S.C.G.,Sydney,Kangaroos,Sydney,Luke Vogels,9,4,1,0,0,0,2
2005,21,2005-08-21,S.C.G.,Sydney,Kangaroos,Sydney,Paul Williams,10,4,6,0,0,0,1
2005,21,2005-08-21,S.C.G.,Sydney,Kangaroos,Kangaroos,Glenn Archer,6,3,7,0,0,0,3
2005,21,2005-08-21,S.C.G.,Sydney,Kangaroos,Kangaroos,John Baird,5,2,6,0,0,0,5
2005,21,2005-08-21,S.C.G.,Sydney,Kangaroos,Kangaroos,Leigh Brown,5,1,2,0,0,0,2
2005,21,2005-08-21,S.C.G.,Sydney,Kangaroos,Kangaroos,Leigh Colbert,14,7,7,0,0,0,1
2005,21,2005-08-21,S.C.G.,Sydney,Kangaroos,Kangaroos,Michael Firrito,8,4,2,0,1,1,3
2005,21,2005-08-21,S.C.G.,Sydney,Kangaroos,Kangaroos,Shannon Grant,14,4,2,4,2,0,2
2005,21,2005-08-21,S.C.G.,Sydney,Kangaroos,Kangaroos,David Hale,4,1,1,0,0,9,0
2005,21,2005-08-21,S.C.G.,Sydney,Kangaroos,Kangaroos,Leigh Harding,3,1,4,1,0,0,2
2005,21,2005-08-21,S.C.G.,Sydney,Kangaroos,Kangaroos,Daniel Harris,1,1,11,0,0,0,2
2005,21,2005-08-21,S.C.G.,Sydney,Kangaroos,Kangaroos,Brent Harvey,9,1,4,0,0,0,3
2005,21,2005-08-21,S.C.G.,Sydney,Kangaroos,Kangaroos,Corey Jones,10,2,5,3,1,2,0
2005,21,2005-08-21,S.C.G.,Sydney,Kangaroos,Kangaroos,Troy Makepeace,8,1,2,1,0,0,2
2005,21,2005-08-21,S.C.G.,Sydney,Kangaroos,Kangaroos,Drew Petrie,4,3,4,0,0,17,2
2005,21,2005-08-21,S.C.G.,Sydney,Kangaroos,Kangaroos,Daniel Pratt,7,3,5,0,0,0,1
2005,21,2005-08-21,S.C.G.,Sydney,Kangaroos,Kangaroos,Brady Rawlings,12,8,8,0,0,0,3
2005,21,2005-08-21,S.C.G.,Sydney,Kangaroos,Kangaroos,Saverio Rocca,7,5,0,0,3,0,0
2005,21,2005-08-21,S.C.G.,Sydney,Kangaroos,Kangaroos,Adam Simpson,11,3,9,0,0,0,3
2005,21,2005-08-21,S.C.G.,Sydney,Kangaroos,Kangaroos,Jess Sinclair,6,2,4,0,1,0,1
2005,21,2005-08-21,S.C.G.,Sydney,Kangaroos,Kangaroos,Nathan Thompson,3,1,1,0,0,1,0
2005,21,2005-08-21,S.C.G.,Sydney,Kangaroos,Kangaroos,Callum Urch,7,2,3,0,0,0,8
2005,21,2005-08-21,S.C.G.,Sydney,Kangaroos,Kangaroos,Shannon Watt,9,7,2,0,0,0,0
2005,21,2005-08-21,S.C.G.,Sydney,Kangaroos,Kangaroos,Daniel Wells,7,0,4,0,1,0,7
2005,21,2005-08-21,M.C.G.,Essendon,Carlton,Essendon,Mark Bolton,3,0,5,0,0,0,1
2005,21,2005-08-21,M.C.G.,Essendon,Carlton,Essendon,Kepler Bradley,3,6,12,0,1,3,1
2005,21,2005-08-21,M.C.G.,Essendon,Carlton,Essendon,Ricky Dyson,12,3,3,3,1,0,0
2005,21,2005-08-21,M.C.G.,Essendon,Carlton,Essendon,David Hille,4,4,13,0,1,18,3
2005,21,2005-08-21,M.C.G.,Essendon,Carlton,Essendon,James Hird,23,7,6,3,2,0,0
2005,21,2005-08-21,M.C.G.,Essendon,Carlton,Essendon,Sam Hunt,7,4,3,0,0,0,3
2005,21,2005-08-21,M.C.G.,Essendon,Carlton,Essendon,Jason Johnson,18,11,14,2,0,0,3
2005,21,2005-08-21,M.C.G.,Essendon,Carlton,Essendon,Mark Johnson,17,6,9,6,0,1,0
2005,21,2005-08-21,M.C.G.,Essendon,Carlton,Essendon,Matthew Lloyd,11,8,5,7,2,0,0
2005,21,2005-08-21,M.C.G.,Essendon,Carlton,Essendon,Andrew Lovett,9,2,4,1,2,0,9
2005,21,2005-08-21,M.C.G.,Essendon,Carlton,Essendon,Nathan Lovett-Murray,9,4,4,0,0,1,0
2005,21,2005-08-21,M.C.G.,Essendon,Carlton,Essendon,Scott Lucas,22,6,5,1,1,0,2
2005,21,2005-08-21,M.C.G.,Essendon,Carlton,Essendon,Mark McVeigh,13,7,5,0,0,0,3
2005,21,2005-08-21,M.C.G.,Essendon,Carlton,Essendon,Angus Monfries,6,1,6,1,2,0,1
2005,21,2005-08-21,M.C.G.,Essendon,Carlton,Essendon,Jay Nash,6,1,3,1,1,0,3
2005,21,2005-08-21,M.C.G.,Essendon,Carlton,Essendon,Ted Richards,4,3,5,0,0,0,0
2005,21,2005-08-21,M.C.G.,Essendon,Carlton,Essendon,Henry Slattery,0,1,4,0,0,0,2
2005,21,2005-08-21,M.C.G.,Essendon,Carlton,Essendon,Brent Stanton,17,6,5,1,1,0,2
2005,21,2005-08-21,M.C.G.,Essendon,Carlton,Essendon,Paul Thomas,7,1,2,1,0,0,3
2005,21,2005-08-21,M.C.G.,Essendon,Carlton,Essendon,Jobe Watson,5,3,6,1,0,0,0
2005,21,2005-08-21,M.C.G.,Essendon,Carlton,Essendon,Andrew Welsh,7,4,10,0,0,0,3
2005,21,2005-08-21,M.C.G.,Essendon,Carlton,Essendon,Jason Winderlich,6,4,6,0,0,0,1
2005,21,2005-08-21,M.C.G.,Essendon,Carlton,Carlton,Adam Bentick,16,6,2,0,1,0,1
2005,21,2005-08-21,M.C.G.,Essendon,Carlton,Carlton,Eddie Betts,4,3,1,0,1,0,2
2005,21,2005-08-21,M.C.G.,Essendon,Carlton,Carlton,Chris Bryan,0,0,0,0,0,20,3
2005,21,2005-08-21,M.C.G.,Essendon,Carlton,Carlton,Scott Camporeale,24,4,7,1,0,0,2
2005,21,2005-08-21,M.C.G.,Essendon,Carlton,Carlton,Andrew Carrazzo,8,3,9,1,0,1,1
2005,21,2005-08-21,M.C.G.,Essendon,Carlton,Carlton,Callum Chambers,4,1,4,0,0,0,1
2005,21,2005-08-21,M.C.G.,Essendon,Carlton,Carlton,Brendan Fevola,5,5,2,0,2,0,2
2005,21,2005-08-21,M.C.G.,Essendon,Carlton,Carlton,Brad Fisher,8,7,6,1,1,0,2
2005,21,2005-08-21,M.C.G.,Essendon,Carlton,Carlton,Barnaby French,4,4,5,0,0,16,1
2005,21,2005-08-21,M.C.G.,Essendon,Carlton,Carlton,Anthony Koutoufides,3,0,4,0,0,0,6
2005,21,2005-08-21,M.C.G.,Essendon,Carlton,Carlton,Matthew Lappin,11,4,3,2,2,0,2
2005,21,2005-08-21,M.C.G.,Essendon,Carlton,Carlton,Cory McGrath,10,4,2,0,0,0,1
2005,21,2005-08-21,M.C.G.,Essendon,Carlton,Carlton,Digby Morrell,13,9,2,3,4,1,1
2005,21,2005-08-21,M.C.G.,Essendon,Carlton,Carlton,Heath Scotland,17,11,9,0,0,0,1
2005,21,2005-08-21,M.C.G.,Essendon,Carlton,Carlton,Kade Simpson,9,5,3,0,0,0,1
2005,21,2005-08-21,M.C.G.,Essendon,Carlton,Carlton,Nick Stevens,5,1,12,0,1,0,2
2005,21,2005-08-21,M.C.G.,Essendon,Carlton,Carlton,David Teague,2,1,0,0,0,0,3
2005,21,2005-08-21,M.C.G.,Essendon,Carlton,Carlton,Bret Thornton,9,7,6,0,0,1,1
2005,21,2005-08-21,M.C.G.,Essendon,Carlton,Carlton,Jarrad Waite,7,3,5,2,1,0,0
2005,21,2005-08-21,M.C.G.,Essendon,Carlton,Carlton,Andrew Walker,6,1,2,0,0,0,3
2005,21,2005-08-21,M.C.G.,Essendon,Carlton,Carlton,Lance Whitnall,14,10,8,1,2,3,0
2005,21,2005-08-21,M.C.G.,Essendon,Carlton,Carlton,Simon Wiggins,6,4,0,0,1,0,0
2005,21,2005-08-21,Docklands,Richmond,Hawthorn,Richmond,Joel Bowden,17,4,7,0,0,0,1
2005,21,2005-08-21,Docklands,Richmond,Hawthorn,Richmond,Wayne Campbell,9,4,9,0,0,0,0
2005,21,2005-08-21,Docklands,Richmond,Hawthorn,Richmond,Mark Coughlan,6,1,4,0,0,0,7
2005,21,2005-08-21,Docklands,Richmond,Hawthorn,Richmond,Brett Deledio,14,5,12,1,0,1,2
2005,21,2005-08-21,Docklands,Richmond,Hawthorn,Richmond,Nathan Foley,1,0,7,0,0,0,5
2005,21,2005-08-21,Docklands,Richmond,Hawthorn,Richmond,Darren Gaspar,2,1,3,0,0,0,0
2005,21,2005-08-21,Docklands,Richmond,Hawthorn,Richmond,Mark Graham,7,5,9,0,0,1,1
2005,21,2005-08-21,Docklands,Richmond,Hawthorn,Richmond,Ray Hall,10,5,10,3,0,2,2
2005,21,2005-08-21,Docklands,Richmond,Hawthorn,Richmond,Brent Hartigan,4,2,8,0,0,0,3
2005,21,2005-08-21,Docklands,Richmond,Hawthorn,Richmond,Rory Hilton,7,2,2,1,0,0,2
2005,21,2005-08-21,Docklands,Richmond,Hawthorn,Richmond,Chris Hyde,6,1,6,0,2,0,5
2005,21,2005-08-21,Docklands,Richmond,Hawthorn,Richmond,Daniel Jackson,3,3,1,0,0,1,1
2005,21,2005-08-21,Docklands,Richmond,Hawthorn,Richmond,Kane Johnson,6,1,9,1,0,0,6
2005,21,2005-08-21,Docklands,Richmond,Hawthorn,Richmond,Kelvin Moore,4,3,2,0,0,0,3
2005,21,2005-08-21,Docklands,Richmond,Hawthorn,Richmond,Chris Newman,11,6,2,0,0,0,4
2005,21,2005-08-21,Docklands,Richmond,Hawthorn,Richmond,Kayne Pettifer,14,5,4,3,2,0,5
2005,21,2005-08-21,Docklands,Richmond,Hawthorn,Richmond,Matthew Richardson,15,7,2,4,4,0,2
2005,21,2005-08-21,Docklands,Richmond,Hawthorn,Richmond,Jay Schulz,4,4,7,0,1,0,0
2005,21,2005-08-21,Docklands,Richmond,Hawthorn,Richmond,Troy Simmonds,12,6,5,2,2,30,2
2005,21,2005-08-21,Docklands,Richmond,Hawthorn,Richmond,Greg Stafford,6,5,3,2,0,3,1
2005,21,2005-08-21,Docklands,Richmond,Hawthorn,Richmond,Richard Tambling,7,3,2,2,0,0,2
2005,21,2005-08-21,Docklands,Richmond,Hawthorn,Richmond,Shane Tuck,17,4,14,1,2,3,4
2005,21,2005-08-21,Docklands,Richmond,Hawthorn,Hawthorn,Luke Brennan,4,4,7,0,0,0,1
2005,21,2005-08-21,Docklands,Richmond,Hawthorn,Hawthorn,Tim Clarke,6,2,8,1,0,0,2
2005,21,2005-08-21,Docklands,Richmond,Hawthorn,Hawthorn,Shane Crawford,11,8,13,0,0,0,3
2005,21,2005-08-21,Docklands,Richmond,Hawthorn,Hawthorn,Trent Croad,5,4,3,2,0,0,1
2005,21,2005-08-21,Docklands,Richmond,Hawthorn,Hawthorn,Zac Dawson,5,3,7,0,0,0,1
2005,21,2005-08-21,Docklands,Richmond,Hawthorn,Hawthorn,Ben Dixon,7,4,1,5,1,0,2
2005,21,2005-08-21,Docklands,Richmond,Hawthorn,Hawthorn,Peter Everitt,17,7,4,2,0,19,3
2005,21,2005-08-21,Docklands,Richmond,Hawthorn,Hawthorn,Lance Franklin,8,4,3,2,0,0,2
2005,21,2005-08-21,Docklands,Richmond,Hawthorn,Hawthorn,Jonathan Hay,4,3,8,0,0,0,2
2005,21,2005-08-21,Docklands,Richmond,Hawthorn,Hawthorn,Luke Hodge,13,5,13,1,1,1,6
2005,21,2005-08-21,Docklands,Richmond,Hawthorn,Hawthorn,Angelo Lekkas,11,6,4,2,0,0,2
2005,21,2005-08-21,Docklands,Richmond,Hawthorn,Hawthorn,Jordan Lewis,7,1,8,0,0,1,2
2005,21,2005-08-21,Docklands,Richmond,Hawthorn,Hawthorn,Nathan Lonie,8,1,3,0,1,0,2
2005,21,2005-08-21,Docklands,Richmond,Hawthorn,Hawthorn,Harry Miller,8,2,5,4,1,0,1
2005,21,2005-08-21,Docklands,Richmond,Hawthorn,Hawthorn,Michael Osborne,4,3,4,0,0,0,3
2005,21,2005-08-21,Docklands,Richmond,Hawthorn,Hawthorn,Nick Ries,8,4,6,1,0,0,1
2005,21,2005-08-21,Docklands,Richmond,Hawthorn,Hawthorn,Jarryd Roughead,15,10,6,0,0,0,0
2005,21,2005-08-21,Docklands,Richmond,Hawthorn,Hawthorn,Joel Smith,11,3,6,0,1,0,2
2005,21,2005-08-21,Docklands,Richmond,Hawthorn,Hawthorn,Simon Taylor,1,0,2,0,1,8,0
2005,21,2005-08-21,Docklands,Richmond,Hawthorn,Hawthorn,Josh Thurgood,2,2,3,0,0,0,2
2005,21,2005-08-21,Docklands,Richmond,Hawthorn,Hawthorn,Richard Vandenberg,11,5,9,0,0,0,1
2005,21,2005-08-21,Docklands,Richmond,Hawthorn,Hawthorn,Clinton Young,7,4,2,1,0,0,4
2005,22,2005-08-26,Docklands,Western Bulldogs,Collingwood,Western Bulldogs,Matthew Boyd,6,2,1,1,0,0,5
2005,22,2005-08-26,Docklands,Western Bulldogs,Collingwood,Western Bulldogs,Adam Cooney,10,4,15,0,2,0,3
2005,22,2005-08-26,Docklands,Western Bulldogs,Collingwood,Western Bulldogs,Daniel Cross,9,6,15,0,1,1,3
2005,22,2005-08-26,Docklands,Western Bulldogs,Collingwood,Western Bulldogs,Nathan Eagleton,14,8,8,2,1,0,2
2005,22,2005-08-26,Docklands,Western Bulldogs,Collingwood,Western Bulldogs,Daniel Giansiracusa,18,9,6,0,1,0,1
2005,22,2005-08-26,Docklands,Western Bulldogs,Collingwood,Western Bulldogs,Lindsay Gilbee,10,1,1,1,0,0,2
2005,22,2005-08-26,Docklands,Western Bulldogs,Collingwood,Western Bulldogs,Chris Grant,5,0,3,2,0,0,2
2005,22,2005-08-26,Docklands,Western Bulldogs,Collingwood,Western Bulldogs,Ryan Griffen,8,5,8,0,0,0,0
2005,22,2005-08-26,Docklands,Western Bulldogs,Collingwood,Western Bulldogs,Mitch Hahn,1,2,3,0,0,0,6
2005,22,2005-08-26,Docklands,Western Bulldogs,Collingwood,Western Bulldogs,Brad Johnson,18,11,4,5,3,0,1
2005,22,2005-08-26,Docklands,Western Bulldogs,Collingwood,Western Bulldogs,Brian Lake,4,2,7,0,0,1,0
2005,22,2005-08-26,Docklands,Western Bulldogs,Collingwood,Western Bulldogs,Kieran McGuinness,4,3,3,0,0,1,1
2005,22,2005-08-26,Docklands,Western Bulldogs,Collingwood,Western Bulldogs,Jordan McMahon,12,4,4,0,0,0,0
2005,22,2005-08-26,Docklands,Western Bulldogs,Collingwood,Western Bulldogs,Will Minson,4,2,4,0,0,17,2
2005,22,2005-08-26,Docklands,Western Bulldogs,Collingwood,Western Bulldogs,Dale Morris,6,4,9,0,1,0,2
2005,22,2005-08-26,Docklands,Western Bulldogs,Collingwood,Western Bulldogs,Robert Murphy,11,7,1,2,0,0,1
2005,22,2005-08-26,Docklands,Western Bulldogs,Collingwood,Western Bulldogs,Sam Power,7,5,6,0,0,0,5
2005,22,2005-08-26,Docklands,Western Bulldogs,Collingwood,Western Bulldogs,Farren Ray,3,1,5,0,0,0,3
2005,22,2005-08-26,Docklands,Western Bulldogs,Collingwood,Western Bulldogs,Matthew Robbins,9,2,3,6,1,0,3
2005,22,2005-08-26,Docklands,Western Bulldogs,Collingwood,Western Bulldogs,Rohan Smith,11,4,10,0,0,0,0
2005,22,2005-08-26,Docklands,Western Bulldogs,Collingwood,Western Bulldogs,Peter Street,4,5,5,0,0,20,1
2005,22,2005-08-26,Docklands,Western Bulldogs,Collingwood,Western Bulldogs,Scott West,22,4,14,2,2,0,5
2005,22,2005-08-26,Docklands,Western Bulldogs,Collingwood,Collingwood,Nathan Buckley,20,8,5,3,1,0,1
2005,22,2005-08-26,Docklands,Western Bulldogs,Collingwood,Collingwood,Scott Burns,10,3,4,2,1,0,0
2005,22,2005-08-26,Docklands,Western Bulldogs,Collingwood,Collingwood,Blake Caracella,1,1,4,0,0,0,0
2005,22,2005-08-26,Docklands,Western Bulldogs,Collingwood,Collingwood,James Clement,13,2,1,0,1,0,0
2005,22,2005-08-26,Docklands,Western Bulldogs,Collingwood,Collingwood,Jason Cloke,11,5,3,2,2,6,2
2005,22,2005-08-26,Docklands,Western Bulldogs,Collingwood,Collingwood,Ben Davies,16,9,8,0,0,0,4
2005,22,2005-08-26,Docklands,Western Bulldogs,Collingwood,Collingwood,Leon Davis,9,3,6,1,1,0,1
2005,22,2005-08-26,Docklands,Western Bulldogs,Collingwood,Collingwood,Chris Egan,6,4,2,0,1,0,1
2005,22,2005-08-26,Docklands,Western Bulldogs,Collingwood,Collingwood,Brodie Holland,16,7,12,1,0,0,3
2005,22,2005-08-26,Docklands,Western Bulldogs,Collingwood,Collingwood,Paul Licuria,14,13,21,2,0,0,1
2005,22,2005-08-26,Docklands,Western Bulldogs,Collingwood,Collingwood,Tarkyn Lockyer,15,6,9,0,1,0,3
2005,22,2005-08-26,Docklands,Western Bulldogs,Collingwood,Collingwood,Ryan Lonie,5,1,4,0,0,0,0
2005,22,2005-08-26,Docklands,Western Bulldogs,Collingwood,Collingwood,Nick Maxwell,5,6,11,0,0,0,2
2005,22,2005-08-26,Docklands,Western Bulldogs,Collingwood,Collingwood,Chad Morrison,7,3,9,0,0,0,3
2005,22,2005-08-26,Docklands,Western Bulldogs,Collingwood,Collingwood,Shane OBree,13,4,4,1,0,0,3
2005,22,2005-08-26,Docklands,Western Bulldogs,Collingwood,Collingwood,Simon Prestigiacomo,6,1,7,0,0,0,0
2005,22,2005-08-26,Docklands,Western Bulldogs,Collingwood,Collingwood,Guy Richards,3,0,3,0,0,12,1
2005,22,2005-08-26,Docklands,Western Bulldogs,Collingwood,Collingwood,Julian Rowe,2,2,4,0,1,0,0
2005,22,2005-08-26,Docklands,Western Bulldogs,Collingwood,Collingwood,Heath Shaw,18,11,5,0,0,0,4
2005,22,2005-08-26,Docklands,Western Bulldogs,Collingwood,Collingwood,Dane Swan,9,7,6,0,0,0,0
2005,22,2005-08-26,Docklands,Western Bulldogs,Collingwood,Collingwood,Shane Wakelin,7,2,2,0,0,7,0
2005,22,2005-08-26,Docklands,Western Bulldogs,Collingwood,Collingwood,Shane Woewodin,18,6,2,2,0,0,3
2005,22,2005-08-27,M.C.G.,Hawthorn,Sydney,Hawthorn,Matthew Ball,2,1,5,0,0,0,1
2005,22,2005-08-27,M.C.G.,Hawthorn,Sydney,Hawthorn,Luke Brennan,5,3,6,0,0,0,3
2005,22,2005-08-27,M.C.G.,Hawthorn,Sydney,Hawthorn,Tim Clarke,7,1,13,0,0,0,5
2005,22,2005-08-27,M.C.G.,Hawthorn,Sydney,Hawthorn,Shane Crawford,14,3,9,0,1,1,10
2005,22,2005-08-27,M.C.G.,Hawthorn,Sydney,Hawthorn,Zac Dawson,3,2,5,0,0,0,3
2005,22,2005-08-27,M.C.G.,Hawthorn,Sydney,Hawthorn,Ben Dixon,6,3,4,3,3,0,1
2005,22,2005-08-27,M.C.G.,Hawthorn,Sydney,Hawthorn,Peter Everitt,8,1,10,1,0,29,8
2005,22,2005-08-27,M.C.G.,Hawthorn,Sydney,Hawthorn,Lance Franklin,5,3,5,1,1,0,1
2005,22,2005-08-27,M.C.G.,Hawthorn,Sydney,Hawthorn,Jonathan Hay,5,5,8,0,0,0,0
2005,22,2005-08-27,M.C.G.,Hawthorn,Sydney,Hawthorn,Luke Hodge,14,3,10,1,1,1,5
2005,22,2005-08-27,M.C.G.,Hawthorn,Sydney,Hawthorn,Angelo Lekkas,7,3,6,0,0,0,1
2005,22,2005-08-27,M.C.G.,Hawthorn,Sydney,Hawthorn,Jordan Lewis,5,3,7,0,0,0,6
2005,22,2005-08-27,M.C.G.,Hawthorn,Sydney,Hawthorn,Nathan Lonie,8,0,3,2,0,0,2
2005,22,2005-08-27,M.C.G.,Hawthorn,Sydney,Hawthorn,Harry Miller,6,1,5,1,1,0,1
2005,22,2005-08-27,M.C.G.,Hawthorn,Sydney,Hawthorn,Tom Murphy,2,2,2,0,0,0,0
2005,22,2005-08-27,M.C.G.,Hawthorn,Sydney,Hawthorn,Michael Osborne,7,2,10,1,0,0,3
2005,22,2005-08-27,M.C.G.,Hawthorn,Sydney,Hawthorn,Jarryd Roughead,5,3,5,0,1,0,1
2005,22,2005-08-27,M.C.G.,Hawthorn,Sydney,Hawthorn,Joel Smith,8,2,5,0,0,0,2
2005,22,2005-08-27,M.C.G.,Hawthorn,Sydney,Hawthorn,Simon Taylor,0,1,2,0,0,7,0
2005,22,2005-08-27,M.C.G.,Hawthorn,Sydney,Hawthorn,Josh Thurgood,5,4,14,0,0,0,1
2005,22,2005-08-27,M.C.G.,Hawthorn,Sydney,Hawthorn,Richard Vandenberg,6,2,5,0,0,0,2
2005,22,2005-08-27,M.C.G.,Hawthorn,Sydney,Hawthorn,Clinton Young,9,2,3,1,0,0,5
2005,22,2005-08-27,M.C.G.,Hawthorn,Sydney,Sydney,Luke Ablett,9,3,8,1,1,1,2
2005,22,2005-08-27,M.C.G.,Hawthorn,Sydney,Sydney,Jason Ball,2,1,1,1,0,17,3
2005,22,2005-08-27,M.C.G.,Hawthorn,Sydney,Sydney,Leo Barry,3,2,5,0,0,0,0
2005,22,2005-08-27,M.C.G.,Hawthorn,Sydney,Sydney,Craig Bolton,8,7,5,0,0,0,5
2005,22,2005-08-27,M.C.G.,Hawthorn,Sydney,Sydney,Jude Bolton,3,2,8,0,1,0,8
2005,22,2005-08-27,M.C.G.,Hawthorn,Sydney,Sydney,Amon Buchanan,13,4,8,1,0,0,3
2005,22,2005-08-27,M.C.G.,Hawthorn,Sydney,Sydney,Jared Crouch,8,3,3,1,0,0,1
2005,22,2005-08-27,M.C.G.,Hawthorn,Sydney,Sydney,Nick Davis,13,7,1,4,1,0,3
2005,22,2005-08-27,M.C.G.,Hawthorn,Sydney,Sydney,Sean Dempster,5,2,3,0,0,0,5
2005,22,2005-08-27,M.C.G.,Hawthorn,Sydney,Sydney,Nic Fosdike,8,3,6,1,0,0,4
2005,22,2005-08-27,M.C.G.,Hawthorn,Sydney,Sydney,Adam Goodes,17,6,4,2,0,2,2
2005,22,2005-08-27,M.C.G.,Hawthorn,Sydney,Sydney,Barry Hall,15,13,4,3,2,0,1
2005,22,2005-08-27,M.C.G.,Hawthorn,Sydney,Sydney,Darren Jolly,3,1,4,0,0,16,2
2005,22,2005-08-27,M.C.G.,Hawthorn,Sydney,Sydney,Tadhg Kennelly,10,2,3,0,0,0,1
2005,22,2005-08-27,M.C.G.,Hawthorn,Sydney,Sydney,Brett Kirk,17,4,10,1,0,0,1
2005,22,2005-08-27,M.C.G.,Hawthorn,Sydney,Sydney,Ben Mathews,6,4,5,0,0,0,2
2005,22,2005-08-27,M.C.G.,Hawthorn,Sydney,Sydney,Ryan OKeefe,15,6,6,2,0,1,3
2005,22,2005-08-27,M.C.G.,Hawthorn,Sydney,Sydney,Michael OLoughlin,10,7,2,1,2,0,3
2005,22,2005-08-27,M.C.G.,Hawthorn,Sydney,Sydney,Lewis Roberts-Thomson,5,1,2,0,0,0,1
2005,22,2005-08-27,M.C.G.,Hawthorn,Sydney,Sydney,Adam Schneider,9,3,1,1,1,0,1
2005,22,2005-08-27,M.C.G.,Hawthorn,Sydney,Sydney,Luke Vogels,4,2,2,1,0,0,2
2005,22,2005-08-27,M.C.G.,Hawthorn,Sydney,Sydney,Paul Williams,10,3,7,0,1,0,3
2005,22,2005-08-27,Subiaco,West Coast,Adelaide,West Coast,Drew Banfield,12,7,10,0,0,0,2
2005,22,2005-08-27,Subiaco,West Coast,Adelaide,West Coast,Michael Braun,9,4,8,0,0,0,5
2005,22,2005-08-27,Subiaco,West Coast,Adelaide,West Coast,Daniel Chick,7,5,4,0,0,0,2
2005,22,2005-08-27,Subiaco,West Coast,Adelaide,West Coast,Ben Cousins,13,7,12,0,0,0,3
2005,22,2005-08-27,Subiaco,West Coast,Adelaide,West Coast,Dean Cox,12,12,7,1,0,13,0
2005,22,2005-08-27,Subiaco,West Coast,Adelaide,West Coast,Andrew Embley,13,6,8,1,0,0,2
2005,22,2005-08-27,Subiaco,West Coast,Adelaide,West Coast,Chad Fletcher,12,6,9,0,3,0,2
2005,22,2005-08-27,Subiaco,West Coast,Adelaide,West Coast,Michael Gardiner,6,5,1,0,0,0,0
2005,22,2005-08-27,Subiaco,West Coast,Adelaide,West Coast,Darren Glass,4,6,5,0,0,0,2
2005,22,2005-08-27,Subiaco,West Coast,Adelaide,West Coast,Ashley Hansen,5,3,1,1,0,0,0
2005,22,2005-08-27,Subiaco,West Coast,Adelaide,West Coast,Adam Hunter,11,5,7,1,0,0,0
2005,22,2005-08-27,Subiaco,West Coast,Adelaide,West Coast,Chris Judd,14,3,12,0,1,0,7
2005,22,2005-08-27,Subiaco,West Coast,Adelaide,West Coast,Daniel Kerr,19,6,6,1,1,0,3
2005,22,2005-08-27,Subiaco,West Coast,Adelaide,West Coast,Quinten Lynch,9,7,2,2,2,0,0
2005,22,2005-08-27,Subiaco,West Coast,Adelaide,West Coast,Phillip Matera,4,1,0,0,0,0,0
2005,22,2005-08-27,Subiaco,West Coast,Adelaide,West Coast,Mark Nicoski,7,2,2,2,1,0,0
2005,22,2005-08-27,Subiaco,West Coast,Adelaide,West Coast,Ashley Sampi,1,0,1,0,0,0,4
2005,22,2005-08-27,Subiaco,West Coast,Adelaide,West Coast,Mark Seaby,3,5,5,0,0,10,2
2005,22,2005-08-27,Subiaco,West Coast,Adelaide,West Coast,Adam Selwood,5,2,3,0,0,0,0
2005,22,2005-08-27,Subiaco,West Coast,Adelaide,West Coast,Brent Staker,9,6,5,1,0,0,2
2005,22,2005-08-27,Subiaco,West Coast,Adelaide,West Coast,Tyson Stenglein,3,1,2,0,0,0,3
2005,22,2005-08-27,Subiaco,West Coast,Adelaide,West Coast,David Wirrpanda,21,8,11,0,1,0,2
2005,22,2005-08-27,Subiaco,West Coast,Adelaide,Adelaide,Nathan Bassett,5,6,6,0,0,0,0
2005,22,2005-08-27,Subiaco,West Coast,Adelaide,Adelaide,Rhett Biglands,3,2,6,0,0,11,3
2005,22,2005-08-27,Subiaco,West Coast,Adelaide,Adelaide,Nathan Bock,10,3,3,0,0,0,2
2005,22,2005-08-27,Subiaco,West Coast,Adelaide,Adelaide,Matthew Clarke,4,3,3,0,1,15,0
2005,22,2005-08-27,Subiaco,West Coast,Adelaide,Adelaide,Michael Doughty,7,5,1,0,0,0,0
2005,22,2005-08-27,Subiaco,West Coast,Adelaide,Adelaide,Tyson Edwards,15,5,15,0,0,0,2
2005,22,2005-08-27,Subiaco,West Coast,Adelaide,Adelaide,Simon Goodwin,6,3,12,0,0,0,4
2005,22,2005-08-27,Subiaco,West Coast,Adelaide,Adelaide,Ben Hart,6,4,6,0,0,0,0
2005,22,2005-08-27,Subiaco,West Coast,Adelaide,Adelaide,Trent Hentschel,13,8,4,2,1,0,2
2005,22,2005-08-27,Subiaco,West Coast,Adelaide,Adelaide,Graham Johncock,19,9,3,0,0,0,0
2005,22,2005-08-27,Subiaco,West Coast,Adelaide,Adelaide,Kris Massie,4,4,7,0,0,0,0
2005,22,2005-08-27,Subiaco,West Coast,Adelaide,Adelaide,Ken McGregor,13,7,5,1,1,0,2
2005,22,2005-08-27,Subiaco,West Coast,Adelaide,Adelaide,Andrew McLeod,17,5,3,0,0,0,3
2005,22,2005-08-27,Subiaco,West Coast,Adelaide,Adelaide,Ian Perrie,14,10,3,3,1,0,0
2005,22,2005-08-27,Subiaco,West Coast,Adelaide,Adelaide,Brent Reilly,9,5,4,1,1,0,2
2005,22,2005-08-27,Subiaco,West Coast,Adelaide,Adelaide,Mark Ricciuto,10,7,9,2,2,0,1
2005,22,2005-08-27,Subiaco,West Coast,Adelaide,Adelaide,Ben Rutten,3,2,6,0,0,0,2
2005,22,2005-08-27,Subiaco,West Coast,Adelaide,Adelaide,Robert Shirley,7,4,9,0,0,0,2
2005,22,2005-08-27,Subiaco,West Coast,Adelaide,Adelaide,Hayden Skipworth,6,2,7,0,0,0,2
2005,22,2005-08-27,Subiaco,West Coast,Adelaide,Adelaide,Scott Thompson,4,0,5,2,0,0,1
2005,22,2005-08-27,Subiaco,West Coast,Adelaide,Adelaide,Nathan van Berlo,5,2,6,0,0,0,0
2005,22,2005-08-27,Subiaco,West Coast,Adelaide,Adelaide,Scott Welsh,4,3,1,1,0,0,3
2005,22,2005-08-27,Docklands,St Kilda,Brisbane Lions,St Kilda,Cain Ackland,6,2,1,0,0,10,0
2005,22,2005-08-27,Docklands,St Kilda,Brisbane Lions,St Kilda,Steven Baker,14,5,6,0,0,0,5
2005,22,2005-08-27,Docklands,St Kilda,Brisbane Lions,St Kilda,Luke Ball,26,8,5,2,2,0,3
2005,22,2005-08-27,Docklands,St Kilda,Brisbane Lions,St Kilda,Jason Blake,3,7,11,0,0,9,2
2005,22,2005-08-27,Docklands,St Kilda,Brisbane Lions,St Kilda,Raphael Clarke,9,2,9,0,1,0,1
2005,22,2005-08-27,Docklands,St Kilda,Brisbane Lions,St Kilda,Nick Dal Santo,16,8,11,3,1,0,1
2005,22,2005-08-27,Docklands,St Kilda,Brisbane Lions,St Kilda,Matthew Ferguson,2,2,6,0,0,1,1
2005,22,2005-08-27,Docklands,St Kilda,Brisbane Lions,St Kilda,Aaron Fiora,10,4,6,0,0,0,2
2005,22,2005-08-27,Docklands,St Kilda,Brisbane Lions,St Kilda,Brendon Goddard,3,2,2,0,0,0,1
2005,22,2005-08-27,Docklands,St Kilda,Brisbane Lions,St Kilda,Jason Gram,12,6,7,0,1,0,1
2005,22,2005-08-27,Docklands,St Kilda,Brisbane Lions,St Kilda,James Gwilt,10,5,1,0,1,0,1
2005,22,2005-08-27,Docklands,St Kilda,Brisbane Lions,St Kilda,Aaron Hamill,4,2,4,2,0,1,1
2005,22,2005-08-27,Docklands,St Kilda,Brisbane Lions,St Kilda,Robert Harvey,8,6,15,2,0,0,3
2005,22,2005-08-27,Docklands,St Kilda,Brisbane Lions,St Kilda,Lenny Hayes,11,4,11,0,3,1,6
2005,22,2005-08-27,Docklands,St Kilda,Brisbane Lions,St Kilda,Austinn Jones,9,3,2,1,0,0,1
2005,22,2005-08-27,Docklands,St Kilda,Brisbane Lions,St Kilda,Stephen Milne,15,6,1,11,0,0,2
2005,22,2005-08-27,Docklands,St Kilda,Brisbane Lions,St Kilda,Leigh Montagna,13,3,10,0,1,0,3
2005,22,2005-08-27,Docklands,St Kilda,Brisbane Lions,St Kilda,Justin Peckett,14,10,6,1,0,0,3
2005,22,2005-08-27,Docklands,St Kilda,Brisbane Lions,St Kilda,Stephen Powell,7,4,19,0,0,0,3
2005,22,2005-08-27,Docklands,St Kilda,Brisbane Lions,St Kilda,Nick Riewoldt,17,14,5,6,4,0,1
2005,22,2005-08-27,Docklands,St Kilda,Brisbane Lions,St Kilda,Andrew Thompson,4,2,11,0,0,0,3
2005,22,2005-08-27,Docklands,St Kilda,Brisbane Lions,St Kilda,Brett Voss,4,3,5,0,0,0,2
2005,22,2005-08-27,Docklands,St Kilda,Brisbane Lions,Brisbane Lions,Jed Adcock,8,6,7,0,0,0,2
2005,22,2005-08-27,Docklands,St Kilda,Brisbane Lions,Brisbane Lions,Jason Akermanis,7,2,3,0,1,0,1
2005,22,2005-08-27,Docklands,St Kilda,Brisbane Lions,Brisbane Lions,Simon Black,7,1,6,0,0,1,2
2005,22,2005-08-27,Docklands,St Kilda,Brisbane Lions,Brisbane Lions,Daniel Bradshaw,5,6,4,2,1,0,1
2005,22,2005-08-27,Docklands,St Kilda,Brisbane Lions,Brisbane Lions,Jared Brennan,4,3,1,1,0,2,0
2005,22,2005-08-27,Docklands,St Kilda,Brisbane Lions,Brisbane Lions,Jamie Charman,5,3,2,0,0,29,2
2005,22,2005-08-27,Docklands,St Kilda,Brisbane Lions,Brisbane Lions,Robert Copeland,9,5,8,0,0,0,4
2005,22,2005-08-27,Docklands,St Kilda,Brisbane Lions,Brisbane Lions,Anthony Corrie,7,2,3,1,0,0,5
2005,22,2005-08-27,Docklands,St Kilda,Brisbane Lions,Brisbane Lions,Josh Drummond,7,2,2,2,1,0,2
2005,22,2005-08-27,Docklands,St Kilda,Brisbane Lions,Brisbane Lions,Chris Johnson,7,4,6,0,0,0,3
2005,22,2005-08-27,Docklands,St Kilda,Brisbane Lions,Brisbane Lions,Ashley McGrath,2,0,2,0,0,0,4
2005,22,2005-08-27,Docklands,St Kilda,Brisbane Lions,Brisbane Lions,Dylan McLaren,7,8,6,1,0,7,1
2005,22,2005-08-27,Docklands,St Kilda,Brisbane Lions,Brisbane Lions,Daniel Merrett,2,3,3,0,1,1,0
2005,22,2005-08-27,Docklands,St Kilda,Brisbane Lions,Brisbane Lions,Mal Michael,6,8,5,0,0,0,0
2005,22,2005-08-27,Docklands,St Kilda,Brisbane Lions,Brisbane Lions,Tim Notting,2,2,1,0,0,0,0
2005,22,2005-08-27,Docklands,St Kilda,Brisbane Lions,Brisbane Lions,Luke Power,17,8,6,0,0,0,4
2005,22,2005-08-27,Docklands,St Kilda,Brisbane Lions,Brisbane Lions,Michael Rischitelli,5,2,1,0,0,0,1
2005,22,2005-08-27,Docklands,St Kilda,Brisbane Lions,Brisbane Lions,Chris Scott,8,7,3,0,0,0,4
2005,22,2005-08-27,Docklands,St Kilda,Brisbane Lions,Brisbane Lions,Troy Selwood,7,5,2,0,0,0,3
2005,22,2005-08-27,Docklands,St Kilda,Brisbane Lions,Brisbane Lions,Justin Sherman,6,3,2,0,1,0,6
2005,22,2005-08-27,Docklands,St Kilda,Brisbane Lions,Brisbane Lions,Michael Voss,14,7,8,0,0,0,2
2005,22,2005-08-27,Docklands,St Kilda,Brisbane Lions,Brisbane Lions,Darryl White,10,8,5,0,0,1,2
2005,22,2005-08-27,Football Park,Port Adelaide,Fremantle,Port Adelaide,Matthew Bishop,5,4,2,0,0,0,0
2005,22,2005-08-27,Football Park,Port Adelaide,Fremantle,Port Adelaide,Dean Brogan,4,3,4,0,0,10,2
2005,22,2005-08-27,Football Park,Port Adelaide,Fremantle,Port Adelaide,Shaun Burgoyne,9,2,7,1,0,1,1
2005,22,2005-08-27,Football Park,Port Adelaide,Fremantle,Port Adelaide,Domenic Cassisi,13,5,11,4,0,0,4
2005,22,2005-08-27,Football Park,Port Adelaide,Fremantle,Port Adelaide,Troy Chaplin,4,3,6,0,0,0,2
2005,22,2005-08-27,Football Park,Port Adelaide,Fremantle,Port Adelaide,Chad Cornes,19,8,7,1,0,1,4
2005,22,2005-08-27,Football Park,Port Adelaide,Fremantle,Port Adelaide,Kane Cornes,17,4,15,0,2,0,2
2005,22,2005-08-27,Football Park,Port Adelaide,Fremantle,Port Adelaide,Stuart Dew,11,3,5,3,0,0,4
2005,22,2005-08-27,Football Park,Port Adelaide,Fremantle,Port Adelaide,Josh Francou,11,4,15,0,0,0,3
2005,22,2005-08-27,Football Park,Port Adelaide,Fremantle,Port Adelaide,Adam Kingsley,16,9,8,1,1,0,1
2005,22,2005-08-27,Football Park,Port Adelaide,Fremantle,Port Adelaide,Brendon Lade,5,5,4,0,0,11,2
2005,22,2005-08-27,Football Park,Port Adelaide,Fremantle,Port Adelaide,Josh Mahoney,8,5,1,4,0,0,0
2005,22,2005-08-27,Football Park,Port Adelaide,Fremantle,Port Adelaide,Brett Montgomery,14,9,7,0,0,0,0
2005,22,2005-08-27,Football Park,Port Adelaide,Fremantle,Port Adelaide,Danyle Pearce,6,3,3,0,3,0,0
2005,22,2005-08-27,Football Park,Port Adelaide,Fremantle,Port Adelaide,Byron Pickett,13,3,6,2,0,0,2
2005,22,2005-08-27,Football Park,Port Adelaide,Fremantle,Port Adelaide,Matthew Primus,1,0,0,0,0,1,1
2005,22,2005-08-27,Football Park,Port Adelaide,Fremantle,Port Adelaide,Steven Salopek,2,1,2,0,0,0,1
2005,22,2005-08-27,Football Park,Port Adelaide,Fremantle,Port Adelaide,Warren Tredrea,17,12,4,2,1,0,3
2005,22,2005-08-27,Football Park,Port Adelaide,Fremantle,Port Adelaide,Darryl Wakelin,5,4,3,0,0,0,0
2005,22,2005-08-27,Football Park,Port Adelaide,Fremantle,Port Adelaide,Peter Walsh,10,8,7,0,0,0,2
2005,22,2005-08-27,Football Park,Port Adelaide,Fremantle,Port Adelaide,Gavin Wanganeen,5,2,7,0,0,0,1
2005,22,2005-08-27,Football Park,Port Adelaide,Fremantle,Port Adelaide,Michael Wilson,8,5,5,0,0,0,5
2005,22,2005-08-27,Football Park,Port Adelaide,Fremantle,Fremantle,Peter Bell,11,5,12,2,0,0,1
2005,22,2005-08-27,Football Park,Port Adelaide,Fremantle,Fremantle,Heath Black,12,2,6,0,0,0,2
2005,22,2005-08-27,Football Park,Port Adelaide,Fremantle,Fremantle,Josh Carr,7,4,8,1,0,0,1
2005,22,2005-08-27,Football Park,Port Adelaide,Fremantle,Fremantle,Matthew Carr,11,7,5,0,0,0,1
2005,22,2005-08-27,Football Park,Port Adelaide,Fremantle,Fremantle,Troy Cook,7,4,4,0,0,0,4
2005,22,2005-08-27,Football Park,Port Adelaide,Fremantle,Fremantle,Ryan Crowley,7,2,2,0,0,0,0
2005,22,2005-08-27,Football Park,Port Adelaide,Fremantle,Fremantle,Steven Dodd,4,1,1,0,1,0,0
2005,22,2005-08-27,Football Park,Port Adelaide,Fremantle,Fremantle,Jeff Farmer,10,1,3,2,1,0,3
2005,22,2005-08-27,Football Park,Port Adelaide,Fremantle,Fremantle,Antoni Grover,8,6,5,0,0,0,4
2005,22,2005-08-27,Football Park,Port Adelaide,Fremantle,Fremantle,Paul Hasleby,4,5,14,1,1,0,4
2005,22,2005-08-27,Football Park,Port Adelaide,Fremantle,Fremantle,Des Headland,10,4,1,1,1,0,0
2005,22,2005-08-27,Football Park,Port Adelaide,Fremantle,Fremantle,Justin Longmuir,5,5,6,0,0,7,1
2005,22,2005-08-27,Football Park,Port Adelaide,Fremantle,Fremantle,Luke McPharlin,4,2,2,1,1,0,1
2005,22,2005-08-27,Football Park,Port Adelaide,Fremantle,Fremantle,Paul Medhurst,10,4,1,1,2,0,0
2005,22,2005-08-27,Football Park,Port Adelaide,Fremantle,Fremantle,David Mundy,8,6,3,0,0,0,0
2005,22,2005-08-27,Football Park,Port Adelaide,Fremantle,Fremantle,Shane Parker,7,5,3,0,0,0,7
2005,22,2005-08-27,Football Park,Port Adelaide,Fremantle,Fremantle,Matthew Pavlich,4,4,8,0,0,0,2
2005,22,2005-08-27,Football Park,Port Adelaide,Fremantle,Fremantle,Brett Peake,8,3,7,1,0,0,1
2005,22,2005-08-27,Football Park,Port Adelaide,Fremantle,Fremantle,Aaron Sandilands,7,4,11,0,0,25,2
2005,22,2005-08-27,Football Park,Port Adelaide,Fremantle,Fremantle,Byron Schammer,14,9,6,1,0,0,2
2005,22,2005-08-27,Football Park,Port Adelaide,Fremantle,Fremantle,Scott Thornton,6,2,5,0,0,0,1
2005,22,2005-08-27,Football Park,Port Adelaide,Fremantle,Fremantle,James Walker,15,8,7,0,0,0,4
2005,22,2005-08-28,Kardinia Park,Geelong,Richmond,Geelong,Gary Ablett,12,4,5,1,0,0,4
2005,22,2005-08-28,Kardinia Park,Geelong,Richmond,Geelong,Nathan Ablett,5,3,1,1,1,0,4
2005,22,2005-08-28,Kardinia Park,Geelong,Richmond,Geelong,Jimmy Bartel,2,0,6,0,0,0,5
2005,22,2005-08-28,Kardinia Park,Geelong,Richmond,Geelong,Paul Chambers,0,0,1,0,0,13,3
2005,22,2005-08-28,Kardinia Park,Geelong,Richmond,Geelong,Paul Chapman,9,2,9,0,0,0,1
2005,22,2005-08-28,Kardinia Park,Geelong,Richmond,Geelong,Joel Corey,11,5,15,0,1,2,2
2005,22,2005-08-28,Kardinia Park,Geelong,Richmond,Geelong,Matthew Egan,2,4,6,0,0,0,1
2005,22,2005-08-28,Kardinia Park,Geelong,Richmond,Geelong,Tom Harley,9,8,7,1,0,0,2
2005,22,2005-08-28,Kardinia Park,Geelong,Richmond,Geelong,Steve Johnson,19,6,7,2,1,1,3
2005,22,2005-08-28,Kardinia Park,Geelong,Richmond,Geelong,James Kelly,9,3,9,1,0,0,1
2005,22,2005-08-28,Kardinia Park,Geelong,Richmond,Geelong,Steven King,4,2,2,0,0,12,0
2005,22,2005-08-28,Kardinia Park,Geelong,Richmond,Geelong,Kent Kingsley,9,8,7,0,3,0,0
2005,22,2005-08-28,Kardinia Park,Geelong,Richmond,Geelong,Cameron Ling,14,9,12,0,1,0,2
2005,22,2005-08-28,Kardinia Park,Geelong,Richmond,Geelong,Andrew Mackie,12,8,5,0,0,0,2
2005,22,2005-08-28,Kardinia Park,Geelong,Richmond,Geelong,Darren Milburn,12,8,10,2,2,0,4
2005,22,2005-08-28,Kardinia Park,Geelong,Richmond,Geelong,Cameron Mooney,14,10,8,1,0,0,2
2005,22,2005-08-28,Kardinia Park,Geelong,Richmond,Geelong,Henry Playfair,2,1,3,0,0,0,3
2005,22,2005-08-28,Kardinia Park,Geelong,Richmond,Geelong,Peter Riccardi,7,2,2,1,0,0,2
2005,22,2005-08-28,Kardinia Park,Geelong,Richmond,Geelong,Max Rooke,7,6,5,0,0,0,6
2005,22,2005-08-28,Kardinia Park,Geelong,Richmond,Geelong,Brenton Sanderson,7,5,4,0,0,1,0
2005,22,2005-08-28,Kardinia Park,Geelong,Richmond,Geelong,Matthew Scarlett,11,7,2,0,0,0,2
2005,22,2005-08-28,Kardinia Park,Geelong,Richmond,Geelong,Kane Tenace,7,4,4,0,0,0,1
2005,22,2005-08-28,Kardinia Park,Geelong,Richmond,Richmond,Joel Bowden,22,7,7,1,1,0,3
2005,22,2005-08-28,Kardinia Park,Geelong,Richmond,Richmond,Wayne Campbell,13,9,12,1,1,0,1
2005,22,2005-08-28,Kardinia Park,Geelong,Richmond,Richmond,Mark Coughlan,11,11,11,0,0,0,1
2005,22,2005-08-28,Kardinia Park,Geelong,Richmond,Richmond,Brett Deledio,10,2,7,0,1,0,2
2005,22,2005-08-28,Kardinia Park,Geelong,Richmond,Richmond,Nathan Foley,1,0,5,0,0,0,2
2005,22,2005-08-28,Kardinia Park,Geelong,Richmond,Richmond,Darren Gaspar,8,4,5,0,0,0,1
2005,22,2005-08-28,Kardinia Park,Geelong,Richmond,Richmond,Ray Hall,8,7,5,0,0,2,2
2005,22,2005-08-28,Kardinia Park,Geelong,Richmond,Richmond,Brent Hartigan,8,5,8,0,0,0,2
2005,22,2005-08-28,Kardinia Park,Geelong,Richmond,Richmond,Rory Hilton,9,6,7,0,0,0,1
2005,22,2005-08-28,Kardinia Park,Geelong,Richmond,Richmond,Chris Hyde,5,2,4,0,0,0,0
2005,22,2005-08-28,Kardinia Park,Geelong,Richmond,Richmond,Kane Johnson,15,13,10,0,0,0,1
2005,22,2005-08-28,Kardinia Park,Geelong,Richmond,Richmond,Andrew Kellaway,10,9,6,1,0,0,5
2005,22,2005-08-28,Kardinia Park,Geelong,Richmond,Richmond,Andrew Krakouer,11,5,5,2,0,0,4
2005,22,2005-08-28,Kardinia Park,Geelong,Richmond,Richmond,Kelvin Moore,1,1,0,0,0,0,2
2005,22,2005-08-28,Kardinia Park,Geelong,Richmond,Richmond,Chris Newman,11,8,7,0,0,0,7
2005,22,2005-08-28,Kardinia Park,Geelong,Richmond,Richmond,Kayne Pettifer,12,10,2,1,1,0,3
2005,22,2005-08-28,Kardinia Park,Geelong,Richmond,Richmond,Matthew Richardson,6,5,1,2,1,0,0
2005,22,2005-08-28,Kardinia Park,Geelong,Richmond,Richmond,Jay Schulz,11,4,2,0,0,0,3
2005,22,2005-08-28,Kardinia Park,Geelong,Richmond,Richmond,Troy Simmonds,11,4,4,1,0,20,3
2005,22,2005-08-28,Kardinia Park,Geelong,Richmond,Richmond,Greg Stafford,4,3,0,0,1,4,0
2005,22,2005-08-28,Kardinia Park,Geelong,Richmond,Richmond,Richard Tambling,10,7,3,1,0,0,5
2005,22,2005-08-28,Kardinia Park,Geelong,Richmond,Richmond,Shane Tuck,11,5,10,0,0,2,4
2005,22,2005-08-28,Docklands,Carlton,Kangaroos,Carlton,Adam Bentick,6,1,9,0,0,0,8
2005,22,2005-08-28,Docklands,Carlton,Kangaroos,Carlton,Eddie Betts,1,0,1,0,0,0,1
2005,22,2005-08-28,Docklands,Carlton,Kangaroos,Carlton,Scott Camporeale,14,1,7,0,0,0,0
2005,22,2005-08-28,Docklands,Carlton,Kangaroos,Carlton,Andrew Carrazzo,8,2,4,1,0,0,1
2005,22,2005-08-28,Docklands,Carlton,Kangaroos,Carlton,Justin Davies,8,5,9,2,0,2,3
2005,22,2005-08-28,Docklands,Carlton,Kangaroos,Carlton,Adrian De Luca,5,2,4,0,1,2,2
2005,22,2005-08-28,Docklands,Carlton,Kangaroos,Carlton,Brad Fisher,9,4,3,3,2,0,3
2005,22,2005-08-28,Docklands,Carlton,Kangaroos,Carlton,Barnaby French,5,3,6,2,0,25,3
2005,22,2005-08-28,Docklands,Carlton,Kangaroos,Carlton,Ryan Houlihan,9,2,9,0,0,0,2
2005,22,2005-08-28,Docklands,Carlton,Kangaroos,Carlton,Anthony Koutoufides,12,2,10,1,1,0,2
2005,22,2005-08-28,Docklands,Carlton,Kangaroos,Carlton,Matthew Lappin,3,1,10,0,0,0,0
2005,22,2005-08-28,Docklands,Carlton,Kangaroos,Carlton,Cory McGrath,7,5,2,0,0,1,3
2005,22,2005-08-28,Docklands,Carlton,Kangaroos,Carlton,Digby Morrell,0,1,1,0,0,0,0
2005,22,2005-08-28,Docklands,Carlton,Kangaroos,Carlton,Heath Scotland,6,3,13,0,0,0,1
2005,22,2005-08-28,Docklands,Carlton,Kangaroos,Carlton,Kade Simpson,7,6,3,0,0,0,0
2005,22,2005-08-28,Docklands,Carlton,Kangaroos,Carlton,Nick Stevens,20,1,11,1,1,0,1
2005,22,2005-08-28,Docklands,Carlton,Kangaroos,Carlton,David Teague,4,2,4,0,0,0,3
2005,22,2005-08-28,Docklands,Carlton,Kangaroos,Carlton,Bret Thornton,8,2,3,0,0,0,3
2005,22,2005-08-28,Docklands,Carlton,Kangaroos,Carlton,Jarrad Waite,7,0,1,0,0,0,4
2005,22,2005-08-28,Docklands,Carlton,Kangaroos,Carlton,Andrew Walker,7,5,4,2,0,0,3
2005,22,2005-08-28,Docklands,Carlton,Kangaroos,Carlton,Lance Whitnall,11,4,7,0,0,0,0
2005,22,2005-08-28,Docklands,Carlton,Kangaroos,Carlton,Simon Wiggins,8,4,5,0,0,0,2
2005,22,2005-08-28,Docklands,Carlton,Kangaroos,Kangaroos,Glenn Archer,8,2,5,0,0,0,1
2005,22,2005-08-28,Docklands,Carlton,Kangaroos,Kangaroos,Leigh Brown,8,3,8,1,0,0,2
2005,22,2005-08-28,Docklands,Carlton,Kangaroos,Kangaroos,Leigh Colbert,10,7,12,0,0,0,0
2005,22,2005-08-28,Docklands,Carlton,Kangaroos,Kangaroos,Michael Firrito,5,2,2,1,0,0,11
2005,22,2005-08-28,Docklands,Carlton,Kangaroos,Kangaroos,Shannon Grant,17,8,9,1,2,0,1
2005,22,2005-08-28,Docklands,Carlton,Kangaroos,Kangaroos,David Hale,4,5,6,1,0,16,4
2005,22,2005-08-28,Docklands,Carlton,Kangaroos,Kangaroos,Leigh Harding,5,4,5,0,1,0,6
2005,22,2005-08-28,Docklands,Carlton,Kangaroos,Kangaroos,Daniel Harris,9,5,17,0,0,0,5
2005,22,2005-08-28,Docklands,Carlton,Kangaroos,Kangaroos,Brent Harvey,17,3,11,0,2,0,4
2005,22,2005-08-28,Docklands,Carlton,Kangaroos,Kangaroos,Corey Jones,8,4,5,1,2,0,3
2005,22,2005-08-28,Docklands,Carlton,Kangaroos,Kangaroos,Troy Makepeace,12,6,10,0,0,0,3
2005,22,2005-08-28,Docklands,Carlton,Kangaroos,Kangaroos,Drew Petrie,8,4,2,2,0,6,3
2005,22,2005-08-28,Docklands,Carlton,Kangaroos,Kangaroos,Lance Picioane,9,1,5,1,0,0,3
2005,22,2005-08-28,Docklands,Carlton,Kangaroos,Kangaroos,Daniel Pratt,7,2,3,0,0,0,1
2005,22,2005-08-28,Docklands,Carlton,Kangaroos,Kangaroos,Brady Rawlings,14,6,9,1,1,0,1
2005,22,2005-08-28,Docklands,Carlton,Kangaroos,Kangaroos,Saverio Rocca,10,8,3,5,1,0,0
2005,22,2005-08-28,Docklands,Carlton,Kangaroos,Kangaroos,Adam Simpson,6,3,11,0,0,1,2
2005,22,2005-08-28,Docklands,Carlton,Kangaroos,Kangaroos,Michael Stevens,10,3,6,0,1,0,2
2005,22,2005-08-28,Docklands,Carlton,Kangaroos,Kangaroos,Nathan Thompson,8,8,1,3,0,0,0
2005,22,2005-08-28,Docklands,Carlton,Kangaroos,Kangaroos,Callum Urch,9,2,1,0,0,0,7
2005,22,2005-08-28,Docklands,Carlton,Kangaroos,Kangaroos,Shannon Watt,7,3,5,0,0,0,0
2005,22,2005-08-28,Docklands,Carlton,Kangaroos,Kangaroos,Daniel Wells,13,6,15,0,0,3,1
2005,22,2005-08-28,M.C.G.,Essendon,Melbourne,Essendon,Mark Bolton,2,1,1,0,0,0,6
2005,22,2005-08-28,M.C.G.,Essendon,Melbourne,Essendon,Kepler Bradley,2,2,8,0,1,4,1
2005,22,2005-08-28,M.C.G.,Essendon,Melbourne,Essendon,Ricky Dyson,6,1,6,1,0,0,2
2005,22,2005-08-28,M.C.G.,Essendon,Melbourne,Essendon,Aaron Henneman,2,1,2,0,0,2,2
2005,22,2005-08-28,M.C.G.,Essendon,Melbourne,Essendon,David Hille,8,4,11,1,2,17,2
2005,22,2005-08-28,M.C.G.,Essendon,Melbourne,Essendon,James Hird,18,2,3,1,0,0,2
2005,22,2005-08-28,M.C.G.,Essendon,Melbourne,Essendon,Sam Hunt,2,2,1,0,1,0,0
2005,22,2005-08-28,M.C.G.,Essendon,Melbourne,Essendon,Jason Johnson,15,5,12,1,1,0,4
2005,22,2005-08-28,M.C.G.,Essendon,Melbourne,Essendon,Mark Johnson,15,7,8,1,1,2,2
2005,22,2005-08-28,M.C.G.,Essendon,Melbourne,Essendon,Matthew Lloyd,4,1,2,1,0,0,2
2005,22,2005-08-28,M.C.G.,Essendon,Melbourne,Essendon,Andrew Lovett,8,1,5,3,0,0,2
2005,22,2005-08-28,M.C.G.,Essendon,Melbourne,Essendon,Nathan Lovett-Murray,11,2,9,0,0,0,4
2005,22,2005-08-28,M.C.G.,Essendon,Melbourne,Essendon,Scott Lucas,18,6,3,0,1,0,6
2005,22,2005-08-28,M.C.G.,Essendon,Melbourne,Essendon,Mark McVeigh,9,5,3,0,0,0,1
2005,22,2005-08-28,M.C.G.,Essendon,Melbourne,Essendon,Angus Monfries,5,3,6,2,1,0,6
2005,22,2005-08-28,M.C.G.,Essendon,Melbourne,Essendon,Damien Peverill,15,6,7,0,1,0,2
2005,22,2005-08-28,M.C.G.,Essendon,Melbourne,Essendon,Ted Richards,6,3,6,0,0,0,1
2005,22,2005-08-28,M.C.G.,Essendon,Melbourne,Essendon,Brent Stanton,18,7,7,1,0,0,1
2005,22,2005-08-28,M.C.G.,Essendon,Melbourne,Essendon,Paul Thomas,5,0,4,0,0,0,1
2005,22,2005-08-28,M.C.G.,Essendon,Melbourne,Essendon,Jobe Watson,4,2,8,0,0,0,1
2005,22,2005-08-28,M.C.G.,Essendon,Melbourne,Essendon,Andrew Welsh,12,7,7,0,0,0,1
2005,22,2005-08-28,M.C.G.,Essendon,Melbourne,Essendon,Jason Winderlich,3,2,8,0,1,0,2
2005,22,2005-08-28,M.C.G.,Essendon,Melbourne,Melbourne,Steven Armstrong,3,0,1,0,0,0,5
2005,22,2005-08-28,M.C.G.,Essendon,Melbourne,Melbourne,Daniel Bell,2,1,8,0,0,0,2
2005,22,2005-08-28,M.C.G.,Essendon,Melbourne,Melbourne,Nathan Brown,15,5,8,1,0,0,1
2005,22,2005-08-28,M.C.G.,Essendon,Melbourne,Melbourne,Nathan Carroll,3,5,7,0,0,1,1
2005,22,2005-08-28,M.C.G.,Essendon,Melbourne,Melbourne,Aaron Davey,10,2,5,1,5,0,6
2005,22,2005-08-28,M.C.G.,Essendon,Melbourne,Melbourne,Ryan Ferguson,6,5,3,0,0,0,1
2005,22,2005-08-28,M.C.G.,Essendon,Melbourne,Melbourne,Simon Godfrey,10,4,3,0,1,0,2
2005,22,2005-08-28,M.C.G.,Essendon,Melbourne,Melbourne,Brad Green,11,4,3,3,1,0,0
2005,22,2005-08-28,M.C.G.,Essendon,Melbourne,Melbourne,Ben Holland,5,3,7,1,1,4,2
2005,22,2005-08-28,M.C.G.,Essendon,Melbourne,Melbourne,Travis Johnstone,20,1,6,1,1,0,1
2005,22,2005-08-28,M.C.G.,Essendon,Melbourne,Melbourne,James McDonald,14,3,8,0,0,0,0
2005,22,2005-08-28,M.C.G.,Essendon,Melbourne,Melbourne,Brock McLean,6,1,10,0,0,0,4
2005,22,2005-08-28,M.C.G.,Essendon,Melbourne,Melbourne,Brent Moloney,12,2,1,0,1,0,4
2005,22,2005-08-28,M.C.G.,Essendon,Melbourne,Melbourne,Shannon Motlop,16,2,4,1,1,1,3
2005,22,2005-08-28,M.C.G.,Essendon,Melbourne,Melbourne,David Neitz,1,1,0,0,0,0,0
2005,22,2005-08-28,M.C.G.,Essendon,Melbourne,Melbourne,Alistair Nicholson,6,7,6,0,0,0,4
2005,22,2005-08-28,M.C.G.,Essendon,Melbourne,Melbourne,Guy Rigoni,13,6,3,0,0,0,1
2005,22,2005-08-28,M.C.G.,Essendon,Melbourne,Melbourne,Russell Robertson,11,4,2,4,1,0,2
2005,22,2005-08-28,M.C.G.,Essendon,Melbourne,Melbourne,Paul Wheatley,10,5,8,0,1,0,2
2005,22,2005-08-28,M.C.G.,Essendon,Melbourne,Melbourne,Matthew Whelan,10,6,4,0,0,0,7
2005,22,2005-08-28,M.C.G.,Essendon,Melbourne,Melbourne,Jeff White,9,4,6,0,0,30,7
2005,22,2005-08-28,M.C.G.,Essendon,Melbourne,Melbourne,Adem Yze,10,3,2,1,2,0,1
2005,Qualifying Final,2005-09-02,Subiaco,West Coast,Sydney,West Coast,Drew Banfield,10,2,2,0,0,0,1
2005,Qualifying Final,2005-09-02,Subiaco,West Coast,Sydney,West Coast,Michael Braun,4,4,6,0,0,0,3
2005,Qualifying Final,2005-09-02,Subiaco,West Coast,Sydney,West Coast,Daniel Chick,7,2,2,0,0,0,2
2005,Qualifying Final,2005-09-02,Subiaco,West Coast,Sydney,West Coast,Ben Cousins,16,6,13,0,1,0,1
2005,Qualifying Final,2005-09-02,Subiaco,West Coast,Sydney,West Coast,Dean Cox,8,4,3,0,0,32,1
2005,Qualifying Final,2005-09-02,Subiaco,West Coast,Sydney,West Coast,Andrew Embley,12,2,5,0,1,0,2
2005,Qualifying Final,2005-09-02,Subiaco,West Coast,Sydney,West Coast,Chad Fletcher,15,5,11,0,0,0,2
2005,Qualifying Final,2005-09-02,Subiaco,West Coast,Sydney,West Coast,Michael Gardiner,6,6,1,2,1,0,0
2005,Qualifying Final,2005-09-02,Subiaco,West Coast,Sydney,West Coast,Darren Glass,2,1,8,0,0,0,2
2005,Qualifying Final,2005-09-02,Subiaco,West Coast,Sydney,West Coast,Ashley Hansen,6,4,1,1,0,0,3
2005,Qualifying Final,2005-09-02,Subiaco,West Coast,Sydney,West Coast,Adam Hunter,6,4,3,2,1,0,3
2005,Qualifying Final,2005-09-02,Subiaco,West Coast,Sydney,West Coast,Brett Jones,5,2,5,0,0,0,0
2005,Qualifying Final,2005-09-02,Subiaco,West Coast,Sydney,West Coast,Chris Judd,19,2,11,0,0,0,1
2005,Qualifying Final,2005-09-02,Subiaco,West Coast,Sydney,West Coast,Daniel Kerr,15,0,9,1,1,1,6
2005,Qualifying Final,2005-09-02,Subiaco,West Coast,Sydney,West Coast,Quinten Lynch,3,2,4,0,0,0,2
2005,Qualifying Final,2005-09-02,Subiaco,West Coast,Sydney,West Coast,Phillip Matera,2,1,1,0,1,0,1
2005,Qualifying Final,2005-09-02,Subiaco,West Coast,Sydney,West Coast,Mark Nicoski,10,6,4,0,0,0,2
2005,Qualifying Final,2005-09-02,Subiaco,West Coast,Sydney,West Coast,Ashley Sampi,5,1,2,2,1,0,1
2005,Qualifying Final,2005-09-02,Subiaco,West Coast,Sydney,West Coast,Mark Seaby,3,0,0,1,0,11,1
2005,Qualifying Final,2005-09-02,Subiaco,West Coast,Sydney,West Coast,Brent Staker,7,4,5,0,0,0,2
2005,Qualifying Final,2005-09-02,Subiaco,West Coast,Sydney,West Coast,Tyson Stenglein,7,1,7,1,0,1,8
2005,Qualifying Final,2005-09-02,Subiaco,West Coast,Sydney,West Coast,David Wirrpanda,13,3,7,0,1,0,2
2005,Qualifying Final,2005-09-02,Subiaco,West Coast,Sydney,Sydney,Luke Ablett,13,1,2,0,0,1,1
2005,Qualifying Final,2005-09-02,Subiaco,West Coast,Sydney,Sydney,Jason Ball,5,2,7,0,0,18,1
2005,Qualifying Final,2005-09-02,Subiaco,West Coast,Sydney,Sydney,Leo Barry,5,2,2,0,0,0,2
2005,Qualifying Final,2005-09-02,Subiaco,West Coast,Sydney,Sydney,Craig Bolton,11,5,6,0,0,0,2
2005,Qualifying Final,2005-09-02,Subiaco,West Coast,Sydney,Sydney,Jude Bolton,10,3,4,0,0,0,6
2005,Qualifying Final,2005-09-02,Subiaco,West Coast,Sydney,Sydney,Amon Buchanan,13,5,6,0,0,0,2
2005,Qualifying Final,2005-09-02,Subiaco,West Coast,Sydney,Sydney,Jared Crouch,8,3,8,0,0,0,3
2005,Qualifying Final,2005-09-02,Subiaco,West Coast,Sydney,Sydney,Nick Davis,7,3,3,3,0,0,1
2005,Qualifying Final,2005-09-02,Subiaco,West Coast,Sydney,Sydney,Sean Dempster,2,0,3,0,0,0,3
2005,Qualifying Final,2005-09-02,Subiaco,West Coast,Sydney,Sydney,Nic Fosdike,9,3,4,0,0,0,2
2005,Qualifying Final,2005-09-02,Subiaco,West Coast,Sydney,Sydney,Adam Goodes,16,4,4,0,1,1,3
2005,Qualifying Final,2005-09-02,Subiaco,West Coast,Sydney,Sydney,Barry Hall,8,3,2,2,0,0,3
2005,Qualifying Final,2005-09-02,Subiaco,West Coast,Sydney,Sydney,Darren Jolly,1,3,4,0,0,22,2
2005,Qualifying Final,2005-09-02,Subiaco,West Coast,Sydney,Sydney,Tadhg Kennelly,10,6,11,0,1,0,3
2005,Qualifying Final,2005-09-02,Subiaco,West Coast,Sydney,Sydney,Brett Kirk,13,2,11,0,1,0,4
2005,Qualifying Final,2005-09-02,Subiaco,West Coast,Sydney,Sydney,Ben Mathews,9,2,4,0,0,0,3
2005,Qualifying Final,2005-09-02,Subiaco,West Coast,Sydney,Sydney,Ryan OKeefe,8,1,1,1,0,0,5
2005,Qualifying Final,2005-09-02,Subiaco,West Coast,Sydney,Sydney,Michael OLoughlin,8,6,0,3,1,0,0
2005,Qualifying Final,2005-09-02,Subiaco,West Coast,Sydney,Sydney,Lewis Roberts-Thomson,3,2,6,0,0,0,1
2005,Qualifying Final,2005-09-02,Subiaco,West Coast,Sydney,Sydney,Adam Schneider,5,3,3,1,0,0,1
2005,Qualifying Final,2005-09-02,Subiaco,West Coast,Sydney,Sydney,Luke Vogels,3,1,2,0,1,0,4
2005,Qualifying Final,2005-09-02,Subiaco,West Coast,Sydney,Sydney,Paul Williams,13,3,8,0,0,0,1
2005,Elimination Final,2005-09-03,M.C.G.,Geelong,Melbourne,Geelong,Gary Ablett,16,3,3,3,0,0,7
2005,Elimination Final,2005-09-03,M.C.G.,Geelong,Melbourne,Geelong,Nathan Ablett,3,2,3,1,0,0,0
2005,Elimination Final,2005-09-03,M.C.G.,Geelong,Melbourne,Geelong,Jimmy Bartel,19,11,11,0,1,0,3
2005,Elimination Final,2005-09-03,M.C.G.,Geelong,Melbourne,Geelong,Joel Corey,11,7,10,0,0,0,3
2005,Elimination Final,2005-09-03,M.C.G.,Geelong,Melbourne,Geelong,Matthew Egan,8,5,3,0,0,1,0
2005,Elimination Final,2005-09-03,M.C.G.,Geelong,Melbourne,Geelong,Charlie Gardiner,10,6,2,0,0,0,0
2005,Elimination Final,2005-09-03,M.C.G.,Geelong,Melbourne,Geelong,Tom Harley,10,7,2,0,1,0,0
2005,Elimination Final,2005-09-03,M.C.G.,Geelong,Melbourne,Geelong,Josh Hunt,8,7,9,0,0,0,0
2005,Elimination Final,2005-09-03,M.C.G.,Geelong,Melbourne,Geelong,Steve Johnson,5,2,6,1,1,0,4
2005,Elimination Final,2005-09-03,M.C.G.,Geelong,Melbourne,Geelong,James Kelly,14,9,3,3,0,0,3
2005,Elimination Final,2005-09-03,M.C.G.,Geelong,Melbourne,Geelong,Steven King,13,6,4,0,0,25,2
2005,Elimination Final,2005-09-03,M.C.G.,Geelong,Melbourne,Geelong,Kent Kingsley,8,4,4,1,0,0,1
2005,Elimination Final,2005-09-03,M.C.G.,Geelong,Melbourne,Geelong,Cameron Ling,15,9,8,2,0,0,2
2005,Elimination Final,2005-09-03,M.C.G.,Geelong,Melbourne,Geelong,Andrew Mackie,9,3,2,2,0,0,1
2005,Elimination Final,2005-09-03,M.C.G.,Geelong,Melbourne,Geelong,Darren Milburn,15,12,6,0,1,0,1
2005,Elimination Final,2005-09-03,M.C.G.,Geelong,Melbourne,Geelong,Cameron Mooney,22,11,4,2,0,2,2
2005,Elimination Final,2005-09-03,M.C.G.,Geelong,Melbourne,Geelong,Henry Playfair,6,3,5,2,0,3,4
2005,Elimination Final,2005-09-03,M.C.G.,Geelong,Melbourne,Geelong,Peter Riccardi,9,2,6,0,0,0,1
2005,Elimination Final,2005-09-03,M.C.G.,Geelong,Melbourne,Geelong,Max Rooke,8,8,9,0,0,0,3
2005,Elimination Final,2005-09-03,M.C.G.,Geelong,Melbourne,Geelong,Brenton Sanderson,11,6,7,0,1,0,1
2005,Elimination Final,2005-09-03,M.C.G.,Geelong,Melbourne,Geelong,Matthew Scarlett,8,6,3,0,2,0,0
2005,Elimination Final,2005-09-03,M.C.G.,Geelong,Melbourne,Geelong,Kane Tenace,14,7,1,1,0,0,3
2005,Elimination Final,2005-09-03,M.C.G.,Geelong,Melbourne,Melbourne,Nathan Brown,18,13,9,0,0,0,0
2005,Elimination Final,2005-09-03,M.C.G.,Geelong,Melbourne,Melbourne,Cameron Bruce,8,4,8,0,1,1,0
2005,Elimination Final,2005-09-03,M.C.G.,Geelong,Melbourne,Melbourne,Nathan Carroll,9,6,11,0,0,1,1
2005,Elimination Final,2005-09-03,M.C.G.,Geelong,Melbourne,Melbourne,Aaron Davey,9,1,1,1,1,0,2
2005,Elimination Final,2005-09-03,M.C.G.,Geelong,Melbourne,Melbourne,Ryan Ferguson,8,6,5,0,0,4,3
2005,Elimination Final,2005-09-03,M.C.G.,Geelong,Melbourne,Melbourne,Simon Godfrey,9,1,4,0,1,0,7
2005,Elimination Final,2005-09-03,M.C.G.,Geelong,Melbourne,Melbourne,Brad Green,8,4,6,0,0,1,1
2005,Elimination Final,2005-09-03,M.C.G.,Geelong,Melbourne,Melbourne,Chris Heffernan,4,3,5,0,0,0,4
2005,Elimination Final,2005-09-03,M.C.G.,Geelong,Melbourne,Melbourne,Ben Holland,11,2,4,1,0,3,4
2005,Elimination Final,2005-09-03,M.C.G.,Geelong,Melbourne,Melbourne,Travis Johnstone,4,1,1,0,0,0,2
2005,Elimination Final,2005-09-03,M.C.G.,Geelong,Melbourne,Melbourne,James McDonald,8,0,7,0,0,0,9
2005,Elimination Final,2005-09-03,M.C.G.,Geelong,Melbourne,Melbourne,Brock McLean,2,1,2,0,0,0,1
2005,Elimination Final,2005-09-03,M.C.G.,Geelong,Melbourne,Melbourne,Brad Miller,6,9,7,0,0,0,3
2005,Elimination Final,2005-09-03,M.C.G.,Geelong,Melbourne,Melbourne,Brent Moloney,10,2,10,0,0,0,0
2005,Elimination Final,2005-09-03,M.C.G.,Geelong,Melbourne,Melbourne,Shannon Motlop,7,2,4,0,0,0,4
2005,Elimination Final,2005-09-03,M.C.G.,Geelong,Melbourne,Melbourne,Alistair Nicholson,4,2,5,0,0,0,1
2005,Elimination Final,2005-09-03,M.C.G.,Geelong,Melbourne,Melbourne,Guy Rigoni,3,2,2,0,0,0,1
2005,Elimination Final,2005-09-03,M.C.G.,Geelong,Melbourne,Melbourne,Russell Robertson,8,4,0,4,2,0,1
2005,Elimination Final,2005-09-03,M.C.G.,Geelong,Melbourne,Melbourne,Paul Wheatley,4,2,2,2,0,0,2
2005,Elimination Final,2005-09-03,M.C.G.,Geelong,Melbourne,Melbourne,Matthew Whelan,10,10,8,0,0,0,6
2005,Elimination Final,2005-09-03,M.C.G.,Geelong,Melbourne,Melbourne,Jeff White,3,2,1,0,0,17,2
2005,Elimination Final,2005-09-03,M.C.G.,Geelong,Melbourne,Melbourne,Adem Yze,9,2,4,1,0,0,0
2005,Qualifying Final,2005-09-03,Football Park,Adelaide,St Kilda,Adelaide,Nathan Bassett,9,6,8,0,0,0,3
2005,Qualifying Final,2005-09-03,Football Park,Adelaide,St Kilda,Adelaide,Rhett Biglands,4,2,6,0,0,21,2
2005,Qualifying Final,2005-09-03,Football Park,Adelaide,St Kilda,Adelaide,Brett Burton,15,5,4,0,0,0,1
2005,Qualifying Final,2005-09-03,Football Park,Adelaide,St Kilda,Adelaide,Matthew Clarke,1,0,8,0,0,22,1
2005,Qualifying Final,2005-09-03,Football Park,Adelaide,St Kilda,Adelaide,Michael Doughty,3,1,5,0,0,0,4
2005,Qualifying Final,2005-09-03,Football Park,Adelaide,St Kilda,Adelaide,Tyson Edwards,13,3,12,0,0,0,6
2005,Qualifying Final,2005-09-03,Football Park,Adelaide,St Kilda,Adelaide,Simon Goodwin,17,2,11,1,1,0,4
2005,Qualifying Final,2005-09-03,Football Park,Adelaide,St Kilda,Adelaide,Ben Hart,12,2,4,0,0,0,1
2005,Qualifying Final,2005-09-03,Football Park,Adelaide,St Kilda,Adelaide,Trent Hentschel,9,7,3,0,0,0,1
2005,Qualifying Final,2005-09-03,Football Park,Adelaide,St Kilda,Adelaide,Graham Johncock,15,4,4,1,0,0,2
2005,Qualifying Final,2005-09-03,Football Park,Adelaide,St Kilda,Adelaide,Kris Massie,1,1,4,0,0,0,3
2005,Qualifying Final,2005-09-03,Football Park,Adelaide,St Kilda,Adelaide,Martin Mattner,6,0,6,0,0,1,4
2005,Qualifying Final,2005-09-03,Football Park,Adelaide,St Kilda,Adelaide,Ken McGregor,11,8,1,4,1,0,4
2005,Qualifying Final,2005-09-03,Football Park,Adelaide,St Kilda,Adelaide,Andrew McLeod,16,4,5,0,1,0,4
2005,Qualifying Final,2005-09-03,Football Park,Adelaide,St Kilda,Adelaide,Ian Perrie,13,10,4,0,1,2,2
2005,Qualifying Final,2005-09-03,Football Park,Adelaide,St Kilda,Adelaide,Brent Reilly,4,3,1,0,0,0,4
2005,Qualifying Final,2005-09-03,Football Park,Adelaide,St Kilda,Adelaide,Ben Rutten,6,3,5,0,0,1,0
2005,Qualifying Final,2005-09-03,Football Park,Adelaide,St Kilda,Adelaide,Robert Shirley,8,1,7,1,0,0,3
2005,Qualifying Final,2005-09-03,Football Park,Adelaide,St Kilda,Adelaide,Hayden Skipworth,9,2,4,0,0,0,4
2005,Qualifying Final,2005-09-03,Football Park,Adelaide,St Kilda,Adelaide,Scott Thompson,9,4,6,0,0,0,9
2005,Qualifying Final,2005-09-03,Football Park,Adelaide,St Kilda,Adelaide,Nathan van Berlo,1,1,1,0,0,0,0
2005,Qualifying Final,2005-09-03,Football Park,Adelaide,St Kilda,Adelaide,Scott Welsh,4,4,4,1,2,0,2
2005,Qualifying Final,2005-09-03,Football Park,Adelaide,St Kilda,St Kilda,Cain Ackland,7,2,3,0,0,10,1
2005,Qualifying Final,2005-09-03,Football Park,Adelaide,St Kilda,St Kilda,Steven Baker,7,2,5,0,0,0,1
2005,Qualifying Final,2005-09-03,Football Park,Adelaide,St Kilda,St Kilda,Luke Ball,13,3,6,1,0,0,6
2005,Qualifying Final,2005-09-03,Football Park,Adelaide,St Kilda,St Kilda,Jason Blake,5,5,8,1,0,9,3
2005,Qualifying Final,2005-09-03,Football Park,Adelaide,St Kilda,St Kilda,Raphael Clarke,9,7,6,0,0,0,1
2005,Qualifying Final,2005-09-03,Football Park,Adelaide,St Kilda,St Kilda,Nick Dal Santo,21,4,10,0,0,1,1
2005,Qualifying Final,2005-09-03,Football Park,Adelaide,St Kilda,St Kilda,Matthew Ferguson,3,3,3,0,0,0,1
2005,Qualifying Final,2005-09-03,Football Park,Adelaide,St Kilda,St Kilda,Sam Fisher,18,8,4,0,0,0,3
2005,Qualifying Final,2005-09-03,Football Park,Adelaide,St Kilda,St Kilda,Fraser Gehrig,2,1,0,0,0,1,1
2005,Qualifying Final,2005-09-03,Football Park,Adelaide,St Kilda,St Kilda,Brent Guerra,2,1,0,0,0,0,3
2005,Qualifying Final,2005-09-03,Football Park,Adelaide,St Kilda,St Kilda,James Gwilt,13,4,5,2,1,0,1
2005,Qualifying Final,2005-09-03,Football Park,Adelaide,St Kilda,St Kilda,Aaron Hamill,2,1,4,0,0,0,7
2005,Qualifying Final,2005-09-03,Football Park,Adelaide,St Kilda,St Kilda,Robert Harvey,17,11,14,3,0,0,6
2005,Qualifying Final,2005-09-03,Football Park,Adelaide,St Kilda,St Kilda,Lenny Hayes,16,4,9,0,0,1,12
2005,Qualifying Final,2005-09-03,Football Park,Adelaide,St Kilda,St Kilda,Austinn Jones,19,10,6,0,0,0,3
2005,Qualifying Final,2005-09-03,Football Park,Adelaide,St Kilda,St Kilda,Stephen Milne,5,1,4,1,0,0,0
2005,Qualifying Final,2005-09-03,Football Park,Adelaide,St Kilda,St Kilda,Leigh Montagna,9,5,8,0,0,0,5
2005,Qualifying Final,2005-09-03,Football Park,Adelaide,St Kilda,St Kilda,Justin Peckett,10,8,9,0,0,0,3
2005,Qualifying Final,2005-09-03,Football Park,Adelaide,St Kilda,St Kilda,Stephen Powell,7,3,7,0,0,0,3
2005,Qualifying Final,2005-09-03,Football Park,Adelaide,St Kilda,St Kilda,Nick Riewoldt,11,7,1,2,3,0,0
2005,Qualifying Final,2005-09-03,Football Park,Adelaide,St Kilda,St Kilda,Andrew Thompson,8,6,12,0,0,0,1
2005,Qualifying Final,2005-09-03,Football Park,Adelaide,St Kilda,St Kilda,Brett Voss,10,6,5,0,0,0,5
2005,Elimination Final,2005-09-04,Docklands,Kangaroos,Port Adelaide,Kangaroos,Glenn Archer,11,4,1,0,0,0,1
2005,Elimination Final,2005-09-04,Docklands,Kangaroos,Port Adelaide,Kangaroos,Leigh Brown,4,1,3,0,2,0,3
2005,Elimination Final,2005-09-04,Docklands,Kangaroos,Port Adelaide,Kangaroos,Leigh Colbert,3,1,3,0,0,0,2
2005,Elimination Final,2005-09-04,Docklands,Kangaroos,Port Adelaide,Kangaroos,Michael Firrito,7,6,5,0,0,0,1
2005,Elimination Final,2005-09-04,Docklands,Kangaroos,Port Adelaide,Kangaroos,Shannon Grant,14,6,4,0,0,0,1
2005,Elimination Final,2005-09-04,Docklands,Kangaroos,Port Adelaide,Kangaroos,David Hale,7,4,6,0,0,18,3
2005,Elimination Final,2005-09-04,Docklands,Kangaroos,Port Adelaide,Kangaroos,Leigh Harding,6,0,1,1,0,0,3
2005,Elimination Final,2005-09-04,Docklands,Kangaroos,Port Adelaide,Kangaroos,Daniel Harris,12,3,6,0,0,0,5
2005,Elimination Final,2005-09-04,Docklands,Kangaroos,Port Adelaide,Kangaroos,Brent Harvey,14,3,8,0,1,0,2
2005,Elimination Final,2005-09-04,Docklands,Kangaroos,Port Adelaide,Kangaroos,Corey Jones,10,5,6,3,2,1,4
2005,Elimination Final,2005-09-04,Docklands,Kangaroos,Port Adelaide,Kangaroos,Troy Makepeace,6,1,1,0,0,0,2
2005,Elimination Final,2005-09-04,Docklands,Kangaroos,Port Adelaide,Kangaroos,Drew Petrie,3,1,1,0,0,7,3
2005,Elimination Final,2005-09-04,Docklands,Kangaroos,Port Adelaide,Kangaroos,Lance Picioane,4,4,2,1,0,0,1
2005,Elimination Final,2005-09-04,Docklands,Kangaroos,Port Adelaide,Kangaroos,Brady Rawlings,5,2,6,1,2,0,1
2005,Elimination Final,2005-09-04,Docklands,Kangaroos,Port Adelaide,Kangaroos,Saverio Rocca,3,2,1,2,0,1,1
2005,Elimination Final,2005-09-04,Docklands,Kangaroos,Port Adelaide,Kangaroos,Adam Simpson,10,2,5,0,0,1,5
2005,Elimination Final,2005-09-04,Docklands,Kangaroos,Port Adelaide,Kangaroos,Jess Sinclair,12,5,8,0,0,0,4
2005,Elimination Final,2005-09-04,Docklands,Kangaroos,Port Adelaide,Kangaroos,Michael Stevens,7,1,2,0,0,0,1
2005,Elimination Final,2005-09-04,Docklands,Kangaroos,Port Adelaide,Kangaroos,Nathan Thompson,7,6,4,2,1,0,0
2005,Elimination Final,2005-09-04,Docklands,Kangaroos,Port Adelaide,Kangaroos,Callum Urch,5,3,2,0,0,0,1
2005,Elimination Final,2005-09-04,Docklands,Kangaroos,Port Adelaide,Kangaroos,Shannon Watt,5,3,1,0,0,0,0
2005,Elimination Final,2005-09-04,Docklands,Kangaroos,Port Adelaide,Kangaroos,Daniel Wells,11,6,11,1,0,0,2
2005,Elimination Final,2005-09-04,Docklands,Kangaroos,Port Adelaide,Port Adelaide,Matthew Bishop,7,3,1,1,0,0,1
2005,Elimination Final,2005-09-04,Docklands,Kangaroos,Port Adelaide,Port Adelaide,Dean Brogan,5,4,5,2,0,25,1
2005,Elimination Final,2005-09-04,Docklands,Kangaroos,Port Adelaide,Port Adelaide,Peter Burgoyne,11,4,8,0,0,0,2
2005,Elimination Final,2005-09-04,Docklands,Kangaroos,Port Adelaide,Port Adelaide,Shaun Burgoyne,12,6,8,0,0,0,3
2005,Elimination Final,2005-09-04,Docklands,Kangaroos,Port Adelaide,Port Adelaide,Domenic Cassisi,8,2,7,0,1,0,2
2005,Elimination Final,2005-09-04,Docklands,Kangaroos,Port Adelaide,Port Adelaide,Troy Chaplin,7,4,8,0,0,0,2
2005,Elimination Final,2005-09-04,Docklands,Kangaroos,Port Adelaide,Port Adelaide,Chad Cornes,16,12,6,1,1,1,1
2005,Elimination Final,2005-09-04,Docklands,Kangaroos,Port Adelaide,Port Adelaide,Kane Cornes,9,5,7,0,0,0,3
2005,Elimination Final,2005-09-04,Docklands,Kangaroos,Port Adelaide,Port Adelaide,Stuart Dew,15,5,5,1,1,1,2
2005,Elimination Final,2005-09-04,Docklands,Kangaroos,Port Adelaide,Port Adelaide,Josh Francou,12,1,12,0,0,0,2
2005,Elimination Final,2005-09-04,Docklands,Kangaroos,Port Adelaide,Port Adelaide,Adam Kingsley,18,3,8,2,1,0,1
2005,Elimination Final,2005-09-04,Docklands,Kangaroos,Port Adelaide,Port Adelaide,Brendon Lade,12,8,4,4,1,12,0
2005,Elimination Final,2005-09-04,Docklands,Kangaroos,Port Adelaide,Port Adelaide,Josh Mahoney,10,5,6,4,0,0,1
2005,Elimination Final,2005-09-04,Docklands,Kangaroos,Port Adelaide,Port Adelaide,Brett Montgomery,11,14,9,1,0,1,1
2005,Elimination Final,2005-09-04,Docklands,Kangaroos,Port Adelaide,Port Adelaide,Danyle Pearce,5,4,4,1,0,0,1
2005,Elimination Final,2005-09-04,Docklands,Kangaroos,Port Adelaide,Port Adelaide,Michael Pettigrew,12,8,3,3,1,0,0
2005,Elimination Final,2005-09-04,Docklands,Kangaroos,Port Adelaide,Port Adelaide,Byron Pickett,3,1,1,0,1,0,2
2005,Elimination Final,2005-09-04,Docklands,Kangaroos,Port Adelaide,Port Adelaide,Steven Salopek,9,5,7,1,0,0,2
2005,Elimination Final,2005-09-04,Docklands,Kangaroos,Port Adelaide,Port Adelaide,Warren Tredrea,13,13,4,4,1,0,1
2005,Elimination Final,2005-09-04,Docklands,Kangaroos,Port Adelaide,Port Adelaide,Darryl Wakelin,9,6,0,0,0,0,1
2005,Elimination Final,2005-09-04,Docklands,Kangaroos,Port Adelaide,Port Adelaide,Peter Walsh,9,9,10,0,0,0,1
2005,Elimination Final,2005-09-04,Docklands,Kangaroos,Port Adelaide,Port Adelaide,Gavin Wanganeen,10,4,5,1,0,0,1
2005,Semi Final,2005-09-09,S.C.G.,Sydney,Geelong,Sydney,Luke Ablett,6,0,1,0,0,4,3
2005,Semi Final,2005-09-09,S.C.G.,Sydney,Geelong,Sydney,Jason Ball,1,2,3,0,0,25,0
2005,Semi Final,2005-09-09,S.C.G.,Sydney,Geelong,Sydney,Leo Barry,5,4,5,0,0,1,1
2005,Semi Final,2005-09-09,S.C.G.,Sydney,Geelong,Sydney,Paul Bevan,2,0,2,0,0,0,1
2005,Semi Final,2005-09-09,S.C.G.,Sydney,Geelong,Sydney,Craig Bolton,7,3,7,0,1,0,1
2005,Semi Final,2005-09-09,S.C.G.,Sydney,Geelong,Sydney,Jude Bolton,7,2,5,0,0,0,10
2005,Semi Final,2005-09-09,S.C.G.,Sydney,Geelong,Sydney,Amon Buchanan,10,2,13,0,0,0,5
2005,Semi Final,2005-09-09,S.C.G.,Sydney,Geelong,Sydney,Jared Crouch,13,0,10,0,1,0,4
2005,Semi Final,2005-09-09,S.C.G.,Sydney,Geelong,Sydney,Nick Davis,15,3,9,4,2,0,0
2005,Semi Final,2005-09-09,S.C.G.,Sydney,Geelong,Sydney,Sean Dempster,4,2,1,0,0,1,0
2005,Semi Final,2005-09-09,S.C.G.,Sydney,Geelong,Sydney,Nic Fosdike,10,5,6,0,0,0,5
2005,Semi Final,2005-09-09,S.C.G.,Sydney,Geelong,Sydney,Adam Goodes,10,2,3,0,0,1,4
2005,Semi Final,2005-09-09,S.C.G.,Sydney,Geelong,Sydney,Barry Hall,5,4,4,0,0,0,2
2005,Semi Final,2005-09-09,S.C.G.,Sydney,Geelong,Sydney,Darren Jolly,2,2,4,0,1,33,4
2005,Semi Final,2005-09-09,S.C.G.,Sydney,Geelong,Sydney,Tadhg Kennelly,8,3,8,0,1,1,4
2005,Semi Final,2005-09-09,S.C.G.,Sydney,Geelong,Sydney,Brett Kirk,13,2,12,0,0,0,8
2005,Semi Final,2005-09-09,S.C.G.,Sydney,Geelong,Sydney,Ben Mathews,7,2,4,0,0,0,6
2005,Semi Final,2005-09-09,S.C.G.,Sydney,Geelong,Sydney,Ryan OKeefe,10,5,2,1,1,0,2
2005,Semi Final,2005-09-09,S.C.G.,Sydney,Geelong,Sydney,Michael OLoughlin,6,4,5,2,0,0,1
2005,Semi Final,2005-09-09,S.C.G.,Sydney,Geelong,Sydney,Lewis Roberts-Thomson,5,1,1,0,0,0,1
2005,Semi Final,2005-09-09,S.C.G.,Sydney,Geelong,Sydney,Adam Schneider,4,1,1,0,2,0,4
2005,Semi Final,2005-09-09,S.C.G.,Sydney,Geelong,Sydney,Paul Williams,5,1,5,0,0,0,0
2005,Semi Final,2005-09-09,S.C.G.,Sydney,Geelong,Geelong,Gary Ablett,5,2,3,0,2,0,5
2005,Semi Final,2005-09-09,S.C.G.,Sydney,Geelong,Geelong,Jimmy Bartel,7,1,2,0,0,0,8
2005,Semi Final,2005-09-09,S.C.G.,Sydney,Geelong,Geelong,Joel Corey,11,5,5,0,0,0,9
2005,Semi Final,2005-09-09,S.C.G.,Sydney,Geelong,Geelong,Matthew Egan,4,2,4,0,0,0,0
2005,Semi Final,2005-09-09,S.C.G.,Sydney,Geelong,Geelong,Corey Enright,7,3,4,0,1,0,3
2005,Semi Final,2005-09-09,S.C.G.,Sydney,Geelong,Geelong,Charlie Gardiner,7,5,3,1,0,0,0
2005,Semi Final,2005-09-09,S.C.G.,Sydney,Geelong,Geelong,Tom Harley,8,5,2,0,0,0,2
2005,Semi Final,2005-09-09,S.C.G.,Sydney,Geelong,Geelong,Josh Hunt,3,0,5,0,0,1,2
2005,Semi Final,2005-09-09,S.C.G.,Sydney,Geelong,Geelong,David Johnson,7,6,3,1,0,0,2
2005,Semi Final,2005-09-09,S.C.G.,Sydney,Geelong,Geelong,Steve Johnson,18,6,5,2,2,0,3
2005,Semi Final,2005-09-09,S.C.G.,Sydney,Geelong,Geelong,James Kelly,13,7,11,1,1,1,4
2005,Semi Final,2005-09-09,S.C.G.,Sydney,Geelong,Geelong,Steven King,7,3,3,0,0,8,1
2005,Semi Final,2005-09-09,S.C.G.,Sydney,Geelong,Geelong,Kent Kingsley,5,4,5,0,0,1,3
2005,Semi Final,2005-09-09,S.C.G.,Sydney,Geelong,Geelong,Cameron Ling,10,3,13,0,0,0,6
2005,Semi Final,2005-09-09,S.C.G.,Sydney,Geelong,Geelong,Andrew Mackie,4,1,0,0,0,0,2
2005,Semi Final,2005-09-09,S.C.G.,Sydney,Geelong,Geelong,Darren Milburn,7,3,2,0,0,1,4
2005,Semi Final,2005-09-09,S.C.G.,Sydney,Geelong,Geelong,Cameron Mooney,6,5,7,0,0,8,0
2005,Semi Final,2005-09-09,S.C.G.,Sydney,Geelong,Geelong,Henry Playfair,6,3,2,1,0,2,3
2005,Semi Final,2005-09-09,S.C.G.,Sydney,Geelong,Geelong,Max Rooke,9,3,1,1,1,0,15
2005,Semi Final,2005-09-09,S.C.G.,Sydney,Geelong,Geelong,Brenton Sanderson,9,5,5,0,1,0,5
2005,Semi Final,2005-09-09,S.C.G.,Sydney,Geelong,Geelong,Matthew Scarlett,14,5,2,0,0,0,1
2005,Semi Final,2005-09-09,S.C.G.,Sydney,Geelong,Geelong,Kane Tenace,10,2,6,0,0,0,5
2005,Semi Final,2005-09-10,Football Park,Adelaide,Port Adelaide,Adelaide,Nathan Bassett,10,10,4,0,0,1,2
2005,Semi Final,2005-09-10,Football Park,Adelaide,Port Adelaide,Adelaide,Rhett Biglands,3,3,2,0,1,6,0
2005,Semi Final,2005-09-10,Football Park,Adelaide,Port Adelaide,Adelaide,Nathan Bock,10,6,4,0,1,0,1
2005,Semi Final,2005-09-10,Football Park,Adelaide,Port Adelaide,Adelaide,Brett Burton,17,7,3,0,1,0,6
2005,Semi Final,2005-09-10,Football Park,Adelaide,Port Adelaide,Adelaide,Matthew Clarke,3,1,6,0,0,23,1
2005,Semi Final,2005-09-10,Football Park,Adelaide,Port Adelaide,Adelaide,Michael Doughty,6,3,6,0,0,0,1
2005,Semi Final,2005-09-10,Football Park,Adelaide,Port Adelaide,Adelaide,Tyson Edwards,15,4,7,1,0,0,3
2005,Semi Final,2005-09-10,Football Park,Adelaide,Port Adelaide,Adelaide,Simon Goodwin,12,6,10,3,0,0,1
2005,Semi Final,2005-09-10,Football Park,Adelaide,Port Adelaide,Adelaide,Ben Hart,9,7,2,0,1,0,4
2005,Semi Final,2005-09-10,Football Park,Adelaide,Port Adelaide,Adelaide,Trent Hentschel,10,8,3,1,3,0,1
2005,Semi Final,2005-09-10,Football Park,Adelaide,Port Adelaide,Adelaide,Graham Johncock,7,5,4,0,0,0,3
2005,Semi Final,2005-09-10,Football Park,Adelaide,Port Adelaide,Adelaide,Martin Mattner,4,6,7,0,0,1,1
2005,Semi Final,2005-09-10,Football Park,Adelaide,Port Adelaide,Adelaide,Ken McGregor,4,3,5,2,0,0,1
2005,Semi Final,2005-09-10,Football Park,Adelaide,Port Adelaide,Adelaide,Andrew McLeod,14,0,6,1,0,0,4
2005,Semi Final,2005-09-10,Football Park,Adelaide,Port Adelaide,Adelaide,Ian Perrie,6,5,3,3,0,1,1
2005,Semi Final,2005-09-10,Football Park,Adelaide,Port Adelaide,Adelaide,Mark Ricciuto,13,4,11,1,0,0,1
2005,Semi Final,2005-09-10,Football Park,Adelaide,Port Adelaide,Adelaide,Ben Rutten,10,8,4,1,0,0,0
2005,Semi Final,2005-09-10,Football Park,Adelaide,Port Adelaide,Adelaide,Robert Shirley,6,1,12,1,0,0,3
2005,Semi Final,2005-09-10,Football Park,Adelaide,Port Adelaide,Adelaide,Hayden Skipworth,4,1,2,0,0,0,3
2005,Semi Final,2005-09-10,Football Park,Adelaide,Port Adelaide,Adelaide,Scott Thompson,8,4,8,0,1,0,5
2005,Semi Final,2005-09-10,Football Park,Adelaide,Port Adelaide,Adelaide,Jason Torney,6,5,9,0,1,0,5
2005,Semi Final,2005-09-10,Football Park,Adelaide,Port Adelaide,Adelaide,Scott Welsh,11,8,0,4,1,0,1
2005,Semi Final,2005-09-10,Football Park,Adelaide,Port Adelaide,Port Adelaide,Matthew Bishop,5,5,5,0,0,0,0
2005,Semi Final,2005-09-10,Football Park,Adelaide,Port Adelaide,Port Adelaide,Dean Brogan,10,5,6,0,0,17,6
2005,Semi Final,2005-09-10,Football Park,Adelaide,Port Adelaide,Port Adelaide,Peter Burgoyne,7,2,4,0,0,0,2
2005,Semi Final,2005-09-10,Football Park,Adelaide,Port Adelaide,Port Adelaide,Shaun Burgoyne,6,4,6,1,1,0,3
2005,Semi Final,2005-09-10,Football Park,Adelaide,Port Adelaide,Port Adelaide,Domenic Cassisi,10,3,7,0,1,0,3
2005,Semi Final,2005-09-10,Football Park,Adelaide,Port Adelaide,Port Adelaide,Troy Chaplin,3,4,8,0,0,0,1
2005,Semi Final,2005-09-10,Football Park,Adelaide,Port Adelaide,Port Adelaide,Chad Cornes,16,8,9,0,0,5,3
2005,Semi Final,2005-09-10,Football Park,Adelaide,Port Adelaide,Port Adelaide,Kane Cornes,10,4,11,0,0,0,2
2005,Semi Final,2005-09-10,Football Park,Adelaide,Port Adelaide,Port Adelaide,Stuart Dew,7,4,7,0,0,0,1
2005,Semi Final,2005-09-10,Football Park,Adelaide,Port Adelaide,Port Adelaide,Josh Francou,5,0,9,0,1,0,2
2005,Semi Final,2005-09-10,Football Park,Adelaide,Port Adelaide,Port Adelaide,Adam Kingsley,11,2,4,0,0,0,3
2005,Semi Final,2005-09-10,Football Park,Adelaide,Port Adelaide,Port Adelaide,Brendon Lade,2,1,4,0,0,6,0
2005,Semi Final,2005-09-10,Football Park,Adelaide,Port Adelaide,Port Adelaide,Josh Mahoney,9,5,3,1,2,0,2
2005,Semi Final,2005-09-10,Football Park,Adelaide,Port Adelaide,Port Adelaide,Brett Montgomery,8,4,5,0,0,0,2
2005,Semi Final,2005-09-10,Football Park,Adelaide,Port Adelaide,Port Adelaide,Danyle Pearce,8,3,6,1,1,0,2
2005,Semi Final,2005-09-10,Football Park,Adelaide,Port Adelaide,Port Adelaide,Michael Pettigrew,2,0,1,1,0,0,0
2005,Semi Final,2005-09-10,Football Park,Adelaide,Port Adelaide,Port Adelaide,Byron Pickett,4,1,1,0,0,0,2
2005,Semi Final,2005-09-10,Football Park,Adelaide,Port Adelaide,Port Adelaide,Warren Tredrea,13,9,2,0,1,2,1
2005,Semi Final,2005-09-10,Football Park,Adelaide,Port Adelaide,Port Adelaide,Darryl Wakelin,8,6,4,0,0,0,2
2005,Semi Final,2005-09-10,Football Park,Adelaide,Port Adelaide,Port Adelaide,Peter Walsh,4,4,8,0,0,0,4
2005,Semi Final,2005-09-10,Football Park,Adelaide,Port Adelaide,Port Adelaide,Gavin Wanganeen,11,5,5,1,0,0,1
2005,Semi Final,2005-09-10,Football Park,Adelaide,Port Adelaide,Port Adelaide,Michael Wilson,2,1,2,0,0,0,1
2005,Preliminary Final,2005-09-16,M.C.G.,St Kilda,Sydney,St Kilda,Cain Ackland,3,2,3,0,0,22,0
2005,Preliminary Final,2005-09-16,M.C.G.,St Kilda,Sydney,St Kilda,Steven Baker,6,6,5,0,0,0,7
2005,Preliminary Final,2005-09-16,M.C.G.,St Kilda,Sydney,St Kilda,Luke Ball,12,1,7,0,0,0,11
2005,Preliminary Final,2005-09-16,M.C.G.,St Kilda,Sydney,St Kilda,Jason Blake,3,4,7,0,0,14,0
2005,Preliminary Final,2005-09-16,M.C.G.,St Kilda,Sydney,St Kilda,Raphael Clarke,4,4,7,0,0,0,4
2005,Preliminary Final,2005-09-16,M.C.G.,St Kilda,Sydney,St Kilda,Nick Dal Santo,17,6,6,1,0,0,3
2005,Preliminary Final,2005-09-16,M.C.G.,St Kilda,Sydney,St Kilda,Aaron Fiora,9,5,1,0,1,0,3
2005,Preliminary Final,2005-09-16,M.C.G.,St Kilda,Sydney,St Kilda,Fraser Gehrig,7,3,2,4,2,0,0
2005,Preliminary Final,2005-09-16,M.C.G.,St Kilda,Sydney,St Kilda,Brendon Goddard,7,5,6,0,0,0,2
2005,Preliminary Final,2005-09-16,M.C.G.,St Kilda,Sydney,St Kilda,Brent Guerra,1,0,0,0,0,0,2
2005,Preliminary Final,2005-09-16,M.C.G.,St Kilda,Sydney,St Kilda,James Gwilt,2,1,0,0,0,0,3
2005,Preliminary Final,2005-09-16,M.C.G.,St Kilda,Sydney,St Kilda,Robert Harvey,17,1,7,0,0,0,1
2005,Preliminary Final,2005-09-16,M.C.G.,St Kilda,Sydney,St Kilda,Lenny Hayes,9,4,5,1,1,3,7
2005,Preliminary Final,2005-09-16,M.C.G.,St Kilda,Sydney,St Kilda,Max Hudghton,3,1,9,0,0,0,1
2005,Preliminary Final,2005-09-16,M.C.G.,St Kilda,Sydney,St Kilda,Austinn Jones,12,4,5,0,0,0,2
2005,Preliminary Final,2005-09-16,M.C.G.,St Kilda,Sydney,St Kilda,Matt Maguire,11,6,4,0,1,0,1
2005,Preliminary Final,2005-09-16,M.C.G.,St Kilda,Sydney,St Kilda,Stephen Milne,2,0,2,0,0,0,4
2005,Preliminary Final,2005-09-16,M.C.G.,St Kilda,Sydney,St Kilda,Leigh Montagna,8,1,3,1,0,0,1
2005,Preliminary Final,2005-09-16,M.C.G.,St Kilda,Sydney,St Kilda,Stephen Powell,6,1,3,0,0,0,7
2005,Preliminary Final,2005-09-16,M.C.G.,St Kilda,Sydney,St Kilda,Nick Riewoldt,6,5,5,2,2,1,0
2005,Preliminary Final,2005-09-16,M.C.G.,St Kilda,Sydney,St Kilda,Andrew Thompson,7,2,5,0,2,0,2
2005,Preliminary Final,2005-09-16,M.C.G.,St Kilda,Sydney,St Kilda,Brett Voss,5,3,6,0,0,2,3
2005,Preliminary Final,2005-09-16,M.C.G.,St Kilda,Sydney,Sydney,Luke Ablett,7,5,3,0,0,1,6
2005,Preliminary Final,2005-09-16,M.C.G.,St Kilda,Sydney,Sydney,Jason Ball,5,6,2,0,0,14,1
2005,Preliminary Final,2005-09-16,M.C.G.,St Kilda,Sydney,Sydney,Leo Barry,13,9,2,0,0,0,1
2005,Preliminary Final,2005-09-16,M.C.G.,St Kilda,Sydney,Sydney,Paul Bevan,2,1,1,0,0,0,6
2005,Preliminary Final,2005-09-16,M.C.G.,St Kilda,Sydney,Sydney,Craig Bolton,5,2,1,0,0,0,6
2005,Preliminary Final,2005-09-16,M.C.G.,St Kilda,Sydney,Sydney,Jude Bolton,14,5,5,0,0,1,8
2005,Preliminary Final,2005-09-16,M.C.G.,St Kilda,Sydney,Sydney,Amon Buchanan,11,4,5,1,1,0,6
2005,Preliminary Final,2005-09-16,M.C.G.,St Kilda,Sydney,Sydney,Jared Crouch,9,3,6,0,0,0,5
2005,Preliminary Final,2005-09-16,M.C.G.,St Kilda,Sydney,Sydney,Nick Davis,14,5,2,1,1,0,2
2005,Preliminary Final,2005-09-16,M.C.G.,St Kilda,Sydney,Sydney,Sean Dempster,4,2,2,0,0,0,4
2005,Preliminary Final,2005-09-16,M.C.G.,St Kilda,Sydney,Sydney,Nic Fosdike,9,3,5,0,0,0,4
2005,Preliminary Final,2005-09-16,M.C.G.,St Kilda,Sydney,Sydney,Adam Goodes,13,5,7,0,0,2,2
2005,Preliminary Final,2005-09-16,M.C.G.,St Kilda,Sydney,Sydney,Barry Hall,12,6,4,4,0,2,3
2005,Preliminary Final,2005-09-16,M.C.G.,St Kilda,Sydney,Sydney,Darren Jolly,6,4,3,0,0,17,2
2005,Preliminary Final,2005-09-16,M.C.G.,St Kilda,Sydney,Sydney,Tadhg Kennelly,12,5,4,0,0,0,1
2005,Preliminary Final,2005-09-16,M.C.G.,St Kilda,Sydney,Sydney,Brett Kirk,6,3,6,0,0,0,3
2005,Preliminary Final,2005-09-16,M.C.G.,St Kilda,Sydney,Sydney,Ben Mathews,10,4,3,0,0,0,3
2005,Preliminary Final,2005-09-16,M.C.G.,St Kilda,Sydney,Sydney,Ryan OKeefe,18,10,6,2,0,0,4
2005,Preliminary Final,2005-09-16,M.C.G.,St Kilda,Sydney,Sydney,Michael OLoughlin,7,2,3,2,0,0,1
2005,Preliminary Final,2005-09-16,M.C.G.,St Kilda,Sydney,Sydney,Lewis Roberts-Thomson,1,1,3,0,0,0,0
2005,Preliminary Final,2005-09-16,M.C.G.,St Kilda,Sydney,Sydney,Adam Schneider,9,3,0,3,0,0,3
2005,Preliminary Final,2005-09-16,M.C.G.,St Kilda,Sydney,Sydney,Paul Williams,9,3,3,2,0,0,2
2005,Preliminary Final,2005-09-17,Subiaco,West Coast,Adelaide,West Coast,Drew Banfield,7,3,5,0,0,0,2
2005,Preliminary Final,2005-09-17,Subiaco,West Coast,Adelaide,West Coast,Michael Braun,0,0,0,0,0,0,0
2005,Preliminary Final,2005-09-17,Subiaco,West Coast,Adelaide,West Coast,Daniel Chick,7,2,2,3,0,1,6
2005,Preliminary Final,2005-09-17,Subiaco,West Coast,Adelaide,West Coast,Ben Cousins,16,8,6,1,0,0,1
2005,Preliminary Final,2005-09-17,Subiaco,West Coast,Adelaide,West Coast,Dean Cox,12,14,6,0,0,13,3
2005,Preliminary Final,2005-09-17,Subiaco,West Coast,Adelaide,West Coast,Andrew Embley,14,3,8,2,1,0,1
2005,Preliminary Final,2005-09-17,Subiaco,West Coast,Adelaide,West Coast,Chad Fletcher,18,2,10,0,0,0,2
2005,Preliminary Final,2005-09-17,Subiaco,West Coast,Adelaide,West Coast,Michael Gardiner,6,5,1,1,2,2,0
2005,Preliminary Final,2005-09-17,Subiaco,West Coast,Adelaide,West Coast,Travis Gaspar,5,4,5,0,0,0,0
2005,Preliminary Final,2005-09-17,Subiaco,West Coast,Adelaide,West Coast,Darren Glass,5,4,5,0,0,0,4
2005,Preliminary Final,2005-09-17,Subiaco,West Coast,Adelaide,West Coast,Ashley Hansen,8,3,1,3,1,0,1
2005,Preliminary Final,2005-09-17,Subiaco,West Coast,Adelaide,West Coast,Adam Hunter,12,11,9,1,0,1,3
2005,Preliminary Final,2005-09-17,Subiaco,West Coast,Adelaide,West Coast,Rowan Jones,4,2,7,0,0,0,3
2005,Preliminary Final,2005-09-17,Subiaco,West Coast,Adelaide,West Coast,Chris Judd,15,5,9,0,1,0,5
2005,Preliminary Final,2005-09-17,Subiaco,West Coast,Adelaide,West Coast,Daniel Kerr,15,5,16,0,0,0,5
2005,Preliminary Final,2005-09-17,Subiaco,West Coast,Adelaide,West Coast,Mark Nicoski,4,1,4,0,0,0,1
2005,Preliminary Final,2005-09-17,Subiaco,West Coast,Adelaide,West Coast,Ashley Sampi,4,0,7,1,0,0,4
2005,Preliminary Final,2005-09-17,Subiaco,West Coast,Adelaide,West Coast,Mark Seaby,7,4,6,1,0,19,3
2005,Preliminary Final,2005-09-17,Subiaco,West Coast,Adelaide,West Coast,Adam Selwood,14,6,12,1,0,0,2
2005,Preliminary Final,2005-09-17,Subiaco,West Coast,Adelaide,West Coast,Brent Staker,9,4,4,0,0,0,1
2005,Preliminary Final,2005-09-17,Subiaco,West Coast,Adelaide,West Coast,Tyson Stenglein,11,3,10,0,1,0,2
2005,Preliminary Final,2005-09-17,Subiaco,West Coast,Adelaide,West Coast,David Wirrpanda,11,2,9,0,0,0,3
2005,Preliminary Final,2005-09-17,Subiaco,West Coast,Adelaide,Adelaide,Nathan Bassett,5,2,6,0,0,0,2
2005,Preliminary Final,2005-09-17,Subiaco,West Coast,Adelaide,Adelaide,Rhett Biglands,4,3,7,0,1,16,4
2005,Preliminary Final,2005-09-17,Subiaco,West Coast,Adelaide,Adelaide,Nathan Bock,4,2,6,0,0,0,1
2005,Preliminary Final,2005-09-17,Subiaco,West Coast,Adelaide,Adelaide,Brett Burton,13,5,4,1,1,0,3
2005,Preliminary Final,2005-09-17,Subiaco,West Coast,Adelaide,Adelaide,Matthew Clarke,3,4,7,0,0,12,0
2005,Preliminary Final,2005-09-17,Subiaco,West Coast,Adelaide,Adelaide,Michael Doughty,7,2,5,0,0,0,1
2005,Preliminary Final,2005-09-17,Subiaco,West Coast,Adelaide,Adelaide,Tyson Edwards,16,3,14,1,0,0,3
2005,Preliminary Final,2005-09-17,Subiaco,West Coast,Adelaide,Adelaide,Simon Goodwin,14,1,9,1,0,0,3
2005,Preliminary Final,2005-09-17,Subiaco,West Coast,Adelaide,Adelaide,Ben Hart,9,2,4,0,0,0,4
2005,Preliminary Final,2005-09-17,Subiaco,West Coast,Adelaide,Adelaide,Trent Hentschel,9,5,4,2,1,0,1
2005,Preliminary Final,2005-09-17,Subiaco,West Coast,Adelaide,Adelaide,Graham Johncock,3,2,2,0,0,0,2
2005,Preliminary Final,2005-09-17,Subiaco,West Coast,Adelaide,Adelaide,Martin Mattner,6,6,6,0,0,0,4
2005,Preliminary Final,2005-09-17,Subiaco,West Coast,Adelaide,Adelaide,Ken McGregor,16,10,3,3,1,0,1
2005,Preliminary Final,2005-09-17,Subiaco,West Coast,Adelaide,Adelaide,Andrew McLeod,10,1,7,0,0,0,1
2005,Preliminary Final,2005-09-17,Subiaco,West Coast,Adelaide,Adelaide,Ian Perrie,15,8,5,1,2,0,0
2005,Preliminary Final,2005-09-17,Subiaco,West Coast,Adelaide,Adelaide,Mark Ricciuto,8,1,14,0,1,0,5
2005,Preliminary Final,2005-09-17,Subiaco,West Coast,Adelaide,Adelaide,Ben Rutten,2,4,3,0,0,1,0
2005,Preliminary Final,2005-09-17,Subiaco,West Coast,Adelaide,Adelaide,Robert Shirley,4,1,5,0,0,0,3
2005,Preliminary Final,2005-09-17,Subiaco,West Coast,Adelaide,Adelaide,Hayden Skipworth,11,4,3,0,0,0,3
2005,Preliminary Final,2005-09-17,Subiaco,West Coast,Adelaide,Adelaide,Scott Thompson,7,5,7,0,0,2,4
2005,Preliminary Final,2005-09-17,Subiaco,West Coast,Adelaide,Adelaide,Jason Torney,9,5,3,0,0,0,3
2005,Preliminary Final,2005-09-17,Subiaco,West Coast,Adelaide,Adelaide,Scott Welsh,9,6,3,2,2,0,2
2005,Grand Final,2005-09-24,M.C.G.,West Coast,Sydney,West Coast,Drew Banfield,10,3,6,0,1,0,1
2005,Grand Final,2005-09-24,M.C.G.,West Coast,Sydney,West Coast,Sam Butler,0,0,2,0,0,0,2
2005,Grand Final,2005-09-24,M.C.G.,West Coast,Sydney,West Coast,Daniel Chick,4,0,1,0,0,0,5
2005,Grand Final,2005-09-24,M.C.G.,West Coast,Sydney,West Coast,Ben Cousins,18,7,9,1,0,0,4
2005,Grand Final,2005-09-24,M.C.G.,West Coast,Sydney,West Coast,Dean Cox,11,7,8,1,0,29,3
2005,Grand Final,2005-09-24,M.C.G.,West Coast,Sydney,West Coast,Andrew Embley,14,2,2,1,0,0,5
2005,Grand Final,2005-09-24,M.C.G.,West Coast,Sydney,West Coast,Chad Fletcher,9,2,11,0,0,0,5
2005,Grand Final,2005-09-24,M.C.G.,West Coast,Sydney,West Coast,Michael Gardiner,5,2,1,0,2,3,1
2005,Grand Final,2005-09-24,M.C.G.,West Coast,Sydney,West Coast,Travis Gaspar,2,1,2,0,0,0,1
2005,Grand Final,2005-09-24,M.C.G.,West Coast,Sydney,West Coast,Darren Glass,4,3,5,0,0,0,2
2005,Grand Final,2005-09-24,M.C.G.,West Coast,Sydney,West Coast,Kasey Green,6,4,7,0,0,0,0
2005,Grand Final,2005-09-24,M.C.G.,West Coast,Sydney,West Coast,Ashley Hansen,11,7,1,1,1,0,1
2005,Grand Final,2005-09-24,M.C.G.,West Coast,Sydney,West Coast,Adam Hunter,7,8,3,2,1,0,1
2005,Grand Final,2005-09-24,M.C.G.,West Coast,Sydney,West Coast,Chris Judd,14,1,15,0,0,0,2
2005,Grand Final,2005-09-24,M.C.G.,West Coast,Sydney,West Coast,Daniel Kerr,7,2,8,0,1,0,3
2005,Grand Final,2005-09-24,M.C.G.,West Coast,Sydney,West Coast,Mark Nicoski,12,4,5,1,0,0,3
2005,Grand Final,2005-09-24,M.C.G.,West Coast,Sydney,West Coast,Ashley Sampi,8,2,1,0,0,0,3
2005,Grand Final,2005-09-24,M.C.G.,West Coast,Sydney,West Coast,Mark Seaby,4,1,0,0,0,11,4
2005,Grand Final,2005-09-24,M.C.G.,West Coast,Sydney,West Coast,Adam Selwood,4,1,3,0,0,0,4
2005,Grand Final,2005-09-24,M.C.G.,West Coast,Sydney,West Coast,Brent Staker,8,6,3,0,1,0,0
2005,Grand Final,2005-09-24,M.C.G.,West Coast,Sydney,West Coast,Tyson Stenglein,6,0,8,0,1,0,6
2005,Grand Final,2005-09-24,M.C.G.,West Coast,Sydney,West Coast,David Wirrpanda,17,5,3,0,0,0,3
2005,Grand Final,2005-09-24,M.C.G.,West Coast,Sydney,Sydney,Luke Ablett,3,2,0,0,0,0,1
2005,Grand Final,2005-09-24,M.C.G.,West Coast,Sydney,Sydney,Jason Ball,3,3,1,0,0,13,1
2005,Grand Final,2005-09-24,M.C.G.,West Coast,Sydney,Sydney,Leo Barry,10,5,6,0,0,1,1
2005,Grand Final,2005-09-24,M.C.G.,West Coast,Sydney,Sydney,Paul Bevan,4,1,1,0,0,0,2
2005,Grand Final,2005-09-24,M.C.G.,West Coast,Sydney,Sydney,Craig Bolton,4,2,3,0,0,0,2
2005,Grand Final,2005-09-24,M.C.G.,West Coast,Sydney,Sydney,Jude Bolton,10,3,4,0,2,2,6
2005,Grand Final,2005-09-24,M.C.G.,West Coast,Sydney,Sydney,Amon Buchanan,9,4,10,1,1,0,5
2005,Grand Final,2005-09-24,M.C.G.,West Coast,Sydney,Sydney,Jared Crouch,13,2,6,0,0,0,3
2005,Grand Final,2005-09-24,M.C.G.,West Coast,Sydney,Sydney,Nick Davis,4,1,4,0,0,0,1
2005,Grand Final,2005-09-24,M.C.G.,West Coast,Sydney,Sydney,Sean Dempster,3,1,3,0,0,0,6
2005,Grand Final,2005-09-24,M.C.G.,West Coast,Sydney,Sydney,Nic Fosdike,16,8,10,0,0,0,7
2005,Grand Final,2005-09-24,M.C.G.,West Coast,Sydney,Sydney,Adam Goodes,12,7,8,1,1,1,1
2005,Grand Final,2005-09-24,M.C.G.,West Coast,Sydney,Sydney,Barry Hall,15,10,2,2,1,0,0
2005,Grand Final,2005-09-24,M.C.G.,West Coast,Sydney,Sydney,Darren Jolly,8,1,2,1,0,12,1
2005,Grand Final,2005-09-24,M.C.G.,West Coast,Sydney,Sydney,Tadhg Kennelly,7,3,7,1,0,0,3
2005,Grand Final,2005-09-24,M.C.G.,West Coast,Sydney,Sydney,Brett Kirk,12,4,10,0,0,0,7
2005,Grand Final,2005-09-24,M.C.G.,West Coast,Sydney,Sydney,Ben Mathews,11,3,5,0,0,0,6
2005,Grand Final,2005-09-24,M.C.G.,West Coast,Sydney,Sydney,Ryan OKeefe,8,6,3,0,1,0,1
2005,Grand Final,2005-09-24,M.C.G.,West Coast,Sydney,Sydney,Michael OLoughlin,9,8,3,1,2,0,1
2005,Grand Final,2005-09-24,M.C.G.,West Coast,Sydney,Sydney,Lewis Roberts-Thomson,12,6,5,0,0,0,1
2005,Grand Final,2005-09-24,M.C.G.,West Coast,Sydney,Sydney,Adam Schneider,5,1,4,1,1,0,3
2005,Grand Final,2005-09-24,M.C.G.,West Coast,Sydney,Sydney,Paul Williams,10,3,8,0,1,0,3
