season,round,date,venue,home_club,away_club,club,player,kicks,marks,handballs,goals,behinds,hitouts,tackles
2009,1,2009-03-26,M.C.G.,Richmond,Carlton,Richmond,Joel Bowden,7,4,8,0,0,0,1
2009,1,2009-03-26,M.C.G.,Richmond,Carlton,Richmond,Andrew Browne,0,0,4,0,0,3,1
2009,1,2009-03-26,M.C.G.,Richmond,Carlton,Richmond,Nathan Brown,12,2,6,0,1,0,1
2009,1,2009-03-26,M.C.G.,Richmond,Carlton,Richmond,Ben Cousins,6,3,6,0,0,0,2
2009,1,2009-03-26,M.C.G.,Richmond,Carlton,Richmond,Brett Deledio,12,7,9,0,1,0,2
2009,1,2009-03-26,M.C.G.,Richmond,Carlton,Richmond,Shane Edwards,3,1,6,0,0,1,2
2009,1,2009-03-26,M.C.G.,Richmond,Carlton,Richmond,Nathan Foley,10,1,21,0,0,0,6
2009,1,2009-03-26,M.C.G.,Richmond,Carlton,Richmond,Daniel Jackson,5,2,5,0,0,0,3
2009,1,2009-03-26,M.C.G.,Richmond,Carlton,Richmond,Luke McGuane,5,7,9,0,0,0,2
2009,1,2009-03-26,M.C.G.,Richmond,Carlton,Richmond,Jordan McMahon,4,1,7,0,0,0,4
2009,1,2009-03-26,M.C.G.,Richmond,Carlton,Richmond,Kelvin Moore,3,3,6,0,0,0,4
2009,1,2009-03-26,M.C.G.,Richmond,Carlton,Richmond,Mitch Morton,13,8,2,4,1,0,1
2009,1,2009-03-26,M.C.G.,Richmond,Carlton,Richmond,Chris Newman,18,6,5,0,1,0,2
2009,1,2009-03-26,M.C.G.,Richmond,Carlton,Richmond,Andrew Raines,10,2,13,0,0,0,3
2009,1,2009-03-26,M.C.G.,Richmond,Carlton,Richmond,Matthew Richardson,16,13,9,1,2,0,1
2009,1,2009-03-26,M.C.G.,Richmond,Carlton,Richmond,Jack Riewoldt,7,7,4,1,2,2,1
2009,1,2009-03-26,M.C.G.,Richmond,Carlton,Richmond,Jay Schulz,7,5,7,1,1,0,3
2009,1,2009-03-26,M.C.G.,Richmond,Carlton,Richmond,Troy Simmonds,7,7,13,1,1,14,2
2009,1,2009-03-26,M.C.G.,Richmond,Carlton,Richmond,Richard Tambling,9,7,6,1,0,0,2
2009,1,2009-03-26,M.C.G.,Richmond,Carlton,Richmond,Will Thursfield,1,0,4,0,0,0,3
2009,1,2009-03-26,M.C.G.,Richmond,Carlton,Richmond,Shane Tuck,9,4,15,0,1,3,3
2009,1,2009-03-26,M.C.G.,Richmond,Carlton,Richmond,Matt White,11,3,8,0,1,0,5
2009,1,2009-03-26,M.C.G.,Richmond,Carlton,Carlton,Eddie Betts,10,4,5,5,0,0,4
2009,1,2009-03-26,M.C.G.,Richmond,Carlton,Carlton,Paul Bower,5,4,7,0,0,0,0
2009,1,2009-03-26,M.C.G.,Richmond,Carlton,Carlton,Cameron Cloke,12,10,4,0,1,3,0
2009,1,2009-03-26,M.C.G.,Richmond,Carlton,Carlton,Brendan Fevola,6,3,4,2,1,0,5
2009,1,2009-03-26,M.C.G.,Richmond,Carlton,Carlton,Jeff Garlett,8,5,2,1,1,0,2
2009,1,2009-03-26,M.C.G.,Richmond,Carlton,Carlton,Bryce Gibbs,24,6,6,0,1,0,1
2009,1,2009-03-26,M.C.G.,Richmond,Carlton,Carlton,Richard Hadley,8,6,14,1,0,0,12
2009,1,2009-03-26,M.C.G.,Richmond,Carlton,Carlton,Ryan Houlihan,12,3,17,0,0,0,6
2009,1,2009-03-26,M.C.G.,Richmond,Carlton,Carlton,Sam Jacobs,2,4,6,0,0,20,3
2009,1,2009-03-26,M.C.G.,Richmond,Carlton,Carlton,Michael Jamison,3,3,0,0,0,0,3
2009,1,2009-03-26,M.C.G.,Richmond,Carlton,Carlton,Chris Johnson,8,2,8,0,0,0,2
2009,1,2009-03-26,M.C.G.,Richmond,Carlton,Carlton,Aaron Joseph,7,4,3,0,0,0,4
2009,1,2009-03-26,M.C.G.,Richmond,Carlton,Carlton,Chris Judd,15,1,8,2,1,0,6
2009,1,2009-03-26,M.C.G.,Richmond,Carlton,Carlton,Matthew Kreuzer,5,6,11,1,1,21,4
2009,1,2009-03-26,M.C.G.,Richmond,Carlton,Carlton,Marc Murphy,16,4,12,2,0,0,6
2009,1,2009-03-26,M.C.G.,Richmond,Carlton,Carlton,Mitch Robinson,7,4,6,3,0,0,6
2009,1,2009-03-26,M.C.G.,Richmond,Carlton,Carlton,Jordan Russell,10,7,7,1,0,0,3
2009,1,2009-03-26,M.C.G.,Richmond,Carlton,Carlton,Heath Scotland,11,3,18,0,0,0,2
2009,1,2009-03-26,M.C.G.,Richmond,Carlton,Carlton,Kade Simpson,21,7,6,0,2,0,3
2009,1,2009-03-26,M.C.G.,Richmond,Carlton,Carlton,Bret Thornton,12,10,7,0,0,0,1
2009,1,2009-03-26,M.C.G.,Richmond,Carlton,Carlton,Jarrad Waite,13,4,3,3,0,0,1
2009,1,2009-03-26,M.C.G.,Richmond,Carlton,Carlton,Simon Wiggins,12,10,9,2,3,0,8
2009,1,2009-03-27,M.C.G.,Hawthorn,Geelong,Hawthorn,Chance Bateman,16,10,8,1,0,0,6
2009,1,2009-03-27,M.C.G.,Hawthorn,Geelong,Hawthorn,Grant Birchall,12,6,17,0,0,0,1
2009,1,2009-03-27,M.C.G.,Hawthorn,Geelong,Hawthorn,Campbell Brown,1,2,5,0,0,0,0
2009,1,2009-03-27,M.C.G.,Hawthorn,Geelong,Hawthorn,Stuart Dew,10,2,3,2,0,0,4
2009,1,2009-03-27,M.C.G.,Hawthorn,Geelong,Hawthorn,Lance Franklin,12,8,1,5,2,2,5
2009,1,2009-03-27,M.C.G.,Hawthorn,Geelong,Hawthorn,Brent Guerra,13,5,10,0,1,0,2
2009,1,2009-03-27,M.C.G.,Hawthorn,Geelong,Hawthorn,Luke Hodge,11,2,9,0,0,0,5
2009,1,2009-03-27,M.C.G.,Hawthorn,Geelong,Hawthorn,Sam Mitchell,19,7,15,0,0,0,1
2009,1,2009-03-27,M.C.G.,Hawthorn,Geelong,Hawthorn,Tom Murphy,2,1,7,0,0,0,3
2009,1,2009-03-27,M.C.G.,Hawthorn,Geelong,Hawthorn,Michael Osborne,3,3,1,2,0,0,1
2009,1,2009-03-27,M.C.G.,Hawthorn,Geelong,Hawthorn,Brent Renouf,1,1,6,0,0,8,3
2009,1,2009-03-27,M.C.G.,Hawthorn,Geelong,Hawthorn,Cyril Rioli,6,6,4,1,0,0,5
2009,1,2009-03-27,M.C.G.,Hawthorn,Geelong,Hawthorn,Jarryd Roughead,8,6,2,4,1,0,0
2009,1,2009-03-27,M.C.G.,Hawthorn,Geelong,Hawthorn,Ryan Schoenmakers,1,1,4,0,0,1,1
2009,1,2009-03-27,M.C.G.,Hawthorn,Geelong,Hawthorn,Brad Sewell,7,1,13,0,0,0,10
2009,1,2009-03-27,M.C.G.,Hawthorn,Geelong,Hawthorn,Cameron Stokes,4,2,5,1,1,0,1
2009,1,2009-03-27,M.C.G.,Hawthorn,Geelong,Hawthorn,Matt Suckling,5,2,9,0,0,0,0
2009,1,2009-03-27,M.C.G.,Hawthorn,Geelong,Hawthorn,Simon Taylor,0,1,9,0,0,12,3
2009,1,2009-03-27,M.C.G.,Hawthorn,Geelong,Hawthorn,Travis Tuck,10,7,21,0,0,6,3
2009,1,2009-03-27,M.C.G.,Hawthorn,Geelong,Hawthorn,Brendan Whitecross,5,6,5,0,0,0,2
2009,1,2009-03-27,M.C.G.,Hawthorn,Geelong,Hawthorn,Mark Williams,7,3,3,0,1,0,2
2009,1,2009-03-27,M.C.G.,Hawthorn,Geelong,Hawthorn,Clinton Young,10,6,8,0,1,1,4
2009,1,2009-03-27,M.C.G.,Hawthorn,Geelong,Geelong,Gary Ablett,15,4,20,1,2,0,5
2009,1,2009-03-27,M.C.G.,Hawthorn,Geelong,Geelong,Jimmy Bartel,16,8,12,0,0,0,5
2009,1,2009-03-27,M.C.G.,Hawthorn,Geelong,Geelong,Mark Blake,3,1,7,1,0,16,0
2009,1,2009-03-27,M.C.G.,Hawthorn,Geelong,Geelong,Paul Chapman,13,7,17,1,0,0,3
2009,1,2009-03-27,M.C.G.,Hawthorn,Geelong,Geelong,Joel Corey,19,3,9,0,0,0,5
2009,1,2009-03-27,M.C.G.,Hawthorn,Geelong,Geelong,Corey Enright,10,6,8,1,0,0,3
2009,1,2009-03-27,M.C.G.,Hawthorn,Geelong,Geelong,Ryan Gamble,7,6,5,2,2,0,1
2009,1,2009-03-27,M.C.G.,Hawthorn,Geelong,Geelong,Steve Johnson,19,9,8,2,3,0,2
2009,1,2009-03-27,M.C.G.,Hawthorn,Geelong,Geelong,James Kelly,7,4,9,0,0,0,3
2009,1,2009-03-27,M.C.G.,Hawthorn,Geelong,Geelong,Cameron Ling,7,4,18,0,0,0,1
2009,1,2009-03-27,M.C.G.,Hawthorn,Geelong,Geelong,Tom Lonergan,3,2,5,1,1,0,4
2009,1,2009-03-27,M.C.G.,Hawthorn,Geelong,Geelong,Andrew Mackie,9,3,5,1,0,0,3
2009,1,2009-03-27,M.C.G.,Hawthorn,Geelong,Geelong,Darren Milburn,11,5,4,0,0,0,2
2009,1,2009-03-27,M.C.G.,Hawthorn,Geelong,Geelong,Cameron Mooney,9,7,4,2,2,0,1
2009,1,2009-03-27,M.C.G.,Hawthorn,Geelong,Geelong,Brad Ottens,8,9,14,0,3,22,4
2009,1,2009-03-27,M.C.G.,Hawthorn,Geelong,Geelong,Max Rooke,10,8,5,2,0,0,2
2009,1,2009-03-27,M.C.G.,Hawthorn,Geelong,Geelong,Matthew Scarlett,5,4,5,0,0,0,0
2009,1,2009-03-27,M.C.G.,Hawthorn,Geelong,Geelong,Joel Selwood,15,5,10,0,2,0,5
2009,1,2009-03-27,M.C.G.,Hawthorn,Geelong,Geelong,Mathew Stokes,6,3,7,0,2,0,3
2009,1,2009-03-27,M.C.G.,Hawthorn,Geelong,Geelong,Harry Taylor,9,7,6,0,0,1,0
2009,1,2009-03-27,M.C.G.,Hawthorn,Geelong,Geelong,Travis Varcoe,4,3,5,1,1,0,4
2009,1,2009-03-27,M.C.G.,Hawthorn,Geelong,Geelong,David Wojcinski,3,1,7,0,0,0,0
2009,1,2009-03-28,M.C.G.,Collingwood,Adelaide,Collingwood,John Anthony,7,7,2,2,1,0,2
2009,1,2009-03-28,M.C.G.,Collingwood,Adelaide,Collingwood,Nathan Brown,4,5,9,0,0,0,4
2009,1,2009-03-28,M.C.G.,Collingwood,Adelaide,Collingwood,Chris Bryan,4,1,2,0,0,16,2
2009,1,2009-03-28,M.C.G.,Collingwood,Adelaide,Collingwood,Martin Clarke,13,7,7,2,0,0,2
2009,1,2009-03-28,M.C.G.,Collingwood,Adelaide,Collingwood,Travis Cloke,10,6,1,2,0,1,2
2009,1,2009-03-28,M.C.G.,Collingwood,Adelaide,Collingwood,Shannon Cox,17,5,8,0,0,1,3
2009,1,2009-03-28,M.C.G.,Collingwood,Adelaide,Collingwood,Leon Davis,18,6,3,1,1,0,4
2009,1,2009-03-28,M.C.G.,Collingwood,Adelaide,Collingwood,Alan Didak,15,8,7,0,0,0,1
2009,1,2009-03-28,M.C.G.,Collingwood,Adelaide,Collingwood,Josh Fraser,9,7,7,0,0,19,1
2009,1,2009-03-28,M.C.G.,Collingwood,Adelaide,Collingwood,Tyson Goldsack,5,3,3,0,0,0,3
2009,1,2009-03-28,M.C.G.,Collingwood,Adelaide,Collingwood,Ben Johnson,13,5,10,0,2,0,1
2009,1,2009-03-28,M.C.G.,Collingwood,Adelaide,Collingwood,Tarkyn Lockyer,12,12,9,0,0,0,1
2009,1,2009-03-28,M.C.G.,Collingwood,Adelaide,Collingwood,Heritier Lumumba,9,4,8,0,0,0,5
2009,1,2009-03-28,M.C.G.,Collingwood,Adelaide,Collingwood,Nick Maxwell,5,2,7,2,0,2,8
2009,1,2009-03-28,M.C.G.,Collingwood,Adelaide,Collingwood,Paul Medhurst,12,5,5,2,0,0,3
2009,1,2009-03-28,M.C.G.,Collingwood,Adelaide,Collingwood,Shane OBree,10,7,18,0,0,0,8
2009,1,2009-03-28,M.C.G.,Collingwood,Adelaide,Collingwood,Scott Pendlebury,14,9,15,1,1,0,3
2009,1,2009-03-28,M.C.G.,Collingwood,Adelaide,Collingwood,Simon Prestigiacomo,5,3,0,0,0,0,4
2009,1,2009-03-28,M.C.G.,Collingwood,Adelaide,Collingwood,Ben Reid,5,3,5,0,0,0,1
2009,1,2009-03-28,M.C.G.,Collingwood,Adelaide,Collingwood,Dane Swan,16,7,12,1,0,0,5
2009,1,2009-03-28,M.C.G.,Collingwood,Adelaide,Collingwood,Dale Thomas,12,5,9,0,0,1,4
2009,1,2009-03-28,M.C.G.,Collingwood,Adelaide,Collingwood,Alan Toovey,9,0,6,0,0,1,4
2009,1,2009-03-28,M.C.G.,Collingwood,Adelaide,Adelaide,Nathan Bock,15,5,7,1,0,0,1
2009,1,2009-03-28,M.C.G.,Collingwood,Adelaide,Adelaide,Myke Cook,4,3,7,0,1,0,3
2009,1,2009-03-28,M.C.G.,Collingwood,Adelaide,Adelaide,Patrick Dangerfield,6,4,9,1,1,0,3
2009,1,2009-03-28,M.C.G.,Collingwood,Adelaide,Adelaide,Michael Doughty,5,8,11,0,0,0,2
2009,1,2009-03-28,M.C.G.,Collingwood,Adelaide,Adelaide,Richard Douglas,7,4,7,1,0,0,0
2009,1,2009-03-28,M.C.G.,Collingwood,Adelaide,Adelaide,Tyson Edwards,20,10,8,0,2,2,4
2009,1,2009-03-28,M.C.G.,Collingwood,Adelaide,Adelaide,Simon Goodwin,9,6,20,0,0,0,1
2009,1,2009-03-28,M.C.G.,Collingwood,Adelaide,Adelaide,Trent Hentschel,8,4,3,0,0,0,1
2009,1,2009-03-28,M.C.G.,Collingwood,Adelaide,Adelaide,Chris Knights,11,4,15,1,1,1,3
2009,1,2009-03-28,M.C.G.,Collingwood,Adelaide,Adelaide,David Mackay,6,3,11,0,0,0,3
2009,1,2009-03-28,M.C.G.,Collingwood,Adelaide,Adelaide,Ivan Maric,2,3,9,0,1,21,1
2009,1,2009-03-28,M.C.G.,Collingwood,Adelaide,Adelaide,Andrew McLeod,25,5,5,0,1,0,2
2009,1,2009-03-28,M.C.G.,Collingwood,Adelaide,Adelaide,Andy Otten,7,6,12,0,0,0,1
2009,1,2009-03-28,M.C.G.,Collingwood,Adelaide,Adelaide,Jared Petrenko,8,4,7,1,0,0,3
2009,1,2009-03-28,M.C.G.,Collingwood,Adelaide,Adelaide,Jason Porplyzia,7,2,10,2,0,0,2
2009,1,2009-03-28,M.C.G.,Collingwood,Adelaide,Adelaide,Brent Reilly,6,2,11,0,0,0,4
2009,1,2009-03-28,M.C.G.,Collingwood,Adelaide,Adelaide,Ben Rutten,4,5,10,0,0,0,1
2009,1,2009-03-28,M.C.G.,Collingwood,Adelaide,Adelaide,Scott Stevens,9,6,2,3,1,1,0
2009,1,2009-03-28,M.C.G.,Collingwood,Adelaide,Adelaide,Kurt Tippett,4,1,5,0,2,9,1
2009,1,2009-03-28,M.C.G.,Collingwood,Adelaide,Adelaide,Nathan van Berlo,10,7,11,2,0,0,3
2009,1,2009-03-28,M.C.G.,Collingwood,Adelaide,Adelaide,Bernie Vince,17,11,16,0,1,0,3
2009,1,2009-03-28,M.C.G.,Collingwood,Adelaide,Adelaide,Taylor Walker,4,3,1,1,0,0,2
2009,1,2009-03-28,Gabba,Brisbane Lions,West Coast,Brisbane Lions,Jed Adcock,7,6,11,0,1,0,3
2009,1,2009-03-28,Gabba,Brisbane Lions,West Coast,Brisbane Lions,Daniel Bradshaw,8,7,5,3,0,0,0
2009,1,2009-03-28,Gabba,Brisbane Lions,West Coast,Brisbane Lions,Jonathan Brown,11,7,4,3,3,0,0
2009,1,2009-03-28,Gabba,Brisbane Lions,West Coast,Brisbane Lions,Jamie Charman,8,2,3,0,0,10,1
2009,1,2009-03-28,Gabba,Brisbane Lions,West Coast,Brisbane Lions,Mitch Clark,14,9,4,0,1,2,0
2009,1,2009-03-28,Gabba,Brisbane Lions,West Coast,Brisbane Lions,Tom Collier,6,3,4,0,0,0,2
2009,1,2009-03-28,Gabba,Brisbane Lions,West Coast,Brisbane Lions,Bradd Dalziell,13,10,15,0,0,0,3
2009,1,2009-03-28,Gabba,Brisbane Lions,West Coast,Brisbane Lions,Josh Drummond,12,4,3,0,0,0,3
2009,1,2009-03-28,Gabba,Brisbane Lions,West Coast,Brisbane Lions,Scott Harding,5,3,4,0,0,0,3
2009,1,2009-03-28,Gabba,Brisbane Lions,West Coast,Brisbane Lions,Rhan Hooper,13,5,5,4,0,0,5
2009,1,2009-03-28,Gabba,Brisbane Lions,West Coast,Brisbane Lions,Travis Johnstone,22,7,15,2,0,0,4
2009,1,2009-03-28,Gabba,Brisbane Lions,West Coast,Brisbane Lions,Matthew Leuenberger,5,2,8,0,1,14,4
2009,1,2009-03-28,Gabba,Brisbane Lions,West Coast,Brisbane Lions,Joel Macdonald,18,11,10,0,0,0,5
2009,1,2009-03-28,Gabba,Brisbane Lions,West Coast,Brisbane Lions,Ashley McGrath,9,5,8,1,0,0,2
2009,1,2009-03-28,Gabba,Brisbane Lions,West Coast,Brisbane Lions,Daniel Merrett,9,7,7,0,0,0,2
2009,1,2009-03-28,Gabba,Brisbane Lions,West Coast,Brisbane Lions,Joel Patfull,9,10,12,0,0,0,0
2009,1,2009-03-28,Gabba,Brisbane Lions,West Coast,Brisbane Lions,Luke Power,18,6,17,0,0,0,6
2009,1,2009-03-28,Gabba,Brisbane Lions,West Coast,Brisbane Lions,Daniel Rich,14,4,7,0,1,0,4
2009,1,2009-03-28,Gabba,Brisbane Lions,West Coast,Brisbane Lions,Michael Rischitelli,9,4,10,1,1,0,7
2009,1,2009-03-28,Gabba,Brisbane Lions,West Coast,Brisbane Lions,Troy Selwood,3,3,12,0,0,0,7
2009,1,2009-03-28,Gabba,Brisbane Lions,West Coast,Brisbane Lions,Justin Sherman,14,5,9,0,1,0,3
2009,1,2009-03-28,Gabba,Brisbane Lions,West Coast,Brisbane Lions,Cheynee Stiller,10,4,10,0,0,0,3
2009,1,2009-03-28,Gabba,Brisbane Lions,West Coast,West Coast,Mitch Brown,1,3,6,0,0,0,2
2009,1,2009-03-28,Gabba,Brisbane Lions,West Coast,West Coast,Sam Butler,5,2,4,0,0,0,3
2009,1,2009-03-28,Gabba,Brisbane Lions,West Coast,West Coast,Dean Cox,14,1,9,1,0,26,1
2009,1,2009-03-28,Gabba,Brisbane Lions,West Coast,West Coast,Brad Ebert,3,1,4,0,1,0,1
2009,1,2009-03-28,Gabba,Brisbane Lions,West Coast,West Coast,Andrew Embley,12,3,3,0,0,0,3
2009,1,2009-03-28,Gabba,Brisbane Lions,West Coast,West Coast,Chad Fletcher,18,11,16,0,0,0,1
2009,1,2009-03-28,Gabba,Brisbane Lions,West Coast,West Coast,Darren Glass,1,2,6,0,0,0,2
2009,1,2009-03-28,Gabba,Brisbane Lions,West Coast,West Coast,Ashley Hansen,12,9,7,3,1,0,1
2009,1,2009-03-28,Gabba,Brisbane Lions,West Coast,West Coast,Shannon Hurn,11,4,5,1,0,0,1
2009,1,2009-03-28,Gabba,Brisbane Lions,West Coast,West Coast,Daniel Kerr,8,0,9,1,1,0,0
2009,1,2009-03-28,Gabba,Brisbane Lions,West Coast,West Coast,Mark LeCras,11,7,3,6,1,0,1
2009,1,2009-03-28,Gabba,Brisbane Lions,West Coast,West Coast,Quinten Lynch,13,9,3,1,1,3,0
2009,1,2009-03-28,Gabba,Brisbane Lions,West Coast,West Coast,Eric Mackenzie,4,1,2,0,0,0,0
2009,1,2009-03-28,Gabba,Brisbane Lions,West Coast,West Coast,Chris Masten,8,3,11,0,1,0,1
2009,1,2009-03-28,Gabba,Brisbane Lions,West Coast,West Coast,Mark Nicoski,10,3,4,0,0,0,1
2009,1,2009-03-28,Gabba,Brisbane Lions,West Coast,West Coast,Matt Priddis,16,1,13,0,1,0,2
2009,1,2009-03-28,Gabba,Brisbane Lions,West Coast,West Coast,Matt Rosa,6,2,12,0,0,0,1
2009,1,2009-03-28,Gabba,Brisbane Lions,West Coast,West Coast,Mark Seaby,4,2,5,0,0,7,1
2009,1,2009-03-28,Gabba,Brisbane Lions,West Coast,West Coast,Matthew Spangher,4,5,7,0,0,0,2
2009,1,2009-03-28,Gabba,Brisbane Lions,West Coast,West Coast,Brent Staker,8,1,4,0,1,0,2
2009,1,2009-03-28,Gabba,Brisbane Lions,West Coast,West Coast,Tyson Stenglein,6,3,8,0,0,0,5
2009,1,2009-03-28,Gabba,Brisbane Lions,West Coast,West Coast,David Wirrpanda,16,3,5,0,0,0,1
2009,1,2009-03-28,Docklands,St Kilda,Sydney,St Kilda,Steven Baker,8,6,8,0,0,0,5
2009,1,2009-03-28,Docklands,St Kilda,Sydney,St Kilda,Luke Ball,8,2,17,0,0,0,9
2009,1,2009-03-28,Docklands,St Kilda,Sydney,St Kilda,Jason Blake,11,6,10,0,0,0,2
2009,1,2009-03-28,Docklands,St Kilda,Sydney,St Kilda,Raphael Clarke,8,5,6,0,0,0,2
2009,1,2009-03-28,Docklands,St Kilda,Sydney,St Kilda,Nick Dal Santo,18,3,9,2,0,1,5
2009,1,2009-03-28,Docklands,St Kilda,Sydney,St Kilda,Zac Dawson,3,3,5,0,0,0,1
2009,1,2009-03-28,Docklands,St Kilda,Sydney,St Kilda,Sam Fisher,14,8,5,0,0,0,1
2009,1,2009-03-28,Docklands,St Kilda,Sydney,St Kilda,Michael Gardiner,6,5,9,2,2,17,0
2009,1,2009-03-28,Docklands,St Kilda,Sydney,St Kilda,Jarryn Geary,8,5,3,0,0,0,6
2009,1,2009-03-28,Docklands,St Kilda,Sydney,St Kilda,Sam Gilbert,16,9,4,0,0,0,3
2009,1,2009-03-28,Docklands,St Kilda,Sydney,St Kilda,Brendon Goddard,12,3,14,1,1,2,4
2009,1,2009-03-28,Docklands,St Kilda,Sydney,St Kilda,Jason Gram,13,4,3,1,2,0,5
2009,1,2009-03-28,Docklands,St Kilda,Sydney,St Kilda,James Gwilt,6,4,6,0,0,0,2
2009,1,2009-03-28,Docklands,St Kilda,Sydney,St Kilda,Clinton Jones,4,1,8,0,0,0,5
2009,1,2009-03-28,Docklands,St Kilda,Sydney,St Kilda,Steven King,8,7,5,0,0,11,1
2009,1,2009-03-28,Docklands,St Kilda,Sydney,St Kilda,Justin Koschitzke,12,11,3,2,0,0,2
2009,1,2009-03-28,Docklands,St Kilda,Sydney,St Kilda,Andrew McQualter,5,2,8,1,0,0,3
2009,1,2009-03-28,Docklands,St Kilda,Sydney,St Kilda,Stephen Milne,9,5,2,3,1,0,3
2009,1,2009-03-28,Docklands,St Kilda,Sydney,St Kilda,Leigh Montagna,15,5,8,0,0,0,5
2009,1,2009-03-28,Docklands,St Kilda,Sydney,St Kilda,Farren Ray,12,6,11,0,0,1,6
2009,1,2009-03-28,Docklands,St Kilda,Sydney,St Kilda,Nick Riewoldt,5,1,4,0,1,3,2
2009,1,2009-03-28,Docklands,St Kilda,Sydney,St Kilda,Adam Schneider,10,7,5,0,1,0,2
2009,1,2009-03-28,Docklands,St Kilda,Sydney,Sydney,Ed Barlow,4,3,7,0,0,0,0
2009,1,2009-03-28,Docklands,St Kilda,Sydney,Sydney,Paul Bevan,7,3,12,1,0,0,3
2009,1,2009-03-28,Docklands,St Kilda,Sydney,Sydney,Craig Bird,15,5,11,0,0,0,1
2009,1,2009-03-28,Docklands,St Kilda,Sydney,Sydney,Craig Bolton,11,3,5,0,0,0,2
2009,1,2009-03-28,Docklands,St Kilda,Sydney,Sydney,Jude Bolton,11,2,7,0,0,0,6
2009,1,2009-03-28,Docklands,St Kilda,Sydney,Sydney,Amon Buchanan,3,2,10,0,2,0,6
2009,1,2009-03-28,Docklands,St Kilda,Sydney,Sydney,Jared Crouch,7,1,3,0,0,0,4
2009,1,2009-03-28,Docklands,St Kilda,Sydney,Sydney,Adam Goodes,9,5,12,1,1,1,3
2009,1,2009-03-28,Docklands,St Kilda,Sydney,Sydney,Heath Grundy,10,10,3,2,0,0,0
2009,1,2009-03-28,Docklands,St Kilda,Sydney,Sydney,Barry Hall,6,6,2,1,1,1,2
2009,1,2009-03-28,Docklands,St Kilda,Sydney,Sydney,Kieren Jack,6,4,5,1,0,0,1
2009,1,2009-03-28,Docklands,St Kilda,Sydney,Sydney,Darren Jolly,5,3,5,1,0,28,1
2009,1,2009-03-28,Docklands,St Kilda,Sydney,Sydney,Brett Kirk,8,2,16,0,0,0,5
2009,1,2009-03-28,Docklands,St Kilda,Sydney,Sydney,Nick Malceski,9,3,9,0,0,0,0
2009,1,2009-03-28,Docklands,St Kilda,Sydney,Sydney,Martin Mattner,9,4,7,1,0,0,5
2009,1,2009-03-28,Docklands,St Kilda,Sydney,Sydney,Jarrad McVeigh,9,2,7,0,1,0,5
2009,1,2009-03-28,Docklands,St Kilda,Sydney,Sydney,Jarred Moore,3,1,9,0,1,0,2
2009,1,2009-03-28,Docklands,St Kilda,Sydney,Sydney,Ryan OKeefe,12,6,4,1,1,0,3
2009,1,2009-03-28,Docklands,St Kilda,Sydney,Sydney,Ted Richards,10,3,12,0,0,0,1
2009,1,2009-03-28,Docklands,St Kilda,Sydney,Sydney,Lewis Roberts-Thomson,14,7,9,0,0,0,1
2009,1,2009-03-28,Docklands,St Kilda,Sydney,Sydney,Rhyce Shaw,13,7,3,0,0,0,5
2009,1,2009-03-28,Docklands,St Kilda,Sydney,Sydney,Jesse White,1,1,5,0,0,12,1
2009,1,2009-03-29,M.C.G.,Melbourne,North Melbourne,Melbourne,Clint Bartram,3,2,4,0,0,0,4
2009,1,2009-03-29,M.C.G.,Melbourne,North Melbourne,Melbourne,Matthew Bate,6,1,6,1,0,0,2
2009,1,2009-03-29,M.C.G.,Melbourne,North Melbourne,Melbourne,Jamie Bennell,6,2,3,0,0,0,1
2009,1,2009-03-29,M.C.G.,Melbourne,North Melbourne,Melbourne,Cameron Bruce,12,7,10,0,0,0,1
2009,1,2009-03-29,M.C.G.,Melbourne,North Melbourne,Melbourne,Simon Buckley,9,4,6,0,0,0,1
2009,1,2009-03-29,M.C.G.,Melbourne,North Melbourne,Melbourne,Kyle Cheney,8,7,14,0,0,0,2
2009,1,2009-03-29,M.C.G.,Melbourne,North Melbourne,Melbourne,Aaron Davey,8,3,3,1,0,0,5
2009,1,2009-03-29,M.C.G.,Melbourne,North Melbourne,Melbourne,James Frawley,7,5,10,0,0,0,3
2009,1,2009-03-29,M.C.G.,Melbourne,North Melbourne,Melbourne,Colin Garland,12,5,7,0,0,0,3
2009,1,2009-03-29,M.C.G.,Melbourne,North Melbourne,Melbourne,Brad Green,10,1,8,2,1,0,2
2009,1,2009-03-29,M.C.G.,Melbourne,North Melbourne,Melbourne,Neville Jetta,11,2,5,1,1,0,2
2009,1,2009-03-29,M.C.G.,Melbourne,North Melbourne,Melbourne,Paul Johnson,8,7,6,1,1,18,2
2009,1,2009-03-29,M.C.G.,Melbourne,North Melbourne,Melbourne,Nathan Jones,12,0,11,0,0,0,1
2009,1,2009-03-29,M.C.G.,Melbourne,North Melbourne,Melbourne,James McDonald,13,6,10,0,1,2,10
2009,1,2009-03-29,M.C.G.,Melbourne,North Melbourne,Melbourne,Brock McLean,11,1,8,0,0,0,6
2009,1,2009-03-29,M.C.G.,Melbourne,North Melbourne,Melbourne,Brad Miller,10,4,1,0,2,1,0
2009,1,2009-03-29,M.C.G.,Melbourne,North Melbourne,Melbourne,Brent Moloney,9,4,20,1,0,0,5
2009,1,2009-03-29,M.C.G.,Melbourne,North Melbourne,Melbourne,Cale Morton,12,7,3,1,0,1,0
2009,1,2009-03-29,M.C.G.,Melbourne,North Melbourne,Melbourne,Ricky Petterd,11,9,5,2,1,1,4
2009,1,2009-03-29,M.C.G.,Melbourne,North Melbourne,Melbourne,Jared Rivers,5,4,4,0,0,0,5
2009,1,2009-03-29,M.C.G.,Melbourne,North Melbourne,Melbourne,Jake Spencer,3,3,5,0,0,9,3
2009,1,2009-03-29,M.C.G.,Melbourne,North Melbourne,Melbourne,Matthew Warnock,5,2,6,0,0,0,0
2009,1,2009-03-29,M.C.G.,Melbourne,North Melbourne,North Melbourne,Matt Campbell,7,3,4,2,1,0,2
2009,1,2009-03-29,M.C.G.,Melbourne,North Melbourne,North Melbourne,Michael Firrito,7,2,4,1,1,1,3
2009,1,2009-03-29,M.C.G.,Melbourne,North Melbourne,North Melbourne,Josh Gibson,4,4,7,0,0,0,5
2009,1,2009-03-29,M.C.G.,Melbourne,North Melbourne,North Melbourne,David Hale,3,0,3,1,1,4,0
2009,1,2009-03-29,M.C.G.,Melbourne,North Melbourne,North Melbourne,Lachlan Hansen,9,6,10,0,0,0,2
2009,1,2009-03-29,M.C.G.,Melbourne,North Melbourne,North Melbourne,Leigh Harding,20,12,8,1,0,0,7
2009,1,2009-03-29,M.C.G.,Melbourne,North Melbourne,North Melbourne,Brent Harvey,15,3,1,1,1,0,3
2009,1,2009-03-29,M.C.G.,Melbourne,North Melbourne,North Melbourne,Ed Lower,2,1,2,0,0,0,3
2009,1,2009-03-29,M.C.G.,Melbourne,North Melbourne,North Melbourne,Hamish McIntosh,12,9,9,3,1,21,0
2009,1,2009-03-29,M.C.G.,Melbourne,North Melbourne,North Melbourne,Scott McMahon,13,6,7,1,0,0,1
2009,1,2009-03-29,M.C.G.,Melbourne,North Melbourne,North Melbourne,Drew Petrie,9,6,3,2,3,8,6
2009,1,2009-03-29,M.C.G.,Melbourne,North Melbourne,North Melbourne,Sam Power,17,7,4,0,0,0,3
2009,1,2009-03-29,M.C.G.,Melbourne,North Melbourne,North Melbourne,Daniel Pratt,14,10,5,0,0,0,2
2009,1,2009-03-29,M.C.G.,Melbourne,North Melbourne,North Melbourne,Brady Rawlings,11,5,10,0,0,0,1
2009,1,2009-03-29,M.C.G.,Melbourne,North Melbourne,North Melbourne,Adam Simpson,10,8,14,1,0,0,3
2009,1,2009-03-29,M.C.G.,Melbourne,North Melbourne,North Melbourne,Josh Smith,5,6,5,0,1,0,0
2009,1,2009-03-29,M.C.G.,Melbourne,North Melbourne,North Melbourne,Andrew Swallow,11,7,10,0,0,0,4
2009,1,2009-03-29,M.C.G.,Melbourne,North Melbourne,North Melbourne,Lindsay Thomas,10,5,6,2,2,0,0
2009,1,2009-03-29,M.C.G.,Melbourne,North Melbourne,North Melbourne,Scott Thompson,8,9,9,0,0,0,5
2009,1,2009-03-29,M.C.G.,Melbourne,North Melbourne,North Melbourne,Gavin Urquhart,11,5,9,0,0,0,3
2009,1,2009-03-29,M.C.G.,Melbourne,North Melbourne,North Melbourne,Daniel Wells,17,8,3,0,0,0,3
2009,1,2009-03-29,M.C.G.,Melbourne,North Melbourne,North Melbourne,Jack Ziebell,6,3,4,0,0,0,4
2009,1,2009-03-29,Football Park,Port Adelaide,Essendon,Port Adelaide,Travis Boak,10,4,9,0,0,0,2
2009,1,2009-03-29,Football Park,Port Adelaide,Essendon,Port Adelaide,Dean Brogan,1,2,8,0,0,16,4
2009,1,2009-03-29,Football Park,Port Adelaide,Essendon,Port Adelaide,Peter Burgoyne,17,4,15,1,0,0,5
2009,1,2009-03-29,Football Park,Port Adelaide,Essendon,Port Adelaide,Shaun Burgoyne,8,5,7,0,0,0,2
2009,1,2009-03-29,Football Park,Port Adelaide,Essendon,Port Adelaide,Alipate Carlile,4,4,12,1,0,0,1
2009,1,2009-03-29,Football Park,Port Adelaide,Essendon,Port Adelaide,Josh Carr,9,6,14,1,0,0,1
2009,1,2009-03-29,Football Park,Port Adelaide,Essendon,Port Adelaide,Domenic Cassisi,10,5,12,0,3,0,8
2009,1,2009-03-29,Football Park,Port Adelaide,Essendon,Port Adelaide,Troy Chaplin,13,5,8,0,0,0,1
2009,1,2009-03-29,Football Park,Port Adelaide,Essendon,Port Adelaide,Chad Cornes,11,4,9,0,0,2,6
2009,1,2009-03-29,Football Park,Port Adelaide,Essendon,Port Adelaide,Kane Cornes,16,4,13,0,0,0,2
2009,1,2009-03-29,Football Park,Port Adelaide,Essendon,Port Adelaide,Brett Ebert,13,8,4,2,2,0,0
2009,1,2009-03-29,Football Park,Port Adelaide,Essendon,Port Adelaide,Robbie Gray,7,8,10,2,0,0,2
2009,1,2009-03-29,Football Park,Port Adelaide,Essendon,Port Adelaide,Nathan Krakouer,14,1,6,0,0,0,0
2009,1,2009-03-29,Football Park,Port Adelaide,Essendon,Port Adelaide,Brendon Lade,4,3,1,0,0,16,0
2009,1,2009-03-29,Football Park,Port Adelaide,Essendon,Port Adelaide,Daniel Motlop,17,8,3,4,2,0,2
2009,1,2009-03-29,Football Park,Port Adelaide,Essendon,Port Adelaide,Danyle Pearce,18,6,13,1,2,0,1
2009,1,2009-03-29,Football Park,Port Adelaide,Essendon,Port Adelaide,Michael Pettigrew,4,3,12,0,0,0,1
2009,1,2009-03-29,Football Park,Port Adelaide,Essendon,Port Adelaide,David Rodan,6,2,12,0,1,0,3
2009,1,2009-03-29,Football Park,Port Adelaide,Essendon,Port Adelaide,Steven Salopek,17,6,7,0,1,0,0
2009,1,2009-03-29,Football Park,Port Adelaide,Essendon,Port Adelaide,Jacob Surjan,7,3,6,0,0,0,2
2009,1,2009-03-29,Football Park,Port Adelaide,Essendon,Port Adelaide,Warren Tredrea,6,7,8,0,2,0,1
2009,1,2009-03-29,Football Park,Port Adelaide,Essendon,Port Adelaide,Justin Westhoff,11,10,4,3,1,0,2
2009,1,2009-03-29,Football Park,Port Adelaide,Essendon,Essendon,Alwyn Davey,7,1,9,0,3,0,5
2009,1,2009-03-29,Football Park,Port Adelaide,Essendon,Essendon,Courtenay Dempsey,5,3,5,1,0,0,3
2009,1,2009-03-29,Football Park,Port Adelaide,Essendon,Essendon,Ricky Dyson,10,6,7,0,0,0,3
2009,1,2009-03-29,Football Park,Port Adelaide,Essendon,Essendon,Dustin Fletcher,11,4,6,0,0,1,1
2009,1,2009-03-29,Football Park,Port Adelaide,Essendon,Essendon,David Hille,7,4,9,0,1,16,3
2009,1,2009-03-29,Football Park,Port Adelaide,Essendon,Essendon,Heath Hocking,11,7,14,0,1,0,4
2009,1,2009-03-29,Football Park,Port Adelaide,Essendon,Essendon,Bachar Houli,8,6,10,0,0,0,0
2009,1,2009-03-29,Football Park,Port Adelaide,Essendon,Essendon,Michael Hurley,12,5,2,0,0,0,4
2009,1,2009-03-29,Football Park,Port Adelaide,Essendon,Essendon,Matthew Lloyd,3,3,6,0,0,0,0
2009,1,2009-03-29,Football Park,Port Adelaide,Essendon,Essendon,Sam Lonergan,6,2,4,0,2,0,4
2009,1,2009-03-29,Football Park,Port Adelaide,Essendon,Essendon,Andrew Lovett,9,4,13,1,0,0,6
2009,1,2009-03-29,Football Park,Port Adelaide,Essendon,Essendon,Scott Lucas,9,8,3,1,2,0,3
2009,1,2009-03-29,Football Park,Port Adelaide,Essendon,Essendon,Adam McPhee,14,9,4,1,1,0,4
2009,1,2009-03-29,Football Park,Port Adelaide,Essendon,Essendon,Angus Monfries,4,7,11,1,0,0,1
2009,1,2009-03-29,Football Park,Port Adelaide,Essendon,Essendon,Jay Neagle,1,0,1,1,0,0,1
2009,1,2009-03-29,Football Park,Port Adelaide,Essendon,Essendon,Tayte Pears,9,4,5,0,0,0,2
2009,1,2009-03-29,Football Park,Port Adelaide,Essendon,Essendon,Paddy Ryder,7,5,7,0,0,4,2
2009,1,2009-03-29,Football Park,Port Adelaide,Essendon,Essendon,Hayden Skipworth,15,12,15,1,0,0,1
2009,1,2009-03-29,Football Park,Port Adelaide,Essendon,Essendon,Henry Slattery,5,1,5,0,0,0,0
2009,1,2009-03-29,Football Park,Port Adelaide,Essendon,Essendon,Brent Stanton,16,11,10,2,0,0,6
2009,1,2009-03-29,Football Park,Port Adelaide,Essendon,Essendon,Jobe Watson,19,8,12,0,1,0,1
2009,1,2009-03-29,Football Park,Port Adelaide,Essendon,Essendon,Jason Winderlich,10,5,8,0,1,0,8
2009,1,2009-03-29,Subiaco,Fremantle,Western Bulldogs,Fremantle,Kepler Bradley,5,4,10,0,0,6,0
2009,1,2009-03-29,Subiaco,Fremantle,Western Bulldogs,Fremantle,Andrew Browne,7,2,6,0,2,0,7
2009,1,2009-03-29,Subiaco,Fremantle,Western Bulldogs,Fremantle,Ryan Crowley,6,3,5,0,1,0,1
2009,1,2009-03-29,Subiaco,Fremantle,Western Bulldogs,Fremantle,Steven Dodd,10,6,18,0,0,0,3
2009,1,2009-03-29,Subiaco,Fremantle,Western Bulldogs,Fremantle,Marcus Drum,5,5,7,0,0,0,2
2009,1,2009-03-29,Subiaco,Fremantle,Western Bulldogs,Fremantle,Paul Duffield,16,4,10,0,0,0,2
2009,1,2009-03-29,Subiaco,Fremantle,Western Bulldogs,Fremantle,Antoni Grover,3,2,7,0,0,0,2
2009,1,2009-03-29,Subiaco,Fremantle,Western Bulldogs,Fremantle,Paul Hasleby,7,5,11,0,1,0,2
2009,1,2009-03-29,Subiaco,Fremantle,Western Bulldogs,Fremantle,Josh Head,13,6,2,0,1,0,4
2009,1,2009-03-29,Subiaco,Fremantle,Western Bulldogs,Fremantle,Stephen Hill,2,1,7,1,0,0,1
2009,1,2009-03-29,Subiaco,Fremantle,Western Bulldogs,Fremantle,Garrick Ibbotson,7,3,12,0,0,0,1
2009,1,2009-03-29,Subiaco,Fremantle,Western Bulldogs,Fremantle,Michael Johnson,12,7,2,2,1,0,1
2009,1,2009-03-29,Subiaco,Fremantle,Western Bulldogs,Fremantle,Luke McPharlin,10,6,4,1,2,0,3
2009,1,2009-03-29,Subiaco,Fremantle,Western Bulldogs,Fremantle,David Mundy,6,2,8,0,0,0,5
2009,1,2009-03-29,Subiaco,Fremantle,Western Bulldogs,Fremantle,Ryan Murphy,4,3,4,2,0,0,2
2009,1,2009-03-29,Subiaco,Fremantle,Western Bulldogs,Fremantle,Rhys Palmer,12,2,14,1,0,0,4
2009,1,2009-03-29,Subiaco,Fremantle,Western Bulldogs,Fremantle,Matthew Pavlich,8,1,12,1,2,0,5
2009,1,2009-03-29,Subiaco,Fremantle,Western Bulldogs,Fremantle,Brett Peake,9,5,4,3,1,0,5
2009,1,2009-03-29,Subiaco,Fremantle,Western Bulldogs,Fremantle,Aaron Sandilands,1,3,17,0,0,25,3
2009,1,2009-03-29,Subiaco,Fremantle,Western Bulldogs,Fremantle,Byron Schammer,11,3,10,1,0,0,6
2009,1,2009-03-29,Subiaco,Fremantle,Western Bulldogs,Fremantle,Nick Suban,6,2,3,1,0,0,3
2009,1,2009-03-29,Subiaco,Fremantle,Western Bulldogs,Fremantle,Chris Tarrant,5,1,7,0,0,0,3
2009,1,2009-03-29,Subiaco,Fremantle,Western Bulldogs,Western Bulldogs,Dylan Addison,9,6,6,1,0,0,4
2009,1,2009-03-29,Subiaco,Fremantle,Western Bulldogs,Western Bulldogs,Jason Akermanis,8,0,10,2,0,0,4
2009,1,2009-03-29,Subiaco,Fremantle,Western Bulldogs,Western Bulldogs,Matthew Boyd,12,5,21,1,0,0,1
2009,1,2009-03-29,Subiaco,Fremantle,Western Bulldogs,Western Bulldogs,Adam Cooney,7,0,13,1,0,1,3
2009,1,2009-03-29,Subiaco,Fremantle,Western Bulldogs,Western Bulldogs,Daniel Cross,11,3,18,1,0,1,3
2009,1,2009-03-29,Subiaco,Fremantle,Western Bulldogs,Western Bulldogs,Nathan Eagleton,15,4,5,3,0,0,1
2009,1,2009-03-29,Subiaco,Fremantle,Western Bulldogs,Western Bulldogs,Andrejs Everitt,8,4,9,0,1,0,1
2009,1,2009-03-29,Subiaco,Fremantle,Western Bulldogs,Western Bulldogs,Daniel Giansiracusa,10,6,18,2,1,0,8
2009,1,2009-03-29,Subiaco,Fremantle,Western Bulldogs,Western Bulldogs,Lindsay Gilbee,21,4,12,3,1,0,1
2009,1,2009-03-29,Subiaco,Fremantle,Western Bulldogs,Western Bulldogs,Ryan Griffen,11,6,12,3,0,0,0
2009,1,2009-03-29,Subiaco,Fremantle,Western Bulldogs,Western Bulldogs,Mitch Hahn,7,4,5,5,1,0,5
2009,1,2009-03-29,Subiaco,Fremantle,Western Bulldogs,Western Bulldogs,Ryan Hargrave,18,8,9,0,0,0,3
2009,1,2009-03-29,Subiaco,Fremantle,Western Bulldogs,Western Bulldogs,Shaun Higgins,10,7,19,2,0,1,2
2009,1,2009-03-29,Subiaco,Fremantle,Western Bulldogs,Western Bulldogs,Josh Hill,7,7,10,0,2,0,1
2009,1,2009-03-29,Subiaco,Fremantle,Western Bulldogs,Western Bulldogs,Ben Hudson,2,1,14,0,1,11,2
2009,1,2009-03-29,Subiaco,Fremantle,Western Bulldogs,Western Bulldogs,Brad Johnson,15,8,5,0,0,0,1
2009,1,2009-03-29,Subiaco,Fremantle,Western Bulldogs,Western Bulldogs,Brian Lake,11,10,8,0,0,1,1
2009,1,2009-03-29,Subiaco,Fremantle,Western Bulldogs,Western Bulldogs,Will Minson,4,2,7,0,0,7,0
2009,1,2009-03-29,Subiaco,Fremantle,Western Bulldogs,Western Bulldogs,Dale Morris,3,3,14,0,0,0,3
2009,1,2009-03-29,Subiaco,Fremantle,Western Bulldogs,Western Bulldogs,Stephen Tiller,8,6,5,0,0,0,1
2009,1,2009-03-29,Subiaco,Fremantle,Western Bulldogs,Western Bulldogs,Callan Ward,9,1,9,1,0,0,3
2009,1,2009-03-29,Subiaco,Fremantle,Western Bulldogs,Western Bulldogs,Tom Williams,6,6,5,0,0,0,1
2009,2,2009-04-03,Football Park,Adelaide,St Kilda,Adelaide,Nathan Bock,11,8,18,0,0,0,2
2009,2,2009-04-03,Football Park,Adelaide,St Kilda,Adelaide,Patrick Dangerfield,3,4,12,0,0,0,0
2009,2,2009-04-03,Football Park,Adelaide,St Kilda,Adelaide,Michael Doughty,9,8,14,0,0,2,2
2009,2,2009-04-03,Football Park,Adelaide,St Kilda,Adelaide,Richard Douglas,4,1,5,0,2,0,5
2009,2,2009-04-03,Football Park,Adelaide,St Kilda,Adelaide,Tyson Edwards,16,2,13,0,1,0,4
2009,2,2009-04-03,Football Park,Adelaide,St Kilda,Adelaide,Simon Goodwin,13,10,13,0,0,0,1
2009,2,2009-04-03,Football Park,Adelaide,St Kilda,Adelaide,Trent Hentschel,4,2,1,1,0,0,0
2009,2,2009-04-03,Football Park,Adelaide,St Kilda,Adelaide,Graham Johncock,13,8,9,0,0,0,3
2009,2,2009-04-03,Football Park,Adelaide,St Kilda,Adelaide,Chris Knights,6,4,14,0,0,0,2
2009,2,2009-04-03,Football Park,Adelaide,St Kilda,Adelaide,David Mackay,7,6,12,0,0,0,3
2009,2,2009-04-03,Football Park,Adelaide,St Kilda,Adelaide,Ivan Maric,5,6,8,1,0,25,6
2009,2,2009-04-03,Football Park,Adelaide,St Kilda,Adelaide,Andrew McLeod,11,1,7,0,0,0,1
2009,2,2009-04-03,Football Park,Adelaide,St Kilda,Adelaide,Andy Otten,8,5,11,0,0,0,4
2009,2,2009-04-03,Football Park,Adelaide,St Kilda,Adelaide,Jared Petrenko,7,3,11,0,0,0,3
2009,2,2009-04-03,Football Park,Adelaide,St Kilda,Adelaide,Jason Porplyzia,8,2,8,3,0,0,5
2009,2,2009-04-03,Football Park,Adelaide,St Kilda,Adelaide,Brent Reilly,9,2,11,0,0,0,1
2009,2,2009-04-03,Football Park,Adelaide,St Kilda,Adelaide,Ben Rutten,4,6,10,0,0,0,0
2009,2,2009-04-03,Football Park,Adelaide,St Kilda,Adelaide,Scott Thompson,10,7,17,0,0,1,3
2009,2,2009-04-03,Football Park,Adelaide,St Kilda,Adelaide,Kurt Tippett,5,2,6,3,0,9,2
2009,2,2009-04-03,Football Park,Adelaide,St Kilda,Adelaide,Nathan van Berlo,9,6,14,0,0,0,2
2009,2,2009-04-03,Football Park,Adelaide,St Kilda,Adelaide,Bernie Vince,9,2,10,1,0,0,4
2009,2,2009-04-03,Football Park,Adelaide,St Kilda,Adelaide,Taylor Walker,7,2,1,1,3,0,3
2009,2,2009-04-03,Football Park,Adelaide,St Kilda,St Kilda,Steven Baker,9,2,2,0,0,0,5
2009,2,2009-04-03,Football Park,Adelaide,St Kilda,St Kilda,Luke Ball,9,4,11,0,2,2,8
2009,2,2009-04-03,Football Park,Adelaide,St Kilda,St Kilda,Jason Blake,11,10,7,0,0,1,3
2009,2,2009-04-03,Football Park,Adelaide,St Kilda,St Kilda,Nick Dal Santo,17,6,18,0,0,1,3
2009,2,2009-04-03,Football Park,Adelaide,St Kilda,St Kilda,Zac Dawson,4,3,3,0,0,0,2
2009,2,2009-04-03,Football Park,Adelaide,St Kilda,St Kilda,Sam Fisher,15,10,11,0,0,0,3
2009,2,2009-04-03,Football Park,Adelaide,St Kilda,St Kilda,Michael Gardiner,7,5,4,1,0,19,1
2009,2,2009-04-03,Football Park,Adelaide,St Kilda,St Kilda,Jarryn Geary,8,3,3,1,0,0,6
2009,2,2009-04-03,Football Park,Adelaide,St Kilda,St Kilda,Sam Gilbert,11,9,10,0,0,0,0
2009,2,2009-04-03,Football Park,Adelaide,St Kilda,St Kilda,Brendon Goddard,8,0,9,1,0,2,3
2009,2,2009-04-03,Football Park,Adelaide,St Kilda,St Kilda,Jason Gram,17,8,7,0,1,1,6
2009,2,2009-04-03,Football Park,Adelaide,St Kilda,St Kilda,James Gwilt,4,1,8,0,1,0,2
2009,2,2009-04-03,Football Park,Adelaide,St Kilda,St Kilda,Lenny Hayes,10,2,10,0,0,0,8
2009,2,2009-04-03,Football Park,Adelaide,St Kilda,St Kilda,Clinton Jones,6,0,5,0,0,0,3
2009,2,2009-04-03,Football Park,Adelaide,St Kilda,St Kilda,Steven King,5,2,3,1,0,16,2
2009,2,2009-04-03,Football Park,Adelaide,St Kilda,St Kilda,Justin Koschitzke,9,7,3,4,1,0,3
2009,2,2009-04-03,Football Park,Adelaide,St Kilda,St Kilda,Andrew McQualter,6,1,8,0,0,0,3
2009,2,2009-04-03,Football Park,Adelaide,St Kilda,St Kilda,Stephen Milne,10,4,2,1,1,0,3
2009,2,2009-04-03,Football Park,Adelaide,St Kilda,St Kilda,Leigh Montagna,16,5,5,1,1,0,12
2009,2,2009-04-03,Football Park,Adelaide,St Kilda,St Kilda,Farren Ray,10,6,10,1,0,0,6
2009,2,2009-04-03,Football Park,Adelaide,St Kilda,St Kilda,Nick Riewoldt,11,7,5,2,2,1,3
2009,2,2009-04-03,Football Park,Adelaide,St Kilda,St Kilda,Adam Schneider,8,3,8,2,1,0,3
2009,2,2009-04-04,M.C.G.,Collingwood,Melbourne,Collingwood,John Anthony,10,5,3,4,3,0,1
2009,2,2009-04-04,M.C.G.,Collingwood,Melbourne,Collingwood,Dayne Beams,11,5,7,1,1,0,6
2009,2,2009-04-04,M.C.G.,Collingwood,Melbourne,Collingwood,Leigh Brown,2,1,5,0,0,5,0
2009,2,2009-04-04,M.C.G.,Collingwood,Melbourne,Collingwood,Nathan Brown,5,2,5,1,1,0,1
2009,2,2009-04-04,M.C.G.,Collingwood,Melbourne,Collingwood,Martin Clarke,12,4,10,0,0,0,3
2009,2,2009-04-04,M.C.G.,Collingwood,Melbourne,Collingwood,Travis Cloke,12,8,8,2,0,4,3
2009,2,2009-04-04,M.C.G.,Collingwood,Melbourne,Collingwood,Shannon Cox,9,4,10,0,0,1,3
2009,2,2009-04-04,M.C.G.,Collingwood,Melbourne,Collingwood,Leon Davis,18,3,5,1,0,0,6
2009,2,2009-04-04,M.C.G.,Collingwood,Melbourne,Collingwood,Brad Dick,6,2,2,0,2,0,6
2009,2,2009-04-04,M.C.G.,Collingwood,Melbourne,Collingwood,Alan Didak,20,10,9,3,0,0,1
2009,2,2009-04-04,M.C.G.,Collingwood,Melbourne,Collingwood,Josh Fraser,16,8,9,1,0,26,3
2009,2,2009-04-04,M.C.G.,Collingwood,Melbourne,Collingwood,Ben Johnson,16,8,9,0,0,0,3
2009,2,2009-04-04,M.C.G.,Collingwood,Melbourne,Collingwood,Tarkyn Lockyer,13,12,10,2,1,0,2
2009,2,2009-04-04,M.C.G.,Collingwood,Melbourne,Collingwood,Heritier Lumumba,2,1,8,0,0,0,2
2009,2,2009-04-04,M.C.G.,Collingwood,Melbourne,Collingwood,Nick Maxwell,4,5,6,0,0,0,0
2009,2,2009-04-04,M.C.G.,Collingwood,Melbourne,Collingwood,Paul Medhurst,8,4,2,1,2,0,4
2009,2,2009-04-04,M.C.G.,Collingwood,Melbourne,Collingwood,Shane OBree,12,4,10,0,0,0,5
2009,2,2009-04-04,M.C.G.,Collingwood,Melbourne,Collingwood,Scott Pendlebury,13,2,13,0,0,0,0
2009,2,2009-04-04,M.C.G.,Collingwood,Melbourne,Collingwood,Simon Prestigiacomo,2,1,4,0,0,0,4
2009,2,2009-04-04,M.C.G.,Collingwood,Melbourne,Collingwood,Heath Shaw,11,8,6,0,0,0,0
2009,2,2009-04-04,M.C.G.,Collingwood,Melbourne,Collingwood,Dane Swan,18,10,15,1,2,0,2
2009,2,2009-04-04,M.C.G.,Collingwood,Melbourne,Collingwood,Alan Toovey,4,5,8,0,0,0,2
2009,2,2009-04-04,M.C.G.,Collingwood,Melbourne,Melbourne,Clint Bartram,3,2,7,0,0,0,3
2009,2,2009-04-04,M.C.G.,Collingwood,Melbourne,Melbourne,Matthew Bate,14,8,6,1,0,0,0
2009,2,2009-04-04,M.C.G.,Collingwood,Melbourne,Melbourne,Jamie Bennell,4,2,6,0,0,0,0
2009,2,2009-04-04,M.C.G.,Collingwood,Melbourne,Melbourne,Cameron Bruce,11,7,19,1,1,0,4
2009,2,2009-04-04,M.C.G.,Collingwood,Melbourne,Melbourne,Kyle Cheney,8,4,7,0,0,0,0
2009,2,2009-04-04,M.C.G.,Collingwood,Melbourne,Melbourne,Aaron Davey,27,2,4,0,0,0,5
2009,2,2009-04-04,M.C.G.,Collingwood,Melbourne,Melbourne,James Frawley,6,3,11,0,0,0,3
2009,2,2009-04-04,M.C.G.,Collingwood,Melbourne,Melbourne,Brad Green,13,13,10,3,0,0,0
2009,2,2009-04-04,M.C.G.,Collingwood,Melbourne,Melbourne,Neville Jetta,3,1,2,0,0,0,3
2009,2,2009-04-04,M.C.G.,Collingwood,Melbourne,Melbourne,Paul Johnson,4,3,5,1,0,8,1
2009,2,2009-04-04,M.C.G.,Collingwood,Melbourne,Melbourne,Nathan Jones,14,2,12,0,0,0,3
2009,2,2009-04-04,M.C.G.,Collingwood,Melbourne,Melbourne,Stefan Martin,5,7,6,0,0,0,0
2009,2,2009-04-04,M.C.G.,Collingwood,Melbourne,Melbourne,James McDonald,8,5,9,0,0,0,3
2009,2,2009-04-04,M.C.G.,Collingwood,Melbourne,Melbourne,Brock McLean,11,2,4,1,0,0,2
2009,2,2009-04-04,M.C.G.,Collingwood,Melbourne,Melbourne,Brad Miller,12,14,4,1,2,0,2
2009,2,2009-04-04,M.C.G.,Collingwood,Melbourne,Melbourne,Brent Moloney,6,7,18,0,0,0,4
2009,2,2009-04-04,M.C.G.,Collingwood,Melbourne,Melbourne,Cale Morton,15,6,10,1,0,1,2
2009,2,2009-04-04,M.C.G.,Collingwood,Melbourne,Melbourne,Ricky Petterd,3,3,0,1,0,0,1
2009,2,2009-04-04,M.C.G.,Collingwood,Melbourne,Melbourne,Jared Rivers,0,4,9,0,0,0,1
2009,2,2009-04-04,M.C.G.,Collingwood,Melbourne,Melbourne,Jake Spencer,1,1,8,0,0,8,0
2009,2,2009-04-04,M.C.G.,Collingwood,Melbourne,Melbourne,Colin Sylvia,6,5,7,0,1,0,1
2009,2,2009-04-04,M.C.G.,Collingwood,Melbourne,Melbourne,Matthew Warnock,5,6,7,0,0,0,2
2009,2,2009-04-04,Kardinia Park,Geelong,Richmond,Geelong,Gary Ablett,11,3,18,1,0,0,1
2009,2,2009-04-04,Kardinia Park,Geelong,Richmond,Geelong,Jimmy Bartel,19,13,6,0,1,0,6
2009,2,2009-04-04,Kardinia Park,Geelong,Richmond,Geelong,Mark Blake,1,3,8,0,0,21,1
2009,2,2009-04-04,Kardinia Park,Geelong,Richmond,Geelong,Paul Chapman,10,4,6,2,0,0,3
2009,2,2009-04-04,Kardinia Park,Geelong,Richmond,Geelong,Joel Corey,14,3,11,1,2,5,4
2009,2,2009-04-04,Kardinia Park,Geelong,Richmond,Geelong,Corey Enright,11,7,9,1,0,0,2
2009,2,2009-04-04,Kardinia Park,Geelong,Richmond,Geelong,Ryan Gamble,4,1,5,1,2,0,4
2009,2,2009-04-04,Kardinia Park,Geelong,Richmond,Geelong,Tom Hawkins,5,4,6,2,0,1,1
2009,2,2009-04-04,Kardinia Park,Geelong,Richmond,Geelong,Simon Hogan,5,2,8,0,0,0,1
2009,2,2009-04-04,Kardinia Park,Geelong,Richmond,Geelong,Steve Johnson,19,10,5,4,2,0,1
2009,2,2009-04-04,Kardinia Park,Geelong,Richmond,Geelong,James Kelly,7,4,11,0,0,0,1
2009,2,2009-04-04,Kardinia Park,Geelong,Richmond,Geelong,Cameron Ling,10,2,11,0,2,0,10
2009,2,2009-04-04,Kardinia Park,Geelong,Richmond,Geelong,Andrew Mackie,12,7,8,0,0,0,1
2009,2,2009-04-04,Kardinia Park,Geelong,Richmond,Geelong,Darren Milburn,20,14,8,0,0,0,0
2009,2,2009-04-04,Kardinia Park,Geelong,Richmond,Geelong,Cameron Mooney,7,4,4,1,2,1,0
2009,2,2009-04-04,Kardinia Park,Geelong,Richmond,Geelong,Brad Ottens,0,1,2,0,0,3,0
2009,2,2009-04-04,Kardinia Park,Geelong,Richmond,Geelong,Max Rooke,6,5,4,1,2,0,4
2009,2,2009-04-04,Kardinia Park,Geelong,Richmond,Geelong,Matthew Scarlett,14,6,5,0,1,0,1
2009,2,2009-04-04,Kardinia Park,Geelong,Richmond,Geelong,Joel Selwood,11,4,11,0,0,0,4
2009,2,2009-04-04,Kardinia Park,Geelong,Richmond,Geelong,Harry Taylor,6,7,9,0,1,1,2
2009,2,2009-04-04,Kardinia Park,Geelong,Richmond,Geelong,Travis Varcoe,6,3,6,1,0,0,5
2009,2,2009-04-04,Kardinia Park,Geelong,Richmond,Geelong,David Wojcinski,8,4,5,0,0,0,3
2009,2,2009-04-04,Kardinia Park,Geelong,Richmond,Richmond,Joel Bowden,18,9,1,1,0,0,4
2009,2,2009-04-04,Kardinia Park,Geelong,Richmond,Richmond,Nathan Brown,21,10,8,2,0,0,4
2009,2,2009-04-04,Kardinia Park,Geelong,Richmond,Richmond,Brett Deledio,15,8,15,1,0,1,1
2009,2,2009-04-04,Kardinia Park,Geelong,Richmond,Richmond,Shane Edwards,6,4,5,1,0,0,1
2009,2,2009-04-04,Kardinia Park,Geelong,Richmond,Richmond,Nathan Foley,8,3,12,1,0,0,3
2009,2,2009-04-04,Kardinia Park,Geelong,Richmond,Richmond,Angus Graham,4,3,5,0,0,4,0
2009,2,2009-04-04,Kardinia Park,Geelong,Richmond,Richmond,Tom Hislop,5,2,5,1,0,0,4
2009,2,2009-04-04,Kardinia Park,Geelong,Richmond,Richmond,Daniel Jackson,13,5,12,0,0,0,5
2009,2,2009-04-04,Kardinia Park,Geelong,Richmond,Richmond,Jake King,7,4,7,0,0,0,2
2009,2,2009-04-04,Kardinia Park,Geelong,Richmond,Richmond,Luke McGuane,8,8,6,0,0,0,1
2009,2,2009-04-04,Kardinia Park,Geelong,Richmond,Richmond,Kelvin Moore,12,6,2,0,1,0,3
2009,2,2009-04-04,Kardinia Park,Geelong,Richmond,Richmond,Mitch Morton,6,3,5,2,1,0,2
2009,2,2009-04-04,Kardinia Park,Geelong,Richmond,Richmond,Robin Nahas,6,4,3,0,1,0,1
2009,2,2009-04-04,Kardinia Park,Geelong,Richmond,Richmond,Chris Newman,15,6,10,0,0,0,2
2009,2,2009-04-04,Kardinia Park,Geelong,Richmond,Richmond,Dean Polo,8,3,7,0,0,0,3
2009,2,2009-04-04,Kardinia Park,Geelong,Richmond,Richmond,Alex Rance,8,6,10,0,0,0,2
2009,2,2009-04-04,Kardinia Park,Geelong,Richmond,Richmond,Matthew Richardson,19,14,9,2,2,1,0
2009,2,2009-04-04,Kardinia Park,Geelong,Richmond,Richmond,Jack Riewoldt,9,7,3,1,0,1,4
2009,2,2009-04-04,Kardinia Park,Geelong,Richmond,Richmond,Jay Schulz,6,5,1,1,2,0,1
2009,2,2009-04-04,Kardinia Park,Geelong,Richmond,Richmond,Troy Simmonds,4,1,7,0,0,23,2
2009,2,2009-04-04,Kardinia Park,Geelong,Richmond,Richmond,Shane Tuck,11,2,13,0,0,7,1
2009,2,2009-04-04,Kardinia Park,Geelong,Richmond,Richmond,Matt White,6,1,9,0,0,0,5
2009,2,2009-04-04,Docklands,Carlton,Brisbane Lions,Carlton,Eddie Betts,10,5,3,3,2,0,3
2009,2,2009-04-04,Docklands,Carlton,Brisbane Lions,Carlton,Paul Bower,9,5,8,0,0,0,3
2009,2,2009-04-04,Docklands,Carlton,Brisbane Lions,Carlton,Cameron Cloke,6,5,2,2,0,2,2
2009,2,2009-04-04,Docklands,Carlton,Brisbane Lions,Carlton,Brendan Fevola,10,6,1,5,1,0,3
2009,2,2009-04-04,Docklands,Carlton,Brisbane Lions,Carlton,Jeff Garlett,11,5,2,0,1,0,3
2009,2,2009-04-04,Docklands,Carlton,Brisbane Lions,Carlton,Bryce Gibbs,21,15,13,2,0,0,2
2009,2,2009-04-04,Docklands,Carlton,Brisbane Lions,Carlton,Richard Hadley,13,8,14,1,0,0,6
2009,2,2009-04-04,Docklands,Carlton,Brisbane Lions,Carlton,Ryan Houlihan,12,5,13,1,0,0,3
2009,2,2009-04-04,Docklands,Carlton,Brisbane Lions,Carlton,Sam Jacobs,5,7,6,0,0,10,0
2009,2,2009-04-04,Docklands,Carlton,Brisbane Lions,Carlton,Michael Jamison,1,1,0,0,0,0,0
2009,2,2009-04-04,Docklands,Carlton,Brisbane Lions,Carlton,Chris Johnson,12,3,6,0,0,0,1
2009,2,2009-04-04,Docklands,Carlton,Brisbane Lions,Carlton,Aaron Joseph,8,3,8,0,0,0,4
2009,2,2009-04-04,Docklands,Carlton,Brisbane Lions,Carlton,Chris Judd,11,3,14,1,0,0,10
2009,2,2009-04-04,Docklands,Carlton,Brisbane Lions,Carlton,Matthew Kreuzer,4,7,10,0,1,21,2
2009,2,2009-04-04,Docklands,Carlton,Brisbane Lions,Carlton,Marc Murphy,14,7,10,3,0,0,2
2009,2,2009-04-04,Docklands,Carlton,Brisbane Lions,Carlton,Mitch Robinson,13,6,5,0,0,1,2
2009,2,2009-04-04,Docklands,Carlton,Brisbane Lions,Carlton,Jordan Russell,11,8,11,0,0,0,5
2009,2,2009-04-04,Docklands,Carlton,Brisbane Lions,Carlton,Heath Scotland,7,6,6,0,0,0,3
2009,2,2009-04-04,Docklands,Carlton,Brisbane Lions,Carlton,Kade Simpson,14,6,10,0,1,0,4
2009,2,2009-04-04,Docklands,Carlton,Brisbane Lions,Carlton,Bret Thornton,17,11,6,0,0,0,0
2009,2,2009-04-04,Docklands,Carlton,Brisbane Lions,Carlton,Jarrad Waite,19,13,7,0,0,0,1
2009,2,2009-04-04,Docklands,Carlton,Brisbane Lions,Carlton,Simon Wiggins,9,8,7,0,0,0,0
2009,2,2009-04-04,Docklands,Carlton,Brisbane Lions,Brisbane Lions,Jed Adcock,8,2,14,0,0,0,2
2009,2,2009-04-04,Docklands,Carlton,Brisbane Lions,Brisbane Lions,Simon Black,13,1,15,0,0,0,2
2009,2,2009-04-04,Docklands,Carlton,Brisbane Lions,Brisbane Lions,Daniel Bradshaw,11,7,4,6,1,1,1
2009,2,2009-04-04,Docklands,Carlton,Brisbane Lions,Brisbane Lions,Jonathan Brown,12,8,6,3,0,0,0
2009,2,2009-04-04,Docklands,Carlton,Brisbane Lions,Brisbane Lions,Jamie Charman,2,1,3,0,0,15,1
2009,2,2009-04-04,Docklands,Carlton,Brisbane Lions,Brisbane Lions,Mitch Clark,4,2,2,0,0,0,1
2009,2,2009-04-04,Docklands,Carlton,Brisbane Lions,Brisbane Lions,Bradd Dalziell,8,3,13,0,0,0,1
2009,2,2009-04-04,Docklands,Carlton,Brisbane Lions,Brisbane Lions,Josh Drummond,16,6,14,0,0,0,1
2009,2,2009-04-04,Docklands,Carlton,Brisbane Lions,Brisbane Lions,Rhan Hooper,6,3,1,2,0,0,5
2009,2,2009-04-04,Docklands,Carlton,Brisbane Lions,Brisbane Lions,Travis Johnstone,10,2,6,1,0,0,3
2009,2,2009-04-04,Docklands,Carlton,Brisbane Lions,Brisbane Lions,Matthew Leuenberger,2,1,4,0,0,20,0
2009,2,2009-04-04,Docklands,Carlton,Brisbane Lions,Brisbane Lions,Joel Macdonald,7,5,12,0,0,0,4
2009,2,2009-04-04,Docklands,Carlton,Brisbane Lions,Brisbane Lions,Ashley McGrath,4,3,3,1,0,0,0
2009,2,2009-04-04,Docklands,Carlton,Brisbane Lions,Brisbane Lions,Daniel Merrett,2,3,7,0,0,0,0
2009,2,2009-04-04,Docklands,Carlton,Brisbane Lions,Brisbane Lions,Joel Patfull,6,3,9,0,0,0,1
2009,2,2009-04-04,Docklands,Carlton,Brisbane Lions,Brisbane Lions,Luke Power,13,4,20,0,0,0,2
2009,2,2009-04-04,Docklands,Carlton,Brisbane Lions,Brisbane Lions,Albert Proud,4,1,7,0,1,0,5
2009,2,2009-04-04,Docklands,Carlton,Brisbane Lions,Brisbane Lions,Daniel Rich,10,3,9,0,1,0,8
2009,2,2009-04-04,Docklands,Carlton,Brisbane Lions,Brisbane Lions,Michael Rischitelli,9,4,9,0,2,0,4
2009,2,2009-04-04,Docklands,Carlton,Brisbane Lions,Brisbane Lions,Troy Selwood,3,0,7,0,0,0,3
2009,2,2009-04-04,Docklands,Carlton,Brisbane Lions,Brisbane Lions,Justin Sherman,9,4,9,2,1,0,0
2009,2,2009-04-04,Docklands,Carlton,Brisbane Lions,Brisbane Lions,Cheynee Stiller,7,4,8,0,0,0,2
2009,2,2009-04-04,Stadium Australia,Sydney,Hawthorn,Sydney,Luke Ablett,6,2,5,0,0,1,3
2009,2,2009-04-04,Stadium Australia,Sydney,Hawthorn,Sydney,Paul Bevan,5,5,6,0,1,0,2
2009,2,2009-04-04,Stadium Australia,Sydney,Hawthorn,Sydney,Craig Bird,9,4,4,1,1,0,4
2009,2,2009-04-04,Stadium Australia,Sydney,Hawthorn,Sydney,Craig Bolton,16,12,9,0,0,0,1
2009,2,2009-04-04,Stadium Australia,Sydney,Hawthorn,Sydney,Jude Bolton,13,4,11,0,0,1,4
2009,2,2009-04-04,Stadium Australia,Sydney,Hawthorn,Sydney,Jared Crouch,9,3,6,0,0,0,3
2009,2,2009-04-04,Stadium Australia,Sydney,Hawthorn,Sydney,Adam Goodes,14,5,10,4,0,0,3
2009,2,2009-04-04,Stadium Australia,Sydney,Hawthorn,Sydney,Heath Grundy,8,5,4,0,0,0,2
2009,2,2009-04-04,Stadium Australia,Sydney,Hawthorn,Sydney,Barry Hall,9,5,1,4,2,0,1
2009,2,2009-04-04,Stadium Australia,Sydney,Hawthorn,Sydney,Kieren Jack,9,2,0,0,0,0,8
2009,2,2009-04-04,Stadium Australia,Sydney,Hawthorn,Sydney,Darren Jolly,11,7,8,3,1,42,3
2009,2,2009-04-04,Stadium Australia,Sydney,Hawthorn,Sydney,Brett Kirk,8,2,5,1,0,1,9
2009,2,2009-04-04,Stadium Australia,Sydney,Hawthorn,Sydney,Nick Malceski,9,3,4,3,0,0,0
2009,2,2009-04-04,Stadium Australia,Sydney,Hawthorn,Sydney,Martin Mattner,13,8,7,1,0,0,4
2009,2,2009-04-04,Stadium Australia,Sydney,Hawthorn,Sydney,Jarrad McVeigh,16,7,17,1,2,0,4
2009,2,2009-04-04,Stadium Australia,Sydney,Hawthorn,Sydney,Brett Meredith,9,6,3,0,1,0,0
2009,2,2009-04-04,Stadium Australia,Sydney,Hawthorn,Sydney,Jarred Moore,10,1,8,1,0,0,2
2009,2,2009-04-04,Stadium Australia,Sydney,Hawthorn,Sydney,Ryan OKeefe,8,1,0,2,1,0,0
2009,2,2009-04-04,Stadium Australia,Sydney,Hawthorn,Sydney,Ted Richards,10,8,5,0,0,0,1
2009,2,2009-04-04,Stadium Australia,Sydney,Hawthorn,Sydney,Lewis Roberts-Thomson,13,9,7,0,0,0,1
2009,2,2009-04-04,Stadium Australia,Sydney,Hawthorn,Sydney,Rhyce Shaw,19,7,7,0,0,0,2
2009,2,2009-04-04,Stadium Australia,Sydney,Hawthorn,Sydney,Jesse White,7,3,5,1,0,28,2
2009,2,2009-04-04,Stadium Australia,Sydney,Hawthorn,Hawthorn,Chance Bateman,7,4,5,0,0,0,3
2009,2,2009-04-04,Stadium Australia,Sydney,Hawthorn,Hawthorn,Grant Birchall,9,5,5,0,0,0,3
2009,2,2009-04-04,Stadium Australia,Sydney,Hawthorn,Hawthorn,Campbell Brown,8,5,7,1,1,0,1
2009,2,2009-04-04,Stadium Australia,Sydney,Hawthorn,Hawthorn,Stuart Dew,7,2,1,1,1,0,1
2009,2,2009-04-04,Stadium Australia,Sydney,Hawthorn,Hawthorn,Xavier Ellis,12,3,7,0,0,3,7
2009,2,2009-04-04,Stadium Australia,Sydney,Hawthorn,Hawthorn,Lance Franklin,8,7,3,2,2,1,2
2009,2,2009-04-04,Stadium Australia,Sydney,Hawthorn,Hawthorn,Brent Guerra,7,3,5,0,0,0,2
2009,2,2009-04-04,Stadium Australia,Sydney,Hawthorn,Hawthorn,Luke Hodge,14,6,3,0,1,2,3
2009,2,2009-04-04,Stadium Australia,Sydney,Hawthorn,Hawthorn,Josh Kennedy,5,4,11,0,1,0,5
2009,2,2009-04-04,Stadium Australia,Sydney,Hawthorn,Hawthorn,Sam Mitchell,7,0,4,0,0,0,4
2009,2,2009-04-04,Stadium Australia,Sydney,Hawthorn,Hawthorn,Jarryd Morton,9,2,4,2,2,0,1
2009,2,2009-04-04,Stadium Australia,Sydney,Hawthorn,Hawthorn,Garry Moss,9,2,7,1,0,0,2
2009,2,2009-04-04,Stadium Australia,Sydney,Hawthorn,Hawthorn,Tom Murphy,3,1,0,0,0,0,0
2009,2,2009-04-04,Stadium Australia,Sydney,Hawthorn,Hawthorn,Brent Renouf,4,3,6,0,0,17,3
2009,2,2009-04-04,Stadium Australia,Sydney,Hawthorn,Hawthorn,Cyril Rioli,12,2,4,1,2,0,4
2009,2,2009-04-04,Stadium Australia,Sydney,Hawthorn,Hawthorn,Jarryd Roughead,7,1,6,3,0,4,1
2009,2,2009-04-04,Stadium Australia,Sydney,Hawthorn,Hawthorn,Ryan Schoenmakers,7,2,3,0,0,1,5
2009,2,2009-04-04,Stadium Australia,Sydney,Hawthorn,Hawthorn,Cameron Stokes,3,1,7,1,2,0,4
2009,2,2009-04-04,Stadium Australia,Sydney,Hawthorn,Hawthorn,Mitch Thorp,2,2,2,0,0,1,2
2009,2,2009-04-04,Stadium Australia,Sydney,Hawthorn,Hawthorn,Brendan Whitecross,9,3,5,0,0,0,1
2009,2,2009-04-04,Stadium Australia,Sydney,Hawthorn,Hawthorn,Mark Williams,8,3,4,3,0,0,1
2009,2,2009-04-04,Stadium Australia,Sydney,Hawthorn,Hawthorn,Clinton Young,9,3,2,0,1,0,3
2009,2,2009-04-05,Docklands,Essendon,Fremantle,Essendon,Darcy Daniher,15,11,7,0,0,0,0
2009,2,2009-04-05,Docklands,Essendon,Fremantle,Essendon,Alwyn Davey,9,4,3,1,0,0,8
2009,2,2009-04-05,Docklands,Essendon,Fremantle,Essendon,Courtenay Dempsey,10,4,5,1,0,0,0
2009,2,2009-04-05,Docklands,Essendon,Fremantle,Essendon,Ricky Dyson,11,3,9,0,1,0,0
2009,2,2009-04-05,Docklands,Essendon,Fremantle,Essendon,Dustin Fletcher,20,13,8,0,0,2,1
2009,2,2009-04-05,Docklands,Essendon,Fremantle,Essendon,David Hille,6,5,8,1,0,11,1
2009,2,2009-04-05,Docklands,Essendon,Fremantle,Essendon,Heath Hocking,11,7,10,1,0,0,8
2009,2,2009-04-05,Docklands,Essendon,Fremantle,Essendon,Matthew Lloyd,8,4,5,0,3,0,3
2009,2,2009-04-05,Docklands,Essendon,Fremantle,Essendon,Andrew Lovett,11,0,6,1,0,0,0
2009,2,2009-04-05,Docklands,Essendon,Fremantle,Essendon,Scott Lucas,7,5,2,1,1,0,2
2009,2,2009-04-05,Docklands,Essendon,Fremantle,Essendon,Adam McPhee,10,7,5,3,1,0,2
2009,2,2009-04-05,Docklands,Essendon,Fremantle,Essendon,Angus Monfries,10,5,11,0,0,0,2
2009,2,2009-04-05,Docklands,Essendon,Fremantle,Essendon,David Myers,10,4,5,0,1,0,0
2009,2,2009-04-05,Docklands,Essendon,Fremantle,Essendon,Tayte Pears,10,8,5,1,0,0,2
2009,2,2009-04-05,Docklands,Essendon,Fremantle,Essendon,Michael Quinn,8,4,12,0,0,0,1
2009,2,2009-04-05,Docklands,Essendon,Fremantle,Essendon,Paddy Ryder,6,4,5,2,1,5,3
2009,2,2009-04-05,Docklands,Essendon,Fremantle,Essendon,Hayden Skipworth,11,7,8,1,1,0,2
2009,2,2009-04-05,Docklands,Essendon,Fremantle,Essendon,Henry Slattery,9,7,4,1,0,0,6
2009,2,2009-04-05,Docklands,Essendon,Fremantle,Essendon,Brent Stanton,10,5,7,0,1,0,2
2009,2,2009-04-05,Docklands,Essendon,Fremantle,Essendon,Jobe Watson,9,3,21,0,0,0,2
2009,2,2009-04-05,Docklands,Essendon,Fremantle,Essendon,Jason Winderlich,13,8,14,2,0,0,4
2009,2,2009-04-05,Docklands,Essendon,Fremantle,Essendon,David Zaharakis,17,10,4,0,1,0,4
2009,2,2009-04-05,Docklands,Essendon,Fremantle,Fremantle,Kepler Bradley,7,5,7,0,0,3,2
2009,2,2009-04-05,Docklands,Essendon,Fremantle,Fremantle,Andrew Browne,4,3,7,0,0,0,2
2009,2,2009-04-05,Docklands,Essendon,Fremantle,Fremantle,Ryan Crowley,7,1,3,0,0,0,2
2009,2,2009-04-05,Docklands,Essendon,Fremantle,Fremantle,Steven Dodd,5,3,8,1,1,0,4
2009,2,2009-04-05,Docklands,Essendon,Fremantle,Fremantle,Paul Duffield,16,5,4,0,0,0,4
2009,2,2009-04-05,Docklands,Essendon,Fremantle,Fremantle,Antoni Grover,5,3,4,0,0,0,0
2009,2,2009-04-05,Docklands,Essendon,Fremantle,Fremantle,Paul Hasleby,5,6,19,0,0,0,1
2009,2,2009-04-05,Docklands,Essendon,Fremantle,Fremantle,Josh Head,8,4,0,0,0,0,1
2009,2,2009-04-05,Docklands,Essendon,Fremantle,Fremantle,Stephen Hill,1,0,4,0,0,0,2
2009,2,2009-04-05,Docklands,Essendon,Fremantle,Fremantle,Garrick Ibbotson,5,2,5,0,0,0,1
2009,2,2009-04-05,Docklands,Essendon,Fremantle,Fremantle,Michael Johnson,8,4,6,0,0,1,2
2009,2,2009-04-05,Docklands,Essendon,Fremantle,Fremantle,Luke McPharlin,6,4,6,0,1,0,0
2009,2,2009-04-05,Docklands,Essendon,Fremantle,Fremantle,David Mundy,14,8,6,1,1,0,3
2009,2,2009-04-05,Docklands,Essendon,Fremantle,Fremantle,Rhys Palmer,13,8,8,2,0,0,2
2009,2,2009-04-05,Docklands,Essendon,Fremantle,Fremantle,Matthew Pavlich,10,5,6,2,2,0,3
2009,2,2009-04-05,Docklands,Essendon,Fremantle,Fremantle,Brett Peake,6,2,5,2,0,0,3
2009,2,2009-04-05,Docklands,Essendon,Fremantle,Fremantle,Aaron Sandilands,5,3,12,0,1,36,2
2009,2,2009-04-05,Docklands,Essendon,Fremantle,Fremantle,Byron Schammer,9,4,9,1,0,0,5
2009,2,2009-04-05,Docklands,Essendon,Fremantle,Fremantle,Dean Solomon,10,6,6,1,2,0,2
2009,2,2009-04-05,Docklands,Essendon,Fremantle,Fremantle,Nick Suban,6,3,3,0,1,0,3
2009,2,2009-04-05,Docklands,Essendon,Fremantle,Fremantle,Chris Tarrant,8,7,3,0,1,0,4
2009,2,2009-04-05,Docklands,Essendon,Fremantle,Fremantle,Scott Thornton,8,4,3,0,0,0,0
2009,2,2009-04-05,M.C.G.,Western Bulldogs,North Melbourne,Western Bulldogs,Dylan Addison,10,5,5,1,0,0,2
2009,2,2009-04-05,M.C.G.,Western Bulldogs,North Melbourne,Western Bulldogs,Jason Akermanis,11,6,8,0,0,0,5
2009,2,2009-04-05,M.C.G.,Western Bulldogs,North Melbourne,Western Bulldogs,Matthew Boyd,12,7,16,0,0,1,4
2009,2,2009-04-05,M.C.G.,Western Bulldogs,North Melbourne,Western Bulldogs,Adam Cooney,5,2,10,0,1,0,3
2009,2,2009-04-05,M.C.G.,Western Bulldogs,North Melbourne,Western Bulldogs,Daniel Cross,11,6,17,0,0,2,4
2009,2,2009-04-05,M.C.G.,Western Bulldogs,North Melbourne,Western Bulldogs,Nathan Eagleton,11,5,6,0,0,0,4
2009,2,2009-04-05,M.C.G.,Western Bulldogs,North Melbourne,Western Bulldogs,Daniel Giansiracusa,13,4,6,1,2,0,0
2009,2,2009-04-05,M.C.G.,Western Bulldogs,North Melbourne,Western Bulldogs,Lindsay Gilbee,13,3,9,1,0,0,1
2009,2,2009-04-05,M.C.G.,Western Bulldogs,North Melbourne,Western Bulldogs,Ryan Griffen,18,4,10,1,1,0,2
2009,2,2009-04-05,M.C.G.,Western Bulldogs,North Melbourne,Western Bulldogs,Mitch Hahn,6,2,7,0,0,1,2
2009,2,2009-04-05,M.C.G.,Western Bulldogs,North Melbourne,Western Bulldogs,Jarrod Harbrow,10,5,9,0,0,0,2
2009,2,2009-04-05,M.C.G.,Western Bulldogs,North Melbourne,Western Bulldogs,Ryan Hargrave,14,7,11,0,0,0,1
2009,2,2009-04-05,M.C.G.,Western Bulldogs,North Melbourne,Western Bulldogs,Shaun Higgins,8,3,11,0,2,0,5
2009,2,2009-04-05,M.C.G.,Western Bulldogs,North Melbourne,Western Bulldogs,Josh Hill,10,7,6,3,1,0,3
2009,2,2009-04-05,M.C.G.,Western Bulldogs,North Melbourne,Western Bulldogs,Ben Hudson,3,3,9,0,0,14,5
2009,2,2009-04-05,M.C.G.,Western Bulldogs,North Melbourne,Western Bulldogs,Brad Johnson,18,9,4,3,2,0,3
2009,2,2009-04-05,M.C.G.,Western Bulldogs,North Melbourne,Western Bulldogs,Brian Lake,19,18,6,0,0,4,3
2009,2,2009-04-05,M.C.G.,Western Bulldogs,North Melbourne,Western Bulldogs,Will Minson,7,3,2,1,1,9,2
2009,2,2009-04-05,M.C.G.,Western Bulldogs,North Melbourne,Western Bulldogs,Dale Morris,7,7,3,0,0,0,4
2009,2,2009-04-05,M.C.G.,Western Bulldogs,North Melbourne,Western Bulldogs,Liam Picken,3,0,6,0,0,0,3
2009,2,2009-04-05,M.C.G.,Western Bulldogs,North Melbourne,Western Bulldogs,Callan Ward,8,1,7,0,0,0,2
2009,2,2009-04-05,M.C.G.,Western Bulldogs,North Melbourne,Western Bulldogs,Tom Williams,9,6,3,0,0,0,0
2009,2,2009-04-05,M.C.G.,Western Bulldogs,North Melbourne,North Melbourne,Matt Campbell,9,3,3,2,1,0,4
2009,2,2009-04-05,M.C.G.,Western Bulldogs,North Melbourne,North Melbourne,Michael Firrito,9,5,8,0,1,1,4
2009,2,2009-04-05,M.C.G.,Western Bulldogs,North Melbourne,North Melbourne,Josh Gibson,3,3,4,0,0,0,5
2009,2,2009-04-05,M.C.G.,Western Bulldogs,North Melbourne,North Melbourne,Todd Goldstein,3,1,1,0,0,6,1
2009,2,2009-04-05,M.C.G.,Western Bulldogs,North Melbourne,North Melbourne,David Hale,3,5,5,1,1,1,2
2009,2,2009-04-05,M.C.G.,Western Bulldogs,North Melbourne,North Melbourne,Lachlan Hansen,11,8,6,0,0,1,3
2009,2,2009-04-05,M.C.G.,Western Bulldogs,North Melbourne,North Melbourne,Leigh Harding,15,8,7,0,1,0,6
2009,2,2009-04-05,M.C.G.,Western Bulldogs,North Melbourne,North Melbourne,Brent Harvey,9,3,9,0,0,0,2
2009,2,2009-04-05,M.C.G.,Western Bulldogs,North Melbourne,North Melbourne,Ed Lower,6,1,7,1,1,0,3
2009,2,2009-04-05,M.C.G.,Western Bulldogs,North Melbourne,North Melbourne,Hamish McIntosh,7,3,10,1,0,13,1
2009,2,2009-04-05,M.C.G.,Western Bulldogs,North Melbourne,North Melbourne,Scott McMahon,17,9,4,0,0,0,5
2009,2,2009-04-05,M.C.G.,Western Bulldogs,North Melbourne,North Melbourne,Drew Petrie,10,9,7,0,1,7,4
2009,2,2009-04-05,M.C.G.,Western Bulldogs,North Melbourne,North Melbourne,Sam Power,11,4,9,0,0,0,2
2009,2,2009-04-05,M.C.G.,Western Bulldogs,North Melbourne,North Melbourne,Daniel Pratt,16,8,4,0,0,0,3
2009,2,2009-04-05,M.C.G.,Western Bulldogs,North Melbourne,North Melbourne,Brady Rawlings,14,7,5,0,0,0,4
2009,2,2009-04-05,M.C.G.,Western Bulldogs,North Melbourne,North Melbourne,Adam Simpson,16,3,11,1,1,1,6
2009,2,2009-04-05,M.C.G.,Western Bulldogs,North Melbourne,North Melbourne,Andrew Swallow,8,1,11,1,0,0,3
2009,2,2009-04-05,M.C.G.,Western Bulldogs,North Melbourne,North Melbourne,Lindsay Thomas,6,3,2,1,1,0,2
2009,2,2009-04-05,M.C.G.,Western Bulldogs,North Melbourne,North Melbourne,Scott Thompson,9,3,6,0,0,0,4
2009,2,2009-04-05,M.C.G.,Western Bulldogs,North Melbourne,North Melbourne,Gavin Urquhart,10,3,5,0,0,0,1
2009,2,2009-04-05,M.C.G.,Western Bulldogs,North Melbourne,North Melbourne,Daniel Wells,13,7,5,1,0,0,3
2009,2,2009-04-05,M.C.G.,Western Bulldogs,North Melbourne,North Melbourne,Jack Ziebell,11,7,4,0,0,0,2
2009,2,2009-04-05,Subiaco,West Coast,Port Adelaide,West Coast,Mitch Brown,7,6,3,0,0,0,0
2009,2,2009-04-05,Subiaco,West Coast,Port Adelaide,West Coast,Dean Cox,8,6,13,2,0,23,0
2009,2,2009-04-05,Subiaco,West Coast,Port Adelaide,West Coast,Ryan Davis,11,1,5,0,0,0,3
2009,2,2009-04-05,Subiaco,West Coast,Port Adelaide,West Coast,Brad Ebert,7,7,4,1,1,0,2
2009,2,2009-04-05,Subiaco,West Coast,Port Adelaide,West Coast,Andrew Embley,10,4,5,1,1,0,4
2009,2,2009-04-05,Subiaco,West Coast,Port Adelaide,West Coast,Chad Fletcher,9,8,14,0,0,0,1
2009,2,2009-04-05,Subiaco,West Coast,Port Adelaide,West Coast,Darren Glass,1,0,5,0,0,0,4
2009,2,2009-04-05,Subiaco,West Coast,Port Adelaide,West Coast,Ashley Hansen,9,5,1,1,1,0,2
2009,2,2009-04-05,Subiaco,West Coast,Port Adelaide,West Coast,Adam Hunter,9,5,2,0,3,0,1
2009,2,2009-04-05,Subiaco,West Coast,Port Adelaide,West Coast,Shannon Hurn,10,3,14,1,0,0,2
2009,2,2009-04-05,Subiaco,West Coast,Port Adelaide,West Coast,Brett Jones,11,7,7,0,0,0,1
2009,2,2009-04-05,Subiaco,West Coast,Port Adelaide,West Coast,Daniel Kerr,9,0,19,4,0,1,3
2009,2,2009-04-05,Subiaco,West Coast,Port Adelaide,West Coast,Mark LeCras,6,3,0,3,1,0,0
2009,2,2009-04-05,Subiaco,West Coast,Port Adelaide,West Coast,Quinten Lynch,12,3,5,2,0,3,2
2009,2,2009-04-05,Subiaco,West Coast,Port Adelaide,West Coast,Eric Mackenzie,4,2,4,0,0,0,1
2009,2,2009-04-05,Subiaco,West Coast,Port Adelaide,West Coast,Chris Masten,14,5,9,1,1,0,3
2009,2,2009-04-05,Subiaco,West Coast,Port Adelaide,West Coast,Ben McKinley,5,3,6,0,2,0,1
2009,2,2009-04-05,Subiaco,West Coast,Port Adelaide,West Coast,Mark Nicoski,8,1,8,0,0,0,1
2009,2,2009-04-05,Subiaco,West Coast,Port Adelaide,West Coast,Matt Priddis,7,6,15,1,0,0,6
2009,2,2009-04-05,Subiaco,West Coast,Port Adelaide,West Coast,Matt Rosa,13,5,13,0,0,0,1
2009,2,2009-04-05,Subiaco,West Coast,Port Adelaide,West Coast,Adam Selwood,16,8,17,1,1,1,5
2009,2,2009-04-05,Subiaco,West Coast,Port Adelaide,West Coast,Tyson Stenglein,7,4,12,1,0,0,4
2009,2,2009-04-05,Subiaco,West Coast,Port Adelaide,Port Adelaide,Travis Boak,13,4,12,0,2,0,4
2009,2,2009-04-05,Subiaco,West Coast,Port Adelaide,Port Adelaide,Peter Burgoyne,15,4,13,1,0,0,1
2009,2,2009-04-05,Subiaco,West Coast,Port Adelaide,Port Adelaide,Shaun Burgoyne,19,7,2,0,2,0,7
2009,2,2009-04-05,Subiaco,West Coast,Port Adelaide,Port Adelaide,Alipate Carlile,6,9,9,0,0,0,1
2009,2,2009-04-05,Subiaco,West Coast,Port Adelaide,Port Adelaide,Josh Carr,6,3,6,0,0,0,7
2009,2,2009-04-05,Subiaco,West Coast,Port Adelaide,Port Adelaide,Domenic Cassisi,6,1,12,1,1,0,6
2009,2,2009-04-05,Subiaco,West Coast,Port Adelaide,Port Adelaide,Troy Chaplin,9,7,13,0,0,0,2
2009,2,2009-04-05,Subiaco,West Coast,Port Adelaide,Port Adelaide,Chad Cornes,14,10,11,0,0,1,2
2009,2,2009-04-05,Subiaco,West Coast,Port Adelaide,Port Adelaide,Kane Cornes,13,6,20,0,0,0,5
2009,2,2009-04-05,Subiaco,West Coast,Port Adelaide,Port Adelaide,Brett Ebert,12,5,2,0,2,0,1
2009,2,2009-04-05,Subiaco,West Coast,Port Adelaide,Port Adelaide,Robbie Gray,5,4,7,1,1,0,0
2009,2,2009-04-05,Subiaco,West Coast,Port Adelaide,Port Adelaide,Nathan Krakouer,16,4,7,0,0,0,1
2009,2,2009-04-05,Subiaco,West Coast,Port Adelaide,Port Adelaide,Brendon Lade,8,6,4,0,0,27,1
2009,2,2009-04-05,Subiaco,West Coast,Port Adelaide,Port Adelaide,Daniel Motlop,7,4,4,4,2,1,1
2009,2,2009-04-05,Subiaco,West Coast,Port Adelaide,Port Adelaide,Danyle Pearce,7,1,6,0,0,0,3
2009,2,2009-04-05,Subiaco,West Coast,Port Adelaide,Port Adelaide,Michael Pettigrew,3,4,3,0,0,0,0
2009,2,2009-04-05,Subiaco,West Coast,Port Adelaide,Port Adelaide,David Rodan,4,0,11,0,0,0,6
2009,2,2009-04-05,Subiaco,West Coast,Port Adelaide,Port Adelaide,Steven Salopek,15,5,13,1,0,0,3
2009,2,2009-04-05,Subiaco,West Coast,Port Adelaide,Port Adelaide,Jacob Surjan,5,3,4,0,0,0,1
2009,2,2009-04-05,Subiaco,West Coast,Port Adelaide,Port Adelaide,Toby Thurstans,13,8,5,0,2,2,2
2009,2,2009-04-05,Subiaco,West Coast,Port Adelaide,Port Adelaide,Warren Tredrea,6,3,5,0,1,0,2
2009,2,2009-04-05,Subiaco,West Coast,Port Adelaide,Port Adelaide,Justin Westhoff,7,4,2,2,2,0,0
2009,3,2009-04-09,M.C.G.,Geelong,Collingwood,Geelong,Gary Ablett,11,7,26,1,1,0,5
2009,3,2009-04-09,M.C.G.,Geelong,Collingwood,Geelong,Jimmy Bartel,18,9,10,0,0,0,4
2009,3,2009-04-09,M.C.G.,Geelong,Collingwood,Geelong,Mark Blake,3,5,9,0,0,27,2
2009,3,2009-04-09,M.C.G.,Geelong,Collingwood,Geelong,Shannon Byrnes,7,5,12,1,1,0,4
2009,3,2009-04-09,M.C.G.,Geelong,Collingwood,Geelong,Paul Chapman,24,7,11,4,0,0,3
2009,3,2009-04-09,M.C.G.,Geelong,Collingwood,Geelong,Joel Corey,11,3,9,0,0,2,6
2009,3,2009-04-09,M.C.G.,Geelong,Collingwood,Geelong,Corey Enright,15,7,9,0,0,0,0
2009,3,2009-04-09,M.C.G.,Geelong,Collingwood,Geelong,Tom Hawkins,6,6,3,2,1,1,3
2009,3,2009-04-09,M.C.G.,Geelong,Collingwood,Geelong,Steve Johnson,17,6,2,3,3,0,2
2009,3,2009-04-09,M.C.G.,Geelong,Collingwood,Geelong,James Kelly,8,7,14,0,0,0,1
2009,3,2009-04-09,M.C.G.,Geelong,Collingwood,Geelong,Cameron Ling,5,1,11,0,0,0,2
2009,3,2009-04-09,M.C.G.,Geelong,Collingwood,Geelong,Andrew Mackie,11,9,6,0,0,0,0
2009,3,2009-04-09,M.C.G.,Geelong,Collingwood,Geelong,Darren Milburn,10,4,8,0,1,0,1
2009,3,2009-04-09,M.C.G.,Geelong,Collingwood,Geelong,Cameron Mooney,8,9,5,1,1,0,0
2009,3,2009-04-09,M.C.G.,Geelong,Collingwood,Geelong,Max Rooke,5,9,8,1,1,0,1
2009,3,2009-04-09,M.C.G.,Geelong,Collingwood,Geelong,Matthew Scarlett,7,3,5,0,0,0,1
2009,3,2009-04-09,M.C.G.,Geelong,Collingwood,Geelong,Joel Selwood,13,4,13,0,1,0,4
2009,3,2009-04-09,M.C.G.,Geelong,Collingwood,Geelong,Mathew Stokes,12,7,3,2,1,0,1
2009,3,2009-04-09,M.C.G.,Geelong,Collingwood,Geelong,Harry Taylor,7,4,8,0,1,0,1
2009,3,2009-04-09,M.C.G.,Geelong,Collingwood,Geelong,Travis Varcoe,9,3,7,2,1,0,3
2009,3,2009-04-09,M.C.G.,Geelong,Collingwood,Geelong,Trent West,0,0,0,0,0,16,0
2009,3,2009-04-09,M.C.G.,Geelong,Collingwood,Geelong,David Wojcinski,7,2,11,1,0,0,1
2009,3,2009-04-09,M.C.G.,Geelong,Collingwood,Collingwood,John Anthony,5,4,7,1,1,0,2
2009,3,2009-04-09,M.C.G.,Geelong,Collingwood,Collingwood,Dayne Beams,8,9,13,1,1,0,0
2009,3,2009-04-09,M.C.G.,Geelong,Collingwood,Collingwood,Leigh Brown,8,4,4,1,3,1,3
2009,3,2009-04-09,M.C.G.,Geelong,Collingwood,Collingwood,Nathan Brown,6,3,4,0,0,0,0
2009,3,2009-04-09,M.C.G.,Geelong,Collingwood,Collingwood,Martin Clarke,11,7,8,0,1,0,2
2009,3,2009-04-09,M.C.G.,Geelong,Collingwood,Collingwood,Travis Cloke,7,3,2,0,0,0,1
2009,3,2009-04-09,M.C.G.,Geelong,Collingwood,Collingwood,Shannon Cox,10,4,12,1,0,0,2
2009,3,2009-04-09,M.C.G.,Geelong,Collingwood,Collingwood,Leon Davis,11,2,3,1,0,0,4
2009,3,2009-04-09,M.C.G.,Geelong,Collingwood,Collingwood,Brad Dick,7,3,2,1,1,0,2
2009,3,2009-04-09,M.C.G.,Geelong,Collingwood,Collingwood,Alan Didak,14,2,4,1,1,0,3
2009,3,2009-04-09,M.C.G.,Geelong,Collingwood,Collingwood,Josh Fraser,15,8,4,1,3,21,5
2009,3,2009-04-09,M.C.G.,Geelong,Collingwood,Collingwood,Ben Johnson,3,1,1,0,0,0,1
2009,3,2009-04-09,M.C.G.,Geelong,Collingwood,Collingwood,Tarkyn Lockyer,16,9,4,1,3,0,3
2009,3,2009-04-09,M.C.G.,Geelong,Collingwood,Collingwood,Heritier Lumumba,5,4,7,0,0,0,2
2009,3,2009-04-09,M.C.G.,Geelong,Collingwood,Collingwood,Nick Maxwell,5,2,7,0,0,1,2
2009,3,2009-04-09,M.C.G.,Geelong,Collingwood,Collingwood,Paul Medhurst,11,8,5,3,1,0,3
2009,3,2009-04-09,M.C.G.,Geelong,Collingwood,Collingwood,Shane OBree,9,4,5,0,0,0,11
2009,3,2009-04-09,M.C.G.,Geelong,Collingwood,Collingwood,Scott Pendlebury,12,2,13,0,0,0,2
2009,3,2009-04-09,M.C.G.,Geelong,Collingwood,Collingwood,Simon Prestigiacomo,2,1,9,0,0,0,0
2009,3,2009-04-09,M.C.G.,Geelong,Collingwood,Collingwood,Heath Shaw,6,3,10,0,0,0,1
2009,3,2009-04-09,M.C.G.,Geelong,Collingwood,Collingwood,Dane Swan,20,8,10,0,1,0,2
2009,3,2009-04-09,M.C.G.,Geelong,Collingwood,Collingwood,Dale Thomas,13,5,7,1,1,1,2
2009,3,2009-04-11,Docklands,St Kilda,West Coast,St Kilda,Steven Baker,4,2,5,0,0,0,3
2009,3,2009-04-11,Docklands,St Kilda,West Coast,St Kilda,Luke Ball,6,1,9,0,0,0,6
2009,3,2009-04-11,Docklands,St Kilda,West Coast,St Kilda,Jason Blake,14,10,7,0,0,0,1
2009,3,2009-04-11,Docklands,St Kilda,West Coast,St Kilda,Nick Dal Santo,23,7,8,1,0,1,3
2009,3,2009-04-11,Docklands,St Kilda,West Coast,St Kilda,Zac Dawson,4,7,5,1,0,0,1
2009,3,2009-04-11,Docklands,St Kilda,West Coast,St Kilda,Sam Fisher,12,7,10,0,0,0,0
2009,3,2009-04-11,Docklands,St Kilda,West Coast,St Kilda,Michael Gardiner,4,4,7,2,0,8,0
2009,3,2009-04-11,Docklands,St Kilda,West Coast,St Kilda,Jarryn Geary,9,7,6,1,1,0,4
2009,3,2009-04-11,Docklands,St Kilda,West Coast,St Kilda,Sam Gilbert,14,9,7,0,0,0,2
2009,3,2009-04-11,Docklands,St Kilda,West Coast,St Kilda,Brendon Goddard,17,11,11,4,0,0,1
2009,3,2009-04-11,Docklands,St Kilda,West Coast,St Kilda,Jason Gram,18,7,9,1,2,0,1
2009,3,2009-04-11,Docklands,St Kilda,West Coast,St Kilda,James Gwilt,12,8,15,0,0,0,3
2009,3,2009-04-11,Docklands,St Kilda,West Coast,St Kilda,Lenny Hayes,12,3,13,1,0,1,3
2009,3,2009-04-11,Docklands,St Kilda,West Coast,St Kilda,Clinton Jones,13,6,12,1,2,0,14
2009,3,2009-04-11,Docklands,St Kilda,West Coast,St Kilda,Steven King,9,3,7,1,0,15,1
2009,3,2009-04-11,Docklands,St Kilda,West Coast,St Kilda,Justin Koschitzke,8,7,2,4,0,1,2
2009,3,2009-04-11,Docklands,St Kilda,West Coast,St Kilda,Andrew McQualter,4,1,12,1,0,0,5
2009,3,2009-04-11,Docklands,St Kilda,West Coast,St Kilda,Stephen Milne,12,3,3,4,0,0,1
2009,3,2009-04-11,Docklands,St Kilda,West Coast,St Kilda,Leigh Montagna,21,8,10,1,0,0,8
2009,3,2009-04-11,Docklands,St Kilda,West Coast,St Kilda,Farren Ray,11,6,12,0,0,1,3
2009,3,2009-04-11,Docklands,St Kilda,West Coast,St Kilda,Nick Riewoldt,16,9,10,1,3,1,1
2009,3,2009-04-11,Docklands,St Kilda,West Coast,St Kilda,Adam Schneider,6,3,2,1,1,0,6
2009,3,2009-04-11,Docklands,St Kilda,West Coast,West Coast,Mitch Brown,8,8,8,0,0,0,0
2009,3,2009-04-11,Docklands,St Kilda,West Coast,West Coast,Dean Cox,14,9,10,0,1,27,2
2009,3,2009-04-11,Docklands,St Kilda,West Coast,West Coast,Ryan Davis,6,3,6,0,0,0,0
2009,3,2009-04-11,Docklands,St Kilda,West Coast,West Coast,Brad Ebert,8,5,7,0,0,0,5
2009,3,2009-04-11,Docklands,St Kilda,West Coast,West Coast,Andrew Embley,8,5,10,0,0,0,2
2009,3,2009-04-11,Docklands,St Kilda,West Coast,West Coast,Chad Fletcher,8,4,11,0,1,0,3
2009,3,2009-04-11,Docklands,St Kilda,West Coast,West Coast,Darren Glass,1,3,9,0,0,0,0
2009,3,2009-04-11,Docklands,St Kilda,West Coast,West Coast,Ashley Hansen,6,3,2,0,0,0,3
2009,3,2009-04-11,Docklands,St Kilda,West Coast,West Coast,Adam Hunter,3,1,2,2,0,0,1
2009,3,2009-04-11,Docklands,St Kilda,West Coast,West Coast,Shannon Hurn,9,5,4,0,1,0,1
2009,3,2009-04-11,Docklands,St Kilda,West Coast,West Coast,Brett Jones,7,4,7,0,0,0,1
2009,3,2009-04-11,Docklands,St Kilda,West Coast,West Coast,Daniel Kerr,8,0,19,0,0,0,4
2009,3,2009-04-11,Docklands,St Kilda,West Coast,West Coast,Mark LeCras,7,2,1,3,1,0,0
2009,3,2009-04-11,Docklands,St Kilda,West Coast,West Coast,Quinten Lynch,8,5,6,2,1,3,1
2009,3,2009-04-11,Docklands,St Kilda,West Coast,West Coast,Eric Mackenzie,7,7,10,0,0,0,2
2009,3,2009-04-11,Docklands,St Kilda,West Coast,West Coast,Chris Masten,3,0,5,0,0,0,1
2009,3,2009-04-11,Docklands,St Kilda,West Coast,West Coast,Ben McKinley,4,3,3,2,0,0,0
2009,3,2009-04-11,Docklands,St Kilda,West Coast,West Coast,Mark Nicoski,8,1,1,0,0,0,2
2009,3,2009-04-11,Docklands,St Kilda,West Coast,West Coast,Matt Priddis,12,4,18,0,2,0,10
2009,3,2009-04-11,Docklands,St Kilda,West Coast,West Coast,Matt Rosa,8,6,10,0,0,0,0
2009,3,2009-04-11,Docklands,St Kilda,West Coast,West Coast,Adam Selwood,10,2,7,0,0,0,4
2009,3,2009-04-11,Docklands,St Kilda,West Coast,West Coast,Tyson Stenglein,8,5,7,0,0,0,3
2009,3,2009-04-11,M.C.G.,Carlton,Essendon,Carlton,Eddie Betts,6,1,3,2,2,0,2
2009,3,2009-04-11,M.C.G.,Carlton,Essendon,Carlton,Paul Bower,11,7,9,0,0,0,0
2009,3,2009-04-11,M.C.G.,Carlton,Essendon,Carlton,Cameron Cloke,8,8,3,0,1,4,2
2009,3,2009-04-11,M.C.G.,Carlton,Essendon,Carlton,Brendan Fevola,13,10,0,4,7,0,1
2009,3,2009-04-11,M.C.G.,Carlton,Essendon,Carlton,Jeff Garlett,6,4,1,1,0,0,1
2009,3,2009-04-11,M.C.G.,Carlton,Essendon,Carlton,Bryce Gibbs,9,6,10,0,0,0,2
2009,3,2009-04-11,M.C.G.,Carlton,Essendon,Carlton,Shaun Grigg,12,2,5,1,0,1,2
2009,3,2009-04-11,M.C.G.,Carlton,Essendon,Carlton,Richard Hadley,3,3,11,0,0,0,2
2009,3,2009-04-11,M.C.G.,Carlton,Essendon,Carlton,Ryan Houlihan,13,6,6,2,0,0,2
2009,3,2009-04-11,M.C.G.,Carlton,Essendon,Carlton,Sam Jacobs,1,1,9,1,0,13,1
2009,3,2009-04-11,M.C.G.,Carlton,Essendon,Carlton,Chris Johnson,13,6,5,0,0,0,0
2009,3,2009-04-11,M.C.G.,Carlton,Essendon,Carlton,Aaron Joseph,9,4,5,0,0,0,1
2009,3,2009-04-11,M.C.G.,Carlton,Essendon,Carlton,Chris Judd,19,4,14,0,0,0,4
2009,3,2009-04-11,M.C.G.,Carlton,Essendon,Carlton,Matthew Kreuzer,2,2,7,0,0,16,0
2009,3,2009-04-11,M.C.G.,Carlton,Essendon,Carlton,Marc Murphy,11,4,9,2,0,0,5
2009,3,2009-04-11,M.C.G.,Carlton,Essendon,Carlton,Mitch Robinson,4,0,7,0,0,0,6
2009,3,2009-04-11,M.C.G.,Carlton,Essendon,Carlton,Jordan Russell,6,7,7,1,0,0,1
2009,3,2009-04-11,M.C.G.,Carlton,Essendon,Carlton,Kade Simpson,7,0,5,0,2,0,4
2009,3,2009-04-11,M.C.G.,Carlton,Essendon,Carlton,Nick Stevens,15,7,8,0,0,0,5
2009,3,2009-04-11,M.C.G.,Carlton,Essendon,Carlton,Bret Thornton,12,8,6,0,0,0,0
2009,3,2009-04-11,M.C.G.,Carlton,Essendon,Carlton,Jarrad Waite,10,6,5,0,1,0,0
2009,3,2009-04-11,M.C.G.,Carlton,Essendon,Carlton,Simon Wiggins,6,11,10,2,2,0,2
2009,3,2009-04-11,M.C.G.,Carlton,Essendon,Essendon,Darcy Daniher,8,4,3,0,0,0,0
2009,3,2009-04-11,M.C.G.,Carlton,Essendon,Essendon,Alwyn Davey,9,1,4,2,1,0,7
2009,3,2009-04-11,M.C.G.,Carlton,Essendon,Essendon,Courtenay Dempsey,14,7,7,2,1,0,2
2009,3,2009-04-11,M.C.G.,Carlton,Essendon,Essendon,Ricky Dyson,7,4,4,0,0,0,0
2009,3,2009-04-11,M.C.G.,Carlton,Essendon,Essendon,Dustin Fletcher,8,6,4,0,0,0,1
2009,3,2009-04-11,M.C.G.,Carlton,Essendon,Essendon,David Hille,7,3,11,0,2,21,0
2009,3,2009-04-11,M.C.G.,Carlton,Essendon,Essendon,Heath Hocking,8,4,7,0,0,0,2
2009,3,2009-04-11,M.C.G.,Carlton,Essendon,Essendon,Leroy Jetta,5,1,6,0,2,0,3
2009,3,2009-04-11,M.C.G.,Carlton,Essendon,Essendon,Matthew Lloyd,10,10,6,5,1,0,1
2009,3,2009-04-11,M.C.G.,Carlton,Essendon,Essendon,Andrew Lovett,13,5,8,0,1,0,4
2009,3,2009-04-11,M.C.G.,Carlton,Essendon,Essendon,Scott Lucas,9,8,2,2,1,0,1
2009,3,2009-04-11,M.C.G.,Carlton,Essendon,Essendon,Angus Monfries,10,7,10,1,1,0,0
2009,3,2009-04-11,M.C.G.,Carlton,Essendon,Essendon,David Myers,3,4,5,0,0,0,1
2009,3,2009-04-11,M.C.G.,Carlton,Essendon,Essendon,Jay Nash,7,3,11,0,0,0,2
2009,3,2009-04-11,M.C.G.,Carlton,Essendon,Essendon,Tayte Pears,5,1,5,0,0,0,2
2009,3,2009-04-11,M.C.G.,Carlton,Essendon,Essendon,Paddy Ryder,4,3,3,1,0,4,3
2009,3,2009-04-11,M.C.G.,Carlton,Essendon,Essendon,Hayden Skipworth,8,7,8,1,1,0,1
2009,3,2009-04-11,M.C.G.,Carlton,Essendon,Essendon,Henry Slattery,7,6,5,0,0,0,1
2009,3,2009-04-11,M.C.G.,Carlton,Essendon,Essendon,Brent Stanton,15,8,11,2,0,0,1
2009,3,2009-04-11,M.C.G.,Carlton,Essendon,Essendon,Jobe Watson,11,3,9,1,0,0,5
2009,3,2009-04-11,M.C.G.,Carlton,Essendon,Essendon,Jason Winderlich,13,5,6,0,1,0,2
2009,3,2009-04-11,M.C.G.,Carlton,Essendon,Essendon,David Zaharakis,7,6,5,0,0,0,3
2009,3,2009-04-11,Gabba,Brisbane Lions,Sydney,Brisbane Lions,Jed Adcock,15,4,10,1,0,0,12
2009,3,2009-04-11,Gabba,Brisbane Lions,Sydney,Brisbane Lions,Simon Black,8,0,8,0,1,0,1
2009,3,2009-04-11,Gabba,Brisbane Lions,Sydney,Brisbane Lions,Daniel Bradshaw,7,6,1,4,2,0,2
2009,3,2009-04-11,Gabba,Brisbane Lions,Sydney,Brisbane Lions,Jonathan Brown,11,6,1,4,2,1,0
2009,3,2009-04-11,Gabba,Brisbane Lions,Sydney,Brisbane Lions,Mitch Clark,9,5,1,0,0,20,3
2009,3,2009-04-11,Gabba,Brisbane Lions,Sydney,Brisbane Lions,Bradd Dalziell,11,6,15,0,1,0,5
2009,3,2009-04-11,Gabba,Brisbane Lions,Sydney,Brisbane Lions,Josh Drummond,20,11,5,1,0,0,0
2009,3,2009-04-11,Gabba,Brisbane Lions,Sydney,Brisbane Lions,Travis Johnstone,14,2,2,0,1,0,2
2009,3,2009-04-11,Gabba,Brisbane Lions,Sydney,Brisbane Lions,Matthew Leuenberger,5,1,2,0,0,17,1
2009,3,2009-04-11,Gabba,Brisbane Lions,Sydney,Brisbane Lions,Joel Macdonald,7,2,8,0,0,0,5
2009,3,2009-04-11,Gabba,Brisbane Lions,Sydney,Brisbane Lions,Ashley McGrath,10,4,4,0,0,0,2
2009,3,2009-04-11,Gabba,Brisbane Lions,Sydney,Brisbane Lions,Daniel Merrett,11,6,0,0,0,0,1
2009,3,2009-04-11,Gabba,Brisbane Lions,Sydney,Brisbane Lions,Tim Notting,3,2,3,1,0,0,4
2009,3,2009-04-11,Gabba,Brisbane Lions,Sydney,Brisbane Lions,Joel Patfull,6,3,3,0,0,0,4
2009,3,2009-04-11,Gabba,Brisbane Lions,Sydney,Brisbane Lions,Luke Power,10,1,5,0,1,0,4
2009,3,2009-04-11,Gabba,Brisbane Lions,Sydney,Brisbane Lions,Albert Proud,4,2,7,0,0,0,2
2009,3,2009-04-11,Gabba,Brisbane Lions,Sydney,Brisbane Lions,Daniel Rich,13,1,4,1,0,0,7
2009,3,2009-04-11,Gabba,Brisbane Lions,Sydney,Brisbane Lions,Michael Rischitelli,6,6,4,0,0,0,6
2009,3,2009-04-11,Gabba,Brisbane Lions,Sydney,Brisbane Lions,Jason Roe,8,3,1,0,0,0,3
2009,3,2009-04-11,Gabba,Brisbane Lions,Sydney,Brisbane Lions,Troy Selwood,9,3,11,0,0,0,5
2009,3,2009-04-11,Gabba,Brisbane Lions,Sydney,Brisbane Lions,Justin Sherman,9,3,4,3,1,0,7
2009,3,2009-04-11,Gabba,Brisbane Lions,Sydney,Brisbane Lions,Cheynee Stiller,10,5,8,0,0,0,4
2009,3,2009-04-11,Gabba,Brisbane Lions,Sydney,Sydney,Ed Barlow,12,1,5,1,2,0,1
2009,3,2009-04-11,Gabba,Brisbane Lions,Sydney,Sydney,Paul Bevan,4,3,6,0,0,0,4
2009,3,2009-04-11,Gabba,Brisbane Lions,Sydney,Sydney,Craig Bird,9,4,11,0,0,1,4
2009,3,2009-04-11,Gabba,Brisbane Lions,Sydney,Sydney,Craig Bolton,7,4,2,0,0,0,3
2009,3,2009-04-11,Gabba,Brisbane Lions,Sydney,Sydney,Jude Bolton,16,5,13,0,1,0,4
2009,3,2009-04-11,Gabba,Brisbane Lions,Sydney,Sydney,Jared Crouch,3,2,0,0,0,0,2
2009,3,2009-04-11,Gabba,Brisbane Lions,Sydney,Sydney,Adam Goodes,13,2,5,0,0,0,3
2009,3,2009-04-11,Gabba,Brisbane Lions,Sydney,Sydney,Heath Grundy,4,1,9,0,0,0,7
2009,3,2009-04-11,Gabba,Brisbane Lions,Sydney,Sydney,Barry Hall,4,4,2,3,0,0,0
2009,3,2009-04-11,Gabba,Brisbane Lions,Sydney,Sydney,Kieren Jack,11,2,6,0,1,0,5
2009,3,2009-04-11,Gabba,Brisbane Lions,Sydney,Sydney,Darren Jolly,7,4,4,2,2,46,8
2009,3,2009-04-11,Gabba,Brisbane Lions,Sydney,Sydney,Brett Kirk,2,0,7,0,0,0,13
2009,3,2009-04-11,Gabba,Brisbane Lions,Sydney,Sydney,Nick Malceski,15,3,3,0,1,0,5
2009,3,2009-04-11,Gabba,Brisbane Lions,Sydney,Sydney,Martin Mattner,8,3,3,0,1,0,2
2009,3,2009-04-11,Gabba,Brisbane Lions,Sydney,Sydney,Jarrad McVeigh,6,1,9,0,1,0,4
2009,3,2009-04-11,Gabba,Brisbane Lions,Sydney,Sydney,Brett Meredith,3,1,6,1,1,0,3
2009,3,2009-04-11,Gabba,Brisbane Lions,Sydney,Sydney,Jarred Moore,7,3,4,1,2,0,3
2009,3,2009-04-11,Gabba,Brisbane Lions,Sydney,Sydney,Ryan OKeefe,13,1,6,0,0,0,7
2009,3,2009-04-11,Gabba,Brisbane Lions,Sydney,Sydney,Ted Richards,15,8,4,0,0,0,2
2009,3,2009-04-11,Gabba,Brisbane Lions,Sydney,Sydney,Lewis Roberts-Thomson,3,1,4,0,0,5,1
2009,3,2009-04-11,Gabba,Brisbane Lions,Sydney,Sydney,Rhyce Shaw,12,5,8,0,0,0,2
2009,3,2009-04-11,Gabba,Brisbane Lions,Sydney,Sydney,Jesse White,5,4,2,1,0,10,2
2009,3,2009-04-12,Football Park,Port Adelaide,Melbourne,Port Adelaide,Travis Boak,7,5,23,1,0,0,3
2009,3,2009-04-12,Football Park,Port Adelaide,Melbourne,Port Adelaide,Dean Brogan,2,7,15,1,1,21,3
2009,3,2009-04-12,Football Park,Port Adelaide,Melbourne,Port Adelaide,Peter Burgoyne,18,6,17,1,0,0,5
2009,3,2009-04-12,Football Park,Port Adelaide,Melbourne,Port Adelaide,Shaun Burgoyne,12,3,8,0,3,0,1
2009,3,2009-04-12,Football Park,Port Adelaide,Melbourne,Port Adelaide,Alipate Carlile,5,6,16,0,0,0,0
2009,3,2009-04-12,Football Park,Port Adelaide,Melbourne,Port Adelaide,Josh Carr,7,2,9,1,0,0,2
2009,3,2009-04-12,Football Park,Port Adelaide,Melbourne,Port Adelaide,Domenic Cassisi,9,2,13,1,0,0,2
2009,3,2009-04-12,Football Park,Port Adelaide,Melbourne,Port Adelaide,Troy Chaplin,11,7,11,0,0,0,2
2009,3,2009-04-12,Football Park,Port Adelaide,Melbourne,Port Adelaide,Chad Cornes,18,9,11,2,1,0,1
2009,3,2009-04-12,Football Park,Port Adelaide,Melbourne,Port Adelaide,Kane Cornes,14,4,15,1,0,0,2
2009,3,2009-04-12,Football Park,Port Adelaide,Melbourne,Port Adelaide,Brett Ebert,6,5,5,0,0,0,0
2009,3,2009-04-12,Football Park,Port Adelaide,Melbourne,Port Adelaide,Robbie Gray,7,7,12,2,1,0,3
2009,3,2009-04-12,Football Park,Port Adelaide,Melbourne,Port Adelaide,Nathan Krakouer,21,3,10,0,0,0,1
2009,3,2009-04-12,Football Park,Port Adelaide,Melbourne,Port Adelaide,Brendon Lade,3,4,4,1,0,14,1
2009,3,2009-04-12,Football Park,Port Adelaide,Melbourne,Port Adelaide,Daniel Motlop,13,3,6,3,2,0,1
2009,3,2009-04-12,Football Park,Port Adelaide,Melbourne,Port Adelaide,Danyle Pearce,21,7,7,1,2,0,3
2009,3,2009-04-12,Football Park,Port Adelaide,Melbourne,Port Adelaide,Michael Pettigrew,6,4,7,0,0,0,0
2009,3,2009-04-12,Football Park,Port Adelaide,Melbourne,Port Adelaide,Steven Salopek,18,6,15,0,1,0,1
2009,3,2009-04-12,Football Park,Port Adelaide,Melbourne,Port Adelaide,Jacob Surjan,6,6,15,0,0,0,1
2009,3,2009-04-12,Football Park,Port Adelaide,Melbourne,Port Adelaide,Matt Thomas,4,6,14,1,0,0,6
2009,3,2009-04-12,Football Park,Port Adelaide,Melbourne,Port Adelaide,Wade Thompson,3,3,6,0,0,0,0
2009,3,2009-04-12,Football Park,Port Adelaide,Melbourne,Port Adelaide,Warren Tredrea,10,9,3,6,1,1,3
2009,3,2009-04-12,Football Park,Port Adelaide,Melbourne,Melbourne,Clint Bartram,9,7,5,0,0,0,3
2009,3,2009-04-12,Football Park,Port Adelaide,Melbourne,Melbourne,Matthew Bate,10,7,7,2,2,0,4
2009,3,2009-04-12,Football Park,Port Adelaide,Melbourne,Melbourne,Jamie Bennell,8,3,6,1,0,0,1
2009,3,2009-04-12,Football Park,Port Adelaide,Melbourne,Melbourne,Cameron Bruce,13,8,16,2,1,0,3
2009,3,2009-04-12,Football Park,Port Adelaide,Melbourne,Melbourne,Kyle Cheney,7,6,8,0,0,0,0
2009,3,2009-04-12,Football Park,Port Adelaide,Melbourne,Melbourne,Aaron Davey,25,5,5,0,0,0,2
2009,3,2009-04-12,Football Park,Port Adelaide,Melbourne,Melbourne,Lynden Dunn,6,0,6,1,0,1,3
2009,3,2009-04-12,Football Park,Port Adelaide,Melbourne,Melbourne,James Frawley,7,3,2,0,0,0,2
2009,3,2009-04-12,Football Park,Port Adelaide,Melbourne,Melbourne,Brad Green,11,11,6,3,0,0,2
2009,3,2009-04-12,Football Park,Port Adelaide,Melbourne,Melbourne,Neville Jetta,6,2,3,1,0,0,2
2009,3,2009-04-12,Football Park,Port Adelaide,Melbourne,Melbourne,Paul Johnson,3,2,3,0,0,10,1
2009,3,2009-04-12,Football Park,Port Adelaide,Melbourne,Melbourne,Nathan Jones,11,2,14,0,1,0,0
2009,3,2009-04-12,Football Park,Port Adelaide,Melbourne,Melbourne,Stefan Martin,4,4,8,0,0,0,2
2009,3,2009-04-12,Football Park,Port Adelaide,Melbourne,Melbourne,Brock McLean,11,4,10,0,0,0,8
2009,3,2009-04-12,Football Park,Port Adelaide,Melbourne,Melbourne,John Meesen,1,2,7,0,0,22,3
2009,3,2009-04-12,Football Park,Port Adelaide,Melbourne,Melbourne,Brad Miller,5,4,4,2,0,0,0
2009,3,2009-04-12,Football Park,Port Adelaide,Melbourne,Melbourne,Brent Moloney,10,6,8,1,0,0,1
2009,3,2009-04-12,Football Park,Port Adelaide,Melbourne,Melbourne,Cale Morton,13,9,15,1,0,0,0
2009,3,2009-04-12,Football Park,Port Adelaide,Melbourne,Melbourne,Ricky Petterd,8,5,2,0,0,0,3
2009,3,2009-04-12,Football Park,Port Adelaide,Melbourne,Melbourne,Jared Rivers,12,6,5,0,0,0,2
2009,3,2009-04-12,Football Park,Port Adelaide,Melbourne,Melbourne,Colin Sylvia,8,5,6,0,1,0,0
2009,3,2009-04-12,Football Park,Port Adelaide,Melbourne,Melbourne,Matthew Warnock,4,8,10,0,0,0,2
2009,3,2009-04-12,Docklands,North Melbourne,Hawthorn,North Melbourne,Matt Campbell,6,0,5,1,1,0,1
2009,3,2009-04-12,Docklands,North Melbourne,Hawthorn,North Melbourne,Michael Firrito,10,4,10,1,0,0,9
2009,3,2009-04-12,Docklands,North Melbourne,Hawthorn,North Melbourne,Josh Gibson,11,6,8,0,0,0,1
2009,3,2009-04-12,Docklands,North Melbourne,Hawthorn,North Melbourne,David Hale,1,1,1,0,0,2,0
2009,3,2009-04-12,Docklands,North Melbourne,Hawthorn,North Melbourne,Lachlan Hansen,10,8,2,0,0,0,1
2009,3,2009-04-12,Docklands,North Melbourne,Hawthorn,North Melbourne,Leigh Harding,7,4,10,1,0,0,2
2009,3,2009-04-12,Docklands,North Melbourne,Hawthorn,North Melbourne,Brent Harvey,13,2,10,0,0,0,1
2009,3,2009-04-12,Docklands,North Melbourne,Hawthorn,North Melbourne,Corey Jones,9,5,5,1,1,0,0
2009,3,2009-04-12,Docklands,North Melbourne,Hawthorn,North Melbourne,Hamish McIntosh,12,7,9,0,0,30,0
2009,3,2009-04-12,Docklands,North Melbourne,Hawthorn,North Melbourne,Scott McMahon,9,5,5,1,1,0,6
2009,3,2009-04-12,Docklands,North Melbourne,Hawthorn,North Melbourne,Drew Petrie,8,5,5,2,0,13,2
2009,3,2009-04-12,Docklands,North Melbourne,Hawthorn,North Melbourne,Sam Power,12,5,8,0,0,0,2
2009,3,2009-04-12,Docklands,North Melbourne,Hawthorn,North Melbourne,Daniel Pratt,11,5,2,0,1,0,2
2009,3,2009-04-12,Docklands,North Melbourne,Hawthorn,North Melbourne,Brady Rawlings,16,6,19,0,0,0,5
2009,3,2009-04-12,Docklands,North Melbourne,Hawthorn,North Melbourne,Adam Simpson,11,8,17,0,0,2,6
2009,3,2009-04-12,Docklands,North Melbourne,Hawthorn,North Melbourne,Josh Smith,7,5,5,0,1,1,3
2009,3,2009-04-12,Docklands,North Melbourne,Hawthorn,North Melbourne,Andrew Swallow,8,6,16,0,1,0,9
2009,3,2009-04-12,Docklands,North Melbourne,Hawthorn,North Melbourne,Lindsay Thomas,7,3,4,2,1,0,4
2009,3,2009-04-12,Docklands,North Melbourne,Hawthorn,North Melbourne,Scott Thompson,5,4,11,0,0,0,2
2009,3,2009-04-12,Docklands,North Melbourne,Hawthorn,North Melbourne,Gavin Urquhart,12,4,6,0,0,0,2
2009,3,2009-04-12,Docklands,North Melbourne,Hawthorn,North Melbourne,Daniel Wells,10,3,4,1,0,1,2
2009,3,2009-04-12,Docklands,North Melbourne,Hawthorn,North Melbourne,Jack Ziebell,11,3,6,0,1,0,3
2009,3,2009-04-12,Docklands,North Melbourne,Hawthorn,Hawthorn,Chance Bateman,13,10,16,2,0,0,2
2009,3,2009-04-12,Docklands,North Melbourne,Hawthorn,Hawthorn,Grant Birchall,15,6,11,0,0,0,3
2009,3,2009-04-12,Docklands,North Melbourne,Hawthorn,Hawthorn,Campbell Brown,7,3,14,0,2,0,4
2009,3,2009-04-12,Docklands,North Melbourne,Hawthorn,Hawthorn,Stuart Dew,13,7,11,3,0,0,3
2009,3,2009-04-12,Docklands,North Melbourne,Hawthorn,Hawthorn,Xavier Ellis,2,1,1,0,0,0,2
2009,3,2009-04-12,Docklands,North Melbourne,Hawthorn,Hawthorn,Lance Franklin,9,7,4,4,3,0,2
2009,3,2009-04-12,Docklands,North Melbourne,Hawthorn,Hawthorn,Stephen Gilham,5,4,10,0,0,1,0
2009,3,2009-04-12,Docklands,North Melbourne,Hawthorn,Hawthorn,Brent Guerra,14,5,24,0,0,0,5
2009,3,2009-04-12,Docklands,North Melbourne,Hawthorn,Hawthorn,Luke Hodge,12,4,15,0,0,1,2
2009,3,2009-04-12,Docklands,North Melbourne,Hawthorn,Hawthorn,Sam Mitchell,12,2,25,1,0,0,4
2009,3,2009-04-12,Docklands,North Melbourne,Hawthorn,Hawthorn,Jarryd Morton,9,6,19,2,0,0,2
2009,3,2009-04-12,Docklands,North Melbourne,Hawthorn,Hawthorn,Garry Moss,8,5,7,0,1,0,1
2009,3,2009-04-12,Docklands,North Melbourne,Hawthorn,Hawthorn,Tom Murphy,8,3,7,0,0,0,6
2009,3,2009-04-12,Docklands,North Melbourne,Hawthorn,Hawthorn,Brent Renouf,2,4,12,0,0,26,2
2009,3,2009-04-12,Docklands,North Melbourne,Hawthorn,Hawthorn,Cyril Rioli,11,4,7,0,0,0,8
2009,3,2009-04-12,Docklands,North Melbourne,Hawthorn,Hawthorn,Jarryd Roughead,12,7,2,5,1,8,1
2009,3,2009-04-12,Docklands,North Melbourne,Hawthorn,Hawthorn,Ryan Schoenmakers,2,2,8,0,0,0,4
2009,3,2009-04-12,Docklands,North Melbourne,Hawthorn,Hawthorn,Cameron Stokes,2,1,6,0,0,0,4
2009,3,2009-04-12,Docklands,North Melbourne,Hawthorn,Hawthorn,Travis Tuck,5,2,18,0,0,0,1
2009,3,2009-04-12,Docklands,North Melbourne,Hawthorn,Hawthorn,Brendan Whitecross,14,10,15,0,0,0,2
2009,3,2009-04-12,Docklands,North Melbourne,Hawthorn,Hawthorn,Mark Williams,15,10,2,2,0,0,2
2009,3,2009-04-12,Docklands,North Melbourne,Hawthorn,Hawthorn,Clinton Young,6,3,5,0,2,0,7
2009,3,2009-04-12,Subiaco,Fremantle,Adelaide,Fremantle,Kepler Bradley,5,2,2,0,0,4,0
2009,3,2009-04-12,Subiaco,Fremantle,Adelaide,Fremantle,Greg Broughton,4,2,15,0,0,0,3
2009,3,2009-04-12,Subiaco,Fremantle,Adelaide,Fremantle,Ryan Crowley,12,7,5,2,1,0,3
2009,3,2009-04-12,Subiaco,Fremantle,Adelaide,Fremantle,Steven Dodd,1,2,7,0,0,0,0
2009,3,2009-04-12,Subiaco,Fremantle,Adelaide,Fremantle,Daniel Gilmore,6,2,5,0,0,0,4
2009,3,2009-04-12,Subiaco,Fremantle,Adelaide,Fremantle,Antoni Grover,9,5,8,0,0,0,3
2009,3,2009-04-12,Subiaco,Fremantle,Adelaide,Fremantle,Paul Hasleby,12,7,16,1,1,0,3
2009,3,2009-04-12,Subiaco,Fremantle,Adelaide,Fremantle,Josh Head,5,3,4,0,1,0,1
2009,3,2009-04-12,Subiaco,Fremantle,Adelaide,Fremantle,Stephen Hill,9,4,6,1,0,0,4
2009,3,2009-04-12,Subiaco,Fremantle,Adelaide,Fremantle,Clayton Hinkley,4,2,3,1,1,0,2
2009,3,2009-04-12,Subiaco,Fremantle,Adelaide,Fremantle,Garrick Ibbotson,10,8,12,0,0,1,2
2009,3,2009-04-12,Subiaco,Fremantle,Adelaide,Fremantle,Michael Johnson,21,9,5,0,0,0,1
2009,3,2009-04-12,Subiaco,Fremantle,Adelaide,Fremantle,Luke McPharlin,11,7,8,0,0,0,0
2009,3,2009-04-12,Subiaco,Fremantle,Adelaide,Fremantle,David Mundy,11,7,8,1,1,1,4
2009,3,2009-04-12,Subiaco,Fremantle,Adelaide,Fremantle,Rhys Palmer,7,3,13,0,1,0,7
2009,3,2009-04-12,Subiaco,Fremantle,Adelaide,Fremantle,Matthew Pavlich,13,5,2,3,2,0,2
2009,3,2009-04-12,Subiaco,Fremantle,Adelaide,Fremantle,Brett Peake,9,5,6,0,1,0,4
2009,3,2009-04-12,Subiaco,Fremantle,Adelaide,Fremantle,Aaron Sandilands,6,0,5,0,0,25,4
2009,3,2009-04-12,Subiaco,Fremantle,Adelaide,Fremantle,Byron Schammer,13,5,11,1,0,0,3
2009,3,2009-04-12,Subiaco,Fremantle,Adelaide,Fremantle,Dean Solomon,9,3,5,0,0,0,4
2009,3,2009-04-12,Subiaco,Fremantle,Adelaide,Fremantle,Nick Suban,9,3,1,0,0,0,3
2009,3,2009-04-12,Subiaco,Fremantle,Adelaide,Fremantle,Chris Tarrant,6,6,5,1,0,1,1
2009,3,2009-04-12,Subiaco,Fremantle,Adelaide,Adelaide,Patrick Dangerfield,9,3,11,1,1,0,3
2009,3,2009-04-12,Subiaco,Fremantle,Adelaide,Adelaide,Michael Doughty,11,7,10,0,0,0,5
2009,3,2009-04-12,Subiaco,Fremantle,Adelaide,Adelaide,Richard Douglas,9,5,8,1,2,0,4
2009,3,2009-04-12,Subiaco,Fremantle,Adelaide,Adelaide,Tyson Edwards,11,5,11,1,0,1,3
2009,3,2009-04-12,Subiaco,Fremantle,Adelaide,Adelaide,Nick Gill,5,3,7,1,2,0,1
2009,3,2009-04-12,Subiaco,Fremantle,Adelaide,Adelaide,Simon Goodwin,6,2,14,0,0,0,0
2009,3,2009-04-12,Subiaco,Fremantle,Adelaide,Adelaide,Graham Johncock,8,5,8,0,0,0,4
2009,3,2009-04-12,Subiaco,Fremantle,Adelaide,Adelaide,David Mackay,7,2,12,0,0,1,2
2009,3,2009-04-12,Subiaco,Fremantle,Adelaide,Adelaide,Ivan Maric,1,3,9,0,0,11,2
2009,3,2009-04-12,Subiaco,Fremantle,Adelaide,Adelaide,Andrew McLeod,12,2,5,1,0,0,0
2009,3,2009-04-12,Subiaco,Fremantle,Adelaide,Adelaide,Andy Otten,5,4,15,0,0,0,4
2009,3,2009-04-12,Subiaco,Fremantle,Adelaide,Adelaide,Jared Petrenko,4,4,10,0,1,0,2
2009,3,2009-04-12,Subiaco,Fremantle,Adelaide,Adelaide,Jason Porplyzia,7,5,5,4,0,0,2
2009,3,2009-04-12,Subiaco,Fremantle,Adelaide,Adelaide,Brent Reilly,10,5,12,0,0,1,1
2009,3,2009-04-12,Subiaco,Fremantle,Adelaide,Adelaide,Ben Rutten,9,7,7,0,0,0,0
2009,3,2009-04-12,Subiaco,Fremantle,Adelaide,Adelaide,Scott Stevens,3,3,0,0,0,0,1
2009,3,2009-04-12,Subiaco,Fremantle,Adelaide,Adelaide,Brad Symes,10,4,9,1,1,4,7
2009,3,2009-04-12,Subiaco,Fremantle,Adelaide,Adelaide,Scott Thompson,7,5,15,0,0,0,3
2009,3,2009-04-12,Subiaco,Fremantle,Adelaide,Adelaide,Kurt Tippett,7,3,4,1,1,12,2
2009,3,2009-04-12,Subiaco,Fremantle,Adelaide,Adelaide,Nathan van Berlo,10,4,12,1,1,1,4
2009,3,2009-04-12,Subiaco,Fremantle,Adelaide,Adelaide,Bernie Vince,11,6,10,0,0,0,3
2009,3,2009-04-12,Subiaco,Fremantle,Adelaide,Adelaide,Taylor Walker,10,8,2,3,3,0,2
2009,3,2009-04-13,Docklands,Western Bulldogs,Richmond,Western Bulldogs,Dylan Addison,9,6,10,0,0,0,2
2009,3,2009-04-13,Docklands,Western Bulldogs,Richmond,Western Bulldogs,Jason Akermanis,13,8,10,4,2,0,1
2009,3,2009-04-13,Docklands,Western Bulldogs,Richmond,Western Bulldogs,Matthew Boyd,7,3,14,0,0,1,6
2009,3,2009-04-13,Docklands,Western Bulldogs,Richmond,Western Bulldogs,Adam Cooney,10,4,11,1,2,0,0
2009,3,2009-04-13,Docklands,Western Bulldogs,Richmond,Western Bulldogs,Daniel Cross,9,6,18,0,1,2,7
2009,3,2009-04-13,Docklands,Western Bulldogs,Richmond,Western Bulldogs,Nathan Eagleton,7,2,8,0,0,0,9
2009,3,2009-04-13,Docklands,Western Bulldogs,Richmond,Western Bulldogs,Daniel Giansiracusa,11,5,6,2,1,0,2
2009,3,2009-04-13,Docklands,Western Bulldogs,Richmond,Western Bulldogs,Lindsay Gilbee,21,5,7,1,2,0,0
2009,3,2009-04-13,Docklands,Western Bulldogs,Richmond,Western Bulldogs,Ryan Griffen,8,1,7,0,2,1,5
2009,3,2009-04-13,Docklands,Western Bulldogs,Richmond,Western Bulldogs,Mitch Hahn,5,1,9,1,0,0,0
2009,3,2009-04-13,Docklands,Western Bulldogs,Richmond,Western Bulldogs,Ryan Hargrave,15,10,4,0,0,0,1
2009,3,2009-04-13,Docklands,Western Bulldogs,Richmond,Western Bulldogs,Shaun Higgins,12,5,12,2,0,1,1
2009,3,2009-04-13,Docklands,Western Bulldogs,Richmond,Western Bulldogs,Josh Hill,9,8,8,1,1,0,3
2009,3,2009-04-13,Docklands,Western Bulldogs,Richmond,Western Bulldogs,Ben Hudson,0,1,11,0,0,19,4
2009,3,2009-04-13,Docklands,Western Bulldogs,Richmond,Western Bulldogs,Brad Johnson,9,2,5,2,0,1,3
2009,3,2009-04-13,Docklands,Western Bulldogs,Richmond,Western Bulldogs,Brian Lake,13,9,4,0,0,0,2
2009,3,2009-04-13,Docklands,Western Bulldogs,Richmond,Western Bulldogs,Will Minson,7,5,5,1,0,7,2
2009,3,2009-04-13,Docklands,Western Bulldogs,Richmond,Western Bulldogs,Dale Morris,8,6,2,1,0,0,1
2009,3,2009-04-13,Docklands,Western Bulldogs,Richmond,Western Bulldogs,Liam Picken,5,2,8,0,0,0,5
2009,3,2009-04-13,Docklands,Western Bulldogs,Richmond,Western Bulldogs,Stephen Tiller,9,6,3,0,0,0,3
2009,3,2009-04-13,Docklands,Western Bulldogs,Richmond,Western Bulldogs,Callan Ward,7,2,6,0,0,0,2
2009,3,2009-04-13,Docklands,Western Bulldogs,Richmond,Western Bulldogs,Tom Williams,8,6,2,0,0,0,0
2009,3,2009-04-13,Docklands,Western Bulldogs,Richmond,Richmond,Joel Bowden,15,7,7,0,0,1,3
2009,3,2009-04-13,Docklands,Western Bulldogs,Richmond,Richmond,Nathan Brown,17,6,11,1,2,0,3
2009,3,2009-04-13,Docklands,Western Bulldogs,Richmond,Richmond,Brett Deledio,13,6,3,0,1,0,5
2009,3,2009-04-13,Docklands,Western Bulldogs,Richmond,Richmond,Shane Edwards,4,3,2,0,1,0,2
2009,3,2009-04-13,Docklands,Western Bulldogs,Richmond,Richmond,Nathan Foley,17,7,12,1,1,0,4
2009,3,2009-04-13,Docklands,Western Bulldogs,Richmond,Richmond,Angus Graham,1,4,7,0,0,12,4
2009,3,2009-04-13,Docklands,Western Bulldogs,Richmond,Richmond,Tom Hislop,6,4,6,0,0,0,3
2009,3,2009-04-13,Docklands,Western Bulldogs,Richmond,Richmond,Daniel Jackson,10,9,9,0,0,0,1
2009,3,2009-04-13,Docklands,Western Bulldogs,Richmond,Richmond,Jake King,11,9,5,0,0,0,2
2009,3,2009-04-13,Docklands,Western Bulldogs,Richmond,Richmond,Luke McGuane,12,12,9,0,1,0,0
2009,3,2009-04-13,Docklands,Western Bulldogs,Richmond,Richmond,Kelvin Moore,8,5,2,0,0,0,2
2009,3,2009-04-13,Docklands,Western Bulldogs,Richmond,Richmond,Mitch Morton,7,4,2,1,2,0,3
2009,3,2009-04-13,Docklands,Western Bulldogs,Richmond,Richmond,Chris Newman,15,8,5,0,0,0,3
2009,3,2009-04-13,Docklands,Western Bulldogs,Richmond,Richmond,Dean Polo,11,7,9,0,0,0,4
2009,3,2009-04-13,Docklands,Western Bulldogs,Richmond,Richmond,Alex Rance,9,7,10,0,0,0,3
2009,3,2009-04-13,Docklands,Western Bulldogs,Richmond,Richmond,Matthew Richardson,17,12,5,1,2,1,0
2009,3,2009-04-13,Docklands,Western Bulldogs,Richmond,Richmond,Jack Riewoldt,6,4,1,1,1,1,2
2009,3,2009-04-13,Docklands,Western Bulldogs,Richmond,Richmond,Jay Schulz,7,5,3,0,0,0,2
2009,3,2009-04-13,Docklands,Western Bulldogs,Richmond,Richmond,Troy Simmonds,4,2,5,0,2,12,2
2009,3,2009-04-13,Docklands,Western Bulldogs,Richmond,Richmond,Richard Tambling,4,4,8,0,0,0,2
2009,3,2009-04-13,Docklands,Western Bulldogs,Richmond,Richmond,Shane Tuck,15,9,18,1,0,3,3
2009,3,2009-04-13,Docklands,Western Bulldogs,Richmond,Richmond,Matt White,12,4,9,2,0,0,3
2009,4,2009-04-17,Gabba,Brisbane Lions,Collingwood,Brisbane Lions,Jed Adcock,9,4,16,1,0,0,1
2009,4,2009-04-17,Gabba,Brisbane Lions,Collingwood,Brisbane Lions,Simon Black,14,4,11,0,0,0,5
2009,4,2009-04-17,Gabba,Brisbane Lions,Collingwood,Brisbane Lions,Daniel Bradshaw,5,3,2,0,1,0,1
2009,4,2009-04-17,Gabba,Brisbane Lions,Collingwood,Brisbane Lions,Jared Brennan,9,4,11,0,0,3,4
2009,4,2009-04-17,Gabba,Brisbane Lions,Collingwood,Brisbane Lions,Jonathan Brown,9,7,5,2,5,0,2
2009,4,2009-04-17,Gabba,Brisbane Lions,Collingwood,Brisbane Lions,Jamie Charman,1,1,7,0,0,13,1
2009,4,2009-04-17,Gabba,Brisbane Lions,Collingwood,Brisbane Lions,Mitch Clark,6,5,8,1,0,24,6
2009,4,2009-04-17,Gabba,Brisbane Lions,Collingwood,Brisbane Lions,Bradd Dalziell,17,8,11,2,0,0,3
2009,4,2009-04-17,Gabba,Brisbane Lions,Collingwood,Brisbane Lions,Josh Drummond,11,2,4,0,1,0,2
2009,4,2009-04-17,Gabba,Brisbane Lions,Collingwood,Brisbane Lions,Travis Johnstone,4,2,9,0,0,0,1
2009,4,2009-04-17,Gabba,Brisbane Lions,Collingwood,Brisbane Lions,Joel Macdonald,9,2,4,0,0,0,1
2009,4,2009-04-17,Gabba,Brisbane Lions,Collingwood,Brisbane Lions,Ashley McGrath,11,6,4,0,0,0,3
2009,4,2009-04-17,Gabba,Brisbane Lions,Collingwood,Brisbane Lions,Daniel Merrett,5,4,8,0,0,0,1
2009,4,2009-04-17,Gabba,Brisbane Lions,Collingwood,Brisbane Lions,Tim Notting,6,3,5,1,1,0,1
2009,4,2009-04-17,Gabba,Brisbane Lions,Collingwood,Brisbane Lions,Joel Patfull,6,6,8,0,0,0,1
2009,4,2009-04-17,Gabba,Brisbane Lions,Collingwood,Brisbane Lions,Luke Power,16,3,12,0,0,0,7
2009,4,2009-04-17,Gabba,Brisbane Lions,Collingwood,Brisbane Lions,Daniel Rich,9,3,3,0,2,0,5
2009,4,2009-04-17,Gabba,Brisbane Lions,Collingwood,Brisbane Lions,Michael Rischitelli,13,7,7,1,0,0,9
2009,4,2009-04-17,Gabba,Brisbane Lions,Collingwood,Brisbane Lions,Jason Roe,13,6,4,0,0,0,1
2009,4,2009-04-17,Gabba,Brisbane Lions,Collingwood,Brisbane Lions,Troy Selwood,5,3,9,2,0,0,0
2009,4,2009-04-17,Gabba,Brisbane Lions,Collingwood,Brisbane Lions,Justin Sherman,5,0,7,0,1,0,5
2009,4,2009-04-17,Gabba,Brisbane Lions,Collingwood,Brisbane Lions,Cheynee Stiller,4,4,8,0,0,0,2
2009,4,2009-04-17,Gabba,Brisbane Lions,Collingwood,Collingwood,John Anthony,7,4,3,1,1,1,2
2009,4,2009-04-17,Gabba,Brisbane Lions,Collingwood,Collingwood,Jaxson Barham,17,6,11,0,0,0,9
2009,4,2009-04-17,Gabba,Brisbane Lions,Collingwood,Collingwood,Dayne Beams,5,2,8,0,0,1,2
2009,4,2009-04-17,Gabba,Brisbane Lions,Collingwood,Collingwood,Leigh Brown,4,2,5,0,0,8,1
2009,4,2009-04-17,Gabba,Brisbane Lions,Collingwood,Collingwood,Nathan Brown,3,2,4,0,0,0,2
2009,4,2009-04-17,Gabba,Brisbane Lions,Collingwood,Collingwood,Martin Clarke,17,6,9,0,0,0,3
2009,4,2009-04-17,Gabba,Brisbane Lions,Collingwood,Collingwood,Travis Cloke,7,6,0,1,0,0,3
2009,4,2009-04-17,Gabba,Brisbane Lions,Collingwood,Collingwood,Shannon Cox,16,9,11,0,0,1,2
2009,4,2009-04-17,Gabba,Brisbane Lions,Collingwood,Collingwood,Leon Davis,12,8,6,3,0,0,4
2009,4,2009-04-17,Gabba,Brisbane Lions,Collingwood,Collingwood,Alan Didak,9,3,4,0,1,0,1
2009,4,2009-04-17,Gabba,Brisbane Lions,Collingwood,Collingwood,Josh Fraser,16,7,7,0,1,23,4
2009,4,2009-04-17,Gabba,Brisbane Lions,Collingwood,Collingwood,Tyson Goldsack,8,4,3,0,0,0,2
2009,4,2009-04-17,Gabba,Brisbane Lions,Collingwood,Collingwood,Tarkyn Lockyer,21,14,8,2,0,0,0
2009,4,2009-04-17,Gabba,Brisbane Lions,Collingwood,Collingwood,Heritier Lumumba,12,6,1,0,0,0,2
2009,4,2009-04-17,Gabba,Brisbane Lions,Collingwood,Collingwood,Paul Medhurst,11,7,2,4,2,0,1
2009,4,2009-04-17,Gabba,Brisbane Lions,Collingwood,Collingwood,Shane OBree,16,5,5,0,1,0,7
2009,4,2009-04-17,Gabba,Brisbane Lions,Collingwood,Collingwood,Scott Pendlebury,18,8,17,0,2,0,6
2009,4,2009-04-17,Gabba,Brisbane Lions,Collingwood,Collingwood,Simon Prestigiacomo,4,4,7,0,0,0,1
2009,4,2009-04-17,Gabba,Brisbane Lions,Collingwood,Collingwood,Anthony Rocca,7,3,2,0,1,0,1
2009,4,2009-04-17,Gabba,Brisbane Lions,Collingwood,Collingwood,Dane Swan,14,7,5,1,0,0,0
2009,4,2009-04-17,Gabba,Brisbane Lions,Collingwood,Collingwood,Dale Thomas,7,5,4,1,0,0,3
2009,4,2009-04-17,Gabba,Brisbane Lions,Collingwood,Collingwood,Alan Toovey,11,3,7,0,0,0,3
2009,4,2009-04-18,S.C.G.,Sydney,Carlton,Sydney,Luke Ablett,8,7,11,1,2,0,1
2009,4,2009-04-18,S.C.G.,Sydney,Carlton,Sydney,Ed Barlow,11,4,5,1,2,0,1
2009,4,2009-04-18,S.C.G.,Sydney,Carlton,Sydney,Paul Bevan,4,6,8,0,0,0,4
2009,4,2009-04-18,S.C.G.,Sydney,Carlton,Sydney,Craig Bird,10,3,6,1,0,0,1
2009,4,2009-04-18,S.C.G.,Sydney,Carlton,Sydney,Craig Bolton,13,8,3,0,0,0,0
2009,4,2009-04-18,S.C.G.,Sydney,Carlton,Sydney,Jude Bolton,13,2,6,1,1,0,8
2009,4,2009-04-18,S.C.G.,Sydney,Carlton,Sydney,Adam Goodes,7,1,5,0,1,1,0
2009,4,2009-04-18,S.C.G.,Sydney,Carlton,Sydney,Heath Grundy,10,8,5,0,1,0,1
2009,4,2009-04-18,S.C.G.,Sydney,Carlton,Sydney,Kieren Jack,12,2,8,0,0,0,1
2009,4,2009-04-18,S.C.G.,Sydney,Carlton,Sydney,Darren Jolly,6,2,2,1,0,29,3
2009,4,2009-04-18,S.C.G.,Sydney,Carlton,Sydney,Brett Kirk,9,1,13,0,0,0,9
2009,4,2009-04-18,S.C.G.,Sydney,Carlton,Sydney,Nick Malceski,14,7,5,0,3,0,0
2009,4,2009-04-18,S.C.G.,Sydney,Carlton,Sydney,Martin Mattner,9,4,7,1,0,0,4
2009,4,2009-04-18,S.C.G.,Sydney,Carlton,Sydney,Jarrad McVeigh,5,1,12,3,0,0,1
2009,4,2009-04-18,S.C.G.,Sydney,Carlton,Sydney,Brett Meredith,2,2,3,0,1,0,0
2009,4,2009-04-18,S.C.G.,Sydney,Carlton,Sydney,Jarred Moore,4,2,4,1,0,0,1
2009,4,2009-04-18,S.C.G.,Sydney,Carlton,Sydney,Ryan OKeefe,7,3,9,0,0,0,6
2009,4,2009-04-18,S.C.G.,Sydney,Carlton,Sydney,Ted Richards,11,8,8,0,1,0,2
2009,4,2009-04-18,S.C.G.,Sydney,Carlton,Sydney,Lewis Roberts-Thomson,8,5,7,0,0,0,1
2009,4,2009-04-18,S.C.G.,Sydney,Carlton,Sydney,Rhyce Shaw,21,7,8,0,0,0,3
2009,4,2009-04-18,S.C.G.,Sydney,Carlton,Sydney,Kristin Thornton,5,6,2,1,0,0,1
2009,4,2009-04-18,S.C.G.,Sydney,Carlton,Sydney,Jesse White,1,2,2,1,0,3,3
2009,4,2009-04-18,S.C.G.,Sydney,Carlton,Carlton,Dennis Armfield,5,4,9,0,0,0,1
2009,4,2009-04-18,S.C.G.,Sydney,Carlton,Carlton,Eddie Betts,7,4,6,3,1,0,3
2009,4,2009-04-18,S.C.G.,Sydney,Carlton,Carlton,Paul Bower,11,9,13,0,0,0,2
2009,4,2009-04-18,S.C.G.,Sydney,Carlton,Carlton,Cameron Cloke,8,7,7,1,1,6,1
2009,4,2009-04-18,S.C.G.,Sydney,Carlton,Carlton,Brendan Fevola,13,9,1,1,4,0,0
2009,4,2009-04-18,S.C.G.,Sydney,Carlton,Carlton,Bryce Gibbs,17,8,7,0,1,1,3
2009,4,2009-04-18,S.C.G.,Sydney,Carlton,Carlton,Shaun Grigg,6,4,8,0,1,0,1
2009,4,2009-04-18,S.C.G.,Sydney,Carlton,Carlton,Richard Hadley,8,5,11,0,1,0,3
2009,4,2009-04-18,S.C.G.,Sydney,Carlton,Carlton,Ryan Houlihan,7,4,3,1,0,0,1
2009,4,2009-04-18,S.C.G.,Sydney,Carlton,Carlton,Sam Jacobs,1,0,3,0,0,15,0
2009,4,2009-04-18,S.C.G.,Sydney,Carlton,Carlton,Chris Johnson,10,4,1,0,0,0,1
2009,4,2009-04-18,S.C.G.,Sydney,Carlton,Carlton,Aaron Joseph,5,3,4,0,0,0,2
2009,4,2009-04-18,S.C.G.,Sydney,Carlton,Carlton,Chris Judd,13,2,17,1,0,0,3
2009,4,2009-04-18,S.C.G.,Sydney,Carlton,Carlton,Matthew Kreuzer,4,4,6,0,1,10,4
2009,4,2009-04-18,S.C.G.,Sydney,Carlton,Carlton,Marc Murphy,9,4,13,1,0,0,1
2009,4,2009-04-18,S.C.G.,Sydney,Carlton,Carlton,Mitch Robinson,3,1,2,0,0,0,1
2009,4,2009-04-18,S.C.G.,Sydney,Carlton,Carlton,Jordan Russell,10,6,4,0,0,0,1
2009,4,2009-04-18,S.C.G.,Sydney,Carlton,Carlton,Kade Simpson,13,5,9,1,1,0,5
2009,4,2009-04-18,S.C.G.,Sydney,Carlton,Carlton,Nick Stevens,14,4,11,0,0,0,1
2009,4,2009-04-18,S.C.G.,Sydney,Carlton,Carlton,Bret Thornton,16,14,7,0,0,0,1
2009,4,2009-04-18,S.C.G.,Sydney,Carlton,Carlton,Jarrad Waite,25,13,6,0,1,0,1
2009,4,2009-04-18,S.C.G.,Sydney,Carlton,Carlton,Simon Wiggins,5,5,6,0,0,0,6
2009,4,2009-04-18,M.C.G.,Hawthorn,Port Adelaide,Hawthorn,Chance Bateman,14,4,19,0,2,0,2
2009,4,2009-04-18,M.C.G.,Hawthorn,Port Adelaide,Hawthorn,Campbell Brown,9,6,4,0,2,0,2
2009,4,2009-04-18,M.C.G.,Hawthorn,Port Adelaide,Hawthorn,Robert Campbell,2,1,3,1,0,7,1
2009,4,2009-04-18,M.C.G.,Hawthorn,Port Adelaide,Hawthorn,Stuart Dew,9,2,5,1,1,0,1
2009,4,2009-04-18,M.C.G.,Hawthorn,Port Adelaide,Hawthorn,Beau Dowler,11,5,7,0,0,0,0
2009,4,2009-04-18,M.C.G.,Hawthorn,Port Adelaide,Hawthorn,Lance Franklin,9,8,10,3,3,1,1
2009,4,2009-04-18,M.C.G.,Hawthorn,Port Adelaide,Hawthorn,Brent Guerra,10,6,4,0,0,0,1
2009,4,2009-04-18,M.C.G.,Hawthorn,Port Adelaide,Hawthorn,Luke Hodge,13,3,4,1,0,0,4
2009,4,2009-04-18,M.C.G.,Hawthorn,Port Adelaide,Hawthorn,Jordan Lewis,14,5,10,0,0,0,0
2009,4,2009-04-18,M.C.G.,Hawthorn,Port Adelaide,Hawthorn,Sam Mitchell,4,2,12,1,0,0,0
2009,4,2009-04-18,M.C.G.,Hawthorn,Port Adelaide,Hawthorn,Jarryd Morton,14,8,9,0,0,0,1
2009,4,2009-04-18,M.C.G.,Hawthorn,Port Adelaide,Hawthorn,Garry Moss,14,10,11,1,2,0,4
2009,4,2009-04-18,M.C.G.,Hawthorn,Port Adelaide,Hawthorn,Tom Murphy,12,9,5,0,0,0,4
2009,4,2009-04-18,M.C.G.,Hawthorn,Port Adelaide,Hawthorn,Brent Renouf,2,0,5,0,0,1,1
2009,4,2009-04-18,M.C.G.,Hawthorn,Port Adelaide,Hawthorn,Cyril Rioli,10,4,13,3,1,0,5
2009,4,2009-04-18,M.C.G.,Hawthorn,Port Adelaide,Hawthorn,Jarryd Roughead,1,1,6,0,0,1,1
2009,4,2009-04-18,M.C.G.,Hawthorn,Port Adelaide,Hawthorn,Brad Sewell,12,5,16,1,0,0,4
2009,4,2009-04-18,M.C.G.,Hawthorn,Port Adelaide,Hawthorn,Cameron Stokes,6,6,7,0,0,0,3
2009,4,2009-04-18,M.C.G.,Hawthorn,Port Adelaide,Hawthorn,Simon Taylor,3,2,4,0,0,15,0
2009,4,2009-04-18,M.C.G.,Hawthorn,Port Adelaide,Hawthorn,Brendan Whitecross,12,8,11,0,0,0,0
2009,4,2009-04-18,M.C.G.,Hawthorn,Port Adelaide,Hawthorn,Mark Williams,13,10,7,0,0,0,2
2009,4,2009-04-18,M.C.G.,Hawthorn,Port Adelaide,Hawthorn,Clinton Young,11,9,11,0,0,2,2
2009,4,2009-04-18,M.C.G.,Hawthorn,Port Adelaide,Port Adelaide,Travis Boak,18,10,14,0,1,0,5
2009,4,2009-04-18,M.C.G.,Hawthorn,Port Adelaide,Port Adelaide,Dean Brogan,5,3,10,1,0,22,1
2009,4,2009-04-18,M.C.G.,Hawthorn,Port Adelaide,Port Adelaide,Alipate Carlile,6,5,8,0,0,0,3
2009,4,2009-04-18,M.C.G.,Hawthorn,Port Adelaide,Port Adelaide,Josh Carr,8,6,10,0,0,0,7
2009,4,2009-04-18,M.C.G.,Hawthorn,Port Adelaide,Port Adelaide,Troy Chaplin,11,11,7,0,0,0,2
2009,4,2009-04-18,M.C.G.,Hawthorn,Port Adelaide,Port Adelaide,Chad Cornes,18,14,13,0,1,1,3
2009,4,2009-04-18,M.C.G.,Hawthorn,Port Adelaide,Port Adelaide,Kane Cornes,13,8,13,0,0,0,4
2009,4,2009-04-18,M.C.G.,Hawthorn,Port Adelaide,Port Adelaide,Brett Ebert,13,9,2,2,0,0,2
2009,4,2009-04-18,M.C.G.,Hawthorn,Port Adelaide,Port Adelaide,Robbie Gray,9,4,7,2,1,0,1
2009,4,2009-04-18,M.C.G.,Hawthorn,Port Adelaide,Port Adelaide,Hamish Hartlett,16,11,7,0,0,0,0
2009,4,2009-04-18,M.C.G.,Hawthorn,Port Adelaide,Port Adelaide,Nathan Krakouer,19,8,5,0,0,0,3
2009,4,2009-04-18,M.C.G.,Hawthorn,Port Adelaide,Port Adelaide,Brendon Lade,7,7,5,2,0,8,2
2009,4,2009-04-18,M.C.G.,Hawthorn,Port Adelaide,Port Adelaide,Tom Logan,8,4,4,2,1,0,3
2009,4,2009-04-18,M.C.G.,Hawthorn,Port Adelaide,Port Adelaide,Daniel Motlop,12,2,6,0,5,0,1
2009,4,2009-04-18,M.C.G.,Hawthorn,Port Adelaide,Port Adelaide,Danyle Pearce,21,11,12,1,1,0,1
2009,4,2009-04-18,M.C.G.,Hawthorn,Port Adelaide,Port Adelaide,Michael Pettigrew,8,5,7,0,0,0,4
2009,4,2009-04-18,M.C.G.,Hawthorn,Port Adelaide,Port Adelaide,David Rodan,9,7,19,1,1,0,4
2009,4,2009-04-18,M.C.G.,Hawthorn,Port Adelaide,Port Adelaide,Steven Salopek,18,8,11,0,0,0,1
2009,4,2009-04-18,M.C.G.,Hawthorn,Port Adelaide,Port Adelaide,Jacob Surjan,7,2,5,0,0,0,2
2009,4,2009-04-18,M.C.G.,Hawthorn,Port Adelaide,Port Adelaide,Matt Thomas,4,10,14,0,0,0,2
2009,4,2009-04-18,M.C.G.,Hawthorn,Port Adelaide,Port Adelaide,Wade Thompson,6,3,7,0,0,0,1
2009,4,2009-04-18,M.C.G.,Hawthorn,Port Adelaide,Port Adelaide,Warren Tredrea,11,9,4,6,0,0,0
2009,4,2009-04-18,Docklands,St Kilda,Fremantle,St Kilda,Steven Baker,13,9,8,0,0,0,1
2009,4,2009-04-18,Docklands,St Kilda,Fremantle,St Kilda,Luke Ball,8,3,17,0,0,0,7
2009,4,2009-04-18,Docklands,St Kilda,Fremantle,St Kilda,Jason Blake,12,10,7,0,0,0,2
2009,4,2009-04-18,Docklands,St Kilda,Fremantle,St Kilda,Nick Dal Santo,20,7,11,2,1,2,0
2009,4,2009-04-18,Docklands,St Kilda,Fremantle,St Kilda,Zac Dawson,7,5,7,0,0,0,4
2009,4,2009-04-18,Docklands,St Kilda,Fremantle,St Kilda,Sam Fisher,9,7,9,0,0,0,1
2009,4,2009-04-18,Docklands,St Kilda,Fremantle,St Kilda,Michael Gardiner,6,2,5,1,0,3,0
2009,4,2009-04-18,Docklands,St Kilda,Fremantle,St Kilda,Jarryn Geary,14,5,9,1,1,0,1
2009,4,2009-04-18,Docklands,St Kilda,Fremantle,St Kilda,Sam Gilbert,15,8,13,0,0,0,1
2009,4,2009-04-18,Docklands,St Kilda,Fremantle,St Kilda,Brendon Goddard,13,9,16,1,0,2,0
2009,4,2009-04-18,Docklands,St Kilda,Fremantle,St Kilda,Jason Gram,14,3,7,0,1,0,0
2009,4,2009-04-18,Docklands,St Kilda,Fremantle,St Kilda,James Gwilt,3,2,6,1,0,0,4
2009,4,2009-04-18,Docklands,St Kilda,Fremantle,St Kilda,Lenny Hayes,7,1,14,0,0,2,6
2009,4,2009-04-18,Docklands,St Kilda,Fremantle,St Kilda,Clinton Jones,9,3,12,3,0,0,4
2009,4,2009-04-18,Docklands,St Kilda,Fremantle,St Kilda,Steven King,3,3,7,0,0,15,2
2009,4,2009-04-18,Docklands,St Kilda,Fremantle,St Kilda,Justin Koschitzke,1,1,1,0,0,0,0
2009,4,2009-04-18,Docklands,St Kilda,Fremantle,St Kilda,Andrew McQualter,4,2,11,1,0,0,2
2009,4,2009-04-18,Docklands,St Kilda,Fremantle,St Kilda,Stephen Milne,11,7,4,1,2,0,4
2009,4,2009-04-18,Docklands,St Kilda,Fremantle,St Kilda,Leigh Montagna,18,6,12,1,1,0,6
2009,4,2009-04-18,Docklands,St Kilda,Fremantle,St Kilda,Farren Ray,17,8,10,0,0,0,2
2009,4,2009-04-18,Docklands,St Kilda,Fremantle,St Kilda,Nick Riewoldt,15,9,2,5,0,1,1
2009,4,2009-04-18,Docklands,St Kilda,Fremantle,St Kilda,Adam Schneider,6,1,5,0,1,0,3
2009,4,2009-04-18,Docklands,St Kilda,Fremantle,Fremantle,Kepler Bradley,4,4,7,0,0,6,1
2009,4,2009-04-18,Docklands,St Kilda,Fremantle,Fremantle,Ryan Crowley,5,2,4,0,0,0,3
2009,4,2009-04-18,Docklands,St Kilda,Fremantle,Fremantle,Steven Dodd,9,7,15,0,0,0,0
2009,4,2009-04-18,Docklands,St Kilda,Fremantle,Fremantle,Paul Duffield,18,8,5,0,0,0,2
2009,4,2009-04-18,Docklands,St Kilda,Fremantle,Fremantle,Daniel Gilmore,13,14,3,0,0,0,1
2009,4,2009-04-18,Docklands,St Kilda,Fremantle,Fremantle,Antoni Grover,10,5,10,0,0,0,2
2009,4,2009-04-18,Docklands,St Kilda,Fremantle,Fremantle,Paul Hasleby,8,4,13,1,0,0,1
2009,4,2009-04-18,Docklands,St Kilda,Fremantle,Fremantle,Roger Hayden,10,7,7,0,0,0,5
2009,4,2009-04-18,Docklands,St Kilda,Fremantle,Fremantle,Josh Head,6,5,4,0,0,0,0
2009,4,2009-04-18,Docklands,St Kilda,Fremantle,Fremantle,Stephen Hill,7,3,6,0,0,0,3
2009,4,2009-04-18,Docklands,St Kilda,Fremantle,Fremantle,Garrick Ibbotson,9,6,8,0,0,1,2
2009,4,2009-04-18,Docklands,St Kilda,Fremantle,Fremantle,Michael Johnson,17,7,7,1,0,0,5
2009,4,2009-04-18,Docklands,St Kilda,Fremantle,Fremantle,Luke McPharlin,5,4,3,0,1,0,2
2009,4,2009-04-18,Docklands,St Kilda,Fremantle,Fremantle,David Mundy,8,7,12,0,0,1,3
2009,4,2009-04-18,Docklands,St Kilda,Fremantle,Fremantle,Rhys Palmer,6,4,14,0,0,1,2
2009,4,2009-04-18,Docklands,St Kilda,Fremantle,Fremantle,Matthew Pavlich,11,5,4,1,1,0,2
2009,4,2009-04-18,Docklands,St Kilda,Fremantle,Fremantle,Brett Peake,10,7,4,0,0,0,7
2009,4,2009-04-18,Docklands,St Kilda,Fremantle,Fremantle,Aaron Sandilands,4,2,7,0,0,19,1
2009,4,2009-04-18,Docklands,St Kilda,Fremantle,Fremantle,Byron Schammer,18,8,14,0,0,0,2
2009,4,2009-04-18,Docklands,St Kilda,Fremantle,Fremantle,Dean Solomon,10,8,9,1,0,0,4
2009,4,2009-04-18,Docklands,St Kilda,Fremantle,Fremantle,Nick Suban,8,3,7,0,0,0,4
2009,4,2009-04-18,Docklands,St Kilda,Fremantle,Fremantle,Chris Tarrant,6,1,4,0,0,0,3
2009,4,2009-04-18,Football Park,Adelaide,Geelong,Adelaide,Nathan Bock,9,3,10,0,0,0,2
2009,4,2009-04-18,Football Park,Adelaide,Geelong,Adelaide,Patrick Dangerfield,5,3,1,2,0,0,1
2009,4,2009-04-18,Football Park,Adelaide,Geelong,Adelaide,Michael Doughty,6,2,5,0,0,1,4
2009,4,2009-04-18,Football Park,Adelaide,Geelong,Adelaide,Richard Douglas,7,6,4,0,0,0,3
2009,4,2009-04-18,Football Park,Adelaide,Geelong,Adelaide,Tyson Edwards,11,6,14,1,2,0,5
2009,4,2009-04-18,Football Park,Adelaide,Geelong,Adelaide,Simon Goodwin,12,4,13,0,0,0,2
2009,4,2009-04-18,Football Park,Adelaide,Geelong,Adelaide,Graham Johncock,10,6,4,0,0,0,5
2009,4,2009-04-18,Football Park,Adelaide,Geelong,Adelaide,David Mackay,14,4,3,2,0,1,3
2009,4,2009-04-18,Football Park,Adelaide,Geelong,Adelaide,Ivan Maric,1,4,13,0,0,13,1
2009,4,2009-04-18,Football Park,Adelaide,Geelong,Adelaide,Andrew McLeod,9,3,2,0,1,0,2
2009,4,2009-04-18,Football Park,Adelaide,Geelong,Adelaide,Andy Otten,5,6,13,0,0,0,2
2009,4,2009-04-18,Football Park,Adelaide,Geelong,Adelaide,Jared Petrenko,4,2,4,1,0,0,4
2009,4,2009-04-18,Football Park,Adelaide,Geelong,Adelaide,Jason Porplyzia,7,4,4,3,0,0,2
2009,4,2009-04-18,Football Park,Adelaide,Geelong,Adelaide,Brent Reilly,11,5,11,0,0,0,2
2009,4,2009-04-18,Football Park,Adelaide,Geelong,Adelaide,Ben Rutten,10,9,2,0,0,0,0
2009,4,2009-04-18,Football Park,Adelaide,Geelong,Adelaide,Robert Shirley,4,3,10,0,0,3,4
2009,4,2009-04-18,Football Park,Adelaide,Geelong,Adelaide,Brad Symes,8,3,8,0,0,1,3
2009,4,2009-04-18,Football Park,Adelaide,Geelong,Adelaide,Scott Thompson,8,4,14,1,1,0,6
2009,4,2009-04-18,Football Park,Adelaide,Geelong,Adelaide,Kurt Tippett,8,7,5,1,1,9,5
2009,4,2009-04-18,Football Park,Adelaide,Geelong,Adelaide,Nathan van Berlo,10,6,9,0,0,0,1
2009,4,2009-04-18,Football Park,Adelaide,Geelong,Adelaide,Bernie Vince,10,4,9,0,1,0,4
2009,4,2009-04-18,Football Park,Adelaide,Geelong,Adelaide,Taylor Walker,8,5,2,2,2,0,0
2009,4,2009-04-18,Football Park,Adelaide,Geelong,Geelong,Gary Ablett,13,7,33,3,1,0,3
2009,4,2009-04-18,Football Park,Adelaide,Geelong,Geelong,Jimmy Bartel,18,6,12,0,1,0,3
2009,4,2009-04-18,Football Park,Adelaide,Geelong,Geelong,Mark Blake,2,1,7,1,0,27,2
2009,4,2009-04-18,Football Park,Adelaide,Geelong,Geelong,Shannon Byrnes,4,2,12,1,0,0,4
2009,4,2009-04-18,Football Park,Adelaide,Geelong,Geelong,Paul Chapman,15,4,11,1,0,0,1
2009,4,2009-04-18,Football Park,Adelaide,Geelong,Geelong,Joel Corey,16,4,18,0,1,1,7
2009,4,2009-04-18,Football Park,Adelaide,Geelong,Geelong,Corey Enright,16,5,12,0,0,0,2
2009,4,2009-04-18,Football Park,Adelaide,Geelong,Geelong,Tom Hawkins,5,3,7,0,0,1,1
2009,4,2009-04-18,Football Park,Adelaide,Geelong,Geelong,Steve Johnson,13,3,8,3,2,0,3
2009,4,2009-04-18,Football Park,Adelaide,Geelong,Geelong,James Kelly,5,1,15,0,0,0,1
2009,4,2009-04-18,Football Park,Adelaide,Geelong,Geelong,Cameron Ling,8,8,22,0,0,0,3
2009,4,2009-04-18,Football Park,Adelaide,Geelong,Geelong,Tom Lonergan,9,8,7,0,0,1,6
2009,4,2009-04-18,Football Park,Adelaide,Geelong,Geelong,Andrew Mackie,10,6,12,1,0,0,1
2009,4,2009-04-18,Football Park,Adelaide,Geelong,Geelong,Cameron Mooney,6,4,2,2,1,0,1
2009,4,2009-04-18,Football Park,Adelaide,Geelong,Geelong,Shane Mumford,2,2,4,1,0,8,6
2009,4,2009-04-18,Football Park,Adelaide,Geelong,Geelong,Max Rooke,3,1,4,2,0,0,1
2009,4,2009-04-18,Football Park,Adelaide,Geelong,Geelong,Matthew Scarlett,11,9,8,0,0,0,3
2009,4,2009-04-18,Football Park,Adelaide,Geelong,Geelong,Joel Selwood,11,2,21,1,0,0,4
2009,4,2009-04-18,Football Park,Adelaide,Geelong,Geelong,Mathew Stokes,12,6,11,2,1,0,4
2009,4,2009-04-18,Football Park,Adelaide,Geelong,Geelong,Harry Taylor,7,7,14,0,0,1,1
2009,4,2009-04-18,Football Park,Adelaide,Geelong,Geelong,Travis Varcoe,4,4,6,3,1,0,4
2009,4,2009-04-18,Football Park,Adelaide,Geelong,Geelong,David Wojcinski,14,7,8,0,0,0,2
2009,4,2009-04-19,Docklands,North Melbourne,Essendon,North Melbourne,Matt Campbell,3,3,1,0,0,0,1
2009,4,2009-04-19,Docklands,North Melbourne,Essendon,North Melbourne,Michael Firrito,9,3,10,0,0,0,7
2009,4,2009-04-19,Docklands,North Melbourne,Essendon,North Melbourne,Josh Gibson,6,5,7,0,0,0,0
2009,4,2009-04-19,Docklands,North Melbourne,Essendon,North Melbourne,David Hale,12,11,4,4,3,3,1
2009,4,2009-04-19,Docklands,North Melbourne,Essendon,North Melbourne,Lachlan Hansen,18,11,3,0,0,0,5
2009,4,2009-04-19,Docklands,North Melbourne,Essendon,North Melbourne,Leigh Harding,11,9,9,0,0,0,3
2009,4,2009-04-19,Docklands,North Melbourne,Essendon,North Melbourne,Brent Harvey,16,7,17,3,0,0,2
2009,4,2009-04-19,Docklands,North Melbourne,Essendon,North Melbourne,Ed Lower,6,8,8,0,1,0,2
2009,4,2009-04-19,Docklands,North Melbourne,Essendon,North Melbourne,Hamish McIntosh,9,5,2,1,0,23,7
2009,4,2009-04-19,Docklands,North Melbourne,Essendon,North Melbourne,Scott McMahon,13,7,5,0,0,0,2
2009,4,2009-04-19,Docklands,North Melbourne,Essendon,North Melbourne,Drew Petrie,9,5,7,1,0,11,2
2009,4,2009-04-19,Docklands,North Melbourne,Essendon,North Melbourne,Sam Power,15,11,8,0,0,0,4
2009,4,2009-04-19,Docklands,North Melbourne,Essendon,North Melbourne,Daniel Pratt,18,14,8,0,0,0,1
2009,4,2009-04-19,Docklands,North Melbourne,Essendon,North Melbourne,Brady Rawlings,8,3,8,0,0,0,8
2009,4,2009-04-19,Docklands,North Melbourne,Essendon,North Melbourne,Adam Simpson,10,3,10,0,0,1,5
2009,4,2009-04-19,Docklands,North Melbourne,Essendon,North Melbourne,Josh Smith,4,3,4,0,0,0,3
2009,4,2009-04-19,Docklands,North Melbourne,Essendon,North Melbourne,Andrew Swallow,7,5,6,0,0,0,6
2009,4,2009-04-19,Docklands,North Melbourne,Essendon,North Melbourne,Lindsay Thomas,5,5,2,0,1,0,7
2009,4,2009-04-19,Docklands,North Melbourne,Essendon,North Melbourne,Scott Thompson,7,3,6,0,0,0,3
2009,4,2009-04-19,Docklands,North Melbourne,Essendon,North Melbourne,Gavin Urquhart,10,6,8,0,0,0,4
2009,4,2009-04-19,Docklands,North Melbourne,Essendon,North Melbourne,Ben Warren,10,7,3,0,2,0,1
2009,4,2009-04-19,Docklands,North Melbourne,Essendon,North Melbourne,Jack Ziebell,17,6,5,1,0,0,1
2009,4,2009-04-19,Docklands,North Melbourne,Essendon,Essendon,Darcy Daniher,5,2,3,0,0,0,0
2009,4,2009-04-19,Docklands,North Melbourne,Essendon,Essendon,Alwyn Davey,5,2,10,0,0,0,5
2009,4,2009-04-19,Docklands,North Melbourne,Essendon,Essendon,Courtenay Dempsey,4,2,7,0,0,0,3
2009,4,2009-04-19,Docklands,North Melbourne,Essendon,Essendon,Ricky Dyson,7,0,6,0,0,0,5
2009,4,2009-04-19,Docklands,North Melbourne,Essendon,Essendon,Dustin Fletcher,5,2,8,0,0,0,2
2009,4,2009-04-19,Docklands,North Melbourne,Essendon,Essendon,David Hille,5,3,6,0,0,21,0
2009,4,2009-04-19,Docklands,North Melbourne,Essendon,Essendon,Matthew Lloyd,12,8,5,3,2,0,1
2009,4,2009-04-19,Docklands,North Melbourne,Essendon,Essendon,Andrew Lovett,9,1,6,1,2,0,4
2009,4,2009-04-19,Docklands,North Melbourne,Essendon,Essendon,Scott Lucas,14,9,3,0,0,0,2
2009,4,2009-04-19,Docklands,North Melbourne,Essendon,Essendon,Adam McPhee,7,7,7,1,1,0,6
2009,4,2009-04-19,Docklands,North Melbourne,Essendon,Essendon,Mark McVeigh,6,2,7,0,1,0,4
2009,4,2009-04-19,Docklands,North Melbourne,Essendon,Essendon,Angus Monfries,3,2,10,0,0,0,0
2009,4,2009-04-19,Docklands,North Melbourne,Essendon,Essendon,Jay Nash,6,3,4,0,0,0,2
2009,4,2009-04-19,Docklands,North Melbourne,Essendon,Essendon,Tayte Pears,5,1,9,0,0,0,2
2009,4,2009-04-19,Docklands,North Melbourne,Essendon,Essendon,Michael Quinn,3,3,5,0,0,0,0
2009,4,2009-04-19,Docklands,North Melbourne,Essendon,Essendon,Paddy Ryder,5,2,5,0,1,6,2
2009,4,2009-04-19,Docklands,North Melbourne,Essendon,Essendon,Hayden Skipworth,3,1,13,0,0,0,4
2009,4,2009-04-19,Docklands,North Melbourne,Essendon,Essendon,Henry Slattery,4,1,5,0,0,0,3
2009,4,2009-04-19,Docklands,North Melbourne,Essendon,Essendon,Brent Stanton,14,5,12,1,0,0,4
2009,4,2009-04-19,Docklands,North Melbourne,Essendon,Essendon,Jobe Watson,10,0,14,0,2,0,8
2009,4,2009-04-19,Docklands,North Melbourne,Essendon,Essendon,Jason Winderlich,8,5,9,1,0,0,4
2009,4,2009-04-19,Docklands,North Melbourne,Essendon,Essendon,David Zaharakis,10,2,10,0,1,0,2
2009,4,2009-04-19,M.C.G.,Richmond,Melbourne,Richmond,Joel Bowden,28,13,16,0,0,0,0
2009,4,2009-04-19,M.C.G.,Richmond,Melbourne,Richmond,Nathan Brown,6,3,5,2,1,0,3
2009,4,2009-04-19,M.C.G.,Richmond,Melbourne,Richmond,Andrew Collins,9,6,11,2,0,0,2
2009,4,2009-04-19,M.C.G.,Richmond,Melbourne,Richmond,Daniel Connors,4,5,4,0,0,0,1
2009,4,2009-04-19,M.C.G.,Richmond,Melbourne,Richmond,Brett Deledio,12,3,11,1,1,0,1
2009,4,2009-04-19,M.C.G.,Richmond,Melbourne,Richmond,Nathan Foley,11,2,21,0,0,0,3
2009,4,2009-04-19,M.C.G.,Richmond,Melbourne,Richmond,Angus Graham,5,4,3,0,0,11,3
2009,4,2009-04-19,M.C.G.,Richmond,Melbourne,Richmond,Tom Hislop,3,2,4,0,0,0,3
2009,4,2009-04-19,M.C.G.,Richmond,Melbourne,Richmond,Daniel Jackson,13,5,7,0,0,0,5
2009,4,2009-04-19,M.C.G.,Richmond,Melbourne,Richmond,Luke McGuane,9,7,5,1,0,0,3
2009,4,2009-04-19,M.C.G.,Richmond,Melbourne,Richmond,Jordan McMahon,18,13,10,0,0,0,3
2009,4,2009-04-19,M.C.G.,Richmond,Melbourne,Richmond,Kelvin Moore,9,8,10,1,0,0,5
2009,4,2009-04-19,M.C.G.,Richmond,Melbourne,Richmond,Mitch Morton,11,8,3,1,3,0,3
2009,4,2009-04-19,M.C.G.,Richmond,Melbourne,Richmond,Robin Nahas,6,4,6,1,0,0,4
2009,4,2009-04-19,M.C.G.,Richmond,Melbourne,Richmond,Chris Newman,8,4,8,0,0,0,0
2009,4,2009-04-19,M.C.G.,Richmond,Melbourne,Richmond,Dean Polo,9,6,14,0,0,0,2
2009,4,2009-04-19,M.C.G.,Richmond,Melbourne,Richmond,Alex Rance,5,4,14,0,0,1,5
2009,4,2009-04-19,M.C.G.,Richmond,Melbourne,Richmond,Matthew Richardson,15,15,4,4,5,0,0
2009,4,2009-04-19,M.C.G.,Richmond,Melbourne,Richmond,Jack Riewoldt,7,6,2,0,0,0,1
2009,4,2009-04-19,M.C.G.,Richmond,Melbourne,Richmond,Troy Simmonds,4,2,9,0,0,8,1
2009,4,2009-04-19,M.C.G.,Richmond,Melbourne,Richmond,Shane Tuck,11,1,14,0,0,2,4
2009,4,2009-04-19,M.C.G.,Richmond,Melbourne,Richmond,Matt White,7,6,7,0,0,0,4
2009,4,2009-04-19,M.C.G.,Richmond,Melbourne,Melbourne,Clint Bartram,7,3,13,0,0,0,0
2009,4,2009-04-19,M.C.G.,Richmond,Melbourne,Melbourne,Matthew Bate,2,0,7,1,0,0,4
2009,4,2009-04-19,M.C.G.,Richmond,Melbourne,Melbourne,Jamie Bennell,7,3,4,0,0,0,1
2009,4,2009-04-19,M.C.G.,Richmond,Melbourne,Melbourne,Cameron Bruce,16,8,8,0,0,0,1
2009,4,2009-04-19,M.C.G.,Richmond,Melbourne,Melbourne,Aaron Davey,18,4,7,1,0,0,6
2009,4,2009-04-19,M.C.G.,Richmond,Melbourne,Melbourne,Lynden Dunn,5,6,10,1,0,0,2
2009,4,2009-04-19,M.C.G.,Richmond,Melbourne,Melbourne,James Frawley,8,7,7,0,0,0,0
2009,4,2009-04-19,M.C.G.,Richmond,Melbourne,Melbourne,Brad Green,6,3,2,1,0,0,0
2009,4,2009-04-19,M.C.G.,Richmond,Melbourne,Melbourne,Neville Jetta,11,4,2,1,2,0,1
2009,4,2009-04-19,M.C.G.,Richmond,Melbourne,Melbourne,Paul Johnson,11,6,5,0,0,10,3
2009,4,2009-04-19,M.C.G.,Richmond,Melbourne,Melbourne,Nathan Jones,10,2,6,0,1,0,2
2009,4,2009-04-19,M.C.G.,Richmond,Melbourne,Melbourne,Stefan Martin,1,2,10,0,0,0,0
2009,4,2009-04-19,M.C.G.,Richmond,Melbourne,Melbourne,Brock McLean,15,5,8,0,0,1,6
2009,4,2009-04-19,M.C.G.,Richmond,Melbourne,Melbourne,John Meesen,3,5,13,0,0,12,2
2009,4,2009-04-19,M.C.G.,Richmond,Melbourne,Melbourne,Brad Miller,12,10,5,3,3,0,3
2009,4,2009-04-19,M.C.G.,Richmond,Melbourne,Melbourne,Brent Moloney,9,4,7,0,1,0,6
2009,4,2009-04-19,M.C.G.,Richmond,Melbourne,Melbourne,Cale Morton,9,4,11,0,0,1,4
2009,4,2009-04-19,M.C.G.,Richmond,Melbourne,Melbourne,Michael Newton,10,6,2,2,4,2,4
2009,4,2009-04-19,M.C.G.,Richmond,Melbourne,Melbourne,Ricky Petterd,8,5,4,2,2,0,2
2009,4,2009-04-19,M.C.G.,Richmond,Melbourne,Melbourne,Jared Rivers,11,7,4,0,0,0,2
2009,4,2009-04-19,M.C.G.,Richmond,Melbourne,Melbourne,Colin Sylvia,11,6,8,2,0,0,5
2009,4,2009-04-19,M.C.G.,Richmond,Melbourne,Melbourne,Matthew Warnock,8,5,5,0,0,0,2
2009,4,2009-04-19,Subiaco,West Coast,Western Bulldogs,West Coast,Mitch Brown,7,5,7,0,0,0,1
2009,4,2009-04-19,Subiaco,West Coast,Western Bulldogs,West Coast,Dean Cox,12,6,13,0,0,31,3
2009,4,2009-04-19,Subiaco,West Coast,Western Bulldogs,West Coast,Andrew Embley,17,7,11,1,0,1,3
2009,4,2009-04-19,Subiaco,West Coast,Western Bulldogs,West Coast,Darren Glass,2,2,5,0,0,0,1
2009,4,2009-04-19,Subiaco,West Coast,Western Bulldogs,West Coast,Ashley Hansen,9,5,3,1,3,0,0
2009,4,2009-04-19,Subiaco,West Coast,Western Bulldogs,West Coast,Adam Hunter,6,4,3,3,0,0,2
2009,4,2009-04-19,Subiaco,West Coast,Western Bulldogs,West Coast,Shannon Hurn,14,12,6,0,0,0,2
2009,4,2009-04-19,Subiaco,West Coast,Western Bulldogs,West Coast,Brett Jones,6,4,8,0,0,0,4
2009,4,2009-04-19,Subiaco,West Coast,Western Bulldogs,West Coast,Daniel Kerr,7,1,22,1,0,0,4
2009,4,2009-04-19,Subiaco,West Coast,Western Bulldogs,West Coast,Mark LeCras,6,2,1,2,1,0,0
2009,4,2009-04-19,Subiaco,West Coast,Western Bulldogs,West Coast,Quinten Lynch,10,4,5,3,1,3,1
2009,4,2009-04-19,Subiaco,West Coast,Western Bulldogs,West Coast,Eric Mackenzie,5,5,13,0,0,2,2
2009,4,2009-04-19,Subiaco,West Coast,Western Bulldogs,West Coast,Chris Masten,7,1,7,0,0,0,5
2009,4,2009-04-19,Subiaco,West Coast,Western Bulldogs,West Coast,Ben McKinley,10,7,6,2,3,0,1
2009,4,2009-04-19,Subiaco,West Coast,Western Bulldogs,West Coast,Mark Nicoski,13,2,6,0,0,0,3
2009,4,2009-04-19,Subiaco,West Coast,Western Bulldogs,West Coast,Matt Priddis,10,1,17,0,1,0,6
2009,4,2009-04-19,Subiaco,West Coast,Western Bulldogs,West Coast,Matt Rosa,8,5,10,1,0,1,1
2009,4,2009-04-19,Subiaco,West Coast,Western Bulldogs,West Coast,Will Schofield,5,2,2,0,1,0,5
2009,4,2009-04-19,Subiaco,West Coast,Western Bulldogs,West Coast,Adam Selwood,14,3,13,1,1,1,3
2009,4,2009-04-19,Subiaco,West Coast,Western Bulldogs,West Coast,Brent Staker,12,3,8,1,0,1,8
2009,4,2009-04-19,Subiaco,West Coast,Western Bulldogs,West Coast,Tyson Stenglein,1,1,6,0,0,0,4
2009,4,2009-04-19,Subiaco,West Coast,Western Bulldogs,West Coast,David Wirrpanda,20,15,8,1,1,0,7
2009,4,2009-04-19,Subiaco,West Coast,Western Bulldogs,Western Bulldogs,Dylan Addison,8,3,6,0,0,0,1
2009,4,2009-04-19,Subiaco,West Coast,Western Bulldogs,Western Bulldogs,Jason Akermanis,14,2,12,0,2,0,6
2009,4,2009-04-19,Subiaco,West Coast,Western Bulldogs,Western Bulldogs,Matthew Boyd,16,5,14,2,1,2,2
2009,4,2009-04-19,Subiaco,West Coast,Western Bulldogs,Western Bulldogs,Daniel Cross,8,6,16,0,0,1,5
2009,4,2009-04-19,Subiaco,West Coast,Western Bulldogs,Western Bulldogs,Nathan Eagleton,11,8,11,0,1,0,4
2009,4,2009-04-19,Subiaco,West Coast,Western Bulldogs,Western Bulldogs,Daniel Giansiracusa,8,3,8,0,0,0,2
2009,4,2009-04-19,Subiaco,West Coast,Western Bulldogs,Western Bulldogs,Lindsay Gilbee,13,4,6,1,0,0,1
2009,4,2009-04-19,Subiaco,West Coast,Western Bulldogs,Western Bulldogs,Ryan Griffen,14,1,10,1,0,1,1
2009,4,2009-04-19,Subiaco,West Coast,Western Bulldogs,Western Bulldogs,Mitch Hahn,3,3,8,0,0,0,3
2009,4,2009-04-19,Subiaco,West Coast,Western Bulldogs,Western Bulldogs,Jarrod Harbrow,4,1,4,0,1,0,3
2009,4,2009-04-19,Subiaco,West Coast,Western Bulldogs,Western Bulldogs,Ryan Hargrave,19,5,6,0,0,0,2
2009,4,2009-04-19,Subiaco,West Coast,Western Bulldogs,Western Bulldogs,Shaun Higgins,14,6,6,4,2,0,4
2009,4,2009-04-19,Subiaco,West Coast,Western Bulldogs,Western Bulldogs,Josh Hill,8,3,6,1,0,0,1
2009,4,2009-04-19,Subiaco,West Coast,Western Bulldogs,Western Bulldogs,Ben Hudson,3,3,8,0,0,19,6
2009,4,2009-04-19,Subiaco,West Coast,Western Bulldogs,Western Bulldogs,Brad Johnson,14,6,5,1,1,0,1
2009,4,2009-04-19,Subiaco,West Coast,Western Bulldogs,Western Bulldogs,Brian Lake,10,6,8,1,1,0,1
2009,4,2009-04-19,Subiaco,West Coast,Western Bulldogs,Western Bulldogs,Will Minson,5,4,8,0,0,10,2
2009,4,2009-04-19,Subiaco,West Coast,Western Bulldogs,Western Bulldogs,Dale Morris,10,7,10,0,0,0,2
2009,4,2009-04-19,Subiaco,West Coast,Western Bulldogs,Western Bulldogs,Liam Picken,7,2,13,0,0,0,8
2009,4,2009-04-19,Subiaco,West Coast,Western Bulldogs,Western Bulldogs,Stephen Tiller,14,7,3,0,0,0,2
2009,4,2009-04-19,Subiaco,West Coast,Western Bulldogs,Western Bulldogs,Callan Ward,6,4,6,1,0,1,2
2009,4,2009-04-19,Subiaco,West Coast,Western Bulldogs,Western Bulldogs,Tom Williams,8,3,7,0,0,0,2
2009,5,2009-04-24,Football Park,Port Adelaide,St Kilda,Port Adelaide,Travis Boak,15,3,10,0,0,0,4
2009,5,2009-04-24,Football Park,Port Adelaide,St Kilda,Port Adelaide,Dean Brogan,2,2,6,0,0,24,0
2009,5,2009-04-24,Football Park,Port Adelaide,St Kilda,Port Adelaide,Alipate Carlile,9,8,6,0,0,0,0
2009,5,2009-04-24,Football Park,Port Adelaide,St Kilda,Port Adelaide,Josh Carr,3,1,6,0,0,0,4
2009,5,2009-04-24,Football Park,Port Adelaide,St Kilda,Port Adelaide,Domenic Cassisi,14,7,13,0,0,0,9
2009,5,2009-04-24,Football Park,Port Adelaide,St Kilda,Port Adelaide,Troy Chaplin,12,8,8,0,0,0,1
2009,5,2009-04-24,Football Park,Port Adelaide,St Kilda,Port Adelaide,Chad Cornes,13,9,8,1,0,1,0
2009,5,2009-04-24,Football Park,Port Adelaide,St Kilda,Port Adelaide,Kane Cornes,12,4,8,0,0,0,3
2009,5,2009-04-24,Football Park,Port Adelaide,St Kilda,Port Adelaide,Brett Ebert,7,3,4,0,0,0,2
2009,5,2009-04-24,Football Park,Port Adelaide,St Kilda,Port Adelaide,Robbie Gray,5,3,12,0,0,0,3
2009,5,2009-04-24,Football Park,Port Adelaide,St Kilda,Port Adelaide,Hamish Hartlett,12,8,6,0,0,0,0
2009,5,2009-04-24,Football Park,Port Adelaide,St Kilda,Port Adelaide,Nathan Krakouer,15,5,11,0,0,0,1
2009,5,2009-04-24,Football Park,Port Adelaide,St Kilda,Port Adelaide,Brendon Lade,6,4,5,1,0,20,1
2009,5,2009-04-24,Football Park,Port Adelaide,St Kilda,Port Adelaide,Tom Logan,4,1,5,0,0,0,1
2009,5,2009-04-24,Football Park,Port Adelaide,St Kilda,Port Adelaide,Nick Lower,12,2,6,0,1,0,2
2009,5,2009-04-24,Football Park,Port Adelaide,St Kilda,Port Adelaide,Daniel Motlop,8,1,3,1,1,1,4
2009,5,2009-04-24,Football Park,Port Adelaide,St Kilda,Port Adelaide,Danyle Pearce,5,3,7,0,0,0,0
2009,5,2009-04-24,Football Park,Port Adelaide,St Kilda,Port Adelaide,Michael Pettigrew,7,6,8,0,0,0,4
2009,5,2009-04-24,Football Park,Port Adelaide,St Kilda,Port Adelaide,David Rodan,5,1,10,0,0,0,4
2009,5,2009-04-24,Football Park,Port Adelaide,St Kilda,Port Adelaide,Steven Salopek,22,5,5,0,1,0,3
2009,5,2009-04-24,Football Park,Port Adelaide,St Kilda,Port Adelaide,Jacob Surjan,7,4,5,0,0,0,2
2009,5,2009-04-24,Football Park,Port Adelaide,St Kilda,Port Adelaide,Warren Tredrea,5,1,6,2,0,0,2
2009,5,2009-04-24,Football Park,Port Adelaide,St Kilda,St Kilda,Steven Baker,5,3,4,0,0,0,3
2009,5,2009-04-24,Football Park,Port Adelaide,St Kilda,St Kilda,Luke Ball,7,5,12,1,0,0,3
2009,5,2009-04-24,Football Park,Port Adelaide,St Kilda,St Kilda,Jason Blake,7,7,3,0,0,3,1
2009,5,2009-04-24,Football Park,Port Adelaide,St Kilda,St Kilda,Nick Dal Santo,13,3,6,0,1,2,6
2009,5,2009-04-24,Football Park,Port Adelaide,St Kilda,St Kilda,Zac Dawson,3,3,7,0,0,0,3
2009,5,2009-04-24,Football Park,Port Adelaide,St Kilda,St Kilda,Robert Eddy,11,2,9,1,0,0,4
2009,5,2009-04-24,Football Park,Port Adelaide,St Kilda,St Kilda,Sam Fisher,19,8,9,0,0,0,2
2009,5,2009-04-24,Football Park,Port Adelaide,St Kilda,St Kilda,Michael Gardiner,2,2,5,0,0,15,0
2009,5,2009-04-24,Football Park,Port Adelaide,St Kilda,St Kilda,Jarryn Geary,9,3,12,1,1,0,3
2009,5,2009-04-24,Football Park,Port Adelaide,St Kilda,St Kilda,Sam Gilbert,11,8,8,0,0,0,3
2009,5,2009-04-24,Football Park,Port Adelaide,St Kilda,St Kilda,Brendon Goddard,10,3,13,0,0,1,7
2009,5,2009-04-24,Football Park,Port Adelaide,St Kilda,St Kilda,Jason Gram,13,1,17,0,1,0,2
2009,5,2009-04-24,Football Park,Port Adelaide,St Kilda,St Kilda,James Gwilt,9,2,6,1,1,0,2
2009,5,2009-04-24,Football Park,Port Adelaide,St Kilda,St Kilda,Lenny Hayes,18,5,14,1,1,4,7
2009,5,2009-04-24,Football Park,Port Adelaide,St Kilda,St Kilda,Clinton Jones,8,3,14,0,0,0,2
2009,5,2009-04-24,Football Park,Port Adelaide,St Kilda,St Kilda,Steven King,2,1,2,0,0,4,2
2009,5,2009-04-24,Football Park,Port Adelaide,St Kilda,St Kilda,Andrew McQualter,4,1,13,1,0,0,3
2009,5,2009-04-24,Football Park,Port Adelaide,St Kilda,St Kilda,Stephen Milne,11,7,2,3,2,0,4
2009,5,2009-04-24,Football Park,Port Adelaide,St Kilda,St Kilda,Leigh Montagna,13,3,5,0,2,0,5
2009,5,2009-04-24,Football Park,Port Adelaide,St Kilda,St Kilda,Farren Ray,14,4,8,0,2,0,5
2009,5,2009-04-24,Football Park,Port Adelaide,St Kilda,St Kilda,Nick Riewoldt,19,10,4,4,1,0,4
2009,5,2009-04-24,Football Park,Port Adelaide,St Kilda,St Kilda,Adam Schneider,10,5,3,2,0,0,1
2009,5,2009-04-25,M.C.G.,Essendon,Collingwood,Essendon,Alwyn Davey,2,0,7,1,0,0,5
2009,5,2009-04-25,M.C.G.,Essendon,Collingwood,Essendon,Courtenay Dempsey,4,3,6,0,0,0,2
2009,5,2009-04-25,M.C.G.,Essendon,Collingwood,Essendon,Ricky Dyson,19,2,8,2,1,0,3
2009,5,2009-04-25,M.C.G.,Essendon,Collingwood,Essendon,Dustin Fletcher,13,4,7,0,0,2,1
2009,5,2009-04-25,M.C.G.,Essendon,Collingwood,Essendon,David Hille,0,0,0,0,0,0,0
2009,5,2009-04-25,M.C.G.,Essendon,Collingwood,Essendon,Heath Hocking,5,3,9,0,0,0,5
2009,5,2009-04-25,M.C.G.,Essendon,Collingwood,Essendon,Leroy Jetta,4,1,6,1,0,0,4
2009,5,2009-04-25,M.C.G.,Essendon,Collingwood,Essendon,Matthew Lloyd,4,3,3,0,3,0,3
2009,5,2009-04-25,M.C.G.,Essendon,Collingwood,Essendon,Sam Lonergan,3,2,8,1,1,0,1
2009,5,2009-04-25,M.C.G.,Essendon,Collingwood,Essendon,Nathan Lovett-Murray,11,7,13,0,1,0,3
2009,5,2009-04-25,M.C.G.,Essendon,Collingwood,Essendon,Andrew Lovett,14,5,3,2,1,0,2
2009,5,2009-04-25,M.C.G.,Essendon,Collingwood,Essendon,Scott Lucas,9,7,2,0,2,0,3
2009,5,2009-04-25,M.C.G.,Essendon,Collingwood,Essendon,Adam McPhee,16,6,10,1,0,0,3
2009,5,2009-04-25,M.C.G.,Essendon,Collingwood,Essendon,Angus Monfries,6,6,9,1,2,0,4
2009,5,2009-04-25,M.C.G.,Essendon,Collingwood,Essendon,David Myers,6,2,3,0,2,0,1
2009,5,2009-04-25,M.C.G.,Essendon,Collingwood,Essendon,Tayte Pears,5,2,4,0,0,0,1
2009,5,2009-04-25,M.C.G.,Essendon,Collingwood,Essendon,Paddy Ryder,6,1,10,1,0,27,13
2009,5,2009-04-25,M.C.G.,Essendon,Collingwood,Essendon,Henry Slattery,4,3,6,0,0,0,0
2009,5,2009-04-25,M.C.G.,Essendon,Collingwood,Essendon,Brent Stanton,23,8,11,1,0,0,4
2009,5,2009-04-25,M.C.G.,Essendon,Collingwood,Essendon,Jobe Watson,14,3,13,0,1,0,2
2009,5,2009-04-25,M.C.G.,Essendon,Collingwood,Essendon,Jason Winderlich,7,5,11,1,0,0,5
2009,5,2009-04-25,M.C.G.,Essendon,Collingwood,Essendon,David Zaharakis,8,2,2,1,0,0,1
2009,5,2009-04-25,M.C.G.,Essendon,Collingwood,Collingwood,John Anthony,8,7,1,4,1,0,3
2009,5,2009-04-25,M.C.G.,Essendon,Collingwood,Collingwood,Jaxson Barham,10,3,4,0,0,0,3
2009,5,2009-04-25,M.C.G.,Essendon,Collingwood,Collingwood,Dayne Beams,5,4,12,0,1,0,4
2009,5,2009-04-25,M.C.G.,Essendon,Collingwood,Collingwood,Leigh Brown,8,5,4,1,2,4,4
2009,5,2009-04-25,M.C.G.,Essendon,Collingwood,Collingwood,Nathan Brown,3,3,4,0,0,0,3
2009,5,2009-04-25,M.C.G.,Essendon,Collingwood,Collingwood,Martin Clarke,12,4,9,0,2,0,1
2009,5,2009-04-25,M.C.G.,Essendon,Collingwood,Collingwood,Travis Cloke,14,6,1,1,2,1,0
2009,5,2009-04-25,M.C.G.,Essendon,Collingwood,Collingwood,Shannon Cox,9,3,6,0,0,0,5
2009,5,2009-04-25,M.C.G.,Essendon,Collingwood,Collingwood,Leon Davis,22,8,10,2,2,0,7
2009,5,2009-04-25,M.C.G.,Essendon,Collingwood,Collingwood,Josh Fraser,6,2,13,0,0,27,1
2009,5,2009-04-25,M.C.G.,Essendon,Collingwood,Collingwood,Tyson Goldsack,5,2,6,0,0,0,4
2009,5,2009-04-25,M.C.G.,Essendon,Collingwood,Collingwood,Tarkyn Lockyer,12,3,5,0,0,0,3
2009,5,2009-04-25,M.C.G.,Essendon,Collingwood,Collingwood,Heritier Lumumba,12,4,9,0,0,0,1
2009,5,2009-04-25,M.C.G.,Essendon,Collingwood,Collingwood,Brent Macaffer,6,5,5,1,1,0,3
2009,5,2009-04-25,M.C.G.,Essendon,Collingwood,Collingwood,Paul Medhurst,9,4,2,1,2,0,1
2009,5,2009-04-25,M.C.G.,Essendon,Collingwood,Collingwood,Shane OBree,8,4,14,0,0,0,9
2009,5,2009-04-25,M.C.G.,Essendon,Collingwood,Collingwood,Scott Pendlebury,17,6,13,1,0,0,3
2009,5,2009-04-25,M.C.G.,Essendon,Collingwood,Collingwood,Simon Prestigiacomo,1,1,3,0,0,0,1
2009,5,2009-04-25,M.C.G.,Essendon,Collingwood,Collingwood,Anthony Rocca,3,2,2,1,0,1,2
2009,5,2009-04-25,M.C.G.,Essendon,Collingwood,Collingwood,Dane Swan,21,11,16,0,1,0,3
2009,5,2009-04-25,M.C.G.,Essendon,Collingwood,Collingwood,Dale Thomas,13,4,6,0,0,0,5
2009,5,2009-04-25,M.C.G.,Essendon,Collingwood,Collingwood,Alan Toovey,2,2,11,0,0,0,3
2009,5,2009-04-25,York Park,Hawthorn,West Coast,Hawthorn,Chance Bateman,11,4,11,0,0,0,6
2009,5,2009-04-25,York Park,Hawthorn,West Coast,Hawthorn,Campbell Brown,3,2,4,0,0,0,4
2009,5,2009-04-25,York Park,Hawthorn,West Coast,Hawthorn,Robert Campbell,3,3,9,0,0,0,0
2009,5,2009-04-25,York Park,Hawthorn,West Coast,Hawthorn,Stuart Dew,11,3,7,0,2,2,5
2009,5,2009-04-25,York Park,Hawthorn,West Coast,Hawthorn,Beau Dowler,4,3,7,0,0,0,3
2009,5,2009-04-25,York Park,Hawthorn,West Coast,Hawthorn,Lance Franklin,9,4,3,2,3,0,5
2009,5,2009-04-25,York Park,Hawthorn,West Coast,Hawthorn,Luke Hodge,17,4,9,0,0,0,5
2009,5,2009-04-25,York Park,Hawthorn,West Coast,Hawthorn,Jordan Lewis,19,8,15,0,0,3,4
2009,5,2009-04-25,York Park,Hawthorn,West Coast,Hawthorn,Sam Mitchell,22,8,18,0,0,0,4
2009,5,2009-04-25,York Park,Hawthorn,West Coast,Hawthorn,Jarryd Morton,10,9,4,0,0,0,5
2009,5,2009-04-25,York Park,Hawthorn,West Coast,Hawthorn,Garry Moss,20,9,4,4,0,0,1
2009,5,2009-04-25,York Park,Hawthorn,West Coast,Hawthorn,Tom Murphy,12,9,6,0,0,0,4
2009,5,2009-04-25,York Park,Hawthorn,West Coast,Hawthorn,Brent Renouf,4,2,8,0,0,7,4
2009,5,2009-04-25,York Park,Hawthorn,West Coast,Hawthorn,Cyril Rioli,12,4,5,1,2,0,3
2009,5,2009-04-25,York Park,Hawthorn,West Coast,Hawthorn,Jarryd Roughead,8,2,8,4,1,0,3
2009,5,2009-04-25,York Park,Hawthorn,West Coast,Hawthorn,Brad Sewell,19,5,9,0,0,0,8
2009,5,2009-04-25,York Park,Hawthorn,West Coast,Hawthorn,Cameron Stokes,5,1,4,0,0,0,4
2009,5,2009-04-25,York Park,Hawthorn,West Coast,Hawthorn,Simon Taylor,0,3,10,0,0,19,1
2009,5,2009-04-25,York Park,Hawthorn,West Coast,Hawthorn,Travis Tuck,10,3,8,0,0,0,2
2009,5,2009-04-25,York Park,Hawthorn,West Coast,Hawthorn,Brendan Whitecross,11,8,8,0,0,0,1
2009,5,2009-04-25,York Park,Hawthorn,West Coast,Hawthorn,Mark Williams,1,0,2,0,0,0,1
2009,5,2009-04-25,York Park,Hawthorn,West Coast,Hawthorn,Clinton Young,3,2,6,0,0,0,6
2009,5,2009-04-25,York Park,Hawthorn,West Coast,West Coast,Mitch Brown,7,3,10,0,0,0,3
2009,5,2009-04-25,York Park,Hawthorn,West Coast,West Coast,Sam Butler,5,3,10,0,0,0,2
2009,5,2009-04-25,York Park,Hawthorn,West Coast,West Coast,Dean Cox,15,9,15,0,2,31,2
2009,5,2009-04-25,York Park,Hawthorn,West Coast,West Coast,Andrew Embley,19,8,4,1,0,0,2
2009,5,2009-04-25,York Park,Hawthorn,West Coast,West Coast,Darren Glass,2,6,11,0,0,0,1
2009,5,2009-04-25,York Park,Hawthorn,West Coast,West Coast,Ashley Hansen,4,1,6,0,0,0,4
2009,5,2009-04-25,York Park,Hawthorn,West Coast,West Coast,Adam Hunter,7,5,8,1,3,0,0
2009,5,2009-04-25,York Park,Hawthorn,West Coast,West Coast,Shannon Hurn,10,2,8,0,0,0,1
2009,5,2009-04-25,York Park,Hawthorn,West Coast,West Coast,Brett Jones,3,4,7,0,0,0,4
2009,5,2009-04-25,York Park,Hawthorn,West Coast,West Coast,Daniel Kerr,5,1,5,0,0,0,1
2009,5,2009-04-25,York Park,Hawthorn,West Coast,West Coast,Mark LeCras,9,4,3,0,2,0,1
2009,5,2009-04-25,York Park,Hawthorn,West Coast,West Coast,Quinten Lynch,14,4,6,1,0,6,1
2009,5,2009-04-25,York Park,Hawthorn,West Coast,West Coast,Eric Mackenzie,4,3,4,0,0,0,2
2009,5,2009-04-25,York Park,Hawthorn,West Coast,West Coast,Ben McKinley,8,1,4,3,1,0,1
2009,5,2009-04-25,York Park,Hawthorn,West Coast,West Coast,Mark Nicoski,11,5,6,0,1,0,2
2009,5,2009-04-25,York Park,Hawthorn,West Coast,West Coast,Matt Priddis,17,3,15,1,0,0,10
2009,5,2009-04-25,York Park,Hawthorn,West Coast,West Coast,Matt Rosa,18,5,17,0,0,1,4
2009,5,2009-04-25,York Park,Hawthorn,West Coast,West Coast,Will Schofield,3,2,2,0,0,0,0
2009,5,2009-04-25,York Park,Hawthorn,West Coast,West Coast,Adam Selwood,15,5,10,0,1,0,4
2009,5,2009-04-25,York Park,Hawthorn,West Coast,West Coast,Brent Staker,3,0,2,0,0,1,1
2009,5,2009-04-25,York Park,Hawthorn,West Coast,West Coast,Tyson Stenglein,8,4,6,0,0,0,5
2009,5,2009-04-25,York Park,Hawthorn,West Coast,West Coast,David Wirrpanda,19,6,10,0,0,0,1
2009,5,2009-04-25,Docklands,North Melbourne,Richmond,North Melbourne,Aaron Edwards,12,9,3,1,1,0,2
2009,5,2009-04-25,Docklands,North Melbourne,Richmond,North Melbourne,Michael Firrito,6,2,5,0,1,0,4
2009,5,2009-04-25,Docklands,North Melbourne,Richmond,North Melbourne,Josh Gibson,5,3,6,0,0,0,3
2009,5,2009-04-25,Docklands,North Melbourne,Richmond,North Melbourne,Levi Greenwood,11,8,4,0,0,0,2
2009,5,2009-04-25,Docklands,North Melbourne,Richmond,North Melbourne,David Hale,8,4,4,1,0,7,1
2009,5,2009-04-25,Docklands,North Melbourne,Richmond,North Melbourne,Lachlan Hansen,8,4,2,0,0,0,3
2009,5,2009-04-25,Docklands,North Melbourne,Richmond,North Melbourne,Leigh Harding,7,4,5,0,0,0,3
2009,5,2009-04-25,Docklands,North Melbourne,Richmond,North Melbourne,Brent Harvey,0,0,0,0,0,0,0
2009,5,2009-04-25,Docklands,North Melbourne,Richmond,North Melbourne,Ed Lower,8,5,2,0,2,0,2
2009,5,2009-04-25,Docklands,North Melbourne,Richmond,North Melbourne,Hamish McIntosh,6,5,8,0,1,28,1
2009,5,2009-04-25,Docklands,North Melbourne,Richmond,North Melbourne,Scott McMahon,10,7,6,0,0,0,1
2009,5,2009-04-25,Docklands,North Melbourne,Richmond,North Melbourne,Drew Petrie,11,8,6,0,3,8,4
2009,5,2009-04-25,Docklands,North Melbourne,Richmond,North Melbourne,Sam Power,7,5,5,0,1,0,4
2009,5,2009-04-25,Docklands,North Melbourne,Richmond,North Melbourne,Daniel Pratt,9,5,4,0,0,0,3
2009,5,2009-04-25,Docklands,North Melbourne,Richmond,North Melbourne,Brady Rawlings,9,0,7,0,0,0,5
2009,5,2009-04-25,Docklands,North Melbourne,Richmond,North Melbourne,Adam Simpson,9,7,21,0,1,1,6
2009,5,2009-04-25,Docklands,North Melbourne,Richmond,North Melbourne,Andrew Swallow,11,4,9,3,1,0,4
2009,5,2009-04-25,Docklands,North Melbourne,Richmond,North Melbourne,Lindsay Thomas,7,2,2,1,2,0,2
2009,5,2009-04-25,Docklands,North Melbourne,Richmond,North Melbourne,Scott Thompson,6,7,8,0,0,0,2
2009,5,2009-04-25,Docklands,North Melbourne,Richmond,North Melbourne,Gavin Urquhart,19,10,6,0,1,0,3
2009,5,2009-04-25,Docklands,North Melbourne,Richmond,North Melbourne,Ben Warren,9,6,4,1,0,0,1
2009,5,2009-04-25,Docklands,North Melbourne,Richmond,North Melbourne,Jack Ziebell,12,7,5,0,1,0,5
2009,5,2009-04-25,Docklands,North Melbourne,Richmond,Richmond,Joel Bowden,16,10,12,2,0,0,1
2009,5,2009-04-25,Docklands,North Melbourne,Richmond,Richmond,Andrew Collins,6,4,8,1,0,0,0
2009,5,2009-04-25,Docklands,North Melbourne,Richmond,Richmond,Mark Coughlan,9,5,7,0,1,0,5
2009,5,2009-04-25,Docklands,North Melbourne,Richmond,Richmond,Brett Deledio,14,2,11,1,0,0,2
2009,5,2009-04-25,Docklands,North Melbourne,Richmond,Richmond,Nathan Foley,6,2,18,0,0,0,2
2009,5,2009-04-25,Docklands,North Melbourne,Richmond,Richmond,Angus Graham,2,4,11,0,0,16,4
2009,5,2009-04-25,Docklands,North Melbourne,Richmond,Richmond,Daniel Jackson,22,11,11,0,1,0,3
2009,5,2009-04-25,Docklands,North Melbourne,Richmond,Richmond,Luke McGuane,12,9,3,0,0,0,1
2009,5,2009-04-25,Docklands,North Melbourne,Richmond,Richmond,Jordan McMahon,20,9,7,0,1,0,2
2009,5,2009-04-25,Docklands,North Melbourne,Richmond,Richmond,Kelvin Moore,4,5,10,1,0,0,4
2009,5,2009-04-25,Docklands,North Melbourne,Richmond,Richmond,Mitch Morton,14,6,7,1,1,0,2
2009,5,2009-04-25,Docklands,North Melbourne,Richmond,Richmond,Robin Nahas,12,4,5,1,3,0,4
2009,5,2009-04-25,Docklands,North Melbourne,Richmond,Richmond,Chris Newman,14,6,10,1,0,0,3
2009,5,2009-04-25,Docklands,North Melbourne,Richmond,Richmond,Jarrad Oakley-Nicholls,9,9,2,0,0,0,3
2009,5,2009-04-25,Docklands,North Melbourne,Richmond,Richmond,Adam Pattison,2,5,6,0,0,5,0
2009,5,2009-04-25,Docklands,North Melbourne,Richmond,Richmond,Dean Polo,9,6,3,0,0,0,1
2009,5,2009-04-25,Docklands,North Melbourne,Richmond,Richmond,Alex Rance,5,6,13,0,0,0,5
2009,5,2009-04-25,Docklands,North Melbourne,Richmond,Richmond,Matthew Richardson,3,1,2,0,1,1,2
2009,5,2009-04-25,Docklands,North Melbourne,Richmond,Richmond,Jack Riewoldt,14,14,4,3,2,0,2
2009,5,2009-04-25,Docklands,North Melbourne,Richmond,Richmond,Richard Tambling,7,2,9,0,1,0,0
2009,5,2009-04-25,Docklands,North Melbourne,Richmond,Richmond,Shane Tuck,10,4,14,1,0,0,2
2009,5,2009-04-25,Docklands,North Melbourne,Richmond,Richmond,Matt White,10,5,13,1,1,0,6
2009,5,2009-04-25,Subiaco,Fremantle,Sydney,Fremantle,Ryan Crowley,12,5,4,1,0,3,6
2009,5,2009-04-25,Subiaco,Fremantle,Sydney,Fremantle,Steven Dodd,5,1,7,0,0,0,2
2009,5,2009-04-25,Subiaco,Fremantle,Sydney,Fremantle,Paul Duffield,7,3,5,0,0,1,1
2009,5,2009-04-25,Subiaco,Fremantle,Sydney,Fremantle,Antoni Grover,8,6,2,0,0,0,2
2009,5,2009-04-25,Subiaco,Fremantle,Sydney,Fremantle,Paul Hasleby,9,3,4,0,1,0,4
2009,5,2009-04-25,Subiaco,Fremantle,Sydney,Fremantle,Roger Hayden,9,3,8,1,0,0,3
2009,5,2009-04-25,Subiaco,Fremantle,Sydney,Fremantle,Stephen Hill,8,3,6,0,1,0,4
2009,5,2009-04-25,Subiaco,Fremantle,Sydney,Fremantle,Clayton Hinkley,6,3,8,0,0,0,3
2009,5,2009-04-25,Subiaco,Fremantle,Sydney,Fremantle,Garrick Ibbotson,17,8,4,0,0,2,1
2009,5,2009-04-25,Subiaco,Fremantle,Sydney,Fremantle,Michael Johnson,12,5,6,1,2,7,4
2009,5,2009-04-25,Subiaco,Fremantle,Sydney,Fremantle,Luke McPharlin,9,5,7,3,1,0,2
2009,5,2009-04-25,Subiaco,Fremantle,Sydney,Fremantle,David Mundy,13,9,7,3,2,0,7
2009,5,2009-04-25,Subiaco,Fremantle,Sydney,Fremantle,Ryan Murphy,4,1,2,1,1,0,3
2009,5,2009-04-25,Subiaco,Fremantle,Sydney,Fremantle,Rhys Palmer,7,1,10,0,0,0,5
2009,5,2009-04-25,Subiaco,Fremantle,Sydney,Fremantle,Matthew Pavlich,19,3,8,3,1,2,3
2009,5,2009-04-25,Subiaco,Fremantle,Sydney,Fremantle,Brett Peake,6,0,2,2,0,0,3
2009,5,2009-04-25,Subiaco,Fremantle,Sydney,Fremantle,Aaron Sandilands,10,3,8,1,2,46,2
2009,5,2009-04-25,Subiaco,Fremantle,Sydney,Fremantle,Byron Schammer,6,2,6,1,1,0,9
2009,5,2009-04-25,Subiaco,Fremantle,Sydney,Fremantle,Dean Solomon,12,7,6,0,1,1,2
2009,5,2009-04-25,Subiaco,Fremantle,Sydney,Fremantle,Nick Suban,5,0,1,0,0,0,3
2009,5,2009-04-25,Subiaco,Fremantle,Sydney,Fremantle,Chris Tarrant,1,1,4,0,0,0,2
2009,5,2009-04-25,Subiaco,Fremantle,Sydney,Fremantle,Scott Thornton,6,4,5,1,0,0,1
2009,5,2009-04-25,Subiaco,Fremantle,Sydney,Sydney,Luke Ablett,2,0,8,0,0,2,9
2009,5,2009-04-25,Subiaco,Fremantle,Sydney,Sydney,Ed Barlow,9,1,5,1,0,0,3
2009,5,2009-04-25,Subiaco,Fremantle,Sydney,Sydney,Paul Bevan,10,3,7,0,0,0,4
2009,5,2009-04-25,Subiaco,Fremantle,Sydney,Sydney,Craig Bird,6,1,7,0,1,0,3
2009,5,2009-04-25,Subiaco,Fremantle,Sydney,Sydney,Craig Bolton,5,1,9,0,0,0,4
2009,5,2009-04-25,Subiaco,Fremantle,Sydney,Sydney,Jude Bolton,14,2,14,0,0,1,13
2009,5,2009-04-25,Subiaco,Fremantle,Sydney,Sydney,Amon Buchanan,5,4,16,1,1,0,1
2009,5,2009-04-25,Subiaco,Fremantle,Sydney,Sydney,Adam Goodes,15,3,6,3,0,3,8
2009,5,2009-04-25,Subiaco,Fremantle,Sydney,Sydney,Heath Grundy,4,1,6,1,1,0,2
2009,5,2009-04-25,Subiaco,Fremantle,Sydney,Sydney,Kieren Jack,7,0,7,1,0,0,3
2009,5,2009-04-25,Subiaco,Fremantle,Sydney,Sydney,Darren Jolly,5,3,4,1,0,26,3
2009,5,2009-04-25,Subiaco,Fremantle,Sydney,Sydney,Brett Kirk,10,3,17,0,0,0,12
2009,5,2009-04-25,Subiaco,Fremantle,Sydney,Sydney,Nick Malceski,9,5,8,1,0,0,0
2009,5,2009-04-25,Subiaco,Fremantle,Sydney,Sydney,Martin Mattner,10,2,7,1,1,0,6
2009,5,2009-04-25,Subiaco,Fremantle,Sydney,Sydney,Jarrad McVeigh,6,0,9,2,0,0,2
2009,5,2009-04-25,Subiaco,Fremantle,Sydney,Sydney,Brett Meredith,5,1,4,1,0,0,2
2009,5,2009-04-25,Subiaco,Fremantle,Sydney,Sydney,Ryan OKeefe,7,3,7,1,0,0,6
2009,5,2009-04-25,Subiaco,Fremantle,Sydney,Sydney,Ted Richards,2,4,7,0,0,0,3
2009,5,2009-04-25,Subiaco,Fremantle,Sydney,Sydney,Lewis Roberts-Thomson,5,6,10,0,0,0,3
2009,5,2009-04-25,Subiaco,Fremantle,Sydney,Sydney,Rhyce Shaw,9,2,8,1,0,0,5
2009,5,2009-04-25,Subiaco,Fremantle,Sydney,Sydney,Kristin Thornton,5,4,2,1,0,0,0
2009,5,2009-04-25,Subiaco,Fremantle,Sydney,Sydney,Jesse White,4,3,2,0,0,12,0
2009,5,2009-04-26,Kardinia Park,Geelong,Brisbane Lions,Geelong,Gary Ablett,19,3,23,2,0,0,6
2009,5,2009-04-26,Kardinia Park,Geelong,Brisbane Lions,Geelong,Jimmy Bartel,16,4,10,1,1,1,13
2009,5,2009-04-26,Kardinia Park,Geelong,Brisbane Lions,Geelong,Mark Blake,3,5,8,0,0,36,0
2009,5,2009-04-26,Kardinia Park,Geelong,Brisbane Lions,Geelong,Shannon Byrnes,12,6,9,2,1,0,4
2009,5,2009-04-26,Kardinia Park,Geelong,Brisbane Lions,Geelong,Paul Chapman,23,9,11,0,3,0,2
2009,5,2009-04-26,Kardinia Park,Geelong,Brisbane Lions,Geelong,Joel Corey,9,2,13,0,0,3,8
2009,5,2009-04-26,Kardinia Park,Geelong,Brisbane Lions,Geelong,Corey Enright,18,2,11,0,0,0,2
2009,5,2009-04-26,Kardinia Park,Geelong,Brisbane Lions,Geelong,Tom Hawkins,9,7,11,3,2,0,9
2009,5,2009-04-26,Kardinia Park,Geelong,Brisbane Lions,Geelong,David Johnson,8,4,4,0,0,0,1
2009,5,2009-04-26,Kardinia Park,Geelong,Brisbane Lions,Geelong,Steve Johnson,9,4,5,1,1,0,4
2009,5,2009-04-26,Kardinia Park,Geelong,Brisbane Lions,Geelong,James Kelly,14,3,10,0,1,1,1
2009,5,2009-04-26,Kardinia Park,Geelong,Brisbane Lions,Geelong,Andrew Mackie,13,5,13,0,1,0,4
2009,5,2009-04-26,Kardinia Park,Geelong,Brisbane Lions,Geelong,Darren Milburn,12,5,19,0,0,0,4
2009,5,2009-04-26,Kardinia Park,Geelong,Brisbane Lions,Geelong,Cameron Mooney,15,10,7,3,3,0,3
2009,5,2009-04-26,Kardinia Park,Geelong,Brisbane Lions,Geelong,Shane Mumford,1,2,8,0,0,23,10
2009,5,2009-04-26,Kardinia Park,Geelong,Brisbane Lions,Geelong,Max Rooke,6,2,9,2,0,1,9
2009,5,2009-04-26,Kardinia Park,Geelong,Brisbane Lions,Geelong,Matthew Scarlett,11,5,7,0,0,0,0
2009,5,2009-04-26,Kardinia Park,Geelong,Brisbane Lions,Geelong,Joel Selwood,12,2,19,0,0,0,3
2009,5,2009-04-26,Kardinia Park,Geelong,Brisbane Lions,Geelong,Mathew Stokes,13,4,11,3,1,0,2
2009,5,2009-04-26,Kardinia Park,Geelong,Brisbane Lions,Geelong,Harry Taylor,7,3,15,0,0,0,0
2009,5,2009-04-26,Kardinia Park,Geelong,Brisbane Lions,Geelong,Travis Varcoe,6,2,7,1,3,0,3
2009,5,2009-04-26,Kardinia Park,Geelong,Brisbane Lions,Geelong,David Wojcinski,12,4,12,0,0,0,2
2009,5,2009-04-26,Kardinia Park,Geelong,Brisbane Lions,Brisbane Lions,Jed Adcock,9,0,4,0,0,0,12
2009,5,2009-04-26,Kardinia Park,Geelong,Brisbane Lions,Brisbane Lions,Simon Black,8,1,16,0,0,1,6
2009,5,2009-04-26,Kardinia Park,Geelong,Brisbane Lions,Brisbane Lions,Daniel Bradshaw,9,5,1,0,0,1,1
2009,5,2009-04-26,Kardinia Park,Geelong,Brisbane Lions,Brisbane Lions,Jared Brennan,11,2,6,0,0,4,11
2009,5,2009-04-26,Kardinia Park,Geelong,Brisbane Lions,Brisbane Lions,Jonathan Brown,6,4,3,3,0,0,3
2009,5,2009-04-26,Kardinia Park,Geelong,Brisbane Lions,Brisbane Lions,Mitch Clark,6,1,0,0,0,10,8
2009,5,2009-04-26,Kardinia Park,Geelong,Brisbane Lions,Brisbane Lions,Tom Collier,4,1,5,0,0,0,6
2009,5,2009-04-26,Kardinia Park,Geelong,Brisbane Lions,Brisbane Lions,Bradd Dalziell,4,3,7,0,0,0,3
2009,5,2009-04-26,Kardinia Park,Geelong,Brisbane Lions,Brisbane Lions,Josh Drummond,10,4,6,0,1,0,5
2009,5,2009-04-26,Kardinia Park,Geelong,Brisbane Lions,Brisbane Lions,Lachie Henderson,1,2,5,0,0,0,7
2009,5,2009-04-26,Kardinia Park,Geelong,Brisbane Lions,Brisbane Lions,Travis Johnstone,10,2,5,0,0,0,2
2009,5,2009-04-26,Kardinia Park,Geelong,Brisbane Lions,Brisbane Lions,Joel Macdonald,7,3,4,0,0,0,2
2009,5,2009-04-26,Kardinia Park,Geelong,Brisbane Lions,Brisbane Lions,Ashley McGrath,7,3,1,0,0,0,1
2009,5,2009-04-26,Kardinia Park,Geelong,Brisbane Lions,Brisbane Lions,Daniel Merrett,3,1,4,0,0,0,5
2009,5,2009-04-26,Kardinia Park,Geelong,Brisbane Lions,Brisbane Lions,Joel Patfull,5,2,7,0,0,0,2
2009,5,2009-04-26,Kardinia Park,Geelong,Brisbane Lions,Brisbane Lions,James Polkinghorne,3,0,6,0,0,0,7
2009,5,2009-04-26,Kardinia Park,Geelong,Brisbane Lions,Brisbane Lions,Luke Power,13,3,7,0,0,0,5
2009,5,2009-04-26,Kardinia Park,Geelong,Brisbane Lions,Brisbane Lions,Daniel Rich,6,2,6,1,0,0,2
2009,5,2009-04-26,Kardinia Park,Geelong,Brisbane Lions,Brisbane Lions,Michael Rischitelli,4,2,1,0,0,0,6
2009,5,2009-04-26,Kardinia Park,Geelong,Brisbane Lions,Brisbane Lions,Jason Roe,9,4,1,0,0,0,4
2009,5,2009-04-26,Kardinia Park,Geelong,Brisbane Lions,Brisbane Lions,Troy Selwood,7,1,5,0,0,0,3
2009,5,2009-04-26,Kardinia Park,Geelong,Brisbane Lions,Brisbane Lions,Justin Sherman,8,3,7,1,1,0,6
2009,5,2009-04-26,Docklands,Western Bulldogs,Carlton,Western Bulldogs,Dylan Addison,3,3,3,0,0,0,4
2009,5,2009-04-26,Docklands,Western Bulldogs,Carlton,Western Bulldogs,Matthew Boyd,14,5,12,2,0,0,5
2009,5,2009-04-26,Docklands,Western Bulldogs,Carlton,Western Bulldogs,Daniel Cross,4,4,17,0,0,3,4
2009,5,2009-04-26,Docklands,Western Bulldogs,Carlton,Western Bulldogs,Nathan Eagleton,9,4,6,0,2,0,1
2009,5,2009-04-26,Docklands,Western Bulldogs,Carlton,Western Bulldogs,Daniel Giansiracusa,12,6,6,2,0,1,3
2009,5,2009-04-26,Docklands,Western Bulldogs,Carlton,Western Bulldogs,Lindsay Gilbee,6,2,8,0,1,0,3
2009,5,2009-04-26,Docklands,Western Bulldogs,Carlton,Western Bulldogs,Jarrad Grant,1,2,7,0,1,0,1
2009,5,2009-04-26,Docklands,Western Bulldogs,Carlton,Western Bulldogs,Ryan Griffen,16,2,4,1,0,1,1
2009,5,2009-04-26,Docklands,Western Bulldogs,Carlton,Western Bulldogs,Mitch Hahn,5,3,6,1,0,0,2
2009,5,2009-04-26,Docklands,Western Bulldogs,Carlton,Western Bulldogs,Jarrod Harbrow,8,3,4,0,0,0,2
2009,5,2009-04-26,Docklands,Western Bulldogs,Carlton,Western Bulldogs,Ryan Hargrave,13,6,6,0,0,0,1
2009,5,2009-04-26,Docklands,Western Bulldogs,Carlton,Western Bulldogs,Shaun Higgins,18,6,9,1,2,0,2
2009,5,2009-04-26,Docklands,Western Bulldogs,Carlton,Western Bulldogs,Josh Hill,13,6,10,1,1,0,7
2009,5,2009-04-26,Docklands,Western Bulldogs,Carlton,Western Bulldogs,Ben Hudson,4,5,13,0,0,16,3
2009,5,2009-04-26,Docklands,Western Bulldogs,Carlton,Western Bulldogs,Brad Johnson,15,8,8,4,1,0,0
2009,5,2009-04-26,Docklands,Western Bulldogs,Carlton,Western Bulldogs,Brian Lake,6,3,9,0,1,0,0
2009,5,2009-04-26,Docklands,Western Bulldogs,Carlton,Western Bulldogs,Will Minson,3,4,9,0,0,14,2
2009,5,2009-04-26,Docklands,Western Bulldogs,Carlton,Western Bulldogs,Dale Morris,1,2,5,0,0,0,1
2009,5,2009-04-26,Docklands,Western Bulldogs,Carlton,Western Bulldogs,Robert Murphy,8,4,5,0,0,0,0
2009,5,2009-04-26,Docklands,Western Bulldogs,Carlton,Western Bulldogs,Liam Picken,5,3,10,1,0,0,9
2009,5,2009-04-26,Docklands,Western Bulldogs,Carlton,Western Bulldogs,Callan Ward,3,0,5,0,0,0,5
2009,5,2009-04-26,Docklands,Western Bulldogs,Carlton,Western Bulldogs,Tom Williams,7,2,3,0,0,0,1
2009,5,2009-04-26,Docklands,Western Bulldogs,Carlton,Carlton,Dennis Armfield,5,6,12,0,0,0,3
2009,5,2009-04-26,Docklands,Western Bulldogs,Carlton,Carlton,Eddie Betts,9,5,4,3,0,0,1
2009,5,2009-04-26,Docklands,Western Bulldogs,Carlton,Carlton,Paul Bower,7,6,12,0,0,0,1
2009,5,2009-04-26,Docklands,Western Bulldogs,Carlton,Carlton,Andrew Carrazzo,5,3,10,1,0,0,1
2009,5,2009-04-26,Docklands,Western Bulldogs,Carlton,Carlton,Cameron Cloke,11,10,5,2,1,6,1
2009,5,2009-04-26,Docklands,Western Bulldogs,Carlton,Carlton,Brendan Fevola,9,6,2,3,0,0,4
2009,5,2009-04-26,Docklands,Western Bulldogs,Carlton,Carlton,Bryce Gibbs,13,10,12,1,2,0,6
2009,5,2009-04-26,Docklands,Western Bulldogs,Carlton,Carlton,Ryan Houlihan,15,8,14,2,1,0,4
2009,5,2009-04-26,Docklands,Western Bulldogs,Carlton,Carlton,Michael Jamison,6,3,4,0,0,0,1
2009,5,2009-04-26,Docklands,Western Bulldogs,Carlton,Carlton,Chris Johnson,6,6,3,0,0,0,1
2009,5,2009-04-26,Docklands,Western Bulldogs,Carlton,Carlton,Aaron Joseph,6,3,5,0,0,0,2
2009,5,2009-04-26,Docklands,Western Bulldogs,Carlton,Carlton,Chris Judd,13,0,10,0,0,0,3
2009,5,2009-04-26,Docklands,Western Bulldogs,Carlton,Carlton,Matthew Kreuzer,9,4,8,2,0,14,4
2009,5,2009-04-26,Docklands,Western Bulldogs,Carlton,Carlton,Marc Murphy,14,3,11,1,0,0,2
2009,5,2009-04-26,Docklands,Western Bulldogs,Carlton,Carlton,Setanta OhAilpin,9,4,6,1,1,2,0
2009,5,2009-04-26,Docklands,Western Bulldogs,Carlton,Carlton,Jordan Russell,10,9,9,2,0,0,6
2009,5,2009-04-26,Docklands,Western Bulldogs,Carlton,Carlton,Heath Scotland,16,6,10,0,0,0,6
2009,5,2009-04-26,Docklands,Western Bulldogs,Carlton,Carlton,Kade Simpson,18,8,11,2,0,0,5
2009,5,2009-04-26,Docklands,Western Bulldogs,Carlton,Carlton,Nick Stevens,6,1,6,0,0,0,2
2009,5,2009-04-26,Docklands,Western Bulldogs,Carlton,Carlton,Bret Thornton,16,14,11,0,0,0,3
2009,5,2009-04-26,Docklands,Western Bulldogs,Carlton,Carlton,Jarrad Waite,16,7,9,1,0,0,1
2009,5,2009-04-26,Docklands,Western Bulldogs,Carlton,Carlton,Simon Wiggins,10,11,8,0,1,0,3
2009,5,2009-04-26,M.C.G.,Melbourne,Adelaide,Melbourne,Clint Bartram,4,1,8,0,1,0,1
2009,5,2009-04-26,M.C.G.,Melbourne,Adelaide,Melbourne,Matthew Bate,4,4,7,0,1,0,1
2009,5,2009-04-26,M.C.G.,Melbourne,Adelaide,Melbourne,Jamie Bennell,7,0,7,0,0,0,3
2009,5,2009-04-26,M.C.G.,Melbourne,Adelaide,Melbourne,Cameron Bruce,7,4,19,0,0,0,5
2009,5,2009-04-26,M.C.G.,Melbourne,Adelaide,Melbourne,Aaron Davey,18,2,9,0,0,0,4
2009,5,2009-04-26,M.C.G.,Melbourne,Adelaide,Melbourne,Lynden Dunn,6,5,5,2,0,0,1
2009,5,2009-04-26,M.C.G.,Melbourne,Adelaide,Melbourne,James Frawley,10,4,8,0,1,0,4
2009,5,2009-04-26,M.C.G.,Melbourne,Adelaide,Melbourne,Neville Jetta,7,2,5,0,1,0,1
2009,5,2009-04-26,M.C.G.,Melbourne,Adelaide,Melbourne,Paul Johnson,7,3,7,0,0,15,3
2009,5,2009-04-26,M.C.G.,Melbourne,Adelaide,Melbourne,Nathan Jones,7,3,14,0,0,0,3
2009,5,2009-04-26,M.C.G.,Melbourne,Adelaide,Melbourne,Stefan Martin,3,2,3,0,0,0,0
2009,5,2009-04-26,M.C.G.,Melbourne,Adelaide,Melbourne,James McDonald,4,3,9,1,0,0,2
2009,5,2009-04-26,M.C.G.,Melbourne,Adelaide,Melbourne,Brock McLean,12,6,17,1,1,0,8
2009,5,2009-04-26,M.C.G.,Melbourne,Adelaide,Melbourne,John Meesen,3,3,6,0,0,9,0
2009,5,2009-04-26,M.C.G.,Melbourne,Adelaide,Melbourne,Brad Miller,5,4,1,0,2,3,1
2009,5,2009-04-26,M.C.G.,Melbourne,Adelaide,Melbourne,Brent Moloney,11,3,18,0,0,0,8
2009,5,2009-04-26,M.C.G.,Melbourne,Adelaide,Melbourne,Cale Morton,12,6,16,0,0,0,2
2009,5,2009-04-26,M.C.G.,Melbourne,Adelaide,Melbourne,Michael Newton,4,1,2,0,3,2,4
2009,5,2009-04-26,M.C.G.,Melbourne,Adelaide,Melbourne,Ricky Petterd,11,9,7,0,0,0,0
2009,5,2009-04-26,M.C.G.,Melbourne,Adelaide,Melbourne,Jared Rivers,7,2,8,0,0,0,4
2009,5,2009-04-26,M.C.G.,Melbourne,Adelaide,Melbourne,Colin Sylvia,8,4,11,0,0,0,4
2009,5,2009-04-26,M.C.G.,Melbourne,Adelaide,Melbourne,Matthew Warnock,5,6,8,0,0,0,2
2009,5,2009-04-26,M.C.G.,Melbourne,Adelaide,Adelaide,Nathan Bock,15,12,11,0,0,0,2
2009,5,2009-04-26,M.C.G.,Melbourne,Adelaide,Adelaide,Myke Cook,7,4,3,0,0,0,3
2009,5,2009-04-26,M.C.G.,Melbourne,Adelaide,Adelaide,Patrick Dangerfield,1,1,11,0,0,0,2
2009,5,2009-04-26,M.C.G.,Melbourne,Adelaide,Adelaide,Michael Doughty,3,2,12,0,0,1,8
2009,5,2009-04-26,M.C.G.,Melbourne,Adelaide,Adelaide,Richard Douglas,7,3,9,0,0,0,4
2009,5,2009-04-26,M.C.G.,Melbourne,Adelaide,Adelaide,Tyson Edwards,12,7,10,0,0,0,6
2009,5,2009-04-26,M.C.G.,Melbourne,Adelaide,Adelaide,Simon Goodwin,15,10,20,0,0,0,3
2009,5,2009-04-26,M.C.G.,Melbourne,Adelaide,Adelaide,Jonathon Griffin,4,1,5,0,0,22,4
2009,5,2009-04-26,M.C.G.,Melbourne,Adelaide,Adelaide,Graham Johncock,18,9,7,1,1,0,0
2009,5,2009-04-26,M.C.G.,Melbourne,Adelaide,Adelaide,David Mackay,7,3,4,0,0,0,7
2009,5,2009-04-26,M.C.G.,Melbourne,Adelaide,Adelaide,Andrew McLeod,16,3,9,1,0,0,1
2009,5,2009-04-26,M.C.G.,Melbourne,Adelaide,Adelaide,Andy Otten,8,6,15,0,0,0,4
2009,5,2009-04-26,M.C.G.,Melbourne,Adelaide,Adelaide,Jared Petrenko,2,1,3,0,0,0,0
2009,5,2009-04-26,M.C.G.,Melbourne,Adelaide,Adelaide,Jason Porplyzia,5,0,3,1,0,0,7
2009,5,2009-04-26,M.C.G.,Melbourne,Adelaide,Adelaide,Brent Reilly,10,5,7,0,1,0,4
2009,5,2009-04-26,M.C.G.,Melbourne,Adelaide,Adelaide,Ben Rutten,13,11,17,0,0,0,3
2009,5,2009-04-26,M.C.G.,Melbourne,Adelaide,Adelaide,Scott Stevens,9,5,4,1,0,1,3
2009,5,2009-04-26,M.C.G.,Melbourne,Adelaide,Adelaide,Scott Thompson,8,6,21,0,1,0,8
2009,5,2009-04-26,M.C.G.,Melbourne,Adelaide,Adelaide,Kurt Tippett,11,5,8,2,0,19,4
2009,5,2009-04-26,M.C.G.,Melbourne,Adelaide,Adelaide,Nathan van Berlo,8,5,15,0,1,2,4
2009,5,2009-04-26,M.C.G.,Melbourne,Adelaide,Adelaide,Bernie Vince,16,3,17,0,1,1,6
2009,5,2009-04-26,M.C.G.,Melbourne,Adelaide,Adelaide,Taylor Walker,3,3,2,1,2,0,1
2009,6,2009-05-01,Docklands,North Melbourne,Collingwood,North Melbourne,Aaron Edwards,10,7,2,4,1,0,0
2009,6,2009-05-01,Docklands,North Melbourne,Collingwood,North Melbourne,Michael Firrito,10,7,13,1,0,0,4
2009,6,2009-05-01,Docklands,North Melbourne,Collingwood,North Melbourne,Josh Gibson,7,6,16,0,0,0,3
2009,6,2009-05-01,Docklands,North Melbourne,Collingwood,North Melbourne,Levi Greenwood,10,2,4,0,0,0,2
2009,6,2009-05-01,Docklands,North Melbourne,Collingwood,North Melbourne,David Hale,6,4,6,0,0,12,2
2009,6,2009-05-01,Docklands,North Melbourne,Collingwood,North Melbourne,Leigh Harding,9,5,9,1,0,0,3
2009,6,2009-05-01,Docklands,North Melbourne,Collingwood,North Melbourne,Daniel Harris,7,3,15,0,0,0,2
2009,6,2009-05-01,Docklands,North Melbourne,Collingwood,North Melbourne,Ed Lower,3,0,7,0,1,0,2
2009,6,2009-05-01,Docklands,North Melbourne,Collingwood,North Melbourne,Hamish McIntosh,9,5,11,2,0,28,3
2009,6,2009-05-01,Docklands,North Melbourne,Collingwood,North Melbourne,Scott McMahon,5,5,4,0,0,0,0
2009,6,2009-05-01,Docklands,North Melbourne,Collingwood,North Melbourne,Drew Petrie,8,4,9,1,2,6,6
2009,6,2009-05-01,Docklands,North Melbourne,Collingwood,North Melbourne,Sam Power,13,7,11,0,0,0,4
2009,6,2009-05-01,Docklands,North Melbourne,Collingwood,North Melbourne,Daniel Pratt,1,1,3,0,0,0,0
2009,6,2009-05-01,Docklands,North Melbourne,Collingwood,North Melbourne,Brady Rawlings,6,2,21,0,0,0,5
2009,6,2009-05-01,Docklands,North Melbourne,Collingwood,North Melbourne,Adam Simpson,11,5,23,0,0,1,4
2009,6,2009-05-01,Docklands,North Melbourne,Collingwood,North Melbourne,Andrew Swallow,5,2,18,0,1,0,4
2009,6,2009-05-01,Docklands,North Melbourne,Collingwood,North Melbourne,Lindsay Thomas,6,2,3,1,0,0,3
2009,6,2009-05-01,Docklands,North Melbourne,Collingwood,North Melbourne,Scott Thompson,2,0,5,0,0,0,1
2009,6,2009-05-01,Docklands,North Melbourne,Collingwood,North Melbourne,Gavin Urquhart,16,8,12,0,1,0,2
2009,6,2009-05-01,Docklands,North Melbourne,Collingwood,North Melbourne,Ben Warren,7,5,6,1,0,1,0
2009,6,2009-05-01,Docklands,North Melbourne,Collingwood,North Melbourne,Shannon Watt,4,1,3,0,0,1,1
2009,6,2009-05-01,Docklands,North Melbourne,Collingwood,North Melbourne,Jack Ziebell,13,3,8,0,0,0,2
2009,6,2009-05-01,Docklands,North Melbourne,Collingwood,Collingwood,John Anthony,5,3,0,3,0,0,2
2009,6,2009-05-01,Docklands,North Melbourne,Collingwood,Collingwood,Jaxson Barham,9,2,8,0,0,0,4
2009,6,2009-05-01,Docklands,North Melbourne,Collingwood,Collingwood,Dayne Beams,4,3,5,0,0,0,1
2009,6,2009-05-01,Docklands,North Melbourne,Collingwood,Collingwood,Leigh Brown,1,1,6,0,0,3,2
2009,6,2009-05-01,Docklands,North Melbourne,Collingwood,Collingwood,Nathan Brown,2,1,3,1,0,0,3
2009,6,2009-05-01,Docklands,North Melbourne,Collingwood,Collingwood,Martin Clarke,9,3,4,0,1,0,3
2009,6,2009-05-01,Docklands,North Melbourne,Collingwood,Collingwood,Travis Cloke,8,6,4,1,2,2,1
2009,6,2009-05-01,Docklands,North Melbourne,Collingwood,Collingwood,Anthony Corrie,11,6,9,2,0,0,4
2009,6,2009-05-01,Docklands,North Melbourne,Collingwood,Collingwood,Leon Davis,22,8,5,2,1,0,6
2009,6,2009-05-01,Docklands,North Melbourne,Collingwood,Collingwood,Josh Fraser,12,8,13,0,0,18,1
2009,6,2009-05-01,Docklands,North Melbourne,Collingwood,Collingwood,Tarkyn Lockyer,18,8,7,4,1,0,5
2009,6,2009-05-01,Docklands,North Melbourne,Collingwood,Collingwood,Heritier Lumumba,8,5,7,0,0,0,2
2009,6,2009-05-01,Docklands,North Melbourne,Collingwood,Collingwood,Brent Macaffer,3,2,7,1,1,0,4
2009,6,2009-05-01,Docklands,North Melbourne,Collingwood,Collingwood,Nick Maxwell,11,9,11,1,0,0,3
2009,6,2009-05-01,Docklands,North Melbourne,Collingwood,Collingwood,Paul Medhurst,8,6,2,1,1,0,1
2009,6,2009-05-01,Docklands,North Melbourne,Collingwood,Collingwood,Shane OBree,10,3,15,0,0,0,6
2009,6,2009-05-01,Docklands,North Melbourne,Collingwood,Collingwood,Scott Pendlebury,19,6,12,0,0,0,2
2009,6,2009-05-01,Docklands,North Melbourne,Collingwood,Collingwood,Simon Prestigiacomo,3,3,6,0,0,0,3
2009,6,2009-05-01,Docklands,North Melbourne,Collingwood,Collingwood,Dane Swan,19,7,14,1,0,0,2
2009,6,2009-05-01,Docklands,North Melbourne,Collingwood,Collingwood,Dale Thomas,11,5,9,1,1,0,2
2009,6,2009-05-01,Docklands,North Melbourne,Collingwood,Collingwood,Alan Toovey,12,5,6,0,1,0,2
2009,6,2009-05-01,Docklands,North Melbourne,Collingwood,Collingwood,Sharrod Wellingham,13,7,10,1,0,0,1
2009,6,2009-05-02,M.C.G.,Hawthorn,Carlton,Hawthorn,Chance Bateman,7,3,12,0,2,1,3
2009,6,2009-05-02,M.C.G.,Hawthorn,Carlton,Hawthorn,Campbell Brown,7,2,3,1,0,0,5
2009,6,2009-05-02,M.C.G.,Hawthorn,Carlton,Hawthorn,Robert Campbell,6,8,6,0,0,0,0
2009,6,2009-05-02,M.C.G.,Hawthorn,Carlton,Hawthorn,Stuart Dew,12,3,6,2,0,0,1
2009,6,2009-05-02,M.C.G.,Hawthorn,Carlton,Hawthorn,Beau Dowler,13,8,11,0,0,0,2
2009,6,2009-05-02,M.C.G.,Hawthorn,Carlton,Hawthorn,Lance Franklin,7,4,7,2,1,0,0
2009,6,2009-05-02,M.C.G.,Hawthorn,Carlton,Hawthorn,Brent Guerra,11,5,5,0,0,0,0
2009,6,2009-05-02,M.C.G.,Hawthorn,Carlton,Hawthorn,Luke Hodge,5,2,11,0,0,0,5
2009,6,2009-05-02,M.C.G.,Hawthorn,Carlton,Hawthorn,Jordan Lewis,11,6,16,0,0,2,2
2009,6,2009-05-02,M.C.G.,Hawthorn,Carlton,Hawthorn,Sam Mitchell,14,6,21,0,0,0,6
2009,6,2009-05-02,M.C.G.,Hawthorn,Carlton,Hawthorn,Jarryd Morton,6,0,4,0,0,0,6
2009,6,2009-05-02,M.C.G.,Hawthorn,Carlton,Hawthorn,Garry Moss,7,3,7,1,0,0,1
2009,6,2009-05-02,M.C.G.,Hawthorn,Carlton,Hawthorn,Tom Murphy,10,8,11,0,0,0,1
2009,6,2009-05-02,M.C.G.,Hawthorn,Carlton,Hawthorn,Michael Osborne,9,6,4,1,0,0,2
2009,6,2009-05-02,M.C.G.,Hawthorn,Carlton,Hawthorn,Brent Renouf,1,1,5,0,0,15,2
2009,6,2009-05-02,M.C.G.,Hawthorn,Carlton,Hawthorn,Cyril Rioli,11,3,5,0,2,0,8
2009,6,2009-05-02,M.C.G.,Hawthorn,Carlton,Hawthorn,Jarryd Roughead,15,11,5,8,2,3,1
2009,6,2009-05-02,M.C.G.,Hawthorn,Carlton,Hawthorn,Brad Sewell,17,6,15,0,0,0,10
2009,6,2009-05-02,M.C.G.,Hawthorn,Carlton,Hawthorn,Simon Taylor,2,1,5,0,0,30,3
2009,6,2009-05-02,M.C.G.,Hawthorn,Carlton,Hawthorn,Travis Tuck,7,6,18,0,0,0,3
2009,6,2009-05-02,M.C.G.,Hawthorn,Carlton,Hawthorn,Brendan Whitecross,8,7,9,0,0,0,6
2009,6,2009-05-02,M.C.G.,Hawthorn,Carlton,Hawthorn,Mark Williams,13,9,6,1,0,0,0
2009,6,2009-05-02,M.C.G.,Hawthorn,Carlton,Carlton,Dennis Armfield,5,4,9,0,0,0,2
2009,6,2009-05-02,M.C.G.,Hawthorn,Carlton,Carlton,Greg Bentley,5,3,4,0,0,0,3
2009,6,2009-05-02,M.C.G.,Hawthorn,Carlton,Carlton,Eddie Betts,9,2,7,2,2,0,1
2009,6,2009-05-02,M.C.G.,Hawthorn,Carlton,Carlton,Paul Bower,6,2,12,0,0,0,3
2009,6,2009-05-02,M.C.G.,Hawthorn,Carlton,Carlton,Andrew Carrazzo,8,4,11,1,1,0,4
2009,6,2009-05-02,M.C.G.,Hawthorn,Carlton,Carlton,Cameron Cloke,3,2,4,0,0,10,3
2009,6,2009-05-02,M.C.G.,Hawthorn,Carlton,Carlton,Brendan Fevola,15,10,2,8,4,0,0
2009,6,2009-05-02,M.C.G.,Hawthorn,Carlton,Carlton,Bryce Gibbs,15,2,10,0,0,0,7
2009,6,2009-05-02,M.C.G.,Hawthorn,Carlton,Carlton,Ryan Houlihan,5,4,14,0,0,0,5
2009,6,2009-05-02,M.C.G.,Hawthorn,Carlton,Carlton,Michael Jamison,5,4,5,0,0,0,1
2009,6,2009-05-02,M.C.G.,Hawthorn,Carlton,Carlton,Aaron Joseph,2,1,10,0,0,0,2
2009,6,2009-05-02,M.C.G.,Hawthorn,Carlton,Carlton,Chris Judd,16,4,18,0,0,0,2
2009,6,2009-05-02,M.C.G.,Hawthorn,Carlton,Carlton,Matthew Kreuzer,2,1,14,0,0,22,6
2009,6,2009-05-02,M.C.G.,Hawthorn,Carlton,Carlton,Marc Murphy,12,2,21,0,2,0,5
2009,6,2009-05-02,M.C.G.,Hawthorn,Carlton,Carlton,Setanta OhAilpin,4,0,6,1,0,3,2
2009,6,2009-05-02,M.C.G.,Hawthorn,Carlton,Carlton,Jordan Russell,7,5,7,0,0,0,3
2009,6,2009-05-02,M.C.G.,Hawthorn,Carlton,Carlton,Heath Scotland,9,2,11,1,0,0,4
2009,6,2009-05-02,M.C.G.,Hawthorn,Carlton,Carlton,Kade Simpson,7,5,11,1,0,0,3
2009,6,2009-05-02,M.C.G.,Hawthorn,Carlton,Carlton,Nick Stevens,14,2,12,1,0,0,5
2009,6,2009-05-02,M.C.G.,Hawthorn,Carlton,Carlton,Bret Thornton,7,6,5,0,0,0,0
2009,6,2009-05-02,M.C.G.,Hawthorn,Carlton,Carlton,Jarrad Waite,16,8,6,0,0,0,0
2009,6,2009-05-02,M.C.G.,Hawthorn,Carlton,Carlton,Simon Wiggins,2,2,8,0,0,0,8
2009,6,2009-05-02,Subiaco,West Coast,Fremantle,West Coast,Mitch Brown,3,4,15,0,0,0,2
2009,6,2009-05-02,Subiaco,West Coast,Fremantle,West Coast,Sam Butler,6,3,7,0,0,0,1
2009,6,2009-05-02,Subiaco,West Coast,Fremantle,West Coast,Adam Cockie,7,4,5,0,2,0,4
2009,6,2009-05-02,Subiaco,West Coast,Fremantle,West Coast,Dean Cox,16,7,8,0,1,19,1
2009,6,2009-05-02,Subiaco,West Coast,Fremantle,West Coast,Andrew Embley,7,2,8,2,0,0,2
2009,6,2009-05-02,Subiaco,West Coast,Fremantle,West Coast,Darren Glass,5,4,9,0,0,0,2
2009,6,2009-05-02,Subiaco,West Coast,Fremantle,West Coast,Ashley Hansen,8,3,2,0,2,0,2
2009,6,2009-05-02,Subiaco,West Coast,Fremantle,West Coast,Adam Hunter,8,3,1,1,1,0,4
2009,6,2009-05-02,Subiaco,West Coast,Fremantle,West Coast,Shannon Hurn,11,1,10,1,0,0,0
2009,6,2009-05-02,Subiaco,West Coast,Fremantle,West Coast,Brett Jones,6,3,6,0,0,0,0
2009,6,2009-05-02,Subiaco,West Coast,Fremantle,West Coast,Daniel Kerr,5,1,11,0,1,0,5
2009,6,2009-05-02,Subiaco,West Coast,Fremantle,West Coast,Mark LeCras,5,0,1,2,1,0,6
2009,6,2009-05-02,Subiaco,West Coast,Fremantle,West Coast,Quinten Lynch,8,4,10,0,1,5,4
2009,6,2009-05-02,Subiaco,West Coast,Fremantle,West Coast,Eric Mackenzie,10,5,7,0,0,0,0
2009,6,2009-05-02,Subiaco,West Coast,Fremantle,West Coast,Chris Masten,8,2,8,1,2,0,4
2009,6,2009-05-02,Subiaco,West Coast,Fremantle,West Coast,Ben McKinley,11,6,3,1,3,0,0
2009,6,2009-05-02,Subiaco,West Coast,Fremantle,West Coast,Mark Nicoski,10,3,4,0,1,0,3
2009,6,2009-05-02,Subiaco,West Coast,Fremantle,West Coast,Matt Priddis,13,5,13,0,0,0,8
2009,6,2009-05-02,Subiaco,West Coast,Fremantle,West Coast,Matt Rosa,13,4,8,0,0,0,1
2009,6,2009-05-02,Subiaco,West Coast,Fremantle,West Coast,Adam Selwood,7,1,16,0,1,0,6
2009,6,2009-05-02,Subiaco,West Coast,Fremantle,West Coast,Brent Staker,4,2,6,1,1,2,3
2009,6,2009-05-02,Subiaco,West Coast,Fremantle,West Coast,David Wirrpanda,12,0,4,0,0,0,1
2009,6,2009-05-02,Subiaco,West Coast,Fremantle,Fremantle,Ryan Crowley,5,5,2,1,1,0,1
2009,6,2009-05-02,Subiaco,West Coast,Fremantle,Fremantle,Matt de Boer,2,4,5,1,0,0,2
2009,6,2009-05-02,Subiaco,West Coast,Fremantle,Fremantle,Steven Dodd,5,3,10,0,0,0,1
2009,6,2009-05-02,Subiaco,West Coast,Fremantle,Fremantle,Paul Duffield,22,8,12,0,0,2,5
2009,6,2009-05-02,Subiaco,West Coast,Fremantle,Fremantle,Antoni Grover,10,12,10,0,0,0,4
2009,6,2009-05-02,Subiaco,West Coast,Fremantle,Fremantle,Paul Hasleby,14,7,21,0,0,0,3
2009,6,2009-05-02,Subiaco,West Coast,Fremantle,Fremantle,Roger Hayden,8,4,6,0,1,0,3
2009,6,2009-05-02,Subiaco,West Coast,Fremantle,Fremantle,Stephen Hill,10,6,11,2,2,1,5
2009,6,2009-05-02,Subiaco,West Coast,Fremantle,Fremantle,Clayton Hinkley,5,2,11,0,0,0,3
2009,6,2009-05-02,Subiaco,West Coast,Fremantle,Fremantle,Garrick Ibbotson,14,12,10,0,1,0,1
2009,6,2009-05-02,Subiaco,West Coast,Fremantle,Fremantle,Michael Johnson,12,5,7,1,2,2,0
2009,6,2009-05-02,Subiaco,West Coast,Fremantle,Fremantle,Luke McPharlin,15,10,7,0,0,0,0
2009,6,2009-05-02,Subiaco,West Coast,Fremantle,Fremantle,David Mundy,12,6,5,1,0,3,5
2009,6,2009-05-02,Subiaco,West Coast,Fremantle,Fremantle,Ryan Murphy,5,5,3,1,0,1,3
2009,6,2009-05-02,Subiaco,West Coast,Fremantle,Fremantle,Matthew Pavlich,13,6,10,1,0,0,4
2009,6,2009-05-02,Subiaco,West Coast,Fremantle,Fremantle,Brett Peake,10,4,9,1,0,0,4
2009,6,2009-05-02,Subiaco,West Coast,Fremantle,Fremantle,Aaron Sandilands,7,7,9,2,0,14,2
2009,6,2009-05-02,Subiaco,West Coast,Fremantle,Fremantle,Byron Schammer,17,5,13,0,0,0,4
2009,6,2009-05-02,Subiaco,West Coast,Fremantle,Fremantle,Dean Solomon,7,4,5,0,0,1,4
2009,6,2009-05-02,Subiaco,West Coast,Fremantle,Fremantle,Nick Suban,9,4,3,0,1,0,4
2009,6,2009-05-02,Subiaco,West Coast,Fremantle,Fremantle,Chris Tarrant,3,2,7,0,0,0,1
2009,6,2009-05-02,Subiaco,West Coast,Fremantle,Fremantle,Scott Thornton,7,6,11,2,0,1,1
2009,6,2009-05-02,Gabba,Brisbane Lions,Essendon,Brisbane Lions,Jed Adcock,4,4,11,0,0,0,1
2009,6,2009-05-02,Gabba,Brisbane Lions,Essendon,Brisbane Lions,Simon Black,11,4,13,0,0,0,6
2009,6,2009-05-02,Gabba,Brisbane Lions,Essendon,Brisbane Lions,Daniel Bradshaw,8,7,2,4,0,0,1
2009,6,2009-05-02,Gabba,Brisbane Lions,Essendon,Brisbane Lions,Jared Brennan,10,5,11,1,1,4,3
2009,6,2009-05-02,Gabba,Brisbane Lions,Essendon,Brisbane Lions,Jonathan Brown,16,13,8,5,0,1,0
2009,6,2009-05-02,Gabba,Brisbane Lions,Essendon,Brisbane Lions,Mitch Clark,8,5,7,0,1,26,2
2009,6,2009-05-02,Gabba,Brisbane Lions,Essendon,Brisbane Lions,Josh Drummond,13,8,6,0,0,0,4
2009,6,2009-05-02,Gabba,Brisbane Lions,Essendon,Brisbane Lions,Scott Harding,3,4,7,1,1,0,2
2009,6,2009-05-02,Gabba,Brisbane Lions,Essendon,Brisbane Lions,Travis Johnstone,18,6,10,0,1,0,2
2009,6,2009-05-02,Gabba,Brisbane Lions,Essendon,Brisbane Lions,Joel Macdonald,6,4,9,0,0,0,3
2009,6,2009-05-02,Gabba,Brisbane Lions,Essendon,Brisbane Lions,Ashley McGrath,5,4,8,0,0,0,2
2009,6,2009-05-02,Gabba,Brisbane Lions,Essendon,Brisbane Lions,Daniel Merrett,5,4,10,0,0,0,1
2009,6,2009-05-02,Gabba,Brisbane Lions,Essendon,Brisbane Lions,Joel Patfull,8,6,9,0,0,0,3
2009,6,2009-05-02,Gabba,Brisbane Lions,Essendon,Brisbane Lions,James Polkinghorne,3,5,5,0,0,0,3
2009,6,2009-05-02,Gabba,Brisbane Lions,Essendon,Brisbane Lions,Luke Power,13,5,11,3,1,0,5
2009,6,2009-05-02,Gabba,Brisbane Lions,Essendon,Brisbane Lions,Albert Proud,8,2,8,0,1,0,2
2009,6,2009-05-02,Gabba,Brisbane Lions,Essendon,Brisbane Lions,Daniel Rich,7,3,8,0,0,0,8
2009,6,2009-05-02,Gabba,Brisbane Lions,Essendon,Brisbane Lions,Michael Rischitelli,8,4,7,1,0,0,6
2009,6,2009-05-02,Gabba,Brisbane Lions,Essendon,Brisbane Lions,Troy Selwood,12,10,12,1,0,0,2
2009,6,2009-05-02,Gabba,Brisbane Lions,Essendon,Brisbane Lions,Sam Sheldon,5,1,5,0,0,0,2
2009,6,2009-05-02,Gabba,Brisbane Lions,Essendon,Brisbane Lions,Justin Sherman,11,0,10,1,1,0,4
2009,6,2009-05-02,Gabba,Brisbane Lions,Essendon,Brisbane Lions,Cheynee Stiller,10,7,8,0,1,0,8
2009,6,2009-05-02,Gabba,Brisbane Lions,Essendon,Essendon,Alwyn Davey,10,0,4,0,1,0,5
2009,6,2009-05-02,Gabba,Brisbane Lions,Essendon,Essendon,Courtenay Dempsey,6,6,6,0,1,0,1
2009,6,2009-05-02,Gabba,Brisbane Lions,Essendon,Essendon,Ricky Dyson,9,2,9,0,0,0,3
2009,6,2009-05-02,Gabba,Brisbane Lions,Essendon,Essendon,Dustin Fletcher,9,5,3,0,0,0,1
2009,6,2009-05-02,Gabba,Brisbane Lions,Essendon,Essendon,Heath Hocking,10,5,11,1,0,0,3
2009,6,2009-05-02,Gabba,Brisbane Lions,Essendon,Essendon,Cale Hooker,4,3,10,0,0,4,3
2009,6,2009-05-02,Gabba,Brisbane Lions,Essendon,Essendon,Leroy Jetta,6,2,10,0,1,0,2
2009,6,2009-05-02,Gabba,Brisbane Lions,Essendon,Essendon,Matthew Lloyd,11,6,5,2,3,0,2
2009,6,2009-05-02,Gabba,Brisbane Lions,Essendon,Essendon,Sam Lonergan,2,1,5,1,0,0,5
2009,6,2009-05-02,Gabba,Brisbane Lions,Essendon,Essendon,Nathan Lovett-Murray,8,3,12,1,0,1,2
2009,6,2009-05-02,Gabba,Brisbane Lions,Essendon,Essendon,Andrew Lovett,14,3,11,1,0,0,3
2009,6,2009-05-02,Gabba,Brisbane Lions,Essendon,Essendon,Scott Lucas,9,7,6,0,1,0,2
2009,6,2009-05-02,Gabba,Brisbane Lions,Essendon,Essendon,Adam McPhee,7,6,10,0,0,0,3
2009,6,2009-05-02,Gabba,Brisbane Lions,Essendon,Essendon,Angus Monfries,9,6,2,0,1,0,4
2009,6,2009-05-02,Gabba,Brisbane Lions,Essendon,Essendon,David Myers,4,1,9,0,0,0,2
2009,6,2009-05-02,Gabba,Brisbane Lions,Essendon,Essendon,Tayte Pears,2,0,5,0,0,0,0
2009,6,2009-05-02,Gabba,Brisbane Lions,Essendon,Essendon,Paddy Ryder,6,4,4,0,1,26,5
2009,6,2009-05-02,Gabba,Brisbane Lions,Essendon,Essendon,Henry Slattery,3,2,11,0,1,0,4
2009,6,2009-05-02,Gabba,Brisbane Lions,Essendon,Essendon,Brent Stanton,9,3,18,0,0,0,1
2009,6,2009-05-02,Gabba,Brisbane Lions,Essendon,Essendon,Jobe Watson,12,6,24,0,1,0,6
2009,6,2009-05-02,Gabba,Brisbane Lions,Essendon,Essendon,Jason Winderlich,13,11,10,2,0,0,3
2009,6,2009-05-02,Gabba,Brisbane Lions,Essendon,Essendon,David Zaharakis,5,3,5,1,0,0,2
2009,6,2009-05-02,Football Park,Port Adelaide,Adelaide,Port Adelaide,Travis Boak,8,7,10,0,0,0,4
2009,6,2009-05-02,Football Park,Port Adelaide,Adelaide,Port Adelaide,Dean Brogan,4,5,12,0,0,27,1
2009,6,2009-05-02,Football Park,Port Adelaide,Adelaide,Port Adelaide,Peter Burgoyne,12,3,12,0,1,0,1
2009,6,2009-05-02,Football Park,Port Adelaide,Adelaide,Port Adelaide,Alipate Carlile,2,2,7,0,0,0,0
2009,6,2009-05-02,Football Park,Port Adelaide,Adelaide,Port Adelaide,Domenic Cassisi,5,0,10,0,0,0,5
2009,6,2009-05-02,Football Park,Port Adelaide,Adelaide,Port Adelaide,Troy Chaplin,10,5,8,0,0,0,1
2009,6,2009-05-02,Football Park,Port Adelaide,Adelaide,Port Adelaide,Chad Cornes,19,12,8,2,2,1,2
2009,6,2009-05-02,Football Park,Port Adelaide,Adelaide,Port Adelaide,Kane Cornes,22,6,15,0,0,0,1
2009,6,2009-05-02,Football Park,Port Adelaide,Adelaide,Port Adelaide,Brett Ebert,11,6,2,1,0,0,2
2009,6,2009-05-02,Football Park,Port Adelaide,Adelaide,Port Adelaide,Robbie Gray,8,4,10,3,1,0,2
2009,6,2009-05-02,Football Park,Port Adelaide,Adelaide,Port Adelaide,Hamish Hartlett,7,2,3,0,0,0,1
2009,6,2009-05-02,Football Park,Port Adelaide,Adelaide,Port Adelaide,Nathan Krakouer,13,5,10,0,0,0,0
2009,6,2009-05-02,Football Park,Port Adelaide,Adelaide,Port Adelaide,Brendon Lade,6,6,3,1,0,15,0
2009,6,2009-05-02,Football Park,Port Adelaide,Adelaide,Port Adelaide,Tom Logan,6,4,5,0,0,0,2
2009,6,2009-05-02,Football Park,Port Adelaide,Adelaide,Port Adelaide,Daniel Motlop,13,8,7,3,3,0,4
2009,6,2009-05-02,Football Park,Port Adelaide,Adelaide,Port Adelaide,Danyle Pearce,12,6,5,2,0,0,0
2009,6,2009-05-02,Football Park,Port Adelaide,Adelaide,Port Adelaide,Michael Pettigrew,3,2,5,0,0,0,1
2009,6,2009-05-02,Football Park,Port Adelaide,Adelaide,Port Adelaide,David Rodan,7,0,11,0,0,0,2
2009,6,2009-05-02,Football Park,Port Adelaide,Adelaide,Port Adelaide,Steven Salopek,21,10,12,0,0,0,0
2009,6,2009-05-02,Football Park,Port Adelaide,Adelaide,Port Adelaide,Jacob Surjan,5,2,7,0,0,0,1
2009,6,2009-05-02,Football Park,Port Adelaide,Adelaide,Port Adelaide,Matt Thomas,8,5,17,0,0,1,6
2009,6,2009-05-02,Football Park,Port Adelaide,Adelaide,Port Adelaide,Warren Tredrea,13,8,5,3,3,0,0
2009,6,2009-05-02,Football Park,Port Adelaide,Adelaide,Adelaide,Nathan Bock,14,6,12,0,0,0,1
2009,6,2009-05-02,Football Park,Port Adelaide,Adelaide,Adelaide,Myke Cook,8,3,4,0,0,0,0
2009,6,2009-05-02,Football Park,Port Adelaide,Adelaide,Adelaide,Patrick Dangerfield,3,3,11,2,0,0,2
2009,6,2009-05-02,Football Park,Port Adelaide,Adelaide,Adelaide,Michael Doughty,11,5,8,1,0,2,3
2009,6,2009-05-02,Football Park,Port Adelaide,Adelaide,Adelaide,Richard Douglas,10,6,14,0,0,0,4
2009,6,2009-05-02,Football Park,Port Adelaide,Adelaide,Adelaide,Tyson Edwards,14,7,11,0,0,1,2
2009,6,2009-05-02,Football Park,Port Adelaide,Adelaide,Adelaide,Simon Goodwin,7,4,12,0,0,0,2
2009,6,2009-05-02,Football Park,Port Adelaide,Adelaide,Adelaide,Jonathon Griffin,5,4,3,0,1,6,0
2009,6,2009-05-02,Football Park,Port Adelaide,Adelaide,Adelaide,Graham Johncock,6,6,7,0,0,0,4
2009,6,2009-05-02,Football Park,Port Adelaide,Adelaide,Adelaide,David Mackay,11,1,5,0,0,0,5
2009,6,2009-05-02,Football Park,Port Adelaide,Adelaide,Adelaide,Andrew McLeod,9,3,5,0,1,0,3
2009,6,2009-05-02,Football Park,Port Adelaide,Adelaide,Adelaide,Andy Otten,6,9,10,0,0,0,0
2009,6,2009-05-02,Football Park,Port Adelaide,Adelaide,Adelaide,Jared Petrenko,7,2,2,2,0,0,3
2009,6,2009-05-02,Football Park,Port Adelaide,Adelaide,Adelaide,Jason Porplyzia,5,4,4,3,0,0,4
2009,6,2009-05-02,Football Park,Port Adelaide,Adelaide,Adelaide,Brent Reilly,9,2,10,0,0,0,2
2009,6,2009-05-02,Football Park,Port Adelaide,Adelaide,Adelaide,Ben Rutten,7,9,9,0,0,0,1
2009,6,2009-05-02,Football Park,Port Adelaide,Adelaide,Adelaide,Scott Stevens,3,0,4,0,0,0,1
2009,6,2009-05-02,Football Park,Port Adelaide,Adelaide,Adelaide,Scott Thompson,10,5,13,1,0,0,4
2009,6,2009-05-02,Football Park,Port Adelaide,Adelaide,Adelaide,Kurt Tippett,6,3,6,0,0,8,5
2009,6,2009-05-02,Football Park,Port Adelaide,Adelaide,Adelaide,Nathan van Berlo,11,8,14,0,0,0,3
2009,6,2009-05-02,Football Park,Port Adelaide,Adelaide,Adelaide,Bernie Vince,18,12,11,2,0,0,2
2009,6,2009-05-02,Football Park,Port Adelaide,Adelaide,Adelaide,Taylor Walker,4,3,1,1,1,0,0
2009,6,2009-05-03,S.C.G.,Sydney,Richmond,Sydney,Paul Bevan,9,4,3,0,0,0,4
2009,6,2009-05-03,S.C.G.,Sydney,Richmond,Sydney,Craig Bolton,13,8,7,0,0,0,1
2009,6,2009-05-03,S.C.G.,Sydney,Richmond,Sydney,Jude Bolton,12,6,8,0,0,0,5
2009,6,2009-05-03,S.C.G.,Sydney,Richmond,Sydney,Amon Buchanan,7,8,13,0,0,0,7
2009,6,2009-05-03,S.C.G.,Sydney,Richmond,Sydney,Adam Goodes,7,5,10,0,1,1,2
2009,6,2009-05-03,S.C.G.,Sydney,Richmond,Sydney,Heath Grundy,7,4,8,1,1,0,2
2009,6,2009-05-03,S.C.G.,Sydney,Richmond,Sydney,Barry Hall,9,10,2,2,2,0,1
2009,6,2009-05-03,S.C.G.,Sydney,Richmond,Sydney,Kieren Jack,7,2,6,2,1,0,3
2009,6,2009-05-03,S.C.G.,Sydney,Richmond,Sydney,Darren Jolly,7,5,1,0,0,25,1
2009,6,2009-05-03,S.C.G.,Sydney,Richmond,Sydney,Brett Kirk,9,2,15,0,1,0,5
2009,6,2009-05-03,S.C.G.,Sydney,Richmond,Sydney,Nick Malceski,12,6,8,0,0,0,2
2009,6,2009-05-03,S.C.G.,Sydney,Richmond,Sydney,Martin Mattner,13,5,9,0,0,0,6
2009,6,2009-05-03,S.C.G.,Sydney,Richmond,Sydney,Jarrad McVeigh,9,7,10,1,0,0,2
2009,6,2009-05-03,S.C.G.,Sydney,Richmond,Sydney,Brett Meredith,6,3,6,2,0,0,2
2009,6,2009-05-03,S.C.G.,Sydney,Richmond,Sydney,Jarred Moore,4,3,5,2,1,0,1
2009,6,2009-05-03,S.C.G.,Sydney,Richmond,Sydney,Ryan OKeefe,10,4,12,0,0,0,5
2009,6,2009-05-03,S.C.G.,Sydney,Richmond,Sydney,Michael OLoughlin,7,5,2,2,1,0,0
2009,6,2009-05-03,S.C.G.,Sydney,Richmond,Sydney,Mike Pyke,0,1,4,0,0,11,1
2009,6,2009-05-03,S.C.G.,Sydney,Richmond,Sydney,Ted Richards,15,14,7,0,1,0,4
2009,6,2009-05-03,S.C.G.,Sydney,Richmond,Sydney,Lewis Roberts-Thomson,10,9,15,0,0,0,0
2009,6,2009-05-03,S.C.G.,Sydney,Richmond,Sydney,Rhyce Shaw,19,6,6,1,0,0,3
2009,6,2009-05-03,S.C.G.,Sydney,Richmond,Sydney,Kristin Thornton,5,4,4,1,0,0,2
2009,6,2009-05-03,S.C.G.,Sydney,Richmond,Richmond,Joel Bowden,22,8,6,0,0,0,1
2009,6,2009-05-03,S.C.G.,Sydney,Richmond,Richmond,Andrew Collins,12,7,12,2,1,0,1
2009,6,2009-05-03,S.C.G.,Sydney,Richmond,Richmond,Mark Coughlan,9,5,10,1,0,1,5
2009,6,2009-05-03,S.C.G.,Sydney,Richmond,Richmond,Brett Deledio,13,4,8,0,2,1,4
2009,6,2009-05-03,S.C.G.,Sydney,Richmond,Richmond,Nathan Foley,9,1,13,0,0,0,5
2009,6,2009-05-03,S.C.G.,Sydney,Richmond,Richmond,Angus Graham,5,5,7,2,1,12,2
2009,6,2009-05-03,S.C.G.,Sydney,Richmond,Richmond,Daniel Jackson,18,2,11,0,1,1,2
2009,6,2009-05-03,S.C.G.,Sydney,Richmond,Richmond,Luke McGuane,7,5,4,0,0,0,1
2009,6,2009-05-03,S.C.G.,Sydney,Richmond,Richmond,Jordan McMahon,9,3,5,0,0,0,4
2009,6,2009-05-03,S.C.G.,Sydney,Richmond,Richmond,Kelvin Moore,5,4,8,0,0,0,1
2009,6,2009-05-03,S.C.G.,Sydney,Richmond,Richmond,Mitch Morton,5,3,8,0,0,0,0
2009,6,2009-05-03,S.C.G.,Sydney,Richmond,Richmond,Robin Nahas,6,2,3,1,1,0,3
2009,6,2009-05-03,S.C.G.,Sydney,Richmond,Richmond,Chris Newman,9,3,6,0,0,0,2
2009,6,2009-05-03,S.C.G.,Sydney,Richmond,Richmond,Jarrad Oakley-Nicholls,7,6,5,1,0,0,2
2009,6,2009-05-03,S.C.G.,Sydney,Richmond,Richmond,Adam Pattison,8,7,7,0,1,15,4
2009,6,2009-05-03,S.C.G.,Sydney,Richmond,Richmond,Dean Polo,7,5,14,0,0,0,1
2009,6,2009-05-03,S.C.G.,Sydney,Richmond,Richmond,Alex Rance,2,2,9,0,0,0,3
2009,6,2009-05-03,S.C.G.,Sydney,Richmond,Richmond,Matthew Richardson,6,5,2,1,1,0,0
2009,6,2009-05-03,S.C.G.,Sydney,Richmond,Richmond,Jack Riewoldt,8,7,6,1,0,0,3
2009,6,2009-05-03,S.C.G.,Sydney,Richmond,Richmond,Richard Tambling,15,10,8,2,1,0,2
2009,6,2009-05-03,S.C.G.,Sydney,Richmond,Richmond,Shane Tuck,10,3,17,0,0,1,2
2009,6,2009-05-03,S.C.G.,Sydney,Richmond,Richmond,Matt White,10,5,7,0,0,0,3
2009,6,2009-05-03,M.C.G.,Melbourne,Geelong,Melbourne,Clint Bartram,5,5,13,0,0,0,2
2009,6,2009-05-03,M.C.G.,Melbourne,Geelong,Melbourne,Matthew Bate,6,1,8,0,1,0,1
2009,6,2009-05-03,M.C.G.,Melbourne,Geelong,Melbourne,Jamie Bennell,6,3,4,1,0,0,2
2009,6,2009-05-03,M.C.G.,Melbourne,Geelong,Melbourne,Cameron Bruce,10,5,7,0,2,0,1
2009,6,2009-05-03,M.C.G.,Melbourne,Geelong,Melbourne,Aaron Davey,18,2,12,0,1,0,2
2009,6,2009-05-03,M.C.G.,Melbourne,Geelong,Melbourne,Lynden Dunn,4,2,9,0,0,5,3
2009,6,2009-05-03,M.C.G.,Melbourne,Geelong,Melbourne,James Frawley,14,5,5,0,0,0,1
2009,6,2009-05-03,M.C.G.,Melbourne,Geelong,Melbourne,Paul Johnson,6,2,6,1,0,7,1
2009,6,2009-05-03,M.C.G.,Melbourne,Geelong,Melbourne,Nathan Jones,12,6,13,0,1,1,1
2009,6,2009-05-03,M.C.G.,Melbourne,Geelong,Melbourne,Addam Maric,6,2,7,0,0,0,3
2009,6,2009-05-03,M.C.G.,Melbourne,Geelong,Melbourne,Stefan Martin,6,3,4,0,0,0,0
2009,6,2009-05-03,M.C.G.,Melbourne,Geelong,Melbourne,James McDonald,11,5,5,0,0,0,6
2009,6,2009-05-03,M.C.G.,Melbourne,Geelong,Melbourne,Brock McLean,17,5,9,0,0,0,4
2009,6,2009-05-03,M.C.G.,Melbourne,Geelong,Melbourne,John Meesen,5,3,8,0,0,5,1
2009,6,2009-05-03,M.C.G.,Melbourne,Geelong,Melbourne,Brad Miller,10,8,4,2,0,0,0
2009,6,2009-05-03,M.C.G.,Melbourne,Geelong,Melbourne,Brent Moloney,8,6,11,0,0,0,5
2009,6,2009-05-03,M.C.G.,Melbourne,Geelong,Melbourne,Cale Morton,17,7,9,1,0,2,1
2009,6,2009-05-03,M.C.G.,Melbourne,Geelong,Melbourne,Ricky Petterd,11,8,7,1,0,0,1
2009,6,2009-05-03,M.C.G.,Melbourne,Geelong,Melbourne,Jared Rivers,4,4,7,0,0,0,3
2009,6,2009-05-03,M.C.G.,Melbourne,Geelong,Melbourne,Russell Robertson,8,6,2,3,2,0,1
2009,6,2009-05-03,M.C.G.,Melbourne,Geelong,Melbourne,Colin Sylvia,7,7,8,1,0,1,8
2009,6,2009-05-03,M.C.G.,Melbourne,Geelong,Melbourne,Matthew Warnock,5,6,8,0,0,0,0
2009,6,2009-05-03,M.C.G.,Melbourne,Geelong,Geelong,Gary Ablett,8,3,17,1,1,0,4
2009,6,2009-05-03,M.C.G.,Melbourne,Geelong,Geelong,Jimmy Bartel,25,9,16,0,1,0,2
2009,6,2009-05-03,M.C.G.,Melbourne,Geelong,Geelong,Mark Blake,1,4,7,0,0,29,1
2009,6,2009-05-03,M.C.G.,Melbourne,Geelong,Geelong,Shannon Byrnes,6,6,12,0,2,0,1
2009,6,2009-05-03,M.C.G.,Melbourne,Geelong,Geelong,Paul Chapman,24,12,17,1,1,0,2
2009,6,2009-05-03,M.C.G.,Melbourne,Geelong,Geelong,Joel Corey,12,2,19,0,0,3,9
2009,6,2009-05-03,M.C.G.,Melbourne,Geelong,Geelong,Corey Enright,14,9,19,0,0,0,3
2009,6,2009-05-03,M.C.G.,Melbourne,Geelong,Geelong,Tom Hawkins,5,8,9,1,0,0,2
2009,6,2009-05-03,M.C.G.,Melbourne,Geelong,Geelong,David Johnson,13,8,8,0,0,0,0
2009,6,2009-05-03,M.C.G.,Melbourne,Geelong,Geelong,Steve Johnson,14,6,6,4,3,0,1
2009,6,2009-05-03,M.C.G.,Melbourne,Geelong,Geelong,James Kelly,16,6,9,0,0,0,0
2009,6,2009-05-03,M.C.G.,Melbourne,Geelong,Geelong,Andrew Mackie,17,10,14,0,0,0,0
2009,6,2009-05-03,M.C.G.,Melbourne,Geelong,Geelong,Darren Milburn,9,5,14,0,0,0,2
2009,6,2009-05-03,M.C.G.,Melbourne,Geelong,Geelong,Cameron Mooney,10,7,2,3,3,0,2
2009,6,2009-05-03,M.C.G.,Melbourne,Geelong,Geelong,Shane Mumford,1,3,12,0,0,8,2
2009,6,2009-05-03,M.C.G.,Melbourne,Geelong,Geelong,Max Rooke,8,6,7,2,3,0,0
2009,6,2009-05-03,M.C.G.,Melbourne,Geelong,Geelong,Matthew Scarlett,15,6,7,0,0,0,1
2009,6,2009-05-03,M.C.G.,Melbourne,Geelong,Geelong,Joel Selwood,12,5,22,0,0,0,3
2009,6,2009-05-03,M.C.G.,Melbourne,Geelong,Geelong,Mathew Stokes,9,6,12,1,3,0,3
2009,6,2009-05-03,M.C.G.,Melbourne,Geelong,Geelong,Harry Taylor,4,2,10,0,0,0,3
2009,6,2009-05-03,M.C.G.,Melbourne,Geelong,Geelong,Travis Varcoe,8,5,8,2,0,0,5
2009,6,2009-05-03,M.C.G.,Melbourne,Geelong,Geelong,David Wojcinski,8,3,12,0,0,0,5
2009,6,2009-05-03,Docklands,Western Bulldogs,St Kilda,Western Bulldogs,Dylan Addison,5,3,8,0,0,0,1
2009,6,2009-05-03,Docklands,Western Bulldogs,St Kilda,Western Bulldogs,Jason Akermanis,10,2,10,2,0,0,5
2009,6,2009-05-03,Docklands,Western Bulldogs,St Kilda,Western Bulldogs,Matthew Boyd,14,5,9,0,1,1,2
2009,6,2009-05-03,Docklands,Western Bulldogs,St Kilda,Western Bulldogs,Adam Cooney,9,2,13,0,0,0,1
2009,6,2009-05-03,Docklands,Western Bulldogs,St Kilda,Western Bulldogs,Daniel Cross,4,3,15,0,0,5,4
2009,6,2009-05-03,Docklands,Western Bulldogs,St Kilda,Western Bulldogs,Nathan Eagleton,7,3,8,1,0,0,2
2009,6,2009-05-03,Docklands,Western Bulldogs,St Kilda,Western Bulldogs,Andrejs Everitt,6,3,4,0,0,0,1
2009,6,2009-05-03,Docklands,Western Bulldogs,St Kilda,Western Bulldogs,Daniel Giansiracusa,13,4,5,0,1,0,1
2009,6,2009-05-03,Docklands,Western Bulldogs,St Kilda,Western Bulldogs,Lindsay Gilbee,10,6,5,1,0,0,2
2009,6,2009-05-03,Docklands,Western Bulldogs,St Kilda,Western Bulldogs,Ryan Griffen,12,4,11,1,0,0,3
2009,6,2009-05-03,Docklands,Western Bulldogs,St Kilda,Western Bulldogs,Mitch Hahn,5,1,7,0,0,0,3
2009,6,2009-05-03,Docklands,Western Bulldogs,St Kilda,Western Bulldogs,Jarrod Harbrow,10,4,10,0,0,0,2
2009,6,2009-05-03,Docklands,Western Bulldogs,St Kilda,Western Bulldogs,Ryan Hargrave,15,7,9,0,1,0,5
2009,6,2009-05-03,Docklands,Western Bulldogs,St Kilda,Western Bulldogs,Shaun Higgins,10,4,6,1,1,0,3
2009,6,2009-05-03,Docklands,Western Bulldogs,St Kilda,Western Bulldogs,Josh Hill,9,4,4,3,1,0,2
2009,6,2009-05-03,Docklands,Western Bulldogs,St Kilda,Western Bulldogs,Ben Hudson,3,5,7,0,0,9,1
2009,6,2009-05-03,Docklands,Western Bulldogs,St Kilda,Western Bulldogs,Brad Johnson,8,3,7,0,1,0,2
2009,6,2009-05-03,Docklands,Western Bulldogs,St Kilda,Western Bulldogs,Brian Lake,8,6,6,0,1,0,2
2009,6,2009-05-03,Docklands,Western Bulldogs,St Kilda,Western Bulldogs,Will Minson,6,6,6,2,0,17,1
2009,6,2009-05-03,Docklands,Western Bulldogs,St Kilda,Western Bulldogs,Dale Morris,5,3,4,0,0,0,3
2009,6,2009-05-03,Docklands,Western Bulldogs,St Kilda,Western Bulldogs,Robert Murphy,7,6,3,0,1,0,3
2009,6,2009-05-03,Docklands,Western Bulldogs,St Kilda,Western Bulldogs,Liam Picken,3,2,8,0,0,0,3
2009,6,2009-05-03,Docklands,Western Bulldogs,St Kilda,St Kilda,Steven Baker,13,7,7,0,0,0,1
2009,6,2009-05-03,Docklands,Western Bulldogs,St Kilda,St Kilda,Luke Ball,10,6,12,0,1,0,4
2009,6,2009-05-03,Docklands,Western Bulldogs,St Kilda,St Kilda,Jason Blake,8,10,11,0,0,0,2
2009,6,2009-05-03,Docklands,Western Bulldogs,St Kilda,St Kilda,Nick Dal Santo,11,1,11,1,0,0,4
2009,6,2009-05-03,Docklands,Western Bulldogs,St Kilda,St Kilda,Zac Dawson,6,5,8,0,0,0,3
2009,6,2009-05-03,Docklands,Western Bulldogs,St Kilda,St Kilda,Robert Eddy,11,10,7,0,0,0,1
2009,6,2009-05-03,Docklands,Western Bulldogs,St Kilda,St Kilda,Sam Fisher,10,5,6,0,0,0,3
2009,6,2009-05-03,Docklands,Western Bulldogs,St Kilda,St Kilda,Michael Gardiner,8,5,3,1,0,23,0
2009,6,2009-05-03,Docklands,Western Bulldogs,St Kilda,St Kilda,Jarryn Geary,9,8,15,0,0,0,4
2009,6,2009-05-03,Docklands,Western Bulldogs,St Kilda,St Kilda,Sam Gilbert,15,6,6,0,0,0,7
2009,6,2009-05-03,Docklands,Western Bulldogs,St Kilda,St Kilda,Brendon Goddard,18,9,15,1,0,2,6
2009,6,2009-05-03,Docklands,Western Bulldogs,St Kilda,St Kilda,Jason Gram,13,3,7,1,2,1,3
2009,6,2009-05-03,Docklands,Western Bulldogs,St Kilda,St Kilda,James Gwilt,8,3,5,1,0,0,3
2009,6,2009-05-03,Docklands,Western Bulldogs,St Kilda,St Kilda,Lenny Hayes,9,3,16,0,0,6,7
2009,6,2009-05-03,Docklands,Western Bulldogs,St Kilda,St Kilda,Clinton Jones,7,5,14,0,0,0,7
2009,6,2009-05-03,Docklands,Western Bulldogs,St Kilda,St Kilda,Justin Koschitzke,8,8,3,1,2,4,1
2009,6,2009-05-03,Docklands,Western Bulldogs,St Kilda,St Kilda,Andrew McQualter,8,6,11,1,2,0,6
2009,6,2009-05-03,Docklands,Western Bulldogs,St Kilda,St Kilda,Stephen Milne,8,6,8,0,0,0,3
2009,6,2009-05-03,Docklands,Western Bulldogs,St Kilda,St Kilda,Leigh Montagna,13,7,7,0,1,0,6
2009,6,2009-05-03,Docklands,Western Bulldogs,St Kilda,St Kilda,Farren Ray,17,11,14,0,0,0,2
2009,6,2009-05-03,Docklands,Western Bulldogs,St Kilda,St Kilda,Nick Riewoldt,15,14,2,4,5,2,0
2009,6,2009-05-03,Docklands,Western Bulldogs,St Kilda,St Kilda,Adam Schneider,8,2,5,3,0,0,5
2009,7,2009-05-08,Docklands,Essendon,Hawthorn,Essendon,Tom Bellchambers,4,3,2,1,1,10,0
2009,7,2009-05-08,Docklands,Essendon,Hawthorn,Essendon,Alwyn Davey,12,2,5,0,1,0,4
2009,7,2009-05-08,Docklands,Essendon,Hawthorn,Essendon,Courtenay Dempsey,6,3,12,0,0,0,1
2009,7,2009-05-08,Docklands,Essendon,Hawthorn,Essendon,Ricky Dyson,6,5,6,0,0,0,5
2009,7,2009-05-08,Docklands,Essendon,Hawthorn,Essendon,Heath Hocking,7,2,11,1,0,0,9
2009,7,2009-05-08,Docklands,Essendon,Hawthorn,Essendon,Cale Hooker,5,7,16,0,0,0,2
2009,7,2009-05-08,Docklands,Essendon,Hawthorn,Essendon,Bachar Houli,12,8,8,0,0,0,4
2009,7,2009-05-08,Docklands,Essendon,Hawthorn,Essendon,Matthew Lloyd,11,15,8,3,2,0,0
2009,7,2009-05-08,Docklands,Essendon,Hawthorn,Essendon,Sam Lonergan,7,5,9,1,0,0,3
2009,7,2009-05-08,Docklands,Essendon,Hawthorn,Essendon,Nathan Lovett-Murray,8,6,5,3,0,2,1
2009,7,2009-05-08,Docklands,Essendon,Hawthorn,Essendon,Andrew Lovett,10,0,8,1,2,0,1
2009,7,2009-05-08,Docklands,Essendon,Hawthorn,Essendon,Adam McPhee,5,5,8,0,0,0,3
2009,7,2009-05-08,Docklands,Essendon,Hawthorn,Essendon,Angus Monfries,15,12,7,2,1,0,2
2009,7,2009-05-08,Docklands,Essendon,Hawthorn,Essendon,David Myers,8,5,5,0,0,0,2
2009,7,2009-05-08,Docklands,Essendon,Hawthorn,Essendon,Jay Neagle,8,4,0,2,0,0,1
2009,7,2009-05-08,Docklands,Essendon,Hawthorn,Essendon,Tayte Pears,4,2,7,0,0,0,1
2009,7,2009-05-08,Docklands,Essendon,Hawthorn,Essendon,Paddy Ryder,8,6,5,0,1,24,6
2009,7,2009-05-08,Docklands,Essendon,Hawthorn,Essendon,Henry Slattery,10,6,9,0,0,0,2
2009,7,2009-05-08,Docklands,Essendon,Hawthorn,Essendon,Brent Stanton,21,14,15,1,0,0,2
2009,7,2009-05-08,Docklands,Essendon,Hawthorn,Essendon,Jobe Watson,6,4,16,0,1,0,5
2009,7,2009-05-08,Docklands,Essendon,Hawthorn,Essendon,Jason Winderlich,12,4,17,0,0,1,7
2009,7,2009-05-08,Docklands,Essendon,Hawthorn,Essendon,David Zaharakis,12,7,4,2,4,0,4
2009,7,2009-05-08,Docklands,Essendon,Hawthorn,Hawthorn,Chance Bateman,5,2,3,0,1,0,0
2009,7,2009-05-08,Docklands,Essendon,Hawthorn,Hawthorn,Grant Birchall,19,7,9,0,0,0,2
2009,7,2009-05-08,Docklands,Essendon,Hawthorn,Hawthorn,Campbell Brown,4,2,5,0,0,0,2
2009,7,2009-05-08,Docklands,Essendon,Hawthorn,Hawthorn,Robert Campbell,3,3,4,0,0,6,2
2009,7,2009-05-08,Docklands,Essendon,Hawthorn,Hawthorn,Stuart Dew,4,0,6,1,0,0,5
2009,7,2009-05-08,Docklands,Essendon,Hawthorn,Hawthorn,Beau Dowler,10,9,8,0,0,0,1
2009,7,2009-05-08,Docklands,Essendon,Hawthorn,Hawthorn,Lance Franklin,7,1,5,5,1,1,4
2009,7,2009-05-08,Docklands,Essendon,Hawthorn,Hawthorn,Luke Hodge,5,2,6,0,0,0,3
2009,7,2009-05-08,Docklands,Essendon,Hawthorn,Hawthorn,Jordan Lewis,10,3,11,0,0,0,0
2009,7,2009-05-08,Docklands,Essendon,Hawthorn,Hawthorn,Ben McGlynn,10,6,4,0,2,0,7
2009,7,2009-05-08,Docklands,Essendon,Hawthorn,Hawthorn,Sam Mitchell,16,7,10,0,0,0,2
2009,7,2009-05-08,Docklands,Essendon,Hawthorn,Hawthorn,Garry Moss,7,6,5,0,0,0,1
2009,7,2009-05-08,Docklands,Essendon,Hawthorn,Hawthorn,Tom Murphy,7,8,6,0,0,0,3
2009,7,2009-05-08,Docklands,Essendon,Hawthorn,Hawthorn,Michael Osborne,6,4,5,0,1,0,4
2009,7,2009-05-08,Docklands,Essendon,Hawthorn,Hawthorn,Cyril Rioli,14,8,8,1,1,0,6
2009,7,2009-05-08,Docklands,Essendon,Hawthorn,Hawthorn,Jarryd Roughead,9,8,3,2,3,4,1
2009,7,2009-05-08,Docklands,Essendon,Hawthorn,Hawthorn,Brad Sewell,10,5,9,0,0,0,4
2009,7,2009-05-08,Docklands,Essendon,Hawthorn,Hawthorn,Cameron Stokes,4,2,6,0,0,0,0
2009,7,2009-05-08,Docklands,Essendon,Hawthorn,Hawthorn,Simon Taylor,1,3,8,0,0,30,2
2009,7,2009-05-08,Docklands,Essendon,Hawthorn,Hawthorn,Travis Tuck,6,6,13,0,0,1,0
2009,7,2009-05-08,Docklands,Essendon,Hawthorn,Hawthorn,Brendan Whitecross,7,6,9,0,0,0,3
2009,7,2009-05-08,Docklands,Essendon,Hawthorn,Hawthorn,Mark Williams,7,4,6,1,3,0,4
2009,7,2009-05-09,Kardinia Park,Geelong,Sydney,Geelong,Jimmy Bartel,13,5,6,1,2,0,9
2009,7,2009-05-09,Kardinia Park,Geelong,Sydney,Geelong,Mark Blake,2,1,6,0,0,34,0
2009,7,2009-05-09,Kardinia Park,Geelong,Sydney,Geelong,Shannon Byrnes,6,5,14,1,0,0,4
2009,7,2009-05-09,Kardinia Park,Geelong,Sydney,Geelong,Paul Chapman,19,3,3,0,0,0,1
2009,7,2009-05-09,Kardinia Park,Geelong,Sydney,Geelong,Joel Corey,16,5,18,0,0,1,6
2009,7,2009-05-09,Kardinia Park,Geelong,Sydney,Geelong,Corey Enright,12,6,5,0,0,0,2
2009,7,2009-05-09,Kardinia Park,Geelong,Sydney,Geelong,Tom Harley,5,3,5,0,0,0,5
2009,7,2009-05-09,Kardinia Park,Geelong,Sydney,Geelong,Tom Hawkins,10,10,8,3,2,1,1
2009,7,2009-05-09,Kardinia Park,Geelong,Sydney,Geelong,Steve Johnson,23,11,5,4,5,0,2
2009,7,2009-05-09,Kardinia Park,Geelong,Sydney,Geelong,James Kelly,12,5,9,1,1,0,5
2009,7,2009-05-09,Kardinia Park,Geelong,Sydney,Geelong,Cameron Ling,11,7,7,0,0,0,3
2009,7,2009-05-09,Kardinia Park,Geelong,Sydney,Geelong,Andrew Mackie,6,2,7,0,0,0,3
2009,7,2009-05-09,Kardinia Park,Geelong,Sydney,Geelong,Darren Milburn,9,6,7,0,0,0,3
2009,7,2009-05-09,Kardinia Park,Geelong,Sydney,Geelong,Cameron Mooney,16,10,2,3,0,0,1
2009,7,2009-05-09,Kardinia Park,Geelong,Sydney,Geelong,Shane Mumford,5,6,13,0,0,13,4
2009,7,2009-05-09,Kardinia Park,Geelong,Sydney,Geelong,Max Rooke,7,5,6,1,0,0,6
2009,7,2009-05-09,Kardinia Park,Geelong,Sydney,Geelong,Matthew Scarlett,4,0,4,0,0,0,1
2009,7,2009-05-09,Kardinia Park,Geelong,Sydney,Geelong,Joel Selwood,18,6,16,0,0,0,4
2009,7,2009-05-09,Kardinia Park,Geelong,Sydney,Geelong,Mathew Stokes,13,6,8,3,1,0,6
2009,7,2009-05-09,Kardinia Park,Geelong,Sydney,Geelong,Harry Taylor,4,3,5,0,0,0,1
2009,7,2009-05-09,Kardinia Park,Geelong,Sydney,Geelong,Travis Varcoe,6,3,7,0,1,0,8
2009,7,2009-05-09,Kardinia Park,Geelong,Sydney,Geelong,David Wojcinski,7,2,10,0,0,0,2
2009,7,2009-05-09,Kardinia Park,Geelong,Sydney,Sydney,Paul Bevan,4,4,6,0,0,0,4
2009,7,2009-05-09,Kardinia Park,Geelong,Sydney,Sydney,Craig Bolton,10,5,3,0,0,0,2
2009,7,2009-05-09,Kardinia Park,Geelong,Sydney,Sydney,Jude Bolton,8,3,13,1,1,1,11
2009,7,2009-05-09,Kardinia Park,Geelong,Sydney,Sydney,Amon Buchanan,9,4,13,0,0,0,6
2009,7,2009-05-09,Kardinia Park,Geelong,Sydney,Sydney,Adam Goodes,14,4,13,2,1,2,6
2009,7,2009-05-09,Kardinia Park,Geelong,Sydney,Sydney,Heath Grundy,5,3,5,2,1,0,2
2009,7,2009-05-09,Kardinia Park,Geelong,Sydney,Sydney,Barry Hall,3,4,2,0,1,0,1
2009,7,2009-05-09,Kardinia Park,Geelong,Sydney,Sydney,Kieren Jack,4,1,7,0,1,0,0
2009,7,2009-05-09,Kardinia Park,Geelong,Sydney,Sydney,Darren Jolly,5,1,4,0,0,26,2
2009,7,2009-05-09,Kardinia Park,Geelong,Sydney,Sydney,Brett Kirk,9,3,15,0,0,0,5
2009,7,2009-05-09,Kardinia Park,Geelong,Sydney,Sydney,Nick Malceski,8,0,10,0,0,0,2
2009,7,2009-05-09,Kardinia Park,Geelong,Sydney,Sydney,Martin Mattner,9,4,7,0,0,0,4
2009,7,2009-05-09,Kardinia Park,Geelong,Sydney,Sydney,Jarrad McVeigh,6,2,4,0,0,0,6
2009,7,2009-05-09,Kardinia Park,Geelong,Sydney,Sydney,Brett Meredith,3,1,8,1,0,0,2
2009,7,2009-05-09,Kardinia Park,Geelong,Sydney,Sydney,Jarred Moore,2,2,9,1,0,0,2
2009,7,2009-05-09,Kardinia Park,Geelong,Sydney,Sydney,Ryan OKeefe,9,4,16,0,0,0,6
2009,7,2009-05-09,Kardinia Park,Geelong,Sydney,Sydney,Michael OLoughlin,5,4,0,3,0,0,1
2009,7,2009-05-09,Kardinia Park,Geelong,Sydney,Sydney,Mike Pyke,2,1,5,0,0,18,3
2009,7,2009-05-09,Kardinia Park,Geelong,Sydney,Sydney,Ted Richards,7,4,8,0,0,0,3
2009,7,2009-05-09,Kardinia Park,Geelong,Sydney,Sydney,Lewis Roberts-Thomson,8,8,6,0,0,0,1
2009,7,2009-05-09,Kardinia Park,Geelong,Sydney,Sydney,Rhyce Shaw,16,1,8,0,0,0,4
2009,7,2009-05-09,Kardinia Park,Geelong,Sydney,Sydney,Kristin Thornton,3,2,4,0,0,0,5
2009,7,2009-05-09,M.C.G.,Richmond,Brisbane Lions,Richmond,Joel Bowden,27,7,8,0,0,0,1
2009,7,2009-05-09,M.C.G.,Richmond,Brisbane Lions,Richmond,Andrew Collins,4,5,13,0,0,0,3
2009,7,2009-05-09,M.C.G.,Richmond,Brisbane Lions,Richmond,Mark Coughlan,10,6,11,0,0,2,2
2009,7,2009-05-09,M.C.G.,Richmond,Brisbane Lions,Richmond,Ben Cousins,7,3,15,1,0,0,1
2009,7,2009-05-09,M.C.G.,Richmond,Brisbane Lions,Richmond,Brett Deledio,14,6,16,1,1,0,4
2009,7,2009-05-09,M.C.G.,Richmond,Brisbane Lions,Richmond,Shane Edwards,6,5,7,0,1,0,4
2009,7,2009-05-09,M.C.G.,Richmond,Brisbane Lions,Richmond,Nathan Foley,13,3,18,0,0,0,6
2009,7,2009-05-09,M.C.G.,Richmond,Brisbane Lions,Richmond,Angus Graham,3,8,16,1,0,21,6
2009,7,2009-05-09,M.C.G.,Richmond,Brisbane Lions,Richmond,Daniel Jackson,14,5,10,0,0,0,7
2009,7,2009-05-09,M.C.G.,Richmond,Brisbane Lions,Richmond,Luke McGuane,8,7,9,0,1,0,3
2009,7,2009-05-09,M.C.G.,Richmond,Brisbane Lions,Richmond,Kelvin Moore,5,3,2,0,0,0,2
2009,7,2009-05-09,M.C.G.,Richmond,Brisbane Lions,Richmond,Robin Nahas,11,5,5,1,2,0,2
2009,7,2009-05-09,M.C.G.,Richmond,Brisbane Lions,Richmond,Chris Newman,13,6,11,0,0,0,3
2009,7,2009-05-09,M.C.G.,Richmond,Brisbane Lions,Richmond,Jarrad Oakley-Nicholls,9,9,4,0,0,0,2
2009,7,2009-05-09,M.C.G.,Richmond,Brisbane Lions,Richmond,Dean Polo,9,6,18,0,1,0,4
2009,7,2009-05-09,M.C.G.,Richmond,Brisbane Lions,Richmond,Alex Rance,2,3,9,0,0,0,0
2009,7,2009-05-09,M.C.G.,Richmond,Brisbane Lions,Richmond,Jack Riewoldt,6,5,3,0,0,0,1
2009,7,2009-05-09,M.C.G.,Richmond,Brisbane Lions,Richmond,Jay Schulz,8,4,2,1,1,0,3
2009,7,2009-05-09,M.C.G.,Richmond,Brisbane Lions,Richmond,Troy Simmonds,7,2,4,4,1,9,1
2009,7,2009-05-09,M.C.G.,Richmond,Brisbane Lions,Richmond,Richard Tambling,14,10,13,0,2,0,2
2009,7,2009-05-09,M.C.G.,Richmond,Brisbane Lions,Richmond,Shane Tuck,9,4,17,0,0,1,1
2009,7,2009-05-09,M.C.G.,Richmond,Brisbane Lions,Richmond,Matt White,7,4,7,1,0,0,1
2009,7,2009-05-09,M.C.G.,Richmond,Brisbane Lions,Brisbane Lions,Jed Adcock,8,6,8,1,0,0,2
2009,7,2009-05-09,M.C.G.,Richmond,Brisbane Lions,Brisbane Lions,Simon Black,10,3,14,1,1,0,4
2009,7,2009-05-09,M.C.G.,Richmond,Brisbane Lions,Brisbane Lions,Daniel Bradshaw,10,10,4,3,0,0,0
2009,7,2009-05-09,M.C.G.,Richmond,Brisbane Lions,Brisbane Lions,Jared Brennan,6,3,6,2,0,7,6
2009,7,2009-05-09,M.C.G.,Richmond,Brisbane Lions,Brisbane Lions,Jonathan Brown,14,11,5,4,2,1,1
2009,7,2009-05-09,M.C.G.,Richmond,Brisbane Lions,Brisbane Lions,Mitch Clark,4,3,8,0,0,19,4
2009,7,2009-05-09,M.C.G.,Richmond,Brisbane Lions,Brisbane Lions,Josh Drummond,15,9,6,0,1,0,0
2009,7,2009-05-09,M.C.G.,Richmond,Brisbane Lions,Brisbane Lions,Scott Harding,4,2,5,1,0,0,1
2009,7,2009-05-09,M.C.G.,Richmond,Brisbane Lions,Brisbane Lions,Travis Johnstone,10,5,5,0,0,0,2
2009,7,2009-05-09,M.C.G.,Richmond,Brisbane Lions,Brisbane Lions,Joel Macdonald,10,7,7,0,0,0,1
2009,7,2009-05-09,M.C.G.,Richmond,Brisbane Lions,Brisbane Lions,Ashley McGrath,7,5,4,0,0,0,2
2009,7,2009-05-09,M.C.G.,Richmond,Brisbane Lions,Brisbane Lions,Daniel Merrett,10,9,6,0,0,0,2
2009,7,2009-05-09,M.C.G.,Richmond,Brisbane Lions,Brisbane Lions,Joel Patfull,7,8,8,0,0,0,0
2009,7,2009-05-09,M.C.G.,Richmond,Brisbane Lions,Brisbane Lions,James Polkinghorne,3,5,9,0,1,0,1
2009,7,2009-05-09,M.C.G.,Richmond,Brisbane Lions,Brisbane Lions,Luke Power,17,6,10,0,0,0,3
2009,7,2009-05-09,M.C.G.,Richmond,Brisbane Lions,Brisbane Lions,Albert Proud,6,4,9,0,0,0,3
2009,7,2009-05-09,M.C.G.,Richmond,Brisbane Lions,Brisbane Lions,Daniel Rich,9,5,7,0,1,0,3
2009,7,2009-05-09,M.C.G.,Richmond,Brisbane Lions,Brisbane Lions,Michael Rischitelli,7,2,4,2,0,0,2
2009,7,2009-05-09,M.C.G.,Richmond,Brisbane Lions,Brisbane Lions,Troy Selwood,4,2,5,0,0,0,1
2009,7,2009-05-09,M.C.G.,Richmond,Brisbane Lions,Brisbane Lions,Sam Sheldon,10,7,5,0,0,0,2
2009,7,2009-05-09,M.C.G.,Richmond,Brisbane Lions,Brisbane Lions,Justin Sherman,9,4,10,1,0,0,2
2009,7,2009-05-09,M.C.G.,Richmond,Brisbane Lions,Brisbane Lions,Cheynee Stiller,6,1,8,0,0,0,3
2009,7,2009-05-09,Carrara,Carlton,Fremantle,Carlton,Dennis Armfield,9,1,10,0,1,0,3
2009,7,2009-05-09,Carrara,Carlton,Fremantle,Carlton,Mark Austin,5,3,4,0,0,0,3
2009,7,2009-05-09,Carrara,Carlton,Fremantle,Carlton,Eddie Betts,8,2,3,1,3,0,3
2009,7,2009-05-09,Carrara,Carlton,Fremantle,Carlton,Paul Bower,9,6,10,0,0,0,3
2009,7,2009-05-09,Carrara,Carlton,Fremantle,Carlton,Cameron Cloke,6,4,3,1,0,4,4
2009,7,2009-05-09,Carrara,Carlton,Fremantle,Carlton,Brendan Fevola,3,2,2,1,1,1,1
2009,7,2009-05-09,Carrara,Carlton,Fremantle,Carlton,Bryce Gibbs,16,13,15,0,0,0,6
2009,7,2009-05-09,Carrara,Carlton,Fremantle,Carlton,Richard Hadley,6,4,12,1,0,0,5
2009,7,2009-05-09,Carrara,Carlton,Fremantle,Carlton,Shaun Hampson,4,2,8,0,1,6,5
2009,7,2009-05-09,Carrara,Carlton,Fremantle,Carlton,Michael Jamison,5,1,4,0,0,0,2
2009,7,2009-05-09,Carrara,Carlton,Fremantle,Carlton,Aaron Joseph,8,1,6,1,2,0,3
2009,7,2009-05-09,Carrara,Carlton,Fremantle,Carlton,Chris Judd,13,3,15,1,2,0,5
2009,7,2009-05-09,Carrara,Carlton,Fremantle,Carlton,Matthew Kreuzer,6,1,13,0,0,10,5
2009,7,2009-05-09,Carrara,Carlton,Fremantle,Carlton,Marc Murphy,13,7,18,1,1,0,6
2009,7,2009-05-09,Carrara,Carlton,Fremantle,Carlton,Jordan Russell,8,3,8,0,1,0,2
2009,7,2009-05-09,Carrara,Carlton,Fremantle,Carlton,Heath Scotland,16,7,19,0,0,0,1
2009,7,2009-05-09,Carrara,Carlton,Fremantle,Carlton,Kade Simpson,11,6,10,0,1,0,4
2009,7,2009-05-09,Carrara,Carlton,Fremantle,Carlton,Nick Stevens,8,3,12,0,1,0,1
2009,7,2009-05-09,Carrara,Carlton,Fremantle,Carlton,Bret Thornton,15,9,10,0,0,0,4
2009,7,2009-05-09,Carrara,Carlton,Fremantle,Carlton,Jarrad Waite,19,7,6,3,0,0,4
2009,7,2009-05-09,Carrara,Carlton,Fremantle,Carlton,Simon Wiggins,4,2,6,0,0,0,2
2009,7,2009-05-09,Carrara,Carlton,Fremantle,Carlton,Chris Yarran,5,3,5,1,0,0,3
2009,7,2009-05-09,Carrara,Carlton,Fremantle,Fremantle,Matt de Boer,4,0,5,0,1,0,2
2009,7,2009-05-09,Carrara,Carlton,Fremantle,Fremantle,Steven Dodd,2,2,8,0,0,0,3
2009,7,2009-05-09,Carrara,Carlton,Fremantle,Fremantle,Paul Duffield,16,5,1,0,0,0,2
2009,7,2009-05-09,Carrara,Carlton,Fremantle,Fremantle,Antoni Grover,9,5,9,0,0,0,2
2009,7,2009-05-09,Carrara,Carlton,Fremantle,Fremantle,Paul Hasleby,12,5,20,0,0,0,3
2009,7,2009-05-09,Carrara,Carlton,Fremantle,Fremantle,Roger Hayden,8,4,4,1,1,0,2
2009,7,2009-05-09,Carrara,Carlton,Fremantle,Fremantle,Stephen Hill,11,4,7,1,0,0,4
2009,7,2009-05-09,Carrara,Carlton,Fremantle,Fremantle,Clayton Hinkley,5,2,3,0,0,0,5
2009,7,2009-05-09,Carrara,Carlton,Fremantle,Fremantle,Garrick Ibbotson,15,3,8,0,0,0,3
2009,7,2009-05-09,Carrara,Carlton,Fremantle,Fremantle,Michael Johnson,8,3,6,0,0,2,1
2009,7,2009-05-09,Carrara,Carlton,Fremantle,Fremantle,Luke McPharlin,5,3,3,1,3,0,0
2009,7,2009-05-09,Carrara,Carlton,Fremantle,Fremantle,David Mundy,15,8,8,2,2,1,1
2009,7,2009-05-09,Carrara,Carlton,Fremantle,Fremantle,Ryan Murphy,5,4,2,2,0,0,2
2009,7,2009-05-09,Carrara,Carlton,Fremantle,Fremantle,Matthew Pavlich,12,5,6,0,0,0,7
2009,7,2009-05-09,Carrara,Carlton,Fremantle,Fremantle,Brett Peake,9,3,8,1,0,0,2
2009,7,2009-05-09,Carrara,Carlton,Fremantle,Fremantle,Luke Pratt,9,3,2,0,0,0,3
2009,7,2009-05-09,Carrara,Carlton,Fremantle,Fremantle,Aaron Sandilands,12,7,13,1,0,42,2
2009,7,2009-05-09,Carrara,Carlton,Fremantle,Fremantle,Byron Schammer,11,6,8,2,0,0,5
2009,7,2009-05-09,Carrara,Carlton,Fremantle,Fremantle,Dean Solomon,6,2,3,1,0,0,5
2009,7,2009-05-09,Carrara,Carlton,Fremantle,Fremantle,Nick Suban,11,5,0,0,1,0,3
2009,7,2009-05-09,Carrara,Carlton,Fremantle,Fremantle,Chris Tarrant,4,5,5,0,0,0,3
2009,7,2009-05-09,Carrara,Carlton,Fremantle,Fremantle,Scott Thornton,8,4,6,1,0,0,0
2009,7,2009-05-09,Docklands,North Melbourne,Port Adelaide,North Melbourne,Matt Campbell,12,4,4,3,0,0,5
2009,7,2009-05-09,Docklands,North Melbourne,Port Adelaide,North Melbourne,Aaron Edwards,4,3,6,3,0,0,0
2009,7,2009-05-09,Docklands,North Melbourne,Port Adelaide,North Melbourne,Michael Firrito,7,4,12,1,0,1,9
2009,7,2009-05-09,Docklands,North Melbourne,Port Adelaide,North Melbourne,Josh Gibson,7,2,2,0,0,0,2
2009,7,2009-05-09,Docklands,North Melbourne,Port Adelaide,North Melbourne,Todd Goldstein,2,2,4,0,0,15,0
2009,7,2009-05-09,Docklands,North Melbourne,Port Adelaide,North Melbourne,David Hale,6,4,3,2,0,0,0
2009,7,2009-05-09,Docklands,North Melbourne,Port Adelaide,North Melbourne,Leigh Harding,11,8,10,2,1,0,2
2009,7,2009-05-09,Docklands,North Melbourne,Port Adelaide,North Melbourne,Daniel Harris,5,4,14,0,0,0,5
2009,7,2009-05-09,Docklands,North Melbourne,Port Adelaide,North Melbourne,Ed Lower,10,5,9,1,0,0,2
2009,7,2009-05-09,Docklands,North Melbourne,Port Adelaide,North Melbourne,Hamish McIntosh,8,2,12,0,0,29,1
2009,7,2009-05-09,Docklands,North Melbourne,Port Adelaide,North Melbourne,Scott McMahon,12,2,11,0,0,0,3
2009,7,2009-05-09,Docklands,North Melbourne,Port Adelaide,North Melbourne,Drew Petrie,9,6,7,1,0,5,9
2009,7,2009-05-09,Docklands,North Melbourne,Port Adelaide,North Melbourne,Sam Power,5,3,6,0,1,0,2
2009,7,2009-05-09,Docklands,North Melbourne,Port Adelaide,North Melbourne,Ben Ross,11,4,9,0,0,0,4
2009,7,2009-05-09,Docklands,North Melbourne,Port Adelaide,North Melbourne,Adam Simpson,12,6,15,1,0,1,6
2009,7,2009-05-09,Docklands,North Melbourne,Port Adelaide,North Melbourne,Andrew Swallow,9,4,18,1,0,0,6
2009,7,2009-05-09,Docklands,North Melbourne,Port Adelaide,North Melbourne,Lindsay Thomas,7,3,4,2,2,0,1
2009,7,2009-05-09,Docklands,North Melbourne,Port Adelaide,North Melbourne,Scott Thompson,4,2,3,0,0,0,1
2009,7,2009-05-09,Docklands,North Melbourne,Port Adelaide,North Melbourne,Ben Warren,8,3,4,2,0,0,1
2009,7,2009-05-09,Docklands,North Melbourne,Port Adelaide,North Melbourne,Shannon Watt,5,3,6,0,0,0,2
2009,7,2009-05-09,Docklands,North Melbourne,Port Adelaide,North Melbourne,Daniel Wells,17,4,9,0,0,0,2
2009,7,2009-05-09,Docklands,North Melbourne,Port Adelaide,North Melbourne,Jack Ziebell,13,5,10,1,0,0,4
2009,7,2009-05-09,Docklands,North Melbourne,Port Adelaide,Port Adelaide,Travis Boak,17,1,10,2,0,0,10
2009,7,2009-05-09,Docklands,North Melbourne,Port Adelaide,Port Adelaide,Dean Brogan,4,4,5,1,0,36,2
2009,7,2009-05-09,Docklands,North Melbourne,Port Adelaide,Port Adelaide,Peter Burgoyne,9,1,5,0,0,0,3
2009,7,2009-05-09,Docklands,North Melbourne,Port Adelaide,Port Adelaide,Alipate Carlile,8,7,4,0,0,0,5
2009,7,2009-05-09,Docklands,North Melbourne,Port Adelaide,Port Adelaide,Domenic Cassisi,10,3,17,0,0,0,12
2009,7,2009-05-09,Docklands,North Melbourne,Port Adelaide,Port Adelaide,Troy Chaplin,10,6,12,1,0,1,4
2009,7,2009-05-09,Docklands,North Melbourne,Port Adelaide,Port Adelaide,Chad Cornes,9,4,11,1,1,0,6
2009,7,2009-05-09,Docklands,North Melbourne,Port Adelaide,Port Adelaide,Kane Cornes,11,9,18,0,0,1,6
2009,7,2009-05-09,Docklands,North Melbourne,Port Adelaide,Port Adelaide,Jason Davenport,8,4,6,1,0,0,2
2009,7,2009-05-09,Docklands,North Melbourne,Port Adelaide,Port Adelaide,Brett Ebert,7,6,2,2,1,0,3
2009,7,2009-05-09,Docklands,North Melbourne,Port Adelaide,Port Adelaide,Robbie Gray,5,1,13,0,0,0,8
2009,7,2009-05-09,Docklands,North Melbourne,Port Adelaide,Port Adelaide,Nathan Krakouer,9,2,0,1,0,0,2
2009,7,2009-05-09,Docklands,North Melbourne,Port Adelaide,Port Adelaide,Brendon Lade,7,3,1,2,0,24,2
2009,7,2009-05-09,Docklands,North Melbourne,Port Adelaide,Port Adelaide,Tom Logan,7,2,13,0,1,0,1
2009,7,2009-05-09,Docklands,North Melbourne,Port Adelaide,Port Adelaide,Daniel Motlop,11,5,2,2,4,0,1
2009,7,2009-05-09,Docklands,North Melbourne,Port Adelaide,Port Adelaide,Danyle Pearce,11,3,8,0,1,0,2
2009,7,2009-05-09,Docklands,North Melbourne,Port Adelaide,Port Adelaide,Michael Pettigrew,5,3,8,0,0,0,2
2009,7,2009-05-09,Docklands,North Melbourne,Port Adelaide,Port Adelaide,David Rodan,6,2,7,2,0,0,4
2009,7,2009-05-09,Docklands,North Melbourne,Port Adelaide,Port Adelaide,Steven Salopek,8,3,2,0,0,0,0
2009,7,2009-05-09,Docklands,North Melbourne,Port Adelaide,Port Adelaide,Jacob Surjan,5,3,8,0,0,0,3
2009,7,2009-05-09,Docklands,North Melbourne,Port Adelaide,Port Adelaide,Matt Thomas,5,1,12,0,1,1,4
2009,7,2009-05-09,Docklands,North Melbourne,Port Adelaide,Port Adelaide,Warren Tredrea,8,7,3,3,1,0,3
2009,7,2009-05-10,Football Park,Adelaide,Western Bulldogs,Adelaide,Patrick Dangerfield,3,2,10,0,2,0,2
2009,7,2009-05-10,Football Park,Adelaide,Western Bulldogs,Adelaide,Michael Doughty,5,2,9,0,0,1,6
2009,7,2009-05-10,Football Park,Adelaide,Western Bulldogs,Adelaide,Richard Douglas,9,4,4,0,0,0,0
2009,7,2009-05-10,Football Park,Adelaide,Western Bulldogs,Adelaide,Tyson Edwards,10,1,11,1,0,0,3
2009,7,2009-05-10,Football Park,Adelaide,Western Bulldogs,Adelaide,Simon Goodwin,9,5,5,1,0,0,1
2009,7,2009-05-10,Football Park,Adelaide,Western Bulldogs,Adelaide,Graham Johncock,12,6,10,0,0,0,4
2009,7,2009-05-10,Football Park,Adelaide,Western Bulldogs,Adelaide,Chris Knights,8,5,16,3,0,1,2
2009,7,2009-05-10,Football Park,Adelaide,Western Bulldogs,Adelaide,David Mackay,11,2,12,0,0,0,1
2009,7,2009-05-10,Football Park,Adelaide,Western Bulldogs,Adelaide,Andrew McLeod,9,2,10,0,1,0,5
2009,7,2009-05-10,Football Park,Adelaide,Western Bulldogs,Adelaide,Brad Moran,3,4,6,0,1,8,3
2009,7,2009-05-10,Football Park,Adelaide,Western Bulldogs,Adelaide,Andy Otten,4,4,13,0,0,0,5
2009,7,2009-05-10,Football Park,Adelaide,Western Bulldogs,Adelaide,Jared Petrenko,3,1,3,0,1,0,3
2009,7,2009-05-10,Football Park,Adelaide,Western Bulldogs,Adelaide,Jason Porplyzia,10,2,5,2,1,0,5
2009,7,2009-05-10,Football Park,Adelaide,Western Bulldogs,Adelaide,Brent Reilly,12,4,7,0,0,0,2
2009,7,2009-05-10,Football Park,Adelaide,Western Bulldogs,Adelaide,Ben Rutten,8,4,8,0,0,0,0
2009,7,2009-05-10,Football Park,Adelaide,Western Bulldogs,Adelaide,Scott Stevens,11,6,5,0,3,0,2
2009,7,2009-05-10,Football Park,Adelaide,Western Bulldogs,Adelaide,Brad Symes,5,4,16,0,0,1,2
2009,7,2009-05-10,Football Park,Adelaide,Western Bulldogs,Adelaide,Scott Thompson,10,4,24,0,0,0,0
2009,7,2009-05-10,Football Park,Adelaide,Western Bulldogs,Adelaide,Kurt Tippett,6,4,5,1,0,16,2
2009,7,2009-05-10,Football Park,Adelaide,Western Bulldogs,Adelaide,Nathan van Berlo,8,7,21,0,0,0,0
2009,7,2009-05-10,Football Park,Adelaide,Western Bulldogs,Adelaide,Bernie Vince,8,5,10,0,0,1,1
2009,7,2009-05-10,Football Park,Adelaide,Western Bulldogs,Adelaide,Taylor Walker,14,9,4,4,3,0,2
2009,7,2009-05-10,Football Park,Adelaide,Western Bulldogs,Western Bulldogs,Jason Akermanis,13,8,4,3,2,0,2
2009,7,2009-05-10,Football Park,Adelaide,Western Bulldogs,Western Bulldogs,Matthew Boyd,15,6,11,0,1,0,2
2009,7,2009-05-10,Football Park,Adelaide,Western Bulldogs,Western Bulldogs,Adam Cooney,16,4,13,1,1,0,3
2009,7,2009-05-10,Football Park,Adelaide,Western Bulldogs,Western Bulldogs,Daniel Cross,8,6,20,0,0,4,1
2009,7,2009-05-10,Football Park,Adelaide,Western Bulldogs,Western Bulldogs,Nathan Eagleton,14,9,15,2,0,0,0
2009,7,2009-05-10,Football Park,Adelaide,Western Bulldogs,Western Bulldogs,Andrejs Everitt,6,4,2,0,0,0,4
2009,7,2009-05-10,Football Park,Adelaide,Western Bulldogs,Western Bulldogs,Daniel Giansiracusa,11,4,7,1,0,0,4
2009,7,2009-05-10,Football Park,Adelaide,Western Bulldogs,Western Bulldogs,Lindsay Gilbee,17,11,10,1,1,0,2
2009,7,2009-05-10,Football Park,Adelaide,Western Bulldogs,Western Bulldogs,Ryan Griffen,8,2,9,0,1,0,6
2009,7,2009-05-10,Football Park,Adelaide,Western Bulldogs,Western Bulldogs,Mitch Hahn,11,3,3,1,0,0,8
2009,7,2009-05-10,Football Park,Adelaide,Western Bulldogs,Western Bulldogs,Jarrod Harbrow,16,8,9,0,0,0,4
2009,7,2009-05-10,Football Park,Adelaide,Western Bulldogs,Western Bulldogs,Ryan Hargrave,10,4,9,0,0,0,3
2009,7,2009-05-10,Football Park,Adelaide,Western Bulldogs,Western Bulldogs,Josh Hill,7,6,6,2,1,0,4
2009,7,2009-05-10,Football Park,Adelaide,Western Bulldogs,Western Bulldogs,Ben Hudson,0,2,6,0,0,10,7
2009,7,2009-05-10,Football Park,Adelaide,Western Bulldogs,Western Bulldogs,Brad Johnson,16,6,11,1,1,0,3
2009,7,2009-05-10,Football Park,Adelaide,Western Bulldogs,Western Bulldogs,Brian Lake,10,7,6,0,0,2,2
2009,7,2009-05-10,Football Park,Adelaide,Western Bulldogs,Western Bulldogs,Will Minson,5,2,4,1,0,16,3
2009,7,2009-05-10,Football Park,Adelaide,Western Bulldogs,Western Bulldogs,Dale Morris,3,6,6,0,0,0,1
2009,7,2009-05-10,Football Park,Adelaide,Western Bulldogs,Western Bulldogs,Robert Murphy,12,10,6,4,0,0,2
2009,7,2009-05-10,Football Park,Adelaide,Western Bulldogs,Western Bulldogs,Liam Picken,4,2,5,0,0,0,2
2009,7,2009-05-10,Football Park,Adelaide,Western Bulldogs,Western Bulldogs,Scott Welsh,4,2,1,0,2,0,2
2009,7,2009-05-10,Football Park,Adelaide,Western Bulldogs,Western Bulldogs,Tom Williams,5,4,6,0,0,0,2
2009,7,2009-05-10,Subiaco,West Coast,Melbourne,West Coast,Sam Butler,10,4,11,0,0,0,4
2009,7,2009-05-10,Subiaco,West Coast,Melbourne,West Coast,Adam Cockie,2,0,10,1,0,0,3
2009,7,2009-05-10,Subiaco,West Coast,Melbourne,West Coast,Dean Cox,10,8,13,1,0,27,0
2009,7,2009-05-10,Subiaco,West Coast,Melbourne,West Coast,Andrew Embley,16,7,10,0,1,0,2
2009,7,2009-05-10,Subiaco,West Coast,Melbourne,West Coast,Darren Glass,4,6,8,0,0,0,0
2009,7,2009-05-10,Subiaco,West Coast,Melbourne,West Coast,Adam Hunter,8,4,8,2,2,0,0
2009,7,2009-05-10,Subiaco,West Coast,Melbourne,West Coast,Shannon Hurn,15,8,8,0,0,0,0
2009,7,2009-05-10,Subiaco,West Coast,Melbourne,West Coast,Brett Jones,7,4,6,0,0,0,0
2009,7,2009-05-10,Subiaco,West Coast,Melbourne,West Coast,Josh Kennedy,13,9,3,0,2,0,1
2009,7,2009-05-10,Subiaco,West Coast,Melbourne,West Coast,Daniel Kerr,4,0,4,0,0,0,2
2009,7,2009-05-10,Subiaco,West Coast,Melbourne,West Coast,Mark LeCras,18,8,4,4,6,0,2
2009,7,2009-05-10,Subiaco,West Coast,Melbourne,West Coast,Quinten Lynch,10,4,8,0,2,4,1
2009,7,2009-05-10,Subiaco,West Coast,Melbourne,West Coast,Chris Masten,9,3,9,1,0,0,0
2009,7,2009-05-10,Subiaco,West Coast,Melbourne,West Coast,Ben McKinley,7,3,1,1,2,0,0
2009,7,2009-05-10,Subiaco,West Coast,Melbourne,West Coast,Jamie McNamara,9,5,5,1,1,0,2
2009,7,2009-05-10,Subiaco,West Coast,Melbourne,West Coast,Mark Nicoski,6,2,2,0,0,0,1
2009,7,2009-05-10,Subiaco,West Coast,Melbourne,West Coast,Matt Rosa,8,5,10,0,1,0,3
2009,7,2009-05-10,Subiaco,West Coast,Melbourne,West Coast,Will Schofield,7,5,6,0,0,0,1
2009,7,2009-05-10,Subiaco,West Coast,Melbourne,West Coast,Adam Selwood,15,7,7,1,0,0,5
2009,7,2009-05-10,Subiaco,West Coast,Melbourne,West Coast,Scott Selwood,12,5,3,0,0,0,1
2009,7,2009-05-10,Subiaco,West Coast,Melbourne,West Coast,Matthew Spangher,4,3,4,0,0,1,0
2009,7,2009-05-10,Subiaco,West Coast,Melbourne,West Coast,David Wirrpanda,18,1,6,0,0,0,1
2009,7,2009-05-10,Subiaco,West Coast,Melbourne,Melbourne,Clint Bartram,6,2,9,1,0,0,3
2009,7,2009-05-10,Subiaco,West Coast,Melbourne,Melbourne,Matthew Bate,10,9,5,1,1,0,1
2009,7,2009-05-10,Subiaco,West Coast,Melbourne,Melbourne,Jamie Bennell,13,6,6,0,0,0,4
2009,7,2009-05-10,Subiaco,West Coast,Melbourne,Melbourne,Cameron Bruce,16,4,17,1,0,0,1
2009,7,2009-05-10,Subiaco,West Coast,Melbourne,Melbourne,Aaron Davey,15,4,5,0,1,0,2
2009,7,2009-05-10,Subiaco,West Coast,Melbourne,Melbourne,Lynden Dunn,8,5,4,0,0,0,2
2009,7,2009-05-10,Subiaco,West Coast,Melbourne,Melbourne,James Frawley,3,2,1,0,0,0,0
2009,7,2009-05-10,Subiaco,West Coast,Melbourne,Melbourne,Jack Grimes,17,13,5,0,0,0,2
2009,7,2009-05-10,Subiaco,West Coast,Melbourne,Melbourne,Paul Johnson,9,3,11,0,0,21,2
2009,7,2009-05-10,Subiaco,West Coast,Melbourne,Melbourne,Nathan Jones,13,7,14,1,1,0,5
2009,7,2009-05-10,Subiaco,West Coast,Melbourne,Melbourne,Addam Maric,10,7,3,2,0,0,2
2009,7,2009-05-10,Subiaco,West Coast,Melbourne,Melbourne,Stefan Martin,4,2,5,0,0,0,1
2009,7,2009-05-10,Subiaco,West Coast,Melbourne,Melbourne,James McDonald,4,4,7,0,0,1,6
2009,7,2009-05-10,Subiaco,West Coast,Melbourne,Melbourne,Brock McLean,7,4,9,0,0,0,3
2009,7,2009-05-10,Subiaco,West Coast,Melbourne,Melbourne,Brad Miller,9,8,4,3,0,0,3
2009,7,2009-05-10,Subiaco,West Coast,Melbourne,Melbourne,Brent Moloney,12,6,18,0,0,0,3
2009,7,2009-05-10,Subiaco,West Coast,Melbourne,Melbourne,Cale Morton,28,16,6,0,0,1,0
2009,7,2009-05-10,Subiaco,West Coast,Melbourne,Melbourne,Ricky Petterd,8,6,3,2,0,0,3
2009,7,2009-05-10,Subiaco,West Coast,Melbourne,Melbourne,Jared Rivers,5,5,1,0,0,0,2
2009,7,2009-05-10,Subiaco,West Coast,Melbourne,Melbourne,Russell Robertson,5,6,4,2,0,0,2
2009,7,2009-05-10,Subiaco,West Coast,Melbourne,Melbourne,Colin Sylvia,11,7,6,0,1,2,1
2009,7,2009-05-10,Subiaco,West Coast,Melbourne,Melbourne,Matthew Warnock,8,6,4,0,0,0,2
2009,7,2009-05-11,Docklands,Collingwood,St Kilda,Collingwood,Jaxson Barham,2,1,13,0,0,0,4
2009,7,2009-05-11,Docklands,Collingwood,St Kilda,Collingwood,Leigh Brown,9,3,1,0,0,12,3
2009,7,2009-05-11,Docklands,Collingwood,St Kilda,Collingwood,Nathan Brown,3,3,7,0,0,0,2
2009,7,2009-05-11,Docklands,Collingwood,St Kilda,Collingwood,Martin Clarke,14,1,6,0,0,1,3
2009,7,2009-05-11,Docklands,Collingwood,St Kilda,Collingwood,Travis Cloke,8,5,4,0,0,1,1
2009,7,2009-05-11,Docklands,Collingwood,St Kilda,Collingwood,Anthony Corrie,9,3,6,0,1,0,2
2009,7,2009-05-11,Docklands,Collingwood,St Kilda,Collingwood,Josh Fraser,2,2,5,0,0,13,1
2009,7,2009-05-11,Docklands,Collingwood,St Kilda,Collingwood,Tarkyn Lockyer,6,2,7,1,0,0,4
2009,7,2009-05-11,Docklands,Collingwood,St Kilda,Collingwood,Heritier Lumumba,12,3,7,0,0,1,1
2009,7,2009-05-11,Docklands,Collingwood,St Kilda,Collingwood,Brent Macaffer,4,4,6,0,0,0,6
2009,7,2009-05-11,Docklands,Collingwood,St Kilda,Collingwood,Nick Maxwell,11,9,10,0,0,1,1
2009,7,2009-05-11,Docklands,Collingwood,St Kilda,Collingwood,Shane OBree,12,4,20,0,1,0,1
2009,7,2009-05-11,Docklands,Collingwood,St Kilda,Collingwood,Scott Pendlebury,14,7,14,1,0,0,6
2009,7,2009-05-11,Docklands,Collingwood,St Kilda,Collingwood,Simon Prestigiacomo,2,1,4,0,0,0,1
2009,7,2009-05-11,Docklands,Collingwood,St Kilda,Collingwood,Anthony Rocca,7,3,3,1,1,0,1
2009,7,2009-05-11,Docklands,Collingwood,St Kilda,Collingwood,Heath Shaw,15,8,7,0,1,0,4
2009,7,2009-05-11,Docklands,Collingwood,St Kilda,Collingwood,Steele Sidebottom,12,4,10,0,0,0,3
2009,7,2009-05-11,Docklands,Collingwood,St Kilda,Collingwood,Danny Stanley,3,3,12,0,0,0,1
2009,7,2009-05-11,Docklands,Collingwood,St Kilda,Collingwood,Dane Swan,12,3,12,0,0,0,3
2009,7,2009-05-11,Docklands,Collingwood,St Kilda,Collingwood,Dale Thomas,9,6,4,0,1,0,4
2009,7,2009-05-11,Docklands,Collingwood,St Kilda,Collingwood,Alan Toovey,6,0,6,0,1,2,5
2009,7,2009-05-11,Docklands,Collingwood,St Kilda,Collingwood,Sharrod Wellingham,12,3,8,2,1,0,2
2009,7,2009-05-11,Docklands,Collingwood,St Kilda,St Kilda,Steven Baker,10,7,3,0,0,0,2
2009,7,2009-05-11,Docklands,Collingwood,St Kilda,St Kilda,Luke Ball,11,4,15,0,0,0,3
2009,7,2009-05-11,Docklands,Collingwood,St Kilda,St Kilda,Jason Blake,8,6,11,0,0,1,1
2009,7,2009-05-11,Docklands,Collingwood,St Kilda,St Kilda,Nick Dal Santo,21,5,17,0,1,0,2
2009,7,2009-05-11,Docklands,Collingwood,St Kilda,St Kilda,Zac Dawson,7,4,3,0,0,3,2
2009,7,2009-05-11,Docklands,Collingwood,St Kilda,St Kilda,Sam Fisher,12,8,17,0,0,0,1
2009,7,2009-05-11,Docklands,Collingwood,St Kilda,St Kilda,Michael Gardiner,3,3,4,0,0,28,0
2009,7,2009-05-11,Docklands,Collingwood,St Kilda,St Kilda,Jarryn Geary,14,9,12,0,0,0,3
2009,7,2009-05-11,Docklands,Collingwood,St Kilda,St Kilda,Sam Gilbert,17,10,12,0,0,0,2
2009,7,2009-05-11,Docklands,Collingwood,St Kilda,St Kilda,Brendon Goddard,19,8,12,1,0,0,2
2009,7,2009-05-11,Docklands,Collingwood,St Kilda,St Kilda,Jason Gram,8,1,11,1,0,0,3
2009,7,2009-05-11,Docklands,Collingwood,St Kilda,St Kilda,James Gwilt,5,4,6,0,1,0,4
2009,7,2009-05-11,Docklands,Collingwood,St Kilda,St Kilda,Lenny Hayes,12,5,21,0,0,3,9
2009,7,2009-05-11,Docklands,Collingwood,St Kilda,St Kilda,Clinton Jones,4,2,8,1,0,0,4
2009,7,2009-05-11,Docklands,Collingwood,St Kilda,St Kilda,Justin Koschitzke,9,6,2,1,3,0,0
2009,7,2009-05-11,Docklands,Collingwood,St Kilda,St Kilda,Ben McEvoy,2,4,5,0,0,15,1
2009,7,2009-05-11,Docklands,Collingwood,St Kilda,St Kilda,Andrew McQualter,5,2,9,2,0,0,9
2009,7,2009-05-11,Docklands,Collingwood,St Kilda,St Kilda,Stephen Milne,9,2,4,4,0,0,2
2009,7,2009-05-11,Docklands,Collingwood,St Kilda,St Kilda,Leigh Montagna,22,4,16,0,0,0,3
2009,7,2009-05-11,Docklands,Collingwood,St Kilda,St Kilda,Farren Ray,8,3,10,0,1,0,4
2009,7,2009-05-11,Docklands,Collingwood,St Kilda,St Kilda,Nick Riewoldt,13,11,4,5,1,0,4
2009,7,2009-05-11,Docklands,Collingwood,St Kilda,St Kilda,Adam Schneider,10,4,6,5,0,0,5
2009,8,2009-05-15,Subiaco,Fremantle,Hawthorn,Fremantle,Greg Broughton,3,3,13,0,0,0,4
2009,8,2009-05-15,Subiaco,Fremantle,Hawthorn,Fremantle,Matt de Boer,5,0,7,0,0,0,2
2009,8,2009-05-15,Subiaco,Fremantle,Hawthorn,Fremantle,Steven Dodd,3,2,7,0,1,0,1
2009,8,2009-05-15,Subiaco,Fremantle,Hawthorn,Fremantle,Paul Duffield,20,6,6,1,1,0,5
2009,8,2009-05-15,Subiaco,Fremantle,Hawthorn,Fremantle,Antoni Grover,6,5,12,0,0,0,1
2009,8,2009-05-15,Subiaco,Fremantle,Hawthorn,Fremantle,Paul Hasleby,8,5,15,0,0,0,2
2009,8,2009-05-15,Subiaco,Fremantle,Hawthorn,Fremantle,Roger Hayden,4,2,7,0,0,0,2
2009,8,2009-05-15,Subiaco,Fremantle,Hawthorn,Fremantle,Stephen Hill,4,1,9,0,0,0,1
2009,8,2009-05-15,Subiaco,Fremantle,Hawthorn,Fremantle,Clayton Hinkley,4,2,5,0,0,0,0
2009,8,2009-05-15,Subiaco,Fremantle,Hawthorn,Fremantle,Garrick Ibbotson,8,3,5,0,0,1,1
2009,8,2009-05-15,Subiaco,Fremantle,Hawthorn,Fremantle,Michael Johnson,13,3,3,1,1,1,2
2009,8,2009-05-15,Subiaco,Fremantle,Hawthorn,Fremantle,Luke McPharlin,7,6,4,2,1,0,3
2009,8,2009-05-15,Subiaco,Fremantle,Hawthorn,Fremantle,David Mundy,4,1,5,0,0,0,4
2009,8,2009-05-15,Subiaco,Fremantle,Hawthorn,Fremantle,Ryan Murphy,5,3,1,2,1,0,3
2009,8,2009-05-15,Subiaco,Fremantle,Hawthorn,Fremantle,Matthew Pavlich,20,8,10,1,0,3,8
2009,8,2009-05-15,Subiaco,Fremantle,Hawthorn,Fremantle,Brett Peake,7,4,7,0,0,0,3
2009,8,2009-05-15,Subiaco,Fremantle,Hawthorn,Fremantle,Aaron Sandilands,8,4,7,1,1,41,3
2009,8,2009-05-15,Subiaco,Fremantle,Hawthorn,Fremantle,Byron Schammer,14,4,15,0,1,0,9
2009,8,2009-05-15,Subiaco,Fremantle,Hawthorn,Fremantle,Dean Solomon,6,3,10,0,1,0,8
2009,8,2009-05-15,Subiaco,Fremantle,Hawthorn,Fremantle,Nick Suban,7,1,1,0,1,0,5
2009,8,2009-05-15,Subiaco,Fremantle,Hawthorn,Fremantle,Chris Tarrant,5,2,9,0,0,0,2
2009,8,2009-05-15,Subiaco,Fremantle,Hawthorn,Fremantle,Scott Thornton,6,4,6,1,0,0,1
2009,8,2009-05-15,Subiaco,Fremantle,Hawthorn,Hawthorn,Chance Bateman,14,8,8,1,0,0,3
2009,8,2009-05-15,Subiaco,Fremantle,Hawthorn,Hawthorn,Grant Birchall,13,4,9,0,0,0,4
2009,8,2009-05-15,Subiaco,Fremantle,Hawthorn,Hawthorn,Campbell Brown,8,3,4,0,0,0,3
2009,8,2009-05-15,Subiaco,Fremantle,Hawthorn,Hawthorn,Robert Campbell,1,1,7,0,0,17,5
2009,8,2009-05-15,Subiaco,Fremantle,Hawthorn,Hawthorn,Stuart Dew,8,2,8,1,0,0,2
2009,8,2009-05-15,Subiaco,Fremantle,Hawthorn,Hawthorn,Beau Dowler,6,5,12,0,0,0,1
2009,8,2009-05-15,Subiaco,Fremantle,Hawthorn,Hawthorn,Lance Franklin,7,4,4,4,0,0,3
2009,8,2009-05-15,Subiaco,Fremantle,Hawthorn,Hawthorn,Brent Guerra,6,1,8,0,0,0,2
2009,8,2009-05-15,Subiaco,Fremantle,Hawthorn,Hawthorn,Jordan Lewis,11,4,12,0,0,0,3
2009,8,2009-05-15,Subiaco,Fremantle,Hawthorn,Hawthorn,Ben McGlynn,13,10,8,0,1,0,6
2009,8,2009-05-15,Subiaco,Fremantle,Hawthorn,Hawthorn,Sam Mitchell,29,10,5,0,0,0,4
2009,8,2009-05-15,Subiaco,Fremantle,Hawthorn,Hawthorn,Jarryd Morton,12,6,8,0,0,0,0
2009,8,2009-05-15,Subiaco,Fremantle,Hawthorn,Hawthorn,Garry Moss,5,5,5,1,0,0,2
2009,8,2009-05-15,Subiaco,Fremantle,Hawthorn,Hawthorn,Tom Murphy,7,5,8,0,0,0,2
2009,8,2009-05-15,Subiaco,Fremantle,Hawthorn,Hawthorn,Michael Osborne,10,4,4,1,2,0,3
2009,8,2009-05-15,Subiaco,Fremantle,Hawthorn,Hawthorn,Cyril Rioli,7,3,9,2,0,0,6
2009,8,2009-05-15,Subiaco,Fremantle,Hawthorn,Hawthorn,Jarryd Roughead,8,5,3,1,3,0,5
2009,8,2009-05-15,Subiaco,Fremantle,Hawthorn,Hawthorn,Brad Sewell,9,4,20,0,0,0,11
2009,8,2009-05-15,Subiaco,Fremantle,Hawthorn,Hawthorn,Simon Taylor,2,2,3,0,0,14,3
2009,8,2009-05-15,Subiaco,Fremantle,Hawthorn,Hawthorn,Travis Tuck,6,1,7,0,0,0,1
2009,8,2009-05-15,Subiaco,Fremantle,Hawthorn,Hawthorn,Brendan Whitecross,8,4,12,0,0,0,0
2009,8,2009-05-15,Subiaco,Fremantle,Hawthorn,Hawthorn,Mark Williams,9,3,3,2,2,0,2
2009,8,2009-05-16,M.C.G.,Melbourne,Western Bulldogs,Melbourne,Clint Bartram,6,0,8,0,0,0,6
2009,8,2009-05-16,M.C.G.,Melbourne,Western Bulldogs,Melbourne,Matthew Bate,9,8,7,4,0,0,1
2009,8,2009-05-16,M.C.G.,Melbourne,Western Bulldogs,Melbourne,Cameron Bruce,7,6,19,0,0,0,2
2009,8,2009-05-16,M.C.G.,Melbourne,Western Bulldogs,Melbourne,Kyle Cheney,8,8,14,0,0,0,2
2009,8,2009-05-16,M.C.G.,Melbourne,Western Bulldogs,Melbourne,Aaron Davey,20,3,8,1,0,0,4
2009,8,2009-05-16,M.C.G.,Melbourne,Western Bulldogs,Melbourne,Lynden Dunn,8,2,5,0,0,1,1
2009,8,2009-05-16,M.C.G.,Melbourne,Western Bulldogs,Melbourne,Jack Grimes,14,7,11,0,0,0,2
2009,8,2009-05-16,M.C.G.,Melbourne,Western Bulldogs,Melbourne,Paul Johnson,14,9,8,0,0,17,3
2009,8,2009-05-16,M.C.G.,Melbourne,Western Bulldogs,Melbourne,Nathan Jones,4,2,21,1,0,0,3
2009,8,2009-05-16,M.C.G.,Melbourne,Western Bulldogs,Melbourne,Addam Maric,6,2,6,2,0,0,1
2009,8,2009-05-16,M.C.G.,Melbourne,Western Bulldogs,Melbourne,Stefan Martin,4,4,13,0,0,1,3
2009,8,2009-05-16,M.C.G.,Melbourne,Western Bulldogs,Melbourne,James McDonald,10,5,15,0,0,2,3
2009,8,2009-05-16,M.C.G.,Melbourne,Western Bulldogs,Melbourne,Brock McLean,15,5,21,1,0,0,6
2009,8,2009-05-16,M.C.G.,Melbourne,Western Bulldogs,Melbourne,Brad Miller,4,5,9,0,2,0,1
2009,8,2009-05-16,M.C.G.,Melbourne,Western Bulldogs,Melbourne,Brent Moloney,12,7,25,0,0,0,6
2009,8,2009-05-16,M.C.G.,Melbourne,Western Bulldogs,Melbourne,Cale Morton,23,7,14,0,0,0,3
2009,8,2009-05-16,M.C.G.,Melbourne,Western Bulldogs,Melbourne,Ricky Petterd,2,3,5,1,0,0,2
2009,8,2009-05-16,M.C.G.,Melbourne,Western Bulldogs,Melbourne,Russell Robertson,6,1,2,3,0,0,1
2009,8,2009-05-16,M.C.G.,Melbourne,Western Bulldogs,Melbourne,Colin Sylvia,10,8,14,1,1,4,3
2009,8,2009-05-16,M.C.G.,Melbourne,Western Bulldogs,Melbourne,Shane Valenti,5,2,6,1,1,0,1
2009,8,2009-05-16,M.C.G.,Melbourne,Western Bulldogs,Melbourne,Matthew Warnock,3,2,8,0,0,0,3
2009,8,2009-05-16,M.C.G.,Melbourne,Western Bulldogs,Melbourne,Matthew Whelan,12,6,14,0,0,0,3
2009,8,2009-05-16,M.C.G.,Melbourne,Western Bulldogs,Western Bulldogs,Dylan Addison,2,2,11,1,0,0,5
2009,8,2009-05-16,M.C.G.,Melbourne,Western Bulldogs,Western Bulldogs,Jason Akermanis,14,4,5,4,2,0,4
2009,8,2009-05-16,M.C.G.,Melbourne,Western Bulldogs,Western Bulldogs,Matthew Boyd,20,7,13,1,0,0,5
2009,8,2009-05-16,M.C.G.,Melbourne,Western Bulldogs,Western Bulldogs,Adam Cooney,7,1,19,1,0,0,3
2009,8,2009-05-16,M.C.G.,Melbourne,Western Bulldogs,Western Bulldogs,Daniel Cross,3,3,20,0,0,1,4
2009,8,2009-05-16,M.C.G.,Melbourne,Western Bulldogs,Western Bulldogs,Nathan Eagleton,12,6,9,0,1,0,1
2009,8,2009-05-16,M.C.G.,Melbourne,Western Bulldogs,Western Bulldogs,Andrejs Everitt,6,2,6,0,0,0,2
2009,8,2009-05-16,M.C.G.,Melbourne,Western Bulldogs,Western Bulldogs,Daniel Giansiracusa,19,5,9,0,2,0,1
2009,8,2009-05-16,M.C.G.,Melbourne,Western Bulldogs,Western Bulldogs,Lindsay Gilbee,19,3,9,2,2,0,2
2009,8,2009-05-16,M.C.G.,Melbourne,Western Bulldogs,Western Bulldogs,Ryan Griffen,13,2,9,0,0,0,4
2009,8,2009-05-16,M.C.G.,Melbourne,Western Bulldogs,Western Bulldogs,Mitch Hahn,9,1,5,1,0,0,5
2009,8,2009-05-16,M.C.G.,Melbourne,Western Bulldogs,Western Bulldogs,Jarrod Harbrow,13,3,7,0,0,0,0
2009,8,2009-05-16,M.C.G.,Melbourne,Western Bulldogs,Western Bulldogs,Josh Hill,7,3,3,0,2,0,6
2009,8,2009-05-16,M.C.G.,Melbourne,Western Bulldogs,Western Bulldogs,Ben Hudson,4,6,10,0,0,22,2
2009,8,2009-05-16,M.C.G.,Melbourne,Western Bulldogs,Western Bulldogs,Brad Johnson,10,5,6,1,1,0,1
2009,8,2009-05-16,M.C.G.,Melbourne,Western Bulldogs,Western Bulldogs,Brian Lake,11,8,6,0,0,1,1
2009,8,2009-05-16,M.C.G.,Melbourne,Western Bulldogs,Western Bulldogs,Will Minson,5,3,5,0,1,14,4
2009,8,2009-05-16,M.C.G.,Melbourne,Western Bulldogs,Western Bulldogs,Dale Morris,5,6,10,0,0,0,2
2009,8,2009-05-16,M.C.G.,Melbourne,Western Bulldogs,Western Bulldogs,Robert Murphy,6,4,0,1,0,0,0
2009,8,2009-05-16,M.C.G.,Melbourne,Western Bulldogs,Western Bulldogs,Liam Picken,7,1,3,0,1,0,4
2009,8,2009-05-16,M.C.G.,Melbourne,Western Bulldogs,Western Bulldogs,Scott Welsh,9,6,5,3,2,0,3
2009,8,2009-05-16,M.C.G.,Melbourne,Western Bulldogs,Western Bulldogs,Tom Williams,5,2,4,0,0,0,1
2009,8,2009-05-16,Kardinia Park,Geelong,North Melbourne,Geelong,Jimmy Bartel,16,5,18,3,0,0,5
2009,8,2009-05-16,Kardinia Park,Geelong,North Melbourne,Geelong,Mark Blake,1,4,14,0,0,29,1
2009,8,2009-05-16,Kardinia Park,Geelong,North Melbourne,Geelong,Shannon Byrnes,14,4,9,3,0,0,0
2009,8,2009-05-16,Kardinia Park,Geelong,North Melbourne,Geelong,Joel Corey,7,8,18,0,0,0,6
2009,8,2009-05-16,Kardinia Park,Geelong,North Melbourne,Geelong,Corey Enright,11,5,13,0,0,0,1
2009,8,2009-05-16,Kardinia Park,Geelong,North Melbourne,Geelong,Tom Harley,10,5,10,0,0,0,1
2009,8,2009-05-16,Kardinia Park,Geelong,North Melbourne,Geelong,Tom Hawkins,5,7,10,1,0,0,2
2009,8,2009-05-16,Kardinia Park,Geelong,North Melbourne,Geelong,Steve Johnson,26,7,5,0,2,0,3
2009,8,2009-05-16,Kardinia Park,Geelong,North Melbourne,Geelong,James Kelly,16,7,21,0,0,0,5
2009,8,2009-05-16,Kardinia Park,Geelong,North Melbourne,Geelong,Cameron Ling,9,5,8,1,0,0,6
2009,8,2009-05-16,Kardinia Park,Geelong,North Melbourne,Geelong,Tom Lonergan,4,6,8,0,0,0,2
2009,8,2009-05-16,Kardinia Park,Geelong,North Melbourne,Geelong,Andrew Mackie,12,6,15,2,0,0,1
2009,8,2009-05-16,Kardinia Park,Geelong,North Melbourne,Geelong,Darren Milburn,3,1,1,0,0,0,0
2009,8,2009-05-16,Kardinia Park,Geelong,North Melbourne,Geelong,Cameron Mooney,8,8,2,2,3,0,1
2009,8,2009-05-16,Kardinia Park,Geelong,North Melbourne,Geelong,Shane Mumford,3,1,5,0,0,11,4
2009,8,2009-05-16,Kardinia Park,Geelong,North Melbourne,Geelong,Max Rooke,10,4,8,1,1,0,6
2009,8,2009-05-16,Kardinia Park,Geelong,North Melbourne,Geelong,Matthew Scarlett,19,12,10,0,0,0,0
2009,8,2009-05-16,Kardinia Park,Geelong,North Melbourne,Geelong,Joel Selwood,13,2,18,0,0,0,5
2009,8,2009-05-16,Kardinia Park,Geelong,North Melbourne,Geelong,Mathew Stokes,10,6,8,2,3,0,6
2009,8,2009-05-16,Kardinia Park,Geelong,North Melbourne,Geelong,Harry Taylor,14,8,12,0,0,1,2
2009,8,2009-05-16,Kardinia Park,Geelong,North Melbourne,Geelong,Travis Varcoe,8,5,12,2,0,0,2
2009,8,2009-05-16,Kardinia Park,Geelong,North Melbourne,Geelong,David Wojcinski,12,3,12,1,0,0,2
2009,8,2009-05-16,Kardinia Park,Geelong,North Melbourne,North Melbourne,Aaron Edwards,9,8,6,0,1,0,2
2009,8,2009-05-16,Kardinia Park,Geelong,North Melbourne,North Melbourne,Michael Firrito,6,3,4,0,2,0,0
2009,8,2009-05-16,Kardinia Park,Geelong,North Melbourne,North Melbourne,Josh Gibson,16,5,8,0,0,1,3
2009,8,2009-05-16,Kardinia Park,Geelong,North Melbourne,North Melbourne,Todd Goldstein,3,4,6,0,0,19,6
2009,8,2009-05-16,Kardinia Park,Geelong,North Melbourne,North Melbourne,Nathan Grima,6,2,4,0,0,0,2
2009,8,2009-05-16,Kardinia Park,Geelong,North Melbourne,North Melbourne,David Hale,7,7,4,2,1,0,1
2009,8,2009-05-16,Kardinia Park,Geelong,North Melbourne,North Melbourne,Leigh Harding,6,4,14,0,0,0,2
2009,8,2009-05-16,Kardinia Park,Geelong,North Melbourne,North Melbourne,Daniel Harris,3,1,10,0,0,0,5
2009,8,2009-05-16,Kardinia Park,Geelong,North Melbourne,North Melbourne,Ed Lower,4,2,14,0,0,0,3
2009,8,2009-05-16,Kardinia Park,Geelong,North Melbourne,North Melbourne,Hamish McIntosh,8,4,8,2,0,19,3
2009,8,2009-05-16,Kardinia Park,Geelong,North Melbourne,North Melbourne,Scott McMahon,12,5,6,0,0,0,1
2009,8,2009-05-16,Kardinia Park,Geelong,North Melbourne,North Melbourne,Drew Petrie,11,8,3,0,0,1,5
2009,8,2009-05-16,Kardinia Park,Geelong,North Melbourne,North Melbourne,Sam Power,4,1,6,0,0,0,2
2009,8,2009-05-16,Kardinia Park,Geelong,North Melbourne,North Melbourne,Matt Riggio,4,3,6,0,0,0,3
2009,8,2009-05-16,Kardinia Park,Geelong,North Melbourne,North Melbourne,Ben Ross,9,4,14,0,1,0,5
2009,8,2009-05-16,Kardinia Park,Geelong,North Melbourne,North Melbourne,Adam Simpson,8,1,9,0,0,3,2
2009,8,2009-05-16,Kardinia Park,Geelong,North Melbourne,North Melbourne,Andrew Swallow,5,3,3,1,1,0,0
2009,8,2009-05-16,Kardinia Park,Geelong,North Melbourne,North Melbourne,Lindsay Thomas,10,2,7,1,0,0,7
2009,8,2009-05-16,Kardinia Park,Geelong,North Melbourne,North Melbourne,Scott Thompson,8,5,12,0,0,0,2
2009,8,2009-05-16,Kardinia Park,Geelong,North Melbourne,North Melbourne,Gavin Urquhart,9,3,8,0,0,0,4
2009,8,2009-05-16,Kardinia Park,Geelong,North Melbourne,North Melbourne,Ben Warren,9,6,3,0,0,0,1
2009,8,2009-05-16,Kardinia Park,Geelong,North Melbourne,North Melbourne,Sam Wright,6,0,4,1,0,0,3
2009,8,2009-05-16,Gabba,Brisbane Lions,Adelaide,Brisbane Lions,Jed Adcock,10,7,7,0,0,0,4
2009,8,2009-05-16,Gabba,Brisbane Lions,Adelaide,Brisbane Lions,Matt Austin,7,4,3,0,0,0,3
2009,8,2009-05-16,Gabba,Brisbane Lions,Adelaide,Brisbane Lions,Simon Black,9,3,19,1,0,0,7
2009,8,2009-05-16,Gabba,Brisbane Lions,Adelaide,Brisbane Lions,Daniel Bradshaw,11,8,2,5,2,0,1
2009,8,2009-05-16,Gabba,Brisbane Lions,Adelaide,Brisbane Lions,Jared Brennan,11,3,2,0,0,4,2
2009,8,2009-05-16,Gabba,Brisbane Lions,Adelaide,Brisbane Lions,Jonathan Brown,6,6,5,2,1,0,1
2009,8,2009-05-16,Gabba,Brisbane Lions,Adelaide,Brisbane Lions,Mitch Clark,8,6,8,1,0,16,3
2009,8,2009-05-16,Gabba,Brisbane Lions,Adelaide,Brisbane Lions,Josh Drummond,13,6,5,0,1,0,4
2009,8,2009-05-16,Gabba,Brisbane Lions,Adelaide,Brisbane Lions,Scott Harding,7,1,6,1,0,0,3
2009,8,2009-05-16,Gabba,Brisbane Lions,Adelaide,Brisbane Lions,Travis Johnstone,17,10,17,0,0,0,2
2009,8,2009-05-16,Gabba,Brisbane Lions,Adelaide,Brisbane Lions,Joel Macdonald,9,6,6,0,0,0,4
2009,8,2009-05-16,Gabba,Brisbane Lions,Adelaide,Brisbane Lions,Ashley McGrath,8,5,5,0,0,0,3
2009,8,2009-05-16,Gabba,Brisbane Lions,Adelaide,Brisbane Lions,Daniel Merrett,3,3,4,0,0,1,0
2009,8,2009-05-16,Gabba,Brisbane Lions,Adelaide,Brisbane Lions,Joel Patfull,3,5,4,0,0,1,1
2009,8,2009-05-16,Gabba,Brisbane Lions,Adelaide,Brisbane Lions,James Polkinghorne,6,3,5,2,0,0,1
2009,8,2009-05-16,Gabba,Brisbane Lions,Adelaide,Brisbane Lions,Luke Power,8,2,11,0,1,0,3
2009,8,2009-05-16,Gabba,Brisbane Lions,Adelaide,Brisbane Lions,Albert Proud,5,4,6,2,0,0,4
2009,8,2009-05-16,Gabba,Brisbane Lions,Adelaide,Brisbane Lions,Daniel Rich,10,2,8,1,0,0,6
2009,8,2009-05-16,Gabba,Brisbane Lions,Adelaide,Brisbane Lions,Michael Rischitelli,6,1,6,0,1,0,4
2009,8,2009-05-16,Gabba,Brisbane Lions,Adelaide,Brisbane Lions,Sam Sheldon,8,5,5,0,0,0,3
2009,8,2009-05-16,Gabba,Brisbane Lions,Adelaide,Brisbane Lions,Justin Sherman,20,11,15,3,4,0,4
2009,8,2009-05-16,Gabba,Brisbane Lions,Adelaide,Brisbane Lions,Cheynee Stiller,7,5,6,0,0,0,2
2009,8,2009-05-16,Gabba,Brisbane Lions,Adelaide,Adelaide,Patrick Dangerfield,6,3,6,1,2,0,0
2009,8,2009-05-16,Gabba,Brisbane Lions,Adelaide,Adelaide,Michael Doughty,9,7,15,0,0,2,3
2009,8,2009-05-16,Gabba,Brisbane Lions,Adelaide,Adelaide,Richard Douglas,8,7,14,0,0,0,4
2009,8,2009-05-16,Gabba,Brisbane Lions,Adelaide,Adelaide,Tyson Edwards,18,10,14,1,0,0,1
2009,8,2009-05-16,Gabba,Brisbane Lions,Adelaide,Adelaide,Simon Goodwin,11,7,14,0,0,0,3
2009,8,2009-05-16,Gabba,Brisbane Lions,Adelaide,Adelaide,Graham Johncock,12,4,5,0,0,0,1
2009,8,2009-05-16,Gabba,Brisbane Lions,Adelaide,Adelaide,Chris Knights,7,3,7,2,0,0,5
2009,8,2009-05-16,Gabba,Brisbane Lions,Adelaide,Adelaide,David Mackay,13,8,17,1,1,2,6
2009,8,2009-05-16,Gabba,Brisbane Lions,Adelaide,Adelaide,Andrew McLeod,11,4,12,0,0,0,3
2009,8,2009-05-16,Gabba,Brisbane Lions,Adelaide,Adelaide,Brad Moran,1,4,10,1,0,20,2
2009,8,2009-05-16,Gabba,Brisbane Lions,Adelaide,Adelaide,Andy Otten,8,5,14,0,0,0,2
2009,8,2009-05-16,Gabba,Brisbane Lions,Adelaide,Adelaide,Jared Petrenko,2,2,3,0,0,0,1
2009,8,2009-05-16,Gabba,Brisbane Lions,Adelaide,Adelaide,Jason Porplyzia,12,9,5,2,1,0,3
2009,8,2009-05-16,Gabba,Brisbane Lions,Adelaide,Adelaide,Brent Reilly,8,3,3,1,0,0,0
2009,8,2009-05-16,Gabba,Brisbane Lions,Adelaide,Adelaide,Ben Rutten,6,4,5,0,0,0,1
2009,8,2009-05-16,Gabba,Brisbane Lions,Adelaide,Adelaide,Scott Stevens,7,5,6,0,0,0,0
2009,8,2009-05-16,Gabba,Brisbane Lions,Adelaide,Adelaide,Brad Symes,9,8,18,0,0,2,0
2009,8,2009-05-16,Gabba,Brisbane Lions,Adelaide,Adelaide,Scott Thompson,9,4,11,0,0,0,0
2009,8,2009-05-16,Gabba,Brisbane Lions,Adelaide,Adelaide,Kurt Tippett,4,4,3,1,3,18,3
2009,8,2009-05-16,Gabba,Brisbane Lions,Adelaide,Adelaide,Nathan van Berlo,5,1,16,0,1,0,1
2009,8,2009-05-16,Gabba,Brisbane Lions,Adelaide,Adelaide,Bernie Vince,16,7,13,0,3,0,3
2009,8,2009-05-16,Gabba,Brisbane Lions,Adelaide,Adelaide,Taylor Walker,5,1,1,2,0,0,0
2009,8,2009-05-16,Stadium Australia,Sydney,West Coast,Sydney,Luke Ablett,4,1,11,1,1,0,1
2009,8,2009-05-16,Stadium Australia,Sydney,West Coast,Sydney,Paul Bevan,10,7,6,0,0,0,3
2009,8,2009-05-16,Stadium Australia,Sydney,West Coast,Sydney,Craig Bird,4,3,8,0,0,0,5
2009,8,2009-05-16,Stadium Australia,Sydney,West Coast,Sydney,Craig Bolton,11,7,9,0,0,0,1
2009,8,2009-05-16,Stadium Australia,Sydney,West Coast,Sydney,Jude Bolton,8,5,17,2,0,1,9
2009,8,2009-05-16,Stadium Australia,Sydney,West Coast,Sydney,Amon Buchanan,4,1,11,0,0,0,2
2009,8,2009-05-16,Stadium Australia,Sydney,West Coast,Sydney,Adam Goodes,15,6,11,3,0,1,0
2009,8,2009-05-16,Stadium Australia,Sydney,West Coast,Sydney,Heath Grundy,8,6,9,0,0,0,0
2009,8,2009-05-16,Stadium Australia,Sydney,West Coast,Sydney,Barry Hall,6,5,0,5,0,0,5
2009,8,2009-05-16,Stadium Australia,Sydney,West Coast,Sydney,Kieren Jack,10,5,8,1,0,0,3
2009,8,2009-05-16,Stadium Australia,Sydney,West Coast,Sydney,Darren Jolly,7,4,12,1,1,28,3
2009,8,2009-05-16,Stadium Australia,Sydney,West Coast,Sydney,Brett Kirk,4,1,17,0,1,0,10
2009,8,2009-05-16,Stadium Australia,Sydney,West Coast,Sydney,Martin Mattner,7,2,10,1,0,0,2
2009,8,2009-05-16,Stadium Australia,Sydney,West Coast,Sydney,Jarrad McVeigh,11,5,12,0,0,0,6
2009,8,2009-05-16,Stadium Australia,Sydney,West Coast,Sydney,Brett Meredith,6,2,5,0,0,0,0
2009,8,2009-05-16,Stadium Australia,Sydney,West Coast,Sydney,Jarred Moore,9,3,6,1,2,0,5
2009,8,2009-05-16,Stadium Australia,Sydney,West Coast,Sydney,Ryan OKeefe,13,6,12,0,0,0,8
2009,8,2009-05-16,Stadium Australia,Sydney,West Coast,Sydney,Michael OLoughlin,9,6,7,1,2,0,1
2009,8,2009-05-16,Stadium Australia,Sydney,West Coast,Sydney,Ted Richards,10,9,15,0,0,0,2
2009,8,2009-05-16,Stadium Australia,Sydney,West Coast,Sydney,Lewis Roberts-Thomson,7,7,5,0,0,0,1
2009,8,2009-05-16,Stadium Australia,Sydney,West Coast,Sydney,Rhyce Shaw,21,5,8,0,1,0,3
2009,8,2009-05-16,Stadium Australia,Sydney,West Coast,Sydney,Jesse White,1,2,3,0,0,8,1
2009,8,2009-05-16,Stadium Australia,Sydney,West Coast,West Coast,Mitch Brown,3,3,6,0,0,0,1
2009,8,2009-05-16,Stadium Australia,Sydney,West Coast,West Coast,Sam Butler,12,2,8,0,0,0,6
2009,8,2009-05-16,Stadium Australia,Sydney,West Coast,West Coast,Adam Cockie,7,3,6,1,1,0,4
2009,8,2009-05-16,Stadium Australia,Sydney,West Coast,West Coast,Dean Cox,13,6,9,2,0,30,4
2009,8,2009-05-16,Stadium Australia,Sydney,West Coast,West Coast,Andrew Embley,16,4,6,0,0,0,4
2009,8,2009-05-16,Stadium Australia,Sydney,West Coast,West Coast,Darren Glass,3,3,10,0,0,0,1
2009,8,2009-05-16,Stadium Australia,Sydney,West Coast,West Coast,Shannon Hurn,9,6,4,0,1,0,1
2009,8,2009-05-16,Stadium Australia,Sydney,West Coast,West Coast,Brett Jones,8,3,0,1,0,0,2
2009,8,2009-05-16,Stadium Australia,Sydney,West Coast,West Coast,Josh Kennedy,15,11,1,3,1,0,1
2009,8,2009-05-16,Stadium Australia,Sydney,West Coast,West Coast,Mark LeCras,4,2,5,0,0,0,4
2009,8,2009-05-16,Stadium Australia,Sydney,West Coast,West Coast,Quinten Lynch,16,8,3,2,5,1,2
2009,8,2009-05-16,Stadium Australia,Sydney,West Coast,West Coast,Eric Mackenzie,3,2,7,0,0,0,1
2009,8,2009-05-16,Stadium Australia,Sydney,West Coast,West Coast,Chris Masten,9,4,8,0,0,0,4
2009,8,2009-05-16,Stadium Australia,Sydney,West Coast,West Coast,Ben McKinley,9,5,1,4,2,0,1
2009,8,2009-05-16,Stadium Australia,Sydney,West Coast,West Coast,Jamie McNamara,5,2,5,1,0,0,7
2009,8,2009-05-16,Stadium Australia,Sydney,West Coast,West Coast,Mark Nicoski,8,3,7,0,0,0,2
2009,8,2009-05-16,Stadium Australia,Sydney,West Coast,West Coast,Matt Priddis,6,2,8,0,0,0,7
2009,8,2009-05-16,Stadium Australia,Sydney,West Coast,West Coast,Matt Rosa,6,1,6,0,0,0,3
2009,8,2009-05-16,Stadium Australia,Sydney,West Coast,West Coast,Mark Seaby,3,2,5,0,0,19,2
2009,8,2009-05-16,Stadium Australia,Sydney,West Coast,West Coast,Adam Selwood,7,5,7,0,0,0,3
2009,8,2009-05-16,Stadium Australia,Sydney,West Coast,West Coast,Scott Selwood,5,1,9,1,0,0,3
2009,8,2009-05-16,Stadium Australia,Sydney,West Coast,West Coast,David Wirrpanda,9,2,4,0,0,0,1
2009,8,2009-05-17,Football Park,Port Adelaide,Richmond,Port Adelaide,Travis Boak,18,5,7,1,0,0,9
2009,8,2009-05-17,Football Park,Port Adelaide,Richmond,Port Adelaide,Dean Brogan,3,1,5,0,0,31,1
2009,8,2009-05-17,Football Park,Port Adelaide,Richmond,Port Adelaide,Peter Burgoyne,18,2,8,0,0,0,5
2009,8,2009-05-17,Football Park,Port Adelaide,Richmond,Port Adelaide,Alipate Carlile,3,4,8,0,0,0,3
2009,8,2009-05-17,Football Park,Port Adelaide,Richmond,Port Adelaide,Domenic Cassisi,8,3,15,1,0,0,9
2009,8,2009-05-17,Football Park,Port Adelaide,Richmond,Port Adelaide,Troy Chaplin,7,4,12,0,1,1,1
2009,8,2009-05-17,Football Park,Port Adelaide,Richmond,Port Adelaide,Chad Cornes,11,6,5,1,0,0,3
2009,8,2009-05-17,Football Park,Port Adelaide,Richmond,Port Adelaide,Kane Cornes,4,1,3,0,0,0,3
2009,8,2009-05-17,Football Park,Port Adelaide,Richmond,Port Adelaide,Jason Davenport,2,1,7,0,0,0,4
2009,8,2009-05-17,Football Park,Port Adelaide,Richmond,Port Adelaide,Brett Ebert,14,9,3,1,4,0,5
2009,8,2009-05-17,Football Park,Port Adelaide,Richmond,Port Adelaide,Robbie Gray,8,4,5,1,0,0,3
2009,8,2009-05-17,Football Park,Port Adelaide,Richmond,Port Adelaide,Hamish Hartlett,13,5,2,0,1,0,0
2009,8,2009-05-17,Football Park,Port Adelaide,Richmond,Port Adelaide,Nathan Krakouer,9,2,3,0,1,0,0
2009,8,2009-05-17,Football Park,Port Adelaide,Richmond,Port Adelaide,Brendon Lade,4,0,0,0,1,21,1
2009,8,2009-05-17,Football Park,Port Adelaide,Richmond,Port Adelaide,Tom Logan,5,1,5,0,0,0,2
2009,8,2009-05-17,Football Park,Port Adelaide,Richmond,Port Adelaide,Daniel Motlop,7,2,3,1,1,0,0
2009,8,2009-05-17,Football Park,Port Adelaide,Richmond,Port Adelaide,Danyle Pearce,17,0,7,1,2,0,7
2009,8,2009-05-17,Football Park,Port Adelaide,Richmond,Port Adelaide,Michael Pettigrew,9,3,4,0,0,0,1
2009,8,2009-05-17,Football Park,Port Adelaide,Richmond,Port Adelaide,David Rodan,4,2,4,0,0,0,4
2009,8,2009-05-17,Football Park,Port Adelaide,Richmond,Port Adelaide,Jacob Surjan,7,3,7,0,0,0,0
2009,8,2009-05-17,Football Park,Port Adelaide,Richmond,Port Adelaide,Matt Thomas,9,4,11,0,0,0,5
2009,8,2009-05-17,Football Park,Port Adelaide,Richmond,Port Adelaide,Warren Tredrea,15,11,5,7,4,0,1
2009,8,2009-05-17,Football Park,Port Adelaide,Richmond,Richmond,Joel Bowden,10,1,4,0,0,0,3
2009,8,2009-05-17,Football Park,Port Adelaide,Richmond,Richmond,Nathan Brown,14,5,4,2,1,0,2
2009,8,2009-05-17,Football Park,Port Adelaide,Richmond,Richmond,Andrew Collins,7,3,8,1,0,0,2
2009,8,2009-05-17,Football Park,Port Adelaide,Richmond,Richmond,Trent Cotchin,7,6,2,1,1,0,4
2009,8,2009-05-17,Football Park,Port Adelaide,Richmond,Richmond,Mark Coughlan,13,7,15,0,0,0,5
2009,8,2009-05-17,Football Park,Port Adelaide,Richmond,Richmond,Ben Cousins,11,4,13,0,1,0,4
2009,8,2009-05-17,Football Park,Port Adelaide,Richmond,Richmond,Brett Deledio,14,8,6,0,0,0,4
2009,8,2009-05-17,Football Park,Port Adelaide,Richmond,Richmond,Nathan Foley,10,2,9,1,0,0,6
2009,8,2009-05-17,Football Park,Port Adelaide,Richmond,Richmond,Angus Graham,2,3,5,0,0,8,0
2009,8,2009-05-17,Football Park,Port Adelaide,Richmond,Richmond,Daniel Jackson,13,4,9,0,1,1,7
2009,8,2009-05-17,Football Park,Port Adelaide,Richmond,Richmond,Luke McGuane,3,4,7,0,0,0,0
2009,8,2009-05-17,Football Park,Port Adelaide,Richmond,Richmond,Kelvin Moore,7,5,7,0,2,0,2
2009,8,2009-05-17,Football Park,Port Adelaide,Richmond,Richmond,Mitch Morton,10,6,7,2,0,0,1
2009,8,2009-05-17,Football Park,Port Adelaide,Richmond,Richmond,Robin Nahas,8,3,0,5,0,0,5
2009,8,2009-05-17,Football Park,Port Adelaide,Richmond,Richmond,Chris Newman,12,3,8,0,0,0,6
2009,8,2009-05-17,Football Park,Port Adelaide,Richmond,Richmond,Kayne Pettifer,14,5,9,1,0,0,0
2009,8,2009-05-17,Football Park,Port Adelaide,Richmond,Richmond,Dean Polo,1,1,13,0,0,0,1
2009,8,2009-05-17,Football Park,Port Adelaide,Richmond,Richmond,Andrew Raines,7,2,5,0,0,0,2
2009,8,2009-05-17,Football Park,Port Adelaide,Richmond,Richmond,Troy Simmonds,3,2,4,1,0,11,2
2009,8,2009-05-17,Football Park,Port Adelaide,Richmond,Richmond,Richard Tambling,14,5,5,1,0,1,4
2009,8,2009-05-17,Football Park,Port Adelaide,Richmond,Richmond,Shane Tuck,10,7,21,0,0,2,7
2009,8,2009-05-17,Football Park,Port Adelaide,Richmond,Richmond,Matt White,8,2,10,0,0,0,6
2009,8,2009-05-17,M.C.G.,Collingwood,Carlton,Collingwood,John Anthony,9,7,3,2,3,0,1
2009,8,2009-05-17,M.C.G.,Collingwood,Carlton,Collingwood,Dayne Beams,3,0,7,1,0,0,2
2009,8,2009-05-17,M.C.G.,Collingwood,Carlton,Collingwood,Leigh Brown,3,2,2,0,0,7,1
2009,8,2009-05-17,M.C.G.,Collingwood,Carlton,Collingwood,Nathan Brown,5,3,6,0,0,0,3
2009,8,2009-05-17,M.C.G.,Collingwood,Carlton,Collingwood,Martin Clarke,10,3,6,0,0,0,6
2009,8,2009-05-17,M.C.G.,Collingwood,Carlton,Collingwood,Ryan Cook,6,3,8,0,0,0,3
2009,8,2009-05-17,M.C.G.,Collingwood,Carlton,Collingwood,Anthony Corrie,4,2,0,0,1,0,1
2009,8,2009-05-17,M.C.G.,Collingwood,Carlton,Collingwood,Shannon Cox,6,0,7,0,0,0,2
2009,8,2009-05-17,M.C.G.,Collingwood,Carlton,Collingwood,Leon Davis,15,3,7,1,2,0,2
2009,8,2009-05-17,M.C.G.,Collingwood,Carlton,Collingwood,Tarkyn Lockyer,10,5,7,2,2,0,3
2009,8,2009-05-17,M.C.G.,Collingwood,Carlton,Collingwood,Heritier Lumumba,6,4,10,0,0,0,0
2009,8,2009-05-17,M.C.G.,Collingwood,Carlton,Collingwood,Nick Maxwell,12,7,10,0,0,0,2
2009,8,2009-05-17,M.C.G.,Collingwood,Carlton,Collingwood,Shane OBree,6,1,16,0,0,0,2
2009,8,2009-05-17,M.C.G.,Collingwood,Carlton,Collingwood,Scott Pendlebury,11,2,20,0,0,1,3
2009,8,2009-05-17,M.C.G.,Collingwood,Carlton,Collingwood,Simon Prestigiacomo,1,2,6,0,0,0,1
2009,8,2009-05-17,M.C.G.,Collingwood,Carlton,Collingwood,Ben Reid,5,2,0,1,1,1,3
2009,8,2009-05-17,M.C.G.,Collingwood,Carlton,Collingwood,Heath Shaw,17,7,8,0,0,0,0
2009,8,2009-05-17,M.C.G.,Collingwood,Carlton,Collingwood,Steele Sidebottom,6,4,9,0,0,0,3
2009,8,2009-05-17,M.C.G.,Collingwood,Carlton,Collingwood,Dane Swan,15,3,15,0,1,0,3
2009,8,2009-05-17,M.C.G.,Collingwood,Carlton,Collingwood,Alan Toovey,7,2,10,0,0,1,5
2009,8,2009-05-17,M.C.G.,Collingwood,Carlton,Collingwood,Sharrod Wellingham,7,1,13,0,0,0,5
2009,8,2009-05-17,M.C.G.,Collingwood,Carlton,Collingwood,Cameron Wood,7,2,2,0,0,21,4
2009,8,2009-05-17,M.C.G.,Collingwood,Carlton,Carlton,Dennis Armfield,7,5,3,0,0,0,1
2009,8,2009-05-17,M.C.G.,Collingwood,Carlton,Carlton,Mark Austin,4,2,4,1,0,0,3
2009,8,2009-05-17,M.C.G.,Collingwood,Carlton,Carlton,Eddie Betts,7,3,1,4,0,0,5
2009,8,2009-05-17,M.C.G.,Collingwood,Carlton,Carlton,Paul Bower,11,6,11,0,0,0,5
2009,8,2009-05-17,M.C.G.,Collingwood,Carlton,Carlton,Steven Browne,7,4,9,0,0,0,2
2009,8,2009-05-17,M.C.G.,Collingwood,Carlton,Carlton,Brendan Fevola,7,4,1,0,0,1,3
2009,8,2009-05-17,M.C.G.,Collingwood,Carlton,Carlton,Bryce Gibbs,13,10,12,0,0,0,6
2009,8,2009-05-17,M.C.G.,Collingwood,Carlton,Carlton,Richard Hadley,5,3,12,0,0,0,4
2009,8,2009-05-17,M.C.G.,Collingwood,Carlton,Carlton,Shaun Hampson,2,2,6,1,0,24,2
2009,8,2009-05-17,M.C.G.,Collingwood,Carlton,Carlton,Michael Jamison,9,8,6,0,0,0,1
2009,8,2009-05-17,M.C.G.,Collingwood,Carlton,Carlton,Aaron Joseph,3,0,3,0,0,0,4
2009,8,2009-05-17,M.C.G.,Collingwood,Carlton,Carlton,Chris Judd,18,7,14,1,1,0,8
2009,8,2009-05-17,M.C.G.,Collingwood,Carlton,Carlton,Matthew Kreuzer,4,4,6,1,0,25,4
2009,8,2009-05-17,M.C.G.,Collingwood,Carlton,Carlton,Marc Murphy,14,8,10,2,2,0,3
2009,8,2009-05-17,M.C.G.,Collingwood,Carlton,Carlton,Mitch Robinson,13,9,6,1,1,1,3
2009,8,2009-05-17,M.C.G.,Collingwood,Carlton,Carlton,Jordan Russell,10,7,10,0,1,0,5
2009,8,2009-05-17,M.C.G.,Collingwood,Carlton,Carlton,Heath Scotland,9,4,16,0,0,0,3
2009,8,2009-05-17,M.C.G.,Collingwood,Carlton,Carlton,Kade Simpson,22,12,7,0,0,0,4
2009,8,2009-05-17,M.C.G.,Collingwood,Carlton,Carlton,Nick Stevens,14,6,11,1,0,0,0
2009,8,2009-05-17,M.C.G.,Collingwood,Carlton,Carlton,Bret Thornton,13,9,12,0,0,0,1
2009,8,2009-05-17,M.C.G.,Collingwood,Carlton,Carlton,Jarrad Waite,14,8,3,3,0,0,2
2009,8,2009-05-17,M.C.G.,Collingwood,Carlton,Carlton,Chris Yarran,4,3,2,1,1,0,1
2009,8,2009-05-17,Docklands,St Kilda,Essendon,St Kilda,Steven Baker,2,2,8,0,0,0,2
2009,8,2009-05-17,Docklands,St Kilda,Essendon,St Kilda,Luke Ball,12,6,6,1,0,0,3
2009,8,2009-05-17,Docklands,St Kilda,Essendon,St Kilda,Jason Blake,11,9,8,0,0,0,0
2009,8,2009-05-17,Docklands,St Kilda,Essendon,St Kilda,Nick Dal Santo,16,2,7,0,0,0,1
2009,8,2009-05-17,Docklands,St Kilda,Essendon,St Kilda,Zac Dawson,5,5,13,0,0,0,1
2009,8,2009-05-17,Docklands,St Kilda,Essendon,St Kilda,Sam Fisher,9,7,11,0,0,0,2
2009,8,2009-05-17,Docklands,St Kilda,Essendon,St Kilda,Michael Gardiner,2,5,8,0,0,15,1
2009,8,2009-05-17,Docklands,St Kilda,Essendon,St Kilda,Jarryn Geary,13,4,6,1,0,0,2
2009,8,2009-05-17,Docklands,St Kilda,Essendon,St Kilda,Sam Gilbert,12,6,6,0,0,0,4
2009,8,2009-05-17,Docklands,St Kilda,Essendon,St Kilda,Brendon Goddard,15,3,12,0,0,1,7
2009,8,2009-05-17,Docklands,St Kilda,Essendon,St Kilda,Jason Gram,8,4,5,1,0,0,1
2009,8,2009-05-17,Docklands,St Kilda,Essendon,St Kilda,James Gwilt,8,5,5,0,1,0,2
2009,8,2009-05-17,Docklands,St Kilda,Essendon,St Kilda,Lenny Hayes,19,6,14,1,0,2,9
2009,8,2009-05-17,Docklands,St Kilda,Essendon,St Kilda,Clinton Jones,12,3,10,0,0,0,4
2009,8,2009-05-17,Docklands,St Kilda,Essendon,St Kilda,Steven King,3,3,5,0,0,19,0
2009,8,2009-05-17,Docklands,St Kilda,Essendon,St Kilda,Justin Koschitzke,10,8,1,4,2,1,1
2009,8,2009-05-17,Docklands,St Kilda,Essendon,St Kilda,Andrew McQualter,5,3,8,1,1,0,1
2009,8,2009-05-17,Docklands,St Kilda,Essendon,St Kilda,Stephen Milne,10,4,3,1,2,0,2
2009,8,2009-05-17,Docklands,St Kilda,Essendon,St Kilda,Leigh Montagna,19,9,9,0,0,0,5
2009,8,2009-05-17,Docklands,St Kilda,Essendon,St Kilda,Farren Ray,9,3,11,0,0,0,2
2009,8,2009-05-17,Docklands,St Kilda,Essendon,St Kilda,Nick Riewoldt,14,11,3,3,3,0,1
2009,8,2009-05-17,Docklands,St Kilda,Essendon,St Kilda,Adam Schneider,10,4,9,0,1,0,7
2009,8,2009-05-17,Docklands,St Kilda,Essendon,Essendon,Tom Bellchambers,0,2,3,0,0,6,0
2009,8,2009-05-17,Docklands,St Kilda,Essendon,Essendon,Alwyn Davey,7,2,8,0,0,0,3
2009,8,2009-05-17,Docklands,St Kilda,Essendon,Essendon,Courtenay Dempsey,9,7,18,1,1,0,3
2009,8,2009-05-17,Docklands,St Kilda,Essendon,Essendon,Ricky Dyson,17,5,13,0,0,0,3
2009,8,2009-05-17,Docklands,St Kilda,Essendon,Essendon,Heath Hocking,10,5,17,0,1,0,2
2009,8,2009-05-17,Docklands,St Kilda,Essendon,Essendon,Cale Hooker,4,5,14,0,1,0,1
2009,8,2009-05-17,Docklands,St Kilda,Essendon,Essendon,Bachar Houli,10,3,14,0,0,0,2
2009,8,2009-05-17,Docklands,St Kilda,Essendon,Essendon,Matthew Lloyd,7,6,2,3,2,0,2
2009,8,2009-05-17,Docklands,St Kilda,Essendon,Essendon,Sam Lonergan,6,4,5,0,0,0,3
2009,8,2009-05-17,Docklands,St Kilda,Essendon,Essendon,Nathan Lovett-Murray,5,4,17,0,0,0,3
2009,8,2009-05-17,Docklands,St Kilda,Essendon,Essendon,Andrew Lovett,15,3,10,0,0,0,4
2009,8,2009-05-17,Docklands,St Kilda,Essendon,Essendon,Adam McPhee,13,8,12,0,0,1,2
2009,8,2009-05-17,Docklands,St Kilda,Essendon,Essendon,Angus Monfries,6,3,6,0,3,0,1
2009,8,2009-05-17,Docklands,St Kilda,Essendon,Essendon,David Myers,6,3,2,1,0,0,2
2009,8,2009-05-17,Docklands,St Kilda,Essendon,Essendon,Jay Neagle,4,2,1,3,0,0,0
2009,8,2009-05-17,Docklands,St Kilda,Essendon,Essendon,Tayte Pears,11,7,15,0,0,0,1
2009,8,2009-05-17,Docklands,St Kilda,Essendon,Essendon,Paddy Ryder,4,1,6,0,0,21,1
2009,8,2009-05-17,Docklands,St Kilda,Essendon,Essendon,Henry Slattery,8,4,6,1,0,0,7
2009,8,2009-05-17,Docklands,St Kilda,Essendon,Essendon,Brent Stanton,7,2,6,0,0,0,5
2009,8,2009-05-17,Docklands,St Kilda,Essendon,Essendon,Jobe Watson,13,6,26,0,0,0,6
2009,8,2009-05-17,Docklands,St Kilda,Essendon,Essendon,Jason Winderlich,8,7,13,1,0,0,4
2009,8,2009-05-17,Docklands,St Kilda,Essendon,Essendon,David Zaharakis,7,6,4,0,0,0,0
2009,9,2009-05-22,Docklands,Geelong,Western Bulldogs,Geelong,Gary Ablett,12,4,26,0,3,0,4
2009,9,2009-05-22,Docklands,Geelong,Western Bulldogs,Geelong,Jimmy Bartel,10,5,6,1,1,0,1
2009,9,2009-05-22,Docklands,Geelong,Western Bulldogs,Geelong,Mark Blake,0,2,5,0,0,20,3
2009,9,2009-05-22,Docklands,Geelong,Western Bulldogs,Geelong,Paul Chapman,12,5,3,3,0,0,1
2009,9,2009-05-22,Docklands,Geelong,Western Bulldogs,Geelong,Joel Corey,12,6,16,0,0,0,8
2009,9,2009-05-22,Docklands,Geelong,Western Bulldogs,Geelong,Corey Enright,12,10,10,0,1,0,2
2009,9,2009-05-22,Docklands,Geelong,Western Bulldogs,Geelong,Ryan Gamble,4,6,5,1,1,0,1
2009,9,2009-05-22,Docklands,Geelong,Western Bulldogs,Geelong,Tom Harley,4,5,8,0,0,0,3
2009,9,2009-05-22,Docklands,Geelong,Western Bulldogs,Geelong,Tom Hawkins,5,3,2,0,2,0,0
2009,9,2009-05-22,Docklands,Geelong,Western Bulldogs,Geelong,David Johnson,5,2,7,0,0,0,0
2009,9,2009-05-22,Docklands,Geelong,Western Bulldogs,Geelong,Steve Johnson,11,6,0,5,2,0,2
2009,9,2009-05-22,Docklands,Geelong,Western Bulldogs,Geelong,James Kelly,13,5,9,0,0,0,5
2009,9,2009-05-22,Docklands,Geelong,Western Bulldogs,Geelong,Cameron Ling,13,6,9,0,1,0,10
2009,9,2009-05-22,Docklands,Geelong,Western Bulldogs,Geelong,Andrew Mackie,10,6,3,0,1,0,4
2009,9,2009-05-22,Docklands,Geelong,Western Bulldogs,Geelong,Shane Mumford,1,0,7,0,0,8,1
2009,9,2009-05-22,Docklands,Geelong,Western Bulldogs,Geelong,Max Rooke,7,5,3,1,0,1,4
2009,9,2009-05-22,Docklands,Geelong,Western Bulldogs,Geelong,Matthew Scarlett,18,9,9,0,0,0,1
2009,9,2009-05-22,Docklands,Geelong,Western Bulldogs,Geelong,Joel Selwood,16,4,16,1,1,0,3
2009,9,2009-05-22,Docklands,Geelong,Western Bulldogs,Geelong,Mathew Stokes,5,3,6,4,0,0,5
2009,9,2009-05-22,Docklands,Geelong,Western Bulldogs,Geelong,Harry Taylor,10,8,11,0,0,0,3
2009,9,2009-05-22,Docklands,Geelong,Western Bulldogs,Geelong,Travis Varcoe,2,2,12,1,0,0,3
2009,9,2009-05-22,Docklands,Geelong,Western Bulldogs,Geelong,David Wojcinski,3,2,7,0,0,0,0
2009,9,2009-05-22,Docklands,Geelong,Western Bulldogs,Western Bulldogs,Jason Akermanis,20,9,5,4,2,0,1
2009,9,2009-05-22,Docklands,Geelong,Western Bulldogs,Western Bulldogs,Matthew Boyd,13,5,15,0,0,1,2
2009,9,2009-05-22,Docklands,Geelong,Western Bulldogs,Western Bulldogs,Tim Callan,8,3,6,0,0,0,2
2009,9,2009-05-22,Docklands,Geelong,Western Bulldogs,Western Bulldogs,Adam Cooney,10,2,10,1,2,0,3
2009,9,2009-05-22,Docklands,Geelong,Western Bulldogs,Western Bulldogs,Daniel Cross,9,9,17,0,0,1,4
2009,9,2009-05-22,Docklands,Geelong,Western Bulldogs,Western Bulldogs,Nathan Eagleton,17,7,9,1,1,0,3
2009,9,2009-05-22,Docklands,Geelong,Western Bulldogs,Western Bulldogs,Daniel Giansiracusa,9,4,12,2,0,0,4
2009,9,2009-05-22,Docklands,Geelong,Western Bulldogs,Western Bulldogs,Lindsay Gilbee,12,7,10,0,0,0,0
2009,9,2009-05-22,Docklands,Geelong,Western Bulldogs,Western Bulldogs,Ryan Griffen,12,4,6,2,1,2,9
2009,9,2009-05-22,Docklands,Geelong,Western Bulldogs,Western Bulldogs,Mitch Hahn,10,4,4,0,1,1,7
2009,9,2009-05-22,Docklands,Geelong,Western Bulldogs,Western Bulldogs,Jarrod Harbrow,12,4,5,0,0,0,3
2009,9,2009-05-22,Docklands,Geelong,Western Bulldogs,Western Bulldogs,Shaun Higgins,9,5,7,0,0,1,1
2009,9,2009-05-22,Docklands,Geelong,Western Bulldogs,Western Bulldogs,Josh Hill,7,5,1,1,1,0,1
2009,9,2009-05-22,Docklands,Geelong,Western Bulldogs,Western Bulldogs,Ben Hudson,1,3,13,0,0,18,6
2009,9,2009-05-22,Docklands,Geelong,Western Bulldogs,Western Bulldogs,Brad Johnson,17,10,9,4,2,0,0
2009,9,2009-05-22,Docklands,Geelong,Western Bulldogs,Western Bulldogs,Brian Lake,8,7,3,0,0,0,1
2009,9,2009-05-22,Docklands,Geelong,Western Bulldogs,Western Bulldogs,Will Minson,6,2,8,1,0,14,4
2009,9,2009-05-22,Docklands,Geelong,Western Bulldogs,Western Bulldogs,Dale Morris,3,6,7,0,0,0,3
2009,9,2009-05-22,Docklands,Geelong,Western Bulldogs,Western Bulldogs,Liam Picken,5,1,11,1,0,0,2
2009,9,2009-05-22,Docklands,Geelong,Western Bulldogs,Western Bulldogs,Callan Ward,5,2,10,0,0,0,10
2009,9,2009-05-22,Docklands,Geelong,Western Bulldogs,Western Bulldogs,Scott Welsh,8,7,6,0,1,0,1
2009,9,2009-05-22,Docklands,Geelong,Western Bulldogs,Western Bulldogs,Tom Williams,7,2,3,0,0,0,1
2009,9,2009-05-23,Docklands,North Melbourne,Fremantle,North Melbourne,Aaron Edwards,10,7,2,1,0,0,0
2009,9,2009-05-23,Docklands,North Melbourne,Fremantle,North Melbourne,Michael Firrito,10,9,12,0,0,0,4
2009,9,2009-05-23,Docklands,North Melbourne,Fremantle,North Melbourne,Josh Gibson,9,2,11,0,0,0,3
2009,9,2009-05-23,Docklands,North Melbourne,Fremantle,North Melbourne,Todd Goldstein,4,3,2,1,0,4,1
2009,9,2009-05-23,Docklands,North Melbourne,Fremantle,North Melbourne,Nathan Grima,9,9,10,0,0,0,2
2009,9,2009-05-23,Docklands,North Melbourne,Fremantle,North Melbourne,David Hale,8,7,3,5,1,0,1
2009,9,2009-05-23,Docklands,North Melbourne,Fremantle,North Melbourne,Leigh Harding,11,6,4,1,1,0,0
2009,9,2009-05-23,Docklands,North Melbourne,Fremantle,North Melbourne,Hamish McIntosh,9,6,5,0,0,11,2
2009,9,2009-05-23,Docklands,North Melbourne,Fremantle,North Melbourne,Scott McMahon,15,4,5,0,0,0,4
2009,9,2009-05-23,Docklands,North Melbourne,Fremantle,North Melbourne,Drew Petrie,8,6,8,1,0,0,4
2009,9,2009-05-23,Docklands,North Melbourne,Fremantle,North Melbourne,Sam Power,14,3,8,0,0,0,2
2009,9,2009-05-23,Docklands,North Melbourne,Fremantle,North Melbourne,Brady Rawlings,7,4,17,1,0,0,5
2009,9,2009-05-23,Docklands,North Melbourne,Fremantle,North Melbourne,Ben Ross,9,2,5,0,2,0,4
2009,9,2009-05-23,Docklands,North Melbourne,Fremantle,North Melbourne,Adam Simpson,10,3,13,0,0,0,2
2009,9,2009-05-23,Docklands,North Melbourne,Fremantle,North Melbourne,Andrew Swallow,3,1,17,0,0,0,7
2009,9,2009-05-23,Docklands,North Melbourne,Fremantle,North Melbourne,Lindsay Thomas,15,6,4,0,3,0,5
2009,9,2009-05-23,Docklands,North Melbourne,Fremantle,North Melbourne,Scott Thompson,4,3,8,0,0,0,3
2009,9,2009-05-23,Docklands,North Melbourne,Fremantle,North Melbourne,Gavin Urquhart,10,3,9,0,0,0,2
2009,9,2009-05-23,Docklands,North Melbourne,Fremantle,North Melbourne,Ben Warren,8,6,1,2,3,0,2
2009,9,2009-05-23,Docklands,North Melbourne,Fremantle,North Melbourne,Daniel Wells,14,6,3,1,1,0,2
2009,9,2009-05-23,Docklands,North Melbourne,Fremantle,North Melbourne,Sam Wright,10,7,4,1,2,0,0
2009,9,2009-05-23,Docklands,North Melbourne,Fremantle,North Melbourne,Jack Ziebell,10,3,2,0,0,0,2
2009,9,2009-05-23,Docklands,North Melbourne,Fremantle,Fremantle,Matt de Boer,2,0,4,0,0,0,4
2009,9,2009-05-23,Docklands,North Melbourne,Fremantle,Fremantle,Steven Dodd,6,5,14,0,0,0,1
2009,9,2009-05-23,Docklands,North Melbourne,Fremantle,Fremantle,Paul Duffield,11,3,12,0,0,0,6
2009,9,2009-05-23,Docklands,North Melbourne,Fremantle,Fremantle,Antoni Grover,3,0,4,0,0,2,5
2009,9,2009-05-23,Docklands,North Melbourne,Fremantle,Fremantle,Paul Hasleby,13,2,13,2,1,0,5
2009,9,2009-05-23,Docklands,North Melbourne,Fremantle,Fremantle,Roger Hayden,7,4,6,1,0,0,0
2009,9,2009-05-23,Docklands,North Melbourne,Fremantle,Fremantle,Des Headland,12,5,7,1,1,0,4
2009,9,2009-05-23,Docklands,North Melbourne,Fremantle,Fremantle,Stephen Hill,9,3,12,0,0,0,3
2009,9,2009-05-23,Docklands,North Melbourne,Fremantle,Fremantle,Clayton Hinkley,9,7,5,0,0,0,2
2009,9,2009-05-23,Docklands,North Melbourne,Fremantle,Fremantle,Garrick Ibbotson,12,6,12,0,0,0,2
2009,9,2009-05-23,Docklands,North Melbourne,Fremantle,Fremantle,Michael Johnson,13,6,4,0,1,1,1
2009,9,2009-05-23,Docklands,North Melbourne,Fremantle,Fremantle,Luke McPharlin,9,6,4,4,2,0,3
2009,9,2009-05-23,Docklands,North Melbourne,Fremantle,Fremantle,David Mundy,7,3,6,0,0,1,0
2009,9,2009-05-23,Docklands,North Melbourne,Fremantle,Fremantle,Ryan Murphy,0,0,2,0,0,0,0
2009,9,2009-05-23,Docklands,North Melbourne,Fremantle,Fremantle,Matthew Pavlich,13,3,5,3,2,1,2
2009,9,2009-05-23,Docklands,North Melbourne,Fremantle,Fremantle,Brett Peake,8,6,4,1,0,0,3
2009,9,2009-05-23,Docklands,North Melbourne,Fremantle,Fremantle,Aaron Sandilands,2,2,10,0,1,43,0
2009,9,2009-05-23,Docklands,North Melbourne,Fremantle,Fremantle,Byron Schammer,8,4,11,0,0,0,6
2009,9,2009-05-23,Docklands,North Melbourne,Fremantle,Fremantle,Dean Solomon,8,2,7,0,1,1,1
2009,9,2009-05-23,Docklands,North Melbourne,Fremantle,Fremantle,Nick Suban,9,2,3,0,1,0,2
2009,9,2009-05-23,Docklands,North Melbourne,Fremantle,Fremantle,Chris Tarrant,10,4,6,0,0,3,3
2009,9,2009-05-23,Docklands,North Melbourne,Fremantle,Fremantle,Scott Thornton,2,2,7,0,0,0,2
2009,9,2009-05-23,Football Park,Adelaide,Carlton,Adelaide,Patrick Dangerfield,7,5,7,1,4,0,4
2009,9,2009-05-23,Football Park,Adelaide,Carlton,Adelaide,Michael Doughty,15,5,11,1,0,0,6
2009,9,2009-05-23,Football Park,Adelaide,Carlton,Adelaide,Richard Douglas,14,4,11,0,0,0,6
2009,9,2009-05-23,Football Park,Adelaide,Carlton,Adelaide,Tyson Edwards,17,7,15,0,0,0,4
2009,9,2009-05-23,Football Park,Adelaide,Carlton,Adelaide,Simon Goodwin,15,9,14,0,1,0,1
2009,9,2009-05-23,Football Park,Adelaide,Carlton,Adelaide,Graham Johncock,12,3,8,0,0,0,3
2009,9,2009-05-23,Football Park,Adelaide,Carlton,Adelaide,Chris Knights,9,5,6,5,0,0,4
2009,9,2009-05-23,Football Park,Adelaide,Carlton,Adelaide,David Mackay,13,5,13,0,1,0,1
2009,9,2009-05-23,Football Park,Adelaide,Carlton,Adelaide,Ivan Maric,3,0,5,0,1,11,1
2009,9,2009-05-23,Football Park,Adelaide,Carlton,Adelaide,Andrew McLeod,6,0,12,0,0,0,3
2009,9,2009-05-23,Football Park,Adelaide,Carlton,Adelaide,Brad Moran,4,4,1,0,0,12,2
2009,9,2009-05-23,Football Park,Adelaide,Carlton,Adelaide,Andy Otten,10,7,13,1,0,0,1
2009,9,2009-05-23,Football Park,Adelaide,Carlton,Adelaide,Jason Porplyzia,11,2,3,2,1,0,6
2009,9,2009-05-23,Football Park,Adelaide,Carlton,Adelaide,Brent Reilly,10,8,10,1,1,1,2
2009,9,2009-05-23,Football Park,Adelaide,Carlton,Adelaide,Ben Rutten,9,6,5,0,0,0,0
2009,9,2009-05-23,Football Park,Adelaide,Carlton,Adelaide,Scott Stevens,10,7,9,0,0,3,0
2009,9,2009-05-23,Football Park,Adelaide,Carlton,Adelaide,Brad Symes,7,6,9,0,0,5,4
2009,9,2009-05-23,Football Park,Adelaide,Carlton,Adelaide,Scott Thompson,16,7,14,0,0,0,1
2009,9,2009-05-23,Football Park,Adelaide,Carlton,Adelaide,Kurt Tippett,4,2,3,2,0,14,5
2009,9,2009-05-23,Football Park,Adelaide,Carlton,Adelaide,Nathan van Berlo,9,5,15,0,0,0,3
2009,9,2009-05-23,Football Park,Adelaide,Carlton,Adelaide,Bernie Vince,15,6,6,2,0,0,3
2009,9,2009-05-23,Football Park,Adelaide,Carlton,Adelaide,Taylor Walker,8,6,2,0,2,0,1
2009,9,2009-05-23,Football Park,Adelaide,Carlton,Carlton,Dennis Armfield,6,1,4,0,0,0,2
2009,9,2009-05-23,Football Park,Adelaide,Carlton,Carlton,Mark Austin,6,5,8,0,0,1,5
2009,9,2009-05-23,Football Park,Adelaide,Carlton,Carlton,Eddie Betts,6,2,2,1,0,0,3
2009,9,2009-05-23,Football Park,Adelaide,Carlton,Carlton,Paul Bower,9,6,16,0,0,0,2
2009,9,2009-05-23,Football Park,Adelaide,Carlton,Carlton,Steven Browne,10,7,15,0,0,0,2
2009,9,2009-05-23,Football Park,Adelaide,Carlton,Carlton,Brendan Fevola,15,7,5,1,5,0,1
2009,9,2009-05-23,Football Park,Adelaide,Carlton,Carlton,Bryce Gibbs,13,5,12,0,0,0,4
2009,9,2009-05-23,Football Park,Adelaide,Carlton,Carlton,Richard Hadley,5,4,13,0,0,0,3
2009,9,2009-05-23,Football Park,Adelaide,Carlton,Carlton,Shaun Hampson,1,2,8,0,0,16,4
2009,9,2009-05-23,Football Park,Adelaide,Carlton,Carlton,Michael Jamison,9,6,5,0,0,0,1
2009,9,2009-05-23,Football Park,Adelaide,Carlton,Carlton,Aaron Joseph,6,0,5,0,0,0,6
2009,9,2009-05-23,Football Park,Adelaide,Carlton,Carlton,Chris Judd,6,0,13,0,0,0,5
2009,9,2009-05-23,Football Park,Adelaide,Carlton,Carlton,Matthew Kreuzer,7,2,4,2,1,17,4
2009,9,2009-05-23,Football Park,Adelaide,Carlton,Carlton,Marc Murphy,11,4,12,2,2,0,4
2009,9,2009-05-23,Football Park,Adelaide,Carlton,Carlton,Mitch Robinson,6,3,7,0,1,0,3
2009,9,2009-05-23,Football Park,Adelaide,Carlton,Carlton,Jordan Russell,3,2,5,0,0,0,1
2009,9,2009-05-23,Football Park,Adelaide,Carlton,Carlton,Kade Simpson,8,3,9,0,0,0,4
2009,9,2009-05-23,Football Park,Adelaide,Carlton,Carlton,Nick Stevens,18,8,14,2,1,0,3
2009,9,2009-05-23,Football Park,Adelaide,Carlton,Carlton,Bret Thornton,9,5,10,0,0,0,0
2009,9,2009-05-23,Football Park,Adelaide,Carlton,Carlton,Jarrad Waite,0,0,1,0,0,0,0
2009,9,2009-05-23,Football Park,Adelaide,Carlton,Carlton,Simon Wiggins,4,5,8,0,2,0,3
2009,9,2009-05-23,Football Park,Adelaide,Carlton,Carlton,Chris Yarran,7,3,7,0,0,0,4
2009,9,2009-05-23,Subiaco,West Coast,Collingwood,West Coast,Mitch Brown,4,7,13,0,0,0,1
2009,9,2009-05-23,Subiaco,West Coast,Collingwood,West Coast,Sam Butler,10,1,4,0,0,0,4
2009,9,2009-05-23,Subiaco,West Coast,Collingwood,West Coast,Adam Cockie,4,1,7,0,0,0,4
2009,9,2009-05-23,Subiaco,West Coast,Collingwood,West Coast,Dean Cox,7,3,5,1,0,30,4
2009,9,2009-05-23,Subiaco,West Coast,Collingwood,West Coast,Brad Ebert,3,0,9,1,0,0,2
2009,9,2009-05-23,Subiaco,West Coast,Collingwood,West Coast,Andrew Embley,17,4,12,0,2,0,3
2009,9,2009-05-23,Subiaco,West Coast,Collingwood,West Coast,Darren Glass,2,5,11,0,0,0,0
2009,9,2009-05-23,Subiaco,West Coast,Collingwood,West Coast,Shannon Hurn,6,1,5,0,0,0,1
2009,9,2009-05-23,Subiaco,West Coast,Collingwood,West Coast,Brett Jones,8,3,9,1,0,0,1
2009,9,2009-05-23,Subiaco,West Coast,Collingwood,West Coast,Josh Kennedy,8,7,2,1,1,0,1
2009,9,2009-05-23,Subiaco,West Coast,Collingwood,West Coast,Daniel Kerr,16,3,10,0,0,0,0
2009,9,2009-05-23,Subiaco,West Coast,Collingwood,West Coast,Quinten Lynch,13,5,5,0,1,5,3
2009,9,2009-05-23,Subiaco,West Coast,Collingwood,West Coast,Eric Mackenzie,6,7,9,0,0,0,2
2009,9,2009-05-23,Subiaco,West Coast,Collingwood,West Coast,Chris Masten,12,3,4,0,2,0,1
2009,9,2009-05-23,Subiaco,West Coast,Collingwood,West Coast,Ben McKinley,9,5,4,4,1,0,2
2009,9,2009-05-23,Subiaco,West Coast,Collingwood,West Coast,Mark Nicoski,6,3,12,0,0,0,0
2009,9,2009-05-23,Subiaco,West Coast,Collingwood,West Coast,Matt Priddis,12,0,10,0,2,0,5
2009,9,2009-05-23,Subiaco,West Coast,Collingwood,West Coast,Matt Rosa,12,5,8,0,0,0,4
2009,9,2009-05-23,Subiaco,West Coast,Collingwood,West Coast,Mark Seaby,4,3,4,0,0,10,2
2009,9,2009-05-23,Subiaco,West Coast,Collingwood,West Coast,Adam Selwood,15,9,11,0,0,0,2
2009,9,2009-05-23,Subiaco,West Coast,Collingwood,West Coast,Scott Selwood,6,2,7,0,0,0,0
2009,9,2009-05-23,Subiaco,West Coast,Collingwood,West Coast,David Wirrpanda,13,2,6,1,1,0,3
2009,9,2009-05-23,Subiaco,West Coast,Collingwood,Collingwood,John Anthony,8,8,1,3,0,1,1
2009,9,2009-05-23,Subiaco,West Coast,Collingwood,Collingwood,Leigh Brown,4,1,6,1,0,1,1
2009,9,2009-05-23,Subiaco,West Coast,Collingwood,Collingwood,Nathan Brown,5,7,11,0,0,0,1
2009,9,2009-05-23,Subiaco,West Coast,Collingwood,Collingwood,Martin Clarke,8,4,8,0,1,0,2
2009,9,2009-05-23,Subiaco,West Coast,Collingwood,Collingwood,Ryan Cook,8,7,12,0,0,0,2
2009,9,2009-05-23,Subiaco,West Coast,Collingwood,Collingwood,Shannon Cox,7,5,12,0,0,1,2
2009,9,2009-05-23,Subiaco,West Coast,Collingwood,Collingwood,Leon Davis,27,10,5,3,2,0,2
2009,9,2009-05-23,Subiaco,West Coast,Collingwood,Collingwood,Brad Dick,8,4,8,1,1,0,9
2009,9,2009-05-23,Subiaco,West Coast,Collingwood,Collingwood,Josh Fraser,6,3,9,0,1,12,2
2009,9,2009-05-23,Subiaco,West Coast,Collingwood,Collingwood,Tyson Goldsack,4,3,3,0,0,0,3
2009,9,2009-05-23,Subiaco,West Coast,Collingwood,Collingwood,Tarkyn Lockyer,14,12,11,2,1,0,6
2009,9,2009-05-23,Subiaco,West Coast,Collingwood,Collingwood,Heritier Lumumba,7,4,9,0,0,0,3
2009,9,2009-05-23,Subiaco,West Coast,Collingwood,Collingwood,Nick Maxwell,18,12,11,0,0,0,2
2009,9,2009-05-23,Subiaco,West Coast,Collingwood,Collingwood,Shane OBree,11,3,15,0,0,0,8
2009,9,2009-05-23,Subiaco,West Coast,Collingwood,Collingwood,Scott Pendlebury,22,9,16,0,0,1,3
2009,9,2009-05-23,Subiaco,West Coast,Collingwood,Collingwood,Simon Prestigiacomo,4,2,6,0,0,0,1
2009,9,2009-05-23,Subiaco,West Coast,Collingwood,Collingwood,Heath Shaw,12,5,11,1,0,0,2
2009,9,2009-05-23,Subiaco,West Coast,Collingwood,Collingwood,Steele Sidebottom,10,4,4,1,1,0,4
2009,9,2009-05-23,Subiaco,West Coast,Collingwood,Collingwood,Dane Swan,21,11,15,0,3,0,7
2009,9,2009-05-23,Subiaco,West Coast,Collingwood,Collingwood,Alan Toovey,10,5,12,0,0,2,4
2009,9,2009-05-23,Subiaco,West Coast,Collingwood,Collingwood,Sharrod Wellingham,6,0,10,0,0,0,1
2009,9,2009-05-23,Subiaco,West Coast,Collingwood,Collingwood,Cameron Wood,17,9,6,0,2,9,0
2009,9,2009-05-23,M.C.G.,Richmond,Essendon,Richmond,Joel Bowden,14,6,9,0,0,0,1
2009,9,2009-05-23,M.C.G.,Richmond,Essendon,Richmond,Nathan Brown,14,12,4,2,1,0,0
2009,9,2009-05-23,M.C.G.,Richmond,Essendon,Richmond,Andrew Collins,14,6,7,1,0,1,3
2009,9,2009-05-23,M.C.G.,Richmond,Essendon,Richmond,Daniel Connors,4,3,2,1,0,0,0
2009,9,2009-05-23,M.C.G.,Richmond,Essendon,Richmond,Trent Cotchin,9,8,5,1,0,0,0
2009,9,2009-05-23,M.C.G.,Richmond,Essendon,Richmond,Mark Coughlan,6,5,4,0,1,0,3
2009,9,2009-05-23,M.C.G.,Richmond,Essendon,Richmond,Brett Deledio,10,6,11,1,0,0,2
2009,9,2009-05-23,M.C.G.,Richmond,Essendon,Richmond,Nathan Foley,7,2,20,0,0,0,5
2009,9,2009-05-23,M.C.G.,Richmond,Essendon,Richmond,Daniel Jackson,13,3,13,0,0,0,7
2009,9,2009-05-23,M.C.G.,Richmond,Essendon,Richmond,Luke McGuane,4,3,4,0,0,0,2
2009,9,2009-05-23,M.C.G.,Richmond,Essendon,Richmond,Kelvin Moore,5,3,6,0,0,0,0
2009,9,2009-05-23,M.C.G.,Richmond,Essendon,Richmond,Mitch Morton,12,8,6,3,2,0,1
2009,9,2009-05-23,M.C.G.,Richmond,Essendon,Richmond,Robin Nahas,5,4,3,0,2,0,2
2009,9,2009-05-23,M.C.G.,Richmond,Essendon,Richmond,Chris Newman,10,1,4,0,0,0,3
2009,9,2009-05-23,M.C.G.,Richmond,Essendon,Richmond,Adam Pattison,3,2,5,0,1,8,2
2009,9,2009-05-23,M.C.G.,Richmond,Essendon,Richmond,Kayne Pettifer,15,6,7,2,0,0,1
2009,9,2009-05-23,M.C.G.,Richmond,Essendon,Richmond,Dean Polo,8,7,9,1,1,0,2
2009,9,2009-05-23,M.C.G.,Richmond,Essendon,Richmond,Andrew Raines,7,3,6,0,0,0,0
2009,9,2009-05-23,M.C.G.,Richmond,Essendon,Richmond,Troy Simmonds,9,6,9,0,0,18,2
2009,9,2009-05-23,M.C.G.,Richmond,Essendon,Richmond,Richard Tambling,10,7,9,0,1,0,2
2009,9,2009-05-23,M.C.G.,Richmond,Essendon,Richmond,Shane Tuck,13,4,17,0,0,1,4
2009,9,2009-05-23,M.C.G.,Richmond,Essendon,Richmond,Matt White,12,3,4,0,1,0,4
2009,9,2009-05-23,M.C.G.,Richmond,Essendon,Essendon,Tom Bellchambers,2,2,4,0,1,7,1
2009,9,2009-05-23,M.C.G.,Richmond,Essendon,Essendon,Alwyn Davey,9,4,6,3,2,0,1
2009,9,2009-05-23,M.C.G.,Richmond,Essendon,Essendon,Courtenay Dempsey,7,3,11,0,0,1,4
2009,9,2009-05-23,M.C.G.,Richmond,Essendon,Essendon,Ricky Dyson,10,0,12,0,0,0,1
2009,9,2009-05-23,M.C.G.,Richmond,Essendon,Essendon,Heath Hocking,5,2,5,1,0,0,7
2009,9,2009-05-23,M.C.G.,Richmond,Essendon,Essendon,Cale Hooker,5,3,8,0,0,0,2
2009,9,2009-05-23,M.C.G.,Richmond,Essendon,Essendon,Bachar Houli,7,4,7,0,0,0,4
2009,9,2009-05-23,M.C.G.,Richmond,Essendon,Essendon,Leroy Jetta,5,3,4,0,0,0,3
2009,9,2009-05-23,M.C.G.,Richmond,Essendon,Essendon,Matthew Lloyd,10,7,2,4,0,0,1
2009,9,2009-05-23,M.C.G.,Richmond,Essendon,Essendon,Sam Lonergan,4,4,11,1,1,0,3
2009,9,2009-05-23,M.C.G.,Richmond,Essendon,Essendon,Nathan Lovett-Murray,5,4,8,0,0,0,3
2009,9,2009-05-23,M.C.G.,Richmond,Essendon,Essendon,Andrew Lovett,14,6,9,2,1,0,3
2009,9,2009-05-23,M.C.G.,Richmond,Essendon,Essendon,Adam McPhee,8,8,5,0,0,1,1
2009,9,2009-05-23,M.C.G.,Richmond,Essendon,Essendon,Angus Monfries,13,10,4,1,0,0,2
2009,9,2009-05-23,M.C.G.,Richmond,Essendon,Essendon,Jay Neagle,4,4,0,0,0,0,2
2009,9,2009-05-23,M.C.G.,Richmond,Essendon,Essendon,Tayte Pears,10,6,3,0,0,0,2
2009,9,2009-05-23,M.C.G.,Richmond,Essendon,Essendon,Paddy Ryder,6,5,14,0,0,15,7
2009,9,2009-05-23,M.C.G.,Richmond,Essendon,Essendon,Henry Slattery,2,2,4,0,1,0,1
2009,9,2009-05-23,M.C.G.,Richmond,Essendon,Essendon,Brent Stanton,15,4,5,0,0,0,3
2009,9,2009-05-23,M.C.G.,Richmond,Essendon,Essendon,Jobe Watson,10,1,14,2,0,0,6
2009,9,2009-05-23,M.C.G.,Richmond,Essendon,Essendon,Jason Winderlich,18,12,10,2,0,0,4
2009,9,2009-05-23,M.C.G.,Richmond,Essendon,Essendon,David Zaharakis,8,5,3,3,2,0,3
2009,9,2009-05-24,S.C.G.,Sydney,Port Adelaide,Sydney,Luke Ablett,4,2,13,0,1,0,7
2009,9,2009-05-24,S.C.G.,Sydney,Port Adelaide,Sydney,Paul Bevan,7,6,8,0,0,0,1
2009,9,2009-05-24,S.C.G.,Sydney,Port Adelaide,Sydney,Craig Bird,4,1,10,0,0,0,4
2009,9,2009-05-24,S.C.G.,Sydney,Port Adelaide,Sydney,Craig Bolton,10,6,13,0,0,0,1
2009,9,2009-05-24,S.C.G.,Sydney,Port Adelaide,Sydney,Jude Bolton,12,5,17,1,0,0,4
2009,9,2009-05-24,S.C.G.,Sydney,Port Adelaide,Sydney,Amon Buchanan,7,4,10,1,0,0,4
2009,9,2009-05-24,S.C.G.,Sydney,Port Adelaide,Sydney,Jared Crouch,7,2,10,0,0,0,1
2009,9,2009-05-24,S.C.G.,Sydney,Port Adelaide,Sydney,Adam Goodes,13,5,5,2,1,3,1
2009,9,2009-05-24,S.C.G.,Sydney,Port Adelaide,Sydney,Heath Grundy,9,5,10,0,0,0,1
2009,9,2009-05-24,S.C.G.,Sydney,Port Adelaide,Sydney,Barry Hall,11,7,6,2,2,0,0
2009,9,2009-05-24,S.C.G.,Sydney,Port Adelaide,Sydney,Kieren Jack,10,3,10,0,0,0,6
2009,9,2009-05-24,S.C.G.,Sydney,Port Adelaide,Sydney,Darren Jolly,8,7,5,2,1,15,4
2009,9,2009-05-24,S.C.G.,Sydney,Port Adelaide,Sydney,Brett Kirk,13,4,19,2,0,0,8
2009,9,2009-05-24,S.C.G.,Sydney,Port Adelaide,Sydney,Nick Malceski,11,2,7,0,1,0,0
2009,9,2009-05-24,S.C.G.,Sydney,Port Adelaide,Sydney,Martin Mattner,10,9,5,1,0,0,3
2009,9,2009-05-24,S.C.G.,Sydney,Port Adelaide,Sydney,Jarrad McVeigh,17,7,9,2,2,0,5
2009,9,2009-05-24,S.C.G.,Sydney,Port Adelaide,Sydney,Jarred Moore,8,0,7,1,2,0,4
2009,9,2009-05-24,S.C.G.,Sydney,Port Adelaide,Sydney,Ryan OKeefe,13,5,8,1,0,0,9
2009,9,2009-05-24,S.C.G.,Sydney,Port Adelaide,Sydney,Michael OLoughlin,9,6,7,1,2,0,1
2009,9,2009-05-24,S.C.G.,Sydney,Port Adelaide,Sydney,Ted Richards,11,6,5,0,0,0,4
2009,9,2009-05-24,S.C.G.,Sydney,Port Adelaide,Sydney,Rhyce Shaw,10,3,10,0,0,0,1
2009,9,2009-05-24,S.C.G.,Sydney,Port Adelaide,Sydney,Jesse White,4,4,3,2,0,10,0
2009,9,2009-05-24,S.C.G.,Sydney,Port Adelaide,Port Adelaide,Travis Boak,9,2,3,0,0,1,2
2009,9,2009-05-24,S.C.G.,Sydney,Port Adelaide,Port Adelaide,Dean Brogan,4,2,6,0,0,30,3
2009,9,2009-05-24,S.C.G.,Sydney,Port Adelaide,Port Adelaide,Peter Burgoyne,9,0,6,1,0,0,3
2009,9,2009-05-24,S.C.G.,Sydney,Port Adelaide,Port Adelaide,Alipate Carlile,3,2,2,0,0,0,0
2009,9,2009-05-24,S.C.G.,Sydney,Port Adelaide,Port Adelaide,Josh Carr,6,5,10,0,0,0,7
2009,9,2009-05-24,S.C.G.,Sydney,Port Adelaide,Port Adelaide,Domenic Cassisi,10,3,11,1,0,0,7
2009,9,2009-05-24,S.C.G.,Sydney,Port Adelaide,Port Adelaide,Troy Chaplin,5,1,3,0,0,0,0
2009,9,2009-05-24,S.C.G.,Sydney,Port Adelaide,Port Adelaide,Chad Cornes,11,4,5,0,0,0,2
2009,9,2009-05-24,S.C.G.,Sydney,Port Adelaide,Port Adelaide,Kane Cornes,9,5,14,0,0,0,7
2009,9,2009-05-24,S.C.G.,Sydney,Port Adelaide,Port Adelaide,Brett Ebert,9,6,3,2,0,0,2
2009,9,2009-05-24,S.C.G.,Sydney,Port Adelaide,Port Adelaide,Robbie Gray,11,4,10,0,0,0,2
2009,9,2009-05-24,S.C.G.,Sydney,Port Adelaide,Port Adelaide,Hamish Hartlett,11,4,5,2,0,0,2
2009,9,2009-05-24,S.C.G.,Sydney,Port Adelaide,Port Adelaide,Brendon Lade,6,4,1,0,0,18,2
2009,9,2009-05-24,S.C.G.,Sydney,Port Adelaide,Port Adelaide,Tom Logan,9,9,6,1,0,0,2
2009,9,2009-05-24,S.C.G.,Sydney,Port Adelaide,Port Adelaide,Daniel Motlop,10,5,3,1,2,1,1
2009,9,2009-05-24,S.C.G.,Sydney,Port Adelaide,Port Adelaide,Marlon Motlop,4,3,2,0,0,0,1
2009,9,2009-05-24,S.C.G.,Sydney,Port Adelaide,Port Adelaide,Danyle Pearce,11,1,4,0,1,0,1
2009,9,2009-05-24,S.C.G.,Sydney,Port Adelaide,Port Adelaide,Michael Pettigrew,5,2,4,0,0,0,4
2009,9,2009-05-24,S.C.G.,Sydney,Port Adelaide,Port Adelaide,Steven Salopek,7,2,6,0,0,0,5
2009,9,2009-05-24,S.C.G.,Sydney,Port Adelaide,Port Adelaide,Jacob Surjan,4,0,0,0,1,0,5
2009,9,2009-05-24,S.C.G.,Sydney,Port Adelaide,Port Adelaide,Matt Thomas,5,3,6,0,1,0,1
2009,9,2009-05-24,S.C.G.,Sydney,Port Adelaide,Port Adelaide,Warren Tredrea,8,7,2,2,2,0,0
2009,9,2009-05-24,Docklands,St Kilda,Brisbane Lions,St Kilda,Steven Baker,5,3,2,0,0,0,2
2009,9,2009-05-24,Docklands,St Kilda,Brisbane Lions,St Kilda,Luke Ball,13,3,13,0,0,0,10
2009,9,2009-05-24,Docklands,St Kilda,Brisbane Lions,St Kilda,Jason Blake,4,4,5,0,0,0,2
2009,9,2009-05-24,Docklands,St Kilda,Brisbane Lions,St Kilda,Raphael Clarke,8,2,9,0,0,0,2
2009,9,2009-05-24,Docklands,St Kilda,Brisbane Lions,St Kilda,Nick Dal Santo,9,1,10,0,0,1,3
2009,9,2009-05-24,Docklands,St Kilda,Brisbane Lions,St Kilda,Zac Dawson,8,7,4,0,0,1,3
2009,9,2009-05-24,Docklands,St Kilda,Brisbane Lions,St Kilda,Sam Fisher,9,7,10,0,0,0,2
2009,9,2009-05-24,Docklands,St Kilda,Brisbane Lions,St Kilda,Michael Gardiner,5,5,5,1,1,31,0
2009,9,2009-05-24,Docklands,St Kilda,Brisbane Lions,St Kilda,Jarryn Geary,13,7,9,0,1,0,3
2009,9,2009-05-24,Docklands,St Kilda,Brisbane Lions,St Kilda,Sam Gilbert,8,3,10,0,0,0,5
2009,9,2009-05-24,Docklands,St Kilda,Brisbane Lions,St Kilda,Brendon Goddard,15,5,16,0,1,2,1
2009,9,2009-05-24,Docklands,St Kilda,Brisbane Lions,St Kilda,James Gwilt,7,3,5,0,1,0,3
2009,9,2009-05-24,Docklands,St Kilda,Brisbane Lions,St Kilda,Lenny Hayes,16,4,15,0,1,0,5
2009,9,2009-05-24,Docklands,St Kilda,Brisbane Lions,St Kilda,Clinton Jones,10,7,13,0,0,0,0
2009,9,2009-05-24,Docklands,St Kilda,Brisbane Lions,St Kilda,Steven King,7,3,2,0,0,18,0
2009,9,2009-05-24,Docklands,St Kilda,Brisbane Lions,St Kilda,Justin Koschitzke,8,8,5,4,1,2,2
2009,9,2009-05-24,Docklands,St Kilda,Brisbane Lions,St Kilda,Andrew McQualter,2,4,14,0,0,0,4
2009,9,2009-05-24,Docklands,St Kilda,Brisbane Lions,St Kilda,Stephen Milne,8,5,4,3,1,0,2
2009,9,2009-05-24,Docklands,St Kilda,Brisbane Lions,St Kilda,Leigh Montagna,21,5,12,2,2,0,4
2009,9,2009-05-24,Docklands,St Kilda,Brisbane Lions,St Kilda,Farren Ray,7,4,9,0,1,0,4
2009,9,2009-05-24,Docklands,St Kilda,Brisbane Lions,St Kilda,Nick Riewoldt,8,8,3,4,2,0,0
2009,9,2009-05-24,Docklands,St Kilda,Brisbane Lions,St Kilda,Adam Schneider,13,6,11,0,1,0,4
2009,9,2009-05-24,Docklands,St Kilda,Brisbane Lions,Brisbane Lions,Jed Adcock,15,10,12,0,0,0,6
2009,9,2009-05-24,Docklands,St Kilda,Brisbane Lions,Brisbane Lions,Matt Austin,6,4,4,1,0,0,3
2009,9,2009-05-24,Docklands,St Kilda,Brisbane Lions,Brisbane Lions,Simon Black,12,4,15,1,0,0,7
2009,9,2009-05-24,Docklands,St Kilda,Brisbane Lions,Brisbane Lions,Daniel Bradshaw,12,8,3,2,0,3,2
2009,9,2009-05-24,Docklands,St Kilda,Brisbane Lions,Brisbane Lions,Jared Brennan,15,7,11,0,0,5,5
2009,9,2009-05-24,Docklands,St Kilda,Brisbane Lions,Brisbane Lions,Jonathan Brown,4,4,4,3,0,1,0
2009,9,2009-05-24,Docklands,St Kilda,Brisbane Lions,Brisbane Lions,Mitch Clark,6,8,15,0,0,20,7
2009,9,2009-05-24,Docklands,St Kilda,Brisbane Lions,Brisbane Lions,Tom Collier,8,5,2,0,0,0,0
2009,9,2009-05-24,Docklands,St Kilda,Brisbane Lions,Brisbane Lions,Aaron Cornelius,4,4,5,2,0,0,1
2009,9,2009-05-24,Docklands,St Kilda,Brisbane Lions,Brisbane Lions,Josh Drummond,18,5,9,0,0,0,1
2009,9,2009-05-24,Docklands,St Kilda,Brisbane Lions,Brisbane Lions,Scott Harding,4,0,5,0,0,0,8
2009,9,2009-05-24,Docklands,St Kilda,Brisbane Lions,Brisbane Lions,Travis Johnstone,5,3,6,0,0,0,5
2009,9,2009-05-24,Docklands,St Kilda,Brisbane Lions,Brisbane Lions,Joel Macdonald,14,11,19,0,0,0,1
2009,9,2009-05-24,Docklands,St Kilda,Brisbane Lions,Brisbane Lions,Ashley McGrath,11,5,9,0,0,0,0
2009,9,2009-05-24,Docklands,St Kilda,Brisbane Lions,Brisbane Lions,Tim Notting,3,0,6,0,0,0,4
2009,9,2009-05-24,Docklands,St Kilda,Brisbane Lions,Brisbane Lions,James Polkinghorne,4,3,4,2,0,0,3
2009,9,2009-05-24,Docklands,St Kilda,Brisbane Lions,Brisbane Lions,Luke Power,6,3,14,0,0,0,7
2009,9,2009-05-24,Docklands,St Kilda,Brisbane Lions,Brisbane Lions,Daniel Rich,10,2,4,0,1,0,5
2009,9,2009-05-24,Docklands,St Kilda,Brisbane Lions,Brisbane Lions,Michael Rischitelli,3,4,4,0,0,0,1
2009,9,2009-05-24,Docklands,St Kilda,Brisbane Lions,Brisbane Lions,Sam Sheldon,9,6,4,0,0,0,2
2009,9,2009-05-24,Docklands,St Kilda,Brisbane Lions,Brisbane Lions,Justin Sherman,12,5,14,2,1,0,6
2009,9,2009-05-24,Docklands,St Kilda,Brisbane Lions,Brisbane Lions,Cheynee Stiller,3,4,7,0,0,0,12
2009,9,2009-05-24,M.C.G.,Hawthorn,Melbourne,Hawthorn,Chance Bateman,12,3,11,2,1,0,0
2009,9,2009-05-24,M.C.G.,Hawthorn,Melbourne,Hawthorn,Grant Birchall,12,8,12,0,0,0,0
2009,9,2009-05-24,M.C.G.,Hawthorn,Melbourne,Hawthorn,Campbell Brown,11,7,2,0,0,0,2
2009,9,2009-05-24,M.C.G.,Hawthorn,Melbourne,Hawthorn,Robert Campbell,5,4,5,0,0,8,2
2009,9,2009-05-24,M.C.G.,Hawthorn,Melbourne,Hawthorn,Beau Dowler,7,5,5,0,0,0,1
2009,9,2009-05-24,M.C.G.,Hawthorn,Melbourne,Hawthorn,Lance Franklin,10,8,4,4,2,0,2
2009,9,2009-05-24,M.C.G.,Hawthorn,Melbourne,Hawthorn,Brent Guerra,10,3,7,2,0,0,1
2009,9,2009-05-24,M.C.G.,Hawthorn,Melbourne,Hawthorn,Jordan Lewis,20,8,11,0,1,0,2
2009,9,2009-05-24,M.C.G.,Hawthorn,Melbourne,Hawthorn,Ben McGlynn,12,8,7,1,0,0,1
2009,9,2009-05-24,M.C.G.,Hawthorn,Melbourne,Hawthorn,Sam Mitchell,20,8,11,0,1,0,4
2009,9,2009-05-24,M.C.G.,Hawthorn,Melbourne,Hawthorn,Jarryd Morton,14,12,11,0,1,0,1
2009,9,2009-05-24,M.C.G.,Hawthorn,Melbourne,Hawthorn,Garry Moss,8,3,6,0,0,0,1
2009,9,2009-05-24,M.C.G.,Hawthorn,Melbourne,Hawthorn,Tom Murphy,8,5,6,0,0,0,4
2009,9,2009-05-24,M.C.G.,Hawthorn,Melbourne,Hawthorn,Beau Muston,24,10,7,1,1,0,1
2009,9,2009-05-24,M.C.G.,Hawthorn,Melbourne,Hawthorn,Michael Osborne,9,6,7,1,1,0,1
2009,9,2009-05-24,M.C.G.,Hawthorn,Melbourne,Hawthorn,Cyril Rioli,7,1,9,2,2,0,5
2009,9,2009-05-24,M.C.G.,Hawthorn,Melbourne,Hawthorn,Jarryd Roughead,7,4,3,3,1,0,4
2009,9,2009-05-24,M.C.G.,Hawthorn,Melbourne,Hawthorn,Brad Sewell,15,8,14,0,0,0,8
2009,9,2009-05-24,M.C.G.,Hawthorn,Melbourne,Hawthorn,Cameron Stokes,4,3,3,0,0,0,0
2009,9,2009-05-24,M.C.G.,Hawthorn,Melbourne,Hawthorn,Simon Taylor,5,5,5,0,0,20,2
2009,9,2009-05-24,M.C.G.,Hawthorn,Melbourne,Hawthorn,Brendan Whitecross,13,14,12,0,0,0,0
2009,9,2009-05-24,M.C.G.,Hawthorn,Melbourne,Hawthorn,Mark Williams,8,7,6,1,0,0,1
2009,9,2009-05-24,M.C.G.,Hawthorn,Melbourne,Melbourne,Matthew Bate,7,7,11,1,1,0,3
2009,9,2009-05-24,M.C.G.,Hawthorn,Melbourne,Melbourne,Jamie Bennell,5,4,6,0,0,0,0
2009,9,2009-05-24,M.C.G.,Hawthorn,Melbourne,Melbourne,Cameron Bruce,7,7,14,1,0,0,4
2009,9,2009-05-24,M.C.G.,Hawthorn,Melbourne,Melbourne,Aaron Davey,14,3,3,0,1,0,2
2009,9,2009-05-24,M.C.G.,Hawthorn,Melbourne,Melbourne,James Frawley,6,2,4,0,0,0,0
2009,9,2009-05-24,M.C.G.,Hawthorn,Melbourne,Melbourne,Brad Green,20,8,10,0,0,0,0
2009,9,2009-05-24,M.C.G.,Hawthorn,Melbourne,Melbourne,Jack Grimes,9,5,6,0,0,0,1
2009,9,2009-05-24,M.C.G.,Hawthorn,Melbourne,Melbourne,Paul Johnson,11,6,10,1,0,25,2
2009,9,2009-05-24,M.C.G.,Hawthorn,Melbourne,Melbourne,Nathan Jones,15,1,8,0,1,0,0
2009,9,2009-05-24,M.C.G.,Hawthorn,Melbourne,Melbourne,Addam Maric,8,2,7,0,1,0,2
2009,9,2009-05-24,M.C.G.,Hawthorn,Melbourne,Melbourne,Stefan Martin,4,4,6,2,1,3,0
2009,9,2009-05-24,M.C.G.,Hawthorn,Melbourne,Melbourne,James McDonald,5,0,8,1,0,0,3
2009,9,2009-05-24,M.C.G.,Hawthorn,Melbourne,Melbourne,Brock McLean,14,6,12,1,0,1,2
2009,9,2009-05-24,M.C.G.,Hawthorn,Melbourne,Melbourne,Brad Miller,4,5,10,0,1,0,0
2009,9,2009-05-24,M.C.G.,Hawthorn,Melbourne,Melbourne,Brent Moloney,10,3,13,0,1,0,3
2009,9,2009-05-24,M.C.G.,Hawthorn,Melbourne,Melbourne,Cale Morton,8,6,15,0,0,0,1
2009,9,2009-05-24,M.C.G.,Hawthorn,Melbourne,Melbourne,Ricky Petterd,7,5,5,0,1,0,3
2009,9,2009-05-24,M.C.G.,Hawthorn,Melbourne,Melbourne,Jared Rivers,1,2,2,0,0,0,3
2009,9,2009-05-24,M.C.G.,Hawthorn,Melbourne,Melbourne,Russell Robertson,8,5,1,2,3,0,2
2009,9,2009-05-24,M.C.G.,Hawthorn,Melbourne,Melbourne,Colin Sylvia,24,9,13,4,1,2,2
2009,9,2009-05-24,M.C.G.,Hawthorn,Melbourne,Melbourne,Matthew Warnock,3,4,6,0,0,0,1
2009,9,2009-05-24,M.C.G.,Hawthorn,Melbourne,Melbourne,Matthew Whelan,4,0,9,0,0,0,4
2009,10,2009-05-29,Docklands,Carlton,West Coast,Carlton,Dennis Armfield,6,2,8,0,0,0,6
2009,10,2009-05-29,Docklands,Carlton,West Coast,Carlton,Mark Austin,4,5,9,0,0,0,3
2009,10,2009-05-29,Docklands,Carlton,West Coast,Carlton,Eddie Betts,6,2,4,1,1,0,1
2009,10,2009-05-29,Docklands,Carlton,West Coast,Carlton,Paul Bower,18,10,9,0,0,0,1
2009,10,2009-05-29,Docklands,Carlton,West Coast,Carlton,Steven Browne,8,5,8,1,0,0,3
2009,10,2009-05-29,Docklands,Carlton,West Coast,Carlton,Brendan Fevola,14,7,0,6,4,0,1
2009,10,2009-05-29,Docklands,Carlton,West Coast,Carlton,Brad Fisher,8,7,6,3,0,0,2
2009,10,2009-05-29,Docklands,Carlton,West Coast,Carlton,Jeff Garlett,9,5,2,2,1,0,0
2009,10,2009-05-29,Docklands,Carlton,West Coast,Carlton,Bryce Gibbs,12,7,11,0,0,0,1
2009,10,2009-05-29,Docklands,Carlton,West Coast,Carlton,Shaun Hampson,3,4,8,0,1,20,0
2009,10,2009-05-29,Docklands,Carlton,West Coast,Carlton,Ryan Houlihan,9,4,6,2,1,0,4
2009,10,2009-05-29,Docklands,Carlton,West Coast,Carlton,Michael Jamison,6,6,4,0,0,0,1
2009,10,2009-05-29,Docklands,Carlton,West Coast,Carlton,Aaron Joseph,6,2,4,0,0,0,10
2009,10,2009-05-29,Docklands,Carlton,West Coast,Carlton,Chris Judd,18,2,11,1,1,0,4
2009,10,2009-05-29,Docklands,Carlton,West Coast,Carlton,Matthew Kreuzer,6,4,9,0,2,13,3
2009,10,2009-05-29,Docklands,Carlton,West Coast,Carlton,Marc Murphy,13,7,19,0,0,0,6
2009,10,2009-05-29,Docklands,Carlton,West Coast,Carlton,Setanta OhAilpin,6,2,10,0,1,0,1
2009,10,2009-05-29,Docklands,Carlton,West Coast,Carlton,Mitch Robinson,9,6,7,0,1,0,2
2009,10,2009-05-29,Docklands,Carlton,West Coast,Carlton,Jordan Russell,4,5,7,0,0,0,5
2009,10,2009-05-29,Docklands,Carlton,West Coast,Carlton,Kade Simpson,14,8,15,0,0,0,7
2009,10,2009-05-29,Docklands,Carlton,West Coast,Carlton,Nick Stevens,10,4,15,0,0,0,4
2009,10,2009-05-29,Docklands,Carlton,West Coast,Carlton,Bret Thornton,16,8,8,0,0,0,2
2009,10,2009-05-29,Docklands,Carlton,West Coast,West Coast,Mitch Brown,6,2,10,0,0,0,2
2009,10,2009-05-29,Docklands,Carlton,West Coast,West Coast,Dean Cox,7,6,12,0,2,29,1
2009,10,2009-05-29,Docklands,Carlton,West Coast,West Coast,Brad Ebert,6,5,12,0,0,0,2
2009,10,2009-05-29,Docklands,Carlton,West Coast,West Coast,Andrew Embley,16,4,8,0,0,0,4
2009,10,2009-05-29,Docklands,Carlton,West Coast,West Coast,Darren Glass,0,1,8,0,0,0,1
2009,10,2009-05-29,Docklands,Carlton,West Coast,West Coast,Adam Hunter,5,2,14,1,0,0,0
2009,10,2009-05-29,Docklands,Carlton,West Coast,West Coast,Shannon Hurn,10,2,8,0,0,0,0
2009,10,2009-05-29,Docklands,Carlton,West Coast,West Coast,Josh Kennedy,11,8,2,2,1,0,2
2009,10,2009-05-29,Docklands,Carlton,West Coast,West Coast,Daniel Kerr,4,0,19,0,0,0,5
2009,10,2009-05-29,Docklands,Carlton,West Coast,West Coast,Mark LeCras,8,4,1,6,0,0,3
2009,10,2009-05-29,Docklands,Carlton,West Coast,West Coast,Quinten Lynch,11,4,9,0,1,2,1
2009,10,2009-05-29,Docklands,Carlton,West Coast,West Coast,Eric Mackenzie,3,4,6,0,0,0,1
2009,10,2009-05-29,Docklands,Carlton,West Coast,West Coast,Chris Masten,8,1,14,0,0,0,4
2009,10,2009-05-29,Docklands,Carlton,West Coast,West Coast,Ben McKinley,5,5,1,0,1,0,0
2009,10,2009-05-29,Docklands,Carlton,West Coast,West Coast,Jamie McNamara,8,1,4,0,0,0,2
2009,10,2009-05-29,Docklands,Carlton,West Coast,West Coast,Mark Nicoski,11,3,6,0,0,0,3
2009,10,2009-05-29,Docklands,Carlton,West Coast,West Coast,Matt Rosa,12,4,12,0,0,0,2
2009,10,2009-05-29,Docklands,Carlton,West Coast,West Coast,Adam Selwood,12,3,17,0,1,0,2
2009,10,2009-05-29,Docklands,Carlton,West Coast,West Coast,Scott Selwood,3,2,7,0,0,0,2
2009,10,2009-05-29,Docklands,Carlton,West Coast,West Coast,Tyson Stenglein,3,0,11,0,0,0,4
2009,10,2009-05-29,Docklands,Carlton,West Coast,West Coast,Tom Swift,6,3,8,0,0,0,1
2009,10,2009-05-29,Docklands,Carlton,West Coast,West Coast,David Wirrpanda,8,3,7,1,0,0,3
2009,10,2009-05-30,Manuka Oval,Western Bulldogs,Sydney,Western Bulldogs,Jason Akermanis,5,4,3,0,0,0,3
2009,10,2009-05-30,Manuka Oval,Western Bulldogs,Sydney,Western Bulldogs,Matthew Boyd,8,0,12,1,0,1,5
2009,10,2009-05-30,Manuka Oval,Western Bulldogs,Sydney,Western Bulldogs,Adam Cooney,15,5,9,2,1,0,4
2009,10,2009-05-30,Manuka Oval,Western Bulldogs,Sydney,Western Bulldogs,Daniel Cross,6,2,17,0,0,1,6
2009,10,2009-05-30,Manuka Oval,Western Bulldogs,Sydney,Western Bulldogs,Nathan Eagleton,9,7,8,0,1,0,1
2009,10,2009-05-30,Manuka Oval,Western Bulldogs,Sydney,Western Bulldogs,Daniel Giansiracusa,15,7,11,3,0,0,5
2009,10,2009-05-30,Manuka Oval,Western Bulldogs,Sydney,Western Bulldogs,Lindsay Gilbee,7,3,5,0,0,0,1
2009,10,2009-05-30,Manuka Oval,Western Bulldogs,Sydney,Western Bulldogs,Ryan Griffen,6,0,10,0,0,1,5
2009,10,2009-05-30,Manuka Oval,Western Bulldogs,Sydney,Western Bulldogs,Mitch Hahn,10,5,5,3,1,0,2
2009,10,2009-05-30,Manuka Oval,Western Bulldogs,Sydney,Western Bulldogs,Jarrod Harbrow,11,3,10,1,0,0,2
2009,10,2009-05-30,Manuka Oval,Western Bulldogs,Sydney,Western Bulldogs,Ryan Hargrave,15,5,7,0,0,0,2
2009,10,2009-05-30,Manuka Oval,Western Bulldogs,Sydney,Western Bulldogs,Shaun Higgins,16,6,6,1,0,0,6
2009,10,2009-05-30,Manuka Oval,Western Bulldogs,Sydney,Western Bulldogs,Josh Hill,5,0,10,0,1,0,5
2009,10,2009-05-30,Manuka Oval,Western Bulldogs,Sydney,Western Bulldogs,Ben Hudson,1,2,6,0,0,20,4
2009,10,2009-05-30,Manuka Oval,Western Bulldogs,Sydney,Western Bulldogs,Brad Johnson,11,5,7,0,1,0,6
2009,10,2009-05-30,Manuka Oval,Western Bulldogs,Sydney,Western Bulldogs,Brian Lake,12,7,5,0,0,0,1
2009,10,2009-05-30,Manuka Oval,Western Bulldogs,Sydney,Western Bulldogs,Will Minson,7,2,8,0,0,17,3
2009,10,2009-05-30,Manuka Oval,Western Bulldogs,Sydney,Western Bulldogs,Dale Morris,3,5,5,0,0,0,1
2009,10,2009-05-30,Manuka Oval,Western Bulldogs,Sydney,Western Bulldogs,Liam Picken,8,5,6,0,0,0,5
2009,10,2009-05-30,Manuka Oval,Western Bulldogs,Sydney,Western Bulldogs,Stephen Tiller,7,6,9,0,0,0,2
2009,10,2009-05-30,Manuka Oval,Western Bulldogs,Sydney,Western Bulldogs,Callan Ward,11,5,7,3,0,0,3
2009,10,2009-05-30,Manuka Oval,Western Bulldogs,Sydney,Western Bulldogs,Scott Welsh,8,6,2,4,2,0,3
2009,10,2009-05-30,Manuka Oval,Western Bulldogs,Sydney,Sydney,Luke Ablett,6,0,8,1,1,1,1
2009,10,2009-05-30,Manuka Oval,Western Bulldogs,Sydney,Sydney,Paul Bevan,7,5,10,0,0,0,6
2009,10,2009-05-30,Manuka Oval,Western Bulldogs,Sydney,Sydney,Craig Bolton,9,3,10,0,0,0,3
2009,10,2009-05-30,Manuka Oval,Western Bulldogs,Sydney,Sydney,Jude Bolton,11,2,15,1,0,0,9
2009,10,2009-05-30,Manuka Oval,Western Bulldogs,Sydney,Sydney,Amon Buchanan,6,1,8,0,0,0,4
2009,10,2009-05-30,Manuka Oval,Western Bulldogs,Sydney,Sydney,Jared Crouch,8,1,6,0,0,0,3
2009,10,2009-05-30,Manuka Oval,Western Bulldogs,Sydney,Sydney,Adam Goodes,15,3,15,2,0,1,7
2009,10,2009-05-30,Manuka Oval,Western Bulldogs,Sydney,Sydney,Heath Grundy,3,3,4,0,0,0,4
2009,10,2009-05-30,Manuka Oval,Western Bulldogs,Sydney,Sydney,Barry Hall,8,6,2,6,1,0,1
2009,10,2009-05-30,Manuka Oval,Western Bulldogs,Sydney,Sydney,Kieren Jack,6,1,8,1,0,0,2
2009,10,2009-05-30,Manuka Oval,Western Bulldogs,Sydney,Sydney,Darren Jolly,3,3,9,0,0,29,2
2009,10,2009-05-30,Manuka Oval,Western Bulldogs,Sydney,Sydney,Brett Kirk,6,5,22,0,0,0,11
2009,10,2009-05-30,Manuka Oval,Western Bulldogs,Sydney,Sydney,Nick Malceski,6,3,2,1,0,0,2
2009,10,2009-05-30,Manuka Oval,Western Bulldogs,Sydney,Sydney,Martin Mattner,7,3,12,0,0,0,6
2009,10,2009-05-30,Manuka Oval,Western Bulldogs,Sydney,Sydney,Jarrad McVeigh,3,0,9,0,0,0,2
2009,10,2009-05-30,Manuka Oval,Western Bulldogs,Sydney,Sydney,Jarred Moore,5,4,8,0,1,0,3
2009,10,2009-05-30,Manuka Oval,Western Bulldogs,Sydney,Sydney,Ryan OKeefe,12,5,19,0,0,0,9
2009,10,2009-05-30,Manuka Oval,Western Bulldogs,Sydney,Sydney,Michael OLoughlin,5,4,2,0,2,0,1
2009,10,2009-05-30,Manuka Oval,Western Bulldogs,Sydney,Sydney,Ted Richards,7,6,10,0,0,3,4
2009,10,2009-05-30,Manuka Oval,Western Bulldogs,Sydney,Sydney,Lewis Roberts-Thomson,6,5,7,0,0,0,0
2009,10,2009-05-30,Manuka Oval,Western Bulldogs,Sydney,Sydney,Rhyce Shaw,19,2,9,0,0,0,4
2009,10,2009-05-30,Manuka Oval,Western Bulldogs,Sydney,Sydney,Jesse White,1,1,3,0,0,13,2
2009,10,2009-05-30,Docklands,North Melbourne,Brisbane Lions,North Melbourne,Aaron Edwards,8,6,4,0,1,0,5
2009,10,2009-05-30,Docklands,North Melbourne,Brisbane Lions,North Melbourne,Michael Firrito,9,6,9,0,0,0,4
2009,10,2009-05-30,Docklands,North Melbourne,Brisbane Lions,North Melbourne,Josh Gibson,9,1,9,0,0,0,5
2009,10,2009-05-30,Docklands,North Melbourne,Brisbane Lions,North Melbourne,Todd Goldstein,0,1,2,0,0,7,1
2009,10,2009-05-30,Docklands,North Melbourne,Brisbane Lions,North Melbourne,Levi Greenwood,5,0,5,0,0,0,2
2009,10,2009-05-30,Docklands,North Melbourne,Brisbane Lions,North Melbourne,David Hale,4,4,2,2,0,0,1
2009,10,2009-05-30,Docklands,North Melbourne,Brisbane Lions,North Melbourne,Leigh Harding,16,9,9,0,0,0,1
2009,10,2009-05-30,Docklands,North Melbourne,Brisbane Lions,North Melbourne,Daniel Harris,6,2,9,1,1,0,8
2009,10,2009-05-30,Docklands,North Melbourne,Brisbane Lions,North Melbourne,Hamish McIntosh,10,9,13,0,0,32,1
2009,10,2009-05-30,Docklands,North Melbourne,Brisbane Lions,North Melbourne,Scott McMahon,8,5,10,1,1,0,5
2009,10,2009-05-30,Docklands,North Melbourne,Brisbane Lions,North Melbourne,Drew Petrie,11,6,4,2,0,4,7
2009,10,2009-05-30,Docklands,North Melbourne,Brisbane Lions,North Melbourne,Brady Rawlings,8,2,14,0,0,0,3
2009,10,2009-05-30,Docklands,North Melbourne,Brisbane Lions,North Melbourne,Ben Ross,10,3,7,0,0,0,3
2009,10,2009-05-30,Docklands,North Melbourne,Brisbane Lions,North Melbourne,Adam Simpson,18,8,19,0,0,0,1
2009,10,2009-05-30,Docklands,North Melbourne,Brisbane Lions,North Melbourne,Andrew Swallow,6,5,15,0,0,0,14
2009,10,2009-05-30,Docklands,North Melbourne,Brisbane Lions,North Melbourne,Lindsay Thomas,8,3,4,1,0,0,3
2009,10,2009-05-30,Docklands,North Melbourne,Brisbane Lions,North Melbourne,Scott Thompson,9,2,2,0,0,0,1
2009,10,2009-05-30,Docklands,North Melbourne,Brisbane Lions,North Melbourne,Gavin Urquhart,7,5,4,0,0,0,2
2009,10,2009-05-30,Docklands,North Melbourne,Brisbane Lions,North Melbourne,Ben Warren,11,8,1,4,1,0,0
2009,10,2009-05-30,Docklands,North Melbourne,Brisbane Lions,North Melbourne,Daniel Wells,12,1,10,1,0,0,0
2009,10,2009-05-30,Docklands,North Melbourne,Brisbane Lions,North Melbourne,Sam Wright,8,5,2,0,2,0,0
2009,10,2009-05-30,Docklands,North Melbourne,Brisbane Lions,North Melbourne,Jack Ziebell,9,3,3,0,0,0,4
2009,10,2009-05-30,Docklands,North Melbourne,Brisbane Lions,Brisbane Lions,Jed Adcock,22,11,8,1,0,0,3
2009,10,2009-05-30,Docklands,North Melbourne,Brisbane Lions,Brisbane Lions,Matt Austin,4,2,2,0,0,0,2
2009,10,2009-05-30,Docklands,North Melbourne,Brisbane Lions,Brisbane Lions,Simon Black,7,2,16,1,0,0,3
2009,10,2009-05-30,Docklands,North Melbourne,Brisbane Lions,Brisbane Lions,Daniel Bradshaw,10,9,4,1,1,1,0
2009,10,2009-05-30,Docklands,North Melbourne,Brisbane Lions,Brisbane Lions,Jared Brennan,7,5,7,0,0,4,2
2009,10,2009-05-30,Docklands,North Melbourne,Brisbane Lions,Brisbane Lions,Jonathan Brown,9,5,6,2,2,1,3
2009,10,2009-05-30,Docklands,North Melbourne,Brisbane Lions,Brisbane Lions,Mitch Clark,10,9,11,0,2,29,6
2009,10,2009-05-30,Docklands,North Melbourne,Brisbane Lions,Brisbane Lions,Josh Drummond,13,7,4,0,0,0,1
2009,10,2009-05-30,Docklands,North Melbourne,Brisbane Lions,Brisbane Lions,Scott Harding,3,4,4,0,0,0,1
2009,10,2009-05-30,Docklands,North Melbourne,Brisbane Lions,Brisbane Lions,Lachie Henderson,9,8,6,0,0,0,0
2009,10,2009-05-30,Docklands,North Melbourne,Brisbane Lions,Brisbane Lions,Rhan Hooper,8,4,0,4,0,0,4
2009,10,2009-05-30,Docklands,North Melbourne,Brisbane Lions,Brisbane Lions,Joel Macdonald,6,4,4,0,0,0,3
2009,10,2009-05-30,Docklands,North Melbourne,Brisbane Lions,Brisbane Lions,Ashley McGrath,9,8,5,0,1,0,4
2009,10,2009-05-30,Docklands,North Melbourne,Brisbane Lions,Brisbane Lions,Tim Notting,9,4,5,0,0,0,0
2009,10,2009-05-30,Docklands,North Melbourne,Brisbane Lions,Brisbane Lions,James Polkinghorne,3,4,8,2,0,0,1
2009,10,2009-05-30,Docklands,North Melbourne,Brisbane Lions,Brisbane Lions,Luke Power,12,4,7,0,0,0,8
2009,10,2009-05-30,Docklands,North Melbourne,Brisbane Lions,Brisbane Lions,Albert Proud,10,8,4,0,0,0,1
2009,10,2009-05-30,Docklands,North Melbourne,Brisbane Lions,Brisbane Lions,Daniel Rich,18,7,7,1,1,0,5
2009,10,2009-05-30,Docklands,North Melbourne,Brisbane Lions,Brisbane Lions,Michael Rischitelli,8,5,13,0,0,0,7
2009,10,2009-05-30,Docklands,North Melbourne,Brisbane Lions,Brisbane Lions,Sam Sheldon,8,5,5,0,0,0,2
2009,10,2009-05-30,Docklands,North Melbourne,Brisbane Lions,Brisbane Lions,Justin Sherman,8,2,6,2,0,0,3
2009,10,2009-05-30,Docklands,North Melbourne,Brisbane Lions,Brisbane Lions,Cheynee Stiller,9,5,4,1,0,0,1
2009,10,2009-05-30,Carrara,St Kilda,Melbourne,St Kilda,Steven Baker,7,5,10,0,0,0,2
2009,10,2009-05-30,Carrara,St Kilda,Melbourne,St Kilda,Luke Ball,6,1,13,0,0,0,4
2009,10,2009-05-30,Carrara,St Kilda,Melbourne,St Kilda,Jason Blake,7,6,7,0,0,0,0
2009,10,2009-05-30,Carrara,St Kilda,Melbourne,St Kilda,Raphael Clarke,6,5,9,0,0,0,3
2009,10,2009-05-30,Carrara,St Kilda,Melbourne,St Kilda,Nick Dal Santo,15,5,16,0,1,0,5
2009,10,2009-05-30,Carrara,St Kilda,Melbourne,St Kilda,Zac Dawson,12,9,7,0,0,0,3
2009,10,2009-05-30,Carrara,St Kilda,Melbourne,St Kilda,Sam Fisher,18,9,7,0,0,0,0
2009,10,2009-05-30,Carrara,St Kilda,Melbourne,St Kilda,Michael Gardiner,3,3,4,0,0,13,0
2009,10,2009-05-30,Carrara,St Kilda,Melbourne,St Kilda,Jarryn Geary,13,4,9,1,0,0,4
2009,10,2009-05-30,Carrara,St Kilda,Melbourne,St Kilda,Sam Gilbert,10,8,2,0,0,0,2
2009,10,2009-05-30,Carrara,St Kilda,Melbourne,St Kilda,Brendon Goddard,15,10,16,2,0,0,4
2009,10,2009-05-30,Carrara,St Kilda,Melbourne,St Kilda,Jason Gram,11,8,8,0,1,0,1
2009,10,2009-05-30,Carrara,St Kilda,Melbourne,St Kilda,James Gwilt,5,6,6,1,1,0,1
2009,10,2009-05-30,Carrara,St Kilda,Melbourne,St Kilda,Lenny Hayes,16,6,19,0,0,1,4
2009,10,2009-05-30,Carrara,St Kilda,Melbourne,St Kilda,Clinton Jones,10,0,8,0,1,0,4
2009,10,2009-05-30,Carrara,St Kilda,Melbourne,St Kilda,Steven King,5,3,5,0,0,7,2
2009,10,2009-05-30,Carrara,St Kilda,Melbourne,St Kilda,Justin Koschitzke,5,1,3,1,0,0,1
2009,10,2009-05-30,Carrara,St Kilda,Melbourne,St Kilda,Andrew McQualter,5,2,11,1,1,0,3
2009,10,2009-05-30,Carrara,St Kilda,Melbourne,St Kilda,Leigh Montagna,16,5,15,0,3,0,13
2009,10,2009-05-30,Carrara,St Kilda,Melbourne,St Kilda,Farren Ray,13,5,14,1,1,0,3
2009,10,2009-05-30,Carrara,St Kilda,Melbourne,St Kilda,Nick Riewoldt,13,10,7,4,1,1,0
2009,10,2009-05-30,Carrara,St Kilda,Melbourne,St Kilda,Adam Schneider,5,4,9,0,1,0,4
2009,10,2009-05-30,Carrara,St Kilda,Melbourne,Melbourne,Matthew Bate,10,7,7,1,2,0,3
2009,10,2009-05-30,Carrara,St Kilda,Melbourne,Melbourne,Daniel Bell,2,5,10,0,0,0,2
2009,10,2009-05-30,Carrara,St Kilda,Melbourne,Melbourne,Jamie Bennell,10,5,7,0,0,0,2
2009,10,2009-05-30,Carrara,St Kilda,Melbourne,Melbourne,Cameron Bruce,10,4,15,1,0,0,3
2009,10,2009-05-30,Carrara,St Kilda,Melbourne,Melbourne,Aaron Davey,11,2,8,0,0,0,5
2009,10,2009-05-30,Carrara,St Kilda,Melbourne,Melbourne,James Frawley,7,5,6,1,0,0,3
2009,10,2009-05-30,Carrara,St Kilda,Melbourne,Melbourne,Brad Green,12,3,11,1,0,0,2
2009,10,2009-05-30,Carrara,St Kilda,Melbourne,Melbourne,Jack Grimes,12,8,9,0,0,0,2
2009,10,2009-05-30,Carrara,St Kilda,Melbourne,Melbourne,Mark Jamar,2,4,9,0,1,29,6
2009,10,2009-05-30,Carrara,St Kilda,Melbourne,Melbourne,Paul Johnson,13,8,9,0,1,9,1
2009,10,2009-05-30,Carrara,St Kilda,Melbourne,Melbourne,Nathan Jones,7,6,15,0,0,0,1
2009,10,2009-05-30,Carrara,St Kilda,Melbourne,Melbourne,Addam Maric,7,2,6,1,1,0,2
2009,10,2009-05-30,Carrara,St Kilda,Melbourne,Melbourne,Stefan Martin,4,2,7,0,1,5,1
2009,10,2009-05-30,Carrara,St Kilda,Melbourne,Melbourne,James McDonald,6,3,8,0,0,1,7
2009,10,2009-05-30,Carrara,St Kilda,Melbourne,Melbourne,Brock McLean,11,3,12,0,0,0,5
2009,10,2009-05-30,Carrara,St Kilda,Melbourne,Melbourne,Brad Miller,4,5,5,0,1,0,0
2009,10,2009-05-30,Carrara,St Kilda,Melbourne,Melbourne,Brent Moloney,10,4,14,0,0,0,1
2009,10,2009-05-30,Carrara,St Kilda,Melbourne,Melbourne,Cale Morton,16,9,6,0,0,0,3
2009,10,2009-05-30,Carrara,St Kilda,Melbourne,Melbourne,Jared Rivers,7,2,4,0,0,0,4
2009,10,2009-05-30,Carrara,St Kilda,Melbourne,Melbourne,Colin Sylvia,9,6,15,1,1,0,3
2009,10,2009-05-30,Carrara,St Kilda,Melbourne,Melbourne,Matthew Warnock,5,4,6,0,0,0,2
2009,10,2009-05-30,Carrara,St Kilda,Melbourne,Melbourne,Matthew Whelan,7,5,15,0,0,0,4
2009,10,2009-05-30,Subiaco,Fremantle,Richmond,Fremantle,Greg Broughton,16,11,7,0,1,0,3
2009,10,2009-05-30,Subiaco,Fremantle,Richmond,Fremantle,Matt de Boer,6,7,8,0,1,0,3
2009,10,2009-05-30,Subiaco,Fremantle,Richmond,Fremantle,Steven Dodd,11,8,8,0,0,0,2
2009,10,2009-05-30,Subiaco,Fremantle,Richmond,Fremantle,Paul Duffield,21,7,6,1,0,0,8
2009,10,2009-05-30,Subiaco,Fremantle,Richmond,Fremantle,Andrew Foster,7,1,7,0,0,0,2
2009,10,2009-05-30,Subiaco,Fremantle,Richmond,Fremantle,Antoni Grover,8,6,1,0,0,0,2
2009,10,2009-05-30,Subiaco,Fremantle,Richmond,Fremantle,Paul Hasleby,12,7,15,1,0,0,0
2009,10,2009-05-30,Subiaco,Fremantle,Richmond,Fremantle,Josh Head,8,6,1,0,0,0,2
2009,10,2009-05-30,Subiaco,Fremantle,Richmond,Fremantle,Des Headland,6,3,2,2,1,0,2
2009,10,2009-05-30,Subiaco,Fremantle,Richmond,Fremantle,Stephen Hill,6,4,3,0,1,0,2
2009,10,2009-05-30,Subiaco,Fremantle,Richmond,Fremantle,Garrick Ibbotson,12,9,12,0,1,0,4
2009,10,2009-05-30,Subiaco,Fremantle,Richmond,Fremantle,Michael Johnson,6,2,1,2,0,0,1
2009,10,2009-05-30,Subiaco,Fremantle,Richmond,Fremantle,Luke McPharlin,7,3,2,0,0,3,2
2009,10,2009-05-30,Subiaco,Fremantle,Richmond,Fremantle,David Mundy,15,9,11,1,1,0,3
2009,10,2009-05-30,Subiaco,Fremantle,Richmond,Fremantle,Matthew Pavlich,10,2,10,2,0,1,4
2009,10,2009-05-30,Subiaco,Fremantle,Richmond,Fremantle,Brett Peake,9,4,8,1,0,0,0
2009,10,2009-05-30,Subiaco,Fremantle,Richmond,Fremantle,Aaron Sandilands,9,7,8,2,1,45,2
2009,10,2009-05-30,Subiaco,Fremantle,Richmond,Fremantle,Byron Schammer,12,4,13,0,1,0,2
2009,10,2009-05-30,Subiaco,Fremantle,Richmond,Fremantle,Dean Solomon,6,0,8,0,1,1,11
2009,10,2009-05-30,Subiaco,Fremantle,Richmond,Fremantle,Nick Suban,6,1,3,1,0,0,0
2009,10,2009-05-30,Subiaco,Fremantle,Richmond,Fremantle,Chris Tarrant,12,8,8,2,0,0,3
2009,10,2009-05-30,Subiaco,Fremantle,Richmond,Fremantle,Scott Thornton,5,3,2,2,0,0,0
2009,10,2009-05-30,Subiaco,Fremantle,Richmond,Richmond,Joel Bowden,7,7,5,0,0,0,0
2009,10,2009-05-30,Subiaco,Fremantle,Richmond,Richmond,Nathan Brown,7,5,4,2,1,0,0
2009,10,2009-05-30,Subiaco,Fremantle,Richmond,Richmond,Andrew Collins,8,5,16,0,0,0,8
2009,10,2009-05-30,Subiaco,Fremantle,Richmond,Richmond,Trent Cotchin,11,7,9,1,0,0,2
2009,10,2009-05-30,Subiaco,Fremantle,Richmond,Richmond,Ben Cousins,8,2,17,1,0,0,1
2009,10,2009-05-30,Subiaco,Fremantle,Richmond,Richmond,Brett Deledio,13,10,14,2,0,2,1
2009,10,2009-05-30,Subiaco,Fremantle,Richmond,Richmond,Nathan Foley,9,5,19,1,0,0,6
2009,10,2009-05-30,Subiaco,Fremantle,Richmond,Richmond,Daniel Jackson,13,8,14,0,0,0,1
2009,10,2009-05-30,Subiaco,Fremantle,Richmond,Richmond,Luke McGuane,6,6,10,1,0,0,1
2009,10,2009-05-30,Subiaco,Fremantle,Richmond,Richmond,Kelvin Moore,7,4,5,0,1,0,2
2009,10,2009-05-30,Subiaco,Fremantle,Richmond,Richmond,Mitch Morton,7,5,5,2,3,0,2
2009,10,2009-05-30,Subiaco,Fremantle,Richmond,Richmond,Robin Nahas,10,4,9,1,1,0,4
2009,10,2009-05-30,Subiaco,Fremantle,Richmond,Richmond,Chris Newman,11,7,13,1,0,0,4
2009,10,2009-05-30,Subiaco,Fremantle,Richmond,Richmond,Adam Pattison,4,6,11,0,1,9,1
2009,10,2009-05-30,Subiaco,Fremantle,Richmond,Richmond,Kayne Pettifer,15,7,6,0,1,0,0
2009,10,2009-05-30,Subiaco,Fremantle,Richmond,Richmond,Dean Polo,7,6,14,0,0,0,2
2009,10,2009-05-30,Subiaco,Fremantle,Richmond,Richmond,Jack Riewoldt,13,8,3,2,1,0,1
2009,10,2009-05-30,Subiaco,Fremantle,Richmond,Richmond,Troy Simmonds,8,5,5,1,0,5,2
2009,10,2009-05-30,Subiaco,Fremantle,Richmond,Richmond,Richard Tambling,15,7,13,1,0,0,4
2009,10,2009-05-30,Subiaco,Fremantle,Richmond,Richmond,Will Thursfield,3,4,3,0,0,0,1
2009,10,2009-05-30,Subiaco,Fremantle,Richmond,Richmond,Shane Tuck,15,8,15,1,0,3,4
2009,10,2009-05-30,Subiaco,Fremantle,Richmond,Richmond,Matt White,4,1,3,0,1,0,2
2009,10,2009-05-31,Football Park,Adelaide,Hawthorn,Adelaide,Nathan Bock,11,6,11,0,0,0,1
2009,10,2009-05-31,Football Park,Adelaide,Hawthorn,Adelaide,Patrick Dangerfield,6,5,4,1,2,0,1
2009,10,2009-05-31,Football Park,Adelaide,Hawthorn,Adelaide,Michael Doughty,13,4,12,2,1,1,4
2009,10,2009-05-31,Football Park,Adelaide,Hawthorn,Adelaide,Richard Douglas,6,3,9,1,0,0,3
2009,10,2009-05-31,Football Park,Adelaide,Hawthorn,Adelaide,Tyson Edwards,8,5,14,0,0,0,5
2009,10,2009-05-31,Football Park,Adelaide,Hawthorn,Adelaide,Simon Goodwin,9,3,13,0,0,0,4
2009,10,2009-05-31,Football Park,Adelaide,Hawthorn,Adelaide,Graham Johncock,10,5,13,0,0,0,4
2009,10,2009-05-31,Football Park,Adelaide,Hawthorn,Adelaide,Chris Knights,12,5,3,4,2,0,5
2009,10,2009-05-31,Football Park,Adelaide,Hawthorn,Adelaide,David Mackay,9,5,17,0,0,0,2
2009,10,2009-05-31,Football Park,Adelaide,Hawthorn,Adelaide,Ivan Maric,3,0,3,0,0,9,1
2009,10,2009-05-31,Football Park,Adelaide,Hawthorn,Adelaide,Andrew McLeod,11,0,7,0,0,0,2
2009,10,2009-05-31,Football Park,Adelaide,Hawthorn,Adelaide,Brad Moran,3,2,8,0,0,22,0
2009,10,2009-05-31,Football Park,Adelaide,Hawthorn,Adelaide,Andy Otten,4,6,12,0,0,0,2
2009,10,2009-05-31,Football Park,Adelaide,Hawthorn,Adelaide,Jason Porplyzia,9,1,4,0,2,0,5
2009,10,2009-05-31,Football Park,Adelaide,Hawthorn,Adelaide,Ben Rutten,8,6,6,0,0,0,2
2009,10,2009-05-31,Football Park,Adelaide,Hawthorn,Adelaide,Scott Stevens,10,5,8,1,1,0,2
2009,10,2009-05-31,Football Park,Adelaide,Hawthorn,Adelaide,Brad Symes,7,4,12,0,0,2,2
2009,10,2009-05-31,Football Park,Adelaide,Hawthorn,Adelaide,Scott Thompson,13,5,25,0,0,0,7
2009,10,2009-05-31,Football Park,Adelaide,Hawthorn,Adelaide,Kurt Tippett,2,0,3,1,0,10,1
2009,10,2009-05-31,Football Park,Adelaide,Hawthorn,Adelaide,Nathan van Berlo,5,7,14,0,0,0,6
2009,10,2009-05-31,Football Park,Adelaide,Hawthorn,Adelaide,Bernie Vince,11,4,12,1,0,0,4
2009,10,2009-05-31,Football Park,Adelaide,Hawthorn,Adelaide,Taylor Walker,8,7,2,5,0,0,4
2009,10,2009-05-31,Football Park,Adelaide,Hawthorn,Hawthorn,Chance Bateman,15,3,7,2,0,0,5
2009,10,2009-05-31,Football Park,Adelaide,Hawthorn,Hawthorn,Grant Birchall,12,6,13,0,0,0,2
2009,10,2009-05-31,Football Park,Adelaide,Hawthorn,Hawthorn,Campbell Brown,6,3,10,0,0,0,0
2009,10,2009-05-31,Football Park,Adelaide,Hawthorn,Hawthorn,Robert Campbell,3,2,10,0,0,8,0
2009,10,2009-05-31,Football Park,Adelaide,Hawthorn,Hawthorn,Stuart Dew,7,2,5,1,0,0,4
2009,10,2009-05-31,Football Park,Adelaide,Hawthorn,Hawthorn,Xavier Ellis,10,7,19,0,0,0,2
2009,10,2009-05-31,Football Park,Adelaide,Hawthorn,Hawthorn,Lance Franklin,6,3,6,3,1,1,0
2009,10,2009-05-31,Football Park,Adelaide,Hawthorn,Hawthorn,Brent Guerra,10,7,8,0,0,0,3
2009,10,2009-05-31,Football Park,Adelaide,Hawthorn,Hawthorn,Jordan Lewis,21,10,10,1,0,1,2
2009,10,2009-05-31,Football Park,Adelaide,Hawthorn,Hawthorn,Ben McGlynn,6,4,9,0,0,0,5
2009,10,2009-05-31,Football Park,Adelaide,Hawthorn,Hawthorn,Sam Mitchell,11,1,11,0,0,0,4
2009,10,2009-05-31,Football Park,Adelaide,Hawthorn,Hawthorn,Jarryd Morton,5,2,7,0,1,0,3
2009,10,2009-05-31,Football Park,Adelaide,Hawthorn,Hawthorn,Tom Murphy,9,7,9,0,0,0,4
2009,10,2009-05-31,Football Park,Adelaide,Hawthorn,Hawthorn,Beau Muston,11,6,15,0,0,0,6
2009,10,2009-05-31,Football Park,Adelaide,Hawthorn,Hawthorn,Michael Osborne,12,8,7,0,0,0,3
2009,10,2009-05-31,Football Park,Adelaide,Hawthorn,Hawthorn,Cyril Rioli,12,7,10,4,2,0,3
2009,10,2009-05-31,Football Park,Adelaide,Hawthorn,Hawthorn,Jarryd Roughead,8,3,7,1,1,5,3
2009,10,2009-05-31,Football Park,Adelaide,Hawthorn,Hawthorn,Brad Sewell,13,6,18,0,0,0,10
2009,10,2009-05-31,Football Park,Adelaide,Hawthorn,Hawthorn,Liam Shiels,7,6,9,0,0,0,3
2009,10,2009-05-31,Football Park,Adelaide,Hawthorn,Hawthorn,Simon Taylor,6,3,4,0,0,30,4
2009,10,2009-05-31,Football Park,Adelaide,Hawthorn,Hawthorn,Brendan Whitecross,12,7,2,0,0,0,1
2009,10,2009-05-31,Football Park,Adelaide,Hawthorn,Hawthorn,Mark Williams,4,3,5,0,1,0,1
2009,10,2009-05-31,Docklands,Essendon,Geelong,Essendon,Tom Bellchambers,0,1,2,0,0,4,1
2009,10,2009-05-31,Docklands,Essendon,Geelong,Essendon,Alwyn Davey,7,1,7,0,1,0,5
2009,10,2009-05-31,Docklands,Essendon,Geelong,Essendon,Ricky Dyson,13,3,9,1,0,0,2
2009,10,2009-05-31,Docklands,Essendon,Geelong,Essendon,Heath Hocking,7,4,16,2,0,0,4
2009,10,2009-05-31,Docklands,Essendon,Geelong,Essendon,Cale Hooker,10,5,12,1,1,0,0
2009,10,2009-05-31,Docklands,Essendon,Geelong,Essendon,Bachar Houli,13,5,18,0,0,0,3
2009,10,2009-05-31,Docklands,Essendon,Geelong,Essendon,Leroy Jetta,8,2,7,0,0,0,1
2009,10,2009-05-31,Docklands,Essendon,Geelong,Essendon,Matthew Lloyd,2,3,5,1,0,0,0
2009,10,2009-05-31,Docklands,Essendon,Geelong,Essendon,Sam Lonergan,5,3,11,0,1,0,6
2009,10,2009-05-31,Docklands,Essendon,Geelong,Essendon,Andrew Lovett,10,3,11,1,0,0,3
2009,10,2009-05-31,Docklands,Essendon,Geelong,Essendon,Adam McPhee,10,5,7,0,0,0,4
2009,10,2009-05-31,Docklands,Essendon,Geelong,Essendon,Mark McVeigh,6,3,3,1,0,0,2
2009,10,2009-05-31,Docklands,Essendon,Geelong,Essendon,Angus Monfries,5,2,7,0,0,0,1
2009,10,2009-05-31,Docklands,Essendon,Geelong,Essendon,Jay Neagle,8,7,4,3,1,0,2
2009,10,2009-05-31,Docklands,Essendon,Geelong,Essendon,Tayte Pears,6,3,10,0,0,0,1
2009,10,2009-05-31,Docklands,Essendon,Geelong,Essendon,Paddy Ryder,3,1,15,0,0,24,6
2009,10,2009-05-31,Docklands,Essendon,Geelong,Essendon,Hayden Skipworth,2,4,13,0,0,0,3
2009,10,2009-05-31,Docklands,Essendon,Geelong,Essendon,Henry Slattery,4,2,5,0,0,0,7
2009,10,2009-05-31,Docklands,Essendon,Geelong,Essendon,Brent Stanton,10,2,11,1,0,0,4
2009,10,2009-05-31,Docklands,Essendon,Geelong,Essendon,Jobe Watson,7,0,13,0,0,0,2
2009,10,2009-05-31,Docklands,Essendon,Geelong,Essendon,Jason Winderlich,9,4,9,0,0,2,5
2009,10,2009-05-31,Docklands,Essendon,Geelong,Essendon,David Zaharakis,7,3,7,0,0,0,4
2009,10,2009-05-31,Docklands,Essendon,Geelong,Geelong,Gary Ablett,9,3,21,2,2,0,9
2009,10,2009-05-31,Docklands,Essendon,Geelong,Geelong,Jimmy Bartel,12,5,16,0,1,3,8
2009,10,2009-05-31,Docklands,Essendon,Geelong,Geelong,Mark Blake,4,1,7,0,0,27,0
2009,10,2009-05-31,Docklands,Essendon,Geelong,Geelong,Shannon Byrnes,13,9,17,2,0,0,6
2009,10,2009-05-31,Docklands,Essendon,Geelong,Geelong,Nathan Djerrkura,4,0,6,0,1,0,9
2009,10,2009-05-31,Docklands,Essendon,Geelong,Geelong,Corey Enright,15,6,13,0,0,0,3
2009,10,2009-05-31,Docklands,Essendon,Geelong,Geelong,Tom Harley,1,0,2,0,0,0,2
2009,10,2009-05-31,Docklands,Essendon,Geelong,Geelong,Tom Hawkins,5,3,3,0,0,0,3
2009,10,2009-05-31,Docklands,Essendon,Geelong,Geelong,David Johnson,6,5,11,0,0,0,7
2009,10,2009-05-31,Docklands,Essendon,Geelong,Geelong,Steve Johnson,15,11,6,6,2,0,3
2009,10,2009-05-31,Docklands,Essendon,Geelong,Geelong,James Kelly,15,9,13,0,0,0,6
2009,10,2009-05-31,Docklands,Essendon,Geelong,Geelong,Cameron Ling,14,5,12,2,1,0,4
2009,10,2009-05-31,Docklands,Essendon,Geelong,Geelong,Andrew Mackie,19,11,9,0,1,0,1
2009,10,2009-05-31,Docklands,Essendon,Geelong,Geelong,Darren Milburn,18,5,7,0,0,0,2
2009,10,2009-05-31,Docklands,Essendon,Geelong,Geelong,Cameron Mooney,13,11,4,4,3,0,1
2009,10,2009-05-31,Docklands,Essendon,Geelong,Geelong,Shane Mumford,2,2,5,0,0,19,1
2009,10,2009-05-31,Docklands,Essendon,Geelong,Geelong,Max Rooke,3,3,4,1,1,0,7
2009,10,2009-05-31,Docklands,Essendon,Geelong,Geelong,Matthew Scarlett,9,4,6,0,0,0,1
2009,10,2009-05-31,Docklands,Essendon,Geelong,Geelong,Joel Selwood,15,7,22,2,0,0,3
2009,10,2009-05-31,Docklands,Essendon,Geelong,Geelong,Harry Taylor,3,7,18,0,0,0,0
2009,10,2009-05-31,Docklands,Essendon,Geelong,Geelong,Travis Varcoe,10,4,8,1,0,0,4
2009,10,2009-05-31,Docklands,Essendon,Geelong,Geelong,David Wojcinski,10,2,8,0,0,0,7
2009,10,2009-05-31,M.C.G.,Collingwood,Port Adelaide,Collingwood,John Anthony,7,7,3,4,1,0,1
2009,10,2009-05-31,M.C.G.,Collingwood,Port Adelaide,Collingwood,Leigh Brown,11,5,7,2,3,0,7
2009,10,2009-05-31,M.C.G.,Collingwood,Port Adelaide,Collingwood,Nathan Brown,2,3,10,0,1,0,1
2009,10,2009-05-31,M.C.G.,Collingwood,Port Adelaide,Collingwood,Martin Clarke,14,4,5,1,0,0,2
2009,10,2009-05-31,M.C.G.,Collingwood,Port Adelaide,Collingwood,Shannon Cox,11,5,10,0,0,3,6
2009,10,2009-05-31,M.C.G.,Collingwood,Port Adelaide,Collingwood,Leon Davis,11,2,3,1,0,0,4
2009,10,2009-05-31,M.C.G.,Collingwood,Port Adelaide,Collingwood,Brad Dick,11,2,14,3,1,0,2
2009,10,2009-05-31,M.C.G.,Collingwood,Port Adelaide,Collingwood,Alan Didak,11,6,8,3,0,0,0
2009,10,2009-05-31,M.C.G.,Collingwood,Port Adelaide,Collingwood,Josh Fraser,6,4,11,0,0,24,3
2009,10,2009-05-31,M.C.G.,Collingwood,Port Adelaide,Collingwood,Tarkyn Lockyer,6,5,7,1,0,0,3
2009,10,2009-05-31,M.C.G.,Collingwood,Port Adelaide,Collingwood,Heritier Lumumba,8,3,6,0,0,0,0
2009,10,2009-05-31,M.C.G.,Collingwood,Port Adelaide,Collingwood,Nick Maxwell,10,5,9,0,0,0,0
2009,10,2009-05-31,M.C.G.,Collingwood,Port Adelaide,Collingwood,Shane OBree,11,5,11,0,0,0,5
2009,10,2009-05-31,M.C.G.,Collingwood,Port Adelaide,Collingwood,Scott Pendlebury,15,6,9,0,0,1,5
2009,10,2009-05-31,M.C.G.,Collingwood,Port Adelaide,Collingwood,Simon Prestigiacomo,2,1,4,0,0,0,1
2009,10,2009-05-31,M.C.G.,Collingwood,Port Adelaide,Collingwood,Heath Shaw,16,8,9,0,0,0,1
2009,10,2009-05-31,M.C.G.,Collingwood,Port Adelaide,Collingwood,Steele Sidebottom,4,3,8,1,0,0,4
2009,10,2009-05-31,M.C.G.,Collingwood,Port Adelaide,Collingwood,Dane Swan,22,8,26,1,2,0,1
2009,10,2009-05-31,M.C.G.,Collingwood,Port Adelaide,Collingwood,Dale Thomas,10,8,3,0,0,0,3
2009,10,2009-05-31,M.C.G.,Collingwood,Port Adelaide,Collingwood,Alan Toovey,10,2,7,0,0,0,3
2009,10,2009-05-31,M.C.G.,Collingwood,Port Adelaide,Collingwood,Sharrod Wellingham,14,4,10,0,2,0,4
2009,10,2009-05-31,M.C.G.,Collingwood,Port Adelaide,Collingwood,Cameron Wood,1,5,6,0,0,13,0
2009,10,2009-05-31,M.C.G.,Collingwood,Port Adelaide,Port Adelaide,Travis Boak,14,4,9,0,0,1,7
2009,10,2009-05-31,M.C.G.,Collingwood,Port Adelaide,Port Adelaide,Dean Brogan,2,4,6,0,0,16,0
2009,10,2009-05-31,M.C.G.,Collingwood,Port Adelaide,Port Adelaide,Peter Burgoyne,13,4,12,0,0,0,3
2009,10,2009-05-31,M.C.G.,Collingwood,Port Adelaide,Port Adelaide,Alipate Carlile,6,6,5,0,0,0,0
2009,10,2009-05-31,M.C.G.,Collingwood,Port Adelaide,Port Adelaide,Domenic Cassisi,14,7,16,1,0,0,8
2009,10,2009-05-31,M.C.G.,Collingwood,Port Adelaide,Port Adelaide,Troy Chaplin,9,5,13,0,0,0,3
2009,10,2009-05-31,M.C.G.,Collingwood,Port Adelaide,Port Adelaide,Chad Cornes,7,4,5,0,1,0,1
2009,10,2009-05-31,M.C.G.,Collingwood,Port Adelaide,Port Adelaide,Kane Cornes,8,3,21,0,0,0,5
2009,10,2009-05-31,M.C.G.,Collingwood,Port Adelaide,Port Adelaide,Brett Ebert,10,5,3,3,2,0,0
2009,10,2009-05-31,M.C.G.,Collingwood,Port Adelaide,Port Adelaide,Robbie Gray,7,3,10,1,0,0,5
2009,10,2009-05-31,M.C.G.,Collingwood,Port Adelaide,Port Adelaide,Hamish Hartlett,8,2,7,0,0,0,2
2009,10,2009-05-31,M.C.G.,Collingwood,Port Adelaide,Port Adelaide,Nathan Krakouer,11,1,5,0,0,0,1
2009,10,2009-05-31,M.C.G.,Collingwood,Port Adelaide,Port Adelaide,Brendon Lade,5,3,3,1,0,10,0
2009,10,2009-05-31,M.C.G.,Collingwood,Port Adelaide,Port Adelaide,Tom Logan,8,5,9,0,0,0,3
2009,10,2009-05-31,M.C.G.,Collingwood,Port Adelaide,Port Adelaide,Danyle Pearce,18,6,9,1,2,0,2
2009,10,2009-05-31,M.C.G.,Collingwood,Port Adelaide,Port Adelaide,Michael Pettigrew,8,3,2,0,1,0,4
2009,10,2009-05-31,M.C.G.,Collingwood,Port Adelaide,Port Adelaide,David Rodan,8,3,15,1,1,0,4
2009,10,2009-05-31,M.C.G.,Collingwood,Port Adelaide,Port Adelaide,Steven Salopek,21,8,5,0,0,0,1
2009,10,2009-05-31,M.C.G.,Collingwood,Port Adelaide,Port Adelaide,Jacob Surjan,8,4,10,1,0,0,1
2009,10,2009-05-31,M.C.G.,Collingwood,Port Adelaide,Port Adelaide,Matt Thomas,4,5,11,0,1,0,3
2009,10,2009-05-31,M.C.G.,Collingwood,Port Adelaide,Port Adelaide,Warren Tredrea,7,7,4,1,1,0,0
2009,10,2009-05-31,M.C.G.,Collingwood,Port Adelaide,Port Adelaide,Matthew Westhoff,4,2,3,1,1,0,3
2009,11,2009-06-05,Docklands,Richmond,Western Bulldogs,Richmond,Joel Bowden,16,8,16,0,0,0,3
2009,11,2009-06-05,Docklands,Richmond,Western Bulldogs,Richmond,Andrew Collins,8,4,16,1,0,0,1
2009,11,2009-06-05,Docklands,Richmond,Western Bulldogs,Richmond,Trent Cotchin,10,3,11,0,0,1,1
2009,11,2009-06-05,Docklands,Richmond,Western Bulldogs,Richmond,Mark Coughlan,6,4,15,0,0,1,9
2009,11,2009-06-05,Docklands,Richmond,Western Bulldogs,Richmond,Ben Cousins,8,0,13,0,0,0,2
2009,11,2009-06-05,Docklands,Richmond,Western Bulldogs,Richmond,Brett Deledio,5,3,8,1,0,2,2
2009,11,2009-06-05,Docklands,Richmond,Western Bulldogs,Richmond,Nathan Foley,10,1,20,0,0,0,4
2009,11,2009-06-05,Docklands,Richmond,Western Bulldogs,Richmond,Daniel Jackson,15,8,15,0,1,2,8
2009,11,2009-06-05,Docklands,Richmond,Western Bulldogs,Richmond,Luke McGuane,8,6,14,0,0,0,2
2009,11,2009-06-05,Docklands,Richmond,Western Bulldogs,Richmond,Jordan McMahon,10,3,7,1,0,0,1
2009,11,2009-06-05,Docklands,Richmond,Western Bulldogs,Richmond,Kelvin Moore,4,4,6,0,0,0,1
2009,11,2009-06-05,Docklands,Richmond,Western Bulldogs,Richmond,Mitch Morton,4,3,8,3,0,0,3
2009,11,2009-06-05,Docklands,Richmond,Western Bulldogs,Richmond,Chris Newman,15,5,10,0,0,0,5
2009,11,2009-06-05,Docklands,Richmond,Western Bulldogs,Richmond,Adam Pattison,4,4,7,2,0,8,3
2009,11,2009-06-05,Docklands,Richmond,Western Bulldogs,Richmond,Kayne Pettifer,12,5,8,0,1,0,0
2009,11,2009-06-05,Docklands,Richmond,Western Bulldogs,Richmond,Dean Polo,9,6,8,1,0,0,2
2009,11,2009-06-05,Docklands,Richmond,Western Bulldogs,Richmond,Alex Rance,0,2,11,0,0,0,3
2009,11,2009-06-05,Docklands,Richmond,Western Bulldogs,Richmond,Jack Riewoldt,7,6,1,3,1,0,6
2009,11,2009-06-05,Docklands,Richmond,Western Bulldogs,Richmond,Troy Simmonds,9,3,4,0,0,15,2
2009,11,2009-06-05,Docklands,Richmond,Western Bulldogs,Richmond,Richard Tambling,13,7,11,0,0,0,2
2009,11,2009-06-05,Docklands,Richmond,Western Bulldogs,Richmond,Will Thursfield,2,4,12,0,0,0,2
2009,11,2009-06-05,Docklands,Richmond,Western Bulldogs,Richmond,Shane Tuck,13,8,19,2,0,2,2
2009,11,2009-06-05,Docklands,Richmond,Western Bulldogs,Western Bulldogs,Jason Akermanis,10,6,6,1,3,0,2
2009,11,2009-06-05,Docklands,Richmond,Western Bulldogs,Western Bulldogs,Matthew Boyd,13,2,15,1,0,0,4
2009,11,2009-06-05,Docklands,Richmond,Western Bulldogs,Western Bulldogs,Adam Cooney,15,4,18,1,0,0,3
2009,11,2009-06-05,Docklands,Richmond,Western Bulldogs,Western Bulldogs,Daniel Cross,4,2,20,0,0,1,1
2009,11,2009-06-05,Docklands,Richmond,Western Bulldogs,Western Bulldogs,Nathan Eagleton,12,4,7,1,2,0,3
2009,11,2009-06-05,Docklands,Richmond,Western Bulldogs,Western Bulldogs,Daniel Giansiracusa,14,7,8,2,0,0,2
2009,11,2009-06-05,Docklands,Richmond,Western Bulldogs,Western Bulldogs,Lindsay Gilbee,11,6,2,2,0,0,5
2009,11,2009-06-05,Docklands,Richmond,Western Bulldogs,Western Bulldogs,Ryan Griffen,6,1,7,1,0,0,1
2009,11,2009-06-05,Docklands,Richmond,Western Bulldogs,Western Bulldogs,Mitch Hahn,8,9,6,2,1,0,1
2009,11,2009-06-05,Docklands,Richmond,Western Bulldogs,Western Bulldogs,Jarrod Harbrow,16,6,12,0,0,0,0
2009,11,2009-06-05,Docklands,Richmond,Western Bulldogs,Western Bulldogs,Ryan Hargrave,12,2,7,1,1,0,1
2009,11,2009-06-05,Docklands,Richmond,Western Bulldogs,Western Bulldogs,Shaun Higgins,11,8,9,3,0,0,3
2009,11,2009-06-05,Docklands,Richmond,Western Bulldogs,Western Bulldogs,Josh Hill,9,5,10,4,1,0,3
2009,11,2009-06-05,Docklands,Richmond,Western Bulldogs,Western Bulldogs,Ben Hudson,2,1,4,0,0,16,1
2009,11,2009-06-05,Docklands,Richmond,Western Bulldogs,Western Bulldogs,Brad Johnson,15,8,6,2,2,0,3
2009,11,2009-06-05,Docklands,Richmond,Western Bulldogs,Western Bulldogs,Brian Lake,9,7,8,0,0,3,0
2009,11,2009-06-05,Docklands,Richmond,Western Bulldogs,Western Bulldogs,Will Minson,3,1,9,0,0,22,9
2009,11,2009-06-05,Docklands,Richmond,Western Bulldogs,Western Bulldogs,Dale Morris,2,3,8,0,0,0,4
2009,11,2009-06-05,Docklands,Richmond,Western Bulldogs,Western Bulldogs,Liam Picken,4,3,11,2,0,0,3
2009,11,2009-06-05,Docklands,Richmond,Western Bulldogs,Western Bulldogs,Brennan Stack,2,2,6,0,0,0,1
2009,11,2009-06-05,Docklands,Richmond,Western Bulldogs,Western Bulldogs,Stephen Tiller,6,3,4,0,0,0,0
2009,11,2009-06-05,Docklands,Richmond,Western Bulldogs,Western Bulldogs,Callan Ward,11,4,6,1,1,0,2
2009,11,2009-06-06,Docklands,North Melbourne,St Kilda,North Melbourne,Matt Campbell,6,3,2,0,0,0,3
2009,11,2009-06-06,Docklands,North Melbourne,St Kilda,North Melbourne,Aaron Edwards,6,7,3,1,0,0,2
2009,11,2009-06-06,Docklands,North Melbourne,St Kilda,North Melbourne,Michael Firrito,12,7,6,1,0,1,8
2009,11,2009-06-06,Docklands,North Melbourne,St Kilda,North Melbourne,Josh Gibson,8,6,6,0,0,0,2
2009,11,2009-06-06,Docklands,North Melbourne,St Kilda,North Melbourne,Nathan Grima,9,9,7,0,0,0,5
2009,11,2009-06-06,Docklands,North Melbourne,St Kilda,North Melbourne,David Hale,3,2,1,0,0,13,1
2009,11,2009-06-06,Docklands,North Melbourne,St Kilda,North Melbourne,Leigh Harding,9,1,8,0,1,0,4
2009,11,2009-06-06,Docklands,North Melbourne,St Kilda,North Melbourne,Hamish McIntosh,4,4,4,0,0,40,1
2009,11,2009-06-06,Docklands,North Melbourne,St Kilda,North Melbourne,Scott McMahon,12,6,9,0,0,0,6
2009,11,2009-06-06,Docklands,North Melbourne,St Kilda,North Melbourne,Drew Petrie,9,4,3,1,0,0,3
2009,11,2009-06-06,Docklands,North Melbourne,St Kilda,North Melbourne,Sam Power,3,1,4,0,0,0,2
2009,11,2009-06-06,Docklands,North Melbourne,St Kilda,North Melbourne,Daniel Pratt,13,10,6,0,0,0,1
2009,11,2009-06-06,Docklands,North Melbourne,St Kilda,North Melbourne,Brady Rawlings,3,3,3,0,0,0,4
2009,11,2009-06-06,Docklands,North Melbourne,St Kilda,North Melbourne,Ben Ross,9,3,6,1,0,0,3
2009,11,2009-06-06,Docklands,North Melbourne,St Kilda,North Melbourne,Adam Simpson,9,4,12,1,0,0,6
2009,11,2009-06-06,Docklands,North Melbourne,St Kilda,North Melbourne,Andrew Swallow,5,2,6,2,1,1,6
2009,11,2009-06-06,Docklands,North Melbourne,St Kilda,North Melbourne,Lindsay Thomas,12,3,3,1,0,0,7
2009,11,2009-06-06,Docklands,North Melbourne,St Kilda,North Melbourne,Scott Thompson,8,4,3,0,0,0,1
2009,11,2009-06-06,Docklands,North Melbourne,St Kilda,North Melbourne,Gavin Urquhart,5,5,13,0,0,0,1
2009,11,2009-06-06,Docklands,North Melbourne,St Kilda,North Melbourne,Ben Warren,5,4,2,1,1,0,1
2009,11,2009-06-06,Docklands,North Melbourne,St Kilda,North Melbourne,Daniel Wells,11,1,7,0,0,0,1
2009,11,2009-06-06,Docklands,North Melbourne,St Kilda,North Melbourne,Sam Wright,5,2,1,0,0,0,0
2009,11,2009-06-06,Docklands,North Melbourne,St Kilda,St Kilda,Steven Baker,4,3,5,0,1,0,4
2009,11,2009-06-06,Docklands,North Melbourne,St Kilda,St Kilda,Luke Ball,12,3,10,0,1,0,6
2009,11,2009-06-06,Docklands,North Melbourne,St Kilda,St Kilda,Jason Blake,5,5,8,0,1,1,3
2009,11,2009-06-06,Docklands,North Melbourne,St Kilda,St Kilda,Raphael Clarke,4,1,3,0,0,0,3
2009,11,2009-06-06,Docklands,North Melbourne,St Kilda,St Kilda,Nick Dal Santo,17,3,9,1,0,1,6
2009,11,2009-06-06,Docklands,North Melbourne,St Kilda,St Kilda,Zac Dawson,5,5,6,0,0,0,1
2009,11,2009-06-06,Docklands,North Melbourne,St Kilda,St Kilda,Sam Fisher,19,10,5,0,0,0,0
2009,11,2009-06-06,Docklands,North Melbourne,St Kilda,St Kilda,Jarryn Geary,3,1,10,0,1,0,1
2009,11,2009-06-06,Docklands,North Melbourne,St Kilda,St Kilda,Brendon Goddard,8,1,13,0,1,0,1
2009,11,2009-06-06,Docklands,North Melbourne,St Kilda,St Kilda,Jason Gram,19,5,12,1,2,0,2
2009,11,2009-06-06,Docklands,North Melbourne,St Kilda,St Kilda,James Gwilt,9,5,6,1,0,0,2
2009,11,2009-06-06,Docklands,North Melbourne,St Kilda,St Kilda,Lenny Hayes,12,4,20,0,1,1,8
2009,11,2009-06-06,Docklands,North Melbourne,St Kilda,St Kilda,Max Hudghton,4,1,7,0,0,1,1
2009,11,2009-06-06,Docklands,North Melbourne,St Kilda,St Kilda,Clinton Jones,6,2,13,1,0,0,1
2009,11,2009-06-06,Docklands,North Melbourne,St Kilda,St Kilda,Steven King,2,2,5,0,0,22,4
2009,11,2009-06-06,Docklands,North Melbourne,St Kilda,St Kilda,Justin Koschitzke,11,10,3,6,2,0,1
2009,11,2009-06-06,Docklands,North Melbourne,St Kilda,St Kilda,Ben McEvoy,3,3,1,0,0,11,0
2009,11,2009-06-06,Docklands,North Melbourne,St Kilda,St Kilda,Andrew McQualter,9,3,12,0,1,0,7
2009,11,2009-06-06,Docklands,North Melbourne,St Kilda,St Kilda,Leigh Montagna,12,4,15,0,0,0,6
2009,11,2009-06-06,Docklands,North Melbourne,St Kilda,St Kilda,Farren Ray,6,3,19,0,0,0,2
2009,11,2009-06-06,Docklands,North Melbourne,St Kilda,St Kilda,Nick Riewoldt,15,14,2,3,1,0,3
2009,11,2009-06-06,Docklands,North Melbourne,St Kilda,St Kilda,Adam Schneider,7,4,5,2,0,0,5
2009,11,2009-06-06,Gabba,Brisbane Lions,Carlton,Brisbane Lions,Jed Adcock,12,7,6,0,0,0,3
2009,11,2009-06-06,Gabba,Brisbane Lions,Carlton,Brisbane Lions,Simon Black,14,5,19,1,0,0,6
2009,11,2009-06-06,Gabba,Brisbane Lions,Carlton,Brisbane Lions,Daniel Bradshaw,11,8,2,2,1,0,2
2009,11,2009-06-06,Gabba,Brisbane Lions,Carlton,Brisbane Lions,Jared Brennan,17,4,7,4,2,1,1
2009,11,2009-06-06,Gabba,Brisbane Lions,Carlton,Brisbane Lions,Jonathan Brown,15,13,4,4,5,0,1
2009,11,2009-06-06,Gabba,Brisbane Lions,Carlton,Brisbane Lions,Mitch Clark,3,6,12,0,0,33,4
2009,11,2009-06-06,Gabba,Brisbane Lions,Carlton,Brisbane Lions,Josh Drummond,0,0,0,0,0,0,0
2009,11,2009-06-06,Gabba,Brisbane Lions,Carlton,Brisbane Lions,Scott Harding,5,3,10,0,0,0,3
2009,11,2009-06-06,Gabba,Brisbane Lions,Carlton,Brisbane Lions,Lachie Henderson,10,9,4,0,0,0,0
2009,11,2009-06-06,Gabba,Brisbane Lions,Carlton,Brisbane Lions,Rhan Hooper,2,0,2,0,0,0,0
2009,11,2009-06-06,Gabba,Brisbane Lions,Carlton,Brisbane Lions,Travis Johnstone,7,0,9,0,0,0,1
2009,11,2009-06-06,Gabba,Brisbane Lions,Carlton,Brisbane Lions,Joel Macdonald,10,2,7,0,0,0,2
2009,11,2009-06-06,Gabba,Brisbane Lions,Carlton,Brisbane Lions,Ashley McGrath,6,3,5,1,0,0,0
2009,11,2009-06-06,Gabba,Brisbane Lions,Carlton,Brisbane Lions,Tim Notting,5,7,12,0,0,0,2
2009,11,2009-06-06,Gabba,Brisbane Lions,Carlton,Brisbane Lions,James Polkinghorne,5,2,7,0,0,0,2
2009,11,2009-06-06,Gabba,Brisbane Lions,Carlton,Brisbane Lions,Luke Power,15,3,11,2,0,0,2
2009,11,2009-06-06,Gabba,Brisbane Lions,Carlton,Brisbane Lions,Albert Proud,2,1,9,0,1,0,6
2009,11,2009-06-06,Gabba,Brisbane Lions,Carlton,Brisbane Lions,Daniel Rich,8,2,7,1,1,0,6
2009,11,2009-06-06,Gabba,Brisbane Lions,Carlton,Brisbane Lions,Michael Rischitelli,9,3,7,0,0,0,5
2009,11,2009-06-06,Gabba,Brisbane Lions,Carlton,Brisbane Lions,Sam Sheldon,5,2,9,0,0,0,2
2009,11,2009-06-06,Gabba,Brisbane Lions,Carlton,Brisbane Lions,Justin Sherman,10,3,11,1,0,0,0
2009,11,2009-06-06,Gabba,Brisbane Lions,Carlton,Brisbane Lions,Cheynee Stiller,7,3,10,0,0,0,6
2009,11,2009-06-06,Gabba,Brisbane Lions,Carlton,Carlton,Dennis Armfield,10,4,12,0,0,0,4
2009,11,2009-06-06,Gabba,Brisbane Lions,Carlton,Carlton,Eddie Betts,6,3,5,0,2,0,1
2009,11,2009-06-06,Gabba,Brisbane Lions,Carlton,Carlton,Paul Bower,8,9,17,0,0,0,3
2009,11,2009-06-06,Gabba,Brisbane Lions,Carlton,Carlton,Steven Browne,6,5,12,0,0,0,2
2009,11,2009-06-06,Gabba,Brisbane Lions,Carlton,Carlton,Andrew Carrazzo,9,3,8,1,0,0,1
2009,11,2009-06-06,Gabba,Brisbane Lions,Carlton,Carlton,Brendan Fevola,16,8,2,8,3,0,2
2009,11,2009-06-06,Gabba,Brisbane Lions,Carlton,Carlton,Brad Fisher,6,5,7,1,1,0,0
2009,11,2009-06-06,Gabba,Brisbane Lions,Carlton,Carlton,Jeff Garlett,7,3,5,1,2,0,5
2009,11,2009-06-06,Gabba,Brisbane Lions,Carlton,Carlton,Bryce Gibbs,14,3,13,0,0,0,3
2009,11,2009-06-06,Gabba,Brisbane Lions,Carlton,Carlton,Shaun Grigg,8,2,9,0,1,1,3
2009,11,2009-06-06,Gabba,Brisbane Lions,Carlton,Carlton,Shaun Hampson,3,1,6,0,0,18,1
2009,11,2009-06-06,Gabba,Brisbane Lions,Carlton,Carlton,Ryan Houlihan,7,3,7,1,0,0,0
2009,11,2009-06-06,Gabba,Brisbane Lions,Carlton,Carlton,Michael Jamison,3,3,5,0,0,0,2
2009,11,2009-06-06,Gabba,Brisbane Lions,Carlton,Carlton,Aaron Joseph,3,0,2,0,1,0,3
2009,11,2009-06-06,Gabba,Brisbane Lions,Carlton,Carlton,Chris Judd,15,1,13,1,1,0,5
2009,11,2009-06-06,Gabba,Brisbane Lions,Carlton,Carlton,Matthew Kreuzer,5,2,7,0,1,22,2
2009,11,2009-06-06,Gabba,Brisbane Lions,Carlton,Carlton,Marc Murphy,14,5,11,0,1,0,4
2009,11,2009-06-06,Gabba,Brisbane Lions,Carlton,Carlton,Setanta OhAilpin,2,0,6,1,0,0,0
2009,11,2009-06-06,Gabba,Brisbane Lions,Carlton,Carlton,Heath Scotland,12,5,14,1,0,0,2
2009,11,2009-06-06,Gabba,Brisbane Lions,Carlton,Carlton,Kade Simpson,8,5,3,1,0,0,0
2009,11,2009-06-06,Gabba,Brisbane Lions,Carlton,Carlton,Nick Stevens,12,8,8,0,0,0,1
2009,11,2009-06-06,Gabba,Brisbane Lions,Carlton,Carlton,Bret Thornton,10,6,4,0,0,0,0
2009,11,2009-06-06,Football Park,Port Adelaide,Fremantle,Port Adelaide,Travis Boak,11,6,7,1,0,0,3
2009,11,2009-06-06,Football Park,Port Adelaide,Fremantle,Port Adelaide,Dean Brogan,5,3,4,0,0,15,3
2009,11,2009-06-06,Football Park,Port Adelaide,Fremantle,Port Adelaide,Peter Burgoyne,16,2,5,0,1,0,1
2009,11,2009-06-06,Football Park,Port Adelaide,Fremantle,Port Adelaide,Alipate Carlile,8,5,9,0,0,0,1
2009,11,2009-06-06,Football Park,Port Adelaide,Fremantle,Port Adelaide,Josh Carr,6,5,15,0,0,0,5
2009,11,2009-06-06,Football Park,Port Adelaide,Fremantle,Port Adelaide,Domenic Cassisi,13,2,14,0,0,0,10
2009,11,2009-06-06,Football Park,Port Adelaide,Fremantle,Port Adelaide,Troy Chaplin,5,4,9,1,0,0,6
2009,11,2009-06-06,Football Park,Port Adelaide,Fremantle,Port Adelaide,Kane Cornes,17,4,17,1,0,0,2
2009,11,2009-06-06,Football Park,Port Adelaide,Fremantle,Port Adelaide,Brett Ebert,10,5,3,1,0,0,0
2009,11,2009-06-06,Football Park,Port Adelaide,Fremantle,Port Adelaide,Brendon Lade,15,12,2,1,1,10,1
2009,11,2009-06-06,Football Park,Port Adelaide,Fremantle,Port Adelaide,Tom Logan,12,7,11,0,1,0,0
2009,11,2009-06-06,Football Park,Port Adelaide,Fremantle,Port Adelaide,Nick Lower,5,1,11,0,0,0,1
2009,11,2009-06-06,Football Park,Port Adelaide,Fremantle,Port Adelaide,Marlon Motlop,12,3,3,1,0,0,1
2009,11,2009-06-06,Football Park,Port Adelaide,Fremantle,Port Adelaide,Danyle Pearce,16,5,6,1,2,0,1
2009,11,2009-06-06,Football Park,Port Adelaide,Fremantle,Port Adelaide,Michael Pettigrew,9,5,8,0,0,0,1
2009,11,2009-06-06,Football Park,Port Adelaide,Fremantle,Port Adelaide,David Rodan,12,3,7,3,1,0,4
2009,11,2009-06-06,Football Park,Port Adelaide,Fremantle,Port Adelaide,Steven Salopek,7,2,14,0,0,0,0
2009,11,2009-06-06,Football Park,Port Adelaide,Fremantle,Port Adelaide,Jacob Surjan,13,7,12,0,0,0,7
2009,11,2009-06-06,Football Park,Port Adelaide,Fremantle,Port Adelaide,Toby Thurstans,9,6,15,0,0,1,5
2009,11,2009-06-06,Football Park,Port Adelaide,Fremantle,Port Adelaide,Warren Tredrea,7,7,2,1,0,0,2
2009,11,2009-06-06,Football Park,Port Adelaide,Fremantle,Port Adelaide,Justin Westhoff,13,10,3,2,1,1,2
2009,11,2009-06-06,Football Park,Port Adelaide,Fremantle,Port Adelaide,Matthew Westhoff,8,4,6,1,0,0,0
2009,11,2009-06-06,Football Park,Port Adelaide,Fremantle,Fremantle,Kepler Bradley,9,3,12,0,0,8,4
2009,11,2009-06-06,Football Park,Port Adelaide,Fremantle,Fremantle,Greg Broughton,7,4,15,0,0,0,1
2009,11,2009-06-06,Football Park,Port Adelaide,Fremantle,Fremantle,Adam Campbell,1,1,1,0,1,0,0
2009,11,2009-06-06,Football Park,Port Adelaide,Fremantle,Fremantle,Matt de Boer,6,2,8,1,0,0,3
2009,11,2009-06-06,Football Park,Port Adelaide,Fremantle,Fremantle,Steven Dodd,6,3,8,0,0,0,1
2009,11,2009-06-06,Football Park,Port Adelaide,Fremantle,Fremantle,Paul Duffield,18,0,11,0,0,2,5
2009,11,2009-06-06,Football Park,Port Adelaide,Fremantle,Fremantle,Andrew Foster,5,0,8,0,0,0,3
2009,11,2009-06-06,Football Park,Port Adelaide,Fremantle,Fremantle,Paul Hasleby,6,0,19,0,0,0,5
2009,11,2009-06-06,Football Park,Port Adelaide,Fremantle,Fremantle,Josh Head,4,3,1,0,0,0,3
2009,11,2009-06-06,Football Park,Port Adelaide,Fremantle,Fremantle,Stephen Hill,4,3,9,0,0,0,4
2009,11,2009-06-06,Football Park,Port Adelaide,Fremantle,Fremantle,Garrick Ibbotson,9,6,6,1,0,0,2
2009,11,2009-06-06,Football Park,Port Adelaide,Fremantle,Fremantle,David Mundy,11,4,11,2,1,0,4
2009,11,2009-06-06,Football Park,Port Adelaide,Fremantle,Fremantle,Matthew Pavlich,12,4,9,2,1,0,1
2009,11,2009-06-06,Football Park,Port Adelaide,Fremantle,Fremantle,Brett Peake,11,4,7,0,0,0,3
2009,11,2009-06-06,Football Park,Port Adelaide,Fremantle,Fremantle,Clancee Pearce,10,6,6,1,0,0,1
2009,11,2009-06-06,Football Park,Port Adelaide,Fremantle,Fremantle,Aaron Sandilands,6,6,14,0,0,27,1
2009,11,2009-06-06,Football Park,Port Adelaide,Fremantle,Fremantle,Byron Schammer,12,2,10,0,0,0,3
2009,11,2009-06-06,Football Park,Port Adelaide,Fremantle,Fremantle,Dean Solomon,10,3,5,1,0,0,9
2009,11,2009-06-06,Football Park,Port Adelaide,Fremantle,Fremantle,Nick Suban,11,1,3,0,0,0,3
2009,11,2009-06-06,Football Park,Port Adelaide,Fremantle,Fremantle,Chris Tarrant,5,1,10,0,0,0,1
2009,11,2009-06-06,Football Park,Port Adelaide,Fremantle,Fremantle,Scott Thornton,5,3,9,2,1,0,0
2009,11,2009-06-06,Football Park,Port Adelaide,Fremantle,Fremantle,Michael Walters,9,6,5,1,0,0,3
2009,11,2009-06-07,Docklands,Essendon,Adelaide,Essendon,Alwyn Davey,8,4,12,1,1,0,4
2009,11,2009-06-07,Docklands,Essendon,Adelaide,Essendon,Courtenay Dempsey,6,3,12,0,0,0,1
2009,11,2009-06-07,Docklands,Essendon,Adelaide,Essendon,Ricky Dyson,12,4,5,1,0,0,1
2009,11,2009-06-07,Docklands,Essendon,Adelaide,Essendon,Heath Hocking,6,0,8,0,0,0,3
2009,11,2009-06-07,Docklands,Essendon,Adelaide,Essendon,Cale Hooker,8,4,11,0,0,0,2
2009,11,2009-06-07,Docklands,Essendon,Adelaide,Essendon,Bachar Houli,7,3,19,0,0,0,2
2009,11,2009-06-07,Docklands,Essendon,Adelaide,Essendon,Matthew Lloyd,5,4,9,0,2,0,4
2009,11,2009-06-07,Docklands,Essendon,Adelaide,Essendon,Sam Lonergan,5,3,16,0,0,0,4
2009,11,2009-06-07,Docklands,Essendon,Adelaide,Essendon,Andrew Lovett,23,3,8,1,1,0,3
2009,11,2009-06-07,Docklands,Essendon,Adelaide,Essendon,Scott Lucas,7,6,11,4,0,7,5
2009,11,2009-06-07,Docklands,Essendon,Adelaide,Essendon,Adam McPhee,8,6,9,1,0,0,2
2009,11,2009-06-07,Docklands,Essendon,Adelaide,Essendon,Mark McVeigh,7,3,11,1,0,0,2
2009,11,2009-06-07,Docklands,Essendon,Adelaide,Essendon,Angus Monfries,7,4,10,2,0,0,1
2009,11,2009-06-07,Docklands,Essendon,Adelaide,Essendon,Jay Neagle,1,1,2,0,0,0,1
2009,11,2009-06-07,Docklands,Essendon,Adelaide,Essendon,Tayte Pears,4,3,9,0,0,0,2
2009,11,2009-06-07,Docklands,Essendon,Adelaide,Essendon,Brent Prismall,7,4,12,0,0,0,6
2009,11,2009-06-07,Docklands,Essendon,Adelaide,Essendon,Kyle Reimers,5,2,4,1,0,0,3
2009,11,2009-06-07,Docklands,Essendon,Adelaide,Essendon,Paddy Ryder,3,1,8,1,0,25,11
2009,11,2009-06-07,Docklands,Essendon,Adelaide,Essendon,Hayden Skipworth,11,4,10,2,0,0,5
2009,11,2009-06-07,Docklands,Essendon,Adelaide,Essendon,Brent Stanton,18,6,13,0,1,0,6
2009,11,2009-06-07,Docklands,Essendon,Adelaide,Essendon,Jobe Watson,10,5,16,3,0,0,6
2009,11,2009-06-07,Docklands,Essendon,Adelaide,Essendon,David Zaharakis,6,3,6,0,0,0,2
2009,11,2009-06-07,Docklands,Essendon,Adelaide,Adelaide,Nathan Bock,16,5,9,0,0,0,0
2009,11,2009-06-07,Docklands,Essendon,Adelaide,Adelaide,Patrick Dangerfield,3,1,9,1,0,0,3
2009,11,2009-06-07,Docklands,Essendon,Adelaide,Adelaide,Michael Doughty,8,5,6,0,0,0,3
2009,11,2009-06-07,Docklands,Essendon,Adelaide,Adelaide,Richard Douglas,3,2,9,2,0,0,3
2009,11,2009-06-07,Docklands,Essendon,Adelaide,Adelaide,Tyson Edwards,22,8,19,0,0,0,10
2009,11,2009-06-07,Docklands,Essendon,Adelaide,Adelaide,Simon Goodwin,5,3,9,0,0,0,1
2009,11,2009-06-07,Docklands,Essendon,Adelaide,Adelaide,Graham Johncock,11,6,11,0,0,0,2
2009,11,2009-06-07,Docklands,Essendon,Adelaide,Adelaide,Chris Knights,15,5,7,5,0,1,3
2009,11,2009-06-07,Docklands,Essendon,Adelaide,Adelaide,David Mackay,9,6,12,0,0,0,5
2009,11,2009-06-07,Docklands,Essendon,Adelaide,Adelaide,Ivan Maric,4,3,3,1,0,22,3
2009,11,2009-06-07,Docklands,Essendon,Adelaide,Adelaide,Andrew McLeod,11,2,8,1,0,0,1
2009,11,2009-06-07,Docklands,Essendon,Adelaide,Adelaide,Brad Moran,1,2,9,0,0,26,3
2009,11,2009-06-07,Docklands,Essendon,Adelaide,Adelaide,Andy Otten,3,3,8,0,0,0,3
2009,11,2009-06-07,Docklands,Essendon,Adelaide,Adelaide,Jason Porplyzia,6,0,4,1,0,0,2
2009,11,2009-06-07,Docklands,Essendon,Adelaide,Adelaide,Ben Rutten,7,6,8,0,0,0,2
2009,11,2009-06-07,Docklands,Essendon,Adelaide,Adelaide,Scott Stevens,7,8,5,0,0,0,1
2009,11,2009-06-07,Docklands,Essendon,Adelaide,Adelaide,Brad Symes,7,6,12,0,0,2,5
2009,11,2009-06-07,Docklands,Essendon,Adelaide,Adelaide,Scott Thompson,17,6,16,0,1,0,3
2009,11,2009-06-07,Docklands,Essendon,Adelaide,Adelaide,Kurt Tippett,11,9,0,7,1,10,4
2009,11,2009-06-07,Docklands,Essendon,Adelaide,Adelaide,Nathan van Berlo,7,3,9,0,0,0,6
2009,11,2009-06-07,Docklands,Essendon,Adelaide,Adelaide,Bernie Vince,18,7,18,1,0,0,0
2009,11,2009-06-07,Docklands,Essendon,Adelaide,Adelaide,Taylor Walker,4,3,0,2,1,0,0
2009,11,2009-06-07,M.C.G.,Hawthorn,Sydney,Hawthorn,Chance Bateman,8,4,6,0,0,0,1
2009,11,2009-06-07,M.C.G.,Hawthorn,Sydney,Hawthorn,Grant Birchall,8,8,9,0,0,0,4
2009,11,2009-06-07,M.C.G.,Hawthorn,Sydney,Hawthorn,Robert Campbell,3,1,3,0,0,0,1
2009,11,2009-06-07,M.C.G.,Hawthorn,Sydney,Hawthorn,Stuart Dew,13,6,3,0,0,0,3
2009,11,2009-06-07,M.C.G.,Hawthorn,Sydney,Hawthorn,Xavier Ellis,5,2,2,2,0,0,6
2009,11,2009-06-07,M.C.G.,Hawthorn,Sydney,Hawthorn,Lance Franklin,12,9,5,3,2,0,1
2009,11,2009-06-07,M.C.G.,Hawthorn,Sydney,Hawthorn,Brent Guerra,8,5,3,0,0,0,3
2009,11,2009-06-07,M.C.G.,Hawthorn,Sydney,Hawthorn,Luke Hodge,17,6,6,0,0,0,1
2009,11,2009-06-07,M.C.G.,Hawthorn,Sydney,Hawthorn,Jordan Lewis,14,6,6,0,1,1,2
2009,11,2009-06-07,M.C.G.,Hawthorn,Sydney,Hawthorn,Ben McGlynn,12,7,6,0,1,0,4
2009,11,2009-06-07,M.C.G.,Hawthorn,Sydney,Hawthorn,Sam Mitchell,13,6,7,1,0,0,3
2009,11,2009-06-07,M.C.G.,Hawthorn,Sydney,Hawthorn,Beau Muston,6,4,2,0,0,0,2
2009,11,2009-06-07,M.C.G.,Hawthorn,Sydney,Hawthorn,Michael Osborne,8,4,4,0,1,0,4
2009,11,2009-06-07,M.C.G.,Hawthorn,Sydney,Hawthorn,Brent Renouf,0,0,4,0,0,15,5
2009,11,2009-06-07,M.C.G.,Hawthorn,Sydney,Hawthorn,Cyril Rioli,1,2,3,0,0,0,0
2009,11,2009-06-07,M.C.G.,Hawthorn,Sydney,Hawthorn,Jarryd Roughead,10,6,5,3,2,0,5
2009,11,2009-06-07,M.C.G.,Hawthorn,Sydney,Hawthorn,Ryan Schoenmakers,4,2,2,0,0,0,1
2009,11,2009-06-07,M.C.G.,Hawthorn,Sydney,Hawthorn,Brad Sewell,16,2,8,0,1,0,5
2009,11,2009-06-07,M.C.G.,Hawthorn,Sydney,Hawthorn,Liam Shiels,7,1,0,0,0,0,4
2009,11,2009-06-07,M.C.G.,Hawthorn,Sydney,Hawthorn,Simon Taylor,1,1,8,0,1,15,1
2009,11,2009-06-07,M.C.G.,Hawthorn,Sydney,Hawthorn,Travis Tuck,11,5,7,0,0,2,1
2009,11,2009-06-07,M.C.G.,Hawthorn,Sydney,Hawthorn,Mark Williams,11,7,0,3,0,0,4
2009,11,2009-06-07,M.C.G.,Hawthorn,Sydney,Sydney,Paul Bevan,7,9,11,0,0,0,2
2009,11,2009-06-07,M.C.G.,Hawthorn,Sydney,Sydney,Craig Bird,8,2,3,0,0,0,2
2009,11,2009-06-07,M.C.G.,Hawthorn,Sydney,Sydney,Craig Bolton,10,3,3,0,0,0,0
2009,11,2009-06-07,M.C.G.,Hawthorn,Sydney,Sydney,Jude Bolton,10,2,7,1,0,0,12
2009,11,2009-06-07,M.C.G.,Hawthorn,Sydney,Sydney,Amon Buchanan,4,3,9,0,0,0,7
2009,11,2009-06-07,M.C.G.,Hawthorn,Sydney,Sydney,Jared Crouch,4,0,1,0,0,0,1
2009,11,2009-06-07,M.C.G.,Hawthorn,Sydney,Sydney,Adam Goodes,16,4,7,3,3,1,8
2009,11,2009-06-07,M.C.G.,Hawthorn,Sydney,Sydney,Heath Grundy,6,5,7,0,0,0,1
2009,11,2009-06-07,M.C.G.,Hawthorn,Sydney,Sydney,Barry Hall,7,5,3,2,0,0,0
2009,11,2009-06-07,M.C.G.,Hawthorn,Sydney,Sydney,Kieren Jack,7,1,3,0,0,0,7
2009,11,2009-06-07,M.C.G.,Hawthorn,Sydney,Sydney,Darren Jolly,9,6,8,1,2,35,3
2009,11,2009-06-07,M.C.G.,Hawthorn,Sydney,Sydney,Brett Kirk,9,1,8,1,1,0,10
2009,11,2009-06-07,M.C.G.,Hawthorn,Sydney,Sydney,Nick Malceski,3,0,4,0,0,0,0
2009,11,2009-06-07,M.C.G.,Hawthorn,Sydney,Sydney,Martin Mattner,15,4,4,1,0,0,4
2009,11,2009-06-07,M.C.G.,Hawthorn,Sydney,Sydney,Jarrad McVeigh,15,6,6,1,1,0,5
2009,11,2009-06-07,M.C.G.,Hawthorn,Sydney,Sydney,Jarred Moore,2,1,4,0,0,0,2
2009,11,2009-06-07,M.C.G.,Hawthorn,Sydney,Sydney,Ryan OKeefe,16,6,10,0,0,1,6
2009,11,2009-06-07,M.C.G.,Hawthorn,Sydney,Sydney,Michael OLoughlin,10,7,5,1,0,0,3
2009,11,2009-06-07,M.C.G.,Hawthorn,Sydney,Sydney,Ted Richards,4,2,7,0,0,0,2
2009,11,2009-06-07,M.C.G.,Hawthorn,Sydney,Sydney,Lewis Roberts-Thomson,9,9,4,0,0,0,4
2009,11,2009-06-07,M.C.G.,Hawthorn,Sydney,Sydney,Rhyce Shaw,15,4,6,0,0,0,1
2009,11,2009-06-07,M.C.G.,Hawthorn,Sydney,Sydney,Jesse White,2,0,4,0,0,19,5
2009,11,2009-06-07,Subiaco,West Coast,Geelong,West Coast,Mitch Brown,6,7,3,2,0,0,2
2009,11,2009-06-07,Subiaco,West Coast,Geelong,West Coast,Dean Cox,11,7,19,1,1,32,1
2009,11,2009-06-07,Subiaco,West Coast,Geelong,West Coast,Brad Ebert,10,2,6,0,1,0,9
2009,11,2009-06-07,Subiaco,West Coast,Geelong,West Coast,Andrew Embley,8,4,5,0,1,0,0
2009,11,2009-06-07,Subiaco,West Coast,Geelong,West Coast,Darren Glass,0,2,7,0,0,0,0
2009,11,2009-06-07,Subiaco,West Coast,Geelong,West Coast,Adam Hunter,10,3,16,0,0,0,0
2009,11,2009-06-07,Subiaco,West Coast,Geelong,West Coast,Shannon Hurn,17,3,5,0,0,0,1
2009,11,2009-06-07,Subiaco,West Coast,Geelong,West Coast,Josh Kennedy,8,3,4,1,1,0,2
2009,11,2009-06-07,Subiaco,West Coast,Geelong,West Coast,Mark LeCras,6,3,7,1,1,0,3
2009,11,2009-06-07,Subiaco,West Coast,Geelong,West Coast,Quinten Lynch,11,3,11,2,0,0,0
2009,11,2009-06-07,Subiaco,West Coast,Geelong,West Coast,Eric Mackenzie,3,3,5,0,0,0,0
2009,11,2009-06-07,Subiaco,West Coast,Geelong,West Coast,Chris Masten,7,2,7,0,1,0,2
2009,11,2009-06-07,Subiaco,West Coast,Geelong,West Coast,Ben McKinley,8,5,2,2,2,0,0
2009,11,2009-06-07,Subiaco,West Coast,Geelong,West Coast,Jamie McNamara,6,1,11,0,0,0,3
2009,11,2009-06-07,Subiaco,West Coast,Geelong,West Coast,Mark Nicoski,7,2,9,0,0,0,0
2009,11,2009-06-07,Subiaco,West Coast,Geelong,West Coast,Matt Priddis,12,4,9,0,0,0,6
2009,11,2009-06-07,Subiaco,West Coast,Geelong,West Coast,Matt Rosa,14,5,9,1,0,0,3
2009,11,2009-06-07,Subiaco,West Coast,Geelong,West Coast,Adam Selwood,10,3,13,0,1,0,4
2009,11,2009-06-07,Subiaco,West Coast,Geelong,West Coast,Scott Selwood,8,2,9,1,0,0,4
2009,11,2009-06-07,Subiaco,West Coast,Geelong,West Coast,Matthew Spangher,3,2,9,0,0,0,1
2009,11,2009-06-07,Subiaco,West Coast,Geelong,West Coast,Tyson Stenglein,6,5,15,0,0,0,3
2009,11,2009-06-07,Subiaco,West Coast,Geelong,West Coast,Tom Swift,5,3,8,0,1,0,1
2009,11,2009-06-07,Subiaco,West Coast,Geelong,Geelong,Gary Ablett,15,10,28,2,0,0,3
2009,11,2009-06-07,Subiaco,West Coast,Geelong,Geelong,Jimmy Bartel,13,7,15,0,0,0,6
2009,11,2009-06-07,Subiaco,West Coast,Geelong,Geelong,Mark Blake,5,5,7,0,1,13,2
2009,11,2009-06-07,Subiaco,West Coast,Geelong,Geelong,Shannon Byrnes,10,4,9,2,1,0,1
2009,11,2009-06-07,Subiaco,West Coast,Geelong,Geelong,Paul Chapman,13,5,11,3,1,0,3
2009,11,2009-06-07,Subiaco,West Coast,Geelong,Geelong,Nathan Djerrkura,3,1,8,0,0,0,5
2009,11,2009-06-07,Subiaco,West Coast,Geelong,Geelong,Corey Enright,18,6,8,0,0,0,1
2009,11,2009-06-07,Subiaco,West Coast,Geelong,Geelong,Ryan Gamble,4,6,6,1,0,0,1
2009,11,2009-06-07,Subiaco,West Coast,Geelong,Geelong,Tom Hawkins,8,7,3,3,0,0,0
2009,11,2009-06-07,Subiaco,West Coast,Geelong,Geelong,Steve Johnson,11,2,6,1,1,0,1
2009,11,2009-06-07,Subiaco,West Coast,Geelong,Geelong,James Kelly,9,4,14,0,0,0,2
2009,11,2009-06-07,Subiaco,West Coast,Geelong,Geelong,Cameron Ling,10,3,16,0,0,0,9
2009,11,2009-06-07,Subiaco,West Coast,Geelong,Geelong,Tom Lonergan,4,5,12,0,0,0,1
2009,11,2009-06-07,Subiaco,West Coast,Geelong,Geelong,Andrew Mackie,9,5,9,0,0,0,3
2009,11,2009-06-07,Subiaco,West Coast,Geelong,Geelong,Darren Milburn,14,10,6,0,0,0,0
2009,11,2009-06-07,Subiaco,West Coast,Geelong,Geelong,Cameron Mooney,8,8,3,1,2,0,1
2009,11,2009-06-07,Subiaco,West Coast,Geelong,Geelong,Shane Mumford,0,1,7,0,0,10,4
2009,11,2009-06-07,Subiaco,West Coast,Geelong,Geelong,Matthew Scarlett,10,8,11,0,0,0,2
2009,11,2009-06-07,Subiaco,West Coast,Geelong,Geelong,Joel Selwood,10,5,16,0,0,0,3
2009,11,2009-06-07,Subiaco,West Coast,Geelong,Geelong,Mathew Stokes,11,2,3,1,1,0,0
2009,11,2009-06-07,Subiaco,West Coast,Geelong,Geelong,Travis Varcoe,7,4,16,1,0,0,6
2009,11,2009-06-07,Subiaco,West Coast,Geelong,Geelong,David Wojcinski,7,0,7,0,0,0,3
2009,11,2009-06-08,M.C.G.,Melbourne,Collingwood,Melbourne,Matthew Bate,9,5,8,2,0,3,1
2009,11,2009-06-08,M.C.G.,Melbourne,Collingwood,Melbourne,Daniel Bell,4,4,10,0,0,0,3
2009,11,2009-06-08,M.C.G.,Melbourne,Collingwood,Melbourne,Cameron Bruce,13,9,15,1,2,0,2
2009,11,2009-06-08,M.C.G.,Melbourne,Collingwood,Melbourne,Kyle Cheney,8,4,8,0,0,0,4
2009,11,2009-06-08,M.C.G.,Melbourne,Collingwood,Melbourne,Aaron Davey,12,2,9,0,0,0,6
2009,11,2009-06-08,M.C.G.,Melbourne,Collingwood,Melbourne,James Frawley,4,1,6,0,0,0,0
2009,11,2009-06-08,M.C.G.,Melbourne,Collingwood,Melbourne,Brad Green,8,1,8,0,1,0,1
2009,11,2009-06-08,M.C.G.,Melbourne,Collingwood,Melbourne,Jack Grimes,8,6,10,0,0,0,0
2009,11,2009-06-08,M.C.G.,Melbourne,Collingwood,Melbourne,Mark Jamar,4,4,8,0,1,31,0
2009,11,2009-06-08,M.C.G.,Melbourne,Collingwood,Melbourne,Paul Johnson,6,3,5,0,1,16,0
2009,11,2009-06-08,M.C.G.,Melbourne,Collingwood,Melbourne,Nathan Jones,14,6,12,1,1,2,0
2009,11,2009-06-08,M.C.G.,Melbourne,Collingwood,Melbourne,Addam Maric,6,3,6,0,1,0,0
2009,11,2009-06-08,M.C.G.,Melbourne,Collingwood,Melbourne,James McDonald,4,0,4,0,0,0,5
2009,11,2009-06-08,M.C.G.,Melbourne,Collingwood,Melbourne,Brock McLean,12,3,12,0,0,0,4
2009,11,2009-06-08,M.C.G.,Melbourne,Collingwood,Melbourne,Brent Moloney,14,4,10,0,0,0,1
2009,11,2009-06-08,M.C.G.,Melbourne,Collingwood,Melbourne,Cale Morton,11,5,5,0,0,0,2
2009,11,2009-06-08,M.C.G.,Melbourne,Collingwood,Melbourne,Jared Rivers,1,1,7,0,0,0,3
2009,11,2009-06-08,M.C.G.,Melbourne,Collingwood,Melbourne,Russell Robertson,7,4,3,1,3,0,4
2009,11,2009-06-08,M.C.G.,Melbourne,Collingwood,Melbourne,Colin Sylvia,17,11,15,3,1,3,1
2009,11,2009-06-08,M.C.G.,Melbourne,Collingwood,Melbourne,Matthew Warnock,5,3,5,0,0,0,2
2009,11,2009-06-08,M.C.G.,Melbourne,Collingwood,Melbourne,Jack Watts,3,1,5,0,1,0,0
2009,11,2009-06-08,M.C.G.,Melbourne,Collingwood,Melbourne,Matthew Whelan,3,1,4,0,0,0,2
2009,11,2009-06-08,M.C.G.,Melbourne,Collingwood,Collingwood,John Anthony,7,6,9,3,1,0,1
2009,11,2009-06-08,M.C.G.,Melbourne,Collingwood,Collingwood,Leigh Brown,6,2,6,0,0,1,5
2009,11,2009-06-08,M.C.G.,Melbourne,Collingwood,Collingwood,Nathan Brown,0,1,1,0,0,0,0
2009,11,2009-06-08,M.C.G.,Melbourne,Collingwood,Collingwood,Martin Clarke,12,5,6,1,1,0,4
2009,11,2009-06-08,M.C.G.,Melbourne,Collingwood,Collingwood,Travis Cloke,12,7,8,1,0,4,0
2009,11,2009-06-08,M.C.G.,Melbourne,Collingwood,Collingwood,Shannon Cox,7,5,10,0,0,0,2
2009,11,2009-06-08,M.C.G.,Melbourne,Collingwood,Collingwood,Leon Davis,21,4,4,1,1,0,2
2009,11,2009-06-08,M.C.G.,Melbourne,Collingwood,Collingwood,Brad Dick,11,5,5,5,2,0,2
2009,11,2009-06-08,M.C.G.,Melbourne,Collingwood,Collingwood,Alan Didak,26,4,7,2,3,0,2
2009,11,2009-06-08,M.C.G.,Melbourne,Collingwood,Collingwood,Josh Fraser,10,7,17,0,1,10,4
2009,11,2009-06-08,M.C.G.,Melbourne,Collingwood,Collingwood,Tarkyn Lockyer,9,6,13,3,0,0,5
2009,11,2009-06-08,M.C.G.,Melbourne,Collingwood,Collingwood,Heritier Lumumba,6,5,14,0,0,0,2
2009,11,2009-06-08,M.C.G.,Melbourne,Collingwood,Collingwood,Nick Maxwell,4,1,5,0,0,1,2
2009,11,2009-06-08,M.C.G.,Melbourne,Collingwood,Collingwood,Shane OBree,7,3,18,0,1,0,4
2009,11,2009-06-08,M.C.G.,Melbourne,Collingwood,Collingwood,Scott Pendlebury,21,11,18,1,1,0,2
2009,11,2009-06-08,M.C.G.,Melbourne,Collingwood,Collingwood,Simon Prestigiacomo,5,4,7,0,0,0,1
2009,11,2009-06-08,M.C.G.,Melbourne,Collingwood,Collingwood,Heath Shaw,21,10,9,0,0,0,2
2009,11,2009-06-08,M.C.G.,Melbourne,Collingwood,Collingwood,Steele Sidebottom,8,2,10,1,0,0,3
2009,11,2009-06-08,M.C.G.,Melbourne,Collingwood,Collingwood,Dane Swan,21,7,11,1,1,0,5
2009,11,2009-06-08,M.C.G.,Melbourne,Collingwood,Collingwood,Dale Thomas,13,3,5,0,0,0,1
2009,11,2009-06-08,M.C.G.,Melbourne,Collingwood,Collingwood,Alan Toovey,5,2,4,0,0,1,1
2009,11,2009-06-08,M.C.G.,Melbourne,Collingwood,Collingwood,Sharrod Wellingham,10,5,9,0,0,0,1
2009,12,2009-06-12,Docklands,Carlton,St Kilda,Carlton,Dennis Armfield,5,1,7,0,0,0,6
2009,12,2009-06-12,Docklands,Carlton,St Kilda,Carlton,Mark Austin,5,4,9,0,0,0,2
2009,12,2009-06-12,Docklands,Carlton,St Kilda,Carlton,Jordan Bannister,6,2,4,2,0,0,3
2009,12,2009-06-12,Docklands,Carlton,St Kilda,Carlton,Eddie Betts,9,4,8,2,1,0,3
2009,12,2009-06-12,Docklands,Carlton,St Kilda,Carlton,Paul Bower,6,7,20,0,0,0,2
2009,12,2009-06-12,Docklands,Carlton,St Kilda,Carlton,Steven Browne,9,3,9,0,0,0,4
2009,12,2009-06-12,Docklands,Carlton,St Kilda,Carlton,Andrew Carrazzo,12,2,14,1,0,0,0
2009,12,2009-06-12,Docklands,Carlton,St Kilda,Carlton,Brendan Fevola,8,3,1,2,3,0,4
2009,12,2009-06-12,Docklands,Carlton,St Kilda,Carlton,Jeff Garlett,4,0,0,1,0,0,0
2009,12,2009-06-12,Docklands,Carlton,St Kilda,Carlton,Bryce Gibbs,10,4,15,0,1,0,3
2009,12,2009-06-12,Docklands,Carlton,St Kilda,Carlton,Shaun Grigg,9,3,19,1,0,0,4
2009,12,2009-06-12,Docklands,Carlton,St Kilda,Carlton,Shaun Hampson,1,0,1,1,0,19,3
2009,12,2009-06-12,Docklands,Carlton,St Kilda,Carlton,Ryan Houlihan,5,2,6,0,1,0,3
2009,12,2009-06-12,Docklands,Carlton,St Kilda,Carlton,Michael Jamison,8,5,3,0,0,0,2
2009,12,2009-06-12,Docklands,Carlton,St Kilda,Carlton,Aaron Joseph,8,2,11,0,0,0,5
2009,12,2009-06-12,Docklands,Carlton,St Kilda,Carlton,Chris Judd,8,1,12,0,0,0,7
2009,12,2009-06-12,Docklands,Carlton,St Kilda,Carlton,Matthew Kreuzer,7,1,9,0,0,22,3
2009,12,2009-06-12,Docklands,Carlton,St Kilda,Carlton,Marc Murphy,9,1,7,2,0,0,10
2009,12,2009-06-12,Docklands,Carlton,St Kilda,Carlton,Setanta OhAilpin,8,5,2,1,1,1,2
2009,12,2009-06-12,Docklands,Carlton,St Kilda,Carlton,Heath Scotland,9,4,9,0,0,0,1
2009,12,2009-06-12,Docklands,Carlton,St Kilda,Carlton,Kade Simpson,16,4,7,1,0,0,1
2009,12,2009-06-12,Docklands,Carlton,St Kilda,Carlton,Nick Stevens,8,3,11,0,1,0,4
2009,12,2009-06-12,Docklands,Carlton,St Kilda,St Kilda,Steven Baker,4,2,3,0,0,0,6
2009,12,2009-06-12,Docklands,Carlton,St Kilda,St Kilda,Luke Ball,3,1,14,0,0,0,6
2009,12,2009-06-12,Docklands,Carlton,St Kilda,St Kilda,Jason Blake,9,5,8,0,0,0,0
2009,12,2009-06-12,Docklands,Carlton,St Kilda,St Kilda,Nick Dal Santo,17,2,17,1,0,1,3
2009,12,2009-06-12,Docklands,Carlton,St Kilda,St Kilda,Zac Dawson,6,8,7,1,0,0,1
2009,12,2009-06-12,Docklands,Carlton,St Kilda,St Kilda,Sam Fisher,8,4,8,0,1,0,1
2009,12,2009-06-12,Docklands,Carlton,St Kilda,St Kilda,Michael Gardiner,5,7,7,0,0,38,1
2009,12,2009-06-12,Docklands,Carlton,St Kilda,St Kilda,Jarryn Geary,4,1,2,0,0,0,0
2009,12,2009-06-12,Docklands,Carlton,St Kilda,St Kilda,Sam Gilbert,16,8,8,0,0,0,2
2009,12,2009-06-12,Docklands,Carlton,St Kilda,St Kilda,Brendon Goddard,16,8,9,1,0,1,3
2009,12,2009-06-12,Docklands,Carlton,St Kilda,St Kilda,Jason Gram,12,4,11,2,0,0,2
2009,12,2009-06-12,Docklands,Carlton,St Kilda,St Kilda,Lenny Hayes,20,7,10,0,0,1,9
2009,12,2009-06-12,Docklands,Carlton,St Kilda,St Kilda,Max Hudghton,7,6,10,0,0,0,1
2009,12,2009-06-12,Docklands,Carlton,St Kilda,St Kilda,Clinton Jones,8,2,7,0,0,0,7
2009,12,2009-06-12,Docklands,Carlton,St Kilda,St Kilda,Justin Koschitzke,6,4,3,1,1,2,0
2009,12,2009-06-12,Docklands,Carlton,St Kilda,St Kilda,Ben McEvoy,1,2,6,0,0,7,1
2009,12,2009-06-12,Docklands,Carlton,St Kilda,St Kilda,Andrew McQualter,3,0,9,1,0,0,4
2009,12,2009-06-12,Docklands,Carlton,St Kilda,St Kilda,Stephen Milne,5,1,2,1,1,0,6
2009,12,2009-06-12,Docklands,Carlton,St Kilda,St Kilda,Leigh Montagna,21,11,15,1,1,0,1
2009,12,2009-06-12,Docklands,Carlton,St Kilda,St Kilda,Farren Ray,8,4,10,0,0,0,4
2009,12,2009-06-12,Docklands,Carlton,St Kilda,St Kilda,Nick Riewoldt,15,10,2,5,3,1,2
2009,12,2009-06-12,Docklands,Carlton,St Kilda,St Kilda,Adam Schneider,7,5,8,2,0,0,7
2009,12,2009-06-13,Marrara Oval,Western Bulldogs,Port Adelaide,Western Bulldogs,Jason Akermanis,15,8,6,1,3,0,1
2009,12,2009-06-13,Marrara Oval,Western Bulldogs,Port Adelaide,Western Bulldogs,Matthew Boyd,12,8,17,1,0,0,1
2009,12,2009-06-13,Marrara Oval,Western Bulldogs,Port Adelaide,Western Bulldogs,Adam Cooney,16,5,19,0,1,0,2
2009,12,2009-06-13,Marrara Oval,Western Bulldogs,Port Adelaide,Western Bulldogs,Daniel Cross,7,9,30,0,0,2,5
2009,12,2009-06-13,Marrara Oval,Western Bulldogs,Port Adelaide,Western Bulldogs,Nathan Eagleton,11,4,6,0,0,0,4
2009,12,2009-06-13,Marrara Oval,Western Bulldogs,Port Adelaide,Western Bulldogs,Daniel Giansiracusa,14,6,6,2,1,0,1
2009,12,2009-06-13,Marrara Oval,Western Bulldogs,Port Adelaide,Western Bulldogs,Lindsay Gilbee,20,4,11,1,1,0,3
2009,12,2009-06-13,Marrara Oval,Western Bulldogs,Port Adelaide,Western Bulldogs,Ryan Griffen,12,2,10,1,0,0,9
2009,12,2009-06-13,Marrara Oval,Western Bulldogs,Port Adelaide,Western Bulldogs,Mitch Hahn,8,4,1,2,1,0,2
2009,12,2009-06-13,Marrara Oval,Western Bulldogs,Port Adelaide,Western Bulldogs,Jarrod Harbrow,12,7,10,0,0,0,4
2009,12,2009-06-13,Marrara Oval,Western Bulldogs,Port Adelaide,Western Bulldogs,Ryan Hargrave,17,10,12,0,0,0,2
2009,12,2009-06-13,Marrara Oval,Western Bulldogs,Port Adelaide,Western Bulldogs,Shaun Higgins,13,2,11,1,0,0,2
2009,12,2009-06-13,Marrara Oval,Western Bulldogs,Port Adelaide,Western Bulldogs,Josh Hill,11,8,6,3,2,0,2
2009,12,2009-06-13,Marrara Oval,Western Bulldogs,Port Adelaide,Western Bulldogs,Ben Hudson,4,2,11,1,0,21,2
2009,12,2009-06-13,Marrara Oval,Western Bulldogs,Port Adelaide,Western Bulldogs,Brad Johnson,11,4,7,3,1,0,0
2009,12,2009-06-13,Marrara Oval,Western Bulldogs,Port Adelaide,Western Bulldogs,Brian Lake,10,4,8,0,0,4,2
2009,12,2009-06-13,Marrara Oval,Western Bulldogs,Port Adelaide,Western Bulldogs,Will Minson,8,7,15,3,0,10,2
2009,12,2009-06-13,Marrara Oval,Western Bulldogs,Port Adelaide,Western Bulldogs,Dale Morris,3,6,9,0,0,0,2
2009,12,2009-06-13,Marrara Oval,Western Bulldogs,Port Adelaide,Western Bulldogs,Robert Murphy,9,3,6,0,0,0,0
2009,12,2009-06-13,Marrara Oval,Western Bulldogs,Port Adelaide,Western Bulldogs,Liam Picken,7,3,7,1,0,0,4
2009,12,2009-06-13,Marrara Oval,Western Bulldogs,Port Adelaide,Western Bulldogs,Callan Ward,11,6,22,1,0,0,4
2009,12,2009-06-13,Marrara Oval,Western Bulldogs,Port Adelaide,Western Bulldogs,Scott Welsh,5,3,4,0,1,0,2
2009,12,2009-06-13,Marrara Oval,Western Bulldogs,Port Adelaide,Port Adelaide,Dean Brogan,5,1,2,0,0,14,2
2009,12,2009-06-13,Marrara Oval,Western Bulldogs,Port Adelaide,Port Adelaide,Peter Burgoyne,13,3,16,0,0,0,3
2009,12,2009-06-13,Marrara Oval,Western Bulldogs,Port Adelaide,Port Adelaide,Josh Carr,2,1,10,0,0,0,3
2009,12,2009-06-13,Marrara Oval,Western Bulldogs,Port Adelaide,Port Adelaide,Domenic Cassisi,12,3,7,1,0,0,9
2009,12,2009-06-13,Marrara Oval,Western Bulldogs,Port Adelaide,Port Adelaide,Troy Chaplin,6,2,8,0,0,0,2
2009,12,2009-06-13,Marrara Oval,Western Bulldogs,Port Adelaide,Port Adelaide,Kane Cornes,16,12,20,0,0,0,3
2009,12,2009-06-13,Marrara Oval,Western Bulldogs,Port Adelaide,Port Adelaide,Brett Ebert,5,5,4,2,1,0,0
2009,12,2009-06-13,Marrara Oval,Western Bulldogs,Port Adelaide,Port Adelaide,Robbie Gray,5,5,6,0,0,0,8
2009,12,2009-06-13,Marrara Oval,Western Bulldogs,Port Adelaide,Port Adelaide,Brendon Lade,7,4,5,0,0,14,0
2009,12,2009-06-13,Marrara Oval,Western Bulldogs,Port Adelaide,Port Adelaide,Tom Logan,11,6,7,0,0,0,0
2009,12,2009-06-13,Marrara Oval,Western Bulldogs,Port Adelaide,Port Adelaide,Danny Meyer,11,1,7,0,0,0,6
2009,12,2009-06-13,Marrara Oval,Western Bulldogs,Port Adelaide,Port Adelaide,Daniel Motlop,2,2,1,1,0,0,2
2009,12,2009-06-13,Marrara Oval,Western Bulldogs,Port Adelaide,Port Adelaide,Marlon Motlop,6,3,10,0,0,0,1
2009,12,2009-06-13,Marrara Oval,Western Bulldogs,Port Adelaide,Port Adelaide,Danyle Pearce,4,0,5,0,0,0,2
2009,12,2009-06-13,Marrara Oval,Western Bulldogs,Port Adelaide,Port Adelaide,Michael Pettigrew,12,4,4,0,0,0,4
2009,12,2009-06-13,Marrara Oval,Western Bulldogs,Port Adelaide,Port Adelaide,David Rodan,4,1,14,1,0,0,3
2009,12,2009-06-13,Marrara Oval,Western Bulldogs,Port Adelaide,Port Adelaide,Steven Salopek,12,5,6,0,0,0,4
2009,12,2009-06-13,Marrara Oval,Western Bulldogs,Port Adelaide,Port Adelaide,Jacob Surjan,8,4,12,0,0,0,4
2009,12,2009-06-13,Marrara Oval,Western Bulldogs,Port Adelaide,Port Adelaide,Toby Thurstans,11,7,13,0,0,1,2
2009,12,2009-06-13,Marrara Oval,Western Bulldogs,Port Adelaide,Port Adelaide,Warren Tredrea,10,9,5,1,0,0,1
2009,12,2009-06-13,Marrara Oval,Western Bulldogs,Port Adelaide,Port Adelaide,Justin Westhoff,5,2,1,1,0,0,1
2009,12,2009-06-13,Marrara Oval,Western Bulldogs,Port Adelaide,Port Adelaide,Matthew Westhoff,6,2,3,0,0,0,2
2009,12,2009-06-13,Docklands,Richmond,West Coast,Richmond,Andrew Collins,12,4,9,0,1,0,7
2009,12,2009-06-13,Docklands,Richmond,West Coast,Richmond,Trent Cotchin,12,5,7,0,0,0,3
2009,12,2009-06-13,Docklands,Richmond,West Coast,Richmond,Ben Cousins,9,4,19,0,0,0,2
2009,12,2009-06-13,Docklands,Richmond,West Coast,Richmond,Brett Deledio,11,11,12,1,2,0,3
2009,12,2009-06-13,Docklands,Richmond,West Coast,Richmond,Shane Edwards,10,2,7,2,0,0,6
2009,12,2009-06-13,Docklands,Richmond,West Coast,Richmond,Nathan Foley,15,7,16,0,1,0,3
2009,12,2009-06-13,Docklands,Richmond,West Coast,Richmond,Angus Graham,1,2,7,1,0,13,0
2009,12,2009-06-13,Docklands,Richmond,West Coast,Richmond,Tom Hislop,6,1,8,2,1,0,3
2009,12,2009-06-13,Docklands,Richmond,West Coast,Richmond,Daniel Jackson,10,0,6,0,0,0,4
2009,12,2009-06-13,Docklands,Richmond,West Coast,Richmond,Luke McGuane,11,8,12,0,0,0,3
2009,12,2009-06-13,Docklands,Richmond,West Coast,Richmond,Kelvin Moore,8,7,6,0,0,0,1
2009,12,2009-06-13,Docklands,Richmond,West Coast,Richmond,Mitch Morton,14,12,4,5,3,0,3
2009,12,2009-06-13,Docklands,Richmond,West Coast,Richmond,Robin Nahas,10,7,7,0,1,0,2
2009,12,2009-06-13,Docklands,Richmond,West Coast,Richmond,Chris Newman,12,7,6,0,0,0,2
2009,12,2009-06-13,Docklands,Richmond,West Coast,Richmond,Adam Pattison,7,3,6,0,0,1,1
2009,12,2009-06-13,Docklands,Richmond,West Coast,Richmond,Dean Polo,10,9,14,0,0,0,1
2009,12,2009-06-13,Docklands,Richmond,West Coast,Richmond,Alex Rance,5,4,10,0,0,0,0
2009,12,2009-06-13,Docklands,Richmond,West Coast,Richmond,Jack Riewoldt,11,6,4,1,3,0,2
2009,12,2009-06-13,Docklands,Richmond,West Coast,Richmond,Richard Tambling,19,14,9,0,0,0,2
2009,12,2009-06-13,Docklands,Richmond,West Coast,Richmond,Will Thursfield,0,0,4,0,0,0,0
2009,12,2009-06-13,Docklands,Richmond,West Coast,Richmond,Shane Tuck,11,6,19,0,1,6,4
2009,12,2009-06-13,Docklands,Richmond,West Coast,Richmond,Ty Vickery,3,3,5,1,0,4,1
2009,12,2009-06-13,Docklands,Richmond,West Coast,West Coast,Mitch Brown,7,4,10,1,0,0,1
2009,12,2009-06-13,Docklands,Richmond,West Coast,West Coast,Dean Cox,9,3,11,0,0,27,3
2009,12,2009-06-13,Docklands,Richmond,West Coast,West Coast,Brad Ebert,12,9,7,0,1,0,3
2009,12,2009-06-13,Docklands,Richmond,West Coast,West Coast,Darren Glass,7,7,11,0,0,0,2
2009,12,2009-06-13,Docklands,Richmond,West Coast,West Coast,Shannon Hurn,14,3,10,0,0,0,0
2009,12,2009-06-13,Docklands,Richmond,West Coast,West Coast,Josh Kennedy,9,7,3,4,0,0,1
2009,12,2009-06-13,Docklands,Richmond,West Coast,West Coast,Daniel Kerr,4,0,14,0,0,0,3
2009,12,2009-06-13,Docklands,Richmond,West Coast,West Coast,Mark LeCras,15,9,7,3,0,0,1
2009,12,2009-06-13,Docklands,Richmond,West Coast,West Coast,Quinten Lynch,7,8,8,0,0,3,2
2009,12,2009-06-13,Docklands,Richmond,West Coast,West Coast,Eric Mackenzie,6,4,8,0,0,0,1
2009,12,2009-06-13,Docklands,Richmond,West Coast,West Coast,Chris Masten,13,2,16,0,1,0,3
2009,12,2009-06-13,Docklands,Richmond,West Coast,West Coast,Jamie McNamara,7,3,10,0,1,2,4
2009,12,2009-06-13,Docklands,Richmond,West Coast,West Coast,Nic Naitanui,3,3,8,0,1,7,0
2009,12,2009-06-13,Docklands,Richmond,West Coast,West Coast,Mark Nicoski,5,2,7,0,1,0,0
2009,12,2009-06-13,Docklands,Richmond,West Coast,West Coast,Matt Priddis,16,7,17,1,0,0,7
2009,12,2009-06-13,Docklands,Richmond,West Coast,West Coast,Matt Rosa,9,4,11,1,0,0,3
2009,12,2009-06-13,Docklands,Richmond,West Coast,West Coast,Adam Selwood,7,3,13,1,1,0,4
2009,12,2009-06-13,Docklands,Richmond,West Coast,West Coast,Scott Selwood,7,5,8,0,0,0,1
2009,12,2009-06-13,Docklands,Richmond,West Coast,West Coast,Matthew Spangher,4,2,5,0,0,0,1
2009,12,2009-06-13,Docklands,Richmond,West Coast,West Coast,Tyson Stenglein,5,6,12,0,0,0,5
2009,12,2009-06-13,Docklands,Richmond,West Coast,West Coast,Tom Swift,5,2,5,0,0,0,1
2009,12,2009-06-13,Docklands,Richmond,West Coast,West Coast,David Wirrpanda,14,5,9,0,1,0,2
2009,12,2009-06-14,York Park,Hawthorn,Brisbane Lions,Hawthorn,Chance Bateman,9,7,14,0,0,0,2
2009,12,2009-06-14,York Park,Hawthorn,Brisbane Lions,Hawthorn,Grant Birchall,6,2,12,0,0,0,1
2009,12,2009-06-14,York Park,Hawthorn,Brisbane Lions,Hawthorn,Campbell Brown,10,6,7,0,0,0,4
2009,12,2009-06-14,York Park,Hawthorn,Brisbane Lions,Hawthorn,Robert Campbell,3,2,11,0,0,0,2
2009,12,2009-06-14,York Park,Hawthorn,Brisbane Lions,Hawthorn,Stuart Dew,7,2,4,1,0,0,1
2009,12,2009-06-14,York Park,Hawthorn,Brisbane Lions,Hawthorn,Xavier Ellis,12,9,21,0,0,0,1
2009,12,2009-06-14,York Park,Hawthorn,Brisbane Lions,Hawthorn,Lance Franklin,4,3,1,1,2,0,1
2009,12,2009-06-14,York Park,Hawthorn,Brisbane Lions,Hawthorn,Brent Guerra,13,4,14,0,0,0,5
2009,12,2009-06-14,York Park,Hawthorn,Brisbane Lions,Hawthorn,Luke Hodge,11,6,16,0,0,0,1
2009,12,2009-06-14,York Park,Hawthorn,Brisbane Lions,Hawthorn,Jordan Lewis,16,8,16,0,0,1,2
2009,12,2009-06-14,York Park,Hawthorn,Brisbane Lions,Hawthorn,Ben McGlynn,3,2,2,0,0,0,0
2009,12,2009-06-14,York Park,Hawthorn,Brisbane Lions,Hawthorn,Sam Mitchell,12,6,19,0,1,0,10
2009,12,2009-06-14,York Park,Hawthorn,Brisbane Lions,Hawthorn,Tom Murphy,6,8,11,0,0,0,2
2009,12,2009-06-14,York Park,Hawthorn,Brisbane Lions,Hawthorn,Beau Muston,7,4,9,0,1,0,1
2009,12,2009-06-14,York Park,Hawthorn,Brisbane Lions,Hawthorn,Michael Osborne,12,5,6,0,1,0,4
2009,12,2009-06-14,York Park,Hawthorn,Brisbane Lions,Hawthorn,Brent Renouf,3,4,7,0,0,16,3
2009,12,2009-06-14,York Park,Hawthorn,Brisbane Lions,Hawthorn,Jarryd Roughead,7,5,1,1,1,0,2
2009,12,2009-06-14,York Park,Hawthorn,Brisbane Lions,Hawthorn,Ryan Schoenmakers,5,4,5,0,0,0,3
2009,12,2009-06-14,York Park,Hawthorn,Brisbane Lions,Hawthorn,Brad Sewell,9,5,19,1,0,0,2
2009,12,2009-06-14,York Park,Hawthorn,Brisbane Lions,Hawthorn,Simon Taylor,3,6,11,0,0,27,2
2009,12,2009-06-14,York Park,Hawthorn,Brisbane Lions,Hawthorn,Travis Tuck,8,4,10,0,0,1,2
2009,12,2009-06-14,York Park,Hawthorn,Brisbane Lions,Hawthorn,Mark Williams,7,5,2,3,0,0,2
2009,12,2009-06-14,York Park,Hawthorn,Brisbane Lions,Brisbane Lions,Jed Adcock,13,6,6,0,0,0,4
2009,12,2009-06-14,York Park,Hawthorn,Brisbane Lions,Brisbane Lions,Simon Black,13,2,16,0,2,0,5
2009,12,2009-06-14,York Park,Hawthorn,Brisbane Lions,Brisbane Lions,Daniel Bradshaw,7,4,1,0,0,4,3
2009,12,2009-06-14,York Park,Hawthorn,Brisbane Lions,Brisbane Lions,Jared Brennan,14,4,5,0,0,12,5
2009,12,2009-06-14,York Park,Hawthorn,Brisbane Lions,Brisbane Lions,Jonathan Brown,11,6,7,5,0,0,1
2009,12,2009-06-14,York Park,Hawthorn,Brisbane Lions,Brisbane Lions,Mitch Clark,5,4,8,1,0,18,1
2009,12,2009-06-14,York Park,Hawthorn,Brisbane Lions,Brisbane Lions,Scott Harding,5,1,7,0,1,0,6
2009,12,2009-06-14,York Park,Hawthorn,Brisbane Lions,Brisbane Lions,Lachie Henderson,8,5,5,0,0,0,2
2009,12,2009-06-14,York Park,Hawthorn,Brisbane Lions,Brisbane Lions,Rhan Hooper,8,1,4,1,3,0,4
2009,12,2009-06-14,York Park,Hawthorn,Brisbane Lions,Brisbane Lions,Joel Macdonald,8,9,17,0,0,0,1
2009,12,2009-06-14,York Park,Hawthorn,Brisbane Lions,Brisbane Lions,Ashley McGrath,11,8,8,0,0,0,0
2009,12,2009-06-14,York Park,Hawthorn,Brisbane Lions,Brisbane Lions,Tim Notting,8,5,4,1,0,0,4
2009,12,2009-06-14,York Park,Hawthorn,Brisbane Lions,Brisbane Lions,James Polkinghorne,5,3,10,0,2,1,2
2009,12,2009-06-14,York Park,Hawthorn,Brisbane Lions,Brisbane Lions,Luke Power,20,8,16,0,1,0,10
2009,12,2009-06-14,York Park,Hawthorn,Brisbane Lions,Brisbane Lions,Albert Proud,11,2,6,0,1,0,7
2009,12,2009-06-14,York Park,Hawthorn,Brisbane Lions,Brisbane Lions,Daniel Rich,6,1,5,1,1,0,8
2009,12,2009-06-14,York Park,Hawthorn,Brisbane Lions,Brisbane Lions,Michael Rischitelli,8,3,12,1,0,0,7
2009,12,2009-06-14,York Park,Hawthorn,Brisbane Lions,Brisbane Lions,Jason Roe,8,6,4,0,0,0,3
2009,12,2009-06-14,York Park,Hawthorn,Brisbane Lions,Brisbane Lions,Troy Selwood,0,0,1,0,0,0,0
2009,12,2009-06-14,York Park,Hawthorn,Brisbane Lions,Brisbane Lions,Sam Sheldon,7,4,6,0,0,0,0
2009,12,2009-06-14,York Park,Hawthorn,Brisbane Lions,Brisbane Lions,Justin Sherman,13,4,16,2,0,0,4
2009,12,2009-06-14,York Park,Hawthorn,Brisbane Lions,Brisbane Lions,Cheynee Stiller,9,3,8,1,0,0,6
2009,12,2009-06-14,Football Park,Adelaide,North Melbourne,Adelaide,Nathan Bock,13,6,6,1,0,0,0
2009,12,2009-06-14,Football Park,Adelaide,North Melbourne,Adelaide,Patrick Dangerfield,5,1,9,0,0,0,1
2009,12,2009-06-14,Football Park,Adelaide,North Melbourne,Adelaide,Michael Doughty,20,7,11,0,0,0,7
2009,12,2009-06-14,Football Park,Adelaide,North Melbourne,Adelaide,Tyson Edwards,13,5,9,1,0,0,5
2009,12,2009-06-14,Football Park,Adelaide,North Melbourne,Adelaide,Chris Knights,3,1,7,1,0,0,5
2009,12,2009-06-14,Football Park,Adelaide,North Melbourne,Adelaide,David Mackay,12,2,12,0,0,0,3
2009,12,2009-06-14,Football Park,Adelaide,North Melbourne,Adelaide,Ivan Maric,2,2,5,0,1,15,2
2009,12,2009-06-14,Football Park,Adelaide,North Melbourne,Adelaide,Andrew McLeod,11,4,6,0,1,0,3
2009,12,2009-06-14,Football Park,Adelaide,North Melbourne,Adelaide,Brad Moran,3,3,9,0,0,19,1
2009,12,2009-06-14,Football Park,Adelaide,North Melbourne,Adelaide,Andy Otten,9,9,11,0,0,0,4
2009,12,2009-06-14,Football Park,Adelaide,North Melbourne,Adelaide,Jared Petrenko,11,2,3,0,0,0,4
2009,12,2009-06-14,Football Park,Adelaide,North Melbourne,Adelaide,Jason Porplyzia,12,4,8,3,0,0,3
2009,12,2009-06-14,Football Park,Adelaide,North Melbourne,Adelaide,Brent Reilly,5,0,5,0,0,0,0
2009,12,2009-06-14,Football Park,Adelaide,North Melbourne,Adelaide,Ben Rutten,8,4,7,0,0,0,1
2009,12,2009-06-14,Football Park,Adelaide,North Melbourne,Adelaide,Robert Shirley,6,0,11,0,0,1,6
2009,12,2009-06-14,Football Park,Adelaide,North Melbourne,Adelaide,Scott Stevens,8,4,4,0,0,0,2
2009,12,2009-06-14,Football Park,Adelaide,North Melbourne,Adelaide,Brad Symes,17,7,8,0,0,0,2
2009,12,2009-06-14,Football Park,Adelaide,North Melbourne,Adelaide,Scott Thompson,14,4,17,0,0,0,7
2009,12,2009-06-14,Football Park,Adelaide,North Melbourne,Adelaide,Kurt Tippett,4,3,6,1,1,21,7
2009,12,2009-06-14,Football Park,Adelaide,North Melbourne,Adelaide,Nathan van Berlo,9,8,8,0,0,0,3
2009,12,2009-06-14,Football Park,Adelaide,North Melbourne,Adelaide,Bernie Vince,16,7,6,1,1,0,2
2009,12,2009-06-14,Football Park,Adelaide,North Melbourne,Adelaide,Taylor Walker,9,5,2,1,2,0,4
2009,12,2009-06-14,Football Park,Adelaide,North Melbourne,North Melbourne,Aaron Edwards,8,4,1,1,1,0,3
2009,12,2009-06-14,Football Park,Adelaide,North Melbourne,North Melbourne,Michael Firrito,7,0,15,0,0,1,3
2009,12,2009-06-14,Football Park,Adelaide,North Melbourne,North Melbourne,Cruize Garlett,4,1,3,0,0,0,2
2009,12,2009-06-14,Football Park,Adelaide,North Melbourne,North Melbourne,Josh Gibson,12,5,1,0,0,0,2
2009,12,2009-06-14,Football Park,Adelaide,North Melbourne,North Melbourne,Nathan Grima,11,7,9,0,0,1,5
2009,12,2009-06-14,Football Park,Adelaide,North Melbourne,North Melbourne,Lachlan Hansen,11,4,5,0,0,1,0
2009,12,2009-06-14,Football Park,Adelaide,North Melbourne,North Melbourne,Leigh Harding,10,7,4,0,0,0,5
2009,12,2009-06-14,Football Park,Adelaide,North Melbourne,North Melbourne,Daniel Harris,7,2,8,0,0,0,6
2009,12,2009-06-14,Football Park,Adelaide,North Melbourne,North Melbourne,Corey Jones,7,1,4,1,0,0,5
2009,12,2009-06-14,Football Park,Adelaide,North Melbourne,North Melbourne,Hamish McIntosh,14,6,6,0,0,23,2
2009,12,2009-06-14,Football Park,Adelaide,North Melbourne,North Melbourne,Scott McMahon,12,7,3,0,0,0,5
2009,12,2009-06-14,Football Park,Adelaide,North Melbourne,North Melbourne,Drew Petrie,12,5,4,0,1,9,8
2009,12,2009-06-14,Football Park,Adelaide,North Melbourne,North Melbourne,Sam Power,8,5,8,0,0,0,3
2009,12,2009-06-14,Football Park,Adelaide,North Melbourne,North Melbourne,Daniel Pratt,9,5,7,0,0,0,1
2009,12,2009-06-14,Football Park,Adelaide,North Melbourne,North Melbourne,Brady Rawlings,9,5,11,0,0,0,5
2009,12,2009-06-14,Football Park,Adelaide,North Melbourne,North Melbourne,Ben Ross,9,3,9,0,0,0,4
2009,12,2009-06-14,Football Park,Adelaide,North Melbourne,North Melbourne,Adam Simpson,9,4,10,0,1,2,6
2009,12,2009-06-14,Football Park,Adelaide,North Melbourne,North Melbourne,Andrew Swallow,4,0,12,0,0,0,6
2009,12,2009-06-14,Football Park,Adelaide,North Melbourne,North Melbourne,Lindsay Thomas,11,7,2,1,1,0,6
2009,12,2009-06-14,Football Park,Adelaide,North Melbourne,North Melbourne,Scott Thompson,9,7,7,0,0,0,2
2009,12,2009-06-14,Football Park,Adelaide,North Melbourne,North Melbourne,Gavin Urquhart,9,4,8,0,0,0,2
2009,12,2009-06-14,Football Park,Adelaide,North Melbourne,North Melbourne,Jack Ziebell,6,2,0,0,0,0,1
2009,12,2009-06-19,Docklands,Essendon,Melbourne,Essendon,Alwyn Davey,7,3,7,2,0,0,4
2009,12,2009-06-19,Docklands,Essendon,Melbourne,Essendon,Courtenay Dempsey,7,4,12,0,0,0,4
2009,12,2009-06-19,Docklands,Essendon,Melbourne,Essendon,Ricky Dyson,15,3,6,0,0,0,2
2009,12,2009-06-19,Docklands,Essendon,Melbourne,Essendon,Dustin Fletcher,12,5,6,0,0,0,1
2009,12,2009-06-19,Docklands,Essendon,Melbourne,Essendon,Heath Hocking,5,3,11,0,0,0,1
2009,12,2009-06-19,Docklands,Essendon,Melbourne,Essendon,Cale Hooker,5,8,10,1,0,2,3
2009,12,2009-06-19,Docklands,Essendon,Melbourne,Essendon,Matthew Lloyd,6,2,3,3,2,0,0
2009,12,2009-06-19,Docklands,Essendon,Melbourne,Essendon,Sam Lonergan,10,4,7,2,2,0,3
2009,12,2009-06-19,Docklands,Essendon,Melbourne,Essendon,Andrew Lovett,14,1,8,0,0,0,4
2009,12,2009-06-19,Docklands,Essendon,Melbourne,Essendon,Scott Lucas,13,5,6,3,3,0,4
2009,12,2009-06-19,Docklands,Essendon,Melbourne,Essendon,Adam McPhee,8,5,9,0,0,0,3
2009,12,2009-06-19,Docklands,Essendon,Melbourne,Essendon,Mark McVeigh,14,4,8,2,0,0,3
2009,12,2009-06-19,Docklands,Essendon,Melbourne,Essendon,Angus Monfries,12,9,9,2,1,0,3
2009,12,2009-06-19,Docklands,Essendon,Melbourne,Essendon,Tayte Pears,7,4,10,0,0,0,1
2009,12,2009-06-19,Docklands,Essendon,Melbourne,Essendon,Brent Prismall,11,7,15,0,1,0,2
2009,12,2009-06-19,Docklands,Essendon,Melbourne,Essendon,Kyle Reimers,14,4,6,0,1,0,2
2009,12,2009-06-19,Docklands,Essendon,Melbourne,Essendon,Paddy Ryder,7,5,9,0,0,28,2
2009,12,2009-06-19,Docklands,Essendon,Melbourne,Essendon,Hayden Skipworth,13,8,8,2,0,0,1
2009,12,2009-06-19,Docklands,Essendon,Melbourne,Essendon,Brent Stanton,13,7,13,0,0,0,3
2009,12,2009-06-19,Docklands,Essendon,Melbourne,Essendon,Jobe Watson,12,3,16,1,1,0,8
2009,12,2009-06-19,Docklands,Essendon,Melbourne,Essendon,Andrew Welsh,12,2,13,0,1,0,4
2009,12,2009-06-19,Docklands,Essendon,Melbourne,Essendon,Jason Winderlich,7,6,14,1,2,3,3
2009,12,2009-06-19,Docklands,Essendon,Melbourne,Melbourne,Clint Bartram,8,5,8,0,0,0,3
2009,12,2009-06-19,Docklands,Essendon,Melbourne,Melbourne,Matthew Bate,7,5,6,2,0,0,2
2009,12,2009-06-19,Docklands,Essendon,Melbourne,Melbourne,Jamie Bennell,4,4,5,0,0,0,2
2009,12,2009-06-19,Docklands,Essendon,Melbourne,Melbourne,Cameron Bruce,13,4,14,1,0,0,5
2009,12,2009-06-19,Docklands,Essendon,Melbourne,Melbourne,Kyle Cheney,2,4,5,0,0,0,3
2009,12,2009-06-19,Docklands,Essendon,Melbourne,Melbourne,Aaron Davey,18,5,12,0,0,0,2
2009,12,2009-06-19,Docklands,Essendon,Melbourne,Melbourne,James Frawley,8,4,2,0,0,0,4
2009,12,2009-06-19,Docklands,Essendon,Melbourne,Melbourne,Brad Green,15,6,12,0,0,0,3
2009,12,2009-06-19,Docklands,Essendon,Melbourne,Melbourne,Jack Grimes,9,2,6,1,0,0,1
2009,12,2009-06-19,Docklands,Essendon,Melbourne,Melbourne,Neville Jetta,3,3,5,1,0,0,3
2009,12,2009-06-19,Docklands,Essendon,Melbourne,Melbourne,Paul Johnson,6,3,8,0,0,32,2
2009,12,2009-06-19,Docklands,Essendon,Melbourne,Melbourne,Liam Jurrah,8,6,3,1,2,0,3
2009,12,2009-06-19,Docklands,Essendon,Melbourne,Melbourne,Stefan Martin,9,5,5,1,0,8,0
2009,12,2009-06-19,Docklands,Essendon,Melbourne,Melbourne,Brock McLean,13,1,11,0,0,0,8
2009,12,2009-06-19,Docklands,Essendon,Melbourne,Melbourne,Brad Miller,8,4,5,2,1,0,0
2009,12,2009-06-19,Docklands,Essendon,Melbourne,Melbourne,Brent Moloney,13,7,11,0,0,0,5
2009,12,2009-06-19,Docklands,Essendon,Melbourne,Melbourne,Cale Morton,3,5,11,0,0,0,1
2009,12,2009-06-19,Docklands,Essendon,Melbourne,Melbourne,Jared Rivers,3,4,4,0,0,0,1
2009,12,2009-06-19,Docklands,Essendon,Melbourne,Melbourne,Russell Robertson,7,2,2,2,1,0,2
2009,12,2009-06-19,Docklands,Essendon,Melbourne,Melbourne,Colin Sylvia,13,7,8,0,1,0,5
2009,12,2009-06-19,Docklands,Essendon,Melbourne,Melbourne,Jack Watts,6,4,3,2,0,0,0
2009,12,2009-06-19,Docklands,Essendon,Melbourne,Melbourne,Matthew Whelan,4,4,6,0,0,0,5
2009,12,2009-06-20,Stadium Australia,Sydney,Collingwood,Sydney,Ed Barlow,12,4,4,1,2,0,2
2009,12,2009-06-20,Stadium Australia,Sydney,Collingwood,Sydney,Paul Bevan,8,4,6,0,0,0,1
2009,12,2009-06-20,Stadium Australia,Sydney,Collingwood,Sydney,Craig Bird,8,3,12,0,1,0,3
2009,12,2009-06-20,Stadium Australia,Sydney,Collingwood,Sydney,Jude Bolton,10,1,19,0,1,0,7
2009,12,2009-06-20,Stadium Australia,Sydney,Collingwood,Sydney,Jared Crouch,5,1,6,0,0,0,5
2009,12,2009-06-20,Stadium Australia,Sydney,Collingwood,Sydney,Adam Goodes,10,5,13,1,0,1,2
2009,12,2009-06-20,Stadium Australia,Sydney,Collingwood,Sydney,Heath Grundy,7,7,8,0,0,0,2
2009,12,2009-06-20,Stadium Australia,Sydney,Collingwood,Sydney,Barry Hall,8,4,6,2,2,2,4
2009,12,2009-06-20,Stadium Australia,Sydney,Collingwood,Sydney,Kieren Jack,8,3,11,2,0,0,0
2009,12,2009-06-20,Stadium Australia,Sydney,Collingwood,Sydney,Darren Jolly,5,4,9,0,0,53,1
2009,12,2009-06-20,Stadium Australia,Sydney,Collingwood,Sydney,Brett Kirk,19,4,22,0,0,0,3
2009,12,2009-06-20,Stadium Australia,Sydney,Collingwood,Sydney,Martin Mattner,11,2,7,0,0,0,4
2009,12,2009-06-20,Stadium Australia,Sydney,Collingwood,Sydney,Jarrad McVeigh,13,3,14,0,0,0,3
2009,12,2009-06-20,Stadium Australia,Sydney,Collingwood,Sydney,Jarred Moore,5,5,6,1,0,0,2
2009,12,2009-06-20,Stadium Australia,Sydney,Collingwood,Sydney,Ryan OKeefe,26,8,15,2,0,0,2
2009,12,2009-06-20,Stadium Australia,Sydney,Collingwood,Sydney,Michael OLoughlin,5,3,4,0,0,0,3
2009,12,2009-06-20,Stadium Australia,Sydney,Collingwood,Sydney,Ted Richards,8,2,7,0,1,0,1
2009,12,2009-06-20,Stadium Australia,Sydney,Collingwood,Sydney,Lewis Roberts-Thomson,12,10,8,0,0,0,0
2009,12,2009-06-20,Stadium Australia,Sydney,Collingwood,Sydney,Rhyce Shaw,16,4,8,0,0,0,1
2009,12,2009-06-20,Stadium Australia,Sydney,Collingwood,Sydney,Nick Smith,8,2,7,0,0,0,2
2009,12,2009-06-20,Stadium Australia,Sydney,Collingwood,Sydney,Kristin Thornton,7,2,2,0,2,0,2
2009,12,2009-06-20,Stadium Australia,Sydney,Collingwood,Sydney,Jesse White,6,5,7,0,1,3,0
2009,12,2009-06-20,Stadium Australia,Sydney,Collingwood,Collingwood,John Anthony,5,5,2,1,0,0,1
2009,12,2009-06-20,Stadium Australia,Sydney,Collingwood,Collingwood,Leigh Brown,9,5,3,1,0,0,6
2009,12,2009-06-20,Stadium Australia,Sydney,Collingwood,Collingwood,Martin Clarke,5,1,2,0,0,0,3
2009,12,2009-06-20,Stadium Australia,Sydney,Collingwood,Collingwood,Travis Cloke,8,6,2,0,2,1,3
2009,12,2009-06-20,Stadium Australia,Sydney,Collingwood,Collingwood,Shannon Cox,12,4,5,0,1,0,1
2009,12,2009-06-20,Stadium Australia,Sydney,Collingwood,Collingwood,Leon Davis,12,2,5,3,1,0,5
2009,12,2009-06-20,Stadium Australia,Sydney,Collingwood,Collingwood,Brad Dick,7,2,5,1,0,0,6
2009,12,2009-06-20,Stadium Australia,Sydney,Collingwood,Collingwood,Alan Didak,29,6,5,2,1,0,3
2009,12,2009-06-20,Stadium Australia,Sydney,Collingwood,Collingwood,Josh Fraser,9,5,3,1,0,14,4
2009,12,2009-06-20,Stadium Australia,Sydney,Collingwood,Collingwood,Tarkyn Lockyer,15,6,5,0,1,0,6
2009,12,2009-06-20,Stadium Australia,Sydney,Collingwood,Collingwood,Heritier Lumumba,11,4,7,1,0,0,3
2009,12,2009-06-20,Stadium Australia,Sydney,Collingwood,Collingwood,Nick Maxwell,14,11,7,0,0,1,2
2009,12,2009-06-20,Stadium Australia,Sydney,Collingwood,Collingwood,Shane OBree,10,2,5,2,0,0,5
2009,12,2009-06-20,Stadium Australia,Sydney,Collingwood,Collingwood,Scott Pendlebury,0,0,0,0,0,0,0
2009,12,2009-06-20,Stadium Australia,Sydney,Collingwood,Collingwood,Simon Prestigiacomo,10,7,4,0,0,0,1
2009,12,2009-06-20,Stadium Australia,Sydney,Collingwood,Collingwood,Heath Shaw,20,4,6,0,0,0,0
2009,12,2009-06-20,Stadium Australia,Sydney,Collingwood,Collingwood,Steele Sidebottom,7,3,7,0,1,0,4
2009,12,2009-06-20,Stadium Australia,Sydney,Collingwood,Collingwood,Dane Swan,19,9,10,1,0,0,5
2009,12,2009-06-20,Stadium Australia,Sydney,Collingwood,Collingwood,Dale Thomas,7,7,9,0,1,1,2
2009,12,2009-06-20,Stadium Australia,Sydney,Collingwood,Collingwood,Alan Toovey,10,3,3,0,0,0,4
2009,12,2009-06-20,Stadium Australia,Sydney,Collingwood,Collingwood,Sharrod Wellingham,4,2,10,0,0,0,4
2009,12,2009-06-20,Stadium Australia,Sydney,Collingwood,Collingwood,Cameron Wood,3,2,4,0,0,12,2
2009,12,2009-06-21,Subiaco,Fremantle,Geelong,Fremantle,Kepler Bradley,6,3,10,0,0,1,2
2009,12,2009-06-21,Subiaco,Fremantle,Geelong,Fremantle,Greg Broughton,17,11,12,0,0,0,5
2009,12,2009-06-21,Subiaco,Fremantle,Geelong,Fremantle,Adam Campbell,4,2,3,0,0,0,3
2009,12,2009-06-21,Subiaco,Fremantle,Geelong,Fremantle,Matt de Boer,7,4,14,1,1,0,2
2009,12,2009-06-21,Subiaco,Fremantle,Geelong,Fremantle,Steven Dodd,6,2,8,1,0,0,2
2009,12,2009-06-21,Subiaco,Fremantle,Geelong,Fremantle,Paul Duffield,19,7,10,1,0,1,5
2009,12,2009-06-21,Subiaco,Fremantle,Geelong,Fremantle,Andrew Foster,7,3,9,0,0,0,2
2009,12,2009-06-21,Subiaco,Fremantle,Geelong,Fremantle,Antoni Grover,7,5,6,0,0,0,2
2009,12,2009-06-21,Subiaco,Fremantle,Geelong,Fremantle,Paul Hasleby,10,5,12,1,0,0,2
2009,12,2009-06-21,Subiaco,Fremantle,Geelong,Fremantle,Stephen Hill,11,3,12,1,0,0,2
2009,12,2009-06-21,Subiaco,Fremantle,Geelong,Fremantle,Garrick Ibbotson,13,7,9,1,0,0,2
2009,12,2009-06-21,Subiaco,Fremantle,Geelong,Fremantle,Luke McPharlin,8,6,2,0,2,0,3
2009,12,2009-06-21,Subiaco,Fremantle,Geelong,Fremantle,David Mundy,10,2,7,0,0,0,3
2009,12,2009-06-21,Subiaco,Fremantle,Geelong,Fremantle,Matthew Pavlich,17,4,14,2,1,1,5
2009,12,2009-06-21,Subiaco,Fremantle,Geelong,Fremantle,Clancee Pearce,5,2,5,0,0,0,3
2009,12,2009-06-21,Subiaco,Fremantle,Geelong,Fremantle,Aaron Sandilands,6,5,14,1,0,37,3
2009,12,2009-06-21,Subiaco,Fremantle,Geelong,Fremantle,Byron Schammer,12,3,12,0,2,0,4
2009,12,2009-06-21,Subiaco,Fremantle,Geelong,Fremantle,Dean Solomon,6,2,10,0,0,0,7
2009,12,2009-06-21,Subiaco,Fremantle,Geelong,Fremantle,Nick Suban,5,1,5,1,0,0,2
2009,12,2009-06-21,Subiaco,Fremantle,Geelong,Fremantle,Chris Tarrant,6,6,10,0,0,0,1
2009,12,2009-06-21,Subiaco,Fremantle,Geelong,Fremantle,Scott Thornton,3,2,10,0,1,0,1
2009,12,2009-06-21,Subiaco,Fremantle,Geelong,Fremantle,Michael Walters,5,3,0,1,1,0,1
2009,12,2009-06-21,Subiaco,Fremantle,Geelong,Geelong,Gary Ablett,5,1,24,0,1,0,2
2009,12,2009-06-21,Subiaco,Fremantle,Geelong,Geelong,Jimmy Bartel,14,4,12,0,0,1,8
2009,12,2009-06-21,Subiaco,Fremantle,Geelong,Geelong,Mark Blake,2,1,7,0,0,18,2
2009,12,2009-06-21,Subiaco,Fremantle,Geelong,Geelong,Shannon Byrnes,18,9,8,5,1,0,3
2009,12,2009-06-21,Subiaco,Fremantle,Geelong,Geelong,Paul Chapman,21,10,10,1,3,0,4
2009,12,2009-06-21,Subiaco,Fremantle,Geelong,Geelong,Joel Corey,18,5,12,0,0,3,8
2009,12,2009-06-21,Subiaco,Fremantle,Geelong,Geelong,Corey Enright,10,7,9,1,0,0,7
2009,12,2009-06-21,Subiaco,Fremantle,Geelong,Geelong,Ryan Gamble,6,5,8,1,1,0,2
2009,12,2009-06-21,Subiaco,Fremantle,Geelong,Geelong,Tom Hawkins,7,5,3,2,1,0,3
2009,12,2009-06-21,Subiaco,Fremantle,Geelong,Geelong,David Johnson,6,7,11,0,0,0,1
2009,12,2009-06-21,Subiaco,Fremantle,Geelong,Geelong,Steve Johnson,16,7,7,3,2,0,6
2009,12,2009-06-21,Subiaco,Fremantle,Geelong,Geelong,James Kelly,12,5,9,0,0,0,4
2009,12,2009-06-21,Subiaco,Fremantle,Geelong,Geelong,Cameron Ling,14,7,13,0,0,0,7
2009,12,2009-06-21,Subiaco,Fremantle,Geelong,Geelong,Andrew Mackie,7,4,10,0,0,0,1
2009,12,2009-06-21,Subiaco,Fremantle,Geelong,Geelong,Darren Milburn,7,4,5,0,0,0,0
2009,12,2009-06-21,Subiaco,Fremantle,Geelong,Geelong,Cameron Mooney,7,7,5,0,2,0,0
2009,12,2009-06-21,Subiaco,Fremantle,Geelong,Geelong,Shane Mumford,1,1,6,0,1,10,4
2009,12,2009-06-21,Subiaco,Fremantle,Geelong,Geelong,Max Rooke,3,2,7,0,0,0,1
2009,12,2009-06-21,Subiaco,Fremantle,Geelong,Geelong,Matthew Scarlett,5,0,4,0,0,0,1
2009,12,2009-06-21,Subiaco,Fremantle,Geelong,Geelong,Joel Selwood,6,1,13,0,1,0,3
2009,12,2009-06-21,Subiaco,Fremantle,Geelong,Geelong,Harry Taylor,7,5,9,0,0,2,2
2009,12,2009-06-21,Subiaco,Fremantle,Geelong,Geelong,Travis Varcoe,7,1,12,0,1,0,2
2009,13,2009-06-26,M.C.G.,Essendon,Carlton,Essendon,Alwyn Davey,9,2,4,1,0,0,4
2009,13,2009-06-26,M.C.G.,Essendon,Carlton,Essendon,Courtenay Dempsey,3,3,8,0,1,0,2
2009,13,2009-06-26,M.C.G.,Essendon,Carlton,Essendon,Ricky Dyson,13,2,4,0,1,0,5
2009,13,2009-06-26,M.C.G.,Essendon,Carlton,Essendon,Dustin Fletcher,9,2,6,0,0,0,0
2009,13,2009-06-26,M.C.G.,Essendon,Carlton,Essendon,Heath Hocking,10,3,10,0,0,0,2
2009,13,2009-06-26,M.C.G.,Essendon,Carlton,Essendon,Cale Hooker,4,4,10,0,0,5,4
2009,13,2009-06-26,M.C.G.,Essendon,Carlton,Essendon,Matthew Lloyd,10,5,2,4,1,0,0
2009,13,2009-06-26,M.C.G.,Essendon,Carlton,Essendon,Sam Lonergan,7,4,9,0,0,0,4
2009,13,2009-06-26,M.C.G.,Essendon,Carlton,Essendon,Nathan Lovett-Murray,8,5,8,0,0,0,5
2009,13,2009-06-26,M.C.G.,Essendon,Carlton,Essendon,Andrew Lovett,12,5,7,3,1,0,2
2009,13,2009-06-26,M.C.G.,Essendon,Carlton,Essendon,Scott Lucas,9,4,7,3,2,0,2
2009,13,2009-06-26,M.C.G.,Essendon,Carlton,Essendon,Angus Monfries,5,4,6,5,0,0,4
2009,13,2009-06-26,M.C.G.,Essendon,Carlton,Essendon,Tayte Pears,9,4,12,0,0,0,0
2009,13,2009-06-26,M.C.G.,Essendon,Carlton,Essendon,Brent Prismall,14,6,11,0,0,0,1
2009,13,2009-06-26,M.C.G.,Essendon,Carlton,Essendon,Kyle Reimers,14,7,3,1,0,0,3
2009,13,2009-06-26,M.C.G.,Essendon,Carlton,Essendon,Paddy Ryder,5,3,11,1,0,30,5
2009,13,2009-06-26,M.C.G.,Essendon,Carlton,Essendon,Hayden Skipworth,11,2,8,2,0,0,4
2009,13,2009-06-26,M.C.G.,Essendon,Carlton,Essendon,Henry Slattery,7,6,8,0,0,0,4
2009,13,2009-06-26,M.C.G.,Essendon,Carlton,Essendon,Brent Stanton,13,5,6,1,0,0,4
2009,13,2009-06-26,M.C.G.,Essendon,Carlton,Essendon,Jobe Watson,7,3,9,0,0,0,2
2009,13,2009-06-26,M.C.G.,Essendon,Carlton,Essendon,Andrew Welsh,14,6,16,0,0,0,5
2009,13,2009-06-26,M.C.G.,Essendon,Carlton,Essendon,Jason Winderlich,8,5,4,0,1,1,7
2009,13,2009-06-26,M.C.G.,Essendon,Carlton,Carlton,Dennis Armfield,4,2,5,0,0,0,1
2009,13,2009-06-26,M.C.G.,Essendon,Carlton,Carlton,Mark Austin,1,0,6,0,1,0,2
2009,13,2009-06-26,M.C.G.,Essendon,Carlton,Carlton,Jordan Bannister,8,4,1,0,0,0,1
2009,13,2009-06-26,M.C.G.,Essendon,Carlton,Carlton,Eddie Betts,7,1,6,3,1,0,6
2009,13,2009-06-26,M.C.G.,Essendon,Carlton,Carlton,Paul Bower,7,4,7,0,0,0,1
2009,13,2009-06-26,M.C.G.,Essendon,Carlton,Carlton,Steven Browne,6,5,5,0,0,0,2
2009,13,2009-06-26,M.C.G.,Essendon,Carlton,Carlton,Andrew Carrazzo,8,5,14,0,0,0,4
2009,13,2009-06-26,M.C.G.,Essendon,Carlton,Carlton,Brendan Fevola,7,6,4,2,2,1,3
2009,13,2009-06-26,M.C.G.,Essendon,Carlton,Carlton,Brad Fisher,11,10,3,0,0,0,2
2009,13,2009-06-26,M.C.G.,Essendon,Carlton,Carlton,Bryce Gibbs,14,2,10,1,0,0,7
2009,13,2009-06-26,M.C.G.,Essendon,Carlton,Carlton,Shaun Grigg,6,4,14,0,0,0,5
2009,13,2009-06-26,M.C.G.,Essendon,Carlton,Carlton,Shaun Hampson,2,3,7,0,0,21,0
2009,13,2009-06-26,M.C.G.,Essendon,Carlton,Carlton,Ryan Houlihan,8,2,9,0,1,0,4
2009,13,2009-06-26,M.C.G.,Essendon,Carlton,Carlton,Michael Jamison,6,2,1,0,0,0,1
2009,13,2009-06-26,M.C.G.,Essendon,Carlton,Carlton,Aaron Joseph,2,1,6,0,0,0,6
2009,13,2009-06-26,M.C.G.,Essendon,Carlton,Carlton,Chris Judd,14,2,8,1,2,0,3
2009,13,2009-06-26,M.C.G.,Essendon,Carlton,Carlton,Matthew Kreuzer,6,4,6,0,0,17,2
2009,13,2009-06-26,M.C.G.,Essendon,Carlton,Carlton,Marc Murphy,10,1,16,0,3,0,6
2009,13,2009-06-26,M.C.G.,Essendon,Carlton,Carlton,Setanta OhAilpin,5,7,5,1,2,0,1
2009,13,2009-06-26,M.C.G.,Essendon,Carlton,Carlton,Heath Scotland,10,1,12,0,0,0,5
2009,13,2009-06-26,M.C.G.,Essendon,Carlton,Carlton,Kade Simpson,13,4,2,1,0,0,3
2009,13,2009-06-26,M.C.G.,Essendon,Carlton,Carlton,Nick Stevens,10,2,11,0,1,0,2
2009,13,2009-06-27,M.C.G.,Collingwood,Fremantle,Collingwood,John Anthony,8,5,1,4,0,0,2
2009,13,2009-06-27,M.C.G.,Collingwood,Fremantle,Collingwood,Dayne Beams,6,7,16,2,0,0,6
2009,13,2009-06-27,M.C.G.,Collingwood,Fremantle,Collingwood,Leigh Brown,10,6,7,2,1,3,3
2009,13,2009-06-27,M.C.G.,Collingwood,Fremantle,Collingwood,Nathan Brown,5,2,5,0,0,0,2
2009,13,2009-06-27,M.C.G.,Collingwood,Fremantle,Collingwood,Travis Cloke,10,8,7,3,1,1,3
2009,13,2009-06-27,M.C.G.,Collingwood,Fremantle,Collingwood,Shannon Cox,5,0,6,1,0,1,2
2009,13,2009-06-27,M.C.G.,Collingwood,Fremantle,Collingwood,Chris Dawes,5,3,6,2,1,2,2
2009,13,2009-06-27,M.C.G.,Collingwood,Fremantle,Collingwood,Brad Dick,9,2,7,3,1,0,5
2009,13,2009-06-27,M.C.G.,Collingwood,Fremantle,Collingwood,Alan Didak,31,9,8,2,0,0,2
2009,13,2009-06-27,M.C.G.,Collingwood,Fremantle,Collingwood,Josh Fraser,6,2,13,0,1,9,1
2009,13,2009-06-27,M.C.G.,Collingwood,Fremantle,Collingwood,Tyson Goldsack,7,4,9,0,0,0,2
2009,13,2009-06-27,M.C.G.,Collingwood,Fremantle,Collingwood,Tarkyn Lockyer,10,3,8,2,0,0,5
2009,13,2009-06-27,M.C.G.,Collingwood,Fremantle,Collingwood,Heritier Lumumba,12,2,6,1,0,0,2
2009,13,2009-06-27,M.C.G.,Collingwood,Fremantle,Collingwood,Nick Maxwell,8,7,9,0,0,1,3
2009,13,2009-06-27,M.C.G.,Collingwood,Fremantle,Collingwood,Paul Medhurst,9,11,8,2,1,0,1
2009,13,2009-06-27,M.C.G.,Collingwood,Fremantle,Collingwood,Shane OBree,11,1,17,0,1,0,4
2009,13,2009-06-27,M.C.G.,Collingwood,Fremantle,Collingwood,Simon Prestigiacomo,3,4,8,0,0,0,0
2009,13,2009-06-27,M.C.G.,Collingwood,Fremantle,Collingwood,Heath Shaw,11,5,7,0,1,0,2
2009,13,2009-06-27,M.C.G.,Collingwood,Fremantle,Collingwood,Dane Swan,24,11,17,1,1,0,3
2009,13,2009-06-27,M.C.G.,Collingwood,Fremantle,Collingwood,Dale Thomas,8,5,13,0,0,0,2
2009,13,2009-06-27,M.C.G.,Collingwood,Fremantle,Collingwood,Alan Toovey,7,2,1,0,0,0,6
2009,13,2009-06-27,M.C.G.,Collingwood,Fremantle,Collingwood,Sharrod Wellingham,11,3,8,1,0,0,1
2009,13,2009-06-27,M.C.G.,Collingwood,Fremantle,Fremantle,Hayden Ballantyne,4,3,4,0,0,0,0
2009,13,2009-06-27,M.C.G.,Collingwood,Fremantle,Fremantle,Greg Broughton,10,4,10,0,0,0,5
2009,13,2009-06-27,M.C.G.,Collingwood,Fremantle,Fremantle,Zac Clarke,1,1,2,0,0,5,3
2009,13,2009-06-27,M.C.G.,Collingwood,Fremantle,Fremantle,Matt de Boer,4,2,6,0,0,0,2
2009,13,2009-06-27,M.C.G.,Collingwood,Fremantle,Fremantle,Steven Dodd,9,5,3,1,0,0,1
2009,13,2009-06-27,M.C.G.,Collingwood,Fremantle,Fremantle,Paul Duffield,15,4,10,0,0,0,3
2009,13,2009-06-27,M.C.G.,Collingwood,Fremantle,Fremantle,Andrew Foster,8,3,6,2,0,0,2
2009,13,2009-06-27,M.C.G.,Collingwood,Fremantle,Fremantle,Antoni Grover,4,3,5,0,1,0,0
2009,13,2009-06-27,M.C.G.,Collingwood,Fremantle,Fremantle,Paul Hasleby,10,10,23,1,0,0,3
2009,13,2009-06-27,M.C.G.,Collingwood,Fremantle,Fremantle,Des Headland,12,7,0,3,1,0,2
2009,13,2009-06-27,M.C.G.,Collingwood,Fremantle,Fremantle,Stephen Hill,5,1,7,0,0,0,3
2009,13,2009-06-27,M.C.G.,Collingwood,Fremantle,Fremantle,Garrick Ibbotson,14,9,9,0,0,1,1
2009,13,2009-06-27,M.C.G.,Collingwood,Fremantle,Fremantle,Luke McPharlin,8,6,5,0,0,0,0
2009,13,2009-06-27,M.C.G.,Collingwood,Fremantle,Fremantle,David Mundy,5,5,14,0,1,0,2
2009,13,2009-06-27,M.C.G.,Collingwood,Fremantle,Fremantle,Matthew Pavlich,1,0,3,1,0,0,1
2009,13,2009-06-27,M.C.G.,Collingwood,Fremantle,Fremantle,Brett Peake,11,3,8,2,0,0,1
2009,13,2009-06-27,M.C.G.,Collingwood,Fremantle,Fremantle,Aaron Sandilands,13,8,12,1,1,44,0
2009,13,2009-06-27,M.C.G.,Collingwood,Fremantle,Fremantle,Byron Schammer,9,3,5,1,0,0,4
2009,13,2009-06-27,M.C.G.,Collingwood,Fremantle,Fremantle,Dean Solomon,9,5,3,0,0,0,4
2009,13,2009-06-27,M.C.G.,Collingwood,Fremantle,Fremantle,Nick Suban,6,1,5,0,0,0,1
2009,13,2009-06-27,M.C.G.,Collingwood,Fremantle,Fremantle,Chris Tarrant,4,3,8,0,0,0,1
2009,13,2009-06-27,M.C.G.,Collingwood,Fremantle,Fremantle,Scott Thornton,6,5,11,1,0,0,1
2009,13,2009-06-27,Football Park,Adelaide,Sydney,Adelaide,Nathan Bock,13,6,4,0,1,0,1
2009,13,2009-06-27,Football Park,Adelaide,Sydney,Adelaide,Patrick Dangerfield,7,2,5,0,1,0,1
2009,13,2009-06-27,Football Park,Adelaide,Sydney,Adelaide,Michael Doughty,13,8,9,0,0,0,2
2009,13,2009-06-27,Football Park,Adelaide,Sydney,Adelaide,Richard Douglas,3,3,9,0,1,0,4
2009,13,2009-06-27,Football Park,Adelaide,Sydney,Adelaide,Tyson Edwards,11,3,5,2,1,0,3
2009,13,2009-06-27,Football Park,Adelaide,Sydney,Adelaide,Graham Johncock,6,1,7,0,0,0,4
2009,13,2009-06-27,Football Park,Adelaide,Sydney,Adelaide,Chris Knights,9,6,10,0,2,0,5
2009,13,2009-06-27,Football Park,Adelaide,Sydney,Adelaide,David Mackay,6,3,13,0,0,0,3
2009,13,2009-06-27,Football Park,Adelaide,Sydney,Adelaide,Ivan Maric,1,1,1,0,0,20,0
2009,13,2009-06-27,Football Park,Adelaide,Sydney,Adelaide,Andrew McLeod,12,2,7,1,0,0,5
2009,13,2009-06-27,Football Park,Adelaide,Sydney,Adelaide,Brad Moran,7,6,11,0,0,14,2
2009,13,2009-06-27,Football Park,Adelaide,Sydney,Adelaide,Andy Otten,8,8,9,0,0,0,1
2009,13,2009-06-27,Football Park,Adelaide,Sydney,Adelaide,Jason Porplyzia,9,7,6,4,1,0,4
2009,13,2009-06-27,Football Park,Adelaide,Sydney,Adelaide,Ben Rutten,6,5,5,0,0,0,1
2009,13,2009-06-27,Football Park,Adelaide,Sydney,Adelaide,Robert Shirley,8,6,8,0,0,2,7
2009,13,2009-06-27,Football Park,Adelaide,Sydney,Adelaide,Scott Stevens,6,4,5,1,0,1,1
2009,13,2009-06-27,Football Park,Adelaide,Sydney,Adelaide,Brad Symes,8,1,9,0,0,4,1
2009,13,2009-06-27,Football Park,Adelaide,Sydney,Adelaide,Scott Thompson,9,2,13,0,0,0,4
2009,13,2009-06-27,Football Park,Adelaide,Sydney,Adelaide,Kurt Tippett,8,6,0,2,3,4,2
2009,13,2009-06-27,Football Park,Adelaide,Sydney,Adelaide,Nathan van Berlo,13,7,8,2,0,0,1
2009,13,2009-06-27,Football Park,Adelaide,Sydney,Adelaide,Bernie Vince,19,9,9,0,0,2,1
2009,13,2009-06-27,Football Park,Adelaide,Sydney,Adelaide,Taylor Walker,1,0,1,0,0,0,6
2009,13,2009-06-27,Football Park,Adelaide,Sydney,Sydney,Ed Barlow,10,8,5,0,2,0,0
2009,13,2009-06-27,Football Park,Adelaide,Sydney,Sydney,Paul Bevan,4,4,9,0,0,0,2
2009,13,2009-06-27,Football Park,Adelaide,Sydney,Sydney,Craig Bird,8,4,7,0,0,0,4
2009,13,2009-06-27,Football Park,Adelaide,Sydney,Sydney,Jude Bolton,9,2,10,0,0,0,9
2009,13,2009-06-27,Football Park,Adelaide,Sydney,Sydney,Ryan Brabazon,8,3,8,1,0,0,2
2009,13,2009-06-27,Football Park,Adelaide,Sydney,Sydney,Jared Crouch,7,7,7,1,0,0,4
2009,13,2009-06-27,Football Park,Adelaide,Sydney,Sydney,Adam Goodes,18,8,7,0,0,4,5
2009,13,2009-06-27,Football Park,Adelaide,Sydney,Sydney,Heath Grundy,12,5,6,0,0,0,5
2009,13,2009-06-27,Football Park,Adelaide,Sydney,Sydney,Barry Hall,11,8,3,4,2,1,2
2009,13,2009-06-27,Football Park,Adelaide,Sydney,Sydney,Kieren Jack,5,4,17,1,0,0,7
2009,13,2009-06-27,Football Park,Adelaide,Sydney,Sydney,Darren Jolly,7,7,8,0,0,19,1
2009,13,2009-06-27,Football Park,Adelaide,Sydney,Sydney,Brett Kirk,8,1,15,1,0,0,8
2009,13,2009-06-27,Football Park,Adelaide,Sydney,Sydney,Martin Mattner,14,8,16,1,0,0,5
2009,13,2009-06-27,Football Park,Adelaide,Sydney,Sydney,Ryan OKeefe,14,4,11,0,0,0,4
2009,13,2009-06-27,Football Park,Adelaide,Sydney,Sydney,Michael OLoughlin,9,6,6,0,2,0,1
2009,13,2009-06-27,Football Park,Adelaide,Sydney,Sydney,Ted Richards,7,7,16,0,0,0,3
2009,13,2009-06-27,Football Park,Adelaide,Sydney,Sydney,Lewis Roberts-Thomson,11,9,9,0,0,0,0
2009,13,2009-06-27,Football Park,Adelaide,Sydney,Sydney,Rhyce Shaw,20,6,9,1,0,0,5
2009,13,2009-06-27,Football Park,Adelaide,Sydney,Sydney,Nick Smith,6,2,7,0,0,0,1
2009,13,2009-06-27,Football Park,Adelaide,Sydney,Sydney,Kristin Thornton,4,3,1,0,0,0,3
2009,13,2009-06-27,Football Park,Adelaide,Sydney,Sydney,Patrick Veszpremi,3,2,1,0,1,0,1
2009,13,2009-06-27,Football Park,Adelaide,Sydney,Sydney,Jesse White,2,2,3,0,1,4,0
2009,13,2009-06-27,Gabba,Brisbane Lions,Melbourne,Brisbane Lions,Jed Adcock,14,8,12,0,0,0,4
2009,13,2009-06-27,Gabba,Brisbane Lions,Melbourne,Brisbane Lions,Simon Black,11,3,18,0,0,0,4
2009,13,2009-06-27,Gabba,Brisbane Lions,Melbourne,Brisbane Lions,Daniel Bradshaw,8,5,4,4,2,0,0
2009,13,2009-06-27,Gabba,Brisbane Lions,Melbourne,Brisbane Lions,Jared Brennan,18,10,8,0,4,3,2
2009,13,2009-06-27,Gabba,Brisbane Lions,Melbourne,Brisbane Lions,Jonathan Brown,14,8,4,5,1,0,1
2009,13,2009-06-27,Gabba,Brisbane Lions,Melbourne,Brisbane Lions,Mitch Clark,9,5,9,0,0,27,1
2009,13,2009-06-27,Gabba,Brisbane Lions,Melbourne,Brisbane Lions,Scott Harding,6,1,13,0,0,0,0
2009,13,2009-06-27,Gabba,Brisbane Lions,Melbourne,Brisbane Lions,Lachie Henderson,8,6,3,0,0,0,1
2009,13,2009-06-27,Gabba,Brisbane Lions,Melbourne,Brisbane Lions,Rhan Hooper,4,4,7,0,2,0,0
2009,13,2009-06-27,Gabba,Brisbane Lions,Melbourne,Brisbane Lions,Joel Macdonald,9,5,17,0,0,0,1
2009,13,2009-06-27,Gabba,Brisbane Lions,Melbourne,Brisbane Lions,Ashley McGrath,13,12,9,0,0,0,0
2009,13,2009-06-27,Gabba,Brisbane Lions,Melbourne,Brisbane Lions,Daniel Merrett,3,1,7,0,0,7,0
2009,13,2009-06-27,Gabba,Brisbane Lions,Melbourne,Brisbane Lions,Joel Patfull,3,2,11,0,0,0,0
2009,13,2009-06-27,Gabba,Brisbane Lions,Melbourne,Brisbane Lions,James Polkinghorne,8,6,1,2,1,0,0
2009,13,2009-06-27,Gabba,Brisbane Lions,Melbourne,Brisbane Lions,Luke Power,11,4,22,0,0,0,8
2009,13,2009-06-27,Gabba,Brisbane Lions,Melbourne,Brisbane Lions,Albert Proud,1,3,9,0,0,0,1
2009,13,2009-06-27,Gabba,Brisbane Lions,Melbourne,Brisbane Lions,Daniel Rich,12,2,8,2,1,0,1
2009,13,2009-06-27,Gabba,Brisbane Lions,Melbourne,Brisbane Lions,Michael Rischitelli,9,3,10,0,1,0,3
2009,13,2009-06-27,Gabba,Brisbane Lions,Melbourne,Brisbane Lions,Jason Roe,10,6,4,1,0,0,3
2009,13,2009-06-27,Gabba,Brisbane Lions,Melbourne,Brisbane Lions,Sam Sheldon,8,2,11,0,0,0,0
2009,13,2009-06-27,Gabba,Brisbane Lions,Melbourne,Brisbane Lions,Justin Sherman,8,1,5,1,1,0,1
2009,13,2009-06-27,Gabba,Brisbane Lions,Melbourne,Brisbane Lions,Cheynee Stiller,13,5,14,1,1,0,2
2009,13,2009-06-27,Gabba,Brisbane Lions,Melbourne,Melbourne,Jamie Bennell,7,7,7,0,0,0,3
2009,13,2009-06-27,Gabba,Brisbane Lions,Melbourne,Melbourne,Cameron Bruce,19,12,9,1,1,0,4
2009,13,2009-06-27,Gabba,Brisbane Lions,Melbourne,Melbourne,Aaron Davey,27,9,4,1,0,0,4
2009,13,2009-06-27,Gabba,Brisbane Lions,Melbourne,Melbourne,James Frawley,9,7,5,0,0,0,0
2009,13,2009-06-27,Gabba,Brisbane Lions,Melbourne,Melbourne,Brad Green,13,7,11,0,0,0,2
2009,13,2009-06-27,Gabba,Brisbane Lions,Melbourne,Melbourne,Jack Grimes,14,13,7,0,0,0,2
2009,13,2009-06-27,Gabba,Brisbane Lions,Melbourne,Melbourne,Neville Jetta,9,5,3,0,2,0,2
2009,13,2009-06-27,Gabba,Brisbane Lions,Melbourne,Melbourne,Paul Johnson,7,4,3,0,0,7,2
2009,13,2009-06-27,Gabba,Brisbane Lions,Melbourne,Melbourne,Nathan Jones,8,7,9,1,0,0,3
2009,13,2009-06-27,Gabba,Brisbane Lions,Melbourne,Melbourne,Liam Jurrah,6,5,2,1,1,2,1
2009,13,2009-06-27,Gabba,Brisbane Lions,Melbourne,Melbourne,Stefan Martin,4,7,10,0,0,9,1
2009,13,2009-06-27,Gabba,Brisbane Lions,Melbourne,Melbourne,Brock McLean,8,4,2,0,0,0,1
2009,13,2009-06-27,Gabba,Brisbane Lions,Melbourne,Melbourne,Brad Miller,5,5,5,0,0,0,0
2009,13,2009-06-27,Gabba,Brisbane Lions,Melbourne,Melbourne,Brent Moloney,9,4,7,0,0,0,5
2009,13,2009-06-27,Gabba,Brisbane Lions,Melbourne,Melbourne,Cale Morton,12,9,10,1,0,0,0
2009,13,2009-06-27,Gabba,Brisbane Lions,Melbourne,Melbourne,Ricky Petterd,4,4,6,0,1,0,2
2009,13,2009-06-27,Gabba,Brisbane Lions,Melbourne,Melbourne,Jared Rivers,7,7,4,0,0,0,4
2009,13,2009-06-27,Gabba,Brisbane Lions,Melbourne,Melbourne,Russell Robertson,5,5,0,1,2,1,2
2009,13,2009-06-27,Gabba,Brisbane Lions,Melbourne,Melbourne,Colin Sylvia,12,7,12,2,0,0,3
2009,13,2009-06-27,Gabba,Brisbane Lions,Melbourne,Melbourne,Matthew Warnock,5,5,5,0,0,0,0
2009,13,2009-06-27,Gabba,Brisbane Lions,Melbourne,Melbourne,Jack Watts,7,4,3,0,1,0,1
2009,13,2009-06-27,Gabba,Brisbane Lions,Melbourne,Melbourne,Matthew Whelan,6,4,7,0,0,0,2
2009,13,2009-06-27,Subiaco,West Coast,Hawthorn,West Coast,Mitch Brown,7,5,8,1,1,0,3
2009,13,2009-06-27,Subiaco,West Coast,Hawthorn,West Coast,Sam Butler,3,2,9,0,0,0,3
2009,13,2009-06-27,Subiaco,West Coast,Hawthorn,West Coast,Brad Ebert,8,2,16,1,0,0,5
2009,13,2009-06-27,Subiaco,West Coast,Hawthorn,West Coast,Andrew Embley,17,6,12,1,0,0,0
2009,13,2009-06-27,Subiaco,West Coast,Hawthorn,West Coast,Darren Glass,2,1,9,0,0,0,2
2009,13,2009-06-27,Subiaco,West Coast,Hawthorn,West Coast,Shannon Hurn,15,5,11,0,0,0,0
2009,13,2009-06-27,Subiaco,West Coast,Hawthorn,West Coast,Josh Kennedy,8,2,2,2,3,0,5
2009,13,2009-06-27,Subiaco,West Coast,Hawthorn,West Coast,Daniel Kerr,6,1,6,1,1,0,3
2009,13,2009-06-27,Subiaco,West Coast,Hawthorn,West Coast,Mark LeCras,9,4,4,4,1,0,5
2009,13,2009-06-27,Subiaco,West Coast,Hawthorn,West Coast,Quinten Lynch,14,3,12,0,0,23,0
2009,13,2009-06-27,Subiaco,West Coast,Hawthorn,West Coast,Eric Mackenzie,6,6,7,0,0,0,2
2009,13,2009-06-27,Subiaco,West Coast,Hawthorn,West Coast,Chris Masten,7,1,20,0,1,0,3
2009,13,2009-06-27,Subiaco,West Coast,Hawthorn,West Coast,Ben McKinley,6,4,2,1,1,0,4
2009,13,2009-06-27,Subiaco,West Coast,Hawthorn,West Coast,Nic Naitanui,3,0,5,3,0,14,3
2009,13,2009-06-27,Subiaco,West Coast,Hawthorn,West Coast,Matt Priddis,6,4,29,0,0,0,7
2009,13,2009-06-27,Subiaco,West Coast,Hawthorn,West Coast,Matt Rosa,12,3,18,0,0,0,2
2009,13,2009-06-27,Subiaco,West Coast,Hawthorn,West Coast,Adam Selwood,5,2,14,0,0,0,3
2009,13,2009-06-27,Subiaco,West Coast,Hawthorn,West Coast,Scott Selwood,7,2,8,0,1,1,9
2009,13,2009-06-27,Subiaco,West Coast,Hawthorn,West Coast,Matthew Spangher,9,3,6,0,0,0,4
2009,13,2009-06-27,Subiaco,West Coast,Hawthorn,West Coast,Tyson Stenglein,6,2,5,1,1,0,4
2009,13,2009-06-27,Subiaco,West Coast,Hawthorn,West Coast,Tom Swift,1,1,9,0,0,0,1
2009,13,2009-06-27,Subiaco,West Coast,Hawthorn,West Coast,David Wirrpanda,18,5,9,1,0,0,2
2009,13,2009-06-27,Subiaco,West Coast,Hawthorn,Hawthorn,Chance Bateman,15,5,14,0,0,1,3
2009,13,2009-06-27,Subiaco,West Coast,Hawthorn,Hawthorn,Grant Birchall,10,4,7,0,0,0,0
2009,13,2009-06-27,Subiaco,West Coast,Hawthorn,Hawthorn,Campbell Brown,13,9,6,1,2,0,2
2009,13,2009-06-27,Subiaco,West Coast,Hawthorn,Hawthorn,Robert Campbell,1,0,12,0,0,25,4
2009,13,2009-06-27,Subiaco,West Coast,Hawthorn,Hawthorn,Xavier Ellis,9,6,8,0,0,0,1
2009,13,2009-06-27,Subiaco,West Coast,Hawthorn,Hawthorn,Lance Franklin,6,1,5,4,0,0,1
2009,13,2009-06-27,Subiaco,West Coast,Hawthorn,Hawthorn,Brent Guerra,12,2,5,0,1,0,1
2009,13,2009-06-27,Subiaco,West Coast,Hawthorn,Hawthorn,Luke Hodge,11,2,20,0,0,1,2
2009,13,2009-06-27,Subiaco,West Coast,Hawthorn,Hawthorn,Rick Ladson,3,1,13,0,0,0,5
2009,13,2009-06-27,Subiaco,West Coast,Hawthorn,Hawthorn,Jordan Lewis,10,2,19,0,1,0,7
2009,13,2009-06-27,Subiaco,West Coast,Hawthorn,Hawthorn,Ben McGlynn,12,8,10,0,1,0,8
2009,13,2009-06-27,Subiaco,West Coast,Hawthorn,Hawthorn,Sam Mitchell,24,7,16,1,1,0,3
2009,13,2009-06-27,Subiaco,West Coast,Hawthorn,Hawthorn,Tom Murphy,3,3,9,0,0,0,1
2009,13,2009-06-27,Subiaco,West Coast,Hawthorn,Hawthorn,Beau Muston,3,0,8,0,0,0,4
2009,13,2009-06-27,Subiaco,West Coast,Hawthorn,Hawthorn,Michael Osborne,10,4,17,2,0,1,2
2009,13,2009-06-27,Subiaco,West Coast,Hawthorn,Hawthorn,Jarryd Roughead,14,4,3,5,1,1,4
2009,13,2009-06-27,Subiaco,West Coast,Hawthorn,Hawthorn,Ryan Schoenmakers,4,2,8,0,0,0,8
2009,13,2009-06-27,Subiaco,West Coast,Hawthorn,Hawthorn,Brad Sewell,12,5,20,0,0,0,6
2009,13,2009-06-27,Subiaco,West Coast,Hawthorn,Hawthorn,Cameron Stokes,1,2,4,0,0,0,0
2009,13,2009-06-27,Subiaco,West Coast,Hawthorn,Hawthorn,Simon Taylor,2,0,6,0,0,21,1
2009,13,2009-06-27,Subiaco,West Coast,Hawthorn,Hawthorn,Brendan Whitecross,8,4,10,0,0,0,2
2009,13,2009-06-27,Subiaco,West Coast,Hawthorn,Hawthorn,Mark Williams,3,0,2,0,0,0,2
2009,13,2009-06-28,Kardinia Park,Geelong,Port Adelaide,Geelong,Gary Ablett,21,7,15,2,3,0,5
2009,13,2009-06-28,Kardinia Park,Geelong,Port Adelaide,Geelong,Jimmy Bartel,10,6,10,2,0,0,3
2009,13,2009-06-28,Kardinia Park,Geelong,Port Adelaide,Geelong,Mark Blake,2,2,6,0,0,17,1
2009,13,2009-06-28,Kardinia Park,Geelong,Port Adelaide,Geelong,Shannon Byrnes,10,6,11,4,1,0,1
2009,13,2009-06-28,Kardinia Park,Geelong,Port Adelaide,Geelong,Paul Chapman,21,14,12,2,1,0,0
2009,13,2009-06-28,Kardinia Park,Geelong,Port Adelaide,Geelong,Joel Corey,17,7,17,1,0,3,1
2009,13,2009-06-28,Kardinia Park,Geelong,Port Adelaide,Geelong,Corey Enright,15,6,8,0,0,0,4
2009,13,2009-06-28,Kardinia Park,Geelong,Port Adelaide,Geelong,Tom Harley,9,10,9,0,0,0,1
2009,13,2009-06-28,Kardinia Park,Geelong,Port Adelaide,Geelong,Tom Hawkins,9,7,7,1,0,0,1
2009,13,2009-06-28,Kardinia Park,Geelong,Port Adelaide,Geelong,David Johnson,0,0,2,0,0,0,0
2009,13,2009-06-28,Kardinia Park,Geelong,Port Adelaide,Geelong,Steve Johnson,13,5,3,1,3,0,2
2009,13,2009-06-28,Kardinia Park,Geelong,Port Adelaide,Geelong,James Kelly,12,8,10,1,0,0,6
2009,13,2009-06-28,Kardinia Park,Geelong,Port Adelaide,Geelong,Cameron Ling,9,5,8,1,0,0,4
2009,13,2009-06-28,Kardinia Park,Geelong,Port Adelaide,Geelong,Andrew Mackie,10,6,13,0,0,0,1
2009,13,2009-06-28,Kardinia Park,Geelong,Port Adelaide,Geelong,Darren Milburn,21,7,8,1,0,0,4
2009,13,2009-06-28,Kardinia Park,Geelong,Port Adelaide,Geelong,Cameron Mooney,5,5,4,1,2,0,1
2009,13,2009-06-28,Kardinia Park,Geelong,Port Adelaide,Geelong,Shane Mumford,2,3,5,0,0,11,2
2009,13,2009-06-28,Kardinia Park,Geelong,Port Adelaide,Geelong,Max Rooke,3,1,6,0,0,0,4
2009,13,2009-06-28,Kardinia Park,Geelong,Port Adelaide,Geelong,Matthew Scarlett,13,11,13,0,0,0,1
2009,13,2009-06-28,Kardinia Park,Geelong,Port Adelaide,Geelong,Joel Selwood,5,3,13,0,0,0,3
2009,13,2009-06-28,Kardinia Park,Geelong,Port Adelaide,Geelong,Harry Taylor,12,6,8,0,0,0,2
2009,13,2009-06-28,Kardinia Park,Geelong,Port Adelaide,Geelong,Travis Varcoe,6,3,14,1,0,0,2
2009,13,2009-06-28,Kardinia Park,Geelong,Port Adelaide,Port Adelaide,Dean Brogan,4,3,8,0,0,15,4
2009,13,2009-06-28,Kardinia Park,Geelong,Port Adelaide,Port Adelaide,Peter Burgoyne,6,0,14,0,0,0,1
2009,13,2009-06-28,Kardinia Park,Geelong,Port Adelaide,Port Adelaide,Alipate Carlile,4,4,9,0,0,0,0
2009,13,2009-06-28,Kardinia Park,Geelong,Port Adelaide,Port Adelaide,Josh Carr,10,3,6,2,0,0,3
2009,13,2009-06-28,Kardinia Park,Geelong,Port Adelaide,Port Adelaide,Domenic Cassisi,5,3,10,0,0,0,4
2009,13,2009-06-28,Kardinia Park,Geelong,Port Adelaide,Port Adelaide,Troy Chaplin,10,5,6,0,0,0,2
2009,13,2009-06-28,Kardinia Park,Geelong,Port Adelaide,Port Adelaide,Kane Cornes,13,4,7,0,2,0,2
2009,13,2009-06-28,Kardinia Park,Geelong,Port Adelaide,Port Adelaide,Jason Davenport,10,7,11,2,0,0,3
2009,13,2009-06-28,Kardinia Park,Geelong,Port Adelaide,Port Adelaide,Brett Ebert,6,3,3,2,0,0,3
2009,13,2009-06-28,Kardinia Park,Geelong,Port Adelaide,Port Adelaide,Robbie Gray,7,3,7,1,1,0,0
2009,13,2009-06-28,Kardinia Park,Geelong,Port Adelaide,Port Adelaide,Nathan Krakouer,16,6,3,0,0,0,0
2009,13,2009-06-28,Kardinia Park,Geelong,Port Adelaide,Port Adelaide,Brendon Lade,5,2,3,0,0,13,1
2009,13,2009-06-28,Kardinia Park,Geelong,Port Adelaide,Port Adelaide,Tom Logan,5,3,5,2,1,0,2
2009,13,2009-06-28,Kardinia Park,Geelong,Port Adelaide,Port Adelaide,Nick Lower,6,1,6,0,0,0,1
2009,13,2009-06-28,Kardinia Park,Geelong,Port Adelaide,Port Adelaide,Danny Meyer,6,1,12,0,0,0,1
2009,13,2009-06-28,Kardinia Park,Geelong,Port Adelaide,Port Adelaide,Danyle Pearce,11,2,5,0,0,0,2
2009,13,2009-06-28,Kardinia Park,Geelong,Port Adelaide,Port Adelaide,Michael Pettigrew,6,1,7,0,0,0,2
2009,13,2009-06-28,Kardinia Park,Geelong,Port Adelaide,Port Adelaide,David Rodan,9,5,14,0,1,0,8
2009,13,2009-06-28,Kardinia Park,Geelong,Port Adelaide,Port Adelaide,Jacob Surjan,4,5,14,0,0,0,4
2009,13,2009-06-28,Kardinia Park,Geelong,Port Adelaide,Port Adelaide,Toby Thurstans,7,6,11,0,1,0,1
2009,13,2009-06-28,Kardinia Park,Geelong,Port Adelaide,Port Adelaide,Warren Tredrea,11,7,4,3,1,0,1
2009,13,2009-06-28,Kardinia Park,Geelong,Port Adelaide,Port Adelaide,Justin Westhoff,9,5,5,1,0,3,1
2009,13,2009-06-28,M.C.G.,North Melbourne,Western Bulldogs,North Melbourne,Liam Anthony,14,5,14,0,1,0,2
2009,13,2009-06-28,M.C.G.,North Melbourne,Western Bulldogs,North Melbourne,Michael Firrito,9,6,14,0,0,1,6
2009,13,2009-06-28,M.C.G.,North Melbourne,Western Bulldogs,North Melbourne,Cruize Garlett,5,1,4,1,1,0,5
2009,13,2009-06-28,M.C.G.,North Melbourne,Western Bulldogs,North Melbourne,Josh Gibson,12,6,11,0,0,0,2
2009,13,2009-06-28,M.C.G.,North Melbourne,Western Bulldogs,North Melbourne,Nathan Grima,9,4,9,0,0,0,1
2009,13,2009-06-28,M.C.G.,North Melbourne,Western Bulldogs,North Melbourne,David Hale,6,5,1,1,0,5,5
2009,13,2009-06-28,M.C.G.,North Melbourne,Western Bulldogs,North Melbourne,Lachlan Hansen,7,5,4,1,2,0,0
2009,13,2009-06-28,M.C.G.,North Melbourne,Western Bulldogs,North Melbourne,Leigh Harding,12,4,7,3,0,0,6
2009,13,2009-06-28,M.C.G.,North Melbourne,Western Bulldogs,North Melbourne,Daniel Harris,6,2,9,0,0,0,4
2009,13,2009-06-28,M.C.G.,North Melbourne,Western Bulldogs,North Melbourne,Brent Harvey,16,8,12,0,3,0,1
2009,13,2009-06-28,M.C.G.,North Melbourne,Western Bulldogs,North Melbourne,Corey Jones,8,5,4,1,3,0,1
2009,13,2009-06-28,M.C.G.,North Melbourne,Western Bulldogs,North Melbourne,Hamish McIntosh,7,7,14,1,0,20,1
2009,13,2009-06-28,M.C.G.,North Melbourne,Western Bulldogs,North Melbourne,Scott McMahon,11,4,4,0,0,0,3
2009,13,2009-06-28,M.C.G.,North Melbourne,Western Bulldogs,North Melbourne,Drew Petrie,11,8,7,3,0,0,4
2009,13,2009-06-28,M.C.G.,North Melbourne,Western Bulldogs,North Melbourne,Daniel Pratt,7,0,10,0,0,0,0
2009,13,2009-06-28,M.C.G.,North Melbourne,Western Bulldogs,North Melbourne,Brady Rawlings,6,4,16,0,0,0,0
2009,13,2009-06-28,M.C.G.,North Melbourne,Western Bulldogs,North Melbourne,Ben Ross,12,4,13,0,2,0,1
2009,13,2009-06-28,M.C.G.,North Melbourne,Western Bulldogs,North Melbourne,Adam Simpson,8,6,9,0,0,2,7
2009,13,2009-06-28,M.C.G.,North Melbourne,Western Bulldogs,North Melbourne,Andrew Swallow,11,4,13,1,1,0,7
2009,13,2009-06-28,M.C.G.,North Melbourne,Western Bulldogs,North Melbourne,Scott Thompson,6,5,9,0,0,0,2
2009,13,2009-06-28,M.C.G.,North Melbourne,Western Bulldogs,North Melbourne,Gavin Urquhart,8,1,5,0,1,0,1
2009,13,2009-06-28,M.C.G.,North Melbourne,Western Bulldogs,North Melbourne,Ben Warren,0,0,0,0,0,0,0
2009,13,2009-06-28,M.C.G.,North Melbourne,Western Bulldogs,Western Bulldogs,Jason Akermanis,10,6,9,2,0,0,4
2009,13,2009-06-28,M.C.G.,North Melbourne,Western Bulldogs,Western Bulldogs,Matthew Boyd,12,2,14,0,0,0,3
2009,13,2009-06-28,M.C.G.,North Melbourne,Western Bulldogs,Western Bulldogs,Adam Cooney,13,5,14,0,0,0,2
2009,13,2009-06-28,M.C.G.,North Melbourne,Western Bulldogs,Western Bulldogs,Daniel Cross,9,7,16,1,1,1,6
2009,13,2009-06-28,M.C.G.,North Melbourne,Western Bulldogs,Western Bulldogs,Nathan Eagleton,12,3,11,2,1,0,2
2009,13,2009-06-28,M.C.G.,North Melbourne,Western Bulldogs,Western Bulldogs,Daniel Giansiracusa,10,5,10,3,0,0,2
2009,13,2009-06-28,M.C.G.,North Melbourne,Western Bulldogs,Western Bulldogs,Lindsay Gilbee,11,4,3,1,0,0,1
2009,13,2009-06-28,M.C.G.,North Melbourne,Western Bulldogs,Western Bulldogs,Ryan Griffen,19,3,5,0,0,0,4
2009,13,2009-06-28,M.C.G.,North Melbourne,Western Bulldogs,Western Bulldogs,Mitch Hahn,10,5,5,1,0,0,0
2009,13,2009-06-28,M.C.G.,North Melbourne,Western Bulldogs,Western Bulldogs,Jarrod Harbrow,13,2,7,0,0,0,1
2009,13,2009-06-28,M.C.G.,North Melbourne,Western Bulldogs,Western Bulldogs,Ryan Hargrave,23,5,6,0,0,0,3
2009,13,2009-06-28,M.C.G.,North Melbourne,Western Bulldogs,Western Bulldogs,Shaun Higgins,7,3,12,2,0,1,2
2009,13,2009-06-28,M.C.G.,North Melbourne,Western Bulldogs,Western Bulldogs,Josh Hill,6,5,4,2,0,0,4
2009,13,2009-06-28,M.C.G.,North Melbourne,Western Bulldogs,Western Bulldogs,Ben Hudson,1,4,12,0,0,14,4
2009,13,2009-06-28,M.C.G.,North Melbourne,Western Bulldogs,Western Bulldogs,Brad Johnson,17,9,10,0,0,0,6
2009,13,2009-06-28,M.C.G.,North Melbourne,Western Bulldogs,Western Bulldogs,Brian Lake,10,8,12,0,0,1,1
2009,13,2009-06-28,M.C.G.,North Melbourne,Western Bulldogs,Western Bulldogs,Will Minson,9,7,9,0,0,15,4
2009,13,2009-06-28,M.C.G.,North Melbourne,Western Bulldogs,Western Bulldogs,Dale Morris,4,8,10,0,0,0,3
2009,13,2009-06-28,M.C.G.,North Melbourne,Western Bulldogs,Western Bulldogs,Robert Murphy,16,10,7,0,0,0,2
2009,13,2009-06-28,M.C.G.,North Melbourne,Western Bulldogs,Western Bulldogs,Liam Picken,5,4,10,0,0,0,3
2009,13,2009-06-28,M.C.G.,North Melbourne,Western Bulldogs,Western Bulldogs,Callan Ward,8,3,7,1,0,0,5
2009,13,2009-06-28,M.C.G.,North Melbourne,Western Bulldogs,Western Bulldogs,Scott Welsh,11,6,6,2,1,0,3
2009,13,2009-06-28,Docklands,St Kilda,Richmond,St Kilda,Steven Baker,4,3,12,0,0,0,7
2009,13,2009-06-28,Docklands,St Kilda,Richmond,St Kilda,Luke Ball,14,4,11,1,1,0,6
2009,13,2009-06-28,Docklands,St Kilda,Richmond,St Kilda,Jason Blake,4,5,11,0,0,0,0
2009,13,2009-06-28,Docklands,St Kilda,Richmond,St Kilda,Nick Dal Santo,14,3,12,1,0,1,4
2009,13,2009-06-28,Docklands,St Kilda,Richmond,St Kilda,Zac Dawson,9,11,6,0,1,0,1
2009,13,2009-06-28,Docklands,St Kilda,Richmond,St Kilda,Sam Fisher,8,3,10,0,0,0,0
2009,13,2009-06-28,Docklands,St Kilda,Richmond,St Kilda,Michael Gardiner,2,2,3,0,1,21,0
2009,13,2009-06-28,Docklands,St Kilda,Richmond,St Kilda,Jarryn Geary,10,9,12,1,0,0,6
2009,13,2009-06-28,Docklands,St Kilda,Richmond,St Kilda,Sam Gilbert,13,9,5,0,0,0,5
2009,13,2009-06-28,Docklands,St Kilda,Richmond,St Kilda,Brendon Goddard,20,7,15,1,2,0,2
2009,13,2009-06-28,Docklands,St Kilda,Richmond,St Kilda,Jason Gram,22,9,12,0,2,0,1
2009,13,2009-06-28,Docklands,St Kilda,Richmond,St Kilda,Lenny Hayes,13,5,11,0,0,3,8
2009,13,2009-06-28,Docklands,St Kilda,Richmond,St Kilda,Max Hudghton,2,2,3,0,0,0,0
2009,13,2009-06-28,Docklands,St Kilda,Richmond,St Kilda,Clinton Jones,2,0,12,0,0,0,5
2009,13,2009-06-28,Docklands,St Kilda,Richmond,St Kilda,Justin Koschitzke,9,8,1,5,1,0,1
2009,13,2009-06-28,Docklands,St Kilda,Richmond,St Kilda,Ben McEvoy,4,2,2,0,0,17,3
2009,13,2009-06-28,Docklands,St Kilda,Richmond,St Kilda,Andrew McQualter,3,1,5,1,0,0,6
2009,13,2009-06-28,Docklands,St Kilda,Richmond,St Kilda,Stephen Milne,9,5,5,0,0,0,2
2009,13,2009-06-28,Docklands,St Kilda,Richmond,St Kilda,Leigh Montagna,7,1,13,0,0,0,9
2009,13,2009-06-28,Docklands,St Kilda,Richmond,St Kilda,Farren Ray,5,2,10,0,0,0,5
2009,13,2009-06-28,Docklands,St Kilda,Richmond,St Kilda,Nick Riewoldt,11,8,6,2,2,0,2
2009,13,2009-06-28,Docklands,St Kilda,Richmond,St Kilda,Adam Schneider,11,10,5,1,1,0,4
2009,13,2009-06-28,Docklands,St Kilda,Richmond,Richmond,Trent Cotchin,5,1,6,0,0,0,1
2009,13,2009-06-28,Docklands,St Kilda,Richmond,Richmond,Ben Cousins,6,2,9,1,0,0,7
2009,13,2009-06-28,Docklands,St Kilda,Richmond,Richmond,Brett Deledio,7,7,14,0,1,0,4
2009,13,2009-06-28,Docklands,St Kilda,Richmond,Richmond,Shane Edwards,5,0,6,0,0,0,2
2009,13,2009-06-28,Docklands,St Kilda,Richmond,Richmond,Nathan Foley,11,4,19,0,0,0,1
2009,13,2009-06-28,Docklands,St Kilda,Richmond,Richmond,Angus Graham,4,3,2,0,0,20,5
2009,13,2009-06-28,Docklands,St Kilda,Richmond,Richmond,Tom Hislop,6,5,4,1,0,0,4
2009,13,2009-06-28,Docklands,St Kilda,Richmond,Richmond,Daniel Jackson,15,4,12,0,1,0,7
2009,13,2009-06-28,Docklands,St Kilda,Richmond,Richmond,Luke McGuane,6,5,4,0,0,0,0
2009,13,2009-06-28,Docklands,St Kilda,Richmond,Richmond,Kelvin Moore,10,3,8,0,0,0,3
2009,13,2009-06-28,Docklands,St Kilda,Richmond,Richmond,Mitch Morton,7,4,7,2,0,0,3
2009,13,2009-06-28,Docklands,St Kilda,Richmond,Richmond,Robin Nahas,4,4,11,0,0,0,5
2009,13,2009-06-28,Docklands,St Kilda,Richmond,Richmond,Chris Newman,15,3,9,0,0,0,2
2009,13,2009-06-28,Docklands,St Kilda,Richmond,Richmond,Jarrad Oakley-Nicholls,2,1,2,0,0,0,0
2009,13,2009-06-28,Docklands,St Kilda,Richmond,Richmond,Dean Polo,12,9,13,0,0,0,1
2009,13,2009-06-28,Docklands,St Kilda,Richmond,Richmond,Alex Rance,3,3,10,0,0,0,1
2009,13,2009-06-28,Docklands,St Kilda,Richmond,Richmond,Jack Riewoldt,11,7,4,1,4,0,4
2009,13,2009-06-28,Docklands,St Kilda,Richmond,Richmond,Jarrod Silvester,11,7,7,0,0,0,0
2009,13,2009-06-28,Docklands,St Kilda,Richmond,Richmond,Richard Tambling,15,8,10,0,0,0,0
2009,13,2009-06-28,Docklands,St Kilda,Richmond,Richmond,Will Thursfield,4,5,4,0,0,0,1
2009,13,2009-06-28,Docklands,St Kilda,Richmond,Richmond,Shane Tuck,11,6,22,0,0,1,6
2009,13,2009-06-28,Docklands,St Kilda,Richmond,Richmond,Ty Vickery,1,1,2,0,0,8,3
2009,14,2009-07-03,M.C.G.,Collingwood,Essendon,Collingwood,John Anthony,4,3,4,1,2,0,3
2009,14,2009-07-03,M.C.G.,Collingwood,Essendon,Collingwood,Dayne Beams,15,8,10,2,0,0,2
2009,14,2009-07-03,M.C.G.,Collingwood,Essendon,Collingwood,Leigh Brown,3,2,1,0,1,6,8
2009,14,2009-07-03,M.C.G.,Collingwood,Essendon,Collingwood,Nathan Brown,4,2,5,0,0,0,1
2009,14,2009-07-03,M.C.G.,Collingwood,Essendon,Collingwood,Travis Cloke,15,9,4,4,2,2,4
2009,14,2009-07-03,M.C.G.,Collingwood,Essendon,Collingwood,Leon Davis,11,6,3,1,1,0,3
2009,14,2009-07-03,M.C.G.,Collingwood,Essendon,Collingwood,Brad Dick,10,2,7,1,1,0,2
2009,14,2009-07-03,M.C.G.,Collingwood,Essendon,Collingwood,Alan Didak,24,8,12,0,0,0,0
2009,14,2009-07-03,M.C.G.,Collingwood,Essendon,Collingwood,Josh Fraser,16,7,7,1,1,35,2
2009,14,2009-07-03,M.C.G.,Collingwood,Essendon,Collingwood,Tyson Goldsack,7,2,7,0,0,0,1
2009,14,2009-07-03,M.C.G.,Collingwood,Essendon,Collingwood,Tarkyn Lockyer,9,5,6,1,1,0,2
2009,14,2009-07-03,M.C.G.,Collingwood,Essendon,Collingwood,Heritier Lumumba,7,4,10,0,0,0,1
2009,14,2009-07-03,M.C.G.,Collingwood,Essendon,Collingwood,Nick Maxwell,12,7,5,0,1,2,4
2009,14,2009-07-03,M.C.G.,Collingwood,Essendon,Collingwood,Paul Medhurst,4,3,5,1,0,0,2
2009,14,2009-07-03,M.C.G.,Collingwood,Essendon,Collingwood,Shane OBree,5,0,9,0,0,0,4
2009,14,2009-07-03,M.C.G.,Collingwood,Essendon,Collingwood,Scott Pendlebury,9,2,11,0,0,0,2
2009,14,2009-07-03,M.C.G.,Collingwood,Essendon,Collingwood,Simon Prestigiacomo,2,1,1,0,0,0,3
2009,14,2009-07-03,M.C.G.,Collingwood,Essendon,Collingwood,Heath Shaw,8,6,5,0,0,0,2
2009,14,2009-07-03,M.C.G.,Collingwood,Essendon,Collingwood,Dane Swan,18,4,12,1,2,0,2
2009,14,2009-07-03,M.C.G.,Collingwood,Essendon,Collingwood,Dale Thomas,8,5,12,2,0,0,2
2009,14,2009-07-03,M.C.G.,Collingwood,Essendon,Collingwood,Alan Toovey,6,3,9,0,0,0,4
2009,14,2009-07-03,M.C.G.,Collingwood,Essendon,Collingwood,Sharrod Wellingham,7,4,13,0,0,0,5
2009,14,2009-07-03,M.C.G.,Collingwood,Essendon,Essendon,Alwyn Davey,4,2,7,1,0,0,2
2009,14,2009-07-03,M.C.G.,Collingwood,Essendon,Essendon,Courtenay Dempsey,10,4,12,0,0,0,3
2009,14,2009-07-03,M.C.G.,Collingwood,Essendon,Essendon,Ricky Dyson,10,3,11,0,0,0,2
2009,14,2009-07-03,M.C.G.,Collingwood,Essendon,Essendon,Dustin Fletcher,15,7,3,0,1,0,3
2009,14,2009-07-03,M.C.G.,Collingwood,Essendon,Essendon,Heath Hocking,7,3,9,0,0,0,1
2009,14,2009-07-03,M.C.G.,Collingwood,Essendon,Essendon,Cale Hooker,4,6,10,0,0,4,3
2009,14,2009-07-03,M.C.G.,Collingwood,Essendon,Essendon,Matthew Lloyd,7,9,6,2,1,0,3
2009,14,2009-07-03,M.C.G.,Collingwood,Essendon,Essendon,Sam Lonergan,5,4,11,0,1,0,4
2009,14,2009-07-03,M.C.G.,Collingwood,Essendon,Essendon,Nathan Lovett-Murray,11,6,2,0,1,0,3
2009,14,2009-07-03,M.C.G.,Collingwood,Essendon,Essendon,Andrew Lovett,18,4,6,1,0,0,2
2009,14,2009-07-03,M.C.G.,Collingwood,Essendon,Essendon,Scott Lucas,13,9,5,3,1,0,1
2009,14,2009-07-03,M.C.G.,Collingwood,Essendon,Essendon,Adam McPhee,12,6,17,0,0,0,1
2009,14,2009-07-03,M.C.G.,Collingwood,Essendon,Essendon,Angus Monfries,7,5,3,1,1,0,2
2009,14,2009-07-03,M.C.G.,Collingwood,Essendon,Essendon,Tayte Pears,4,3,12,0,0,0,1
2009,14,2009-07-03,M.C.G.,Collingwood,Essendon,Essendon,Brent Prismall,19,5,9,0,0,0,5
2009,14,2009-07-03,M.C.G.,Collingwood,Essendon,Essendon,Kyle Reimers,11,4,7,1,2,0,3
2009,14,2009-07-03,M.C.G.,Collingwood,Essendon,Essendon,Paddy Ryder,4,3,6,0,0,15,1
2009,14,2009-07-03,M.C.G.,Collingwood,Essendon,Essendon,Hayden Skipworth,8,6,8,0,0,0,1
2009,14,2009-07-03,M.C.G.,Collingwood,Essendon,Essendon,Henry Slattery,8,5,8,0,0,0,6
2009,14,2009-07-03,M.C.G.,Collingwood,Essendon,Essendon,Brent Stanton,16,5,11,0,2,0,1
2009,14,2009-07-03,M.C.G.,Collingwood,Essendon,Essendon,Andrew Welsh,5,4,11,0,1,0,3
2009,14,2009-07-03,M.C.G.,Collingwood,Essendon,Essendon,Jason Winderlich,10,11,10,0,0,1,3
2009,14,2009-07-04,M.C.G.,Melbourne,West Coast,Melbourne,Matthew Bate,11,5,3,2,1,1,7
2009,14,2009-07-04,M.C.G.,Melbourne,West Coast,Melbourne,Jamie Bennell,7,5,8,0,0,0,3
2009,14,2009-07-04,M.C.G.,Melbourne,West Coast,Melbourne,Cameron Bruce,12,5,16,0,0,0,4
2009,14,2009-07-04,M.C.G.,Melbourne,West Coast,Melbourne,Aaron Davey,12,2,3,1,0,0,4
2009,14,2009-07-04,M.C.G.,Melbourne,West Coast,Melbourne,James Frawley,13,7,4,0,0,0,4
2009,14,2009-07-04,M.C.G.,Melbourne,West Coast,Melbourne,Brad Green,15,6,5,2,1,0,4
2009,14,2009-07-04,M.C.G.,Melbourne,West Coast,Melbourne,Jack Grimes,17,16,12,0,0,0,5
2009,14,2009-07-04,M.C.G.,Melbourne,West Coast,Melbourne,Mark Jamar,1,4,6,1,0,29,5
2009,14,2009-07-04,M.C.G.,Melbourne,West Coast,Melbourne,Neville Jetta,4,3,3,0,0,0,6
2009,14,2009-07-04,M.C.G.,Melbourne,West Coast,Melbourne,Nathan Jones,8,6,13,1,0,0,5
2009,14,2009-07-04,M.C.G.,Melbourne,West Coast,Melbourne,Liam Jurrah,4,4,4,2,2,0,2
2009,14,2009-07-04,M.C.G.,Melbourne,West Coast,Melbourne,Stefan Martin,5,3,4,1,1,10,1
2009,14,2009-07-04,M.C.G.,Melbourne,West Coast,Melbourne,James McDonald,9,4,9,0,0,0,6
2009,14,2009-07-04,M.C.G.,Melbourne,West Coast,Melbourne,Brock McLean,16,7,12,0,0,0,5
2009,14,2009-07-04,M.C.G.,Melbourne,West Coast,Melbourne,Brent Moloney,14,4,13,0,0,0,7
2009,14,2009-07-04,M.C.G.,Melbourne,West Coast,Melbourne,Cale Morton,7,3,7,0,1,1,4
2009,14,2009-07-04,M.C.G.,Melbourne,West Coast,Melbourne,Ricky Petterd,8,5,6,2,1,2,1
2009,14,2009-07-04,M.C.G.,Melbourne,West Coast,Melbourne,Jared Rivers,13,9,4,0,0,0,5
2009,14,2009-07-04,M.C.G.,Melbourne,West Coast,Melbourne,Russell Robertson,10,6,2,4,2,0,2
2009,14,2009-07-04,M.C.G.,Melbourne,West Coast,Melbourne,Colin Sylvia,13,6,6,1,1,2,4
2009,14,2009-07-04,M.C.G.,Melbourne,West Coast,Melbourne,Matthew Warnock,4,3,6,0,0,0,1
2009,14,2009-07-04,M.C.G.,Melbourne,West Coast,Melbourne,Paul Wheatley,10,7,8,0,0,0,4
2009,14,2009-07-04,M.C.G.,Melbourne,West Coast,West Coast,Mitch Brown,9,4,12,0,0,0,3
2009,14,2009-07-04,M.C.G.,Melbourne,West Coast,West Coast,Sam Butler,8,1,8,1,0,0,1
2009,14,2009-07-04,M.C.G.,Melbourne,West Coast,West Coast,Adam Cockie,2,1,12,0,1,0,11
2009,14,2009-07-04,M.C.G.,Melbourne,West Coast,West Coast,Brad Ebert,6,1,7,0,1,0,7
2009,14,2009-07-04,M.C.G.,Melbourne,West Coast,West Coast,Andrew Embley,19,5,6,0,0,3,2
2009,14,2009-07-04,M.C.G.,Melbourne,West Coast,West Coast,Chad Fletcher,8,1,12,0,1,0,2
2009,14,2009-07-04,M.C.G.,Melbourne,West Coast,West Coast,Darren Glass,2,5,18,0,0,0,6
2009,14,2009-07-04,M.C.G.,Melbourne,West Coast,West Coast,Shannon Hurn,17,4,11,0,0,0,0
2009,14,2009-07-04,M.C.G.,Melbourne,West Coast,West Coast,Brett Jones,1,0,1,0,0,0,0
2009,14,2009-07-04,M.C.G.,Melbourne,West Coast,West Coast,Josh Kennedy,8,7,1,4,0,1,4
2009,14,2009-07-04,M.C.G.,Melbourne,West Coast,West Coast,Mark LeCras,10,2,7,3,0,0,4
2009,14,2009-07-04,M.C.G.,Melbourne,West Coast,West Coast,Quinten Lynch,16,6,10,0,1,13,6
2009,14,2009-07-04,M.C.G.,Melbourne,West Coast,West Coast,Chris Masten,10,0,12,1,1,0,4
2009,14,2009-07-04,M.C.G.,Melbourne,West Coast,West Coast,Ben McKinley,9,5,5,0,3,0,2
2009,14,2009-07-04,M.C.G.,Melbourne,West Coast,West Coast,Nic Naitanui,0,1,8,0,0,5,5
2009,14,2009-07-04,M.C.G.,Melbourne,West Coast,West Coast,Matt Priddis,7,1,20,0,0,1,2
2009,14,2009-07-04,M.C.G.,Melbourne,West Coast,West Coast,Matt Rosa,7,7,15,0,1,0,0
2009,14,2009-07-04,M.C.G.,Melbourne,West Coast,West Coast,Adam Selwood,5,4,13,2,0,0,2
2009,14,2009-07-04,M.C.G.,Melbourne,West Coast,West Coast,Scott Selwood,1,1,12,0,0,0,5
2009,14,2009-07-04,M.C.G.,Melbourne,West Coast,West Coast,Matthew Spangher,8,3,6,1,0,1,3
2009,14,2009-07-04,M.C.G.,Melbourne,West Coast,West Coast,Tyson Stenglein,7,0,13,0,0,0,2
2009,14,2009-07-04,M.C.G.,Melbourne,West Coast,West Coast,David Wirrpanda,9,1,3,1,0,0,1
2009,14,2009-07-04,Football Park,Port Adelaide,Brisbane Lions,Port Adelaide,Dean Brogan,7,4,8,1,0,24,1
2009,14,2009-07-04,Football Park,Port Adelaide,Brisbane Lions,Port Adelaide,Peter Burgoyne,12,3,16,0,0,0,2
2009,14,2009-07-04,Football Park,Port Adelaide,Brisbane Lions,Port Adelaide,Alipate Carlile,6,5,10,0,0,0,0
2009,14,2009-07-04,Football Park,Port Adelaide,Brisbane Lions,Port Adelaide,Josh Carr,9,3,10,0,1,1,3
2009,14,2009-07-04,Football Park,Port Adelaide,Brisbane Lions,Port Adelaide,Domenic Cassisi,8,5,17,0,0,0,5
2009,14,2009-07-04,Football Park,Port Adelaide,Brisbane Lions,Port Adelaide,Troy Chaplin,17,15,9,0,0,0,1
2009,14,2009-07-04,Football Park,Port Adelaide,Brisbane Lions,Port Adelaide,Kane Cornes,13,3,10,1,1,0,2
2009,14,2009-07-04,Football Park,Port Adelaide,Brisbane Lions,Port Adelaide,Jason Davenport,9,7,8,0,1,0,1
2009,14,2009-07-04,Football Park,Port Adelaide,Brisbane Lions,Port Adelaide,Brett Ebert,13,11,4,4,1,0,2
2009,14,2009-07-04,Football Park,Port Adelaide,Brisbane Lions,Port Adelaide,Robbie Gray,11,6,7,3,3,0,2
2009,14,2009-07-04,Football Park,Port Adelaide,Brisbane Lions,Port Adelaide,Nathan Krakouer,14,7,11,1,1,0,1
2009,14,2009-07-04,Football Park,Port Adelaide,Brisbane Lions,Port Adelaide,Brendon Lade,6,7,6,1,0,11,3
2009,14,2009-07-04,Football Park,Port Adelaide,Brisbane Lions,Port Adelaide,Tom Logan,10,6,3,1,1,0,2
2009,14,2009-07-04,Football Park,Port Adelaide,Brisbane Lions,Port Adelaide,Danny Meyer,6,2,3,0,0,0,1
2009,14,2009-07-04,Football Park,Port Adelaide,Brisbane Lions,Port Adelaide,Danyle Pearce,13,4,22,1,1,0,1
2009,14,2009-07-04,Football Park,Port Adelaide,Brisbane Lions,Port Adelaide,David Rodan,10,3,20,0,0,0,2
2009,14,2009-07-04,Football Park,Port Adelaide,Brisbane Lions,Port Adelaide,Steven Salopek,15,7,8,1,0,0,2
2009,14,2009-07-04,Football Park,Port Adelaide,Brisbane Lions,Port Adelaide,Paul Stewart,8,5,6,0,0,0,2
2009,14,2009-07-04,Football Park,Port Adelaide,Brisbane Lions,Port Adelaide,Jacob Surjan,8,6,11,0,0,0,3
2009,14,2009-07-04,Football Park,Port Adelaide,Brisbane Lions,Port Adelaide,Toby Thurstans,5,4,5,0,0,0,2
2009,14,2009-07-04,Football Park,Port Adelaide,Brisbane Lions,Port Adelaide,Warren Tredrea,11,6,5,2,3,0,3
2009,14,2009-07-04,Football Park,Port Adelaide,Brisbane Lions,Port Adelaide,Justin Westhoff,10,5,3,3,1,0,2
2009,14,2009-07-04,Football Park,Port Adelaide,Brisbane Lions,Brisbane Lions,Jed Adcock,10,2,19,0,0,0,8
2009,14,2009-07-04,Football Park,Port Adelaide,Brisbane Lions,Brisbane Lions,Simon Black,7,1,11,1,1,1,4
2009,14,2009-07-04,Football Park,Port Adelaide,Brisbane Lions,Brisbane Lions,Daniel Bradshaw,7,7,3,2,0,0,1
2009,14,2009-07-04,Football Park,Port Adelaide,Brisbane Lions,Brisbane Lions,Jared Brennan,6,6,9,0,0,3,4
2009,14,2009-07-04,Football Park,Port Adelaide,Brisbane Lions,Brisbane Lions,Jonathan Brown,8,5,2,2,3,0,0
2009,14,2009-07-04,Football Park,Port Adelaide,Brisbane Lions,Brisbane Lions,Mitch Clark,7,6,13,0,1,19,6
2009,14,2009-07-04,Football Park,Port Adelaide,Brisbane Lions,Brisbane Lions,Scott Harding,6,2,3,0,1,0,2
2009,14,2009-07-04,Football Park,Port Adelaide,Brisbane Lions,Brisbane Lions,Lachie Henderson,4,4,5,0,0,0,0
2009,14,2009-07-04,Football Park,Port Adelaide,Brisbane Lions,Brisbane Lions,Rhan Hooper,3,1,3,1,0,0,4
2009,14,2009-07-04,Football Park,Port Adelaide,Brisbane Lions,Brisbane Lions,Travis Johnstone,10,5,10,1,0,0,0
2009,14,2009-07-04,Football Park,Port Adelaide,Brisbane Lions,Brisbane Lions,Joel Macdonald,10,3,11,0,0,0,1
2009,14,2009-07-04,Football Park,Port Adelaide,Brisbane Lions,Brisbane Lions,Ashley McGrath,19,8,3,0,1,0,2
2009,14,2009-07-04,Football Park,Port Adelaide,Brisbane Lions,Brisbane Lions,Daniel Merrett,1,2,10,0,0,1,3
2009,14,2009-07-04,Football Park,Port Adelaide,Brisbane Lions,Brisbane Lions,Joel Patfull,4,1,10,0,0,0,4
2009,14,2009-07-04,Football Park,Port Adelaide,Brisbane Lions,Brisbane Lions,James Polkinghorne,7,8,5,0,1,0,4
2009,14,2009-07-04,Football Park,Port Adelaide,Brisbane Lions,Brisbane Lions,Luke Power,10,5,15,0,1,0,1
2009,14,2009-07-04,Football Park,Port Adelaide,Brisbane Lions,Brisbane Lions,Albert Proud,5,2,8,2,0,0,2
2009,14,2009-07-04,Football Park,Port Adelaide,Brisbane Lions,Brisbane Lions,Daniel Rich,6,3,6,1,1,0,2
2009,14,2009-07-04,Football Park,Port Adelaide,Brisbane Lions,Brisbane Lions,Michael Rischitelli,7,5,13,0,2,0,2
2009,14,2009-07-04,Football Park,Port Adelaide,Brisbane Lions,Brisbane Lions,Sam Sheldon,5,0,9,0,0,0,0
2009,14,2009-07-04,Football Park,Port Adelaide,Brisbane Lions,Brisbane Lions,Justin Sherman,10,3,16,1,1,0,3
2009,14,2009-07-04,Football Park,Port Adelaide,Brisbane Lions,Brisbane Lions,Cheynee Stiller,7,1,7,0,0,0,2
2009,14,2009-07-04,Carrara,Richmond,Adelaide,Richmond,Andrew Collins,2,0,9,0,0,0,2
2009,14,2009-07-04,Carrara,Richmond,Adelaide,Richmond,Trent Cotchin,4,4,15,0,0,1,2
2009,14,2009-07-04,Carrara,Richmond,Adelaide,Richmond,Ben Cousins,10,2,20,0,0,0,4
2009,14,2009-07-04,Carrara,Richmond,Adelaide,Richmond,Brett Deledio,10,2,21,1,1,1,3
2009,14,2009-07-04,Carrara,Richmond,Adelaide,Richmond,Shane Edwards,3,1,12,0,0,0,0
2009,14,2009-07-04,Carrara,Richmond,Adelaide,Richmond,Nathan Foley,2,1,5,0,0,0,1
2009,14,2009-07-04,Carrara,Richmond,Adelaide,Richmond,Angus Graham,3,2,8,1,0,8,3
2009,14,2009-07-04,Carrara,Richmond,Adelaide,Richmond,Tom Hislop,5,3,14,1,0,0,1
2009,14,2009-07-04,Carrara,Richmond,Adelaide,Richmond,Daniel Jackson,18,5,8,2,0,0,3
2009,14,2009-07-04,Carrara,Richmond,Adelaide,Richmond,Luke McGuane,3,4,4,0,0,0,0
2009,14,2009-07-04,Carrara,Richmond,Adelaide,Richmond,Kelvin Moore,6,4,5,0,0,0,1
2009,14,2009-07-04,Carrara,Richmond,Adelaide,Richmond,Mitch Morton,9,8,8,2,1,0,3
2009,14,2009-07-04,Carrara,Richmond,Adelaide,Richmond,Robin Nahas,11,5,8,4,1,0,2
2009,14,2009-07-04,Carrara,Richmond,Adelaide,Richmond,Chris Newman,11,3,16,0,0,0,3
2009,14,2009-07-04,Carrara,Richmond,Adelaide,Richmond,Dean Polo,3,1,15,0,0,0,1
2009,14,2009-07-04,Carrara,Richmond,Adelaide,Richmond,Jayden Post,7,6,5,0,0,0,1
2009,14,2009-07-04,Carrara,Richmond,Adelaide,Richmond,Jack Riewoldt,9,5,7,1,2,0,2
2009,14,2009-07-04,Carrara,Richmond,Adelaide,Richmond,Jarrod Silvester,8,5,3,0,0,0,1
2009,14,2009-07-04,Carrara,Richmond,Adelaide,Richmond,Richard Tambling,14,5,17,1,1,0,3
2009,14,2009-07-04,Carrara,Richmond,Adelaide,Richmond,Will Thursfield,4,4,6,0,0,0,1
2009,14,2009-07-04,Carrara,Richmond,Adelaide,Richmond,Shane Tuck,13,4,20,0,0,1,6
2009,14,2009-07-04,Carrara,Richmond,Adelaide,Richmond,Ty Vickery,3,4,9,0,0,7,2
2009,14,2009-07-04,Carrara,Richmond,Adelaide,Adelaide,Nathan Bock,16,11,11,0,0,0,0
2009,14,2009-07-04,Carrara,Richmond,Adelaide,Adelaide,Patrick Dangerfield,5,3,7,0,1,0,3
2009,14,2009-07-04,Carrara,Richmond,Adelaide,Adelaide,Michael Doughty,14,8,9,0,0,0,3
2009,14,2009-07-04,Carrara,Richmond,Adelaide,Adelaide,Richard Douglas,4,3,3,1,0,0,4
2009,14,2009-07-04,Carrara,Richmond,Adelaide,Adelaide,Tyson Edwards,12,7,12,0,1,1,9
2009,14,2009-07-04,Carrara,Richmond,Adelaide,Adelaide,Graham Johncock,12,9,17,0,0,0,5
2009,14,2009-07-04,Carrara,Richmond,Adelaide,Adelaide,Chris Knights,12,7,7,2,3,0,3
2009,14,2009-07-04,Carrara,Richmond,Adelaide,Adelaide,David Mackay,6,4,7,2,0,0,1
2009,14,2009-07-04,Carrara,Richmond,Adelaide,Adelaide,Ivan Maric,4,3,5,0,0,26,4
2009,14,2009-07-04,Carrara,Richmond,Adelaide,Adelaide,Shaun McKernan,4,2,4,0,1,0,3
2009,14,2009-07-04,Carrara,Richmond,Adelaide,Adelaide,Andrew McLeod,15,1,9,1,0,0,3
2009,14,2009-07-04,Carrara,Richmond,Adelaide,Adelaide,Andy Otten,9,4,7,0,0,0,2
2009,14,2009-07-04,Carrara,Richmond,Adelaide,Adelaide,Jason Porplyzia,8,3,7,1,0,0,3
2009,14,2009-07-04,Carrara,Richmond,Adelaide,Adelaide,Ben Rutten,9,9,9,0,0,0,0
2009,14,2009-07-04,Carrara,Richmond,Adelaide,Adelaide,James Sellar,3,0,4,0,0,7,1
2009,14,2009-07-04,Carrara,Richmond,Adelaide,Adelaide,Robert Shirley,3,2,11,0,0,1,5
2009,14,2009-07-04,Carrara,Richmond,Adelaide,Adelaide,Scott Stevens,13,9,6,2,1,0,2
2009,14,2009-07-04,Carrara,Richmond,Adelaide,Adelaide,Brad Symes,8,7,8,0,0,0,4
2009,14,2009-07-04,Carrara,Richmond,Adelaide,Adelaide,Scott Thompson,14,5,13,1,0,0,10
2009,14,2009-07-04,Carrara,Richmond,Adelaide,Adelaide,Kurt Tippett,11,8,2,5,3,4,2
2009,14,2009-07-04,Carrara,Richmond,Adelaide,Adelaide,Nathan van Berlo,9,5,10,0,0,0,2
2009,14,2009-07-04,Carrara,Richmond,Adelaide,Adelaide,Bernie Vince,17,11,11,0,0,0,0
2009,14,2009-07-04,Docklands,Western Bulldogs,Hawthorn,Western Bulldogs,Jason Akermanis,15,9,7,2,5,0,2
2009,14,2009-07-04,Docklands,Western Bulldogs,Hawthorn,Western Bulldogs,Matthew Boyd,15,7,20,2,0,1,2
2009,14,2009-07-04,Docklands,Western Bulldogs,Hawthorn,Western Bulldogs,Adam Cooney,12,6,20,0,0,0,1
2009,14,2009-07-04,Docklands,Western Bulldogs,Hawthorn,Western Bulldogs,Daniel Cross,4,5,19,0,0,1,7
2009,14,2009-07-04,Docklands,Western Bulldogs,Hawthorn,Western Bulldogs,Nathan Eagleton,11,8,10,0,1,0,1
2009,14,2009-07-04,Docklands,Western Bulldogs,Hawthorn,Western Bulldogs,Lindsay Gilbee,18,6,10,1,1,0,2
2009,14,2009-07-04,Docklands,Western Bulldogs,Hawthorn,Western Bulldogs,Ryan Griffen,12,8,19,1,1,0,2
2009,14,2009-07-04,Docklands,Western Bulldogs,Hawthorn,Western Bulldogs,Mitch Hahn,8,1,10,1,1,3,4
2009,14,2009-07-04,Docklands,Western Bulldogs,Hawthorn,Western Bulldogs,Jarrod Harbrow,15,6,11,0,0,0,1
2009,14,2009-07-04,Docklands,Western Bulldogs,Hawthorn,Western Bulldogs,Ryan Hargrave,15,8,17,0,0,0,0
2009,14,2009-07-04,Docklands,Western Bulldogs,Hawthorn,Western Bulldogs,Shaun Higgins,14,9,6,3,1,0,2
2009,14,2009-07-04,Docklands,Western Bulldogs,Hawthorn,Western Bulldogs,Josh Hill,11,6,4,2,1,0,5
2009,14,2009-07-04,Docklands,Western Bulldogs,Hawthorn,Western Bulldogs,Ben Hudson,3,3,11,0,1,12,5
2009,14,2009-07-04,Docklands,Western Bulldogs,Hawthorn,Western Bulldogs,Brad Johnson,17,11,7,3,0,0,4
2009,14,2009-07-04,Docklands,Western Bulldogs,Hawthorn,Western Bulldogs,Brian Lake,14,10,7,0,0,0,3
2009,14,2009-07-04,Docklands,Western Bulldogs,Hawthorn,Western Bulldogs,Will Minson,4,2,7,1,0,19,5
2009,14,2009-07-04,Docklands,Western Bulldogs,Hawthorn,Western Bulldogs,Dale Morris,6,3,3,0,1,0,4
2009,14,2009-07-04,Docklands,Western Bulldogs,Hawthorn,Western Bulldogs,Robert Murphy,16,8,6,0,0,0,3
2009,14,2009-07-04,Docklands,Western Bulldogs,Hawthorn,Western Bulldogs,Liam Picken,5,3,8,0,0,0,6
2009,14,2009-07-04,Docklands,Western Bulldogs,Hawthorn,Western Bulldogs,Sam Reid,2,3,9,0,0,0,5
2009,14,2009-07-04,Docklands,Western Bulldogs,Hawthorn,Western Bulldogs,Callan Ward,8,3,5,0,1,0,2
2009,14,2009-07-04,Docklands,Western Bulldogs,Hawthorn,Western Bulldogs,Scott Welsh,9,6,3,3,1,0,2
2009,14,2009-07-04,Docklands,Western Bulldogs,Hawthorn,Hawthorn,Chance Bateman,9,4,12,0,1,0,2
2009,14,2009-07-04,Docklands,Western Bulldogs,Hawthorn,Hawthorn,Grant Birchall,7,6,6,0,0,0,3
2009,14,2009-07-04,Docklands,Western Bulldogs,Hawthorn,Hawthorn,Campbell Brown,12,6,7,0,0,0,4
2009,14,2009-07-04,Docklands,Western Bulldogs,Hawthorn,Hawthorn,Robert Campbell,1,2,5,0,0,10,1
2009,14,2009-07-04,Docklands,Western Bulldogs,Hawthorn,Hawthorn,Beau Dowler,12,10,6,0,0,0,3
2009,14,2009-07-04,Docklands,Western Bulldogs,Hawthorn,Hawthorn,Xavier Ellis,9,6,10,0,0,5,2
2009,14,2009-07-04,Docklands,Western Bulldogs,Hawthorn,Hawthorn,Lance Franklin,4,3,6,0,1,1,1
2009,14,2009-07-04,Docklands,Western Bulldogs,Hawthorn,Hawthorn,Stephen Gilham,7,5,11,0,0,0,2
2009,14,2009-07-04,Docklands,Western Bulldogs,Hawthorn,Hawthorn,Brent Guerra,9,3,3,0,0,0,4
2009,14,2009-07-04,Docklands,Western Bulldogs,Hawthorn,Hawthorn,Luke Hodge,13,6,9,0,0,0,5
2009,14,2009-07-04,Docklands,Western Bulldogs,Hawthorn,Hawthorn,Josh Kennedy,5,5,14,0,0,0,4
2009,14,2009-07-04,Docklands,Western Bulldogs,Hawthorn,Hawthorn,Rick Ladson,9,2,7,1,0,0,1
2009,14,2009-07-04,Docklands,Western Bulldogs,Hawthorn,Hawthorn,Jordan Lewis,13,9,10,3,0,0,1
2009,14,2009-07-04,Docklands,Western Bulldogs,Hawthorn,Hawthorn,Ben McGlynn,6,2,7,0,2,0,2
2009,14,2009-07-04,Docklands,Western Bulldogs,Hawthorn,Hawthorn,Sam Mitchell,9,5,17,0,0,0,3
2009,14,2009-07-04,Docklands,Western Bulldogs,Hawthorn,Hawthorn,Tom Murphy,4,4,6,0,0,0,3
2009,14,2009-07-04,Docklands,Western Bulldogs,Hawthorn,Hawthorn,Michael Osborne,6,3,5,0,1,0,1
2009,14,2009-07-04,Docklands,Western Bulldogs,Hawthorn,Hawthorn,Jarryd Roughead,4,1,2,2,1,1,2
2009,14,2009-07-04,Docklands,Western Bulldogs,Hawthorn,Hawthorn,Brad Sewell,12,6,17,0,0,0,1
2009,14,2009-07-04,Docklands,Western Bulldogs,Hawthorn,Hawthorn,Liam Shiels,7,1,3,0,0,0,2
2009,14,2009-07-04,Docklands,Western Bulldogs,Hawthorn,Hawthorn,Cameron Stokes,3,2,8,0,1,0,0
2009,14,2009-07-04,Docklands,Western Bulldogs,Hawthorn,Hawthorn,Simon Taylor,1,1,3,0,0,17,1
2009,14,2009-07-05,S.C.G.,Sydney,North Melbourne,Sydney,Ed Barlow,13,6,3,2,1,1,2
2009,14,2009-07-05,S.C.G.,Sydney,North Melbourne,Sydney,Paul Bevan,8,7,7,0,2,0,1
2009,14,2009-07-05,S.C.G.,Sydney,North Melbourne,Sydney,Craig Bird,7,1,9,2,0,0,9
2009,14,2009-07-05,S.C.G.,Sydney,North Melbourne,Sydney,Craig Bolton,7,3,9,0,0,0,0
2009,14,2009-07-05,S.C.G.,Sydney,North Melbourne,Sydney,Jude Bolton,8,7,11,2,0,0,2
2009,14,2009-07-05,S.C.G.,Sydney,North Melbourne,Sydney,Ryan Brabazon,2,0,3,0,0,0,1
2009,14,2009-07-05,S.C.G.,Sydney,North Melbourne,Sydney,Jared Crouch,6,1,2,0,0,0,2
2009,14,2009-07-05,S.C.G.,Sydney,North Melbourne,Sydney,Adam Goodes,9,2,7,2,0,3,1
2009,14,2009-07-05,S.C.G.,Sydney,North Melbourne,Sydney,Heath Grundy,9,7,15,0,0,0,4
2009,14,2009-07-05,S.C.G.,Sydney,North Melbourne,Sydney,Kieren Jack,8,3,8,0,0,0,1
2009,14,2009-07-05,S.C.G.,Sydney,North Melbourne,Sydney,Darren Jolly,5,7,8,0,2,36,4
2009,14,2009-07-05,S.C.G.,Sydney,North Melbourne,Sydney,Brett Kirk,12,5,25,0,0,0,3
2009,14,2009-07-05,S.C.G.,Sydney,North Melbourne,Sydney,Nick Malceski,9,2,6,0,0,0,4
2009,14,2009-07-05,S.C.G.,Sydney,North Melbourne,Sydney,Martin Mattner,6,3,9,0,1,0,5
2009,14,2009-07-05,S.C.G.,Sydney,North Melbourne,Sydney,Jarrad McVeigh,15,4,16,0,0,0,3
2009,14,2009-07-05,S.C.G.,Sydney,North Melbourne,Sydney,Ryan OKeefe,16,8,21,1,0,0,3
2009,14,2009-07-05,S.C.G.,Sydney,North Melbourne,Sydney,Michael OLoughlin,8,6,3,2,1,0,4
2009,14,2009-07-05,S.C.G.,Sydney,North Melbourne,Sydney,Ted Richards,5,3,8,1,0,0,2
2009,14,2009-07-05,S.C.G.,Sydney,North Melbourne,Sydney,Lewis Roberts-Thomson,6,8,12,1,0,1,0
2009,14,2009-07-05,S.C.G.,Sydney,North Melbourne,Sydney,Rhyce Shaw,21,3,9,1,1,0,1
2009,14,2009-07-05,S.C.G.,Sydney,North Melbourne,Sydney,Nick Smith,4,1,9,0,0,0,2
2009,14,2009-07-05,S.C.G.,Sydney,North Melbourne,Sydney,Patrick Veszpremi,12,6,2,1,0,0,2
2009,14,2009-07-05,S.C.G.,Sydney,North Melbourne,North Melbourne,Liam Anthony,9,6,9,0,0,0,2
2009,14,2009-07-05,S.C.G.,Sydney,North Melbourne,North Melbourne,Michael Firrito,11,5,4,2,0,4,5
2009,14,2009-07-05,S.C.G.,Sydney,North Melbourne,North Melbourne,Cruize Garlett,3,2,3,0,0,0,2
2009,14,2009-07-05,S.C.G.,Sydney,North Melbourne,North Melbourne,Josh Gibson,18,10,8,0,0,0,3
2009,14,2009-07-05,S.C.G.,Sydney,North Melbourne,North Melbourne,Todd Goldstein,3,3,1,0,0,12,0
2009,14,2009-07-05,S.C.G.,Sydney,North Melbourne,North Melbourne,Nathan Grima,7,3,4,0,0,0,2
2009,14,2009-07-05,S.C.G.,Sydney,North Melbourne,North Melbourne,David Hale,8,10,5,0,4,0,2
2009,14,2009-07-05,S.C.G.,Sydney,North Melbourne,North Melbourne,Lachlan Hansen,9,5,0,2,0,0,3
2009,14,2009-07-05,S.C.G.,Sydney,North Melbourne,North Melbourne,Leigh Harding,9,3,4,2,1,0,1
2009,14,2009-07-05,S.C.G.,Sydney,North Melbourne,North Melbourne,Daniel Harris,8,1,7,1,0,0,3
2009,14,2009-07-05,S.C.G.,Sydney,North Melbourne,North Melbourne,Brent Harvey,11,3,6,0,0,0,1
2009,14,2009-07-05,S.C.G.,Sydney,North Melbourne,North Melbourne,Corey Jones,7,7,5,3,2,0,1
2009,14,2009-07-05,S.C.G.,Sydney,North Melbourne,North Melbourne,Hamish McIntosh,6,5,5,0,0,24,0
2009,14,2009-07-05,S.C.G.,Sydney,North Melbourne,North Melbourne,Scott McMahon,13,4,4,0,0,0,1
2009,14,2009-07-05,S.C.G.,Sydney,North Melbourne,North Melbourne,Drew Petrie,11,6,4,0,0,3,3
2009,14,2009-07-05,S.C.G.,Sydney,North Melbourne,North Melbourne,Daniel Pratt,12,5,5,0,0,0,1
2009,14,2009-07-05,S.C.G.,Sydney,North Melbourne,North Melbourne,Brady Rawlings,11,5,9,0,0,0,4
2009,14,2009-07-05,S.C.G.,Sydney,North Melbourne,North Melbourne,Ben Ross,3,3,4,1,0,0,2
2009,14,2009-07-05,S.C.G.,Sydney,North Melbourne,North Melbourne,Adam Simpson,11,8,15,0,0,0,4
2009,14,2009-07-05,S.C.G.,Sydney,North Melbourne,North Melbourne,Andrew Swallow,13,4,5,2,0,0,6
2009,14,2009-07-05,S.C.G.,Sydney,North Melbourne,North Melbourne,Scott Thompson,13,5,4,0,0,0,5
2009,14,2009-07-05,S.C.G.,Sydney,North Melbourne,North Melbourne,Gavin Urquhart,4,3,9,0,0,0,0
2009,14,2009-07-05,Docklands,St Kilda,Geelong,St Kilda,Steven Baker,3,4,9,0,1,0,2
2009,14,2009-07-05,Docklands,St Kilda,Geelong,St Kilda,Luke Ball,10,4,4,0,0,2,3
2009,14,2009-07-05,Docklands,St Kilda,Geelong,St Kilda,Jason Blake,14,13,12,0,0,1,2
2009,14,2009-07-05,Docklands,St Kilda,Geelong,St Kilda,Raphael Clarke,6,4,8,0,0,0,2
2009,14,2009-07-05,Docklands,St Kilda,Geelong,St Kilda,Nick Dal Santo,15,0,11,0,1,1,7
2009,14,2009-07-05,Docklands,St Kilda,Geelong,St Kilda,Zac Dawson,5,7,3,0,0,0,3
2009,14,2009-07-05,Docklands,St Kilda,Geelong,St Kilda,Sam Fisher,17,10,3,1,0,0,2
2009,14,2009-07-05,Docklands,St Kilda,Geelong,St Kilda,Michael Gardiner,12,7,1,4,0,20,1
2009,14,2009-07-05,Docklands,St Kilda,Geelong,St Kilda,Jarryn Geary,2,1,2,0,0,0,0
2009,14,2009-07-05,Docklands,St Kilda,Geelong,St Kilda,Sam Gilbert,17,9,10,0,0,0,6
2009,14,2009-07-05,Docklands,St Kilda,Geelong,St Kilda,Brendon Goddard,14,7,10,0,0,0,4
2009,14,2009-07-05,Docklands,St Kilda,Geelong,St Kilda,Jason Gram,14,8,3,0,0,0,3
2009,14,2009-07-05,Docklands,St Kilda,Geelong,St Kilda,Lenny Hayes,18,4,15,0,0,1,8
2009,14,2009-07-05,Docklands,St Kilda,Geelong,St Kilda,Clinton Jones,9,2,13,1,0,0,9
2009,14,2009-07-05,Docklands,St Kilda,Geelong,St Kilda,Justin Koschitzke,14,11,3,2,1,0,0
2009,14,2009-07-05,Docklands,St Kilda,Geelong,St Kilda,Ben McEvoy,1,3,3,0,0,5,3
2009,14,2009-07-05,Docklands,St Kilda,Geelong,St Kilda,Andrew McQualter,6,4,9,1,0,0,5
2009,14,2009-07-05,Docklands,St Kilda,Geelong,St Kilda,Stephen Milne,6,4,3,1,1,0,3
2009,14,2009-07-05,Docklands,St Kilda,Geelong,St Kilda,Leigh Montagna,17,2,7,0,1,0,10
2009,14,2009-07-05,Docklands,St Kilda,Geelong,St Kilda,Farren Ray,6,2,6,0,0,0,3
2009,14,2009-07-05,Docklands,St Kilda,Geelong,St Kilda,Nick Riewoldt,13,11,3,3,0,2,1
2009,14,2009-07-05,Docklands,St Kilda,Geelong,St Kilda,Adam Schneider,10,4,3,1,1,0,7
2009,14,2009-07-05,Docklands,St Kilda,Geelong,Geelong,Gary Ablett,8,3,19,2,0,0,8
2009,14,2009-07-05,Docklands,St Kilda,Geelong,Geelong,Jimmy Bartel,17,6,20,0,1,0,6
2009,14,2009-07-05,Docklands,St Kilda,Geelong,Geelong,Mark Blake,2,0,3,0,0,25,0
2009,14,2009-07-05,Docklands,St Kilda,Geelong,Geelong,Shannon Byrnes,9,6,9,0,1,0,5
2009,14,2009-07-05,Docklands,St Kilda,Geelong,Geelong,Paul Chapman,23,10,16,1,1,0,3
2009,14,2009-07-05,Docklands,St Kilda,Geelong,Geelong,Joel Corey,14,6,13,1,0,0,3
2009,14,2009-07-05,Docklands,St Kilda,Geelong,Geelong,Corey Enright,9,4,21,0,0,0,3
2009,14,2009-07-05,Docklands,St Kilda,Geelong,Geelong,Tom Harley,5,4,3,0,0,0,2
2009,14,2009-07-05,Docklands,St Kilda,Geelong,Geelong,Tom Hawkins,3,2,2,0,1,1,1
2009,14,2009-07-05,Docklands,St Kilda,Geelong,Geelong,Simon Hogan,3,3,17,0,1,0,4
2009,14,2009-07-05,Docklands,St Kilda,Geelong,Geelong,James Kelly,7,3,15,0,0,0,4
2009,14,2009-07-05,Docklands,St Kilda,Geelong,Geelong,Cameron Ling,10,2,11,0,0,0,4
2009,14,2009-07-05,Docklands,St Kilda,Geelong,Geelong,Andrew Mackie,12,5,11,1,0,0,3
2009,14,2009-07-05,Docklands,St Kilda,Geelong,Geelong,Darren Milburn,8,3,6,2,0,0,1
2009,14,2009-07-05,Docklands,St Kilda,Geelong,Geelong,Cameron Mooney,9,6,3,2,0,0,1
2009,14,2009-07-05,Docklands,St Kilda,Geelong,Geelong,Shane Mumford,1,0,6,0,0,22,1
2009,14,2009-07-05,Docklands,St Kilda,Geelong,Geelong,Max Rooke,7,6,4,1,0,0,6
2009,14,2009-07-05,Docklands,St Kilda,Geelong,Geelong,Matthew Scarlett,5,1,2,0,0,0,2
2009,14,2009-07-05,Docklands,St Kilda,Geelong,Geelong,Joel Selwood,12,3,18,1,0,0,7
2009,14,2009-07-05,Docklands,St Kilda,Geelong,Geelong,Mathew Stokes,7,5,11,1,0,0,2
2009,14,2009-07-05,Docklands,St Kilda,Geelong,Geelong,Harry Taylor,8,3,11,0,0,0,0
2009,14,2009-07-05,Docklands,St Kilda,Geelong,Geelong,Travis Varcoe,8,3,6,1,0,0,2
2009,14,2009-07-05,Subiaco,Fremantle,Carlton,Fremantle,Hayden Ballantyne,13,6,1,3,3,0,1
2009,14,2009-07-05,Subiaco,Fremantle,Carlton,Fremantle,Kepler Bradley,4,7,8,1,0,0,1
2009,14,2009-07-05,Subiaco,Fremantle,Carlton,Fremantle,Greg Broughton,17,8,14,0,0,0,2
2009,14,2009-07-05,Subiaco,Fremantle,Carlton,Fremantle,Zac Clarke,2,2,11,0,0,6,2
2009,14,2009-07-05,Subiaco,Fremantle,Carlton,Fremantle,Matt de Boer,10,5,5,1,0,0,2
2009,14,2009-07-05,Subiaco,Fremantle,Carlton,Fremantle,Steven Dodd,11,9,9,0,0,0,1
2009,14,2009-07-05,Subiaco,Fremantle,Carlton,Fremantle,Paul Duffield,17,7,9,0,0,0,0
2009,14,2009-07-05,Subiaco,Fremantle,Carlton,Fremantle,Daniel Gilmore,4,2,8,0,0,1,0
2009,14,2009-07-05,Subiaco,Fremantle,Carlton,Fremantle,Antoni Grover,19,16,7,0,0,2,1
2009,14,2009-07-05,Subiaco,Fremantle,Carlton,Fremantle,Paul Hasleby,14,7,17,0,0,0,2
2009,14,2009-07-05,Subiaco,Fremantle,Carlton,Fremantle,Des Headland,11,8,4,1,1,0,3
2009,14,2009-07-05,Subiaco,Fremantle,Carlton,Fremantle,Stephen Hill,8,4,11,1,0,0,1
2009,14,2009-07-05,Subiaco,Fremantle,Carlton,Fremantle,Clayton Hinkley,3,1,5,0,0,0,2
2009,14,2009-07-05,Subiaco,Fremantle,Carlton,Fremantle,Garrick Ibbotson,8,2,3,0,0,0,2
2009,14,2009-07-05,Subiaco,Fremantle,Carlton,Fremantle,Luke McPharlin,14,9,6,3,1,0,0
2009,14,2009-07-05,Subiaco,Fremantle,Carlton,Fremantle,David Mundy,13,5,13,1,1,3,0
2009,14,2009-07-05,Subiaco,Fremantle,Carlton,Fremantle,Brett Peake,9,2,4,0,1,0,3
2009,14,2009-07-05,Subiaco,Fremantle,Carlton,Fremantle,Aaron Sandilands,4,4,5,1,0,26,1
2009,14,2009-07-05,Subiaco,Fremantle,Carlton,Fremantle,Byron Schammer,13,8,15,1,1,0,3
2009,14,2009-07-05,Subiaco,Fremantle,Carlton,Fremantle,Nick Suban,10,4,4,1,1,0,4
2009,14,2009-07-05,Subiaco,Fremantle,Carlton,Fremantle,Chris Tarrant,8,9,5,0,0,0,0
2009,14,2009-07-05,Subiaco,Fremantle,Carlton,Fremantle,Scott Thornton,6,5,5,1,0,0,1
2009,14,2009-07-05,Subiaco,Fremantle,Carlton,Carlton,Dennis Armfield,3,1,7,0,0,0,3
2009,14,2009-07-05,Subiaco,Fremantle,Carlton,Carlton,Mark Austin,0,2,7,0,0,0,1
2009,14,2009-07-05,Subiaco,Fremantle,Carlton,Carlton,Greg Bentley,6,3,5,0,0,0,3
2009,14,2009-07-05,Subiaco,Fremantle,Carlton,Carlton,Eddie Betts,3,1,9,0,0,0,5
2009,14,2009-07-05,Subiaco,Fremantle,Carlton,Carlton,Andrew Carrazzo,21,4,12,2,1,0,3
2009,14,2009-07-05,Subiaco,Fremantle,Carlton,Carlton,Brendan Fevola,10,7,1,3,2,0,2
2009,14,2009-07-05,Subiaco,Fremantle,Carlton,Carlton,Brad Fisher,6,9,6,0,1,0,0
2009,14,2009-07-05,Subiaco,Fremantle,Carlton,Carlton,Jeff Garlett,5,3,0,1,2,0,2
2009,14,2009-07-05,Subiaco,Fremantle,Carlton,Carlton,Bryce Gibbs,20,11,13,2,1,0,2
2009,14,2009-07-05,Subiaco,Fremantle,Carlton,Carlton,Shaun Grigg,8,5,8,1,0,0,2
2009,14,2009-07-05,Subiaco,Fremantle,Carlton,Carlton,Shaun Hampson,2,2,8,0,0,10,2
2009,14,2009-07-05,Subiaco,Fremantle,Carlton,Carlton,Ryan Houlihan,11,2,6,0,1,0,0
2009,14,2009-07-05,Subiaco,Fremantle,Carlton,Carlton,Michael Jamison,4,5,5,0,0,0,2
2009,14,2009-07-05,Subiaco,Fremantle,Carlton,Carlton,Chris Johnson,12,5,4,1,1,0,5
2009,14,2009-07-05,Subiaco,Fremantle,Carlton,Carlton,Aaron Joseph,3,3,7,0,1,0,3
2009,14,2009-07-05,Subiaco,Fremantle,Carlton,Carlton,Chris Judd,19,1,16,0,3,0,9
2009,14,2009-07-05,Subiaco,Fremantle,Carlton,Carlton,Matthew Kreuzer,4,4,9,1,0,13,1
2009,14,2009-07-05,Subiaco,Fremantle,Carlton,Carlton,Marc Murphy,9,7,18,0,0,0,2
2009,14,2009-07-05,Subiaco,Fremantle,Carlton,Carlton,Setanta OhAilpin,10,6,2,4,3,0,0
2009,14,2009-07-05,Subiaco,Fremantle,Carlton,Carlton,Jordan Russell,11,5,12,1,1,0,7
2009,14,2009-07-05,Subiaco,Fremantle,Carlton,Carlton,Kade Simpson,9,4,10,0,1,0,1
2009,14,2009-07-05,Subiaco,Fremantle,Carlton,Carlton,Bret Thornton,13,8,3,0,0,0,0
2009,15,2009-07-10,Docklands,Western Bulldogs,Collingwood,Western Bulldogs,Jason Akermanis,16,8,10,2,0,0,5
2009,15,2009-07-10,Docklands,Western Bulldogs,Collingwood,Western Bulldogs,Matthew Boyd,13,4,17,1,1,2,4
2009,15,2009-07-10,Docklands,Western Bulldogs,Collingwood,Western Bulldogs,Adam Cooney,15,6,16,1,0,0,3
2009,15,2009-07-10,Docklands,Western Bulldogs,Collingwood,Western Bulldogs,Daniel Cross,11,8,15,0,0,1,5
2009,15,2009-07-10,Docklands,Western Bulldogs,Collingwood,Western Bulldogs,Nathan Eagleton,6,2,3,0,0,0,1
2009,15,2009-07-10,Docklands,Western Bulldogs,Collingwood,Western Bulldogs,Lindsay Gilbee,11,0,4,2,0,0,1
2009,15,2009-07-10,Docklands,Western Bulldogs,Collingwood,Western Bulldogs,Ryan Griffen,13,5,11,1,0,0,4
2009,15,2009-07-10,Docklands,Western Bulldogs,Collingwood,Western Bulldogs,Mitch Hahn,13,7,4,3,2,0,4
2009,15,2009-07-10,Docklands,Western Bulldogs,Collingwood,Western Bulldogs,Jarrod Harbrow,15,4,4,0,1,0,2
2009,15,2009-07-10,Docklands,Western Bulldogs,Collingwood,Western Bulldogs,Ryan Hargrave,24,11,11,0,0,0,1
2009,15,2009-07-10,Docklands,Western Bulldogs,Collingwood,Western Bulldogs,Shaun Higgins,10,3,6,3,2,0,2
2009,15,2009-07-10,Docklands,Western Bulldogs,Collingwood,Western Bulldogs,Josh Hill,5,3,5,0,0,0,3
2009,15,2009-07-10,Docklands,Western Bulldogs,Collingwood,Western Bulldogs,Ben Hudson,3,3,9,0,0,24,5
2009,15,2009-07-10,Docklands,Western Bulldogs,Collingwood,Western Bulldogs,Brad Johnson,10,6,13,0,2,0,1
2009,15,2009-07-10,Docklands,Western Bulldogs,Collingwood,Western Bulldogs,Brian Lake,15,12,9,0,1,1,0
2009,15,2009-07-10,Docklands,Western Bulldogs,Collingwood,Western Bulldogs,Will Minson,4,4,8,0,1,19,2
2009,15,2009-07-10,Docklands,Western Bulldogs,Collingwood,Western Bulldogs,Dale Morris,4,1,4,0,0,0,5
2009,15,2009-07-10,Docklands,Western Bulldogs,Collingwood,Western Bulldogs,Robert Murphy,20,13,7,1,3,0,1
2009,15,2009-07-10,Docklands,Western Bulldogs,Collingwood,Western Bulldogs,Liam Picken,7,3,7,2,0,0,4
2009,15,2009-07-10,Docklands,Western Bulldogs,Collingwood,Western Bulldogs,Callan Ward,7,5,7,0,0,0,5
2009,15,2009-07-10,Docklands,Western Bulldogs,Collingwood,Western Bulldogs,Scott Welsh,2,1,2,0,0,0,2
2009,15,2009-07-10,Docklands,Western Bulldogs,Collingwood,Western Bulldogs,Tom Williams,3,4,4,0,0,0,0
2009,15,2009-07-10,Docklands,Western Bulldogs,Collingwood,Collingwood,John Anthony,0,4,9,0,0,0,1
2009,15,2009-07-10,Docklands,Western Bulldogs,Collingwood,Collingwood,Dayne Beams,5,1,7,1,0,0,2
2009,15,2009-07-10,Docklands,Western Bulldogs,Collingwood,Collingwood,Leigh Brown,4,2,6,0,0,3,5
2009,15,2009-07-10,Docklands,Western Bulldogs,Collingwood,Collingwood,Travis Cloke,9,7,4,0,1,0,0
2009,15,2009-07-10,Docklands,Western Bulldogs,Collingwood,Collingwood,Leon Davis,16,7,3,4,1,0,2
2009,15,2009-07-10,Docklands,Western Bulldogs,Collingwood,Collingwood,Brad Dick,7,3,1,0,1,0,3
2009,15,2009-07-10,Docklands,Western Bulldogs,Collingwood,Collingwood,Alan Didak,27,8,6,0,0,0,6
2009,15,2009-07-10,Docklands,Western Bulldogs,Collingwood,Collingwood,Josh Fraser,9,4,9,1,0,10,0
2009,15,2009-07-10,Docklands,Western Bulldogs,Collingwood,Collingwood,Tyson Goldsack,4,1,5,1,0,0,3
2009,15,2009-07-10,Docklands,Western Bulldogs,Collingwood,Collingwood,Ben Johnson,8,4,12,1,0,0,3
2009,15,2009-07-10,Docklands,Western Bulldogs,Collingwood,Collingwood,Tarkyn Lockyer,10,5,13,1,0,0,1
2009,15,2009-07-10,Docklands,Western Bulldogs,Collingwood,Collingwood,Heritier Lumumba,17,9,4,0,0,0,2
2009,15,2009-07-10,Docklands,Western Bulldogs,Collingwood,Collingwood,Nick Maxwell,9,6,15,0,0,1,6
2009,15,2009-07-10,Docklands,Western Bulldogs,Collingwood,Collingwood,Paul Medhurst,8,4,1,2,0,0,1
2009,15,2009-07-10,Docklands,Western Bulldogs,Collingwood,Collingwood,Shane OBree,7,2,12,0,0,0,6
2009,15,2009-07-10,Docklands,Western Bulldogs,Collingwood,Collingwood,Scott Pendlebury,9,5,14,1,0,0,6
2009,15,2009-07-10,Docklands,Western Bulldogs,Collingwood,Collingwood,Simon Prestigiacomo,1,2,6,0,0,0,2
2009,15,2009-07-10,Docklands,Western Bulldogs,Collingwood,Collingwood,Heath Shaw,15,5,7,0,0,0,4
2009,15,2009-07-10,Docklands,Western Bulldogs,Collingwood,Collingwood,Dane Swan,17,6,17,2,2,0,1
2009,15,2009-07-10,Docklands,Western Bulldogs,Collingwood,Collingwood,Dale Thomas,9,5,8,2,0,0,5
2009,15,2009-07-10,Docklands,Western Bulldogs,Collingwood,Collingwood,Alan Toovey,9,1,4,1,0,0,2
2009,15,2009-07-10,Docklands,Western Bulldogs,Collingwood,Collingwood,Sharrod Wellingham,6,3,11,0,1,0,5
2009,15,2009-07-11,M.C.G.,Carlton,Richmond,Carlton,Joe Anderson,5,2,9,0,0,0,2
2009,15,2009-07-11,M.C.G.,Carlton,Richmond,Carlton,Dennis Armfield,3,2,4,0,0,0,2
2009,15,2009-07-11,M.C.G.,Carlton,Richmond,Carlton,Greg Bentley,7,6,4,1,0,0,6
2009,15,2009-07-11,M.C.G.,Carlton,Richmond,Carlton,Eddie Betts,5,1,4,1,1,0,8
2009,15,2009-07-11,M.C.G.,Carlton,Richmond,Carlton,Andrew Carrazzo,13,1,16,1,1,0,4
2009,15,2009-07-11,M.C.G.,Carlton,Richmond,Carlton,Brendan Fevola,14,4,2,9,1,0,3
2009,15,2009-07-11,M.C.G.,Carlton,Richmond,Carlton,Brad Fisher,6,3,5,1,0,0,4
2009,15,2009-07-11,M.C.G.,Carlton,Richmond,Carlton,Jeff Garlett,5,2,4,0,1,0,1
2009,15,2009-07-11,M.C.G.,Carlton,Richmond,Carlton,Bryce Gibbs,10,1,14,1,1,1,5
2009,15,2009-07-11,M.C.G.,Carlton,Richmond,Carlton,Shaun Grigg,12,4,16,0,1,0,3
2009,15,2009-07-11,M.C.G.,Carlton,Richmond,Carlton,Shaun Hampson,5,2,5,0,1,21,0
2009,15,2009-07-11,M.C.G.,Carlton,Richmond,Carlton,Adam Hartlett,8,3,6,0,0,0,2
2009,15,2009-07-11,M.C.G.,Carlton,Richmond,Carlton,Ryan Houlihan,9,3,10,0,0,0,3
2009,15,2009-07-11,M.C.G.,Carlton,Richmond,Carlton,Michael Jamison,2,2,4,0,0,0,3
2009,15,2009-07-11,M.C.G.,Carlton,Richmond,Carlton,Chris Johnson,11,3,5,0,0,0,4
2009,15,2009-07-11,M.C.G.,Carlton,Richmond,Carlton,Aaron Joseph,2,4,12,0,0,0,3
2009,15,2009-07-11,M.C.G.,Carlton,Richmond,Carlton,Chris Judd,13,0,16,0,1,0,5
2009,15,2009-07-11,M.C.G.,Carlton,Richmond,Carlton,Matthew Kreuzer,4,1,10,1,0,20,3
2009,15,2009-07-11,M.C.G.,Carlton,Richmond,Carlton,Marc Murphy,7,2,13,1,1,0,6
2009,15,2009-07-11,M.C.G.,Carlton,Richmond,Carlton,Jordan Russell,8,6,13,0,0,0,8
2009,15,2009-07-11,M.C.G.,Carlton,Richmond,Carlton,Kade Simpson,8,4,6,0,0,0,4
2009,15,2009-07-11,M.C.G.,Carlton,Richmond,Carlton,Bret Thornton,8,6,9,0,0,0,2
2009,15,2009-07-11,M.C.G.,Carlton,Richmond,Richmond,Trent Cotchin,13,4,13,0,0,3,1
2009,15,2009-07-11,M.C.G.,Carlton,Richmond,Richmond,Ben Cousins,20,3,15,0,1,0,4
2009,15,2009-07-11,M.C.G.,Carlton,Richmond,Richmond,Brett Deledio,14,2,15,2,0,0,1
2009,15,2009-07-11,M.C.G.,Carlton,Richmond,Richmond,Shane Edwards,4,2,7,0,0,0,2
2009,15,2009-07-11,M.C.G.,Carlton,Richmond,Richmond,Angus Graham,6,5,4,0,1,16,3
2009,15,2009-07-11,M.C.G.,Carlton,Richmond,Richmond,Tom Hislop,2,0,7,0,1,0,5
2009,15,2009-07-11,M.C.G.,Carlton,Richmond,Richmond,Daniel Jackson,16,3,16,0,0,0,6
2009,15,2009-07-11,M.C.G.,Carlton,Richmond,Richmond,Jake King,8,2,9,1,1,0,2
2009,15,2009-07-11,M.C.G.,Carlton,Richmond,Richmond,Luke McGuane,6,3,10,0,1,2,5
2009,15,2009-07-11,M.C.G.,Carlton,Richmond,Richmond,Kelvin Moore,2,0,5,0,0,0,1
2009,15,2009-07-11,M.C.G.,Carlton,Richmond,Richmond,Mitch Morton,6,4,6,1,2,0,3
2009,15,2009-07-11,M.C.G.,Carlton,Richmond,Richmond,Robin Nahas,5,0,9,2,0,0,3
2009,15,2009-07-11,M.C.G.,Carlton,Richmond,Richmond,Chris Newman,10,2,13,1,0,0,2
2009,15,2009-07-11,M.C.G.,Carlton,Richmond,Richmond,Dean Polo,3,3,11,0,0,0,3
2009,15,2009-07-11,M.C.G.,Carlton,Richmond,Richmond,Jayden Post,8,7,4,0,2,0,4
2009,15,2009-07-11,M.C.G.,Carlton,Richmond,Richmond,Alex Rance,4,0,9,0,0,1,6
2009,15,2009-07-11,M.C.G.,Carlton,Richmond,Richmond,Jack Riewoldt,12,6,4,3,2,0,2
2009,15,2009-07-11,M.C.G.,Carlton,Richmond,Richmond,Richard Tambling,9,5,10,0,1,0,9
2009,15,2009-07-11,M.C.G.,Carlton,Richmond,Richmond,Will Thursfield,3,1,5,0,0,0,2
2009,15,2009-07-11,M.C.G.,Carlton,Richmond,Richmond,Shane Tuck,9,3,16,0,1,0,2
2009,15,2009-07-11,M.C.G.,Carlton,Richmond,Richmond,Ty Vickery,4,4,7,2,1,7,4
2009,15,2009-07-11,M.C.G.,Carlton,Richmond,Richmond,Matt White,8,0,3,0,0,1,2
2009,15,2009-07-11,S.C.G.,Sydney,Essendon,Sydney,Luke Ablett,4,1,8,0,0,1,2
2009,15,2009-07-11,S.C.G.,Sydney,Essendon,Sydney,Ed Barlow,11,5,8,1,1,1,2
2009,15,2009-07-11,S.C.G.,Sydney,Essendon,Sydney,Paul Bevan,7,9,10,0,0,0,0
2009,15,2009-07-11,S.C.G.,Sydney,Essendon,Sydney,Craig Bird,6,1,7,0,0,0,2
2009,15,2009-07-11,S.C.G.,Sydney,Essendon,Sydney,Craig Bolton,8,5,12,0,0,0,2
2009,15,2009-07-11,S.C.G.,Sydney,Essendon,Sydney,Jude Bolton,4,1,14,0,0,1,7
2009,15,2009-07-11,S.C.G.,Sydney,Essendon,Sydney,Jared Crouch,9,5,6,1,1,0,6
2009,15,2009-07-11,S.C.G.,Sydney,Essendon,Sydney,Adam Goodes,14,6,8,1,1,0,3
2009,15,2009-07-11,S.C.G.,Sydney,Essendon,Sydney,Heath Grundy,6,3,9,0,0,0,1
2009,15,2009-07-11,S.C.G.,Sydney,Essendon,Sydney,Kieren Jack,9,2,2,0,3,0,1
2009,15,2009-07-11,S.C.G.,Sydney,Essendon,Sydney,Darren Jolly,6,4,4,0,0,19,1
2009,15,2009-07-11,S.C.G.,Sydney,Essendon,Sydney,Brett Kirk,8,0,13,0,0,0,3
2009,15,2009-07-11,S.C.G.,Sydney,Essendon,Sydney,Nick Malceski,8,3,4,0,0,0,1
2009,15,2009-07-11,S.C.G.,Sydney,Essendon,Sydney,Martin Mattner,4,2,5,0,0,0,6
2009,15,2009-07-11,S.C.G.,Sydney,Essendon,Sydney,Ryan OKeefe,11,4,16,1,0,0,7
2009,15,2009-07-11,S.C.G.,Sydney,Essendon,Sydney,Michael OLoughlin,11,9,3,3,2,0,2
2009,15,2009-07-11,S.C.G.,Sydney,Essendon,Sydney,Mike Pyke,3,0,7,0,0,15,0
2009,15,2009-07-11,S.C.G.,Sydney,Essendon,Sydney,Ted Richards,5,3,5,0,1,0,0
2009,15,2009-07-11,S.C.G.,Sydney,Essendon,Sydney,Lewis Roberts-Thomson,6,7,8,1,0,2,3
2009,15,2009-07-11,S.C.G.,Sydney,Essendon,Sydney,Rhyce Shaw,21,1,9,0,1,0,3
2009,15,2009-07-11,S.C.G.,Sydney,Essendon,Sydney,Nick Smith,4,2,8,0,0,0,3
2009,15,2009-07-11,S.C.G.,Sydney,Essendon,Sydney,Patrick Veszpremi,6,2,4,2,1,0,0
2009,15,2009-07-11,S.C.G.,Sydney,Essendon,Essendon,Alwyn Davey,8,4,5,0,2,0,1
2009,15,2009-07-11,S.C.G.,Sydney,Essendon,Essendon,Courtenay Dempsey,9,4,6,0,1,0,3
2009,15,2009-07-11,S.C.G.,Sydney,Essendon,Essendon,Ricky Dyson,7,2,4,2,1,0,1
2009,15,2009-07-11,S.C.G.,Sydney,Essendon,Essendon,Dustin Fletcher,15,6,4,0,0,1,2
2009,15,2009-07-11,S.C.G.,Sydney,Essendon,Essendon,Heath Hocking,8,6,8,0,1,0,8
2009,15,2009-07-11,S.C.G.,Sydney,Essendon,Essendon,Cale Hooker,2,4,9,0,0,3,3
2009,15,2009-07-11,S.C.G.,Sydney,Essendon,Essendon,Michael Hurley,4,4,7,0,0,0,1
2009,15,2009-07-11,S.C.G.,Sydney,Essendon,Essendon,Matthew Lloyd,10,8,5,3,2,0,2
2009,15,2009-07-11,S.C.G.,Sydney,Essendon,Essendon,Sam Lonergan,8,5,6,1,1,0,2
2009,15,2009-07-11,S.C.G.,Sydney,Essendon,Essendon,Andrew Lovett,21,5,8,0,1,0,1
2009,15,2009-07-11,S.C.G.,Sydney,Essendon,Essendon,Scott Lucas,10,10,5,3,0,0,2
2009,15,2009-07-11,S.C.G.,Sydney,Essendon,Essendon,Adam McPhee,9,10,6,0,0,0,0
2009,15,2009-07-11,S.C.G.,Sydney,Essendon,Essendon,Mark McVeigh,8,3,2,0,0,0,2
2009,15,2009-07-11,S.C.G.,Sydney,Essendon,Essendon,Tayte Pears,12,3,9,0,0,0,6
2009,15,2009-07-11,S.C.G.,Sydney,Essendon,Essendon,Brent Prismall,10,5,8,0,1,0,3
2009,15,2009-07-11,S.C.G.,Sydney,Essendon,Essendon,Kyle Reimers,10,5,5,1,3,0,1
2009,15,2009-07-11,S.C.G.,Sydney,Essendon,Essendon,Paddy Ryder,9,6,3,0,0,26,5
2009,15,2009-07-11,S.C.G.,Sydney,Essendon,Essendon,Henry Slattery,5,2,4,0,0,0,1
2009,15,2009-07-11,S.C.G.,Sydney,Essendon,Essendon,Brent Stanton,20,10,9,1,1,0,4
2009,15,2009-07-11,S.C.G.,Sydney,Essendon,Essendon,Jobe Watson,11,5,18,0,0,0,3
2009,15,2009-07-11,S.C.G.,Sydney,Essendon,Essendon,Andrew Welsh,15,4,7,1,0,0,12
2009,15,2009-07-11,S.C.G.,Sydney,Essendon,Essendon,Jason Winderlich,12,7,13,3,1,1,3
2009,15,2009-07-11,Gabba,Brisbane Lions,Geelong,Brisbane Lions,Jed Adcock,2,0,1,0,0,0,0
2009,15,2009-07-11,Gabba,Brisbane Lions,Geelong,Brisbane Lions,Matt Austin,3,0,0,0,0,0,1
2009,15,2009-07-11,Gabba,Brisbane Lions,Geelong,Brisbane Lions,Simon Black,16,6,17,2,1,0,4
2009,15,2009-07-11,Gabba,Brisbane Lions,Geelong,Brisbane Lions,Daniel Bradshaw,11,7,0,3,1,2,1
2009,15,2009-07-11,Gabba,Brisbane Lions,Geelong,Brisbane Lions,Jonathan Brown,18,15,5,4,3,1,0
2009,15,2009-07-11,Gabba,Brisbane Lions,Geelong,Brisbane Lions,Mitch Clark,7,5,7,2,0,23,6
2009,15,2009-07-11,Gabba,Brisbane Lions,Geelong,Brisbane Lions,Tom Collier,7,3,10,0,0,0,5
2009,15,2009-07-11,Gabba,Brisbane Lions,Geelong,Brisbane Lions,Josh Drummond,19,9,10,0,0,0,0
2009,15,2009-07-11,Gabba,Brisbane Lions,Geelong,Brisbane Lions,Joel Macdonald,20,12,11,0,0,0,0
2009,15,2009-07-11,Gabba,Brisbane Lions,Geelong,Brisbane Lions,Ashley McGrath,20,14,10,0,1,0,4
2009,15,2009-07-11,Gabba,Brisbane Lions,Geelong,Brisbane Lions,Daniel Merrett,4,5,11,0,0,0,3
2009,15,2009-07-11,Gabba,Brisbane Lions,Geelong,Brisbane Lions,Tim Notting,10,10,10,2,0,1,1
2009,15,2009-07-11,Gabba,Brisbane Lions,Geelong,Brisbane Lions,Joel Patfull,12,7,8,0,0,0,2
2009,15,2009-07-11,Gabba,Brisbane Lions,Geelong,Brisbane Lions,James Polkinghorne,9,8,6,2,0,0,2
2009,15,2009-07-11,Gabba,Brisbane Lions,Geelong,Brisbane Lions,Luke Power,19,4,15,0,0,0,8
2009,15,2009-07-11,Gabba,Brisbane Lions,Geelong,Brisbane Lions,Albert Proud,6,2,2,0,0,0,3
2009,15,2009-07-11,Gabba,Brisbane Lions,Geelong,Brisbane Lions,Jack Redden,6,2,2,1,0,0,3
2009,15,2009-07-11,Gabba,Brisbane Lions,Geelong,Brisbane Lions,Daniel Rich,11,4,21,0,0,0,0
2009,15,2009-07-11,Gabba,Brisbane Lions,Geelong,Brisbane Lions,Michael Rischitelli,7,2,12,0,1,1,5
2009,15,2009-07-11,Gabba,Brisbane Lions,Geelong,Brisbane Lions,Sam Sheldon,3,4,3,0,1,0,5
2009,15,2009-07-11,Gabba,Brisbane Lions,Geelong,Brisbane Lions,Justin Sherman,10,7,12,0,1,0,2
2009,15,2009-07-11,Gabba,Brisbane Lions,Geelong,Brisbane Lions,Cheynee Stiller,1,2,9,0,0,0,3
2009,15,2009-07-11,Gabba,Brisbane Lions,Geelong,Geelong,Jimmy Bartel,5,1,10,0,0,0,5
2009,15,2009-07-11,Gabba,Brisbane Lions,Geelong,Geelong,Mark Blake,2,1,6,1,0,24,0
2009,15,2009-07-11,Gabba,Brisbane Lions,Geelong,Geelong,Shannon Byrnes,11,8,10,1,0,0,2
2009,15,2009-07-11,Gabba,Brisbane Lions,Geelong,Geelong,Paul Chapman,22,2,13,0,0,0,4
2009,15,2009-07-11,Gabba,Brisbane Lions,Geelong,Geelong,Joel Corey,14,7,11,0,1,1,3
2009,15,2009-07-11,Gabba,Brisbane Lions,Geelong,Geelong,Nathan Djerrkura,2,3,5,0,0,0,1
2009,15,2009-07-11,Gabba,Brisbane Lions,Geelong,Geelong,Corey Enright,15,5,5,0,0,0,1
2009,15,2009-07-11,Gabba,Brisbane Lions,Geelong,Geelong,Ryan Gamble,9,5,10,1,2,0,1
2009,15,2009-07-11,Gabba,Brisbane Lions,Geelong,Geelong,Tom Gillies,3,4,9,0,0,0,0
2009,15,2009-07-11,Gabba,Brisbane Lions,Geelong,Geelong,Tom Harley,3,2,5,0,0,0,1
2009,15,2009-07-11,Gabba,Brisbane Lions,Geelong,Geelong,Tom Hawkins,7,7,5,1,0,0,2
2009,15,2009-07-11,Gabba,Brisbane Lions,Geelong,Geelong,Simon Hogan,8,1,16,1,0,0,4
2009,15,2009-07-11,Gabba,Brisbane Lions,Geelong,Geelong,Jeremy Laidler,3,0,6,0,0,0,2
2009,15,2009-07-11,Gabba,Brisbane Lions,Geelong,Geelong,Tom Lonergan,1,1,8,0,0,0,3
2009,15,2009-07-11,Gabba,Brisbane Lions,Geelong,Geelong,Cameron Mooney,9,12,7,1,1,0,0
2009,15,2009-07-11,Gabba,Brisbane Lions,Geelong,Geelong,Shane Mumford,4,4,4,1,0,13,5
2009,15,2009-07-11,Gabba,Brisbane Lions,Geelong,Geelong,Max Rooke,6,4,4,2,1,0,4
2009,15,2009-07-11,Gabba,Brisbane Lions,Geelong,Geelong,Joel Selwood,12,2,7,0,1,0,7
2009,15,2009-07-11,Gabba,Brisbane Lions,Geelong,Geelong,Mathew Stokes,7,1,7,0,1,0,2
2009,15,2009-07-11,Gabba,Brisbane Lions,Geelong,Geelong,Harry Taylor,4,4,6,0,0,3,1
2009,15,2009-07-11,Gabba,Brisbane Lions,Geelong,Geelong,Kane Tenace,7,2,6,0,0,0,1
2009,15,2009-07-11,Gabba,Brisbane Lions,Geelong,Geelong,David Wojcinski,10,2,8,0,0,0,3
2009,15,2009-07-11,Football Park,Adelaide,Fremantle,Adelaide,Nathan Bock,16,7,13,0,0,0,2
2009,15,2009-07-11,Football Park,Adelaide,Fremantle,Adelaide,Patrick Dangerfield,10,1,9,3,0,0,4
2009,15,2009-07-11,Football Park,Adelaide,Fremantle,Adelaide,Michael Doughty,9,4,11,0,0,0,1
2009,15,2009-07-11,Football Park,Adelaide,Fremantle,Adelaide,Tyson Edwards,3,1,7,0,1,0,6
2009,15,2009-07-11,Football Park,Adelaide,Fremantle,Adelaide,Simon Goodwin,12,3,15,0,0,0,2
2009,15,2009-07-11,Football Park,Adelaide,Fremantle,Adelaide,Graham Johncock,17,8,12,0,1,0,0
2009,15,2009-07-11,Football Park,Adelaide,Fremantle,Adelaide,Chris Knights,11,9,6,2,3,0,4
2009,15,2009-07-11,Football Park,Adelaide,Fremantle,Adelaide,David Mackay,13,6,13,0,0,0,0
2009,15,2009-07-11,Football Park,Adelaide,Fremantle,Adelaide,Ivan Maric,4,2,10,0,0,15,1
2009,15,2009-07-11,Football Park,Adelaide,Fremantle,Adelaide,Andrew McLeod,13,2,5,1,0,0,1
2009,15,2009-07-11,Football Park,Adelaide,Fremantle,Adelaide,Andy Otten,9,4,18,0,0,0,1
2009,15,2009-07-11,Football Park,Adelaide,Fremantle,Adelaide,Jason Porplyzia,11,9,10,5,2,0,3
2009,15,2009-07-11,Football Park,Adelaide,Fremantle,Adelaide,Brent Reilly,10,1,13,0,0,0,7
2009,15,2009-07-11,Football Park,Adelaide,Fremantle,Adelaide,Ben Rutten,6,4,10,0,0,0,1
2009,15,2009-07-11,Football Park,Adelaide,Fremantle,Adelaide,James Sellar,3,2,6,0,0,8,1
2009,15,2009-07-11,Football Park,Adelaide,Fremantle,Adelaide,Robert Shirley,5,4,11,1,0,0,4
2009,15,2009-07-11,Football Park,Adelaide,Fremantle,Adelaide,Scott Stevens,5,3,3,2,1,1,4
2009,15,2009-07-11,Football Park,Adelaide,Fremantle,Adelaide,Brad Symes,6,5,17,0,1,0,3
2009,15,2009-07-11,Football Park,Adelaide,Fremantle,Adelaide,Scott Thompson,11,5,16,0,1,0,5
2009,15,2009-07-11,Football Park,Adelaide,Fremantle,Adelaide,Kurt Tippett,11,9,4,5,4,5,3
2009,15,2009-07-11,Football Park,Adelaide,Fremantle,Adelaide,Nathan van Berlo,5,4,16,0,0,0,5
2009,15,2009-07-11,Football Park,Adelaide,Fremantle,Adelaide,Bernie Vince,9,6,20,0,0,1,3
2009,15,2009-07-11,Football Park,Adelaide,Fremantle,Fremantle,Hayden Ballantyne,6,2,4,0,0,0,0
2009,15,2009-07-11,Football Park,Adelaide,Fremantle,Fremantle,Kepler Bradley,6,5,12,0,0,1,0
2009,15,2009-07-11,Football Park,Adelaide,Fremantle,Fremantle,Greg Broughton,9,8,21,0,0,0,7
2009,15,2009-07-11,Football Park,Adelaide,Fremantle,Fremantle,Zac Clarke,3,3,7,0,0,10,2
2009,15,2009-07-11,Football Park,Adelaide,Fremantle,Fremantle,Matt de Boer,2,2,9,0,0,0,5
2009,15,2009-07-11,Football Park,Adelaide,Fremantle,Fremantle,Steven Dodd,10,7,14,0,0,0,1
2009,15,2009-07-11,Football Park,Adelaide,Fremantle,Fremantle,Paul Duffield,20,4,6,0,3,0,3
2009,15,2009-07-11,Football Park,Adelaide,Fremantle,Fremantle,Antoni Grover,13,8,9,0,0,0,2
2009,15,2009-07-11,Football Park,Adelaide,Fremantle,Fremantle,Paul Hasleby,9,2,11,0,0,0,4
2009,15,2009-07-11,Football Park,Adelaide,Fremantle,Fremantle,Stephen Hill,9,6,9,0,0,0,2
2009,15,2009-07-11,Football Park,Adelaide,Fremantle,Fremantle,Clayton Hinkley,4,3,8,0,1,0,2
2009,15,2009-07-11,Football Park,Adelaide,Fremantle,Fremantle,Garrick Ibbotson,3,2,3,0,0,2,4
2009,15,2009-07-11,Football Park,Adelaide,Fremantle,Fremantle,Luke McPharlin,6,7,11,0,1,7,1
2009,15,2009-07-11,Football Park,Adelaide,Fremantle,Fremantle,David Mundy,5,2,13,0,0,5,2
2009,15,2009-07-11,Football Park,Adelaide,Fremantle,Fremantle,Ryan Murphy,4,2,0,1,0,0,0
2009,15,2009-07-11,Football Park,Adelaide,Fremantle,Fremantle,Brett Peake,7,2,11,0,0,1,3
2009,15,2009-07-11,Football Park,Adelaide,Fremantle,Fremantle,Tim Ruffles,6,4,1,0,1,0,3
2009,15,2009-07-11,Football Park,Adelaide,Fremantle,Fremantle,Byron Schammer,7,3,10,0,0,0,5
2009,15,2009-07-11,Football Park,Adelaide,Fremantle,Fremantle,Dean Solomon,3,2,7,0,0,0,8
2009,15,2009-07-11,Football Park,Adelaide,Fremantle,Fremantle,Nick Suban,8,4,4,0,1,0,4
2009,15,2009-07-11,Football Park,Adelaide,Fremantle,Fremantle,Chris Tarrant,6,4,5,0,0,0,1
2009,15,2009-07-11,Football Park,Adelaide,Fremantle,Fremantle,Scott Thornton,4,4,7,0,0,0,2
2009,15,2009-07-12,York Park,Hawthorn,North Melbourne,Hawthorn,Chance Bateman,10,3,11,0,0,1,2
2009,15,2009-07-12,York Park,Hawthorn,North Melbourne,Hawthorn,Grant Birchall,11,6,6,0,0,0,2
2009,15,2009-07-12,York Park,Hawthorn,North Melbourne,Hawthorn,Campbell Brown,5,3,4,0,0,0,3
2009,15,2009-07-12,York Park,Hawthorn,North Melbourne,Hawthorn,Robert Campbell,3,0,5,0,0,10,3
2009,15,2009-07-12,York Park,Hawthorn,North Melbourne,Hawthorn,Beau Dowler,10,5,5,0,1,0,2
2009,15,2009-07-12,York Park,Hawthorn,North Melbourne,Hawthorn,Xavier Ellis,5,2,5,0,0,0,4
2009,15,2009-07-12,York Park,Hawthorn,North Melbourne,Hawthorn,Lance Franklin,11,8,13,4,4,0,2
2009,15,2009-07-12,York Park,Hawthorn,North Melbourne,Hawthorn,Stephen Gilham,4,3,7,0,0,0,2
2009,15,2009-07-12,York Park,Hawthorn,North Melbourne,Hawthorn,Brent Guerra,12,1,7,0,0,0,3
2009,15,2009-07-12,York Park,Hawthorn,North Melbourne,Hawthorn,Luke Hodge,16,1,9,2,1,0,3
2009,15,2009-07-12,York Park,Hawthorn,North Melbourne,Hawthorn,Josh Kennedy,9,5,5,0,0,0,7
2009,15,2009-07-12,York Park,Hawthorn,North Melbourne,Hawthorn,Rick Ladson,7,3,7,0,0,0,2
2009,15,2009-07-12,York Park,Hawthorn,North Melbourne,Hawthorn,Jordan Lewis,15,5,9,0,0,1,4
2009,15,2009-07-12,York Park,Hawthorn,North Melbourne,Hawthorn,Ben McGlynn,10,4,10,0,0,0,5
2009,15,2009-07-12,York Park,Hawthorn,North Melbourne,Hawthorn,Sam Mitchell,12,1,14,0,0,0,2
2009,15,2009-07-12,York Park,Hawthorn,North Melbourne,Hawthorn,Tom Murphy,6,4,7,0,0,0,5
2009,15,2009-07-12,York Park,Hawthorn,North Melbourne,Hawthorn,Michael Osborne,7,1,4,1,0,0,2
2009,15,2009-07-12,York Park,Hawthorn,North Melbourne,Hawthorn,Cyril Rioli,2,0,5,0,1,0,5
2009,15,2009-07-12,York Park,Hawthorn,North Melbourne,Hawthorn,Jarryd Roughead,7,4,5,2,1,5,1
2009,15,2009-07-12,York Park,Hawthorn,North Melbourne,Hawthorn,Brad Sewell,14,3,16,0,0,0,10
2009,15,2009-07-12,York Park,Hawthorn,North Melbourne,Hawthorn,Liam Shiels,10,1,5,1,2,0,8
2009,15,2009-07-12,York Park,Hawthorn,North Melbourne,Hawthorn,Simon Taylor,2,4,8,0,0,39,3
2009,15,2009-07-12,York Park,Hawthorn,North Melbourne,North Melbourne,Leigh Adams,6,1,3,2,0,0,7
2009,15,2009-07-12,York Park,Hawthorn,North Melbourne,North Melbourne,Liam Anthony,15,6,10,1,0,0,7
2009,15,2009-07-12,York Park,Hawthorn,North Melbourne,North Melbourne,Michael Firrito,9,2,9,0,0,1,9
2009,15,2009-07-12,York Park,Hawthorn,North Melbourne,North Melbourne,Josh Gibson,10,4,3,0,0,0,5
2009,15,2009-07-12,York Park,Hawthorn,North Melbourne,North Melbourne,Levi Greenwood,10,1,2,0,0,0,4
2009,15,2009-07-12,York Park,Hawthorn,North Melbourne,North Melbourne,Nathan Grima,11,4,4,0,0,0,5
2009,15,2009-07-12,York Park,Hawthorn,North Melbourne,North Melbourne,David Hale,12,9,0,1,1,6,3
2009,15,2009-07-12,York Park,Hawthorn,North Melbourne,North Melbourne,Lachlan Hansen,8,4,2,0,0,0,0
2009,15,2009-07-12,York Park,Hawthorn,North Melbourne,North Melbourne,Leigh Harding,9,7,5,1,0,0,6
2009,15,2009-07-12,York Park,Hawthorn,North Melbourne,North Melbourne,Daniel Harris,13,2,3,0,0,0,6
2009,15,2009-07-12,York Park,Hawthorn,North Melbourne,North Melbourne,Brent Harvey,11,3,3,1,0,0,4
2009,15,2009-07-12,York Park,Hawthorn,North Melbourne,North Melbourne,Corey Jones,3,0,3,1,1,0,6
2009,15,2009-07-12,York Park,Hawthorn,North Melbourne,North Melbourne,Hamish McIntosh,10,5,4,0,0,41,4
2009,15,2009-07-12,York Park,Hawthorn,North Melbourne,North Melbourne,Scott McMahon,9,4,5,0,0,0,4
2009,15,2009-07-12,York Park,Hawthorn,North Melbourne,North Melbourne,Drew Petrie,9,3,1,0,1,4,5
2009,15,2009-07-12,York Park,Hawthorn,North Melbourne,North Melbourne,Sam Power,11,2,6,0,0,0,4
2009,15,2009-07-12,York Park,Hawthorn,North Melbourne,North Melbourne,Brady Rawlings,6,3,7,0,0,0,5
2009,15,2009-07-12,York Park,Hawthorn,North Melbourne,North Melbourne,Adam Simpson,14,6,6,1,1,0,2
2009,15,2009-07-12,York Park,Hawthorn,North Melbourne,North Melbourne,Andrew Swallow,8,5,8,0,0,0,13
2009,15,2009-07-12,York Park,Hawthorn,North Melbourne,North Melbourne,Lindsay Thomas,9,3,1,1,2,0,4
2009,15,2009-07-12,York Park,Hawthorn,North Melbourne,North Melbourne,Scott Thompson,8,3,6,0,0,0,2
2009,15,2009-07-12,York Park,Hawthorn,North Melbourne,North Melbourne,Gavin Urquhart,5,3,3,0,0,0,6
2009,15,2009-07-12,M.C.G.,Melbourne,Port Adelaide,Melbourne,Matthew Bate,9,5,4,2,1,0,7
2009,15,2009-07-12,M.C.G.,Melbourne,Port Adelaide,Melbourne,Daniel Bell,4,1,8,0,0,0,3
2009,15,2009-07-12,M.C.G.,Melbourne,Port Adelaide,Melbourne,Cameron Bruce,19,6,18,0,0,0,3
2009,15,2009-07-12,M.C.G.,Melbourne,Port Adelaide,Melbourne,Aaron Davey,10,0,8,0,1,0,7
2009,15,2009-07-12,M.C.G.,Melbourne,Port Adelaide,Melbourne,Lynden Dunn,8,3,8,1,0,3,5
2009,15,2009-07-12,M.C.G.,Melbourne,Port Adelaide,Melbourne,James Frawley,3,2,9,0,0,0,2
2009,15,2009-07-12,M.C.G.,Melbourne,Port Adelaide,Melbourne,Brad Green,16,6,12,0,0,1,2
2009,15,2009-07-12,M.C.G.,Melbourne,Port Adelaide,Melbourne,Jack Grimes,7,6,12,0,0,0,2
2009,15,2009-07-12,M.C.G.,Melbourne,Port Adelaide,Melbourne,Mark Jamar,3,6,16,0,0,16,1
2009,15,2009-07-12,M.C.G.,Melbourne,Port Adelaide,Melbourne,Neville Jetta,11,6,4,0,1,0,6
2009,15,2009-07-12,M.C.G.,Melbourne,Port Adelaide,Melbourne,Nathan Jones,6,5,7,0,1,0,1
2009,15,2009-07-12,M.C.G.,Melbourne,Port Adelaide,Melbourne,Liam Jurrah,8,4,4,4,2,1,4
2009,15,2009-07-12,M.C.G.,Melbourne,Port Adelaide,Melbourne,Stefan Martin,3,1,7,0,1,9,4
2009,15,2009-07-12,M.C.G.,Melbourne,Port Adelaide,Melbourne,James McDonald,12,2,7,0,0,0,6
2009,15,2009-07-12,M.C.G.,Melbourne,Port Adelaide,Melbourne,Brock McLean,10,4,15,1,0,0,4
2009,15,2009-07-12,M.C.G.,Melbourne,Port Adelaide,Melbourne,Brent Moloney,18,8,10,1,1,0,2
2009,15,2009-07-12,M.C.G.,Melbourne,Port Adelaide,Melbourne,Cale Morton,11,7,11,0,0,0,5
2009,15,2009-07-12,M.C.G.,Melbourne,Port Adelaide,Melbourne,Ricky Petterd,13,11,5,4,1,0,0
2009,15,2009-07-12,M.C.G.,Melbourne,Port Adelaide,Melbourne,Jared Rivers,5,3,9,0,0,0,3
2009,15,2009-07-12,M.C.G.,Melbourne,Port Adelaide,Melbourne,Russell Robertson,7,2,0,2,1,0,0
2009,15,2009-07-12,M.C.G.,Melbourne,Port Adelaide,Melbourne,Matthew Warnock,2,1,9,0,0,0,0
2009,15,2009-07-12,M.C.G.,Melbourne,Port Adelaide,Melbourne,Paul Wheatley,11,3,11,0,0,0,5
2009,15,2009-07-12,M.C.G.,Melbourne,Port Adelaide,Port Adelaide,Dean Brogan,2,1,5,1,0,17,3
2009,15,2009-07-12,M.C.G.,Melbourne,Port Adelaide,Port Adelaide,Peter Burgoyne,10,2,11,0,0,0,1
2009,15,2009-07-12,M.C.G.,Melbourne,Port Adelaide,Port Adelaide,Alipate Carlile,5,3,8,0,0,0,4
2009,15,2009-07-12,M.C.G.,Melbourne,Port Adelaide,Port Adelaide,Josh Carr,4,2,6,0,0,0,2
2009,15,2009-07-12,M.C.G.,Melbourne,Port Adelaide,Port Adelaide,Domenic Cassisi,8,3,28,0,0,0,8
2009,15,2009-07-12,M.C.G.,Melbourne,Port Adelaide,Port Adelaide,Chad Cornes,16,5,5,0,1,0,3
2009,15,2009-07-12,M.C.G.,Melbourne,Port Adelaide,Port Adelaide,Kane Cornes,18,3,17,2,0,0,1
2009,15,2009-07-12,M.C.G.,Melbourne,Port Adelaide,Port Adelaide,Jason Davenport,11,6,11,1,1,0,5
2009,15,2009-07-12,M.C.G.,Melbourne,Port Adelaide,Port Adelaide,Brett Ebert,6,4,1,0,2,0,4
2009,15,2009-07-12,M.C.G.,Melbourne,Port Adelaide,Port Adelaide,Robbie Gray,9,4,9,1,2,0,3
2009,15,2009-07-12,M.C.G.,Melbourne,Port Adelaide,Port Adelaide,Nathan Krakouer,9,1,8,0,1,0,3
2009,15,2009-07-12,M.C.G.,Melbourne,Port Adelaide,Port Adelaide,Brendon Lade,3,4,4,2,0,16,1
2009,15,2009-07-12,M.C.G.,Melbourne,Port Adelaide,Port Adelaide,Tom Logan,3,3,8,0,1,0,0
2009,15,2009-07-12,M.C.G.,Melbourne,Port Adelaide,Port Adelaide,Danyle Pearce,10,1,8,1,1,0,3
2009,15,2009-07-12,M.C.G.,Melbourne,Port Adelaide,Port Adelaide,Michael Pettigrew,11,2,7,0,0,0,2
2009,15,2009-07-12,M.C.G.,Melbourne,Port Adelaide,Port Adelaide,David Rodan,8,1,13,1,0,0,1
2009,15,2009-07-12,M.C.G.,Melbourne,Port Adelaide,Port Adelaide,Steven Salopek,18,5,8,1,0,0,2
2009,15,2009-07-12,M.C.G.,Melbourne,Port Adelaide,Port Adelaide,Paul Stewart,6,4,9,0,0,0,3
2009,15,2009-07-12,M.C.G.,Melbourne,Port Adelaide,Port Adelaide,Jacob Surjan,8,6,15,0,0,0,3
2009,15,2009-07-12,M.C.G.,Melbourne,Port Adelaide,Port Adelaide,Toby Thurstans,6,8,20,0,1,2,3
2009,15,2009-07-12,M.C.G.,Melbourne,Port Adelaide,Port Adelaide,Warren Tredrea,6,3,1,1,1,0,3
2009,15,2009-07-12,M.C.G.,Melbourne,Port Adelaide,Port Adelaide,Justin Westhoff,5,4,5,2,0,2,0
2009,15,2009-07-12,Subiaco,West Coast,St Kilda,West Coast,Mitch Brown,6,3,12,0,0,0,4
2009,15,2009-07-12,Subiaco,West Coast,St Kilda,West Coast,Sam Butler,2,3,11,0,0,0,2
2009,15,2009-07-12,Subiaco,West Coast,St Kilda,West Coast,Adam Cockie,3,3,8,1,0,0,5
2009,15,2009-07-12,Subiaco,West Coast,St Kilda,West Coast,Dean Cox,3,4,8,0,0,14,1
2009,15,2009-07-12,Subiaco,West Coast,St Kilda,West Coast,Brad Ebert,6,8,10,0,0,0,4
2009,15,2009-07-12,Subiaco,West Coast,St Kilda,West Coast,Andrew Embley,11,2,8,3,0,2,2
2009,15,2009-07-12,Subiaco,West Coast,St Kilda,West Coast,Darren Glass,1,1,14,0,0,0,0
2009,15,2009-07-12,Subiaco,West Coast,St Kilda,West Coast,Ashley Hansen,8,7,2,3,0,0,0
2009,15,2009-07-12,Subiaco,West Coast,St Kilda,West Coast,Shannon Hurn,17,5,6,0,0,0,1
2009,15,2009-07-12,Subiaco,West Coast,St Kilda,West Coast,Josh Kennedy,8,5,5,2,0,0,1
2009,15,2009-07-12,Subiaco,West Coast,St Kilda,West Coast,Mark LeCras,8,2,2,2,3,0,2
2009,15,2009-07-12,Subiaco,West Coast,St Kilda,West Coast,Quinten Lynch,20,9,4,0,0,24,3
2009,15,2009-07-12,Subiaco,West Coast,St Kilda,West Coast,Eric Mackenzie,5,3,5,0,0,0,1
2009,15,2009-07-12,Subiaco,West Coast,St Kilda,West Coast,Chris Masten,10,2,17,0,0,0,3
2009,15,2009-07-12,Subiaco,West Coast,St Kilda,West Coast,Patrick McGinnity,3,1,5,0,0,0,5
2009,15,2009-07-12,Subiaco,West Coast,St Kilda,West Coast,Mark Nicoski,9,4,8,0,0,0,3
2009,15,2009-07-12,Subiaco,West Coast,St Kilda,West Coast,Matt Priddis,11,1,14,0,0,0,10
2009,15,2009-07-12,Subiaco,West Coast,St Kilda,West Coast,Matt Rosa,9,2,10,0,0,4,1
2009,15,2009-07-12,Subiaco,West Coast,St Kilda,West Coast,Adam Selwood,16,4,13,0,0,1,1
2009,15,2009-07-12,Subiaco,West Coast,St Kilda,West Coast,Matthew Spangher,10,4,11,0,0,0,3
2009,15,2009-07-12,Subiaco,West Coast,St Kilda,West Coast,Tyson Stenglein,6,4,1,0,0,0,4
2009,15,2009-07-12,Subiaco,West Coast,St Kilda,West Coast,David Wirrpanda,18,12,5,0,0,0,1
2009,15,2009-07-12,Subiaco,West Coast,St Kilda,St Kilda,Steven Baker,4,3,2,0,0,0,1
2009,15,2009-07-12,Subiaco,West Coast,St Kilda,St Kilda,Luke Ball,5,2,4,0,0,0,8
2009,15,2009-07-12,Subiaco,West Coast,St Kilda,St Kilda,Jason Blake,12,10,8,0,1,0,0
2009,15,2009-07-12,Subiaco,West Coast,St Kilda,St Kilda,Raphael Clarke,8,6,14,0,0,0,3
2009,15,2009-07-12,Subiaco,West Coast,St Kilda,St Kilda,Nick Dal Santo,17,4,11,3,0,0,6
2009,15,2009-07-12,Subiaco,West Coast,St Kilda,St Kilda,Zac Dawson,5,4,7,0,0,0,0
2009,15,2009-07-12,Subiaco,West Coast,St Kilda,St Kilda,Sean Dempster,7,4,6,0,1,0,6
2009,15,2009-07-12,Subiaco,West Coast,St Kilda,St Kilda,Robert Eddy,7,3,4,2,0,0,5
2009,15,2009-07-12,Subiaco,West Coast,St Kilda,St Kilda,Sam Fisher,13,10,8,0,0,1,2
2009,15,2009-07-12,Subiaco,West Coast,St Kilda,St Kilda,Michael Gardiner,8,5,3,0,0,28,0
2009,15,2009-07-12,Subiaco,West Coast,St Kilda,St Kilda,Sam Gilbert,10,2,10,0,0,0,5
2009,15,2009-07-12,Subiaco,West Coast,St Kilda,St Kilda,Brendon Goddard,16,2,9,0,0,0,3
2009,15,2009-07-12,Subiaco,West Coast,St Kilda,St Kilda,Jason Gram,16,6,10,0,0,0,5
2009,15,2009-07-12,Subiaco,West Coast,St Kilda,St Kilda,Lenny Hayes,7,1,6,0,0,4,1
2009,15,2009-07-12,Subiaco,West Coast,St Kilda,St Kilda,Clinton Jones,12,3,9,0,0,0,9
2009,15,2009-07-12,Subiaco,West Coast,St Kilda,St Kilda,Justin Koschitzke,3,5,5,0,1,5,1
2009,15,2009-07-12,Subiaco,West Coast,St Kilda,St Kilda,Ben McEvoy,0,1,7,0,0,8,2
2009,15,2009-07-12,Subiaco,West Coast,St Kilda,St Kilda,Andrew McQualter,7,1,9,2,1,0,4
2009,15,2009-07-12,Subiaco,West Coast,St Kilda,St Kilda,Stephen Milne,14,5,3,4,4,0,3
2009,15,2009-07-12,Subiaco,West Coast,St Kilda,St Kilda,Leigh Montagna,23,7,20,0,2,0,9
2009,15,2009-07-12,Subiaco,West Coast,St Kilda,St Kilda,Farren Ray,12,6,12,1,0,0,5
2009,15,2009-07-12,Subiaco,West Coast,St Kilda,St Kilda,Nick Riewoldt,17,12,3,1,2,1,1
2009,16,2009-07-17,Docklands,Essendon,Western Bulldogs,Essendon,Alwyn Davey,4,1,8,1,0,0,6
2009,16,2009-07-17,Docklands,Essendon,Western Bulldogs,Essendon,Courtenay Dempsey,11,3,6,0,0,0,2
2009,16,2009-07-17,Docklands,Essendon,Western Bulldogs,Essendon,Ricky Dyson,12,6,7,0,0,0,1
2009,16,2009-07-17,Docklands,Essendon,Western Bulldogs,Essendon,Dustin Fletcher,15,5,10,0,0,0,3
2009,16,2009-07-17,Docklands,Essendon,Western Bulldogs,Essendon,Heath Hocking,10,7,6,1,0,0,4
2009,16,2009-07-17,Docklands,Essendon,Western Bulldogs,Essendon,Cale Hooker,1,3,7,0,0,2,9
2009,16,2009-07-17,Docklands,Essendon,Western Bulldogs,Essendon,Michael Hurley,6,7,9,1,0,0,3
2009,16,2009-07-17,Docklands,Essendon,Western Bulldogs,Essendon,Matthew Lloyd,8,9,4,2,1,0,2
2009,16,2009-07-17,Docklands,Essendon,Western Bulldogs,Essendon,Sam Lonergan,5,2,6,1,0,0,2
2009,16,2009-07-17,Docklands,Essendon,Western Bulldogs,Essendon,Andrew Lovett,21,5,6,0,1,0,0
2009,16,2009-07-17,Docklands,Essendon,Western Bulldogs,Essendon,Scott Lucas,8,4,4,0,0,0,1
2009,16,2009-07-17,Docklands,Essendon,Western Bulldogs,Essendon,Adam McPhee,10,8,9,0,0,0,2
2009,16,2009-07-17,Docklands,Essendon,Western Bulldogs,Essendon,Mark McVeigh,7,3,11,0,0,0,2
2009,16,2009-07-17,Docklands,Essendon,Western Bulldogs,Essendon,Tayte Pears,9,6,5,0,0,0,2
2009,16,2009-07-17,Docklands,Essendon,Western Bulldogs,Essendon,Brent Prismall,12,9,9,1,0,0,1
2009,16,2009-07-17,Docklands,Essendon,Western Bulldogs,Essendon,Kyle Reimers,8,2,3,1,0,0,5
2009,16,2009-07-17,Docklands,Essendon,Western Bulldogs,Essendon,Paddy Ryder,8,7,6,1,0,18,6
2009,16,2009-07-17,Docklands,Essendon,Western Bulldogs,Essendon,Henry Slattery,6,5,9,0,0,0,2
2009,16,2009-07-17,Docklands,Essendon,Western Bulldogs,Essendon,Brent Stanton,14,7,11,1,0,0,3
2009,16,2009-07-17,Docklands,Essendon,Western Bulldogs,Essendon,Jobe Watson,1,1,10,0,0,0,3
2009,16,2009-07-17,Docklands,Essendon,Western Bulldogs,Essendon,Andrew Welsh,10,4,14,0,1,0,6
2009,16,2009-07-17,Docklands,Essendon,Western Bulldogs,Essendon,Jason Winderlich,14,8,8,1,0,0,2
2009,16,2009-07-17,Docklands,Essendon,Western Bulldogs,Western Bulldogs,Jason Akermanis,6,2,12,0,1,0,3
2009,16,2009-07-17,Docklands,Essendon,Western Bulldogs,Western Bulldogs,Matthew Boyd,14,5,15,0,0,0,6
2009,16,2009-07-17,Docklands,Essendon,Western Bulldogs,Western Bulldogs,Adam Cooney,16,7,12,1,0,0,2
2009,16,2009-07-17,Docklands,Essendon,Western Bulldogs,Western Bulldogs,Daniel Cross,8,10,20,1,0,2,4
2009,16,2009-07-17,Docklands,Essendon,Western Bulldogs,Western Bulldogs,Nathan Eagleton,5,3,8,0,1,0,3
2009,16,2009-07-17,Docklands,Essendon,Western Bulldogs,Western Bulldogs,Lindsay Gilbee,13,6,7,0,0,0,3
2009,16,2009-07-17,Docklands,Essendon,Western Bulldogs,Western Bulldogs,Ryan Griffen,18,7,10,0,1,0,5
2009,16,2009-07-17,Docklands,Essendon,Western Bulldogs,Western Bulldogs,Mitch Hahn,13,6,6,5,1,0,5
2009,16,2009-07-17,Docklands,Essendon,Western Bulldogs,Western Bulldogs,Jarrod Harbrow,14,3,6,0,0,0,1
2009,16,2009-07-17,Docklands,Essendon,Western Bulldogs,Western Bulldogs,Ryan Hargrave,13,7,9,0,0,0,3
2009,16,2009-07-17,Docklands,Essendon,Western Bulldogs,Western Bulldogs,Shaun Higgins,17,8,7,2,0,0,4
2009,16,2009-07-17,Docklands,Essendon,Western Bulldogs,Western Bulldogs,Josh Hill,10,4,6,1,1,0,2
2009,16,2009-07-17,Docklands,Essendon,Western Bulldogs,Western Bulldogs,Ben Hudson,2,4,17,0,0,17,2
2009,16,2009-07-17,Docklands,Essendon,Western Bulldogs,Western Bulldogs,Brad Johnson,21,14,9,0,3,0,2
2009,16,2009-07-17,Docklands,Essendon,Western Bulldogs,Western Bulldogs,Brian Lake,7,11,11,0,0,0,1
2009,16,2009-07-17,Docklands,Essendon,Western Bulldogs,Western Bulldogs,Will Minson,9,7,11,1,0,14,3
2009,16,2009-07-17,Docklands,Essendon,Western Bulldogs,Western Bulldogs,Dale Morris,8,9,7,0,0,0,2
2009,16,2009-07-17,Docklands,Essendon,Western Bulldogs,Western Bulldogs,Robert Murphy,12,8,6,1,0,0,2
2009,16,2009-07-17,Docklands,Essendon,Western Bulldogs,Western Bulldogs,Liam Picken,1,1,7,0,0,0,5
2009,16,2009-07-17,Docklands,Essendon,Western Bulldogs,Western Bulldogs,Callan Ward,8,4,8,0,2,0,1
2009,16,2009-07-17,Docklands,Essendon,Western Bulldogs,Western Bulldogs,Scott Welsh,9,3,2,3,2,0,1
2009,16,2009-07-17,Docklands,Essendon,Western Bulldogs,Western Bulldogs,Tom Williams,4,2,7,0,0,0,1
2009,16,2009-07-18,Docklands,Carlton,Sydney,Carlton,Joe Anderson,4,2,7,0,0,0,3
2009,16,2009-07-18,Docklands,Carlton,Sydney,Carlton,Greg Bentley,6,1,9,0,0,0,3
2009,16,2009-07-18,Docklands,Carlton,Sydney,Carlton,Eddie Betts,4,2,8,1,0,0,7
2009,16,2009-07-18,Docklands,Carlton,Sydney,Carlton,Paul Bower,5,2,6,0,0,0,3
2009,16,2009-07-18,Docklands,Carlton,Sydney,Carlton,Andrew Carrazzo,11,5,10,1,1,0,0
2009,16,2009-07-18,Docklands,Carlton,Sydney,Carlton,Brendan Fevola,13,10,3,5,2,0,2
2009,16,2009-07-18,Docklands,Carlton,Sydney,Carlton,Brad Fisher,9,6,5,3,0,0,2
2009,16,2009-07-18,Docklands,Carlton,Sydney,Carlton,Bryce Gibbs,10,4,4,2,0,0,7
2009,16,2009-07-18,Docklands,Carlton,Sydney,Carlton,Shaun Grigg,10,4,3,0,1,1,3
2009,16,2009-07-18,Docklands,Carlton,Sydney,Carlton,Shaun Hampson,2,1,6,0,0,25,3
2009,16,2009-07-18,Docklands,Carlton,Sydney,Carlton,Adam Hartlett,8,4,2,0,0,2,1
2009,16,2009-07-18,Docklands,Carlton,Sydney,Carlton,Ryan Houlihan,13,5,9,0,0,0,1
2009,16,2009-07-18,Docklands,Carlton,Sydney,Carlton,Chris Johnson,10,4,1,0,0,0,5
2009,16,2009-07-18,Docklands,Carlton,Sydney,Carlton,Aaron Joseph,0,1,2,0,0,0,5
2009,16,2009-07-18,Docklands,Carlton,Sydney,Carlton,Chris Judd,13,4,13,1,1,0,3
2009,16,2009-07-18,Docklands,Carlton,Sydney,Carlton,Matthew Kreuzer,8,4,4,2,1,13,1
2009,16,2009-07-18,Docklands,Carlton,Sydney,Carlton,Marc Murphy,13,5,8,2,0,0,5
2009,16,2009-07-18,Docklands,Carlton,Sydney,Carlton,Jordan Russell,9,6,3,0,1,0,6
2009,16,2009-07-18,Docklands,Carlton,Sydney,Carlton,Heath Scotland,4,1,8,0,0,0,2
2009,16,2009-07-18,Docklands,Carlton,Sydney,Carlton,Kade Simpson,20,8,10,1,1,0,6
2009,16,2009-07-18,Docklands,Carlton,Sydney,Carlton,Bret Thornton,5,4,4,0,0,0,2
2009,16,2009-07-18,Docklands,Carlton,Sydney,Carlton,Chris Yarran,7,2,0,1,0,0,2
2009,16,2009-07-18,Docklands,Carlton,Sydney,Sydney,Luke Ablett,7,7,5,1,0,1,2
2009,16,2009-07-18,Docklands,Carlton,Sydney,Sydney,Ed Barlow,14,1,8,0,0,0,2
2009,16,2009-07-18,Docklands,Carlton,Sydney,Sydney,Paul Bevan,7,6,11,0,0,0,1
2009,16,2009-07-18,Docklands,Carlton,Sydney,Sydney,Craig Bird,3,2,13,0,0,0,4
2009,16,2009-07-18,Docklands,Carlton,Sydney,Sydney,Craig Bolton,11,7,10,0,0,0,2
2009,16,2009-07-18,Docklands,Carlton,Sydney,Sydney,Jude Bolton,7,4,8,0,0,0,3
2009,16,2009-07-18,Docklands,Carlton,Sydney,Sydney,Adam Goodes,19,10,6,0,2,1,4
2009,16,2009-07-18,Docklands,Carlton,Sydney,Sydney,Heath Grundy,7,4,7,0,0,0,1
2009,16,2009-07-18,Docklands,Carlton,Sydney,Sydney,Dan Hannebery,3,0,3,0,0,0,2
2009,16,2009-07-18,Docklands,Carlton,Sydney,Sydney,Kieren Jack,9,4,8,0,1,0,4
2009,16,2009-07-18,Docklands,Carlton,Sydney,Sydney,Darren Jolly,6,5,3,1,0,42,2
2009,16,2009-07-18,Docklands,Carlton,Sydney,Sydney,Brett Kirk,6,2,12,0,1,0,5
2009,16,2009-07-18,Docklands,Carlton,Sydney,Sydney,Martin Mattner,9,7,9,0,0,0,5
2009,16,2009-07-18,Docklands,Carlton,Sydney,Sydney,Jarrad McVeigh,15,6,15,0,0,0,3
2009,16,2009-07-18,Docklands,Carlton,Sydney,Sydney,Ryan OKeefe,13,9,20,2,1,0,14
2009,16,2009-07-18,Docklands,Carlton,Sydney,Sydney,Michael OLoughlin,12,7,2,1,0,0,2
2009,16,2009-07-18,Docklands,Carlton,Sydney,Sydney,Ted Richards,2,7,11,0,0,0,2
2009,16,2009-07-18,Docklands,Carlton,Sydney,Sydney,Lewis Roberts-Thomson,5,4,6,0,0,5,0
2009,16,2009-07-18,Docklands,Carlton,Sydney,Sydney,Rhyce Shaw,18,1,13,0,0,0,1
2009,16,2009-07-18,Docklands,Carlton,Sydney,Sydney,Nick Smith,8,4,9,0,0,0,0
2009,16,2009-07-18,Docklands,Carlton,Sydney,Sydney,Patrick Veszpremi,4,4,4,0,1,0,5
2009,16,2009-07-18,Docklands,Carlton,Sydney,Sydney,Jesse White,12,8,2,4,1,0,0
2009,16,2009-07-18,Kardinia Park,Geelong,Melbourne,Geelong,Gary Ablett,17,3,23,2,3,0,2
2009,16,2009-07-18,Kardinia Park,Geelong,Melbourne,Geelong,Shannon Byrnes,9,5,8,1,1,0,5
2009,16,2009-07-18,Kardinia Park,Geelong,Melbourne,Geelong,Paul Chapman,19,5,12,1,2,0,5
2009,16,2009-07-18,Kardinia Park,Geelong,Melbourne,Geelong,Joel Corey,12,4,15,0,0,0,0
2009,16,2009-07-18,Kardinia Park,Geelong,Melbourne,Geelong,Corey Enright,13,6,11,0,0,0,3
2009,16,2009-07-18,Kardinia Park,Geelong,Melbourne,Geelong,Tom Gillies,4,1,5,0,0,0,0
2009,16,2009-07-18,Kardinia Park,Geelong,Melbourne,Geelong,Tom Hawkins,8,8,8,1,0,7,5
2009,16,2009-07-18,Kardinia Park,Geelong,Melbourne,Geelong,Simon Hogan,10,5,16,2,1,0,5
2009,16,2009-07-18,Kardinia Park,Geelong,Melbourne,Geelong,Cameron Ling,13,9,11,0,0,0,2
2009,16,2009-07-18,Kardinia Park,Geelong,Melbourne,Geelong,Tom Lonergan,5,4,7,0,0,0,1
2009,16,2009-07-18,Kardinia Park,Geelong,Melbourne,Geelong,Andrew Mackie,12,10,11,2,1,0,5
2009,16,2009-07-18,Kardinia Park,Geelong,Melbourne,Geelong,Darren Milburn,8,4,16,0,0,0,4
2009,16,2009-07-18,Kardinia Park,Geelong,Melbourne,Geelong,Cameron Mooney,10,7,3,0,3,0,1
2009,16,2009-07-18,Kardinia Park,Geelong,Melbourne,Geelong,Shane Mumford,2,3,13,0,0,15,4
2009,16,2009-07-18,Kardinia Park,Geelong,Melbourne,Geelong,Max Rooke,8,7,5,0,1,0,4
2009,16,2009-07-18,Kardinia Park,Geelong,Melbourne,Geelong,Matthew Scarlett,18,4,12,0,0,0,1
2009,16,2009-07-18,Kardinia Park,Geelong,Melbourne,Geelong,Joel Selwood,15,3,16,1,0,1,9
2009,16,2009-07-18,Kardinia Park,Geelong,Melbourne,Geelong,Mathew Stokes,7,2,4,3,0,0,7
2009,16,2009-07-18,Kardinia Park,Geelong,Melbourne,Geelong,Harry Taylor,6,3,12,1,0,2,4
2009,16,2009-07-18,Kardinia Park,Geelong,Melbourne,Geelong,Kane Tenace,11,7,13,1,0,0,2
2009,16,2009-07-18,Kardinia Park,Geelong,Melbourne,Geelong,Travis Varcoe,8,3,2,2,1,0,2
2009,16,2009-07-18,Kardinia Park,Geelong,Melbourne,Geelong,David Wojcinski,8,1,14,0,1,0,3
2009,16,2009-07-18,Kardinia Park,Geelong,Melbourne,Melbourne,Clint Bartram,10,3,9,0,0,0,4
2009,16,2009-07-18,Kardinia Park,Geelong,Melbourne,Melbourne,Matthew Bate,9,5,4,3,0,0,4
2009,16,2009-07-18,Kardinia Park,Geelong,Melbourne,Melbourne,Jamie Bennell,8,3,7,0,0,0,1
2009,16,2009-07-18,Kardinia Park,Geelong,Melbourne,Melbourne,Cameron Bruce,6,3,15,0,0,0,5
2009,16,2009-07-18,Kardinia Park,Geelong,Melbourne,Melbourne,Aaron Davey,13,2,7,0,1,0,2
2009,16,2009-07-18,Kardinia Park,Geelong,Melbourne,Melbourne,Lynden Dunn,10,4,6,1,0,3,4
2009,16,2009-07-18,Kardinia Park,Geelong,Melbourne,Melbourne,James Frawley,7,3,7,0,0,0,3
2009,16,2009-07-18,Kardinia Park,Geelong,Melbourne,Melbourne,Brad Green,13,8,14,0,0,0,2
2009,16,2009-07-18,Kardinia Park,Geelong,Melbourne,Melbourne,Jack Grimes,12,8,9,0,0,0,3
2009,16,2009-07-18,Kardinia Park,Geelong,Melbourne,Melbourne,Mark Jamar,1,1,6,0,0,29,1
2009,16,2009-07-18,Kardinia Park,Geelong,Melbourne,Melbourne,Neville Jetta,8,0,8,0,0,0,3
2009,16,2009-07-18,Kardinia Park,Geelong,Melbourne,Melbourne,Nathan Jones,8,5,14,0,0,0,2
2009,16,2009-07-18,Kardinia Park,Geelong,Melbourne,Melbourne,Liam Jurrah,7,4,3,2,0,0,3
2009,16,2009-07-18,Kardinia Park,Geelong,Melbourne,Melbourne,Stefan Martin,0,0,6,0,0,17,3
2009,16,2009-07-18,Kardinia Park,Geelong,Melbourne,Melbourne,James McDonald,11,7,7,0,0,0,1
2009,16,2009-07-18,Kardinia Park,Geelong,Melbourne,Melbourne,Brock McLean,5,2,2,0,0,0,2
2009,16,2009-07-18,Kardinia Park,Geelong,Melbourne,Melbourne,Brent Moloney,11,2,16,1,0,0,6
2009,16,2009-07-18,Kardinia Park,Geelong,Melbourne,Melbourne,Cale Morton,11,5,7,3,0,0,3
2009,16,2009-07-18,Kardinia Park,Geelong,Melbourne,Melbourne,Ricky Petterd,12,4,10,1,0,0,0
2009,16,2009-07-18,Kardinia Park,Geelong,Melbourne,Melbourne,Jared Rivers,4,4,6,0,0,0,6
2009,16,2009-07-18,Kardinia Park,Geelong,Melbourne,Melbourne,Russell Robertson,4,4,3,0,2,0,2
2009,16,2009-07-18,Kardinia Park,Geelong,Melbourne,Melbourne,Matthew Warnock,3,3,7,0,0,0,2
2009,16,2009-07-18,M.C.G.,Collingwood,Hawthorn,Collingwood,John Anthony,7,8,10,2,2,0,4
2009,16,2009-07-18,M.C.G.,Collingwood,Hawthorn,Collingwood,Dayne Beams,11,2,14,1,0,0,5
2009,16,2009-07-18,M.C.G.,Collingwood,Hawthorn,Collingwood,Leigh Brown,5,2,4,0,2,8,8
2009,16,2009-07-18,M.C.G.,Collingwood,Hawthorn,Collingwood,Nathan Brown,4,3,4,0,0,0,3
2009,16,2009-07-18,M.C.G.,Collingwood,Hawthorn,Collingwood,Travis Cloke,11,6,1,0,1,0,2
2009,16,2009-07-18,M.C.G.,Collingwood,Hawthorn,Collingwood,Leon Davis,17,4,6,0,1,0,4
2009,16,2009-07-18,M.C.G.,Collingwood,Hawthorn,Collingwood,Brad Dick,2,1,3,0,1,0,2
2009,16,2009-07-18,M.C.G.,Collingwood,Hawthorn,Collingwood,Alan Didak,12,1,5,0,0,1,0
2009,16,2009-07-18,M.C.G.,Collingwood,Hawthorn,Collingwood,Ben Johnson,9,5,14,0,0,0,2
2009,16,2009-07-18,M.C.G.,Collingwood,Hawthorn,Collingwood,Tarkyn Lockyer,12,4,5,3,1,0,9
2009,16,2009-07-18,M.C.G.,Collingwood,Hawthorn,Collingwood,Heritier Lumumba,7,5,8,0,0,0,1
2009,16,2009-07-18,M.C.G.,Collingwood,Hawthorn,Collingwood,Nick Maxwell,6,4,9,0,0,0,3
2009,16,2009-07-18,M.C.G.,Collingwood,Hawthorn,Collingwood,Paul Medhurst,6,5,2,1,0,0,1
2009,16,2009-07-18,M.C.G.,Collingwood,Hawthorn,Collingwood,Shane OBree,14,4,7,1,0,0,8
2009,16,2009-07-18,M.C.G.,Collingwood,Hawthorn,Collingwood,Scott Pendlebury,14,9,10,1,0,0,4
2009,16,2009-07-18,M.C.G.,Collingwood,Hawthorn,Collingwood,Simon Prestigiacomo,3,2,8,0,0,0,5
2009,16,2009-07-18,M.C.G.,Collingwood,Hawthorn,Collingwood,Heath Shaw,16,5,16,0,0,0,4
2009,16,2009-07-18,M.C.G.,Collingwood,Hawthorn,Collingwood,Dane Swan,17,5,18,1,0,0,8
2009,16,2009-07-18,M.C.G.,Collingwood,Hawthorn,Collingwood,Dale Thomas,9,7,10,0,1,0,3
2009,16,2009-07-18,M.C.G.,Collingwood,Hawthorn,Collingwood,Alan Toovey,4,1,7,0,0,1,7
2009,16,2009-07-18,M.C.G.,Collingwood,Hawthorn,Collingwood,Sharrod Wellingham,7,3,9,0,0,0,4
2009,16,2009-07-18,M.C.G.,Collingwood,Hawthorn,Collingwood,Cameron Wood,5,2,8,1,0,20,5
2009,16,2009-07-18,M.C.G.,Collingwood,Hawthorn,Hawthorn,Chance Bateman,14,5,13,0,1,0,1
2009,16,2009-07-18,M.C.G.,Collingwood,Hawthorn,Hawthorn,Grant Birchall,12,6,10,0,0,0,1
2009,16,2009-07-18,M.C.G.,Collingwood,Hawthorn,Hawthorn,Campbell Brown,4,3,7,0,0,0,3
2009,16,2009-07-18,M.C.G.,Collingwood,Hawthorn,Hawthorn,Beau Dowler,8,1,3,1,1,0,1
2009,16,2009-07-18,M.C.G.,Collingwood,Hawthorn,Hawthorn,Xavier Ellis,12,6,11,1,0,0,5
2009,16,2009-07-18,M.C.G.,Collingwood,Hawthorn,Hawthorn,Lance Franklin,12,5,12,5,4,1,1
2009,16,2009-07-18,M.C.G.,Collingwood,Hawthorn,Hawthorn,Stephen Gilham,4,4,10,0,0,0,1
2009,16,2009-07-18,M.C.G.,Collingwood,Hawthorn,Hawthorn,Brent Guerra,13,9,11,0,0,0,3
2009,16,2009-07-18,M.C.G.,Collingwood,Hawthorn,Hawthorn,Luke Hodge,18,5,16,3,1,0,6
2009,16,2009-07-18,M.C.G.,Collingwood,Hawthorn,Hawthorn,Josh Kennedy,2,1,17,0,0,0,5
2009,16,2009-07-18,M.C.G.,Collingwood,Hawthorn,Hawthorn,Jordan Lewis,9,6,20,1,0,2,2
2009,16,2009-07-18,M.C.G.,Collingwood,Hawthorn,Hawthorn,Ben McGlynn,10,6,8,1,0,0,3
2009,16,2009-07-18,M.C.G.,Collingwood,Hawthorn,Hawthorn,Sam Mitchell,16,4,9,3,0,0,0
2009,16,2009-07-18,M.C.G.,Collingwood,Hawthorn,Hawthorn,Tom Murphy,4,4,11,0,0,0,5
2009,16,2009-07-18,M.C.G.,Collingwood,Hawthorn,Hawthorn,Michael Osborne,5,4,10,0,0,0,0
2009,16,2009-07-18,M.C.G.,Collingwood,Hawthorn,Hawthorn,Brent Renouf,1,2,10,0,0,17,4
2009,16,2009-07-18,M.C.G.,Collingwood,Hawthorn,Hawthorn,Cyril Rioli,6,4,8,1,0,0,3
2009,16,2009-07-18,M.C.G.,Collingwood,Hawthorn,Hawthorn,Jarryd Roughead,9,5,6,2,4,2,3
2009,16,2009-07-18,M.C.G.,Collingwood,Hawthorn,Hawthorn,Ryan Schoenmakers,10,5,7,0,0,0,2
2009,16,2009-07-18,M.C.G.,Collingwood,Hawthorn,Hawthorn,Brad Sewell,9,4,16,0,0,0,4
2009,16,2009-07-18,M.C.G.,Collingwood,Hawthorn,Hawthorn,Liam Shiels,3,3,10,0,0,0,2
2009,16,2009-07-18,M.C.G.,Collingwood,Hawthorn,Hawthorn,Simon Taylor,4,1,7,0,0,28,6
2009,16,2009-07-18,Subiaco,Fremantle,Brisbane Lions,Fremantle,Hayden Ballantyne,8,1,4,0,1,0,2
2009,16,2009-07-18,Subiaco,Fremantle,Brisbane Lions,Fremantle,Kepler Bradley,9,5,5,2,0,25,1
2009,16,2009-07-18,Subiaco,Fremantle,Brisbane Lions,Fremantle,Greg Broughton,8,2,11,0,0,0,3
2009,16,2009-07-18,Subiaco,Fremantle,Brisbane Lions,Fremantle,Adam Campbell,5,2,2,1,1,0,2
2009,16,2009-07-18,Subiaco,Fremantle,Brisbane Lions,Fremantle,Zac Clarke,2,1,11,0,0,10,3
2009,16,2009-07-18,Subiaco,Fremantle,Brisbane Lions,Fremantle,Matt de Boer,5,2,8,0,0,0,6
2009,16,2009-07-18,Subiaco,Fremantle,Brisbane Lions,Fremantle,Steven Dodd,5,4,16,0,0,0,6
2009,16,2009-07-18,Subiaco,Fremantle,Brisbane Lions,Fremantle,Paul Duffield,21,7,5,0,0,0,4
2009,16,2009-07-18,Subiaco,Fremantle,Brisbane Lions,Fremantle,Andrew Foster,2,1,2,0,0,0,1
2009,16,2009-07-18,Subiaco,Fremantle,Brisbane Lions,Fremantle,Antoni Grover,6,5,7,1,0,4,3
2009,16,2009-07-18,Subiaco,Fremantle,Brisbane Lions,Fremantle,Paul Hasleby,13,2,13,0,0,0,3
2009,16,2009-07-18,Subiaco,Fremantle,Brisbane Lions,Fremantle,Stephen Hill,6,4,7,0,0,0,8
2009,16,2009-07-18,Subiaco,Fremantle,Brisbane Lions,Fremantle,Garrick Ibbotson,16,4,11,0,0,0,3
2009,16,2009-07-18,Subiaco,Fremantle,Brisbane Lions,Fremantle,Luke McPharlin,5,2,3,0,1,0,1
2009,16,2009-07-18,Subiaco,Fremantle,Brisbane Lions,Fremantle,David Mundy,8,3,7,1,0,1,7
2009,16,2009-07-18,Subiaco,Fremantle,Brisbane Lions,Fremantle,Brett Peake,7,1,10,0,0,0,2
2009,16,2009-07-18,Subiaco,Fremantle,Brisbane Lions,Fremantle,Clancee Pearce,13,6,8,0,1,0,3
2009,16,2009-07-18,Subiaco,Fremantle,Brisbane Lions,Fremantle,Tim Ruffles,4,0,0,0,0,0,0
2009,16,2009-07-18,Subiaco,Fremantle,Brisbane Lions,Fremantle,Dean Solomon,11,3,10,0,0,0,6
2009,16,2009-07-18,Subiaco,Fremantle,Brisbane Lions,Fremantle,Nick Suban,14,2,6,1,1,0,4
2009,16,2009-07-18,Subiaco,Fremantle,Brisbane Lions,Fremantle,Chris Tarrant,4,3,4,0,0,0,1
2009,16,2009-07-18,Subiaco,Fremantle,Brisbane Lions,Fremantle,Scott Thornton,8,4,6,1,0,0,0
2009,16,2009-07-18,Subiaco,Fremantle,Brisbane Lions,Brisbane Lions,Simon Black,10,1,11,0,0,1,13
2009,16,2009-07-18,Subiaco,Fremantle,Brisbane Lions,Brisbane Lions,Daniel Bradshaw,2,0,2,1,1,0,1
2009,16,2009-07-18,Subiaco,Fremantle,Brisbane Lions,Brisbane Lions,Jared Brennan,10,3,5,0,2,7,1
2009,16,2009-07-18,Subiaco,Fremantle,Brisbane Lions,Brisbane Lions,Jonathan Brown,11,5,4,4,3,1,0
2009,16,2009-07-18,Subiaco,Fremantle,Brisbane Lions,Brisbane Lions,Mitch Clark,5,3,10,1,0,37,7
2009,16,2009-07-18,Subiaco,Fremantle,Brisbane Lions,Brisbane Lions,Tom Collier,4,2,6,0,0,0,1
2009,16,2009-07-18,Subiaco,Fremantle,Brisbane Lions,Brisbane Lions,Bradd Dalziell,9,6,13,1,0,0,6
2009,16,2009-07-18,Subiaco,Fremantle,Brisbane Lions,Brisbane Lions,Josh Drummond,9,0,5,0,0,0,1
2009,16,2009-07-18,Subiaco,Fremantle,Brisbane Lions,Brisbane Lions,Joel Macdonald,9,1,5,0,0,0,4
2009,16,2009-07-18,Subiaco,Fremantle,Brisbane Lions,Brisbane Lions,Ashley McGrath,9,4,5,0,0,0,1
2009,16,2009-07-18,Subiaco,Fremantle,Brisbane Lions,Brisbane Lions,Daniel Merrett,3,4,6,0,0,0,2
2009,16,2009-07-18,Subiaco,Fremantle,Brisbane Lions,Brisbane Lions,Tim Notting,6,3,9,0,0,1,5
2009,16,2009-07-18,Subiaco,Fremantle,Brisbane Lions,Brisbane Lions,Joel Patfull,10,5,5,0,0,0,3
2009,16,2009-07-18,Subiaco,Fremantle,Brisbane Lions,Brisbane Lions,James Polkinghorne,5,1,7,0,0,1,5
2009,16,2009-07-18,Subiaco,Fremantle,Brisbane Lions,Brisbane Lions,Luke Power,9,2,9,0,0,0,4
2009,16,2009-07-18,Subiaco,Fremantle,Brisbane Lions,Brisbane Lions,Albert Proud,6,1,2,0,0,0,2
2009,16,2009-07-18,Subiaco,Fremantle,Brisbane Lions,Brisbane Lions,Jack Redden,7,3,9,0,0,0,9
2009,16,2009-07-18,Subiaco,Fremantle,Brisbane Lions,Brisbane Lions,Daniel Rich,16,2,15,1,0,1,3
2009,16,2009-07-18,Subiaco,Fremantle,Brisbane Lions,Brisbane Lions,Michael Rischitelli,13,2,6,0,0,0,4
2009,16,2009-07-18,Subiaco,Fremantle,Brisbane Lions,Brisbane Lions,Sam Sheldon,6,2,6,0,0,0,2
2009,16,2009-07-18,Subiaco,Fremantle,Brisbane Lions,Brisbane Lions,Justin Sherman,9,2,6,1,1,0,5
2009,16,2009-07-18,Subiaco,Fremantle,Brisbane Lions,Brisbane Lions,Cheynee Stiller,6,2,5,0,0,0,4
2009,16,2009-07-19,Football Park,Port Adelaide,West Coast,Port Adelaide,Travis Boak,6,4,7,0,0,0,5
2009,16,2009-07-19,Football Park,Port Adelaide,West Coast,Port Adelaide,Matthew Broadbent,5,3,8,2,0,1,0
2009,16,2009-07-19,Football Park,Port Adelaide,West Coast,Port Adelaide,Dean Brogan,5,2,5,0,0,19,4
2009,16,2009-07-19,Football Park,Port Adelaide,West Coast,Port Adelaide,Alipate Carlile,7,6,11,0,0,0,1
2009,16,2009-07-19,Football Park,Port Adelaide,West Coast,Port Adelaide,Domenic Cassisi,13,2,13,0,0,0,15
2009,16,2009-07-19,Football Park,Port Adelaide,West Coast,Port Adelaide,Chad Cornes,14,9,13,0,0,0,1
2009,16,2009-07-19,Football Park,Port Adelaide,West Coast,Port Adelaide,Kane Cornes,13,5,14,1,0,0,7
2009,16,2009-07-19,Football Park,Port Adelaide,West Coast,Port Adelaide,Jason Davenport,11,8,15,2,0,0,9
2009,16,2009-07-19,Football Park,Port Adelaide,West Coast,Port Adelaide,Brett Ebert,7,4,3,3,0,0,2
2009,16,2009-07-19,Football Park,Port Adelaide,West Coast,Port Adelaide,Robbie Gray,6,2,4,2,2,0,4
2009,16,2009-07-19,Football Park,Port Adelaide,West Coast,Port Adelaide,Nathan Krakouer,8,2,3,0,0,0,2
2009,16,2009-07-19,Football Park,Port Adelaide,West Coast,Port Adelaide,Brendon Lade,7,4,3,0,1,35,1
2009,16,2009-07-19,Football Park,Port Adelaide,West Coast,Port Adelaide,Nick Lower,8,4,7,0,0,0,1
2009,16,2009-07-19,Football Park,Port Adelaide,West Coast,Port Adelaide,Danyle Pearce,7,2,9,0,0,0,3
2009,16,2009-07-19,Football Park,Port Adelaide,West Coast,Port Adelaide,David Rodan,10,0,13,2,1,0,5
2009,16,2009-07-19,Football Park,Port Adelaide,West Coast,Port Adelaide,Steven Salopek,22,11,5,0,0,0,0
2009,16,2009-07-19,Football Park,Port Adelaide,West Coast,Port Adelaide,Nick Salter,8,2,1,2,1,0,4
2009,16,2009-07-19,Football Park,Port Adelaide,West Coast,Port Adelaide,Paul Stewart,6,5,5,0,1,0,4
2009,16,2009-07-19,Football Park,Port Adelaide,West Coast,Port Adelaide,Jacob Surjan,8,3,6,0,0,0,4
2009,16,2009-07-19,Football Park,Port Adelaide,West Coast,Port Adelaide,Toby Thurstans,11,7,5,0,1,0,1
2009,16,2009-07-19,Football Park,Port Adelaide,West Coast,Port Adelaide,Warren Tredrea,10,7,5,2,1,0,2
2009,16,2009-07-19,Football Park,Port Adelaide,West Coast,Port Adelaide,Justin Westhoff,10,6,4,1,2,1,1
2009,16,2009-07-19,Football Park,Port Adelaide,West Coast,West Coast,Mitch Brown,4,4,11,0,0,0,3
2009,16,2009-07-19,Football Park,Port Adelaide,West Coast,West Coast,Sam Butler,7,4,5,0,0,0,3
2009,16,2009-07-19,Football Park,Port Adelaide,West Coast,West Coast,Adam Cockie,3,7,11,0,0,0,5
2009,16,2009-07-19,Football Park,Port Adelaide,West Coast,West Coast,Brad Ebert,9,4,8,0,0,0,6
2009,16,2009-07-19,Football Park,Port Adelaide,West Coast,West Coast,Andrew Embley,13,6,9,0,1,1,4
2009,16,2009-07-19,Football Park,Port Adelaide,West Coast,West Coast,Darren Glass,6,6,10,0,0,0,0
2009,16,2009-07-19,Football Park,Port Adelaide,West Coast,West Coast,Ashley Hansen,8,4,1,3,0,0,0
2009,16,2009-07-19,Football Park,Port Adelaide,West Coast,West Coast,Tim Houlihan,6,3,9,0,0,0,1
2009,16,2009-07-19,Football Park,Port Adelaide,West Coast,West Coast,Shannon Hurn,10,6,2,0,0,0,2
2009,16,2009-07-19,Football Park,Port Adelaide,West Coast,West Coast,Josh Kennedy,7,5,5,1,1,0,2
2009,16,2009-07-19,Football Park,Port Adelaide,West Coast,West Coast,Mark LeCras,4,3,3,2,1,0,1
2009,16,2009-07-19,Football Park,Port Adelaide,West Coast,West Coast,Quinten Lynch,14,9,2,2,3,0,1
2009,16,2009-07-19,Football Park,Port Adelaide,West Coast,West Coast,Eric Mackenzie,6,3,7,0,0,0,0
2009,16,2009-07-19,Football Park,Port Adelaide,West Coast,West Coast,Chris Masten,15,1,23,1,1,0,1
2009,16,2009-07-19,Football Park,Port Adelaide,West Coast,West Coast,Patrick McGinnity,4,1,9,1,0,0,5
2009,16,2009-07-19,Football Park,Port Adelaide,West Coast,West Coast,Nic Naitanui,1,0,7,0,0,13,6
2009,16,2009-07-19,Football Park,Port Adelaide,West Coast,West Coast,Matt Priddis,4,1,9,0,0,0,5
2009,16,2009-07-19,Football Park,Port Adelaide,West Coast,West Coast,Matt Rosa,10,2,16,1,0,4,6
2009,16,2009-07-19,Football Park,Port Adelaide,West Coast,West Coast,Mark Seaby,3,5,9,0,0,17,4
2009,16,2009-07-19,Football Park,Port Adelaide,West Coast,West Coast,Adam Selwood,7,2,15,0,0,0,6
2009,16,2009-07-19,Football Park,Port Adelaide,West Coast,West Coast,Matthew Spangher,10,4,7,0,1,0,3
2009,16,2009-07-19,Football Park,Port Adelaide,West Coast,West Coast,David Wirrpanda,16,5,8,0,0,0,2
2009,16,2009-07-19,M.C.G.,Richmond,North Melbourne,Richmond,Mark Coughlan,9,4,8,1,0,0,4
2009,16,2009-07-19,M.C.G.,Richmond,North Melbourne,Richmond,Brett Deledio,9,2,14,0,0,1,2
2009,16,2009-07-19,M.C.G.,Richmond,North Melbourne,Richmond,Shane Edwards,12,3,4,1,0,0,1
2009,16,2009-07-19,M.C.G.,Richmond,North Melbourne,Richmond,Angus Graham,1,0,4,0,0,13,5
2009,16,2009-07-19,M.C.G.,Richmond,North Melbourne,Richmond,Tom Hislop,5,6,7,1,1,0,2
2009,16,2009-07-19,M.C.G.,Richmond,North Melbourne,Richmond,Daniel Jackson,11,7,12,0,0,0,4
2009,16,2009-07-19,M.C.G.,Richmond,North Melbourne,Richmond,Jake King,4,2,8,0,0,0,5
2009,16,2009-07-19,M.C.G.,Richmond,North Melbourne,Richmond,Luke McGuane,3,2,5,0,0,0,1
2009,16,2009-07-19,M.C.G.,Richmond,North Melbourne,Richmond,Jordan McMahon,13,6,13,0,0,0,1
2009,16,2009-07-19,M.C.G.,Richmond,North Melbourne,Richmond,Mitch Morton,12,6,8,2,1,0,6
2009,16,2009-07-19,M.C.G.,Richmond,North Melbourne,Richmond,Robin Nahas,11,6,6,2,1,0,4
2009,16,2009-07-19,M.C.G.,Richmond,North Melbourne,Richmond,Chris Newman,19,7,6,0,1,0,7
2009,16,2009-07-19,M.C.G.,Richmond,North Melbourne,Richmond,Dean Polo,4,3,11,1,0,0,3
2009,16,2009-07-19,M.C.G.,Richmond,North Melbourne,Richmond,Jayden Post,9,3,1,0,3,1,1
2009,16,2009-07-19,M.C.G.,Richmond,North Melbourne,Richmond,Alex Rance,5,3,5,0,0,1,1
2009,16,2009-07-19,M.C.G.,Richmond,North Melbourne,Richmond,Jack Riewoldt,13,8,3,3,1,0,3
2009,16,2009-07-19,M.C.G.,Richmond,North Melbourne,Richmond,Jarrod Silvester,5,1,7,0,0,0,3
2009,16,2009-07-19,M.C.G.,Richmond,North Melbourne,Richmond,Richard Tambling,14,6,13,0,2,0,3
2009,16,2009-07-19,M.C.G.,Richmond,North Melbourne,Richmond,Will Thursfield,5,2,8,0,0,0,3
2009,16,2009-07-19,M.C.G.,Richmond,North Melbourne,Richmond,Shane Tuck,11,2,13,0,0,1,2
2009,16,2009-07-19,M.C.G.,Richmond,North Melbourne,Richmond,Ty Vickery,3,2,12,0,0,11,1
2009,16,2009-07-19,M.C.G.,Richmond,North Melbourne,Richmond,Matt White,9,4,1,1,0,0,2
2009,16,2009-07-19,M.C.G.,Richmond,North Melbourne,North Melbourne,Leigh Adams,6,4,12,0,0,0,1
2009,16,2009-07-19,M.C.G.,Richmond,North Melbourne,North Melbourne,Liam Anthony,7,1,9,0,0,0,8
2009,16,2009-07-19,M.C.G.,Richmond,North Melbourne,North Melbourne,Michael Firrito,4,3,7,0,1,0,4
2009,16,2009-07-19,M.C.G.,Richmond,North Melbourne,North Melbourne,Josh Gibson,9,4,7,0,1,1,6
2009,16,2009-07-19,M.C.G.,Richmond,North Melbourne,North Melbourne,Todd Goldstein,1,2,7,0,0,16,3
2009,16,2009-07-19,M.C.G.,Richmond,North Melbourne,North Melbourne,Levi Greenwood,10,3,3,1,1,0,9
2009,16,2009-07-19,M.C.G.,Richmond,North Melbourne,North Melbourne,Nathan Grima,10,4,7,0,0,0,2
2009,16,2009-07-19,M.C.G.,Richmond,North Melbourne,North Melbourne,David Hale,6,5,2,2,1,1,1
2009,16,2009-07-19,M.C.G.,Richmond,North Melbourne,North Melbourne,Lachlan Hansen,6,6,4,1,1,0,0
2009,16,2009-07-19,M.C.G.,Richmond,North Melbourne,North Melbourne,Leigh Harding,10,6,7,3,0,0,7
2009,16,2009-07-19,M.C.G.,Richmond,North Melbourne,North Melbourne,Brent Harvey,16,6,15,2,0,0,4
2009,16,2009-07-19,M.C.G.,Richmond,North Melbourne,North Melbourne,Corey Jones,7,5,9,1,0,0,7
2009,16,2009-07-19,M.C.G.,Richmond,North Melbourne,North Melbourne,Hamish McIntosh,10,3,10,1,0,31,7
2009,16,2009-07-19,M.C.G.,Richmond,North Melbourne,North Melbourne,Scott McMahon,12,1,3,0,0,0,3
2009,16,2009-07-19,M.C.G.,Richmond,North Melbourne,North Melbourne,Drew Petrie,5,6,8,0,2,1,3
2009,16,2009-07-19,M.C.G.,Richmond,North Melbourne,North Melbourne,Sam Power,17,5,13,0,0,0,2
2009,16,2009-07-19,M.C.G.,Richmond,North Melbourne,North Melbourne,Daniel Pratt,12,6,9,0,0,0,3
2009,16,2009-07-19,M.C.G.,Richmond,North Melbourne,North Melbourne,Brady Rawlings,8,4,14,0,0,0,3
2009,16,2009-07-19,M.C.G.,Richmond,North Melbourne,North Melbourne,Adam Simpson,8,3,10,0,0,1,1
2009,16,2009-07-19,M.C.G.,Richmond,North Melbourne,North Melbourne,Andrew Swallow,6,3,3,1,1,0,12
2009,16,2009-07-19,M.C.G.,Richmond,North Melbourne,North Melbourne,Lindsay Thomas,7,2,3,0,1,0,1
2009,16,2009-07-19,M.C.G.,Richmond,North Melbourne,North Melbourne,Scott Thompson,10,7,13,0,0,0,4
2009,16,2009-07-19,Docklands,St Kilda,Adelaide,St Kilda,Steven Baker,18,13,14,0,0,0,5
2009,16,2009-07-19,Docklands,St Kilda,Adelaide,St Kilda,Jason Blake,13,12,12,0,0,0,1
2009,16,2009-07-19,Docklands,St Kilda,Adelaide,St Kilda,Raphael Clarke,9,6,10,0,0,0,2
2009,16,2009-07-19,Docklands,St Kilda,Adelaide,St Kilda,Nick Dal Santo,15,4,15,0,0,1,3
2009,16,2009-07-19,Docklands,St Kilda,Adelaide,St Kilda,Zac Dawson,7,9,10,0,0,1,0
2009,16,2009-07-19,Docklands,St Kilda,Adelaide,St Kilda,Sean Dempster,11,7,6,0,0,0,1
2009,16,2009-07-19,Docklands,St Kilda,Adelaide,St Kilda,Robert Eddy,7,4,4,0,1,0,3
2009,16,2009-07-19,Docklands,St Kilda,Adelaide,St Kilda,Sam Fisher,16,13,14,0,0,1,2
2009,16,2009-07-19,Docklands,St Kilda,Adelaide,St Kilda,Sam Gilbert,18,7,9,0,0,0,2
2009,16,2009-07-19,Docklands,St Kilda,Adelaide,St Kilda,Brendon Goddard,20,7,13,0,2,1,3
2009,16,2009-07-19,Docklands,St Kilda,Adelaide,St Kilda,Jason Gram,22,6,12,1,0,0,5
2009,16,2009-07-19,Docklands,St Kilda,Adelaide,St Kilda,Lenny Hayes,15,2,19,0,2,1,10
2009,16,2009-07-19,Docklands,St Kilda,Adelaide,St Kilda,Clinton Jones,5,2,8,0,0,0,5
2009,16,2009-07-19,Docklands,St Kilda,Adelaide,St Kilda,Steven King,1,1,7,0,0,12,2
2009,16,2009-07-19,Docklands,St Kilda,Adelaide,St Kilda,Justin Koschitzke,3,3,4,1,0,0,2
2009,16,2009-07-19,Docklands,St Kilda,Adelaide,St Kilda,Ben McEvoy,3,2,7,1,1,7,1
2009,16,2009-07-19,Docklands,St Kilda,Adelaide,St Kilda,Andrew McQualter,7,3,8,1,0,0,6
2009,16,2009-07-19,Docklands,St Kilda,Adelaide,St Kilda,Stephen Milne,11,7,3,4,1,0,0
2009,16,2009-07-19,Docklands,St Kilda,Adelaide,St Kilda,Leigh Montagna,13,10,16,0,0,0,5
2009,16,2009-07-19,Docklands,St Kilda,Adelaide,St Kilda,Farren Ray,19,13,20,1,1,0,5
2009,16,2009-07-19,Docklands,St Kilda,Adelaide,St Kilda,Nick Riewoldt,14,12,5,4,5,1,2
2009,16,2009-07-19,Docklands,St Kilda,Adelaide,St Kilda,Adam Schneider,12,2,3,2,2,0,8
2009,16,2009-07-19,Docklands,St Kilda,Adelaide,Adelaide,Nathan Bock,18,12,10,0,0,0,2
2009,16,2009-07-19,Docklands,St Kilda,Adelaide,Adelaide,Brett Burton,6,3,1,0,0,0,2
2009,16,2009-07-19,Docklands,St Kilda,Adelaide,Adelaide,Patrick Dangerfield,1,1,10,1,0,0,2
2009,16,2009-07-19,Docklands,St Kilda,Adelaide,Adelaide,Michael Doughty,9,5,13,0,0,1,7
2009,16,2009-07-19,Docklands,St Kilda,Adelaide,Adelaide,Richard Douglas,6,5,6,0,1,0,3
2009,16,2009-07-19,Docklands,St Kilda,Adelaide,Adelaide,Simon Goodwin,12,5,17,0,0,0,3
2009,16,2009-07-19,Docklands,St Kilda,Adelaide,Adelaide,Graham Johncock,13,7,6,0,0,0,4
2009,16,2009-07-19,Docklands,St Kilda,Adelaide,Adelaide,Chris Knights,9,6,6,1,1,0,1
2009,16,2009-07-19,Docklands,St Kilda,Adelaide,Adelaide,David Mackay,2,1,7,0,0,0,2
2009,16,2009-07-19,Docklands,St Kilda,Adelaide,Adelaide,Ivan Maric,2,0,6,0,0,11,0
2009,16,2009-07-19,Docklands,St Kilda,Adelaide,Adelaide,Brodie Martin,10,8,6,1,0,2,4
2009,16,2009-07-19,Docklands,St Kilda,Adelaide,Adelaide,Andrew McLeod,8,4,11,0,0,0,2
2009,16,2009-07-19,Docklands,St Kilda,Adelaide,Adelaide,Andy Otten,11,7,15,0,0,0,0
2009,16,2009-07-19,Docklands,St Kilda,Adelaide,Adelaide,Jason Porplyzia,5,4,5,0,2,0,0
2009,16,2009-07-19,Docklands,St Kilda,Adelaide,Adelaide,Brent Reilly,10,5,14,0,0,0,5
2009,16,2009-07-19,Docklands,St Kilda,Adelaide,Adelaide,Ben Rutten,6,7,12,0,0,0,1
2009,16,2009-07-19,Docklands,St Kilda,Adelaide,Adelaide,James Sellar,2,0,5,0,0,6,1
2009,16,2009-07-19,Docklands,St Kilda,Adelaide,Adelaide,Scott Stevens,11,9,5,2,1,0,3
2009,16,2009-07-19,Docklands,St Kilda,Adelaide,Adelaide,Brad Symes,9,7,13,0,0,0,1
2009,16,2009-07-19,Docklands,St Kilda,Adelaide,Adelaide,Scott Thompson,8,3,19,0,0,0,3
2009,16,2009-07-19,Docklands,St Kilda,Adelaide,Adelaide,Kurt Tippett,4,2,0,2,0,10,3
2009,16,2009-07-19,Docklands,St Kilda,Adelaide,Adelaide,Bernie Vince,7,1,12,0,0,0,1
2009,17,2009-07-24,M.C.G.,Carlton,Collingwood,Carlton,Mark Austin,5,1,3,0,0,0,0
2009,17,2009-07-24,M.C.G.,Carlton,Collingwood,Carlton,Greg Bentley,6,2,5,1,0,0,1
2009,17,2009-07-24,M.C.G.,Carlton,Collingwood,Carlton,Eddie Betts,7,2,5,2,0,0,6
2009,17,2009-07-24,M.C.G.,Carlton,Collingwood,Carlton,Paul Bower,14,8,10,0,0,0,2
2009,17,2009-07-24,M.C.G.,Carlton,Collingwood,Carlton,Andrew Carrazzo,13,4,9,0,1,0,6
2009,17,2009-07-24,M.C.G.,Carlton,Collingwood,Carlton,Brendan Fevola,6,4,1,1,1,1,0
2009,17,2009-07-24,M.C.G.,Carlton,Collingwood,Carlton,Brad Fisher,5,6,8,0,0,0,1
2009,17,2009-07-24,M.C.G.,Carlton,Collingwood,Carlton,Bryce Gibbs,16,3,14,0,1,0,2
2009,17,2009-07-24,M.C.G.,Carlton,Collingwood,Carlton,Shaun Grigg,13,2,13,0,1,0,1
2009,17,2009-07-24,M.C.G.,Carlton,Collingwood,Carlton,Shaun Hampson,2,4,7,0,0,22,2
2009,17,2009-07-24,M.C.G.,Carlton,Collingwood,Carlton,Adam Hartlett,2,0,4,0,0,2,4
2009,17,2009-07-24,M.C.G.,Carlton,Collingwood,Carlton,Ryan Houlihan,11,2,11,0,0,0,2
2009,17,2009-07-24,M.C.G.,Carlton,Collingwood,Carlton,Chris Johnson,8,3,5,0,0,0,4
2009,17,2009-07-24,M.C.G.,Carlton,Collingwood,Carlton,Aaron Joseph,5,2,7,0,1,0,6
2009,17,2009-07-24,M.C.G.,Carlton,Collingwood,Carlton,Chris Judd,11,3,9,0,1,0,3
2009,17,2009-07-24,M.C.G.,Carlton,Collingwood,Carlton,Matthew Kreuzer,6,3,7,0,1,15,1
2009,17,2009-07-24,M.C.G.,Carlton,Collingwood,Carlton,Marc Murphy,18,8,11,0,2,0,2
2009,17,2009-07-24,M.C.G.,Carlton,Collingwood,Carlton,Jordan Russell,8,4,7,0,0,0,5
2009,17,2009-07-24,M.C.G.,Carlton,Collingwood,Carlton,Heath Scotland,10,7,22,0,0,0,5
2009,17,2009-07-24,M.C.G.,Carlton,Collingwood,Carlton,Kade Simpson,14,5,15,0,1,0,0
2009,17,2009-07-24,M.C.G.,Carlton,Collingwood,Carlton,Bret Thornton,15,7,11,0,0,0,1
2009,17,2009-07-24,M.C.G.,Carlton,Collingwood,Carlton,Chris Yarran,5,2,1,0,1,0,3
2009,17,2009-07-24,M.C.G.,Carlton,Collingwood,Collingwood,John Anthony,5,5,6,1,0,0,5
2009,17,2009-07-24,M.C.G.,Carlton,Collingwood,Collingwood,Jaxson Barham,6,6,8,1,0,0,4
2009,17,2009-07-24,M.C.G.,Carlton,Collingwood,Collingwood,Dayne Beams,15,8,6,2,0,0,2
2009,17,2009-07-24,M.C.G.,Carlton,Collingwood,Collingwood,Leigh Brown,5,2,9,0,0,1,2
2009,17,2009-07-24,M.C.G.,Carlton,Collingwood,Collingwood,Travis Cloke,19,8,7,1,1,1,5
2009,17,2009-07-24,M.C.G.,Carlton,Collingwood,Collingwood,Leon Davis,24,4,4,3,4,0,0
2009,17,2009-07-24,M.C.G.,Carlton,Collingwood,Collingwood,Chris Dawes,4,3,7,1,0,7,3
2009,17,2009-07-24,M.C.G.,Carlton,Collingwood,Collingwood,Alan Didak,15,3,9,1,1,0,4
2009,17,2009-07-24,M.C.G.,Carlton,Collingwood,Collingwood,Ben Johnson,14,6,11,0,0,0,0
2009,17,2009-07-24,M.C.G.,Carlton,Collingwood,Collingwood,Tarkyn Lockyer,14,7,10,1,1,0,3
2009,17,2009-07-24,M.C.G.,Carlton,Collingwood,Collingwood,Heritier Lumumba,11,3,9,0,0,0,2
2009,17,2009-07-24,M.C.G.,Carlton,Collingwood,Collingwood,Nick Maxwell,10,10,8,0,0,0,1
2009,17,2009-07-24,M.C.G.,Carlton,Collingwood,Collingwood,Paul Medhurst,6,5,6,0,0,0,0
2009,17,2009-07-24,M.C.G.,Carlton,Collingwood,Collingwood,Shane OBree,7,2,11,0,0,0,0
2009,17,2009-07-24,M.C.G.,Carlton,Collingwood,Collingwood,Scott Pendlebury,13,2,15,0,0,0,4
2009,17,2009-07-24,M.C.G.,Carlton,Collingwood,Collingwood,Simon Prestigiacomo,2,4,4,0,0,0,3
2009,17,2009-07-24,M.C.G.,Carlton,Collingwood,Collingwood,Heath Shaw,19,4,9,0,0,0,3
2009,17,2009-07-24,M.C.G.,Carlton,Collingwood,Collingwood,Steele Sidebottom,5,4,6,0,0,0,4
2009,17,2009-07-24,M.C.G.,Carlton,Collingwood,Collingwood,Dane Swan,23,7,15,1,0,0,1
2009,17,2009-07-24,M.C.G.,Carlton,Collingwood,Collingwood,Dale Thomas,9,6,11,1,1,0,1
2009,17,2009-07-24,M.C.G.,Carlton,Collingwood,Collingwood,Alan Toovey,9,3,4,1,0,0,6
2009,17,2009-07-24,M.C.G.,Carlton,Collingwood,Collingwood,Cameron Wood,5,8,9,0,0,18,2
2009,17,2009-07-25,M.C.G.,Geelong,Hawthorn,Geelong,Gary Ablett,16,6,17,1,0,0,7
2009,17,2009-07-25,M.C.G.,Geelong,Hawthorn,Geelong,Jimmy Bartel,8,5,15,0,2,10,4
2009,17,2009-07-25,M.C.G.,Geelong,Hawthorn,Geelong,Shannon Byrnes,7,7,9,0,0,0,5
2009,17,2009-07-25,M.C.G.,Geelong,Hawthorn,Geelong,Paul Chapman,14,5,6,1,0,0,4
2009,17,2009-07-25,M.C.G.,Geelong,Hawthorn,Geelong,Joel Corey,15,4,12,1,0,2,6
2009,17,2009-07-25,M.C.G.,Geelong,Hawthorn,Geelong,Corey Enright,8,5,14,0,0,0,6
2009,17,2009-07-25,M.C.G.,Geelong,Hawthorn,Geelong,Tom Hawkins,6,6,4,2,2,8,4
2009,17,2009-07-25,M.C.G.,Geelong,Hawthorn,Geelong,Simon Hogan,3,4,6,1,0,0,2
2009,17,2009-07-25,M.C.G.,Geelong,Hawthorn,Geelong,Cameron Ling,11,5,9,1,0,0,2
2009,17,2009-07-25,M.C.G.,Geelong,Hawthorn,Geelong,Tom Lonergan,6,3,8,0,0,0,2
2009,17,2009-07-25,M.C.G.,Geelong,Hawthorn,Geelong,Andrew Mackie,14,9,8,0,0,0,4
2009,17,2009-07-25,M.C.G.,Geelong,Hawthorn,Geelong,Darren Milburn,15,6,10,0,0,0,2
2009,17,2009-07-25,M.C.G.,Geelong,Hawthorn,Geelong,Cameron Mooney,7,2,3,2,0,1,3
2009,17,2009-07-25,M.C.G.,Geelong,Hawthorn,Geelong,Shane Mumford,3,2,10,0,0,26,6
2009,17,2009-07-25,M.C.G.,Geelong,Hawthorn,Geelong,Max Rooke,6,3,3,3,1,1,4
2009,17,2009-07-25,M.C.G.,Geelong,Hawthorn,Geelong,Matthew Scarlett,2,1,3,0,0,0,1
2009,17,2009-07-25,M.C.G.,Geelong,Hawthorn,Geelong,Joel Selwood,19,10,23,1,0,2,11
2009,17,2009-07-25,M.C.G.,Geelong,Hawthorn,Geelong,Mathew Stokes,5,3,8,1,0,0,5
2009,17,2009-07-25,M.C.G.,Geelong,Hawthorn,Geelong,Harry Taylor,3,4,8,0,0,0,1
2009,17,2009-07-25,M.C.G.,Geelong,Hawthorn,Geelong,Kane Tenace,7,4,9,0,0,0,1
2009,17,2009-07-25,M.C.G.,Geelong,Hawthorn,Geelong,Travis Varcoe,6,4,9,1,0,0,3
2009,17,2009-07-25,M.C.G.,Geelong,Hawthorn,Geelong,David Wojcinski,4,5,6,0,0,0,3
2009,17,2009-07-25,M.C.G.,Geelong,Hawthorn,Hawthorn,Chance Bateman,14,5,9,1,1,0,2
2009,17,2009-07-25,M.C.G.,Geelong,Hawthorn,Hawthorn,Grant Birchall,5,3,13,0,0,0,0
2009,17,2009-07-25,M.C.G.,Geelong,Hawthorn,Hawthorn,Campbell Brown,12,7,5,2,0,0,4
2009,17,2009-07-25,M.C.G.,Geelong,Hawthorn,Hawthorn,Beau Dowler,7,2,7,0,2,0,4
2009,17,2009-07-25,M.C.G.,Geelong,Hawthorn,Hawthorn,Xavier Ellis,7,4,12,0,0,0,4
2009,17,2009-07-25,M.C.G.,Geelong,Hawthorn,Hawthorn,Lance Franklin,12,7,8,5,2,0,4
2009,17,2009-07-25,M.C.G.,Geelong,Hawthorn,Hawthorn,Stephen Gilham,5,3,6,0,0,0,3
2009,17,2009-07-25,M.C.G.,Geelong,Hawthorn,Hawthorn,Brent Guerra,13,4,13,1,0,1,3
2009,17,2009-07-25,M.C.G.,Geelong,Hawthorn,Hawthorn,Luke Hodge,5,1,6,0,0,0,5
2009,17,2009-07-25,M.C.G.,Geelong,Hawthorn,Hawthorn,Josh Kennedy,5,1,16,0,1,1,3
2009,17,2009-07-25,M.C.G.,Geelong,Hawthorn,Hawthorn,Jordan Lewis,7,5,18,1,0,0,3
2009,17,2009-07-25,M.C.G.,Geelong,Hawthorn,Hawthorn,Ben McGlynn,8,4,11,0,0,0,2
2009,17,2009-07-25,M.C.G.,Geelong,Hawthorn,Hawthorn,Sam Mitchell,20,6,18,0,0,0,3
2009,17,2009-07-25,M.C.G.,Geelong,Hawthorn,Hawthorn,Tom Murphy,10,2,8,0,0,0,4
2009,17,2009-07-25,M.C.G.,Geelong,Hawthorn,Hawthorn,Michael Osborne,7,0,10,1,0,1,3
2009,17,2009-07-25,M.C.G.,Geelong,Hawthorn,Hawthorn,Brent Renouf,1,3,7,0,0,8,1
2009,17,2009-07-25,M.C.G.,Geelong,Hawthorn,Hawthorn,Cyril Rioli,9,2,5,1,3,0,9
2009,17,2009-07-25,M.C.G.,Geelong,Hawthorn,Hawthorn,Jarryd Roughead,8,6,8,2,2,2,1
2009,17,2009-07-25,M.C.G.,Geelong,Hawthorn,Hawthorn,Ryan Schoenmakers,3,3,4,0,0,0,3
2009,17,2009-07-25,M.C.G.,Geelong,Hawthorn,Hawthorn,Brad Sewell,8,4,21,0,1,0,3
2009,17,2009-07-25,M.C.G.,Geelong,Hawthorn,Hawthorn,Liam Shiels,6,0,10,0,1,0,6
2009,17,2009-07-25,M.C.G.,Geelong,Hawthorn,Hawthorn,Simon Taylor,2,2,10,0,0,35,3
2009,17,2009-07-25,Subiaco,Fremantle,West Coast,Fremantle,Hayden Ballantyne,10,2,4,1,0,0,3
2009,17,2009-07-25,Subiaco,Fremantle,West Coast,Fremantle,Kepler Bradley,4,2,5,0,3,0,1
2009,17,2009-07-25,Subiaco,Fremantle,West Coast,Fremantle,Greg Broughton,9,6,15,0,0,0,4
2009,17,2009-07-25,Subiaco,Fremantle,West Coast,Fremantle,Zac Clarke,1,1,5,0,0,4,0
2009,17,2009-07-25,Subiaco,Fremantle,West Coast,Fremantle,Matt de Boer,8,3,7,0,0,0,5
2009,17,2009-07-25,Subiaco,Fremantle,West Coast,Fremantle,Steven Dodd,6,6,11,0,0,0,6
2009,17,2009-07-25,Subiaco,Fremantle,West Coast,Fremantle,Paul Duffield,8,1,8,0,0,0,5
2009,17,2009-07-25,Subiaco,Fremantle,West Coast,Fremantle,Antoni Grover,4,3,2,1,0,0,2
2009,17,2009-07-25,Subiaco,Fremantle,West Coast,Fremantle,Paul Hasleby,9,3,24,0,0,0,2
2009,17,2009-07-25,Subiaco,Fremantle,West Coast,Fremantle,Stephen Hill,11,3,13,0,1,0,2
2009,17,2009-07-25,Subiaco,Fremantle,West Coast,Fremantle,Garrick Ibbotson,12,2,9,0,0,1,2
2009,17,2009-07-25,Subiaco,Fremantle,West Coast,Fremantle,David Mundy,8,3,4,1,1,2,3
2009,17,2009-07-25,Subiaco,Fremantle,West Coast,Fremantle,Matthew Pavlich,15,5,21,0,1,1,8
2009,17,2009-07-25,Subiaco,Fremantle,West Coast,Fremantle,Brett Peake,9,4,9,0,1,0,1
2009,17,2009-07-25,Subiaco,Fremantle,West Coast,Fremantle,Clancee Pearce,7,4,5,1,2,0,3
2009,17,2009-07-25,Subiaco,Fremantle,West Coast,Fremantle,Tim Ruffles,5,3,2,2,1,0,2
2009,17,2009-07-25,Subiaco,Fremantle,West Coast,Fremantle,Aaron Sandilands,8,5,22,1,0,31,0
2009,17,2009-07-25,Subiaco,Fremantle,West Coast,Fremantle,Dean Solomon,10,1,9,0,0,1,2
2009,17,2009-07-25,Subiaco,Fremantle,West Coast,Fremantle,Nick Suban,10,6,8,1,0,0,3
2009,17,2009-07-25,Subiaco,Fremantle,West Coast,Fremantle,Chris Tarrant,8,3,7,0,0,0,3
2009,17,2009-07-25,Subiaco,Fremantle,West Coast,Fremantle,Scott Thornton,8,4,6,0,0,0,3
2009,17,2009-07-25,Subiaco,Fremantle,West Coast,Fremantle,Jay van Berlo,7,3,4,2,0,0,3
2009,17,2009-07-25,Subiaco,Fremantle,West Coast,West Coast,Mitch Brown,3,4,12,0,0,0,1
2009,17,2009-07-25,Subiaco,Fremantle,West Coast,West Coast,Sam Butler,7,4,9,0,1,0,1
2009,17,2009-07-25,Subiaco,Fremantle,West Coast,West Coast,Brad Ebert,9,5,8,1,0,0,6
2009,17,2009-07-25,Subiaco,Fremantle,West Coast,West Coast,Andrew Embley,18,6,8,0,2,0,2
2009,17,2009-07-25,Subiaco,Fremantle,West Coast,West Coast,Darren Glass,3,3,6,0,0,0,5
2009,17,2009-07-25,Subiaco,Fremantle,West Coast,West Coast,Ashley Hansen,7,6,4,1,2,0,1
2009,17,2009-07-25,Subiaco,Fremantle,West Coast,West Coast,Tim Houlihan,14,5,12,0,2,0,4
2009,17,2009-07-25,Subiaco,Fremantle,West Coast,West Coast,Shannon Hurn,14,8,5,0,0,0,3
2009,17,2009-07-25,Subiaco,Fremantle,West Coast,West Coast,Josh Kennedy,8,6,2,1,2,1,2
2009,17,2009-07-25,Subiaco,Fremantle,West Coast,West Coast,Mark LeCras,8,4,8,2,1,0,3
2009,17,2009-07-25,Subiaco,Fremantle,West Coast,West Coast,Quinten Lynch,15,10,8,0,1,9,1
2009,17,2009-07-25,Subiaco,Fremantle,West Coast,West Coast,Chris Masten,10,2,16,0,0,0,7
2009,17,2009-07-25,Subiaco,Fremantle,West Coast,West Coast,Patrick McGinnity,6,3,7,0,1,0,4
2009,17,2009-07-25,Subiaco,Fremantle,West Coast,West Coast,Nic Naitanui,2,0,8,0,2,10,4
2009,17,2009-07-25,Subiaco,Fremantle,West Coast,West Coast,Matt Priddis,11,4,12,1,0,0,8
2009,17,2009-07-25,Subiaco,Fremantle,West Coast,West Coast,Matt Rosa,18,5,6,1,1,2,4
2009,17,2009-07-25,Subiaco,Fremantle,West Coast,West Coast,Mark Seaby,4,3,11,0,1,10,1
2009,17,2009-07-25,Subiaco,Fremantle,West Coast,West Coast,Adam Selwood,10,5,18,1,0,0,6
2009,17,2009-07-25,Subiaco,Fremantle,West Coast,West Coast,Scott Selwood,4,2,9,0,0,0,2
2009,17,2009-07-25,Subiaco,Fremantle,West Coast,West Coast,Matthew Spangher,4,3,9,0,0,0,2
2009,17,2009-07-25,Subiaco,Fremantle,West Coast,West Coast,Tom Swift,6,5,12,0,0,0,2
2009,17,2009-07-25,Subiaco,Fremantle,West Coast,West Coast,David Wirrpanda,19,5,2,0,0,0,1
2009,17,2009-07-25,Docklands,St Kilda,Western Bulldogs,St Kilda,Steven Baker,9,8,13,0,0,0,6
2009,17,2009-07-25,Docklands,St Kilda,Western Bulldogs,St Kilda,Jason Blake,16,12,15,0,0,0,5
2009,17,2009-07-25,Docklands,St Kilda,Western Bulldogs,St Kilda,Raphael Clarke,4,2,8,0,0,0,1
2009,17,2009-07-25,Docklands,St Kilda,Western Bulldogs,St Kilda,Nick Dal Santo,18,8,21,0,0,0,3
2009,17,2009-07-25,Docklands,St Kilda,Western Bulldogs,St Kilda,Sean Dempster,4,3,4,1,1,0,1
2009,17,2009-07-25,Docklands,St Kilda,Western Bulldogs,St Kilda,Robert Eddy,4,3,7,1,1,0,2
2009,17,2009-07-25,Docklands,St Kilda,Western Bulldogs,St Kilda,Sam Fisher,13,7,13,0,0,0,1
2009,17,2009-07-25,Docklands,St Kilda,Western Bulldogs,St Kilda,Sam Gilbert,18,9,12,0,0,0,4
2009,17,2009-07-25,Docklands,St Kilda,Western Bulldogs,St Kilda,Brendon Goddard,24,9,13,0,1,0,2
2009,17,2009-07-25,Docklands,St Kilda,Western Bulldogs,St Kilda,Jason Gram,20,6,9,1,1,0,3
2009,17,2009-07-25,Docklands,St Kilda,Western Bulldogs,St Kilda,James Gwilt,6,3,6,2,0,0,5
2009,17,2009-07-25,Docklands,St Kilda,Western Bulldogs,St Kilda,Lenny Hayes,12,5,19,0,0,1,2
2009,17,2009-07-25,Docklands,St Kilda,Western Bulldogs,St Kilda,Max Hudghton,5,10,11,0,0,0,0
2009,17,2009-07-25,Docklands,St Kilda,Western Bulldogs,St Kilda,Clinton Jones,6,3,18,0,0,0,7
2009,17,2009-07-25,Docklands,St Kilda,Western Bulldogs,St Kilda,Steven King,4,3,7,0,0,16,2
2009,17,2009-07-25,Docklands,St Kilda,Western Bulldogs,St Kilda,Ben McEvoy,3,4,4,0,0,4,3
2009,17,2009-07-25,Docklands,St Kilda,Western Bulldogs,St Kilda,Andrew McQualter,4,3,5,0,0,0,3
2009,17,2009-07-25,Docklands,St Kilda,Western Bulldogs,St Kilda,Stephen Milne,12,7,6,5,1,0,1
2009,17,2009-07-25,Docklands,St Kilda,Western Bulldogs,St Kilda,Leigh Montagna,13,2,10,0,0,0,9
2009,17,2009-07-25,Docklands,St Kilda,Western Bulldogs,St Kilda,Farren Ray,13,5,13,0,0,0,7
2009,17,2009-07-25,Docklands,St Kilda,Western Bulldogs,St Kilda,Nick Riewoldt,15,8,4,5,1,0,5
2009,17,2009-07-25,Docklands,St Kilda,Western Bulldogs,St Kilda,Adam Schneider,13,8,7,1,0,0,5
2009,17,2009-07-25,Docklands,St Kilda,Western Bulldogs,Western Bulldogs,Dylan Addison,4,2,2,1,0,0,2
2009,17,2009-07-25,Docklands,St Kilda,Western Bulldogs,Western Bulldogs,Jason Akermanis,8,1,15,0,1,0,4
2009,17,2009-07-25,Docklands,St Kilda,Western Bulldogs,Western Bulldogs,Matthew Boyd,16,6,23,1,0,0,6
2009,17,2009-07-25,Docklands,St Kilda,Western Bulldogs,Western Bulldogs,Adam Cooney,8,1,15,0,0,0,1
2009,17,2009-07-25,Docklands,St Kilda,Western Bulldogs,Western Bulldogs,Daniel Cross,8,9,18,0,0,2,4
2009,17,2009-07-25,Docklands,St Kilda,Western Bulldogs,Western Bulldogs,Nathan Eagleton,7,4,16,1,0,0,7
2009,17,2009-07-25,Docklands,St Kilda,Western Bulldogs,Western Bulldogs,Ryan Griffen,12,2,14,1,0,1,3
2009,17,2009-07-25,Docklands,St Kilda,Western Bulldogs,Western Bulldogs,Mitch Hahn,8,0,4,2,1,0,6
2009,17,2009-07-25,Docklands,St Kilda,Western Bulldogs,Western Bulldogs,Jarrod Harbrow,11,2,8,0,0,0,1
2009,17,2009-07-25,Docklands,St Kilda,Western Bulldogs,Western Bulldogs,Ryan Hargrave,18,9,13,0,0,0,2
2009,17,2009-07-25,Docklands,St Kilda,Western Bulldogs,Western Bulldogs,Shaun Higgins,8,3,9,0,1,0,3
2009,17,2009-07-25,Docklands,St Kilda,Western Bulldogs,Western Bulldogs,Josh Hill,6,4,4,0,0,0,2
2009,17,2009-07-25,Docklands,St Kilda,Western Bulldogs,Western Bulldogs,Ben Hudson,3,1,11,0,0,19,2
2009,17,2009-07-25,Docklands,St Kilda,Western Bulldogs,Western Bulldogs,Brad Johnson,11,8,8,0,0,0,4
2009,17,2009-07-25,Docklands,St Kilda,Western Bulldogs,Western Bulldogs,Brian Lake,13,7,6,0,0,0,0
2009,17,2009-07-25,Docklands,St Kilda,Western Bulldogs,Western Bulldogs,Will Minson,4,2,3,0,0,26,4
2009,17,2009-07-25,Docklands,St Kilda,Western Bulldogs,Western Bulldogs,Dale Morris,4,6,10,0,1,0,5
2009,17,2009-07-25,Docklands,St Kilda,Western Bulldogs,Western Bulldogs,Robert Murphy,5,5,7,1,1,0,1
2009,17,2009-07-25,Docklands,St Kilda,Western Bulldogs,Western Bulldogs,Liam Picken,7,2,14,0,0,0,6
2009,17,2009-07-25,Docklands,St Kilda,Western Bulldogs,Western Bulldogs,Callan Ward,6,1,6,2,0,0,6
2009,17,2009-07-25,Docklands,St Kilda,Western Bulldogs,Western Bulldogs,Scott Welsh,4,3,3,0,1,0,0
2009,17,2009-07-25,Docklands,St Kilda,Western Bulldogs,Western Bulldogs,Tom Williams,4,3,4,0,0,0,1
2009,17,2009-07-25,Gabba,Brisbane Lions,North Melbourne,Brisbane Lions,Simon Black,8,3,22,1,0,0,2
2009,17,2009-07-25,Gabba,Brisbane Lions,North Melbourne,Brisbane Lions,Jared Brennan,10,9,9,1,1,0,1
2009,17,2009-07-25,Gabba,Brisbane Lions,North Melbourne,Brisbane Lions,Jonathan Brown,18,12,3,8,2,0,0
2009,17,2009-07-25,Gabba,Brisbane Lions,North Melbourne,Brisbane Lions,Mitch Clark,12,10,10,0,0,31,3
2009,17,2009-07-25,Gabba,Brisbane Lions,North Melbourne,Brisbane Lions,Tom Collier,2,0,3,0,0,0,0
2009,17,2009-07-25,Gabba,Brisbane Lions,North Melbourne,Brisbane Lions,Bradd Dalziell,6,3,10,0,0,0,2
2009,17,2009-07-25,Gabba,Brisbane Lions,North Melbourne,Brisbane Lions,Josh Drummond,15,8,10,0,0,0,1
2009,17,2009-07-25,Gabba,Brisbane Lions,North Melbourne,Brisbane Lions,Pearce Hanley,3,1,7,0,0,0,0
2009,17,2009-07-25,Gabba,Brisbane Lions,North Melbourne,Brisbane Lions,Joel Macdonald,8,3,7,0,0,0,2
2009,17,2009-07-25,Gabba,Brisbane Lions,North Melbourne,Brisbane Lions,Ashley McGrath,11,10,10,0,0,0,1
2009,17,2009-07-25,Gabba,Brisbane Lions,North Melbourne,Brisbane Lions,Daniel Merrett,6,8,7,0,0,0,0
2009,17,2009-07-25,Gabba,Brisbane Lions,North Melbourne,Brisbane Lions,Tim Notting,6,5,7,1,0,0,2
2009,17,2009-07-25,Gabba,Brisbane Lions,North Melbourne,Brisbane Lions,Joel Patfull,6,2,2,0,0,0,2
2009,17,2009-07-25,Gabba,Brisbane Lions,North Melbourne,Brisbane Lions,James Polkinghorne,10,10,2,2,1,0,3
2009,17,2009-07-25,Gabba,Brisbane Lions,North Melbourne,Brisbane Lions,Luke Power,17,1,9,0,1,0,1
2009,17,2009-07-25,Gabba,Brisbane Lions,North Melbourne,Brisbane Lions,Albert Proud,3,5,11,0,1,0,1
2009,17,2009-07-25,Gabba,Brisbane Lions,North Melbourne,Brisbane Lions,Jack Redden,11,10,11,2,0,0,2
2009,17,2009-07-25,Gabba,Brisbane Lions,North Melbourne,Brisbane Lions,Daniel Rich,10,2,8,0,2,0,3
2009,17,2009-07-25,Gabba,Brisbane Lions,North Melbourne,Brisbane Lions,Michael Rischitelli,6,4,11,0,0,0,7
2009,17,2009-07-25,Gabba,Brisbane Lions,North Melbourne,Brisbane Lions,Sam Sheldon,6,3,2,1,0,0,1
2009,17,2009-07-25,Gabba,Brisbane Lions,North Melbourne,Brisbane Lions,Justin Sherman,10,5,12,1,1,0,5
2009,17,2009-07-25,Gabba,Brisbane Lions,North Melbourne,Brisbane Lions,Cheynee Stiller,10,4,6,0,0,0,1
2009,17,2009-07-25,Gabba,Brisbane Lions,North Melbourne,North Melbourne,Liam Anthony,9,7,18,0,0,0,1
2009,17,2009-07-25,Gabba,Brisbane Lions,North Melbourne,North Melbourne,Matt Campbell,3,1,4,1,0,0,2
2009,17,2009-07-25,Gabba,Brisbane Lions,North Melbourne,North Melbourne,Michael Firrito,7,2,11,1,0,0,2
2009,17,2009-07-25,Gabba,Brisbane Lions,North Melbourne,North Melbourne,Josh Gibson,14,8,17,0,0,0,1
2009,17,2009-07-25,Gabba,Brisbane Lions,North Melbourne,North Melbourne,Todd Goldstein,4,6,8,1,0,15,1
2009,17,2009-07-25,Gabba,Brisbane Lions,North Melbourne,North Melbourne,Levi Greenwood,2,1,11,0,0,1,2
2009,17,2009-07-25,Gabba,Brisbane Lions,North Melbourne,North Melbourne,David Hale,1,1,1,0,0,0,0
2009,17,2009-07-25,Gabba,Brisbane Lions,North Melbourne,North Melbourne,Lachlan Hansen,9,5,5,1,2,0,1
2009,17,2009-07-25,Gabba,Brisbane Lions,North Melbourne,North Melbourne,Leigh Harding,8,7,7,0,0,0,0
2009,17,2009-07-25,Gabba,Brisbane Lions,North Melbourne,North Melbourne,Brent Harvey,23,5,3,1,1,0,0
2009,17,2009-07-25,Gabba,Brisbane Lions,North Melbourne,North Melbourne,Corey Jones,10,8,8,4,0,0,3
2009,17,2009-07-25,Gabba,Brisbane Lions,North Melbourne,North Melbourne,Hamish McIntosh,8,7,13,0,0,15,1
2009,17,2009-07-25,Gabba,Brisbane Lions,North Melbourne,North Melbourne,Scott McMahon,7,1,5,0,0,0,1
2009,17,2009-07-25,Gabba,Brisbane Lions,North Melbourne,North Melbourne,Drew Petrie,13,9,7,0,0,0,0
2009,17,2009-07-25,Gabba,Brisbane Lions,North Melbourne,North Melbourne,Sam Power,10,5,19,0,0,0,0
2009,17,2009-07-25,Gabba,Brisbane Lions,North Melbourne,North Melbourne,Brady Rawlings,11,7,14,0,0,0,0
2009,17,2009-07-25,Gabba,Brisbane Lions,North Melbourne,North Melbourne,Ben Ross,8,5,8,0,2,0,2
2009,17,2009-07-25,Gabba,Brisbane Lions,North Melbourne,North Melbourne,Adam Simpson,15,11,19,0,0,0,3
2009,17,2009-07-25,Gabba,Brisbane Lions,North Melbourne,North Melbourne,Andrew Swallow,10,5,12,0,0,0,6
2009,17,2009-07-25,Gabba,Brisbane Lions,North Melbourne,North Melbourne,Lindsay Thomas,10,5,7,2,2,0,0
2009,17,2009-07-25,Gabba,Brisbane Lions,North Melbourne,North Melbourne,Scott Thompson,8,6,15,0,0,0,1
2009,17,2009-07-25,Gabba,Brisbane Lions,North Melbourne,North Melbourne,Gavin Urquhart,14,9,7,0,0,0,5
2009,17,2009-07-26,Manuka Oval,Melbourne,Sydney,Melbourne,Clint Bartram,12,5,6,0,0,0,2
2009,17,2009-07-26,Manuka Oval,Melbourne,Sydney,Melbourne,Matthew Bate,8,6,7,0,1,0,1
2009,17,2009-07-26,Manuka Oval,Melbourne,Sydney,Melbourne,Jamie Bennell,9,3,4,0,0,0,2
2009,17,2009-07-26,Manuka Oval,Melbourne,Sydney,Melbourne,Cameron Bruce,9,6,12,0,1,0,3
2009,17,2009-07-26,Manuka Oval,Melbourne,Sydney,Melbourne,Kyle Cheney,9,5,6,0,0,0,1
2009,17,2009-07-26,Manuka Oval,Melbourne,Sydney,Melbourne,Aaron Davey,17,2,5,1,1,0,5
2009,17,2009-07-26,Manuka Oval,Melbourne,Sydney,Melbourne,Lynden Dunn,5,2,8,0,0,1,2
2009,17,2009-07-26,Manuka Oval,Melbourne,Sydney,Melbourne,Paul Johnson,6,2,3,0,1,10,3
2009,17,2009-07-26,Manuka Oval,Melbourne,Sydney,Melbourne,Nathan Jones,9,0,5,0,1,0,7
2009,17,2009-07-26,Manuka Oval,Melbourne,Sydney,Melbourne,Liam Jurrah,5,2,7,1,2,0,2
2009,17,2009-07-26,Manuka Oval,Melbourne,Sydney,Melbourne,Stefan Martin,4,2,4,0,0,21,4
2009,17,2009-07-26,Manuka Oval,Melbourne,Sydney,Melbourne,James McDonald,11,7,8,0,0,0,3
2009,17,2009-07-26,Manuka Oval,Melbourne,Sydney,Melbourne,Jordie McKenzie,8,4,6,0,0,0,5
2009,17,2009-07-26,Manuka Oval,Melbourne,Sydney,Melbourne,Brad Miller,13,10,6,1,3,0,1
2009,17,2009-07-26,Manuka Oval,Melbourne,Sydney,Melbourne,Brent Moloney,14,3,7,1,0,0,6
2009,17,2009-07-26,Manuka Oval,Melbourne,Sydney,Melbourne,Cale Morton,10,4,0,0,0,0,0
2009,17,2009-07-26,Manuka Oval,Melbourne,Sydney,Melbourne,Michael Newton,10,6,2,1,2,0,6
2009,17,2009-07-26,Manuka Oval,Melbourne,Sydney,Melbourne,Ricky Petterd,14,6,6,0,0,0,2
2009,17,2009-07-26,Manuka Oval,Melbourne,Sydney,Melbourne,Jared Rivers,4,4,4,0,0,0,2
2009,17,2009-07-26,Manuka Oval,Melbourne,Sydney,Melbourne,Shane Valenti,9,4,7,0,0,0,4
2009,17,2009-07-26,Manuka Oval,Melbourne,Sydney,Melbourne,Matthew Warnock,4,1,6,0,0,0,1
2009,17,2009-07-26,Manuka Oval,Melbourne,Sydney,Melbourne,Matthew Whelan,5,4,6,1,0,0,2
2009,17,2009-07-26,Manuka Oval,Melbourne,Sydney,Sydney,Luke Ablett,2,1,8,0,0,0,2
2009,17,2009-07-26,Manuka Oval,Melbourne,Sydney,Sydney,Ed Barlow,10,5,7,0,0,0,4
2009,17,2009-07-26,Manuka Oval,Melbourne,Sydney,Sydney,Craig Bird,9,5,15,0,0,0,0
2009,17,2009-07-26,Manuka Oval,Melbourne,Sydney,Sydney,Craig Bolton,9,8,10,0,0,0,2
2009,17,2009-07-26,Manuka Oval,Melbourne,Sydney,Sydney,Jude Bolton,13,7,12,1,1,0,4
2009,17,2009-07-26,Manuka Oval,Melbourne,Sydney,Sydney,Adam Goodes,10,9,7,0,0,0,1
2009,17,2009-07-26,Manuka Oval,Melbourne,Sydney,Sydney,Heath Grundy,12,7,14,0,0,0,1
2009,17,2009-07-26,Manuka Oval,Melbourne,Sydney,Sydney,Dan Hannebery,7,3,11,0,0,0,0
2009,17,2009-07-26,Manuka Oval,Melbourne,Sydney,Sydney,Kieren Jack,7,5,9,0,0,0,5
2009,17,2009-07-26,Manuka Oval,Melbourne,Sydney,Sydney,Darren Jolly,7,2,7,3,0,26,5
2009,17,2009-07-26,Manuka Oval,Melbourne,Sydney,Sydney,Brett Kirk,4,3,13,0,0,0,9
2009,17,2009-07-26,Manuka Oval,Melbourne,Sydney,Sydney,Martin Mattner,15,5,6,1,0,0,2
2009,17,2009-07-26,Manuka Oval,Melbourne,Sydney,Sydney,Jarrad McVeigh,12,5,19,2,1,0,0
2009,17,2009-07-26,Manuka Oval,Melbourne,Sydney,Sydney,Jarred Moore,8,2,11,1,1,0,1
2009,17,2009-07-26,Manuka Oval,Melbourne,Sydney,Sydney,Ryan OKeefe,14,3,11,1,0,0,3
2009,17,2009-07-26,Manuka Oval,Melbourne,Sydney,Sydney,Michael OLoughlin,3,1,3,0,1,0,3
2009,17,2009-07-26,Manuka Oval,Melbourne,Sydney,Sydney,Mike Pyke,1,0,6,0,0,6,1
2009,17,2009-07-26,Manuka Oval,Melbourne,Sydney,Sydney,Lewis Roberts-Thomson,9,9,9,0,0,0,2
2009,17,2009-07-26,Manuka Oval,Melbourne,Sydney,Sydney,Rhyce Shaw,19,5,10,0,0,0,0
2009,17,2009-07-26,Manuka Oval,Melbourne,Sydney,Sydney,Nick Smith,7,5,10,0,0,0,3
2009,17,2009-07-26,Manuka Oval,Melbourne,Sydney,Sydney,Kristin Thornton,6,1,3,0,0,0,3
2009,17,2009-07-26,Manuka Oval,Melbourne,Sydney,Sydney,Jesse White,3,2,1,1,1,0,1
2009,17,2009-07-26,M.C.G.,Essendon,Richmond,Essendon,Alwyn Davey,6,5,9,0,0,0,4
2009,17,2009-07-26,M.C.G.,Essendon,Richmond,Essendon,Courtenay Dempsey,11,3,10,1,0,0,1
2009,17,2009-07-26,M.C.G.,Essendon,Richmond,Essendon,Ricky Dyson,14,5,4,1,0,0,2
2009,17,2009-07-26,M.C.G.,Essendon,Richmond,Essendon,Dustin Fletcher,12,3,8,0,0,0,6
2009,17,2009-07-26,M.C.G.,Essendon,Richmond,Essendon,Cale Hooker,5,5,10,0,0,13,5
2009,17,2009-07-26,M.C.G.,Essendon,Richmond,Essendon,Michael Hurley,7,1,8,0,0,0,2
2009,17,2009-07-26,M.C.G.,Essendon,Richmond,Essendon,Matthew Lloyd,3,1,7,0,0,0,2
2009,17,2009-07-26,M.C.G.,Essendon,Richmond,Essendon,Nathan Lovett-Murray,7,6,13,0,0,0,3
2009,17,2009-07-26,M.C.G.,Essendon,Richmond,Essendon,Andrew Lovett,13,5,6,2,0,0,5
2009,17,2009-07-26,M.C.G.,Essendon,Richmond,Essendon,Scott Lucas,9,6,4,2,1,0,1
2009,17,2009-07-26,M.C.G.,Essendon,Richmond,Essendon,Adam McPhee,8,1,8,1,0,0,2
2009,17,2009-07-26,M.C.G.,Essendon,Richmond,Essendon,Mark McVeigh,7,3,5,1,1,0,3
2009,17,2009-07-26,M.C.G.,Essendon,Richmond,Essendon,Angus Monfries,10,9,9,0,1,0,2
2009,17,2009-07-26,M.C.G.,Essendon,Richmond,Essendon,Tayte Pears,8,3,8,0,0,0,4
2009,17,2009-07-26,M.C.G.,Essendon,Richmond,Essendon,Brent Prismall,16,9,18,0,0,0,3
2009,17,2009-07-26,M.C.G.,Essendon,Richmond,Essendon,Kyle Reimers,10,5,6,2,2,0,2
2009,17,2009-07-26,M.C.G.,Essendon,Richmond,Essendon,Paddy Ryder,7,6,3,2,1,29,5
2009,17,2009-07-26,M.C.G.,Essendon,Richmond,Essendon,Henry Slattery,10,4,15,0,0,0,8
2009,17,2009-07-26,M.C.G.,Essendon,Richmond,Essendon,Brent Stanton,17,5,8,1,2,0,3
2009,17,2009-07-26,M.C.G.,Essendon,Richmond,Essendon,Jobe Watson,5,6,17,0,0,0,1
2009,17,2009-07-26,M.C.G.,Essendon,Richmond,Essendon,Andrew Welsh,16,9,9,0,0,0,6
2009,17,2009-07-26,M.C.G.,Essendon,Richmond,Essendon,Jason Winderlich,9,4,11,1,1,0,5
2009,17,2009-07-26,M.C.G.,Essendon,Richmond,Richmond,Nathan Brown,10,3,8,1,1,0,1
2009,17,2009-07-26,M.C.G.,Essendon,Richmond,Richmond,Trent Cotchin,10,1,13,0,1,0,6
2009,17,2009-07-26,M.C.G.,Essendon,Richmond,Richmond,Ben Cousins,13,5,18,0,0,0,2
2009,17,2009-07-26,M.C.G.,Essendon,Richmond,Richmond,Brett Deledio,10,5,16,1,1,0,7
2009,17,2009-07-26,M.C.G.,Essendon,Richmond,Richmond,Shane Edwards,7,3,6,0,0,0,7
2009,17,2009-07-26,M.C.G.,Essendon,Richmond,Richmond,Tom Hislop,3,3,5,0,1,0,4
2009,17,2009-07-26,M.C.G.,Essendon,Richmond,Richmond,Daniel Jackson,15,6,7,1,2,0,7
2009,17,2009-07-26,M.C.G.,Essendon,Richmond,Richmond,Jake King,9,3,5,1,0,0,1
2009,17,2009-07-26,M.C.G.,Essendon,Richmond,Richmond,Luke McGuane,2,2,5,0,0,0,3
2009,17,2009-07-26,M.C.G.,Essendon,Richmond,Richmond,Jordan McMahon,11,2,8,0,0,0,2
2009,17,2009-07-26,M.C.G.,Essendon,Richmond,Richmond,Mitch Morton,8,6,4,2,1,0,3
2009,17,2009-07-26,M.C.G.,Essendon,Richmond,Richmond,Robin Nahas,12,7,6,0,1,0,5
2009,17,2009-07-26,M.C.G.,Essendon,Richmond,Richmond,Chris Newman,11,2,3,0,0,0,3
2009,17,2009-07-26,M.C.G.,Essendon,Richmond,Richmond,Adam Pattison,4,4,5,0,0,11,2
2009,17,2009-07-26,M.C.G.,Essendon,Richmond,Richmond,Dean Polo,6,4,10,0,0,0,1
2009,17,2009-07-26,M.C.G.,Essendon,Richmond,Richmond,Jayden Post,8,7,6,2,0,1,2
2009,17,2009-07-26,M.C.G.,Essendon,Richmond,Richmond,Jack Riewoldt,12,8,7,6,1,0,3
2009,17,2009-07-26,M.C.G.,Essendon,Richmond,Richmond,Jarrod Silvester,4,3,3,0,0,0,2
2009,17,2009-07-26,M.C.G.,Essendon,Richmond,Richmond,Richard Tambling,13,5,7,0,0,0,3
2009,17,2009-07-26,M.C.G.,Essendon,Richmond,Richmond,Will Thursfield,4,0,0,0,0,0,2
2009,17,2009-07-26,M.C.G.,Essendon,Richmond,Richmond,Ty Vickery,1,2,8,0,0,18,2
2009,17,2009-07-26,M.C.G.,Essendon,Richmond,Richmond,Matt White,5,2,1,1,0,0,3
2009,17,2009-07-26,Football Park,Adelaide,Port Adelaide,Adelaide,Nathan Bock,15,7,12,1,0,0,3
2009,17,2009-07-26,Football Park,Adelaide,Port Adelaide,Adelaide,Brett Burton,13,5,1,4,1,0,2
2009,17,2009-07-26,Football Park,Adelaide,Port Adelaide,Adelaide,Patrick Dangerfield,6,3,3,1,1,0,2
2009,17,2009-07-26,Football Park,Adelaide,Port Adelaide,Adelaide,Michael Doughty,13,4,14,2,0,0,3
2009,17,2009-07-26,Football Park,Adelaide,Port Adelaide,Adelaide,Simon Goodwin,11,4,15,2,0,0,9
2009,17,2009-07-26,Football Park,Adelaide,Port Adelaide,Adelaide,Graham Johncock,14,5,14,0,0,0,1
2009,17,2009-07-26,Football Park,Adelaide,Port Adelaide,Adelaide,Chris Knights,15,8,10,3,2,0,2
2009,17,2009-07-26,Football Park,Adelaide,Port Adelaide,Adelaide,Ivan Maric,2,4,4,0,0,27,3
2009,17,2009-07-26,Football Park,Adelaide,Port Adelaide,Adelaide,Brodie Martin,9,5,9,0,0,0,0
2009,17,2009-07-26,Football Park,Adelaide,Port Adelaide,Adelaide,Andrew McLeod,16,9,14,2,1,0,1
2009,17,2009-07-26,Football Park,Adelaide,Port Adelaide,Adelaide,Andy Otten,3,6,6,0,0,0,0
2009,17,2009-07-26,Football Park,Adelaide,Port Adelaide,Adelaide,Jason Porplyzia,10,4,9,1,2,0,6
2009,17,2009-07-26,Football Park,Adelaide,Port Adelaide,Adelaide,Brent Reilly,17,9,15,0,1,1,2
2009,17,2009-07-26,Football Park,Adelaide,Port Adelaide,Adelaide,Ben Rutten,3,2,11,0,0,0,1
2009,17,2009-07-26,Football Park,Adelaide,Port Adelaide,Adelaide,James Sellar,3,3,6,0,0,10,1
2009,17,2009-07-26,Football Park,Adelaide,Port Adelaide,Adelaide,Robert Shirley,7,2,13,0,0,0,4
2009,17,2009-07-26,Football Park,Adelaide,Port Adelaide,Adelaide,Scott Stevens,3,2,2,0,0,0,0
2009,17,2009-07-26,Football Park,Adelaide,Port Adelaide,Adelaide,Brad Symes,9,3,9,0,0,1,7
2009,17,2009-07-26,Football Park,Adelaide,Port Adelaide,Adelaide,Scott Thompson,11,1,9,0,1,0,7
2009,17,2009-07-26,Football Park,Adelaide,Port Adelaide,Adelaide,Kurt Tippett,7,6,6,2,3,8,2
2009,17,2009-07-26,Football Park,Adelaide,Port Adelaide,Adelaide,Nathan van Berlo,4,5,21,0,1,0,3
2009,17,2009-07-26,Football Park,Adelaide,Port Adelaide,Adelaide,Bernie Vince,14,4,16,1,0,0,4
2009,17,2009-07-26,Football Park,Adelaide,Port Adelaide,Port Adelaide,Travis Boak,9,3,8,1,0,0,5
2009,17,2009-07-26,Football Park,Adelaide,Port Adelaide,Port Adelaide,Matthew Broadbent,6,1,5,0,0,0,2
2009,17,2009-07-26,Football Park,Adelaide,Port Adelaide,Port Adelaide,Shaun Burgoyne,7,2,4,0,0,0,3
2009,17,2009-07-26,Football Park,Adelaide,Port Adelaide,Port Adelaide,Alipate Carlile,5,4,4,0,0,1,1
2009,17,2009-07-26,Football Park,Adelaide,Port Adelaide,Port Adelaide,Domenic Cassisi,11,5,14,1,2,0,10
2009,17,2009-07-26,Football Park,Adelaide,Port Adelaide,Port Adelaide,Troy Chaplin,6,5,5,0,0,0,3
2009,17,2009-07-26,Football Park,Adelaide,Port Adelaide,Port Adelaide,Chad Cornes,9,5,8,0,0,2,3
2009,17,2009-07-26,Football Park,Adelaide,Port Adelaide,Port Adelaide,Kane Cornes,8,3,20,1,0,0,4
2009,17,2009-07-26,Football Park,Adelaide,Port Adelaide,Port Adelaide,Jason Davenport,8,5,9,1,0,0,5
2009,17,2009-07-26,Football Park,Adelaide,Port Adelaide,Port Adelaide,Brett Ebert,6,4,2,0,1,0,4
2009,17,2009-07-26,Football Park,Adelaide,Port Adelaide,Port Adelaide,Robbie Gray,8,1,4,3,0,0,4
2009,17,2009-07-26,Football Park,Adelaide,Port Adelaide,Port Adelaide,Nathan Krakouer,11,5,6,0,0,0,0
2009,17,2009-07-26,Football Park,Adelaide,Port Adelaide,Port Adelaide,Brendon Lade,6,2,4,0,0,28,0
2009,17,2009-07-26,Football Park,Adelaide,Port Adelaide,Port Adelaide,Nick Lower,6,0,6,0,0,0,4
2009,17,2009-07-26,Football Park,Adelaide,Port Adelaide,Port Adelaide,Danyle Pearce,6,1,9,1,0,0,1
2009,17,2009-07-26,Football Park,Adelaide,Port Adelaide,Port Adelaide,David Rodan,6,3,9,0,0,0,2
2009,17,2009-07-26,Football Park,Adelaide,Port Adelaide,Port Adelaide,Steven Salopek,16,6,6,0,0,0,1
2009,17,2009-07-26,Football Park,Adelaide,Port Adelaide,Port Adelaide,Paul Stewart,6,4,6,0,0,0,4
2009,17,2009-07-26,Football Park,Adelaide,Port Adelaide,Port Adelaide,Jacob Surjan,6,2,5,0,0,0,1
2009,17,2009-07-26,Football Park,Adelaide,Port Adelaide,Port Adelaide,Toby Thurstans,5,3,5,0,0,5,3
2009,17,2009-07-26,Football Park,Adelaide,Port Adelaide,Port Adelaide,Warren Tredrea,7,6,7,0,2,0,1
2009,17,2009-07-26,Football Park,Adelaide,Port Adelaide,Port Adelaide,Justin Westhoff,8,5,7,1,0,2,4
2009,18,2009-07-31,Docklands,North Melbourne,Carlton,North Melbourne,Liam Anthony,14,3,19,0,2,0,0
2009,18,2009-07-31,Docklands,North Melbourne,Carlton,North Melbourne,Matt Campbell,4,2,1,0,1,0,6
2009,18,2009-07-31,Docklands,North Melbourne,Carlton,North Melbourne,Michael Firrito,2,1,10,0,0,0,3
2009,18,2009-07-31,Docklands,North Melbourne,Carlton,North Melbourne,Josh Gibson,10,2,6,0,0,0,7
2009,18,2009-07-31,Docklands,North Melbourne,Carlton,North Melbourne,Todd Goldstein,5,4,5,0,3,14,0
2009,18,2009-07-31,Docklands,North Melbourne,Carlton,North Melbourne,Levi Greenwood,3,2,4,0,0,0,6
2009,18,2009-07-31,Docklands,North Melbourne,Carlton,North Melbourne,Nathan Grima,11,7,2,0,0,0,3
2009,18,2009-07-31,Docklands,North Melbourne,Carlton,North Melbourne,Lachlan Hansen,7,4,4,0,1,1,1
2009,18,2009-07-31,Docklands,North Melbourne,Carlton,North Melbourne,Leigh Harding,4,4,0,2,0,0,0
2009,18,2009-07-31,Docklands,North Melbourne,Carlton,North Melbourne,Brent Harvey,15,5,17,1,1,0,2
2009,18,2009-07-31,Docklands,North Melbourne,Carlton,North Melbourne,Corey Jones,7,6,7,0,3,0,3
2009,18,2009-07-31,Docklands,North Melbourne,Carlton,North Melbourne,Hamish McIntosh,7,4,13,1,1,16,3
2009,18,2009-07-31,Docklands,North Melbourne,Carlton,North Melbourne,Scott McMahon,10,5,6,0,0,0,4
2009,18,2009-07-31,Docklands,North Melbourne,Carlton,North Melbourne,Drew Petrie,13,11,3,2,2,0,3
2009,18,2009-07-31,Docklands,North Melbourne,Carlton,North Melbourne,Sam Power,10,5,13,0,0,1,2
2009,18,2009-07-31,Docklands,North Melbourne,Carlton,North Melbourne,Daniel Pratt,15,7,3,0,1,0,2
2009,18,2009-07-31,Docklands,North Melbourne,Carlton,North Melbourne,Brady Rawlings,7,6,20,0,0,0,1
2009,18,2009-07-31,Docklands,North Melbourne,Carlton,North Melbourne,Adam Simpson,10,1,10,0,0,1,6
2009,18,2009-07-31,Docklands,North Melbourne,Carlton,North Melbourne,Andrew Swallow,12,5,5,1,0,0,9
2009,18,2009-07-31,Docklands,North Melbourne,Carlton,North Melbourne,Lindsay Thomas,10,3,4,4,1,0,5
2009,18,2009-07-31,Docklands,North Melbourne,Carlton,North Melbourne,Scott Thompson,6,5,8,0,0,0,1
2009,18,2009-07-31,Docklands,North Melbourne,Carlton,North Melbourne,Gavin Urquhart,10,6,6,0,0,0,4
2009,18,2009-07-31,Docklands,North Melbourne,Carlton,Carlton,Dennis Armfield,10,2,9,0,0,0,5
2009,18,2009-07-31,Docklands,North Melbourne,Carlton,Carlton,Mark Austin,4,2,2,0,0,0,1
2009,18,2009-07-31,Docklands,North Melbourne,Carlton,Carlton,Eddie Betts,5,0,3,0,1,0,5
2009,18,2009-07-31,Docklands,North Melbourne,Carlton,Carlton,Paul Bower,11,7,7,0,0,0,2
2009,18,2009-07-31,Docklands,North Melbourne,Carlton,Carlton,Andrew Carrazzo,10,4,5,0,1,0,5
2009,18,2009-07-31,Docklands,North Melbourne,Carlton,Carlton,Brendan Fevola,14,9,2,3,4,0,3
2009,18,2009-07-31,Docklands,North Melbourne,Carlton,Carlton,Bryce Gibbs,17,7,7,2,0,0,6
2009,18,2009-07-31,Docklands,North Melbourne,Carlton,Carlton,Richard Hadley,14,4,9,0,0,0,0
2009,18,2009-07-31,Docklands,North Melbourne,Carlton,Carlton,Shaun Hampson,2,3,2,0,0,24,0
2009,18,2009-07-31,Docklands,North Melbourne,Carlton,Carlton,Ryan Houlihan,12,5,7,0,0,0,3
2009,18,2009-07-31,Docklands,North Melbourne,Carlton,Carlton,Aaron Joseph,8,6,2,0,0,0,3
2009,18,2009-07-31,Docklands,North Melbourne,Carlton,Carlton,Chris Judd,13,5,8,0,0,0,3
2009,18,2009-07-31,Docklands,North Melbourne,Carlton,Carlton,Matthew Kreuzer,6,3,5,0,0,16,1
2009,18,2009-07-31,Docklands,North Melbourne,Carlton,Carlton,Marc Murphy,15,6,8,4,0,0,2
2009,18,2009-07-31,Docklands,North Melbourne,Carlton,Carlton,Setanta OhAilpin,2,2,3,1,0,0,0
2009,18,2009-07-31,Docklands,North Melbourne,Carlton,Carlton,Mitch Robinson,4,5,4,0,1,0,1
2009,18,2009-07-31,Docklands,North Melbourne,Carlton,Carlton,Jordan Russell,6,5,5,0,0,0,3
2009,18,2009-07-31,Docklands,North Melbourne,Carlton,Carlton,Heath Scotland,6,6,11,0,0,0,2
2009,18,2009-07-31,Docklands,North Melbourne,Carlton,Carlton,Kade Simpson,7,7,6,0,1,0,2
2009,18,2009-07-31,Docklands,North Melbourne,Carlton,Carlton,Nick Stevens,18,7,7,2,1,0,4
2009,18,2009-07-31,Docklands,North Melbourne,Carlton,Carlton,Bret Thornton,8,7,5,2,0,0,1
2009,18,2009-07-31,Docklands,North Melbourne,Carlton,Carlton,Andrew Walker,6,4,7,0,1,0,1
2009,18,2009-08-01,Kardinia Park,Geelong,Adelaide,Geelong,Gary Ablett,10,2,11,2,1,0,5
2009,18,2009-08-01,Kardinia Park,Geelong,Adelaide,Geelong,Jimmy Bartel,17,10,17,1,0,1,2
2009,18,2009-08-01,Kardinia Park,Geelong,Adelaide,Geelong,Shannon Byrnes,5,5,7,0,0,0,4
2009,18,2009-08-01,Kardinia Park,Geelong,Adelaide,Geelong,Paul Chapman,15,8,9,6,0,0,4
2009,18,2009-08-01,Kardinia Park,Geelong,Adelaide,Geelong,Joel Corey,10,4,18,0,0,0,5
2009,18,2009-08-01,Kardinia Park,Geelong,Adelaide,Geelong,Corey Enright,18,3,12,0,0,0,3
2009,18,2009-08-01,Kardinia Park,Geelong,Adelaide,Geelong,Tom Gillies,1,1,9,0,0,0,0
2009,18,2009-08-01,Kardinia Park,Geelong,Adelaide,Geelong,Tom Harley,8,3,12,0,0,0,1
2009,18,2009-08-01,Kardinia Park,Geelong,Adelaide,Geelong,Tom Hawkins,6,5,7,0,3,8,4
2009,18,2009-08-01,Kardinia Park,Geelong,Adelaide,Geelong,Simon Hogan,7,5,14,0,0,0,3
2009,18,2009-08-01,Kardinia Park,Geelong,Adelaide,Geelong,Steve Johnson,13,7,12,1,1,0,3
2009,18,2009-08-01,Kardinia Park,Geelong,Adelaide,Geelong,Cameron Ling,8,1,12,0,0,0,7
2009,18,2009-08-01,Kardinia Park,Geelong,Adelaide,Geelong,Andrew Mackie,10,3,11,0,0,0,1
2009,18,2009-08-01,Kardinia Park,Geelong,Adelaide,Geelong,Darren Milburn,14,7,13,0,0,0,1
2009,18,2009-08-01,Kardinia Park,Geelong,Adelaide,Geelong,Cameron Mooney,6,4,6,2,2,2,3
2009,18,2009-08-01,Kardinia Park,Geelong,Adelaide,Geelong,Shane Mumford,1,2,6,0,0,18,10
2009,18,2009-08-01,Kardinia Park,Geelong,Adelaide,Geelong,Max Rooke,5,5,7,0,0,0,3
2009,18,2009-08-01,Kardinia Park,Geelong,Adelaide,Geelong,Joel Selwood,10,5,16,1,0,1,6
2009,18,2009-08-01,Kardinia Park,Geelong,Adelaide,Geelong,Mathew Stokes,6,4,6,1,0,0,1
2009,18,2009-08-01,Kardinia Park,Geelong,Adelaide,Geelong,Kane Tenace,7,3,8,0,0,0,1
2009,18,2009-08-01,Kardinia Park,Geelong,Adelaide,Geelong,Travis Varcoe,7,0,3,0,1,0,2
2009,18,2009-08-01,Kardinia Park,Geelong,Adelaide,Geelong,David Wojcinski,6,4,12,0,1,0,6
2009,18,2009-08-01,Kardinia Park,Geelong,Adelaide,Adelaide,Nathan Bock,13,7,14,0,0,0,1
2009,18,2009-08-01,Kardinia Park,Geelong,Adelaide,Adelaide,Brett Burton,6,6,2,4,0,0,1
2009,18,2009-08-01,Kardinia Park,Geelong,Adelaide,Adelaide,Patrick Dangerfield,5,3,7,0,2,0,4
2009,18,2009-08-01,Kardinia Park,Geelong,Adelaide,Adelaide,Michael Doughty,15,7,11,1,0,0,0
2009,18,2009-08-01,Kardinia Park,Geelong,Adelaide,Adelaide,Tyson Edwards,17,4,11,0,1,0,0
2009,18,2009-08-01,Kardinia Park,Geelong,Adelaide,Adelaide,Simon Goodwin,13,8,22,0,0,0,4
2009,18,2009-08-01,Kardinia Park,Geelong,Adelaide,Adelaide,Graham Johncock,11,6,9,1,0,0,3
2009,18,2009-08-01,Kardinia Park,Geelong,Adelaide,Adelaide,Chris Knights,12,7,9,1,2,0,1
2009,18,2009-08-01,Kardinia Park,Geelong,Adelaide,Adelaide,Ivan Maric,8,7,9,0,1,16,3
2009,18,2009-08-01,Kardinia Park,Geelong,Adelaide,Adelaide,Andrew McLeod,8,3,13,0,0,0,1
2009,18,2009-08-01,Kardinia Park,Geelong,Adelaide,Adelaide,Andy Otten,5,6,6,0,0,0,1
2009,18,2009-08-01,Kardinia Park,Geelong,Adelaide,Adelaide,Jason Porplyzia,6,2,5,0,1,0,5
2009,18,2009-08-01,Kardinia Park,Geelong,Adelaide,Adelaide,Brent Reilly,19,6,10,1,0,1,4
2009,18,2009-08-01,Kardinia Park,Geelong,Adelaide,Adelaide,Ben Rutten,3,4,12,0,0,0,6
2009,18,2009-08-01,Kardinia Park,Geelong,Adelaide,Adelaide,James Sellar,2,1,1,0,0,2,1
2009,18,2009-08-01,Kardinia Park,Geelong,Adelaide,Adelaide,Robert Shirley,5,2,10,0,0,0,7
2009,18,2009-08-01,Kardinia Park,Geelong,Adelaide,Adelaide,Scott Stevens,9,6,8,1,2,0,3
2009,18,2009-08-01,Kardinia Park,Geelong,Adelaide,Adelaide,Brad Symes,5,5,7,0,0,4,1
2009,18,2009-08-01,Kardinia Park,Geelong,Adelaide,Adelaide,Scott Thompson,7,1,10,0,0,0,7
2009,18,2009-08-01,Kardinia Park,Geelong,Adelaide,Adelaide,Kurt Tippett,9,2,5,4,1,10,2
2009,18,2009-08-01,Kardinia Park,Geelong,Adelaide,Adelaide,Nathan van Berlo,10,6,17,0,0,0,0
2009,18,2009-08-01,Kardinia Park,Geelong,Adelaide,Adelaide,Bernie Vince,13,4,13,0,1,0,3
2009,18,2009-08-01,Docklands,Western Bulldogs,Fremantle,Western Bulldogs,Dylan Addison,6,6,11,0,1,0,2
2009,18,2009-08-01,Docklands,Western Bulldogs,Fremantle,Western Bulldogs,Jason Akermanis,15,5,8,5,1,0,8
2009,18,2009-08-01,Docklands,Western Bulldogs,Fremantle,Western Bulldogs,Matthew Boyd,14,4,14,0,0,0,2
2009,18,2009-08-01,Docklands,Western Bulldogs,Fremantle,Western Bulldogs,Adam Cooney,15,4,15,0,1,0,3
2009,18,2009-08-01,Docklands,Western Bulldogs,Fremantle,Western Bulldogs,Daniel Cross,7,8,28,1,0,1,3
2009,18,2009-08-01,Docklands,Western Bulldogs,Fremantle,Western Bulldogs,Nathan Eagleton,14,7,8,0,1,0,3
2009,18,2009-08-01,Docklands,Western Bulldogs,Fremantle,Western Bulldogs,Andrejs Everitt,6,6,7,0,1,0,3
2009,18,2009-08-01,Docklands,Western Bulldogs,Fremantle,Western Bulldogs,Lindsay Gilbee,14,1,3,0,0,0,2
2009,18,2009-08-01,Docklands,Western Bulldogs,Fremantle,Western Bulldogs,Ryan Griffen,8,4,9,0,0,2,4
2009,18,2009-08-01,Docklands,Western Bulldogs,Fremantle,Western Bulldogs,Mitch Hahn,8,5,12,2,1,0,1
2009,18,2009-08-01,Docklands,Western Bulldogs,Fremantle,Western Bulldogs,Jarrod Harbrow,14,4,10,0,0,0,1
2009,18,2009-08-01,Docklands,Western Bulldogs,Fremantle,Western Bulldogs,Ryan Hargrave,19,5,8,0,0,0,2
2009,18,2009-08-01,Docklands,Western Bulldogs,Fremantle,Western Bulldogs,Josh Hill,12,3,10,1,1,0,5
2009,18,2009-08-01,Docklands,Western Bulldogs,Fremantle,Western Bulldogs,Ben Hudson,3,0,7,0,0,10,1
2009,18,2009-08-01,Docklands,Western Bulldogs,Fremantle,Western Bulldogs,Brad Johnson,13,8,10,0,0,0,6
2009,18,2009-08-01,Docklands,Western Bulldogs,Fremantle,Western Bulldogs,Brian Lake,11,7,7,0,0,0,0
2009,18,2009-08-01,Docklands,Western Bulldogs,Fremantle,Western Bulldogs,Will Minson,5,1,5,2,0,10,3
2009,18,2009-08-01,Docklands,Western Bulldogs,Fremantle,Western Bulldogs,Dale Morris,3,2,8,0,0,0,2
2009,18,2009-08-01,Docklands,Western Bulldogs,Fremantle,Western Bulldogs,Liam Picken,3,0,8,0,0,0,1
2009,18,2009-08-01,Docklands,Western Bulldogs,Fremantle,Western Bulldogs,Brennan Stack,9,5,6,4,0,0,2
2009,18,2009-08-01,Docklands,Western Bulldogs,Fremantle,Western Bulldogs,Callan Ward,9,5,13,2,2,0,3
2009,18,2009-08-01,Docklands,Western Bulldogs,Fremantle,Western Bulldogs,Tom Williams,8,7,10,0,0,0,0
2009,18,2009-08-01,Docklands,Western Bulldogs,Fremantle,Fremantle,Hayden Ballantyne,8,5,2,1,3,0,3
2009,18,2009-08-01,Docklands,Western Bulldogs,Fremantle,Fremantle,Kepler Bradley,6,6,6,2,1,5,1
2009,18,2009-08-01,Docklands,Western Bulldogs,Fremantle,Fremantle,Greg Broughton,18,11,15,0,0,0,3
2009,18,2009-08-01,Docklands,Western Bulldogs,Fremantle,Fremantle,Matt de Boer,7,9,8,1,0,0,2
2009,18,2009-08-01,Docklands,Western Bulldogs,Fremantle,Fremantle,Steven Dodd,13,7,12,0,0,1,7
2009,18,2009-08-01,Docklands,Western Bulldogs,Fremantle,Fremantle,Paul Duffield,6,2,5,0,0,0,3
2009,18,2009-08-01,Docklands,Western Bulldogs,Fremantle,Fremantle,Antoni Grover,9,9,5,1,1,0,1
2009,18,2009-08-01,Docklands,Western Bulldogs,Fremantle,Fremantle,Paul Hasleby,6,3,7,0,1,1,2
2009,18,2009-08-01,Docklands,Western Bulldogs,Fremantle,Fremantle,Des Headland,16,8,9,0,0,0,3
2009,18,2009-08-01,Docklands,Western Bulldogs,Fremantle,Fremantle,Stephen Hill,8,2,5,0,1,0,2
2009,18,2009-08-01,Docklands,Western Bulldogs,Fremantle,Fremantle,Garrick Ibbotson,12,6,9,0,0,0,3
2009,18,2009-08-01,Docklands,Western Bulldogs,Fremantle,Fremantle,Chris Mayne,4,3,2,3,1,0,0
2009,18,2009-08-01,Docklands,Western Bulldogs,Fremantle,Fremantle,David Mundy,11,8,9,0,0,0,1
2009,18,2009-08-01,Docklands,Western Bulldogs,Fremantle,Fremantle,Matthew Pavlich,17,6,13,2,0,0,4
2009,18,2009-08-01,Docklands,Western Bulldogs,Fremantle,Fremantle,Clancee Pearce,8,4,5,0,0,0,2
2009,18,2009-08-01,Docklands,Western Bulldogs,Fremantle,Fremantle,Aaron Sandilands,6,4,9,1,1,26,2
2009,18,2009-08-01,Docklands,Western Bulldogs,Fremantle,Fremantle,Dean Solomon,9,5,11,0,0,0,3
2009,18,2009-08-01,Docklands,Western Bulldogs,Fremantle,Fremantle,Nick Suban,6,1,4,0,1,0,4
2009,18,2009-08-01,Docklands,Western Bulldogs,Fremantle,Fremantle,Chris Tarrant,8,4,6,0,1,0,2
2009,18,2009-08-01,Docklands,Western Bulldogs,Fremantle,Fremantle,Scott Thornton,6,4,6,0,0,0,3
2009,18,2009-08-01,Docklands,Western Bulldogs,Fremantle,Fremantle,Jay van Berlo,2,1,2,0,0,0,6
2009,18,2009-08-01,Docklands,Western Bulldogs,Fremantle,Fremantle,Michael Walters,7,5,6,0,0,0,1
2009,18,2009-08-01,M.C.G.,Collingwood,Brisbane Lions,Collingwood,John Anthony,9,7,6,1,2,3,1
2009,18,2009-08-01,M.C.G.,Collingwood,Brisbane Lions,Collingwood,Jaxson Barham,12,5,7,0,1,0,2
2009,18,2009-08-01,M.C.G.,Collingwood,Brisbane Lions,Collingwood,Dayne Beams,8,7,9,2,1,0,1
2009,18,2009-08-01,M.C.G.,Collingwood,Brisbane Lions,Collingwood,Leigh Brown,5,5,8,0,0,0,2
2009,18,2009-08-01,M.C.G.,Collingwood,Brisbane Lions,Collingwood,Travis Cloke,14,11,4,0,2,10,7
2009,18,2009-08-01,M.C.G.,Collingwood,Brisbane Lions,Collingwood,Leon Davis,18,6,6,2,3,0,5
2009,18,2009-08-01,M.C.G.,Collingwood,Brisbane Lions,Collingwood,Alan Didak,19,5,10,1,1,0,1
2009,18,2009-08-01,M.C.G.,Collingwood,Brisbane Lions,Collingwood,Tyson Goldsack,7,2,5,0,0,0,2
2009,18,2009-08-01,M.C.G.,Collingwood,Brisbane Lions,Collingwood,Ben Johnson,10,0,9,0,0,0,3
2009,18,2009-08-01,M.C.G.,Collingwood,Brisbane Lions,Collingwood,Tarkyn Lockyer,11,7,9,0,1,0,1
2009,18,2009-08-01,M.C.G.,Collingwood,Brisbane Lions,Collingwood,Heritier Lumumba,8,6,6,0,0,0,2
2009,18,2009-08-01,M.C.G.,Collingwood,Brisbane Lions,Collingwood,Nick Maxwell,2,7,11,0,0,0,3
2009,18,2009-08-01,M.C.G.,Collingwood,Brisbane Lions,Collingwood,Paul Medhurst,12,6,4,1,3,0,1
2009,18,2009-08-01,M.C.G.,Collingwood,Brisbane Lions,Collingwood,Shane OBree,12,1,8,1,0,0,2
2009,18,2009-08-01,M.C.G.,Collingwood,Brisbane Lions,Collingwood,Scott Pendlebury,20,6,16,1,0,0,3
2009,18,2009-08-01,M.C.G.,Collingwood,Brisbane Lions,Collingwood,Simon Prestigiacomo,5,5,2,0,2,0,2
2009,18,2009-08-01,M.C.G.,Collingwood,Brisbane Lions,Collingwood,Heath Shaw,12,4,7,0,0,0,3
2009,18,2009-08-01,M.C.G.,Collingwood,Brisbane Lions,Collingwood,Steele Sidebottom,6,4,8,0,0,0,4
2009,18,2009-08-01,M.C.G.,Collingwood,Brisbane Lions,Collingwood,Dane Swan,19,4,17,0,3,0,4
2009,18,2009-08-01,M.C.G.,Collingwood,Brisbane Lions,Collingwood,Dale Thomas,10,3,6,3,0,0,5
2009,18,2009-08-01,M.C.G.,Collingwood,Brisbane Lions,Collingwood,Alan Toovey,4,3,6,0,0,0,4
2009,18,2009-08-01,M.C.G.,Collingwood,Brisbane Lions,Collingwood,Cameron Wood,4,5,11,0,0,12,3
2009,18,2009-08-01,M.C.G.,Collingwood,Brisbane Lions,Brisbane Lions,Simon Black,13,7,14,0,0,0,0
2009,18,2009-08-01,M.C.G.,Collingwood,Brisbane Lions,Brisbane Lions,Jared Brennan,5,3,8,0,0,0,2
2009,18,2009-08-01,M.C.G.,Collingwood,Brisbane Lions,Brisbane Lions,Jonathan Brown,15,14,0,5,4,0,2
2009,18,2009-08-01,M.C.G.,Collingwood,Brisbane Lions,Brisbane Lions,Mitch Clark,6,5,14,0,0,31,2
2009,18,2009-08-01,M.C.G.,Collingwood,Brisbane Lions,Brisbane Lions,Bradd Dalziell,14,5,6,0,0,0,0
2009,18,2009-08-01,M.C.G.,Collingwood,Brisbane Lions,Brisbane Lions,Josh Drummond,12,5,8,0,0,0,1
2009,18,2009-08-01,M.C.G.,Collingwood,Brisbane Lions,Brisbane Lions,James Hawksley,6,4,10,0,0,0,0
2009,18,2009-08-01,M.C.G.,Collingwood,Brisbane Lions,Brisbane Lions,Joel Macdonald,15,9,11,0,0,0,1
2009,18,2009-08-01,M.C.G.,Collingwood,Brisbane Lions,Brisbane Lions,Ashley McGrath,17,9,12,0,0,0,2
2009,18,2009-08-01,M.C.G.,Collingwood,Brisbane Lions,Brisbane Lions,Daniel Merrett,6,6,5,1,0,5,0
2009,18,2009-08-01,M.C.G.,Collingwood,Brisbane Lions,Brisbane Lions,Joel Patfull,6,5,4,0,0,1,5
2009,18,2009-08-01,M.C.G.,Collingwood,Brisbane Lions,Brisbane Lions,James Polkinghorne,3,1,2,0,0,0,0
2009,18,2009-08-01,M.C.G.,Collingwood,Brisbane Lions,Brisbane Lions,Luke Power,10,4,13,0,0,0,5
2009,18,2009-08-01,M.C.G.,Collingwood,Brisbane Lions,Brisbane Lions,Jack Redden,8,3,10,0,0,0,6
2009,18,2009-08-01,M.C.G.,Collingwood,Brisbane Lions,Brisbane Lions,Daniel Rich,9,5,10,0,0,0,2
2009,18,2009-08-01,M.C.G.,Collingwood,Brisbane Lions,Brisbane Lions,Michael Rischitelli,8,5,7,1,0,0,2
2009,18,2009-08-01,M.C.G.,Collingwood,Brisbane Lions,Brisbane Lions,Tom Rockliff,3,3,2,0,0,0,1
2009,18,2009-08-01,M.C.G.,Collingwood,Brisbane Lions,Brisbane Lions,Jason Roe,6,4,2,0,0,0,4
2009,18,2009-08-01,M.C.G.,Collingwood,Brisbane Lions,Brisbane Lions,Troy Selwood,6,5,1,0,0,0,0
2009,18,2009-08-01,M.C.G.,Collingwood,Brisbane Lions,Brisbane Lions,Sam Sheldon,5,4,3,0,0,0,2
2009,18,2009-08-01,M.C.G.,Collingwood,Brisbane Lions,Brisbane Lions,Justin Sherman,8,1,16,1,1,0,5
2009,18,2009-08-01,M.C.G.,Collingwood,Brisbane Lions,Brisbane Lions,Cheynee Stiller,6,2,6,0,0,0,2
2009,18,2009-08-01,S.C.G.,Sydney,St Kilda,Sydney,Luke Ablett,13,5,3,2,3,3,3
2009,18,2009-08-01,S.C.G.,Sydney,St Kilda,Sydney,Ed Barlow,15,4,8,1,0,0,3
2009,18,2009-08-01,S.C.G.,Sydney,St Kilda,Sydney,Craig Bird,2,2,7,1,0,0,2
2009,18,2009-08-01,S.C.G.,Sydney,St Kilda,Sydney,Craig Bolton,6,1,3,0,0,0,0
2009,18,2009-08-01,S.C.G.,Sydney,St Kilda,Sydney,Jude Bolton,11,3,10,0,1,0,6
2009,18,2009-08-01,S.C.G.,Sydney,St Kilda,Sydney,Jared Crouch,11,3,3,0,0,0,3
2009,18,2009-08-01,S.C.G.,Sydney,St Kilda,Sydney,Adam Goodes,11,6,4,2,1,0,0
2009,18,2009-08-01,S.C.G.,Sydney,St Kilda,Sydney,Heath Grundy,9,10,9,0,0,0,1
2009,18,2009-08-01,S.C.G.,Sydney,St Kilda,Sydney,Dan Hannebery,7,7,7,0,1,0,2
2009,18,2009-08-01,S.C.G.,Sydney,St Kilda,Sydney,Kieren Jack,9,2,8,1,1,0,8
2009,18,2009-08-01,S.C.G.,Sydney,St Kilda,Sydney,Darren Jolly,2,1,2,0,0,33,0
2009,18,2009-08-01,S.C.G.,Sydney,St Kilda,Sydney,Brett Kirk,4,1,6,0,0,0,8
2009,18,2009-08-01,S.C.G.,Sydney,St Kilda,Sydney,Martin Mattner,7,1,5,1,0,0,4
2009,18,2009-08-01,S.C.G.,Sydney,St Kilda,Sydney,Jarrad McVeigh,14,3,10,1,2,0,1
2009,18,2009-08-01,S.C.G.,Sydney,St Kilda,Sydney,Jarred Moore,5,1,5,0,1,0,6
2009,18,2009-08-01,S.C.G.,Sydney,St Kilda,Sydney,Ryan OKeefe,11,3,7,0,0,1,4
2009,18,2009-08-01,S.C.G.,Sydney,St Kilda,Sydney,Michael OLoughlin,5,5,4,1,1,0,2
2009,18,2009-08-01,S.C.G.,Sydney,St Kilda,Sydney,Mike Pyke,1,0,7,0,0,8,3
2009,18,2009-08-01,S.C.G.,Sydney,St Kilda,Sydney,Lewis Roberts-Thomson,4,4,3,0,0,2,1
2009,18,2009-08-01,S.C.G.,Sydney,St Kilda,Sydney,Rhyce Shaw,19,2,4,0,0,0,3
2009,18,2009-08-01,S.C.G.,Sydney,St Kilda,Sydney,Nick Smith,7,3,2,0,1,0,5
2009,18,2009-08-01,S.C.G.,Sydney,St Kilda,Sydney,Jesse White,6,3,2,3,1,0,0
2009,18,2009-08-01,S.C.G.,Sydney,St Kilda,St Kilda,Steven Baker,7,6,3,0,0,0,4
2009,18,2009-08-01,S.C.G.,Sydney,St Kilda,St Kilda,Jason Blake,5,1,5,0,0,0,2
2009,18,2009-08-01,S.C.G.,Sydney,St Kilda,St Kilda,Raphael Clarke,9,3,8,0,0,0,7
2009,18,2009-08-01,S.C.G.,Sydney,St Kilda,St Kilda,Nick Dal Santo,15,1,13,1,0,1,2
2009,18,2009-08-01,S.C.G.,Sydney,St Kilda,St Kilda,Sean Dempster,4,2,2,0,0,0,3
2009,18,2009-08-01,S.C.G.,Sydney,St Kilda,St Kilda,Robert Eddy,2,2,6,0,0,0,1
2009,18,2009-08-01,S.C.G.,Sydney,St Kilda,St Kilda,Sam Fisher,8,6,6,0,1,0,0
2009,18,2009-08-01,S.C.G.,Sydney,St Kilda,St Kilda,Brendon Goddard,18,4,11,0,1,0,2
2009,18,2009-08-01,S.C.G.,Sydney,St Kilda,St Kilda,Jason Gram,8,1,4,1,0,0,2
2009,18,2009-08-01,S.C.G.,Sydney,St Kilda,St Kilda,James Gwilt,5,5,4,1,0,0,3
2009,18,2009-08-01,S.C.G.,Sydney,St Kilda,St Kilda,Lenny Hayes,5,3,12,0,0,7,7
2009,18,2009-08-01,S.C.G.,Sydney,St Kilda,St Kilda,Max Hudghton,7,8,7,0,0,0,0
2009,18,2009-08-01,S.C.G.,Sydney,St Kilda,St Kilda,Clinton Jones,6,2,10,0,0,0,4
2009,18,2009-08-01,S.C.G.,Sydney,St Kilda,St Kilda,Steven King,4,1,3,1,0,11,2
2009,18,2009-08-01,S.C.G.,Sydney,St Kilda,St Kilda,Justin Koschitzke,9,9,3,1,4,2,2
2009,18,2009-08-01,S.C.G.,Sydney,St Kilda,St Kilda,Ben McEvoy,4,1,5,1,0,11,2
2009,18,2009-08-01,S.C.G.,Sydney,St Kilda,St Kilda,Andrew McQualter,3,1,7,2,0,0,2
2009,18,2009-08-01,S.C.G.,Sydney,St Kilda,St Kilda,Stephen Milne,8,4,2,1,0,0,5
2009,18,2009-08-01,S.C.G.,Sydney,St Kilda,St Kilda,Leigh Montagna,22,6,12,0,3,0,4
2009,18,2009-08-01,S.C.G.,Sydney,St Kilda,St Kilda,Farren Ray,12,6,10,0,1,0,10
2009,18,2009-08-01,S.C.G.,Sydney,St Kilda,St Kilda,Nick Riewoldt,13,9,2,2,3,0,0
2009,18,2009-08-01,S.C.G.,Sydney,St Kilda,St Kilda,Adam Schneider,11,4,4,2,1,0,6
2009,18,2009-08-02,M.C.G.,Melbourne,Richmond,Melbourne,Clint Bartram,10,4,5,0,2,1,4
2009,18,2009-08-02,M.C.G.,Melbourne,Richmond,Melbourne,Matthew Bate,13,8,10,1,1,0,5
2009,18,2009-08-02,M.C.G.,Melbourne,Richmond,Melbourne,Jamie Bennell,2,1,5,0,0,0,1
2009,18,2009-08-02,M.C.G.,Melbourne,Richmond,Melbourne,Cameron Bruce,10,6,15,0,0,0,3
2009,18,2009-08-02,M.C.G.,Melbourne,Richmond,Melbourne,Kyle Cheney,7,6,10,0,0,0,3
2009,18,2009-08-02,M.C.G.,Melbourne,Richmond,Melbourne,Aaron Davey,14,0,3,1,0,0,6
2009,18,2009-08-02,M.C.G.,Melbourne,Richmond,Melbourne,Lynden Dunn,12,9,6,2,0,1,5
2009,18,2009-08-02,M.C.G.,Melbourne,Richmond,Melbourne,James Frawley,9,4,6,0,0,0,1
2009,18,2009-08-02,M.C.G.,Melbourne,Richmond,Melbourne,Jack Grimes,15,10,5,1,1,0,4
2009,18,2009-08-02,M.C.G.,Melbourne,Richmond,Melbourne,Neville Jetta,11,1,3,1,0,0,5
2009,18,2009-08-02,M.C.G.,Melbourne,Richmond,Melbourne,Paul Johnson,3,2,5,0,0,5,2
2009,18,2009-08-02,M.C.G.,Melbourne,Richmond,Melbourne,Nathan Jones,9,2,11,1,3,0,1
2009,18,2009-08-02,M.C.G.,Melbourne,Richmond,Melbourne,Stefan Martin,1,2,3,0,1,9,0
2009,18,2009-08-02,M.C.G.,Melbourne,Richmond,Melbourne,James McDonald,17,9,11,0,1,0,6
2009,18,2009-08-02,M.C.G.,Melbourne,Richmond,Melbourne,Brad Miller,8,4,3,2,0,1,1
2009,18,2009-08-02,M.C.G.,Melbourne,Richmond,Melbourne,Michael Newton,12,6,6,1,0,0,4
2009,18,2009-08-02,M.C.G.,Melbourne,Richmond,Melbourne,Ricky Petterd,16,8,9,2,0,0,5
2009,18,2009-08-02,M.C.G.,Melbourne,Richmond,Melbourne,Jared Rivers,7,7,6,0,0,0,4
2009,18,2009-08-02,M.C.G.,Melbourne,Richmond,Melbourne,Jake Spencer,0,2,4,0,0,20,3
2009,18,2009-08-02,M.C.G.,Melbourne,Richmond,Melbourne,Shane Valenti,14,2,4,0,0,0,5
2009,18,2009-08-02,M.C.G.,Melbourne,Richmond,Melbourne,Matthew Warnock,9,5,2,0,0,0,1
2009,18,2009-08-02,M.C.G.,Melbourne,Richmond,Melbourne,Matthew Whelan,2,2,10,0,0,0,2
2009,18,2009-08-02,M.C.G.,Melbourne,Richmond,Richmond,Nathan Brown,10,5,11,3,0,0,3
2009,18,2009-08-02,M.C.G.,Melbourne,Richmond,Richmond,Trent Cotchin,5,1,10,0,0,1,1
2009,18,2009-08-02,M.C.G.,Melbourne,Richmond,Richmond,Ben Cousins,13,1,14,0,1,0,5
2009,18,2009-08-02,M.C.G.,Melbourne,Richmond,Richmond,Brett Deledio,11,4,13,2,1,0,6
2009,18,2009-08-02,M.C.G.,Melbourne,Richmond,Richmond,Shane Edwards,7,2,7,0,1,0,0
2009,18,2009-08-02,M.C.G.,Melbourne,Richmond,Richmond,Tom Hislop,9,4,3,1,0,0,4
2009,18,2009-08-02,M.C.G.,Melbourne,Richmond,Richmond,Daniel Jackson,12,6,10,0,0,2,3
2009,18,2009-08-02,M.C.G.,Melbourne,Richmond,Richmond,Jake King,8,6,12,0,0,0,2
2009,18,2009-08-02,M.C.G.,Melbourne,Richmond,Richmond,Luke McGuane,10,10,6,0,0,0,3
2009,18,2009-08-02,M.C.G.,Melbourne,Richmond,Richmond,Jordan McMahon,14,6,9,1,2,0,2
2009,18,2009-08-02,M.C.G.,Melbourne,Richmond,Richmond,Kelvin Moore,3,4,7,0,1,0,6
2009,18,2009-08-02,M.C.G.,Melbourne,Richmond,Richmond,Mitch Morton,11,5,9,2,2,0,1
2009,18,2009-08-02,M.C.G.,Melbourne,Richmond,Richmond,Robin Nahas,8,4,4,1,2,0,6
2009,18,2009-08-02,M.C.G.,Melbourne,Richmond,Richmond,Chris Newman,9,0,11,0,0,0,3
2009,18,2009-08-02,M.C.G.,Melbourne,Richmond,Richmond,Adam Pattison,3,5,12,0,0,14,3
2009,18,2009-08-02,M.C.G.,Melbourne,Richmond,Richmond,Dean Polo,11,6,3,0,0,0,1
2009,18,2009-08-02,M.C.G.,Melbourne,Richmond,Richmond,Jayden Post,6,4,6,0,1,0,1
2009,18,2009-08-02,M.C.G.,Melbourne,Richmond,Richmond,Jack Riewoldt,8,5,3,1,2,0,1
2009,18,2009-08-02,M.C.G.,Melbourne,Richmond,Richmond,Richard Tambling,11,3,11,0,1,0,4
2009,18,2009-08-02,M.C.G.,Melbourne,Richmond,Richmond,Will Thursfield,5,5,4,0,0,0,0
2009,18,2009-08-02,M.C.G.,Melbourne,Richmond,Richmond,Ty Vickery,1,1,5,1,0,9,1
2009,18,2009-08-02,M.C.G.,Melbourne,Richmond,Richmond,Matt White,5,1,10,0,0,0,6
2009,18,2009-08-02,Football Park,Port Adelaide,Hawthorn,Port Adelaide,Travis Boak,19,8,16,1,1,0,1
2009,18,2009-08-02,Football Park,Port Adelaide,Hawthorn,Port Adelaide,Dean Brogan,11,8,10,0,0,17,4
2009,18,2009-08-02,Football Park,Port Adelaide,Hawthorn,Port Adelaide,Shaun Burgoyne,14,4,12,1,1,0,6
2009,18,2009-08-02,Football Park,Port Adelaide,Hawthorn,Port Adelaide,Alipate Carlile,7,7,10,0,0,0,2
2009,18,2009-08-02,Football Park,Port Adelaide,Hawthorn,Port Adelaide,Domenic Cassisi,3,1,12,0,1,0,5
2009,18,2009-08-02,Football Park,Port Adelaide,Hawthorn,Port Adelaide,Troy Chaplin,7,7,9,0,0,0,1
2009,18,2009-08-02,Football Park,Port Adelaide,Hawthorn,Port Adelaide,Chad Cornes,9,7,13,0,0,0,3
2009,18,2009-08-02,Football Park,Port Adelaide,Hawthorn,Port Adelaide,Kane Cornes,10,5,14,0,0,0,3
2009,18,2009-08-02,Football Park,Port Adelaide,Hawthorn,Port Adelaide,Jason Davenport,5,4,6,0,0,1,2
2009,18,2009-08-02,Football Park,Port Adelaide,Hawthorn,Port Adelaide,Robbie Gray,12,4,3,4,4,0,2
2009,18,2009-08-02,Football Park,Port Adelaide,Hawthorn,Port Adelaide,Hamish Hartlett,14,6,9,0,0,0,1
2009,18,2009-08-02,Football Park,Port Adelaide,Hawthorn,Port Adelaide,Nathan Krakouer,10,2,16,0,0,0,2
2009,18,2009-08-02,Football Park,Port Adelaide,Hawthorn,Port Adelaide,Brendon Lade,4,2,4,0,2,13,2
2009,18,2009-08-02,Football Park,Port Adelaide,Hawthorn,Port Adelaide,Tom Logan,4,2,4,1,0,0,3
2009,18,2009-08-02,Football Park,Port Adelaide,Hawthorn,Port Adelaide,Danyle Pearce,19,6,8,1,0,0,3
2009,18,2009-08-02,Football Park,Port Adelaide,Hawthorn,Port Adelaide,David Rodan,15,4,10,2,1,0,2
2009,18,2009-08-02,Football Park,Port Adelaide,Hawthorn,Port Adelaide,Nick Salter,11,6,4,2,0,0,2
2009,18,2009-08-02,Football Park,Port Adelaide,Hawthorn,Port Adelaide,Jacob Surjan,11,7,11,0,0,0,5
2009,18,2009-08-02,Football Park,Port Adelaide,Hawthorn,Port Adelaide,Matt Thomas,1,3,13,0,0,0,1
2009,18,2009-08-02,Football Park,Port Adelaide,Hawthorn,Port Adelaide,Toby Thurstans,11,5,9,0,0,0,2
2009,18,2009-08-02,Football Park,Port Adelaide,Hawthorn,Port Adelaide,Warren Tredrea,7,5,2,3,1,0,1
2009,18,2009-08-02,Football Park,Port Adelaide,Hawthorn,Port Adelaide,Justin Westhoff,11,5,4,3,1,1,1
2009,18,2009-08-02,Football Park,Port Adelaide,Hawthorn,Hawthorn,Chance Bateman,16,6,11,1,1,0,1
2009,18,2009-08-02,Football Park,Port Adelaide,Hawthorn,Hawthorn,Grant Birchall,11,2,17,0,1,0,1
2009,18,2009-08-02,Football Park,Port Adelaide,Hawthorn,Hawthorn,Campbell Brown,7,7,18,0,1,0,3
2009,18,2009-08-02,Football Park,Port Adelaide,Hawthorn,Hawthorn,Xavier Ellis,4,1,9,0,0,0,1
2009,18,2009-08-02,Football Park,Port Adelaide,Hawthorn,Hawthorn,Lance Franklin,14,4,6,2,7,0,1
2009,18,2009-08-02,Football Park,Port Adelaide,Hawthorn,Hawthorn,Stephen Gilham,4,3,9,0,0,0,2
2009,18,2009-08-02,Football Park,Port Adelaide,Hawthorn,Hawthorn,Brent Guerra,11,5,10,2,0,0,2
2009,18,2009-08-02,Football Park,Port Adelaide,Hawthorn,Hawthorn,Luke Hodge,9,3,12,2,0,0,5
2009,18,2009-08-02,Football Park,Port Adelaide,Hawthorn,Hawthorn,Josh Kennedy,7,1,8,1,0,0,2
2009,18,2009-08-02,Football Park,Port Adelaide,Hawthorn,Hawthorn,Jordan Lewis,7,7,14,0,1,0,2
2009,18,2009-08-02,Football Park,Port Adelaide,Hawthorn,Hawthorn,Ben McGlynn,12,3,9,1,4,0,4
2009,18,2009-08-02,Football Park,Port Adelaide,Hawthorn,Hawthorn,Sam Mitchell,11,2,17,0,0,0,0
2009,18,2009-08-02,Football Park,Port Adelaide,Hawthorn,Hawthorn,Tom Murphy,6,2,7,0,0,0,1
2009,18,2009-08-02,Football Park,Port Adelaide,Hawthorn,Hawthorn,Brent Renouf,3,3,7,0,1,2,3
2009,18,2009-08-02,Football Park,Port Adelaide,Hawthorn,Hawthorn,Cyril Rioli,11,5,10,0,0,0,2
2009,18,2009-08-02,Football Park,Port Adelaide,Hawthorn,Hawthorn,Jarryd Roughead,5,4,4,2,2,1,1
2009,18,2009-08-02,Football Park,Port Adelaide,Hawthorn,Hawthorn,Ryan Schoenmakers,3,1,6,0,0,0,3
2009,18,2009-08-02,Football Park,Port Adelaide,Hawthorn,Hawthorn,Brad Sewell,10,6,8,1,0,0,6
2009,18,2009-08-02,Football Park,Port Adelaide,Hawthorn,Hawthorn,Liam Shiels,5,3,12,0,0,0,3
2009,18,2009-08-02,Football Park,Port Adelaide,Hawthorn,Hawthorn,Cameron Stokes,0,2,8,0,0,0,1
2009,18,2009-08-02,Football Park,Port Adelaide,Hawthorn,Hawthorn,Simon Taylor,1,3,9,1,0,16,4
2009,18,2009-08-02,Football Park,Port Adelaide,Hawthorn,Hawthorn,Brendan Whitecross,5,5,10,1,0,0,1
2009,18,2009-08-02,Subiaco,West Coast,Essendon,West Coast,Mitch Brown,6,5,16,0,0,0,2
2009,18,2009-08-02,Subiaco,West Coast,Essendon,West Coast,Sam Butler,11,6,9,0,0,0,2
2009,18,2009-08-02,Subiaco,West Coast,Essendon,West Coast,Brad Ebert,15,5,13,0,0,0,2
2009,18,2009-08-02,Subiaco,West Coast,Essendon,West Coast,Andrew Embley,14,4,17,0,2,0,2
2009,18,2009-08-02,Subiaco,West Coast,Essendon,West Coast,Darren Glass,5,6,8,0,0,0,4
2009,18,2009-08-02,Subiaco,West Coast,Essendon,West Coast,Tim Houlihan,12,3,13,0,0,0,2
2009,18,2009-08-02,Subiaco,West Coast,Essendon,West Coast,Shannon Hurn,11,6,9,0,0,0,2
2009,18,2009-08-02,Subiaco,West Coast,Essendon,West Coast,Josh Kennedy,10,8,4,1,1,0,1
2009,18,2009-08-02,Subiaco,West Coast,Essendon,West Coast,Mark LeCras,13,8,13,3,1,0,3
2009,18,2009-08-02,Subiaco,West Coast,Essendon,West Coast,Quinten Lynch,11,4,9,0,1,13,2
2009,18,2009-08-02,Subiaco,West Coast,Essendon,West Coast,Eric Mackenzie,4,2,5,0,0,0,1
2009,18,2009-08-02,Subiaco,West Coast,Essendon,West Coast,Chris Masten,9,3,16,0,0,0,2
2009,18,2009-08-02,Subiaco,West Coast,Essendon,West Coast,Patrick McGinnity,3,3,13,0,0,0,4
2009,18,2009-08-02,Subiaco,West Coast,Essendon,West Coast,Ben McKinley,9,3,8,4,0,0,2
2009,18,2009-08-02,Subiaco,West Coast,Essendon,West Coast,Nic Naitanui,1,2,14,0,0,24,4
2009,18,2009-08-02,Subiaco,West Coast,Essendon,West Coast,Matt Priddis,9,3,26,0,1,0,4
2009,18,2009-08-02,Subiaco,West Coast,Essendon,West Coast,Matt Rosa,10,2,15,0,1,0,3
2009,18,2009-08-02,Subiaco,West Coast,Essendon,West Coast,Adam Selwood,12,4,17,0,0,0,4
2009,18,2009-08-02,Subiaco,West Coast,Essendon,West Coast,Scott Selwood,9,5,10,0,0,0,5
2009,18,2009-08-02,Subiaco,West Coast,Essendon,West Coast,Tom Swift,10,5,13,2,0,0,2
2009,18,2009-08-02,Subiaco,West Coast,Essendon,West Coast,Callum Wilson,7,4,2,2,1,0,1
2009,18,2009-08-02,Subiaco,West Coast,Essendon,West Coast,David Wirrpanda,10,5,1,2,0,0,4
2009,18,2009-08-02,Subiaco,West Coast,Essendon,Essendon,Courtenay Dempsey,7,0,2,1,0,0,4
2009,18,2009-08-02,Subiaco,West Coast,Essendon,Essendon,Ricky Dyson,18,7,9,0,1,0,3
2009,18,2009-08-02,Subiaco,West Coast,Essendon,Essendon,Dustin Fletcher,24,4,3,0,0,0,1
2009,18,2009-08-02,Subiaco,West Coast,Essendon,Essendon,Heath Hocking,7,4,13,1,0,0,3
2009,18,2009-08-02,Subiaco,West Coast,Essendon,Essendon,Cale Hooker,5,8,14,0,0,3,3
2009,18,2009-08-02,Subiaco,West Coast,Essendon,Essendon,Michael Hurley,9,8,11,0,0,0,0
2009,18,2009-08-02,Subiaco,West Coast,Essendon,Essendon,Sam Lonergan,7,6,10,0,0,0,6
2009,18,2009-08-02,Subiaco,West Coast,Essendon,Essendon,Nathan Lovett-Murray,8,6,11,0,0,1,4
2009,18,2009-08-02,Subiaco,West Coast,Essendon,Essendon,Andrew Lovett,8,2,4,0,0,0,4
2009,18,2009-08-02,Subiaco,West Coast,Essendon,Essendon,Scott Lucas,7,2,2,0,0,0,4
2009,18,2009-08-02,Subiaco,West Coast,Essendon,Essendon,Adam McPhee,9,9,7,0,1,0,4
2009,18,2009-08-02,Subiaco,West Coast,Essendon,Essendon,Angus Monfries,12,7,11,0,0,0,4
2009,18,2009-08-02,Subiaco,West Coast,Essendon,Essendon,Jay Neagle,9,8,4,3,0,0,3
2009,18,2009-08-02,Subiaco,West Coast,Essendon,Essendon,Tayte Pears,9,3,11,0,0,0,6
2009,18,2009-08-02,Subiaco,West Coast,Essendon,Essendon,Brent Prismall,11,4,9,1,0,0,2
2009,18,2009-08-02,Subiaco,West Coast,Essendon,Essendon,Kyle Reimers,6,0,4,2,0,0,5
2009,18,2009-08-02,Subiaco,West Coast,Essendon,Essendon,Paddy Ryder,4,4,6,1,1,23,6
2009,18,2009-08-02,Subiaco,West Coast,Essendon,Essendon,Hayden Skipworth,9,6,8,0,0,0,5
2009,18,2009-08-02,Subiaco,West Coast,Essendon,Essendon,Henry Slattery,7,3,8,0,1,0,7
2009,18,2009-08-02,Subiaco,West Coast,Essendon,Essendon,Brent Stanton,16,6,8,0,0,0,3
2009,18,2009-08-02,Subiaco,West Coast,Essendon,Essendon,Jobe Watson,14,4,15,0,1,0,10
2009,18,2009-08-02,Subiaco,West Coast,Essendon,Essendon,Andrew Welsh,6,1,10,1,0,0,7
2009,19,2009-08-07,M.C.G.,Carlton,Geelong,Carlton,Dennis Armfield,2,3,12,0,0,0,2
2009,19,2009-08-07,M.C.G.,Carlton,Geelong,Carlton,Eddie Betts,11,2,6,0,1,0,2
2009,19,2009-08-07,M.C.G.,Carlton,Geelong,Carlton,Paul Bower,9,7,8,0,0,0,1
2009,19,2009-08-07,M.C.G.,Carlton,Geelong,Carlton,Andrew Carrazzo,16,4,7,0,0,0,4
2009,19,2009-08-07,M.C.G.,Carlton,Geelong,Carlton,Brendan Fevola,18,11,2,4,6,0,4
2009,19,2009-08-07,M.C.G.,Carlton,Geelong,Carlton,Bryce Gibbs,11,6,21,0,0,0,5
2009,19,2009-08-07,M.C.G.,Carlton,Geelong,Carlton,Richard Hadley,8,4,5,0,0,0,3
2009,19,2009-08-07,M.C.G.,Carlton,Geelong,Carlton,Shaun Hampson,0,3,7,0,0,11,5
2009,19,2009-08-07,M.C.G.,Carlton,Geelong,Carlton,Ryan Houlihan,15,7,10,1,0,0,2
2009,19,2009-08-07,M.C.G.,Carlton,Geelong,Carlton,Aaron Joseph,3,1,9,1,0,0,5
2009,19,2009-08-07,M.C.G.,Carlton,Geelong,Carlton,Chris Judd,17,3,10,0,1,0,1
2009,19,2009-08-07,M.C.G.,Carlton,Geelong,Carlton,Matthew Kreuzer,5,4,9,1,0,17,5
2009,19,2009-08-07,M.C.G.,Carlton,Geelong,Carlton,Marc Murphy,14,5,10,2,0,0,2
2009,19,2009-08-07,M.C.G.,Carlton,Geelong,Carlton,Setanta OhAilpin,4,7,10,0,0,0,2
2009,19,2009-08-07,M.C.G.,Carlton,Geelong,Carlton,Mitch Robinson,6,3,6,0,1,0,1
2009,19,2009-08-07,M.C.G.,Carlton,Geelong,Carlton,Jordan Russell,9,3,9,0,0,0,4
2009,19,2009-08-07,M.C.G.,Carlton,Geelong,Carlton,Heath Scotland,16,8,8,1,0,0,2
2009,19,2009-08-07,M.C.G.,Carlton,Geelong,Carlton,Kade Simpson,14,6,10,3,0,0,4
2009,19,2009-08-07,M.C.G.,Carlton,Geelong,Carlton,Nick Stevens,16,6,6,1,0,0,2
2009,19,2009-08-07,M.C.G.,Carlton,Geelong,Carlton,Bret Thornton,17,8,13,0,0,0,3
2009,19,2009-08-07,M.C.G.,Carlton,Geelong,Carlton,Andrew Walker,9,8,7,0,0,0,0
2009,19,2009-08-07,M.C.G.,Carlton,Geelong,Carlton,Simon Wiggins,6,4,9,0,0,0,1
2009,19,2009-08-07,M.C.G.,Carlton,Geelong,Geelong,Gary Ablett,11,3,13,0,0,0,2
2009,19,2009-08-07,M.C.G.,Carlton,Geelong,Geelong,Jimmy Bartel,10,7,11,0,0,0,4
2009,19,2009-08-07,M.C.G.,Carlton,Geelong,Geelong,Shannon Byrnes,6,3,9,0,0,0,4
2009,19,2009-08-07,M.C.G.,Carlton,Geelong,Geelong,Joel Corey,10,3,17,0,0,2,2
2009,19,2009-08-07,M.C.G.,Carlton,Geelong,Geelong,Corey Enright,19,6,9,0,0,0,4
2009,19,2009-08-07,M.C.G.,Carlton,Geelong,Geelong,Tom Gillies,6,1,3,0,0,0,1
2009,19,2009-08-07,M.C.G.,Carlton,Geelong,Geelong,Tom Harley,4,7,12,1,0,0,1
2009,19,2009-08-07,M.C.G.,Carlton,Geelong,Geelong,Tom Hawkins,7,7,4,0,0,1,0
2009,19,2009-08-07,M.C.G.,Carlton,Geelong,Geelong,Simon Hogan,6,3,6,1,1,0,1
2009,19,2009-08-07,M.C.G.,Carlton,Geelong,Geelong,Steve Johnson,7,5,6,0,2,0,0
2009,19,2009-08-07,M.C.G.,Carlton,Geelong,Geelong,Cameron Ling,13,7,12,1,0,0,5
2009,19,2009-08-07,M.C.G.,Carlton,Geelong,Geelong,Tom Lonergan,2,1,4,0,0,0,0
2009,19,2009-08-07,M.C.G.,Carlton,Geelong,Geelong,Andrew Mackie,11,9,17,0,0,0,0
2009,19,2009-08-07,M.C.G.,Carlton,Geelong,Geelong,Darren Milburn,11,2,6,0,0,0,0
2009,19,2009-08-07,M.C.G.,Carlton,Geelong,Geelong,Cameron Mooney,9,8,6,2,2,0,1
2009,19,2009-08-07,M.C.G.,Carlton,Geelong,Geelong,Shane Mumford,2,3,8,0,0,21,3
2009,19,2009-08-07,M.C.G.,Carlton,Geelong,Geelong,Max Rooke,6,3,3,1,0,0,1
2009,19,2009-08-07,M.C.G.,Carlton,Geelong,Geelong,Joel Selwood,16,4,12,0,0,0,11
2009,19,2009-08-07,M.C.G.,Carlton,Geelong,Geelong,Mathew Stokes,7,4,6,2,1,0,0
2009,19,2009-08-07,M.C.G.,Carlton,Geelong,Geelong,Kane Tenace,7,0,5,0,0,0,1
2009,19,2009-08-07,M.C.G.,Carlton,Geelong,Geelong,Travis Varcoe,6,2,6,0,1,0,0
2009,19,2009-08-07,M.C.G.,Carlton,Geelong,Geelong,David Wojcinski,2,1,5,0,0,0,0
2009,19,2009-08-08,Docklands,Western Bulldogs,West Coast,Western Bulldogs,Dylan Addison,4,2,3,0,0,0,2
2009,19,2009-08-08,Docklands,Western Bulldogs,West Coast,Western Bulldogs,Jason Akermanis,13,4,8,2,3,0,5
2009,19,2009-08-08,Docklands,Western Bulldogs,West Coast,Western Bulldogs,Matthew Boyd,7,1,23,0,0,0,6
2009,19,2009-08-08,Docklands,Western Bulldogs,West Coast,Western Bulldogs,Adam Cooney,16,5,14,1,1,0,3
2009,19,2009-08-08,Docklands,Western Bulldogs,West Coast,Western Bulldogs,Daniel Cross,4,3,14,1,0,1,7
2009,19,2009-08-08,Docklands,Western Bulldogs,West Coast,Western Bulldogs,Nathan Eagleton,12,4,10,0,1,1,3
2009,19,2009-08-08,Docklands,Western Bulldogs,West Coast,Western Bulldogs,Andrejs Everitt,6,3,6,0,0,0,1
2009,19,2009-08-08,Docklands,Western Bulldogs,West Coast,Western Bulldogs,Lindsay Gilbee,11,1,5,2,2,0,3
2009,19,2009-08-08,Docklands,Western Bulldogs,West Coast,Western Bulldogs,Ryan Griffen,13,1,15,1,0,0,5
2009,19,2009-08-08,Docklands,Western Bulldogs,West Coast,Western Bulldogs,Mitch Hahn,5,3,9,0,0,0,2
2009,19,2009-08-08,Docklands,Western Bulldogs,West Coast,Western Bulldogs,Jarrod Harbrow,8,2,10,0,1,0,3
2009,19,2009-08-08,Docklands,Western Bulldogs,West Coast,Western Bulldogs,Ryan Hargrave,8,1,6,0,0,0,2
2009,19,2009-08-08,Docklands,Western Bulldogs,West Coast,Western Bulldogs,Josh Hill,10,6,5,2,3,0,5
2009,19,2009-08-08,Docklands,Western Bulldogs,West Coast,Western Bulldogs,Ben Hudson,3,0,8,0,0,16,3
2009,19,2009-08-08,Docklands,Western Bulldogs,West Coast,Western Bulldogs,Brad Johnson,15,7,11,1,1,0,5
2009,19,2009-08-08,Docklands,Western Bulldogs,West Coast,Western Bulldogs,Brian Lake,13,11,10,1,1,0,2
2009,19,2009-08-08,Docklands,Western Bulldogs,West Coast,Western Bulldogs,Will Minson,7,3,5,0,0,13,1
2009,19,2009-08-08,Docklands,Western Bulldogs,West Coast,Western Bulldogs,Dale Morris,6,5,4,0,0,0,2
2009,19,2009-08-08,Docklands,Western Bulldogs,West Coast,Western Bulldogs,Brennan Stack,3,0,2,0,2,0,1
2009,19,2009-08-08,Docklands,Western Bulldogs,West Coast,Western Bulldogs,Callan Ward,7,2,8,2,2,0,6
2009,19,2009-08-08,Docklands,Western Bulldogs,West Coast,Western Bulldogs,Tom Williams,2,1,5,0,0,0,2
2009,19,2009-08-08,Docklands,Western Bulldogs,West Coast,Western Bulldogs,Easton Wood,8,2,6,0,2,0,2
2009,19,2009-08-08,Docklands,Western Bulldogs,West Coast,West Coast,Mitch Brown,9,7,13,0,0,0,0
2009,19,2009-08-08,Docklands,Western Bulldogs,West Coast,West Coast,Sam Butler,10,5,6,0,0,0,2
2009,19,2009-08-08,Docklands,Western Bulldogs,West Coast,West Coast,Brad Ebert,9,6,4,1,0,0,1
2009,19,2009-08-08,Docklands,Western Bulldogs,West Coast,West Coast,Andrew Embley,19,9,13,4,0,0,4
2009,19,2009-08-08,Docklands,Western Bulldogs,West Coast,West Coast,Darren Glass,5,7,11,0,0,0,3
2009,19,2009-08-08,Docklands,Western Bulldogs,West Coast,West Coast,Tim Houlihan,10,4,11,1,1,0,2
2009,19,2009-08-08,Docklands,Western Bulldogs,West Coast,West Coast,Shannon Hurn,21,10,10,0,0,0,2
2009,19,2009-08-08,Docklands,Western Bulldogs,West Coast,West Coast,Josh Kennedy,12,9,6,4,0,0,2
2009,19,2009-08-08,Docklands,Western Bulldogs,West Coast,West Coast,Mark LeCras,17,6,6,3,1,0,2
2009,19,2009-08-08,Docklands,Western Bulldogs,West Coast,West Coast,Quinten Lynch,8,4,8,1,0,8,3
2009,19,2009-08-08,Docklands,Western Bulldogs,West Coast,West Coast,Chris Masten,9,3,8,0,0,0,3
2009,19,2009-08-08,Docklands,Western Bulldogs,West Coast,West Coast,Patrick McGinnity,7,5,8,0,0,0,2
2009,19,2009-08-08,Docklands,Western Bulldogs,West Coast,West Coast,Ben McKinley,4,2,4,1,0,0,0
2009,19,2009-08-08,Docklands,Western Bulldogs,West Coast,West Coast,Nic Naitanui,2,1,10,0,0,13,4
2009,19,2009-08-08,Docklands,Western Bulldogs,West Coast,West Coast,Matt Priddis,8,1,15,0,0,0,5
2009,19,2009-08-08,Docklands,Western Bulldogs,West Coast,West Coast,Matt Rosa,16,6,15,0,0,1,3
2009,19,2009-08-08,Docklands,Western Bulldogs,West Coast,West Coast,Adam Selwood,7,5,16,0,0,0,3
2009,19,2009-08-08,Docklands,Western Bulldogs,West Coast,West Coast,Scott Selwood,12,7,8,0,0,0,0
2009,19,2009-08-08,Docklands,Western Bulldogs,West Coast,West Coast,Tom Swift,6,3,16,0,0,0,3
2009,19,2009-08-08,Docklands,Western Bulldogs,West Coast,West Coast,Beau Maister,8,7,10,0,0,1,4
2009,19,2009-08-08,Docklands,Western Bulldogs,West Coast,West Coast,Callum Wilson,6,5,4,0,2,0,0
2009,19,2009-08-08,Docklands,Western Bulldogs,West Coast,West Coast,David Wirrpanda,16,5,3,1,0,0,4
2009,19,2009-08-08,York Park,Hawthorn,St Kilda,Hawthorn,Chance Bateman,11,4,11,0,0,0,3
2009,19,2009-08-08,York Park,Hawthorn,St Kilda,Hawthorn,Grant Birchall,9,3,11,0,0,0,5
2009,19,2009-08-08,York Park,Hawthorn,St Kilda,Hawthorn,Campbell Brown,9,3,4,0,0,0,2
2009,19,2009-08-08,York Park,Hawthorn,St Kilda,Hawthorn,Robert Campbell,1,4,11,0,0,0,0
2009,19,2009-08-08,York Park,Hawthorn,St Kilda,Hawthorn,Beau Dowler,4,2,3,1,0,0,3
2009,19,2009-08-08,York Park,Hawthorn,St Kilda,Hawthorn,Lance Franklin,6,3,13,0,0,0,1
2009,19,2009-08-08,York Park,Hawthorn,St Kilda,Hawthorn,Stephen Gilham,7,5,8,0,0,0,4
2009,19,2009-08-08,York Park,Hawthorn,St Kilda,Hawthorn,Luke Hodge,9,4,15,0,0,0,2
2009,19,2009-08-08,York Park,Hawthorn,St Kilda,Hawthorn,Josh Kennedy,10,3,16,0,1,0,4
2009,19,2009-08-08,York Park,Hawthorn,St Kilda,Hawthorn,Jordan Lewis,17,5,12,1,0,0,5
2009,19,2009-08-08,York Park,Hawthorn,St Kilda,Hawthorn,Ben McGlynn,15,9,6,2,1,0,5
2009,19,2009-08-08,York Park,Hawthorn,St Kilda,Hawthorn,Sam Mitchell,14,5,17,0,0,0,1
2009,19,2009-08-08,York Park,Hawthorn,St Kilda,Hawthorn,Tom Murphy,9,6,8,0,0,0,4
2009,19,2009-08-08,York Park,Hawthorn,St Kilda,Hawthorn,Michael Osborne,10,5,11,0,1,0,7
2009,19,2009-08-08,York Park,Hawthorn,St Kilda,Hawthorn,Brent Renouf,4,5,3,1,0,11,3
2009,19,2009-08-08,York Park,Hawthorn,St Kilda,Hawthorn,Cyril Rioli,7,6,8,1,1,0,2
2009,19,2009-08-08,York Park,Hawthorn,St Kilda,Hawthorn,Jarryd Roughead,3,4,14,1,0,2,1
2009,19,2009-08-08,York Park,Hawthorn,St Kilda,Hawthorn,Ryan Schoenmakers,3,1,7,0,0,0,1
2009,19,2009-08-08,York Park,Hawthorn,St Kilda,Hawthorn,Liam Shiels,8,4,6,0,0,1,5
2009,19,2009-08-08,York Park,Hawthorn,St Kilda,Hawthorn,Simon Taylor,3,4,3,0,1,36,3
2009,19,2009-08-08,York Park,Hawthorn,St Kilda,Hawthorn,Travis Tuck,6,6,19,0,0,2,4
2009,19,2009-08-08,York Park,Hawthorn,St Kilda,Hawthorn,Brendan Whitecross,4,4,8,0,0,0,3
2009,19,2009-08-08,York Park,Hawthorn,St Kilda,St Kilda,David Armitage,17,5,5,1,1,0,10
2009,19,2009-08-08,York Park,Hawthorn,St Kilda,St Kilda,Luke Ball,19,6,6,0,2,0,11
2009,19,2009-08-08,York Park,Hawthorn,St Kilda,St Kilda,Colm Begley,4,1,3,0,0,0,3
2009,19,2009-08-08,York Park,Hawthorn,St Kilda,St Kilda,Jason Blake,14,8,10,0,0,0,4
2009,19,2009-08-08,York Park,Hawthorn,St Kilda,St Kilda,Raphael Clarke,8,3,9,0,0,0,7
2009,19,2009-08-08,York Park,Hawthorn,St Kilda,St Kilda,Zac Dawson,3,4,8,0,0,0,1
2009,19,2009-08-08,York Park,Hawthorn,St Kilda,St Kilda,Sean Dempster,6,3,6,0,0,0,6
2009,19,2009-08-08,York Park,Hawthorn,St Kilda,St Kilda,Robert Eddy,9,2,2,0,0,0,5
2009,19,2009-08-08,York Park,Hawthorn,St Kilda,St Kilda,Michael Gardiner,2,3,8,0,0,18,2
2009,19,2009-08-08,York Park,Hawthorn,St Kilda,St Kilda,Jarryn Geary,14,3,1,0,0,0,7
2009,19,2009-08-08,York Park,Hawthorn,St Kilda,St Kilda,Jason Gram,14,6,7,0,2,0,4
2009,19,2009-08-08,York Park,Hawthorn,St Kilda,St Kilda,James Gwilt,5,2,6,0,0,0,4
2009,19,2009-08-08,York Park,Hawthorn,St Kilda,St Kilda,Max Hudghton,8,5,9,0,0,0,5
2009,19,2009-08-08,York Park,Hawthorn,St Kilda,St Kilda,Clinton Jones,16,2,11,1,0,0,3
2009,19,2009-08-08,York Park,Hawthorn,St Kilda,St Kilda,Steven King,5,3,2,0,0,18,4
2009,19,2009-08-08,York Park,Hawthorn,St Kilda,St Kilda,Justin Koschitzke,5,4,4,0,1,3,1
2009,19,2009-08-08,York Park,Hawthorn,St Kilda,St Kilda,Ben McEvoy,9,6,4,1,1,2,2
2009,19,2009-08-08,York Park,Hawthorn,St Kilda,St Kilda,Andrew McQualter,6,7,5,0,0,0,10
2009,19,2009-08-08,York Park,Hawthorn,St Kilda,St Kilda,Stephen Milne,13,5,4,3,4,0,5
2009,19,2009-08-08,York Park,Hawthorn,St Kilda,St Kilda,Farren Ray,14,8,7,0,0,0,7
2009,19,2009-08-08,York Park,Hawthorn,St Kilda,St Kilda,Adam Schneider,14,8,5,3,0,0,10
2009,19,2009-08-08,York Park,Hawthorn,St Kilda,St Kilda,Jack Steven,10,5,4,1,0,0,4
2009,19,2009-08-08,M.C.G.,Essendon,Brisbane Lions,Essendon,Jarrod Atkinson,11,5,9,0,0,0,2
2009,19,2009-08-08,M.C.G.,Essendon,Brisbane Lions,Essendon,Alwyn Davey,4,3,3,0,0,0,3
2009,19,2009-08-08,M.C.G.,Essendon,Brisbane Lions,Essendon,Courtenay Dempsey,8,2,11,0,1,0,3
2009,19,2009-08-08,M.C.G.,Essendon,Brisbane Lions,Essendon,Ricky Dyson,8,5,7,0,0,0,2
2009,19,2009-08-08,M.C.G.,Essendon,Brisbane Lions,Essendon,Dustin Fletcher,17,7,4,0,0,0,5
2009,19,2009-08-08,M.C.G.,Essendon,Brisbane Lions,Essendon,Heath Hocking,4,6,11,0,0,0,1
2009,19,2009-08-08,M.C.G.,Essendon,Brisbane Lions,Essendon,Bachar Houli,10,4,14,0,1,0,1
2009,19,2009-08-08,M.C.G.,Essendon,Brisbane Lions,Essendon,Michael Hurley,9,7,3,1,1,1,1
2009,19,2009-08-08,M.C.G.,Essendon,Brisbane Lions,Essendon,Sam Lonergan,11,2,8,1,1,0,5
2009,19,2009-08-08,M.C.G.,Essendon,Brisbane Lions,Essendon,Nathan Lovett-Murray,8,3,15,1,0,2,4
2009,19,2009-08-08,M.C.G.,Essendon,Brisbane Lions,Essendon,Adam McPhee,11,7,3,2,1,4,1
2009,19,2009-08-08,M.C.G.,Essendon,Brisbane Lions,Essendon,Mark McVeigh,10,3,11,0,0,0,5
2009,19,2009-08-08,M.C.G.,Essendon,Brisbane Lions,Essendon,Angus Monfries,5,4,6,2,0,0,2
2009,19,2009-08-08,M.C.G.,Essendon,Brisbane Lions,Essendon,Jay Neagle,7,5,1,3,1,0,0
2009,19,2009-08-08,M.C.G.,Essendon,Brisbane Lions,Essendon,Tayte Pears,8,4,12,0,0,0,2
2009,19,2009-08-08,M.C.G.,Essendon,Brisbane Lions,Essendon,Brent Prismall,12,4,12,1,0,0,4
2009,19,2009-08-08,M.C.G.,Essendon,Brisbane Lions,Essendon,Michael Quinn,7,7,11,1,0,0,4
2009,19,2009-08-08,M.C.G.,Essendon,Brisbane Lions,Essendon,Kyle Reimers,11,5,13,0,0,0,1
2009,19,2009-08-08,M.C.G.,Essendon,Brisbane Lions,Essendon,Paddy Ryder,5,1,4,0,1,31,3
2009,19,2009-08-08,M.C.G.,Essendon,Brisbane Lions,Essendon,Henry Slattery,4,3,9,0,0,0,5
2009,19,2009-08-08,M.C.G.,Essendon,Brisbane Lions,Essendon,Brent Stanton,9,3,8,0,0,0,9
2009,19,2009-08-08,M.C.G.,Essendon,Brisbane Lions,Essendon,Jobe Watson,13,3,19,1,1,0,3
2009,19,2009-08-08,M.C.G.,Essendon,Brisbane Lions,Brisbane Lions,Simon Black,12,4,11,0,0,0,10
2009,19,2009-08-08,M.C.G.,Essendon,Brisbane Lions,Brisbane Lions,Daniel Bradshaw,5,3,6,2,1,3,1
2009,19,2009-08-08,M.C.G.,Essendon,Brisbane Lions,Brisbane Lions,Jared Brennan,5,4,16,1,0,3,16
2009,19,2009-08-08,M.C.G.,Essendon,Brisbane Lions,Brisbane Lions,Jonathan Brown,14,9,7,0,5,0,0
2009,19,2009-08-08,M.C.G.,Essendon,Brisbane Lions,Brisbane Lions,Mitch Clark,17,11,11,0,1,31,3
2009,19,2009-08-08,M.C.G.,Essendon,Brisbane Lions,Brisbane Lions,Josh Drummond,14,6,3,0,1,0,0
2009,19,2009-08-08,M.C.G.,Essendon,Brisbane Lions,Brisbane Lions,Scott Harding,4,3,4,2,0,0,2
2009,19,2009-08-08,M.C.G.,Essendon,Brisbane Lions,Brisbane Lions,James Hawksley,6,2,5,0,0,0,1
2009,19,2009-08-08,M.C.G.,Essendon,Brisbane Lions,Brisbane Lions,Joel Macdonald,6,2,8,0,0,0,0
2009,19,2009-08-08,M.C.G.,Essendon,Brisbane Lions,Brisbane Lions,Ashley McGrath,8,3,4,0,0,0,4
2009,19,2009-08-08,M.C.G.,Essendon,Brisbane Lions,Brisbane Lions,Daniel Merrett,5,5,4,0,0,0,3
2009,19,2009-08-08,M.C.G.,Essendon,Brisbane Lions,Brisbane Lions,Tim Notting,8,2,3,0,0,0,2
2009,19,2009-08-08,M.C.G.,Essendon,Brisbane Lions,Brisbane Lions,Joel Patfull,8,5,2,0,0,0,1
2009,19,2009-08-08,M.C.G.,Essendon,Brisbane Lions,Brisbane Lions,James Polkinghorne,5,4,2,1,0,0,2
2009,19,2009-08-08,M.C.G.,Essendon,Brisbane Lions,Brisbane Lions,Luke Power,11,7,17,1,0,0,3
2009,19,2009-08-08,M.C.G.,Essendon,Brisbane Lions,Brisbane Lions,Jack Redden,7,2,6,0,2,0,4
2009,19,2009-08-08,M.C.G.,Essendon,Brisbane Lions,Brisbane Lions,Daniel Rich,10,1,2,2,2,1,8
2009,19,2009-08-08,M.C.G.,Essendon,Brisbane Lions,Brisbane Lions,Michael Rischitelli,9,6,8,2,1,0,5
2009,19,2009-08-08,M.C.G.,Essendon,Brisbane Lions,Brisbane Lions,Troy Selwood,4,3,3,0,0,0,2
2009,19,2009-08-08,M.C.G.,Essendon,Brisbane Lions,Brisbane Lions,Sam Sheldon,5,2,6,0,0,0,1
2009,19,2009-08-08,M.C.G.,Essendon,Brisbane Lions,Brisbane Lions,Justin Sherman,13,3,20,1,1,0,3
2009,19,2009-08-08,M.C.G.,Essendon,Brisbane Lions,Brisbane Lions,Cheynee Stiller,11,3,5,0,0,0,6
2009,19,2009-08-08,Football Park,Adelaide,Collingwood,Adelaide,Brett Burton,6,2,1,1,1,0,0
2009,19,2009-08-08,Football Park,Adelaide,Collingwood,Adelaide,Michael Doughty,11,2,8,0,0,0,0
2009,19,2009-08-08,Football Park,Adelaide,Collingwood,Adelaide,Richard Douglas,9,5,7,0,2,0,2
2009,19,2009-08-08,Football Park,Adelaide,Collingwood,Adelaide,Tyson Edwards,13,6,16,0,0,0,3
2009,19,2009-08-08,Football Park,Adelaide,Collingwood,Adelaide,Simon Goodwin,10,10,24,0,0,0,0
2009,19,2009-08-08,Football Park,Adelaide,Collingwood,Adelaide,Graham Johncock,4,5,11,0,0,0,2
2009,19,2009-08-08,Football Park,Adelaide,Collingwood,Adelaide,Chris Knights,5,1,6,2,2,0,4
2009,19,2009-08-08,Football Park,Adelaide,Collingwood,Adelaide,Ivan Maric,2,1,10,0,0,13,1
2009,19,2009-08-08,Football Park,Adelaide,Collingwood,Adelaide,Andrew McLeod,20,5,11,1,0,0,2
2009,19,2009-08-08,Football Park,Adelaide,Collingwood,Adelaide,Andy Otten,5,4,11,0,0,0,0
2009,19,2009-08-08,Football Park,Adelaide,Collingwood,Adelaide,Jason Porplyzia,11,6,5,3,2,0,3
2009,19,2009-08-08,Football Park,Adelaide,Collingwood,Adelaide,Brent Reilly,16,9,5,0,1,0,1
2009,19,2009-08-08,Football Park,Adelaide,Collingwood,Adelaide,Ben Rutten,5,9,14,0,0,0,2
2009,19,2009-08-08,Football Park,Adelaide,Collingwood,Adelaide,James Sellar,3,1,6,0,0,9,1
2009,19,2009-08-08,Football Park,Adelaide,Collingwood,Adelaide,Robert Shirley,5,1,10,0,0,1,3
2009,19,2009-08-08,Football Park,Adelaide,Collingwood,Adelaide,Scott Stevens,13,6,14,0,0,0,3
2009,19,2009-08-08,Football Park,Adelaide,Collingwood,Adelaide,Brad Symes,15,10,15,1,1,1,5
2009,19,2009-08-08,Football Park,Adelaide,Collingwood,Adelaide,Scott Thompson,9,7,26,0,2,0,1
2009,19,2009-08-08,Football Park,Adelaide,Collingwood,Adelaide,Kurt Tippett,5,5,7,1,2,10,1
2009,19,2009-08-08,Football Park,Adelaide,Collingwood,Adelaide,Nathan van Berlo,9,6,20,0,0,0,2
2009,19,2009-08-08,Football Park,Adelaide,Collingwood,Adelaide,Bernie Vince,16,3,17,0,0,0,3
2009,19,2009-08-08,Football Park,Adelaide,Collingwood,Adelaide,Taylor Walker,3,2,1,0,0,0,0
2009,19,2009-08-08,Football Park,Adelaide,Collingwood,Collingwood,John Anthony,7,12,9,3,1,0,2
2009,19,2009-08-08,Football Park,Adelaide,Collingwood,Collingwood,Dayne Beams,7,9,13,0,0,0,1
2009,19,2009-08-08,Football Park,Adelaide,Collingwood,Collingwood,Leigh Brown,2,3,5,0,0,4,2
2009,19,2009-08-08,Football Park,Adelaide,Collingwood,Collingwood,Travis Cloke,14,8,2,2,1,1,2
2009,19,2009-08-08,Football Park,Adelaide,Collingwood,Collingwood,Leon Davis,14,7,4,0,0,0,5
2009,19,2009-08-08,Football Park,Adelaide,Collingwood,Collingwood,Chris Dawes,6,7,9,2,1,7,1
2009,19,2009-08-08,Football Park,Adelaide,Collingwood,Collingwood,Brad Dick,10,5,8,1,2,0,1
2009,19,2009-08-08,Football Park,Adelaide,Collingwood,Collingwood,Alan Didak,24,13,7,2,0,0,1
2009,19,2009-08-08,Football Park,Adelaide,Collingwood,Collingwood,Tyson Goldsack,7,7,7,0,0,1,5
2009,19,2009-08-08,Football Park,Adelaide,Collingwood,Collingwood,Ben Johnson,14,5,11,0,0,0,1
2009,19,2009-08-08,Football Park,Adelaide,Collingwood,Collingwood,Tarkyn Lockyer,10,10,11,0,0,0,0
2009,19,2009-08-08,Football Park,Adelaide,Collingwood,Collingwood,Heritier Lumumba,18,9,10,0,0,0,0
2009,19,2009-08-08,Football Park,Adelaide,Collingwood,Collingwood,Nick Maxwell,11,8,11,0,0,0,2
2009,19,2009-08-08,Football Park,Adelaide,Collingwood,Collingwood,Paul Medhurst,12,6,7,0,2,0,2
2009,19,2009-08-08,Football Park,Adelaide,Collingwood,Collingwood,Shane OBree,14,2,9,0,1,0,2
2009,19,2009-08-08,Football Park,Adelaide,Collingwood,Collingwood,Scott Pendlebury,11,4,16,0,0,0,3
2009,19,2009-08-08,Football Park,Adelaide,Collingwood,Collingwood,Simon Prestigiacomo,1,2,5,0,0,0,1
2009,19,2009-08-08,Football Park,Adelaide,Collingwood,Collingwood,Heath Shaw,17,11,11,0,0,0,0
2009,19,2009-08-08,Football Park,Adelaide,Collingwood,Collingwood,Dane Swan,18,7,12,0,0,0,1
2009,19,2009-08-08,Football Park,Adelaide,Collingwood,Collingwood,Dale Thomas,9,6,5,1,0,0,1
2009,19,2009-08-08,Football Park,Adelaide,Collingwood,Collingwood,Alan Toovey,3,1,8,0,0,0,3
2009,19,2009-08-08,Football Park,Adelaide,Collingwood,Collingwood,Cameron Wood,13,8,11,2,1,19,3
2009,19,2009-08-09,Docklands,North Melbourne,Melbourne,North Melbourne,Leigh Adams,10,4,11,0,0,0,6
2009,19,2009-08-09,Docklands,North Melbourne,Melbourne,North Melbourne,Liam Anthony,9,6,14,0,0,0,4
2009,19,2009-08-09,Docklands,North Melbourne,Melbourne,North Melbourne,Matt Campbell,5,4,7,0,1,0,4
2009,19,2009-08-09,Docklands,North Melbourne,Melbourne,North Melbourne,Michael Firrito,10,7,14,1,0,0,3
2009,19,2009-08-09,Docklands,North Melbourne,Melbourne,North Melbourne,Josh Gibson,13,8,6,0,1,1,3
2009,19,2009-08-09,Docklands,North Melbourne,Melbourne,North Melbourne,Todd Goldstein,7,7,9,5,0,25,2
2009,19,2009-08-09,Docklands,North Melbourne,Melbourne,North Melbourne,Levi Greenwood,6,1,2,0,0,0,5
2009,19,2009-08-09,Docklands,North Melbourne,Melbourne,North Melbourne,Nathan Grima,8,2,8,0,0,0,1
2009,19,2009-08-09,Docklands,North Melbourne,Melbourne,North Melbourne,Lachlan Hansen,11,8,3,3,1,0,0
2009,19,2009-08-09,Docklands,North Melbourne,Melbourne,North Melbourne,Daniel Harris,10,6,17,1,0,0,2
2009,19,2009-08-09,Docklands,North Melbourne,Melbourne,North Melbourne,Brent Harvey,13,4,13,1,1,0,1
2009,19,2009-08-09,Docklands,North Melbourne,Melbourne,North Melbourne,Corey Jones,10,6,9,1,1,0,1
2009,19,2009-08-09,Docklands,North Melbourne,Melbourne,North Melbourne,Hamish McIntosh,4,6,10,0,0,22,1
2009,19,2009-08-09,Docklands,North Melbourne,Melbourne,North Melbourne,Scott McMahon,11,6,7,0,0,0,4
2009,19,2009-08-09,Docklands,North Melbourne,Melbourne,North Melbourne,Drew Petrie,13,9,4,3,2,1,1
2009,19,2009-08-09,Docklands,North Melbourne,Melbourne,North Melbourne,Sam Power,13,10,14,0,0,0,1
2009,19,2009-08-09,Docklands,North Melbourne,Melbourne,North Melbourne,Daniel Pratt,7,2,7,0,0,0,2
2009,19,2009-08-09,Docklands,North Melbourne,Melbourne,North Melbourne,Brady Rawlings,7,2,9,1,0,0,1
2009,19,2009-08-09,Docklands,North Melbourne,Melbourne,North Melbourne,Andrew Swallow,7,4,8,2,0,0,5
2009,19,2009-08-09,Docklands,North Melbourne,Melbourne,North Melbourne,Lindsay Thomas,9,1,3,1,1,0,1
2009,19,2009-08-09,Docklands,North Melbourne,Melbourne,North Melbourne,Scott Thompson,8,5,14,0,0,0,3
2009,19,2009-08-09,Docklands,North Melbourne,Melbourne,North Melbourne,Gavin Urquhart,11,6,6,0,0,0,1
2009,19,2009-08-09,Docklands,North Melbourne,Melbourne,Melbourne,Rohan Bail,1,0,0,0,0,0,0
2009,19,2009-08-09,Docklands,North Melbourne,Melbourne,Melbourne,Clint Bartram,7,8,8,0,0,0,3
2009,19,2009-08-09,Docklands,North Melbourne,Melbourne,Melbourne,Matthew Bate,13,9,14,0,0,0,6
2009,19,2009-08-09,Docklands,North Melbourne,Melbourne,Melbourne,Cameron Bruce,3,3,8,0,0,0,4
2009,19,2009-08-09,Docklands,North Melbourne,Melbourne,Melbourne,Kyle Cheney,11,7,7,0,0,0,3
2009,19,2009-08-09,Docklands,North Melbourne,Melbourne,Melbourne,Aaron Davey,13,1,5,0,1,0,3
2009,19,2009-08-09,Docklands,North Melbourne,Melbourne,Melbourne,Lynden Dunn,17,7,5,0,0,0,2
2009,19,2009-08-09,Docklands,North Melbourne,Melbourne,Melbourne,James Frawley,6,6,7,0,0,0,3
2009,19,2009-08-09,Docklands,North Melbourne,Melbourne,Melbourne,Neville Jetta,8,3,7,0,1,0,2
2009,19,2009-08-09,Docklands,North Melbourne,Melbourne,Melbourne,Paul Johnson,10,3,5,0,2,12,5
2009,19,2009-08-09,Docklands,North Melbourne,Melbourne,Melbourne,Nathan Jones,15,8,11,2,0,0,1
2009,19,2009-08-09,Docklands,North Melbourne,Melbourne,Melbourne,Stefan Martin,5,5,2,2,1,5,1
2009,19,2009-08-09,Docklands,North Melbourne,Melbourne,Melbourne,James McDonald,15,6,12,0,0,0,3
2009,19,2009-08-09,Docklands,North Melbourne,Melbourne,Melbourne,Tom McNamara,9,3,5,0,0,0,2
2009,19,2009-08-09,Docklands,North Melbourne,Melbourne,Melbourne,Brad Miller,7,8,6,1,3,0,2
2009,19,2009-08-09,Docklands,North Melbourne,Melbourne,Melbourne,Brent Moloney,6,1,15,0,0,0,1
2009,19,2009-08-09,Docklands,North Melbourne,Melbourne,Melbourne,Cale Morton,10,9,9,1,0,0,3
2009,19,2009-08-09,Docklands,North Melbourne,Melbourne,Melbourne,Michael Newton,9,5,3,2,1,0,5
2009,19,2009-08-09,Docklands,North Melbourne,Melbourne,Melbourne,Ricky Petterd,13,5,11,0,0,2,2
2009,19,2009-08-09,Docklands,North Melbourne,Melbourne,Melbourne,Jake Spencer,5,5,3,0,0,10,3
2009,19,2009-08-09,Docklands,North Melbourne,Melbourne,Melbourne,Colin Sylvia,12,7,10,0,0,0,3
2009,19,2009-08-09,Docklands,North Melbourne,Melbourne,Melbourne,Shane Valenti,15,5,6,0,0,0,9
2009,19,2009-08-09,M.C.G.,Richmond,Sydney,Richmond,Nathan Brown,12,5,1,0,1,0,1
2009,19,2009-08-09,M.C.G.,Richmond,Sydney,Richmond,Ben Cousins,16,2,8,1,0,0,3
2009,19,2009-08-09,M.C.G.,Richmond,Sydney,Richmond,Brett Deledio,7,3,7,1,0,0,6
2009,19,2009-08-09,M.C.G.,Richmond,Sydney,Richmond,Shane Edwards,5,3,10,0,0,0,1
2009,19,2009-08-09,M.C.G.,Richmond,Sydney,Richmond,Angus Graham,2,4,6,0,0,15,2
2009,19,2009-08-09,M.C.G.,Richmond,Sydney,Richmond,Tom Hislop,6,2,3,0,1,0,1
2009,19,2009-08-09,M.C.G.,Richmond,Sydney,Richmond,Daniel Jackson,5,2,7,0,0,5,9
2009,19,2009-08-09,M.C.G.,Richmond,Sydney,Richmond,Jake King,9,8,4,3,2,0,0
2009,19,2009-08-09,M.C.G.,Richmond,Sydney,Richmond,Luke McGuane,2,2,3,0,0,0,1
2009,19,2009-08-09,M.C.G.,Richmond,Sydney,Richmond,Jordan McMahon,13,6,3,0,0,0,5
2009,19,2009-08-09,M.C.G.,Richmond,Sydney,Richmond,Kelvin Moore,5,4,4,0,0,0,1
2009,19,2009-08-09,M.C.G.,Richmond,Sydney,Richmond,Mitch Morton,9,4,3,1,2,0,2
2009,19,2009-08-09,M.C.G.,Richmond,Sydney,Richmond,Robin Nahas,8,1,2,0,0,0,2
2009,19,2009-08-09,M.C.G.,Richmond,Sydney,Richmond,Chris Newman,17,6,2,0,1,0,6
2009,19,2009-08-09,M.C.G.,Richmond,Sydney,Richmond,Dean Polo,6,3,5,1,0,0,3
2009,19,2009-08-09,M.C.G.,Richmond,Sydney,Richmond,Jayden Post,1,1,3,0,0,0,1
2009,19,2009-08-09,M.C.G.,Richmond,Sydney,Richmond,Alex Rance,6,1,3,1,1,0,3
2009,19,2009-08-09,M.C.G.,Richmond,Sydney,Richmond,Jack Riewoldt,4,3,6,0,0,0,4
2009,19,2009-08-09,M.C.G.,Richmond,Sydney,Richmond,Richard Tambling,17,7,6,0,0,0,9
2009,19,2009-08-09,M.C.G.,Richmond,Sydney,Richmond,Will Thursfield,4,4,4,0,0,0,1
2009,19,2009-08-09,M.C.G.,Richmond,Sydney,Richmond,Ty Vickery,2,2,4,1,0,4,2
2009,19,2009-08-09,M.C.G.,Richmond,Sydney,Richmond,Matt White,7,2,5,1,0,0,6
2009,19,2009-08-09,M.C.G.,Richmond,Sydney,Sydney,Luke Ablett,9,5,5,1,1,0,2
2009,19,2009-08-09,M.C.G.,Richmond,Sydney,Sydney,Ed Barlow,5,2,1,1,1,0,5
2009,19,2009-08-09,M.C.G.,Richmond,Sydney,Sydney,Craig Bolton,9,6,3,0,0,0,3
2009,19,2009-08-09,M.C.G.,Richmond,Sydney,Sydney,Jude Bolton,12,0,7,1,1,0,4
2009,19,2009-08-09,M.C.G.,Richmond,Sydney,Sydney,Jared Crouch,2,1,1,0,0,0,0
2009,19,2009-08-09,M.C.G.,Richmond,Sydney,Sydney,Adam Goodes,21,12,4,4,3,0,6
2009,19,2009-08-09,M.C.G.,Richmond,Sydney,Sydney,Heath Grundy,9,7,4,0,0,0,0
2009,19,2009-08-09,M.C.G.,Richmond,Sydney,Sydney,Dan Hannebery,10,7,7,0,0,0,0
2009,19,2009-08-09,M.C.G.,Richmond,Sydney,Sydney,Kieren Jack,9,2,7,2,1,0,4
2009,19,2009-08-09,M.C.G.,Richmond,Sydney,Sydney,Darren Jolly,3,4,6,0,1,30,4
2009,19,2009-08-09,M.C.G.,Richmond,Sydney,Sydney,Brett Kirk,6,0,8,1,0,0,14
2009,19,2009-08-09,M.C.G.,Richmond,Sydney,Sydney,Martin Mattner,10,6,3,0,0,0,4
2009,19,2009-08-09,M.C.G.,Richmond,Sydney,Sydney,Jarrad McVeigh,5,3,7,1,0,0,4
2009,19,2009-08-09,M.C.G.,Richmond,Sydney,Sydney,Jarred Moore,9,3,6,2,1,0,3
2009,19,2009-08-09,M.C.G.,Richmond,Sydney,Sydney,Matthew ODwyer,10,5,6,1,0,0,2
2009,19,2009-08-09,M.C.G.,Richmond,Sydney,Sydney,Ryan OKeefe,16,2,6,0,0,0,4
2009,19,2009-08-09,M.C.G.,Richmond,Sydney,Sydney,Michael OLoughlin,13,10,6,2,0,0,2
2009,19,2009-08-09,M.C.G.,Richmond,Sydney,Sydney,Mike Pyke,1,1,6,0,1,24,2
2009,19,2009-08-09,M.C.G.,Richmond,Sydney,Sydney,Lewis Roberts-Thomson,7,6,3,0,0,0,1
2009,19,2009-08-09,M.C.G.,Richmond,Sydney,Sydney,Rhyce Shaw,10,2,1,0,0,0,2
2009,19,2009-08-09,M.C.G.,Richmond,Sydney,Sydney,Nick Smith,8,2,3,0,0,0,2
2009,19,2009-08-09,M.C.G.,Richmond,Sydney,Sydney,Jesse White,9,7,1,2,3,0,0
2009,19,2009-08-09,Subiaco,Fremantle,Port Adelaide,Fremantle,Kepler Bradley,11,8,6,1,3,5,3
2009,19,2009-08-09,Subiaco,Fremantle,Port Adelaide,Fremantle,Greg Broughton,14,11,23,1,0,0,1
2009,19,2009-08-09,Subiaco,Fremantle,Port Adelaide,Fremantle,Matt de Boer,10,4,12,0,0,0,4
2009,19,2009-08-09,Subiaco,Fremantle,Port Adelaide,Fremantle,Steven Dodd,10,5,8,0,0,0,0
2009,19,2009-08-09,Subiaco,Fremantle,Port Adelaide,Fremantle,Marcus Drum,6,6,9,0,0,0,2
2009,19,2009-08-09,Subiaco,Fremantle,Port Adelaide,Fremantle,Paul Duffield,22,7,8,0,2,0,3
2009,19,2009-08-09,Subiaco,Fremantle,Port Adelaide,Fremantle,Antoni Grover,6,3,5,2,0,0,7
2009,19,2009-08-09,Subiaco,Fremantle,Port Adelaide,Fremantle,Paul Hasleby,8,4,17,1,0,1,1
2009,19,2009-08-09,Subiaco,Fremantle,Port Adelaide,Fremantle,Des Headland,10,8,6,3,1,0,4
2009,19,2009-08-09,Subiaco,Fremantle,Port Adelaide,Fremantle,Stephen Hill,8,6,14,0,0,0,2
2009,19,2009-08-09,Subiaco,Fremantle,Port Adelaide,Fremantle,Garrick Ibbotson,14,4,13,0,0,0,3
2009,19,2009-08-09,Subiaco,Fremantle,Port Adelaide,Fremantle,Chris Mayne,6,5,9,4,2,0,1
2009,19,2009-08-09,Subiaco,Fremantle,Port Adelaide,Fremantle,David Mundy,10,5,16,0,1,0,2
2009,19,2009-08-09,Subiaco,Fremantle,Port Adelaide,Fremantle,Matthew Pavlich,7,5,13,1,0,0,1
2009,19,2009-08-09,Subiaco,Fremantle,Port Adelaide,Fremantle,Brett Peake,12,6,7,1,0,0,2
2009,19,2009-08-09,Subiaco,Fremantle,Port Adelaide,Fremantle,Clancee Pearce,9,6,5,1,0,0,1
2009,19,2009-08-09,Subiaco,Fremantle,Port Adelaide,Fremantle,Aaron Sandilands,8,4,5,0,0,24,3
2009,19,2009-08-09,Subiaco,Fremantle,Port Adelaide,Fremantle,Byron Schammer,9,5,15,0,0,0,4
2009,19,2009-08-09,Subiaco,Fremantle,Port Adelaide,Fremantle,Dean Solomon,7,2,4,0,0,0,4
2009,19,2009-08-09,Subiaco,Fremantle,Port Adelaide,Fremantle,Nick Suban,10,4,2,1,1,0,2
2009,19,2009-08-09,Subiaco,Fremantle,Port Adelaide,Fremantle,Chris Tarrant,8,6,5,0,0,0,2
2009,19,2009-08-09,Subiaco,Fremantle,Port Adelaide,Fremantle,Jay van Berlo,4,3,3,1,2,0,3
2009,19,2009-08-09,Subiaco,Fremantle,Port Adelaide,Port Adelaide,Travis Boak,13,3,14,0,1,0,2
2009,19,2009-08-09,Subiaco,Fremantle,Port Adelaide,Port Adelaide,Dean Brogan,6,3,6,0,0,19,3
2009,19,2009-08-09,Subiaco,Fremantle,Port Adelaide,Port Adelaide,Shaun Burgoyne,10,5,19,2,1,0,6
2009,19,2009-08-09,Subiaco,Fremantle,Port Adelaide,Port Adelaide,Alipate Carlile,4,8,7,0,0,0,2
2009,19,2009-08-09,Subiaco,Fremantle,Port Adelaide,Port Adelaide,Domenic Cassisi,8,3,8,1,0,0,6
2009,19,2009-08-09,Subiaco,Fremantle,Port Adelaide,Port Adelaide,Troy Chaplin,5,2,8,0,0,0,3
2009,19,2009-08-09,Subiaco,Fremantle,Port Adelaide,Port Adelaide,Chad Cornes,7,3,15,0,0,0,1
2009,19,2009-08-09,Subiaco,Fremantle,Port Adelaide,Port Adelaide,Kane Cornes,17,7,12,0,0,0,4
2009,19,2009-08-09,Subiaco,Fremantle,Port Adelaide,Port Adelaide,Jason Davenport,8,5,9,0,1,0,10
2009,19,2009-08-09,Subiaco,Fremantle,Port Adelaide,Port Adelaide,Robbie Gray,9,6,12,2,0,0,5
2009,19,2009-08-09,Subiaco,Fremantle,Port Adelaide,Port Adelaide,Hamish Hartlett,11,5,8,1,0,0,1
2009,19,2009-08-09,Subiaco,Fremantle,Port Adelaide,Port Adelaide,Nathan Krakouer,6,2,6,0,0,0,1
2009,19,2009-08-09,Subiaco,Fremantle,Port Adelaide,Port Adelaide,Brendon Lade,15,10,6,1,0,18,1
2009,19,2009-08-09,Subiaco,Fremantle,Port Adelaide,Port Adelaide,Tom Logan,6,5,12,0,0,0,2
2009,19,2009-08-09,Subiaco,Fremantle,Port Adelaide,Port Adelaide,Danyle Pearce,16,3,10,1,1,0,4
2009,19,2009-08-09,Subiaco,Fremantle,Port Adelaide,Port Adelaide,David Rodan,7,2,11,0,0,0,0
2009,19,2009-08-09,Subiaco,Fremantle,Port Adelaide,Port Adelaide,Nick Salter,6,4,7,1,0,0,2
2009,19,2009-08-09,Subiaco,Fremantle,Port Adelaide,Port Adelaide,Jacob Surjan,2,0,3,0,0,0,2
2009,19,2009-08-09,Subiaco,Fremantle,Port Adelaide,Port Adelaide,Matt Thomas,2,1,10,0,0,0,5
2009,19,2009-08-09,Subiaco,Fremantle,Port Adelaide,Port Adelaide,Toby Thurstans,1,1,8,0,0,0,2
2009,19,2009-08-09,Subiaco,Fremantle,Port Adelaide,Port Adelaide,Warren Tredrea,11,9,6,2,1,0,2
2009,19,2009-08-09,Subiaco,Fremantle,Port Adelaide,Port Adelaide,Justin Westhoff,7,6,9,0,0,2,2
2009,20,2009-08-14,M.C.G.,Hawthorn,Adelaide,Hawthorn,Chance Bateman,14,9,10,0,2,0,5
2009,20,2009-08-14,M.C.G.,Hawthorn,Adelaide,Hawthorn,Grant Birchall,7,5,13,0,0,0,2
2009,20,2009-08-14,M.C.G.,Hawthorn,Adelaide,Hawthorn,Campbell Brown,7,4,6,0,0,0,1
2009,20,2009-08-14,M.C.G.,Hawthorn,Adelaide,Hawthorn,Robert Campbell,3,4,7,0,0,3,2
2009,20,2009-08-14,M.C.G.,Hawthorn,Adelaide,Hawthorn,Lance Franklin,7,4,7,4,0,0,6
2009,20,2009-08-14,M.C.G.,Hawthorn,Adelaide,Hawthorn,Stephen Gilham,9,9,17,0,0,0,4
2009,20,2009-08-14,M.C.G.,Hawthorn,Adelaide,Hawthorn,Luke Hodge,14,6,9,0,0,0,2
2009,20,2009-08-14,M.C.G.,Hawthorn,Adelaide,Hawthorn,Josh Kennedy,12,7,14,0,1,0,3
2009,20,2009-08-14,M.C.G.,Hawthorn,Adelaide,Hawthorn,Jordan Lewis,9,5,24,1,1,0,1
2009,20,2009-08-14,M.C.G.,Hawthorn,Adelaide,Hawthorn,Ben McGlynn,18,5,20,1,0,0,2
2009,20,2009-08-14,M.C.G.,Hawthorn,Adelaide,Hawthorn,Sam Mitchell,21,7,11,0,0,0,2
2009,20,2009-08-14,M.C.G.,Hawthorn,Adelaide,Hawthorn,Jarryd Morton,7,6,7,1,2,0,2
2009,20,2009-08-14,M.C.G.,Hawthorn,Adelaide,Hawthorn,Beau Muston,6,5,12,0,0,0,0
2009,20,2009-08-14,M.C.G.,Hawthorn,Adelaide,Hawthorn,Michael Osborne,6,2,4,0,0,0,4
2009,20,2009-08-14,M.C.G.,Hawthorn,Adelaide,Hawthorn,Brent Renouf,2,1,5,0,2,16,7
2009,20,2009-08-14,M.C.G.,Hawthorn,Adelaide,Hawthorn,Cyril Rioli,10,2,4,1,3,0,8
2009,20,2009-08-14,M.C.G.,Hawthorn,Adelaide,Hawthorn,Shane Savage,4,2,3,0,1,0,4
2009,20,2009-08-14,M.C.G.,Hawthorn,Adelaide,Hawthorn,Ryan Schoenmakers,10,6,3,0,0,0,0
2009,20,2009-08-14,M.C.G.,Hawthorn,Adelaide,Hawthorn,Brad Sewell,7,4,15,1,1,0,3
2009,20,2009-08-14,M.C.G.,Hawthorn,Adelaide,Hawthorn,Liam Shiels,3,3,7,0,0,0,1
2009,20,2009-08-14,M.C.G.,Hawthorn,Adelaide,Hawthorn,Simon Taylor,3,1,5,0,0,15,6
2009,20,2009-08-14,M.C.G.,Hawthorn,Adelaide,Hawthorn,Travis Tuck,7,3,8,0,0,1,4
2009,20,2009-08-14,M.C.G.,Hawthorn,Adelaide,Adelaide,Michael Doughty,12,7,12,1,0,1,4
2009,20,2009-08-14,M.C.G.,Hawthorn,Adelaide,Adelaide,Richard Douglas,11,6,4,1,3,0,8
2009,20,2009-08-14,M.C.G.,Hawthorn,Adelaide,Adelaide,Tyson Edwards,12,8,11,0,1,0,4
2009,20,2009-08-14,M.C.G.,Hawthorn,Adelaide,Adelaide,Simon Goodwin,5,4,16,0,0,0,2
2009,20,2009-08-14,M.C.G.,Hawthorn,Adelaide,Adelaide,Trent Hentschel,10,6,4,4,1,0,1
2009,20,2009-08-14,M.C.G.,Hawthorn,Adelaide,Adelaide,Graham Johncock,10,8,13,0,0,0,2
2009,20,2009-08-14,M.C.G.,Hawthorn,Adelaide,Adelaide,Chris Knights,8,5,8,1,0,0,3
2009,20,2009-08-14,M.C.G.,Hawthorn,Adelaide,Adelaide,Ivan Maric,5,6,8,0,0,17,4
2009,20,2009-08-14,M.C.G.,Hawthorn,Adelaide,Adelaide,Andrew McLeod,18,2,8,0,3,0,5
2009,20,2009-08-14,M.C.G.,Hawthorn,Adelaide,Adelaide,Andy Otten,5,3,9,0,0,0,3
2009,20,2009-08-14,M.C.G.,Hawthorn,Adelaide,Adelaide,Jason Porplyzia,7,5,4,2,0,0,4
2009,20,2009-08-14,M.C.G.,Hawthorn,Adelaide,Adelaide,Brent Reilly,14,6,9,0,0,0,6
2009,20,2009-08-14,M.C.G.,Hawthorn,Adelaide,Adelaide,Ben Rutten,8,5,5,0,0,0,0
2009,20,2009-08-14,M.C.G.,Hawthorn,Adelaide,Adelaide,James Sellar,2,3,4,0,1,15,3
2009,20,2009-08-14,M.C.G.,Hawthorn,Adelaide,Adelaide,Robert Shirley,4,2,2,0,1,0,3
2009,20,2009-08-14,M.C.G.,Hawthorn,Adelaide,Adelaide,Rory Sloane,0,1,6,0,0,0,7
2009,20,2009-08-14,M.C.G.,Hawthorn,Adelaide,Adelaide,Scott Stevens,13,6,8,0,0,0,1
2009,20,2009-08-14,M.C.G.,Hawthorn,Adelaide,Adelaide,Brad Symes,12,5,7,0,2,1,5
2009,20,2009-08-14,M.C.G.,Hawthorn,Adelaide,Adelaide,Scott Thompson,11,7,8,2,0,0,3
2009,20,2009-08-14,M.C.G.,Hawthorn,Adelaide,Adelaide,Kurt Tippett,7,2,3,1,1,3,1
2009,20,2009-08-14,M.C.G.,Hawthorn,Adelaide,Adelaide,Nathan van Berlo,7,2,11,0,0,1,7
2009,20,2009-08-14,M.C.G.,Hawthorn,Adelaide,Adelaide,Bernie Vince,10,9,23,1,1,0,4
2009,20,2009-08-15,M.C.G.,Richmond,Collingwood,Richmond,Joel Bowden,15,4,9,0,1,1,2
2009,20,2009-08-15,M.C.G.,Richmond,Collingwood,Richmond,Nathan Brown,5,2,5,0,0,0,1
2009,20,2009-08-15,M.C.G.,Richmond,Collingwood,Richmond,Mark Coughlan,9,4,8,0,0,0,1
2009,20,2009-08-15,M.C.G.,Richmond,Collingwood,Richmond,Ben Cousins,9,3,10,0,0,0,0
2009,20,2009-08-15,M.C.G.,Richmond,Collingwood,Richmond,Brett Deledio,16,6,15,1,1,0,2
2009,20,2009-08-15,M.C.G.,Richmond,Collingwood,Richmond,Shane Edwards,2,0,6,0,0,0,1
2009,20,2009-08-15,M.C.G.,Richmond,Collingwood,Richmond,Angus Graham,3,5,6,0,0,22,0
2009,20,2009-08-15,M.C.G.,Richmond,Collingwood,Richmond,Tom Hislop,8,7,4,2,0,0,0
2009,20,2009-08-15,M.C.G.,Richmond,Collingwood,Richmond,Daniel Jackson,13,3,4,0,0,0,4
2009,20,2009-08-15,M.C.G.,Richmond,Collingwood,Richmond,Jake King,9,5,8,0,1,0,4
2009,20,2009-08-15,M.C.G.,Richmond,Collingwood,Richmond,Luke McGuane,4,4,8,0,0,0,3
2009,20,2009-08-15,M.C.G.,Richmond,Collingwood,Richmond,Jordan McMahon,10,2,9,0,1,0,2
2009,20,2009-08-15,M.C.G.,Richmond,Collingwood,Richmond,Mitch Morton,7,4,7,1,0,0,8
2009,20,2009-08-15,M.C.G.,Richmond,Collingwood,Richmond,Robin Nahas,12,2,7,2,2,0,7
2009,20,2009-08-15,M.C.G.,Richmond,Collingwood,Richmond,Chris Newman,18,3,7,0,1,0,4
2009,20,2009-08-15,M.C.G.,Richmond,Collingwood,Richmond,Dean Polo,6,3,5,0,0,0,3
2009,20,2009-08-15,M.C.G.,Richmond,Collingwood,Richmond,Alex Rance,3,2,8,0,0,0,5
2009,20,2009-08-15,M.C.G.,Richmond,Collingwood,Richmond,Jack Riewoldt,9,4,3,1,1,0,2
2009,20,2009-08-15,M.C.G.,Richmond,Collingwood,Richmond,Richard Tambling,6,5,8,1,1,0,1
2009,20,2009-08-15,M.C.G.,Richmond,Collingwood,Richmond,Will Thursfield,0,1,6,0,0,0,0
2009,20,2009-08-15,M.C.G.,Richmond,Collingwood,Richmond,Shane Tuck,8,2,18,0,0,1,1
2009,20,2009-08-15,M.C.G.,Richmond,Collingwood,Richmond,Ty Vickery,4,3,4,0,0,11,1
2009,20,2009-08-15,M.C.G.,Richmond,Collingwood,Collingwood,John Anthony,9,6,6,3,3,1,4
2009,20,2009-08-15,M.C.G.,Richmond,Collingwood,Collingwood,Dayne Beams,13,7,17,1,1,0,1
2009,20,2009-08-15,M.C.G.,Richmond,Collingwood,Collingwood,Leigh Brown,3,4,9,0,0,0,1
2009,20,2009-08-15,M.C.G.,Richmond,Collingwood,Collingwood,Travis Cloke,15,10,6,2,3,2,6
2009,20,2009-08-15,M.C.G.,Richmond,Collingwood,Collingwood,Leon Davis,10,1,10,4,1,0,4
2009,20,2009-08-15,M.C.G.,Richmond,Collingwood,Collingwood,Chris Dawes,5,5,11,0,1,4,4
2009,20,2009-08-15,M.C.G.,Richmond,Collingwood,Collingwood,Brad Dick,5,0,5,2,0,0,4
2009,20,2009-08-15,M.C.G.,Richmond,Collingwood,Collingwood,Alan Didak,17,3,12,2,1,0,3
2009,20,2009-08-15,M.C.G.,Richmond,Collingwood,Collingwood,Ben Johnson,15,2,12,1,1,0,0
2009,20,2009-08-15,M.C.G.,Richmond,Collingwood,Collingwood,Tarkyn Lockyer,14,9,10,1,1,0,4
2009,20,2009-08-15,M.C.G.,Richmond,Collingwood,Collingwood,Heritier Lumumba,11,5,9,1,0,0,3
2009,20,2009-08-15,M.C.G.,Richmond,Collingwood,Collingwood,Nick Maxwell,7,4,8,0,0,0,2
2009,20,2009-08-15,M.C.G.,Richmond,Collingwood,Collingwood,Paul Medhurst,11,4,6,1,2,0,2
2009,20,2009-08-15,M.C.G.,Richmond,Collingwood,Collingwood,Shane OBree,14,2,19,0,2,0,5
2009,20,2009-08-15,M.C.G.,Richmond,Collingwood,Collingwood,Scott Pendlebury,11,5,20,1,0,1,3
2009,20,2009-08-15,M.C.G.,Richmond,Collingwood,Collingwood,Simon Prestigiacomo,4,4,9,0,0,0,3
2009,20,2009-08-15,M.C.G.,Richmond,Collingwood,Collingwood,Heath Shaw,13,3,8,1,0,0,1
2009,20,2009-08-15,M.C.G.,Richmond,Collingwood,Collingwood,Dane Swan,20,7,14,2,2,0,1
2009,20,2009-08-15,M.C.G.,Richmond,Collingwood,Collingwood,Dale Thomas,9,5,9,0,0,0,6
2009,20,2009-08-15,M.C.G.,Richmond,Collingwood,Collingwood,Alan Toovey,5,4,9,0,0,0,3
2009,20,2009-08-15,M.C.G.,Richmond,Collingwood,Collingwood,Sharrod Wellingham,9,6,10,0,0,0,0
2009,20,2009-08-15,M.C.G.,Richmond,Collingwood,Collingwood,Cameron Wood,4,3,16,0,0,19,3
2009,20,2009-08-15,Subiaco,West Coast,North Melbourne,West Coast,Mitch Brown,1,2,1,0,0,0,1
2009,20,2009-08-15,Subiaco,West Coast,North Melbourne,West Coast,Sam Butler,14,8,9,0,0,0,2
2009,20,2009-08-15,Subiaco,West Coast,North Melbourne,West Coast,Brad Ebert,9,2,7,0,0,0,3
2009,20,2009-08-15,Subiaco,West Coast,North Melbourne,West Coast,Andrew Embley,11,2,9,1,1,0,5
2009,20,2009-08-15,Subiaco,West Coast,North Melbourne,West Coast,Darren Glass,3,2,5,0,0,0,1
2009,20,2009-08-15,Subiaco,West Coast,North Melbourne,West Coast,Tim Houlihan,14,6,13,0,1,0,5
2009,20,2009-08-15,Subiaco,West Coast,North Melbourne,West Coast,Shannon Hurn,12,5,7,0,0,0,0
2009,20,2009-08-15,Subiaco,West Coast,North Melbourne,West Coast,Josh Kennedy,4,3,4,2,0,0,1
2009,20,2009-08-15,Subiaco,West Coast,North Melbourne,West Coast,Mark LeCras,11,6,8,2,0,0,2
2009,20,2009-08-15,Subiaco,West Coast,North Melbourne,West Coast,Quinten Lynch,16,8,9,0,1,10,1
2009,20,2009-08-15,Subiaco,West Coast,North Melbourne,West Coast,Chris Masten,7,1,1,0,0,0,2
2009,20,2009-08-15,Subiaco,West Coast,North Melbourne,West Coast,Patrick McGinnity,8,6,12,0,0,0,7
2009,20,2009-08-15,Subiaco,West Coast,North Melbourne,West Coast,Ben McKinley,7,8,5,3,2,0,0
2009,20,2009-08-15,Subiaco,West Coast,North Melbourne,West Coast,Nic Naitanui,1,1,6,0,0,20,4
2009,20,2009-08-15,Subiaco,West Coast,North Melbourne,West Coast,Matt Priddis,10,1,17,2,1,0,6
2009,20,2009-08-15,Subiaco,West Coast,North Melbourne,West Coast,Matt Rosa,5,3,6,0,0,0,7
2009,20,2009-08-15,Subiaco,West Coast,North Melbourne,West Coast,Adam Selwood,19,4,14,1,0,0,1
2009,20,2009-08-15,Subiaco,West Coast,North Melbourne,West Coast,Scott Selwood,9,5,7,0,0,0,3
2009,20,2009-08-15,Subiaco,West Coast,North Melbourne,West Coast,Tom Swift,11,6,10,0,0,0,6
2009,20,2009-08-15,Subiaco,West Coast,North Melbourne,West Coast,Beau Maister,4,5,6,0,0,0,0
2009,20,2009-08-15,Subiaco,West Coast,North Melbourne,West Coast,Callum Wilson,5,6,6,3,0,0,1
2009,20,2009-08-15,Subiaco,West Coast,North Melbourne,West Coast,David Wirrpanda,12,5,3,3,0,0,1
2009,20,2009-08-15,Subiaco,West Coast,North Melbourne,North Melbourne,Leigh Adams,9,4,11,3,1,0,3
2009,20,2009-08-15,Subiaco,West Coast,North Melbourne,North Melbourne,Liam Anthony,16,6,13,0,1,0,5
2009,20,2009-08-15,Subiaco,West Coast,North Melbourne,North Melbourne,Matt Campbell,5,2,6,1,1,0,0
2009,20,2009-08-15,Subiaco,West Coast,North Melbourne,North Melbourne,Michael Firrito,4,1,5,0,0,0,2
2009,20,2009-08-15,Subiaco,West Coast,North Melbourne,North Melbourne,Josh Gibson,5,4,14,0,0,0,3
2009,20,2009-08-15,Subiaco,West Coast,North Melbourne,North Melbourne,Todd Goldstein,4,2,6,1,0,18,1
2009,20,2009-08-15,Subiaco,West Coast,North Melbourne,North Melbourne,Levi Greenwood,7,1,4,0,0,0,6
2009,20,2009-08-15,Subiaco,West Coast,North Melbourne,North Melbourne,Nathan Grima,12,7,8,0,0,0,3
2009,20,2009-08-15,Subiaco,West Coast,North Melbourne,North Melbourne,Lachlan Hansen,5,6,4,1,1,0,0
2009,20,2009-08-15,Subiaco,West Coast,North Melbourne,North Melbourne,Daniel Harris,6,1,9,0,0,0,4
2009,20,2009-08-15,Subiaco,West Coast,North Melbourne,North Melbourne,Brent Harvey,13,5,18,0,0,0,1
2009,20,2009-08-15,Subiaco,West Coast,North Melbourne,North Melbourne,Corey Jones,7,2,3,1,1,0,6
2009,20,2009-08-15,Subiaco,West Coast,North Melbourne,North Melbourne,Hamish McIntosh,6,3,7,1,0,15,2
2009,20,2009-08-15,Subiaco,West Coast,North Melbourne,North Melbourne,Scott McMahon,12,8,7,0,0,0,4
2009,20,2009-08-15,Subiaco,West Coast,North Melbourne,North Melbourne,Drew Petrie,11,10,3,1,2,0,2
2009,20,2009-08-15,Subiaco,West Coast,North Melbourne,North Melbourne,Sam Power,11,3,12,0,0,0,5
2009,20,2009-08-15,Subiaco,West Coast,North Melbourne,North Melbourne,Daniel Pratt,14,4,10,0,0,0,2
2009,20,2009-08-15,Subiaco,West Coast,North Melbourne,North Melbourne,Brady Rawlings,15,6,15,0,1,0,1
2009,20,2009-08-15,Subiaco,West Coast,North Melbourne,North Melbourne,Andrew Swallow,9,3,13,1,1,1,11
2009,20,2009-08-15,Subiaco,West Coast,North Melbourne,North Melbourne,Lindsay Thomas,7,1,3,0,2,0,2
2009,20,2009-08-15,Subiaco,West Coast,North Melbourne,North Melbourne,Scott Thompson,7,4,14,0,0,0,4
2009,20,2009-08-15,Subiaco,West Coast,North Melbourne,North Melbourne,Gavin Urquhart,10,6,2,0,0,0,1
2009,20,2009-08-15,Gabba,Brisbane Lions,Western Bulldogs,Brisbane Lions,Simon Black,15,3,22,0,1,0,1
2009,20,2009-08-15,Gabba,Brisbane Lions,Western Bulldogs,Brisbane Lions,Daniel Bradshaw,11,8,2,3,2,0,0
2009,20,2009-08-15,Gabba,Brisbane Lions,Western Bulldogs,Brisbane Lions,Jared Brennan,6,3,12,0,1,7,8
2009,20,2009-08-15,Gabba,Brisbane Lions,Western Bulldogs,Brisbane Lions,Jonathan Brown,10,8,6,3,0,0,1
2009,20,2009-08-15,Gabba,Brisbane Lions,Western Bulldogs,Brisbane Lions,Mitch Clark,9,5,13,0,0,24,3
2009,20,2009-08-15,Gabba,Brisbane Lions,Western Bulldogs,Brisbane Lions,Josh Drummond,14,6,4,3,0,0,4
2009,20,2009-08-15,Gabba,Brisbane Lions,Western Bulldogs,Brisbane Lions,Scott Harding,5,0,5,0,2,0,1
2009,20,2009-08-15,Gabba,Brisbane Lions,Western Bulldogs,Brisbane Lions,James Hawksley,4,3,8,0,0,0,1
2009,20,2009-08-15,Gabba,Brisbane Lions,Western Bulldogs,Brisbane Lions,Travis Johnstone,9,2,8,0,1,0,4
2009,20,2009-08-15,Gabba,Brisbane Lions,Western Bulldogs,Brisbane Lions,Joel Macdonald,5,3,12,0,0,0,2
2009,20,2009-08-15,Gabba,Brisbane Lions,Western Bulldogs,Brisbane Lions,Ashley McGrath,7,2,9,0,0,0,2
2009,20,2009-08-15,Gabba,Brisbane Lions,Western Bulldogs,Brisbane Lions,Daniel Merrett,9,7,4,0,0,1,1
2009,20,2009-08-15,Gabba,Brisbane Lions,Western Bulldogs,Brisbane Lions,Tim Notting,10,5,4,0,0,0,2
2009,20,2009-08-15,Gabba,Brisbane Lions,Western Bulldogs,Brisbane Lions,Joel Patfull,2,2,8,0,0,0,2
2009,20,2009-08-15,Gabba,Brisbane Lions,Western Bulldogs,Brisbane Lions,James Polkinghorne,10,4,10,1,0,0,3
2009,20,2009-08-15,Gabba,Brisbane Lions,Western Bulldogs,Brisbane Lions,Luke Power,7,2,17,0,0,0,5
2009,20,2009-08-15,Gabba,Brisbane Lions,Western Bulldogs,Brisbane Lions,Jack Redden,3,3,4,0,0,0,0
2009,20,2009-08-15,Gabba,Brisbane Lions,Western Bulldogs,Brisbane Lions,Daniel Rich,11,6,6,0,0,0,3
2009,20,2009-08-15,Gabba,Brisbane Lions,Western Bulldogs,Brisbane Lions,Michael Rischitelli,8,5,4,1,0,0,2
2009,20,2009-08-15,Gabba,Brisbane Lions,Western Bulldogs,Brisbane Lions,Sam Sheldon,2,0,4,0,0,0,2
2009,20,2009-08-15,Gabba,Brisbane Lions,Western Bulldogs,Brisbane Lions,Justin Sherman,11,3,16,0,0,0,5
2009,20,2009-08-15,Gabba,Brisbane Lions,Western Bulldogs,Brisbane Lions,Cheynee Stiller,7,5,11,1,0,0,2
2009,20,2009-08-15,Gabba,Brisbane Lions,Western Bulldogs,Western Bulldogs,Dylan Addison,6,2,3,0,0,0,2
2009,20,2009-08-15,Gabba,Brisbane Lions,Western Bulldogs,Western Bulldogs,Jason Akermanis,13,8,5,2,1,0,4
2009,20,2009-08-15,Gabba,Brisbane Lions,Western Bulldogs,Western Bulldogs,Matthew Boyd,16,8,13,0,0,0,4
2009,20,2009-08-15,Gabba,Brisbane Lions,Western Bulldogs,Western Bulldogs,Adam Cooney,12,3,13,0,1,0,6
2009,20,2009-08-15,Gabba,Brisbane Lions,Western Bulldogs,Western Bulldogs,Nathan Eagleton,16,9,5,3,1,0,2
2009,20,2009-08-15,Gabba,Brisbane Lions,Western Bulldogs,Western Bulldogs,Lindsay Gilbee,11,4,5,2,0,0,1
2009,20,2009-08-15,Gabba,Brisbane Lions,Western Bulldogs,Western Bulldogs,Mitch Hahn,12,12,9,1,1,0,3
2009,20,2009-08-15,Gabba,Brisbane Lions,Western Bulldogs,Western Bulldogs,Jarrod Harbrow,22,8,9,0,0,0,4
2009,20,2009-08-15,Gabba,Brisbane Lions,Western Bulldogs,Western Bulldogs,Ryan Hargrave,12,7,3,0,0,0,2
2009,20,2009-08-15,Gabba,Brisbane Lions,Western Bulldogs,Western Bulldogs,Josh Hill,16,7,4,0,0,0,4
2009,20,2009-08-15,Gabba,Brisbane Lions,Western Bulldogs,Western Bulldogs,Ben Hudson,3,3,13,0,0,19,2
2009,20,2009-08-15,Gabba,Brisbane Lions,Western Bulldogs,Western Bulldogs,Brad Johnson,18,10,5,2,2,0,2
2009,20,2009-08-15,Gabba,Brisbane Lions,Western Bulldogs,Western Bulldogs,Brian Lake,11,13,8,0,0,0,2
2009,20,2009-08-15,Gabba,Brisbane Lions,Western Bulldogs,Western Bulldogs,Will Minson,10,7,6,2,0,8,2
2009,20,2009-08-15,Gabba,Brisbane Lions,Western Bulldogs,Western Bulldogs,Dale Morris,3,8,7,0,0,0,0
2009,20,2009-08-15,Gabba,Brisbane Lions,Western Bulldogs,Western Bulldogs,Robert Murphy,12,11,9,0,2,0,1
2009,20,2009-08-15,Gabba,Brisbane Lions,Western Bulldogs,Western Bulldogs,Liam Picken,4,2,13,0,0,0,6
2009,20,2009-08-15,Gabba,Brisbane Lions,Western Bulldogs,Western Bulldogs,Sam Reid,5,0,10,1,0,0,4
2009,20,2009-08-15,Gabba,Brisbane Lions,Western Bulldogs,Western Bulldogs,Callan Ward,7,3,7,0,1,0,4
2009,20,2009-08-15,Gabba,Brisbane Lions,Western Bulldogs,Western Bulldogs,Scott Welsh,12,7,0,2,0,0,2
2009,20,2009-08-15,Gabba,Brisbane Lions,Western Bulldogs,Western Bulldogs,Tom Williams,8,4,2,0,0,0,1
2009,20,2009-08-15,Gabba,Brisbane Lions,Western Bulldogs,Western Bulldogs,Easton Wood,3,1,3,0,0,0,0
2009,20,2009-08-15,Stadium Australia,Sydney,Geelong,Sydney,Luke Ablett,4,0,2,0,1,0,2
2009,20,2009-08-15,Stadium Australia,Sydney,Geelong,Sydney,Ed Barlow,13,6,5,0,0,0,1
2009,20,2009-08-15,Stadium Australia,Sydney,Geelong,Sydney,Leo Barry,4,1,3,0,0,0,0
2009,20,2009-08-15,Stadium Australia,Sydney,Geelong,Sydney,Paul Bevan,6,3,5,0,0,0,6
2009,20,2009-08-15,Stadium Australia,Sydney,Geelong,Sydney,Craig Bolton,7,3,4,0,0,0,1
2009,20,2009-08-15,Stadium Australia,Sydney,Geelong,Sydney,Jude Bolton,13,4,10,1,0,0,11
2009,20,2009-08-15,Stadium Australia,Sydney,Geelong,Sydney,Adam Goodes,13,12,8,2,0,0,3
2009,20,2009-08-15,Stadium Australia,Sydney,Geelong,Sydney,Heath Grundy,14,7,6,0,0,0,1
2009,20,2009-08-15,Stadium Australia,Sydney,Geelong,Sydney,Dan Hannebery,4,1,4,1,0,0,3
2009,20,2009-08-15,Stadium Australia,Sydney,Geelong,Sydney,Kieren Jack,8,3,1,0,0,0,8
2009,20,2009-08-15,Stadium Australia,Sydney,Geelong,Sydney,Darren Jolly,10,6,3,0,2,30,1
2009,20,2009-08-15,Stadium Australia,Sydney,Geelong,Sydney,Brett Kirk,7,1,10,1,0,0,7
2009,20,2009-08-15,Stadium Australia,Sydney,Geelong,Sydney,Martin Mattner,11,6,5,2,0,0,6
2009,20,2009-08-15,Stadium Australia,Sydney,Geelong,Sydney,Jarred Moore,10,2,11,1,0,0,2
2009,20,2009-08-15,Stadium Australia,Sydney,Geelong,Sydney,Matthew ODwyer,4,4,7,0,0,0,1
2009,20,2009-08-15,Stadium Australia,Sydney,Geelong,Sydney,Ryan OKeefe,13,2,15,1,2,1,6
2009,20,2009-08-15,Stadium Australia,Sydney,Geelong,Sydney,Michael OLoughlin,10,7,6,3,1,0,2
2009,20,2009-08-15,Stadium Australia,Sydney,Geelong,Sydney,Mike Pyke,0,0,3,0,0,9,1
2009,20,2009-08-15,Stadium Australia,Sydney,Geelong,Sydney,Lewis Roberts-Thomson,8,5,4,0,0,0,1
2009,20,2009-08-15,Stadium Australia,Sydney,Geelong,Sydney,Rhyce Shaw,21,3,4,0,0,0,0
2009,20,2009-08-15,Stadium Australia,Sydney,Geelong,Sydney,Nick Smith,7,2,8,0,0,0,3
2009,20,2009-08-15,Stadium Australia,Sydney,Geelong,Sydney,Jesse White,7,8,2,1,2,0,1
2009,20,2009-08-15,Stadium Australia,Sydney,Geelong,Geelong,Gary Ablett,18,4,26,1,2,0,4
2009,20,2009-08-15,Stadium Australia,Sydney,Geelong,Geelong,Jimmy Bartel,11,5,21,0,1,1,4
2009,20,2009-08-15,Stadium Australia,Sydney,Geelong,Geelong,Mark Blake,1,2,9,0,1,22,2
2009,20,2009-08-15,Stadium Australia,Sydney,Geelong,Geelong,Shannon Byrnes,8,3,7,3,1,0,3
2009,20,2009-08-15,Stadium Australia,Sydney,Geelong,Geelong,Joel Corey,21,7,17,1,0,0,4
2009,20,2009-08-15,Stadium Australia,Sydney,Geelong,Geelong,Corey Enright,13,3,9,0,0,0,3
2009,20,2009-08-15,Stadium Australia,Sydney,Geelong,Geelong,Tom Gillies,4,3,3,0,0,0,1
2009,20,2009-08-15,Stadium Australia,Sydney,Geelong,Geelong,Tom Harley,6,3,8,0,0,0,1
2009,20,2009-08-15,Stadium Australia,Sydney,Geelong,Geelong,Tom Hawkins,7,7,6,2,1,0,3
2009,20,2009-08-15,Stadium Australia,Sydney,Geelong,Geelong,Simon Hogan,7,1,5,0,0,0,2
2009,20,2009-08-15,Stadium Australia,Sydney,Geelong,Geelong,David Johnson,9,3,8,0,0,0,6
2009,20,2009-08-15,Stadium Australia,Sydney,Geelong,Geelong,Steve Johnson,9,5,10,1,1,0,3
2009,20,2009-08-15,Stadium Australia,Sydney,Geelong,Geelong,Cameron Ling,12,4,17,0,0,0,7
2009,20,2009-08-15,Stadium Australia,Sydney,Geelong,Geelong,Tom Lonergan,6,6,8,1,0,0,1
2009,20,2009-08-15,Stadium Australia,Sydney,Geelong,Geelong,Andrew Mackie,16,9,7,0,1,0,3
2009,20,2009-08-15,Stadium Australia,Sydney,Geelong,Geelong,Cameron Mooney,8,9,6,3,3,0,1
2009,20,2009-08-15,Stadium Australia,Sydney,Geelong,Geelong,Shane Mumford,2,1,5,0,0,15,2
2009,20,2009-08-15,Stadium Australia,Sydney,Geelong,Geelong,Matthew Scarlett,12,9,3,0,0,0,2
2009,20,2009-08-15,Stadium Australia,Sydney,Geelong,Geelong,Joel Selwood,8,3,11,1,0,0,3
2009,20,2009-08-15,Stadium Australia,Sydney,Geelong,Geelong,Mathew Stokes,4,2,5,0,1,0,1
2009,20,2009-08-15,Stadium Australia,Sydney,Geelong,Geelong,Harry Taylor,7,5,10,0,0,0,1
2009,20,2009-08-15,Stadium Australia,Sydney,Geelong,Geelong,Travis Varcoe,4,1,4,0,2,0,3
2009,20,2009-08-16,M.C.G.,Melbourne,Fremantle,Melbourne,Clint Bartram,5,3,14,0,0,0,3
2009,20,2009-08-16,M.C.G.,Melbourne,Fremantle,Melbourne,Matthew Bate,12,8,13,3,0,0,5
2009,20,2009-08-16,M.C.G.,Melbourne,Fremantle,Melbourne,Kyle Cheney,6,5,9,0,0,0,1
2009,20,2009-08-16,M.C.G.,Melbourne,Fremantle,Melbourne,Aaron Davey,18,3,13,2,1,0,5
2009,20,2009-08-16,M.C.G.,Melbourne,Fremantle,Melbourne,Lynden Dunn,15,4,7,0,0,0,8
2009,20,2009-08-16,M.C.G.,Melbourne,Fremantle,Melbourne,James Frawley,12,7,6,0,0,0,2
2009,20,2009-08-16,M.C.G.,Melbourne,Fremantle,Melbourne,Neville Jetta,3,2,0,0,0,0,2
2009,20,2009-08-16,M.C.G.,Melbourne,Fremantle,Melbourne,Paul Johnson,10,2,4,1,0,22,3
2009,20,2009-08-16,M.C.G.,Melbourne,Fremantle,Melbourne,Nathan Jones,14,4,14,0,0,0,1
2009,20,2009-08-16,M.C.G.,Melbourne,Fremantle,Melbourne,Liam Jurrah,12,6,6,4,0,0,1
2009,20,2009-08-16,M.C.G.,Melbourne,Fremantle,Melbourne,Stefan Martin,1,1,4,0,0,6,1
2009,20,2009-08-16,M.C.G.,Melbourne,Fremantle,Melbourne,James McDonald,15,6,10,0,0,1,5
2009,20,2009-08-16,M.C.G.,Melbourne,Fremantle,Melbourne,Brock McLean,14,4,12,2,0,0,4
2009,20,2009-08-16,M.C.G.,Melbourne,Fremantle,Melbourne,Tom McNamara,7,3,4,1,0,0,3
2009,20,2009-08-16,M.C.G.,Melbourne,Fremantle,Melbourne,Brad Miller,6,6,11,1,1,2,1
2009,20,2009-08-16,M.C.G.,Melbourne,Fremantle,Melbourne,Brent Moloney,15,5,15,0,0,0,1
2009,20,2009-08-16,M.C.G.,Melbourne,Fremantle,Melbourne,Cale Morton,11,7,12,0,0,0,2
2009,20,2009-08-16,M.C.G.,Melbourne,Fremantle,Melbourne,Ricky Petterd,10,7,3,1,1,1,1
2009,20,2009-08-16,M.C.G.,Melbourne,Fremantle,Melbourne,Jared Rivers,9,6,9,0,0,0,4
2009,20,2009-08-16,M.C.G.,Melbourne,Fremantle,Melbourne,Russell Robertson,9,6,0,3,1,0,0
2009,20,2009-08-16,M.C.G.,Melbourne,Fremantle,Melbourne,Colin Sylvia,11,2,9,1,0,1,3
2009,20,2009-08-16,M.C.G.,Melbourne,Fremantle,Melbourne,Shane Valenti,17,7,13,1,0,0,5
2009,20,2009-08-16,M.C.G.,Melbourne,Fremantle,Fremantle,Kepler Bradley,7,7,6,1,0,4,2
2009,20,2009-08-16,M.C.G.,Melbourne,Fremantle,Fremantle,Greg Broughton,8,4,12,0,0,0,1
2009,20,2009-08-16,M.C.G.,Melbourne,Fremantle,Fremantle,Matt de Boer,3,3,5,0,0,0,6
2009,20,2009-08-16,M.C.G.,Melbourne,Fremantle,Fremantle,Steven Dodd,4,2,7,0,0,0,1
2009,20,2009-08-16,M.C.G.,Melbourne,Fremantle,Fremantle,Marcus Drum,9,3,4,0,0,0,2
2009,20,2009-08-16,M.C.G.,Melbourne,Fremantle,Fremantle,Paul Duffield,16,2,3,0,0,0,4
2009,20,2009-08-16,M.C.G.,Melbourne,Fremantle,Fremantle,Antoni Grover,4,4,6,0,0,0,0
2009,20,2009-08-16,M.C.G.,Melbourne,Fremantle,Fremantle,Paul Hasleby,7,2,20,0,0,0,1
2009,20,2009-08-16,M.C.G.,Melbourne,Fremantle,Fremantle,Des Headland,10,5,5,1,2,0,3
2009,20,2009-08-16,M.C.G.,Melbourne,Fremantle,Fremantle,Stephen Hill,5,3,6,1,0,0,1
2009,20,2009-08-16,M.C.G.,Melbourne,Fremantle,Fremantle,Garrick Ibbotson,8,2,7,0,0,0,1
2009,20,2009-08-16,M.C.G.,Melbourne,Fremantle,Fremantle,Chris Mayne,7,5,5,2,0,1,5
2009,20,2009-08-16,M.C.G.,Melbourne,Fremantle,Fremantle,Luke McPharlin,10,4,3,3,1,0,1
2009,20,2009-08-16,M.C.G.,Melbourne,Fremantle,Fremantle,David Mundy,12,3,8,0,2,1,3
2009,20,2009-08-16,M.C.G.,Melbourne,Fremantle,Fremantle,Matthew Pavlich,13,6,12,0,2,0,3
2009,20,2009-08-16,M.C.G.,Melbourne,Fremantle,Fremantle,Brett Peake,10,1,3,0,0,0,1
2009,20,2009-08-16,M.C.G.,Melbourne,Fremantle,Fremantle,Aaron Sandilands,9,2,9,0,0,33,3
2009,20,2009-08-16,M.C.G.,Melbourne,Fremantle,Fremantle,Byron Schammer,9,4,6,0,0,0,2
2009,20,2009-08-16,M.C.G.,Melbourne,Fremantle,Fremantle,Dean Solomon,5,2,7,0,0,1,3
2009,20,2009-08-16,M.C.G.,Melbourne,Fremantle,Fremantle,Nick Suban,10,2,5,1,0,0,4
2009,20,2009-08-16,M.C.G.,Melbourne,Fremantle,Fremantle,Chris Tarrant,9,3,6,0,0,0,2
2009,20,2009-08-16,M.C.G.,Melbourne,Fremantle,Fremantle,Jay van Berlo,4,0,3,0,0,0,3
2009,20,2009-08-16,Football Park,Port Adelaide,Carlton,Port Adelaide,Travis Boak,12,2,15,0,0,0,4
2009,20,2009-08-16,Football Park,Port Adelaide,Carlton,Port Adelaide,Dean Brogan,10,8,2,2,0,28,3
2009,20,2009-08-16,Football Park,Port Adelaide,Carlton,Port Adelaide,Peter Burgoyne,15,3,5,0,0,0,4
2009,20,2009-08-16,Football Park,Port Adelaide,Carlton,Port Adelaide,Shaun Burgoyne,13,3,12,0,1,0,3
2009,20,2009-08-16,Football Park,Port Adelaide,Carlton,Port Adelaide,Alipate Carlile,3,1,4,0,0,0,4
2009,20,2009-08-16,Football Park,Port Adelaide,Carlton,Port Adelaide,Josh Carr,0,0,0,0,0,0,1
2009,20,2009-08-16,Football Park,Port Adelaide,Carlton,Port Adelaide,Domenic Cassisi,1,0,15,0,0,0,4
2009,20,2009-08-16,Football Park,Port Adelaide,Carlton,Port Adelaide,Troy Chaplin,6,3,6,0,0,0,2
2009,20,2009-08-16,Football Park,Port Adelaide,Carlton,Port Adelaide,Chad Cornes,9,8,7,0,0,2,3
2009,20,2009-08-16,Football Park,Port Adelaide,Carlton,Port Adelaide,Kane Cornes,9,2,15,0,1,0,3
2009,20,2009-08-16,Football Park,Port Adelaide,Carlton,Port Adelaide,Brett Ebert,6,3,4,0,1,0,2
2009,20,2009-08-16,Football Park,Port Adelaide,Carlton,Port Adelaide,Robbie Gray,6,3,4,2,3,0,2
2009,20,2009-08-16,Football Park,Port Adelaide,Carlton,Port Adelaide,Hamish Hartlett,8,3,7,0,0,0,2
2009,20,2009-08-16,Football Park,Port Adelaide,Carlton,Port Adelaide,Nathan Krakouer,12,1,3,0,0,0,1
2009,20,2009-08-16,Football Park,Port Adelaide,Carlton,Port Adelaide,Brendon Lade,5,3,2,1,0,23,2
2009,20,2009-08-16,Football Park,Port Adelaide,Carlton,Port Adelaide,Danyle Pearce,8,2,6,0,0,0,4
2009,20,2009-08-16,Football Park,Port Adelaide,Carlton,Port Adelaide,David Rodan,11,2,7,0,0,0,1
2009,20,2009-08-16,Football Park,Port Adelaide,Carlton,Port Adelaide,Steven Salopek,7,3,3,0,0,0,2
2009,20,2009-08-16,Football Park,Port Adelaide,Carlton,Port Adelaide,Paul Stewart,2,2,7,0,0,0,0
2009,20,2009-08-16,Football Park,Port Adelaide,Carlton,Port Adelaide,Matt Thomas,8,7,14,1,0,1,3
2009,20,2009-08-16,Football Park,Port Adelaide,Carlton,Port Adelaide,Warren Tredrea,12,10,4,2,2,0,2
2009,20,2009-08-16,Football Park,Port Adelaide,Carlton,Port Adelaide,Justin Westhoff,5,3,2,1,0,1,2
2009,20,2009-08-16,Football Park,Port Adelaide,Carlton,Carlton,Dennis Armfield,6,0,9,0,0,0,3
2009,20,2009-08-16,Football Park,Port Adelaide,Carlton,Carlton,Eddie Betts,4,1,3,2,0,0,4
2009,20,2009-08-16,Football Park,Port Adelaide,Carlton,Carlton,Paul Bower,5,3,10,0,0,0,1
2009,20,2009-08-16,Football Park,Port Adelaide,Carlton,Carlton,Andrew Carrazzo,11,1,16,1,0,0,3
2009,20,2009-08-16,Football Park,Port Adelaide,Carlton,Carlton,Cameron Cloke,7,8,5,0,0,4,2
2009,20,2009-08-16,Football Park,Port Adelaide,Carlton,Carlton,Brendan Fevola,15,8,5,6,3,0,3
2009,20,2009-08-16,Football Park,Port Adelaide,Carlton,Carlton,Bryce Gibbs,13,3,19,2,0,0,4
2009,20,2009-08-16,Football Park,Port Adelaide,Carlton,Carlton,Richard Hadley,7,3,20,0,0,0,5
2009,20,2009-08-16,Football Park,Port Adelaide,Carlton,Carlton,Ryan Houlihan,13,2,11,0,0,0,1
2009,20,2009-08-16,Football Park,Port Adelaide,Carlton,Carlton,Aaron Joseph,4,0,7,0,0,0,4
2009,20,2009-08-16,Football Park,Port Adelaide,Carlton,Carlton,Chris Judd,9,4,10,1,3,0,5
2009,20,2009-08-16,Football Park,Port Adelaide,Carlton,Carlton,Matthew Kreuzer,7,4,11,0,1,13,5
2009,20,2009-08-16,Football Park,Port Adelaide,Carlton,Carlton,Marc Murphy,16,6,17,3,1,0,2
2009,20,2009-08-16,Football Park,Port Adelaide,Carlton,Carlton,Setanta OhAilpin,2,3,8,0,0,0,1
2009,20,2009-08-16,Football Park,Port Adelaide,Carlton,Carlton,Mitch Robinson,6,4,4,1,0,0,3
2009,20,2009-08-16,Football Park,Port Adelaide,Carlton,Carlton,Jordan Russell,7,3,13,0,0,0,2
2009,20,2009-08-16,Football Park,Port Adelaide,Carlton,Carlton,Heath Scotland,14,5,16,0,1,0,2
2009,20,2009-08-16,Football Park,Port Adelaide,Carlton,Carlton,Kade Simpson,10,6,9,0,0,0,6
2009,20,2009-08-16,Football Park,Port Adelaide,Carlton,Carlton,Nick Stevens,16,4,11,1,0,0,1
2009,20,2009-08-16,Football Park,Port Adelaide,Carlton,Carlton,Bret Thornton,10,10,7,0,0,1,1
2009,20,2009-08-16,Football Park,Port Adelaide,Carlton,Carlton,Andrew Walker,14,6,9,1,0,0,2
2009,20,2009-08-16,Football Park,Port Adelaide,Carlton,Carlton,Simon Wiggins,7,4,10,0,0,0,0
2009,20,2009-08-16,Docklands,Essendon,St Kilda,Essendon,Jarrod Atkinson,13,5,6,1,0,0,2
2009,20,2009-08-16,Docklands,Essendon,St Kilda,Essendon,Tom Bellchambers,4,5,9,0,0,13,3
2009,20,2009-08-16,Docklands,Essendon,St Kilda,Essendon,Alwyn Davey,3,4,10,0,1,0,5
2009,20,2009-08-16,Docklands,Essendon,St Kilda,Essendon,Courtenay Dempsey,5,3,6,0,0,0,1
2009,20,2009-08-16,Docklands,Essendon,St Kilda,Essendon,Ricky Dyson,9,2,8,0,0,0,5
2009,20,2009-08-16,Docklands,Essendon,St Kilda,Essendon,Dustin Fletcher,6,4,2,1,0,0,0
2009,20,2009-08-16,Docklands,Essendon,St Kilda,Essendon,Michael Hurley,14,10,6,1,1,0,1
2009,20,2009-08-16,Docklands,Essendon,St Kilda,Essendon,Sam Lonergan,6,3,10,0,1,0,6
2009,20,2009-08-16,Docklands,Essendon,St Kilda,Essendon,Nathan Lovett-Murray,6,4,13,0,0,0,4
2009,20,2009-08-16,Docklands,Essendon,St Kilda,Essendon,Andrew Lovett,17,6,5,1,3,0,2
2009,20,2009-08-16,Docklands,Essendon,St Kilda,Essendon,Adam McPhee,12,7,5,1,2,1,0
2009,20,2009-08-16,Docklands,Essendon,St Kilda,Essendon,Mark McVeigh,9,2,8,0,0,0,3
2009,20,2009-08-16,Docklands,Essendon,St Kilda,Essendon,Angus Monfries,14,7,6,4,1,0,4
2009,20,2009-08-16,Docklands,Essendon,St Kilda,Essendon,Jay Neagle,10,6,1,2,1,0,2
2009,20,2009-08-16,Docklands,Essendon,St Kilda,Essendon,Tayte Pears,7,2,9,0,0,0,4
2009,20,2009-08-16,Docklands,Essendon,St Kilda,Essendon,Brent Prismall,14,7,10,2,1,0,4
2009,20,2009-08-16,Docklands,Essendon,St Kilda,Essendon,Michael Quinn,5,4,5,0,0,0,2
2009,20,2009-08-16,Docklands,Essendon,St Kilda,Essendon,Paddy Ryder,6,2,6,2,0,19,1
2009,20,2009-08-16,Docklands,Essendon,St Kilda,Essendon,Henry Slattery,9,5,5,0,0,0,3
2009,20,2009-08-16,Docklands,Essendon,St Kilda,Essendon,Brent Stanton,12,6,14,0,1,0,4
2009,20,2009-08-16,Docklands,Essendon,St Kilda,Essendon,Jobe Watson,18,5,19,1,0,0,8
2009,20,2009-08-16,Docklands,Essendon,St Kilda,Essendon,Andrew Welsh,4,3,13,0,0,0,4
2009,20,2009-08-16,Docklands,Essendon,St Kilda,St Kilda,David Armitage,4,2,3,2,0,0,3
2009,20,2009-08-16,Docklands,Essendon,St Kilda,St Kilda,Steven Baker,3,3,10,0,0,0,6
2009,20,2009-08-16,Docklands,Essendon,St Kilda,St Kilda,Luke Ball,5,1,5,0,0,0,3
2009,20,2009-08-16,Docklands,Essendon,St Kilda,St Kilda,Jason Blake,6,5,7,0,0,0,3
2009,20,2009-08-16,Docklands,Essendon,St Kilda,St Kilda,Raphael Clarke,3,0,6,0,0,0,4
2009,20,2009-08-16,Docklands,Essendon,St Kilda,St Kilda,Nick Dal Santo,15,4,12,1,0,0,7
2009,20,2009-08-16,Docklands,Essendon,St Kilda,St Kilda,Zac Dawson,2,2,1,0,0,0,2
2009,20,2009-08-16,Docklands,Essendon,St Kilda,St Kilda,Sean Dempster,5,5,3,0,1,0,5
2009,20,2009-08-16,Docklands,Essendon,St Kilda,St Kilda,Sam Fisher,7,3,7,2,0,0,1
2009,20,2009-08-16,Docklands,Essendon,St Kilda,St Kilda,Michael Gardiner,4,7,4,0,1,22,2
2009,20,2009-08-16,Docklands,Essendon,St Kilda,St Kilda,Sam Gilbert,8,6,5,0,0,0,0
2009,20,2009-08-16,Docklands,Essendon,St Kilda,St Kilda,Brendon Goddard,12,2,6,0,0,0,3
2009,20,2009-08-16,Docklands,Essendon,St Kilda,St Kilda,Jason Gram,14,5,11,0,2,0,4
2009,20,2009-08-16,Docklands,Essendon,St Kilda,St Kilda,Lenny Hayes,12,6,9,0,0,1,10
2009,20,2009-08-16,Docklands,Essendon,St Kilda,St Kilda,Max Hudghton,2,2,4,0,0,0,4
2009,20,2009-08-16,Docklands,Essendon,St Kilda,St Kilda,Steven King,4,1,2,0,0,21,2
2009,20,2009-08-16,Docklands,Essendon,St Kilda,St Kilda,Justin Koschitzke,9,9,2,3,2,0,1
2009,20,2009-08-16,Docklands,Essendon,St Kilda,St Kilda,Stephen Milne,9,2,3,3,2,0,2
2009,20,2009-08-16,Docklands,Essendon,St Kilda,St Kilda,Leigh Montagna,15,3,10,0,0,0,9
2009,20,2009-08-16,Docklands,Essendon,St Kilda,St Kilda,Farren Ray,9,3,11,0,0,0,1
2009,20,2009-08-16,Docklands,Essendon,St Kilda,St Kilda,Nick Riewoldt,15,11,1,2,3,0,2
2009,20,2009-08-16,Docklands,Essendon,St Kilda,St Kilda,Adam Schneider,6,4,5,3,0,0,6
2009,21,2009-08-21,Docklands,Western Bulldogs,Geelong,Western Bulldogs,Dylan Addison,2,0,5,0,0,0,0
2009,21,2009-08-21,Docklands,Western Bulldogs,Geelong,Western Bulldogs,Jason Akermanis,11,7,8,1,1,0,6
2009,21,2009-08-21,Docklands,Western Bulldogs,Geelong,Western Bulldogs,Matthew Boyd,17,7,8,2,1,0,5
2009,21,2009-08-21,Docklands,Western Bulldogs,Geelong,Western Bulldogs,Adam Cooney,15,3,14,2,0,0,1
2009,21,2009-08-21,Docklands,Western Bulldogs,Geelong,Western Bulldogs,Nathan Eagleton,17,8,6,0,0,0,0
2009,21,2009-08-21,Docklands,Western Bulldogs,Geelong,Western Bulldogs,Daniel Giansiracusa,10,9,10,0,1,0,4
2009,21,2009-08-21,Docklands,Western Bulldogs,Geelong,Western Bulldogs,Lindsay Gilbee,11,4,2,1,0,0,4
2009,21,2009-08-21,Docklands,Western Bulldogs,Geelong,Western Bulldogs,Mitch Hahn,7,3,7,1,0,0,6
2009,21,2009-08-21,Docklands,Western Bulldogs,Geelong,Western Bulldogs,Jarrod Harbrow,18,7,7,0,0,0,2
2009,21,2009-08-21,Docklands,Western Bulldogs,Geelong,Western Bulldogs,Ryan Hargrave,12,7,10,0,0,0,2
2009,21,2009-08-21,Docklands,Western Bulldogs,Geelong,Western Bulldogs,Shaun Higgins,9,5,5,1,2,0,3
2009,21,2009-08-21,Docklands,Western Bulldogs,Geelong,Western Bulldogs,Josh Hill,14,7,6,3,1,0,3
2009,21,2009-08-21,Docklands,Western Bulldogs,Geelong,Western Bulldogs,Ben Hudson,3,4,10,0,0,11,4
2009,21,2009-08-21,Docklands,Western Bulldogs,Geelong,Western Bulldogs,Brad Johnson,17,10,5,2,2,0,4
2009,21,2009-08-21,Docklands,Western Bulldogs,Geelong,Western Bulldogs,Brian Lake,15,6,9,0,0,0,1
2009,21,2009-08-21,Docklands,Western Bulldogs,Geelong,Western Bulldogs,Will Minson,1,0,5,0,0,21,2
2009,21,2009-08-21,Docklands,Western Bulldogs,Geelong,Western Bulldogs,Dale Morris,2,3,7,0,0,0,0
2009,21,2009-08-21,Docklands,Western Bulldogs,Geelong,Western Bulldogs,Robert Murphy,13,7,4,1,2,0,1
2009,21,2009-08-21,Docklands,Western Bulldogs,Geelong,Western Bulldogs,Liam Picken,6,2,5,0,1,0,2
2009,21,2009-08-21,Docklands,Western Bulldogs,Geelong,Western Bulldogs,Sam Reid,4,4,9,0,0,0,7
2009,21,2009-08-21,Docklands,Western Bulldogs,Geelong,Western Bulldogs,Callan Ward,6,2,13,1,1,1,10
2009,21,2009-08-21,Docklands,Western Bulldogs,Geelong,Western Bulldogs,Scott Welsh,5,3,3,1,1,0,1
2009,21,2009-08-21,Docklands,Western Bulldogs,Geelong,Geelong,Gary Ablett,17,5,23,0,0,0,3
2009,21,2009-08-21,Docklands,Western Bulldogs,Geelong,Geelong,Jimmy Bartel,14,2,17,0,0,2,5
2009,21,2009-08-21,Docklands,Western Bulldogs,Geelong,Geelong,Mark Blake,5,3,7,0,0,29,4
2009,21,2009-08-21,Docklands,Western Bulldogs,Geelong,Geelong,Shannon Byrnes,10,5,10,2,1,0,2
2009,21,2009-08-21,Docklands,Western Bulldogs,Geelong,Geelong,Paul Chapman,6,2,6,0,0,0,3
2009,21,2009-08-21,Docklands,Western Bulldogs,Geelong,Geelong,Joel Corey,12,6,27,0,0,0,4
2009,21,2009-08-21,Docklands,Western Bulldogs,Geelong,Geelong,Corey Enright,12,3,16,0,0,0,2
2009,21,2009-08-21,Docklands,Western Bulldogs,Geelong,Geelong,Ryan Gamble,2,3,7,1,1,0,2
2009,21,2009-08-21,Docklands,Western Bulldogs,Geelong,Geelong,Tom Gillies,5,2,8,0,0,0,3
2009,21,2009-08-21,Docklands,Western Bulldogs,Geelong,Geelong,Tom Hawkins,6,5,5,3,0,0,1
2009,21,2009-08-21,Docklands,Western Bulldogs,Geelong,Geelong,David Johnson,7,4,11,0,0,0,2
2009,21,2009-08-21,Docklands,Western Bulldogs,Geelong,Geelong,Cameron Ling,11,3,20,0,1,0,5
2009,21,2009-08-21,Docklands,Western Bulldogs,Geelong,Geelong,Andrew Mackie,10,8,10,0,0,0,4
2009,21,2009-08-21,Docklands,Western Bulldogs,Geelong,Geelong,Darren Milburn,14,8,10,0,0,0,2
2009,21,2009-08-21,Docklands,Western Bulldogs,Geelong,Geelong,Cameron Mooney,9,8,1,4,2,0,0
2009,21,2009-08-21,Docklands,Western Bulldogs,Geelong,Geelong,Shane Mumford,2,1,3,1,0,5,2
2009,21,2009-08-21,Docklands,Western Bulldogs,Geelong,Geelong,Max Rooke,9,9,3,0,1,0,3
2009,21,2009-08-21,Docklands,Western Bulldogs,Geelong,Geelong,Matthew Scarlett,13,2,8,0,0,0,1
2009,21,2009-08-21,Docklands,Western Bulldogs,Geelong,Geelong,Joel Selwood,13,9,20,1,1,0,7
2009,21,2009-08-21,Docklands,Western Bulldogs,Geelong,Geelong,Mathew Stokes,6,3,13,1,2,0,1
2009,21,2009-08-21,Docklands,Western Bulldogs,Geelong,Geelong,Harry Taylor,6,3,9,1,0,0,2
2009,21,2009-08-21,Docklands,Western Bulldogs,Geelong,Geelong,David Wojcinski,4,4,11,0,0,0,2
2009,21,2009-08-22,Docklands,Carlton,Melbourne,Carlton,Joe Anderson,3,1,12,0,0,0,2
2009,21,2009-08-22,Docklands,Carlton,Melbourne,Carlton,Eddie Betts,9,6,10,1,1,0,1
2009,21,2009-08-22,Docklands,Carlton,Melbourne,Carlton,Paul Bower,9,5,14,0,0,0,2
2009,21,2009-08-22,Docklands,Carlton,Melbourne,Carlton,Andrew Carrazzo,21,5,14,1,2,0,5
2009,21,2009-08-22,Docklands,Carlton,Melbourne,Carlton,Cameron Cloke,8,8,7,0,0,14,4
2009,21,2009-08-22,Docklands,Carlton,Melbourne,Carlton,Brendan Fevola,10,5,2,7,0,1,1
2009,21,2009-08-22,Docklands,Carlton,Melbourne,Carlton,Jeff Garlett,12,5,5,4,1,0,7
2009,21,2009-08-22,Docklands,Carlton,Melbourne,Carlton,Bryce Gibbs,9,8,25,1,0,0,4
2009,21,2009-08-22,Docklands,Carlton,Melbourne,Carlton,Richard Hadley,2,1,7,0,1,0,2
2009,21,2009-08-22,Docklands,Carlton,Melbourne,Carlton,Ryan Houlihan,11,4,15,2,0,0,1
2009,21,2009-08-22,Docklands,Carlton,Melbourne,Carlton,Aaron Joseph,9,3,10,0,0,0,6
2009,21,2009-08-22,Docklands,Carlton,Melbourne,Carlton,Chris Judd,17,1,16,0,0,0,2
2009,21,2009-08-22,Docklands,Carlton,Melbourne,Carlton,Matthew Kreuzer,7,3,12,1,0,16,4
2009,21,2009-08-22,Docklands,Carlton,Melbourne,Carlton,Marc Murphy,16,7,21,1,1,0,1
2009,21,2009-08-22,Docklands,Carlton,Melbourne,Carlton,Setanta OhAilpin,3,2,8,1,0,1,4
2009,21,2009-08-22,Docklands,Carlton,Melbourne,Carlton,Jordan Russell,11,5,13,0,0,0,4
2009,21,2009-08-22,Docklands,Carlton,Melbourne,Carlton,Heath Scotland,14,5,12,2,0,0,2
2009,21,2009-08-22,Docklands,Carlton,Melbourne,Carlton,Kade Simpson,16,6,8,3,1,0,3
2009,21,2009-08-22,Docklands,Carlton,Melbourne,Carlton,Nick Stevens,7,2,15,0,0,0,5
2009,21,2009-08-22,Docklands,Carlton,Melbourne,Carlton,Bret Thornton,5,5,8,0,0,0,1
2009,21,2009-08-22,Docklands,Carlton,Melbourne,Carlton,Andrew Walker,9,5,9,0,0,0,2
2009,21,2009-08-22,Docklands,Carlton,Melbourne,Carlton,Simon Wiggins,4,4,10,0,0,0,4
2009,21,2009-08-22,Docklands,Carlton,Melbourne,Melbourne,Matthew Bate,12,6,12,0,1,0,3
2009,21,2009-08-22,Docklands,Carlton,Melbourne,Melbourne,Kyle Cheney,7,1,7,0,0,0,0
2009,21,2009-08-22,Docklands,Carlton,Melbourne,Melbourne,Aaron Davey,21,1,9,0,0,0,4
2009,21,2009-08-22,Docklands,Carlton,Melbourne,Melbourne,James Frawley,4,6,9,0,0,0,1
2009,21,2009-08-22,Docklands,Carlton,Melbourne,Melbourne,Mark Jamar,6,3,1,5,0,7,0
2009,21,2009-08-22,Docklands,Carlton,Melbourne,Melbourne,Neville Jetta,15,6,9,2,0,0,1
2009,21,2009-08-22,Docklands,Carlton,Melbourne,Melbourne,Paul Johnson,7,3,6,1,0,5,2
2009,21,2009-08-22,Docklands,Carlton,Melbourne,Melbourne,Liam Jurrah,7,2,6,1,1,0,0
2009,21,2009-08-22,Docklands,Carlton,Melbourne,Melbourne,Stefan Martin,9,3,6,0,0,11,0
2009,21,2009-08-22,Docklands,Carlton,Melbourne,Melbourne,James McDonald,9,7,19,0,0,0,6
2009,21,2009-08-22,Docklands,Carlton,Melbourne,Melbourne,Jordie McKenzie,5,4,11,0,0,0,4
2009,21,2009-08-22,Docklands,Carlton,Melbourne,Melbourne,Brock McLean,7,5,9,0,0,0,0
2009,21,2009-08-22,Docklands,Carlton,Melbourne,Melbourne,Tom McNamara,10,5,6,0,0,0,3
2009,21,2009-08-22,Docklands,Carlton,Melbourne,Melbourne,Brent Moloney,9,6,14,1,0,0,0
2009,21,2009-08-22,Docklands,Carlton,Melbourne,Melbourne,Cale Morton,9,5,15,0,0,0,2
2009,21,2009-08-22,Docklands,Carlton,Melbourne,Melbourne,Ricky Petterd,0,0,0,0,0,0,0
2009,21,2009-08-22,Docklands,Carlton,Melbourne,Melbourne,Jared Rivers,5,1,6,0,0,0,3
2009,21,2009-08-22,Docklands,Carlton,Melbourne,Melbourne,Russell Robertson,13,9,1,5,2,0,0
2009,21,2009-08-22,Docklands,Carlton,Melbourne,Melbourne,Jake Spencer,4,5,5,0,1,16,1
2009,21,2009-08-22,Docklands,Carlton,Melbourne,Melbourne,Colin Sylvia,20,7,14,0,0,1,2
2009,21,2009-08-22,Docklands,Carlton,Melbourne,Melbourne,Shane Valenti,9,5,10,0,0,0,2
2009,21,2009-08-22,Docklands,Carlton,Melbourne,Melbourne,Matthew Whelan,1,0,3,0,0,0,1
2009,21,2009-08-22,Football Park,Adelaide,West Coast,Adelaide,Michael Doughty,15,6,22,0,0,0,4
2009,21,2009-08-22,Football Park,Adelaide,West Coast,Adelaide,Richard Douglas,8,3,7,2,0,0,5
2009,21,2009-08-22,Football Park,Adelaide,West Coast,Adelaide,Tyson Edwards,13,4,20,0,0,0,3
2009,21,2009-08-22,Football Park,Adelaide,West Coast,Adelaide,Simon Goodwin,15,8,22,0,0,0,2
2009,21,2009-08-22,Football Park,Adelaide,West Coast,Adelaide,Trent Hentschel,6,3,4,2,1,0,1
2009,21,2009-08-22,Football Park,Adelaide,West Coast,Adelaide,Graham Johncock,12,8,15,0,0,0,0
2009,21,2009-08-22,Football Park,Adelaide,West Coast,Adelaide,Chris Knights,12,5,13,2,3,0,3
2009,21,2009-08-22,Football Park,Adelaide,West Coast,Adelaide,David Mackay,5,3,14,0,0,0,2
2009,21,2009-08-22,Football Park,Adelaide,West Coast,Adelaide,Ivan Maric,5,4,5,2,0,15,6
2009,21,2009-08-22,Football Park,Adelaide,West Coast,Adelaide,Andrew McLeod,12,3,14,0,1,0,5
2009,21,2009-08-22,Football Park,Adelaide,West Coast,Adelaide,Andy Otten,6,6,24,0,1,0,0
2009,21,2009-08-22,Football Park,Adelaide,West Coast,Adelaide,Jason Porplyzia,9,2,4,6,1,0,4
2009,21,2009-08-22,Football Park,Adelaide,West Coast,Adelaide,Brent Reilly,10,4,13,0,1,0,5
2009,21,2009-08-22,Football Park,Adelaide,West Coast,Adelaide,Ben Rutten,9,6,9,1,0,0,3
2009,21,2009-08-22,Football Park,Adelaide,West Coast,Adelaide,James Sellar,2,2,9,0,0,3,2
2009,21,2009-08-22,Football Park,Adelaide,West Coast,Adelaide,Robert Shirley,1,0,9,0,0,2,3
2009,21,2009-08-22,Football Park,Adelaide,West Coast,Adelaide,Scott Stevens,11,8,11,0,0,0,1
2009,21,2009-08-22,Football Park,Adelaide,West Coast,Adelaide,Brad Symes,7,4,20,0,0,1,7
2009,21,2009-08-22,Football Park,Adelaide,West Coast,Adelaide,Scott Thompson,13,9,13,2,1,0,5
2009,21,2009-08-22,Football Park,Adelaide,West Coast,Adelaide,Kurt Tippett,5,1,4,1,1,8,1
2009,21,2009-08-22,Football Park,Adelaide,West Coast,Adelaide,Nathan van Berlo,5,2,26,0,1,0,5
2009,21,2009-08-22,Football Park,Adelaide,West Coast,Adelaide,Bernie Vince,15,4,19,0,0,0,6
2009,21,2009-08-22,Football Park,Adelaide,West Coast,West Coast,Sam Butler,11,6,8,0,0,0,1
2009,21,2009-08-22,Football Park,Adelaide,West Coast,West Coast,Ryan Davis,6,1,5,0,0,0,1
2009,21,2009-08-22,Football Park,Adelaide,West Coast,West Coast,Brad Ebert,11,10,13,0,0,0,5
2009,21,2009-08-22,Football Park,Adelaide,West Coast,West Coast,Andrew Embley,10,5,7,1,0,0,1
2009,21,2009-08-22,Football Park,Adelaide,West Coast,West Coast,Darren Glass,2,5,10,0,0,1,1
2009,21,2009-08-22,Football Park,Adelaide,West Coast,West Coast,Tim Houlihan,7,4,17,0,1,0,2
2009,21,2009-08-22,Football Park,Adelaide,West Coast,West Coast,Shannon Hurn,11,4,6,0,0,0,3
2009,21,2009-08-22,Football Park,Adelaide,West Coast,West Coast,Josh Kennedy,11,11,3,2,0,0,1
2009,21,2009-08-22,Football Park,Adelaide,West Coast,West Coast,Mark LeCras,7,2,7,2,1,0,4
2009,21,2009-08-22,Football Park,Adelaide,West Coast,West Coast,Quinten Lynch,17,8,8,1,2,6,1
2009,21,2009-08-22,Football Park,Adelaide,West Coast,West Coast,Ben McKinley,8,4,4,0,1,0,2
2009,21,2009-08-22,Football Park,Adelaide,West Coast,West Coast,Nic Naitanui,2,1,6,0,0,24,3
2009,21,2009-08-22,Football Park,Adelaide,West Coast,West Coast,Matt Priddis,7,4,12,0,0,0,5
2009,21,2009-08-22,Football Park,Adelaide,West Coast,West Coast,Matt Rosa,14,8,7,0,0,0,1
2009,21,2009-08-22,Football Park,Adelaide,West Coast,West Coast,Adam Selwood,12,4,17,0,0,0,4
2009,21,2009-08-22,Football Park,Adelaide,West Coast,West Coast,Scott Selwood,10,5,6,0,0,0,3
2009,21,2009-08-22,Football Park,Adelaide,West Coast,West Coast,Matthew Spangher,5,3,4,0,0,0,0
2009,21,2009-08-22,Football Park,Adelaide,West Coast,West Coast,Brent Staker,9,5,3,0,0,0,1
2009,21,2009-08-22,Football Park,Adelaide,West Coast,West Coast,Tom Swift,14,8,7,1,0,0,6
2009,21,2009-08-22,Football Park,Adelaide,West Coast,West Coast,Beau Maister,7,6,7,0,0,5,0
2009,21,2009-08-22,Football Park,Adelaide,West Coast,West Coast,Callum Wilson,6,8,3,0,1,0,0
2009,21,2009-08-22,Football Park,Adelaide,West Coast,West Coast,David Wirrpanda,10,5,1,0,0,0,1
2009,21,2009-08-22,M.C.G.,Richmond,Hawthorn,Richmond,Nathan Brown,14,3,11,1,0,0,3
2009,21,2009-08-22,M.C.G.,Richmond,Hawthorn,Richmond,Ben Cousins,9,4,8,1,0,0,7
2009,21,2009-08-22,M.C.G.,Richmond,Hawthorn,Richmond,Brett Deledio,13,5,23,2,1,0,7
2009,21,2009-08-22,M.C.G.,Richmond,Hawthorn,Richmond,Shane Edwards,5,2,8,0,0,0,0
2009,21,2009-08-22,M.C.G.,Richmond,Hawthorn,Richmond,Angus Graham,3,3,8,0,1,16,5
2009,21,2009-08-22,M.C.G.,Richmond,Hawthorn,Richmond,Daniel Jackson,16,6,8,1,0,5,8
2009,21,2009-08-22,M.C.G.,Richmond,Hawthorn,Richmond,Luke McGuane,7,5,6,0,0,0,1
2009,21,2009-08-22,M.C.G.,Richmond,Hawthorn,Richmond,Jordan McMahon,8,3,3,0,0,0,3
2009,21,2009-08-22,M.C.G.,Richmond,Hawthorn,Richmond,Kelvin Moore,6,4,3,0,0,0,2
2009,21,2009-08-22,M.C.G.,Richmond,Hawthorn,Richmond,Mitch Morton,9,7,7,3,0,0,3
2009,21,2009-08-22,M.C.G.,Richmond,Hawthorn,Richmond,Robin Nahas,10,4,3,0,3,0,8
2009,21,2009-08-22,M.C.G.,Richmond,Hawthorn,Richmond,Chris Newman,9,1,2,0,1,0,2
2009,21,2009-08-22,M.C.G.,Richmond,Hawthorn,Richmond,Graham Polak,1,1,5,0,0,0,2
2009,21,2009-08-22,M.C.G.,Richmond,Hawthorn,Richmond,Dean Polo,13,7,5,0,0,0,5
2009,21,2009-08-22,M.C.G.,Richmond,Hawthorn,Richmond,Alex Rance,10,4,7,0,1,3,4
2009,21,2009-08-22,M.C.G.,Richmond,Hawthorn,Richmond,Jack Riewoldt,8,5,2,3,2,0,1
2009,21,2009-08-22,M.C.G.,Richmond,Hawthorn,Richmond,Troy Simmonds,9,5,10,0,0,22,6
2009,21,2009-08-22,M.C.G.,Richmond,Hawthorn,Richmond,Richard Tambling,15,6,7,1,0,1,6
2009,21,2009-08-22,M.C.G.,Richmond,Hawthorn,Richmond,Adam Thomson,3,0,10,0,0,1,7
2009,21,2009-08-22,M.C.G.,Richmond,Hawthorn,Richmond,Will Thursfield,1,0,0,0,0,0,0
2009,21,2009-08-22,M.C.G.,Richmond,Hawthorn,Richmond,Shane Tuck,11,10,11,2,0,0,2
2009,21,2009-08-22,M.C.G.,Richmond,Hawthorn,Richmond,Matt White,11,4,6,0,0,0,5
2009,21,2009-08-22,M.C.G.,Richmond,Hawthorn,Hawthorn,Max Bailey,3,1,6,0,0,23,6
2009,21,2009-08-22,M.C.G.,Richmond,Hawthorn,Hawthorn,Chance Bateman,12,4,17,0,0,0,2
2009,21,2009-08-22,M.C.G.,Richmond,Hawthorn,Hawthorn,Grant Birchall,12,6,13,0,0,0,1
2009,21,2009-08-22,M.C.G.,Richmond,Hawthorn,Hawthorn,Campbell Brown,5,2,4,0,0,0,5
2009,21,2009-08-22,M.C.G.,Richmond,Hawthorn,Hawthorn,Beau Dowler,7,4,7,4,1,0,6
2009,21,2009-08-22,M.C.G.,Richmond,Hawthorn,Hawthorn,Lance Franklin,15,8,6,5,6,0,5
2009,21,2009-08-22,M.C.G.,Richmond,Hawthorn,Hawthorn,Stephen Gilham,5,0,10,0,0,1,2
2009,21,2009-08-22,M.C.G.,Richmond,Hawthorn,Hawthorn,Luke Hodge,19,4,11,1,1,1,3
2009,21,2009-08-22,M.C.G.,Richmond,Hawthorn,Hawthorn,Josh Kennedy,5,3,17,2,1,0,4
2009,21,2009-08-22,M.C.G.,Richmond,Hawthorn,Hawthorn,Jordan Lewis,7,2,13,1,0,0,1
2009,21,2009-08-22,M.C.G.,Richmond,Hawthorn,Hawthorn,Ben McGlynn,13,6,4,2,1,0,4
2009,21,2009-08-22,M.C.G.,Richmond,Hawthorn,Hawthorn,Riley Milne,5,3,5,0,0,0,0
2009,21,2009-08-22,M.C.G.,Richmond,Hawthorn,Hawthorn,Sam Mitchell,17,3,18,0,0,1,4
2009,21,2009-08-22,M.C.G.,Richmond,Hawthorn,Hawthorn,Beau Muston,13,8,8,0,0,0,3
2009,21,2009-08-22,M.C.G.,Richmond,Hawthorn,Hawthorn,Michael Osborne,10,4,8,3,0,0,1
2009,21,2009-08-22,M.C.G.,Richmond,Hawthorn,Hawthorn,Brent Renouf,0,0,5,0,0,20,2
2009,21,2009-08-22,M.C.G.,Richmond,Hawthorn,Hawthorn,Cyril Rioli,6,2,8,2,0,0,5
2009,21,2009-08-22,M.C.G.,Richmond,Hawthorn,Hawthorn,Shane Savage,8,4,11,0,1,0,4
2009,21,2009-08-22,M.C.G.,Richmond,Hawthorn,Hawthorn,Ryan Schoenmakers,6,1,4,0,0,0,4
2009,21,2009-08-22,M.C.G.,Richmond,Hawthorn,Hawthorn,Brad Sewell,5,2,21,0,0,0,12
2009,21,2009-08-22,M.C.G.,Richmond,Hawthorn,Hawthorn,Liam Shiels,6,1,14,0,0,0,3
2009,21,2009-08-22,M.C.G.,Richmond,Hawthorn,Hawthorn,Travis Tuck,8,4,13,0,0,0,0
2009,21,2009-08-22,Gabba,Brisbane Lions,Port Adelaide,Brisbane Lions,Matt Austin,8,4,3,0,0,0,1
2009,21,2009-08-22,Gabba,Brisbane Lions,Port Adelaide,Brisbane Lions,Simon Black,8,0,10,0,0,0,2
2009,21,2009-08-22,Gabba,Brisbane Lions,Port Adelaide,Brisbane Lions,Daniel Bradshaw,10,7,1,5,1,0,1
2009,21,2009-08-22,Gabba,Brisbane Lions,Port Adelaide,Brisbane Lions,Jared Brennan,11,7,6,0,0,8,1
2009,21,2009-08-22,Gabba,Brisbane Lions,Port Adelaide,Brisbane Lions,Jonathan Brown,6,4,2,4,1,1,3
2009,21,2009-08-22,Gabba,Brisbane Lions,Port Adelaide,Brisbane Lions,Mitch Clark,16,12,5,0,1,24,3
2009,21,2009-08-22,Gabba,Brisbane Lions,Port Adelaide,Brisbane Lions,Josh Drummond,9,2,4,0,0,0,3
2009,21,2009-08-22,Gabba,Brisbane Lions,Port Adelaide,Brisbane Lions,Scott Harding,7,4,12,0,0,0,0
2009,21,2009-08-22,Gabba,Brisbane Lions,Port Adelaide,Brisbane Lions,James Hawksley,5,4,10,0,0,0,0
2009,21,2009-08-22,Gabba,Brisbane Lions,Port Adelaide,Brisbane Lions,Travis Johnstone,16,5,4,0,2,0,1
2009,21,2009-08-22,Gabba,Brisbane Lions,Port Adelaide,Brisbane Lions,Joel Macdonald,3,3,8,0,0,0,4
2009,21,2009-08-22,Gabba,Brisbane Lions,Port Adelaide,Brisbane Lions,Ashley McGrath,13,8,7,1,1,0,7
2009,21,2009-08-22,Gabba,Brisbane Lions,Port Adelaide,Brisbane Lions,Daniel Merrett,1,1,2,0,0,1,0
2009,21,2009-08-22,Gabba,Brisbane Lions,Port Adelaide,Brisbane Lions,Joel Patfull,10,3,2,0,0,0,2
2009,21,2009-08-22,Gabba,Brisbane Lions,Port Adelaide,Brisbane Lions,James Polkinghorne,4,4,3,0,0,0,3
2009,21,2009-08-22,Gabba,Brisbane Lions,Port Adelaide,Brisbane Lions,Luke Power,16,7,15,0,0,0,6
2009,21,2009-08-22,Gabba,Brisbane Lions,Port Adelaide,Brisbane Lions,Jack Redden,18,10,6,1,0,0,3
2009,21,2009-08-22,Gabba,Brisbane Lions,Port Adelaide,Brisbane Lions,Daniel Rich,12,6,5,1,1,0,3
2009,21,2009-08-22,Gabba,Brisbane Lions,Port Adelaide,Brisbane Lions,Michael Rischitelli,7,3,7,3,0,0,5
2009,21,2009-08-22,Gabba,Brisbane Lions,Port Adelaide,Brisbane Lions,Sam Sheldon,9,1,7,0,0,0,4
2009,21,2009-08-22,Gabba,Brisbane Lions,Port Adelaide,Brisbane Lions,Justin Sherman,12,4,10,1,1,0,4
2009,21,2009-08-22,Gabba,Brisbane Lions,Port Adelaide,Brisbane Lions,Cheynee Stiller,7,5,5,0,0,0,2
2009,21,2009-08-22,Gabba,Brisbane Lions,Port Adelaide,Port Adelaide,Travis Boak,13,8,19,0,0,0,1
2009,21,2009-08-22,Gabba,Brisbane Lions,Port Adelaide,Port Adelaide,Dean Brogan,11,6,12,1,0,20,3
2009,21,2009-08-22,Gabba,Brisbane Lions,Port Adelaide,Port Adelaide,Shaun Burgoyne,13,4,5,1,1,0,1
2009,21,2009-08-22,Gabba,Brisbane Lions,Port Adelaide,Port Adelaide,Alipate Carlile,10,5,6,1,0,0,1
2009,21,2009-08-22,Gabba,Brisbane Lions,Port Adelaide,Port Adelaide,Domenic Cassisi,7,3,14,0,0,0,9
2009,21,2009-08-22,Gabba,Brisbane Lions,Port Adelaide,Port Adelaide,Troy Chaplin,10,10,8,0,0,0,0
2009,21,2009-08-22,Gabba,Brisbane Lions,Port Adelaide,Port Adelaide,Chad Cornes,14,8,6,0,0,0,1
2009,21,2009-08-22,Gabba,Brisbane Lions,Port Adelaide,Port Adelaide,Kane Cornes,12,3,9,0,0,0,4
2009,21,2009-08-22,Gabba,Brisbane Lions,Port Adelaide,Port Adelaide,Brett Ebert,7,4,4,0,1,0,1
2009,21,2009-08-22,Gabba,Brisbane Lions,Port Adelaide,Port Adelaide,Hamish Hartlett,7,3,6,0,0,0,2
2009,21,2009-08-22,Gabba,Brisbane Lions,Port Adelaide,Port Adelaide,Nathan Krakouer,19,8,7,0,0,0,2
2009,21,2009-08-22,Gabba,Brisbane Lions,Port Adelaide,Port Adelaide,Brendon Lade,9,5,4,1,2,17,2
2009,21,2009-08-22,Gabba,Brisbane Lions,Port Adelaide,Port Adelaide,Tom Logan,6,5,7,0,0,0,5
2009,21,2009-08-22,Gabba,Brisbane Lions,Port Adelaide,Port Adelaide,Daniel Motlop,9,4,3,2,0,0,2
2009,21,2009-08-22,Gabba,Brisbane Lions,Port Adelaide,Port Adelaide,Danyle Pearce,18,5,5,0,0,0,3
2009,21,2009-08-22,Gabba,Brisbane Lions,Port Adelaide,Port Adelaide,David Rodan,6,0,8,0,0,0,4
2009,21,2009-08-22,Gabba,Brisbane Lions,Port Adelaide,Port Adelaide,Nick Salter,12,7,0,3,3,0,2
2009,21,2009-08-22,Gabba,Brisbane Lions,Port Adelaide,Port Adelaide,Paul Stewart,6,3,8,0,0,0,0
2009,21,2009-08-22,Gabba,Brisbane Lions,Port Adelaide,Port Adelaide,Jacob Surjan,9,3,12,0,0,0,1
2009,21,2009-08-22,Gabba,Brisbane Lions,Port Adelaide,Port Adelaide,Matt Thomas,4,4,9,1,0,0,4
2009,21,2009-08-22,Gabba,Brisbane Lions,Port Adelaide,Port Adelaide,Toby Thurstans,8,6,7,0,0,1,3
2009,21,2009-08-22,Gabba,Brisbane Lions,Port Adelaide,Port Adelaide,Warren Tredrea,7,5,5,4,0,0,3
2009,21,2009-08-23,Docklands,St Kilda,North Melbourne,St Kilda,David Armitage,9,2,9,0,0,0,13
2009,21,2009-08-23,Docklands,St Kilda,North Melbourne,St Kilda,Steven Baker,3,2,5,0,0,0,3
2009,21,2009-08-23,Docklands,St Kilda,North Melbourne,St Kilda,Jason Blake,9,6,7,0,0,3,0
2009,21,2009-08-23,Docklands,St Kilda,North Melbourne,St Kilda,Raphael Clarke,5,3,10,0,0,0,3
2009,21,2009-08-23,Docklands,St Kilda,North Melbourne,St Kilda,Nick Dal Santo,3,1,6,0,0,1,8
2009,21,2009-08-23,Docklands,St Kilda,North Melbourne,St Kilda,Zac Dawson,2,4,6,0,0,0,0
2009,21,2009-08-23,Docklands,St Kilda,North Melbourne,St Kilda,Sean Dempster,9,8,9,0,0,0,3
2009,21,2009-08-23,Docklands,St Kilda,North Melbourne,St Kilda,Sam Fisher,17,5,14,0,0,0,4
2009,21,2009-08-23,Docklands,St Kilda,North Melbourne,St Kilda,Michael Gardiner,7,4,5,0,0,24,0
2009,21,2009-08-23,Docklands,St Kilda,North Melbourne,St Kilda,Sam Gilbert,12,9,8,0,0,0,3
2009,21,2009-08-23,Docklands,St Kilda,North Melbourne,St Kilda,Brendon Goddard,19,7,11,0,0,2,4
2009,21,2009-08-23,Docklands,St Kilda,North Melbourne,St Kilda,Jason Gram,19,4,11,0,2,0,4
2009,21,2009-08-23,Docklands,St Kilda,North Melbourne,St Kilda,James Gwilt,5,2,8,0,0,0,0
2009,21,2009-08-23,Docklands,St Kilda,North Melbourne,St Kilda,Clinton Jones,6,3,11,0,0,0,2
2009,21,2009-08-23,Docklands,St Kilda,North Melbourne,St Kilda,Steven King,4,1,2,0,0,23,5
2009,21,2009-08-23,Docklands,St Kilda,North Melbourne,St Kilda,Justin Koschitzke,8,7,5,3,1,4,1
2009,21,2009-08-23,Docklands,St Kilda,North Melbourne,St Kilda,Andrew McQualter,7,5,10,1,0,0,4
2009,21,2009-08-23,Docklands,St Kilda,North Melbourne,St Kilda,Stephen Milne,5,4,3,0,1,0,3
2009,21,2009-08-23,Docklands,St Kilda,North Melbourne,St Kilda,Leigh Montagna,16,2,11,0,0,0,7
2009,21,2009-08-23,Docklands,St Kilda,North Melbourne,St Kilda,Farren Ray,13,5,11,1,0,0,2
2009,21,2009-08-23,Docklands,St Kilda,North Melbourne,St Kilda,Nick Riewoldt,13,11,6,3,3,3,2
2009,21,2009-08-23,Docklands,St Kilda,North Melbourne,St Kilda,Adam Schneider,6,3,7,0,2,0,5
2009,21,2009-08-23,Docklands,St Kilda,North Melbourne,North Melbourne,Leigh Adams,11,6,8,1,0,1,3
2009,21,2009-08-23,Docklands,St Kilda,North Melbourne,North Melbourne,Liam Anthony,17,7,14,0,0,0,6
2009,21,2009-08-23,Docklands,St Kilda,North Melbourne,North Melbourne,Matt Campbell,6,0,5,1,1,0,2
2009,21,2009-08-23,Docklands,St Kilda,North Melbourne,North Melbourne,Aaron Edwards,10,5,2,2,1,0,1
2009,21,2009-08-23,Docklands,St Kilda,North Melbourne,North Melbourne,Michael Firrito,6,0,7,0,0,0,6
2009,21,2009-08-23,Docklands,St Kilda,North Melbourne,North Melbourne,Cruize Garlett,10,2,10,0,0,0,8
2009,21,2009-08-23,Docklands,St Kilda,North Melbourne,North Melbourne,Josh Gibson,7,3,4,0,0,0,3
2009,21,2009-08-23,Docklands,St Kilda,North Melbourne,North Melbourne,Todd Goldstein,2,0,3,1,0,16,1
2009,21,2009-08-23,Docklands,St Kilda,North Melbourne,North Melbourne,Levi Greenwood,6,2,5,0,0,0,6
2009,21,2009-08-23,Docklands,St Kilda,North Melbourne,North Melbourne,Nathan Grima,14,6,7,0,0,0,2
2009,21,2009-08-23,Docklands,St Kilda,North Melbourne,North Melbourne,Lachlan Hansen,8,5,5,0,0,0,1
2009,21,2009-08-23,Docklands,St Kilda,North Melbourne,North Melbourne,Brent Harvey,6,2,10,0,0,0,7
2009,21,2009-08-23,Docklands,St Kilda,North Melbourne,North Melbourne,Ed Lower,3,0,7,0,0,1,4
2009,21,2009-08-23,Docklands,St Kilda,North Melbourne,North Melbourne,Hamish McIntosh,4,3,10,0,0,19,2
2009,21,2009-08-23,Docklands,St Kilda,North Melbourne,North Melbourne,Scott McMahon,9,5,3,0,0,0,4
2009,21,2009-08-23,Docklands,St Kilda,North Melbourne,North Melbourne,Alan Obst,5,4,3,0,0,0,6
2009,21,2009-08-23,Docklands,St Kilda,North Melbourne,North Melbourne,Drew Petrie,11,8,3,4,0,0,3
2009,21,2009-08-23,Docklands,St Kilda,North Melbourne,North Melbourne,Brady Rawlings,14,7,18,0,0,0,3
2009,21,2009-08-23,Docklands,St Kilda,North Melbourne,North Melbourne,Josh Smith,7,5,7,0,1,0,4
2009,21,2009-08-23,Docklands,St Kilda,North Melbourne,North Melbourne,Andrew Swallow,21,8,12,1,0,0,8
2009,21,2009-08-23,Docklands,St Kilda,North Melbourne,North Melbourne,Scott Thompson,9,7,9,0,0,0,6
2009,21,2009-08-23,Docklands,St Kilda,North Melbourne,North Melbourne,Shannon Watt,8,1,3,0,0,0,0
2009,21,2009-08-23,M.C.G.,Collingwood,Sydney,Collingwood,John Anthony,11,6,4,4,2,0,4
2009,21,2009-08-23,M.C.G.,Collingwood,Sydney,Collingwood,Dayne Beams,10,5,14,0,2,0,4
2009,21,2009-08-23,M.C.G.,Collingwood,Sydney,Collingwood,Leigh Brown,5,5,7,0,1,0,1
2009,21,2009-08-23,M.C.G.,Collingwood,Sydney,Collingwood,Travis Cloke,11,4,3,1,2,1,4
2009,21,2009-08-23,M.C.G.,Collingwood,Sydney,Collingwood,Leon Davis,14,3,5,0,1,0,8
2009,21,2009-08-23,M.C.G.,Collingwood,Sydney,Collingwood,Brad Dick,7,1,3,2,1,0,4
2009,21,2009-08-23,M.C.G.,Collingwood,Sydney,Collingwood,Alan Didak,15,2,4,0,1,0,1
2009,21,2009-08-23,M.C.G.,Collingwood,Sydney,Collingwood,Josh Fraser,11,2,6,2,0,7,2
2009,21,2009-08-23,M.C.G.,Collingwood,Sydney,Collingwood,Ben Johnson,10,0,5,0,0,0,1
2009,21,2009-08-23,M.C.G.,Collingwood,Sydney,Collingwood,Tarkyn Lockyer,7,5,6,1,1,0,3
2009,21,2009-08-23,M.C.G.,Collingwood,Sydney,Collingwood,Heritier Lumumba,9,3,3,0,0,0,1
2009,21,2009-08-23,M.C.G.,Collingwood,Sydney,Collingwood,Nick Maxwell,5,5,10,0,0,0,4
2009,21,2009-08-23,M.C.G.,Collingwood,Sydney,Collingwood,Paul Medhurst,14,8,4,1,2,0,1
2009,21,2009-08-23,M.C.G.,Collingwood,Sydney,Collingwood,Shane OBree,12,2,5,0,2,0,4
2009,21,2009-08-23,M.C.G.,Collingwood,Sydney,Collingwood,Scott Pendlebury,7,4,6,0,0,0,8
2009,21,2009-08-23,M.C.G.,Collingwood,Sydney,Collingwood,Simon Prestigiacomo,2,1,2,0,0,0,0
2009,21,2009-08-23,M.C.G.,Collingwood,Sydney,Collingwood,Heath Shaw,8,2,7,0,0,0,2
2009,21,2009-08-23,M.C.G.,Collingwood,Sydney,Collingwood,Dane Swan,17,5,5,1,0,0,2
2009,21,2009-08-23,M.C.G.,Collingwood,Sydney,Collingwood,Dale Thomas,9,5,7,0,1,0,5
2009,21,2009-08-23,M.C.G.,Collingwood,Sydney,Collingwood,Alan Toovey,3,0,9,0,0,1,4
2009,21,2009-08-23,M.C.G.,Collingwood,Sydney,Collingwood,Sharrod Wellingham,4,3,8,0,0,0,4
2009,21,2009-08-23,M.C.G.,Collingwood,Sydney,Collingwood,Cameron Wood,10,4,3,1,0,17,1
2009,21,2009-08-23,M.C.G.,Collingwood,Sydney,Sydney,Ed Barlow,7,6,4,1,1,0,1
2009,21,2009-08-23,M.C.G.,Collingwood,Sydney,Sydney,Leo Barry,5,5,10,0,0,0,3
2009,21,2009-08-23,M.C.G.,Collingwood,Sydney,Sydney,Paul Bevan,13,7,2,1,0,0,1
2009,21,2009-08-23,M.C.G.,Collingwood,Sydney,Sydney,Craig Bolton,11,5,10,0,0,0,1
2009,21,2009-08-23,M.C.G.,Collingwood,Sydney,Sydney,Jude Bolton,8,1,6,0,1,1,7
2009,21,2009-08-23,M.C.G.,Collingwood,Sydney,Sydney,Jared Crouch,8,3,4,0,0,0,2
2009,21,2009-08-23,M.C.G.,Collingwood,Sydney,Sydney,Adam Goodes,17,11,7,3,1,0,2
2009,21,2009-08-23,M.C.G.,Collingwood,Sydney,Sydney,Heath Grundy,11,6,10,0,0,0,5
2009,21,2009-08-23,M.C.G.,Collingwood,Sydney,Sydney,Dan Hannebery,6,3,6,0,0,0,0
2009,21,2009-08-23,M.C.G.,Collingwood,Sydney,Sydney,Kieren Jack,6,3,5,0,1,0,4
2009,21,2009-08-23,M.C.G.,Collingwood,Sydney,Sydney,Darren Jolly,5,2,8,0,0,32,7
2009,21,2009-08-23,M.C.G.,Collingwood,Sydney,Sydney,Brett Kirk,4,1,7,0,0,0,6
2009,21,2009-08-23,M.C.G.,Collingwood,Sydney,Sydney,Martin Mattner,7,1,6,0,0,0,4
2009,21,2009-08-23,M.C.G.,Collingwood,Sydney,Sydney,Jarred Moore,4,1,4,1,0,0,2
2009,21,2009-08-23,M.C.G.,Collingwood,Sydney,Sydney,Matthew ODwyer,10,4,6,0,0,0,1
2009,21,2009-08-23,M.C.G.,Collingwood,Sydney,Sydney,Ryan OKeefe,13,2,7,0,1,0,4
2009,21,2009-08-23,M.C.G.,Collingwood,Sydney,Sydney,Michael OLoughlin,4,4,3,0,0,0,1
2009,21,2009-08-23,M.C.G.,Collingwood,Sydney,Sydney,Mike Pyke,0,0,1,0,0,7,1
2009,21,2009-08-23,M.C.G.,Collingwood,Sydney,Sydney,Lewis Roberts-Thomson,11,9,9,0,0,0,4
2009,21,2009-08-23,M.C.G.,Collingwood,Sydney,Sydney,Rhyce Shaw,16,2,6,0,1,0,5
2009,21,2009-08-23,M.C.G.,Collingwood,Sydney,Sydney,Nick Smith,8,4,9,1,0,0,1
2009,21,2009-08-23,M.C.G.,Collingwood,Sydney,Sydney,Jesse White,6,7,8,1,1,0,2
2009,21,2009-08-23,Subiaco,Fremantle,Essendon,Fremantle,Hayden Ballantyne,9,5,2,4,2,0,1
2009,21,2009-08-23,Subiaco,Fremantle,Essendon,Fremantle,Kepler Bradley,12,6,13,1,0,4,2
2009,21,2009-08-23,Subiaco,Fremantle,Essendon,Fremantle,Greg Broughton,9,8,5,0,1,0,2
2009,21,2009-08-23,Subiaco,Fremantle,Essendon,Fremantle,Matt de Boer,2,1,8,0,0,0,8
2009,21,2009-08-23,Subiaco,Fremantle,Essendon,Fremantle,Steven Dodd,5,3,7,0,0,0,1
2009,21,2009-08-23,Subiaco,Fremantle,Essendon,Fremantle,Marcus Drum,10,4,8,0,0,0,0
2009,21,2009-08-23,Subiaco,Fremantle,Essendon,Fremantle,Paul Duffield,15,7,6,1,1,0,4
2009,21,2009-08-23,Subiaco,Fremantle,Essendon,Fremantle,Antoni Grover,6,5,8,0,0,0,2
2009,21,2009-08-23,Subiaco,Fremantle,Essendon,Fremantle,Paul Hasleby,6,4,8,1,0,0,3
2009,21,2009-08-23,Subiaco,Fremantle,Essendon,Fremantle,Roger Hayden,6,3,5,0,0,0,2
2009,21,2009-08-23,Subiaco,Fremantle,Essendon,Fremantle,Des Headland,15,8,2,1,1,0,1
2009,21,2009-08-23,Subiaco,Fremantle,Essendon,Fremantle,Stephen Hill,5,0,3,0,1,0,2
2009,21,2009-08-23,Subiaco,Fremantle,Essendon,Fremantle,Garrick Ibbotson,11,5,4,1,3,0,2
2009,21,2009-08-23,Subiaco,Fremantle,Essendon,Fremantle,Chris Mayne,4,1,5,0,1,0,1
2009,21,2009-08-23,Subiaco,Fremantle,Essendon,Fremantle,Luke McPharlin,11,10,3,3,1,0,1
2009,21,2009-08-23,Subiaco,Fremantle,Essendon,Fremantle,David Mundy,9,4,14,1,0,0,4
2009,21,2009-08-23,Subiaco,Fremantle,Essendon,Fremantle,Matthew Pavlich,15,3,10,2,1,0,1
2009,21,2009-08-23,Subiaco,Fremantle,Essendon,Fremantle,Clancee Pearce,7,3,0,3,1,0,0
2009,21,2009-08-23,Subiaco,Fremantle,Essendon,Fremantle,Aaron Sandilands,12,4,9,1,0,42,0
2009,21,2009-08-23,Subiaco,Fremantle,Essendon,Fremantle,Byron Schammer,8,2,9,0,0,0,0
2009,21,2009-08-23,Subiaco,Fremantle,Essendon,Fremantle,Nick Suban,16,2,9,2,1,0,4
2009,21,2009-08-23,Subiaco,Fremantle,Essendon,Fremantle,Chris Tarrant,6,3,7,0,0,0,0
2009,21,2009-08-23,Subiaco,Fremantle,Essendon,Essendon,Jarrod Atkinson,4,3,8,0,0,0,1
2009,21,2009-08-23,Subiaco,Fremantle,Essendon,Essendon,Tom Bellchambers,1,2,5,0,0,15,3
2009,21,2009-08-23,Subiaco,Fremantle,Essendon,Essendon,Alwyn Davey,11,3,3,1,0,0,6
2009,21,2009-08-23,Subiaco,Fremantle,Essendon,Essendon,Ricky Dyson,20,5,7,0,2,0,0
2009,21,2009-08-23,Subiaco,Fremantle,Essendon,Essendon,Dustin Fletcher,8,2,4,0,0,0,1
2009,21,2009-08-23,Subiaco,Fremantle,Essendon,Essendon,Cale Hooker,6,5,11,1,0,5,7
2009,21,2009-08-23,Subiaco,Fremantle,Essendon,Essendon,Michael Hurley,5,5,5,3,0,0,0
2009,21,2009-08-23,Subiaco,Fremantle,Essendon,Essendon,Leroy Jetta,7,3,5,0,0,0,2
2009,21,2009-08-23,Subiaco,Fremantle,Essendon,Essendon,Nathan Lovett-Murray,8,5,14,2,0,2,4
2009,21,2009-08-23,Subiaco,Fremantle,Essendon,Essendon,Andrew Lovett,12,5,11,0,2,0,0
2009,21,2009-08-23,Subiaco,Fremantle,Essendon,Essendon,Adam McPhee,9,6,9,1,1,1,1
2009,21,2009-08-23,Subiaco,Fremantle,Essendon,Essendon,Mark McVeigh,13,4,5,0,0,0,3
2009,21,2009-08-23,Subiaco,Fremantle,Essendon,Essendon,Angus Monfries,2,1,10,1,0,0,4
2009,21,2009-08-23,Subiaco,Fremantle,Essendon,Essendon,Jay Neagle,5,3,1,1,1,0,2
2009,21,2009-08-23,Subiaco,Fremantle,Essendon,Essendon,Tayte Pears,1,1,11,0,0,0,1
2009,21,2009-08-23,Subiaco,Fremantle,Essendon,Essendon,Brent Prismall,15,7,10,0,0,0,4
2009,21,2009-08-23,Subiaco,Fremantle,Essendon,Essendon,Michael Quinn,10,4,7,0,2,0,2
2009,21,2009-08-23,Subiaco,Fremantle,Essendon,Essendon,Henry Slattery,8,5,7,0,0,0,5
2009,21,2009-08-23,Subiaco,Fremantle,Essendon,Essendon,Brent Stanton,13,6,9,1,1,0,5
2009,21,2009-08-23,Subiaco,Fremantle,Essendon,Essendon,Jobe Watson,1,0,5,1,0,0,2
2009,21,2009-08-23,Subiaco,Fremantle,Essendon,Essendon,Andrew Welsh,8,4,11,0,0,0,9
2009,21,2009-08-23,Subiaco,Fremantle,Essendon,Essendon,Jason Winderlich,8,6,11,1,0,0,3
2009,22,2009-08-28,Subiaco,West Coast,Richmond,West Coast,Sam Butler,11,6,6,0,0,0,1
2009,22,2009-08-28,Subiaco,West Coast,Richmond,West Coast,Brad Ebert,9,3,7,1,2,0,6
2009,22,2009-08-28,Subiaco,West Coast,Richmond,West Coast,Andrew Embley,14,5,9,1,1,0,2
2009,22,2009-08-28,Subiaco,West Coast,Richmond,West Coast,Chad Fletcher,13,6,7,0,0,0,0
2009,22,2009-08-28,Subiaco,West Coast,Richmond,West Coast,Darren Glass,4,1,15,0,0,3,2
2009,22,2009-08-28,Subiaco,West Coast,Richmond,West Coast,Tim Houlihan,12,2,9,0,1,0,6
2009,22,2009-08-28,Subiaco,West Coast,Richmond,West Coast,Shannon Hurn,18,3,5,1,1,0,1
2009,22,2009-08-28,Subiaco,West Coast,Richmond,West Coast,Josh Kennedy,10,9,5,1,4,0,1
2009,22,2009-08-28,Subiaco,West Coast,Richmond,West Coast,Mark LeCras,12,6,7,5,3,0,1
2009,22,2009-08-28,Subiaco,West Coast,Richmond,West Coast,Quinten Lynch,15,5,7,1,2,3,3
2009,22,2009-08-28,Subiaco,West Coast,Richmond,West Coast,Eric Mackenzie,10,7,9,0,0,0,2
2009,22,2009-08-28,Subiaco,West Coast,Richmond,West Coast,Patrick McGinnity,3,2,14,0,0,0,1
2009,22,2009-08-28,Subiaco,West Coast,Richmond,West Coast,Ben McKinley,9,10,5,2,3,0,2
2009,22,2009-08-28,Subiaco,West Coast,Richmond,West Coast,Jamie McNamara,7,6,10,0,0,0,3
2009,22,2009-08-28,Subiaco,West Coast,Richmond,West Coast,Nic Naitanui,0,1,11,0,0,22,6
2009,22,2009-08-28,Subiaco,West Coast,Richmond,West Coast,Matt Priddis,6,2,20,0,0,0,8
2009,22,2009-08-28,Subiaco,West Coast,Richmond,West Coast,Matt Rosa,15,8,8,0,1,0,3
2009,22,2009-08-28,Subiaco,West Coast,Richmond,West Coast,Adam Selwood,10,1,16,0,0,0,4
2009,22,2009-08-28,Subiaco,West Coast,Richmond,West Coast,Scott Selwood,4,2,7,0,0,0,1
2009,22,2009-08-28,Subiaco,West Coast,Richmond,West Coast,Matthew Spangher,13,9,11,1,0,1,6
2009,22,2009-08-28,Subiaco,West Coast,Richmond,West Coast,Brent Staker,5,5,3,3,0,0,3
2009,22,2009-08-28,Subiaco,West Coast,Richmond,West Coast,Tom Swift,15,3,11,1,2,0,10
2009,22,2009-08-28,Subiaco,West Coast,Richmond,Richmond,Nathan Brown,6,1,6,0,2,0,2
2009,22,2009-08-28,Subiaco,West Coast,Richmond,Richmond,Mark Coughlan,6,1,7,0,1,0,3
2009,22,2009-08-28,Subiaco,West Coast,Richmond,Richmond,Ben Cousins,9,4,19,0,0,0,1
2009,22,2009-08-28,Subiaco,West Coast,Richmond,Richmond,Brett Deledio,11,8,17,1,1,1,9
2009,22,2009-08-28,Subiaco,West Coast,Richmond,Richmond,Shane Edwards,8,4,9,1,0,0,1
2009,22,2009-08-28,Subiaco,West Coast,Richmond,Richmond,Angus Graham,1,0,5,0,0,20,4
2009,22,2009-08-28,Subiaco,West Coast,Richmond,Richmond,Daniel Jackson,6,3,15,0,0,0,3
2009,22,2009-08-28,Subiaco,West Coast,Richmond,Richmond,Luke McGuane,8,8,8,0,0,0,1
2009,22,2009-08-28,Subiaco,West Coast,Richmond,Richmond,Jordan McMahon,17,2,6,1,0,0,2
2009,22,2009-08-28,Subiaco,West Coast,Richmond,Richmond,Kelvin Moore,2,3,5,0,0,0,2
2009,22,2009-08-28,Subiaco,West Coast,Richmond,Richmond,Mitch Morton,7,5,7,1,1,0,3
2009,22,2009-08-28,Subiaco,West Coast,Richmond,Richmond,Robin Nahas,7,5,8,0,0,0,6
2009,22,2009-08-28,Subiaco,West Coast,Richmond,Richmond,Graham Polak,5,3,2,1,0,0,2
2009,22,2009-08-28,Subiaco,West Coast,Richmond,Richmond,Dean Polo,6,5,4,0,0,0,2
2009,22,2009-08-28,Subiaco,West Coast,Richmond,Richmond,Jayden Post,2,2,8,0,0,0,0
2009,22,2009-08-28,Subiaco,West Coast,Richmond,Richmond,Alex Rance,2,0,7,0,0,1,2
2009,22,2009-08-28,Subiaco,West Coast,Richmond,Richmond,Jack Riewoldt,11,6,3,0,2,0,3
2009,22,2009-08-28,Subiaco,West Coast,Richmond,Richmond,Jarrod Silvester,8,6,2,0,0,0,0
2009,22,2009-08-28,Subiaco,West Coast,Richmond,Richmond,Troy Simmonds,7,2,3,0,1,19,3
2009,22,2009-08-28,Subiaco,West Coast,Richmond,Richmond,Richard Tambling,7,5,9,0,0,0,3
2009,22,2009-08-28,Subiaco,West Coast,Richmond,Richmond,Adam Thomson,6,2,9,0,0,0,5
2009,22,2009-08-28,Subiaco,West Coast,Richmond,Richmond,Shane Tuck,13,3,11,1,0,1,6
2009,22,2009-08-29,Kardinia Park,Geelong,Fremantle,Geelong,Gary Ablett,16,3,19,1,0,0,5
2009,22,2009-08-29,Kardinia Park,Geelong,Fremantle,Geelong,Jimmy Bartel,20,11,15,0,2,0,1
2009,22,2009-08-29,Kardinia Park,Geelong,Fremantle,Geelong,Mark Blake,1,1,10,0,0,14,2
2009,22,2009-08-29,Kardinia Park,Geelong,Fremantle,Geelong,Shannon Byrnes,6,3,12,1,0,0,2
2009,22,2009-08-29,Kardinia Park,Geelong,Fremantle,Geelong,Joel Corey,8,3,17,1,0,1,8
2009,22,2009-08-29,Kardinia Park,Geelong,Fremantle,Geelong,Corey Enright,18,6,13,0,0,0,1
2009,22,2009-08-29,Kardinia Park,Geelong,Fremantle,Geelong,Ryan Gamble,9,4,7,2,2,0,4
2009,22,2009-08-29,Kardinia Park,Geelong,Fremantle,Geelong,Tom Harley,13,7,10,0,0,0,0
2009,22,2009-08-29,Kardinia Park,Geelong,Fremantle,Geelong,Tom Hawkins,6,7,5,3,0,1,3
2009,22,2009-08-29,Kardinia Park,Geelong,Fremantle,Geelong,Simon Hogan,12,6,15,2,0,0,1
2009,22,2009-08-29,Kardinia Park,Geelong,Fremantle,Geelong,James Kelly,10,3,14,0,0,0,2
2009,22,2009-08-29,Kardinia Park,Geelong,Fremantle,Geelong,Cameron Ling,11,4,9,0,1,0,4
2009,22,2009-08-29,Kardinia Park,Geelong,Fremantle,Geelong,Andrew Mackie,13,5,6,0,0,0,0
2009,22,2009-08-29,Kardinia Park,Geelong,Fremantle,Geelong,Darren Milburn,22,11,14,0,1,1,1
2009,22,2009-08-29,Kardinia Park,Geelong,Fremantle,Geelong,Cameron Mooney,11,8,8,2,0,0,2
2009,22,2009-08-29,Kardinia Park,Geelong,Fremantle,Geelong,Brad Ottens,7,4,6,0,0,8,7
2009,22,2009-08-29,Kardinia Park,Geelong,Fremantle,Geelong,Max Rooke,3,3,3,1,0,0,0
2009,22,2009-08-29,Kardinia Park,Geelong,Fremantle,Geelong,Matthew Scarlett,13,9,21,0,0,0,2
2009,22,2009-08-29,Kardinia Park,Geelong,Fremantle,Geelong,Joel Selwood,10,6,11,0,2,0,2
2009,22,2009-08-29,Kardinia Park,Geelong,Fremantle,Geelong,Mathew Stokes,10,5,11,0,0,0,2
2009,22,2009-08-29,Kardinia Park,Geelong,Fremantle,Geelong,Harry Taylor,5,7,18,0,0,0,1
2009,22,2009-08-29,Kardinia Park,Geelong,Fremantle,Geelong,David Wojcinski,7,3,16,1,0,0,4
2009,22,2009-08-29,Kardinia Park,Geelong,Fremantle,Fremantle,Hayden Ballantyne,6,1,2,1,0,0,4
2009,22,2009-08-29,Kardinia Park,Geelong,Fremantle,Fremantle,Kepler Bradley,12,7,3,1,0,3,1
2009,22,2009-08-29,Kardinia Park,Geelong,Fremantle,Fremantle,Greg Broughton,4,2,3,1,0,0,3
2009,22,2009-08-29,Kardinia Park,Geelong,Fremantle,Fremantle,Matt de Boer,6,8,6,0,1,0,6
2009,22,2009-08-29,Kardinia Park,Geelong,Fremantle,Fremantle,Steven Dodd,7,4,10,0,0,0,5
2009,22,2009-08-29,Kardinia Park,Geelong,Fremantle,Fremantle,Marcus Drum,7,4,6,0,0,0,8
2009,22,2009-08-29,Kardinia Park,Geelong,Fremantle,Fremantle,Paul Duffield,6,1,2,1,0,0,2
2009,22,2009-08-29,Kardinia Park,Geelong,Fremantle,Fremantle,Antoni Grover,9,7,9,0,0,0,2
2009,22,2009-08-29,Kardinia Park,Geelong,Fremantle,Fremantle,Paul Hasleby,7,1,10,0,0,0,2
2009,22,2009-08-29,Kardinia Park,Geelong,Fremantle,Fremantle,Roger Hayden,10,5,4,0,0,0,4
2009,22,2009-08-29,Kardinia Park,Geelong,Fremantle,Fremantle,Des Headland,7,5,3,1,0,0,4
2009,22,2009-08-29,Kardinia Park,Geelong,Fremantle,Fremantle,Stephen Hill,8,5,3,1,0,0,2
2009,22,2009-08-29,Kardinia Park,Geelong,Fremantle,Fremantle,Garrick Ibbotson,5,1,1,0,1,0,2
2009,22,2009-08-29,Kardinia Park,Geelong,Fremantle,Fremantle,Chris Mayne,6,6,3,1,0,0,7
2009,22,2009-08-29,Kardinia Park,Geelong,Fremantle,Fremantle,Luke McPharlin,4,4,9,0,0,3,2
2009,22,2009-08-29,Kardinia Park,Geelong,Fremantle,Fremantle,David Mundy,10,6,2,0,0,0,3
2009,22,2009-08-29,Kardinia Park,Geelong,Fremantle,Fremantle,Matthew Pavlich,11,3,8,1,0,0,8
2009,22,2009-08-29,Kardinia Park,Geelong,Fremantle,Fremantle,Clancee Pearce,5,1,3,0,0,0,1
2009,22,2009-08-29,Kardinia Park,Geelong,Fremantle,Fremantle,Aaron Sandilands,7,0,10,0,0,33,0
2009,22,2009-08-29,Kardinia Park,Geelong,Fremantle,Fremantle,Byron Schammer,11,5,4,0,0,0,3
2009,22,2009-08-29,Kardinia Park,Geelong,Fremantle,Fremantle,Nick Suban,9,4,4,0,1,0,0
2009,22,2009-08-29,Kardinia Park,Geelong,Fremantle,Fremantle,Chris Tarrant,10,5,6,0,0,0,5
2009,22,2009-08-29,M.C.G.,Hawthorn,Essendon,Hawthorn,Max Bailey,0,0,0,0,0,2,0
2009,22,2009-08-29,M.C.G.,Hawthorn,Essendon,Hawthorn,Chance Bateman,18,8,8,3,2,0,2
2009,22,2009-08-29,M.C.G.,Hawthorn,Essendon,Hawthorn,Grant Birchall,9,2,14,0,0,0,1
2009,22,2009-08-29,M.C.G.,Hawthorn,Essendon,Hawthorn,Campbell Brown,3,2,5,0,0,0,4
2009,22,2009-08-29,M.C.G.,Hawthorn,Essendon,Hawthorn,Beau Dowler,8,7,1,3,0,5,5
2009,22,2009-08-29,M.C.G.,Hawthorn,Essendon,Hawthorn,Stephen Gilham,4,4,5,0,0,0,2
2009,22,2009-08-29,M.C.G.,Hawthorn,Essendon,Hawthorn,Luke Hodge,15,4,4,1,1,2,6
2009,22,2009-08-29,M.C.G.,Hawthorn,Essendon,Hawthorn,Josh Kennedy,5,1,11,1,0,0,5
2009,22,2009-08-29,M.C.G.,Hawthorn,Essendon,Hawthorn,Jordan Lewis,13,9,9,0,2,2,2
2009,22,2009-08-29,M.C.G.,Hawthorn,Essendon,Hawthorn,Ben McGlynn,10,8,7,1,3,0,3
2009,22,2009-08-29,M.C.G.,Hawthorn,Essendon,Hawthorn,Riley Milne,7,4,7,0,0,0,0
2009,22,2009-08-29,M.C.G.,Hawthorn,Essendon,Hawthorn,Sam Mitchell,23,8,13,0,0,0,2
2009,22,2009-08-29,M.C.G.,Hawthorn,Essendon,Hawthorn,Garry Moss,8,4,5,1,1,0,1
2009,22,2009-08-29,M.C.G.,Hawthorn,Essendon,Hawthorn,Tom Murphy,3,2,9,0,0,0,4
2009,22,2009-08-29,M.C.G.,Hawthorn,Essendon,Hawthorn,Beau Muston,10,2,5,1,1,1,3
2009,22,2009-08-29,M.C.G.,Hawthorn,Essendon,Hawthorn,Michael Osborne,16,10,9,2,1,0,4
2009,22,2009-08-29,M.C.G.,Hawthorn,Essendon,Hawthorn,Brent Renouf,1,1,11,0,1,31,4
2009,22,2009-08-29,M.C.G.,Hawthorn,Essendon,Hawthorn,Cyril Rioli,14,9,4,0,1,0,2
2009,22,2009-08-29,M.C.G.,Hawthorn,Essendon,Hawthorn,Shane Savage,3,2,12,0,0,0,2
2009,22,2009-08-29,M.C.G.,Hawthorn,Essendon,Hawthorn,Ryan Schoenmakers,6,3,3,1,0,0,3
2009,22,2009-08-29,M.C.G.,Hawthorn,Essendon,Hawthorn,Brad Sewell,5,2,6,0,0,0,7
2009,22,2009-08-29,M.C.G.,Hawthorn,Essendon,Hawthorn,Liam Shiels,3,2,9,0,0,1,12
2009,22,2009-08-29,M.C.G.,Hawthorn,Essendon,Essendon,Jarrod Atkinson,5,4,11,1,0,0,8
2009,22,2009-08-29,M.C.G.,Hawthorn,Essendon,Essendon,Ricky Dyson,10,3,5,1,1,0,3
2009,22,2009-08-29,M.C.G.,Hawthorn,Essendon,Essendon,Dustin Fletcher,14,2,6,0,0,2,1
2009,22,2009-08-29,M.C.G.,Hawthorn,Essendon,Essendon,Heath Hocking,8,5,12,1,0,0,3
2009,22,2009-08-29,M.C.G.,Hawthorn,Essendon,Essendon,Cale Hooker,3,1,6,0,0,5,3
2009,22,2009-08-29,M.C.G.,Hawthorn,Essendon,Essendon,Michael Hurley,12,10,2,4,2,0,2
2009,22,2009-08-29,M.C.G.,Hawthorn,Essendon,Essendon,Matthew Lloyd,4,1,5,0,2,0,0
2009,22,2009-08-29,M.C.G.,Hawthorn,Essendon,Essendon,Sam Lonergan,6,3,7,1,0,1,1
2009,22,2009-08-29,M.C.G.,Hawthorn,Essendon,Essendon,Nathan Lovett-Murray,7,4,11,2,1,2,6
2009,22,2009-08-29,M.C.G.,Hawthorn,Essendon,Essendon,Andrew Lovett,4,1,7,2,0,0,2
2009,22,2009-08-29,M.C.G.,Hawthorn,Essendon,Essendon,Adam McPhee,13,4,9,0,0,0,8
2009,22,2009-08-29,M.C.G.,Hawthorn,Essendon,Essendon,Mark McVeigh,11,1,4,0,1,0,5
2009,22,2009-08-29,M.C.G.,Hawthorn,Essendon,Essendon,Angus Monfries,6,2,10,1,2,0,4
2009,22,2009-08-29,M.C.G.,Hawthorn,Essendon,Essendon,Jay Neagle,3,2,4,1,0,0,0
2009,22,2009-08-29,M.C.G.,Hawthorn,Essendon,Essendon,Tayte Pears,6,1,7,0,0,0,4
2009,22,2009-08-29,M.C.G.,Hawthorn,Essendon,Essendon,Brent Prismall,14,5,5,0,1,0,8
2009,22,2009-08-29,M.C.G.,Hawthorn,Essendon,Essendon,Paddy Ryder,8,2,5,0,2,24,6
2009,22,2009-08-29,M.C.G.,Hawthorn,Essendon,Essendon,Henry Slattery,10,3,4,0,0,0,4
2009,22,2009-08-29,M.C.G.,Hawthorn,Essendon,Essendon,Brent Stanton,16,7,15,1,4,0,8
2009,22,2009-08-29,M.C.G.,Hawthorn,Essendon,Essendon,Jobe Watson,12,3,8,0,1,0,5
2009,22,2009-08-29,M.C.G.,Hawthorn,Essendon,Essendon,Andrew Welsh,3,1,6,0,0,0,2
2009,22,2009-08-29,M.C.G.,Hawthorn,Essendon,Essendon,Jason Winderlich,7,5,10,1,1,2,2
2009,22,2009-08-29,Docklands,Carlton,Adelaide,Carlton,Dennis Armfield,3,3,12,0,0,0,1
2009,22,2009-08-29,Docklands,Carlton,Adelaide,Carlton,Paul Bower,7,5,12,0,0,0,1
2009,22,2009-08-29,Docklands,Carlton,Adelaide,Carlton,Steven Browne,5,5,4,0,0,0,4
2009,22,2009-08-29,Docklands,Carlton,Adelaide,Carlton,Andrew Carrazzo,4,3,21,1,0,0,3
2009,22,2009-08-29,Docklands,Carlton,Adelaide,Carlton,Brendan Fevola,7,4,2,5,2,0,1
2009,22,2009-08-29,Docklands,Carlton,Adelaide,Carlton,Bryce Gibbs,18,4,19,1,0,0,4
2009,22,2009-08-29,Docklands,Carlton,Adelaide,Carlton,Shaun Hampson,3,3,6,1,0,21,2
2009,22,2009-08-29,Docklands,Carlton,Adelaide,Carlton,Ryan Houlihan,4,1,11,0,0,0,3
2009,22,2009-08-29,Docklands,Carlton,Adelaide,Carlton,Chris Johnson,7,4,10,0,0,0,3
2009,22,2009-08-29,Docklands,Carlton,Adelaide,Carlton,Aaron Joseph,6,7,9,1,1,0,4
2009,22,2009-08-29,Docklands,Carlton,Adelaide,Carlton,Chris Judd,8,1,15,0,0,0,5
2009,22,2009-08-29,Docklands,Carlton,Adelaide,Carlton,Matthew Kreuzer,3,1,7,0,0,23,4
2009,22,2009-08-29,Docklands,Carlton,Adelaide,Carlton,Marc Murphy,8,2,12,1,0,0,4
2009,22,2009-08-29,Docklands,Carlton,Adelaide,Carlton,Setanta OhAilpin,1,1,7,1,0,0,0
2009,22,2009-08-29,Docklands,Carlton,Adelaide,Carlton,Jordan Russell,4,2,16,0,0,0,5
2009,22,2009-08-29,Docklands,Carlton,Adelaide,Carlton,Heath Scotland,14,6,20,0,0,0,5
2009,22,2009-08-29,Docklands,Carlton,Adelaide,Carlton,Kade Simpson,7,5,10,1,0,0,5
2009,22,2009-08-29,Docklands,Carlton,Adelaide,Carlton,Nick Stevens,15,1,10,2,0,0,7
2009,22,2009-08-29,Docklands,Carlton,Adelaide,Carlton,Bret Thornton,12,8,14,0,0,0,2
2009,22,2009-08-29,Docklands,Carlton,Adelaide,Carlton,Andrew Walker,16,9,14,1,0,0,0
2009,22,2009-08-29,Docklands,Carlton,Adelaide,Carlton,Simon Wiggins,6,3,12,0,0,0,1
2009,22,2009-08-29,Docklands,Carlton,Adelaide,Carlton,Chris Yarran,9,5,5,1,2,0,4
2009,22,2009-08-29,Docklands,Carlton,Adelaide,Adelaide,Brett Burton,4,3,2,2,1,0,1
2009,22,2009-08-29,Docklands,Carlton,Adelaide,Adelaide,Patrick Dangerfield,5,4,9,2,0,0,4
2009,22,2009-08-29,Docklands,Carlton,Adelaide,Adelaide,Michael Doughty,10,3,9,0,0,1,4
2009,22,2009-08-29,Docklands,Carlton,Adelaide,Adelaide,Tyson Edwards,13,5,11,0,0,0,2
2009,22,2009-08-29,Docklands,Carlton,Adelaide,Adelaide,Simon Goodwin,9,4,16,1,0,0,1
2009,22,2009-08-29,Docklands,Carlton,Adelaide,Adelaide,Trent Hentschel,11,0,4,2,3,0,3
2009,22,2009-08-29,Docklands,Carlton,Adelaide,Adelaide,Graham Johncock,19,6,8,0,0,0,1
2009,22,2009-08-29,Docklands,Carlton,Adelaide,Adelaide,Chris Knights,8,2,6,4,2,0,3
2009,22,2009-08-29,Docklands,Carlton,Adelaide,Adelaide,David Mackay,9,4,11,1,0,0,2
2009,22,2009-08-29,Docklands,Carlton,Adelaide,Adelaide,Ivan Maric,4,2,5,0,0,22,3
2009,22,2009-08-29,Docklands,Carlton,Adelaide,Adelaide,Andrew McLeod,17,6,14,1,0,0,5
2009,22,2009-08-29,Docklands,Carlton,Adelaide,Adelaide,Andy Otten,8,7,11,0,0,0,3
2009,22,2009-08-29,Docklands,Carlton,Adelaide,Adelaide,Jason Porplyzia,11,3,8,4,3,0,2
2009,22,2009-08-29,Docklands,Carlton,Adelaide,Adelaide,Brent Reilly,3,2,4,0,0,0,2
2009,22,2009-08-29,Docklands,Carlton,Adelaide,Adelaide,Ben Rutten,5,5,5,0,0,0,0
2009,22,2009-08-29,Docklands,Carlton,Adelaide,Adelaide,James Sellar,4,4,15,1,0,5,1
2009,22,2009-08-29,Docklands,Carlton,Adelaide,Adelaide,Scott Stevens,6,4,6,0,0,0,4
2009,22,2009-08-29,Docklands,Carlton,Adelaide,Adelaide,Brad Symes,9,6,18,1,0,2,4
2009,22,2009-08-29,Docklands,Carlton,Adelaide,Adelaide,Scott Thompson,18,5,10,1,0,0,9
2009,22,2009-08-29,Docklands,Carlton,Adelaide,Adelaide,Kurt Tippett,9,8,6,4,3,3,2
2009,22,2009-08-29,Docklands,Carlton,Adelaide,Adelaide,Nathan van Berlo,1,0,5,0,0,0,0
2009,22,2009-08-29,Docklands,Carlton,Adelaide,Adelaide,Bernie Vince,21,7,13,3,0,0,3
2009,22,2009-08-29,S.C.G.,Sydney,Brisbane Lions,Sydney,Luke Ablett,7,4,3,1,0,0,5
2009,22,2009-08-29,S.C.G.,Sydney,Brisbane Lions,Sydney,Leo Barry,11,8,10,0,0,0,0
2009,22,2009-08-29,S.C.G.,Sydney,Brisbane Lions,Sydney,Paul Bevan,5,4,4,0,0,0,4
2009,22,2009-08-29,S.C.G.,Sydney,Brisbane Lions,Sydney,Craig Bolton,5,3,6,0,0,0,2
2009,22,2009-08-29,S.C.G.,Sydney,Brisbane Lions,Sydney,Jude Bolton,5,1,8,0,0,0,10
2009,22,2009-08-29,S.C.G.,Sydney,Brisbane Lions,Sydney,Jared Crouch,3,1,2,0,1,0,4
2009,22,2009-08-29,S.C.G.,Sydney,Brisbane Lions,Sydney,Adam Goodes,14,10,5,3,1,0,4
2009,22,2009-08-29,S.C.G.,Sydney,Brisbane Lions,Sydney,Heath Grundy,11,12,5,0,0,0,0
2009,22,2009-08-29,S.C.G.,Sydney,Brisbane Lions,Sydney,Dan Hannebery,8,4,4,0,0,0,1
2009,22,2009-08-29,S.C.G.,Sydney,Brisbane Lions,Sydney,Kieren Jack,7,1,5,1,0,0,4
2009,22,2009-08-29,S.C.G.,Sydney,Brisbane Lions,Sydney,Darren Jolly,5,5,7,0,0,33,2
2009,22,2009-08-29,S.C.G.,Sydney,Brisbane Lions,Sydney,Brett Kirk,8,2,10,1,0,0,7
2009,22,2009-08-29,S.C.G.,Sydney,Brisbane Lions,Sydney,Martin Mattner,5,1,5,0,0,0,4
2009,22,2009-08-29,S.C.G.,Sydney,Brisbane Lions,Sydney,Jarrad McVeigh,12,7,5,0,0,0,0
2009,22,2009-08-29,S.C.G.,Sydney,Brisbane Lions,Sydney,Matthew ODwyer,5,1,0,0,1,0,2
2009,22,2009-08-29,S.C.G.,Sydney,Brisbane Lions,Sydney,Ryan OKeefe,20,6,6,0,1,0,1
2009,22,2009-08-29,S.C.G.,Sydney,Brisbane Lions,Sydney,Michael OLoughlin,6,5,0,4,1,0,1
2009,22,2009-08-29,S.C.G.,Sydney,Brisbane Lions,Sydney,Lewis Roberts-Thomson,13,7,11,0,0,12,3
2009,22,2009-08-29,S.C.G.,Sydney,Brisbane Lions,Sydney,Rhyce Shaw,18,2,5,0,0,0,4
2009,22,2009-08-29,S.C.G.,Sydney,Brisbane Lions,Sydney,Nick Smith,4,4,5,0,0,0,9
2009,22,2009-08-29,S.C.G.,Sydney,Brisbane Lions,Sydney,Kristin Thornton,3,3,2,1,0,0,1
2009,22,2009-08-29,S.C.G.,Sydney,Brisbane Lions,Sydney,Jesse White,9,10,1,3,2,0,0
2009,22,2009-08-29,S.C.G.,Sydney,Brisbane Lions,Brisbane Lions,Matt Austin,8,5,2,1,0,0,1
2009,22,2009-08-29,S.C.G.,Sydney,Brisbane Lions,Brisbane Lions,Simon Black,11,1,13,1,0,0,7
2009,22,2009-08-29,S.C.G.,Sydney,Brisbane Lions,Brisbane Lions,Jared Brennan,10,5,8,1,0,16,4
2009,22,2009-08-29,S.C.G.,Sydney,Brisbane Lions,Brisbane Lions,Jonathan Brown,17,9,5,3,6,2,2
2009,22,2009-08-29,S.C.G.,Sydney,Brisbane Lions,Brisbane Lions,Mitch Clark,10,8,8,1,0,25,7
2009,22,2009-08-29,S.C.G.,Sydney,Brisbane Lions,Brisbane Lions,Josh Drummond,6,0,0,0,0,0,1
2009,22,2009-08-29,S.C.G.,Sydney,Brisbane Lions,Brisbane Lions,Scott Harding,5,1,9,1,0,0,5
2009,22,2009-08-29,S.C.G.,Sydney,Brisbane Lions,Brisbane Lions,James Hawksley,8,7,2,0,0,0,0
2009,22,2009-08-29,S.C.G.,Sydney,Brisbane Lions,Brisbane Lions,Lachie Henderson,5,4,8,0,0,0,1
2009,22,2009-08-29,S.C.G.,Sydney,Brisbane Lions,Brisbane Lions,Travis Johnstone,17,4,8,0,0,0,6
2009,22,2009-08-29,S.C.G.,Sydney,Brisbane Lions,Brisbane Lions,Joel Macdonald,4,3,11,0,0,0,2
2009,22,2009-08-29,S.C.G.,Sydney,Brisbane Lions,Brisbane Lions,Ashley McGrath,16,5,5,2,1,0,3
2009,22,2009-08-29,S.C.G.,Sydney,Brisbane Lions,Brisbane Lions,Joel Patfull,2,1,4,0,0,0,1
2009,22,2009-08-29,S.C.G.,Sydney,Brisbane Lions,Brisbane Lions,James Polkinghorne,6,5,3,1,1,0,2
2009,22,2009-08-29,S.C.G.,Sydney,Brisbane Lions,Brisbane Lions,Luke Power,8,3,8,0,0,0,6
2009,22,2009-08-29,S.C.G.,Sydney,Brisbane Lions,Brisbane Lions,Jack Redden,4,2,8,0,1,0,2
2009,22,2009-08-29,S.C.G.,Sydney,Brisbane Lions,Brisbane Lions,Daniel Rich,13,2,4,0,0,0,7
2009,22,2009-08-29,S.C.G.,Sydney,Brisbane Lions,Brisbane Lions,Michael Rischitelli,7,3,4,0,0,1,4
2009,22,2009-08-29,S.C.G.,Sydney,Brisbane Lions,Brisbane Lions,Jason Roe,6,3,2,0,0,0,0
2009,22,2009-08-29,S.C.G.,Sydney,Brisbane Lions,Brisbane Lions,Sam Sheldon,4,1,4,0,0,0,5
2009,22,2009-08-29,S.C.G.,Sydney,Brisbane Lions,Brisbane Lions,Justin Sherman,13,3,5,3,1,0,4
2009,22,2009-08-29,S.C.G.,Sydney,Brisbane Lions,Brisbane Lions,Cheynee Stiller,10,5,2,1,0,0,4
2009,22,2009-08-29,Football Park,Port Adelaide,North Melbourne,Port Adelaide,Travis Boak,11,2,11,0,0,0,2
2009,22,2009-08-29,Football Park,Port Adelaide,North Melbourne,Port Adelaide,Matthew Broadbent,11,2,5,1,0,0,3
2009,22,2009-08-29,Football Park,Port Adelaide,North Melbourne,Port Adelaide,Dean Brogan,5,4,9,1,0,21,6
2009,22,2009-08-29,Football Park,Port Adelaide,North Melbourne,Port Adelaide,Peter Burgoyne,12,2,6,0,1,0,5
2009,22,2009-08-29,Football Park,Port Adelaide,North Melbourne,Port Adelaide,Shaun Burgoyne,4,0,6,0,1,0,6
2009,22,2009-08-29,Football Park,Port Adelaide,North Melbourne,Port Adelaide,Alipate Carlile,4,4,4,0,0,0,2
2009,22,2009-08-29,Football Park,Port Adelaide,North Melbourne,Port Adelaide,Domenic Cassisi,13,4,11,0,0,0,9
2009,22,2009-08-29,Football Park,Port Adelaide,North Melbourne,Port Adelaide,Troy Chaplin,15,8,13,0,0,0,4
2009,22,2009-08-29,Football Park,Port Adelaide,North Melbourne,Port Adelaide,Chad Cornes,10,6,13,0,0,0,6
2009,22,2009-08-29,Football Park,Port Adelaide,North Melbourne,Port Adelaide,Kane Cornes,18,5,15,0,0,0,3
2009,22,2009-08-29,Football Park,Port Adelaide,North Melbourne,Port Adelaide,Jason Davenport,11,4,7,0,3,0,5
2009,22,2009-08-29,Football Park,Port Adelaide,North Melbourne,Port Adelaide,Brett Ebert,10,6,2,3,2,0,2
2009,22,2009-08-29,Football Park,Port Adelaide,North Melbourne,Port Adelaide,Robbie Gray,12,1,14,0,0,0,3
2009,22,2009-08-29,Football Park,Port Adelaide,North Melbourne,Port Adelaide,Hamish Hartlett,9,3,2,2,1,0,3
2009,22,2009-08-29,Football Park,Port Adelaide,North Melbourne,Port Adelaide,Nathan Krakouer,11,3,8,0,0,0,0
2009,22,2009-08-29,Football Park,Port Adelaide,North Melbourne,Port Adelaide,Brendon Lade,4,2,0,1,0,24,0
2009,22,2009-08-29,Football Park,Port Adelaide,North Melbourne,Port Adelaide,Danyle Pearce,8,3,3,0,0,0,6
2009,22,2009-08-29,Football Park,Port Adelaide,North Melbourne,Port Adelaide,Nick Salter,4,3,2,1,0,0,2
2009,22,2009-08-29,Football Park,Port Adelaide,North Melbourne,Port Adelaide,Paul Stewart,6,2,7,0,0,0,2
2009,22,2009-08-29,Football Park,Port Adelaide,North Melbourne,Port Adelaide,Jacob Surjan,7,2,6,0,0,0,1
2009,22,2009-08-29,Football Park,Port Adelaide,North Melbourne,Port Adelaide,Matt Thomas,6,4,5,0,2,0,2
2009,22,2009-08-29,Football Park,Port Adelaide,North Melbourne,Port Adelaide,Justin Westhoff,8,3,1,0,0,0,2
2009,22,2009-08-29,Football Park,Port Adelaide,North Melbourne,North Melbourne,Leigh Adams,11,4,4,0,0,1,6
2009,22,2009-08-29,Football Park,Port Adelaide,North Melbourne,North Melbourne,Liam Anthony,13,8,13,0,0,0,5
2009,22,2009-08-29,Football Park,Port Adelaide,North Melbourne,North Melbourne,Matt Campbell,5,0,8,0,0,0,7
2009,22,2009-08-29,Football Park,Port Adelaide,North Melbourne,North Melbourne,Aaron Edwards,8,5,2,1,0,0,1
2009,22,2009-08-29,Football Park,Port Adelaide,North Melbourne,North Melbourne,Michael Firrito,8,2,8,0,0,0,2
2009,22,2009-08-29,Football Park,Port Adelaide,North Melbourne,North Melbourne,Cruize Garlett,9,6,14,0,1,0,5
2009,22,2009-08-29,Football Park,Port Adelaide,North Melbourne,North Melbourne,Josh Gibson,15,5,12,1,0,2,4
2009,22,2009-08-29,Football Park,Port Adelaide,North Melbourne,North Melbourne,Todd Goldstein,7,1,5,0,1,12,1
2009,22,2009-08-29,Football Park,Port Adelaide,North Melbourne,North Melbourne,Levi Greenwood,5,0,2,0,1,0,4
2009,22,2009-08-29,Football Park,Port Adelaide,North Melbourne,North Melbourne,Nathan Grima,7,1,6,0,0,0,4
2009,22,2009-08-29,Football Park,Port Adelaide,North Melbourne,North Melbourne,Lachlan Hansen,6,3,5,0,0,1,4
2009,22,2009-08-29,Football Park,Port Adelaide,North Melbourne,North Melbourne,Brent Harvey,16,6,8,2,1,0,2
2009,22,2009-08-29,Football Park,Port Adelaide,North Melbourne,North Melbourne,Ed Lower,4,1,10,0,1,1,4
2009,22,2009-08-29,Football Park,Port Adelaide,North Melbourne,North Melbourne,Hamish McIntosh,4,4,5,0,0,14,2
2009,22,2009-08-29,Football Park,Port Adelaide,North Melbourne,North Melbourne,Scott McMahon,15,3,5,1,0,1,2
2009,22,2009-08-29,Football Park,Port Adelaide,North Melbourne,North Melbourne,Alan Obst,7,4,2,0,0,0,5
2009,22,2009-08-29,Football Park,Port Adelaide,North Melbourne,North Melbourne,Drew Petrie,9,3,5,3,2,1,5
2009,22,2009-08-29,Football Park,Port Adelaide,North Melbourne,North Melbourne,Brady Rawlings,12,2,13,0,0,0,2
2009,22,2009-08-29,Football Park,Port Adelaide,North Melbourne,North Melbourne,Josh Smith,11,5,3,2,1,0,3
2009,22,2009-08-29,Football Park,Port Adelaide,North Melbourne,North Melbourne,Andrew Swallow,8,4,4,0,0,0,6
2009,22,2009-08-29,Football Park,Port Adelaide,North Melbourne,North Melbourne,Lindsay Thomas,13,6,1,0,1,0,1
2009,22,2009-08-29,Football Park,Port Adelaide,North Melbourne,North Melbourne,Scott Thompson,16,6,6,0,0,0,2
2009,22,2009-08-30,M.C.G.,Melbourne,St Kilda,Melbourne,Clint Bartram,13,8,12,0,0,0,1
2009,22,2009-08-30,M.C.G.,Melbourne,St Kilda,Melbourne,Jamie Bennell,9,6,3,0,0,0,2
2009,22,2009-08-30,M.C.G.,Melbourne,St Kilda,Melbourne,Kyle Cheney,8,7,7,0,0,0,1
2009,22,2009-08-30,M.C.G.,Melbourne,St Kilda,Melbourne,Aaron Davey,8,3,5,0,0,0,5
2009,22,2009-08-30,M.C.G.,Melbourne,St Kilda,Melbourne,Lynden Dunn,16,10,11,0,1,2,4
2009,22,2009-08-30,M.C.G.,Melbourne,St Kilda,Melbourne,James Frawley,11,6,9,0,0,0,2
2009,22,2009-08-30,M.C.G.,Melbourne,St Kilda,Melbourne,Mark Jamar,7,6,9,1,0,18,1
2009,22,2009-08-30,M.C.G.,Melbourne,St Kilda,Melbourne,Neville Jetta,5,3,5,0,0,0,0
2009,22,2009-08-30,M.C.G.,Melbourne,St Kilda,Melbourne,Nathan Jones,13,3,10,0,0,0,1
2009,22,2009-08-30,M.C.G.,Melbourne,St Kilda,Melbourne,Liam Jurrah,10,5,6,4,1,1,1
2009,22,2009-08-30,M.C.G.,Melbourne,St Kilda,Melbourne,James McDonald,13,4,13,0,0,0,6
2009,22,2009-08-30,M.C.G.,Melbourne,St Kilda,Melbourne,Jordie McKenzie,4,0,8,0,0,0,2
2009,22,2009-08-30,M.C.G.,Melbourne,St Kilda,Melbourne,Brock McLean,5,3,12,0,0,0,3
2009,22,2009-08-30,M.C.G.,Melbourne,St Kilda,Melbourne,Brad Miller,8,4,4,1,0,1,0
2009,22,2009-08-30,M.C.G.,Melbourne,St Kilda,Melbourne,Brent Moloney,9,4,13,1,0,0,2
2009,22,2009-08-30,M.C.G.,Melbourne,St Kilda,Melbourne,Cale Morton,13,10,23,0,1,0,1
2009,22,2009-08-30,M.C.G.,Melbourne,St Kilda,Melbourne,Jared Rivers,3,4,5,0,0,0,2
2009,22,2009-08-30,M.C.G.,Melbourne,St Kilda,Melbourne,Russell Robertson,8,3,2,1,2,0,0
2009,22,2009-08-30,M.C.G.,Melbourne,St Kilda,Melbourne,Jake Spencer,1,2,6,0,0,4,1
2009,22,2009-08-30,M.C.G.,Melbourne,St Kilda,Melbourne,Colin Sylvia,17,11,8,1,1,0,5
2009,22,2009-08-30,M.C.G.,Melbourne,St Kilda,Melbourne,Paul Wheatley,7,3,8,1,0,1,3
2009,22,2009-08-30,M.C.G.,Melbourne,St Kilda,Melbourne,Matthew Whelan,0,1,4,0,0,0,3
2009,22,2009-08-30,M.C.G.,Melbourne,St Kilda,St Kilda,Steven Baker,7,4,9,0,0,0,1
2009,22,2009-08-30,M.C.G.,Melbourne,St Kilda,St Kilda,Jason Blake,10,6,9,0,0,0,1
2009,22,2009-08-30,M.C.G.,Melbourne,St Kilda,St Kilda,Raphael Clarke,5,1,9,0,0,0,1
2009,22,2009-08-30,M.C.G.,Melbourne,St Kilda,St Kilda,Nick Dal Santo,24,7,15,1,0,0,2
2009,22,2009-08-30,M.C.G.,Melbourne,St Kilda,St Kilda,Zac Dawson,8,9,8,0,0,0,1
2009,22,2009-08-30,M.C.G.,Melbourne,St Kilda,St Kilda,Sean Dempster,7,4,4,1,0,0,1
2009,22,2009-08-30,M.C.G.,Melbourne,St Kilda,St Kilda,Robert Eddy,4,3,9,0,0,0,6
2009,22,2009-08-30,M.C.G.,Melbourne,St Kilda,St Kilda,Sam Fisher,15,10,13,0,0,0,2
2009,22,2009-08-30,M.C.G.,Melbourne,St Kilda,St Kilda,Sam Gilbert,12,2,12,1,0,0,5
2009,22,2009-08-30,M.C.G.,Melbourne,St Kilda,St Kilda,Brendon Goddard,11,11,18,0,0,0,2
2009,22,2009-08-30,M.C.G.,Melbourne,St Kilda,St Kilda,Jason Gram,20,4,13,1,1,0,0
2009,22,2009-08-30,M.C.G.,Melbourne,St Kilda,St Kilda,Lenny Hayes,20,7,17,0,0,0,3
2009,22,2009-08-30,M.C.G.,Melbourne,St Kilda,St Kilda,Clinton Jones,5,5,13,0,0,0,1
2009,22,2009-08-30,M.C.G.,Melbourne,St Kilda,St Kilda,Steven King,6,4,13,0,1,18,0
2009,22,2009-08-30,M.C.G.,Melbourne,St Kilda,St Kilda,Justin Koschitzke,10,10,4,2,3,0,2
2009,22,2009-08-30,M.C.G.,Melbourne,St Kilda,St Kilda,Ben McEvoy,2,2,5,0,0,7,2
2009,22,2009-08-30,M.C.G.,Melbourne,St Kilda,St Kilda,Andrew McQualter,3,3,12,1,0,0,3
2009,22,2009-08-30,M.C.G.,Melbourne,St Kilda,St Kilda,Stephen Milne,14,11,12,2,2,0,0
2009,22,2009-08-30,M.C.G.,Melbourne,St Kilda,St Kilda,Leigh Montagna,14,4,19,1,0,0,3
2009,22,2009-08-30,M.C.G.,Melbourne,St Kilda,St Kilda,Farren Ray,15,3,13,0,0,0,4
2009,22,2009-08-30,M.C.G.,Melbourne,St Kilda,St Kilda,Nick Riewoldt,14,9,1,6,2,1,1
2009,22,2009-08-30,M.C.G.,Melbourne,St Kilda,St Kilda,Adam Schneider,5,4,1,1,1,0,1
2009,22,2009-08-30,Docklands,Collingwood,Western Bulldogs,Collingwood,John Anthony,8,7,10,1,1,0,1
2009,22,2009-08-30,Docklands,Collingwood,Western Bulldogs,Collingwood,Dayne Beams,6,4,7,0,3,0,0
2009,22,2009-08-30,Docklands,Collingwood,Western Bulldogs,Collingwood,Travis Cloke,10,4,3,0,2,1,2
2009,22,2009-08-30,Docklands,Collingwood,Western Bulldogs,Collingwood,Leon Davis,13,4,8,1,0,0,3
2009,22,2009-08-30,Docklands,Collingwood,Western Bulldogs,Collingwood,Brad Dick,3,2,2,0,1,0,2
2009,22,2009-08-30,Docklands,Collingwood,Western Bulldogs,Collingwood,Alan Didak,18,3,10,0,1,0,2
2009,22,2009-08-30,Docklands,Collingwood,Western Bulldogs,Collingwood,Josh Fraser,3,2,5,1,1,9,0
2009,22,2009-08-30,Docklands,Collingwood,Western Bulldogs,Collingwood,Tyson Goldsack,6,4,5,0,0,0,3
2009,22,2009-08-30,Docklands,Collingwood,Western Bulldogs,Collingwood,Ben Johnson,10,1,10,0,0,0,0
2009,22,2009-08-30,Docklands,Collingwood,Western Bulldogs,Collingwood,Tarkyn Lockyer,15,7,10,2,1,0,2
2009,22,2009-08-30,Docklands,Collingwood,Western Bulldogs,Collingwood,Heritier Lumumba,10,4,6,0,0,0,1
2009,22,2009-08-30,Docklands,Collingwood,Western Bulldogs,Collingwood,Nick Maxwell,14,8,13,0,0,0,1
2009,22,2009-08-30,Docklands,Collingwood,Western Bulldogs,Collingwood,John McCarthy,6,2,7,1,0,0,1
2009,22,2009-08-30,Docklands,Collingwood,Western Bulldogs,Collingwood,Paul Medhurst,4,4,6,0,1,0,0
2009,22,2009-08-30,Docklands,Collingwood,Western Bulldogs,Collingwood,Shane OBree,8,1,11,0,0,0,5
2009,22,2009-08-30,Docklands,Collingwood,Western Bulldogs,Collingwood,Simon Prestigiacomo,2,2,7,0,0,0,3
2009,22,2009-08-30,Docklands,Collingwood,Western Bulldogs,Collingwood,Heath Shaw,18,5,16,0,1,0,0
2009,22,2009-08-30,Docklands,Collingwood,Western Bulldogs,Collingwood,Dane Swan,10,2,11,1,1,0,4
2009,22,2009-08-30,Docklands,Collingwood,Western Bulldogs,Collingwood,Dale Thomas,10,4,8,2,1,0,1
2009,22,2009-08-30,Docklands,Collingwood,Western Bulldogs,Collingwood,Alan Toovey,8,5,8,0,0,0,1
2009,22,2009-08-30,Docklands,Collingwood,Western Bulldogs,Collingwood,Sharrod Wellingham,5,0,9,1,0,0,1
2009,22,2009-08-30,Docklands,Collingwood,Western Bulldogs,Collingwood,Cameron Wood,2,0,6,0,0,14,2
2009,22,2009-08-30,Docklands,Collingwood,Western Bulldogs,Western Bulldogs,Jason Akermanis,14,6,9,2,2,0,2
2009,22,2009-08-30,Docklands,Collingwood,Western Bulldogs,Western Bulldogs,Matthew Boyd,13,4,22,0,0,0,4
2009,22,2009-08-30,Docklands,Collingwood,Western Bulldogs,Western Bulldogs,Adam Cooney,10,7,21,0,0,0,4
2009,22,2009-08-30,Docklands,Collingwood,Western Bulldogs,Western Bulldogs,Daniel Cross,9,10,13,0,0,0,3
2009,22,2009-08-30,Docklands,Collingwood,Western Bulldogs,Western Bulldogs,Nathan Eagleton,12,8,4,1,0,0,0
2009,22,2009-08-30,Docklands,Collingwood,Western Bulldogs,Western Bulldogs,Andrejs Everitt,12,8,6,1,0,4,1
2009,22,2009-08-30,Docklands,Collingwood,Western Bulldogs,Western Bulldogs,Daniel Giansiracusa,6,3,4,0,0,0,2
2009,22,2009-08-30,Docklands,Collingwood,Western Bulldogs,Western Bulldogs,Lindsay Gilbee,18,10,6,0,0,0,3
2009,22,2009-08-30,Docklands,Collingwood,Western Bulldogs,Western Bulldogs,Mitch Hahn,8,5,6,0,1,0,2
2009,22,2009-08-30,Docklands,Collingwood,Western Bulldogs,Western Bulldogs,Jarrod Harbrow,15,8,14,0,0,0,0
2009,22,2009-08-30,Docklands,Collingwood,Western Bulldogs,Western Bulldogs,Ryan Hargrave,27,19,5,0,0,0,1
2009,22,2009-08-30,Docklands,Collingwood,Western Bulldogs,Western Bulldogs,Shaun Higgins,14,5,8,1,3,0,1
2009,22,2009-08-30,Docklands,Collingwood,Western Bulldogs,Western Bulldogs,Josh Hill,6,3,4,2,1,0,3
2009,22,2009-08-30,Docklands,Collingwood,Western Bulldogs,Western Bulldogs,Brad Johnson,17,7,5,4,2,0,1
2009,22,2009-08-30,Docklands,Collingwood,Western Bulldogs,Western Bulldogs,Brian Lake,22,15,4,0,0,0,3
2009,22,2009-08-30,Docklands,Collingwood,Western Bulldogs,Western Bulldogs,Will Minson,6,3,7,0,0,28,0
2009,22,2009-08-30,Docklands,Collingwood,Western Bulldogs,Western Bulldogs,Dale Morris,8,6,13,0,0,0,0
2009,22,2009-08-30,Docklands,Collingwood,Western Bulldogs,Western Bulldogs,Robert Murphy,14,12,5,1,2,0,2
2009,22,2009-08-30,Docklands,Collingwood,Western Bulldogs,Western Bulldogs,Liam Picken,8,6,7,0,0,0,1
2009,22,2009-08-30,Docklands,Collingwood,Western Bulldogs,Western Bulldogs,Sam Reid,5,5,7,0,0,0,4
2009,22,2009-08-30,Docklands,Collingwood,Western Bulldogs,Western Bulldogs,Callan Ward,12,6,10,1,2,0,2
2009,22,2009-08-30,Docklands,Collingwood,Western Bulldogs,Western Bulldogs,Scott Welsh,11,10,7,1,0,0,0
2009,Elimination Final,2009-09-04,Football Park,Adelaide,Essendon,Adelaide,Brett Burton,8,5,2,3,1,0,2
2009,Elimination Final,2009-09-04,Football Park,Adelaide,Essendon,Adelaide,Patrick Dangerfield,4,2,7,2,0,0,2
2009,Elimination Final,2009-09-04,Football Park,Adelaide,Essendon,Adelaide,Michael Doughty,11,4,7,0,0,0,6
2009,Elimination Final,2009-09-04,Football Park,Adelaide,Essendon,Adelaide,Richard Douglas,8,4,10,2,1,0,2
2009,Elimination Final,2009-09-04,Football Park,Adelaide,Essendon,Adelaide,Tyson Edwards,10,2,7,1,1,0,3
2009,Elimination Final,2009-09-04,Football Park,Adelaide,Essendon,Adelaide,Simon Goodwin,9,5,13,0,0,0,4
2009,Elimination Final,2009-09-04,Football Park,Adelaide,Essendon,Adelaide,Trent Hentschel,9,3,5,1,0,0,1
2009,Elimination Final,2009-09-04,Football Park,Adelaide,Essendon,Adelaide,Graham Johncock,10,4,7,0,0,0,1
2009,Elimination Final,2009-09-04,Football Park,Adelaide,Essendon,Adelaide,Chris Knights,10,5,7,3,0,0,2
2009,Elimination Final,2009-09-04,Football Park,Adelaide,Essendon,Adelaide,David Mackay,10,3,9,1,0,0,3
2009,Elimination Final,2009-09-04,Football Park,Adelaide,Essendon,Adelaide,Ivan Maric,5,4,5,1,0,28,3
2009,Elimination Final,2009-09-04,Football Park,Adelaide,Essendon,Adelaide,Andrew McLeod,21,9,9,0,0,0,2
2009,Elimination Final,2009-09-04,Football Park,Adelaide,Essendon,Adelaide,Andy Otten,7,6,12,0,0,0,2
2009,Elimination Final,2009-09-04,Football Park,Adelaide,Essendon,Adelaide,Jason Porplyzia,9,6,3,5,1,0,6
2009,Elimination Final,2009-09-04,Football Park,Adelaide,Essendon,Adelaide,Brent Reilly,14,8,4,0,1,0,3
2009,Elimination Final,2009-09-04,Football Park,Adelaide,Essendon,Adelaide,Ben Rutten,5,5,10,0,0,0,2
2009,Elimination Final,2009-09-04,Football Park,Adelaide,Essendon,Adelaide,James Sellar,4,6,5,1,0,17,0
2009,Elimination Final,2009-09-04,Football Park,Adelaide,Essendon,Adelaide,Scott Stevens,8,3,7,0,0,0,1
2009,Elimination Final,2009-09-04,Football Park,Adelaide,Essendon,Adelaide,Brad Symes,12,5,11,0,1,1,2
2009,Elimination Final,2009-09-04,Football Park,Adelaide,Essendon,Adelaide,Scott Thompson,9,4,11,1,1,1,2
2009,Elimination Final,2009-09-04,Football Park,Adelaide,Essendon,Adelaide,Kurt Tippett,8,3,3,4,1,17,0
2009,Elimination Final,2009-09-04,Football Park,Adelaide,Essendon,Adelaide,Bernie Vince,20,5,8,1,1,0,2
2009,Elimination Final,2009-09-04,Football Park,Adelaide,Essendon,Essendon,Jarrod Atkinson,4,5,9,0,0,0,6
2009,Elimination Final,2009-09-04,Football Park,Adelaide,Essendon,Essendon,Courtenay Dempsey,8,2,7,0,0,0,3
2009,Elimination Final,2009-09-04,Football Park,Adelaide,Essendon,Essendon,Ricky Dyson,9,2,10,0,0,0,3
2009,Elimination Final,2009-09-04,Football Park,Adelaide,Essendon,Essendon,Dustin Fletcher,5,5,10,0,0,0,0
2009,Elimination Final,2009-09-04,Football Park,Adelaide,Essendon,Essendon,Heath Hocking,6,4,12,0,0,0,4
2009,Elimination Final,2009-09-04,Football Park,Adelaide,Essendon,Essendon,Cale Hooker,1,3,15,0,1,12,3
2009,Elimination Final,2009-09-04,Football Park,Adelaide,Essendon,Essendon,Michael Hurley,5,5,8,0,1,0,1
2009,Elimination Final,2009-09-04,Football Park,Adelaide,Essendon,Essendon,Nathan Lovett-Murray,6,4,18,0,1,5,3
2009,Elimination Final,2009-09-04,Football Park,Adelaide,Essendon,Essendon,Andrew Lovett,10,2,6,1,1,0,1
2009,Elimination Final,2009-09-04,Football Park,Adelaide,Essendon,Essendon,Adam McPhee,8,6,5,4,0,1,3
2009,Elimination Final,2009-09-04,Football Park,Adelaide,Essendon,Essendon,Mark McVeigh,12,2,6,0,0,0,1
2009,Elimination Final,2009-09-04,Football Park,Adelaide,Essendon,Essendon,Angus Monfries,7,4,5,1,1,0,4
2009,Elimination Final,2009-09-04,Football Park,Adelaide,Essendon,Essendon,Jay Neagle,4,5,2,0,0,0,3
2009,Elimination Final,2009-09-04,Football Park,Adelaide,Essendon,Essendon,Tayte Pears,5,1,9,0,1,0,0
2009,Elimination Final,2009-09-04,Football Park,Adelaide,Essendon,Essendon,Brent Prismall,6,2,9,0,0,0,4
2009,Elimination Final,2009-09-04,Football Park,Adelaide,Essendon,Essendon,Michael Quinn,5,3,3,1,1,0,2
2009,Elimination Final,2009-09-04,Football Park,Adelaide,Essendon,Essendon,Hayden Skipworth,5,4,4,2,0,0,4
2009,Elimination Final,2009-09-04,Football Park,Adelaide,Essendon,Essendon,Henry Slattery,5,1,8,0,0,0,4
2009,Elimination Final,2009-09-04,Football Park,Adelaide,Essendon,Essendon,Brent Stanton,12,4,12,1,0,0,2
2009,Elimination Final,2009-09-04,Football Park,Adelaide,Essendon,Essendon,Jobe Watson,6,1,8,0,0,0,4
2009,Elimination Final,2009-09-04,Football Park,Adelaide,Essendon,Essendon,Andrew Welsh,7,4,16,0,1,0,11
2009,Elimination Final,2009-09-04,Football Park,Adelaide,Essendon,Essendon,Jason Winderlich,5,4,8,0,0,0,7
2009,Qualifying Final,2009-09-05,M.C.G.,Geelong,Western Bulldogs,Geelong,Gary Ablett,16,6,15,0,1,0,1
2009,Qualifying Final,2009-09-05,M.C.G.,Geelong,Western Bulldogs,Geelong,Jimmy Bartel,12,3,7,3,0,0,3
2009,Qualifying Final,2009-09-05,M.C.G.,Geelong,Western Bulldogs,Geelong,Mark Blake,1,2,5,0,0,13,1
2009,Qualifying Final,2009-09-05,M.C.G.,Geelong,Western Bulldogs,Geelong,Shannon Byrnes,7,5,5,0,0,0,1
2009,Qualifying Final,2009-09-05,M.C.G.,Geelong,Western Bulldogs,Geelong,Paul Chapman,12,7,4,2,3,0,1
2009,Qualifying Final,2009-09-05,M.C.G.,Geelong,Western Bulldogs,Geelong,Joel Corey,11,4,14,0,0,1,4
2009,Qualifying Final,2009-09-05,M.C.G.,Geelong,Western Bulldogs,Geelong,Corey Enright,15,8,20,1,0,0,3
2009,Qualifying Final,2009-09-05,M.C.G.,Geelong,Western Bulldogs,Geelong,Tom Harley,4,1,6,0,0,0,2
2009,Qualifying Final,2009-09-05,M.C.G.,Geelong,Western Bulldogs,Geelong,Tom Hawkins,5,3,4,0,1,0,4
2009,Qualifying Final,2009-09-05,M.C.G.,Geelong,Western Bulldogs,Geelong,Simon Hogan,3,3,12,0,0,0,1
2009,Qualifying Final,2009-09-05,M.C.G.,Geelong,Western Bulldogs,Geelong,James Kelly,9,8,12,0,0,0,0
2009,Qualifying Final,2009-09-05,M.C.G.,Geelong,Western Bulldogs,Geelong,Cameron Ling,11,5,11,1,0,0,4
2009,Qualifying Final,2009-09-05,M.C.G.,Geelong,Western Bulldogs,Geelong,Andrew Mackie,14,8,7,1,0,0,1
2009,Qualifying Final,2009-09-05,M.C.G.,Geelong,Western Bulldogs,Geelong,Darren Milburn,17,12,14,0,0,0,1
2009,Qualifying Final,2009-09-05,M.C.G.,Geelong,Western Bulldogs,Geelong,Cameron Mooney,13,12,3,2,2,0,0
2009,Qualifying Final,2009-09-05,M.C.G.,Geelong,Western Bulldogs,Geelong,Brad Ottens,6,4,1,1,0,10,3
2009,Qualifying Final,2009-09-05,M.C.G.,Geelong,Western Bulldogs,Geelong,Matthew Scarlett,14,14,16,0,0,0,3
2009,Qualifying Final,2009-09-05,M.C.G.,Geelong,Western Bulldogs,Geelong,Joel Selwood,6,3,12,0,0,0,1
2009,Qualifying Final,2009-09-05,M.C.G.,Geelong,Western Bulldogs,Geelong,Mathew Stokes,7,3,3,2,1,0,4
2009,Qualifying Final,2009-09-05,M.C.G.,Geelong,Western Bulldogs,Geelong,Harry Taylor,9,8,13,1,0,0,1
2009,Qualifying Final,2009-09-05,M.C.G.,Geelong,Western Bulldogs,Geelong,Travis Varcoe,6,4,7,0,0,0,5
2009,Qualifying Final,2009-09-05,M.C.G.,Geelong,Western Bulldogs,Geelong,David Wojcinski,9,2,14,0,1,0,4
2009,Qualifying Final,2009-09-05,M.C.G.,Geelong,Western Bulldogs,Western Bulldogs,Jason Akermanis,13,5,6,3,2,0,1
2009,Qualifying Final,2009-09-05,M.C.G.,Geelong,Western Bulldogs,Western Bulldogs,Matthew Boyd,7,3,22,0,0,2,1
2009,Qualifying Final,2009-09-05,M.C.G.,Geelong,Western Bulldogs,Western Bulldogs,Adam Cooney,12,3,16,0,2,0,3
2009,Qualifying Final,2009-09-05,M.C.G.,Geelong,Western Bulldogs,Western Bulldogs,Daniel Cross,4,3,22,0,0,2,2
2009,Qualifying Final,2009-09-05,M.C.G.,Geelong,Western Bulldogs,Western Bulldogs,Nathan Eagleton,10,3,12,0,0,0,1
2009,Qualifying Final,2009-09-05,M.C.G.,Geelong,Western Bulldogs,Western Bulldogs,Daniel Giansiracusa,9,4,5,0,1,0,2
2009,Qualifying Final,2009-09-05,M.C.G.,Geelong,Western Bulldogs,Western Bulldogs,Lindsay Gilbee,16,8,19,1,0,0,0
2009,Qualifying Final,2009-09-05,M.C.G.,Geelong,Western Bulldogs,Western Bulldogs,Ryan Griffen,9,3,5,1,0,0,2
2009,Qualifying Final,2009-09-05,M.C.G.,Geelong,Western Bulldogs,Western Bulldogs,Mitch Hahn,8,3,4,0,0,0,3
2009,Qualifying Final,2009-09-05,M.C.G.,Geelong,Western Bulldogs,Western Bulldogs,Jarrod Harbrow,6,0,6,0,0,0,4
2009,Qualifying Final,2009-09-05,M.C.G.,Geelong,Western Bulldogs,Western Bulldogs,Ryan Hargrave,8,4,7,0,0,0,2
2009,Qualifying Final,2009-09-05,M.C.G.,Geelong,Western Bulldogs,Western Bulldogs,Shaun Higgins,14,8,7,2,1,0,1
2009,Qualifying Final,2009-09-05,M.C.G.,Geelong,Western Bulldogs,Western Bulldogs,Josh Hill,5,1,6,1,0,0,5
2009,Qualifying Final,2009-09-05,M.C.G.,Geelong,Western Bulldogs,Western Bulldogs,Ben Hudson,2,1,12,1,0,15,5
2009,Qualifying Final,2009-09-05,M.C.G.,Geelong,Western Bulldogs,Western Bulldogs,Brad Johnson,7,2,8,2,1,0,1
2009,Qualifying Final,2009-09-05,M.C.G.,Geelong,Western Bulldogs,Western Bulldogs,Brian Lake,13,4,8,0,1,1,1
2009,Qualifying Final,2009-09-05,M.C.G.,Geelong,Western Bulldogs,Western Bulldogs,Will Minson,4,4,4,0,0,9,4
2009,Qualifying Final,2009-09-05,M.C.G.,Geelong,Western Bulldogs,Western Bulldogs,Dale Morris,3,4,16,0,0,0,3
2009,Qualifying Final,2009-09-05,M.C.G.,Geelong,Western Bulldogs,Western Bulldogs,Robert Murphy,12,7,5,0,0,0,1
2009,Qualifying Final,2009-09-05,M.C.G.,Geelong,Western Bulldogs,Western Bulldogs,Liam Picken,6,2,9,0,0,0,5
2009,Qualifying Final,2009-09-05,M.C.G.,Geelong,Western Bulldogs,Western Bulldogs,Callan Ward,11,4,4,0,0,0,2
2009,Qualifying Final,2009-09-05,M.C.G.,Geelong,Western Bulldogs,Western Bulldogs,Scott Welsh,5,5,11,1,0,0,1
2009,Elimination Final,2009-09-05,Gabba,Brisbane Lions,Carlton,Brisbane Lions,Matt Austin,10,8,4,0,1,0,3
2009,Elimination Final,2009-09-05,Gabba,Brisbane Lions,Carlton,Brisbane Lions,Simon Black,16,7,13,0,0,0,4
2009,Elimination Final,2009-09-05,Gabba,Brisbane Lions,Carlton,Brisbane Lions,Daniel Bradshaw,15,11,1,5,3,1,0
2009,Elimination Final,2009-09-05,Gabba,Brisbane Lions,Carlton,Brisbane Lions,Jared Brennan,13,5,5,0,0,11,6
2009,Elimination Final,2009-09-05,Gabba,Brisbane Lions,Carlton,Brisbane Lions,Jonathan Brown,14,10,1,4,3,1,2
2009,Elimination Final,2009-09-05,Gabba,Brisbane Lions,Carlton,Brisbane Lions,Mitch Clark,5,5,10,0,0,20,4
2009,Elimination Final,2009-09-05,Gabba,Brisbane Lions,Carlton,Brisbane Lions,Scott Harding,3,3,6,0,0,0,4
2009,Elimination Final,2009-09-05,Gabba,Brisbane Lions,Carlton,Brisbane Lions,James Hawksley,4,1,5,0,0,0,2
2009,Elimination Final,2009-09-05,Gabba,Brisbane Lions,Carlton,Brisbane Lions,Rhan Hooper,3,1,0,1,0,0,3
2009,Elimination Final,2009-09-05,Gabba,Brisbane Lions,Carlton,Brisbane Lions,Travis Johnstone,9,0,11,2,1,0,4
2009,Elimination Final,2009-09-05,Gabba,Brisbane Lions,Carlton,Brisbane Lions,Ashley McGrath,16,5,3,0,0,0,2
2009,Elimination Final,2009-09-05,Gabba,Brisbane Lions,Carlton,Brisbane Lions,Daniel Merrett,8,3,3,0,0,0,1
2009,Elimination Final,2009-09-05,Gabba,Brisbane Lions,Carlton,Brisbane Lions,Joel Patfull,10,5,4,0,0,0,3
2009,Elimination Final,2009-09-05,Gabba,Brisbane Lions,Carlton,Brisbane Lions,James Polkinghorne,9,5,3,0,2,0,3
2009,Elimination Final,2009-09-05,Gabba,Brisbane Lions,Carlton,Brisbane Lions,Luke Power,11,2,13,0,0,0,9
2009,Elimination Final,2009-09-05,Gabba,Brisbane Lions,Carlton,Brisbane Lions,Jack Redden,5,2,6,1,1,0,3
2009,Elimination Final,2009-09-05,Gabba,Brisbane Lions,Carlton,Brisbane Lions,Daniel Rich,8,1,4,1,1,1,3
2009,Elimination Final,2009-09-05,Gabba,Brisbane Lions,Carlton,Brisbane Lions,Michael Rischitelli,10,3,5,0,0,0,6
2009,Elimination Final,2009-09-05,Gabba,Brisbane Lions,Carlton,Brisbane Lions,Jason Roe,10,8,7,0,0,0,1
2009,Elimination Final,2009-09-05,Gabba,Brisbane Lions,Carlton,Brisbane Lions,Sam Sheldon,6,2,5,0,0,0,2
2009,Elimination Final,2009-09-05,Gabba,Brisbane Lions,Carlton,Brisbane Lions,Justin Sherman,12,4,2,2,1,0,7
2009,Elimination Final,2009-09-05,Gabba,Brisbane Lions,Carlton,Brisbane Lions,Cheynee Stiller,4,1,5,0,0,0,0
2009,Elimination Final,2009-09-05,Gabba,Brisbane Lions,Carlton,Carlton,Dennis Armfield,2,1,7,0,0,0,1
2009,Elimination Final,2009-09-05,Gabba,Brisbane Lions,Carlton,Carlton,Eddie Betts,8,2,4,1,2,0,4
2009,Elimination Final,2009-09-05,Gabba,Brisbane Lions,Carlton,Carlton,Paul Bower,6,4,8,0,0,0,1
2009,Elimination Final,2009-09-05,Gabba,Brisbane Lions,Carlton,Carlton,Andrew Carrazzo,18,10,7,1,0,0,4
2009,Elimination Final,2009-09-05,Gabba,Brisbane Lions,Carlton,Carlton,Cameron Cloke,9,4,5,2,2,11,1
2009,Elimination Final,2009-09-05,Gabba,Brisbane Lions,Carlton,Carlton,Brendan Fevola,8,5,1,3,1,1,3
2009,Elimination Final,2009-09-05,Gabba,Brisbane Lions,Carlton,Carlton,Jeff Garlett,5,2,1,1,0,0,2
2009,Elimination Final,2009-09-05,Gabba,Brisbane Lions,Carlton,Carlton,Bryce Gibbs,6,3,12,0,0,0,2
2009,Elimination Final,2009-09-05,Gabba,Brisbane Lions,Carlton,Carlton,Shaun Grigg,10,2,7,0,0,0,5
2009,Elimination Final,2009-09-05,Gabba,Brisbane Lions,Carlton,Carlton,Shaun Hampson,3,2,4,0,1,20,2
2009,Elimination Final,2009-09-05,Gabba,Brisbane Lions,Carlton,Carlton,Ryan Houlihan,14,2,11,1,0,0,3
2009,Elimination Final,2009-09-05,Gabba,Brisbane Lions,Carlton,Carlton,Aaron Joseph,4,4,3,0,0,0,1
2009,Elimination Final,2009-09-05,Gabba,Brisbane Lions,Carlton,Carlton,Chris Judd,20,2,10,1,1,0,1
2009,Elimination Final,2009-09-05,Gabba,Brisbane Lions,Carlton,Carlton,Matthew Kreuzer,6,4,13,1,1,18,3
2009,Elimination Final,2009-09-05,Gabba,Brisbane Lions,Carlton,Carlton,Marc Murphy,10,2,15,1,1,0,3
2009,Elimination Final,2009-09-05,Gabba,Brisbane Lions,Carlton,Carlton,Jordan Russell,8,3,8,1,0,0,1
2009,Elimination Final,2009-09-05,Gabba,Brisbane Lions,Carlton,Carlton,Heath Scotland,8,7,11,0,0,0,3
2009,Elimination Final,2009-09-05,Gabba,Brisbane Lions,Carlton,Carlton,Kade Simpson,10,5,13,0,0,0,4
2009,Elimination Final,2009-09-05,Gabba,Brisbane Lions,Carlton,Carlton,Nick Stevens,14,5,4,2,1,0,6
2009,Elimination Final,2009-09-05,Gabba,Brisbane Lions,Carlton,Carlton,Bret Thornton,8,4,2,0,0,0,0
2009,Elimination Final,2009-09-05,Gabba,Brisbane Lions,Carlton,Carlton,Andrew Walker,9,1,3,0,2,0,2
2009,Elimination Final,2009-09-05,Gabba,Brisbane Lions,Carlton,Carlton,Simon Wiggins,5,7,11,0,0,0,3
2009,Qualifying Final,2009-09-06,M.C.G.,St Kilda,Collingwood,St Kilda,Steven Baker,11,8,6,0,0,0,1
2009,Qualifying Final,2009-09-06,M.C.G.,St Kilda,Collingwood,St Kilda,Luke Ball,7,1,9,0,0,0,3
2009,Qualifying Final,2009-09-06,M.C.G.,St Kilda,Collingwood,St Kilda,Jason Blake,15,14,6,0,0,0,1
2009,Qualifying Final,2009-09-06,M.C.G.,St Kilda,Collingwood,St Kilda,Raphael Clarke,7,3,5,0,1,0,2
2009,Qualifying Final,2009-09-06,M.C.G.,St Kilda,Collingwood,St Kilda,Nick Dal Santo,21,7,13,0,0,0,4
2009,Qualifying Final,2009-09-06,M.C.G.,St Kilda,Collingwood,St Kilda,Zac Dawson,6,11,12,0,0,0,1
2009,Qualifying Final,2009-09-06,M.C.G.,St Kilda,Collingwood,St Kilda,Robert Eddy,4,3,4,0,1,0,7
2009,Qualifying Final,2009-09-06,M.C.G.,St Kilda,Collingwood,St Kilda,Sam Fisher,25,16,17,0,0,0,0
2009,Qualifying Final,2009-09-06,M.C.G.,St Kilda,Collingwood,St Kilda,Michael Gardiner,7,4,4,0,1,18,1
2009,Qualifying Final,2009-09-06,M.C.G.,St Kilda,Collingwood,St Kilda,Sam Gilbert,15,9,7,0,0,0,4
2009,Qualifying Final,2009-09-06,M.C.G.,St Kilda,Collingwood,St Kilda,Brendon Goddard,15,12,13,1,0,0,2
2009,Qualifying Final,2009-09-06,M.C.G.,St Kilda,Collingwood,St Kilda,Jason Gram,12,5,10,0,0,0,0
2009,Qualifying Final,2009-09-06,M.C.G.,St Kilda,Collingwood,St Kilda,Lenny Hayes,21,7,10,0,0,1,4
2009,Qualifying Final,2009-09-06,M.C.G.,St Kilda,Collingwood,St Kilda,Clinton Jones,5,0,7,0,0,0,3
2009,Qualifying Final,2009-09-06,M.C.G.,St Kilda,Collingwood,St Kilda,Steven King,2,1,5,0,0,15,3
2009,Qualifying Final,2009-09-06,M.C.G.,St Kilda,Collingwood,St Kilda,Justin Koschitzke,10,8,2,2,2,0,1
2009,Qualifying Final,2009-09-06,M.C.G.,St Kilda,Collingwood,St Kilda,Andrew McQualter,10,3,8,2,0,0,6
2009,Qualifying Final,2009-09-06,M.C.G.,St Kilda,Collingwood,St Kilda,Stephen Milne,6,5,5,1,0,0,4
2009,Qualifying Final,2009-09-06,M.C.G.,St Kilda,Collingwood,St Kilda,Leigh Montagna,21,9,11,0,0,0,1
2009,Qualifying Final,2009-09-06,M.C.G.,St Kilda,Collingwood,St Kilda,Farren Ray,13,5,15,0,0,0,5
2009,Qualifying Final,2009-09-06,M.C.G.,St Kilda,Collingwood,St Kilda,Nick Riewoldt,13,10,6,5,1,2,5
2009,Qualifying Final,2009-09-06,M.C.G.,St Kilda,Collingwood,St Kilda,Adam Schneider,10,6,8,1,0,0,2
2009,Qualifying Final,2009-09-06,M.C.G.,St Kilda,Collingwood,Collingwood,John Anthony,3,1,0,1,0,0,5
2009,Qualifying Final,2009-09-06,M.C.G.,St Kilda,Collingwood,Collingwood,Dayne Beams,6,1,5,0,1,0,2
2009,Qualifying Final,2009-09-06,M.C.G.,St Kilda,Collingwood,Collingwood,Leigh Brown,4,6,9,0,1,3,2
2009,Qualifying Final,2009-09-06,M.C.G.,St Kilda,Collingwood,Collingwood,Travis Cloke,17,13,2,0,2,2,3
2009,Qualifying Final,2009-09-06,M.C.G.,St Kilda,Collingwood,Collingwood,Leon Davis,8,3,7,1,1,0,4
2009,Qualifying Final,2009-09-06,M.C.G.,St Kilda,Collingwood,Collingwood,Alan Didak,7,0,6,0,0,0,3
2009,Qualifying Final,2009-09-06,M.C.G.,St Kilda,Collingwood,Collingwood,Josh Fraser,10,4,3,0,0,10,0
2009,Qualifying Final,2009-09-06,M.C.G.,St Kilda,Collingwood,Collingwood,Ben Johnson,11,3,9,0,0,0,0
2009,Qualifying Final,2009-09-06,M.C.G.,St Kilda,Collingwood,Collingwood,Tarkyn Lockyer,5,0,4,0,0,0,6
2009,Qualifying Final,2009-09-06,M.C.G.,St Kilda,Collingwood,Collingwood,Heritier Lumumba,6,2,3,0,0,0,2
2009,Qualifying Final,2009-09-06,M.C.G.,St Kilda,Collingwood,Collingwood,Nick Maxwell,8,5,9,0,0,0,1
2009,Qualifying Final,2009-09-06,M.C.G.,St Kilda,Collingwood,Collingwood,John McCarthy,6,4,3,0,0,0,1
2009,Qualifying Final,2009-09-06,M.C.G.,St Kilda,Collingwood,Collingwood,Paul Medhurst,8,6,2,1,0,0,0
2009,Qualifying Final,2009-09-06,M.C.G.,St Kilda,Collingwood,Collingwood,Shane OBree,8,1,4,0,0,0,2
2009,Qualifying Final,2009-09-06,M.C.G.,St Kilda,Collingwood,Collingwood,Scott Pendlebury,1,0,3,0,0,0,1
2009,Qualifying Final,2009-09-06,M.C.G.,St Kilda,Collingwood,Collingwood,Simon Prestigiacomo,0,1,3,0,0,0,1
2009,Qualifying Final,2009-09-06,M.C.G.,St Kilda,Collingwood,Collingwood,Anthony Rocca,4,3,1,2,0,3,3
2009,Qualifying Final,2009-09-06,M.C.G.,St Kilda,Collingwood,Collingwood,Heath Shaw,11,6,10,0,0,0,6
2009,Qualifying Final,2009-09-06,M.C.G.,St Kilda,Collingwood,Collingwood,Steele Sidebottom,7,2,5,0,0,0,3
2009,Qualifying Final,2009-09-06,M.C.G.,St Kilda,Collingwood,Collingwood,Dane Swan,15,6,9,0,1,0,3
2009,Qualifying Final,2009-09-06,M.C.G.,St Kilda,Collingwood,Collingwood,Dale Thomas,8,3,4,2,2,0,1
2009,Qualifying Final,2009-09-06,M.C.G.,St Kilda,Collingwood,Collingwood,Alan Toovey,8,4,12,0,0,1,6
2009,Semi Final,2009-09-11,M.C.G.,Western Bulldogs,Brisbane Lions,Western Bulldogs,Jason Akermanis,8,4,6,1,2,0,4
2009,Semi Final,2009-09-11,M.C.G.,Western Bulldogs,Brisbane Lions,Western Bulldogs,Matthew Boyd,18,7,18,0,0,1,4
2009,Semi Final,2009-09-11,M.C.G.,Western Bulldogs,Brisbane Lions,Western Bulldogs,Tim Callan,6,2,9,0,0,0,2
2009,Semi Final,2009-09-11,M.C.G.,Western Bulldogs,Brisbane Lions,Western Bulldogs,Adam Cooney,14,1,18,1,2,0,2
2009,Semi Final,2009-09-11,M.C.G.,Western Bulldogs,Brisbane Lions,Western Bulldogs,Daniel Cross,10,2,10,0,0,0,3
2009,Semi Final,2009-09-11,M.C.G.,Western Bulldogs,Brisbane Lions,Western Bulldogs,Nathan Eagleton,16,9,14,3,0,0,2
2009,Semi Final,2009-09-11,M.C.G.,Western Bulldogs,Brisbane Lions,Western Bulldogs,Daniel Giansiracusa,23,9,10,0,0,0,0
2009,Semi Final,2009-09-11,M.C.G.,Western Bulldogs,Brisbane Lions,Western Bulldogs,Lindsay Gilbee,20,6,9,1,0,0,1
2009,Semi Final,2009-09-11,M.C.G.,Western Bulldogs,Brisbane Lions,Western Bulldogs,Ryan Griffen,13,4,9,1,1,1,2
2009,Semi Final,2009-09-11,M.C.G.,Western Bulldogs,Brisbane Lions,Western Bulldogs,Mitch Hahn,6,4,7,4,0,0,3
2009,Semi Final,2009-09-11,M.C.G.,Western Bulldogs,Brisbane Lions,Western Bulldogs,Jarrod Harbrow,15,3,6,0,1,0,5
2009,Semi Final,2009-09-11,M.C.G.,Western Bulldogs,Brisbane Lions,Western Bulldogs,Ryan Hargrave,17,9,12,0,1,0,3
2009,Semi Final,2009-09-11,M.C.G.,Western Bulldogs,Brisbane Lions,Western Bulldogs,Shaun Higgins,9,8,20,2,0,0,1
2009,Semi Final,2009-09-11,M.C.G.,Western Bulldogs,Brisbane Lions,Western Bulldogs,Ben Hudson,6,5,16,0,0,20,2
2009,Semi Final,2009-09-11,M.C.G.,Western Bulldogs,Brisbane Lions,Western Bulldogs,Brad Johnson,16,4,10,0,0,0,2
2009,Semi Final,2009-09-11,M.C.G.,Western Bulldogs,Brisbane Lions,Western Bulldogs,Brian Lake,6,5,10,0,0,0,2
2009,Semi Final,2009-09-11,M.C.G.,Western Bulldogs,Brisbane Lions,Western Bulldogs,Will Minson,7,4,4,1,1,16,2
2009,Semi Final,2009-09-11,M.C.G.,Western Bulldogs,Brisbane Lions,Western Bulldogs,Dale Morris,2,2,3,0,0,0,4
2009,Semi Final,2009-09-11,M.C.G.,Western Bulldogs,Brisbane Lions,Western Bulldogs,Robert Murphy,12,11,5,0,3,0,1
2009,Semi Final,2009-09-11,M.C.G.,Western Bulldogs,Brisbane Lions,Western Bulldogs,Liam Picken,3,0,9,0,0,0,5
2009,Semi Final,2009-09-11,M.C.G.,Western Bulldogs,Brisbane Lions,Western Bulldogs,Callan Ward,11,5,11,2,0,0,5
2009,Semi Final,2009-09-11,M.C.G.,Western Bulldogs,Brisbane Lions,Western Bulldogs,Scott Welsh,10,5,5,0,0,1,2
2009,Semi Final,2009-09-11,M.C.G.,Western Bulldogs,Brisbane Lions,Brisbane Lions,Jed Adcock,4,2,7,0,0,0,3
2009,Semi Final,2009-09-11,M.C.G.,Western Bulldogs,Brisbane Lions,Brisbane Lions,Matt Austin,4,4,4,0,1,0,0
2009,Semi Final,2009-09-11,M.C.G.,Western Bulldogs,Brisbane Lions,Brisbane Lions,Simon Black,10,0,4,0,0,0,9
2009,Semi Final,2009-09-11,M.C.G.,Western Bulldogs,Brisbane Lions,Brisbane Lions,Daniel Bradshaw,11,8,1,3,2,0,1
2009,Semi Final,2009-09-11,M.C.G.,Western Bulldogs,Brisbane Lions,Brisbane Lions,Jared Brennan,10,2,12,0,0,4,4
2009,Semi Final,2009-09-11,M.C.G.,Western Bulldogs,Brisbane Lions,Brisbane Lions,Jonathan Brown,12,15,7,3,1,1,2
2009,Semi Final,2009-09-11,M.C.G.,Western Bulldogs,Brisbane Lions,Brisbane Lions,Mitch Clark,6,6,4,0,0,19,4
2009,Semi Final,2009-09-11,M.C.G.,Western Bulldogs,Brisbane Lions,Brisbane Lions,Josh Drummond,6,9,8,0,1,0,2
2009,Semi Final,2009-09-11,M.C.G.,Western Bulldogs,Brisbane Lions,Brisbane Lions,James Hawksley,9,2,6,0,0,0,5
2009,Semi Final,2009-09-11,M.C.G.,Western Bulldogs,Brisbane Lions,Brisbane Lions,Rhan Hooper,3,2,3,0,1,0,1
2009,Semi Final,2009-09-11,M.C.G.,Western Bulldogs,Brisbane Lions,Brisbane Lions,Travis Johnstone,7,4,9,0,0,0,2
2009,Semi Final,2009-09-11,M.C.G.,Western Bulldogs,Brisbane Lions,Brisbane Lions,Ashley McGrath,8,1,7,1,0,0,6
2009,Semi Final,2009-09-11,M.C.G.,Western Bulldogs,Brisbane Lions,Brisbane Lions,Daniel Merrett,6,3,10,0,0,0,1
2009,Semi Final,2009-09-11,M.C.G.,Western Bulldogs,Brisbane Lions,Brisbane Lions,Tim Notting,14,7,7,0,0,0,4
2009,Semi Final,2009-09-11,M.C.G.,Western Bulldogs,Brisbane Lions,Brisbane Lions,Joel Patfull,8,4,8,0,0,0,4
2009,Semi Final,2009-09-11,M.C.G.,Western Bulldogs,Brisbane Lions,Brisbane Lions,James Polkinghorne,3,5,7,0,0,1,1
2009,Semi Final,2009-09-11,M.C.G.,Western Bulldogs,Brisbane Lions,Brisbane Lions,Luke Power,17,5,14,0,0,0,3
2009,Semi Final,2009-09-11,M.C.G.,Western Bulldogs,Brisbane Lions,Brisbane Lions,Jack Redden,5,0,2,1,0,0,3
2009,Semi Final,2009-09-11,M.C.G.,Western Bulldogs,Brisbane Lions,Brisbane Lions,Daniel Rich,7,2,6,0,0,0,4
2009,Semi Final,2009-09-11,M.C.G.,Western Bulldogs,Brisbane Lions,Brisbane Lions,Michael Rischitelli,6,2,11,0,0,0,7
2009,Semi Final,2009-09-11,M.C.G.,Western Bulldogs,Brisbane Lions,Brisbane Lions,Sam Sheldon,6,4,3,0,1,0,4
2009,Semi Final,2009-09-11,M.C.G.,Western Bulldogs,Brisbane Lions,Brisbane Lions,Justin Sherman,8,0,8,0,1,0,9
2009,Semi Final,2009-09-12,M.C.G.,Collingwood,Adelaide,Collingwood,John Anthony,4,1,0,1,2,0,0
2009,Semi Final,2009-09-12,M.C.G.,Collingwood,Adelaide,Collingwood,Leigh Brown,3,2,4,1,1,6,1
2009,Semi Final,2009-09-12,M.C.G.,Collingwood,Adelaide,Collingwood,Travis Cloke,13,10,3,1,1,2,1
2009,Semi Final,2009-09-12,M.C.G.,Collingwood,Adelaide,Collingwood,Leon Davis,10,6,2,0,1,0,4
2009,Semi Final,2009-09-12,M.C.G.,Collingwood,Adelaide,Collingwood,Brad Dick,9,4,0,2,1,0,2
2009,Semi Final,2009-09-12,M.C.G.,Collingwood,Adelaide,Collingwood,Alan Didak,11,3,8,0,1,0,2
2009,Semi Final,2009-09-12,M.C.G.,Collingwood,Adelaide,Collingwood,Tyson Goldsack,8,4,7,0,0,0,4
2009,Semi Final,2009-09-12,M.C.G.,Collingwood,Adelaide,Collingwood,Ben Johnson,13,3,6,2,0,0,4
2009,Semi Final,2009-09-12,M.C.G.,Collingwood,Adelaide,Collingwood,Tarkyn Lockyer,10,8,10,1,0,0,2
2009,Semi Final,2009-09-12,M.C.G.,Collingwood,Adelaide,Collingwood,Heritier Lumumba,4,2,5,1,0,0,3
2009,Semi Final,2009-09-12,M.C.G.,Collingwood,Adelaide,Collingwood,Brent Macaffer,12,5,6,1,1,0,3
2009,Semi Final,2009-09-12,M.C.G.,Collingwood,Adelaide,Collingwood,Nick Maxwell,11,9,11,0,0,2,5
2009,Semi Final,2009-09-12,M.C.G.,Collingwood,Adelaide,Collingwood,Paul Medhurst,2,0,2,0,0,0,4
2009,Semi Final,2009-09-12,M.C.G.,Collingwood,Adelaide,Collingwood,Shane OBree,12,1,8,0,1,0,4
2009,Semi Final,2009-09-12,M.C.G.,Collingwood,Adelaide,Collingwood,Simon Prestigiacomo,2,2,4,0,0,0,5
2009,Semi Final,2009-09-12,M.C.G.,Collingwood,Adelaide,Collingwood,Heath Shaw,16,6,13,0,0,0,3
2009,Semi Final,2009-09-12,M.C.G.,Collingwood,Adelaide,Collingwood,Steele Sidebottom,14,7,11,0,0,0,10
2009,Semi Final,2009-09-12,M.C.G.,Collingwood,Adelaide,Collingwood,Dane Swan,17,3,11,1,0,0,6
2009,Semi Final,2009-09-12,M.C.G.,Collingwood,Adelaide,Collingwood,Dale Thomas,8,6,11,0,0,0,2
2009,Semi Final,2009-09-12,M.C.G.,Collingwood,Adelaide,Collingwood,Alan Toovey,8,2,8,0,0,2,2
2009,Semi Final,2009-09-12,M.C.G.,Collingwood,Adelaide,Collingwood,Sharrod Wellingham,11,7,6,1,0,0,0
2009,Semi Final,2009-09-12,M.C.G.,Collingwood,Adelaide,Collingwood,Cameron Wood,6,6,2,0,0,16,2
2009,Semi Final,2009-09-12,M.C.G.,Collingwood,Adelaide,Adelaide,Brett Burton,6,1,5,1,0,0,3
2009,Semi Final,2009-09-12,M.C.G.,Collingwood,Adelaide,Adelaide,Patrick Dangerfield,6,4,10,2,2,0,3
2009,Semi Final,2009-09-12,M.C.G.,Collingwood,Adelaide,Adelaide,Michael Doughty,8,7,17,0,0,0,2
2009,Semi Final,2009-09-12,M.C.G.,Collingwood,Adelaide,Adelaide,Tyson Edwards,13,12,16,0,1,0,1
2009,Semi Final,2009-09-12,M.C.G.,Collingwood,Adelaide,Adelaide,Simon Goodwin,13,5,21,0,1,0,0
2009,Semi Final,2009-09-12,M.C.G.,Collingwood,Adelaide,Adelaide,Trent Hentschel,9,2,5,1,0,0,4
2009,Semi Final,2009-09-12,M.C.G.,Collingwood,Adelaide,Adelaide,Graham Johncock,13,3,15,0,0,0,2
2009,Semi Final,2009-09-12,M.C.G.,Collingwood,Adelaide,Adelaide,Chris Knights,5,2,2,1,2,0,3
2009,Semi Final,2009-09-12,M.C.G.,Collingwood,Adelaide,Adelaide,David Mackay,14,3,16,0,2,1,2
2009,Semi Final,2009-09-12,M.C.G.,Collingwood,Adelaide,Adelaide,Ivan Maric,4,2,6,0,0,21,3
2009,Semi Final,2009-09-12,M.C.G.,Collingwood,Adelaide,Adelaide,Andrew McLeod,9,1,9,0,0,0,2
2009,Semi Final,2009-09-12,M.C.G.,Collingwood,Adelaide,Adelaide,Andy Otten,7,8,18,0,0,0,0
2009,Semi Final,2009-09-12,M.C.G.,Collingwood,Adelaide,Adelaide,Jason Porplyzia,11,3,9,0,0,0,2
2009,Semi Final,2009-09-12,M.C.G.,Collingwood,Adelaide,Adelaide,Brent Reilly,9,2,9,0,1,0,2
2009,Semi Final,2009-09-12,M.C.G.,Collingwood,Adelaide,Adelaide,Ben Rutten,6,4,8,0,0,0,1
2009,Semi Final,2009-09-12,M.C.G.,Collingwood,Adelaide,Adelaide,James Sellar,4,2,2,0,1,12,1
2009,Semi Final,2009-09-12,M.C.G.,Collingwood,Adelaide,Adelaide,Robert Shirley,3,3,13,0,0,0,1
2009,Semi Final,2009-09-12,M.C.G.,Collingwood,Adelaide,Adelaide,Scott Stevens,17,13,10,0,0,3,2
2009,Semi Final,2009-09-12,M.C.G.,Collingwood,Adelaide,Adelaide,Brad Symes,11,4,17,0,0,2,2
2009,Semi Final,2009-09-12,M.C.G.,Collingwood,Adelaide,Adelaide,Scott Thompson,11,8,17,2,1,0,1
2009,Semi Final,2009-09-12,M.C.G.,Collingwood,Adelaide,Adelaide,Kurt Tippett,4,1,4,4,0,6,0
2009,Semi Final,2009-09-12,M.C.G.,Collingwood,Adelaide,Adelaide,Bernie Vince,10,5,24,0,0,0,1
2009,Preliminary Final,2009-09-18,M.C.G.,St Kilda,Western Bulldogs,St Kilda,Steven Baker,5,4,7,0,0,0,6
2009,Preliminary Final,2009-09-18,M.C.G.,St Kilda,Western Bulldogs,St Kilda,Luke Ball,7,2,10,0,0,0,6
2009,Preliminary Final,2009-09-18,M.C.G.,St Kilda,Western Bulldogs,St Kilda,Jason Blake,9,8,8,0,0,0,0
2009,Preliminary Final,2009-09-18,M.C.G.,St Kilda,Western Bulldogs,St Kilda,Raphael Clarke,13,9,8,0,0,0,1
2009,Preliminary Final,2009-09-18,M.C.G.,St Kilda,Western Bulldogs,St Kilda,Nick Dal Santo,23,5,8,1,0,2,2
2009,Preliminary Final,2009-09-18,M.C.G.,St Kilda,Western Bulldogs,St Kilda,Zac Dawson,6,7,10,0,0,0,5
2009,Preliminary Final,2009-09-18,M.C.G.,St Kilda,Western Bulldogs,St Kilda,Robert Eddy,0,1,4,0,0,0,1
2009,Preliminary Final,2009-09-18,M.C.G.,St Kilda,Western Bulldogs,St Kilda,Sam Fisher,22,7,8,1,0,0,2
2009,Preliminary Final,2009-09-18,M.C.G.,St Kilda,Western Bulldogs,St Kilda,Michael Gardiner,5,2,5,0,0,25,0
2009,Preliminary Final,2009-09-18,M.C.G.,St Kilda,Western Bulldogs,St Kilda,Sam Gilbert,8,4,12,0,0,0,2
2009,Preliminary Final,2009-09-18,M.C.G.,St Kilda,Western Bulldogs,St Kilda,Brendon Goddard,12,7,9,0,0,3,2
2009,Preliminary Final,2009-09-18,M.C.G.,St Kilda,Western Bulldogs,St Kilda,Jason Gram,7,5,11,0,0,0,3
2009,Preliminary Final,2009-09-18,M.C.G.,St Kilda,Western Bulldogs,St Kilda,Lenny Hayes,23,6,11,1,1,4,3
2009,Preliminary Final,2009-09-18,M.C.G.,St Kilda,Western Bulldogs,St Kilda,Clinton Jones,8,2,15,0,0,0,3
2009,Preliminary Final,2009-09-18,M.C.G.,St Kilda,Western Bulldogs,St Kilda,Steven King,2,1,3,0,0,9,5
2009,Preliminary Final,2009-09-18,M.C.G.,St Kilda,Western Bulldogs,St Kilda,Justin Koschitzke,10,6,2,0,2,0,2
2009,Preliminary Final,2009-09-18,M.C.G.,St Kilda,Western Bulldogs,St Kilda,Andrew McQualter,4,3,7,1,0,0,6
2009,Preliminary Final,2009-09-18,M.C.G.,St Kilda,Western Bulldogs,St Kilda,Stephen Milne,5,3,7,1,0,0,3
2009,Preliminary Final,2009-09-18,M.C.G.,St Kilda,Western Bulldogs,St Kilda,Leigh Montagna,13,3,8,0,1,0,2
2009,Preliminary Final,2009-09-18,M.C.G.,St Kilda,Western Bulldogs,St Kilda,Farren Ray,6,4,10,0,0,0,4
2009,Preliminary Final,2009-09-18,M.C.G.,St Kilda,Western Bulldogs,St Kilda,Nick Riewoldt,13,11,5,4,1,1,3
2009,Preliminary Final,2009-09-18,M.C.G.,St Kilda,Western Bulldogs,St Kilda,Adam Schneider,4,2,5,0,1,0,3
2009,Preliminary Final,2009-09-18,M.C.G.,St Kilda,Western Bulldogs,Western Bulldogs,Jason Akermanis,7,2,7,0,0,0,4
2009,Preliminary Final,2009-09-18,M.C.G.,St Kilda,Western Bulldogs,Western Bulldogs,Matthew Boyd,10,4,16,0,0,1,4
2009,Preliminary Final,2009-09-18,M.C.G.,St Kilda,Western Bulldogs,Western Bulldogs,Tim Callan,10,5,5,0,0,0,3
2009,Preliminary Final,2009-09-18,M.C.G.,St Kilda,Western Bulldogs,Western Bulldogs,Adam Cooney,9,1,17,0,0,0,2
2009,Preliminary Final,2009-09-18,M.C.G.,St Kilda,Western Bulldogs,Western Bulldogs,Daniel Cross,4,4,19,0,0,7,8
2009,Preliminary Final,2009-09-18,M.C.G.,St Kilda,Western Bulldogs,Western Bulldogs,Nathan Eagleton,6,3,4,0,1,0,2
2009,Preliminary Final,2009-09-18,M.C.G.,St Kilda,Western Bulldogs,Western Bulldogs,Daniel Giansiracusa,11,1,5,1,2,0,5
2009,Preliminary Final,2009-09-18,M.C.G.,St Kilda,Western Bulldogs,Western Bulldogs,Lindsay Gilbee,16,5,2,0,1,0,3
2009,Preliminary Final,2009-09-18,M.C.G.,St Kilda,Western Bulldogs,Western Bulldogs,Ryan Griffen,17,4,11,0,1,1,3
2009,Preliminary Final,2009-09-18,M.C.G.,St Kilda,Western Bulldogs,Western Bulldogs,Mitch Hahn,7,7,9,2,1,1,7
2009,Preliminary Final,2009-09-18,M.C.G.,St Kilda,Western Bulldogs,Western Bulldogs,Jarrod Harbrow,16,9,7,0,0,0,2
2009,Preliminary Final,2009-09-18,M.C.G.,St Kilda,Western Bulldogs,Western Bulldogs,Ryan Hargrave,17,7,8,0,0,0,1
2009,Preliminary Final,2009-09-18,M.C.G.,St Kilda,Western Bulldogs,Western Bulldogs,Shaun Higgins,8,1,15,1,1,0,4
2009,Preliminary Final,2009-09-18,M.C.G.,St Kilda,Western Bulldogs,Western Bulldogs,Ben Hudson,3,1,11,0,0,16,3
2009,Preliminary Final,2009-09-18,M.C.G.,St Kilda,Western Bulldogs,Western Bulldogs,Brad Johnson,15,6,4,2,0,0,5
2009,Preliminary Final,2009-09-18,M.C.G.,St Kilda,Western Bulldogs,Western Bulldogs,Brian Lake,13,7,5,0,0,0,2
2009,Preliminary Final,2009-09-18,M.C.G.,St Kilda,Western Bulldogs,Western Bulldogs,Will Minson,7,4,5,0,0,10,4
2009,Preliminary Final,2009-09-18,M.C.G.,St Kilda,Western Bulldogs,Western Bulldogs,Dale Morris,9,6,12,0,0,0,2
2009,Preliminary Final,2009-09-18,M.C.G.,St Kilda,Western Bulldogs,Western Bulldogs,Robert Murphy,12,9,4,0,1,0,0
2009,Preliminary Final,2009-09-18,M.C.G.,St Kilda,Western Bulldogs,Western Bulldogs,Liam Picken,7,3,5,1,0,0,6
2009,Preliminary Final,2009-09-18,M.C.G.,St Kilda,Western Bulldogs,Western Bulldogs,Callan Ward,7,2,7,0,1,0,2
2009,Preliminary Final,2009-09-18,M.C.G.,St Kilda,Western Bulldogs,Western Bulldogs,Scott Welsh,8,5,3,0,0,0,0
2009,Preliminary Final,2009-09-19,M.C.G.,Geelong,Collingwood,Geelong,Gary Ablett,16,4,18,2,3,0,2
2009,Preliminary Final,2009-09-19,M.C.G.,Geelong,Collingwood,Geelong,Jimmy Bartel,21,13,11,0,1,1,5
2009,Preliminary Final,2009-09-19,M.C.G.,Geelong,Collingwood,Geelong,Mark Blake,3,2,5,0,0,22,0
2009,Preliminary Final,2009-09-19,M.C.G.,Geelong,Collingwood,Geelong,Shannon Byrnes,10,4,5,2,0,0,0
2009,Preliminary Final,2009-09-19,M.C.G.,Geelong,Collingwood,Geelong,Paul Chapman,19,7,7,5,0,0,2
2009,Preliminary Final,2009-09-19,M.C.G.,Geelong,Collingwood,Geelong,Joel Corey,15,10,19,1,0,3,2
2009,Preliminary Final,2009-09-19,M.C.G.,Geelong,Collingwood,Geelong,Corey Enright,15,8,10,0,1,1,4
2009,Preliminary Final,2009-09-19,M.C.G.,Geelong,Collingwood,Geelong,Tom Harley,9,9,6,0,0,0,3
2009,Preliminary Final,2009-09-19,M.C.G.,Geelong,Collingwood,Geelong,Tom Hawkins,4,2,4,2,1,0,3
2009,Preliminary Final,2009-09-19,M.C.G.,Geelong,Collingwood,Geelong,Steve Johnson,13,6,7,1,3,0,3
2009,Preliminary Final,2009-09-19,M.C.G.,Geelong,Collingwood,Geelong,James Kelly,15,6,8,0,0,0,1
2009,Preliminary Final,2009-09-19,M.C.G.,Geelong,Collingwood,Geelong,Cameron Ling,16,4,11,0,1,0,1
2009,Preliminary Final,2009-09-19,M.C.G.,Geelong,Collingwood,Geelong,Andrew Mackie,13,7,9,0,0,0,3
2009,Preliminary Final,2009-09-19,M.C.G.,Geelong,Collingwood,Geelong,Darren Milburn,15,10,11,0,0,0,1
2009,Preliminary Final,2009-09-19,M.C.G.,Geelong,Collingwood,Geelong,Cameron Mooney,13,7,5,1,2,0,1
2009,Preliminary Final,2009-09-19,M.C.G.,Geelong,Collingwood,Geelong,Brad Ottens,4,3,6,1,2,21,4
2009,Preliminary Final,2009-09-19,M.C.G.,Geelong,Collingwood,Geelong,Max Rooke,4,3,4,0,1,0,4
2009,Preliminary Final,2009-09-19,M.C.G.,Geelong,Collingwood,Geelong,Matthew Scarlett,7,3,8,0,0,0,3
2009,Preliminary Final,2009-09-19,M.C.G.,Geelong,Collingwood,Geelong,Joel Selwood,15,9,14,0,0,0,4
2009,Preliminary Final,2009-09-19,M.C.G.,Geelong,Collingwood,Geelong,Harry Taylor,11,12,12,0,0,1,0
2009,Preliminary Final,2009-09-19,M.C.G.,Geelong,Collingwood,Geelong,Travis Varcoe,6,4,9,2,1,0,1
2009,Preliminary Final,2009-09-19,M.C.G.,Geelong,Collingwood,Geelong,David Wojcinski,7,2,7,0,1,0,3
2009,Preliminary Final,2009-09-19,M.C.G.,Geelong,Collingwood,Collingwood,John Anthony,4,1,3,0,1,0,1
2009,Preliminary Final,2009-09-19,M.C.G.,Geelong,Collingwood,Collingwood,Dayne Beams,5,2,5,0,0,0,1
2009,Preliminary Final,2009-09-19,M.C.G.,Geelong,Collingwood,Collingwood,Leigh Brown,10,6,5,1,2,3,0
2009,Preliminary Final,2009-09-19,M.C.G.,Geelong,Collingwood,Collingwood,Travis Cloke,7,4,3,0,1,1,2
2009,Preliminary Final,2009-09-19,M.C.G.,Geelong,Collingwood,Collingwood,Leon Davis,7,2,6,0,0,0,8
2009,Preliminary Final,2009-09-19,M.C.G.,Geelong,Collingwood,Collingwood,Brad Dick,5,1,2,0,1,0,2
2009,Preliminary Final,2009-09-19,M.C.G.,Geelong,Collingwood,Collingwood,Alan Didak,14,4,11,1,0,0,1
2009,Preliminary Final,2009-09-19,M.C.G.,Geelong,Collingwood,Collingwood,Tyson Goldsack,3,2,5,0,0,0,2
2009,Preliminary Final,2009-09-19,M.C.G.,Geelong,Collingwood,Collingwood,Ben Johnson,16,2,6,1,0,0,3
2009,Preliminary Final,2009-09-19,M.C.G.,Geelong,Collingwood,Collingwood,Tarkyn Lockyer,6,5,8,1,0,0,2
2009,Preliminary Final,2009-09-19,M.C.G.,Geelong,Collingwood,Collingwood,Heritier Lumumba,12,5,0,1,0,0,2
2009,Preliminary Final,2009-09-19,M.C.G.,Geelong,Collingwood,Collingwood,Brent Macaffer,6,3,4,1,1,0,7
2009,Preliminary Final,2009-09-19,M.C.G.,Geelong,Collingwood,Collingwood,Nick Maxwell,8,3,4,0,1,1,2
2009,Preliminary Final,2009-09-19,M.C.G.,Geelong,Collingwood,Collingwood,Shane OBree,13,2,13,0,0,0,3
2009,Preliminary Final,2009-09-19,M.C.G.,Geelong,Collingwood,Collingwood,Simon Prestigiacomo,4,2,3,0,0,0,1
2009,Preliminary Final,2009-09-19,M.C.G.,Geelong,Collingwood,Collingwood,Heath Shaw,13,3,5,0,0,0,3
2009,Preliminary Final,2009-09-19,M.C.G.,Geelong,Collingwood,Collingwood,Steele Sidebottom,3,5,7,0,1,0,2
2009,Preliminary Final,2009-09-19,M.C.G.,Geelong,Collingwood,Collingwood,Dane Swan,11,3,6,0,2,2,3
2009,Preliminary Final,2009-09-19,M.C.G.,Geelong,Collingwood,Collingwood,Dale Thomas,12,3,5,0,0,0,4
2009,Preliminary Final,2009-09-19,M.C.G.,Geelong,Collingwood,Collingwood,Alan Toovey,4,3,5,0,0,0,6
2009,Preliminary Final,2009-09-19,M.C.G.,Geelong,Collingwood,Collingwood,Sharrod Wellingham,4,2,3,0,0,0,2
2009,Preliminary Final,2009-09-19,M.C.G.,Geelong,Collingwood,Collingwood,Cameron Wood,7,2,3,0,0,14,2
2009,Grand Final,2009-09-26,M.C.G.,St Kilda,Geelong,St Kilda,Steven Baker,4,2,8,0,0,0,7
2009,Grand Final,2009-09-26,M.C.G.,St Kilda,Geelong,St Kilda,Luke Ball,13,2,9,0,0,0,7
2009,Grand Final,2009-09-26,M.C.G.,St Kilda,Geelong,St Kilda,Jason Blake,0,1,10,0,0,0,8
2009,Grand Final,2009-09-26,M.C.G.,St Kilda,Geelong,St Kilda,Raphael Clarke,3,3,10,0,0,0,4
2009,Grand Final,2009-09-26,M.C.G.,St Kilda,Geelong,St Kilda,Nick Dal Santo,10,0,7,0,0,5,8
2009,Grand Final,2009-09-26,M.C.G.,St Kilda,Geelong,St Kilda,Zac Dawson,4,4,11,0,0,0,0
2009,Grand Final,2009-09-26,M.C.G.,St Kilda,Geelong,St Kilda,Sean Dempster,2,1,3,1,1,0,6
2009,Grand Final,2009-09-26,M.C.G.,St Kilda,Geelong,St Kilda,Sam Fisher,8,4,7,0,0,1,4
2009,Grand Final,2009-09-26,M.C.G.,St Kilda,Geelong,St Kilda,Michael Gardiner,6,1,2,0,0,24,0
2009,Grand Final,2009-09-26,M.C.G.,St Kilda,Geelong,St Kilda,Sam Gilbert,12,5,6,0,0,0,6
2009,Grand Final,2009-09-26,M.C.G.,St Kilda,Geelong,St Kilda,Brendon Goddard,12,5,9,1,0,1,9
2009,Grand Final,2009-09-26,M.C.G.,St Kilda,Geelong,St Kilda,Jason Gram,19,5,11,0,1,0,1
2009,Grand Final,2009-09-26,M.C.G.,St Kilda,Geelong,St Kilda,Lenny Hayes,13,3,11,1,0,5,8
2009,Grand Final,2009-09-26,M.C.G.,St Kilda,Geelong,St Kilda,Clinton Jones,11,2,4,1,0,0,10
2009,Grand Final,2009-09-26,M.C.G.,St Kilda,Geelong,St Kilda,Steven King,5,0,0,0,0,16,4
2009,Grand Final,2009-09-26,M.C.G.,St Kilda,Geelong,St Kilda,Justin Koschitzke,8,4,1,1,0,1,3
2009,Grand Final,2009-09-26,M.C.G.,St Kilda,Geelong,St Kilda,Andrew McQualter,3,0,11,0,1,0,7
2009,Grand Final,2009-09-26,M.C.G.,St Kilda,Geelong,St Kilda,Stephen Milne,8,2,3,0,2,0,4
2009,Grand Final,2009-09-26,M.C.G.,St Kilda,Geelong,St Kilda,Leigh Montagna,18,2,5,1,1,0,8
2009,Grand Final,2009-09-26,M.C.G.,St Kilda,Geelong,St Kilda,Farren Ray,7,2,4,0,0,0,3
2009,Grand Final,2009-09-26,M.C.G.,St Kilda,Geelong,St Kilda,Nick Riewoldt,8,5,5,1,1,0,6
2009,Grand Final,2009-09-26,M.C.G.,St Kilda,Geelong,St Kilda,Adam Schneider,9,5,1,2,3,0,5
2009,Grand Final,2009-09-26,M.C.G.,St Kilda,Geelong,Geelong,Gary Ablett,15,2,10,1,2,0,6
2009,Grand Final,2009-09-26,M.C.G.,St Kilda,Geelong,Geelong,Jimmy Bartel,12,3,7,0,0,0,16
2009,Grand Final,2009-09-26,M.C.G.,St Kilda,Geelong,Geelong,Mark Blake,3,0,6,0,0,19,1
2009,Grand Final,2009-09-26,M.C.G.,St Kilda,Geelong,Geelong,Shannon Byrnes,8,1,8,1,0,0,3
2009,Grand Final,2009-09-26,M.C.G.,St Kilda,Geelong,Geelong,Paul Chapman,17,4,9,3,2,0,4
2009,Grand Final,2009-09-26,M.C.G.,St Kilda,Geelong,Geelong,Joel Corey,13,0,16,0,0,3,6
2009,Grand Final,2009-09-26,M.C.G.,St Kilda,Geelong,Geelong,Corey Enright,11,3,11,0,0,0,6
2009,Grand Final,2009-09-26,M.C.G.,St Kilda,Geelong,Geelong,Tom Harley,3,1,2,0,0,0,3
2009,Grand Final,2009-09-26,M.C.G.,St Kilda,Geelong,Geelong,Tom Hawkins,4,2,4,2,0,0,0
2009,Grand Final,2009-09-26,M.C.G.,St Kilda,Geelong,Geelong,Steve Johnson,7,2,2,0,0,0,3
2009,Grand Final,2009-09-26,M.C.G.,St Kilda,Geelong,Geelong,James Kelly,8,0,10,0,0,0,8
2009,Grand Final,2009-09-26,M.C.G.,St Kilda,Geelong,Geelong,Cameron Ling,9,3,7,0,0,0,6
2009,Grand Final,2009-09-26,M.C.G.,St Kilda,Geelong,Geelong,Andrew Mackie,10,1,5,0,0,0,2
2009,Grand Final,2009-09-26,M.C.G.,St Kilda,Geelong,Geelong,Darren Milburn,15,3,10,0,0,0,2
2009,Grand Final,2009-09-26,M.C.G.,St Kilda,Geelong,Geelong,Cameron Mooney,8,5,2,2,1,0,3
2009,Grand Final,2009-09-26,M.C.G.,St Kilda,Geelong,Geelong,Brad Ottens,3,0,9,0,0,25,3
2009,Grand Final,2009-09-26,M.C.G.,St Kilda,Geelong,Geelong,Max Rooke,10,3,1,2,2,0,2
2009,Grand Final,2009-09-26,M.C.G.,St Kilda,Geelong,Geelong,Matthew Scarlett,8,5,7,0,0,0,4
2009,Grand Final,2009-09-26,M.C.G.,St Kilda,Geelong,Geelong,Joel Selwood,8,4,16,1,1,1,3
2009,Grand Final,2009-09-26,M.C.G.,St Kilda,Geelong,Geelong,Harry Taylor,3,5,11,0,0,0,0
2009,Grand Final,2009-09-26,M.C.G.,St Kilda,Geelong,Geelong,Travis Varcoe,6,2,7,0,0,0,6
2009,Grand Final,2009-09-26,M.C.G.,St Kilda,Geelong,Geelong,David Wojcinski,5,3,8,0,0,0,9
