season,round,date,venue,home_club,away_club,club,player,kicks,marks,handballs,goals,behinds,hitouts,tackles
2010,1,2010-03-25,M.C.G.,Richmond,Carlton,Richmond,Daniel Connors,14,3,10,0,0,0,1
2010,1,2010-03-25,M.C.G.,Richmond,Carlton,Richmond,Trent Cotchin,11,6,8,0,0,0,1
2010,1,2010-03-25,M.C.G.,Richmond,Carlton,Richmond,Ben Cousins,13,1,6,1,0,0,1
2010,1,2010-03-25,M.C.G.,Richmond,Carlton,Richmond,Brett Deledio,12,5,9,1,0,0,6
2010,1,2010-03-25,M.C.G.,Richmond,Carlton,Richmond,Shane Edwards,7,2,10,0,0,0,2
2010,1,2010-03-25,M.C.G.,Richmond,Carlton,Richmond,Mitch Farmer,8,1,3,0,0,0,0
2010,1,2010-03-25,M.C.G.,Richmond,Carlton,Richmond,Tom Hislop,4,3,7,1,0,0,4
2010,1,2010-03-25,M.C.G.,Richmond,Carlton,Richmond,Daniel Jackson,11,2,12,0,0,0,5
2010,1,2010-03-25,M.C.G.,Richmond,Carlton,Richmond,Dustin Martin,5,4,13,0,0,0,3
2010,1,2010-03-25,M.C.G.,Richmond,Carlton,Richmond,Luke McGuane,6,4,7,0,0,0,4
2010,1,2010-03-25,M.C.G.,Richmond,Carlton,Richmond,Kelvin Moore,6,3,4,0,0,0,2
2010,1,2010-03-25,M.C.G.,Richmond,Carlton,Richmond,Mitch Morton,6,3,1,2,2,0,2
2010,1,2010-03-25,M.C.G.,Richmond,Carlton,Richmond,Robin Nahas,7,2,6,0,0,0,4
2010,1,2010-03-25,M.C.G.,Richmond,Carlton,Richmond,Ben Nason,7,4,3,1,0,0,1
2010,1,2010-03-25,M.C.G.,Richmond,Carlton,Richmond,Chris Newman,7,2,4,0,1,0,1
2010,1,2010-03-25,M.C.G.,Richmond,Carlton,Richmond,Jack Riewoldt,11,5,1,2,2,0,3
2010,1,2010-03-25,M.C.G.,Richmond,Carlton,Richmond,Relton Roberts,7,5,0,0,1,0,1
2010,1,2010-03-25,M.C.G.,Richmond,Carlton,Richmond,Troy Simmonds,3,2,6,0,0,19,0
2010,1,2010-03-25,M.C.G.,Richmond,Carlton,Richmond,Richard Tambling,7,3,5,0,1,0,9
2010,1,2010-03-25,M.C.G.,Richmond,Carlton,Richmond,Adam Thomson,9,3,5,1,1,0,5
2010,1,2010-03-25,M.C.G.,Richmond,Carlton,Richmond,Will Thursfield,4,2,5,0,0,0,2
2010,1,2010-03-25,M.C.G.,Richmond,Carlton,Richmond,Ty Vickery,1,1,4,0,0,7,2
2010,1,2010-03-25,M.C.G.,Richmond,Carlton,Carlton,Joe Anderson,7,4,9,0,0,0,4
2010,1,2010-03-25,M.C.G.,Richmond,Carlton,Carlton,Eddie Betts,9,6,10,3,3,0,6
2010,1,2010-03-25,M.C.G.,Richmond,Carlton,Carlton,Paul Bower,15,11,10,0,0,0,5
2010,1,2010-03-25,M.C.G.,Richmond,Carlton,Carlton,Andrew Carrazzo,21,5,19,0,0,0,4
2010,1,2010-03-25,M.C.G.,Richmond,Carlton,Carlton,Bryce Gibbs,15,6,8,2,1,0,4
2010,1,2010-03-25,M.C.G.,Richmond,Carlton,Carlton,Lachie Henderson,5,4,3,1,1,0,2
2010,1,2010-03-25,M.C.G.,Richmond,Carlton,Carlton,Ryan Houlihan,16,6,10,0,0,0,3
2010,1,2010-03-25,M.C.G.,Richmond,Carlton,Carlton,Michael Jamison,6,3,0,0,0,0,1
2010,1,2010-03-25,M.C.G.,Richmond,Carlton,Carlton,Aaron Joseph,8,5,2,0,0,0,2
2010,1,2010-03-25,M.C.G.,Richmond,Carlton,Carlton,Matthew Kreuzer,3,3,13,0,0,25,4
2010,1,2010-03-25,M.C.G.,Richmond,Carlton,Carlton,Brock McLean,6,7,20,1,0,0,4
2010,1,2010-03-25,M.C.G.,Richmond,Carlton,Carlton,Marc Murphy,13,2,11,2,0,0,4
2010,1,2010-03-25,M.C.G.,Richmond,Carlton,Carlton,Setanta OhAilpin,11,7,1,3,2,0,2
2010,1,2010-03-25,M.C.G.,Richmond,Carlton,Carlton,Mitch Robinson,5,6,8,0,0,0,9
2010,1,2010-03-25,M.C.G.,Richmond,Carlton,Carlton,Jordan Russell,16,9,10,0,0,0,2
2010,1,2010-03-25,M.C.G.,Richmond,Carlton,Carlton,Heath Scotland,18,11,14,0,0,0,2
2010,1,2010-03-25,M.C.G.,Richmond,Carlton,Carlton,Kade Simpson,15,8,13,1,0,1,5
2010,1,2010-03-25,M.C.G.,Richmond,Carlton,Carlton,Bret Thornton,13,11,7,0,0,0,1
2010,1,2010-03-25,M.C.G.,Richmond,Carlton,Carlton,Jarrad Waite,13,10,4,2,1,0,1
2010,1,2010-03-25,M.C.G.,Richmond,Carlton,Carlton,Andrew Walker,12,4,6,0,0,0,4
2010,1,2010-03-25,M.C.G.,Richmond,Carlton,Carlton,Robert Warnock,9,5,7,0,0,18,3
2010,1,2010-03-25,M.C.G.,Richmond,Carlton,Carlton,Chris Yarran,9,3,2,3,0,0,6
2010,1,2010-03-26,M.C.G.,Geelong,Essendon,Geelong,Gary Ablett,13,5,24,2,2,0,4
2010,1,2010-03-26,M.C.G.,Geelong,Essendon,Geelong,Jimmy Bartel,10,6,19,2,0,1,4
2010,1,2010-03-26,M.C.G.,Geelong,Essendon,Geelong,Mark Blake,0,2,5,0,0,25,1
2010,1,2010-03-26,M.C.G.,Geelong,Essendon,Geelong,Shannon Byrnes,13,10,13,3,4,0,6
2010,1,2010-03-26,M.C.G.,Geelong,Essendon,Geelong,Paul Chapman,16,6,11,0,0,0,5
2010,1,2010-03-26,M.C.G.,Geelong,Essendon,Geelong,Joel Corey,14,2,13,0,0,0,3
2010,1,2010-03-26,M.C.G.,Geelong,Essendon,Geelong,Mitch Duncan,6,2,4,0,0,0,6
2010,1,2010-03-26,M.C.G.,Geelong,Essendon,Geelong,Corey Enright,11,6,16,0,0,0,3
2010,1,2010-03-26,M.C.G.,Geelong,Essendon,Geelong,Tom Hawkins,8,7,6,2,1,1,3
2010,1,2010-03-26,M.C.G.,Geelong,Essendon,Geelong,Josh Hunt,7,3,8,0,0,0,0
2010,1,2010-03-26,M.C.G.,Geelong,Essendon,Geelong,Steve Johnson,15,4,10,2,1,0,1
2010,1,2010-03-26,M.C.G.,Geelong,Essendon,Geelong,James Kelly,11,5,10,2,0,0,7
2010,1,2010-03-26,M.C.G.,Geelong,Essendon,Geelong,Cameron Ling,12,1,17,1,0,0,5
2010,1,2010-03-26,M.C.G.,Geelong,Essendon,Geelong,Tom Lonergan,8,5,9,0,0,0,0
2010,1,2010-03-26,M.C.G.,Geelong,Essendon,Geelong,Andrew Mackie,11,5,9,0,0,0,4
2010,1,2010-03-26,M.C.G.,Geelong,Essendon,Geelong,Darren Milburn,10,4,9,0,0,0,2
2010,1,2010-03-26,M.C.G.,Geelong,Essendon,Geelong,Cameron Mooney,10,6,2,3,1,0,0
2010,1,2010-03-26,M.C.G.,Geelong,Essendon,Geelong,Brad Ottens,5,4,6,1,0,26,4
2010,1,2010-03-26,M.C.G.,Geelong,Essendon,Geelong,Matthew Scarlett,5,3,10,0,0,0,2
2010,1,2010-03-26,M.C.G.,Geelong,Essendon,Geelong,Joel Selwood,6,4,17,1,0,1,9
2010,1,2010-03-26,M.C.G.,Geelong,Essendon,Geelong,Harry Taylor,7,3,5,0,0,0,4
2010,1,2010-03-26,M.C.G.,Geelong,Essendon,Geelong,David Wojcinski,8,2,7,0,0,0,1
2010,1,2010-03-26,M.C.G.,Geelong,Essendon,Essendon,Alwyn Davey,6,0,4,2,1,0,1
2010,1,2010-03-26,M.C.G.,Geelong,Essendon,Essendon,Courtenay Dempsey,11,6,5,0,0,0,3
2010,1,2010-03-26,M.C.G.,Geelong,Essendon,Essendon,Ricky Dyson,10,6,4,0,0,0,4
2010,1,2010-03-26,M.C.G.,Geelong,Essendon,Essendon,Dustin Fletcher,11,4,5,1,0,1,1
2010,1,2010-03-26,M.C.G.,Geelong,Essendon,Essendon,Scott Gumbleton,2,1,1,0,0,1,1
2010,1,2010-03-26,M.C.G.,Geelong,Essendon,Essendon,David Hille,6,5,11,0,1,5,0
2010,1,2010-03-26,M.C.G.,Geelong,Essendon,Essendon,Heath Hocking,8,4,9,0,1,0,7
2010,1,2010-03-26,M.C.G.,Geelong,Essendon,Essendon,Cale Hooker,8,2,9,0,0,0,5
2010,1,2010-03-26,M.C.G.,Geelong,Essendon,Essendon,Ben Howlett,14,3,2,1,0,0,3
2010,1,2010-03-26,M.C.G.,Geelong,Essendon,Essendon,Angus Monfries,10,5,6,2,1,0,3
2010,1,2010-03-26,M.C.G.,Geelong,Essendon,Essendon,Jay Neagle,5,3,4,1,0,0,2
2010,1,2010-03-26,M.C.G.,Geelong,Essendon,Essendon,Tayte Pears,11,5,5,0,1,0,2
2010,1,2010-03-26,M.C.G.,Geelong,Essendon,Essendon,Brent Prismall,15,2,7,0,1,0,8
2010,1,2010-03-26,M.C.G.,Geelong,Essendon,Essendon,Kyle Reimers,10,5,4,1,0,0,5
2010,1,2010-03-26,M.C.G.,Geelong,Essendon,Essendon,Paddy Ryder,5,1,6,0,1,24,3
2010,1,2010-03-26,M.C.G.,Geelong,Essendon,Essendon,Henry Slattery,6,2,5,0,0,0,7
2010,1,2010-03-26,M.C.G.,Geelong,Essendon,Essendon,Brent Stanton,18,7,15,1,1,0,8
2010,1,2010-03-26,M.C.G.,Geelong,Essendon,Essendon,Jobe Watson,10,1,8,2,0,0,3
2010,1,2010-03-26,M.C.G.,Geelong,Essendon,Essendon,Andrew Welsh,9,1,13,0,1,0,5
2010,1,2010-03-26,M.C.G.,Geelong,Essendon,Essendon,Mark Williams,5,2,3,0,0,0,0
2010,1,2010-03-26,M.C.G.,Geelong,Essendon,Essendon,Jason Winderlich,8,3,9,0,0,0,2
2010,1,2010-03-26,M.C.G.,Geelong,Essendon,Essendon,David Zaharakis,10,5,9,2,2,0,1
2010,1,2010-03-27,M.C.G.,Melbourne,Hawthorn,Melbourne,Matthew Bate,7,5,8,0,0,0,2
2010,1,2010-03-27,M.C.G.,Melbourne,Hawthorn,Melbourne,Jamie Bennell,6,3,7,0,0,0,4
2010,1,2010-03-27,M.C.G.,Melbourne,Hawthorn,Melbourne,Cameron Bruce,7,9,16,0,0,0,2
2010,1,2010-03-27,M.C.G.,Melbourne,Hawthorn,Melbourne,Aaron Davey,11,3,6,0,2,0,3
2010,1,2010-03-27,M.C.G.,Melbourne,Hawthorn,Melbourne,Lynden Dunn,8,6,8,0,1,0,7
2010,1,2010-03-27,M.C.G.,Melbourne,Hawthorn,Melbourne,James Frawley,11,7,12,0,0,0,2
2010,1,2010-03-27,M.C.G.,Melbourne,Hawthorn,Melbourne,Brad Green,9,4,5,2,2,0,6
2010,1,2010-03-27,M.C.G.,Melbourne,Hawthorn,Melbourne,Jack Grimes,13,5,8,0,0,0,6
2010,1,2010-03-27,M.C.G.,Melbourne,Hawthorn,Melbourne,Mark Jamar,5,4,6,1,0,27,3
2010,1,2010-03-27,M.C.G.,Melbourne,Hawthorn,Melbourne,Nathan Jones,6,1,12,0,2,0,3
2010,1,2010-03-27,M.C.G.,Melbourne,Hawthorn,Melbourne,Joel Macdonald,12,5,9,0,1,1,0
2010,1,2010-03-27,M.C.G.,Melbourne,Hawthorn,Melbourne,James McDonald,15,1,6,0,0,0,10
2010,1,2010-03-27,M.C.G.,Melbourne,Hawthorn,Melbourne,Jordie McKenzie,9,4,6,1,0,0,11
2010,1,2010-03-27,M.C.G.,Melbourne,Hawthorn,Melbourne,Brad Miller,3,3,6,2,0,0,2
2010,1,2010-03-27,M.C.G.,Melbourne,Hawthorn,Melbourne,Brent Moloney,14,3,8,0,1,0,6
2010,1,2010-03-27,M.C.G.,Melbourne,Hawthorn,Melbourne,Ricky Petterd,9,6,1,2,2,0,5
2010,1,2010-03-27,M.C.G.,Melbourne,Hawthorn,Melbourne,Jared Rivers,5,3,12,0,0,0,4
2010,1,2010-03-27,M.C.G.,Melbourne,Hawthorn,Melbourne,Tom Scully,9,2,11,0,0,1,1
2010,1,2010-03-27,M.C.G.,Melbourne,Hawthorn,Melbourne,Jake Spencer,1,1,1,0,0,7,0
2010,1,2010-03-27,M.C.G.,Melbourne,Hawthorn,Melbourne,James Strauss,5,5,4,0,0,0,2
2010,1,2010-03-27,M.C.G.,Melbourne,Hawthorn,Melbourne,Jack Trengove,7,2,16,0,0,0,2
2010,1,2010-03-27,M.C.G.,Melbourne,Hawthorn,Melbourne,Matthew Warnock,3,1,8,0,0,0,2
2010,1,2010-03-27,M.C.G.,Melbourne,Hawthorn,Hawthorn,Grant Birchall,15,8,12,0,1,3,3
2010,1,2010-03-27,M.C.G.,Melbourne,Hawthorn,Hawthorn,Campbell Brown,8,5,4,3,0,0,8
2010,1,2010-03-27,M.C.G.,Melbourne,Hawthorn,Hawthorn,Xavier Ellis,9,5,12,0,0,1,5
2010,1,2010-03-27,M.C.G.,Melbourne,Hawthorn,Hawthorn,Josh Gibson,12,6,10,0,0,0,2
2010,1,2010-03-27,M.C.G.,Melbourne,Hawthorn,Hawthorn,Stephen Gilham,9,8,6,0,1,0,4
2010,1,2010-03-27,M.C.G.,Melbourne,Hawthorn,Hawthorn,Brent Guerra,12,2,3,0,0,0,4
2010,1,2010-03-27,M.C.G.,Melbourne,Hawthorn,Hawthorn,Luke Hodge,25,9,9,1,2,0,5
2010,1,2010-03-27,M.C.G.,Melbourne,Hawthorn,Hawthorn,Rhan Hooper,7,6,7,2,0,0,6
2010,1,2010-03-27,M.C.G.,Melbourne,Hawthorn,Hawthorn,Jarrod Kayler-Thomson,8,6,9,0,0,0,2
2010,1,2010-03-27,M.C.G.,Melbourne,Hawthorn,Hawthorn,Rick Ladson,15,2,6,1,1,0,4
2010,1,2010-03-27,M.C.G.,Melbourne,Hawthorn,Hawthorn,Jordan Lewis,19,9,8,0,1,0,3
2010,1,2010-03-27,M.C.G.,Melbourne,Hawthorn,Hawthorn,Sam Mitchell,15,6,12,1,0,0,5
2010,1,2010-03-27,M.C.G.,Melbourne,Hawthorn,Hawthorn,Jarryd Morton,8,6,9,1,0,3,3
2010,1,2010-03-27,M.C.G.,Melbourne,Hawthorn,Hawthorn,Garry Moss,14,6,2,2,0,0,1
2010,1,2010-03-27,M.C.G.,Melbourne,Hawthorn,Hawthorn,Tom Murphy,11,8,10,0,0,0,2
2010,1,2010-03-27,M.C.G.,Melbourne,Hawthorn,Hawthorn,Michael Osborne,6,5,4,2,1,0,2
2010,1,2010-03-27,M.C.G.,Melbourne,Hawthorn,Hawthorn,Carl Peterson,8,6,9,1,0,0,0
2010,1,2010-03-27,M.C.G.,Melbourne,Hawthorn,Hawthorn,Brent Renouf,1,4,8,0,0,17,2
2010,1,2010-03-27,M.C.G.,Melbourne,Hawthorn,Hawthorn,Jarryd Roughead,10,7,4,3,5,0,2
2010,1,2010-03-27,M.C.G.,Melbourne,Hawthorn,Hawthorn,Ryan Schoenmakers,16,8,4,0,0,1,4
2010,1,2010-03-27,M.C.G.,Melbourne,Hawthorn,Hawthorn,Liam Shiels,6,4,9,0,0,0,7
2010,1,2010-03-27,M.C.G.,Melbourne,Hawthorn,Hawthorn,Matt Suckling,13,7,9,0,1,0,1
2010,1,2010-03-27,Stadium Australia,Sydney,St Kilda,Sydney,Craig Bolton,8,2,10,0,0,0,0
2010,1,2010-03-27,Stadium Australia,Sydney,St Kilda,Sydney,Jude Bolton,7,2,16,0,0,0,8
2010,1,2010-03-27,Stadium Australia,Sydney,St Kilda,Sydney,Daniel Bradshaw,7,4,3,1,1,0,1
2010,1,2010-03-27,Stadium Australia,Sydney,St Kilda,Sydney,Adam Goodes,11,6,5,3,1,0,1
2010,1,2010-03-27,Stadium Australia,Sydney,St Kilda,Sydney,Heath Grundy,14,5,6,0,0,0,2
2010,1,2010-03-27,Stadium Australia,Sydney,St Kilda,Sydney,Kieren Jack,14,3,7,1,1,0,2
2010,1,2010-03-27,Stadium Australia,Sydney,St Kilda,Sydney,Lewis Jetta,8,5,4,0,0,0,1
2010,1,2010-03-27,Stadium Australia,Sydney,St Kilda,Sydney,Josh Kennedy,5,2,13,0,0,1,4
2010,1,2010-03-27,Stadium Australia,Sydney,St Kilda,Sydney,Tadhg Kennelly,18,7,10,0,0,0,3
2010,1,2010-03-27,Stadium Australia,Sydney,St Kilda,Sydney,Brett Kirk,7,1,9,1,0,0,6
2010,1,2010-03-27,Stadium Australia,Sydney,St Kilda,Sydney,Nick Malceski,14,6,11,1,0,0,4
2010,1,2010-03-27,Stadium Australia,Sydney,St Kilda,Sydney,Martin Mattner,4,3,5,2,0,0,1
2010,1,2010-03-27,Stadium Australia,Sydney,St Kilda,Sydney,Ben McGlynn,3,1,8,0,0,0,1
2010,1,2010-03-27,Stadium Australia,Sydney,St Kilda,Sydney,Jarrad McVeigh,15,5,14,1,0,0,3
2010,1,2010-03-27,Stadium Australia,Sydney,St Kilda,Sydney,Jarred Moore,7,0,12,1,1,0,4
2010,1,2010-03-27,Stadium Australia,Sydney,St Kilda,Sydney,Shane Mumford,4,1,5,0,1,16,6
2010,1,2010-03-27,Stadium Australia,Sydney,St Kilda,Sydney,Ryan OKeefe,18,2,15,1,3,0,7
2010,1,2010-03-27,Stadium Australia,Sydney,St Kilda,Sydney,Ted Richards,8,3,3,0,0,0,4
2010,1,2010-03-27,Stadium Australia,Sydney,St Kilda,Sydney,Lewis Roberts-Thomson,5,3,5,0,0,0,1
2010,1,2010-03-27,Stadium Australia,Sydney,St Kilda,Sydney,Mark Seaby,6,5,8,0,0,33,0
2010,1,2010-03-27,Stadium Australia,Sydney,St Kilda,Sydney,Rhyce Shaw,10,5,10,0,0,0,1
2010,1,2010-03-27,Stadium Australia,Sydney,St Kilda,Sydney,Jesse White,3,2,4,1,0,0,2
2010,1,2010-03-27,Stadium Australia,Sydney,St Kilda,St Kilda,David Armitage,5,1,5,0,0,1,8
2010,1,2010-03-27,Stadium Australia,Sydney,St Kilda,St Kilda,Steven Baker,5,3,3,0,0,0,5
2010,1,2010-03-27,Stadium Australia,Sydney,St Kilda,St Kilda,Jason Blake,10,6,10,0,0,0,6
2010,1,2010-03-27,Stadium Australia,Sydney,St Kilda,St Kilda,Nick Dal Santo,14,1,8,1,0,0,2
2010,1,2010-03-27,Stadium Australia,Sydney,St Kilda,St Kilda,Zac Dawson,5,6,5,0,0,0,0
2010,1,2010-03-27,Stadium Australia,Sydney,St Kilda,St Kilda,Jarryn Geary,8,2,7,1,0,0,4
2010,1,2010-03-27,Stadium Australia,Sydney,St Kilda,St Kilda,Sam Gilbert,14,10,7,0,0,0,4
2010,1,2010-03-27,Stadium Australia,Sydney,St Kilda,St Kilda,Brendon Goddard,10,4,13,1,0,0,4
2010,1,2010-03-27,Stadium Australia,Sydney,St Kilda,St Kilda,Jason Gram,11,2,6,2,0,0,1
2010,1,2010-03-27,Stadium Australia,Sydney,St Kilda,St Kilda,James Gwilt,8,4,7,0,0,0,2
2010,1,2010-03-27,Stadium Australia,Sydney,St Kilda,St Kilda,Lenny Hayes,13,4,8,0,0,3,7
2010,1,2010-03-27,Stadium Australia,Sydney,St Kilda,St Kilda,Clinton Jones,8,2,9,0,0,0,7
2010,1,2010-03-27,Stadium Australia,Sydney,St Kilda,St Kilda,Steven King,5,2,2,0,0,18,1
2010,1,2010-03-27,Stadium Australia,Sydney,St Kilda,St Kilda,Justin Koschitzke,6,2,3,2,1,7,1
2010,1,2010-03-27,Stadium Australia,Sydney,St Kilda,St Kilda,Ben McEvoy,3,3,4,0,0,7,1
2010,1,2010-03-27,Stadium Australia,Sydney,St Kilda,St Kilda,Andrew McQualter,9,5,7,1,0,0,3
2010,1,2010-03-27,Stadium Australia,Sydney,St Kilda,St Kilda,Stephen Milne,9,4,2,1,1,0,2
2010,1,2010-03-27,Stadium Australia,Sydney,St Kilda,St Kilda,Leigh Montagna,16,3,10,0,1,0,7
2010,1,2010-03-27,Stadium Australia,Sydney,St Kilda,St Kilda,Brett Peake,11,3,3,1,1,0,1
2010,1,2010-03-27,Stadium Australia,Sydney,St Kilda,St Kilda,Farren Ray,11,4,5,0,0,0,6
2010,1,2010-03-27,Stadium Australia,Sydney,St Kilda,St Kilda,Nick Riewoldt,11,5,11,4,1,0,3
2010,1,2010-03-27,Stadium Australia,Sydney,St Kilda,St Kilda,Adam Schneider,7,5,5,1,0,0,2
2010,1,2010-03-27,Gabba,Brisbane Lions,West Coast,Brisbane Lions,Jed Adcock,5,3,3,0,0,0,0
2010,1,2010-03-27,Gabba,Brisbane Lions,West Coast,Brisbane Lions,Todd Banfield,11,6,6,1,0,0,3
2010,1,2010-03-27,Gabba,Brisbane Lions,West Coast,Brisbane Lions,Simon Black,11,2,16,0,1,0,1
2010,1,2010-03-27,Gabba,Brisbane Lions,West Coast,Brisbane Lions,Jared Brennan,15,2,16,1,0,2,7
2010,1,2010-03-27,Gabba,Brisbane Lions,West Coast,Brisbane Lions,Jonathan Brown,16,14,6,5,2,0,1
2010,1,2010-03-27,Gabba,Brisbane Lions,West Coast,Brisbane Lions,Amon Buchanan,2,1,2,0,0,0,0
2010,1,2010-03-27,Gabba,Brisbane Lions,West Coast,Brisbane Lions,Mitch Clark,5,2,4,0,0,15,1
2010,1,2010-03-27,Gabba,Brisbane Lions,West Coast,Brisbane Lions,Josh Drummond,17,5,7,1,0,0,0
2010,1,2010-03-27,Gabba,Brisbane Lions,West Coast,Brisbane Lions,Brendan Fevola,16,10,2,3,7,0,2
2010,1,2010-03-27,Gabba,Brisbane Lions,West Coast,Brisbane Lions,Travis Johnstone,11,5,12,0,0,0,5
2010,1,2010-03-27,Gabba,Brisbane Lions,West Coast,Brisbane Lions,Matthew Leuenberger,3,2,13,0,0,19,2
2010,1,2010-03-27,Gabba,Brisbane Lions,West Coast,Brisbane Lions,Matt Maguire,10,6,4,0,0,0,4
2010,1,2010-03-27,Gabba,Brisbane Lions,West Coast,Brisbane Lions,Ashley McGrath,11,4,5,0,0,0,3
2010,1,2010-03-27,Gabba,Brisbane Lions,West Coast,Brisbane Lions,Daniel Merrett,2,1,1,0,0,1,4
2010,1,2010-03-27,Gabba,Brisbane Lions,West Coast,Brisbane Lions,Joel Patfull,4,0,9,0,0,0,1
2010,1,2010-03-27,Gabba,Brisbane Lions,West Coast,Brisbane Lions,Luke Power,10,2,10,3,0,0,6
2010,1,2010-03-27,Gabba,Brisbane Lions,West Coast,Brisbane Lions,Andrew Raines,12,1,2,0,0,0,2
2010,1,2010-03-27,Gabba,Brisbane Lions,West Coast,Brisbane Lions,Jack Redden,6,3,12,0,1,0,6
2010,1,2010-03-27,Gabba,Brisbane Lions,West Coast,Brisbane Lions,Daniel Rich,6,1,12,0,1,1,2
2010,1,2010-03-27,Gabba,Brisbane Lions,West Coast,Brisbane Lions,Michael Rischitelli,10,6,18,0,0,0,7
2010,1,2010-03-27,Gabba,Brisbane Lions,West Coast,Brisbane Lions,Justin Sherman,17,3,6,1,1,0,5
2010,1,2010-03-27,Gabba,Brisbane Lions,West Coast,Brisbane Lions,Brent Staker,9,6,3,1,3,0,4
2010,1,2010-03-27,Gabba,Brisbane Lions,West Coast,West Coast,Mitch Brown,3,2,15,0,1,0,2
2010,1,2010-03-27,Gabba,Brisbane Lions,West Coast,West Coast,Sam Butler,12,7,14,0,0,0,7
2010,1,2010-03-27,Gabba,Brisbane Lions,West Coast,West Coast,Dean Cox,3,2,4,1,0,18,2
2010,1,2010-03-27,Gabba,Brisbane Lions,West Coast,West Coast,Brad Ebert,17,6,3,1,1,0,4
2010,1,2010-03-27,Gabba,Brisbane Lions,West Coast,West Coast,Andrew Embley,14,3,11,1,2,0,1
2010,1,2010-03-27,Gabba,Brisbane Lions,West Coast,West Coast,Darren Glass,3,3,3,0,0,0,0
2010,1,2010-03-27,Gabba,Brisbane Lions,West Coast,West Coast,Shannon Hurn,16,6,4,0,1,0,1
2010,1,2010-03-27,Gabba,Brisbane Lions,West Coast,West Coast,Brett Jones,7,5,6,0,0,0,1
2010,1,2010-03-27,Gabba,Brisbane Lions,West Coast,West Coast,Josh Kennedy,9,9,7,2,0,0,1
2010,1,2010-03-27,Gabba,Brisbane Lions,West Coast,West Coast,Daniel Kerr,8,1,19,0,0,0,4
2010,1,2010-03-27,Gabba,Brisbane Lions,West Coast,West Coast,Mark LeCras,7,3,4,1,1,0,4
2010,1,2010-03-27,Gabba,Brisbane Lions,West Coast,West Coast,Quinten Lynch,12,6,4,2,0,0,3
2010,1,2010-03-27,Gabba,Brisbane Lions,West Coast,West Coast,Eric Mackenzie,4,4,3,0,0,0,4
2010,1,2010-03-27,Gabba,Brisbane Lions,West Coast,West Coast,Chris Masten,9,2,9,0,0,0,0
2010,1,2010-03-27,Gabba,Brisbane Lions,West Coast,West Coast,Patrick McGinnity,9,5,15,1,0,0,1
2010,1,2010-03-27,Gabba,Brisbane Lions,West Coast,West Coast,Nic Naitanui,3,1,8,1,0,16,2
2010,1,2010-03-27,Gabba,Brisbane Lions,West Coast,West Coast,Mark Nicoski,7,10,10,0,1,0,0
2010,1,2010-03-27,Gabba,Brisbane Lions,West Coast,West Coast,Matt Priddis,11,3,18,0,0,0,4
2010,1,2010-03-27,Gabba,Brisbane Lions,West Coast,West Coast,Adam Selwood,16,5,15,0,0,1,4
2010,1,2010-03-27,Gabba,Brisbane Lions,West Coast,West Coast,Luke Shuey,8,3,10,2,0,0,5
2010,1,2010-03-27,Gabba,Brisbane Lions,West Coast,West Coast,Tom Swift,6,1,5,0,0,0,0
2010,1,2010-03-27,Gabba,Brisbane Lions,West Coast,West Coast,Beau Waters,14,3,7,0,0,0,2
2010,1,2010-03-28,Football Park,Port Adelaide,North Melbourne,Port Adelaide,Mitchell Banner,11,2,7,1,3,0,4
2010,1,2010-03-28,Football Park,Port Adelaide,North Melbourne,Port Adelaide,Travis Boak,17,4,7,0,1,0,6
2010,1,2010-03-28,Football Park,Port Adelaide,North Melbourne,Port Adelaide,Dean Brogan,4,1,2,0,0,37,3
2010,1,2010-03-28,Football Park,Port Adelaide,North Melbourne,Port Adelaide,Alipate Carlile,2,1,7,0,0,0,1
2010,1,2010-03-28,Football Park,Port Adelaide,North Melbourne,Port Adelaide,Domenic Cassisi,11,1,8,1,0,0,5
2010,1,2010-03-28,Football Park,Port Adelaide,North Melbourne,Port Adelaide,Chad Cornes,9,3,8,0,0,0,2
2010,1,2010-03-28,Football Park,Port Adelaide,North Melbourne,Port Adelaide,Kane Cornes,16,6,23,0,0,0,5
2010,1,2010-03-28,Football Park,Port Adelaide,North Melbourne,Port Adelaide,Jason Davenport,6,3,7,1,3,0,3
2010,1,2010-03-28,Football Park,Port Adelaide,North Melbourne,Port Adelaide,Brett Ebert,11,6,8,2,2,0,7
2010,1,2010-03-28,Football Park,Port Adelaide,North Melbourne,Port Adelaide,Scott Harding,4,1,1,0,1,0,7
2010,1,2010-03-28,Football Park,Port Adelaide,North Melbourne,Port Adelaide,Cameron Hitchcock,7,3,6,2,1,0,2
2010,1,2010-03-28,Football Park,Port Adelaide,North Melbourne,Port Adelaide,Nathan Krakouer,10,1,5,0,0,0,0
2010,1,2010-03-28,Football Park,Port Adelaide,North Melbourne,Port Adelaide,Andrew Moore,10,4,4,0,0,0,1
2010,1,2010-03-28,Football Park,Port Adelaide,North Melbourne,Port Adelaide,Danyle Pearce,14,0,4,2,1,0,6
2010,1,2010-03-28,Football Park,Port Adelaide,North Melbourne,Port Adelaide,Steven Salopek,15,3,7,0,0,0,4
2010,1,2010-03-28,Football Park,Port Adelaide,North Melbourne,Port Adelaide,Jay Schulz,6,4,5,0,1,0,6
2010,1,2010-03-28,Football Park,Port Adelaide,North Melbourne,Port Adelaide,Paul Stewart,11,7,6,0,0,0,4
2010,1,2010-03-28,Football Park,Port Adelaide,North Melbourne,Port Adelaide,Jacob Surjan,13,2,6,0,1,0,3
2010,1,2010-03-28,Football Park,Port Adelaide,North Melbourne,Port Adelaide,Matt Thomas,10,3,9,1,0,0,7
2010,1,2010-03-28,Football Park,Port Adelaide,North Melbourne,Port Adelaide,Warren Tredrea,11,5,2,2,0,0,3
2010,1,2010-03-28,Football Park,Port Adelaide,North Melbourne,Port Adelaide,Jackson Trengove,3,2,6,0,0,0,4
2010,1,2010-03-28,Football Park,Port Adelaide,North Melbourne,Port Adelaide,Justin Westhoff,9,2,1,1,1,4,3
2010,1,2010-03-28,Football Park,Port Adelaide,North Melbourne,North Melbourne,Leigh Adams,8,3,4,1,0,0,4
2010,1,2010-03-28,Football Park,Port Adelaide,North Melbourne,North Melbourne,Liam Anthony,14,10,12,0,0,0,9
2010,1,2010-03-28,Football Park,Port Adelaide,North Melbourne,North Melbourne,Ryan Bastinac,12,4,11,0,1,0,3
2010,1,2010-03-28,Football Park,Port Adelaide,North Melbourne,North Melbourne,Matt Campbell,13,3,6,0,2,0,1
2010,1,2010-03-28,Football Park,Port Adelaide,North Melbourne,North Melbourne,Michael Firrito,5,3,15,0,0,0,2
2010,1,2010-03-28,Football Park,Port Adelaide,North Melbourne,North Melbourne,Todd Goldstein,5,4,9,0,0,24,4
2010,1,2010-03-28,Football Park,Port Adelaide,North Melbourne,North Melbourne,David Hale,4,2,0,2,1,2,2
2010,1,2010-03-28,Football Park,Port Adelaide,North Melbourne,North Melbourne,Lachlan Hansen,17,8,6,0,0,1,2
2010,1,2010-03-28,Football Park,Port Adelaide,North Melbourne,North Melbourne,Leigh Harding,12,6,5,0,1,1,2
2010,1,2010-03-28,Football Park,Port Adelaide,North Melbourne,North Melbourne,Brent Harvey,16,2,7,3,1,0,2
2010,1,2010-03-28,Football Park,Port Adelaide,North Melbourne,North Melbourne,Hamish McIntosh,11,3,1,2,1,25,1
2010,1,2010-03-28,Football Park,Port Adelaide,North Melbourne,North Melbourne,Scott McMahon,9,5,9,0,0,0,3
2010,1,2010-03-28,Football Park,Port Adelaide,North Melbourne,North Melbourne,Brady Rawlings,18,4,7,0,0,0,2
2010,1,2010-03-28,Football Park,Port Adelaide,North Melbourne,North Melbourne,Ben Ross,5,4,13,0,0,0,3
2010,1,2010-03-28,Football Park,Port Adelaide,North Melbourne,North Melbourne,Andrew Swallow,7,4,3,0,0,0,5
2010,1,2010-03-28,Football Park,Port Adelaide,North Melbourne,North Melbourne,Lindsay Thomas,11,6,1,2,0,1,5
2010,1,2010-03-28,Football Park,Port Adelaide,North Melbourne,North Melbourne,Scott Thompson,4,1,6,0,0,0,4
2010,1,2010-03-28,Football Park,Port Adelaide,North Melbourne,North Melbourne,Gavin Urquhart,9,4,9,0,0,0,1
2010,1,2010-03-28,Football Park,Port Adelaide,North Melbourne,North Melbourne,Ben Warren,8,4,4,2,1,0,1
2010,1,2010-03-28,Football Park,Port Adelaide,North Melbourne,North Melbourne,Daniel Wells,8,4,8,0,0,0,4
2010,1,2010-03-28,Football Park,Port Adelaide,North Melbourne,North Melbourne,Sam Wright,3,5,10,0,0,0,1
2010,1,2010-03-28,Football Park,Port Adelaide,North Melbourne,North Melbourne,Jack Ziebell,12,3,10,0,0,0,7
2010,1,2010-03-28,Docklands,Western Bulldogs,Collingwood,Western Bulldogs,Dylan Addison,4,3,5,0,0,0,1
2010,1,2010-03-28,Docklands,Western Bulldogs,Collingwood,Western Bulldogs,Jason Akermanis,7,4,8,0,1,0,4
2010,1,2010-03-28,Docklands,Western Bulldogs,Collingwood,Western Bulldogs,Matthew Boyd,21,4,17,1,0,1,3
2010,1,2010-03-28,Docklands,Western Bulldogs,Collingwood,Western Bulldogs,Adam Cooney,14,4,12,0,2,0,0
2010,1,2010-03-28,Docklands,Western Bulldogs,Collingwood,Western Bulldogs,Daniel Cross,10,6,19,0,1,1,5
2010,1,2010-03-28,Docklands,Western Bulldogs,Collingwood,Western Bulldogs,Andrejs Everitt,11,3,5,0,1,0,1
2010,1,2010-03-28,Docklands,Western Bulldogs,Collingwood,Western Bulldogs,Daniel Giansiracusa,9,6,4,1,0,0,3
2010,1,2010-03-28,Docklands,Western Bulldogs,Collingwood,Western Bulldogs,Lindsay Gilbee,13,1,4,0,1,0,3
2010,1,2010-03-28,Docklands,Western Bulldogs,Collingwood,Western Bulldogs,Ryan Griffen,14,3,5,0,1,0,3
2010,1,2010-03-28,Docklands,Western Bulldogs,Collingwood,Western Bulldogs,Mitch Hahn,7,5,7,2,0,0,1
2010,1,2010-03-28,Docklands,Western Bulldogs,Collingwood,Western Bulldogs,Barry Hall,7,4,0,3,2,1,1
2010,1,2010-03-28,Docklands,Western Bulldogs,Collingwood,Western Bulldogs,Jarrod Harbrow,13,5,9,0,0,0,1
2010,1,2010-03-28,Docklands,Western Bulldogs,Collingwood,Western Bulldogs,Ryan Hargrave,7,4,7,0,0,0,2
2010,1,2010-03-28,Docklands,Western Bulldogs,Collingwood,Western Bulldogs,Shaun Higgins,10,5,13,1,0,0,2
2010,1,2010-03-28,Docklands,Western Bulldogs,Collingwood,Western Bulldogs,Josh Hill,11,6,2,1,0,0,3
2010,1,2010-03-28,Docklands,Western Bulldogs,Collingwood,Western Bulldogs,Ben Hudson,1,0,10,0,0,18,4
2010,1,2010-03-28,Docklands,Western Bulldogs,Collingwood,Western Bulldogs,Brad Johnson,12,7,1,0,0,0,0
2010,1,2010-03-28,Docklands,Western Bulldogs,Collingwood,Western Bulldogs,Brian Lake,6,3,6,1,1,0,2
2010,1,2010-03-28,Docklands,Western Bulldogs,Collingwood,Western Bulldogs,Will Minson,8,4,9,1,2,10,1
2010,1,2010-03-28,Docklands,Western Bulldogs,Collingwood,Western Bulldogs,Robert Murphy,14,12,9,1,0,0,3
2010,1,2010-03-28,Docklands,Western Bulldogs,Collingwood,Western Bulldogs,Liam Picken,5,2,4,1,0,0,2
2010,1,2010-03-28,Docklands,Western Bulldogs,Collingwood,Western Bulldogs,Tom Williams,5,6,7,0,1,0,2
2010,1,2010-03-28,Docklands,Western Bulldogs,Collingwood,Collingwood,John Anthony,4,4,5,1,1,0,3
2010,1,2010-03-28,Docklands,Western Bulldogs,Collingwood,Collingwood,Luke Ball,6,3,12,0,0,0,7
2010,1,2010-03-28,Docklands,Western Bulldogs,Collingwood,Collingwood,Leigh Brown,5,5,8,0,1,0,3
2010,1,2010-03-28,Docklands,Western Bulldogs,Collingwood,Collingwood,Travis Cloke,11,5,2,1,0,0,2
2010,1,2010-03-28,Docklands,Western Bulldogs,Collingwood,Collingwood,Leon Davis,9,2,2,3,0,0,4
2010,1,2010-03-28,Docklands,Western Bulldogs,Collingwood,Collingwood,Alan Didak,19,8,3,4,1,0,1
2010,1,2010-03-28,Docklands,Western Bulldogs,Collingwood,Collingwood,Josh Fraser,9,3,8,0,0,8,1
2010,1,2010-03-28,Docklands,Western Bulldogs,Collingwood,Collingwood,Ben Johnson,15,6,8,0,0,0,2
2010,1,2010-03-28,Docklands,Western Bulldogs,Collingwood,Collingwood,Darren Jolly,3,0,5,0,0,16,2
2010,1,2010-03-28,Docklands,Western Bulldogs,Collingwood,Collingwood,Tarkyn Lockyer,15,5,6,0,0,0,0
2010,1,2010-03-28,Docklands,Western Bulldogs,Collingwood,Collingwood,Heritier Lumumba,16,9,9,0,0,0,1
2010,1,2010-03-28,Docklands,Western Bulldogs,Collingwood,Collingwood,Nick Maxwell,9,7,8,0,0,1,3
2010,1,2010-03-28,Docklands,Western Bulldogs,Collingwood,Collingwood,Paul Medhurst,9,5,4,4,1,0,1
2010,1,2010-03-28,Docklands,Western Bulldogs,Collingwood,Collingwood,Shane OBree,6,2,8,0,0,0,8
2010,1,2010-03-28,Docklands,Western Bulldogs,Collingwood,Collingwood,Scott Pendlebury,11,5,10,1,1,0,2
2010,1,2010-03-28,Docklands,Western Bulldogs,Collingwood,Collingwood,Simon Prestigiacomo,4,2,0,0,0,0,1
2010,1,2010-03-28,Docklands,Western Bulldogs,Collingwood,Collingwood,Heath Shaw,27,14,9,0,1,0,0
2010,1,2010-03-28,Docklands,Western Bulldogs,Collingwood,Collingwood,Steele Sidebottom,8,3,7,0,1,0,1
2010,1,2010-03-28,Docklands,Western Bulldogs,Collingwood,Collingwood,Dane Swan,19,10,12,3,2,0,4
2010,1,2010-03-28,Docklands,Western Bulldogs,Collingwood,Collingwood,Dale Thomas,16,6,5,1,0,0,2
2010,1,2010-03-28,Docklands,Western Bulldogs,Collingwood,Collingwood,Alan Toovey,6,2,3,0,0,0,7
2010,1,2010-03-28,Docklands,Western Bulldogs,Collingwood,Collingwood,Sharrod Wellingham,14,5,9,1,1,0,4
2010,1,2010-03-28,Subiaco,Fremantle,Adelaide,Fremantle,Hayden Ballantyne,8,9,4,1,0,0,5
2010,1,2010-03-28,Subiaco,Fremantle,Adelaide,Fremantle,Michael Barlow,13,6,20,2,1,1,4
2010,1,2010-03-28,Subiaco,Fremantle,Adelaide,Fremantle,Greg Broughton,15,7,17,0,0,0,4
2010,1,2010-03-28,Subiaco,Fremantle,Adelaide,Fremantle,Ryan Crowley,5,4,14,1,0,0,3
2010,1,2010-03-28,Subiaco,Fremantle,Adelaide,Fremantle,Paul Duffield,20,4,12,0,1,0,5
2010,1,2010-03-28,Subiaco,Fremantle,Adelaide,Fremantle,Paul Hasleby,6,1,14,0,0,0,2
2010,1,2010-03-28,Subiaco,Fremantle,Adelaide,Fremantle,Roger Hayden,10,5,8,0,0,0,5
2010,1,2010-03-28,Subiaco,Fremantle,Adelaide,Fremantle,Des Headland,8,3,3,3,1,0,2
2010,1,2010-03-28,Subiaco,Fremantle,Adelaide,Fremantle,Stephen Hill,12,5,13,0,2,0,2
2010,1,2010-03-28,Subiaco,Fremantle,Adelaide,Fremantle,Garrick Ibbotson,9,3,2,1,2,0,1
2010,1,2010-03-28,Subiaco,Fremantle,Adelaide,Fremantle,Michael Johnson,10,6,10,1,0,2,0
2010,1,2010-03-28,Subiaco,Fremantle,Adelaide,Fremantle,Chris Mayne,6,6,6,2,3,0,2
2010,1,2010-03-28,Subiaco,Fremantle,Adelaide,Fremantle,Luke McPharlin,15,14,14,0,0,0,3
2010,1,2010-03-28,Subiaco,Fremantle,Adelaide,Fremantle,Adam McPhee,2,3,4,0,1,0,1
2010,1,2010-03-28,Subiaco,Fremantle,Adelaide,Fremantle,Anthony Morabito,7,1,6,1,0,3,2
2010,1,2010-03-28,Subiaco,Fremantle,Adelaide,Fremantle,David Mundy,10,3,18,1,0,1,0
2010,1,2010-03-28,Subiaco,Fremantle,Adelaide,Fremantle,Matthew Pavlich,12,1,10,3,2,0,3
2010,1,2010-03-28,Subiaco,Fremantle,Adelaide,Fremantle,Aaron Sandilands,5,4,16,0,0,33,2
2010,1,2010-03-28,Subiaco,Fremantle,Adelaide,Fremantle,Alex Silvagni,9,7,5,1,0,1,0
2010,1,2010-03-28,Subiaco,Fremantle,Adelaide,Fremantle,Nick Suban,17,3,5,0,1,0,5
2010,1,2010-03-28,Subiaco,Fremantle,Adelaide,Fremantle,Chris Tarrant,10,7,7,0,0,1,5
2010,1,2010-03-28,Subiaco,Fremantle,Adelaide,Fremantle,Jay van Berlo,6,2,9,0,0,0,1
2010,1,2010-03-28,Subiaco,Fremantle,Adelaide,Adelaide,Tony Armstrong,5,4,6,0,0,0,0
2010,1,2010-03-28,Subiaco,Fremantle,Adelaide,Adelaide,Nathan Bock,12,3,5,1,0,2,3
2010,1,2010-03-28,Subiaco,Fremantle,Adelaide,Adelaide,Myke Cook,8,4,13,0,1,1,1
2010,1,2010-03-28,Subiaco,Fremantle,Adelaide,Adelaide,Patrick Dangerfield,8,3,12,1,2,0,3
2010,1,2010-03-28,Subiaco,Fremantle,Adelaide,Adelaide,Michael Doughty,4,3,13,0,0,0,3
2010,1,2010-03-28,Subiaco,Fremantle,Adelaide,Adelaide,Richard Douglas,2,3,10,0,0,0,3
2010,1,2010-03-28,Subiaco,Fremantle,Adelaide,Adelaide,Tyson Edwards,16,8,9,0,0,1,2
2010,1,2010-03-28,Subiaco,Fremantle,Adelaide,Adelaide,Simon Goodwin,7,2,17,0,0,0,3
2010,1,2010-03-28,Subiaco,Fremantle,Adelaide,Adelaide,Jonathon Griffin,6,3,2,0,0,10,3
2010,1,2010-03-28,Subiaco,Fremantle,Adelaide,Adelaide,Trent Hentschel,3,2,11,0,0,0,1
2010,1,2010-03-28,Subiaco,Fremantle,Adelaide,Adelaide,David Mackay,6,5,14,0,0,1,3
2010,1,2010-03-28,Subiaco,Fremantle,Adelaide,Adelaide,Andrew McLeod,12,0,9,0,0,0,6
2010,1,2010-03-28,Subiaco,Fremantle,Adelaide,Adelaide,Jared Petrenko,5,3,4,0,0,0,2
2010,1,2010-03-28,Subiaco,Fremantle,Adelaide,Adelaide,Brent Reilly,6,2,13,0,0,0,1
2010,1,2010-03-28,Subiaco,Fremantle,Adelaide,Adelaide,Ben Rutten,2,2,7,0,0,0,4
2010,1,2010-03-28,Subiaco,Fremantle,Adelaide,Adelaide,Rory Sloane,2,1,6,0,0,0,5
2010,1,2010-03-28,Subiaco,Fremantle,Adelaide,Adelaide,Scott Stevens,6,3,5,0,0,0,2
2010,1,2010-03-28,Subiaco,Fremantle,Adelaide,Adelaide,Scott Thompson,11,4,12,2,0,1,2
2010,1,2010-03-28,Subiaco,Fremantle,Adelaide,Adelaide,Kurt Tippett,7,4,1,1,4,9,2
2010,1,2010-03-28,Subiaco,Fremantle,Adelaide,Adelaide,Nathan van Berlo,7,4,14,0,0,0,2
2010,1,2010-03-28,Subiaco,Fremantle,Adelaide,Adelaide,Bernie Vince,11,3,11,0,0,0,2
2010,1,2010-03-28,Subiaco,Fremantle,Adelaide,Adelaide,Taylor Walker,11,7,0,4,1,0,3
2010,2,2010-04-01,Gabba,Brisbane Lions,Carlton,Brisbane Lions,Jed Adcock,5,2,7,0,0,0,1
2010,2,2010-04-01,Gabba,Brisbane Lions,Carlton,Brisbane Lions,Todd Banfield,7,4,4,2,1,0,0
2010,2,2010-04-01,Gabba,Brisbane Lions,Carlton,Brisbane Lions,Simon Black,11,3,9,1,0,0,2
2010,2,2010-04-01,Gabba,Brisbane Lions,Carlton,Brisbane Lions,Jared Brennan,17,8,5,0,2,0,9
2010,2,2010-04-01,Gabba,Brisbane Lions,Carlton,Brisbane Lions,Jonathan Brown,19,12,2,7,1,0,0
2010,2,2010-04-01,Gabba,Brisbane Lions,Carlton,Brisbane Lions,Mitch Clark,5,4,5,1,0,17,1
2010,2,2010-04-01,Gabba,Brisbane Lions,Carlton,Brisbane Lions,Josh Drummond,15,4,6,0,1,0,5
2010,2,2010-04-01,Gabba,Brisbane Lions,Carlton,Brisbane Lions,Brendan Fevola,6,3,0,3,3,0,2
2010,2,2010-04-01,Gabba,Brisbane Lions,Carlton,Brisbane Lions,Travis Johnstone,15,5,9,0,1,0,2
2010,2,2010-04-01,Gabba,Brisbane Lions,Carlton,Brisbane Lions,Matthew Leuenberger,6,4,3,0,0,13,1
2010,2,2010-04-01,Gabba,Brisbane Lions,Carlton,Brisbane Lions,Matt Maguire,8,6,7,0,0,1,2
2010,2,2010-04-01,Gabba,Brisbane Lions,Carlton,Brisbane Lions,Ashley McGrath,6,1,7,0,0,0,2
2010,2,2010-04-01,Gabba,Brisbane Lions,Carlton,Brisbane Lions,Daniel Merrett,6,7,12,0,0,0,2
2010,2,2010-04-01,Gabba,Brisbane Lions,Carlton,Brisbane Lions,Joel Patfull,6,3,8,0,0,0,4
2010,2,2010-04-01,Gabba,Brisbane Lions,Carlton,Brisbane Lions,Luke Power,14,10,13,0,0,0,5
2010,2,2010-04-01,Gabba,Brisbane Lions,Carlton,Brisbane Lions,Andrew Raines,14,5,7,0,0,0,0
2010,2,2010-04-01,Gabba,Brisbane Lions,Carlton,Brisbane Lions,Jack Redden,3,3,11,0,0,0,2
2010,2,2010-04-01,Gabba,Brisbane Lions,Carlton,Brisbane Lions,Daniel Rich,9,1,7,0,0,0,5
2010,2,2010-04-01,Gabba,Brisbane Lions,Carlton,Brisbane Lions,Michael Rischitelli,12,9,6,1,0,1,5
2010,2,2010-04-01,Gabba,Brisbane Lions,Carlton,Brisbane Lions,Justin Sherman,5,0,7,0,0,0,1
2010,2,2010-04-01,Gabba,Brisbane Lions,Carlton,Brisbane Lions,Brent Staker,9,4,3,1,1,0,0
2010,2,2010-04-01,Gabba,Brisbane Lions,Carlton,Brisbane Lions,Cheynee Stiller,7,3,6,0,0,0,2
2010,2,2010-04-01,Gabba,Brisbane Lions,Carlton,Carlton,Joe Anderson,7,4,6,0,0,0,3
2010,2,2010-04-01,Gabba,Brisbane Lions,Carlton,Carlton,Dennis Armfield,5,2,4,0,0,0,3
2010,2,2010-04-01,Gabba,Brisbane Lions,Carlton,Carlton,Eddie Betts,5,1,6,0,4,0,3
2010,2,2010-04-01,Gabba,Brisbane Lions,Carlton,Carlton,Andrew Carrazzo,9,3,14,0,1,0,4
2010,2,2010-04-01,Gabba,Brisbane Lions,Carlton,Carlton,Bryce Gibbs,20,8,8,1,0,0,0
2010,2,2010-04-01,Gabba,Brisbane Lions,Carlton,Carlton,Lachie Henderson,7,1,1,3,0,0,3
2010,2,2010-04-01,Gabba,Brisbane Lions,Carlton,Carlton,Ryan Houlihan,16,3,9,0,0,0,3
2010,2,2010-04-01,Gabba,Brisbane Lions,Carlton,Carlton,Michael Jamison,4,2,0,0,0,0,2
2010,2,2010-04-01,Gabba,Brisbane Lions,Carlton,Carlton,Aaron Joseph,5,1,5,0,0,0,1
2010,2,2010-04-01,Gabba,Brisbane Lions,Carlton,Carlton,Matthew Kreuzer,5,2,10,0,1,23,3
2010,2,2010-04-01,Gabba,Brisbane Lions,Carlton,Carlton,Brock McLean,11,2,16,1,0,0,2
2010,2,2010-04-01,Gabba,Brisbane Lions,Carlton,Carlton,Marc Murphy,15,2,19,1,1,0,2
2010,2,2010-04-01,Gabba,Brisbane Lions,Carlton,Carlton,Setanta OhAilpin,14,8,2,4,3,0,0
2010,2,2010-04-01,Gabba,Brisbane Lions,Carlton,Carlton,Mitch Robinson,7,2,6,1,0,0,4
2010,2,2010-04-01,Gabba,Brisbane Lions,Carlton,Carlton,Jordan Russell,9,2,9,0,0,0,1
2010,2,2010-04-01,Gabba,Brisbane Lions,Carlton,Carlton,Heath Scotland,11,1,22,0,1,0,7
2010,2,2010-04-01,Gabba,Brisbane Lions,Carlton,Carlton,Kade Simpson,13,6,9,1,1,0,5
2010,2,2010-04-01,Gabba,Brisbane Lions,Carlton,Carlton,Bret Thornton,7,5,7,0,0,0,1
2010,2,2010-04-01,Gabba,Brisbane Lions,Carlton,Carlton,Jarrad Waite,10,5,6,0,0,0,5
2010,2,2010-04-01,Gabba,Brisbane Lions,Carlton,Carlton,Andrew Walker,6,3,6,0,0,0,0
2010,2,2010-04-01,Gabba,Brisbane Lions,Carlton,Carlton,Robert Warnock,1,0,4,0,0,11,1
2010,2,2010-04-01,Gabba,Brisbane Lions,Carlton,Carlton,Chris Yarran,8,1,2,0,2,0,3
2010,2,2010-04-03,M.C.G.,Collingwood,Melbourne,Collingwood,John Anthony,4,4,2,2,0,0,5
2010,2,2010-04-03,M.C.G.,Collingwood,Melbourne,Collingwood,Luke Ball,10,3,8,0,0,0,5
2010,2,2010-04-03,M.C.G.,Collingwood,Melbourne,Collingwood,Dayne Beams,17,3,10,1,2,0,1
2010,2,2010-04-03,M.C.G.,Collingwood,Melbourne,Collingwood,Leigh Brown,5,1,5,0,1,1,3
2010,2,2010-04-03,M.C.G.,Collingwood,Melbourne,Collingwood,Travis Cloke,7,6,1,1,2,0,5
2010,2,2010-04-03,M.C.G.,Collingwood,Melbourne,Collingwood,Leon Davis,8,2,5,2,1,0,7
2010,2,2010-04-03,M.C.G.,Collingwood,Melbourne,Collingwood,Alan Didak,9,1,6,0,0,0,3
2010,2,2010-04-03,M.C.G.,Collingwood,Melbourne,Collingwood,Josh Fraser,5,2,1,1,1,7,3
2010,2,2010-04-03,M.C.G.,Collingwood,Melbourne,Collingwood,Ben Johnson,7,2,7,0,0,0,2
2010,2,2010-04-03,M.C.G.,Collingwood,Melbourne,Collingwood,Darren Jolly,1,2,4,0,0,24,1
2010,2,2010-04-03,M.C.G.,Collingwood,Melbourne,Collingwood,Tarkyn Lockyer,9,5,9,2,0,0,4
2010,2,2010-04-03,M.C.G.,Collingwood,Melbourne,Collingwood,Heritier Lumumba,10,2,7,0,0,0,3
2010,2,2010-04-03,M.C.G.,Collingwood,Melbourne,Collingwood,Nick Maxwell,10,12,9,0,1,0,6
2010,2,2010-04-03,M.C.G.,Collingwood,Melbourne,Collingwood,Paul Medhurst,6,2,3,1,0,0,5
2010,2,2010-04-03,M.C.G.,Collingwood,Melbourne,Collingwood,Scott Pendlebury,11,3,12,2,1,0,9
2010,2,2010-04-03,M.C.G.,Collingwood,Melbourne,Collingwood,Ben Reid,6,3,6,0,0,0,3
2010,2,2010-04-03,M.C.G.,Collingwood,Melbourne,Collingwood,Heath Shaw,9,4,8,0,0,0,2
2010,2,2010-04-03,M.C.G.,Collingwood,Melbourne,Collingwood,Steele Sidebottom,11,4,10,0,0,0,7
2010,2,2010-04-03,M.C.G.,Collingwood,Melbourne,Collingwood,Dane Swan,8,2,13,0,1,0,6
2010,2,2010-04-03,M.C.G.,Collingwood,Melbourne,Collingwood,Dale Thomas,14,8,11,0,1,0,6
2010,2,2010-04-03,M.C.G.,Collingwood,Melbourne,Collingwood,Alan Toovey,3,1,4,0,2,0,4
2010,2,2010-04-03,M.C.G.,Collingwood,Melbourne,Collingwood,Sharrod Wellingham,14,4,10,0,0,0,4
2010,2,2010-04-03,M.C.G.,Collingwood,Melbourne,Melbourne,Rohan Bail,9,4,6,1,0,0,2
2010,2,2010-04-03,M.C.G.,Collingwood,Melbourne,Melbourne,Clint Bartram,5,4,4,0,0,0,4
2010,2,2010-04-03,M.C.G.,Collingwood,Melbourne,Melbourne,Matthew Bate,8,7,8,0,0,0,1
2010,2,2010-04-03,M.C.G.,Collingwood,Melbourne,Melbourne,Jamie Bennell,5,4,3,1,1,0,0
2010,2,2010-04-03,M.C.G.,Collingwood,Melbourne,Melbourne,Cameron Bruce,5,3,14,0,0,0,2
2010,2,2010-04-03,M.C.G.,Collingwood,Melbourne,Melbourne,Aaron Davey,23,4,4,0,0,0,5
2010,2,2010-04-03,M.C.G.,Collingwood,Melbourne,Melbourne,Lynden Dunn,9,5,3,2,1,1,1
2010,2,2010-04-03,M.C.G.,Collingwood,Melbourne,Melbourne,James Frawley,7,1,8,0,0,0,6
2010,2,2010-04-03,M.C.G.,Collingwood,Melbourne,Melbourne,Brad Green,17,9,4,3,2,0,3
2010,2,2010-04-03,M.C.G.,Collingwood,Melbourne,Melbourne,Jack Grimes,14,9,9,0,1,0,2
2010,2,2010-04-03,M.C.G.,Collingwood,Melbourne,Melbourne,Mark Jamar,3,1,11,0,0,36,3
2010,2,2010-04-03,M.C.G.,Collingwood,Melbourne,Melbourne,Nathan Jones,8,3,11,0,1,0,2
2010,2,2010-04-03,M.C.G.,Collingwood,Melbourne,Melbourne,Joel Macdonald,12,6,7,0,0,0,3
2010,2,2010-04-03,M.C.G.,Collingwood,Melbourne,Melbourne,James McDonald,14,4,11,0,0,0,8
2010,2,2010-04-03,M.C.G.,Collingwood,Melbourne,Melbourne,Jordie McKenzie,12,5,6,0,1,0,12
2010,2,2010-04-03,M.C.G.,Collingwood,Melbourne,Melbourne,Brent Moloney,8,2,16,0,0,0,6
2010,2,2010-04-03,M.C.G.,Collingwood,Melbourne,Melbourne,Michael Newton,3,2,1,1,0,2,1
2010,2,2010-04-03,M.C.G.,Collingwood,Melbourne,Melbourne,Ricky Petterd,13,9,4,4,2,0,2
2010,2,2010-04-03,M.C.G.,Collingwood,Melbourne,Melbourne,Tom Scully,7,4,8,0,1,0,4
2010,2,2010-04-03,M.C.G.,Collingwood,Melbourne,Melbourne,James Strauss,4,1,3,0,0,0,2
2010,2,2010-04-03,M.C.G.,Collingwood,Melbourne,Melbourne,Jack Trengove,8,3,5,0,0,0,8
2010,2,2010-04-03,M.C.G.,Collingwood,Melbourne,Melbourne,Matthew Warnock,4,2,8,0,0,1,1
2010,2,2010-04-03,Docklands,St Kilda,North Melbourne,St Kilda,David Armitage,10,4,11,1,0,0,8
2010,2,2010-04-03,Docklands,St Kilda,North Melbourne,St Kilda,Steven Baker,8,10,11,0,0,0,2
2010,2,2010-04-03,Docklands,St Kilda,North Melbourne,St Kilda,Jason Blake,10,6,7,0,0,1,1
2010,2,2010-04-03,Docklands,St Kilda,North Melbourne,St Kilda,Nick Dal Santo,22,10,11,1,1,1,5
2010,2,2010-04-03,Docklands,St Kilda,North Melbourne,St Kilda,Zac Dawson,10,7,4,0,0,0,0
2010,2,2010-04-03,Docklands,St Kilda,North Melbourne,St Kilda,Michael Gardiner,4,6,6,0,0,20,0
2010,2,2010-04-03,Docklands,St Kilda,North Melbourne,St Kilda,Jarryn Geary,9,2,5,1,0,0,1
2010,2,2010-04-03,Docklands,St Kilda,North Melbourne,St Kilda,Sam Gilbert,17,9,11,0,0,2,2
2010,2,2010-04-03,Docklands,St Kilda,North Melbourne,St Kilda,Brendon Goddard,14,11,15,4,0,2,2
2010,2,2010-04-03,Docklands,St Kilda,North Melbourne,St Kilda,Jason Gram,17,6,11,0,1,0,1
2010,2,2010-04-03,Docklands,St Kilda,North Melbourne,St Kilda,James Gwilt,15,10,13,0,0,0,2
2010,2,2010-04-03,Docklands,St Kilda,North Melbourne,St Kilda,Lenny Hayes,9,2,11,0,0,1,5
2010,2,2010-04-03,Docklands,St Kilda,North Melbourne,St Kilda,Clinton Jones,9,5,9,0,0,0,4
2010,2,2010-04-03,Docklands,St Kilda,North Melbourne,St Kilda,Ben McEvoy,1,1,4,0,0,9,2
2010,2,2010-04-03,Docklands,St Kilda,North Melbourne,St Kilda,Andrew McQualter,5,5,6,0,0,0,6
2010,2,2010-04-03,Docklands,St Kilda,North Melbourne,St Kilda,Stephen Milne,17,9,6,3,2,0,1
2010,2,2010-04-03,Docklands,St Kilda,North Melbourne,St Kilda,Leigh Montagna,23,7,12,1,0,0,4
2010,2,2010-04-03,Docklands,St Kilda,North Melbourne,St Kilda,Adam Pattison,2,1,6,0,1,2,0
2010,2,2010-04-03,Docklands,St Kilda,North Melbourne,St Kilda,Brett Peake,7,4,7,3,0,0,3
2010,2,2010-04-03,Docklands,St Kilda,North Melbourne,St Kilda,Farren Ray,13,8,12,0,0,0,1
2010,2,2010-04-03,Docklands,St Kilda,North Melbourne,St Kilda,Nick Riewoldt,14,15,9,7,0,1,1
2010,2,2010-04-03,Docklands,St Kilda,North Melbourne,St Kilda,Adam Schneider,15,4,4,2,0,0,1
2010,2,2010-04-03,Docklands,St Kilda,North Melbourne,North Melbourne,Leigh Adams,7,2,2,0,0,0,5
2010,2,2010-04-03,Docklands,St Kilda,North Melbourne,North Melbourne,Liam Anthony,14,3,10,0,0,0,1
2010,2,2010-04-03,Docklands,St Kilda,North Melbourne,North Melbourne,Ryan Bastinac,8,0,4,0,0,0,3
2010,2,2010-04-03,Docklands,St Kilda,North Melbourne,North Melbourne,Matt Campbell,9,4,6,0,0,0,1
2010,2,2010-04-03,Docklands,St Kilda,North Melbourne,North Melbourne,Michael Firrito,12,6,8,0,0,0,2
2010,2,2010-04-03,Docklands,St Kilda,North Melbourne,North Melbourne,Todd Goldstein,6,6,9,0,0,12,5
2010,2,2010-04-03,Docklands,St Kilda,North Melbourne,North Melbourne,Nathan Grima,11,8,5,0,0,0,1
2010,2,2010-04-03,Docklands,St Kilda,North Melbourne,North Melbourne,David Hale,7,6,3,3,2,4,3
2010,2,2010-04-03,Docklands,St Kilda,North Melbourne,North Melbourne,Lachlan Hansen,8,11,11,0,0,0,1
2010,2,2010-04-03,Docklands,St Kilda,North Melbourne,North Melbourne,Brent Harvey,3,1,2,0,0,0,2
2010,2,2010-04-03,Docklands,St Kilda,North Melbourne,North Melbourne,Corey Jones,4,3,2,1,0,0,7
2010,2,2010-04-03,Docklands,St Kilda,North Melbourne,North Melbourne,Hamish McIntosh,5,1,11,0,0,31,1
2010,2,2010-04-03,Docklands,St Kilda,North Melbourne,North Melbourne,Brady Rawlings,14,8,20,0,0,0,4
2010,2,2010-04-03,Docklands,St Kilda,North Melbourne,North Melbourne,Ben Ross,6,3,2,0,0,0,0
2010,2,2010-04-03,Docklands,St Kilda,North Melbourne,North Melbourne,Andrew Swallow,7,4,10,0,0,0,11
2010,2,2010-04-03,Docklands,St Kilda,North Melbourne,North Melbourne,Lindsay Thomas,8,2,3,1,0,1,4
2010,2,2010-04-03,Docklands,St Kilda,North Melbourne,North Melbourne,Scott Thompson,10,6,10,0,0,0,0
2010,2,2010-04-03,Docklands,St Kilda,North Melbourne,North Melbourne,Gavin Urquhart,7,4,3,0,0,0,4
2010,2,2010-04-03,Docklands,St Kilda,North Melbourne,North Melbourne,Ben Warren,8,7,6,0,0,0,3
2010,2,2010-04-03,Docklands,St Kilda,North Melbourne,North Melbourne,Daniel Wells,8,2,7,1,0,0,3
2010,2,2010-04-03,Docklands,St Kilda,North Melbourne,North Melbourne,Sam Wright,6,2,5,0,0,0,3
2010,2,2010-04-03,Docklands,St Kilda,North Melbourne,North Melbourne,Jack Ziebell,7,1,2,0,0,1,3
2010,2,2010-04-03,Subiaco,West Coast,Port Adelaide,West Coast,Mitch Brown,10,2,7,2,2,0,2
2010,2,2010-04-03,Subiaco,West Coast,Port Adelaide,West Coast,Sam Butler,6,4,7,0,0,0,3
2010,2,2010-04-03,Subiaco,West Coast,Port Adelaide,West Coast,Dean Cox,2,1,5,0,0,22,2
2010,2,2010-04-03,Subiaco,West Coast,Port Adelaide,West Coast,Brad Ebert,15,7,7,0,1,0,5
2010,2,2010-04-03,Subiaco,West Coast,Port Adelaide,West Coast,Andrew Embley,17,7,7,0,0,0,4
2010,2,2010-04-03,Subiaco,West Coast,Port Adelaide,West Coast,Darren Glass,1,0,9,0,0,0,3
2010,2,2010-04-03,Subiaco,West Coast,Port Adelaide,West Coast,Shannon Hurn,16,3,2,1,0,0,2
2010,2,2010-04-03,Subiaco,West Coast,Port Adelaide,West Coast,Brett Jones,10,4,8,0,0,0,0
2010,2,2010-04-03,Subiaco,West Coast,Port Adelaide,West Coast,Josh Kennedy,8,3,3,4,0,0,4
2010,2,2010-04-03,Subiaco,West Coast,Port Adelaide,West Coast,Daniel Kerr,6,0,14,1,1,0,3
2010,2,2010-04-03,Subiaco,West Coast,Port Adelaide,West Coast,Eric Mackenzie,9,7,7,0,0,0,0
2010,2,2010-04-03,Subiaco,West Coast,Port Adelaide,West Coast,Chris Masten,11,1,9,0,1,0,4
2010,2,2010-04-03,Subiaco,West Coast,Port Adelaide,West Coast,Patrick McGinnity,13,5,8,0,0,0,4
2010,2,2010-04-03,Subiaco,West Coast,Port Adelaide,West Coast,Nic Naitanui,11,2,10,0,1,21,4
2010,2,2010-04-03,Subiaco,West Coast,Port Adelaide,West Coast,Mark Nicoski,4,1,4,0,1,0,0
2010,2,2010-04-03,Subiaco,West Coast,Port Adelaide,West Coast,Matt Priddis,9,2,12,0,0,0,7
2010,2,2010-04-03,Subiaco,West Coast,Port Adelaide,West Coast,Adam Selwood,14,6,16,0,0,1,10
2010,2,2010-04-03,Subiaco,West Coast,Port Adelaide,West Coast,Scott Selwood,6,2,7,1,1,0,7
2010,2,2010-04-03,Subiaco,West Coast,Port Adelaide,West Coast,Luke Shuey,9,2,6,2,1,0,2
2010,2,2010-04-03,Subiaco,West Coast,Port Adelaide,West Coast,Matthew Spangher,4,2,3,0,0,0,3
2010,2,2010-04-03,Subiaco,West Coast,Port Adelaide,West Coast,Tom Swift,7,3,10,1,1,0,2
2010,2,2010-04-03,Subiaco,West Coast,Port Adelaide,West Coast,Beau Waters,12,7,11,0,0,0,2
2010,2,2010-04-03,Subiaco,West Coast,Port Adelaide,Port Adelaide,Mitchell Banner,10,3,5,0,1,0,1
2010,2,2010-04-03,Subiaco,West Coast,Port Adelaide,Port Adelaide,Travis Boak,14,4,12,1,1,0,4
2010,2,2010-04-03,Subiaco,West Coast,Port Adelaide,Port Adelaide,Dean Brogan,6,2,4,0,0,19,6
2010,2,2010-04-03,Subiaco,West Coast,Port Adelaide,Port Adelaide,Alipate Carlile,13,3,6,0,0,0,0
2010,2,2010-04-03,Subiaco,West Coast,Port Adelaide,Port Adelaide,Domenic Cassisi,5,0,4,0,0,0,7
2010,2,2010-04-03,Subiaco,West Coast,Port Adelaide,Port Adelaide,Troy Chaplin,16,6,11,0,0,0,4
2010,2,2010-04-03,Subiaco,West Coast,Port Adelaide,Port Adelaide,Chad Cornes,10,4,9,0,0,0,3
2010,2,2010-04-03,Subiaco,West Coast,Port Adelaide,Port Adelaide,Kane Cornes,5,4,12,0,0,0,15
2010,2,2010-04-03,Subiaco,West Coast,Port Adelaide,Port Adelaide,Jason Davenport,13,6,4,4,2,0,8
2010,2,2010-04-03,Subiaco,West Coast,Port Adelaide,Port Adelaide,Brett Ebert,8,6,5,3,0,0,3
2010,2,2010-04-03,Subiaco,West Coast,Port Adelaide,Port Adelaide,Cameron Hitchcock,6,0,2,2,0,0,2
2010,2,2010-04-03,Subiaco,West Coast,Port Adelaide,Port Adelaide,Nathan Krakouer,10,5,7,0,0,0,3
2010,2,2010-04-03,Subiaco,West Coast,Port Adelaide,Port Adelaide,Tom Logan,8,4,13,0,0,0,3
2010,2,2010-04-03,Subiaco,West Coast,Port Adelaide,Port Adelaide,Danyle Pearce,13,3,5,0,2,0,6
2010,2,2010-04-03,Subiaco,West Coast,Port Adelaide,Port Adelaide,Steven Salopek,10,6,10,0,0,0,1
2010,2,2010-04-03,Subiaco,West Coast,Port Adelaide,Port Adelaide,Jay Schulz,11,8,1,1,1,0,3
2010,2,2010-04-03,Subiaco,West Coast,Port Adelaide,Port Adelaide,Paul Stewart,7,3,2,0,0,1,1
2010,2,2010-04-03,Subiaco,West Coast,Port Adelaide,Port Adelaide,Jacob Surjan,9,5,8,0,0,1,5
2010,2,2010-04-03,Subiaco,West Coast,Port Adelaide,Port Adelaide,Matt Thomas,6,2,12,1,0,0,7
2010,2,2010-04-03,Subiaco,West Coast,Port Adelaide,Port Adelaide,Warren Tredrea,2,3,5,0,0,0,0
2010,2,2010-04-03,Subiaco,West Coast,Port Adelaide,Port Adelaide,Jackson Trengove,0,1,8,0,0,3,2
2010,2,2010-04-03,Subiaco,West Coast,Port Adelaide,Port Adelaide,Justin Westhoff,20,9,7,1,0,4,3
2010,2,2010-04-04,Football Park,Adelaide,Sydney,Adelaide,Nathan Bock,14,5,7,0,0,0,1
2010,2,2010-04-04,Football Park,Adelaide,Sydney,Adelaide,Brett Burton,11,4,2,1,0,0,2
2010,2,2010-04-04,Football Park,Adelaide,Sydney,Adelaide,Myke Cook,6,3,11,0,0,0,0
2010,2,2010-04-04,Football Park,Adelaide,Sydney,Adelaide,Patrick Dangerfield,10,6,6,5,1,0,3
2010,2,2010-04-04,Football Park,Adelaide,Sydney,Adelaide,Michael Doughty,6,5,10,0,0,0,1
2010,2,2010-04-04,Football Park,Adelaide,Sydney,Adelaide,Richard Douglas,12,5,10,1,3,0,1
2010,2,2010-04-04,Football Park,Adelaide,Sydney,Adelaide,Tyson Edwards,11,4,5,0,0,1,4
2010,2,2010-04-04,Football Park,Adelaide,Sydney,Adelaide,Simon Goodwin,6,1,16,0,0,0,4
2010,2,2010-04-04,Football Park,Adelaide,Sydney,Adelaide,Trent Hentschel,8,5,6,0,0,0,1
2010,2,2010-04-04,Football Park,Adelaide,Sydney,Adelaide,David Mackay,9,1,12,0,0,0,2
2010,2,2010-04-04,Football Park,Adelaide,Sydney,Adelaide,Ivan Maric,3,6,7,0,0,23,3
2010,2,2010-04-04,Football Park,Adelaide,Sydney,Adelaide,Andrew McLeod,11,4,7,2,0,0,0
2010,2,2010-04-04,Football Park,Adelaide,Sydney,Adelaide,Jared Petrenko,5,3,6,2,0,0,5
2010,2,2010-04-04,Football Park,Adelaide,Sydney,Adelaide,Jason Porplyzia,8,3,4,0,1,0,5
2010,2,2010-04-04,Football Park,Adelaide,Sydney,Adelaide,Brent Reilly,12,6,8,0,0,0,7
2010,2,2010-04-04,Football Park,Adelaide,Sydney,Adelaide,Ben Rutten,4,5,12,0,0,0,3
2010,2,2010-04-04,Football Park,Adelaide,Sydney,Adelaide,James Sellar,3,2,4,0,0,4,0
2010,2,2010-04-04,Football Park,Adelaide,Sydney,Adelaide,Scott Thompson,14,2,13,0,1,0,5
2010,2,2010-04-04,Football Park,Adelaide,Sydney,Adelaide,Kurt Tippett,6,3,1,0,1,12,1
2010,2,2010-04-04,Football Park,Adelaide,Sydney,Adelaide,Bernie Vince,11,4,5,0,0,0,2
2010,2,2010-04-04,Football Park,Adelaide,Sydney,Adelaide,Taylor Walker,7,5,3,0,1,0,2
2010,2,2010-04-04,Football Park,Adelaide,Sydney,Adelaide,Will Young,3,5,7,0,0,0,0
2010,2,2010-04-04,Football Park,Adelaide,Sydney,Sydney,Craig Bolton,6,0,6,0,0,0,2
2010,2,2010-04-04,Football Park,Adelaide,Sydney,Sydney,Jude Bolton,5,1,7,0,0,0,5
2010,2,2010-04-04,Football Park,Adelaide,Sydney,Sydney,Daniel Bradshaw,3,3,5,2,0,0,1
2010,2,2010-04-04,Football Park,Adelaide,Sydney,Sydney,Adam Goodes,14,10,7,1,0,0,2
2010,2,2010-04-04,Football Park,Adelaide,Sydney,Sydney,Heath Grundy,12,9,14,0,0,0,4
2010,2,2010-04-04,Football Park,Adelaide,Sydney,Sydney,Dan Hannebery,12,3,11,0,1,0,4
2010,2,2010-04-04,Football Park,Adelaide,Sydney,Sydney,Kieren Jack,8,2,8,1,0,0,5
2010,2,2010-04-04,Football Park,Adelaide,Sydney,Sydney,Lewis Jetta,11,8,6,0,1,0,0
2010,2,2010-04-04,Football Park,Adelaide,Sydney,Sydney,Josh Kennedy,12,6,7,2,2,0,4
2010,2,2010-04-04,Football Park,Adelaide,Sydney,Sydney,Tadhg Kennelly,12,4,5,0,0,0,1
2010,2,2010-04-04,Football Park,Adelaide,Sydney,Sydney,Brett Kirk,7,5,11,1,0,0,1
2010,2,2010-04-04,Football Park,Adelaide,Sydney,Sydney,Nick Malceski,14,6,5,0,2,0,2
2010,2,2010-04-04,Football Park,Adelaide,Sydney,Sydney,Martin Mattner,9,3,7,0,0,0,2
2010,2,2010-04-04,Football Park,Adelaide,Sydney,Sydney,Ben McGlynn,16,10,7,5,1,0,4
2010,2,2010-04-04,Football Park,Adelaide,Sydney,Sydney,Jarrad McVeigh,11,3,9,0,0,0,3
2010,2,2010-04-04,Football Park,Adelaide,Sydney,Sydney,Jarred Moore,6,5,11,1,0,0,2
2010,2,2010-04-04,Football Park,Adelaide,Sydney,Sydney,Shane Mumford,0,0,11,0,0,12,5
2010,2,2010-04-04,Football Park,Adelaide,Sydney,Sydney,Ryan OKeefe,21,5,8,3,0,0,4
2010,2,2010-04-04,Football Park,Adelaide,Sydney,Sydney,Lewis Roberts-Thomson,6,5,5,0,0,0,5
2010,2,2010-04-04,Football Park,Adelaide,Sydney,Sydney,Mark Seaby,9,7,10,2,0,21,6
2010,2,2010-04-04,Football Park,Adelaide,Sydney,Sydney,Rhyce Shaw,12,2,4,0,0,0,3
2010,2,2010-04-04,Football Park,Adelaide,Sydney,Sydney,Jesse White,6,8,5,0,1,0,0
2010,2,2010-04-04,Docklands,Essendon,Fremantle,Essendon,Alwyn Davey,5,2,7,0,0,0,7
2010,2,2010-04-04,Docklands,Essendon,Fremantle,Essendon,Courtenay Dempsey,13,2,11,0,0,0,4
2010,2,2010-04-04,Docklands,Essendon,Fremantle,Essendon,Ricky Dyson,13,5,9,0,2,0,5
2010,2,2010-04-04,Docklands,Essendon,Fremantle,Essendon,Dustin Fletcher,10,1,5,0,0,0,0
2010,2,2010-04-04,Docklands,Essendon,Fremantle,Essendon,Scott Gumbleton,7,5,4,2,2,2,4
2010,2,2010-04-04,Docklands,Essendon,Fremantle,Essendon,David Hille,7,4,7,0,0,14,2
2010,2,2010-04-04,Docklands,Essendon,Fremantle,Essendon,Heath Hocking,10,7,11,0,1,0,6
2010,2,2010-04-04,Docklands,Essendon,Fremantle,Essendon,Cale Hooker,4,5,14,0,0,0,2
2010,2,2010-04-04,Docklands,Essendon,Fremantle,Essendon,Ben Howlett,7,1,11,0,0,0,4
2010,2,2010-04-04,Docklands,Essendon,Fremantle,Essendon,Mark McVeigh,7,2,8,1,0,0,3
2010,2,2010-04-04,Docklands,Essendon,Fremantle,Essendon,Angus Monfries,12,6,4,2,1,0,2
2010,2,2010-04-04,Docklands,Essendon,Fremantle,Essendon,David Myers,10,2,5,0,0,0,1
2010,2,2010-04-04,Docklands,Essendon,Fremantle,Essendon,Tayte Pears,8,4,11,0,0,0,3
2010,2,2010-04-04,Docklands,Essendon,Fremantle,Essendon,Brent Prismall,14,7,12,1,0,0,1
2010,2,2010-04-04,Docklands,Essendon,Fremantle,Essendon,Paddy Ryder,3,3,3,0,0,9,6
2010,2,2010-04-04,Docklands,Essendon,Fremantle,Essendon,Henry Slattery,6,3,3,0,1,0,5
2010,2,2010-04-04,Docklands,Essendon,Fremantle,Essendon,Brent Stanton,17,7,7,0,1,0,2
2010,2,2010-04-04,Docklands,Essendon,Fremantle,Essendon,Jobe Watson,6,4,22,1,0,0,2
2010,2,2010-04-04,Docklands,Essendon,Fremantle,Essendon,Andrew Welsh,10,2,7,0,2,0,2
2010,2,2010-04-04,Docklands,Essendon,Fremantle,Essendon,Mark Williams,7,2,2,0,0,0,1
2010,2,2010-04-04,Docklands,Essendon,Fremantle,Essendon,Jason Winderlich,9,10,6,0,1,0,3
2010,2,2010-04-04,Docklands,Essendon,Fremantle,Essendon,David Zaharakis,9,5,3,2,2,0,1
2010,2,2010-04-04,Docklands,Essendon,Fremantle,Fremantle,Hayden Ballantyne,9,5,5,3,1,0,7
2010,2,2010-04-04,Docklands,Essendon,Fremantle,Fremantle,Michael Barlow,14,8,20,1,0,1,3
2010,2,2010-04-04,Docklands,Essendon,Fremantle,Fremantle,Greg Broughton,11,5,16,0,0,0,3
2010,2,2010-04-04,Docklands,Essendon,Fremantle,Fremantle,Ryan Crowley,7,4,4,0,0,0,6
2010,2,2010-04-04,Docklands,Essendon,Fremantle,Fremantle,Paul Duffield,9,4,3,1,0,0,1
2010,2,2010-04-04,Docklands,Essendon,Fremantle,Fremantle,Paul Hasleby,8,7,19,1,0,0,6
2010,2,2010-04-04,Docklands,Essendon,Fremantle,Fremantle,Roger Hayden,9,3,8,0,0,0,2
2010,2,2010-04-04,Docklands,Essendon,Fremantle,Fremantle,Des Headland,8,2,2,2,0,0,1
2010,2,2010-04-04,Docklands,Essendon,Fremantle,Fremantle,Stephen Hill,10,3,9,0,0,0,2
2010,2,2010-04-04,Docklands,Essendon,Fremantle,Fremantle,Garrick Ibbotson,2,0,2,1,0,0,0
2010,2,2010-04-04,Docklands,Essendon,Fremantle,Fremantle,Michael Johnson,12,5,4,1,0,5,2
2010,2,2010-04-04,Docklands,Essendon,Fremantle,Fremantle,Chris Mayne,4,4,10,1,0,0,4
2010,2,2010-04-04,Docklands,Essendon,Fremantle,Fremantle,Luke McPharlin,9,5,9,0,0,0,0
2010,2,2010-04-04,Docklands,Essendon,Fremantle,Fremantle,Adam McPhee,7,3,3,0,3,1,3
2010,2,2010-04-04,Docklands,Essendon,Fremantle,Fremantle,Anthony Morabito,8,5,7,0,0,1,3
2010,2,2010-04-04,Docklands,Essendon,Fremantle,Fremantle,David Mundy,6,2,9,1,1,0,3
2010,2,2010-04-04,Docklands,Essendon,Fremantle,Fremantle,Matthew Pavlich,8,8,9,2,0,1,1
2010,2,2010-04-04,Docklands,Essendon,Fremantle,Fremantle,Aaron Sandilands,11,8,11,1,0,39,1
2010,2,2010-04-04,Docklands,Essendon,Fremantle,Fremantle,Alex Silvagni,8,5,5,1,0,0,6
2010,2,2010-04-04,Docklands,Essendon,Fremantle,Fremantle,Nick Suban,3,2,3,0,0,0,4
2010,2,2010-04-04,Docklands,Essendon,Fremantle,Fremantle,Chris Tarrant,6,2,9,1,0,0,1
2010,2,2010-04-04,Docklands,Essendon,Fremantle,Fremantle,Jay van Berlo,4,2,6,0,0,0,2
2010,2,2010-04-04,M.C.G.,Richmond,Western Bulldogs,Richmond,Daniel Connors,12,6,10,0,0,0,0
2010,2,2010-04-04,M.C.G.,Richmond,Western Bulldogs,Richmond,Trent Cotchin,13,7,9,0,0,2,4
2010,2,2010-04-04,M.C.G.,Richmond,Western Bulldogs,Richmond,Brett Deledio,11,3,11,0,0,1,2
2010,2,2010-04-04,M.C.G.,Richmond,Western Bulldogs,Richmond,Shane Edwards,9,4,9,0,0,0,2
2010,2,2010-04-04,M.C.G.,Richmond,Western Bulldogs,Richmond,Mitch Farmer,7,2,7,0,0,0,1
2010,2,2010-04-04,M.C.G.,Richmond,Western Bulldogs,Richmond,Tom Hislop,7,7,4,0,0,0,1
2010,2,2010-04-04,M.C.G.,Richmond,Western Bulldogs,Richmond,Daniel Jackson,9,3,13,0,0,0,3
2010,2,2010-04-04,M.C.G.,Richmond,Western Bulldogs,Richmond,Jake King,5,4,5,0,1,0,1
2010,2,2010-04-04,M.C.G.,Richmond,Western Bulldogs,Richmond,Dustin Martin,8,2,13,1,0,0,1
2010,2,2010-04-04,M.C.G.,Richmond,Western Bulldogs,Richmond,Luke McGuane,11,5,7,0,0,0,1
2010,2,2010-04-04,M.C.G.,Richmond,Western Bulldogs,Richmond,Kelvin Moore,15,8,5,0,0,0,3
2010,2,2010-04-04,M.C.G.,Richmond,Western Bulldogs,Richmond,Mitch Morton,9,2,6,3,1,0,1
2010,2,2010-04-04,M.C.G.,Richmond,Western Bulldogs,Richmond,Robin Nahas,6,5,7,1,0,0,1
2010,2,2010-04-04,M.C.G.,Richmond,Western Bulldogs,Richmond,Ben Nason,9,4,5,0,0,0,5
2010,2,2010-04-04,M.C.G.,Richmond,Western Bulldogs,Richmond,Chris Newman,15,7,9,0,0,0,2
2010,2,2010-04-04,M.C.G.,Richmond,Western Bulldogs,Richmond,Jayden Post,4,3,3,1,0,0,1
2010,2,2010-04-04,M.C.G.,Richmond,Western Bulldogs,Richmond,Jack Riewoldt,8,3,2,0,2,0,5
2010,2,2010-04-04,M.C.G.,Richmond,Western Bulldogs,Richmond,Troy Simmonds,2,0,6,0,0,15,2
2010,2,2010-04-04,M.C.G.,Richmond,Western Bulldogs,Richmond,Richard Tambling,6,0,10,0,1,0,3
2010,2,2010-04-04,M.C.G.,Richmond,Western Bulldogs,Richmond,Adam Thomson,8,4,10,0,0,1,1
2010,2,2010-04-04,M.C.G.,Richmond,Western Bulldogs,Richmond,Will Thursfield,3,0,4,0,0,0,2
2010,2,2010-04-04,M.C.G.,Richmond,Western Bulldogs,Richmond,Ty Vickery,1,0,3,1,0,6,1
2010,2,2010-04-04,M.C.G.,Richmond,Western Bulldogs,Western Bulldogs,Jason Akermanis,13,5,12,0,1,0,1
2010,2,2010-04-04,M.C.G.,Richmond,Western Bulldogs,Western Bulldogs,Matthew Boyd,11,4,15,0,1,0,8
2010,2,2010-04-04,M.C.G.,Richmond,Western Bulldogs,Western Bulldogs,Adam Cooney,15,6,11,2,3,0,3
2010,2,2010-04-04,M.C.G.,Richmond,Western Bulldogs,Western Bulldogs,Daniel Cross,8,5,20,1,1,3,3
2010,2,2010-04-04,M.C.G.,Richmond,Western Bulldogs,Western Bulldogs,Andrejs Everitt,9,7,11,1,0,0,0
2010,2,2010-04-04,M.C.G.,Richmond,Western Bulldogs,Western Bulldogs,Daniel Giansiracusa,10,6,15,1,1,0,1
2010,2,2010-04-04,M.C.G.,Richmond,Western Bulldogs,Western Bulldogs,Lindsay Gilbee,22,12,8,0,1,0,3
2010,2,2010-04-04,M.C.G.,Richmond,Western Bulldogs,Western Bulldogs,Ryan Griffen,20,3,3,1,0,1,2
2010,2,2010-04-04,M.C.G.,Richmond,Western Bulldogs,Western Bulldogs,Mitch Hahn,13,9,12,3,5,0,4
2010,2,2010-04-04,M.C.G.,Richmond,Western Bulldogs,Western Bulldogs,Barry Hall,4,6,4,1,2,1,2
2010,2,2010-04-04,M.C.G.,Richmond,Western Bulldogs,Western Bulldogs,Jarrod Harbrow,11,2,5,0,0,0,6
2010,2,2010-04-04,M.C.G.,Richmond,Western Bulldogs,Western Bulldogs,Ryan Hargrave,13,2,7,0,0,0,3
2010,2,2010-04-04,M.C.G.,Richmond,Western Bulldogs,Western Bulldogs,Shaun Higgins,16,6,9,1,0,0,6
2010,2,2010-04-04,M.C.G.,Richmond,Western Bulldogs,Western Bulldogs,Josh Hill,9,6,2,3,0,0,1
2010,2,2010-04-04,M.C.G.,Richmond,Western Bulldogs,Western Bulldogs,Ben Hudson,7,3,9,0,0,14,1
2010,2,2010-04-04,M.C.G.,Richmond,Western Bulldogs,Western Bulldogs,Brian Lake,14,8,6,1,0,0,4
2010,2,2010-04-04,M.C.G.,Richmond,Western Bulldogs,Western Bulldogs,Will Minson,5,6,5,0,2,11,1
2010,2,2010-04-04,M.C.G.,Richmond,Western Bulldogs,Western Bulldogs,Brodie Moles,12,3,9,1,0,0,4
2010,2,2010-04-04,M.C.G.,Richmond,Western Bulldogs,Western Bulldogs,Dale Morris,1,1,4,0,0,0,11
2010,2,2010-04-04,M.C.G.,Richmond,Western Bulldogs,Western Bulldogs,Robert Murphy,14,10,8,0,0,0,1
2010,2,2010-04-04,M.C.G.,Richmond,Western Bulldogs,Western Bulldogs,Liam Picken,4,2,9,1,0,0,2
2010,2,2010-04-04,M.C.G.,Richmond,Western Bulldogs,Western Bulldogs,Tom Williams,4,6,10,0,0,0,1
2010,2,2010-04-05,M.C.G.,Hawthorn,Geelong,Hawthorn,Chance Bateman,13,5,7,1,1,0,3
2010,2,2010-04-05,M.C.G.,Hawthorn,Geelong,Hawthorn,Grant Birchall,13,4,6,0,1,0,2
2010,2,2010-04-05,M.C.G.,Hawthorn,Geelong,Hawthorn,Campbell Brown,2,0,1,0,1,0,2
2010,2,2010-04-05,M.C.G.,Hawthorn,Geelong,Hawthorn,Xavier Ellis,17,6,7,0,0,1,1
2010,2,2010-04-05,M.C.G.,Hawthorn,Geelong,Hawthorn,Lance Franklin,9,3,7,2,3,0,2
2010,2,2010-04-05,M.C.G.,Hawthorn,Geelong,Hawthorn,Josh Gibson,5,3,8,0,0,0,2
2010,2,2010-04-05,M.C.G.,Hawthorn,Geelong,Hawthorn,Stephen Gilham,4,4,6,0,0,0,1
2010,2,2010-04-05,M.C.G.,Hawthorn,Geelong,Hawthorn,Brent Guerra,10,1,6,0,0,0,7
2010,2,2010-04-05,M.C.G.,Hawthorn,Geelong,Hawthorn,Luke Hodge,13,4,9,1,0,2,7
2010,2,2010-04-05,M.C.G.,Hawthorn,Geelong,Hawthorn,Rhan Hooper,0,1,2,0,0,0,0
2010,2,2010-04-05,M.C.G.,Hawthorn,Geelong,Hawthorn,Rick Ladson,12,4,6,0,0,0,0
2010,2,2010-04-05,M.C.G.,Hawthorn,Geelong,Hawthorn,Jordan Lewis,10,5,9,0,0,1,1
2010,2,2010-04-05,M.C.G.,Hawthorn,Geelong,Hawthorn,Sam Mitchell,20,7,10,1,0,0,0
2010,2,2010-04-05,M.C.G.,Hawthorn,Geelong,Hawthorn,Jarryd Morton,10,8,3,2,0,0,2
2010,2,2010-04-05,M.C.G.,Hawthorn,Geelong,Hawthorn,Tom Murphy,6,6,12,0,0,0,4
2010,2,2010-04-05,M.C.G.,Hawthorn,Geelong,Hawthorn,Michael Osborne,8,3,2,1,0,0,3
2010,2,2010-04-05,M.C.G.,Hawthorn,Geelong,Hawthorn,Carl Peterson,10,3,9,0,0,1,4
2010,2,2010-04-05,M.C.G.,Hawthorn,Geelong,Hawthorn,Brent Renouf,2,4,12,0,1,16,5
2010,2,2010-04-05,M.C.G.,Hawthorn,Geelong,Hawthorn,Cyril Rioli,9,4,1,1,1,0,5
2010,2,2010-04-05,M.C.G.,Hawthorn,Geelong,Hawthorn,Jarryd Roughead,9,5,4,4,1,1,2
2010,2,2010-04-05,M.C.G.,Hawthorn,Geelong,Hawthorn,Ryan Schoenmakers,12,6,6,0,2,0,3
2010,2,2010-04-05,M.C.G.,Hawthorn,Geelong,Hawthorn,Liam Shiels,4,6,8,0,0,0,6
2010,2,2010-04-05,M.C.G.,Hawthorn,Geelong,Geelong,Gary Ablett,15,3,23,0,0,0,6
2010,2,2010-04-05,M.C.G.,Hawthorn,Geelong,Geelong,Jimmy Bartel,14,5,15,0,3,1,10
2010,2,2010-04-05,M.C.G.,Hawthorn,Geelong,Geelong,Mark Blake,0,0,8,0,0,19,1
2010,2,2010-04-05,M.C.G.,Hawthorn,Geelong,Geelong,Shannon Byrnes,9,4,9,3,2,0,3
2010,2,2010-04-05,M.C.G.,Hawthorn,Geelong,Geelong,Paul Chapman,17,6,14,1,1,0,1
2010,2,2010-04-05,M.C.G.,Hawthorn,Geelong,Geelong,Joel Corey,11,2,13,0,1,2,8
2010,2,2010-04-05,M.C.G.,Hawthorn,Geelong,Geelong,Mitch Duncan,9,5,8,2,2,0,1
2010,2,2010-04-05,M.C.G.,Hawthorn,Geelong,Geelong,Corey Enright,16,4,16,0,0,0,2
2010,2,2010-04-05,M.C.G.,Hawthorn,Geelong,Geelong,Tom Hawkins,5,6,6,0,1,2,1
2010,2,2010-04-05,M.C.G.,Hawthorn,Geelong,Geelong,Josh Hunt,11,4,8,0,0,0,1
2010,2,2010-04-05,M.C.G.,Hawthorn,Geelong,Geelong,Steve Johnson,9,4,9,1,1,0,2
2010,2,2010-04-05,M.C.G.,Hawthorn,Geelong,Geelong,James Kelly,9,4,12,0,0,0,5
2010,2,2010-04-05,M.C.G.,Hawthorn,Geelong,Geelong,Cameron Ling,7,2,14,1,0,0,4
2010,2,2010-04-05,M.C.G.,Hawthorn,Geelong,Geelong,Tom Lonergan,2,2,14,0,0,0,3
2010,2,2010-04-05,M.C.G.,Hawthorn,Geelong,Geelong,Andrew Mackie,12,3,7,0,1,0,2
2010,2,2010-04-05,M.C.G.,Hawthorn,Geelong,Geelong,Cameron Mooney,11,9,2,4,2,0,3
2010,2,2010-04-05,M.C.G.,Hawthorn,Geelong,Geelong,Steven Motlop,2,1,0,0,0,0,1
2010,2,2010-04-05,M.C.G.,Hawthorn,Geelong,Geelong,Brad Ottens,4,4,11,1,0,22,3
2010,2,2010-04-05,M.C.G.,Hawthorn,Geelong,Geelong,Matthew Scarlett,5,3,10,0,0,0,0
2010,2,2010-04-05,M.C.G.,Hawthorn,Geelong,Geelong,Joel Selwood,13,8,9,0,0,0,3
2010,2,2010-04-05,M.C.G.,Hawthorn,Geelong,Geelong,Harry Taylor,10,12,13,1,0,0,0
2010,2,2010-04-05,M.C.G.,Hawthorn,Geelong,Geelong,David Wojcinski,7,2,9,0,0,0,4
2010,3,2010-04-09,Docklands,St Kilda,Collingwood,St Kilda,David Armitage,7,3,7,0,0,0,2
2010,3,2010-04-09,Docklands,St Kilda,Collingwood,St Kilda,Steven Baker,10,12,18,0,0,0,4
2010,3,2010-04-09,Docklands,St Kilda,Collingwood,St Kilda,Jason Blake,12,13,10,0,0,0,1
2010,3,2010-04-09,Docklands,St Kilda,Collingwood,St Kilda,Nick Dal Santo,14,7,13,1,0,1,4
2010,3,2010-04-09,Docklands,St Kilda,Collingwood,St Kilda,Zac Dawson,4,3,4,0,0,0,1
2010,3,2010-04-09,Docklands,St Kilda,Collingwood,St Kilda,Sam Fisher,17,10,11,0,1,2,0
2010,3,2010-04-09,Docklands,St Kilda,Collingwood,St Kilda,Michael Gardiner,5,5,5,1,1,16,1
2010,3,2010-04-09,Docklands,St Kilda,Collingwood,St Kilda,Jarryn Geary,12,4,3,0,0,0,3
2010,3,2010-04-09,Docklands,St Kilda,Collingwood,St Kilda,Sam Gilbert,21,20,11,0,0,0,3
2010,3,2010-04-09,Docklands,St Kilda,Collingwood,St Kilda,Brendon Goddard,11,6,14,2,0,0,2
2010,3,2010-04-09,Docklands,St Kilda,Collingwood,St Kilda,Jason Gram,20,5,9,1,1,0,1
2010,3,2010-04-09,Docklands,St Kilda,Collingwood,St Kilda,James Gwilt,14,9,12,1,0,0,1
2010,3,2010-04-09,Docklands,St Kilda,Collingwood,St Kilda,Lenny Hayes,13,3,14,0,0,3,3
2010,3,2010-04-09,Docklands,St Kilda,Collingwood,St Kilda,Clinton Jones,14,3,7,0,0,0,6
2010,3,2010-04-09,Docklands,St Kilda,Collingwood,St Kilda,Steven King,7,3,7,0,0,15,2
2010,3,2010-04-09,Docklands,St Kilda,Collingwood,St Kilda,Andrew McQualter,6,2,7,0,2,0,3
2010,3,2010-04-09,Docklands,St Kilda,Collingwood,St Kilda,Stephen Milne,9,7,9,1,0,0,3
2010,3,2010-04-09,Docklands,St Kilda,Collingwood,St Kilda,Leigh Montagna,15,2,10,2,1,0,6
2010,3,2010-04-09,Docklands,St Kilda,Collingwood,St Kilda,Brett Peake,10,6,3,0,0,0,3
2010,3,2010-04-09,Docklands,St Kilda,Collingwood,St Kilda,Farren Ray,4,4,11,0,0,1,8
2010,3,2010-04-09,Docklands,St Kilda,Collingwood,St Kilda,Nick Riewoldt,4,1,1,0,1,0,0
2010,3,2010-04-09,Docklands,St Kilda,Collingwood,St Kilda,Adam Schneider,7,2,2,1,1,0,4
2010,3,2010-04-09,Docklands,St Kilda,Collingwood,Collingwood,Luke Ball,10,8,18,0,1,0,3
2010,3,2010-04-09,Docklands,St Kilda,Collingwood,Collingwood,Dayne Beams,7,4,3,1,1,0,2
2010,3,2010-04-09,Docklands,St Kilda,Collingwood,Collingwood,Leigh Brown,6,3,4,0,0,1,2
2010,3,2010-04-09,Docklands,St Kilda,Collingwood,Collingwood,Travis Cloke,15,9,2,1,2,0,0
2010,3,2010-04-09,Docklands,St Kilda,Collingwood,Collingwood,Leon Davis,8,1,0,0,1,0,7
2010,3,2010-04-09,Docklands,St Kilda,Collingwood,Collingwood,Alan Didak,10,0,11,1,1,0,6
2010,3,2010-04-09,Docklands,St Kilda,Collingwood,Collingwood,Josh Fraser,5,2,8,0,1,7,2
2010,3,2010-04-09,Docklands,St Kilda,Collingwood,Collingwood,Darren Jolly,8,6,4,0,0,18,2
2010,3,2010-04-09,Docklands,St Kilda,Collingwood,Collingwood,Tarkyn Lockyer,7,1,4,0,0,0,3
2010,3,2010-04-09,Docklands,St Kilda,Collingwood,Collingwood,Heritier Lumumba,16,3,4,0,1,0,1
2010,3,2010-04-09,Docklands,St Kilda,Collingwood,Collingwood,Brent Macaffer,10,0,7,0,1,0,2
2010,3,2010-04-09,Docklands,St Kilda,Collingwood,Collingwood,Nick Maxwell,5,8,11,0,0,1,2
2010,3,2010-04-09,Docklands,St Kilda,Collingwood,Collingwood,John McCarthy,7,3,4,0,2,0,5
2010,3,2010-04-09,Docklands,St Kilda,Collingwood,Collingwood,Paul Medhurst,8,1,4,0,0,0,3
2010,3,2010-04-09,Docklands,St Kilda,Collingwood,Collingwood,Shane OBree,6,0,7,0,0,0,1
2010,3,2010-04-09,Docklands,St Kilda,Collingwood,Collingwood,Scott Pendlebury,8,4,8,0,0,0,5
2010,3,2010-04-09,Docklands,St Kilda,Collingwood,Collingwood,Simon Prestigiacomo,2,1,3,0,0,0,2
2010,3,2010-04-09,Docklands,St Kilda,Collingwood,Collingwood,Steele Sidebottom,12,5,8,1,2,0,3
2010,3,2010-04-09,Docklands,St Kilda,Collingwood,Collingwood,Dane Swan,17,5,9,0,0,0,7
2010,3,2010-04-09,Docklands,St Kilda,Collingwood,Collingwood,Dale Thomas,12,5,5,0,0,0,4
2010,3,2010-04-09,Docklands,St Kilda,Collingwood,Collingwood,Alan Toovey,3,1,5,0,0,1,4
2010,3,2010-04-09,Docklands,St Kilda,Collingwood,Collingwood,Sharrod Wellingham,11,3,15,0,2,0,2
2010,3,2010-04-10,Docklands,North Melbourne,West Coast,North Melbourne,Leigh Adams,10,7,5,0,1,0,2
2010,3,2010-04-10,Docklands,North Melbourne,West Coast,North Melbourne,Liam Anthony,17,8,10,3,0,0,0
2010,3,2010-04-10,Docklands,North Melbourne,West Coast,North Melbourne,Ryan Bastinac,15,3,9,0,1,0,3
2010,3,2010-04-10,Docklands,North Melbourne,West Coast,North Melbourne,Aaron Edwards,11,10,4,2,0,0,0
2010,3,2010-04-10,Docklands,North Melbourne,West Coast,North Melbourne,Michael Firrito,14,8,13,0,0,0,2
2010,3,2010-04-10,Docklands,North Melbourne,West Coast,North Melbourne,Todd Goldstein,4,4,7,0,1,14,3
2010,3,2010-04-10,Docklands,North Melbourne,West Coast,North Melbourne,Nathan Grima,12,7,10,0,0,1,0
2010,3,2010-04-10,Docklands,North Melbourne,West Coast,North Melbourne,David Hale,8,4,4,3,1,2,0
2010,3,2010-04-10,Docklands,North Melbourne,West Coast,North Melbourne,Lachlan Hansen,8,7,9,0,0,0,1
2010,3,2010-04-10,Docklands,North Melbourne,West Coast,North Melbourne,Leigh Harding,6,3,4,0,0,0,2
2010,3,2010-04-10,Docklands,North Melbourne,West Coast,North Melbourne,Brent Harvey,19,11,25,1,3,0,3
2010,3,2010-04-10,Docklands,North Melbourne,West Coast,North Melbourne,Hamish McIntosh,7,3,4,1,1,15,0
2010,3,2010-04-10,Docklands,North Melbourne,West Coast,North Melbourne,Scott McMahon,13,4,4,0,0,0,3
2010,3,2010-04-10,Docklands,North Melbourne,West Coast,North Melbourne,Brady Rawlings,11,7,20,0,0,0,2
2010,3,2010-04-10,Docklands,North Melbourne,West Coast,North Melbourne,Andrew Swallow,17,6,17,0,0,0,5
2010,3,2010-04-10,Docklands,North Melbourne,West Coast,North Melbourne,Lindsay Thomas,6,2,0,2,1,0,4
2010,3,2010-04-10,Docklands,North Melbourne,West Coast,North Melbourne,Scott Thompson,6,7,9,0,0,0,2
2010,3,2010-04-10,Docklands,North Melbourne,West Coast,North Melbourne,Gavin Urquhart,8,4,13,1,1,0,5
2010,3,2010-04-10,Docklands,North Melbourne,West Coast,North Melbourne,Ben Warren,7,4,5,2,1,0,0
2010,3,2010-04-10,Docklands,North Melbourne,West Coast,North Melbourne,Daniel Wells,20,5,13,0,1,0,3
2010,3,2010-04-10,Docklands,North Melbourne,West Coast,North Melbourne,Sam Wright,8,3,5,1,1,0,2
2010,3,2010-04-10,Docklands,North Melbourne,West Coast,North Melbourne,Jack Ziebell,10,3,9,1,0,0,6
2010,3,2010-04-10,Docklands,North Melbourne,West Coast,West Coast,Mitch Brown,7,6,5,1,0,0,2
2010,3,2010-04-10,Docklands,North Melbourne,West Coast,West Coast,Dean Cox,6,1,10,1,0,27,0
2010,3,2010-04-10,Docklands,North Melbourne,West Coast,West Coast,Bradd Dalziell,6,2,18,0,0,0,3
2010,3,2010-04-10,Docklands,North Melbourne,West Coast,West Coast,Brad Ebert,14,6,12,1,0,0,5
2010,3,2010-04-10,Docklands,North Melbourne,West Coast,West Coast,Andrew Embley,13,12,11,0,0,0,4
2010,3,2010-04-10,Docklands,North Melbourne,West Coast,West Coast,Darren Glass,7,3,7,0,0,0,3
2010,3,2010-04-10,Docklands,North Melbourne,West Coast,West Coast,Ashley Hansen,11,10,0,1,1,0,0
2010,3,2010-04-10,Docklands,North Melbourne,West Coast,West Coast,Brett Jones,12,5,11,0,0,0,4
2010,3,2010-04-10,Docklands,North Melbourne,West Coast,West Coast,Josh Kennedy,8,6,2,2,0,0,2
2010,3,2010-04-10,Docklands,North Melbourne,West Coast,West Coast,Daniel Kerr,7,0,14,0,0,0,2
2010,3,2010-04-10,Docklands,North Melbourne,West Coast,West Coast,Mark LeCras,8,2,4,5,1,0,0
2010,3,2010-04-10,Docklands,North Melbourne,West Coast,West Coast,Chris Masten,8,8,11,0,1,0,1
2010,3,2010-04-10,Docklands,North Melbourne,West Coast,West Coast,Nic Naitanui,5,3,8,1,0,12,4
2010,3,2010-04-10,Docklands,North Melbourne,West Coast,West Coast,Matt Priddis,9,2,27,0,1,0,9
2010,3,2010-04-10,Docklands,North Melbourne,West Coast,West Coast,Matt Rosa,20,9,9,1,2,0,3
2010,3,2010-04-10,Docklands,North Melbourne,West Coast,West Coast,Will Schofield,10,4,12,0,0,0,0
2010,3,2010-04-10,Docklands,North Melbourne,West Coast,West Coast,Adam Selwood,10,6,10,0,2,1,1
2010,3,2010-04-10,Docklands,North Melbourne,West Coast,West Coast,Scott Selwood,8,2,11,0,0,0,3
2010,3,2010-04-10,Docklands,North Melbourne,West Coast,West Coast,Luke Shuey,6,2,9,0,0,0,1
2010,3,2010-04-10,Docklands,North Melbourne,West Coast,West Coast,Matthew Spangher,10,5,1,0,0,0,3
2010,3,2010-04-10,Docklands,North Melbourne,West Coast,West Coast,Tom Swift,4,2,7,0,0,0,2
2010,3,2010-04-10,Docklands,North Melbourne,West Coast,West Coast,Beau Waters,7,3,13,0,0,0,2
2010,3,2010-04-10,Football Park,Port Adelaide,Brisbane Lions,Port Adelaide,Mitchell Banner,3,3,8,0,0,0,1
2010,3,2010-04-10,Football Park,Port Adelaide,Brisbane Lions,Port Adelaide,Travis Boak,10,7,11,1,0,0,4
2010,3,2010-04-10,Football Park,Port Adelaide,Brisbane Lions,Port Adelaide,Alipate Carlile,12,4,9,1,0,0,1
2010,3,2010-04-10,Football Park,Port Adelaide,Brisbane Lions,Port Adelaide,Domenic Cassisi,6,2,10,0,0,0,3
2010,3,2010-04-10,Football Park,Port Adelaide,Brisbane Lions,Port Adelaide,Troy Chaplin,10,5,11,0,0,0,3
2010,3,2010-04-10,Football Park,Port Adelaide,Brisbane Lions,Port Adelaide,Cameron Cloke,6,3,10,0,0,11,1
2010,3,2010-04-10,Football Park,Port Adelaide,Brisbane Lions,Port Adelaide,Chad Cornes,7,3,8,0,0,0,2
2010,3,2010-04-10,Football Park,Port Adelaide,Brisbane Lions,Port Adelaide,Kane Cornes,10,4,20,0,0,0,3
2010,3,2010-04-10,Football Park,Port Adelaide,Brisbane Lions,Port Adelaide,Jason Davenport,10,5,4,1,3,0,4
2010,3,2010-04-10,Football Park,Port Adelaide,Brisbane Lions,Port Adelaide,Brett Ebert,7,4,1,0,2,0,3
2010,3,2010-04-10,Football Park,Port Adelaide,Brisbane Lions,Port Adelaide,Cameron Hitchcock,9,5,6,0,0,0,2
2010,3,2010-04-10,Football Park,Port Adelaide,Brisbane Lions,Port Adelaide,Nathan Krakouer,16,4,10,0,0,0,2
2010,3,2010-04-10,Football Park,Port Adelaide,Brisbane Lions,Port Adelaide,Tom Logan,4,5,15,0,1,0,2
2010,3,2010-04-10,Football Park,Port Adelaide,Brisbane Lions,Port Adelaide,Danyle Pearce,17,1,6,1,3,0,0
2010,3,2010-04-10,Football Park,Port Adelaide,Brisbane Lions,Port Adelaide,Steven Salopek,17,6,12,2,0,0,2
2010,3,2010-04-10,Football Park,Port Adelaide,Brisbane Lions,Port Adelaide,Jay Schulz,7,4,7,2,1,0,1
2010,3,2010-04-10,Football Park,Port Adelaide,Brisbane Lions,Port Adelaide,Paul Stewart,9,5,5,0,0,0,0
2010,3,2010-04-10,Football Park,Port Adelaide,Brisbane Lions,Port Adelaide,Jacob Surjan,8,4,9,0,0,0,2
2010,3,2010-04-10,Football Park,Port Adelaide,Brisbane Lions,Port Adelaide,Matt Thomas,5,1,10,0,0,0,3
2010,3,2010-04-10,Football Park,Port Adelaide,Brisbane Lions,Port Adelaide,Warren Tredrea,14,9,2,3,2,0,1
2010,3,2010-04-10,Football Park,Port Adelaide,Brisbane Lions,Port Adelaide,Jackson Trengove,4,2,10,0,1,4,2
2010,3,2010-04-10,Football Park,Port Adelaide,Brisbane Lions,Port Adelaide,Justin Westhoff,11,2,6,0,1,2,2
2010,3,2010-04-10,Football Park,Port Adelaide,Brisbane Lions,Brisbane Lions,Todd Banfield,9,1,5,1,2,0,6
2010,3,2010-04-10,Football Park,Port Adelaide,Brisbane Lions,Brisbane Lions,Simon Black,5,4,5,0,0,0,2
2010,3,2010-04-10,Football Park,Port Adelaide,Brisbane Lions,Brisbane Lions,Jonathan Brown,13,5,3,5,1,0,0
2010,3,2010-04-10,Football Park,Port Adelaide,Brisbane Lions,Brisbane Lions,Mitch Clark,12,3,1,0,1,21,2
2010,3,2010-04-10,Football Park,Port Adelaide,Brisbane Lions,Brisbane Lions,Josh Drummond,17,8,3,0,0,0,0
2010,3,2010-04-10,Football Park,Port Adelaide,Brisbane Lions,Brisbane Lions,Brendan Fevola,9,3,5,3,1,0,2
2010,3,2010-04-10,Football Park,Port Adelaide,Brisbane Lions,Brisbane Lions,James Hawksley,10,5,4,0,0,0,3
2010,3,2010-04-10,Football Park,Port Adelaide,Brisbane Lions,Brisbane Lions,Travis Johnstone,12,6,3,0,0,0,1
2010,3,2010-04-10,Football Park,Port Adelaide,Brisbane Lions,Brisbane Lions,Matthew Leuenberger,9,3,8,0,0,26,2
2010,3,2010-04-10,Football Park,Port Adelaide,Brisbane Lions,Brisbane Lions,Matt Maguire,17,10,10,0,0,0,3
2010,3,2010-04-10,Football Park,Port Adelaide,Brisbane Lions,Brisbane Lions,Ashley McGrath,11,9,9,0,0,0,2
2010,3,2010-04-10,Football Park,Port Adelaide,Brisbane Lions,Brisbane Lions,Daniel Merrett,7,5,3,0,0,0,4
2010,3,2010-04-10,Football Park,Port Adelaide,Brisbane Lions,Brisbane Lions,Joel Patfull,5,2,7,1,0,0,6
2010,3,2010-04-10,Football Park,Port Adelaide,Brisbane Lions,Brisbane Lions,James Polkinghorne,8,5,13,0,0,0,3
2010,3,2010-04-10,Football Park,Port Adelaide,Brisbane Lions,Brisbane Lions,Luke Power,10,3,8,0,0,0,3
2010,3,2010-04-10,Football Park,Port Adelaide,Brisbane Lions,Brisbane Lions,Andrew Raines,9,3,9,0,0,0,2
2010,3,2010-04-10,Football Park,Port Adelaide,Brisbane Lions,Brisbane Lions,Jack Redden,9,7,9,0,1,0,7
2010,3,2010-04-10,Football Park,Port Adelaide,Brisbane Lions,Brisbane Lions,Daniel Rich,5,2,15,0,0,0,10
2010,3,2010-04-10,Football Park,Port Adelaide,Brisbane Lions,Brisbane Lions,Michael Rischitelli,15,8,12,1,0,0,2
2010,3,2010-04-10,Football Park,Port Adelaide,Brisbane Lions,Brisbane Lions,Tom Rockliff,14,7,9,0,1,0,2
2010,3,2010-04-10,Football Park,Port Adelaide,Brisbane Lions,Brisbane Lions,Justin Sherman,11,3,9,4,2,0,4
2010,3,2010-04-10,Football Park,Port Adelaide,Brisbane Lions,Brisbane Lions,Brent Staker,13,6,7,1,2,0,2
2010,3,2010-04-10,M.C.G.,Carlton,Essendon,Carlton,Dennis Armfield,7,0,2,0,0,0,3
2010,3,2010-04-10,M.C.G.,Carlton,Essendon,Carlton,Eddie Betts,9,6,7,2,3,0,3
2010,3,2010-04-10,M.C.G.,Carlton,Essendon,Carlton,Andrew Carrazzo,12,6,14,0,2,0,4
2010,3,2010-04-10,M.C.G.,Carlton,Essendon,Carlton,Bryce Gibbs,8,2,12,0,1,0,3
2010,3,2010-04-10,M.C.G.,Carlton,Essendon,Carlton,Lachie Henderson,10,9,4,0,2,0,1
2010,3,2010-04-10,M.C.G.,Carlton,Essendon,Carlton,Ryan Houlihan,8,1,7,1,1,0,5
2010,3,2010-04-10,M.C.G.,Carlton,Essendon,Carlton,Michael Jamison,6,3,2,0,0,0,3
2010,3,2010-04-10,M.C.G.,Carlton,Essendon,Carlton,Aaron Joseph,3,2,4,0,0,0,3
2010,3,2010-04-10,M.C.G.,Carlton,Essendon,Carlton,Matthew Kreuzer,6,1,5,0,0,21,4
2010,3,2010-04-10,M.C.G.,Carlton,Essendon,Carlton,Kane Lucas,4,3,12,0,0,0,6
2010,3,2010-04-10,M.C.G.,Carlton,Essendon,Carlton,Brock McLean,3,1,3,0,1,0,3
2010,3,2010-04-10,M.C.G.,Carlton,Essendon,Carlton,Marc Murphy,9,1,14,0,0,0,6
2010,3,2010-04-10,M.C.G.,Carlton,Essendon,Carlton,Setanta OhAilpin,6,2,2,2,0,0,1
2010,3,2010-04-10,M.C.G.,Carlton,Essendon,Carlton,Mitch Robinson,8,2,5,1,0,0,6
2010,3,2010-04-10,M.C.G.,Carlton,Essendon,Carlton,Jordan Russell,9,3,5,0,0,0,4
2010,3,2010-04-10,M.C.G.,Carlton,Essendon,Carlton,Heath Scotland,12,7,8,0,0,0,3
2010,3,2010-04-10,M.C.G.,Carlton,Essendon,Carlton,Kade Simpson,17,5,7,2,1,0,8
2010,3,2010-04-10,M.C.G.,Carlton,Essendon,Carlton,Bret Thornton,9,3,1,0,0,0,4
2010,3,2010-04-10,M.C.G.,Carlton,Essendon,Carlton,Jarrad Waite,11,5,2,1,1,0,3
2010,3,2010-04-10,M.C.G.,Carlton,Essendon,Carlton,Andrew Walker,13,6,6,0,1,0,1
2010,3,2010-04-10,M.C.G.,Carlton,Essendon,Carlton,Robert Warnock,3,1,6,0,0,16,3
2010,3,2010-04-10,M.C.G.,Carlton,Essendon,Carlton,Chris Yarran,10,3,2,1,0,0,3
2010,3,2010-04-10,M.C.G.,Carlton,Essendon,Essendon,Travis Colyer,12,0,7,0,1,0,4
2010,3,2010-04-10,M.C.G.,Carlton,Essendon,Essendon,Courtenay Dempsey,14,4,8,0,0,0,3
2010,3,2010-04-10,M.C.G.,Carlton,Essendon,Essendon,Ricky Dyson,17,9,11,0,0,0,3
2010,3,2010-04-10,M.C.G.,Carlton,Essendon,Essendon,Dustin Fletcher,11,5,9,0,0,1,4
2010,3,2010-04-10,M.C.G.,Carlton,Essendon,Essendon,Scott Gumbleton,6,6,4,1,1,0,1
2010,3,2010-04-10,M.C.G.,Carlton,Essendon,Essendon,David Hille,3,0,12,0,0,21,3
2010,3,2010-04-10,M.C.G.,Carlton,Essendon,Essendon,Heath Hocking,11,7,5,1,2,0,6
2010,3,2010-04-10,M.C.G.,Carlton,Essendon,Essendon,Cale Hooker,6,5,10,0,0,0,1
2010,3,2010-04-10,M.C.G.,Carlton,Essendon,Essendon,Bachar Houli,10,5,15,0,0,0,4
2010,3,2010-04-10,M.C.G.,Carlton,Essendon,Essendon,Sam Lonergan,7,1,5,1,0,0,4
2010,3,2010-04-10,M.C.G.,Carlton,Essendon,Essendon,Nathan Lovett-Murray,12,5,19,1,0,0,2
2010,3,2010-04-10,M.C.G.,Carlton,Essendon,Essendon,Jake Melksham,8,1,10,0,1,0,3
2010,3,2010-04-10,M.C.G.,Carlton,Essendon,Essendon,Tayte Pears,11,7,11,0,0,0,2
2010,3,2010-04-10,M.C.G.,Carlton,Essendon,Essendon,Kyle Reimers,17,12,0,3,1,0,2
2010,3,2010-04-10,M.C.G.,Carlton,Essendon,Essendon,Paddy Ryder,8,6,4,1,1,10,5
2010,3,2010-04-10,M.C.G.,Carlton,Essendon,Essendon,Henry Slattery,7,3,5,0,0,0,2
2010,3,2010-04-10,M.C.G.,Carlton,Essendon,Essendon,Brent Stanton,16,6,11,0,1,0,5
2010,3,2010-04-10,M.C.G.,Carlton,Essendon,Essendon,Jobe Watson,9,2,17,0,0,0,4
2010,3,2010-04-10,M.C.G.,Carlton,Essendon,Essendon,Andrew Welsh,5,3,11,0,0,0,5
2010,3,2010-04-10,M.C.G.,Carlton,Essendon,Essendon,Mark Williams,8,2,0,4,0,0,1
2010,3,2010-04-10,M.C.G.,Carlton,Essendon,Essendon,Jason Winderlich,9,6,8,0,1,0,4
2010,3,2010-04-10,M.C.G.,Carlton,Essendon,Essendon,David Zaharakis,10,3,5,1,3,0,1
2010,3,2010-04-10,S.C.G.,Sydney,Richmond,Sydney,Craig Bolton,8,6,4,0,0,0,3
2010,3,2010-04-10,S.C.G.,Sydney,Richmond,Sydney,Jude Bolton,12,7,21,1,0,0,2
2010,3,2010-04-10,S.C.G.,Sydney,Richmond,Sydney,Daniel Bradshaw,9,7,3,4,2,0,0
2010,3,2010-04-10,S.C.G.,Sydney,Richmond,Sydney,Adam Goodes,16,12,2,2,1,0,2
2010,3,2010-04-10,S.C.G.,Sydney,Richmond,Sydney,Heath Grundy,22,10,11,0,1,0,0
2010,3,2010-04-10,S.C.G.,Sydney,Richmond,Sydney,Dan Hannebery,5,4,13,0,0,0,3
2010,3,2010-04-10,S.C.G.,Sydney,Richmond,Sydney,Kieren Jack,12,2,6,1,1,0,3
2010,3,2010-04-10,S.C.G.,Sydney,Richmond,Sydney,Lewis Jetta,11,4,4,0,1,0,1
2010,3,2010-04-10,S.C.G.,Sydney,Richmond,Sydney,Josh Kennedy,13,7,11,1,0,0,3
2010,3,2010-04-10,S.C.G.,Sydney,Richmond,Sydney,Tadhg Kennelly,12,7,10,0,0,0,1
2010,3,2010-04-10,S.C.G.,Sydney,Richmond,Sydney,Brett Kirk,6,5,15,0,0,0,2
2010,3,2010-04-10,S.C.G.,Sydney,Richmond,Sydney,Nick Malceski,20,9,7,1,0,0,3
2010,3,2010-04-10,S.C.G.,Sydney,Richmond,Sydney,Martin Mattner,7,6,7,0,0,0,6
2010,3,2010-04-10,S.C.G.,Sydney,Richmond,Sydney,Ben McGlynn,19,9,12,3,5,0,2
2010,3,2010-04-10,S.C.G.,Sydney,Richmond,Sydney,Jarrad McVeigh,16,7,14,0,0,0,1
2010,3,2010-04-10,S.C.G.,Sydney,Richmond,Sydney,Jarred Moore,7,7,6,1,1,0,3
2010,3,2010-04-10,S.C.G.,Sydney,Richmond,Sydney,Shane Mumford,4,5,10,1,0,19,2
2010,3,2010-04-10,S.C.G.,Sydney,Richmond,Sydney,Ryan OKeefe,13,7,8,1,1,0,2
2010,3,2010-04-10,S.C.G.,Sydney,Richmond,Sydney,Lewis Roberts-Thomson,9,8,9,0,1,0,4
2010,3,2010-04-10,S.C.G.,Sydney,Richmond,Sydney,Mark Seaby,2,1,5,0,0,11,2
2010,3,2010-04-10,S.C.G.,Sydney,Richmond,Sydney,Rhyce Shaw,13,7,10,0,0,0,3
2010,3,2010-04-10,S.C.G.,Sydney,Richmond,Sydney,Jesse White,6,4,4,0,1,0,0
2010,3,2010-04-10,S.C.G.,Sydney,Richmond,Richmond,Daniel Connors,9,7,8,0,0,0,3
2010,3,2010-04-10,S.C.G.,Sydney,Richmond,Richmond,Trent Cotchin,4,2,5,0,0,2,3
2010,3,2010-04-10,S.C.G.,Sydney,Richmond,Richmond,Ben Cousins,7,5,6,0,0,0,4
2010,3,2010-04-10,S.C.G.,Sydney,Richmond,Richmond,Brett Deledio,5,4,15,1,0,1,5
2010,3,2010-04-10,S.C.G.,Sydney,Richmond,Richmond,Shane Edwards,13,1,7,1,0,0,5
2010,3,2010-04-10,S.C.G.,Sydney,Richmond,Richmond,Daniel Jackson,16,4,9,0,1,0,2
2010,3,2010-04-10,S.C.G.,Sydney,Richmond,Richmond,Dustin Martin,15,1,7,0,3,0,1
2010,3,2010-04-10,S.C.G.,Sydney,Richmond,Richmond,Luke McGuane,5,2,5,0,0,0,3
2010,3,2010-04-10,S.C.G.,Sydney,Richmond,Richmond,Kelvin Moore,3,3,4,0,0,0,0
2010,3,2010-04-10,S.C.G.,Sydney,Richmond,Richmond,Mitch Morton,7,3,4,0,2,0,4
2010,3,2010-04-10,S.C.G.,Sydney,Richmond,Richmond,Ben Nason,9,6,6,1,1,0,1
2010,3,2010-04-10,S.C.G.,Sydney,Richmond,Richmond,Chris Newman,9,3,5,0,0,0,2
2010,3,2010-04-10,S.C.G.,Sydney,Richmond,Richmond,Dean Polo,9,9,4,0,0,0,0
2010,3,2010-04-10,S.C.G.,Sydney,Richmond,Richmond,Jayden Post,4,3,3,0,0,1,1
2010,3,2010-04-10,S.C.G.,Sydney,Richmond,Richmond,Alex Rance,3,2,4,0,0,0,1
2010,3,2010-04-10,S.C.G.,Sydney,Richmond,Richmond,Jack Riewoldt,14,6,2,3,3,0,4
2010,3,2010-04-10,S.C.G.,Sydney,Richmond,Richmond,Relton Roberts,5,0,1,0,1,0,0
2010,3,2010-04-10,S.C.G.,Sydney,Richmond,Richmond,Troy Simmonds,4,3,8,1,0,14,0
2010,3,2010-04-10,S.C.G.,Sydney,Richmond,Richmond,Richard Tambling,4,1,5,0,0,0,2
2010,3,2010-04-10,S.C.G.,Sydney,Richmond,Richmond,Shane Tuck,8,5,8,0,0,0,2
2010,3,2010-04-10,S.C.G.,Sydney,Richmond,Richmond,Ty Vickery,4,2,8,0,0,12,3
2010,3,2010-04-10,S.C.G.,Sydney,Richmond,Richmond,Matt White,7,3,3,0,1,0,4
2010,3,2010-04-11,M.C.G.,Melbourne,Adelaide,Melbourne,Rohan Bail,12,5,9,0,0,0,4
2010,3,2010-04-11,M.C.G.,Melbourne,Adelaide,Melbourne,Clint Bartram,8,2,12,0,0,0,3
2010,3,2010-04-11,M.C.G.,Melbourne,Adelaide,Melbourne,Matthew Bate,10,6,6,2,0,0,2
2010,3,2010-04-11,M.C.G.,Melbourne,Adelaide,Melbourne,Jamie Bennell,14,7,6,1,2,0,5
2010,3,2010-04-11,M.C.G.,Melbourne,Adelaide,Melbourne,Cameron Bruce,13,5,10,0,2,0,4
2010,3,2010-04-11,M.C.G.,Melbourne,Adelaide,Melbourne,Aaron Davey,12,1,8,0,1,0,6
2010,3,2010-04-11,M.C.G.,Melbourne,Adelaide,Melbourne,Lynden Dunn,13,10,7,0,3,2,1
2010,3,2010-04-11,M.C.G.,Melbourne,Adelaide,Melbourne,James Frawley,14,8,11,0,0,0,0
2010,3,2010-04-11,M.C.G.,Melbourne,Adelaide,Melbourne,Colin Garland,3,2,8,0,0,0,3
2010,3,2010-04-11,M.C.G.,Melbourne,Adelaide,Melbourne,Brad Green,16,8,5,1,3,0,5
2010,3,2010-04-11,M.C.G.,Melbourne,Adelaide,Melbourne,Jack Grimes,14,5,6,0,0,0,3
2010,3,2010-04-11,M.C.G.,Melbourne,Adelaide,Melbourne,Mark Jamar,1,4,6,0,0,28,1
2010,3,2010-04-11,M.C.G.,Melbourne,Adelaide,Melbourne,Nathan Jones,10,4,10,1,1,0,1
2010,3,2010-04-11,M.C.G.,Melbourne,Adelaide,Melbourne,Joel Macdonald,8,6,11,0,0,0,1
2010,3,2010-04-11,M.C.G.,Melbourne,Adelaide,Melbourne,James McDonald,10,2,14,1,0,0,10
2010,3,2010-04-11,M.C.G.,Melbourne,Adelaide,Melbourne,Jordie McKenzie,3,3,13,0,0,0,4
2010,3,2010-04-11,M.C.G.,Melbourne,Adelaide,Melbourne,Brent Moloney,11,2,12,0,2,0,5
2010,3,2010-04-11,M.C.G.,Melbourne,Adelaide,Melbourne,Michael Newton,5,4,6,0,0,3,4
2010,3,2010-04-11,M.C.G.,Melbourne,Adelaide,Melbourne,Ricky Petterd,5,4,3,0,0,0,4
2010,3,2010-04-11,M.C.G.,Melbourne,Adelaide,Melbourne,Tom Scully,8,3,10,0,0,0,2
2010,3,2010-04-11,M.C.G.,Melbourne,Adelaide,Melbourne,Jack Trengove,9,3,14,1,0,0,3
2010,3,2010-04-11,M.C.G.,Melbourne,Adelaide,Melbourne,Matthew Warnock,3,2,7,0,0,1,1
2010,3,2010-04-11,M.C.G.,Melbourne,Adelaide,Adelaide,Nathan Bock,10,5,6,0,1,0,1
2010,3,2010-04-11,M.C.G.,Melbourne,Adelaide,Adelaide,Brett Burton,13,6,3,3,2,0,4
2010,3,2010-04-11,M.C.G.,Melbourne,Adelaide,Adelaide,Myke Cook,6,2,6,1,0,2,0
2010,3,2010-04-11,M.C.G.,Melbourne,Adelaide,Adelaide,Patrick Dangerfield,1,0,10,0,0,1,2
2010,3,2010-04-11,M.C.G.,Melbourne,Adelaide,Adelaide,Michael Doughty,9,6,16,0,0,0,6
2010,3,2010-04-11,M.C.G.,Melbourne,Adelaide,Adelaide,Richard Douglas,14,3,6,0,1,0,3
2010,3,2010-04-11,M.C.G.,Melbourne,Adelaide,Adelaide,Tyson Edwards,11,5,12,0,0,0,2
2010,3,2010-04-11,M.C.G.,Melbourne,Adelaide,Adelaide,Simon Goodwin,17,8,18,0,0,0,2
2010,3,2010-04-11,M.C.G.,Melbourne,Adelaide,Adelaide,Trent Hentschel,2,1,1,0,0,0,0
2010,3,2010-04-11,M.C.G.,Melbourne,Adelaide,Adelaide,Chris Knights,9,5,7,0,0,0,3
2010,3,2010-04-11,M.C.G.,Melbourne,Adelaide,Adelaide,David Mackay,13,5,13,0,0,0,2
2010,3,2010-04-11,M.C.G.,Melbourne,Adelaide,Adelaide,Ivan Maric,6,9,12,1,0,13,1
2010,3,2010-04-11,M.C.G.,Melbourne,Adelaide,Adelaide,Andrew McLeod,7,2,7,0,0,0,1
2010,3,2010-04-11,M.C.G.,Melbourne,Adelaide,Adelaide,Jared Petrenko,8,5,9,0,2,1,3
2010,3,2010-04-11,M.C.G.,Melbourne,Adelaide,Adelaide,Jason Porplyzia,7,4,9,0,1,1,3
2010,3,2010-04-11,M.C.G.,Melbourne,Adelaide,Adelaide,Brent Reilly,12,7,7,0,0,1,3
2010,3,2010-04-11,M.C.G.,Melbourne,Adelaide,Adelaide,Ben Rutten,8,7,6,0,0,0,1
2010,3,2010-04-11,M.C.G.,Melbourne,Adelaide,Adelaide,Chris Schmidt,10,9,10,0,0,0,1
2010,3,2010-04-11,M.C.G.,Melbourne,Adelaide,Adelaide,Scott Thompson,12,4,12,0,1,0,2
2010,3,2010-04-11,M.C.G.,Melbourne,Adelaide,Adelaide,Kurt Tippett,4,3,3,0,0,8,0
2010,3,2010-04-11,M.C.G.,Melbourne,Adelaide,Adelaide,Bernie Vince,20,9,16,0,0,0,0
2010,3,2010-04-11,M.C.G.,Melbourne,Adelaide,Adelaide,Taylor Walker,6,4,8,0,1,2,3
2010,3,2010-04-11,Docklands,Western Bulldogs,Hawthorn,Western Bulldogs,Jason Akermanis,5,3,5,0,0,0,2
2010,3,2010-04-11,Docklands,Western Bulldogs,Hawthorn,Western Bulldogs,Matthew Boyd,21,7,14,0,1,2,10
2010,3,2010-04-11,Docklands,Western Bulldogs,Hawthorn,Western Bulldogs,Adam Cooney,15,4,12,0,1,0,3
2010,3,2010-04-11,Docklands,Western Bulldogs,Hawthorn,Western Bulldogs,Daniel Cross,6,6,22,0,1,1,6
2010,3,2010-04-11,Docklands,Western Bulldogs,Hawthorn,Western Bulldogs,Andrejs Everitt,6,6,10,0,0,2,2
2010,3,2010-04-11,Docklands,Western Bulldogs,Hawthorn,Western Bulldogs,Daniel Giansiracusa,9,4,9,1,1,0,2
2010,3,2010-04-11,Docklands,Western Bulldogs,Hawthorn,Western Bulldogs,Lindsay Gilbee,18,7,7,0,0,0,2
2010,3,2010-04-11,Docklands,Western Bulldogs,Hawthorn,Western Bulldogs,Ryan Griffen,16,6,18,1,0,3,4
2010,3,2010-04-11,Docklands,Western Bulldogs,Hawthorn,Western Bulldogs,Mitch Hahn,8,3,4,1,0,0,2
2010,3,2010-04-11,Docklands,Western Bulldogs,Hawthorn,Western Bulldogs,Barry Hall,11,9,2,6,3,1,2
2010,3,2010-04-11,Docklands,Western Bulldogs,Hawthorn,Western Bulldogs,Jarrod Harbrow,18,10,5,1,0,0,0
2010,3,2010-04-11,Docklands,Western Bulldogs,Hawthorn,Western Bulldogs,Ryan Hargrave,1,1,1,0,1,0,0
2010,3,2010-04-11,Docklands,Western Bulldogs,Hawthorn,Western Bulldogs,Shaun Higgins,19,4,8,1,2,0,3
2010,3,2010-04-11,Docklands,Western Bulldogs,Hawthorn,Western Bulldogs,Josh Hill,11,7,3,1,2,0,4
2010,3,2010-04-11,Docklands,Western Bulldogs,Hawthorn,Western Bulldogs,Ben Hudson,5,4,7,0,0,15,4
2010,3,2010-04-11,Docklands,Western Bulldogs,Hawthorn,Western Bulldogs,Brian Lake,17,9,10,0,0,0,3
2010,3,2010-04-11,Docklands,Western Bulldogs,Hawthorn,Western Bulldogs,Will Minson,6,5,10,0,1,11,1
2010,3,2010-04-11,Docklands,Western Bulldogs,Hawthorn,Western Bulldogs,Brodie Moles,7,4,6,0,0,0,5
2010,3,2010-04-11,Docklands,Western Bulldogs,Hawthorn,Western Bulldogs,Dale Morris,2,2,6,0,0,0,2
2010,3,2010-04-11,Docklands,Western Bulldogs,Hawthorn,Western Bulldogs,Robert Murphy,11,6,2,2,0,0,1
2010,3,2010-04-11,Docklands,Western Bulldogs,Hawthorn,Western Bulldogs,Liam Picken,7,2,3,0,1,0,2
2010,3,2010-04-11,Docklands,Western Bulldogs,Hawthorn,Western Bulldogs,Tom Williams,3,3,10,0,0,0,0
2010,3,2010-04-11,Docklands,Western Bulldogs,Hawthorn,Hawthorn,Chance Bateman,8,4,2,0,0,1,1
2010,3,2010-04-11,Docklands,Western Bulldogs,Hawthorn,Hawthorn,Grant Birchall,7,4,16,0,0,1,7
2010,3,2010-04-11,Docklands,Western Bulldogs,Hawthorn,Hawthorn,Campbell Brown,6,2,8,0,0,0,4
2010,3,2010-04-11,Docklands,Western Bulldogs,Hawthorn,Hawthorn,Xavier Ellis,10,5,11,1,2,1,3
2010,3,2010-04-11,Docklands,Western Bulldogs,Hawthorn,Hawthorn,Lance Franklin,10,1,10,0,2,0,5
2010,3,2010-04-11,Docklands,Western Bulldogs,Hawthorn,Hawthorn,Josh Gibson,0,0,1,0,0,0,0
2010,3,2010-04-11,Docklands,Western Bulldogs,Hawthorn,Hawthorn,Stephen Gilham,10,6,3,0,0,1,0
2010,3,2010-04-11,Docklands,Western Bulldogs,Hawthorn,Hawthorn,Brent Guerra,13,8,8,0,0,0,3
2010,3,2010-04-11,Docklands,Western Bulldogs,Hawthorn,Hawthorn,Luke Hodge,21,7,13,1,0,0,3
2010,3,2010-04-11,Docklands,Western Bulldogs,Hawthorn,Hawthorn,Rick Ladson,15,4,5,0,0,0,1
2010,3,2010-04-11,Docklands,Western Bulldogs,Hawthorn,Hawthorn,Jordan Lewis,9,6,13,0,0,2,0
2010,3,2010-04-11,Docklands,Western Bulldogs,Hawthorn,Hawthorn,Sam Mitchell,23,5,11,0,1,0,3
2010,3,2010-04-11,Docklands,Western Bulldogs,Hawthorn,Hawthorn,Jarryd Morton,4,3,5,1,0,0,2
2010,3,2010-04-11,Docklands,Western Bulldogs,Hawthorn,Hawthorn,Garry Moss,5,6,14,0,1,1,3
2010,3,2010-04-11,Docklands,Western Bulldogs,Hawthorn,Hawthorn,Tom Murphy,1,2,5,0,0,0,2
2010,3,2010-04-11,Docklands,Western Bulldogs,Hawthorn,Hawthorn,Carl Peterson,10,8,10,0,0,3,5
2010,3,2010-04-11,Docklands,Western Bulldogs,Hawthorn,Hawthorn,Brent Renouf,4,4,8,1,0,18,1
2010,3,2010-04-11,Docklands,Western Bulldogs,Hawthorn,Hawthorn,Cyril Rioli,13,6,11,4,1,1,6
2010,3,2010-04-11,Docklands,Western Bulldogs,Hawthorn,Hawthorn,Jarryd Roughead,9,5,4,4,2,4,1
2010,3,2010-04-11,Docklands,Western Bulldogs,Hawthorn,Hawthorn,Ryan Schoenmakers,8,5,3,0,0,0,2
2010,3,2010-04-11,Docklands,Western Bulldogs,Hawthorn,Hawthorn,Ben Stratton,9,6,6,0,0,0,2
2010,3,2010-04-11,Docklands,Western Bulldogs,Hawthorn,Hawthorn,Matt Suckling,12,5,7,0,0,0,0
2010,3,2010-04-11,Subiaco,Fremantle,Geelong,Fremantle,Hayden Ballantyne,6,4,7,2,0,0,2
2010,3,2010-04-11,Subiaco,Fremantle,Geelong,Fremantle,Michael Barlow,6,1,11,1,0,0,0
2010,3,2010-04-11,Subiaco,Fremantle,Geelong,Fremantle,Greg Broughton,10,4,9,0,0,0,2
2010,3,2010-04-11,Subiaco,Fremantle,Geelong,Fremantle,Ryan Crowley,5,3,13,0,0,0,5
2010,3,2010-04-11,Subiaco,Fremantle,Geelong,Fremantle,Matt de Boer,3,0,4,0,2,0,1
2010,3,2010-04-11,Subiaco,Fremantle,Geelong,Fremantle,Steven Dodd,1,1,7,0,0,0,1
2010,3,2010-04-11,Subiaco,Fremantle,Geelong,Fremantle,Paul Duffield,15,4,10,1,0,0,1
2010,3,2010-04-11,Subiaco,Fremantle,Geelong,Fremantle,Paul Hasleby,9,8,10,0,1,0,0
2010,3,2010-04-11,Subiaco,Fremantle,Geelong,Fremantle,Roger Hayden,6,4,7,1,0,0,3
2010,3,2010-04-11,Subiaco,Fremantle,Geelong,Fremantle,Des Headland,11,4,1,2,1,0,1
2010,3,2010-04-11,Subiaco,Fremantle,Geelong,Fremantle,Stephen Hill,13,1,10,2,1,0,5
2010,3,2010-04-11,Subiaco,Fremantle,Geelong,Fremantle,Michael Johnson,13,4,2,0,0,5,3
2010,3,2010-04-11,Subiaco,Fremantle,Geelong,Fremantle,Chris Mayne,5,7,12,0,2,0,4
2010,3,2010-04-11,Subiaco,Fremantle,Geelong,Fremantle,Luke McPharlin,8,6,6,0,1,0,2
2010,3,2010-04-11,Subiaco,Fremantle,Geelong,Fremantle,Adam McPhee,9,3,1,2,0,0,3
2010,3,2010-04-11,Subiaco,Fremantle,Geelong,Fremantle,Anthony Morabito,11,2,4,2,0,0,9
2010,3,2010-04-11,Subiaco,Fremantle,Geelong,Fremantle,David Mundy,8,3,11,0,0,0,4
2010,3,2010-04-11,Subiaco,Fremantle,Geelong,Fremantle,Matthew Pavlich,19,6,7,5,4,0,2
2010,3,2010-04-11,Subiaco,Fremantle,Geelong,Fremantle,Aaron Sandilands,6,4,10,0,0,37,2
2010,3,2010-04-11,Subiaco,Fremantle,Geelong,Fremantle,Alex Silvagni,4,0,2,0,0,1,8
2010,3,2010-04-11,Subiaco,Fremantle,Geelong,Fremantle,Nick Suban,8,2,3,0,0,0,4
2010,3,2010-04-11,Subiaco,Fremantle,Geelong,Fremantle,Jay van Berlo,4,2,4,0,0,0,4
2010,3,2010-04-11,Subiaco,Fremantle,Geelong,Geelong,Gary Ablett,14,2,19,4,2,0,4
2010,3,2010-04-11,Subiaco,Fremantle,Geelong,Geelong,Jimmy Bartel,11,3,12,1,0,1,6
2010,3,2010-04-11,Subiaco,Fremantle,Geelong,Geelong,Mark Blake,2,3,12,0,0,13,0
2010,3,2010-04-11,Subiaco,Fremantle,Geelong,Geelong,Shannon Byrnes,6,2,10,0,0,0,3
2010,3,2010-04-11,Subiaco,Fremantle,Geelong,Geelong,Paul Chapman,19,5,9,3,1,0,9
2010,3,2010-04-11,Subiaco,Fremantle,Geelong,Geelong,Joel Corey,9,2,13,0,1,2,7
2010,3,2010-04-11,Subiaco,Fremantle,Geelong,Geelong,Nathan Djerrkura,5,1,6,0,2,0,2
2010,3,2010-04-11,Subiaco,Fremantle,Geelong,Geelong,Mitch Duncan,9,6,4,1,1,0,3
2010,3,2010-04-11,Subiaco,Fremantle,Geelong,Geelong,Corey Enright,21,5,5,0,0,0,2
2010,3,2010-04-11,Subiaco,Fremantle,Geelong,Geelong,Ryan Gamble,4,3,6,0,0,0,2
2010,3,2010-04-11,Subiaco,Fremantle,Geelong,Geelong,Tom Hawkins,6,4,5,3,0,1,1
2010,3,2010-04-11,Subiaco,Fremantle,Geelong,Geelong,Josh Hunt,11,7,9,0,1,0,2
2010,3,2010-04-11,Subiaco,Fremantle,Geelong,Geelong,Steve Johnson,11,5,5,2,2,0,2
2010,3,2010-04-11,Subiaco,Fremantle,Geelong,Geelong,James Kelly,9,4,7,0,0,0,6
2010,3,2010-04-11,Subiaco,Fremantle,Geelong,Geelong,Cameron Ling,9,2,11,0,1,0,6
2010,3,2010-04-11,Subiaco,Fremantle,Geelong,Geelong,Tom Lonergan,2,8,16,0,0,0,2
2010,3,2010-04-11,Subiaco,Fremantle,Geelong,Geelong,Andrew Mackie,16,6,7,0,0,0,2
2010,3,2010-04-11,Subiaco,Fremantle,Geelong,Geelong,James Podsiadly,9,11,8,2,2,0,0
2010,3,2010-04-11,Subiaco,Fremantle,Geelong,Geelong,Joel Selwood,6,1,21,1,0,0,5
2010,3,2010-04-11,Subiaco,Fremantle,Geelong,Geelong,Dawson Simpson,5,6,6,0,0,5,2
2010,3,2010-04-11,Subiaco,Fremantle,Geelong,Geelong,Harry Taylor,11,8,12,0,1,1,1
2010,3,2010-04-11,Subiaco,Fremantle,Geelong,Geelong,David Wojcinski,3,3,9,0,0,0,0
2010,4,2010-04-16,Subiaco,West Coast,Essendon,West Coast,Mitch Brown,9,5,3,1,1,0,1
2010,4,2010-04-16,Subiaco,West Coast,Essendon,West Coast,Dean Cox,9,2,10,1,1,30,2
2010,4,2010-04-16,Subiaco,West Coast,Essendon,West Coast,Bradd Dalziell,6,6,10,0,0,0,4
2010,4,2010-04-16,Subiaco,West Coast,Essendon,West Coast,Brad Ebert,12,3,9,1,0,0,6
2010,4,2010-04-16,Subiaco,West Coast,Essendon,West Coast,Andrew Embley,20,1,8,1,0,1,6
2010,4,2010-04-16,Subiaco,West Coast,Essendon,West Coast,Darren Glass,5,4,7,0,0,0,1
2010,4,2010-04-16,Subiaco,West Coast,Essendon,West Coast,Ashton Hams,7,4,3,0,0,0,2
2010,4,2010-04-16,Subiaco,West Coast,Essendon,West Coast,Ashley Hansen,11,3,2,1,2,0,3
2010,4,2010-04-16,Subiaco,West Coast,Essendon,West Coast,Brett Jones,6,4,8,0,0,0,2
2010,4,2010-04-16,Subiaco,West Coast,Essendon,West Coast,Josh Kennedy,9,5,3,3,1,0,6
2010,4,2010-04-16,Subiaco,West Coast,Essendon,West Coast,Daniel Kerr,3,2,7,0,0,0,3
2010,4,2010-04-16,Subiaco,West Coast,Essendon,West Coast,Mark LeCras,6,3,2,4,1,0,1
2010,4,2010-04-16,Subiaco,West Coast,Essendon,West Coast,Chris Masten,6,1,11,0,0,0,7
2010,4,2010-04-16,Subiaco,West Coast,Essendon,West Coast,Patrick McGinnity,6,2,8,0,0,0,4
2010,4,2010-04-16,Subiaco,West Coast,Essendon,West Coast,Nic Naitanui,6,1,7,1,2,17,5
2010,4,2010-04-16,Subiaco,West Coast,Essendon,West Coast,Matt Priddis,9,1,21,0,0,0,6
2010,4,2010-04-16,Subiaco,West Coast,Essendon,West Coast,Matt Rosa,12,4,7,1,0,0,3
2010,4,2010-04-16,Subiaco,West Coast,Essendon,West Coast,Will Schofield,5,2,5,0,0,0,3
2010,4,2010-04-16,Subiaco,West Coast,Essendon,West Coast,Adam Selwood,10,4,9,1,0,0,11
2010,4,2010-04-16,Subiaco,West Coast,Essendon,West Coast,Scott Selwood,9,7,10,0,0,0,1
2010,4,2010-04-16,Subiaco,West Coast,Essendon,West Coast,Matthew Spangher,9,1,4,0,0,0,2
2010,4,2010-04-16,Subiaco,West Coast,Essendon,West Coast,Beau Waters,15,5,13,0,0,0,6
2010,4,2010-04-16,Subiaco,West Coast,Essendon,Essendon,Travis Colyer,9,2,10,0,0,0,5
2010,4,2010-04-16,Subiaco,West Coast,Essendon,Essendon,Courtenay Dempsey,9,2,3,0,0,0,6
2010,4,2010-04-16,Subiaco,West Coast,Essendon,Essendon,Ricky Dyson,9,3,7,0,1,0,2
2010,4,2010-04-16,Subiaco,West Coast,Essendon,Essendon,Dustin Fletcher,14,4,6,0,0,0,0
2010,4,2010-04-16,Subiaco,West Coast,Essendon,Essendon,Scott Gumbleton,2,2,6,0,1,3,1
2010,4,2010-04-16,Subiaco,West Coast,Essendon,Essendon,David Hille,13,9,8,2,2,12,2
2010,4,2010-04-16,Subiaco,West Coast,Essendon,Essendon,Heath Hocking,9,4,10,0,0,0,5
2010,4,2010-04-16,Subiaco,West Coast,Essendon,Essendon,Cale Hooker,5,3,11,1,0,0,4
2010,4,2010-04-16,Subiaco,West Coast,Essendon,Essendon,Bachar Houli,6,3,13,0,0,0,6
2010,4,2010-04-16,Subiaco,West Coast,Essendon,Essendon,Michael Hurley,5,4,4,2,0,0,0
2010,4,2010-04-16,Subiaco,West Coast,Essendon,Essendon,Sam Lonergan,5,1,10,0,0,0,2
2010,4,2010-04-16,Subiaco,West Coast,Essendon,Essendon,Nathan Lovett-Murray,11,1,11,0,0,0,7
2010,4,2010-04-16,Subiaco,West Coast,Essendon,Essendon,Jake Melksham,9,1,8,0,3,0,3
2010,4,2010-04-16,Subiaco,West Coast,Essendon,Essendon,Tayte Pears,7,4,4,0,0,0,3
2010,4,2010-04-16,Subiaco,West Coast,Essendon,Essendon,Kyle Reimers,9,2,4,1,0,0,5
2010,4,2010-04-16,Subiaco,West Coast,Essendon,Essendon,Paddy Ryder,4,2,8,2,1,16,6
2010,4,2010-04-16,Subiaco,West Coast,Essendon,Essendon,Henry Slattery,6,3,6,0,0,0,5
2010,4,2010-04-16,Subiaco,West Coast,Essendon,Essendon,Jobe Watson,11,2,23,0,0,0,5
2010,4,2010-04-16,Subiaco,West Coast,Essendon,Essendon,Andrew Welsh,6,1,15,0,0,0,4
2010,4,2010-04-16,Subiaco,West Coast,Essendon,Essendon,Mark Williams,5,2,1,1,0,0,4
2010,4,2010-04-16,Subiaco,West Coast,Essendon,Essendon,Jason Winderlich,9,5,10,0,1,0,7
2010,4,2010-04-16,Subiaco,West Coast,Essendon,Essendon,David Zaharakis,8,4,7,2,0,0,8
2010,4,2010-04-17,Docklands,North Melbourne,Sydney,North Melbourne,Leigh Adams,13,1,9,1,1,0,6
2010,4,2010-04-17,Docklands,North Melbourne,Sydney,North Melbourne,Liam Anthony,10,7,7,0,0,1,2
2010,4,2010-04-17,Docklands,North Melbourne,Sydney,North Melbourne,Ryan Bastinac,12,7,8,0,1,0,5
2010,4,2010-04-17,Docklands,North Melbourne,Sydney,North Melbourne,Aaron Edwards,7,6,3,2,0,0,3
2010,4,2010-04-17,Docklands,North Melbourne,Sydney,North Melbourne,Michael Firrito,6,1,5,0,0,0,1
2010,4,2010-04-17,Docklands,North Melbourne,Sydney,North Melbourne,Todd Goldstein,2,1,1,0,0,17,4
2010,4,2010-04-17,Docklands,North Melbourne,Sydney,North Melbourne,Nathan Grima,5,2,2,0,0,0,1
2010,4,2010-04-17,Docklands,North Melbourne,Sydney,North Melbourne,David Hale,9,5,3,1,1,2,0
2010,4,2010-04-17,Docklands,North Melbourne,Sydney,North Melbourne,Lachlan Hansen,5,6,3,0,0,0,2
2010,4,2010-04-17,Docklands,North Melbourne,Sydney,North Melbourne,Leigh Harding,5,1,1,0,0,0,4
2010,4,2010-04-17,Docklands,North Melbourne,Sydney,North Melbourne,Brent Harvey,15,8,10,1,0,0,1
2010,4,2010-04-17,Docklands,North Melbourne,Sydney,North Melbourne,Hamish McIntosh,9,6,5,0,0,21,4
2010,4,2010-04-17,Docklands,North Melbourne,Sydney,North Melbourne,Scott McMahon,6,2,4,0,0,1,5
2010,4,2010-04-17,Docklands,North Melbourne,Sydney,North Melbourne,Brady Rawlings,5,6,16,0,0,0,2
2010,4,2010-04-17,Docklands,North Melbourne,Sydney,North Melbourne,Andrew Swallow,5,3,8,0,0,0,13
2010,4,2010-04-17,Docklands,North Melbourne,Sydney,North Melbourne,Lindsay Thomas,7,3,2,1,0,0,3
2010,4,2010-04-17,Docklands,North Melbourne,Sydney,North Melbourne,Scott Thompson,5,2,5,0,0,0,1
2010,4,2010-04-17,Docklands,North Melbourne,Sydney,North Melbourne,Gavin Urquhart,7,2,5,0,0,0,3
2010,4,2010-04-17,Docklands,North Melbourne,Sydney,North Melbourne,Ben Warren,6,5,4,0,0,0,2
2010,4,2010-04-17,Docklands,North Melbourne,Sydney,North Melbourne,Daniel Wells,17,8,2,2,1,0,1
2010,4,2010-04-17,Docklands,North Melbourne,Sydney,North Melbourne,Sam Wright,5,1,4,0,1,0,1
2010,4,2010-04-17,Docklands,North Melbourne,Sydney,North Melbourne,Jack Ziebell,8,3,4,0,1,0,5
2010,4,2010-04-17,Docklands,North Melbourne,Sydney,Sydney,Craig Bolton,1,0,5,0,0,0,1
2010,4,2010-04-17,Docklands,North Melbourne,Sydney,Sydney,Jude Bolton,8,2,15,0,0,0,9
2010,4,2010-04-17,Docklands,North Melbourne,Sydney,Sydney,Daniel Bradshaw,15,11,3,4,3,0,1
2010,4,2010-04-17,Docklands,North Melbourne,Sydney,Sydney,Adam Goodes,13,4,8,2,1,1,3
2010,4,2010-04-17,Docklands,North Melbourne,Sydney,Sydney,Heath Grundy,8,8,9,0,0,0,2
2010,4,2010-04-17,Docklands,North Melbourne,Sydney,Sydney,Dan Hannebery,16,9,11,1,0,0,3
2010,4,2010-04-17,Docklands,North Melbourne,Sydney,Sydney,Kieren Jack,12,3,7,0,0,0,3
2010,4,2010-04-17,Docklands,North Melbourne,Sydney,Sydney,Lewis Jetta,13,4,4,0,2,0,1
2010,4,2010-04-17,Docklands,North Melbourne,Sydney,Sydney,Josh Kennedy,8,3,8,1,0,0,4
2010,4,2010-04-17,Docklands,North Melbourne,Sydney,Sydney,Tadhg Kennelly,16,9,8,0,0,0,2
2010,4,2010-04-17,Docklands,North Melbourne,Sydney,Sydney,Brett Kirk,6,3,10,1,1,0,15
2010,4,2010-04-17,Docklands,North Melbourne,Sydney,Sydney,Nick Malceski,6,2,6,0,0,0,1
2010,4,2010-04-17,Docklands,North Melbourne,Sydney,Sydney,Martin Mattner,7,3,8,2,0,0,3
2010,4,2010-04-17,Docklands,North Melbourne,Sydney,Sydney,Ben McGlynn,5,3,6,1,1,0,1
2010,4,2010-04-17,Docklands,North Melbourne,Sydney,Sydney,Jarrad McVeigh,8,2,6,0,0,0,3
2010,4,2010-04-17,Docklands,North Melbourne,Sydney,Sydney,Jarred Moore,8,4,7,0,0,0,3
2010,4,2010-04-17,Docklands,North Melbourne,Sydney,Sydney,Shane Mumford,8,5,4,0,0,23,5
2010,4,2010-04-17,Docklands,North Melbourne,Sydney,Sydney,Ryan OKeefe,14,8,5,1,2,0,2
2010,4,2010-04-17,Docklands,North Melbourne,Sydney,Sydney,Lewis Roberts-Thomson,11,7,3,0,0,0,3
2010,4,2010-04-17,Docklands,North Melbourne,Sydney,Sydney,Mark Seaby,2,0,10,0,0,19,3
2010,4,2010-04-17,Docklands,North Melbourne,Sydney,Sydney,Rhyce Shaw,14,3,7,0,0,0,3
2010,4,2010-04-17,Docklands,North Melbourne,Sydney,Sydney,Jesse White,2,4,3,1,0,0,0
2010,4,2010-04-17,Football Park,Adelaide,Carlton,Adelaide,Brett Burton,11,6,5,1,3,3,3
2010,4,2010-04-17,Football Park,Adelaide,Carlton,Adelaide,Myke Cook,3,0,16,0,0,2,2
2010,4,2010-04-17,Football Park,Adelaide,Carlton,Adelaide,Patrick Dangerfield,7,4,7,0,2,0,1
2010,4,2010-04-17,Football Park,Adelaide,Carlton,Adelaide,Phil Davis,8,7,8,0,0,0,2
2010,4,2010-04-17,Football Park,Adelaide,Carlton,Adelaide,Michael Doughty,3,3,9,0,0,0,3
2010,4,2010-04-17,Football Park,Adelaide,Carlton,Adelaide,Richard Douglas,7,4,6,1,1,0,2
2010,4,2010-04-17,Football Park,Adelaide,Carlton,Adelaide,Tyson Edwards,11,8,14,0,1,2,4
2010,4,2010-04-17,Football Park,Adelaide,Carlton,Adelaide,Simon Goodwin,4,4,12,0,0,0,4
2010,4,2010-04-17,Football Park,Adelaide,Carlton,Adelaide,Graham Johncock,11,5,4,0,1,0,1
2010,4,2010-04-17,Football Park,Adelaide,Carlton,Adelaide,Chris Knights,13,6,10,1,1,0,5
2010,4,2010-04-17,Football Park,Adelaide,Carlton,Adelaide,David Mackay,9,2,10,0,0,0,1
2010,4,2010-04-17,Football Park,Adelaide,Carlton,Adelaide,Ivan Maric,1,4,9,0,0,22,0
2010,4,2010-04-17,Football Park,Adelaide,Carlton,Adelaide,Andrew McLeod,12,4,14,0,0,0,1
2010,4,2010-04-17,Football Park,Adelaide,Carlton,Adelaide,Jared Petrenko,5,3,4,0,0,0,3
2010,4,2010-04-17,Football Park,Adelaide,Carlton,Adelaide,Jason Porplyzia,6,0,4,0,1,0,3
2010,4,2010-04-17,Football Park,Adelaide,Carlton,Adelaide,Brent Reilly,10,4,7,0,0,0,5
2010,4,2010-04-17,Football Park,Adelaide,Carlton,Adelaide,Ben Rutten,3,2,9,0,0,0,2
2010,4,2010-04-17,Football Park,Adelaide,Carlton,Adelaide,Chris Schmidt,6,4,9,0,0,0,3
2010,4,2010-04-17,Football Park,Adelaide,Carlton,Adelaide,Scott Thompson,7,3,10,2,1,0,7
2010,4,2010-04-17,Football Park,Adelaide,Carlton,Adelaide,Kurt Tippett,5,2,4,0,3,12,1
2010,4,2010-04-17,Football Park,Adelaide,Carlton,Adelaide,Bernie Vince,11,5,20,0,0,0,2
2010,4,2010-04-17,Football Park,Adelaide,Carlton,Adelaide,Taylor Walker,8,4,7,1,1,0,2
2010,4,2010-04-17,Football Park,Adelaide,Carlton,Carlton,Dennis Armfield,6,5,7,0,0,0,2
2010,4,2010-04-17,Football Park,Adelaide,Carlton,Carlton,Eddie Betts,8,9,9,1,1,0,3
2010,4,2010-04-17,Football Park,Adelaide,Carlton,Carlton,Andrew Carrazzo,11,6,12,0,0,0,5
2010,4,2010-04-17,Football Park,Adelaide,Carlton,Carlton,Jeff Garlett,11,7,1,3,1,0,2
2010,4,2010-04-17,Football Park,Adelaide,Carlton,Carlton,Bryce Gibbs,14,7,10,0,0,0,2
2010,4,2010-04-17,Football Park,Adelaide,Carlton,Carlton,Lachie Henderson,9,8,5,1,0,0,1
2010,4,2010-04-17,Football Park,Adelaide,Carlton,Carlton,Ryan Houlihan,11,6,10,3,0,0,1
2010,4,2010-04-17,Football Park,Adelaide,Carlton,Carlton,Michael Jamison,12,8,0,0,0,0,0
2010,4,2010-04-17,Football Park,Adelaide,Carlton,Carlton,Aaron Joseph,1,2,5,0,0,0,5
2010,4,2010-04-17,Football Park,Adelaide,Carlton,Carlton,Chris Judd,14,3,16,1,0,0,9
2010,4,2010-04-17,Football Park,Adelaide,Carlton,Carlton,Matthew Kreuzer,5,2,9,0,0,17,8
2010,4,2010-04-17,Football Park,Adelaide,Carlton,Carlton,Kane Lucas,11,10,14,0,0,0,1
2010,4,2010-04-17,Football Park,Adelaide,Carlton,Carlton,Marc Murphy,17,15,15,0,2,0,4
2010,4,2010-04-17,Football Park,Adelaide,Carlton,Carlton,Setanta OhAilpin,4,1,4,1,0,1,2
2010,4,2010-04-17,Football Park,Adelaide,Carlton,Carlton,Mitch Robinson,3,1,4,0,0,0,3
2010,4,2010-04-17,Football Park,Adelaide,Carlton,Carlton,Jordan Russell,13,10,6,0,0,0,1
2010,4,2010-04-17,Football Park,Adelaide,Carlton,Carlton,Heath Scotland,8,7,14,1,0,0,1
2010,4,2010-04-17,Football Park,Adelaide,Carlton,Carlton,Kade Simpson,16,11,8,2,0,0,8
2010,4,2010-04-17,Football Park,Adelaide,Carlton,Carlton,Andrew Walker,25,12,11,0,0,0,1
2010,4,2010-04-17,Football Park,Adelaide,Carlton,Carlton,Robert Warnock,1,0,7,0,0,15,5
2010,4,2010-04-17,Football Park,Adelaide,Carlton,Carlton,Simon White,9,11,9,0,0,0,1
2010,4,2010-04-17,Football Park,Adelaide,Carlton,Carlton,Chris Yarran,5,1,4,3,1,0,2
2010,4,2010-04-17,M.C.G.,Collingwood,Hawthorn,Collingwood,Luke Ball,4,3,10,0,0,0,5
2010,4,2010-04-17,M.C.G.,Collingwood,Hawthorn,Collingwood,Dayne Beams,9,3,16,0,0,0,5
2010,4,2010-04-17,M.C.G.,Collingwood,Hawthorn,Collingwood,Leigh Brown,1,2,6,0,0,0,3
2010,4,2010-04-17,M.C.G.,Collingwood,Hawthorn,Collingwood,Travis Cloke,12,11,5,1,2,0,1
2010,4,2010-04-17,M.C.G.,Collingwood,Hawthorn,Collingwood,Leon Davis,13,6,4,3,5,0,3
2010,4,2010-04-17,M.C.G.,Collingwood,Hawthorn,Collingwood,Alan Didak,13,1,16,2,1,0,2
2010,4,2010-04-17,M.C.G.,Collingwood,Hawthorn,Collingwood,Josh Fraser,5,2,3,0,2,9,3
2010,4,2010-04-17,M.C.G.,Collingwood,Hawthorn,Collingwood,Ben Johnson,15,3,7,1,1,0,3
2010,4,2010-04-17,M.C.G.,Collingwood,Hawthorn,Collingwood,Darren Jolly,9,4,5,2,0,18,4
2010,4,2010-04-17,M.C.G.,Collingwood,Hawthorn,Collingwood,Tarkyn Lockyer,8,7,3,0,2,0,6
2010,4,2010-04-17,M.C.G.,Collingwood,Hawthorn,Collingwood,Heritier Lumumba,5,3,9,0,0,0,5
2010,4,2010-04-17,M.C.G.,Collingwood,Hawthorn,Collingwood,Brent Macaffer,7,6,8,1,0,0,2
2010,4,2010-04-17,M.C.G.,Collingwood,Hawthorn,Collingwood,Nick Maxwell,7,6,9,0,0,0,4
2010,4,2010-04-17,M.C.G.,Collingwood,Hawthorn,Collingwood,Paul Medhurst,8,6,9,0,1,0,3
2010,4,2010-04-17,M.C.G.,Collingwood,Hawthorn,Collingwood,Scott Pendlebury,13,4,14,1,1,1,5
2010,4,2010-04-17,M.C.G.,Collingwood,Hawthorn,Collingwood,Simon Prestigiacomo,1,1,7,0,0,0,3
2010,4,2010-04-17,M.C.G.,Collingwood,Hawthorn,Collingwood,Heath Shaw,21,6,5,0,0,0,5
2010,4,2010-04-17,M.C.G.,Collingwood,Hawthorn,Collingwood,Steele Sidebottom,11,7,16,1,0,0,5
2010,4,2010-04-17,M.C.G.,Collingwood,Hawthorn,Collingwood,Dane Swan,20,4,14,1,0,0,3
2010,4,2010-04-17,M.C.G.,Collingwood,Hawthorn,Collingwood,Dale Thomas,15,4,11,3,1,0,3
2010,4,2010-04-17,M.C.G.,Collingwood,Hawthorn,Collingwood,Alan Toovey,10,2,5,0,0,0,2
2010,4,2010-04-17,M.C.G.,Collingwood,Hawthorn,Collingwood,Sharrod Wellingham,14,3,6,1,2,0,2
2010,4,2010-04-17,M.C.G.,Collingwood,Hawthorn,Hawthorn,Chance Bateman,15,7,16,1,0,3,3
2010,4,2010-04-17,M.C.G.,Collingwood,Hawthorn,Hawthorn,Grant Birchall,10,5,14,0,0,0,4
2010,4,2010-04-17,M.C.G.,Collingwood,Hawthorn,Hawthorn,Campbell Brown,11,9,3,1,1,0,4
2010,4,2010-04-17,M.C.G.,Collingwood,Hawthorn,Hawthorn,Xavier Ellis,7,5,17,0,0,0,3
2010,4,2010-04-17,M.C.G.,Collingwood,Hawthorn,Hawthorn,Stephen Gilham,8,7,13,0,0,1,4
2010,4,2010-04-17,M.C.G.,Collingwood,Hawthorn,Hawthorn,Brent Guerra,9,1,13,0,0,0,2
2010,4,2010-04-17,M.C.G.,Collingwood,Hawthorn,Hawthorn,Luke Hodge,13,2,21,0,0,4,6
2010,4,2010-04-17,M.C.G.,Collingwood,Hawthorn,Hawthorn,Rick Ladson,7,2,11,0,0,0,0
2010,4,2010-04-17,M.C.G.,Collingwood,Hawthorn,Hawthorn,Jordan Lewis,10,2,7,1,0,2,2
2010,4,2010-04-17,M.C.G.,Collingwood,Hawthorn,Hawthorn,Sam Mitchell,10,3,13,0,0,0,1
2010,4,2010-04-17,M.C.G.,Collingwood,Hawthorn,Hawthorn,Jarryd Morton,5,5,10,2,1,1,2
2010,4,2010-04-17,M.C.G.,Collingwood,Hawthorn,Hawthorn,Garry Moss,7,5,1,0,1,0,0
2010,4,2010-04-17,M.C.G.,Collingwood,Hawthorn,Hawthorn,Tom Murphy,10,9,11,0,0,0,1
2010,4,2010-04-17,M.C.G.,Collingwood,Hawthorn,Hawthorn,Michael Osborne,8,6,4,0,0,0,1
2010,4,2010-04-17,M.C.G.,Collingwood,Hawthorn,Hawthorn,Carl Peterson,7,2,4,1,0,1,1
2010,4,2010-04-17,M.C.G.,Collingwood,Hawthorn,Hawthorn,Brent Renouf,2,2,8,0,0,29,1
2010,4,2010-04-17,M.C.G.,Collingwood,Hawthorn,Hawthorn,Cyril Rioli,7,3,14,1,0,0,1
2010,4,2010-04-17,M.C.G.,Collingwood,Hawthorn,Hawthorn,Jarryd Roughead,6,4,6,1,2,2,1
2010,4,2010-04-17,M.C.G.,Collingwood,Hawthorn,Hawthorn,Ryan Schoenmakers,9,8,5,0,0,1,0
2010,4,2010-04-17,M.C.G.,Collingwood,Hawthorn,Hawthorn,Ben Stratton,6,1,4,0,0,0,3
2010,4,2010-04-17,M.C.G.,Collingwood,Hawthorn,Hawthorn,Brendan Whitecross,13,10,4,0,1,0,2
2010,4,2010-04-17,M.C.G.,Collingwood,Hawthorn,Hawthorn,Clinton Young,8,8,2,0,1,2,4
2010,4,2010-04-17,Gabba,Brisbane Lions,Western Bulldogs,Brisbane Lions,Todd Banfield,6,4,6,2,1,0,4
2010,4,2010-04-17,Gabba,Brisbane Lions,Western Bulldogs,Brisbane Lions,Jared Brennan,17,7,8,1,2,4,2
2010,4,2010-04-17,Gabba,Brisbane Lions,Western Bulldogs,Brisbane Lions,Jonathan Brown,12,9,7,2,3,0,1
2010,4,2010-04-17,Gabba,Brisbane Lions,Western Bulldogs,Brisbane Lions,Josh Drummond,11,4,5,1,0,0,2
2010,4,2010-04-17,Gabba,Brisbane Lions,Western Bulldogs,Brisbane Lions,Brendan Fevola,12,5,3,4,4,0,0
2010,4,2010-04-17,Gabba,Brisbane Lions,Western Bulldogs,Brisbane Lions,James Hawksley,10,5,7,0,0,0,3
2010,4,2010-04-17,Gabba,Brisbane Lions,Western Bulldogs,Brisbane Lions,Travis Johnstone,18,6,3,1,0,0,2
2010,4,2010-04-17,Gabba,Brisbane Lions,Western Bulldogs,Brisbane Lions,Matthew Leuenberger,9,3,5,0,1,22,5
2010,4,2010-04-17,Gabba,Brisbane Lions,Western Bulldogs,Brisbane Lions,Matt Maguire,4,4,3,0,0,2,3
2010,4,2010-04-17,Gabba,Brisbane Lions,Western Bulldogs,Brisbane Lions,Daniel Merrett,6,6,4,0,0,0,3
2010,4,2010-04-17,Gabba,Brisbane Lions,Western Bulldogs,Brisbane Lions,Joel Patfull,8,4,5,0,1,0,2
2010,4,2010-04-17,Gabba,Brisbane Lions,Western Bulldogs,Brisbane Lions,James Polkinghorne,7,2,7,0,0,0,4
2010,4,2010-04-17,Gabba,Brisbane Lions,Western Bulldogs,Brisbane Lions,Luke Power,21,6,10,0,1,0,2
2010,4,2010-04-17,Gabba,Brisbane Lions,Western Bulldogs,Brisbane Lions,Albert Proud,7,4,12,1,2,0,2
2010,4,2010-04-17,Gabba,Brisbane Lions,Western Bulldogs,Brisbane Lions,Andrew Raines,10,4,14,0,0,0,2
2010,4,2010-04-17,Gabba,Brisbane Lions,Western Bulldogs,Brisbane Lions,Jack Redden,10,5,4,0,0,0,2
2010,4,2010-04-17,Gabba,Brisbane Lions,Western Bulldogs,Brisbane Lions,Daniel Rich,10,4,5,0,0,0,2
2010,4,2010-04-17,Gabba,Brisbane Lions,Western Bulldogs,Brisbane Lions,Michael Rischitelli,13,3,15,0,0,0,4
2010,4,2010-04-17,Gabba,Brisbane Lions,Western Bulldogs,Brisbane Lions,Tom Rockliff,9,5,11,0,1,0,4
2010,4,2010-04-17,Gabba,Brisbane Lions,Western Bulldogs,Brisbane Lions,Troy Selwood,7,4,9,0,0,0,6
2010,4,2010-04-17,Gabba,Brisbane Lions,Western Bulldogs,Brisbane Lions,Justin Sherman,8,3,10,1,0,0,3
2010,4,2010-04-17,Gabba,Brisbane Lions,Western Bulldogs,Brisbane Lions,Brent Staker,7,4,7,0,3,0,3
2010,4,2010-04-17,Gabba,Brisbane Lions,Western Bulldogs,Western Bulldogs,Dylan Addison,8,6,9,2,0,0,0
2010,4,2010-04-17,Gabba,Brisbane Lions,Western Bulldogs,Western Bulldogs,Matthew Boyd,15,2,12,1,0,1,3
2010,4,2010-04-17,Gabba,Brisbane Lions,Western Bulldogs,Western Bulldogs,Adam Cooney,11,3,12,0,0,0,5
2010,4,2010-04-17,Gabba,Brisbane Lions,Western Bulldogs,Western Bulldogs,Daniel Cross,5,3,18,0,0,0,1
2010,4,2010-04-17,Gabba,Brisbane Lions,Western Bulldogs,Western Bulldogs,Nathan Eagleton,9,5,6,0,0,0,1
2010,4,2010-04-17,Gabba,Brisbane Lions,Western Bulldogs,Western Bulldogs,Andrejs Everitt,4,3,6,0,0,0,3
2010,4,2010-04-17,Gabba,Brisbane Lions,Western Bulldogs,Western Bulldogs,Daniel Giansiracusa,10,5,5,3,0,0,3
2010,4,2010-04-17,Gabba,Brisbane Lions,Western Bulldogs,Western Bulldogs,Lindsay Gilbee,9,1,3,0,0,0,3
2010,4,2010-04-17,Gabba,Brisbane Lions,Western Bulldogs,Western Bulldogs,Ryan Griffen,14,6,12,0,0,0,5
2010,4,2010-04-17,Gabba,Brisbane Lions,Western Bulldogs,Western Bulldogs,Mitch Hahn,7,1,0,0,0,0,1
2010,4,2010-04-17,Gabba,Brisbane Lions,Western Bulldogs,Western Bulldogs,Barry Hall,6,3,3,4,1,0,0
2010,4,2010-04-17,Gabba,Brisbane Lions,Western Bulldogs,Western Bulldogs,Jarrod Harbrow,15,3,6,0,0,0,3
2010,4,2010-04-17,Gabba,Brisbane Lions,Western Bulldogs,Western Bulldogs,Ryan Hargrave,11,3,7,0,0,0,3
2010,4,2010-04-17,Gabba,Brisbane Lions,Western Bulldogs,Western Bulldogs,Shaun Higgins,13,5,10,1,1,0,4
2010,4,2010-04-17,Gabba,Brisbane Lions,Western Bulldogs,Western Bulldogs,Josh Hill,5,4,6,1,0,0,3
2010,4,2010-04-17,Gabba,Brisbane Lions,Western Bulldogs,Western Bulldogs,Ben Hudson,7,3,10,0,0,14,1
2010,4,2010-04-17,Gabba,Brisbane Lions,Western Bulldogs,Western Bulldogs,Brian Lake,6,5,12,0,0,0,2
2010,4,2010-04-17,Gabba,Brisbane Lions,Western Bulldogs,Western Bulldogs,Will Minson,6,3,2,0,1,15,1
2010,4,2010-04-17,Gabba,Brisbane Lions,Western Bulldogs,Western Bulldogs,Brodie Moles,4,1,8,0,2,0,4
2010,4,2010-04-17,Gabba,Brisbane Lions,Western Bulldogs,Western Bulldogs,Dale Morris,2,1,7,0,0,0,6
2010,4,2010-04-17,Gabba,Brisbane Lions,Western Bulldogs,Western Bulldogs,Robert Murphy,7,3,2,0,1,0,0
2010,4,2010-04-17,Gabba,Brisbane Lions,Western Bulldogs,Western Bulldogs,Tom Williams,6,4,5,0,0,0,0
2010,4,2010-04-18,M.C.G.,Richmond,Melbourne,Richmond,David Astbury,6,3,1,3,0,0,1
2010,4,2010-04-18,M.C.G.,Richmond,Melbourne,Richmond,Andrew Collins,13,5,7,0,0,0,4
2010,4,2010-04-18,M.C.G.,Richmond,Melbourne,Richmond,Trent Cotchin,7,2,12,0,0,0,0
2010,4,2010-04-18,M.C.G.,Richmond,Melbourne,Richmond,Matt Dea,0,0,9,0,0,0,3
2010,4,2010-04-18,M.C.G.,Richmond,Melbourne,Richmond,Brett Deledio,14,7,13,0,0,0,1
2010,4,2010-04-18,M.C.G.,Richmond,Melbourne,Richmond,Shane Edwards,8,0,9,0,0,0,9
2010,4,2010-04-18,M.C.G.,Richmond,Melbourne,Richmond,Mitch Farmer,9,3,2,0,1,0,4
2010,4,2010-04-18,M.C.G.,Richmond,Melbourne,Richmond,Tom Hislop,10,5,5,0,0,0,4
2010,4,2010-04-18,M.C.G.,Richmond,Melbourne,Richmond,Daniel Jackson,10,5,9,0,1,0,4
2010,4,2010-04-18,M.C.G.,Richmond,Melbourne,Richmond,Dustin Martin,7,2,10,0,0,0,1
2010,4,2010-04-18,M.C.G.,Richmond,Melbourne,Richmond,Kelvin Moore,12,7,5,0,0,0,1
2010,4,2010-04-18,M.C.G.,Richmond,Melbourne,Richmond,Mitch Morton,6,2,5,1,2,0,3
2010,4,2010-04-18,M.C.G.,Richmond,Melbourne,Richmond,Ben Nason,12,3,2,1,0,0,5
2010,4,2010-04-18,M.C.G.,Richmond,Melbourne,Richmond,Jayden Post,3,2,5,0,0,0,2
2010,4,2010-04-18,M.C.G.,Richmond,Melbourne,Richmond,Alex Rance,6,3,4,0,0,0,0
2010,4,2010-04-18,M.C.G.,Richmond,Melbourne,Richmond,Jack Riewoldt,15,9,3,3,4,1,5
2010,4,2010-04-18,M.C.G.,Richmond,Melbourne,Richmond,Troy Simmonds,6,2,3,0,0,16,2
2010,4,2010-04-18,M.C.G.,Richmond,Melbourne,Richmond,Richard Tambling,7,5,5,1,0,1,4
2010,4,2010-04-18,M.C.G.,Richmond,Melbourne,Richmond,Troy Taylor,8,2,1,1,2,0,1
2010,4,2010-04-18,M.C.G.,Richmond,Melbourne,Richmond,Shane Tuck,19,11,12,1,0,0,2
2010,4,2010-04-18,M.C.G.,Richmond,Melbourne,Richmond,Ty Vickery,3,1,5,0,0,11,4
2010,4,2010-04-18,M.C.G.,Richmond,Melbourne,Richmond,Matt White,8,1,3,0,1,1,3
2010,4,2010-04-18,M.C.G.,Richmond,Melbourne,Melbourne,Rohan Bail,6,5,6,2,0,0,6
2010,4,2010-04-18,M.C.G.,Richmond,Melbourne,Melbourne,Clint Bartram,7,4,7,1,0,0,1
2010,4,2010-04-18,M.C.G.,Richmond,Melbourne,Melbourne,Matthew Bate,13,9,5,3,2,0,4
2010,4,2010-04-18,M.C.G.,Richmond,Melbourne,Melbourne,Jamie Bennell,6,3,3,0,0,0,0
2010,4,2010-04-18,M.C.G.,Richmond,Melbourne,Melbourne,Cameron Bruce,9,7,20,0,0,0,2
2010,4,2010-04-18,M.C.G.,Richmond,Melbourne,Melbourne,Aaron Davey,14,0,7,0,1,0,4
2010,4,2010-04-18,M.C.G.,Richmond,Melbourne,Melbourne,Lynden Dunn,13,9,7,1,1,3,1
2010,4,2010-04-18,M.C.G.,Richmond,Melbourne,Melbourne,James Frawley,9,6,4,0,0,0,1
2010,4,2010-04-18,M.C.G.,Richmond,Melbourne,Melbourne,Colin Garland,3,1,12,0,0,0,4
2010,4,2010-04-18,M.C.G.,Richmond,Melbourne,Melbourne,Brad Green,19,8,5,4,2,0,1
2010,4,2010-04-18,M.C.G.,Richmond,Melbourne,Melbourne,Jack Grimes,12,7,8,0,0,0,2
2010,4,2010-04-18,M.C.G.,Richmond,Melbourne,Melbourne,Mark Jamar,1,2,8,1,0,34,2
2010,4,2010-04-18,M.C.G.,Richmond,Melbourne,Melbourne,Nathan Jones,14,3,13,0,2,0,4
2010,4,2010-04-18,M.C.G.,Richmond,Melbourne,Melbourne,Joel Macdonald,11,3,9,0,0,0,1
2010,4,2010-04-18,M.C.G.,Richmond,Melbourne,Melbourne,James McDonald,14,7,16,1,0,1,5
2010,4,2010-04-18,M.C.G.,Richmond,Melbourne,Melbourne,Jordie McKenzie,4,4,18,0,0,0,8
2010,4,2010-04-18,M.C.G.,Richmond,Melbourne,Melbourne,Brent Moloney,15,4,22,0,0,0,9
2010,4,2010-04-18,M.C.G.,Richmond,Melbourne,Melbourne,Ricky Petterd,9,6,7,2,1,1,2
2010,4,2010-04-18,M.C.G.,Richmond,Melbourne,Melbourne,Tom Scully,9,4,17,0,0,0,3
2010,4,2010-04-18,M.C.G.,Richmond,Melbourne,Melbourne,Colin Sylvia,13,10,7,5,1,3,4
2010,4,2010-04-18,M.C.G.,Richmond,Melbourne,Melbourne,Jack Trengove,8,3,12,0,2,0,1
2010,4,2010-04-18,M.C.G.,Richmond,Melbourne,Melbourne,Matthew Warnock,5,4,4,0,0,0,1
2010,4,2010-04-18,Kardinia Park,Geelong,Port Adelaide,Geelong,Gary Ablett,13,4,24,3,3,0,4
2010,4,2010-04-18,Kardinia Park,Geelong,Port Adelaide,Geelong,Jimmy Bartel,14,4,12,1,0,0,6
2010,4,2010-04-18,Kardinia Park,Geelong,Port Adelaide,Geelong,Mark Blake,1,2,8,0,1,22,0
2010,4,2010-04-18,Kardinia Park,Geelong,Port Adelaide,Geelong,Shannon Byrnes,8,4,6,2,1,0,2
2010,4,2010-04-18,Kardinia Park,Geelong,Port Adelaide,Geelong,Paul Chapman,19,8,9,2,2,0,4
2010,4,2010-04-18,Kardinia Park,Geelong,Port Adelaide,Geelong,Joel Corey,20,3,17,0,0,2,5
2010,4,2010-04-18,Kardinia Park,Geelong,Port Adelaide,Geelong,Mitch Duncan,13,9,7,1,2,0,0
2010,4,2010-04-18,Kardinia Park,Geelong,Port Adelaide,Geelong,Corey Enright,14,6,19,0,0,0,3
2010,4,2010-04-18,Kardinia Park,Geelong,Port Adelaide,Geelong,Tom Hawkins,8,7,7,1,3,0,2
2010,4,2010-04-18,Kardinia Park,Geelong,Port Adelaide,Geelong,Josh Hunt,11,3,6,0,0,0,1
2010,4,2010-04-18,Kardinia Park,Geelong,Port Adelaide,Geelong,Steve Johnson,13,6,3,6,2,0,1
2010,4,2010-04-18,Kardinia Park,Geelong,Port Adelaide,Geelong,James Kelly,12,4,16,0,0,0,6
2010,4,2010-04-18,Kardinia Park,Geelong,Port Adelaide,Geelong,Cameron Ling,10,5,16,0,0,0,11
2010,4,2010-04-18,Kardinia Park,Geelong,Port Adelaide,Geelong,Tom Lonergan,4,6,15,0,0,0,1
2010,4,2010-04-18,Kardinia Park,Geelong,Port Adelaide,Geelong,Andrew Mackie,6,5,13,0,0,0,4
2010,4,2010-04-18,Kardinia Park,Geelong,Port Adelaide,Geelong,Darren Milburn,9,5,14,0,0,0,2
2010,4,2010-04-18,Kardinia Park,Geelong,Port Adelaide,Geelong,Cameron Mooney,9,10,7,2,2,0,1
2010,4,2010-04-18,Kardinia Park,Geelong,Port Adelaide,Geelong,Brad Ottens,2,2,5,0,2,20,4
2010,4,2010-04-18,Kardinia Park,Geelong,Port Adelaide,Geelong,James Podsiadly,12,11,2,5,1,0,2
2010,4,2010-04-18,Kardinia Park,Geelong,Port Adelaide,Geelong,Joel Selwood,5,1,14,0,0,0,4
2010,4,2010-04-18,Kardinia Park,Geelong,Port Adelaide,Geelong,Harry Taylor,14,8,16,0,1,0,3
2010,4,2010-04-18,Kardinia Park,Geelong,Port Adelaide,Geelong,David Wojcinski,12,6,14,0,0,0,0
2010,4,2010-04-18,Kardinia Park,Geelong,Port Adelaide,Port Adelaide,Travis Boak,8,3,9,0,1,0,3
2010,4,2010-04-18,Kardinia Park,Geelong,Port Adelaide,Port Adelaide,Dean Brogan,6,3,3,0,0,11,5
2010,4,2010-04-18,Kardinia Park,Geelong,Port Adelaide,Port Adelaide,Alipate Carlile,14,4,7,0,0,0,0
2010,4,2010-04-18,Kardinia Park,Geelong,Port Adelaide,Port Adelaide,Domenic Cassisi,8,2,14,0,0,0,12
2010,4,2010-04-18,Kardinia Park,Geelong,Port Adelaide,Port Adelaide,Troy Chaplin,9,9,10,0,0,0,2
2010,4,2010-04-18,Kardinia Park,Geelong,Port Adelaide,Port Adelaide,Chad Cornes,5,2,4,0,0,0,1
2010,4,2010-04-18,Kardinia Park,Geelong,Port Adelaide,Port Adelaide,Kane Cornes,8,3,21,1,0,0,2
2010,4,2010-04-18,Kardinia Park,Geelong,Port Adelaide,Port Adelaide,Jason Davenport,9,6,10,2,0,0,3
2010,4,2010-04-18,Kardinia Park,Geelong,Port Adelaide,Port Adelaide,Brett Ebert,9,8,2,0,0,0,5
2010,4,2010-04-18,Kardinia Park,Geelong,Port Adelaide,Port Adelaide,Robbie Gray,7,0,11,2,0,0,2
2010,4,2010-04-18,Kardinia Park,Geelong,Port Adelaide,Port Adelaide,Cameron Hitchcock,5,1,4,1,0,0,0
2010,4,2010-04-18,Kardinia Park,Geelong,Port Adelaide,Port Adelaide,Nathan Krakouer,14,3,4,0,0,0,3
2010,4,2010-04-18,Kardinia Park,Geelong,Port Adelaide,Port Adelaide,Tom Logan,4,4,12,0,0,0,2
2010,4,2010-04-18,Kardinia Park,Geelong,Port Adelaide,Port Adelaide,Danyle Pearce,18,4,7,0,0,0,3
2010,4,2010-04-18,Kardinia Park,Geelong,Port Adelaide,Port Adelaide,David Rodan,7,0,8,0,1,0,2
2010,4,2010-04-18,Kardinia Park,Geelong,Port Adelaide,Port Adelaide,Steven Salopek,10,4,10,0,0,0,0
2010,4,2010-04-18,Kardinia Park,Geelong,Port Adelaide,Port Adelaide,Daniel Stewart,2,1,4,1,0,1,2
2010,4,2010-04-18,Kardinia Park,Geelong,Port Adelaide,Port Adelaide,Jacob Surjan,6,7,12,0,0,0,1
2010,4,2010-04-18,Kardinia Park,Geelong,Port Adelaide,Port Adelaide,Matt Thomas,8,3,5,0,1,1,4
2010,4,2010-04-18,Kardinia Park,Geelong,Port Adelaide,Port Adelaide,Warren Tredrea,10,6,5,2,0,0,0
2010,4,2010-04-18,Kardinia Park,Geelong,Port Adelaide,Port Adelaide,Jackson Trengove,3,3,4,0,0,1,3
2010,4,2010-04-18,Kardinia Park,Geelong,Port Adelaide,Port Adelaide,Justin Westhoff,9,5,6,1,0,4,1
2010,4,2010-04-18,Docklands,St Kilda,Fremantle,St Kilda,David Armitage,12,5,12,0,2,0,5
2010,4,2010-04-18,Docklands,St Kilda,Fremantle,St Kilda,Steven Baker,11,7,7,0,0,0,5
2010,4,2010-04-18,Docklands,St Kilda,Fremantle,St Kilda,Jason Blake,10,9,10,0,0,0,2
2010,4,2010-04-18,Docklands,St Kilda,Fremantle,St Kilda,Raphael Clarke,7,3,6,0,0,0,1
2010,4,2010-04-18,Docklands,St Kilda,Fremantle,St Kilda,Nick Dal Santo,17,5,18,2,2,0,3
2010,4,2010-04-18,Docklands,St Kilda,Fremantle,St Kilda,Zac Dawson,6,7,6,0,0,0,1
2010,4,2010-04-18,Docklands,St Kilda,Fremantle,St Kilda,Sam Fisher,10,8,6,0,0,0,2
2010,4,2010-04-18,Docklands,St Kilda,Fremantle,St Kilda,Michael Gardiner,7,2,6,0,0,11,0
2010,4,2010-04-18,Docklands,St Kilda,Fremantle,St Kilda,Jarryn Geary,15,6,10,0,0,0,3
2010,4,2010-04-18,Docklands,St Kilda,Fremantle,St Kilda,Sam Gilbert,11,5,8,0,0,1,0
2010,4,2010-04-18,Docklands,St Kilda,Fremantle,St Kilda,Brendon Goddard,17,9,4,5,2,1,3
2010,4,2010-04-18,Docklands,St Kilda,Fremantle,St Kilda,Jason Gram,14,7,14,0,0,0,3
2010,4,2010-04-18,Docklands,St Kilda,Fremantle,St Kilda,James Gwilt,10,6,7,0,0,0,2
2010,4,2010-04-18,Docklands,St Kilda,Fremantle,St Kilda,Lenny Hayes,12,3,15,0,2,1,5
2010,4,2010-04-18,Docklands,St Kilda,Fremantle,St Kilda,Clinton Jones,12,3,21,1,0,0,2
2010,4,2010-04-18,Docklands,St Kilda,Fremantle,St Kilda,Steven King,3,2,4,0,0,9,1
2010,4,2010-04-18,Docklands,St Kilda,Fremantle,St Kilda,Andrew McQualter,5,3,14,1,0,0,6
2010,4,2010-04-18,Docklands,St Kilda,Fremantle,St Kilda,Stephen Milne,12,4,9,5,0,0,3
2010,4,2010-04-18,Docklands,St Kilda,Fremantle,St Kilda,Leigh Montagna,18,5,10,0,0,0,3
2010,4,2010-04-18,Docklands,St Kilda,Fremantle,St Kilda,Brett Peake,10,1,3,0,0,0,3
2010,4,2010-04-18,Docklands,St Kilda,Fremantle,St Kilda,Farren Ray,7,3,6,0,0,0,3
2010,4,2010-04-18,Docklands,St Kilda,Fremantle,St Kilda,Adam Schneider,11,4,8,2,2,0,1
2010,4,2010-04-18,Docklands,St Kilda,Fremantle,Fremantle,Hayden Ballantyne,3,0,3,1,0,0,3
2010,4,2010-04-18,Docklands,St Kilda,Fremantle,Fremantle,Michael Barlow,7,2,21,0,0,0,2
2010,4,2010-04-18,Docklands,St Kilda,Fremantle,Fremantle,Greg Broughton,15,6,14,0,0,0,0
2010,4,2010-04-18,Docklands,St Kilda,Fremantle,Fremantle,Ryan Crowley,1,0,6,0,0,0,11
2010,4,2010-04-18,Docklands,St Kilda,Fremantle,Fremantle,Matt de Boer,2,1,7,0,1,0,7
2010,4,2010-04-18,Docklands,St Kilda,Fremantle,Fremantle,Paul Duffield,25,12,11,0,1,0,1
2010,4,2010-04-18,Docklands,St Kilda,Fremantle,Fremantle,Paul Hasleby,3,0,13,0,0,0,4
2010,4,2010-04-18,Docklands,St Kilda,Fremantle,Fremantle,Roger Hayden,10,8,17,0,0,0,5
2010,4,2010-04-18,Docklands,St Kilda,Fremantle,Fremantle,Des Headland,4,3,4,0,0,0,2
2010,4,2010-04-18,Docklands,St Kilda,Fremantle,Fremantle,Stephen Hill,9,3,11,2,0,1,5
2010,4,2010-04-18,Docklands,St Kilda,Fremantle,Fremantle,Michael Johnson,8,6,9,0,1,2,0
2010,4,2010-04-18,Docklands,St Kilda,Fremantle,Fremantle,Chris Mayne,5,6,6,1,0,0,1
2010,4,2010-04-18,Docklands,St Kilda,Fremantle,Fremantle,Luke McPharlin,12,9,11,0,0,0,2
2010,4,2010-04-18,Docklands,St Kilda,Fremantle,Fremantle,Adam McPhee,5,3,5,1,1,0,4
2010,4,2010-04-18,Docklands,St Kilda,Fremantle,Fremantle,Anthony Morabito,11,1,3,0,0,0,2
2010,4,2010-04-18,Docklands,St Kilda,Fremantle,Fremantle,David Mundy,14,3,13,2,0,0,3
2010,4,2010-04-18,Docklands,St Kilda,Fremantle,Fremantle,Matthew Pavlich,10,4,6,5,0,0,2
2010,4,2010-04-18,Docklands,St Kilda,Fremantle,Fremantle,Clancee Pearce,9,7,5,2,0,0,5
2010,4,2010-04-18,Docklands,St Kilda,Fremantle,Fremantle,Aaron Sandilands,10,7,12,0,0,36,1
2010,4,2010-04-18,Docklands,St Kilda,Fremantle,Fremantle,Alex Silvagni,14,8,7,0,0,0,2
2010,4,2010-04-18,Docklands,St Kilda,Fremantle,Fremantle,Chris Tarrant,6,6,9,0,0,0,3
2010,4,2010-04-18,Docklands,St Kilda,Fremantle,Fremantle,Jay van Berlo,3,0,5,0,0,0,3
2010,5,2010-04-23,Docklands,Western Bulldogs,Adelaide,Western Bulldogs,Dylan Addison,6,4,6,0,0,0,3
2010,5,2010-04-23,Docklands,Western Bulldogs,Adelaide,Western Bulldogs,Jason Akermanis,7,6,13,0,0,0,3
2010,5,2010-04-23,Docklands,Western Bulldogs,Adelaide,Western Bulldogs,Adam Cooney,13,5,12,0,0,0,5
2010,5,2010-04-23,Docklands,Western Bulldogs,Adelaide,Western Bulldogs,Daniel Cross,9,5,13,0,0,4,5
2010,5,2010-04-23,Docklands,Western Bulldogs,Adelaide,Western Bulldogs,Nathan Eagleton,15,9,7,3,2,0,2
2010,5,2010-04-23,Docklands,Western Bulldogs,Adelaide,Western Bulldogs,Andrejs Everitt,7,5,9,0,0,0,3
2010,5,2010-04-23,Docklands,Western Bulldogs,Adelaide,Western Bulldogs,Daniel Giansiracusa,21,4,14,1,1,0,3
2010,5,2010-04-23,Docklands,Western Bulldogs,Adelaide,Western Bulldogs,Lindsay Gilbee,20,12,6,0,0,0,4
2010,5,2010-04-23,Docklands,Western Bulldogs,Adelaide,Western Bulldogs,Jarrad Grant,3,1,11,2,0,0,3
2010,5,2010-04-23,Docklands,Western Bulldogs,Adelaide,Western Bulldogs,Ryan Griffen,17,5,15,2,0,0,3
2010,5,2010-04-23,Docklands,Western Bulldogs,Adelaide,Western Bulldogs,Mitch Hahn,10,4,11,2,2,0,4
2010,5,2010-04-23,Docklands,Western Bulldogs,Adelaide,Western Bulldogs,Barry Hall,10,8,2,5,2,0,2
2010,5,2010-04-23,Docklands,Western Bulldogs,Adelaide,Western Bulldogs,Jarrod Harbrow,14,6,5,0,0,0,2
2010,5,2010-04-23,Docklands,Western Bulldogs,Adelaide,Western Bulldogs,Shaun Higgins,10,4,7,1,0,0,7
2010,5,2010-04-23,Docklands,Western Bulldogs,Adelaide,Western Bulldogs,Ben Hudson,4,2,6,0,0,13,5
2010,5,2010-04-23,Docklands,Western Bulldogs,Adelaide,Western Bulldogs,Brad Johnson,16,6,8,0,0,0,0
2010,5,2010-04-23,Docklands,Western Bulldogs,Adelaide,Western Bulldogs,Brian Lake,13,10,5,0,0,1,0
2010,5,2010-04-23,Docklands,Western Bulldogs,Adelaide,Western Bulldogs,Brodie Moles,14,6,12,0,1,0,4
2010,5,2010-04-23,Docklands,Western Bulldogs,Adelaide,Western Bulldogs,Dale Morris,2,2,8,0,0,0,1
2010,5,2010-04-23,Docklands,Western Bulldogs,Adelaide,Western Bulldogs,Robert Murphy,11,6,8,1,1,0,1
2010,5,2010-04-23,Docklands,Western Bulldogs,Adelaide,Western Bulldogs,Jordan Roughead,3,4,6,1,2,9,3
2010,5,2010-04-23,Docklands,Western Bulldogs,Adelaide,Western Bulldogs,Tom Williams,10,7,8,0,0,0,1
2010,5,2010-04-23,Docklands,Western Bulldogs,Adelaide,Adelaide,Brett Burton,10,7,7,2,0,2,2
2010,5,2010-04-23,Docklands,Western Bulldogs,Adelaide,Adelaide,Myke Cook,8,5,10,0,1,1,6
2010,5,2010-04-23,Docklands,Western Bulldogs,Adelaide,Adelaide,Patrick Dangerfield,6,2,5,1,2,0,2
2010,5,2010-04-23,Docklands,Western Bulldogs,Adelaide,Adelaide,Phil Davis,8,6,11,0,0,0,2
2010,5,2010-04-23,Docklands,Western Bulldogs,Adelaide,Adelaide,Michael Doughty,7,6,12,0,0,0,2
2010,5,2010-04-23,Docklands,Western Bulldogs,Adelaide,Adelaide,Richard Douglas,8,3,11,0,1,0,0
2010,5,2010-04-23,Docklands,Western Bulldogs,Adelaide,Adelaide,Tyson Edwards,9,4,18,0,0,2,5
2010,5,2010-04-23,Docklands,Western Bulldogs,Adelaide,Adelaide,Simon Goodwin,8,4,13,0,0,0,5
2010,5,2010-04-23,Docklands,Western Bulldogs,Adelaide,Adelaide,Ricky Henderson,5,4,1,0,0,0,1
2010,5,2010-04-23,Docklands,Western Bulldogs,Adelaide,Adelaide,Graham Johncock,7,3,19,0,0,0,3
2010,5,2010-04-23,Docklands,Western Bulldogs,Adelaide,Adelaide,Chris Knights,5,3,12,1,0,0,3
2010,5,2010-04-23,Docklands,Western Bulldogs,Adelaide,Adelaide,Ivan Maric,3,3,7,0,1,19,4
2010,5,2010-04-23,Docklands,Western Bulldogs,Adelaide,Adelaide,Andrew McLeod,10,2,14,0,0,0,1
2010,5,2010-04-23,Docklands,Western Bulldogs,Adelaide,Adelaide,Jared Petrenko,1,1,6,0,0,0,5
2010,5,2010-04-23,Docklands,Western Bulldogs,Adelaide,Adelaide,Jason Porplyzia,8,6,4,2,1,0,5
2010,5,2010-04-23,Docklands,Western Bulldogs,Adelaide,Adelaide,Brent Reilly,12,9,13,0,0,0,3
2010,5,2010-04-23,Docklands,Western Bulldogs,Adelaide,Adelaide,Ben Rutten,6,5,13,0,0,0,1
2010,5,2010-04-23,Docklands,Western Bulldogs,Adelaide,Adelaide,Chris Schmidt,8,7,7,0,0,0,2
2010,5,2010-04-23,Docklands,Western Bulldogs,Adelaide,Adelaide,Scott Thompson,11,4,20,0,0,0,7
2010,5,2010-04-23,Docklands,Western Bulldogs,Adelaide,Adelaide,Kurt Tippett,6,6,1,3,1,11,0
2010,5,2010-04-23,Docklands,Western Bulldogs,Adelaide,Adelaide,Nathan van Berlo,5,2,10,0,0,0,4
2010,5,2010-04-23,Docklands,Western Bulldogs,Adelaide,Adelaide,Bernie Vince,14,6,13,1,0,0,2
2010,5,2010-04-24,S.C.G.,Sydney,West Coast,Sydney,Craig Bolton,3,3,8,0,0,0,3
2010,5,2010-04-24,S.C.G.,Sydney,West Coast,Sydney,Jude Bolton,9,4,16,1,0,0,5
2010,5,2010-04-24,S.C.G.,Sydney,West Coast,Sydney,Daniel Bradshaw,9,8,3,6,2,0,0
2010,5,2010-04-24,S.C.G.,Sydney,West Coast,Sydney,Adam Goodes,13,6,8,2,0,0,3
2010,5,2010-04-24,S.C.G.,Sydney,West Coast,Sydney,Heath Grundy,13,9,13,0,0,0,1
2010,5,2010-04-24,S.C.G.,Sydney,West Coast,Sydney,Dan Hannebery,5,1,11,0,0,0,1
2010,5,2010-04-24,S.C.G.,Sydney,West Coast,Sydney,Kieren Jack,13,3,12,1,1,0,5
2010,5,2010-04-24,S.C.G.,Sydney,West Coast,Sydney,Lewis Jetta,11,5,5,0,1,0,4
2010,5,2010-04-24,S.C.G.,Sydney,West Coast,Sydney,Josh Kennedy,8,1,10,1,0,0,5
2010,5,2010-04-24,S.C.G.,Sydney,West Coast,Sydney,Tadhg Kennelly,12,6,12,0,0,0,0
2010,5,2010-04-24,S.C.G.,Sydney,West Coast,Sydney,Brett Kirk,10,3,8,1,1,0,6
2010,5,2010-04-24,S.C.G.,Sydney,West Coast,Sydney,Nick Malceski,19,5,11,0,0,0,3
2010,5,2010-04-24,S.C.G.,Sydney,West Coast,Sydney,Martin Mattner,5,1,14,1,0,0,3
2010,5,2010-04-24,S.C.G.,Sydney,West Coast,Sydney,Jarrad McVeigh,13,6,10,1,1,0,4
2010,5,2010-04-24,S.C.G.,Sydney,West Coast,Sydney,Jarred Moore,7,3,9,0,0,0,4
2010,5,2010-04-24,S.C.G.,Sydney,West Coast,Sydney,Shane Mumford,2,0,12,0,0,18,0
2010,5,2010-04-24,S.C.G.,Sydney,West Coast,Sydney,Ryan OKeefe,17,7,10,0,1,1,4
2010,5,2010-04-24,S.C.G.,Sydney,West Coast,Sydney,Lewis Roberts-Thomson,9,4,8,0,0,0,3
2010,5,2010-04-24,S.C.G.,Sydney,West Coast,Sydney,Mark Seaby,5,5,6,0,1,10,3
2010,5,2010-04-24,S.C.G.,Sydney,West Coast,Sydney,Rhyce Shaw,14,5,5,1,1,0,4
2010,5,2010-04-24,S.C.G.,Sydney,West Coast,Sydney,Nick Smith,5,5,10,0,0,0,3
2010,5,2010-04-24,S.C.G.,Sydney,West Coast,Sydney,Jesse White,5,5,6,2,1,0,0
2010,5,2010-04-24,S.C.G.,Sydney,West Coast,West Coast,Mitch Brown,3,2,1,0,0,0,1
2010,5,2010-04-24,S.C.G.,Sydney,West Coast,West Coast,Dean Cox,12,6,3,1,0,27,3
2010,5,2010-04-24,S.C.G.,Sydney,West Coast,West Coast,Bradd Dalziell,8,4,8,0,0,0,5
2010,5,2010-04-24,S.C.G.,Sydney,West Coast,West Coast,Brad Ebert,7,5,6,0,0,0,2
2010,5,2010-04-24,S.C.G.,Sydney,West Coast,West Coast,Andrew Embley,10,6,4,0,0,1,6
2010,5,2010-04-24,S.C.G.,Sydney,West Coast,West Coast,Darren Glass,3,2,1,0,0,0,0
2010,5,2010-04-24,S.C.G.,Sydney,West Coast,West Coast,Ashton Hams,9,4,3,1,0,0,4
2010,5,2010-04-24,S.C.G.,Sydney,West Coast,West Coast,Shannon Hurn,10,4,5,1,1,0,2
2010,5,2010-04-24,S.C.G.,Sydney,West Coast,West Coast,Brett Jones,7,4,9,0,0,0,3
2010,5,2010-04-24,S.C.G.,Sydney,West Coast,West Coast,Josh Kennedy,9,7,2,3,1,0,1
2010,5,2010-04-24,S.C.G.,Sydney,West Coast,West Coast,Mark LeCras,9,6,1,0,1,0,0
2010,5,2010-04-24,S.C.G.,Sydney,West Coast,West Coast,Chris Masten,2,0,10,1,0,0,4
2010,5,2010-04-24,S.C.G.,Sydney,West Coast,West Coast,Patrick McGinnity,6,2,1,0,0,0,1
2010,5,2010-04-24,S.C.G.,Sydney,West Coast,West Coast,Nic Naitanui,2,0,3,1,0,14,7
2010,5,2010-04-24,S.C.G.,Sydney,West Coast,West Coast,Matt Priddis,10,1,7,1,0,0,8
2010,5,2010-04-24,S.C.G.,Sydney,West Coast,West Coast,Matt Rosa,14,8,2,0,0,0,1
2010,5,2010-04-24,S.C.G.,Sydney,West Coast,West Coast,Will Schofield,10,2,0,0,2,0,2
2010,5,2010-04-24,S.C.G.,Sydney,West Coast,West Coast,Adam Selwood,13,5,9,0,1,1,6
2010,5,2010-04-24,S.C.G.,Sydney,West Coast,West Coast,Scott Selwood,5,2,4,0,0,0,5
2010,5,2010-04-24,S.C.G.,Sydney,West Coast,West Coast,Matthew Spangher,10,7,5,0,1,0,1
2010,5,2010-04-24,S.C.G.,Sydney,West Coast,West Coast,Lewis Stevenson,8,4,4,0,0,0,3
2010,5,2010-04-24,S.C.G.,Sydney,West Coast,West Coast,Beau Waters,17,7,7,0,1,0,7
2010,5,2010-04-24,M.C.G.,Melbourne,Brisbane Lions,Melbourne,Clint Bartram,7,4,6,0,0,0,6
2010,5,2010-04-24,M.C.G.,Melbourne,Brisbane Lions,Melbourne,Matthew Bate,12,11,14,1,1,0,1
2010,5,2010-04-24,M.C.G.,Melbourne,Brisbane Lions,Melbourne,Jamie Bennell,2,1,7,0,0,0,3
2010,5,2010-04-24,M.C.G.,Melbourne,Brisbane Lions,Melbourne,Cameron Bruce,11,8,14,0,0,0,4
2010,5,2010-04-24,M.C.G.,Melbourne,Brisbane Lions,Melbourne,Aaron Davey,14,4,5,2,1,0,1
2010,5,2010-04-24,M.C.G.,Melbourne,Brisbane Lions,Melbourne,Lynden Dunn,9,3,7,0,1,4,1
2010,5,2010-04-24,M.C.G.,Melbourne,Brisbane Lions,Melbourne,James Frawley,8,6,6,0,0,0,1
2010,5,2010-04-24,M.C.G.,Melbourne,Brisbane Lions,Melbourne,Colin Garland,5,2,4,0,0,0,1
2010,5,2010-04-24,M.C.G.,Melbourne,Brisbane Lions,Melbourne,Brad Green,13,5,9,1,2,0,2
2010,5,2010-04-24,M.C.G.,Melbourne,Brisbane Lions,Melbourne,Jack Grimes,8,7,7,0,0,0,2
2010,5,2010-04-24,M.C.G.,Melbourne,Brisbane Lions,Melbourne,Mark Jamar,5,5,12,1,0,24,1
2010,5,2010-04-24,M.C.G.,Melbourne,Brisbane Lions,Melbourne,Nathan Jones,14,2,11,1,1,0,1
2010,5,2010-04-24,M.C.G.,Melbourne,Brisbane Lions,Melbourne,Joel Macdonald,7,4,11,0,0,0,4
2010,5,2010-04-24,M.C.G.,Melbourne,Brisbane Lions,Melbourne,Stefan Martin,4,2,5,0,1,13,0
2010,5,2010-04-24,M.C.G.,Melbourne,Brisbane Lions,Melbourne,James McDonald,12,4,10,1,0,0,7
2010,5,2010-04-24,M.C.G.,Melbourne,Brisbane Lions,Melbourne,Jordie McKenzie,7,3,15,1,0,0,6
2010,5,2010-04-24,M.C.G.,Melbourne,Brisbane Lions,Melbourne,Brent Moloney,13,3,18,0,1,0,5
2010,5,2010-04-24,M.C.G.,Melbourne,Brisbane Lions,Melbourne,Ricky Petterd,6,3,8,2,1,0,6
2010,5,2010-04-24,M.C.G.,Melbourne,Brisbane Lions,Melbourne,Tom Scully,6,1,8,1,0,0,2
2010,5,2010-04-24,M.C.G.,Melbourne,Brisbane Lions,Melbourne,Colin Sylvia,14,6,8,2,1,1,7
2010,5,2010-04-24,M.C.G.,Melbourne,Brisbane Lions,Melbourne,Jack Trengove,11,6,13,2,1,0,4
2010,5,2010-04-24,M.C.G.,Melbourne,Brisbane Lions,Melbourne,Matthew Warnock,6,1,1,0,0,0,1
2010,5,2010-04-24,M.C.G.,Melbourne,Brisbane Lions,Brisbane Lions,Todd Banfield,5,1,3,0,2,0,7
2010,5,2010-04-24,M.C.G.,Melbourne,Brisbane Lions,Brisbane Lions,Simon Black,13,5,19,0,0,0,5
2010,5,2010-04-24,M.C.G.,Melbourne,Brisbane Lions,Brisbane Lions,Jared Brennan,9,3,11,0,0,0,4
2010,5,2010-04-24,M.C.G.,Melbourne,Brisbane Lions,Brisbane Lions,Jonathan Brown,6,6,2,1,1,0,0
2010,5,2010-04-24,M.C.G.,Melbourne,Brisbane Lions,Brisbane Lions,Mitch Clark,9,4,4,1,0,12,5
2010,5,2010-04-24,M.C.G.,Melbourne,Brisbane Lions,Brisbane Lions,Josh Drummond,15,4,5,1,0,0,5
2010,5,2010-04-24,M.C.G.,Melbourne,Brisbane Lions,Brisbane Lions,Brendan Fevola,12,7,0,4,1,0,3
2010,5,2010-04-24,M.C.G.,Melbourne,Brisbane Lions,Brisbane Lions,James Hawksley,10,8,11,0,0,0,1
2010,5,2010-04-24,M.C.G.,Melbourne,Brisbane Lions,Brisbane Lions,Travis Johnstone,15,6,14,0,0,0,5
2010,5,2010-04-24,M.C.G.,Melbourne,Brisbane Lions,Brisbane Lions,Matthew Leuenberger,8,4,12,0,0,18,5
2010,5,2010-04-24,M.C.G.,Melbourne,Brisbane Lions,Brisbane Lions,Matt Maguire,11,7,9,0,0,0,5
2010,5,2010-04-24,M.C.G.,Melbourne,Brisbane Lions,Brisbane Lions,Ashley McGrath,6,3,6,0,0,0,4
2010,5,2010-04-24,M.C.G.,Melbourne,Brisbane Lions,Brisbane Lions,Daniel Merrett,0,0,2,0,0,0,3
2010,5,2010-04-24,M.C.G.,Melbourne,Brisbane Lions,Brisbane Lions,Joel Patfull,8,6,3,0,0,0,10
2010,5,2010-04-24,M.C.G.,Melbourne,Brisbane Lions,Brisbane Lions,James Polkinghorne,9,4,6,0,1,0,5
2010,5,2010-04-24,M.C.G.,Melbourne,Brisbane Lions,Brisbane Lions,Albert Proud,0,1,7,0,0,0,4
2010,5,2010-04-24,M.C.G.,Melbourne,Brisbane Lions,Brisbane Lions,Andrew Raines,8,3,13,0,0,0,2
2010,5,2010-04-24,M.C.G.,Melbourne,Brisbane Lions,Brisbane Lions,Jack Redden,7,3,7,0,0,0,5
2010,5,2010-04-24,M.C.G.,Melbourne,Brisbane Lions,Brisbane Lions,Daniel Rich,11,2,2,0,2,0,3
2010,5,2010-04-24,M.C.G.,Melbourne,Brisbane Lions,Brisbane Lions,Michael Rischitelli,12,6,13,0,0,0,5
2010,5,2010-04-24,M.C.G.,Melbourne,Brisbane Lions,Brisbane Lions,Tom Rockliff,6,2,8,0,0,0,3
2010,5,2010-04-24,M.C.G.,Melbourne,Brisbane Lions,Brisbane Lions,Brent Staker,8,2,5,0,2,0,5
2010,5,2010-04-24,Football Park,Port Adelaide,St Kilda,Port Adelaide,Travis Boak,11,3,10,0,1,0,6
2010,5,2010-04-24,Football Park,Port Adelaide,St Kilda,Port Adelaide,Dean Brogan,3,4,6,0,0,26,6
2010,5,2010-04-24,Football Park,Port Adelaide,St Kilda,Port Adelaide,Alipate Carlile,9,8,8,0,0,0,1
2010,5,2010-04-24,Football Park,Port Adelaide,St Kilda,Port Adelaide,Josh Carr,7,3,14,0,0,0,3
2010,5,2010-04-24,Football Park,Port Adelaide,St Kilda,Port Adelaide,Domenic Cassisi,17,10,11,0,0,0,5
2010,5,2010-04-24,Football Park,Port Adelaide,St Kilda,Port Adelaide,Troy Chaplin,20,12,12,0,0,0,3
2010,5,2010-04-24,Football Park,Port Adelaide,St Kilda,Port Adelaide,Chad Cornes,11,7,17,0,0,0,0
2010,5,2010-04-24,Football Park,Port Adelaide,St Kilda,Port Adelaide,Kane Cornes,13,7,9,0,0,0,5
2010,5,2010-04-24,Football Park,Port Adelaide,St Kilda,Port Adelaide,Brett Ebert,11,6,4,2,4,0,2
2010,5,2010-04-24,Football Park,Port Adelaide,St Kilda,Port Adelaide,Robbie Gray,2,2,11,0,1,0,4
2010,5,2010-04-24,Football Park,Port Adelaide,St Kilda,Port Adelaide,Hamish Hartlett,11,6,6,0,0,0,2
2010,5,2010-04-24,Football Park,Port Adelaide,St Kilda,Port Adelaide,Matthew Lobbe,0,0,3,0,0,10,3
2010,5,2010-04-24,Football Park,Port Adelaide,St Kilda,Port Adelaide,Tom Logan,6,5,8,0,0,0,4
2010,5,2010-04-24,Football Park,Port Adelaide,St Kilda,Port Adelaide,Danyle Pearce,13,3,10,0,1,0,6
2010,5,2010-04-24,Football Park,Port Adelaide,St Kilda,Port Adelaide,David Rodan,11,4,16,1,0,0,6
2010,5,2010-04-24,Football Park,Port Adelaide,St Kilda,Port Adelaide,Steven Salopek,17,5,6,0,1,0,3
2010,5,2010-04-24,Football Park,Port Adelaide,St Kilda,Port Adelaide,Jay Schulz,5,4,3,2,1,1,5
2010,5,2010-04-24,Football Park,Port Adelaide,St Kilda,Port Adelaide,Paul Stewart,16,5,9,0,0,0,2
2010,5,2010-04-24,Football Park,Port Adelaide,St Kilda,Port Adelaide,Jacob Surjan,10,6,9,0,0,0,4
2010,5,2010-04-24,Football Park,Port Adelaide,St Kilda,Port Adelaide,Matt Thomas,3,1,19,0,0,3,8
2010,5,2010-04-24,Football Park,Port Adelaide,St Kilda,Port Adelaide,Warren Tredrea,7,2,3,2,0,0,1
2010,5,2010-04-24,Football Park,Port Adelaide,St Kilda,Port Adelaide,Justin Westhoff,11,5,5,0,1,1,3
2010,5,2010-04-24,Football Park,Port Adelaide,St Kilda,St Kilda,David Armitage,7,4,8,0,0,0,4
2010,5,2010-04-24,Football Park,Port Adelaide,St Kilda,St Kilda,Steven Baker,7,5,8,0,0,0,4
2010,5,2010-04-24,Football Park,Port Adelaide,St Kilda,St Kilda,Jason Blake,8,8,10,0,0,1,1
2010,5,2010-04-24,Football Park,Port Adelaide,St Kilda,St Kilda,Raphael Clarke,6,1,7,0,0,0,4
2010,5,2010-04-24,Football Park,Port Adelaide,St Kilda,St Kilda,Nick Dal Santo,11,2,7,0,1,3,4
2010,5,2010-04-24,Football Park,Port Adelaide,St Kilda,St Kilda,Zac Dawson,2,2,10,0,0,0,3
2010,5,2010-04-24,Football Park,Port Adelaide,St Kilda,St Kilda,Robert Eddy,6,2,9,0,0,0,5
2010,5,2010-04-24,Football Park,Port Adelaide,St Kilda,St Kilda,Sam Fisher,14,7,13,1,0,0,1
2010,5,2010-04-24,Football Park,Port Adelaide,St Kilda,St Kilda,Michael Gardiner,4,4,3,0,0,10,3
2010,5,2010-04-24,Football Park,Port Adelaide,St Kilda,St Kilda,Jarryn Geary,8,3,11,0,0,0,4
2010,5,2010-04-24,Football Park,Port Adelaide,St Kilda,St Kilda,Sam Gilbert,17,10,7,0,0,0,3
2010,5,2010-04-24,Football Park,Port Adelaide,St Kilda,St Kilda,Brendon Goddard,7,3,13,0,0,1,2
2010,5,2010-04-24,Football Park,Port Adelaide,St Kilda,St Kilda,James Gwilt,9,3,9,1,1,0,3
2010,5,2010-04-24,Football Park,Port Adelaide,St Kilda,St Kilda,Lenny Hayes,16,3,7,0,0,2,11
2010,5,2010-04-24,Football Park,Port Adelaide,St Kilda,St Kilda,Clinton Jones,12,3,20,0,0,0,8
2010,5,2010-04-24,Football Park,Port Adelaide,St Kilda,St Kilda,Steven King,2,3,4,0,0,16,2
2010,5,2010-04-24,Football Park,Port Adelaide,St Kilda,St Kilda,Justin Koschitzke,3,4,8,0,1,2,3
2010,5,2010-04-24,Football Park,Port Adelaide,St Kilda,St Kilda,Andrew McQualter,3,3,10,0,1,0,2
2010,5,2010-04-24,Football Park,Port Adelaide,St Kilda,St Kilda,Stephen Milne,8,4,5,1,1,0,0
2010,5,2010-04-24,Football Park,Port Adelaide,St Kilda,St Kilda,Leigh Montagna,17,4,19,0,0,0,6
2010,5,2010-04-24,Football Park,Port Adelaide,St Kilda,St Kilda,Brett Peake,11,6,7,0,0,1,6
2010,5,2010-04-24,Football Park,Port Adelaide,St Kilda,St Kilda,Adam Schneider,16,5,8,3,0,0,3
2010,5,2010-04-25,M.C.G.,Collingwood,Essendon,Collingwood,Luke Ball,9,1,8,0,0,0,9
2010,5,2010-04-25,M.C.G.,Collingwood,Essendon,Collingwood,Dayne Beams,16,8,7,1,1,0,3
2010,5,2010-04-25,M.C.G.,Collingwood,Essendon,Collingwood,Nathan Brown,4,3,4,0,0,0,4
2010,5,2010-04-25,M.C.G.,Collingwood,Essendon,Collingwood,Travis Cloke,13,7,4,4,1,0,1
2010,5,2010-04-25,M.C.G.,Collingwood,Essendon,Collingwood,Leon Davis,8,2,1,0,2,0,6
2010,5,2010-04-25,M.C.G.,Collingwood,Essendon,Collingwood,Chris Dawes,8,6,7,2,1,0,3
2010,5,2010-04-25,M.C.G.,Collingwood,Essendon,Collingwood,Alan Didak,20,3,7,1,0,0,5
2010,5,2010-04-25,M.C.G.,Collingwood,Essendon,Collingwood,Josh Fraser,10,8,9,3,0,10,1
2010,5,2010-04-25,M.C.G.,Collingwood,Essendon,Collingwood,Ben Johnson,17,3,10,1,0,0,3
2010,5,2010-04-25,M.C.G.,Collingwood,Essendon,Collingwood,Darren Jolly,6,6,6,0,0,21,1
2010,5,2010-04-25,M.C.G.,Collingwood,Essendon,Collingwood,Heritier Lumumba,14,4,6,0,0,0,2
2010,5,2010-04-25,M.C.G.,Collingwood,Essendon,Collingwood,Brent Macaffer,4,1,7,0,0,0,2
2010,5,2010-04-25,M.C.G.,Collingwood,Essendon,Collingwood,Nick Maxwell,8,2,10,0,0,0,0
2010,5,2010-04-25,M.C.G.,Collingwood,Essendon,Collingwood,Paul Medhurst,5,2,4,1,0,0,4
2010,5,2010-04-25,M.C.G.,Collingwood,Essendon,Collingwood,Scott Pendlebury,8,1,21,1,0,0,5
2010,5,2010-04-25,M.C.G.,Collingwood,Essendon,Collingwood,Ben Reid,4,0,4,0,0,0,0
2010,5,2010-04-25,M.C.G.,Collingwood,Essendon,Collingwood,Heath Shaw,14,8,11,0,1,0,1
2010,5,2010-04-25,M.C.G.,Collingwood,Essendon,Collingwood,Steele Sidebottom,9,5,7,0,0,0,5
2010,5,2010-04-25,M.C.G.,Collingwood,Essendon,Collingwood,Dane Swan,11,6,14,0,2,0,1
2010,5,2010-04-25,M.C.G.,Collingwood,Essendon,Collingwood,Dale Thomas,14,7,10,1,2,0,1
2010,5,2010-04-25,M.C.G.,Collingwood,Essendon,Collingwood,Alan Toovey,8,3,8,1,0,0,9
2010,5,2010-04-25,M.C.G.,Collingwood,Essendon,Collingwood,Sharrod Wellingham,16,7,10,2,0,1,6
2010,5,2010-04-25,M.C.G.,Collingwood,Essendon,Essendon,Travis Colyer,4,4,10,0,0,0,2
2010,5,2010-04-25,M.C.G.,Collingwood,Essendon,Essendon,Courtenay Dempsey,10,2,4,2,2,0,5
2010,5,2010-04-25,M.C.G.,Collingwood,Essendon,Essendon,Ricky Dyson,8,3,8,0,0,0,5
2010,5,2010-04-25,M.C.G.,Collingwood,Essendon,Essendon,Dustin Fletcher,19,3,10,0,0,0,0
2010,5,2010-04-25,M.C.G.,Collingwood,Essendon,Essendon,Scott Gumbleton,12,10,6,2,1,0,2
2010,5,2010-04-25,M.C.G.,Collingwood,Essendon,Essendon,David Hille,8,7,14,0,1,18,0
2010,5,2010-04-25,M.C.G.,Collingwood,Essendon,Essendon,Heath Hocking,12,2,10,0,0,0,5
2010,5,2010-04-25,M.C.G.,Collingwood,Essendon,Essendon,Cale Hooker,5,3,12,1,0,0,2
2010,5,2010-04-25,M.C.G.,Collingwood,Essendon,Essendon,Michael Hurley,5,1,3,1,0,0,0
2010,5,2010-04-25,M.C.G.,Collingwood,Essendon,Essendon,Nathan Lovett-Murray,10,7,16,0,0,1,3
2010,5,2010-04-25,M.C.G.,Collingwood,Essendon,Essendon,Mark McVeigh,7,4,5,0,0,0,0
2010,5,2010-04-25,M.C.G.,Collingwood,Essendon,Essendon,Jake Melksham,4,4,5,0,0,0,2
2010,5,2010-04-25,M.C.G.,Collingwood,Essendon,Essendon,Angus Monfries,8,2,13,0,1,1,2
2010,5,2010-04-25,M.C.G.,Collingwood,Essendon,Essendon,Tayte Pears,12,5,11,0,0,0,2
2010,5,2010-04-25,M.C.G.,Collingwood,Essendon,Essendon,Kyle Reimers,10,3,8,1,0,0,1
2010,5,2010-04-25,M.C.G.,Collingwood,Essendon,Essendon,Paddy Ryder,5,3,2,0,1,9,4
2010,5,2010-04-25,M.C.G.,Collingwood,Essendon,Essendon,Henry Slattery,6,1,6,0,0,0,4
2010,5,2010-04-25,M.C.G.,Collingwood,Essendon,Essendon,Brent Stanton,21,9,13,0,0,0,6
2010,5,2010-04-25,M.C.G.,Collingwood,Essendon,Essendon,Jobe Watson,13,3,19,0,0,0,2
2010,5,2010-04-25,M.C.G.,Collingwood,Essendon,Essendon,Andrew Welsh,2,3,11,0,0,0,6
2010,5,2010-04-25,M.C.G.,Collingwood,Essendon,Essendon,Jason Winderlich,7,4,4,0,0,0,2
2010,5,2010-04-25,M.C.G.,Collingwood,Essendon,Essendon,David Zaharakis,7,3,8,1,1,0,3
2010,5,2010-04-25,York Park,Hawthorn,North Melbourne,Hawthorn,Chance Bateman,3,3,10,0,0,1,4
2010,5,2010-04-25,York Park,Hawthorn,North Melbourne,Hawthorn,Grant Birchall,14,11,13,0,0,0,1
2010,5,2010-04-25,York Park,Hawthorn,North Melbourne,Hawthorn,Campbell Brown,8,2,5,1,0,0,4
2010,5,2010-04-25,York Park,Hawthorn,North Melbourne,Hawthorn,Xavier Ellis,10,6,10,0,1,2,5
2010,5,2010-04-25,York Park,Hawthorn,North Melbourne,Hawthorn,Lance Franklin,11,6,2,5,2,0,2
2010,5,2010-04-25,York Park,Hawthorn,North Melbourne,Hawthorn,Stephen Gilham,16,11,3,0,0,0,3
2010,5,2010-04-25,York Park,Hawthorn,North Melbourne,Hawthorn,Brent Guerra,16,9,12,0,0,0,4
2010,5,2010-04-25,York Park,Hawthorn,North Melbourne,Hawthorn,Luke Hodge,17,2,16,0,1,6,4
2010,5,2010-04-25,York Park,Hawthorn,North Melbourne,Hawthorn,Jarrod Kayler-Thomson,14,7,12,1,2,0,2
2010,5,2010-04-25,York Park,Hawthorn,North Melbourne,Hawthorn,Rick Ladson,12,5,7,0,1,0,0
2010,5,2010-04-25,York Park,Hawthorn,North Melbourne,Hawthorn,Jordan Lewis,15,9,9,0,0,3,5
2010,5,2010-04-25,York Park,Hawthorn,North Melbourne,Hawthorn,Tom Murphy,4,3,5,0,0,0,1
2010,5,2010-04-25,York Park,Hawthorn,North Melbourne,Hawthorn,Michael Osborne,8,3,4,1,0,1,2
2010,5,2010-04-25,York Park,Hawthorn,North Melbourne,Hawthorn,Carl Peterson,4,2,3,0,1,1,1
2010,5,2010-04-25,York Park,Hawthorn,North Melbourne,Hawthorn,Cyril Rioli,5,3,3,1,0,0,4
2010,5,2010-04-25,York Park,Hawthorn,North Melbourne,Hawthorn,Jarryd Roughead,5,2,9,1,1,12,2
2010,5,2010-04-25,York Park,Hawthorn,North Melbourne,Hawthorn,Ryan Schoenmakers,6,3,3,0,0,2,3
2010,5,2010-04-25,York Park,Hawthorn,North Melbourne,Hawthorn,Brad Sewell,3,2,15,0,1,0,10
2010,5,2010-04-25,York Park,Hawthorn,North Melbourne,Hawthorn,Liam Shiels,9,6,3,0,0,0,1
2010,5,2010-04-25,York Park,Hawthorn,North Melbourne,Hawthorn,Ben Stratton,16,14,5,0,0,0,1
2010,5,2010-04-25,York Park,Hawthorn,North Melbourne,Hawthorn,Brendan Whitecross,6,6,5,0,0,0,2
2010,5,2010-04-25,York Park,Hawthorn,North Melbourne,Hawthorn,Clinton Young,5,2,5,0,0,0,2
2010,5,2010-04-25,York Park,Hawthorn,North Melbourne,North Melbourne,Leigh Adams,8,3,7,1,0,0,6
2010,5,2010-04-25,York Park,Hawthorn,North Melbourne,North Melbourne,Liam Anthony,12,3,12,0,0,0,3
2010,5,2010-04-25,York Park,Hawthorn,North Melbourne,North Melbourne,Ryan Bastinac,7,3,8,0,0,0,4
2010,5,2010-04-25,York Park,Hawthorn,North Melbourne,North Melbourne,Ben Cunnington,2,2,10,0,0,0,4
2010,5,2010-04-25,York Park,Hawthorn,North Melbourne,North Melbourne,Aaron Edwards,7,0,2,2,1,0,3
2010,5,2010-04-25,York Park,Hawthorn,North Melbourne,North Melbourne,Michael Firrito,12,3,9,0,0,0,2
2010,5,2010-04-25,York Park,Hawthorn,North Melbourne,North Melbourne,Todd Goldstein,6,3,8,0,0,28,4
2010,5,2010-04-25,York Park,Hawthorn,North Melbourne,North Melbourne,Levi Greenwood,5,2,6,0,0,0,8
2010,5,2010-04-25,York Park,Hawthorn,North Melbourne,North Melbourne,Nathan Grima,7,2,1,0,0,0,2
2010,5,2010-04-25,York Park,Hawthorn,North Melbourne,North Melbourne,David Hale,5,3,2,3,1,0,3
2010,5,2010-04-25,York Park,Hawthorn,North Melbourne,North Melbourne,Lachlan Hansen,7,6,5,0,0,0,2
2010,5,2010-04-25,York Park,Hawthorn,North Melbourne,North Melbourne,Brent Harvey,14,5,6,0,2,0,9
2010,5,2010-04-25,York Park,Hawthorn,North Melbourne,North Melbourne,Hamish McIntosh,8,5,5,0,0,29,3
2010,5,2010-04-25,York Park,Hawthorn,North Melbourne,North Melbourne,Scott McMahon,9,5,4,0,0,0,5
2010,5,2010-04-25,York Park,Hawthorn,North Melbourne,North Melbourne,Brady Rawlings,11,4,10,1,0,0,0
2010,5,2010-04-25,York Park,Hawthorn,North Melbourne,North Melbourne,Andrew Swallow,8,2,7,1,0,0,13
2010,5,2010-04-25,York Park,Hawthorn,North Melbourne,North Melbourne,Lindsay Thomas,8,1,2,0,1,0,6
2010,5,2010-04-25,York Park,Hawthorn,North Melbourne,North Melbourne,Scott Thompson,6,5,6,0,0,0,2
2010,5,2010-04-25,York Park,Hawthorn,North Melbourne,North Melbourne,Gavin Urquhart,10,3,3,0,0,0,0
2010,5,2010-04-25,York Park,Hawthorn,North Melbourne,North Melbourne,Ben Warren,7,5,4,1,1,0,5
2010,5,2010-04-25,York Park,Hawthorn,North Melbourne,North Melbourne,Daniel Wells,18,7,2,3,1,0,0
2010,5,2010-04-25,York Park,Hawthorn,North Melbourne,North Melbourne,Jack Ziebell,3,2,9,0,0,0,9
2010,5,2010-04-25,Subiaco,Fremantle,Richmond,Fremantle,Hayden Ballantyne,14,5,1,3,2,0,3
2010,5,2010-04-25,Subiaco,Fremantle,Richmond,Fremantle,Michael Barlow,16,8,16,0,0,0,2
2010,5,2010-04-25,Subiaco,Fremantle,Richmond,Fremantle,Greg Broughton,12,4,16,0,0,0,3
2010,5,2010-04-25,Subiaco,Fremantle,Richmond,Fremantle,Ryan Crowley,9,3,5,1,1,1,7
2010,5,2010-04-25,Subiaco,Fremantle,Richmond,Fremantle,Matt de Boer,4,3,2,1,2,0,1
2010,5,2010-04-25,Subiaco,Fremantle,Richmond,Fremantle,Paul Duffield,11,3,7,1,0,0,4
2010,5,2010-04-25,Subiaco,Fremantle,Richmond,Fremantle,Nat Fyfe,10,6,3,1,4,0,2
2010,5,2010-04-25,Subiaco,Fremantle,Richmond,Fremantle,Paul Hasleby,10,3,10,1,1,0,6
2010,5,2010-04-25,Subiaco,Fremantle,Richmond,Fremantle,Roger Hayden,8,5,7,0,0,0,0
2010,5,2010-04-25,Subiaco,Fremantle,Richmond,Fremantle,Stephen Hill,7,2,6,1,1,0,2
2010,5,2010-04-25,Subiaco,Fremantle,Richmond,Fremantle,Michael Johnson,4,3,5,0,0,0,0
2010,5,2010-04-25,Subiaco,Fremantle,Richmond,Fremantle,Chris Mayne,6,5,7,0,1,0,4
2010,5,2010-04-25,Subiaco,Fremantle,Richmond,Fremantle,Luke McPharlin,6,7,8,0,0,0,3
2010,5,2010-04-25,Subiaco,Fremantle,Richmond,Fremantle,Adam McPhee,13,5,13,0,2,0,3
2010,5,2010-04-25,Subiaco,Fremantle,Richmond,Fremantle,Anthony Morabito,6,3,8,0,0,0,2
2010,5,2010-04-25,Subiaco,Fremantle,Richmond,Fremantle,David Mundy,11,4,17,0,1,1,5
2010,5,2010-04-25,Subiaco,Fremantle,Richmond,Fremantle,Matthew Pavlich,9,5,7,4,2,0,3
2010,5,2010-04-25,Subiaco,Fremantle,Richmond,Fremantle,Clancee Pearce,3,2,3,0,0,0,3
2010,5,2010-04-25,Subiaco,Fremantle,Richmond,Fremantle,Aaron Sandilands,9,4,7,2,1,42,0
2010,5,2010-04-25,Subiaco,Fremantle,Richmond,Fremantle,Alex Silvagni,9,6,1,0,0,2,4
2010,5,2010-04-25,Subiaco,Fremantle,Richmond,Fremantle,Chris Tarrant,5,3,3,0,1,0,1
2010,5,2010-04-25,Subiaco,Fremantle,Richmond,Fremantle,Jay van Berlo,4,2,10,0,1,0,4
2010,5,2010-04-25,Subiaco,Fremantle,Richmond,Richmond,David Astbury,3,1,3,0,0,0,1
2010,5,2010-04-25,Subiaco,Fremantle,Richmond,Richmond,Andrew Collins,5,3,19,0,0,1,2
2010,5,2010-04-25,Subiaco,Fremantle,Richmond,Richmond,Trent Cotchin,11,2,9,0,0,1,3
2010,5,2010-04-25,Subiaco,Fremantle,Richmond,Richmond,Ben Cousins,7,3,16,0,0,0,2
2010,5,2010-04-25,Subiaco,Fremantle,Richmond,Richmond,Matt Dea,7,4,9,0,0,0,5
2010,5,2010-04-25,Subiaco,Fremantle,Richmond,Richmond,Brett Deledio,14,6,10,0,0,0,1
2010,5,2010-04-25,Subiaco,Fremantle,Richmond,Richmond,Shane Edwards,9,2,10,0,1,0,5
2010,5,2010-04-25,Subiaco,Fremantle,Richmond,Richmond,Mitch Farmer,6,2,9,0,0,0,3
2010,5,2010-04-25,Subiaco,Fremantle,Richmond,Richmond,Nathan Foley,4,0,21,0,0,0,6
2010,5,2010-04-25,Subiaco,Fremantle,Richmond,Richmond,Dustin Martin,10,1,11,1,0,0,5
2010,5,2010-04-25,Subiaco,Fremantle,Richmond,Richmond,Luke McGuane,3,3,9,0,0,0,2
2010,5,2010-04-25,Subiaco,Fremantle,Richmond,Richmond,Kelvin Moore,6,2,3,0,0,0,3
2010,5,2010-04-25,Subiaco,Fremantle,Richmond,Richmond,Robin Nahas,11,4,7,3,1,0,7
2010,5,2010-04-25,Subiaco,Fremantle,Richmond,Richmond,Ben Nason,8,4,4,0,1,0,4
2010,5,2010-04-25,Subiaco,Fremantle,Richmond,Richmond,Chris Newman,17,7,3,0,0,0,0
2010,5,2010-04-25,Subiaco,Fremantle,Richmond,Richmond,Alex Rance,8,4,4,3,0,0,4
2010,5,2010-04-25,Subiaco,Fremantle,Richmond,Richmond,Jack Riewoldt,6,4,3,2,0,0,5
2010,5,2010-04-25,Subiaco,Fremantle,Richmond,Richmond,Troy Simmonds,6,4,8,0,1,13,3
2010,5,2010-04-25,Subiaco,Fremantle,Richmond,Richmond,Richard Tambling,3,2,4,0,1,1,3
2010,5,2010-04-25,Subiaco,Fremantle,Richmond,Richmond,Troy Taylor,4,1,2,1,1,0,0
2010,5,2010-04-25,Subiaco,Fremantle,Richmond,Richmond,Shane Tuck,14,5,15,1,1,0,2
2010,5,2010-04-25,Subiaco,Fremantle,Richmond,Richmond,Ty Vickery,4,1,4,0,0,6,2
2010,5,2010-04-26,M.C.G.,Carlton,Geelong,Carlton,Dennis Armfield,8,5,10,0,0,0,1
2010,5,2010-04-26,M.C.G.,Carlton,Geelong,Carlton,Eddie Betts,12,8,3,2,0,0,2
2010,5,2010-04-26,M.C.G.,Carlton,Geelong,Carlton,Andrew Carrazzo,17,8,10,0,0,0,3
2010,5,2010-04-26,M.C.G.,Carlton,Geelong,Carlton,Jeff Garlett,12,7,6,3,2,0,1
2010,5,2010-04-26,M.C.G.,Carlton,Geelong,Carlton,Bryce Gibbs,16,4,12,0,0,0,5
2010,5,2010-04-26,M.C.G.,Carlton,Geelong,Carlton,Lachie Henderson,1,1,3,0,0,0,2
2010,5,2010-04-26,M.C.G.,Carlton,Geelong,Carlton,Ryan Houlihan,7,4,10,2,0,0,2
2010,5,2010-04-26,M.C.G.,Carlton,Geelong,Carlton,Michael Jamison,5,4,3,0,0,0,0
2010,5,2010-04-26,M.C.G.,Carlton,Geelong,Carlton,Aaron Joseph,4,3,6,0,0,0,6
2010,5,2010-04-26,M.C.G.,Carlton,Geelong,Carlton,Chris Judd,14,3,13,1,1,0,5
2010,5,2010-04-26,M.C.G.,Carlton,Geelong,Carlton,Matthew Kreuzer,5,2,6,1,2,12,6
2010,5,2010-04-26,M.C.G.,Carlton,Geelong,Carlton,Kane Lucas,7,5,4,0,0,0,2
2010,5,2010-04-26,M.C.G.,Carlton,Geelong,Carlton,Brock McLean,9,2,8,0,0,0,8
2010,5,2010-04-26,M.C.G.,Carlton,Geelong,Carlton,Marc Murphy,10,4,7,2,0,0,5
2010,5,2010-04-26,M.C.G.,Carlton,Geelong,Carlton,Setanta OhAilpin,6,4,4,1,3,1,1
2010,5,2010-04-26,M.C.G.,Carlton,Geelong,Carlton,Jordan Russell,12,10,9,0,0,0,5
2010,5,2010-04-26,M.C.G.,Carlton,Geelong,Carlton,Heath Scotland,14,7,12,1,1,0,3
2010,5,2010-04-26,M.C.G.,Carlton,Geelong,Carlton,Kade Simpson,12,5,12,0,2,0,3
2010,5,2010-04-26,M.C.G.,Carlton,Geelong,Carlton,Andrew Walker,10,3,8,0,0,0,0
2010,5,2010-04-26,M.C.G.,Carlton,Geelong,Carlton,Robert Warnock,1,1,6,0,0,10,4
2010,5,2010-04-26,M.C.G.,Carlton,Geelong,Carlton,Simon White,7,8,4,0,0,0,2
2010,5,2010-04-26,M.C.G.,Carlton,Geelong,Carlton,Chris Yarran,10,5,1,2,0,0,2
2010,5,2010-04-26,M.C.G.,Carlton,Geelong,Geelong,Gary Ablett,16,7,17,2,1,0,7
2010,5,2010-04-26,M.C.G.,Carlton,Geelong,Geelong,Jimmy Bartel,16,8,10,0,2,4,4
2010,5,2010-04-26,M.C.G.,Carlton,Geelong,Geelong,Mark Blake,1,2,5,0,0,14,0
2010,5,2010-04-26,M.C.G.,Carlton,Geelong,Geelong,Shannon Byrnes,5,2,3,0,0,0,0
2010,5,2010-04-26,M.C.G.,Carlton,Geelong,Geelong,Paul Chapman,21,3,7,0,1,0,4
2010,5,2010-04-26,M.C.G.,Carlton,Geelong,Geelong,Corey Enright,9,3,7,0,0,0,2
2010,5,2010-04-26,M.C.G.,Carlton,Geelong,Geelong,Tom Hawkins,0,4,8,0,0,0,0
2010,5,2010-04-26,M.C.G.,Carlton,Geelong,Geelong,Simon Hogan,5,3,5,1,0,0,0
2010,5,2010-04-26,M.C.G.,Carlton,Geelong,Geelong,Josh Hunt,8,3,3,0,0,0,1
2010,5,2010-04-26,M.C.G.,Carlton,Geelong,Geelong,Steve Johnson,6,1,6,1,1,0,0
2010,5,2010-04-26,M.C.G.,Carlton,Geelong,Geelong,James Kelly,7,3,11,1,0,0,10
2010,5,2010-04-26,M.C.G.,Carlton,Geelong,Geelong,Cameron Ling,7,3,10,0,0,0,3
2010,5,2010-04-26,M.C.G.,Carlton,Geelong,Geelong,Tom Lonergan,3,6,7,0,0,0,5
2010,5,2010-04-26,M.C.G.,Carlton,Geelong,Geelong,Andrew Mackie,12,6,7,0,0,0,1
2010,5,2010-04-26,M.C.G.,Carlton,Geelong,Geelong,Darren Milburn,16,8,9,1,0,0,1
2010,5,2010-04-26,M.C.G.,Carlton,Geelong,Geelong,Cameron Mooney,3,1,3,1,0,0,1
2010,5,2010-04-26,M.C.G.,Carlton,Geelong,Geelong,Brad Ottens,1,2,9,0,1,16,2
2010,5,2010-04-26,M.C.G.,Carlton,Geelong,Geelong,James Podsiadly,9,6,5,0,4,0,0
2010,5,2010-04-26,M.C.G.,Carlton,Geelong,Geelong,Max Rooke,3,2,5,0,1,0,2
2010,5,2010-04-26,M.C.G.,Carlton,Geelong,Geelong,Joel Selwood,8,2,11,1,0,0,7
2010,5,2010-04-26,M.C.G.,Carlton,Geelong,Geelong,Harry Taylor,3,4,7,1,0,0,5
2010,5,2010-04-26,M.C.G.,Carlton,Geelong,Geelong,David Wojcinski,13,6,9,0,1,0,0
2010,6,2010-04-30,Docklands,Western Bulldogs,St Kilda,Western Bulldogs,Dylan Addison,5,3,8,0,0,1,5
2010,6,2010-04-30,Docklands,Western Bulldogs,St Kilda,Western Bulldogs,Jason Akermanis,11,7,8,0,1,0,6
2010,6,2010-04-30,Docklands,Western Bulldogs,St Kilda,Western Bulldogs,Adam Cooney,17,9,19,0,0,1,2
2010,6,2010-04-30,Docklands,Western Bulldogs,St Kilda,Western Bulldogs,Daniel Cross,5,4,22,0,0,1,9
2010,6,2010-04-30,Docklands,Western Bulldogs,St Kilda,Western Bulldogs,Nathan Eagleton,7,5,7,0,0,0,4
2010,6,2010-04-30,Docklands,Western Bulldogs,St Kilda,Western Bulldogs,Andrejs Everitt,9,6,3,0,1,1,6
2010,6,2010-04-30,Docklands,Western Bulldogs,St Kilda,Western Bulldogs,Daniel Giansiracusa,24,9,5,1,0,0,10
2010,6,2010-04-30,Docklands,Western Bulldogs,St Kilda,Western Bulldogs,Lindsay Gilbee,27,15,7,0,1,0,6
2010,6,2010-04-30,Docklands,Western Bulldogs,St Kilda,Western Bulldogs,Jarrad Grant,9,9,8,0,1,0,5
2010,6,2010-04-30,Docklands,Western Bulldogs,St Kilda,Western Bulldogs,Ryan Griffen,14,5,9,1,1,2,3
2010,6,2010-04-30,Docklands,Western Bulldogs,St Kilda,Western Bulldogs,Mitch Hahn,17,10,8,1,0,0,4
2010,6,2010-04-30,Docklands,Western Bulldogs,St Kilda,Western Bulldogs,Barry Hall,3,5,3,1,1,0,2
2010,6,2010-04-30,Docklands,Western Bulldogs,St Kilda,Western Bulldogs,Jarrod Harbrow,19,8,17,0,0,0,3
2010,6,2010-04-30,Docklands,Western Bulldogs,St Kilda,Western Bulldogs,Ryan Hargrave,14,12,9,0,0,0,3
2010,6,2010-04-30,Docklands,Western Bulldogs,St Kilda,Western Bulldogs,Shaun Higgins,9,3,10,1,1,0,1
2010,6,2010-04-30,Docklands,Western Bulldogs,St Kilda,Western Bulldogs,Ben Hudson,3,1,4,0,0,19,1
2010,6,2010-04-30,Docklands,Western Bulldogs,St Kilda,Western Bulldogs,Brad Johnson,8,5,10,0,0,0,2
2010,6,2010-04-30,Docklands,Western Bulldogs,St Kilda,Western Bulldogs,Brian Lake,16,12,4,0,0,1,6
2010,6,2010-04-30,Docklands,Western Bulldogs,St Kilda,Western Bulldogs,Dale Morris,7,4,10,0,0,0,2
2010,6,2010-04-30,Docklands,Western Bulldogs,St Kilda,Western Bulldogs,Robert Murphy,13,8,9,0,1,0,3
2010,6,2010-04-30,Docklands,Western Bulldogs,St Kilda,Western Bulldogs,Jordan Roughead,2,2,6,1,0,3,1
2010,6,2010-04-30,Docklands,Western Bulldogs,St Kilda,Western Bulldogs,Tom Williams,9,5,6,0,0,0,3
2010,6,2010-04-30,Docklands,Western Bulldogs,St Kilda,St Kilda,David Armitage,5,1,5,2,0,0,7
2010,6,2010-04-30,Docklands,Western Bulldogs,St Kilda,St Kilda,Steven Baker,8,7,15,0,0,0,4
2010,6,2010-04-30,Docklands,Western Bulldogs,St Kilda,St Kilda,Jason Blake,10,7,12,0,0,0,2
2010,6,2010-04-30,Docklands,Western Bulldogs,St Kilda,St Kilda,Raphael Clarke,8,4,11,0,0,0,3
2010,6,2010-04-30,Docklands,Western Bulldogs,St Kilda,St Kilda,Nick Dal Santo,17,2,11,0,1,2,5
2010,6,2010-04-30,Docklands,Western Bulldogs,St Kilda,St Kilda,Zac Dawson,3,1,8,0,0,0,1
2010,6,2010-04-30,Docklands,Western Bulldogs,St Kilda,St Kilda,Sam Fisher,10,6,14,1,0,0,1
2010,6,2010-04-30,Docklands,Western Bulldogs,St Kilda,St Kilda,Michael Gardiner,6,4,3,0,0,13,0
2010,6,2010-04-30,Docklands,Western Bulldogs,St Kilda,St Kilda,Jarryn Geary,6,1,2,0,0,1,7
2010,6,2010-04-30,Docklands,Western Bulldogs,St Kilda,St Kilda,Sam Gilbert,12,6,12,0,0,0,3
2010,6,2010-04-30,Docklands,Western Bulldogs,St Kilda,St Kilda,Brendon Goddard,13,9,14,0,0,2,3
2010,6,2010-04-30,Docklands,Western Bulldogs,St Kilda,St Kilda,James Gwilt,11,5,8,0,0,0,1
2010,6,2010-04-30,Docklands,Western Bulldogs,St Kilda,St Kilda,Lenny Hayes,13,5,22,0,0,1,7
2010,6,2010-04-30,Docklands,Western Bulldogs,St Kilda,St Kilda,Clinton Jones,9,1,16,0,0,0,6
2010,6,2010-04-30,Docklands,Western Bulldogs,St Kilda,St Kilda,Steven King,3,2,6,0,0,13,4
2010,6,2010-04-30,Docklands,Western Bulldogs,St Kilda,St Kilda,Justin Koschitzke,7,5,4,1,1,3,3
2010,6,2010-04-30,Docklands,Western Bulldogs,St Kilda,St Kilda,Andrew McQualter,11,9,11,0,0,0,4
2010,6,2010-04-30,Docklands,Western Bulldogs,St Kilda,St Kilda,Stephen Milne,6,4,6,2,1,0,0
2010,6,2010-04-30,Docklands,Western Bulldogs,St Kilda,St Kilda,Leigh Montagna,21,4,13,0,2,0,3
2010,6,2010-04-30,Docklands,Western Bulldogs,St Kilda,St Kilda,Farren Ray,9,3,14,0,1,0,2
2010,6,2010-04-30,Docklands,Western Bulldogs,St Kilda,St Kilda,Adam Schneider,8,3,7,0,0,0,6
2010,6,2010-04-30,Docklands,Western Bulldogs,St Kilda,St Kilda,Jack Steven,6,1,7,1,0,0,5
2010,6,2010-05-01,Docklands,North Melbourne,Melbourne,North Melbourne,Leigh Adams,9,5,14,0,0,0,1
2010,6,2010-05-01,Docklands,North Melbourne,Melbourne,North Melbourne,Liam Anthony,13,7,8,2,1,0,6
2010,6,2010-05-01,Docklands,North Melbourne,Melbourne,North Melbourne,Ryan Bastinac,6,1,10,0,2,0,2
2010,6,2010-05-01,Docklands,North Melbourne,Melbourne,North Melbourne,Ben Cunnington,4,1,5,0,0,0,5
2010,6,2010-05-01,Docklands,North Melbourne,Melbourne,North Melbourne,Aaron Edwards,11,5,8,0,0,0,3
2010,6,2010-05-01,Docklands,North Melbourne,Melbourne,North Melbourne,Michael Firrito,10,3,13,0,1,0,1
2010,6,2010-05-01,Docklands,North Melbourne,Melbourne,North Melbourne,Todd Goldstein,4,2,3,1,0,9,2
2010,6,2010-05-01,Docklands,North Melbourne,Melbourne,North Melbourne,Levi Greenwood,8,2,10,0,1,0,3
2010,6,2010-05-01,Docklands,North Melbourne,Melbourne,North Melbourne,Nathan Grima,10,3,7,0,1,0,3
2010,6,2010-05-01,Docklands,North Melbourne,Melbourne,North Melbourne,David Hale,5,1,4,3,1,2,1
2010,6,2010-05-01,Docklands,North Melbourne,Melbourne,North Melbourne,Lachlan Hansen,8,5,8,0,0,0,2
2010,6,2010-05-01,Docklands,North Melbourne,Melbourne,North Melbourne,Brent Harvey,13,4,4,1,2,0,0
2010,6,2010-05-01,Docklands,North Melbourne,Melbourne,North Melbourne,Hamish McIntosh,10,9,9,1,0,15,3
2010,6,2010-05-01,Docklands,North Melbourne,Melbourne,North Melbourne,Scott McMahon,8,1,6,0,0,0,4
2010,6,2010-05-01,Docklands,North Melbourne,Melbourne,North Melbourne,Brady Rawlings,10,3,15,0,0,0,4
2010,6,2010-05-01,Docklands,North Melbourne,Melbourne,North Melbourne,Andrew Swallow,11,5,10,1,1,0,9
2010,6,2010-05-01,Docklands,North Melbourne,Melbourne,North Melbourne,Lindsay Thomas,9,3,5,0,1,0,4
2010,6,2010-05-01,Docklands,North Melbourne,Melbourne,North Melbourne,Scott Thompson,9,8,12,0,0,0,4
2010,6,2010-05-01,Docklands,North Melbourne,Melbourne,North Melbourne,Ben Warren,6,2,4,1,1,0,2
2010,6,2010-05-01,Docklands,North Melbourne,Melbourne,North Melbourne,Daniel Wells,18,7,6,2,1,0,1
2010,6,2010-05-01,Docklands,North Melbourne,Melbourne,North Melbourne,Sam Wright,5,1,2,3,0,0,4
2010,6,2010-05-01,Docklands,North Melbourne,Melbourne,North Melbourne,Jack Ziebell,5,3,8,0,0,0,6
2010,6,2010-05-01,Docklands,North Melbourne,Melbourne,Melbourne,Clint Bartram,6,4,3,1,0,0,2
2010,6,2010-05-01,Docklands,North Melbourne,Melbourne,Melbourne,Matthew Bate,4,2,4,1,0,0,2
2010,6,2010-05-01,Docklands,North Melbourne,Melbourne,Melbourne,Jamie Bennell,9,6,8,0,1,0,1
2010,6,2010-05-01,Docklands,North Melbourne,Melbourne,Melbourne,Cameron Bruce,10,7,22,0,1,0,0
2010,6,2010-05-01,Docklands,North Melbourne,Melbourne,Melbourne,Aaron Davey,15,6,9,0,0,0,4
2010,6,2010-05-01,Docklands,North Melbourne,Melbourne,Melbourne,Lynden Dunn,14,8,8,1,0,2,7
2010,6,2010-05-01,Docklands,North Melbourne,Melbourne,Melbourne,James Frawley,11,4,13,0,0,0,4
2010,6,2010-05-01,Docklands,North Melbourne,Melbourne,Melbourne,Colin Garland,15,8,6,0,0,0,4
2010,6,2010-05-01,Docklands,North Melbourne,Melbourne,Melbourne,Brad Green,13,8,8,4,0,0,3
2010,6,2010-05-01,Docklands,North Melbourne,Melbourne,Melbourne,Jack Grimes,17,11,16,0,0,0,3
2010,6,2010-05-01,Docklands,North Melbourne,Melbourne,Melbourne,Mark Jamar,3,5,14,1,0,24,2
2010,6,2010-05-01,Docklands,North Melbourne,Melbourne,Melbourne,Nathan Jones,13,2,14,0,0,0,0
2010,6,2010-05-01,Docklands,North Melbourne,Melbourne,Melbourne,Joel Macdonald,11,8,19,0,0,0,1
2010,6,2010-05-01,Docklands,North Melbourne,Melbourne,Melbourne,Stefan Martin,4,2,5,0,0,5,0
2010,6,2010-05-01,Docklands,North Melbourne,Melbourne,Melbourne,James McDonald,11,5,13,0,0,0,9
2010,6,2010-05-01,Docklands,North Melbourne,Melbourne,Melbourne,Brent Moloney,8,2,13,0,0,0,4
2010,6,2010-05-01,Docklands,North Melbourne,Melbourne,Melbourne,Ricky Petterd,7,4,5,2,0,0,2
2010,6,2010-05-01,Docklands,North Melbourne,Melbourne,Melbourne,Jared Rivers,10,9,2,0,0,0,2
2010,6,2010-05-01,Docklands,North Melbourne,Melbourne,Melbourne,Tom Scully,7,4,14,0,0,0,4
2010,6,2010-05-01,Docklands,North Melbourne,Melbourne,Melbourne,Colin Sylvia,8,5,9,1,3,1,1
2010,6,2010-05-01,Docklands,North Melbourne,Melbourne,Melbourne,Jack Trengove,4,3,12,1,0,0,2
2010,6,2010-05-01,Docklands,North Melbourne,Melbourne,Melbourne,Matthew Warnock,12,9,3,0,0,0,1
2010,6,2010-05-01,Football Park,Adelaide,Port Adelaide,Adelaide,Nathan Bock,3,4,11,0,0,0,3
2010,6,2010-05-01,Football Park,Adelaide,Port Adelaide,Adelaide,Brett Burton,8,6,3,0,1,0,2
2010,6,2010-05-01,Football Park,Adelaide,Port Adelaide,Adelaide,Myke Cook,5,2,9,0,1,0,1
2010,6,2010-05-01,Football Park,Adelaide,Port Adelaide,Adelaide,Phil Davis,7,6,6,0,0,0,2
2010,6,2010-05-01,Football Park,Adelaide,Port Adelaide,Adelaide,Michael Doughty,6,5,2,0,0,0,3
2010,6,2010-05-01,Football Park,Adelaide,Port Adelaide,Adelaide,Richard Douglas,8,4,5,2,0,0,3
2010,6,2010-05-01,Football Park,Adelaide,Port Adelaide,Adelaide,Tyson Edwards,14,4,10,0,0,0,9
2010,6,2010-05-01,Football Park,Adelaide,Port Adelaide,Adelaide,Simon Goodwin,7,1,10,0,0,0,4
2010,6,2010-05-01,Football Park,Adelaide,Port Adelaide,Adelaide,Matthew Jaensch,8,7,3,0,0,0,5
2010,6,2010-05-01,Football Park,Adelaide,Port Adelaide,Adelaide,Graham Johncock,16,7,6,0,0,0,5
2010,6,2010-05-01,Football Park,Adelaide,Port Adelaide,Adelaide,Ivan Maric,5,4,6,0,0,28,2
2010,6,2010-05-01,Football Park,Adelaide,Port Adelaide,Adelaide,Andrew McLeod,13,1,8,1,0,0,6
2010,6,2010-05-01,Football Park,Adelaide,Port Adelaide,Adelaide,Jared Petrenko,6,5,5,0,0,0,2
2010,6,2010-05-01,Football Park,Adelaide,Port Adelaide,Adelaide,Jason Porplyzia,10,7,8,3,3,0,2
2010,6,2010-05-01,Football Park,Adelaide,Port Adelaide,Adelaide,Brent Reilly,14,6,8,0,1,0,8
2010,6,2010-05-01,Football Park,Adelaide,Port Adelaide,Adelaide,Ben Rutten,9,6,4,0,0,0,3
2010,6,2010-05-01,Football Park,Adelaide,Port Adelaide,Adelaide,Chris Schmidt,7,4,9,0,0,0,5
2010,6,2010-05-01,Football Park,Adelaide,Port Adelaide,Adelaide,Scott Stevens,12,6,5,1,6,5,5
2010,6,2010-05-01,Football Park,Adelaide,Port Adelaide,Adelaide,Scott Thompson,10,2,10,0,0,0,5
2010,6,2010-05-01,Football Park,Adelaide,Port Adelaide,Adelaide,Kurt Tippett,6,4,5,3,1,7,0
2010,6,2010-05-01,Football Park,Adelaide,Port Adelaide,Adelaide,Nathan van Berlo,5,4,5,0,0,3,4
2010,6,2010-05-01,Football Park,Adelaide,Port Adelaide,Adelaide,Bernie Vince,12,5,8,0,1,0,2
2010,6,2010-05-01,Football Park,Adelaide,Port Adelaide,Port Adelaide,Travis Boak,10,2,9,0,0,0,10
2010,6,2010-05-01,Football Park,Adelaide,Port Adelaide,Port Adelaide,Dean Brogan,7,6,7,0,0,32,3
2010,6,2010-05-01,Football Park,Adelaide,Port Adelaide,Port Adelaide,Alipate Carlile,10,7,2,0,0,1,1
2010,6,2010-05-01,Football Park,Adelaide,Port Adelaide,Port Adelaide,Josh Carr,6,4,7,0,0,0,5
2010,6,2010-05-01,Football Park,Adelaide,Port Adelaide,Port Adelaide,Domenic Cassisi,8,3,12,2,0,0,9
2010,6,2010-05-01,Football Park,Adelaide,Port Adelaide,Port Adelaide,Troy Chaplin,15,10,3,0,0,0,4
2010,6,2010-05-01,Football Park,Adelaide,Port Adelaide,Port Adelaide,Chad Cornes,12,5,6,1,0,0,7
2010,6,2010-05-01,Football Park,Adelaide,Port Adelaide,Port Adelaide,Kane Cornes,18,8,11,0,1,0,4
2010,6,2010-05-01,Football Park,Adelaide,Port Adelaide,Port Adelaide,Jason Davenport,10,4,6,0,1,0,7
2010,6,2010-05-01,Football Park,Adelaide,Port Adelaide,Port Adelaide,Brett Ebert,7,4,2,2,2,0,2
2010,6,2010-05-01,Football Park,Adelaide,Port Adelaide,Port Adelaide,Robbie Gray,16,6,4,5,4,0,3
2010,6,2010-05-01,Football Park,Adelaide,Port Adelaide,Port Adelaide,Hamish Hartlett,10,4,2,0,1,0,4
2010,6,2010-05-01,Football Park,Adelaide,Port Adelaide,Port Adelaide,Matthew Lobbe,2,2,1,0,0,10,1
2010,6,2010-05-01,Football Park,Adelaide,Port Adelaide,Port Adelaide,Danyle Pearce,14,4,7,1,0,0,8
2010,6,2010-05-01,Football Park,Adelaide,Port Adelaide,Port Adelaide,David Rodan,5,1,13,0,0,0,4
2010,6,2010-05-01,Football Park,Adelaide,Port Adelaide,Port Adelaide,Steven Salopek,12,6,12,0,1,0,0
2010,6,2010-05-01,Football Park,Adelaide,Port Adelaide,Port Adelaide,Jay Schulz,2,1,2,1,0,0,0
2010,6,2010-05-01,Football Park,Adelaide,Port Adelaide,Port Adelaide,Paul Stewart,14,8,4,0,0,0,0
2010,6,2010-05-01,Football Park,Adelaide,Port Adelaide,Port Adelaide,Jacob Surjan,4,3,4,0,0,0,1
2010,6,2010-05-01,Football Park,Adelaide,Port Adelaide,Port Adelaide,Matt Thomas,3,4,13,0,0,1,2
2010,6,2010-05-01,Football Park,Adelaide,Port Adelaide,Port Adelaide,Warren Tredrea,6,5,8,1,0,0,3
2010,6,2010-05-01,Football Park,Adelaide,Port Adelaide,Port Adelaide,Justin Westhoff,7,2,2,1,0,2,2
2010,6,2010-05-01,M.C.G.,Essendon,Hawthorn,Essendon,Jarrod Atkinson,8,3,6,0,0,0,5
2010,6,2010-05-01,M.C.G.,Essendon,Hawthorn,Essendon,Alwyn Davey,10,4,3,2,3,0,4
2010,6,2010-05-01,M.C.G.,Essendon,Hawthorn,Essendon,Courtenay Dempsey,11,6,7,0,0,0,5
2010,6,2010-05-01,M.C.G.,Essendon,Hawthorn,Essendon,Ricky Dyson,8,5,1,0,0,0,3
2010,6,2010-05-01,M.C.G.,Essendon,Hawthorn,Essendon,Dustin Fletcher,19,8,6,0,0,0,1
2010,6,2010-05-01,M.C.G.,Essendon,Hawthorn,Essendon,Scott Gumbleton,8,8,2,1,1,0,3
2010,6,2010-05-01,M.C.G.,Essendon,Hawthorn,Essendon,David Hille,12,9,11,1,1,10,3
2010,6,2010-05-01,M.C.G.,Essendon,Hawthorn,Essendon,Heath Hocking,9,3,6,0,0,0,4
2010,6,2010-05-01,M.C.G.,Essendon,Hawthorn,Essendon,Cale Hooker,4,2,7,0,0,0,1
2010,6,2010-05-01,M.C.G.,Essendon,Hawthorn,Essendon,Michael Hurley,9,6,6,4,0,0,1
2010,6,2010-05-01,M.C.G.,Essendon,Hawthorn,Essendon,Sam Lonergan,8,2,10,1,1,0,7
2010,6,2010-05-01,M.C.G.,Essendon,Hawthorn,Essendon,Nathan Lovett-Murray,12,6,20,0,0,0,12
2010,6,2010-05-01,M.C.G.,Essendon,Hawthorn,Essendon,Mark McVeigh,15,4,3,0,0,0,5
2010,6,2010-05-01,M.C.G.,Essendon,Hawthorn,Essendon,Angus Monfries,7,3,8,1,0,0,5
2010,6,2010-05-01,M.C.G.,Essendon,Hawthorn,Essendon,Brent Prismall,15,9,13,1,0,0,6
2010,6,2010-05-01,M.C.G.,Essendon,Hawthorn,Essendon,Paddy Ryder,7,4,4,1,2,28,7
2010,6,2010-05-01,M.C.G.,Essendon,Hawthorn,Essendon,Henry Slattery,10,7,5,0,0,0,6
2010,6,2010-05-01,M.C.G.,Essendon,Hawthorn,Essendon,Brent Stanton,17,7,13,1,1,0,6
2010,6,2010-05-01,M.C.G.,Essendon,Hawthorn,Essendon,Jobe Watson,13,7,15,1,0,0,6
2010,6,2010-05-01,M.C.G.,Essendon,Hawthorn,Essendon,Andrew Welsh,12,7,8,0,0,0,9
2010,6,2010-05-01,M.C.G.,Essendon,Hawthorn,Essendon,Jason Winderlich,17,8,11,0,0,0,5
2010,6,2010-05-01,M.C.G.,Essendon,Hawthorn,Essendon,David Zaharakis,11,6,4,1,3,0,3
2010,6,2010-05-01,M.C.G.,Essendon,Hawthorn,Hawthorn,Chance Bateman,16,4,3,1,1,0,3
2010,6,2010-05-01,M.C.G.,Essendon,Hawthorn,Hawthorn,Grant Birchall,6,3,6,0,0,0,2
2010,6,2010-05-01,M.C.G.,Essendon,Hawthorn,Hawthorn,Campbell Brown,5,4,7,0,0,0,6
2010,6,2010-05-01,M.C.G.,Essendon,Hawthorn,Hawthorn,Xavier Ellis,6,2,7,0,0,1,2
2010,6,2010-05-01,M.C.G.,Essendon,Hawthorn,Hawthorn,Lance Franklin,13,5,3,5,3,1,4
2010,6,2010-05-01,M.C.G.,Essendon,Hawthorn,Hawthorn,Stephen Gilham,4,5,9,0,0,6,0
2010,6,2010-05-01,M.C.G.,Essendon,Hawthorn,Hawthorn,Brent Guerra,13,2,3,0,1,0,1
2010,6,2010-05-01,M.C.G.,Essendon,Hawthorn,Hawthorn,Luke Hodge,11,2,8,0,0,0,9
2010,6,2010-05-01,M.C.G.,Essendon,Hawthorn,Hawthorn,Jarrod Kayler-Thomson,8,5,3,0,0,0,1
2010,6,2010-05-01,M.C.G.,Essendon,Hawthorn,Hawthorn,Rick Ladson,4,1,9,0,0,0,2
2010,6,2010-05-01,M.C.G.,Essendon,Hawthorn,Hawthorn,Jordan Lewis,8,5,6,0,0,1,3
2010,6,2010-05-01,M.C.G.,Essendon,Hawthorn,Hawthorn,Tom Murphy,7,5,6,0,0,0,2
2010,6,2010-05-01,M.C.G.,Essendon,Hawthorn,Hawthorn,Michael Osborne,7,3,10,1,0,0,4
2010,6,2010-05-01,M.C.G.,Essendon,Hawthorn,Hawthorn,Brent Renouf,3,6,8,0,1,19,5
2010,6,2010-05-01,M.C.G.,Essendon,Hawthorn,Hawthorn,Cyril Rioli,9,6,3,0,0,0,3
2010,6,2010-05-01,M.C.G.,Essendon,Hawthorn,Hawthorn,Jarryd Roughead,6,3,4,0,2,1,1
2010,6,2010-05-01,M.C.G.,Essendon,Hawthorn,Hawthorn,Ryan Schoenmakers,5,3,2,0,0,6,6
2010,6,2010-05-01,M.C.G.,Essendon,Hawthorn,Hawthorn,Brad Sewell,10,3,7,0,0,1,7
2010,6,2010-05-01,M.C.G.,Essendon,Hawthorn,Hawthorn,Liam Shiels,5,2,5,0,0,0,3
2010,6,2010-05-01,M.C.G.,Essendon,Hawthorn,Hawthorn,Ben Stratton,6,5,10,0,0,0,0
2010,6,2010-05-01,M.C.G.,Essendon,Hawthorn,Hawthorn,Brendan Whitecross,5,3,7,0,0,0,3
2010,6,2010-05-01,M.C.G.,Essendon,Hawthorn,Hawthorn,Clinton Young,12,6,10,2,0,0,2
2010,6,2010-05-01,S.C.G.,Sydney,Brisbane Lions,Sydney,Jude Bolton,12,4,8,2,1,0,1
2010,6,2010-05-01,S.C.G.,Sydney,Brisbane Lions,Sydney,Daniel Bradshaw,10,7,1,6,1,0,1
2010,6,2010-05-01,S.C.G.,Sydney,Brisbane Lions,Sydney,Adam Goodes,12,6,3,3,3,0,2
2010,6,2010-05-01,S.C.G.,Sydney,Brisbane Lions,Sydney,Heath Grundy,9,6,10,0,0,0,7
2010,6,2010-05-01,S.C.G.,Sydney,Brisbane Lions,Sydney,Dan Hannebery,6,3,9,0,0,0,4
2010,6,2010-05-01,S.C.G.,Sydney,Brisbane Lions,Sydney,Kieren Jack,18,1,5,1,2,0,8
2010,6,2010-05-01,S.C.G.,Sydney,Brisbane Lions,Sydney,Lewis Jetta,4,2,1,0,1,0,2
2010,6,2010-05-01,S.C.G.,Sydney,Brisbane Lions,Sydney,Josh Kennedy,7,1,12,0,0,0,4
2010,6,2010-05-01,S.C.G.,Sydney,Brisbane Lions,Sydney,Tadhg Kennelly,15,4,3,0,0,0,1
2010,6,2010-05-01,S.C.G.,Sydney,Brisbane Lions,Sydney,Brett Kirk,5,2,5,0,0,0,4
2010,6,2010-05-01,S.C.G.,Sydney,Brisbane Lions,Sydney,Nick Malceski,15,6,6,1,1,0,5
2010,6,2010-05-01,S.C.G.,Sydney,Brisbane Lions,Sydney,Martin Mattner,8,4,5,0,0,0,0
2010,6,2010-05-01,S.C.G.,Sydney,Brisbane Lions,Sydney,Jarrad McVeigh,12,6,13,0,0,0,2
2010,6,2010-05-01,S.C.G.,Sydney,Brisbane Lions,Sydney,Jarred Moore,6,4,9,1,0,0,4
2010,6,2010-05-01,S.C.G.,Sydney,Brisbane Lions,Sydney,Shane Mumford,2,2,13,0,0,22,2
2010,6,2010-05-01,S.C.G.,Sydney,Brisbane Lions,Sydney,Ryan OKeefe,16,4,10,0,0,0,4
2010,6,2010-05-01,S.C.G.,Sydney,Brisbane Lions,Sydney,Ted Richards,7,7,6,0,0,0,5
2010,6,2010-05-01,S.C.G.,Sydney,Brisbane Lions,Sydney,Lewis Roberts-Thomson,8,5,5,0,0,0,3
2010,6,2010-05-01,S.C.G.,Sydney,Brisbane Lions,Sydney,Mark Seaby,0,0,0,0,0,1,0
2010,6,2010-05-01,S.C.G.,Sydney,Brisbane Lions,Sydney,Rhyce Shaw,16,4,4,0,1,0,3
2010,6,2010-05-01,S.C.G.,Sydney,Brisbane Lions,Sydney,Nick Smith,6,2,2,2,0,0,1
2010,6,2010-05-01,S.C.G.,Sydney,Brisbane Lions,Sydney,Jesse White,2,1,6,0,0,10,2
2010,6,2010-05-01,S.C.G.,Sydney,Brisbane Lions,Brisbane Lions,Matt Austin,3,0,4,0,0,0,3
2010,6,2010-05-01,S.C.G.,Sydney,Brisbane Lions,Brisbane Lions,Todd Banfield,10,4,5,3,2,0,5
2010,6,2010-05-01,S.C.G.,Sydney,Brisbane Lions,Brisbane Lions,Simon Black,10,5,7,0,0,0,3
2010,6,2010-05-01,S.C.G.,Sydney,Brisbane Lions,Brisbane Lions,Jared Brennan,8,5,6,0,0,3,2
2010,6,2010-05-01,S.C.G.,Sydney,Brisbane Lions,Brisbane Lions,Jonathan Brown,10,6,7,4,0,0,3
2010,6,2010-05-01,S.C.G.,Sydney,Brisbane Lions,Brisbane Lions,Amon Buchanan,6,2,6,0,0,0,5
2010,6,2010-05-01,S.C.G.,Sydney,Brisbane Lions,Brisbane Lions,Mitch Clark,9,6,6,0,0,17,3
2010,6,2010-05-01,S.C.G.,Sydney,Brisbane Lions,Brisbane Lions,Josh Drummond,15,4,1,0,0,0,3
2010,6,2010-05-01,S.C.G.,Sydney,Brisbane Lions,Brisbane Lions,Brendan Fevola,10,1,2,4,2,0,4
2010,6,2010-05-01,S.C.G.,Sydney,Brisbane Lions,Brisbane Lions,Travis Johnstone,8,1,9,0,0,0,0
2010,6,2010-05-01,S.C.G.,Sydney,Brisbane Lions,Brisbane Lions,Matthew Leuenberger,5,3,1,1,0,16,1
2010,6,2010-05-01,S.C.G.,Sydney,Brisbane Lions,Brisbane Lions,Matt Maguire,7,5,5,0,0,0,2
2010,6,2010-05-01,S.C.G.,Sydney,Brisbane Lions,Brisbane Lions,Ashley McGrath,6,4,2,0,0,0,7
2010,6,2010-05-01,S.C.G.,Sydney,Brisbane Lions,Brisbane Lions,Joel Patfull,4,1,3,0,0,0,2
2010,6,2010-05-01,S.C.G.,Sydney,Brisbane Lions,Brisbane Lions,James Polkinghorne,6,5,7,1,1,0,3
2010,6,2010-05-01,S.C.G.,Sydney,Brisbane Lions,Brisbane Lions,Luke Power,9,1,2,0,1,0,1
2010,6,2010-05-01,S.C.G.,Sydney,Brisbane Lions,Brisbane Lions,Andrew Raines,10,4,13,0,0,0,2
2010,6,2010-05-01,S.C.G.,Sydney,Brisbane Lions,Brisbane Lions,Jack Redden,9,5,5,0,1,0,10
2010,6,2010-05-01,S.C.G.,Sydney,Brisbane Lions,Brisbane Lions,Daniel Rich,12,2,3,0,0,0,4
2010,6,2010-05-01,S.C.G.,Sydney,Brisbane Lions,Brisbane Lions,Michael Rischitelli,10,5,8,0,0,1,7
2010,6,2010-05-01,S.C.G.,Sydney,Brisbane Lions,Brisbane Lions,Troy Selwood,8,5,6,0,1,0,8
2010,6,2010-05-01,S.C.G.,Sydney,Brisbane Lions,Brisbane Lions,Brent Staker,11,3,4,0,0,0,0
2010,6,2010-05-02,Kardinia Park,Geelong,Richmond,Geelong,Jimmy Bartel,11,5,14,0,0,2,4
2010,6,2010-05-02,Kardinia Park,Geelong,Richmond,Geelong,Mark Blake,0,0,3,0,0,20,1
2010,6,2010-05-02,Kardinia Park,Geelong,Richmond,Geelong,Shannon Byrnes,12,8,9,3,1,0,2
2010,6,2010-05-02,Kardinia Park,Geelong,Richmond,Geelong,Paul Chapman,20,6,13,2,1,0,5
2010,6,2010-05-02,Kardinia Park,Geelong,Richmond,Geelong,Mitch Duncan,11,4,3,2,1,0,4
2010,6,2010-05-02,Kardinia Park,Geelong,Richmond,Geelong,Corey Enright,19,6,9,0,0,0,3
2010,6,2010-05-02,Kardinia Park,Geelong,Richmond,Geelong,Tom Hawkins,8,6,10,1,3,0,2
2010,6,2010-05-02,Kardinia Park,Geelong,Richmond,Geelong,Simon Hogan,6,2,16,0,0,0,3
2010,6,2010-05-02,Kardinia Park,Geelong,Richmond,Geelong,Josh Hunt,7,6,8,0,0,0,3
2010,6,2010-05-02,Kardinia Park,Geelong,Richmond,Geelong,Steve Johnson,16,13,10,5,3,0,3
2010,6,2010-05-02,Kardinia Park,Geelong,Richmond,Geelong,James Kelly,16,6,13,0,0,0,9
2010,6,2010-05-02,Kardinia Park,Geelong,Richmond,Geelong,Cameron Ling,8,1,8,0,2,0,3
2010,6,2010-05-02,Kardinia Park,Geelong,Richmond,Geelong,Tom Lonergan,8,6,8,0,0,0,0
2010,6,2010-05-02,Kardinia Park,Geelong,Richmond,Geelong,Andrew Mackie,13,5,12,0,0,0,4
2010,6,2010-05-02,Kardinia Park,Geelong,Richmond,Geelong,Darren Milburn,11,6,11,0,1,0,3
2010,6,2010-05-02,Kardinia Park,Geelong,Richmond,Geelong,Cameron Mooney,13,7,4,5,2,0,2
2010,6,2010-05-02,Kardinia Park,Geelong,Richmond,Geelong,Brad Ottens,2,1,7,0,1,26,5
2010,6,2010-05-02,Kardinia Park,Geelong,Richmond,Geelong,James Podsiadly,9,5,6,5,1,1,4
2010,6,2010-05-02,Kardinia Park,Geelong,Richmond,Geelong,Joel Selwood,8,5,29,0,0,1,6
2010,6,2010-05-02,Kardinia Park,Geelong,Richmond,Geelong,Harry Taylor,6,7,10,0,0,0,1
2010,6,2010-05-02,Kardinia Park,Geelong,Richmond,Geelong,Travis Varcoe,14,2,10,1,1,0,3
2010,6,2010-05-02,Kardinia Park,Geelong,Richmond,Geelong,David Wojcinski,11,5,10,0,0,0,2
2010,6,2010-05-02,Kardinia Park,Geelong,Richmond,Richmond,David Astbury,10,5,7,0,0,0,2
2010,6,2010-05-02,Kardinia Park,Geelong,Richmond,Richmond,Andrew Collins,6,4,13,0,0,0,5
2010,6,2010-05-02,Kardinia Park,Geelong,Richmond,Richmond,Ben Cousins,10,4,16,0,0,0,4
2010,6,2010-05-02,Kardinia Park,Geelong,Richmond,Richmond,Matt Dea,0,1,6,0,0,0,2
2010,6,2010-05-02,Kardinia Park,Geelong,Richmond,Richmond,Brett Deledio,18,8,16,0,0,0,1
2010,6,2010-05-02,Kardinia Park,Geelong,Richmond,Richmond,Shane Edwards,7,1,9,0,0,0,3
2010,6,2010-05-02,Kardinia Park,Geelong,Richmond,Richmond,Mitch Farmer,10,2,3,1,0,0,3
2010,6,2010-05-02,Kardinia Park,Geelong,Richmond,Richmond,Nathan Foley,9,4,2,0,1,0,1
2010,6,2010-05-02,Kardinia Park,Geelong,Richmond,Richmond,Daniel Jackson,3,2,13,0,0,0,8
2010,6,2010-05-02,Kardinia Park,Geelong,Richmond,Richmond,Luke McGuane,3,1,8,0,0,0,3
2010,6,2010-05-02,Kardinia Park,Geelong,Richmond,Richmond,Kelvin Moore,5,1,7,0,0,0,1
2010,6,2010-05-02,Kardinia Park,Geelong,Richmond,Richmond,Mitch Morton,7,3,6,0,1,0,4
2010,6,2010-05-02,Kardinia Park,Geelong,Richmond,Richmond,Robin Nahas,4,2,8,1,0,0,4
2010,6,2010-05-02,Kardinia Park,Geelong,Richmond,Richmond,Ben Nason,8,2,5,2,0,0,2
2010,6,2010-05-02,Kardinia Park,Geelong,Richmond,Richmond,Chris Newman,21,7,7,0,1,0,2
2010,6,2010-05-02,Kardinia Park,Geelong,Richmond,Richmond,Dean Polo,7,6,11,0,0,0,1
2010,6,2010-05-02,Kardinia Park,Geelong,Richmond,Richmond,Alex Rance,3,2,11,0,1,1,1
2010,6,2010-05-02,Kardinia Park,Geelong,Richmond,Richmond,Jack Riewoldt,11,4,1,3,4,0,4
2010,6,2010-05-02,Kardinia Park,Geelong,Richmond,Richmond,Troy Simmonds,3,4,11,0,0,16,2
2010,6,2010-05-02,Kardinia Park,Geelong,Richmond,Richmond,Will Thursfield,3,1,6,0,1,0,3
2010,6,2010-05-02,Kardinia Park,Geelong,Richmond,Richmond,Shane Tuck,12,6,26,0,0,0,3
2010,6,2010-05-02,Kardinia Park,Geelong,Richmond,Richmond,Ty Vickery,2,3,8,0,0,6,2
2010,6,2010-05-02,M.C.G.,Carlton,Collingwood,Carlton,Dennis Armfield,6,0,12,0,0,0,4
2010,6,2010-05-02,M.C.G.,Carlton,Collingwood,Carlton,Eddie Betts,4,0,8,3,1,0,1
2010,6,2010-05-02,M.C.G.,Carlton,Collingwood,Carlton,Paul Bower,10,11,21,0,0,0,0
2010,6,2010-05-02,M.C.G.,Carlton,Collingwood,Carlton,Andrew Carrazzo,11,6,12,0,0,0,5
2010,6,2010-05-02,M.C.G.,Carlton,Collingwood,Carlton,Jeff Garlett,2,0,2,1,0,0,5
2010,6,2010-05-02,M.C.G.,Carlton,Collingwood,Carlton,Bryce Gibbs,15,4,16,0,0,0,4
2010,6,2010-05-02,M.C.G.,Carlton,Collingwood,Carlton,Lachie Henderson,6,3,3,0,0,0,2
2010,6,2010-05-02,M.C.G.,Carlton,Collingwood,Carlton,Ryan Houlihan,6,4,11,1,0,0,0
2010,6,2010-05-02,M.C.G.,Carlton,Collingwood,Carlton,Sam Jacobs,1,1,6,0,0,17,3
2010,6,2010-05-02,M.C.G.,Carlton,Collingwood,Carlton,Michael Jamison,8,3,4,0,0,0,3
2010,6,2010-05-02,M.C.G.,Carlton,Collingwood,Carlton,Aaron Joseph,4,4,4,0,0,0,5
2010,6,2010-05-02,M.C.G.,Carlton,Collingwood,Carlton,Chris Judd,15,5,22,0,0,0,1
2010,6,2010-05-02,M.C.G.,Carlton,Collingwood,Carlton,Matthew Kreuzer,3,1,12,0,0,25,5
2010,6,2010-05-02,M.C.G.,Carlton,Collingwood,Carlton,Kane Lucas,9,3,12,0,0,0,1
2010,6,2010-05-02,M.C.G.,Carlton,Collingwood,Carlton,Brock McLean,3,4,9,0,0,0,5
2010,6,2010-05-02,M.C.G.,Carlton,Collingwood,Carlton,Marc Murphy,12,4,18,3,0,0,2
2010,6,2010-05-02,M.C.G.,Carlton,Collingwood,Carlton,Setanta OhAilpin,13,4,5,5,1,0,2
2010,6,2010-05-02,M.C.G.,Carlton,Collingwood,Carlton,Jordan Russell,14,6,10,0,0,0,4
2010,6,2010-05-02,M.C.G.,Carlton,Collingwood,Carlton,Heath Scotland,10,3,16,0,1,1,3
2010,6,2010-05-02,M.C.G.,Carlton,Collingwood,Carlton,Kade Simpson,17,9,12,0,1,0,2
2010,6,2010-05-02,M.C.G.,Carlton,Collingwood,Carlton,Simon White,11,8,8,1,0,0,1
2010,6,2010-05-02,M.C.G.,Carlton,Collingwood,Carlton,Chris Yarran,10,4,8,2,2,0,1
2010,6,2010-05-02,M.C.G.,Carlton,Collingwood,Collingwood,Luke Ball,15,6,5,3,0,0,8
2010,6,2010-05-02,M.C.G.,Carlton,Collingwood,Collingwood,Dayne Beams,12,3,6,2,2,0,1
2010,6,2010-05-02,M.C.G.,Carlton,Collingwood,Collingwood,Nathan Brown,4,1,3,0,0,0,3
2010,6,2010-05-02,M.C.G.,Carlton,Collingwood,Collingwood,Travis Cloke,15,12,4,2,2,0,2
2010,6,2010-05-02,M.C.G.,Carlton,Collingwood,Collingwood,Leon Davis,5,0,5,0,0,0,4
2010,6,2010-05-02,M.C.G.,Carlton,Collingwood,Collingwood,Chris Dawes,12,10,5,3,4,0,3
2010,6,2010-05-02,M.C.G.,Carlton,Collingwood,Collingwood,Alan Didak,11,2,10,2,0,0,4
2010,6,2010-05-02,M.C.G.,Carlton,Collingwood,Collingwood,Josh Fraser,4,1,2,0,0,12,2
2010,6,2010-05-02,M.C.G.,Carlton,Collingwood,Collingwood,Ben Johnson,11,5,11,0,0,0,2
2010,6,2010-05-02,M.C.G.,Carlton,Collingwood,Collingwood,Darren Jolly,4,1,3,1,0,28,0
2010,6,2010-05-02,M.C.G.,Carlton,Collingwood,Collingwood,Heritier Lumumba,5,1,8,1,0,0,1
2010,6,2010-05-02,M.C.G.,Carlton,Collingwood,Collingwood,Brent Macaffer,7,0,7,0,0,0,8
2010,6,2010-05-02,M.C.G.,Carlton,Collingwood,Collingwood,Nick Maxwell,8,3,9,0,0,0,5
2010,6,2010-05-02,M.C.G.,Carlton,Collingwood,Collingwood,Paul Medhurst,7,5,0,3,1,0,5
2010,6,2010-05-02,M.C.G.,Carlton,Collingwood,Collingwood,Scott Pendlebury,11,4,18,1,0,0,7
2010,6,2010-05-02,M.C.G.,Carlton,Collingwood,Collingwood,Ben Reid,5,2,3,0,0,1,4
2010,6,2010-05-02,M.C.G.,Carlton,Collingwood,Collingwood,Heath Shaw,9,1,10,0,0,0,1
2010,6,2010-05-02,M.C.G.,Carlton,Collingwood,Collingwood,Steele Sidebottom,10,4,9,2,1,0,2
2010,6,2010-05-02,M.C.G.,Carlton,Collingwood,Collingwood,Dane Swan,21,6,10,1,0,0,8
2010,6,2010-05-02,M.C.G.,Carlton,Collingwood,Collingwood,Dale Thomas,14,2,9,1,0,1,5
2010,6,2010-05-02,M.C.G.,Carlton,Collingwood,Collingwood,Alan Toovey,8,4,9,0,0,0,6
2010,6,2010-05-02,M.C.G.,Carlton,Collingwood,Collingwood,Sharrod Wellingham,11,4,12,2,0,0,7
2010,6,2010-05-02,Subiaco,West Coast,Fremantle,West Coast,Dean Cox,7,4,10,1,0,30,1
2010,6,2010-05-02,Subiaco,West Coast,Fremantle,West Coast,Brad Ebert,16,3,12,0,0,0,5
2010,6,2010-05-02,Subiaco,West Coast,Fremantle,West Coast,Andrew Embley,9,2,6,0,0,0,5
2010,6,2010-05-02,Subiaco,West Coast,Fremantle,West Coast,Darren Glass,5,4,7,0,0,0,2
2010,6,2010-05-02,Subiaco,West Coast,Fremantle,West Coast,Ashton Hams,13,3,3,0,4,0,3
2010,6,2010-05-02,Subiaco,West Coast,Fremantle,West Coast,Shannon Hurn,13,2,2,1,1,0,1
2010,6,2010-05-02,Subiaco,West Coast,Fremantle,West Coast,Brett Jones,5,2,9,0,0,0,1
2010,6,2010-05-02,Subiaco,West Coast,Fremantle,West Coast,Josh Kennedy,9,4,2,3,0,0,2
2010,6,2010-05-02,Subiaco,West Coast,Fremantle,West Coast,Mark LeCras,8,6,6,2,1,0,2
2010,6,2010-05-02,Subiaco,West Coast,Fremantle,West Coast,Quinten Lynch,8,1,2,0,1,5,2
2010,6,2010-05-02,Subiaco,West Coast,Fremantle,West Coast,Eric Mackenzie,10,4,13,0,0,1,0
2010,6,2010-05-02,Subiaco,West Coast,Fremantle,West Coast,Chris Masten,4,2,10,1,0,0,1
2010,6,2010-05-02,Subiaco,West Coast,Fremantle,West Coast,Patrick McGinnity,8,1,7,0,1,0,3
2010,6,2010-05-02,Subiaco,West Coast,Fremantle,West Coast,Ben McKinley,4,3,3,0,2,0,1
2010,6,2010-05-02,Subiaco,West Coast,Fremantle,West Coast,Nic Naitanui,6,0,5,0,1,20,4
2010,6,2010-05-02,Subiaco,West Coast,Fremantle,West Coast,Matt Priddis,7,2,9,0,0,1,15
2010,6,2010-05-02,Subiaco,West Coast,Fremantle,West Coast,Matt Rosa,7,3,13,0,0,0,2
2010,6,2010-05-02,Subiaco,West Coast,Fremantle,West Coast,Will Schofield,6,1,4,1,1,0,2
2010,6,2010-05-02,Subiaco,West Coast,Fremantle,West Coast,Adam Selwood,8,3,18,0,0,0,5
2010,6,2010-05-02,Subiaco,West Coast,Fremantle,West Coast,Scott Selwood,5,2,10,0,0,0,7
2010,6,2010-05-02,Subiaco,West Coast,Fremantle,West Coast,Tom Swift,8,3,13,1,0,0,7
2010,6,2010-05-02,Subiaco,West Coast,Fremantle,West Coast,Beau Waters,9,2,4,0,0,0,2
2010,6,2010-05-02,Subiaco,West Coast,Fremantle,Fremantle,Hayden Ballantyne,9,3,7,0,3,0,3
2010,6,2010-05-02,Subiaco,West Coast,Fremantle,Fremantle,Michael Barlow,10,4,15,1,0,0,8
2010,6,2010-05-02,Subiaco,West Coast,Fremantle,Fremantle,Greg Broughton,12,6,7,0,0,0,3
2010,6,2010-05-02,Subiaco,West Coast,Fremantle,Fremantle,Ryan Crowley,3,2,8,0,0,1,7
2010,6,2010-05-02,Subiaco,West Coast,Fremantle,Fremantle,Matt de Boer,4,2,6,0,0,0,4
2010,6,2010-05-02,Subiaco,West Coast,Fremantle,Fremantle,Paul Duffield,17,3,7,0,0,0,4
2010,6,2010-05-02,Subiaco,West Coast,Fremantle,Fremantle,Nat Fyfe,5,3,2,2,0,0,5
2010,6,2010-05-02,Subiaco,West Coast,Fremantle,Fremantle,Paul Hasleby,6,2,15,0,0,0,6
2010,6,2010-05-02,Subiaco,West Coast,Fremantle,Fremantle,Roger Hayden,4,0,5,2,0,0,6
2010,6,2010-05-02,Subiaco,West Coast,Fremantle,Fremantle,Stephen Hill,7,3,10,0,0,0,3
2010,6,2010-05-02,Subiaco,West Coast,Fremantle,Fremantle,Michael Johnson,12,6,4,3,0,3,2
2010,6,2010-05-02,Subiaco,West Coast,Fremantle,Fremantle,Chris Mayne,5,4,9,2,0,0,5
2010,6,2010-05-02,Subiaco,West Coast,Fremantle,Fremantle,Luke McPharlin,7,4,7,0,0,0,4
2010,6,2010-05-02,Subiaco,West Coast,Fremantle,Fremantle,Adam McPhee,8,2,4,0,0,0,5
2010,6,2010-05-02,Subiaco,West Coast,Fremantle,Fremantle,Anthony Morabito,8,3,4,0,1,2,4
2010,6,2010-05-02,Subiaco,West Coast,Fremantle,Fremantle,David Mundy,7,1,14,0,0,1,10
2010,6,2010-05-02,Subiaco,West Coast,Fremantle,Fremantle,Rhys Palmer,9,3,9,1,0,0,2
2010,6,2010-05-02,Subiaco,West Coast,Fremantle,Fremantle,Matthew Pavlich,11,8,5,5,2,0,5
2010,6,2010-05-02,Subiaco,West Coast,Fremantle,Fremantle,Dylan Roberton,13,1,1,0,0,0,3
2010,6,2010-05-02,Subiaco,West Coast,Fremantle,Fremantle,Aaron Sandilands,4,2,8,1,0,33,4
2010,6,2010-05-02,Subiaco,West Coast,Fremantle,Fremantle,Alex Silvagni,10,2,3,0,0,0,7
2010,6,2010-05-02,Subiaco,West Coast,Fremantle,Fremantle,Chris Tarrant,7,1,3,0,0,0,6
2010,7,2010-05-07,M.C.G.,Melbourne,Western Bulldogs,Melbourne,Clint Bartram,5,0,11,0,0,0,5
2010,7,2010-05-07,M.C.G.,Melbourne,Western Bulldogs,Melbourne,Matthew Bate,13,4,5,3,1,0,4
2010,7,2010-05-07,M.C.G.,Melbourne,Western Bulldogs,Melbourne,Jamie Bennell,6,4,6,1,0,0,2
2010,7,2010-05-07,M.C.G.,Melbourne,Western Bulldogs,Melbourne,Cameron Bruce,8,5,22,0,0,0,6
2010,7,2010-05-07,M.C.G.,Melbourne,Western Bulldogs,Melbourne,Aaron Davey,16,2,2,1,0,0,5
2010,7,2010-05-07,M.C.G.,Melbourne,Western Bulldogs,Melbourne,Lynden Dunn,12,5,7,0,4,2,5
2010,7,2010-05-07,M.C.G.,Melbourne,Western Bulldogs,Melbourne,James Frawley,7,4,10,0,0,0,5
2010,7,2010-05-07,M.C.G.,Melbourne,Western Bulldogs,Melbourne,Colin Garland,8,3,5,0,0,0,6
2010,7,2010-05-07,M.C.G.,Melbourne,Western Bulldogs,Melbourne,Brad Green,9,2,7,1,0,0,5
2010,7,2010-05-07,M.C.G.,Melbourne,Western Bulldogs,Melbourne,Jack Grimes,18,1,10,0,0,0,1
2010,7,2010-05-07,M.C.G.,Melbourne,Western Bulldogs,Melbourne,Danny Hughes,7,6,6,1,1,0,1
2010,7,2010-05-07,M.C.G.,Melbourne,Western Bulldogs,Melbourne,Mark Jamar,3,1,6,0,0,27,2
2010,7,2010-05-07,M.C.G.,Melbourne,Western Bulldogs,Melbourne,Paul Johnson,0,0,7,0,0,10,1
2010,7,2010-05-07,M.C.G.,Melbourne,Western Bulldogs,Melbourne,Nathan Jones,15,2,16,1,0,0,4
2010,7,2010-05-07,M.C.G.,Melbourne,Western Bulldogs,Melbourne,James McDonald,9,1,9,0,0,0,10
2010,7,2010-05-07,M.C.G.,Melbourne,Western Bulldogs,Melbourne,Jordie McKenzie,11,1,13,0,0,0,6
2010,7,2010-05-07,M.C.G.,Melbourne,Western Bulldogs,Melbourne,Brent Moloney,12,0,8,0,0,0,4
2010,7,2010-05-07,M.C.G.,Melbourne,Western Bulldogs,Melbourne,Jared Rivers,6,3,7,0,0,0,3
2010,7,2010-05-07,M.C.G.,Melbourne,Western Bulldogs,Melbourne,Tom Scully,19,4,20,1,1,0,5
2010,7,2010-05-07,M.C.G.,Melbourne,Western Bulldogs,Melbourne,Colin Sylvia,9,0,8,0,0,2,1
2010,7,2010-05-07,M.C.G.,Melbourne,Western Bulldogs,Melbourne,Jack Trengove,12,3,14,0,1,0,4
2010,7,2010-05-07,M.C.G.,Melbourne,Western Bulldogs,Melbourne,Matthew Warnock,6,3,10,0,0,0,3
2010,7,2010-05-07,M.C.G.,Melbourne,Western Bulldogs,Western Bulldogs,Dylan Addison,3,0,3,0,0,0,0
2010,7,2010-05-07,M.C.G.,Melbourne,Western Bulldogs,Western Bulldogs,Jason Akermanis,11,5,8,1,2,0,4
2010,7,2010-05-07,M.C.G.,Melbourne,Western Bulldogs,Western Bulldogs,Matthew Boyd,15,3,4,1,1,1,4
2010,7,2010-05-07,M.C.G.,Melbourne,Western Bulldogs,Western Bulldogs,Adam Cooney,12,1,9,0,0,0,3
2010,7,2010-05-07,M.C.G.,Melbourne,Western Bulldogs,Western Bulldogs,Daniel Cross,13,4,13,0,0,2,6
2010,7,2010-05-07,M.C.G.,Melbourne,Western Bulldogs,Western Bulldogs,Andrejs Everitt,10,6,5,1,0,2,3
2010,7,2010-05-07,M.C.G.,Melbourne,Western Bulldogs,Western Bulldogs,Daniel Giansiracusa,22,8,10,0,1,0,9
2010,7,2010-05-07,M.C.G.,Melbourne,Western Bulldogs,Western Bulldogs,Lindsay Gilbee,11,1,5,0,0,0,2
2010,7,2010-05-07,M.C.G.,Melbourne,Western Bulldogs,Western Bulldogs,Jarrad Grant,5,4,6,1,0,0,6
2010,7,2010-05-07,M.C.G.,Melbourne,Western Bulldogs,Western Bulldogs,Ryan Griffen,19,3,4,1,0,2,9
2010,7,2010-05-07,M.C.G.,Melbourne,Western Bulldogs,Western Bulldogs,Mitch Hahn,9,1,3,0,1,0,4
2010,7,2010-05-07,M.C.G.,Melbourne,Western Bulldogs,Western Bulldogs,Barry Hall,3,1,8,0,1,3,3
2010,7,2010-05-07,M.C.G.,Melbourne,Western Bulldogs,Western Bulldogs,Jarrod Harbrow,14,2,3,0,0,0,4
2010,7,2010-05-07,M.C.G.,Melbourne,Western Bulldogs,Western Bulldogs,Ryan Hargrave,10,3,5,0,0,0,2
2010,7,2010-05-07,M.C.G.,Melbourne,Western Bulldogs,Western Bulldogs,Shaun Higgins,21,4,11,1,1,0,1
2010,7,2010-05-07,M.C.G.,Melbourne,Western Bulldogs,Western Bulldogs,Josh Hill,11,3,2,2,0,0,10
2010,7,2010-05-07,M.C.G.,Melbourne,Western Bulldogs,Western Bulldogs,Ben Hudson,10,4,12,0,0,21,1
2010,7,2010-05-07,M.C.G.,Melbourne,Western Bulldogs,Western Bulldogs,Brian Lake,12,8,2,1,1,0,3
2010,7,2010-05-07,M.C.G.,Melbourne,Western Bulldogs,Western Bulldogs,Dale Morris,6,2,4,0,0,0,3
2010,7,2010-05-07,M.C.G.,Melbourne,Western Bulldogs,Western Bulldogs,Robert Murphy,12,3,6,0,0,0,2
2010,7,2010-05-07,M.C.G.,Melbourne,Western Bulldogs,Western Bulldogs,Brennan Stack,4,1,4,1,1,0,2
2010,7,2010-05-07,M.C.G.,Melbourne,Western Bulldogs,Western Bulldogs,Tom Williams,3,3,4,0,0,6,2
2010,7,2010-05-08,Docklands,Essendon,Port Adelaide,Essendon,Jarrod Atkinson,6,1,7,0,0,0,1
2010,7,2010-05-08,Docklands,Essendon,Port Adelaide,Essendon,Alwyn Davey,6,2,8,3,0,0,7
2010,7,2010-05-08,Docklands,Essendon,Port Adelaide,Essendon,Courtenay Dempsey,10,3,9,0,0,0,8
2010,7,2010-05-08,Docklands,Essendon,Port Adelaide,Essendon,Dustin Fletcher,11,6,3,0,0,0,7
2010,7,2010-05-08,Docklands,Essendon,Port Adelaide,Essendon,Scott Gumbleton,5,3,9,3,0,0,1
2010,7,2010-05-08,Docklands,Essendon,Port Adelaide,Essendon,David Hille,2,1,13,0,0,12,3
2010,7,2010-05-08,Docklands,Essendon,Port Adelaide,Essendon,Heath Hocking,9,1,10,0,0,0,3
2010,7,2010-05-08,Docklands,Essendon,Port Adelaide,Essendon,Cale Hooker,3,5,17,0,0,0,5
2010,7,2010-05-08,Docklands,Essendon,Port Adelaide,Essendon,Ben Howlett,6,2,14,0,0,0,7
2010,7,2010-05-08,Docklands,Essendon,Port Adelaide,Essendon,Michael Hurley,3,5,11,0,0,0,3
2010,7,2010-05-08,Docklands,Essendon,Port Adelaide,Essendon,Sam Lonergan,9,3,12,1,3,0,1
2010,7,2010-05-08,Docklands,Essendon,Port Adelaide,Essendon,Nathan Lovett-Murray,10,5,14,1,0,1,7
2010,7,2010-05-08,Docklands,Essendon,Port Adelaide,Essendon,Mark McVeigh,16,2,4,1,1,0,3
2010,7,2010-05-08,Docklands,Essendon,Port Adelaide,Essendon,Jake Melksham,14,4,7,1,1,0,3
2010,7,2010-05-08,Docklands,Essendon,Port Adelaide,Essendon,Angus Monfries,14,6,11,3,1,0,7
2010,7,2010-05-08,Docklands,Essendon,Port Adelaide,Essendon,Brent Prismall,15,5,8,0,1,0,8
2010,7,2010-05-08,Docklands,Essendon,Port Adelaide,Essendon,Paddy Ryder,8,7,6,1,0,21,4
2010,7,2010-05-08,Docklands,Essendon,Port Adelaide,Essendon,Henry Slattery,2,0,2,0,0,0,4
2010,7,2010-05-08,Docklands,Essendon,Port Adelaide,Essendon,Brent Stanton,11,4,16,1,1,0,6
2010,7,2010-05-08,Docklands,Essendon,Port Adelaide,Essendon,Jobe Watson,11,5,20,0,0,1,5
2010,7,2010-05-08,Docklands,Essendon,Port Adelaide,Essendon,Jason Winderlich,7,6,17,0,0,0,10
2010,7,2010-05-08,Docklands,Essendon,Port Adelaide,Essendon,David Zaharakis,10,6,6,1,0,0,2
2010,7,2010-05-08,Docklands,Essendon,Port Adelaide,Port Adelaide,Travis Boak,13,2,14,1,0,0,8
2010,7,2010-05-08,Docklands,Essendon,Port Adelaide,Port Adelaide,Dean Brogan,6,3,6,0,0,44,3
2010,7,2010-05-08,Docklands,Essendon,Port Adelaide,Port Adelaide,Alipate Carlile,9,5,6,0,0,0,3
2010,7,2010-05-08,Docklands,Essendon,Port Adelaide,Port Adelaide,Domenic Cassisi,6,3,16,0,0,0,14
2010,7,2010-05-08,Docklands,Essendon,Port Adelaide,Port Adelaide,Troy Chaplin,6,4,8,0,0,1,1
2010,7,2010-05-08,Docklands,Essendon,Port Adelaide,Port Adelaide,Chad Cornes,12,2,9,1,0,2,5
2010,7,2010-05-08,Docklands,Essendon,Port Adelaide,Port Adelaide,Kane Cornes,14,3,15,0,0,0,8
2010,7,2010-05-08,Docklands,Essendon,Port Adelaide,Port Adelaide,Jason Davenport,4,2,5,1,0,0,2
2010,7,2010-05-08,Docklands,Essendon,Port Adelaide,Port Adelaide,Brett Ebert,11,8,5,3,1,0,2
2010,7,2010-05-08,Docklands,Essendon,Port Adelaide,Port Adelaide,Robbie Gray,7,3,4,2,0,0,4
2010,7,2010-05-08,Docklands,Essendon,Port Adelaide,Port Adelaide,Nathan Krakouer,7,4,9,0,0,0,3
2010,7,2010-05-08,Docklands,Essendon,Port Adelaide,Port Adelaide,Tom Logan,3,2,6,0,1,0,2
2010,7,2010-05-08,Docklands,Essendon,Port Adelaide,Port Adelaide,Daniel Motlop,9,6,4,3,1,0,3
2010,7,2010-05-08,Docklands,Essendon,Port Adelaide,Port Adelaide,Danyle Pearce,19,3,10,2,1,0,3
2010,7,2010-05-08,Docklands,Essendon,Port Adelaide,Port Adelaide,David Rodan,11,1,8,0,1,1,4
2010,7,2010-05-08,Docklands,Essendon,Port Adelaide,Port Adelaide,Steven Salopek,8,3,7,0,0,0,2
2010,7,2010-05-08,Docklands,Essendon,Port Adelaide,Port Adelaide,Paul Stewart,9,5,7,0,0,0,4
2010,7,2010-05-08,Docklands,Essendon,Port Adelaide,Port Adelaide,Jacob Surjan,3,3,6,0,0,0,3
2010,7,2010-05-08,Docklands,Essendon,Port Adelaide,Port Adelaide,Matt Thomas,5,4,10,0,0,0,7
2010,7,2010-05-08,Docklands,Essendon,Port Adelaide,Port Adelaide,Warren Tredrea,1,0,3,0,0,0,0
2010,7,2010-05-08,Docklands,Essendon,Port Adelaide,Port Adelaide,Jackson Trengove,3,3,8,1,1,8,6
2010,7,2010-05-08,Docklands,Essendon,Port Adelaide,Port Adelaide,Justin Westhoff,13,5,6,3,0,2,4
2010,7,2010-05-08,Subiaco,West Coast,Hawthorn,West Coast,Dean Cox,7,5,9,1,0,35,3
2010,7,2010-05-08,Subiaco,West Coast,Hawthorn,West Coast,Bradd Dalziell,7,5,15,0,0,0,1
2010,7,2010-05-08,Subiaco,West Coast,Hawthorn,West Coast,Brad Ebert,14,4,3,0,1,0,6
2010,7,2010-05-08,Subiaco,West Coast,Hawthorn,West Coast,Darren Glass,4,6,6,0,0,0,1
2010,7,2010-05-08,Subiaco,West Coast,Hawthorn,West Coast,Ashton Hams,6,3,2,0,0,0,2
2010,7,2010-05-08,Subiaco,West Coast,Hawthorn,West Coast,Shannon Hurn,14,5,1,0,0,0,3
2010,7,2010-05-08,Subiaco,West Coast,Hawthorn,West Coast,Josh Kennedy,12,6,3,6,2,0,4
2010,7,2010-05-08,Subiaco,West Coast,Hawthorn,West Coast,Mark LeCras,14,4,2,4,0,0,1
2010,7,2010-05-08,Subiaco,West Coast,Hawthorn,West Coast,Quinten Lynch,12,8,3,2,3,0,1
2010,7,2010-05-08,Subiaco,West Coast,Hawthorn,West Coast,Eric Mackenzie,6,5,6,0,0,0,4
2010,7,2010-05-08,Subiaco,West Coast,Hawthorn,West Coast,Patrick McGinnity,4,1,4,0,0,0,2
2010,7,2010-05-08,Subiaco,West Coast,Hawthorn,West Coast,Ben McKinley,9,4,3,2,2,0,4
2010,7,2010-05-08,Subiaco,West Coast,Hawthorn,West Coast,Nic Naitanui,7,3,12,0,2,22,1
2010,7,2010-05-08,Subiaco,West Coast,Hawthorn,West Coast,Mark Nicoski,8,3,5,0,0,0,5
2010,7,2010-05-08,Subiaco,West Coast,Hawthorn,West Coast,Matt Priddis,7,2,13,0,0,0,9
2010,7,2010-05-08,Subiaco,West Coast,Hawthorn,West Coast,Matt Rosa,8,1,4,0,0,0,1
2010,7,2010-05-08,Subiaco,West Coast,Hawthorn,West Coast,Will Schofield,4,0,7,0,0,2,3
2010,7,2010-05-08,Subiaco,West Coast,Hawthorn,West Coast,Adam Selwood,10,3,12,0,0,1,1
2010,7,2010-05-08,Subiaco,West Coast,Hawthorn,West Coast,Brad Sheppard,6,1,4,0,0,0,2
2010,7,2010-05-08,Subiaco,West Coast,Hawthorn,West Coast,Lewis Stevenson,12,8,5,0,0,0,2
2010,7,2010-05-08,Subiaco,West Coast,Hawthorn,West Coast,Tom Swift,7,2,12,0,0,0,6
2010,7,2010-05-08,Subiaco,West Coast,Hawthorn,West Coast,Beau Waters,8,6,6,0,0,0,3
2010,7,2010-05-08,Subiaco,West Coast,Hawthorn,Hawthorn,Chance Bateman,6,5,3,0,0,0,2
2010,7,2010-05-08,Subiaco,West Coast,Hawthorn,Hawthorn,Grant Birchall,12,8,8,2,0,0,3
2010,7,2010-05-08,Subiaco,West Coast,Hawthorn,Hawthorn,Campbell Brown,14,8,6,0,0,0,2
2010,7,2010-05-08,Subiaco,West Coast,Hawthorn,Hawthorn,Xavier Ellis,11,3,4,0,0,0,5
2010,7,2010-05-08,Subiaco,West Coast,Hawthorn,Hawthorn,Stephen Gilham,6,7,6,0,0,1,3
2010,7,2010-05-08,Subiaco,West Coast,Hawthorn,Hawthorn,Brent Guerra,15,4,5,0,0,0,1
2010,7,2010-05-08,Subiaco,West Coast,Hawthorn,Hawthorn,Luke Hodge,14,3,8,0,0,0,5
2010,7,2010-05-08,Subiaco,West Coast,Hawthorn,Hawthorn,Rick Ladson,6,4,6,0,0,0,1
2010,7,2010-05-08,Subiaco,West Coast,Hawthorn,Hawthorn,Jordan Lewis,14,4,17,0,1,0,4
2010,7,2010-05-08,Subiaco,West Coast,Hawthorn,Hawthorn,Jarryd Morton,6,3,6,1,1,2,0
2010,7,2010-05-08,Subiaco,West Coast,Hawthorn,Hawthorn,Beau Muston,7,3,8,1,0,0,4
2010,7,2010-05-08,Subiaco,West Coast,Hawthorn,Hawthorn,Carl Peterson,9,8,5,1,2,3,1
2010,7,2010-05-08,Subiaco,West Coast,Hawthorn,Hawthorn,Brent Renouf,2,4,11,0,0,19,7
2010,7,2010-05-08,Subiaco,West Coast,Hawthorn,Hawthorn,Cyril Rioli,8,5,7,0,0,0,4
2010,7,2010-05-08,Subiaco,West Coast,Hawthorn,Hawthorn,Jarryd Roughead,14,7,4,6,3,0,3
2010,7,2010-05-08,Subiaco,West Coast,Hawthorn,Hawthorn,Ryan Schoenmakers,2,2,1,0,0,5,2
2010,7,2010-05-08,Subiaco,West Coast,Hawthorn,Hawthorn,Brad Sewell,6,3,9,0,0,0,10
2010,7,2010-05-08,Subiaco,West Coast,Hawthorn,Hawthorn,Liam Shiels,4,0,0,0,0,0,5
2010,7,2010-05-08,Subiaco,West Coast,Hawthorn,Hawthorn,Ben Stratton,6,3,2,0,0,0,3
2010,7,2010-05-08,Subiaco,West Coast,Hawthorn,Hawthorn,Matt Suckling,9,1,8,0,0,0,0
2010,7,2010-05-08,Subiaco,West Coast,Hawthorn,Hawthorn,Brendan Whitecross,10,7,4,2,2,0,2
2010,7,2010-05-08,Subiaco,West Coast,Hawthorn,Hawthorn,Clinton Young,9,5,6,1,0,0,4
2010,7,2010-05-08,M.C.G.,Collingwood,North Melbourne,Collingwood,Luke Ball,12,6,16,0,0,0,9
2010,7,2010-05-08,M.C.G.,Collingwood,North Melbourne,Collingwood,Dayne Beams,8,4,14,0,1,0,5
2010,7,2010-05-08,M.C.G.,Collingwood,North Melbourne,Collingwood,Nathan Brown,5,5,10,0,0,0,0
2010,7,2010-05-08,M.C.G.,Collingwood,North Melbourne,Collingwood,Travis Cloke,8,4,5,1,1,0,1
2010,7,2010-05-08,M.C.G.,Collingwood,North Melbourne,Collingwood,Leon Davis,13,3,7,2,2,0,4
2010,7,2010-05-08,M.C.G.,Collingwood,North Melbourne,Collingwood,Chris Dawes,7,4,6,2,0,0,2
2010,7,2010-05-08,M.C.G.,Collingwood,North Melbourne,Collingwood,Alan Didak,17,4,12,2,4,0,1
2010,7,2010-05-08,M.C.G.,Collingwood,North Melbourne,Collingwood,Ben Johnson,11,5,12,1,1,0,3
2010,7,2010-05-08,M.C.G.,Collingwood,North Melbourne,Collingwood,Darren Jolly,7,5,5,2,0,22,2
2010,7,2010-05-08,M.C.G.,Collingwood,North Melbourne,Collingwood,Heritier Lumumba,9,1,9,0,0,0,3
2010,7,2010-05-08,M.C.G.,Collingwood,North Melbourne,Collingwood,Brent Macaffer,5,4,11,0,2,0,8
2010,7,2010-05-08,M.C.G.,Collingwood,North Melbourne,Collingwood,Nick Maxwell,7,6,9,0,0,0,1
2010,7,2010-05-08,M.C.G.,Collingwood,North Melbourne,Collingwood,Paul Medhurst,8,3,5,3,0,0,5
2010,7,2010-05-08,M.C.G.,Collingwood,North Melbourne,Collingwood,Shane OBree,9,6,16,1,1,0,4
2010,7,2010-05-08,M.C.G.,Collingwood,North Melbourne,Collingwood,Scott Pendlebury,9,2,17,0,0,0,5
2010,7,2010-05-08,M.C.G.,Collingwood,North Melbourne,Collingwood,Ben Reid,12,8,8,0,0,0,0
2010,7,2010-05-08,M.C.G.,Collingwood,North Melbourne,Collingwood,Heath Shaw,22,7,11,1,0,0,0
2010,7,2010-05-08,M.C.G.,Collingwood,North Melbourne,Collingwood,Steele Sidebottom,10,3,6,5,1,0,3
2010,7,2010-05-08,M.C.G.,Collingwood,North Melbourne,Collingwood,Dane Swan,19,5,19,0,0,0,3
2010,7,2010-05-08,M.C.G.,Collingwood,North Melbourne,Collingwood,Dale Thomas,16,6,13,1,0,0,2
2010,7,2010-05-08,M.C.G.,Collingwood,North Melbourne,Collingwood,Alan Toovey,8,3,3,1,0,0,5
2010,7,2010-05-08,M.C.G.,Collingwood,North Melbourne,Collingwood,Cameron Wood,4,2,7,1,0,16,1
2010,7,2010-05-08,M.C.G.,Collingwood,North Melbourne,North Melbourne,Leigh Adams,11,4,14,0,1,0,4
2010,7,2010-05-08,M.C.G.,Collingwood,North Melbourne,North Melbourne,Liam Anthony,12,4,11,0,0,0,3
2010,7,2010-05-08,M.C.G.,Collingwood,North Melbourne,North Melbourne,Ryan Bastinac,14,3,8,0,1,0,1
2010,7,2010-05-08,M.C.G.,Collingwood,North Melbourne,North Melbourne,Ben Cunnington,6,2,10,0,0,0,8
2010,7,2010-05-08,M.C.G.,Collingwood,North Melbourne,North Melbourne,Aaron Edwards,7,4,5,2,0,0,0
2010,7,2010-05-08,M.C.G.,Collingwood,North Melbourne,North Melbourne,Michael Firrito,10,2,7,0,0,0,3
2010,7,2010-05-08,M.C.G.,Collingwood,North Melbourne,North Melbourne,Cruize Garlett,4,0,12,1,0,0,2
2010,7,2010-05-08,M.C.G.,Collingwood,North Melbourne,North Melbourne,Todd Goldstein,5,8,9,0,0,11,3
2010,7,2010-05-08,M.C.G.,Collingwood,North Melbourne,North Melbourne,Nathan Grima,11,6,6,0,0,0,6
2010,7,2010-05-08,M.C.G.,Collingwood,North Melbourne,North Melbourne,David Hale,8,6,3,2,1,4,2
2010,7,2010-05-08,M.C.G.,Collingwood,North Melbourne,North Melbourne,Lachlan Hansen,8,3,4,0,0,0,1
2010,7,2010-05-08,M.C.G.,Collingwood,North Melbourne,North Melbourne,Brent Harvey,17,3,15,1,2,0,4
2010,7,2010-05-08,M.C.G.,Collingwood,North Melbourne,North Melbourne,Hamish McIntosh,5,3,6,0,0,25,0
2010,7,2010-05-08,M.C.G.,Collingwood,North Melbourne,North Melbourne,Scott McMahon,8,2,4,0,0,0,3
2010,7,2010-05-08,M.C.G.,Collingwood,North Melbourne,North Melbourne,Brady Rawlings,10,5,23,0,0,0,3
2010,7,2010-05-08,M.C.G.,Collingwood,North Melbourne,North Melbourne,Andrew Swallow,10,2,14,1,0,0,7
2010,7,2010-05-08,M.C.G.,Collingwood,North Melbourne,North Melbourne,Lindsay Thomas,10,2,2,3,1,0,4
2010,7,2010-05-08,M.C.G.,Collingwood,North Melbourne,North Melbourne,Scott Thompson,4,3,10,0,0,0,2
2010,7,2010-05-08,M.C.G.,Collingwood,North Melbourne,North Melbourne,Ben Warren,6,4,6,2,1,0,1
2010,7,2010-05-08,M.C.G.,Collingwood,North Melbourne,North Melbourne,Daniel Wells,8,3,8,2,0,0,3
2010,7,2010-05-08,M.C.G.,Collingwood,North Melbourne,North Melbourne,Sam Wright,10,7,11,0,0,0,2
2010,7,2010-05-08,M.C.G.,Collingwood,North Melbourne,North Melbourne,Jack Ziebell,12,4,4,0,0,0,3
2010,7,2010-05-08,Gabba,Brisbane Lions,Fremantle,Brisbane Lions,Jed Adcock,11,4,7,0,0,0,1
2010,7,2010-05-08,Gabba,Brisbane Lions,Fremantle,Brisbane Lions,Matt Austin,5,2,9,0,1,0,1
2010,7,2010-05-08,Gabba,Brisbane Lions,Fremantle,Brisbane Lions,Todd Banfield,7,4,3,2,0,0,3
2010,7,2010-05-08,Gabba,Brisbane Lions,Fremantle,Brisbane Lions,Simon Black,14,4,22,2,1,0,8
2010,7,2010-05-08,Gabba,Brisbane Lions,Fremantle,Brisbane Lions,Jared Brennan,7,5,8,0,0,1,3
2010,7,2010-05-08,Gabba,Brisbane Lions,Fremantle,Brisbane Lions,Jonathan Brown,5,3,8,1,0,1,1
2010,7,2010-05-08,Gabba,Brisbane Lions,Fremantle,Brisbane Lions,Josh Drummond,5,1,2,1,0,0,1
2010,7,2010-05-08,Gabba,Brisbane Lions,Fremantle,Brisbane Lions,Brendan Fevola,6,3,0,3,0,0,2
2010,7,2010-05-08,Gabba,Brisbane Lions,Fremantle,Brisbane Lions,Pearce Hanley,5,1,5,0,0,0,1
2010,7,2010-05-08,Gabba,Brisbane Lions,Fremantle,Brisbane Lions,James Hawksley,6,5,10,0,0,0,4
2010,7,2010-05-08,Gabba,Brisbane Lions,Fremantle,Brisbane Lions,Travis Johnstone,7,3,9,0,0,0,3
2010,7,2010-05-08,Gabba,Brisbane Lions,Fremantle,Brisbane Lions,Matthew Leuenberger,2,2,13,0,0,19,0
2010,7,2010-05-08,Gabba,Brisbane Lions,Fremantle,Brisbane Lions,Ashley McGrath,16,5,7,1,2,0,2
2010,7,2010-05-08,Gabba,Brisbane Lions,Fremantle,Brisbane Lions,James Polkinghorne,7,5,12,0,0,0,2
2010,7,2010-05-08,Gabba,Brisbane Lions,Fremantle,Brisbane Lions,Luke Power,12,2,11,0,0,0,7
2010,7,2010-05-08,Gabba,Brisbane Lions,Fremantle,Brisbane Lions,Jack Redden,5,4,6,0,0,0,3
2010,7,2010-05-08,Gabba,Brisbane Lions,Fremantle,Brisbane Lions,Daniel Rich,10,3,11,1,0,0,5
2010,7,2010-05-08,Gabba,Brisbane Lions,Fremantle,Brisbane Lions,Michael Rischitelli,14,2,14,1,0,0,2
2010,7,2010-05-08,Gabba,Brisbane Lions,Fremantle,Brisbane Lions,Tom Rockliff,9,3,8,1,0,0,2
2010,7,2010-05-08,Gabba,Brisbane Lions,Fremantle,Brisbane Lions,Justin Sherman,14,3,8,1,2,0,1
2010,7,2010-05-08,Gabba,Brisbane Lions,Fremantle,Brisbane Lions,Brent Staker,11,4,6,0,0,0,0
2010,7,2010-05-08,Gabba,Brisbane Lions,Fremantle,Brisbane Lions,Cheynee Stiller,10,8,6,1,0,0,2
2010,7,2010-05-08,Gabba,Brisbane Lions,Fremantle,Fremantle,Hayden Ballantyne,10,1,8,2,2,0,1
2010,7,2010-05-08,Gabba,Brisbane Lions,Fremantle,Fremantle,Michael Barlow,8,3,19,1,0,1,4
2010,7,2010-05-08,Gabba,Brisbane Lions,Fremantle,Fremantle,Kepler Bradley,9,5,16,0,2,6,2
2010,7,2010-05-08,Gabba,Brisbane Lions,Fremantle,Fremantle,Greg Broughton,13,4,8,0,0,0,4
2010,7,2010-05-08,Gabba,Brisbane Lions,Fremantle,Fremantle,Ryan Crowley,7,6,9,0,2,1,3
2010,7,2010-05-08,Gabba,Brisbane Lions,Fremantle,Fremantle,Matt de Boer,4,0,5,0,0,1,3
2010,7,2010-05-08,Gabba,Brisbane Lions,Fremantle,Fremantle,Paul Duffield,11,4,2,0,0,0,4
2010,7,2010-05-08,Gabba,Brisbane Lions,Fremantle,Fremantle,Nat Fyfe,8,5,7,1,0,0,1
2010,7,2010-05-08,Gabba,Brisbane Lions,Fremantle,Fremantle,Paul Hasleby,9,5,14,2,1,0,4
2010,7,2010-05-08,Gabba,Brisbane Lions,Fremantle,Fremantle,Roger Hayden,8,3,6,0,0,0,2
2010,7,2010-05-08,Gabba,Brisbane Lions,Fremantle,Fremantle,Stephen Hill,18,2,14,0,2,0,3
2010,7,2010-05-08,Gabba,Brisbane Lions,Fremantle,Fremantle,Michael Johnson,9,3,4,2,2,0,4
2010,7,2010-05-08,Gabba,Brisbane Lions,Fremantle,Fremantle,Chris Mayne,6,4,9,1,0,0,5
2010,7,2010-05-08,Gabba,Brisbane Lions,Fremantle,Fremantle,Luke McPharlin,3,0,4,0,0,0,4
2010,7,2010-05-08,Gabba,Brisbane Lions,Fremantle,Fremantle,Adam McPhee,8,6,10,0,0,1,5
2010,7,2010-05-08,Gabba,Brisbane Lions,Fremantle,Fremantle,Anthony Morabito,8,5,3,1,4,0,2
2010,7,2010-05-08,Gabba,Brisbane Lions,Fremantle,Fremantle,David Mundy,14,4,15,0,0,1,1
2010,7,2010-05-08,Gabba,Brisbane Lions,Fremantle,Fremantle,Rhys Palmer,11,6,11,1,1,0,4
2010,7,2010-05-08,Gabba,Brisbane Lions,Fremantle,Fremantle,Matthew Pavlich,17,9,10,3,4,0,5
2010,7,2010-05-08,Gabba,Brisbane Lions,Fremantle,Fremantle,Dylan Roberton,4,1,8,0,0,0,2
2010,7,2010-05-08,Gabba,Brisbane Lions,Fremantle,Fremantle,Aaron Sandilands,5,6,16,1,1,27,3
2010,7,2010-05-08,Gabba,Brisbane Lions,Fremantle,Fremantle,Chris Tarrant,8,0,0,0,0,2,4
2010,7,2010-05-09,Kardinia Park,Geelong,Sydney,Geelong,Gary Ablett,20,10,18,2,0,0,7
2010,7,2010-05-09,Kardinia Park,Geelong,Sydney,Geelong,Jimmy Bartel,11,3,12,0,0,4,7
2010,7,2010-05-09,Kardinia Park,Geelong,Sydney,Geelong,Mark Blake,4,3,4,1,0,33,1
2010,7,2010-05-09,Kardinia Park,Geelong,Sydney,Geelong,Shannon Byrnes,8,3,7,1,0,0,3
2010,7,2010-05-09,Kardinia Park,Geelong,Sydney,Geelong,Paul Chapman,17,7,10,3,0,0,7
2010,7,2010-05-09,Kardinia Park,Geelong,Sydney,Geelong,Corey Enright,15,7,6,0,0,0,2
2010,7,2010-05-09,Kardinia Park,Geelong,Sydney,Geelong,Tom Hawkins,5,6,6,0,0,9,6
2010,7,2010-05-09,Kardinia Park,Geelong,Sydney,Geelong,Simon Hogan,6,3,12,1,0,0,4
2010,7,2010-05-09,Kardinia Park,Geelong,Sydney,Geelong,Josh Hunt,10,4,7,0,0,1,3
2010,7,2010-05-09,Kardinia Park,Geelong,Sydney,Geelong,Steve Johnson,17,8,2,2,2,0,4
2010,7,2010-05-09,Kardinia Park,Geelong,Sydney,Geelong,James Kelly,11,2,11,1,0,0,5
2010,7,2010-05-09,Kardinia Park,Geelong,Sydney,Geelong,Cameron Ling,10,5,9,0,1,0,3
2010,7,2010-05-09,Kardinia Park,Geelong,Sydney,Geelong,Tom Lonergan,3,3,2,0,0,0,3
2010,7,2010-05-09,Kardinia Park,Geelong,Sydney,Geelong,Andrew Mackie,14,10,6,0,0,0,3
2010,7,2010-05-09,Kardinia Park,Geelong,Sydney,Geelong,Darren Milburn,12,8,6,0,0,0,6
2010,7,2010-05-09,Kardinia Park,Geelong,Sydney,Geelong,Cameron Mooney,11,5,3,0,2,0,3
2010,7,2010-05-09,Kardinia Park,Geelong,Sydney,Geelong,James Podsiadly,13,8,8,5,2,0,3
2010,7,2010-05-09,Kardinia Park,Geelong,Sydney,Geelong,Matthew Scarlett,6,1,7,0,0,0,1
2010,7,2010-05-09,Kardinia Park,Geelong,Sydney,Geelong,Joel Selwood,13,3,13,0,0,1,7
2010,7,2010-05-09,Kardinia Park,Geelong,Sydney,Geelong,Harry Taylor,10,3,10,0,0,0,1
2010,7,2010-05-09,Kardinia Park,Geelong,Sydney,Geelong,Travis Varcoe,8,1,6,3,2,0,5
2010,7,2010-05-09,Kardinia Park,Geelong,Sydney,Geelong,David Wojcinski,5,2,8,0,1,0,2
2010,7,2010-05-09,Kardinia Park,Geelong,Sydney,Sydney,Ed Barlow,5,2,6,1,0,0,3
2010,7,2010-05-09,Kardinia Park,Geelong,Sydney,Sydney,Jude Bolton,5,2,15,0,0,0,3
2010,7,2010-05-09,Kardinia Park,Geelong,Sydney,Sydney,Daniel Bradshaw,2,2,0,1,0,0,0
2010,7,2010-05-09,Kardinia Park,Geelong,Sydney,Sydney,Adam Goodes,9,5,7,1,1,0,3
2010,7,2010-05-09,Kardinia Park,Geelong,Sydney,Sydney,Heath Grundy,9,7,10,0,0,0,2
2010,7,2010-05-09,Kardinia Park,Geelong,Sydney,Sydney,Kieren Jack,12,3,4,2,0,0,7
2010,7,2010-05-09,Kardinia Park,Geelong,Sydney,Sydney,Lewis Jetta,9,3,6,0,1,0,4
2010,7,2010-05-09,Kardinia Park,Geelong,Sydney,Sydney,Josh Kennedy,7,1,14,0,0,0,7
2010,7,2010-05-09,Kardinia Park,Geelong,Sydney,Sydney,Tadhg Kennelly,13,5,12,0,0,0,0
2010,7,2010-05-09,Kardinia Park,Geelong,Sydney,Sydney,Brett Kirk,10,1,10,0,0,0,5
2010,7,2010-05-09,Kardinia Park,Geelong,Sydney,Sydney,Nick Malceski,12,5,11,0,0,0,4
2010,7,2010-05-09,Kardinia Park,Geelong,Sydney,Sydney,Martin Mattner,6,2,2,0,0,0,3
2010,7,2010-05-09,Kardinia Park,Geelong,Sydney,Sydney,Jarrad McVeigh,11,3,5,1,1,0,1
2010,7,2010-05-09,Kardinia Park,Geelong,Sydney,Sydney,Jarred Moore,3,1,4,0,0,0,0
2010,7,2010-05-09,Kardinia Park,Geelong,Sydney,Sydney,Shane Mumford,6,3,8,0,0,25,8
2010,7,2010-05-09,Kardinia Park,Geelong,Sydney,Sydney,Ryan OKeefe,11,5,6,1,0,0,4
2010,7,2010-05-09,Kardinia Park,Geelong,Sydney,Sydney,Mike Pyke,3,2,10,0,0,18,0
2010,7,2010-05-09,Kardinia Park,Geelong,Sydney,Sydney,Ted Richards,7,4,7,0,1,0,1
2010,7,2010-05-09,Kardinia Park,Geelong,Sydney,Sydney,Gary Rohan,2,1,2,1,0,0,6
2010,7,2010-05-09,Kardinia Park,Geelong,Sydney,Sydney,Rhyce Shaw,16,6,6,0,0,0,1
2010,7,2010-05-09,Kardinia Park,Geelong,Sydney,Sydney,Nick Smith,8,3,6,0,0,0,1
2010,7,2010-05-09,Kardinia Park,Geelong,Sydney,Sydney,Jesse White,5,3,3,1,0,0,2
2010,7,2010-05-09,Football Park,Adelaide,Richmond,Adelaide,Nathan Bock,11,6,9,0,0,0,1
2010,7,2010-05-09,Football Park,Adelaide,Richmond,Adelaide,Brett Burton,11,7,1,0,2,0,1
2010,7,2010-05-09,Football Park,Adelaide,Richmond,Adelaide,Myke Cook,6,3,4,0,0,2,1
2010,7,2010-05-09,Football Park,Adelaide,Richmond,Adelaide,Phil Davis,7,3,3,0,0,0,1
2010,7,2010-05-09,Football Park,Adelaide,Richmond,Adelaide,Michael Doughty,7,3,5,1,0,0,1
2010,7,2010-05-09,Football Park,Adelaide,Richmond,Adelaide,Richard Douglas,14,8,5,2,1,0,4
2010,7,2010-05-09,Football Park,Adelaide,Richmond,Adelaide,Tyson Edwards,10,5,7,0,0,0,4
2010,7,2010-05-09,Football Park,Adelaide,Richmond,Adelaide,Simon Goodwin,18,3,12,0,0,0,5
2010,7,2010-05-09,Football Park,Adelaide,Richmond,Adelaide,Matthew Jaensch,5,2,2,0,1,0,3
2010,7,2010-05-09,Football Park,Adelaide,Richmond,Adelaide,Graham Johncock,12,8,9,1,0,0,2
2010,7,2010-05-09,Football Park,Adelaide,Richmond,Adelaide,Ivan Maric,6,4,5,0,0,37,2
2010,7,2010-05-09,Football Park,Adelaide,Richmond,Adelaide,Andrew McLeod,14,4,5,2,0,0,3
2010,7,2010-05-09,Football Park,Adelaide,Richmond,Adelaide,Jared Petrenko,6,3,10,1,0,0,4
2010,7,2010-05-09,Football Park,Adelaide,Richmond,Adelaide,Jason Porplyzia,7,1,4,3,0,0,2
2010,7,2010-05-09,Football Park,Adelaide,Richmond,Adelaide,Brent Reilly,11,5,8,0,1,1,8
2010,7,2010-05-09,Football Park,Adelaide,Richmond,Adelaide,Ben Rutten,4,5,11,0,0,0,3
2010,7,2010-05-09,Football Park,Adelaide,Richmond,Adelaide,Chris Schmidt,8,7,9,0,0,0,1
2010,7,2010-05-09,Football Park,Adelaide,Richmond,Adelaide,Scott Stevens,5,4,2,0,0,2,3
2010,7,2010-05-09,Football Park,Adelaide,Richmond,Adelaide,Scott Thompson,13,8,10,1,3,0,7
2010,7,2010-05-09,Football Park,Adelaide,Richmond,Adelaide,Kurt Tippett,9,5,1,4,3,14,0
2010,7,2010-05-09,Football Park,Adelaide,Richmond,Adelaide,Nathan van Berlo,13,10,14,0,0,2,3
2010,7,2010-05-09,Football Park,Adelaide,Richmond,Adelaide,Bernie Vince,14,8,10,0,0,0,8
2010,7,2010-05-09,Football Park,Adelaide,Richmond,Richmond,David Astbury,2,3,3,0,0,0,2
2010,7,2010-05-09,Football Park,Adelaide,Richmond,Richmond,Andrew Collins,8,3,6,0,0,1,3
2010,7,2010-05-09,Football Park,Adelaide,Richmond,Richmond,Trent Cotchin,10,3,8,0,1,0,7
2010,7,2010-05-09,Football Park,Adelaide,Richmond,Richmond,Brett Deledio,16,9,8,0,0,0,0
2010,7,2010-05-09,Football Park,Adelaide,Richmond,Richmond,Shane Edwards,14,4,9,1,2,0,2
2010,7,2010-05-09,Football Park,Adelaide,Richmond,Richmond,Daniel Jackson,11,4,8,0,0,0,12
2010,7,2010-05-09,Football Park,Adelaide,Richmond,Richmond,Dustin Martin,13,1,6,0,0,0,2
2010,7,2010-05-09,Football Park,Adelaide,Richmond,Richmond,Luke McGuane,8,5,9,0,0,0,2
2010,7,2010-05-09,Football Park,Adelaide,Richmond,Richmond,Kelvin Moore,14,11,9,0,1,0,4
2010,7,2010-05-09,Football Park,Adelaide,Richmond,Richmond,Robin Nahas,7,3,4,2,2,0,5
2010,7,2010-05-09,Football Park,Adelaide,Richmond,Richmond,Ben Nason,7,3,5,0,0,0,3
2010,7,2010-05-09,Football Park,Adelaide,Richmond,Richmond,Chris Newman,9,4,5,0,0,0,4
2010,7,2010-05-09,Football Park,Adelaide,Richmond,Richmond,Graham Polak,8,6,4,0,1,4,4
2010,7,2010-05-09,Football Park,Adelaide,Richmond,Richmond,Dean Polo,5,1,7,0,0,0,1
2010,7,2010-05-09,Football Park,Adelaide,Richmond,Richmond,Alex Rance,5,2,4,0,1,0,3
2010,7,2010-05-09,Football Park,Adelaide,Richmond,Richmond,Jack Riewoldt,7,5,1,2,0,1,3
2010,7,2010-05-09,Football Park,Adelaide,Richmond,Richmond,Richard Tambling,10,9,6,0,0,0,4
2010,7,2010-05-09,Football Park,Adelaide,Richmond,Richmond,Will Thursfield,9,7,4,0,0,0,2
2010,7,2010-05-09,Football Park,Adelaide,Richmond,Richmond,Shane Tuck,10,9,12,1,0,1,6
2010,7,2010-05-09,Football Park,Adelaide,Richmond,Richmond,Ty Vickery,1,2,7,0,0,18,2
2010,7,2010-05-09,Football Park,Adelaide,Richmond,Richmond,Jeromey Webberley,12,4,2,0,0,0,2
2010,7,2010-05-09,Football Park,Adelaide,Richmond,Richmond,Matt White,5,2,0,1,1,0,3
2010,7,2010-05-10,Docklands,St Kilda,Carlton,St Kilda,Steven Baker,7,5,6,0,0,0,3
2010,7,2010-05-10,Docklands,St Kilda,Carlton,St Kilda,Jason Blake,6,4,3,0,0,0,3
2010,7,2010-05-10,Docklands,St Kilda,Carlton,St Kilda,Raphael Clarke,7,2,5,0,0,0,5
2010,7,2010-05-10,Docklands,St Kilda,Carlton,St Kilda,Nick Dal Santo,8,3,4,0,0,1,1
2010,7,2010-05-10,Docklands,St Kilda,Carlton,St Kilda,Zac Dawson,7,5,5,0,3,0,1
2010,7,2010-05-10,Docklands,St Kilda,Carlton,St Kilda,Sam Fisher,4,2,2,0,1,1,4
2010,7,2010-05-10,Docklands,St Kilda,Carlton,St Kilda,Michael Gardiner,3,3,3,0,0,27,1
2010,7,2010-05-10,Docklands,St Kilda,Carlton,St Kilda,Jarryn Geary,10,6,4,0,2,0,2
2010,7,2010-05-10,Docklands,St Kilda,Carlton,St Kilda,Sam Gilbert,11,8,9,0,1,0,2
2010,7,2010-05-10,Docklands,St Kilda,Carlton,St Kilda,Brendon Goddard,14,4,12,1,1,1,6
2010,7,2010-05-10,Docklands,St Kilda,Carlton,St Kilda,Jason Gram,13,5,7,2,0,0,2
2010,7,2010-05-10,Docklands,St Kilda,Carlton,St Kilda,James Gwilt,6,2,7,1,0,0,1
2010,7,2010-05-10,Docklands,St Kilda,Carlton,St Kilda,Lenny Hayes,15,1,14,0,1,1,8
2010,7,2010-05-10,Docklands,St Kilda,Carlton,St Kilda,Clinton Jones,6,2,12,0,0,0,5
2010,7,2010-05-10,Docklands,St Kilda,Carlton,St Kilda,Steven King,2,2,3,0,0,11,1
2010,7,2010-05-10,Docklands,St Kilda,Carlton,St Kilda,Justin Koschitzke,4,6,3,0,1,3,0
2010,7,2010-05-10,Docklands,St Kilda,Carlton,St Kilda,Andrew McQualter,6,4,5,0,1,0,4
2010,7,2010-05-10,Docklands,St Kilda,Carlton,St Kilda,Stephen Milne,11,2,4,1,1,0,0
2010,7,2010-05-10,Docklands,St Kilda,Carlton,St Kilda,Leigh Montagna,10,0,13,1,0,0,4
2010,7,2010-05-10,Docklands,St Kilda,Carlton,St Kilda,Farren Ray,15,9,9,0,0,0,7
2010,7,2010-05-10,Docklands,St Kilda,Carlton,St Kilda,Adam Schneider,8,1,7,1,0,0,4
2010,7,2010-05-10,Docklands,St Kilda,Carlton,St Kilda,Jack Steven,4,1,4,2,1,0,4
2010,7,2010-05-10,Docklands,St Kilda,Carlton,Carlton,Dennis Armfield,8,8,9,0,0,0,4
2010,7,2010-05-10,Docklands,St Kilda,Carlton,Carlton,Eddie Betts,14,9,7,5,0,0,5
2010,7,2010-05-10,Docklands,St Kilda,Carlton,Carlton,Andrew Carrazzo,12,6,12,0,0,0,5
2010,7,2010-05-10,Docklands,St Kilda,Carlton,Carlton,Jeff Garlett,9,3,6,4,1,0,2
2010,7,2010-05-10,Docklands,St Kilda,Carlton,Carlton,Bryce Gibbs,14,4,7,1,1,0,4
2010,7,2010-05-10,Docklands,St Kilda,Carlton,Carlton,Ryan Houlihan,10,6,7,1,0,0,4
2010,7,2010-05-10,Docklands,St Kilda,Carlton,Carlton,Sam Jacobs,4,6,8,0,0,15,6
2010,7,2010-05-10,Docklands,St Kilda,Carlton,Carlton,Michael Jamison,10,5,5,0,0,0,3
2010,7,2010-05-10,Docklands,St Kilda,Carlton,Carlton,Chris Johnson,9,7,9,0,0,0,3
2010,7,2010-05-10,Docklands,St Kilda,Carlton,Carlton,Aaron Joseph,9,3,3,0,0,0,4
2010,7,2010-05-10,Docklands,St Kilda,Carlton,Carlton,Chris Judd,15,4,9,1,0,0,5
2010,7,2010-05-10,Docklands,St Kilda,Carlton,Carlton,Matthew Kreuzer,7,3,4,0,0,23,3
2010,7,2010-05-10,Docklands,St Kilda,Carlton,Carlton,Kane Lucas,14,9,10,0,0,0,0
2010,7,2010-05-10,Docklands,St Kilda,Carlton,Carlton,Marc Murphy,9,3,8,1,1,0,5
2010,7,2010-05-10,Docklands,St Kilda,Carlton,Carlton,Setanta OhAilpin,8,3,3,2,2,0,0
2010,7,2010-05-10,Docklands,St Kilda,Carlton,Carlton,Jordan Russell,23,14,12,0,0,0,4
2010,7,2010-05-10,Docklands,St Kilda,Carlton,Carlton,Heath Scotland,19,9,8,0,0,0,4
2010,7,2010-05-10,Docklands,St Kilda,Carlton,Carlton,Kade Simpson,10,4,12,0,2,0,5
2010,7,2010-05-10,Docklands,St Kilda,Carlton,Carlton,Bret Thornton,10,7,7,0,0,0,1
2010,7,2010-05-10,Docklands,St Kilda,Carlton,Carlton,Jarrad Waite,10,8,1,4,1,0,4
2010,7,2010-05-10,Docklands,St Kilda,Carlton,Carlton,Simon White,15,10,3,0,0,0,0
2010,7,2010-05-10,Docklands,St Kilda,Carlton,Carlton,Chris Yarran,8,5,2,1,0,1,6
2010,8,2010-05-14,Subiaco,Fremantle,Collingwood,Fremantle,Hayden Ballantyne,8,3,6,2,0,0,1
2010,8,2010-05-14,Subiaco,Fremantle,Collingwood,Fremantle,Michael Barlow,12,4,22,0,1,0,14
2010,8,2010-05-14,Subiaco,Fremantle,Collingwood,Fremantle,Greg Broughton,18,9,9,0,0,0,4
2010,8,2010-05-14,Subiaco,Fremantle,Collingwood,Fremantle,Ryan Crowley,13,5,12,2,1,1,2
2010,8,2010-05-14,Subiaco,Fremantle,Collingwood,Fremantle,Matt de Boer,3,1,7,1,0,0,3
2010,8,2010-05-14,Subiaco,Fremantle,Collingwood,Fremantle,Paul Duffield,18,7,8,0,0,0,4
2010,8,2010-05-14,Subiaco,Fremantle,Collingwood,Fremantle,Nat Fyfe,7,1,4,0,0,0,3
2010,8,2010-05-14,Subiaco,Fremantle,Collingwood,Fremantle,Paul Hasleby,9,5,5,2,1,0,1
2010,8,2010-05-14,Subiaco,Fremantle,Collingwood,Fremantle,Roger Hayden,8,4,9,0,0,0,4
2010,8,2010-05-14,Subiaco,Fremantle,Collingwood,Fremantle,Stephen Hill,10,1,9,2,0,0,3
2010,8,2010-05-14,Subiaco,Fremantle,Collingwood,Fremantle,Garrick Ibbotson,6,2,8,1,0,0,3
2010,8,2010-05-14,Subiaco,Fremantle,Collingwood,Fremantle,Michael Johnson,11,7,2,0,0,0,0
2010,8,2010-05-14,Subiaco,Fremantle,Collingwood,Fremantle,Chris Mayne,5,4,6,0,1,0,2
2010,8,2010-05-14,Subiaco,Fremantle,Collingwood,Fremantle,Luke McPharlin,2,2,4,0,0,0,0
2010,8,2010-05-14,Subiaco,Fremantle,Collingwood,Fremantle,Adam McPhee,5,2,5,0,0,0,5
2010,8,2010-05-14,Subiaco,Fremantle,Collingwood,Fremantle,Anthony Morabito,6,3,8,0,0,0,5
2010,8,2010-05-14,Subiaco,Fremantle,Collingwood,Fremantle,David Mundy,4,2,9,0,1,1,3
2010,8,2010-05-14,Subiaco,Fremantle,Collingwood,Fremantle,Rhys Palmer,10,4,6,0,0,0,4
2010,8,2010-05-14,Subiaco,Fremantle,Collingwood,Fremantle,Matthew Pavlich,11,1,13,2,0,1,3
2010,8,2010-05-14,Subiaco,Fremantle,Collingwood,Fremantle,Aaron Sandilands,8,4,17,2,1,43,1
2010,8,2010-05-14,Subiaco,Fremantle,Collingwood,Fremantle,Alex Silvagni,10,8,4,1,0,0,1
2010,8,2010-05-14,Subiaco,Fremantle,Collingwood,Fremantle,Chris Tarrant,4,3,5,0,0,0,1
2010,8,2010-05-14,Subiaco,Fremantle,Collingwood,Collingwood,John Anthony,5,2,7,1,0,0,2
2010,8,2010-05-14,Subiaco,Fremantle,Collingwood,Collingwood,Luke Ball,10,1,12,1,0,1,10
2010,8,2010-05-14,Subiaco,Fremantle,Collingwood,Collingwood,Dayne Beams,10,2,14,1,2,0,7
2010,8,2010-05-14,Subiaco,Fremantle,Collingwood,Collingwood,Nathan Brown,0,1,3,0,0,0,3
2010,8,2010-05-14,Subiaco,Fremantle,Collingwood,Collingwood,Travis Cloke,12,7,5,5,1,0,2
2010,8,2010-05-14,Subiaco,Fremantle,Collingwood,Collingwood,Leon Davis,8,3,7,1,1,0,2
2010,8,2010-05-14,Subiaco,Fremantle,Collingwood,Collingwood,Chris Dawes,5,6,14,0,1,0,5
2010,8,2010-05-14,Subiaco,Fremantle,Collingwood,Collingwood,Alan Didak,15,5,10,3,1,0,3
2010,8,2010-05-14,Subiaco,Fremantle,Collingwood,Collingwood,Ben Johnson,14,3,13,1,0,0,3
2010,8,2010-05-14,Subiaco,Fremantle,Collingwood,Collingwood,Darren Jolly,8,4,4,0,0,19,3
2010,8,2010-05-14,Subiaco,Fremantle,Collingwood,Collingwood,Heritier Lumumba,4,3,4,0,0,0,6
2010,8,2010-05-14,Subiaco,Fremantle,Collingwood,Collingwood,Brent Macaffer,8,3,7,1,0,0,1
2010,8,2010-05-14,Subiaco,Fremantle,Collingwood,Collingwood,Nick Maxwell,5,5,10,0,0,0,4
2010,8,2010-05-14,Subiaco,Fremantle,Collingwood,Collingwood,Shane OBree,10,3,15,1,0,0,4
2010,8,2010-05-14,Subiaco,Fremantle,Collingwood,Collingwood,Scott Pendlebury,19,7,8,1,1,0,4
2010,8,2010-05-14,Subiaco,Fremantle,Collingwood,Collingwood,Ben Reid,8,2,5,0,0,0,0
2010,8,2010-05-14,Subiaco,Fremantle,Collingwood,Collingwood,Heath Shaw,10,3,4,0,0,0,2
2010,8,2010-05-14,Subiaco,Fremantle,Collingwood,Collingwood,Steele Sidebottom,9,1,8,1,1,0,7
2010,8,2010-05-14,Subiaco,Fremantle,Collingwood,Collingwood,Dane Swan,20,5,11,1,1,0,8
2010,8,2010-05-14,Subiaco,Fremantle,Collingwood,Collingwood,Dale Thomas,13,6,9,0,0,0,4
2010,8,2010-05-14,Subiaco,Fremantle,Collingwood,Collingwood,Alan Toovey,9,3,6,0,0,0,11
2010,8,2010-05-14,Subiaco,Fremantle,Collingwood,Collingwood,Cameron Wood,5,3,3,2,1,11,2
2010,8,2010-05-15,Manuka Oval,Western Bulldogs,Sydney,Western Bulldogs,Dylan Addison,6,3,7,0,0,0,3
2010,8,2010-05-15,Manuka Oval,Western Bulldogs,Sydney,Western Bulldogs,Jason Akermanis,12,5,7,0,1,0,4
2010,8,2010-05-15,Manuka Oval,Western Bulldogs,Sydney,Western Bulldogs,Matthew Boyd,20,4,9,0,1,0,3
2010,8,2010-05-15,Manuka Oval,Western Bulldogs,Sydney,Western Bulldogs,Adam Cooney,13,6,11,0,0,0,3
2010,8,2010-05-15,Manuka Oval,Western Bulldogs,Sydney,Western Bulldogs,Daniel Cross,12,9,20,0,0,4,5
2010,8,2010-05-15,Manuka Oval,Western Bulldogs,Sydney,Western Bulldogs,Nathan Eagleton,11,5,3,1,1,0,3
2010,8,2010-05-15,Manuka Oval,Western Bulldogs,Sydney,Western Bulldogs,Daniel Giansiracusa,8,2,7,0,1,0,4
2010,8,2010-05-15,Manuka Oval,Western Bulldogs,Sydney,Western Bulldogs,Lindsay Gilbee,13,5,7,0,0,0,0
2010,8,2010-05-15,Manuka Oval,Western Bulldogs,Sydney,Western Bulldogs,Jarrad Grant,12,11,6,0,0,0,0
2010,8,2010-05-15,Manuka Oval,Western Bulldogs,Sydney,Western Bulldogs,Mitch Hahn,13,7,6,1,2,0,3
2010,8,2010-05-15,Manuka Oval,Western Bulldogs,Sydney,Western Bulldogs,Barry Hall,14,11,5,5,4,0,3
2010,8,2010-05-15,Manuka Oval,Western Bulldogs,Sydney,Western Bulldogs,Jarrod Harbrow,7,3,5,0,0,0,1
2010,8,2010-05-15,Manuka Oval,Western Bulldogs,Sydney,Western Bulldogs,Ryan Hargrave,9,3,7,0,0,0,2
2010,8,2010-05-15,Manuka Oval,Western Bulldogs,Sydney,Western Bulldogs,Shaun Higgins,14,4,6,1,1,0,1
2010,8,2010-05-15,Manuka Oval,Western Bulldogs,Sydney,Western Bulldogs,Josh Hill,9,3,4,1,1,0,1
2010,8,2010-05-15,Manuka Oval,Western Bulldogs,Sydney,Western Bulldogs,Ben Hudson,8,5,8,0,0,16,1
2010,8,2010-05-15,Manuka Oval,Western Bulldogs,Sydney,Western Bulldogs,Brian Lake,14,11,10,2,0,1,0
2010,8,2010-05-15,Manuka Oval,Western Bulldogs,Sydney,Western Bulldogs,Will Minson,6,2,7,0,0,15,1
2010,8,2010-05-15,Manuka Oval,Western Bulldogs,Sydney,Western Bulldogs,Dale Morris,6,4,10,0,0,0,2
2010,8,2010-05-15,Manuka Oval,Western Bulldogs,Sydney,Western Bulldogs,Robert Murphy,10,6,2,0,0,0,1
2010,8,2010-05-15,Manuka Oval,Western Bulldogs,Sydney,Western Bulldogs,Brennan Stack,10,3,5,3,0,0,2
2010,8,2010-05-15,Manuka Oval,Western Bulldogs,Sydney,Western Bulldogs,Tom Williams,6,6,3,0,1,0,1
2010,8,2010-05-15,Manuka Oval,Western Bulldogs,Sydney,Sydney,Paul Bevan,7,4,2,0,1,0,4
2010,8,2010-05-15,Manuka Oval,Western Bulldogs,Sydney,Sydney,Jude Bolton,10,6,6,1,2,0,4
2010,8,2010-05-15,Manuka Oval,Western Bulldogs,Sydney,Sydney,Adam Goodes,14,8,6,4,1,1,1
2010,8,2010-05-15,Manuka Oval,Western Bulldogs,Sydney,Sydney,Heath Grundy,8,6,4,0,0,0,1
2010,8,2010-05-15,Manuka Oval,Western Bulldogs,Sydney,Sydney,Dan Hannebery,6,3,5,2,0,0,1
2010,8,2010-05-15,Manuka Oval,Western Bulldogs,Sydney,Sydney,Kieren Jack,8,2,8,0,0,0,3
2010,8,2010-05-15,Manuka Oval,Western Bulldogs,Sydney,Sydney,Lewis Jetta,5,2,3,0,0,0,4
2010,8,2010-05-15,Manuka Oval,Western Bulldogs,Sydney,Sydney,Josh Kennedy,7,5,14,0,1,0,5
2010,8,2010-05-15,Manuka Oval,Western Bulldogs,Sydney,Sydney,Tadhg Kennelly,12,4,6,0,0,0,1
2010,8,2010-05-15,Manuka Oval,Western Bulldogs,Sydney,Sydney,Brett Kirk,7,2,8,1,0,0,5
2010,8,2010-05-15,Manuka Oval,Western Bulldogs,Sydney,Sydney,Nick Malceski,7,3,8,0,0,0,5
2010,8,2010-05-15,Manuka Oval,Western Bulldogs,Sydney,Sydney,Martin Mattner,15,10,8,0,0,0,1
2010,8,2010-05-15,Manuka Oval,Western Bulldogs,Sydney,Sydney,Jarrad McVeigh,15,2,15,0,1,0,5
2010,8,2010-05-15,Manuka Oval,Western Bulldogs,Sydney,Sydney,Ryan OKeefe,13,5,5,0,0,0,2
2010,8,2010-05-15,Manuka Oval,Western Bulldogs,Sydney,Sydney,Henry Playfair,7,6,3,0,0,0,4
2010,8,2010-05-15,Manuka Oval,Western Bulldogs,Sydney,Sydney,Mike Pyke,2,1,2,0,0,13,1
2010,8,2010-05-15,Manuka Oval,Western Bulldogs,Sydney,Sydney,Ted Richards,5,3,3,0,1,0,1
2010,8,2010-05-15,Manuka Oval,Western Bulldogs,Sydney,Sydney,Lewis Roberts-Thomson,5,5,1,0,0,0,0
2010,8,2010-05-15,Manuka Oval,Western Bulldogs,Sydney,Sydney,Gary Rohan,5,3,2,1,0,0,4
2010,8,2010-05-15,Manuka Oval,Western Bulldogs,Sydney,Sydney,Rhyce Shaw,18,9,11,0,0,0,1
2010,8,2010-05-15,Manuka Oval,Western Bulldogs,Sydney,Sydney,Nick Smith,4,1,5,0,0,0,2
2010,8,2010-05-15,Manuka Oval,Western Bulldogs,Sydney,Sydney,Jesse White,1,0,6,0,0,12,2
2010,8,2010-05-15,M.C.G.,Melbourne,West Coast,Melbourne,Clint Bartram,5,2,8,0,0,0,0
2010,8,2010-05-15,M.C.G.,Melbourne,West Coast,Melbourne,Matthew Bate,8,4,10,0,3,0,5
2010,8,2010-05-15,M.C.G.,Melbourne,West Coast,Melbourne,Jamie Bennell,5,2,7,1,1,0,4
2010,8,2010-05-15,M.C.G.,Melbourne,West Coast,Melbourne,Cameron Bruce,10,2,15,0,0,0,0
2010,8,2010-05-15,M.C.G.,Melbourne,West Coast,Melbourne,Aaron Davey,10,4,5,0,1,0,2
2010,8,2010-05-15,M.C.G.,Melbourne,West Coast,Melbourne,James Frawley,8,4,13,0,0,0,2
2010,8,2010-05-15,M.C.G.,Melbourne,West Coast,Melbourne,Colin Garland,8,4,9,0,0,0,5
2010,8,2010-05-15,M.C.G.,Melbourne,West Coast,Melbourne,Brad Green,10,5,12,2,0,0,2
2010,8,2010-05-15,M.C.G.,Melbourne,West Coast,Melbourne,Jack Grimes,19,9,11,0,0,0,1
2010,8,2010-05-15,M.C.G.,Melbourne,West Coast,Melbourne,Danny Hughes,9,7,6,1,1,1,2
2010,8,2010-05-15,M.C.G.,Melbourne,West Coast,Melbourne,Mark Jamar,2,2,12,0,0,21,2
2010,8,2010-05-15,M.C.G.,Melbourne,West Coast,Melbourne,Paul Johnson,4,1,3,0,0,8,3
2010,8,2010-05-15,M.C.G.,Melbourne,West Coast,Melbourne,Nathan Jones,6,4,14,0,0,0,3
2010,8,2010-05-15,M.C.G.,Melbourne,West Coast,Melbourne,James McDonald,14,3,17,1,0,1,8
2010,8,2010-05-15,M.C.G.,Melbourne,West Coast,Melbourne,Jordie McKenzie,6,2,18,0,0,0,1
2010,8,2010-05-15,M.C.G.,Melbourne,West Coast,Melbourne,Brent Moloney,16,2,12,0,0,0,3
2010,8,2010-05-15,M.C.G.,Melbourne,West Coast,Melbourne,Jared Rivers,10,6,3,0,0,0,0
2010,8,2010-05-15,M.C.G.,Melbourne,West Coast,Melbourne,Tom Scully,11,2,11,1,1,0,3
2010,8,2010-05-15,M.C.G.,Melbourne,West Coast,Melbourne,Colin Sylvia,9,4,5,0,1,0,1
2010,8,2010-05-15,M.C.G.,Melbourne,West Coast,Melbourne,Jack Trengove,5,1,15,0,1,0,1
2010,8,2010-05-15,M.C.G.,Melbourne,West Coast,Melbourne,Matthew Warnock,2,8,16,0,0,1,2
2010,8,2010-05-15,M.C.G.,Melbourne,West Coast,Melbourne,Jack Watts,7,5,8,0,0,0,1
2010,8,2010-05-15,M.C.G.,Melbourne,West Coast,West Coast,Dean Cox,12,5,13,1,1,14,0
2010,8,2010-05-15,M.C.G.,Melbourne,West Coast,West Coast,Brad Ebert,16,9,8,1,1,0,3
2010,8,2010-05-15,M.C.G.,Melbourne,West Coast,West Coast,Darren Glass,7,5,7,0,0,0,2
2010,8,2010-05-15,M.C.G.,Melbourne,West Coast,West Coast,Ashton Hams,3,2,7,0,0,0,5
2010,8,2010-05-15,M.C.G.,Melbourne,West Coast,West Coast,Shannon Hurn,17,5,4,0,0,0,2
2010,8,2010-05-15,M.C.G.,Melbourne,West Coast,West Coast,Josh Kennedy,11,10,2,2,1,0,0
2010,8,2010-05-15,M.C.G.,Melbourne,West Coast,West Coast,Mark LeCras,14,11,1,2,5,0,0
2010,8,2010-05-15,M.C.G.,Melbourne,West Coast,West Coast,Quinten Lynch,11,4,3,1,2,3,3
2010,8,2010-05-15,M.C.G.,Melbourne,West Coast,West Coast,Eric Mackenzie,10,8,5,0,0,0,0
2010,8,2010-05-15,M.C.G.,Melbourne,West Coast,West Coast,Patrick McGinnity,11,6,6,0,0,0,5
2010,8,2010-05-15,M.C.G.,Melbourne,West Coast,West Coast,Ben McKinley,10,4,3,1,2,0,7
2010,8,2010-05-15,M.C.G.,Melbourne,West Coast,West Coast,Nic Naitanui,3,2,7,0,0,13,3
2010,8,2010-05-15,M.C.G.,Melbourne,West Coast,West Coast,Mark Nicoski,6,2,5,0,1,0,2
2010,8,2010-05-15,M.C.G.,Melbourne,West Coast,West Coast,Matt Priddis,18,5,17,0,0,0,12
2010,8,2010-05-15,M.C.G.,Melbourne,West Coast,West Coast,Matt Rosa,14,5,10,1,0,0,2
2010,8,2010-05-15,M.C.G.,Melbourne,West Coast,West Coast,Will Schofield,10,6,5,0,0,0,1
2010,8,2010-05-15,M.C.G.,Melbourne,West Coast,West Coast,Adam Selwood,11,10,18,1,0,0,3
2010,8,2010-05-15,M.C.G.,Melbourne,West Coast,West Coast,Scott Selwood,5,5,2,0,0,0,1
2010,8,2010-05-15,M.C.G.,Melbourne,West Coast,West Coast,Brad Sheppard,11,2,7,0,0,0,3
2010,8,2010-05-15,M.C.G.,Melbourne,West Coast,West Coast,Lewis Stevenson,14,5,7,0,0,0,4
2010,8,2010-05-15,M.C.G.,Melbourne,West Coast,West Coast,Tom Swift,9,7,9,0,0,0,0
2010,8,2010-05-15,M.C.G.,Melbourne,West Coast,West Coast,Beau Waters,11,12,4,0,1,0,6
2010,8,2010-05-15,Docklands,North Melbourne,Adelaide,North Melbourne,Ryan Bastinac,10,1,13,0,0,0,3
2010,8,2010-05-15,Docklands,North Melbourne,Adelaide,North Melbourne,Ben Cunnington,8,3,9,0,1,0,7
2010,8,2010-05-15,Docklands,North Melbourne,Adelaide,North Melbourne,Aaron Edwards,10,10,5,2,1,0,3
2010,8,2010-05-15,Docklands,North Melbourne,Adelaide,North Melbourne,Michael Firrito,10,6,19,0,0,0,2
2010,8,2010-05-15,Docklands,North Melbourne,Adelaide,North Melbourne,Cruize Garlett,6,2,11,0,1,0,8
2010,8,2010-05-15,Docklands,North Melbourne,Adelaide,North Melbourne,Todd Goldstein,6,4,8,1,1,41,6
2010,8,2010-05-15,Docklands,North Melbourne,Adelaide,North Melbourne,Levi Greenwood,9,3,9,0,0,0,2
2010,8,2010-05-15,Docklands,North Melbourne,Adelaide,North Melbourne,Nathan Grima,12,6,13,0,0,0,1
2010,8,2010-05-15,Docklands,North Melbourne,Adelaide,North Melbourne,David Hale,0,1,1,0,0,0,0
2010,8,2010-05-15,Docklands,North Melbourne,Adelaide,North Melbourne,Lachlan Hansen,13,8,11,0,0,2,1
2010,8,2010-05-15,Docklands,North Melbourne,Adelaide,North Melbourne,Leigh Harding,6,4,10,2,0,0,1
2010,8,2010-05-15,Docklands,North Melbourne,Adelaide,North Melbourne,Brent Harvey,12,4,12,3,1,0,0
2010,8,2010-05-15,Docklands,North Melbourne,Adelaide,North Melbourne,Scott McMahon,16,7,4,0,0,0,1
2010,8,2010-05-15,Docklands,North Melbourne,Adelaide,North Melbourne,Daniel Pratt,10,5,5,0,0,0,1
2010,8,2010-05-15,Docklands,North Melbourne,Adelaide,North Melbourne,Brady Rawlings,9,4,28,0,0,0,5
2010,8,2010-05-15,Docklands,North Melbourne,Adelaide,North Melbourne,Josh Smith,7,5,2,0,1,0,2
2010,8,2010-05-15,Docklands,North Melbourne,Adelaide,North Melbourne,Andrew Swallow,11,3,18,2,1,0,9
2010,8,2010-05-15,Docklands,North Melbourne,Adelaide,North Melbourne,Lindsay Thomas,10,2,5,1,0,0,4
2010,8,2010-05-15,Docklands,North Melbourne,Adelaide,North Melbourne,Scott Thompson,6,2,12,0,0,0,3
2010,8,2010-05-15,Docklands,North Melbourne,Adelaide,North Melbourne,Daniel Wells,19,10,6,1,1,0,1
2010,8,2010-05-15,Docklands,North Melbourne,Adelaide,North Melbourne,Sam Wright,8,6,2,0,1,0,1
2010,8,2010-05-15,Docklands,North Melbourne,Adelaide,North Melbourne,Jack Ziebell,13,8,7,0,1,0,4
2010,8,2010-05-15,Docklands,North Melbourne,Adelaide,Adelaide,Tony Armstrong,20,13,5,0,0,0,4
2010,8,2010-05-15,Docklands,North Melbourne,Adelaide,Adelaide,Nathan Bock,17,16,8,0,0,2,0
2010,8,2010-05-15,Docklands,North Melbourne,Adelaide,Adelaide,Myke Cook,9,4,5,1,1,4,1
2010,8,2010-05-15,Docklands,North Melbourne,Adelaide,Adelaide,Patrick Dangerfield,2,1,11,0,1,1,7
2010,8,2010-05-15,Docklands,North Melbourne,Adelaide,Adelaide,Phil Davis,10,7,2,0,0,0,0
2010,8,2010-05-15,Docklands,North Melbourne,Adelaide,Adelaide,Michael Doughty,13,9,12,0,0,0,4
2010,8,2010-05-15,Docklands,North Melbourne,Adelaide,Adelaide,Richard Douglas,11,5,7,0,4,0,1
2010,8,2010-05-15,Docklands,North Melbourne,Adelaide,Adelaide,Tyson Edwards,15,7,5,0,1,1,5
2010,8,2010-05-15,Docklands,North Melbourne,Adelaide,Adelaide,Simon Goodwin,17,6,10,0,0,0,5
2010,8,2010-05-15,Docklands,North Melbourne,Adelaide,Adelaide,Matthew Jaensch,12,10,8,0,0,0,3
2010,8,2010-05-15,Docklands,North Melbourne,Adelaide,Adelaide,Ivan Maric,4,1,8,0,0,19,3
2010,8,2010-05-15,Docklands,North Melbourne,Adelaide,Adelaide,Andrew McLeod,10,9,8,1,0,0,4
2010,8,2010-05-15,Docklands,North Melbourne,Adelaide,Adelaide,Jared Petrenko,11,4,6,1,0,0,2
2010,8,2010-05-15,Docklands,North Melbourne,Adelaide,Adelaide,Jason Porplyzia,7,3,10,2,0,0,0
2010,8,2010-05-15,Docklands,North Melbourne,Adelaide,Adelaide,Brent Reilly,14,6,7,0,0,0,2
2010,8,2010-05-15,Docklands,North Melbourne,Adelaide,Adelaide,Ben Rutten,14,16,10,0,0,0,1
2010,8,2010-05-15,Docklands,North Melbourne,Adelaide,Adelaide,Chris Schmidt,14,13,7,0,0,0,5
2010,8,2010-05-15,Docklands,North Melbourne,Adelaide,Adelaide,Scott Stevens,11,9,4,1,0,2,3
2010,8,2010-05-15,Docklands,North Melbourne,Adelaide,Adelaide,Kurt Tippett,5,1,1,1,0,9,1
2010,8,2010-05-15,Docklands,North Melbourne,Adelaide,Adelaide,Nathan van Berlo,10,7,5,0,0,3,4
2010,8,2010-05-15,Docklands,North Melbourne,Adelaide,Adelaide,Bernie Vince,15,6,6,1,0,0,5
2010,8,2010-05-15,Docklands,North Melbourne,Adelaide,Adelaide,Taylor Walker,12,8,5,3,2,0,2
2010,8,2010-05-15,Gabba,Brisbane Lions,Geelong,Brisbane Lions,Jed Adcock,4,2,9,0,0,0,3
2010,8,2010-05-15,Gabba,Brisbane Lions,Geelong,Brisbane Lions,Matt Austin,0,2,6,0,0,0,2
2010,8,2010-05-15,Gabba,Brisbane Lions,Geelong,Brisbane Lions,Todd Banfield,5,2,1,0,1,0,4
2010,8,2010-05-15,Gabba,Brisbane Lions,Geelong,Brisbane Lions,Simon Black,15,1,8,0,0,0,5
2010,8,2010-05-15,Gabba,Brisbane Lions,Geelong,Brisbane Lions,Jonathan Brown,9,8,4,3,2,2,3
2010,8,2010-05-15,Gabba,Brisbane Lions,Geelong,Brisbane Lions,Amon Buchanan,7,0,6,1,0,0,4
2010,8,2010-05-15,Gabba,Brisbane Lions,Geelong,Brisbane Lions,Brendan Fevola,3,0,0,1,2,0,0
2010,8,2010-05-15,Gabba,Brisbane Lions,Geelong,Brisbane Lions,James Hawksley,13,4,9,0,0,0,0
2010,8,2010-05-15,Gabba,Brisbane Lions,Geelong,Brisbane Lions,Matthew Leuenberger,8,4,14,0,0,21,0
2010,8,2010-05-15,Gabba,Brisbane Lions,Geelong,Brisbane Lions,Matt Maguire,12,7,14,0,0,2,2
2010,8,2010-05-15,Gabba,Brisbane Lions,Geelong,Brisbane Lions,Ashley McGrath,7,6,7,0,0,0,3
2010,8,2010-05-15,Gabba,Brisbane Lions,Geelong,Brisbane Lions,Joel Patfull,4,2,3,0,0,0,4
2010,8,2010-05-15,Gabba,Brisbane Lions,Geelong,Brisbane Lions,James Polkinghorne,10,3,19,0,0,0,4
2010,8,2010-05-15,Gabba,Brisbane Lions,Geelong,Brisbane Lions,Luke Power,7,2,17,1,0,0,3
2010,8,2010-05-15,Gabba,Brisbane Lions,Geelong,Brisbane Lions,Andrew Raines,8,6,7,0,0,0,1
2010,8,2010-05-15,Gabba,Brisbane Lions,Geelong,Brisbane Lions,Jack Redden,6,2,5,0,1,0,6
2010,8,2010-05-15,Gabba,Brisbane Lions,Geelong,Brisbane Lions,Daniel Rich,11,3,10,0,1,0,6
2010,8,2010-05-15,Gabba,Brisbane Lions,Geelong,Brisbane Lions,Michael Rischitelli,8,3,4,0,0,1,2
2010,8,2010-05-15,Gabba,Brisbane Lions,Geelong,Brisbane Lions,Tom Rockliff,3,2,6,1,0,0,3
2010,8,2010-05-15,Gabba,Brisbane Lions,Geelong,Brisbane Lions,Justin Sherman,11,3,5,3,4,0,4
2010,8,2010-05-15,Gabba,Brisbane Lions,Geelong,Brisbane Lions,Brent Staker,9,2,5,0,1,2,2
2010,8,2010-05-15,Gabba,Brisbane Lions,Geelong,Brisbane Lions,Cheynee Stiller,5,9,14,0,0,0,2
2010,8,2010-05-15,Gabba,Brisbane Lions,Geelong,Geelong,Gary Ablett,9,4,22,1,1,0,3
2010,8,2010-05-15,Gabba,Brisbane Lions,Geelong,Geelong,Jimmy Bartel,22,8,10,2,0,2,2
2010,8,2010-05-15,Gabba,Brisbane Lions,Geelong,Geelong,Mark Blake,4,3,16,0,0,24,1
2010,8,2010-05-15,Gabba,Brisbane Lions,Geelong,Geelong,Shannon Byrnes,13,11,11,3,1,0,3
2010,8,2010-05-15,Gabba,Brisbane Lions,Geelong,Geelong,Paul Chapman,17,7,17,2,0,0,1
2010,8,2010-05-15,Gabba,Brisbane Lions,Geelong,Geelong,Mitch Duncan,7,8,9,0,0,0,2
2010,8,2010-05-15,Gabba,Brisbane Lions,Geelong,Geelong,Corey Enright,24,7,5,0,0,0,4
2010,8,2010-05-15,Gabba,Brisbane Lions,Geelong,Geelong,Tom Hawkins,11,8,6,4,0,9,1
2010,8,2010-05-15,Gabba,Brisbane Lions,Geelong,Geelong,Simon Hogan,12,3,12,1,1,0,3
2010,8,2010-05-15,Gabba,Brisbane Lions,Geelong,Geelong,Josh Hunt,6,3,8,0,0,0,2
2010,8,2010-05-15,Gabba,Brisbane Lions,Geelong,Geelong,Steve Johnson,20,9,3,6,2,0,1
2010,8,2010-05-15,Gabba,Brisbane Lions,Geelong,Geelong,Cameron Ling,8,3,7,1,2,0,3
2010,8,2010-05-15,Gabba,Brisbane Lions,Geelong,Geelong,Tom Lonergan,4,6,14,0,0,0,4
2010,8,2010-05-15,Gabba,Brisbane Lions,Geelong,Geelong,Andrew Mackie,17,10,12,0,2,0,4
2010,8,2010-05-15,Gabba,Brisbane Lions,Geelong,Geelong,Darren Milburn,15,13,13,0,0,0,1
2010,8,2010-05-15,Gabba,Brisbane Lions,Geelong,Geelong,Cameron Mooney,17,12,4,3,1,0,1
2010,8,2010-05-15,Gabba,Brisbane Lions,Geelong,Geelong,Matthew Scarlett,5,2,6,0,0,0,2
2010,8,2010-05-15,Gabba,Brisbane Lions,Geelong,Geelong,Joel Selwood,15,7,17,0,0,0,2
2010,8,2010-05-15,Gabba,Brisbane Lions,Geelong,Geelong,Mathew Stokes,12,3,10,0,0,0,2
2010,8,2010-05-15,Gabba,Brisbane Lions,Geelong,Geelong,Harry Taylor,7,4,9,0,0,0,0
2010,8,2010-05-15,Gabba,Brisbane Lions,Geelong,Geelong,Travis Varcoe,5,3,9,1,0,0,2
2010,8,2010-05-15,Gabba,Brisbane Lions,Geelong,Geelong,David Wojcinski,8,3,9,0,0,0,1
2010,8,2010-05-16,M.C.G.,Richmond,Hawthorn,Richmond,Trent Cotchin,15,2,12,0,0,2,4
2010,8,2010-05-16,M.C.G.,Richmond,Hawthorn,Richmond,Brett Deledio,17,8,18,0,0,0,0
2010,8,2010-05-16,M.C.G.,Richmond,Hawthorn,Richmond,Shane Edwards,6,2,9,1,0,1,2
2010,8,2010-05-16,M.C.G.,Richmond,Hawthorn,Richmond,Mitch Farmer,2,2,5,0,0,0,2
2010,8,2010-05-16,M.C.G.,Richmond,Hawthorn,Richmond,Nathan Foley,10,6,14,0,0,0,5
2010,8,2010-05-16,M.C.G.,Richmond,Hawthorn,Richmond,Angus Graham,5,5,5,2,1,16,3
2010,8,2010-05-16,M.C.G.,Richmond,Hawthorn,Richmond,Daniel Jackson,15,2,16,1,0,4,8
2010,8,2010-05-16,M.C.G.,Richmond,Hawthorn,Richmond,Dustin Martin,8,1,9,0,1,0,5
2010,8,2010-05-16,M.C.G.,Richmond,Hawthorn,Richmond,Luke McGuane,9,7,10,0,0,0,2
2010,8,2010-05-16,M.C.G.,Richmond,Hawthorn,Richmond,Kelvin Moore,7,6,2,0,0,0,3
2010,8,2010-05-16,M.C.G.,Richmond,Hawthorn,Richmond,Robin Nahas,5,3,5,0,1,0,4
2010,8,2010-05-16,M.C.G.,Richmond,Hawthorn,Richmond,Ben Nason,14,6,6,0,0,0,0
2010,8,2010-05-16,M.C.G.,Richmond,Hawthorn,Richmond,Chris Newman,15,4,12,2,0,0,7
2010,8,2010-05-16,M.C.G.,Richmond,Hawthorn,Richmond,Graham Polak,3,4,3,0,0,2,1
2010,8,2010-05-16,M.C.G.,Richmond,Hawthorn,Richmond,Alex Rance,4,1,3,1,0,0,4
2010,8,2010-05-16,M.C.G.,Richmond,Hawthorn,Richmond,Jack Riewoldt,7,5,2,4,1,1,7
2010,8,2010-05-16,M.C.G.,Richmond,Hawthorn,Richmond,Richard Tambling,6,1,7,1,0,0,6
2010,8,2010-05-16,M.C.G.,Richmond,Hawthorn,Richmond,Will Thursfield,6,5,6,0,0,0,4
2010,8,2010-05-16,M.C.G.,Richmond,Hawthorn,Richmond,Shane Tuck,6,5,14,0,0,0,0
2010,8,2010-05-16,M.C.G.,Richmond,Hawthorn,Richmond,Ty Vickery,1,1,6,0,0,7,0
2010,8,2010-05-16,M.C.G.,Richmond,Hawthorn,Richmond,Jeromey Webberley,9,4,4,0,0,0,1
2010,8,2010-05-16,M.C.G.,Richmond,Hawthorn,Richmond,Matt White,13,8,8,1,0,0,4
2010,8,2010-05-16,M.C.G.,Richmond,Hawthorn,Hawthorn,Grant Birchall,10,6,7,1,0,0,2
2010,8,2010-05-16,M.C.G.,Richmond,Hawthorn,Hawthorn,Campbell Brown,8,2,4,0,0,0,2
2010,8,2010-05-16,M.C.G.,Richmond,Hawthorn,Hawthorn,Shaun Burgoyne,10,5,10,0,0,1,1
2010,8,2010-05-16,M.C.G.,Richmond,Hawthorn,Hawthorn,Xavier Ellis,5,4,10,0,1,1,5
2010,8,2010-05-16,M.C.G.,Richmond,Hawthorn,Hawthorn,Lance Franklin,13,8,6,2,3,1,4
2010,8,2010-05-16,M.C.G.,Richmond,Hawthorn,Hawthorn,Stephen Gilham,4,2,7,0,0,0,0
2010,8,2010-05-16,M.C.G.,Richmond,Hawthorn,Hawthorn,Brent Guerra,6,2,9,0,0,0,3
2010,8,2010-05-16,M.C.G.,Richmond,Hawthorn,Hawthorn,Luke Hodge,17,5,10,0,0,0,5
2010,8,2010-05-16,M.C.G.,Richmond,Hawthorn,Hawthorn,Jordan Lewis,11,7,12,1,0,0,5
2010,8,2010-05-16,M.C.G.,Richmond,Hawthorn,Hawthorn,Sam Mitchell,13,1,16,0,0,0,8
2010,8,2010-05-16,M.C.G.,Richmond,Hawthorn,Hawthorn,Beau Muston,4,0,8,0,0,0,2
2010,8,2010-05-16,M.C.G.,Richmond,Hawthorn,Hawthorn,Carl Peterson,13,6,1,2,2,1,2
2010,8,2010-05-16,M.C.G.,Richmond,Hawthorn,Hawthorn,Brent Renouf,1,2,8,0,0,23,2
2010,8,2010-05-16,M.C.G.,Richmond,Hawthorn,Hawthorn,Cyril Rioli,10,6,7,4,2,0,5
2010,8,2010-05-16,M.C.G.,Richmond,Hawthorn,Hawthorn,Jarryd Roughead,9,4,2,2,1,0,2
2010,8,2010-05-16,M.C.G.,Richmond,Hawthorn,Hawthorn,Brad Sewell,7,3,11,0,0,0,6
2010,8,2010-05-16,M.C.G.,Richmond,Hawthorn,Hawthorn,Wayde Skipper,3,2,1,0,0,19,0
2010,8,2010-05-16,M.C.G.,Richmond,Hawthorn,Hawthorn,Cameron Stokes,0,0,3,0,0,0,6
2010,8,2010-05-16,M.C.G.,Richmond,Hawthorn,Hawthorn,Ben Stratton,6,3,1,0,0,0,4
2010,8,2010-05-16,M.C.G.,Richmond,Hawthorn,Hawthorn,Matt Suckling,6,3,5,0,0,0,3
2010,8,2010-05-16,M.C.G.,Richmond,Hawthorn,Hawthorn,Brendan Whitecross,8,4,4,0,1,0,1
2010,8,2010-05-16,M.C.G.,Richmond,Hawthorn,Hawthorn,Clinton Young,9,4,2,1,1,0,5
2010,8,2010-05-16,Football Park,Port Adelaide,Carlton,Port Adelaide,Travis Boak,8,1,10,0,0,0,3
2010,8,2010-05-16,Football Park,Port Adelaide,Carlton,Port Adelaide,Dean Brogan,8,2,1,0,0,23,1
2010,8,2010-05-16,Football Park,Port Adelaide,Carlton,Port Adelaide,Alipate Carlile,6,2,7,0,0,0,0
2010,8,2010-05-16,Football Park,Port Adelaide,Carlton,Port Adelaide,Domenic Cassisi,10,0,11,0,0,1,7
2010,8,2010-05-16,Football Park,Port Adelaide,Carlton,Port Adelaide,Troy Chaplin,10,0,7,0,0,0,4
2010,8,2010-05-16,Football Park,Port Adelaide,Carlton,Port Adelaide,Chad Cornes,10,7,10,1,0,0,0
2010,8,2010-05-16,Football Park,Port Adelaide,Carlton,Port Adelaide,Kane Cornes,12,3,15,0,0,0,1
2010,8,2010-05-16,Football Park,Port Adelaide,Carlton,Port Adelaide,Jason Davenport,6,7,16,1,0,0,5
2010,8,2010-05-16,Football Park,Port Adelaide,Carlton,Port Adelaide,Brett Ebert,8,2,4,1,1,0,3
2010,8,2010-05-16,Football Park,Port Adelaide,Carlton,Port Adelaide,Robbie Gray,9,0,8,1,0,0,7
2010,8,2010-05-16,Football Park,Port Adelaide,Carlton,Port Adelaide,Cameron Hitchcock,10,3,7,2,2,0,2
2010,8,2010-05-16,Football Park,Port Adelaide,Carlton,Port Adelaide,Tom Logan,5,4,13,0,2,0,1
2010,8,2010-05-16,Football Park,Port Adelaide,Carlton,Port Adelaide,Daniel Motlop,7,5,2,2,0,1,2
2010,8,2010-05-16,Football Park,Port Adelaide,Carlton,Port Adelaide,Danyle Pearce,7,1,7,0,0,0,3
2010,8,2010-05-16,Football Park,Port Adelaide,Carlton,Port Adelaide,David Rodan,9,1,5,0,0,0,5
2010,8,2010-05-16,Football Park,Port Adelaide,Carlton,Port Adelaide,Steven Salopek,11,1,5,3,0,0,3
2010,8,2010-05-16,Football Park,Port Adelaide,Carlton,Port Adelaide,Jay Schulz,5,4,3,1,1,0,0
2010,8,2010-05-16,Football Park,Port Adelaide,Carlton,Port Adelaide,Paul Stewart,7,2,8,0,0,0,0
2010,8,2010-05-16,Football Park,Port Adelaide,Carlton,Port Adelaide,Jacob Surjan,10,3,5,1,0,0,4
2010,8,2010-05-16,Football Park,Port Adelaide,Carlton,Port Adelaide,Matt Thomas,5,1,11,0,0,0,7
2010,8,2010-05-16,Football Park,Port Adelaide,Carlton,Port Adelaide,Jackson Trengove,4,1,6,0,0,12,5
2010,8,2010-05-16,Football Park,Port Adelaide,Carlton,Port Adelaide,Justin Westhoff,8,3,6,1,1,2,2
2010,8,2010-05-16,Football Park,Port Adelaide,Carlton,Carlton,Dennis Armfield,11,8,9,0,0,0,5
2010,8,2010-05-16,Football Park,Port Adelaide,Carlton,Carlton,Eddie Betts,7,4,3,0,1,0,6
2010,8,2010-05-16,Football Park,Port Adelaide,Carlton,Carlton,Andrew Carrazzo,17,7,11,1,0,0,5
2010,8,2010-05-16,Football Park,Port Adelaide,Carlton,Carlton,Jeff Garlett,5,3,1,1,2,0,1
2010,8,2010-05-16,Football Park,Port Adelaide,Carlton,Carlton,Bryce Gibbs,15,7,8,0,1,0,5
2010,8,2010-05-16,Football Park,Port Adelaide,Carlton,Carlton,Ryan Houlihan,10,6,6,2,0,0,0
2010,8,2010-05-16,Football Park,Port Adelaide,Carlton,Carlton,Sam Jacobs,1,2,9,0,0,22,2
2010,8,2010-05-16,Football Park,Port Adelaide,Carlton,Carlton,Michael Jamison,2,1,6,0,0,0,3
2010,8,2010-05-16,Football Park,Port Adelaide,Carlton,Carlton,Chris Johnson,15,6,4,0,1,0,4
2010,8,2010-05-16,Football Park,Port Adelaide,Carlton,Carlton,Aaron Joseph,4,4,13,0,0,0,3
2010,8,2010-05-16,Football Park,Port Adelaide,Carlton,Carlton,Chris Judd,16,6,11,1,0,0,8
2010,8,2010-05-16,Football Park,Port Adelaide,Carlton,Carlton,Matthew Kreuzer,8,8,11,3,0,15,6
2010,8,2010-05-16,Football Park,Port Adelaide,Carlton,Carlton,Kane Lucas,1,1,0,0,0,0,0
2010,8,2010-05-16,Football Park,Port Adelaide,Carlton,Carlton,Marc Murphy,11,3,11,0,0,0,6
2010,8,2010-05-16,Football Park,Port Adelaide,Carlton,Carlton,Setanta OhAilpin,10,4,4,3,2,0,3
2010,8,2010-05-16,Football Park,Port Adelaide,Carlton,Carlton,Jordan Russell,14,9,8,0,0,0,6
2010,8,2010-05-16,Football Park,Port Adelaide,Carlton,Carlton,Heath Scotland,15,10,8,1,1,0,3
2010,8,2010-05-16,Football Park,Port Adelaide,Carlton,Carlton,Kade Simpson,19,7,10,1,2,0,5
2010,8,2010-05-16,Football Park,Port Adelaide,Carlton,Carlton,Bret Thornton,11,7,7,0,0,0,0
2010,8,2010-05-16,Football Park,Port Adelaide,Carlton,Carlton,Jarrad Waite,13,8,3,2,0,1,4
2010,8,2010-05-16,Football Park,Port Adelaide,Carlton,Carlton,Simon White,7,4,10,0,0,0,4
2010,8,2010-05-16,Football Park,Port Adelaide,Carlton,Carlton,Chris Yarran,6,5,5,2,1,0,5
2010,8,2010-05-16,Docklands,St Kilda,Essendon,St Kilda,David Armitage,4,1,9,0,0,0,6
2010,8,2010-05-16,Docklands,St Kilda,Essendon,St Kilda,Steven Baker,10,3,6,0,0,0,4
2010,8,2010-05-16,Docklands,St Kilda,Essendon,St Kilda,Jason Blake,12,10,10,0,1,0,3
2010,8,2010-05-16,Docklands,St Kilda,Essendon,St Kilda,Nick Dal Santo,14,6,18,1,1,0,3
2010,8,2010-05-16,Docklands,St Kilda,Essendon,St Kilda,Zac Dawson,7,5,4,0,0,0,2
2010,8,2010-05-16,Docklands,St Kilda,Essendon,St Kilda,Sam Fisher,16,8,5,1,3,1,1
2010,8,2010-05-16,Docklands,St Kilda,Essendon,St Kilda,Michael Gardiner,10,6,5,3,1,23,0
2010,8,2010-05-16,Docklands,St Kilda,Essendon,St Kilda,Jarryn Geary,6,3,12,0,0,0,3
2010,8,2010-05-16,Docklands,St Kilda,Essendon,St Kilda,Sam Gilbert,16,10,14,0,0,0,1
2010,8,2010-05-16,Docklands,St Kilda,Essendon,St Kilda,Brendon Goddard,12,4,14,0,0,2,5
2010,8,2010-05-16,Docklands,St Kilda,Essendon,St Kilda,Jason Gram,1,0,4,0,0,0,1
2010,8,2010-05-16,Docklands,St Kilda,Essendon,St Kilda,James Gwilt,9,5,4,0,0,0,1
2010,8,2010-05-16,Docklands,St Kilda,Essendon,St Kilda,Lenny Hayes,17,4,16,1,1,0,6
2010,8,2010-05-16,Docklands,St Kilda,Essendon,St Kilda,Nick Heyne,8,1,2,0,0,0,3
2010,8,2010-05-16,Docklands,St Kilda,Essendon,St Kilda,Clinton Jones,8,5,9,0,1,0,4
2010,8,2010-05-16,Docklands,St Kilda,Essendon,St Kilda,Justin Koschitzke,7,5,8,3,2,2,0
2010,8,2010-05-16,Docklands,St Kilda,Essendon,St Kilda,Ben McEvoy,0,2,8,0,0,8,5
2010,8,2010-05-16,Docklands,St Kilda,Essendon,St Kilda,Andrew McQualter,7,5,4,1,0,0,1
2010,8,2010-05-16,Docklands,St Kilda,Essendon,St Kilda,Stephen Milne,10,2,2,1,2,0,0
2010,8,2010-05-16,Docklands,St Kilda,Essendon,St Kilda,Leigh Montagna,21,6,10,0,0,0,9
2010,8,2010-05-16,Docklands,St Kilda,Essendon,St Kilda,Farren Ray,7,4,12,0,0,0,6
2010,8,2010-05-16,Docklands,St Kilda,Essendon,St Kilda,Adam Schneider,11,6,9,0,1,0,3
2010,8,2010-05-16,Docklands,St Kilda,Essendon,Essendon,Jarrod Atkinson,8,2,4,1,0,0,3
2010,8,2010-05-16,Docklands,St Kilda,Essendon,Essendon,Travis Colyer,6,2,7,0,0,0,5
2010,8,2010-05-16,Docklands,St Kilda,Essendon,Essendon,Alwyn Davey,5,3,11,0,0,0,7
2010,8,2010-05-16,Docklands,St Kilda,Essendon,Essendon,Courtenay Dempsey,9,3,9,0,0,0,4
2010,8,2010-05-16,Docklands,St Kilda,Essendon,Essendon,Dustin Fletcher,20,9,2,0,0,0,0
2010,8,2010-05-16,Docklands,St Kilda,Essendon,Essendon,Scott Gumbleton,8,6,4,0,2,0,0
2010,8,2010-05-16,Docklands,St Kilda,Essendon,Essendon,David Hille,12,5,3,4,1,11,2
2010,8,2010-05-16,Docklands,St Kilda,Essendon,Essendon,Heath Hocking,16,8,7,1,0,0,8
2010,8,2010-05-16,Docklands,St Kilda,Essendon,Essendon,Cale Hooker,1,2,6,0,0,0,1
2010,8,2010-05-16,Docklands,St Kilda,Essendon,Essendon,Ben Howlett,4,3,9,0,0,0,8
2010,8,2010-05-16,Docklands,St Kilda,Essendon,Essendon,Michael Hurley,6,4,5,0,1,0,1
2010,8,2010-05-16,Docklands,St Kilda,Essendon,Essendon,Leroy Jetta,5,1,5,1,0,0,3
2010,8,2010-05-16,Docklands,St Kilda,Essendon,Essendon,Mark McVeigh,1,1,7,0,0,0,1
2010,8,2010-05-16,Docklands,St Kilda,Essendon,Essendon,Jake Melksham,8,3,6,1,1,0,3
2010,8,2010-05-16,Docklands,St Kilda,Essendon,Essendon,Angus Monfries,9,7,7,2,1,0,3
2010,8,2010-05-16,Docklands,St Kilda,Essendon,Essendon,David Myers,12,6,7,0,1,0,3
2010,8,2010-05-16,Docklands,St Kilda,Essendon,Essendon,Brent Prismall,13,6,3,0,0,0,3
2010,8,2010-05-16,Docklands,St Kilda,Essendon,Essendon,Paddy Ryder,10,5,6,3,1,21,2
2010,8,2010-05-16,Docklands,St Kilda,Essendon,Essendon,Brent Stanton,8,5,3,0,0,0,5
2010,8,2010-05-16,Docklands,St Kilda,Essendon,Essendon,Jobe Watson,11,5,14,0,0,0,5
2010,8,2010-05-16,Docklands,St Kilda,Essendon,Essendon,Jason Winderlich,2,4,15,0,0,0,3
2010,8,2010-05-16,Docklands,St Kilda,Essendon,Essendon,David Zaharakis,7,0,1,1,0,0,3
2010,9,2010-05-21,M.C.G.,Collingwood,Geelong,Collingwood,Luke Ball,12,7,15,0,0,0,1
2010,9,2010-05-21,M.C.G.,Collingwood,Geelong,Collingwood,Dayne Beams,11,6,6,4,2,0,1
2010,9,2010-05-21,M.C.G.,Collingwood,Geelong,Collingwood,Nathan Brown,1,2,8,0,0,0,2
2010,9,2010-05-21,M.C.G.,Collingwood,Geelong,Collingwood,Travis Cloke,10,5,4,0,0,0,2
2010,9,2010-05-21,M.C.G.,Collingwood,Geelong,Collingwood,Leon Davis,6,0,3,0,1,0,3
2010,9,2010-05-21,M.C.G.,Collingwood,Geelong,Collingwood,Chris Dawes,3,3,3,0,0,0,2
2010,9,2010-05-21,M.C.G.,Collingwood,Geelong,Collingwood,Alan Didak,13,2,7,0,2,0,5
2010,9,2010-05-21,M.C.G.,Collingwood,Geelong,Collingwood,Ben Johnson,17,2,11,0,1,0,2
2010,9,2010-05-21,M.C.G.,Collingwood,Geelong,Collingwood,Darren Jolly,5,6,8,0,1,15,2
2010,9,2010-05-21,M.C.G.,Collingwood,Geelong,Collingwood,Heritier Lumumba,13,3,6,0,1,0,1
2010,9,2010-05-21,M.C.G.,Collingwood,Geelong,Collingwood,Brent Macaffer,6,1,9,0,2,0,5
2010,9,2010-05-21,M.C.G.,Collingwood,Geelong,Collingwood,Nick Maxwell,10,10,7,0,0,1,2
2010,9,2010-05-21,M.C.G.,Collingwood,Geelong,Collingwood,Shane OBree,5,3,5,1,0,0,5
2010,9,2010-05-21,M.C.G.,Collingwood,Geelong,Collingwood,Scott Pendlebury,11,5,7,0,0,0,5
2010,9,2010-05-21,M.C.G.,Collingwood,Geelong,Collingwood,Ben Reid,11,6,4,0,0,0,1
2010,9,2010-05-21,M.C.G.,Collingwood,Geelong,Collingwood,Heath Shaw,17,4,8,0,0,0,2
2010,9,2010-05-21,M.C.G.,Collingwood,Geelong,Collingwood,Steele Sidebottom,6,1,9,0,0,0,2
2010,9,2010-05-21,M.C.G.,Collingwood,Geelong,Collingwood,Dane Swan,14,6,11,1,1,0,2
2010,9,2010-05-21,M.C.G.,Collingwood,Geelong,Collingwood,Dale Thomas,13,2,7,0,1,1,4
2010,9,2010-05-21,M.C.G.,Collingwood,Geelong,Collingwood,Alan Toovey,8,4,6,0,0,0,1
2010,9,2010-05-21,M.C.G.,Collingwood,Geelong,Collingwood,Sharrod Wellingham,9,5,11,0,1,1,1
2010,9,2010-05-21,M.C.G.,Collingwood,Geelong,Collingwood,Cameron Wood,1,1,4,0,0,9,1
2010,9,2010-05-21,M.C.G.,Collingwood,Geelong,Geelong,Gary Ablett,15,3,17,1,2,0,3
2010,9,2010-05-21,M.C.G.,Collingwood,Geelong,Geelong,Jimmy Bartel,20,7,10,0,0,0,6
2010,9,2010-05-21,M.C.G.,Collingwood,Geelong,Geelong,Mark Blake,5,4,10,0,0,21,0
2010,9,2010-05-21,M.C.G.,Collingwood,Geelong,Geelong,Shannon Byrnes,10,5,9,0,2,0,2
2010,9,2010-05-21,M.C.G.,Collingwood,Geelong,Geelong,Paul Chapman,22,7,7,0,0,0,1
2010,9,2010-05-21,M.C.G.,Collingwood,Geelong,Geelong,Corey Enright,18,12,9,0,0,0,4
2010,9,2010-05-21,M.C.G.,Collingwood,Geelong,Geelong,Tom Hawkins,5,7,8,1,0,8,3
2010,9,2010-05-21,M.C.G.,Collingwood,Geelong,Geelong,Josh Hunt,14,9,7,0,0,0,2
2010,9,2010-05-21,M.C.G.,Collingwood,Geelong,Geelong,Steve Johnson,14,8,4,1,1,0,0
2010,9,2010-05-21,M.C.G.,Collingwood,Geelong,Geelong,James Kelly,17,9,15,0,0,0,4
2010,9,2010-05-21,M.C.G.,Collingwood,Geelong,Geelong,Cameron Ling,13,5,11,0,2,0,10
2010,9,2010-05-21,M.C.G.,Collingwood,Geelong,Geelong,Tom Lonergan,5,5,13,0,0,0,3
2010,9,2010-05-21,M.C.G.,Collingwood,Geelong,Geelong,Andrew Mackie,16,7,12,0,1,0,1
2010,9,2010-05-21,M.C.G.,Collingwood,Geelong,Geelong,Darren Milburn,15,6,15,0,0,0,4
2010,9,2010-05-21,M.C.G.,Collingwood,Geelong,Geelong,Cameron Mooney,15,10,3,3,2,0,1
2010,9,2010-05-21,M.C.G.,Collingwood,Geelong,Geelong,James Podsiadly,9,9,5,1,2,0,4
2010,9,2010-05-21,M.C.G.,Collingwood,Geelong,Geelong,Matthew Scarlett,9,7,9,0,0,0,2
2010,9,2010-05-21,M.C.G.,Collingwood,Geelong,Geelong,Joel Selwood,11,7,16,0,0,0,3
2010,9,2010-05-21,M.C.G.,Collingwood,Geelong,Geelong,Mathew Stokes,8,3,10,3,0,0,5
2010,9,2010-05-21,M.C.G.,Collingwood,Geelong,Geelong,Harry Taylor,8,7,8,0,0,0,2
2010,9,2010-05-21,M.C.G.,Collingwood,Geelong,Geelong,Travis Varcoe,7,6,13,1,1,0,3
2010,9,2010-05-21,M.C.G.,Collingwood,Geelong,Geelong,David Wojcinski,6,5,11,1,0,0,2
2010,9,2010-05-22,Docklands,North Melbourne,Western Bulldogs,North Melbourne,Ryan Bastinac,9,3,11,0,0,0,2
2010,9,2010-05-22,Docklands,North Melbourne,Western Bulldogs,North Melbourne,Matt Campbell,3,2,2,1,0,0,1
2010,9,2010-05-22,Docklands,North Melbourne,Western Bulldogs,North Melbourne,Ben Cunnington,4,3,5,0,0,0,6
2010,9,2010-05-22,Docklands,North Melbourne,Western Bulldogs,North Melbourne,Aaron Edwards,9,5,2,2,1,0,1
2010,9,2010-05-22,Docklands,North Melbourne,Western Bulldogs,North Melbourne,Michael Firrito,5,5,11,0,0,0,2
2010,9,2010-05-22,Docklands,North Melbourne,Western Bulldogs,North Melbourne,Todd Goldstein,6,5,7,0,1,27,2
2010,9,2010-05-22,Docklands,North Melbourne,Western Bulldogs,North Melbourne,Levi Greenwood,8,5,9,0,0,0,7
2010,9,2010-05-22,Docklands,North Melbourne,Western Bulldogs,North Melbourne,Nathan Grima,13,7,9,0,0,0,0
2010,9,2010-05-22,Docklands,North Melbourne,Western Bulldogs,North Melbourne,Lachlan Hansen,10,5,10,0,0,3,3
2010,9,2010-05-22,Docklands,North Melbourne,Western Bulldogs,North Melbourne,Leigh Harding,8,4,4,0,0,0,2
2010,9,2010-05-22,Docklands,North Melbourne,Western Bulldogs,North Melbourne,Brent Harvey,14,5,14,0,2,0,2
2010,9,2010-05-22,Docklands,North Melbourne,Western Bulldogs,North Melbourne,Scott McMahon,7,4,5,1,0,0,1
2010,9,2010-05-22,Docklands,North Melbourne,Western Bulldogs,North Melbourne,Nathan OKeefe,7,5,3,0,3,0,3
2010,9,2010-05-22,Docklands,North Melbourne,Western Bulldogs,North Melbourne,Daniel Pratt,4,2,8,0,0,0,2
2010,9,2010-05-22,Docklands,North Melbourne,Western Bulldogs,North Melbourne,Brady Rawlings,8,4,18,0,0,0,0
2010,9,2010-05-22,Docklands,North Melbourne,Western Bulldogs,North Melbourne,Josh Smith,12,9,2,0,1,2,2
2010,9,2010-05-22,Docklands,North Melbourne,Western Bulldogs,North Melbourne,Andrew Swallow,10,4,15,0,1,0,6
2010,9,2010-05-22,Docklands,North Melbourne,Western Bulldogs,North Melbourne,Lindsay Thomas,15,4,6,1,2,0,0
2010,9,2010-05-22,Docklands,North Melbourne,Western Bulldogs,North Melbourne,Scott Thompson,5,3,9,0,0,0,3
2010,9,2010-05-22,Docklands,North Melbourne,Western Bulldogs,North Melbourne,Daniel Wells,8,3,4,0,0,0,2
2010,9,2010-05-22,Docklands,North Melbourne,Western Bulldogs,North Melbourne,Sam Wright,4,2,2,1,0,0,4
2010,9,2010-05-22,Docklands,North Melbourne,Western Bulldogs,North Melbourne,Jack Ziebell,12,1,5,1,1,0,1
2010,9,2010-05-22,Docklands,North Melbourne,Western Bulldogs,Western Bulldogs,Dylan Addison,8,6,8,0,0,0,1
2010,9,2010-05-22,Docklands,North Melbourne,Western Bulldogs,Western Bulldogs,Jason Akermanis,7,6,7,1,1,0,1
2010,9,2010-05-22,Docklands,North Melbourne,Western Bulldogs,Western Bulldogs,Matthew Boyd,18,4,11,0,0,1,4
2010,9,2010-05-22,Docklands,North Melbourne,Western Bulldogs,Western Bulldogs,Adam Cooney,21,9,15,2,0,0,5
2010,9,2010-05-22,Docklands,North Melbourne,Western Bulldogs,Western Bulldogs,Daniel Cross,9,4,18,0,0,0,6
2010,9,2010-05-22,Docklands,North Melbourne,Western Bulldogs,Western Bulldogs,Nathan Eagleton,18,12,5,1,0,0,1
2010,9,2010-05-22,Docklands,North Melbourne,Western Bulldogs,Western Bulldogs,Daniel Giansiracusa,10,6,6,1,0,0,4
2010,9,2010-05-22,Docklands,North Melbourne,Western Bulldogs,Western Bulldogs,Lindsay Gilbee,17,9,7,0,0,0,0
2010,9,2010-05-22,Docklands,North Melbourne,Western Bulldogs,Western Bulldogs,Jarrad Grant,8,6,11,2,0,0,1
2010,9,2010-05-22,Docklands,North Melbourne,Western Bulldogs,Western Bulldogs,Ryan Griffen,15,9,14,1,1,1,1
2010,9,2010-05-22,Docklands,North Melbourne,Western Bulldogs,Western Bulldogs,Mitch Hahn,16,9,13,1,2,1,1
2010,9,2010-05-22,Docklands,North Melbourne,Western Bulldogs,Western Bulldogs,Barry Hall,7,3,2,3,2,0,0
2010,9,2010-05-22,Docklands,North Melbourne,Western Bulldogs,Western Bulldogs,Jarrod Harbrow,18,9,10,0,0,0,0
2010,9,2010-05-22,Docklands,North Melbourne,Western Bulldogs,Western Bulldogs,Ryan Hargrave,18,14,16,0,0,0,1
2010,9,2010-05-22,Docklands,North Melbourne,Western Bulldogs,Western Bulldogs,Josh Hill,11,6,5,4,0,0,5
2010,9,2010-05-22,Docklands,North Melbourne,Western Bulldogs,Western Bulldogs,Ben Hudson,2,2,8,1,0,18,3
2010,9,2010-05-22,Docklands,North Melbourne,Western Bulldogs,Western Bulldogs,Brian Lake,35,22,6,0,0,0,2
2010,9,2010-05-22,Docklands,North Melbourne,Western Bulldogs,Western Bulldogs,Will Minson,6,4,3,1,0,10,4
2010,9,2010-05-22,Docklands,North Melbourne,Western Bulldogs,Western Bulldogs,Dale Morris,8,6,12,0,0,0,1
2010,9,2010-05-22,Docklands,North Melbourne,Western Bulldogs,Western Bulldogs,Liam Picken,5,3,9,1,0,0,6
2010,9,2010-05-22,Docklands,North Melbourne,Western Bulldogs,Western Bulldogs,Brennan Stack,7,3,4,1,0,0,5
2010,9,2010-05-22,Docklands,North Melbourne,Western Bulldogs,Western Bulldogs,Tom Williams,8,5,4,0,0,0,0
2010,9,2010-05-22,S.C.G.,Sydney,Fremantle,Sydney,Paul Bevan,3,4,8,0,0,0,1
2010,9,2010-05-22,S.C.G.,Sydney,Fremantle,Sydney,Jude Bolton,9,2,11,0,0,0,8
2010,9,2010-05-22,S.C.G.,Sydney,Fremantle,Sydney,Daniel Bradshaw,5,3,2,1,2,0,2
2010,9,2010-05-22,S.C.G.,Sydney,Fremantle,Sydney,Adam Goodes,13,8,10,0,1,0,4
2010,9,2010-05-22,S.C.G.,Sydney,Fremantle,Sydney,Heath Grundy,9,3,7,0,0,0,3
2010,9,2010-05-22,S.C.G.,Sydney,Fremantle,Sydney,Dan Hannebery,15,8,13,1,0,0,3
2010,9,2010-05-22,S.C.G.,Sydney,Fremantle,Sydney,Campbell Heath,10,4,2,0,1,0,6
2010,9,2010-05-22,S.C.G.,Sydney,Fremantle,Sydney,Kieren Jack,12,2,5,1,0,0,10
2010,9,2010-05-22,S.C.G.,Sydney,Fremantle,Sydney,Lewis Jetta,14,3,3,0,1,0,0
2010,9,2010-05-22,S.C.G.,Sydney,Fremantle,Sydney,Josh Kennedy,8,4,11,0,0,1,4
2010,9,2010-05-22,S.C.G.,Sydney,Fremantle,Sydney,Tadhg Kennelly,0,0,0,0,0,0,0
2010,9,2010-05-22,S.C.G.,Sydney,Fremantle,Sydney,Brett Kirk,4,2,10,1,0,0,8
2010,9,2010-05-22,S.C.G.,Sydney,Fremantle,Sydney,Nick Malceski,21,9,7,1,0,0,3
2010,9,2010-05-22,S.C.G.,Sydney,Fremantle,Sydney,Martin Mattner,13,4,5,0,0,0,2
2010,9,2010-05-22,S.C.G.,Sydney,Fremantle,Sydney,Jarrad McVeigh,12,1,7,0,0,0,7
2010,9,2010-05-22,S.C.G.,Sydney,Fremantle,Sydney,Ryan OKeefe,8,4,13,0,0,0,5
2010,9,2010-05-22,S.C.G.,Sydney,Fremantle,Sydney,Henry Playfair,6,2,9,2,1,8,2
2010,9,2010-05-22,S.C.G.,Sydney,Fremantle,Sydney,Mike Pyke,2,2,5,0,0,21,4
2010,9,2010-05-22,S.C.G.,Sydney,Fremantle,Sydney,Lewis Roberts-Thomson,10,4,7,0,0,0,2
2010,9,2010-05-22,S.C.G.,Sydney,Fremantle,Sydney,Gary Rohan,9,2,6,1,0,0,6
2010,9,2010-05-22,S.C.G.,Sydney,Fremantle,Sydney,Rhyce Shaw,15,5,7,0,0,0,1
2010,9,2010-05-22,S.C.G.,Sydney,Fremantle,Sydney,Nick Smith,6,2,8,1,0,0,0
2010,9,2010-05-22,S.C.G.,Sydney,Fremantle,Fremantle,Hayden Ballantyne,9,2,5,0,2,0,4
2010,9,2010-05-22,S.C.G.,Sydney,Fremantle,Fremantle,Michael Barlow,9,5,10,0,0,0,10
2010,9,2010-05-22,S.C.G.,Sydney,Fremantle,Fremantle,Kepler Bradley,8,4,7,2,1,10,3
2010,9,2010-05-22,S.C.G.,Sydney,Fremantle,Fremantle,Ryan Crowley,6,2,12,2,0,1,4
2010,9,2010-05-22,S.C.G.,Sydney,Fremantle,Fremantle,Paul Duffield,14,2,3,0,0,0,7
2010,9,2010-05-22,S.C.G.,Sydney,Fremantle,Fremantle,Nat Fyfe,13,7,10,0,1,0,5
2010,9,2010-05-22,S.C.G.,Sydney,Fremantle,Fremantle,Antoni Grover,6,1,1,0,0,0,5
2010,9,2010-05-22,S.C.G.,Sydney,Fremantle,Fremantle,Paul Hasleby,11,3,5,2,2,0,1
2010,9,2010-05-22,S.C.G.,Sydney,Fremantle,Fremantle,Roger Hayden,5,2,5,0,0,0,4
2010,9,2010-05-22,S.C.G.,Sydney,Fremantle,Fremantle,Stephen Hill,3,0,4,0,0,0,1
2010,9,2010-05-22,S.C.G.,Sydney,Fremantle,Fremantle,Garrick Ibbotson,7,2,4,0,0,0,2
2010,9,2010-05-22,S.C.G.,Sydney,Fremantle,Fremantle,Chris Mayne,4,1,2,1,0,0,7
2010,9,2010-05-22,S.C.G.,Sydney,Fremantle,Fremantle,Adam McPhee,7,2,8,2,1,0,11
2010,9,2010-05-22,S.C.G.,Sydney,Fremantle,Fremantle,Anthony Morabito,5,2,3,1,0,0,5
2010,9,2010-05-22,S.C.G.,Sydney,Fremantle,Fremantle,David Mundy,17,4,8,0,0,0,7
2010,9,2010-05-22,S.C.G.,Sydney,Fremantle,Fremantle,Rhys Palmer,9,2,8,0,2,0,5
2010,9,2010-05-22,S.C.G.,Sydney,Fremantle,Fremantle,Matthew Pavlich,11,1,4,3,4,0,1
2010,9,2010-05-22,S.C.G.,Sydney,Fremantle,Fremantle,Aaron Sandilands,3,1,7,1,0,35,1
2010,9,2010-05-22,S.C.G.,Sydney,Fremantle,Fremantle,Alex Silvagni,6,0,1,0,0,0,4
2010,9,2010-05-22,S.C.G.,Sydney,Fremantle,Fremantle,Nick Suban,6,1,2,0,0,0,3
2010,9,2010-05-22,S.C.G.,Sydney,Fremantle,Fremantle,Chris Tarrant,6,0,2,0,0,0,3
2010,9,2010-05-22,S.C.G.,Sydney,Fremantle,Fremantle,Jay van Berlo,5,1,3,0,0,0,4
2010,9,2010-05-22,Marrara Oval,Melbourne,Port Adelaide,Melbourne,Clint Bartram,5,1,6,0,1,0,2
2010,9,2010-05-22,Marrara Oval,Melbourne,Port Adelaide,Melbourne,Jamie Bennell,12,5,4,4,0,0,1
2010,9,2010-05-22,Marrara Oval,Melbourne,Port Adelaide,Melbourne,Aaron Davey,19,2,7,0,0,0,3
2010,9,2010-05-22,Marrara Oval,Melbourne,Port Adelaide,Melbourne,James Frawley,12,5,10,0,0,0,2
2010,9,2010-05-22,Marrara Oval,Melbourne,Port Adelaide,Melbourne,Colin Garland,6,0,3,0,0,0,7
2010,9,2010-05-22,Marrara Oval,Melbourne,Port Adelaide,Melbourne,Brad Green,16,9,7,3,1,0,1
2010,9,2010-05-22,Marrara Oval,Melbourne,Port Adelaide,Melbourne,Jack Grimes,10,2,10,0,0,0,0
2010,9,2010-05-22,Marrara Oval,Melbourne,Port Adelaide,Melbourne,Mark Jamar,1,2,9,0,1,34,2
2010,9,2010-05-22,Marrara Oval,Melbourne,Port Adelaide,Melbourne,Neville Jetta,15,6,6,1,1,0,8
2010,9,2010-05-22,Marrara Oval,Melbourne,Port Adelaide,Melbourne,Nathan Jones,3,2,9,0,1,0,3
2010,9,2010-05-22,Marrara Oval,Melbourne,Port Adelaide,Melbourne,Joel Macdonald,5,4,7,0,0,0,3
2010,9,2010-05-22,Marrara Oval,Melbourne,Port Adelaide,Melbourne,James McDonald,15,5,8,0,1,0,7
2010,9,2010-05-22,Marrara Oval,Melbourne,Port Adelaide,Melbourne,Jordie McKenzie,4,1,6,0,0,0,5
2010,9,2010-05-22,Marrara Oval,Melbourne,Port Adelaide,Melbourne,Brad Miller,8,5,3,5,0,1,1
2010,9,2010-05-22,Marrara Oval,Melbourne,Port Adelaide,Melbourne,Brent Moloney,7,0,13,0,0,0,4
2010,9,2010-05-22,Marrara Oval,Melbourne,Port Adelaide,Melbourne,Cale Morton,12,5,7,0,0,0,4
2010,9,2010-05-22,Marrara Oval,Melbourne,Port Adelaide,Melbourne,Jared Rivers,5,3,7,0,0,0,4
2010,9,2010-05-22,Marrara Oval,Melbourne,Port Adelaide,Melbourne,Tom Scully,9,0,12,0,0,0,1
2010,9,2010-05-22,Marrara Oval,Melbourne,Port Adelaide,Melbourne,Colin Sylvia,10,7,15,1,0,2,5
2010,9,2010-05-22,Marrara Oval,Melbourne,Port Adelaide,Melbourne,Jack Trengove,6,3,18,0,0,1,6
2010,9,2010-05-22,Marrara Oval,Melbourne,Port Adelaide,Melbourne,Jack Watts,7,3,11,2,0,0,0
2010,9,2010-05-22,Marrara Oval,Melbourne,Port Adelaide,Melbourne,Austin Wonaeamirri,4,3,6,1,0,0,2
2010,9,2010-05-22,Marrara Oval,Melbourne,Port Adelaide,Port Adelaide,Travis Boak,16,8,9,3,0,0,5
2010,9,2010-05-22,Marrara Oval,Melbourne,Port Adelaide,Port Adelaide,Dean Brogan,7,0,11,0,0,18,1
2010,9,2010-05-22,Marrara Oval,Melbourne,Port Adelaide,Port Adelaide,Alipate Carlile,9,5,11,0,0,0,2
2010,9,2010-05-22,Marrara Oval,Melbourne,Port Adelaide,Port Adelaide,Domenic Cassisi,8,6,10,0,1,0,5
2010,9,2010-05-22,Marrara Oval,Melbourne,Port Adelaide,Port Adelaide,Troy Chaplin,16,4,8,0,0,1,0
2010,9,2010-05-22,Marrara Oval,Melbourne,Port Adelaide,Port Adelaide,Chad Cornes,8,2,7,1,0,0,1
2010,9,2010-05-22,Marrara Oval,Melbourne,Port Adelaide,Port Adelaide,Kane Cornes,13,5,15,0,0,0,4
2010,9,2010-05-22,Marrara Oval,Melbourne,Port Adelaide,Port Adelaide,Jason Davenport,4,0,4,2,1,0,7
2010,9,2010-05-22,Marrara Oval,Melbourne,Port Adelaide,Port Adelaide,Brett Ebert,9,5,3,1,2,0,2
2010,9,2010-05-22,Marrara Oval,Melbourne,Port Adelaide,Port Adelaide,Cameron Hitchcock,9,2,5,3,1,0,6
2010,9,2010-05-22,Marrara Oval,Melbourne,Port Adelaide,Port Adelaide,Tom Logan,11,4,7,0,1,0,4
2010,9,2010-05-22,Marrara Oval,Melbourne,Port Adelaide,Port Adelaide,Daniel Motlop,10,0,2,1,3,0,2
2010,9,2010-05-22,Marrara Oval,Melbourne,Port Adelaide,Port Adelaide,Jay Nash,9,1,7,0,0,0,2
2010,9,2010-05-22,Marrara Oval,Melbourne,Port Adelaide,Port Adelaide,Danyle Pearce,13,3,2,1,0,0,4
2010,9,2010-05-22,Marrara Oval,Melbourne,Port Adelaide,Port Adelaide,David Rodan,10,3,10,1,0,0,4
2010,9,2010-05-22,Marrara Oval,Melbourne,Port Adelaide,Port Adelaide,Steven Salopek,8,6,10,1,0,0,1
2010,9,2010-05-22,Marrara Oval,Melbourne,Port Adelaide,Port Adelaide,Jay Schulz,6,5,4,1,2,0,5
2010,9,2010-05-22,Marrara Oval,Melbourne,Port Adelaide,Port Adelaide,Paul Stewart,14,7,5,0,0,0,4
2010,9,2010-05-22,Marrara Oval,Melbourne,Port Adelaide,Port Adelaide,Jacob Surjan,9,3,6,0,0,0,2
2010,9,2010-05-22,Marrara Oval,Melbourne,Port Adelaide,Port Adelaide,Matt Thomas,8,2,8,0,0,0,3
2010,9,2010-05-22,Marrara Oval,Melbourne,Port Adelaide,Port Adelaide,Jackson Trengove,5,5,8,1,0,9,5
2010,9,2010-05-22,Marrara Oval,Melbourne,Port Adelaide,Port Adelaide,Justin Westhoff,8,4,5,0,1,2,2
2010,9,2010-05-22,M.C.G.,Essendon,Richmond,Essendon,Jarrod Atkinson,5,2,3,0,0,0,4
2010,9,2010-05-22,M.C.G.,Essendon,Richmond,Essendon,Alwyn Davey,9,1,9,1,0,0,4
2010,9,2010-05-22,M.C.G.,Essendon,Richmond,Essendon,Courtenay Dempsey,8,4,10,0,0,0,2
2010,9,2010-05-22,M.C.G.,Essendon,Richmond,Essendon,Dustin Fletcher,11,7,1,0,0,0,1
2010,9,2010-05-22,M.C.G.,Essendon,Richmond,Essendon,Scott Gumbleton,3,3,5,1,0,0,1
2010,9,2010-05-22,M.C.G.,Essendon,Richmond,Essendon,David Hille,13,14,13,3,2,23,1
2010,9,2010-05-22,M.C.G.,Essendon,Richmond,Essendon,Heath Hocking,11,8,7,0,0,0,2
2010,9,2010-05-22,M.C.G.,Essendon,Richmond,Essendon,Ben Howlett,10,4,11,1,0,0,7
2010,9,2010-05-22,M.C.G.,Essendon,Richmond,Essendon,Michael Hurley,12,7,9,1,0,0,2
2010,9,2010-05-22,M.C.G.,Essendon,Richmond,Essendon,Leroy Jetta,11,3,10,1,2,0,5
2010,9,2010-05-22,M.C.G.,Essendon,Richmond,Essendon,Sam Lonergan,12,3,11,1,0,0,2
2010,9,2010-05-22,M.C.G.,Essendon,Richmond,Essendon,Mark McVeigh,8,3,4,1,0,0,1
2010,9,2010-05-22,M.C.G.,Essendon,Richmond,Essendon,Jake Melksham,6,1,4,2,0,0,2
2010,9,2010-05-22,M.C.G.,Essendon,Richmond,Essendon,Angus Monfries,7,5,9,1,1,0,2
2010,9,2010-05-22,M.C.G.,Essendon,Richmond,Essendon,David Myers,6,3,12,1,1,0,5
2010,9,2010-05-22,M.C.G.,Essendon,Richmond,Essendon,Tayte Pears,8,4,1,0,0,0,2
2010,9,2010-05-22,M.C.G.,Essendon,Richmond,Essendon,Brent Prismall,19,11,8,0,0,0,2
2010,9,2010-05-22,M.C.G.,Essendon,Richmond,Essendon,Paddy Ryder,8,7,11,2,1,19,5
2010,9,2010-05-22,M.C.G.,Essendon,Richmond,Essendon,Brent Stanton,12,8,4,1,0,0,4
2010,9,2010-05-22,M.C.G.,Essendon,Richmond,Essendon,Jobe Watson,12,5,16,0,0,0,5
2010,9,2010-05-22,M.C.G.,Essendon,Richmond,Essendon,Jason Winderlich,13,5,13,0,4,0,6
2010,9,2010-05-22,M.C.G.,Essendon,Richmond,Essendon,David Zaharakis,8,2,7,2,0,0,2
2010,9,2010-05-22,M.C.G.,Essendon,Richmond,Richmond,David Astbury,4,0,3,1,0,0,3
2010,9,2010-05-22,M.C.G.,Essendon,Richmond,Richmond,Trent Cotchin,17,0,8,0,1,2,5
2010,9,2010-05-22,M.C.G.,Essendon,Richmond,Richmond,Ben Cousins,6,1,11,0,2,0,4
2010,9,2010-05-22,M.C.G.,Essendon,Richmond,Richmond,Brett Deledio,11,4,11,0,0,0,7
2010,9,2010-05-22,M.C.G.,Essendon,Richmond,Richmond,Shane Edwards,7,2,11,1,1,0,2
2010,9,2010-05-22,M.C.G.,Essendon,Richmond,Richmond,Mitch Farmer,5,3,3,0,1,0,2
2010,9,2010-05-22,M.C.G.,Essendon,Richmond,Richmond,Nathan Foley,5,2,14,0,0,0,4
2010,9,2010-05-22,M.C.G.,Essendon,Richmond,Richmond,Angus Graham,3,3,12,0,0,17,6
2010,9,2010-05-22,M.C.G.,Essendon,Richmond,Richmond,Jake King,5,2,6,0,0,0,1
2010,9,2010-05-22,M.C.G.,Essendon,Richmond,Richmond,Dustin Martin,7,1,16,1,0,0,0
2010,9,2010-05-22,M.C.G.,Essendon,Richmond,Richmond,Luke McGuane,3,4,7,0,0,0,3
2010,9,2010-05-22,M.C.G.,Essendon,Richmond,Richmond,Kelvin Moore,3,3,5,0,0,0,2
2010,9,2010-05-22,M.C.G.,Essendon,Richmond,Richmond,Robin Nahas,8,5,3,1,0,0,2
2010,9,2010-05-22,M.C.G.,Essendon,Richmond,Richmond,Ben Nason,5,2,3,1,0,0,3
2010,9,2010-05-22,M.C.G.,Essendon,Richmond,Richmond,Chris Newman,9,2,4,0,0,0,4
2010,9,2010-05-22,M.C.G.,Essendon,Richmond,Richmond,Alex Rance,4,0,6,2,0,1,1
2010,9,2010-05-22,M.C.G.,Essendon,Richmond,Richmond,Jack Riewoldt,16,11,2,6,1,0,1
2010,9,2010-05-22,M.C.G.,Essendon,Richmond,Richmond,Will Thursfield,4,3,1,0,0,0,1
2010,9,2010-05-22,M.C.G.,Essendon,Richmond,Richmond,Shane Tuck,13,3,17,1,1,1,8
2010,9,2010-05-22,M.C.G.,Essendon,Richmond,Richmond,Ty Vickery,1,2,5,0,0,7,3
2010,9,2010-05-22,M.C.G.,Essendon,Richmond,Richmond,Jeromey Webberley,12,7,3,0,0,0,2
2010,9,2010-05-22,M.C.G.,Essendon,Richmond,Richmond,Matt White,11,3,2,0,1,0,4
2010,9,2010-05-23,Football Park,Adelaide,Brisbane Lions,Adelaide,Nathan Bock,9,5,5,0,0,0,1
2010,9,2010-05-23,Football Park,Adelaide,Brisbane Lions,Adelaide,Myke Cook,4,2,11,0,0,0,0
2010,9,2010-05-23,Football Park,Adelaide,Brisbane Lions,Adelaide,Patrick Dangerfield,8,2,6,3,0,0,2
2010,9,2010-05-23,Football Park,Adelaide,Brisbane Lions,Adelaide,Phil Davis,3,3,5,0,0,0,1
2010,9,2010-05-23,Football Park,Adelaide,Brisbane Lions,Adelaide,Michael Doughty,7,2,9,0,0,0,5
2010,9,2010-05-23,Football Park,Adelaide,Brisbane Lions,Adelaide,Richard Douglas,18,4,5,3,2,0,8
2010,9,2010-05-23,Football Park,Adelaide,Brisbane Lions,Adelaide,Tyson Edwards,10,4,7,0,0,0,1
2010,9,2010-05-23,Football Park,Adelaide,Brisbane Lions,Adelaide,Simon Goodwin,10,2,10,0,0,0,7
2010,9,2010-05-23,Football Park,Adelaide,Brisbane Lions,Adelaide,Jack Gunston,5,2,2,1,0,0,1
2010,9,2010-05-23,Football Park,Adelaide,Brisbane Lions,Adelaide,David Mackay,6,1,9,0,0,0,1
2010,9,2010-05-23,Football Park,Adelaide,Brisbane Lions,Adelaide,Ivan Maric,4,2,7,0,0,18,3
2010,9,2010-05-23,Football Park,Adelaide,Brisbane Lions,Adelaide,Andrew McLeod,12,2,5,2,3,0,3
2010,9,2010-05-23,Football Park,Adelaide,Brisbane Lions,Adelaide,Jared Petrenko,5,4,8,0,0,0,0
2010,9,2010-05-23,Football Park,Adelaide,Brisbane Lions,Adelaide,Jason Porplyzia,5,2,10,1,2,0,7
2010,9,2010-05-23,Football Park,Adelaide,Brisbane Lions,Adelaide,Brent Reilly,13,2,8,0,1,0,5
2010,9,2010-05-23,Football Park,Adelaide,Brisbane Lions,Adelaide,Ben Rutten,6,5,18,0,0,0,2
2010,9,2010-05-23,Football Park,Adelaide,Brisbane Lions,Adelaide,Chris Schmidt,6,1,10,0,0,0,2
2010,9,2010-05-23,Football Park,Adelaide,Brisbane Lions,Adelaide,Scott Stevens,8,6,9,0,1,3,1
2010,9,2010-05-23,Football Park,Adelaide,Brisbane Lions,Adelaide,Scott Thompson,10,1,17,0,0,0,2
2010,9,2010-05-23,Football Park,Adelaide,Brisbane Lions,Adelaide,Kurt Tippett,6,3,3,1,1,10,2
2010,9,2010-05-23,Football Park,Adelaide,Brisbane Lions,Adelaide,Nathan van Berlo,13,6,16,0,1,0,4
2010,9,2010-05-23,Football Park,Adelaide,Brisbane Lions,Adelaide,Taylor Walker,7,7,4,2,1,0,0
2010,9,2010-05-23,Football Park,Adelaide,Brisbane Lions,Brisbane Lions,Jed Adcock,11,8,9,0,0,0,4
2010,9,2010-05-23,Football Park,Adelaide,Brisbane Lions,Brisbane Lions,Todd Banfield,9,5,5,2,2,0,8
2010,9,2010-05-23,Football Park,Adelaide,Brisbane Lions,Brisbane Lions,Simon Black,12,5,11,0,0,0,6
2010,9,2010-05-23,Football Park,Adelaide,Brisbane Lions,Brisbane Lions,Jonathan Brown,5,2,7,0,0,1,0
2010,9,2010-05-23,Football Park,Adelaide,Brisbane Lions,Brisbane Lions,Amon Buchanan,5,4,7,0,1,0,1
2010,9,2010-05-23,Football Park,Adelaide,Brisbane Lions,Brisbane Lions,Mitch Clark,7,3,7,0,1,15,6
2010,9,2010-05-23,Football Park,Adelaide,Brisbane Lions,Brisbane Lions,Brendan Fevola,9,3,0,5,2,0,3
2010,9,2010-05-23,Football Park,Adelaide,Brisbane Lions,Brisbane Lions,James Hawksley,6,2,4,0,0,0,2
2010,9,2010-05-23,Football Park,Adelaide,Brisbane Lions,Brisbane Lions,Matthew Leuenberger,5,3,11,0,1,32,0
2010,9,2010-05-23,Football Park,Adelaide,Brisbane Lions,Brisbane Lions,Matt Maguire,8,3,5,0,0,0,6
2010,9,2010-05-23,Football Park,Adelaide,Brisbane Lions,Brisbane Lions,Ashley McGrath,21,8,10,2,1,0,5
2010,9,2010-05-23,Football Park,Adelaide,Brisbane Lions,Brisbane Lions,Joel Patfull,2,0,2,0,0,0,5
2010,9,2010-05-23,Football Park,Adelaide,Brisbane Lions,Brisbane Lions,James Polkinghorne,2,2,11,0,0,0,2
2010,9,2010-05-23,Football Park,Adelaide,Brisbane Lions,Brisbane Lions,Luke Power,10,5,12,0,0,0,6
2010,9,2010-05-23,Football Park,Adelaide,Brisbane Lions,Brisbane Lions,Andrew Raines,7,2,9,0,0,0,0
2010,9,2010-05-23,Football Park,Adelaide,Brisbane Lions,Brisbane Lions,Jack Redden,12,6,6,0,2,0,6
2010,9,2010-05-23,Football Park,Adelaide,Brisbane Lions,Brisbane Lions,Daniel Rich,14,1,12,1,2,0,8
2010,9,2010-05-23,Football Park,Adelaide,Brisbane Lions,Brisbane Lions,Michael Rischitelli,13,4,12,0,1,0,3
2010,9,2010-05-23,Football Park,Adelaide,Brisbane Lions,Brisbane Lions,Tom Rockliff,11,8,7,0,0,0,0
2010,9,2010-05-23,Football Park,Adelaide,Brisbane Lions,Brisbane Lions,Justin Sherman,14,7,11,1,1,0,1
2010,9,2010-05-23,Football Park,Adelaide,Brisbane Lions,Brisbane Lions,Brent Staker,9,5,5,0,0,0,6
2010,9,2010-05-23,Football Park,Adelaide,Brisbane Lions,Brisbane Lions,Cheynee Stiller,7,4,8,0,0,0,7
2010,9,2010-05-23,Docklands,Carlton,Hawthorn,Carlton,Joe Anderson,7,2,5,0,0,0,6
2010,9,2010-05-23,Docklands,Carlton,Hawthorn,Carlton,Dennis Armfield,2,2,11,0,0,0,1
2010,9,2010-05-23,Docklands,Carlton,Hawthorn,Carlton,Eddie Betts,7,1,6,0,2,0,2
2010,9,2010-05-23,Docklands,Carlton,Hawthorn,Carlton,Andrew Carrazzo,9,5,11,0,0,0,6
2010,9,2010-05-23,Docklands,Carlton,Hawthorn,Carlton,Jeff Garlett,6,3,4,0,1,0,5
2010,9,2010-05-23,Docklands,Carlton,Hawthorn,Carlton,Bryce Gibbs,13,5,10,0,0,0,5
2010,9,2010-05-23,Docklands,Carlton,Hawthorn,Carlton,Lachie Henderson,9,6,6,3,1,0,4
2010,9,2010-05-23,Docklands,Carlton,Hawthorn,Carlton,Sam Jacobs,4,6,10,1,0,25,4
2010,9,2010-05-23,Docklands,Carlton,Hawthorn,Carlton,Michael Jamison,9,7,4,0,0,0,3
2010,9,2010-05-23,Docklands,Carlton,Hawthorn,Carlton,Chris Johnson,2,2,3,0,0,0,1
2010,9,2010-05-23,Docklands,Carlton,Hawthorn,Carlton,Aaron Joseph,9,4,8,1,0,0,2
2010,9,2010-05-23,Docklands,Carlton,Hawthorn,Carlton,Chris Judd,19,5,11,0,2,0,7
2010,9,2010-05-23,Docklands,Carlton,Hawthorn,Carlton,Matthew Kreuzer,5,3,7,0,1,20,3
2010,9,2010-05-23,Docklands,Carlton,Hawthorn,Carlton,Marc Murphy,12,3,11,1,0,0,5
2010,9,2010-05-23,Docklands,Carlton,Hawthorn,Carlton,Setanta OhAilpin,0,2,3,0,0,0,0
2010,9,2010-05-23,Docklands,Carlton,Hawthorn,Carlton,Mitch Robinson,11,4,10,2,0,0,4
2010,9,2010-05-23,Docklands,Carlton,Hawthorn,Carlton,Jordan Russell,13,7,10,0,0,0,3
2010,9,2010-05-23,Docklands,Carlton,Hawthorn,Carlton,Heath Scotland,16,12,14,0,2,0,5
2010,9,2010-05-23,Docklands,Carlton,Hawthorn,Carlton,Kade Simpson,18,4,9,0,0,0,2
2010,9,2010-05-23,Docklands,Carlton,Hawthorn,Carlton,Bret Thornton,14,9,7,0,0,0,4
2010,9,2010-05-23,Docklands,Carlton,Hawthorn,Carlton,Simon White,5,4,4,0,0,0,0
2010,9,2010-05-23,Docklands,Carlton,Hawthorn,Carlton,Chris Yarran,2,1,3,0,0,0,1
2010,9,2010-05-23,Docklands,Carlton,Hawthorn,Hawthorn,Grant Birchall,15,7,3,0,0,0,1
2010,9,2010-05-23,Docklands,Carlton,Hawthorn,Hawthorn,Campbell Brown,16,11,4,0,0,0,1
2010,9,2010-05-23,Docklands,Carlton,Hawthorn,Hawthorn,Shaun Burgoyne,10,5,13,0,0,2,3
2010,9,2010-05-23,Docklands,Carlton,Hawthorn,Hawthorn,Xavier Ellis,11,5,6,0,0,0,3
2010,9,2010-05-23,Docklands,Carlton,Hawthorn,Hawthorn,Lance Franklin,12,4,6,5,4,1,2
2010,9,2010-05-23,Docklands,Carlton,Hawthorn,Hawthorn,Stephen Gilham,9,6,5,0,0,0,2
2010,9,2010-05-23,Docklands,Carlton,Hawthorn,Hawthorn,Brent Guerra,9,6,6,0,1,0,5
2010,9,2010-05-23,Docklands,Carlton,Hawthorn,Hawthorn,Luke Hodge,20,7,9,1,0,0,7
2010,9,2010-05-23,Docklands,Carlton,Hawthorn,Hawthorn,Rhan Hooper,7,2,2,2,2,0,4
2010,9,2010-05-23,Docklands,Carlton,Hawthorn,Hawthorn,Jordan Lewis,12,11,12,1,1,1,1
2010,9,2010-05-23,Docklands,Carlton,Hawthorn,Hawthorn,Sam Mitchell,16,3,7,0,0,0,5
2010,9,2010-05-23,Docklands,Carlton,Hawthorn,Hawthorn,Tom Murphy,5,5,8,0,0,0,3
2010,9,2010-05-23,Docklands,Carlton,Hawthorn,Hawthorn,Michael Osborne,11,3,6,2,0,0,5
2010,9,2010-05-23,Docklands,Carlton,Hawthorn,Hawthorn,Carl Peterson,5,4,5,1,0,1,2
2010,9,2010-05-23,Docklands,Carlton,Hawthorn,Hawthorn,Brent Renouf,3,1,2,0,0,22,2
2010,9,2010-05-23,Docklands,Carlton,Hawthorn,Hawthorn,Cyril Rioli,5,2,4,0,0,1,6
2010,9,2010-05-23,Docklands,Carlton,Hawthorn,Hawthorn,Jarryd Roughead,11,7,4,3,3,1,2
2010,9,2010-05-23,Docklands,Carlton,Hawthorn,Hawthorn,Brad Sewell,7,3,6,0,0,0,10
2010,9,2010-05-23,Docklands,Carlton,Hawthorn,Hawthorn,Wayde Skipper,3,2,4,0,1,9,2
2010,9,2010-05-23,Docklands,Carlton,Hawthorn,Hawthorn,Ben Stratton,5,5,2,0,0,0,2
2010,9,2010-05-23,Docklands,Carlton,Hawthorn,Hawthorn,Brendan Whitecross,11,8,6,0,0,0,3
2010,9,2010-05-23,Docklands,Carlton,Hawthorn,Hawthorn,Clinton Young,6,2,7,1,1,0,9
2010,9,2010-05-23,Subiaco,West Coast,St Kilda,West Coast,Sam Butler,10,4,11,0,0,0,3
2010,9,2010-05-23,Subiaco,West Coast,St Kilda,West Coast,Dean Cox,9,3,12,0,0,34,0
2010,9,2010-05-23,Subiaco,West Coast,St Kilda,West Coast,Brad Ebert,11,5,8,0,0,0,4
2010,9,2010-05-23,Subiaco,West Coast,St Kilda,West Coast,Andrew Embley,11,4,14,0,0,0,1
2010,9,2010-05-23,Subiaco,West Coast,St Kilda,West Coast,Ashton Hams,4,3,4,0,0,0,4
2010,9,2010-05-23,Subiaco,West Coast,St Kilda,West Coast,Shannon Hurn,11,7,3,0,1,0,2
2010,9,2010-05-23,Subiaco,West Coast,St Kilda,West Coast,Josh Kennedy,8,4,1,0,0,0,5
2010,9,2010-05-23,Subiaco,West Coast,St Kilda,West Coast,Mark LeCras,3,2,11,0,1,0,2
2010,9,2010-05-23,Subiaco,West Coast,St Kilda,West Coast,Quinten Lynch,11,8,2,1,0,0,2
2010,9,2010-05-23,Subiaco,West Coast,St Kilda,West Coast,Eric Mackenzie,8,1,8,0,0,0,3
2010,9,2010-05-23,Subiaco,West Coast,St Kilda,West Coast,Beau Maister,14,7,6,0,0,0,2
2010,9,2010-05-23,Subiaco,West Coast,St Kilda,West Coast,Patrick McGinnity,4,3,5,0,0,0,1
2010,9,2010-05-23,Subiaco,West Coast,St Kilda,West Coast,Ben McKinley,12,9,6,4,4,0,3
2010,9,2010-05-23,Subiaco,West Coast,St Kilda,West Coast,Nic Naitanui,1,0,8,0,0,20,4
2010,9,2010-05-23,Subiaco,West Coast,St Kilda,West Coast,Matt Priddis,5,2,29,0,0,0,0
2010,9,2010-05-23,Subiaco,West Coast,St Kilda,West Coast,Matt Rosa,7,2,17,0,0,0,7
2010,9,2010-05-23,Subiaco,West Coast,St Kilda,West Coast,Will Schofield,9,3,3,0,0,1,2
2010,9,2010-05-23,Subiaco,West Coast,St Kilda,West Coast,Adam Selwood,13,6,19,2,0,0,3
2010,9,2010-05-23,Subiaco,West Coast,St Kilda,West Coast,Scott Selwood,6,1,5,0,0,0,2
2010,9,2010-05-23,Subiaco,West Coast,St Kilda,West Coast,Brad Sheppard,9,6,7,0,1,0,3
2010,9,2010-05-23,Subiaco,West Coast,St Kilda,West Coast,Tom Swift,7,0,9,0,0,0,9
2010,9,2010-05-23,Subiaco,West Coast,St Kilda,West Coast,Beau Waters,6,3,3,1,0,0,6
2010,9,2010-05-23,Subiaco,West Coast,St Kilda,St Kilda,Steven Baker,7,2,7,0,0,0,2
2010,9,2010-05-23,Subiaco,West Coast,St Kilda,St Kilda,Jason Blake,7,5,6,0,0,0,3
2010,9,2010-05-23,Subiaco,West Coast,St Kilda,St Kilda,Raphael Clarke,10,8,11,0,0,0,5
2010,9,2010-05-23,Subiaco,West Coast,St Kilda,St Kilda,Nick Dal Santo,15,1,12,1,0,1,6
2010,9,2010-05-23,Subiaco,West Coast,St Kilda,St Kilda,Zac Dawson,1,1,0,0,0,0,1
2010,9,2010-05-23,Subiaco,West Coast,St Kilda,St Kilda,Sam Fisher,10,9,13,0,0,0,2
2010,9,2010-05-23,Subiaco,West Coast,St Kilda,St Kilda,Michael Gardiner,6,3,3,1,0,17,0
2010,9,2010-05-23,Subiaco,West Coast,St Kilda,St Kilda,Sam Gilbert,16,5,5,0,0,0,4
2010,9,2010-05-23,Subiaco,West Coast,St Kilda,St Kilda,Brendon Goddard,18,5,12,1,1,1,6
2010,9,2010-05-23,Subiaco,West Coast,St Kilda,St Kilda,James Gwilt,12,5,3,0,0,0,2
2010,9,2010-05-23,Subiaco,West Coast,St Kilda,St Kilda,Lenny Hayes,19,6,16,1,1,2,7
2010,9,2010-05-23,Subiaco,West Coast,St Kilda,St Kilda,Nick Heyne,5,1,1,0,1,0,5
2010,9,2010-05-23,Subiaco,West Coast,St Kilda,St Kilda,Clinton Jones,4,0,11,0,0,0,14
2010,9,2010-05-23,Subiaco,West Coast,St Kilda,St Kilda,Justin Koschitzke,7,5,3,1,1,1,4
2010,9,2010-05-23,Subiaco,West Coast,St Kilda,St Kilda,Ben McEvoy,6,6,5,2,0,9,2
2010,9,2010-05-23,Subiaco,West Coast,St Kilda,St Kilda,Andrew McQualter,4,3,3,0,0,0,5
2010,9,2010-05-23,Subiaco,West Coast,St Kilda,St Kilda,Stephen Milne,12,6,6,3,1,0,2
2010,9,2010-05-23,Subiaco,West Coast,St Kilda,St Kilda,Leigh Montagna,13,6,7,0,2,0,6
2010,9,2010-05-23,Subiaco,West Coast,St Kilda,St Kilda,Brett Peake,10,5,10,0,1,0,4
2010,9,2010-05-23,Subiaco,West Coast,St Kilda,St Kilda,Farren Ray,10,7,13,1,0,0,1
2010,9,2010-05-23,Subiaco,West Coast,St Kilda,St Kilda,Adam Schneider,10,3,9,2,0,0,5
2010,9,2010-05-23,Subiaco,West Coast,St Kilda,St Kilda,Rhys Stanley,4,3,5,0,0,0,3
2010,10,2010-05-28,Docklands,Essendon,Western Bulldogs,Essendon,Jarrod Atkinson,7,2,5,0,0,0,3
2010,10,2010-05-28,Docklands,Essendon,Western Bulldogs,Essendon,Alwyn Davey,5,2,6,2,0,0,11
2010,10,2010-05-28,Docklands,Essendon,Western Bulldogs,Essendon,Courtenay Dempsey,7,3,11,0,0,0,1
2010,10,2010-05-28,Docklands,Essendon,Western Bulldogs,Essendon,Dustin Fletcher,13,5,2,0,0,1,0
2010,10,2010-05-28,Docklands,Essendon,Western Bulldogs,Essendon,Scott Gumbleton,5,6,3,3,1,0,0
2010,10,2010-05-28,Docklands,Essendon,Western Bulldogs,Essendon,David Hille,7,6,7,0,0,14,1
2010,10,2010-05-28,Docklands,Essendon,Western Bulldogs,Essendon,Heath Hocking,8,6,12,1,0,0,1
2010,10,2010-05-28,Docklands,Essendon,Western Bulldogs,Essendon,Ben Howlett,6,5,6,0,0,0,5
2010,10,2010-05-28,Docklands,Essendon,Western Bulldogs,Essendon,Michael Hurley,12,6,5,0,1,0,0
2010,10,2010-05-28,Docklands,Essendon,Western Bulldogs,Essendon,Leroy Jetta,14,10,11,2,0,0,5
2010,10,2010-05-28,Docklands,Essendon,Western Bulldogs,Essendon,Sam Lonergan,4,5,8,0,0,0,1
2010,10,2010-05-28,Docklands,Essendon,Western Bulldogs,Essendon,Nathan Lovett-Murray,5,3,7,1,0,0,6
2010,10,2010-05-28,Docklands,Essendon,Western Bulldogs,Essendon,Mark McVeigh,11,3,4,0,0,0,2
2010,10,2010-05-28,Docklands,Essendon,Western Bulldogs,Essendon,Angus Monfries,8,4,8,1,2,0,1
2010,10,2010-05-28,Docklands,Essendon,Western Bulldogs,Essendon,David Myers,12,4,9,1,1,0,2
2010,10,2010-05-28,Docklands,Essendon,Western Bulldogs,Essendon,Tayte Pears,10,6,9,0,0,1,2
2010,10,2010-05-28,Docklands,Essendon,Western Bulldogs,Essendon,Brent Prismall,13,5,9,0,0,0,4
2010,10,2010-05-28,Docklands,Essendon,Western Bulldogs,Essendon,Paddy Ryder,7,5,7,2,1,21,8
2010,10,2010-05-28,Docklands,Essendon,Western Bulldogs,Essendon,Brent Stanton,17,10,15,0,1,0,3
2010,10,2010-05-28,Docklands,Essendon,Western Bulldogs,Essendon,Jobe Watson,12,5,13,1,0,0,7
2010,10,2010-05-28,Docklands,Essendon,Western Bulldogs,Essendon,Jason Winderlich,11,7,16,0,0,0,8
2010,10,2010-05-28,Docklands,Essendon,Western Bulldogs,Essendon,David Zaharakis,9,7,4,1,1,0,4
2010,10,2010-05-28,Docklands,Essendon,Western Bulldogs,Western Bulldogs,Dylan Addison,4,3,0,0,1,0,3
2010,10,2010-05-28,Docklands,Essendon,Western Bulldogs,Western Bulldogs,Jason Akermanis,6,3,5,0,0,0,2
2010,10,2010-05-28,Docklands,Essendon,Western Bulldogs,Western Bulldogs,Matthew Boyd,9,1,16,0,0,0,4
2010,10,2010-05-28,Docklands,Essendon,Western Bulldogs,Western Bulldogs,Adam Cooney,14,1,12,0,1,0,5
2010,10,2010-05-28,Docklands,Essendon,Western Bulldogs,Western Bulldogs,Daniel Cross,7,4,12,0,0,6,5
2010,10,2010-05-28,Docklands,Essendon,Western Bulldogs,Western Bulldogs,Daniel Giansiracusa,6,4,8,0,0,0,3
2010,10,2010-05-28,Docklands,Essendon,Western Bulldogs,Western Bulldogs,Lindsay Gilbee,13,4,2,2,1,0,1
2010,10,2010-05-28,Docklands,Essendon,Western Bulldogs,Western Bulldogs,Jarrad Grant,9,6,5,0,1,0,5
2010,10,2010-05-28,Docklands,Essendon,Western Bulldogs,Western Bulldogs,Ryan Griffen,17,2,10,1,0,0,3
2010,10,2010-05-28,Docklands,Essendon,Western Bulldogs,Western Bulldogs,Mitch Hahn,11,4,5,0,0,0,1
2010,10,2010-05-28,Docklands,Essendon,Western Bulldogs,Western Bulldogs,Barry Hall,10,7,4,5,0,1,1
2010,10,2010-05-28,Docklands,Essendon,Western Bulldogs,Western Bulldogs,Jarrod Harbrow,16,4,2,0,0,0,3
2010,10,2010-05-28,Docklands,Essendon,Western Bulldogs,Western Bulldogs,Ryan Hargrave,9,3,7,0,0,0,3
2010,10,2010-05-28,Docklands,Essendon,Western Bulldogs,Western Bulldogs,Shaun Higgins,12,5,11,0,0,0,1
2010,10,2010-05-28,Docklands,Essendon,Western Bulldogs,Western Bulldogs,Josh Hill,5,4,3,3,0,0,2
2010,10,2010-05-28,Docklands,Essendon,Western Bulldogs,Western Bulldogs,Ben Hudson,5,6,18,1,0,17,6
2010,10,2010-05-28,Docklands,Essendon,Western Bulldogs,Western Bulldogs,Brian Lake,14,6,9,1,0,0,5
2010,10,2010-05-28,Docklands,Essendon,Western Bulldogs,Western Bulldogs,Will Minson,6,1,4,0,1,14,5
2010,10,2010-05-28,Docklands,Essendon,Western Bulldogs,Western Bulldogs,Dale Morris,4,3,3,0,0,0,1
2010,10,2010-05-28,Docklands,Essendon,Western Bulldogs,Western Bulldogs,Liam Picken,9,1,9,1,0,0,5
2010,10,2010-05-28,Docklands,Essendon,Western Bulldogs,Western Bulldogs,Brennan Stack,5,3,2,0,0,0,1
2010,10,2010-05-28,Docklands,Essendon,Western Bulldogs,Western Bulldogs,Tom Williams,4,4,5,0,0,0,1
2010,10,2010-05-29,Kardinia Park,Geelong,Melbourne,Geelong,Gary Ablett,15,7,17,2,2,0,4
2010,10,2010-05-29,Kardinia Park,Geelong,Melbourne,Geelong,Jimmy Bartel,14,2,9,0,0,2,1
2010,10,2010-05-29,Kardinia Park,Geelong,Melbourne,Geelong,Mark Blake,2,3,8,0,0,19,1
2010,10,2010-05-29,Kardinia Park,Geelong,Melbourne,Geelong,Shannon Byrnes,9,2,7,0,1,0,5
2010,10,2010-05-29,Kardinia Park,Geelong,Melbourne,Geelong,Paul Chapman,16,5,12,1,0,0,4
2010,10,2010-05-29,Kardinia Park,Geelong,Melbourne,Geelong,Corey Enright,16,5,9,0,0,0,0
2010,10,2010-05-29,Kardinia Park,Geelong,Melbourne,Geelong,Tom Hawkins,6,9,7,4,0,6,3
2010,10,2010-05-29,Kardinia Park,Geelong,Melbourne,Geelong,Simon Hogan,4,3,8,0,0,0,2
2010,10,2010-05-29,Kardinia Park,Geelong,Melbourne,Geelong,Josh Hunt,9,5,9,0,0,0,3
2010,10,2010-05-29,Kardinia Park,Geelong,Melbourne,Geelong,Steve Johnson,11,4,5,2,2,0,6
2010,10,2010-05-29,Kardinia Park,Geelong,Melbourne,Geelong,James Kelly,8,1,10,0,0,0,4
2010,10,2010-05-29,Kardinia Park,Geelong,Melbourne,Geelong,Cameron Ling,10,4,18,0,1,0,3
2010,10,2010-05-29,Kardinia Park,Geelong,Melbourne,Geelong,Tom Lonergan,7,3,8,0,0,0,2
2010,10,2010-05-29,Kardinia Park,Geelong,Melbourne,Geelong,Andrew Mackie,11,7,6,0,0,0,1
2010,10,2010-05-29,Kardinia Park,Geelong,Melbourne,Geelong,Darren Milburn,11,10,18,0,0,0,0
2010,10,2010-05-29,Kardinia Park,Geelong,Melbourne,Geelong,Cameron Mooney,7,4,4,0,1,0,2
2010,10,2010-05-29,Kardinia Park,Geelong,Melbourne,Geelong,James Podsiadly,13,9,2,5,1,0,0
2010,10,2010-05-29,Kardinia Park,Geelong,Melbourne,Geelong,Joel Selwood,9,6,26,1,0,0,2
2010,10,2010-05-29,Kardinia Park,Geelong,Melbourne,Geelong,Mathew Stokes,9,5,10,3,0,0,0
2010,10,2010-05-29,Kardinia Park,Geelong,Melbourne,Geelong,Harry Taylor,12,6,10,0,1,0,0
2010,10,2010-05-29,Kardinia Park,Geelong,Melbourne,Geelong,Travis Varcoe,5,1,9,0,1,0,8
2010,10,2010-05-29,Kardinia Park,Geelong,Melbourne,Geelong,David Wojcinski,11,3,7,0,0,0,3
2010,10,2010-05-29,Kardinia Park,Geelong,Melbourne,Melbourne,Clint Bartram,4,4,7,0,0,0,4
2010,10,2010-05-29,Kardinia Park,Geelong,Melbourne,Melbourne,Jamie Bennell,1,0,4,1,0,0,3
2010,10,2010-05-29,Kardinia Park,Geelong,Melbourne,Melbourne,Cameron Bruce,5,3,8,0,0,0,4
2010,10,2010-05-29,Kardinia Park,Geelong,Melbourne,Melbourne,Aaron Davey,19,4,5,2,0,0,5
2010,10,2010-05-29,Kardinia Park,Geelong,Melbourne,Melbourne,James Frawley,13,6,7,0,0,0,0
2010,10,2010-05-29,Kardinia Park,Geelong,Melbourne,Melbourne,Colin Garland,8,5,2,0,0,0,3
2010,10,2010-05-29,Kardinia Park,Geelong,Melbourne,Melbourne,Brad Green,16,9,5,3,1,0,1
2010,10,2010-05-29,Kardinia Park,Geelong,Melbourne,Melbourne,Jack Grimes,8,4,8,0,0,0,3
2010,10,2010-05-29,Kardinia Park,Geelong,Melbourne,Melbourne,Jordan Gysberts,13,8,13,0,0,0,3
2010,10,2010-05-29,Kardinia Park,Geelong,Melbourne,Melbourne,Mark Jamar,1,0,8,0,0,31,3
2010,10,2010-05-29,Kardinia Park,Geelong,Melbourne,Melbourne,Neville Jetta,5,1,7,1,0,0,4
2010,10,2010-05-29,Kardinia Park,Geelong,Melbourne,Melbourne,Nathan Jones,11,1,3,0,0,0,2
2010,10,2010-05-29,Kardinia Park,Geelong,Melbourne,Melbourne,Joel Macdonald,6,4,11,0,0,0,3
2010,10,2010-05-29,Kardinia Park,Geelong,Melbourne,Melbourne,James McDonald,6,1,16,0,0,0,4
2010,10,2010-05-29,Kardinia Park,Geelong,Melbourne,Melbourne,Brad Miller,5,8,5,1,2,5,0
2010,10,2010-05-29,Kardinia Park,Geelong,Melbourne,Melbourne,Brent Moloney,12,1,13,0,0,0,6
2010,10,2010-05-29,Kardinia Park,Geelong,Melbourne,Melbourne,Cale Morton,10,5,7,1,0,0,1
2010,10,2010-05-29,Kardinia Park,Geelong,Melbourne,Melbourne,Jared Rivers,8,6,5,0,0,0,1
2010,10,2010-05-29,Kardinia Park,Geelong,Melbourne,Melbourne,Colin Sylvia,10,3,10,0,0,0,1
2010,10,2010-05-29,Kardinia Park,Geelong,Melbourne,Melbourne,Matthew Warnock,1,0,6,0,0,0,4
2010,10,2010-05-29,Kardinia Park,Geelong,Melbourne,Melbourne,Jack Watts,5,0,3,0,1,0,2
2010,10,2010-05-29,Kardinia Park,Geelong,Melbourne,Melbourne,Austin Wonaeamirri,3,1,5,1,1,0,6
2010,10,2010-05-29,Football Park,Port Adelaide,Richmond,Port Adelaide,Travis Boak,13,4,8,0,0,0,9
2010,10,2010-05-29,Football Park,Port Adelaide,Richmond,Port Adelaide,Matthew Broadbent,10,2,8,0,0,1,6
2010,10,2010-05-29,Football Park,Port Adelaide,Richmond,Port Adelaide,Alipate Carlile,7,1,1,0,0,0,3
2010,10,2010-05-29,Football Park,Port Adelaide,Richmond,Port Adelaide,Josh Carr,19,4,4,0,0,1,4
2010,10,2010-05-29,Football Park,Port Adelaide,Richmond,Port Adelaide,Domenic Cassisi,7,0,12,0,0,0,12
2010,10,2010-05-29,Football Park,Port Adelaide,Richmond,Port Adelaide,Troy Chaplin,14,1,5,0,0,0,1
2010,10,2010-05-29,Football Park,Port Adelaide,Richmond,Port Adelaide,Chad Cornes,6,3,7,0,0,0,3
2010,10,2010-05-29,Football Park,Port Adelaide,Richmond,Port Adelaide,Kane Cornes,16,1,10,0,0,0,9
2010,10,2010-05-29,Football Park,Port Adelaide,Richmond,Port Adelaide,Brett Ebert,4,3,0,1,1,0,0
2010,10,2010-05-29,Football Park,Port Adelaide,Richmond,Port Adelaide,Cameron Hitchcock,2,1,0,1,1,0,1
2010,10,2010-05-29,Football Park,Port Adelaide,Richmond,Port Adelaide,Tom Logan,11,2,5,0,0,0,4
2010,10,2010-05-29,Football Park,Port Adelaide,Richmond,Port Adelaide,Jay Nash,9,0,1,0,0,0,9
2010,10,2010-05-29,Football Park,Port Adelaide,Richmond,Port Adelaide,Danyle Pearce,9,0,3,0,1,0,6
2010,10,2010-05-29,Football Park,Port Adelaide,Richmond,Port Adelaide,David Rodan,5,0,3,0,1,0,8
2010,10,2010-05-29,Football Park,Port Adelaide,Richmond,Port Adelaide,Steven Salopek,8,2,6,0,0,0,4
2010,10,2010-05-29,Football Park,Port Adelaide,Richmond,Port Adelaide,Nick Salter,8,0,0,0,0,0,4
2010,10,2010-05-29,Football Park,Port Adelaide,Richmond,Port Adelaide,Daniel Stewart,2,1,2,1,0,5,4
2010,10,2010-05-29,Football Park,Port Adelaide,Richmond,Port Adelaide,Paul Stewart,9,1,3,0,0,0,5
2010,10,2010-05-29,Football Park,Port Adelaide,Richmond,Port Adelaide,Jacob Surjan,12,3,1,0,0,0,6
2010,10,2010-05-29,Football Park,Port Adelaide,Richmond,Port Adelaide,Matt Thomas,12,3,12,0,1,2,8
2010,10,2010-05-29,Football Park,Port Adelaide,Richmond,Port Adelaide,Jackson Trengove,8,1,1,0,0,25,7
2010,10,2010-05-29,Football Park,Port Adelaide,Richmond,Port Adelaide,Justin Westhoff,11,4,5,0,2,7,3
2010,10,2010-05-29,Football Park,Port Adelaide,Richmond,Richmond,David Astbury,5,1,5,0,0,0,4
2010,10,2010-05-29,Football Park,Port Adelaide,Richmond,Richmond,Andrew Collins,13,2,1,0,0,1,12
2010,10,2010-05-29,Football Park,Port Adelaide,Richmond,Richmond,Trent Cotchin,21,2,4,0,1,1,3
2010,10,2010-05-29,Football Park,Port Adelaide,Richmond,Richmond,Ben Cousins,12,5,8,0,1,0,8
2010,10,2010-05-29,Football Park,Port Adelaide,Richmond,Richmond,Brett Deledio,21,4,8,0,0,0,5
2010,10,2010-05-29,Football Park,Port Adelaide,Richmond,Richmond,Shane Edwards,7,1,3,0,0,0,11
2010,10,2010-05-29,Football Park,Port Adelaide,Richmond,Richmond,Mitch Farmer,11,3,7,0,1,0,1
2010,10,2010-05-29,Football Park,Port Adelaide,Richmond,Richmond,Angus Graham,6,2,1,0,0,34,14
2010,10,2010-05-29,Football Park,Port Adelaide,Richmond,Richmond,Ben Griffiths,2,1,3,0,0,0,1
2010,10,2010-05-29,Football Park,Port Adelaide,Richmond,Richmond,Jake King,10,0,1,0,0,0,7
2010,10,2010-05-29,Football Park,Port Adelaide,Richmond,Richmond,Dustin Martin,14,1,7,0,0,2,4
2010,10,2010-05-29,Football Park,Port Adelaide,Richmond,Richmond,Luke McGuane,4,0,2,0,0,0,4
2010,10,2010-05-29,Football Park,Port Adelaide,Richmond,Richmond,Kelvin Moore,11,4,3,0,0,0,2
2010,10,2010-05-29,Football Park,Port Adelaide,Richmond,Richmond,Robin Nahas,9,3,2,2,3,0,10
2010,10,2010-05-29,Football Park,Port Adelaide,Richmond,Richmond,Ben Nason,8,1,3,3,0,0,7
2010,10,2010-05-29,Football Park,Port Adelaide,Richmond,Richmond,Chris Newman,19,2,4,0,0,0,6
2010,10,2010-05-29,Football Park,Port Adelaide,Richmond,Richmond,Graham Polak,4,1,3,0,0,6,3
2010,10,2010-05-29,Football Park,Port Adelaide,Richmond,Richmond,Jack Riewoldt,9,2,2,4,2,0,7
2010,10,2010-05-29,Football Park,Port Adelaide,Richmond,Richmond,Richard Tambling,8,1,4,1,0,0,6
2010,10,2010-05-29,Football Park,Port Adelaide,Richmond,Richmond,Shane Tuck,17,1,14,0,1,0,14
2010,10,2010-05-29,Football Park,Port Adelaide,Richmond,Richmond,Jeromey Webberley,7,0,3,0,0,0,5
2010,10,2010-05-29,Football Park,Port Adelaide,Richmond,Richmond,Matt White,10,0,3,0,0,0,8
2010,10,2010-05-29,Docklands,St Kilda,Adelaide,St Kilda,Steven Baker,14,8,13,0,0,0,4
2010,10,2010-05-29,Docklands,St Kilda,Adelaide,St Kilda,Jason Blake,7,6,6,0,0,0,1
2010,10,2010-05-29,Docklands,St Kilda,Adelaide,St Kilda,Raphael Clarke,10,5,8,0,0,0,3
2010,10,2010-05-29,Docklands,St Kilda,Adelaide,St Kilda,Nick Dal Santo,17,4,14,2,0,2,4
2010,10,2010-05-29,Docklands,St Kilda,Adelaide,St Kilda,Zac Dawson,4,5,7,0,0,0,2
2010,10,2010-05-29,Docklands,St Kilda,Adelaide,St Kilda,Robert Eddy,2,2,4,0,0,0,3
2010,10,2010-05-29,Docklands,St Kilda,Adelaide,St Kilda,Sam Fisher,20,10,10,0,0,0,1
2010,10,2010-05-29,Docklands,St Kilda,Adelaide,St Kilda,Michael Gardiner,6,4,6,1,0,16,1
2010,10,2010-05-29,Docklands,St Kilda,Adelaide,St Kilda,Sam Gilbert,19,6,10,0,1,0,4
2010,10,2010-05-29,Docklands,St Kilda,Adelaide,St Kilda,Brendon Goddard,12,9,17,1,1,0,5
2010,10,2010-05-29,Docklands,St Kilda,Adelaide,St Kilda,James Gwilt,9,3,4,1,0,0,1
2010,10,2010-05-29,Docklands,St Kilda,Adelaide,St Kilda,Lenny Hayes,11,5,16,0,0,2,10
2010,10,2010-05-29,Docklands,St Kilda,Adelaide,St Kilda,Clinton Jones,9,4,19,0,0,0,2
2010,10,2010-05-29,Docklands,St Kilda,Adelaide,St Kilda,Justin Koschitzke,4,2,5,0,1,2,3
2010,10,2010-05-29,Docklands,St Kilda,Adelaide,St Kilda,Ben McEvoy,6,5,9,0,0,6,1
2010,10,2010-05-29,Docklands,St Kilda,Adelaide,St Kilda,Andrew McQualter,6,3,17,2,0,0,5
2010,10,2010-05-29,Docklands,St Kilda,Adelaide,St Kilda,Stephen Milne,9,1,7,3,1,0,2
2010,10,2010-05-29,Docklands,St Kilda,Adelaide,St Kilda,Leigh Montagna,20,6,18,5,1,0,3
2010,10,2010-05-29,Docklands,St Kilda,Adelaide,St Kilda,Brett Peake,10,4,11,0,0,0,3
2010,10,2010-05-29,Docklands,St Kilda,Adelaide,St Kilda,Farren Ray,12,6,11,1,1,0,3
2010,10,2010-05-29,Docklands,St Kilda,Adelaide,St Kilda,Adam Schneider,9,6,8,2,2,0,1
2010,10,2010-05-29,Docklands,St Kilda,Adelaide,St Kilda,Rhys Stanley,3,2,5,1,0,1,0
2010,10,2010-05-29,Docklands,St Kilda,Adelaide,Adelaide,Tony Armstrong,9,3,8,0,0,0,5
2010,10,2010-05-29,Docklands,St Kilda,Adelaide,Adelaide,Nathan Bock,10,9,15,0,0,0,4
2010,10,2010-05-29,Docklands,St Kilda,Adelaide,Adelaide,Patrick Dangerfield,6,2,7,3,1,0,4
2010,10,2010-05-29,Docklands,St Kilda,Adelaide,Adelaide,Phil Davis,10,5,10,0,0,0,0
2010,10,2010-05-29,Docklands,St Kilda,Adelaide,Adelaide,Michael Doughty,12,5,8,0,0,0,3
2010,10,2010-05-29,Docklands,St Kilda,Adelaide,Adelaide,Richard Douglas,22,5,9,1,1,0,7
2010,10,2010-05-29,Docklands,St Kilda,Adelaide,Adelaide,Simon Goodwin,8,1,15,0,0,1,2
2010,10,2010-05-29,Docklands,St Kilda,Adelaide,Adelaide,Jonathon Griffin,3,3,6,0,0,16,1
2010,10,2010-05-29,Docklands,St Kilda,Adelaide,Adelaide,David Mackay,13,6,11,0,0,0,2
2010,10,2010-05-29,Docklands,St Kilda,Adelaide,Adelaide,Ivan Maric,1,2,14,1,0,19,0
2010,10,2010-05-29,Docklands,St Kilda,Adelaide,Adelaide,Andrew McLeod,6,2,7,0,0,0,2
2010,10,2010-05-29,Docklands,St Kilda,Adelaide,Adelaide,Jared Petrenko,3,2,2,1,0,0,1
2010,10,2010-05-29,Docklands,St Kilda,Adelaide,Adelaide,Jason Porplyzia,6,2,4,1,0,0,2
2010,10,2010-05-29,Docklands,St Kilda,Adelaide,Adelaide,Brent Reilly,13,7,8,0,0,0,2
2010,10,2010-05-29,Docklands,St Kilda,Adelaide,Adelaide,Ben Rutten,6,6,11,0,0,0,0
2010,10,2010-05-29,Docklands,St Kilda,Adelaide,Adelaide,Chris Schmidt,8,6,12,0,0,0,2
2010,10,2010-05-29,Docklands,St Kilda,Adelaide,Adelaide,Rory Sloane,3,1,5,0,0,0,2
2010,10,2010-05-29,Docklands,St Kilda,Adelaide,Adelaide,Scott Stevens,5,4,3,0,0,0,0
2010,10,2010-05-29,Docklands,St Kilda,Adelaide,Adelaide,Scott Thompson,11,5,12,0,0,0,2
2010,10,2010-05-29,Docklands,St Kilda,Adelaide,Adelaide,Kurt Tippett,9,6,3,3,0,9,1
2010,10,2010-05-29,Docklands,St Kilda,Adelaide,Adelaide,Nathan van Berlo,8,8,12,1,0,0,4
2010,10,2010-05-29,Docklands,St Kilda,Adelaide,Adelaide,Taylor Walker,3,1,1,1,0,0,1
2010,10,2010-05-29,Gabba,Brisbane Lions,Collingwood,Brisbane Lions,Todd Banfield,7,5,3,2,2,0,3
2010,10,2010-05-29,Gabba,Brisbane Lions,Collingwood,Brisbane Lions,Simon Black,14,4,13,0,0,0,5
2010,10,2010-05-29,Gabba,Brisbane Lions,Collingwood,Brisbane Lions,Jonathan Brown,13,10,2,4,4,0,0
2010,10,2010-05-29,Gabba,Brisbane Lions,Collingwood,Brisbane Lions,Amon Buchanan,10,6,10,0,0,0,2
2010,10,2010-05-29,Gabba,Brisbane Lions,Collingwood,Brisbane Lions,Mitch Clark,9,4,6,0,0,17,2
2010,10,2010-05-29,Gabba,Brisbane Lions,Collingwood,Brisbane Lions,Tom Collier,9,6,6,0,1,0,3
2010,10,2010-05-29,Gabba,Brisbane Lions,Collingwood,Brisbane Lions,Brendan Fevola,7,4,4,4,1,0,0
2010,10,2010-05-29,Gabba,Brisbane Lions,Collingwood,Brisbane Lions,James Hawksley,7,7,6,0,0,0,3
2010,10,2010-05-29,Gabba,Brisbane Lions,Collingwood,Brisbane Lions,Travis Johnstone,22,10,7,0,0,0,1
2010,10,2010-05-29,Gabba,Brisbane Lions,Collingwood,Brisbane Lions,Matthew Leuenberger,12,8,6,0,0,13,1
2010,10,2010-05-29,Gabba,Brisbane Lions,Collingwood,Brisbane Lions,Matt Maguire,15,8,5,0,0,0,1
2010,10,2010-05-29,Gabba,Brisbane Lions,Collingwood,Brisbane Lions,Ashley McGrath,19,10,7,0,0,0,2
2010,10,2010-05-29,Gabba,Brisbane Lions,Collingwood,Brisbane Lions,Joel Patfull,8,5,5,0,0,0,3
2010,10,2010-05-29,Gabba,Brisbane Lions,Collingwood,Brisbane Lions,James Polkinghorne,2,1,7,0,0,0,2
2010,10,2010-05-29,Gabba,Brisbane Lions,Collingwood,Brisbane Lions,Luke Power,21,9,14,1,0,0,5
2010,10,2010-05-29,Gabba,Brisbane Lions,Collingwood,Brisbane Lions,Jack Redden,9,3,7,0,1,0,3
2010,10,2010-05-29,Gabba,Brisbane Lions,Collingwood,Brisbane Lions,Daniel Rich,19,4,9,2,0,0,3
2010,10,2010-05-29,Gabba,Brisbane Lions,Collingwood,Brisbane Lions,Michael Rischitelli,14,10,13,0,0,0,2
2010,10,2010-05-29,Gabba,Brisbane Lions,Collingwood,Brisbane Lions,Tom Rockliff,16,8,14,0,0,0,1
2010,10,2010-05-29,Gabba,Brisbane Lions,Collingwood,Brisbane Lions,Sam Sheldon,3,4,3,0,0,0,1
2010,10,2010-05-29,Gabba,Brisbane Lions,Collingwood,Brisbane Lions,Justin Sherman,9,5,8,0,0,0,2
2010,10,2010-05-29,Gabba,Brisbane Lions,Collingwood,Brisbane Lions,Brent Staker,15,12,14,0,0,0,4
2010,10,2010-05-29,Gabba,Brisbane Lions,Collingwood,Collingwood,John Anthony,5,3,4,1,1,0,4
2010,10,2010-05-29,Gabba,Brisbane Lions,Collingwood,Collingwood,Luke Ball,11,4,16,0,1,0,6
2010,10,2010-05-29,Gabba,Brisbane Lions,Collingwood,Collingwood,Dayne Beams,4,1,7,0,1,0,1
2010,10,2010-05-29,Gabba,Brisbane Lions,Collingwood,Collingwood,Travis Cloke,10,5,6,0,1,1,1
2010,10,2010-05-29,Gabba,Brisbane Lions,Collingwood,Collingwood,Chris Dawes,6,4,5,2,0,0,3
2010,10,2010-05-29,Gabba,Brisbane Lions,Collingwood,Collingwood,Alan Didak,15,3,10,2,1,0,2
2010,10,2010-05-29,Gabba,Brisbane Lions,Collingwood,Collingwood,Ben Johnson,14,2,2,0,0,0,2
2010,10,2010-05-29,Gabba,Brisbane Lions,Collingwood,Collingwood,Darren Jolly,7,8,12,1,0,23,1
2010,10,2010-05-29,Gabba,Brisbane Lions,Collingwood,Collingwood,Heritier Lumumba,14,3,6,1,0,0,2
2010,10,2010-05-29,Gabba,Brisbane Lions,Collingwood,Collingwood,Brent Macaffer,8,8,9,0,0,0,2
2010,10,2010-05-29,Gabba,Brisbane Lions,Collingwood,Collingwood,Nick Maxwell,5,6,9,0,0,0,4
2010,10,2010-05-29,Gabba,Brisbane Lions,Collingwood,Collingwood,Shane OBree,6,3,7,0,1,0,2
2010,10,2010-05-29,Gabba,Brisbane Lions,Collingwood,Collingwood,Scott Pendlebury,17,5,16,1,1,0,3
2010,10,2010-05-29,Gabba,Brisbane Lions,Collingwood,Collingwood,Simon Prestigiacomo,3,3,5,0,0,0,1
2010,10,2010-05-29,Gabba,Brisbane Lions,Collingwood,Collingwood,Ben Reid,7,2,2,0,0,0,1
2010,10,2010-05-29,Gabba,Brisbane Lions,Collingwood,Collingwood,Heath Shaw,10,3,4,0,0,0,1
2010,10,2010-05-29,Gabba,Brisbane Lions,Collingwood,Collingwood,Steele Sidebottom,13,6,6,2,1,0,1
2010,10,2010-05-29,Gabba,Brisbane Lions,Collingwood,Collingwood,Dane Swan,15,3,14,0,1,0,10
2010,10,2010-05-29,Gabba,Brisbane Lions,Collingwood,Collingwood,Dale Thomas,21,12,13,1,1,0,3
2010,10,2010-05-29,Gabba,Brisbane Lions,Collingwood,Collingwood,Alan Toovey,4,3,7,0,0,0,9
2010,10,2010-05-29,Gabba,Brisbane Lions,Collingwood,Collingwood,Sharrod Wellingham,5,0,13,0,0,0,4
2010,10,2010-05-29,Gabba,Brisbane Lions,Collingwood,Collingwood,Cameron Wood,5,2,6,0,0,6,0
2010,10,2010-05-30,M.C.G.,Hawthorn,Sydney,Hawthorn,Grant Birchall,10,6,5,1,0,0,7
2010,10,2010-05-30,M.C.G.,Hawthorn,Sydney,Hawthorn,Campbell Brown,6,4,7,0,0,0,1
2010,10,2010-05-30,M.C.G.,Hawthorn,Sydney,Hawthorn,Shaun Burgoyne,6,3,9,0,0,0,5
2010,10,2010-05-30,M.C.G.,Hawthorn,Sydney,Hawthorn,Xavier Ellis,5,3,5,0,0,0,3
2010,10,2010-05-30,M.C.G.,Hawthorn,Sydney,Hawthorn,Lance Franklin,9,3,6,3,2,0,5
2010,10,2010-05-30,M.C.G.,Hawthorn,Sydney,Hawthorn,Stephen Gilham,7,4,4,0,0,0,1
2010,10,2010-05-30,M.C.G.,Hawthorn,Sydney,Hawthorn,Brent Guerra,6,2,6,0,1,0,5
2010,10,2010-05-30,M.C.G.,Hawthorn,Sydney,Hawthorn,Luke Hodge,11,2,3,1,0,0,8
2010,10,2010-05-30,M.C.G.,Hawthorn,Sydney,Hawthorn,Rhan Hooper,8,3,2,1,3,0,2
2010,10,2010-05-30,M.C.G.,Hawthorn,Sydney,Hawthorn,Jordan Lewis,13,9,10,0,0,1,4
2010,10,2010-05-30,M.C.G.,Hawthorn,Sydney,Hawthorn,Sam Mitchell,15,3,7,1,0,0,9
2010,10,2010-05-30,M.C.G.,Hawthorn,Sydney,Hawthorn,Tom Murphy,9,6,1,0,0,0,2
2010,10,2010-05-30,M.C.G.,Hawthorn,Sydney,Hawthorn,Michael Osborne,10,7,5,1,1,1,1
2010,10,2010-05-30,M.C.G.,Hawthorn,Sydney,Hawthorn,Carl Peterson,7,3,7,1,2,0,3
2010,10,2010-05-30,M.C.G.,Hawthorn,Sydney,Hawthorn,Brent Renouf,8,5,6,0,0,16,3
2010,10,2010-05-30,M.C.G.,Hawthorn,Sydney,Hawthorn,Cyril Rioli,7,2,9,1,1,0,3
2010,10,2010-05-30,M.C.G.,Hawthorn,Sydney,Hawthorn,Jarryd Roughead,4,3,5,0,2,2,3
2010,10,2010-05-30,M.C.G.,Hawthorn,Sydney,Hawthorn,Brad Sewell,10,2,7,0,0,0,3
2010,10,2010-05-30,M.C.G.,Hawthorn,Sydney,Hawthorn,Wayde Skipper,4,2,3,0,1,6,3
2010,10,2010-05-30,M.C.G.,Hawthorn,Sydney,Hawthorn,Ben Stratton,12,5,2,0,0,0,2
2010,10,2010-05-30,M.C.G.,Hawthorn,Sydney,Hawthorn,Brendan Whitecross,8,5,3,0,2,0,1
2010,10,2010-05-30,M.C.G.,Hawthorn,Sydney,Hawthorn,Clinton Young,14,3,0,0,1,0,3
2010,10,2010-05-30,M.C.G.,Hawthorn,Sydney,Sydney,Jude Bolton,7,0,7,0,0,0,10
2010,10,2010-05-30,M.C.G.,Hawthorn,Sydney,Sydney,Adam Goodes,11,9,2,1,5,1,4
2010,10,2010-05-30,M.C.G.,Hawthorn,Sydney,Sydney,Heath Grundy,8,6,8,0,0,0,2
2010,10,2010-05-30,M.C.G.,Hawthorn,Sydney,Sydney,Dan Hannebery,17,9,8,3,1,0,4
2010,10,2010-05-30,M.C.G.,Hawthorn,Sydney,Sydney,Campbell Heath,8,2,3,0,0,0,3
2010,10,2010-05-30,M.C.G.,Hawthorn,Sydney,Sydney,Kieren Jack,14,3,7,1,0,0,7
2010,10,2010-05-30,M.C.G.,Hawthorn,Sydney,Sydney,Lewis Jetta,8,3,5,0,1,0,2
2010,10,2010-05-30,M.C.G.,Hawthorn,Sydney,Sydney,Josh Kennedy,9,2,9,0,0,0,6
2010,10,2010-05-30,M.C.G.,Hawthorn,Sydney,Sydney,Brett Kirk,3,1,8,0,0,0,9
2010,10,2010-05-30,M.C.G.,Hawthorn,Sydney,Sydney,Nick Malceski,16,5,1,0,1,0,2
2010,10,2010-05-30,M.C.G.,Hawthorn,Sydney,Sydney,Martin Mattner,12,2,3,0,0,0,4
2010,10,2010-05-30,M.C.G.,Hawthorn,Sydney,Sydney,Jarrad McVeigh,9,6,11,1,0,0,6
2010,10,2010-05-30,M.C.G.,Hawthorn,Sydney,Sydney,Shane Mumford,4,2,13,0,0,42,6
2010,10,2010-05-30,M.C.G.,Hawthorn,Sydney,Sydney,Matthew ODwyer,5,1,6,0,0,0,1
2010,10,2010-05-30,M.C.G.,Hawthorn,Sydney,Sydney,Ryan OKeefe,8,4,8,0,1,0,2
2010,10,2010-05-30,M.C.G.,Hawthorn,Sydney,Sydney,Henry Playfair,7,7,5,2,0,0,0
2010,10,2010-05-30,M.C.G.,Hawthorn,Sydney,Sydney,Mike Pyke,2,2,5,0,0,19,3
2010,10,2010-05-30,M.C.G.,Hawthorn,Sydney,Sydney,Lewis Roberts-Thomson,2,3,6,0,0,0,5
2010,10,2010-05-30,M.C.G.,Hawthorn,Sydney,Sydney,Gary Rohan,8,3,4,0,0,0,2
2010,10,2010-05-30,M.C.G.,Hawthorn,Sydney,Sydney,Rhyce Shaw,17,4,5,0,1,0,2
2010,10,2010-05-30,M.C.G.,Hawthorn,Sydney,Sydney,Nick Smith,4,1,8,0,0,0,8
2010,10,2010-05-30,M.C.G.,Hawthorn,Sydney,Sydney,Jesse White,4,2,1,3,0,0,0
2010,10,2010-05-30,Docklands,Carlton,West Coast,Carlton,Joe Anderson,5,8,9,0,0,0,5
2010,10,2010-05-30,Docklands,Carlton,West Coast,Carlton,Eddie Betts,10,8,9,1,3,0,3
2010,10,2010-05-30,Docklands,Carlton,West Coast,Carlton,Steven Browne,7,6,7,1,0,0,1
2010,10,2010-05-30,Docklands,Carlton,West Coast,Carlton,Andrew Carrazzo,7,3,12,0,1,0,2
2010,10,2010-05-30,Docklands,Carlton,West Coast,Carlton,Jeff Garlett,10,4,4,2,1,0,9
2010,10,2010-05-30,Docklands,Carlton,West Coast,Carlton,Bryce Gibbs,24,12,21,1,0,0,2
2010,10,2010-05-30,Docklands,Carlton,West Coast,Carlton,Richard Hadley,4,4,12,0,0,0,2
2010,10,2010-05-30,Docklands,Carlton,West Coast,Carlton,Lachie Henderson,3,2,9,1,0,0,2
2010,10,2010-05-30,Docklands,Carlton,West Coast,Carlton,Sam Jacobs,1,1,6,0,0,12,3
2010,10,2010-05-30,Docklands,Carlton,West Coast,Carlton,Michael Jamison,9,4,2,0,0,0,1
2010,10,2010-05-30,Docklands,Carlton,West Coast,Carlton,Aaron Joseph,4,2,3,0,0,0,4
2010,10,2010-05-30,Docklands,Carlton,West Coast,Carlton,Chris Judd,18,4,7,2,1,0,10
2010,10,2010-05-30,Docklands,Carlton,West Coast,Carlton,Matthew Kreuzer,8,2,8,0,0,12,6
2010,10,2010-05-30,Docklands,Carlton,West Coast,Carlton,Brock McLean,9,4,10,0,1,0,9
2010,10,2010-05-30,Docklands,Carlton,West Coast,Carlton,Marc Murphy,18,8,18,1,1,0,5
2010,10,2010-05-30,Docklands,Carlton,West Coast,Carlton,Setanta OhAilpin,7,5,4,3,0,0,0
2010,10,2010-05-30,Docklands,Carlton,West Coast,Carlton,Mitch Robinson,13,4,9,2,3,0,7
2010,10,2010-05-30,Docklands,Carlton,West Coast,Carlton,Jordan Russell,14,10,7,0,0,0,2
2010,10,2010-05-30,Docklands,Carlton,West Coast,Carlton,Heath Scotland,15,6,11,1,1,0,5
2010,10,2010-05-30,Docklands,Carlton,West Coast,Carlton,Kade Simpson,12,7,9,0,0,0,9
2010,10,2010-05-30,Docklands,Carlton,West Coast,Carlton,Bret Thornton,13,8,5,0,0,0,2
2010,10,2010-05-30,Docklands,Carlton,West Coast,Carlton,Andrew Walker,21,8,8,0,1,0,1
2010,10,2010-05-30,Docklands,Carlton,West Coast,West Coast,Sam Butler,11,5,8,0,0,0,3
2010,10,2010-05-30,Docklands,Carlton,West Coast,West Coast,Dean Cox,7,5,6,1,1,26,0
2010,10,2010-05-30,Docklands,Carlton,West Coast,West Coast,Brad Ebert,9,3,4,0,0,0,1
2010,10,2010-05-30,Docklands,Carlton,West Coast,West Coast,Andrew Embley,14,4,10,0,0,1,7
2010,10,2010-05-30,Docklands,Carlton,West Coast,West Coast,Shannon Hurn,9,3,2,0,1,0,5
2010,10,2010-05-30,Docklands,Carlton,West Coast,West Coast,Josh Kennedy,9,8,0,4,0,0,2
2010,10,2010-05-30,Docklands,Carlton,West Coast,West Coast,Mark LeCras,10,5,2,5,1,0,2
2010,10,2010-05-30,Docklands,Carlton,West Coast,West Coast,Quinten Lynch,8,3,4,0,1,0,3
2010,10,2010-05-30,Docklands,Carlton,West Coast,West Coast,Eric Mackenzie,4,5,5,0,0,1,2
2010,10,2010-05-30,Docklands,Carlton,West Coast,West Coast,Beau Maister,9,5,5,0,0,0,2
2010,10,2010-05-30,Docklands,Carlton,West Coast,West Coast,Patrick McGinnity,7,1,6,0,0,0,3
2010,10,2010-05-30,Docklands,Carlton,West Coast,West Coast,Ben McKinley,8,5,1,1,0,0,1
2010,10,2010-05-30,Docklands,Carlton,West Coast,West Coast,Nic Naitanui,5,3,3,0,0,17,2
2010,10,2010-05-30,Docklands,Carlton,West Coast,West Coast,Mark Nicoski,5,6,6,0,1,0,2
2010,10,2010-05-30,Docklands,Carlton,West Coast,West Coast,Matt Priddis,7,0,16,0,0,0,8
2010,10,2010-05-30,Docklands,Carlton,West Coast,West Coast,Matt Rosa,12,7,7,0,0,0,6
2010,10,2010-05-30,Docklands,Carlton,West Coast,West Coast,Will Schofield,7,5,4,0,0,0,2
2010,10,2010-05-30,Docklands,Carlton,West Coast,West Coast,Adam Selwood,13,4,11,0,0,0,4
2010,10,2010-05-30,Docklands,Carlton,West Coast,West Coast,Scott Selwood,7,2,5,0,0,0,1
2010,10,2010-05-30,Docklands,Carlton,West Coast,West Coast,Brad Sheppard,6,3,7,0,0,0,4
2010,10,2010-05-30,Docklands,Carlton,West Coast,West Coast,Tom Swift,4,5,17,0,0,0,3
2010,10,2010-05-30,Docklands,Carlton,West Coast,West Coast,Beau Waters,13,10,10,0,2,0,5
2010,10,2010-05-30,Subiaco,Fremantle,North Melbourne,Fremantle,Hayden Ballantyne,11,4,8,2,1,0,5
2010,10,2010-05-30,Subiaco,Fremantle,North Melbourne,Fremantle,Kepler Bradley,10,5,11,4,1,2,0
2010,10,2010-05-30,Subiaco,Fremantle,North Melbourne,Fremantle,Ryan Crowley,8,6,15,0,1,1,1
2010,10,2010-05-30,Subiaco,Fremantle,North Melbourne,Fremantle,Matt de Boer,10,6,14,0,3,0,1
2010,10,2010-05-30,Subiaco,Fremantle,North Melbourne,Fremantle,Paul Duffield,20,12,7,0,0,0,2
2010,10,2010-05-30,Subiaco,Fremantle,North Melbourne,Fremantle,Nat Fyfe,18,5,9,3,1,0,3
2010,10,2010-05-30,Subiaco,Fremantle,North Melbourne,Fremantle,Antoni Grover,11,8,9,0,0,0,3
2010,10,2010-05-30,Subiaco,Fremantle,North Melbourne,Fremantle,Paul Hasleby,2,3,7,1,1,0,3
2010,10,2010-05-30,Subiaco,Fremantle,North Melbourne,Fremantle,Roger Hayden,10,4,7,0,0,0,2
2010,10,2010-05-30,Subiaco,Fremantle,North Melbourne,Fremantle,Stephen Hill,8,4,11,1,0,0,3
2010,10,2010-05-30,Subiaco,Fremantle,North Melbourne,Fremantle,Garrick Ibbotson,11,4,12,1,0,0,5
2010,10,2010-05-30,Subiaco,Fremantle,North Melbourne,Fremantle,Chris Mayne,4,1,7,2,0,0,4
2010,10,2010-05-30,Subiaco,Fremantle,North Melbourne,Fremantle,Adam McPhee,12,6,10,0,0,0,7
2010,10,2010-05-30,Subiaco,Fremantle,North Melbourne,Fremantle,Anthony Morabito,5,0,13,0,0,0,2
2010,10,2010-05-30,Subiaco,Fremantle,North Melbourne,Fremantle,David Mundy,15,1,16,0,1,1,5
2010,10,2010-05-30,Subiaco,Fremantle,North Melbourne,Fremantle,Rhys Palmer,11,3,11,0,0,0,3
2010,10,2010-05-30,Subiaco,Fremantle,North Melbourne,Fremantle,Matthew Pavlich,15,7,5,4,2,0,2
2010,10,2010-05-30,Subiaco,Fremantle,North Melbourne,Fremantle,Clancee Pearce,6,5,8,0,0,0,1
2010,10,2010-05-30,Subiaco,Fremantle,North Melbourne,Fremantle,Aaron Sandilands,6,5,4,1,0,36,1
2010,10,2010-05-30,Subiaco,Fremantle,North Melbourne,Fremantle,Nick Suban,13,4,5,1,0,0,5
2010,10,2010-05-30,Subiaco,Fremantle,North Melbourne,Fremantle,Chris Tarrant,9,5,6,0,0,0,2
2010,10,2010-05-30,Subiaco,Fremantle,North Melbourne,Fremantle,Jay van Berlo,5,5,11,1,0,0,2
2010,10,2010-05-30,Subiaco,Fremantle,North Melbourne,North Melbourne,Ryan Bastinac,11,3,14,0,0,0,3
2010,10,2010-05-30,Subiaco,Fremantle,North Melbourne,North Melbourne,Matt Campbell,6,3,2,0,1,0,3
2010,10,2010-05-30,Subiaco,Fremantle,North Melbourne,North Melbourne,Ben Cunnington,11,1,2,0,0,0,4
2010,10,2010-05-30,Subiaco,Fremantle,North Melbourne,North Melbourne,Michael Firrito,6,3,15,1,0,0,6
2010,10,2010-05-30,Subiaco,Fremantle,North Melbourne,North Melbourne,Todd Goldstein,8,3,5,0,0,10,6
2010,10,2010-05-30,Subiaco,Fremantle,North Melbourne,North Melbourne,Levi Greenwood,12,6,9,0,0,0,4
2010,10,2010-05-30,Subiaco,Fremantle,North Melbourne,North Melbourne,Nathan Grima,10,8,13,0,0,0,3
2010,10,2010-05-30,Subiaco,Fremantle,North Melbourne,North Melbourne,David Hale,6,1,6,0,0,3,4
2010,10,2010-05-30,Subiaco,Fremantle,North Melbourne,North Melbourne,Lachlan Hansen,9,5,5,1,0,1,2
2010,10,2010-05-30,Subiaco,Fremantle,North Melbourne,North Melbourne,Leigh Harding,11,2,6,1,0,0,1
2010,10,2010-05-30,Subiaco,Fremantle,North Melbourne,North Melbourne,Brent Harvey,7,0,3,1,1,0,1
2010,10,2010-05-30,Subiaco,Fremantle,North Melbourne,North Melbourne,Hamish McIntosh,5,2,7,0,1,16,3
2010,10,2010-05-30,Subiaco,Fremantle,North Melbourne,North Melbourne,Scott McMahon,12,1,7,0,0,0,2
2010,10,2010-05-30,Subiaco,Fremantle,North Melbourne,North Melbourne,Nathan OKeefe,6,6,4,1,1,0,1
2010,10,2010-05-30,Subiaco,Fremantle,North Melbourne,North Melbourne,Drew Petrie,9,6,5,0,1,2,3
2010,10,2010-05-30,Subiaco,Fremantle,North Melbourne,North Melbourne,Daniel Pratt,8,4,5,0,0,0,4
2010,10,2010-05-30,Subiaco,Fremantle,North Melbourne,North Melbourne,Brady Rawlings,8,4,17,0,0,0,4
2010,10,2010-05-30,Subiaco,Fremantle,North Melbourne,North Melbourne,Andrew Swallow,6,3,18,0,0,0,4
2010,10,2010-05-30,Subiaco,Fremantle,North Melbourne,North Melbourne,Lindsay Thomas,11,4,1,5,5,0,3
2010,10,2010-05-30,Subiaco,Fremantle,North Melbourne,North Melbourne,Scott Thompson,3,1,7,0,0,0,6
2010,10,2010-05-30,Subiaco,Fremantle,North Melbourne,North Melbourne,Sam Wright,8,4,5,1,0,0,3
2010,10,2010-05-30,Subiaco,Fremantle,North Melbourne,North Melbourne,Jack Ziebell,12,3,8,0,0,0,3
2010,11,2010-06-04,Docklands,Richmond,St Kilda,Richmond,David Astbury,5,5,4,0,2,0,3
2010,11,2010-06-04,Docklands,Richmond,St Kilda,Richmond,Andrew Collins,6,1,6,2,0,0,1
2010,11,2010-06-04,Docklands,Richmond,St Kilda,Richmond,Trent Cotchin,12,0,5,0,0,0,3
2010,11,2010-06-04,Docklands,Richmond,St Kilda,Richmond,Ben Cousins,5,3,19,0,0,0,4
2010,11,2010-06-04,Docklands,Richmond,St Kilda,Richmond,Brett Deledio,12,4,8,0,1,0,0
2010,11,2010-06-04,Docklands,Richmond,St Kilda,Richmond,Shane Edwards,8,1,6,0,0,0,2
2010,11,2010-06-04,Docklands,Richmond,St Kilda,Richmond,Mitch Farmer,4,3,5,0,1,0,1
2010,11,2010-06-04,Docklands,Richmond,St Kilda,Richmond,Angus Graham,3,4,9,0,0,18,2
2010,11,2010-06-04,Docklands,Richmond,St Kilda,Richmond,Jake King,14,4,3,0,0,0,3
2010,11,2010-06-04,Docklands,Richmond,St Kilda,Richmond,Dustin Martin,11,2,13,0,0,0,4
2010,11,2010-06-04,Docklands,Richmond,St Kilda,Richmond,Luke McGuane,4,5,6,0,0,0,0
2010,11,2010-06-04,Docklands,Richmond,St Kilda,Richmond,Mitch Morton,5,1,3,0,0,0,1
2010,11,2010-06-04,Docklands,Richmond,St Kilda,Richmond,Robin Nahas,3,1,3,0,1,0,4
2010,11,2010-06-04,Docklands,Richmond,St Kilda,Richmond,Ben Nason,2,1,6,0,0,0,1
2010,11,2010-06-04,Docklands,Richmond,St Kilda,Richmond,Chris Newman,18,10,7,0,0,0,3
2010,11,2010-06-04,Docklands,Richmond,St Kilda,Richmond,Jack Riewoldt,11,6,0,6,3,0,4
2010,11,2010-06-04,Docklands,Richmond,St Kilda,Richmond,Troy Simmonds,2,4,7,0,1,13,2
2010,11,2010-06-04,Docklands,Richmond,St Kilda,Richmond,Richard Tambling,9,6,6,0,0,0,7
2010,11,2010-06-04,Docklands,Richmond,St Kilda,Richmond,Will Thursfield,4,3,4,0,0,0,1
2010,11,2010-06-04,Docklands,Richmond,St Kilda,Richmond,Shane Tuck,13,2,15,0,0,1,4
2010,11,2010-06-04,Docklands,Richmond,St Kilda,Richmond,Jeromey Webberley,9,2,11,0,1,0,4
2010,11,2010-06-04,Docklands,Richmond,St Kilda,Richmond,Matt White,4,2,3,0,0,0,3
2010,11,2010-06-04,Docklands,Richmond,St Kilda,St Kilda,Steven Baker,11,11,4,0,0,0,4
2010,11,2010-06-04,Docklands,Richmond,St Kilda,St Kilda,Jason Blake,12,11,6,0,0,0,1
2010,11,2010-06-04,Docklands,Richmond,St Kilda,St Kilda,Raphael Clarke,18,10,8,0,0,0,3
2010,11,2010-06-04,Docklands,Richmond,St Kilda,St Kilda,Nick Dal Santo,6,3,17,0,0,2,2
2010,11,2010-06-04,Docklands,Richmond,St Kilda,St Kilda,Robert Eddy,6,3,5,0,1,0,2
2010,11,2010-06-04,Docklands,Richmond,St Kilda,St Kilda,Sam Fisher,14,8,10,0,0,0,2
2010,11,2010-06-04,Docklands,Richmond,St Kilda,St Kilda,Michael Gardiner,5,5,10,0,0,20,0
2010,11,2010-06-04,Docklands,Richmond,St Kilda,St Kilda,Jarryn Geary,7,4,6,0,0,0,5
2010,11,2010-06-04,Docklands,Richmond,St Kilda,St Kilda,Sam Gilbert,14,6,12,0,0,0,3
2010,11,2010-06-04,Docklands,Richmond,St Kilda,St Kilda,Brendon Goddard,22,7,16,0,0,0,5
2010,11,2010-06-04,Docklands,Richmond,St Kilda,St Kilda,James Gwilt,16,9,5,0,0,0,0
2010,11,2010-06-04,Docklands,Richmond,St Kilda,St Kilda,Lenny Hayes,13,4,8,0,1,1,11
2010,11,2010-06-04,Docklands,Richmond,St Kilda,St Kilda,Clinton Jones,6,3,16,0,1,0,9
2010,11,2010-06-04,Docklands,Richmond,St Kilda,St Kilda,Justin Koschitzke,8,5,5,2,1,3,3
2010,11,2010-06-04,Docklands,Richmond,St Kilda,St Kilda,Ben McEvoy,3,4,3,0,1,12,4
2010,11,2010-06-04,Docklands,Richmond,St Kilda,St Kilda,Andrew McQualter,5,5,5,1,0,0,2
2010,11,2010-06-04,Docklands,Richmond,St Kilda,St Kilda,Stephen Milne,16,11,5,5,5,0,3
2010,11,2010-06-04,Docklands,Richmond,St Kilda,St Kilda,Leigh Montagna,19,10,10,2,0,0,6
2010,11,2010-06-04,Docklands,Richmond,St Kilda,St Kilda,Brett Peake,10,3,6,2,1,0,4
2010,11,2010-06-04,Docklands,Richmond,St Kilda,St Kilda,Farren Ray,10,10,12,0,0,0,4
2010,11,2010-06-04,Docklands,Richmond,St Kilda,St Kilda,Adam Schneider,8,4,1,1,0,0,4
2010,11,2010-06-04,Docklands,Richmond,St Kilda,St Kilda,Rhys Stanley,5,5,1,1,0,0,2
2010,11,2010-06-05,M.C.G.,Carlton,Melbourne,Carlton,Joe Anderson,8,5,4,0,0,0,6
2010,11,2010-06-05,M.C.G.,Carlton,Melbourne,Carlton,Eddie Betts,11,2,8,2,0,0,4
2010,11,2010-06-05,M.C.G.,Carlton,Melbourne,Carlton,Steven Browne,5,3,6,0,0,0,4
2010,11,2010-06-05,M.C.G.,Carlton,Melbourne,Carlton,Andrew Carrazzo,12,8,6,1,0,0,3
2010,11,2010-06-05,M.C.G.,Carlton,Melbourne,Carlton,Jeff Garlett,8,1,2,0,1,0,5
2010,11,2010-06-05,M.C.G.,Carlton,Melbourne,Carlton,Bryce Gibbs,7,4,4,0,0,0,3
2010,11,2010-06-05,M.C.G.,Carlton,Melbourne,Carlton,Richard Hadley,6,2,12,0,0,0,3
2010,11,2010-06-05,M.C.G.,Carlton,Melbourne,Carlton,Ryan Houlihan,10,5,8,4,0,0,2
2010,11,2010-06-05,M.C.G.,Carlton,Melbourne,Carlton,Sam Jacobs,7,2,8,0,1,11,4
2010,11,2010-06-05,M.C.G.,Carlton,Melbourne,Carlton,Michael Jamison,4,1,0,0,0,0,4
2010,11,2010-06-05,M.C.G.,Carlton,Melbourne,Carlton,Aaron Joseph,8,1,7,0,0,0,4
2010,11,2010-06-05,M.C.G.,Carlton,Melbourne,Carlton,Chris Judd,12,1,10,1,0,0,7
2010,11,2010-06-05,M.C.G.,Carlton,Melbourne,Carlton,Matthew Kreuzer,6,0,4,0,0,26,8
2010,11,2010-06-05,M.C.G.,Carlton,Melbourne,Carlton,Marc Murphy,11,5,10,0,0,0,9
2010,11,2010-06-05,M.C.G.,Carlton,Melbourne,Carlton,Setanta OhAilpin,6,1,6,0,1,0,3
2010,11,2010-06-05,M.C.G.,Carlton,Melbourne,Carlton,Mitch Robinson,15,4,8,1,0,1,8
2010,11,2010-06-05,M.C.G.,Carlton,Melbourne,Carlton,Jordan Russell,18,7,5,0,0,0,2
2010,11,2010-06-05,M.C.G.,Carlton,Melbourne,Carlton,Heath Scotland,16,7,9,0,0,0,1
2010,11,2010-06-05,M.C.G.,Carlton,Melbourne,Carlton,Kade Simpson,14,5,7,1,1,0,1
2010,11,2010-06-05,M.C.G.,Carlton,Melbourne,Carlton,Bret Thornton,9,6,5,2,0,0,2
2010,11,2010-06-05,M.C.G.,Carlton,Melbourne,Carlton,Jarrad Waite,14,10,5,3,1,0,6
2010,11,2010-06-05,M.C.G.,Carlton,Melbourne,Carlton,Andrew Walker,20,6,5,0,0,0,1
2010,11,2010-06-05,M.C.G.,Carlton,Melbourne,Melbourne,Clint Bartram,5,2,5,0,0,0,5
2010,11,2010-06-05,M.C.G.,Carlton,Melbourne,Melbourne,Matthew Bate,12,4,4,1,1,0,4
2010,11,2010-06-05,M.C.G.,Carlton,Melbourne,Melbourne,Jamie Bennell,6,1,4,0,1,0,2
2010,11,2010-06-05,M.C.G.,Carlton,Melbourne,Melbourne,Cameron Bruce,10,6,16,0,0,0,9
2010,11,2010-06-05,M.C.G.,Carlton,Melbourne,Melbourne,Aaron Davey,10,1,3,0,0,0,4
2010,11,2010-06-05,M.C.G.,Carlton,Melbourne,Melbourne,Colin Garland,9,3,4,0,0,0,3
2010,11,2010-06-05,M.C.G.,Carlton,Melbourne,Melbourne,Brad Green,10,5,5,3,1,0,1
2010,11,2010-06-05,M.C.G.,Carlton,Melbourne,Melbourne,Jack Grimes,14,3,11,0,0,0,4
2010,11,2010-06-05,M.C.G.,Carlton,Melbourne,Melbourne,Jordan Gysberts,10,4,17,0,0,1,0
2010,11,2010-06-05,M.C.G.,Carlton,Melbourne,Melbourne,Mark Jamar,2,3,9,0,0,34,3
2010,11,2010-06-05,M.C.G.,Carlton,Melbourne,Melbourne,Neville Jetta,10,2,6,1,0,0,6
2010,11,2010-06-05,M.C.G.,Carlton,Melbourne,Melbourne,Nathan Jones,8,0,9,1,0,0,0
2010,11,2010-06-05,M.C.G.,Carlton,Melbourne,Melbourne,James McDonald,6,4,9,0,0,0,5
2010,11,2010-06-05,M.C.G.,Carlton,Melbourne,Melbourne,Brad Miller,1,2,5,0,0,2,2
2010,11,2010-06-05,M.C.G.,Carlton,Melbourne,Melbourne,Brent Moloney,11,7,16,1,0,0,4
2010,11,2010-06-05,M.C.G.,Carlton,Melbourne,Melbourne,Cale Morton,18,9,5,0,0,0,2
2010,11,2010-06-05,M.C.G.,Carlton,Melbourne,Melbourne,Jared Rivers,8,6,7,0,0,0,1
2010,11,2010-06-05,M.C.G.,Carlton,Melbourne,Melbourne,Tom Scully,9,1,7,0,0,0,3
2010,11,2010-06-05,M.C.G.,Carlton,Melbourne,Melbourne,Colin Sylvia,16,4,5,1,0,2,5
2010,11,2010-06-05,M.C.G.,Carlton,Melbourne,Melbourne,Jack Trengove,12,1,5,0,0,0,4
2010,11,2010-06-05,M.C.G.,Carlton,Melbourne,Melbourne,Matthew Warnock,7,1,2,0,0,0,4
2010,11,2010-06-05,M.C.G.,Carlton,Melbourne,Melbourne,Jack Watts,2,1,1,1,0,0,2
2010,11,2010-06-05,Football Park,Adelaide,Fremantle,Adelaide,Tony Armstrong,11,9,4,0,0,0,1
2010,11,2010-06-05,Football Park,Adelaide,Fremantle,Adelaide,Patrick Dangerfield,12,5,7,2,0,0,3
2010,11,2010-06-05,Football Park,Adelaide,Fremantle,Adelaide,Phil Davis,4,2,3,0,0,0,0
2010,11,2010-06-05,Football Park,Adelaide,Fremantle,Adelaide,Michael Doughty,8,3,8,0,0,0,2
2010,11,2010-06-05,Football Park,Adelaide,Fremantle,Adelaide,Richard Douglas,18,8,13,0,1,0,3
2010,11,2010-06-05,Football Park,Adelaide,Fremantle,Adelaide,Tyson Edwards,20,6,12,2,1,0,2
2010,11,2010-06-05,Football Park,Adelaide,Fremantle,Adelaide,Simon Goodwin,14,7,16,1,0,0,3
2010,11,2010-06-05,Football Park,Adelaide,Fremantle,Adelaide,Jonathon Griffin,4,3,5,0,0,10,5
2010,11,2010-06-05,Football Park,Adelaide,Fremantle,Adelaide,Graham Johncock,17,8,9,1,1,0,3
2010,11,2010-06-05,Football Park,Adelaide,Fremantle,Adelaide,David Mackay,14,6,13,0,0,0,1
2010,11,2010-06-05,Football Park,Adelaide,Fremantle,Adelaide,Ivan Maric,3,2,10,0,0,16,7
2010,11,2010-06-05,Football Park,Adelaide,Fremantle,Adelaide,Andrew McLeod,7,1,2,1,0,0,2
2010,11,2010-06-05,Football Park,Adelaide,Fremantle,Adelaide,Jared Petrenko,4,3,5,1,0,0,3
2010,11,2010-06-05,Football Park,Adelaide,Fremantle,Adelaide,Jason Porplyzia,6,3,3,1,1,0,2
2010,11,2010-06-05,Football Park,Adelaide,Fremantle,Adelaide,Brent Reilly,12,4,9,0,1,0,4
2010,11,2010-06-05,Football Park,Adelaide,Fremantle,Adelaide,Ben Rutten,3,5,10,0,0,0,2
2010,11,2010-06-05,Football Park,Adelaide,Fremantle,Adelaide,Rory Sloane,11,5,9,0,1,0,2
2010,11,2010-06-05,Football Park,Adelaide,Fremantle,Adelaide,Scott Stevens,15,8,6,0,0,0,4
2010,11,2010-06-05,Football Park,Adelaide,Fremantle,Adelaide,Scott Thompson,17,8,17,2,1,0,6
2010,11,2010-06-05,Football Park,Adelaide,Fremantle,Adelaide,Kurt Tippett,5,3,1,1,1,4,2
2010,11,2010-06-05,Football Park,Adelaide,Fremantle,Adelaide,Nathan van Berlo,11,8,7,0,0,0,3
2010,11,2010-06-05,Football Park,Adelaide,Fremantle,Adelaide,Taylor Walker,9,4,2,4,1,0,2
2010,11,2010-06-05,Football Park,Adelaide,Fremantle,Fremantle,Hayden Ballantyne,9,3,3,0,1,0,4
2010,11,2010-06-05,Football Park,Adelaide,Fremantle,Fremantle,Michael Barlow,13,7,19,3,0,0,6
2010,11,2010-06-05,Football Park,Adelaide,Fremantle,Fremantle,Kepler Bradley,7,6,9,0,1,4,1
2010,11,2010-06-05,Football Park,Adelaide,Fremantle,Fremantle,Ryan Crowley,4,1,8,0,0,0,6
2010,11,2010-06-05,Football Park,Adelaide,Fremantle,Fremantle,Matt de Boer,5,4,6,0,0,0,1
2010,11,2010-06-05,Football Park,Adelaide,Fremantle,Fremantle,Steven Dodd,3,4,10,0,0,0,2
2010,11,2010-06-05,Football Park,Adelaide,Fremantle,Fremantle,Paul Duffield,8,0,4,0,0,0,9
2010,11,2010-06-05,Football Park,Adelaide,Fremantle,Fremantle,Nat Fyfe,13,4,7,1,0,0,3
2010,11,2010-06-05,Football Park,Adelaide,Fremantle,Fremantle,Antoni Grover,4,2,6,0,0,0,1
2010,11,2010-06-05,Football Park,Adelaide,Fremantle,Fremantle,Roger Hayden,7,3,5,0,0,0,2
2010,11,2010-06-05,Football Park,Adelaide,Fremantle,Fremantle,Stephen Hill,13,5,11,2,1,0,3
2010,11,2010-06-05,Football Park,Adelaide,Fremantle,Fremantle,Garrick Ibbotson,4,0,4,0,1,0,3
2010,11,2010-06-05,Football Park,Adelaide,Fremantle,Fremantle,Chris Mayne,1,1,8,1,0,0,4
2010,11,2010-06-05,Football Park,Adelaide,Fremantle,Fremantle,Adam McPhee,2,2,7,0,0,0,4
2010,11,2010-06-05,Football Park,Adelaide,Fremantle,Fremantle,Anthony Morabito,8,2,3,0,0,0,2
2010,11,2010-06-05,Football Park,Adelaide,Fremantle,Fremantle,David Mundy,10,3,10,0,0,0,10
2010,11,2010-06-05,Football Park,Adelaide,Fremantle,Fremantle,Rhys Palmer,8,2,10,0,0,0,4
2010,11,2010-06-05,Football Park,Adelaide,Fremantle,Fremantle,Matthew Pavlich,8,6,1,3,1,0,6
2010,11,2010-06-05,Football Park,Adelaide,Fremantle,Fremantle,Aaron Sandilands,4,1,7,1,0,37,3
2010,11,2010-06-05,Football Park,Adelaide,Fremantle,Fremantle,Nick Suban,9,1,6,0,1,0,1
2010,11,2010-06-05,Football Park,Adelaide,Fremantle,Fremantle,Chris Tarrant,5,4,4,0,0,3,2
2010,11,2010-06-05,Football Park,Adelaide,Fremantle,Fremantle,Jay van Berlo,5,4,3,1,0,0,3
2010,11,2010-06-05,Docklands,North Melbourne,Brisbane Lions,North Melbourne,Ryan Bastinac,11,1,6,0,1,0,7
2010,11,2010-06-05,Docklands,North Melbourne,Brisbane Lions,North Melbourne,Matt Campbell,9,4,5,0,1,0,6
2010,11,2010-06-05,Docklands,North Melbourne,Brisbane Lions,North Melbourne,Ben Cunnington,5,2,6,1,0,0,3
2010,11,2010-06-05,Docklands,North Melbourne,Brisbane Lions,North Melbourne,Michael Firrito,7,6,10,0,0,0,2
2010,11,2010-06-05,Docklands,North Melbourne,Brisbane Lions,North Melbourne,Cruize Garlett,6,1,6,0,0,0,4
2010,11,2010-06-05,Docklands,North Melbourne,Brisbane Lions,North Melbourne,Todd Goldstein,5,4,10,0,1,16,3
2010,11,2010-06-05,Docklands,North Melbourne,Brisbane Lions,North Melbourne,Levi Greenwood,10,4,4,1,0,0,4
2010,11,2010-06-05,Docklands,North Melbourne,Brisbane Lions,North Melbourne,Nathan Grima,6,4,6,0,0,0,1
2010,11,2010-06-05,Docklands,North Melbourne,Brisbane Lions,North Melbourne,David Hale,2,1,3,0,0,2,0
2010,11,2010-06-05,Docklands,North Melbourne,Brisbane Lions,North Melbourne,Lachlan Hansen,9,9,8,2,3,0,1
2010,11,2010-06-05,Docklands,North Melbourne,Brisbane Lions,North Melbourne,Brent Harvey,14,5,16,1,0,0,2
2010,11,2010-06-05,Docklands,North Melbourne,Brisbane Lions,North Melbourne,Ed Lower,6,5,9,1,0,0,3
2010,11,2010-06-05,Docklands,North Melbourne,Brisbane Lions,North Melbourne,Hamish McIntosh,4,3,7,1,1,17,0
2010,11,2010-06-05,Docklands,North Melbourne,Brisbane Lions,North Melbourne,Scott McMahon,16,7,4,0,0,0,2
2010,11,2010-06-05,Docklands,North Melbourne,Brisbane Lions,North Melbourne,Daniel Pratt,11,5,7,0,0,0,4
2010,11,2010-06-05,Docklands,North Melbourne,Brisbane Lions,North Melbourne,Brady Rawlings,13,9,9,0,0,0,0
2010,11,2010-06-05,Docklands,North Melbourne,Brisbane Lions,North Melbourne,Andrew Swallow,11,3,10,2,0,0,7
2010,11,2010-06-05,Docklands,North Melbourne,Brisbane Lions,North Melbourne,Lindsay Thomas,9,2,4,2,3,0,4
2010,11,2010-06-05,Docklands,North Melbourne,Brisbane Lions,North Melbourne,Scott Thompson,6,0,5,0,0,0,1
2010,11,2010-06-05,Docklands,North Melbourne,Brisbane Lions,North Melbourne,Daniel Wells,7,3,7,0,1,0,3
2010,11,2010-06-05,Docklands,North Melbourne,Brisbane Lions,North Melbourne,Sam Wright,6,5,2,1,1,0,2
2010,11,2010-06-05,Docklands,North Melbourne,Brisbane Lions,North Melbourne,Jack Ziebell,13,5,4,0,2,0,7
2010,11,2010-06-05,Docklands,North Melbourne,Brisbane Lions,Brisbane Lions,Todd Banfield,5,5,1,0,0,0,2
2010,11,2010-06-05,Docklands,North Melbourne,Brisbane Lions,Brisbane Lions,Simon Black,6,4,17,0,1,0,3
2010,11,2010-06-05,Docklands,North Melbourne,Brisbane Lions,Brisbane Lions,Jared Brennan,6,4,6,1,0,0,2
2010,11,2010-06-05,Docklands,North Melbourne,Brisbane Lions,Brisbane Lions,Jonathan Brown,11,10,5,3,3,0,0
2010,11,2010-06-05,Docklands,North Melbourne,Brisbane Lions,Brisbane Lions,Amon Buchanan,5,5,11,2,1,0,3
2010,11,2010-06-05,Docklands,North Melbourne,Brisbane Lions,Brisbane Lions,Mitch Clark,10,9,10,1,0,8,2
2010,11,2010-06-05,Docklands,North Melbourne,Brisbane Lions,Brisbane Lions,Tom Collier,7,4,2,0,0,0,0
2010,11,2010-06-05,Docklands,North Melbourne,Brisbane Lions,Brisbane Lions,Brendan Fevola,6,5,2,5,0,0,0
2010,11,2010-06-05,Docklands,North Melbourne,Brisbane Lions,Brisbane Lions,James Hawksley,13,8,8,0,0,0,1
2010,11,2010-06-05,Docklands,North Melbourne,Brisbane Lions,Brisbane Lions,Travis Johnstone,27,16,10,0,0,0,3
2010,11,2010-06-05,Docklands,North Melbourne,Brisbane Lions,Brisbane Lions,Matthew Leuenberger,6,6,10,0,0,20,0
2010,11,2010-06-05,Docklands,North Melbourne,Brisbane Lions,Brisbane Lions,Matt Maguire,12,10,8,0,0,0,1
2010,11,2010-06-05,Docklands,North Melbourne,Brisbane Lions,Brisbane Lions,Ashley McGrath,6,2,3,0,0,0,1
2010,11,2010-06-05,Docklands,North Melbourne,Brisbane Lions,Brisbane Lions,Joel Patfull,4,1,5,0,1,0,5
2010,11,2010-06-05,Docklands,North Melbourne,Brisbane Lions,Brisbane Lions,Luke Power,17,7,8,0,0,0,4
2010,11,2010-06-05,Docklands,North Melbourne,Brisbane Lions,Brisbane Lions,Jack Redden,5,4,6,0,0,0,6
2010,11,2010-06-05,Docklands,North Melbourne,Brisbane Lions,Brisbane Lions,Daniel Rich,12,2,10,1,0,0,3
2010,11,2010-06-05,Docklands,North Melbourne,Brisbane Lions,Brisbane Lions,Michael Rischitelli,14,10,11,0,1,0,3
2010,11,2010-06-05,Docklands,North Melbourne,Brisbane Lions,Brisbane Lions,Tom Rockliff,12,9,17,0,0,0,4
2010,11,2010-06-05,Docklands,North Melbourne,Brisbane Lions,Brisbane Lions,Sam Sheldon,12,5,4,0,0,0,2
2010,11,2010-06-05,Docklands,North Melbourne,Brisbane Lions,Brisbane Lions,Justin Sherman,13,7,11,0,0,0,3
2010,11,2010-06-05,Docklands,North Melbourne,Brisbane Lions,Brisbane Lions,Brent Staker,13,10,9,0,0,0,2
2010,11,2010-06-05,Subiaco,West Coast,Geelong,West Coast,Mitch Brown,7,3,6,0,1,0,3
2010,11,2010-06-05,Subiaco,West Coast,Geelong,West Coast,Sam Butler,6,6,7,0,0,0,1
2010,11,2010-06-05,Subiaco,West Coast,Geelong,West Coast,Dean Cox,6,3,8,1,0,29,2
2010,11,2010-06-05,Subiaco,West Coast,Geelong,West Coast,Bradd Dalziell,14,5,6,1,0,0,4
2010,11,2010-06-05,Subiaco,West Coast,Geelong,West Coast,Brad Ebert,8,7,8,1,4,0,6
2010,11,2010-06-05,Subiaco,West Coast,Geelong,West Coast,Andrew Embley,20,6,4,1,0,1,3
2010,11,2010-06-05,Subiaco,West Coast,Geelong,West Coast,Shannon Hurn,21,9,0,0,0,0,1
2010,11,2010-06-05,Subiaco,West Coast,Geelong,West Coast,Josh Kennedy,9,3,2,3,1,0,3
2010,11,2010-06-05,Subiaco,West Coast,Geelong,West Coast,Mark LeCras,11,5,2,2,2,0,0
2010,11,2010-06-05,Subiaco,West Coast,Geelong,West Coast,Eric Mackenzie,2,2,7,0,0,1,3
2010,11,2010-06-05,Subiaco,West Coast,Geelong,West Coast,Beau Maister,7,4,4,0,0,0,1
2010,11,2010-06-05,Subiaco,West Coast,Geelong,West Coast,Ben McKinley,9,7,0,3,1,0,2
2010,11,2010-06-05,Subiaco,West Coast,Geelong,West Coast,Nic Naitanui,6,2,5,2,0,19,4
2010,11,2010-06-05,Subiaco,West Coast,Geelong,West Coast,Matt Priddis,7,1,23,0,1,0,5
2010,11,2010-06-05,Subiaco,West Coast,Geelong,West Coast,Matt Rosa,7,2,9,0,0,0,7
2010,11,2010-06-05,Subiaco,West Coast,Geelong,West Coast,Will Schofield,6,5,3,0,0,0,2
2010,11,2010-06-05,Subiaco,West Coast,Geelong,West Coast,Adam Selwood,4,1,9,0,0,0,2
2010,11,2010-06-05,Subiaco,West Coast,Geelong,West Coast,Scott Selwood,3,1,5,0,0,0,6
2010,11,2010-06-05,Subiaco,West Coast,Geelong,West Coast,Brad Sheppard,17,6,5,0,1,0,0
2010,11,2010-06-05,Subiaco,West Coast,Geelong,West Coast,Lewis Stevenson,10,2,7,0,0,0,0
2010,11,2010-06-05,Subiaco,West Coast,Geelong,West Coast,Tom Swift,9,5,14,0,0,0,2
2010,11,2010-06-05,Subiaco,West Coast,Geelong,West Coast,Beau Waters,20,17,13,0,0,0,4
2010,11,2010-06-05,Subiaco,West Coast,Geelong,Geelong,Gary Ablett,11,3,13,2,1,0,7
2010,11,2010-06-05,Subiaco,West Coast,Geelong,Geelong,Jimmy Bartel,13,4,17,0,0,4,8
2010,11,2010-06-05,Subiaco,West Coast,Geelong,Geelong,Mark Blake,2,2,8,0,0,23,0
2010,11,2010-06-05,Subiaco,West Coast,Geelong,Geelong,Shannon Byrnes,13,7,9,4,3,0,2
2010,11,2010-06-05,Subiaco,West Coast,Geelong,Geelong,Paul Chapman,18,5,18,0,1,0,2
2010,11,2010-06-05,Subiaco,West Coast,Geelong,Geelong,Corey Enright,17,4,8,1,0,0,1
2010,11,2010-06-05,Subiaco,West Coast,Geelong,Geelong,Simon Hogan,5,1,12,0,0,0,6
2010,11,2010-06-05,Subiaco,West Coast,Geelong,Geelong,Josh Hunt,10,3,7,0,0,0,1
2010,11,2010-06-05,Subiaco,West Coast,Geelong,Geelong,Taylor Hunt,7,2,3,1,1,0,4
2010,11,2010-06-05,Subiaco,West Coast,Geelong,Geelong,Steve Johnson,10,3,3,3,3,0,3
2010,11,2010-06-05,Subiaco,West Coast,Geelong,Geelong,James Kelly,10,2,9,0,0,0,3
2010,11,2010-06-05,Subiaco,West Coast,Geelong,Geelong,Tom Lonergan,5,3,9,0,0,0,4
2010,11,2010-06-05,Subiaco,West Coast,Geelong,Geelong,Andrew Mackie,16,7,3,1,0,0,0
2010,11,2010-06-05,Subiaco,West Coast,Geelong,Geelong,Darren Milburn,9,4,11,0,0,0,2
2010,11,2010-06-05,Subiaco,West Coast,Geelong,Geelong,Cameron Mooney,5,3,1,0,1,0,0
2010,11,2010-06-05,Subiaco,West Coast,Geelong,Geelong,James Podsiadly,5,6,6,1,3,0,4
2010,11,2010-06-05,Subiaco,West Coast,Geelong,Geelong,Joel Selwood,10,4,14,1,0,0,8
2010,11,2010-06-05,Subiaco,West Coast,Geelong,Geelong,Dawson Simpson,1,1,2,0,0,5,4
2010,11,2010-06-05,Subiaco,West Coast,Geelong,Geelong,Mathew Stokes,16,5,8,1,0,0,1
2010,11,2010-06-05,Subiaco,West Coast,Geelong,Geelong,Harry Taylor,5,6,7,0,0,1,1
2010,11,2010-06-05,Subiaco,West Coast,Geelong,Geelong,Travis Varcoe,5,6,10,1,0,0,5
2010,11,2010-06-05,Subiaco,West Coast,Geelong,Geelong,David Wojcinski,9,3,8,2,0,0,6
2010,11,2010-06-06,S.C.G.,Sydney,Essendon,Sydney,Paul Bevan,4,3,4,2,0,0,4
2010,11,2010-06-06,S.C.G.,Sydney,Essendon,Sydney,Craig Bird,9,2,6,0,0,0,2
2010,11,2010-06-06,S.C.G.,Sydney,Essendon,Sydney,Jude Bolton,16,3,20,0,0,0,12
2010,11,2010-06-06,S.C.G.,Sydney,Essendon,Sydney,Adam Goodes,11,5,5,2,4,0,1
2010,11,2010-06-06,S.C.G.,Sydney,Essendon,Sydney,Heath Grundy,8,2,8,0,0,0,1
2010,11,2010-06-06,S.C.G.,Sydney,Essendon,Sydney,Dan Hannebery,3,1,8,0,0,0,3
2010,11,2010-06-06,S.C.G.,Sydney,Essendon,Sydney,Kieren Jack,14,2,2,0,1,0,6
2010,11,2010-06-06,S.C.G.,Sydney,Essendon,Sydney,Lewis Jetta,8,1,2,0,3,0,2
2010,11,2010-06-06,S.C.G.,Sydney,Essendon,Sydney,Josh Kennedy,12,2,6,0,0,0,6
2010,11,2010-06-06,S.C.G.,Sydney,Essendon,Sydney,Brett Kirk,8,2,11,0,0,0,7
2010,11,2010-06-06,S.C.G.,Sydney,Essendon,Sydney,Nick Malceski,14,2,5,0,1,0,3
2010,11,2010-06-06,S.C.G.,Sydney,Essendon,Sydney,Martin Mattner,11,3,3,0,1,0,6
2010,11,2010-06-06,S.C.G.,Sydney,Essendon,Sydney,Jarrad McVeigh,19,3,12,1,2,0,3
2010,11,2010-06-06,S.C.G.,Sydney,Essendon,Sydney,Shane Mumford,5,4,10,0,0,46,6
2010,11,2010-06-06,S.C.G.,Sydney,Essendon,Sydney,Ryan OKeefe,16,6,6,0,1,0,8
2010,11,2010-06-06,S.C.G.,Sydney,Essendon,Sydney,Henry Playfair,3,3,4,0,0,1,3
2010,11,2010-06-06,S.C.G.,Sydney,Essendon,Sydney,Mike Pyke,1,0,2,0,0,17,5
2010,11,2010-06-06,S.C.G.,Sydney,Essendon,Sydney,Lewis Roberts-Thomson,6,5,5,0,0,0,1
2010,11,2010-06-06,S.C.G.,Sydney,Essendon,Sydney,Gary Rohan,10,2,1,3,1,0,3
2010,11,2010-06-06,S.C.G.,Sydney,Essendon,Sydney,Rhyce Shaw,6,1,6,0,0,0,2
2010,11,2010-06-06,S.C.G.,Sydney,Essendon,Sydney,Nick Smith,4,2,4,1,0,0,5
2010,11,2010-06-06,S.C.G.,Sydney,Essendon,Sydney,Jesse White,8,1,3,3,2,0,4
2010,11,2010-06-06,S.C.G.,Sydney,Essendon,Essendon,Jarrod Atkinson,9,4,5,0,0,0,8
2010,11,2010-06-06,S.C.G.,Sydney,Essendon,Essendon,Alwyn Davey,5,2,7,2,0,0,7
2010,11,2010-06-06,S.C.G.,Sydney,Essendon,Essendon,Courtenay Dempsey,11,4,5,0,0,0,1
2010,11,2010-06-06,S.C.G.,Sydney,Essendon,Essendon,Scott Gumbleton,5,3,3,2,0,0,2
2010,11,2010-06-06,S.C.G.,Sydney,Essendon,Essendon,David Hille,1,1,1,0,1,4,0
2010,11,2010-06-06,S.C.G.,Sydney,Essendon,Essendon,Heath Hocking,13,5,6,0,0,0,3
2010,11,2010-06-06,S.C.G.,Sydney,Essendon,Essendon,Ben Howlett,9,1,3,1,0,0,7
2010,11,2010-06-06,S.C.G.,Sydney,Essendon,Essendon,Michael Hurley,12,3,6,0,1,0,0
2010,11,2010-06-06,S.C.G.,Sydney,Essendon,Essendon,Leroy Jetta,6,4,7,3,2,0,4
2010,11,2010-06-06,S.C.G.,Sydney,Essendon,Essendon,Sam Lonergan,6,1,6,1,0,0,5
2010,11,2010-06-06,S.C.G.,Sydney,Essendon,Essendon,Nathan Lovett-Murray,9,5,14,0,2,2,8
2010,11,2010-06-06,S.C.G.,Sydney,Essendon,Essendon,Mark McVeigh,15,3,5,1,0,0,7
2010,11,2010-06-06,S.C.G.,Sydney,Essendon,Essendon,Jake Melksham,5,2,5,0,0,0,3
2010,11,2010-06-06,S.C.G.,Sydney,Essendon,Essendon,Angus Monfries,6,4,5,0,0,0,3
2010,11,2010-06-06,S.C.G.,Sydney,Essendon,Essendon,David Myers,0,0,6,0,0,0,2
2010,11,2010-06-06,S.C.G.,Sydney,Essendon,Essendon,Tayte Pears,7,5,8,0,0,0,4
2010,11,2010-06-06,S.C.G.,Sydney,Essendon,Essendon,Brent Prismall,16,8,9,0,0,0,6
2010,11,2010-06-06,S.C.G.,Sydney,Essendon,Essendon,Paddy Ryder,7,6,5,0,2,32,7
2010,11,2010-06-06,S.C.G.,Sydney,Essendon,Essendon,Jobe Watson,15,4,10,0,0,0,6
2010,11,2010-06-06,S.C.G.,Sydney,Essendon,Essendon,Andrew Welsh,9,5,15,1,0,0,8
2010,11,2010-06-06,S.C.G.,Sydney,Essendon,Essendon,Jason Winderlich,8,3,16,0,0,0,5
2010,11,2010-06-06,S.C.G.,Sydney,Essendon,Essendon,David Zaharakis,8,3,6,1,0,0,5
2010,11,2010-06-06,M.C.G.,Hawthorn,Port Adelaide,Hawthorn,Chance Bateman,16,7,5,0,1,1,1
2010,11,2010-06-06,M.C.G.,Hawthorn,Port Adelaide,Hawthorn,Grant Birchall,14,6,7,0,0,0,1
2010,11,2010-06-06,M.C.G.,Hawthorn,Port Adelaide,Hawthorn,Shaun Burgoyne,8,3,6,0,0,0,7
2010,11,2010-06-06,M.C.G.,Hawthorn,Port Adelaide,Hawthorn,Xavier Ellis,9,7,6,0,0,0,2
2010,11,2010-06-06,M.C.G.,Hawthorn,Port Adelaide,Hawthorn,Stephen Gilham,9,4,5,0,0,1,4
2010,11,2010-06-06,M.C.G.,Hawthorn,Port Adelaide,Hawthorn,Brent Guerra,20,8,4,0,0,0,3
2010,11,2010-06-06,M.C.G.,Hawthorn,Port Adelaide,Hawthorn,Luke Hodge,18,10,8,1,5,2,5
2010,11,2010-06-06,M.C.G.,Hawthorn,Port Adelaide,Hawthorn,Rick Ladson,13,3,3,2,2,0,5
2010,11,2010-06-06,M.C.G.,Hawthorn,Port Adelaide,Hawthorn,Jordan Lewis,17,3,7,0,1,0,4
2010,11,2010-06-06,M.C.G.,Hawthorn,Port Adelaide,Hawthorn,Sam Mitchell,8,0,9,0,1,0,5
2010,11,2010-06-06,M.C.G.,Hawthorn,Port Adelaide,Hawthorn,Tom Murphy,10,9,2,0,0,0,1
2010,11,2010-06-06,M.C.G.,Hawthorn,Port Adelaide,Hawthorn,Michael Osborne,13,8,2,2,0,1,1
2010,11,2010-06-06,M.C.G.,Hawthorn,Port Adelaide,Hawthorn,Carl Peterson,6,4,5,0,0,1,3
2010,11,2010-06-06,M.C.G.,Hawthorn,Port Adelaide,Hawthorn,Brent Renouf,4,5,3,0,0,16,4
2010,11,2010-06-06,M.C.G.,Hawthorn,Port Adelaide,Hawthorn,Cyril Rioli,6,2,8,1,1,0,6
2010,11,2010-06-06,M.C.G.,Hawthorn,Port Adelaide,Hawthorn,Jarryd Roughead,6,3,3,1,0,3,5
2010,11,2010-06-06,M.C.G.,Hawthorn,Port Adelaide,Hawthorn,Brad Sewell,14,6,15,0,0,0,2
2010,11,2010-06-06,M.C.G.,Hawthorn,Port Adelaide,Hawthorn,Liam Shiels,9,7,2,0,0,0,4
2010,11,2010-06-06,M.C.G.,Hawthorn,Port Adelaide,Hawthorn,Wayde Skipper,3,1,4,0,0,12,2
2010,11,2010-06-06,M.C.G.,Hawthorn,Port Adelaide,Hawthorn,Ben Stratton,15,8,3,0,0,0,0
2010,11,2010-06-06,M.C.G.,Hawthorn,Port Adelaide,Hawthorn,Brendan Whitecross,7,3,6,2,0,0,3
2010,11,2010-06-06,M.C.G.,Hawthorn,Port Adelaide,Hawthorn,Clinton Young,7,2,4,1,1,0,1
2010,11,2010-06-06,M.C.G.,Hawthorn,Port Adelaide,Port Adelaide,Travis Boak,15,4,14,0,1,0,11
2010,11,2010-06-06,M.C.G.,Hawthorn,Port Adelaide,Port Adelaide,Matthew Broadbent,5,0,8,0,0,0,0
2010,11,2010-06-06,M.C.G.,Hawthorn,Port Adelaide,Port Adelaide,Dean Brogan,8,3,8,0,0,22,0
2010,11,2010-06-06,M.C.G.,Hawthorn,Port Adelaide,Port Adelaide,Alipate Carlile,7,6,11,0,0,0,2
2010,11,2010-06-06,M.C.G.,Hawthorn,Port Adelaide,Port Adelaide,Domenic Cassisi,8,2,12,0,0,0,14
2010,11,2010-06-06,M.C.G.,Hawthorn,Port Adelaide,Port Adelaide,Troy Chaplin,11,4,8,0,0,1,4
2010,11,2010-06-06,M.C.G.,Hawthorn,Port Adelaide,Port Adelaide,Chad Cornes,1,1,3,0,0,0,1
2010,11,2010-06-06,M.C.G.,Hawthorn,Port Adelaide,Port Adelaide,Kane Cornes,11,5,13,0,0,0,5
2010,11,2010-06-06,M.C.G.,Hawthorn,Port Adelaide,Port Adelaide,Jason Davenport,6,3,8,2,0,0,5
2010,11,2010-06-06,M.C.G.,Hawthorn,Port Adelaide,Port Adelaide,Brett Ebert,9,6,2,2,2,0,3
2010,11,2010-06-06,M.C.G.,Hawthorn,Port Adelaide,Port Adelaide,Hamish Hartlett,9,3,3,0,1,0,6
2010,11,2010-06-06,M.C.G.,Hawthorn,Port Adelaide,Port Adelaide,Tom Logan,9,8,11,1,0,0,6
2010,11,2010-06-06,M.C.G.,Hawthorn,Port Adelaide,Port Adelaide,Daniel Motlop,7,4,4,0,4,2,2
2010,11,2010-06-06,M.C.G.,Hawthorn,Port Adelaide,Port Adelaide,Jay Nash,11,3,2,0,0,0,2
2010,11,2010-06-06,M.C.G.,Hawthorn,Port Adelaide,Port Adelaide,Danyle Pearce,19,3,10,0,0,0,5
2010,11,2010-06-06,M.C.G.,Hawthorn,Port Adelaide,Port Adelaide,David Rodan,12,0,7,0,1,0,8
2010,11,2010-06-06,M.C.G.,Hawthorn,Port Adelaide,Port Adelaide,Steven Salopek,15,5,6,1,0,0,1
2010,11,2010-06-06,M.C.G.,Hawthorn,Port Adelaide,Port Adelaide,Daniel Stewart,6,4,1,1,0,0,2
2010,11,2010-06-06,M.C.G.,Hawthorn,Port Adelaide,Port Adelaide,Paul Stewart,4,0,8,0,0,0,0
2010,11,2010-06-06,M.C.G.,Hawthorn,Port Adelaide,Port Adelaide,Jacob Surjan,6,2,6,0,0,0,2
2010,11,2010-06-06,M.C.G.,Hawthorn,Port Adelaide,Port Adelaide,Matt Thomas,9,3,10,1,0,1,5
2010,11,2010-06-06,M.C.G.,Hawthorn,Port Adelaide,Port Adelaide,Jackson Trengove,4,1,4,0,1,13,1
2010,11,2010-06-06,Docklands,Collingwood,Western Bulldogs,Collingwood,Luke Ball,11,5,18,0,1,0,5
2010,11,2010-06-06,Docklands,Collingwood,Western Bulldogs,Collingwood,Dayne Beams,9,5,11,1,1,0,4
2010,11,2010-06-06,Docklands,Collingwood,Western Bulldogs,Collingwood,Leigh Brown,7,5,6,2,0,0,5
2010,11,2010-06-06,Docklands,Collingwood,Western Bulldogs,Collingwood,Travis Cloke,12,4,1,1,1,1,1
2010,11,2010-06-06,Docklands,Collingwood,Western Bulldogs,Collingwood,Leon Davis,11,4,5,3,1,0,1
2010,11,2010-06-06,Docklands,Collingwood,Western Bulldogs,Collingwood,Alan Didak,15,8,10,3,0,0,4
2010,11,2010-06-06,Docklands,Collingwood,Western Bulldogs,Collingwood,Josh Fraser,5,3,3,1,0,6,1
2010,11,2010-06-06,Docklands,Collingwood,Western Bulldogs,Collingwood,Ben Johnson,7,3,7,0,0,0,0
2010,11,2010-06-06,Docklands,Collingwood,Western Bulldogs,Collingwood,Darren Jolly,6,5,8,1,0,18,2
2010,11,2010-06-06,Docklands,Collingwood,Western Bulldogs,Collingwood,Heritier Lumumba,11,3,9,1,0,0,1
2010,11,2010-06-06,Docklands,Collingwood,Western Bulldogs,Collingwood,Brent Macaffer,5,2,10,0,0,0,7
2010,11,2010-06-06,Docklands,Collingwood,Western Bulldogs,Collingwood,Nick Maxwell,7,4,8,0,0,0,3
2010,11,2010-06-06,Docklands,Collingwood,Western Bulldogs,Collingwood,Paul Medhurst,6,2,2,0,1,0,1
2010,11,2010-06-06,Docklands,Collingwood,Western Bulldogs,Collingwood,Scott Pendlebury,15,5,18,1,1,0,8
2010,11,2010-06-06,Docklands,Collingwood,Western Bulldogs,Collingwood,Simon Prestigiacomo,1,2,3,0,0,0,3
2010,11,2010-06-06,Docklands,Collingwood,Western Bulldogs,Collingwood,Ben Reid,12,7,9,0,0,0,6
2010,11,2010-06-06,Docklands,Collingwood,Western Bulldogs,Collingwood,Heath Shaw,12,7,4,0,0,0,2
2010,11,2010-06-06,Docklands,Collingwood,Western Bulldogs,Collingwood,Steele Sidebottom,8,3,7,0,0,0,7
2010,11,2010-06-06,Docklands,Collingwood,Western Bulldogs,Collingwood,Dane Swan,16,5,19,1,1,0,5
2010,11,2010-06-06,Docklands,Collingwood,Western Bulldogs,Collingwood,Dale Thomas,16,3,12,0,0,0,4
2010,11,2010-06-06,Docklands,Collingwood,Western Bulldogs,Collingwood,Alan Toovey,10,1,12,0,0,0,3
2010,11,2010-06-06,Docklands,Collingwood,Western Bulldogs,Collingwood,Sharrod Wellingham,10,3,8,2,1,0,2
2010,11,2010-06-06,Docklands,Collingwood,Western Bulldogs,Western Bulldogs,Dylan Addison,10,6,6,0,0,0,0
2010,11,2010-06-06,Docklands,Collingwood,Western Bulldogs,Western Bulldogs,Matthew Boyd,16,5,20,1,0,2,8
2010,11,2010-06-06,Docklands,Collingwood,Western Bulldogs,Western Bulldogs,Adam Cooney,17,7,11,2,0,0,5
2010,11,2010-06-06,Docklands,Collingwood,Western Bulldogs,Western Bulldogs,Daniel Cross,13,5,15,0,0,3,3
2010,11,2010-06-06,Docklands,Collingwood,Western Bulldogs,Western Bulldogs,Nathan Eagleton,9,4,10,0,0,0,2
2010,11,2010-06-06,Docklands,Collingwood,Western Bulldogs,Western Bulldogs,Daniel Giansiracusa,7,5,5,0,0,0,2
2010,11,2010-06-06,Docklands,Collingwood,Western Bulldogs,Western Bulldogs,Lindsay Gilbee,13,6,8,0,1,0,0
2010,11,2010-06-06,Docklands,Collingwood,Western Bulldogs,Western Bulldogs,Jarrad Grant,5,4,6,1,2,0,1
2010,11,2010-06-06,Docklands,Collingwood,Western Bulldogs,Western Bulldogs,Ryan Griffen,10,3,7,0,0,0,2
2010,11,2010-06-06,Docklands,Collingwood,Western Bulldogs,Western Bulldogs,Mitch Hahn,6,1,8,0,0,0,4
2010,11,2010-06-06,Docklands,Collingwood,Western Bulldogs,Western Bulldogs,Barry Hall,11,9,3,4,1,0,1
2010,11,2010-06-06,Docklands,Collingwood,Western Bulldogs,Western Bulldogs,Jarrod Harbrow,20,7,7,0,0,0,4
2010,11,2010-06-06,Docklands,Collingwood,Western Bulldogs,Western Bulldogs,Shaun Higgins,6,2,6,0,0,0,2
2010,11,2010-06-06,Docklands,Collingwood,Western Bulldogs,Western Bulldogs,Josh Hill,10,5,3,2,0,0,2
2010,11,2010-06-06,Docklands,Collingwood,Western Bulldogs,Western Bulldogs,Ben Hudson,5,4,11,0,0,19,4
2010,11,2010-06-06,Docklands,Collingwood,Western Bulldogs,Western Bulldogs,Brian Lake,9,8,5,1,1,0,4
2010,11,2010-06-06,Docklands,Collingwood,Western Bulldogs,Western Bulldogs,Will Minson,6,4,5,3,0,12,4
2010,11,2010-06-06,Docklands,Collingwood,Western Bulldogs,Western Bulldogs,Brodie Moles,9,2,9,1,0,0,5
2010,11,2010-06-06,Docklands,Collingwood,Western Bulldogs,Western Bulldogs,Dale Morris,2,0,4,0,0,0,5
2010,11,2010-06-06,Docklands,Collingwood,Western Bulldogs,Western Bulldogs,Liam Picken,5,1,10,0,0,0,3
2010,11,2010-06-06,Docklands,Collingwood,Western Bulldogs,Western Bulldogs,Brennan Stack,5,2,5,1,0,0,2
2010,11,2010-06-06,Docklands,Collingwood,Western Bulldogs,Western Bulldogs,Tom Williams,5,0,2,0,0,0,4
2010,12,2010-06-11,Docklands,North Melbourne,Carlton,North Melbourne,Ryan Bastinac,6,1,13,2,0,0,2
2010,12,2010-06-11,Docklands,North Melbourne,Carlton,North Melbourne,Matt Campbell,3,0,2,0,0,0,2
2010,12,2010-06-11,Docklands,North Melbourne,Carlton,North Melbourne,Ben Cunnington,4,2,8,0,0,0,4
2010,12,2010-06-11,Docklands,North Melbourne,Carlton,North Melbourne,Michael Firrito,12,4,10,0,0,0,3
2010,12,2010-06-11,Docklands,North Melbourne,Carlton,North Melbourne,Cruize Garlett,8,4,9,0,0,0,9
2010,12,2010-06-11,Docklands,North Melbourne,Carlton,North Melbourne,Todd Goldstein,8,6,2,0,1,21,0
2010,12,2010-06-11,Docklands,North Melbourne,Carlton,North Melbourne,Levi Greenwood,9,4,5,0,0,0,4
2010,12,2010-06-11,Docklands,North Melbourne,Carlton,North Melbourne,Nathan Grima,10,7,8,0,0,0,2
2010,12,2010-06-11,Docklands,North Melbourne,Carlton,North Melbourne,Lachlan Hansen,8,3,4,0,2,0,0
2010,12,2010-06-11,Docklands,North Melbourne,Carlton,North Melbourne,Brent Harvey,11,3,7,1,0,0,5
2010,12,2010-06-11,Docklands,North Melbourne,Carlton,North Melbourne,Ed Lower,9,1,6,0,0,0,3
2010,12,2010-06-11,Docklands,North Melbourne,Carlton,North Melbourne,Hamish McIntosh,6,5,7,1,1,20,2
2010,12,2010-06-11,Docklands,North Melbourne,Carlton,North Melbourne,Scott McMahon,13,6,10,0,0,0,1
2010,12,2010-06-11,Docklands,North Melbourne,Carlton,North Melbourne,Daniel Pratt,11,5,9,0,0,0,1
2010,12,2010-06-11,Docklands,North Melbourne,Carlton,North Melbourne,Brady Rawlings,7,2,10,0,0,0,2
2010,12,2010-06-11,Docklands,North Melbourne,Carlton,North Melbourne,Andrew Swallow,9,2,10,0,1,0,6
2010,12,2010-06-11,Docklands,North Melbourne,Carlton,North Melbourne,Lindsay Thomas,19,8,1,7,5,0,8
2010,12,2010-06-11,Docklands,North Melbourne,Carlton,North Melbourne,Scott Thompson,8,3,21,0,0,0,2
2010,12,2010-06-11,Docklands,North Melbourne,Carlton,North Melbourne,Ben Warren,12,8,5,2,1,0,0
2010,12,2010-06-11,Docklands,North Melbourne,Carlton,North Melbourne,Daniel Wells,10,5,8,0,0,0,3
2010,12,2010-06-11,Docklands,North Melbourne,Carlton,North Melbourne,Sam Wright,10,5,0,1,1,0,5
2010,12,2010-06-11,Docklands,North Melbourne,Carlton,North Melbourne,Jack Ziebell,10,7,7,0,1,0,4
2010,12,2010-06-11,Docklands,North Melbourne,Carlton,Carlton,Dennis Armfield,5,2,11,0,1,0,3
2010,12,2010-06-11,Docklands,North Melbourne,Carlton,Carlton,Eddie Betts,7,3,5,5,1,0,1
2010,12,2010-06-11,Docklands,North Melbourne,Carlton,Carlton,Steven Browne,2,3,8,0,1,0,4
2010,12,2010-06-11,Docklands,North Melbourne,Carlton,Carlton,Andrew Carrazzo,8,1,9,0,0,0,2
2010,12,2010-06-11,Docklands,North Melbourne,Carlton,Carlton,Jeff Garlett,7,5,3,0,0,0,2
2010,12,2010-06-11,Docklands,North Melbourne,Carlton,Carlton,Bryce Gibbs,25,6,8,0,0,1,1
2010,12,2010-06-11,Docklands,North Melbourne,Carlton,Carlton,Richard Hadley,6,2,14,0,0,0,7
2010,12,2010-06-11,Docklands,North Melbourne,Carlton,Carlton,Ryan Houlihan,6,2,8,0,0,0,6
2010,12,2010-06-11,Docklands,North Melbourne,Carlton,Carlton,Sam Jacobs,4,2,3,0,0,23,7
2010,12,2010-06-11,Docklands,North Melbourne,Carlton,Carlton,Michael Jamison,7,8,1,0,0,0,1
2010,12,2010-06-11,Docklands,North Melbourne,Carlton,Carlton,Aaron Joseph,8,5,8,0,0,0,3
2010,12,2010-06-11,Docklands,North Melbourne,Carlton,Carlton,Chris Judd,14,2,9,0,0,0,1
2010,12,2010-06-11,Docklands,North Melbourne,Carlton,Carlton,Matthew Kreuzer,4,2,4,1,0,17,6
2010,12,2010-06-11,Docklands,North Melbourne,Carlton,Carlton,Marc Murphy,14,6,11,0,1,0,4
2010,12,2010-06-11,Docklands,North Melbourne,Carlton,Carlton,Setanta OhAilpin,2,1,2,1,1,0,1
2010,12,2010-06-11,Docklands,North Melbourne,Carlton,Carlton,Mitch Robinson,5,2,8,0,0,0,4
2010,12,2010-06-11,Docklands,North Melbourne,Carlton,Carlton,Jordan Russell,13,2,3,0,0,0,4
2010,12,2010-06-11,Docklands,North Melbourne,Carlton,Carlton,Heath Scotland,15,6,5,0,0,0,2
2010,12,2010-06-11,Docklands,North Melbourne,Carlton,Carlton,Kade Simpson,16,10,7,0,0,0,6
2010,12,2010-06-11,Docklands,North Melbourne,Carlton,Carlton,Bret Thornton,9,7,8,0,0,0,2
2010,12,2010-06-11,Docklands,North Melbourne,Carlton,Carlton,Jarrad Waite,13,9,3,3,1,0,4
2010,12,2010-06-11,Docklands,North Melbourne,Carlton,Carlton,Andrew Walker,15,9,5,0,0,0,1
2010,12,2010-06-12,York Park,Hawthorn,Adelaide,Hawthorn,Grant Birchall,10,7,12,0,0,0,1
2010,12,2010-06-12,York Park,Hawthorn,Adelaide,Hawthorn,Shaun Burgoyne,11,2,8,0,0,1,6
2010,12,2010-06-12,York Park,Hawthorn,Adelaide,Hawthorn,Xavier Ellis,11,4,13,1,0,0,9
2010,12,2010-06-12,York Park,Hawthorn,Adelaide,Hawthorn,Lance Franklin,7,6,11,3,1,0,6
2010,12,2010-06-12,York Park,Hawthorn,Adelaide,Hawthorn,Stephen Gilham,4,2,5,0,0,0,3
2010,12,2010-06-12,York Park,Hawthorn,Adelaide,Hawthorn,Brent Guerra,8,4,7,1,1,0,2
2010,12,2010-06-12,York Park,Hawthorn,Adelaide,Hawthorn,Luke Hodge,20,5,12,3,0,1,5
2010,12,2010-06-12,York Park,Hawthorn,Adelaide,Hawthorn,Rick Ladson,9,2,4,0,1,0,8
2010,12,2010-06-12,York Park,Hawthorn,Adelaide,Hawthorn,Jordan Lewis,11,6,17,0,0,4,3
2010,12,2010-06-12,York Park,Hawthorn,Adelaide,Hawthorn,Sam Mitchell,15,4,16,0,0,0,6
2010,12,2010-06-12,York Park,Hawthorn,Adelaide,Hawthorn,Tom Murphy,5,4,11,0,0,0,2
2010,12,2010-06-12,York Park,Hawthorn,Adelaide,Hawthorn,Beau Muston,4,3,5,1,2,0,0
2010,12,2010-06-12,York Park,Hawthorn,Adelaide,Hawthorn,Michael Osborne,4,2,3,2,0,0,3
2010,12,2010-06-12,York Park,Hawthorn,Adelaide,Hawthorn,Carl Peterson,5,1,8,2,0,2,3
2010,12,2010-06-12,York Park,Hawthorn,Adelaide,Hawthorn,Brent Renouf,3,2,5,0,0,23,2
2010,12,2010-06-12,York Park,Hawthorn,Adelaide,Hawthorn,Cyril Rioli,15,7,12,3,1,1,9
2010,12,2010-06-12,York Park,Hawthorn,Adelaide,Hawthorn,Jarryd Roughead,11,8,5,3,1,0,0
2010,12,2010-06-12,York Park,Hawthorn,Adelaide,Hawthorn,Ryan Schoenmakers,9,6,1,0,0,0,2
2010,12,2010-06-12,York Park,Hawthorn,Adelaide,Hawthorn,Brad Sewell,6,2,10,0,1,0,5
2010,12,2010-06-12,York Park,Hawthorn,Adelaide,Hawthorn,Wayde Skipper,9,2,1,0,1,11,4
2010,12,2010-06-12,York Park,Hawthorn,Adelaide,Hawthorn,Ben Stratton,10,4,3,0,0,0,1
2010,12,2010-06-12,York Park,Hawthorn,Adelaide,Hawthorn,Brendan Whitecross,6,6,6,0,1,0,5
2010,12,2010-06-12,York Park,Hawthorn,Adelaide,Adelaide,Tony Armstrong,12,10,9,0,0,0,1
2010,12,2010-06-12,York Park,Hawthorn,Adelaide,Adelaide,Nathan Bock,16,8,5,0,0,0,0
2010,12,2010-06-12,York Park,Hawthorn,Adelaide,Adelaide,Patrick Dangerfield,8,1,3,2,0,0,4
2010,12,2010-06-12,York Park,Hawthorn,Adelaide,Adelaide,Michael Doughty,12,8,12,0,0,1,6
2010,12,2010-06-12,York Park,Hawthorn,Adelaide,Adelaide,Richard Douglas,14,6,11,1,0,1,6
2010,12,2010-06-12,York Park,Hawthorn,Adelaide,Adelaide,Simon Goodwin,9,2,11,0,0,0,7
2010,12,2010-06-12,York Park,Hawthorn,Adelaide,Adelaide,Jonathon Griffin,4,1,3,0,0,19,1
2010,12,2010-06-12,York Park,Hawthorn,Adelaide,Adelaide,Ricky Henderson,7,4,5,1,1,0,0
2010,12,2010-06-12,York Park,Hawthorn,Adelaide,Adelaide,Graham Johncock,8,2,3,0,0,0,8
2010,12,2010-06-12,York Park,Hawthorn,Adelaide,Adelaide,David Mackay,13,5,9,0,1,1,2
2010,12,2010-06-12,York Park,Hawthorn,Adelaide,Adelaide,Ivan Maric,1,0,3,0,0,18,0
2010,12,2010-06-12,York Park,Hawthorn,Adelaide,Adelaide,Jared Petrenko,8,2,7,0,0,0,5
2010,12,2010-06-12,York Park,Hawthorn,Adelaide,Adelaide,Jason Porplyzia,6,4,2,0,0,0,4
2010,12,2010-06-12,York Park,Hawthorn,Adelaide,Adelaide,Brent Reilly,12,7,9,0,0,0,5
2010,12,2010-06-12,York Park,Hawthorn,Adelaide,Adelaide,Ben Rutten,5,5,8,0,0,0,3
2010,12,2010-06-12,York Park,Hawthorn,Adelaide,Adelaide,Rory Sloane,5,4,12,0,0,0,5
2010,12,2010-06-12,York Park,Hawthorn,Adelaide,Adelaide,Scott Stevens,12,5,8,1,0,0,4
2010,12,2010-06-12,York Park,Hawthorn,Adelaide,Adelaide,Brad Symes,9,9,13,0,0,1,5
2010,12,2010-06-12,York Park,Hawthorn,Adelaide,Adelaide,Scott Thompson,5,1,5,0,0,0,1
2010,12,2010-06-12,York Park,Hawthorn,Adelaide,Adelaide,Kurt Tippett,7,5,1,4,3,10,4
2010,12,2010-06-12,York Park,Hawthorn,Adelaide,Adelaide,Nathan van Berlo,8,9,20,0,0,0,4
2010,12,2010-06-12,York Park,Hawthorn,Adelaide,Adelaide,Taylor Walker,6,4,1,2,3,0,1
2010,12,2010-06-12,Docklands,Essendon,Geelong,Essendon,Tom Bellchambers,5,4,8,0,1,12,0
2010,12,2010-06-12,Docklands,Essendon,Geelong,Essendon,Alwyn Davey,10,1,5,3,2,0,6
2010,12,2010-06-12,Docklands,Essendon,Geelong,Essendon,Courtenay Dempsey,13,6,9,0,0,0,4
2010,12,2010-06-12,Docklands,Essendon,Geelong,Essendon,Ricky Dyson,5,4,4,0,0,0,1
2010,12,2010-06-12,Docklands,Essendon,Geelong,Essendon,Dustin Fletcher,12,6,2,0,0,0,4
2010,12,2010-06-12,Docklands,Essendon,Geelong,Essendon,Scott Gumbleton,9,7,6,0,1,0,1
2010,12,2010-06-12,Docklands,Essendon,Geelong,Essendon,Heath Hocking,5,3,4,0,0,0,2
2010,12,2010-06-12,Docklands,Essendon,Geelong,Essendon,Michael Hurley,12,5,3,4,2,0,0
2010,12,2010-06-12,Docklands,Essendon,Geelong,Essendon,Leroy Jetta,4,1,7,1,0,0,5
2010,12,2010-06-12,Docklands,Essendon,Geelong,Essendon,Sam Lonergan,6,1,8,0,2,0,6
2010,12,2010-06-12,Docklands,Essendon,Geelong,Essendon,Nathan Lovett-Murray,13,4,7,0,0,0,4
2010,12,2010-06-12,Docklands,Essendon,Geelong,Essendon,Mark McVeigh,12,3,5,1,0,0,2
2010,12,2010-06-12,Docklands,Essendon,Geelong,Essendon,Jake Melksham,5,4,8,0,1,0,1
2010,12,2010-06-12,Docklands,Essendon,Geelong,Essendon,David Myers,5,1,5,0,0,0,5
2010,12,2010-06-12,Docklands,Essendon,Geelong,Essendon,Tayte Pears,9,5,5,0,0,0,5
2010,12,2010-06-12,Docklands,Essendon,Geelong,Essendon,Paddy Ryder,6,6,6,0,0,20,6
2010,12,2010-06-12,Docklands,Essendon,Geelong,Essendon,Henry Slattery,4,1,4,0,0,0,2
2010,12,2010-06-12,Docklands,Essendon,Geelong,Essendon,Brent Stanton,6,5,9,2,0,0,3
2010,12,2010-06-12,Docklands,Essendon,Geelong,Essendon,Jobe Watson,13,4,15,0,0,0,0
2010,12,2010-06-12,Docklands,Essendon,Geelong,Essendon,Andrew Welsh,6,4,7,0,0,0,4
2010,12,2010-06-12,Docklands,Essendon,Geelong,Essendon,Jason Winderlich,6,6,11,0,0,0,3
2010,12,2010-06-12,Docklands,Essendon,Geelong,Essendon,David Zaharakis,9,7,5,1,1,0,3
2010,12,2010-06-12,Docklands,Essendon,Geelong,Geelong,Gary Ablett,14,6,20,0,1,0,2
2010,12,2010-06-12,Docklands,Essendon,Geelong,Geelong,Jimmy Bartel,19,8,9,3,1,1,4
2010,12,2010-06-12,Docklands,Essendon,Geelong,Geelong,Mark Blake,4,3,9,0,0,21,0
2010,12,2010-06-12,Docklands,Essendon,Geelong,Geelong,Shannon Byrnes,11,9,11,3,0,0,6
2010,12,2010-06-12,Docklands,Essendon,Geelong,Geelong,Paul Chapman,17,2,8,1,1,0,5
2010,12,2010-06-12,Docklands,Essendon,Geelong,Geelong,Corey Enright,17,4,7,0,0,0,2
2010,12,2010-06-12,Docklands,Essendon,Geelong,Geelong,Simon Hogan,5,3,11,0,1,0,1
2010,12,2010-06-12,Docklands,Essendon,Geelong,Geelong,Josh Hunt,3,1,7,0,0,0,1
2010,12,2010-06-12,Docklands,Essendon,Geelong,Geelong,Taylor Hunt,12,6,3,0,1,0,3
2010,12,2010-06-12,Docklands,Essendon,Geelong,Geelong,Steve Johnson,14,10,4,4,4,0,4
2010,12,2010-06-12,Docklands,Essendon,Geelong,Geelong,James Kelly,16,7,16,1,0,0,3
2010,12,2010-06-12,Docklands,Essendon,Geelong,Geelong,Cameron Ling,9,4,8,0,0,0,2
2010,12,2010-06-12,Docklands,Essendon,Geelong,Geelong,Tom Lonergan,5,2,3,0,0,0,2
2010,12,2010-06-12,Docklands,Essendon,Geelong,Geelong,Andrew Mackie,16,11,5,0,0,0,1
2010,12,2010-06-12,Docklands,Essendon,Geelong,Geelong,Darren Milburn,11,5,7,0,0,0,1
2010,12,2010-06-12,Docklands,Essendon,Geelong,Geelong,James Podsiadly,11,10,6,5,1,1,3
2010,12,2010-06-12,Docklands,Essendon,Geelong,Geelong,Joel Selwood,11,6,13,0,1,1,3
2010,12,2010-06-12,Docklands,Essendon,Geelong,Geelong,Mathew Stokes,11,5,13,1,0,0,0
2010,12,2010-06-12,Docklands,Essendon,Geelong,Geelong,Harry Taylor,5,7,7,0,0,0,0
2010,12,2010-06-12,Docklands,Essendon,Geelong,Geelong,Travis Varcoe,10,3,9,5,1,0,4
2010,12,2010-06-12,Docklands,Essendon,Geelong,Geelong,Trent West,1,3,6,0,0,10,4
2010,12,2010-06-12,Docklands,Essendon,Geelong,Geelong,David Wojcinski,7,3,12,0,0,0,0
2010,12,2010-06-12,Football Park,Port Adelaide,Sydney,Port Adelaide,Travis Boak,11,2,6,1,0,0,8
2010,12,2010-06-12,Football Park,Port Adelaide,Sydney,Port Adelaide,Dean Brogan,6,4,7,0,0,10,0
2010,12,2010-06-12,Football Park,Port Adelaide,Sydney,Port Adelaide,Alipate Carlile,6,2,2,0,0,0,1
2010,12,2010-06-12,Football Park,Port Adelaide,Sydney,Port Adelaide,Domenic Cassisi,8,3,9,0,0,0,5
2010,12,2010-06-12,Football Park,Port Adelaide,Sydney,Port Adelaide,Troy Chaplin,6,1,3,0,0,0,3
2010,12,2010-06-12,Football Park,Port Adelaide,Sydney,Port Adelaide,Chad Cornes,13,5,7,0,0,0,2
2010,12,2010-06-12,Football Park,Port Adelaide,Sydney,Port Adelaide,Kane Cornes,14,7,18,1,0,1,6
2010,12,2010-06-12,Football Park,Port Adelaide,Sydney,Port Adelaide,Jason Davenport,7,3,7,1,1,0,4
2010,12,2010-06-12,Football Park,Port Adelaide,Sydney,Port Adelaide,Brett Ebert,10,3,1,1,2,0,2
2010,12,2010-06-12,Football Park,Port Adelaide,Sydney,Port Adelaide,Hamish Hartlett,13,7,12,1,1,0,5
2010,12,2010-06-12,Football Park,Port Adelaide,Sydney,Port Adelaide,Cameron Hitchcock,10,6,1,1,0,0,2
2010,12,2010-06-12,Football Park,Port Adelaide,Sydney,Port Adelaide,Matthew Lobbe,1,0,0,0,0,15,4
2010,12,2010-06-12,Football Park,Port Adelaide,Sydney,Port Adelaide,Tom Logan,11,4,9,0,0,0,3
2010,12,2010-06-12,Football Park,Port Adelaide,Sydney,Port Adelaide,Daniel Motlop,6,5,7,0,0,1,6
2010,12,2010-06-12,Football Park,Port Adelaide,Sydney,Port Adelaide,Jay Nash,10,4,3,0,0,0,2
2010,12,2010-06-12,Football Park,Port Adelaide,Sydney,Port Adelaide,Danyle Pearce,8,0,7,0,0,0,6
2010,12,2010-06-12,Football Park,Port Adelaide,Sydney,Port Adelaide,David Rodan,9,3,6,0,1,0,12
2010,12,2010-06-12,Football Park,Port Adelaide,Sydney,Port Adelaide,Steven Salopek,9,1,4,0,0,0,1
2010,12,2010-06-12,Football Park,Port Adelaide,Sydney,Port Adelaide,Paul Stewart,10,6,7,0,1,0,4
2010,12,2010-06-12,Football Park,Port Adelaide,Sydney,Port Adelaide,Jacob Surjan,12,4,6,0,0,0,2
2010,12,2010-06-12,Football Park,Port Adelaide,Sydney,Port Adelaide,Matt Thomas,7,5,9,1,0,2,6
2010,12,2010-06-12,Football Park,Port Adelaide,Sydney,Port Adelaide,Jackson Trengove,3,2,6,1,0,3,1
2010,12,2010-06-12,Football Park,Port Adelaide,Sydney,Sydney,Paul Bevan,9,8,6,0,0,0,1
2010,12,2010-06-12,Football Park,Port Adelaide,Sydney,Sydney,Craig Bird,9,7,12,0,0,0,2
2010,12,2010-06-12,Football Park,Port Adelaide,Sydney,Sydney,Jude Bolton,12,6,14,2,0,0,5
2010,12,2010-06-12,Football Park,Port Adelaide,Sydney,Sydney,Adam Goodes,14,9,3,3,0,1,0
2010,12,2010-06-12,Football Park,Port Adelaide,Sydney,Sydney,Heath Grundy,16,8,7,0,0,0,2
2010,12,2010-06-12,Football Park,Port Adelaide,Sydney,Sydney,Dan Hannebery,11,4,8,2,0,0,4
2010,12,2010-06-12,Football Park,Port Adelaide,Sydney,Sydney,Kieren Jack,11,5,5,1,1,0,11
2010,12,2010-06-12,Football Park,Port Adelaide,Sydney,Sydney,Josh Kennedy,7,2,8,2,0,0,8
2010,12,2010-06-12,Football Park,Port Adelaide,Sydney,Sydney,Tadhg Kennelly,11,5,5,0,0,0,0
2010,12,2010-06-12,Football Park,Port Adelaide,Sydney,Sydney,Brett Kirk,13,8,9,1,0,0,3
2010,12,2010-06-12,Football Park,Port Adelaide,Sydney,Sydney,Nick Malceski,25,12,10,1,1,0,2
2010,12,2010-06-12,Football Park,Port Adelaide,Sydney,Sydney,Martin Mattner,11,4,9,0,0,0,1
2010,12,2010-06-12,Football Park,Port Adelaide,Sydney,Sydney,Ben McGlynn,6,6,10,1,0,0,5
2010,12,2010-06-12,Football Park,Port Adelaide,Sydney,Sydney,Jarrad McVeigh,12,1,9,1,0,0,3
2010,12,2010-06-12,Football Park,Port Adelaide,Sydney,Sydney,Shane Mumford,6,1,2,0,0,26,8
2010,12,2010-06-12,Football Park,Port Adelaide,Sydney,Sydney,Ryan OKeefe,20,9,8,0,0,0,4
2010,12,2010-06-12,Football Park,Port Adelaide,Sydney,Sydney,Mike Pyke,4,4,3,0,0,15,0
2010,12,2010-06-12,Football Park,Port Adelaide,Sydney,Sydney,Lewis Roberts-Thomson,11,7,7,0,0,0,3
2010,12,2010-06-12,Football Park,Port Adelaide,Sydney,Sydney,Gary Rohan,6,3,3,0,0,0,0
2010,12,2010-06-12,Football Park,Port Adelaide,Sydney,Sydney,Nick Smith,8,4,5,0,0,0,4
2010,12,2010-06-12,Football Park,Port Adelaide,Sydney,Sydney,Patrick Veszpremi,11,9,3,0,0,0,1
2010,12,2010-06-12,Football Park,Port Adelaide,Sydney,Sydney,Jesse White,3,1,3,0,1,0,1
2010,12,2010-06-13,M.C.G.,Richmond,West Coast,Richmond,David Astbury,5,1,2,0,0,0,1
2010,12,2010-06-13,M.C.G.,Richmond,West Coast,Richmond,Andrew Collins,11,6,8,1,2,0,4
2010,12,2010-06-13,M.C.G.,Richmond,West Coast,Richmond,Daniel Connors,7,4,11,0,0,0,0
2010,12,2010-06-13,M.C.G.,Richmond,West Coast,Richmond,Trent Cotchin,12,0,8,0,1,0,7
2010,12,2010-06-13,M.C.G.,Richmond,West Coast,Richmond,Ben Cousins,9,4,8,0,0,0,2
2010,12,2010-06-13,M.C.G.,Richmond,West Coast,Richmond,Brett Deledio,17,7,9,0,0,0,3
2010,12,2010-06-13,M.C.G.,Richmond,West Coast,Richmond,Shane Edwards,12,3,8,0,0,0,3
2010,12,2010-06-13,M.C.G.,Richmond,West Coast,Richmond,Mitch Farmer,8,7,7,1,0,0,1
2010,12,2010-06-13,M.C.G.,Richmond,West Coast,Richmond,Angus Graham,2,3,12,0,0,16,1
2010,12,2010-06-13,M.C.G.,Richmond,West Coast,Richmond,Ben Griffiths,1,1,2,0,0,0,1
2010,12,2010-06-13,M.C.G.,Richmond,West Coast,Richmond,Daniel Jackson,14,2,9,0,1,0,7
2010,12,2010-06-13,M.C.G.,Richmond,West Coast,Richmond,Jake King,8,2,9,0,1,0,4
2010,12,2010-06-13,M.C.G.,Richmond,West Coast,Richmond,Dustin Martin,9,0,11,2,0,0,4
2010,12,2010-06-13,M.C.G.,Richmond,West Coast,Richmond,Luke McGuane,8,7,10,0,0,0,3
2010,12,2010-06-13,M.C.G.,Richmond,West Coast,Richmond,Kelvin Moore,6,4,7,0,1,0,2
2010,12,2010-06-13,M.C.G.,Richmond,West Coast,Richmond,Ben Nason,9,5,7,3,0,0,3
2010,12,2010-06-13,M.C.G.,Richmond,West Coast,Richmond,Chris Newman,12,4,5,0,0,0,2
2010,12,2010-06-13,M.C.G.,Richmond,West Coast,Richmond,Jack Riewoldt,15,9,4,10,3,0,1
2010,12,2010-06-13,M.C.G.,Richmond,West Coast,Richmond,Richard Tambling,4,2,9,0,0,0,5
2010,12,2010-06-13,M.C.G.,Richmond,West Coast,Richmond,Shane Tuck,9,2,16,0,1,0,8
2010,12,2010-06-13,M.C.G.,Richmond,West Coast,Richmond,Ty Vickery,5,2,6,1,0,6,1
2010,12,2010-06-13,M.C.G.,Richmond,West Coast,Richmond,Matt White,13,8,3,1,2,0,3
2010,12,2010-06-13,M.C.G.,Richmond,West Coast,West Coast,Mitch Brown,7,4,6,0,0,0,3
2010,12,2010-06-13,M.C.G.,Richmond,West Coast,West Coast,Dean Cox,15,7,7,0,0,25,2
2010,12,2010-06-13,M.C.G.,Richmond,West Coast,West Coast,Bradd Dalziell,15,5,8,1,0,0,3
2010,12,2010-06-13,M.C.G.,Richmond,West Coast,West Coast,Brad Ebert,14,9,6,0,2,0,5
2010,12,2010-06-13,M.C.G.,Richmond,West Coast,West Coast,Andrew Embley,10,4,20,0,0,0,6
2010,12,2010-06-13,M.C.G.,Richmond,West Coast,West Coast,Shannon Hurn,12,2,2,0,0,0,4
2010,12,2010-06-13,M.C.G.,Richmond,West Coast,West Coast,Brett Jones,6,4,6,0,0,0,1
2010,12,2010-06-13,M.C.G.,Richmond,West Coast,West Coast,Josh Kennedy,13,9,4,2,0,1,3
2010,12,2010-06-13,M.C.G.,Richmond,West Coast,West Coast,Mark LeCras,12,5,2,3,1,0,3
2010,12,2010-06-13,M.C.G.,Richmond,West Coast,West Coast,Eric Mackenzie,4,4,7,0,0,0,0
2010,12,2010-06-13,M.C.G.,Richmond,West Coast,West Coast,Beau Maister,8,6,2,0,0,1,0
2010,12,2010-06-13,M.C.G.,Richmond,West Coast,West Coast,Patrick McGinnity,9,2,5,0,0,0,6
2010,12,2010-06-13,M.C.G.,Richmond,West Coast,West Coast,Ben McKinley,10,6,4,3,3,0,2
2010,12,2010-06-13,M.C.G.,Richmond,West Coast,West Coast,Nic Naitanui,4,0,5,0,1,13,4
2010,12,2010-06-13,M.C.G.,Richmond,West Coast,West Coast,Mark Nicoski,3,4,2,0,0,0,2
2010,12,2010-06-13,M.C.G.,Richmond,West Coast,West Coast,Matt Priddis,7,1,21,1,1,0,10
2010,12,2010-06-13,M.C.G.,Richmond,West Coast,West Coast,Matt Rosa,12,8,14,0,1,0,4
2010,12,2010-06-13,M.C.G.,Richmond,West Coast,West Coast,Will Schofield,5,3,5,0,0,0,1
2010,12,2010-06-13,M.C.G.,Richmond,West Coast,West Coast,Scott Selwood,3,2,11,0,0,0,4
2010,12,2010-06-13,M.C.G.,Richmond,West Coast,West Coast,Brad Sheppard,5,3,5,0,0,0,5
2010,12,2010-06-13,M.C.G.,Richmond,West Coast,West Coast,Lewis Stevenson,10,4,8,0,0,0,1
2010,12,2010-06-13,M.C.G.,Richmond,West Coast,West Coast,Beau Waters,15,12,12,1,0,0,3
2010,12,2010-06-13,Docklands,Western Bulldogs,Brisbane Lions,Western Bulldogs,Matthew Boyd,10,6,21,0,0,1,6
2010,12,2010-06-13,Docklands,Western Bulldogs,Brisbane Lions,Western Bulldogs,Adam Cooney,14,4,16,0,0,0,7
2010,12,2010-06-13,Docklands,Western Bulldogs,Brisbane Lions,Western Bulldogs,Daniel Cross,9,4,22,0,0,0,3
2010,12,2010-06-13,Docklands,Western Bulldogs,Brisbane Lions,Western Bulldogs,Nathan Eagleton,10,4,5,1,1,0,6
2010,12,2010-06-13,Docklands,Western Bulldogs,Brisbane Lions,Western Bulldogs,Daniel Giansiracusa,14,7,8,3,3,0,1
2010,12,2010-06-13,Docklands,Western Bulldogs,Brisbane Lions,Western Bulldogs,Lindsay Gilbee,14,4,8,1,2,0,2
2010,12,2010-06-13,Docklands,Western Bulldogs,Brisbane Lions,Western Bulldogs,Jarrad Grant,8,6,7,1,2,0,2
2010,12,2010-06-13,Docklands,Western Bulldogs,Brisbane Lions,Western Bulldogs,Ryan Griffen,17,6,11,0,1,2,5
2010,12,2010-06-13,Docklands,Western Bulldogs,Brisbane Lions,Western Bulldogs,Mitch Hahn,12,9,9,0,3,0,5
2010,12,2010-06-13,Docklands,Western Bulldogs,Brisbane Lions,Western Bulldogs,Barry Hall,16,14,1,6,1,1,1
2010,12,2010-06-13,Docklands,Western Bulldogs,Brisbane Lions,Western Bulldogs,Jarrod Harbrow,15,3,9,0,0,0,2
2010,12,2010-06-13,Docklands,Western Bulldogs,Brisbane Lions,Western Bulldogs,Josh Hill,7,8,6,1,1,0,3
2010,12,2010-06-13,Docklands,Western Bulldogs,Brisbane Lions,Western Bulldogs,Ben Hudson,6,3,15,0,1,17,1
2010,12,2010-06-13,Docklands,Western Bulldogs,Brisbane Lions,Western Bulldogs,Brian Lake,13,9,9,0,0,0,2
2010,12,2010-06-13,Docklands,Western Bulldogs,Brisbane Lions,Western Bulldogs,Will Minson,10,4,7,2,0,13,0
2010,12,2010-06-13,Docklands,Western Bulldogs,Brisbane Lions,Western Bulldogs,Brodie Moles,6,1,8,0,0,0,3
2010,12,2010-06-13,Docklands,Western Bulldogs,Brisbane Lions,Western Bulldogs,Dale Morris,4,6,9,0,0,0,3
2010,12,2010-06-13,Docklands,Western Bulldogs,Brisbane Lions,Western Bulldogs,Robert Murphy,16,6,9,0,0,0,1
2010,12,2010-06-13,Docklands,Western Bulldogs,Brisbane Lions,Western Bulldogs,Liam Picken,6,2,9,0,0,0,2
2010,12,2010-06-13,Docklands,Western Bulldogs,Brisbane Lions,Western Bulldogs,Brennan Stack,6,3,6,2,0,0,2
2010,12,2010-06-13,Docklands,Western Bulldogs,Brisbane Lions,Western Bulldogs,Tom Williams,1,1,1,0,0,0,1
2010,12,2010-06-13,Docklands,Western Bulldogs,Brisbane Lions,Western Bulldogs,Easton Wood,7,4,9,0,1,0,5
2010,12,2010-06-13,Docklands,Western Bulldogs,Brisbane Lions,Brisbane Lions,Todd Banfield,11,5,5,0,1,0,0
2010,12,2010-06-13,Docklands,Western Bulldogs,Brisbane Lions,Brisbane Lions,Simon Black,13,5,15,0,0,0,4
2010,12,2010-06-13,Docklands,Western Bulldogs,Brisbane Lions,Brisbane Lions,Jared Brennan,11,7,5,0,0,3,5
2010,12,2010-06-13,Docklands,Western Bulldogs,Brisbane Lions,Brisbane Lions,Amon Buchanan,7,8,6,3,0,0,2
2010,12,2010-06-13,Docklands,Western Bulldogs,Brisbane Lions,Brisbane Lions,Mitch Clark,9,8,5,0,2,4,4
2010,12,2010-06-13,Docklands,Western Bulldogs,Brisbane Lions,Brisbane Lions,Tom Collier,10,5,6,0,0,0,1
2010,12,2010-06-13,Docklands,Western Bulldogs,Brisbane Lions,Brisbane Lions,Brendan Fevola,5,3,1,2,0,0,1
2010,12,2010-06-13,Docklands,Western Bulldogs,Brisbane Lions,Brisbane Lions,James Hawksley,13,4,5,0,0,0,4
2010,12,2010-06-13,Docklands,Western Bulldogs,Brisbane Lions,Brisbane Lions,Travis Johnstone,6,2,7,0,0,0,4
2010,12,2010-06-13,Docklands,Western Bulldogs,Brisbane Lions,Brisbane Lions,Matthew Leuenberger,5,5,7,0,0,16,3
2010,12,2010-06-13,Docklands,Western Bulldogs,Brisbane Lions,Brisbane Lions,Daniel Merrett,5,5,4,0,0,0,1
2010,12,2010-06-13,Docklands,Western Bulldogs,Brisbane Lions,Brisbane Lions,Joel Patfull,6,3,5,0,0,0,3
2010,12,2010-06-13,Docklands,Western Bulldogs,Brisbane Lions,Brisbane Lions,Luke Power,14,5,7,0,0,0,1
2010,12,2010-06-13,Docklands,Western Bulldogs,Brisbane Lions,Brisbane Lions,Andrew Raines,9,5,10,0,1,0,0
2010,12,2010-06-13,Docklands,Western Bulldogs,Brisbane Lions,Brisbane Lions,Jack Redden,12,10,7,1,0,0,6
2010,12,2010-06-13,Docklands,Western Bulldogs,Brisbane Lions,Brisbane Lions,Daniel Rich,13,5,9,0,1,0,9
2010,12,2010-06-13,Docklands,Western Bulldogs,Brisbane Lions,Brisbane Lions,Michael Rischitelli,16,10,10,1,0,0,5
2010,12,2010-06-13,Docklands,Western Bulldogs,Brisbane Lions,Brisbane Lions,Tom Rockliff,19,8,6,0,1,0,2
2010,12,2010-06-13,Docklands,Western Bulldogs,Brisbane Lions,Brisbane Lions,Troy Selwood,5,6,10,0,0,0,2
2010,12,2010-06-13,Docklands,Western Bulldogs,Brisbane Lions,Brisbane Lions,Sam Sheldon,6,6,6,0,0,0,2
2010,12,2010-06-13,Docklands,Western Bulldogs,Brisbane Lions,Brisbane Lions,Justin Sherman,6,0,6,0,0,0,8
2010,12,2010-06-13,Docklands,Western Bulldogs,Brisbane Lions,Brisbane Lions,Brent Staker,7,7,6,1,0,0,4
2010,12,2010-06-13,Subiaco,Fremantle,St Kilda,Fremantle,Hayden Ballantyne,14,5,5,2,3,0,2
2010,12,2010-06-13,Subiaco,Fremantle,St Kilda,Fremantle,Michael Barlow,11,7,15,1,0,1,7
2010,12,2010-06-13,Subiaco,Fremantle,St Kilda,Fremantle,Kepler Bradley,9,6,10,1,0,10,0
2010,12,2010-06-13,Subiaco,Fremantle,St Kilda,Fremantle,Zac Clarke,1,1,1,0,1,1,0
2010,12,2010-06-13,Subiaco,Fremantle,St Kilda,Fremantle,Ryan Crowley,5,1,6,0,0,0,7
2010,12,2010-06-13,Subiaco,Fremantle,St Kilda,Fremantle,Paul Duffield,19,7,3,1,0,0,2
2010,12,2010-06-13,Subiaco,Fremantle,St Kilda,Fremantle,Nat Fyfe,6,2,5,1,0,0,3
2010,12,2010-06-13,Subiaco,Fremantle,St Kilda,Fremantle,Antoni Grover,5,3,7,0,0,0,3
2010,12,2010-06-13,Subiaco,Fremantle,St Kilda,Fremantle,Paul Hasleby,6,3,7,1,0,0,1
2010,12,2010-06-13,Subiaco,Fremantle,St Kilda,Fremantle,Roger Hayden,11,3,3,0,0,0,5
2010,12,2010-06-13,Subiaco,Fremantle,St Kilda,Fremantle,Stephen Hill,5,0,8,0,0,0,6
2010,12,2010-06-13,Subiaco,Fremantle,St Kilda,Fremantle,Garrick Ibbotson,7,5,5,0,0,0,1
2010,12,2010-06-13,Subiaco,Fremantle,St Kilda,Fremantle,Adam McPhee,4,3,7,0,0,2,7
2010,12,2010-06-13,Subiaco,Fremantle,St Kilda,Fremantle,Anthony Morabito,7,2,7,2,0,0,1
2010,12,2010-06-13,Subiaco,Fremantle,St Kilda,Fremantle,David Mundy,14,5,14,0,0,0,4
2010,12,2010-06-13,Subiaco,Fremantle,St Kilda,Fremantle,Matthew Pavlich,13,6,8,1,1,0,3
2010,12,2010-06-13,Subiaco,Fremantle,St Kilda,Fremantle,Aaron Sandilands,3,5,13,0,0,42,3
2010,12,2010-06-13,Subiaco,Fremantle,St Kilda,Fremantle,Byron Schammer,6,4,9,0,1,0,1
2010,12,2010-06-13,Subiaco,Fremantle,St Kilda,Fremantle,Alex Silvagni,10,4,3,0,0,0,3
2010,12,2010-06-13,Subiaco,Fremantle,St Kilda,Fremantle,Nick Suban,8,1,4,0,0,0,3
2010,12,2010-06-13,Subiaco,Fremantle,St Kilda,Fremantle,Chris Tarrant,4,3,3,0,0,0,1
2010,12,2010-06-13,Subiaco,Fremantle,St Kilda,Fremantle,Jay van Berlo,2,0,5,0,0,0,3
2010,12,2010-06-13,Subiaco,Fremantle,St Kilda,St Kilda,Steven Baker,4,5,7,0,0,0,1
2010,12,2010-06-13,Subiaco,Fremantle,St Kilda,St Kilda,Jason Blake,10,9,2,0,0,0,0
2010,12,2010-06-13,Subiaco,Fremantle,St Kilda,St Kilda,Raphael Clarke,2,2,2,0,0,0,2
2010,12,2010-06-13,Subiaco,Fremantle,St Kilda,St Kilda,Nick Dal Santo,16,6,8,0,1,0,10
2010,12,2010-06-13,Subiaco,Fremantle,St Kilda,St Kilda,Robert Eddy,7,6,5,0,0,0,7
2010,12,2010-06-13,Subiaco,Fremantle,St Kilda,St Kilda,Sam Fisher,7,5,13,0,0,0,0
2010,12,2010-06-13,Subiaco,Fremantle,St Kilda,St Kilda,Michael Gardiner,7,5,2,1,0,15,1
2010,12,2010-06-13,Subiaco,Fremantle,St Kilda,St Kilda,Jarryn Geary,8,5,8,0,0,0,3
2010,12,2010-06-13,Subiaco,Fremantle,St Kilda,St Kilda,Sam Gilbert,17,9,5,1,0,0,1
2010,12,2010-06-13,Subiaco,Fremantle,St Kilda,St Kilda,Brendon Goddard,20,10,13,0,1,1,2
2010,12,2010-06-13,Subiaco,Fremantle,St Kilda,St Kilda,James Gwilt,16,7,4,0,0,0,2
2010,12,2010-06-13,Subiaco,Fremantle,St Kilda,St Kilda,Lenny Hayes,8,0,9,0,0,1,5
2010,12,2010-06-13,Subiaco,Fremantle,St Kilda,St Kilda,Clinton Jones,8,4,5,1,1,0,3
2010,12,2010-06-13,Subiaco,Fremantle,St Kilda,St Kilda,Justin Koschitzke,7,7,9,2,1,3,2
2010,12,2010-06-13,Subiaco,Fremantle,St Kilda,St Kilda,Ben McEvoy,2,2,6,0,1,8,0
2010,12,2010-06-13,Subiaco,Fremantle,St Kilda,St Kilda,Andrew McQualter,8,6,9,1,0,0,5
2010,12,2010-06-13,Subiaco,Fremantle,St Kilda,St Kilda,Stephen Milne,8,2,5,4,1,0,4
2010,12,2010-06-13,Subiaco,Fremantle,St Kilda,St Kilda,Leigh Montagna,10,1,7,0,1,0,5
2010,12,2010-06-13,Subiaco,Fremantle,St Kilda,St Kilda,Brett Peake,12,2,2,0,2,0,4
2010,12,2010-06-13,Subiaco,Fremantle,St Kilda,St Kilda,Farren Ray,14,10,7,0,0,0,7
2010,12,2010-06-13,Subiaco,Fremantle,St Kilda,St Kilda,Adam Schneider,13,12,8,2,2,0,3
2010,12,2010-06-13,Subiaco,Fremantle,St Kilda,St Kilda,Rhys Stanley,3,3,5,0,1,0,1
2010,12,2010-06-14,M.C.G.,Melbourne,Collingwood,Melbourne,Clint Bartram,11,6,7,0,0,0,3
2010,12,2010-06-14,M.C.G.,Melbourne,Collingwood,Melbourne,Matthew Bate,10,7,4,2,1,0,2
2010,12,2010-06-14,M.C.G.,Melbourne,Collingwood,Melbourne,Cameron Bruce,7,4,17,0,1,0,3
2010,12,2010-06-14,M.C.G.,Melbourne,Collingwood,Melbourne,Aaron Davey,19,3,9,0,1,0,1
2010,12,2010-06-14,M.C.G.,Melbourne,Collingwood,Melbourne,Lynden Dunn,7,4,0,1,2,0,1
2010,12,2010-06-14,M.C.G.,Melbourne,Collingwood,Melbourne,James Frawley,14,5,9,0,0,0,3
2010,12,2010-06-14,M.C.G.,Melbourne,Collingwood,Melbourne,Colin Garland,12,5,12,1,0,0,2
2010,12,2010-06-14,M.C.G.,Melbourne,Collingwood,Melbourne,Brad Green,14,12,5,0,3,0,1
2010,12,2010-06-14,M.C.G.,Melbourne,Collingwood,Melbourne,Jack Grimes,8,6,9,0,0,0,2
2010,12,2010-06-14,M.C.G.,Melbourne,Collingwood,Melbourne,Jordan Gysberts,2,2,8,0,0,0,1
2010,12,2010-06-14,M.C.G.,Melbourne,Collingwood,Melbourne,Mark Jamar,5,8,20,1,1,33,0
2010,12,2010-06-14,M.C.G.,Melbourne,Collingwood,Melbourne,Neville Jetta,9,4,6,1,0,0,3
2010,12,2010-06-14,M.C.G.,Melbourne,Collingwood,Melbourne,Nathan Jones,12,1,9,1,0,0,5
2010,12,2010-06-14,M.C.G.,Melbourne,Collingwood,Melbourne,Jordie McKenzie,3,2,9,0,0,0,3
2010,12,2010-06-14,M.C.G.,Melbourne,Collingwood,Melbourne,Brad Miller,6,5,8,2,0,2,0
2010,12,2010-06-14,M.C.G.,Melbourne,Collingwood,Melbourne,Brent Moloney,17,8,21,0,0,0,7
2010,12,2010-06-14,M.C.G.,Melbourne,Collingwood,Melbourne,Cale Morton,15,9,10,1,0,1,0
2010,12,2010-06-14,M.C.G.,Melbourne,Collingwood,Melbourne,Jared Rivers,5,5,9,0,0,0,2
2010,12,2010-06-14,M.C.G.,Melbourne,Collingwood,Melbourne,Tom Scully,10,6,13,0,0,0,4
2010,12,2010-06-14,M.C.G.,Melbourne,Collingwood,Melbourne,Jack Trengove,7,3,9,0,0,0,3
2010,12,2010-06-14,M.C.G.,Melbourne,Collingwood,Melbourne,Matthew Warnock,4,3,7,0,0,0,2
2010,12,2010-06-14,M.C.G.,Melbourne,Collingwood,Melbourne,Jack Watts,7,6,4,1,0,1,0
2010,12,2010-06-14,M.C.G.,Melbourne,Collingwood,Collingwood,Jaxson Barham,4,1,2,0,1,0,4
2010,12,2010-06-14,M.C.G.,Melbourne,Collingwood,Collingwood,Dayne Beams,14,4,10,0,2,0,5
2010,12,2010-06-14,M.C.G.,Melbourne,Collingwood,Collingwood,Leigh Brown,6,3,2,0,0,0,5
2010,12,2010-06-14,M.C.G.,Melbourne,Collingwood,Collingwood,Travis Cloke,9,9,7,1,2,0,4
2010,12,2010-06-14,M.C.G.,Melbourne,Collingwood,Collingwood,Leon Davis,5,2,4,1,2,0,4
2010,12,2010-06-14,M.C.G.,Melbourne,Collingwood,Collingwood,Brad Dick,8,0,4,4,1,0,8
2010,12,2010-06-14,M.C.G.,Melbourne,Collingwood,Collingwood,Josh Fraser,6,4,2,0,1,4,3
2010,12,2010-06-14,M.C.G.,Melbourne,Collingwood,Collingwood,Darren Jolly,7,5,2,1,1,18,2
2010,12,2010-06-14,M.C.G.,Melbourne,Collingwood,Collingwood,Tarkyn Lockyer,13,8,9,1,0,0,7
2010,12,2010-06-14,M.C.G.,Melbourne,Collingwood,Collingwood,Heritier Lumumba,10,8,7,0,1,0,4
2010,12,2010-06-14,M.C.G.,Melbourne,Collingwood,Collingwood,Brent Macaffer,7,4,5,0,0,0,7
2010,12,2010-06-14,M.C.G.,Melbourne,Collingwood,Collingwood,Nick Maxwell,4,3,4,0,0,0,2
2010,12,2010-06-14,M.C.G.,Melbourne,Collingwood,Collingwood,Paul Medhurst,5,3,7,0,0,0,6
2010,12,2010-06-14,M.C.G.,Melbourne,Collingwood,Collingwood,Scott Pendlebury,16,9,11,0,1,0,9
2010,12,2010-06-14,M.C.G.,Melbourne,Collingwood,Collingwood,Simon Prestigiacomo,2,1,6,0,0,0,0
2010,12,2010-06-14,M.C.G.,Melbourne,Collingwood,Collingwood,Ben Reid,18,9,4,0,0,0,1
2010,12,2010-06-14,M.C.G.,Melbourne,Collingwood,Collingwood,Heath Shaw,10,4,2,0,0,0,2
2010,12,2010-06-14,M.C.G.,Melbourne,Collingwood,Collingwood,Steele Sidebottom,14,7,9,1,2,0,6
2010,12,2010-06-14,M.C.G.,Melbourne,Collingwood,Collingwood,Dane Swan,21,7,17,0,3,0,7
2010,12,2010-06-14,M.C.G.,Melbourne,Collingwood,Collingwood,Dale Thomas,16,3,7,0,0,0,2
2010,12,2010-06-14,M.C.G.,Melbourne,Collingwood,Collingwood,Alan Toovey,8,4,6,0,0,0,1
2010,12,2010-06-14,M.C.G.,Melbourne,Collingwood,Collingwood,Sharrod Wellingham,11,5,6,0,1,0,2
2010,13,2010-06-18,M.C.G.,Hawthorn,Essendon,Hawthorn,Chance Bateman,5,2,1,0,0,0,3
2010,13,2010-06-18,M.C.G.,Hawthorn,Essendon,Hawthorn,Grant Birchall,11,2,3,0,0,0,5
2010,13,2010-06-18,M.C.G.,Hawthorn,Essendon,Hawthorn,Shaun Burgoyne,12,4,8,1,1,0,4
2010,13,2010-06-18,M.C.G.,Hawthorn,Essendon,Hawthorn,Xavier Ellis,9,1,8,0,1,0,5
2010,13,2010-06-18,M.C.G.,Hawthorn,Essendon,Hawthorn,Lance Franklin,17,10,9,5,4,0,1
2010,13,2010-06-18,M.C.G.,Hawthorn,Essendon,Hawthorn,Stephen Gilham,1,1,0,0,0,0,4
2010,13,2010-06-18,M.C.G.,Hawthorn,Essendon,Hawthorn,Brent Guerra,10,2,7,0,0,0,0
2010,13,2010-06-18,M.C.G.,Hawthorn,Essendon,Hawthorn,Luke Hodge,7,3,5,0,0,0,5
2010,13,2010-06-18,M.C.G.,Hawthorn,Essendon,Hawthorn,Rick Ladson,6,1,5,0,0,0,7
2010,13,2010-06-18,M.C.G.,Hawthorn,Essendon,Hawthorn,Jordan Lewis,11,4,14,1,0,0,2
2010,13,2010-06-18,M.C.G.,Hawthorn,Essendon,Hawthorn,Sam Mitchell,18,3,10,0,2,0,4
2010,13,2010-06-18,M.C.G.,Hawthorn,Essendon,Hawthorn,Tom Murphy,7,4,8,0,0,0,3
2010,13,2010-06-18,M.C.G.,Hawthorn,Essendon,Hawthorn,Beau Muston,6,2,0,3,0,0,2
2010,13,2010-06-18,M.C.G.,Hawthorn,Essendon,Hawthorn,Michael Osborne,17,9,7,1,2,2,2
2010,13,2010-06-18,M.C.G.,Hawthorn,Essendon,Hawthorn,Brent Renouf,6,5,4,0,1,14,1
2010,13,2010-06-18,M.C.G.,Hawthorn,Essendon,Hawthorn,Cyril Rioli,12,2,6,1,1,0,6
2010,13,2010-06-18,M.C.G.,Hawthorn,Essendon,Hawthorn,Jarryd Roughead,7,4,5,0,3,0,3
2010,13,2010-06-18,M.C.G.,Hawthorn,Essendon,Hawthorn,Ryan Schoenmakers,4,1,5,0,0,0,4
2010,13,2010-06-18,M.C.G.,Hawthorn,Essendon,Hawthorn,Brad Sewell,9,4,6,0,0,0,4
2010,13,2010-06-18,M.C.G.,Hawthorn,Essendon,Hawthorn,Wayde Skipper,7,4,9,0,1,10,5
2010,13,2010-06-18,M.C.G.,Hawthorn,Essendon,Hawthorn,Ben Stratton,4,0,5,0,0,0,2
2010,13,2010-06-18,M.C.G.,Hawthorn,Essendon,Hawthorn,Clinton Young,10,5,4,2,0,0,5
2010,13,2010-06-18,M.C.G.,Hawthorn,Essendon,Essendon,Jarrod Atkinson,8,1,8,0,0,0,5
2010,13,2010-06-18,M.C.G.,Hawthorn,Essendon,Essendon,Tom Bellchambers,5,6,4,1,0,12,3
2010,13,2010-06-18,M.C.G.,Hawthorn,Essendon,Essendon,Alwyn Davey,10,4,4,3,2,0,10
2010,13,2010-06-18,M.C.G.,Hawthorn,Essendon,Essendon,Dustin Fletcher,11,2,7,0,0,0,1
2010,13,2010-06-18,M.C.G.,Hawthorn,Essendon,Essendon,Scott Gumbleton,6,4,1,1,0,0,3
2010,13,2010-06-18,M.C.G.,Hawthorn,Essendon,Essendon,Heath Hocking,6,3,11,0,0,0,5
2010,13,2010-06-18,M.C.G.,Hawthorn,Essendon,Essendon,Cale Hooker,5,4,11,0,0,0,2
2010,13,2010-06-18,M.C.G.,Hawthorn,Essendon,Essendon,Michael Hurley,9,3,6,0,0,0,0
2010,13,2010-06-18,M.C.G.,Hawthorn,Essendon,Essendon,Leroy Jetta,7,2,7,0,1,0,5
2010,13,2010-06-18,M.C.G.,Hawthorn,Essendon,Essendon,Sam Lonergan,5,2,7,2,0,0,3
2010,13,2010-06-18,M.C.G.,Hawthorn,Essendon,Essendon,Nathan Lovett-Murray,8,2,15,1,0,0,3
2010,13,2010-06-18,M.C.G.,Hawthorn,Essendon,Essendon,Mark McVeigh,14,7,6,1,2,0,2
2010,13,2010-06-18,M.C.G.,Hawthorn,Essendon,Essendon,Jake Melksham,13,5,9,0,0,0,2
2010,13,2010-06-18,M.C.G.,Hawthorn,Essendon,Essendon,Tayte Pears,8,7,7,0,0,0,4
2010,13,2010-06-18,M.C.G.,Hawthorn,Essendon,Essendon,Brent Prismall,18,4,9,0,1,0,3
2010,13,2010-06-18,M.C.G.,Hawthorn,Essendon,Essendon,Paddy Ryder,11,3,0,1,0,33,4
2010,13,2010-06-18,M.C.G.,Hawthorn,Essendon,Essendon,Henry Slattery,5,4,8,0,0,0,3
2010,13,2010-06-18,M.C.G.,Hawthorn,Essendon,Essendon,Brent Stanton,5,5,11,0,0,0,5
2010,13,2010-06-18,M.C.G.,Hawthorn,Essendon,Essendon,Jobe Watson,13,5,20,1,0,0,4
2010,13,2010-06-18,M.C.G.,Hawthorn,Essendon,Essendon,Andrew Welsh,5,1,6,0,0,0,5
2010,13,2010-06-18,M.C.G.,Hawthorn,Essendon,Essendon,Jason Winderlich,15,6,20,1,0,0,1
2010,13,2010-06-18,M.C.G.,Hawthorn,Essendon,Essendon,David Zaharakis,8,6,9,1,0,0,1
2010,13,2010-06-19,Docklands,Carlton,Fremantle,Carlton,Dennis Armfield,5,3,11,0,0,0,6
2010,13,2010-06-19,Docklands,Carlton,Fremantle,Carlton,Eddie Betts,12,5,7,4,2,0,7
2010,13,2010-06-19,Docklands,Carlton,Fremantle,Carlton,Paul Bower,6,5,10,0,0,0,3
2010,13,2010-06-19,Docklands,Carlton,Fremantle,Carlton,Andrew Carrazzo,15,5,11,0,0,0,2
2010,13,2010-06-19,Docklands,Carlton,Fremantle,Carlton,Jeff Garlett,9,3,4,2,1,0,8
2010,13,2010-06-19,Docklands,Carlton,Fremantle,Carlton,Bryce Gibbs,15,6,9,0,3,0,6
2010,13,2010-06-19,Docklands,Carlton,Fremantle,Carlton,Richard Hadley,9,4,12,0,0,1,4
2010,13,2010-06-19,Docklands,Carlton,Fremantle,Carlton,Lachie Henderson,9,6,4,2,0,0,2
2010,13,2010-06-19,Docklands,Carlton,Fremantle,Carlton,Ryan Houlihan,12,4,11,0,1,0,0
2010,13,2010-06-19,Docklands,Carlton,Fremantle,Carlton,Sam Jacobs,2,3,7,0,0,20,5
2010,13,2010-06-19,Docklands,Carlton,Fremantle,Carlton,Michael Jamison,3,2,1,0,0,0,1
2010,13,2010-06-19,Docklands,Carlton,Fremantle,Carlton,Aaron Joseph,9,4,6,0,0,0,2
2010,13,2010-06-19,Docklands,Carlton,Fremantle,Carlton,Chris Judd,13,3,17,0,0,0,1
2010,13,2010-06-19,Docklands,Carlton,Fremantle,Carlton,Matthew Kreuzer,0,0,1,0,0,3,0
2010,13,2010-06-19,Docklands,Carlton,Fremantle,Carlton,Kane Lucas,7,6,9,0,0,1,1
2010,13,2010-06-19,Docklands,Carlton,Fremantle,Carlton,Jordan Russell,12,5,12,0,0,0,3
2010,13,2010-06-19,Docklands,Carlton,Fremantle,Carlton,Heath Scotland,11,2,9,0,0,0,1
2010,13,2010-06-19,Docklands,Carlton,Fremantle,Carlton,Kade Simpson,17,4,7,0,1,0,5
2010,13,2010-06-19,Docklands,Carlton,Fremantle,Carlton,Bret Thornton,8,8,5,2,0,3,1
2010,13,2010-06-19,Docklands,Carlton,Fremantle,Carlton,Jarrad Waite,10,7,2,2,3,0,7
2010,13,2010-06-19,Docklands,Carlton,Fremantle,Carlton,Andrew Walker,17,12,10,0,0,0,3
2010,13,2010-06-19,Docklands,Carlton,Fremantle,Carlton,Chris Yarran,9,6,6,0,1,0,9
2010,13,2010-06-19,Docklands,Carlton,Fremantle,Fremantle,Hayden Ballantyne,10,3,3,2,0,0,4
2010,13,2010-06-19,Docklands,Carlton,Fremantle,Fremantle,Michael Barlow,14,4,16,4,1,0,2
2010,13,2010-06-19,Docklands,Carlton,Fremantle,Fremantle,Kepler Bradley,6,4,8,1,0,10,0
2010,13,2010-06-19,Docklands,Carlton,Fremantle,Fremantle,Ryan Crowley,3,1,4,2,0,0,2
2010,13,2010-06-19,Docklands,Carlton,Fremantle,Fremantle,Matt de Boer,3,2,5,0,0,0,7
2010,13,2010-06-19,Docklands,Carlton,Fremantle,Fremantle,Paul Duffield,16,6,4,0,0,0,2
2010,13,2010-06-19,Docklands,Carlton,Fremantle,Fremantle,Nat Fyfe,12,4,3,1,2,0,3
2010,13,2010-06-19,Docklands,Carlton,Fremantle,Fremantle,Antoni Grover,9,6,4,0,0,0,3
2010,13,2010-06-19,Docklands,Carlton,Fremantle,Fremantle,Paul Hasleby,7,8,14,1,2,0,1
2010,13,2010-06-19,Docklands,Carlton,Fremantle,Fremantle,Roger Hayden,9,6,5,0,0,0,2
2010,13,2010-06-19,Docklands,Carlton,Fremantle,Fremantle,Stephen Hill,7,2,9,0,1,0,3
2010,13,2010-06-19,Docklands,Carlton,Fremantle,Fremantle,Garrick Ibbotson,14,5,9,0,0,0,1
2010,13,2010-06-19,Docklands,Carlton,Fremantle,Fremantle,Adam McPhee,5,2,4,0,0,0,12
2010,13,2010-06-19,Docklands,Carlton,Fremantle,Fremantle,Anthony Morabito,5,0,4,1,1,0,5
2010,13,2010-06-19,Docklands,Carlton,Fremantle,Fremantle,David Mundy,12,6,7,1,2,0,5
2010,13,2010-06-19,Docklands,Carlton,Fremantle,Fremantle,Rhys Palmer,5,2,11,0,0,0,5
2010,13,2010-06-19,Docklands,Carlton,Fremantle,Fremantle,Matthew Pavlich,12,1,9,0,0,0,4
2010,13,2010-06-19,Docklands,Carlton,Fremantle,Fremantle,Dylan Roberton,10,6,6,0,0,1,2
2010,13,2010-06-19,Docklands,Carlton,Fremantle,Fremantle,Aaron Sandilands,9,6,10,1,0,49,2
2010,13,2010-06-19,Docklands,Carlton,Fremantle,Fremantle,Alex Silvagni,4,1,2,0,0,0,3
2010,13,2010-06-19,Docklands,Carlton,Fremantle,Fremantle,Chris Tarrant,6,5,8,0,0,0,2
2010,13,2010-06-19,Docklands,Carlton,Fremantle,Fremantle,Jay van Berlo,2,0,6,0,0,0,2
2010,13,2010-06-19,Gabba,Brisbane Lions,Richmond,Brisbane Lions,Todd Banfield,11,6,6,2,1,0,4
2010,13,2010-06-19,Gabba,Brisbane Lions,Richmond,Brisbane Lions,Jared Brennan,12,6,5,0,1,2,7
2010,13,2010-06-19,Gabba,Brisbane Lions,Richmond,Brisbane Lions,Amon Buchanan,5,4,6,0,1,0,2
2010,13,2010-06-19,Gabba,Brisbane Lions,Richmond,Brisbane Lions,Mitch Clark,8,4,10,0,0,12,2
2010,13,2010-06-19,Gabba,Brisbane Lions,Richmond,Brisbane Lions,Tom Collier,7,6,11,0,0,0,1
2010,13,2010-06-19,Gabba,Brisbane Lions,Richmond,Brisbane Lions,Aaron Cornelius,7,6,3,3,1,0,0
2010,13,2010-06-19,Gabba,Brisbane Lions,Richmond,Brisbane Lions,Brendan Fevola,6,4,1,1,1,0,1
2010,13,2010-06-19,Gabba,Brisbane Lions,Richmond,Brisbane Lions,James Hawksley,8,6,5,0,0,0,5
2010,13,2010-06-19,Gabba,Brisbane Lions,Richmond,Brisbane Lions,Travis Johnstone,18,6,11,0,0,0,3
2010,13,2010-06-19,Gabba,Brisbane Lions,Richmond,Brisbane Lions,Matthew Leuenberger,2,2,8,0,1,15,0
2010,13,2010-06-19,Gabba,Brisbane Lions,Richmond,Brisbane Lions,Daniel Merrett,6,6,6,0,0,0,1
2010,13,2010-06-19,Gabba,Brisbane Lions,Richmond,Brisbane Lions,Joel Patfull,8,3,6,0,0,0,1
2010,13,2010-06-19,Gabba,Brisbane Lions,Richmond,Brisbane Lions,Luke Power,13,1,9,0,0,0,6
2010,13,2010-06-19,Gabba,Brisbane Lions,Richmond,Brisbane Lions,Andrew Raines,7,3,15,0,0,0,2
2010,13,2010-06-19,Gabba,Brisbane Lions,Richmond,Brisbane Lions,Jack Redden,11,9,14,1,0,0,8
2010,13,2010-06-19,Gabba,Brisbane Lions,Richmond,Brisbane Lions,Daniel Rich,10,4,10,0,1,0,4
2010,13,2010-06-19,Gabba,Brisbane Lions,Richmond,Brisbane Lions,Michael Rischitelli,11,3,12,0,0,1,7
2010,13,2010-06-19,Gabba,Brisbane Lions,Richmond,Brisbane Lions,Tom Rockliff,12,6,14,1,1,0,2
2010,13,2010-06-19,Gabba,Brisbane Lions,Richmond,Brisbane Lions,Troy Selwood,3,2,4,0,0,0,2
2010,13,2010-06-19,Gabba,Brisbane Lions,Richmond,Brisbane Lions,Sam Sheldon,4,2,8,0,0,0,4
2010,13,2010-06-19,Gabba,Brisbane Lions,Richmond,Brisbane Lions,Justin Sherman,8,1,2,1,0,0,6
2010,13,2010-06-19,Gabba,Brisbane Lions,Richmond,Brisbane Lions,Brent Staker,11,8,6,3,1,3,2
2010,13,2010-06-19,Gabba,Brisbane Lions,Richmond,Richmond,David Astbury,8,2,7,0,1,0,2
2010,13,2010-06-19,Gabba,Brisbane Lions,Richmond,Richmond,Andrew Collins,8,5,6,3,1,0,3
2010,13,2010-06-19,Gabba,Brisbane Lions,Richmond,Richmond,Daniel Connors,15,7,8,0,0,0,3
2010,13,2010-06-19,Gabba,Brisbane Lions,Richmond,Richmond,Trent Cotchin,8,1,10,0,0,0,0
2010,13,2010-06-19,Gabba,Brisbane Lions,Richmond,Richmond,Ben Cousins,13,5,14,1,1,0,2
2010,13,2010-06-19,Gabba,Brisbane Lions,Richmond,Richmond,Brett Deledio,17,5,16,0,0,0,0
2010,13,2010-06-19,Gabba,Brisbane Lions,Richmond,Richmond,Shane Edwards,11,3,4,2,0,0,1
2010,13,2010-06-19,Gabba,Brisbane Lions,Richmond,Richmond,Mitch Farmer,5,1,3,1,0,0,3
2010,13,2010-06-19,Gabba,Brisbane Lions,Richmond,Richmond,Angus Graham,7,12,16,0,1,13,1
2010,13,2010-06-19,Gabba,Brisbane Lions,Richmond,Richmond,Ben Griffiths,1,1,3,1,0,0,0
2010,13,2010-06-19,Gabba,Brisbane Lions,Richmond,Richmond,Daniel Jackson,8,4,9,0,0,1,7
2010,13,2010-06-19,Gabba,Brisbane Lions,Richmond,Richmond,Jake King,6,3,6,0,1,0,3
2010,13,2010-06-19,Gabba,Brisbane Lions,Richmond,Richmond,Dustin Martin,9,4,17,1,0,0,2
2010,13,2010-06-19,Gabba,Brisbane Lions,Richmond,Richmond,Luke McGuane,1,3,4,0,0,0,0
2010,13,2010-06-19,Gabba,Brisbane Lions,Richmond,Richmond,Ben Nason,8,3,5,0,1,0,4
2010,13,2010-06-19,Gabba,Brisbane Lions,Richmond,Richmond,Chris Newman,22,6,1,0,0,0,2
2010,13,2010-06-19,Gabba,Brisbane Lions,Richmond,Richmond,Jack Riewoldt,11,9,2,3,2,0,1
2010,13,2010-06-19,Gabba,Brisbane Lions,Richmond,Richmond,Richard Tambling,6,2,9,0,0,0,2
2010,13,2010-06-19,Gabba,Brisbane Lions,Richmond,Richmond,Will Thursfield,0,0,10,0,0,0,2
2010,13,2010-06-19,Gabba,Brisbane Lions,Richmond,Richmond,Shane Tuck,14,5,15,0,0,0,3
2010,13,2010-06-19,Gabba,Brisbane Lions,Richmond,Richmond,Ty Vickery,4,4,4,1,2,10,1
2010,13,2010-06-19,Gabba,Brisbane Lions,Richmond,Richmond,Matt White,13,8,2,2,0,0,3
2010,13,2010-06-20,Docklands,North Melbourne,Port Adelaide,North Melbourne,Ryan Bastinac,9,0,10,1,1,0,1
2010,13,2010-06-20,Docklands,North Melbourne,Port Adelaide,North Melbourne,Matt Campbell,7,4,6,2,0,0,3
2010,13,2010-06-20,Docklands,North Melbourne,Port Adelaide,North Melbourne,Ben Cunnington,3,0,7,0,0,0,1
2010,13,2010-06-20,Docklands,North Melbourne,Port Adelaide,North Melbourne,Michael Firrito,10,5,10,0,0,0,1
2010,13,2010-06-20,Docklands,North Melbourne,Port Adelaide,North Melbourne,Cruize Garlett,7,3,17,1,0,0,5
2010,13,2010-06-20,Docklands,North Melbourne,Port Adelaide,North Melbourne,Todd Goldstein,8,7,2,1,3,9,3
2010,13,2010-06-20,Docklands,North Melbourne,Port Adelaide,North Melbourne,Levi Greenwood,9,4,14,0,0,0,5
2010,13,2010-06-20,Docklands,North Melbourne,Port Adelaide,North Melbourne,Nathan Grima,10,6,9,0,0,0,1
2010,13,2010-06-20,Docklands,North Melbourne,Port Adelaide,North Melbourne,Lachlan Hansen,12,8,5,5,1,0,3
2010,13,2010-06-20,Docklands,North Melbourne,Port Adelaide,North Melbourne,Brent Harvey,17,4,15,2,0,0,4
2010,13,2010-06-20,Docklands,North Melbourne,Port Adelaide,North Melbourne,Ed Lower,4,4,9,0,2,0,5
2010,13,2010-06-20,Docklands,North Melbourne,Port Adelaide,North Melbourne,Hamish McIntosh,6,4,7,2,1,23,3
2010,13,2010-06-20,Docklands,North Melbourne,Port Adelaide,North Melbourne,Daniel Pratt,17,4,10,0,0,0,3
2010,13,2010-06-20,Docklands,North Melbourne,Port Adelaide,North Melbourne,Brady Rawlings,9,7,20,0,0,0,2
2010,13,2010-06-20,Docklands,North Melbourne,Port Adelaide,North Melbourne,Andrew Swallow,11,3,10,1,0,0,8
2010,13,2010-06-20,Docklands,North Melbourne,Port Adelaide,North Melbourne,Lindsay Thomas,6,3,3,1,3,0,0
2010,13,2010-06-20,Docklands,North Melbourne,Port Adelaide,North Melbourne,Scott Thompson,11,6,5,0,0,0,5
2010,13,2010-06-20,Docklands,North Melbourne,Port Adelaide,North Melbourne,Gavin Urquhart,6,2,8,0,1,0,1
2010,13,2010-06-20,Docklands,North Melbourne,Port Adelaide,North Melbourne,Ben Warren,11,7,5,2,1,0,3
2010,13,2010-06-20,Docklands,North Melbourne,Port Adelaide,North Melbourne,Daniel Wells,7,6,8,0,0,0,0
2010,13,2010-06-20,Docklands,North Melbourne,Port Adelaide,North Melbourne,Sam Wright,10,5,5,1,0,0,1
2010,13,2010-06-20,Docklands,North Melbourne,Port Adelaide,North Melbourne,Jack Ziebell,9,3,9,0,0,0,2
2010,13,2010-06-20,Docklands,North Melbourne,Port Adelaide,Port Adelaide,Mitchell Banner,8,3,7,0,0,0,2
2010,13,2010-06-20,Docklands,North Melbourne,Port Adelaide,Port Adelaide,Travis Boak,8,3,14,0,1,0,2
2010,13,2010-06-20,Docklands,North Melbourne,Port Adelaide,Port Adelaide,Dean Brogan,6,3,8,0,0,26,3
2010,13,2010-06-20,Docklands,North Melbourne,Port Adelaide,Port Adelaide,Alipate Carlile,11,11,7,0,0,0,0
2010,13,2010-06-20,Docklands,North Melbourne,Port Adelaide,Port Adelaide,Josh Carr,7,1,11,0,1,1,2
2010,13,2010-06-20,Docklands,North Melbourne,Port Adelaide,Port Adelaide,Domenic Cassisi,4,0,17,0,0,0,10
2010,13,2010-06-20,Docklands,North Melbourne,Port Adelaide,Port Adelaide,Chad Cornes,15,9,6,0,0,0,0
2010,13,2010-06-20,Docklands,North Melbourne,Port Adelaide,Port Adelaide,Kane Cornes,15,9,11,0,0,0,2
2010,13,2010-06-20,Docklands,North Melbourne,Port Adelaide,Port Adelaide,Jason Davenport,7,5,11,0,0,1,1
2010,13,2010-06-20,Docklands,North Melbourne,Port Adelaide,Port Adelaide,Cameron Hitchcock,6,3,3,3,0,0,0
2010,13,2010-06-20,Docklands,North Melbourne,Port Adelaide,Port Adelaide,Tom Logan,10,7,11,0,0,0,3
2010,13,2010-06-20,Docklands,North Melbourne,Port Adelaide,Port Adelaide,Danny Meyer,8,4,2,1,0,0,5
2010,13,2010-06-20,Docklands,North Melbourne,Port Adelaide,Port Adelaide,Daniel Motlop,10,4,4,2,3,0,3
2010,13,2010-06-20,Docklands,North Melbourne,Port Adelaide,Port Adelaide,Jay Nash,12,4,8,0,0,0,1
2010,13,2010-06-20,Docklands,North Melbourne,Port Adelaide,Port Adelaide,Danyle Pearce,19,7,8,0,0,0,4
2010,13,2010-06-20,Docklands,North Melbourne,Port Adelaide,Port Adelaide,David Rodan,9,1,8,1,0,0,4
2010,13,2010-06-20,Docklands,North Melbourne,Port Adelaide,Port Adelaide,Jay Schulz,11,9,2,7,1,0,4
2010,13,2010-06-20,Docklands,North Melbourne,Port Adelaide,Port Adelaide,Daniel Stewart,6,6,4,0,1,0,0
2010,13,2010-06-20,Docklands,North Melbourne,Port Adelaide,Port Adelaide,Paul Stewart,8,3,7,0,0,0,2
2010,13,2010-06-20,Docklands,North Melbourne,Port Adelaide,Port Adelaide,Jacob Surjan,14,7,3,0,0,0,2
2010,13,2010-06-20,Docklands,North Melbourne,Port Adelaide,Port Adelaide,Matt Thomas,7,4,12,0,1,0,7
2010,13,2010-06-20,Docklands,North Melbourne,Port Adelaide,Port Adelaide,Jackson Trengove,1,2,6,0,0,4,4
2010,13,2010-06-20,Subiaco,West Coast,Western Bulldogs,West Coast,Mitch Brown,5,3,11,0,0,0,2
2010,13,2010-06-20,Subiaco,West Coast,Western Bulldogs,West Coast,Dean Cox,9,7,9,0,0,11,0
2010,13,2010-06-20,Subiaco,West Coast,Western Bulldogs,West Coast,Bradd Dalziell,18,8,11,1,0,0,1
2010,13,2010-06-20,Subiaco,West Coast,Western Bulldogs,West Coast,Brad Ebert,10,3,8,0,0,0,3
2010,13,2010-06-20,Subiaco,West Coast,Western Bulldogs,West Coast,Andrew Embley,12,2,16,0,0,1,3
2010,13,2010-06-20,Subiaco,West Coast,Western Bulldogs,West Coast,Shannon Hurn,4,2,0,0,0,0,1
2010,13,2010-06-20,Subiaco,West Coast,Western Bulldogs,West Coast,Josh Kennedy,5,5,4,1,1,0,1
2010,13,2010-06-20,Subiaco,West Coast,Western Bulldogs,West Coast,Mark LeCras,8,4,6,3,0,0,2
2010,13,2010-06-20,Subiaco,West Coast,Western Bulldogs,West Coast,Quinten Lynch,10,7,6,1,1,0,0
2010,13,2010-06-20,Subiaco,West Coast,Western Bulldogs,West Coast,Eric Mackenzie,7,2,4,0,0,0,0
2010,13,2010-06-20,Subiaco,West Coast,Western Bulldogs,West Coast,Beau Maister,9,5,6,0,0,0,2
2010,13,2010-06-20,Subiaco,West Coast,Western Bulldogs,West Coast,Patrick McGinnity,9,4,8,0,1,0,2
2010,13,2010-06-20,Subiaco,West Coast,Western Bulldogs,West Coast,Ben McKinley,6,3,4,1,0,0,2
2010,13,2010-06-20,Subiaco,West Coast,Western Bulldogs,West Coast,Nic Naitanui,4,1,7,0,0,20,3
2010,13,2010-06-20,Subiaco,West Coast,Western Bulldogs,West Coast,Matt Priddis,5,3,14,0,0,0,5
2010,13,2010-06-20,Subiaco,West Coast,Western Bulldogs,West Coast,Matt Rosa,6,2,14,0,0,0,0
2010,13,2010-06-20,Subiaco,West Coast,Western Bulldogs,West Coast,Will Schofield,14,9,7,0,0,0,3
2010,13,2010-06-20,Subiaco,West Coast,Western Bulldogs,West Coast,Scott Selwood,14,7,9,0,0,0,6
2010,13,2010-06-20,Subiaco,West Coast,Western Bulldogs,West Coast,Brad Sheppard,15,6,10,0,1,0,2
2010,13,2010-06-20,Subiaco,West Coast,Western Bulldogs,West Coast,Koby Stevens,7,1,4,0,0,0,3
2010,13,2010-06-20,Subiaco,West Coast,Western Bulldogs,West Coast,Andrew Strijk,9,3,3,2,0,0,2
2010,13,2010-06-20,Subiaco,West Coast,Western Bulldogs,West Coast,Beau Waters,12,10,17,0,0,0,1
2010,13,2010-06-20,Subiaco,West Coast,Western Bulldogs,Western Bulldogs,Matthew Boyd,22,4,8,0,1,1,5
2010,13,2010-06-20,Subiaco,West Coast,Western Bulldogs,Western Bulldogs,Adam Cooney,10,6,12,0,1,0,0
2010,13,2010-06-20,Subiaco,West Coast,Western Bulldogs,Western Bulldogs,Daniel Cross,13,6,18,0,0,2,6
2010,13,2010-06-20,Subiaco,West Coast,Western Bulldogs,Western Bulldogs,Nathan Eagleton,15,6,4,1,1,0,2
2010,13,2010-06-20,Subiaco,West Coast,Western Bulldogs,Western Bulldogs,Daniel Giansiracusa,14,8,9,2,1,0,3
2010,13,2010-06-20,Subiaco,West Coast,Western Bulldogs,Western Bulldogs,Lindsay Gilbee,14,9,18,1,0,0,2
2010,13,2010-06-20,Subiaco,West Coast,Western Bulldogs,Western Bulldogs,Jarrad Grant,7,6,4,2,2,0,2
2010,13,2010-06-20,Subiaco,West Coast,Western Bulldogs,Western Bulldogs,Ryan Griffen,15,2,6,1,0,1,7
2010,13,2010-06-20,Subiaco,West Coast,Western Bulldogs,Western Bulldogs,Mitch Hahn,9,6,5,1,0,0,2
2010,13,2010-06-20,Subiaco,West Coast,Western Bulldogs,Western Bulldogs,Barry Hall,10,5,6,3,3,0,0
2010,13,2010-06-20,Subiaco,West Coast,Western Bulldogs,Western Bulldogs,Jarrod Harbrow,21,8,8,0,1,0,2
2010,13,2010-06-20,Subiaco,West Coast,Western Bulldogs,Western Bulldogs,Ryan Hargrave,14,8,13,0,1,0,2
2010,13,2010-06-20,Subiaco,West Coast,Western Bulldogs,Western Bulldogs,Josh Hill,4,3,9,1,0,0,5
2010,13,2010-06-20,Subiaco,West Coast,Western Bulldogs,Western Bulldogs,Ben Hudson,3,2,12,0,0,12,3
2010,13,2010-06-20,Subiaco,West Coast,Western Bulldogs,Western Bulldogs,Brad Johnson,10,5,2,2,1,0,1
2010,13,2010-06-20,Subiaco,West Coast,Western Bulldogs,Western Bulldogs,Brian Lake,16,11,8,0,1,0,1
2010,13,2010-06-20,Subiaco,West Coast,Western Bulldogs,Western Bulldogs,Will Minson,6,3,6,1,0,15,3
2010,13,2010-06-20,Subiaco,West Coast,Western Bulldogs,Western Bulldogs,Dale Morris,7,7,7,0,0,0,0
2010,13,2010-06-20,Subiaco,West Coast,Western Bulldogs,Western Bulldogs,Robert Murphy,16,6,7,0,1,0,0
2010,13,2010-06-20,Subiaco,West Coast,Western Bulldogs,Western Bulldogs,Liam Picken,7,0,11,0,1,0,4
2010,13,2010-06-20,Subiaco,West Coast,Western Bulldogs,Western Bulldogs,Brennan Stack,4,2,2,2,1,0,4
2010,13,2010-06-20,Subiaco,West Coast,Western Bulldogs,Western Bulldogs,Easton Wood,6,5,7,0,0,0,1
2010,13,2010-06-25,M.C.G.,St Kilda,Geelong,St Kilda,Steven Baker,4,3,4,0,1,0,2
2010,13,2010-06-25,M.C.G.,St Kilda,Geelong,St Kilda,Jason Blake,9,3,6,0,0,0,2
2010,13,2010-06-25,M.C.G.,St Kilda,Geelong,St Kilda,Nick Dal Santo,17,6,14,1,0,1,7
2010,13,2010-06-25,M.C.G.,St Kilda,Geelong,St Kilda,Sean Dempster,5,3,4,0,0,0,4
2010,13,2010-06-25,M.C.G.,St Kilda,Geelong,St Kilda,Sam Fisher,17,10,8,0,0,0,4
2010,13,2010-06-25,M.C.G.,St Kilda,Geelong,St Kilda,Michael Gardiner,11,8,5,0,1,16,1
2010,13,2010-06-25,M.C.G.,St Kilda,Geelong,St Kilda,Jarryn Geary,9,3,6,0,0,0,1
2010,13,2010-06-25,M.C.G.,St Kilda,Geelong,St Kilda,Sam Gilbert,12,13,10,0,0,0,1
2010,13,2010-06-25,M.C.G.,St Kilda,Geelong,St Kilda,Brendon Goddard,17,5,10,0,1,1,8
2010,13,2010-06-25,M.C.G.,St Kilda,Geelong,St Kilda,James Gwilt,18,7,9,0,0,0,1
2010,13,2010-06-25,M.C.G.,St Kilda,Geelong,St Kilda,Lenny Hayes,17,3,9,0,1,1,14
2010,13,2010-06-25,M.C.G.,St Kilda,Geelong,St Kilda,Clinton Jones,11,3,9,0,0,0,4
2010,13,2010-06-25,M.C.G.,St Kilda,Geelong,St Kilda,Justin Koschitzke,5,3,6,0,1,5,3
2010,13,2010-06-25,M.C.G.,St Kilda,Geelong,St Kilda,Ben McEvoy,2,2,5,0,0,5,1
2010,13,2010-06-25,M.C.G.,St Kilda,Geelong,St Kilda,Andrew McQualter,7,7,16,0,0,0,3
2010,13,2010-06-25,M.C.G.,St Kilda,Geelong,St Kilda,Stephen Milne,10,5,5,2,2,0,2
2010,13,2010-06-25,M.C.G.,St Kilda,Geelong,St Kilda,Leigh Montagna,24,9,8,0,1,0,4
2010,13,2010-06-25,M.C.G.,St Kilda,Geelong,St Kilda,Brett Peake,12,4,7,0,0,0,4
2010,13,2010-06-25,M.C.G.,St Kilda,Geelong,St Kilda,Farren Ray,12,11,13,0,0,0,4
2010,13,2010-06-25,M.C.G.,St Kilda,Geelong,St Kilda,Adam Schneider,14,3,9,4,1,0,2
2010,13,2010-06-25,M.C.G.,St Kilda,Geelong,St Kilda,Rhys Stanley,3,2,3,0,0,0,1
2010,13,2010-06-25,M.C.G.,St Kilda,Geelong,St Kilda,Jack Steven,9,9,5,3,1,0,4
2010,13,2010-06-25,M.C.G.,St Kilda,Geelong,Geelong,Gary Ablett,17,2,15,2,1,0,3
2010,13,2010-06-25,M.C.G.,St Kilda,Geelong,Geelong,Jimmy Bartel,13,3,8,0,0,6,5
2010,13,2010-06-25,M.C.G.,St Kilda,Geelong,Geelong,Mark Blake,2,1,9,0,0,22,2
2010,13,2010-06-25,M.C.G.,St Kilda,Geelong,Geelong,Shannon Byrnes,5,4,13,0,0,0,2
2010,13,2010-06-25,M.C.G.,St Kilda,Geelong,Geelong,Corey Enright,24,12,7,0,0,0,3
2010,13,2010-06-25,M.C.G.,St Kilda,Geelong,Geelong,Ryan Gamble,7,5,8,0,0,0,2
2010,13,2010-06-25,M.C.G.,St Kilda,Geelong,Geelong,Josh Hunt,14,6,4,0,0,0,2
2010,13,2010-06-25,M.C.G.,St Kilda,Geelong,Geelong,Taylor Hunt,5,2,6,0,0,0,1
2010,13,2010-06-25,M.C.G.,St Kilda,Geelong,Geelong,Steve Johnson,10,3,4,1,0,0,4
2010,13,2010-06-25,M.C.G.,St Kilda,Geelong,Geelong,Cameron Ling,10,3,15,1,0,0,6
2010,13,2010-06-25,M.C.G.,St Kilda,Geelong,Geelong,Tom Lonergan,2,3,7,0,0,0,3
2010,13,2010-06-25,M.C.G.,St Kilda,Geelong,Geelong,Andrew Mackie,17,5,6,1,1,0,1
2010,13,2010-06-25,M.C.G.,St Kilda,Geelong,Geelong,Darren Milburn,14,12,13,0,0,0,3
2010,13,2010-06-25,M.C.G.,St Kilda,Geelong,Geelong,Cameron Mooney,3,5,4,0,2,0,3
2010,13,2010-06-25,M.C.G.,St Kilda,Geelong,Geelong,James Podsiadly,4,2,3,0,0,0,3
2010,13,2010-06-25,M.C.G.,St Kilda,Geelong,Geelong,Matthew Scarlett,9,4,8,0,0,0,3
2010,13,2010-06-25,M.C.G.,St Kilda,Geelong,Geelong,Joel Selwood,19,2,15,0,1,1,6
2010,13,2010-06-25,M.C.G.,St Kilda,Geelong,Geelong,Mathew Stokes,6,7,8,1,0,0,1
2010,13,2010-06-25,M.C.G.,St Kilda,Geelong,Geelong,Harry Taylor,2,4,3,0,0,0,3
2010,13,2010-06-25,M.C.G.,St Kilda,Geelong,Geelong,Travis Varcoe,4,3,7,0,0,0,0
2010,13,2010-06-25,M.C.G.,St Kilda,Geelong,Geelong,Trent West,0,0,8,0,0,17,0
2010,13,2010-06-25,M.C.G.,St Kilda,Geelong,Geelong,David Wojcinski,9,3,7,0,0,0,2
2010,13,2010-06-26,Stadium Australia,Sydney,Collingwood,Sydney,Paul Bevan,8,5,7,0,0,0,0
2010,13,2010-06-26,Stadium Australia,Sydney,Collingwood,Sydney,Craig Bird,6,4,8,1,0,0,4
2010,13,2010-06-26,Stadium Australia,Sydney,Collingwood,Sydney,Jude Bolton,9,0,15,0,2,0,3
2010,13,2010-06-26,Stadium Australia,Sydney,Collingwood,Sydney,Adam Goodes,8,3,5,0,0,0,2
2010,13,2010-06-26,Stadium Australia,Sydney,Collingwood,Sydney,Heath Grundy,13,4,8,0,0,1,0
2010,13,2010-06-26,Stadium Australia,Sydney,Collingwood,Sydney,Dan Hannebery,4,2,6,0,0,0,1
2010,13,2010-06-26,Stadium Australia,Sydney,Collingwood,Sydney,Kieren Jack,12,1,9,0,1,0,7
2010,13,2010-06-26,Stadium Australia,Sydney,Collingwood,Sydney,Lewis Jetta,6,1,6,0,3,0,3
2010,13,2010-06-26,Stadium Australia,Sydney,Collingwood,Sydney,Josh Kennedy,15,3,11,0,1,1,3
2010,13,2010-06-26,Stadium Australia,Sydney,Collingwood,Sydney,Brett Kirk,12,3,10,1,1,0,1
2010,13,2010-06-26,Stadium Australia,Sydney,Collingwood,Sydney,Nick Malceski,15,3,11,0,0,0,1
2010,13,2010-06-26,Stadium Australia,Sydney,Collingwood,Sydney,Martin Mattner,20,8,6,0,1,0,7
2010,13,2010-06-26,Stadium Australia,Sydney,Collingwood,Sydney,Ben McGlynn,12,5,4,2,0,0,4
2010,13,2010-06-26,Stadium Australia,Sydney,Collingwood,Sydney,Jarrad McVeigh,14,6,9,0,0,0,3
2010,13,2010-06-26,Stadium Australia,Sydney,Collingwood,Sydney,Shane Mumford,2,0,9,0,0,25,5
2010,13,2010-06-26,Stadium Australia,Sydney,Collingwood,Sydney,Ryan OKeefe,11,5,5,3,0,0,0
2010,13,2010-06-26,Stadium Australia,Sydney,Collingwood,Sydney,Mike Pyke,1,1,2,0,0,13,2
2010,13,2010-06-26,Stadium Australia,Sydney,Collingwood,Sydney,Lewis Roberts-Thomson,8,7,7,0,0,0,0
2010,13,2010-06-26,Stadium Australia,Sydney,Collingwood,Sydney,Gary Rohan,5,3,5,1,0,0,1
2010,13,2010-06-26,Stadium Australia,Sydney,Collingwood,Sydney,Rhyce Shaw,12,4,10,1,0,0,3
2010,13,2010-06-26,Stadium Australia,Sydney,Collingwood,Sydney,Nick Smith,5,1,4,0,0,0,3
2010,13,2010-06-26,Stadium Australia,Sydney,Collingwood,Sydney,Jesse White,3,1,6,1,1,0,3
2010,13,2010-06-26,Stadium Australia,Sydney,Collingwood,Collingwood,Luke Ball,9,3,11,0,0,0,9
2010,13,2010-06-26,Stadium Australia,Sydney,Collingwood,Collingwood,Dayne Beams,8,1,15,0,1,0,1
2010,13,2010-06-26,Stadium Australia,Sydney,Collingwood,Collingwood,Leigh Brown,7,6,7,2,0,8,7
2010,13,2010-06-26,Stadium Australia,Sydney,Collingwood,Collingwood,Travis Cloke,10,2,6,2,2,1,0
2010,13,2010-06-26,Stadium Australia,Sydney,Collingwood,Collingwood,Leon Davis,6,1,7,0,0,0,4
2010,13,2010-06-26,Stadium Australia,Sydney,Collingwood,Collingwood,Chris Dawes,6,5,3,3,1,0,3
2010,13,2010-06-26,Stadium Australia,Sydney,Collingwood,Collingwood,Brad Dick,4,2,3,1,0,0,4
2010,13,2010-06-26,Stadium Australia,Sydney,Collingwood,Collingwood,Alan Didak,16,4,8,1,1,0,3
2010,13,2010-06-26,Stadium Australia,Sydney,Collingwood,Collingwood,Tyson Goldsack,4,2,3,0,0,0,2
2010,13,2010-06-26,Stadium Australia,Sydney,Collingwood,Collingwood,Ben Johnson,14,1,7,0,1,0,0
2010,13,2010-06-26,Stadium Australia,Sydney,Collingwood,Collingwood,Darren Jolly,12,9,5,1,2,24,5
2010,13,2010-06-26,Stadium Australia,Sydney,Collingwood,Collingwood,Tarkyn Lockyer,8,6,1,0,1,0,7
2010,13,2010-06-26,Stadium Australia,Sydney,Collingwood,Collingwood,Heritier Lumumba,13,5,1,1,0,0,5
2010,13,2010-06-26,Stadium Australia,Sydney,Collingwood,Collingwood,Scott Pendlebury,9,3,13,0,0,0,4
2010,13,2010-06-26,Stadium Australia,Sydney,Collingwood,Collingwood,Simon Prestigiacomo,4,4,5,0,0,0,1
2010,13,2010-06-26,Stadium Australia,Sydney,Collingwood,Collingwood,Ben Reid,7,6,3,0,0,0,1
2010,13,2010-06-26,Stadium Australia,Sydney,Collingwood,Collingwood,Heath Shaw,19,7,7,0,0,0,2
2010,13,2010-06-26,Stadium Australia,Sydney,Collingwood,Collingwood,Steele Sidebottom,8,0,8,2,1,0,7
2010,13,2010-06-26,Stadium Australia,Sydney,Collingwood,Collingwood,Dane Swan,23,6,8,0,2,0,2
2010,13,2010-06-26,Stadium Australia,Sydney,Collingwood,Collingwood,Dale Thomas,15,9,9,0,1,0,2
2010,13,2010-06-26,Stadium Australia,Sydney,Collingwood,Collingwood,Alan Toovey,6,3,6,0,0,0,4
2010,13,2010-06-26,Stadium Australia,Sydney,Collingwood,Collingwood,Sharrod Wellingham,9,4,11,0,0,0,2
2010,13,2010-06-27,Football Park,Adelaide,Melbourne,Adelaide,Tony Armstrong,12,3,5,0,0,0,0
2010,13,2010-06-27,Football Park,Adelaide,Melbourne,Adelaide,Patrick Dangerfield,9,3,8,1,3,0,3
2010,13,2010-06-27,Football Park,Adelaide,Melbourne,Adelaide,Phil Davis,9,5,4,0,0,0,3
2010,13,2010-06-27,Football Park,Adelaide,Melbourne,Adelaide,Michael Doughty,17,7,7,0,0,0,4
2010,13,2010-06-27,Football Park,Adelaide,Melbourne,Adelaide,Richard Douglas,9,2,15,0,0,0,2
2010,13,2010-06-27,Football Park,Adelaide,Melbourne,Adelaide,Simon Goodwin,17,13,19,0,1,0,1
2010,13,2010-06-27,Football Park,Adelaide,Melbourne,Adelaide,Jonathon Griffin,6,3,5,1,0,23,0
2010,13,2010-06-27,Football Park,Adelaide,Melbourne,Adelaide,Ricky Henderson,4,4,10,1,1,0,3
2010,13,2010-06-27,Football Park,Adelaide,Melbourne,Adelaide,Matthew Jaensch,10,4,3,3,0,0,5
2010,13,2010-06-27,Football Park,Adelaide,Melbourne,Adelaide,Graham Johncock,19,6,13,1,0,0,4
2010,13,2010-06-27,Football Park,Adelaide,Melbourne,Adelaide,David Mackay,3,0,1,0,1,0,0
2010,13,2010-06-27,Football Park,Adelaide,Melbourne,Adelaide,Ivan Maric,2,2,8,1,0,6,2
2010,13,2010-06-27,Football Park,Adelaide,Melbourne,Adelaide,Brent Reilly,7,3,12,0,1,0,3
2010,13,2010-06-27,Football Park,Adelaide,Melbourne,Adelaide,Ben Rutten,6,7,13,0,0,0,3
2010,13,2010-06-27,Football Park,Adelaide,Melbourne,Adelaide,Rory Sloane,12,5,10,0,3,0,4
2010,13,2010-06-27,Football Park,Adelaide,Melbourne,Adelaide,Scott Stevens,10,8,11,0,0,0,0
2010,13,2010-06-27,Football Park,Adelaide,Melbourne,Adelaide,Brad Symes,11,4,17,0,0,1,4
2010,13,2010-06-27,Football Park,Adelaide,Melbourne,Adelaide,Scott Thompson,12,0,12,0,0,0,3
2010,13,2010-06-27,Football Park,Adelaide,Melbourne,Adelaide,Kurt Tippett,7,4,6,4,1,3,1
2010,13,2010-06-27,Football Park,Adelaide,Melbourne,Adelaide,Nathan van Berlo,10,5,10,1,1,0,2
2010,13,2010-06-27,Football Park,Adelaide,Melbourne,Adelaide,Bernie Vince,14,4,16,1,0,0,1
2010,13,2010-06-27,Football Park,Adelaide,Melbourne,Adelaide,Taylor Walker,9,5,6,2,2,0,4
2010,13,2010-06-27,Football Park,Adelaide,Melbourne,Melbourne,Clint Bartram,8,2,6,0,0,0,3
2010,13,2010-06-27,Football Park,Adelaide,Melbourne,Melbourne,Matthew Bate,9,6,10,4,1,0,2
2010,13,2010-06-27,Football Park,Adelaide,Melbourne,Melbourne,Cameron Bruce,8,6,15,2,0,0,4
2010,13,2010-06-27,Football Park,Adelaide,Melbourne,Melbourne,Aaron Davey,10,0,3,0,0,0,4
2010,13,2010-06-27,Football Park,Adelaide,Melbourne,Melbourne,Lynden Dunn,9,5,5,2,0,3,3
2010,13,2010-06-27,Football Park,Adelaide,Melbourne,Melbourne,James Frawley,12,7,3,0,0,0,6
2010,13,2010-06-27,Football Park,Adelaide,Melbourne,Melbourne,Colin Garland,12,6,9,0,0,0,4
2010,13,2010-06-27,Football Park,Adelaide,Melbourne,Melbourne,Brad Green,14,8,9,2,0,0,2
2010,13,2010-06-27,Football Park,Adelaide,Melbourne,Melbourne,Jack Grimes,18,9,8,0,0,0,1
2010,13,2010-06-27,Football Park,Adelaide,Melbourne,Melbourne,Mark Jamar,1,2,8,0,0,35,0
2010,13,2010-06-27,Football Park,Adelaide,Melbourne,Melbourne,Neville Jetta,2,1,6,1,0,0,2
2010,13,2010-06-27,Football Park,Adelaide,Melbourne,Melbourne,Nathan Jones,6,1,12,0,0,0,5
2010,13,2010-06-27,Football Park,Adelaide,Melbourne,Melbourne,Joel Macdonald,7,6,13,0,0,0,1
2010,13,2010-06-27,Football Park,Adelaide,Melbourne,Melbourne,Jordie McKenzie,5,2,6,0,0,0,6
2010,13,2010-06-27,Football Park,Adelaide,Melbourne,Melbourne,Brad Miller,1,3,8,0,1,3,2
2010,13,2010-06-27,Football Park,Adelaide,Melbourne,Melbourne,Brent Moloney,7,2,9,0,2,0,5
2010,13,2010-06-27,Football Park,Adelaide,Melbourne,Melbourne,Cale Morton,10,7,7,0,0,0,0
2010,13,2010-06-27,Football Park,Adelaide,Melbourne,Melbourne,Jared Rivers,8,6,3,0,0,0,3
2010,13,2010-06-27,Football Park,Adelaide,Melbourne,Melbourne,Tom Scully,10,5,15,0,0,0,9
2010,13,2010-06-27,Football Park,Adelaide,Melbourne,Melbourne,Jack Trengove,8,3,14,0,1,1,8
2010,13,2010-06-27,Football Park,Adelaide,Melbourne,Melbourne,Matthew Warnock,3,3,4,0,0,0,3
2010,13,2010-06-27,Football Park,Adelaide,Melbourne,Melbourne,Jack Watts,7,5,5,0,0,0,1
2010,14,2010-07-01,Docklands,Carlton,Brisbane Lions,Carlton,Dennis Armfield,11,3,6,0,0,0,2
2010,14,2010-07-01,Docklands,Carlton,Brisbane Lions,Carlton,Eddie Betts,8,6,4,5,1,0,5
2010,14,2010-07-01,Docklands,Carlton,Brisbane Lions,Carlton,Andrew Carrazzo,10,3,13,0,0,0,4
2010,14,2010-07-01,Docklands,Carlton,Brisbane Lions,Carlton,Jeff Garlett,8,4,2,2,1,0,7
2010,14,2010-07-01,Docklands,Carlton,Brisbane Lions,Carlton,Bryce Gibbs,11,5,15,1,0,0,5
2010,14,2010-07-01,Docklands,Carlton,Brisbane Lions,Carlton,Shaun Grigg,3,6,10,0,0,0,2
2010,14,2010-07-01,Docklands,Carlton,Brisbane Lions,Carlton,Shaun Hampson,2,0,2,0,0,10,2
2010,14,2010-07-01,Docklands,Carlton,Brisbane Lions,Carlton,Lachie Henderson,8,6,8,2,1,0,3
2010,14,2010-07-01,Docklands,Carlton,Brisbane Lions,Carlton,Ryan Houlihan,9,5,8,1,1,0,5
2010,14,2010-07-01,Docklands,Carlton,Brisbane Lions,Carlton,Sam Jacobs,4,4,11,0,0,28,3
2010,14,2010-07-01,Docklands,Carlton,Brisbane Lions,Carlton,Michael Jamison,10,6,4,0,0,0,1
2010,14,2010-07-01,Docklands,Carlton,Brisbane Lions,Carlton,Aaron Joseph,9,5,11,0,1,0,1
2010,14,2010-07-01,Docklands,Carlton,Brisbane Lions,Carlton,Chris Judd,17,3,12,0,0,0,4
2010,14,2010-07-01,Docklands,Carlton,Brisbane Lions,Carlton,Marc Murphy,8,1,18,0,0,0,1
2010,14,2010-07-01,Docklands,Carlton,Brisbane Lions,Carlton,Setanta OhAilpin,9,5,5,1,0,0,2
2010,14,2010-07-01,Docklands,Carlton,Brisbane Lions,Carlton,Mitch Robinson,8,5,6,0,0,0,2
2010,14,2010-07-01,Docklands,Carlton,Brisbane Lions,Carlton,Jordan Russell,8,5,7,0,0,0,3
2010,14,2010-07-01,Docklands,Carlton,Brisbane Lions,Carlton,Heath Scotland,12,6,13,2,0,0,2
2010,14,2010-07-01,Docklands,Carlton,Brisbane Lions,Carlton,Kade Simpson,14,4,9,2,2,0,5
2010,14,2010-07-01,Docklands,Carlton,Brisbane Lions,Carlton,Bret Thornton,7,2,6,0,0,0,0
2010,14,2010-07-01,Docklands,Carlton,Brisbane Lions,Carlton,Andrew Walker,13,5,11,0,0,0,3
2010,14,2010-07-01,Docklands,Carlton,Brisbane Lions,Carlton,Chris Yarran,11,3,7,2,2,0,2
2010,14,2010-07-01,Docklands,Carlton,Brisbane Lions,Brisbane Lions,Todd Banfield,5,2,3,2,2,0,2
2010,14,2010-07-01,Docklands,Carlton,Brisbane Lions,Brisbane Lions,Simon Black,16,4,17,1,0,0,4
2010,14,2010-07-01,Docklands,Carlton,Brisbane Lions,Brisbane Lions,Jared Brennan,10,5,4,0,1,1,0
2010,14,2010-07-01,Docklands,Carlton,Brisbane Lions,Brisbane Lions,Amon Buchanan,4,5,12,1,0,0,4
2010,14,2010-07-01,Docklands,Carlton,Brisbane Lions,Brisbane Lions,Mitch Clark,4,2,8,0,0,6,4
2010,14,2010-07-01,Docklands,Carlton,Brisbane Lions,Brisbane Lions,Tom Collier,4,2,3,0,0,0,1
2010,14,2010-07-01,Docklands,Carlton,Brisbane Lions,Brisbane Lions,Aaron Cornelius,8,7,2,2,1,0,0
2010,14,2010-07-01,Docklands,Carlton,Brisbane Lions,Brisbane Lions,Travis Johnstone,17,6,4,0,0,0,2
2010,14,2010-07-01,Docklands,Carlton,Brisbane Lions,Brisbane Lions,Matthew Leuenberger,6,6,15,0,0,28,6
2010,14,2010-07-01,Docklands,Carlton,Brisbane Lions,Brisbane Lions,Ashley McGrath,6,3,8,0,0,0,2
2010,14,2010-07-01,Docklands,Carlton,Brisbane Lions,Brisbane Lions,Daniel Merrett,4,3,5,0,0,0,5
2010,14,2010-07-01,Docklands,Carlton,Brisbane Lions,Brisbane Lions,Jesse OBrien,2,1,6,0,0,0,5
2010,14,2010-07-01,Docklands,Carlton,Brisbane Lions,Brisbane Lions,Joel Patfull,4,4,3,0,0,0,3
2010,14,2010-07-01,Docklands,Carlton,Brisbane Lions,Brisbane Lions,James Polkinghorne,5,1,10,1,0,0,4
2010,14,2010-07-01,Docklands,Carlton,Brisbane Lions,Brisbane Lions,Luke Power,6,2,9,0,1,0,1
2010,14,2010-07-01,Docklands,Carlton,Brisbane Lions,Brisbane Lions,Jack Redden,8,6,3,1,0,0,10
2010,14,2010-07-01,Docklands,Carlton,Brisbane Lions,Brisbane Lions,Daniel Rich,6,2,3,1,0,0,3
2010,14,2010-07-01,Docklands,Carlton,Brisbane Lions,Brisbane Lions,Michael Rischitelli,13,6,13,0,0,0,7
2010,14,2010-07-01,Docklands,Carlton,Brisbane Lions,Brisbane Lions,Tom Rockliff,18,9,7,0,1,0,3
2010,14,2010-07-01,Docklands,Carlton,Brisbane Lions,Brisbane Lions,Sam Sheldon,2,3,5,0,0,0,1
2010,14,2010-07-01,Docklands,Carlton,Brisbane Lions,Brisbane Lions,Justin Sherman,9,4,9,0,2,0,3
2010,14,2010-07-01,Docklands,Carlton,Brisbane Lions,Brisbane Lions,Brent Staker,12,10,9,0,0,0,1
2010,14,2010-07-02,M.C.G.,Hawthorn,Western Bulldogs,Hawthorn,Chance Bateman,10,1,7,0,1,0,2
2010,14,2010-07-02,M.C.G.,Hawthorn,Western Bulldogs,Hawthorn,Grant Birchall,12,7,10,0,1,0,4
2010,14,2010-07-02,M.C.G.,Hawthorn,Western Bulldogs,Hawthorn,Shaun Burgoyne,14,7,5,0,0,0,5
2010,14,2010-07-02,M.C.G.,Hawthorn,Western Bulldogs,Hawthorn,Xavier Ellis,7,6,9,0,0,0,5
2010,14,2010-07-02,M.C.G.,Hawthorn,Western Bulldogs,Hawthorn,Lance Franklin,11,9,6,3,0,0,2
2010,14,2010-07-02,M.C.G.,Hawthorn,Western Bulldogs,Hawthorn,Stephen Gilham,5,4,4,0,0,0,0
2010,14,2010-07-02,M.C.G.,Hawthorn,Western Bulldogs,Hawthorn,Brent Guerra,10,5,6,0,0,0,2
2010,14,2010-07-02,M.C.G.,Hawthorn,Western Bulldogs,Hawthorn,Luke Hodge,20,6,8,2,0,0,6
2010,14,2010-07-02,M.C.G.,Hawthorn,Western Bulldogs,Hawthorn,Jordan Lewis,9,4,6,0,0,2,3
2010,14,2010-07-02,M.C.G.,Hawthorn,Western Bulldogs,Hawthorn,Sam Mitchell,17,5,11,1,0,0,8
2010,14,2010-07-02,M.C.G.,Hawthorn,Western Bulldogs,Hawthorn,Tom Murphy,6,5,7,0,0,0,3
2010,14,2010-07-02,M.C.G.,Hawthorn,Western Bulldogs,Hawthorn,Beau Muston,2,1,4,1,0,0,1
2010,14,2010-07-02,M.C.G.,Hawthorn,Western Bulldogs,Hawthorn,Michael Osborne,3,2,6,0,0,0,4
2010,14,2010-07-02,M.C.G.,Hawthorn,Western Bulldogs,Hawthorn,Carl Peterson,6,5,2,0,2,0,5
2010,14,2010-07-02,M.C.G.,Hawthorn,Western Bulldogs,Hawthorn,Brent Renouf,4,1,3,1,1,12,2
2010,14,2010-07-02,M.C.G.,Hawthorn,Western Bulldogs,Hawthorn,Cyril Rioli,12,5,10,2,0,1,7
2010,14,2010-07-02,M.C.G.,Hawthorn,Western Bulldogs,Hawthorn,Jarryd Roughead,14,10,4,2,2,0,1
2010,14,2010-07-02,M.C.G.,Hawthorn,Western Bulldogs,Hawthorn,Ryan Schoenmakers,5,2,7,0,0,0,2
2010,14,2010-07-02,M.C.G.,Hawthorn,Western Bulldogs,Hawthorn,Brad Sewell,11,4,6,0,0,0,3
2010,14,2010-07-02,M.C.G.,Hawthorn,Western Bulldogs,Hawthorn,Wayde Skipper,5,4,5,0,0,12,6
2010,14,2010-07-02,M.C.G.,Hawthorn,Western Bulldogs,Hawthorn,Ben Stratton,12,7,7,0,0,0,4
2010,14,2010-07-02,M.C.G.,Hawthorn,Western Bulldogs,Hawthorn,Clinton Young,12,7,2,0,0,0,1
2010,14,2010-07-02,M.C.G.,Hawthorn,Western Bulldogs,Western Bulldogs,Matthew Boyd,16,9,19,0,0,3,1
2010,14,2010-07-02,M.C.G.,Hawthorn,Western Bulldogs,Western Bulldogs,Adam Cooney,11,1,12,1,0,0,0
2010,14,2010-07-02,M.C.G.,Hawthorn,Western Bulldogs,Western Bulldogs,Daniel Cross,11,6,13,0,0,5,7
2010,14,2010-07-02,M.C.G.,Hawthorn,Western Bulldogs,Western Bulldogs,Daniel Giansiracusa,7,4,4,2,1,0,4
2010,14,2010-07-02,M.C.G.,Hawthorn,Western Bulldogs,Western Bulldogs,Lindsay Gilbee,13,4,8,0,0,0,1
2010,14,2010-07-02,M.C.G.,Hawthorn,Western Bulldogs,Western Bulldogs,Jarrad Grant,7,3,3,2,2,0,4
2010,14,2010-07-02,M.C.G.,Hawthorn,Western Bulldogs,Western Bulldogs,Ryan Griffen,15,2,2,1,1,1,5
2010,14,2010-07-02,M.C.G.,Hawthorn,Western Bulldogs,Western Bulldogs,Mitch Hahn,3,3,6,0,0,0,3
2010,14,2010-07-02,M.C.G.,Hawthorn,Western Bulldogs,Western Bulldogs,Barry Hall,4,3,3,2,0,0,1
2010,14,2010-07-02,M.C.G.,Hawthorn,Western Bulldogs,Western Bulldogs,Jarrod Harbrow,10,6,8,0,0,0,1
2010,14,2010-07-02,M.C.G.,Hawthorn,Western Bulldogs,Western Bulldogs,Ryan Hargrave,9,3,5,0,0,0,2
2010,14,2010-07-02,M.C.G.,Hawthorn,Western Bulldogs,Western Bulldogs,Shaun Higgins,10,3,9,1,1,0,4
2010,14,2010-07-02,M.C.G.,Hawthorn,Western Bulldogs,Western Bulldogs,Ben Hudson,6,2,10,0,0,15,1
2010,14,2010-07-02,M.C.G.,Hawthorn,Western Bulldogs,Western Bulldogs,Brad Johnson,14,7,8,1,1,0,1
2010,14,2010-07-02,M.C.G.,Hawthorn,Western Bulldogs,Western Bulldogs,Brian Lake,19,18,9,0,0,0,2
2010,14,2010-07-02,M.C.G.,Hawthorn,Western Bulldogs,Western Bulldogs,Will Minson,7,3,4,0,0,7,1
2010,14,2010-07-02,M.C.G.,Hawthorn,Western Bulldogs,Western Bulldogs,Dale Morris,6,2,6,0,0,1,2
2010,14,2010-07-02,M.C.G.,Hawthorn,Western Bulldogs,Western Bulldogs,Robert Murphy,14,4,5,1,1,0,0
2010,14,2010-07-02,M.C.G.,Hawthorn,Western Bulldogs,Western Bulldogs,Liam Picken,9,3,8,0,0,1,9
2010,14,2010-07-02,M.C.G.,Hawthorn,Western Bulldogs,Western Bulldogs,Sam Reid,6,2,8,0,0,0,5
2010,14,2010-07-02,M.C.G.,Hawthorn,Western Bulldogs,Western Bulldogs,Callan Ward,8,6,6,0,1,0,3
2010,14,2010-07-02,M.C.G.,Hawthorn,Western Bulldogs,Western Bulldogs,Easton Wood,8,3,7,0,0,0,1
2010,14,2010-07-03,Subiaco,Fremantle,Port Adelaide,Fremantle,Hayden Ballantyne,12,3,6,1,1,0,2
2010,14,2010-07-03,Subiaco,Fremantle,Port Adelaide,Fremantle,Michael Barlow,17,7,8,1,0,0,4
2010,14,2010-07-03,Subiaco,Fremantle,Port Adelaide,Fremantle,Kepler Bradley,7,7,5,0,0,2,0
2010,14,2010-07-03,Subiaco,Fremantle,Port Adelaide,Fremantle,Ryan Crowley,9,7,4,5,1,0,1
2010,14,2010-07-03,Subiaco,Fremantle,Port Adelaide,Fremantle,Matt de Boer,7,5,14,0,0,0,4
2010,14,2010-07-03,Subiaco,Fremantle,Port Adelaide,Fremantle,Paul Duffield,18,12,4,0,0,0,3
2010,14,2010-07-03,Subiaco,Fremantle,Port Adelaide,Fremantle,Nat Fyfe,4,0,6,0,0,0,2
2010,14,2010-07-03,Subiaco,Fremantle,Port Adelaide,Fremantle,Antoni Grover,6,5,1,1,0,0,0
2010,14,2010-07-03,Subiaco,Fremantle,Port Adelaide,Fremantle,Paul Hasleby,10,9,7,2,1,0,0
2010,14,2010-07-03,Subiaco,Fremantle,Port Adelaide,Fremantle,Roger Hayden,13,5,5,0,0,0,1
2010,14,2010-07-03,Subiaco,Fremantle,Port Adelaide,Fremantle,Stephen Hill,8,3,5,2,0,0,4
2010,14,2010-07-03,Subiaco,Fremantle,Port Adelaide,Fremantle,Garrick Ibbotson,12,6,10,0,0,0,0
2010,14,2010-07-03,Subiaco,Fremantle,Port Adelaide,Fremantle,Michael Johnson,17,9,8,0,1,0,2
2010,14,2010-07-03,Subiaco,Fremantle,Port Adelaide,Fremantle,Adam McPhee,5,3,8,0,3,0,1
2010,14,2010-07-03,Subiaco,Fremantle,Port Adelaide,Fremantle,Anthony Morabito,11,7,6,1,1,1,3
2010,14,2010-07-03,Subiaco,Fremantle,Port Adelaide,Fremantle,David Mundy,9,6,7,1,1,0,5
2010,14,2010-07-03,Subiaco,Fremantle,Port Adelaide,Fremantle,Rhys Palmer,14,9,17,0,0,0,2
2010,14,2010-07-03,Subiaco,Fremantle,Port Adelaide,Fremantle,Matthew Pavlich,10,2,6,1,1,0,2
2010,14,2010-07-03,Subiaco,Fremantle,Port Adelaide,Fremantle,Dylan Roberton,15,10,5,1,0,0,1
2010,14,2010-07-03,Subiaco,Fremantle,Port Adelaide,Fremantle,Aaron Sandilands,8,9,10,1,0,22,1
2010,14,2010-07-03,Subiaco,Fremantle,Port Adelaide,Fremantle,Alex Silvagni,6,3,3,0,0,0,3
2010,14,2010-07-03,Subiaco,Fremantle,Port Adelaide,Fremantle,Jay van Berlo,5,3,6,0,1,0,2
2010,14,2010-07-03,Subiaco,Fremantle,Port Adelaide,Port Adelaide,Mitchell Banner,16,6,7,1,1,0,4
2010,14,2010-07-03,Subiaco,Fremantle,Port Adelaide,Port Adelaide,Matthew Broadbent,10,8,9,0,1,0,6
2010,14,2010-07-03,Subiaco,Fremantle,Port Adelaide,Port Adelaide,Dean Brogan,6,4,7,0,0,10,4
2010,14,2010-07-03,Subiaco,Fremantle,Port Adelaide,Port Adelaide,Alipate Carlile,9,8,12,1,0,0,1
2010,14,2010-07-03,Subiaco,Fremantle,Port Adelaide,Port Adelaide,Domenic Cassisi,9,3,17,0,1,0,3
2010,14,2010-07-03,Subiaco,Fremantle,Port Adelaide,Port Adelaide,Troy Chaplin,7,1,7,0,0,0,1
2010,14,2010-07-03,Subiaco,Fremantle,Port Adelaide,Port Adelaide,Chad Cornes,11,5,8,0,0,0,3
2010,14,2010-07-03,Subiaco,Fremantle,Port Adelaide,Port Adelaide,Kane Cornes,9,5,12,0,0,0,0
2010,14,2010-07-03,Subiaco,Fremantle,Port Adelaide,Port Adelaide,Brett Ebert,6,4,3,1,1,0,1
2010,14,2010-07-03,Subiaco,Fremantle,Port Adelaide,Port Adelaide,Cameron Hitchcock,9,6,3,0,3,0,1
2010,14,2010-07-03,Subiaco,Fremantle,Port Adelaide,Port Adelaide,Tom Logan,12,9,15,0,0,0,1
2010,14,2010-07-03,Subiaco,Fremantle,Port Adelaide,Port Adelaide,Daniel Motlop,5,2,3,0,0,0,3
2010,14,2010-07-03,Subiaco,Fremantle,Port Adelaide,Port Adelaide,Danyle Pearce,10,1,8,2,0,0,0
2010,14,2010-07-03,Subiaco,Fremantle,Port Adelaide,Port Adelaide,David Rodan,12,2,9,0,0,0,5
2010,14,2010-07-03,Subiaco,Fremantle,Port Adelaide,Port Adelaide,Steven Salopek,12,5,8,0,0,0,1
2010,14,2010-07-03,Subiaco,Fremantle,Port Adelaide,Port Adelaide,Nick Salter,9,5,8,0,0,0,1
2010,14,2010-07-03,Subiaco,Fremantle,Port Adelaide,Port Adelaide,Jay Schulz,7,5,5,2,1,0,0
2010,14,2010-07-03,Subiaco,Fremantle,Port Adelaide,Port Adelaide,Daniel Stewart,7,6,1,0,1,1,1
2010,14,2010-07-03,Subiaco,Fremantle,Port Adelaide,Port Adelaide,Paul Stewart,12,6,7,0,0,0,3
2010,14,2010-07-03,Subiaco,Fremantle,Port Adelaide,Port Adelaide,Matt Thomas,8,5,10,1,0,1,5
2010,14,2010-07-03,Subiaco,Fremantle,Port Adelaide,Port Adelaide,Jackson Trengove,5,4,9,0,0,5,3
2010,14,2010-07-03,Subiaco,Fremantle,Port Adelaide,Port Adelaide,Justin Westhoff,8,6,7,0,0,2,0
2010,14,2010-07-03,Docklands,Collingwood,West Coast,Collingwood,John Anthony,9,5,8,0,0,0,3
2010,14,2010-07-03,Docklands,Collingwood,West Coast,Collingwood,Luke Ball,6,5,12,1,1,0,5
2010,14,2010-07-03,Docklands,Collingwood,West Coast,Collingwood,Dayne Beams,14,8,18,2,4,0,0
2010,14,2010-07-03,Docklands,Collingwood,West Coast,Collingwood,Jarryd Blair,7,2,9,0,1,0,5
2010,14,2010-07-03,Docklands,Collingwood,West Coast,Collingwood,Leigh Brown,5,3,3,0,0,4,0
2010,14,2010-07-03,Docklands,Collingwood,West Coast,Collingwood,Travis Cloke,11,10,6,0,1,0,5
2010,14,2010-07-03,Docklands,Collingwood,West Coast,Collingwood,Leon Davis,14,5,3,0,2,0,5
2010,14,2010-07-03,Docklands,Collingwood,West Coast,Collingwood,Chris Dawes,8,7,5,4,1,0,1
2010,14,2010-07-03,Docklands,Collingwood,West Coast,Collingwood,Alan Didak,16,5,12,3,0,0,1
2010,14,2010-07-03,Docklands,Collingwood,West Coast,Collingwood,Tyson Goldsack,2,2,4,0,0,0,5
2010,14,2010-07-03,Docklands,Collingwood,West Coast,Collingwood,Ben Johnson,17,8,4,0,0,0,2
2010,14,2010-07-03,Docklands,Collingwood,West Coast,Collingwood,Darren Jolly,12,13,8,4,0,16,4
2010,14,2010-07-03,Docklands,Collingwood,West Coast,Collingwood,Tarkyn Lockyer,12,9,7,2,1,0,3
2010,14,2010-07-03,Docklands,Collingwood,West Coast,Collingwood,Heritier Lumumba,11,10,5,0,0,0,0
2010,14,2010-07-03,Docklands,Collingwood,West Coast,Collingwood,Scott Pendlebury,16,8,11,2,1,0,4
2010,14,2010-07-03,Docklands,Collingwood,West Coast,Collingwood,Simon Prestigiacomo,2,2,3,0,0,0,3
2010,14,2010-07-03,Docklands,Collingwood,West Coast,Collingwood,Ben Reid,13,9,5,0,0,0,1
2010,14,2010-07-03,Docklands,Collingwood,West Coast,Collingwood,Heath Shaw,18,7,7,0,0,0,1
2010,14,2010-07-03,Docklands,Collingwood,West Coast,Collingwood,Dane Swan,27,14,11,2,0,0,1
2010,14,2010-07-03,Docklands,Collingwood,West Coast,Collingwood,Dale Thomas,15,4,8,0,0,0,5
2010,14,2010-07-03,Docklands,Collingwood,West Coast,Collingwood,Alan Toovey,7,5,10,0,0,0,4
2010,14,2010-07-03,Docklands,Collingwood,West Coast,Collingwood,Sharrod Wellingham,10,5,9,0,0,0,3
2010,14,2010-07-03,Docklands,Collingwood,West Coast,West Coast,Dean Cox,6,4,7,0,1,17,2
2010,14,2010-07-03,Docklands,Collingwood,West Coast,West Coast,Bradd Dalziell,9,6,11,0,0,0,3
2010,14,2010-07-03,Docklands,Collingwood,West Coast,West Coast,Brad Ebert,12,5,3,1,1,0,0
2010,14,2010-07-03,Docklands,Collingwood,West Coast,West Coast,Andrew Embley,8,5,11,0,1,0,0
2010,14,2010-07-03,Docklands,Collingwood,West Coast,West Coast,Josh Kennedy,7,5,4,1,1,0,4
2010,14,2010-07-03,Docklands,Collingwood,West Coast,West Coast,Mark LeCras,8,4,1,3,1,0,1
2010,14,2010-07-03,Docklands,Collingwood,West Coast,West Coast,Quinten Lynch,8,7,7,0,1,0,0
2010,14,2010-07-03,Docklands,Collingwood,West Coast,West Coast,Eric Mackenzie,5,2,3,0,0,0,2
2010,14,2010-07-03,Docklands,Collingwood,West Coast,West Coast,Beau Maister,8,2,4,0,0,0,0
2010,14,2010-07-03,Docklands,Collingwood,West Coast,West Coast,Chris Masten,4,2,12,0,0,0,2
2010,14,2010-07-03,Docklands,Collingwood,West Coast,West Coast,Patrick McGinnity,6,1,6,0,0,0,2
2010,14,2010-07-03,Docklands,Collingwood,West Coast,West Coast,Ben McKinley,7,5,2,1,1,0,0
2010,14,2010-07-03,Docklands,Collingwood,West Coast,West Coast,Nic Naitanui,3,2,11,0,0,17,2
2010,14,2010-07-03,Docklands,Collingwood,West Coast,West Coast,Matt Priddis,8,4,22,0,0,0,7
2010,14,2010-07-03,Docklands,Collingwood,West Coast,West Coast,Matt Rosa,6,5,13,0,0,0,3
2010,14,2010-07-03,Docklands,Collingwood,West Coast,West Coast,Will Schofield,5,3,7,0,0,0,2
2010,14,2010-07-03,Docklands,Collingwood,West Coast,West Coast,Adam Selwood,15,7,11,0,0,0,2
2010,14,2010-07-03,Docklands,Collingwood,West Coast,West Coast,Scott Selwood,12,3,7,0,0,0,6
2010,14,2010-07-03,Docklands,Collingwood,West Coast,West Coast,Brad Sheppard,10,4,12,0,0,0,3
2010,14,2010-07-03,Docklands,Collingwood,West Coast,West Coast,Andrew Strijk,11,3,3,1,0,0,3
2010,14,2010-07-03,Docklands,Collingwood,West Coast,West Coast,Tom Swift,2,4,16,0,0,0,3
2010,14,2010-07-03,Docklands,Collingwood,West Coast,West Coast,Beau Waters,12,3,7,0,0,0,0
2010,14,2010-07-03,Football Park,Adelaide,Essendon,Adelaide,Tony Armstrong,7,2,7,0,0,0,4
2010,14,2010-07-03,Football Park,Adelaide,Essendon,Adelaide,Patrick Dangerfield,7,2,4,4,1,0,5
2010,14,2010-07-03,Football Park,Adelaide,Essendon,Adelaide,Phil Davis,5,5,3,0,0,0,2
2010,14,2010-07-03,Football Park,Adelaide,Essendon,Adelaide,Michael Doughty,4,5,5,0,0,0,4
2010,14,2010-07-03,Football Park,Adelaide,Essendon,Adelaide,Richard Douglas,16,8,11,0,0,0,2
2010,14,2010-07-03,Football Park,Adelaide,Essendon,Adelaide,Simon Goodwin,12,5,12,1,0,0,1
2010,14,2010-07-03,Football Park,Adelaide,Essendon,Adelaide,Jonathon Griffin,5,3,3,0,1,11,0
2010,14,2010-07-03,Football Park,Adelaide,Essendon,Adelaide,Ricky Henderson,8,5,4,3,2,0,1
2010,14,2010-07-03,Football Park,Adelaide,Essendon,Adelaide,Matthew Jaensch,4,4,2,0,0,0,1
2010,14,2010-07-03,Football Park,Adelaide,Essendon,Adelaide,Graham Johncock,6,5,8,0,0,0,2
2010,14,2010-07-03,Football Park,Adelaide,Essendon,Adelaide,Ivan Maric,8,4,5,0,0,17,2
2010,14,2010-07-03,Football Park,Adelaide,Essendon,Adelaide,Jason Porplyzia,11,5,9,0,0,1,8
2010,14,2010-07-03,Football Park,Adelaide,Essendon,Adelaide,Brent Reilly,10,3,12,0,0,0,2
2010,14,2010-07-03,Football Park,Adelaide,Essendon,Adelaide,Ben Rutten,4,5,11,0,0,0,4
2010,14,2010-07-03,Football Park,Adelaide,Essendon,Adelaide,Rory Sloane,6,3,8,0,0,0,6
2010,14,2010-07-03,Football Park,Adelaide,Essendon,Adelaide,Scott Stevens,10,5,2,0,0,0,2
2010,14,2010-07-03,Football Park,Adelaide,Essendon,Adelaide,Brad Symes,10,7,12,0,0,0,5
2010,14,2010-07-03,Football Park,Adelaide,Essendon,Adelaide,Scott Thompson,23,5,11,1,0,1,8
2010,14,2010-07-03,Football Park,Adelaide,Essendon,Adelaide,Kurt Tippett,9,5,7,6,1,11,1
2010,14,2010-07-03,Football Park,Adelaide,Essendon,Adelaide,Nathan van Berlo,15,6,12,0,0,0,4
2010,14,2010-07-03,Football Park,Adelaide,Essendon,Adelaide,Bernie Vince,9,0,5,1,0,0,1
2010,14,2010-07-03,Football Park,Adelaide,Essendon,Adelaide,Taylor Walker,10,4,2,3,2,0,1
2010,14,2010-07-03,Football Park,Adelaide,Essendon,Essendon,Tom Bellchambers,4,4,4,0,0,15,2
2010,14,2010-07-03,Football Park,Adelaide,Essendon,Essendon,Alwyn Davey,8,2,6,0,2,0,5
2010,14,2010-07-03,Football Park,Adelaide,Essendon,Essendon,Scott Gumbleton,3,5,5,0,0,0,2
2010,14,2010-07-03,Football Park,Adelaide,Essendon,Essendon,Heath Hocking,11,4,9,1,1,0,5
2010,14,2010-07-03,Football Park,Adelaide,Essendon,Essendon,Cale Hooker,4,5,12,0,0,0,0
2010,14,2010-07-03,Football Park,Adelaide,Essendon,Essendon,Michael Hurley,6,2,11,0,0,0,1
2010,14,2010-07-03,Football Park,Adelaide,Essendon,Essendon,Leroy Jetta,6,2,9,0,1,0,4
2010,14,2010-07-03,Football Park,Adelaide,Essendon,Essendon,Sam Lonergan,4,2,8,1,0,0,2
2010,14,2010-07-03,Football Park,Adelaide,Essendon,Essendon,Nathan Lovett-Murray,8,5,10,0,0,0,2
2010,14,2010-07-03,Football Park,Adelaide,Essendon,Essendon,Mark McVeigh,11,2,6,0,0,0,4
2010,14,2010-07-03,Football Park,Adelaide,Essendon,Essendon,Jake Melksham,12,1,6,0,0,0,2
2010,14,2010-07-03,Football Park,Adelaide,Essendon,Essendon,Brent Prismall,12,6,10,0,0,0,4
2010,14,2010-07-03,Football Park,Adelaide,Essendon,Essendon,Michael Quinn,3,2,5,0,0,0,2
2010,14,2010-07-03,Football Park,Adelaide,Essendon,Essendon,Kyle Reimers,9,3,6,0,1,0,1
2010,14,2010-07-03,Football Park,Adelaide,Essendon,Essendon,Paddy Ryder,11,3,2,2,0,29,4
2010,14,2010-07-03,Football Park,Adelaide,Essendon,Essendon,Henry Slattery,5,4,1,0,0,0,4
2010,14,2010-07-03,Football Park,Adelaide,Essendon,Essendon,Tyson Slattery,9,2,6,1,0,0,2
2010,14,2010-07-03,Football Park,Adelaide,Essendon,Essendon,Brent Stanton,13,3,13,0,1,0,1
2010,14,2010-07-03,Football Park,Adelaide,Essendon,Essendon,Jobe Watson,3,0,19,0,0,0,5
2010,14,2010-07-03,Football Park,Adelaide,Essendon,Essendon,Andrew Welsh,8,5,12,0,0,0,11
2010,14,2010-07-03,Football Park,Adelaide,Essendon,Essendon,Jason Winderlich,10,4,15,0,1,1,6
2010,14,2010-07-03,Football Park,Adelaide,Essendon,Essendon,David Zaharakis,12,7,10,0,1,0,4
2010,14,2010-07-04,Kardinia Park,Geelong,North Melbourne,Geelong,Gary Ablett,10,4,23,1,0,0,5
2010,14,2010-07-04,Kardinia Park,Geelong,North Melbourne,Geelong,Jimmy Bartel,11,11,11,1,1,0,0
2010,14,2010-07-04,Kardinia Park,Geelong,North Melbourne,Geelong,Mark Blake,3,2,12,0,0,20,1
2010,14,2010-07-04,Kardinia Park,Geelong,North Melbourne,Geelong,Shannon Byrnes,8,5,12,2,1,0,2
2010,14,2010-07-04,Kardinia Park,Geelong,North Melbourne,Geelong,Paul Chapman,20,4,17,0,2,0,5
2010,14,2010-07-04,Kardinia Park,Geelong,North Melbourne,Geelong,Joel Corey,8,5,19,0,0,0,10
2010,14,2010-07-04,Kardinia Park,Geelong,North Melbourne,Geelong,Mitch Duncan,7,5,4,2,0,0,0
2010,14,2010-07-04,Kardinia Park,Geelong,North Melbourne,Geelong,Corey Enright,18,7,12,0,0,0,2
2010,14,2010-07-04,Kardinia Park,Geelong,North Melbourne,Geelong,Simon Hogan,8,4,14,0,0,0,4
2010,14,2010-07-04,Kardinia Park,Geelong,North Melbourne,Geelong,Josh Hunt,10,6,9,0,0,0,2
2010,14,2010-07-04,Kardinia Park,Geelong,North Melbourne,Geelong,Taylor Hunt,10,3,14,0,0,0,2
2010,14,2010-07-04,Kardinia Park,Geelong,North Melbourne,Geelong,James Kelly,15,2,17,0,0,0,5
2010,14,2010-07-04,Kardinia Park,Geelong,North Melbourne,Geelong,Tom Lonergan,5,11,10,0,0,0,3
2010,14,2010-07-04,Kardinia Park,Geelong,North Melbourne,Geelong,Andrew Mackie,25,8,7,1,0,0,2
2010,14,2010-07-04,Kardinia Park,Geelong,North Melbourne,Geelong,Darren Milburn,10,6,11,0,0,0,2
2010,14,2010-07-04,Kardinia Park,Geelong,North Melbourne,Geelong,James Podsiadly,12,8,5,5,1,0,4
2010,14,2010-07-04,Kardinia Park,Geelong,North Melbourne,Geelong,Matthew Scarlett,9,6,16,0,0,0,2
2010,14,2010-07-04,Kardinia Park,Geelong,North Melbourne,Geelong,Joel Selwood,12,4,20,0,1,0,5
2010,14,2010-07-04,Kardinia Park,Geelong,North Melbourne,Geelong,Mathew Stokes,10,9,18,0,1,0,3
2010,14,2010-07-04,Kardinia Park,Geelong,North Melbourne,Geelong,Travis Varcoe,3,1,13,1,0,0,3
2010,14,2010-07-04,Kardinia Park,Geelong,North Melbourne,Geelong,Trent West,5,5,3,1,3,9,1
2010,14,2010-07-04,Kardinia Park,Geelong,North Melbourne,Geelong,David Wojcinski,8,6,11,0,1,0,0
2010,14,2010-07-04,Kardinia Park,Geelong,North Melbourne,North Melbourne,Leigh Adams,6,3,13,0,1,0,0
2010,14,2010-07-04,Kardinia Park,Geelong,North Melbourne,North Melbourne,Ryan Bastinac,5,0,16,0,0,0,1
2010,14,2010-07-04,Kardinia Park,Geelong,North Melbourne,North Melbourne,Matt Campbell,3,1,5,0,0,0,5
2010,14,2010-07-04,Kardinia Park,Geelong,North Melbourne,North Melbourne,Ben Cunnington,9,4,7,0,1,0,3
2010,14,2010-07-04,Kardinia Park,Geelong,North Melbourne,North Melbourne,Michael Firrito,8,2,11,0,0,0,0
2010,14,2010-07-04,Kardinia Park,Geelong,North Melbourne,North Melbourne,Cruize Garlett,11,1,8,0,0,0,8
2010,14,2010-07-04,Kardinia Park,Geelong,North Melbourne,North Melbourne,Todd Goldstein,12,10,10,1,1,10,3
2010,14,2010-07-04,Kardinia Park,Geelong,North Melbourne,North Melbourne,Levi Greenwood,8,4,10,0,0,0,1
2010,14,2010-07-04,Kardinia Park,Geelong,North Melbourne,North Melbourne,Lachlan Hansen,10,6,2,4,1,1,1
2010,14,2010-07-04,Kardinia Park,Geelong,North Melbourne,North Melbourne,Brent Harvey,12,5,10,0,1,0,2
2010,14,2010-07-04,Kardinia Park,Geelong,North Melbourne,North Melbourne,Ed Lower,8,4,9,0,0,0,2
2010,14,2010-07-04,Kardinia Park,Geelong,North Melbourne,North Melbourne,Hamish McIntosh,7,3,5,1,2,15,1
2010,14,2010-07-04,Kardinia Park,Geelong,North Melbourne,North Melbourne,Scott McMahon,13,4,4,0,0,0,3
2010,14,2010-07-04,Kardinia Park,Geelong,North Melbourne,North Melbourne,Daniel Pratt,11,5,7,0,0,0,0
2010,14,2010-07-04,Kardinia Park,Geelong,North Melbourne,North Melbourne,Brady Rawlings,7,11,29,0,0,0,0
2010,14,2010-07-04,Kardinia Park,Geelong,North Melbourne,North Melbourne,Andrew Swallow,8,2,9,0,0,0,5
2010,14,2010-07-04,Kardinia Park,Geelong,North Melbourne,North Melbourne,Lindsay Thomas,8,2,1,1,0,0,0
2010,14,2010-07-04,Kardinia Park,Geelong,North Melbourne,North Melbourne,Scott Thompson,6,3,11,0,0,0,2
2010,14,2010-07-04,Kardinia Park,Geelong,North Melbourne,North Melbourne,Ben Warren,7,2,1,1,0,0,0
2010,14,2010-07-04,Kardinia Park,Geelong,North Melbourne,North Melbourne,Daniel Wells,16,4,10,1,0,0,3
2010,14,2010-07-04,Kardinia Park,Geelong,North Melbourne,North Melbourne,Sam Wright,8,6,7,0,0,0,1
2010,14,2010-07-04,Kardinia Park,Geelong,North Melbourne,North Melbourne,Jack Ziebell,0,0,4,0,0,0,0
2010,14,2010-07-04,M.C.G.,Richmond,Sydney,Richmond,David Astbury,9,5,12,0,1,0,1
2010,14,2010-07-04,M.C.G.,Richmond,Sydney,Richmond,Andrew Collins,8,4,3,3,0,0,6
2010,14,2010-07-04,M.C.G.,Richmond,Sydney,Richmond,Daniel Connors,18,10,8,0,0,0,4
2010,14,2010-07-04,M.C.G.,Richmond,Sydney,Richmond,Trent Cotchin,8,2,9,0,0,1,5
2010,14,2010-07-04,M.C.G.,Richmond,Sydney,Richmond,Ben Cousins,5,1,16,0,0,0,2
2010,14,2010-07-04,M.C.G.,Richmond,Sydney,Richmond,Brett Deledio,14,4,14,0,1,0,3
2010,14,2010-07-04,M.C.G.,Richmond,Sydney,Richmond,Shane Edwards,11,1,6,0,0,0,2
2010,14,2010-07-04,M.C.G.,Richmond,Sydney,Richmond,Mitch Farmer,5,2,9,1,1,0,3
2010,14,2010-07-04,M.C.G.,Richmond,Sydney,Richmond,Angus Graham,5,4,5,0,0,19,3
2010,14,2010-07-04,M.C.G.,Richmond,Sydney,Richmond,Ben Griffiths,3,1,3,1,0,0,4
2010,14,2010-07-04,M.C.G.,Richmond,Sydney,Richmond,Daniel Jackson,14,3,6,0,0,0,13
2010,14,2010-07-04,M.C.G.,Richmond,Sydney,Richmond,Jake King,2,1,6,0,0,1,8
2010,14,2010-07-04,M.C.G.,Richmond,Sydney,Richmond,Dustin Martin,13,6,5,1,0,0,7
2010,14,2010-07-04,M.C.G.,Richmond,Sydney,Richmond,Kelvin Moore,13,7,7,0,0,0,3
2010,14,2010-07-04,M.C.G.,Richmond,Sydney,Richmond,Ben Nason,9,3,2,1,0,0,2
2010,14,2010-07-04,M.C.G.,Richmond,Sydney,Richmond,Chris Newman,18,7,2,2,0,0,3
2010,14,2010-07-04,M.C.G.,Richmond,Sydney,Richmond,Jack Riewoldt,12,7,0,5,1,2,2
2010,14,2010-07-04,M.C.G.,Richmond,Sydney,Richmond,Richard Tambling,6,5,6,0,0,0,2
2010,14,2010-07-04,M.C.G.,Richmond,Sydney,Richmond,Will Thursfield,8,10,11,0,0,0,4
2010,14,2010-07-04,M.C.G.,Richmond,Sydney,Richmond,Shane Tuck,8,1,11,0,0,0,9
2010,14,2010-07-04,M.C.G.,Richmond,Sydney,Richmond,Ty Vickery,2,2,4,0,0,7,1
2010,14,2010-07-04,M.C.G.,Richmond,Sydney,Richmond,Matt White,6,2,3,0,0,0,3
2010,14,2010-07-04,M.C.G.,Richmond,Sydney,Sydney,Craig Bird,11,1,8,0,0,0,3
2010,14,2010-07-04,M.C.G.,Richmond,Sydney,Sydney,Jude Bolton,12,5,20,0,0,0,9
2010,14,2010-07-04,M.C.G.,Richmond,Sydney,Sydney,Trent Dennis-Lane,4,4,4,1,1,0,2
2010,14,2010-07-04,M.C.G.,Richmond,Sydney,Sydney,Adam Goodes,12,10,3,2,3,0,2
2010,14,2010-07-04,M.C.G.,Richmond,Sydney,Sydney,Heath Grundy,7,4,3,0,0,0,4
2010,14,2010-07-04,M.C.G.,Richmond,Sydney,Sydney,Dan Hannebery,11,7,13,0,0,0,5
2010,14,2010-07-04,M.C.G.,Richmond,Sydney,Sydney,Kieren Jack,9,2,12,1,0,0,4
2010,14,2010-07-04,M.C.G.,Richmond,Sydney,Sydney,Josh Kennedy,9,4,6,0,0,0,1
2010,14,2010-07-04,M.C.G.,Richmond,Sydney,Sydney,Tadhg Kennelly,7,1,6,0,1,0,0
2010,14,2010-07-04,M.C.G.,Richmond,Sydney,Sydney,Brett Kirk,3,3,11,0,0,0,4
2010,14,2010-07-04,M.C.G.,Richmond,Sydney,Sydney,Nick Malceski,12,6,6,0,1,1,2
2010,14,2010-07-04,M.C.G.,Richmond,Sydney,Sydney,Martin Mattner,9,4,7,0,0,0,5
2010,14,2010-07-04,M.C.G.,Richmond,Sydney,Sydney,Ben McGlynn,12,6,3,1,1,0,5
2010,14,2010-07-04,M.C.G.,Richmond,Sydney,Sydney,Jarrad McVeigh,9,3,12,3,0,0,3
2010,14,2010-07-04,M.C.G.,Richmond,Sydney,Sydney,Jarred Moore,5,3,6,2,0,0,3
2010,14,2010-07-04,M.C.G.,Richmond,Sydney,Sydney,Shane Mumford,4,0,8,1,0,24,8
2010,14,2010-07-04,M.C.G.,Richmond,Sydney,Sydney,Ryan OKeefe,17,4,12,0,1,0,11
2010,14,2010-07-04,M.C.G.,Richmond,Sydney,Sydney,Henry Playfair,4,4,2,0,1,0,0
2010,14,2010-07-04,M.C.G.,Richmond,Sydney,Sydney,Mike Pyke,2,3,4,1,0,21,3
2010,14,2010-07-04,M.C.G.,Richmond,Sydney,Sydney,Lewis Roberts-Thomson,9,9,4,0,0,0,1
2010,14,2010-07-04,M.C.G.,Richmond,Sydney,Sydney,Rhyce Shaw,16,8,5,0,2,0,4
2010,14,2010-07-04,M.C.G.,Richmond,Sydney,Sydney,Nick Smith,9,6,8,0,0,0,2
2010,14,2010-07-04,Docklands,St Kilda,Melbourne,St Kilda,Jason Blake,9,8,6,0,0,0,0
2010,14,2010-07-04,Docklands,St Kilda,Melbourne,St Kilda,Nick Dal Santo,14,2,10,1,0,0,4
2010,14,2010-07-04,Docklands,St Kilda,Melbourne,St Kilda,Zac Dawson,9,8,4,0,0,0,3
2010,14,2010-07-04,Docklands,St Kilda,Melbourne,St Kilda,Sean Dempster,11,9,6,0,0,0,4
2010,14,2010-07-04,Docklands,St Kilda,Melbourne,St Kilda,Sam Fisher,12,12,6,1,0,0,2
2010,14,2010-07-04,Docklands,St Kilda,Melbourne,St Kilda,Michael Gardiner,7,4,7,0,0,15,1
2010,14,2010-07-04,Docklands,St Kilda,Melbourne,St Kilda,Jarryn Geary,5,3,10,0,0,0,6
2010,14,2010-07-04,Docklands,St Kilda,Melbourne,St Kilda,Sam Gilbert,18,12,9,0,0,0,1
2010,14,2010-07-04,Docklands,St Kilda,Melbourne,St Kilda,Brendon Goddard,15,8,16,1,1,2,3
2010,14,2010-07-04,Docklands,St Kilda,Melbourne,St Kilda,James Gwilt,12,4,6,0,0,0,0
2010,14,2010-07-04,Docklands,St Kilda,Melbourne,St Kilda,Lenny Hayes,11,2,17,2,0,3,5
2010,14,2010-07-04,Docklands,St Kilda,Melbourne,St Kilda,Clinton Jones,16,4,15,1,0,0,8
2010,14,2010-07-04,Docklands,St Kilda,Melbourne,St Kilda,Ben McEvoy,8,8,4,0,0,14,3
2010,14,2010-07-04,Docklands,St Kilda,Melbourne,St Kilda,Andrew McQualter,3,1,4,0,0,0,6
2010,14,2010-07-04,Docklands,St Kilda,Melbourne,St Kilda,Stephen Milne,13,4,2,3,1,0,1
2010,14,2010-07-04,Docklands,St Kilda,Melbourne,St Kilda,Leigh Montagna,15,7,20,2,0,0,4
2010,14,2010-07-04,Docklands,St Kilda,Melbourne,St Kilda,Adam Pattison,3,4,7,0,0,4,5
2010,14,2010-07-04,Docklands,St Kilda,Melbourne,St Kilda,Brett Peake,11,5,5,0,1,0,3
2010,14,2010-07-04,Docklands,St Kilda,Melbourne,St Kilda,Farren Ray,9,7,14,0,2,0,2
2010,14,2010-07-04,Docklands,St Kilda,Melbourne,St Kilda,Adam Schneider,16,6,11,2,0,0,5
2010,14,2010-07-04,Docklands,St Kilda,Melbourne,St Kilda,Rhys Stanley,3,4,5,1,0,1,0
2010,14,2010-07-04,Docklands,St Kilda,Melbourne,St Kilda,Jack Steven,9,3,9,1,0,0,7
2010,14,2010-07-04,Docklands,St Kilda,Melbourne,Melbourne,Clint Bartram,8,2,4,0,0,0,2
2010,14,2010-07-04,Docklands,St Kilda,Melbourne,Melbourne,Matthew Bate,5,3,5,0,1,0,3
2010,14,2010-07-04,Docklands,St Kilda,Melbourne,Melbourne,Jamie Bennell,8,2,2,1,2,0,4
2010,14,2010-07-04,Docklands,St Kilda,Melbourne,Melbourne,Cameron Bruce,6,4,14,0,1,0,5
2010,14,2010-07-04,Docklands,St Kilda,Melbourne,Melbourne,Kyle Cheney,12,9,1,0,0,0,1
2010,14,2010-07-04,Docklands,St Kilda,Melbourne,Melbourne,Aaron Davey,12,1,2,0,0,0,7
2010,14,2010-07-04,Docklands,St Kilda,Melbourne,Melbourne,Lynden Dunn,10,8,5,2,1,0,1
2010,14,2010-07-04,Docklands,St Kilda,Melbourne,Melbourne,James Frawley,9,3,5,0,0,0,3
2010,14,2010-07-04,Docklands,St Kilda,Melbourne,Melbourne,Colin Garland,7,4,4,0,0,0,2
2010,14,2010-07-04,Docklands,St Kilda,Melbourne,Melbourne,Brad Green,15,9,11,2,0,0,6
2010,14,2010-07-04,Docklands,St Kilda,Melbourne,Melbourne,Jack Grimes,8,3,3,0,0,0,2
2010,14,2010-07-04,Docklands,St Kilda,Melbourne,Melbourne,Mark Jamar,4,3,11,0,1,28,0
2010,14,2010-07-04,Docklands,St Kilda,Melbourne,Melbourne,Neville Jetta,6,1,5,1,0,0,3
2010,14,2010-07-04,Docklands,St Kilda,Melbourne,Melbourne,Nathan Jones,5,2,8,0,1,0,3
2010,14,2010-07-04,Docklands,St Kilda,Melbourne,Melbourne,Joel Macdonald,13,6,11,0,0,0,3
2010,14,2010-07-04,Docklands,St Kilda,Melbourne,Melbourne,Jordie McKenzie,8,3,16,0,0,0,5
2010,14,2010-07-04,Docklands,St Kilda,Melbourne,Melbourne,Brent Moloney,10,1,12,1,0,0,5
2010,14,2010-07-04,Docklands,St Kilda,Melbourne,Melbourne,Jared Rivers,6,4,4,0,0,0,2
2010,14,2010-07-04,Docklands,St Kilda,Melbourne,Melbourne,Tom Scully,4,1,10,0,0,0,3
2010,14,2010-07-04,Docklands,St Kilda,Melbourne,Melbourne,Jake Spencer,1,3,7,0,0,17,2
2010,14,2010-07-04,Docklands,St Kilda,Melbourne,Melbourne,Jack Trengove,14,8,10,1,1,0,5
2010,14,2010-07-04,Docklands,St Kilda,Melbourne,Melbourne,Jack Watts,13,9,5,1,0,0,1
2010,15,2010-07-09,Football Park,Port Adelaide,Collingwood,Port Adelaide,Mitchell Banner,13,3,10,1,0,0,1
2010,15,2010-07-09,Football Park,Port Adelaide,Collingwood,Port Adelaide,Travis Boak,9,2,9,0,1,0,10
2010,15,2010-07-09,Football Park,Port Adelaide,Collingwood,Port Adelaide,Matthew Broadbent,9,5,4,0,1,0,1
2010,15,2010-07-09,Football Park,Port Adelaide,Collingwood,Port Adelaide,Dean Brogan,6,3,9,0,0,25,4
2010,15,2010-07-09,Football Park,Port Adelaide,Collingwood,Port Adelaide,Alipate Carlile,11,7,4,0,0,0,0
2010,15,2010-07-09,Football Park,Port Adelaide,Collingwood,Port Adelaide,Josh Carr,6,3,5,1,0,2,3
2010,15,2010-07-09,Football Park,Port Adelaide,Collingwood,Port Adelaide,Domenic Cassisi,7,1,15,0,0,0,8
2010,15,2010-07-09,Football Park,Port Adelaide,Collingwood,Port Adelaide,Troy Chaplin,10,8,11,0,0,0,4
2010,15,2010-07-09,Football Park,Port Adelaide,Collingwood,Port Adelaide,Kane Cornes,9,4,17,0,0,0,4
2010,15,2010-07-09,Football Park,Port Adelaide,Collingwood,Port Adelaide,Brett Ebert,12,6,2,4,2,1,3
2010,15,2010-07-09,Football Park,Port Adelaide,Collingwood,Port Adelaide,Cameron Hitchcock,6,3,5,0,0,0,3
2010,15,2010-07-09,Football Park,Port Adelaide,Collingwood,Port Adelaide,Tom Logan,11,6,14,0,0,0,3
2010,15,2010-07-09,Football Park,Port Adelaide,Collingwood,Port Adelaide,Daniel Motlop,9,3,1,2,2,0,3
2010,15,2010-07-09,Football Park,Port Adelaide,Collingwood,Port Adelaide,Danyle Pearce,11,0,7,0,0,0,2
2010,15,2010-07-09,Football Park,Port Adelaide,Collingwood,Port Adelaide,David Rodan,16,1,10,3,0,0,8
2010,15,2010-07-09,Football Park,Port Adelaide,Collingwood,Port Adelaide,Steven Salopek,16,9,6,0,0,0,0
2010,15,2010-07-09,Football Park,Port Adelaide,Collingwood,Port Adelaide,Nick Salter,14,7,6,0,0,0,0
2010,15,2010-07-09,Football Park,Port Adelaide,Collingwood,Port Adelaide,Daniel Stewart,5,4,3,1,0,0,0
2010,15,2010-07-09,Football Park,Port Adelaide,Collingwood,Port Adelaide,Paul Stewart,6,7,10,0,0,0,0
2010,15,2010-07-09,Football Park,Port Adelaide,Collingwood,Port Adelaide,Matt Thomas,3,1,7,0,0,0,3
2010,15,2010-07-09,Football Park,Port Adelaide,Collingwood,Port Adelaide,Jackson Trengove,6,6,6,0,1,10,2
2010,15,2010-07-09,Football Park,Port Adelaide,Collingwood,Port Adelaide,Justin Westhoff,12,4,2,0,0,0,2
2010,15,2010-07-09,Football Park,Port Adelaide,Collingwood,Collingwood,John Anthony,3,2,8,0,0,0,3
2010,15,2010-07-09,Football Park,Port Adelaide,Collingwood,Collingwood,Luke Ball,7,1,13,0,0,0,7
2010,15,2010-07-09,Football Park,Port Adelaide,Collingwood,Collingwood,Dayne Beams,7,3,17,1,0,0,4
2010,15,2010-07-09,Football Park,Port Adelaide,Collingwood,Collingwood,Jarryd Blair,8,4,7,2,0,0,3
2010,15,2010-07-09,Football Park,Port Adelaide,Collingwood,Collingwood,Leigh Brown,4,5,6,2,0,4,5
2010,15,2010-07-09,Football Park,Port Adelaide,Collingwood,Collingwood,Travis Cloke,8,4,4,1,1,0,4
2010,15,2010-07-09,Football Park,Port Adelaide,Collingwood,Collingwood,Chris Dawes,7,6,4,3,1,0,1
2010,15,2010-07-09,Football Park,Port Adelaide,Collingwood,Collingwood,Alan Didak,11,1,9,2,1,0,4
2010,15,2010-07-09,Football Park,Port Adelaide,Collingwood,Collingwood,Tyson Goldsack,9,3,7,0,1,0,1
2010,15,2010-07-09,Football Park,Port Adelaide,Collingwood,Collingwood,Ben Johnson,9,2,4,0,0,0,3
2010,15,2010-07-09,Football Park,Port Adelaide,Collingwood,Collingwood,Darren Jolly,6,4,6,1,0,30,6
2010,15,2010-07-09,Football Park,Port Adelaide,Collingwood,Collingwood,Tarkyn Lockyer,6,3,9,1,0,0,6
2010,15,2010-07-09,Football Park,Port Adelaide,Collingwood,Collingwood,Heritier Lumumba,8,1,7,0,1,0,3
2010,15,2010-07-09,Football Park,Port Adelaide,Collingwood,Collingwood,Scott Pendlebury,9,1,21,0,1,0,5
2010,15,2010-07-09,Football Park,Port Adelaide,Collingwood,Collingwood,Simon Prestigiacomo,1,1,3,0,0,0,3
2010,15,2010-07-09,Football Park,Port Adelaide,Collingwood,Collingwood,Ben Reid,9,4,5,0,0,0,0
2010,15,2010-07-09,Football Park,Port Adelaide,Collingwood,Collingwood,Heath Shaw,12,3,8,0,0,0,3
2010,15,2010-07-09,Football Park,Port Adelaide,Collingwood,Collingwood,Steele Sidebottom,4,0,4,0,0,0,4
2010,15,2010-07-09,Football Park,Port Adelaide,Collingwood,Collingwood,Dane Swan,25,2,14,1,1,0,7
2010,15,2010-07-09,Football Park,Port Adelaide,Collingwood,Collingwood,Dale Thomas,8,5,9,2,0,0,5
2010,15,2010-07-09,Football Park,Port Adelaide,Collingwood,Collingwood,Alan Toovey,1,2,7,0,0,0,3
2010,15,2010-07-09,Football Park,Port Adelaide,Collingwood,Collingwood,Sharrod Wellingham,6,2,12,0,0,0,3
2010,15,2010-07-10,M.C.G.,Geelong,Hawthorn,Geelong,Gary Ablett,14,3,18,1,1,0,5
2010,15,2010-07-10,M.C.G.,Geelong,Hawthorn,Geelong,Jimmy Bartel,17,8,9,1,3,3,8
2010,15,2010-07-10,M.C.G.,Geelong,Hawthorn,Geelong,Mark Blake,5,3,7,0,1,18,0
2010,15,2010-07-10,M.C.G.,Geelong,Hawthorn,Geelong,Shannon Byrnes,5,3,3,1,0,0,2
2010,15,2010-07-10,M.C.G.,Geelong,Hawthorn,Geelong,Paul Chapman,12,5,12,2,0,0,7
2010,15,2010-07-10,M.C.G.,Geelong,Hawthorn,Geelong,Mitch Duncan,5,4,3,0,0,0,2
2010,15,2010-07-10,M.C.G.,Geelong,Hawthorn,Geelong,Corey Enright,8,3,5,0,0,0,2
2010,15,2010-07-10,M.C.G.,Geelong,Hawthorn,Geelong,Simon Hogan,3,1,9,0,1,0,0
2010,15,2010-07-10,M.C.G.,Geelong,Hawthorn,Geelong,Josh Hunt,6,5,5,0,0,0,3
2010,15,2010-07-10,M.C.G.,Geelong,Hawthorn,Geelong,James Kelly,8,3,15,0,0,0,7
2010,15,2010-07-10,M.C.G.,Geelong,Hawthorn,Geelong,Cameron Ling,12,3,4,0,0,0,7
2010,15,2010-07-10,M.C.G.,Geelong,Hawthorn,Geelong,Tom Lonergan,4,2,5,0,0,0,2
2010,15,2010-07-10,M.C.G.,Geelong,Hawthorn,Geelong,Andrew Mackie,14,7,8,0,0,0,5
2010,15,2010-07-10,M.C.G.,Geelong,Hawthorn,Geelong,Darren Milburn,7,2,10,0,0,2,3
2010,15,2010-07-10,M.C.G.,Geelong,Hawthorn,Geelong,Brad Ottens,0,2,11,0,0,25,3
2010,15,2010-07-10,M.C.G.,Geelong,Hawthorn,Geelong,James Podsiadly,8,5,2,2,1,1,2
2010,15,2010-07-10,M.C.G.,Geelong,Hawthorn,Geelong,Matthew Scarlett,7,1,4,0,0,0,1
2010,15,2010-07-10,M.C.G.,Geelong,Hawthorn,Geelong,Joel Selwood,11,2,19,0,1,1,7
2010,15,2010-07-10,M.C.G.,Geelong,Hawthorn,Geelong,Mathew Stokes,12,3,10,4,2,0,3
2010,15,2010-07-10,M.C.G.,Geelong,Hawthorn,Geelong,Harry Taylor,10,7,7,0,0,0,2
2010,15,2010-07-10,M.C.G.,Geelong,Hawthorn,Geelong,Travis Varcoe,8,4,6,1,1,0,5
2010,15,2010-07-10,M.C.G.,Geelong,Hawthorn,Geelong,David Wojcinski,8,3,8,0,0,0,1
2010,15,2010-07-10,M.C.G.,Geelong,Hawthorn,Hawthorn,Chance Bateman,10,3,7,0,2,5,3
2010,15,2010-07-10,M.C.G.,Geelong,Hawthorn,Hawthorn,Grant Birchall,12,4,9,0,0,0,3
2010,15,2010-07-10,M.C.G.,Geelong,Hawthorn,Hawthorn,Campbell Brown,5,3,1,0,1,0,6
2010,15,2010-07-10,M.C.G.,Geelong,Hawthorn,Hawthorn,Shaun Burgoyne,14,4,8,0,0,0,5
2010,15,2010-07-10,M.C.G.,Geelong,Hawthorn,Hawthorn,Xavier Ellis,5,1,6,1,0,1,6
2010,15,2010-07-10,M.C.G.,Geelong,Hawthorn,Hawthorn,Lance Franklin,11,7,11,3,3,1,6
2010,15,2010-07-10,M.C.G.,Geelong,Hawthorn,Hawthorn,Josh Gibson,4,0,3,0,0,0,3
2010,15,2010-07-10,M.C.G.,Geelong,Hawthorn,Hawthorn,Stephen Gilham,7,5,4,0,0,0,2
2010,15,2010-07-10,M.C.G.,Geelong,Hawthorn,Hawthorn,Brent Guerra,13,5,6,0,0,0,4
2010,15,2010-07-10,M.C.G.,Geelong,Hawthorn,Hawthorn,Luke Hodge,10,4,10,1,0,0,6
2010,15,2010-07-10,M.C.G.,Geelong,Hawthorn,Hawthorn,Jordan Lewis,8,4,8,2,0,3,1
2010,15,2010-07-10,M.C.G.,Geelong,Hawthorn,Hawthorn,Tom Murphy,10,5,10,0,0,0,2
2010,15,2010-07-10,M.C.G.,Geelong,Hawthorn,Hawthorn,Michael Osborne,10,4,4,0,0,2,2
2010,15,2010-07-10,M.C.G.,Geelong,Hawthorn,Hawthorn,Carl Peterson,5,2,5,0,0,2,5
2010,15,2010-07-10,M.C.G.,Geelong,Hawthorn,Hawthorn,Brent Renouf,4,3,5,0,1,17,8
2010,15,2010-07-10,M.C.G.,Geelong,Hawthorn,Hawthorn,Cyril Rioli,17,6,8,0,1,2,4
2010,15,2010-07-10,M.C.G.,Geelong,Hawthorn,Hawthorn,Jarryd Roughead,5,2,2,2,1,1,1
2010,15,2010-07-10,M.C.G.,Geelong,Hawthorn,Hawthorn,Ryan Schoenmakers,3,1,6,0,0,0,2
2010,15,2010-07-10,M.C.G.,Geelong,Hawthorn,Hawthorn,Brad Sewell,13,4,11,1,1,1,7
2010,15,2010-07-10,M.C.G.,Geelong,Hawthorn,Hawthorn,Wayde Skipper,7,2,2,0,1,4,6
2010,15,2010-07-10,M.C.G.,Geelong,Hawthorn,Hawthorn,Ben Stratton,9,7,5,0,0,0,2
2010,15,2010-07-10,M.C.G.,Geelong,Hawthorn,Hawthorn,Clinton Young,8,4,3,1,2,0,4
2010,15,2010-07-10,Subiaco,West Coast,Adelaide,West Coast,Mitch Brown,5,3,9,0,0,0,5
2010,15,2010-07-10,Subiaco,West Coast,Adelaide,West Coast,Dean Cox,11,6,12,1,0,23,1
2010,15,2010-07-10,Subiaco,West Coast,Adelaide,West Coast,Brad Ebert,15,4,4,0,1,0,10
2010,15,2010-07-10,Subiaco,West Coast,Adelaide,West Coast,Andrew Embley,13,7,10,3,0,3,6
2010,15,2010-07-10,Subiaco,West Coast,Adelaide,West Coast,Ashton Hams,6,3,7,1,0,0,5
2010,15,2010-07-10,Subiaco,West Coast,Adelaide,West Coast,Brett Jones,8,6,10,0,0,0,2
2010,15,2010-07-10,Subiaco,West Coast,Adelaide,West Coast,Josh Kennedy,8,5,1,0,2,0,3
2010,15,2010-07-10,Subiaco,West Coast,Adelaide,West Coast,Mark LeCras,11,4,7,4,0,0,2
2010,15,2010-07-10,Subiaco,West Coast,Adelaide,West Coast,Quinten Lynch,13,10,9,0,2,2,0
2010,15,2010-07-10,Subiaco,West Coast,Adelaide,West Coast,Eric Mackenzie,11,8,7,0,0,0,5
2010,15,2010-07-10,Subiaco,West Coast,Adelaide,West Coast,Chris Masten,8,3,13,0,1,0,1
2010,15,2010-07-10,Subiaco,West Coast,Adelaide,West Coast,Nic Naitanui,1,1,5,0,1,20,3
2010,15,2010-07-10,Subiaco,West Coast,Adelaide,West Coast,Matt Priddis,2,0,13,0,1,0,5
2010,15,2010-07-10,Subiaco,West Coast,Adelaide,West Coast,Matt Rosa,15,6,14,0,0,0,7
2010,15,2010-07-10,Subiaco,West Coast,Adelaide,West Coast,Will Schofield,6,3,5,0,0,0,5
2010,15,2010-07-10,Subiaco,West Coast,Adelaide,West Coast,Adam Selwood,19,6,10,1,0,0,4
2010,15,2010-07-10,Subiaco,West Coast,Adelaide,West Coast,Scott Selwood,6,2,14,0,0,0,10
2010,15,2010-07-10,Subiaco,West Coast,Adelaide,West Coast,Brad Sheppard,6,1,7,1,1,0,3
2010,15,2010-07-10,Subiaco,West Coast,Adelaide,West Coast,Ashley Smith,14,4,5,1,0,0,2
2010,15,2010-07-10,Subiaco,West Coast,Adelaide,West Coast,Lewis Stevenson,10,3,5,2,1,0,3
2010,15,2010-07-10,Subiaco,West Coast,Adelaide,West Coast,Andrew Strijk,7,3,6,0,0,0,0
2010,15,2010-07-10,Subiaco,West Coast,Adelaide,West Coast,Beau Waters,10,5,10,0,0,0,3
2010,15,2010-07-10,Subiaco,West Coast,Adelaide,Adelaide,Tony Armstrong,4,1,7,0,0,0,1
2010,15,2010-07-10,Subiaco,West Coast,Adelaide,Adelaide,Patrick Dangerfield,11,5,12,1,1,0,1
2010,15,2010-07-10,Subiaco,West Coast,Adelaide,Adelaide,Phil Davis,6,2,5,0,0,0,2
2010,15,2010-07-10,Subiaco,West Coast,Adelaide,Adelaide,Michael Doughty,13,5,10,0,1,0,3
2010,15,2010-07-10,Subiaco,West Coast,Adelaide,Adelaide,Richard Douglas,14,3,9,0,1,0,7
2010,15,2010-07-10,Subiaco,West Coast,Adelaide,Adelaide,Simon Goodwin,16,14,12,0,0,0,2
2010,15,2010-07-10,Subiaco,West Coast,Adelaide,Adelaide,Jonathon Griffin,3,3,8,0,0,12,5
2010,15,2010-07-10,Subiaco,West Coast,Adelaide,Adelaide,Ricky Henderson,13,8,9,3,0,0,5
2010,15,2010-07-10,Subiaco,West Coast,Adelaide,Adelaide,Matthew Jaensch,5,1,6,3,0,0,4
2010,15,2010-07-10,Subiaco,West Coast,Adelaide,Adelaide,Graham Johncock,10,3,4,0,0,0,6
2010,15,2010-07-10,Subiaco,West Coast,Adelaide,Adelaide,Ivan Maric,2,1,6,0,0,12,0
2010,15,2010-07-10,Subiaco,West Coast,Adelaide,Adelaide,Jason Porplyzia,7,2,10,2,2,0,6
2010,15,2010-07-10,Subiaco,West Coast,Adelaide,Adelaide,Brent Reilly,10,3,9,0,0,0,7
2010,15,2010-07-10,Subiaco,West Coast,Adelaide,Adelaide,Ben Rutten,5,5,8,0,0,0,1
2010,15,2010-07-10,Subiaco,West Coast,Adelaide,Adelaide,Rory Sloane,9,3,10,1,0,0,2
2010,15,2010-07-10,Subiaco,West Coast,Adelaide,Adelaide,Scott Stevens,13,12,5,0,0,0,3
2010,15,2010-07-10,Subiaco,West Coast,Adelaide,Adelaide,Brad Symes,12,4,4,1,1,0,7
2010,15,2010-07-10,Subiaco,West Coast,Adelaide,Adelaide,Scott Thompson,17,3,12,0,0,0,4
2010,15,2010-07-10,Subiaco,West Coast,Adelaide,Adelaide,Kurt Tippett,10,5,2,4,3,4,5
2010,15,2010-07-10,Subiaco,West Coast,Adelaide,Adelaide,Nathan van Berlo,3,3,10,0,0,0,5
2010,15,2010-07-10,Subiaco,West Coast,Adelaide,Adelaide,Bernie Vince,18,3,10,1,0,0,2
2010,15,2010-07-10,Subiaco,West Coast,Adelaide,Adelaide,Taylor Walker,12,6,4,1,4,0,0
2010,15,2010-07-10,Docklands,Richmond,Fremantle,Richmond,David Astbury,6,5,4,1,0,0,1
2010,15,2010-07-10,Docklands,Richmond,Fremantle,Richmond,Andrew Collins,7,1,11,2,0,0,2
2010,15,2010-07-10,Docklands,Richmond,Fremantle,Richmond,Daniel Connors,20,8,15,1,0,0,3
2010,15,2010-07-10,Docklands,Richmond,Fremantle,Richmond,Trent Cotchin,13,5,7,0,0,1,6
2010,15,2010-07-10,Docklands,Richmond,Fremantle,Richmond,Brett Deledio,18,8,11,0,2,0,3
2010,15,2010-07-10,Docklands,Richmond,Fremantle,Richmond,Shane Edwards,13,8,12,1,0,0,2
2010,15,2010-07-10,Docklands,Richmond,Fremantle,Richmond,Mitch Farmer,8,7,16,0,1,0,2
2010,15,2010-07-10,Docklands,Richmond,Fremantle,Richmond,Angus Graham,2,1,8,0,0,11,3
2010,15,2010-07-10,Docklands,Richmond,Fremantle,Richmond,Ben Griffiths,1,0,0,1,0,0,0
2010,15,2010-07-10,Docklands,Richmond,Fremantle,Richmond,Daniel Jackson,12,4,13,0,0,1,1
2010,15,2010-07-10,Docklands,Richmond,Fremantle,Richmond,Jake King,7,3,5,0,0,0,3
2010,15,2010-07-10,Docklands,Richmond,Fremantle,Richmond,Dustin Martin,13,5,11,1,0,1,4
2010,15,2010-07-10,Docklands,Richmond,Fremantle,Richmond,Kelvin Moore,13,11,8,0,0,0,2
2010,15,2010-07-10,Docklands,Richmond,Fremantle,Richmond,Robin Nahas,5,3,4,1,2,0,5
2010,15,2010-07-10,Docklands,Richmond,Fremantle,Richmond,Ben Nason,4,2,0,0,0,0,1
2010,15,2010-07-10,Docklands,Richmond,Fremantle,Richmond,Chris Newman,18,12,8,0,0,0,4
2010,15,2010-07-10,Docklands,Richmond,Fremantle,Richmond,Jack Riewoldt,11,5,0,5,1,0,3
2010,15,2010-07-10,Docklands,Richmond,Fremantle,Richmond,Will Thursfield,10,5,8,0,0,0,1
2010,15,2010-07-10,Docklands,Richmond,Fremantle,Richmond,Shane Tuck,10,6,20,0,0,0,3
2010,15,2010-07-10,Docklands,Richmond,Fremantle,Richmond,Ty Vickery,6,4,8,0,1,8,3
2010,15,2010-07-10,Docklands,Richmond,Fremantle,Richmond,Jeromey Webberley,11,6,12,1,0,0,1
2010,15,2010-07-10,Docklands,Richmond,Fremantle,Richmond,Matt White,14,8,4,1,1,0,5
2010,15,2010-07-10,Docklands,Richmond,Fremantle,Fremantle,Hayden Ballantyne,8,2,1,0,0,0,2
2010,15,2010-07-10,Docklands,Richmond,Fremantle,Fremantle,Kepler Bradley,8,9,9,3,0,2,3
2010,15,2010-07-10,Docklands,Richmond,Fremantle,Fremantle,Ryan Crowley,7,1,3,0,1,0,2
2010,15,2010-07-10,Docklands,Richmond,Fremantle,Fremantle,Matt de Boer,7,3,6,0,0,0,4
2010,15,2010-07-10,Docklands,Richmond,Fremantle,Fremantle,Paul Duffield,13,3,4,0,0,0,6
2010,15,2010-07-10,Docklands,Richmond,Fremantle,Fremantle,Paul Hasleby,5,4,9,0,2,0,4
2010,15,2010-07-10,Docklands,Richmond,Fremantle,Fremantle,Roger Hayden,8,2,11,0,0,0,1
2010,15,2010-07-10,Docklands,Richmond,Fremantle,Fremantle,Stephen Hill,13,9,5,2,3,0,1
2010,15,2010-07-10,Docklands,Richmond,Fremantle,Fremantle,Garrick Ibbotson,11,5,7,0,0,0,0
2010,15,2010-07-10,Docklands,Richmond,Fremantle,Fremantle,Michael Johnson,4,3,4,1,0,0,3
2010,15,2010-07-10,Docklands,Richmond,Fremantle,Fremantle,Adam McPhee,17,13,6,1,0,0,3
2010,15,2010-07-10,Docklands,Richmond,Fremantle,Fremantle,Anthony Morabito,11,3,3,1,1,0,9
2010,15,2010-07-10,Docklands,Richmond,Fremantle,Fremantle,David Mundy,17,5,12,0,1,0,5
2010,15,2010-07-10,Docklands,Richmond,Fremantle,Fremantle,Rhys Palmer,5,1,14,0,0,0,6
2010,15,2010-07-10,Docklands,Richmond,Fremantle,Fremantle,Matthew Pavlich,15,3,7,3,1,0,3
2010,15,2010-07-10,Docklands,Richmond,Fremantle,Fremantle,Clancee Pearce,8,3,4,0,0,0,2
2010,15,2010-07-10,Docklands,Richmond,Fremantle,Fremantle,Dylan Roberton,9,5,2,0,0,0,0
2010,15,2010-07-10,Docklands,Richmond,Fremantle,Fremantle,Tim Ruffles,2,3,2,0,1,0,0
2010,15,2010-07-10,Docklands,Richmond,Fremantle,Fremantle,Aaron Sandilands,6,5,13,0,2,39,2
2010,15,2010-07-10,Docklands,Richmond,Fremantle,Fremantle,Alex Silvagni,8,6,2,0,0,0,6
2010,15,2010-07-10,Docklands,Richmond,Fremantle,Fremantle,Nick Suban,6,1,3,0,0,0,3
2010,15,2010-07-10,Docklands,Richmond,Fremantle,Fremantle,Jay van Berlo,5,0,5,0,0,0,4
2010,15,2010-07-10,Gabba,Brisbane Lions,St Kilda,Brisbane Lions,Todd Banfield,7,4,2,0,0,0,2
2010,15,2010-07-10,Gabba,Brisbane Lions,St Kilda,Brisbane Lions,Simon Black,18,9,11,1,0,0,7
2010,15,2010-07-10,Gabba,Brisbane Lions,St Kilda,Brisbane Lions,Jared Brennan,13,7,7,1,0,1,2
2010,15,2010-07-10,Gabba,Brisbane Lions,St Kilda,Brisbane Lions,Amon Buchanan,5,6,14,1,0,0,4
2010,15,2010-07-10,Gabba,Brisbane Lions,St Kilda,Brisbane Lions,Mitch Clark,12,6,6,0,0,13,1
2010,15,2010-07-10,Gabba,Brisbane Lions,St Kilda,Brisbane Lions,Tom Collier,4,3,10,0,0,0,2
2010,15,2010-07-10,Gabba,Brisbane Lions,St Kilda,Brisbane Lions,Aaron Cornelius,9,5,1,1,0,0,5
2010,15,2010-07-10,Gabba,Brisbane Lions,St Kilda,Brisbane Lions,Brendan Fevola,10,4,1,4,1,0,2
2010,15,2010-07-10,Gabba,Brisbane Lions,St Kilda,Brisbane Lions,Pearce Hanley,14,8,3,0,0,0,2
2010,15,2010-07-10,Gabba,Brisbane Lions,St Kilda,Brisbane Lions,Travis Johnstone,12,8,8,0,0,0,3
2010,15,2010-07-10,Gabba,Brisbane Lions,St Kilda,Brisbane Lions,Matthew Leuenberger,4,6,9,0,0,19,1
2010,15,2010-07-10,Gabba,Brisbane Lions,St Kilda,Brisbane Lions,Ashley McGrath,11,5,6,0,0,0,1
2010,15,2010-07-10,Gabba,Brisbane Lions,St Kilda,Brisbane Lions,Daniel Merrett,10,8,5,0,0,0,1
2010,15,2010-07-10,Gabba,Brisbane Lions,St Kilda,Brisbane Lions,Joel Patfull,8,5,6,0,0,0,5
2010,15,2010-07-10,Gabba,Brisbane Lions,St Kilda,Brisbane Lions,James Polkinghorne,4,4,3,1,1,0,0
2010,15,2010-07-10,Gabba,Brisbane Lions,St Kilda,Brisbane Lions,Luke Power,15,3,9,1,0,0,4
2010,15,2010-07-10,Gabba,Brisbane Lions,St Kilda,Brisbane Lions,Jack Redden,10,6,12,0,0,0,8
2010,15,2010-07-10,Gabba,Brisbane Lions,St Kilda,Brisbane Lions,Daniel Rich,14,9,11,0,0,0,3
2010,15,2010-07-10,Gabba,Brisbane Lions,St Kilda,Brisbane Lions,Michael Rischitelli,10,6,17,0,0,0,4
2010,15,2010-07-10,Gabba,Brisbane Lions,St Kilda,Brisbane Lions,Tom Rockliff,12,8,12,0,0,0,6
2010,15,2010-07-10,Gabba,Brisbane Lions,St Kilda,Brisbane Lions,Justin Sherman,2,0,4,0,0,0,3
2010,15,2010-07-10,Gabba,Brisbane Lions,St Kilda,Brisbane Lions,Brent Staker,11,6,1,0,0,0,6
2010,15,2010-07-10,Gabba,Brisbane Lions,St Kilda,St Kilda,Jason Blake,8,7,7,0,0,0,1
2010,15,2010-07-10,Gabba,Brisbane Lions,St Kilda,St Kilda,Nick Dal Santo,16,4,10,1,0,0,5
2010,15,2010-07-10,Gabba,Brisbane Lions,St Kilda,St Kilda,Zac Dawson,6,5,8,0,0,0,0
2010,15,2010-07-10,Gabba,Brisbane Lions,St Kilda,St Kilda,Sean Dempster,5,5,6,0,0,0,2
2010,15,2010-07-10,Gabba,Brisbane Lions,St Kilda,St Kilda,Sam Fisher,13,9,5,0,0,0,0
2010,15,2010-07-10,Gabba,Brisbane Lions,St Kilda,St Kilda,Michael Gardiner,7,4,6,0,1,22,1
2010,15,2010-07-10,Gabba,Brisbane Lions,St Kilda,St Kilda,Jarryn Geary,10,7,6,0,0,0,4
2010,15,2010-07-10,Gabba,Brisbane Lions,St Kilda,St Kilda,Sam Gilbert,14,3,13,0,0,0,1
2010,15,2010-07-10,Gabba,Brisbane Lions,St Kilda,St Kilda,Jason Gram,10,4,5,0,0,0,1
2010,15,2010-07-10,Gabba,Brisbane Lions,St Kilda,St Kilda,James Gwilt,17,8,5,1,0,0,3
2010,15,2010-07-10,Gabba,Brisbane Lions,St Kilda,St Kilda,Lenny Hayes,13,2,15,0,0,0,1
2010,15,2010-07-10,Gabba,Brisbane Lions,St Kilda,St Kilda,Clinton Jones,10,3,16,0,1,0,4
2010,15,2010-07-10,Gabba,Brisbane Lions,St Kilda,St Kilda,Ben McEvoy,6,6,10,1,0,3,1
2010,15,2010-07-10,Gabba,Brisbane Lions,St Kilda,St Kilda,Andrew McQualter,6,3,7,1,0,0,6
2010,15,2010-07-10,Gabba,Brisbane Lions,St Kilda,St Kilda,Stephen Milne,13,7,5,2,2,0,6
2010,15,2010-07-10,Gabba,Brisbane Lions,St Kilda,St Kilda,Leigh Montagna,19,4,14,1,1,0,7
2010,15,2010-07-10,Gabba,Brisbane Lions,St Kilda,St Kilda,Adam Pattison,8,6,7,0,2,1,5
2010,15,2010-07-10,Gabba,Brisbane Lions,St Kilda,St Kilda,Brett Peake,11,6,7,1,0,0,3
2010,15,2010-07-10,Gabba,Brisbane Lions,St Kilda,St Kilda,Farren Ray,10,12,15,0,0,0,1
2010,15,2010-07-10,Gabba,Brisbane Lions,St Kilda,St Kilda,Nick Riewoldt,8,6,5,1,4,1,1
2010,15,2010-07-10,Gabba,Brisbane Lions,St Kilda,St Kilda,Adam Schneider,8,5,7,2,0,0,5
2010,15,2010-07-10,Gabba,Brisbane Lions,St Kilda,St Kilda,Jack Steven,5,4,8,0,0,0,2
2010,15,2010-07-11,S.C.G.,Sydney,North Melbourne,Sydney,Paul Bevan,9,8,9,1,1,0,5
2010,15,2010-07-11,S.C.G.,Sydney,North Melbourne,Sydney,Jude Bolton,6,3,15,0,1,0,3
2010,15,2010-07-11,S.C.G.,Sydney,North Melbourne,Sydney,Trent Dennis-Lane,6,5,4,1,0,0,1
2010,15,2010-07-11,S.C.G.,Sydney,North Melbourne,Sydney,Adam Goodes,20,11,13,3,2,1,5
2010,15,2010-07-11,S.C.G.,Sydney,North Melbourne,Sydney,Heath Grundy,16,8,7,0,0,0,1
2010,15,2010-07-11,S.C.G.,Sydney,North Melbourne,Sydney,Dan Hannebery,13,7,11,0,1,0,4
2010,15,2010-07-11,S.C.G.,Sydney,North Melbourne,Sydney,Kieren Jack,7,1,9,1,0,0,6
2010,15,2010-07-11,S.C.G.,Sydney,North Melbourne,Sydney,Josh Kennedy,10,3,13,0,1,0,6
2010,15,2010-07-11,S.C.G.,Sydney,North Melbourne,Sydney,Tadhg Kennelly,20,9,14,0,0,0,1
2010,15,2010-07-11,S.C.G.,Sydney,North Melbourne,Sydney,Brett Kirk,6,2,13,1,0,0,13
2010,15,2010-07-11,S.C.G.,Sydney,North Melbourne,Sydney,Nick Malceski,18,5,16,1,0,0,1
2010,15,2010-07-11,S.C.G.,Sydney,North Melbourne,Sydney,Ben McGlynn,11,5,8,1,1,0,5
2010,15,2010-07-11,S.C.G.,Sydney,North Melbourne,Sydney,Jarrad McVeigh,2,0,4,0,0,0,4
2010,15,2010-07-11,S.C.G.,Sydney,North Melbourne,Sydney,Brett Meredith,10,8,8,0,1,0,2
2010,15,2010-07-11,S.C.G.,Sydney,North Melbourne,Sydney,Jarred Moore,8,5,6,0,0,0,3
2010,15,2010-07-11,S.C.G.,Sydney,North Melbourne,Sydney,Shane Mumford,4,4,13,1,1,30,1
2010,15,2010-07-11,S.C.G.,Sydney,North Melbourne,Sydney,Ryan OKeefe,11,2,14,0,1,0,3
2010,15,2010-07-11,S.C.G.,Sydney,North Melbourne,Sydney,Mike Pyke,1,5,6,0,0,17,4
2010,15,2010-07-11,S.C.G.,Sydney,North Melbourne,Sydney,Ted Richards,7,5,3,0,1,0,2
2010,15,2010-07-11,S.C.G.,Sydney,North Melbourne,Sydney,Lewis Roberts-Thomson,15,15,8,0,1,0,3
2010,15,2010-07-11,S.C.G.,Sydney,North Melbourne,Sydney,Rhyce Shaw,13,4,5,2,0,0,0
2010,15,2010-07-11,S.C.G.,Sydney,North Melbourne,Sydney,Nick Smith,7,2,13,0,0,0,1
2010,15,2010-07-11,S.C.G.,Sydney,North Melbourne,North Melbourne,Leigh Adams,11,2,10,1,0,0,5
2010,15,2010-07-11,S.C.G.,Sydney,North Melbourne,North Melbourne,Ryan Bastinac,16,4,4,1,1,0,5
2010,15,2010-07-11,S.C.G.,Sydney,North Melbourne,North Melbourne,Matt Campbell,5,0,2,2,0,0,2
2010,15,2010-07-11,S.C.G.,Sydney,North Melbourne,North Melbourne,Ben Cunnington,5,7,13,0,0,0,1
2010,15,2010-07-11,S.C.G.,Sydney,North Melbourne,North Melbourne,Michael Firrito,5,1,7,0,1,0,6
2010,15,2010-07-11,S.C.G.,Sydney,North Melbourne,North Melbourne,Cruize Garlett,2,0,5,0,0,0,0
2010,15,2010-07-11,S.C.G.,Sydney,North Melbourne,North Melbourne,Todd Goldstein,10,5,2,2,0,19,4
2010,15,2010-07-11,S.C.G.,Sydney,North Melbourne,North Melbourne,Levi Greenwood,6,2,3,0,0,0,4
2010,15,2010-07-11,S.C.G.,Sydney,North Melbourne,North Melbourne,Lachlan Hansen,6,4,2,0,1,0,0
2010,15,2010-07-11,S.C.G.,Sydney,North Melbourne,North Melbourne,Brent Harvey,19,4,8,0,2,0,3
2010,15,2010-07-11,S.C.G.,Sydney,North Melbourne,North Melbourne,Ed Lower,3,1,7,0,0,0,9
2010,15,2010-07-11,S.C.G.,Sydney,North Melbourne,North Melbourne,Hamish McIntosh,8,8,3,0,0,18,4
2010,15,2010-07-11,S.C.G.,Sydney,North Melbourne,North Melbourne,Drew Petrie,4,1,3,0,0,0,2
2010,15,2010-07-11,S.C.G.,Sydney,North Melbourne,North Melbourne,Daniel Pratt,4,1,3,0,0,0,0
2010,15,2010-07-11,S.C.G.,Sydney,North Melbourne,North Melbourne,Brady Rawlings,16,3,11,0,0,0,2
2010,15,2010-07-11,S.C.G.,Sydney,North Melbourne,North Melbourne,Andrew Swallow,5,1,7,0,0,0,7
2010,15,2010-07-11,S.C.G.,Sydney,North Melbourne,North Melbourne,Robbie Tarrant,6,3,4,0,0,0,2
2010,15,2010-07-11,S.C.G.,Sydney,North Melbourne,North Melbourne,Lindsay Thomas,6,4,2,1,1,0,4
2010,15,2010-07-11,S.C.G.,Sydney,North Melbourne,North Melbourne,Scott Thompson,4,2,7,0,1,0,1
2010,15,2010-07-11,S.C.G.,Sydney,North Melbourne,North Melbourne,Ben Warren,9,3,0,0,1,0,3
2010,15,2010-07-11,S.C.G.,Sydney,North Melbourne,North Melbourne,Daniel Wells,9,2,5,0,0,0,3
2010,15,2010-07-11,S.C.G.,Sydney,North Melbourne,North Melbourne,Sam Wright,10,8,8,0,1,0,1
2010,15,2010-07-11,M.C.G.,Melbourne,Essendon,Melbourne,Clint Bartram,5,3,4,0,0,0,2
2010,15,2010-07-11,M.C.G.,Melbourne,Essendon,Melbourne,Matthew Bate,9,7,5,1,0,0,2
2010,15,2010-07-11,M.C.G.,Melbourne,Essendon,Melbourne,Jamie Bennell,8,4,4,1,2,0,1
2010,15,2010-07-11,M.C.G.,Melbourne,Essendon,Melbourne,Cameron Bruce,13,7,7,2,0,0,1
2010,15,2010-07-11,M.C.G.,Melbourne,Essendon,Melbourne,Kyle Cheney,5,2,6,0,0,0,2
2010,15,2010-07-11,M.C.G.,Melbourne,Essendon,Melbourne,Aaron Davey,10,0,5,0,0,0,9
2010,15,2010-07-11,M.C.G.,Melbourne,Essendon,Melbourne,Lynden Dunn,19,11,2,1,0,3,8
2010,15,2010-07-11,M.C.G.,Melbourne,Essendon,Melbourne,James Frawley,11,8,4,0,0,0,4
2010,15,2010-07-11,M.C.G.,Melbourne,Essendon,Melbourne,Colin Garland,6,3,3,0,0,0,1
2010,15,2010-07-11,M.C.G.,Melbourne,Essendon,Melbourne,Brad Green,22,9,5,5,2,0,3
2010,15,2010-07-11,M.C.G.,Melbourne,Essendon,Melbourne,Mark Jamar,7,7,11,2,1,25,2
2010,15,2010-07-11,M.C.G.,Melbourne,Essendon,Melbourne,Paul Johnson,5,2,7,0,0,11,1
2010,15,2010-07-11,M.C.G.,Melbourne,Essendon,Melbourne,Nathan Jones,6,3,8,0,0,0,4
2010,15,2010-07-11,M.C.G.,Melbourne,Essendon,Melbourne,Liam Jurrah,9,5,2,2,1,0,3
2010,15,2010-07-11,M.C.G.,Melbourne,Essendon,Melbourne,Joel Macdonald,8,4,5,0,0,0,1
2010,15,2010-07-11,M.C.G.,Melbourne,Essendon,Melbourne,Jordie McKenzie,3,0,10,0,0,0,7
2010,15,2010-07-11,M.C.G.,Melbourne,Essendon,Melbourne,Brent Moloney,13,0,9,0,0,0,7
2010,15,2010-07-11,M.C.G.,Melbourne,Essendon,Melbourne,Jared Rivers,8,8,4,0,0,0,1
2010,15,2010-07-11,M.C.G.,Melbourne,Essendon,Melbourne,Tom Scully,9,6,7,0,0,0,5
2010,15,2010-07-11,M.C.G.,Melbourne,Essendon,Melbourne,Colin Sylvia,21,6,8,2,0,1,4
2010,15,2010-07-11,M.C.G.,Melbourne,Essendon,Melbourne,Jack Trengove,8,5,8,2,1,0,4
2010,15,2010-07-11,M.C.G.,Melbourne,Essendon,Melbourne,Jack Watts,7,3,3,1,0,1,0
2010,15,2010-07-11,M.C.G.,Melbourne,Essendon,Essendon,Tom Bellchambers,3,4,6,0,1,8,2
2010,15,2010-07-11,M.C.G.,Melbourne,Essendon,Essendon,Travis Colyer,14,3,5,0,2,0,0
2010,15,2010-07-11,M.C.G.,Melbourne,Essendon,Essendon,Alwyn Davey,7,3,4,1,1,0,5
2010,15,2010-07-11,M.C.G.,Melbourne,Essendon,Essendon,Courtenay Dempsey,6,3,8,0,0,0,3
2010,15,2010-07-11,M.C.G.,Melbourne,Essendon,Essendon,Ricky Dyson,14,5,3,1,1,0,0
2010,15,2010-07-11,M.C.G.,Melbourne,Essendon,Essendon,Heath Hocking,10,6,11,0,1,0,1
2010,15,2010-07-11,M.C.G.,Melbourne,Essendon,Essendon,Cale Hooker,2,0,9,0,0,0,2
2010,15,2010-07-11,M.C.G.,Melbourne,Essendon,Essendon,Ben Howlett,10,1,11,0,0,0,5
2010,15,2010-07-11,M.C.G.,Melbourne,Essendon,Essendon,Michael Hurley,13,8,8,0,1,0,3
2010,15,2010-07-11,M.C.G.,Melbourne,Essendon,Essendon,Leroy Jetta,4,2,9,1,1,0,4
2010,15,2010-07-11,M.C.G.,Melbourne,Essendon,Essendon,Sam Lonergan,3,2,11,0,1,0,9
2010,15,2010-07-11,M.C.G.,Melbourne,Essendon,Essendon,Nathan Lovett-Murray,12,5,19,2,0,0,5
2010,15,2010-07-11,M.C.G.,Melbourne,Essendon,Essendon,Mark McVeigh,11,0,8,0,1,0,3
2010,15,2010-07-11,M.C.G.,Melbourne,Essendon,Essendon,Angus Monfries,4,3,7,1,0,0,1
2010,15,2010-07-11,M.C.G.,Melbourne,Essendon,Essendon,Jay Neagle,10,5,3,3,1,0,1
2010,15,2010-07-11,M.C.G.,Melbourne,Essendon,Essendon,Kyle Reimers,5,1,9,1,2,0,4
2010,15,2010-07-11,M.C.G.,Melbourne,Essendon,Essendon,Paddy Ryder,4,3,6,0,0,22,3
2010,15,2010-07-11,M.C.G.,Melbourne,Essendon,Essendon,Brent Stanton,12,5,5,2,0,0,3
2010,15,2010-07-11,M.C.G.,Melbourne,Essendon,Essendon,Jobe Watson,10,3,22,1,0,0,5
2010,15,2010-07-11,M.C.G.,Melbourne,Essendon,Essendon,Andrew Welsh,5,3,3,0,1,0,3
2010,15,2010-07-11,M.C.G.,Melbourne,Essendon,Essendon,Jason Winderlich,17,7,13,0,1,0,6
2010,15,2010-07-11,M.C.G.,Melbourne,Essendon,Essendon,David Zaharakis,10,3,7,1,1,0,2
2010,15,2010-07-11,Docklands,Carlton,Western Bulldogs,Carlton,Dennis Armfield,9,4,12,0,0,0,1
2010,15,2010-07-11,Docklands,Carlton,Western Bulldogs,Carlton,Eddie Betts,2,2,5,0,0,0,0
2010,15,2010-07-11,Docklands,Carlton,Western Bulldogs,Carlton,Paul Bower,9,3,11,0,0,0,1
2010,15,2010-07-11,Docklands,Carlton,Western Bulldogs,Carlton,Andrew Carrazzo,10,3,15,0,1,0,2
2010,15,2010-07-11,Docklands,Carlton,Western Bulldogs,Carlton,Jeff Garlett,9,3,3,2,1,0,6
2010,15,2010-07-11,Docklands,Carlton,Western Bulldogs,Carlton,Bryce Gibbs,17,6,16,0,0,0,5
2010,15,2010-07-11,Docklands,Carlton,Western Bulldogs,Carlton,Shaun Hampson,3,5,7,0,1,11,3
2010,15,2010-07-11,Docklands,Carlton,Western Bulldogs,Carlton,Lachie Henderson,9,8,4,1,0,0,1
2010,15,2010-07-11,Docklands,Carlton,Western Bulldogs,Carlton,Ryan Houlihan,8,3,5,0,1,0,0
2010,15,2010-07-11,Docklands,Carlton,Western Bulldogs,Carlton,Sam Jacobs,5,2,9,1,0,25,4
2010,15,2010-07-11,Docklands,Carlton,Western Bulldogs,Carlton,Michael Jamison,5,7,6,0,0,0,0
2010,15,2010-07-11,Docklands,Carlton,Western Bulldogs,Carlton,Aaron Joseph,5,6,13,0,0,0,2
2010,15,2010-07-11,Docklands,Carlton,Western Bulldogs,Carlton,Chris Judd,16,5,11,2,2,0,4
2010,15,2010-07-11,Docklands,Carlton,Western Bulldogs,Carlton,Marc Murphy,16,3,13,0,0,0,3
2010,15,2010-07-11,Docklands,Carlton,Western Bulldogs,Carlton,Setanta OhAilpin,1,0,2,0,0,0,1
2010,15,2010-07-11,Docklands,Carlton,Western Bulldogs,Carlton,Mitch Robinson,8,1,6,1,0,0,2
2010,15,2010-07-11,Docklands,Carlton,Western Bulldogs,Carlton,Jordan Russell,13,9,11,0,1,0,1
2010,15,2010-07-11,Docklands,Carlton,Western Bulldogs,Carlton,Heath Scotland,9,4,14,0,0,0,3
2010,15,2010-07-11,Docklands,Carlton,Western Bulldogs,Carlton,Kade Simpson,12,4,7,1,1,0,1
2010,15,2010-07-11,Docklands,Carlton,Western Bulldogs,Carlton,Bret Thornton,12,6,5,0,0,0,1
2010,15,2010-07-11,Docklands,Carlton,Western Bulldogs,Carlton,Andrew Walker,15,5,17,0,0,0,0
2010,15,2010-07-11,Docklands,Carlton,Western Bulldogs,Carlton,Chris Yarran,7,3,3,0,1,0,1
2010,15,2010-07-11,Docklands,Carlton,Western Bulldogs,Western Bulldogs,Matthew Boyd,25,8,8,2,0,0,5
2010,15,2010-07-11,Docklands,Carlton,Western Bulldogs,Western Bulldogs,Adam Cooney,18,3,15,0,0,0,3
2010,15,2010-07-11,Docklands,Carlton,Western Bulldogs,Western Bulldogs,Daniel Cross,9,5,16,1,0,4,4
2010,15,2010-07-11,Docklands,Carlton,Western Bulldogs,Western Bulldogs,Daniel Giansiracusa,10,5,10,1,0,0,3
2010,15,2010-07-11,Docklands,Carlton,Western Bulldogs,Western Bulldogs,Lindsay Gilbee,15,5,6,0,0,0,0
2010,15,2010-07-11,Docklands,Carlton,Western Bulldogs,Western Bulldogs,Jarrad Grant,7,4,5,1,0,0,1
2010,15,2010-07-11,Docklands,Carlton,Western Bulldogs,Western Bulldogs,Ryan Griffen,20,5,9,2,1,0,2
2010,15,2010-07-11,Docklands,Carlton,Western Bulldogs,Western Bulldogs,Barry Hall,10,9,4,6,3,0,0
2010,15,2010-07-11,Docklands,Carlton,Western Bulldogs,Western Bulldogs,Jarrod Harbrow,14,8,8,0,0,0,1
2010,15,2010-07-11,Docklands,Carlton,Western Bulldogs,Western Bulldogs,Ryan Hargrave,18,9,8,0,0,0,2
2010,15,2010-07-11,Docklands,Carlton,Western Bulldogs,Western Bulldogs,Shaun Higgins,8,3,12,2,0,0,7
2010,15,2010-07-11,Docklands,Carlton,Western Bulldogs,Western Bulldogs,Ben Hudson,5,5,11,0,0,17,1
2010,15,2010-07-11,Docklands,Carlton,Western Bulldogs,Western Bulldogs,Brad Johnson,13,9,5,1,1,0,3
2010,15,2010-07-11,Docklands,Carlton,Western Bulldogs,Western Bulldogs,Brian Lake,17,10,11,0,0,0,4
2010,15,2010-07-11,Docklands,Carlton,Western Bulldogs,Western Bulldogs,Dale Morris,6,5,6,0,0,0,3
2010,15,2010-07-11,Docklands,Carlton,Western Bulldogs,Western Bulldogs,Robert Murphy,13,8,3,2,0,0,2
2010,15,2010-07-11,Docklands,Carlton,Western Bulldogs,Western Bulldogs,Liam Picken,6,4,12,1,0,0,4
2010,15,2010-07-11,Docklands,Carlton,Western Bulldogs,Western Bulldogs,Jordan Roughead,5,3,3,1,0,11,1
2010,15,2010-07-11,Docklands,Carlton,Western Bulldogs,Western Bulldogs,Brennan Stack,0,0,0,0,0,0,3
2010,15,2010-07-11,Docklands,Carlton,Western Bulldogs,Western Bulldogs,Callan Ward,4,1,9,0,0,1,2
2010,15,2010-07-11,Docklands,Carlton,Western Bulldogs,Western Bulldogs,Tom Williams,9,8,5,0,0,0,2
2010,15,2010-07-11,Docklands,Carlton,Western Bulldogs,Western Bulldogs,Easton Wood,7,4,8,0,0,0,0
2010,16,2010-07-16,Football Park,Adelaide,Geelong,Adelaide,Patrick Dangerfield,7,2,11,1,1,0,1
2010,16,2010-07-16,Football Park,Adelaide,Geelong,Adelaide,Phil Davis,7,5,7,0,0,0,2
2010,16,2010-07-16,Football Park,Adelaide,Geelong,Adelaide,Michael Doughty,8,6,13,0,0,0,1
2010,16,2010-07-16,Football Park,Adelaide,Geelong,Adelaide,Richard Douglas,11,4,7,0,0,0,3
2010,16,2010-07-16,Football Park,Adelaide,Geelong,Adelaide,Simon Goodwin,15,8,14,0,0,0,3
2010,16,2010-07-16,Football Park,Adelaide,Geelong,Adelaide,Jonathon Griffin,4,3,4,0,0,7,1
2010,16,2010-07-16,Football Park,Adelaide,Geelong,Adelaide,Ricky Henderson,8,4,12,2,0,0,3
2010,16,2010-07-16,Football Park,Adelaide,Geelong,Adelaide,Matthew Jaensch,15,2,2,0,1,0,1
2010,16,2010-07-16,Football Park,Adelaide,Geelong,Adelaide,Graham Johncock,15,7,11,0,1,0,2
2010,16,2010-07-16,Football Park,Adelaide,Geelong,Adelaide,David Mackay,9,4,11,0,0,0,1
2010,16,2010-07-16,Football Park,Adelaide,Geelong,Adelaide,Ivan Maric,2,3,5,0,0,11,3
2010,16,2010-07-16,Football Park,Adelaide,Geelong,Adelaide,Andrew McLeod,7,5,7,0,0,0,1
2010,16,2010-07-16,Football Park,Adelaide,Geelong,Adelaide,Brent Reilly,9,5,7,0,1,0,3
2010,16,2010-07-16,Football Park,Adelaide,Geelong,Adelaide,Ben Rutten,7,6,11,0,0,0,1
2010,16,2010-07-16,Football Park,Adelaide,Geelong,Adelaide,Rory Sloane,7,5,5,2,0,1,1
2010,16,2010-07-16,Football Park,Adelaide,Geelong,Adelaide,Scott Stevens,17,9,6,0,0,0,1
2010,16,2010-07-16,Football Park,Adelaide,Geelong,Adelaide,Brad Symes,6,4,9,0,0,0,2
2010,16,2010-07-16,Football Park,Adelaide,Geelong,Adelaide,Scott Thompson,18,9,3,0,1,0,3
2010,16,2010-07-16,Football Park,Adelaide,Geelong,Adelaide,Kurt Tippett,5,4,1,1,0,2,2
2010,16,2010-07-16,Football Park,Adelaide,Geelong,Adelaide,Nathan van Berlo,10,8,11,1,0,1,4
2010,16,2010-07-16,Football Park,Adelaide,Geelong,Adelaide,Bernie Vince,24,10,8,0,0,0,2
2010,16,2010-07-16,Football Park,Adelaide,Geelong,Adelaide,Taylor Walker,8,5,7,4,1,0,1
2010,16,2010-07-16,Football Park,Adelaide,Geelong,Geelong,Gary Ablett,10,4,9,1,1,0,4
2010,16,2010-07-16,Football Park,Adelaide,Geelong,Geelong,Jimmy Bartel,9,5,8,0,0,2,3
2010,16,2010-07-16,Football Park,Adelaide,Geelong,Geelong,Mark Blake,1,1,3,0,0,13,0
2010,16,2010-07-16,Football Park,Adelaide,Geelong,Geelong,Shannon Byrnes,7,2,13,1,1,0,4
2010,16,2010-07-16,Football Park,Adelaide,Geelong,Geelong,Paul Chapman,15,7,10,1,0,0,2
2010,16,2010-07-16,Football Park,Adelaide,Geelong,Geelong,Joel Corey,8,5,10,0,0,0,2
2010,16,2010-07-16,Football Park,Adelaide,Geelong,Geelong,Corey Enright,7,5,12,0,0,0,1
2010,16,2010-07-16,Football Park,Adelaide,Geelong,Geelong,Simon Hogan,4,5,11,0,0,0,1
2010,16,2010-07-16,Football Park,Adelaide,Geelong,Geelong,Josh Hunt,10,8,11,0,0,0,4
2010,16,2010-07-16,Football Park,Adelaide,Geelong,Geelong,James Kelly,14,6,12,0,0,0,5
2010,16,2010-07-16,Football Park,Adelaide,Geelong,Geelong,Cameron Ling,9,3,13,0,0,0,8
2010,16,2010-07-16,Football Park,Adelaide,Geelong,Geelong,Tom Lonergan,5,9,12,0,1,3,0
2010,16,2010-07-16,Football Park,Adelaide,Geelong,Geelong,Andrew Mackie,15,8,9,0,0,0,1
2010,16,2010-07-16,Football Park,Adelaide,Geelong,Geelong,Cameron Mooney,9,5,0,2,1,0,3
2010,16,2010-07-16,Football Park,Adelaide,Geelong,Geelong,Brad Ottens,3,3,7,1,0,19,3
2010,16,2010-07-16,Football Park,Adelaide,Geelong,Geelong,James Podsiadly,8,6,6,0,1,0,1
2010,16,2010-07-16,Football Park,Adelaide,Geelong,Geelong,Matthew Scarlett,16,9,8,0,0,0,1
2010,16,2010-07-16,Football Park,Adelaide,Geelong,Geelong,Joel Selwood,20,6,15,0,1,0,2
2010,16,2010-07-16,Football Park,Adelaide,Geelong,Geelong,Mathew Stokes,8,4,10,2,0,0,1
2010,16,2010-07-16,Football Park,Adelaide,Geelong,Geelong,Harry Taylor,15,16,15,0,0,0,2
2010,16,2010-07-16,Football Park,Adelaide,Geelong,Geelong,Travis Varcoe,5,2,5,1,0,0,6
2010,16,2010-07-16,Football Park,Adelaide,Geelong,Geelong,David Wojcinski,11,5,11,0,0,0,5
2010,16,2010-07-17,M.C.G.,Collingwood,St Kilda,Collingwood,Luke Ball,14,8,6,1,0,0,5
2010,16,2010-07-17,M.C.G.,Collingwood,St Kilda,Collingwood,Dayne Beams,12,6,8,2,0,0,4
2010,16,2010-07-17,M.C.G.,Collingwood,St Kilda,Collingwood,Jarryd Blair,6,2,9,0,0,0,2
2010,16,2010-07-17,M.C.G.,Collingwood,St Kilda,Collingwood,Leigh Brown,7,6,9,3,0,4,3
2010,16,2010-07-17,M.C.G.,Collingwood,St Kilda,Collingwood,Leon Davis,13,9,2,1,2,0,4
2010,16,2010-07-17,M.C.G.,Collingwood,St Kilda,Collingwood,Chris Dawes,2,1,3,1,0,0,2
2010,16,2010-07-17,M.C.G.,Collingwood,St Kilda,Collingwood,Alan Didak,20,6,13,0,1,0,2
2010,16,2010-07-17,M.C.G.,Collingwood,St Kilda,Collingwood,Tyson Goldsack,4,5,3,0,0,0,7
2010,16,2010-07-17,M.C.G.,Collingwood,St Kilda,Collingwood,Ben Johnson,15,3,4,0,0,0,3
2010,16,2010-07-17,M.C.G.,Collingwood,St Kilda,Collingwood,Darren Jolly,4,4,7,0,0,29,0
2010,16,2010-07-17,M.C.G.,Collingwood,St Kilda,Collingwood,Tarkyn Lockyer,7,4,8,0,0,0,5
2010,16,2010-07-17,M.C.G.,Collingwood,St Kilda,Collingwood,Heritier Lumumba,12,5,1,0,0,0,3
2010,16,2010-07-17,M.C.G.,Collingwood,St Kilda,Collingwood,Brent Macaffer,7,5,5,3,0,0,5
2010,16,2010-07-17,M.C.G.,Collingwood,St Kilda,Collingwood,Scott Pendlebury,16,7,11,0,1,3,6
2010,16,2010-07-17,M.C.G.,Collingwood,St Kilda,Collingwood,Simon Prestigiacomo,1,4,5,0,0,0,0
2010,16,2010-07-17,M.C.G.,Collingwood,St Kilda,Collingwood,Ben Reid,9,10,8,0,0,1,0
2010,16,2010-07-17,M.C.G.,Collingwood,St Kilda,Collingwood,Heath Shaw,10,5,7,2,0,0,4
2010,16,2010-07-17,M.C.G.,Collingwood,St Kilda,Collingwood,Steele Sidebottom,6,3,8,1,0,0,7
2010,16,2010-07-17,M.C.G.,Collingwood,St Kilda,Collingwood,Dane Swan,21,7,15,1,1,0,4
2010,16,2010-07-17,M.C.G.,Collingwood,St Kilda,Collingwood,Dale Thomas,17,12,10,0,0,0,3
2010,16,2010-07-17,M.C.G.,Collingwood,St Kilda,Collingwood,Alan Toovey,4,2,12,0,0,0,5
2010,16,2010-07-17,M.C.G.,Collingwood,St Kilda,Collingwood,Sharrod Wellingham,15,10,8,0,2,0,3
2010,16,2010-07-17,M.C.G.,Collingwood,St Kilda,St Kilda,Jason Blake,6,6,8,0,0,0,1
2010,16,2010-07-17,M.C.G.,Collingwood,St Kilda,St Kilda,Zac Dawson,6,7,9,0,0,0,1
2010,16,2010-07-17,M.C.G.,Collingwood,St Kilda,St Kilda,Sean Dempster,5,3,3,0,0,0,1
2010,16,2010-07-17,M.C.G.,Collingwood,St Kilda,St Kilda,Sam Fisher,21,18,12,0,0,1,1
2010,16,2010-07-17,M.C.G.,Collingwood,St Kilda,St Kilda,Michael Gardiner,6,4,4,0,0,11,0
2010,16,2010-07-17,M.C.G.,Collingwood,St Kilda,St Kilda,Jarryn Geary,11,4,9,1,1,0,6
2010,16,2010-07-17,M.C.G.,Collingwood,St Kilda,St Kilda,Sam Gilbert,15,10,9,0,0,0,2
2010,16,2010-07-17,M.C.G.,Collingwood,St Kilda,St Kilda,Brendon Goddard,14,6,14,0,0,2,2
2010,16,2010-07-17,M.C.G.,Collingwood,St Kilda,St Kilda,Jason Gram,10,2,9,0,1,0,3
2010,16,2010-07-17,M.C.G.,Collingwood,St Kilda,St Kilda,James Gwilt,11,5,8,0,0,0,0
2010,16,2010-07-17,M.C.G.,Collingwood,St Kilda,St Kilda,Lenny Hayes,13,7,16,0,0,4,5
2010,16,2010-07-17,M.C.G.,Collingwood,St Kilda,St Kilda,Clinton Jones,9,5,11,0,0,0,8
2010,16,2010-07-17,M.C.G.,Collingwood,St Kilda,St Kilda,Justin Koschitzke,4,6,4,1,1,6,1
2010,16,2010-07-17,M.C.G.,Collingwood,St Kilda,St Kilda,Andrew McQualter,4,3,6,0,1,0,1
2010,16,2010-07-17,M.C.G.,Collingwood,St Kilda,St Kilda,Stephen Milne,8,1,4,1,2,0,2
2010,16,2010-07-17,M.C.G.,Collingwood,St Kilda,St Kilda,Leigh Montagna,21,5,13,0,2,0,6
2010,16,2010-07-17,M.C.G.,Collingwood,St Kilda,St Kilda,Adam Pattison,3,5,12,0,0,11,1
2010,16,2010-07-17,M.C.G.,Collingwood,St Kilda,St Kilda,Brett Peake,10,3,6,0,1,0,2
2010,16,2010-07-17,M.C.G.,Collingwood,St Kilda,St Kilda,Farren Ray,6,4,8,0,0,0,1
2010,16,2010-07-17,M.C.G.,Collingwood,St Kilda,St Kilda,Nick Riewoldt,6,8,4,1,2,1,3
2010,16,2010-07-17,M.C.G.,Collingwood,St Kilda,St Kilda,Adam Schneider,9,2,9,0,4,0,4
2010,16,2010-07-17,M.C.G.,Collingwood,St Kilda,St Kilda,Jack Steven,8,1,3,2,0,0,3
2010,16,2010-07-17,York Park,Hawthorn,Brisbane Lions,Hawthorn,Chance Bateman,5,0,5,0,3,0,2
2010,16,2010-07-17,York Park,Hawthorn,Brisbane Lions,Hawthorn,Grant Birchall,8,3,10,0,1,0,4
2010,16,2010-07-17,York Park,Hawthorn,Brisbane Lions,Hawthorn,Campbell Brown,10,6,5,1,0,0,2
2010,16,2010-07-17,York Park,Hawthorn,Brisbane Lions,Hawthorn,Shaun Burgoyne,15,4,15,0,0,0,8
2010,16,2010-07-17,York Park,Hawthorn,Brisbane Lions,Hawthorn,Xavier Ellis,12,6,12,1,0,0,6
2010,16,2010-07-17,York Park,Hawthorn,Brisbane Lions,Hawthorn,Josh Gibson,5,2,10,0,0,0,1
2010,16,2010-07-17,York Park,Hawthorn,Brisbane Lions,Hawthorn,Stephen Gilham,6,2,7,0,0,0,0
2010,16,2010-07-17,York Park,Hawthorn,Brisbane Lions,Hawthorn,Brent Guerra,17,7,8,0,2,0,1
2010,16,2010-07-17,York Park,Hawthorn,Brisbane Lions,Hawthorn,Luke Hodge,21,2,18,0,1,0,6
2010,16,2010-07-17,York Park,Hawthorn,Brisbane Lions,Hawthorn,Jordan Lewis,14,11,12,4,0,0,5
2010,16,2010-07-17,York Park,Hawthorn,Brisbane Lions,Hawthorn,Sam Mitchell,12,0,23,0,0,0,6
2010,16,2010-07-17,York Park,Hawthorn,Brisbane Lions,Hawthorn,Tom Murphy,8,7,4,0,0,0,2
2010,16,2010-07-17,York Park,Hawthorn,Brisbane Lions,Hawthorn,Michael Osborne,7,3,7,1,0,0,3
2010,16,2010-07-17,York Park,Hawthorn,Brisbane Lions,Hawthorn,Carl Peterson,9,4,2,1,0,0,6
2010,16,2010-07-17,York Park,Hawthorn,Brisbane Lions,Hawthorn,Brent Renouf,2,4,8,0,1,15,5
2010,16,2010-07-17,York Park,Hawthorn,Brisbane Lions,Hawthorn,Cyril Rioli,13,2,6,1,0,0,8
2010,16,2010-07-17,York Park,Hawthorn,Brisbane Lions,Hawthorn,Jarryd Roughead,12,8,2,4,5,0,1
2010,16,2010-07-17,York Park,Hawthorn,Brisbane Lions,Hawthorn,Brad Sewell,9,5,30,0,1,0,6
2010,16,2010-07-17,York Park,Hawthorn,Brisbane Lions,Hawthorn,Wayde Skipper,13,6,9,1,1,16,4
2010,16,2010-07-17,York Park,Hawthorn,Brisbane Lions,Hawthorn,Ben Stratton,6,5,13,0,0,0,3
2010,16,2010-07-17,York Park,Hawthorn,Brisbane Lions,Hawthorn,Brendan Whitecross,6,3,2,0,0,0,3
2010,16,2010-07-17,York Park,Hawthorn,Brisbane Lions,Hawthorn,Clinton Young,11,4,5,3,1,0,4
2010,16,2010-07-17,York Park,Hawthorn,Brisbane Lions,Brisbane Lions,Todd Banfield,2,1,2,0,0,0,2
2010,16,2010-07-17,York Park,Hawthorn,Brisbane Lions,Brisbane Lions,Jared Brennan,17,4,6,0,0,0,8
2010,16,2010-07-17,York Park,Hawthorn,Brisbane Lions,Brisbane Lions,Jonathan Brown,4,3,4,3,0,0,0
2010,16,2010-07-17,York Park,Hawthorn,Brisbane Lions,Brisbane Lions,Amon Buchanan,7,5,5,1,0,0,2
2010,16,2010-07-17,York Park,Hawthorn,Brisbane Lions,Brisbane Lions,Mitch Clark,4,2,9,0,0,17,8
2010,16,2010-07-17,York Park,Hawthorn,Brisbane Lions,Brisbane Lions,Tom Collier,3,1,2,0,0,0,2
2010,16,2010-07-17,York Park,Hawthorn,Brisbane Lions,Brisbane Lions,Brendan Fevola,2,2,1,1,0,0,0
2010,16,2010-07-17,York Park,Hawthorn,Brisbane Lions,Brisbane Lions,Pearce Hanley,7,5,5,0,0,0,4
2010,16,2010-07-17,York Park,Hawthorn,Brisbane Lions,Brisbane Lions,Travis Johnstone,6,3,10,0,0,0,2
2010,16,2010-07-17,York Park,Hawthorn,Brisbane Lions,Brisbane Lions,Matthew Leuenberger,6,3,7,0,0,30,3
2010,16,2010-07-17,York Park,Hawthorn,Brisbane Lions,Brisbane Lions,Matt Maguire,7,7,1,0,0,0,2
2010,16,2010-07-17,York Park,Hawthorn,Brisbane Lions,Brisbane Lions,Ashley McGrath,11,4,3,0,0,0,0
2010,16,2010-07-17,York Park,Hawthorn,Brisbane Lions,Brisbane Lions,Daniel Merrett,4,2,4,0,0,0,4
2010,16,2010-07-17,York Park,Hawthorn,Brisbane Lions,Brisbane Lions,Joel Patfull,5,5,6,0,0,0,3
2010,16,2010-07-17,York Park,Hawthorn,Brisbane Lions,Brisbane Lions,James Polkinghorne,3,1,10,0,0,0,5
2010,16,2010-07-17,York Park,Hawthorn,Brisbane Lions,Brisbane Lions,Luke Power,13,5,9,1,0,0,4
2010,16,2010-07-17,York Park,Hawthorn,Brisbane Lions,Brisbane Lions,Jack Redden,10,3,10,0,0,0,4
2010,16,2010-07-17,York Park,Hawthorn,Brisbane Lions,Brisbane Lions,Daniel Rich,9,1,7,0,0,0,8
2010,16,2010-07-17,York Park,Hawthorn,Brisbane Lions,Brisbane Lions,Michael Rischitelli,11,5,11,0,0,0,6
2010,16,2010-07-17,York Park,Hawthorn,Brisbane Lions,Brisbane Lions,Tom Rockliff,7,0,12,0,0,1,7
2010,16,2010-07-17,York Park,Hawthorn,Brisbane Lions,Brisbane Lions,Justin Sherman,3,2,5,0,0,0,2
2010,16,2010-07-17,York Park,Hawthorn,Brisbane Lions,Brisbane Lions,Brent Staker,6,2,4,1,0,0,3
2010,16,2010-07-17,Docklands,Essendon,West Coast,Essendon,Tom Bellchambers,4,5,2,0,0,9,1
2010,16,2010-07-17,Docklands,Essendon,West Coast,Essendon,Travis Colyer,14,2,13,2,1,0,3
2010,16,2010-07-17,Docklands,Essendon,West Coast,Essendon,Alwyn Davey,8,2,6,1,2,0,1
2010,16,2010-07-17,Docklands,Essendon,West Coast,Essendon,Courtenay Dempsey,7,3,5,0,1,0,2
2010,16,2010-07-17,Docklands,Essendon,West Coast,Essendon,Dustin Fletcher,12,5,4,0,0,0,2
2010,16,2010-07-17,Docklands,Essendon,West Coast,Essendon,Scott Gumbleton,8,5,4,1,1,0,4
2010,16,2010-07-17,Docklands,Essendon,West Coast,Essendon,Heath Hocking,10,4,4,0,0,0,2
2010,16,2010-07-17,Docklands,Essendon,West Coast,Essendon,Cale Hooker,5,8,9,0,0,0,3
2010,16,2010-07-17,Docklands,Essendon,West Coast,Essendon,Ben Howlett,11,4,11,1,0,0,7
2010,16,2010-07-17,Docklands,Essendon,West Coast,Essendon,Michael Hurley,12,5,4,0,0,0,1
2010,16,2010-07-17,Docklands,Essendon,West Coast,Essendon,Sam Lonergan,11,3,6,2,0,0,3
2010,16,2010-07-17,Docklands,Essendon,West Coast,Essendon,Nathan Lovett-Murray,8,4,16,0,0,0,3
2010,16,2010-07-17,Docklands,Essendon,West Coast,Essendon,Mark McVeigh,8,4,4,0,0,0,0
2010,16,2010-07-17,Docklands,Essendon,West Coast,Essendon,Jake Melksham,10,6,4,0,0,0,1
2010,16,2010-07-17,Docklands,Essendon,West Coast,Essendon,Angus Monfries,6,3,10,1,0,0,4
2010,16,2010-07-17,Docklands,Essendon,West Coast,Essendon,Jay Neagle,5,3,3,1,4,0,0
2010,16,2010-07-17,Docklands,Essendon,West Coast,Essendon,Kyle Reimers,15,6,5,0,1,0,2
2010,16,2010-07-17,Docklands,Essendon,West Coast,Essendon,Paddy Ryder,5,3,6,1,0,10,3
2010,16,2010-07-17,Docklands,Essendon,West Coast,Essendon,Brent Stanton,15,5,6,3,0,0,6
2010,16,2010-07-17,Docklands,Essendon,West Coast,Essendon,Jobe Watson,7,4,15,0,0,0,5
2010,16,2010-07-17,Docklands,Essendon,West Coast,Essendon,Jason Winderlich,12,7,12,0,1,1,4
2010,16,2010-07-17,Docklands,Essendon,West Coast,Essendon,David Zaharakis,11,4,9,1,1,0,2
2010,16,2010-07-17,Docklands,Essendon,West Coast,West Coast,Mitch Brown,5,2,8,0,0,0,0
2010,16,2010-07-17,Docklands,Essendon,West Coast,West Coast,Dean Cox,12,7,6,0,1,23,4
2010,16,2010-07-17,Docklands,Essendon,West Coast,West Coast,Brad Ebert,13,6,10,0,0,0,4
2010,16,2010-07-17,Docklands,Essendon,West Coast,West Coast,Andrew Embley,15,5,10,1,2,0,1
2010,16,2010-07-17,Docklands,Essendon,West Coast,West Coast,Ashton Hams,12,6,6,3,0,0,5
2010,16,2010-07-17,Docklands,Essendon,West Coast,West Coast,Shannon Hurn,16,4,2,0,0,0,2
2010,16,2010-07-17,Docklands,Essendon,West Coast,West Coast,Josh Kennedy,16,12,4,1,1,0,6
2010,16,2010-07-17,Docklands,Essendon,West Coast,West Coast,Mark LeCras,19,12,3,12,2,0,1
2010,16,2010-07-17,Docklands,Essendon,West Coast,West Coast,Quinten Lynch,10,6,9,0,1,0,2
2010,16,2010-07-17,Docklands,Essendon,West Coast,West Coast,Eric Mackenzie,4,2,6,0,0,0,2
2010,16,2010-07-17,Docklands,Essendon,West Coast,West Coast,Chris Masten,7,4,7,0,0,0,1
2010,16,2010-07-17,Docklands,Essendon,West Coast,West Coast,Nic Naitanui,3,2,11,1,0,11,1
2010,16,2010-07-17,Docklands,Essendon,West Coast,West Coast,Matt Priddis,10,2,22,1,0,0,6
2010,16,2010-07-17,Docklands,Essendon,West Coast,West Coast,Matt Rosa,9,8,12,0,0,0,3
2010,16,2010-07-17,Docklands,Essendon,West Coast,West Coast,Will Schofield,1,3,7,0,0,0,1
2010,16,2010-07-17,Docklands,Essendon,West Coast,West Coast,Adam Selwood,13,6,13,0,1,0,4
2010,16,2010-07-17,Docklands,Essendon,West Coast,West Coast,Scott Selwood,8,5,11,0,0,0,6
2010,16,2010-07-17,Docklands,Essendon,West Coast,West Coast,Brad Sheppard,9,2,4,0,1,0,0
2010,16,2010-07-17,Docklands,Essendon,West Coast,West Coast,Ashley Smith,11,3,10,0,0,0,1
2010,16,2010-07-17,Docklands,Essendon,West Coast,West Coast,Lewis Stevenson,8,6,9,0,0,0,1
2010,16,2010-07-17,Docklands,Essendon,West Coast,West Coast,Andrew Strijk,4,3,6,1,0,0,3
2010,16,2010-07-17,Docklands,Essendon,West Coast,West Coast,Beau Waters,11,5,4,0,0,0,1
2010,16,2010-07-17,Marrara Oval,Western Bulldogs,Port Adelaide,Western Bulldogs,Matthew Boyd,20,6,15,2,0,1,3
2010,16,2010-07-17,Marrara Oval,Western Bulldogs,Port Adelaide,Western Bulldogs,Adam Cooney,13,3,11,1,0,0,4
2010,16,2010-07-17,Marrara Oval,Western Bulldogs,Port Adelaide,Western Bulldogs,Daniel Cross,10,14,23,0,0,6,5
2010,16,2010-07-17,Marrara Oval,Western Bulldogs,Port Adelaide,Western Bulldogs,Nathan Eagleton,13,12,10,1,1,0,2
2010,16,2010-07-17,Marrara Oval,Western Bulldogs,Port Adelaide,Western Bulldogs,Andrejs Everitt,8,5,12,1,1,0,0
2010,16,2010-07-17,Marrara Oval,Western Bulldogs,Port Adelaide,Western Bulldogs,Daniel Giansiracusa,9,4,3,1,0,0,3
2010,16,2010-07-17,Marrara Oval,Western Bulldogs,Port Adelaide,Western Bulldogs,Lindsay Gilbee,15,8,12,0,0,0,4
2010,16,2010-07-17,Marrara Oval,Western Bulldogs,Port Adelaide,Western Bulldogs,Jarrad Grant,8,2,2,2,0,0,1
2010,16,2010-07-17,Marrara Oval,Western Bulldogs,Port Adelaide,Western Bulldogs,Ryan Griffen,15,2,5,1,2,0,1
2010,16,2010-07-17,Marrara Oval,Western Bulldogs,Port Adelaide,Western Bulldogs,Jarrod Harbrow,20,4,12,0,0,0,2
2010,16,2010-07-17,Marrara Oval,Western Bulldogs,Port Adelaide,Western Bulldogs,Ryan Hargrave,18,10,12,0,0,0,3
2010,16,2010-07-17,Marrara Oval,Western Bulldogs,Port Adelaide,Western Bulldogs,Shaun Higgins,7,6,8,1,0,0,6
2010,16,2010-07-17,Marrara Oval,Western Bulldogs,Port Adelaide,Western Bulldogs,Ben Hudson,3,2,6,0,0,17,5
2010,16,2010-07-17,Marrara Oval,Western Bulldogs,Port Adelaide,Western Bulldogs,Brad Johnson,16,8,4,1,0,0,0
2010,16,2010-07-17,Marrara Oval,Western Bulldogs,Port Adelaide,Western Bulldogs,Brian Lake,19,17,7,0,0,0,2
2010,16,2010-07-17,Marrara Oval,Western Bulldogs,Port Adelaide,Western Bulldogs,Brodie Moles,11,3,7,0,0,0,7
2010,16,2010-07-17,Marrara Oval,Western Bulldogs,Port Adelaide,Western Bulldogs,Dale Morris,8,6,5,0,0,0,2
2010,16,2010-07-17,Marrara Oval,Western Bulldogs,Port Adelaide,Western Bulldogs,Robert Murphy,14,9,6,0,0,0,0
2010,16,2010-07-17,Marrara Oval,Western Bulldogs,Port Adelaide,Western Bulldogs,Liam Picken,5,2,8,0,2,0,6
2010,16,2010-07-17,Marrara Oval,Western Bulldogs,Port Adelaide,Western Bulldogs,Callan Ward,7,4,8,1,1,0,4
2010,16,2010-07-17,Marrara Oval,Western Bulldogs,Port Adelaide,Western Bulldogs,Tom Williams,6,3,6,0,0,0,1
2010,16,2010-07-17,Marrara Oval,Western Bulldogs,Port Adelaide,Western Bulldogs,Easton Wood,3,4,5,0,0,0,2
2010,16,2010-07-17,Marrara Oval,Western Bulldogs,Port Adelaide,Port Adelaide,Mitchell Banner,13,6,11,0,1,0,1
2010,16,2010-07-17,Marrara Oval,Western Bulldogs,Port Adelaide,Port Adelaide,Matthew Broadbent,9,5,7,0,0,0,3
2010,16,2010-07-17,Marrara Oval,Western Bulldogs,Port Adelaide,Port Adelaide,Dean Brogan,2,3,9,0,0,18,3
2010,16,2010-07-17,Marrara Oval,Western Bulldogs,Port Adelaide,Port Adelaide,Josh Carr,2,2,4,0,0,0,1
2010,16,2010-07-17,Marrara Oval,Western Bulldogs,Port Adelaide,Port Adelaide,Domenic Cassisi,13,3,11,0,0,0,6
2010,16,2010-07-17,Marrara Oval,Western Bulldogs,Port Adelaide,Port Adelaide,Troy Chaplin,14,9,7,0,0,0,1
2010,16,2010-07-17,Marrara Oval,Western Bulldogs,Port Adelaide,Port Adelaide,Kane Cornes,20,5,16,2,0,0,5
2010,16,2010-07-17,Marrara Oval,Western Bulldogs,Port Adelaide,Port Adelaide,Jason Davenport,7,3,4,1,0,0,2
2010,16,2010-07-17,Marrara Oval,Western Bulldogs,Port Adelaide,Port Adelaide,Brett Ebert,11,5,5,1,1,0,2
2010,16,2010-07-17,Marrara Oval,Western Bulldogs,Port Adelaide,Port Adelaide,Scott Harding,7,5,6,0,0,0,1
2010,16,2010-07-17,Marrara Oval,Western Bulldogs,Port Adelaide,Port Adelaide,Cameron Hitchcock,5,0,4,0,1,0,0
2010,16,2010-07-17,Marrara Oval,Western Bulldogs,Port Adelaide,Port Adelaide,Tom Logan,6,8,9,0,0,0,1
2010,16,2010-07-17,Marrara Oval,Western Bulldogs,Port Adelaide,Port Adelaide,Daniel Motlop,8,5,2,0,0,2,0
2010,16,2010-07-17,Marrara Oval,Western Bulldogs,Port Adelaide,Port Adelaide,Jay Nash,7,7,7,0,0,0,3
2010,16,2010-07-17,Marrara Oval,Western Bulldogs,Port Adelaide,Port Adelaide,Danyle Pearce,23,3,7,0,1,0,0
2010,16,2010-07-17,Marrara Oval,Western Bulldogs,Port Adelaide,Port Adelaide,David Rodan,5,3,7,0,0,0,1
2010,16,2010-07-17,Marrara Oval,Western Bulldogs,Port Adelaide,Port Adelaide,Steven Salopek,10,3,8,0,0,0,1
2010,16,2010-07-17,Marrara Oval,Western Bulldogs,Port Adelaide,Port Adelaide,Nick Salter,8,4,6,0,0,0,0
2010,16,2010-07-17,Marrara Oval,Western Bulldogs,Port Adelaide,Port Adelaide,Jay Schulz,7,5,1,2,0,0,1
2010,16,2010-07-17,Marrara Oval,Western Bulldogs,Port Adelaide,Port Adelaide,Paul Stewart,14,8,1,0,0,0,2
2010,16,2010-07-17,Marrara Oval,Western Bulldogs,Port Adelaide,Port Adelaide,Jackson Trengove,4,2,7,0,0,3,6
2010,16,2010-07-17,Marrara Oval,Western Bulldogs,Port Adelaide,Port Adelaide,Justin Westhoff,7,5,2,1,0,1,2
2010,16,2010-07-18,Docklands,Carlton,Sydney,Carlton,Dennis Armfield,7,1,4,0,0,0,2
2010,16,2010-07-18,Docklands,Carlton,Sydney,Carlton,Eddie Betts,3,5,9,1,0,0,4
2010,16,2010-07-18,Docklands,Carlton,Sydney,Carlton,Paul Bower,3,2,9,0,0,0,2
2010,16,2010-07-18,Docklands,Carlton,Sydney,Carlton,Andrew Carrazzo,7,3,14,0,0,0,4
2010,16,2010-07-18,Docklands,Carlton,Sydney,Carlton,Jeff Garlett,10,6,1,1,1,0,4
2010,16,2010-07-18,Docklands,Carlton,Sydney,Carlton,Bryce Gibbs,18,7,6,0,1,0,6
2010,16,2010-07-18,Docklands,Carlton,Sydney,Carlton,Shaun Grigg,11,3,6,0,0,1,6
2010,16,2010-07-18,Docklands,Carlton,Sydney,Carlton,Shaun Hampson,5,5,2,2,2,11,2
2010,16,2010-07-18,Docklands,Carlton,Sydney,Carlton,Lachie Henderson,4,3,1,0,0,0,0
2010,16,2010-07-18,Docklands,Carlton,Sydney,Carlton,Sam Jacobs,2,2,9,0,1,26,3
2010,16,2010-07-18,Docklands,Carlton,Sydney,Carlton,Michael Jamison,2,1,1,0,0,0,3
2010,16,2010-07-18,Docklands,Carlton,Sydney,Carlton,Aaron Joseph,5,3,4,0,0,0,6
2010,16,2010-07-18,Docklands,Carlton,Sydney,Carlton,Chris Judd,12,1,16,1,0,0,9
2010,16,2010-07-18,Docklands,Carlton,Sydney,Carlton,Kane Lucas,0,0,1,0,0,0,2
2010,16,2010-07-18,Docklands,Carlton,Sydney,Carlton,Marc Murphy,16,6,9,1,0,0,4
2010,16,2010-07-18,Docklands,Carlton,Sydney,Carlton,Mitch Robinson,5,6,9,0,0,0,2
2010,16,2010-07-18,Docklands,Carlton,Sydney,Carlton,Jordan Russell,16,6,10,0,0,0,4
2010,16,2010-07-18,Docklands,Carlton,Sydney,Carlton,Heath Scotland,11,6,16,1,0,0,4
2010,16,2010-07-18,Docklands,Carlton,Sydney,Carlton,Kade Simpson,10,5,3,1,0,0,5
2010,16,2010-07-18,Docklands,Carlton,Sydney,Carlton,Jarrad Waite,11,8,7,1,1,0,4
2010,16,2010-07-18,Docklands,Carlton,Sydney,Carlton,Andrew Walker,11,5,7,0,0,0,2
2010,16,2010-07-18,Docklands,Carlton,Sydney,Carlton,Chris Yarran,4,3,3,1,0,0,4
2010,16,2010-07-18,Docklands,Carlton,Sydney,Sydney,Paul Bevan,13,9,12,0,1,0,2
2010,16,2010-07-18,Docklands,Carlton,Sydney,Sydney,Jude Bolton,10,3,10,2,0,0,10
2010,16,2010-07-18,Docklands,Carlton,Sydney,Sydney,Adam Goodes,18,7,7,1,1,0,5
2010,16,2010-07-18,Docklands,Carlton,Sydney,Sydney,Heath Grundy,19,10,7,0,0,0,1
2010,16,2010-07-18,Docklands,Carlton,Sydney,Sydney,Dan Hannebery,8,4,12,0,0,0,3
2010,16,2010-07-18,Docklands,Carlton,Sydney,Sydney,Kieren Jack,13,5,10,0,0,0,13
2010,16,2010-07-18,Docklands,Carlton,Sydney,Sydney,Josh Kennedy,6,3,11,0,0,0,5
2010,16,2010-07-18,Docklands,Carlton,Sydney,Sydney,Tadhg Kennelly,16,7,5,0,0,0,5
2010,16,2010-07-18,Docklands,Carlton,Sydney,Sydney,Brett Kirk,4,3,9,0,0,0,2
2010,16,2010-07-18,Docklands,Carlton,Sydney,Sydney,Nick Malceski,10,4,15,0,0,0,2
2010,16,2010-07-18,Docklands,Carlton,Sydney,Sydney,Martin Mattner,14,5,8,0,0,0,3
2010,16,2010-07-18,Docklands,Carlton,Sydney,Sydney,Ben McGlynn,11,7,2,2,3,0,3
2010,16,2010-07-18,Docklands,Carlton,Sydney,Sydney,Jarrad McVeigh,5,2,11,2,0,0,2
2010,16,2010-07-18,Docklands,Carlton,Sydney,Sydney,Brett Meredith,7,1,7,2,0,0,2
2010,16,2010-07-18,Docklands,Carlton,Sydney,Sydney,Jarred Moore,9,3,11,2,0,0,2
2010,16,2010-07-18,Docklands,Carlton,Sydney,Sydney,Shane Mumford,4,6,11,0,1,33,7
2010,16,2010-07-18,Docklands,Carlton,Sydney,Sydney,Ryan OKeefe,15,4,9,0,2,1,6
2010,16,2010-07-18,Docklands,Carlton,Sydney,Sydney,Mike Pyke,3,4,5,0,0,8,5
2010,16,2010-07-18,Docklands,Carlton,Sydney,Sydney,Ted Richards,9,8,7,0,0,0,1
2010,16,2010-07-18,Docklands,Carlton,Sydney,Sydney,Rhyce Shaw,10,7,4,3,1,0,1
2010,16,2010-07-18,Docklands,Carlton,Sydney,Sydney,Nick Smith,2,0,0,0,0,0,1
2010,16,2010-07-18,Docklands,Carlton,Sydney,Sydney,Jesse White,7,7,6,2,0,0,1
2010,16,2010-07-18,M.C.G.,Richmond,North Melbourne,Richmond,David Astbury,4,2,3,0,1,0,1
2010,16,2010-07-18,M.C.G.,Richmond,North Melbourne,Richmond,Andrew Collins,9,3,5,1,0,0,4
2010,16,2010-07-18,M.C.G.,Richmond,North Melbourne,Richmond,Daniel Connors,26,8,4,0,0,0,4
2010,16,2010-07-18,M.C.G.,Richmond,North Melbourne,Richmond,Trent Cotchin,9,1,3,0,1,0,3
2010,16,2010-07-18,M.C.G.,Richmond,North Melbourne,Richmond,Ben Cousins,11,4,16,0,0,0,3
2010,16,2010-07-18,M.C.G.,Richmond,North Melbourne,Richmond,Brett Deledio,17,6,7,0,0,0,2
2010,16,2010-07-18,M.C.G.,Richmond,North Melbourne,Richmond,Shane Edwards,10,1,8,0,0,0,5
2010,16,2010-07-18,M.C.G.,Richmond,North Melbourne,Richmond,Mitch Farmer,6,1,2,0,0,0,3
2010,16,2010-07-18,M.C.G.,Richmond,North Melbourne,Richmond,Angus Graham,4,0,5,0,0,27,4
2010,16,2010-07-18,M.C.G.,Richmond,North Melbourne,Richmond,Jake King,12,3,4,1,1,0,5
2010,16,2010-07-18,M.C.G.,Richmond,North Melbourne,Richmond,Dustin Martin,7,2,10,0,0,0,11
2010,16,2010-07-18,M.C.G.,Richmond,North Melbourne,Richmond,Luke McGuane,8,5,6,1,1,0,3
2010,16,2010-07-18,M.C.G.,Richmond,North Melbourne,Richmond,Kelvin Moore,7,7,7,0,0,0,1
2010,16,2010-07-18,M.C.G.,Richmond,North Melbourne,Richmond,Robin Nahas,4,0,7,1,0,0,5
2010,16,2010-07-18,M.C.G.,Richmond,North Melbourne,Richmond,Chris Newman,12,2,2,0,0,0,3
2010,16,2010-07-18,M.C.G.,Richmond,North Melbourne,Richmond,Jack Riewoldt,8,4,0,3,2,2,3
2010,16,2010-07-18,M.C.G.,Richmond,North Melbourne,Richmond,Richard Tambling,3,1,8,0,0,0,4
2010,16,2010-07-18,M.C.G.,Richmond,North Melbourne,Richmond,Will Thursfield,3,2,3,0,0,0,0
2010,16,2010-07-18,M.C.G.,Richmond,North Melbourne,Richmond,Shane Tuck,11,4,15,0,0,0,11
2010,16,2010-07-18,M.C.G.,Richmond,North Melbourne,Richmond,Ty Vickery,2,0,4,0,0,11,5
2010,16,2010-07-18,M.C.G.,Richmond,North Melbourne,Richmond,Jeromey Webberley,10,3,7,0,0,0,1
2010,16,2010-07-18,M.C.G.,Richmond,North Melbourne,Richmond,Matt White,5,1,2,0,1,0,1
2010,16,2010-07-18,M.C.G.,Richmond,North Melbourne,North Melbourne,Leigh Adams,18,8,10,3,3,0,5
2010,16,2010-07-18,M.C.G.,Richmond,North Melbourne,North Melbourne,Ryan Bastinac,5,1,8,0,0,0,0
2010,16,2010-07-18,M.C.G.,Richmond,North Melbourne,North Melbourne,Matt Campbell,9,3,4,2,0,0,7
2010,16,2010-07-18,M.C.G.,Richmond,North Melbourne,North Melbourne,Ben Cunnington,7,4,11,0,0,0,9
2010,16,2010-07-18,M.C.G.,Richmond,North Melbourne,North Melbourne,Aaron Edwards,7,4,5,0,0,0,2
2010,16,2010-07-18,M.C.G.,Richmond,North Melbourne,North Melbourne,Michael Firrito,10,4,12,1,0,0,3
2010,16,2010-07-18,M.C.G.,Richmond,North Melbourne,North Melbourne,Todd Goldstein,5,2,3,1,0,26,2
2010,16,2010-07-18,M.C.G.,Richmond,North Melbourne,North Melbourne,Levi Greenwood,10,3,3,0,0,0,9
2010,16,2010-07-18,M.C.G.,Richmond,North Melbourne,North Melbourne,Nathan Grima,16,10,8,0,0,0,0
2010,16,2010-07-18,M.C.G.,Richmond,North Melbourne,North Melbourne,Lachlan Hansen,8,7,7,2,1,2,0
2010,16,2010-07-18,M.C.G.,Richmond,North Melbourne,North Melbourne,Brent Harvey,16,3,7,1,1,0,5
2010,16,2010-07-18,M.C.G.,Richmond,North Melbourne,North Melbourne,Ed Lower,7,2,6,0,1,0,9
2010,16,2010-07-18,M.C.G.,Richmond,North Melbourne,North Melbourne,Hamish McIntosh,7,2,13,0,1,18,3
2010,16,2010-07-18,M.C.G.,Richmond,North Melbourne,North Melbourne,Daniel Pratt,10,4,5,1,0,0,4
2010,16,2010-07-18,M.C.G.,Richmond,North Melbourne,North Melbourne,Brady Rawlings,5,5,16,0,0,0,4
2010,16,2010-07-18,M.C.G.,Richmond,North Melbourne,North Melbourne,Andrew Swallow,13,4,18,1,2,1,8
2010,16,2010-07-18,M.C.G.,Richmond,North Melbourne,North Melbourne,Robbie Tarrant,2,1,3,0,0,0,1
2010,16,2010-07-18,M.C.G.,Richmond,North Melbourne,North Melbourne,Scott Thompson,11,1,7,0,0,0,6
2010,16,2010-07-18,M.C.G.,Richmond,North Melbourne,North Melbourne,Gavin Urquhart,13,3,7,1,0,0,5
2010,16,2010-07-18,M.C.G.,Richmond,North Melbourne,North Melbourne,Ben Warren,11,6,3,1,3,0,1
2010,16,2010-07-18,M.C.G.,Richmond,North Melbourne,North Melbourne,Daniel Wells,17,5,9,1,1,0,2
2010,16,2010-07-18,M.C.G.,Richmond,North Melbourne,North Melbourne,Sam Wright,3,2,3,0,0,0,0
2010,16,2010-07-18,Subiaco,Fremantle,Melbourne,Fremantle,Hayden Ballantyne,9,3,2,4,1,0,3
2010,16,2010-07-18,Subiaco,Fremantle,Melbourne,Fremantle,Kepler Bradley,10,6,4,0,2,0,2
2010,16,2010-07-18,Subiaco,Fremantle,Melbourne,Fremantle,Greg Broughton,15,4,5,0,0,0,1
2010,16,2010-07-18,Subiaco,Fremantle,Melbourne,Fremantle,Ryan Crowley,3,0,3,1,0,0,2
2010,16,2010-07-18,Subiaco,Fremantle,Melbourne,Fremantle,Matt de Boer,4,3,6,0,0,0,5
2010,16,2010-07-18,Subiaco,Fremantle,Melbourne,Fremantle,Paul Duffield,12,7,10,1,0,0,6
2010,16,2010-07-18,Subiaco,Fremantle,Melbourne,Fremantle,Nat Fyfe,8,7,6,1,0,0,1
2010,16,2010-07-18,Subiaco,Fremantle,Melbourne,Fremantle,Paul Hasleby,6,5,7,1,0,0,4
2010,16,2010-07-18,Subiaco,Fremantle,Melbourne,Fremantle,Roger Hayden,6,1,5,0,0,0,0
2010,16,2010-07-18,Subiaco,Fremantle,Melbourne,Fremantle,Stephen Hill,7,4,13,0,1,0,4
2010,16,2010-07-18,Subiaco,Fremantle,Melbourne,Fremantle,Garrick Ibbotson,10,3,6,0,0,0,3
2010,16,2010-07-18,Subiaco,Fremantle,Melbourne,Fremantle,Michael Johnson,8,5,10,0,0,1,2
2010,16,2010-07-18,Subiaco,Fremantle,Melbourne,Fremantle,Luke McPharlin,9,5,9,0,1,0,1
2010,16,2010-07-18,Subiaco,Fremantle,Melbourne,Fremantle,Adam McPhee,11,4,10,0,1,0,5
2010,16,2010-07-18,Subiaco,Fremantle,Melbourne,Fremantle,Anthony Morabito,12,2,5,0,4,0,1
2010,16,2010-07-18,Subiaco,Fremantle,Melbourne,Fremantle,David Mundy,9,3,10,2,0,0,4
2010,16,2010-07-18,Subiaco,Fremantle,Melbourne,Fremantle,Rhys Palmer,8,4,9,1,0,1,9
2010,16,2010-07-18,Subiaco,Fremantle,Melbourne,Fremantle,Matthew Pavlich,11,7,5,0,3,0,6
2010,16,2010-07-18,Subiaco,Fremantle,Melbourne,Fremantle,Dylan Roberton,11,2,5,0,0,0,6
2010,16,2010-07-18,Subiaco,Fremantle,Melbourne,Fremantle,Aaron Sandilands,3,3,10,0,0,34,2
2010,16,2010-07-18,Subiaco,Fremantle,Melbourne,Fremantle,Alex Silvagni,5,5,5,0,0,1,3
2010,16,2010-07-18,Subiaco,Fremantle,Melbourne,Fremantle,Jay van Berlo,6,3,4,0,1,0,2
2010,16,2010-07-18,Subiaco,Fremantle,Melbourne,Melbourne,Rohan Bail,9,5,10,0,0,0,6
2010,16,2010-07-18,Subiaco,Fremantle,Melbourne,Melbourne,Clint Bartram,9,4,5,0,0,0,6
2010,16,2010-07-18,Subiaco,Fremantle,Melbourne,Melbourne,Matthew Bate,8,8,7,0,3,0,1
2010,16,2010-07-18,Subiaco,Fremantle,Melbourne,Melbourne,Jamie Bennell,8,4,4,2,0,0,0
2010,16,2010-07-18,Subiaco,Fremantle,Melbourne,Melbourne,Cameron Bruce,7,4,12,0,0,0,3
2010,16,2010-07-18,Subiaco,Fremantle,Melbourne,Melbourne,Aaron Davey,18,3,3,2,1,0,5
2010,16,2010-07-18,Subiaco,Fremantle,Melbourne,Melbourne,Lynden Dunn,11,6,2,0,2,1,6
2010,16,2010-07-18,Subiaco,Fremantle,Melbourne,Melbourne,James Frawley,8,6,10,0,0,0,3
2010,16,2010-07-18,Subiaco,Fremantle,Melbourne,Melbourne,Colin Garland,11,5,9,0,0,0,5
2010,16,2010-07-18,Subiaco,Fremantle,Melbourne,Melbourne,Brad Green,14,6,6,1,0,0,2
2010,16,2010-07-18,Subiaco,Fremantle,Melbourne,Melbourne,Mark Jamar,1,1,6,0,0,20,2
2010,16,2010-07-18,Subiaco,Fremantle,Melbourne,Melbourne,Paul Johnson,9,4,2,1,0,11,1
2010,16,2010-07-18,Subiaco,Fremantle,Melbourne,Melbourne,Nathan Jones,8,5,11,1,0,0,4
2010,16,2010-07-18,Subiaco,Fremantle,Melbourne,Melbourne,Liam Jurrah,6,5,4,2,2,0,2
2010,16,2010-07-18,Subiaco,Fremantle,Melbourne,Melbourne,Joel Macdonald,9,5,10,0,0,0,7
2010,16,2010-07-18,Subiaco,Fremantle,Melbourne,Melbourne,Jordie McKenzie,5,3,16,0,0,0,5
2010,16,2010-07-18,Subiaco,Fremantle,Melbourne,Melbourne,Brent Moloney,3,0,1,0,0,0,2
2010,16,2010-07-18,Subiaco,Fremantle,Melbourne,Melbourne,Cale Morton,9,5,8,0,0,0,6
2010,16,2010-07-18,Subiaco,Fremantle,Melbourne,Melbourne,Jared Rivers,10,7,4,0,0,0,4
2010,16,2010-07-18,Subiaco,Fremantle,Melbourne,Melbourne,Tom Scully,9,7,13,0,0,0,4
2010,16,2010-07-18,Subiaco,Fremantle,Melbourne,Melbourne,Colin Sylvia,18,8,5,1,1,0,2
2010,16,2010-07-18,Subiaco,Fremantle,Melbourne,Melbourne,Jack Watts,13,7,6,0,1,3,1
2010,17,2010-07-23,Docklands,St Kilda,Hawthorn,St Kilda,Jason Blake,9,6,8,0,0,1,3
2010,17,2010-07-23,Docklands,St Kilda,Hawthorn,St Kilda,Nick Dal Santo,14,3,5,0,0,1,6
2010,17,2010-07-23,Docklands,St Kilda,Hawthorn,St Kilda,Zac Dawson,4,5,10,1,0,0,0
2010,17,2010-07-23,Docklands,St Kilda,Hawthorn,St Kilda,Sean Dempster,8,6,7,0,0,0,4
2010,17,2010-07-23,Docklands,St Kilda,Hawthorn,St Kilda,Sam Fisher,15,8,5,0,0,0,2
2010,17,2010-07-23,Docklands,St Kilda,Hawthorn,St Kilda,Michael Gardiner,10,4,2,0,0,23,3
2010,17,2010-07-23,Docklands,St Kilda,Hawthorn,St Kilda,Sam Gilbert,6,4,4,0,0,0,2
2010,17,2010-07-23,Docklands,St Kilda,Hawthorn,St Kilda,Brendon Goddard,14,8,16,0,0,3,3
2010,17,2010-07-23,Docklands,St Kilda,Hawthorn,St Kilda,Jason Gram,15,4,6,0,0,0,3
2010,17,2010-07-23,Docklands,St Kilda,Hawthorn,St Kilda,James Gwilt,16,6,4,0,0,1,2
2010,17,2010-07-23,Docklands,St Kilda,Hawthorn,St Kilda,Lenny Hayes,12,7,18,0,0,1,11
2010,17,2010-07-23,Docklands,St Kilda,Hawthorn,St Kilda,Clinton Jones,7,3,11,0,0,0,2
2010,17,2010-07-23,Docklands,St Kilda,Hawthorn,St Kilda,Justin Koschitzke,4,6,2,3,0,1,1
2010,17,2010-07-23,Docklands,St Kilda,Hawthorn,St Kilda,Ben McEvoy,5,3,4,1,0,19,8
2010,17,2010-07-23,Docklands,St Kilda,Hawthorn,St Kilda,Andrew McQualter,3,2,3,0,0,0,2
2010,17,2010-07-23,Docklands,St Kilda,Hawthorn,St Kilda,Stephen Milne,6,3,1,3,0,0,1
2010,17,2010-07-23,Docklands,St Kilda,Hawthorn,St Kilda,Leigh Montagna,9,3,9,0,0,0,5
2010,17,2010-07-23,Docklands,St Kilda,Hawthorn,St Kilda,Brett Peake,9,4,3,0,0,0,4
2010,17,2010-07-23,Docklands,St Kilda,Hawthorn,St Kilda,Farren Ray,10,7,10,0,0,0,7
2010,17,2010-07-23,Docklands,St Kilda,Hawthorn,St Kilda,Nick Riewoldt,11,9,5,2,3,0,1
2010,17,2010-07-23,Docklands,St Kilda,Hawthorn,St Kilda,Adam Schneider,12,9,7,3,0,0,3
2010,17,2010-07-23,Docklands,St Kilda,Hawthorn,St Kilda,Jack Steven,7,2,2,1,0,0,2
2010,17,2010-07-23,Docklands,St Kilda,Hawthorn,Hawthorn,Chance Bateman,9,2,5,0,0,0,2
2010,17,2010-07-23,Docklands,St Kilda,Hawthorn,Hawthorn,Grant Birchall,8,2,10,0,0,0,0
2010,17,2010-07-23,Docklands,St Kilda,Hawthorn,Hawthorn,Campbell Brown,10,6,6,0,0,0,2
2010,17,2010-07-23,Docklands,St Kilda,Hawthorn,Hawthorn,Shaun Burgoyne,12,4,17,0,0,0,5
2010,17,2010-07-23,Docklands,St Kilda,Hawthorn,Hawthorn,Xavier Ellis,9,4,9,0,0,0,0
2010,17,2010-07-23,Docklands,St Kilda,Hawthorn,Hawthorn,Lance Franklin,13,6,6,5,3,0,5
2010,17,2010-07-23,Docklands,St Kilda,Hawthorn,Hawthorn,Josh Gibson,2,0,14,0,0,0,1
2010,17,2010-07-23,Docklands,St Kilda,Hawthorn,Hawthorn,Stephen Gilham,8,5,5,0,0,0,2
2010,17,2010-07-23,Docklands,St Kilda,Hawthorn,Hawthorn,Brent Guerra,13,2,7,0,0,0,2
2010,17,2010-07-23,Docklands,St Kilda,Hawthorn,Hawthorn,Luke Hodge,16,2,17,0,0,0,3
2010,17,2010-07-23,Docklands,St Kilda,Hawthorn,Hawthorn,Jordan Lewis,3,0,5,0,1,0,1
2010,17,2010-07-23,Docklands,St Kilda,Hawthorn,Hawthorn,Sam Mitchell,11,6,16,0,0,0,3
2010,17,2010-07-23,Docklands,St Kilda,Hawthorn,Hawthorn,Tom Murphy,5,2,10,0,0,0,2
2010,17,2010-07-23,Docklands,St Kilda,Hawthorn,Hawthorn,Michael Osborne,6,2,1,2,0,0,6
2010,17,2010-07-23,Docklands,St Kilda,Hawthorn,Hawthorn,Brent Renouf,5,3,5,0,0,20,1
2010,17,2010-07-23,Docklands,St Kilda,Hawthorn,Hawthorn,Cyril Rioli,8,3,4,1,0,0,2
2010,17,2010-07-23,Docklands,St Kilda,Hawthorn,Hawthorn,Jarryd Roughead,8,6,8,3,3,0,1
2010,17,2010-07-23,Docklands,St Kilda,Hawthorn,Hawthorn,Brad Sewell,10,2,18,0,0,0,7
2010,17,2010-07-23,Docklands,St Kilda,Hawthorn,Hawthorn,Wayde Skipper,5,1,3,0,0,15,1
2010,17,2010-07-23,Docklands,St Kilda,Hawthorn,Hawthorn,Ben Stratton,9,5,7,0,0,0,0
2010,17,2010-07-23,Docklands,St Kilda,Hawthorn,Hawthorn,Brendan Whitecross,5,4,5,1,0,0,3
2010,17,2010-07-23,Docklands,St Kilda,Hawthorn,Hawthorn,Clinton Young,10,4,2,1,0,0,2
2010,17,2010-07-24,M.C.G.,Collingwood,Richmond,Collingwood,Luke Ball,11,4,10,0,2,0,6
2010,17,2010-07-24,M.C.G.,Collingwood,Richmond,Collingwood,Dayne Beams,8,6,11,1,2,0,2
2010,17,2010-07-24,M.C.G.,Collingwood,Richmond,Collingwood,Jarryd Blair,5,2,11,0,1,0,7
2010,17,2010-07-24,M.C.G.,Collingwood,Richmond,Collingwood,Leigh Brown,13,10,6,3,2,10,3
2010,17,2010-07-24,M.C.G.,Collingwood,Richmond,Collingwood,Leon Davis,8,4,7,4,1,0,3
2010,17,2010-07-24,M.C.G.,Collingwood,Richmond,Collingwood,Chris Dawes,6,5,8,1,1,0,2
2010,17,2010-07-24,M.C.G.,Collingwood,Richmond,Collingwood,Alan Didak,15,8,13,3,0,0,2
2010,17,2010-07-24,M.C.G.,Collingwood,Richmond,Collingwood,Tyson Goldsack,8,5,11,0,0,0,1
2010,17,2010-07-24,M.C.G.,Collingwood,Richmond,Collingwood,Ben Johnson,18,8,8,0,0,0,1
2010,17,2010-07-24,M.C.G.,Collingwood,Richmond,Collingwood,Darren Jolly,6,5,10,2,0,20,2
2010,17,2010-07-24,M.C.G.,Collingwood,Richmond,Collingwood,Tarkyn Lockyer,11,8,5,0,1,0,2
2010,17,2010-07-24,M.C.G.,Collingwood,Richmond,Collingwood,Heritier Lumumba,12,4,3,0,0,0,1
2010,17,2010-07-24,M.C.G.,Collingwood,Richmond,Collingwood,Brent Macaffer,11,6,7,3,0,0,1
2010,17,2010-07-24,M.C.G.,Collingwood,Richmond,Collingwood,Nick Maxwell,6,3,4,0,0,0,0
2010,17,2010-07-24,M.C.G.,Collingwood,Richmond,Collingwood,Scott Pendlebury,14,5,16,1,0,0,5
2010,17,2010-07-24,M.C.G.,Collingwood,Richmond,Collingwood,Simon Prestigiacomo,2,0,2,0,0,0,0
2010,17,2010-07-24,M.C.G.,Collingwood,Richmond,Collingwood,Ben Reid,12,9,10,0,0,0,1
2010,17,2010-07-24,M.C.G.,Collingwood,Richmond,Collingwood,Steele Sidebottom,9,4,13,0,0,0,2
2010,17,2010-07-24,M.C.G.,Collingwood,Richmond,Collingwood,Dane Swan,21,4,16,1,2,0,4
2010,17,2010-07-24,M.C.G.,Collingwood,Richmond,Collingwood,Dale Thomas,14,5,12,0,0,0,2
2010,17,2010-07-24,M.C.G.,Collingwood,Richmond,Collingwood,Alan Toovey,3,1,6,0,0,0,3
2010,17,2010-07-24,M.C.G.,Collingwood,Richmond,Collingwood,Sharrod Wellingham,10,4,7,0,1,0,1
2010,17,2010-07-24,M.C.G.,Collingwood,Richmond,Richmond,David Astbury,15,9,5,0,0,1,1
2010,17,2010-07-24,M.C.G.,Collingwood,Richmond,Richmond,Andrew Browne,1,1,2,0,1,3,1
2010,17,2010-07-24,M.C.G.,Collingwood,Richmond,Richmond,Andrew Collins,7,5,4,1,1,0,2
2010,17,2010-07-24,M.C.G.,Collingwood,Richmond,Richmond,Daniel Connors,14,7,4,0,0,0,2
2010,17,2010-07-24,M.C.G.,Collingwood,Richmond,Richmond,Ben Cousins,9,5,15,1,1,0,2
2010,17,2010-07-24,M.C.G.,Collingwood,Richmond,Richmond,Brett Deledio,7,3,12,0,0,0,4
2010,17,2010-07-24,M.C.G.,Collingwood,Richmond,Richmond,Shane Edwards,6,2,13,0,0,0,3
2010,17,2010-07-24,M.C.G.,Collingwood,Richmond,Richmond,Mitch Farmer,5,4,6,0,0,0,3
2010,17,2010-07-24,M.C.G.,Collingwood,Richmond,Richmond,Angus Graham,3,2,3,1,0,19,4
2010,17,2010-07-24,M.C.G.,Collingwood,Richmond,Richmond,Jake King,9,4,6,0,1,1,6
2010,17,2010-07-24,M.C.G.,Collingwood,Richmond,Richmond,Dustin Martin,6,0,11,1,0,0,0
2010,17,2010-07-24,M.C.G.,Collingwood,Richmond,Richmond,Luke McGuane,4,8,14,0,0,0,3
2010,17,2010-07-24,M.C.G.,Collingwood,Richmond,Richmond,Mitch Morton,12,11,13,0,1,0,1
2010,17,2010-07-24,M.C.G.,Collingwood,Richmond,Richmond,Robin Nahas,6,2,8,0,1,0,5
2010,17,2010-07-24,M.C.G.,Collingwood,Richmond,Richmond,Ben Nason,6,6,6,0,0,0,2
2010,17,2010-07-24,M.C.G.,Collingwood,Richmond,Richmond,Chris Newman,12,2,4,0,0,0,6
2010,17,2010-07-24,M.C.G.,Collingwood,Richmond,Richmond,Dean Polo,9,3,10,0,0,0,4
2010,17,2010-07-24,M.C.G.,Collingwood,Richmond,Richmond,Jayden Post,0,3,8,0,0,0,0
2010,17,2010-07-24,M.C.G.,Collingwood,Richmond,Richmond,Alex Rance,10,11,13,0,0,0,2
2010,17,2010-07-24,M.C.G.,Collingwood,Richmond,Richmond,Jack Riewoldt,9,4,0,2,2,0,1
2010,17,2010-07-24,M.C.G.,Collingwood,Richmond,Richmond,Shane Tuck,12,2,13,0,1,0,3
2010,17,2010-07-24,M.C.G.,Collingwood,Richmond,Richmond,Jeromey Webberley,8,3,7,0,0,0,0
2010,17,2010-07-24,Kardinia Park,Geelong,Brisbane Lions,Geelong,Gary Ablett,16,7,10,5,0,0,2
2010,17,2010-07-24,Kardinia Park,Geelong,Brisbane Lions,Geelong,Jimmy Bartel,20,5,10,0,0,0,2
2010,17,2010-07-24,Kardinia Park,Geelong,Brisbane Lions,Geelong,Mark Blake,2,4,8,0,0,9,0
2010,17,2010-07-24,Kardinia Park,Geelong,Brisbane Lions,Geelong,Paul Chapman,14,7,13,0,0,0,8
2010,17,2010-07-24,Kardinia Park,Geelong,Brisbane Lions,Geelong,Joel Corey,12,6,11,1,1,4,6
2010,17,2010-07-24,Kardinia Park,Geelong,Brisbane Lions,Geelong,Corey Enright,13,2,6,0,0,0,1
2010,17,2010-07-24,Kardinia Park,Geelong,Brisbane Lions,Geelong,Josh Hunt,11,10,8,0,1,0,1
2010,17,2010-07-24,Kardinia Park,Geelong,Brisbane Lions,Geelong,Steve Johnson,10,7,2,4,2,0,2
2010,17,2010-07-24,Kardinia Park,Geelong,Brisbane Lions,Geelong,James Kelly,9,5,19,1,0,0,5
2010,17,2010-07-24,Kardinia Park,Geelong,Brisbane Lions,Geelong,Cameron Ling,10,7,15,1,0,0,4
2010,17,2010-07-24,Kardinia Park,Geelong,Brisbane Lions,Geelong,Tom Lonergan,7,6,9,0,0,0,1
2010,17,2010-07-24,Kardinia Park,Geelong,Brisbane Lions,Geelong,Andrew Mackie,9,5,8,0,2,0,2
2010,17,2010-07-24,Kardinia Park,Geelong,Brisbane Lions,Geelong,Darren Milburn,15,4,20,0,1,0,2
2010,17,2010-07-24,Kardinia Park,Geelong,Brisbane Lions,Geelong,Cameron Mooney,6,5,7,0,2,0,1
2010,17,2010-07-24,Kardinia Park,Geelong,Brisbane Lions,Geelong,Brad Ottens,3,3,7,0,0,10,7
2010,17,2010-07-24,Kardinia Park,Geelong,Brisbane Lions,Geelong,James Podsiadly,6,6,6,1,2,1,2
2010,17,2010-07-24,Kardinia Park,Geelong,Brisbane Lions,Geelong,Matthew Scarlett,11,3,9,0,0,0,1
2010,17,2010-07-24,Kardinia Park,Geelong,Brisbane Lions,Geelong,Joel Selwood,17,9,24,0,0,0,10
2010,17,2010-07-24,Kardinia Park,Geelong,Brisbane Lions,Geelong,Mathew Stokes,9,4,11,1,0,0,2
2010,17,2010-07-24,Kardinia Park,Geelong,Brisbane Lions,Geelong,Harry Taylor,8,8,12,0,0,0,2
2010,17,2010-07-24,Kardinia Park,Geelong,Brisbane Lions,Geelong,Travis Varcoe,8,5,7,4,1,0,4
2010,17,2010-07-24,Kardinia Park,Geelong,Brisbane Lions,Geelong,David Wojcinski,10,4,15,1,0,0,2
2010,17,2010-07-24,Kardinia Park,Geelong,Brisbane Lions,Brisbane Lions,Todd Banfield,6,3,4,1,1,0,4
2010,17,2010-07-24,Kardinia Park,Geelong,Brisbane Lions,Brisbane Lions,Jared Brennan,14,4,9,0,1,1,4
2010,17,2010-07-24,Kardinia Park,Geelong,Brisbane Lions,Brisbane Lions,Jonathan Brown,9,7,2,4,1,0,2
2010,17,2010-07-24,Kardinia Park,Geelong,Brisbane Lions,Brisbane Lions,Amon Buchanan,4,2,4,0,0,0,8
2010,17,2010-07-24,Kardinia Park,Geelong,Brisbane Lions,Brisbane Lions,Mitch Clark,7,2,6,0,0,10,3
2010,17,2010-07-24,Kardinia Park,Geelong,Brisbane Lions,Brisbane Lions,Aaron Cornelius,7,5,2,1,0,0,2
2010,17,2010-07-24,Kardinia Park,Geelong,Brisbane Lions,Brisbane Lions,Brendan Fevola,5,1,3,1,0,0,4
2010,17,2010-07-24,Kardinia Park,Geelong,Brisbane Lions,Brisbane Lions,Pearce Hanley,10,2,6,0,0,0,2
2010,17,2010-07-24,Kardinia Park,Geelong,Brisbane Lions,Brisbane Lions,Ryan Harwood,3,1,15,0,0,0,4
2010,17,2010-07-24,Kardinia Park,Geelong,Brisbane Lions,Brisbane Lions,James Hawksley,6,3,5,0,0,0,1
2010,17,2010-07-24,Kardinia Park,Geelong,Brisbane Lions,Brisbane Lions,Matthew Leuenberger,8,5,9,1,0,13,4
2010,17,2010-07-24,Kardinia Park,Geelong,Brisbane Lions,Brisbane Lions,Matt Maguire,10,5,4,0,0,0,3
2010,17,2010-07-24,Kardinia Park,Geelong,Brisbane Lions,Brisbane Lions,Daniel Merrett,8,7,4,0,0,0,4
2010,17,2010-07-24,Kardinia Park,Geelong,Brisbane Lions,Brisbane Lions,Joel Patfull,2,1,3,0,0,0,3
2010,17,2010-07-24,Kardinia Park,Geelong,Brisbane Lions,Brisbane Lions,James Polkinghorne,2,4,6,0,0,0,5
2010,17,2010-07-24,Kardinia Park,Geelong,Brisbane Lions,Brisbane Lions,Luke Power,20,5,16,0,0,0,1
2010,17,2010-07-24,Kardinia Park,Geelong,Brisbane Lions,Brisbane Lions,Albert Proud,8,8,8,1,1,0,3
2010,17,2010-07-24,Kardinia Park,Geelong,Brisbane Lions,Brisbane Lions,Jack Redden,13,10,12,0,1,0,5
2010,17,2010-07-24,Kardinia Park,Geelong,Brisbane Lions,Brisbane Lions,Daniel Rich,6,1,6,0,0,0,2
2010,17,2010-07-24,Kardinia Park,Geelong,Brisbane Lions,Brisbane Lions,Michael Rischitelli,12,5,10,0,1,0,7
2010,17,2010-07-24,Kardinia Park,Geelong,Brisbane Lions,Brisbane Lions,Tom Rockliff,17,2,14,0,0,0,1
2010,17,2010-07-24,Kardinia Park,Geelong,Brisbane Lions,Brisbane Lions,Brent Staker,9,5,7,0,0,0,2
2010,17,2010-07-24,Docklands,North Melbourne,Essendon,North Melbourne,Leigh Adams,14,5,9,1,1,0,1
2010,17,2010-07-24,Docklands,North Melbourne,Essendon,North Melbourne,Ryan Bastinac,5,1,5,0,0,0,5
2010,17,2010-07-24,Docklands,North Melbourne,Essendon,North Melbourne,Matt Campbell,2,1,3,0,0,0,6
2010,17,2010-07-24,Docklands,North Melbourne,Essendon,North Melbourne,Ben Cunnington,7,1,5,0,0,0,5
2010,17,2010-07-24,Docklands,North Melbourne,Essendon,North Melbourne,Aaron Edwards,11,7,4,4,0,0,2
2010,17,2010-07-24,Docklands,North Melbourne,Essendon,North Melbourne,Michael Firrito,5,3,6,0,0,0,4
2010,17,2010-07-24,Docklands,North Melbourne,Essendon,North Melbourne,Todd Goldstein,4,3,4,1,1,19,2
2010,17,2010-07-24,Docklands,North Melbourne,Essendon,North Melbourne,Levi Greenwood,17,5,5,2,2,0,5
2010,17,2010-07-24,Docklands,North Melbourne,Essendon,North Melbourne,David Hale,2,3,2,0,0,5,0
2010,17,2010-07-24,Docklands,North Melbourne,Essendon,North Melbourne,Lachlan Hansen,8,7,6,2,1,0,1
2010,17,2010-07-24,Docklands,North Melbourne,Essendon,North Melbourne,Leigh Harding,12,5,3,0,0,0,3
2010,17,2010-07-24,Docklands,North Melbourne,Essendon,North Melbourne,Brent Harvey,19,6,11,0,0,0,0
2010,17,2010-07-24,Docklands,North Melbourne,Essendon,North Melbourne,Ed Lower,6,0,7,0,0,0,7
2010,17,2010-07-24,Docklands,North Melbourne,Essendon,North Melbourne,Jamie Macmillan,5,3,7,0,0,0,3
2010,17,2010-07-24,Docklands,North Melbourne,Essendon,North Melbourne,Hamish McIntosh,3,3,9,1,1,32,2
2010,17,2010-07-24,Docklands,North Melbourne,Essendon,North Melbourne,Brady Rawlings,15,8,13,0,0,0,2
2010,17,2010-07-24,Docklands,North Melbourne,Essendon,North Melbourne,Josh Smith,2,2,6,0,0,0,1
2010,17,2010-07-24,Docklands,North Melbourne,Essendon,North Melbourne,Ben Speight,5,4,5,1,1,0,1
2010,17,2010-07-24,Docklands,North Melbourne,Essendon,North Melbourne,Andrew Swallow,17,3,10,2,3,0,15
2010,17,2010-07-24,Docklands,North Melbourne,Essendon,North Melbourne,Scott Thompson,12,4,7,0,0,0,1
2010,17,2010-07-24,Docklands,North Melbourne,Essendon,North Melbourne,Gavin Urquhart,7,3,3,1,0,0,3
2010,17,2010-07-24,Docklands,North Melbourne,Essendon,North Melbourne,Ben Warren,10,5,5,3,1,0,1
2010,17,2010-07-24,Docklands,North Melbourne,Essendon,Essendon,Travis Colyer,10,6,8,1,2,0,2
2010,17,2010-07-24,Docklands,North Melbourne,Essendon,Essendon,Alwyn Davey,6,2,9,2,0,0,4
2010,17,2010-07-24,Docklands,North Melbourne,Essendon,Essendon,Courtenay Dempsey,13,4,11,0,2,0,4
2010,17,2010-07-24,Docklands,North Melbourne,Essendon,Essendon,Dustin Fletcher,17,7,3,0,1,0,3
2010,17,2010-07-24,Docklands,North Melbourne,Essendon,Essendon,Scott Gumbleton,8,7,6,2,1,3,2
2010,17,2010-07-24,Docklands,North Melbourne,Essendon,Essendon,Kyle Hardingham,9,7,2,4,2,0,2
2010,17,2010-07-24,Docklands,North Melbourne,Essendon,Essendon,Heath Hocking,10,4,7,0,1,0,2
2010,17,2010-07-24,Docklands,North Melbourne,Essendon,Essendon,Cale Hooker,3,3,9,0,0,3,3
2010,17,2010-07-24,Docklands,North Melbourne,Essendon,Essendon,Bachar Houli,10,6,4,0,1,0,2
2010,17,2010-07-24,Docklands,North Melbourne,Essendon,Essendon,Ben Howlett,9,1,11,0,0,0,5
2010,17,2010-07-24,Docklands,North Melbourne,Essendon,Essendon,Michael Hurley,11,8,6,0,1,0,1
2010,17,2010-07-24,Docklands,North Melbourne,Essendon,Essendon,Leroy Jetta,4,3,7,0,0,0,0
2010,17,2010-07-24,Docklands,North Melbourne,Essendon,Essendon,Mark McVeigh,9,3,9,0,0,0,4
2010,17,2010-07-24,Docklands,North Melbourne,Essendon,Essendon,Angus Monfries,9,5,6,2,0,0,3
2010,17,2010-07-24,Docklands,North Melbourne,Essendon,Essendon,Jay Neagle,7,6,2,2,0,0,1
2010,17,2010-07-24,Docklands,North Melbourne,Essendon,Essendon,Brent Prismall,6,3,12,0,0,0,4
2010,17,2010-07-24,Docklands,North Melbourne,Essendon,Essendon,Kyle Reimers,10,7,13,3,0,0,0
2010,17,2010-07-24,Docklands,North Melbourne,Essendon,Essendon,Paddy Ryder,3,2,5,0,0,26,5
2010,17,2010-07-24,Docklands,North Melbourne,Essendon,Essendon,Brent Stanton,14,6,8,0,0,0,1
2010,17,2010-07-24,Docklands,North Melbourne,Essendon,Essendon,Jobe Watson,12,5,26,2,0,0,3
2010,17,2010-07-24,Docklands,North Melbourne,Essendon,Essendon,Jason Winderlich,9,3,18,0,0,0,6
2010,17,2010-07-24,Docklands,North Melbourne,Essendon,Essendon,David Zaharakis,8,6,18,0,1,0,0
2010,17,2010-07-24,Subiaco,West Coast,Carlton,West Coast,Mitch Brown,7,4,9,0,0,0,0
2010,17,2010-07-24,Subiaco,West Coast,Carlton,West Coast,Dean Cox,5,2,3,0,1,16,0
2010,17,2010-07-24,Subiaco,West Coast,Carlton,West Coast,Brad Ebert,13,3,10,2,0,0,4
2010,17,2010-07-24,Subiaco,West Coast,Carlton,West Coast,Andrew Embley,17,6,10,1,1,0,1
2010,17,2010-07-24,Subiaco,West Coast,Carlton,West Coast,Ashton Hams,6,0,7,2,0,0,2
2010,17,2010-07-24,Subiaco,West Coast,Carlton,West Coast,Shannon Hurn,10,3,2,0,0,0,0
2010,17,2010-07-24,Subiaco,West Coast,Carlton,West Coast,Josh Kennedy,9,6,1,2,0,0,1
2010,17,2010-07-24,Subiaco,West Coast,Carlton,West Coast,Mark LeCras,15,2,3,3,5,0,0
2010,17,2010-07-24,Subiaco,West Coast,Carlton,West Coast,Quinten Lynch,11,6,7,0,3,0,1
2010,17,2010-07-24,Subiaco,West Coast,Carlton,West Coast,Eric Mackenzie,10,7,7,0,0,0,1
2010,17,2010-07-24,Subiaco,West Coast,Carlton,West Coast,Chris Masten,8,2,7,0,0,0,3
2010,17,2010-07-24,Subiaco,West Coast,Carlton,West Coast,Nic Naitanui,4,3,7,0,1,26,4
2010,17,2010-07-24,Subiaco,West Coast,Carlton,West Coast,Matt Priddis,4,0,15,0,1,0,2
2010,17,2010-07-24,Subiaco,West Coast,Carlton,West Coast,Matt Rosa,17,7,9,0,0,0,3
2010,17,2010-07-24,Subiaco,West Coast,Carlton,West Coast,Will Schofield,2,1,4,0,0,0,1
2010,17,2010-07-24,Subiaco,West Coast,Carlton,West Coast,Adam Selwood,5,1,11,0,0,0,4
2010,17,2010-07-24,Subiaco,West Coast,Carlton,West Coast,Scott Selwood,5,2,8,0,0,0,2
2010,17,2010-07-24,Subiaco,West Coast,Carlton,West Coast,Brad Sheppard,3,1,5,0,0,0,0
2010,17,2010-07-24,Subiaco,West Coast,Carlton,West Coast,Ashley Smith,8,3,3,0,0,0,3
2010,17,2010-07-24,Subiaco,West Coast,Carlton,West Coast,Lewis Stevenson,8,6,8,0,0,0,1
2010,17,2010-07-24,Subiaco,West Coast,Carlton,West Coast,Andrew Strijk,12,8,4,1,1,0,2
2010,17,2010-07-24,Subiaco,West Coast,Carlton,West Coast,Beau Waters,11,5,13,0,0,0,2
2010,17,2010-07-24,Subiaco,West Coast,Carlton,Carlton,Dennis Armfield,2,2,3,0,0,0,1
2010,17,2010-07-24,Subiaco,West Coast,Carlton,Carlton,Eddie Betts,11,4,6,3,2,0,2
2010,17,2010-07-24,Subiaco,West Coast,Carlton,Carlton,Paul Bower,6,4,12,0,0,0,1
2010,17,2010-07-24,Subiaco,West Coast,Carlton,Carlton,Andrew Carrazzo,13,7,6,0,1,0,2
2010,17,2010-07-24,Subiaco,West Coast,Carlton,Carlton,David Ellard,7,2,3,0,1,0,9
2010,17,2010-07-24,Subiaco,West Coast,Carlton,Carlton,Jeff Garlett,9,4,6,3,1,0,3
2010,17,2010-07-24,Subiaco,West Coast,Carlton,Carlton,Bryce Gibbs,16,8,5,0,2,1,4
2010,17,2010-07-24,Subiaco,West Coast,Carlton,Carlton,Shaun Grigg,14,9,15,0,0,1,2
2010,17,2010-07-24,Subiaco,West Coast,Carlton,Carlton,Shaun Hampson,3,2,6,1,1,11,2
2010,17,2010-07-24,Subiaco,West Coast,Carlton,Carlton,Lachie Henderson,8,8,3,1,2,0,3
2010,17,2010-07-24,Subiaco,West Coast,Carlton,Carlton,Michael Jamison,9,6,3,0,0,0,4
2010,17,2010-07-24,Subiaco,West Coast,Carlton,Carlton,Chris Johnson,18,11,2,0,0,0,1
2010,17,2010-07-24,Subiaco,West Coast,Carlton,Carlton,Aaron Joseph,7,4,7,0,0,0,1
2010,17,2010-07-24,Subiaco,West Coast,Carlton,Carlton,Chris Judd,18,5,8,1,1,0,2
2010,17,2010-07-24,Subiaco,West Coast,Carlton,Carlton,Marc Murphy,14,3,12,2,2,0,5
2010,17,2010-07-24,Subiaco,West Coast,Carlton,Carlton,Jordan Russell,14,9,4,0,0,0,1
2010,17,2010-07-24,Subiaco,West Coast,Carlton,Carlton,Heath Scotland,17,8,12,0,1,0,4
2010,17,2010-07-24,Subiaco,West Coast,Carlton,Carlton,Kade Simpson,19,12,14,0,1,0,1
2010,17,2010-07-24,Subiaco,West Coast,Carlton,Carlton,Jarrad Waite,13,8,6,2,0,0,1
2010,17,2010-07-24,Subiaco,West Coast,Carlton,Carlton,Andrew Walker,7,9,11,0,0,0,1
2010,17,2010-07-24,Subiaco,West Coast,Carlton,Carlton,Robert Warnock,1,1,9,0,0,17,2
2010,17,2010-07-24,Subiaco,West Coast,Carlton,Carlton,Chris Yarran,9,6,5,2,1,0,1
2010,17,2010-07-25,Docklands,Western Bulldogs,Fremantle,Western Bulldogs,Matthew Boyd,18,5,15,0,1,1,4
2010,17,2010-07-25,Docklands,Western Bulldogs,Fremantle,Western Bulldogs,Adam Cooney,15,2,21,1,2,0,2
2010,17,2010-07-25,Docklands,Western Bulldogs,Fremantle,Western Bulldogs,Daniel Cross,12,9,19,0,0,1,8
2010,17,2010-07-25,Docklands,Western Bulldogs,Fremantle,Western Bulldogs,Daniel Giansiracusa,15,7,11,1,0,0,6
2010,17,2010-07-25,Docklands,Western Bulldogs,Fremantle,Western Bulldogs,Lindsay Gilbee,12,5,14,0,1,0,0
2010,17,2010-07-25,Docklands,Western Bulldogs,Fremantle,Western Bulldogs,Jarrad Grant,10,8,10,3,1,0,4
2010,17,2010-07-25,Docklands,Western Bulldogs,Fremantle,Western Bulldogs,Ryan Griffen,13,1,11,3,1,4,1
2010,17,2010-07-25,Docklands,Western Bulldogs,Fremantle,Western Bulldogs,Barry Hall,8,6,4,4,1,1,0
2010,17,2010-07-25,Docklands,Western Bulldogs,Fremantle,Western Bulldogs,Jarrod Harbrow,25,11,7,0,0,0,3
2010,17,2010-07-25,Docklands,Western Bulldogs,Fremantle,Western Bulldogs,Ryan Hargrave,13,6,8,0,0,0,2
2010,17,2010-07-25,Docklands,Western Bulldogs,Fremantle,Western Bulldogs,Shaun Higgins,11,3,11,2,1,0,2
2010,17,2010-07-25,Docklands,Western Bulldogs,Fremantle,Western Bulldogs,Ben Hudson,2,3,11,0,0,17,4
2010,17,2010-07-25,Docklands,Western Bulldogs,Fremantle,Western Bulldogs,Brad Johnson,6,4,8,2,0,0,3
2010,17,2010-07-25,Docklands,Western Bulldogs,Fremantle,Western Bulldogs,Brian Lake,11,10,10,3,0,0,2
2010,17,2010-07-25,Docklands,Western Bulldogs,Fremantle,Western Bulldogs,Brodie Moles,10,4,4,2,0,0,6
2010,17,2010-07-25,Docklands,Western Bulldogs,Fremantle,Western Bulldogs,Dale Morris,4,3,4,0,0,0,7
2010,17,2010-07-25,Docklands,Western Bulldogs,Fremantle,Western Bulldogs,Robert Murphy,16,6,12,0,0,0,0
2010,17,2010-07-25,Docklands,Western Bulldogs,Fremantle,Western Bulldogs,Liam Picken,5,1,10,2,0,0,7
2010,17,2010-07-25,Docklands,Western Bulldogs,Fremantle,Western Bulldogs,Jordan Roughead,6,6,12,0,3,7,3
2010,17,2010-07-25,Docklands,Western Bulldogs,Fremantle,Western Bulldogs,Callan Ward,12,4,1,0,1,1,1
2010,17,2010-07-25,Docklands,Western Bulldogs,Fremantle,Western Bulldogs,Tom Williams,5,2,4,0,0,2,3
2010,17,2010-07-25,Docklands,Western Bulldogs,Fremantle,Western Bulldogs,Easton Wood,7,6,11,1,0,0,0
2010,17,2010-07-25,Docklands,Western Bulldogs,Fremantle,Fremantle,Hayden Ballantyne,9,2,2,1,0,0,4
2010,17,2010-07-25,Docklands,Western Bulldogs,Fremantle,Fremantle,Greg Broughton,5,3,10,0,0,0,4
2010,17,2010-07-25,Docklands,Western Bulldogs,Fremantle,Fremantle,Jesse Crichton,5,3,8,1,0,0,1
2010,17,2010-07-25,Docklands,Western Bulldogs,Fremantle,Fremantle,Matt de Boer,3,3,5,0,0,0,2
2010,17,2010-07-25,Docklands,Western Bulldogs,Fremantle,Fremantle,Paul Duffield,8,3,7,0,0,0,3
2010,17,2010-07-25,Docklands,Western Bulldogs,Fremantle,Fremantle,Nat Fyfe,3,3,11,1,0,0,2
2010,17,2010-07-25,Docklands,Western Bulldogs,Fremantle,Fremantle,Antoni Grover,9,6,6,0,0,0,2
2010,17,2010-07-25,Docklands,Western Bulldogs,Fremantle,Fremantle,Paul Hasleby,5,4,10,1,1,0,4
2010,17,2010-07-25,Docklands,Western Bulldogs,Fremantle,Fremantle,Roger Hayden,12,6,10,0,0,0,2
2010,17,2010-07-25,Docklands,Western Bulldogs,Fremantle,Fremantle,Stephen Hill,5,0,7,0,0,0,3
2010,17,2010-07-25,Docklands,Western Bulldogs,Fremantle,Fremantle,Garrick Ibbotson,8,3,5,1,0,0,2
2010,17,2010-07-25,Docklands,Western Bulldogs,Fremantle,Fremantle,Michael Johnson,13,7,6,1,1,2,1
2010,17,2010-07-25,Docklands,Western Bulldogs,Fremantle,Fremantle,Luke McPharlin,6,6,6,0,0,0,0
2010,17,2010-07-25,Docklands,Western Bulldogs,Fremantle,Fremantle,Adam McPhee,8,4,0,1,1,0,5
2010,17,2010-07-25,Docklands,Western Bulldogs,Fremantle,Fremantle,Anthony Morabito,3,2,3,0,0,1,3
2010,17,2010-07-25,Docklands,Western Bulldogs,Fremantle,Fremantle,Rhys Palmer,5,3,11,1,0,0,3
2010,17,2010-07-25,Docklands,Western Bulldogs,Fremantle,Fremantle,Matthew Pavlich,12,6,8,4,0,0,2
2010,17,2010-07-25,Docklands,Western Bulldogs,Fremantle,Fremantle,Clancee Pearce,5,3,9,0,0,0,5
2010,17,2010-07-25,Docklands,Western Bulldogs,Fremantle,Fremantle,Dylan Roberton,2,2,2,0,0,0,4
2010,17,2010-07-25,Docklands,Western Bulldogs,Fremantle,Fremantle,Aaron Sandilands,3,1,5,0,0,29,2
2010,17,2010-07-25,Docklands,Western Bulldogs,Fremantle,Fremantle,Nick Suban,20,7,4,0,0,0,8
2010,17,2010-07-25,Docklands,Western Bulldogs,Fremantle,Fremantle,Jay van Berlo,2,2,10,0,0,0,4
2010,17,2010-07-25,M.C.G.,Melbourne,Sydney,Melbourne,Rohan Bail,8,4,11,0,0,0,1
2010,17,2010-07-25,M.C.G.,Melbourne,Sydney,Melbourne,Clint Bartram,15,7,5,0,0,0,6
2010,17,2010-07-25,M.C.G.,Melbourne,Sydney,Melbourne,Jamie Bennell,9,4,2,0,1,0,4
2010,17,2010-07-25,M.C.G.,Melbourne,Sydney,Melbourne,Cameron Bruce,9,5,14,1,0,0,2
2010,17,2010-07-25,M.C.G.,Melbourne,Sydney,Melbourne,Aaron Davey,19,1,6,1,0,0,3
2010,17,2010-07-25,M.C.G.,Melbourne,Sydney,Melbourne,Lynden Dunn,10,3,1,3,2,1,0
2010,17,2010-07-25,M.C.G.,Melbourne,Sydney,Melbourne,James Frawley,22,12,5,1,0,0,0
2010,17,2010-07-25,M.C.G.,Melbourne,Sydney,Melbourne,Colin Garland,9,3,4,0,0,0,3
2010,17,2010-07-25,M.C.G.,Melbourne,Sydney,Melbourne,Brad Green,10,5,2,5,3,0,2
2010,17,2010-07-25,M.C.G.,Melbourne,Sydney,Melbourne,Mark Jamar,4,2,10,2,0,21,4
2010,17,2010-07-25,M.C.G.,Melbourne,Sydney,Melbourne,Paul Johnson,5,1,5,1,0,14,0
2010,17,2010-07-25,M.C.G.,Melbourne,Sydney,Melbourne,Nathan Jones,6,2,3,2,0,0,5
2010,17,2010-07-25,M.C.G.,Melbourne,Sydney,Melbourne,Liam Jurrah,4,3,5,2,0,0,1
2010,17,2010-07-25,M.C.G.,Melbourne,Sydney,Melbourne,Joel Macdonald,12,6,8,0,0,0,1
2010,17,2010-07-25,M.C.G.,Melbourne,Sydney,Melbourne,Addam Maric,11,5,5,0,1,0,1
2010,17,2010-07-25,M.C.G.,Melbourne,Sydney,Melbourne,Jordie McKenzie,6,1,12,0,0,0,12
2010,17,2010-07-25,M.C.G.,Melbourne,Sydney,Melbourne,Cale Morton,12,7,11,1,0,1,3
2010,17,2010-07-25,M.C.G.,Melbourne,Sydney,Melbourne,Jared Rivers,7,6,2,0,0,0,3
2010,17,2010-07-25,M.C.G.,Melbourne,Sydney,Melbourne,Tom Scully,7,3,7,1,0,0,6
2010,17,2010-07-25,M.C.G.,Melbourne,Sydney,Melbourne,Colin Sylvia,17,9,11,0,0,2,7
2010,17,2010-07-25,M.C.G.,Melbourne,Sydney,Melbourne,Jack Watts,7,5,2,1,0,0,0
2010,17,2010-07-25,M.C.G.,Melbourne,Sydney,Melbourne,Austin Wonaeamirri,10,5,4,1,1,0,3
2010,17,2010-07-25,M.C.G.,Melbourne,Sydney,Sydney,Paul Bevan,9,4,5,0,0,0,3
2010,17,2010-07-25,M.C.G.,Melbourne,Sydney,Sydney,Jude Bolton,7,3,10,0,0,0,3
2010,17,2010-07-25,M.C.G.,Melbourne,Sydney,Sydney,Adam Goodes,16,7,10,4,2,0,3
2010,17,2010-07-25,M.C.G.,Melbourne,Sydney,Sydney,Heath Grundy,7,3,7,0,0,0,2
2010,17,2010-07-25,M.C.G.,Melbourne,Sydney,Sydney,Dan Hannebery,11,2,14,0,0,0,5
2010,17,2010-07-25,M.C.G.,Melbourne,Sydney,Sydney,Kieren Jack,16,9,4,0,1,0,4
2010,17,2010-07-25,M.C.G.,Melbourne,Sydney,Sydney,Lewis Jetta,8,4,6,0,1,0,1
2010,17,2010-07-25,M.C.G.,Melbourne,Sydney,Sydney,Josh Kennedy,9,5,12,0,0,0,1
2010,17,2010-07-25,M.C.G.,Melbourne,Sydney,Sydney,Tadhg Kennelly,5,2,9,0,0,0,0
2010,17,2010-07-25,M.C.G.,Melbourne,Sydney,Sydney,Brett Kirk,3,1,7,0,0,0,6
2010,17,2010-07-25,M.C.G.,Melbourne,Sydney,Sydney,Nick Malceski,15,3,10,0,0,0,3
2010,17,2010-07-25,M.C.G.,Melbourne,Sydney,Sydney,Martin Mattner,8,1,6,0,0,0,2
2010,17,2010-07-25,M.C.G.,Melbourne,Sydney,Sydney,Ben McGlynn,13,7,12,0,1,0,2
2010,17,2010-07-25,M.C.G.,Melbourne,Sydney,Sydney,Jarrad McVeigh,5,4,10,1,1,0,5
2010,17,2010-07-25,M.C.G.,Melbourne,Sydney,Sydney,Brett Meredith,4,4,2,0,0,0,0
2010,17,2010-07-25,M.C.G.,Melbourne,Sydney,Sydney,Jarred Moore,5,4,10,0,1,0,1
2010,17,2010-07-25,M.C.G.,Melbourne,Sydney,Sydney,Shane Mumford,2,0,7,0,0,19,4
2010,17,2010-07-25,M.C.G.,Melbourne,Sydney,Sydney,Ryan OKeefe,2,0,8,0,0,0,1
2010,17,2010-07-25,M.C.G.,Melbourne,Sydney,Sydney,Mike Pyke,6,2,2,1,0,14,1
2010,17,2010-07-25,M.C.G.,Melbourne,Sydney,Sydney,Ted Richards,6,7,8,1,0,0,2
2010,17,2010-07-25,M.C.G.,Melbourne,Sydney,Sydney,Rhyce Shaw,5,1,6,0,0,0,3
2010,17,2010-07-25,M.C.G.,Melbourne,Sydney,Sydney,Jesse White,7,5,5,3,1,0,0
2010,17,2010-07-25,Football Park,Port Adelaide,Adelaide,Port Adelaide,Mitchell Banner,7,0,4,2,0,0,3
2010,17,2010-07-25,Football Park,Port Adelaide,Adelaide,Port Adelaide,Travis Boak,14,4,11,0,0,1,5
2010,17,2010-07-25,Football Park,Port Adelaide,Adelaide,Port Adelaide,Matthew Broadbent,6,1,6,0,0,0,1
2010,17,2010-07-25,Football Park,Port Adelaide,Adelaide,Port Adelaide,Dean Brogan,10,4,5,0,0,35,2
2010,17,2010-07-25,Football Park,Port Adelaide,Adelaide,Port Adelaide,Alipate Carlile,8,4,1,0,0,2,0
2010,17,2010-07-25,Football Park,Port Adelaide,Adelaide,Port Adelaide,Josh Carr,9,5,6,0,0,0,7
2010,17,2010-07-25,Football Park,Port Adelaide,Adelaide,Port Adelaide,Domenic Cassisi,14,4,14,0,0,0,12
2010,17,2010-07-25,Football Park,Port Adelaide,Adelaide,Port Adelaide,Troy Chaplin,18,11,8,0,0,0,3
2010,17,2010-07-25,Football Park,Port Adelaide,Adelaide,Port Adelaide,Kane Cornes,13,7,15,0,0,0,3
2010,17,2010-07-25,Football Park,Port Adelaide,Adelaide,Port Adelaide,Brett Ebert,11,8,4,3,2,0,3
2010,17,2010-07-25,Football Park,Port Adelaide,Adelaide,Port Adelaide,Robbie Gray,3,3,3,0,0,0,3
2010,17,2010-07-25,Football Park,Port Adelaide,Adelaide,Port Adelaide,Cameron Hitchcock,7,5,2,0,0,0,1
2010,17,2010-07-25,Football Park,Port Adelaide,Adelaide,Port Adelaide,Tom Logan,9,6,6,0,0,0,4
2010,17,2010-07-25,Football Park,Port Adelaide,Adelaide,Port Adelaide,Andrew Moore,4,3,5,0,0,0,1
2010,17,2010-07-25,Football Park,Port Adelaide,Adelaide,Port Adelaide,Danyle Pearce,17,2,10,0,0,0,2
2010,17,2010-07-25,Football Park,Port Adelaide,Adelaide,Port Adelaide,David Rodan,9,0,7,2,1,0,5
2010,17,2010-07-25,Football Park,Port Adelaide,Adelaide,Port Adelaide,Nick Salter,13,6,4,0,0,0,1
2010,17,2010-07-25,Football Park,Port Adelaide,Adelaide,Port Adelaide,Jay Schulz,7,7,4,2,0,0,2
2010,17,2010-07-25,Football Park,Port Adelaide,Adelaide,Port Adelaide,Daniel Stewart,4,3,3,0,0,0,2
2010,17,2010-07-25,Football Park,Port Adelaide,Adelaide,Port Adelaide,Paul Stewart,5,7,7,0,0,0,4
2010,17,2010-07-25,Football Park,Port Adelaide,Adelaide,Port Adelaide,Matt Thomas,9,3,13,0,2,0,7
2010,17,2010-07-25,Football Park,Port Adelaide,Adelaide,Port Adelaide,Justin Westhoff,11,3,3,4,0,6,1
2010,17,2010-07-25,Football Park,Port Adelaide,Adelaide,Adelaide,Tony Armstrong,4,1,5,0,0,0,2
2010,17,2010-07-25,Football Park,Port Adelaide,Adelaide,Adelaide,Nathan Bock,6,6,9,0,0,0,2
2010,17,2010-07-25,Football Park,Port Adelaide,Adelaide,Adelaide,Patrick Dangerfield,10,1,7,1,0,0,3
2010,17,2010-07-25,Football Park,Port Adelaide,Adelaide,Adelaide,Michael Doughty,7,4,10,0,0,1,7
2010,17,2010-07-25,Football Park,Port Adelaide,Adelaide,Adelaide,Richard Douglas,8,4,8,0,1,0,5
2010,17,2010-07-25,Football Park,Port Adelaide,Adelaide,Adelaide,Jonathon Griffin,2,2,4,0,0,10,0
2010,17,2010-07-25,Football Park,Port Adelaide,Adelaide,Adelaide,Ricky Henderson,12,9,12,0,2,0,2
2010,17,2010-07-25,Football Park,Port Adelaide,Adelaide,Adelaide,Matthew Jaensch,5,4,8,0,0,0,3
2010,17,2010-07-25,Football Park,Port Adelaide,Adelaide,Adelaide,Graham Johncock,10,3,5,0,0,1,3
2010,17,2010-07-25,Football Park,Port Adelaide,Adelaide,Adelaide,David Mackay,9,4,9,1,2,0,3
2010,17,2010-07-25,Football Park,Port Adelaide,Adelaide,Adelaide,Ivan Maric,1,1,7,0,0,17,3
2010,17,2010-07-25,Football Park,Port Adelaide,Adelaide,Adelaide,Jason Porplyzia,7,3,11,0,0,0,1
2010,17,2010-07-25,Football Park,Port Adelaide,Adelaide,Adelaide,Brent Reilly,12,4,6,0,0,0,5
2010,17,2010-07-25,Football Park,Port Adelaide,Adelaide,Adelaide,Ben Rutten,6,5,8,0,0,0,2
2010,17,2010-07-25,Football Park,Port Adelaide,Adelaide,Adelaide,Rory Sloane,5,3,8,2,1,0,2
2010,17,2010-07-25,Football Park,Port Adelaide,Adelaide,Adelaide,Scott Stevens,11,4,1,0,0,0,5
2010,17,2010-07-25,Football Park,Port Adelaide,Adelaide,Adelaide,Brad Symes,9,3,15,0,0,0,2
2010,17,2010-07-25,Football Park,Port Adelaide,Adelaide,Adelaide,Scott Thompson,12,6,13,2,0,0,7
2010,17,2010-07-25,Football Park,Port Adelaide,Adelaide,Adelaide,Kurt Tippett,4,2,1,0,1,7,2
2010,17,2010-07-25,Football Park,Port Adelaide,Adelaide,Adelaide,Nathan van Berlo,8,1,11,0,1,1,5
2010,17,2010-07-25,Football Park,Port Adelaide,Adelaide,Adelaide,Bernie Vince,13,1,5,1,0,0,4
2010,17,2010-07-25,Football Park,Port Adelaide,Adelaide,Adelaide,Taylor Walker,10,5,1,2,4,0,2
2010,18,2010-07-30,Docklands,Essendon,St Kilda,Essendon,Travis Colyer,8,3,11,0,1,0,4
2010,18,2010-07-30,Docklands,Essendon,St Kilda,Essendon,Alwyn Davey,4,4,10,0,1,0,2
2010,18,2010-07-30,Docklands,Essendon,St Kilda,Essendon,Courtenay Dempsey,7,3,14,0,0,0,2
2010,18,2010-07-30,Docklands,Essendon,St Kilda,Essendon,Dustin Fletcher,17,6,7,0,0,0,1
2010,18,2010-07-30,Docklands,Essendon,St Kilda,Essendon,Scott Gumbleton,5,3,2,0,0,0,3
2010,18,2010-07-30,Docklands,Essendon,St Kilda,Essendon,Kyle Hardingham,4,3,3,2,0,0,1
2010,18,2010-07-30,Docklands,Essendon,St Kilda,Essendon,David Hille,5,6,6,2,1,14,2
2010,18,2010-07-30,Docklands,Essendon,St Kilda,Essendon,Heath Hocking,17,9,13,0,0,0,4
2010,18,2010-07-30,Docklands,Essendon,St Kilda,Essendon,Cale Hooker,6,9,12,0,0,0,2
2010,18,2010-07-30,Docklands,Essendon,St Kilda,Essendon,Bachar Houli,12,7,12,2,0,0,3
2010,18,2010-07-30,Docklands,Essendon,St Kilda,Essendon,Ben Howlett,13,8,14,0,0,0,7
2010,18,2010-07-30,Docklands,Essendon,St Kilda,Essendon,Michael Hurley,18,13,12,0,0,0,1
2010,18,2010-07-30,Docklands,Essendon,St Kilda,Essendon,Sam Lonergan,11,3,11,0,0,0,7
2010,18,2010-07-30,Docklands,Essendon,St Kilda,Essendon,Mark McVeigh,10,5,6,1,0,0,4
2010,18,2010-07-30,Docklands,Essendon,St Kilda,Essendon,Angus Monfries,12,6,2,4,1,0,1
2010,18,2010-07-30,Docklands,Essendon,St Kilda,Essendon,Jay Neagle,5,4,7,2,0,0,0
2010,18,2010-07-30,Docklands,Essendon,St Kilda,Essendon,Brent Prismall,13,7,7,0,0,0,6
2010,18,2010-07-30,Docklands,Essendon,St Kilda,Essendon,Kyle Reimers,11,6,9,0,2,0,2
2010,18,2010-07-30,Docklands,Essendon,St Kilda,Essendon,Paddy Ryder,5,7,7,2,0,19,2
2010,18,2010-07-30,Docklands,Essendon,St Kilda,Essendon,Brent Stanton,25,11,11,0,0,0,1
2010,18,2010-07-30,Docklands,Essendon,St Kilda,Essendon,Jobe Watson,13,7,17,1,0,0,5
2010,18,2010-07-30,Docklands,Essendon,St Kilda,Essendon,David Zaharakis,8,9,12,0,1,0,2
2010,18,2010-07-30,Docklands,Essendon,St Kilda,St Kilda,Jason Blake,7,5,6,0,0,0,1
2010,18,2010-07-30,Docklands,Essendon,St Kilda,St Kilda,Nick Dal Santo,12,5,8,0,0,2,7
2010,18,2010-07-30,Docklands,Essendon,St Kilda,St Kilda,Zac Dawson,4,2,2,0,0,0,1
2010,18,2010-07-30,Docklands,Essendon,St Kilda,St Kilda,Sean Dempster,6,5,7,0,0,0,7
2010,18,2010-07-30,Docklands,Essendon,St Kilda,St Kilda,Sam Fisher,3,3,9,0,0,0,1
2010,18,2010-07-30,Docklands,Essendon,St Kilda,St Kilda,Michael Gardiner,3,2,5,0,0,18,3
2010,18,2010-07-30,Docklands,Essendon,St Kilda,St Kilda,Jarryn Geary,6,3,10,0,0,0,0
2010,18,2010-07-30,Docklands,Essendon,St Kilda,St Kilda,Sam Gilbert,11,4,8,0,0,0,4
2010,18,2010-07-30,Docklands,Essendon,St Kilda,St Kilda,Brendon Goddard,10,10,21,1,0,2,2
2010,18,2010-07-30,Docklands,Essendon,St Kilda,St Kilda,Jason Gram,22,9,13,2,0,0,2
2010,18,2010-07-30,Docklands,Essendon,St Kilda,St Kilda,James Gwilt,10,4,4,0,0,0,0
2010,18,2010-07-30,Docklands,Essendon,St Kilda,St Kilda,Lenny Hayes,13,4,19,0,0,1,3
2010,18,2010-07-30,Docklands,Essendon,St Kilda,St Kilda,Justin Koschitzke,6,6,5,1,0,2,2
2010,18,2010-07-30,Docklands,Essendon,St Kilda,St Kilda,Tom Lynch,3,3,2,0,1,0,0
2010,18,2010-07-30,Docklands,Essendon,St Kilda,St Kilda,Ben McEvoy,4,3,5,0,0,12,3
2010,18,2010-07-30,Docklands,Essendon,St Kilda,St Kilda,Stephen Milne,6,3,5,0,0,0,3
2010,18,2010-07-30,Docklands,Essendon,St Kilda,St Kilda,Leigh Montagna,21,3,14,1,2,0,2
2010,18,2010-07-30,Docklands,Essendon,St Kilda,St Kilda,Brett Peake,10,4,7,1,1,0,0
2010,18,2010-07-30,Docklands,Essendon,St Kilda,St Kilda,Farren Ray,11,3,11,1,0,0,6
2010,18,2010-07-30,Docklands,Essendon,St Kilda,St Kilda,Nick Riewoldt,12,8,7,2,4,0,0
2010,18,2010-07-30,Docklands,Essendon,St Kilda,St Kilda,Adam Schneider,11,4,9,2,1,0,1
2010,18,2010-07-30,Docklands,Essendon,St Kilda,St Kilda,Jack Steven,2,0,2,0,0,0,4
2010,18,2010-07-31,M.C.G.,Collingwood,Carlton,Collingwood,Luke Ball,17,6,11,0,1,0,7
2010,18,2010-07-31,M.C.G.,Collingwood,Carlton,Collingwood,Dayne Beams,10,7,18,3,0,0,6
2010,18,2010-07-31,M.C.G.,Collingwood,Carlton,Collingwood,Jarryd Blair,4,2,7,0,0,0,5
2010,18,2010-07-31,M.C.G.,Collingwood,Carlton,Collingwood,Leigh Brown,4,1,6,0,1,12,3
2010,18,2010-07-31,M.C.G.,Collingwood,Carlton,Collingwood,Nathan Brown,3,3,10,0,0,0,2
2010,18,2010-07-31,M.C.G.,Collingwood,Carlton,Collingwood,Travis Cloke,14,12,3,2,5,0,3
2010,18,2010-07-31,M.C.G.,Collingwood,Carlton,Collingwood,Leon Davis,9,7,4,3,0,0,1
2010,18,2010-07-31,M.C.G.,Collingwood,Carlton,Collingwood,Chris Dawes,8,3,2,2,1,0,4
2010,18,2010-07-31,M.C.G.,Collingwood,Carlton,Collingwood,Alan Didak,17,5,14,2,0,0,3
2010,18,2010-07-31,M.C.G.,Collingwood,Carlton,Collingwood,Tyson Goldsack,3,3,8,0,0,0,4
2010,18,2010-07-31,M.C.G.,Collingwood,Carlton,Collingwood,Ben Johnson,14,5,11,0,0,0,2
2010,18,2010-07-31,M.C.G.,Collingwood,Carlton,Collingwood,Darren Jolly,6,3,3,0,1,25,3
2010,18,2010-07-31,M.C.G.,Collingwood,Carlton,Collingwood,Heritier Lumumba,12,6,5,0,0,0,3
2010,18,2010-07-31,M.C.G.,Collingwood,Carlton,Collingwood,Brent Macaffer,9,6,9,0,0,0,5
2010,18,2010-07-31,M.C.G.,Collingwood,Carlton,Collingwood,Nick Maxwell,7,3,7,0,0,0,2
2010,18,2010-07-31,M.C.G.,Collingwood,Carlton,Collingwood,Scott Pendlebury,15,4,19,1,1,1,7
2010,18,2010-07-31,M.C.G.,Collingwood,Carlton,Collingwood,Ben Reid,11,8,8,0,0,0,1
2010,18,2010-07-31,M.C.G.,Collingwood,Carlton,Collingwood,Steele Sidebottom,11,4,8,0,0,0,3
2010,18,2010-07-31,M.C.G.,Collingwood,Carlton,Collingwood,Dane Swan,16,5,15,1,1,0,3
2010,18,2010-07-31,M.C.G.,Collingwood,Carlton,Collingwood,Dale Thomas,13,4,10,0,1,0,2
2010,18,2010-07-31,M.C.G.,Collingwood,Carlton,Collingwood,Alan Toovey,2,0,9,0,0,0,0
2010,18,2010-07-31,M.C.G.,Collingwood,Carlton,Collingwood,Sharrod Wellingham,11,2,8,1,0,0,5
2010,18,2010-07-31,M.C.G.,Collingwood,Carlton,Carlton,Eddie Betts,4,2,5,1,0,0,1
2010,18,2010-07-31,M.C.G.,Collingwood,Carlton,Carlton,Paul Bower,0,1,9,0,0,0,4
2010,18,2010-07-31,M.C.G.,Collingwood,Carlton,Carlton,Andrew Carrazzo,7,1,11,0,1,0,2
2010,18,2010-07-31,M.C.G.,Collingwood,Carlton,Carlton,David Ellard,7,1,6,0,0,0,4
2010,18,2010-07-31,M.C.G.,Collingwood,Carlton,Carlton,Brad Fisher,6,4,0,1,0,0,3
2010,18,2010-07-31,M.C.G.,Collingwood,Carlton,Carlton,Jeff Garlett,3,0,4,0,1,0,4
2010,18,2010-07-31,M.C.G.,Collingwood,Carlton,Carlton,Bryce Gibbs,12,2,9,0,0,0,2
2010,18,2010-07-31,M.C.G.,Collingwood,Carlton,Carlton,Shaun Grigg,12,6,11,1,0,2,5
2010,18,2010-07-31,M.C.G.,Collingwood,Carlton,Carlton,Shaun Hampson,3,1,4,2,0,21,2
2010,18,2010-07-31,M.C.G.,Collingwood,Carlton,Carlton,Lachie Henderson,5,5,4,0,0,0,1
2010,18,2010-07-31,M.C.G.,Collingwood,Carlton,Carlton,Michael Jamison,5,4,2,0,0,0,3
2010,18,2010-07-31,M.C.G.,Collingwood,Carlton,Carlton,Chris Johnson,10,2,6,1,0,0,6
2010,18,2010-07-31,M.C.G.,Collingwood,Carlton,Carlton,Aaron Joseph,7,4,6,0,0,0,4
2010,18,2010-07-31,M.C.G.,Collingwood,Carlton,Carlton,Chris Judd,5,0,12,0,0,0,3
2010,18,2010-07-31,M.C.G.,Collingwood,Carlton,Carlton,Marc Murphy,8,1,13,0,0,0,4
2010,18,2010-07-31,M.C.G.,Collingwood,Carlton,Carlton,Jordan Russell,10,1,8,0,0,0,5
2010,18,2010-07-31,M.C.G.,Collingwood,Carlton,Carlton,Heath Scotland,9,4,13,0,0,0,1
2010,18,2010-07-31,M.C.G.,Collingwood,Carlton,Carlton,Kade Simpson,19,7,14,1,0,0,2
2010,18,2010-07-31,M.C.G.,Collingwood,Carlton,Carlton,Jarrad Waite,8,5,6,0,0,0,0
2010,18,2010-07-31,M.C.G.,Collingwood,Carlton,Carlton,Andrew Walker,4,1,9,2,0,0,3
2010,18,2010-07-31,M.C.G.,Collingwood,Carlton,Carlton,Robert Warnock,5,3,11,0,0,17,2
2010,18,2010-07-31,M.C.G.,Collingwood,Carlton,Carlton,Chris Yarran,6,2,3,0,0,0,5
2010,18,2010-07-31,Football Park,Port Adelaide,Hawthorn,Port Adelaide,Mitchell Banner,7,3,4,0,0,0,3
2010,18,2010-07-31,Football Park,Port Adelaide,Hawthorn,Port Adelaide,Travis Boak,9,3,9,0,2,0,4
2010,18,2010-07-31,Football Park,Port Adelaide,Hawthorn,Port Adelaide,Matthew Broadbent,11,5,6,0,0,0,4
2010,18,2010-07-31,Football Park,Port Adelaide,Hawthorn,Port Adelaide,Dean Brogan,8,4,10,0,1,33,2
2010,18,2010-07-31,Football Park,Port Adelaide,Hawthorn,Port Adelaide,Alipate Carlile,9,2,5,0,0,0,0
2010,18,2010-07-31,Football Park,Port Adelaide,Hawthorn,Port Adelaide,Domenic Cassisi,10,4,10,1,0,0,8
2010,18,2010-07-31,Football Park,Port Adelaide,Hawthorn,Port Adelaide,Troy Chaplin,11,5,3,0,0,0,0
2010,18,2010-07-31,Football Park,Port Adelaide,Hawthorn,Port Adelaide,Kane Cornes,8,1,15,0,1,0,5
2010,18,2010-07-31,Football Park,Port Adelaide,Hawthorn,Port Adelaide,Brett Ebert,10,3,3,1,2,0,0
2010,18,2010-07-31,Football Park,Port Adelaide,Hawthorn,Port Adelaide,Robbie Gray,10,4,12,0,2,0,4
2010,18,2010-07-31,Football Park,Port Adelaide,Hawthorn,Port Adelaide,Cameron Hitchcock,10,7,5,1,1,0,3
2010,18,2010-07-31,Football Park,Port Adelaide,Hawthorn,Port Adelaide,Nathan Krakouer,4,1,6,0,0,0,2
2010,18,2010-07-31,Football Park,Port Adelaide,Hawthorn,Port Adelaide,Danny Meyer,5,1,4,0,0,0,2
2010,18,2010-07-31,Football Park,Port Adelaide,Hawthorn,Port Adelaide,Andrew Moore,3,0,2,0,0,0,0
2010,18,2010-07-31,Football Park,Port Adelaide,Hawthorn,Port Adelaide,Danyle Pearce,16,2,3,2,1,0,4
2010,18,2010-07-31,Football Park,Port Adelaide,Hawthorn,Port Adelaide,David Rodan,10,2,2,1,1,0,6
2010,18,2010-07-31,Football Park,Port Adelaide,Hawthorn,Port Adelaide,Nick Salter,3,3,1,0,0,0,2
2010,18,2010-07-31,Football Park,Port Adelaide,Hawthorn,Port Adelaide,Jay Schulz,13,8,5,4,2,0,2
2010,18,2010-07-31,Football Park,Port Adelaide,Hawthorn,Port Adelaide,Daniel Stewart,7,6,3,2,0,0,1
2010,18,2010-07-31,Football Park,Port Adelaide,Hawthorn,Port Adelaide,Paul Stewart,8,4,8,0,0,0,3
2010,18,2010-07-31,Football Park,Port Adelaide,Hawthorn,Port Adelaide,Jackson Trengove,7,4,6,0,0,0,1
2010,18,2010-07-31,Football Park,Port Adelaide,Hawthorn,Port Adelaide,Justin Westhoff,12,6,4,1,1,4,5
2010,18,2010-07-31,Football Park,Port Adelaide,Hawthorn,Hawthorn,Chance Bateman,11,5,7,0,0,1,2
2010,18,2010-07-31,Football Park,Port Adelaide,Hawthorn,Hawthorn,Grant Birchall,8,4,10,1,0,0,1
2010,18,2010-07-31,Football Park,Port Adelaide,Hawthorn,Hawthorn,Shaun Burgoyne,8,3,11,0,1,0,7
2010,18,2010-07-31,Football Park,Port Adelaide,Hawthorn,Hawthorn,Xavier Ellis,7,6,9,1,0,0,8
2010,18,2010-07-31,Football Park,Port Adelaide,Hawthorn,Hawthorn,Lance Franklin,11,2,3,3,3,0,3
2010,18,2010-07-31,Football Park,Port Adelaide,Hawthorn,Hawthorn,Josh Gibson,7,2,9,0,0,0,2
2010,18,2010-07-31,Football Park,Port Adelaide,Hawthorn,Hawthorn,Stephen Gilham,5,2,3,0,0,0,0
2010,18,2010-07-31,Football Park,Port Adelaide,Hawthorn,Hawthorn,Brent Guerra,7,4,11,0,0,0,4
2010,18,2010-07-31,Football Park,Port Adelaide,Hawthorn,Hawthorn,Luke Hodge,12,2,6,0,0,0,2
2010,18,2010-07-31,Football Park,Port Adelaide,Hawthorn,Hawthorn,Rick Ladson,8,1,11,0,1,0,5
2010,18,2010-07-31,Football Park,Port Adelaide,Hawthorn,Hawthorn,Jordan Lewis,9,3,9,0,0,2,3
2010,18,2010-07-31,Football Park,Port Adelaide,Hawthorn,Hawthorn,Sam Mitchell,14,4,8,1,0,0,2
2010,18,2010-07-31,Football Park,Port Adelaide,Hawthorn,Hawthorn,Tom Murphy,9,5,5,0,0,1,2
2010,18,2010-07-31,Football Park,Port Adelaide,Hawthorn,Hawthorn,Michael Osborne,3,2,4,1,0,0,2
2010,18,2010-07-31,Football Park,Port Adelaide,Hawthorn,Hawthorn,Brent Renouf,5,6,7,2,0,19,7
2010,18,2010-07-31,Football Park,Port Adelaide,Hawthorn,Hawthorn,Cyril Rioli,13,3,9,1,0,0,5
2010,18,2010-07-31,Football Park,Port Adelaide,Hawthorn,Hawthorn,Jarryd Roughead,8,5,1,1,2,0,1
2010,18,2010-07-31,Football Park,Port Adelaide,Hawthorn,Hawthorn,Brad Sewell,6,5,17,0,0,0,10
2010,18,2010-07-31,Football Park,Port Adelaide,Hawthorn,Hawthorn,Wayde Skipper,2,3,2,0,1,16,3
2010,18,2010-07-31,Football Park,Port Adelaide,Hawthorn,Hawthorn,Ben Stratton,6,3,3,0,0,0,2
2010,18,2010-07-31,Football Park,Port Adelaide,Hawthorn,Hawthorn,Brendan Whitecross,5,3,1,0,1,0,0
2010,18,2010-07-31,Football Park,Port Adelaide,Hawthorn,Hawthorn,Clinton Young,8,3,5,1,1,0,4
2010,18,2010-07-31,Stadium Australia,Sydney,Geelong,Sydney,Paul Bevan,8,4,9,0,1,0,0
2010,18,2010-07-31,Stadium Australia,Sydney,Geelong,Sydney,Jude Bolton,11,5,7,2,1,0,4
2010,18,2010-07-31,Stadium Australia,Sydney,Geelong,Sydney,Adam Goodes,15,8,7,3,3,0,4
2010,18,2010-07-31,Stadium Australia,Sydney,Geelong,Sydney,Heath Grundy,6,4,9,0,0,0,1
2010,18,2010-07-31,Stadium Australia,Sydney,Geelong,Sydney,Dan Hannebery,6,6,15,0,0,0,0
2010,18,2010-07-31,Stadium Australia,Sydney,Geelong,Sydney,Kieren Jack,14,1,4,1,2,0,7
2010,18,2010-07-31,Stadium Australia,Sydney,Geelong,Sydney,Lewis Jetta,8,2,3,0,0,0,2
2010,18,2010-07-31,Stadium Australia,Sydney,Geelong,Sydney,Josh Kennedy,6,1,7,1,2,0,2
2010,18,2010-07-31,Stadium Australia,Sydney,Geelong,Sydney,Tadhg Kennelly,16,4,8,0,0,0,1
2010,18,2010-07-31,Stadium Australia,Sydney,Geelong,Sydney,Brett Kirk,3,1,7,1,0,0,4
2010,18,2010-07-31,Stadium Australia,Sydney,Geelong,Sydney,Nick Malceski,6,3,16,0,0,0,2
2010,18,2010-07-31,Stadium Australia,Sydney,Geelong,Sydney,Martin Mattner,12,5,8,0,0,0,3
2010,18,2010-07-31,Stadium Australia,Sydney,Geelong,Sydney,Ben McGlynn,11,4,6,0,0,0,5
2010,18,2010-07-31,Stadium Australia,Sydney,Geelong,Sydney,Jarrad McVeigh,7,2,8,0,1,0,4
2010,18,2010-07-31,Stadium Australia,Sydney,Geelong,Sydney,Brett Meredith,5,2,2,0,1,0,0
2010,18,2010-07-31,Stadium Australia,Sydney,Geelong,Sydney,Jarred Moore,12,5,6,0,0,0,1
2010,18,2010-07-31,Stadium Australia,Sydney,Geelong,Sydney,Shane Mumford,2,4,9,0,0,32,6
2010,18,2010-07-31,Stadium Australia,Sydney,Geelong,Sydney,Ryan OKeefe,7,1,16,0,0,0,6
2010,18,2010-07-31,Stadium Australia,Sydney,Geelong,Sydney,Mike Pyke,3,1,6,0,0,10,4
2010,18,2010-07-31,Stadium Australia,Sydney,Geelong,Sydney,Ted Richards,6,6,5,0,0,0,2
2010,18,2010-07-31,Stadium Australia,Sydney,Geelong,Sydney,Rhyce Shaw,3,0,6,0,1,0,3
2010,18,2010-07-31,Stadium Australia,Sydney,Geelong,Sydney,Jesse White,6,4,2,1,0,0,1
2010,18,2010-07-31,Stadium Australia,Sydney,Geelong,Geelong,Gary Ablett,18,6,11,3,0,0,4
2010,18,2010-07-31,Stadium Australia,Sydney,Geelong,Geelong,Shannon Byrnes,7,3,5,1,1,0,3
2010,18,2010-07-31,Stadium Australia,Sydney,Geelong,Geelong,Paul Chapman,15,6,8,0,0,0,2
2010,18,2010-07-31,Stadium Australia,Sydney,Geelong,Geelong,Joel Corey,5,1,11,0,0,2,12
2010,18,2010-07-31,Stadium Australia,Sydney,Geelong,Geelong,Corey Enright,13,6,6,0,0,0,3
2010,18,2010-07-31,Stadium Australia,Sydney,Geelong,Geelong,Tom Hawkins,4,5,12,0,0,3,0
2010,18,2010-07-31,Stadium Australia,Sydney,Geelong,Geelong,Josh Hunt,8,8,8,1,0,0,0
2010,18,2010-07-31,Stadium Australia,Sydney,Geelong,Geelong,Steve Johnson,15,10,10,6,0,0,3
2010,18,2010-07-31,Stadium Australia,Sydney,Geelong,Geelong,James Kelly,10,4,14,1,1,0,9
2010,18,2010-07-31,Stadium Australia,Sydney,Geelong,Geelong,Cameron Ling,11,3,12,1,1,0,5
2010,18,2010-07-31,Stadium Australia,Sydney,Geelong,Geelong,Tom Lonergan,7,7,4,0,0,0,0
2010,18,2010-07-31,Stadium Australia,Sydney,Geelong,Geelong,Andrew Mackie,15,5,6,1,0,0,2
2010,18,2010-07-31,Stadium Australia,Sydney,Geelong,Geelong,Darren Milburn,18,11,11,0,0,0,5
2010,18,2010-07-31,Stadium Australia,Sydney,Geelong,Geelong,Cameron Mooney,12,10,5,3,0,0,2
2010,18,2010-07-31,Stadium Australia,Sydney,Geelong,Geelong,Brad Ottens,3,2,10,1,0,17,1
2010,18,2010-07-31,Stadium Australia,Sydney,Geelong,Geelong,Matthew Scarlett,10,11,12,0,0,0,2
2010,18,2010-07-31,Stadium Australia,Sydney,Geelong,Geelong,Joel Selwood,14,5,18,0,0,0,5
2010,18,2010-07-31,Stadium Australia,Sydney,Geelong,Geelong,Mathew Stokes,8,1,4,0,1,0,6
2010,18,2010-07-31,Stadium Australia,Sydney,Geelong,Geelong,Harry Taylor,10,11,5,0,0,0,2
2010,18,2010-07-31,Stadium Australia,Sydney,Geelong,Geelong,Travis Varcoe,6,6,6,1,0,0,7
2010,18,2010-07-31,Stadium Australia,Sydney,Geelong,Geelong,Trent West,3,3,6,1,0,13,3
2010,18,2010-07-31,Stadium Australia,Sydney,Geelong,Geelong,David Wojcinski,6,4,2,0,0,0,0
2010,18,2010-07-31,Gabba,Brisbane Lions,Melbourne,Brisbane Lions,Todd Banfield,3,0,2,1,2,0,3
2010,18,2010-07-31,Gabba,Brisbane Lions,Melbourne,Brisbane Lions,Simon Black,14,6,12,0,0,0,5
2010,18,2010-07-31,Gabba,Brisbane Lions,Melbourne,Brisbane Lions,Jared Brennan,12,3,8,1,1,2,3
2010,18,2010-07-31,Gabba,Brisbane Lions,Melbourne,Brisbane Lions,Jonathan Brown,6,5,4,2,0,0,1
2010,18,2010-07-31,Gabba,Brisbane Lions,Melbourne,Brisbane Lions,Xavier Clarke,3,0,1,0,0,0,1
2010,18,2010-07-31,Gabba,Brisbane Lions,Melbourne,Brisbane Lions,Mitch Clark,20,12,8,0,3,8,0
2010,18,2010-07-31,Gabba,Brisbane Lions,Melbourne,Brisbane Lions,Brendan Fevola,1,0,0,0,0,0,2
2010,18,2010-07-31,Gabba,Brisbane Lions,Melbourne,Brisbane Lions,Pearce Hanley,9,3,6,0,0,0,5
2010,18,2010-07-31,Gabba,Brisbane Lions,Melbourne,Brisbane Lions,Ryan Harwood,5,1,11,1,0,0,10
2010,18,2010-07-31,Gabba,Brisbane Lions,Melbourne,Brisbane Lions,Matthew Leuenberger,8,6,5,0,0,18,1
2010,18,2010-07-31,Gabba,Brisbane Lions,Melbourne,Brisbane Lions,Ashley McGrath,8,3,2,0,0,0,5
2010,18,2010-07-31,Gabba,Brisbane Lions,Melbourne,Brisbane Lions,Daniel Merrett,5,4,11,0,0,0,0
2010,18,2010-07-31,Gabba,Brisbane Lions,Melbourne,Brisbane Lions,Joel Patfull,2,2,7,0,0,0,2
2010,18,2010-07-31,Gabba,Brisbane Lions,Melbourne,Brisbane Lions,Luke Power,6,1,5,0,0,0,4
2010,18,2010-07-31,Gabba,Brisbane Lions,Melbourne,Brisbane Lions,Albert Proud,9,7,2,3,1,0,3
2010,18,2010-07-31,Gabba,Brisbane Lions,Melbourne,Brisbane Lions,Jack Redden,10,6,8,0,0,0,3
2010,18,2010-07-31,Gabba,Brisbane Lions,Melbourne,Brisbane Lions,Daniel Rich,12,2,13,0,0,0,0
2010,18,2010-07-31,Gabba,Brisbane Lions,Melbourne,Brisbane Lions,Michael Rischitelli,13,5,16,1,0,0,3
2010,18,2010-07-31,Gabba,Brisbane Lions,Melbourne,Brisbane Lions,Tom Rockliff,18,4,12,0,0,0,5
2010,18,2010-07-31,Gabba,Brisbane Lions,Melbourne,Brisbane Lions,Justin Sherman,14,4,7,0,1,0,10
2010,18,2010-07-31,Gabba,Brisbane Lions,Melbourne,Brisbane Lions,Brent Staker,11,4,14,0,0,1,2
2010,18,2010-07-31,Gabba,Brisbane Lions,Melbourne,Brisbane Lions,Cheynee Stiller,6,6,9,0,0,0,3
2010,18,2010-07-31,Gabba,Brisbane Lions,Melbourne,Melbourne,Rohan Bail,11,4,6,1,0,0,6
2010,18,2010-07-31,Gabba,Brisbane Lions,Melbourne,Melbourne,Clint Bartram,11,7,5,0,0,0,1
2010,18,2010-07-31,Gabba,Brisbane Lions,Melbourne,Melbourne,Jamie Bennell,5,3,4,0,2,0,1
2010,18,2010-07-31,Gabba,Brisbane Lions,Melbourne,Melbourne,Cameron Bruce,17,9,7,0,0,0,4
2010,18,2010-07-31,Gabba,Brisbane Lions,Melbourne,Melbourne,Aaron Davey,17,3,3,0,1,0,1
2010,18,2010-07-31,Gabba,Brisbane Lions,Melbourne,Melbourne,Lynden Dunn,9,4,1,3,0,0,1
2010,18,2010-07-31,Gabba,Brisbane Lions,Melbourne,Melbourne,James Frawley,10,7,3,0,0,0,2
2010,18,2010-07-31,Gabba,Brisbane Lions,Melbourne,Melbourne,Colin Garland,13,3,5,0,0,0,3
2010,18,2010-07-31,Gabba,Brisbane Lions,Melbourne,Melbourne,Brad Green,11,4,6,2,1,0,4
2010,18,2010-07-31,Gabba,Brisbane Lions,Melbourne,Melbourne,Mark Jamar,7,8,14,0,0,33,1
2010,18,2010-07-31,Gabba,Brisbane Lions,Melbourne,Melbourne,Paul Johnson,3,1,3,1,0,7,2
2010,18,2010-07-31,Gabba,Brisbane Lions,Melbourne,Melbourne,Nathan Jones,12,3,13,0,1,0,5
2010,18,2010-07-31,Gabba,Brisbane Lions,Melbourne,Melbourne,Liam Jurrah,3,1,4,0,1,0,2
2010,18,2010-07-31,Gabba,Brisbane Lions,Melbourne,Melbourne,Joel Macdonald,15,11,7,0,0,0,2
2010,18,2010-07-31,Gabba,Brisbane Lions,Melbourne,Melbourne,James McDonald,6,0,8,0,0,0,4
2010,18,2010-07-31,Gabba,Brisbane Lions,Melbourne,Melbourne,Jordie McKenzie,7,3,19,0,0,0,9
2010,18,2010-07-31,Gabba,Brisbane Lions,Melbourne,Melbourne,Cale Morton,13,5,7,1,0,0,0
2010,18,2010-07-31,Gabba,Brisbane Lions,Melbourne,Melbourne,Jared Rivers,17,12,3,0,0,0,2
2010,18,2010-07-31,Gabba,Brisbane Lions,Melbourne,Melbourne,Tom Scully,13,9,14,0,0,0,4
2010,18,2010-07-31,Gabba,Brisbane Lions,Melbourne,Melbourne,Colin Sylvia,18,9,13,2,0,1,8
2010,18,2010-07-31,Gabba,Brisbane Lions,Melbourne,Melbourne,Jack Watts,8,3,19,0,1,0,0
2010,18,2010-07-31,Gabba,Brisbane Lions,Melbourne,Melbourne,Austin Wonaeamirri,4,1,5,1,0,0,6
2010,18,2010-08-01,M.C.G.,Richmond,Adelaide,Richmond,David Astbury,8,4,7,0,0,0,4
2010,18,2010-08-01,M.C.G.,Richmond,Adelaide,Richmond,Andrew Browne,1,2,7,1,0,16,1
2010,18,2010-08-01,M.C.G.,Richmond,Adelaide,Richmond,Daniel Connors,16,4,8,0,0,0,3
2010,18,2010-08-01,M.C.G.,Richmond,Adelaide,Richmond,Ben Cousins,7,0,18,1,0,0,3
2010,18,2010-08-01,M.C.G.,Richmond,Adelaide,Richmond,Brett Deledio,16,6,16,0,0,0,3
2010,18,2010-08-01,M.C.G.,Richmond,Adelaide,Richmond,Shane Edwards,13,3,15,0,1,0,8
2010,18,2010-08-01,M.C.G.,Richmond,Adelaide,Richmond,Mitch Farmer,4,4,9,0,0,0,1
2010,18,2010-08-01,M.C.G.,Richmond,Adelaide,Richmond,Angus Graham,4,0,6,0,0,14,2
2010,18,2010-08-01,M.C.G.,Richmond,Adelaide,Richmond,Robert Hicks,3,2,4,1,0,0,2
2010,18,2010-08-01,M.C.G.,Richmond,Adelaide,Richmond,Daniel Jackson,13,2,9,1,1,1,3
2010,18,2010-08-01,M.C.G.,Richmond,Adelaide,Richmond,Jake King,11,5,3,2,2,0,2
2010,18,2010-08-01,M.C.G.,Richmond,Adelaide,Richmond,Dustin Martin,10,0,14,1,0,1,2
2010,18,2010-08-01,M.C.G.,Richmond,Adelaide,Richmond,Luke McGuane,6,2,5,1,1,0,0
2010,18,2010-08-01,M.C.G.,Richmond,Adelaide,Richmond,Kelvin Moore,4,2,3,0,0,0,0
2010,18,2010-08-01,M.C.G.,Richmond,Adelaide,Richmond,Mitch Morton,11,6,8,1,0,0,6
2010,18,2010-08-01,M.C.G.,Richmond,Adelaide,Richmond,Ben Nason,3,3,4,0,0,0,1
2010,18,2010-08-01,M.C.G.,Richmond,Adelaide,Richmond,Chris Newman,18,6,8,1,0,0,7
2010,18,2010-08-01,M.C.G.,Richmond,Adelaide,Richmond,Jack Riewoldt,7,5,3,2,1,2,2
2010,18,2010-08-01,M.C.G.,Richmond,Adelaide,Richmond,Will Thursfield,2,0,4,0,1,0,2
2010,18,2010-08-01,M.C.G.,Richmond,Adelaide,Richmond,Shane Tuck,15,4,18,1,0,0,10
2010,18,2010-08-01,M.C.G.,Richmond,Adelaide,Richmond,Jeromey Webberley,6,3,8,1,0,0,2
2010,18,2010-08-01,M.C.G.,Richmond,Adelaide,Richmond,Matt White,6,2,4,1,1,0,4
2010,18,2010-08-01,M.C.G.,Richmond,Adelaide,Adelaide,Nathan Bock,13,7,5,0,0,0,3
2010,18,2010-08-01,M.C.G.,Richmond,Adelaide,Adelaide,Patrick Dangerfield,7,6,10,1,2,0,0
2010,18,2010-08-01,M.C.G.,Richmond,Adelaide,Adelaide,Michael Doughty,16,6,11,0,0,0,2
2010,18,2010-08-01,M.C.G.,Richmond,Adelaide,Adelaide,Richard Douglas,14,4,6,2,0,0,3
2010,18,2010-08-01,M.C.G.,Richmond,Adelaide,Adelaide,Jonathon Griffin,5,4,5,1,2,18,3
2010,18,2010-08-01,M.C.G.,Richmond,Adelaide,Adelaide,Jack Gunston,6,3,3,0,0,0,3
2010,18,2010-08-01,M.C.G.,Richmond,Adelaide,Adelaide,Ricky Henderson,5,4,8,0,0,0,3
2010,18,2010-08-01,M.C.G.,Richmond,Adelaide,Adelaide,Matthew Jaensch,1,0,4,0,0,0,6
2010,18,2010-08-01,M.C.G.,Richmond,Adelaide,Adelaide,David Mackay,9,3,11,0,0,0,4
2010,18,2010-08-01,M.C.G.,Richmond,Adelaide,Adelaide,Ivan Maric,3,1,3,0,0,12,1
2010,18,2010-08-01,M.C.G.,Richmond,Adelaide,Adelaide,Jason Porplyzia,12,10,8,1,0,0,1
2010,18,2010-08-01,M.C.G.,Richmond,Adelaide,Adelaide,Brent Reilly,12,3,6,1,1,2,7
2010,18,2010-08-01,M.C.G.,Richmond,Adelaide,Adelaide,Ben Rutten,4,5,7,0,0,0,1
2010,18,2010-08-01,M.C.G.,Richmond,Adelaide,Adelaide,Chris Schmidt,5,5,12,0,0,0,1
2010,18,2010-08-01,M.C.G.,Richmond,Adelaide,Adelaide,Rory Sloane,5,2,7,1,2,0,8
2010,18,2010-08-01,M.C.G.,Richmond,Adelaide,Adelaide,Scott Stevens,16,10,7,0,0,0,1
2010,18,2010-08-01,M.C.G.,Richmond,Adelaide,Adelaide,Brad Symes,18,6,12,0,0,2,4
2010,18,2010-08-01,M.C.G.,Richmond,Adelaide,Adelaide,Scott Thompson,17,4,11,1,1,0,8
2010,18,2010-08-01,M.C.G.,Richmond,Adelaide,Adelaide,Kurt Tippett,7,3,4,1,2,4,1
2010,18,2010-08-01,M.C.G.,Richmond,Adelaide,Adelaide,Nathan van Berlo,10,3,10,0,0,0,1
2010,18,2010-08-01,M.C.G.,Richmond,Adelaide,Adelaide,Bernie Vince,18,6,8,1,0,0,6
2010,18,2010-08-01,M.C.G.,Richmond,Adelaide,Adelaide,Taylor Walker,6,5,5,1,1,0,2
2010,18,2010-08-01,Docklands,Western Bulldogs,North Melbourne,Western Bulldogs,Matthew Boyd,19,11,21,0,0,0,3
2010,18,2010-08-01,Docklands,Western Bulldogs,North Melbourne,Western Bulldogs,Adam Cooney,9,2,18,0,0,0,1
2010,18,2010-08-01,Docklands,Western Bulldogs,North Melbourne,Western Bulldogs,Daniel Cross,11,3,15,0,1,3,10
2010,18,2010-08-01,Docklands,Western Bulldogs,North Melbourne,Western Bulldogs,Andrejs Everitt,11,9,8,0,1,0,2
2010,18,2010-08-01,Docklands,Western Bulldogs,North Melbourne,Western Bulldogs,Daniel Giansiracusa,12,7,7,5,0,0,3
2010,18,2010-08-01,Docklands,Western Bulldogs,North Melbourne,Western Bulldogs,Lindsay Gilbee,16,10,5,0,0,1,4
2010,18,2010-08-01,Docklands,Western Bulldogs,North Melbourne,Western Bulldogs,Jarrad Grant,9,7,5,1,2,0,2
2010,18,2010-08-01,Docklands,Western Bulldogs,North Melbourne,Western Bulldogs,Ryan Griffen,10,4,11,3,0,0,1
2010,18,2010-08-01,Docklands,Western Bulldogs,North Melbourne,Western Bulldogs,Barry Hall,12,8,6,7,2,0,1
2010,18,2010-08-01,Docklands,Western Bulldogs,North Melbourne,Western Bulldogs,Ryan Hargrave,14,8,8,0,0,0,1
2010,18,2010-08-01,Docklands,Western Bulldogs,North Melbourne,Western Bulldogs,Shaun Higgins,7,4,16,1,0,0,1
2010,18,2010-08-01,Docklands,Western Bulldogs,North Melbourne,Western Bulldogs,Ben Hudson,4,3,13,0,0,20,1
2010,18,2010-08-01,Docklands,Western Bulldogs,North Melbourne,Western Bulldogs,Brad Johnson,14,9,5,1,0,0,0
2010,18,2010-08-01,Docklands,Western Bulldogs,North Melbourne,Western Bulldogs,Liam Jones,5,5,5,1,2,0,1
2010,18,2010-08-01,Docklands,Western Bulldogs,North Melbourne,Western Bulldogs,Brian Lake,20,15,7,0,0,2,1
2010,18,2010-08-01,Docklands,Western Bulldogs,North Melbourne,Western Bulldogs,Brodie Moles,9,2,11,1,2,0,3
2010,18,2010-08-01,Docklands,Western Bulldogs,North Melbourne,Western Bulldogs,Dale Morris,14,10,4,0,0,0,0
2010,18,2010-08-01,Docklands,Western Bulldogs,North Melbourne,Western Bulldogs,Robert Murphy,15,7,6,0,0,0,1
2010,18,2010-08-01,Docklands,Western Bulldogs,North Melbourne,Western Bulldogs,Liam Picken,9,2,11,0,0,0,10
2010,18,2010-08-01,Docklands,Western Bulldogs,North Melbourne,Western Bulldogs,Jordan Roughead,6,6,13,0,1,11,2
2010,18,2010-08-01,Docklands,Western Bulldogs,North Melbourne,Western Bulldogs,Tom Williams,12,9,5,1,0,1,0
2010,18,2010-08-01,Docklands,Western Bulldogs,North Melbourne,Western Bulldogs,Easton Wood,5,3,7,1,0,0,3
2010,18,2010-08-01,Docklands,Western Bulldogs,North Melbourne,North Melbourne,Leigh Adams,14,3,10,2,2,0,3
2010,18,2010-08-01,Docklands,Western Bulldogs,North Melbourne,North Melbourne,Ryan Bastinac,4,2,9,0,0,0,1
2010,18,2010-08-01,Docklands,Western Bulldogs,North Melbourne,North Melbourne,Ben Cunnington,9,5,10,0,1,0,2
2010,18,2010-08-01,Docklands,Western Bulldogs,North Melbourne,North Melbourne,Aaron Edwards,8,4,3,1,1,0,5
2010,18,2010-08-01,Docklands,Western Bulldogs,North Melbourne,North Melbourne,Michael Firrito,7,4,10,0,0,0,0
2010,18,2010-08-01,Docklands,Western Bulldogs,North Melbourne,North Melbourne,Todd Goldstein,6,3,2,0,0,10,4
2010,18,2010-08-01,Docklands,Western Bulldogs,North Melbourne,North Melbourne,Levi Greenwood,11,8,10,0,1,0,4
2010,18,2010-08-01,Docklands,Western Bulldogs,North Melbourne,North Melbourne,Lachlan Hansen,5,4,2,1,1,1,2
2010,18,2010-08-01,Docklands,Western Bulldogs,North Melbourne,North Melbourne,Leigh Harding,8,4,11,0,0,0,1
2010,18,2010-08-01,Docklands,Western Bulldogs,North Melbourne,North Melbourne,Brent Harvey,15,4,12,3,1,0,2
2010,18,2010-08-01,Docklands,Western Bulldogs,North Melbourne,North Melbourne,Ed Lower,4,0,8,0,0,0,4
2010,18,2010-08-01,Docklands,Western Bulldogs,North Melbourne,North Melbourne,Jamie Macmillan,3,3,5,0,0,0,1
2010,18,2010-08-01,Docklands,Western Bulldogs,North Melbourne,North Melbourne,Hamish McIntosh,10,8,8,1,1,14,0
2010,18,2010-08-01,Docklands,Western Bulldogs,North Melbourne,North Melbourne,Scott McMahon,9,4,7,0,0,0,3
2010,18,2010-08-01,Docklands,Western Bulldogs,North Melbourne,North Melbourne,Brady Rawlings,14,6,17,0,0,0,2
2010,18,2010-08-01,Docklands,Western Bulldogs,North Melbourne,North Melbourne,Josh Smith,7,3,6,0,0,0,3
2010,18,2010-08-01,Docklands,Western Bulldogs,North Melbourne,North Melbourne,Ben Speight,5,4,9,0,0,0,3
2010,18,2010-08-01,Docklands,Western Bulldogs,North Melbourne,North Melbourne,Andrew Swallow,9,3,10,0,1,0,11
2010,18,2010-08-01,Docklands,Western Bulldogs,North Melbourne,North Melbourne,Lindsay Thomas,5,2,4,0,1,0,1
2010,18,2010-08-01,Docklands,Western Bulldogs,North Melbourne,North Melbourne,Scott Thompson,9,2,12,0,0,0,1
2010,18,2010-08-01,Docklands,Western Bulldogs,North Melbourne,North Melbourne,Marcus White,7,6,4,0,0,0,4
2010,18,2010-08-01,Docklands,Western Bulldogs,North Melbourne,North Melbourne,Sam Wright,12,10,9,2,1,0,3
2010,18,2010-08-01,Subiaco,Fremantle,West Coast,Fremantle,Hayden Ballantyne,15,5,3,6,0,0,3
2010,18,2010-08-01,Subiaco,Fremantle,West Coast,Fremantle,Justin Bollenhagen,4,0,4,2,1,0,3
2010,18,2010-08-01,Subiaco,Fremantle,West Coast,Fremantle,Greg Broughton,12,7,19,0,0,0,7
2010,18,2010-08-01,Subiaco,Fremantle,West Coast,Fremantle,Jesse Crichton,8,2,7,1,0,0,3
2010,18,2010-08-01,Subiaco,Fremantle,West Coast,Fremantle,Matt de Boer,4,4,15,0,0,0,6
2010,18,2010-08-01,Subiaco,Fremantle,West Coast,Fremantle,Paul Duffield,14,4,5,0,0,0,5
2010,18,2010-08-01,Subiaco,Fremantle,West Coast,Fremantle,Nat Fyfe,12,6,9,0,3,0,7
2010,18,2010-08-01,Subiaco,Fremantle,West Coast,Fremantle,Antoni Grover,4,4,8,0,0,0,1
2010,18,2010-08-01,Subiaco,Fremantle,West Coast,Fremantle,Paul Hasleby,9,3,11,3,1,0,6
2010,18,2010-08-01,Subiaco,Fremantle,West Coast,Fremantle,Roger Hayden,4,3,7,1,0,0,1
2010,18,2010-08-01,Subiaco,Fremantle,West Coast,Fremantle,Stephen Hill,8,1,7,2,1,0,0
2010,18,2010-08-01,Subiaco,Fremantle,West Coast,Fremantle,Garrick Ibbotson,11,3,9,0,0,0,4
2010,18,2010-08-01,Subiaco,Fremantle,West Coast,Fremantle,Michael Johnson,12,6,3,2,1,1,1
2010,18,2010-08-01,Subiaco,Fremantle,West Coast,Fremantle,Luke McPharlin,11,8,5,0,0,0,2
2010,18,2010-08-01,Subiaco,Fremantle,West Coast,Fremantle,Adam McPhee,6,3,5,0,0,0,3
2010,18,2010-08-01,Subiaco,Fremantle,West Coast,Fremantle,Anthony Morabito,6,1,7,0,1,0,1
2010,18,2010-08-01,Subiaco,Fremantle,West Coast,Fremantle,David Mundy,8,1,17,1,0,0,4
2010,18,2010-08-01,Subiaco,Fremantle,West Coast,Fremantle,Matthew Pavlich,11,5,8,4,3,0,2
2010,18,2010-08-01,Subiaco,Fremantle,West Coast,Fremantle,Aaron Sandilands,5,5,17,0,0,33,1
2010,18,2010-08-01,Subiaco,Fremantle,West Coast,Fremantle,Nick Suban,17,3,4,1,1,0,3
2010,18,2010-08-01,Subiaco,Fremantle,West Coast,Fremantle,Chris Tarrant,1,0,3,0,0,0,0
2010,18,2010-08-01,Subiaco,Fremantle,West Coast,Fremantle,Jay van Berlo,7,2,5,1,0,0,2
2010,18,2010-08-01,Subiaco,Fremantle,West Coast,West Coast,Mitch Brown,4,4,11,0,0,0,2
2010,18,2010-08-01,Subiaco,Fremantle,West Coast,West Coast,Dean Cox,7,4,7,0,0,17,4
2010,18,2010-08-01,Subiaco,Fremantle,West Coast,West Coast,Brad Ebert,13,5,2,0,1,0,3
2010,18,2010-08-01,Subiaco,Fremantle,West Coast,West Coast,Andrew Embley,11,5,8,1,0,1,4
2010,18,2010-08-01,Subiaco,Fremantle,West Coast,West Coast,Brett Jones,11,7,5,0,0,0,2
2010,18,2010-08-01,Subiaco,Fremantle,West Coast,West Coast,Josh Kennedy,8,3,4,0,1,0,3
2010,18,2010-08-01,Subiaco,Fremantle,West Coast,West Coast,Mark LeCras,10,8,2,5,1,0,0
2010,18,2010-08-01,Subiaco,Fremantle,West Coast,West Coast,Quinten Lynch,9,7,5,0,0,2,1
2010,18,2010-08-01,Subiaco,Fremantle,West Coast,West Coast,Eric Mackenzie,3,2,3,0,0,0,2
2010,18,2010-08-01,Subiaco,Fremantle,West Coast,West Coast,Chris Masten,1,2,6,0,0,0,2
2010,18,2010-08-01,Subiaco,Fremantle,West Coast,West Coast,Patrick McGinnity,7,3,11,0,0,0,1
2010,18,2010-08-01,Subiaco,Fremantle,West Coast,West Coast,Nic Naitanui,5,2,10,1,0,10,2
2010,18,2010-08-01,Subiaco,Fremantle,West Coast,West Coast,Matt Priddis,8,3,20,0,0,1,7
2010,18,2010-08-01,Subiaco,Fremantle,West Coast,West Coast,Matt Rosa,13,8,10,2,0,0,0
2010,18,2010-08-01,Subiaco,Fremantle,West Coast,West Coast,Will Schofield,3,3,3,0,0,0,1
2010,18,2010-08-01,Subiaco,Fremantle,West Coast,West Coast,Scott Selwood,7,4,10,1,0,0,5
2010,18,2010-08-01,Subiaco,Fremantle,West Coast,West Coast,Brad Sheppard,9,4,8,0,0,0,2
2010,18,2010-08-01,Subiaco,Fremantle,West Coast,West Coast,Ashley Smith,13,6,7,0,0,0,1
2010,18,2010-08-01,Subiaco,Fremantle,West Coast,West Coast,Lewis Stevenson,8,4,10,0,0,0,1
2010,18,2010-08-01,Subiaco,Fremantle,West Coast,West Coast,Andrew Strijk,12,6,3,2,1,0,1
2010,18,2010-08-01,Subiaco,Fremantle,West Coast,West Coast,Tom Swift,11,5,12,0,0,0,4
2010,18,2010-08-01,Subiaco,Fremantle,West Coast,West Coast,Beau Waters,20,8,7,1,1,0,2
2010,19,2010-08-06,M.C.G.,Essendon,Carlton,Essendon,Travis Colyer,7,2,13,1,0,0,3
2010,19,2010-08-06,M.C.G.,Essendon,Carlton,Essendon,Alwyn Davey,0,0,4,0,0,0,5
2010,19,2010-08-06,M.C.G.,Essendon,Carlton,Essendon,Courtenay Dempsey,14,11,9,0,1,0,4
2010,19,2010-08-06,M.C.G.,Essendon,Carlton,Essendon,Dustin Fletcher,8,1,3,0,0,0,3
2010,19,2010-08-06,M.C.G.,Essendon,Carlton,Essendon,Kyle Hardingham,8,6,1,2,5,0,4
2010,19,2010-08-06,M.C.G.,Essendon,Carlton,Essendon,David Hille,9,9,7,1,0,14,0
2010,19,2010-08-06,M.C.G.,Essendon,Carlton,Essendon,Heath Hocking,6,3,5,0,1,0,5
2010,19,2010-08-06,M.C.G.,Essendon,Carlton,Essendon,Cale Hooker,1,4,7,0,0,0,2
2010,19,2010-08-06,M.C.G.,Essendon,Carlton,Essendon,Bachar Houli,8,3,10,0,1,0,2
2010,19,2010-08-06,M.C.G.,Essendon,Carlton,Essendon,Ben Howlett,10,3,8,0,1,0,13
2010,19,2010-08-06,M.C.G.,Essendon,Carlton,Essendon,Michael Hurley,11,7,10,0,0,0,0
2010,19,2010-08-06,M.C.G.,Essendon,Carlton,Essendon,Sam Lonergan,4,1,12,0,0,0,2
2010,19,2010-08-06,M.C.G.,Essendon,Carlton,Essendon,Mark McVeigh,5,1,2,0,0,0,1
2010,19,2010-08-06,M.C.G.,Essendon,Carlton,Essendon,Angus Monfries,4,1,6,1,0,0,3
2010,19,2010-08-06,M.C.G.,Essendon,Carlton,Essendon,Jay Neagle,6,3,5,0,3,0,1
2010,19,2010-08-06,M.C.G.,Essendon,Carlton,Essendon,Brent Prismall,13,4,6,1,0,0,11
2010,19,2010-08-06,M.C.G.,Essendon,Carlton,Essendon,Kyle Reimers,6,3,3,1,1,0,5
2010,19,2010-08-06,M.C.G.,Essendon,Carlton,Essendon,Paddy Ryder,6,2,10,0,1,13,3
2010,19,2010-08-06,M.C.G.,Essendon,Carlton,Essendon,Brent Stanton,15,8,8,1,0,0,6
2010,19,2010-08-06,M.C.G.,Essendon,Carlton,Essendon,Jobe Watson,10,3,10,0,1,0,6
2010,19,2010-08-06,M.C.G.,Essendon,Carlton,Essendon,Jason Winderlich,9,3,9,1,0,0,7
2010,19,2010-08-06,M.C.G.,Essendon,Carlton,Essendon,David Zaharakis,10,6,6,0,0,0,5
2010,19,2010-08-06,M.C.G.,Essendon,Carlton,Carlton,Dennis Armfield,6,2,5,0,0,0,2
2010,19,2010-08-06,M.C.G.,Essendon,Carlton,Carlton,Eddie Betts,7,2,5,1,2,0,2
2010,19,2010-08-06,M.C.G.,Essendon,Carlton,Carlton,Paul Bower,8,7,7,1,0,0,1
2010,19,2010-08-06,M.C.G.,Essendon,Carlton,Carlton,Andrew Carrazzo,10,1,10,2,0,0,4
2010,19,2010-08-06,M.C.G.,Essendon,Carlton,Carlton,Marcus Davies,3,2,7,0,0,0,1
2010,19,2010-08-06,M.C.G.,Essendon,Carlton,Carlton,David Ellard,9,2,5,1,0,0,9
2010,19,2010-08-06,M.C.G.,Essendon,Carlton,Carlton,Jeff Garlett,14,5,2,6,2,0,1
2010,19,2010-08-06,M.C.G.,Essendon,Carlton,Carlton,Bryce Gibbs,6,3,7,0,0,0,3
2010,19,2010-08-06,M.C.G.,Essendon,Carlton,Carlton,Shaun Grigg,10,5,17,1,0,2,1
2010,19,2010-08-06,M.C.G.,Essendon,Carlton,Carlton,Richard Hadley,6,4,11,0,0,0,8
2010,19,2010-08-06,M.C.G.,Essendon,Carlton,Carlton,Shaun Hampson,7,5,1,1,3,12,3
2010,19,2010-08-06,M.C.G.,Essendon,Carlton,Carlton,Lachie Henderson,9,8,8,0,1,0,1
2010,19,2010-08-06,M.C.G.,Essendon,Carlton,Carlton,Michael Jamison,3,2,2,0,0,0,1
2010,19,2010-08-06,M.C.G.,Essendon,Carlton,Carlton,Aaron Joseph,2,0,5,1,0,0,6
2010,19,2010-08-06,M.C.G.,Essendon,Carlton,Carlton,Chris Judd,14,3,14,1,0,0,5
2010,19,2010-08-06,M.C.G.,Essendon,Carlton,Carlton,Marc Murphy,15,5,8,1,0,0,6
2010,19,2010-08-06,M.C.G.,Essendon,Carlton,Carlton,Mitch Robinson,6,2,7,2,0,0,4
2010,19,2010-08-06,M.C.G.,Essendon,Carlton,Carlton,Jordan Russell,5,2,5,0,0,0,4
2010,19,2010-08-06,M.C.G.,Essendon,Carlton,Carlton,Heath Scotland,11,3,10,0,0,0,3
2010,19,2010-08-06,M.C.G.,Essendon,Carlton,Carlton,Kade Simpson,13,3,7,1,0,1,6
2010,19,2010-08-06,M.C.G.,Essendon,Carlton,Carlton,Jarrad Waite,10,4,3,4,0,0,7
2010,19,2010-08-06,M.C.G.,Essendon,Carlton,Carlton,Robert Warnock,7,3,3,0,1,28,1
2010,19,2010-08-07,Docklands,North Melbourne,Fremantle,North Melbourne,Leigh Adams,18,5,15,1,1,0,2
2010,19,2010-08-07,Docklands,North Melbourne,Fremantle,North Melbourne,Ryan Bastinac,6,4,14,3,0,0,0
2010,19,2010-08-07,Docklands,North Melbourne,Fremantle,North Melbourne,Ben Cunnington,3,2,10,0,0,0,4
2010,19,2010-08-07,Docklands,North Melbourne,Fremantle,North Melbourne,Aaron Edwards,10,6,9,2,0,0,4
2010,19,2010-08-07,Docklands,North Melbourne,Fremantle,North Melbourne,Michael Firrito,12,5,10,0,0,0,3
2010,19,2010-08-07,Docklands,North Melbourne,Fremantle,North Melbourne,Cruize Garlett,10,6,19,0,0,0,4
2010,19,2010-08-07,Docklands,North Melbourne,Fremantle,North Melbourne,Todd Goldstein,6,3,11,1,0,19,4
2010,19,2010-08-07,Docklands,North Melbourne,Fremantle,North Melbourne,Levi Greenwood,6,2,9,0,1,0,4
2010,19,2010-08-07,Docklands,North Melbourne,Fremantle,North Melbourne,Nathan Grima,16,8,11,0,0,0,2
2010,19,2010-08-07,Docklands,North Melbourne,Fremantle,North Melbourne,Lachlan Hansen,11,8,4,2,0,0,1
2010,19,2010-08-07,Docklands,North Melbourne,Fremantle,North Melbourne,Leigh Harding,11,9,14,0,0,0,3
2010,19,2010-08-07,Docklands,North Melbourne,Fremantle,North Melbourne,Brent Harvey,19,9,15,3,1,0,8
2010,19,2010-08-07,Docklands,North Melbourne,Fremantle,North Melbourne,Jamie Macmillan,9,4,13,0,0,0,0
2010,19,2010-08-07,Docklands,North Melbourne,Fremantle,North Melbourne,Hamish McIntosh,11,11,15,2,0,13,2
2010,19,2010-08-07,Docklands,North Melbourne,Fremantle,North Melbourne,Scott McMahon,9,5,12,0,0,0,3
2010,19,2010-08-07,Docklands,North Melbourne,Fremantle,North Melbourne,Daniel Pratt,16,11,8,0,0,0,0
2010,19,2010-08-07,Docklands,North Melbourne,Fremantle,North Melbourne,Brady Rawlings,13,8,26,0,0,0,2
2010,19,2010-08-07,Docklands,North Melbourne,Fremantle,North Melbourne,Andrew Swallow,8,4,14,0,0,0,8
2010,19,2010-08-07,Docklands,North Melbourne,Fremantle,North Melbourne,Lindsay Thomas,3,3,1,1,1,0,4
2010,19,2010-08-07,Docklands,North Melbourne,Fremantle,North Melbourne,Scott Thompson,8,7,12,0,0,0,2
2010,19,2010-08-07,Docklands,North Melbourne,Fremantle,North Melbourne,Daniel Wells,19,6,12,1,1,0,0
2010,19,2010-08-07,Docklands,North Melbourne,Fremantle,North Melbourne,Sam Wright,9,5,4,3,1,0,2
2010,19,2010-08-07,Docklands,North Melbourne,Fremantle,Fremantle,Justin Bollenhagen,3,0,5,1,1,0,3
2010,19,2010-08-07,Docklands,North Melbourne,Fremantle,Fremantle,Kepler Bradley,10,7,11,1,0,9,1
2010,19,2010-08-07,Docklands,North Melbourne,Fremantle,Fremantle,Greg Broughton,11,3,15,0,0,1,6
2010,19,2010-08-07,Docklands,North Melbourne,Fremantle,Fremantle,Jesse Crichton,6,3,12,0,0,0,3
2010,19,2010-08-07,Docklands,North Melbourne,Fremantle,Fremantle,Matt de Boer,4,4,6,2,0,0,5
2010,19,2010-08-07,Docklands,North Melbourne,Fremantle,Fremantle,Paul Duffield,14,4,11,0,0,0,6
2010,19,2010-08-07,Docklands,North Melbourne,Fremantle,Fremantle,Nat Fyfe,12,3,5,1,1,1,0
2010,19,2010-08-07,Docklands,North Melbourne,Fremantle,Fremantle,Antoni Grover,6,6,6,0,1,0,1
2010,19,2010-08-07,Docklands,North Melbourne,Fremantle,Fremantle,Paul Hasleby,9,6,11,2,1,0,2
2010,19,2010-08-07,Docklands,North Melbourne,Fremantle,Fremantle,Roger Hayden,8,3,9,0,1,0,3
2010,19,2010-08-07,Docklands,North Melbourne,Fremantle,Fremantle,Stephen Hill,3,0,4,0,0,0,1
2010,19,2010-08-07,Docklands,North Melbourne,Fremantle,Fremantle,Garrick Ibbotson,8,4,1,0,0,0,2
2010,19,2010-08-07,Docklands,North Melbourne,Fremantle,Fremantle,Michael Johnson,12,5,8,1,0,7,3
2010,19,2010-08-07,Docklands,North Melbourne,Fremantle,Fremantle,Luke McPharlin,12,9,7,0,1,0,1
2010,19,2010-08-07,Docklands,North Melbourne,Fremantle,Fremantle,Adam McPhee,6,2,9,0,0,0,2
2010,19,2010-08-07,Docklands,North Melbourne,Fremantle,Fremantle,Anthony Morabito,4,5,8,0,0,0,1
2010,19,2010-08-07,Docklands,North Melbourne,Fremantle,Fremantle,David Mundy,9,3,11,2,0,0,8
2010,19,2010-08-07,Docklands,North Melbourne,Fremantle,Fremantle,Rhys Palmer,8,4,8,0,0,0,2
2010,19,2010-08-07,Docklands,North Melbourne,Fremantle,Fremantle,Matthew Pavlich,7,3,6,0,1,0,3
2010,19,2010-08-07,Docklands,North Melbourne,Fremantle,Fremantle,Dylan Roberton,11,6,14,0,0,1,1
2010,19,2010-08-07,Docklands,North Melbourne,Fremantle,Fremantle,Nick Suban,5,4,10,0,0,0,5
2010,19,2010-08-07,Docklands,North Melbourne,Fremantle,Fremantle,Jay van Berlo,4,2,7,0,0,0,4
2010,19,2010-08-07,S.C.G.,Sydney,Hawthorn,Sydney,Paul Bevan,11,8,6,0,0,0,3
2010,19,2010-08-07,S.C.G.,Sydney,Hawthorn,Sydney,Jude Bolton,8,4,12,0,0,0,1
2010,19,2010-08-07,S.C.G.,Sydney,Hawthorn,Sydney,Trent Dennis-Lane,5,4,2,3,1,0,2
2010,19,2010-08-07,S.C.G.,Sydney,Hawthorn,Sydney,Adam Goodes,20,10,6,3,2,0,1
2010,19,2010-08-07,S.C.G.,Sydney,Hawthorn,Sydney,Heath Grundy,24,11,8,0,0,0,2
2010,19,2010-08-07,S.C.G.,Sydney,Hawthorn,Sydney,Dan Hannebery,11,8,5,0,0,0,1
2010,19,2010-08-07,S.C.G.,Sydney,Hawthorn,Sydney,Kieren Jack,11,4,16,1,1,0,5
2010,19,2010-08-07,S.C.G.,Sydney,Hawthorn,Sydney,Lewis Jetta,9,5,2,1,3,0,0
2010,19,2010-08-07,S.C.G.,Sydney,Hawthorn,Sydney,Josh Kennedy,9,3,12,1,0,0,4
2010,19,2010-08-07,S.C.G.,Sydney,Hawthorn,Sydney,Tadhg Kennelly,9,4,9,0,0,0,1
2010,19,2010-08-07,S.C.G.,Sydney,Hawthorn,Sydney,Brett Kirk,14,4,15,0,0,0,5
2010,19,2010-08-07,S.C.G.,Sydney,Hawthorn,Sydney,Nick Malceski,11,5,5,0,1,0,0
2010,19,2010-08-07,S.C.G.,Sydney,Hawthorn,Sydney,Martin Mattner,10,4,6,0,0,0,3
2010,19,2010-08-07,S.C.G.,Sydney,Hawthorn,Sydney,Ben McGlynn,8,2,9,3,0,0,4
2010,19,2010-08-07,S.C.G.,Sydney,Hawthorn,Sydney,Jarrad McVeigh,15,5,13,1,0,0,1
2010,19,2010-08-07,S.C.G.,Sydney,Hawthorn,Sydney,Jarred Moore,7,1,4,1,0,0,1
2010,19,2010-08-07,S.C.G.,Sydney,Hawthorn,Sydney,Shane Mumford,6,4,11,0,0,30,3
2010,19,2010-08-07,S.C.G.,Sydney,Hawthorn,Sydney,Ryan OKeefe,8,4,8,4,1,0,2
2010,19,2010-08-07,S.C.G.,Sydney,Hawthorn,Sydney,Mike Pyke,2,5,3,0,0,12,1
2010,19,2010-08-07,S.C.G.,Sydney,Hawthorn,Sydney,Ted Richards,6,7,9,0,0,0,4
2010,19,2010-08-07,S.C.G.,Sydney,Hawthorn,Sydney,Rhyce Shaw,7,2,5,0,0,0,3
2010,19,2010-08-07,S.C.G.,Sydney,Hawthorn,Sydney,Jesse White,5,3,2,1,3,0,0
2010,19,2010-08-07,S.C.G.,Sydney,Hawthorn,Hawthorn,Chance Bateman,7,4,7,1,0,3,5
2010,19,2010-08-07,S.C.G.,Sydney,Hawthorn,Hawthorn,Grant Birchall,11,6,4,0,0,0,1
2010,19,2010-08-07,S.C.G.,Sydney,Hawthorn,Hawthorn,Shaun Burgoyne,8,2,11,1,0,0,6
2010,19,2010-08-07,S.C.G.,Sydney,Hawthorn,Hawthorn,Xavier Ellis,5,3,2,0,0,0,3
2010,19,2010-08-07,S.C.G.,Sydney,Hawthorn,Hawthorn,Lance Franklin,18,10,3,4,4,0,2
2010,19,2010-08-07,S.C.G.,Sydney,Hawthorn,Hawthorn,Josh Gibson,8,7,11,0,0,0,1
2010,19,2010-08-07,S.C.G.,Sydney,Hawthorn,Hawthorn,Stephen Gilham,3,2,6,0,0,0,0
2010,19,2010-08-07,S.C.G.,Sydney,Hawthorn,Hawthorn,Brent Guerra,16,6,7,0,0,0,0
2010,19,2010-08-07,S.C.G.,Sydney,Hawthorn,Hawthorn,Luke Hodge,8,4,5,0,0,1,6
2010,19,2010-08-07,S.C.G.,Sydney,Hawthorn,Hawthorn,Rick Ladson,8,2,1,1,0,0,2
2010,19,2010-08-07,S.C.G.,Sydney,Hawthorn,Hawthorn,Jordan Lewis,10,7,10,2,1,1,1
2010,19,2010-08-07,S.C.G.,Sydney,Hawthorn,Hawthorn,Sam Mitchell,20,4,3,0,0,0,4
2010,19,2010-08-07,S.C.G.,Sydney,Hawthorn,Hawthorn,Garry Moss,9,2,4,1,0,0,1
2010,19,2010-08-07,S.C.G.,Sydney,Hawthorn,Hawthorn,Tom Murphy,8,7,7,0,0,0,2
2010,19,2010-08-07,S.C.G.,Sydney,Hawthorn,Hawthorn,Michael Osborne,5,3,2,0,1,1,1
2010,19,2010-08-07,S.C.G.,Sydney,Hawthorn,Hawthorn,Brent Renouf,3,4,2,0,0,21,1
2010,19,2010-08-07,S.C.G.,Sydney,Hawthorn,Hawthorn,Jarryd Roughead,8,3,6,2,1,0,2
2010,19,2010-08-07,S.C.G.,Sydney,Hawthorn,Hawthorn,Brad Sewell,4,1,13,0,0,1,4
2010,19,2010-08-07,S.C.G.,Sydney,Hawthorn,Hawthorn,Ben Stratton,10,5,4,1,0,0,2
2010,19,2010-08-07,S.C.G.,Sydney,Hawthorn,Hawthorn,Matt Suckling,2,0,2,0,0,0,2
2010,19,2010-08-07,S.C.G.,Sydney,Hawthorn,Hawthorn,Simon Taylor,1,0,1,0,0,15,1
2010,19,2010-08-07,S.C.G.,Sydney,Hawthorn,Hawthorn,Clinton Young,4,2,1,0,0,0,5
2010,19,2010-08-07,M.C.G.,Geelong,Collingwood,Geelong,Gary Ablett,13,6,13,1,1,0,6
2010,19,2010-08-07,M.C.G.,Geelong,Collingwood,Geelong,Jimmy Bartel,7,3,11,0,1,2,6
2010,19,2010-08-07,M.C.G.,Geelong,Collingwood,Geelong,Shannon Byrnes,6,3,6,1,0,0,3
2010,19,2010-08-07,M.C.G.,Geelong,Collingwood,Geelong,Paul Chapman,15,5,8,1,1,0,5
2010,19,2010-08-07,M.C.G.,Geelong,Collingwood,Geelong,Joel Corey,7,4,12,1,0,2,5
2010,19,2010-08-07,M.C.G.,Geelong,Collingwood,Geelong,Corey Enright,16,7,8,0,0,0,4
2010,19,2010-08-07,M.C.G.,Geelong,Collingwood,Geelong,Tom Hawkins,0,1,6,0,0,9,6
2010,19,2010-08-07,M.C.G.,Geelong,Collingwood,Geelong,Josh Hunt,9,5,10,0,1,0,3
2010,19,2010-08-07,M.C.G.,Geelong,Collingwood,Geelong,Steve Johnson,10,4,7,2,2,0,1
2010,19,2010-08-07,M.C.G.,Geelong,Collingwood,Geelong,James Kelly,4,4,16,0,0,0,1
2010,19,2010-08-07,M.C.G.,Geelong,Collingwood,Geelong,Cameron Ling,4,3,17,0,0,0,10
2010,19,2010-08-07,M.C.G.,Geelong,Collingwood,Geelong,Tom Lonergan,4,3,9,0,0,0,2
2010,19,2010-08-07,M.C.G.,Geelong,Collingwood,Geelong,Andrew Mackie,11,5,6,0,0,0,4
2010,19,2010-08-07,M.C.G.,Geelong,Collingwood,Geelong,Darren Milburn,13,9,8,0,0,0,1
2010,19,2010-08-07,M.C.G.,Geelong,Collingwood,Geelong,Cameron Mooney,8,8,4,0,1,0,2
2010,19,2010-08-07,M.C.G.,Geelong,Collingwood,Geelong,Brad Ottens,1,4,9,0,0,30,3
2010,19,2010-08-07,M.C.G.,Geelong,Collingwood,Geelong,James Podsiadly,4,4,3,1,0,0,1
2010,19,2010-08-07,M.C.G.,Geelong,Collingwood,Geelong,Matthew Scarlett,11,3,4,0,0,0,6
2010,19,2010-08-07,M.C.G.,Geelong,Collingwood,Geelong,Joel Selwood,13,3,10,1,1,0,6
2010,19,2010-08-07,M.C.G.,Geelong,Collingwood,Geelong,Mathew Stokes,4,4,6,3,0,0,1
2010,19,2010-08-07,M.C.G.,Geelong,Collingwood,Geelong,Harry Taylor,9,6,7,0,0,0,3
2010,19,2010-08-07,M.C.G.,Geelong,Collingwood,Geelong,Travis Varcoe,12,5,5,1,1,0,6
2010,19,2010-08-07,M.C.G.,Geelong,Collingwood,Collingwood,Luke Ball,12,3,5,0,0,0,14
2010,19,2010-08-07,M.C.G.,Geelong,Collingwood,Collingwood,Dayne Beams,11,7,2,3,2,0,3
2010,19,2010-08-07,M.C.G.,Geelong,Collingwood,Collingwood,Leigh Brown,5,2,5,1,1,8,12
2010,19,2010-08-07,M.C.G.,Geelong,Collingwood,Collingwood,Travis Cloke,13,7,3,2,1,1,2
2010,19,2010-08-07,M.C.G.,Geelong,Collingwood,Collingwood,Leon Davis,7,1,0,0,2,0,3
2010,19,2010-08-07,M.C.G.,Geelong,Collingwood,Collingwood,Chris Dawes,6,3,10,0,0,0,0
2010,19,2010-08-07,M.C.G.,Geelong,Collingwood,Collingwood,Alan Didak,20,8,15,1,2,0,2
2010,19,2010-08-07,M.C.G.,Geelong,Collingwood,Collingwood,Tyson Goldsack,8,4,4,0,0,0,1
2010,19,2010-08-07,M.C.G.,Geelong,Collingwood,Collingwood,Ben Johnson,8,3,5,1,0,0,3
2010,19,2010-08-07,M.C.G.,Geelong,Collingwood,Collingwood,Darren Jolly,6,3,8,1,2,28,2
2010,19,2010-08-07,M.C.G.,Geelong,Collingwood,Collingwood,Heritier Lumumba,12,7,3,0,0,0,1
2010,19,2010-08-07,M.C.G.,Geelong,Collingwood,Collingwood,Brent Macaffer,12,5,10,1,3,0,8
2010,19,2010-08-07,M.C.G.,Geelong,Collingwood,Collingwood,Nick Maxwell,9,5,4,0,0,0,3
2010,19,2010-08-07,M.C.G.,Geelong,Collingwood,Collingwood,Scott Pendlebury,17,2,7,0,1,1,6
2010,19,2010-08-07,M.C.G.,Geelong,Collingwood,Collingwood,Simon Prestigiacomo,1,1,2,0,0,0,1
2010,19,2010-08-07,M.C.G.,Geelong,Collingwood,Collingwood,Ben Reid,0,1,1,0,0,0,0
2010,19,2010-08-07,M.C.G.,Geelong,Collingwood,Collingwood,Heath Shaw,16,6,6,0,0,0,4
2010,19,2010-08-07,M.C.G.,Geelong,Collingwood,Collingwood,Steele Sidebottom,7,3,8,0,0,1,7
2010,19,2010-08-07,M.C.G.,Geelong,Collingwood,Collingwood,Dane Swan,26,6,6,1,1,0,3
2010,19,2010-08-07,M.C.G.,Geelong,Collingwood,Collingwood,Dale Thomas,12,7,11,1,1,0,7
2010,19,2010-08-07,M.C.G.,Geelong,Collingwood,Collingwood,Alan Toovey,4,2,8,0,0,0,3
2010,19,2010-08-07,M.C.G.,Geelong,Collingwood,Collingwood,Sharrod Wellingham,15,6,8,2,2,1,5
2010,19,2010-08-07,Subiaco,West Coast,Brisbane Lions,West Coast,Mitch Brown,5,3,10,0,0,0,1
2010,19,2010-08-07,Subiaco,West Coast,Brisbane Lions,West Coast,Dean Cox,9,7,13,0,1,9,1
2010,19,2010-08-07,Subiaco,West Coast,Brisbane Lions,West Coast,Brad Ebert,7,3,3,0,0,0,2
2010,19,2010-08-07,Subiaco,West Coast,Brisbane Lions,West Coast,Andrew Embley,13,7,6,1,0,0,2
2010,19,2010-08-07,Subiaco,West Coast,Brisbane Lions,West Coast,Brett Jones,9,3,4,0,0,0,1
2010,19,2010-08-07,Subiaco,West Coast,Brisbane Lions,West Coast,Josh Kennedy,7,4,3,0,2,0,3
2010,19,2010-08-07,Subiaco,West Coast,Brisbane Lions,West Coast,Mark LeCras,5,2,3,2,0,0,6
2010,19,2010-08-07,Subiaco,West Coast,Brisbane Lions,West Coast,Quinten Lynch,8,4,8,1,1,5,1
2010,19,2010-08-07,Subiaco,West Coast,Brisbane Lions,West Coast,Patrick McGinnity,10,3,9,0,1,0,5
2010,19,2010-08-07,Subiaco,West Coast,Brisbane Lions,West Coast,Ben McKinley,4,2,5,0,0,0,3
2010,19,2010-08-07,Subiaco,West Coast,Brisbane Lions,West Coast,Nic Naitanui,5,1,8,0,0,11,3
2010,19,2010-08-07,Subiaco,West Coast,Brisbane Lions,West Coast,Matt Priddis,9,2,17,1,0,0,5
2010,19,2010-08-07,Subiaco,West Coast,Brisbane Lions,West Coast,Matt Rosa,7,3,9,0,0,0,4
2010,19,2010-08-07,Subiaco,West Coast,Brisbane Lions,West Coast,Will Schofield,5,1,4,0,0,0,2
2010,19,2010-08-07,Subiaco,West Coast,Brisbane Lions,West Coast,Scott Selwood,14,8,14,1,0,0,8
2010,19,2010-08-07,Subiaco,West Coast,Brisbane Lions,West Coast,Brad Sheppard,8,2,7,1,1,0,3
2010,19,2010-08-07,Subiaco,West Coast,Brisbane Lions,West Coast,Ashley Smith,17,6,6,0,0,0,0
2010,19,2010-08-07,Subiaco,West Coast,Brisbane Lions,West Coast,Matthew Spangher,12,5,6,0,0,0,3
2010,19,2010-08-07,Subiaco,West Coast,Brisbane Lions,West Coast,Koby Stevens,7,5,7,1,0,0,4
2010,19,2010-08-07,Subiaco,West Coast,Brisbane Lions,West Coast,Lewis Stevenson,6,2,5,0,1,0,0
2010,19,2010-08-07,Subiaco,West Coast,Brisbane Lions,West Coast,Andrew Strijk,14,4,6,1,1,0,1
2010,19,2010-08-07,Subiaco,West Coast,Brisbane Lions,West Coast,Tom Swift,7,3,11,0,0,0,6
2010,19,2010-08-07,Subiaco,West Coast,Brisbane Lions,Brisbane Lions,Jed Adcock,10,6,7,0,0,0,3
2010,19,2010-08-07,Subiaco,West Coast,Brisbane Lions,Brisbane Lions,Todd Banfield,5,0,2,1,1,0,4
2010,19,2010-08-07,Subiaco,West Coast,Brisbane Lions,Brisbane Lions,Simon Black,14,7,13,0,0,0,0
2010,19,2010-08-07,Subiaco,West Coast,Brisbane Lions,Brisbane Lions,Jared Brennan,19,8,6,1,2,1,2
2010,19,2010-08-07,Subiaco,West Coast,Brisbane Lions,Brisbane Lions,Jonathan Brown,11,10,4,5,0,0,2
2010,19,2010-08-07,Subiaco,West Coast,Brisbane Lions,Brisbane Lions,Mitch Clark,11,9,8,0,1,11,1
2010,19,2010-08-07,Subiaco,West Coast,Brisbane Lions,Brisbane Lions,Aaron Cornelius,4,1,1,0,1,0,0
2010,19,2010-08-07,Subiaco,West Coast,Brisbane Lions,Brisbane Lions,Pearce Hanley,8,5,9,1,0,0,3
2010,19,2010-08-07,Subiaco,West Coast,Brisbane Lions,Brisbane Lions,Ryan Harwood,5,3,11,1,0,0,1
2010,19,2010-08-07,Subiaco,West Coast,Brisbane Lions,Brisbane Lions,Matthew Leuenberger,7,3,6,0,0,21,5
2010,19,2010-08-07,Subiaco,West Coast,Brisbane Lions,Brisbane Lions,Matt Maguire,6,2,4,0,0,2,4
2010,19,2010-08-07,Subiaco,West Coast,Brisbane Lions,Brisbane Lions,Ashley McGrath,17,5,7,0,1,0,3
2010,19,2010-08-07,Subiaco,West Coast,Brisbane Lions,Brisbane Lions,Daniel Merrett,13,10,4,0,0,0,2
2010,19,2010-08-07,Subiaco,West Coast,Brisbane Lions,Brisbane Lions,Joel Patfull,7,3,5,0,0,0,12
2010,19,2010-08-07,Subiaco,West Coast,Brisbane Lions,Brisbane Lions,Luke Power,10,2,10,0,0,0,4
2010,19,2010-08-07,Subiaco,West Coast,Brisbane Lions,Brisbane Lions,Albert Proud,4,2,5,0,0,0,1
2010,19,2010-08-07,Subiaco,West Coast,Brisbane Lions,Brisbane Lions,Jack Redden,13,7,14,0,0,0,5
2010,19,2010-08-07,Subiaco,West Coast,Brisbane Lions,Brisbane Lions,Daniel Rich,8,2,8,0,1,0,6
2010,19,2010-08-07,Subiaco,West Coast,Brisbane Lions,Brisbane Lions,Michael Rischitelli,15,6,14,0,0,0,6
2010,19,2010-08-07,Subiaco,West Coast,Brisbane Lions,Brisbane Lions,Tom Rockliff,9,4,8,1,0,0,1
2010,19,2010-08-07,Subiaco,West Coast,Brisbane Lions,Brisbane Lions,Brent Staker,13,10,5,0,1,0,4
2010,19,2010-08-07,Subiaco,West Coast,Brisbane Lions,Brisbane Lions,Cheynee Stiller,8,8,6,0,0,0,4
2010,19,2010-08-08,Docklands,St Kilda,Port Adelaide,St Kilda,Jason Blake,8,8,13,0,0,1,2
2010,19,2010-08-08,Docklands,St Kilda,Port Adelaide,St Kilda,Nick Dal Santo,14,4,12,0,0,0,3
2010,19,2010-08-08,Docklands,St Kilda,Port Adelaide,St Kilda,Sean Dempster,8,8,5,0,1,0,3
2010,19,2010-08-08,Docklands,St Kilda,Port Adelaide,St Kilda,Robert Eddy,7,5,13,1,1,0,5
2010,19,2010-08-08,Docklands,St Kilda,Port Adelaide,St Kilda,Sam Fisher,14,5,15,1,0,0,5
2010,19,2010-08-08,Docklands,St Kilda,Port Adelaide,St Kilda,Michael Gardiner,5,6,5,0,1,13,1
2010,19,2010-08-08,Docklands,St Kilda,Port Adelaide,St Kilda,Jarryn Geary,9,8,15,0,0,0,0
2010,19,2010-08-08,Docklands,St Kilda,Port Adelaide,St Kilda,Sam Gilbert,14,8,7,0,1,0,7
2010,19,2010-08-08,Docklands,St Kilda,Port Adelaide,St Kilda,Brendon Goddard,15,7,19,1,0,0,1
2010,19,2010-08-08,Docklands,St Kilda,Port Adelaide,St Kilda,Jason Gram,10,2,11,1,0,0,1
2010,19,2010-08-08,Docklands,St Kilda,Port Adelaide,St Kilda,James Gwilt,19,5,6,0,0,0,1
2010,19,2010-08-08,Docklands,St Kilda,Port Adelaide,St Kilda,Lenny Hayes,18,7,16,2,0,0,3
2010,19,2010-08-08,Docklands,St Kilda,Port Adelaide,St Kilda,Clinton Jones,13,9,15,1,1,0,1
2010,19,2010-08-08,Docklands,St Kilda,Port Adelaide,St Kilda,Justin Koschitzke,3,3,3,1,0,4,0
2010,19,2010-08-08,Docklands,St Kilda,Port Adelaide,St Kilda,Ben McEvoy,6,5,5,2,0,18,2
2010,19,2010-08-08,Docklands,St Kilda,Port Adelaide,St Kilda,Andrew McQualter,5,7,17,0,0,0,7
2010,19,2010-08-08,Docklands,St Kilda,Port Adelaide,St Kilda,Stephen Milne,13,8,6,4,2,0,1
2010,19,2010-08-08,Docklands,St Kilda,Port Adelaide,St Kilda,Leigh Montagna,13,2,17,1,0,0,5
2010,19,2010-08-08,Docklands,St Kilda,Port Adelaide,St Kilda,Brett Peake,12,8,11,0,1,0,7
2010,19,2010-08-08,Docklands,St Kilda,Port Adelaide,St Kilda,Farren Ray,13,5,9,1,0,0,4
2010,19,2010-08-08,Docklands,St Kilda,Port Adelaide,St Kilda,Nick Riewoldt,14,14,5,4,0,1,1
2010,19,2010-08-08,Docklands,St Kilda,Port Adelaide,St Kilda,Adam Schneider,20,13,10,3,3,0,5
2010,19,2010-08-08,Docklands,St Kilda,Port Adelaide,Port Adelaide,Mitchell Banner,5,3,5,0,0,0,1
2010,19,2010-08-08,Docklands,St Kilda,Port Adelaide,Port Adelaide,Travis Boak,12,2,12,0,1,0,4
2010,19,2010-08-08,Docklands,St Kilda,Port Adelaide,Port Adelaide,Matthew Broadbent,7,4,5,0,1,0,1
2010,19,2010-08-08,Docklands,St Kilda,Port Adelaide,Port Adelaide,Dean Brogan,6,3,6,0,0,21,2
2010,19,2010-08-08,Docklands,St Kilda,Port Adelaide,Port Adelaide,Alipate Carlile,5,3,4,0,0,0,0
2010,19,2010-08-08,Docklands,St Kilda,Port Adelaide,Port Adelaide,Domenic Cassisi,11,1,11,0,1,1,5
2010,19,2010-08-08,Docklands,St Kilda,Port Adelaide,Port Adelaide,Troy Chaplin,16,6,9,0,0,0,4
2010,19,2010-08-08,Docklands,St Kilda,Port Adelaide,Port Adelaide,Kane Cornes,11,3,14,0,0,0,3
2010,19,2010-08-08,Docklands,St Kilda,Port Adelaide,Port Adelaide,Brett Ebert,8,4,1,0,3,0,1
2010,19,2010-08-08,Docklands,St Kilda,Port Adelaide,Port Adelaide,Robbie Gray,4,4,10,2,0,0,1
2010,19,2010-08-08,Docklands,St Kilda,Port Adelaide,Port Adelaide,Cameron Hitchcock,8,6,3,1,0,0,1
2010,19,2010-08-08,Docklands,St Kilda,Port Adelaide,Port Adelaide,Nathan Krakouer,5,2,6,0,0,0,1
2010,19,2010-08-08,Docklands,St Kilda,Port Adelaide,Port Adelaide,Tom Logan,9,7,12,1,0,0,1
2010,19,2010-08-08,Docklands,St Kilda,Port Adelaide,Port Adelaide,Danny Meyer,6,3,5,0,0,0,6
2010,19,2010-08-08,Docklands,St Kilda,Port Adelaide,Port Adelaide,Andrew Moore,7,5,8,0,0,0,1
2010,19,2010-08-08,Docklands,St Kilda,Port Adelaide,Port Adelaide,Danyle Pearce,6,0,4,0,0,0,2
2010,19,2010-08-08,Docklands,St Kilda,Port Adelaide,Port Adelaide,David Rodan,3,0,9,0,0,0,1
2010,19,2010-08-08,Docklands,St Kilda,Port Adelaide,Port Adelaide,Jay Schulz,3,2,4,2,1,0,0
2010,19,2010-08-08,Docklands,St Kilda,Port Adelaide,Port Adelaide,Daniel Stewart,5,3,2,1,1,1,2
2010,19,2010-08-08,Docklands,St Kilda,Port Adelaide,Port Adelaide,Matt Thomas,1,1,7,0,0,0,2
2010,19,2010-08-08,Docklands,St Kilda,Port Adelaide,Port Adelaide,Jackson Trengove,10,5,9,0,0,0,4
2010,19,2010-08-08,Docklands,St Kilda,Port Adelaide,Port Adelaide,Justin Westhoff,7,2,3,1,0,0,0
2010,19,2010-08-08,M.C.G.,Melbourne,Richmond,Melbourne,Rohan Bail,8,5,9,0,0,0,2
2010,19,2010-08-08,M.C.G.,Melbourne,Richmond,Melbourne,Clint Bartram,5,1,8,0,0,0,4
2010,19,2010-08-08,M.C.G.,Melbourne,Richmond,Melbourne,Jamie Bennell,5,2,5,0,0,0,1
2010,19,2010-08-08,M.C.G.,Melbourne,Richmond,Melbourne,Cameron Bruce,10,3,15,0,1,0,5
2010,19,2010-08-08,M.C.G.,Melbourne,Richmond,Melbourne,Aaron Davey,19,3,5,0,0,0,3
2010,19,2010-08-08,M.C.G.,Melbourne,Richmond,Melbourne,Lynden Dunn,10,4,3,5,1,1,3
2010,19,2010-08-08,M.C.G.,Melbourne,Richmond,Melbourne,James Frawley,13,6,3,0,0,0,2
2010,19,2010-08-08,M.C.G.,Melbourne,Richmond,Melbourne,Colin Garland,10,2,7,0,0,0,2
2010,19,2010-08-08,M.C.G.,Melbourne,Richmond,Melbourne,Brad Green,13,9,5,3,3,0,0
2010,19,2010-08-08,M.C.G.,Melbourne,Richmond,Melbourne,Mark Jamar,2,0,3,1,0,29,0
2010,19,2010-08-08,M.C.G.,Melbourne,Richmond,Melbourne,Paul Johnson,9,3,2,0,1,9,1
2010,19,2010-08-08,M.C.G.,Melbourne,Richmond,Melbourne,Nathan Jones,13,5,12,1,0,0,2
2010,19,2010-08-08,M.C.G.,Melbourne,Richmond,Melbourne,Liam Jurrah,10,8,7,4,4,0,2
2010,19,2010-08-08,M.C.G.,Melbourne,Richmond,Melbourne,Joel Macdonald,8,9,7,0,0,0,4
2010,19,2010-08-08,M.C.G.,Melbourne,Richmond,Melbourne,James McDonald,8,2,11,0,0,0,3
2010,19,2010-08-08,M.C.G.,Melbourne,Richmond,Melbourne,Jordie McKenzie,3,0,13,0,0,0,7
2010,19,2010-08-08,M.C.G.,Melbourne,Richmond,Melbourne,Jared Rivers,8,5,5,0,0,0,3
2010,19,2010-08-08,M.C.G.,Melbourne,Richmond,Melbourne,Tom Scully,10,4,15,0,0,0,4
2010,19,2010-08-08,M.C.G.,Melbourne,Richmond,Melbourne,Colin Sylvia,10,2,11,0,0,2,6
2010,19,2010-08-08,M.C.G.,Melbourne,Richmond,Melbourne,Jack Trengove,8,3,8,0,1,0,6
2010,19,2010-08-08,M.C.G.,Melbourne,Richmond,Melbourne,Jack Watts,11,8,2,1,0,1,0
2010,19,2010-08-08,M.C.G.,Melbourne,Richmond,Melbourne,Austin Wonaeamirri,5,4,6,1,1,0,5
2010,19,2010-08-08,M.C.G.,Melbourne,Richmond,Richmond,David Astbury,7,4,7,0,0,0,0
2010,19,2010-08-08,M.C.G.,Melbourne,Richmond,Richmond,Andrew Browne,2,3,9,0,0,11,0
2010,19,2010-08-08,M.C.G.,Melbourne,Richmond,Richmond,Daniel Connors,16,6,7,0,0,0,3
2010,19,2010-08-08,M.C.G.,Melbourne,Richmond,Richmond,Ben Cousins,16,7,10,2,0,0,2
2010,19,2010-08-08,M.C.G.,Melbourne,Richmond,Richmond,Brett Deledio,8,3,10,0,0,0,1
2010,19,2010-08-08,M.C.G.,Melbourne,Richmond,Richmond,Shane Edwards,8,5,6,0,2,0,5
2010,19,2010-08-08,M.C.G.,Melbourne,Richmond,Richmond,Mitch Farmer,10,6,4,0,0,0,1
2010,19,2010-08-08,M.C.G.,Melbourne,Richmond,Richmond,Angus Graham,5,2,2,2,1,12,2
2010,19,2010-08-08,M.C.G.,Melbourne,Richmond,Richmond,Robert Hicks,7,3,0,0,2,0,3
2010,19,2010-08-08,M.C.G.,Melbourne,Richmond,Richmond,Daniel Jackson,18,4,14,0,1,1,6
2010,19,2010-08-08,M.C.G.,Melbourne,Richmond,Richmond,Jake King,6,2,6,2,0,0,5
2010,19,2010-08-08,M.C.G.,Melbourne,Richmond,Richmond,Dustin Martin,13,4,6,0,1,0,3
2010,19,2010-08-08,M.C.G.,Melbourne,Richmond,Richmond,Luke McGuane,1,1,4,0,0,0,1
2010,19,2010-08-08,M.C.G.,Melbourne,Richmond,Richmond,Kelvin Moore,11,11,9,0,0,0,3
2010,19,2010-08-08,M.C.G.,Melbourne,Richmond,Richmond,Mitch Morton,9,4,14,2,0,1,6
2010,19,2010-08-08,M.C.G.,Melbourne,Richmond,Richmond,Ben Nason,3,1,6,0,0,0,1
2010,19,2010-08-08,M.C.G.,Melbourne,Richmond,Richmond,Chris Newman,16,3,9,0,1,0,1
2010,19,2010-08-08,M.C.G.,Melbourne,Richmond,Richmond,Jack Riewoldt,6,3,4,1,2,0,1
2010,19,2010-08-08,M.C.G.,Melbourne,Richmond,Richmond,Will Thursfield,5,4,4,0,2,0,0
2010,19,2010-08-08,M.C.G.,Melbourne,Richmond,Richmond,Shane Tuck,7,5,7,0,0,0,4
2010,19,2010-08-08,M.C.G.,Melbourne,Richmond,Richmond,Jeromey Webberley,5,5,5,0,0,0,1
2010,19,2010-08-08,M.C.G.,Melbourne,Richmond,Richmond,Matt White,10,4,4,2,0,0,4
2010,19,2010-08-08,Football Park,Adelaide,Western Bulldogs,Adelaide,Nathan Bock,25,11,6,0,0,0,1
2010,19,2010-08-08,Football Park,Adelaide,Western Bulldogs,Adelaide,Michael Doughty,14,6,9,0,0,0,3
2010,19,2010-08-08,Football Park,Adelaide,Western Bulldogs,Adelaide,Richard Douglas,10,5,10,1,1,1,2
2010,19,2010-08-08,Football Park,Adelaide,Western Bulldogs,Adelaide,Jonathon Griffin,2,4,6,0,0,7,0
2010,19,2010-08-08,Football Park,Adelaide,Western Bulldogs,Adelaide,Ricky Henderson,8,7,1,0,1,0,4
2010,19,2010-08-08,Football Park,Adelaide,Western Bulldogs,Adelaide,Graham Johncock,14,8,14,0,0,0,5
2010,19,2010-08-08,Football Park,Adelaide,Western Bulldogs,Adelaide,Chris Knights,10,7,7,0,1,0,6
2010,19,2010-08-08,Football Park,Adelaide,Western Bulldogs,Adelaide,David Mackay,12,5,8,0,0,1,2
2010,19,2010-08-08,Football Park,Adelaide,Western Bulldogs,Adelaide,Ivan Maric,0,2,7,0,0,11,2
2010,19,2010-08-08,Football Park,Adelaide,Western Bulldogs,Adelaide,Brodie Martin,7,2,6,0,0,0,6
2010,19,2010-08-08,Football Park,Adelaide,Western Bulldogs,Adelaide,Jason Porplyzia,13,5,6,2,0,0,3
2010,19,2010-08-08,Football Park,Adelaide,Western Bulldogs,Adelaide,Brent Reilly,11,3,4,0,1,0,9
2010,19,2010-08-08,Football Park,Adelaide,Western Bulldogs,Adelaide,Ben Rutten,3,1,8,0,0,0,1
2010,19,2010-08-08,Football Park,Adelaide,Western Bulldogs,Adelaide,Chris Schmidt,13,5,11,0,0,0,3
2010,19,2010-08-08,Football Park,Adelaide,Western Bulldogs,Adelaide,Rory Sloane,5,2,13,0,0,1,6
2010,19,2010-08-08,Football Park,Adelaide,Western Bulldogs,Adelaide,Scott Stevens,13,5,7,1,1,0,4
2010,19,2010-08-08,Football Park,Adelaide,Western Bulldogs,Adelaide,Brad Symes,10,6,14,0,0,3,11
2010,19,2010-08-08,Football Park,Adelaide,Western Bulldogs,Adelaide,Scott Thompson,20,5,13,1,0,0,7
2010,19,2010-08-08,Football Park,Adelaide,Western Bulldogs,Adelaide,Kurt Tippett,4,2,3,1,1,11,3
2010,19,2010-08-08,Football Park,Adelaide,Western Bulldogs,Adelaide,Nathan van Berlo,7,5,14,1,1,0,2
2010,19,2010-08-08,Football Park,Adelaide,Western Bulldogs,Adelaide,Bernie Vince,21,8,9,0,0,1,2
2010,19,2010-08-08,Football Park,Adelaide,Western Bulldogs,Adelaide,Taylor Walker,5,2,4,0,1,0,1
2010,19,2010-08-08,Football Park,Adelaide,Western Bulldogs,Western Bulldogs,Matthew Boyd,11,1,11,0,0,1,6
2010,19,2010-08-08,Football Park,Adelaide,Western Bulldogs,Western Bulldogs,Adam Cooney,10,2,11,0,2,0,4
2010,19,2010-08-08,Football Park,Adelaide,Western Bulldogs,Western Bulldogs,Daniel Cross,12,2,13,0,0,5,3
2010,19,2010-08-08,Football Park,Adelaide,Western Bulldogs,Western Bulldogs,Nathan Eagleton,17,6,9,1,1,0,3
2010,19,2010-08-08,Football Park,Adelaide,Western Bulldogs,Western Bulldogs,Andrejs Everitt,8,5,12,0,1,1,4
2010,19,2010-08-08,Football Park,Adelaide,Western Bulldogs,Western Bulldogs,Daniel Giansiracusa,25,9,5,1,1,0,6
2010,19,2010-08-08,Football Park,Adelaide,Western Bulldogs,Western Bulldogs,Lindsay Gilbee,9,0,4,0,0,0,2
2010,19,2010-08-08,Football Park,Adelaide,Western Bulldogs,Western Bulldogs,Jarrad Grant,7,3,9,1,0,0,1
2010,19,2010-08-08,Football Park,Adelaide,Western Bulldogs,Western Bulldogs,Ryan Griffen,15,4,7,1,0,0,6
2010,19,2010-08-08,Football Park,Adelaide,Western Bulldogs,Western Bulldogs,Barry Hall,4,2,2,0,1,0,3
2010,19,2010-08-08,Football Park,Adelaide,Western Bulldogs,Western Bulldogs,Ryan Hargrave,19,6,8,0,0,0,1
2010,19,2010-08-08,Football Park,Adelaide,Western Bulldogs,Western Bulldogs,Josh Hill,5,3,1,1,1,0,5
2010,19,2010-08-08,Football Park,Adelaide,Western Bulldogs,Western Bulldogs,Ben Hudson,5,4,14,0,0,23,3
2010,19,2010-08-08,Football Park,Adelaide,Western Bulldogs,Western Bulldogs,Brad Johnson,15,9,3,1,3,0,0
2010,19,2010-08-08,Football Park,Adelaide,Western Bulldogs,Western Bulldogs,Liam Jones,9,4,1,2,0,0,4
2010,19,2010-08-08,Football Park,Adelaide,Western Bulldogs,Western Bulldogs,Brian Lake,15,7,7,0,0,0,2
2010,19,2010-08-08,Football Park,Adelaide,Western Bulldogs,Western Bulldogs,Brodie Moles,8,2,10,0,0,0,3
2010,19,2010-08-08,Football Park,Adelaide,Western Bulldogs,Western Bulldogs,Dale Morris,5,1,5,0,0,0,2
2010,19,2010-08-08,Football Park,Adelaide,Western Bulldogs,Western Bulldogs,Liam Picken,6,1,5,0,0,0,4
2010,19,2010-08-08,Football Park,Adelaide,Western Bulldogs,Western Bulldogs,Jordan Roughead,3,2,3,0,0,12,3
2010,19,2010-08-08,Football Park,Adelaide,Western Bulldogs,Western Bulldogs,Tom Williams,7,4,6,0,0,0,0
2010,19,2010-08-08,Football Park,Adelaide,Western Bulldogs,Western Bulldogs,Easton Wood,4,1,3,0,0,0,5
2010,20,2010-08-13,M.C.G.,Essendon,Collingwood,Essendon,Jake Carlisle,3,4,5,1,0,0,0
2010,20,2010-08-13,M.C.G.,Essendon,Collingwood,Essendon,Travis Colyer,7,2,12,1,0,0,2
2010,20,2010-08-13,M.C.G.,Essendon,Collingwood,Essendon,Stewart Crameri,3,2,14,0,0,0,1
2010,20,2010-08-13,M.C.G.,Essendon,Collingwood,Essendon,Courtenay Dempsey,9,3,6,1,1,0,2
2010,20,2010-08-13,M.C.G.,Essendon,Collingwood,Essendon,Ricky Dyson,8,0,7,0,0,0,0
2010,20,2010-08-13,M.C.G.,Essendon,Collingwood,Essendon,Kyle Hardingham,1,1,4,0,0,0,1
2010,20,2010-08-13,M.C.G.,Essendon,Collingwood,Essendon,David Hille,10,3,7,1,1,15,0
2010,20,2010-08-13,M.C.G.,Essendon,Collingwood,Essendon,Heath Hocking,7,2,5,0,0,0,2
2010,20,2010-08-13,M.C.G.,Essendon,Collingwood,Essendon,Cale Hooker,4,4,7,0,0,0,1
2010,20,2010-08-13,M.C.G.,Essendon,Collingwood,Essendon,Ben Howlett,11,3,9,0,0,0,3
2010,20,2010-08-13,M.C.G.,Essendon,Collingwood,Essendon,Michael Hurley,8,7,11,0,0,0,1
2010,20,2010-08-13,M.C.G.,Essendon,Collingwood,Essendon,Sam Lonergan,8,0,5,0,0,0,12
2010,20,2010-08-13,M.C.G.,Essendon,Collingwood,Essendon,Mark McVeigh,8,4,4,0,0,0,2
2010,20,2010-08-13,M.C.G.,Essendon,Collingwood,Essendon,Jake Melksham,9,4,6,2,0,0,1
2010,20,2010-08-13,M.C.G.,Essendon,Collingwood,Essendon,Angus Monfries,7,6,8,2,0,0,1
2010,20,2010-08-13,M.C.G.,Essendon,Collingwood,Essendon,Jay Neagle,4,3,3,1,1,0,1
2010,20,2010-08-13,M.C.G.,Essendon,Collingwood,Essendon,Kyle Reimers,11,2,5,0,1,0,1
2010,20,2010-08-13,M.C.G.,Essendon,Collingwood,Essendon,Paddy Ryder,7,5,4,1,0,26,3
2010,20,2010-08-13,M.C.G.,Essendon,Collingwood,Essendon,Henry Slattery,4,4,8,0,0,0,4
2010,20,2010-08-13,M.C.G.,Essendon,Collingwood,Essendon,Brent Stanton,13,3,12,0,0,0,3
2010,20,2010-08-13,M.C.G.,Essendon,Collingwood,Essendon,Jobe Watson,2,3,28,0,0,0,3
2010,20,2010-08-13,M.C.G.,Essendon,Collingwood,Essendon,David Zaharakis,5,1,5,0,0,0,0
2010,20,2010-08-13,M.C.G.,Essendon,Collingwood,Collingwood,Dayne Beams,12,2,17,1,2,0,4
2010,20,2010-08-13,M.C.G.,Essendon,Collingwood,Collingwood,Jarryd Blair,10,6,18,2,0,0,4
2010,20,2010-08-13,M.C.G.,Essendon,Collingwood,Collingwood,Leigh Brown,10,6,6,3,1,5,2
2010,20,2010-08-13,M.C.G.,Essendon,Collingwood,Collingwood,Nathan Brown,4,4,13,0,0,0,1
2010,20,2010-08-13,M.C.G.,Essendon,Collingwood,Collingwood,Travis Cloke,21,16,1,5,5,0,3
2010,20,2010-08-13,M.C.G.,Essendon,Collingwood,Collingwood,Chris Dawes,12,10,8,2,2,1,1
2010,20,2010-08-13,M.C.G.,Essendon,Collingwood,Collingwood,Alan Didak,13,5,9,2,1,0,2
2010,20,2010-08-13,M.C.G.,Essendon,Collingwood,Collingwood,Ben Johnson,16,4,7,0,0,0,6
2010,20,2010-08-13,M.C.G.,Essendon,Collingwood,Collingwood,Darren Jolly,7,8,6,2,1,23,2
2010,20,2010-08-13,M.C.G.,Essendon,Collingwood,Collingwood,Tarkyn Lockyer,3,0,3,0,0,0,5
2010,20,2010-08-13,M.C.G.,Essendon,Collingwood,Collingwood,Heritier Lumumba,10,4,6,0,0,0,3
2010,20,2010-08-13,M.C.G.,Essendon,Collingwood,Collingwood,Brent Macaffer,14,5,5,3,1,0,4
2010,20,2010-08-13,M.C.G.,Essendon,Collingwood,Collingwood,Nick Maxwell,1,0,3,0,0,0,2
2010,20,2010-08-13,M.C.G.,Essendon,Collingwood,Collingwood,Paul Medhurst,6,3,4,0,1,0,4
2010,20,2010-08-13,M.C.G.,Essendon,Collingwood,Collingwood,Scott Pendlebury,15,10,17,0,0,0,6
2010,20,2010-08-13,M.C.G.,Essendon,Collingwood,Collingwood,Simon Prestigiacomo,2,4,9,0,0,0,0
2010,20,2010-08-13,M.C.G.,Essendon,Collingwood,Collingwood,Heath Shaw,11,3,6,1,0,0,4
2010,20,2010-08-13,M.C.G.,Essendon,Collingwood,Collingwood,Steele Sidebottom,12,10,10,0,0,0,3
2010,20,2010-08-13,M.C.G.,Essendon,Collingwood,Collingwood,Dane Swan,15,5,16,2,0,0,3
2010,20,2010-08-13,M.C.G.,Essendon,Collingwood,Collingwood,Dale Thomas,14,7,8,1,0,0,3
2010,20,2010-08-13,M.C.G.,Essendon,Collingwood,Collingwood,Alan Toovey,6,3,7,0,0,0,3
2010,20,2010-08-13,M.C.G.,Essendon,Collingwood,Collingwood,Sharrod Wellingham,17,3,3,0,1,0,8
2010,20,2010-08-14,M.C.G.,Carlton,Richmond,Carlton,Dennis Armfield,5,1,13,0,0,0,0
2010,20,2010-08-14,M.C.G.,Carlton,Richmond,Carlton,Eddie Betts,9,3,7,2,2,0,6
2010,20,2010-08-14,M.C.G.,Carlton,Richmond,Carlton,Paul Bower,4,6,13,0,0,0,2
2010,20,2010-08-14,M.C.G.,Carlton,Richmond,Carlton,Andrew Carrazzo,11,4,12,0,1,0,4
2010,20,2010-08-14,M.C.G.,Carlton,Richmond,Carlton,Marcus Davies,6,2,5,0,1,0,1
2010,20,2010-08-14,M.C.G.,Carlton,Richmond,Carlton,David Ellard,6,3,6,0,0,0,4
2010,20,2010-08-14,M.C.G.,Carlton,Richmond,Carlton,Jeff Garlett,10,6,7,4,2,0,3
2010,20,2010-08-14,M.C.G.,Carlton,Richmond,Carlton,Bryce Gibbs,11,6,12,0,0,0,1
2010,20,2010-08-14,M.C.G.,Carlton,Richmond,Carlton,Shaun Grigg,8,1,12,1,1,1,4
2010,20,2010-08-14,M.C.G.,Carlton,Richmond,Carlton,Richard Hadley,8,1,9,1,1,0,7
2010,20,2010-08-14,M.C.G.,Carlton,Richmond,Carlton,Shaun Hampson,4,3,2,0,1,21,2
2010,20,2010-08-14,M.C.G.,Carlton,Richmond,Carlton,Lachie Henderson,11,10,6,3,2,0,3
2010,20,2010-08-14,M.C.G.,Carlton,Richmond,Carlton,Michael Jamison,5,3,6,0,0,0,2
2010,20,2010-08-14,M.C.G.,Carlton,Richmond,Carlton,Aaron Joseph,5,1,7,0,0,0,0
2010,20,2010-08-14,M.C.G.,Carlton,Richmond,Carlton,Chris Judd,14,1,16,1,0,0,9
2010,20,2010-08-14,M.C.G.,Carlton,Richmond,Carlton,Marc Murphy,8,3,17,2,1,0,3
2010,20,2010-08-14,M.C.G.,Carlton,Richmond,Carlton,Mitch Robinson,11,3,4,1,1,0,3
2010,20,2010-08-14,M.C.G.,Carlton,Richmond,Carlton,Jordan Russell,9,0,10,1,0,0,4
2010,20,2010-08-14,M.C.G.,Carlton,Richmond,Carlton,Heath Scotland,17,2,12,2,1,0,2
2010,20,2010-08-14,M.C.G.,Carlton,Richmond,Carlton,Kade Simpson,11,5,15,0,0,1,0
2010,20,2010-08-14,M.C.G.,Carlton,Richmond,Carlton,Jarrad Waite,12,9,7,4,2,0,2
2010,20,2010-08-14,M.C.G.,Carlton,Richmond,Carlton,Robert Warnock,8,3,7,1,0,18,2
2010,20,2010-08-14,M.C.G.,Carlton,Richmond,Richmond,David Astbury,9,5,7,0,0,0,2
2010,20,2010-08-14,M.C.G.,Carlton,Richmond,Richmond,Andrew Browne,0,1,3,0,0,5,1
2010,20,2010-08-14,M.C.G.,Carlton,Richmond,Richmond,Andrew Collins,5,2,5,1,0,0,4
2010,20,2010-08-14,M.C.G.,Carlton,Richmond,Richmond,Daniel Connors,17,9,9,0,0,0,5
2010,20,2010-08-14,M.C.G.,Carlton,Richmond,Richmond,Ben Cousins,12,5,14,1,1,0,0
2010,20,2010-08-14,M.C.G.,Carlton,Richmond,Richmond,Brett Deledio,9,4,12,0,0,0,2
2010,20,2010-08-14,M.C.G.,Carlton,Richmond,Richmond,Shane Edwards,11,4,11,0,0,0,2
2010,20,2010-08-14,M.C.G.,Carlton,Richmond,Richmond,David Gourdis,7,9,9,0,0,0,1
2010,20,2010-08-14,M.C.G.,Carlton,Richmond,Richmond,Angus Graham,4,2,4,1,0,20,3
2010,20,2010-08-14,M.C.G.,Carlton,Richmond,Richmond,Robert Hicks,1,1,3,0,0,0,1
2010,20,2010-08-14,M.C.G.,Carlton,Richmond,Richmond,Daniel Jackson,7,0,9,1,0,0,4
2010,20,2010-08-14,M.C.G.,Carlton,Richmond,Richmond,Jake King,5,2,6,1,0,0,2
2010,20,2010-08-14,M.C.G.,Carlton,Richmond,Richmond,Dustin Martin,12,4,6,1,1,1,5
2010,20,2010-08-14,M.C.G.,Carlton,Richmond,Richmond,Kelvin Moore,9,8,6,0,0,0,1
2010,20,2010-08-14,M.C.G.,Carlton,Richmond,Richmond,Mitch Morton,15,5,11,0,1,0,5
2010,20,2010-08-14,M.C.G.,Carlton,Richmond,Richmond,Ben Nason,11,6,5,1,0,0,2
2010,20,2010-08-14,M.C.G.,Carlton,Richmond,Richmond,Chris Newman,8,3,4,0,0,0,3
2010,20,2010-08-14,M.C.G.,Carlton,Richmond,Richmond,Jamie OReilly,6,5,5,0,0,0,0
2010,20,2010-08-14,M.C.G.,Carlton,Richmond,Richmond,Jayden Post,6,7,7,1,0,1,1
2010,20,2010-08-14,M.C.G.,Carlton,Richmond,Richmond,Jack Riewoldt,4,4,1,2,1,0,3
2010,20,2010-08-14,M.C.G.,Carlton,Richmond,Richmond,Shane Tuck,9,5,17,0,0,0,7
2010,20,2010-08-14,M.C.G.,Carlton,Richmond,Richmond,Matt White,0,0,0,0,0,0,1
2010,20,2010-08-14,Subiaco,Fremantle,Sydney,Fremantle,Kepler Bradley,4,4,17,2,0,11,2
2010,20,2010-08-14,Subiaco,Fremantle,Sydney,Fremantle,Greg Broughton,12,4,12,1,0,0,4
2010,20,2010-08-14,Subiaco,Fremantle,Sydney,Fremantle,Zac Clarke,1,0,5,0,0,12,6
2010,20,2010-08-14,Subiaco,Fremantle,Sydney,Fremantle,Jesse Crichton,7,5,7,0,0,0,4
2010,20,2010-08-14,Subiaco,Fremantle,Sydney,Fremantle,Matt de Boer,7,6,6,1,2,0,2
2010,20,2010-08-14,Subiaco,Fremantle,Sydney,Fremantle,Paul Duffield,12,6,6,0,0,0,4
2010,20,2010-08-14,Subiaco,Fremantle,Sydney,Fremantle,Nat Fyfe,8,6,6,0,1,0,5
2010,20,2010-08-14,Subiaco,Fremantle,Sydney,Fremantle,Antoni Grover,5,6,9,0,0,0,2
2010,20,2010-08-14,Subiaco,Fremantle,Sydney,Fremantle,Paul Hasleby,5,3,5,2,0,0,0
2010,20,2010-08-14,Subiaco,Fremantle,Sydney,Fremantle,Roger Hayden,10,6,4,0,0,0,2
2010,20,2010-08-14,Subiaco,Fremantle,Sydney,Fremantle,Stephen Hill,5,2,2,0,0,0,3
2010,20,2010-08-14,Subiaco,Fremantle,Sydney,Fremantle,Garrick Ibbotson,10,5,3,0,1,0,3
2010,20,2010-08-14,Subiaco,Fremantle,Sydney,Fremantle,Michael Johnson,6,3,6,1,0,1,2
2010,20,2010-08-14,Subiaco,Fremantle,Sydney,Fremantle,Luke McPharlin,6,4,4,0,0,0,0
2010,20,2010-08-14,Subiaco,Fremantle,Sydney,Fremantle,Adam McPhee,8,6,5,1,1,1,4
2010,20,2010-08-14,Subiaco,Fremantle,Sydney,Fremantle,Anthony Morabito,9,4,1,1,2,0,4
2010,20,2010-08-14,Subiaco,Fremantle,Sydney,Fremantle,David Mundy,10,3,7,0,0,1,7
2010,20,2010-08-14,Subiaco,Fremantle,Sydney,Fremantle,Matthew Pavlich,14,5,5,0,1,0,5
2010,20,2010-08-14,Subiaco,Fremantle,Sydney,Fremantle,Dylan Roberton,14,8,4,0,0,0,2
2010,20,2010-08-14,Subiaco,Fremantle,Sydney,Fremantle,Byron Schammer,8,3,6,1,0,0,2
2010,20,2010-08-14,Subiaco,Fremantle,Sydney,Fremantle,Nick Suban,4,2,3,1,0,0,4
2010,20,2010-08-14,Subiaco,Fremantle,Sydney,Fremantle,Michael Walters,10,4,1,2,0,0,0
2010,20,2010-08-14,Subiaco,Fremantle,Sydney,Sydney,Paul Bevan,13,9,5,1,2,0,1
2010,20,2010-08-14,Subiaco,Fremantle,Sydney,Sydney,Jude Bolton,2,0,13,0,0,0,8
2010,20,2010-08-14,Subiaco,Fremantle,Sydney,Sydney,Trent Dennis-Lane,6,2,3,2,1,0,0
2010,20,2010-08-14,Subiaco,Fremantle,Sydney,Sydney,Adam Goodes,7,5,8,0,1,0,1
2010,20,2010-08-14,Subiaco,Fremantle,Sydney,Sydney,Heath Grundy,10,9,8,0,0,0,1
2010,20,2010-08-14,Subiaco,Fremantle,Sydney,Sydney,Dan Hannebery,16,4,22,0,1,0,5
2010,20,2010-08-14,Subiaco,Fremantle,Sydney,Sydney,Kieren Jack,17,1,9,1,0,0,6
2010,20,2010-08-14,Subiaco,Fremantle,Sydney,Sydney,Lewis Jetta,11,6,5,1,1,0,2
2010,20,2010-08-14,Subiaco,Fremantle,Sydney,Sydney,Josh Kennedy,4,0,12,0,1,0,4
2010,20,2010-08-14,Subiaco,Fremantle,Sydney,Sydney,Tadhg Kennelly,17,8,10,0,0,0,0
2010,20,2010-08-14,Subiaco,Fremantle,Sydney,Sydney,Brett Kirk,8,3,10,0,0,0,1
2010,20,2010-08-14,Subiaco,Fremantle,Sydney,Sydney,Nick Malceski,14,5,6,0,0,0,3
2010,20,2010-08-14,Subiaco,Fremantle,Sydney,Sydney,Martin Mattner,7,4,5,1,0,0,1
2010,20,2010-08-14,Subiaco,Fremantle,Sydney,Sydney,Ben McGlynn,10,7,7,3,0,0,1
2010,20,2010-08-14,Subiaco,Fremantle,Sydney,Sydney,Jarrad McVeigh,18,3,6,0,1,0,4
2010,20,2010-08-14,Subiaco,Fremantle,Sydney,Sydney,Jarred Moore,10,3,3,1,0,0,4
2010,20,2010-08-14,Subiaco,Fremantle,Sydney,Sydney,Shane Mumford,7,4,15,1,0,30,5
2010,20,2010-08-14,Subiaco,Fremantle,Sydney,Sydney,Ryan OKeefe,6,1,9,1,0,0,7
2010,20,2010-08-14,Subiaco,Fremantle,Sydney,Sydney,Mike Pyke,4,1,1,1,0,17,1
2010,20,2010-08-14,Subiaco,Fremantle,Sydney,Sydney,Ted Richards,6,7,6,0,0,0,1
2010,20,2010-08-14,Subiaco,Fremantle,Sydney,Sydney,Rhyce Shaw,9,5,2,0,1,0,5
2010,20,2010-08-14,Subiaco,Fremantle,Sydney,Sydney,Jesse White,5,5,5,1,1,0,0
2010,20,2010-08-14,Docklands,Western Bulldogs,Geelong,Western Bulldogs,Matthew Boyd,18,3,17,0,0,1,4
2010,20,2010-08-14,Docklands,Western Bulldogs,Geelong,Western Bulldogs,Daniel Cross,10,5,20,0,0,5,5
2010,20,2010-08-14,Docklands,Western Bulldogs,Geelong,Western Bulldogs,Nathan Eagleton,9,2,7,0,1,0,2
2010,20,2010-08-14,Docklands,Western Bulldogs,Geelong,Western Bulldogs,Andrejs Everitt,10,6,2,0,0,0,1
2010,20,2010-08-14,Docklands,Western Bulldogs,Geelong,Western Bulldogs,Daniel Giansiracusa,16,7,11,3,0,0,6
2010,20,2010-08-14,Docklands,Western Bulldogs,Geelong,Western Bulldogs,Lindsay Gilbee,9,4,7,1,0,0,2
2010,20,2010-08-14,Docklands,Western Bulldogs,Geelong,Western Bulldogs,Ryan Griffen,13,1,16,1,0,3,2
2010,20,2010-08-14,Docklands,Western Bulldogs,Geelong,Western Bulldogs,Barry Hall,6,7,4,2,0,0,0
2010,20,2010-08-14,Docklands,Western Bulldogs,Geelong,Western Bulldogs,Ryan Hargrave,15,5,9,0,0,0,1
2010,20,2010-08-14,Docklands,Western Bulldogs,Geelong,Western Bulldogs,Shaun Higgins,7,1,8,0,0,0,3
2010,20,2010-08-14,Docklands,Western Bulldogs,Geelong,Western Bulldogs,Brad Johnson,6,6,3,0,0,0,0
2010,20,2010-08-14,Docklands,Western Bulldogs,Geelong,Western Bulldogs,Liam Jones,8,3,1,2,0,0,2
2010,20,2010-08-14,Docklands,Western Bulldogs,Geelong,Western Bulldogs,Brian Lake,6,2,4,0,0,0,2
2010,20,2010-08-14,Docklands,Western Bulldogs,Geelong,Western Bulldogs,Will Minson,5,2,4,0,0,10,4
2010,20,2010-08-14,Docklands,Western Bulldogs,Geelong,Western Bulldogs,Brodie Moles,4,3,12,0,1,0,3
2010,20,2010-08-14,Docklands,Western Bulldogs,Geelong,Western Bulldogs,Dale Morris,6,6,17,0,0,0,2
2010,20,2010-08-14,Docklands,Western Bulldogs,Geelong,Western Bulldogs,Robert Murphy,18,6,7,0,0,0,1
2010,20,2010-08-14,Docklands,Western Bulldogs,Geelong,Western Bulldogs,Liam Picken,6,1,12,0,0,0,3
2010,20,2010-08-14,Docklands,Western Bulldogs,Geelong,Western Bulldogs,Jordan Roughead,5,4,6,0,0,16,2
2010,20,2010-08-14,Docklands,Western Bulldogs,Geelong,Western Bulldogs,Callan Ward,5,2,9,0,0,0,1
2010,20,2010-08-14,Docklands,Western Bulldogs,Geelong,Western Bulldogs,Tom Williams,6,4,2,0,0,0,4
2010,20,2010-08-14,Docklands,Western Bulldogs,Geelong,Western Bulldogs,Easton Wood,1,2,5,0,0,0,0
2010,20,2010-08-14,Docklands,Western Bulldogs,Geelong,Geelong,Gary Ablett,14,5,25,3,1,0,5
2010,20,2010-08-14,Docklands,Western Bulldogs,Geelong,Geelong,Jimmy Bartel,13,7,16,0,0,0,3
2010,20,2010-08-14,Docklands,Western Bulldogs,Geelong,Geelong,Shannon Byrnes,9,6,9,2,1,0,5
2010,20,2010-08-14,Docklands,Western Bulldogs,Geelong,Geelong,Paul Chapman,19,8,8,2,1,0,0
2010,20,2010-08-14,Docklands,Western Bulldogs,Geelong,Geelong,Corey Enright,20,5,14,0,0,0,6
2010,20,2010-08-14,Docklands,Western Bulldogs,Geelong,Geelong,Tom Hawkins,3,4,5,0,0,14,2
2010,20,2010-08-14,Docklands,Western Bulldogs,Geelong,Geelong,Josh Hunt,5,3,12,0,0,0,0
2010,20,2010-08-14,Docklands,Western Bulldogs,Geelong,Geelong,Taylor Hunt,9,3,11,0,0,0,1
2010,20,2010-08-14,Docklands,Western Bulldogs,Geelong,Geelong,Steve Johnson,16,7,5,5,1,0,2
2010,20,2010-08-14,Docklands,Western Bulldogs,Geelong,Geelong,James Kelly,14,3,11,0,0,0,6
2010,20,2010-08-14,Docklands,Western Bulldogs,Geelong,Geelong,Jeremy Laidler,5,2,11,0,0,0,4
2010,20,2010-08-14,Docklands,Western Bulldogs,Geelong,Geelong,Andrew Mackie,19,6,8,0,0,0,1
2010,20,2010-08-14,Docklands,Western Bulldogs,Geelong,Geelong,Daniel Menzel,5,2,7,1,0,0,2
2010,20,2010-08-14,Docklands,Western Bulldogs,Geelong,Geelong,Darren Milburn,14,7,6,0,0,0,1
2010,20,2010-08-14,Docklands,Western Bulldogs,Geelong,Geelong,Cameron Mooney,8,7,4,2,2,0,1
2010,20,2010-08-14,Docklands,Western Bulldogs,Geelong,Geelong,Brad Ottens,3,4,8,1,0,19,2
2010,20,2010-08-14,Docklands,Western Bulldogs,Geelong,Geelong,James Podsiadly,6,7,8,3,1,0,3
2010,20,2010-08-14,Docklands,Western Bulldogs,Geelong,Geelong,Matthew Scarlett,7,3,4,0,0,0,2
2010,20,2010-08-14,Docklands,Western Bulldogs,Geelong,Geelong,Joel Selwood,16,8,19,2,1,1,3
2010,20,2010-08-14,Docklands,Western Bulldogs,Geelong,Geelong,Mathew Stokes,12,5,11,1,2,0,1
2010,20,2010-08-14,Docklands,Western Bulldogs,Geelong,Geelong,Travis Varcoe,7,2,8,3,0,0,2
2010,20,2010-08-14,Docklands,Western Bulldogs,Geelong,Geelong,David Wojcinski,6,6,8,0,0,0,4
2010,20,2010-08-14,Football Park,Port Adelaide,West Coast,Port Adelaide,Travis Boak,15,4,14,0,0,0,9
2010,20,2010-08-14,Football Park,Port Adelaide,West Coast,Port Adelaide,Matthew Broadbent,9,5,8,0,1,0,2
2010,20,2010-08-14,Football Park,Port Adelaide,West Coast,Port Adelaide,Dean Brogan,9,5,7,0,1,12,6
2010,20,2010-08-14,Football Park,Port Adelaide,West Coast,Port Adelaide,Alipate Carlile,14,9,6,0,0,0,0
2010,20,2010-08-14,Football Park,Port Adelaide,West Coast,Port Adelaide,Domenic Cassisi,15,2,14,0,0,0,14
2010,20,2010-08-14,Football Park,Port Adelaide,West Coast,Port Adelaide,Troy Chaplin,17,8,2,0,0,0,3
2010,20,2010-08-14,Football Park,Port Adelaide,West Coast,Port Adelaide,Kane Cornes,16,5,22,0,1,0,2
2010,20,2010-08-14,Football Park,Port Adelaide,West Coast,Port Adelaide,Jason Davenport,9,2,7,1,0,0,8
2010,20,2010-08-14,Football Park,Port Adelaide,West Coast,Port Adelaide,Brett Ebert,7,0,3,2,0,0,0
2010,20,2010-08-14,Football Park,Port Adelaide,West Coast,Port Adelaide,Robbie Gray,7,4,9,1,2,0,4
2010,20,2010-08-14,Football Park,Port Adelaide,West Coast,Port Adelaide,Cameron Hitchcock,10,2,1,2,1,0,1
2010,20,2010-08-14,Football Park,Port Adelaide,West Coast,Port Adelaide,Tom Logan,4,3,8,0,0,0,3
2010,20,2010-08-14,Football Park,Port Adelaide,West Coast,Port Adelaide,Danny Meyer,7,1,1,0,0,0,2
2010,20,2010-08-14,Football Park,Port Adelaide,West Coast,Port Adelaide,Andrew Moore,7,3,8,0,0,0,0
2010,20,2010-08-14,Football Park,Port Adelaide,West Coast,Port Adelaide,Danyle Pearce,12,1,3,0,1,0,4
2010,20,2010-08-14,Football Park,Port Adelaide,West Coast,Port Adelaide,David Rodan,8,2,4,0,3,0,5
2010,20,2010-08-14,Football Park,Port Adelaide,West Coast,Port Adelaide,Nick Salter,11,2,5,0,0,0,1
2010,20,2010-08-14,Football Park,Port Adelaide,West Coast,Port Adelaide,Jay Schulz,6,4,7,1,0,1,6
2010,20,2010-08-14,Football Park,Port Adelaide,West Coast,Port Adelaide,Paul Stewart,9,1,4,0,0,0,3
2010,20,2010-08-14,Football Park,Port Adelaide,West Coast,Port Adelaide,Matt Thomas,10,8,22,0,1,0,9
2010,20,2010-08-14,Football Park,Port Adelaide,West Coast,Port Adelaide,Jackson Trengove,7,5,16,0,0,9,5
2010,20,2010-08-14,Football Park,Port Adelaide,West Coast,Port Adelaide,Justin Westhoff,14,10,4,1,0,2,1
2010,20,2010-08-14,Football Park,Port Adelaide,West Coast,West Coast,Dean Cox,8,4,15,0,0,29,2
2010,20,2010-08-14,Football Park,Port Adelaide,West Coast,West Coast,Brad Ebert,12,1,8,0,0,0,6
2010,20,2010-08-14,Football Park,Port Adelaide,West Coast,West Coast,Andrew Embley,13,3,7,0,0,0,2
2010,20,2010-08-14,Football Park,Port Adelaide,West Coast,West Coast,Josh Kennedy,10,5,4,1,3,0,1
2010,20,2010-08-14,Football Park,Port Adelaide,West Coast,West Coast,Mark LeCras,12,7,2,0,0,0,4
2010,20,2010-08-14,Football Park,Port Adelaide,West Coast,West Coast,Quinten Lynch,5,3,7,0,1,1,4
2010,20,2010-08-14,Football Park,Port Adelaide,West Coast,West Coast,Eric Mackenzie,7,6,6,0,0,2,3
2010,20,2010-08-14,Football Park,Port Adelaide,West Coast,West Coast,Patrick McGinnity,6,0,3,0,0,0,6
2010,20,2010-08-14,Football Park,Port Adelaide,West Coast,West Coast,Nic Naitanui,2,1,5,0,0,19,1
2010,20,2010-08-14,Football Park,Port Adelaide,West Coast,West Coast,Matt Rosa,15,4,11,1,0,0,2
2010,20,2010-08-14,Football Park,Port Adelaide,West Coast,West Coast,Will Schofield,6,1,8,0,0,0,1
2010,20,2010-08-14,Football Park,Port Adelaide,West Coast,West Coast,Adam Selwood,5,1,9,1,1,0,4
2010,20,2010-08-14,Football Park,Port Adelaide,West Coast,West Coast,Scott Selwood,8,3,8,0,0,0,8
2010,20,2010-08-14,Football Park,Port Adelaide,West Coast,West Coast,Brad Sheppard,4,1,2,0,0,0,1
2010,20,2010-08-14,Football Park,Port Adelaide,West Coast,West Coast,Luke Shuey,13,4,5,1,2,0,1
2010,20,2010-08-14,Football Park,Port Adelaide,West Coast,West Coast,Ashley Smith,8,0,4,0,0,0,1
2010,20,2010-08-14,Football Park,Port Adelaide,West Coast,West Coast,Matthew Spangher,8,1,5,0,0,2,4
2010,20,2010-08-14,Football Park,Port Adelaide,West Coast,West Coast,Koby Stevens,6,3,6,0,1,0,8
2010,20,2010-08-14,Football Park,Port Adelaide,West Coast,West Coast,Andrew Strijk,11,6,3,3,0,0,1
2010,20,2010-08-14,Football Park,Port Adelaide,West Coast,West Coast,Tom Swift,5,2,7,0,0,0,2
2010,20,2010-08-14,Football Park,Port Adelaide,West Coast,West Coast,Beau Waters,9,2,7,0,0,0,7
2010,20,2010-08-14,Football Park,Port Adelaide,West Coast,West Coast,Callum Wilson,10,5,5,1,2,0,2
2010,20,2010-08-15,Gabba,Brisbane Lions,Adelaide,Brisbane Lions,Jed Adcock,5,3,10,0,0,0,3
2010,20,2010-08-15,Gabba,Brisbane Lions,Adelaide,Brisbane Lions,Todd Banfield,7,3,4,1,2,0,5
2010,20,2010-08-15,Gabba,Brisbane Lions,Adelaide,Brisbane Lions,Simon Black,13,0,14,1,0,0,5
2010,20,2010-08-15,Gabba,Brisbane Lions,Adelaide,Brisbane Lions,Jared Brennan,13,5,4,0,1,1,2
2010,20,2010-08-15,Gabba,Brisbane Lions,Adelaide,Brisbane Lions,Mitch Clark,9,6,7,5,1,4,2
2010,20,2010-08-15,Gabba,Brisbane Lions,Adelaide,Brisbane Lions,Pearce Hanley,6,4,12,1,0,0,3
2010,20,2010-08-15,Gabba,Brisbane Lions,Adelaide,Brisbane Lions,Ryan Harwood,7,4,10,1,0,0,5
2010,20,2010-08-15,Gabba,Brisbane Lions,Adelaide,Brisbane Lions,Travis Johnstone,11,2,9,0,2,0,6
2010,20,2010-08-15,Gabba,Brisbane Lions,Adelaide,Brisbane Lions,Matthew Leuenberger,3,4,12,0,0,34,2
2010,20,2010-08-15,Gabba,Brisbane Lions,Adelaide,Brisbane Lions,Matt Maguire,10,6,6,0,1,0,2
2010,20,2010-08-15,Gabba,Brisbane Lions,Adelaide,Brisbane Lions,Ashley McGrath,6,4,8,0,0,0,2
2010,20,2010-08-15,Gabba,Brisbane Lions,Adelaide,Brisbane Lions,Daniel Merrett,5,4,9,0,0,0,4
2010,20,2010-08-15,Gabba,Brisbane Lions,Adelaide,Brisbane Lions,Joel Patfull,3,2,6,1,0,0,2
2010,20,2010-08-15,Gabba,Brisbane Lions,Adelaide,Brisbane Lions,James Polkinghorne,3,2,6,1,0,0,3
2010,20,2010-08-15,Gabba,Brisbane Lions,Adelaide,Brisbane Lions,Luke Power,13,4,11,1,0,0,5
2010,20,2010-08-15,Gabba,Brisbane Lions,Adelaide,Brisbane Lions,Albert Proud,6,3,6,0,1,0,2
2010,20,2010-08-15,Gabba,Brisbane Lions,Adelaide,Brisbane Lions,Jack Redden,9,2,9,0,1,0,1
2010,20,2010-08-15,Gabba,Brisbane Lions,Adelaide,Brisbane Lions,Daniel Rich,12,4,9,0,4,0,4
2010,20,2010-08-15,Gabba,Brisbane Lions,Adelaide,Brisbane Lions,Michael Rischitelli,14,6,10,0,3,0,4
2010,20,2010-08-15,Gabba,Brisbane Lions,Adelaide,Brisbane Lions,Tom Rockliff,6,6,21,0,0,0,6
2010,20,2010-08-15,Gabba,Brisbane Lions,Adelaide,Brisbane Lions,Brent Staker,16,6,8,1,1,1,2
2010,20,2010-08-15,Gabba,Brisbane Lions,Adelaide,Brisbane Lions,Cheynee Stiller,11,8,16,0,1,0,2
2010,20,2010-08-15,Gabba,Brisbane Lions,Adelaide,Adelaide,Nathan Bock,11,6,8,0,0,0,1
2010,20,2010-08-15,Gabba,Brisbane Lions,Adelaide,Adelaide,Patrick Dangerfield,6,1,9,0,2,1,5
2010,20,2010-08-15,Gabba,Brisbane Lions,Adelaide,Adelaide,Phil Davis,5,4,2,1,0,0,2
2010,20,2010-08-15,Gabba,Brisbane Lions,Adelaide,Adelaide,Michael Doughty,6,4,8,0,0,0,3
2010,20,2010-08-15,Gabba,Brisbane Lions,Adelaide,Adelaide,Richard Douglas,21,10,10,2,2,0,1
2010,20,2010-08-15,Gabba,Brisbane Lions,Adelaide,Adelaide,Ricky Henderson,7,4,6,2,0,0,3
2010,20,2010-08-15,Gabba,Brisbane Lions,Adelaide,Adelaide,Graham Johncock,13,6,8,0,0,0,4
2010,20,2010-08-15,Gabba,Brisbane Lions,Adelaide,Adelaide,Chris Knights,0,0,2,0,0,0,0
2010,20,2010-08-15,Gabba,Brisbane Lions,Adelaide,Adelaide,David Mackay,7,4,10,0,0,0,1
2010,20,2010-08-15,Gabba,Brisbane Lions,Adelaide,Adelaide,Ivan Maric,6,3,6,0,0,21,1
2010,20,2010-08-15,Gabba,Brisbane Lions,Adelaide,Adelaide,Jason Porplyzia,11,2,6,3,2,0,3
2010,20,2010-08-15,Gabba,Brisbane Lions,Adelaide,Adelaide,Brent Reilly,8,3,7,0,0,0,4
2010,20,2010-08-15,Gabba,Brisbane Lions,Adelaide,Adelaide,Ben Rutten,7,7,7,0,0,0,2
2010,20,2010-08-15,Gabba,Brisbane Lions,Adelaide,Adelaide,Chris Schmidt,8,6,6,0,0,0,2
2010,20,2010-08-15,Gabba,Brisbane Lions,Adelaide,Adelaide,James Sellar,4,3,7,1,1,9,1
2010,20,2010-08-15,Gabba,Brisbane Lions,Adelaide,Adelaide,Rory Sloane,3,2,13,0,1,1,1
2010,20,2010-08-15,Gabba,Brisbane Lions,Adelaide,Adelaide,Scott Stevens,7,7,2,0,0,0,0
2010,20,2010-08-15,Gabba,Brisbane Lions,Adelaide,Adelaide,Brad Symes,7,4,18,0,0,2,2
2010,20,2010-08-15,Gabba,Brisbane Lions,Adelaide,Adelaide,Scott Thompson,7,0,11,0,0,0,7
2010,20,2010-08-15,Gabba,Brisbane Lions,Adelaide,Adelaide,Kurt Tippett,9,6,3,5,4,5,4
2010,20,2010-08-15,Gabba,Brisbane Lions,Adelaide,Adelaide,Nathan van Berlo,17,7,6,1,0,0,2
2010,20,2010-08-15,Gabba,Brisbane Lions,Adelaide,Adelaide,Bernie Vince,1,0,4,0,0,0,0
2010,20,2010-08-15,M.C.G.,Hawthorn,Melbourne,Hawthorn,Chance Bateman,9,3,11,0,0,0,0
2010,20,2010-08-15,M.C.G.,Hawthorn,Melbourne,Hawthorn,Grant Birchall,14,8,7,0,0,0,5
2010,20,2010-08-15,M.C.G.,Hawthorn,Melbourne,Hawthorn,Campbell Brown,8,4,6,1,1,0,2
2010,20,2010-08-15,M.C.G.,Hawthorn,Melbourne,Hawthorn,Shaun Burgoyne,13,4,10,1,0,1,7
2010,20,2010-08-15,M.C.G.,Hawthorn,Melbourne,Hawthorn,Xavier Ellis,13,10,7,3,0,0,1
2010,20,2010-08-15,M.C.G.,Hawthorn,Melbourne,Hawthorn,Lance Franklin,11,3,11,3,2,0,6
2010,20,2010-08-15,M.C.G.,Hawthorn,Melbourne,Hawthorn,Josh Gibson,7,4,8,0,0,0,4
2010,20,2010-08-15,M.C.G.,Hawthorn,Melbourne,Hawthorn,Stephen Gilham,5,2,2,0,0,0,0
2010,20,2010-08-15,M.C.G.,Hawthorn,Melbourne,Hawthorn,Brent Guerra,8,3,2,0,0,0,5
2010,20,2010-08-15,M.C.G.,Hawthorn,Melbourne,Hawthorn,Luke Hodge,15,0,4,2,1,0,8
2010,20,2010-08-15,M.C.G.,Hawthorn,Melbourne,Hawthorn,Rhan Hooper,8,1,3,1,0,0,8
2010,20,2010-08-15,M.C.G.,Hawthorn,Melbourne,Hawthorn,Jordan Lewis,14,4,8,0,1,0,3
2010,20,2010-08-15,M.C.G.,Hawthorn,Melbourne,Hawthorn,Sam Mitchell,10,3,16,0,0,0,4
2010,20,2010-08-15,M.C.G.,Hawthorn,Melbourne,Hawthorn,Tom Murphy,9,3,7,0,0,0,1
2010,20,2010-08-15,M.C.G.,Hawthorn,Melbourne,Hawthorn,Michael Osborne,10,1,7,0,1,0,4
2010,20,2010-08-15,M.C.G.,Hawthorn,Melbourne,Hawthorn,Carl Peterson,10,6,3,2,0,0,5
2010,20,2010-08-15,M.C.G.,Hawthorn,Melbourne,Hawthorn,Brent Renouf,8,5,7,0,0,22,3
2010,20,2010-08-15,M.C.G.,Hawthorn,Melbourne,Hawthorn,Jarryd Roughead,6,2,4,2,0,0,2
2010,20,2010-08-15,M.C.G.,Hawthorn,Melbourne,Hawthorn,Brad Sewell,19,4,8,0,0,0,4
2010,20,2010-08-15,M.C.G.,Hawthorn,Melbourne,Hawthorn,Wayde Skipper,4,4,8,0,0,19,4
2010,20,2010-08-15,M.C.G.,Hawthorn,Melbourne,Hawthorn,Ben Stratton,10,5,10,0,0,0,1
2010,20,2010-08-15,M.C.G.,Hawthorn,Melbourne,Hawthorn,Brendan Whitecross,5,0,5,0,0,0,1
2010,20,2010-08-15,M.C.G.,Hawthorn,Melbourne,Melbourne,Rohan Bail,14,6,7,0,0,0,3
2010,20,2010-08-15,M.C.G.,Hawthorn,Melbourne,Melbourne,Clint Bartram,15,7,5,0,1,0,2
2010,20,2010-08-15,M.C.G.,Hawthorn,Melbourne,Melbourne,Jamie Bennell,4,0,5,0,0,0,4
2010,20,2010-08-15,M.C.G.,Hawthorn,Melbourne,Melbourne,Cameron Bruce,17,4,9,1,1,0,9
2010,20,2010-08-15,M.C.G.,Hawthorn,Melbourne,Melbourne,Aaron Davey,2,0,1,0,0,0,0
2010,20,2010-08-15,M.C.G.,Hawthorn,Melbourne,Melbourne,Lynden Dunn,3,2,1,1,1,0,1
2010,20,2010-08-15,M.C.G.,Hawthorn,Melbourne,Melbourne,James Frawley,11,7,5,0,0,0,1
2010,20,2010-08-15,M.C.G.,Hawthorn,Melbourne,Melbourne,Colin Garland,11,6,2,0,0,0,4
2010,20,2010-08-15,M.C.G.,Hawthorn,Melbourne,Melbourne,Brad Green,9,6,2,2,0,0,2
2010,20,2010-08-15,M.C.G.,Hawthorn,Melbourne,Melbourne,Mark Jamar,3,4,11,2,0,27,2
2010,20,2010-08-15,M.C.G.,Hawthorn,Melbourne,Melbourne,Paul Johnson,7,0,2,0,0,14,3
2010,20,2010-08-15,M.C.G.,Hawthorn,Melbourne,Melbourne,Nathan Jones,8,3,15,0,0,0,1
2010,20,2010-08-15,M.C.G.,Hawthorn,Melbourne,Melbourne,Liam Jurrah,3,2,5,2,0,0,1
2010,20,2010-08-15,M.C.G.,Hawthorn,Melbourne,Melbourne,Joel Macdonald,16,6,2,0,0,0,3
2010,20,2010-08-15,M.C.G.,Hawthorn,Melbourne,Melbourne,James McDonald,13,2,6,0,0,0,7
2010,20,2010-08-15,M.C.G.,Hawthorn,Melbourne,Melbourne,Jordie McKenzie,11,0,6,0,0,0,9
2010,20,2010-08-15,M.C.G.,Hawthorn,Melbourne,Melbourne,Jared Rivers,5,5,4,0,1,0,5
2010,20,2010-08-15,M.C.G.,Hawthorn,Melbourne,Melbourne,Tom Scully,9,5,10,0,0,0,5
2010,20,2010-08-15,M.C.G.,Hawthorn,Melbourne,Melbourne,Colin Sylvia,20,2,5,1,0,1,8
2010,20,2010-08-15,M.C.G.,Hawthorn,Melbourne,Melbourne,Jack Trengove,12,5,2,1,0,0,4
2010,20,2010-08-15,M.C.G.,Hawthorn,Melbourne,Melbourne,Jack Watts,5,1,1,1,1,2,5
2010,20,2010-08-15,M.C.G.,Hawthorn,Melbourne,Melbourne,Austin Wonaeamirri,7,3,3,1,1,0,3
2010,20,2010-08-15,Docklands,North Melbourne,St Kilda,North Melbourne,Leigh Adams,11,5,6,0,1,0,6
2010,20,2010-08-15,Docklands,North Melbourne,St Kilda,North Melbourne,Ryan Bastinac,7,5,14,0,0,0,0
2010,20,2010-08-15,Docklands,North Melbourne,St Kilda,North Melbourne,Ben Cunnington,6,1,9,0,0,0,2
2010,20,2010-08-15,Docklands,North Melbourne,St Kilda,North Melbourne,Aaron Edwards,8,5,1,2,1,0,1
2010,20,2010-08-15,Docklands,North Melbourne,St Kilda,North Melbourne,Michael Firrito,5,3,7,0,0,0,3
2010,20,2010-08-15,Docklands,North Melbourne,St Kilda,North Melbourne,Cruize Garlett,4,2,8,0,0,0,1
2010,20,2010-08-15,Docklands,North Melbourne,St Kilda,North Melbourne,Todd Goldstein,2,2,3,0,1,14,2
2010,20,2010-08-15,Docklands,North Melbourne,St Kilda,North Melbourne,Levi Greenwood,4,1,13,0,0,0,1
2010,20,2010-08-15,Docklands,North Melbourne,St Kilda,North Melbourne,Nathan Grima,14,10,12,0,0,0,1
2010,20,2010-08-15,Docklands,North Melbourne,St Kilda,North Melbourne,Lachlan Hansen,12,10,7,4,2,0,0
2010,20,2010-08-15,Docklands,North Melbourne,St Kilda,North Melbourne,Leigh Harding,10,5,11,0,0,0,2
2010,20,2010-08-15,Docklands,North Melbourne,St Kilda,North Melbourne,Brent Harvey,11,1,9,0,1,0,5
2010,20,2010-08-15,Docklands,North Melbourne,St Kilda,North Melbourne,Hamish McIntosh,7,5,12,0,0,27,1
2010,20,2010-08-15,Docklands,North Melbourne,St Kilda,North Melbourne,Scott McMahon,12,2,6,0,0,0,2
2010,20,2010-08-15,Docklands,North Melbourne,St Kilda,North Melbourne,Daniel Pratt,8,6,14,0,0,0,3
2010,20,2010-08-15,Docklands,North Melbourne,St Kilda,North Melbourne,Brady Rawlings,11,5,19,0,0,0,3
2010,20,2010-08-15,Docklands,North Melbourne,St Kilda,North Melbourne,Andrew Swallow,7,2,7,0,1,0,8
2010,20,2010-08-15,Docklands,North Melbourne,St Kilda,North Melbourne,Lindsay Thomas,6,2,1,0,1,0,0
2010,20,2010-08-15,Docklands,North Melbourne,St Kilda,North Melbourne,Scott Thompson,9,8,14,0,0,0,0
2010,20,2010-08-15,Docklands,North Melbourne,St Kilda,North Melbourne,Ben Warren,8,3,4,0,1,0,3
2010,20,2010-08-15,Docklands,North Melbourne,St Kilda,North Melbourne,Daniel Wells,14,5,9,0,0,0,6
2010,20,2010-08-15,Docklands,North Melbourne,St Kilda,North Melbourne,Sam Wright,11,6,1,3,0,0,4
2010,20,2010-08-15,Docklands,North Melbourne,St Kilda,St Kilda,Jason Blake,8,5,13,0,0,0,1
2010,20,2010-08-15,Docklands,North Melbourne,St Kilda,St Kilda,Nick Dal Santo,11,6,10,0,1,0,4
2010,20,2010-08-15,Docklands,North Melbourne,St Kilda,St Kilda,Sean Dempster,4,3,3,0,0,0,4
2010,20,2010-08-15,Docklands,North Melbourne,St Kilda,St Kilda,Robert Eddy,6,5,7,2,0,0,2
2010,20,2010-08-15,Docklands,North Melbourne,St Kilda,St Kilda,Sam Fisher,11,11,12,0,0,1,2
2010,20,2010-08-15,Docklands,North Melbourne,St Kilda,St Kilda,Jarryn Geary,10,7,13,0,0,0,1
2010,20,2010-08-15,Docklands,North Melbourne,St Kilda,St Kilda,Sam Gilbert,17,11,9,0,0,0,1
2010,20,2010-08-15,Docklands,North Melbourne,St Kilda,St Kilda,Brendon Goddard,17,8,20,0,0,0,3
2010,20,2010-08-15,Docklands,North Melbourne,St Kilda,St Kilda,Jason Gram,17,8,17,0,3,0,4
2010,20,2010-08-15,Docklands,North Melbourne,St Kilda,St Kilda,James Gwilt,13,3,4,0,0,0,1
2010,20,2010-08-15,Docklands,North Melbourne,St Kilda,St Kilda,Lenny Hayes,16,6,10,1,0,2,4
2010,20,2010-08-15,Docklands,North Melbourne,St Kilda,St Kilda,Clinton Jones,8,0,12,0,0,0,7
2010,20,2010-08-15,Docklands,North Melbourne,St Kilda,St Kilda,Justin Koschitzke,6,6,2,2,1,2,0
2010,20,2010-08-15,Docklands,North Melbourne,St Kilda,St Kilda,Ben McEvoy,1,2,10,0,0,15,3
2010,20,2010-08-15,Docklands,North Melbourne,St Kilda,St Kilda,Andrew McQualter,4,7,11,0,1,0,3
2010,20,2010-08-15,Docklands,North Melbourne,St Kilda,St Kilda,Stephen Milne,17,3,7,2,1,0,0
2010,20,2010-08-15,Docklands,North Melbourne,St Kilda,St Kilda,Leigh Montagna,10,4,8,0,0,0,4
2010,20,2010-08-15,Docklands,North Melbourne,St Kilda,St Kilda,Brett Peake,6,2,10,1,0,0,3
2010,20,2010-08-15,Docklands,North Melbourne,St Kilda,St Kilda,Farren Ray,3,1,9,0,0,0,2
2010,20,2010-08-15,Docklands,North Melbourne,St Kilda,St Kilda,Nick Riewoldt,15,10,4,7,5,2,2
2010,20,2010-08-15,Docklands,North Melbourne,St Kilda,St Kilda,Adam Schneider,13,10,7,1,0,0,7
2010,20,2010-08-15,Docklands,North Melbourne,St Kilda,St Kilda,Rhys Stanley,3,4,5,1,0,3,6
2010,21,2010-08-20,Docklands,Geelong,Carlton,Geelong,Gary Ablett,17,2,4,4,1,0,1
2010,21,2010-08-20,Docklands,Geelong,Carlton,Geelong,Jimmy Bartel,14,6,9,1,0,1,3
2010,21,2010-08-20,Docklands,Geelong,Carlton,Geelong,Mark Blake,2,2,6,0,0,21,3
2010,21,2010-08-20,Docklands,Geelong,Carlton,Geelong,Shannon Byrnes,9,4,6,1,0,0,3
2010,21,2010-08-20,Docklands,Geelong,Carlton,Geelong,Paul Chapman,17,6,16,0,0,0,6
2010,21,2010-08-20,Docklands,Geelong,Carlton,Geelong,Joel Corey,15,5,6,0,0,1,2
2010,21,2010-08-20,Docklands,Geelong,Carlton,Geelong,Corey Enright,13,8,12,0,1,0,6
2010,21,2010-08-20,Docklands,Geelong,Carlton,Geelong,Tom Hawkins,8,9,9,2,0,9,2
2010,21,2010-08-20,Docklands,Geelong,Carlton,Geelong,Josh Hunt,12,4,12,0,0,0,2
2010,21,2010-08-20,Docklands,Geelong,Carlton,Geelong,Taylor Hunt,10,6,6,0,0,0,1
2010,21,2010-08-20,Docklands,Geelong,Carlton,Geelong,Steve Johnson,12,6,7,1,1,0,1
2010,21,2010-08-20,Docklands,Geelong,Carlton,Geelong,James Kelly,14,4,7,0,0,0,6
2010,21,2010-08-20,Docklands,Geelong,Carlton,Geelong,Daniel Menzel,5,3,1,3,0,0,1
2010,21,2010-08-20,Docklands,Geelong,Carlton,Geelong,Darren Milburn,10,9,8,0,0,0,4
2010,21,2010-08-20,Docklands,Geelong,Carlton,Geelong,Cameron Mooney,11,9,1,0,2,1,1
2010,21,2010-08-20,Docklands,Geelong,Carlton,Geelong,James Podsiadly,11,8,1,4,1,0,1
2010,21,2010-08-20,Docklands,Geelong,Carlton,Geelong,Matthew Scarlett,7,4,13,0,0,0,1
2010,21,2010-08-20,Docklands,Geelong,Carlton,Geelong,Joel Selwood,16,7,11,0,0,0,6
2010,21,2010-08-20,Docklands,Geelong,Carlton,Geelong,Mathew Stokes,9,3,4,1,3,0,1
2010,21,2010-08-20,Docklands,Geelong,Carlton,Geelong,Harry Taylor,6,7,10,0,0,0,0
2010,21,2010-08-20,Docklands,Geelong,Carlton,Geelong,Travis Varcoe,8,7,6,1,0,0,7
2010,21,2010-08-20,Docklands,Geelong,Carlton,Geelong,David Wojcinski,6,4,10,0,1,0,3
2010,21,2010-08-20,Docklands,Geelong,Carlton,Carlton,Dennis Armfield,9,2,6,0,0,0,1
2010,21,2010-08-20,Docklands,Geelong,Carlton,Carlton,Eddie Betts,6,1,4,0,0,0,1
2010,21,2010-08-20,Docklands,Geelong,Carlton,Carlton,Paul Bower,2,1,4,0,0,0,2
2010,21,2010-08-20,Docklands,Geelong,Carlton,Carlton,Andrew Carrazzo,9,4,19,0,0,0,1
2010,21,2010-08-20,Docklands,Geelong,Carlton,Carlton,Marcus Davies,6,2,1,0,0,0,1
2010,21,2010-08-20,Docklands,Geelong,Carlton,Carlton,David Ellard,7,1,2,0,2,0,7
2010,21,2010-08-20,Docklands,Geelong,Carlton,Carlton,Jeff Garlett,9,4,5,0,0,0,2
2010,21,2010-08-20,Docklands,Geelong,Carlton,Carlton,Bryce Gibbs,18,5,8,0,0,0,1
2010,21,2010-08-20,Docklands,Geelong,Carlton,Carlton,Shaun Grigg,12,6,7,0,1,0,3
2010,21,2010-08-20,Docklands,Geelong,Carlton,Carlton,Richard Hadley,3,4,8,0,0,0,2
2010,21,2010-08-20,Docklands,Geelong,Carlton,Carlton,Lachie Henderson,9,6,4,3,0,0,2
2010,21,2010-08-20,Docklands,Geelong,Carlton,Carlton,Sam Jacobs,9,4,3,0,0,18,6
2010,21,2010-08-20,Docklands,Geelong,Carlton,Carlton,Michael Jamison,4,4,4,0,0,0,1
2010,21,2010-08-20,Docklands,Geelong,Carlton,Carlton,Chris Judd,13,1,7,1,0,0,2
2010,21,2010-08-20,Docklands,Geelong,Carlton,Carlton,Marc Murphy,16,6,14,0,1,0,4
2010,21,2010-08-20,Docklands,Geelong,Carlton,Carlton,Mitch Robinson,11,6,9,3,0,0,2
2010,21,2010-08-20,Docklands,Geelong,Carlton,Carlton,Jordan Russell,1,1,9,0,0,0,2
2010,21,2010-08-20,Docklands,Geelong,Carlton,Carlton,Heath Scotland,9,3,11,0,0,0,3
2010,21,2010-08-20,Docklands,Geelong,Carlton,Carlton,Kade Simpson,11,7,7,1,0,0,3
2010,21,2010-08-20,Docklands,Geelong,Carlton,Carlton,Jarrad Waite,7,5,3,3,0,0,0
2010,21,2010-08-20,Docklands,Geelong,Carlton,Carlton,Andrew Walker,7,4,10,0,0,0,1
2010,21,2010-08-20,Docklands,Geelong,Carlton,Carlton,Robert Warnock,5,2,1,1,0,19,1
2010,21,2010-08-21,York Park,Hawthorn,Fremantle,Hawthorn,Chance Bateman,12,11,17,1,0,1,3
2010,21,2010-08-21,York Park,Hawthorn,Fremantle,Hawthorn,Grant Birchall,11,3,9,0,0,0,1
2010,21,2010-08-21,York Park,Hawthorn,Fremantle,Hawthorn,Campbell Brown,9,10,10,0,0,0,1
2010,21,2010-08-21,York Park,Hawthorn,Fremantle,Hawthorn,Shaun Burgoyne,11,4,26,4,0,1,5
2010,21,2010-08-21,York Park,Hawthorn,Fremantle,Hawthorn,Xavier Ellis,12,8,12,1,1,0,3
2010,21,2010-08-21,York Park,Hawthorn,Fremantle,Hawthorn,Lance Franklin,8,3,9,5,1,0,5
2010,21,2010-08-21,York Park,Hawthorn,Fremantle,Hawthorn,Josh Gibson,18,9,16,0,0,0,5
2010,21,2010-08-21,York Park,Hawthorn,Fremantle,Hawthorn,Stephen Gilham,7,3,8,1,0,0,0
2010,21,2010-08-21,York Park,Hawthorn,Fremantle,Hawthorn,Brent Guerra,17,5,7,0,0,0,3
2010,21,2010-08-21,York Park,Hawthorn,Fremantle,Hawthorn,Luke Hodge,15,4,8,1,1,0,8
2010,21,2010-08-21,York Park,Hawthorn,Fremantle,Hawthorn,Jordan Lewis,16,12,12,2,0,1,0
2010,21,2010-08-21,York Park,Hawthorn,Fremantle,Hawthorn,Sam Mitchell,17,7,18,0,0,0,5
2010,21,2010-08-21,York Park,Hawthorn,Fremantle,Hawthorn,Tom Murphy,5,2,9,0,0,0,0
2010,21,2010-08-21,York Park,Hawthorn,Fremantle,Hawthorn,Michael Osborne,7,6,11,0,2,0,5
2010,21,2010-08-21,York Park,Hawthorn,Fremantle,Hawthorn,Carl Peterson,11,6,5,0,0,0,2
2010,21,2010-08-21,York Park,Hawthorn,Fremantle,Hawthorn,Brent Renouf,4,2,9,0,1,21,4
2010,21,2010-08-21,York Park,Hawthorn,Fremantle,Hawthorn,Cyril Rioli,16,9,5,3,0,1,6
2010,21,2010-08-21,York Park,Hawthorn,Fremantle,Hawthorn,Jarryd Roughead,9,8,3,4,2,0,1
2010,21,2010-08-21,York Park,Hawthorn,Fremantle,Hawthorn,Brad Sewell,9,5,10,0,0,0,5
2010,21,2010-08-21,York Park,Hawthorn,Fremantle,Hawthorn,Wayde Skipper,4,0,6,0,0,26,2
2010,21,2010-08-21,York Park,Hawthorn,Fremantle,Hawthorn,Ben Stratton,8,6,5,0,0,0,6
2010,21,2010-08-21,York Park,Hawthorn,Fremantle,Hawthorn,Brendan Whitecross,15,6,8,2,2,0,2
2010,21,2010-08-21,York Park,Hawthorn,Fremantle,Fremantle,Justin Bollenhagen,6,3,3,0,3,0,3
2010,21,2010-08-21,York Park,Hawthorn,Fremantle,Fremantle,Kepler Bradley,6,3,15,0,1,7,1
2010,21,2010-08-21,York Park,Hawthorn,Fremantle,Fremantle,Greg Broughton,12,5,18,0,0,0,4
2010,21,2010-08-21,York Park,Hawthorn,Fremantle,Fremantle,Zac Clarke,1,2,11,0,0,12,6
2010,21,2010-08-21,York Park,Hawthorn,Fremantle,Fremantle,Jesse Crichton,3,1,6,0,0,0,3
2010,21,2010-08-21,York Park,Hawthorn,Fremantle,Fremantle,Matt de Boer,7,1,11,0,0,0,5
2010,21,2010-08-21,York Park,Hawthorn,Fremantle,Fremantle,Steven Dodd,5,3,10,0,0,0,2
2010,21,2010-08-21,York Park,Hawthorn,Fremantle,Fremantle,Paul Duffield,16,5,5,0,0,0,4
2010,21,2010-08-21,York Park,Hawthorn,Fremantle,Fremantle,Antoni Grover,3,2,5,0,0,0,3
2010,21,2010-08-21,York Park,Hawthorn,Fremantle,Fremantle,Clayton Hinkley,8,2,7,0,0,0,3
2010,21,2010-08-21,York Park,Hawthorn,Fremantle,Fremantle,Garrick Ibbotson,9,6,6,0,0,0,2
2010,21,2010-08-21,York Park,Hawthorn,Fremantle,Fremantle,Michael Johnson,15,11,9,2,1,4,2
2010,21,2010-08-21,York Park,Hawthorn,Fremantle,Fremantle,Luke McPharlin,7,6,6,0,0,0,0
2010,21,2010-08-21,York Park,Hawthorn,Fremantle,Fremantle,Ryan Murphy,6,3,2,2,2,0,5
2010,21,2010-08-21,York Park,Hawthorn,Fremantle,Fremantle,Rhys Palmer,10,3,11,0,0,0,3
2010,21,2010-08-21,York Park,Hawthorn,Fremantle,Fremantle,Clancee Pearce,5,4,10,0,0,0,4
2010,21,2010-08-21,York Park,Hawthorn,Fremantle,Fremantle,Dylan Roberton,5,2,10,1,0,2,3
2010,21,2010-08-21,York Park,Hawthorn,Fremantle,Fremantle,Tim Ruffles,1,1,2,0,0,0,0
2010,21,2010-08-21,York Park,Hawthorn,Fremantle,Fremantle,Byron Schammer,4,2,6,0,0,0,3
2010,21,2010-08-21,York Park,Hawthorn,Fremantle,Fremantle,Nick Suban,9,3,9,0,0,0,7
2010,21,2010-08-21,York Park,Hawthorn,Fremantle,Fremantle,Jay van Berlo,5,4,9,0,0,0,5
2010,21,2010-08-21,York Park,Hawthorn,Fremantle,Fremantle,Michael Walters,16,4,6,0,1,0,4
2010,21,2010-08-21,Docklands,St Kilda,Richmond,St Kilda,David Armitage,6,2,7,1,0,0,3
2010,21,2010-08-21,Docklands,St Kilda,Richmond,St Kilda,Jason Blake,4,4,8,0,0,0,1
2010,21,2010-08-21,Docklands,St Kilda,Richmond,St Kilda,Nick Dal Santo,22,5,14,2,2,3,4
2010,21,2010-08-21,Docklands,St Kilda,Richmond,St Kilda,Sean Dempster,6,4,8,0,1,0,6
2010,21,2010-08-21,Docklands,St Kilda,Richmond,St Kilda,Sam Fisher,8,7,5,0,0,0,0
2010,21,2010-08-21,Docklands,St Kilda,Richmond,St Kilda,Jarryn Geary,11,2,6,0,0,0,3
2010,21,2010-08-21,Docklands,St Kilda,Richmond,St Kilda,Sam Gilbert,9,7,14,0,0,0,4
2010,21,2010-08-21,Docklands,St Kilda,Richmond,St Kilda,Brendon Goddard,19,10,10,2,0,1,5
2010,21,2010-08-21,Docklands,St Kilda,Richmond,St Kilda,Jason Gram,12,3,7,1,0,0,1
2010,21,2010-08-21,Docklands,St Kilda,Richmond,St Kilda,James Gwilt,10,5,7,0,0,0,2
2010,21,2010-08-21,Docklands,St Kilda,Richmond,St Kilda,Nick Heyne,1,0,2,0,0,0,1
2010,21,2010-08-21,Docklands,St Kilda,Richmond,St Kilda,Justin Koschitzke,11,7,2,5,1,0,1
2010,21,2010-08-21,Docklands,St Kilda,Richmond,St Kilda,Ben McEvoy,2,6,11,0,0,16,1
2010,21,2010-08-21,Docklands,St Kilda,Richmond,St Kilda,Andrew McQualter,5,5,6,0,0,0,3
2010,21,2010-08-21,Docklands,St Kilda,Richmond,St Kilda,Luke Miles,7,7,9,0,0,0,1
2010,21,2010-08-21,Docklands,St Kilda,Richmond,St Kilda,Stephen Milne,9,2,5,1,1,0,3
2010,21,2010-08-21,Docklands,St Kilda,Richmond,St Kilda,Leigh Montagna,27,7,15,1,1,0,0
2010,21,2010-08-21,Docklands,St Kilda,Richmond,St Kilda,Adam Pattison,2,3,5,1,0,12,1
2010,21,2010-08-21,Docklands,St Kilda,Richmond,St Kilda,Brett Peake,10,6,10,0,2,0,2
2010,21,2010-08-21,Docklands,St Kilda,Richmond,St Kilda,Farren Ray,8,5,8,0,1,0,3
2010,21,2010-08-21,Docklands,St Kilda,Richmond,St Kilda,Nick Riewoldt,12,9,6,3,3,0,3
2010,21,2010-08-21,Docklands,St Kilda,Richmond,St Kilda,Adam Schneider,4,0,7,0,0,0,3
2010,21,2010-08-21,Docklands,St Kilda,Richmond,Richmond,David Astbury,4,2,3,0,0,0,0
2010,21,2010-08-21,Docklands,St Kilda,Richmond,Richmond,Andrew Collins,2,2,5,0,2,0,1
2010,21,2010-08-21,Docklands,St Kilda,Richmond,Richmond,Daniel Connors,21,7,5,0,0,0,1
2010,21,2010-08-21,Docklands,St Kilda,Richmond,Richmond,Trent Cotchin,14,4,8,2,0,0,3
2010,21,2010-08-21,Docklands,St Kilda,Richmond,Richmond,Ben Cousins,8,8,12,0,0,0,2
2010,21,2010-08-21,Docklands,St Kilda,Richmond,Richmond,Brett Deledio,17,5,8,0,0,0,4
2010,21,2010-08-21,Docklands,St Kilda,Richmond,Richmond,Shane Edwards,16,9,9,0,0,0,0
2010,21,2010-08-21,Docklands,St Kilda,Richmond,Richmond,David Gourdis,8,4,8,0,0,0,0
2010,21,2010-08-21,Docklands,St Kilda,Richmond,Richmond,Angus Graham,3,4,7,0,0,32,1
2010,21,2010-08-21,Docklands,St Kilda,Richmond,Richmond,Jake King,10,3,2,3,1,0,2
2010,21,2010-08-21,Docklands,St Kilda,Richmond,Richmond,Dustin Martin,10,4,5,0,0,0,1
2010,21,2010-08-21,Docklands,St Kilda,Richmond,Richmond,Kelvin Moore,8,7,7,1,1,0,2
2010,21,2010-08-21,Docklands,St Kilda,Richmond,Richmond,Mitch Morton,11,2,9,0,2,0,4
2010,21,2010-08-21,Docklands,St Kilda,Richmond,Richmond,Robin Nahas,2,5,13,0,0,0,4
2010,21,2010-08-21,Docklands,St Kilda,Richmond,Richmond,Chris Newman,8,3,2,0,0,0,2
2010,21,2010-08-21,Docklands,St Kilda,Richmond,Richmond,Jamie OReilly,8,3,8,0,0,0,1
2010,21,2010-08-21,Docklands,St Kilda,Richmond,Richmond,Jayden Post,6,4,3,0,1,5,1
2010,21,2010-08-21,Docklands,St Kilda,Richmond,Richmond,Alex Rance,7,4,8,0,0,0,3
2010,21,2010-08-21,Docklands,St Kilda,Richmond,Richmond,Jack Riewoldt,15,11,2,7,1,0,2
2010,21,2010-08-21,Docklands,St Kilda,Richmond,Richmond,Troy Taylor,6,5,4,1,0,0,8
2010,21,2010-08-21,Docklands,St Kilda,Richmond,Richmond,Will Thursfield,1,1,6,0,0,0,0
2010,21,2010-08-21,Docklands,St Kilda,Richmond,Richmond,Shane Tuck,10,4,11,0,0,0,1
2010,21,2010-08-21,M.C.G.,Collingwood,Adelaide,Collingwood,John Anthony,6,4,6,0,0,0,4
2010,21,2010-08-21,M.C.G.,Collingwood,Adelaide,Collingwood,Luke Ball,8,2,13,0,2,0,5
2010,21,2010-08-21,M.C.G.,Collingwood,Adelaide,Collingwood,Dayne Beams,11,5,8,0,1,0,3
2010,21,2010-08-21,M.C.G.,Collingwood,Adelaide,Collingwood,Jarryd Blair,7,4,12,0,1,0,3
2010,21,2010-08-21,M.C.G.,Collingwood,Adelaide,Collingwood,Leigh Brown,11,5,3,2,1,8,2
2010,21,2010-08-21,M.C.G.,Collingwood,Adelaide,Collingwood,Nathan Brown,5,3,4,0,0,0,2
2010,21,2010-08-21,M.C.G.,Collingwood,Adelaide,Collingwood,Travis Cloke,12,8,4,1,3,0,5
2010,21,2010-08-21,M.C.G.,Collingwood,Adelaide,Collingwood,Chris Dawes,5,4,2,0,0,0,5
2010,21,2010-08-21,M.C.G.,Collingwood,Adelaide,Collingwood,Alan Didak,15,5,9,1,0,0,2
2010,21,2010-08-21,M.C.G.,Collingwood,Adelaide,Collingwood,Tyson Goldsack,7,4,7,0,0,0,5
2010,21,2010-08-21,M.C.G.,Collingwood,Adelaide,Collingwood,Ben Johnson,12,5,10,0,0,0,2
2010,21,2010-08-21,M.C.G.,Collingwood,Adelaide,Collingwood,Darren Jolly,7,6,13,0,0,26,0
2010,21,2010-08-21,M.C.G.,Collingwood,Adelaide,Collingwood,Heritier Lumumba,3,0,2,0,0,0,2
2010,21,2010-08-21,M.C.G.,Collingwood,Adelaide,Collingwood,Brent Macaffer,9,8,8,0,0,0,7
2010,21,2010-08-21,M.C.G.,Collingwood,Adelaide,Collingwood,Nick Maxwell,9,5,3,0,0,0,3
2010,21,2010-08-21,M.C.G.,Collingwood,Adelaide,Collingwood,Scott Pendlebury,11,3,19,0,0,0,5
2010,21,2010-08-21,M.C.G.,Collingwood,Adelaide,Collingwood,Heath Shaw,9,4,5,0,1,0,5
2010,21,2010-08-21,M.C.G.,Collingwood,Adelaide,Collingwood,Steele Sidebottom,18,9,10,0,0,0,3
2010,21,2010-08-21,M.C.G.,Collingwood,Adelaide,Collingwood,Dane Swan,18,6,10,0,0,0,3
2010,21,2010-08-21,M.C.G.,Collingwood,Adelaide,Collingwood,Dale Thomas,13,6,13,2,1,0,3
2010,21,2010-08-21,M.C.G.,Collingwood,Adelaide,Collingwood,Alan Toovey,5,3,9,0,0,0,4
2010,21,2010-08-21,M.C.G.,Collingwood,Adelaide,Collingwood,Sharrod Wellingham,11,6,9,0,2,0,3
2010,21,2010-08-21,M.C.G.,Collingwood,Adelaide,Adelaide,Patrick Dangerfield,9,4,10,0,0,0,6
2010,21,2010-08-21,M.C.G.,Collingwood,Adelaide,Adelaide,Phil Davis,5,5,7,0,0,0,2
2010,21,2010-08-21,M.C.G.,Collingwood,Adelaide,Adelaide,Michael Doughty,11,5,9,0,0,0,3
2010,21,2010-08-21,M.C.G.,Collingwood,Adelaide,Adelaide,Richard Douglas,12,6,6,0,0,0,4
2010,21,2010-08-21,M.C.G.,Collingwood,Adelaide,Adelaide,Ricky Henderson,8,4,1,1,1,0,5
2010,21,2010-08-21,M.C.G.,Collingwood,Adelaide,Adelaide,Matthew Jaensch,6,5,3,0,0,0,1
2010,21,2010-08-21,M.C.G.,Collingwood,Adelaide,Adelaide,Graham Johncock,19,7,8,0,1,0,5
2010,21,2010-08-21,M.C.G.,Collingwood,Adelaide,Adelaide,David Mackay,6,2,8,0,0,0,3
2010,21,2010-08-21,M.C.G.,Collingwood,Adelaide,Adelaide,Ivan Maric,7,5,4,1,0,15,0
2010,21,2010-08-21,M.C.G.,Collingwood,Adelaide,Adelaide,Jason Porplyzia,13,4,4,0,2,0,2
2010,21,2010-08-21,M.C.G.,Collingwood,Adelaide,Adelaide,Brent Reilly,12,3,9,0,0,1,3
2010,21,2010-08-21,M.C.G.,Collingwood,Adelaide,Adelaide,Ben Rutten,9,8,11,0,0,0,3
2010,21,2010-08-21,M.C.G.,Collingwood,Adelaide,Adelaide,Chris Schmidt,8,5,6,0,0,0,0
2010,21,2010-08-21,M.C.G.,Collingwood,Adelaide,Adelaide,James Sellar,0,1,2,0,0,9,1
2010,21,2010-08-21,M.C.G.,Collingwood,Adelaide,Adelaide,Rory Sloane,8,5,12,0,0,0,3
2010,21,2010-08-21,M.C.G.,Collingwood,Adelaide,Adelaide,Scott Stevens,15,9,4,1,0,0,1
2010,21,2010-08-21,M.C.G.,Collingwood,Adelaide,Adelaide,Brad Symes,9,8,10,0,0,1,2
2010,21,2010-08-21,M.C.G.,Collingwood,Adelaide,Adelaide,Scott Thompson,13,5,16,0,0,0,5
2010,21,2010-08-21,M.C.G.,Collingwood,Adelaide,Adelaide,Kurt Tippett,4,3,2,1,0,5,1
2010,21,2010-08-21,M.C.G.,Collingwood,Adelaide,Adelaide,Nathan van Berlo,10,9,9,0,0,1,3
2010,21,2010-08-21,M.C.G.,Collingwood,Adelaide,Adelaide,Taylor Walker,6,1,4,2,1,0,2
2010,21,2010-08-21,M.C.G.,Collingwood,Adelaide,Adelaide,Will Young,2,1,0,1,0,0,3
2010,21,2010-08-21,S.C.G.,Sydney,Western Bulldogs,Sydney,Paul Bevan,9,5,5,2,2,0,3
2010,21,2010-08-21,S.C.G.,Sydney,Western Bulldogs,Sydney,Jude Bolton,9,1,11,2,0,0,11
2010,21,2010-08-21,S.C.G.,Sydney,Western Bulldogs,Sydney,Trent Dennis-Lane,12,7,3,4,0,0,1
2010,21,2010-08-21,S.C.G.,Sydney,Western Bulldogs,Sydney,Adam Goodes,17,7,8,0,3,0,3
2010,21,2010-08-21,S.C.G.,Sydney,Western Bulldogs,Sydney,Heath Grundy,13,8,8,0,0,0,0
2010,21,2010-08-21,S.C.G.,Sydney,Western Bulldogs,Sydney,Dan Hannebery,11,5,16,0,0,0,6
2010,21,2010-08-21,S.C.G.,Sydney,Western Bulldogs,Sydney,Kieren Jack,18,4,7,2,1,0,5
2010,21,2010-08-21,S.C.G.,Sydney,Western Bulldogs,Sydney,Lewis Jetta,7,3,5,2,0,0,1
2010,21,2010-08-21,S.C.G.,Sydney,Western Bulldogs,Sydney,Josh Kennedy,6,2,13,0,0,0,8
2010,21,2010-08-21,S.C.G.,Sydney,Western Bulldogs,Sydney,Tadhg Kennelly,17,3,5,0,0,0,1
2010,21,2010-08-21,S.C.G.,Sydney,Western Bulldogs,Sydney,Brett Kirk,6,5,7,2,1,0,1
2010,21,2010-08-21,S.C.G.,Sydney,Western Bulldogs,Sydney,Nick Malceski,10,4,2,0,1,0,2
2010,21,2010-08-21,S.C.G.,Sydney,Western Bulldogs,Sydney,Martin Mattner,7,4,9,0,0,0,1
2010,21,2010-08-21,S.C.G.,Sydney,Western Bulldogs,Sydney,Jarrad McVeigh,9,4,12,2,0,0,4
2010,21,2010-08-21,S.C.G.,Sydney,Western Bulldogs,Sydney,Brett Meredith,13,6,2,0,1,0,2
2010,21,2010-08-21,S.C.G.,Sydney,Western Bulldogs,Sydney,Shane Mumford,2,0,0,0,0,18,2
2010,21,2010-08-21,S.C.G.,Sydney,Western Bulldogs,Sydney,Mike Pyke,2,5,11,0,1,20,6
2010,21,2010-08-21,S.C.G.,Sydney,Western Bulldogs,Sydney,Ted Richards,6,3,16,0,0,0,0
2010,21,2010-08-21,S.C.G.,Sydney,Western Bulldogs,Sydney,Gary Rohan,10,8,5,0,0,0,0
2010,21,2010-08-21,S.C.G.,Sydney,Western Bulldogs,Sydney,Rhyce Shaw,10,4,3,0,0,0,4
2010,21,2010-08-21,S.C.G.,Sydney,Western Bulldogs,Sydney,Nick Smith,4,4,9,0,0,0,1
2010,21,2010-08-21,S.C.G.,Sydney,Western Bulldogs,Sydney,Jesse White,3,3,2,1,0,2,0
2010,21,2010-08-21,S.C.G.,Sydney,Western Bulldogs,Western Bulldogs,Matthew Boyd,19,5,5,0,1,1,7
2010,21,2010-08-21,S.C.G.,Sydney,Western Bulldogs,Western Bulldogs,Adam Cooney,1,1,0,0,0,0,0
2010,21,2010-08-21,S.C.G.,Sydney,Western Bulldogs,Western Bulldogs,Daniel Cross,4,2,9,0,0,3,6
2010,21,2010-08-21,S.C.G.,Sydney,Western Bulldogs,Western Bulldogs,Nathan Eagleton,14,4,3,2,1,0,0
2010,21,2010-08-21,S.C.G.,Sydney,Western Bulldogs,Western Bulldogs,Daniel Giansiracusa,5,1,3,0,0,0,2
2010,21,2010-08-21,S.C.G.,Sydney,Western Bulldogs,Western Bulldogs,Lindsay Gilbee,9,3,0,1,0,0,2
2010,21,2010-08-21,S.C.G.,Sydney,Western Bulldogs,Western Bulldogs,Jarrad Grant,7,6,2,2,1,0,5
2010,21,2010-08-21,S.C.G.,Sydney,Western Bulldogs,Western Bulldogs,Ryan Griffen,9,1,6,0,1,4,5
2010,21,2010-08-21,S.C.G.,Sydney,Western Bulldogs,Western Bulldogs,Mitch Hahn,6,4,7,0,0,0,1
2010,21,2010-08-21,S.C.G.,Sydney,Western Bulldogs,Western Bulldogs,Barry Hall,6,3,3,2,1,3,1
2010,21,2010-08-21,S.C.G.,Sydney,Western Bulldogs,Western Bulldogs,Jarrod Harbrow,9,7,2,0,0,0,4
2010,21,2010-08-21,S.C.G.,Sydney,Western Bulldogs,Western Bulldogs,Ryan Hargrave,10,4,7,0,0,1,2
2010,21,2010-08-21,S.C.G.,Sydney,Western Bulldogs,Western Bulldogs,Ben Hudson,5,3,10,2,0,20,3
2010,21,2010-08-21,S.C.G.,Sydney,Western Bulldogs,Western Bulldogs,Brad Johnson,6,3,0,0,0,0,2
2010,21,2010-08-21,S.C.G.,Sydney,Western Bulldogs,Western Bulldogs,Liam Jones,7,3,0,1,0,0,2
2010,21,2010-08-21,S.C.G.,Sydney,Western Bulldogs,Western Bulldogs,Brian Lake,12,7,3,0,2,0,1
2010,21,2010-08-21,S.C.G.,Sydney,Western Bulldogs,Western Bulldogs,Brodie Moles,4,2,6,0,0,0,3
2010,21,2010-08-21,S.C.G.,Sydney,Western Bulldogs,Western Bulldogs,Dale Morris,4,1,5,0,1,0,4
2010,21,2010-08-21,S.C.G.,Sydney,Western Bulldogs,Western Bulldogs,Robert Murphy,8,2,3,0,0,0,1
2010,21,2010-08-21,S.C.G.,Sydney,Western Bulldogs,Western Bulldogs,Liam Picken,9,5,6,0,0,0,6
2010,21,2010-08-21,S.C.G.,Sydney,Western Bulldogs,Western Bulldogs,Callan Ward,6,1,7,0,0,0,4
2010,21,2010-08-21,S.C.G.,Sydney,Western Bulldogs,Western Bulldogs,Tom Williams,8,4,1,0,0,3,0
2010,21,2010-08-22,Football Park,Port Adelaide,Melbourne,Port Adelaide,Travis Boak,14,1,8,3,1,0,3
2010,21,2010-08-22,Football Park,Port Adelaide,Melbourne,Port Adelaide,Matthew Broadbent,10,4,9,1,0,0,3
2010,21,2010-08-22,Football Park,Port Adelaide,Melbourne,Port Adelaide,Dean Brogan,9,3,7,0,0,25,4
2010,21,2010-08-22,Football Park,Port Adelaide,Melbourne,Port Adelaide,Alipate Carlile,10,4,4,0,0,0,0
2010,21,2010-08-22,Football Park,Port Adelaide,Melbourne,Port Adelaide,Domenic Cassisi,14,3,13,0,0,0,4
2010,21,2010-08-22,Football Park,Port Adelaide,Melbourne,Port Adelaide,Troy Chaplin,4,1,2,0,0,0,4
2010,21,2010-08-22,Football Park,Port Adelaide,Melbourne,Port Adelaide,Kane Cornes,13,8,13,0,0,0,5
2010,21,2010-08-22,Football Park,Port Adelaide,Melbourne,Port Adelaide,Brett Ebert,1,1,0,0,0,0,1
2010,21,2010-08-22,Football Park,Port Adelaide,Melbourne,Port Adelaide,Robbie Gray,11,4,4,3,3,0,2
2010,21,2010-08-22,Football Park,Port Adelaide,Melbourne,Port Adelaide,Cameron Hitchcock,8,2,3,1,1,0,3
2010,21,2010-08-22,Football Park,Port Adelaide,Melbourne,Port Adelaide,Danny Meyer,8,5,4,0,0,0,5
2010,21,2010-08-22,Football Park,Port Adelaide,Melbourne,Port Adelaide,Andrew Moore,8,2,2,0,0,0,0
2010,21,2010-08-22,Football Park,Port Adelaide,Melbourne,Port Adelaide,Jay Nash,5,3,11,0,0,0,2
2010,21,2010-08-22,Football Park,Port Adelaide,Melbourne,Port Adelaide,Danyle Pearce,14,1,6,1,1,0,7
2010,21,2010-08-22,Football Park,Port Adelaide,Melbourne,Port Adelaide,David Rodan,7,1,8,0,0,0,8
2010,21,2010-08-22,Football Park,Port Adelaide,Melbourne,Port Adelaide,Nick Salter,7,3,1,0,1,0,3
2010,21,2010-08-22,Football Park,Port Adelaide,Melbourne,Port Adelaide,Jay Schulz,7,3,6,5,0,0,2
2010,21,2010-08-22,Football Park,Port Adelaide,Melbourne,Port Adelaide,Daniel Stewart,8,3,0,1,1,4,3
2010,21,2010-08-22,Football Park,Port Adelaide,Melbourne,Port Adelaide,Paul Stewart,8,6,3,1,0,0,1
2010,21,2010-08-22,Football Park,Port Adelaide,Melbourne,Port Adelaide,Matt Thomas,6,3,12,1,0,0,4
2010,21,2010-08-22,Football Park,Port Adelaide,Melbourne,Port Adelaide,Jackson Trengove,2,2,7,0,0,0,2
2010,21,2010-08-22,Football Park,Port Adelaide,Melbourne,Port Adelaide,Justin Westhoff,10,6,4,0,0,3,4
2010,21,2010-08-22,Football Park,Port Adelaide,Melbourne,Melbourne,Rohan Bail,6,2,7,0,0,0,2
2010,21,2010-08-22,Football Park,Port Adelaide,Melbourne,Melbourne,Clint Bartram,9,3,5,0,1,0,1
2010,21,2010-08-22,Football Park,Port Adelaide,Melbourne,Melbourne,Jamie Bennell,5,4,2,0,2,0,2
2010,21,2010-08-22,Football Park,Port Adelaide,Melbourne,Melbourne,Cameron Bruce,15,7,24,0,0,0,2
2010,21,2010-08-22,Football Park,Port Adelaide,Melbourne,Melbourne,Lynden Dunn,13,4,2,1,1,1,0
2010,21,2010-08-22,Football Park,Port Adelaide,Melbourne,Melbourne,James Frawley,12,7,8,0,0,0,2
2010,21,2010-08-22,Football Park,Port Adelaide,Melbourne,Melbourne,Colin Garland,8,3,6,0,0,0,2
2010,21,2010-08-22,Football Park,Port Adelaide,Melbourne,Melbourne,Brad Green,10,2,3,1,0,0,1
2010,21,2010-08-22,Football Park,Port Adelaide,Melbourne,Melbourne,Mark Jamar,0,0,5,0,0,37,3
2010,21,2010-08-22,Football Park,Port Adelaide,Melbourne,Melbourne,Nathan Jones,8,3,11,0,1,0,4
2010,21,2010-08-22,Football Park,Port Adelaide,Melbourne,Melbourne,Liam Jurrah,9,4,2,4,1,0,3
2010,21,2010-08-22,Football Park,Port Adelaide,Melbourne,Melbourne,James McDonald,13,1,14,1,0,0,10
2010,21,2010-08-22,Football Park,Port Adelaide,Melbourne,Melbourne,Jordie McKenzie,9,5,15,0,0,0,5
2010,21,2010-08-22,Football Park,Port Adelaide,Melbourne,Melbourne,Brent Moloney,8,3,20,0,1,0,1
2010,21,2010-08-22,Football Park,Port Adelaide,Melbourne,Melbourne,Cale Morton,11,8,14,0,1,1,2
2010,21,2010-08-22,Football Park,Port Adelaide,Melbourne,Melbourne,Michael Newton,12,4,4,0,1,9,4
2010,21,2010-08-22,Football Park,Port Adelaide,Melbourne,Melbourne,Jared Rivers,8,5,11,0,0,0,2
2010,21,2010-08-22,Football Park,Port Adelaide,Melbourne,Melbourne,Tom Scully,10,2,17,1,0,0,5
2010,21,2010-08-22,Football Park,Port Adelaide,Melbourne,Melbourne,Jack Trengove,9,5,5,0,1,0,8
2010,21,2010-08-22,Football Park,Port Adelaide,Melbourne,Melbourne,Matthew Warnock,7,4,7,0,0,0,3
2010,21,2010-08-22,Football Park,Port Adelaide,Melbourne,Melbourne,Jack Watts,7,6,1,1,0,1,1
2010,21,2010-08-22,Football Park,Port Adelaide,Melbourne,Melbourne,Austin Wonaeamirri,6,2,3,2,1,0,2
2010,21,2010-08-22,Docklands,Essendon,Brisbane Lions,Essendon,Jake Carlisle,9,12,5,1,0,0,1
2010,21,2010-08-22,Docklands,Essendon,Brisbane Lions,Essendon,Stewart Crameri,13,3,6,0,1,0,3
2010,21,2010-08-22,Docklands,Essendon,Brisbane Lions,Essendon,Courtenay Dempsey,10,5,10,0,0,0,8
2010,21,2010-08-22,Docklands,Essendon,Brisbane Lions,Essendon,Kyle Hardingham,5,4,4,0,1,1,1
2010,21,2010-08-22,Docklands,Essendon,Brisbane Lions,Essendon,David Hille,8,7,7,1,0,30,2
2010,21,2010-08-22,Docklands,Essendon,Brisbane Lions,Essendon,Heath Hocking,4,1,7,0,0,0,1
2010,21,2010-08-22,Docklands,Essendon,Brisbane Lions,Essendon,Cale Hooker,15,7,10,0,1,2,3
2010,21,2010-08-22,Docklands,Essendon,Brisbane Lions,Essendon,Ben Howlett,6,2,11,1,0,0,5
2010,21,2010-08-22,Docklands,Essendon,Brisbane Lions,Essendon,Michael Hurley,5,0,6,0,0,0,1
2010,21,2010-08-22,Docklands,Essendon,Brisbane Lions,Essendon,Leroy Jetta,16,5,10,0,1,0,4
2010,21,2010-08-22,Docklands,Essendon,Brisbane Lions,Essendon,Marcus Marigliani,4,3,9,1,0,0,2
2010,21,2010-08-22,Docklands,Essendon,Brisbane Lions,Essendon,Mark McVeigh,9,1,2,0,0,0,8
2010,21,2010-08-22,Docklands,Essendon,Brisbane Lions,Essendon,Jake Melksham,8,1,6,0,0,0,3
2010,21,2010-08-22,Docklands,Essendon,Brisbane Lions,Essendon,Angus Monfries,3,1,7,1,1,0,3
2010,21,2010-08-22,Docklands,Essendon,Brisbane Lions,Essendon,David Myers,12,4,3,1,0,0,2
2010,21,2010-08-22,Docklands,Essendon,Brisbane Lions,Essendon,Jay Neagle,4,3,5,1,0,0,1
2010,21,2010-08-22,Docklands,Essendon,Brisbane Lions,Essendon,Brent Prismall,7,4,9,0,1,0,6
2010,21,2010-08-22,Docklands,Essendon,Brisbane Lions,Essendon,Michael Quinn,4,2,7,0,0,0,3
2010,21,2010-08-22,Docklands,Essendon,Brisbane Lions,Essendon,Kyle Reimers,5,1,2,2,0,0,5
2010,21,2010-08-22,Docklands,Essendon,Brisbane Lions,Essendon,Henry Slattery,7,3,3,0,0,0,3
2010,21,2010-08-22,Docklands,Essendon,Brisbane Lions,Essendon,Brent Stanton,14,5,7,1,1,0,3
2010,21,2010-08-22,Docklands,Essendon,Brisbane Lions,Essendon,Jobe Watson,3,0,14,0,0,0,5
2010,21,2010-08-22,Docklands,Essendon,Brisbane Lions,Brisbane Lions,Jed Adcock,10,5,6,1,0,1,6
2010,21,2010-08-22,Docklands,Essendon,Brisbane Lions,Brisbane Lions,Todd Banfield,6,3,2,3,1,0,2
2010,21,2010-08-22,Docklands,Essendon,Brisbane Lions,Brisbane Lions,Simon Black,12,5,19,0,0,0,2
2010,21,2010-08-22,Docklands,Essendon,Brisbane Lions,Brisbane Lions,Jared Brennan,16,8,4,1,2,2,4
2010,21,2010-08-22,Docklands,Essendon,Brisbane Lions,Brisbane Lions,Jonathan Brown,19,16,6,4,6,0,0
2010,21,2010-08-22,Docklands,Essendon,Brisbane Lions,Brisbane Lions,Mitch Clark,7,8,4,1,0,3,0
2010,21,2010-08-22,Docklands,Essendon,Brisbane Lions,Brisbane Lions,Pearce Hanley,13,3,4,0,0,0,4
2010,21,2010-08-22,Docklands,Essendon,Brisbane Lions,Brisbane Lions,Ryan Harwood,4,2,6,0,0,0,1
2010,21,2010-08-22,Docklands,Essendon,Brisbane Lions,Brisbane Lions,Matthew Leuenberger,6,4,13,0,0,19,8
2010,21,2010-08-22,Docklands,Essendon,Brisbane Lions,Brisbane Lions,Ashley McGrath,11,6,12,0,0,0,4
2010,21,2010-08-22,Docklands,Essendon,Brisbane Lions,Brisbane Lions,Daniel Merrett,5,4,5,0,0,0,2
2010,21,2010-08-22,Docklands,Essendon,Brisbane Lions,Brisbane Lions,Joel Patfull,5,5,9,0,0,0,3
2010,21,2010-08-22,Docklands,Essendon,Brisbane Lions,Brisbane Lions,James Polkinghorne,7,6,6,1,0,0,4
2010,21,2010-08-22,Docklands,Essendon,Brisbane Lions,Brisbane Lions,Luke Power,17,7,14,0,0,0,1
2010,21,2010-08-22,Docklands,Essendon,Brisbane Lions,Brisbane Lions,Jack Redden,9,7,16,1,0,0,7
2010,21,2010-08-22,Docklands,Essendon,Brisbane Lions,Brisbane Lions,Daniel Rich,17,5,13,0,1,0,7
2010,21,2010-08-22,Docklands,Essendon,Brisbane Lions,Brisbane Lions,Michael Rischitelli,17,7,11,2,0,0,4
2010,21,2010-08-22,Docklands,Essendon,Brisbane Lions,Brisbane Lions,Tom Rockliff,10,5,15,0,0,0,5
2010,21,2010-08-22,Docklands,Essendon,Brisbane Lions,Brisbane Lions,Troy Selwood,0,0,7,0,0,0,1
2010,21,2010-08-22,Docklands,Essendon,Brisbane Lions,Brisbane Lions,Justin Sherman,8,4,5,0,0,0,0
2010,21,2010-08-22,Docklands,Essendon,Brisbane Lions,Brisbane Lions,Brent Staker,10,4,9,0,0,0,1
2010,21,2010-08-22,Docklands,Essendon,Brisbane Lions,Brisbane Lions,Cheynee Stiller,9,4,8,0,0,0,4
2010,21,2010-08-22,Subiaco,West Coast,North Melbourne,West Coast,Dean Cox,13,4,15,0,2,28,4
2010,21,2010-08-22,Subiaco,West Coast,North Melbourne,West Coast,Brad Ebert,11,2,14,0,0,0,4
2010,21,2010-08-22,Subiaco,West Coast,North Melbourne,West Coast,Andrew Embley,14,10,19,1,0,0,5
2010,21,2010-08-22,Subiaco,West Coast,North Melbourne,West Coast,Ashton Hams,6,4,7,1,0,0,3
2010,21,2010-08-22,Subiaco,West Coast,North Melbourne,West Coast,Shannon Hurn,20,8,0,1,0,0,3
2010,21,2010-08-22,Subiaco,West Coast,North Melbourne,West Coast,Jordan Jones,7,5,6,0,0,0,2
2010,21,2010-08-22,Subiaco,West Coast,North Melbourne,West Coast,Josh Kennedy,7,5,2,0,2,0,2
2010,21,2010-08-22,Subiaco,West Coast,North Melbourne,West Coast,Mark LeCras,12,1,2,2,0,0,4
2010,21,2010-08-22,Subiaco,West Coast,North Melbourne,West Coast,Eric Mackenzie,9,9,10,0,0,1,1
2010,21,2010-08-22,Subiaco,West Coast,North Melbourne,West Coast,Chris Masten,9,5,7,1,0,0,2
2010,21,2010-08-22,Subiaco,West Coast,North Melbourne,West Coast,Patrick McGinnity,6,2,10,0,0,0,3
2010,21,2010-08-22,Subiaco,West Coast,North Melbourne,West Coast,Nic Naitanui,1,0,8,1,0,19,4
2010,21,2010-08-22,Subiaco,West Coast,North Melbourne,West Coast,Matt Rosa,14,1,10,0,0,0,4
2010,21,2010-08-22,Subiaco,West Coast,North Melbourne,West Coast,Will Schofield,8,5,4,0,0,0,2
2010,21,2010-08-22,Subiaco,West Coast,North Melbourne,West Coast,Scott Selwood,11,6,11,1,0,0,7
2010,21,2010-08-22,Subiaco,West Coast,North Melbourne,West Coast,Luke Shuey,10,4,9,0,1,0,5
2010,21,2010-08-22,Subiaco,West Coast,North Melbourne,West Coast,Ashley Smith,10,8,8,1,0,0,2
2010,21,2010-08-22,Subiaco,West Coast,North Melbourne,West Coast,Matthew Spangher,9,3,5,0,0,0,1
2010,21,2010-08-22,Subiaco,West Coast,North Melbourne,West Coast,Koby Stevens,7,4,6,0,0,0,3
2010,21,2010-08-22,Subiaco,West Coast,North Melbourne,West Coast,Andrew Strijk,8,3,5,0,0,0,2
2010,21,2010-08-22,Subiaco,West Coast,North Melbourne,West Coast,Beau Waters,13,7,6,1,0,0,4
2010,21,2010-08-22,Subiaco,West Coast,North Melbourne,West Coast,Callum Wilson,9,6,0,4,3,0,1
2010,21,2010-08-22,Subiaco,West Coast,North Melbourne,North Melbourne,Leigh Adams,8,3,5,0,3,0,6
2010,21,2010-08-22,Subiaco,West Coast,North Melbourne,North Melbourne,Ryan Bastinac,6,4,16,0,0,0,3
2010,21,2010-08-22,Subiaco,West Coast,North Melbourne,North Melbourne,Ben Cunnington,5,0,9,0,0,0,3
2010,21,2010-08-22,Subiaco,West Coast,North Melbourne,North Melbourne,Aaron Edwards,10,6,4,3,0,0,2
2010,21,2010-08-22,Subiaco,West Coast,North Melbourne,North Melbourne,Michael Firrito,8,5,13,0,0,0,3
2010,21,2010-08-22,Subiaco,West Coast,North Melbourne,North Melbourne,Cruize Garlett,8,4,12,0,0,0,2
2010,21,2010-08-22,Subiaco,West Coast,North Melbourne,North Melbourne,Levi Greenwood,8,2,9,0,0,0,8
2010,21,2010-08-22,Subiaco,West Coast,North Melbourne,North Melbourne,Nathan Grima,9,3,6,0,0,0,0
2010,21,2010-08-22,Subiaco,West Coast,North Melbourne,North Melbourne,David Hale,2,1,3,0,0,12,2
2010,21,2010-08-22,Subiaco,West Coast,North Melbourne,North Melbourne,Lachlan Hansen,7,4,3,0,1,1,3
2010,21,2010-08-22,Subiaco,West Coast,North Melbourne,North Melbourne,Leigh Harding,8,6,10,0,1,0,3
2010,21,2010-08-22,Subiaco,West Coast,North Melbourne,North Melbourne,Brent Harvey,16,1,10,0,0,0,2
2010,21,2010-08-22,Subiaco,West Coast,North Melbourne,North Melbourne,Hamish McIntosh,7,4,6,1,1,11,3
2010,21,2010-08-22,Subiaco,West Coast,North Melbourne,North Melbourne,Scott McMahon,10,2,7,0,0,0,2
2010,21,2010-08-22,Subiaco,West Coast,North Melbourne,North Melbourne,Daniel Pratt,8,5,6,0,0,0,3
2010,21,2010-08-22,Subiaco,West Coast,North Melbourne,North Melbourne,Brady Rawlings,10,5,18,0,0,0,2
2010,21,2010-08-22,Subiaco,West Coast,North Melbourne,North Melbourne,Andrew Swallow,8,5,19,3,0,0,9
2010,21,2010-08-22,Subiaco,West Coast,North Melbourne,North Melbourne,Scott Thompson,10,6,11,1,0,0,2
2010,21,2010-08-22,Subiaco,West Coast,North Melbourne,North Melbourne,Ben Warren,10,5,3,3,0,0,2
2010,21,2010-08-22,Subiaco,West Coast,North Melbourne,North Melbourne,Daniel Wells,11,1,12,1,2,0,3
2010,21,2010-08-22,Subiaco,West Coast,North Melbourne,North Melbourne,Marcus White,8,2,8,0,0,0,2
2010,21,2010-08-22,Subiaco,West Coast,North Melbourne,North Melbourne,Sam Wright,10,4,6,4,2,0,1
2010,22,2010-08-27,Subiaco,Fremantle,Carlton,Fremantle,Hayden Ballantyne,7,2,6,1,0,0,4
2010,22,2010-08-27,Subiaco,Fremantle,Carlton,Fremantle,Greg Broughton,8,5,13,0,0,0,2
2010,22,2010-08-27,Subiaco,Fremantle,Carlton,Fremantle,Matt de Boer,5,2,6,1,0,0,5
2010,22,2010-08-27,Subiaco,Fremantle,Carlton,Fremantle,Paul Duffield,9,2,4,0,0,0,6
2010,22,2010-08-27,Subiaco,Fremantle,Carlton,Fremantle,Nat Fyfe,7,4,11,0,1,0,3
2010,22,2010-08-27,Subiaco,Fremantle,Carlton,Fremantle,Antoni Grover,6,5,4,0,0,0,1
2010,22,2010-08-27,Subiaco,Fremantle,Carlton,Fremantle,Paul Hasleby,4,3,8,0,0,0,2
2010,22,2010-08-27,Subiaco,Fremantle,Carlton,Fremantle,Roger Hayden,11,6,3,0,0,0,3
2010,22,2010-08-27,Subiaco,Fremantle,Carlton,Fremantle,Stephen Hill,13,3,12,2,1,0,2
2010,22,2010-08-27,Subiaco,Fremantle,Carlton,Fremantle,Garrick Ibbotson,15,8,6,0,1,0,1
2010,22,2010-08-27,Subiaco,Fremantle,Carlton,Fremantle,Michael Johnson,13,9,10,2,0,3,3
2010,22,2010-08-27,Subiaco,Fremantle,Carlton,Fremantle,Chris Mayne,9,7,5,2,2,0,2
2010,22,2010-08-27,Subiaco,Fremantle,Carlton,Fremantle,Luke McPharlin,9,4,5,0,0,0,2
2010,22,2010-08-27,Subiaco,Fremantle,Carlton,Fremantle,Adam McPhee,15,7,6,0,1,0,5
2010,22,2010-08-27,Subiaco,Fremantle,Carlton,Fremantle,Anthony Morabito,12,4,6,1,0,0,0
2010,22,2010-08-27,Subiaco,Fremantle,Carlton,Fremantle,David Mundy,12,6,11,0,0,1,4
2010,22,2010-08-27,Subiaco,Fremantle,Carlton,Fremantle,Matthew Pavlich,10,3,15,2,1,0,6
2010,22,2010-08-27,Subiaco,Fremantle,Carlton,Fremantle,Dylan Roberton,8,5,4,0,1,0,3
2010,22,2010-08-27,Subiaco,Fremantle,Carlton,Fremantle,Aaron Sandilands,5,2,15,0,0,40,1
2010,22,2010-08-27,Subiaco,Fremantle,Carlton,Fremantle,Nick Suban,6,2,4,0,0,0,5
2010,22,2010-08-27,Subiaco,Fremantle,Carlton,Fremantle,Jay van Berlo,7,3,10,0,0,0,3
2010,22,2010-08-27,Subiaco,Fremantle,Carlton,Fremantle,Michael Walters,8,2,3,2,0,0,1
2010,22,2010-08-27,Subiaco,Fremantle,Carlton,Carlton,Dennis Armfield,9,2,6,0,0,0,7
2010,22,2010-08-27,Subiaco,Fremantle,Carlton,Carlton,Eddie Betts,8,3,3,1,1,0,6
2010,22,2010-08-27,Subiaco,Fremantle,Carlton,Carlton,Paul Bower,10,5,9,0,0,0,2
2010,22,2010-08-27,Subiaco,Fremantle,Carlton,Carlton,Andrew Carrazzo,2,1,1,0,0,0,1
2010,22,2010-08-27,Subiaco,Fremantle,Carlton,Carlton,Marcus Davies,6,2,1,0,0,0,6
2010,22,2010-08-27,Subiaco,Fremantle,Carlton,Carlton,David Ellard,6,2,9,1,0,0,12
2010,22,2010-08-27,Subiaco,Fremantle,Carlton,Carlton,Jeff Garlett,9,3,6,3,0,0,1
2010,22,2010-08-27,Subiaco,Fremantle,Carlton,Carlton,Bryce Gibbs,21,8,3,0,0,0,5
2010,22,2010-08-27,Subiaco,Fremantle,Carlton,Carlton,Shaun Grigg,12,6,12,0,0,0,2
2010,22,2010-08-27,Subiaco,Fremantle,Carlton,Carlton,Shaun Hampson,1,1,5,0,0,7,3
2010,22,2010-08-27,Subiaco,Fremantle,Carlton,Carlton,Lachie Henderson,4,3,1,2,0,0,2
2010,22,2010-08-27,Subiaco,Fremantle,Carlton,Carlton,Michael Jamison,4,3,4,0,0,0,4
2010,22,2010-08-27,Subiaco,Fremantle,Carlton,Carlton,Aaron Joseph,2,2,6,0,0,0,3
2010,22,2010-08-27,Subiaco,Fremantle,Carlton,Carlton,Chris Judd,15,3,15,0,2,0,9
2010,22,2010-08-27,Subiaco,Fremantle,Carlton,Carlton,Marc Murphy,13,3,17,1,1,0,6
2010,22,2010-08-27,Subiaco,Fremantle,Carlton,Carlton,Mitch Robinson,10,2,8,0,0,0,3
2010,22,2010-08-27,Subiaco,Fremantle,Carlton,Carlton,Jordan Russell,8,3,6,0,0,0,4
2010,22,2010-08-27,Subiaco,Fremantle,Carlton,Carlton,Heath Scotland,4,3,14,1,0,0,4
2010,22,2010-08-27,Subiaco,Fremantle,Carlton,Carlton,Kade Simpson,13,6,6,2,1,0,4
2010,22,2010-08-27,Subiaco,Fremantle,Carlton,Carlton,Jarrad Waite,10,6,4,2,1,0,2
2010,22,2010-08-27,Subiaco,Fremantle,Carlton,Carlton,Robert Warnock,3,3,9,0,0,28,2
2010,22,2010-08-27,Subiaco,Fremantle,Carlton,Carlton,Chris Yarran,7,5,10,0,0,0,2
2010,22,2010-08-28,Kardinia Park,Geelong,West Coast,Geelong,Gary Ablett,16,4,17,4,2,0,2
2010,22,2010-08-28,Kardinia Park,Geelong,West Coast,Geelong,Jimmy Bartel,14,7,10,0,0,0,5
2010,22,2010-08-28,Kardinia Park,Geelong,West Coast,Geelong,Mark Blake,3,4,10,0,0,8,1
2010,22,2010-08-28,Kardinia Park,Geelong,West Coast,Geelong,Paul Chapman,16,3,9,0,2,0,4
2010,22,2010-08-28,Kardinia Park,Geelong,West Coast,Geelong,Joel Corey,16,6,12,0,0,1,3
2010,22,2010-08-28,Kardinia Park,Geelong,West Coast,Geelong,Tom Hawkins,8,9,9,2,2,4,3
2010,22,2010-08-28,Kardinia Park,Geelong,West Coast,Geelong,Simon Hogan,6,0,9,0,0,0,2
2010,22,2010-08-28,Kardinia Park,Geelong,West Coast,Geelong,Taylor Hunt,10,6,1,0,0,0,2
2010,22,2010-08-28,Kardinia Park,Geelong,West Coast,Geelong,Steve Johnson,11,7,5,3,2,0,1
2010,22,2010-08-28,Kardinia Park,Geelong,West Coast,Geelong,James Kelly,12,4,21,0,0,0,9
2010,22,2010-08-28,Kardinia Park,Geelong,West Coast,Geelong,Cameron Ling,12,5,13,2,0,0,4
2010,22,2010-08-28,Kardinia Park,Geelong,West Coast,Geelong,Tom Lonergan,3,4,7,0,0,0,5
2010,22,2010-08-28,Kardinia Park,Geelong,West Coast,Geelong,Andrew Mackie,15,8,13,0,0,0,5
2010,22,2010-08-28,Kardinia Park,Geelong,West Coast,Geelong,Daniel Menzel,7,5,3,0,1,0,1
2010,22,2010-08-28,Kardinia Park,Geelong,West Coast,Geelong,Darren Milburn,16,15,15,0,0,0,2
2010,22,2010-08-28,Kardinia Park,Geelong,West Coast,Geelong,Cameron Mooney,8,6,4,3,2,0,1
2010,22,2010-08-28,Kardinia Park,Geelong,West Coast,Geelong,Brad Ottens,5,4,8,1,1,15,4
2010,22,2010-08-28,Kardinia Park,Geelong,West Coast,Geelong,Matthew Scarlett,16,9,6,0,0,0,2
2010,22,2010-08-28,Kardinia Park,Geelong,West Coast,Geelong,Mathew Stokes,8,5,18,0,0,0,2
2010,22,2010-08-28,Kardinia Park,Geelong,West Coast,Geelong,Harry Taylor,10,10,7,0,0,0,1
2010,22,2010-08-28,Kardinia Park,Geelong,West Coast,Geelong,Travis Varcoe,9,5,13,1,1,0,2
2010,22,2010-08-28,Kardinia Park,Geelong,West Coast,Geelong,David Wojcinski,9,4,10,0,0,0,2
2010,22,2010-08-28,Kardinia Park,Geelong,West Coast,West Coast,Dean Cox,3,2,10,0,0,12,2
2010,22,2010-08-28,Kardinia Park,Geelong,West Coast,West Coast,Brad Ebert,8,4,6,0,0,1,2
2010,22,2010-08-28,Kardinia Park,Geelong,West Coast,West Coast,Andrew Embley,10,6,8,0,0,0,2
2010,22,2010-08-28,Kardinia Park,Geelong,West Coast,West Coast,Ashton Hams,11,2,11,2,2,0,0
2010,22,2010-08-28,Kardinia Park,Geelong,West Coast,West Coast,Shannon Hurn,14,3,2,0,0,0,1
2010,22,2010-08-28,Kardinia Park,Geelong,West Coast,West Coast,Jordan Jones,4,3,4,0,0,0,0
2010,22,2010-08-28,Kardinia Park,Geelong,West Coast,West Coast,Josh Kennedy,8,6,3,1,0,0,3
2010,22,2010-08-28,Kardinia Park,Geelong,West Coast,West Coast,Mark LeCras,11,1,7,1,0,0,1
2010,22,2010-08-28,Kardinia Park,Geelong,West Coast,West Coast,Eric Mackenzie,5,4,4,0,0,0,2
2010,22,2010-08-28,Kardinia Park,Geelong,West Coast,West Coast,Chris Masten,10,3,7,1,0,0,3
2010,22,2010-08-28,Kardinia Park,Geelong,West Coast,West Coast,Patrick McGinnity,6,1,5,0,0,0,3
2010,22,2010-08-28,Kardinia Park,Geelong,West Coast,West Coast,Nic Naitanui,7,1,10,0,0,9,7
2010,22,2010-08-28,Kardinia Park,Geelong,West Coast,West Coast,Matt Rosa,10,7,8,0,0,0,4
2010,22,2010-08-28,Kardinia Park,Geelong,West Coast,West Coast,Will Schofield,3,3,5,0,0,0,3
2010,22,2010-08-28,Kardinia Park,Geelong,West Coast,West Coast,Scott Selwood,11,4,9,0,0,0,4
2010,22,2010-08-28,Kardinia Park,Geelong,West Coast,West Coast,Luke Shuey,13,5,8,1,0,0,8
2010,22,2010-08-28,Kardinia Park,Geelong,West Coast,West Coast,Ashley Smith,8,1,4,0,1,0,2
2010,22,2010-08-28,Kardinia Park,Geelong,West Coast,West Coast,Matthew Spangher,5,3,7,0,0,0,2
2010,22,2010-08-28,Kardinia Park,Geelong,West Coast,West Coast,Koby Stevens,6,6,7,1,0,0,3
2010,22,2010-08-28,Kardinia Park,Geelong,West Coast,West Coast,Andrew Strijk,9,7,6,0,1,0,1
2010,22,2010-08-28,Kardinia Park,Geelong,West Coast,West Coast,Beau Waters,14,14,8,0,0,0,1
2010,22,2010-08-28,Kardinia Park,Geelong,West Coast,West Coast,Callum Wilson,9,6,3,3,4,0,1
2010,22,2010-08-28,M.C.G.,Hawthorn,Collingwood,Hawthorn,Chance Bateman,5,3,11,0,0,0,0
2010,22,2010-08-28,M.C.G.,Hawthorn,Collingwood,Hawthorn,Campbell Brown,8,8,8,0,0,0,5
2010,22,2010-08-28,M.C.G.,Hawthorn,Collingwood,Hawthorn,Shaun Burgoyne,8,2,14,0,0,0,9
2010,22,2010-08-28,M.C.G.,Hawthorn,Collingwood,Hawthorn,Xavier Ellis,13,5,8,1,1,0,5
2010,22,2010-08-28,M.C.G.,Hawthorn,Collingwood,Hawthorn,Lance Franklin,12,8,2,6,2,1,2
2010,22,2010-08-28,M.C.G.,Hawthorn,Collingwood,Hawthorn,Josh Gibson,2,2,7,0,0,0,1
2010,22,2010-08-28,M.C.G.,Hawthorn,Collingwood,Hawthorn,Stephen Gilham,8,2,8,0,0,0,4
2010,22,2010-08-28,M.C.G.,Hawthorn,Collingwood,Hawthorn,Brent Guerra,10,4,9,0,0,0,2
2010,22,2010-08-28,M.C.G.,Hawthorn,Collingwood,Hawthorn,Rhan Hooper,3,2,1,1,0,0,5
2010,22,2010-08-28,M.C.G.,Hawthorn,Collingwood,Hawthorn,Jordan Lewis,15,2,12,1,0,0,4
2010,22,2010-08-28,M.C.G.,Hawthorn,Collingwood,Hawthorn,Sam Mitchell,13,4,17,0,0,1,11
2010,22,2010-08-28,M.C.G.,Hawthorn,Collingwood,Hawthorn,Tom Murphy,8,5,9,0,0,0,0
2010,22,2010-08-28,M.C.G.,Hawthorn,Collingwood,Hawthorn,Michael Osborne,7,3,8,0,2,0,3
2010,22,2010-08-28,M.C.G.,Hawthorn,Collingwood,Hawthorn,Carl Peterson,6,3,6,1,0,1,5
2010,22,2010-08-28,M.C.G.,Hawthorn,Collingwood,Hawthorn,Brent Renouf,2,0,1,0,0,27,2
2010,22,2010-08-28,M.C.G.,Hawthorn,Collingwood,Hawthorn,Cyril Rioli,13,2,14,2,1,0,6
2010,22,2010-08-28,M.C.G.,Hawthorn,Collingwood,Hawthorn,Jarryd Roughead,4,1,3,1,1,0,3
2010,22,2010-08-28,M.C.G.,Hawthorn,Collingwood,Hawthorn,Brad Sewell,8,2,11,0,1,0,10
2010,22,2010-08-28,M.C.G.,Hawthorn,Collingwood,Hawthorn,Wayde Skipper,3,2,6,0,0,15,3
2010,22,2010-08-28,M.C.G.,Hawthorn,Collingwood,Hawthorn,Ben Stratton,9,6,7,0,0,0,2
2010,22,2010-08-28,M.C.G.,Hawthorn,Collingwood,Hawthorn,Brendan Whitecross,9,5,3,1,0,0,1
2010,22,2010-08-28,M.C.G.,Hawthorn,Collingwood,Hawthorn,Clinton Young,12,3,3,1,0,0,1
2010,22,2010-08-28,M.C.G.,Hawthorn,Collingwood,Collingwood,Luke Ball,12,1,8,1,0,0,7
2010,22,2010-08-28,M.C.G.,Hawthorn,Collingwood,Collingwood,Dayne Beams,13,4,10,1,1,0,4
2010,22,2010-08-28,M.C.G.,Hawthorn,Collingwood,Collingwood,Jarryd Blair,8,3,4,2,0,0,7
2010,22,2010-08-28,M.C.G.,Hawthorn,Collingwood,Collingwood,Nathan Brown,9,6,6,0,0,0,4
2010,22,2010-08-28,M.C.G.,Hawthorn,Collingwood,Collingwood,Travis Cloke,9,5,10,1,0,0,4
2010,22,2010-08-28,M.C.G.,Hawthorn,Collingwood,Collingwood,Leon Davis,8,4,4,2,2,0,4
2010,22,2010-08-28,M.C.G.,Hawthorn,Collingwood,Collingwood,Chris Dawes,6,6,7,1,1,1,6
2010,22,2010-08-28,M.C.G.,Hawthorn,Collingwood,Collingwood,Josh Fraser,3,3,4,0,0,28,2
2010,22,2010-08-28,M.C.G.,Hawthorn,Collingwood,Collingwood,Tyson Goldsack,7,1,9,0,1,0,4
2010,22,2010-08-28,M.C.G.,Hawthorn,Collingwood,Collingwood,Darren Jolly,9,7,4,2,1,19,1
2010,22,2010-08-28,M.C.G.,Hawthorn,Collingwood,Collingwood,Heritier Lumumba,5,1,7,0,0,0,2
2010,22,2010-08-28,M.C.G.,Hawthorn,Collingwood,Collingwood,Brent Macaffer,10,4,9,0,2,0,6
2010,22,2010-08-28,M.C.G.,Hawthorn,Collingwood,Collingwood,Nick Maxwell,17,5,6,0,0,0,4
2010,22,2010-08-28,M.C.G.,Hawthorn,Collingwood,Collingwood,John McCarthy,6,1,5,0,1,0,1
2010,22,2010-08-28,M.C.G.,Hawthorn,Collingwood,Collingwood,Scott Pendlebury,13,4,11,0,1,0,4
2010,22,2010-08-28,M.C.G.,Hawthorn,Collingwood,Collingwood,Ben Reid,8,6,4,0,0,0,3
2010,22,2010-08-28,M.C.G.,Hawthorn,Collingwood,Collingwood,Heath Shaw,15,7,4,1,0,0,0
2010,22,2010-08-28,M.C.G.,Hawthorn,Collingwood,Collingwood,Steele Sidebottom,9,5,8,1,2,0,2
2010,22,2010-08-28,M.C.G.,Hawthorn,Collingwood,Collingwood,Dane Swan,25,5,9,1,2,0,5
2010,22,2010-08-28,M.C.G.,Hawthorn,Collingwood,Collingwood,Dale Thomas,8,3,6,0,1,0,3
2010,22,2010-08-28,M.C.G.,Hawthorn,Collingwood,Collingwood,Alan Toovey,6,3,7,0,0,0,1
2010,22,2010-08-28,M.C.G.,Hawthorn,Collingwood,Collingwood,Sharrod Wellingham,9,2,12,0,0,0,4
2010,22,2010-08-28,Football Park,Adelaide,St Kilda,Adelaide,Patrick Dangerfield,6,2,13,0,0,0,2
2010,22,2010-08-28,Football Park,Adelaide,St Kilda,Adelaide,Phil Davis,6,5,13,0,0,0,0
2010,22,2010-08-28,Football Park,Adelaide,St Kilda,Adelaide,Michael Doughty,10,8,13,0,0,0,5
2010,22,2010-08-28,Football Park,Adelaide,St Kilda,Adelaide,Richard Douglas,12,3,15,1,0,0,6
2010,22,2010-08-28,Football Park,Adelaide,St Kilda,Adelaide,Ricky Henderson,1,2,4,0,0,0,1
2010,22,2010-08-28,Football Park,Adelaide,St Kilda,Adelaide,Matthew Jaensch,11,4,10,1,2,0,2
2010,22,2010-08-28,Football Park,Adelaide,St Kilda,Adelaide,Graham Johncock,12,3,4,0,0,0,1
2010,22,2010-08-28,Football Park,Adelaide,St Kilda,Adelaide,David Mackay,8,2,7,0,0,0,5
2010,22,2010-08-28,Football Park,Adelaide,St Kilda,Adelaide,Ivan Maric,4,3,6,0,0,16,2
2010,22,2010-08-28,Football Park,Adelaide,St Kilda,Adelaide,Brodie Martin,15,9,13,0,0,0,1
2010,22,2010-08-28,Football Park,Adelaide,St Kilda,Adelaide,Jason Porplyzia,9,5,6,1,1,0,0
2010,22,2010-08-28,Football Park,Adelaide,St Kilda,Adelaide,Brent Reilly,13,4,11,0,0,0,8
2010,22,2010-08-28,Football Park,Adelaide,St Kilda,Adelaide,Ben Rutten,7,10,9,0,0,0,3
2010,22,2010-08-28,Football Park,Adelaide,St Kilda,Adelaide,Chris Schmidt,5,3,7,0,0,0,5
2010,22,2010-08-28,Football Park,Adelaide,St Kilda,Adelaide,James Sellar,2,2,4,0,0,8,1
2010,22,2010-08-28,Football Park,Adelaide,St Kilda,Adelaide,Rory Sloane,7,3,6,1,0,0,2
2010,22,2010-08-28,Football Park,Adelaide,St Kilda,Adelaide,Scott Stevens,12,6,11,0,0,1,1
2010,22,2010-08-28,Football Park,Adelaide,St Kilda,Adelaide,Brad Symes,9,4,7,0,0,0,0
2010,22,2010-08-28,Football Park,Adelaide,St Kilda,Adelaide,Scott Thompson,16,5,21,0,0,0,2
2010,22,2010-08-28,Football Park,Adelaide,St Kilda,Adelaide,Kurt Tippett,7,5,5,2,3,8,5
2010,22,2010-08-28,Football Park,Adelaide,St Kilda,Adelaide,Nathan van Berlo,12,5,9,0,0,0,2
2010,22,2010-08-28,Football Park,Adelaide,St Kilda,Adelaide,Taylor Walker,9,7,5,3,1,0,1
2010,22,2010-08-28,Football Park,Adelaide,St Kilda,St Kilda,David Armitage,8,8,13,0,0,0,7
2010,22,2010-08-28,Football Park,Adelaide,St Kilda,St Kilda,Jason Blake,13,11,16,0,0,0,3
2010,22,2010-08-28,Football Park,Adelaide,St Kilda,St Kilda,Nick Dal Santo,18,6,16,1,1,1,1
2010,22,2010-08-28,Football Park,Adelaide,St Kilda,St Kilda,Zac Dawson,4,4,12,0,0,0,2
2010,22,2010-08-28,Football Park,Adelaide,St Kilda,St Kilda,Sean Dempster,11,8,6,1,0,0,3
2010,22,2010-08-28,Football Park,Adelaide,St Kilda,St Kilda,Sam Fisher,5,2,9,0,0,0,4
2010,22,2010-08-28,Football Park,Adelaide,St Kilda,St Kilda,Michael Gardiner,10,7,4,1,1,18,1
2010,22,2010-08-28,Football Park,Adelaide,St Kilda,St Kilda,Jarryn Geary,6,1,5,1,0,0,6
2010,22,2010-08-28,Football Park,Adelaide,St Kilda,St Kilda,Sam Gilbert,4,3,12,0,0,0,4
2010,22,2010-08-28,Football Park,Adelaide,St Kilda,St Kilda,Brendon Goddard,15,7,20,0,0,2,1
2010,22,2010-08-28,Football Park,Adelaide,St Kilda,St Kilda,Jason Gram,16,9,10,0,0,0,3
2010,22,2010-08-28,Football Park,Adelaide,St Kilda,St Kilda,James Gwilt,17,8,8,0,0,0,0
2010,22,2010-08-28,Football Park,Adelaide,St Kilda,St Kilda,Lenny Hayes,13,6,19,0,1,2,4
2010,22,2010-08-28,Football Park,Adelaide,St Kilda,St Kilda,Clinton Jones,6,3,14,0,0,0,3
2010,22,2010-08-28,Football Park,Adelaide,St Kilda,St Kilda,Justin Koschitzke,5,3,5,1,0,0,1
2010,22,2010-08-28,Football Park,Adelaide,St Kilda,St Kilda,Ben McEvoy,4,6,15,0,0,14,3
2010,22,2010-08-28,Football Park,Adelaide,St Kilda,St Kilda,Andrew McQualter,2,2,14,0,0,0,7
2010,22,2010-08-28,Football Park,Adelaide,St Kilda,St Kilda,Luke Miles,4,3,13,0,0,0,2
2010,22,2010-08-28,Football Park,Adelaide,St Kilda,St Kilda,Leigh Montagna,16,5,18,0,0,0,3
2010,22,2010-08-28,Football Park,Adelaide,St Kilda,St Kilda,Brett Peake,11,7,12,0,0,0,5
2010,22,2010-08-28,Football Park,Adelaide,St Kilda,St Kilda,Farren Ray,7,2,16,0,0,0,4
2010,22,2010-08-28,Football Park,Adelaide,St Kilda,St Kilda,Nick Riewoldt,11,4,6,0,3,0,2
2010,22,2010-08-28,Docklands,Western Bulldogs,Essendon,Western Bulldogs,Dylan Addison,5,4,5,0,0,0,1
2010,22,2010-08-28,Docklands,Western Bulldogs,Essendon,Western Bulldogs,Matthew Boyd,22,6,11,0,2,0,3
2010,22,2010-08-28,Docklands,Western Bulldogs,Essendon,Western Bulldogs,Daniel Cross,16,10,15,0,0,1,3
2010,22,2010-08-28,Docklands,Western Bulldogs,Essendon,Western Bulldogs,Nathan Eagleton,11,5,7,3,0,0,1
2010,22,2010-08-28,Docklands,Western Bulldogs,Essendon,Western Bulldogs,Andrejs Everitt,9,8,7,0,0,1,3
2010,22,2010-08-28,Docklands,Western Bulldogs,Essendon,Western Bulldogs,Daniel Giansiracusa,10,4,15,2,1,0,4
2010,22,2010-08-28,Docklands,Western Bulldogs,Essendon,Western Bulldogs,Lindsay Gilbee,15,3,9,0,0,0,0
2010,22,2010-08-28,Docklands,Western Bulldogs,Essendon,Western Bulldogs,Jarrad Grant,15,12,7,6,0,0,2
2010,22,2010-08-28,Docklands,Western Bulldogs,Essendon,Western Bulldogs,Ryan Griffen,6,0,5,0,0,0,2
2010,22,2010-08-28,Docklands,Western Bulldogs,Essendon,Western Bulldogs,Mitch Hahn,10,7,7,0,0,0,2
2010,22,2010-08-28,Docklands,Western Bulldogs,Essendon,Western Bulldogs,Barry Hall,8,6,2,4,0,0,0
2010,22,2010-08-28,Docklands,Western Bulldogs,Essendon,Western Bulldogs,Jarrod Harbrow,16,7,15,0,0,0,1
2010,22,2010-08-28,Docklands,Western Bulldogs,Essendon,Western Bulldogs,Ryan Hargrave,16,8,2,0,0,0,4
2010,22,2010-08-28,Docklands,Western Bulldogs,Essendon,Western Bulldogs,Ben Hudson,5,3,10,0,0,19,2
2010,22,2010-08-28,Docklands,Western Bulldogs,Essendon,Western Bulldogs,Liam Jones,8,5,3,0,0,0,2
2010,22,2010-08-28,Docklands,Western Bulldogs,Essendon,Western Bulldogs,Brian Lake,12,10,12,0,0,0,5
2010,22,2010-08-28,Docklands,Western Bulldogs,Essendon,Western Bulldogs,Brodie Moles,7,3,9,2,0,0,4
2010,22,2010-08-28,Docklands,Western Bulldogs,Essendon,Western Bulldogs,Robert Murphy,19,11,9,0,0,0,1
2010,22,2010-08-28,Docklands,Western Bulldogs,Essendon,Western Bulldogs,Liam Picken,4,2,3,0,0,0,8
2010,22,2010-08-28,Docklands,Western Bulldogs,Essendon,Western Bulldogs,Jordan Roughead,7,5,4,0,1,5,4
2010,22,2010-08-28,Docklands,Western Bulldogs,Essendon,Western Bulldogs,Callan Ward,11,7,15,0,0,0,6
2010,22,2010-08-28,Docklands,Western Bulldogs,Essendon,Western Bulldogs,Tom Williams,8,8,3,0,0,0,2
2010,22,2010-08-28,Docklands,Western Bulldogs,Essendon,Essendon,Jake Carlisle,4,4,4,0,2,0,0
2010,22,2010-08-28,Docklands,Western Bulldogs,Essendon,Essendon,Travis Colyer,11,5,4,2,3,0,3
2010,22,2010-08-28,Docklands,Western Bulldogs,Essendon,Essendon,Stewart Crameri,4,3,13,0,0,0,2
2010,22,2010-08-28,Docklands,Western Bulldogs,Essendon,Essendon,Courtenay Dempsey,9,8,4,0,1,0,2
2010,22,2010-08-28,Docklands,Western Bulldogs,Essendon,Essendon,Kyle Hardingham,9,7,10,0,0,0,3
2010,22,2010-08-28,Docklands,Western Bulldogs,Essendon,Essendon,David Hille,7,4,12,1,0,21,3
2010,22,2010-08-28,Docklands,Western Bulldogs,Essendon,Essendon,Heath Hocking,9,6,13,2,0,0,3
2010,22,2010-08-28,Docklands,Western Bulldogs,Essendon,Essendon,Cale Hooker,0,0,2,0,0,0,0
2010,22,2010-08-28,Docklands,Western Bulldogs,Essendon,Essendon,Ben Howlett,14,2,11,1,1,0,7
2010,22,2010-08-28,Docklands,Western Bulldogs,Essendon,Essendon,Michael Hurley,7,4,6,0,0,0,1
2010,22,2010-08-28,Docklands,Western Bulldogs,Essendon,Essendon,Leroy Jetta,16,5,15,0,1,0,4
2010,22,2010-08-28,Docklands,Western Bulldogs,Essendon,Essendon,Sam Lonergan,4,1,4,0,0,0,2
2010,22,2010-08-28,Docklands,Western Bulldogs,Essendon,Essendon,Marcus Marigliani,6,2,6,1,0,0,5
2010,22,2010-08-28,Docklands,Western Bulldogs,Essendon,Essendon,Jake Melksham,9,6,4,0,0,0,5
2010,22,2010-08-28,Docklands,Western Bulldogs,Essendon,Essendon,Angus Monfries,8,4,13,0,0,0,2
2010,22,2010-08-28,Docklands,Western Bulldogs,Essendon,Essendon,David Myers,14,7,15,0,0,0,4
2010,22,2010-08-28,Docklands,Western Bulldogs,Essendon,Essendon,Brent Prismall,8,3,15,1,0,0,4
2010,22,2010-08-28,Docklands,Western Bulldogs,Essendon,Essendon,Kyle Reimers,11,4,9,0,0,0,1
2010,22,2010-08-28,Docklands,Western Bulldogs,Essendon,Essendon,Paddy Ryder,9,4,5,2,0,8,4
2010,22,2010-08-28,Docklands,Western Bulldogs,Essendon,Essendon,Henry Slattery,4,3,12,1,0,0,5
2010,22,2010-08-28,Docklands,Western Bulldogs,Essendon,Essendon,Brent Stanton,16,3,5,0,0,0,4
2010,22,2010-08-28,Docklands,Western Bulldogs,Essendon,Essendon,Jason Winderlich,8,2,9,0,2,0,4
2010,22,2010-08-28,Gabba,Brisbane Lions,Sydney,Brisbane Lions,Jed Adcock,12,6,8,1,1,0,1
2010,22,2010-08-28,Gabba,Brisbane Lions,Sydney,Brisbane Lions,Todd Banfield,2,0,3,1,0,0,2
2010,22,2010-08-28,Gabba,Brisbane Lions,Sydney,Brisbane Lions,Simon Black,11,1,10,0,1,0,2
2010,22,2010-08-28,Gabba,Brisbane Lions,Sydney,Brisbane Lions,Jared Brennan,16,12,4,2,1,2,1
2010,22,2010-08-28,Gabba,Brisbane Lions,Sydney,Brisbane Lions,Mitch Clark,9,5,4,0,0,5,3
2010,22,2010-08-28,Gabba,Brisbane Lions,Sydney,Brisbane Lions,Tom Collier,6,3,4,1,0,0,3
2010,22,2010-08-28,Gabba,Brisbane Lions,Sydney,Brisbane Lions,Pearce Hanley,6,1,11,1,0,0,2
2010,22,2010-08-28,Gabba,Brisbane Lions,Sydney,Brisbane Lions,Ryan Harwood,3,4,7,0,0,0,1
2010,22,2010-08-28,Gabba,Brisbane Lions,Sydney,Brisbane Lions,Matthew Leuenberger,7,4,8,0,0,29,2
2010,22,2010-08-28,Gabba,Brisbane Lions,Sydney,Brisbane Lions,Ashley McGrath,13,4,2,0,0,0,4
2010,22,2010-08-28,Gabba,Brisbane Lions,Sydney,Brisbane Lions,Daniel Merrett,7,6,5,0,0,0,0
2010,22,2010-08-28,Gabba,Brisbane Lions,Sydney,Brisbane Lions,Joel Patfull,7,4,6,0,0,0,3
2010,22,2010-08-28,Gabba,Brisbane Lions,Sydney,Brisbane Lions,James Polkinghorne,4,3,3,1,1,0,4
2010,22,2010-08-28,Gabba,Brisbane Lions,Sydney,Brisbane Lions,Luke Power,11,2,8,1,1,0,6
2010,22,2010-08-28,Gabba,Brisbane Lions,Sydney,Brisbane Lions,Albert Proud,8,3,2,1,0,0,0
2010,22,2010-08-28,Gabba,Brisbane Lions,Sydney,Brisbane Lions,Jack Redden,5,3,11,0,2,1,2
2010,22,2010-08-28,Gabba,Brisbane Lions,Sydney,Brisbane Lions,Daniel Rich,11,1,4,0,0,0,6
2010,22,2010-08-28,Gabba,Brisbane Lions,Sydney,Brisbane Lions,Michael Rischitelli,11,1,2,0,0,0,2
2010,22,2010-08-28,Gabba,Brisbane Lions,Sydney,Brisbane Lions,Tom Rockliff,12,7,13,0,0,0,7
2010,22,2010-08-28,Gabba,Brisbane Lions,Sydney,Brisbane Lions,Justin Sherman,4,2,4,0,0,0,2
2010,22,2010-08-28,Gabba,Brisbane Lions,Sydney,Brisbane Lions,Brent Staker,13,6,9,1,0,0,0
2010,22,2010-08-28,Gabba,Brisbane Lions,Sydney,Brisbane Lions,Cheynee Stiller,6,8,8,0,0,0,2
2010,22,2010-08-28,Gabba,Brisbane Lions,Sydney,Sydney,Paul Bevan,10,6,8,0,0,0,3
2010,22,2010-08-28,Gabba,Brisbane Lions,Sydney,Sydney,Jude Bolton,6,3,12,1,0,0,9
2010,22,2010-08-28,Gabba,Brisbane Lions,Sydney,Sydney,Trent Dennis-Lane,9,7,4,3,2,0,2
2010,22,2010-08-28,Gabba,Brisbane Lions,Sydney,Sydney,Adam Goodes,10,7,5,1,0,0,2
2010,22,2010-08-28,Gabba,Brisbane Lions,Sydney,Sydney,Heath Grundy,18,9,7,0,0,0,0
2010,22,2010-08-28,Gabba,Brisbane Lions,Sydney,Sydney,Kieren Jack,20,4,6,3,1,0,6
2010,22,2010-08-28,Gabba,Brisbane Lions,Sydney,Sydney,Lewis Jetta,10,2,6,1,0,0,0
2010,22,2010-08-28,Gabba,Brisbane Lions,Sydney,Sydney,Josh Kennedy,9,4,15,1,0,0,3
2010,22,2010-08-28,Gabba,Brisbane Lions,Sydney,Sydney,Brett Kirk,6,3,14,0,0,0,3
2010,22,2010-08-28,Gabba,Brisbane Lions,Sydney,Sydney,Nick Malceski,19,9,7,1,0,0,2
2010,22,2010-08-28,Gabba,Brisbane Lions,Sydney,Sydney,Martin Mattner,15,4,7,0,0,0,2
2010,22,2010-08-28,Gabba,Brisbane Lions,Sydney,Sydney,Jarrad McVeigh,13,5,13,1,0,0,3
2010,22,2010-08-28,Gabba,Brisbane Lions,Sydney,Sydney,Brett Meredith,6,2,4,1,0,0,0
2010,22,2010-08-28,Gabba,Brisbane Lions,Sydney,Sydney,Jarred Moore,9,2,6,0,1,0,1
2010,22,2010-08-28,Gabba,Brisbane Lions,Sydney,Sydney,Ryan OKeefe,6,4,11,1,1,0,2
2010,22,2010-08-28,Gabba,Brisbane Lions,Sydney,Sydney,Mike Pyke,6,3,9,0,1,33,8
2010,22,2010-08-28,Gabba,Brisbane Lions,Sydney,Sydney,Sam Reid,9,8,4,1,1,0,1
2010,22,2010-08-28,Gabba,Brisbane Lions,Sydney,Sydney,Ted Richards,9,10,14,0,0,0,0
2010,22,2010-08-28,Gabba,Brisbane Lions,Sydney,Sydney,Gary Rohan,9,3,5,0,0,0,1
2010,22,2010-08-28,Gabba,Brisbane Lions,Sydney,Sydney,Rhyce Shaw,8,5,2,1,0,0,2
2010,22,2010-08-28,Gabba,Brisbane Lions,Sydney,Sydney,Nick Smith,4,3,5,0,0,0,2
2010,22,2010-08-28,Gabba,Brisbane Lions,Sydney,Sydney,Jesse White,4,3,2,0,0,9,1
2010,22,2010-08-29,Docklands,Richmond,Port Adelaide,Richmond,Andrew Collins,8,5,8,1,2,0,3
2010,22,2010-08-29,Docklands,Richmond,Port Adelaide,Richmond,Daniel Connors,12,7,8,0,0,0,2
2010,22,2010-08-29,Docklands,Richmond,Port Adelaide,Richmond,Trent Cotchin,17,1,5,2,1,0,9
2010,22,2010-08-29,Docklands,Richmond,Port Adelaide,Richmond,Ben Cousins,6,7,15,0,0,0,3
2010,22,2010-08-29,Docklands,Richmond,Port Adelaide,Richmond,Brett Deledio,11,3,12,0,0,0,1
2010,22,2010-08-29,Docklands,Richmond,Port Adelaide,Richmond,Shane Edwards,12,2,12,0,1,0,0
2010,22,2010-08-29,Docklands,Richmond,Port Adelaide,Richmond,David Gourdis,3,4,6,0,0,0,0
2010,22,2010-08-29,Docklands,Richmond,Port Adelaide,Richmond,Angus Graham,7,3,2,0,1,20,2
2010,22,2010-08-29,Docklands,Richmond,Port Adelaide,Richmond,Dylan Grimes,2,1,3,0,0,0,0
2010,22,2010-08-29,Docklands,Richmond,Port Adelaide,Richmond,Jake King,13,7,2,3,2,0,1
2010,22,2010-08-29,Docklands,Richmond,Port Adelaide,Richmond,Dustin Martin,10,5,14,0,0,0,5
2010,22,2010-08-29,Docklands,Richmond,Port Adelaide,Richmond,Kelvin Moore,7,1,6,0,0,0,1
2010,22,2010-08-29,Docklands,Richmond,Port Adelaide,Richmond,Mitch Morton,15,10,13,3,0,0,2
2010,22,2010-08-29,Docklands,Richmond,Port Adelaide,Richmond,Robin Nahas,8,3,13,1,2,0,4
2010,22,2010-08-29,Docklands,Richmond,Port Adelaide,Richmond,Chris Newman,18,5,4,0,0,0,4
2010,22,2010-08-29,Docklands,Richmond,Port Adelaide,Richmond,Jamie OReilly,4,3,7,0,0,0,0
2010,22,2010-08-29,Docklands,Richmond,Port Adelaide,Richmond,Jayden Post,7,4,4,1,0,7,0
2010,22,2010-08-29,Docklands,Richmond,Port Adelaide,Richmond,Alex Rance,5,7,9,0,1,0,4
2010,22,2010-08-29,Docklands,Richmond,Port Adelaide,Richmond,Jack Riewoldt,6,2,2,3,1,0,1
2010,22,2010-08-29,Docklands,Richmond,Port Adelaide,Richmond,Troy Taylor,6,4,2,0,2,0,5
2010,22,2010-08-29,Docklands,Richmond,Port Adelaide,Richmond,Shane Tuck,10,6,7,0,0,0,3
2010,22,2010-08-29,Docklands,Richmond,Port Adelaide,Richmond,Matt White,7,2,7,2,0,0,4
2010,22,2010-08-29,Docklands,Richmond,Port Adelaide,Port Adelaide,Travis Boak,20,7,11,3,1,0,8
2010,22,2010-08-29,Docklands,Richmond,Port Adelaide,Port Adelaide,Matthew Broadbent,7,2,7,0,2,0,1
2010,22,2010-08-29,Docklands,Richmond,Port Adelaide,Port Adelaide,Dean Brogan,10,8,11,1,0,28,4
2010,22,2010-08-29,Docklands,Richmond,Port Adelaide,Port Adelaide,Alipate Carlile,3,0,7,0,0,0,2
2010,22,2010-08-29,Docklands,Richmond,Port Adelaide,Port Adelaide,Domenic Cassisi,8,4,10,1,0,0,8
2010,22,2010-08-29,Docklands,Richmond,Port Adelaide,Port Adelaide,Troy Chaplin,10,3,2,0,0,0,0
2010,22,2010-08-29,Docklands,Richmond,Port Adelaide,Port Adelaide,Kane Cornes,7,0,18,0,1,0,7
2010,22,2010-08-29,Docklands,Richmond,Port Adelaide,Port Adelaide,Jason Davenport,6,5,5,1,1,0,0
2010,22,2010-08-29,Docklands,Richmond,Port Adelaide,Port Adelaide,Robbie Gray,5,4,3,2,0,0,2
2010,22,2010-08-29,Docklands,Richmond,Port Adelaide,Port Adelaide,Tom Logan,12,5,4,2,0,0,1
2010,22,2010-08-29,Docklands,Richmond,Port Adelaide,Port Adelaide,Danny Meyer,5,2,5,0,0,0,3
2010,22,2010-08-29,Docklands,Richmond,Port Adelaide,Port Adelaide,Andrew Moore,8,4,5,0,0,0,2
2010,22,2010-08-29,Docklands,Richmond,Port Adelaide,Port Adelaide,Jay Nash,8,1,4,0,0,0,1
2010,22,2010-08-29,Docklands,Richmond,Port Adelaide,Port Adelaide,Danyle Pearce,9,3,5,0,0,0,2
2010,22,2010-08-29,Docklands,Richmond,Port Adelaide,Port Adelaide,Michael Pettigrew,5,2,2,0,0,0,2
2010,22,2010-08-29,Docklands,Richmond,Port Adelaide,Port Adelaide,David Rodan,14,5,6,1,2,0,3
2010,22,2010-08-29,Docklands,Richmond,Port Adelaide,Port Adelaide,Jay Schulz,9,5,0,0,3,0,1
2010,22,2010-08-29,Docklands,Richmond,Port Adelaide,Port Adelaide,Daniel Stewart,8,6,4,4,1,2,2
2010,22,2010-08-29,Docklands,Richmond,Port Adelaide,Port Adelaide,Paul Stewart,9,5,3,2,0,0,2
2010,22,2010-08-29,Docklands,Richmond,Port Adelaide,Port Adelaide,Matt Thomas,6,5,8,0,0,0,9
2010,22,2010-08-29,Docklands,Richmond,Port Adelaide,Port Adelaide,Jackson Trengove,5,4,5,0,0,5,2
2010,22,2010-08-29,Docklands,Richmond,Port Adelaide,Port Adelaide,Justin Westhoff,14,7,8,1,2,7,2
2010,22,2010-08-29,M.C.G.,Melbourne,North Melbourne,Melbourne,Clint Bartram,7,1,6,0,0,0,3
2010,22,2010-08-29,M.C.G.,Melbourne,North Melbourne,Melbourne,Matthew Bate,3,3,7,1,0,0,1
2010,22,2010-08-29,M.C.G.,Melbourne,North Melbourne,Melbourne,Cameron Bruce,13,8,13,0,0,0,2
2010,22,2010-08-29,M.C.G.,Melbourne,North Melbourne,Melbourne,Lynden Dunn,16,10,1,3,1,0,3
2010,22,2010-08-29,M.C.G.,Melbourne,North Melbourne,Melbourne,James Frawley,12,4,8,0,1,0,0
2010,22,2010-08-29,M.C.G.,Melbourne,North Melbourne,Melbourne,Colin Garland,10,5,7,0,0,0,2
2010,22,2010-08-29,M.C.G.,Melbourne,North Melbourne,Melbourne,Brad Green,15,11,3,5,1,0,5
2010,22,2010-08-29,M.C.G.,Melbourne,North Melbourne,Melbourne,Mark Jamar,5,5,7,0,0,35,1
2010,22,2010-08-29,M.C.G.,Melbourne,North Melbourne,Melbourne,Nathan Jones,6,2,3,0,1,0,1
2010,22,2010-08-29,M.C.G.,Melbourne,North Melbourne,Melbourne,Liam Jurrah,9,3,3,5,0,0,1
2010,22,2010-08-29,M.C.G.,Melbourne,North Melbourne,Melbourne,Joel Macdonald,8,2,11,0,0,0,2
2010,22,2010-08-29,M.C.G.,Melbourne,North Melbourne,Melbourne,James McDonald,16,7,10,0,0,0,12
2010,22,2010-08-29,M.C.G.,Melbourne,North Melbourne,Melbourne,Jordie McKenzie,10,4,7,0,0,0,7
2010,22,2010-08-29,M.C.G.,Melbourne,North Melbourne,Melbourne,Brent Moloney,7,0,12,0,1,0,3
2010,22,2010-08-29,M.C.G.,Melbourne,North Melbourne,Melbourne,Cale Morton,14,10,9,1,1,1,3
2010,22,2010-08-29,M.C.G.,Melbourne,North Melbourne,Melbourne,Michael Newton,5,3,2,0,1,1,2
2010,22,2010-08-29,M.C.G.,Melbourne,North Melbourne,Melbourne,Jared Rivers,8,7,2,0,0,0,2
2010,22,2010-08-29,M.C.G.,Melbourne,North Melbourne,Melbourne,Tom Scully,12,7,16,0,0,1,4
2010,22,2010-08-29,M.C.G.,Melbourne,North Melbourne,Melbourne,Colin Sylvia,20,7,2,0,0,1,1
2010,22,2010-08-29,M.C.G.,Melbourne,North Melbourne,Melbourne,Jack Trengove,8,3,7,0,1,0,2
2010,22,2010-08-29,M.C.G.,Melbourne,North Melbourne,Melbourne,Jack Watts,9,8,3,0,0,0,1
2010,22,2010-08-29,M.C.G.,Melbourne,North Melbourne,Melbourne,Austin Wonaeamirri,4,1,3,0,2,0,5
2010,22,2010-08-29,M.C.G.,Melbourne,North Melbourne,North Melbourne,Ryan Bastinac,9,3,9,0,1,0,2
2010,22,2010-08-29,M.C.G.,Melbourne,North Melbourne,North Melbourne,Matt Campbell,6,2,9,2,0,0,3
2010,22,2010-08-29,M.C.G.,Melbourne,North Melbourne,North Melbourne,Ben Cunnington,6,3,9,0,0,0,6
2010,22,2010-08-29,M.C.G.,Melbourne,North Melbourne,North Melbourne,Aaron Edwards,5,2,6,1,0,0,0
2010,22,2010-08-29,M.C.G.,Melbourne,North Melbourne,North Melbourne,Michael Firrito,13,7,11,0,0,0,3
2010,22,2010-08-29,M.C.G.,Melbourne,North Melbourne,North Melbourne,Cruize Garlett,7,2,13,0,0,0,2
2010,22,2010-08-29,M.C.G.,Melbourne,North Melbourne,North Melbourne,Todd Goldstein,5,5,6,1,1,11,4
2010,22,2010-08-29,M.C.G.,Melbourne,North Melbourne,North Melbourne,Levi Greenwood,16,7,23,1,0,0,6
2010,22,2010-08-29,M.C.G.,Melbourne,North Melbourne,North Melbourne,Nathan Grima,9,2,11,0,0,0,0
2010,22,2010-08-29,M.C.G.,Melbourne,North Melbourne,North Melbourne,Leigh Harding,3,2,3,0,0,0,0
2010,22,2010-08-29,M.C.G.,Melbourne,North Melbourne,North Melbourne,Brent Harvey,14,4,16,3,1,0,1
2010,22,2010-08-29,M.C.G.,Melbourne,North Melbourne,North Melbourne,Corey Jones,10,9,6,3,1,0,0
2010,22,2010-08-29,M.C.G.,Melbourne,North Melbourne,North Melbourne,Jamie Macmillan,9,0,4,1,1,0,2
2010,22,2010-08-29,M.C.G.,Melbourne,North Melbourne,North Melbourne,Hamish McIntosh,4,4,14,0,0,15,0
2010,22,2010-08-29,M.C.G.,Melbourne,North Melbourne,North Melbourne,Scott McMahon,6,1,10,0,0,0,1
2010,22,2010-08-29,M.C.G.,Melbourne,North Melbourne,North Melbourne,Daniel Pratt,7,3,11,0,0,0,2
2010,22,2010-08-29,M.C.G.,Melbourne,North Melbourne,North Melbourne,Brady Rawlings,12,8,25,0,0,0,1
2010,22,2010-08-29,M.C.G.,Melbourne,North Melbourne,North Melbourne,Andrew Swallow,8,0,17,2,0,0,9
2010,22,2010-08-29,M.C.G.,Melbourne,North Melbourne,North Melbourne,Scott Thompson,13,7,17,0,1,0,4
2010,22,2010-08-29,M.C.G.,Melbourne,North Melbourne,North Melbourne,Ben Warren,9,7,3,1,0,0,5
2010,22,2010-08-29,M.C.G.,Melbourne,North Melbourne,North Melbourne,Daniel Wells,12,4,14,0,1,0,2
2010,22,2010-08-29,M.C.G.,Melbourne,North Melbourne,North Melbourne,Sam Wright,5,3,5,2,1,0,1
2010,Qualifying Final,2010-09-03,M.C.G.,Geelong,St Kilda,Geelong,Gary Ablett,9,0,12,0,1,0,5
2010,Qualifying Final,2010-09-03,M.C.G.,Geelong,St Kilda,Geelong,Jimmy Bartel,15,8,17,0,0,2,4
2010,Qualifying Final,2010-09-03,M.C.G.,Geelong,St Kilda,Geelong,Mark Blake,0,1,5,0,0,14,0
2010,Qualifying Final,2010-09-03,M.C.G.,Geelong,St Kilda,Geelong,Shannon Byrnes,9,2,4,1,0,0,1
2010,Qualifying Final,2010-09-03,M.C.G.,Geelong,St Kilda,Geelong,Paul Chapman,17,6,9,1,0,0,1
2010,Qualifying Final,2010-09-03,M.C.G.,Geelong,St Kilda,Geelong,Joel Corey,7,2,15,0,0,2,1
2010,Qualifying Final,2010-09-03,M.C.G.,Geelong,St Kilda,Geelong,Corey Enright,11,7,6,0,0,0,2
2010,Qualifying Final,2010-09-03,M.C.G.,Geelong,St Kilda,Geelong,Tom Hawkins,3,5,6,0,2,1,2
2010,Qualifying Final,2010-09-03,M.C.G.,Geelong,St Kilda,Geelong,Josh Hunt,4,2,5,0,0,0,1
2010,Qualifying Final,2010-09-03,M.C.G.,Geelong,St Kilda,Geelong,Steve Johnson,6,1,4,2,0,0,2
2010,Qualifying Final,2010-09-03,M.C.G.,Geelong,St Kilda,Geelong,James Kelly,10,1,14,0,0,0,10
2010,Qualifying Final,2010-09-03,M.C.G.,Geelong,St Kilda,Geelong,Cameron Ling,10,2,9,0,1,0,5
2010,Qualifying Final,2010-09-03,M.C.G.,Geelong,St Kilda,Geelong,Andrew Mackie,12,5,5,0,1,0,3
2010,Qualifying Final,2010-09-03,M.C.G.,Geelong,St Kilda,Geelong,Darren Milburn,19,4,5,0,0,1,2
2010,Qualifying Final,2010-09-03,M.C.G.,Geelong,St Kilda,Geelong,Cameron Mooney,8,4,1,3,3,0,3
2010,Qualifying Final,2010-09-03,M.C.G.,Geelong,St Kilda,Geelong,Brad Ottens,1,0,11,0,0,21,2
2010,Qualifying Final,2010-09-03,M.C.G.,Geelong,St Kilda,Geelong,Matthew Scarlett,12,10,4,0,0,0,2
2010,Qualifying Final,2010-09-03,M.C.G.,Geelong,St Kilda,Geelong,Joel Selwood,12,2,7,0,2,0,7
2010,Qualifying Final,2010-09-03,M.C.G.,Geelong,St Kilda,Geelong,Mathew Stokes,4,1,9,2,1,0,0
2010,Qualifying Final,2010-09-03,M.C.G.,Geelong,St Kilda,Geelong,Harry Taylor,6,2,2,0,0,2,0
2010,Qualifying Final,2010-09-03,M.C.G.,Geelong,St Kilda,Geelong,Travis Varcoe,7,1,4,2,1,0,2
2010,Qualifying Final,2010-09-03,M.C.G.,Geelong,St Kilda,Geelong,David Wojcinski,4,2,11,0,0,0,1
2010,Qualifying Final,2010-09-03,M.C.G.,Geelong,St Kilda,St Kilda,Jason Blake,3,3,1,0,0,0,1
2010,Qualifying Final,2010-09-03,M.C.G.,Geelong,St Kilda,St Kilda,Nick Dal Santo,25,7,4,0,1,0,5
2010,Qualifying Final,2010-09-03,M.C.G.,Geelong,St Kilda,St Kilda,Zac Dawson,6,4,4,0,0,0,0
2010,Qualifying Final,2010-09-03,M.C.G.,Geelong,St Kilda,St Kilda,Sean Dempster,4,2,3,0,0,0,4
2010,Qualifying Final,2010-09-03,M.C.G.,Geelong,St Kilda,St Kilda,Robert Eddy,2,1,10,0,0,0,2
2010,Qualifying Final,2010-09-03,M.C.G.,Geelong,St Kilda,St Kilda,Sam Fisher,14,7,12,0,0,0,2
2010,Qualifying Final,2010-09-03,M.C.G.,Geelong,St Kilda,St Kilda,Michael Gardiner,2,1,4,1,0,24,2
2010,Qualifying Final,2010-09-03,M.C.G.,Geelong,St Kilda,St Kilda,Sam Gilbert,9,3,7,0,0,0,3
2010,Qualifying Final,2010-09-03,M.C.G.,Geelong,St Kilda,St Kilda,Brendon Goddard,15,6,11,1,0,0,3
2010,Qualifying Final,2010-09-03,M.C.G.,Geelong,St Kilda,St Kilda,Jason Gram,8,4,7,0,0,0,6
2010,Qualifying Final,2010-09-03,M.C.G.,Geelong,St Kilda,St Kilda,James Gwilt,13,5,7,0,0,0,1
2010,Qualifying Final,2010-09-03,M.C.G.,Geelong,St Kilda,St Kilda,Lenny Hayes,12,1,13,0,0,1,9
2010,Qualifying Final,2010-09-03,M.C.G.,Geelong,St Kilda,St Kilda,Clinton Jones,5,3,9,1,0,0,6
2010,Qualifying Final,2010-09-03,M.C.G.,Geelong,St Kilda,St Kilda,Justin Koschitzke,4,5,1,1,1,0,1
2010,Qualifying Final,2010-09-03,M.C.G.,Geelong,St Kilda,St Kilda,Ben McEvoy,7,4,3,0,2,8,0
2010,Qualifying Final,2010-09-03,M.C.G.,Geelong,St Kilda,St Kilda,Andrew McQualter,6,5,8,0,1,0,5
2010,Qualifying Final,2010-09-03,M.C.G.,Geelong,St Kilda,St Kilda,Stephen Milne,16,9,3,3,2,0,7
2010,Qualifying Final,2010-09-03,M.C.G.,Geelong,St Kilda,St Kilda,Leigh Montagna,12,2,11,1,0,0,6
2010,Qualifying Final,2010-09-03,M.C.G.,Geelong,St Kilda,St Kilda,Brett Peake,15,7,5,0,1,0,1
2010,Qualifying Final,2010-09-03,M.C.G.,Geelong,St Kilda,St Kilda,Farren Ray,6,4,12,0,0,0,1
2010,Qualifying Final,2010-09-03,M.C.G.,Geelong,St Kilda,St Kilda,Nick Riewoldt,19,11,3,3,1,5,2
2010,Qualifying Final,2010-09-03,M.C.G.,Geelong,St Kilda,St Kilda,Adam Schneider,8,2,3,1,0,0,6
2010,Elimination Final,2010-09-04,Subiaco,Fremantle,Hawthorn,Fremantle,Greg Broughton,18,9,8,1,0,0,4
2010,Elimination Final,2010-09-04,Subiaco,Fremantle,Hawthorn,Fremantle,Jesse Crichton,2,1,2,0,0,0,3
2010,Elimination Final,2010-09-04,Subiaco,Fremantle,Hawthorn,Fremantle,Ryan Crowley,8,2,3,1,0,0,1
2010,Elimination Final,2010-09-04,Subiaco,Fremantle,Hawthorn,Fremantle,Matt de Boer,2,3,8,0,1,0,8
2010,Elimination Final,2010-09-04,Subiaco,Fremantle,Hawthorn,Fremantle,Paul Duffield,18,10,3,0,0,0,1
2010,Elimination Final,2010-09-04,Subiaco,Fremantle,Hawthorn,Fremantle,Nat Fyfe,15,9,7,0,0,0,1
2010,Elimination Final,2010-09-04,Subiaco,Fremantle,Hawthorn,Fremantle,Antoni Grover,9,4,4,0,0,0,2
2010,Elimination Final,2010-09-04,Subiaco,Fremantle,Hawthorn,Fremantle,Roger Hayden,10,7,8,0,1,0,3
2010,Elimination Final,2010-09-04,Subiaco,Fremantle,Hawthorn,Fremantle,Stephen Hill,12,5,10,1,1,0,0
2010,Elimination Final,2010-09-04,Subiaco,Fremantle,Hawthorn,Fremantle,Garrick Ibbotson,12,6,4,0,0,0,3
2010,Elimination Final,2010-09-04,Subiaco,Fremantle,Hawthorn,Fremantle,Michael Johnson,5,6,8,0,0,10,1
2010,Elimination Final,2010-09-04,Subiaco,Fremantle,Hawthorn,Fremantle,Chris Mayne,7,3,3,2,0,0,0
2010,Elimination Final,2010-09-04,Subiaco,Fremantle,Hawthorn,Fremantle,Luke McPharlin,10,3,4,0,0,0,4
2010,Elimination Final,2010-09-04,Subiaco,Fremantle,Hawthorn,Fremantle,Adam McPhee,11,8,8,1,2,1,1
2010,Elimination Final,2010-09-04,Subiaco,Fremantle,Hawthorn,Fremantle,Anthony Morabito,12,5,5,1,3,0,6
2010,Elimination Final,2010-09-04,Subiaco,Fremantle,Hawthorn,Fremantle,David Mundy,13,6,12,1,0,0,3
2010,Elimination Final,2010-09-04,Subiaco,Fremantle,Hawthorn,Fremantle,Matthew Pavlich,11,6,3,3,0,0,5
2010,Elimination Final,2010-09-04,Subiaco,Fremantle,Hawthorn,Fremantle,Dylan Roberton,8,4,3,0,0,0,3
2010,Elimination Final,2010-09-04,Subiaco,Fremantle,Hawthorn,Fremantle,Aaron Sandilands,8,5,5,1,1,18,0
2010,Elimination Final,2010-09-04,Subiaco,Fremantle,Hawthorn,Fremantle,Alex Silvagni,11,5,1,1,0,4,2
2010,Elimination Final,2010-09-04,Subiaco,Fremantle,Hawthorn,Fremantle,Nick Suban,6,4,1,0,0,1,2
2010,Elimination Final,2010-09-04,Subiaco,Fremantle,Hawthorn,Fremantle,Michael Walters,8,1,3,1,0,0,4
2010,Elimination Final,2010-09-04,Subiaco,Fremantle,Hawthorn,Hawthorn,Chance Bateman,8,3,6,0,0,0,0
2010,Elimination Final,2010-09-04,Subiaco,Fremantle,Hawthorn,Hawthorn,Campbell Brown,8,2,4,0,1,0,3
2010,Elimination Final,2010-09-04,Subiaco,Fremantle,Hawthorn,Hawthorn,Shaun Burgoyne,12,2,16,0,1,1,6
2010,Elimination Final,2010-09-04,Subiaco,Fremantle,Hawthorn,Hawthorn,Xavier Ellis,4,1,3,0,0,0,1
2010,Elimination Final,2010-09-04,Subiaco,Fremantle,Hawthorn,Hawthorn,Lance Franklin,9,6,4,2,0,0,6
2010,Elimination Final,2010-09-04,Subiaco,Fremantle,Hawthorn,Hawthorn,Josh Gibson,5,4,9,0,0,0,2
2010,Elimination Final,2010-09-04,Subiaco,Fremantle,Hawthorn,Hawthorn,Stephen Gilham,5,5,12,0,0,1,0
2010,Elimination Final,2010-09-04,Subiaco,Fremantle,Hawthorn,Hawthorn,Brent Guerra,13,1,8,0,0,0,0
2010,Elimination Final,2010-09-04,Subiaco,Fremantle,Hawthorn,Hawthorn,Luke Hodge,11,4,2,0,1,0,6
2010,Elimination Final,2010-09-04,Subiaco,Fremantle,Hawthorn,Hawthorn,Rick Ladson,12,5,2,1,0,0,8
2010,Elimination Final,2010-09-04,Subiaco,Fremantle,Hawthorn,Hawthorn,Jordan Lewis,14,9,9,0,0,1,4
2010,Elimination Final,2010-09-04,Subiaco,Fremantle,Hawthorn,Hawthorn,Sam Mitchell,15,8,19,0,0,0,1
2010,Elimination Final,2010-09-04,Subiaco,Fremantle,Hawthorn,Hawthorn,Tom Murphy,8,8,9,0,0,0,3
2010,Elimination Final,2010-09-04,Subiaco,Fremantle,Hawthorn,Hawthorn,Michael Osborne,6,4,6,0,0,0,1
2010,Elimination Final,2010-09-04,Subiaco,Fremantle,Hawthorn,Hawthorn,Brent Renouf,2,2,6,0,1,20,3
2010,Elimination Final,2010-09-04,Subiaco,Fremantle,Hawthorn,Hawthorn,Cyril Rioli,5,3,2,0,0,0,2
2010,Elimination Final,2010-09-04,Subiaco,Fremantle,Hawthorn,Hawthorn,Jarryd Roughead,11,7,2,4,3,1,3
2010,Elimination Final,2010-09-04,Subiaco,Fremantle,Hawthorn,Hawthorn,Brad Sewell,13,4,9,0,0,0,8
2010,Elimination Final,2010-09-04,Subiaco,Fremantle,Hawthorn,Hawthorn,Wayde Skipper,8,4,8,0,1,18,1
2010,Elimination Final,2010-09-04,Subiaco,Fremantle,Hawthorn,Hawthorn,Ben Stratton,10,5,3,0,0,0,1
2010,Elimination Final,2010-09-04,Subiaco,Fremantle,Hawthorn,Hawthorn,Brendan Whitecross,11,7,3,1,1,0,0
2010,Elimination Final,2010-09-04,Subiaco,Fremantle,Hawthorn,Hawthorn,Clinton Young,7,4,6,0,1,0,1
2010,Qualifying Final,2010-09-04,M.C.G.,Collingwood,Western Bulldogs,Collingwood,Luke Ball,10,7,12,0,1,0,11
2010,Qualifying Final,2010-09-04,M.C.G.,Collingwood,Western Bulldogs,Collingwood,Dayne Beams,11,3,9,0,3,0,1
2010,Qualifying Final,2010-09-04,M.C.G.,Collingwood,Western Bulldogs,Collingwood,Jarryd Blair,13,2,5,0,2,0,2
2010,Qualifying Final,2010-09-04,M.C.G.,Collingwood,Western Bulldogs,Collingwood,Leigh Brown,9,8,4,2,2,0,2
2010,Qualifying Final,2010-09-04,M.C.G.,Collingwood,Western Bulldogs,Collingwood,Nathan Brown,4,1,5,0,0,0,1
2010,Qualifying Final,2010-09-04,M.C.G.,Collingwood,Western Bulldogs,Collingwood,Travis Cloke,10,7,5,1,1,0,2
2010,Qualifying Final,2010-09-04,M.C.G.,Collingwood,Western Bulldogs,Collingwood,Leon Davis,6,1,2,1,1,0,2
2010,Qualifying Final,2010-09-04,M.C.G.,Collingwood,Western Bulldogs,Collingwood,Chris Dawes,9,10,7,1,1,0,3
2010,Qualifying Final,2010-09-04,M.C.G.,Collingwood,Western Bulldogs,Collingwood,Alan Didak,11,4,9,2,0,0,0
2010,Qualifying Final,2010-09-04,M.C.G.,Collingwood,Western Bulldogs,Collingwood,Ben Johnson,24,11,7,0,2,0,3
2010,Qualifying Final,2010-09-04,M.C.G.,Collingwood,Western Bulldogs,Collingwood,Darren Jolly,7,6,6,1,1,14,2
2010,Qualifying Final,2010-09-04,M.C.G.,Collingwood,Western Bulldogs,Collingwood,Heritier Lumumba,8,2,5,0,0,0,2
2010,Qualifying Final,2010-09-04,M.C.G.,Collingwood,Western Bulldogs,Collingwood,Brent Macaffer,8,5,4,0,1,0,5
2010,Qualifying Final,2010-09-04,M.C.G.,Collingwood,Western Bulldogs,Collingwood,Nick Maxwell,15,5,9,0,0,2,2
2010,Qualifying Final,2010-09-04,M.C.G.,Collingwood,Western Bulldogs,Collingwood,Scott Pendlebury,13,4,17,2,0,0,1
2010,Qualifying Final,2010-09-04,M.C.G.,Collingwood,Western Bulldogs,Collingwood,Ben Reid,16,9,4,0,0,0,0
2010,Qualifying Final,2010-09-04,M.C.G.,Collingwood,Western Bulldogs,Collingwood,Heath Shaw,15,8,5,0,0,0,3
2010,Qualifying Final,2010-09-04,M.C.G.,Collingwood,Western Bulldogs,Collingwood,Steele Sidebottom,12,3,8,3,0,0,3
2010,Qualifying Final,2010-09-04,M.C.G.,Collingwood,Western Bulldogs,Collingwood,Dane Swan,31,7,8,3,0,0,2
2010,Qualifying Final,2010-09-04,M.C.G.,Collingwood,Western Bulldogs,Collingwood,Dale Thomas,22,7,10,1,0,0,1
2010,Qualifying Final,2010-09-04,M.C.G.,Collingwood,Western Bulldogs,Collingwood,Alan Toovey,5,1,13,0,0,0,4
2010,Qualifying Final,2010-09-04,M.C.G.,Collingwood,Western Bulldogs,Collingwood,Sharrod Wellingham,4,1,2,0,0,0,3
2010,Qualifying Final,2010-09-04,M.C.G.,Collingwood,Western Bulldogs,Western Bulldogs,Dylan Addison,10,6,5,0,1,0,4
2010,Qualifying Final,2010-09-04,M.C.G.,Collingwood,Western Bulldogs,Western Bulldogs,Matthew Boyd,17,3,12,0,0,2,6
2010,Qualifying Final,2010-09-04,M.C.G.,Collingwood,Western Bulldogs,Western Bulldogs,Tim Callan,5,2,3,0,0,0,3
2010,Qualifying Final,2010-09-04,M.C.G.,Collingwood,Western Bulldogs,Western Bulldogs,Daniel Cross,8,6,20,0,0,3,8
2010,Qualifying Final,2010-09-04,M.C.G.,Collingwood,Western Bulldogs,Western Bulldogs,Nathan Eagleton,9,1,2,0,0,0,5
2010,Qualifying Final,2010-09-04,M.C.G.,Collingwood,Western Bulldogs,Western Bulldogs,Daniel Giansiracusa,11,4,9,1,0,0,5
2010,Qualifying Final,2010-09-04,M.C.G.,Collingwood,Western Bulldogs,Western Bulldogs,Lindsay Gilbee,13,3,4,0,0,0,0
2010,Qualifying Final,2010-09-04,M.C.G.,Collingwood,Western Bulldogs,Western Bulldogs,Jarrad Grant,4,2,2,0,2,0,0
2010,Qualifying Final,2010-09-04,M.C.G.,Collingwood,Western Bulldogs,Western Bulldogs,Ryan Griffen,22,4,12,2,2,0,2
2010,Qualifying Final,2010-09-04,M.C.G.,Collingwood,Western Bulldogs,Western Bulldogs,Mitch Hahn,7,2,5,1,0,0,3
2010,Qualifying Final,2010-09-04,M.C.G.,Collingwood,Western Bulldogs,Western Bulldogs,Barry Hall,5,2,2,2,3,0,1
2010,Qualifying Final,2010-09-04,M.C.G.,Collingwood,Western Bulldogs,Western Bulldogs,Jarrod Harbrow,13,1,5,0,1,0,0
2010,Qualifying Final,2010-09-04,M.C.G.,Collingwood,Western Bulldogs,Western Bulldogs,Ryan Hargrave,15,7,4,0,0,0,0
2010,Qualifying Final,2010-09-04,M.C.G.,Collingwood,Western Bulldogs,Western Bulldogs,Shaun Higgins,5,1,3,2,0,0,1
2010,Qualifying Final,2010-09-04,M.C.G.,Collingwood,Western Bulldogs,Western Bulldogs,Ben Hudson,3,2,16,0,0,31,1
2010,Qualifying Final,2010-09-04,M.C.G.,Collingwood,Western Bulldogs,Western Bulldogs,Brad Johnson,12,4,5,0,2,0,2
2010,Qualifying Final,2010-09-04,M.C.G.,Collingwood,Western Bulldogs,Western Bulldogs,Brian Lake,10,9,8,0,0,0,3
2010,Qualifying Final,2010-09-04,M.C.G.,Collingwood,Western Bulldogs,Western Bulldogs,Will Minson,1,0,4,0,0,24,1
2010,Qualifying Final,2010-09-04,M.C.G.,Collingwood,Western Bulldogs,Western Bulldogs,Robert Murphy,15,5,4,0,0,0,1
2010,Qualifying Final,2010-09-04,M.C.G.,Collingwood,Western Bulldogs,Western Bulldogs,Liam Picken,7,0,10,0,0,0,8
2010,Qualifying Final,2010-09-04,M.C.G.,Collingwood,Western Bulldogs,Western Bulldogs,Callan Ward,7,3,10,0,0,1,3
2010,Qualifying Final,2010-09-04,M.C.G.,Collingwood,Western Bulldogs,Western Bulldogs,Tom Williams,5,4,9,0,0,0,1
2010,Elimination Final,2010-09-05,Stadium Australia,Sydney,Carlton,Sydney,Paul Bevan,7,1,1,3,1,0,5
2010,Elimination Final,2010-09-05,Stadium Australia,Sydney,Carlton,Sydney,Jude Bolton,1,1,9,0,0,0,3
2010,Elimination Final,2010-09-05,Stadium Australia,Sydney,Carlton,Sydney,Trent Dennis-Lane,6,2,0,4,1,0,2
2010,Elimination Final,2010-09-05,Stadium Australia,Sydney,Carlton,Sydney,Adam Goodes,13,6,11,1,4,1,2
2010,Elimination Final,2010-09-05,Stadium Australia,Sydney,Carlton,Sydney,Heath Grundy,9,2,10,0,0,0,4
2010,Elimination Final,2010-09-05,Stadium Australia,Sydney,Carlton,Sydney,Dan Hannebery,9,2,9,0,1,0,7
2010,Elimination Final,2010-09-05,Stadium Australia,Sydney,Carlton,Sydney,Kieren Jack,11,3,8,1,1,0,12
2010,Elimination Final,2010-09-05,Stadium Australia,Sydney,Carlton,Sydney,Lewis Jetta,8,4,6,1,1,0,2
2010,Elimination Final,2010-09-05,Stadium Australia,Sydney,Carlton,Sydney,Josh Kennedy,12,1,17,0,1,0,5
2010,Elimination Final,2010-09-05,Stadium Australia,Sydney,Carlton,Sydney,Tadhg Kennelly,13,4,7,0,0,0,0
2010,Elimination Final,2010-09-05,Stadium Australia,Sydney,Carlton,Sydney,Brett Kirk,7,2,15,0,0,0,3
2010,Elimination Final,2010-09-05,Stadium Australia,Sydney,Carlton,Sydney,Nick Malceski,14,8,13,0,0,0,4
2010,Elimination Final,2010-09-05,Stadium Australia,Sydney,Carlton,Sydney,Martin Mattner,11,2,7,0,0,0,3
2010,Elimination Final,2010-09-05,Stadium Australia,Sydney,Carlton,Sydney,Jarrad McVeigh,13,4,11,0,3,0,6
2010,Elimination Final,2010-09-05,Stadium Australia,Sydney,Carlton,Sydney,Jarred Moore,8,1,4,0,0,0,6
2010,Elimination Final,2010-09-05,Stadium Australia,Sydney,Carlton,Sydney,Shane Mumford,1,0,7,0,0,24,6
2010,Elimination Final,2010-09-05,Stadium Australia,Sydney,Carlton,Sydney,Ryan OKeefe,5,3,9,1,0,0,6
2010,Elimination Final,2010-09-05,Stadium Australia,Sydney,Carlton,Sydney,Mike Pyke,5,1,6,0,0,15,3
2010,Elimination Final,2010-09-05,Stadium Australia,Sydney,Carlton,Sydney,Ted Richards,4,1,5,0,0,0,2
2010,Elimination Final,2010-09-05,Stadium Australia,Sydney,Carlton,Sydney,Rhyce Shaw,9,1,4,2,0,0,7
2010,Elimination Final,2010-09-05,Stadium Australia,Sydney,Carlton,Sydney,Nick Smith,5,3,11,0,0,0,3
2010,Elimination Final,2010-09-05,Stadium Australia,Sydney,Carlton,Sydney,Jesse White,2,3,7,1,0,0,1
2010,Elimination Final,2010-09-05,Stadium Australia,Sydney,Carlton,Carlton,Dennis Armfield,8,1,4,0,0,0,2
2010,Elimination Final,2010-09-05,Stadium Australia,Sydney,Carlton,Carlton,Eddie Betts,5,1,4,0,0,0,3
2010,Elimination Final,2010-09-05,Stadium Australia,Sydney,Carlton,Carlton,Paul Bower,6,2,8,0,0,0,2
2010,Elimination Final,2010-09-05,Stadium Australia,Sydney,Carlton,Carlton,Andrew Carrazzo,14,4,12,0,0,0,3
2010,Elimination Final,2010-09-05,Stadium Australia,Sydney,Carlton,Carlton,Marcus Davies,6,2,2,0,0,0,5
2010,Elimination Final,2010-09-05,Stadium Australia,Sydney,Carlton,Carlton,David Ellard,10,6,9,0,1,0,6
2010,Elimination Final,2010-09-05,Stadium Australia,Sydney,Carlton,Carlton,Jeff Garlett,10,4,6,2,2,0,2
2010,Elimination Final,2010-09-05,Stadium Australia,Sydney,Carlton,Carlton,Bryce Gibbs,11,2,4,0,1,1,6
2010,Elimination Final,2010-09-05,Stadium Australia,Sydney,Carlton,Carlton,Richard Hadley,8,2,10,0,0,0,3
2010,Elimination Final,2010-09-05,Stadium Australia,Sydney,Carlton,Carlton,Lachie Henderson,4,3,4,2,1,0,3
2010,Elimination Final,2010-09-05,Stadium Australia,Sydney,Carlton,Carlton,Sam Jacobs,9,3,6,0,0,44,3
2010,Elimination Final,2010-09-05,Stadium Australia,Sydney,Carlton,Carlton,Michael Jamison,4,2,4,0,0,0,4
2010,Elimination Final,2010-09-05,Stadium Australia,Sydney,Carlton,Carlton,Aaron Joseph,6,1,1,0,0,0,2
2010,Elimination Final,2010-09-05,Stadium Australia,Sydney,Carlton,Carlton,Chris Judd,17,3,12,0,2,0,4
2010,Elimination Final,2010-09-05,Stadium Australia,Sydney,Carlton,Carlton,Marc Murphy,13,3,8,1,0,0,7
2010,Elimination Final,2010-09-05,Stadium Australia,Sydney,Carlton,Carlton,Mitch Robinson,7,1,2,0,0,0,4
2010,Elimination Final,2010-09-05,Stadium Australia,Sydney,Carlton,Carlton,Jordan Russell,13,7,10,0,0,0,2
2010,Elimination Final,2010-09-05,Stadium Australia,Sydney,Carlton,Carlton,Heath Scotland,9,5,7,0,1,0,3
2010,Elimination Final,2010-09-05,Stadium Australia,Sydney,Carlton,Carlton,Kade Simpson,10,4,6,0,3,1,2
2010,Elimination Final,2010-09-05,Stadium Australia,Sydney,Carlton,Carlton,Jarrad Waite,8,4,4,3,2,1,6
2010,Elimination Final,2010-09-05,Stadium Australia,Sydney,Carlton,Carlton,Andrew Walker,7,5,1,3,2,0,0
2010,Elimination Final,2010-09-05,Stadium Australia,Sydney,Carlton,Carlton,Robert Warnock,6,2,4,2,0,21,1
2010,Semi Final,2010-09-10,M.C.G.,Geelong,Fremantle,Geelong,Gary Ablett,13,6,23,0,1,0,4
2010,Semi Final,2010-09-10,M.C.G.,Geelong,Fremantle,Geelong,Jimmy Bartel,21,6,14,1,0,4,5
2010,Semi Final,2010-09-10,M.C.G.,Geelong,Fremantle,Geelong,Shannon Byrnes,8,3,10,1,1,0,3
2010,Semi Final,2010-09-10,M.C.G.,Geelong,Fremantle,Geelong,Paul Chapman,22,6,9,1,1,0,4
2010,Semi Final,2010-09-10,M.C.G.,Geelong,Fremantle,Geelong,Joel Corey,12,6,12,0,0,0,4
2010,Semi Final,2010-09-10,M.C.G.,Geelong,Fremantle,Geelong,Corey Enright,11,3,10,0,0,0,7
2010,Semi Final,2010-09-10,M.C.G.,Geelong,Fremantle,Geelong,Tom Hawkins,6,4,8,1,1,8,5
2010,Semi Final,2010-09-10,M.C.G.,Geelong,Fremantle,Geelong,Josh Hunt,7,5,4,0,0,0,2
2010,Semi Final,2010-09-10,M.C.G.,Geelong,Fremantle,Geelong,Steve Johnson,16,8,12,3,2,0,3
2010,Semi Final,2010-09-10,M.C.G.,Geelong,Fremantle,Geelong,James Kelly,17,3,14,0,0,0,4
2010,Semi Final,2010-09-10,M.C.G.,Geelong,Fremantle,Geelong,Cameron Ling,15,10,12,1,0,0,5
2010,Semi Final,2010-09-10,M.C.G.,Geelong,Fremantle,Geelong,Tom Lonergan,4,6,10,0,0,0,0
2010,Semi Final,2010-09-10,M.C.G.,Geelong,Fremantle,Geelong,Darren Milburn,8,5,9,0,0,0,0
2010,Semi Final,2010-09-10,M.C.G.,Geelong,Fremantle,Geelong,Cameron Mooney,5,4,3,1,0,1,1
2010,Semi Final,2010-09-10,M.C.G.,Geelong,Fremantle,Geelong,Brad Ottens,5,4,11,1,0,17,6
2010,Semi Final,2010-09-10,M.C.G.,Geelong,Fremantle,Geelong,James Podsiadly,11,4,3,3,2,0,2
2010,Semi Final,2010-09-10,M.C.G.,Geelong,Fremantle,Geelong,Matthew Scarlett,10,8,11,0,0,0,0
2010,Semi Final,2010-09-10,M.C.G.,Geelong,Fremantle,Geelong,Joel Selwood,13,5,20,1,0,1,2
2010,Semi Final,2010-09-10,M.C.G.,Geelong,Fremantle,Geelong,Mathew Stokes,10,6,12,3,0,0,2
2010,Semi Final,2010-09-10,M.C.G.,Geelong,Fremantle,Geelong,Harry Taylor,10,7,6,0,0,0,1
2010,Semi Final,2010-09-10,M.C.G.,Geelong,Fremantle,Geelong,Travis Varcoe,7,5,17,1,2,0,5
2010,Semi Final,2010-09-10,M.C.G.,Geelong,Fremantle,Geelong,David Wojcinski,8,4,15,2,1,0,1
2010,Semi Final,2010-09-10,M.C.G.,Geelong,Fremantle,Fremantle,Greg Broughton,11,10,7,0,0,0,2
2010,Semi Final,2010-09-10,M.C.G.,Geelong,Fremantle,Fremantle,Ryan Crowley,3,1,4,0,1,0,5
2010,Semi Final,2010-09-10,M.C.G.,Geelong,Fremantle,Fremantle,Matt de Boer,4,3,6,0,1,0,1
2010,Semi Final,2010-09-10,M.C.G.,Geelong,Fremantle,Fremantle,Paul Duffield,19,7,3,1,0,0,4
2010,Semi Final,2010-09-10,M.C.G.,Geelong,Fremantle,Fremantle,Nat Fyfe,12,7,6,1,0,0,5
2010,Semi Final,2010-09-10,M.C.G.,Geelong,Fremantle,Fremantle,Antoni Grover,2,2,1,0,0,0,3
2010,Semi Final,2010-09-10,M.C.G.,Geelong,Fremantle,Fremantle,Roger Hayden,9,3,5,0,0,0,3
2010,Semi Final,2010-09-10,M.C.G.,Geelong,Fremantle,Fremantle,Des Headland,4,4,2,0,0,0,2
2010,Semi Final,2010-09-10,M.C.G.,Geelong,Fremantle,Fremantle,Stephen Hill,10,3,3,0,0,0,2
2010,Semi Final,2010-09-10,M.C.G.,Geelong,Fremantle,Fremantle,Garrick Ibbotson,9,4,1,0,0,0,2
2010,Semi Final,2010-09-10,M.C.G.,Geelong,Fremantle,Fremantle,Michael Johnson,15,13,8,0,1,8,2
2010,Semi Final,2010-09-10,M.C.G.,Geelong,Fremantle,Fremantle,Chris Mayne,8,8,1,1,0,0,1
2010,Semi Final,2010-09-10,M.C.G.,Geelong,Fremantle,Fremantle,Luke McPharlin,6,5,7,0,0,0,1
2010,Semi Final,2010-09-10,M.C.G.,Geelong,Fremantle,Fremantle,Adam McPhee,5,3,2,0,0,0,8
2010,Semi Final,2010-09-10,M.C.G.,Geelong,Fremantle,Fremantle,Anthony Morabito,8,3,4,0,0,1,3
2010,Semi Final,2010-09-10,M.C.G.,Geelong,Fremantle,Fremantle,David Mundy,15,6,15,0,0,0,5
2010,Semi Final,2010-09-10,M.C.G.,Geelong,Fremantle,Fremantle,Matthew Pavlich,20,8,1,4,2,0,3
2010,Semi Final,2010-09-10,M.C.G.,Geelong,Fremantle,Fremantle,Dylan Roberton,10,5,3,0,0,0,4
2010,Semi Final,2010-09-10,M.C.G.,Geelong,Fremantle,Fremantle,Aaron Sandilands,2,1,7,0,0,28,1
2010,Semi Final,2010-09-10,M.C.G.,Geelong,Fremantle,Fremantle,Alex Silvagni,6,6,2,0,0,0,0
2010,Semi Final,2010-09-10,M.C.G.,Geelong,Fremantle,Fremantle,Nick Suban,2,0,5,0,0,0,5
2010,Semi Final,2010-09-10,M.C.G.,Geelong,Fremantle,Fremantle,Michael Walters,10,4,4,3,0,0,3
2010,Semi Final,2010-09-11,M.C.G.,Western Bulldogs,Sydney,Western Bulldogs,Dylan Addison,10,5,2,1,0,0,1
2010,Semi Final,2010-09-11,M.C.G.,Western Bulldogs,Sydney,Western Bulldogs,Matthew Boyd,14,4,11,0,1,0,4
2010,Semi Final,2010-09-11,M.C.G.,Western Bulldogs,Sydney,Western Bulldogs,Daniel Cross,8,5,14,0,0,5,6
2010,Semi Final,2010-09-11,M.C.G.,Western Bulldogs,Sydney,Western Bulldogs,Nathan Eagleton,10,5,8,0,0,0,2
2010,Semi Final,2010-09-11,M.C.G.,Western Bulldogs,Sydney,Western Bulldogs,Daniel Giansiracusa,8,3,3,3,1,0,2
2010,Semi Final,2010-09-11,M.C.G.,Western Bulldogs,Sydney,Western Bulldogs,Lindsay Gilbee,11,4,6,0,0,0,4
2010,Semi Final,2010-09-11,M.C.G.,Western Bulldogs,Sydney,Western Bulldogs,Jarrad Grant,5,4,2,1,0,0,2
2010,Semi Final,2010-09-11,M.C.G.,Western Bulldogs,Sydney,Western Bulldogs,Ryan Griffen,18,1,8,0,0,0,3
2010,Semi Final,2010-09-11,M.C.G.,Western Bulldogs,Sydney,Western Bulldogs,Mitch Hahn,4,4,9,0,0,0,4
2010,Semi Final,2010-09-11,M.C.G.,Western Bulldogs,Sydney,Western Bulldogs,Barry Hall,10,8,5,4,4,0,2
2010,Semi Final,2010-09-11,M.C.G.,Western Bulldogs,Sydney,Western Bulldogs,Jarrod Harbrow,17,6,5,0,0,0,1
2010,Semi Final,2010-09-11,M.C.G.,Western Bulldogs,Sydney,Western Bulldogs,Ryan Hargrave,11,5,5,0,0,0,1
2010,Semi Final,2010-09-11,M.C.G.,Western Bulldogs,Sydney,Western Bulldogs,Andrew Hooper,3,0,2,1,0,0,0
2010,Semi Final,2010-09-11,M.C.G.,Western Bulldogs,Sydney,Western Bulldogs,Ben Hudson,4,1,9,0,0,21,4
2010,Semi Final,2010-09-11,M.C.G.,Western Bulldogs,Sydney,Western Bulldogs,Brad Johnson,14,7,5,0,0,0,0
2010,Semi Final,2010-09-11,M.C.G.,Western Bulldogs,Sydney,Western Bulldogs,Brian Lake,6,4,1,0,0,0,0
2010,Semi Final,2010-09-11,M.C.G.,Western Bulldogs,Sydney,Western Bulldogs,Will Minson,6,5,3,0,0,10,3
2010,Semi Final,2010-09-11,M.C.G.,Western Bulldogs,Sydney,Western Bulldogs,Robert Murphy,17,10,3,1,1,0,1
2010,Semi Final,2010-09-11,M.C.G.,Western Bulldogs,Sydney,Western Bulldogs,Liam Picken,5,1,5,0,0,0,8
2010,Semi Final,2010-09-11,M.C.G.,Western Bulldogs,Sydney,Western Bulldogs,Callan Ward,5,5,13,0,0,0,5
2010,Semi Final,2010-09-11,M.C.G.,Western Bulldogs,Sydney,Western Bulldogs,Tom Williams,8,4,4,0,0,0,1
2010,Semi Final,2010-09-11,M.C.G.,Western Bulldogs,Sydney,Western Bulldogs,Easton Wood,1,1,3,0,0,0,1
2010,Semi Final,2010-09-11,M.C.G.,Western Bulldogs,Sydney,Sydney,Jude Bolton,3,0,13,1,0,0,2
2010,Semi Final,2010-09-11,M.C.G.,Western Bulldogs,Sydney,Sydney,Daniel Bradshaw,11,9,2,3,4,0,0
2010,Semi Final,2010-09-11,M.C.G.,Western Bulldogs,Sydney,Sydney,Trent Dennis-Lane,4,2,2,0,0,0,1
2010,Semi Final,2010-09-11,M.C.G.,Western Bulldogs,Sydney,Sydney,Adam Goodes,15,8,10,2,2,0,2
2010,Semi Final,2010-09-11,M.C.G.,Western Bulldogs,Sydney,Sydney,Heath Grundy,9,7,10,0,0,0,4
2010,Semi Final,2010-09-11,M.C.G.,Western Bulldogs,Sydney,Sydney,Dan Hannebery,10,5,6,0,1,0,2
2010,Semi Final,2010-09-11,M.C.G.,Western Bulldogs,Sydney,Sydney,Kieren Jack,11,2,11,0,0,0,2
2010,Semi Final,2010-09-11,M.C.G.,Western Bulldogs,Sydney,Sydney,Lewis Jetta,12,8,4,1,0,0,4
2010,Semi Final,2010-09-11,M.C.G.,Western Bulldogs,Sydney,Sydney,Josh Kennedy,12,5,20,0,1,0,5
2010,Semi Final,2010-09-11,M.C.G.,Western Bulldogs,Sydney,Sydney,Tadhg Kennelly,20,6,8,0,0,0,1
2010,Semi Final,2010-09-11,M.C.G.,Western Bulldogs,Sydney,Sydney,Brett Kirk,3,3,4,0,0,0,3
2010,Semi Final,2010-09-11,M.C.G.,Western Bulldogs,Sydney,Sydney,Nick Malceski,12,3,9,0,0,0,1
2010,Semi Final,2010-09-11,M.C.G.,Western Bulldogs,Sydney,Sydney,Martin Mattner,11,7,8,0,0,0,2
2010,Semi Final,2010-09-11,M.C.G.,Western Bulldogs,Sydney,Sydney,Ben McGlynn,10,6,5,1,0,0,3
2010,Semi Final,2010-09-11,M.C.G.,Western Bulldogs,Sydney,Sydney,Jarrad McVeigh,14,8,6,0,0,0,5
2010,Semi Final,2010-09-11,M.C.G.,Western Bulldogs,Sydney,Sydney,Jarred Moore,7,6,1,0,0,0,1
2010,Semi Final,2010-09-11,M.C.G.,Western Bulldogs,Sydney,Sydney,Shane Mumford,0,0,8,0,0,21,6
2010,Semi Final,2010-09-11,M.C.G.,Western Bulldogs,Sydney,Sydney,Ryan OKeefe,6,4,7,0,0,0,6
2010,Semi Final,2010-09-11,M.C.G.,Western Bulldogs,Sydney,Sydney,Mike Pyke,0,1,4,0,0,9,4
2010,Semi Final,2010-09-11,M.C.G.,Western Bulldogs,Sydney,Sydney,Ted Richards,8,6,12,0,0,0,1
2010,Semi Final,2010-09-11,M.C.G.,Western Bulldogs,Sydney,Sydney,Rhyce Shaw,9,2,7,2,0,0,1
2010,Semi Final,2010-09-11,M.C.G.,Western Bulldogs,Sydney,Sydney,Nick Smith,9,3,4,0,0,0,1
2010,Preliminary Final,2010-09-17,M.C.G.,Collingwood,Geelong,Collingwood,Luke Ball,10,5,4,0,0,0,3
2010,Preliminary Final,2010-09-17,M.C.G.,Collingwood,Geelong,Collingwood,Dayne Beams,10,5,6,1,1,0,2
2010,Preliminary Final,2010-09-17,M.C.G.,Collingwood,Geelong,Collingwood,Jarryd Blair,5,2,3,0,1,0,5
2010,Preliminary Final,2010-09-17,M.C.G.,Collingwood,Geelong,Collingwood,Leigh Brown,11,7,4,1,0,11,7
2010,Preliminary Final,2010-09-17,M.C.G.,Collingwood,Geelong,Collingwood,Nathan Brown,1,1,1,0,0,0,1
2010,Preliminary Final,2010-09-17,M.C.G.,Collingwood,Geelong,Collingwood,Travis Cloke,9,7,4,3,3,0,1
2010,Preliminary Final,2010-09-17,M.C.G.,Collingwood,Geelong,Collingwood,Chris Dawes,8,9,2,1,0,0,0
2010,Preliminary Final,2010-09-17,M.C.G.,Collingwood,Geelong,Collingwood,Alan Didak,17,6,11,1,3,0,1
2010,Preliminary Final,2010-09-17,M.C.G.,Collingwood,Geelong,Collingwood,Tyson Goldsack,4,3,4,0,0,1,2
2010,Preliminary Final,2010-09-17,M.C.G.,Collingwood,Geelong,Collingwood,Ben Johnson,17,8,5,1,0,0,2
2010,Preliminary Final,2010-09-17,M.C.G.,Collingwood,Geelong,Collingwood,Darren Jolly,2,1,2,0,0,18,3
2010,Preliminary Final,2010-09-17,M.C.G.,Collingwood,Geelong,Collingwood,Heritier Lumumba,9,3,3,0,0,0,1
2010,Preliminary Final,2010-09-17,M.C.G.,Collingwood,Geelong,Collingwood,Brent Macaffer,7,5,6,1,1,0,5
2010,Preliminary Final,2010-09-17,M.C.G.,Collingwood,Geelong,Collingwood,Nick Maxwell,11,7,3,0,0,0,2
2010,Preliminary Final,2010-09-17,M.C.G.,Collingwood,Geelong,Collingwood,Scott Pendlebury,17,3,7,2,0,1,7
2010,Preliminary Final,2010-09-17,M.C.G.,Collingwood,Geelong,Collingwood,Ben Reid,11,9,2,0,0,0,1
2010,Preliminary Final,2010-09-17,M.C.G.,Collingwood,Geelong,Collingwood,Heath Shaw,19,3,1,0,0,0,3
2010,Preliminary Final,2010-09-17,M.C.G.,Collingwood,Geelong,Collingwood,Steele Sidebottom,6,4,8,2,1,0,3
2010,Preliminary Final,2010-09-17,M.C.G.,Collingwood,Geelong,Collingwood,Dane Swan,25,7,8,2,1,0,4
2010,Preliminary Final,2010-09-17,M.C.G.,Collingwood,Geelong,Collingwood,Dale Thomas,12,9,9,1,0,0,5
2010,Preliminary Final,2010-09-17,M.C.G.,Collingwood,Geelong,Collingwood,Alan Toovey,5,4,6,0,0,0,11
2010,Preliminary Final,2010-09-17,M.C.G.,Collingwood,Geelong,Collingwood,Sharrod Wellingham,12,3,2,2,1,0,8
2010,Preliminary Final,2010-09-17,M.C.G.,Collingwood,Geelong,Geelong,Gary Ablett,16,3,24,0,1,0,4
2010,Preliminary Final,2010-09-17,M.C.G.,Collingwood,Geelong,Geelong,Jimmy Bartel,14,6,15,1,0,5,4
2010,Preliminary Final,2010-09-17,M.C.G.,Collingwood,Geelong,Geelong,Shannon Byrnes,9,7,10,2,0,0,0
2010,Preliminary Final,2010-09-17,M.C.G.,Collingwood,Geelong,Geelong,Paul Chapman,11,3,10,0,1,0,7
2010,Preliminary Final,2010-09-17,M.C.G.,Collingwood,Geelong,Geelong,Joel Corey,9,2,21,0,0,3,3
2010,Preliminary Final,2010-09-17,M.C.G.,Collingwood,Geelong,Geelong,Corey Enright,9,2,8,0,0,0,4
2010,Preliminary Final,2010-09-17,M.C.G.,Collingwood,Geelong,Geelong,Tom Hawkins,1,1,7,0,0,12,5
2010,Preliminary Final,2010-09-17,M.C.G.,Collingwood,Geelong,Geelong,Josh Hunt,7,4,6,0,0,0,2
2010,Preliminary Final,2010-09-17,M.C.G.,Collingwood,Geelong,Geelong,Steve Johnson,12,3,16,1,2,0,4
2010,Preliminary Final,2010-09-17,M.C.G.,Collingwood,Geelong,Geelong,James Kelly,4,1,11,0,0,0,11
2010,Preliminary Final,2010-09-17,M.C.G.,Collingwood,Geelong,Geelong,Cameron Ling,15,2,14,0,1,0,5
2010,Preliminary Final,2010-09-17,M.C.G.,Collingwood,Geelong,Geelong,Tom Lonergan,2,3,5,0,0,0,1
2010,Preliminary Final,2010-09-17,M.C.G.,Collingwood,Geelong,Geelong,Darren Milburn,8,6,11,0,0,1,2
2010,Preliminary Final,2010-09-17,M.C.G.,Collingwood,Geelong,Geelong,Cameron Mooney,3,1,6,1,1,0,0
2010,Preliminary Final,2010-09-17,M.C.G.,Collingwood,Geelong,Geelong,Brad Ottens,2,1,3,1,0,15,5
2010,Preliminary Final,2010-09-17,M.C.G.,Collingwood,Geelong,Geelong,James Podsiadly,4,5,4,1,2,0,1
2010,Preliminary Final,2010-09-17,M.C.G.,Collingwood,Geelong,Geelong,Matthew Scarlett,11,10,10,0,0,0,0
2010,Preliminary Final,2010-09-17,M.C.G.,Collingwood,Geelong,Geelong,Joel Selwood,11,5,10,0,1,0,8
2010,Preliminary Final,2010-09-17,M.C.G.,Collingwood,Geelong,Geelong,Mathew Stokes,10,3,7,2,2,0,1
2010,Preliminary Final,2010-09-17,M.C.G.,Collingwood,Geelong,Geelong,Harry Taylor,7,6,9,0,0,0,1
2010,Preliminary Final,2010-09-17,M.C.G.,Collingwood,Geelong,Geelong,Travis Varcoe,8,4,11,2,0,0,3
2010,Preliminary Final,2010-09-17,M.C.G.,Collingwood,Geelong,Geelong,David Wojcinski,6,4,11,0,0,0,2
2010,Preliminary Final,2010-09-18,M.C.G.,St Kilda,Western Bulldogs,St Kilda,Jason Blake,7,5,6,0,0,0,3
2010,Preliminary Final,2010-09-18,M.C.G.,St Kilda,Western Bulldogs,St Kilda,Nick Dal Santo,7,2,9,0,0,0,6
2010,Preliminary Final,2010-09-18,M.C.G.,St Kilda,Western Bulldogs,St Kilda,Zac Dawson,8,6,4,0,0,0,1
2010,Preliminary Final,2010-09-18,M.C.G.,St Kilda,Western Bulldogs,St Kilda,Sean Dempster,5,8,9,0,0,0,2
2010,Preliminary Final,2010-09-18,M.C.G.,St Kilda,Western Bulldogs,St Kilda,Robert Eddy,3,1,8,0,0,0,2
2010,Preliminary Final,2010-09-18,M.C.G.,St Kilda,Western Bulldogs,St Kilda,Sam Fisher,17,8,6,0,0,0,3
2010,Preliminary Final,2010-09-18,M.C.G.,St Kilda,Western Bulldogs,St Kilda,Michael Gardiner,8,4,2,1,2,15,1
2010,Preliminary Final,2010-09-18,M.C.G.,St Kilda,Western Bulldogs,St Kilda,Sam Gilbert,10,4,9,0,0,0,1
2010,Preliminary Final,2010-09-18,M.C.G.,St Kilda,Western Bulldogs,St Kilda,Brendon Goddard,17,7,6,0,1,3,3
2010,Preliminary Final,2010-09-18,M.C.G.,St Kilda,Western Bulldogs,St Kilda,Jason Gram,11,4,10,0,0,0,3
2010,Preliminary Final,2010-09-18,M.C.G.,St Kilda,Western Bulldogs,St Kilda,James Gwilt,17,11,7,0,0,0,6
2010,Preliminary Final,2010-09-18,M.C.G.,St Kilda,Western Bulldogs,St Kilda,Lenny Hayes,16,0,10,0,0,2,7
2010,Preliminary Final,2010-09-18,M.C.G.,St Kilda,Western Bulldogs,St Kilda,Clinton Jones,3,1,9,0,0,0,8
2010,Preliminary Final,2010-09-18,M.C.G.,St Kilda,Western Bulldogs,St Kilda,Justin Koschitzke,8,7,3,2,1,2,2
2010,Preliminary Final,2010-09-18,M.C.G.,St Kilda,Western Bulldogs,St Kilda,Ben McEvoy,5,3,6,1,0,12,5
2010,Preliminary Final,2010-09-18,M.C.G.,St Kilda,Western Bulldogs,St Kilda,Andrew McQualter,5,2,3,0,0,0,5
2010,Preliminary Final,2010-09-18,M.C.G.,St Kilda,Western Bulldogs,St Kilda,Stephen Milne,13,4,2,2,1,0,3
2010,Preliminary Final,2010-09-18,M.C.G.,St Kilda,Western Bulldogs,St Kilda,Leigh Montagna,18,4,15,0,0,0,5
2010,Preliminary Final,2010-09-18,M.C.G.,St Kilda,Western Bulldogs,St Kilda,Brett Peake,10,5,2,1,0,0,3
2010,Preliminary Final,2010-09-18,M.C.G.,St Kilda,Western Bulldogs,St Kilda,Farren Ray,12,7,4,0,0,0,6
2010,Preliminary Final,2010-09-18,M.C.G.,St Kilda,Western Bulldogs,St Kilda,Nick Riewoldt,14,7,7,3,3,0,2
2010,Preliminary Final,2010-09-18,M.C.G.,St Kilda,Western Bulldogs,St Kilda,Adam Schneider,12,2,4,3,0,0,2
2010,Preliminary Final,2010-09-18,M.C.G.,St Kilda,Western Bulldogs,Western Bulldogs,Dylan Addison,6,5,4,1,1,0,1
2010,Preliminary Final,2010-09-18,M.C.G.,St Kilda,Western Bulldogs,Western Bulldogs,Matthew Boyd,16,2,12,0,0,0,2
2010,Preliminary Final,2010-09-18,M.C.G.,St Kilda,Western Bulldogs,Western Bulldogs,Daniel Cross,8,7,14,0,0,2,8
2010,Preliminary Final,2010-09-18,M.C.G.,St Kilda,Western Bulldogs,Western Bulldogs,Nathan Eagleton,12,2,8,0,0,0,0
2010,Preliminary Final,2010-09-18,M.C.G.,St Kilda,Western Bulldogs,Western Bulldogs,Daniel Giansiracusa,5,1,6,1,0,0,2
2010,Preliminary Final,2010-09-18,M.C.G.,St Kilda,Western Bulldogs,Western Bulldogs,Lindsay Gilbee,11,4,6,1,1,0,1
2010,Preliminary Final,2010-09-18,M.C.G.,St Kilda,Western Bulldogs,Western Bulldogs,Jarrad Grant,8,5,6,1,1,0,2
2010,Preliminary Final,2010-09-18,M.C.G.,St Kilda,Western Bulldogs,Western Bulldogs,Ryan Griffen,14,2,10,0,0,2,1
2010,Preliminary Final,2010-09-18,M.C.G.,St Kilda,Western Bulldogs,Western Bulldogs,Mitch Hahn,13,7,5,2,1,0,5
2010,Preliminary Final,2010-09-18,M.C.G.,St Kilda,Western Bulldogs,Western Bulldogs,Barry Hall,6,4,3,1,3,0,1
2010,Preliminary Final,2010-09-18,M.C.G.,St Kilda,Western Bulldogs,Western Bulldogs,Jarrod Harbrow,13,2,8,0,1,0,2
2010,Preliminary Final,2010-09-18,M.C.G.,St Kilda,Western Bulldogs,Western Bulldogs,Ryan Hargrave,17,3,7,0,0,0,5
2010,Preliminary Final,2010-09-18,M.C.G.,St Kilda,Western Bulldogs,Western Bulldogs,Ben Hudson,6,4,5,0,0,17,0
2010,Preliminary Final,2010-09-18,M.C.G.,St Kilda,Western Bulldogs,Western Bulldogs,Brad Johnson,8,2,2,0,0,0,0
2010,Preliminary Final,2010-09-18,M.C.G.,St Kilda,Western Bulldogs,Western Bulldogs,Brian Lake,12,9,6,0,0,0,0
2010,Preliminary Final,2010-09-18,M.C.G.,St Kilda,Western Bulldogs,Western Bulldogs,Will Minson,4,2,2,0,0,20,2
2010,Preliminary Final,2010-09-18,M.C.G.,St Kilda,Western Bulldogs,Western Bulldogs,Dale Morris,7,1,5,0,0,0,3
2010,Preliminary Final,2010-09-18,M.C.G.,St Kilda,Western Bulldogs,Western Bulldogs,Robert Murphy,8,1,2,0,1,0,1
2010,Preliminary Final,2010-09-18,M.C.G.,St Kilda,Western Bulldogs,Western Bulldogs,Liam Picken,8,2,4,1,1,0,5
2010,Preliminary Final,2010-09-18,M.C.G.,St Kilda,Western Bulldogs,Western Bulldogs,Callan Ward,11,3,19,0,1,0,5
2010,Preliminary Final,2010-09-18,M.C.G.,St Kilda,Western Bulldogs,Western Bulldogs,Tom Williams,4,3,7,0,0,0,1
2010,Preliminary Final,2010-09-18,M.C.G.,St Kilda,Western Bulldogs,Western Bulldogs,Easton Wood,4,3,9,0,0,0,2
2010,Grand Final,2010-09-25,M.C.G.,Collingwood,St Kilda,Collingwood,Luke Ball,5,1,8,0,0,0,4
2010,Grand Final,2010-09-25,M.C.G.,Collingwood,St Kilda,Collingwood,Dayne Beams,3,2,9,0,0,0,3
2010,Grand Final,2010-09-25,M.C.G.,Collingwood,St Kilda,Collingwood,Jarryd Blair,5,1,5,1,1,0,5
2010,Grand Final,2010-09-25,M.C.G.,Collingwood,St Kilda,Collingwood,Leigh Brown,8,4,5,0,0,5,5
2010,Grand Final,2010-09-25,M.C.G.,Collingwood,St Kilda,Collingwood,Nathan Brown,4,2,3,0,0,0,1
2010,Grand Final,2010-09-25,M.C.G.,Collingwood,St Kilda,Collingwood,Travis Cloke,11,5,4,2,2,0,2
2010,Grand Final,2010-09-25,M.C.G.,Collingwood,St Kilda,Collingwood,Leon Davis,4,0,2,1,0,0,2
2010,Grand Final,2010-09-25,M.C.G.,Collingwood,St Kilda,Collingwood,Chris Dawes,7,5,5,0,1,0,4
2010,Grand Final,2010-09-25,M.C.G.,Collingwood,St Kilda,Collingwood,Alan Didak,8,2,9,1,0,0,5
2010,Grand Final,2010-09-25,M.C.G.,Collingwood,St Kilda,Collingwood,Ben Johnson,11,1,4,0,0,0,1
2010,Grand Final,2010-09-25,M.C.G.,Collingwood,St Kilda,Collingwood,Darren Jolly,8,4,6,1,0,32,2
2010,Grand Final,2010-09-25,M.C.G.,Collingwood,St Kilda,Collingwood,Heritier Lumumba,9,4,5,1,0,0,3
2010,Grand Final,2010-09-25,M.C.G.,Collingwood,St Kilda,Collingwood,Brent Macaffer,10,5,1,1,1,0,5
2010,Grand Final,2010-09-25,M.C.G.,Collingwood,St Kilda,Collingwood,Nick Maxwell,10,5,7,0,0,1,3
2010,Grand Final,2010-09-25,M.C.G.,Collingwood,St Kilda,Collingwood,Scott Pendlebury,5,1,14,0,0,0,6
2010,Grand Final,2010-09-25,M.C.G.,Collingwood,St Kilda,Collingwood,Ben Reid,8,4,7,0,0,0,1
2010,Grand Final,2010-09-25,M.C.G.,Collingwood,St Kilda,Collingwood,Heath Shaw,21,5,3,0,0,0,5
2010,Grand Final,2010-09-25,M.C.G.,Collingwood,St Kilda,Collingwood,Steele Sidebottom,14,5,5,0,0,0,4
2010,Grand Final,2010-09-25,M.C.G.,Collingwood,St Kilda,Collingwood,Dane Swan,13,2,8,0,0,0,7
2010,Grand Final,2010-09-25,M.C.G.,Collingwood,St Kilda,Collingwood,Dale Thomas,17,8,9,1,1,1,8
2010,Grand Final,2010-09-25,M.C.G.,Collingwood,St Kilda,Collingwood,Alan Toovey,7,1,6,0,1,0,8
2010,Grand Final,2010-09-25,M.C.G.,Collingwood,St Kilda,Collingwood,Sharrod Wellingham,10,3,3,0,0,0,5
2010,Grand Final,2010-09-25,M.C.G.,Collingwood,St Kilda,St Kilda,Steven Baker,4,2,4,0,0,0,4
2010,Grand Final,2010-09-25,M.C.G.,Collingwood,St Kilda,St Kilda,Jason Blake,5,3,7,0,0,14,5
2010,Grand Final,2010-09-25,M.C.G.,Collingwood,St Kilda,St Kilda,Nick Dal Santo,10,1,8,0,0,1,8
2010,Grand Final,2010-09-25,M.C.G.,Collingwood,St Kilda,St Kilda,Zac Dawson,3,4,5,0,0,0,2
2010,Grand Final,2010-09-25,M.C.G.,Collingwood,St Kilda,St Kilda,Sean Dempster,9,5,7,0,0,0,3
2010,Grand Final,2010-09-25,M.C.G.,Collingwood,St Kilda,St Kilda,Robert Eddy,3,2,7,0,1,0,3
2010,Grand Final,2010-09-25,M.C.G.,Collingwood,St Kilda,St Kilda,Sam Fisher,22,8,3,0,0,0,2
2010,Grand Final,2010-09-25,M.C.G.,Collingwood,St Kilda,St Kilda,Michael Gardiner,2,0,2,0,0,10,0
2010,Grand Final,2010-09-25,M.C.G.,Collingwood,St Kilda,St Kilda,Sam Gilbert,9,4,7,1,0,0,1
2010,Grand Final,2010-09-25,M.C.G.,Collingwood,St Kilda,St Kilda,Brendon Goddard,18,5,13,2,0,5,5
2010,Grand Final,2010-09-25,M.C.G.,Collingwood,St Kilda,St Kilda,Jason Gram,8,1,3,0,0,0,6
2010,Grand Final,2010-09-25,M.C.G.,Collingwood,St Kilda,St Kilda,James Gwilt,11,5,11,0,0,0,1
2010,Grand Final,2010-09-25,M.C.G.,Collingwood,St Kilda,St Kilda,Lenny Hayes,18,5,14,1,1,3,12
2010,Grand Final,2010-09-25,M.C.G.,Collingwood,St Kilda,St Kilda,Clinton Jones,9,2,10,0,0,0,9
2010,Grand Final,2010-09-25,M.C.G.,Collingwood,St Kilda,St Kilda,Justin Koschitzke,8,4,3,1,0,10,2
2010,Grand Final,2010-09-25,M.C.G.,Collingwood,St Kilda,St Kilda,Andrew McQualter,5,3,2,0,0,0,10
2010,Grand Final,2010-09-25,M.C.G.,Collingwood,St Kilda,St Kilda,Stephen Milne,7,2,2,2,0,0,1
2010,Grand Final,2010-09-25,M.C.G.,Collingwood,St Kilda,St Kilda,Leigh Montagna,11,1,12,0,1,0,11
2010,Grand Final,2010-09-25,M.C.G.,Collingwood,St Kilda,St Kilda,Brett Peake,6,2,2,0,1,0,6
2010,Grand Final,2010-09-25,M.C.G.,Collingwood,St Kilda,St Kilda,Farren Ray,2,2,11,0,0,0,4
2010,Grand Final,2010-09-25,M.C.G.,Collingwood,St Kilda,St Kilda,Nick Riewoldt,13,8,3,2,3,2,3
2010,Grand Final,2010-09-25,M.C.G.,Collingwood,St Kilda,St Kilda,Adam Schneider,10,5,9,1,0,0,2
2010,Grand Final,2010-10-02,M.C.G.,Collingwood,St Kilda,Collingwood,Luke Ball,15,7,10,0,0,0,4
2010,Grand Final,2010-10-02,M.C.G.,Collingwood,St Kilda,Collingwood,Dayne Beams,8,5,3,0,0,0,3
2010,Grand Final,2010-10-02,M.C.G.,Collingwood,St Kilda,Collingwood,Jarryd Blair,6,1,3,0,1,0,4
2010,Grand Final,2010-10-02,M.C.G.,Collingwood,St Kilda,Collingwood,Leigh Brown,7,4,6,0,0,12,6
2010,Grand Final,2010-10-02,M.C.G.,Collingwood,St Kilda,Collingwood,Nathan Brown,5,4,3,0,0,0,1
2010,Grand Final,2010-10-02,M.C.G.,Collingwood,St Kilda,Collingwood,Travis Cloke,4,4,4,0,1,1,3
2010,Grand Final,2010-10-02,M.C.G.,Collingwood,St Kilda,Collingwood,Chris Dawes,5,4,5,2,0,0,1
2010,Grand Final,2010-10-02,M.C.G.,Collingwood,St Kilda,Collingwood,Alan Didak,14,5,7,2,1,0,2
2010,Grand Final,2010-10-02,M.C.G.,Collingwood,St Kilda,Collingwood,Tyson Goldsack,4,4,5,1,0,0,3
2010,Grand Final,2010-10-02,M.C.G.,Collingwood,St Kilda,Collingwood,Ben Johnson,17,5,3,1,0,0,1
2010,Grand Final,2010-10-02,M.C.G.,Collingwood,St Kilda,Collingwood,Darren Jolly,9,6,5,1,0,35,4
2010,Grand Final,2010-10-02,M.C.G.,Collingwood,St Kilda,Collingwood,Heritier Lumumba,13,4,5,1,0,0,3
2010,Grand Final,2010-10-02,M.C.G.,Collingwood,St Kilda,Collingwood,Brent Macaffer,9,5,5,2,0,0,3
2010,Grand Final,2010-10-02,M.C.G.,Collingwood,St Kilda,Collingwood,Nick Maxwell,16,11,4,0,2,0,3
2010,Grand Final,2010-10-02,M.C.G.,Collingwood,St Kilda,Collingwood,Scott Pendlebury,20,7,9,0,0,0,11
2010,Grand Final,2010-10-02,M.C.G.,Collingwood,St Kilda,Collingwood,Ben Reid,6,5,3,0,0,0,1
2010,Grand Final,2010-10-02,M.C.G.,Collingwood,St Kilda,Collingwood,Heath Shaw,19,10,9,0,0,0,1
2010,Grand Final,2010-10-02,M.C.G.,Collingwood,St Kilda,Collingwood,Steele Sidebottom,16,6,9,2,0,0,4
2010,Grand Final,2010-10-02,M.C.G.,Collingwood,St Kilda,Collingwood,Dane Swan,18,6,8,1,0,0,11
2010,Grand Final,2010-10-02,M.C.G.,Collingwood,St Kilda,Collingwood,Dale Thomas,20,8,7,1,2,1,1
2010,Grand Final,2010-10-02,M.C.G.,Collingwood,St Kilda,Collingwood,Alan Toovey,8,7,7,0,0,0,9
2010,Grand Final,2010-10-02,M.C.G.,Collingwood,St Kilda,Collingwood,Sharrod Wellingham,11,3,9,2,1,0,8
2010,Grand Final,2010-10-02,M.C.G.,Collingwood,St Kilda,St Kilda,Steven Baker,5,3,2,0,0,0,3
2010,Grand Final,2010-10-02,M.C.G.,Collingwood,St Kilda,St Kilda,Jason Blake,11,8,2,0,0,0,3
2010,Grand Final,2010-10-02,M.C.G.,Collingwood,St Kilda,St Kilda,Nick Dal Santo,21,5,8,1,0,1,6
2010,Grand Final,2010-10-02,M.C.G.,Collingwood,St Kilda,St Kilda,Zac Dawson,0,2,11,0,0,0,0
2010,Grand Final,2010-10-02,M.C.G.,Collingwood,St Kilda,St Kilda,Sean Dempster,4,4,8,0,0,0,2
2010,Grand Final,2010-10-02,M.C.G.,Collingwood,St Kilda,St Kilda,Robert Eddy,4,3,1,0,0,0,2
2010,Grand Final,2010-10-02,M.C.G.,Collingwood,St Kilda,St Kilda,Sam Fisher,11,7,5,0,1,0,1
2010,Grand Final,2010-10-02,M.C.G.,Collingwood,St Kilda,St Kilda,Sam Gilbert,11,6,6,1,3,0,4
2010,Grand Final,2010-10-02,M.C.G.,Collingwood,St Kilda,St Kilda,Brendon Goddard,11,4,18,1,0,4,4
2010,Grand Final,2010-10-02,M.C.G.,Collingwood,St Kilda,St Kilda,Jason Gram,7,3,7,0,0,0,0
2010,Grand Final,2010-10-02,M.C.G.,Collingwood,St Kilda,St Kilda,James Gwilt,17,7,5,0,0,0,4
2010,Grand Final,2010-10-02,M.C.G.,Collingwood,St Kilda,St Kilda,Lenny Hayes,10,3,12,1,1,3,14
2010,Grand Final,2010-10-02,M.C.G.,Collingwood,St Kilda,St Kilda,Clinton Jones,8,0,8,0,0,0,4
2010,Grand Final,2010-10-02,M.C.G.,Collingwood,St Kilda,St Kilda,Justin Koschitzke,6,2,5,1,0,5,2
2010,Grand Final,2010-10-02,M.C.G.,Collingwood,St Kilda,St Kilda,Ben McEvoy,0,4,11,0,0,10,5
2010,Grand Final,2010-10-02,M.C.G.,Collingwood,St Kilda,St Kilda,Andrew McQualter,4,3,5,0,0,0,0
2010,Grand Final,2010-10-02,M.C.G.,Collingwood,St Kilda,St Kilda,Stephen Milne,3,2,3,2,0,0,1
2010,Grand Final,2010-10-02,M.C.G.,Collingwood,St Kilda,St Kilda,Leigh Montagna,10,1,3,0,1,0,2
2010,Grand Final,2010-10-02,M.C.G.,Collingwood,St Kilda,St Kilda,Brett Peake,7,4,6,0,0,0,0
2010,Grand Final,2010-10-02,M.C.G.,Collingwood,St Kilda,St Kilda,Farren Ray,10,4,4,0,0,0,4
2010,Grand Final,2010-10-02,M.C.G.,Collingwood,St Kilda,St Kilda,Nick Riewoldt,10,5,7,0,1,3,2
2010,Grand Final,2010-10-02,M.C.G.,Collingwood,St Kilda,St Kilda,Adam Schneider,8,4,11,0,2,0,4
