season,round,date,venue,home_club,away_club,club,player,kicks,marks,handballs,goals,behinds,hitouts,tackles
2024,1,2024-03-07,S.C.G.,Sydney,Melbourne,Sydney,Joel Amartey,3,1,0,0,1,2,2
2024,1,2024-03-07,S.C.G.,Sydney,Melbourne,Sydney,Nick Blakey,18,9,8,0,0,0,0
2024,1,2024-03-07,S.C.G.,Sydney,Melbourne,Sydney,Braeden Campbell,12,7,4,0,0,0,2
2024,1,2024-03-07,S.C.G.,Sydney,Melbourne,Sydney,Harry Cunningham,14,10,4,0,0,0,3
2024,1,2024-03-07,S.C.G.,Sydney,Melbourne,Sydney,Oliver Florent,10,3,8,1,0,0,2
2024,1,2024-03-07,S.C.G.,Sydney,Melbourne,Sydney,Robbie Fox,6,2,3,1,1,0,6
2024,1,2024-03-07,S.C.G.,Sydney,Melbourne,Sydney,Brodie Grundy,12,4,11,0,0,33,6
2024,1,2024-03-07,S.C.G.,Sydney,Melbourne,Sydney,Errol Gulden,16,2,4,0,1,0,2
2024,1,2024-03-07,S.C.G.,Sydney,Melbourne,Sydney,Will Hayward,8,4,2,2,0,0,2
2024,1,2024-03-07,S.C.G.,Sydney,Melbourne,Sydney,Isaac Heeney,17,5,9,1,1,0,7
2024,1,2024-03-07,S.C.G.,Sydney,Melbourne,Sydney,James Jordon,8,3,10,0,0,0,7
2024,1,2024-03-07,S.C.G.,Sydney,Melbourne,Sydney,Jake Lloyd,8,5,5,0,0,0,2
2024,1,2024-03-07,S.C.G.,Sydney,Melbourne,Sydney,Tom McCartin,7,7,2,0,0,0,0
2024,1,2024-03-07,S.C.G.,Sydney,Melbourne,Sydney,Logan McDonald,5,3,3,1,0,0,1
2024,1,2024-03-07,S.C.G.,Sydney,Melbourne,Sydney,Justin McInerney,7,6,13,1,0,1,4
2024,1,2024-03-07,S.C.G.,Sydney,Melbourne,Sydney,Hayden McLean,4,2,1,2,2,10,2
2024,1,2024-03-07,S.C.G.,Sydney,Melbourne,Sydney,Lewis Melican,4,2,1,0,0,0,0
2024,1,2024-03-07,S.C.G.,Sydney,Melbourne,Sydney,Tom Papley,15,4,5,1,1,0,3
2024,1,2024-03-07,S.C.G.,Sydney,Melbourne,Sydney,Dane Rampe,13,6,6,0,0,0,0
2024,1,2024-03-07,S.C.G.,Sydney,Melbourne,Sydney,Matt Roberts,16,8,3,0,0,0,3
2024,1,2024-03-07,S.C.G.,Sydney,Melbourne,Sydney,James Rowbottom,12,0,9,0,2,0,7
2024,1,2024-03-07,S.C.G.,Sydney,Melbourne,Sydney,Chad Warner,17,4,9,1,1,0,1
2024,1,2024-03-07,S.C.G.,Sydney,Melbourne,Sydney,Sam Wicks,2,2,3,1,0,0,1
2024,1,2024-03-07,S.C.G.,Sydney,Melbourne,Melbourne,Jack Billings,1,0,1,0,0,0,2
2024,1,2024-03-07,S.C.G.,Sydney,Melbourne,Melbourne,Jake Bowey,13,3,1,0,0,0,1
2024,1,2024-03-07,S.C.G.,Sydney,Melbourne,Melbourne,Kade Chandler,4,2,7,0,0,0,3
2024,1,2024-03-07,S.C.G.,Sydney,Melbourne,Melbourne,Bayley Fritsch,6,2,0,4,1,0,3
2024,1,2024-03-07,S.C.G.,Sydney,Melbourne,Melbourne,Max Gawn,8,1,6,0,1,37,4
2024,1,2024-03-07,S.C.G.,Sydney,Melbourne,Melbourne,Blake Howes,9,7,8,0,0,0,3
2024,1,2024-03-07,S.C.G.,Sydney,Melbourne,Melbourne,Ed Langdon,10,4,9,1,0,0,3
2024,1,2024-03-07,S.C.G.,Sydney,Melbourne,Melbourne,Bailey Laurie,3,1,5,0,0,0,1
2024,1,2024-03-07,S.C.G.,Sydney,Melbourne,Melbourne,Jake Lever,9,6,3,0,0,0,0
2024,1,2024-03-07,S.C.G.,Sydney,Melbourne,Melbourne,Steven May,14,5,7,0,0,0,2
2024,1,2024-03-07,S.C.G.,Sydney,Melbourne,Melbourne,Judd McVee,14,6,6,0,0,0,0
2024,1,2024-03-07,S.C.G.,Sydney,Melbourne,Melbourne,Alex Neal-Bullen,6,2,9,0,1,0,6
2024,1,2024-03-07,S.C.G.,Sydney,Melbourne,Melbourne,Clayton Oliver,18,2,12,0,0,0,2
2024,1,2024-03-07,S.C.G.,Sydney,Melbourne,Melbourne,Christian Petracca,11,1,15,1,2,0,3
2024,1,2024-03-07,S.C.G.,Sydney,Melbourne,Melbourne,Trent Rivers,10,4,7,0,0,0,0
2024,1,2024-03-07,S.C.G.,Sydney,Melbourne,Melbourne,Christian Salem,20,5,7,0,0,0,3
2024,1,2024-03-07,S.C.G.,Sydney,Melbourne,Melbourne,Josh Schache,3,2,1,0,2,1,2
2024,1,2024-03-07,S.C.G.,Sydney,Melbourne,Melbourne,Charlie Spargo,5,1,7,0,1,0,2
2024,1,2024-03-07,S.C.G.,Sydney,Melbourne,Melbourne,Tom Sparrow,3,2,10,0,0,0,9
2024,1,2024-03-07,S.C.G.,Sydney,Melbourne,Melbourne,Adam Tomlinson,10,3,2,0,0,0,2
2024,1,2024-03-07,S.C.G.,Sydney,Melbourne,Melbourne,Jacob van Rooyen,3,2,7,1,0,0,3
2024,1,2024-03-07,S.C.G.,Sydney,Melbourne,Melbourne,Jack Viney,19,2,11,2,0,0,7
2024,1,2024-03-07,S.C.G.,Sydney,Melbourne,Melbourne,Caleb Windsor,6,0,7,0,0,0,4
2024,1,2024-03-08,Gabba,Brisbane Lions,Carlton,Brisbane Lions,Callum Ah Chee,11,6,5,1,0,0,3
2024,1,2024-03-08,Gabba,Brisbane Lions,Carlton,Brisbane Lions,Harris Andrews,12,7,3,0,0,0,2
2024,1,2024-03-08,Gabba,Brisbane Lions,Carlton,Brisbane Lions,Zac Bailey,12,4,3,1,0,0,5
2024,1,2024-03-08,Gabba,Brisbane Lions,Carlton,Brisbane Lions,Jarrod Berry,11,5,6,0,0,0,0
2024,1,2024-03-08,Gabba,Brisbane Lions,Carlton,Brisbane Lions,Charlie Cameron,8,3,2,2,3,0,3
2024,1,2024-03-08,Gabba,Brisbane Lions,Carlton,Brisbane Lions,Keidean Coleman,6,4,2,0,0,0,0
2024,1,2024-03-08,Gabba,Brisbane Lions,Carlton,Brisbane Lions,Joe Daniher,11,5,3,1,2,3,0
2024,1,2024-03-08,Gabba,Brisbane Lions,Carlton,Brisbane Lions,Josh Dunkley,11,5,10,0,0,0,9
2024,1,2024-03-08,Gabba,Brisbane Lions,Carlton,Brisbane Lions,Jaspa Fletcher,3,5,7,0,0,0,1
2024,1,2024-03-08,Gabba,Brisbane Lions,Carlton,Brisbane Lions,Darcy Gardiner,3,2,8,0,0,0,2
2024,1,2024-03-08,Gabba,Brisbane Lions,Carlton,Brisbane Lions,Eric Hipwood,9,6,0,1,2,0,1
2024,1,2024-03-08,Gabba,Brisbane Lions,Carlton,Brisbane Lions,Ryan Lester,12,6,3,0,0,0,2
2024,1,2024-03-08,Gabba,Brisbane Lions,Carlton,Brisbane Lions,Kai Lohmann,4,4,2,0,0,0,0
2024,1,2024-03-08,Gabba,Brisbane Lions,Carlton,Brisbane Lions,Jarryd Lyons,10,5,9,0,0,0,9
2024,1,2024-03-08,Gabba,Brisbane Lions,Carlton,Brisbane Lions,Lincoln McCarthy,10,6,3,2,3,0,2
2024,1,2024-03-08,Gabba,Brisbane Lions,Carlton,Brisbane Lions,Hugh McCluggage,12,4,6,1,0,0,2
2024,1,2024-03-08,Gabba,Brisbane Lions,Carlton,Brisbane Lions,Oscar McInerney,9,0,4,0,0,26,6
2024,1,2024-03-08,Gabba,Brisbane Lions,Carlton,Brisbane Lions,Lachie Neale,9,2,16,0,0,0,2
2024,1,2024-03-08,Gabba,Brisbane Lions,Carlton,Brisbane Lions,Jack Payne,4,2,1,0,0,0,1
2024,1,2024-03-08,Gabba,Brisbane Lions,Carlton,Brisbane Lions,Cam Rayner,8,2,7,1,0,0,6
2024,1,2024-03-08,Gabba,Brisbane Lions,Carlton,Brisbane Lions,Brandon Starcevich,7,1,1,0,0,0,0
2024,1,2024-03-08,Gabba,Brisbane Lions,Carlton,Brisbane Lions,Darcy Wilmot,17,3,4,0,0,0,1
2024,1,2024-03-08,Gabba,Brisbane Lions,Carlton,Brisbane Lions,Dayne Zorko,12,7,7,2,0,0,6
2024,1,2024-03-08,Gabba,Brisbane Lions,Carlton,Carlton,Blake Acres,12,6,10,0,0,0,0
2024,1,2024-03-08,Gabba,Brisbane Lions,Carlton,Carlton,Jordan Boyd,14,6,2,0,0,0,3
2024,1,2024-03-08,Gabba,Brisbane Lions,Carlton,Carlton,Jack Carroll,7,1,3,1,0,0,2
2024,1,2024-03-08,Gabba,Brisbane Lions,Carlton,Carlton,Adam Cerra,11,1,14,0,0,0,4
2024,1,2024-03-08,Gabba,Brisbane Lions,Carlton,Carlton,Matthew Cottrell,9,4,5,1,0,0,0
2024,1,2024-03-08,Gabba,Brisbane Lions,Carlton,Carlton,Patrick Cripps,8,3,15,1,0,2,2
2024,1,2024-03-08,Gabba,Brisbane Lions,Carlton,Carlton,David Cuningham,5,2,7,1,2,0,5
2024,1,2024-03-08,Gabba,Brisbane Lions,Carlton,Carlton,Charlie Curnow,11,5,0,4,0,0,0
2024,1,2024-03-08,Gabba,Brisbane Lions,Carlton,Carlton,Tom De Koning,5,2,6,0,0,24,3
2024,1,2024-03-08,Gabba,Brisbane Lions,Carlton,Carlton,Sam Docherty,9,5,1,0,0,0,1
2024,1,2024-03-08,Gabba,Brisbane Lions,Carlton,Carlton,Orazio Fantasia,4,1,7,0,0,0,1
2024,1,2024-03-08,Gabba,Brisbane Lions,Carlton,Carlton,Lachie Fogarty,5,2,8,1,0,0,9
2024,1,2024-03-08,Gabba,Brisbane Lions,Carlton,Carlton,George Hewett,15,4,12,0,0,0,5
2024,1,2024-03-08,Gabba,Brisbane Lions,Carlton,Carlton,Oliver Hollands,6,3,2,0,0,0,8
2024,1,2024-03-08,Gabba,Brisbane Lions,Carlton,Carlton,Brodie Kemp,6,3,9,0,0,0,1
2024,1,2024-03-08,Gabba,Brisbane Lions,Carlton,Carlton,Matthew Kennedy,6,2,4,1,0,1,2
2024,1,2024-03-08,Gabba,Brisbane Lions,Carlton,Carlton,Mitch McGovern,14,8,3,0,1,0,4
2024,1,2024-03-08,Gabba,Brisbane Lions,Carlton,Carlton,Harry McKay,9,7,4,3,1,1,2
2024,1,2024-03-08,Gabba,Brisbane Lions,Carlton,Carlton,Nic Newman,15,8,1,0,0,0,3
2024,1,2024-03-08,Gabba,Brisbane Lions,Carlton,Carlton,Matthew Owies,6,2,2,0,0,0,1
2024,1,2024-03-08,Gabba,Brisbane Lions,Carlton,Carlton,Adam Saad,9,6,6,0,0,0,1
2024,1,2024-03-08,Gabba,Brisbane Lions,Carlton,Carlton,Zac Williams,17,4,2,0,0,0,2
2024,1,2024-03-08,Gabba,Brisbane Lions,Carlton,Carlton,Lewis Young,13,6,2,0,0,0,0
2024,1,2024-03-09,Carrara,Gold Coast,Richmond,Gold Coast,Ben Ainsworth,9,6,4,0,1,0,0
2024,1,2024-03-09,Carrara,Gold Coast,Richmond,Gold Coast,Noah Anderson,16,9,9,0,1,0,1
2024,1,2024-03-09,Carrara,Gold Coast,Richmond,Gold Coast,Charlie Ballard,12,9,2,0,0,0,1
2024,1,2024-03-09,Carrara,Gold Coast,Richmond,Gold Coast,Tom Berry,6,3,0,0,1,0,3
2024,1,2024-03-09,Carrara,Gold Coast,Richmond,Gold Coast,Connor Budarick,18,8,3,0,0,0,1
2024,1,2024-03-09,Carrara,Gold Coast,Richmond,Gold Coast,Levi Casboult,5,2,4,0,0,3,2
2024,1,2024-03-09,Carrara,Gold Coast,Richmond,Gold Coast,Sam Collins,6,6,8,0,0,0,1
2024,1,2024-03-09,Carrara,Gold Coast,Richmond,Gold Coast,Brandon Ellis,10,4,2,0,0,0,3
2024,1,2024-03-09,Carrara,Gold Coast,Richmond,Gold Coast,Brayden Fiorini,12,8,7,2,0,0,3
2024,1,2024-03-09,Carrara,Gold Coast,Richmond,Gold Coast,Sam Flanders,15,4,11,0,0,0,3
2024,1,2024-03-09,Carrara,Gold Coast,Richmond,Gold Coast,Nick Holman,8,4,5,1,1,0,2
2024,1,2024-03-09,Carrara,Gold Coast,Richmond,Gold Coast,Bailey Humphrey,1,2,8,0,0,0,2
2024,1,2024-03-09,Carrara,Gold Coast,Richmond,Gold Coast,Ben King,8,6,2,5,1,0,0
2024,1,2024-03-09,Carrara,Gold Coast,Richmond,Gold Coast,Jack Lukosius,9,6,1,3,0,3,1
2024,1,2024-03-09,Carrara,Gold Coast,Richmond,Gold Coast,Darcy Macpherson,0,0,2,0,0,0,1
2024,1,2024-03-09,Carrara,Gold Coast,Richmond,Gold Coast,Touk Miller,18,6,10,0,1,0,4
2024,1,2024-03-09,Carrara,Gold Coast,Richmond,Gold Coast,Wil Powell,20,9,8,0,0,0,1
2024,1,2024-03-09,Carrara,Gold Coast,Richmond,Gold Coast,Malcolm Rosas,9,5,4,3,2,0,1
2024,1,2024-03-09,Carrara,Gold Coast,Richmond,Gold Coast,Matt Rowell,19,1,14,0,0,0,5
2024,1,2024-03-09,Carrara,Gold Coast,Richmond,Gold Coast,Alex Sexton,12,8,9,0,0,0,1
2024,1,2024-03-09,Carrara,Gold Coast,Richmond,Gold Coast,David Swallow,12,6,4,0,0,0,1
2024,1,2024-03-09,Carrara,Gold Coast,Richmond,Gold Coast,Bodhi Uwland,4,3,4,0,0,0,0
2024,1,2024-03-09,Carrara,Gold Coast,Richmond,Gold Coast,Jarrod Witts,11,3,3,0,1,22,2
2024,1,2024-03-09,Carrara,Gold Coast,Richmond,Richmond,Liam Baker,8,2,8,0,0,0,0
2024,1,2024-03-09,Carrara,Gold Coast,Richmond,Richmond,Noah Balta,10,5,5,1,1,5,2
2024,1,2024-03-09,Carrara,Gold Coast,Richmond,Richmond,Sam Banks,7,4,4,0,0,0,3
2024,1,2024-03-09,Carrara,Gold Coast,Richmond,Richmond,Shai Bolton,6,1,2,3,0,0,1
2024,1,2024-03-09,Carrara,Gold Coast,Richmond,Richmond,Nathan Broad,8,6,1,0,1,0,3
2024,1,2024-03-09,Carrara,Gold Coast,Richmond,Richmond,Seth Campbell,7,2,2,2,1,0,4
2024,1,2024-03-09,Carrara,Gold Coast,Richmond,Richmond,Thomson Dow,1,1,5,0,0,0,3
2024,1,2024-03-09,Carrara,Gold Coast,Richmond,Richmond,Josh Gibcus,6,2,3,0,0,0,2
2024,1,2024-03-09,Carrara,Gold Coast,Richmond,Richmond,Dylan Grimes,6,5,2,0,0,0,0
2024,1,2024-03-09,Carrara,Gold Coast,Richmond,Richmond,Jacob Hopper,14,6,9,2,0,0,2
2024,1,2024-03-09,Carrara,Gold Coast,Richmond,Richmond,Jacob Koschitzke,3,2,1,0,0,1,3
2024,1,2024-03-09,Carrara,Gold Coast,Richmond,Richmond,Kamdyn McIntosh,8,4,7,0,0,0,0
2024,1,2024-03-09,Carrara,Gold Coast,Richmond,Richmond,Sam Naismith,5,1,6,0,0,25,3
2024,1,2024-03-09,Carrara,Gold Coast,Richmond,Richmond,Marlion Pickett,8,3,5,1,0,0,3
2024,1,2024-03-09,Carrara,Gold Coast,Richmond,Richmond,Dion Prestia,9,3,9,0,1,0,3
2024,1,2024-03-09,Carrara,Gold Coast,Richmond,Richmond,Daniel Rioli,12,2,3,0,0,0,2
2024,1,2024-03-09,Carrara,Gold Coast,Richmond,Richmond,Maurice Rioli,3,1,4,0,1,0,2
2024,1,2024-03-09,Carrara,Gold Coast,Richmond,Richmond,Jack Ross,5,2,5,0,0,0,0
2024,1,2024-03-09,Carrara,Gold Coast,Richmond,Richmond,Samson Ryan,1,0,1,0,0,6,1
2024,1,2024-03-09,Carrara,Gold Coast,Richmond,Richmond,Jayden Short,20,7,3,0,0,0,4
2024,1,2024-03-09,Carrara,Gold Coast,Richmond,Richmond,Tim Taranto,10,2,5,0,0,0,4
2024,1,2024-03-09,Carrara,Gold Coast,Richmond,Richmond,Nick Vlastuin,18,9,2,0,0,0,1
2024,1,2024-03-09,Carrara,Gold Coast,Richmond,Richmond,Tylar Young,5,2,1,0,0,0,1
2024,1,2024-03-09,Sydney Showground,Greater Western Sydney,Collingwood,Greater Western Sydney,Lachie Ash,14,7,11,0,0,0,4
2024,1,2024-03-09,Sydney Showground,Greater Western Sydney,Collingwood,Greater Western Sydney,Toby Bedford,5,1,6,0,0,0,3
2024,1,2024-03-09,Sydney Showground,Greater Western Sydney,Collingwood,Greater Western Sydney,Kieren Briggs,7,0,7,0,0,20,3
2024,1,2024-03-09,Sydney Showground,Greater Western Sydney,Collingwood,Greater Western Sydney,Callum Brown,8,7,3,5,0,0,1
2024,1,2024-03-09,Sydney Showground,Greater Western Sydney,Collingwood,Greater Western Sydney,Jack Buckley,5,3,3,0,0,0,1
2024,1,2024-03-09,Sydney Showground,Greater Western Sydney,Collingwood,Greater Western Sydney,Aaron Cadman,5,3,5,2,1,0,0
2024,1,2024-03-09,Sydney Showground,Greater Western Sydney,Collingwood,Greater Western Sydney,Stephen Coniglio,12,5,16,0,0,0,2
2024,1,2024-03-09,Sydney Showground,Greater Western Sydney,Collingwood,Greater Western Sydney,Brent Daniels,14,5,8,4,2,0,0
2024,1,2024-03-09,Sydney Showground,Greater Western Sydney,Collingwood,Greater Western Sydney,Toby Greene,9,3,6,1,0,0,0
2024,1,2024-03-09,Sydney Showground,Greater Western Sydney,Collingwood,Greater Western Sydney,Tom Green,16,4,14,1,0,0,6
2024,1,2024-03-09,Sydney Showground,Greater Western Sydney,Collingwood,Greater Western Sydney,Nick Haynes,16,9,7,0,0,0,1
2024,1,2024-03-09,Sydney Showground,Greater Western Sydney,Collingwood,Greater Western Sydney,Harry Himmelberg,14,5,10,0,0,0,2
2024,1,2024-03-09,Sydney Showground,Greater Western Sydney,Collingwood,Greater Western Sydney,Jesse Hogan,9,7,3,4,0,0,0
2024,1,2024-03-09,Sydney Showground,Greater Western Sydney,Collingwood,Greater Western Sydney,Connor Idun,8,5,8,0,0,0,1
2024,1,2024-03-09,Sydney Showground,Greater Western Sydney,Collingwood,Greater Western Sydney,Josh Kelly,22,5,10,1,0,0,3
2024,1,2024-03-09,Sydney Showground,Greater Western Sydney,Collingwood,Greater Western Sydney,Toby McMullin,8,3,3,0,0,0,2
2024,1,2024-03-09,Sydney Showground,Greater Western Sydney,Collingwood,Greater Western Sydney,Xavier OHalloran,10,4,5,0,0,0,3
2024,1,2024-03-09,Sydney Showground,Greater Western Sydney,Collingwood,Greater Western Sydney,Jake Riccardi,1,1,3,0,0,3,0
2024,1,2024-03-09,Sydney Showground,Greater Western Sydney,Collingwood,Greater Western Sydney,Sam Taylor,8,4,7,0,0,0,0
2024,1,2024-03-09,Sydney Showground,Greater Western Sydney,Collingwood,Greater Western Sydney,Harvey Thomas,3,0,6,0,0,0,0
2024,1,2024-03-09,Sydney Showground,Greater Western Sydney,Collingwood,Greater Western Sydney,Callan Ward,2,0,6,0,0,0,1
2024,1,2024-03-09,Sydney Showground,Greater Western Sydney,Collingwood,Greater Western Sydney,Jacob Wehr,6,2,5,0,1,0,2
2024,1,2024-03-09,Sydney Showground,Greater Western Sydney,Collingwood,Greater Western Sydney,Lachie Whitfield,24,14,9,0,0,0,1
2024,1,2024-03-09,Sydney Showground,Greater Western Sydney,Collingwood,Collingwood,Darcy Cameron,15,4,5,2,0,30,5
2024,1,2024-03-09,Sydney Showground,Greater Western Sydney,Collingwood,Collingwood,Mason Cox,2,1,3,0,0,19,0
2024,1,2024-03-09,Sydney Showground,Greater Western Sydney,Collingwood,Collingwood,Jack Crisp,9,2,9,0,1,0,6
2024,1,2024-03-09,Sydney Showground,Greater Western Sydney,Collingwood,Collingwood,Josh Daicos,16,6,12,0,0,0,5
2024,1,2024-03-09,Sydney Showground,Greater Western Sydney,Collingwood,Collingwood,Nick Daicos,19,3,15,1,1,0,4
2024,1,2024-03-09,Sydney Showground,Greater Western Sydney,Collingwood,Collingwood,Jordan de Goey,11,4,10,0,0,0,1
2024,1,2024-03-09,Sydney Showground,Greater Western Sydney,Collingwood,Collingwood,Charlie Dean,4,3,5,0,0,0,1
2024,1,2024-03-09,Sydney Showground,Greater Western Sydney,Collingwood,Collingwood,Jamie Elliott,9,3,7,0,2,0,3
2024,1,2024-03-09,Sydney Showground,Greater Western Sydney,Collingwood,Collingwood,Bobby Hill,5,1,5,2,0,0,3
2024,1,2024-03-09,Sydney Showground,Greater Western Sydney,Collingwood,Collingwood,Will Hoskin-Elliott,13,7,1,0,1,0,1
2024,1,2024-03-09,Sydney Showground,Greater Western Sydney,Collingwood,Collingwood,Ash Johnson,2,1,0,0,0,0,1
2024,1,2024-03-09,Sydney Showground,Greater Western Sydney,Collingwood,Collingwood,Patrick Lipinski,12,2,14,0,2,0,2
2024,1,2024-03-09,Sydney Showground,Greater Western Sydney,Collingwood,Collingwood,Oleg Markov,5,2,11,0,0,0,0
2024,1,2024-03-09,Sydney Showground,Greater Western Sydney,Collingwood,Collingwood,Brayden Maynard,15,9,1,1,0,0,5
2024,1,2024-03-09,Sydney Showground,Greater Western Sydney,Collingwood,Collingwood,Beau McCreery,7,3,2,1,1,0,4
2024,1,2024-03-09,Sydney Showground,Greater Western Sydney,Collingwood,Collingwood,Brody Mihocek,8,3,6,3,2,0,0
2024,1,2024-03-09,Sydney Showground,Greater Western Sydney,Collingwood,Collingwood,Tom Mitchell,2,0,7,1,0,0,2
2024,1,2024-03-09,Sydney Showground,Greater Western Sydney,Collingwood,Collingwood,Darcy Moore,6,4,3,0,0,0,2
2024,1,2024-03-09,Sydney Showground,Greater Western Sydney,Collingwood,Collingwood,John Noble,4,1,4,0,0,0,3
2024,1,2024-03-09,Sydney Showground,Greater Western Sydney,Collingwood,Collingwood,Scott Pendlebury,10,8,8,0,0,0,1
2024,1,2024-03-09,Sydney Showground,Greater Western Sydney,Collingwood,Collingwood,Isaac Quaynor,9,3,6,0,0,0,2
2024,1,2024-03-09,Sydney Showground,Greater Western Sydney,Collingwood,Collingwood,Lachie Schultz,8,5,8,0,3,0,6
2024,1,2024-03-09,Sydney Showground,Greater Western Sydney,Collingwood,Collingwood,Steele Sidebottom,14,6,3,0,0,0,3
2024,2,2024-03-14,M.C.G.,Carlton,Richmond,Carlton,Blake Acres,11,6,6,0,1,0,3
2024,2,2024-03-14,M.C.G.,Carlton,Richmond,Carlton,Jordan Boyd,10,4,3,0,1,0,3
2024,2,2024-03-14,M.C.G.,Carlton,Richmond,Carlton,Jack Carroll,8,4,12,0,0,0,1
2024,2,2024-03-14,M.C.G.,Carlton,Richmond,Carlton,Adam Cerra,8,3,7,1,0,0,6
2024,2,2024-03-14,M.C.G.,Carlton,Richmond,Carlton,Matthew Cottrell,7,3,3,1,0,0,0
2024,2,2024-03-14,M.C.G.,Carlton,Richmond,Carlton,Patrick Cripps,8,1,23,0,0,0,7
2024,2,2024-03-14,M.C.G.,Carlton,Richmond,Carlton,David Cuningham,6,2,6,0,0,0,3
2024,2,2024-03-14,M.C.G.,Carlton,Richmond,Carlton,Charlie Curnow,11,7,3,2,3,0,2
2024,2,2024-03-14,M.C.G.,Carlton,Richmond,Carlton,Tom De Koning,8,4,7,1,2,28,6
2024,2,2024-03-14,M.C.G.,Carlton,Richmond,Carlton,Corey Durdin,0,0,2,0,0,0,0
2024,2,2024-03-14,M.C.G.,Carlton,Richmond,Carlton,Orazio Fantasia,2,2,7,0,2,0,1
2024,2,2024-03-14,M.C.G.,Carlton,Richmond,Carlton,Lachie Fogarty,7,3,4,0,0,0,3
2024,2,2024-03-14,M.C.G.,Carlton,Richmond,Carlton,George Hewett,8,1,12,0,0,0,6
2024,2,2024-03-14,M.C.G.,Carlton,Richmond,Carlton,Oliver Hollands,7,3,1,1,0,0,2
2024,2,2024-03-14,M.C.G.,Carlton,Richmond,Carlton,Brodie Kemp,12,10,5,0,0,0,1
2024,2,2024-03-14,M.C.G.,Carlton,Richmond,Carlton,Matthew Kennedy,8,4,5,1,1,0,2
2024,2,2024-03-14,M.C.G.,Carlton,Richmond,Carlton,Mitch McGovern,19,8,7,0,0,0,1
2024,2,2024-03-14,M.C.G.,Carlton,Richmond,Carlton,Harry McKay,10,6,3,3,0,2,7
2024,2,2024-03-14,M.C.G.,Carlton,Richmond,Carlton,Nic Newman,19,5,5,0,0,0,7
2024,2,2024-03-14,M.C.G.,Carlton,Richmond,Carlton,Matthew Owies,6,1,3,2,1,0,4
2024,2,2024-03-14,M.C.G.,Carlton,Richmond,Carlton,Adam Saad,17,7,7,0,0,0,0
2024,2,2024-03-14,M.C.G.,Carlton,Richmond,Carlton,Zac Williams,13,5,2,0,1,0,4
2024,2,2024-03-14,M.C.G.,Carlton,Richmond,Carlton,Lewis Young,13,9,4,0,0,1,0
2024,2,2024-03-14,M.C.G.,Carlton,Richmond,Richmond,Liam Baker,12,5,6,1,1,0,4
2024,2,2024-03-14,M.C.G.,Carlton,Richmond,Richmond,Noah Balta,19,9,4,3,0,4,0
2024,2,2024-03-14,M.C.G.,Carlton,Richmond,Richmond,Shai Bolton,9,4,9,0,1,0,3
2024,2,2024-03-14,M.C.G.,Carlton,Richmond,Richmond,Nathan Broad,9,3,0,0,0,0,3
2024,2,2024-03-14,M.C.G.,Carlton,Richmond,Richmond,Seth Campbell,9,3,4,1,0,0,1
2024,2,2024-03-14,M.C.G.,Carlton,Richmond,Richmond,Thomson Dow,5,4,11,0,0,0,0
2024,2,2024-03-14,M.C.G.,Carlton,Richmond,Richmond,Josh Gibcus,1,0,0,0,0,0,2
2024,2,2024-03-14,M.C.G.,Carlton,Richmond,Richmond,Dylan Grimes,4,1,2,0,0,0,1
2024,2,2024-03-14,M.C.G.,Carlton,Richmond,Richmond,Jacob Hopper,9,2,16,0,0,0,2
2024,2,2024-03-14,M.C.G.,Carlton,Richmond,Richmond,Tom Lynch,8,4,2,2,1,1,1
2024,2,2024-03-14,M.C.G.,Carlton,Richmond,Richmond,Rhyan Mansell,5,1,1,0,1,0,1
2024,2,2024-03-14,M.C.G.,Carlton,Richmond,Richmond,Dustin Martin,11,4,5,2,0,0,3
2024,2,2024-03-14,M.C.G.,Carlton,Richmond,Richmond,Kamdyn McIntosh,12,5,4,0,0,0,2
2024,2,2024-03-14,M.C.G.,Carlton,Richmond,Richmond,Toby Nankervis,10,3,9,0,1,21,8
2024,2,2024-03-14,M.C.G.,Carlton,Richmond,Richmond,Marlion Pickett,7,2,11,0,0,0,3
2024,2,2024-03-14,M.C.G.,Carlton,Richmond,Richmond,Dion Prestia,4,1,3,0,0,0,0
2024,2,2024-03-14,M.C.G.,Carlton,Richmond,Richmond,Daniel Rioli,7,1,6,0,0,0,4
2024,2,2024-03-14,M.C.G.,Carlton,Richmond,Richmond,Maurice Rioli,1,1,3,1,0,0,5
2024,2,2024-03-14,M.C.G.,Carlton,Richmond,Richmond,Jack Ross,11,3,6,0,0,0,1
2024,2,2024-03-14,M.C.G.,Carlton,Richmond,Richmond,Jayden Short,16,4,3,1,0,0,0
2024,2,2024-03-14,M.C.G.,Carlton,Richmond,Richmond,Tim Taranto,15,3,6,1,2,0,4
2024,2,2024-03-14,M.C.G.,Carlton,Richmond,Richmond,Nick Vlastuin,17,6,7,0,0,0,6
2024,2,2024-03-14,M.C.G.,Carlton,Richmond,Richmond,Tylar Young,2,0,1,0,0,0,0
2024,2,2024-03-15,M.C.G.,Collingwood,Sydney,Collingwood,Darcy Cameron,11,4,6,1,0,20,1
2024,2,2024-03-15,M.C.G.,Collingwood,Sydney,Collingwood,Mason Cox,5,5,7,0,1,18,1
2024,2,2024-03-15,M.C.G.,Collingwood,Sydney,Collingwood,Jack Crisp,4,2,11,0,0,0,2
2024,2,2024-03-15,M.C.G.,Collingwood,Sydney,Collingwood,Josh Daicos,9,2,7,1,0,0,0
2024,2,2024-03-15,M.C.G.,Collingwood,Sydney,Collingwood,Nick Daicos,17,6,20,1,1,0,2
2024,2,2024-03-15,M.C.G.,Collingwood,Sydney,Collingwood,Jordan de Goey,11,7,9,1,0,0,4
2024,2,2024-03-15,M.C.G.,Collingwood,Sydney,Collingwood,Charlie Dean,7,6,5,0,0,0,1
2024,2,2024-03-15,M.C.G.,Collingwood,Sydney,Collingwood,Jamie Elliott,7,5,4,2,0,0,2
2024,2,2024-03-15,M.C.G.,Collingwood,Sydney,Collingwood,Bobby Hill,9,4,3,1,0,0,1
2024,2,2024-03-15,M.C.G.,Collingwood,Sydney,Collingwood,Will Hoskin-Elliott,17,2,2,0,0,0,1
2024,2,2024-03-15,M.C.G.,Collingwood,Sydney,Collingwood,Jeremy Howe,13,6,1,0,1,0,2
2024,2,2024-03-15,M.C.G.,Collingwood,Sydney,Collingwood,Ash Johnson,2,1,1,0,1,0,1
2024,2,2024-03-15,M.C.G.,Collingwood,Sydney,Collingwood,Patrick Lipinski,6,4,12,0,0,0,2
2024,2,2024-03-15,M.C.G.,Collingwood,Sydney,Collingwood,Finlay Macrae,2,0,6,0,0,0,2
2024,2,2024-03-15,M.C.G.,Collingwood,Sydney,Collingwood,Oleg Markov,7,5,5,0,0,0,3
2024,2,2024-03-15,M.C.G.,Collingwood,Sydney,Collingwood,Brayden Maynard,20,6,2,0,0,0,5
2024,2,2024-03-15,M.C.G.,Collingwood,Sydney,Collingwood,Beau McCreery,6,4,3,1,1,0,8
2024,2,2024-03-15,M.C.G.,Collingwood,Sydney,Collingwood,Brody Mihocek,4,2,3,0,1,0,6
2024,2,2024-03-15,M.C.G.,Collingwood,Sydney,Collingwood,Darcy Moore,12,8,4,0,0,0,1
2024,2,2024-03-15,M.C.G.,Collingwood,Sydney,Collingwood,Scott Pendlebury,14,4,12,0,0,0,2
2024,2,2024-03-15,M.C.G.,Collingwood,Sydney,Collingwood,Isaac Quaynor,10,5,6,0,0,0,2
2024,2,2024-03-15,M.C.G.,Collingwood,Sydney,Collingwood,Lachie Schultz,6,3,4,2,0,0,2
2024,2,2024-03-15,M.C.G.,Collingwood,Sydney,Collingwood,Steele Sidebottom,10,3,6,0,0,0,0
2024,2,2024-03-15,M.C.G.,Collingwood,Sydney,Sydney,Joel Amartey,6,6,1,1,2,0,2
2024,2,2024-03-15,M.C.G.,Collingwood,Sydney,Sydney,Nick Blakey,18,5,1,0,0,0,1
2024,2,2024-03-15,M.C.G.,Collingwood,Sydney,Sydney,Braeden Campbell,7,3,2,0,0,0,2
2024,2,2024-03-15,M.C.G.,Collingwood,Sydney,Sydney,Harry Cunningham,9,7,9,0,0,0,1
2024,2,2024-03-15,M.C.G.,Collingwood,Sydney,Sydney,Oliver Florent,12,3,9,0,0,0,3
2024,2,2024-03-15,M.C.G.,Collingwood,Sydney,Sydney,Robbie Fox,7,2,5,0,0,0,3
2024,2,2024-03-15,M.C.G.,Collingwood,Sydney,Sydney,Brodie Grundy,5,1,3,0,0,22,6
2024,2,2024-03-15,M.C.G.,Collingwood,Sydney,Sydney,Errol Gulden,21,8,9,0,1,0,2
2024,2,2024-03-15,M.C.G.,Collingwood,Sydney,Sydney,Will Hayward,6,4,4,0,1,0,5
2024,2,2024-03-15,M.C.G.,Collingwood,Sydney,Sydney,Isaac Heeney,15,7,14,2,2,0,4
2024,2,2024-03-15,M.C.G.,Collingwood,Sydney,Sydney,James Jordon,8,5,11,0,0,0,4
2024,2,2024-03-15,M.C.G.,Collingwood,Sydney,Sydney,Jake Lloyd,9,6,7,0,0,0,3
2024,2,2024-03-15,M.C.G.,Collingwood,Sydney,Sydney,Tom McCartin,12,7,3,0,0,0,2
2024,2,2024-03-15,M.C.G.,Collingwood,Sydney,Sydney,Logan McDonald,11,8,4,4,2,0,1
2024,2,2024-03-15,M.C.G.,Collingwood,Sydney,Sydney,Justin McInerney,9,4,12,1,0,0,2
2024,2,2024-03-15,M.C.G.,Collingwood,Sydney,Sydney,Hayden McLean,6,2,6,1,0,4,2
2024,2,2024-03-15,M.C.G.,Collingwood,Sydney,Sydney,Lewis Melican,8,5,1,0,0,0,4
2024,2,2024-03-15,M.C.G.,Collingwood,Sydney,Sydney,Tom Papley,12,4,5,1,1,0,2
2024,2,2024-03-15,M.C.G.,Collingwood,Sydney,Sydney,Dane Rampe,8,2,6,0,0,0,0
2024,2,2024-03-15,M.C.G.,Collingwood,Sydney,Sydney,Matt Roberts,10,5,5,0,0,0,4
2024,2,2024-03-15,M.C.G.,Collingwood,Sydney,Sydney,James Rowbottom,7,1,9,1,1,0,13
2024,2,2024-03-15,M.C.G.,Collingwood,Sydney,Sydney,Chad Warner,15,4,12,3,0,0,4
2024,2,2024-03-15,M.C.G.,Collingwood,Sydney,Sydney,Sam Wicks,1,1,1,1,0,0,2
2024,2,2024-03-16,M.C.G.,Essendon,Hawthorn,Essendon,Jye Caldwell,4,1,9,1,0,0,7
2024,2,2024-03-16,M.C.G.,Essendon,Hawthorn,Essendon,Nik Cox,8,5,4,0,0,0,5
2024,2,2024-03-16,M.C.G.,Essendon,Hawthorn,Essendon,Sam Durham,8,2,8,1,1,0,3
2024,2,2024-03-16,M.C.G.,Essendon,Hawthorn,Essendon,Xavier Duursma,4,5,8,0,0,0,1
2024,2,2024-03-16,M.C.G.,Essendon,Hawthorn,Essendon,Todd Goldstein,4,1,5,0,0,41,2
2024,2,2024-03-16,M.C.G.,Essendon,Hawthorn,Essendon,Jade Gresham,8,2,4,1,0,0,1
2024,2,2024-03-16,M.C.G.,Essendon,Hawthorn,Essendon,Matt Guelfi,8,3,4,2,0,0,1
2024,2,2024-03-16,M.C.G.,Essendon,Hawthorn,Essendon,Dyson Heppell,10,4,11,0,0,0,1
2024,2,2024-03-16,M.C.G.,Essendon,Hawthorn,Essendon,Harry Jones,1,1,3,0,0,0,2
2024,2,2024-03-16,M.C.G.,Essendon,Hawthorn,Essendon,Jake Kelly,11,6,4,0,0,0,0
2024,2,2024-03-16,M.C.G.,Essendon,Hawthorn,Essendon,Kyle Langford,6,5,1,3,0,0,1
2024,2,2024-03-16,M.C.G.,Essendon,Hawthorn,Essendon,Nic Martin,16,6,9,0,1,0,2
2024,2,2024-03-16,M.C.G.,Essendon,Hawthorn,Essendon,Andrew McGrath,19,5,14,0,0,0,2
2024,2,2024-03-16,M.C.G.,Essendon,Hawthorn,Essendon,Ben McKay,5,5,5,0,0,0,3
2024,2,2024-03-16,M.C.G.,Essendon,Hawthorn,Essendon,Jye Menzie,6,3,4,1,0,0,1
2024,2,2024-03-16,M.C.G.,Essendon,Hawthorn,Essendon,Zach Merrett,18,8,13,0,0,0,5
2024,2,2024-03-16,M.C.G.,Essendon,Hawthorn,Essendon,Archie Perkins,14,4,10,2,0,0,12
2024,2,2024-03-16,M.C.G.,Essendon,Hawthorn,Essendon,Mason Redman,18,4,4,0,1,0,0
2024,2,2024-03-16,M.C.G.,Essendon,Hawthorn,Essendon,Zach Reid,1,2,2,0,0,0,1
2024,2,2024-03-16,M.C.G.,Essendon,Hawthorn,Essendon,Will Setterfield,15,6,9,0,1,0,8
2024,2,2024-03-16,M.C.G.,Essendon,Hawthorn,Essendon,Jake Stringer,9,6,2,4,1,0,2
2024,2,2024-03-16,M.C.G.,Essendon,Hawthorn,Essendon,Elijah Tsatas,7,4,5,0,0,0,0
2024,2,2024-03-16,M.C.G.,Essendon,Hawthorn,Essendon,Peter Wright,5,4,3,2,0,3,1
2024,2,2024-03-16,M.C.G.,Essendon,Hawthorn,Hawthorn,Karl Amon,14,4,4,1,0,0,3
2024,2,2024-03-16,M.C.G.,Essendon,Hawthorn,Hawthorn,Luke Breust,8,6,4,0,2,0,1
2024,2,2024-03-16,M.C.G.,Essendon,Hawthorn,Hawthorn,Mabior Chol,8,5,1,2,2,5,1
2024,2,2024-03-16,M.C.G.,Essendon,Hawthorn,Hawthorn,Massimo DAmbrosio,15,4,14,0,0,0,2
2024,2,2024-03-16,M.C.G.,Essendon,Hawthorn,Hawthorn,Sam Frost,3,3,4,0,0,0,3
2024,2,2024-03-16,M.C.G.,Essendon,Hawthorn,Hawthorn,Jack Ginnivan,11,5,6,2,0,0,0
2024,2,2024-03-16,M.C.G.,Essendon,Hawthorn,Hawthorn,Jack Gunston,7,6,6,1,2,0,1
2024,2,2024-03-16,M.C.G.,Essendon,Hawthorn,Hawthorn,Blake Hardwick,8,3,5,0,0,0,2
2024,2,2024-03-16,M.C.G.,Essendon,Hawthorn,Hawthorn,Jarman Impey,14,7,2,0,0,0,6
2024,2,2024-03-16,M.C.G.,Essendon,Hawthorn,Hawthorn,Mitch Lewis,7,8,3,1,2,1,0
2024,2,2024-03-16,M.C.G.,Essendon,Hawthorn,Hawthorn,Connor Macdonald,13,7,9,0,0,0,2
2024,2,2024-03-16,M.C.G.,Essendon,Hawthorn,Hawthorn,Cam Mackenzie,9,1,5,0,0,0,0
2024,2,2024-03-16,M.C.G.,Essendon,Hawthorn,Hawthorn,Finn Maginness,2,1,2,0,1,0,0
2024,2,2024-03-16,M.C.G.,Essendon,Hawthorn,Hawthorn,Dylan Moore,11,7,6,3,0,0,4
2024,2,2024-03-16,M.C.G.,Essendon,Hawthorn,Hawthorn,Conor Nash,11,5,8,0,1,1,5
2024,2,2024-03-16,M.C.G.,Essendon,Hawthorn,Hawthorn,Jai Newcombe,10,4,11,0,0,0,1
2024,2,2024-03-16,M.C.G.,Essendon,Hawthorn,Hawthorn,Ned Reeves,5,1,3,0,0,28,2
2024,2,2024-03-16,M.C.G.,Essendon,Hawthorn,Hawthorn,Jack Scrimshaw,4,1,5,0,0,0,2
2024,2,2024-03-16,M.C.G.,Essendon,Hawthorn,Hawthorn,James Sicily,6,2,5,0,0,0,0
2024,2,2024-03-16,M.C.G.,Essendon,Hawthorn,Hawthorn,Josh Ward,5,5,12,0,0,0,2
2024,2,2024-03-16,M.C.G.,Essendon,Hawthorn,Hawthorn,Nick Watson,5,2,0,0,3,0,2
2024,2,2024-03-16,M.C.G.,Essendon,Hawthorn,Hawthorn,Josh Weddle,11,6,9,0,1,0,2
2024,2,2024-03-16,M.C.G.,Essendon,Hawthorn,Hawthorn,James Worpel,14,2,14,1,0,0,3
2024,2,2024-03-16,Sydney Showground,Greater Western Sydney,North Melbourne,Greater Western Sydney,Lachie Ash,15,4,4,0,0,0,1
2024,2,2024-03-16,Sydney Showground,Greater Western Sydney,North Melbourne,Greater Western Sydney,Toby Bedford,3,2,2,1,1,0,0
2024,2,2024-03-16,Sydney Showground,Greater Western Sydney,North Melbourne,Greater Western Sydney,Kieren Briggs,5,1,4,0,0,20,3
2024,2,2024-03-16,Sydney Showground,Greater Western Sydney,North Melbourne,Greater Western Sydney,Callum Brown,7,5,8,2,1,0,2
2024,2,2024-03-16,Sydney Showground,Greater Western Sydney,North Melbourne,Greater Western Sydney,Jack Buckley,11,9,6,0,0,0,2
2024,2,2024-03-16,Sydney Showground,Greater Western Sydney,North Melbourne,Greater Western Sydney,Aaron Cadman,5,3,3,2,1,1,3
2024,2,2024-03-16,Sydney Showground,Greater Western Sydney,North Melbourne,Greater Western Sydney,Finn Callaghan,12,5,12,0,0,0,3
2024,2,2024-03-16,Sydney Showground,Greater Western Sydney,North Melbourne,Greater Western Sydney,Stephen Coniglio,12,3,18,0,0,0,5
2024,2,2024-03-16,Sydney Showground,Greater Western Sydney,North Melbourne,Greater Western Sydney,Brent Daniels,15,7,7,0,2,0,0
2024,2,2024-03-16,Sydney Showground,Greater Western Sydney,North Melbourne,Greater Western Sydney,Toby Greene,13,9,8,0,4,0,1
2024,2,2024-03-16,Sydney Showground,Greater Western Sydney,North Melbourne,Greater Western Sydney,Tom Green,13,5,24,1,1,0,9
2024,2,2024-03-16,Sydney Showground,Greater Western Sydney,North Melbourne,Greater Western Sydney,Nick Haynes,3,2,3,0,0,0,0
2024,2,2024-03-16,Sydney Showground,Greater Western Sydney,North Melbourne,Greater Western Sydney,Harry Himmelberg,10,6,6,0,0,0,2
2024,2,2024-03-16,Sydney Showground,Greater Western Sydney,North Melbourne,Greater Western Sydney,Jesse Hogan,15,8,3,6,2,0,1
2024,2,2024-03-16,Sydney Showground,Greater Western Sydney,North Melbourne,Greater Western Sydney,Connor Idun,10,6,9,0,1,0,0
2024,2,2024-03-16,Sydney Showground,Greater Western Sydney,North Melbourne,Greater Western Sydney,Josh Kelly,12,4,12,2,1,0,4
2024,2,2024-03-16,Sydney Showground,Greater Western Sydney,North Melbourne,Greater Western Sydney,Xavier OHalloran,9,3,7,0,0,0,3
2024,2,2024-03-16,Sydney Showground,Greater Western Sydney,North Melbourne,Greater Western Sydney,Harry Perryman,10,4,5,0,0,0,1
2024,2,2024-03-16,Sydney Showground,Greater Western Sydney,North Melbourne,Greater Western Sydney,Jake Riccardi,16,10,3,3,2,1,0
2024,2,2024-03-16,Sydney Showground,Greater Western Sydney,North Melbourne,Greater Western Sydney,Sam Taylor,6,7,7,0,0,0,1
2024,2,2024-03-16,Sydney Showground,Greater Western Sydney,North Melbourne,Greater Western Sydney,Harvey Thomas,4,1,5,0,1,0,2
2024,2,2024-03-16,Sydney Showground,Greater Western Sydney,North Melbourne,Greater Western Sydney,Jacob Wehr,10,5,4,0,1,0,0
2024,2,2024-03-16,Sydney Showground,Greater Western Sydney,North Melbourne,Greater Western Sydney,Lachie Whitfield,13,8,16,0,0,0,2
2024,2,2024-03-16,Sydney Showground,Greater Western Sydney,North Melbourne,North Melbourne,Callum Coleman-Jones,2,3,4,0,0,4,0
2024,2,2024-03-16,Sydney Showground,Greater Western Sydney,North Melbourne,North Melbourne,Aidan Corr,5,2,1,0,0,0,4
2024,2,2024-03-16,Sydney Showground,Greater Western Sydney,North Melbourne,North Melbourne,Paul Curtis,4,3,5,2,1,0,1
2024,2,2024-03-16,Sydney Showground,Greater Western Sydney,North Melbourne,North Melbourne,Luke Davies-Uniacke,12,1,17,0,0,0,6
2024,2,2024-03-16,Sydney Showground,Greater Western Sydney,North Melbourne,North Melbourne,Kallan Dawson,10,7,5,0,0,0,0
2024,2,2024-03-16,Sydney Showground,Greater Western Sydney,North Melbourne,North Melbourne,Zane Duursma,5,3,5,2,1,0,1
2024,2,2024-03-16,Sydney Showground,Greater Western Sydney,North Melbourne,North Melbourne,Zac Fisher,17,4,4,0,0,0,0
2024,2,2024-03-16,Sydney Showground,Greater Western Sydney,North Melbourne,North Melbourne,Eddie Ford,5,5,5,1,0,0,2
2024,2,2024-03-16,Sydney Showground,Greater Western Sydney,North Melbourne,North Melbourne,Josh Goater,7,2,3,0,0,0,1
2024,2,2024-03-16,Sydney Showground,Greater Western Sydney,North Melbourne,North Melbourne,Nick Larkey,6,1,3,3,1,1,2
2024,2,2024-03-16,Sydney Showground,Greater Western Sydney,North Melbourne,North Melbourne,Charlie Lazzaro,8,2,5,0,0,0,3
2024,2,2024-03-16,Sydney Showground,Greater Western Sydney,North Melbourne,North Melbourne,Colby McKercher,18,8,4,0,0,0,2
2024,2,2024-03-16,Sydney Showground,Greater Western Sydney,North Melbourne,North Melbourne,Toby Pink,6,3,4,0,0,0,0
2024,2,2024-03-16,Sydney Showground,Greater Western Sydney,North Melbourne,North Melbourne,Tom Powell,10,4,16,0,0,0,1
2024,2,2024-03-16,Sydney Showground,Greater Western Sydney,North Melbourne,North Melbourne,Bailey Scott,15,6,8,0,0,0,0
2024,2,2024-03-16,Sydney Showground,Greater Western Sydney,North Melbourne,North Melbourne,Harry Sheezel,23,9,9,0,0,0,1
2024,2,2024-03-16,Sydney Showground,Greater Western Sydney,North Melbourne,North Melbourne,Liam Shiels,2,3,2,1,0,0,1
2024,2,2024-03-16,Sydney Showground,Greater Western Sydney,North Melbourne,North Melbourne,Dylan Stephens,11,2,3,0,0,0,4
2024,2,2024-03-16,Sydney Showground,Greater Western Sydney,North Melbourne,North Melbourne,Jaidyn Stephenson,8,4,2,2,0,0,2
2024,2,2024-03-16,Sydney Showground,Greater Western Sydney,North Melbourne,North Melbourne,Darcy Tucker,7,5,4,0,0,0,2
2024,2,2024-03-16,Sydney Showground,Greater Western Sydney,North Melbourne,North Melbourne,George Wardlaw,10,5,7,0,0,0,3
2024,2,2024-03-16,Sydney Showground,Greater Western Sydney,North Melbourne,North Melbourne,Tristan Xerri,5,5,13,1,0,19,9
2024,2,2024-03-16,Sydney Showground,Greater Western Sydney,North Melbourne,North Melbourne,Cameron Zurhaar,9,2,8,1,1,0,2
2024,2,2024-03-16,Kardinia Park,Geelong,St Kilda,Geelong,Tom Atkins,7,2,14,0,0,0,3
2024,2,2024-03-16,Kardinia Park,Geelong,St Kilda,Geelong,Mark Blicavs,8,1,9,0,0,9,5
2024,2,2024-03-16,Kardinia Park,Geelong,St Kilda,Geelong,Tanner Bruhn,10,2,10,0,0,0,8
2024,2,2024-03-16,Kardinia Park,Geelong,St Kilda,Geelong,Jeremy Cameron,13,7,8,2,3,0,0
2024,2,2024-03-16,Kardinia Park,Geelong,St Kilda,Geelong,Jhye Clark,7,0,6,0,0,0,1
2024,2,2024-03-16,Kardinia Park,Geelong,St Kilda,Geelong,Brad Close,4,3,7,1,0,0,3
2024,2,2024-03-16,Kardinia Park,Geelong,St Kilda,Geelong,Patrick Dangerfield,16,2,9,1,1,0,6
2024,2,2024-03-16,Kardinia Park,Geelong,St Kilda,Geelong,Sam De Koning,10,6,4,0,0,0,0
2024,2,2024-03-16,Kardinia Park,Geelong,St Kilda,Geelong,Oliver Dempsey,13,7,2,3,1,0,2
2024,2,2024-03-16,Kardinia Park,Geelong,St Kilda,Geelong,Mitch Duncan,18,11,5,0,1,0,1
2024,2,2024-03-16,Kardinia Park,Geelong,St Kilda,Geelong,Zach Guthrie,14,7,4,0,0,0,2
2024,2,2024-03-16,Kardinia Park,Geelong,St Kilda,Geelong,Tom Hawkins,6,3,3,1,1,6,0
2024,2,2024-03-16,Kardinia Park,Geelong,St Kilda,Geelong,Jack Henry,5,4,6,0,0,0,1
2024,2,2024-03-16,Kardinia Park,Geelong,St Kilda,Geelong,Oliver Henry,6,4,3,1,2,0,2
2024,2,2024-03-16,Kardinia Park,Geelong,St Kilda,Geelong,Max Holmes,14,10,9,0,0,0,3
2024,2,2024-03-16,Kardinia Park,Geelong,St Kilda,Geelong,Jake Kolodjashnij,12,9,5,0,0,0,5
2024,2,2024-03-16,Kardinia Park,Geelong,St Kilda,Geelong,Shaun Mannagh,5,0,0,0,0,0,2
2024,2,2024-03-16,Kardinia Park,Geelong,St Kilda,Geelong,Gryan Miers,15,5,5,0,0,0,0
2024,2,2024-03-16,Kardinia Park,Geelong,St Kilda,Geelong,Mark OConnor,9,5,8,0,1,0,2
2024,2,2024-03-16,Kardinia Park,Geelong,St Kilda,Geelong,Rhys Stanley,6,2,2,0,0,25,0
2024,2,2024-03-16,Kardinia Park,Geelong,St Kilda,Geelong,Tyson Stengle,5,1,2,0,2,0,0
2024,2,2024-03-16,Kardinia Park,Geelong,St Kilda,Geelong,Tom Stewart,17,6,5,0,0,0,2
2024,2,2024-03-16,Kardinia Park,Geelong,St Kilda,Geelong,Zach Tuohy,11,4,4,1,1,0,5
2024,2,2024-03-16,Kardinia Park,Geelong,St Kilda,St Kilda,Josh Battle,10,4,7,0,0,0,0
2024,2,2024-03-16,Kardinia Park,Geelong,St Kilda,St Kilda,Riley Bonner,24,5,4,0,1,0,3
2024,2,2024-03-16,Kardinia Park,Geelong,St Kilda,St Kilda,Ryan Byrnes,12,3,5,0,0,0,2
2024,2,2024-03-16,Kardinia Park,Geelong,St Kilda,St Kilda,Lance Collard,0,0,0,0,0,0,0
2024,2,2024-03-16,Kardinia Park,Geelong,St Kilda,St Kilda,Zaine Cordy,4,2,4,0,0,0,3
2024,2,2024-03-16,Kardinia Park,Geelong,St Kilda,St Kilda,Brad Crouch,6,2,9,0,0,0,4
2024,2,2024-03-16,Kardinia Park,Geelong,St Kilda,St Kilda,Liam Henry,10,3,9,0,1,0,1
2024,2,2024-03-16,Kardinia Park,Geelong,St Kilda,St Kilda,Jack Higgins,8,3,8,0,1,0,1
2024,2,2024-03-16,Kardinia Park,Geelong,St Kilda,St Kilda,Bradley Hill,8,0,4,0,0,0,3
2024,2,2024-03-16,Kardinia Park,Geelong,St Kilda,St Kilda,Max King,13,8,4,2,4,0,1
2024,2,2024-03-16,Kardinia Park,Geelong,St Kilda,St Kilda,Rowan Marshall,14,6,5,0,1,36,2
2024,2,2024-03-16,Kardinia Park,Geelong,St Kilda,St Kilda,Tim Membrey,8,4,1,3,1,0,1
2024,2,2024-03-16,Kardinia Park,Geelong,St Kilda,St Kilda,Mitch Owens,4,2,7,0,1,0,4
2024,2,2024-03-16,Kardinia Park,Geelong,St Kilda,St Kilda,Mattaes Phillipou,7,2,5,1,0,0,3
2024,2,2024-03-16,Kardinia Park,Geelong,St Kilda,St Kilda,Sebastian Ross,5,1,5,0,0,0,5
2024,2,2024-03-16,Kardinia Park,Geelong,St Kilda,St Kilda,Cooper Sharman,11,6,3,1,0,0,0
2024,2,2024-03-16,Kardinia Park,Geelong,St Kilda,St Kilda,Jack Steele,14,7,11,0,0,0,6
2024,2,2024-03-16,Kardinia Park,Geelong,St Kilda,St Kilda,Liam Stocker,8,4,4,0,0,0,1
2024,2,2024-03-16,Kardinia Park,Geelong,St Kilda,St Kilda,Nasiah Wanganeen-Milera,21,5,4,0,1,0,0
2024,2,2024-03-16,Kardinia Park,Geelong,St Kilda,St Kilda,Callum Wilkie,8,7,6,0,0,0,1
2024,2,2024-03-16,Kardinia Park,Geelong,St Kilda,St Kilda,Darcy Wilson,9,2,2,2,1,0,3
2024,2,2024-03-16,Kardinia Park,Geelong,St Kilda,St Kilda,Marcus Windhager,10,3,8,0,0,0,1
2024,2,2024-03-16,Kardinia Park,Geelong,St Kilda,St Kilda,Mason Wood,10,9,5,0,0,0,3
2024,2,2024-03-16,Carrara,Gold Coast,Adelaide,Gold Coast,Ben Ainsworth,14,5,8,2,1,0,2
2024,2,2024-03-16,Carrara,Gold Coast,Adelaide,Gold Coast,Noah Anderson,20,3,15,1,0,0,5
2024,2,2024-03-16,Carrara,Gold Coast,Adelaide,Gold Coast,Charlie Ballard,13,3,6,0,0,0,0
2024,2,2024-03-16,Carrara,Gold Coast,Adelaide,Gold Coast,Tom Berry,10,3,7,1,0,0,7
2024,2,2024-03-16,Carrara,Gold Coast,Adelaide,Gold Coast,Connor Budarick,4,0,3,0,0,0,3
2024,2,2024-03-16,Carrara,Gold Coast,Adelaide,Gold Coast,Levi Casboult,7,4,3,0,0,1,1
2024,2,2024-03-16,Carrara,Gold Coast,Adelaide,Gold Coast,Sam Collins,7,2,4,0,0,0,2
2024,2,2024-03-16,Carrara,Gold Coast,Adelaide,Gold Coast,Brandon Ellis,9,3,6,0,1,0,2
2024,2,2024-03-16,Carrara,Gold Coast,Adelaide,Gold Coast,Brayden Fiorini,15,8,9,0,0,0,3
2024,2,2024-03-16,Carrara,Gold Coast,Adelaide,Gold Coast,Sam Flanders,21,4,14,0,0,0,4
2024,2,2024-03-16,Carrara,Gold Coast,Adelaide,Gold Coast,Nick Holman,7,1,2,0,1,0,4
2024,2,2024-03-16,Carrara,Gold Coast,Adelaide,Gold Coast,Bailey Humphrey,9,3,7,1,3,0,1
2024,2,2024-03-16,Carrara,Gold Coast,Adelaide,Gold Coast,Ben King,1,0,3,0,0,0,1
2024,2,2024-03-16,Carrara,Gold Coast,Adelaide,Gold Coast,Jack Lukosius,7,1,2,0,1,3,0
2024,2,2024-03-16,Carrara,Gold Coast,Adelaide,Gold Coast,Darcy Macpherson,1,0,0,0,0,0,0
2024,2,2024-03-16,Carrara,Gold Coast,Adelaide,Gold Coast,Touk Miller,9,2,20,0,0,0,9
2024,2,2024-03-16,Carrara,Gold Coast,Adelaide,Gold Coast,Wil Powell,15,3,6,0,0,0,5
2024,2,2024-03-16,Carrara,Gold Coast,Adelaide,Gold Coast,Malcolm Rosas,5,3,0,2,2,0,1
2024,2,2024-03-16,Carrara,Gold Coast,Adelaide,Gold Coast,Matt Rowell,16,1,13,1,0,0,10
2024,2,2024-03-16,Carrara,Gold Coast,Adelaide,Gold Coast,Alex Sexton,14,7,3,0,1,0,0
2024,2,2024-03-16,Carrara,Gold Coast,Adelaide,Gold Coast,David Swallow,12,5,2,0,0,0,0
2024,2,2024-03-16,Carrara,Gold Coast,Adelaide,Gold Coast,Bodhi Uwland,6,2,2,0,0,0,3
2024,2,2024-03-16,Carrara,Gold Coast,Adelaide,Gold Coast,Jarrod Witts,5,1,4,0,0,36,7
2024,2,2024-03-16,Carrara,Gold Coast,Adelaide,Adelaide,Sam Berry,9,1,4,1,0,0,4
2024,2,2024-03-16,Carrara,Gold Coast,Adelaide,Adelaide,James Borlase,7,2,5,0,0,0,1
2024,2,2024-03-16,Carrara,Gold Coast,Adelaide,Adelaide,Chris Burgess,3,1,6,0,0,5,1
2024,2,2024-03-16,Carrara,Gold Coast,Adelaide,Adelaide,Jordon Butts,5,1,5,0,0,0,1
2024,2,2024-03-16,Carrara,Gold Coast,Adelaide,Adelaide,Matt Crouch,13,3,20,0,0,0,6
2024,2,2024-03-16,Carrara,Gold Coast,Adelaide,Adelaide,Jordan Dawson,18,2,8,0,0,0,6
2024,2,2024-03-16,Carrara,Gold Coast,Adelaide,Adelaide,Darcy Fogarty,5,2,4,0,0,0,2
2024,2,2024-03-16,Carrara,Gold Coast,Adelaide,Adelaide,Lachlan Gollant,1,1,2,0,0,0,0
2024,2,2024-03-16,Carrara,Gold Coast,Adelaide,Adelaide,Mitch Hinge,14,4,5,0,0,0,3
2024,2,2024-03-16,Carrara,Gold Coast,Adelaide,Adelaide,Chayce Jones,8,1,7,0,0,0,2
2024,2,2024-03-16,Carrara,Gold Coast,Adelaide,Adelaide,Ben Keays,8,2,1,2,0,0,4
2024,2,2024-03-16,Carrara,Gold Coast,Adelaide,Adelaide,Rory Laird,12,2,18,0,2,0,10
2024,2,2024-03-16,Carrara,Gold Coast,Adelaide,Adelaide,Max Michalanney,13,5,3,0,0,0,6
2024,2,2024-03-16,Carrara,Gold Coast,Adelaide,Adelaide,Wayne Milera,12,5,7,0,0,0,3
2024,2,2024-03-16,Carrara,Gold Coast,Adelaide,Adelaide,Lachlan Murphy,7,1,4,0,0,0,2
2024,2,2024-03-16,Carrara,Gold Coast,Adelaide,Adelaide,Reilly OBrien,9,1,1,0,0,45,3
2024,2,2024-03-16,Carrara,Gold Coast,Adelaide,Adelaide,Luke Pedlar,7,2,1,0,1,0,1
2024,2,2024-03-16,Carrara,Gold Coast,Adelaide,Adelaide,Josh Rachele,10,2,7,3,0,0,3
2024,2,2024-03-16,Carrara,Gold Coast,Adelaide,Adelaide,Izak Rankine,11,1,8,2,0,0,6
2024,2,2024-03-16,Carrara,Gold Coast,Adelaide,Adelaide,Lachlan Sholl,15,6,6,0,0,0,2
2024,2,2024-03-16,Carrara,Gold Coast,Adelaide,Adelaide,Brodie Smith,16,2,4,0,0,0,4
2024,2,2024-03-16,Carrara,Gold Coast,Adelaide,Adelaide,Jake Soligo,7,0,1,0,0,0,0
2024,2,2024-03-16,Carrara,Gold Coast,Adelaide,Adelaide,Josh Worrell,10,3,12,0,0,0,2
2024,2,2024-03-17,M.C.G.,Melbourne,Western Bulldogs,Melbourne,Jack Billings,20,15,3,1,1,0,5
2024,2,2024-03-17,M.C.G.,Melbourne,Western Bulldogs,Melbourne,Ben Brown,7,6,2,2,2,0,0
2024,2,2024-03-17,M.C.G.,Melbourne,Western Bulldogs,Melbourne,Kade Chandler,9,5,2,3,1,0,4
2024,2,2024-03-17,M.C.G.,Melbourne,Western Bulldogs,Melbourne,Bayley Fritsch,4,3,3,0,3,0,0
2024,2,2024-03-17,M.C.G.,Melbourne,Western Bulldogs,Melbourne,Max Gawn,16,9,10,0,1,35,1
2024,2,2024-03-17,M.C.G.,Melbourne,Western Bulldogs,Melbourne,Marty Hore,11,6,3,0,0,0,2
2024,2,2024-03-17,M.C.G.,Melbourne,Western Bulldogs,Melbourne,Blake Howes,8,7,8,0,0,0,1
2024,2,2024-03-17,M.C.G.,Melbourne,Western Bulldogs,Melbourne,Ed Langdon,9,6,9,0,0,0,2
2024,2,2024-03-17,M.C.G.,Melbourne,Western Bulldogs,Melbourne,Jake Lever,13,7,4,0,0,0,3
2024,2,2024-03-17,M.C.G.,Melbourne,Western Bulldogs,Melbourne,Steven May,21,13,4,0,0,0,3
2024,2,2024-03-17,M.C.G.,Melbourne,Western Bulldogs,Melbourne,Tom McDonald,15,10,3,0,0,0,2
2024,2,2024-03-17,M.C.G.,Melbourne,Western Bulldogs,Melbourne,Judd McVee,15,4,5,0,0,0,0
2024,2,2024-03-17,M.C.G.,Melbourne,Western Bulldogs,Melbourne,Alex Neal-Bullen,6,2,7,2,0,0,0
2024,2,2024-03-17,M.C.G.,Melbourne,Western Bulldogs,Melbourne,Clayton Oliver,21,5,14,0,1,0,2
2024,2,2024-03-17,M.C.G.,Melbourne,Western Bulldogs,Melbourne,Christian Petracca,17,10,12,1,1,0,2
2024,2,2024-03-17,M.C.G.,Melbourne,Western Bulldogs,Melbourne,Kysaiah Pickett,6,4,5,2,0,0,5
2024,2,2024-03-17,M.C.G.,Melbourne,Western Bulldogs,Melbourne,Trent Rivers,11,8,10,0,0,0,0
2024,2,2024-03-17,M.C.G.,Melbourne,Western Bulldogs,Melbourne,Christian Salem,13,5,7,1,0,0,5
2024,2,2024-03-17,M.C.G.,Melbourne,Western Bulldogs,Melbourne,Tom Sparrow,6,5,5,0,0,0,0
2024,2,2024-03-17,M.C.G.,Melbourne,Western Bulldogs,Melbourne,Jacob van Rooyen,5,4,1,3,0,3,1
2024,2,2024-03-17,M.C.G.,Melbourne,Western Bulldogs,Melbourne,Jack Viney,9,5,14,1,1,0,5
2024,2,2024-03-17,M.C.G.,Melbourne,Western Bulldogs,Melbourne,Caleb Windsor,6,2,10,0,0,0,3
2024,2,2024-03-17,M.C.G.,Melbourne,Western Bulldogs,Melbourne,Taj Woewodin,2,0,1,0,0,0,1
2024,2,2024-03-17,M.C.G.,Melbourne,Western Bulldogs,Western Bulldogs,Marcus Bontempelli,12,4,13,1,0,0,4
2024,2,2024-03-17,M.C.G.,Melbourne,Western Bulldogs,Western Bulldogs,Lachlan Bramble,14,6,8,1,0,0,1
2024,2,2024-03-17,M.C.G.,Melbourne,Western Bulldogs,Western Bulldogs,Nick Coffield,6,3,4,0,0,0,2
2024,2,2024-03-17,M.C.G.,Melbourne,Western Bulldogs,Western Bulldogs,Bailey Dale,15,5,8,0,0,0,0
2024,2,2024-03-17,M.C.G.,Melbourne,Western Bulldogs,Western Bulldogs,Caleb Daniel,6,2,6,0,0,0,2
2024,2,2024-03-17,M.C.G.,Melbourne,Western Bulldogs,Western Bulldogs,Tim English,14,5,9,0,2,21,4
2024,2,2024-03-17,M.C.G.,Melbourne,Western Bulldogs,Western Bulldogs,Harvey Gallagher,8,3,1,1,0,0,5
2024,2,2024-03-17,M.C.G.,Melbourne,Western Bulldogs,Western Bulldogs,James Harmes,3,2,8,0,0,0,5
2024,2,2024-03-17,M.C.G.,Melbourne,Western Bulldogs,Western Bulldogs,Jason Johannisen,19,8,7,0,0,0,1
2024,2,2024-03-17,M.C.G.,Melbourne,Western Bulldogs,Western Bulldogs,Liam Jones,6,6,0,0,0,0,0
2024,2,2024-03-17,M.C.G.,Melbourne,Western Bulldogs,Western Bulldogs,Buku Khamis,7,2,1,0,0,0,1
2024,2,2024-03-17,M.C.G.,Melbourne,Western Bulldogs,Western Bulldogs,Tom Liberatore,17,2,15,0,0,0,1
2024,2,2024-03-17,M.C.G.,Melbourne,Western Bulldogs,Western Bulldogs,Rory Lobb,3,2,4,1,0,6,0
2024,2,2024-03-17,M.C.G.,Melbourne,Western Bulldogs,Western Bulldogs,Lachlan McNeil,6,2,8,0,0,0,1
2024,2,2024-03-17,M.C.G.,Melbourne,Western Bulldogs,Western Bulldogs,Aaron Naughton,5,1,1,1,1,0,0
2024,2,2024-03-17,M.C.G.,Melbourne,Western Bulldogs,Western Bulldogs,Ed Richards,10,8,5,0,0,0,1
2024,2,2024-03-17,M.C.G.,Melbourne,Western Bulldogs,Western Bulldogs,Ryley Sanders,9,7,6,0,0,0,2
2024,2,2024-03-17,M.C.G.,Melbourne,Western Bulldogs,Western Bulldogs,Adam Treloar,9,4,22,0,0,0,1
2024,2,2024-03-17,M.C.G.,Melbourne,Western Bulldogs,Western Bulldogs,Jamarra Ugle-Hagan,12,6,2,2,3,0,1
2024,2,2024-03-17,M.C.G.,Melbourne,Western Bulldogs,Western Bulldogs,Laitham Vandermeer,6,5,4,0,0,0,1
2024,2,2024-03-17,M.C.G.,Melbourne,Western Bulldogs,Western Bulldogs,Cody Weightman,9,7,4,1,2,0,0
2024,2,2024-03-17,M.C.G.,Melbourne,Western Bulldogs,Western Bulldogs,Rhylee West,10,6,2,1,1,0,3
2024,2,2024-03-17,M.C.G.,Melbourne,Western Bulldogs,Western Bulldogs,Bailey Williams,8,3,10,0,0,0,1
2024,2,2024-03-17,Adelaide Oval,Port Adelaide,West Coast,Port Adelaide,Aliir Aliir,10,6,3,0,0,0,2
2024,2,2024-03-17,Adelaide Oval,Port Adelaide,West Coast,Port Adelaide,Miles Bergman,15,3,6,0,3,0,7
2024,2,2024-03-17,Adelaide Oval,Port Adelaide,West Coast,Port Adelaide,Travis Boak,10,6,6,0,2,0,5
2024,2,2024-03-17,Adelaide Oval,Port Adelaide,West Coast,Port Adelaide,Ryan Burton,18,5,4,0,1,0,1
2024,2,2024-03-17,Adelaide Oval,Port Adelaide,West Coast,Port Adelaide,Zak Butters,16,8,11,1,0,0,2
2024,2,2024-03-17,Adelaide Oval,Port Adelaide,West Coast,Port Adelaide,Darcy Byrne-Jones,7,3,6,1,1,0,4
2024,2,2024-03-17,Adelaide Oval,Port Adelaide,West Coast,Port Adelaide,Charlie Dixon,9,4,4,3,3,7,1
2024,2,2024-03-17,Adelaide Oval,Port Adelaide,West Coast,Port Adelaide,Willem Drew,12,8,4,2,1,0,3
2024,2,2024-03-17,Adelaide Oval,Port Adelaide,West Coast,Port Adelaide,Francis Evans,1,0,1,0,0,0,1
2024,2,2024-03-17,Adelaide Oval,Port Adelaide,West Coast,Port Adelaide,Kane Farrell,14,5,3,2,1,0,2
2024,2,2024-03-17,Adelaide Oval,Port Adelaide,West Coast,Port Adelaide,Jeremy Finlayson,13,6,2,0,4,3,2
2024,2,2024-03-17,Adelaide Oval,Port Adelaide,West Coast,Port Adelaide,Jason Horne-Francis,12,5,8,2,0,0,3
2024,2,2024-03-17,Adelaide Oval,Port Adelaide,West Coast,Port Adelaide,Dan Houston,15,6,3,0,1,0,1
2024,2,2024-03-17,Adelaide Oval,Port Adelaide,West Coast,Port Adelaide,Lachie Jones,6,5,6,0,0,0,1
2024,2,2024-03-17,Adelaide Oval,Port Adelaide,West Coast,Port Adelaide,Todd Marshall,13,10,2,0,3,0,0
2024,2,2024-03-17,Adelaide Oval,Port Adelaide,West Coast,Port Adelaide,Jed McEntee,1,1,0,0,0,0,1
2024,2,2024-03-17,Adelaide Oval,Port Adelaide,West Coast,Port Adelaide,Jackson Mead,8,7,5,0,1,0,1
2024,2,2024-03-17,Adelaide Oval,Port Adelaide,West Coast,Port Adelaide,Esava Ratugolea,8,6,2,0,0,0,0
2024,2,2024-03-17,Adelaide Oval,Port Adelaide,West Coast,Port Adelaide,Willie Rioli,10,3,3,1,2,0,1
2024,2,2024-03-17,Adelaide Oval,Port Adelaide,West Coast,Port Adelaide,Connor Rozee,17,10,10,2,0,0,0
2024,2,2024-03-17,Adelaide Oval,Port Adelaide,West Coast,Port Adelaide,Ivan Soldo,10,4,4,2,0,28,2
2024,2,2024-03-17,Adelaide Oval,Port Adelaide,West Coast,Port Adelaide,Ollie Wines,7,2,16,0,0,0,3
2024,2,2024-03-17,Adelaide Oval,Port Adelaide,West Coast,Port Adelaide,Brandon Zerk-Thatcher,10,8,5,0,0,0,1
2024,2,2024-03-17,Adelaide Oval,Port Adelaide,West Coast,West Coast,Oscar Allen,7,4,2,0,3,0,1
2024,2,2024-03-17,Adelaide Oval,Port Adelaide,West Coast,West Coast,Tom Barrass,2,1,2,0,0,0,0
2024,2,2024-03-17,Adelaide Oval,Port Adelaide,West Coast,West Coast,Tyler Brockman,7,2,2,0,0,0,1
2024,2,2024-03-17,Adelaide Oval,Port Adelaide,West Coast,West Coast,Campbell Chesser,7,1,1,1,0,0,0
2024,2,2024-03-17,Adelaide Oval,Port Adelaide,West Coast,West Coast,Tom Cole,9,3,7,0,0,0,3
2024,2,2024-03-17,Adelaide Oval,Port Adelaide,West Coast,West Coast,Jamie Cripps,8,7,6,1,0,0,0
2024,2,2024-03-17,Adelaide Oval,Port Adelaide,West Coast,West Coast,Jack Darling,1,2,3,1,0,0,1
2024,2,2024-03-17,Adelaide Oval,Port Adelaide,West Coast,West Coast,Liam Duggan,11,4,6,1,0,0,3
2024,2,2024-03-17,Adelaide Oval,Port Adelaide,West Coast,West Coast,Luke Edwards,4,2,12,0,0,0,1
2024,2,2024-03-17,Adelaide Oval,Port Adelaide,West Coast,West Coast,Andrew Gaff,3,2,1,0,0,0,0
2024,2,2024-03-17,Adelaide Oval,Port Adelaide,West Coast,West Coast,Reuben Ginbey,6,2,6,0,1,0,5
2024,2,2024-03-17,Adelaide Oval,Port Adelaide,West Coast,West Coast,Brady Hough,11,8,4,0,0,0,0
2024,2,2024-03-17,Adelaide Oval,Port Adelaide,West Coast,West Coast,Jayden Hunt,16,4,4,0,0,0,0
2024,2,2024-03-17,Adelaide Oval,Port Adelaide,West Coast,West Coast,Callum Jamieson,8,3,3,0,0,4,2
2024,2,2024-03-17,Adelaide Oval,Port Adelaide,West Coast,West Coast,Tim Kelly,7,0,9,0,0,0,5
2024,2,2024-03-17,Adelaide Oval,Port Adelaide,West Coast,West Coast,Noah Long,2,2,8,0,1,0,1
2024,2,2024-03-17,Adelaide Oval,Port Adelaide,West Coast,West Coast,Jeremy McGovern,16,7,3,0,0,0,2
2024,2,2024-03-17,Adelaide Oval,Port Adelaide,West Coast,West Coast,Jack Petruccelle,8,3,0,3,2,0,0
2024,2,2024-03-17,Adelaide Oval,Port Adelaide,West Coast,West Coast,Harley Reid,6,2,10,0,0,0,2
2024,2,2024-03-17,Adelaide Oval,Port Adelaide,West Coast,West Coast,Jake Waterman,8,5,4,2,1,0,0
2024,2,2024-03-17,Adelaide Oval,Port Adelaide,West Coast,West Coast,Bailey Williams,10,1,3,1,1,15,1
2024,2,2024-03-17,Adelaide Oval,Port Adelaide,West Coast,West Coast,Alex Witherden,12,3,6,0,0,0,1
2024,2,2024-03-17,Adelaide Oval,Port Adelaide,West Coast,West Coast,Elliot Yeo,6,1,14,0,0,0,6
2024,2,2024-03-17,Perth Stadium,Fremantle,Brisbane Lions,Fremantle,James Aish,19,9,7,0,1,0,3
2024,2,2024-03-17,Perth Stadium,Fremantle,Brisbane Lions,Fremantle,Jye Amiss,6,5,0,4,1,0,0
2024,2,2024-03-17,Perth Stadium,Fremantle,Brisbane Lions,Fremantle,Bailey Banfield,4,2,10,1,0,0,3
2024,2,2024-03-17,Perth Stadium,Fremantle,Brisbane Lions,Fremantle,Andrew Brayshaw,19,8,13,0,0,0,5
2024,2,2024-03-17,Perth Stadium,Fremantle,Brisbane Lions,Fremantle,Jordan Clark,17,7,7,0,0,0,3
2024,2,2024-03-17,Perth Stadium,Fremantle,Brisbane Lions,Fremantle,Brennan Cox,3,1,1,1,0,0,1
2024,2,2024-03-17,Perth Stadium,Fremantle,Brisbane Lions,Fremantle,Tom Emmett,3,1,2,0,0,0,2
2024,2,2024-03-17,Perth Stadium,Fremantle,Brisbane Lions,Fremantle,Neil Erasmus,3,1,2,0,0,0,1
2024,2,2024-03-17,Perth Stadium,Fremantle,Brisbane Lions,Fremantle,Michael Frederick,9,3,6,1,1,0,0
2024,2,2024-03-17,Perth Stadium,Fremantle,Brisbane Lions,Fremantle,Nat Fyfe,6,2,15,0,1,0,7
2024,2,2024-03-17,Perth Stadium,Fremantle,Brisbane Lions,Fremantle,Ethan Hughes,9,6,3,0,0,0,1
2024,2,2024-03-17,Perth Stadium,Fremantle,Brisbane Lions,Fremantle,Luke Jackson,5,4,13,2,0,30,1
2024,2,2024-03-17,Perth Stadium,Fremantle,Brisbane Lions,Fremantle,Matthew Johnson,7,4,4,0,1,0,5
2024,2,2024-03-17,Perth Stadium,Fremantle,Brisbane Lions,Fremantle,Oscar McDonald,8,3,2,0,0,0,1
2024,2,2024-03-17,Perth Stadium,Fremantle,Brisbane Lions,Fremantle,Alex Pearce,13,6,6,0,0,0,1
2024,2,2024-03-17,Perth Stadium,Fremantle,Brisbane Lions,Fremantle,Luke Ryan,24,10,9,0,0,0,1
2024,2,2024-03-17,Perth Stadium,Fremantle,Brisbane Lions,Fremantle,Caleb Serong,21,6,25,0,0,0,7
2024,2,2024-03-17,Perth Stadium,Fremantle,Brisbane Lions,Fremantle,Jeremy Sharp,14,8,4,0,0,0,1
2024,2,2024-03-17,Perth Stadium,Fremantle,Brisbane Lions,Fremantle,Sam Switkowski,7,1,5,1,2,0,9
2024,2,2024-03-17,Perth Stadium,Fremantle,Brisbane Lions,Fremantle,Josh Treacy,10,5,2,3,0,12,1
2024,2,2024-03-17,Perth Stadium,Fremantle,Brisbane Lions,Fremantle,Michael Walters,5,1,1,1,1,0,3
2024,2,2024-03-17,Perth Stadium,Fremantle,Brisbane Lions,Fremantle,Karl Worner,5,3,7,0,0,0,1
2024,2,2024-03-17,Perth Stadium,Fremantle,Brisbane Lions,Fremantle,Hayden Young,10,3,14,0,0,0,10
2024,2,2024-03-17,Perth Stadium,Fremantle,Brisbane Lions,Brisbane Lions,Callum Ah Chee,13,6,6,0,0,0,2
2024,2,2024-03-17,Perth Stadium,Fremantle,Brisbane Lions,Brisbane Lions,Harris Andrews,14,12,7,0,0,0,4
2024,2,2024-03-17,Perth Stadium,Fremantle,Brisbane Lions,Brisbane Lions,Noah Answerth,11,11,4,0,0,0,3
2024,2,2024-03-17,Perth Stadium,Fremantle,Brisbane Lions,Brisbane Lions,Zac Bailey,6,4,7,2,0,0,5
2024,2,2024-03-17,Perth Stadium,Fremantle,Brisbane Lions,Brisbane Lions,Jarrod Berry,5,3,5,0,0,0,2
2024,2,2024-03-17,Perth Stadium,Fremantle,Brisbane Lions,Brisbane Lions,Charlie Cameron,6,3,4,0,2,0,4
2024,2,2024-03-17,Perth Stadium,Fremantle,Brisbane Lions,Brisbane Lions,Joe Daniher,17,12,3,3,2,2,0
2024,2,2024-03-17,Perth Stadium,Fremantle,Brisbane Lions,Brisbane Lions,Josh Dunkley,13,9,13,0,0,0,8
2024,2,2024-03-17,Perth Stadium,Fremantle,Brisbane Lions,Brisbane Lions,Jaspa Fletcher,10,2,8,0,0,0,2
2024,2,2024-03-17,Perth Stadium,Fremantle,Brisbane Lions,Brisbane Lions,Darcy Gardiner,4,1,0,0,0,0,0
2024,2,2024-03-17,Perth Stadium,Fremantle,Brisbane Lions,Brisbane Lions,Eric Hipwood,8,5,2,3,1,0,0
2024,2,2024-03-17,Perth Stadium,Fremantle,Brisbane Lions,Brisbane Lions,Ryan Lester,8,2,3,0,0,0,0
2024,2,2024-03-17,Perth Stadium,Fremantle,Brisbane Lions,Brisbane Lions,Kai Lohmann,5,2,0,0,2,0,0
2024,2,2024-03-17,Perth Stadium,Fremantle,Brisbane Lions,Brisbane Lions,Jarryd Lyons,14,6,11,0,0,0,3
2024,2,2024-03-17,Perth Stadium,Fremantle,Brisbane Lions,Brisbane Lions,Lincoln McCarthy,11,2,4,1,0,0,3
2024,2,2024-03-17,Perth Stadium,Fremantle,Brisbane Lions,Brisbane Lions,Hugh McCluggage,18,7,5,0,1,0,4
2024,2,2024-03-17,Perth Stadium,Fremantle,Brisbane Lions,Brisbane Lions,Oscar McInerney,7,0,8,0,0,40,2
2024,2,2024-03-17,Perth Stadium,Fremantle,Brisbane Lions,Brisbane Lions,Conor McKenna,11,4,3,0,0,0,0
2024,2,2024-03-17,Perth Stadium,Fremantle,Brisbane Lions,Brisbane Lions,Cam Rayner,6,3,8,0,1,0,5
2024,2,2024-03-17,Perth Stadium,Fremantle,Brisbane Lions,Brisbane Lions,Deven Robertson,3,1,3,0,0,0,2
2024,2,2024-03-17,Perth Stadium,Fremantle,Brisbane Lions,Brisbane Lions,Brandon Starcevich,8,6,5,0,0,0,1
2024,2,2024-03-17,Perth Stadium,Fremantle,Brisbane Lions,Brisbane Lions,Darcy Wilmot,12,3,5,0,0,0,1
2024,2,2024-03-17,Perth Stadium,Fremantle,Brisbane Lions,Brisbane Lions,Dayne Zorko,16,8,5,1,0,0,4
2024,3,2024-03-21,M.C.G.,St Kilda,Collingwood,St Kilda,Josh Battle,15,7,9,0,0,0,4
2024,3,2024-03-21,M.C.G.,St Kilda,Collingwood,St Kilda,Riley Bonner,14,3,3,0,0,0,1
2024,3,2024-03-21,M.C.G.,St Kilda,Collingwood,St Kilda,Ryan Byrnes,12,8,9,0,0,0,5
2024,3,2024-03-21,M.C.G.,St Kilda,Collingwood,St Kilda,Zaine Cordy,5,4,3,0,0,0,1
2024,3,2024-03-21,M.C.G.,St Kilda,Collingwood,St Kilda,Liam Henry,9,2,5,2,2,0,1
2024,3,2024-03-21,M.C.G.,St Kilda,Collingwood,St Kilda,Jack Higgins,8,1,5,4,1,0,3
2024,3,2024-03-21,M.C.G.,St Kilda,Collingwood,St Kilda,Bradley Hill,13,4,6,1,0,0,1
2024,3,2024-03-21,M.C.G.,St Kilda,Collingwood,St Kilda,Zak Jones,6,4,9,0,0,0,0
2024,3,2024-03-21,M.C.G.,St Kilda,Collingwood,St Kilda,Max King,12,8,3,3,0,0,1
2024,3,2024-03-21,M.C.G.,St Kilda,Collingwood,St Kilda,Rowan Marshall,14,4,10,0,0,13,1
2024,3,2024-03-21,M.C.G.,St Kilda,Collingwood,St Kilda,Tim Membrey,9,5,3,2,1,0,0
2024,3,2024-03-21,M.C.G.,St Kilda,Collingwood,St Kilda,Mitch Owens,13,5,9,0,1,0,5
2024,3,2024-03-21,M.C.G.,St Kilda,Collingwood,St Kilda,Mattaes Phillipou,6,0,6,1,1,0,1
2024,3,2024-03-21,M.C.G.,St Kilda,Collingwood,St Kilda,Sebastian Ross,13,2,9,0,0,0,7
2024,3,2024-03-21,M.C.G.,St Kilda,Collingwood,St Kilda,Cooper Sharman,7,5,4,1,2,0,0
2024,3,2024-03-21,M.C.G.,St Kilda,Collingwood,St Kilda,Jack Sinclair,14,7,7,0,0,0,1
2024,3,2024-03-21,M.C.G.,St Kilda,Collingwood,St Kilda,Jack Steele,10,4,16,0,0,0,11
2024,3,2024-03-21,M.C.G.,St Kilda,Collingwood,St Kilda,Liam Stocker,7,3,4,0,0,0,1
2024,3,2024-03-21,M.C.G.,St Kilda,Collingwood,St Kilda,Nasiah Wanganeen-Milera,25,11,7,0,0,0,0
2024,3,2024-03-21,M.C.G.,St Kilda,Collingwood,St Kilda,Callum Wilkie,14,9,6,0,0,0,0
2024,3,2024-03-21,M.C.G.,St Kilda,Collingwood,St Kilda,Darcy Wilson,6,6,6,0,1,0,2
2024,3,2024-03-21,M.C.G.,St Kilda,Collingwood,St Kilda,Marcus Windhager,10,3,14,0,0,0,6
2024,3,2024-03-21,M.C.G.,St Kilda,Collingwood,St Kilda,Mason Wood,2,1,1,0,0,0,0
2024,3,2024-03-21,M.C.G.,St Kilda,Collingwood,Collingwood,Darcy Cameron,7,6,6,1,1,26,2
2024,3,2024-03-21,M.C.G.,St Kilda,Collingwood,Collingwood,Mason Cox,6,5,1,0,0,21,5
2024,3,2024-03-21,M.C.G.,St Kilda,Collingwood,Collingwood,Jack Crisp,10,3,12,0,0,0,3
2024,3,2024-03-21,M.C.G.,St Kilda,Collingwood,Collingwood,Josh Daicos,22,5,7,0,0,0,2
2024,3,2024-03-21,M.C.G.,St Kilda,Collingwood,Collingwood,Nick Daicos,9,1,13,0,0,0,2
2024,3,2024-03-21,M.C.G.,St Kilda,Collingwood,Collingwood,Jordan de Goey,5,1,8,0,0,0,0
2024,3,2024-03-21,M.C.G.,St Kilda,Collingwood,Collingwood,Jamie Elliott,12,6,2,3,2,0,0
2024,3,2024-03-21,M.C.G.,St Kilda,Collingwood,Collingwood,Billy Frampton,8,6,7,0,0,0,1
2024,3,2024-03-21,M.C.G.,St Kilda,Collingwood,Collingwood,Bobby Hill,8,2,4,2,0,0,1
2024,3,2024-03-21,M.C.G.,St Kilda,Collingwood,Collingwood,Jeremy Howe,6,2,6,0,0,0,0
2024,3,2024-03-21,M.C.G.,St Kilda,Collingwood,Collingwood,Patrick Lipinski,9,6,13,2,0,0,2
2024,3,2024-03-21,M.C.G.,St Kilda,Collingwood,Collingwood,Finlay Macrae,2,0,1,0,0,0,2
2024,3,2024-03-21,M.C.G.,St Kilda,Collingwood,Collingwood,Oleg Markov,3,2,3,0,0,0,1
2024,3,2024-03-21,M.C.G.,St Kilda,Collingwood,Collingwood,Brayden Maynard,18,4,6,0,0,0,1
2024,3,2024-03-21,M.C.G.,St Kilda,Collingwood,Collingwood,Beau McCreery,5,2,8,0,0,0,5
2024,3,2024-03-21,M.C.G.,St Kilda,Collingwood,Collingwood,Reef McInnes,7,3,5,3,0,0,2
2024,3,2024-03-21,M.C.G.,St Kilda,Collingwood,Collingwood,Brody Mihocek,11,5,2,0,1,0,5
2024,3,2024-03-21,M.C.G.,St Kilda,Collingwood,Collingwood,Tom Mitchell,8,1,9,0,0,0,8
2024,3,2024-03-21,M.C.G.,St Kilda,Collingwood,Collingwood,Darcy Moore,10,5,7,0,0,0,2
2024,3,2024-03-21,M.C.G.,St Kilda,Collingwood,Collingwood,Scott Pendlebury,11,2,9,0,0,0,5
2024,3,2024-03-21,M.C.G.,St Kilda,Collingwood,Collingwood,Isaac Quaynor,8,3,7,0,0,0,2
2024,3,2024-03-21,M.C.G.,St Kilda,Collingwood,Collingwood,Lachie Schultz,7,6,4,1,0,0,1
2024,3,2024-03-21,M.C.G.,St Kilda,Collingwood,Collingwood,Steele Sidebottom,11,3,5,0,0,0,2
2024,3,2024-03-22,Adelaide Oval,Adelaide,Geelong,Adelaide,Sam Berry,5,1,5,0,0,0,4
2024,3,2024-03-22,Adelaide Oval,Adelaide,Geelong,Adelaide,Chris Burgess,7,8,2,2,1,1,2
2024,3,2024-03-22,Adelaide Oval,Adelaide,Geelong,Adelaide,Jordon Butts,8,6,9,0,0,0,0
2024,3,2024-03-22,Adelaide Oval,Adelaide,Geelong,Adelaide,Matt Crouch,13,4,24,0,0,0,2
2024,3,2024-03-22,Adelaide Oval,Adelaide,Geelong,Adelaide,Jordan Dawson,18,4,8,0,0,0,12
2024,3,2024-03-22,Adelaide Oval,Adelaide,Geelong,Adelaide,Darcy Fogarty,6,3,6,2,2,0,4
2024,3,2024-03-22,Adelaide Oval,Adelaide,Geelong,Adelaide,Mitch Hinge,14,5,8,0,0,0,4
2024,3,2024-03-22,Adelaide Oval,Adelaide,Geelong,Adelaide,Chayce Jones,8,0,6,0,0,0,2
2024,3,2024-03-22,Adelaide Oval,Adelaide,Geelong,Adelaide,Mark Keane,11,6,1,0,0,0,1
2024,3,2024-03-22,Adelaide Oval,Adelaide,Geelong,Adelaide,Ben Keays,8,3,2,0,0,0,2
2024,3,2024-03-22,Adelaide Oval,Adelaide,Geelong,Adelaide,Rory Laird,11,2,18,0,0,0,7
2024,3,2024-03-22,Adelaide Oval,Adelaide,Geelong,Adelaide,Ned McHenry,8,7,3,0,0,0,5
2024,3,2024-03-22,Adelaide Oval,Adelaide,Geelong,Adelaide,Max Michalanney,10,6,5,0,0,0,1
2024,3,2024-03-22,Adelaide Oval,Adelaide,Geelong,Adelaide,Wayne Milera,12,5,2,0,0,0,2
2024,3,2024-03-22,Adelaide Oval,Adelaide,Geelong,Adelaide,Lachlan Murphy,4,4,5,0,0,0,2
2024,3,2024-03-22,Adelaide Oval,Adelaide,Geelong,Adelaide,Reilly OBrien,10,0,8,1,0,47,1
2024,3,2024-03-22,Adelaide Oval,Adelaide,Geelong,Adelaide,Luke Pedlar,9,2,1,0,1,0,0
2024,3,2024-03-22,Adelaide Oval,Adelaide,Geelong,Adelaide,Josh Rachele,11,6,6,1,0,0,1
2024,3,2024-03-22,Adelaide Oval,Adelaide,Geelong,Adelaide,Izak Rankine,12,2,4,2,0,0,4
2024,3,2024-03-22,Adelaide Oval,Adelaide,Geelong,Adelaide,Brodie Smith,11,1,3,0,0,0,3
2024,3,2024-03-22,Adelaide Oval,Adelaide,Geelong,Adelaide,Jake Soligo,12,4,3,1,0,0,3
2024,3,2024-03-22,Adelaide Oval,Adelaide,Geelong,Adelaide,Taylor Walker,11,6,3,2,2,4,1
2024,3,2024-03-22,Adelaide Oval,Adelaide,Geelong,Adelaide,Josh Worrell,13,10,3,0,0,0,3
2024,3,2024-03-22,Adelaide Oval,Adelaide,Geelong,Geelong,Mark Blicavs,8,3,13,0,0,15,8
2024,3,2024-03-22,Adelaide Oval,Adelaide,Geelong,Geelong,Jeremy Cameron,8,7,1,2,2,0,1
2024,3,2024-03-22,Adelaide Oval,Adelaide,Geelong,Geelong,Jhye Clark,7,2,6,0,0,0,3
2024,3,2024-03-22,Adelaide Oval,Adelaide,Geelong,Geelong,Brad Close,8,0,7,1,0,0,6
2024,3,2024-03-22,Adelaide Oval,Adelaide,Geelong,Geelong,Patrick Dangerfield,15,7,8,0,1,0,8
2024,3,2024-03-22,Adelaide Oval,Adelaide,Geelong,Geelong,Sam De Koning,6,5,7,0,0,0,3
2024,3,2024-03-22,Adelaide Oval,Adelaide,Geelong,Geelong,Oliver Dempsey,7,2,9,0,0,0,2
2024,3,2024-03-22,Adelaide Oval,Adelaide,Geelong,Geelong,Zach Guthrie,9,3,3,0,0,0,1
2024,3,2024-03-22,Adelaide Oval,Adelaide,Geelong,Geelong,Tom Hawkins,8,5,3,4,0,3,1
2024,3,2024-03-22,Adelaide Oval,Adelaide,Geelong,Geelong,Jack Henry,8,4,3,0,0,0,5
2024,3,2024-03-22,Adelaide Oval,Adelaide,Geelong,Geelong,Oliver Henry,7,4,3,2,0,0,2
2024,3,2024-03-22,Adelaide Oval,Adelaide,Geelong,Geelong,Max Holmes,12,5,12,0,0,0,1
2024,3,2024-03-22,Adelaide Oval,Adelaide,Geelong,Geelong,Mitch Knevitt,0,0,0,0,0,0,0
2024,3,2024-03-22,Adelaide Oval,Adelaide,Geelong,Geelong,Jake Kolodjashnij,11,4,5,0,0,0,0
2024,3,2024-03-22,Adelaide Oval,Adelaide,Geelong,Geelong,Shaun Mannagh,9,0,4,1,2,0,2
2024,3,2024-03-22,Adelaide Oval,Adelaide,Geelong,Geelong,Gryan Miers,15,4,11,3,0,0,3
2024,3,2024-03-22,Adelaide Oval,Adelaide,Geelong,Geelong,Oisin Mullin,3,1,4,0,0,0,2
2024,3,2024-03-22,Adelaide Oval,Adelaide,Geelong,Geelong,Mark OConnor,4,3,11,0,0,0,8
2024,3,2024-03-22,Adelaide Oval,Adelaide,Geelong,Geelong,Brandan Parfitt,12,2,8,0,0,0,10
2024,3,2024-03-22,Adelaide Oval,Adelaide,Geelong,Geelong,Rhys Stanley,3,1,5,0,0,18,3
2024,3,2024-03-22,Adelaide Oval,Adelaide,Geelong,Geelong,Tyson Stengle,11,5,3,1,1,0,3
2024,3,2024-03-22,Adelaide Oval,Adelaide,Geelong,Geelong,Tom Stewart,20,11,8,0,0,0,2
2024,3,2024-03-22,Adelaide Oval,Adelaide,Geelong,Geelong,Zach Tuohy,13,1,6,0,0,0,1
2024,3,2024-03-23,Docklands,North Melbourne,Fremantle,North Melbourne,Callum Coleman-Jones,4,3,5,0,0,5,1
2024,3,2024-03-23,Docklands,North Melbourne,Fremantle,North Melbourne,Aidan Corr,5,4,4,0,0,0,0
2024,3,2024-03-23,Docklands,North Melbourne,Fremantle,North Melbourne,Paul Curtis,9,3,3,2,2,0,0
2024,3,2024-03-23,Docklands,North Melbourne,Fremantle,North Melbourne,Luke Davies-Uniacke,15,5,15,0,0,0,2
2024,3,2024-03-23,Docklands,North Melbourne,Fremantle,North Melbourne,Kallan Dawson,4,2,8,0,0,0,0
2024,3,2024-03-23,Docklands,North Melbourne,Fremantle,North Melbourne,Zane Duursma,12,11,3,0,2,0,2
2024,3,2024-03-23,Docklands,North Melbourne,Fremantle,North Melbourne,Zac Fisher,18,5,7,0,0,0,1
2024,3,2024-03-23,Docklands,North Melbourne,Fremantle,North Melbourne,Eddie Ford,1,3,2,0,1,0,0
2024,3,2024-03-23,Docklands,North Melbourne,Fremantle,North Melbourne,Nick Larkey,5,3,1,1,1,1,1
2024,3,2024-03-23,Docklands,North Melbourne,Fremantle,North Melbourne,Charlie Lazzaro,5,3,8,0,0,0,2
2024,3,2024-03-23,Docklands,North Melbourne,Fremantle,North Melbourne,Luke McDonald,5,2,4,0,0,0,3
2024,3,2024-03-23,Docklands,North Melbourne,Fremantle,North Melbourne,Colby McKercher,14,6,8,0,0,0,0
2024,3,2024-03-23,Docklands,North Melbourne,Fremantle,North Melbourne,Toby Pink,4,4,6,0,0,0,3
2024,3,2024-03-23,Docklands,North Melbourne,Fremantle,North Melbourne,Tom Powell,13,4,15,2,0,0,5
2024,3,2024-03-23,Docklands,North Melbourne,Fremantle,North Melbourne,Bailey Scott,17,7,6,1,0,0,3
2024,3,2024-03-23,Docklands,North Melbourne,Fremantle,North Melbourne,Harry Sheezel,17,6,18,0,0,0,4
2024,3,2024-03-23,Docklands,North Melbourne,Fremantle,North Melbourne,Jy Simpkin,8,6,6,1,1,0,0
2024,3,2024-03-23,Docklands,North Melbourne,Fremantle,North Melbourne,Dylan Stephens,4,0,4,0,0,0,2
2024,3,2024-03-23,Docklands,North Melbourne,Fremantle,North Melbourne,Jaidyn Stephenson,5,2,5,1,0,0,0
2024,3,2024-03-23,Docklands,North Melbourne,Fremantle,North Melbourne,Darcy Tucker,6,3,9,0,0,0,0
2024,3,2024-03-23,Docklands,North Melbourne,Fremantle,North Melbourne,George Wardlaw,10,6,13,1,0,0,4
2024,3,2024-03-23,Docklands,North Melbourne,Fremantle,North Melbourne,Tristan Xerri,7,3,12,0,0,30,6
2024,3,2024-03-23,Docklands,North Melbourne,Fremantle,North Melbourne,Cameron Zurhaar,6,2,5,2,0,0,3
2024,3,2024-03-23,Docklands,North Melbourne,Fremantle,Fremantle,James Aish,17,9,4,0,0,0,1
2024,3,2024-03-23,Docklands,North Melbourne,Fremantle,Fremantle,Jye Amiss,7,3,0,1,3,0,0
2024,3,2024-03-23,Docklands,North Melbourne,Fremantle,Fremantle,Bailey Banfield,8,4,10,2,0,0,1
2024,3,2024-03-23,Docklands,North Melbourne,Fremantle,Fremantle,Andrew Brayshaw,13,3,14,1,0,0,3
2024,3,2024-03-23,Docklands,North Melbourne,Fremantle,Fremantle,Jordan Clark,20,7,8,0,0,0,1
2024,3,2024-03-23,Docklands,North Melbourne,Fremantle,Fremantle,Josh Draper,5,2,2,0,0,0,1
2024,3,2024-03-23,Docklands,North Melbourne,Fremantle,Fremantle,Tom Emmett,5,4,4,0,0,0,2
2024,3,2024-03-23,Docklands,North Melbourne,Fremantle,Fremantle,Michael Frederick,4,3,4,2,1,0,3
2024,3,2024-03-23,Docklands,North Melbourne,Fremantle,Fremantle,Nat Fyfe,8,3,11,1,0,0,1
2024,3,2024-03-23,Docklands,North Melbourne,Fremantle,Fremantle,Ethan Hughes,5,4,5,0,0,0,5
2024,3,2024-03-23,Docklands,North Melbourne,Fremantle,Fremantle,Luke Jackson,6,3,18,2,0,21,5
2024,3,2024-03-23,Docklands,North Melbourne,Fremantle,Fremantle,Matthew Johnson,10,6,12,0,0,0,3
2024,3,2024-03-23,Docklands,North Melbourne,Fremantle,Fremantle,Jaeger OMeara,2,0,2,0,1,0,1
2024,3,2024-03-23,Docklands,North Melbourne,Fremantle,Fremantle,Alex Pearce,6,3,2,0,0,0,2
2024,3,2024-03-23,Docklands,North Melbourne,Fremantle,Fremantle,Luke Ryan,19,7,4,0,0,0,3
2024,3,2024-03-23,Docklands,North Melbourne,Fremantle,Fremantle,Caleb Serong,16,5,19,0,2,0,6
2024,3,2024-03-23,Docklands,North Melbourne,Fremantle,Fremantle,Jeremy Sharp,11,8,2,1,1,0,1
2024,3,2024-03-23,Docklands,North Melbourne,Fremantle,Fremantle,Sam Switkowski,5,2,3,1,0,0,9
2024,3,2024-03-23,Docklands,North Melbourne,Fremantle,Fremantle,Matthew Taberner,5,3,5,2,1,0,0
2024,3,2024-03-23,Docklands,North Melbourne,Fremantle,Fremantle,Josh Treacy,6,4,4,1,0,4,3
2024,3,2024-03-23,Docklands,North Melbourne,Fremantle,Fremantle,Brandon Walker,8,3,3,0,0,0,1
2024,3,2024-03-23,Docklands,North Melbourne,Fremantle,Fremantle,Michael Walters,9,4,1,1,1,0,3
2024,3,2024-03-23,Docklands,North Melbourne,Fremantle,Fremantle,Hayden Young,11,4,10,0,0,0,4
2024,3,2024-03-23,M.C.G.,Hawthorn,Melbourne,Hawthorn,Karl Amon,17,5,5,0,0,0,1
2024,3,2024-03-23,M.C.G.,Hawthorn,Melbourne,Hawthorn,Luke Breust,4,3,4,1,0,0,3
2024,3,2024-03-23,M.C.G.,Hawthorn,Melbourne,Hawthorn,Mabior Chol,7,3,3,0,0,3,5
2024,3,2024-03-23,M.C.G.,Hawthorn,Melbourne,Hawthorn,Massimo DAmbrosio,13,8,10,0,0,0,4
2024,3,2024-03-23,M.C.G.,Hawthorn,Melbourne,Hawthorn,Sam Frost,7,5,8,0,0,0,2
2024,3,2024-03-23,M.C.G.,Hawthorn,Melbourne,Hawthorn,Jack Ginnivan,9,6,8,0,1,0,0
2024,3,2024-03-23,M.C.G.,Hawthorn,Melbourne,Hawthorn,Jack Gunston,1,0,1,0,0,0,1
2024,3,2024-03-23,M.C.G.,Hawthorn,Melbourne,Hawthorn,Blake Hardwick,14,7,3,0,0,0,2
2024,3,2024-03-23,M.C.G.,Hawthorn,Melbourne,Hawthorn,Jarman Impey,11,9,7,0,0,0,2
2024,3,2024-03-23,M.C.G.,Hawthorn,Melbourne,Hawthorn,Mitch Lewis,6,4,2,1,0,0,1
2024,3,2024-03-23,M.C.G.,Hawthorn,Melbourne,Hawthorn,Connor Macdonald,11,6,6,1,1,0,2
2024,3,2024-03-23,M.C.G.,Hawthorn,Melbourne,Hawthorn,Cam Mackenzie,10,1,11,0,0,0,4
2024,3,2024-03-23,M.C.G.,Hawthorn,Melbourne,Hawthorn,Finn Maginness,9,3,8,0,0,0,2
2024,3,2024-03-23,M.C.G.,Hawthorn,Melbourne,Hawthorn,Dylan Moore,4,2,7,0,0,0,4
2024,3,2024-03-23,M.C.G.,Hawthorn,Melbourne,Hawthorn,Conor Nash,10,3,10,0,0,0,2
2024,3,2024-03-23,M.C.G.,Hawthorn,Melbourne,Hawthorn,Jai Newcombe,8,4,9,0,0,0,4
2024,3,2024-03-23,M.C.G.,Hawthorn,Melbourne,Hawthorn,Ned Reeves,3,1,7,0,0,26,2
2024,3,2024-03-23,M.C.G.,Hawthorn,Melbourne,Hawthorn,Jack Scrimshaw,15,9,11,0,0,0,0
2024,3,2024-03-23,M.C.G.,Hawthorn,Melbourne,Hawthorn,James Sicily,20,13,7,0,0,0,1
2024,3,2024-03-23,M.C.G.,Hawthorn,Melbourne,Hawthorn,Josh Ward,11,9,5,0,0,0,2
2024,3,2024-03-23,M.C.G.,Hawthorn,Melbourne,Hawthorn,Nick Watson,7,4,6,1,3,0,1
2024,3,2024-03-23,M.C.G.,Hawthorn,Melbourne,Hawthorn,Josh Weddle,12,10,9,1,1,1,1
2024,3,2024-03-23,M.C.G.,Hawthorn,Melbourne,Hawthorn,James Worpel,14,1,13,0,0,0,4
2024,3,2024-03-23,M.C.G.,Hawthorn,Melbourne,Melbourne,Jack Billings,10,4,10,1,1,0,0
2024,3,2024-03-23,M.C.G.,Hawthorn,Melbourne,Melbourne,Ben Brown,5,3,2,0,1,0,0
2024,3,2024-03-23,M.C.G.,Hawthorn,Melbourne,Melbourne,Kade Chandler,6,4,5,2,0,0,4
2024,3,2024-03-23,M.C.G.,Hawthorn,Melbourne,Melbourne,Bayley Fritsch,8,4,5,5,1,0,2
2024,3,2024-03-23,M.C.G.,Hawthorn,Melbourne,Melbourne,Max Gawn,12,6,5,0,0,24,6
2024,3,2024-03-23,M.C.G.,Hawthorn,Melbourne,Melbourne,Marty Hore,6,4,1,0,0,0,1
2024,3,2024-03-23,M.C.G.,Hawthorn,Melbourne,Melbourne,Blake Howes,10,6,6,0,0,0,4
2024,3,2024-03-23,M.C.G.,Hawthorn,Melbourne,Melbourne,Ed Langdon,11,3,15,0,0,0,4
2024,3,2024-03-23,M.C.G.,Hawthorn,Melbourne,Melbourne,Jake Lever,2,2,2,0,0,0,4
2024,3,2024-03-23,M.C.G.,Hawthorn,Melbourne,Melbourne,Steven May,3,2,1,0,0,0,2
2024,3,2024-03-23,M.C.G.,Hawthorn,Melbourne,Melbourne,Tom McDonald,8,6,2,0,0,0,2
2024,3,2024-03-23,M.C.G.,Hawthorn,Melbourne,Melbourne,Judd McVee,16,3,4,0,0,0,1
2024,3,2024-03-23,M.C.G.,Hawthorn,Melbourne,Melbourne,Alex Neal-Bullen,13,4,11,0,0,0,6
2024,3,2024-03-23,M.C.G.,Hawthorn,Melbourne,Melbourne,Clayton Oliver,11,3,12,0,0,0,6
2024,3,2024-03-23,M.C.G.,Hawthorn,Melbourne,Melbourne,Christian Petracca,14,6,15,1,1,0,3
2024,3,2024-03-23,M.C.G.,Hawthorn,Melbourne,Melbourne,Harry Petty,10,9,2,0,1,0,1
2024,3,2024-03-23,M.C.G.,Hawthorn,Melbourne,Melbourne,Kysaiah Pickett,10,7,3,3,1,0,2
2024,3,2024-03-23,M.C.G.,Hawthorn,Melbourne,Melbourne,Trent Rivers,12,8,5,0,0,0,5
2024,3,2024-03-23,M.C.G.,Hawthorn,Melbourne,Melbourne,Christian Salem,15,10,5,0,0,0,5
2024,3,2024-03-23,M.C.G.,Hawthorn,Melbourne,Melbourne,Tom Sparrow,10,2,10,1,0,0,7
2024,3,2024-03-23,M.C.G.,Hawthorn,Melbourne,Melbourne,Jacob van Rooyen,7,3,3,1,1,5,5
2024,3,2024-03-23,M.C.G.,Hawthorn,Melbourne,Melbourne,Jack Viney,8,1,13,0,0,0,3
2024,3,2024-03-23,M.C.G.,Hawthorn,Melbourne,Melbourne,Caleb Windsor,10,6,6,0,0,0,0
2024,3,2024-03-23,S.C.G.,Sydney,Essendon,Sydney,Joel Amartey,4,2,1,2,0,0,1
2024,3,2024-03-23,S.C.G.,Sydney,Essendon,Sydney,Nick Blakey,13,4,5,1,1,0,1
2024,3,2024-03-23,S.C.G.,Sydney,Essendon,Sydney,Braeden Campbell,9,1,5,0,1,0,4
2024,3,2024-03-23,S.C.G.,Sydney,Essendon,Sydney,Harry Cunningham,0,0,0,0,0,0,0
2024,3,2024-03-23,S.C.G.,Sydney,Essendon,Sydney,Oliver Florent,13,4,7,0,1,0,4
2024,3,2024-03-23,S.C.G.,Sydney,Essendon,Sydney,Brodie Grundy,11,2,8,0,0,30,3
2024,3,2024-03-23,S.C.G.,Sydney,Essendon,Sydney,Errol Gulden,19,9,5,2,0,0,5
2024,3,2024-03-23,S.C.G.,Sydney,Essendon,Sydney,Will Hayward,7,4,2,3,1,0,5
2024,3,2024-03-23,S.C.G.,Sydney,Essendon,Sydney,Isaac Heeney,14,6,18,1,1,0,4
2024,3,2024-03-23,S.C.G.,Sydney,Essendon,Sydney,James Jordon,9,3,9,1,0,0,4
2024,3,2024-03-23,S.C.G.,Sydney,Essendon,Sydney,Jake Lloyd,13,3,9,0,1,0,1
2024,3,2024-03-23,S.C.G.,Sydney,Essendon,Sydney,Tom McCartin,8,4,3,0,0,0,0
2024,3,2024-03-23,S.C.G.,Sydney,Essendon,Sydney,Logan McDonald,7,4,0,1,1,0,1
2024,3,2024-03-23,S.C.G.,Sydney,Essendon,Sydney,Justin McInerney,13,5,9,0,0,0,0
2024,3,2024-03-23,S.C.G.,Sydney,Essendon,Sydney,Hayden McLean,9,7,6,2,2,5,2
2024,3,2024-03-23,S.C.G.,Sydney,Essendon,Sydney,Lewis Melican,5,4,4,0,0,0,0
2024,3,2024-03-23,S.C.G.,Sydney,Essendon,Sydney,Tom Papley,15,10,9,4,1,0,2
2024,3,2024-03-23,S.C.G.,Sydney,Essendon,Sydney,Dane Rampe,7,4,2,0,0,0,2
2024,3,2024-03-23,S.C.G.,Sydney,Essendon,Sydney,Matt Roberts,13,8,6,0,0,0,3
2024,3,2024-03-23,S.C.G.,Sydney,Essendon,Sydney,James Rowbottom,7,1,3,0,0,0,9
2024,3,2024-03-23,S.C.G.,Sydney,Essendon,Sydney,Chad Warner,15,6,13,2,1,0,2
2024,3,2024-03-23,S.C.G.,Sydney,Essendon,Sydney,Corey Warner,6,1,5,0,3,0,0
2024,3,2024-03-23,S.C.G.,Sydney,Essendon,Sydney,Sam Wicks,4,2,7,0,0,0,3
2024,3,2024-03-23,S.C.G.,Sydney,Essendon,Essendon,Jye Caldwell,7,3,9,0,0,0,4
2024,3,2024-03-23,S.C.G.,Sydney,Essendon,Essendon,Nik Cox,6,1,6,1,1,0,0
2024,3,2024-03-23,S.C.G.,Sydney,Essendon,Essendon,Alwyn Davey,1,0,0,0,0,0,1
2024,3,2024-03-23,S.C.G.,Sydney,Essendon,Essendon,Sam Draper,9,2,3,1,1,10,1
2024,3,2024-03-23,S.C.G.,Sydney,Essendon,Essendon,Sam Durham,9,4,9,0,0,0,6
2024,3,2024-03-23,S.C.G.,Sydney,Essendon,Essendon,Xavier Duursma,7,1,8,0,0,0,3
2024,3,2024-03-23,S.C.G.,Sydney,Essendon,Essendon,Todd Goldstein,3,2,4,1,0,19,0
2024,3,2024-03-23,S.C.G.,Sydney,Essendon,Essendon,Jade Gresham,12,4,11,3,1,0,2
2024,3,2024-03-23,S.C.G.,Sydney,Essendon,Essendon,Dyson Heppell,13,8,8,0,0,0,0
2024,3,2024-03-23,S.C.G.,Sydney,Essendon,Essendon,Nick Hind,7,1,3,0,0,0,3
2024,3,2024-03-23,S.C.G.,Sydney,Essendon,Essendon,Ben Hobbs,7,3,9,0,1,0,0
2024,3,2024-03-23,S.C.G.,Sydney,Essendon,Essendon,Kyle Langford,11,7,3,2,1,0,2
2024,3,2024-03-23,S.C.G.,Sydney,Essendon,Essendon,Jayden Laverde,4,4,8,0,0,0,1
2024,3,2024-03-23,S.C.G.,Sydney,Essendon,Essendon,Nic Martin,20,4,11,0,0,0,2
2024,3,2024-03-23,S.C.G.,Sydney,Essendon,Essendon,Andrew McGrath,19,3,6,0,0,0,1
2024,3,2024-03-23,S.C.G.,Sydney,Essendon,Essendon,Ben McKay,1,1,8,0,0,0,0
2024,3,2024-03-23,S.C.G.,Sydney,Essendon,Essendon,Jye Menzie,3,1,3,0,1,0,3
2024,3,2024-03-23,S.C.G.,Sydney,Essendon,Essendon,Zach Merrett,16,2,16,2,0,0,6
2024,3,2024-03-23,S.C.G.,Sydney,Essendon,Essendon,Archie Perkins,9,1,12,0,0,0,3
2024,3,2024-03-23,S.C.G.,Sydney,Essendon,Essendon,Will Setterfield,12,5,17,0,0,0,7
2024,3,2024-03-23,S.C.G.,Sydney,Essendon,Essendon,Jake Stringer,11,7,3,3,1,0,0
2024,3,2024-03-23,S.C.G.,Sydney,Essendon,Essendon,Elijah Tsatas,9,3,5,0,1,0,1
2024,3,2024-03-23,S.C.G.,Sydney,Essendon,Essendon,Peter Wright,4,4,5,2,0,2,2
2024,3,2024-03-24,Eureka Stadium,Western Bulldogs,Gold Coast,Western Bulldogs,Oskar Baker,11,9,8,3,0,0,0
2024,3,2024-03-24,Eureka Stadium,Western Bulldogs,Gold Coast,Western Bulldogs,Marcus Bontempelli,16,3,16,2,0,0,3
2024,3,2024-03-24,Eureka Stadium,Western Bulldogs,Gold Coast,Western Bulldogs,Lachlan Bramble,13,7,7,0,0,0,0
2024,3,2024-03-24,Eureka Stadium,Western Bulldogs,Gold Coast,Western Bulldogs,Nick Coffield,0,0,1,0,0,0,0
2024,3,2024-03-24,Eureka Stadium,Western Bulldogs,Gold Coast,Western Bulldogs,Bailey Dale,13,9,10,0,0,0,4
2024,3,2024-03-24,Eureka Stadium,Western Bulldogs,Gold Coast,Western Bulldogs,Caleb Daniel,11,4,7,0,0,0,1
2024,3,2024-03-24,Eureka Stadium,Western Bulldogs,Gold Coast,Western Bulldogs,Sam Darcy,8,6,7,2,0,12,4
2024,3,2024-03-24,Eureka Stadium,Western Bulldogs,Gold Coast,Western Bulldogs,Tim English,9,6,6,0,0,25,8
2024,3,2024-03-24,Eureka Stadium,Western Bulldogs,Gold Coast,Western Bulldogs,Harvey Gallagher,8,5,3,0,1,0,3
2024,3,2024-03-24,Eureka Stadium,Western Bulldogs,Gold Coast,Western Bulldogs,Jason Johannisen,20,6,5,0,0,0,1
2024,3,2024-03-24,Eureka Stadium,Western Bulldogs,Gold Coast,Western Bulldogs,Liam Jones,7,9,6,0,0,0,0
2024,3,2024-03-24,Eureka Stadium,Western Bulldogs,Gold Coast,Western Bulldogs,Buku Khamis,8,6,2,1,1,0,1
2024,3,2024-03-24,Eureka Stadium,Western Bulldogs,Gold Coast,Western Bulldogs,Tom Liberatore,10,3,10,1,0,0,9
2024,3,2024-03-24,Eureka Stadium,Western Bulldogs,Gold Coast,Western Bulldogs,Aaron Naughton,5,3,11,2,1,0,1
2024,3,2024-03-24,Eureka Stadium,Western Bulldogs,Gold Coast,Western Bulldogs,Caleb Poulter,4,1,4,0,1,0,1
2024,3,2024-03-24,Eureka Stadium,Western Bulldogs,Gold Coast,Western Bulldogs,Ed Richards,11,7,8,0,0,0,2
2024,3,2024-03-24,Eureka Stadium,Western Bulldogs,Gold Coast,Western Bulldogs,Ryley Sanders,10,1,12,0,1,0,5
2024,3,2024-03-24,Eureka Stadium,Western Bulldogs,Gold Coast,Western Bulldogs,Adam Treloar,13,1,14,0,0,0,8
2024,3,2024-03-24,Eureka Stadium,Western Bulldogs,Gold Coast,Western Bulldogs,Jamarra Ugle-Hagan,10,6,3,1,1,0,1
2024,3,2024-03-24,Eureka Stadium,Western Bulldogs,Gold Coast,Western Bulldogs,Laitham Vandermeer,8,5,4,0,0,0,4
2024,3,2024-03-24,Eureka Stadium,Western Bulldogs,Gold Coast,Western Bulldogs,Cody Weightman,9,3,5,6,0,0,4
2024,3,2024-03-24,Eureka Stadium,Western Bulldogs,Gold Coast,Western Bulldogs,Rhylee West,8,3,4,0,0,0,3
2024,3,2024-03-24,Eureka Stadium,Western Bulldogs,Gold Coast,Western Bulldogs,Bailey Williams,10,7,7,0,0,0,2
2024,3,2024-03-24,Eureka Stadium,Western Bulldogs,Gold Coast,Gold Coast,Ben Ainsworth,9,3,3,1,0,0,1
2024,3,2024-03-24,Eureka Stadium,Western Bulldogs,Gold Coast,Gold Coast,Noah Anderson,20,2,5,0,1,0,4
2024,3,2024-03-24,Eureka Stadium,Western Bulldogs,Gold Coast,Gold Coast,Rory Atkins,5,2,3,0,0,0,0
2024,3,2024-03-24,Eureka Stadium,Western Bulldogs,Gold Coast,Gold Coast,Charlie Ballard,8,7,2,0,0,0,2
2024,3,2024-03-24,Eureka Stadium,Western Bulldogs,Gold Coast,Gold Coast,Tom Berry,3,0,5,1,0,0,0
2024,3,2024-03-24,Eureka Stadium,Western Bulldogs,Gold Coast,Gold Coast,Connor Budarick,12,6,6,0,0,0,0
2024,3,2024-03-24,Eureka Stadium,Western Bulldogs,Gold Coast,Gold Coast,Levi Casboult,3,0,5,0,1,19,3
2024,3,2024-03-24,Eureka Stadium,Western Bulldogs,Gold Coast,Gold Coast,Sam Collins,9,10,7,0,0,0,4
2024,3,2024-03-24,Eureka Stadium,Western Bulldogs,Gold Coast,Gold Coast,Brandon Ellis,5,1,3,0,1,0,0
2024,3,2024-03-24,Eureka Stadium,Western Bulldogs,Gold Coast,Gold Coast,Brayden Fiorini,11,6,10,0,0,0,2
2024,3,2024-03-24,Eureka Stadium,Western Bulldogs,Gold Coast,Gold Coast,Sam Flanders,11,3,15,1,0,0,2
2024,3,2024-03-24,Eureka Stadium,Western Bulldogs,Gold Coast,Gold Coast,Nick Holman,5,4,6,2,0,0,3
2024,3,2024-03-24,Eureka Stadium,Western Bulldogs,Gold Coast,Gold Coast,Ben King,5,4,2,2,1,0,1
2024,3,2024-03-24,Eureka Stadium,Western Bulldogs,Gold Coast,Gold Coast,Ben Long,3,1,1,0,2,0,2
2024,3,2024-03-24,Eureka Stadium,Western Bulldogs,Gold Coast,Gold Coast,Jack Lukosius,13,8,5,1,0,0,1
2024,3,2024-03-24,Eureka Stadium,Western Bulldogs,Gold Coast,Gold Coast,Touk Miller,15,1,15,0,0,0,10
2024,3,2024-03-24,Eureka Stadium,Western Bulldogs,Gold Coast,Gold Coast,Ned Moyle,9,2,5,1,0,25,2
2024,3,2024-03-24,Eureka Stadium,Western Bulldogs,Gold Coast,Gold Coast,Wil Powell,15,6,5,0,0,0,4
2024,3,2024-03-24,Eureka Stadium,Western Bulldogs,Gold Coast,Gold Coast,Matt Rowell,9,4,16,0,0,0,8
2024,3,2024-03-24,Eureka Stadium,Western Bulldogs,Gold Coast,Gold Coast,Alex Sexton,10,3,4,0,0,0,1
2024,3,2024-03-24,Eureka Stadium,Western Bulldogs,Gold Coast,Gold Coast,David Swallow,6,0,5,1,0,0,4
2024,3,2024-03-24,Eureka Stadium,Western Bulldogs,Gold Coast,Gold Coast,Bodhi Uwland,8,2,7,0,0,0,2
2024,3,2024-03-24,Eureka Stadium,Western Bulldogs,Gold Coast,Gold Coast,Jed Walter,3,1,1,0,0,0,2
2024,3,2024-03-24,M.C.G.,Richmond,Port Adelaide,Richmond,Liam Baker,15,4,8,3,0,0,4
2024,3,2024-03-24,M.C.G.,Richmond,Port Adelaide,Richmond,Noah Balta,7,4,4,1,1,5,1
2024,3,2024-03-24,M.C.G.,Richmond,Port Adelaide,Richmond,Sam Banks,3,1,2,0,0,0,1
2024,3,2024-03-24,M.C.G.,Richmond,Port Adelaide,Richmond,Shai Bolton,13,3,9,2,2,0,3
2024,3,2024-03-24,M.C.G.,Richmond,Port Adelaide,Richmond,Tom Brown,8,1,5,0,0,0,1
2024,3,2024-03-24,M.C.G.,Richmond,Port Adelaide,Richmond,Seth Campbell,11,3,3,0,1,0,2
2024,3,2024-03-24,M.C.G.,Richmond,Port Adelaide,Richmond,Judson Clarke,3,2,1,0,0,0,0
2024,3,2024-03-24,M.C.G.,Richmond,Port Adelaide,Richmond,Thomson Dow,6,4,6,0,1,0,1
2024,3,2024-03-24,M.C.G.,Richmond,Port Adelaide,Richmond,Dylan Grimes,3,4,4,0,0,0,0
2024,3,2024-03-24,M.C.G.,Richmond,Port Adelaide,Richmond,Mykelti Lefau,1,1,4,0,0,0,2
2024,3,2024-03-24,M.C.G.,Richmond,Port Adelaide,Richmond,Tom Lynch,3,0,4,1,1,0,0
2024,3,2024-03-24,M.C.G.,Richmond,Port Adelaide,Richmond,Rhyan Mansell,12,5,1,2,1,0,2
2024,3,2024-03-24,M.C.G.,Richmond,Port Adelaide,Richmond,Dustin Martin,7,4,9,0,1,0,1
2024,3,2024-03-24,M.C.G.,Richmond,Port Adelaide,Richmond,Kamdyn McIntosh,6,3,3,0,0,0,1
2024,3,2024-03-24,M.C.G.,Richmond,Port Adelaide,Richmond,Ben Miller,10,5,1,0,0,0,0
2024,3,2024-03-24,M.C.G.,Richmond,Port Adelaide,Richmond,Toby Nankervis,11,1,6,0,0,24,6
2024,3,2024-03-24,M.C.G.,Richmond,Port Adelaide,Richmond,Marlion Pickett,5,2,6,1,1,0,1
2024,3,2024-03-24,M.C.G.,Richmond,Port Adelaide,Richmond,Daniel Rioli,10,4,11,1,0,0,1
2024,3,2024-03-24,M.C.G.,Richmond,Port Adelaide,Richmond,Jack Ross,11,6,15,1,0,0,0
2024,3,2024-03-24,M.C.G.,Richmond,Port Adelaide,Richmond,Jayden Short,19,6,2,0,1,0,0
2024,3,2024-03-24,M.C.G.,Richmond,Port Adelaide,Richmond,Tim Taranto,14,5,12,1,2,0,3
2024,3,2024-03-24,M.C.G.,Richmond,Port Adelaide,Richmond,James Trezise,4,2,10,0,0,0,1
2024,3,2024-03-24,M.C.G.,Richmond,Port Adelaide,Richmond,Nick Vlastuin,14,4,2,0,0,0,1
2024,3,2024-03-24,M.C.G.,Richmond,Port Adelaide,Port Adelaide,Aliir Aliir,8,4,3,0,0,0,3
2024,3,2024-03-24,M.C.G.,Richmond,Port Adelaide,Port Adelaide,Miles Bergman,9,7,5,1,0,0,4
2024,3,2024-03-24,M.C.G.,Richmond,Port Adelaide,Port Adelaide,Travis Boak,10,3,5,0,0,0,2
2024,3,2024-03-24,M.C.G.,Richmond,Port Adelaide,Port Adelaide,Jase Burgoyne,10,4,3,0,0,0,3
2024,3,2024-03-24,M.C.G.,Richmond,Port Adelaide,Port Adelaide,Ryan Burton,18,6,5,0,0,0,0
2024,3,2024-03-24,M.C.G.,Richmond,Port Adelaide,Port Adelaide,Zak Butters,15,7,19,1,0,0,1
2024,3,2024-03-24,M.C.G.,Richmond,Port Adelaide,Port Adelaide,Darcy Byrne-Jones,7,3,4,3,0,0,1
2024,3,2024-03-24,M.C.G.,Richmond,Port Adelaide,Port Adelaide,Charlie Dixon,8,5,7,2,3,2,0
2024,3,2024-03-24,M.C.G.,Richmond,Port Adelaide,Port Adelaide,Willem Drew,17,6,10,1,0,0,3
2024,3,2024-03-24,M.C.G.,Richmond,Port Adelaide,Port Adelaide,Francis Evans,6,4,4,1,0,0,4
2024,3,2024-03-24,M.C.G.,Richmond,Port Adelaide,Port Adelaide,Kane Farrell,20,7,7,0,1,0,3
2024,3,2024-03-24,M.C.G.,Richmond,Port Adelaide,Port Adelaide,Jeremy Finlayson,9,3,5,3,1,0,3
2024,3,2024-03-24,M.C.G.,Richmond,Port Adelaide,Port Adelaide,Dan Houston,14,5,11,1,0,0,2
2024,3,2024-03-24,M.C.G.,Richmond,Port Adelaide,Port Adelaide,Lachie Jones,5,2,1,0,0,0,2
2024,3,2024-03-24,M.C.G.,Richmond,Port Adelaide,Port Adelaide,Todd Marshall,12,9,3,4,2,0,1
2024,3,2024-03-24,M.C.G.,Richmond,Port Adelaide,Port Adelaide,Jackson Mead,7,5,5,1,0,0,4
2024,3,2024-03-24,M.C.G.,Richmond,Port Adelaide,Port Adelaide,Esava Ratugolea,4,5,2,0,1,0,1
2024,3,2024-03-24,M.C.G.,Richmond,Port Adelaide,Port Adelaide,Willie Rioli,6,2,1,0,1,0,2
2024,3,2024-03-24,M.C.G.,Richmond,Port Adelaide,Port Adelaide,Connor Rozee,17,8,11,0,2,0,4
2024,3,2024-03-24,M.C.G.,Richmond,Port Adelaide,Port Adelaide,Ivan Soldo,6,3,3,0,1,26,1
2024,3,2024-03-24,M.C.G.,Richmond,Port Adelaide,Port Adelaide,Dylan Williams,4,1,2,0,0,0,0
2024,3,2024-03-24,M.C.G.,Richmond,Port Adelaide,Port Adelaide,Ollie Wines,12,3,14,0,2,0,3
2024,3,2024-03-24,M.C.G.,Richmond,Port Adelaide,Port Adelaide,Brandon Zerk-Thatcher,9,5,3,0,0,0,1
2024,3,2024-03-24,Perth Stadium,West Coast,Greater Western Sydney,West Coast,Harry Barnett,3,0,3,0,0,8,2
2024,3,2024-03-24,Perth Stadium,West Coast,Greater Western Sydney,West Coast,Tom Barrass,7,7,5,0,0,0,1
2024,3,2024-03-24,Perth Stadium,West Coast,Greater Western Sydney,West Coast,Tyler Brockman,3,1,9,0,1,0,5
2024,3,2024-03-24,Perth Stadium,West Coast,Greater Western Sydney,West Coast,Campbell Chesser,7,3,9,0,0,0,0
2024,3,2024-03-24,Perth Stadium,West Coast,Greater Western Sydney,West Coast,Tom Cole,11,6,10,0,0,0,1
2024,3,2024-03-24,Perth Stadium,West Coast,Greater Western Sydney,West Coast,Jamie Cripps,9,6,5,1,2,0,4
2024,3,2024-03-24,Perth Stadium,West Coast,Greater Western Sydney,West Coast,Jack Darling,5,1,7,0,2,0,3
2024,3,2024-03-24,Perth Stadium,West Coast,Greater Western Sydney,West Coast,Liam Duggan,18,7,10,0,0,0,3
2024,3,2024-03-24,Perth Stadium,West Coast,Greater Western Sydney,West Coast,Luke Edwards,7,3,5,0,0,0,2
2024,3,2024-03-24,Perth Stadium,West Coast,Greater Western Sydney,West Coast,Reuben Ginbey,6,3,16,0,1,0,5
2024,3,2024-03-24,Perth Stadium,West Coast,Greater Western Sydney,West Coast,Brady Hough,10,4,8,0,0,0,1
2024,3,2024-03-24,Perth Stadium,West Coast,Greater Western Sydney,West Coast,Jayden Hunt,15,1,7,1,0,0,6
2024,3,2024-03-24,Perth Stadium,West Coast,Greater Western Sydney,West Coast,Callum Jamieson,7,2,4,0,0,0,1
2024,3,2024-03-24,Perth Stadium,West Coast,Greater Western Sydney,West Coast,Jamaine Jones,6,4,7,0,0,0,2
2024,3,2024-03-24,Perth Stadium,West Coast,Greater Western Sydney,West Coast,Tim Kelly,7,4,15,1,0,0,5
2024,3,2024-03-24,Perth Stadium,West Coast,Greater Western Sydney,West Coast,Noah Long,6,3,3,0,0,0,4
2024,3,2024-03-24,Perth Stadium,West Coast,Greater Western Sydney,West Coast,Ryan Maric,1,0,4,0,0,0,3
2024,3,2024-03-24,Perth Stadium,West Coast,Greater Western Sydney,West Coast,Jeremy McGovern,18,7,8,0,0,0,3
2024,3,2024-03-24,Perth Stadium,West Coast,Greater Western Sydney,West Coast,Jack Petruccelle,7,4,6,0,1,0,0
2024,3,2024-03-24,Perth Stadium,West Coast,Greater Western Sydney,West Coast,Harley Reid,4,1,13,0,0,0,4
2024,3,2024-03-24,Perth Stadium,West Coast,Greater Western Sydney,West Coast,Jake Waterman,7,5,4,1,2,2,1
2024,3,2024-03-24,Perth Stadium,West Coast,Greater Western Sydney,West Coast,Bailey Williams,3,0,8,0,0,14,1
2024,3,2024-03-24,Perth Stadium,West Coast,Greater Western Sydney,West Coast,Elliot Yeo,11,0,16,1,0,0,8
2024,3,2024-03-24,Perth Stadium,West Coast,Greater Western Sydney,Greater Western Sydney,Lachie Ash,3,1,3,0,0,0,0
2024,3,2024-03-24,Perth Stadium,West Coast,Greater Western Sydney,Greater Western Sydney,Toby Bedford,4,5,7,2,0,0,8
2024,3,2024-03-24,Perth Stadium,West Coast,Greater Western Sydney,Greater Western Sydney,Kieren Briggs,13,2,8,0,1,34,5
2024,3,2024-03-24,Perth Stadium,West Coast,Greater Western Sydney,Greater Western Sydney,Callum Brown,2,1,3,0,1,0,3
2024,3,2024-03-24,Perth Stadium,West Coast,Greater Western Sydney,Greater Western Sydney,Jack Buckley,6,4,9,0,0,0,7
2024,3,2024-03-24,Perth Stadium,West Coast,Greater Western Sydney,Greater Western Sydney,Aaron Cadman,7,3,2,3,0,5,4
2024,3,2024-03-24,Perth Stadium,West Coast,Greater Western Sydney,Greater Western Sydney,Finn Callaghan,8,2,8,1,0,0,5
2024,3,2024-03-24,Perth Stadium,West Coast,Greater Western Sydney,Greater Western Sydney,Stephen Coniglio,15,4,16,0,0,0,3
2024,3,2024-03-24,Perth Stadium,West Coast,Greater Western Sydney,Greater Western Sydney,Brent Daniels,11,2,6,2,0,0,8
2024,3,2024-03-24,Perth Stadium,West Coast,Greater Western Sydney,Greater Western Sydney,Toby Greene,10,6,6,1,1,0,1
2024,3,2024-03-24,Perth Stadium,West Coast,Greater Western Sydney,Greater Western Sydney,Tom Green,18,3,16,0,0,0,6
2024,3,2024-03-24,Perth Stadium,West Coast,Greater Western Sydney,Greater Western Sydney,Harry Himmelberg,9,6,12,0,0,0,2
2024,3,2024-03-24,Perth Stadium,West Coast,Greater Western Sydney,Greater Western Sydney,Jesse Hogan,10,7,4,2,2,0,0
2024,3,2024-03-24,Perth Stadium,West Coast,Greater Western Sydney,Greater Western Sydney,Connor Idun,15,9,13,0,0,0,1
2024,3,2024-03-24,Perth Stadium,West Coast,Greater Western Sydney,Greater Western Sydney,Josh Kelly,14,2,14,2,0,0,4
2024,3,2024-03-24,Perth Stadium,West Coast,Greater Western Sydney,Greater Western Sydney,Xavier OHalloran,4,1,7,0,0,0,5
2024,3,2024-03-24,Perth Stadium,West Coast,Greater Western Sydney,Greater Western Sydney,James Peatling,5,0,3,1,0,0,2
2024,3,2024-03-24,Perth Stadium,West Coast,Greater Western Sydney,Greater Western Sydney,Harry Perryman,15,7,4,0,0,0,5
2024,3,2024-03-24,Perth Stadium,West Coast,Greater Western Sydney,Greater Western Sydney,Jake Riccardi,4,3,6,1,0,5,1
2024,3,2024-03-24,Perth Stadium,West Coast,Greater Western Sydney,Greater Western Sydney,Sam Taylor,11,10,6,0,0,0,4
2024,3,2024-03-24,Perth Stadium,West Coast,Greater Western Sydney,Greater Western Sydney,Harvey Thomas,8,4,13,1,2,0,8
2024,3,2024-03-24,Perth Stadium,West Coast,Greater Western Sydney,Greater Western Sydney,Jacob Wehr,9,5,9,0,0,0,2
2024,3,2024-03-24,Perth Stadium,West Coast,Greater Western Sydney,Greater Western Sydney,Lachie Whitfield,20,5,16,0,0,0,0
2024,4,2024-03-28,Gabba,Brisbane Lions,Collingwood,Brisbane Lions,Callum Ah Chee,11,5,5,0,0,0,0
2024,4,2024-03-28,Gabba,Brisbane Lions,Collingwood,Brisbane Lions,Harris Andrews,8,7,4,0,0,0,1
2024,4,2024-03-28,Gabba,Brisbane Lions,Collingwood,Brisbane Lions,Noah Answerth,4,2,5,0,0,0,3
2024,4,2024-03-28,Gabba,Brisbane Lions,Collingwood,Brisbane Lions,Zac Bailey,13,4,7,1,0,0,1
2024,4,2024-03-28,Gabba,Brisbane Lions,Collingwood,Brisbane Lions,Jarrod Berry,14,6,6,0,0,0,5
2024,4,2024-03-28,Gabba,Brisbane Lions,Collingwood,Brisbane Lions,Charlie Cameron,9,5,2,1,3,0,2
2024,4,2024-03-28,Gabba,Brisbane Lions,Collingwood,Brisbane Lions,Joe Daniher,6,3,2,1,1,2,1
2024,4,2024-03-28,Gabba,Brisbane Lions,Collingwood,Brisbane Lions,Josh Dunkley,9,5,17,0,0,0,6
2024,4,2024-03-28,Gabba,Brisbane Lions,Collingwood,Brisbane Lions,Jaspa Fletcher,12,7,4,1,1,0,0
2024,4,2024-03-28,Gabba,Brisbane Lions,Collingwood,Brisbane Lions,Darcy Fort,5,2,5,0,0,13,2
2024,4,2024-03-28,Gabba,Brisbane Lions,Collingwood,Brisbane Lions,Eric Hipwood,3,4,5,0,0,0,1
2024,4,2024-03-28,Gabba,Brisbane Lions,Collingwood,Brisbane Lions,Ryan Lester,10,7,1,0,0,0,1
2024,4,2024-03-28,Gabba,Brisbane Lions,Collingwood,Brisbane Lions,Kai Lohmann,1,0,0,1,0,0,2
2024,4,2024-03-28,Gabba,Brisbane Lions,Collingwood,Brisbane Lions,Lincoln McCarthy,13,6,4,1,2,0,2
2024,4,2024-03-28,Gabba,Brisbane Lions,Collingwood,Brisbane Lions,Hugh McCluggage,18,5,11,1,1,0,2
2024,4,2024-03-28,Gabba,Brisbane Lions,Collingwood,Brisbane Lions,Oscar McInerney,4,1,8,0,0,34,5
2024,4,2024-03-28,Gabba,Brisbane Lions,Collingwood,Brisbane Lions,Lachie Neale,12,6,23,1,1,0,4
2024,4,2024-03-28,Gabba,Brisbane Lions,Collingwood,Brisbane Lions,Jack Payne,3,1,3,0,0,0,2
2024,4,2024-03-28,Gabba,Brisbane Lions,Collingwood,Brisbane Lions,Cam Rayner,10,3,11,2,0,0,4
2024,4,2024-03-28,Gabba,Brisbane Lions,Collingwood,Brisbane Lions,Deven Robertson,3,0,7,0,0,0,2
2024,4,2024-03-28,Gabba,Brisbane Lions,Collingwood,Brisbane Lions,Brandon Starcevich,5,3,4,0,0,0,1
2024,4,2024-03-28,Gabba,Brisbane Lions,Collingwood,Brisbane Lions,Darcy Wilmot,15,3,4,0,0,0,4
2024,4,2024-03-28,Gabba,Brisbane Lions,Collingwood,Brisbane Lions,Dayne Zorko,22,4,8,0,0,0,2
2024,4,2024-03-28,Gabba,Brisbane Lions,Collingwood,Collingwood,Darcy Cameron,3,1,1,0,0,17,2
2024,4,2024-03-28,Gabba,Brisbane Lions,Collingwood,Collingwood,Mason Cox,6,2,5,0,1,27,4
2024,4,2024-03-28,Gabba,Brisbane Lions,Collingwood,Collingwood,Jack Crisp,6,1,7,1,0,0,5
2024,4,2024-03-28,Gabba,Brisbane Lions,Collingwood,Collingwood,Josh Daicos,12,4,8,0,0,0,8
2024,4,2024-03-28,Gabba,Brisbane Lions,Collingwood,Collingwood,Nick Daicos,22,5,8,0,0,0,1
2024,4,2024-03-28,Gabba,Brisbane Lions,Collingwood,Collingwood,Jordan de Goey,10,1,8,0,0,0,3
2024,4,2024-03-28,Gabba,Brisbane Lions,Collingwood,Collingwood,Jamie Elliott,11,4,5,4,0,0,3
2024,4,2024-03-28,Gabba,Brisbane Lions,Collingwood,Collingwood,Billy Frampton,11,4,4,0,0,0,2
2024,4,2024-03-28,Gabba,Brisbane Lions,Collingwood,Collingwood,Bobby Hill,7,5,2,3,1,0,4
2024,4,2024-03-28,Gabba,Brisbane Lions,Collingwood,Collingwood,Will Hoskin-Elliott,7,5,5,0,0,0,0
2024,4,2024-03-28,Gabba,Brisbane Lions,Collingwood,Collingwood,Jeremy Howe,9,6,8,0,0,0,3
2024,4,2024-03-28,Gabba,Brisbane Lions,Collingwood,Collingwood,Patrick Lipinski,7,3,5,0,1,0,6
2024,4,2024-03-28,Gabba,Brisbane Lions,Collingwood,Collingwood,Finlay Macrae,4,1,2,0,0,0,3
2024,4,2024-03-28,Gabba,Brisbane Lions,Collingwood,Collingwood,Brayden Maynard,11,8,4,0,0,0,3
2024,4,2024-03-28,Gabba,Brisbane Lions,Collingwood,Collingwood,Beau McCreery,8,2,2,2,2,0,4
2024,4,2024-03-28,Gabba,Brisbane Lions,Collingwood,Collingwood,Reef McInnes,3,1,1,1,0,0,2
2024,4,2024-03-28,Gabba,Brisbane Lions,Collingwood,Collingwood,Brody Mihocek,8,5,2,3,1,0,6
2024,4,2024-03-28,Gabba,Brisbane Lions,Collingwood,Collingwood,Tom Mitchell,10,4,14,0,0,0,7
2024,4,2024-03-28,Gabba,Brisbane Lions,Collingwood,Collingwood,Darcy Moore,4,3,2,0,0,0,2
2024,4,2024-03-28,Gabba,Brisbane Lions,Collingwood,Collingwood,John Noble,16,5,8,0,0,0,3
2024,4,2024-03-28,Gabba,Brisbane Lions,Collingwood,Collingwood,Scott Pendlebury,12,3,9,0,0,0,5
2024,4,2024-03-28,Gabba,Brisbane Lions,Collingwood,Collingwood,Isaac Quaynor,11,4,2,0,0,0,3
2024,4,2024-03-28,Gabba,Brisbane Lions,Collingwood,Collingwood,Lachie Schultz,4,0,5,0,1,0,6
2024,4,2024-03-29,Docklands,North Melbourne,Carlton,North Melbourne,Callum Coleman-Jones,0,1,3,0,0,2,0
2024,4,2024-03-29,Docklands,North Melbourne,Carlton,North Melbourne,Aidan Corr,5,0,5,0,0,0,0
2024,4,2024-03-29,Docklands,North Melbourne,Carlton,North Melbourne,Paul Curtis,7,3,6,3,1,0,4
2024,4,2024-03-29,Docklands,North Melbourne,Carlton,North Melbourne,Luke Davies-Uniacke,12,3,15,0,0,0,2
2024,4,2024-03-29,Docklands,North Melbourne,Carlton,North Melbourne,Kallan Dawson,5,3,3,0,0,0,2
2024,4,2024-03-29,Docklands,North Melbourne,Carlton,North Melbourne,Zane Duursma,4,3,3,0,0,0,1
2024,4,2024-03-29,Docklands,North Melbourne,Carlton,North Melbourne,Zac Fisher,15,5,5,0,0,0,2
2024,4,2024-03-29,Docklands,North Melbourne,Carlton,North Melbourne,Eddie Ford,3,2,3,2,0,0,1
2024,4,2024-03-29,Docklands,North Melbourne,Carlton,North Melbourne,Nick Larkey,7,5,3,3,0,1,1
2024,4,2024-03-29,Docklands,North Melbourne,Carlton,North Melbourne,Charlie Lazzaro,5,1,11,1,0,0,3
2024,4,2024-03-29,Docklands,North Melbourne,Carlton,North Melbourne,Luke McDonald,9,5,5,0,0,0,4
2024,4,2024-03-29,Docklands,North Melbourne,Carlton,North Melbourne,Colby McKercher,15,6,4,0,0,0,2
2024,4,2024-03-29,Docklands,North Melbourne,Carlton,North Melbourne,Toby Pink,2,3,3,0,0,0,1
2024,4,2024-03-29,Docklands,North Melbourne,Carlton,North Melbourne,Tom Powell,15,5,14,1,0,0,2
2024,4,2024-03-29,Docklands,North Melbourne,Carlton,North Melbourne,Bailey Scott,10,3,5,0,0,0,1
2024,4,2024-03-29,Docklands,North Melbourne,Carlton,North Melbourne,Harry Sheezel,20,8,12,0,0,0,5
2024,4,2024-03-29,Docklands,North Melbourne,Carlton,North Melbourne,Jy Simpkin,8,3,6,0,2,0,1
2024,4,2024-03-29,Docklands,North Melbourne,Carlton,North Melbourne,Dylan Stephens,11,1,4,0,0,0,2
2024,4,2024-03-29,Docklands,North Melbourne,Carlton,North Melbourne,Jaidyn Stephenson,9,5,2,0,0,0,0
2024,4,2024-03-29,Docklands,North Melbourne,Carlton,North Melbourne,Darcy Tucker,5,2,3,0,0,0,1
2024,4,2024-03-29,Docklands,North Melbourne,Carlton,North Melbourne,George Wardlaw,8,3,9,1,0,0,6
2024,4,2024-03-29,Docklands,North Melbourne,Carlton,North Melbourne,Tristan Xerri,3,1,10,0,0,32,8
2024,4,2024-03-29,Docklands,North Melbourne,Carlton,North Melbourne,Cameron Zurhaar,9,5,10,1,2,0,6
2024,4,2024-03-29,Docklands,North Melbourne,Carlton,Carlton,Blake Acres,15,5,5,1,1,0,5
2024,4,2024-03-29,Docklands,North Melbourne,Carlton,Carlton,Jordan Boyd,10,3,3,0,0,0,5
2024,4,2024-03-29,Docklands,North Melbourne,Carlton,Carlton,Jack Carroll,8,2,8,1,0,0,3
2024,4,2024-03-29,Docklands,North Melbourne,Carlton,Carlton,Adam Cerra,15,5,7,1,0,0,7
2024,4,2024-03-29,Docklands,North Melbourne,Carlton,Carlton,Matthew Cottrell,4,1,4,0,0,0,2
2024,4,2024-03-29,Docklands,North Melbourne,Carlton,Carlton,Patrick Cripps,9,3,19,1,0,0,5
2024,4,2024-03-29,Docklands,North Melbourne,Carlton,Carlton,Charlie Curnow,12,5,3,4,1,0,1
2024,4,2024-03-29,Docklands,North Melbourne,Carlton,Carlton,Tom De Koning,3,1,10,0,0,31,5
2024,4,2024-03-29,Docklands,North Melbourne,Carlton,Carlton,Corey Durdin,2,0,2,2,0,0,1
2024,4,2024-03-29,Docklands,North Melbourne,Carlton,Carlton,Orazio Fantasia,5,4,2,1,0,0,0
2024,4,2024-03-29,Docklands,North Melbourne,Carlton,Carlton,Lachie Fogarty,6,1,11,0,0,0,4
2024,4,2024-03-29,Docklands,North Melbourne,Carlton,Carlton,George Hewett,13,3,13,1,0,0,6
2024,4,2024-03-29,Docklands,North Melbourne,Carlton,Carlton,Elijah Hollands,15,6,7,1,0,0,5
2024,4,2024-03-29,Docklands,North Melbourne,Carlton,Carlton,Oliver Hollands,9,2,3,0,1,0,4
2024,4,2024-03-29,Docklands,North Melbourne,Carlton,Carlton,Matthew Kennedy,11,3,10,0,1,1,3
2024,4,2024-03-29,Docklands,North Melbourne,Carlton,Carlton,Caleb Marchbank,3,1,5,0,0,0,1
2024,4,2024-03-29,Docklands,North Melbourne,Carlton,Carlton,Mitch McGovern,11,5,4,0,0,0,5
2024,4,2024-03-29,Docklands,North Melbourne,Carlton,Carlton,Harry McKay,15,10,4,5,1,3,2
2024,4,2024-03-29,Docklands,North Melbourne,Carlton,Carlton,Nic Newman,14,6,3,0,0,0,3
2024,4,2024-03-29,Docklands,North Melbourne,Carlton,Carlton,Matthew Owies,9,5,3,3,1,0,1
2024,4,2024-03-29,Docklands,North Melbourne,Carlton,Carlton,Adam Saad,13,5,5,0,0,0,5
2024,4,2024-03-29,Docklands,North Melbourne,Carlton,Carlton,Jacob Weitering,14,9,4,0,0,0,1
2024,4,2024-03-29,Docklands,North Melbourne,Carlton,Carlton,Zac Williams,9,4,6,0,0,0,2
2024,4,2024-03-29,Perth Stadium,Fremantle,Adelaide,Fremantle,James Aish,16,6,13,0,0,0,0
2024,4,2024-03-29,Perth Stadium,Fremantle,Adelaide,Fremantle,Jye Amiss,11,3,2,2,2,0,3
2024,4,2024-03-29,Perth Stadium,Fremantle,Adelaide,Fremantle,Bailey Banfield,8,2,7,1,1,0,2
2024,4,2024-03-29,Perth Stadium,Fremantle,Adelaide,Fremantle,Andrew Brayshaw,9,4,12,0,0,0,5
2024,4,2024-03-29,Perth Stadium,Fremantle,Adelaide,Fremantle,Jordan Clark,14,7,12,0,0,0,2
2024,4,2024-03-29,Perth Stadium,Fremantle,Adelaide,Fremantle,Josh Draper,4,4,10,0,0,0,2
2024,4,2024-03-29,Perth Stadium,Fremantle,Adelaide,Fremantle,Tom Emmett,3,1,5,0,0,0,0
2024,4,2024-03-29,Perth Stadium,Fremantle,Adelaide,Fremantle,Michael Frederick,7,5,2,1,2,0,6
2024,4,2024-03-29,Perth Stadium,Fremantle,Adelaide,Fremantle,Nat Fyfe,6,4,15,0,0,0,1
2024,4,2024-03-29,Perth Stadium,Fremantle,Adelaide,Fremantle,Ethan Hughes,12,8,6,0,0,0,0
2024,4,2024-03-29,Perth Stadium,Fremantle,Adelaide,Fremantle,Luke Jackson,5,1,18,0,0,17,4
2024,4,2024-03-29,Perth Stadium,Fremantle,Adelaide,Fremantle,Matthew Johnson,6,6,11,0,0,0,5
2024,4,2024-03-29,Perth Stadium,Fremantle,Adelaide,Fremantle,Jaeger OMeara,2,2,5,0,1,0,0
2024,4,2024-03-29,Perth Stadium,Fremantle,Adelaide,Fremantle,Alex Pearce,8,5,5,0,0,0,5
2024,4,2024-03-29,Perth Stadium,Fremantle,Adelaide,Fremantle,Luke Ryan,22,10,5,0,0,0,2
2024,4,2024-03-29,Perth Stadium,Fremantle,Adelaide,Fremantle,Caleb Serong,18,6,10,0,0,0,6
2024,4,2024-03-29,Perth Stadium,Fremantle,Adelaide,Fremantle,Jeremy Sharp,13,5,2,0,0,0,1
2024,4,2024-03-29,Perth Stadium,Fremantle,Adelaide,Fremantle,Sam Switkowski,4,1,6,0,1,0,5
2024,4,2024-03-29,Perth Stadium,Fremantle,Adelaide,Fremantle,Matthew Taberner,8,5,2,2,1,0,0
2024,4,2024-03-29,Perth Stadium,Fremantle,Adelaide,Fremantle,Josh Treacy,6,4,7,1,0,7,2
2024,4,2024-03-29,Perth Stadium,Fremantle,Adelaide,Fremantle,Brandon Walker,10,6,2,0,0,0,2
2024,4,2024-03-29,Perth Stadium,Fremantle,Adelaide,Fremantle,Michael Walters,15,8,6,2,4,0,3
2024,4,2024-03-29,Perth Stadium,Fremantle,Adelaide,Fremantle,Hayden Young,18,8,14,0,0,0,7
2024,4,2024-03-29,Perth Stadium,Fremantle,Adelaide,Adelaide,James Borlase,9,6,1,0,0,0,1
2024,4,2024-03-29,Perth Stadium,Fremantle,Adelaide,Adelaide,Chris Burgess,9,2,1,1,2,7,0
2024,4,2024-03-29,Perth Stadium,Fremantle,Adelaide,Adelaide,Matt Crouch,7,5,21,0,0,0,5
2024,4,2024-03-29,Perth Stadium,Fremantle,Adelaide,Adelaide,Jordan Dawson,19,3,8,0,0,0,5
2024,4,2024-03-29,Perth Stadium,Fremantle,Adelaide,Adelaide,Darcy Fogarty,7,4,4,0,2,0,0
2024,4,2024-03-29,Perth Stadium,Fremantle,Adelaide,Adelaide,Mitch Hinge,15,6,4,0,0,0,1
2024,4,2024-03-29,Perth Stadium,Fremantle,Adelaide,Adelaide,Chayce Jones,7,4,5,0,0,0,1
2024,4,2024-03-29,Perth Stadium,Fremantle,Adelaide,Adelaide,Mark Keane,19,11,7,0,0,0,0
2024,4,2024-03-29,Perth Stadium,Fremantle,Adelaide,Adelaide,Ben Keays,13,4,6,1,1,0,1
2024,4,2024-03-29,Perth Stadium,Fremantle,Adelaide,Adelaide,Rory Laird,13,7,12,0,0,0,6
2024,4,2024-03-29,Perth Stadium,Fremantle,Adelaide,Adelaide,Ned McHenry,9,3,4,1,0,0,1
2024,4,2024-03-29,Perth Stadium,Fremantle,Adelaide,Adelaide,Max Michalanney,10,7,3,0,0,0,5
2024,4,2024-03-29,Perth Stadium,Fremantle,Adelaide,Adelaide,Wayne Milera,10,4,3,0,0,0,1
2024,4,2024-03-29,Perth Stadium,Fremantle,Adelaide,Adelaide,Lachlan Murphy,3,1,1,0,0,0,0
2024,4,2024-03-29,Perth Stadium,Fremantle,Adelaide,Adelaide,Reilly OBrien,2,3,5,0,0,33,2
2024,4,2024-03-29,Perth Stadium,Fremantle,Adelaide,Adelaide,Luke Pedlar,3,2,1,0,0,0,2
2024,4,2024-03-29,Perth Stadium,Fremantle,Adelaide,Adelaide,Josh Rachele,9,3,4,0,1,0,0
2024,4,2024-03-29,Perth Stadium,Fremantle,Adelaide,Adelaide,Izak Rankine,9,4,7,0,0,0,4
2024,4,2024-03-29,Perth Stadium,Fremantle,Adelaide,Adelaide,Lachlan Sholl,12,4,6,1,0,0,2
2024,4,2024-03-29,Perth Stadium,Fremantle,Adelaide,Adelaide,Brodie Smith,16,6,6,0,0,0,2
2024,4,2024-03-29,Perth Stadium,Fremantle,Adelaide,Adelaide,Jake Soligo,13,5,8,0,1,0,0
2024,4,2024-03-29,Perth Stadium,Fremantle,Adelaide,Adelaide,Taylor Walker,7,3,0,0,1,0,2
2024,4,2024-03-29,Perth Stadium,Fremantle,Adelaide,Adelaide,Josh Worrell,10,8,7,0,0,0,2
2024,4,2024-03-30,Docklands,Essendon,St Kilda,Essendon,Jye Caldwell,7,5,13,0,0,0,6
2024,4,2024-03-30,Docklands,Essendon,St Kilda,Essendon,Nik Cox,6,5,12,0,0,0,3
2024,4,2024-03-30,Docklands,Essendon,St Kilda,Essendon,Sam Draper,8,2,2,0,0,21,1
2024,4,2024-03-30,Docklands,Essendon,St Kilda,Essendon,Sam Durham,2,1,9,0,0,0,5
2024,4,2024-03-30,Docklands,Essendon,St Kilda,Essendon,Xavier Duursma,15,6,8,1,0,0,4
2024,4,2024-03-30,Docklands,Essendon,St Kilda,Essendon,Todd Goldstein,4,2,5,0,0,12,0
2024,4,2024-03-30,Docklands,Essendon,St Kilda,Essendon,Jade Gresham,4,0,4,0,1,0,1
2024,4,2024-03-30,Docklands,Essendon,St Kilda,Essendon,Dyson Heppell,23,12,7,0,0,0,2
2024,4,2024-03-30,Docklands,Essendon,St Kilda,Essendon,Nick Hind,5,3,0,0,1,0,2
2024,4,2024-03-30,Docklands,Essendon,St Kilda,Essendon,Ben Hobbs,9,3,9,0,0,0,5
2024,4,2024-03-30,Docklands,Essendon,St Kilda,Essendon,Harry Jones,9,10,4,2,0,0,1
2024,4,2024-03-30,Docklands,Essendon,St Kilda,Essendon,Jake Kelly,8,5,7,0,0,0,2
2024,4,2024-03-30,Docklands,Essendon,St Kilda,Essendon,Kyle Langford,9,6,3,3,2,1,1
2024,4,2024-03-30,Docklands,Essendon,St Kilda,Essendon,Jayden Laverde,7,5,7,0,0,0,4
2024,4,2024-03-30,Docklands,Essendon,St Kilda,Essendon,Nic Martin,31,8,13,0,1,0,1
2024,4,2024-03-30,Docklands,Essendon,St Kilda,Essendon,Andrew McGrath,19,8,11,1,0,0,2
2024,4,2024-03-30,Docklands,Essendon,St Kilda,Essendon,Ben McKay,11,9,7,0,0,0,2
2024,4,2024-03-30,Docklands,Essendon,St Kilda,Essendon,Jye Menzie,4,2,3,0,1,0,1
2024,4,2024-03-30,Docklands,Essendon,St Kilda,Essendon,Zach Merrett,15,3,15,0,0,0,6
2024,4,2024-03-30,Docklands,Essendon,St Kilda,Essendon,Darcy Parish,12,4,14,0,1,0,8
2024,4,2024-03-30,Docklands,Essendon,St Kilda,Essendon,Archie Perkins,11,1,9,0,1,0,3
2024,4,2024-03-30,Docklands,Essendon,St Kilda,Essendon,Mason Redman,19,8,6,0,0,0,4
2024,4,2024-03-30,Docklands,Essendon,St Kilda,Essendon,Jake Stringer,10,5,1,3,1,0,2
2024,4,2024-03-30,Docklands,Essendon,St Kilda,St Kilda,Josh Battle,11,9,7,0,0,0,1
2024,4,2024-03-30,Docklands,Essendon,St Kilda,St Kilda,Riley Bonner,29,9,3,0,1,0,1
2024,4,2024-03-30,Docklands,Essendon,St Kilda,St Kilda,Dan Butler,7,3,3,1,0,0,2
2024,4,2024-03-30,Docklands,Essendon,St Kilda,St Kilda,Ryan Byrnes,9,4,5,0,0,0,3
2024,4,2024-03-30,Docklands,Essendon,St Kilda,St Kilda,Anthony Caminiti,6,2,5,2,2,0,2
2024,4,2024-03-30,Docklands,Essendon,St Kilda,St Kilda,Zaine Cordy,6,2,5,0,0,0,2
2024,4,2024-03-30,Docklands,Essendon,St Kilda,St Kilda,Angus Hastie,1,1,3,0,0,0,1
2024,4,2024-03-30,Docklands,Essendon,St Kilda,St Kilda,Jack Higgins,8,1,7,3,1,0,5
2024,4,2024-03-30,Docklands,Essendon,St Kilda,St Kilda,Bradley Hill,15,4,10,0,0,0,1
2024,4,2024-03-30,Docklands,Essendon,St Kilda,St Kilda,Zak Jones,7,1,9,0,0,0,2
2024,4,2024-03-30,Docklands,Essendon,St Kilda,St Kilda,Rowan Marshall,12,8,8,0,0,27,7
2024,4,2024-03-30,Docklands,Essendon,St Kilda,St Kilda,Tim Membrey,5,3,7,0,1,0,3
2024,4,2024-03-30,Docklands,Essendon,St Kilda,St Kilda,Mitch Owens,5,4,8,1,0,0,1
2024,4,2024-03-30,Docklands,Essendon,St Kilda,St Kilda,Mattaes Phillipou,7,3,11,0,1,0,6
2024,4,2024-03-30,Docklands,Essendon,St Kilda,St Kilda,Sebastian Ross,15,7,13,1,1,0,3
2024,4,2024-03-30,Docklands,Essendon,St Kilda,St Kilda,Cooper Sharman,5,4,3,0,2,0,1
2024,4,2024-03-30,Docklands,Essendon,St Kilda,St Kilda,Jack Sinclair,16,4,14,1,0,0,1
2024,4,2024-03-30,Docklands,Essendon,St Kilda,St Kilda,Jack Steele,11,9,18,0,0,0,7
2024,4,2024-03-30,Docklands,Essendon,St Kilda,St Kilda,Liam Stocker,3,5,10,0,0,0,1
2024,4,2024-03-30,Docklands,Essendon,St Kilda,St Kilda,Nasiah Wanganeen-Milera,13,3,7,0,1,0,2
2024,4,2024-03-30,Docklands,Essendon,St Kilda,St Kilda,Callum Wilkie,9,4,9,0,0,0,3
2024,4,2024-03-30,Docklands,Essendon,St Kilda,St Kilda,Darcy Wilson,6,2,3,0,1,0,1
2024,4,2024-03-30,Docklands,Essendon,St Kilda,St Kilda,Marcus Windhager,7,1,11,0,0,0,5
2024,4,2024-03-30,Adelaide Oval,Port Adelaide,Melbourne,Port Adelaide,Aliir Aliir,11,5,3,0,0,0,1
2024,4,2024-03-30,Adelaide Oval,Port Adelaide,Melbourne,Port Adelaide,Miles Bergman,9,4,5,0,0,0,2
2024,4,2024-03-30,Adelaide Oval,Port Adelaide,Melbourne,Port Adelaide,Travis Boak,11,4,13,0,0,0,2
2024,4,2024-03-30,Adelaide Oval,Port Adelaide,Melbourne,Port Adelaide,Jase Burgoyne,1,2,5,0,0,0,3
2024,4,2024-03-30,Adelaide Oval,Port Adelaide,Melbourne,Port Adelaide,Ryan Burton,13,1,6,0,0,0,1
2024,4,2024-03-30,Adelaide Oval,Port Adelaide,Melbourne,Port Adelaide,Zak Butters,10,2,16,0,0,0,3
2024,4,2024-03-30,Adelaide Oval,Port Adelaide,Melbourne,Port Adelaide,Darcy Byrne-Jones,8,0,3,2,1,0,1
2024,4,2024-03-30,Adelaide Oval,Port Adelaide,Melbourne,Port Adelaide,Charlie Dixon,7,6,5,1,2,3,1
2024,4,2024-03-30,Adelaide Oval,Port Adelaide,Melbourne,Port Adelaide,Willem Drew,13,2,12,0,0,0,11
2024,4,2024-03-30,Adelaide Oval,Port Adelaide,Melbourne,Port Adelaide,Francis Evans,2,0,2,1,0,0,2
2024,4,2024-03-30,Adelaide Oval,Port Adelaide,Melbourne,Port Adelaide,Kane Farrell,11,3,0,0,0,0,1
2024,4,2024-03-30,Adelaide Oval,Port Adelaide,Melbourne,Port Adelaide,Jeremy Finlayson,8,4,4,2,1,3,1
2024,4,2024-03-30,Adelaide Oval,Port Adelaide,Melbourne,Port Adelaide,Dan Houston,14,4,4,1,1,0,5
2024,4,2024-03-30,Adelaide Oval,Port Adelaide,Melbourne,Port Adelaide,Lachie Jones,8,2,6,0,0,0,3
2024,4,2024-03-30,Adelaide Oval,Port Adelaide,Melbourne,Port Adelaide,Todd Marshall,8,5,2,1,0,0,1
2024,4,2024-03-30,Adelaide Oval,Port Adelaide,Melbourne,Port Adelaide,Jed McEntee,3,2,6,1,0,0,4
2024,4,2024-03-30,Adelaide Oval,Port Adelaide,Melbourne,Port Adelaide,Jackson Mead,8,4,6,0,0,0,6
2024,4,2024-03-30,Adelaide Oval,Port Adelaide,Melbourne,Port Adelaide,Esava Ratugolea,10,9,7,0,0,0,1
2024,4,2024-03-30,Adelaide Oval,Port Adelaide,Melbourne,Port Adelaide,Willie Rioli,10,3,2,2,2,0,2
2024,4,2024-03-30,Adelaide Oval,Port Adelaide,Melbourne,Port Adelaide,Connor Rozee,16,1,10,1,1,0,4
2024,4,2024-03-30,Adelaide Oval,Port Adelaide,Melbourne,Port Adelaide,Ivan Soldo,13,2,3,1,1,24,6
2024,4,2024-03-30,Adelaide Oval,Port Adelaide,Melbourne,Port Adelaide,Ollie Wines,12,4,13,0,1,0,3
2024,4,2024-03-30,Adelaide Oval,Port Adelaide,Melbourne,Port Adelaide,Brandon Zerk-Thatcher,5,3,7,0,0,0,3
2024,4,2024-03-30,Adelaide Oval,Port Adelaide,Melbourne,Melbourne,Jack Billings,4,2,4,0,0,0,1
2024,4,2024-03-30,Adelaide Oval,Port Adelaide,Melbourne,Melbourne,Ben Brown,6,5,3,3,0,0,0
2024,4,2024-03-30,Adelaide Oval,Port Adelaide,Melbourne,Melbourne,Kade Chandler,11,5,9,0,1,0,3
2024,4,2024-03-30,Adelaide Oval,Port Adelaide,Melbourne,Melbourne,Bayley Fritsch,4,1,3,2,1,0,1
2024,4,2024-03-30,Adelaide Oval,Port Adelaide,Melbourne,Melbourne,Max Gawn,14,6,6,1,1,50,5
2024,4,2024-03-30,Adelaide Oval,Port Adelaide,Melbourne,Melbourne,Marty Hore,10,6,2,0,0,0,1
2024,4,2024-03-30,Adelaide Oval,Port Adelaide,Melbourne,Melbourne,Blake Howes,4,1,3,0,0,0,1
2024,4,2024-03-30,Adelaide Oval,Port Adelaide,Melbourne,Melbourne,Ed Langdon,6,3,9,1,0,0,2
2024,4,2024-03-30,Adelaide Oval,Port Adelaide,Melbourne,Melbourne,Jake Lever,13,9,2,0,0,0,2
2024,4,2024-03-30,Adelaide Oval,Port Adelaide,Melbourne,Melbourne,Tom McDonald,3,1,4,0,0,0,3
2024,4,2024-03-30,Adelaide Oval,Port Adelaide,Melbourne,Melbourne,Judd McVee,8,0,2,0,0,0,1
2024,4,2024-03-30,Adelaide Oval,Port Adelaide,Melbourne,Melbourne,Alex Neal-Bullen,11,3,13,2,0,0,6
2024,4,2024-03-30,Adelaide Oval,Port Adelaide,Melbourne,Melbourne,Clayton Oliver,14,2,11,1,0,0,5
2024,4,2024-03-30,Adelaide Oval,Port Adelaide,Melbourne,Melbourne,Christian Petracca,10,4,13,0,0,0,5
2024,4,2024-03-30,Adelaide Oval,Port Adelaide,Melbourne,Melbourne,Harry Petty,6,5,4,0,0,0,4
2024,4,2024-03-30,Adelaide Oval,Port Adelaide,Melbourne,Melbourne,Kysaiah Pickett,5,1,3,1,1,0,0
2024,4,2024-03-30,Adelaide Oval,Port Adelaide,Melbourne,Melbourne,Trent Rivers,19,4,8,0,0,0,1
2024,4,2024-03-30,Adelaide Oval,Port Adelaide,Melbourne,Melbourne,Christian Salem,8,3,3,0,0,0,3
2024,4,2024-03-30,Adelaide Oval,Port Adelaide,Melbourne,Melbourne,Tom Sparrow,8,3,4,2,0,0,4
2024,4,2024-03-30,Adelaide Oval,Port Adelaide,Melbourne,Melbourne,Jacob van Rooyen,4,2,4,0,0,5,0
2024,4,2024-03-30,Adelaide Oval,Port Adelaide,Melbourne,Melbourne,Jack Viney,13,0,8,1,0,0,8
2024,4,2024-03-30,Adelaide Oval,Port Adelaide,Melbourne,Melbourne,Caleb Windsor,4,2,8,1,0,0,0
2024,4,2024-03-30,Adelaide Oval,Port Adelaide,Melbourne,Melbourne,Taj Woewodin,3,2,1,0,0,0,1
2024,4,2024-03-31,Docklands,Western Bulldogs,West Coast,Western Bulldogs,Oskar Baker,8,7,11,0,0,0,1
2024,4,2024-03-31,Docklands,Western Bulldogs,West Coast,Western Bulldogs,Marcus Bontempelli,8,6,8,3,0,0,9
2024,4,2024-03-31,Docklands,Western Bulldogs,West Coast,Western Bulldogs,Lachlan Bramble,19,7,8,0,1,0,1
2024,4,2024-03-31,Docklands,Western Bulldogs,West Coast,Western Bulldogs,Bailey Dale,19,10,6,0,1,0,1
2024,4,2024-03-31,Docklands,Western Bulldogs,West Coast,Western Bulldogs,Caleb Daniel,9,6,7,1,0,0,3
2024,4,2024-03-31,Docklands,Western Bulldogs,West Coast,Western Bulldogs,Sam Darcy,5,3,6,1,1,11,1
2024,4,2024-03-31,Docklands,Western Bulldogs,West Coast,Western Bulldogs,Taylor Duryea,11,9,8,0,0,0,0
2024,4,2024-03-31,Docklands,Western Bulldogs,West Coast,Western Bulldogs,Tim English,7,4,10,2,0,24,3
2024,4,2024-03-31,Docklands,Western Bulldogs,West Coast,Western Bulldogs,Harvey Gallagher,12,7,4,2,0,0,4
2024,4,2024-03-31,Docklands,Western Bulldogs,West Coast,Western Bulldogs,Jason Johannisen,18,10,4,0,0,0,3
2024,4,2024-03-31,Docklands,Western Bulldogs,West Coast,Western Bulldogs,Liam Jones,6,3,4,0,0,0,1
2024,4,2024-03-31,Docklands,Western Bulldogs,West Coast,Western Bulldogs,Buku Khamis,11,9,8,0,0,0,1
2024,4,2024-03-31,Docklands,Western Bulldogs,West Coast,Western Bulldogs,Tom Liberatore,6,4,12,0,0,0,5
2024,4,2024-03-31,Docklands,Western Bulldogs,West Coast,Western Bulldogs,Jack Macrae,7,7,13,0,0,0,3
2024,4,2024-03-31,Docklands,Western Bulldogs,West Coast,Western Bulldogs,Aaron Naughton,8,8,12,1,1,0,1
2024,4,2024-03-31,Docklands,Western Bulldogs,West Coast,Western Bulldogs,Caleb Poulter,4,2,0,0,1,0,0
2024,4,2024-03-31,Docklands,Western Bulldogs,West Coast,Western Bulldogs,Ryley Sanders,9,4,11,0,0,0,6
2024,4,2024-03-31,Docklands,Western Bulldogs,West Coast,Western Bulldogs,Adam Treloar,18,2,17,1,0,0,4
2024,4,2024-03-31,Docklands,Western Bulldogs,West Coast,Western Bulldogs,Jamarra Ugle-Hagan,12,9,1,1,0,0,2
2024,4,2024-03-31,Docklands,Western Bulldogs,West Coast,Western Bulldogs,Laitham Vandermeer,15,10,8,1,1,0,1
2024,4,2024-03-31,Docklands,Western Bulldogs,West Coast,Western Bulldogs,Cody Weightman,6,2,2,2,0,0,4
2024,4,2024-03-31,Docklands,Western Bulldogs,West Coast,Western Bulldogs,Rhylee West,8,3,9,1,0,0,3
2024,4,2024-03-31,Docklands,Western Bulldogs,West Coast,Western Bulldogs,Bailey Williams,18,8,8,0,0,0,4
2024,4,2024-03-31,Docklands,Western Bulldogs,West Coast,West Coast,Tom Barrass,13,7,3,0,0,0,1
2024,4,2024-03-31,Docklands,Western Bulldogs,West Coast,West Coast,Tyler Brockman,3,3,4,0,0,0,1
2024,4,2024-03-31,Docklands,Western Bulldogs,West Coast,West Coast,Campbell Chesser,4,0,3,0,0,0,0
2024,4,2024-03-31,Docklands,Western Bulldogs,West Coast,West Coast,Tom Cole,5,3,5,0,0,0,5
2024,4,2024-03-31,Docklands,Western Bulldogs,West Coast,West Coast,Jamie Cripps,8,5,10,1,5,0,2
2024,4,2024-03-31,Docklands,Western Bulldogs,West Coast,West Coast,Jack Darling,5,2,6,0,0,0,4
2024,4,2024-03-31,Docklands,Western Bulldogs,West Coast,West Coast,Liam Duggan,17,10,4,0,0,0,4
2024,4,2024-03-31,Docklands,Western Bulldogs,West Coast,West Coast,Luke Edwards,3,0,4,0,0,0,4
2024,4,2024-03-31,Docklands,Western Bulldogs,West Coast,West Coast,Reuben Ginbey,8,1,4,0,1,0,4
2024,4,2024-03-31,Docklands,Western Bulldogs,West Coast,West Coast,Brady Hough,8,6,4,0,0,0,0
2024,4,2024-03-31,Docklands,Western Bulldogs,West Coast,West Coast,Jayden Hunt,7,1,8,0,0,0,3
2024,4,2024-03-31,Docklands,Western Bulldogs,West Coast,West Coast,Callum Jamieson,7,6,4,0,0,0,0
2024,4,2024-03-31,Docklands,Western Bulldogs,West Coast,West Coast,Jamaine Jones,11,3,3,0,0,0,2
2024,4,2024-03-31,Docklands,Western Bulldogs,West Coast,West Coast,Tim Kelly,16,1,12,0,0,0,5
2024,4,2024-03-31,Docklands,Western Bulldogs,West Coast,West Coast,Noah Long,6,3,4,0,0,0,1
2024,4,2024-03-31,Docklands,Western Bulldogs,West Coast,West Coast,Ryan Maric,5,3,0,0,0,0,1
2024,4,2024-03-31,Docklands,Western Bulldogs,West Coast,West Coast,Jeremy McGovern,19,11,5,0,0,0,1
2024,4,2024-03-31,Docklands,Western Bulldogs,West Coast,West Coast,Jack Petruccelle,8,7,2,0,1,0,4
2024,4,2024-03-31,Docklands,Western Bulldogs,West Coast,West Coast,Harley Reid,4,2,8,0,0,0,2
2024,4,2024-03-31,Docklands,Western Bulldogs,West Coast,West Coast,Jake Waterman,11,5,3,1,1,0,1
2024,4,2024-03-31,Docklands,Western Bulldogs,West Coast,West Coast,Bailey Williams,9,2,4,0,1,25,1
2024,4,2024-03-31,Docklands,Western Bulldogs,West Coast,West Coast,Jack Williams,1,1,2,1,0,4,2
2024,4,2024-03-31,Docklands,Western Bulldogs,West Coast,West Coast,Elliot Yeo,17,4,12,0,2,0,5
2024,4,2024-03-31,M.C.G.,Richmond,Sydney,Richmond,Liam Baker,17,7,4,2,1,0,6
2024,4,2024-03-31,M.C.G.,Richmond,Sydney,Richmond,Noah Balta,5,3,1,0,0,3,4
2024,4,2024-03-31,M.C.G.,Richmond,Sydney,Richmond,Sam Banks,3,1,2,0,0,0,1
2024,4,2024-03-31,M.C.G.,Richmond,Sydney,Richmond,Shai Bolton,16,5,9,2,1,0,3
2024,4,2024-03-31,M.C.G.,Richmond,Sydney,Richmond,Nathan Broad,7,3,3,0,0,0,1
2024,4,2024-03-31,M.C.G.,Richmond,Sydney,Richmond,Tom Brown,7,5,3,0,0,0,1
2024,4,2024-03-31,M.C.G.,Richmond,Sydney,Richmond,Seth Campbell,11,3,3,0,1,0,1
2024,4,2024-03-31,M.C.G.,Richmond,Sydney,Richmond,Thomson Dow,7,3,11,0,0,0,2
2024,4,2024-03-31,M.C.G.,Richmond,Sydney,Richmond,Mykelti Lefau,3,2,0,2,0,0,1
2024,4,2024-03-31,M.C.G.,Richmond,Sydney,Richmond,Tom Lynch,9,6,2,3,2,1,0
2024,4,2024-03-31,M.C.G.,Richmond,Sydney,Richmond,Rhyan Mansell,14,5,3,1,1,0,6
2024,4,2024-03-31,M.C.G.,Richmond,Sydney,Richmond,Kamdyn McIntosh,9,6,5,0,1,0,1
2024,4,2024-03-31,M.C.G.,Richmond,Sydney,Richmond,Ben Miller,9,8,8,0,0,0,4
2024,4,2024-03-31,M.C.G.,Richmond,Sydney,Richmond,Toby Nankervis,7,2,6,0,0,21,5
2024,4,2024-03-31,M.C.G.,Richmond,Sydney,Richmond,Marlion Pickett,14,8,8,0,0,0,2
2024,4,2024-03-31,M.C.G.,Richmond,Sydney,Richmond,Daniel Rioli,18,4,9,0,0,0,4
2024,4,2024-03-31,M.C.G.,Richmond,Sydney,Richmond,Maurice Rioli,9,2,8,0,1,0,6
2024,4,2024-03-31,M.C.G.,Richmond,Sydney,Richmond,Jack Ross,6,2,11,0,0,0,3
2024,4,2024-03-31,M.C.G.,Richmond,Sydney,Richmond,Jayden Short,17,8,2,0,0,0,0
2024,4,2024-03-31,M.C.G.,Richmond,Sydney,Richmond,Tyler Sonsie,5,3,4,0,1,0,1
2024,4,2024-03-31,M.C.G.,Richmond,Sydney,Richmond,Tim Taranto,18,6,17,1,1,0,6
2024,4,2024-03-31,M.C.G.,Richmond,Sydney,Richmond,Nick Vlastuin,23,13,6,0,0,0,1
2024,4,2024-03-31,M.C.G.,Richmond,Sydney,Richmond,Tylar Young,8,5,1,0,0,0,0
2024,4,2024-03-31,M.C.G.,Richmond,Sydney,Sydney,Joel Amartey,4,2,3,2,0,0,0
2024,4,2024-03-31,M.C.G.,Richmond,Sydney,Sydney,Nick Blakey,20,7,4,1,0,0,2
2024,4,2024-03-31,M.C.G.,Richmond,Sydney,Sydney,Braeden Campbell,8,4,9,0,0,0,1
2024,4,2024-03-31,M.C.G.,Richmond,Sydney,Sydney,Oliver Florent,11,6,8,0,0,0,1
2024,4,2024-03-31,M.C.G.,Richmond,Sydney,Sydney,Robbie Fox,10,6,6,1,1,0,1
2024,4,2024-03-31,M.C.G.,Richmond,Sydney,Sydney,Brodie Grundy,6,4,17,0,0,21,4
2024,4,2024-03-31,M.C.G.,Richmond,Sydney,Sydney,Errol Gulden,18,1,7,1,1,0,2
2024,4,2024-03-31,M.C.G.,Richmond,Sydney,Sydney,Will Hayward,8,5,3,0,1,0,2
2024,4,2024-03-31,M.C.G.,Richmond,Sydney,Sydney,Isaac Heeney,19,8,8,2,0,0,4
2024,4,2024-03-31,M.C.G.,Richmond,Sydney,Sydney,James Jordon,8,6,10,0,0,0,1
2024,4,2024-03-31,M.C.G.,Richmond,Sydney,Sydney,Jake Lloyd,19,9,13,0,0,0,0
2024,4,2024-03-31,M.C.G.,Richmond,Sydney,Sydney,Tom McCartin,6,1,8,0,0,0,0
2024,4,2024-03-31,M.C.G.,Richmond,Sydney,Sydney,Logan McDonald,7,3,2,3,0,0,1
2024,4,2024-03-31,M.C.G.,Richmond,Sydney,Sydney,Justin McInerney,10,8,11,0,0,0,1
2024,4,2024-03-31,M.C.G.,Richmond,Sydney,Sydney,Hayden McLean,6,4,2,0,0,3,1
2024,4,2024-03-31,M.C.G.,Richmond,Sydney,Sydney,Lewis Melican,6,2,3,0,0,0,2
2024,4,2024-03-31,M.C.G.,Richmond,Sydney,Sydney,Caleb Mitchell,7,3,3,0,0,0,0
2024,4,2024-03-31,M.C.G.,Richmond,Sydney,Sydney,Tom Papley,13,2,5,1,3,0,1
2024,4,2024-03-31,M.C.G.,Richmond,Sydney,Sydney,Dane Rampe,3,2,0,0,0,0,0
2024,4,2024-03-31,M.C.G.,Richmond,Sydney,Sydney,Matt Roberts,17,8,10,0,1,0,0
2024,4,2024-03-31,M.C.G.,Richmond,Sydney,Sydney,James Rowbottom,9,4,10,0,0,0,13
2024,4,2024-03-31,M.C.G.,Richmond,Sydney,Sydney,Chad Warner,13,3,9,0,0,0,5
2024,4,2024-03-31,M.C.G.,Richmond,Sydney,Sydney,Corey Warner,3,1,2,0,1,0,2
2024,4,2024-04-01,M.C.G.,Hawthorn,Geelong,Hawthorn,Karl Amon,14,6,5,0,0,0,1
2024,4,2024-04-01,M.C.G.,Hawthorn,Geelong,Hawthorn,Luke Breust,4,0,7,0,1,0,2
2024,4,2024-04-01,M.C.G.,Hawthorn,Geelong,Hawthorn,Mabior Chol,8,3,1,3,1,5,4
2024,4,2024-04-01,M.C.G.,Hawthorn,Geelong,Hawthorn,Massimo DAmbrosio,10,4,6,0,1,0,1
2024,4,2024-04-01,M.C.G.,Hawthorn,Geelong,Hawthorn,Sam Frost,9,7,8,0,0,0,2
2024,4,2024-04-01,M.C.G.,Hawthorn,Geelong,Hawthorn,Jack Ginnivan,9,4,2,1,1,0,6
2024,4,2024-04-01,M.C.G.,Hawthorn,Geelong,Hawthorn,Blake Hardwick,11,4,1,0,0,0,4
2024,4,2024-04-01,M.C.G.,Hawthorn,Geelong,Hawthorn,Henry Hustwaite,1,0,7,0,0,0,6
2024,4,2024-04-01,M.C.G.,Hawthorn,Geelong,Hawthorn,Jarman Impey,13,4,2,0,0,0,3
2024,4,2024-04-01,M.C.G.,Hawthorn,Geelong,Hawthorn,Mitch Lewis,4,2,3,1,0,0,1
2024,4,2024-04-01,M.C.G.,Hawthorn,Geelong,Hawthorn,Connor Macdonald,13,8,3,1,0,0,2
2024,4,2024-04-01,M.C.G.,Hawthorn,Geelong,Hawthorn,Cam Mackenzie,13,4,2,2,0,0,3
2024,4,2024-04-01,M.C.G.,Hawthorn,Geelong,Hawthorn,Lloyd Meek,4,3,12,0,1,42,1
2024,4,2024-04-01,M.C.G.,Hawthorn,Geelong,Hawthorn,Dylan Moore,9,6,9,0,0,0,6
2024,4,2024-04-01,M.C.G.,Hawthorn,Geelong,Hawthorn,Harry Morrison,7,2,0,0,0,0,0
2024,4,2024-04-01,M.C.G.,Hawthorn,Geelong,Hawthorn,Conor Nash,11,3,13,0,0,0,9
2024,4,2024-04-01,M.C.G.,Hawthorn,Geelong,Hawthorn,Jai Newcombe,12,1,11,0,0,0,6
2024,4,2024-04-01,M.C.G.,Hawthorn,Geelong,Hawthorn,Jack Scrimshaw,12,5,8,0,0,0,0
2024,4,2024-04-01,M.C.G.,Hawthorn,Geelong,Hawthorn,James Sicily,14,8,2,0,0,0,2
2024,4,2024-04-01,M.C.G.,Hawthorn,Geelong,Hawthorn,Josh Ward,9,7,10,0,1,0,4
2024,4,2024-04-01,M.C.G.,Hawthorn,Geelong,Hawthorn,Nick Watson,10,6,6,1,1,0,1
2024,4,2024-04-01,M.C.G.,Hawthorn,Geelong,Hawthorn,Josh Weddle,5,4,11,0,0,1,3
2024,4,2024-04-01,M.C.G.,Hawthorn,Geelong,Hawthorn,James Worpel,23,5,13,1,1,0,8
2024,4,2024-04-01,M.C.G.,Hawthorn,Geelong,Geelong,Tom Atkins,1,0,10,0,0,0,8
2024,4,2024-04-01,M.C.G.,Hawthorn,Geelong,Geelong,Mark Blicavs,8,4,6,0,0,10,3
2024,4,2024-04-01,M.C.G.,Hawthorn,Geelong,Geelong,Jack Bowes,7,2,1,0,0,0,5
2024,4,2024-04-01,M.C.G.,Hawthorn,Geelong,Geelong,Tanner Bruhn,11,0,16,0,0,0,5
2024,4,2024-04-01,M.C.G.,Hawthorn,Geelong,Geelong,Jeremy Cameron,8,8,7,2,0,0,1
2024,4,2024-04-01,M.C.G.,Hawthorn,Geelong,Geelong,Jhye Clark,10,2,5,0,0,0,7
2024,4,2024-04-01,M.C.G.,Hawthorn,Geelong,Geelong,Brad Close,10,5,7,1,1,0,0
2024,4,2024-04-01,M.C.G.,Hawthorn,Geelong,Geelong,Toby Conway,7,5,4,1,0,18,3
2024,4,2024-04-01,M.C.G.,Hawthorn,Geelong,Geelong,Sam De Koning,8,3,3,0,0,4,2
2024,4,2024-04-01,M.C.G.,Hawthorn,Geelong,Geelong,Oliver Dempsey,12,6,10,0,0,0,7
2024,4,2024-04-01,M.C.G.,Hawthorn,Geelong,Geelong,Mitch Duncan,20,9,6,1,0,0,1
2024,4,2024-04-01,M.C.G.,Hawthorn,Geelong,Geelong,Zach Guthrie,14,8,4,0,1,0,3
2024,4,2024-04-01,M.C.G.,Hawthorn,Geelong,Geelong,Tom Hawkins,7,4,5,4,1,4,0
2024,4,2024-04-01,M.C.G.,Hawthorn,Geelong,Geelong,Jack Henry,11,6,4,0,0,0,2
2024,4,2024-04-01,M.C.G.,Hawthorn,Geelong,Geelong,Oliver Henry,8,3,2,4,1,0,2
2024,4,2024-04-01,M.C.G.,Hawthorn,Geelong,Geelong,Max Holmes,12,3,11,1,0,0,6
2024,4,2024-04-01,M.C.G.,Hawthorn,Geelong,Geelong,Jake Kolodjashnij,7,1,3,0,0,0,4
2024,4,2024-04-01,M.C.G.,Hawthorn,Geelong,Geelong,Gryan Miers,11,3,10,1,0,0,4
2024,4,2024-04-01,M.C.G.,Hawthorn,Geelong,Geelong,Oisin Mullin,11,1,4,0,0,0,2
2024,4,2024-04-01,M.C.G.,Hawthorn,Geelong,Geelong,Mark OConnor,3,0,6,0,0,0,6
2024,4,2024-04-01,M.C.G.,Hawthorn,Geelong,Geelong,Brandan Parfitt,9,4,12,0,0,0,10
2024,4,2024-04-01,M.C.G.,Hawthorn,Geelong,Geelong,Tyson Stengle,12,3,6,2,0,0,5
2024,4,2024-04-01,M.C.G.,Hawthorn,Geelong,Geelong,Tom Stewart,21,8,3,0,0,0,4
2024,5,2024-04-04,Adelaide Oval,Adelaide,Melbourne,Adelaide,Sam Berry,3,0,4,0,0,0,4
2024,5,2024-04-04,Adelaide Oval,Adelaide,Melbourne,Adelaide,Chris Burgess,1,0,3,0,1,4,1
2024,5,2024-04-04,Adelaide Oval,Adelaide,Melbourne,Adelaide,Jordon Butts,2,2,4,0,0,0,1
2024,5,2024-04-04,Adelaide Oval,Adelaide,Melbourne,Adelaide,Brayden Cook,6,4,2,0,1,0,2
2024,5,2024-04-04,Adelaide Oval,Adelaide,Melbourne,Adelaide,Matt Crouch,10,4,20,0,1,0,5
2024,5,2024-04-04,Adelaide Oval,Adelaide,Melbourne,Adelaide,Jordan Dawson,15,8,8,1,1,0,5
2024,5,2024-04-04,Adelaide Oval,Adelaide,Melbourne,Adelaide,Darcy Fogarty,8,3,2,2,0,0,0
2024,5,2024-04-04,Adelaide Oval,Adelaide,Melbourne,Adelaide,Mitch Hinge,16,5,8,0,0,0,5
2024,5,2024-04-04,Adelaide Oval,Adelaide,Melbourne,Adelaide,Chayce Jones,7,1,8,0,0,0,5
2024,5,2024-04-04,Adelaide Oval,Adelaide,Melbourne,Adelaide,Mark Keane,18,10,5,0,0,0,2
2024,5,2024-04-04,Adelaide Oval,Adelaide,Melbourne,Adelaide,Ben Keays,8,3,5,1,0,0,1
2024,5,2024-04-04,Adelaide Oval,Adelaide,Melbourne,Adelaide,Rory Laird,11,4,13,1,0,0,6
2024,5,2024-04-04,Adelaide Oval,Adelaide,Melbourne,Adelaide,Ned McHenry,7,7,3,0,0,0,2
2024,5,2024-04-04,Adelaide Oval,Adelaide,Melbourne,Adelaide,Max Michalanney,11,8,4,0,0,0,0
2024,5,2024-04-04,Adelaide Oval,Adelaide,Melbourne,Adelaide,Luke Nankervis,9,4,8,0,0,0,1
2024,5,2024-04-04,Adelaide Oval,Adelaide,Melbourne,Adelaide,Reilly OBrien,6,0,4,0,0,39,3
2024,5,2024-04-04,Adelaide Oval,Adelaide,Melbourne,Adelaide,Patrick Parnell,8,2,2,0,0,0,0
2024,5,2024-04-04,Adelaide Oval,Adelaide,Melbourne,Adelaide,Josh Rachele,7,3,7,1,2,0,2
2024,5,2024-04-04,Adelaide Oval,Adelaide,Melbourne,Adelaide,Izak Rankine,12,4,6,1,3,0,2
2024,5,2024-04-04,Adelaide Oval,Adelaide,Melbourne,Adelaide,Brodie Smith,18,8,9,0,0,0,2
2024,5,2024-04-04,Adelaide Oval,Adelaide,Melbourne,Adelaide,Jake Soligo,10,2,17,0,0,0,8
2024,5,2024-04-04,Adelaide Oval,Adelaide,Melbourne,Adelaide,Taylor Walker,11,10,4,1,2,1,0
2024,5,2024-04-04,Adelaide Oval,Adelaide,Melbourne,Adelaide,Josh Worrell,14,5,5,0,0,0,1
2024,5,2024-04-04,Adelaide Oval,Adelaide,Melbourne,Melbourne,Jack Billings,7,3,7,0,3,0,1
2024,5,2024-04-04,Adelaide Oval,Adelaide,Melbourne,Melbourne,Ben Brown,3,1,2,0,0,0,1
2024,5,2024-04-04,Adelaide Oval,Adelaide,Melbourne,Melbourne,Kade Chandler,6,3,4,1,1,0,7
2024,5,2024-04-04,Adelaide Oval,Adelaide,Melbourne,Melbourne,Bayley Fritsch,5,5,3,3,0,0,2
2024,5,2024-04-04,Adelaide Oval,Adelaide,Melbourne,Melbourne,Max Gawn,9,6,6,0,1,39,3
2024,5,2024-04-04,Adelaide Oval,Adelaide,Melbourne,Melbourne,Blake Howes,6,1,3,0,0,0,1
2024,5,2024-04-04,Adelaide Oval,Adelaide,Melbourne,Melbourne,Ed Langdon,7,6,7,0,0,0,1
2024,5,2024-04-04,Adelaide Oval,Adelaide,Melbourne,Melbourne,Jake Lever,5,5,5,0,0,0,2
2024,5,2024-04-04,Adelaide Oval,Adelaide,Melbourne,Melbourne,Steven May,16,9,3,0,0,0,0
2024,5,2024-04-04,Adelaide Oval,Adelaide,Melbourne,Melbourne,Tom McDonald,9,7,0,0,0,0,2
2024,5,2024-04-04,Adelaide Oval,Adelaide,Melbourne,Melbourne,Judd McVee,15,4,5,0,0,0,0
2024,5,2024-04-04,Adelaide Oval,Adelaide,Melbourne,Melbourne,Alex Neal-Bullen,8,0,10,0,2,0,3
2024,5,2024-04-04,Adelaide Oval,Adelaide,Melbourne,Melbourne,Clayton Oliver,12,2,4,0,1,0,2
2024,5,2024-04-04,Adelaide Oval,Adelaide,Melbourne,Melbourne,Christian Petracca,15,4,14,1,1,0,5
2024,5,2024-04-04,Adelaide Oval,Adelaide,Melbourne,Melbourne,Harry Petty,8,5,2,1,3,0,3
2024,5,2024-04-04,Adelaide Oval,Adelaide,Melbourne,Melbourne,Kysaiah Pickett,6,1,5,2,1,0,7
2024,5,2024-04-04,Adelaide Oval,Adelaide,Melbourne,Melbourne,Trent Rivers,11,4,3,0,0,0,2
2024,5,2024-04-04,Adelaide Oval,Adelaide,Melbourne,Melbourne,Christian Salem,11,7,5,0,0,0,3
2024,5,2024-04-04,Adelaide Oval,Adelaide,Melbourne,Melbourne,Tom Sparrow,14,3,6,0,1,0,3
2024,5,2024-04-04,Adelaide Oval,Adelaide,Melbourne,Melbourne,Jacob van Rooyen,7,4,3,2,0,4,5
2024,5,2024-04-04,Adelaide Oval,Adelaide,Melbourne,Melbourne,Jack Viney,10,3,9,0,1,0,8
2024,5,2024-04-04,Adelaide Oval,Adelaide,Melbourne,Melbourne,Caleb Windsor,11,2,5,0,0,0,3
2024,5,2024-04-04,Adelaide Oval,Adelaide,Melbourne,Melbourne,Taj Woewodin,1,0,0,0,0,0,1
2024,5,2024-04-05,Norwood Oval,Brisbane Lions,North Melbourne,Brisbane Lions,Callum Ah Chee,9,3,6,0,0,0,2
2024,5,2024-04-05,Norwood Oval,Brisbane Lions,North Melbourne,Brisbane Lions,Harris Andrews,7,4,1,0,0,0,3
2024,5,2024-04-05,Norwood Oval,Brisbane Lions,North Melbourne,Brisbane Lions,Noah Answerth,12,2,3,0,0,0,2
2024,5,2024-04-05,Norwood Oval,Brisbane Lions,North Melbourne,Brisbane Lions,Zac Bailey,10,5,10,0,1,0,3
2024,5,2024-04-05,Norwood Oval,Brisbane Lions,North Melbourne,Brisbane Lions,Jarrod Berry,7,2,17,0,1,0,4
2024,5,2024-04-05,Norwood Oval,Brisbane Lions,North Melbourne,Brisbane Lions,Charlie Cameron,6,2,0,2,1,0,4
2024,5,2024-04-05,Norwood Oval,Brisbane Lions,North Melbourne,Brisbane Lions,Joe Daniher,17,12,3,5,4,2,2
2024,5,2024-04-05,Norwood Oval,Brisbane Lions,North Melbourne,Brisbane Lions,Josh Dunkley,10,3,21,0,0,0,8
2024,5,2024-04-05,Norwood Oval,Brisbane Lions,North Melbourne,Brisbane Lions,Jaspa Fletcher,7,4,9,0,1,0,1
2024,5,2024-04-05,Norwood Oval,Brisbane Lions,North Melbourne,Brisbane Lions,Darcy Gardiner,6,5,5,1,1,0,1
2024,5,2024-04-05,Norwood Oval,Brisbane Lions,North Melbourne,Brisbane Lions,Eric Hipwood,9,4,5,3,2,0,3
2024,5,2024-04-05,Norwood Oval,Brisbane Lions,North Melbourne,Brisbane Lions,Ryan Lester,10,3,6,0,0,0,0
2024,5,2024-04-05,Norwood Oval,Brisbane Lions,North Melbourne,Brisbane Lions,Kai Lohmann,14,4,4,2,1,0,2
2024,5,2024-04-05,Norwood Oval,Brisbane Lions,North Melbourne,Brisbane Lions,Lincoln McCarthy,12,8,2,2,0,0,3
2024,5,2024-04-05,Norwood Oval,Brisbane Lions,North Melbourne,Brisbane Lions,Hugh McCluggage,23,4,13,0,1,0,4
2024,5,2024-04-05,Norwood Oval,Brisbane Lions,North Melbourne,Brisbane Lions,Oscar McInerney,3,2,9,0,0,34,5
2024,5,2024-04-05,Norwood Oval,Brisbane Lions,North Melbourne,Brisbane Lions,Lachie Neale,12,1,15,0,0,0,3
2024,5,2024-04-05,Norwood Oval,Brisbane Lions,North Melbourne,Brisbane Lions,Jack Payne,4,4,3,0,0,0,0
2024,5,2024-04-05,Norwood Oval,Brisbane Lions,North Melbourne,Brisbane Lions,Cam Rayner,3,6,11,0,0,0,1
2024,5,2024-04-05,Norwood Oval,Brisbane Lions,North Melbourne,Brisbane Lions,Brandon Starcevich,9,4,4,0,0,0,3
2024,5,2024-04-05,Norwood Oval,Brisbane Lions,North Melbourne,Brisbane Lions,James Tunstill,0,0,5,0,0,0,2
2024,5,2024-04-05,Norwood Oval,Brisbane Lions,North Melbourne,Brisbane Lions,Darcy Wilmot,12,4,7,0,0,0,3
2024,5,2024-04-05,Norwood Oval,Brisbane Lions,North Melbourne,Brisbane Lions,Dayne Zorko,19,8,9,1,0,0,3
2024,5,2024-04-05,Norwood Oval,Brisbane Lions,North Melbourne,North Melbourne,Charlie Comben,14,8,11,0,0,0,5
2024,5,2024-04-05,Norwood Oval,Brisbane Lions,North Melbourne,North Melbourne,Aidan Corr,7,6,9,0,0,0,0
2024,5,2024-04-05,Norwood Oval,Brisbane Lions,North Melbourne,North Melbourne,Paul Curtis,2,1,3,1,0,0,0
2024,5,2024-04-05,Norwood Oval,Brisbane Lions,North Melbourne,North Melbourne,Luke Davies-Uniacke,18,3,7,0,0,0,3
2024,5,2024-04-05,Norwood Oval,Brisbane Lions,North Melbourne,North Melbourne,Kallan Dawson,7,4,6,0,0,0,1
2024,5,2024-04-05,Norwood Oval,Brisbane Lions,North Melbourne,North Melbourne,Zane Duursma,7,4,5,1,2,0,2
2024,5,2024-04-05,Norwood Oval,Brisbane Lions,North Melbourne,North Melbourne,Zac Fisher,15,5,7,0,1,0,2
2024,5,2024-04-05,Norwood Oval,Brisbane Lions,North Melbourne,North Melbourne,Eddie Ford,5,3,7,1,0,0,3
2024,5,2024-04-05,Norwood Oval,Brisbane Lions,North Melbourne,North Melbourne,Hugh Greenwood,5,1,7,1,1,4,7
2024,5,2024-04-05,Norwood Oval,Brisbane Lions,North Melbourne,North Melbourne,Nick Larkey,4,3,2,1,1,3,1
2024,5,2024-04-05,Norwood Oval,Brisbane Lions,North Melbourne,North Melbourne,Luke McDonald,9,4,5,0,0,0,3
2024,5,2024-04-05,Norwood Oval,Brisbane Lions,North Melbourne,North Melbourne,Colby McKercher,4,0,9,0,0,0,5
2024,5,2024-04-05,Norwood Oval,Brisbane Lions,North Melbourne,North Melbourne,Tom Powell,3,0,11,0,0,0,15
2024,5,2024-04-05,Norwood Oval,Brisbane Lions,North Melbourne,North Melbourne,Bailey Scott,15,4,6,0,0,0,4
2024,5,2024-04-05,Norwood Oval,Brisbane Lions,North Melbourne,North Melbourne,Harry Sheezel,19,6,16,0,0,0,4
2024,5,2024-04-05,Norwood Oval,Brisbane Lions,North Melbourne,North Melbourne,Liam Shiels,5,2,7,0,0,0,3
2024,5,2024-04-05,Norwood Oval,Brisbane Lions,North Melbourne,North Melbourne,Jy Simpkin,6,1,10,0,0,0,2
2024,5,2024-04-05,Norwood Oval,Brisbane Lions,North Melbourne,North Melbourne,Dylan Stephens,3,1,2,0,0,0,4
2024,5,2024-04-05,Norwood Oval,Brisbane Lions,North Melbourne,North Melbourne,Jaidyn Stephenson,7,3,2,0,0,0,1
2024,5,2024-04-05,Norwood Oval,Brisbane Lions,North Melbourne,North Melbourne,Darcy Tucker,13,6,6,0,0,0,1
2024,5,2024-04-05,Norwood Oval,Brisbane Lions,North Melbourne,North Melbourne,George Wardlaw,5,2,6,0,0,0,4
2024,5,2024-04-05,Norwood Oval,Brisbane Lions,North Melbourne,North Melbourne,Tristan Xerri,2,0,7,1,0,41,9
2024,5,2024-04-05,Norwood Oval,Brisbane Lions,North Melbourne,North Melbourne,Cameron Zurhaar,6,2,7,0,0,0,2
2024,5,2024-04-05,Adelaide Oval,Port Adelaide,Essendon,Port Adelaide,Aliir Aliir,13,7,0,0,0,0,2
2024,5,2024-04-05,Adelaide Oval,Port Adelaide,Essendon,Port Adelaide,Miles Bergman,12,5,4,0,0,0,3
2024,5,2024-04-05,Adelaide Oval,Port Adelaide,Essendon,Port Adelaide,Travis Boak,2,1,5,0,0,0,1
2024,5,2024-04-05,Adelaide Oval,Port Adelaide,Essendon,Port Adelaide,Jase Burgoyne,9,6,1,0,1,0,1
2024,5,2024-04-05,Adelaide Oval,Port Adelaide,Essendon,Port Adelaide,Ryan Burton,16,6,3,0,0,0,0
2024,5,2024-04-05,Adelaide Oval,Port Adelaide,Essendon,Port Adelaide,Zak Butters,13,6,13,0,1,0,7
2024,5,2024-04-05,Adelaide Oval,Port Adelaide,Essendon,Port Adelaide,Darcy Byrne-Jones,10,6,4,3,0,0,0
2024,5,2024-04-05,Adelaide Oval,Port Adelaide,Essendon,Port Adelaide,Charlie Dixon,8,7,2,0,1,0,0
2024,5,2024-04-05,Adelaide Oval,Port Adelaide,Essendon,Port Adelaide,Willem Drew,7,2,11,0,0,0,6
2024,5,2024-04-05,Adelaide Oval,Port Adelaide,Essendon,Port Adelaide,Kane Farrell,9,7,7,0,0,0,4
2024,5,2024-04-05,Adelaide Oval,Port Adelaide,Essendon,Port Adelaide,Jeremy Finlayson,18,8,1,3,1,0,1
2024,5,2024-04-05,Adelaide Oval,Port Adelaide,Essendon,Port Adelaide,Mitch Georgiades,9,8,6,2,2,0,3
2024,5,2024-04-05,Adelaide Oval,Port Adelaide,Essendon,Port Adelaide,Jason Horne-Francis,21,5,10,0,0,0,3
2024,5,2024-04-05,Adelaide Oval,Port Adelaide,Essendon,Port Adelaide,Dan Houston,16,4,6,0,0,0,1
2024,5,2024-04-05,Adelaide Oval,Port Adelaide,Essendon,Port Adelaide,Lachie Jones,5,3,4,0,0,0,1
2024,5,2024-04-05,Adelaide Oval,Port Adelaide,Essendon,Port Adelaide,Todd Marshall,6,4,3,1,0,0,1
2024,5,2024-04-05,Adelaide Oval,Port Adelaide,Essendon,Port Adelaide,Jed McEntee,2,1,6,1,0,0,5
2024,5,2024-04-05,Adelaide Oval,Port Adelaide,Essendon,Port Adelaide,Jackson Mead,9,6,8,0,0,0,2
2024,5,2024-04-05,Adelaide Oval,Port Adelaide,Essendon,Port Adelaide,Esava Ratugolea,10,6,0,0,0,0,2
2024,5,2024-04-05,Adelaide Oval,Port Adelaide,Essendon,Port Adelaide,Willie Rioli,8,0,3,3,0,0,1
2024,5,2024-04-05,Adelaide Oval,Port Adelaide,Essendon,Port Adelaide,Connor Rozee,20,5,16,3,2,0,2
2024,5,2024-04-05,Adelaide Oval,Port Adelaide,Essendon,Port Adelaide,Ivan Soldo,5,1,5,1,0,23,1
2024,5,2024-04-05,Adelaide Oval,Port Adelaide,Essendon,Port Adelaide,Brandon Zerk-Thatcher,9,6,1,0,0,0,1
2024,5,2024-04-05,Adelaide Oval,Port Adelaide,Essendon,Essendon,Jye Caldwell,11,5,13,0,0,0,8
2024,5,2024-04-05,Adelaide Oval,Port Adelaide,Essendon,Essendon,Nik Cox,14,5,2,0,0,0,1
2024,5,2024-04-05,Adelaide Oval,Port Adelaide,Essendon,Essendon,Sam Draper,7,1,1,0,1,14,2
2024,5,2024-04-05,Adelaide Oval,Port Adelaide,Essendon,Essendon,Xavier Duursma,12,5,14,0,0,0,4
2024,5,2024-04-05,Adelaide Oval,Port Adelaide,Essendon,Essendon,Todd Goldstein,3,1,5,0,0,20,1
2024,5,2024-04-05,Adelaide Oval,Port Adelaide,Essendon,Essendon,Jade Gresham,6,1,6,3,0,0,1
2024,5,2024-04-05,Adelaide Oval,Port Adelaide,Essendon,Essendon,Dyson Heppell,13,7,12,0,0,0,2
2024,5,2024-04-05,Adelaide Oval,Port Adelaide,Essendon,Essendon,Nick Hind,5,2,0,0,1,0,1
2024,5,2024-04-05,Adelaide Oval,Port Adelaide,Essendon,Essendon,Ben Hobbs,9,3,4,0,0,0,7
2024,5,2024-04-05,Adelaide Oval,Port Adelaide,Essendon,Essendon,Harry Jones,8,9,3,1,0,0,1
2024,5,2024-04-05,Adelaide Oval,Port Adelaide,Essendon,Essendon,Jake Kelly,9,5,11,0,0,0,4
2024,5,2024-04-05,Adelaide Oval,Port Adelaide,Essendon,Essendon,Kyle Langford,4,2,5,0,0,0,4
2024,5,2024-04-05,Adelaide Oval,Port Adelaide,Essendon,Essendon,Jayden Laverde,5,5,5,0,0,0,2
2024,5,2024-04-05,Adelaide Oval,Port Adelaide,Essendon,Essendon,Nic Martin,18,7,17,0,0,0,2
2024,5,2024-04-05,Adelaide Oval,Port Adelaide,Essendon,Essendon,Andrew McGrath,11,1,5,0,0,0,4
2024,5,2024-04-05,Adelaide Oval,Port Adelaide,Essendon,Essendon,Ben McKay,9,6,9,0,0,0,1
2024,5,2024-04-05,Adelaide Oval,Port Adelaide,Essendon,Essendon,Jye Menzie,2,2,2,0,1,0,0
2024,5,2024-04-05,Adelaide Oval,Port Adelaide,Essendon,Essendon,Zach Merrett,22,6,14,0,1,0,5
2024,5,2024-04-05,Adelaide Oval,Port Adelaide,Essendon,Essendon,Darcy Parish,6,2,15,0,0,0,3
2024,5,2024-04-05,Adelaide Oval,Port Adelaide,Essendon,Essendon,Archie Perkins,10,1,6,1,1,0,2
2024,5,2024-04-05,Adelaide Oval,Port Adelaide,Essendon,Essendon,Mason Redman,9,3,6,0,0,0,2
2024,5,2024-04-05,Adelaide Oval,Port Adelaide,Essendon,Essendon,Will Setterfield,8,2,11,0,0,0,7
2024,5,2024-04-05,Adelaide Oval,Port Adelaide,Essendon,Essendon,Jake Stringer,5,3,4,1,0,0,1
2024,5,2024-04-06,Summit Sports Park,West Coast,Sydney,West Coast,Tom Barrass,8,5,5,0,0,0,0
2024,5,2024-04-06,Summit Sports Park,West Coast,Sydney,West Coast,Campbell Chesser,7,4,3,0,0,0,1
2024,5,2024-04-06,Summit Sports Park,West Coast,Sydney,West Coast,Tom Cole,10,7,10,0,1,0,3
2024,5,2024-04-06,Summit Sports Park,West Coast,Sydney,West Coast,Jamie Cripps,6,5,7,2,1,0,3
2024,5,2024-04-06,Summit Sports Park,West Coast,Sydney,West Coast,Jack Darling,4,2,4,0,0,2,4
2024,5,2024-04-06,Summit Sports Park,West Coast,Sydney,West Coast,Liam Duggan,24,12,6,0,0,0,2
2024,5,2024-04-06,Summit Sports Park,West Coast,Sydney,West Coast,Luke Edwards,5,2,2,0,0,0,2
2024,5,2024-04-06,Summit Sports Park,West Coast,Sydney,West Coast,Reuben Ginbey,7,4,9,0,0,0,6
2024,5,2024-04-06,Summit Sports Park,West Coast,Sydney,West Coast,Brady Hough,10,6,2,0,0,0,2
2024,5,2024-04-06,Summit Sports Park,West Coast,Sydney,West Coast,Jayden Hunt,14,5,7,1,1,0,1
2024,5,2024-04-06,Summit Sports Park,West Coast,Sydney,West Coast,Callum Jamieson,7,4,5,0,0,0,2
2024,5,2024-04-06,Summit Sports Park,West Coast,Sydney,West Coast,Tim Kelly,5,2,13,1,0,0,9
2024,5,2024-04-06,Summit Sports Park,West Coast,Sydney,West Coast,Noah Long,8,4,3,1,3,0,3
2024,5,2024-04-06,Summit Sports Park,West Coast,Sydney,West Coast,Ryan Maric,4,2,2,1,0,0,0
2024,5,2024-04-06,Summit Sports Park,West Coast,Sydney,West Coast,Jeremy McGovern,20,6,6,0,0,0,2
2024,5,2024-04-06,Summit Sports Park,West Coast,Sydney,West Coast,Jack Petruccelle,7,6,6,1,1,0,1
2024,5,2024-04-06,Summit Sports Park,West Coast,Sydney,West Coast,Loch Rawlinson,3,2,1,0,1,0,1
2024,5,2024-04-06,Summit Sports Park,West Coast,Sydney,West Coast,Harley Reid,8,3,10,1,0,0,7
2024,5,2024-04-06,Summit Sports Park,West Coast,Sydney,West Coast,Josh Rotham,8,5,1,0,0,0,2
2024,5,2024-04-06,Summit Sports Park,West Coast,Sydney,West Coast,Jake Waterman,12,8,6,2,1,0,0
2024,5,2024-04-06,Summit Sports Park,West Coast,Sydney,West Coast,Bailey Williams,8,2,9,0,0,24,4
2024,5,2024-04-06,Summit Sports Park,West Coast,Sydney,West Coast,Jack Williams,2,2,4,1,0,4,0
2024,5,2024-04-06,Summit Sports Park,West Coast,Sydney,West Coast,Elliot Yeo,14,1,14,0,1,0,8
2024,5,2024-04-06,Summit Sports Park,West Coast,Sydney,Sydney,Taylor Adams,12,4,5,1,1,0,4
2024,5,2024-04-06,Summit Sports Park,West Coast,Sydney,Sydney,Joel Amartey,7,4,3,2,2,0,2
2024,5,2024-04-06,Summit Sports Park,West Coast,Sydney,Sydney,Nick Blakey,17,6,8,0,0,0,1
2024,5,2024-04-06,Summit Sports Park,West Coast,Sydney,Sydney,Braeden Campbell,11,2,4,0,0,0,2
2024,5,2024-04-06,Summit Sports Park,West Coast,Sydney,Sydney,Harry Cunningham,2,1,3,0,0,0,2
2024,5,2024-04-06,Summit Sports Park,West Coast,Sydney,Sydney,Oliver Florent,12,5,7,0,0,0,4
2024,5,2024-04-06,Summit Sports Park,West Coast,Sydney,Sydney,Robbie Fox,6,1,5,1,0,0,5
2024,5,2024-04-06,Summit Sports Park,West Coast,Sydney,Sydney,Brodie Grundy,10,0,10,0,0,31,4
2024,5,2024-04-06,Summit Sports Park,West Coast,Sydney,Sydney,Errol Gulden,21,5,4,2,2,0,6
2024,5,2024-04-06,Summit Sports Park,West Coast,Sydney,Sydney,Will Hayward,11,9,7,2,1,0,1
2024,5,2024-04-06,Summit Sports Park,West Coast,Sydney,Sydney,Isaac Heeney,10,3,16,2,0,0,6
2024,5,2024-04-06,Summit Sports Park,West Coast,Sydney,Sydney,James Jordon,7,3,5,0,0,0,5
2024,5,2024-04-06,Summit Sports Park,West Coast,Sydney,Sydney,Jake Lloyd,7,4,6,0,0,0,1
2024,5,2024-04-06,Summit Sports Park,West Coast,Sydney,Sydney,Tom McCartin,11,5,2,0,0,0,0
2024,5,2024-04-06,Summit Sports Park,West Coast,Sydney,Sydney,Logan McDonald,10,7,4,2,2,0,2
2024,5,2024-04-06,Summit Sports Park,West Coast,Sydney,Sydney,Justin McInerney,14,6,7,0,1,0,2
2024,5,2024-04-06,Summit Sports Park,West Coast,Sydney,Sydney,Hayden McLean,8,5,6,1,1,8,1
2024,5,2024-04-06,Summit Sports Park,West Coast,Sydney,Sydney,Lewis Melican,2,2,4,0,0,0,0
2024,5,2024-04-06,Summit Sports Park,West Coast,Sydney,Sydney,Caleb Mitchell,0,0,0,0,0,0,0
2024,5,2024-04-06,Summit Sports Park,West Coast,Sydney,Sydney,Tom Papley,5,1,5,0,1,0,1
2024,5,2024-04-06,Summit Sports Park,West Coast,Sydney,Sydney,Matt Roberts,9,5,8,1,0,0,2
2024,5,2024-04-06,Summit Sports Park,West Coast,Sydney,Sydney,James Rowbottom,8,1,11,0,0,0,5
2024,5,2024-04-06,Summit Sports Park,West Coast,Sydney,Sydney,Chad Warner,16,8,3,1,1,0,6
2024,5,2024-04-06,Adelaide Oval,Fremantle,Carlton,Fremantle,James Aish,19,7,8,0,1,0,3
2024,5,2024-04-06,Adelaide Oval,Fremantle,Carlton,Fremantle,Jye Amiss,4,3,0,1,1,0,5
2024,5,2024-04-06,Adelaide Oval,Fremantle,Carlton,Fremantle,Bailey Banfield,8,4,9,1,0,0,4
2024,5,2024-04-06,Adelaide Oval,Fremantle,Carlton,Fremantle,Andrew Brayshaw,21,7,17,0,0,0,7
2024,5,2024-04-06,Adelaide Oval,Fremantle,Carlton,Fremantle,Jordan Clark,18,7,12,0,0,0,0
2024,5,2024-04-06,Adelaide Oval,Fremantle,Carlton,Fremantle,Josh Draper,2,2,2,0,0,0,0
2024,5,2024-04-06,Adelaide Oval,Fremantle,Carlton,Fremantle,Tom Emmett,6,2,3,2,1,0,3
2024,5,2024-04-06,Adelaide Oval,Fremantle,Carlton,Fremantle,Michael Frederick,6,4,4,0,1,0,1
2024,5,2024-04-06,Adelaide Oval,Fremantle,Carlton,Fremantle,Nat Fyfe,10,7,16,0,1,0,0
2024,5,2024-04-06,Adelaide Oval,Fremantle,Carlton,Fremantle,Ethan Hughes,7,3,7,0,0,0,0
2024,5,2024-04-06,Adelaide Oval,Fremantle,Carlton,Fremantle,Luke Jackson,7,4,14,0,0,29,1
2024,5,2024-04-06,Adelaide Oval,Fremantle,Carlton,Fremantle,Matthew Johnson,8,4,5,0,1,0,3
2024,5,2024-04-06,Adelaide Oval,Fremantle,Carlton,Fremantle,Jaeger OMeara,6,4,0,0,0,0,3
2024,5,2024-04-06,Adelaide Oval,Fremantle,Carlton,Fremantle,Alex Pearce,4,2,3,0,0,0,1
2024,5,2024-04-06,Adelaide Oval,Fremantle,Carlton,Fremantle,Luke Ryan,18,6,4,0,0,0,2
2024,5,2024-04-06,Adelaide Oval,Fremantle,Carlton,Fremantle,Caleb Serong,12,3,14,0,0,0,3
2024,5,2024-04-06,Adelaide Oval,Fremantle,Carlton,Fremantle,Jeremy Sharp,17,7,12,1,0,0,1
2024,5,2024-04-06,Adelaide Oval,Fremantle,Carlton,Fremantle,Sam Switkowski,5,3,8,1,0,0,7
2024,5,2024-04-06,Adelaide Oval,Fremantle,Carlton,Fremantle,Matthew Taberner,3,2,1,1,0,0,4
2024,5,2024-04-06,Adelaide Oval,Fremantle,Carlton,Fremantle,Josh Treacy,7,4,3,1,2,7,3
2024,5,2024-04-06,Adelaide Oval,Fremantle,Carlton,Fremantle,Brandon Walker,2,1,7,0,0,0,4
2024,5,2024-04-06,Adelaide Oval,Fremantle,Carlton,Fremantle,Michael Walters,3,1,4,1,0,0,2
2024,5,2024-04-06,Adelaide Oval,Fremantle,Carlton,Fremantle,Hayden Young,14,3,11,0,0,0,9
2024,5,2024-04-06,Adelaide Oval,Fremantle,Carlton,Carlton,Blake Acres,14,6,6,0,1,0,5
2024,5,2024-04-06,Adelaide Oval,Fremantle,Carlton,Carlton,Jordan Boyd,11,5,5,0,0,0,4
2024,5,2024-04-06,Adelaide Oval,Fremantle,Carlton,Carlton,Jack Carroll,10,3,10,0,1,0,2
2024,5,2024-04-06,Adelaide Oval,Fremantle,Carlton,Carlton,Adam Cerra,11,3,13,1,2,0,3
2024,5,2024-04-06,Adelaide Oval,Fremantle,Carlton,Carlton,Matthew Cottrell,10,5,3,2,2,0,4
2024,5,2024-04-06,Adelaide Oval,Fremantle,Carlton,Carlton,Patrick Cripps,7,4,13,1,1,2,6
2024,5,2024-04-06,Adelaide Oval,Fremantle,Carlton,Carlton,Charlie Curnow,10,12,2,3,2,0,1
2024,5,2024-04-06,Adelaide Oval,Fremantle,Carlton,Carlton,Tom De Koning,11,2,5,0,1,32,5
2024,5,2024-04-06,Adelaide Oval,Fremantle,Carlton,Carlton,Corey Durdin,4,0,4,0,0,0,8
2024,5,2024-04-06,Adelaide Oval,Fremantle,Carlton,Carlton,Orazio Fantasia,4,1,4,0,0,0,4
2024,5,2024-04-06,Adelaide Oval,Fremantle,Carlton,Carlton,Lachie Fogarty,5,2,7,0,0,0,3
2024,5,2024-04-06,Adelaide Oval,Fremantle,Carlton,Carlton,George Hewett,8,1,11,0,0,0,6
2024,5,2024-04-06,Adelaide Oval,Fremantle,Carlton,Carlton,Elijah Hollands,7,1,1,0,0,0,0
2024,5,2024-04-06,Adelaide Oval,Fremantle,Carlton,Carlton,Oliver Hollands,5,3,9,0,0,0,2
2024,5,2024-04-06,Adelaide Oval,Fremantle,Carlton,Carlton,Brodie Kemp,15,14,6,0,0,0,4
2024,5,2024-04-06,Adelaide Oval,Fremantle,Carlton,Carlton,Matthew Kennedy,7,2,6,2,0,1,3
2024,5,2024-04-06,Adelaide Oval,Fremantle,Carlton,Carlton,Mitch McGovern,14,3,2,0,0,0,0
2024,5,2024-04-06,Adelaide Oval,Fremantle,Carlton,Carlton,Harry McKay,7,6,5,0,2,4,5
2024,5,2024-04-06,Adelaide Oval,Fremantle,Carlton,Carlton,Nic Newman,15,7,2,0,0,0,1
2024,5,2024-04-06,Adelaide Oval,Fremantle,Carlton,Carlton,Matthew Owies,2,1,1,1,0,0,3
2024,5,2024-04-06,Adelaide Oval,Fremantle,Carlton,Carlton,Adam Saad,15,7,10,0,0,0,2
2024,5,2024-04-06,Adelaide Oval,Fremantle,Carlton,Carlton,Jacob Weitering,19,12,2,0,0,0,5
2024,5,2024-04-06,Adelaide Oval,Fremantle,Carlton,Carlton,Zac Williams,8,5,7,0,0,0,4
2024,5,2024-04-06,Adelaide Oval,Western Bulldogs,Geelong,Western Bulldogs,Oskar Baker,8,7,8,0,0,0,0
2024,5,2024-04-06,Adelaide Oval,Western Bulldogs,Geelong,Western Bulldogs,Marcus Bontempelli,21,3,14,1,1,0,10
2024,5,2024-04-06,Adelaide Oval,Western Bulldogs,Geelong,Western Bulldogs,Lachlan Bramble,6,3,6,0,0,0,2
2024,5,2024-04-06,Adelaide Oval,Western Bulldogs,Geelong,Western Bulldogs,Bailey Dale,9,3,7,0,0,0,0
2024,5,2024-04-06,Adelaide Oval,Western Bulldogs,Geelong,Western Bulldogs,Caleb Daniel,5,1,6,0,0,0,4
2024,5,2024-04-06,Adelaide Oval,Western Bulldogs,Geelong,Western Bulldogs,Sam Darcy,10,3,2,3,0,8,4
2024,5,2024-04-06,Adelaide Oval,Western Bulldogs,Geelong,Western Bulldogs,Taylor Duryea,9,6,5,0,0,0,1
2024,5,2024-04-06,Adelaide Oval,Western Bulldogs,Geelong,Western Bulldogs,Tim English,8,4,9,0,0,38,1
2024,5,2024-04-06,Adelaide Oval,Western Bulldogs,Geelong,Western Bulldogs,Harvey Gallagher,6,2,9,1,1,0,1
2024,5,2024-04-06,Adelaide Oval,Western Bulldogs,Geelong,Western Bulldogs,Jason Johannisen,12,1,3,0,0,0,0
2024,5,2024-04-06,Adelaide Oval,Western Bulldogs,Geelong,Western Bulldogs,Liam Jones,7,8,2,0,0,0,0
2024,5,2024-04-06,Adelaide Oval,Western Bulldogs,Geelong,Western Bulldogs,Buku Khamis,8,6,2,0,0,0,0
2024,5,2024-04-06,Adelaide Oval,Western Bulldogs,Geelong,Western Bulldogs,Tom Liberatore,16,1,19,1,0,0,9
2024,5,2024-04-06,Adelaide Oval,Western Bulldogs,Geelong,Western Bulldogs,Jack Macrae,1,1,5,0,0,0,3
2024,5,2024-04-06,Adelaide Oval,Western Bulldogs,Geelong,Western Bulldogs,Aaron Naughton,8,6,7,0,0,0,4
2024,5,2024-04-06,Adelaide Oval,Western Bulldogs,Geelong,Western Bulldogs,Ed Richards,15,5,6,0,0,0,0
2024,5,2024-04-06,Adelaide Oval,Western Bulldogs,Geelong,Western Bulldogs,Ryley Sanders,8,2,15,0,0,0,6
2024,5,2024-04-06,Adelaide Oval,Western Bulldogs,Geelong,Western Bulldogs,Adam Treloar,19,2,18,1,1,0,5
2024,5,2024-04-06,Adelaide Oval,Western Bulldogs,Geelong,Western Bulldogs,Jamarra Ugle-Hagan,9,5,4,2,1,0,0
2024,5,2024-04-06,Adelaide Oval,Western Bulldogs,Geelong,Western Bulldogs,Laitham Vandermeer,8,5,6,0,1,0,4
2024,5,2024-04-06,Adelaide Oval,Western Bulldogs,Geelong,Western Bulldogs,Cody Weightman,8,5,1,2,0,0,8
2024,5,2024-04-06,Adelaide Oval,Western Bulldogs,Geelong,Western Bulldogs,Rhylee West,9,4,3,2,2,0,3
2024,5,2024-04-06,Adelaide Oval,Western Bulldogs,Geelong,Western Bulldogs,Bailey Williams,6,3,12,1,0,0,1
2024,5,2024-04-06,Adelaide Oval,Western Bulldogs,Geelong,Geelong,Tom Atkins,6,3,6,0,0,0,9
2024,5,2024-04-06,Adelaide Oval,Western Bulldogs,Geelong,Geelong,Mark Blicavs,5,2,10,0,0,6,6
2024,5,2024-04-06,Adelaide Oval,Western Bulldogs,Geelong,Geelong,Jack Bowes,12,5,11,2,0,0,3
2024,5,2024-04-06,Adelaide Oval,Western Bulldogs,Geelong,Geelong,Tanner Bruhn,12,3,6,0,0,0,3
2024,5,2024-04-06,Adelaide Oval,Western Bulldogs,Geelong,Geelong,Jeremy Cameron,21,8,6,2,4,0,0
2024,5,2024-04-06,Adelaide Oval,Western Bulldogs,Geelong,Geelong,Jhye Clark,4,1,9,0,0,0,2
2024,5,2024-04-06,Adelaide Oval,Western Bulldogs,Geelong,Geelong,Brad Close,5,1,2,1,0,0,5
2024,5,2024-04-06,Adelaide Oval,Western Bulldogs,Geelong,Geelong,Sam De Koning,7,3,11,0,0,0,0
2024,5,2024-04-06,Adelaide Oval,Western Bulldogs,Geelong,Geelong,Oliver Dempsey,10,2,9,1,1,0,3
2024,5,2024-04-06,Adelaide Oval,Western Bulldogs,Geelong,Geelong,Mitch Duncan,9,2,5,0,0,0,1
2024,5,2024-04-06,Adelaide Oval,Western Bulldogs,Geelong,Geelong,Zach Guthrie,14,4,7,1,0,0,2
2024,5,2024-04-06,Adelaide Oval,Western Bulldogs,Geelong,Geelong,Tom Hawkins,3,1,3,0,1,5,1
2024,5,2024-04-06,Adelaide Oval,Western Bulldogs,Geelong,Geelong,Jack Henry,8,5,1,0,0,0,1
2024,5,2024-04-06,Adelaide Oval,Western Bulldogs,Geelong,Geelong,Oliver Henry,6,4,5,2,1,0,0
2024,5,2024-04-06,Adelaide Oval,Western Bulldogs,Geelong,Geelong,Max Holmes,10,7,10,1,0,0,3
2024,5,2024-04-06,Adelaide Oval,Western Bulldogs,Geelong,Geelong,Jake Kolodjashnij,7,3,10,0,0,0,0
2024,5,2024-04-06,Adelaide Oval,Western Bulldogs,Geelong,Geelong,Gryan Miers,18,7,4,0,0,0,3
2024,5,2024-04-06,Adelaide Oval,Western Bulldogs,Geelong,Geelong,Mark OConnor,2,1,3,0,0,0,0
2024,5,2024-04-06,Adelaide Oval,Western Bulldogs,Geelong,Geelong,Brandan Parfitt,9,1,10,0,0,0,8
2024,5,2024-04-06,Adelaide Oval,Western Bulldogs,Geelong,Geelong,Rhys Stanley,5,4,8,0,1,44,2
2024,5,2024-04-06,Adelaide Oval,Western Bulldogs,Geelong,Geelong,Tyson Stengle,8,3,5,4,0,0,2
2024,5,2024-04-06,Adelaide Oval,Western Bulldogs,Geelong,Geelong,Tom Stewart,14,5,6,0,0,0,4
2024,5,2024-04-06,Adelaide Oval,Western Bulldogs,Geelong,Geelong,Zach Tuohy,13,7,3,0,0,0,2
2024,5,2024-04-07,Summit Sports Park,Gold Coast,Greater Western Sydney,Gold Coast,Ben Ainsworth,10,3,6,1,0,0,3
2024,5,2024-04-07,Summit Sports Park,Gold Coast,Greater Western Sydney,Gold Coast,Noah Anderson,16,7,17,1,2,0,1
2024,5,2024-04-07,Summit Sports Park,Gold Coast,Greater Western Sydney,Gold Coast,Mac Andrew,17,10,7,0,0,0,1
2024,5,2024-04-07,Summit Sports Park,Gold Coast,Greater Western Sydney,Gold Coast,Charlie Ballard,10,8,2,0,0,0,1
2024,5,2024-04-07,Summit Sports Park,Gold Coast,Greater Western Sydney,Gold Coast,Tom Berry,8,6,4,0,1,0,3
2024,5,2024-04-07,Summit Sports Park,Gold Coast,Greater Western Sydney,Gold Coast,Sam Clohesy,13,8,9,1,0,0,2
2024,5,2024-04-07,Summit Sports Park,Gold Coast,Greater Western Sydney,Gold Coast,Sam Collins,5,6,7,0,0,0,0
2024,5,2024-04-07,Summit Sports Park,Gold Coast,Greater Western Sydney,Gold Coast,Brayden Fiorini,11,3,4,1,1,0,2
2024,5,2024-04-07,Summit Sports Park,Gold Coast,Greater Western Sydney,Gold Coast,Sam Flanders,19,7,10,0,0,0,1
2024,5,2024-04-07,Summit Sports Park,Gold Coast,Greater Western Sydney,Gold Coast,Will Graham,8,2,9,0,0,0,3
2024,5,2024-04-07,Summit Sports Park,Gold Coast,Greater Western Sydney,Gold Coast,Nick Holman,5,2,1,1,1,0,1
2024,5,2024-04-07,Summit Sports Park,Gold Coast,Greater Western Sydney,Gold Coast,Bailey Humphrey,7,1,8,0,0,0,2
2024,5,2024-04-07,Summit Sports Park,Gold Coast,Greater Western Sydney,Gold Coast,Ben King,3,2,0,3,0,0,0
2024,5,2024-04-07,Summit Sports Park,Gold Coast,Greater Western Sydney,Gold Coast,Jack Lukosius,19,8,3,0,1,0,0
2024,5,2024-04-07,Summit Sports Park,Gold Coast,Greater Western Sydney,Gold Coast,Touk Miller,14,4,9,0,0,0,2
2024,5,2024-04-07,Summit Sports Park,Gold Coast,Greater Western Sydney,Gold Coast,Wil Powell,7,1,6,0,0,0,1
2024,5,2024-04-07,Summit Sports Park,Gold Coast,Greater Western Sydney,Gold Coast,Ethan Read,4,1,1,1,1,4,0
2024,5,2024-04-07,Summit Sports Park,Gold Coast,Greater Western Sydney,Gold Coast,Malcolm Rosas,7,4,4,2,0,0,5
2024,5,2024-04-07,Summit Sports Park,Gold Coast,Greater Western Sydney,Gold Coast,Matt Rowell,8,1,18,1,0,0,3
2024,5,2024-04-07,Summit Sports Park,Gold Coast,Greater Western Sydney,Gold Coast,David Swallow,1,1,3,0,0,0,0
2024,5,2024-04-07,Summit Sports Park,Gold Coast,Greater Western Sydney,Gold Coast,Bodhi Uwland,10,5,1,0,0,0,1
2024,5,2024-04-07,Summit Sports Park,Gold Coast,Greater Western Sydney,Gold Coast,Jed Walter,6,1,1,1,2,0,2
2024,5,2024-04-07,Summit Sports Park,Gold Coast,Greater Western Sydney,Gold Coast,Jarrod Witts,10,1,4,0,1,38,3
2024,5,2024-04-07,Summit Sports Park,Gold Coast,Greater Western Sydney,Greater Western Sydney,Lachie Ash,10,5,10,0,0,0,1
2024,5,2024-04-07,Summit Sports Park,Gold Coast,Greater Western Sydney,Greater Western Sydney,Toby Bedford,1,1,6,0,0,0,4
2024,5,2024-04-07,Summit Sports Park,Gold Coast,Greater Western Sydney,Greater Western Sydney,Kieren Briggs,12,1,6,0,1,13,4
2024,5,2024-04-07,Summit Sports Park,Gold Coast,Greater Western Sydney,Greater Western Sydney,Callum Brown,7,4,2,3,1,0,1
2024,5,2024-04-07,Summit Sports Park,Gold Coast,Greater Western Sydney,Greater Western Sydney,Jack Buckley,9,7,7,0,0,0,0
2024,5,2024-04-07,Summit Sports Park,Gold Coast,Greater Western Sydney,Greater Western Sydney,Aaron Cadman,5,4,1,1,1,1,2
2024,5,2024-04-07,Summit Sports Park,Gold Coast,Greater Western Sydney,Greater Western Sydney,Finn Callaghan,7,1,14,0,0,0,2
2024,5,2024-04-07,Summit Sports Park,Gold Coast,Greater Western Sydney,Greater Western Sydney,Stephen Coniglio,21,3,6,2,0,0,6
2024,5,2024-04-07,Summit Sports Park,Gold Coast,Greater Western Sydney,Greater Western Sydney,Brent Daniels,10,3,3,0,1,0,3
2024,5,2024-04-07,Summit Sports Park,Gold Coast,Greater Western Sydney,Greater Western Sydney,Toby Greene,14,4,3,5,1,0,1
2024,5,2024-04-07,Summit Sports Park,Gold Coast,Greater Western Sydney,Greater Western Sydney,Tom Green,10,3,13,0,0,0,8
2024,5,2024-04-07,Summit Sports Park,Gold Coast,Greater Western Sydney,Greater Western Sydney,Harry Himmelberg,12,5,14,0,0,0,0
2024,5,2024-04-07,Summit Sports Park,Gold Coast,Greater Western Sydney,Greater Western Sydney,Jesse Hogan,11,7,4,4,1,0,0
2024,5,2024-04-07,Summit Sports Park,Gold Coast,Greater Western Sydney,Greater Western Sydney,Connor Idun,8,6,5,0,0,0,1
2024,5,2024-04-07,Summit Sports Park,Gold Coast,Greater Western Sydney,Greater Western Sydney,Josh Kelly,10,5,17,0,1,0,2
2024,5,2024-04-07,Summit Sports Park,Gold Coast,Greater Western Sydney,Greater Western Sydney,Xavier OHalloran,8,1,5,1,0,0,3
2024,5,2024-04-07,Summit Sports Park,Gold Coast,Greater Western Sydney,Greater Western Sydney,James Peatling,2,0,1,0,0,0,0
2024,5,2024-04-07,Summit Sports Park,Gold Coast,Greater Western Sydney,Greater Western Sydney,Harry Perryman,11,4,6,0,0,0,0
2024,5,2024-04-07,Summit Sports Park,Gold Coast,Greater Western Sydney,Greater Western Sydney,Jake Riccardi,4,2,2,2,0,1,2
2024,5,2024-04-07,Summit Sports Park,Gold Coast,Greater Western Sydney,Greater Western Sydney,Sam Taylor,4,5,6,0,0,0,2
2024,5,2024-04-07,Summit Sports Park,Gold Coast,Greater Western Sydney,Greater Western Sydney,Harvey Thomas,3,0,3,0,0,0,0
2024,5,2024-04-07,Summit Sports Park,Gold Coast,Greater Western Sydney,Greater Western Sydney,Jacob Wehr,9,5,6,0,0,0,3
2024,5,2024-04-07,Summit Sports Park,Gold Coast,Greater Western Sydney,Greater Western Sydney,Lachie Whitfield,18,7,11,0,0,0,2
2024,5,2024-04-07,Norwood Oval,Richmond,St Kilda,Richmond,Shai Bolton,13,9,6,4,1,0,4
2024,5,2024-04-07,Norwood Oval,Richmond,St Kilda,Richmond,Nathan Broad,8,5,3,0,0,0,4
2024,5,2024-04-07,Norwood Oval,Richmond,St Kilda,Richmond,Tom Brown,11,4,7,0,1,0,5
2024,5,2024-04-07,Norwood Oval,Richmond,St Kilda,Richmond,Seth Campbell,10,3,8,0,0,0,3
2024,5,2024-04-07,Norwood Oval,Richmond,St Kilda,Richmond,Thomson Dow,2,1,9,0,0,0,4
2024,5,2024-04-07,Norwood Oval,Richmond,St Kilda,Richmond,Jack Graham,8,3,10,0,0,0,7
2024,5,2024-04-07,Norwood Oval,Richmond,St Kilda,Richmond,Jacob Koschitzke,4,2,5,1,0,10,0
2024,5,2024-04-07,Norwood Oval,Richmond,St Kilda,Richmond,Mykelti Lefau,2,2,5,1,1,0,2
2024,5,2024-04-07,Norwood Oval,Richmond,St Kilda,Richmond,Rhyan Mansell,7,2,4,0,0,0,2
2024,5,2024-04-07,Norwood Oval,Richmond,St Kilda,Richmond,Dustin Martin,21,8,9,0,0,1,3
2024,5,2024-04-07,Norwood Oval,Richmond,St Kilda,Richmond,Kane McAuliffe,2,0,2,0,0,0,3
2024,5,2024-04-07,Norwood Oval,Richmond,St Kilda,Richmond,Kamdyn McIntosh,9,2,4,0,0,0,2
2024,5,2024-04-07,Norwood Oval,Richmond,St Kilda,Richmond,Ben Miller,7,3,3,0,0,0,1
2024,5,2024-04-07,Norwood Oval,Richmond,St Kilda,Richmond,Toby Nankervis,14,5,7,0,0,35,7
2024,5,2024-04-07,Norwood Oval,Richmond,St Kilda,Richmond,Marlion Pickett,5,3,8,0,0,0,2
2024,5,2024-04-07,Norwood Oval,Richmond,St Kilda,Richmond,Daniel Rioli,15,5,6,0,0,0,4
2024,5,2024-04-07,Norwood Oval,Richmond,St Kilda,Richmond,Maurice Rioli,6,1,2,2,0,0,4
2024,5,2024-04-07,Norwood Oval,Richmond,St Kilda,Richmond,Jack Ross,9,4,15,0,0,0,1
2024,5,2024-04-07,Norwood Oval,Richmond,St Kilda,Richmond,Jayden Short,20,4,4,0,0,0,4
2024,5,2024-04-07,Norwood Oval,Richmond,St Kilda,Richmond,Tyler Sonsie,9,2,4,1,1,0,1
2024,5,2024-04-07,Norwood Oval,Richmond,St Kilda,Richmond,Tim Taranto,14,1,14,0,1,0,7
2024,5,2024-04-07,Norwood Oval,Richmond,St Kilda,Richmond,Nick Vlastuin,11,5,5,0,0,0,4
2024,5,2024-04-07,Norwood Oval,Richmond,St Kilda,Richmond,Tylar Young,9,6,2,0,0,0,1
2024,5,2024-04-07,Norwood Oval,Richmond,St Kilda,St Kilda,Josh Battle,17,13,8,0,0,0,0
2024,5,2024-04-07,Norwood Oval,Richmond,St Kilda,St Kilda,Riley Bonner,18,7,6,1,0,0,1
2024,5,2024-04-07,Norwood Oval,Richmond,St Kilda,St Kilda,Dan Butler,5,0,2,0,0,0,4
2024,5,2024-04-07,Norwood Oval,Richmond,St Kilda,St Kilda,Ryan Byrnes,7,4,7,0,0,0,2
2024,5,2024-04-07,Norwood Oval,Richmond,St Kilda,St Kilda,Anthony Caminiti,4,2,2,1,0,2,3
2024,5,2024-04-07,Norwood Oval,Richmond,St Kilda,St Kilda,Zaine Cordy,8,7,7,0,0,0,3
2024,5,2024-04-07,Norwood Oval,Richmond,St Kilda,St Kilda,Angus Hastie,0,0,0,0,0,0,0
2024,5,2024-04-07,Norwood Oval,Richmond,St Kilda,St Kilda,Jack Higgins,4,2,9,2,2,0,2
2024,5,2024-04-07,Norwood Oval,Richmond,St Kilda,St Kilda,Bradley Hill,18,10,9,0,2,0,1
2024,5,2024-04-07,Norwood Oval,Richmond,St Kilda,St Kilda,Zak Jones,7,3,4,0,0,0,4
2024,5,2024-04-07,Norwood Oval,Richmond,St Kilda,St Kilda,Max King,11,6,3,1,1,0,0
2024,5,2024-04-07,Norwood Oval,Richmond,St Kilda,St Kilda,Rowan Marshall,13,7,10,1,0,24,7
2024,5,2024-04-07,Norwood Oval,Richmond,St Kilda,St Kilda,Tim Membrey,10,5,2,1,0,2,1
2024,5,2024-04-07,Norwood Oval,Richmond,St Kilda,St Kilda,Mitch Owens,7,3,8,1,1,1,2
2024,5,2024-04-07,Norwood Oval,Richmond,St Kilda,St Kilda,Mattaes Phillipou,9,2,7,0,0,0,6
2024,5,2024-04-07,Norwood Oval,Richmond,St Kilda,St Kilda,Sebastian Ross,15,4,10,0,0,0,7
2024,5,2024-04-07,Norwood Oval,Richmond,St Kilda,St Kilda,Cooper Sharman,12,3,5,0,1,0,2
2024,5,2024-04-07,Norwood Oval,Richmond,St Kilda,St Kilda,Jack Sinclair,19,5,10,0,0,0,3
2024,5,2024-04-07,Norwood Oval,Richmond,St Kilda,St Kilda,Jack Steele,12,5,21,0,1,0,10
2024,5,2024-04-07,Norwood Oval,Richmond,St Kilda,St Kilda,Liam Stocker,8,7,7,0,0,0,2
2024,5,2024-04-07,Norwood Oval,Richmond,St Kilda,St Kilda,Nasiah Wanganeen-Milera,22,11,5,0,0,0,4
2024,5,2024-04-07,Norwood Oval,Richmond,St Kilda,St Kilda,Callum Wilkie,11,5,6,0,0,0,3
2024,5,2024-04-07,Norwood Oval,Richmond,St Kilda,St Kilda,Darcy Wilson,13,8,4,1,0,0,1
2024,5,2024-04-07,Adelaide Oval,Collingwood,Hawthorn,Collingwood,Darcy Cameron,8,5,11,0,0,32,4
2024,5,2024-04-07,Adelaide Oval,Collingwood,Hawthorn,Collingwood,Mason Cox,2,2,7,0,0,19,5
2024,5,2024-04-07,Adelaide Oval,Collingwood,Hawthorn,Collingwood,Jack Crisp,8,3,9,1,0,0,5
2024,5,2024-04-07,Adelaide Oval,Collingwood,Hawthorn,Collingwood,Josh Daicos,15,6,15,0,0,0,4
2024,5,2024-04-07,Adelaide Oval,Collingwood,Hawthorn,Collingwood,Nick Daicos,12,2,14,1,0,0,5
2024,5,2024-04-07,Adelaide Oval,Collingwood,Hawthorn,Collingwood,Jordan de Goey,20,6,11,1,1,0,7
2024,5,2024-04-07,Adelaide Oval,Collingwood,Hawthorn,Collingwood,Jamie Elliott,6,4,7,1,0,0,1
2024,5,2024-04-07,Adelaide Oval,Collingwood,Hawthorn,Collingwood,Billy Frampton,9,5,3,0,0,0,1
2024,5,2024-04-07,Adelaide Oval,Collingwood,Hawthorn,Collingwood,Bobby Hill,4,0,4,0,3,0,0
2024,5,2024-04-07,Adelaide Oval,Collingwood,Hawthorn,Collingwood,Will Hoskin-Elliott,11,5,3,1,1,0,2
2024,5,2024-04-07,Adelaide Oval,Collingwood,Hawthorn,Collingwood,Jeremy Howe,13,7,5,0,0,0,2
2024,5,2024-04-07,Adelaide Oval,Collingwood,Hawthorn,Collingwood,Patrick Lipinski,9,3,8,0,0,0,1
2024,5,2024-04-07,Adelaide Oval,Collingwood,Hawthorn,Collingwood,Brayden Maynard,7,2,8,0,0,0,2
2024,5,2024-04-07,Adelaide Oval,Collingwood,Hawthorn,Collingwood,Beau McCreery,3,0,5,0,0,0,5
2024,5,2024-04-07,Adelaide Oval,Collingwood,Hawthorn,Collingwood,Reef McInnes,3,2,6,1,1,0,3
2024,5,2024-04-07,Adelaide Oval,Collingwood,Hawthorn,Collingwood,Brody Mihocek,8,2,0,2,1,0,5
2024,5,2024-04-07,Adelaide Oval,Collingwood,Hawthorn,Collingwood,Tom Mitchell,7,4,23,0,0,0,10
2024,5,2024-04-07,Adelaide Oval,Collingwood,Hawthorn,Collingwood,Darcy Moore,4,2,4,0,0,0,2
2024,5,2024-04-07,Adelaide Oval,Collingwood,Hawthorn,Collingwood,John Noble,13,6,10,0,0,0,3
2024,5,2024-04-07,Adelaide Oval,Collingwood,Hawthorn,Collingwood,Scott Pendlebury,3,0,3,1,0,0,1
2024,5,2024-04-07,Adelaide Oval,Collingwood,Hawthorn,Collingwood,Isaac Quaynor,11,4,7,0,0,0,0
2024,5,2024-04-07,Adelaide Oval,Collingwood,Hawthorn,Collingwood,Lachie Schultz,7,4,6,2,1,0,3
2024,5,2024-04-07,Adelaide Oval,Collingwood,Hawthorn,Collingwood,Steele Sidebottom,9,4,2,0,0,0,3
2024,5,2024-04-07,Adelaide Oval,Collingwood,Hawthorn,Hawthorn,Karl Amon,26,7,2,0,0,0,2
2024,5,2024-04-07,Adelaide Oval,Collingwood,Hawthorn,Hawthorn,Sam Butler,3,2,0,0,0,0,2
2024,5,2024-04-07,Adelaide Oval,Collingwood,Hawthorn,Hawthorn,Mabior Chol,5,3,2,0,1,1,2
2024,5,2024-04-07,Adelaide Oval,Collingwood,Hawthorn,Hawthorn,Massimo DAmbrosio,7,4,9,0,0,0,1
2024,5,2024-04-07,Adelaide Oval,Collingwood,Hawthorn,Hawthorn,Sam Frost,5,5,4,0,0,0,2
2024,5,2024-04-07,Adelaide Oval,Collingwood,Hawthorn,Hawthorn,Jack Ginnivan,8,3,3,2,0,0,3
2024,5,2024-04-07,Adelaide Oval,Collingwood,Hawthorn,Hawthorn,Blake Hardwick,12,7,3,4,1,0,0
2024,5,2024-04-07,Adelaide Oval,Collingwood,Hawthorn,Hawthorn,Henry Hustwaite,1,0,1,0,0,0,1
2024,5,2024-04-07,Adelaide Oval,Collingwood,Hawthorn,Hawthorn,Jarman Impey,12,7,11,0,0,0,1
2024,5,2024-04-07,Adelaide Oval,Collingwood,Hawthorn,Hawthorn,Connor Macdonald,3,2,4,0,1,0,1
2024,5,2024-04-07,Adelaide Oval,Collingwood,Hawthorn,Hawthorn,Cam Mackenzie,10,2,5,0,1,0,3
2024,5,2024-04-07,Adelaide Oval,Collingwood,Hawthorn,Hawthorn,Finn Maginness,6,2,12,0,0,0,4
2024,5,2024-04-07,Adelaide Oval,Collingwood,Hawthorn,Hawthorn,Lloyd Meek,8,2,10,0,0,30,4
2024,5,2024-04-07,Adelaide Oval,Collingwood,Hawthorn,Hawthorn,Seamus Mitchell,6,1,4,0,0,0,0
2024,5,2024-04-07,Adelaide Oval,Collingwood,Hawthorn,Hawthorn,Dylan Moore,6,4,8,3,0,0,2
2024,5,2024-04-07,Adelaide Oval,Collingwood,Hawthorn,Hawthorn,Conor Nash,8,0,10,0,0,0,9
2024,5,2024-04-07,Adelaide Oval,Collingwood,Hawthorn,Hawthorn,Jai Newcombe,11,1,15,1,0,0,7
2024,5,2024-04-07,Adelaide Oval,Collingwood,Hawthorn,Hawthorn,Max Ramsden,4,5,5,1,0,3,3
2024,5,2024-04-07,Adelaide Oval,Collingwood,Hawthorn,Hawthorn,Jack Scrimshaw,13,9,9,0,0,0,1
2024,5,2024-04-07,Adelaide Oval,Collingwood,Hawthorn,Hawthorn,James Sicily,14,7,8,0,0,0,2
2024,5,2024-04-07,Adelaide Oval,Collingwood,Hawthorn,Hawthorn,Josh Ward,11,2,6,0,0,0,2
2024,5,2024-04-07,Adelaide Oval,Collingwood,Hawthorn,Hawthorn,Josh Weddle,6,2,6,0,0,0,1
2024,5,2024-04-07,Adelaide Oval,Collingwood,Hawthorn,Hawthorn,James Worpel,10,3,10,0,0,0,5
2024,6,2024-04-11,M.C.G.,Melbourne,Brisbane Lions,Melbourne,Jack Billings,9,5,8,0,0,0,3
2024,6,2024-04-11,M.C.G.,Melbourne,Brisbane Lions,Melbourne,Ben Brown,3,3,1,1,0,0,0
2024,6,2024-04-11,M.C.G.,Melbourne,Brisbane Lions,Melbourne,Kade Chandler,11,4,7,1,1,0,2
2024,6,2024-04-11,M.C.G.,Melbourne,Brisbane Lions,Melbourne,Bayley Fritsch,5,1,0,2,1,0,0
2024,6,2024-04-11,M.C.G.,Melbourne,Brisbane Lions,Melbourne,Max Gawn,14,5,9,1,0,51,5
2024,6,2024-04-11,M.C.G.,Melbourne,Brisbane Lions,Melbourne,Blake Howes,8,7,7,0,1,0,2
2024,6,2024-04-11,M.C.G.,Melbourne,Brisbane Lions,Melbourne,Ed Langdon,9,7,8,0,0,0,7
2024,6,2024-04-11,M.C.G.,Melbourne,Brisbane Lions,Melbourne,Jake Lever,13,11,6,1,0,0,0
2024,6,2024-04-11,M.C.G.,Melbourne,Brisbane Lions,Melbourne,Steven May,16,7,2,0,0,0,0
2024,6,2024-04-11,M.C.G.,Melbourne,Brisbane Lions,Melbourne,Tom McDonald,9,8,8,0,0,0,3
2024,6,2024-04-11,M.C.G.,Melbourne,Brisbane Lions,Melbourne,Judd McVee,11,3,5,0,0,0,2
2024,6,2024-04-11,M.C.G.,Melbourne,Brisbane Lions,Melbourne,Alex Neal-Bullen,11,1,4,1,0,0,3
2024,6,2024-04-11,M.C.G.,Melbourne,Brisbane Lions,Melbourne,Clayton Oliver,5,3,13,0,0,0,2
2024,6,2024-04-11,M.C.G.,Melbourne,Brisbane Lions,Melbourne,Christian Petracca,9,3,11,0,2,0,1
2024,6,2024-04-11,M.C.G.,Melbourne,Brisbane Lions,Melbourne,Harry Petty,2,2,0,0,1,0,1
2024,6,2024-04-11,M.C.G.,Melbourne,Brisbane Lions,Melbourne,Trent Rivers,11,7,6,0,0,0,4
2024,6,2024-04-11,M.C.G.,Melbourne,Brisbane Lions,Melbourne,Christian Salem,1,0,1,0,0,0,0
2024,6,2024-04-11,M.C.G.,Melbourne,Brisbane Lions,Melbourne,Tom Sparrow,9,3,5,0,0,0,7
2024,6,2024-04-11,M.C.G.,Melbourne,Brisbane Lions,Melbourne,Koltyn Tholstrup,2,1,5,0,1,0,4
2024,6,2024-04-11,M.C.G.,Melbourne,Brisbane Lions,Melbourne,Jacob van Rooyen,3,2,6,1,1,7,0
2024,6,2024-04-11,M.C.G.,Melbourne,Brisbane Lions,Melbourne,Jack Viney,12,1,11,0,0,0,3
2024,6,2024-04-11,M.C.G.,Melbourne,Brisbane Lions,Melbourne,Caleb Windsor,6,1,4,0,1,0,1
2024,6,2024-04-11,M.C.G.,Melbourne,Brisbane Lions,Melbourne,Taj Woewodin,5,3,2,0,1,0,3
2024,6,2024-04-11,M.C.G.,Melbourne,Brisbane Lions,Brisbane Lions,Callum Ah Chee,5,2,2,0,0,0,1
2024,6,2024-04-11,M.C.G.,Melbourne,Brisbane Lions,Brisbane Lions,Harris Andrews,11,11,3,0,0,0,3
2024,6,2024-04-11,M.C.G.,Melbourne,Brisbane Lions,Brisbane Lions,Noah Answerth,10,4,9,0,0,0,7
2024,6,2024-04-11,M.C.G.,Melbourne,Brisbane Lions,Brisbane Lions,Zac Bailey,15,10,8,1,0,0,1
2024,6,2024-04-11,M.C.G.,Melbourne,Brisbane Lions,Brisbane Lions,Jarrod Berry,13,10,10,0,1,0,8
2024,6,2024-04-11,M.C.G.,Melbourne,Brisbane Lions,Brisbane Lions,Charlie Cameron,14,9,3,3,2,0,4
2024,6,2024-04-11,M.C.G.,Melbourne,Brisbane Lions,Brisbane Lions,Joe Daniher,13,7,2,2,3,1,2
2024,6,2024-04-11,M.C.G.,Melbourne,Brisbane Lions,Brisbane Lions,Josh Dunkley,18,9,12,0,0,0,4
2024,6,2024-04-11,M.C.G.,Melbourne,Brisbane Lions,Brisbane Lions,Jaspa Fletcher,8,7,8,1,0,0,3
2024,6,2024-04-11,M.C.G.,Melbourne,Brisbane Lions,Brisbane Lions,Darcy Gardiner,10,6,3,0,0,0,3
2024,6,2024-04-11,M.C.G.,Melbourne,Brisbane Lions,Brisbane Lions,Eric Hipwood,3,3,3,2,0,0,1
2024,6,2024-04-11,M.C.G.,Melbourne,Brisbane Lions,Brisbane Lions,Ryan Lester,15,8,2,0,0,0,4
2024,6,2024-04-11,M.C.G.,Melbourne,Brisbane Lions,Brisbane Lions,Kai Lohmann,6,2,4,1,0,0,6
2024,6,2024-04-11,M.C.G.,Melbourne,Brisbane Lions,Brisbane Lions,Lincoln McCarthy,8,4,5,0,1,0,3
2024,6,2024-04-11,M.C.G.,Melbourne,Brisbane Lions,Brisbane Lions,Hugh McCluggage,15,5,8,2,0,0,3
2024,6,2024-04-11,M.C.G.,Melbourne,Brisbane Lions,Brisbane Lions,Oscar McInerney,2,0,8,0,0,26,7
2024,6,2024-04-11,M.C.G.,Melbourne,Brisbane Lions,Brisbane Lions,Lachie Neale,6,3,18,0,0,0,6
2024,6,2024-04-11,M.C.G.,Melbourne,Brisbane Lions,Brisbane Lions,Jack Payne,10,8,1,0,0,0,3
2024,6,2024-04-11,M.C.G.,Melbourne,Brisbane Lions,Brisbane Lions,Cam Rayner,16,5,9,0,1,0,4
2024,6,2024-04-11,M.C.G.,Melbourne,Brisbane Lions,Brisbane Lions,Brandon Starcevich,12,5,1,0,0,0,2
2024,6,2024-04-11,M.C.G.,Melbourne,Brisbane Lions,Brisbane Lions,James Tunstill,0,0,0,0,0,0,0
2024,6,2024-04-11,M.C.G.,Melbourne,Brisbane Lions,Brisbane Lions,Darcy Wilmot,16,6,2,0,0,0,3
2024,6,2024-04-11,M.C.G.,Melbourne,Brisbane Lions,Brisbane Lions,Dayne Zorko,21,6,8,0,0,0,5
2024,6,2024-04-12,Docklands,Western Bulldogs,Essendon,Western Bulldogs,Oskar Baker,10,3,6,0,1,0,1
2024,6,2024-04-12,Docklands,Western Bulldogs,Essendon,Western Bulldogs,Marcus Bontempelli,9,0,8,0,0,0,3
2024,6,2024-04-12,Docklands,Western Bulldogs,Essendon,Western Bulldogs,Lachlan Bramble,10,6,11,0,0,0,3
2024,6,2024-04-12,Docklands,Western Bulldogs,Essendon,Western Bulldogs,Bailey Dale,1,1,2,0,0,0,1
2024,6,2024-04-12,Docklands,Western Bulldogs,Essendon,Western Bulldogs,Sam Darcy,9,8,4,1,3,7,5
2024,6,2024-04-12,Docklands,Western Bulldogs,Essendon,Western Bulldogs,Taylor Duryea,12,4,13,0,0,0,1
2024,6,2024-04-12,Docklands,Western Bulldogs,Essendon,Western Bulldogs,Tim English,6,7,7,0,0,16,2
2024,6,2024-04-12,Docklands,Western Bulldogs,Essendon,Western Bulldogs,Harvey Gallagher,5,2,5,0,0,0,1
2024,6,2024-04-12,Docklands,Western Bulldogs,Essendon,Western Bulldogs,Jason Johannisen,12,6,10,0,0,0,1
2024,6,2024-04-12,Docklands,Western Bulldogs,Essendon,Western Bulldogs,Liam Jones,9,5,6,0,0,0,0
2024,6,2024-04-12,Docklands,Western Bulldogs,Essendon,Western Bulldogs,Buku Khamis,8,5,5,0,0,0,1
2024,6,2024-04-12,Docklands,Western Bulldogs,Essendon,Western Bulldogs,Tom Liberatore,10,3,15,0,0,0,6
2024,6,2024-04-12,Docklands,Western Bulldogs,Essendon,Western Bulldogs,Jack Macrae,10,3,15,0,0,0,2
2024,6,2024-04-12,Docklands,Western Bulldogs,Essendon,Western Bulldogs,Aaron Naughton,9,7,2,2,2,0,0
2024,6,2024-04-12,Docklands,Western Bulldogs,Essendon,Western Bulldogs,James ODonnell,7,3,3,0,0,0,0
2024,6,2024-04-12,Docklands,Western Bulldogs,Essendon,Western Bulldogs,Ed Richards,16,7,6,0,0,0,1
2024,6,2024-04-12,Docklands,Western Bulldogs,Essendon,Western Bulldogs,Ryley Sanders,3,0,5,0,0,0,5
2024,6,2024-04-12,Docklands,Western Bulldogs,Essendon,Western Bulldogs,Adam Treloar,11,2,17,0,0,0,8
2024,6,2024-04-12,Docklands,Western Bulldogs,Essendon,Western Bulldogs,Jamarra Ugle-Hagan,9,7,3,3,3,0,0
2024,6,2024-04-12,Docklands,Western Bulldogs,Essendon,Western Bulldogs,Laitham Vandermeer,8,3,3,1,0,0,1
2024,6,2024-04-12,Docklands,Western Bulldogs,Essendon,Western Bulldogs,Cody Weightman,6,4,4,0,1,0,2
2024,6,2024-04-12,Docklands,Western Bulldogs,Essendon,Western Bulldogs,Rhylee West,7,2,5,2,1,0,4
2024,6,2024-04-12,Docklands,Western Bulldogs,Essendon,Western Bulldogs,Bailey Williams,12,3,3,0,0,0,2
2024,6,2024-04-12,Docklands,Western Bulldogs,Essendon,Essendon,Jye Caldwell,18,10,5,1,0,0,4
2024,6,2024-04-12,Docklands,Western Bulldogs,Essendon,Essendon,Nik Cox,6,5,7,0,0,0,3
2024,6,2024-04-12,Docklands,Western Bulldogs,Essendon,Essendon,Alwyn Davey,6,2,3,1,0,0,1
2024,6,2024-04-12,Docklands,Western Bulldogs,Essendon,Essendon,Sam Draper,8,2,1,0,1,13,0
2024,6,2024-04-12,Docklands,Western Bulldogs,Essendon,Essendon,Sam Durham,8,4,13,1,0,0,3
2024,6,2024-04-12,Docklands,Western Bulldogs,Essendon,Essendon,Xavier Duursma,16,13,4,2,0,0,4
2024,6,2024-04-12,Docklands,Western Bulldogs,Essendon,Essendon,Todd Goldstein,4,3,8,1,0,22,0
2024,6,2024-04-12,Docklands,Western Bulldogs,Essendon,Essendon,Jade Gresham,5,2,5,1,0,0,2
2024,6,2024-04-12,Docklands,Western Bulldogs,Essendon,Essendon,Dyson Heppell,13,7,5,0,0,0,0
2024,6,2024-04-12,Docklands,Western Bulldogs,Essendon,Essendon,Nick Hind,3,1,2,0,0,0,2
2024,6,2024-04-12,Docklands,Western Bulldogs,Essendon,Essendon,Ben Hobbs,11,2,6,0,0,0,3
2024,6,2024-04-12,Docklands,Western Bulldogs,Essendon,Essendon,Harry Jones,12,6,1,2,1,0,3
2024,6,2024-04-12,Docklands,Western Bulldogs,Essendon,Essendon,Jake Kelly,10,6,2,0,0,0,0
2024,6,2024-04-12,Docklands,Western Bulldogs,Essendon,Essendon,Kyle Langford,11,5,2,3,2,0,2
2024,6,2024-04-12,Docklands,Western Bulldogs,Essendon,Essendon,Jayden Laverde,9,3,3,0,0,0,1
2024,6,2024-04-12,Docklands,Western Bulldogs,Essendon,Essendon,Nic Martin,19,4,6,1,0,0,0
2024,6,2024-04-12,Docklands,Western Bulldogs,Essendon,Essendon,Andrew McGrath,16,6,7,0,0,0,4
2024,6,2024-04-12,Docklands,Western Bulldogs,Essendon,Essendon,Ben McKay,9,8,4,0,0,0,1
2024,6,2024-04-12,Docklands,Western Bulldogs,Essendon,Essendon,Jye Menzie,3,1,1,0,0,0,1
2024,6,2024-04-12,Docklands,Western Bulldogs,Essendon,Essendon,Zach Merrett,16,6,11,0,0,0,4
2024,6,2024-04-12,Docklands,Western Bulldogs,Essendon,Essendon,Darcy Parish,7,1,15,0,0,0,5
2024,6,2024-04-12,Docklands,Western Bulldogs,Essendon,Essendon,Mason Redman,18,6,3,0,0,0,1
2024,6,2024-04-12,Docklands,Western Bulldogs,Essendon,Essendon,Jake Stringer,11,5,1,2,1,0,3
2024,6,2024-04-13,Manuka Oval,Greater Western Sydney,St Kilda,Greater Western Sydney,Lachie Ash,11,9,15,0,1,0,2
2024,6,2024-04-13,Manuka Oval,Greater Western Sydney,St Kilda,Greater Western Sydney,Toby Bedford,6,5,7,0,1,0,4
2024,6,2024-04-13,Manuka Oval,Greater Western Sydney,St Kilda,Greater Western Sydney,Kieren Briggs,4,2,4,0,1,25,3
2024,6,2024-04-13,Manuka Oval,Greater Western Sydney,St Kilda,Greater Western Sydney,Callum Brown,3,2,4,0,0,0,3
2024,6,2024-04-13,Manuka Oval,Greater Western Sydney,St Kilda,Greater Western Sydney,Jack Buckley,14,9,2,0,0,0,0
2024,6,2024-04-13,Manuka Oval,Greater Western Sydney,St Kilda,Greater Western Sydney,Aaron Cadman,7,1,4,1,0,3,7
2024,6,2024-04-13,Manuka Oval,Greater Western Sydney,St Kilda,Greater Western Sydney,Finn Callaghan,7,2,11,0,0,0,6
2024,6,2024-04-13,Manuka Oval,Greater Western Sydney,St Kilda,Greater Western Sydney,Stephen Coniglio,10,1,10,1,0,0,3
2024,6,2024-04-13,Manuka Oval,Greater Western Sydney,St Kilda,Greater Western Sydney,Brent Daniels,12,4,5,1,2,0,3
2024,6,2024-04-13,Manuka Oval,Greater Western Sydney,St Kilda,Greater Western Sydney,Toby Greene,13,7,3,2,1,0,5
2024,6,2024-04-13,Manuka Oval,Greater Western Sydney,St Kilda,Greater Western Sydney,Tom Green,11,2,13,1,0,0,1
2024,6,2024-04-13,Manuka Oval,Greater Western Sydney,St Kilda,Greater Western Sydney,Harry Himmelberg,9,3,11,0,0,0,1
2024,6,2024-04-13,Manuka Oval,Greater Western Sydney,St Kilda,Greater Western Sydney,Jesse Hogan,8,5,2,2,2,0,2
2024,6,2024-04-13,Manuka Oval,Greater Western Sydney,St Kilda,Greater Western Sydney,Connor Idun,13,9,9,0,0,0,0
2024,6,2024-04-13,Manuka Oval,Greater Western Sydney,St Kilda,Greater Western Sydney,Josh Kelly,10,5,11,1,0,0,3
2024,6,2024-04-13,Manuka Oval,Greater Western Sydney,St Kilda,Greater Western Sydney,Xavier OHalloran,4,0,12,0,0,0,2
2024,6,2024-04-13,Manuka Oval,Greater Western Sydney,St Kilda,Greater Western Sydney,James Peatling,8,1,6,0,0,0,3
2024,6,2024-04-13,Manuka Oval,Greater Western Sydney,St Kilda,Greater Western Sydney,Harry Perryman,10,4,10,0,0,0,3
2024,6,2024-04-13,Manuka Oval,Greater Western Sydney,St Kilda,Greater Western Sydney,Jake Riccardi,9,6,2,1,2,5,2
2024,6,2024-04-13,Manuka Oval,Greater Western Sydney,St Kilda,Greater Western Sydney,Sam Taylor,2,1,0,0,0,0,0
2024,6,2024-04-13,Manuka Oval,Greater Western Sydney,St Kilda,Greater Western Sydney,Harvey Thomas,10,5,7,1,0,0,4
2024,6,2024-04-13,Manuka Oval,Greater Western Sydney,St Kilda,Greater Western Sydney,Jacob Wehr,10,3,10,0,0,0,0
2024,6,2024-04-13,Manuka Oval,Greater Western Sydney,St Kilda,Greater Western Sydney,Lachie Whitfield,19,9,15,0,1,0,2
2024,6,2024-04-13,Manuka Oval,Greater Western Sydney,St Kilda,St Kilda,Josh Battle,6,6,10,0,0,1,3
2024,6,2024-04-13,Manuka Oval,Greater Western Sydney,St Kilda,St Kilda,Riley Bonner,18,6,2,0,0,0,1
2024,6,2024-04-13,Manuka Oval,Greater Western Sydney,St Kilda,St Kilda,Dan Butler,1,1,0,0,0,0,2
2024,6,2024-04-13,Manuka Oval,Greater Western Sydney,St Kilda,St Kilda,Ryan Byrnes,10,6,9,0,0,0,5
2024,6,2024-04-13,Manuka Oval,Greater Western Sydney,St Kilda,St Kilda,Anthony Caminiti,4,5,6,2,1,2,2
2024,6,2024-04-13,Manuka Oval,Greater Western Sydney,St Kilda,St Kilda,Zaine Cordy,4,3,4,0,0,0,3
2024,6,2024-04-13,Manuka Oval,Greater Western Sydney,St Kilda,St Kilda,Hugo Garcia,3,1,8,0,0,0,7
2024,6,2024-04-13,Manuka Oval,Greater Western Sydney,St Kilda,St Kilda,Jack Higgins,6,2,8,2,0,0,1
2024,6,2024-04-13,Manuka Oval,Greater Western Sydney,St Kilda,St Kilda,Bradley Hill,24,13,9,1,2,0,3
2024,6,2024-04-13,Manuka Oval,Greater Western Sydney,St Kilda,St Kilda,Max King,3,1,1,0,1,0,0
2024,6,2024-04-13,Manuka Oval,Greater Western Sydney,St Kilda,St Kilda,Rowan Marshall,22,7,6,0,1,25,3
2024,6,2024-04-13,Manuka Oval,Greater Western Sydney,St Kilda,St Kilda,Tim Membrey,9,8,3,2,0,1,0
2024,6,2024-04-13,Manuka Oval,Greater Western Sydney,St Kilda,St Kilda,Mitch Owens,9,6,5,2,0,1,2
2024,6,2024-04-13,Manuka Oval,Greater Western Sydney,St Kilda,St Kilda,Mattaes Phillipou,7,5,3,0,0,0,3
2024,6,2024-04-13,Manuka Oval,Greater Western Sydney,St Kilda,St Kilda,Sebastian Ross,10,5,7,0,0,0,9
2024,6,2024-04-13,Manuka Oval,Greater Western Sydney,St Kilda,St Kilda,Cooper Sharman,2,0,2,0,0,0,3
2024,6,2024-04-13,Manuka Oval,Greater Western Sydney,St Kilda,St Kilda,Jack Sinclair,13,2,9,1,0,0,1
2024,6,2024-04-13,Manuka Oval,Greater Western Sydney,St Kilda,St Kilda,Jack Steele,14,6,15,1,0,0,6
2024,6,2024-04-13,Manuka Oval,Greater Western Sydney,St Kilda,St Kilda,Liam Stocker,8,5,4,0,0,0,2
2024,6,2024-04-13,Manuka Oval,Greater Western Sydney,St Kilda,St Kilda,Nasiah Wanganeen-Milera,15,7,4,0,0,0,4
2024,6,2024-04-13,Manuka Oval,Greater Western Sydney,St Kilda,St Kilda,Callum Wilkie,10,7,3,0,0,0,1
2024,6,2024-04-13,Manuka Oval,Greater Western Sydney,St Kilda,St Kilda,Darcy Wilson,16,2,3,1,0,0,1
2024,6,2024-04-13,Manuka Oval,Greater Western Sydney,St Kilda,St Kilda,Marcus Windhager,12,2,9,0,0,0,5
2024,6,2024-04-13,Docklands,Carlton,Adelaide,Carlton,Blake Acres,16,10,9,1,1,0,3
2024,6,2024-04-13,Docklands,Carlton,Adelaide,Carlton,Jordan Boyd,14,8,3,0,0,0,2
2024,6,2024-04-13,Docklands,Carlton,Adelaide,Carlton,Jack Carroll,2,1,2,0,0,0,0
2024,6,2024-04-13,Docklands,Carlton,Adelaide,Carlton,Matthew Cottrell,7,3,4,1,1,0,3
2024,6,2024-04-13,Docklands,Carlton,Adelaide,Carlton,Patrick Cripps,8,3,14,1,0,0,8
2024,6,2024-04-13,Docklands,Carlton,Adelaide,Carlton,Charlie Curnow,13,5,1,4,3,0,1
2024,6,2024-04-13,Docklands,Carlton,Adelaide,Carlton,Tom De Koning,5,1,7,0,0,20,3
2024,6,2024-04-13,Docklands,Carlton,Adelaide,Carlton,Corey Durdin,3,1,4,1,0,0,3
2024,6,2024-04-13,Docklands,Carlton,Adelaide,Carlton,Orazio Fantasia,3,1,2,1,0,0,1
2024,6,2024-04-13,Docklands,Carlton,Adelaide,Carlton,George Hewett,9,3,13,0,0,0,7
2024,6,2024-04-13,Docklands,Carlton,Adelaide,Carlton,Elijah Hollands,9,4,3,1,0,0,2
2024,6,2024-04-13,Docklands,Carlton,Adelaide,Carlton,Oliver Hollands,8,2,4,0,0,0,1
2024,6,2024-04-13,Docklands,Carlton,Adelaide,Carlton,Brodie Kemp,8,6,3,0,1,0,1
2024,6,2024-04-13,Docklands,Carlton,Adelaide,Carlton,Matthew Kennedy,15,10,6,0,0,0,1
2024,6,2024-04-13,Docklands,Carlton,Adelaide,Carlton,Mitch McGovern,13,6,2,0,0,0,0
2024,6,2024-04-13,Docklands,Carlton,Adelaide,Carlton,Harry McKay,9,10,5,2,1,0,1
2024,6,2024-04-13,Docklands,Carlton,Adelaide,Carlton,Nic Newman,11,5,9,0,0,0,4
2024,6,2024-04-13,Docklands,Carlton,Adelaide,Carlton,Matthew Owies,7,2,2,1,2,0,0
2024,6,2024-04-13,Docklands,Carlton,Adelaide,Carlton,Marc Pittonet,4,0,4,1,0,15,1
2024,6,2024-04-13,Docklands,Carlton,Adelaide,Carlton,Adam Saad,2,0,4,0,0,0,2
2024,6,2024-04-13,Docklands,Carlton,Adelaide,Carlton,Sam Walsh,17,2,17,0,0,0,13
2024,6,2024-04-13,Docklands,Carlton,Adelaide,Carlton,Jacob Weitering,12,7,3,0,0,0,3
2024,6,2024-04-13,Docklands,Carlton,Adelaide,Carlton,Zac Williams,18,6,5,0,0,0,2
2024,6,2024-04-13,Docklands,Carlton,Adelaide,Adelaide,Sam Berry,4,0,5,1,0,0,2
2024,6,2024-04-13,Docklands,Carlton,Adelaide,Adelaide,Jordon Butts,2,3,9,0,0,0,3
2024,6,2024-04-13,Docklands,Carlton,Adelaide,Adelaide,Brayden Cook,5,1,4,1,0,0,0
2024,6,2024-04-13,Docklands,Carlton,Adelaide,Adelaide,Matt Crouch,10,5,17,0,0,0,3
2024,6,2024-04-13,Docklands,Carlton,Adelaide,Adelaide,Jordan Dawson,9,2,3,1,0,0,5
2024,6,2024-04-13,Docklands,Carlton,Adelaide,Adelaide,Darcy Fogarty,2,2,4,0,0,0,2
2024,6,2024-04-13,Docklands,Carlton,Adelaide,Adelaide,Lachlan Gollant,4,0,1,1,0,4,2
2024,6,2024-04-13,Docklands,Carlton,Adelaide,Adelaide,Will Hamill,8,2,2,0,0,0,1
2024,6,2024-04-13,Docklands,Carlton,Adelaide,Adelaide,Mitch Hinge,14,4,12,0,0,0,3
2024,6,2024-04-13,Docklands,Carlton,Adelaide,Adelaide,Chayce Jones,8,2,12,0,0,0,6
2024,6,2024-04-13,Docklands,Carlton,Adelaide,Adelaide,Mark Keane,11,4,3,0,0,0,0
2024,6,2024-04-13,Docklands,Carlton,Adelaide,Adelaide,Ben Keays,13,10,7,3,1,0,1
2024,6,2024-04-13,Docklands,Carlton,Adelaide,Adelaide,Rory Laird,8,2,14,0,0,0,5
2024,6,2024-04-13,Docklands,Carlton,Adelaide,Adelaide,Ned McHenry,7,4,1,0,1,0,4
2024,6,2024-04-13,Docklands,Carlton,Adelaide,Adelaide,Max Michalanney,5,3,4,0,0,0,4
2024,6,2024-04-13,Docklands,Carlton,Adelaide,Adelaide,Luke Nankervis,9,8,9,0,0,0,1
2024,6,2024-04-13,Docklands,Carlton,Adelaide,Adelaide,Reilly OBrien,3,3,8,0,0,38,5
2024,6,2024-04-13,Docklands,Carlton,Adelaide,Adelaide,Josh Rachele,11,4,4,2,0,0,0
2024,6,2024-04-13,Docklands,Carlton,Adelaide,Adelaide,Izak Rankine,17,6,6,3,1,0,2
2024,6,2024-04-13,Docklands,Carlton,Adelaide,Adelaide,Brodie Smith,10,4,9,0,1,0,0
2024,6,2024-04-13,Docklands,Carlton,Adelaide,Adelaide,Jake Soligo,9,1,18,0,0,0,3
2024,6,2024-04-13,Docklands,Carlton,Adelaide,Adelaide,Taylor Walker,12,10,2,4,0,1,1
2024,6,2024-04-13,Docklands,Carlton,Adelaide,Adelaide,Josh Worrell,8,5,4,0,0,0,0
2024,6,2024-04-13,Adelaide Oval,Port Adelaide,Fremantle,Port Adelaide,Aliir Aliir,11,8,4,0,0,0,1
2024,6,2024-04-13,Adelaide Oval,Port Adelaide,Fremantle,Port Adelaide,Miles Bergman,11,8,5,1,2,0,4
2024,6,2024-04-13,Adelaide Oval,Port Adelaide,Fremantle,Port Adelaide,Jase Burgoyne,10,5,11,0,0,0,2
2024,6,2024-04-13,Adelaide Oval,Port Adelaide,Fremantle,Port Adelaide,Ryan Burton,15,6,3,0,1,0,0
2024,6,2024-04-13,Adelaide Oval,Port Adelaide,Fremantle,Port Adelaide,Zak Butters,14,4,10,1,1,0,9
2024,6,2024-04-13,Adelaide Oval,Port Adelaide,Fremantle,Port Adelaide,Darcy Byrne-Jones,5,2,3,0,1,0,3
2024,6,2024-04-13,Adelaide Oval,Port Adelaide,Fremantle,Port Adelaide,Charlie Dixon,3,2,4,2,0,11,1
2024,6,2024-04-13,Adelaide Oval,Port Adelaide,Fremantle,Port Adelaide,Willem Drew,7,3,9,0,0,0,8
2024,6,2024-04-13,Adelaide Oval,Port Adelaide,Fremantle,Port Adelaide,Kane Farrell,19,6,7,0,0,0,2
2024,6,2024-04-13,Adelaide Oval,Port Adelaide,Fremantle,Port Adelaide,Mitch Georgiades,8,6,5,2,1,0,2
2024,6,2024-04-13,Adelaide Oval,Port Adelaide,Fremantle,Port Adelaide,Jason Horne-Francis,12,6,6,1,0,0,1
2024,6,2024-04-13,Adelaide Oval,Port Adelaide,Fremantle,Port Adelaide,Dan Houston,21,6,6,0,0,0,4
2024,6,2024-04-13,Adelaide Oval,Port Adelaide,Fremantle,Port Adelaide,Lachie Jones,8,5,4,0,0,0,2
2024,6,2024-04-13,Adelaide Oval,Port Adelaide,Fremantle,Port Adelaide,Todd Marshall,7,5,1,1,0,0,3
2024,6,2024-04-13,Adelaide Oval,Port Adelaide,Fremantle,Port Adelaide,Jed McEntee,4,1,2,0,1,0,3
2024,6,2024-04-13,Adelaide Oval,Port Adelaide,Fremantle,Port Adelaide,Jackson Mead,3,1,1,0,0,0,0
2024,6,2024-04-13,Adelaide Oval,Port Adelaide,Fremantle,Port Adelaide,Sam Powell-Pepper,4,2,7,0,2,0,4
2024,6,2024-04-13,Adelaide Oval,Port Adelaide,Fremantle,Port Adelaide,Esava Ratugolea,5,7,7,0,0,0,1
2024,6,2024-04-13,Adelaide Oval,Port Adelaide,Fremantle,Port Adelaide,Willie Rioli,9,1,0,1,0,0,4
2024,6,2024-04-13,Adelaide Oval,Port Adelaide,Fremantle,Port Adelaide,Connor Rozee,17,2,9,0,1,0,6
2024,6,2024-04-13,Adelaide Oval,Port Adelaide,Fremantle,Port Adelaide,Ivan Soldo,4,1,4,0,0,54,5
2024,6,2024-04-13,Adelaide Oval,Port Adelaide,Fremantle,Port Adelaide,Ollie Wines,10,2,16,0,1,2,8
2024,6,2024-04-13,Adelaide Oval,Port Adelaide,Fremantle,Port Adelaide,Brandon Zerk-Thatcher,5,4,2,0,0,0,0
2024,6,2024-04-13,Adelaide Oval,Port Adelaide,Fremantle,Fremantle,James Aish,13,4,3,0,0,0,1
2024,6,2024-04-13,Adelaide Oval,Port Adelaide,Fremantle,Fremantle,Jye Amiss,6,3,3,2,0,0,2
2024,6,2024-04-13,Adelaide Oval,Port Adelaide,Fremantle,Fremantle,Bailey Banfield,6,2,8,1,0,0,5
2024,6,2024-04-13,Adelaide Oval,Port Adelaide,Fremantle,Fremantle,Andrew Brayshaw,7,0,11,1,1,0,6
2024,6,2024-04-13,Adelaide Oval,Port Adelaide,Fremantle,Fremantle,Jordan Clark,14,3,7,0,1,0,0
2024,6,2024-04-13,Adelaide Oval,Port Adelaide,Fremantle,Fremantle,Josh Draper,2,2,8,0,0,0,1
2024,6,2024-04-13,Adelaide Oval,Port Adelaide,Fremantle,Fremantle,Tom Emmett,3,1,3,1,0,0,3
2024,6,2024-04-13,Adelaide Oval,Port Adelaide,Fremantle,Fremantle,Neil Erasmus,1,1,1,0,0,0,0
2024,6,2024-04-13,Adelaide Oval,Port Adelaide,Fremantle,Fremantle,Nat Fyfe,6,1,11,0,0,0,6
2024,6,2024-04-13,Adelaide Oval,Port Adelaide,Fremantle,Fremantle,Ethan Hughes,5,4,5,0,0,0,1
2024,6,2024-04-13,Adelaide Oval,Port Adelaide,Fremantle,Fremantle,Luke Jackson,7,1,14,0,0,21,1
2024,6,2024-04-13,Adelaide Oval,Port Adelaide,Fremantle,Fremantle,Matthew Johnson,3,1,8,0,0,0,0
2024,6,2024-04-13,Adelaide Oval,Port Adelaide,Fremantle,Fremantle,Jaeger OMeara,6,2,8,0,1,0,2
2024,6,2024-04-13,Adelaide Oval,Port Adelaide,Fremantle,Fremantle,Alex Pearce,8,4,12,0,0,0,1
2024,6,2024-04-13,Adelaide Oval,Port Adelaide,Fremantle,Fremantle,Luke Ryan,21,11,3,0,0,0,1
2024,6,2024-04-13,Adelaide Oval,Port Adelaide,Fremantle,Fremantle,Caleb Serong,13,2,16,0,1,0,4
2024,6,2024-04-13,Adelaide Oval,Port Adelaide,Fremantle,Fremantle,Jeremy Sharp,10,3,9,0,0,0,2
2024,6,2024-04-13,Adelaide Oval,Port Adelaide,Fremantle,Fremantle,Sam Switkowski,7,3,5,0,1,0,3
2024,6,2024-04-13,Adelaide Oval,Port Adelaide,Fremantle,Fremantle,Matthew Taberner,2,1,1,1,0,0,1
2024,6,2024-04-13,Adelaide Oval,Port Adelaide,Fremantle,Fremantle,Josh Treacy,11,9,5,3,0,4,4
2024,6,2024-04-13,Adelaide Oval,Port Adelaide,Fremantle,Fremantle,Brandon Walker,9,2,3,0,0,0,1
2024,6,2024-04-13,Adelaide Oval,Port Adelaide,Fremantle,Fremantle,Michael Walters,2,1,3,0,0,0,2
2024,6,2024-04-13,Adelaide Oval,Port Adelaide,Fremantle,Fremantle,Hayden Young,15,5,12,0,0,0,6
2024,6,2024-04-13,Carrara,Gold Coast,Hawthorn,Gold Coast,Ben Ainsworth,14,9,8,0,0,0,0
2024,6,2024-04-13,Carrara,Gold Coast,Hawthorn,Gold Coast,Noah Anderson,19,8,17,1,0,0,8
2024,6,2024-04-13,Carrara,Gold Coast,Hawthorn,Gold Coast,Mac Andrew,13,8,4,0,0,0,2
2024,6,2024-04-13,Carrara,Gold Coast,Hawthorn,Gold Coast,Charlie Ballard,6,5,4,0,0,0,2
2024,6,2024-04-13,Carrara,Gold Coast,Hawthorn,Gold Coast,Tom Berry,9,3,6,0,0,0,5
2024,6,2024-04-13,Carrara,Gold Coast,Hawthorn,Gold Coast,Sam Clohesy,10,8,8,2,0,0,3
2024,6,2024-04-13,Carrara,Gold Coast,Hawthorn,Gold Coast,Sam Collins,8,6,4,0,0,0,1
2024,6,2024-04-13,Carrara,Gold Coast,Hawthorn,Gold Coast,Brayden Fiorini,13,3,9,0,1,0,0
2024,6,2024-04-13,Carrara,Gold Coast,Hawthorn,Gold Coast,Sam Flanders,25,9,9,0,0,0,1
2024,6,2024-04-13,Carrara,Gold Coast,Hawthorn,Gold Coast,Will Graham,8,3,6,0,0,0,14
2024,6,2024-04-13,Carrara,Gold Coast,Hawthorn,Gold Coast,Nick Holman,6,3,3,0,0,0,6
2024,6,2024-04-13,Carrara,Gold Coast,Hawthorn,Gold Coast,Bailey Humphrey,9,2,4,0,1,0,2
2024,6,2024-04-13,Carrara,Gold Coast,Hawthorn,Gold Coast,Ben King,10,5,0,4,4,0,0
2024,6,2024-04-13,Carrara,Gold Coast,Hawthorn,Gold Coast,Jack Lukosius,18,10,3,0,1,0,1
2024,6,2024-04-13,Carrara,Gold Coast,Hawthorn,Gold Coast,Touk Miller,12,8,16,0,0,0,1
2024,6,2024-04-13,Carrara,Gold Coast,Hawthorn,Gold Coast,Wil Powell,10,3,4,0,0,0,0
2024,6,2024-04-13,Carrara,Gold Coast,Hawthorn,Gold Coast,Ethan Read,3,0,2,2,0,4,0
2024,6,2024-04-13,Carrara,Gold Coast,Hawthorn,Gold Coast,Malcolm Rosas,3,1,0,1,0,0,0
2024,6,2024-04-13,Carrara,Gold Coast,Hawthorn,Gold Coast,Matt Rowell,13,2,9,1,1,0,8
2024,6,2024-04-13,Carrara,Gold Coast,Hawthorn,Gold Coast,David Swallow,7,2,1,3,0,0,1
2024,6,2024-04-13,Carrara,Gold Coast,Hawthorn,Gold Coast,Bodhi Uwland,10,7,1,0,0,0,2
2024,6,2024-04-13,Carrara,Gold Coast,Hawthorn,Gold Coast,Jed Walter,3,1,2,2,0,0,1
2024,6,2024-04-13,Carrara,Gold Coast,Hawthorn,Gold Coast,Jarrod Witts,5,4,12,0,0,35,3
2024,6,2024-04-13,Carrara,Gold Coast,Hawthorn,Hawthorn,Karl Amon,22,7,4,0,1,0,2
2024,6,2024-04-13,Carrara,Gold Coast,Hawthorn,Hawthorn,Sam Butler,4,4,3,0,0,0,1
2024,6,2024-04-13,Carrara,Gold Coast,Hawthorn,Hawthorn,Mabior Chol,5,2,3,1,0,0,3
2024,6,2024-04-13,Carrara,Gold Coast,Hawthorn,Hawthorn,Massimo DAmbrosio,14,2,4,0,0,0,2
2024,6,2024-04-13,Carrara,Gold Coast,Hawthorn,Hawthorn,Sam Frost,6,2,2,0,0,0,1
2024,6,2024-04-13,Carrara,Gold Coast,Hawthorn,Hawthorn,Jack Ginnivan,7,2,6,1,1,0,4
2024,6,2024-04-13,Carrara,Gold Coast,Hawthorn,Hawthorn,Blake Hardwick,4,1,3,1,0,0,0
2024,6,2024-04-13,Carrara,Gold Coast,Hawthorn,Hawthorn,Henry Hustwaite,7,1,5,0,0,0,0
2024,6,2024-04-13,Carrara,Gold Coast,Hawthorn,Hawthorn,Jarman Impey,11,5,4,0,1,0,1
2024,6,2024-04-13,Carrara,Gold Coast,Hawthorn,Hawthorn,Connor Macdonald,9,3,4,1,1,0,2
2024,6,2024-04-13,Carrara,Gold Coast,Hawthorn,Hawthorn,Cam Mackenzie,1,1,2,0,0,0,1
2024,6,2024-04-13,Carrara,Gold Coast,Hawthorn,Hawthorn,Finn Maginness,9,7,7,3,1,0,0
2024,6,2024-04-13,Carrara,Gold Coast,Hawthorn,Hawthorn,Lloyd Meek,5,1,6,0,0,23,1
2024,6,2024-04-13,Carrara,Gold Coast,Hawthorn,Hawthorn,Seamus Mitchell,5,4,1,0,0,0,4
2024,6,2024-04-13,Carrara,Gold Coast,Hawthorn,Hawthorn,Dylan Moore,6,0,8,1,0,0,1
2024,6,2024-04-13,Carrara,Gold Coast,Hawthorn,Hawthorn,Conor Nash,4,0,6,0,1,0,4
2024,6,2024-04-13,Carrara,Gold Coast,Hawthorn,Hawthorn,Jai Newcombe,5,3,5,0,0,0,3
2024,6,2024-04-13,Carrara,Gold Coast,Hawthorn,Hawthorn,Max Ramsden,3,2,3,0,0,7,2
2024,6,2024-04-13,Carrara,Gold Coast,Hawthorn,Hawthorn,Jack Scrimshaw,10,6,5,0,0,0,4
2024,6,2024-04-13,Carrara,Gold Coast,Hawthorn,Hawthorn,James Sicily,12,5,7,0,0,0,1
2024,6,2024-04-13,Carrara,Gold Coast,Hawthorn,Hawthorn,Josh Ward,5,2,2,0,0,0,1
2024,6,2024-04-13,Carrara,Gold Coast,Hawthorn,Hawthorn,Josh Weddle,9,3,3,0,1,0,3
2024,6,2024-04-13,Carrara,Gold Coast,Hawthorn,Hawthorn,James Worpel,6,1,8,0,1,0,3
2024,6,2024-04-14,Kardinia Park,Geelong,North Melbourne,Geelong,Tom Atkins,6,1,12,0,0,0,6
2024,6,2024-04-14,Kardinia Park,Geelong,North Melbourne,Geelong,Mark Blicavs,5,6,10,1,0,0,1
2024,6,2024-04-14,Kardinia Park,Geelong,North Melbourne,Geelong,Jack Bowes,12,3,11,0,1,0,3
2024,6,2024-04-14,Kardinia Park,Geelong,North Melbourne,Geelong,Tanner Bruhn,11,2,7,0,1,0,2
2024,6,2024-04-14,Kardinia Park,Geelong,North Melbourne,Geelong,Jeremy Cameron,16,8,5,6,0,0,1
2024,6,2024-04-14,Kardinia Park,Geelong,North Melbourne,Geelong,Jhye Clark,0,0,1,0,0,0,0
2024,6,2024-04-14,Kardinia Park,Geelong,North Melbourne,Geelong,Brad Close,8,4,5,4,0,0,3
2024,6,2024-04-14,Kardinia Park,Geelong,North Melbourne,Geelong,Sam De Koning,4,1,5,0,0,2,0
2024,6,2024-04-14,Kardinia Park,Geelong,North Melbourne,Geelong,Oliver Dempsey,8,6,5,1,1,0,3
2024,6,2024-04-14,Kardinia Park,Geelong,North Melbourne,Geelong,Mitch Duncan,11,5,8,0,1,0,1
2024,6,2024-04-14,Kardinia Park,Geelong,North Melbourne,Geelong,Zach Guthrie,4,3,8,0,0,0,2
2024,6,2024-04-14,Kardinia Park,Geelong,North Melbourne,Geelong,Jack Henry,5,4,4,0,0,0,0
2024,6,2024-04-14,Kardinia Park,Geelong,North Melbourne,Geelong,Oliver Henry,6,5,2,1,1,0,1
2024,6,2024-04-14,Kardinia Park,Geelong,North Melbourne,Geelong,Max Holmes,14,5,11,2,0,0,2
2024,6,2024-04-14,Kardinia Park,Geelong,North Melbourne,Geelong,Gryan Miers,14,4,9,0,0,0,3
2024,6,2024-04-14,Kardinia Park,Geelong,North Melbourne,Geelong,Shannon Neale,6,4,1,3,1,5,6
2024,6,2024-04-14,Kardinia Park,Geelong,North Melbourne,Geelong,Mark OConnor,11,9,4,1,1,0,5
2024,6,2024-04-14,Kardinia Park,Geelong,North Melbourne,Geelong,Connor OSullivan,3,3,8,0,1,0,1
2024,6,2024-04-14,Kardinia Park,Geelong,North Melbourne,Geelong,Brandan Parfitt,11,1,9,0,0,0,6
2024,6,2024-04-14,Kardinia Park,Geelong,North Melbourne,Geelong,Rhys Stanley,7,2,5,0,0,21,2
2024,6,2024-04-14,Kardinia Park,Geelong,North Melbourne,Geelong,Tyson Stengle,9,5,4,2,1,0,1
2024,6,2024-04-14,Kardinia Park,Geelong,North Melbourne,Geelong,Tom Stewart,18,4,6,0,1,0,1
2024,6,2024-04-14,Kardinia Park,Geelong,North Melbourne,Geelong,Zach Tuohy,7,3,6,0,0,0,1
2024,6,2024-04-14,Kardinia Park,Geelong,North Melbourne,North Melbourne,Charlie Comben,9,9,5,0,0,0,1
2024,6,2024-04-14,Kardinia Park,Geelong,North Melbourne,North Melbourne,Aidan Corr,9,7,6,0,0,0,0
2024,6,2024-04-14,Kardinia Park,Geelong,North Melbourne,North Melbourne,Paul Curtis,7,3,3,1,3,0,4
2024,6,2024-04-14,Kardinia Park,Geelong,North Melbourne,North Melbourne,Luke Davies-Uniacke,14,4,13,1,0,0,6
2024,6,2024-04-14,Kardinia Park,Geelong,North Melbourne,North Melbourne,Blake Drury,13,11,4,2,0,0,2
2024,6,2024-04-14,Kardinia Park,Geelong,North Melbourne,North Melbourne,Zane Duursma,3,2,7,0,0,0,1
2024,6,2024-04-14,Kardinia Park,Geelong,North Melbourne,North Melbourne,Zac Fisher,13,8,9,0,0,0,0
2024,6,2024-04-14,Kardinia Park,Geelong,North Melbourne,North Melbourne,Eddie Ford,9,6,11,3,0,0,3
2024,6,2024-04-14,Kardinia Park,Geelong,North Melbourne,North Melbourne,Hugh Greenwood,3,1,2,0,0,2,7
2024,6,2024-04-14,Kardinia Park,Geelong,North Melbourne,North Melbourne,Nick Larkey,5,4,2,2,0,0,1
2024,6,2024-04-14,Kardinia Park,Geelong,North Melbourne,North Melbourne,Charlie Lazzaro,8,4,8,0,0,0,4
2024,6,2024-04-14,Kardinia Park,Geelong,North Melbourne,North Melbourne,Luke McDonald,15,11,6,0,0,0,2
2024,6,2024-04-14,Kardinia Park,Geelong,North Melbourne,North Melbourne,Colby McKercher,0,0,1,0,0,0,0
2024,6,2024-04-14,Kardinia Park,Geelong,North Melbourne,North Melbourne,Bigoa Nyuon,14,7,5,0,0,0,2
2024,6,2024-04-14,Kardinia Park,Geelong,North Melbourne,North Melbourne,Tom Powell,18,9,8,0,0,0,4
2024,6,2024-04-14,Kardinia Park,Geelong,North Melbourne,North Melbourne,Bailey Scott,16,11,11,0,0,0,3
2024,6,2024-04-14,Kardinia Park,Geelong,North Melbourne,North Melbourne,Tyler Sellers,1,1,0,0,0,0,1
2024,6,2024-04-14,Kardinia Park,Geelong,North Melbourne,North Melbourne,Harry Sheezel,23,15,15,1,0,0,3
2024,6,2024-04-14,Kardinia Park,Geelong,North Melbourne,North Melbourne,Jy Simpkin,14,3,5,0,0,0,5
2024,6,2024-04-14,Kardinia Park,Geelong,North Melbourne,North Melbourne,Dylan Stephens,9,2,4,0,0,0,4
2024,6,2024-04-14,Kardinia Park,Geelong,North Melbourne,North Melbourne,Darcy Tucker,13,6,8,0,0,0,4
2024,6,2024-04-14,Kardinia Park,Geelong,North Melbourne,North Melbourne,George Wardlaw,12,4,4,0,0,0,3
2024,6,2024-04-14,Kardinia Park,Geelong,North Melbourne,North Melbourne,Tristan Xerri,5,1,8,0,0,39,8
2024,6,2024-04-14,Perth Stadium,West Coast,Richmond,West Coast,Tom Barrass,4,2,2,0,0,0,0
2024,6,2024-04-14,Perth Stadium,West Coast,Richmond,West Coast,Tyler Brockman,2,1,8,0,1,0,2
2024,6,2024-04-14,Perth Stadium,West Coast,Richmond,West Coast,Campbell Chesser,10,1,3,1,0,0,3
2024,6,2024-04-14,Perth Stadium,West Coast,Richmond,West Coast,Tom Cole,11,4,2,0,1,0,3
2024,6,2024-04-14,Perth Stadium,West Coast,Richmond,West Coast,Jamie Cripps,6,4,4,2,1,0,1
2024,6,2024-04-14,Perth Stadium,West Coast,Richmond,West Coast,Jack Darling,7,4,7,1,1,3,1
2024,6,2024-04-14,Perth Stadium,West Coast,Richmond,West Coast,Liam Duggan,21,6,1,0,0,0,1
2024,6,2024-04-14,Perth Stadium,West Coast,Richmond,West Coast,Luke Edwards,1,1,1,0,0,0,2
2024,6,2024-04-14,Perth Stadium,West Coast,Richmond,West Coast,Reuben Ginbey,7,1,6,0,0,0,5
2024,6,2024-04-14,Perth Stadium,West Coast,Richmond,West Coast,Brady Hough,3,1,5,0,0,0,1
2024,6,2024-04-14,Perth Stadium,West Coast,Richmond,West Coast,Jayden Hunt,9,2,1,0,0,0,4
2024,6,2024-04-14,Perth Stadium,West Coast,Richmond,West Coast,Tim Kelly,16,4,13,0,2,0,6
2024,6,2024-04-14,Perth Stadium,West Coast,Richmond,West Coast,Noah Long,7,4,6,0,0,0,3
2024,6,2024-04-14,Perth Stadium,West Coast,Richmond,West Coast,Ryan Maric,1,1,6,0,0,0,1
2024,6,2024-04-14,Perth Stadium,West Coast,Richmond,West Coast,Jeremy McGovern,9,3,6,0,0,0,0
2024,6,2024-04-14,Perth Stadium,West Coast,Richmond,West Coast,Jack Petruccelle,11,4,5,2,1,0,3
2024,6,2024-04-14,Perth Stadium,West Coast,Richmond,West Coast,Harley Reid,11,3,16,1,0,0,1
2024,6,2024-04-14,Perth Stadium,West Coast,Richmond,West Coast,Josh Rotham,10,7,1,0,0,0,1
2024,6,2024-04-14,Perth Stadium,West Coast,Richmond,West Coast,Jake Waterman,16,13,2,6,2,1,4
2024,6,2024-04-14,Perth Stadium,West Coast,Richmond,West Coast,Bailey Williams,7,2,6,0,1,17,0
2024,6,2024-04-14,Perth Stadium,West Coast,Richmond,West Coast,Jack Williams,3,1,2,1,0,3,5
2024,6,2024-04-14,Perth Stadium,West Coast,Richmond,West Coast,Alex Witherden,11,5,4,0,0,0,0
2024,6,2024-04-14,Perth Stadium,West Coast,Richmond,West Coast,Elliot Yeo,13,2,14,2,1,0,3
2024,6,2024-04-14,Perth Stadium,West Coast,Richmond,Richmond,Liam Baker,16,4,9,1,1,0,3
2024,6,2024-04-14,Perth Stadium,West Coast,Richmond,Richmond,Shai Bolton,15,8,6,3,1,0,1
2024,6,2024-04-14,Perth Stadium,West Coast,Richmond,Richmond,Nathan Broad,14,6,4,0,0,0,2
2024,6,2024-04-14,Perth Stadium,West Coast,Richmond,Richmond,Tom Brown,6,2,1,0,0,0,1
2024,6,2024-04-14,Perth Stadium,West Coast,Richmond,Richmond,Seth Campbell,6,4,2,0,1,0,3
2024,6,2024-04-14,Perth Stadium,West Coast,Richmond,Richmond,Thomson Dow,4,1,9,0,0,0,3
2024,6,2024-04-14,Perth Stadium,West Coast,Richmond,Richmond,Jack Graham,9,0,8,0,0,0,8
2024,6,2024-04-14,Perth Stadium,West Coast,Richmond,Richmond,Jacob Koschitzke,4,3,3,0,0,12,0
2024,6,2024-04-14,Perth Stadium,West Coast,Richmond,Richmond,Mykelti Lefau,11,8,1,3,2,0,5
2024,6,2024-04-14,Perth Stadium,West Coast,Richmond,Richmond,Rhyan Mansell,6,0,5,0,0,0,6
2024,6,2024-04-14,Perth Stadium,West Coast,Richmond,Richmond,Dustin Martin,9,7,4,1,0,0,1
2024,6,2024-04-14,Perth Stadium,West Coast,Richmond,Richmond,Kane McAuliffe,3,1,9,0,0,0,2
2024,6,2024-04-14,Perth Stadium,West Coast,Richmond,Richmond,Kamdyn McIntosh,5,2,1,0,0,0,3
2024,6,2024-04-14,Perth Stadium,West Coast,Richmond,Richmond,Ben Miller,14,12,5,0,0,0,1
2024,6,2024-04-14,Perth Stadium,West Coast,Richmond,Richmond,Toby Nankervis,5,2,7,0,0,37,6
2024,6,2024-04-14,Perth Stadium,West Coast,Richmond,Richmond,Marlion Pickett,6,3,7,0,1,0,3
2024,6,2024-04-14,Perth Stadium,West Coast,Richmond,Richmond,Hugo Ralphsmith,8,7,2,0,1,0,2
2024,6,2024-04-14,Perth Stadium,West Coast,Richmond,Richmond,Daniel Rioli,10,2,9,0,0,0,6
2024,6,2024-04-14,Perth Stadium,West Coast,Richmond,Richmond,Maurice Rioli,7,4,2,1,1,0,1
2024,6,2024-04-14,Perth Stadium,West Coast,Richmond,Richmond,Jayden Short,2,0,0,0,1,0,1
2024,6,2024-04-14,Perth Stadium,West Coast,Richmond,Richmond,Tyler Sonsie,5,3,1,1,0,0,1
2024,6,2024-04-14,Perth Stadium,West Coast,Richmond,Richmond,Nick Vlastuin,16,9,8,0,0,0,2
2024,6,2024-04-14,Perth Stadium,West Coast,Richmond,Richmond,Tylar Young,5,4,0,0,0,0,2
2024,7,2024-04-18,Docklands,St Kilda,Western Bulldogs,St Kilda,Josh Battle,6,6,5,0,0,0,1
2024,7,2024-04-18,Docklands,St Kilda,Western Bulldogs,St Kilda,Riley Bonner,17,4,5,0,1,0,3
2024,7,2024-04-18,Docklands,St Kilda,Western Bulldogs,St Kilda,Dan Butler,0,2,3,0,0,0,2
2024,7,2024-04-18,Docklands,St Kilda,Western Bulldogs,St Kilda,Ryan Byrnes,11,3,3,0,0,0,3
2024,7,2024-04-18,Docklands,St Kilda,Western Bulldogs,St Kilda,Anthony Caminiti,6,4,2,1,1,1,1
2024,7,2024-04-18,Docklands,St Kilda,Western Bulldogs,St Kilda,Zaine Cordy,2,1,2,0,0,0,1
2024,7,2024-04-18,Docklands,St Kilda,Western Bulldogs,St Kilda,Hugo Garcia,4,1,10,1,0,0,9
2024,7,2024-04-18,Docklands,St Kilda,Western Bulldogs,St Kilda,Jack Higgins,6,2,6,0,2,0,2
2024,7,2024-04-18,Docklands,St Kilda,Western Bulldogs,St Kilda,Bradley Hill,20,6,11,0,1,0,0
2024,7,2024-04-18,Docklands,St Kilda,Western Bulldogs,St Kilda,Zak Jones,3,1,4,1,0,0,0
2024,7,2024-04-18,Docklands,St Kilda,Western Bulldogs,St Kilda,Rowan Marshall,7,3,4,0,0,25,1
2024,7,2024-04-18,Docklands,St Kilda,Western Bulldogs,St Kilda,Tim Membrey,5,4,5,3,1,1,3
2024,7,2024-04-18,Docklands,St Kilda,Western Bulldogs,St Kilda,Mitch Owens,4,2,7,1,0,1,1
2024,7,2024-04-18,Docklands,St Kilda,Western Bulldogs,St Kilda,Mattaes Phillipou,4,5,5,0,0,0,1
2024,7,2024-04-18,Docklands,St Kilda,Western Bulldogs,St Kilda,Sebastian Ross,13,4,10,0,1,0,2
2024,7,2024-04-18,Docklands,St Kilda,Western Bulldogs,St Kilda,Cooper Sharman,7,3,3,1,1,0,3
2024,7,2024-04-18,Docklands,St Kilda,Western Bulldogs,St Kilda,Jack Sinclair,13,2,6,0,1,0,2
2024,7,2024-04-18,Docklands,St Kilda,Western Bulldogs,St Kilda,Jack Steele,7,3,20,0,0,0,5
2024,7,2024-04-18,Docklands,St Kilda,Western Bulldogs,St Kilda,Liam Stocker,10,2,2,0,0,0,0
2024,7,2024-04-18,Docklands,St Kilda,Western Bulldogs,St Kilda,Nasiah Wanganeen-Milera,13,5,5,0,0,0,1
2024,7,2024-04-18,Docklands,St Kilda,Western Bulldogs,St Kilda,Callum Wilkie,8,4,7,0,0,0,1
2024,7,2024-04-18,Docklands,St Kilda,Western Bulldogs,St Kilda,Darcy Wilson,8,4,7,1,0,0,2
2024,7,2024-04-18,Docklands,St Kilda,Western Bulldogs,St Kilda,Marcus Windhager,15,3,14,0,1,0,6
2024,7,2024-04-18,Docklands,St Kilda,Western Bulldogs,Western Bulldogs,Marcus Bontempelli,12,2,12,3,1,0,6
2024,7,2024-04-18,Docklands,St Kilda,Western Bulldogs,Western Bulldogs,Lachlan Bramble,14,8,4,0,0,0,2
2024,7,2024-04-18,Docklands,St Kilda,Western Bulldogs,Western Bulldogs,Bailey Dale,29,15,10,1,0,0,2
2024,7,2024-04-18,Docklands,St Kilda,Western Bulldogs,Western Bulldogs,Sam Darcy,8,4,2,1,1,8,4
2024,7,2024-04-18,Docklands,St Kilda,Western Bulldogs,Western Bulldogs,Taylor Duryea,11,9,11,0,0,0,3
2024,7,2024-04-18,Docklands,St Kilda,Western Bulldogs,Western Bulldogs,Tim English,12,9,5,1,2,25,5
2024,7,2024-04-18,Docklands,St Kilda,Western Bulldogs,Western Bulldogs,Harvey Gallagher,11,4,3,1,0,0,2
2024,7,2024-04-18,Docklands,St Kilda,Western Bulldogs,Western Bulldogs,Riley Garcia,7,1,10,0,0,0,6
2024,7,2024-04-18,Docklands,St Kilda,Western Bulldogs,Western Bulldogs,James Harmes,12,6,4,0,0,0,3
2024,7,2024-04-18,Docklands,St Kilda,Western Bulldogs,Western Bulldogs,Jason Johannisen,19,12,12,0,0,0,2
2024,7,2024-04-18,Docklands,St Kilda,Western Bulldogs,Western Bulldogs,Liam Jones,15,10,3,0,0,0,0
2024,7,2024-04-18,Docklands,St Kilda,Western Bulldogs,Western Bulldogs,Buku Khamis,10,9,1,0,0,0,0
2024,7,2024-04-18,Docklands,St Kilda,Western Bulldogs,Western Bulldogs,Rory Lobb,10,7,4,0,1,3,4
2024,7,2024-04-18,Docklands,St Kilda,Western Bulldogs,Western Bulldogs,Jack Macrae,15,6,15,1,0,0,7
2024,7,2024-04-18,Docklands,St Kilda,Western Bulldogs,Western Bulldogs,Aaron Naughton,10,6,1,6,0,0,1
2024,7,2024-04-18,Docklands,St Kilda,Western Bulldogs,Western Bulldogs,James ODonnell,8,5,5,0,0,0,0
2024,7,2024-04-18,Docklands,St Kilda,Western Bulldogs,Western Bulldogs,Ed Richards,9,3,9,0,0,0,5
2024,7,2024-04-18,Docklands,St Kilda,Western Bulldogs,Western Bulldogs,Ryley Sanders,1,1,4,0,0,0,2
2024,7,2024-04-18,Docklands,St Kilda,Western Bulldogs,Western Bulldogs,Adam Treloar,16,8,15,1,0,0,7
2024,7,2024-04-18,Docklands,St Kilda,Western Bulldogs,Western Bulldogs,Laitham Vandermeer,5,5,4,0,0,0,1
2024,7,2024-04-18,Docklands,St Kilda,Western Bulldogs,Western Bulldogs,Cody Weightman,6,2,3,3,0,0,4
2024,7,2024-04-18,Docklands,St Kilda,Western Bulldogs,Western Bulldogs,Rhylee West,10,8,5,1,0,0,2
2024,7,2024-04-18,Docklands,St Kilda,Western Bulldogs,Western Bulldogs,Bailey Williams,13,8,5,0,0,0,4
2024,7,2024-04-19,Adelaide Oval,Adelaide,Essendon,Adelaide,Sam Berry,4,1,5,0,0,0,1
2024,7,2024-04-19,Adelaide Oval,Adelaide,Essendon,Adelaide,James Borlase,6,4,8,0,0,0,1
2024,7,2024-04-19,Adelaide Oval,Adelaide,Essendon,Adelaide,Brayden Cook,1,1,5,0,0,0,3
2024,7,2024-04-19,Adelaide Oval,Adelaide,Essendon,Adelaide,Jordan Dawson,22,7,9,2,0,0,9
2024,7,2024-04-19,Adelaide Oval,Adelaide,Essendon,Adelaide,Darcy Fogarty,8,5,1,1,2,0,3
2024,7,2024-04-19,Adelaide Oval,Adelaide,Essendon,Adelaide,Lachlan Gollant,5,2,2,0,0,3,1
2024,7,2024-04-19,Adelaide Oval,Adelaide,Essendon,Adelaide,Will Hamill,6,1,4,0,0,0,2
2024,7,2024-04-19,Adelaide Oval,Adelaide,Essendon,Adelaide,Mitch Hinge,19,4,7,0,0,0,5
2024,7,2024-04-19,Adelaide Oval,Adelaide,Essendon,Adelaide,Chayce Jones,9,6,9,1,0,0,0
2024,7,2024-04-19,Adelaide Oval,Adelaide,Essendon,Adelaide,Mark Keane,10,2,7,0,0,0,1
2024,7,2024-04-19,Adelaide Oval,Adelaide,Essendon,Adelaide,Ben Keays,8,3,3,2,0,0,2
2024,7,2024-04-19,Adelaide Oval,Adelaide,Essendon,Adelaide,Rory Laird,8,4,15,0,1,0,4
2024,7,2024-04-19,Adelaide Oval,Adelaide,Essendon,Adelaide,Ned McHenry,5,1,4,1,0,0,2
2024,7,2024-04-19,Adelaide Oval,Adelaide,Essendon,Adelaide,Max Michalanney,10,2,7,0,0,0,0
2024,7,2024-04-19,Adelaide Oval,Adelaide,Essendon,Adelaide,Luke Nankervis,9,7,8,0,0,0,4
2024,7,2024-04-19,Adelaide Oval,Adelaide,Essendon,Adelaide,Reilly OBrien,5,2,6,0,0,38,5
2024,7,2024-04-19,Adelaide Oval,Adelaide,Essendon,Adelaide,Josh Rachele,13,6,7,1,1,0,1
2024,7,2024-04-19,Adelaide Oval,Adelaide,Essendon,Adelaide,Izak Rankine,8,2,4,1,0,0,6
2024,7,2024-04-19,Adelaide Oval,Adelaide,Essendon,Adelaide,Lachlan Sholl,7,4,2,0,0,0,1
2024,7,2024-04-19,Adelaide Oval,Adelaide,Essendon,Adelaide,Brodie Smith,16,2,6,0,0,0,1
2024,7,2024-04-19,Adelaide Oval,Adelaide,Essendon,Adelaide,Jake Soligo,17,3,14,1,0,0,3
2024,7,2024-04-19,Adelaide Oval,Adelaide,Essendon,Adelaide,Taylor Walker,8,4,4,1,0,5,6
2024,7,2024-04-19,Adelaide Oval,Adelaide,Essendon,Adelaide,Josh Worrell,13,4,8,0,0,0,2
2024,7,2024-04-19,Adelaide Oval,Adelaide,Essendon,Essendon,Jye Caldwell,13,3,13,0,1,0,10
2024,7,2024-04-19,Adelaide Oval,Adelaide,Essendon,Essendon,Nik Cox,7,3,9,0,0,2,3
2024,7,2024-04-19,Adelaide Oval,Adelaide,Essendon,Essendon,Alwyn Davey,5,1,4,0,0,0,4
2024,7,2024-04-19,Adelaide Oval,Adelaide,Essendon,Essendon,Sam Draper,3,1,2,0,1,22,1
2024,7,2024-04-19,Adelaide Oval,Adelaide,Essendon,Essendon,Sam Durham,9,2,13,0,0,0,9
2024,7,2024-04-19,Adelaide Oval,Adelaide,Essendon,Essendon,Xavier Duursma,8,2,5,0,0,0,4
2024,7,2024-04-19,Adelaide Oval,Adelaide,Essendon,Essendon,Todd Goldstein,1,1,8,0,0,25,3
2024,7,2024-04-19,Adelaide Oval,Adelaide,Essendon,Essendon,Jade Gresham,14,4,12,1,1,0,2
2024,7,2024-04-19,Adelaide Oval,Adelaide,Essendon,Essendon,Dyson Heppell,6,3,7,0,0,0,1
2024,7,2024-04-19,Adelaide Oval,Adelaide,Essendon,Essendon,Nick Hind,9,6,2,0,1,0,2
2024,7,2024-04-19,Adelaide Oval,Adelaide,Essendon,Essendon,Ben Hobbs,12,4,9,1,0,0,6
2024,7,2024-04-19,Adelaide Oval,Adelaide,Essendon,Essendon,Harry Jones,7,3,6,2,0,0,4
2024,7,2024-04-19,Adelaide Oval,Adelaide,Essendon,Essendon,Jake Kelly,7,5,10,0,0,0,0
2024,7,2024-04-19,Adelaide Oval,Adelaide,Essendon,Essendon,Kyle Langford,9,2,3,2,2,0,3
2024,7,2024-04-19,Adelaide Oval,Adelaide,Essendon,Essendon,Jayden Laverde,11,5,6,0,0,0,1
2024,7,2024-04-19,Adelaide Oval,Adelaide,Essendon,Essendon,Nic Martin,23,7,5,1,1,0,2
2024,7,2024-04-19,Adelaide Oval,Adelaide,Essendon,Essendon,Andrew McGrath,10,3,10,0,0,0,5
2024,7,2024-04-19,Adelaide Oval,Adelaide,Essendon,Essendon,Ben McKay,5,3,6,0,0,0,3
2024,7,2024-04-19,Adelaide Oval,Adelaide,Essendon,Essendon,Zach Merrett,17,2,11,1,1,0,5
2024,7,2024-04-19,Adelaide Oval,Adelaide,Essendon,Essendon,Darcy Parish,11,4,12,1,2,0,3
2024,7,2024-04-19,Adelaide Oval,Adelaide,Essendon,Essendon,Mason Redman,18,3,3,0,1,0,3
2024,7,2024-04-19,Adelaide Oval,Adelaide,Essendon,Essendon,Jake Stringer,10,3,1,1,2,0,5
2024,7,2024-04-19,Adelaide Oval,Adelaide,Essendon,Essendon,Elijah Tsatas,2,0,2,0,0,0,1
2024,7,2024-04-20,M.C.G.,Collingwood,Port Adelaide,Collingwood,Darcy Cameron,11,3,7,0,0,25,2
2024,7,2024-04-20,M.C.G.,Collingwood,Port Adelaide,Collingwood,Mason Cox,6,5,5,2,0,7,0
2024,7,2024-04-20,M.C.G.,Collingwood,Port Adelaide,Collingwood,Jack Crisp,9,2,10,0,0,0,5
2024,7,2024-04-20,M.C.G.,Collingwood,Port Adelaide,Collingwood,Josh Daicos,9,2,13,0,1,0,5
2024,7,2024-04-20,M.C.G.,Collingwood,Port Adelaide,Collingwood,Nick Daicos,18,2,12,0,1,0,4
2024,7,2024-04-20,M.C.G.,Collingwood,Port Adelaide,Collingwood,Jordan de Goey,13,5,14,0,2,0,7
2024,7,2024-04-20,M.C.G.,Collingwood,Port Adelaide,Collingwood,Jamie Elliott,7,1,7,1,1,0,1
2024,7,2024-04-20,M.C.G.,Collingwood,Port Adelaide,Collingwood,Billy Frampton,6,1,1,0,0,0,0
2024,7,2024-04-20,M.C.G.,Collingwood,Port Adelaide,Collingwood,Bobby Hill,8,2,7,1,1,0,0
2024,7,2024-04-20,M.C.G.,Collingwood,Port Adelaide,Collingwood,Will Hoskin-Elliott,15,9,6,2,1,0,1
2024,7,2024-04-20,M.C.G.,Collingwood,Port Adelaide,Collingwood,Jeremy Howe,9,3,2,0,0,0,2
2024,7,2024-04-20,M.C.G.,Collingwood,Port Adelaide,Collingwood,Patrick Lipinski,10,1,6,4,0,0,1
2024,7,2024-04-20,M.C.G.,Collingwood,Port Adelaide,Collingwood,Brayden Maynard,14,8,8,0,0,0,3
2024,7,2024-04-20,M.C.G.,Collingwood,Port Adelaide,Collingwood,Beau McCreery,8,1,3,1,2,0,2
2024,7,2024-04-20,M.C.G.,Collingwood,Port Adelaide,Collingwood,Reef McInnes,1,0,1,1,0,0,0
2024,7,2024-04-20,M.C.G.,Collingwood,Port Adelaide,Collingwood,Brody Mihocek,6,4,3,3,1,0,2
2024,7,2024-04-20,M.C.G.,Collingwood,Port Adelaide,Collingwood,Tom Mitchell,5,1,16,0,1,0,10
2024,7,2024-04-20,M.C.G.,Collingwood,Port Adelaide,Collingwood,Darcy Moore,8,5,6,0,0,0,1
2024,7,2024-04-20,M.C.G.,Collingwood,Port Adelaide,Collingwood,John Noble,11,4,7,0,0,0,3
2024,7,2024-04-20,M.C.G.,Collingwood,Port Adelaide,Collingwood,Scott Pendlebury,8,1,10,0,1,0,4
2024,7,2024-04-20,M.C.G.,Collingwood,Port Adelaide,Collingwood,Isaac Quaynor,8,3,4,0,0,0,4
2024,7,2024-04-20,M.C.G.,Collingwood,Port Adelaide,Collingwood,Lachie Schultz,6,2,4,2,2,0,3
2024,7,2024-04-20,M.C.G.,Collingwood,Port Adelaide,Collingwood,Steele Sidebottom,12,4,9,0,2,0,2
2024,7,2024-04-20,M.C.G.,Collingwood,Port Adelaide,Port Adelaide,Aliir Aliir,8,3,2,0,0,0,1
2024,7,2024-04-20,M.C.G.,Collingwood,Port Adelaide,Port Adelaide,Miles Bergman,11,8,4,1,0,0,2
2024,7,2024-04-20,M.C.G.,Collingwood,Port Adelaide,Port Adelaide,Jase Burgoyne,13,7,8,0,0,0,4
2024,7,2024-04-20,M.C.G.,Collingwood,Port Adelaide,Port Adelaide,Ryan Burton,13,4,9,1,0,0,1
2024,7,2024-04-20,M.C.G.,Collingwood,Port Adelaide,Port Adelaide,Zak Butters,16,5,15,1,0,0,5
2024,7,2024-04-20,M.C.G.,Collingwood,Port Adelaide,Port Adelaide,Darcy Byrne-Jones,7,3,8,0,2,0,4
2024,7,2024-04-20,M.C.G.,Collingwood,Port Adelaide,Port Adelaide,Willem Drew,8,3,8,0,0,0,4
2024,7,2024-04-20,M.C.G.,Collingwood,Port Adelaide,Port Adelaide,Kane Farrell,16,4,0,0,0,0,2
2024,7,2024-04-20,M.C.G.,Collingwood,Port Adelaide,Port Adelaide,Mitch Georgiades,6,4,4,3,0,0,0
2024,7,2024-04-20,M.C.G.,Collingwood,Port Adelaide,Port Adelaide,Jason Horne-Francis,13,3,11,1,0,0,3
2024,7,2024-04-20,M.C.G.,Collingwood,Port Adelaide,Port Adelaide,Dan Houston,23,4,5,0,0,0,7
2024,7,2024-04-20,M.C.G.,Collingwood,Port Adelaide,Port Adelaide,Lachie Jones,4,3,2,0,0,0,2
2024,7,2024-04-20,M.C.G.,Collingwood,Port Adelaide,Port Adelaide,Todd Marshall,7,5,0,2,1,0,3
2024,7,2024-04-20,M.C.G.,Collingwood,Port Adelaide,Port Adelaide,Jed McEntee,0,0,2,0,0,0,1
2024,7,2024-04-20,M.C.G.,Collingwood,Port Adelaide,Port Adelaide,Jackson Mead,7,3,5,1,1,0,1
2024,7,2024-04-20,M.C.G.,Collingwood,Port Adelaide,Port Adelaide,Sam Powell-Pepper,8,5,2,2,0,0,6
2024,7,2024-04-20,M.C.G.,Collingwood,Port Adelaide,Port Adelaide,Esava Ratugolea,5,4,2,0,0,0,3
2024,7,2024-04-20,M.C.G.,Collingwood,Port Adelaide,Port Adelaide,Willie Rioli,5,0,1,0,1,0,1
2024,7,2024-04-20,M.C.G.,Collingwood,Port Adelaide,Port Adelaide,Connor Rozee,9,2,11,0,1,0,4
2024,7,2024-04-20,M.C.G.,Collingwood,Port Adelaide,Port Adelaide,Ivan Soldo,0,1,8,0,0,19,3
2024,7,2024-04-20,M.C.G.,Collingwood,Port Adelaide,Port Adelaide,Jordon Sweet,2,3,3,0,0,21,6
2024,7,2024-04-20,M.C.G.,Collingwood,Port Adelaide,Port Adelaide,Ollie Wines,8,5,12,0,0,0,0
2024,7,2024-04-20,M.C.G.,Collingwood,Port Adelaide,Port Adelaide,Brandon Zerk-Thatcher,6,4,2,0,0,0,3
2024,7,2024-04-20,Docklands,Carlton,Greater Western Sydney,Carlton,Blake Acres,10,4,14,0,1,0,4
2024,7,2024-04-20,Docklands,Carlton,Greater Western Sydney,Carlton,Jordan Boyd,10,1,2,0,0,0,1
2024,7,2024-04-20,Docklands,Carlton,Greater Western Sydney,Carlton,Jack Carroll,3,1,6,0,0,0,0
2024,7,2024-04-20,Docklands,Carlton,Greater Western Sydney,Carlton,Matthew Cottrell,7,2,5,1,0,0,4
2024,7,2024-04-20,Docklands,Carlton,Greater Western Sydney,Carlton,Lachlan Cowan,8,3,6,0,1,0,1
2024,7,2024-04-20,Docklands,Carlton,Greater Western Sydney,Carlton,Patrick Cripps,13,2,26,0,0,0,7
2024,7,2024-04-20,Docklands,Carlton,Greater Western Sydney,Carlton,Charlie Curnow,10,7,2,3,4,0,0
2024,7,2024-04-20,Docklands,Carlton,Greater Western Sydney,Carlton,Tom De Koning,8,5,7,3,1,16,4
2024,7,2024-04-20,Docklands,Carlton,Greater Western Sydney,Carlton,Corey Durdin,6,4,1,2,2,0,2
2024,7,2024-04-20,Docklands,Carlton,Greater Western Sydney,Carlton,Orazio Fantasia,1,2,5,0,0,0,0
2024,7,2024-04-20,Docklands,Carlton,Greater Western Sydney,Carlton,George Hewett,11,2,20,0,0,0,1
2024,7,2024-04-20,Docklands,Carlton,Greater Western Sydney,Carlton,Elijah Hollands,7,2,7,2,1,0,0
2024,7,2024-04-20,Docklands,Carlton,Greater Western Sydney,Carlton,Oliver Hollands,8,3,8,1,0,0,2
2024,7,2024-04-20,Docklands,Carlton,Greater Western Sydney,Carlton,Brodie Kemp,11,4,7,0,0,0,5
2024,7,2024-04-20,Docklands,Carlton,Greater Western Sydney,Carlton,Matthew Kennedy,12,6,15,1,0,0,3
2024,7,2024-04-20,Docklands,Carlton,Greater Western Sydney,Carlton,Harry McKay,10,7,4,3,2,0,3
2024,7,2024-04-20,Docklands,Carlton,Greater Western Sydney,Carlton,Nic Newman,15,4,11,0,0,0,3
2024,7,2024-04-20,Docklands,Carlton,Greater Western Sydney,Carlton,Matthew Owies,5,5,3,1,0,0,2
2024,7,2024-04-20,Docklands,Carlton,Greater Western Sydney,Carlton,Marc Pittonet,7,3,10,0,0,25,1
2024,7,2024-04-20,Docklands,Carlton,Greater Western Sydney,Carlton,Sam Walsh,13,0,22,0,1,0,4
2024,7,2024-04-20,Docklands,Carlton,Greater Western Sydney,Carlton,Jacob Weitering,6,3,3,0,0,0,3
2024,7,2024-04-20,Docklands,Carlton,Greater Western Sydney,Carlton,Zac Williams,5,0,4,0,0,0,2
2024,7,2024-04-20,Docklands,Carlton,Greater Western Sydney,Carlton,Lewis Young,3,0,4,0,0,0,0
2024,7,2024-04-20,Docklands,Carlton,Greater Western Sydney,Greater Western Sydney,Leek Aleer,2,2,3,0,0,0,4
2024,7,2024-04-20,Docklands,Carlton,Greater Western Sydney,Greater Western Sydney,Lachie Ash,16,6,7,0,0,0,1
2024,7,2024-04-20,Docklands,Carlton,Greater Western Sydney,Greater Western Sydney,Toby Bedford,8,3,3,2,0,0,6
2024,7,2024-04-20,Docklands,Carlton,Greater Western Sydney,Greater Western Sydney,Kieren Briggs,11,4,6,0,0,26,6
2024,7,2024-04-20,Docklands,Carlton,Greater Western Sydney,Greater Western Sydney,Callum Brown,2,2,3,0,1,0,1
2024,7,2024-04-20,Docklands,Carlton,Greater Western Sydney,Greater Western Sydney,Jack Buckley,15,8,2,1,0,0,3
2024,7,2024-04-20,Docklands,Carlton,Greater Western Sydney,Greater Western Sydney,Aaron Cadman,7,4,5,1,1,0,2
2024,7,2024-04-20,Docklands,Carlton,Greater Western Sydney,Greater Western Sydney,Finn Callaghan,8,5,15,0,0,0,2
2024,7,2024-04-20,Docklands,Carlton,Greater Western Sydney,Greater Western Sydney,Brent Daniels,9,4,6,1,0,0,5
2024,7,2024-04-20,Docklands,Carlton,Greater Western Sydney,Greater Western Sydney,Toby Greene,11,5,7,0,1,0,0
2024,7,2024-04-20,Docklands,Carlton,Greater Western Sydney,Greater Western Sydney,Tom Green,17,4,13,0,0,0,5
2024,7,2024-04-20,Docklands,Carlton,Greater Western Sydney,Greater Western Sydney,Harry Himmelberg,14,6,4,0,0,0,2
2024,7,2024-04-20,Docklands,Carlton,Greater Western Sydney,Greater Western Sydney,Jesse Hogan,7,5,6,3,0,0,4
2024,7,2024-04-20,Docklands,Carlton,Greater Western Sydney,Greater Western Sydney,Connor Idun,9,9,5,0,0,0,2
2024,7,2024-04-20,Docklands,Carlton,Greater Western Sydney,Greater Western Sydney,Josh Kelly,16,6,7,3,0,0,5
2024,7,2024-04-20,Docklands,Carlton,Greater Western Sydney,Greater Western Sydney,Xavier OHalloran,4,3,2,0,1,0,2
2024,7,2024-04-20,Docklands,Carlton,Greater Western Sydney,Greater Western Sydney,James Peatling,4,2,3,1,0,0,2
2024,7,2024-04-20,Docklands,Carlton,Greater Western Sydney,Greater Western Sydney,Harry Perryman,9,6,8,0,0,0,1
2024,7,2024-04-20,Docklands,Carlton,Greater Western Sydney,Greater Western Sydney,Jake Riccardi,5,3,4,3,0,2,3
2024,7,2024-04-20,Docklands,Carlton,Greater Western Sydney,Greater Western Sydney,Harvey Thomas,6,2,6,0,0,0,3
2024,7,2024-04-20,Docklands,Carlton,Greater Western Sydney,Greater Western Sydney,Callan Ward,9,4,4,0,0,0,8
2024,7,2024-04-20,Docklands,Carlton,Greater Western Sydney,Greater Western Sydney,Jacob Wehr,11,6,2,0,0,0,1
2024,7,2024-04-20,Docklands,Carlton,Greater Western Sydney,Greater Western Sydney,Lachie Whitfield,17,7,12,0,0,0,0
2024,7,2024-04-20,Gabba,Brisbane Lions,Geelong,Brisbane Lions,Callum Ah Chee,8,1,5,0,0,0,1
2024,7,2024-04-20,Gabba,Brisbane Lions,Geelong,Brisbane Lions,Harris Andrews,7,4,5,0,0,0,3
2024,7,2024-04-20,Gabba,Brisbane Lions,Geelong,Brisbane Lions,Noah Answerth,11,2,13,0,0,0,5
2024,7,2024-04-20,Gabba,Brisbane Lions,Geelong,Brisbane Lions,Jarrod Berry,17,5,12,1,2,0,4
2024,7,2024-04-20,Gabba,Brisbane Lions,Geelong,Brisbane Lions,Charlie Cameron,3,2,5,0,0,0,2
2024,7,2024-04-20,Gabba,Brisbane Lions,Geelong,Brisbane Lions,Joe Daniher,14,3,3,0,2,13,0
2024,7,2024-04-20,Gabba,Brisbane Lions,Geelong,Brisbane Lions,Josh Dunkley,9,2,17,0,0,2,6
2024,7,2024-04-20,Gabba,Brisbane Lions,Geelong,Brisbane Lions,Jaspa Fletcher,11,5,6,0,1,0,3
2024,7,2024-04-20,Gabba,Brisbane Lions,Geelong,Brisbane Lions,Darcy Gardiner,8,4,2,0,1,0,3
2024,7,2024-04-20,Gabba,Brisbane Lions,Geelong,Brisbane Lions,Eric Hipwood,9,3,4,0,1,0,2
2024,7,2024-04-20,Gabba,Brisbane Lions,Geelong,Brisbane Lions,Ryan Lester,8,2,4,0,0,0,2
2024,7,2024-04-20,Gabba,Brisbane Lions,Geelong,Brisbane Lions,Kai Lohmann,7,3,2,0,0,0,4
2024,7,2024-04-20,Gabba,Brisbane Lions,Geelong,Brisbane Lions,Jarryd Lyons,5,1,6,0,0,0,3
2024,7,2024-04-20,Gabba,Brisbane Lions,Geelong,Brisbane Lions,Lincoln McCarthy,13,1,4,1,1,0,7
2024,7,2024-04-20,Gabba,Brisbane Lions,Geelong,Brisbane Lions,Hugh McCluggage,16,4,10,0,0,0,3
2024,7,2024-04-20,Gabba,Brisbane Lions,Geelong,Brisbane Lions,Oscar McInerney,3,2,5,0,0,18,3
2024,7,2024-04-20,Gabba,Brisbane Lions,Geelong,Brisbane Lions,Lachie Neale,11,0,17,0,0,0,3
2024,7,2024-04-20,Gabba,Brisbane Lions,Geelong,Brisbane Lions,Jack Payne,10,2,4,0,0,2,2
2024,7,2024-04-20,Gabba,Brisbane Lions,Geelong,Brisbane Lions,Cam Rayner,7,1,7,0,0,0,4
2024,7,2024-04-20,Gabba,Brisbane Lions,Geelong,Brisbane Lions,Brandon Starcevich,8,1,1,0,0,0,2
2024,7,2024-04-20,Gabba,Brisbane Lions,Geelong,Brisbane Lions,James Tunstill,3,0,8,0,0,0,3
2024,7,2024-04-20,Gabba,Brisbane Lions,Geelong,Brisbane Lions,Darcy Wilmot,16,1,10,0,0,0,2
2024,7,2024-04-20,Gabba,Brisbane Lions,Geelong,Brisbane Lions,Dayne Zorko,20,8,6,2,0,0,6
2024,7,2024-04-20,Gabba,Brisbane Lions,Geelong,Geelong,Tom Atkins,9,1,8,0,0,0,4
2024,7,2024-04-20,Gabba,Brisbane Lions,Geelong,Geelong,Mark Blicavs,5,1,5,0,0,18,3
2024,7,2024-04-20,Gabba,Brisbane Lions,Geelong,Geelong,Jack Bowes,14,2,7,1,1,0,5
2024,7,2024-04-20,Gabba,Brisbane Lions,Geelong,Geelong,Tanner Bruhn,12,1,9,0,0,0,9
2024,7,2024-04-20,Gabba,Brisbane Lions,Geelong,Geelong,Jeremy Cameron,8,3,9,0,0,0,3
2024,7,2024-04-20,Gabba,Brisbane Lions,Geelong,Geelong,Jhye Clark,4,1,1,0,0,0,2
2024,7,2024-04-20,Gabba,Brisbane Lions,Geelong,Geelong,Brad Close,7,1,7,1,1,0,3
2024,7,2024-04-20,Gabba,Brisbane Lions,Geelong,Geelong,Toby Conway,5,1,4,0,0,41,4
2024,7,2024-04-20,Gabba,Brisbane Lions,Geelong,Geelong,Patrick Dangerfield,11,1,9,0,0,0,6
2024,7,2024-04-20,Gabba,Brisbane Lions,Geelong,Geelong,Sam De Koning,6,1,6,0,0,0,2
2024,7,2024-04-20,Gabba,Brisbane Lions,Geelong,Geelong,Oliver Dempsey,8,0,5,0,2,0,5
2024,7,2024-04-20,Gabba,Brisbane Lions,Geelong,Geelong,Mitch Duncan,15,4,9,0,0,0,3
2024,7,2024-04-20,Gabba,Brisbane Lions,Geelong,Geelong,Zach Guthrie,19,4,2,0,0,0,2
2024,7,2024-04-20,Gabba,Brisbane Lions,Geelong,Geelong,Tom Hawkins,3,2,5,0,0,6,4
2024,7,2024-04-20,Gabba,Brisbane Lions,Geelong,Geelong,Jack Henry,5,4,2,0,0,0,1
2024,7,2024-04-20,Gabba,Brisbane Lions,Geelong,Geelong,Oliver Henry,5,1,3,2,0,0,1
2024,7,2024-04-20,Gabba,Brisbane Lions,Geelong,Geelong,Max Holmes,17,5,7,0,0,0,3
2024,7,2024-04-20,Gabba,Brisbane Lions,Geelong,Geelong,Jake Kolodjashnij,6,2,1,0,0,0,3
2024,7,2024-04-20,Gabba,Brisbane Lions,Geelong,Geelong,Gryan Miers,15,4,5,1,2,0,5
2024,7,2024-04-20,Gabba,Brisbane Lions,Geelong,Geelong,Mark OConnor,8,5,8,1,1,0,6
2024,7,2024-04-20,Gabba,Brisbane Lions,Geelong,Geelong,Brandan Parfitt,9,1,8,1,0,0,6
2024,7,2024-04-20,Gabba,Brisbane Lions,Geelong,Geelong,Tyson Stengle,11,2,6,2,0,0,3
2024,7,2024-04-20,Gabba,Brisbane Lions,Geelong,Geelong,Tom Stewart,10,3,0,0,0,0,2
2024,7,2024-04-20,Perth Stadium,West Coast,Fremantle,West Coast,Tom Barrass,13,11,2,0,0,0,0
2024,7,2024-04-20,Perth Stadium,West Coast,Fremantle,West Coast,Tyler Brockman,7,5,5,0,0,0,3
2024,7,2024-04-20,Perth Stadium,West Coast,Fremantle,West Coast,Campbell Chesser,5,1,2,1,0,0,2
2024,7,2024-04-20,Perth Stadium,West Coast,Fremantle,West Coast,Tom Cole,10,6,5,0,0,0,2
2024,7,2024-04-20,Perth Stadium,West Coast,Fremantle,West Coast,Jamie Cripps,8,6,5,1,0,0,5
2024,7,2024-04-20,Perth Stadium,West Coast,Fremantle,West Coast,Jack Darling,6,4,6,2,1,3,2
2024,7,2024-04-20,Perth Stadium,West Coast,Fremantle,West Coast,Liam Duggan,17,7,5,0,0,0,2
2024,7,2024-04-20,Perth Stadium,West Coast,Fremantle,West Coast,Reuben Ginbey,7,2,11,0,0,0,4
2024,7,2024-04-20,Perth Stadium,West Coast,Fremantle,West Coast,Brady Hough,9,4,8,0,0,0,1
2024,7,2024-04-20,Perth Stadium,West Coast,Fremantle,West Coast,Jayden Hunt,5,3,6,0,0,0,4
2024,7,2024-04-20,Perth Stadium,West Coast,Fremantle,West Coast,Tim Kelly,18,5,6,0,1,0,7
2024,7,2024-04-20,Perth Stadium,West Coast,Fremantle,West Coast,Noah Long,5,2,3,1,0,0,0
2024,7,2024-04-20,Perth Stadium,West Coast,Fremantle,West Coast,Ryan Maric,9,6,4,1,0,0,2
2024,7,2024-04-20,Perth Stadium,West Coast,Fremantle,West Coast,Jeremy McGovern,17,9,3,0,1,0,0
2024,7,2024-04-20,Perth Stadium,West Coast,Fremantle,West Coast,Jack Petruccelle,5,3,5,0,1,0,3
2024,7,2024-04-20,Perth Stadium,West Coast,Fremantle,West Coast,Harley Reid,10,3,9,3,1,0,2
2024,7,2024-04-20,Perth Stadium,West Coast,Fremantle,West Coast,Josh Rotham,10,7,1,0,0,0,0
2024,7,2024-04-20,Perth Stadium,West Coast,Fremantle,West Coast,Dom Sheed,1,0,1,0,0,0,0
2024,7,2024-04-20,Perth Stadium,West Coast,Fremantle,West Coast,Jake Waterman,10,8,1,5,2,0,2
2024,7,2024-04-20,Perth Stadium,West Coast,Fremantle,West Coast,Bailey Williams,6,4,7,0,1,18,2
2024,7,2024-04-20,Perth Stadium,West Coast,Fremantle,West Coast,Jack Williams,2,2,4,1,0,3,2
2024,7,2024-04-20,Perth Stadium,West Coast,Fremantle,West Coast,Alex Witherden,8,3,4,0,0,0,1
2024,7,2024-04-20,Perth Stadium,West Coast,Fremantle,West Coast,Elliot Yeo,16,0,10,1,1,0,3
2024,7,2024-04-20,Perth Stadium,West Coast,Fremantle,Fremantle,James Aish,6,2,3,0,0,0,0
2024,7,2024-04-20,Perth Stadium,West Coast,Fremantle,Fremantle,Jye Amiss,0,0,0,0,0,0,0
2024,7,2024-04-20,Perth Stadium,West Coast,Fremantle,Fremantle,Bailey Banfield,8,3,5,0,4,0,2
2024,7,2024-04-20,Perth Stadium,West Coast,Fremantle,Fremantle,Andrew Brayshaw,10,4,17,0,0,0,5
2024,7,2024-04-20,Perth Stadium,West Coast,Fremantle,Fremantle,Jordan Clark,20,8,4,0,0,0,1
2024,7,2024-04-20,Perth Stadium,West Coast,Fremantle,Fremantle,Sean Darcy,10,4,3,0,0,30,4
2024,7,2024-04-20,Perth Stadium,West Coast,Fremantle,Fremantle,Josh Draper,7,9,5,0,0,0,1
2024,7,2024-04-20,Perth Stadium,West Coast,Fremantle,Fremantle,Tom Emmett,9,4,2,1,0,0,2
2024,7,2024-04-20,Perth Stadium,West Coast,Fremantle,Fremantle,Neil Erasmus,3,3,6,0,0,0,3
2024,7,2024-04-20,Perth Stadium,West Coast,Fremantle,Fremantle,Nat Fyfe,10,1,16,0,0,0,4
2024,7,2024-04-20,Perth Stadium,West Coast,Fremantle,Fremantle,Ethan Hughes,9,6,5,0,0,0,2
2024,7,2024-04-20,Perth Stadium,West Coast,Fremantle,Fremantle,Luke Jackson,4,1,8,2,1,17,0
2024,7,2024-04-20,Perth Stadium,West Coast,Fremantle,Fremantle,Matthew Johnson,8,2,5,1,0,0,1
2024,7,2024-04-20,Perth Stadium,West Coast,Fremantle,Fremantle,Jaeger OMeara,4,2,9,0,0,0,2
2024,7,2024-04-20,Perth Stadium,West Coast,Fremantle,Fremantle,Alex Pearce,11,10,6,0,0,0,1
2024,7,2024-04-20,Perth Stadium,West Coast,Fremantle,Fremantle,Luke Ryan,13,6,3,0,0,0,0
2024,7,2024-04-20,Perth Stadium,West Coast,Fremantle,Fremantle,Caleb Serong,15,6,12,0,0,0,6
2024,7,2024-04-20,Perth Stadium,West Coast,Fremantle,Fremantle,Jeremy Sharp,14,5,3,1,0,0,2
2024,7,2024-04-20,Perth Stadium,West Coast,Fremantle,Fremantle,Sam Sturt,3,2,3,2,0,0,0
2024,7,2024-04-20,Perth Stadium,West Coast,Fremantle,Fremantle,Josh Treacy,7,6,4,2,1,5,2
2024,7,2024-04-20,Perth Stadium,West Coast,Fremantle,Fremantle,Brandon Walker,8,3,3,0,0,0,3
2024,7,2024-04-20,Perth Stadium,West Coast,Fremantle,Fremantle,Michael Walters,3,0,4,1,0,0,4
2024,7,2024-04-20,Perth Stadium,West Coast,Fremantle,Fremantle,Hayden Young,12,7,9,0,0,0,4
2024,7,2024-04-21,S.C.G.,Sydney,Gold Coast,Sydney,Taylor Adams,10,5,8,0,0,0,6
2024,7,2024-04-21,S.C.G.,Sydney,Gold Coast,Sydney,Joel Amartey,5,2,1,4,0,0,3
2024,7,2024-04-21,S.C.G.,Sydney,Gold Coast,Sydney,Nick Blakey,14,8,7,0,0,0,1
2024,7,2024-04-21,S.C.G.,Sydney,Gold Coast,Sydney,Braeden Campbell,0,0,1,0,0,0,1
2024,7,2024-04-21,S.C.G.,Sydney,Gold Coast,Sydney,Harry Cunningham,10,4,6,0,0,0,3
2024,7,2024-04-21,S.C.G.,Sydney,Gold Coast,Sydney,Oliver Florent,14,4,11,0,1,0,2
2024,7,2024-04-21,S.C.G.,Sydney,Gold Coast,Sydney,Robbie Fox,6,6,7,0,0,0,4
2024,7,2024-04-21,S.C.G.,Sydney,Gold Coast,Sydney,Brodie Grundy,5,4,19,1,1,29,11
2024,7,2024-04-21,S.C.G.,Sydney,Gold Coast,Sydney,Errol Gulden,20,4,10,0,0,0,2
2024,7,2024-04-21,S.C.G.,Sydney,Gold Coast,Sydney,Will Hayward,7,4,1,2,0,0,1
2024,7,2024-04-21,S.C.G.,Sydney,Gold Coast,Sydney,Isaac Heeney,18,6,10,1,0,0,5
2024,7,2024-04-21,S.C.G.,Sydney,Gold Coast,Sydney,James Jordon,4,3,11,1,0,0,6
2024,7,2024-04-21,S.C.G.,Sydney,Gold Coast,Sydney,Jake Lloyd,9,5,6,0,0,0,2
2024,7,2024-04-21,S.C.G.,Sydney,Gold Coast,Sydney,Tom McCartin,5,3,4,0,0,0,0
2024,7,2024-04-21,S.C.G.,Sydney,Gold Coast,Sydney,Logan McDonald,4,4,1,2,1,0,0
2024,7,2024-04-21,S.C.G.,Sydney,Gold Coast,Sydney,Justin McInerney,11,7,15,0,1,0,4
2024,7,2024-04-21,S.C.G.,Sydney,Gold Coast,Sydney,Hayden McLean,8,5,3,0,1,9,4
2024,7,2024-04-21,S.C.G.,Sydney,Gold Coast,Sydney,Lewis Melican,7,4,4,0,0,0,3
2024,7,2024-04-21,S.C.G.,Sydney,Gold Coast,Sydney,Tom Papley,6,5,7,3,1,0,0
2024,7,2024-04-21,S.C.G.,Sydney,Gold Coast,Sydney,Matt Roberts,15,5,8,0,0,0,4
2024,7,2024-04-21,S.C.G.,Sydney,Gold Coast,Sydney,James Rowbottom,9,3,10,0,0,0,8
2024,7,2024-04-21,S.C.G.,Sydney,Gold Coast,Sydney,Chad Warner,11,7,11,1,1,0,2
2024,7,2024-04-21,S.C.G.,Sydney,Gold Coast,Sydney,Sam Wicks,7,5,1,2,1,0,1
2024,7,2024-04-21,S.C.G.,Sydney,Gold Coast,Gold Coast,Ben Ainsworth,6,2,9,0,0,0,1
2024,7,2024-04-21,S.C.G.,Sydney,Gold Coast,Gold Coast,Noah Anderson,8,4,11,1,0,0,2
2024,7,2024-04-21,S.C.G.,Sydney,Gold Coast,Gold Coast,Mac Andrew,12,7,7,0,1,0,1
2024,7,2024-04-21,S.C.G.,Sydney,Gold Coast,Gold Coast,Charlie Ballard,6,4,5,0,0,0,2
2024,7,2024-04-21,S.C.G.,Sydney,Gold Coast,Gold Coast,Tom Berry,14,7,8,0,1,0,2
2024,7,2024-04-21,S.C.G.,Sydney,Gold Coast,Gold Coast,Sam Clohesy,8,6,8,1,0,0,3
2024,7,2024-04-21,S.C.G.,Sydney,Gold Coast,Gold Coast,Sam Collins,9,6,3,0,0,0,0
2024,7,2024-04-21,S.C.G.,Sydney,Gold Coast,Gold Coast,Brayden Fiorini,16,7,11,1,1,0,2
2024,7,2024-04-21,S.C.G.,Sydney,Gold Coast,Gold Coast,Sam Flanders,29,8,5,0,0,0,2
2024,7,2024-04-21,S.C.G.,Sydney,Gold Coast,Gold Coast,Will Graham,4,1,7,0,0,0,5
2024,7,2024-04-21,S.C.G.,Sydney,Gold Coast,Gold Coast,Nick Holman,5,2,3,0,2,0,3
2024,7,2024-04-21,S.C.G.,Sydney,Gold Coast,Gold Coast,Bailey Humphrey,4,1,3,1,1,0,3
2024,7,2024-04-21,S.C.G.,Sydney,Gold Coast,Gold Coast,Ben King,5,3,2,2,0,0,1
2024,7,2024-04-21,S.C.G.,Sydney,Gold Coast,Gold Coast,Jack Lukosius,13,10,4,0,0,0,1
2024,7,2024-04-21,S.C.G.,Sydney,Gold Coast,Gold Coast,Touk Miller,12,3,11,1,0,0,7
2024,7,2024-04-21,S.C.G.,Sydney,Gold Coast,Gold Coast,Wil Powell,11,4,6,0,1,0,1
2024,7,2024-04-21,S.C.G.,Sydney,Gold Coast,Gold Coast,Ethan Read,1,2,3,0,0,6,1
2024,7,2024-04-21,S.C.G.,Sydney,Gold Coast,Gold Coast,Jake Rogers,4,1,3,0,0,0,1
2024,7,2024-04-21,S.C.G.,Sydney,Gold Coast,Gold Coast,Matt Rowell,8,0,12,0,0,0,12
2024,7,2024-04-21,S.C.G.,Sydney,Gold Coast,Gold Coast,David Swallow,0,1,4,0,0,0,0
2024,7,2024-04-21,S.C.G.,Sydney,Gold Coast,Gold Coast,Bodhi Uwland,1,0,5,0,0,0,1
2024,7,2024-04-21,S.C.G.,Sydney,Gold Coast,Gold Coast,Jed Walter,5,3,3,1,1,0,4
2024,7,2024-04-21,S.C.G.,Sydney,Gold Coast,Gold Coast,Jarrod Witts,11,3,8,0,0,31,7
2024,7,2024-04-21,Docklands,North Melbourne,Hawthorn,North Melbourne,Charlie Comben,6,4,2,0,0,1,1
2024,7,2024-04-21,Docklands,North Melbourne,Hawthorn,North Melbourne,Aidan Corr,11,4,3,0,0,0,5
2024,7,2024-04-21,Docklands,North Melbourne,Hawthorn,North Melbourne,Paul Curtis,13,6,2,3,2,0,2
2024,7,2024-04-21,Docklands,North Melbourne,Hawthorn,North Melbourne,Luke Davies-Uniacke,11,2,12,0,0,0,4
2024,7,2024-04-21,Docklands,North Melbourne,Hawthorn,North Melbourne,Blake Drury,7,3,2,1,0,0,1
2024,7,2024-04-21,Docklands,North Melbourne,Hawthorn,North Melbourne,Zane Duursma,3,1,4,0,0,0,1
2024,7,2024-04-21,Docklands,North Melbourne,Hawthorn,North Melbourne,Zac Fisher,8,5,6,0,0,0,2
2024,7,2024-04-21,Docklands,North Melbourne,Hawthorn,North Melbourne,Eddie Ford,2,0,3,1,0,0,0
2024,7,2024-04-21,Docklands,North Melbourne,Hawthorn,North Melbourne,Nick Larkey,9,6,2,3,1,3,1
2024,7,2024-04-21,Docklands,North Melbourne,Hawthorn,North Melbourne,Charlie Lazzaro,3,2,8,0,0,0,1
2024,7,2024-04-21,Docklands,North Melbourne,Hawthorn,North Melbourne,Luke McDonald,5,3,5,0,0,0,0
2024,7,2024-04-21,Docklands,North Melbourne,Hawthorn,North Melbourne,Colby McKercher,7,5,10,0,0,0,2
2024,7,2024-04-21,Docklands,North Melbourne,Hawthorn,North Melbourne,Bigoa Nyuon,7,4,4,0,0,0,3
2024,7,2024-04-21,Docklands,North Melbourne,Hawthorn,North Melbourne,Will Phillips,3,1,11,0,0,0,4
2024,7,2024-04-21,Docklands,North Melbourne,Hawthorn,North Melbourne,Tom Powell,10,5,10,0,1,0,4
2024,7,2024-04-21,Docklands,North Melbourne,Hawthorn,North Melbourne,Bailey Scott,13,6,8,0,0,0,3
2024,7,2024-04-21,Docklands,North Melbourne,Hawthorn,North Melbourne,Tyler Sellers,0,0,2,0,0,0,0
2024,7,2024-04-21,Docklands,North Melbourne,Hawthorn,North Melbourne,Harry Sheezel,16,7,10,0,0,0,4
2024,7,2024-04-21,Docklands,North Melbourne,Hawthorn,North Melbourne,Jy Simpkin,8,1,9,1,0,0,5
2024,7,2024-04-21,Docklands,North Melbourne,Hawthorn,North Melbourne,Dylan Stephens,12,4,6,0,0,0,1
2024,7,2024-04-21,Docklands,North Melbourne,Hawthorn,North Melbourne,Darcy Tucker,11,6,6,1,0,0,1
2024,7,2024-04-21,Docklands,North Melbourne,Hawthorn,North Melbourne,Tristan Xerri,10,2,8,0,0,44,10
2024,7,2024-04-21,Docklands,North Melbourne,Hawthorn,North Melbourne,Cameron Zurhaar,5,3,6,0,2,0,2
2024,7,2024-04-21,Docklands,North Melbourne,Hawthorn,Hawthorn,Karl Amon,11,8,3,2,0,0,3
2024,7,2024-04-21,Docklands,North Melbourne,Hawthorn,Hawthorn,Mabior Chol,9,6,2,2,2,4,5
2024,7,2024-04-21,Docklands,North Melbourne,Hawthorn,Hawthorn,Massimo DAmbrosio,6,3,3,0,0,0,0
2024,7,2024-04-21,Docklands,North Melbourne,Hawthorn,Hawthorn,Sam Frost,8,4,6,0,0,0,4
2024,7,2024-04-21,Docklands,North Melbourne,Hawthorn,Hawthorn,Jack Ginnivan,12,5,4,2,1,0,4
2024,7,2024-04-21,Docklands,North Melbourne,Hawthorn,Hawthorn,Jack Gunston,12,8,4,1,3,0,4
2024,7,2024-04-21,Docklands,North Melbourne,Hawthorn,Hawthorn,Blake Hardwick,4,2,2,0,0,0,3
2024,7,2024-04-21,Docklands,North Melbourne,Hawthorn,Hawthorn,Henry Hustwaite,1,0,3,0,0,0,1
2024,7,2024-04-21,Docklands,North Melbourne,Hawthorn,Hawthorn,Jarman Impey,18,10,4,0,0,0,3
2024,7,2024-04-21,Docklands,North Melbourne,Hawthorn,Hawthorn,Connor Macdonald,12,10,12,1,1,0,0
2024,7,2024-04-21,Docklands,North Melbourne,Hawthorn,Hawthorn,Cam Mackenzie,9,5,8,0,2,0,3
2024,7,2024-04-21,Docklands,North Melbourne,Hawthorn,Hawthorn,Finn Maginness,9,5,5,1,0,0,0
2024,7,2024-04-21,Docklands,North Melbourne,Hawthorn,Hawthorn,Lloyd Meek,5,1,5,2,0,24,3
2024,7,2024-04-21,Docklands,North Melbourne,Hawthorn,Hawthorn,Seamus Mitchell,6,1,4,0,0,0,4
2024,7,2024-04-21,Docklands,North Melbourne,Hawthorn,Hawthorn,Dylan Moore,11,5,9,4,0,0,1
2024,7,2024-04-21,Docklands,North Melbourne,Hawthorn,Hawthorn,Harry Morrison,17,7,9,1,0,0,2
2024,7,2024-04-21,Docklands,North Melbourne,Hawthorn,Hawthorn,Conor Nash,14,5,18,0,0,0,8
2024,7,2024-04-21,Docklands,North Melbourne,Hawthorn,Hawthorn,Jai Newcombe,13,2,19,0,0,0,6
2024,7,2024-04-21,Docklands,North Melbourne,Hawthorn,Hawthorn,Jack Scrimshaw,14,7,6,0,0,0,4
2024,7,2024-04-21,Docklands,North Melbourne,Hawthorn,Hawthorn,Jai Serong,7,4,4,0,0,0,0
2024,7,2024-04-21,Docklands,North Melbourne,Hawthorn,Hawthorn,James Sicily,11,4,8,0,0,0,1
2024,7,2024-04-21,Docklands,North Melbourne,Hawthorn,Hawthorn,Josh Weddle,11,5,1,1,1,1,3
2024,7,2024-04-21,Docklands,North Melbourne,Hawthorn,Hawthorn,James Worpel,7,1,6,0,0,0,4
2024,8,2024-04-24,M.C.G.,Richmond,Melbourne,Richmond,Liam Baker,9,3,14,0,1,0,5
2024,8,2024-04-24,M.C.G.,Richmond,Melbourne,Richmond,Sam Banks,10,4,2,0,0,0,3
2024,8,2024-04-24,M.C.G.,Richmond,Melbourne,Richmond,Shai Bolton,15,8,3,1,0,0,1
2024,8,2024-04-24,M.C.G.,Richmond,Melbourne,Richmond,Nathan Broad,13,8,6,0,0,0,2
2024,8,2024-04-24,M.C.G.,Richmond,Melbourne,Richmond,Tom Brown,12,5,4,0,1,0,0
2024,8,2024-04-24,M.C.G.,Richmond,Melbourne,Richmond,Seth Campbell,5,3,2,0,0,0,2
2024,8,2024-04-24,M.C.G.,Richmond,Melbourne,Richmond,Thomson Dow,7,1,15,0,1,0,8
2024,8,2024-04-24,M.C.G.,Richmond,Melbourne,Richmond,Jack Graham,7,3,8,0,0,0,1
2024,8,2024-04-24,M.C.G.,Richmond,Melbourne,Richmond,Dylan Grimes,6,5,5,0,1,0,0
2024,8,2024-04-24,M.C.G.,Richmond,Melbourne,Richmond,Jacob Hopper,10,2,13,0,0,0,2
2024,8,2024-04-24,M.C.G.,Richmond,Melbourne,Richmond,Mykelti Lefau,5,3,4,1,0,3,2
2024,8,2024-04-24,M.C.G.,Richmond,Melbourne,Richmond,Rhyan Mansell,5,1,6,0,0,0,1
2024,8,2024-04-24,M.C.G.,Richmond,Melbourne,Richmond,Dustin Martin,11,6,7,1,1,0,0
2024,8,2024-04-24,M.C.G.,Richmond,Melbourne,Richmond,Kamdyn McIntosh,5,3,2,0,0,0,1
2024,8,2024-04-24,M.C.G.,Richmond,Melbourne,Richmond,Ben Miller,5,7,4,0,0,0,5
2024,8,2024-04-24,M.C.G.,Richmond,Melbourne,Richmond,Sam Naismith,3,4,6,0,0,9,2
2024,8,2024-04-24,M.C.G.,Richmond,Melbourne,Richmond,Toby Nankervis,5,7,13,0,0,15,4
2024,8,2024-04-24,M.C.G.,Richmond,Melbourne,Richmond,Marlion Pickett,10,4,10,0,1,0,5
2024,8,2024-04-24,M.C.G.,Richmond,Melbourne,Richmond,Hugo Ralphsmith,10,6,11,0,0,0,3
2024,8,2024-04-24,M.C.G.,Richmond,Melbourne,Richmond,Daniel Rioli,14,5,9,0,0,0,3
2024,8,2024-04-24,M.C.G.,Richmond,Melbourne,Richmond,Maurice Rioli,10,7,4,2,2,0,4
2024,8,2024-04-24,M.C.G.,Richmond,Melbourne,Richmond,Nick Vlastuin,17,7,3,0,0,0,1
2024,8,2024-04-24,M.C.G.,Richmond,Melbourne,Richmond,Tylar Young,11,6,1,0,0,0,2
2024,8,2024-04-24,M.C.G.,Richmond,Melbourne,Melbourne,Jack Billings,11,7,7,0,0,0,2
2024,8,2024-04-24,M.C.G.,Richmond,Melbourne,Melbourne,Kade Chandler,4,2,5,0,0,0,4
2024,8,2024-04-24,M.C.G.,Richmond,Melbourne,Melbourne,Bayley Fritsch,10,5,1,2,1,0,0
2024,8,2024-04-24,M.C.G.,Richmond,Melbourne,Melbourne,Max Gawn,15,10,8,1,0,26,3
2024,8,2024-04-24,M.C.G.,Richmond,Melbourne,Melbourne,Blake Howes,12,8,5,0,0,0,2
2024,8,2024-04-24,M.C.G.,Richmond,Melbourne,Melbourne,Ed Langdon,17,8,7,0,1,0,3
2024,8,2024-04-24,M.C.G.,Richmond,Melbourne,Melbourne,Bailey Laurie,5,2,0,2,0,0,0
2024,8,2024-04-24,M.C.G.,Richmond,Melbourne,Melbourne,Jake Lever,16,10,10,0,0,0,0
2024,8,2024-04-24,M.C.G.,Richmond,Melbourne,Melbourne,Steven May,21,12,2,0,0,0,0
2024,8,2024-04-24,M.C.G.,Richmond,Melbourne,Melbourne,Tom McDonald,11,8,3,0,0,0,2
2024,8,2024-04-24,M.C.G.,Richmond,Melbourne,Melbourne,Judd McVee,11,4,3,0,0,0,2
2024,8,2024-04-24,M.C.G.,Richmond,Melbourne,Melbourne,Alex Neal-Bullen,8,7,10,0,0,0,5
2024,8,2024-04-24,M.C.G.,Richmond,Melbourne,Melbourne,Clayton Oliver,9,2,13,0,0,0,3
2024,8,2024-04-24,M.C.G.,Richmond,Melbourne,Melbourne,Christian Petracca,8,1,15,1,1,0,2
2024,8,2024-04-24,M.C.G.,Richmond,Melbourne,Melbourne,Harry Petty,4,3,2,0,0,0,1
2024,8,2024-04-24,M.C.G.,Richmond,Melbourne,Melbourne,Kysaiah Pickett,13,4,7,2,1,0,2
2024,8,2024-04-24,M.C.G.,Richmond,Melbourne,Melbourne,Trent Rivers,18,12,6,0,0,0,1
2024,8,2024-04-24,M.C.G.,Richmond,Melbourne,Melbourne,Tom Sparrow,6,3,10,0,0,0,3
2024,8,2024-04-24,M.C.G.,Richmond,Melbourne,Melbourne,Daniel Turner,10,8,3,3,1,0,1
2024,8,2024-04-24,M.C.G.,Richmond,Melbourne,Melbourne,Jacob van Rooyen,7,2,4,1,0,1,1
2024,8,2024-04-24,M.C.G.,Richmond,Melbourne,Melbourne,Jack Viney,10,3,5,0,0,0,6
2024,8,2024-04-24,M.C.G.,Richmond,Melbourne,Melbourne,Caleb Windsor,8,3,6,1,0,0,4
2024,8,2024-04-24,M.C.G.,Richmond,Melbourne,Melbourne,Taj Woewodin,7,5,7,0,0,0,5
2024,8,2024-04-25,M.C.G.,Essendon,Collingwood,Essendon,Jye Caldwell,8,2,16,0,0,0,3
2024,8,2024-04-25,M.C.G.,Essendon,Collingwood,Essendon,Nik Cox,10,7,7,0,0,0,3
2024,8,2024-04-25,M.C.G.,Essendon,Collingwood,Essendon,Alwyn Davey,6,1,4,1,0,0,0
2024,8,2024-04-25,M.C.G.,Essendon,Collingwood,Essendon,Sam Draper,6,5,5,1,0,12,2
2024,8,2024-04-25,M.C.G.,Essendon,Collingwood,Essendon,Sam Durham,11,5,11,0,0,0,2
2024,8,2024-04-25,M.C.G.,Essendon,Collingwood,Essendon,Xavier Duursma,9,5,11,0,0,0,2
2024,8,2024-04-25,M.C.G.,Essendon,Collingwood,Essendon,Todd Goldstein,1,2,6,0,0,19,0
2024,8,2024-04-25,M.C.G.,Essendon,Collingwood,Essendon,Jade Gresham,5,2,11,0,1,0,2
2024,8,2024-04-25,M.C.G.,Essendon,Collingwood,Essendon,Dyson Heppell,15,10,12,0,0,0,1
2024,8,2024-04-25,M.C.G.,Essendon,Collingwood,Essendon,Nick Hind,3,2,3,0,0,0,0
2024,8,2024-04-25,M.C.G.,Essendon,Collingwood,Essendon,Ben Hobbs,4,1,10,0,0,0,5
2024,8,2024-04-25,M.C.G.,Essendon,Collingwood,Essendon,Harry Jones,8,4,3,1,3,0,0
2024,8,2024-04-25,M.C.G.,Essendon,Collingwood,Essendon,Jake Kelly,11,5,4,0,0,0,3
2024,8,2024-04-25,M.C.G.,Essendon,Collingwood,Essendon,Kyle Langford,9,7,5,4,2,0,1
2024,8,2024-04-25,M.C.G.,Essendon,Collingwood,Essendon,Jayden Laverde,8,7,4,0,0,0,0
2024,8,2024-04-25,M.C.G.,Essendon,Collingwood,Essendon,Nic Martin,19,4,11,1,0,0,4
2024,8,2024-04-25,M.C.G.,Essendon,Collingwood,Essendon,Andrew McGrath,23,8,8,0,0,0,3
2024,8,2024-04-25,M.C.G.,Essendon,Collingwood,Essendon,Ben McKay,6,6,5,0,0,0,2
2024,8,2024-04-25,M.C.G.,Essendon,Collingwood,Essendon,Zach Merrett,17,3,13,0,1,0,9
2024,8,2024-04-25,M.C.G.,Essendon,Collingwood,Essendon,Darcy Parish,18,6,7,1,0,0,5
2024,8,2024-04-25,M.C.G.,Essendon,Collingwood,Essendon,Mason Redman,11,2,5,0,0,0,1
2024,8,2024-04-25,M.C.G.,Essendon,Collingwood,Essendon,Jake Stringer,11,3,8,1,3,0,2
2024,8,2024-04-25,M.C.G.,Essendon,Collingwood,Essendon,Peter Wright,6,5,2,2,1,0,1
2024,8,2024-04-25,M.C.G.,Essendon,Collingwood,Collingwood,Darcy Cameron,7,3,8,0,0,16,4
2024,8,2024-04-25,M.C.G.,Essendon,Collingwood,Collingwood,Mason Cox,5,3,1,0,0,9,1
2024,8,2024-04-25,M.C.G.,Essendon,Collingwood,Collingwood,Jack Crisp,2,1,9,0,0,0,8
2024,8,2024-04-25,M.C.G.,Essendon,Collingwood,Collingwood,Josh Daicos,12,3,4,1,0,0,3
2024,8,2024-04-25,M.C.G.,Essendon,Collingwood,Collingwood,Nick Daicos,18,2,9,1,0,0,4
2024,8,2024-04-25,M.C.G.,Essendon,Collingwood,Collingwood,Jordan de Goey,8,4,15,0,1,0,6
2024,8,2024-04-25,M.C.G.,Essendon,Collingwood,Collingwood,Jamie Elliott,6,2,5,2,1,0,4
2024,8,2024-04-25,M.C.G.,Essendon,Collingwood,Collingwood,Billy Frampton,5,3,2,0,1,0,1
2024,8,2024-04-25,M.C.G.,Essendon,Collingwood,Collingwood,Harvey Harrison,4,2,3,1,0,0,0
2024,8,2024-04-25,M.C.G.,Essendon,Collingwood,Collingwood,Bobby Hill,8,5,1,0,3,0,1
2024,8,2024-04-25,M.C.G.,Essendon,Collingwood,Collingwood,Will Hoskin-Elliott,3,3,0,1,0,0,2
2024,8,2024-04-25,M.C.G.,Essendon,Collingwood,Collingwood,Jeremy Howe,13,4,5,0,0,0,1
2024,8,2024-04-25,M.C.G.,Essendon,Collingwood,Collingwood,Patrick Lipinski,6,3,7,1,0,0,5
2024,8,2024-04-25,M.C.G.,Essendon,Collingwood,Collingwood,Brayden Maynard,11,7,4,0,0,0,2
2024,8,2024-04-25,M.C.G.,Essendon,Collingwood,Collingwood,Beau McCreery,6,1,1,1,1,0,5
2024,8,2024-04-25,M.C.G.,Essendon,Collingwood,Collingwood,Brody Mihocek,11,7,4,3,3,0,0
2024,8,2024-04-25,M.C.G.,Essendon,Collingwood,Collingwood,Tom Mitchell,5,1,14,0,0,0,3
2024,8,2024-04-25,M.C.G.,Essendon,Collingwood,Collingwood,Darcy Moore,14,8,9,0,0,0,0
2024,8,2024-04-25,M.C.G.,Essendon,Collingwood,Collingwood,John Noble,10,3,9,0,0,0,4
2024,8,2024-04-25,M.C.G.,Essendon,Collingwood,Collingwood,Scott Pendlebury,14,6,9,0,0,0,5
2024,8,2024-04-25,M.C.G.,Essendon,Collingwood,Collingwood,Isaac Quaynor,5,2,6,0,0,0,2
2024,8,2024-04-25,M.C.G.,Essendon,Collingwood,Collingwood,Lachie Schultz,8,4,5,1,1,0,4
2024,8,2024-04-25,M.C.G.,Essendon,Collingwood,Collingwood,Steele Sidebottom,7,2,0,0,0,0,2
2024,8,2024-04-25,Manuka Oval,Greater Western Sydney,Brisbane Lions,Greater Western Sydney,Leek Aleer,6,5,5,0,0,0,0
2024,8,2024-04-25,Manuka Oval,Greater Western Sydney,Brisbane Lions,Greater Western Sydney,Lachie Ash,13,9,6,0,0,0,1
2024,8,2024-04-25,Manuka Oval,Greater Western Sydney,Brisbane Lions,Greater Western Sydney,Toby Bedford,1,0,7,0,0,0,5
2024,8,2024-04-25,Manuka Oval,Greater Western Sydney,Brisbane Lions,Greater Western Sydney,Kieren Briggs,11,2,5,0,0,34,3
2024,8,2024-04-25,Manuka Oval,Greater Western Sydney,Brisbane Lions,Greater Western Sydney,Callum Brown,5,3,5,3,0,0,3
2024,8,2024-04-25,Manuka Oval,Greater Western Sydney,Brisbane Lions,Greater Western Sydney,Jack Buckley,10,7,4,0,0,0,1
2024,8,2024-04-25,Manuka Oval,Greater Western Sydney,Brisbane Lions,Greater Western Sydney,Aaron Cadman,3,0,2,1,0,0,5
2024,8,2024-04-25,Manuka Oval,Greater Western Sydney,Brisbane Lions,Greater Western Sydney,Finn Callaghan,16,5,16,0,1,0,3
2024,8,2024-04-25,Manuka Oval,Greater Western Sydney,Brisbane Lions,Greater Western Sydney,Brent Daniels,0,0,0,0,0,0,0
2024,8,2024-04-25,Manuka Oval,Greater Western Sydney,Brisbane Lions,Greater Western Sydney,Tom Green,16,5,21,1,1,0,5
2024,8,2024-04-25,Manuka Oval,Greater Western Sydney,Brisbane Lions,Greater Western Sydney,Harry Himmelberg,17,12,10,0,0,0,0
2024,8,2024-04-25,Manuka Oval,Greater Western Sydney,Brisbane Lions,Greater Western Sydney,Jesse Hogan,5,4,3,1,2,0,2
2024,8,2024-04-25,Manuka Oval,Greater Western Sydney,Brisbane Lions,Greater Western Sydney,Connor Idun,8,5,4,0,0,0,1
2024,8,2024-04-25,Manuka Oval,Greater Western Sydney,Brisbane Lions,Greater Western Sydney,Darcy Jones,10,4,5,2,1,0,2
2024,8,2024-04-25,Manuka Oval,Greater Western Sydney,Brisbane Lions,Greater Western Sydney,Josh Kelly,17,10,8,1,1,0,5
2024,8,2024-04-25,Manuka Oval,Greater Western Sydney,Brisbane Lions,Greater Western Sydney,Xavier OHalloran,9,3,5,1,1,0,3
2024,8,2024-04-25,Manuka Oval,Greater Western Sydney,Brisbane Lions,Greater Western Sydney,James Peatling,16,4,5,0,0,0,2
2024,8,2024-04-25,Manuka Oval,Greater Western Sydney,Brisbane Lions,Greater Western Sydney,Harry Perryman,19,7,4,2,0,0,1
2024,8,2024-04-25,Manuka Oval,Greater Western Sydney,Brisbane Lions,Greater Western Sydney,Jake Riccardi,8,6,4,3,0,1,2
2024,8,2024-04-25,Manuka Oval,Greater Western Sydney,Brisbane Lions,Greater Western Sydney,Harvey Thomas,4,4,10,2,0,0,6
2024,8,2024-04-25,Manuka Oval,Greater Western Sydney,Brisbane Lions,Greater Western Sydney,Callan Ward,15,6,7,0,0,0,4
2024,8,2024-04-25,Manuka Oval,Greater Western Sydney,Brisbane Lions,Greater Western Sydney,Jacob Wehr,6,5,6,0,0,0,0
2024,8,2024-04-25,Manuka Oval,Greater Western Sydney,Brisbane Lions,Greater Western Sydney,Lachie Whitfield,22,7,9,0,0,0,2
2024,8,2024-04-25,Manuka Oval,Greater Western Sydney,Brisbane Lions,Brisbane Lions,Callum Ah Chee,0,0,4,0,0,0,0
2024,8,2024-04-25,Manuka Oval,Greater Western Sydney,Brisbane Lions,Brisbane Lions,Harris Andrews,9,5,7,0,0,0,1
2024,8,2024-04-25,Manuka Oval,Greater Western Sydney,Brisbane Lions,Brisbane Lions,Noah Answerth,8,4,5,0,0,0,5
2024,8,2024-04-25,Manuka Oval,Greater Western Sydney,Brisbane Lions,Brisbane Lions,Jarrod Berry,10,9,11,0,0,0,2
2024,8,2024-04-25,Manuka Oval,Greater Western Sydney,Brisbane Lions,Brisbane Lions,Charlie Cameron,12,5,1,2,1,0,1
2024,8,2024-04-25,Manuka Oval,Greater Western Sydney,Brisbane Lions,Brisbane Lions,Joe Daniher,11,3,3,0,1,3,2
2024,8,2024-04-25,Manuka Oval,Greater Western Sydney,Brisbane Lions,Brisbane Lions,Josh Dunkley,10,4,10,0,0,0,9
2024,8,2024-04-25,Manuka Oval,Greater Western Sydney,Brisbane Lions,Brisbane Lions,Jaspa Fletcher,8,1,5,1,1,0,2
2024,8,2024-04-25,Manuka Oval,Greater Western Sydney,Brisbane Lions,Brisbane Lions,Darcy Fort,8,3,3,1,1,27,6
2024,8,2024-04-25,Manuka Oval,Greater Western Sydney,Brisbane Lions,Brisbane Lions,Darcy Gardiner,2,0,3,0,0,0,4
2024,8,2024-04-25,Manuka Oval,Greater Western Sydney,Brisbane Lions,Brisbane Lions,Eric Hipwood,5,6,1,0,1,0,2
2024,8,2024-04-25,Manuka Oval,Greater Western Sydney,Brisbane Lions,Brisbane Lions,Ryan Lester,11,9,10,0,0,0,1
2024,8,2024-04-25,Manuka Oval,Greater Western Sydney,Brisbane Lions,Brisbane Lions,Kai Lohmann,7,6,3,1,1,0,1
2024,8,2024-04-25,Manuka Oval,Greater Western Sydney,Brisbane Lions,Brisbane Lions,Lincoln McCarthy,7,3,2,1,2,0,1
2024,8,2024-04-25,Manuka Oval,Greater Western Sydney,Brisbane Lions,Brisbane Lions,Hugh McCluggage,16,7,10,0,1,0,1
2024,8,2024-04-25,Manuka Oval,Greater Western Sydney,Brisbane Lions,Brisbane Lions,Conor McKenna,15,4,2,0,0,0,3
2024,8,2024-04-25,Manuka Oval,Greater Western Sydney,Brisbane Lions,Brisbane Lions,Lachie Neale,8,3,13,0,0,0,1
2024,8,2024-04-25,Manuka Oval,Greater Western Sydney,Brisbane Lions,Brisbane Lions,Jack Payne,8,7,2,0,0,0,0
2024,8,2024-04-25,Manuka Oval,Greater Western Sydney,Brisbane Lions,Brisbane Lions,Cam Rayner,7,1,2,2,0,0,2
2024,8,2024-04-25,Manuka Oval,Greater Western Sydney,Brisbane Lions,Brisbane Lions,Brandon Starcevich,8,2,2,0,0,0,3
2024,8,2024-04-25,Manuka Oval,Greater Western Sydney,Brisbane Lions,Brisbane Lions,James Tunstill,2,2,2,0,0,0,0
2024,8,2024-04-25,Manuka Oval,Greater Western Sydney,Brisbane Lions,Brisbane Lions,Darcy Wilmot,10,2,4,0,0,0,3
2024,8,2024-04-25,Manuka Oval,Greater Western Sydney,Brisbane Lions,Brisbane Lions,Dayne Zorko,13,4,1,0,0,0,2
2024,8,2024-04-26,Adelaide Oval,Port Adelaide,St Kilda,Port Adelaide,Aliir Aliir,4,2,2,0,0,0,1
2024,8,2024-04-26,Adelaide Oval,Port Adelaide,St Kilda,Port Adelaide,Miles Bergman,13,9,6,0,1,0,1
2024,8,2024-04-26,Adelaide Oval,Port Adelaide,St Kilda,Port Adelaide,Travis Boak,8,2,7,0,2,0,8
2024,8,2024-04-26,Adelaide Oval,Port Adelaide,St Kilda,Port Adelaide,Jase Burgoyne,16,8,11,0,1,0,4
2024,8,2024-04-26,Adelaide Oval,Port Adelaide,St Kilda,Port Adelaide,Zak Butters,16,5,11,0,1,0,3
2024,8,2024-04-26,Adelaide Oval,Port Adelaide,St Kilda,Port Adelaide,Darcy Byrne-Jones,6,5,2,1,1,0,5
2024,8,2024-04-26,Adelaide Oval,Port Adelaide,St Kilda,Port Adelaide,Charlie Dixon,8,3,2,4,0,9,3
2024,8,2024-04-26,Adelaide Oval,Port Adelaide,St Kilda,Port Adelaide,Willem Drew,10,7,13,0,0,0,7
2024,8,2024-04-26,Adelaide Oval,Port Adelaide,St Kilda,Port Adelaide,Kane Farrell,18,10,2,0,0,0,2
2024,8,2024-04-26,Adelaide Oval,Port Adelaide,St Kilda,Port Adelaide,Mitch Georgiades,5,3,3,1,4,0,1
2024,8,2024-04-26,Adelaide Oval,Port Adelaide,St Kilda,Port Adelaide,Jason Horne-Francis,14,6,6,0,1,0,2
2024,8,2024-04-26,Adelaide Oval,Port Adelaide,St Kilda,Port Adelaide,Dan Houston,17,6,9,0,0,0,3
2024,8,2024-04-26,Adelaide Oval,Port Adelaide,St Kilda,Port Adelaide,Lachie Jones,10,3,5,0,0,0,3
2024,8,2024-04-26,Adelaide Oval,Port Adelaide,St Kilda,Port Adelaide,Todd Marshall,5,3,3,0,2,0,2
2024,8,2024-04-26,Adelaide Oval,Port Adelaide,St Kilda,Port Adelaide,Jackson Mead,10,1,2,0,0,0,4
2024,8,2024-04-26,Adelaide Oval,Port Adelaide,St Kilda,Port Adelaide,Sam Powell-Pepper,7,2,0,1,2,0,4
2024,8,2024-04-26,Adelaide Oval,Port Adelaide,St Kilda,Port Adelaide,Esava Ratugolea,11,5,3,0,0,0,2
2024,8,2024-04-26,Adelaide Oval,Port Adelaide,St Kilda,Port Adelaide,Willie Rioli,4,3,6,2,0,0,4
2024,8,2024-04-26,Adelaide Oval,Port Adelaide,St Kilda,Port Adelaide,Connor Rozee,12,4,7,1,0,0,5
2024,8,2024-04-26,Adelaide Oval,Port Adelaide,St Kilda,Port Adelaide,Jordon Sweet,4,3,7,0,0,36,6
2024,8,2024-04-26,Adelaide Oval,Port Adelaide,St Kilda,Port Adelaide,Dylan Williams,8,5,2,0,0,0,1
2024,8,2024-04-26,Adelaide Oval,Port Adelaide,St Kilda,Port Adelaide,Ollie Wines,11,5,12,1,0,1,9
2024,8,2024-04-26,Adelaide Oval,Port Adelaide,St Kilda,Port Adelaide,Brandon Zerk-Thatcher,12,6,3,0,0,0,3
2024,8,2024-04-26,Adelaide Oval,Port Adelaide,St Kilda,St Kilda,Josh Battle,9,7,3,0,0,0,1
2024,8,2024-04-26,Adelaide Oval,Port Adelaide,St Kilda,St Kilda,Riley Bonner,20,4,2,0,0,0,1
2024,8,2024-04-26,Adelaide Oval,Port Adelaide,St Kilda,St Kilda,Ryan Byrnes,15,2,5,0,0,0,1
2024,8,2024-04-26,Adelaide Oval,Port Adelaide,St Kilda,St Kilda,Anthony Caminiti,3,3,3,1,1,3,3
2024,8,2024-04-26,Adelaide Oval,Port Adelaide,St Kilda,St Kilda,Zaine Cordy,7,5,2,1,0,0,0
2024,8,2024-04-26,Adelaide Oval,Port Adelaide,St Kilda,St Kilda,Hugo Garcia,2,1,5,0,0,0,6
2024,8,2024-04-26,Adelaide Oval,Port Adelaide,St Kilda,St Kilda,Angus Hastie,4,1,4,0,0,0,0
2024,8,2024-04-26,Adelaide Oval,Port Adelaide,St Kilda,St Kilda,Jack Higgins,7,4,4,2,1,0,3
2024,8,2024-04-26,Adelaide Oval,Port Adelaide,St Kilda,St Kilda,Bradley Hill,9,5,5,1,0,0,1
2024,8,2024-04-26,Adelaide Oval,Port Adelaide,St Kilda,St Kilda,Dougal Howard,8,5,2,0,0,0,1
2024,8,2024-04-26,Adelaide Oval,Port Adelaide,St Kilda,St Kilda,Rowan Marshall,7,4,4,0,0,31,1
2024,8,2024-04-26,Adelaide Oval,Port Adelaide,St Kilda,St Kilda,Tim Membrey,7,5,2,1,0,0,2
2024,8,2024-04-26,Adelaide Oval,Port Adelaide,St Kilda,St Kilda,Mitch Owens,7,0,4,2,1,1,4
2024,8,2024-04-26,Adelaide Oval,Port Adelaide,St Kilda,St Kilda,Mattaes Phillipou,2,2,9,1,0,0,1
2024,8,2024-04-26,Adelaide Oval,Port Adelaide,St Kilda,St Kilda,Sebastian Ross,8,2,6,0,0,0,3
2024,8,2024-04-26,Adelaide Oval,Port Adelaide,St Kilda,St Kilda,Cooper Sharman,2,0,4,1,0,0,2
2024,8,2024-04-26,Adelaide Oval,Port Adelaide,St Kilda,St Kilda,Jack Sinclair,20,4,8,1,0,0,4
2024,8,2024-04-26,Adelaide Oval,Port Adelaide,St Kilda,St Kilda,Jack Steele,6,0,9,0,0,0,9
2024,8,2024-04-26,Adelaide Oval,Port Adelaide,St Kilda,St Kilda,Liam Stocker,4,4,6,0,0,0,3
2024,8,2024-04-26,Adelaide Oval,Port Adelaide,St Kilda,St Kilda,Nasiah Wanganeen-Milera,20,6,6,0,0,0,2
2024,8,2024-04-26,Adelaide Oval,Port Adelaide,St Kilda,St Kilda,Callum Wilkie,9,9,4,0,0,0,0
2024,8,2024-04-26,Adelaide Oval,Port Adelaide,St Kilda,St Kilda,Darcy Wilson,15,6,6,0,2,0,3
2024,8,2024-04-26,Adelaide Oval,Port Adelaide,St Kilda,St Kilda,Marcus Windhager,8,2,13,0,0,0,4
2024,8,2024-04-27,Bellerive Oval,North Melbourne,Adelaide,North Melbourne,Charlie Comben,8,5,3,0,0,0,2
2024,8,2024-04-27,Bellerive Oval,North Melbourne,Adelaide,North Melbourne,Aidan Corr,8,2,7,0,0,0,2
2024,8,2024-04-27,Bellerive Oval,North Melbourne,Adelaide,North Melbourne,Paul Curtis,6,2,2,0,0,0,3
2024,8,2024-04-27,Bellerive Oval,North Melbourne,Adelaide,North Melbourne,Luke Davies-Uniacke,12,3,17,1,0,0,4
2024,8,2024-04-27,Bellerive Oval,North Melbourne,Adelaide,North Melbourne,Blake Drury,5,3,7,0,0,0,0
2024,8,2024-04-27,Bellerive Oval,North Melbourne,Adelaide,North Melbourne,Zane Duursma,7,4,2,2,1,0,0
2024,8,2024-04-27,Bellerive Oval,North Melbourne,Adelaide,North Melbourne,Zac Fisher,8,2,2,0,0,0,0
2024,8,2024-04-27,Bellerive Oval,North Melbourne,Adelaide,North Melbourne,Riley Hardeman,10,4,2,0,0,0,2
2024,8,2024-04-27,Bellerive Oval,North Melbourne,Adelaide,North Melbourne,Nick Larkey,5,3,3,2,1,8,1
2024,8,2024-04-27,Bellerive Oval,North Melbourne,Adelaide,North Melbourne,Charlie Lazzaro,4,3,7,1,0,0,1
2024,8,2024-04-27,Bellerive Oval,North Melbourne,Adelaide,North Melbourne,Luke McDonald,8,4,3,0,0,0,4
2024,8,2024-04-27,Bellerive Oval,North Melbourne,Adelaide,North Melbourne,Colby McKercher,23,7,9,0,1,0,0
2024,8,2024-04-27,Bellerive Oval,North Melbourne,Adelaide,North Melbourne,Bigoa Nyuon,8,7,5,0,0,2,2
2024,8,2024-04-27,Bellerive Oval,North Melbourne,Adelaide,North Melbourne,Will Phillips,3,3,5,0,0,0,1
2024,8,2024-04-27,Bellerive Oval,North Melbourne,Adelaide,North Melbourne,Tom Powell,3,0,7,1,1,0,1
2024,8,2024-04-27,Bellerive Oval,North Melbourne,Adelaide,North Melbourne,Bailey Scott,8,7,4,0,0,0,1
2024,8,2024-04-27,Bellerive Oval,North Melbourne,Adelaide,North Melbourne,Harry Sheezel,18,12,11,0,0,0,3
2024,8,2024-04-27,Bellerive Oval,North Melbourne,Adelaide,North Melbourne,Jy Simpkin,12,0,2,0,0,0,2
2024,8,2024-04-27,Bellerive Oval,North Melbourne,Adelaide,North Melbourne,Dylan Stephens,7,3,3,0,0,0,0
2024,8,2024-04-27,Bellerive Oval,North Melbourne,Adelaide,North Melbourne,Darcy Tucker,10,3,3,1,0,0,3
2024,8,2024-04-27,Bellerive Oval,North Melbourne,Adelaide,North Melbourne,George Wardlaw,10,2,6,1,0,0,6
2024,8,2024-04-27,Bellerive Oval,North Melbourne,Adelaide,North Melbourne,Tristan Xerri,9,1,6,0,0,32,4
2024,8,2024-04-27,Bellerive Oval,North Melbourne,Adelaide,North Melbourne,Cameron Zurhaar,9,3,2,3,3,0,3
2024,8,2024-04-27,Bellerive Oval,North Melbourne,Adelaide,Adelaide,James Borlase,6,5,6,0,0,0,0
2024,8,2024-04-27,Bellerive Oval,North Melbourne,Adelaide,Adelaide,Brayden Cook,10,5,5,3,1,0,4
2024,8,2024-04-27,Bellerive Oval,North Melbourne,Adelaide,Adelaide,Matt Crouch,6,4,18,0,0,0,6
2024,8,2024-04-27,Bellerive Oval,North Melbourne,Adelaide,Adelaide,Jordan Dawson,24,9,3,1,1,0,4
2024,8,2024-04-27,Bellerive Oval,North Melbourne,Adelaide,Adelaide,Darcy Fogarty,7,6,6,1,0,0,2
2024,8,2024-04-27,Bellerive Oval,North Melbourne,Adelaide,Adelaide,Will Hamill,5,2,2,0,0,0,1
2024,8,2024-04-27,Bellerive Oval,North Melbourne,Adelaide,Adelaide,Elliott Himmelberg,8,5,7,2,1,6,2
2024,8,2024-04-27,Bellerive Oval,North Melbourne,Adelaide,Adelaide,Mitch Hinge,10,4,6,0,0,0,1
2024,8,2024-04-27,Bellerive Oval,North Melbourne,Adelaide,Adelaide,Chayce Jones,8,2,3,1,0,0,2
2024,8,2024-04-27,Bellerive Oval,North Melbourne,Adelaide,Adelaide,Mark Keane,12,10,2,0,1,0,1
2024,8,2024-04-27,Bellerive Oval,North Melbourne,Adelaide,Adelaide,Ben Keays,8,5,12,2,1,0,3
2024,8,2024-04-27,Bellerive Oval,North Melbourne,Adelaide,Adelaide,Rory Laird,13,3,21,1,1,0,6
2024,8,2024-04-27,Bellerive Oval,North Melbourne,Adelaide,Adelaide,Ned McHenry,6,2,4,1,0,0,2
2024,8,2024-04-27,Bellerive Oval,North Melbourne,Adelaide,Adelaide,Max Michalanney,6,4,7,0,0,0,3
2024,8,2024-04-27,Bellerive Oval,North Melbourne,Adelaide,Adelaide,Luke Nankervis,11,5,4,0,1,0,1
2024,8,2024-04-27,Bellerive Oval,North Melbourne,Adelaide,Adelaide,Reilly OBrien,7,4,7,0,0,37,5
2024,8,2024-04-27,Bellerive Oval,North Melbourne,Adelaide,Adelaide,Luke Pedlar,1,1,0,1,0,0,1
2024,8,2024-04-27,Bellerive Oval,North Melbourne,Adelaide,Adelaide,Josh Rachele,12,8,10,0,1,0,0
2024,8,2024-04-27,Bellerive Oval,North Melbourne,Adelaide,Adelaide,Izak Rankine,12,5,5,4,1,0,2
2024,8,2024-04-27,Bellerive Oval,North Melbourne,Adelaide,Adelaide,Lachlan Sholl,18,5,11,1,1,0,2
2024,8,2024-04-27,Bellerive Oval,North Melbourne,Adelaide,Adelaide,Jake Soligo,15,5,8,0,1,0,6
2024,8,2024-04-27,Bellerive Oval,North Melbourne,Adelaide,Adelaide,Taylor Walker,8,9,7,2,1,0,1
2024,8,2024-04-27,Bellerive Oval,North Melbourne,Adelaide,Adelaide,Josh Worrell,15,9,3,0,0,0,2
2024,8,2024-04-27,M.C.G.,Geelong,Carlton,Geelong,Tom Atkins,3,0,3,0,0,0,7
2024,8,2024-04-27,M.C.G.,Geelong,Carlton,Geelong,Mark Blicavs,8,3,3,1,1,6,3
2024,8,2024-04-27,M.C.G.,Geelong,Carlton,Geelong,Jack Bowes,6,2,8,1,1,0,10
2024,8,2024-04-27,M.C.G.,Geelong,Carlton,Geelong,Tanner Bruhn,13,3,6,0,1,0,7
2024,8,2024-04-27,M.C.G.,Geelong,Carlton,Geelong,Jeremy Cameron,11,9,6,5,1,0,1
2024,8,2024-04-27,M.C.G.,Geelong,Carlton,Geelong,Brad Close,2,1,9,0,0,0,2
2024,8,2024-04-27,M.C.G.,Geelong,Carlton,Geelong,Patrick Dangerfield,9,3,7,1,0,0,2
2024,8,2024-04-27,M.C.G.,Geelong,Carlton,Geelong,Sam De Koning,1,0,4,0,0,0,1
2024,8,2024-04-27,M.C.G.,Geelong,Carlton,Geelong,Oliver Dempsey,7,4,6,0,0,0,1
2024,8,2024-04-27,M.C.G.,Geelong,Carlton,Geelong,Mitch Duncan,13,6,11,0,0,0,0
2024,8,2024-04-27,M.C.G.,Geelong,Carlton,Geelong,Cameron Guthrie,18,7,9,0,0,0,2
2024,8,2024-04-27,M.C.G.,Geelong,Carlton,Geelong,Zach Guthrie,17,8,2,0,0,0,4
2024,8,2024-04-27,M.C.G.,Geelong,Carlton,Geelong,Tom Hawkins,3,1,5,0,1,7,4
2024,8,2024-04-27,M.C.G.,Geelong,Carlton,Geelong,Jack Henry,9,6,3,0,0,0,0
2024,8,2024-04-27,M.C.G.,Geelong,Carlton,Geelong,Oliver Henry,5,5,3,3,1,0,1
2024,8,2024-04-27,M.C.G.,Geelong,Carlton,Geelong,Max Holmes,15,5,11,1,0,0,2
2024,8,2024-04-27,M.C.G.,Geelong,Carlton,Geelong,Jake Kolodjashnij,7,4,3,0,0,0,1
2024,8,2024-04-27,M.C.G.,Geelong,Carlton,Geelong,Gryan Miers,14,4,8,2,0,0,6
2024,8,2024-04-27,M.C.G.,Geelong,Carlton,Geelong,Mark OConnor,1,2,5,0,0,0,4
2024,8,2024-04-27,M.C.G.,Geelong,Carlton,Geelong,Brandan Parfitt,4,1,13,0,0,0,1
2024,8,2024-04-27,M.C.G.,Geelong,Carlton,Geelong,Rhys Stanley,6,1,2,0,0,21,3
2024,8,2024-04-27,M.C.G.,Geelong,Carlton,Geelong,Tyson Stengle,11,3,6,1,1,0,2
2024,8,2024-04-27,M.C.G.,Geelong,Carlton,Geelong,Zach Tuohy,11,2,6,3,0,0,3
2024,8,2024-04-27,M.C.G.,Geelong,Carlton,Carlton,Blake Acres,14,5,14,2,0,0,3
2024,8,2024-04-27,M.C.G.,Geelong,Carlton,Carlton,Jaxon Binns,1,0,1,0,0,0,1
2024,8,2024-04-27,M.C.G.,Geelong,Carlton,Carlton,Jordan Boyd,14,5,4,1,0,0,1
2024,8,2024-04-27,M.C.G.,Geelong,Carlton,Carlton,Jack Carroll,4,2,3,1,1,0,1
2024,8,2024-04-27,M.C.G.,Geelong,Carlton,Carlton,Matthew Cottrell,7,1,2,1,0,0,1
2024,8,2024-04-27,M.C.G.,Geelong,Carlton,Carlton,Lachlan Cowan,8,2,3,0,0,0,2
2024,8,2024-04-27,M.C.G.,Geelong,Carlton,Carlton,Patrick Cripps,11,4,18,2,0,0,6
2024,8,2024-04-27,M.C.G.,Geelong,Carlton,Carlton,Charlie Curnow,10,5,4,3,2,0,3
2024,8,2024-04-27,M.C.G.,Geelong,Carlton,Carlton,Tom De Koning,9,6,5,0,3,16,3
2024,8,2024-04-27,M.C.G.,Geelong,Carlton,Carlton,Corey Durdin,9,4,2,0,2,0,1
2024,8,2024-04-27,M.C.G.,Geelong,Carlton,Carlton,George Hewett,11,2,12,0,0,0,6
2024,8,2024-04-27,M.C.G.,Geelong,Carlton,Carlton,Elijah Hollands,9,3,9,2,0,0,3
2024,8,2024-04-27,M.C.G.,Geelong,Carlton,Carlton,Oliver Hollands,5,4,2,0,0,0,2
2024,8,2024-04-27,M.C.G.,Geelong,Carlton,Carlton,Brodie Kemp,8,4,6,0,0,0,2
2024,8,2024-04-27,M.C.G.,Geelong,Carlton,Carlton,Matthew Kennedy,12,4,9,1,0,0,9
2024,8,2024-04-27,M.C.G.,Geelong,Carlton,Carlton,Harry McKay,14,10,5,2,2,0,5
2024,8,2024-04-27,M.C.G.,Geelong,Carlton,Carlton,Nic Newman,15,7,6,0,0,0,1
2024,8,2024-04-27,M.C.G.,Geelong,Carlton,Carlton,Matthew Owies,2,2,1,0,1,0,2
2024,8,2024-04-27,M.C.G.,Geelong,Carlton,Carlton,Marc Pittonet,5,2,14,0,0,28,0
2024,8,2024-04-27,M.C.G.,Geelong,Carlton,Carlton,Sam Walsh,13,0,18,0,1,0,7
2024,8,2024-04-27,M.C.G.,Geelong,Carlton,Carlton,Jacob Weitering,17,12,2,0,1,0,3
2024,8,2024-04-27,M.C.G.,Geelong,Carlton,Carlton,Zac Williams,13,3,4,0,0,0,1
2024,8,2024-04-27,M.C.G.,Geelong,Carlton,Carlton,Lewis Young,7,6,6,0,0,0,2
2024,8,2024-04-27,Perth Stadium,Fremantle,Western Bulldogs,Fremantle,James Aish,18,12,10,0,0,0,2
2024,8,2024-04-27,Perth Stadium,Fremantle,Western Bulldogs,Fremantle,Bailey Banfield,15,6,7,3,1,0,0
2024,8,2024-04-27,Perth Stadium,Fremantle,Western Bulldogs,Fremantle,Andrew Brayshaw,10,4,20,0,2,0,2
2024,8,2024-04-27,Perth Stadium,Fremantle,Western Bulldogs,Fremantle,Heath Chapman,7,6,7,0,0,0,2
2024,8,2024-04-27,Perth Stadium,Fremantle,Western Bulldogs,Fremantle,Jordan Clark,16,11,7,0,1,0,0
2024,8,2024-04-27,Perth Stadium,Fremantle,Western Bulldogs,Fremantle,Sean Darcy,5,1,6,0,0,38,8
2024,8,2024-04-27,Perth Stadium,Fremantle,Western Bulldogs,Fremantle,Josh Draper,2,1,1,0,0,0,0
2024,8,2024-04-27,Perth Stadium,Fremantle,Western Bulldogs,Fremantle,Tom Emmett,4,1,3,0,0,0,4
2024,8,2024-04-27,Perth Stadium,Fremantle,Western Bulldogs,Fremantle,Michael Frederick,6,2,4,2,0,0,3
2024,8,2024-04-27,Perth Stadium,Fremantle,Western Bulldogs,Fremantle,Nat Fyfe,12,3,25,1,1,0,4
2024,8,2024-04-27,Perth Stadium,Fremantle,Western Bulldogs,Fremantle,Luke Jackson,8,1,7,2,2,9,1
2024,8,2024-04-27,Perth Stadium,Fremantle,Western Bulldogs,Fremantle,Matthew Johnson,9,3,5,0,1,0,0
2024,8,2024-04-27,Perth Stadium,Fremantle,Western Bulldogs,Fremantle,Jaeger OMeara,9,2,7,0,0,0,1
2024,8,2024-04-27,Perth Stadium,Fremantle,Western Bulldogs,Fremantle,Alex Pearce,7,7,4,0,0,0,2
2024,8,2024-04-27,Perth Stadium,Fremantle,Western Bulldogs,Fremantle,Luke Ryan,17,3,2,0,0,0,5
2024,8,2024-04-27,Perth Stadium,Fremantle,Western Bulldogs,Fremantle,Caleb Serong,10,2,27,0,0,0,4
2024,8,2024-04-27,Perth Stadium,Fremantle,Western Bulldogs,Fremantle,Jeremy Sharp,8,2,1,0,1,0,1
2024,8,2024-04-27,Perth Stadium,Fremantle,Western Bulldogs,Fremantle,Cooper Simpson,5,2,1,0,0,0,2
2024,8,2024-04-27,Perth Stadium,Fremantle,Western Bulldogs,Fremantle,Josh Treacy,8,8,4,3,0,0,3
2024,8,2024-04-27,Perth Stadium,Fremantle,Western Bulldogs,Fremantle,Patrick Voss,5,5,6,1,1,0,1
2024,8,2024-04-27,Perth Stadium,Fremantle,Western Bulldogs,Fremantle,Brandon Walker,5,3,5,0,0,0,0
2024,8,2024-04-27,Perth Stadium,Fremantle,Western Bulldogs,Fremantle,Michael Walters,5,2,11,1,1,0,3
2024,8,2024-04-27,Perth Stadium,Fremantle,Western Bulldogs,Fremantle,Hayden Young,15,4,9,1,0,0,5
2024,8,2024-04-27,Perth Stadium,Fremantle,Western Bulldogs,Western Bulldogs,Marcus Bontempelli,11,5,16,0,2,0,4
2024,8,2024-04-27,Perth Stadium,Fremantle,Western Bulldogs,Western Bulldogs,Lachlan Bramble,13,6,5,0,0,0,2
2024,8,2024-04-27,Perth Stadium,Fremantle,Western Bulldogs,Western Bulldogs,Bailey Dale,23,9,7,2,0,0,3
2024,8,2024-04-27,Perth Stadium,Fremantle,Western Bulldogs,Western Bulldogs,Caleb Daniel,6,2,6,0,0,0,3
2024,8,2024-04-27,Perth Stadium,Fremantle,Western Bulldogs,Western Bulldogs,Sam Darcy,9,7,4,3,1,3,4
2024,8,2024-04-27,Perth Stadium,Fremantle,Western Bulldogs,Western Bulldogs,Taylor Duryea,9,6,5,0,0,0,1
2024,8,2024-04-27,Perth Stadium,Fremantle,Western Bulldogs,Western Bulldogs,Tim English,13,7,10,1,2,28,6
2024,8,2024-04-27,Perth Stadium,Fremantle,Western Bulldogs,Western Bulldogs,Harvey Gallagher,5,4,3,0,0,0,1
2024,8,2024-04-27,Perth Stadium,Fremantle,Western Bulldogs,Western Bulldogs,Riley Garcia,4,0,12,0,1,0,2
2024,8,2024-04-27,Perth Stadium,Fremantle,Western Bulldogs,Western Bulldogs,James Harmes,6,2,8,0,0,0,1
2024,8,2024-04-27,Perth Stadium,Fremantle,Western Bulldogs,Western Bulldogs,Jason Johannisen,15,6,4,0,1,0,1
2024,8,2024-04-27,Perth Stadium,Fremantle,Western Bulldogs,Western Bulldogs,Liam Jones,8,7,3,0,0,0,2
2024,8,2024-04-27,Perth Stadium,Fremantle,Western Bulldogs,Western Bulldogs,Buku Khamis,5,2,5,0,0,0,2
2024,8,2024-04-27,Perth Stadium,Fremantle,Western Bulldogs,Western Bulldogs,Rory Lobb,4,2,4,0,0,3,1
2024,8,2024-04-27,Perth Stadium,Fremantle,Western Bulldogs,Western Bulldogs,Jack Macrae,9,7,9,0,0,0,6
2024,8,2024-04-27,Perth Stadium,Fremantle,Western Bulldogs,Western Bulldogs,Aaron Naughton,10,7,4,2,0,0,1
2024,8,2024-04-27,Perth Stadium,Fremantle,Western Bulldogs,Western Bulldogs,James ODonnell,11,7,2,0,0,0,0
2024,8,2024-04-27,Perth Stadium,Fremantle,Western Bulldogs,Western Bulldogs,Ed Richards,12,4,11,0,0,0,3
2024,8,2024-04-27,Perth Stadium,Fremantle,Western Bulldogs,Western Bulldogs,Adam Treloar,10,0,19,0,2,0,3
2024,8,2024-04-27,Perth Stadium,Fremantle,Western Bulldogs,Western Bulldogs,Laitham Vandermeer,7,3,3,1,1,0,5
2024,8,2024-04-27,Perth Stadium,Fremantle,Western Bulldogs,Western Bulldogs,Cody Weightman,0,0,1,0,0,0,2
2024,8,2024-04-27,Perth Stadium,Fremantle,Western Bulldogs,Western Bulldogs,Rhylee West,4,2,8,1,0,0,3
2024,8,2024-04-27,Perth Stadium,Fremantle,Western Bulldogs,Western Bulldogs,Bailey Williams,9,4,10,0,0,0,4
2024,8,2024-04-28,Carrara,Gold Coast,West Coast,Gold Coast,Ben Ainsworth,7,5,1,2,1,0,1
2024,8,2024-04-28,Carrara,Gold Coast,West Coast,Gold Coast,Noah Anderson,11,2,22,2,0,0,4
2024,8,2024-04-28,Carrara,Gold Coast,West Coast,Gold Coast,Mac Andrew,11,6,3,0,0,0,0
2024,8,2024-04-28,Carrara,Gold Coast,West Coast,Gold Coast,Rory Atkins,5,4,4,0,0,0,0
2024,8,2024-04-28,Carrara,Gold Coast,West Coast,Gold Coast,Charlie Ballard,9,7,1,0,0,0,0
2024,8,2024-04-28,Carrara,Gold Coast,West Coast,Gold Coast,Tom Berry,4,2,4,0,0,0,2
2024,8,2024-04-28,Carrara,Gold Coast,West Coast,Gold Coast,Sam Clohesy,9,3,5,0,0,0,3
2024,8,2024-04-28,Carrara,Gold Coast,West Coast,Gold Coast,Sam Collins,10,4,6,0,0,0,2
2024,8,2024-04-28,Carrara,Gold Coast,West Coast,Gold Coast,Sam Day,6,4,1,1,1,17,4
2024,8,2024-04-28,Carrara,Gold Coast,West Coast,Gold Coast,Brayden Fiorini,8,1,6,1,0,0,1
2024,8,2024-04-28,Carrara,Gold Coast,West Coast,Gold Coast,Sam Flanders,16,12,6,0,0,0,4
2024,8,2024-04-28,Carrara,Gold Coast,West Coast,Gold Coast,Will Graham,4,1,8,1,0,0,11
2024,8,2024-04-28,Carrara,Gold Coast,West Coast,Gold Coast,Nick Holman,4,1,3,0,2,0,3
2024,8,2024-04-28,Carrara,Gold Coast,West Coast,Gold Coast,Bailey Humphrey,5,1,5,1,3,0,3
2024,8,2024-04-28,Carrara,Gold Coast,West Coast,Gold Coast,Ben King,8,7,2,3,2,0,0
2024,8,2024-04-28,Carrara,Gold Coast,West Coast,Gold Coast,Jack Lukosius,8,7,4,0,0,0,1
2024,8,2024-04-28,Carrara,Gold Coast,West Coast,Gold Coast,Touk Miller,11,1,16,0,0,0,10
2024,8,2024-04-28,Carrara,Gold Coast,West Coast,Gold Coast,Wil Powell,13,5,4,0,0,0,5
2024,8,2024-04-28,Carrara,Gold Coast,West Coast,Gold Coast,Jake Rogers,10,1,12,1,0,0,3
2024,8,2024-04-28,Carrara,Gold Coast,West Coast,Gold Coast,Matt Rowell,16,0,6,2,0,0,13
2024,8,2024-04-28,Carrara,Gold Coast,West Coast,Gold Coast,David Swallow,1,0,1,0,0,0,0
2024,8,2024-04-28,Carrara,Gold Coast,West Coast,Gold Coast,Jed Walter,6,4,2,2,1,0,1
2024,8,2024-04-28,Carrara,Gold Coast,West Coast,Gold Coast,Jarrod Witts,13,1,5,1,0,46,8
2024,8,2024-04-28,Carrara,Gold Coast,West Coast,West Coast,Tyler Brockman,2,1,2,0,0,0,4
2024,8,2024-04-28,Carrara,Gold Coast,West Coast,West Coast,Campbell Chesser,4,1,2,0,0,0,0
2024,8,2024-04-28,Carrara,Gold Coast,West Coast,West Coast,Tom Cole,14,5,6,0,0,0,3
2024,8,2024-04-28,Carrara,Gold Coast,West Coast,West Coast,Jamie Cripps,6,3,2,2,0,0,4
2024,8,2024-04-28,Carrara,Gold Coast,West Coast,West Coast,Jack Darling,7,3,2,2,0,1,5
2024,8,2024-04-28,Carrara,Gold Coast,West Coast,West Coast,Liam Duggan,22,8,4,0,0,0,1
2024,8,2024-04-28,Carrara,Gold Coast,West Coast,West Coast,Harry Edwards,5,5,4,0,0,0,2
2024,8,2024-04-28,Carrara,Gold Coast,West Coast,West Coast,Luke Edwards,8,4,1,0,0,0,4
2024,8,2024-04-28,Carrara,Gold Coast,West Coast,West Coast,Reuben Ginbey,5,3,7,0,0,0,4
2024,8,2024-04-28,Carrara,Gold Coast,West Coast,West Coast,Brady Hough,9,7,9,0,0,0,0
2024,8,2024-04-28,Carrara,Gold Coast,West Coast,West Coast,Jayden Hunt,7,2,3,0,0,0,2
2024,8,2024-04-28,Carrara,Gold Coast,West Coast,West Coast,Tim Kelly,11,3,7,0,1,0,2
2024,8,2024-04-28,Carrara,Gold Coast,West Coast,West Coast,Ryan Maric,7,4,3,1,0,0,0
2024,8,2024-04-28,Carrara,Gold Coast,West Coast,West Coast,Jeremy McGovern,13,4,5,0,0,0,2
2024,8,2024-04-28,Carrara,Gold Coast,West Coast,West Coast,Jack Petruccelle,13,5,1,1,1,0,10
2024,8,2024-04-28,Carrara,Gold Coast,West Coast,West Coast,Josh Rotham,5,5,3,0,0,0,1
2024,8,2024-04-28,Carrara,Gold Coast,West Coast,West Coast,Liam Ryan,4,2,1,1,0,0,2
2024,8,2024-04-28,Carrara,Gold Coast,West Coast,West Coast,Dom Sheed,2,0,4,0,0,0,4
2024,8,2024-04-28,Carrara,Gold Coast,West Coast,West Coast,Jake Waterman,13,7,2,4,0,0,1
2024,8,2024-04-28,Carrara,Gold Coast,West Coast,West Coast,Bailey Williams,4,0,1,0,0,15,2
2024,8,2024-04-28,Carrara,Gold Coast,West Coast,West Coast,Jack Williams,5,3,7,0,0,2,2
2024,8,2024-04-28,Carrara,Gold Coast,West Coast,West Coast,Alex Witherden,11,3,4,0,0,0,4
2024,8,2024-04-28,Carrara,Gold Coast,West Coast,West Coast,Elliot Yeo,9,0,10,1,1,0,8
2024,8,2024-04-28,M.C.G.,Hawthorn,Sydney,Hawthorn,Karl Amon,12,5,9,0,0,0,1
2024,8,2024-04-28,M.C.G.,Hawthorn,Sydney,Hawthorn,Mabior Chol,7,3,3,1,1,3,4
2024,8,2024-04-28,M.C.G.,Hawthorn,Sydney,Hawthorn,Will Day,8,1,3,0,1,0,3
2024,8,2024-04-28,M.C.G.,Hawthorn,Sydney,Hawthorn,Sam Frost,3,1,6,0,0,0,0
2024,8,2024-04-28,M.C.G.,Hawthorn,Sydney,Hawthorn,Jack Ginnivan,7,3,4,0,4,0,2
2024,8,2024-04-28,M.C.G.,Hawthorn,Sydney,Hawthorn,Jack Gunston,4,4,1,0,2,0,0
2024,8,2024-04-28,M.C.G.,Hawthorn,Sydney,Hawthorn,Blake Hardwick,11,6,3,1,0,0,0
2024,8,2024-04-28,M.C.G.,Hawthorn,Sydney,Hawthorn,Jarman Impey,8,3,5,0,0,0,2
2024,8,2024-04-28,M.C.G.,Hawthorn,Sydney,Hawthorn,Connor Macdonald,8,5,6,0,1,0,2
2024,8,2024-04-28,M.C.G.,Hawthorn,Sydney,Hawthorn,Cam Mackenzie,12,2,9,0,1,0,4
2024,8,2024-04-28,M.C.G.,Hawthorn,Sydney,Hawthorn,Finn Maginness,4,0,10,0,0,0,2
2024,8,2024-04-28,M.C.G.,Hawthorn,Sydney,Hawthorn,Lloyd Meek,5,2,10,1,0,20,2
2024,8,2024-04-28,M.C.G.,Hawthorn,Sydney,Hawthorn,Seamus Mitchell,5,2,5,0,0,0,0
2024,8,2024-04-28,M.C.G.,Hawthorn,Sydney,Hawthorn,Dylan Moore,12,8,13,1,1,0,5
2024,8,2024-04-28,M.C.G.,Hawthorn,Sydney,Hawthorn,Harry Morrison,10,6,4,0,0,0,1
2024,8,2024-04-28,M.C.G.,Hawthorn,Sydney,Hawthorn,Conor Nash,7,5,11,0,0,0,5
2024,8,2024-04-28,M.C.G.,Hawthorn,Sydney,Hawthorn,Jai Newcombe,13,5,11,1,0,0,2
2024,8,2024-04-28,M.C.G.,Hawthorn,Sydney,Hawthorn,Max Ramsden,0,0,2,0,0,1,1
2024,8,2024-04-28,M.C.G.,Hawthorn,Sydney,Hawthorn,Jack Scrimshaw,17,9,4,0,0,0,1
2024,8,2024-04-28,M.C.G.,Hawthorn,Sydney,Hawthorn,Jai Serong,1,1,1,0,0,0,0
2024,8,2024-04-28,M.C.G.,Hawthorn,Sydney,Hawthorn,James Sicily,15,5,9,0,0,0,1
2024,8,2024-04-28,M.C.G.,Hawthorn,Sydney,Hawthorn,Josh Weddle,5,3,7,0,0,0,1
2024,8,2024-04-28,M.C.G.,Hawthorn,Sydney,Hawthorn,James Worpel,10,1,11,0,1,0,6
2024,8,2024-04-28,M.C.G.,Hawthorn,Sydney,Sydney,Taylor Adams,7,2,10,1,0,0,2
2024,8,2024-04-28,M.C.G.,Hawthorn,Sydney,Sydney,Joel Amartey,2,2,1,1,0,1,1
2024,8,2024-04-28,M.C.G.,Hawthorn,Sydney,Sydney,Nick Blakey,26,12,4,0,0,0,2
2024,8,2024-04-28,M.C.G.,Hawthorn,Sydney,Sydney,Braeden Campbell,4,2,1,0,1,0,1
2024,8,2024-04-28,M.C.G.,Hawthorn,Sydney,Sydney,Harry Cunningham,12,9,4,0,0,0,3
2024,8,2024-04-28,M.C.G.,Hawthorn,Sydney,Sydney,Oliver Florent,22,10,6,1,0,0,4
2024,8,2024-04-28,M.C.G.,Hawthorn,Sydney,Sydney,Robbie Fox,8,6,5,0,0,0,2
2024,8,2024-04-28,M.C.G.,Hawthorn,Sydney,Sydney,Brodie Grundy,5,4,10,0,0,29,2
2024,8,2024-04-28,M.C.G.,Hawthorn,Sydney,Sydney,Errol Gulden,19,12,6,1,1,0,2
2024,8,2024-04-28,M.C.G.,Hawthorn,Sydney,Sydney,Will Hayward,9,3,6,2,0,0,3
2024,8,2024-04-28,M.C.G.,Hawthorn,Sydney,Sydney,Isaac Heeney,8,3,13,3,0,0,3
2024,8,2024-04-28,M.C.G.,Hawthorn,Sydney,Sydney,James Jordon,5,3,14,1,0,0,3
2024,8,2024-04-28,M.C.G.,Hawthorn,Sydney,Sydney,Jake Lloyd,14,12,12,0,0,0,6
2024,8,2024-04-28,M.C.G.,Hawthorn,Sydney,Sydney,Tom McCartin,10,9,3,0,0,0,2
2024,8,2024-04-28,M.C.G.,Hawthorn,Sydney,Sydney,Logan McDonald,8,5,4,3,3,0,2
2024,8,2024-04-28,M.C.G.,Hawthorn,Sydney,Sydney,Justin McInerney,8,4,11,0,0,0,7
2024,8,2024-04-28,M.C.G.,Hawthorn,Sydney,Sydney,Hayden McLean,10,7,3,1,2,14,1
2024,8,2024-04-28,M.C.G.,Hawthorn,Sydney,Sydney,Lewis Melican,12,6,2,0,0,0,3
2024,8,2024-04-28,M.C.G.,Hawthorn,Sydney,Sydney,Tom Papley,7,5,6,1,2,0,0
2024,8,2024-04-28,M.C.G.,Hawthorn,Sydney,Sydney,Matt Roberts,16,9,5,0,0,0,0
2024,8,2024-04-28,M.C.G.,Hawthorn,Sydney,Sydney,James Rowbottom,12,6,12,0,0,0,6
2024,8,2024-04-28,M.C.G.,Hawthorn,Sydney,Sydney,Chad Warner,12,2,10,1,0,0,8
2024,8,2024-04-28,M.C.G.,Hawthorn,Sydney,Sydney,Sam Wicks,7,3,7,2,0,0,4
2024,9,2024-05-02,Adelaide Oval,Adelaide,Port Adelaide,Adelaide,Jordon Butts,8,5,2,0,0,0,0
2024,9,2024-05-02,Adelaide Oval,Adelaide,Port Adelaide,Adelaide,Brayden Cook,4,2,0,1,0,0,2
2024,9,2024-05-02,Adelaide Oval,Adelaide,Port Adelaide,Adelaide,Matt Crouch,10,4,18,0,0,0,7
2024,9,2024-05-02,Adelaide Oval,Adelaide,Port Adelaide,Adelaide,Daniel Curtin,5,4,4,0,0,0,0
2024,9,2024-05-02,Adelaide Oval,Adelaide,Port Adelaide,Adelaide,Jordan Dawson,19,5,5,0,0,0,5
2024,9,2024-05-02,Adelaide Oval,Adelaide,Port Adelaide,Adelaide,Darcy Fogarty,9,9,5,2,1,0,4
2024,9,2024-05-02,Adelaide Oval,Adelaide,Port Adelaide,Adelaide,Elliott Himmelberg,8,4,2,0,0,6,2
2024,9,2024-05-02,Adelaide Oval,Adelaide,Port Adelaide,Adelaide,Mitch Hinge,15,2,10,0,0,0,5
2024,9,2024-05-02,Adelaide Oval,Adelaide,Port Adelaide,Adelaide,Chayce Jones,7,0,5,0,0,0,2
2024,9,2024-05-02,Adelaide Oval,Adelaide,Port Adelaide,Adelaide,Mark Keane,11,4,6,0,0,0,1
2024,9,2024-05-02,Adelaide Oval,Adelaide,Port Adelaide,Adelaide,Ben Keays,8,2,5,1,1,0,4
2024,9,2024-05-02,Adelaide Oval,Adelaide,Port Adelaide,Adelaide,Rory Laird,10,3,17,0,0,0,7
2024,9,2024-05-02,Adelaide Oval,Adelaide,Port Adelaide,Adelaide,Ned McHenry,7,3,6,1,0,0,1
2024,9,2024-05-02,Adelaide Oval,Adelaide,Port Adelaide,Adelaide,Max Michalanney,13,5,2,0,0,0,6
2024,9,2024-05-02,Adelaide Oval,Adelaide,Port Adelaide,Adelaide,Luke Nankervis,9,8,7,0,0,0,1
2024,9,2024-05-02,Adelaide Oval,Adelaide,Port Adelaide,Adelaide,Reilly OBrien,7,1,7,0,0,40,3
2024,9,2024-05-02,Adelaide Oval,Adelaide,Port Adelaide,Adelaide,Josh Rachele,10,7,7,1,1,0,2
2024,9,2024-05-02,Adelaide Oval,Adelaide,Port Adelaide,Adelaide,Izak Rankine,8,3,3,3,0,0,3
2024,9,2024-05-02,Adelaide Oval,Adelaide,Port Adelaide,Adelaide,Lachlan Sholl,12,6,7,1,0,0,3
2024,9,2024-05-02,Adelaide Oval,Adelaide,Port Adelaide,Adelaide,Brodie Smith,1,0,1,0,0,0,3
2024,9,2024-05-02,Adelaide Oval,Adelaide,Port Adelaide,Adelaide,Jake Soligo,14,1,14,0,0,0,10
2024,9,2024-05-02,Adelaide Oval,Adelaide,Port Adelaide,Adelaide,Taylor Walker,8,4,2,2,1,0,1
2024,9,2024-05-02,Adelaide Oval,Adelaide,Port Adelaide,Adelaide,Josh Worrell,17,7,5,0,0,0,1
2024,9,2024-05-02,Adelaide Oval,Adelaide,Port Adelaide,Port Adelaide,Miles Bergman,16,8,4,0,0,0,5
2024,9,2024-05-02,Adelaide Oval,Adelaide,Port Adelaide,Port Adelaide,Travis Boak,10,4,6,0,3,0,5
2024,9,2024-05-02,Adelaide Oval,Adelaide,Port Adelaide,Port Adelaide,Jase Burgoyne,8,1,5,0,2,0,4
2024,9,2024-05-02,Adelaide Oval,Adelaide,Port Adelaide,Port Adelaide,Ryan Burton,12,4,3,0,0,0,1
2024,9,2024-05-02,Adelaide Oval,Adelaide,Port Adelaide,Port Adelaide,Zak Butters,17,1,16,0,0,0,5
2024,9,2024-05-02,Adelaide Oval,Adelaide,Port Adelaide,Port Adelaide,Darcy Byrne-Jones,8,1,9,0,1,0,0
2024,9,2024-05-02,Adelaide Oval,Adelaide,Port Adelaide,Port Adelaide,Charlie Dixon,11,7,4,1,1,13,1
2024,9,2024-05-02,Adelaide Oval,Adelaide,Port Adelaide,Port Adelaide,Willem Drew,7,3,12,0,0,0,3
2024,9,2024-05-02,Adelaide Oval,Adelaide,Port Adelaide,Port Adelaide,Kane Farrell,12,1,2,0,0,0,5
2024,9,2024-05-02,Adelaide Oval,Adelaide,Port Adelaide,Port Adelaide,Mitch Georgiades,4,4,8,0,1,0,1
2024,9,2024-05-02,Adelaide Oval,Adelaide,Port Adelaide,Port Adelaide,Jason Horne-Francis,10,1,5,2,1,0,1
2024,9,2024-05-02,Adelaide Oval,Adelaide,Port Adelaide,Port Adelaide,Dan Houston,10,5,10,0,0,0,2
2024,9,2024-05-02,Adelaide Oval,Adelaide,Port Adelaide,Port Adelaide,Lachie Jones,7,5,10,0,0,0,4
2024,9,2024-05-02,Adelaide Oval,Adelaide,Port Adelaide,Port Adelaide,Todd Marshall,6,2,0,1,1,0,1
2024,9,2024-05-02,Adelaide Oval,Adelaide,Port Adelaide,Port Adelaide,Jed McEntee,2,1,7,0,1,0,1
2024,9,2024-05-02,Adelaide Oval,Adelaide,Port Adelaide,Port Adelaide,Jackson Mead,3,1,1,0,0,0,0
2024,9,2024-05-02,Adelaide Oval,Adelaide,Port Adelaide,Port Adelaide,Esava Ratugolea,6,4,2,0,0,0,1
2024,9,2024-05-02,Adelaide Oval,Adelaide,Port Adelaide,Port Adelaide,Willie Rioli,11,2,2,1,2,0,5
2024,9,2024-05-02,Adelaide Oval,Adelaide,Port Adelaide,Port Adelaide,Connor Rozee,6,0,9,0,1,0,4
2024,9,2024-05-02,Adelaide Oval,Adelaide,Port Adelaide,Port Adelaide,Jordon Sweet,8,3,5,0,0,29,5
2024,9,2024-05-02,Adelaide Oval,Adelaide,Port Adelaide,Port Adelaide,Dylan Williams,8,3,2,0,0,0,0
2024,9,2024-05-02,Adelaide Oval,Adelaide,Port Adelaide,Port Adelaide,Ollie Wines,6,4,16,0,0,3,10
2024,9,2024-05-02,Adelaide Oval,Adelaide,Port Adelaide,Port Adelaide,Brandon Zerk-Thatcher,6,4,1,0,0,0,1
2024,9,2024-05-03,M.C.G.,Carlton,Collingwood,Carlton,Blake Acres,15,7,17,0,1,0,6
2024,9,2024-05-03,M.C.G.,Carlton,Collingwood,Carlton,Jordan Boyd,13,4,2,0,0,0,2
2024,9,2024-05-03,M.C.G.,Carlton,Collingwood,Carlton,Adam Cerra,16,3,5,0,0,0,5
2024,9,2024-05-03,M.C.G.,Carlton,Collingwood,Carlton,Alex Cincotta,4,3,6,0,0,0,3
2024,9,2024-05-03,M.C.G.,Carlton,Collingwood,Carlton,Matthew Cottrell,7,4,2,1,0,0,0
2024,9,2024-05-03,M.C.G.,Carlton,Collingwood,Carlton,Lachlan Cowan,9,6,3,0,0,0,0
2024,9,2024-05-03,M.C.G.,Carlton,Collingwood,Carlton,Patrick Cripps,11,1,11,0,0,0,4
2024,9,2024-05-03,M.C.G.,Carlton,Collingwood,Carlton,David Cuningham,7,3,7,0,0,0,2
2024,9,2024-05-03,M.C.G.,Carlton,Collingwood,Carlton,Charlie Curnow,9,4,2,2,0,0,0
2024,9,2024-05-03,M.C.G.,Carlton,Collingwood,Carlton,Tom De Koning,11,5,7,2,1,9,1
2024,9,2024-05-03,M.C.G.,Carlton,Collingwood,Carlton,Corey Durdin,5,3,2,0,0,0,0
2024,9,2024-05-03,M.C.G.,Carlton,Collingwood,Carlton,Orazio Fantasia,1,0,4,0,1,0,2
2024,9,2024-05-03,M.C.G.,Carlton,Collingwood,Carlton,George Hewett,12,2,18,0,0,0,5
2024,9,2024-05-03,M.C.G.,Carlton,Collingwood,Carlton,Elijah Hollands,9,5,7,0,0,0,4
2024,9,2024-05-03,M.C.G.,Carlton,Collingwood,Carlton,Matthew Kennedy,2,0,2,0,0,0,1
2024,9,2024-05-03,M.C.G.,Carlton,Collingwood,Carlton,Harry McKay,10,7,3,4,1,0,3
2024,9,2024-05-03,M.C.G.,Carlton,Collingwood,Carlton,Nic Newman,26,10,6,0,0,0,6
2024,9,2024-05-03,M.C.G.,Carlton,Collingwood,Carlton,Matthew Owies,5,2,5,3,0,0,2
2024,9,2024-05-03,M.C.G.,Carlton,Collingwood,Carlton,Marc Pittonet,6,1,9,0,2,33,2
2024,9,2024-05-03,M.C.G.,Carlton,Collingwood,Carlton,Sam Walsh,20,4,13,0,1,0,3
2024,9,2024-05-03,M.C.G.,Carlton,Collingwood,Carlton,Jacob Weitering,10,5,0,0,0,0,1
2024,9,2024-05-03,M.C.G.,Carlton,Collingwood,Carlton,Zac Williams,11,4,3,0,0,0,2
2024,9,2024-05-03,M.C.G.,Carlton,Collingwood,Carlton,Lewis Young,9,8,3,0,0,0,0
2024,9,2024-05-03,M.C.G.,Carlton,Collingwood,Collingwood,Darcy Cameron,9,4,3,0,1,30,5
2024,9,2024-05-03,M.C.G.,Carlton,Collingwood,Collingwood,Mason Cox,6,3,1,1,1,13,1
2024,9,2024-05-03,M.C.G.,Carlton,Collingwood,Collingwood,Jack Crisp,13,2,10,0,1,0,8
2024,9,2024-05-03,M.C.G.,Carlton,Collingwood,Collingwood,Josh Daicos,10,5,12,0,0,0,4
2024,9,2024-05-03,M.C.G.,Carlton,Collingwood,Collingwood,Nick Daicos,17,2,15,2,0,0,7
2024,9,2024-05-03,M.C.G.,Carlton,Collingwood,Collingwood,Jamie Elliott,6,4,7,1,1,0,6
2024,9,2024-05-03,M.C.G.,Carlton,Collingwood,Collingwood,Billy Frampton,6,3,1,0,0,0,1
2024,9,2024-05-03,M.C.G.,Carlton,Collingwood,Collingwood,Harvey Harrison,4,1,9,1,1,0,1
2024,9,2024-05-03,M.C.G.,Carlton,Collingwood,Collingwood,Bobby Hill,6,3,2,1,0,0,2
2024,9,2024-05-03,M.C.G.,Carlton,Collingwood,Collingwood,Will Hoskin-Elliott,8,4,2,1,1,0,2
2024,9,2024-05-03,M.C.G.,Carlton,Collingwood,Collingwood,Jeremy Howe,13,5,0,0,0,0,5
2024,9,2024-05-03,M.C.G.,Carlton,Collingwood,Collingwood,Patrick Lipinski,8,2,16,1,0,0,5
2024,9,2024-05-03,M.C.G.,Carlton,Collingwood,Collingwood,Oleg Markov,7,6,3,0,0,0,3
2024,9,2024-05-03,M.C.G.,Carlton,Collingwood,Collingwood,Brayden Maynard,11,4,1,1,1,0,4
2024,9,2024-05-03,M.C.G.,Carlton,Collingwood,Collingwood,Beau McCreery,7,4,0,0,1,0,2
2024,9,2024-05-03,M.C.G.,Carlton,Collingwood,Collingwood,Brody Mihocek,7,4,2,0,0,0,4
2024,9,2024-05-03,M.C.G.,Carlton,Collingwood,Collingwood,Darcy Moore,6,3,8,0,0,0,2
2024,9,2024-05-03,M.C.G.,Carlton,Collingwood,Collingwood,John Noble,14,7,8,0,0,0,1
2024,9,2024-05-03,M.C.G.,Carlton,Collingwood,Collingwood,Scott Pendlebury,13,3,9,1,0,0,8
2024,9,2024-05-03,M.C.G.,Carlton,Collingwood,Collingwood,Isaac Quaynor,2,2,6,0,0,0,3
2024,9,2024-05-03,M.C.G.,Carlton,Collingwood,Collingwood,Lachie Schultz,6,1,4,1,0,0,7
2024,9,2024-05-03,M.C.G.,Carlton,Collingwood,Collingwood,Steele Sidebottom,10,2,5,0,0,0,2
2024,9,2024-05-03,M.C.G.,Carlton,Collingwood,Collingwood,Lachlan Sullivan,6,1,4,1,1,0,5
2024,9,2024-05-04,S.C.G.,Sydney,Greater Western Sydney,Sydney,Taylor Adams,9,1,9,0,1,0,5
2024,9,2024-05-04,S.C.G.,Sydney,Greater Western Sydney,Sydney,Joel Amartey,4,1,0,1,1,0,0
2024,9,2024-05-04,S.C.G.,Sydney,Greater Western Sydney,Sydney,Nick Blakey,8,3,2,0,0,0,2
2024,9,2024-05-04,S.C.G.,Sydney,Greater Western Sydney,Sydney,Harry Cunningham,7,2,1,0,0,0,8
2024,9,2024-05-04,S.C.G.,Sydney,Greater Western Sydney,Sydney,Oliver Florent,10,2,5,0,0,0,1
2024,9,2024-05-04,S.C.G.,Sydney,Greater Western Sydney,Sydney,Robbie Fox,7,5,1,0,0,0,2
2024,9,2024-05-04,S.C.G.,Sydney,Greater Western Sydney,Sydney,Brodie Grundy,7,3,12,0,0,35,11
2024,9,2024-05-04,S.C.G.,Sydney,Greater Western Sydney,Sydney,Errol Gulden,23,3,6,1,0,0,2
2024,9,2024-05-04,S.C.G.,Sydney,Greater Western Sydney,Sydney,Will Hayward,9,5,7,4,1,0,7
2024,9,2024-05-04,S.C.G.,Sydney,Greater Western Sydney,Sydney,Isaac Heeney,14,2,12,1,2,0,6
2024,9,2024-05-04,S.C.G.,Sydney,Greater Western Sydney,Sydney,James Jordon,5,1,9,1,1,0,6
2024,9,2024-05-04,S.C.G.,Sydney,Greater Western Sydney,Sydney,Jake Lloyd,12,3,7,0,0,0,0
2024,9,2024-05-04,S.C.G.,Sydney,Greater Western Sydney,Sydney,Tom McCartin,3,2,2,0,0,0,0
2024,9,2024-05-04,S.C.G.,Sydney,Greater Western Sydney,Sydney,Logan McDonald,7,3,4,1,1,0,0
2024,9,2024-05-04,S.C.G.,Sydney,Greater Western Sydney,Sydney,Justin McInerney,10,6,8,0,0,0,1
2024,9,2024-05-04,S.C.G.,Sydney,Greater Western Sydney,Sydney,Hayden McLean,6,4,3,1,0,12,4
2024,9,2024-05-04,S.C.G.,Sydney,Greater Western Sydney,Sydney,Lewis Melican,6,2,3,0,0,0,2
2024,9,2024-05-04,S.C.G.,Sydney,Greater Western Sydney,Sydney,Tom Papley,12,1,3,1,1,0,2
2024,9,2024-05-04,S.C.G.,Sydney,Greater Western Sydney,Sydney,Dane Rampe,17,7,7,0,0,0,0
2024,9,2024-05-04,S.C.G.,Sydney,Greater Western Sydney,Sydney,Matt Roberts,10,1,4,0,0,0,2
2024,9,2024-05-04,S.C.G.,Sydney,Greater Western Sydney,Sydney,James Rowbottom,10,1,11,2,0,0,7
2024,9,2024-05-04,S.C.G.,Sydney,Greater Western Sydney,Sydney,Chad Warner,15,2,13,1,2,0,3
2024,9,2024-05-04,S.C.G.,Sydney,Greater Western Sydney,Sydney,Sam Wicks,6,1,2,0,1,0,2
2024,9,2024-05-04,S.C.G.,Sydney,Greater Western Sydney,Greater Western Sydney,Lachie Ash,14,4,4,0,0,0,0
2024,9,2024-05-04,S.C.G.,Sydney,Greater Western Sydney,Greater Western Sydney,Toby Bedford,4,3,4,0,1,0,2
2024,9,2024-05-04,S.C.G.,Sydney,Greater Western Sydney,Greater Western Sydney,Kieren Briggs,8,1,9,0,0,23,5
2024,9,2024-05-04,S.C.G.,Sydney,Greater Western Sydney,Greater Western Sydney,Callum Brown,3,2,4,2,0,0,1
2024,9,2024-05-04,S.C.G.,Sydney,Greater Western Sydney,Greater Western Sydney,Jack Buckley,10,6,4,0,0,0,0
2024,9,2024-05-04,S.C.G.,Sydney,Greater Western Sydney,Greater Western Sydney,Aaron Cadman,4,2,2,2,1,2,3
2024,9,2024-05-04,S.C.G.,Sydney,Greater Western Sydney,Greater Western Sydney,Finn Callaghan,9,2,14,0,0,0,11
2024,9,2024-05-04,S.C.G.,Sydney,Greater Western Sydney,Greater Western Sydney,Brent Daniels,12,4,3,2,0,0,6
2024,9,2024-05-04,S.C.G.,Sydney,Greater Western Sydney,Greater Western Sydney,Toby Greene,11,3,6,0,1,0,3
2024,9,2024-05-04,S.C.G.,Sydney,Greater Western Sydney,Greater Western Sydney,Tom Green,1,0,2,0,0,0,0
2024,9,2024-05-04,S.C.G.,Sydney,Greater Western Sydney,Greater Western Sydney,Harry Himmelberg,17,4,3,0,1,0,2
2024,9,2024-05-04,S.C.G.,Sydney,Greater Western Sydney,Greater Western Sydney,Jesse Hogan,5,3,4,2,1,0,0
2024,9,2024-05-04,S.C.G.,Sydney,Greater Western Sydney,Greater Western Sydney,Connor Idun,4,6,14,0,0,0,2
2024,9,2024-05-04,S.C.G.,Sydney,Greater Western Sydney,Greater Western Sydney,Darcy Jones,8,3,6,1,1,0,1
2024,9,2024-05-04,S.C.G.,Sydney,Greater Western Sydney,Greater Western Sydney,Josh Kelly,17,4,7,0,0,0,5
2024,9,2024-05-04,S.C.G.,Sydney,Greater Western Sydney,Greater Western Sydney,James Peatling,18,4,6,1,0,0,8
2024,9,2024-05-04,S.C.G.,Sydney,Greater Western Sydney,Greater Western Sydney,Harry Perryman,9,3,6,0,0,0,8
2024,9,2024-05-04,S.C.G.,Sydney,Greater Western Sydney,Greater Western Sydney,Jake Riccardi,3,3,7,0,1,2,1
2024,9,2024-05-04,S.C.G.,Sydney,Greater Western Sydney,Greater Western Sydney,Sam Taylor,8,6,6,0,0,0,2
2024,9,2024-05-04,S.C.G.,Sydney,Greater Western Sydney,Greater Western Sydney,Harvey Thomas,3,1,7,0,0,0,2
2024,9,2024-05-04,S.C.G.,Sydney,Greater Western Sydney,Greater Western Sydney,Callan Ward,9,3,13,0,0,0,6
2024,9,2024-05-04,S.C.G.,Sydney,Greater Western Sydney,Greater Western Sydney,Jacob Wehr,10,2,4,0,0,0,3
2024,9,2024-05-04,S.C.G.,Sydney,Greater Western Sydney,Greater Western Sydney,Lachie Whitfield,12,1,7,0,0,0,1
2024,9,2024-05-04,Docklands,St Kilda,North Melbourne,St Kilda,Josh Battle,17,12,3,0,1,0,0
2024,9,2024-05-04,Docklands,St Kilda,North Melbourne,St Kilda,Riley Bonner,17,7,7,0,0,0,1
2024,9,2024-05-04,Docklands,St Kilda,North Melbourne,St Kilda,Ryan Byrnes,2,1,2,0,0,0,2
2024,9,2024-05-04,Docklands,St Kilda,North Melbourne,St Kilda,Hugo Garcia,1,2,5,0,0,0,7
2024,9,2024-05-04,Docklands,St Kilda,North Melbourne,St Kilda,Angus Hastie,2,2,2,1,0,0,2
2024,9,2024-05-04,Docklands,St Kilda,North Melbourne,St Kilda,Jack Hayes,8,6,9,2,1,3,4
2024,9,2024-05-04,Docklands,St Kilda,North Melbourne,St Kilda,Bradley Hill,12,9,12,2,0,0,1
2024,9,2024-05-04,Docklands,St Kilda,North Melbourne,St Kilda,Dougal Howard,14,13,5,0,0,0,0
2024,9,2024-05-04,Docklands,St Kilda,North Melbourne,St Kilda,Max King,3,1,4,1,0,0,1
2024,9,2024-05-04,Docklands,St Kilda,North Melbourne,St Kilda,Rowan Marshall,14,5,5,1,0,20,6
2024,9,2024-05-04,Docklands,St Kilda,North Melbourne,St Kilda,Tim Membrey,7,5,5,1,1,2,1
2024,9,2024-05-04,Docklands,St Kilda,North Melbourne,St Kilda,Mitch Owens,4,2,6,0,1,0,5
2024,9,2024-05-04,Docklands,St Kilda,North Melbourne,St Kilda,Mattaes Phillipou,1,0,4,0,1,0,0
2024,9,2024-05-04,Docklands,St Kilda,North Melbourne,St Kilda,Sebastian Ross,11,1,11,1,0,0,4
2024,9,2024-05-04,Docklands,St Kilda,North Melbourne,St Kilda,Jack Sinclair,21,9,12,2,1,0,7
2024,9,2024-05-04,Docklands,St Kilda,North Melbourne,St Kilda,Jack Steele,10,5,13,0,0,0,7
2024,9,2024-05-04,Docklands,St Kilda,North Melbourne,St Kilda,Liam Stocker,9,5,3,0,0,0,2
2024,9,2024-05-04,Docklands,St Kilda,North Melbourne,St Kilda,Nasiah Wanganeen-Milera,23,7,6,0,0,0,1
2024,9,2024-05-04,Docklands,St Kilda,North Melbourne,St Kilda,Jimmy Webster,10,8,7,0,0,0,2
2024,9,2024-05-04,Docklands,St Kilda,North Melbourne,St Kilda,Callum Wilkie,15,6,5,0,0,0,0
2024,9,2024-05-04,Docklands,St Kilda,North Melbourne,St Kilda,Darcy Wilson,10,8,11,3,2,0,1
2024,9,2024-05-04,Docklands,St Kilda,North Melbourne,St Kilda,Marcus Windhager,14,4,11,0,1,0,8
2024,9,2024-05-04,Docklands,St Kilda,North Melbourne,St Kilda,Mason Wood,15,10,5,1,0,0,2
2024,9,2024-05-04,Docklands,St Kilda,North Melbourne,North Melbourne,Jackson Archer,1,0,3,0,0,0,4
2024,9,2024-05-04,Docklands,St Kilda,North Melbourne,North Melbourne,Charlie Comben,8,5,3,0,0,0,2
2024,9,2024-05-04,Docklands,St Kilda,North Melbourne,North Melbourne,Aidan Corr,9,4,7,0,0,1,2
2024,9,2024-05-04,Docklands,St Kilda,North Melbourne,North Melbourne,Paul Curtis,5,3,1,2,1,0,1
2024,9,2024-05-04,Docklands,St Kilda,North Melbourne,North Melbourne,Luke Davies-Uniacke,10,3,11,0,0,0,3
2024,9,2024-05-04,Docklands,St Kilda,North Melbourne,North Melbourne,Blake Drury,5,3,6,0,0,0,3
2024,9,2024-05-04,Docklands,St Kilda,North Melbourne,North Melbourne,Zane Duursma,6,3,3,0,1,0,0
2024,9,2024-05-04,Docklands,St Kilda,North Melbourne,North Melbourne,Zac Fisher,20,6,10,0,0,0,2
2024,9,2024-05-04,Docklands,St Kilda,North Melbourne,North Melbourne,Riley Hardeman,4,2,3,0,0,0,1
2024,9,2024-05-04,Docklands,St Kilda,North Melbourne,North Melbourne,Nick Larkey,9,4,9,2,1,9,0
2024,9,2024-05-04,Docklands,St Kilda,North Melbourne,North Melbourne,Luke McDonald,10,4,3,0,0,0,7
2024,9,2024-05-04,Docklands,St Kilda,North Melbourne,North Melbourne,Colby McKercher,18,3,12,0,0,0,3
2024,9,2024-05-04,Docklands,St Kilda,North Melbourne,North Melbourne,Toby Pink,2,2,1,0,0,0,0
2024,9,2024-05-04,Docklands,St Kilda,North Melbourne,North Melbourne,Tom Powell,9,3,8,1,0,0,4
2024,9,2024-05-04,Docklands,St Kilda,North Melbourne,North Melbourne,Bailey Scott,12,4,6,0,0,0,4
2024,9,2024-05-04,Docklands,St Kilda,North Melbourne,North Melbourne,Harry Sheezel,9,6,15,0,0,0,5
2024,9,2024-05-04,Docklands,St Kilda,North Melbourne,North Melbourne,Liam Shiels,6,1,5,0,0,0,4
2024,9,2024-05-04,Docklands,St Kilda,North Melbourne,North Melbourne,Jy Simpkin,9,4,7,1,0,0,1
2024,9,2024-05-04,Docklands,St Kilda,North Melbourne,North Melbourne,Jaidyn Stephenson,3,2,3,0,0,0,2
2024,9,2024-05-04,Docklands,St Kilda,North Melbourne,North Melbourne,Darcy Tucker,10,2,4,0,0,0,4
2024,9,2024-05-04,Docklands,St Kilda,North Melbourne,North Melbourne,George Wardlaw,12,3,10,1,2,0,4
2024,9,2024-05-04,Docklands,St Kilda,North Melbourne,North Melbourne,Tristan Xerri,8,0,11,0,0,40,11
2024,9,2024-05-04,Docklands,St Kilda,North Melbourne,North Melbourne,Cameron Zurhaar,5,2,1,3,0,0,2
2024,9,2024-05-04,M.C.G.,Melbourne,Geelong,Melbourne,Jack Billings,11,4,1,0,0,0,3
2024,9,2024-05-04,M.C.G.,Melbourne,Geelong,Melbourne,Kade Chandler,6,4,0,1,0,0,5
2024,9,2024-05-04,M.C.G.,Melbourne,Geelong,Melbourne,Bayley Fritsch,8,6,4,3,1,0,0
2024,9,2024-05-04,M.C.G.,Melbourne,Geelong,Melbourne,Max Gawn,11,7,5,1,1,20,1
2024,9,2024-05-04,M.C.G.,Melbourne,Geelong,Melbourne,Blake Howes,7,4,2,0,0,0,3
2024,9,2024-05-04,M.C.G.,Melbourne,Geelong,Melbourne,Ed Langdon,15,7,6,1,1,0,1
2024,9,2024-05-04,M.C.G.,Melbourne,Geelong,Melbourne,Bailey Laurie,0,0,1,0,0,0,0
2024,9,2024-05-04,M.C.G.,Melbourne,Geelong,Melbourne,Jake Lever,18,8,6,0,0,0,2
2024,9,2024-05-04,M.C.G.,Melbourne,Geelong,Melbourne,Steven May,22,13,3,0,0,0,0
2024,9,2024-05-04,M.C.G.,Melbourne,Geelong,Melbourne,Tom McDonald,9,7,3,0,0,0,0
2024,9,2024-05-04,M.C.G.,Melbourne,Geelong,Melbourne,Judd McVee,13,4,8,0,0,0,1
2024,9,2024-05-04,M.C.G.,Melbourne,Geelong,Melbourne,Alex Neal-Bullen,8,1,8,0,1,0,6
2024,9,2024-05-04,M.C.G.,Melbourne,Geelong,Melbourne,Clayton Oliver,15,7,16,0,0,0,4
2024,9,2024-05-04,M.C.G.,Melbourne,Geelong,Melbourne,Christian Petracca,11,3,10,0,2,0,4
2024,9,2024-05-04,M.C.G.,Melbourne,Geelong,Melbourne,Harry Petty,9,9,4,1,1,2,2
2024,9,2024-05-04,M.C.G.,Melbourne,Geelong,Melbourne,Kysaiah Pickett,11,4,3,2,2,0,3
2024,9,2024-05-04,M.C.G.,Melbourne,Geelong,Melbourne,Trent Rivers,12,5,2,0,0,0,1
2024,9,2024-05-04,M.C.G.,Melbourne,Geelong,Melbourne,Tom Sparrow,14,5,2,0,0,0,5
2024,9,2024-05-04,M.C.G.,Melbourne,Geelong,Melbourne,Daniel Turner,2,3,3,0,0,0,1
2024,9,2024-05-04,M.C.G.,Melbourne,Geelong,Melbourne,Jacob van Rooyen,4,3,3,0,2,2,0
2024,9,2024-05-04,M.C.G.,Melbourne,Geelong,Melbourne,Jack Viney,15,3,4,0,0,0,6
2024,9,2024-05-04,M.C.G.,Melbourne,Geelong,Melbourne,Caleb Windsor,11,6,7,1,2,0,6
2024,9,2024-05-04,M.C.G.,Melbourne,Geelong,Melbourne,Taj Woewodin,9,4,3,0,0,0,1
2024,9,2024-05-04,M.C.G.,Melbourne,Geelong,Geelong,Tom Atkins,8,1,14,0,0,0,11
2024,9,2024-05-04,M.C.G.,Melbourne,Geelong,Geelong,Mark Blicavs,6,1,6,0,0,4,5
2024,9,2024-05-04,M.C.G.,Melbourne,Geelong,Geelong,Jack Bowes,11,5,9,0,1,0,4
2024,9,2024-05-04,M.C.G.,Melbourne,Geelong,Geelong,Tanner Bruhn,5,0,4,0,1,0,4
2024,9,2024-05-04,M.C.G.,Melbourne,Geelong,Geelong,Jeremy Cameron,11,7,4,0,3,0,0
2024,9,2024-05-04,M.C.G.,Melbourne,Geelong,Geelong,Jhye Clark,8,2,6,1,0,0,3
2024,9,2024-05-04,M.C.G.,Melbourne,Geelong,Geelong,Brad Close,9,3,9,1,0,0,0
2024,9,2024-05-04,M.C.G.,Melbourne,Geelong,Geelong,Sam De Koning,5,4,12,0,0,1,0
2024,9,2024-05-04,M.C.G.,Melbourne,Geelong,Geelong,Oliver Dempsey,6,6,8,1,1,0,0
2024,9,2024-05-04,M.C.G.,Melbourne,Geelong,Geelong,Mitch Duncan,13,8,3,0,1,0,1
2024,9,2024-05-04,M.C.G.,Melbourne,Geelong,Geelong,Cameron Guthrie,10,3,5,0,0,0,1
2024,9,2024-05-04,M.C.G.,Melbourne,Geelong,Geelong,Zach Guthrie,16,9,8,1,0,0,4
2024,9,2024-05-04,M.C.G.,Melbourne,Geelong,Geelong,Tom Hawkins,6,2,5,0,1,1,2
2024,9,2024-05-04,M.C.G.,Melbourne,Geelong,Geelong,Jack Henry,9,6,3,0,0,0,0
2024,9,2024-05-04,M.C.G.,Melbourne,Geelong,Geelong,Oliver Henry,6,3,4,3,0,0,2
2024,9,2024-05-04,M.C.G.,Melbourne,Geelong,Geelong,Max Holmes,25,9,6,0,1,0,2
2024,9,2024-05-04,M.C.G.,Melbourne,Geelong,Geelong,Jake Kolodjashnij,9,6,5,0,0,0,1
2024,9,2024-05-04,M.C.G.,Melbourne,Geelong,Geelong,Gryan Miers,14,5,8,0,0,0,2
2024,9,2024-05-04,M.C.G.,Melbourne,Geelong,Geelong,Gary Rohan,3,2,1,0,0,0,0
2024,9,2024-05-04,M.C.G.,Melbourne,Geelong,Geelong,Rhys Stanley,3,2,3,0,0,21,3
2024,9,2024-05-04,M.C.G.,Melbourne,Geelong,Geelong,Tyson Stengle,10,4,3,2,0,0,2
2024,9,2024-05-04,M.C.G.,Melbourne,Geelong,Geelong,Tom Stewart,13,6,8,0,0,0,3
2024,9,2024-05-04,M.C.G.,Melbourne,Geelong,Geelong,Zach Tuohy,13,2,1,0,2,0,1
2024,9,2024-05-04,Perth Stadium,West Coast,Essendon,West Coast,Tom Barrass,14,8,8,0,0,0,0
2024,9,2024-05-04,Perth Stadium,West Coast,Essendon,West Coast,Campbell Chesser,6,3,6,1,1,0,1
2024,9,2024-05-04,Perth Stadium,West Coast,Essendon,West Coast,Tom Cole,9,1,4,0,0,0,5
2024,9,2024-05-04,Perth Stadium,West Coast,Essendon,West Coast,Jamie Cripps,8,4,12,0,1,0,3
2024,9,2024-05-04,Perth Stadium,West Coast,Essendon,West Coast,Jack Darling,7,3,4,2,0,4,0
2024,9,2024-05-04,Perth Stadium,West Coast,Essendon,West Coast,Liam Duggan,20,6,6,0,0,0,2
2024,9,2024-05-04,Perth Stadium,West Coast,Essendon,West Coast,Luke Edwards,6,5,5,0,0,0,2
2024,9,2024-05-04,Perth Stadium,West Coast,Essendon,West Coast,Reuben Ginbey,11,4,5,0,0,0,0
2024,9,2024-05-04,Perth Stadium,West Coast,Essendon,West Coast,Brady Hough,10,3,5,0,0,0,2
2024,9,2024-05-04,Perth Stadium,West Coast,Essendon,West Coast,Harvey Johnston,2,0,2,0,0,0,0
2024,9,2024-05-04,Perth Stadium,West Coast,Essendon,West Coast,Tim Kelly,18,2,11,0,0,0,4
2024,9,2024-05-04,Perth Stadium,West Coast,Essendon,West Coast,Noah Long,6,3,3,0,1,0,0
2024,9,2024-05-04,Perth Stadium,West Coast,Essendon,West Coast,Jeremy McGovern,11,4,5,0,0,2,2
2024,9,2024-05-04,Perth Stadium,West Coast,Essendon,West Coast,Jack Petruccelle,8,2,4,0,0,0,3
2024,9,2024-05-04,Perth Stadium,West Coast,Essendon,West Coast,Harley Reid,5,1,9,0,0,0,5
2024,9,2024-05-04,Perth Stadium,West Coast,Essendon,West Coast,Josh Rotham,9,8,1,0,0,0,0
2024,9,2024-05-04,Perth Stadium,West Coast,Essendon,West Coast,Liam Ryan,4,3,3,0,0,0,1
2024,9,2024-05-04,Perth Stadium,West Coast,Essendon,West Coast,Dom Sheed,5,1,9,0,0,0,3
2024,9,2024-05-04,Perth Stadium,West Coast,Essendon,West Coast,Jake Waterman,9,8,2,3,1,0,2
2024,9,2024-05-04,Perth Stadium,West Coast,Essendon,West Coast,Bailey Williams,10,4,7,1,0,18,1
2024,9,2024-05-04,Perth Stadium,West Coast,Essendon,West Coast,Jack Williams,9,3,6,3,1,4,2
2024,9,2024-05-04,Perth Stadium,West Coast,Essendon,West Coast,Alex Witherden,8,4,12,0,0,0,3
2024,9,2024-05-04,Perth Stadium,West Coast,Essendon,West Coast,Elliot Yeo,7,2,6,1,0,0,4
2024,9,2024-05-04,Perth Stadium,West Coast,Essendon,Essendon,Jye Caldwell,4,3,11,0,1,0,4
2024,9,2024-05-04,Perth Stadium,West Coast,Essendon,Essendon,Nik Cox,8,4,8,0,0,0,2
2024,9,2024-05-04,Perth Stadium,West Coast,Essendon,Essendon,Alwyn Davey,2,1,2,0,0,0,1
2024,9,2024-05-04,Perth Stadium,West Coast,Essendon,Essendon,Sam Durham,10,2,15,1,0,0,3
2024,9,2024-05-04,Perth Stadium,West Coast,Essendon,Essendon,Xavier Duursma,13,5,9,1,0,0,4
2024,9,2024-05-04,Perth Stadium,West Coast,Essendon,Essendon,Todd Goldstein,5,3,7,0,0,31,5
2024,9,2024-05-04,Perth Stadium,West Coast,Essendon,Essendon,Jade Gresham,10,5,1,0,0,0,1
2024,9,2024-05-04,Perth Stadium,West Coast,Essendon,Essendon,Matt Guelfi,5,3,5,0,2,0,4
2024,9,2024-05-04,Perth Stadium,West Coast,Essendon,Essendon,Dyson Heppell,8,3,6,0,0,0,5
2024,9,2024-05-04,Perth Stadium,West Coast,Essendon,Essendon,Ben Hobbs,2,0,5,0,0,0,1
2024,9,2024-05-04,Perth Stadium,West Coast,Essendon,Essendon,Harry Jones,3,2,3,0,0,0,1
2024,9,2024-05-04,Perth Stadium,West Coast,Essendon,Essendon,Jake Kelly,13,8,6,0,0,0,3
2024,9,2024-05-04,Perth Stadium,West Coast,Essendon,Essendon,Kyle Langford,6,4,6,3,3,2,4
2024,9,2024-05-04,Perth Stadium,West Coast,Essendon,Essendon,Jayden Laverde,12,5,4,0,0,0,2
2024,9,2024-05-04,Perth Stadium,West Coast,Essendon,Essendon,Nic Martin,22,8,10,0,0,0,2
2024,9,2024-05-04,Perth Stadium,West Coast,Essendon,Essendon,Andrew McGrath,7,4,16,0,0,0,4
2024,9,2024-05-04,Perth Stadium,West Coast,Essendon,Essendon,Ben McKay,8,7,10,0,0,4,4
2024,9,2024-05-04,Perth Stadium,West Coast,Essendon,Essendon,Zach Merrett,12,4,17,3,1,0,3
2024,9,2024-05-04,Perth Stadium,West Coast,Essendon,Essendon,Darcy Parish,22,11,14,0,0,0,5
2024,9,2024-05-04,Perth Stadium,West Coast,Essendon,Essendon,Archie Perkins,9,4,8,0,0,0,5
2024,9,2024-05-04,Perth Stadium,West Coast,Essendon,Essendon,Mason Redman,15,4,5,0,1,0,0
2024,9,2024-05-04,Perth Stadium,West Coast,Essendon,Essendon,Jake Stringer,8,2,1,1,2,0,2
2024,9,2024-05-04,Perth Stadium,West Coast,Essendon,Essendon,Peter Wright,6,4,2,2,0,16,2
2024,9,2024-05-05,M.C.G.,Richmond,Fremantle,Richmond,Liam Baker,13,6,5,0,0,0,4
2024,9,2024-05-05,M.C.G.,Richmond,Fremantle,Richmond,Sam Banks,10,2,3,0,0,0,0
2024,9,2024-05-05,M.C.G.,Richmond,Fremantle,Richmond,Shai Bolton,6,2,7,0,1,0,2
2024,9,2024-05-05,M.C.G.,Richmond,Fremantle,Richmond,Nathan Broad,10,7,7,0,1,0,2
2024,9,2024-05-05,M.C.G.,Richmond,Fremantle,Richmond,Tom Brown,12,7,5,0,1,0,2
2024,9,2024-05-05,M.C.G.,Richmond,Fremantle,Richmond,Seth Campbell,3,3,6,0,1,0,1
2024,9,2024-05-05,M.C.G.,Richmond,Fremantle,Richmond,Thomson Dow,6,5,9,0,0,0,0
2024,9,2024-05-05,M.C.G.,Richmond,Fremantle,Richmond,Dylan Grimes,5,3,5,0,0,0,1
2024,9,2024-05-05,M.C.G.,Richmond,Fremantle,Richmond,Mykelti Lefau,6,5,2,2,1,0,3
2024,9,2024-05-05,M.C.G.,Richmond,Fremantle,Richmond,Rhyan Mansell,4,2,4,1,1,0,2
2024,9,2024-05-05,M.C.G.,Richmond,Fremantle,Richmond,Dustin Martin,16,5,7,0,1,0,2
2024,9,2024-05-05,M.C.G.,Richmond,Fremantle,Richmond,Kamdyn McIntosh,1,1,1,1,0,0,0
2024,9,2024-05-05,M.C.G.,Richmond,Fremantle,Richmond,Ben Miller,8,3,3,0,0,0,1
2024,9,2024-05-05,M.C.G.,Richmond,Fremantle,Richmond,Sam Naismith,1,3,5,0,0,4,1
2024,9,2024-05-05,M.C.G.,Richmond,Fremantle,Richmond,Toby Nankervis,5,1,6,0,1,29,3
2024,9,2024-05-05,M.C.G.,Richmond,Fremantle,Richmond,Marlion Pickett,7,5,8,0,0,1,4
2024,9,2024-05-05,M.C.G.,Richmond,Fremantle,Richmond,Hugo Ralphsmith,7,6,7,1,2,0,2
2024,9,2024-05-05,M.C.G.,Richmond,Fremantle,Richmond,Daniel Rioli,9,3,13,0,0,0,4
2024,9,2024-05-05,M.C.G.,Richmond,Fremantle,Richmond,Maurice Rioli,5,1,3,0,0,0,1
2024,9,2024-05-05,M.C.G.,Richmond,Fremantle,Richmond,Jayden Short,22,8,6,0,0,0,1
2024,9,2024-05-05,M.C.G.,Richmond,Fremantle,Richmond,Tyler Sonsie,11,4,7,1,0,0,0
2024,9,2024-05-05,M.C.G.,Richmond,Fremantle,Richmond,Nick Vlastuin,17,8,5,0,0,0,3
2024,9,2024-05-05,M.C.G.,Richmond,Fremantle,Richmond,Tylar Young,7,7,7,0,0,0,1
2024,9,2024-05-05,M.C.G.,Richmond,Fremantle,Fremantle,James Aish,14,9,5,0,0,0,1
2024,9,2024-05-05,M.C.G.,Richmond,Fremantle,Fremantle,Jye Amiss,9,6,3,2,1,0,3
2024,9,2024-05-05,M.C.G.,Richmond,Fremantle,Fremantle,Bailey Banfield,7,2,5,1,0,0,4
2024,9,2024-05-05,M.C.G.,Richmond,Fremantle,Fremantle,Andrew Brayshaw,16,6,15,0,1,0,7
2024,9,2024-05-05,M.C.G.,Richmond,Fremantle,Fremantle,Heath Chapman,10,8,7,0,0,0,0
2024,9,2024-05-05,M.C.G.,Richmond,Fremantle,Fremantle,Jordan Clark,20,7,5,0,0,0,1
2024,9,2024-05-05,M.C.G.,Richmond,Fremantle,Fremantle,Sean Darcy,4,3,6,2,0,12,2
2024,9,2024-05-05,M.C.G.,Richmond,Fremantle,Fremantle,Josh Draper,6,5,4,0,0,0,2
2024,9,2024-05-05,M.C.G.,Richmond,Fremantle,Fremantle,Tom Emmett,4,2,5,0,1,0,4
2024,9,2024-05-05,M.C.G.,Richmond,Fremantle,Fremantle,Michael Frederick,8,3,7,1,1,0,4
2024,9,2024-05-05,M.C.G.,Richmond,Fremantle,Fremantle,Nat Fyfe,2,2,6,0,0,0,1
2024,9,2024-05-05,M.C.G.,Richmond,Fremantle,Fremantle,Luke Jackson,6,4,9,0,2,7,4
2024,9,2024-05-05,M.C.G.,Richmond,Fremantle,Fremantle,Matthew Johnson,11,5,14,1,1,0,4
2024,9,2024-05-05,M.C.G.,Richmond,Fremantle,Fremantle,Jaeger OMeara,9,2,11,0,0,0,4
2024,9,2024-05-05,M.C.G.,Richmond,Fremantle,Fremantle,Alex Pearce,6,4,3,0,0,0,1
2024,9,2024-05-05,M.C.G.,Richmond,Fremantle,Fremantle,Luke Ryan,31,15,8,0,0,0,2
2024,9,2024-05-05,M.C.G.,Richmond,Fremantle,Fremantle,Caleb Serong,18,8,20,0,0,0,5
2024,9,2024-05-05,M.C.G.,Richmond,Fremantle,Fremantle,Jeremy Sharp,12,10,6,1,1,0,0
2024,9,2024-05-05,M.C.G.,Richmond,Fremantle,Fremantle,Cooper Simpson,3,2,2,0,0,0,0
2024,9,2024-05-05,M.C.G.,Richmond,Fremantle,Fremantle,Josh Treacy,6,5,4,4,0,7,4
2024,9,2024-05-05,M.C.G.,Richmond,Fremantle,Fremantle,Brandon Walker,13,8,0,0,0,0,1
2024,9,2024-05-05,M.C.G.,Richmond,Fremantle,Fremantle,Michael Walters,12,7,2,1,1,0,1
2024,9,2024-05-05,M.C.G.,Richmond,Fremantle,Fremantle,Hayden Young,11,7,19,2,0,0,5
2024,9,2024-05-05,Docklands,Western Bulldogs,Hawthorn,Western Bulldogs,Oskar Baker,7,2,1,0,0,0,1
2024,9,2024-05-05,Docklands,Western Bulldogs,Hawthorn,Western Bulldogs,Marcus Bontempelli,13,2,13,2,0,0,5
2024,9,2024-05-05,Docklands,Western Bulldogs,Hawthorn,Western Bulldogs,Lachlan Bramble,12,5,4,0,0,0,0
2024,9,2024-05-05,Docklands,Western Bulldogs,Hawthorn,Western Bulldogs,Charlie Clarke,5,2,1,0,1,0,0
2024,9,2024-05-05,Docklands,Western Bulldogs,Hawthorn,Western Bulldogs,Bailey Dale,22,8,7,0,0,0,1
2024,9,2024-05-05,Docklands,Western Bulldogs,Hawthorn,Western Bulldogs,Sam Darcy,5,4,4,1,1,7,1
2024,9,2024-05-05,Docklands,Western Bulldogs,Hawthorn,Western Bulldogs,Taylor Duryea,3,2,2,0,0,0,3
2024,9,2024-05-05,Docklands,Western Bulldogs,Hawthorn,Western Bulldogs,Tim English,9,9,9,2,0,31,4
2024,9,2024-05-05,Docklands,Western Bulldogs,Hawthorn,Western Bulldogs,Harvey Gallagher,6,2,3,0,0,0,4
2024,9,2024-05-05,Docklands,Western Bulldogs,Hawthorn,Western Bulldogs,Riley Garcia,5,0,8,0,1,0,5
2024,9,2024-05-05,Docklands,Western Bulldogs,Hawthorn,Western Bulldogs,James Harmes,12,6,9,0,0,0,7
2024,9,2024-05-05,Docklands,Western Bulldogs,Hawthorn,Western Bulldogs,Jason Johannisen,16,6,3,0,0,0,0
2024,9,2024-05-05,Docklands,Western Bulldogs,Hawthorn,Western Bulldogs,Liam Jones,13,5,3,0,0,0,1
2024,9,2024-05-05,Docklands,Western Bulldogs,Hawthorn,Western Bulldogs,Buku Khamis,4,5,7,0,0,0,2
2024,9,2024-05-05,Docklands,Western Bulldogs,Hawthorn,Western Bulldogs,Tom Liberatore,8,4,12,0,0,0,4
2024,9,2024-05-05,Docklands,Western Bulldogs,Hawthorn,Western Bulldogs,Jack Macrae,7,0,14,0,0,0,4
2024,9,2024-05-05,Docklands,Western Bulldogs,Hawthorn,Western Bulldogs,Aaron Naughton,8,5,6,2,0,0,0
2024,9,2024-05-05,Docklands,Western Bulldogs,Hawthorn,Western Bulldogs,James ODonnell,3,1,3,0,0,0,0
2024,9,2024-05-05,Docklands,Western Bulldogs,Hawthorn,Western Bulldogs,Ed Richards,10,3,7,1,1,0,4
2024,9,2024-05-05,Docklands,Western Bulldogs,Hawthorn,Western Bulldogs,Adam Treloar,15,1,18,0,0,0,7
2024,9,2024-05-05,Docklands,Western Bulldogs,Hawthorn,Western Bulldogs,Jamarra Ugle-Hagan,4,3,0,2,1,0,1
2024,9,2024-05-05,Docklands,Western Bulldogs,Hawthorn,Western Bulldogs,Laitham Vandermeer,4,2,3,2,0,0,3
2024,9,2024-05-05,Docklands,Western Bulldogs,Hawthorn,Western Bulldogs,Bailey Williams,7,5,11,2,1,0,2
2024,9,2024-05-05,Docklands,Western Bulldogs,Hawthorn,Hawthorn,Karl Amon,13,5,2,0,0,0,4
2024,9,2024-05-05,Docklands,Western Bulldogs,Hawthorn,Hawthorn,Massimo DAmbrosio,11,4,6,0,0,0,0
2024,9,2024-05-05,Docklands,Western Bulldogs,Hawthorn,Hawthorn,Will Day,10,3,2,0,0,0,4
2024,9,2024-05-05,Docklands,Western Bulldogs,Hawthorn,Hawthorn,Calsher Dear,6,5,2,2,1,0,4
2024,9,2024-05-05,Docklands,Western Bulldogs,Hawthorn,Hawthorn,Sam Frost,5,3,4,0,0,0,3
2024,9,2024-05-05,Docklands,Western Bulldogs,Hawthorn,Hawthorn,Jack Ginnivan,8,4,5,1,1,0,5
2024,9,2024-05-05,Docklands,Western Bulldogs,Hawthorn,Hawthorn,Jack Gunston,11,7,1,2,4,0,0
2024,9,2024-05-05,Docklands,Western Bulldogs,Hawthorn,Hawthorn,Blake Hardwick,13,6,9,0,1,0,1
2024,9,2024-05-05,Docklands,Western Bulldogs,Hawthorn,Hawthorn,Jarman Impey,23,12,4,0,0,0,3
2024,9,2024-05-05,Docklands,Western Bulldogs,Hawthorn,Hawthorn,Connor Macdonald,9,6,5,3,0,0,0
2024,9,2024-05-05,Docklands,Western Bulldogs,Hawthorn,Hawthorn,Cam Mackenzie,4,2,4,0,0,0,1
2024,9,2024-05-05,Docklands,Western Bulldogs,Hawthorn,Hawthorn,Finn Maginness,12,5,8,0,2,0,1
2024,9,2024-05-05,Docklands,Western Bulldogs,Hawthorn,Hawthorn,Lloyd Meek,7,2,9,1,0,45,6
2024,9,2024-05-05,Docklands,Western Bulldogs,Hawthorn,Hawthorn,Dylan Moore,16,8,8,1,0,0,5
2024,9,2024-05-05,Docklands,Western Bulldogs,Hawthorn,Hawthorn,Harry Morrison,6,5,5,0,0,0,2
2024,9,2024-05-05,Docklands,Western Bulldogs,Hawthorn,Hawthorn,Conor Nash,7,1,11,0,0,4,9
2024,9,2024-05-05,Docklands,Western Bulldogs,Hawthorn,Hawthorn,Jai Newcombe,8,3,13,1,1,0,7
2024,9,2024-05-05,Docklands,Western Bulldogs,Hawthorn,Hawthorn,Jack Scrimshaw,13,4,4,0,0,0,2
2024,9,2024-05-05,Docklands,Western Bulldogs,Hawthorn,Hawthorn,James Sicily,15,9,5,1,0,0,2
2024,9,2024-05-05,Docklands,Western Bulldogs,Hawthorn,Hawthorn,Josh Ward,6,4,3,1,0,0,1
2024,9,2024-05-05,Docklands,Western Bulldogs,Hawthorn,Hawthorn,Nick Watson,2,0,1,0,2,0,3
2024,9,2024-05-05,Docklands,Western Bulldogs,Hawthorn,Hawthorn,Josh Weddle,11,6,4,1,0,0,1
2024,9,2024-05-05,Docklands,Western Bulldogs,Hawthorn,Hawthorn,James Worpel,8,3,10,0,0,0,8
2024,9,2024-05-05,Gabba,Brisbane Lions,Gold Coast,Brisbane Lions,Harris Andrews,14,12,4,0,0,0,0
2024,9,2024-05-05,Gabba,Brisbane Lions,Gold Coast,Brisbane Lions,Noah Answerth,0,0,0,0,0,0,0
2024,9,2024-05-05,Gabba,Brisbane Lions,Gold Coast,Brisbane Lions,Jarrod Berry,19,11,4,1,0,0,6
2024,9,2024-05-05,Gabba,Brisbane Lions,Gold Coast,Brisbane Lions,Charlie Cameron,5,5,2,1,0,0,1
2024,9,2024-05-05,Gabba,Brisbane Lions,Gold Coast,Brisbane Lions,Joe Daniher,16,9,3,2,2,0,2
2024,9,2024-05-05,Gabba,Brisbane Lions,Gold Coast,Brisbane Lions,Josh Dunkley,19,11,8,1,2,0,8
2024,9,2024-05-05,Gabba,Brisbane Lions,Gold Coast,Brisbane Lions,Jaspa Fletcher,7,6,8,0,0,0,2
2024,9,2024-05-05,Gabba,Brisbane Lions,Gold Coast,Brisbane Lions,Darcy Gardiner,3,0,0,2,0,0,0
2024,9,2024-05-05,Gabba,Brisbane Lions,Gold Coast,Brisbane Lions,Eric Hipwood,10,7,2,0,0,0,1
2024,9,2024-05-05,Gabba,Brisbane Lions,Gold Coast,Brisbane Lions,Ryan Lester,12,9,3,0,0,0,2
2024,9,2024-05-05,Gabba,Brisbane Lions,Gold Coast,Brisbane Lions,Kai Lohmann,8,6,5,1,2,0,6
2024,9,2024-05-05,Gabba,Brisbane Lions,Gold Coast,Brisbane Lions,Lincoln McCarthy,0,0,0,0,0,0,0
2024,9,2024-05-05,Gabba,Brisbane Lions,Gold Coast,Brisbane Lions,Hugh McCluggage,24,7,8,0,1,0,4
2024,9,2024-05-05,Gabba,Brisbane Lions,Gold Coast,Brisbane Lions,Oscar McInerney,6,2,2,0,0,37,2
2024,9,2024-05-05,Gabba,Brisbane Lions,Gold Coast,Brisbane Lions,Conor McKenna,23,9,2,0,0,0,0
2024,9,2024-05-05,Gabba,Brisbane Lions,Gold Coast,Brisbane Lions,Logan Morris,4,2,1,1,3,0,1
2024,9,2024-05-05,Gabba,Brisbane Lions,Gold Coast,Brisbane Lions,Lachie Neale,15,9,19,0,0,0,8
2024,9,2024-05-05,Gabba,Brisbane Lions,Gold Coast,Brisbane Lions,Jack Payne,5,4,4,0,0,0,2
2024,9,2024-05-05,Gabba,Brisbane Lions,Gold Coast,Brisbane Lions,Cam Rayner,5,5,11,0,1,0,2
2024,9,2024-05-05,Gabba,Brisbane Lions,Gold Coast,Brisbane Lions,Bruce Reville,13,4,0,0,0,0,0
2024,9,2024-05-05,Gabba,Brisbane Lions,Gold Coast,Brisbane Lions,Harry Sharp,11,7,7,1,0,0,4
2024,9,2024-05-05,Gabba,Brisbane Lions,Gold Coast,Brisbane Lions,Darcy Wilmot,15,7,10,0,0,0,3
2024,9,2024-05-05,Gabba,Brisbane Lions,Gold Coast,Brisbane Lions,Dayne Zorko,35,16,5,0,3,0,5
2024,9,2024-05-05,Gabba,Brisbane Lions,Gold Coast,Gold Coast,Ben Ainsworth,11,5,6,1,0,0,1
2024,9,2024-05-05,Gabba,Brisbane Lions,Gold Coast,Gold Coast,Noah Anderson,13,3,10,0,0,0,8
2024,9,2024-05-05,Gabba,Brisbane Lions,Gold Coast,Gold Coast,Mac Andrew,6,2,2,0,0,2,2
2024,9,2024-05-05,Gabba,Brisbane Lions,Gold Coast,Gold Coast,Rory Atkins,13,3,7,0,1,0,1
2024,9,2024-05-05,Gabba,Brisbane Lions,Gold Coast,Gold Coast,Charlie Ballard,9,3,3,0,0,0,2
2024,9,2024-05-05,Gabba,Brisbane Lions,Gold Coast,Gold Coast,Tom Berry,4,0,6,0,1,0,2
2024,9,2024-05-05,Gabba,Brisbane Lions,Gold Coast,Gold Coast,Sam Clohesy,14,3,3,0,0,0,2
2024,9,2024-05-05,Gabba,Brisbane Lions,Gold Coast,Gold Coast,Sam Collins,6,4,7,0,0,0,2
2024,9,2024-05-05,Gabba,Brisbane Lions,Gold Coast,Gold Coast,Brayden Fiorini,11,3,12,0,0,0,4
2024,9,2024-05-05,Gabba,Brisbane Lions,Gold Coast,Gold Coast,Sam Flanders,18,5,12,0,0,0,4
2024,9,2024-05-05,Gabba,Brisbane Lions,Gold Coast,Gold Coast,Will Graham,2,1,7,0,0,0,8
2024,9,2024-05-05,Gabba,Brisbane Lions,Gold Coast,Gold Coast,Nick Holman,1,2,5,0,0,0,7
2024,9,2024-05-05,Gabba,Brisbane Lions,Gold Coast,Gold Coast,Ben King,6,3,1,3,0,0,2
2024,9,2024-05-05,Gabba,Brisbane Lions,Gold Coast,Gold Coast,Ben Long,2,2,1,1,0,0,2
2024,9,2024-05-05,Gabba,Brisbane Lions,Gold Coast,Gold Coast,Jack Lukosius,9,4,4,0,2,2,0
2024,9,2024-05-05,Gabba,Brisbane Lions,Gold Coast,Gold Coast,Touk Miller,9,2,16,0,2,0,3
2024,9,2024-05-05,Gabba,Brisbane Lions,Gold Coast,Gold Coast,Wil Powell,15,6,6,0,0,0,0
2024,9,2024-05-05,Gabba,Brisbane Lions,Gold Coast,Gold Coast,Ethan Read,1,1,3,0,0,1,0
2024,9,2024-05-05,Gabba,Brisbane Lions,Gold Coast,Gold Coast,Jake Rogers,2,0,4,0,0,0,3
2024,9,2024-05-05,Gabba,Brisbane Lions,Gold Coast,Gold Coast,Matt Rowell,5,1,11,0,0,0,4
2024,9,2024-05-05,Gabba,Brisbane Lions,Gold Coast,Gold Coast,David Swallow,6,5,4,0,0,0,2
2024,9,2024-05-05,Gabba,Brisbane Lions,Gold Coast,Gold Coast,Jed Walter,3,1,2,1,1,0,3
2024,9,2024-05-05,Gabba,Brisbane Lions,Gold Coast,Gold Coast,Jarrod Witts,1,1,5,0,0,41,1
2024,10,2024-05-09,M.C.G.,Carlton,Melbourne,Carlton,Blake Acres,14,6,4,0,0,0,3
2024,10,2024-05-09,M.C.G.,Carlton,Melbourne,Carlton,Jordan Boyd,10,1,3,0,0,0,4
2024,10,2024-05-09,M.C.G.,Carlton,Melbourne,Carlton,Adam Cerra,10,2,11,0,0,0,4
2024,10,2024-05-09,M.C.G.,Carlton,Melbourne,Carlton,Alex Cincotta,6,2,4,0,0,0,4
2024,10,2024-05-09,M.C.G.,Carlton,Melbourne,Carlton,Matthew Cottrell,11,5,5,0,0,0,1
2024,10,2024-05-09,M.C.G.,Carlton,Melbourne,Carlton,Lachlan Cowan,3,0,1,0,0,0,4
2024,10,2024-05-09,M.C.G.,Carlton,Melbourne,Carlton,Patrick Cripps,15,5,20,1,0,0,5
2024,10,2024-05-09,M.C.G.,Carlton,Melbourne,Carlton,Charlie Curnow,13,8,3,2,1,0,0
2024,10,2024-05-09,M.C.G.,Carlton,Melbourne,Carlton,Tom De Koning,7,3,4,1,0,11,3
2024,10,2024-05-09,M.C.G.,Carlton,Melbourne,Carlton,Corey Durdin,1,1,6,0,0,0,3
2024,10,2024-05-09,M.C.G.,Carlton,Melbourne,Carlton,George Hewett,4,0,4,1,0,0,1
2024,10,2024-05-09,M.C.G.,Carlton,Melbourne,Carlton,Elijah Hollands,7,1,5,0,0,0,2
2024,10,2024-05-09,M.C.G.,Carlton,Melbourne,Carlton,Oliver Hollands,12,5,9,0,0,0,1
2024,10,2024-05-09,M.C.G.,Carlton,Melbourne,Carlton,Brodie Kemp,11,5,3,0,0,0,0
2024,10,2024-05-09,M.C.G.,Carlton,Melbourne,Carlton,Matthew Kennedy,13,3,8,0,0,0,5
2024,10,2024-05-09,M.C.G.,Carlton,Melbourne,Carlton,Jack Martin,4,2,2,1,0,0,2
2024,10,2024-05-09,M.C.G.,Carlton,Melbourne,Carlton,Mitch McGovern,12,3,7,0,0,0,0
2024,10,2024-05-09,M.C.G.,Carlton,Melbourne,Carlton,Harry McKay,8,5,1,1,0,0,0
2024,10,2024-05-09,M.C.G.,Carlton,Melbourne,Carlton,Nic Newman,15,5,4,0,0,0,6
2024,10,2024-05-09,M.C.G.,Carlton,Melbourne,Carlton,Matthew Owies,7,5,4,3,0,0,4
2024,10,2024-05-09,M.C.G.,Carlton,Melbourne,Carlton,Marc Pittonet,6,1,8,1,0,21,4
2024,10,2024-05-09,M.C.G.,Carlton,Melbourne,Carlton,Sam Walsh,18,3,16,1,1,0,11
2024,10,2024-05-09,M.C.G.,Carlton,Melbourne,Carlton,Jacob Weitering,13,7,4,0,0,0,1
2024,10,2024-05-09,M.C.G.,Carlton,Melbourne,Melbourne,Jack Billings,11,6,9,0,0,0,3
2024,10,2024-05-09,M.C.G.,Carlton,Melbourne,Melbourne,Jake Bowey,9,5,5,0,0,0,2
2024,10,2024-05-09,M.C.G.,Carlton,Melbourne,Melbourne,Kade Chandler,7,3,6,0,1,0,8
2024,10,2024-05-09,M.C.G.,Carlton,Melbourne,Melbourne,Bayley Fritsch,4,2,3,1,1,0,3
2024,10,2024-05-09,M.C.G.,Carlton,Melbourne,Melbourne,Max Gawn,9,2,8,1,0,45,3
2024,10,2024-05-09,M.C.G.,Carlton,Melbourne,Melbourne,Blake Howes,6,3,8,0,0,0,1
2024,10,2024-05-09,M.C.G.,Carlton,Melbourne,Melbourne,Ed Langdon,9,2,15,0,0,0,1
2024,10,2024-05-09,M.C.G.,Carlton,Melbourne,Melbourne,Jake Lever,5,5,8,0,0,0,3
2024,10,2024-05-09,M.C.G.,Carlton,Melbourne,Melbourne,Steven May,15,9,3,0,0,0,0
2024,10,2024-05-09,M.C.G.,Carlton,Melbourne,Melbourne,Tom McDonald,8,4,5,0,0,0,3
2024,10,2024-05-09,M.C.G.,Carlton,Melbourne,Melbourne,Judd McVee,9,1,4,0,1,0,3
2024,10,2024-05-09,M.C.G.,Carlton,Melbourne,Melbourne,Alex Neal-Bullen,11,2,12,0,0,0,12
2024,10,2024-05-09,M.C.G.,Carlton,Melbourne,Melbourne,Clayton Oliver,11,4,15,0,0,0,8
2024,10,2024-05-09,M.C.G.,Carlton,Melbourne,Melbourne,Christian Petracca,18,6,3,5,1,0,7
2024,10,2024-05-09,M.C.G.,Carlton,Melbourne,Melbourne,Harry Petty,3,2,5,0,1,2,3
2024,10,2024-05-09,M.C.G.,Carlton,Melbourne,Melbourne,Kysaiah Pickett,7,0,2,1,1,0,3
2024,10,2024-05-09,M.C.G.,Carlton,Melbourne,Melbourne,Trent Rivers,14,2,6,0,0,0,2
2024,10,2024-05-09,M.C.G.,Carlton,Melbourne,Melbourne,Tom Sparrow,17,6,5,0,0,0,2
2024,10,2024-05-09,M.C.G.,Carlton,Melbourne,Melbourne,Daniel Turner,2,2,3,1,0,0,2
2024,10,2024-05-09,M.C.G.,Carlton,Melbourne,Melbourne,Jacob van Rooyen,4,4,9,1,0,4,1
2024,10,2024-05-09,M.C.G.,Carlton,Melbourne,Melbourne,Jack Viney,16,3,5,0,0,0,12
2024,10,2024-05-09,M.C.G.,Carlton,Melbourne,Melbourne,Caleb Windsor,14,4,5,1,0,0,3
2024,10,2024-05-09,M.C.G.,Carlton,Melbourne,Melbourne,Taj Woewodin,5,3,4,0,0,0,1
2024,10,2024-05-10,Kardinia Park,Geelong,Port Adelaide,Geelong,Tom Atkins,9,0,7,0,1,0,11
2024,10,2024-05-10,Kardinia Park,Geelong,Port Adelaide,Geelong,Mark Blicavs,4,1,10,0,0,20,5
2024,10,2024-05-10,Kardinia Park,Geelong,Port Adelaide,Geelong,Jeremy Cameron,15,4,3,1,1,1,2
2024,10,2024-05-10,Kardinia Park,Geelong,Port Adelaide,Geelong,Jhye Clark,8,0,3,0,1,0,4
2024,10,2024-05-10,Kardinia Park,Geelong,Port Adelaide,Geelong,Brad Close,4,3,7,2,1,0,0
2024,10,2024-05-10,Kardinia Park,Geelong,Port Adelaide,Geelong,Sam De Koning,7,5,8,0,0,6,1
2024,10,2024-05-10,Kardinia Park,Geelong,Port Adelaide,Geelong,Oliver Dempsey,6,3,7,1,0,0,1
2024,10,2024-05-10,Kardinia Park,Geelong,Port Adelaide,Geelong,Mitch Duncan,13,6,8,0,1,0,3
2024,10,2024-05-10,Kardinia Park,Geelong,Port Adelaide,Geelong,Cameron Guthrie,7,1,9,0,0,0,5
2024,10,2024-05-10,Kardinia Park,Geelong,Port Adelaide,Geelong,Zach Guthrie,17,7,7,1,0,0,3
2024,10,2024-05-10,Kardinia Park,Geelong,Port Adelaide,Geelong,Tom Hawkins,6,3,1,1,0,7,2
2024,10,2024-05-10,Kardinia Park,Geelong,Port Adelaide,Geelong,Jack Henry,5,3,3,0,0,0,1
2024,10,2024-05-10,Kardinia Park,Geelong,Port Adelaide,Geelong,Oliver Henry,6,2,1,1,1,0,1
2024,10,2024-05-10,Kardinia Park,Geelong,Port Adelaide,Geelong,Max Holmes,13,6,8,0,0,0,7
2024,10,2024-05-10,Kardinia Park,Geelong,Port Adelaide,Geelong,Jake Kolodjashnij,9,4,8,0,0,0,2
2024,10,2024-05-10,Kardinia Park,Geelong,Port Adelaide,Geelong,Gryan Miers,12,2,9,1,1,0,6
2024,10,2024-05-10,Kardinia Park,Geelong,Port Adelaide,Geelong,Oisin Mullin,3,1,7,0,0,0,5
2024,10,2024-05-10,Kardinia Park,Geelong,Port Adelaide,Geelong,Mark OConnor,8,3,6,0,0,0,1
2024,10,2024-05-10,Kardinia Park,Geelong,Port Adelaide,Geelong,Brandan Parfitt,8,1,5,0,0,0,10
2024,10,2024-05-10,Kardinia Park,Geelong,Port Adelaide,Geelong,Gary Rohan,6,3,1,2,0,0,3
2024,10,2024-05-10,Kardinia Park,Geelong,Port Adelaide,Geelong,Rhys Stanley,0,0,3,0,0,10,1
2024,10,2024-05-10,Kardinia Park,Geelong,Port Adelaide,Geelong,Tyson Stengle,7,4,3,4,1,0,0
2024,10,2024-05-10,Kardinia Park,Geelong,Port Adelaide,Geelong,Tom Stewart,14,4,4,0,0,0,2
2024,10,2024-05-10,Kardinia Park,Geelong,Port Adelaide,Port Adelaide,Aliir Aliir,12,5,3,0,0,0,0
2024,10,2024-05-10,Kardinia Park,Geelong,Port Adelaide,Port Adelaide,Miles Bergman,7,6,6,0,0,0,2
2024,10,2024-05-10,Kardinia Park,Geelong,Port Adelaide,Port Adelaide,Travis Boak,15,7,4,0,1,0,6
2024,10,2024-05-10,Kardinia Park,Geelong,Port Adelaide,Port Adelaide,Ryan Burton,20,5,3,0,0,0,2
2024,10,2024-05-10,Kardinia Park,Geelong,Port Adelaide,Port Adelaide,Zak Butters,21,9,13,1,0,0,3
2024,10,2024-05-10,Kardinia Park,Geelong,Port Adelaide,Port Adelaide,Darcy Byrne-Jones,7,1,3,2,1,0,5
2024,10,2024-05-10,Kardinia Park,Geelong,Port Adelaide,Port Adelaide,Charlie Dixon,2,3,8,0,1,7,1
2024,10,2024-05-10,Kardinia Park,Geelong,Port Adelaide,Port Adelaide,Willem Drew,14,2,13,0,0,0,7
2024,10,2024-05-10,Kardinia Park,Geelong,Port Adelaide,Port Adelaide,Francis Evans,1,0,0,0,0,0,0
2024,10,2024-05-10,Kardinia Park,Geelong,Port Adelaide,Port Adelaide,Kane Farrell,9,4,5,2,0,0,4
2024,10,2024-05-10,Kardinia Park,Geelong,Port Adelaide,Port Adelaide,Jeremy Finlayson,7,2,4,1,1,9,3
2024,10,2024-05-10,Kardinia Park,Geelong,Port Adelaide,Port Adelaide,Mitch Georgiades,6,5,4,2,1,0,0
2024,10,2024-05-10,Kardinia Park,Geelong,Port Adelaide,Port Adelaide,Jason Horne-Francis,23,4,3,1,1,0,4
2024,10,2024-05-10,Kardinia Park,Geelong,Port Adelaide,Port Adelaide,Dan Houston,18,9,6,0,0,0,1
2024,10,2024-05-10,Kardinia Park,Geelong,Port Adelaide,Port Adelaide,Todd Marshall,8,3,3,1,1,2,2
2024,10,2024-05-10,Kardinia Park,Geelong,Port Adelaide,Port Adelaide,Jed McEntee,4,0,2,0,0,0,5
2024,10,2024-05-10,Kardinia Park,Geelong,Port Adelaide,Port Adelaide,Jackson Mead,10,0,12,0,0,0,7
2024,10,2024-05-10,Kardinia Park,Geelong,Port Adelaide,Port Adelaide,Esava Ratugolea,6,3,5,0,0,0,3
2024,10,2024-05-10,Kardinia Park,Geelong,Port Adelaide,Port Adelaide,Willie Rioli,10,4,2,4,3,0,7
2024,10,2024-05-10,Kardinia Park,Geelong,Port Adelaide,Port Adelaide,Josh Sinn,12,4,4,0,0,0,0
2024,10,2024-05-10,Kardinia Park,Geelong,Port Adelaide,Port Adelaide,Dante Visentini,5,1,5,0,0,31,4
2024,10,2024-05-10,Kardinia Park,Geelong,Port Adelaide,Port Adelaide,Ollie Wines,10,7,23,1,0,0,7
2024,10,2024-05-10,Kardinia Park,Geelong,Port Adelaide,Port Adelaide,Brandon Zerk-Thatcher,8,5,2,0,0,0,0
2024,10,2024-05-10,Perth Stadium,Fremantle,Sydney,Fremantle,James Aish,14,8,10,0,1,0,2
2024,10,2024-05-10,Perth Stadium,Fremantle,Sydney,Fremantle,Jye Amiss,3,1,3,0,1,0,0
2024,10,2024-05-10,Perth Stadium,Fremantle,Sydney,Fremantle,Bailey Banfield,8,6,5,0,0,0,1
2024,10,2024-05-10,Perth Stadium,Fremantle,Sydney,Fremantle,Andrew Brayshaw,11,5,14,0,1,0,6
2024,10,2024-05-10,Perth Stadium,Fremantle,Sydney,Fremantle,Heath Chapman,6,7,10,0,0,0,1
2024,10,2024-05-10,Perth Stadium,Fremantle,Sydney,Fremantle,Jordan Clark,9,2,7,0,0,0,2
2024,10,2024-05-10,Perth Stadium,Fremantle,Sydney,Fremantle,Josh Draper,3,3,3,0,0,0,1
2024,10,2024-05-10,Perth Stadium,Fremantle,Sydney,Fremantle,Tom Emmett,4,2,2,0,0,0,2
2024,10,2024-05-10,Perth Stadium,Fremantle,Sydney,Fremantle,Michael Frederick,5,3,3,0,1,0,1
2024,10,2024-05-10,Perth Stadium,Fremantle,Sydney,Fremantle,Nat Fyfe,6,5,13,0,1,0,4
2024,10,2024-05-10,Perth Stadium,Fremantle,Sydney,Fremantle,Luke Jackson,8,2,12,0,1,12,1
2024,10,2024-05-10,Perth Stadium,Fremantle,Sydney,Fremantle,Matthew Johnson,7,4,13,0,0,0,3
2024,10,2024-05-10,Perth Stadium,Fremantle,Sydney,Fremantle,Jaeger OMeara,6,3,11,0,1,0,2
2024,10,2024-05-10,Perth Stadium,Fremantle,Sydney,Fremantle,Alex Pearce,6,4,7,0,0,0,1
2024,10,2024-05-10,Perth Stadium,Fremantle,Sydney,Fremantle,Luke Ryan,24,9,2,0,0,0,1
2024,10,2024-05-10,Perth Stadium,Fremantle,Sydney,Fremantle,Caleb Serong,15,3,19,0,0,0,3
2024,10,2024-05-10,Perth Stadium,Fremantle,Sydney,Fremantle,Jeremy Sharp,18,10,10,2,2,0,0
2024,10,2024-05-10,Perth Stadium,Fremantle,Sydney,Fremantle,Sam Switkowski,6,5,10,0,1,0,4
2024,10,2024-05-10,Perth Stadium,Fremantle,Sydney,Fremantle,Josh Treacy,4,2,2,1,1,1,0
2024,10,2024-05-10,Perth Stadium,Fremantle,Sydney,Fremantle,Patrick Voss,6,3,0,0,3,0,1
2024,10,2024-05-10,Perth Stadium,Fremantle,Sydney,Fremantle,Brandon Walker,12,4,7,1,0,0,3
2024,10,2024-05-10,Perth Stadium,Fremantle,Sydney,Fremantle,Michael Walters,1,1,1,0,0,0,1
2024,10,2024-05-10,Perth Stadium,Fremantle,Sydney,Fremantle,Hayden Young,12,5,11,0,0,0,2
2024,10,2024-05-10,Perth Stadium,Fremantle,Sydney,Sydney,Taylor Adams,6,5,7,0,0,0,2
2024,10,2024-05-10,Perth Stadium,Fremantle,Sydney,Sydney,Joel Amartey,7,4,3,2,1,0,5
2024,10,2024-05-10,Perth Stadium,Fremantle,Sydney,Sydney,Nick Blakey,22,6,4,0,0,0,2
2024,10,2024-05-10,Perth Stadium,Fremantle,Sydney,Sydney,Harry Cunningham,12,7,6,0,0,0,3
2024,10,2024-05-10,Perth Stadium,Fremantle,Sydney,Sydney,Oliver Florent,22,13,6,1,0,0,3
2024,10,2024-05-10,Perth Stadium,Fremantle,Sydney,Sydney,Robbie Fox,3,3,0,0,0,0,0
2024,10,2024-05-10,Perth Stadium,Fremantle,Sydney,Sydney,Aaron Francis,11,9,5,0,0,0,1
2024,10,2024-05-10,Perth Stadium,Fremantle,Sydney,Sydney,Brodie Grundy,9,1,7,0,0,33,4
2024,10,2024-05-10,Perth Stadium,Fremantle,Sydney,Sydney,Errol Gulden,20,10,5,0,0,0,3
2024,10,2024-05-10,Perth Stadium,Fremantle,Sydney,Sydney,Will Hayward,10,5,1,4,1,0,2
2024,10,2024-05-10,Perth Stadium,Fremantle,Sydney,Sydney,Isaac Heeney,14,5,14,0,0,0,5
2024,10,2024-05-10,Perth Stadium,Fremantle,Sydney,Sydney,James Jordon,10,7,8,0,2,0,0
2024,10,2024-05-10,Perth Stadium,Fremantle,Sydney,Sydney,Jake Lloyd,20,10,6,1,0,0,1
2024,10,2024-05-10,Perth Stadium,Fremantle,Sydney,Sydney,Logan McDonald,8,7,5,1,1,0,0
2024,10,2024-05-10,Perth Stadium,Fremantle,Sydney,Sydney,Justin McInerney,14,7,5,0,1,0,3
2024,10,2024-05-10,Perth Stadium,Fremantle,Sydney,Sydney,Hayden McLean,4,4,6,1,0,8,4
2024,10,2024-05-10,Perth Stadium,Fremantle,Sydney,Sydney,Lewis Melican,4,2,4,0,0,0,0
2024,10,2024-05-10,Perth Stadium,Fremantle,Sydney,Sydney,Tom Papley,10,5,2,1,2,0,0
2024,10,2024-05-10,Perth Stadium,Fremantle,Sydney,Sydney,Dane Rampe,9,5,5,0,0,0,0
2024,10,2024-05-10,Perth Stadium,Fremantle,Sydney,Sydney,Matt Roberts,9,2,3,0,0,0,0
2024,10,2024-05-10,Perth Stadium,Fremantle,Sydney,Sydney,James Rowbottom,8,3,7,0,0,0,9
2024,10,2024-05-10,Perth Stadium,Fremantle,Sydney,Sydney,Chad Warner,13,6,10,2,0,0,3
2024,10,2024-05-10,Perth Stadium,Fremantle,Sydney,Sydney,Sam Wicks,8,2,5,0,0,0,2
2024,10,2024-05-11,York Park,Hawthorn,St Kilda,Hawthorn,Karl Amon,24,7,7,0,0,0,1
2024,10,2024-05-11,York Park,Hawthorn,St Kilda,Hawthorn,Luke Breust,3,1,2,1,0,0,2
2024,10,2024-05-11,York Park,Hawthorn,St Kilda,Hawthorn,Massimo DAmbrosio,11,3,6,0,0,0,2
2024,10,2024-05-11,York Park,Hawthorn,St Kilda,Hawthorn,Will Day,8,4,14,0,0,0,5
2024,10,2024-05-11,York Park,Hawthorn,St Kilda,Hawthorn,Calsher Dear,3,2,3,0,0,1,1
2024,10,2024-05-11,York Park,Hawthorn,St Kilda,Hawthorn,Sam Frost,7,6,6,0,0,0,1
2024,10,2024-05-11,York Park,Hawthorn,St Kilda,Hawthorn,Jack Ginnivan,11,4,9,1,2,0,2
2024,10,2024-05-11,York Park,Hawthorn,St Kilda,Hawthorn,Jack Gunston,4,2,3,0,1,0,3
2024,10,2024-05-11,York Park,Hawthorn,St Kilda,Hawthorn,Blake Hardwick,9,3,7,0,1,0,6
2024,10,2024-05-11,York Park,Hawthorn,St Kilda,Hawthorn,Jarman Impey,19,7,3,0,0,0,2
2024,10,2024-05-11,York Park,Hawthorn,St Kilda,Hawthorn,Connor Macdonald,8,0,7,1,2,0,3
2024,10,2024-05-11,York Park,Hawthorn,St Kilda,Hawthorn,Cam Mackenzie,8,3,8,0,0,0,2
2024,10,2024-05-11,York Park,Hawthorn,St Kilda,Hawthorn,Finn Maginness,8,2,2,0,0,0,3
2024,10,2024-05-11,York Park,Hawthorn,St Kilda,Hawthorn,Lloyd Meek,7,4,5,1,0,46,8
2024,10,2024-05-11,York Park,Hawthorn,St Kilda,Hawthorn,Seamus Mitchell,6,4,5,0,0,0,2
2024,10,2024-05-11,York Park,Hawthorn,St Kilda,Hawthorn,Dylan Moore,7,2,7,2,0,0,5
2024,10,2024-05-11,York Park,Hawthorn,St Kilda,Hawthorn,Conor Nash,11,1,4,0,0,3,7
2024,10,2024-05-11,York Park,Hawthorn,St Kilda,Hawthorn,Jai Newcombe,11,3,20,0,1,0,7
2024,10,2024-05-11,York Park,Hawthorn,St Kilda,Hawthorn,Jack Scrimshaw,10,7,6,0,0,0,5
2024,10,2024-05-11,York Park,Hawthorn,St Kilda,Hawthorn,Jai Serong,6,3,8,0,0,0,3
2024,10,2024-05-11,York Park,Hawthorn,St Kilda,Hawthorn,Nick Watson,4,3,6,2,1,0,2
2024,10,2024-05-11,York Park,Hawthorn,St Kilda,Hawthorn,Josh Weddle,11,4,3,0,0,0,1
2024,10,2024-05-11,York Park,Hawthorn,St Kilda,Hawthorn,James Worpel,9,1,5,0,0,0,4
2024,10,2024-05-11,York Park,Hawthorn,St Kilda,St Kilda,Josh Battle,15,9,7,2,0,0,2
2024,10,2024-05-11,York Park,Hawthorn,St Kilda,St Kilda,Riley Bonner,24,11,6,0,0,0,3
2024,10,2024-05-11,York Park,Hawthorn,St Kilda,St Kilda,Hugo Garcia,5,2,6,0,1,0,6
2024,10,2024-05-11,York Park,Hawthorn,St Kilda,St Kilda,Angus Hastie,5,2,4,0,0,0,0
2024,10,2024-05-11,York Park,Hawthorn,St Kilda,St Kilda,Jack Hayes,2,1,0,0,0,1,1
2024,10,2024-05-11,York Park,Hawthorn,St Kilda,St Kilda,Liam Henry,4,2,0,0,1,0,3
2024,10,2024-05-11,York Park,Hawthorn,St Kilda,St Kilda,Bradley Hill,9,3,8,0,0,0,4
2024,10,2024-05-11,York Park,Hawthorn,St Kilda,St Kilda,Dougal Howard,8,5,2,0,0,0,2
2024,10,2024-05-11,York Park,Hawthorn,St Kilda,St Kilda,Max King,5,3,3,2,2,0,0
2024,10,2024-05-11,York Park,Hawthorn,St Kilda,St Kilda,Rowan Marshall,24,3,4,0,0,35,11
2024,10,2024-05-11,York Park,Hawthorn,St Kilda,St Kilda,Tim Membrey,6,4,4,1,1,0,0
2024,10,2024-05-11,York Park,Hawthorn,St Kilda,St Kilda,Mitch Owens,4,2,4,2,0,1,4
2024,10,2024-05-11,York Park,Hawthorn,St Kilda,St Kilda,Ben Paton,3,2,1,0,0,0,1
2024,10,2024-05-11,York Park,Hawthorn,St Kilda,St Kilda,Sebastian Ross,5,3,9,0,0,0,4
2024,10,2024-05-11,York Park,Hawthorn,St Kilda,St Kilda,Jack Sinclair,9,0,9,0,1,0,4
2024,10,2024-05-11,York Park,Hawthorn,St Kilda,St Kilda,Jack Steele,10,6,20,0,0,0,13
2024,10,2024-05-11,York Park,Hawthorn,St Kilda,St Kilda,Liam Stocker,7,4,4,0,0,0,2
2024,10,2024-05-11,York Park,Hawthorn,St Kilda,St Kilda,Nasiah Wanganeen-Milera,23,10,6,0,0,0,2
2024,10,2024-05-11,York Park,Hawthorn,St Kilda,St Kilda,Jimmy Webster,12,10,6,0,0,0,2
2024,10,2024-05-11,York Park,Hawthorn,St Kilda,St Kilda,Callum Wilkie,17,14,4,0,0,0,3
2024,10,2024-05-11,York Park,Hawthorn,St Kilda,St Kilda,Darcy Wilson,9,3,12,0,1,0,6
2024,10,2024-05-11,York Park,Hawthorn,St Kilda,St Kilda,Marcus Windhager,12,4,6,0,0,0,9
2024,10,2024-05-11,York Park,Hawthorn,St Kilda,St Kilda,Mason Wood,14,14,7,0,1,0,2
2024,10,2024-05-11,Docklands,Essendon,Greater Western Sydney,Essendon,Jye Caldwell,9,3,11,0,0,0,6
2024,10,2024-05-11,Docklands,Essendon,Greater Western Sydney,Essendon,Nik Cox,3,4,10,0,0,0,4
2024,10,2024-05-11,Docklands,Essendon,Greater Western Sydney,Essendon,Alwyn Davey,2,0,1,1,0,0,2
2024,10,2024-05-11,Docklands,Essendon,Greater Western Sydney,Essendon,Sam Durham,14,5,11,0,1,0,4
2024,10,2024-05-11,Docklands,Essendon,Greater Western Sydney,Essendon,Todd Goldstein,3,4,9,0,1,34,4
2024,10,2024-05-11,Docklands,Essendon,Greater Western Sydney,Essendon,Jade Gresham,10,5,10,0,1,0,3
2024,10,2024-05-11,Docklands,Essendon,Greater Western Sydney,Essendon,Matt Guelfi,6,3,4,3,0,0,6
2024,10,2024-05-11,Docklands,Essendon,Greater Western Sydney,Essendon,Dyson Heppell,7,4,10,0,0,0,1
2024,10,2024-05-11,Docklands,Essendon,Greater Western Sydney,Essendon,Nick Hind,15,4,5,1,0,0,3
2024,10,2024-05-11,Docklands,Essendon,Greater Western Sydney,Essendon,Ben Hobbs,3,2,1,0,0,0,2
2024,10,2024-05-11,Docklands,Essendon,Greater Western Sydney,Essendon,Harry Jones,4,4,3,0,2,0,2
2024,10,2024-05-11,Docklands,Essendon,Greater Western Sydney,Essendon,Jake Kelly,14,7,3,0,0,0,0
2024,10,2024-05-11,Docklands,Essendon,Greater Western Sydney,Essendon,Kyle Langford,9,5,5,4,1,0,4
2024,10,2024-05-11,Docklands,Essendon,Greater Western Sydney,Essendon,Jayden Laverde,11,11,5,0,0,0,0
2024,10,2024-05-11,Docklands,Essendon,Greater Western Sydney,Essendon,Nic Martin,24,10,7,0,1,0,1
2024,10,2024-05-11,Docklands,Essendon,Greater Western Sydney,Essendon,Andrew McGrath,15,8,9,0,0,0,3
2024,10,2024-05-11,Docklands,Essendon,Greater Western Sydney,Essendon,Ben McKay,9,9,7,0,0,0,0
2024,10,2024-05-11,Docklands,Essendon,Greater Western Sydney,Essendon,Zach Merrett,13,2,11,0,0,0,5
2024,10,2024-05-11,Docklands,Essendon,Greater Western Sydney,Essendon,Darcy Parish,7,3,9,0,0,0,3
2024,10,2024-05-11,Docklands,Essendon,Greater Western Sydney,Essendon,Archie Perkins,11,4,9,1,0,0,4
2024,10,2024-05-11,Docklands,Essendon,Greater Western Sydney,Essendon,Mason Redman,21,12,5,1,0,0,1
2024,10,2024-05-11,Docklands,Essendon,Greater Western Sydney,Essendon,Jake Stringer,7,2,5,1,2,0,2
2024,10,2024-05-11,Docklands,Essendon,Greater Western Sydney,Essendon,Peter Wright,4,2,6,0,0,21,2
2024,10,2024-05-11,Docklands,Essendon,Greater Western Sydney,Greater Western Sydney,Lachie Ash,16,9,5,0,0,0,0
2024,10,2024-05-11,Docklands,Essendon,Greater Western Sydney,Greater Western Sydney,Toby Bedford,5,3,14,1,0,0,7
2024,10,2024-05-11,Docklands,Essendon,Greater Western Sydney,Greater Western Sydney,Kieren Briggs,11,2,5,0,1,25,5
2024,10,2024-05-11,Docklands,Essendon,Greater Western Sydney,Greater Western Sydney,Jack Buckley,9,5,6,0,0,0,3
2024,10,2024-05-11,Docklands,Essendon,Greater Western Sydney,Greater Western Sydney,Aaron Cadman,3,0,2,0,0,3,3
2024,10,2024-05-11,Docklands,Essendon,Greater Western Sydney,Greater Western Sydney,Finn Callaghan,5,0,8,0,0,0,6
2024,10,2024-05-11,Docklands,Essendon,Greater Western Sydney,Greater Western Sydney,Stephen Coniglio,12,3,12,0,2,0,4
2024,10,2024-05-11,Docklands,Essendon,Greater Western Sydney,Greater Western Sydney,Brent Daniels,8,2,8,0,0,0,4
2024,10,2024-05-11,Docklands,Essendon,Greater Western Sydney,Greater Western Sydney,Toby Greene,8,2,3,2,0,0,2
2024,10,2024-05-11,Docklands,Essendon,Greater Western Sydney,Greater Western Sydney,Tom Green,11,2,23,0,0,0,4
2024,10,2024-05-11,Docklands,Essendon,Greater Western Sydney,Greater Western Sydney,Nick Haynes,10,8,7,0,1,0,3
2024,10,2024-05-11,Docklands,Essendon,Greater Western Sydney,Greater Western Sydney,Harry Himmelberg,9,5,2,0,0,0,0
2024,10,2024-05-11,Docklands,Essendon,Greater Western Sydney,Greater Western Sydney,Jesse Hogan,7,6,5,2,1,0,1
2024,10,2024-05-11,Docklands,Essendon,Greater Western Sydney,Greater Western Sydney,Connor Idun,7,4,13,0,0,0,1
2024,10,2024-05-11,Docklands,Essendon,Greater Western Sydney,Greater Western Sydney,Darcy Jones,4,2,2,1,0,0,2
2024,10,2024-05-11,Docklands,Essendon,Greater Western Sydney,Greater Western Sydney,Josh Kelly,6,1,15,1,0,0,6
2024,10,2024-05-11,Docklands,Essendon,Greater Western Sydney,Greater Western Sydney,Harry Perryman,14,5,8,0,0,0,2
2024,10,2024-05-11,Docklands,Essendon,Greater Western Sydney,Greater Western Sydney,Jake Riccardi,5,4,1,1,1,2,0
2024,10,2024-05-11,Docklands,Essendon,Greater Western Sydney,Greater Western Sydney,Conor Stone,4,2,1,1,0,0,1
2024,10,2024-05-11,Docklands,Essendon,Greater Western Sydney,Greater Western Sydney,Sam Taylor,11,7,5,0,0,0,3
2024,10,2024-05-11,Docklands,Essendon,Greater Western Sydney,Greater Western Sydney,Harvey Thomas,2,0,2,0,0,0,1
2024,10,2024-05-11,Docklands,Essendon,Greater Western Sydney,Greater Western Sydney,Callan Ward,5,1,13,0,0,0,5
2024,10,2024-05-11,Docklands,Essendon,Greater Western Sydney,Greater Western Sydney,Lachie Whitfield,14,1,4,0,0,0,6
2024,10,2024-05-11,Marrara Oval,Gold Coast,North Melbourne,Gold Coast,Ben Ainsworth,13,4,6,2,0,0,1
2024,10,2024-05-11,Marrara Oval,Gold Coast,North Melbourne,Gold Coast,Noah Anderson,11,1,11,1,0,0,2
2024,10,2024-05-11,Marrara Oval,Gold Coast,North Melbourne,Gold Coast,Mac Andrew,14,10,8,0,0,1,4
2024,10,2024-05-11,Marrara Oval,Gold Coast,North Melbourne,Gold Coast,Charlie Ballard,7,1,5,0,0,0,1
2024,10,2024-05-11,Marrara Oval,Gold Coast,North Melbourne,Gold Coast,Tom Berry,4,2,7,0,1,0,5
2024,10,2024-05-11,Marrara Oval,Gold Coast,North Melbourne,Gold Coast,Sam Clohesy,16,6,7,2,0,0,2
2024,10,2024-05-11,Marrara Oval,Gold Coast,North Melbourne,Gold Coast,Sam Collins,7,3,7,0,0,0,4
2024,10,2024-05-11,Marrara Oval,Gold Coast,North Melbourne,Gold Coast,Alex Davies,6,0,11,0,1,0,10
2024,10,2024-05-11,Marrara Oval,Gold Coast,North Melbourne,Gold Coast,Sam Flanders,22,6,7,0,1,0,0
2024,10,2024-05-11,Marrara Oval,Gold Coast,North Melbourne,Gold Coast,Nick Holman,5,1,6,0,0,0,2
2024,10,2024-05-11,Marrara Oval,Gold Coast,North Melbourne,Gold Coast,Bailey Humphrey,10,1,2,0,2,0,5
2024,10,2024-05-11,Marrara Oval,Gold Coast,North Melbourne,Gold Coast,Joel Jeffrey,13,1,7,0,0,0,1
2024,10,2024-05-11,Marrara Oval,Gold Coast,North Melbourne,Gold Coast,Lloyd Johnston,3,1,5,1,1,0,1
2024,10,2024-05-11,Marrara Oval,Gold Coast,North Melbourne,Gold Coast,Ben King,8,4,3,3,1,0,0
2024,10,2024-05-11,Marrara Oval,Gold Coast,North Melbourne,Gold Coast,Ben Long,8,1,6,2,0,0,4
2024,10,2024-05-11,Marrara Oval,Gold Coast,North Melbourne,Gold Coast,Jack Lukosius,10,3,3,0,2,7,2
2024,10,2024-05-11,Marrara Oval,Gold Coast,North Melbourne,Gold Coast,Touk Miller,12,4,17,1,1,0,5
2024,10,2024-05-11,Marrara Oval,Gold Coast,North Melbourne,Gold Coast,Jake Rogers,3,0,11,1,0,0,3
2024,10,2024-05-11,Marrara Oval,Gold Coast,North Melbourne,Gold Coast,Matt Rowell,8,0,11,0,0,0,12
2024,10,2024-05-11,Marrara Oval,Gold Coast,North Melbourne,Gold Coast,Alex Sexton,14,6,7,1,0,0,2
2024,10,2024-05-11,Marrara Oval,Gold Coast,North Melbourne,Gold Coast,Bodhi Uwland,15,4,5,0,0,0,4
2024,10,2024-05-11,Marrara Oval,Gold Coast,North Melbourne,Gold Coast,Jed Walter,8,2,3,2,4,0,3
2024,10,2024-05-11,Marrara Oval,Gold Coast,North Melbourne,Gold Coast,Jarrod Witts,7,2,3,1,0,37,5
2024,10,2024-05-11,Marrara Oval,Gold Coast,North Melbourne,North Melbourne,Jackson Archer,6,2,5,0,0,0,3
2024,10,2024-05-11,Marrara Oval,Gold Coast,North Melbourne,North Melbourne,Charlie Comben,11,9,2,0,0,0,2
2024,10,2024-05-11,Marrara Oval,Gold Coast,North Melbourne,North Melbourne,Aidan Corr,12,3,9,0,0,0,1
2024,10,2024-05-11,Marrara Oval,Gold Coast,North Melbourne,North Melbourne,Paul Curtis,9,4,4,1,1,0,1
2024,10,2024-05-11,Marrara Oval,Gold Coast,North Melbourne,North Melbourne,Luke Davies-Uniacke,20,3,15,1,1,0,1
2024,10,2024-05-11,Marrara Oval,Gold Coast,North Melbourne,North Melbourne,Blake Drury,2,1,4,0,0,0,1
2024,10,2024-05-11,Marrara Oval,Gold Coast,North Melbourne,North Melbourne,Zac Fisher,24,4,10,0,0,0,0
2024,10,2024-05-11,Marrara Oval,Gold Coast,North Melbourne,North Melbourne,Hugh Greenwood,1,1,10,0,0,5,5
2024,10,2024-05-11,Marrara Oval,Gold Coast,North Melbourne,North Melbourne,Riley Hardeman,7,3,4,0,0,0,3
2024,10,2024-05-11,Marrara Oval,Gold Coast,North Melbourne,North Melbourne,Nick Larkey,4,4,4,1,2,0,1
2024,10,2024-05-11,Marrara Oval,Gold Coast,North Melbourne,North Melbourne,Charlie Lazzaro,3,0,3,0,0,0,3
2024,10,2024-05-11,Marrara Oval,Gold Coast,North Melbourne,North Melbourne,Luke McDonald,10,4,6,0,0,0,1
2024,10,2024-05-11,Marrara Oval,Gold Coast,North Melbourne,North Melbourne,Colby McKercher,21,2,9,0,0,0,1
2024,10,2024-05-11,Marrara Oval,Gold Coast,North Melbourne,North Melbourne,Will Phillips,5,4,14,0,0,0,2
2024,10,2024-05-11,Marrara Oval,Gold Coast,North Melbourne,North Melbourne,Tom Powell,18,2,7,0,0,0,3
2024,10,2024-05-11,Marrara Oval,Gold Coast,North Melbourne,North Melbourne,Bailey Scott,18,6,6,0,1,0,1
2024,10,2024-05-11,Marrara Oval,Gold Coast,North Melbourne,North Melbourne,Harry Sheezel,11,2,10,0,0,0,3
2024,10,2024-05-11,Marrara Oval,Gold Coast,North Melbourne,North Melbourne,Liam Shiels,9,2,6,0,2,0,4
2024,10,2024-05-11,Marrara Oval,Gold Coast,North Melbourne,North Melbourne,Jaidyn Stephenson,11,8,5,2,0,0,2
2024,10,2024-05-11,Marrara Oval,Gold Coast,North Melbourne,North Melbourne,Darcy Tucker,7,2,2,1,0,0,6
2024,10,2024-05-11,Marrara Oval,Gold Coast,North Melbourne,North Melbourne,George Wardlaw,14,3,6,0,1,0,3
2024,10,2024-05-11,Marrara Oval,Gold Coast,North Melbourne,North Melbourne,Tristan Xerri,6,2,6,0,0,20,4
2024,10,2024-05-11,Marrara Oval,Gold Coast,North Melbourne,North Melbourne,Cameron Zurhaar,9,2,7,1,1,0,5
2024,10,2024-05-11,M.C.G.,Richmond,Western Bulldogs,Richmond,Noah Balta,7,4,5,1,0,0,1
2024,10,2024-05-11,M.C.G.,Richmond,Western Bulldogs,Richmond,Sam Banks,4,1,6,0,1,0,2
2024,10,2024-05-11,M.C.G.,Richmond,Western Bulldogs,Richmond,Shai Bolton,10,5,9,2,1,0,4
2024,10,2024-05-11,M.C.G.,Richmond,Western Bulldogs,Richmond,Nathan Broad,7,6,4,0,0,0,0
2024,10,2024-05-11,M.C.G.,Richmond,Western Bulldogs,Richmond,Tom Brown,10,5,3,0,0,0,0
2024,10,2024-05-11,M.C.G.,Richmond,Western Bulldogs,Richmond,Seth Campbell,8,6,9,0,0,0,2
2024,10,2024-05-11,M.C.G.,Richmond,Western Bulldogs,Richmond,Noah Cumberland,0,1,3,0,0,0,2
2024,10,2024-05-11,M.C.G.,Richmond,Western Bulldogs,Richmond,Thomson Dow,7,2,12,0,0,0,1
2024,10,2024-05-11,M.C.G.,Richmond,Western Bulldogs,Richmond,Jack Graham,5,1,2,0,0,0,1
2024,10,2024-05-11,M.C.G.,Richmond,Western Bulldogs,Richmond,Mykelti Lefau,6,3,5,0,0,5,0
2024,10,2024-05-11,M.C.G.,Richmond,Western Bulldogs,Richmond,Rhyan Mansell,11,4,2,1,0,0,5
2024,10,2024-05-11,M.C.G.,Richmond,Western Bulldogs,Richmond,Dustin Martin,8,2,12,0,0,0,1
2024,10,2024-05-11,M.C.G.,Richmond,Western Bulldogs,Richmond,Ben Miller,9,5,3,0,0,0,2
2024,10,2024-05-11,M.C.G.,Richmond,Western Bulldogs,Richmond,Toby Nankervis,3,1,8,0,0,44,3
2024,10,2024-05-11,M.C.G.,Richmond,Western Bulldogs,Richmond,Marlion Pickett,6,4,8,0,1,0,2
2024,10,2024-05-11,M.C.G.,Richmond,Western Bulldogs,Richmond,Dion Prestia,10,0,13,1,0,0,2
2024,10,2024-05-11,M.C.G.,Richmond,Western Bulldogs,Richmond,Hugo Ralphsmith,9,5,9,0,0,0,1
2024,10,2024-05-11,M.C.G.,Richmond,Western Bulldogs,Richmond,Daniel Rioli,17,3,9,0,0,0,6
2024,10,2024-05-11,M.C.G.,Richmond,Western Bulldogs,Richmond,Maurice Rioli,5,0,4,1,1,0,2
2024,10,2024-05-11,M.C.G.,Richmond,Western Bulldogs,Richmond,Jayden Short,17,4,3,0,1,0,1
2024,10,2024-05-11,M.C.G.,Richmond,Western Bulldogs,Richmond,Tyler Sonsie,10,4,8,0,0,0,5
2024,10,2024-05-11,M.C.G.,Richmond,Western Bulldogs,Richmond,Nick Vlastuin,13,6,5,0,0,0,3
2024,10,2024-05-11,M.C.G.,Richmond,Western Bulldogs,Richmond,Tylar Young,7,4,4,0,0,0,0
2024,10,2024-05-11,M.C.G.,Richmond,Western Bulldogs,Western Bulldogs,Marcus Bontempelli,13,3,19,2,0,0,7
2024,10,2024-05-11,M.C.G.,Richmond,Western Bulldogs,Western Bulldogs,Lachlan Bramble,9,5,10,0,0,0,0
2024,10,2024-05-11,M.C.G.,Richmond,Western Bulldogs,Western Bulldogs,Luke Cleary,8,6,4,0,0,0,0
2024,10,2024-05-11,M.C.G.,Richmond,Western Bulldogs,Western Bulldogs,Bailey Dale,24,6,6,0,1,0,0
2024,10,2024-05-11,M.C.G.,Richmond,Western Bulldogs,Western Bulldogs,Sam Darcy,6,7,8,4,0,8,1
2024,10,2024-05-11,M.C.G.,Richmond,Western Bulldogs,Western Bulldogs,Taylor Duryea,9,3,9,0,1,0,1
2024,10,2024-05-11,M.C.G.,Richmond,Western Bulldogs,Western Bulldogs,Tim English,6,7,12,0,1,31,3
2024,10,2024-05-11,M.C.G.,Richmond,Western Bulldogs,Western Bulldogs,Joel Freijah,9,4,8,0,0,0,2
2024,10,2024-05-11,M.C.G.,Richmond,Western Bulldogs,Western Bulldogs,Harvey Gallagher,12,3,7,0,3,0,1
2024,10,2024-05-11,M.C.G.,Richmond,Western Bulldogs,Western Bulldogs,Riley Garcia,11,3,8,2,2,0,3
2024,10,2024-05-11,M.C.G.,Richmond,Western Bulldogs,Western Bulldogs,James Harmes,15,11,12,4,0,0,3
2024,10,2024-05-11,M.C.G.,Richmond,Western Bulldogs,Western Bulldogs,Jason Johannisen,11,5,5,0,0,0,2
2024,10,2024-05-11,M.C.G.,Richmond,Western Bulldogs,Western Bulldogs,Liam Jones,8,7,5,0,1,0,0
2024,10,2024-05-11,M.C.G.,Richmond,Western Bulldogs,Western Bulldogs,Alex Keath,5,5,2,0,0,0,2
2024,10,2024-05-11,M.C.G.,Richmond,Western Bulldogs,Western Bulldogs,Jack Macrae,10,4,14,0,1,0,4
2024,10,2024-05-11,M.C.G.,Richmond,Western Bulldogs,Western Bulldogs,Aaron Naughton,13,10,7,4,2,0,1
2024,10,2024-05-11,M.C.G.,Richmond,Western Bulldogs,Western Bulldogs,James ODonnell,12,5,9,0,0,0,3
2024,10,2024-05-11,M.C.G.,Richmond,Western Bulldogs,Western Bulldogs,Ed Richards,15,6,19,0,0,0,10
2024,10,2024-05-11,M.C.G.,Richmond,Western Bulldogs,Western Bulldogs,Adam Treloar,23,7,18,1,1,0,5
2024,10,2024-05-11,M.C.G.,Richmond,Western Bulldogs,Western Bulldogs,Jamarra Ugle-Hagan,6,2,3,1,2,0,3
2024,10,2024-05-11,M.C.G.,Richmond,Western Bulldogs,Western Bulldogs,Laitham Vandermeer,2,2,0,0,0,0,0
2024,10,2024-05-11,M.C.G.,Richmond,Western Bulldogs,Western Bulldogs,Rhylee West,9,2,1,1,2,0,2
2024,10,2024-05-11,M.C.G.,Richmond,Western Bulldogs,Western Bulldogs,Bailey Williams,14,6,15,0,1,0,2
2024,10,2024-05-12,Docklands,Collingwood,West Coast,Collingwood,Jack Bytel,3,4,4,0,0,0,0
2024,10,2024-05-12,Docklands,Collingwood,West Coast,Collingwood,Darcy Cameron,12,6,12,0,0,19,0
2024,10,2024-05-12,Docklands,Collingwood,West Coast,Collingwood,Mason Cox,3,3,3,0,1,11,0
2024,10,2024-05-12,Docklands,Collingwood,West Coast,Collingwood,Jack Crisp,19,5,13,1,1,0,6
2024,10,2024-05-12,Docklands,Collingwood,West Coast,Collingwood,Josh Daicos,16,11,12,1,1,0,2
2024,10,2024-05-12,Docklands,Collingwood,West Coast,Collingwood,Nick Daicos,15,5,21,1,1,0,7
2024,10,2024-05-12,Docklands,Collingwood,West Coast,Collingwood,Billy Frampton,11,7,4,0,0,0,1
2024,10,2024-05-12,Docklands,Collingwood,West Coast,Collingwood,Harvey Harrison,0,0,1,0,0,0,1
2024,10,2024-05-12,Docklands,Collingwood,West Coast,Collingwood,Bobby Hill,10,5,1,2,3,0,0
2024,10,2024-05-12,Docklands,Collingwood,West Coast,Collingwood,Will Hoskin-Elliott,11,5,6,0,2,0,1
2024,10,2024-05-12,Docklands,Collingwood,West Coast,Collingwood,Jeremy Howe,1,0,0,1,0,0,1
2024,10,2024-05-12,Docklands,Collingwood,West Coast,Collingwood,Patrick Lipinski,9,2,10,1,0,0,3
2024,10,2024-05-12,Docklands,Collingwood,West Coast,Collingwood,Finlay Macrae,9,3,8,3,0,0,0
2024,10,2024-05-12,Docklands,Collingwood,West Coast,Collingwood,Oleg Markov,1,1,5,0,0,0,0
2024,10,2024-05-12,Docklands,Collingwood,West Coast,Collingwood,Brayden Maynard,18,9,3,0,0,0,0
2024,10,2024-05-12,Docklands,Collingwood,West Coast,Collingwood,Reef McInnes,5,4,4,3,1,0,2
2024,10,2024-05-12,Docklands,Collingwood,West Coast,Collingwood,Darcy Moore,13,7,4,0,0,0,2
2024,10,2024-05-12,Docklands,Collingwood,West Coast,Collingwood,John Noble,17,8,8,0,1,0,2
2024,10,2024-05-12,Docklands,Collingwood,West Coast,Collingwood,Scott Pendlebury,18,4,10,0,0,0,4
2024,10,2024-05-12,Docklands,Collingwood,West Coast,Collingwood,Isaac Quaynor,4,3,7,0,0,0,1
2024,10,2024-05-12,Docklands,Collingwood,West Coast,Collingwood,Joe Richards,10,3,8,1,2,0,6
2024,10,2024-05-12,Docklands,Collingwood,West Coast,Collingwood,Steele Sidebottom,17,6,4,0,0,0,4
2024,10,2024-05-12,Docklands,Collingwood,West Coast,Collingwood,Lachlan Sullivan,8,3,10,1,0,0,1
2024,10,2024-05-12,Docklands,Collingwood,West Coast,West Coast,Tom Barrass,11,9,7,0,0,0,1
2024,10,2024-05-12,Docklands,Collingwood,West Coast,West Coast,Campbell Chesser,9,5,5,0,1,0,2
2024,10,2024-05-12,Docklands,Collingwood,West Coast,West Coast,Tom Cole,12,6,9,0,0,0,6
2024,10,2024-05-12,Docklands,Collingwood,West Coast,West Coast,Jamie Cripps,7,4,10,0,0,0,5
2024,10,2024-05-12,Docklands,Collingwood,West Coast,West Coast,Jack Darling,2,0,5,0,1,0,3
2024,10,2024-05-12,Docklands,Collingwood,West Coast,West Coast,Tyrell Dewar,7,3,2,1,1,0,0
2024,10,2024-05-12,Docklands,Collingwood,West Coast,West Coast,Liam Duggan,23,7,4,0,0,0,2
2024,10,2024-05-12,Docklands,Collingwood,West Coast,West Coast,Luke Edwards,9,6,8,1,0,0,1
2024,10,2024-05-12,Docklands,Collingwood,West Coast,West Coast,Reuben Ginbey,11,5,8,0,0,0,2
2024,10,2024-05-12,Docklands,Collingwood,West Coast,West Coast,Brady Hough,7,6,2,0,0,0,0
2024,10,2024-05-12,Docklands,Collingwood,West Coast,West Coast,Jayden Hunt,8,4,4,0,0,0,2
2024,10,2024-05-12,Docklands,Collingwood,West Coast,West Coast,Harvey Johnston,3,3,5,0,0,0,0
2024,10,2024-05-12,Docklands,Collingwood,West Coast,West Coast,Tim Kelly,9,3,10,0,0,0,5
2024,10,2024-05-12,Docklands,Collingwood,West Coast,West Coast,Ryan Maric,4,2,4,1,0,0,0
2024,10,2024-05-12,Docklands,Collingwood,West Coast,West Coast,Jeremy McGovern,11,5,5,0,0,0,1
2024,10,2024-05-12,Docklands,Collingwood,West Coast,West Coast,Jack Petruccelle,0,0,2,0,0,0,0
2024,10,2024-05-12,Docklands,Collingwood,West Coast,West Coast,Harley Reid,9,2,8,0,1,0,3
2024,10,2024-05-12,Docklands,Collingwood,West Coast,West Coast,Josh Rotham,7,3,1,0,0,0,1
2024,10,2024-05-12,Docklands,Collingwood,West Coast,West Coast,Liam Ryan,8,8,3,1,2,0,1
2024,10,2024-05-12,Docklands,Collingwood,West Coast,West Coast,Dom Sheed,9,5,7,0,0,0,2
2024,10,2024-05-12,Docklands,Collingwood,West Coast,West Coast,Bailey Williams,8,2,3,0,0,16,4
2024,10,2024-05-12,Docklands,Collingwood,West Coast,West Coast,Jack Williams,5,3,4,1,0,3,5
2024,10,2024-05-12,Docklands,Collingwood,West Coast,West Coast,Alex Witherden,21,8,10,0,0,0,2
2024,10,2024-05-12,Adelaide Oval,Adelaide,Brisbane Lions,Adelaide,Jordon Butts,2,1,11,0,0,0,0
2024,10,2024-05-12,Adelaide Oval,Adelaide,Brisbane Lions,Adelaide,Brayden Cook,4,1,7,0,0,0,1
2024,10,2024-05-12,Adelaide Oval,Adelaide,Brisbane Lions,Adelaide,Matt Crouch,8,1,20,0,0,0,13
2024,10,2024-05-12,Adelaide Oval,Adelaide,Brisbane Lions,Adelaide,Daniel Curtin,1,1,4,0,0,0,0
2024,10,2024-05-12,Adelaide Oval,Adelaide,Brisbane Lions,Adelaide,Jordan Dawson,19,4,8,0,1,0,7
2024,10,2024-05-12,Adelaide Oval,Adelaide,Brisbane Lions,Adelaide,Darcy Fogarty,13,7,1,4,1,0,3
2024,10,2024-05-12,Adelaide Oval,Adelaide,Brisbane Lions,Adelaide,Elliott Himmelberg,6,3,4,2,1,5,4
2024,10,2024-05-12,Adelaide Oval,Adelaide,Brisbane Lions,Adelaide,Mitch Hinge,12,1,6,0,0,0,0
2024,10,2024-05-12,Adelaide Oval,Adelaide,Brisbane Lions,Adelaide,Chayce Jones,10,3,4,0,1,0,3
2024,10,2024-05-12,Adelaide Oval,Adelaide,Brisbane Lions,Adelaide,Mark Keane,6,1,6,0,0,0,4
2024,10,2024-05-12,Adelaide Oval,Adelaide,Brisbane Lions,Adelaide,Ben Keays,10,8,5,0,1,0,6
2024,10,2024-05-12,Adelaide Oval,Adelaide,Brisbane Lions,Adelaide,Rory Laird,11,3,17,0,1,0,8
2024,10,2024-05-12,Adelaide Oval,Adelaide,Brisbane Lions,Adelaide,Ned McHenry,7,5,4,0,1,0,2
2024,10,2024-05-12,Adelaide Oval,Adelaide,Brisbane Lions,Adelaide,Max Michalanney,3,1,5,0,0,0,4
2024,10,2024-05-12,Adelaide Oval,Adelaide,Brisbane Lions,Adelaide,Luke Nankervis,2,0,6,0,0,0,2
2024,10,2024-05-12,Adelaide Oval,Adelaide,Brisbane Lions,Adelaide,Reilly OBrien,10,2,5,0,0,56,3
2024,10,2024-05-12,Adelaide Oval,Adelaide,Brisbane Lions,Adelaide,Josh Rachele,8,0,7,1,0,0,3
2024,10,2024-05-12,Adelaide Oval,Adelaide,Brisbane Lions,Adelaide,Izak Rankine,13,2,11,3,1,0,4
2024,10,2024-05-12,Adelaide Oval,Adelaide,Brisbane Lions,Adelaide,Lachlan Sholl,12,8,4,1,1,0,1
2024,10,2024-05-12,Adelaide Oval,Adelaide,Brisbane Lions,Adelaide,Brodie Smith,10,1,6,0,0,0,2
2024,10,2024-05-12,Adelaide Oval,Adelaide,Brisbane Lions,Adelaide,Jake Soligo,11,0,17,0,0,0,4
2024,10,2024-05-12,Adelaide Oval,Adelaide,Brisbane Lions,Adelaide,Taylor Walker,7,3,0,2,1,1,0
2024,10,2024-05-12,Adelaide Oval,Adelaide,Brisbane Lions,Adelaide,Josh Worrell,7,1,5,0,0,0,2
2024,10,2024-05-12,Adelaide Oval,Adelaide,Brisbane Lions,Brisbane Lions,Callum Ah Chee,9,6,5,4,1,0,3
2024,10,2024-05-12,Adelaide Oval,Adelaide,Brisbane Lions,Brisbane Lions,Harris Andrews,11,9,6,0,0,0,1
2024,10,2024-05-12,Adelaide Oval,Adelaide,Brisbane Lions,Brisbane Lions,Jarrod Berry,12,4,18,1,1,0,5
2024,10,2024-05-12,Adelaide Oval,Adelaide,Brisbane Lions,Brisbane Lions,Shadeau Brain,3,3,1,0,0,0,2
2024,10,2024-05-12,Adelaide Oval,Adelaide,Brisbane Lions,Brisbane Lions,Charlie Cameron,12,7,4,1,1,0,3
2024,10,2024-05-12,Adelaide Oval,Adelaide,Brisbane Lions,Brisbane Lions,Joe Daniher,12,3,7,1,1,3,2
2024,10,2024-05-12,Adelaide Oval,Adelaide,Brisbane Lions,Brisbane Lions,Josh Dunkley,15,5,7,1,0,0,9
2024,10,2024-05-12,Adelaide Oval,Adelaide,Brisbane Lions,Brisbane Lions,Jaspa Fletcher,9,6,5,0,0,0,7
2024,10,2024-05-12,Adelaide Oval,Adelaide,Brisbane Lions,Brisbane Lions,Eric Hipwood,7,2,2,1,2,0,2
2024,10,2024-05-12,Adelaide Oval,Adelaide,Brisbane Lions,Brisbane Lions,Ryan Lester,8,4,3,0,0,0,1
2024,10,2024-05-12,Adelaide Oval,Adelaide,Brisbane Lions,Brisbane Lions,Kai Lohmann,7,1,3,1,0,0,4
2024,10,2024-05-12,Adelaide Oval,Adelaide,Brisbane Lions,Brisbane Lions,Hugh McCluggage,13,6,18,1,0,0,1
2024,10,2024-05-12,Adelaide Oval,Adelaide,Brisbane Lions,Brisbane Lions,Oscar McInerney,8,2,6,0,0,40,8
2024,10,2024-05-12,Adelaide Oval,Adelaide,Brisbane Lions,Brisbane Lions,Conor McKenna,14,2,4,0,0,0,0
2024,10,2024-05-12,Adelaide Oval,Adelaide,Brisbane Lions,Brisbane Lions,Logan Morris,3,0,0,2,1,0,0
2024,10,2024-05-12,Adelaide Oval,Adelaide,Brisbane Lions,Brisbane Lions,Lachie Neale,9,3,16,0,0,0,6
2024,10,2024-05-12,Adelaide Oval,Adelaide,Brisbane Lions,Brisbane Lions,Jack Payne,14,12,2,0,0,0,4
2024,10,2024-05-12,Adelaide Oval,Adelaide,Brisbane Lions,Brisbane Lions,Jaxon Prior,6,5,2,0,0,0,2
2024,10,2024-05-12,Adelaide Oval,Adelaide,Brisbane Lions,Brisbane Lions,Cam Rayner,9,2,1,0,2,0,4
2024,10,2024-05-12,Adelaide Oval,Adelaide,Brisbane Lions,Brisbane Lions,Bruce Reville,10,4,5,0,0,0,1
2024,10,2024-05-12,Adelaide Oval,Adelaide,Brisbane Lions,Brisbane Lions,Harry Sharp,10,4,3,0,1,0,3
2024,10,2024-05-12,Adelaide Oval,Adelaide,Brisbane Lions,Brisbane Lions,Darcy Wilmot,7,0,5,0,0,0,2
2024,10,2024-05-12,Adelaide Oval,Adelaide,Brisbane Lions,Brisbane Lions,Dayne Zorko,20,9,6,0,0,0,3
2024,11,2024-05-16,Marrara Oval,Gold Coast,Geelong,Gold Coast,Ben Ainsworth,12,6,7,1,1,0,1
2024,11,2024-05-16,Marrara Oval,Gold Coast,Geelong,Gold Coast,Noah Anderson,18,3,24,2,1,0,4
2024,11,2024-05-16,Marrara Oval,Gold Coast,Geelong,Gold Coast,Mac Andrew,7,5,3,0,0,0,0
2024,11,2024-05-16,Marrara Oval,Gold Coast,Geelong,Gold Coast,Charlie Ballard,7,4,3,0,0,0,1
2024,11,2024-05-16,Marrara Oval,Gold Coast,Geelong,Gold Coast,Tom Berry,9,2,11,0,0,0,5
2024,11,2024-05-16,Marrara Oval,Gold Coast,Geelong,Gold Coast,Sam Clohesy,10,5,5,0,0,0,2
2024,11,2024-05-16,Marrara Oval,Gold Coast,Geelong,Gold Coast,Sam Collins,6,4,3,0,0,0,1
2024,11,2024-05-16,Marrara Oval,Gold Coast,Geelong,Gold Coast,Alex Davies,3,0,9,0,0,0,6
2024,11,2024-05-16,Marrara Oval,Gold Coast,Geelong,Gold Coast,Sam Day,4,3,3,3,1,2,2
2024,11,2024-05-16,Marrara Oval,Gold Coast,Geelong,Gold Coast,Brayden Fiorini,7,6,7,0,0,0,1
2024,11,2024-05-16,Marrara Oval,Gold Coast,Geelong,Gold Coast,Sam Flanders,19,7,18,0,0,0,2
2024,11,2024-05-16,Marrara Oval,Gold Coast,Geelong,Gold Coast,Bailey Humphrey,11,2,5,5,1,0,5
2024,11,2024-05-16,Marrara Oval,Gold Coast,Geelong,Gold Coast,Joel Jeffrey,16,2,5,1,0,0,1
2024,11,2024-05-16,Marrara Oval,Gold Coast,Geelong,Gold Coast,Lloyd Johnston,12,8,2,0,0,0,6
2024,11,2024-05-16,Marrara Oval,Gold Coast,Geelong,Gold Coast,Ben King,8,4,1,4,1,0,1
2024,11,2024-05-16,Marrara Oval,Gold Coast,Geelong,Gold Coast,Ben Long,8,6,5,2,1,0,4
2024,11,2024-05-16,Marrara Oval,Gold Coast,Geelong,Gold Coast,Jack Lukosius,11,5,5,5,0,2,0
2024,11,2024-05-16,Marrara Oval,Gold Coast,Geelong,Gold Coast,Touk Miller,10,2,22,0,0,0,6
2024,11,2024-05-16,Marrara Oval,Gold Coast,Geelong,Gold Coast,Ned Moyle,4,1,12,0,0,42,5
2024,11,2024-05-16,Marrara Oval,Gold Coast,Geelong,Gold Coast,Matt Rowell,16,0,19,1,0,0,10
2024,11,2024-05-16,Marrara Oval,Gold Coast,Geelong,Gold Coast,Alex Sexton,19,10,13,0,0,0,3
2024,11,2024-05-16,Marrara Oval,Gold Coast,Geelong,Gold Coast,David Swallow,10,4,9,2,0,0,4
2024,11,2024-05-16,Marrara Oval,Gold Coast,Geelong,Gold Coast,Bodhi Uwland,13,3,5,0,0,0,1
2024,11,2024-05-16,Marrara Oval,Gold Coast,Geelong,Geelong,Tom Atkins,11,3,7,0,1,0,5
2024,11,2024-05-16,Marrara Oval,Gold Coast,Geelong,Geelong,Mark Blicavs,3,3,6,0,1,6,3
2024,11,2024-05-16,Marrara Oval,Gold Coast,Geelong,Geelong,Jack Bowes,16,1,5,0,0,0,5
2024,11,2024-05-16,Marrara Oval,Gold Coast,Geelong,Geelong,Tanner Bruhn,6,2,5,1,0,0,4
2024,11,2024-05-16,Marrara Oval,Gold Coast,Geelong,Geelong,Jhye Clark,4,0,1,1,0,0,3
2024,11,2024-05-16,Marrara Oval,Gold Coast,Geelong,Geelong,Brad Close,5,2,9,1,0,0,1
2024,11,2024-05-16,Marrara Oval,Gold Coast,Geelong,Geelong,Toby Conway,8,2,13,0,0,25,2
2024,11,2024-05-16,Marrara Oval,Gold Coast,Geelong,Geelong,Oliver Dempsey,13,5,12,0,0,0,2
2024,11,2024-05-16,Marrara Oval,Gold Coast,Geelong,Geelong,Cameron Guthrie,3,2,6,0,0,0,3
2024,11,2024-05-16,Marrara Oval,Gold Coast,Geelong,Geelong,Zach Guthrie,10,3,5,0,0,0,5
2024,11,2024-05-16,Marrara Oval,Gold Coast,Geelong,Geelong,Jack Henry,5,2,2,0,0,0,0
2024,11,2024-05-16,Marrara Oval,Gold Coast,Geelong,Geelong,Oliver Henry,5,3,2,2,0,0,3
2024,11,2024-05-16,Marrara Oval,Gold Coast,Geelong,Geelong,Max Holmes,19,0,13,1,1,0,4
2024,11,2024-05-16,Marrara Oval,Gold Coast,Geelong,Geelong,Jake Kolodjashnij,9,1,7,0,1,0,1
2024,11,2024-05-16,Marrara Oval,Gold Coast,Geelong,Geelong,Gryan Miers,20,3,9,2,0,0,3
2024,11,2024-05-16,Marrara Oval,Gold Coast,Geelong,Geelong,Oisin Mullin,6,3,7,0,0,0,4
2024,11,2024-05-16,Marrara Oval,Gold Coast,Geelong,Geelong,Shannon Neale,6,5,5,2,1,8,0
2024,11,2024-05-16,Marrara Oval,Gold Coast,Geelong,Geelong,Mark OConnor,6,4,6,0,0,0,1
2024,11,2024-05-16,Marrara Oval,Gold Coast,Geelong,Geelong,Brandan Parfitt,12,2,8,0,1,0,4
2024,11,2024-05-16,Marrara Oval,Gold Coast,Geelong,Geelong,Gary Rohan,8,2,4,1,0,0,2
2024,11,2024-05-16,Marrara Oval,Gold Coast,Geelong,Geelong,Tyson Stengle,8,1,5,3,0,0,0
2024,11,2024-05-16,Marrara Oval,Gold Coast,Geelong,Geelong,Tom Stewart,11,0,10,0,0,0,1
2024,11,2024-05-16,Marrara Oval,Gold Coast,Geelong,Geelong,Zach Tuohy,6,0,7,1,1,0,1
2024,11,2024-05-17,S.C.G.,Sydney,Carlton,Sydney,Taylor Adams,9,2,11,0,1,0,5
2024,11,2024-05-17,S.C.G.,Sydney,Carlton,Sydney,Joel Amartey,6,1,2,2,1,0,0
2024,11,2024-05-17,S.C.G.,Sydney,Carlton,Sydney,Nick Blakey,9,2,6,0,1,0,3
2024,11,2024-05-17,S.C.G.,Sydney,Carlton,Sydney,Braeden Campbell,4,3,4,0,1,0,0
2024,11,2024-05-17,S.C.G.,Sydney,Carlton,Sydney,Harry Cunningham,8,5,1,1,0,0,4
2024,11,2024-05-17,S.C.G.,Sydney,Carlton,Sydney,Oliver Florent,10,2,8,0,0,0,1
2024,11,2024-05-17,S.C.G.,Sydney,Carlton,Sydney,Robbie Fox,2,1,3,0,0,0,2
2024,11,2024-05-17,S.C.G.,Sydney,Carlton,Sydney,Aaron Francis,7,4,5,0,0,0,0
2024,11,2024-05-17,S.C.G.,Sydney,Carlton,Sydney,Brodie Grundy,6,1,15,0,0,32,8
2024,11,2024-05-17,S.C.G.,Sydney,Carlton,Sydney,Errol Gulden,24,10,4,0,0,0,3
2024,11,2024-05-17,S.C.G.,Sydney,Carlton,Sydney,Will Hayward,10,5,5,1,1,0,4
2024,11,2024-05-17,S.C.G.,Sydney,Carlton,Sydney,Isaac Heeney,14,4,10,3,1,0,8
2024,11,2024-05-17,S.C.G.,Sydney,Carlton,Sydney,James Jordon,9,3,7,1,0,0,6
2024,11,2024-05-17,S.C.G.,Sydney,Carlton,Sydney,Jake Lloyd,14,7,7,0,0,0,2
2024,11,2024-05-17,S.C.G.,Sydney,Carlton,Sydney,Logan McDonald,8,5,1,0,2,0,2
2024,11,2024-05-17,S.C.G.,Sydney,Carlton,Sydney,Justin McInerney,9,2,7,0,0,0,3
2024,11,2024-05-17,S.C.G.,Sydney,Carlton,Sydney,Hayden McLean,13,6,5,2,1,6,3
2024,11,2024-05-17,S.C.G.,Sydney,Carlton,Sydney,Lewis Melican,4,2,2,0,0,0,0
2024,11,2024-05-17,S.C.G.,Sydney,Carlton,Sydney,Tom Papley,11,1,1,2,3,0,3
2024,11,2024-05-17,S.C.G.,Sydney,Carlton,Sydney,Dane Rampe,10,5,1,0,0,0,0
2024,11,2024-05-17,S.C.G.,Sydney,Carlton,Sydney,James Rowbottom,11,2,8,1,0,0,16
2024,11,2024-05-17,S.C.G.,Sydney,Carlton,Sydney,Chad Warner,15,4,13,3,2,0,4
2024,11,2024-05-17,S.C.G.,Sydney,Carlton,Sydney,Sam Wicks,6,1,10,1,1,0,0
2024,11,2024-05-17,S.C.G.,Sydney,Carlton,Carlton,Blake Acres,13,5,10,0,0,0,4
2024,11,2024-05-17,S.C.G.,Sydney,Carlton,Carlton,Jordan Boyd,14,6,5,0,0,0,3
2024,11,2024-05-17,S.C.G.,Sydney,Carlton,Carlton,Jack Carroll,4,3,5,0,0,0,3
2024,11,2024-05-17,S.C.G.,Sydney,Carlton,Carlton,Alex Cincotta,1,1,3,0,0,0,2
2024,11,2024-05-17,S.C.G.,Sydney,Carlton,Carlton,Patrick Cripps,15,4,9,0,1,0,4
2024,11,2024-05-17,S.C.G.,Sydney,Carlton,Carlton,Charlie Curnow,12,8,2,2,2,0,1
2024,11,2024-05-17,S.C.G.,Sydney,Carlton,Carlton,Tom De Koning,3,1,3,0,0,3,0
2024,11,2024-05-17,S.C.G.,Sydney,Carlton,Carlton,Corey Durdin,0,0,3,0,0,0,1
2024,11,2024-05-17,S.C.G.,Sydney,Carlton,Carlton,Orazio Fantasia,4,2,4,0,1,0,3
2024,11,2024-05-17,S.C.G.,Sydney,Carlton,Carlton,George Hewett,7,2,13,1,0,0,2
2024,11,2024-05-17,S.C.G.,Sydney,Carlton,Carlton,Elijah Hollands,13,3,9,0,0,0,3
2024,11,2024-05-17,S.C.G.,Sydney,Carlton,Carlton,Oliver Hollands,8,5,4,0,0,0,1
2024,11,2024-05-17,S.C.G.,Sydney,Carlton,Carlton,Brodie Kemp,12,8,7,0,0,0,2
2024,11,2024-05-17,S.C.G.,Sydney,Carlton,Carlton,Matthew Kennedy,12,6,4,1,0,0,7
2024,11,2024-05-17,S.C.G.,Sydney,Carlton,Carlton,Caleb Marchbank,2,0,9,0,0,0,2
2024,11,2024-05-17,S.C.G.,Sydney,Carlton,Carlton,Mitch McGovern,15,3,2,1,0,0,2
2024,11,2024-05-17,S.C.G.,Sydney,Carlton,Carlton,Harry McKay,11,9,3,1,2,1,5
2024,11,2024-05-17,S.C.G.,Sydney,Carlton,Carlton,Nic Newman,24,8,8,0,0,0,3
2024,11,2024-05-17,S.C.G.,Sydney,Carlton,Carlton,Matthew Owies,7,2,4,1,0,0,1
2024,11,2024-05-17,S.C.G.,Sydney,Carlton,Carlton,Marc Pittonet,15,2,5,0,0,17,0
2024,11,2024-05-17,S.C.G.,Sydney,Carlton,Carlton,Sam Walsh,14,1,6,1,0,0,3
2024,11,2024-05-17,S.C.G.,Sydney,Carlton,Carlton,Jacob Weitering,2,3,3,0,0,0,0
2024,11,2024-05-17,S.C.G.,Sydney,Carlton,Carlton,Zac Williams,11,3,0,1,1,0,3
2024,11,2024-05-18,M.C.G.,Collingwood,Adelaide,Collingwood,Darcy Cameron,12,6,4,0,0,25,1
2024,11,2024-05-18,M.C.G.,Collingwood,Adelaide,Collingwood,Mason Cox,3,1,2,0,1,13,3
2024,11,2024-05-18,M.C.G.,Collingwood,Adelaide,Collingwood,Jack Crisp,16,3,9,1,0,0,10
2024,11,2024-05-18,M.C.G.,Collingwood,Adelaide,Collingwood,Josh Daicos,19,7,11,0,0,0,4
2024,11,2024-05-18,M.C.G.,Collingwood,Adelaide,Collingwood,Nick Daicos,21,1,20,0,0,0,5
2024,11,2024-05-18,M.C.G.,Collingwood,Adelaide,Collingwood,Jordan de Goey,13,6,13,2,2,0,1
2024,11,2024-05-18,M.C.G.,Collingwood,Adelaide,Collingwood,Billy Frampton,9,5,4,0,0,0,1
2024,11,2024-05-18,M.C.G.,Collingwood,Adelaide,Collingwood,Harvey Harrison,1,1,7,0,0,0,1
2024,11,2024-05-18,M.C.G.,Collingwood,Adelaide,Collingwood,Bobby Hill,7,4,2,1,1,0,6
2024,11,2024-05-18,M.C.G.,Collingwood,Adelaide,Collingwood,Will Hoskin-Elliott,6,2,1,1,1,0,0
2024,11,2024-05-18,M.C.G.,Collingwood,Adelaide,Collingwood,Patrick Lipinski,8,5,10,0,0,0,1
2024,11,2024-05-18,M.C.G.,Collingwood,Adelaide,Collingwood,Finlay Macrae,7,1,5,0,0,0,5
2024,11,2024-05-18,M.C.G.,Collingwood,Adelaide,Collingwood,Oleg Markov,4,4,4,0,0,0,3
2024,11,2024-05-18,M.C.G.,Collingwood,Adelaide,Collingwood,Brayden Maynard,16,8,5,0,0,0,0
2024,11,2024-05-18,M.C.G.,Collingwood,Adelaide,Collingwood,Reef McInnes,3,2,1,2,0,0,0
2024,11,2024-05-18,M.C.G.,Collingwood,Adelaide,Collingwood,Darcy Moore,7,3,8,0,0,0,1
2024,11,2024-05-18,M.C.G.,Collingwood,Adelaide,Collingwood,John Noble,19,11,10,1,0,0,1
2024,11,2024-05-18,M.C.G.,Collingwood,Adelaide,Collingwood,Scott Pendlebury,15,2,15,2,0,0,3
2024,11,2024-05-18,M.C.G.,Collingwood,Adelaide,Collingwood,Isaac Quaynor,10,6,6,0,0,0,2
2024,11,2024-05-18,M.C.G.,Collingwood,Adelaide,Collingwood,Joe Richards,8,1,4,1,0,0,5
2024,11,2024-05-18,M.C.G.,Collingwood,Adelaide,Collingwood,Lachie Schultz,8,2,2,1,1,0,7
2024,11,2024-05-18,M.C.G.,Collingwood,Adelaide,Collingwood,Steele Sidebottom,8,3,5,0,0,0,3
2024,11,2024-05-18,M.C.G.,Collingwood,Adelaide,Collingwood,Lachlan Sullivan,4,1,9,0,0,0,5
2024,11,2024-05-18,M.C.G.,Collingwood,Adelaide,Adelaide,Jordon Butts,10,8,6,0,0,0,2
2024,11,2024-05-18,M.C.G.,Collingwood,Adelaide,Adelaide,Brayden Cook,10,3,4,1,0,0,4
2024,11,2024-05-18,M.C.G.,Collingwood,Adelaide,Adelaide,Matt Crouch,9,4,25,0,0,0,7
2024,11,2024-05-18,M.C.G.,Collingwood,Adelaide,Adelaide,Jordan Dawson,16,5,13,0,0,0,7
2024,11,2024-05-18,M.C.G.,Collingwood,Adelaide,Adelaide,Darcy Fogarty,4,4,5,2,0,0,2
2024,11,2024-05-18,M.C.G.,Collingwood,Adelaide,Adelaide,Will Hamill,8,3,6,0,0,0,3
2024,11,2024-05-18,M.C.G.,Collingwood,Adelaide,Adelaide,Elliott Himmelberg,6,3,5,1,1,3,2
2024,11,2024-05-18,M.C.G.,Collingwood,Adelaide,Adelaide,Mitch Hinge,16,7,10,1,0,0,2
2024,11,2024-05-18,M.C.G.,Collingwood,Adelaide,Adelaide,Chayce Jones,15,7,4,0,1,0,1
2024,11,2024-05-18,M.C.G.,Collingwood,Adelaide,Adelaide,Mark Keane,13,5,7,0,0,0,1
2024,11,2024-05-18,M.C.G.,Collingwood,Adelaide,Adelaide,Ben Keays,15,6,1,0,2,0,3
2024,11,2024-05-18,M.C.G.,Collingwood,Adelaide,Adelaide,Rory Laird,5,2,17,0,0,0,2
2024,11,2024-05-18,M.C.G.,Collingwood,Adelaide,Adelaide,Ned McHenry,1,1,4,0,0,0,1
2024,11,2024-05-18,M.C.G.,Collingwood,Adelaide,Adelaide,Max Michalanney,9,5,6,0,0,0,3
2024,11,2024-05-18,M.C.G.,Collingwood,Adelaide,Adelaide,Lachlan Murphy,6,3,8,1,0,0,2
2024,11,2024-05-18,M.C.G.,Collingwood,Adelaide,Adelaide,Luke Nankervis,12,11,8,0,0,0,1
2024,11,2024-05-18,M.C.G.,Collingwood,Adelaide,Adelaide,Reilly OBrien,7,2,7,0,0,34,4
2024,11,2024-05-18,M.C.G.,Collingwood,Adelaide,Adelaide,Josh Rachele,9,2,4,2,1,0,5
2024,11,2024-05-18,M.C.G.,Collingwood,Adelaide,Adelaide,Izak Rankine,16,2,14,1,0,0,4
2024,11,2024-05-18,M.C.G.,Collingwood,Adelaide,Adelaide,Lachlan Sholl,6,1,5,1,0,0,3
2024,11,2024-05-18,M.C.G.,Collingwood,Adelaide,Adelaide,Brodie Smith,11,6,7,0,0,0,1
2024,11,2024-05-18,M.C.G.,Collingwood,Adelaide,Adelaide,Jake Soligo,11,1,13,0,0,0,3
2024,11,2024-05-18,M.C.G.,Collingwood,Adelaide,Adelaide,Taylor Walker,9,7,6,1,2,1,5
2024,11,2024-05-18,Sydney Showground,Greater Western Sydney,Western Bulldogs,Greater Western Sydney,Toby Bedford,3,1,11,0,1,0,8
2024,11,2024-05-18,Sydney Showground,Greater Western Sydney,Western Bulldogs,Greater Western Sydney,Kieren Briggs,7,1,4,0,2,45,1
2024,11,2024-05-18,Sydney Showground,Greater Western Sydney,Western Bulldogs,Greater Western Sydney,Jack Buckley,9,2,5,0,0,0,3
2024,11,2024-05-18,Sydney Showground,Greater Western Sydney,Western Bulldogs,Greater Western Sydney,Aaron Cadman,2,0,4,0,0,0,4
2024,11,2024-05-18,Sydney Showground,Greater Western Sydney,Western Bulldogs,Greater Western Sydney,Finn Callaghan,6,2,11,0,1,0,3
2024,11,2024-05-18,Sydney Showground,Greater Western Sydney,Western Bulldogs,Greater Western Sydney,Stephen Coniglio,14,2,8,0,0,0,6
2024,11,2024-05-18,Sydney Showground,Greater Western Sydney,Western Bulldogs,Greater Western Sydney,Brent Daniels,10,2,9,0,2,0,7
2024,11,2024-05-18,Sydney Showground,Greater Western Sydney,Western Bulldogs,Greater Western Sydney,Toby Greene,11,3,6,3,0,0,1
2024,11,2024-05-18,Sydney Showground,Greater Western Sydney,Western Bulldogs,Greater Western Sydney,Tom Green,13,1,16,0,0,0,3
2024,11,2024-05-18,Sydney Showground,Greater Western Sydney,Western Bulldogs,Greater Western Sydney,Nick Haynes,17,12,8,0,0,0,3
2024,11,2024-05-18,Sydney Showground,Greater Western Sydney,Western Bulldogs,Greater Western Sydney,Harry Himmelberg,19,12,11,0,0,0,3
2024,11,2024-05-18,Sydney Showground,Greater Western Sydney,Western Bulldogs,Greater Western Sydney,Jesse Hogan,10,7,4,3,0,0,2
2024,11,2024-05-18,Sydney Showground,Greater Western Sydney,Western Bulldogs,Greater Western Sydney,Connor Idun,6,6,11,0,0,0,3
2024,11,2024-05-18,Sydney Showground,Greater Western Sydney,Western Bulldogs,Greater Western Sydney,Darcy Jones,3,0,0,0,0,0,1
2024,11,2024-05-18,Sydney Showground,Greater Western Sydney,Western Bulldogs,Greater Western Sydney,Xavier OHalloran,8,1,3,0,0,0,2
2024,11,2024-05-18,Sydney Showground,Greater Western Sydney,Western Bulldogs,Greater Western Sydney,Harry Perryman,9,6,9,0,0,0,4
2024,11,2024-05-18,Sydney Showground,Greater Western Sydney,Western Bulldogs,Greater Western Sydney,Jake Riccardi,6,4,4,0,0,5,3
2024,11,2024-05-18,Sydney Showground,Greater Western Sydney,Western Bulldogs,Greater Western Sydney,Conor Stone,3,0,0,0,0,0,4
2024,11,2024-05-18,Sydney Showground,Greater Western Sydney,Western Bulldogs,Greater Western Sydney,Sam Taylor,7,7,5,0,0,0,1
2024,11,2024-05-18,Sydney Showground,Greater Western Sydney,Western Bulldogs,Greater Western Sydney,Harvey Thomas,3,1,12,0,0,0,6
2024,11,2024-05-18,Sydney Showground,Greater Western Sydney,Western Bulldogs,Greater Western Sydney,Callan Ward,11,3,8,0,0,0,3
2024,11,2024-05-18,Sydney Showground,Greater Western Sydney,Western Bulldogs,Greater Western Sydney,Jacob Wehr,7,0,3,0,0,0,4
2024,11,2024-05-18,Sydney Showground,Greater Western Sydney,Western Bulldogs,Greater Western Sydney,Lachie Whitfield,25,3,6,0,0,0,1
2024,11,2024-05-18,Sydney Showground,Greater Western Sydney,Western Bulldogs,Western Bulldogs,Marcus Bontempelli,10,2,8,0,1,0,5
2024,11,2024-05-18,Sydney Showground,Greater Western Sydney,Western Bulldogs,Western Bulldogs,Lachlan Bramble,8,2,5,0,1,0,2
2024,11,2024-05-18,Sydney Showground,Greater Western Sydney,Western Bulldogs,Western Bulldogs,Luke Cleary,6,3,4,0,0,0,1
2024,11,2024-05-18,Sydney Showground,Greater Western Sydney,Western Bulldogs,Western Bulldogs,Bailey Dale,15,4,6,0,0,0,1
2024,11,2024-05-18,Sydney Showground,Greater Western Sydney,Western Bulldogs,Western Bulldogs,Caleb Daniel,1,0,1,0,0,0,2
2024,11,2024-05-18,Sydney Showground,Greater Western Sydney,Western Bulldogs,Western Bulldogs,Sam Darcy,7,6,5,2,0,10,4
2024,11,2024-05-18,Sydney Showground,Greater Western Sydney,Western Bulldogs,Western Bulldogs,Taylor Duryea,8,5,4,0,1,0,6
2024,11,2024-05-18,Sydney Showground,Greater Western Sydney,Western Bulldogs,Western Bulldogs,Tim English,8,2,5,0,0,33,2
2024,11,2024-05-18,Sydney Showground,Greater Western Sydney,Western Bulldogs,Western Bulldogs,Joel Freijah,10,4,2,0,0,0,1
2024,11,2024-05-18,Sydney Showground,Greater Western Sydney,Western Bulldogs,Western Bulldogs,Harvey Gallagher,11,1,2,0,0,0,2
2024,11,2024-05-18,Sydney Showground,Greater Western Sydney,Western Bulldogs,Western Bulldogs,Riley Garcia,4,0,8,0,0,0,3
2024,11,2024-05-18,Sydney Showground,Greater Western Sydney,Western Bulldogs,Western Bulldogs,James Harmes,8,2,10,2,2,0,2
2024,11,2024-05-18,Sydney Showground,Greater Western Sydney,Western Bulldogs,Western Bulldogs,Liam Jones,9,3,2,0,0,0,0
2024,11,2024-05-18,Sydney Showground,Greater Western Sydney,Western Bulldogs,Western Bulldogs,Alex Keath,6,2,4,0,0,0,0
2024,11,2024-05-18,Sydney Showground,Greater Western Sydney,Western Bulldogs,Western Bulldogs,Jack Macrae,11,2,12,0,0,0,2
2024,11,2024-05-18,Sydney Showground,Greater Western Sydney,Western Bulldogs,Western Bulldogs,Aaron Naughton,12,6,8,1,2,0,2
2024,11,2024-05-18,Sydney Showground,Greater Western Sydney,Western Bulldogs,Western Bulldogs,James ODonnell,6,3,3,0,0,0,2
2024,11,2024-05-18,Sydney Showground,Greater Western Sydney,Western Bulldogs,Western Bulldogs,Ed Richards,21,6,6,0,2,0,2
2024,11,2024-05-18,Sydney Showground,Greater Western Sydney,Western Bulldogs,Western Bulldogs,Adam Treloar,12,1,23,0,0,0,4
2024,11,2024-05-18,Sydney Showground,Greater Western Sydney,Western Bulldogs,Western Bulldogs,Jamarra Ugle-Hagan,5,2,3,1,2,0,4
2024,11,2024-05-18,Sydney Showground,Greater Western Sydney,Western Bulldogs,Western Bulldogs,Laitham Vandermeer,4,1,4,1,0,0,2
2024,11,2024-05-18,Sydney Showground,Greater Western Sydney,Western Bulldogs,Western Bulldogs,Rhylee West,7,2,6,1,4,0,1
2024,11,2024-05-18,Sydney Showground,Greater Western Sydney,Western Bulldogs,Western Bulldogs,Bailey Williams,9,5,13,0,0,0,2
2024,11,2024-05-18,Docklands,St Kilda,Fremantle,St Kilda,Josh Battle,13,12,4,0,0,0,1
2024,11,2024-05-18,Docklands,St Kilda,Fremantle,St Kilda,Riley Bonner,20,11,6,0,0,0,1
2024,11,2024-05-18,Docklands,St Kilda,Fremantle,St Kilda,Anthony Caminiti,5,1,5,2,1,3,3
2024,11,2024-05-18,Docklands,St Kilda,Fremantle,St Kilda,Lance Collard,3,1,1,0,0,0,1
2024,11,2024-05-18,Docklands,St Kilda,Fremantle,St Kilda,Paddy Dow,10,1,5,1,0,0,2
2024,11,2024-05-18,Docklands,St Kilda,Fremantle,St Kilda,Liam Henry,9,4,1,1,0,0,5
2024,11,2024-05-18,Docklands,St Kilda,Fremantle,St Kilda,Bradley Hill,20,7,5,0,0,0,4
2024,11,2024-05-18,Docklands,St Kilda,Fremantle,St Kilda,Dougal Howard,8,9,6,0,0,0,0
2024,11,2024-05-18,Docklands,St Kilda,Fremantle,St Kilda,Zak Jones,3,2,3,0,0,0,2
2024,11,2024-05-18,Docklands,St Kilda,Fremantle,St Kilda,Max King,5,3,5,0,1,0,2
2024,11,2024-05-18,Docklands,St Kilda,Fremantle,St Kilda,Rowan Marshall,20,7,11,0,1,39,9
2024,11,2024-05-18,Docklands,St Kilda,Fremantle,St Kilda,Mitch Owens,5,2,3,3,1,0,2
2024,11,2024-05-18,Docklands,St Kilda,Fremantle,St Kilda,Ben Paton,8,2,6,0,0,0,2
2024,11,2024-05-18,Docklands,St Kilda,Fremantle,St Kilda,Mattaes Phillipou,3,1,1,1,1,0,1
2024,11,2024-05-18,Docklands,St Kilda,Fremantle,St Kilda,Cooper Sharman,3,2,0,0,1,0,1
2024,11,2024-05-18,Docklands,St Kilda,Fremantle,St Kilda,Jack Sinclair,21,9,8,0,0,0,3
2024,11,2024-05-18,Docklands,St Kilda,Fremantle,St Kilda,Jack Steele,5,2,13,0,0,0,8
2024,11,2024-05-18,Docklands,St Kilda,Fremantle,St Kilda,Nasiah Wanganeen-Milera,23,6,7,0,0,0,3
2024,11,2024-05-18,Docklands,St Kilda,Fremantle,St Kilda,Jimmy Webster,5,2,7,0,0,0,4
2024,11,2024-05-18,Docklands,St Kilda,Fremantle,St Kilda,Callum Wilkie,10,7,4,0,0,0,0
2024,11,2024-05-18,Docklands,St Kilda,Fremantle,St Kilda,Darcy Wilson,9,7,9,0,0,0,2
2024,11,2024-05-18,Docklands,St Kilda,Fremantle,St Kilda,Marcus Windhager,9,2,8,0,0,0,7
2024,11,2024-05-18,Docklands,St Kilda,Fremantle,St Kilda,Mason Wood,14,5,8,0,0,0,0
2024,11,2024-05-18,Docklands,St Kilda,Fremantle,Fremantle,James Aish,8,3,10,0,0,0,4
2024,11,2024-05-18,Docklands,St Kilda,Fremantle,Fremantle,Jye Amiss,8,3,1,2,5,0,2
2024,11,2024-05-18,Docklands,St Kilda,Fremantle,Fremantle,Bailey Banfield,9,4,3,1,1,0,4
2024,11,2024-05-18,Docklands,St Kilda,Fremantle,Fremantle,Andrew Brayshaw,12,2,14,0,0,0,6
2024,11,2024-05-18,Docklands,St Kilda,Fremantle,Fremantle,Heath Chapman,7,3,4,0,0,0,3
2024,11,2024-05-18,Docklands,St Kilda,Fremantle,Fremantle,Jordan Clark,24,8,5,0,0,0,8
2024,11,2024-05-18,Docklands,St Kilda,Fremantle,Fremantle,Josh Draper,2,2,2,0,0,0,0
2024,11,2024-05-18,Docklands,St Kilda,Fremantle,Fremantle,Tom Emmett,1,1,8,0,0,0,4
2024,11,2024-05-18,Docklands,St Kilda,Fremantle,Fremantle,Michael Frederick,1,1,2,0,0,0,0
2024,11,2024-05-18,Docklands,St Kilda,Fremantle,Fremantle,Nat Fyfe,4,2,19,0,0,0,2
2024,11,2024-05-18,Docklands,St Kilda,Fremantle,Fremantle,Luke Jackson,3,3,22,0,0,39,6
2024,11,2024-05-18,Docklands,St Kilda,Fremantle,Fremantle,Matthew Johnson,10,5,11,1,1,0,3
2024,11,2024-05-18,Docklands,St Kilda,Fremantle,Fremantle,Jaeger OMeara,9,6,7,2,1,0,5
2024,11,2024-05-18,Docklands,St Kilda,Fremantle,Fremantle,Alex Pearce,3,1,6,0,0,0,4
2024,11,2024-05-18,Docklands,St Kilda,Fremantle,Fremantle,Luke Ryan,23,13,4,0,1,0,2
2024,11,2024-05-18,Docklands,St Kilda,Fremantle,Fremantle,Caleb Serong,16,2,14,0,0,0,5
2024,11,2024-05-18,Docklands,St Kilda,Fremantle,Fremantle,Jeremy Sharp,17,5,3,1,1,0,2
2024,11,2024-05-18,Docklands,St Kilda,Fremantle,Fremantle,Sam Switkowski,4,1,7,0,0,0,5
2024,11,2024-05-18,Docklands,St Kilda,Fremantle,Fremantle,Josh Treacy,8,8,5,1,0,6,4
2024,11,2024-05-18,Docklands,St Kilda,Fremantle,Fremantle,Patrick Voss,4,4,8,1,3,0,2
2024,11,2024-05-18,Docklands,St Kilda,Fremantle,Fremantle,Brandon Walker,9,5,8,0,0,0,3
2024,11,2024-05-18,Docklands,St Kilda,Fremantle,Fremantle,Michael Walters,4,3,3,0,2,0,2
2024,11,2024-05-18,Docklands,St Kilda,Fremantle,Fremantle,Hayden Young,16,2,11,0,3,0,8
2024,11,2024-05-18,Gabba,Brisbane Lions,Richmond,Brisbane Lions,Callum Ah Chee,14,12,5,1,0,0,0
2024,11,2024-05-18,Gabba,Brisbane Lions,Richmond,Brisbane Lions,Harris Andrews,10,7,4,0,0,0,1
2024,11,2024-05-18,Gabba,Brisbane Lions,Richmond,Brisbane Lions,Noah Answerth,7,3,4,0,0,0,3
2024,11,2024-05-18,Gabba,Brisbane Lions,Richmond,Brisbane Lions,Jarrod Berry,11,5,7,0,0,0,4
2024,11,2024-05-18,Gabba,Brisbane Lions,Richmond,Brisbane Lions,Shadeau Brain,6,4,2,0,0,0,0
2024,11,2024-05-18,Gabba,Brisbane Lions,Richmond,Brisbane Lions,Charlie Cameron,7,3,3,5,0,0,1
2024,11,2024-05-18,Gabba,Brisbane Lions,Richmond,Brisbane Lions,Joe Daniher,18,11,2,3,2,2,2
2024,11,2024-05-18,Gabba,Brisbane Lions,Richmond,Brisbane Lions,Josh Dunkley,13,8,13,0,0,0,5
2024,11,2024-05-18,Gabba,Brisbane Lions,Richmond,Brisbane Lions,Jaspa Fletcher,7,6,8,0,0,0,2
2024,11,2024-05-18,Gabba,Brisbane Lions,Richmond,Brisbane Lions,Eric Hipwood,8,4,1,1,1,1,1
2024,11,2024-05-18,Gabba,Brisbane Lions,Richmond,Brisbane Lions,Ryan Lester,12,10,1,0,0,0,1
2024,11,2024-05-18,Gabba,Brisbane Lions,Richmond,Brisbane Lions,Kai Lohmann,10,7,4,5,1,0,2
2024,11,2024-05-18,Gabba,Brisbane Lions,Richmond,Brisbane Lions,Hugh McCluggage,11,4,5,1,0,0,6
2024,11,2024-05-18,Gabba,Brisbane Lions,Richmond,Brisbane Lions,Oscar McInerney,8,3,3,2,0,33,0
2024,11,2024-05-18,Gabba,Brisbane Lions,Richmond,Brisbane Lions,Conor McKenna,19,11,0,0,0,0,1
2024,11,2024-05-18,Gabba,Brisbane Lions,Richmond,Brisbane Lions,Logan Morris,7,3,2,2,1,0,1
2024,11,2024-05-18,Gabba,Brisbane Lions,Richmond,Brisbane Lions,Lachie Neale,18,11,18,0,1,0,0
2024,11,2024-05-18,Gabba,Brisbane Lions,Richmond,Brisbane Lions,Jack Payne,15,13,1,0,0,0,1
2024,11,2024-05-18,Gabba,Brisbane Lions,Richmond,Brisbane Lions,Cam Rayner,8,4,6,3,0,0,5
2024,11,2024-05-18,Gabba,Brisbane Lions,Richmond,Brisbane Lions,Bruce Reville,10,7,2,1,0,0,2
2024,11,2024-05-18,Gabba,Brisbane Lions,Richmond,Brisbane Lions,Harry Sharp,11,4,1,1,0,0,0
2024,11,2024-05-18,Gabba,Brisbane Lions,Richmond,Brisbane Lions,Darcy Wilmot,19,9,5,0,0,0,1
2024,11,2024-05-18,Gabba,Brisbane Lions,Richmond,Brisbane Lions,Dayne Zorko,25,15,10,1,0,0,0
2024,11,2024-05-18,Gabba,Brisbane Lions,Richmond,Richmond,Noah Balta,9,4,3,1,0,3,4
2024,11,2024-05-18,Gabba,Brisbane Lions,Richmond,Richmond,Shai Bolton,10,5,8,0,1,0,6
2024,11,2024-05-18,Gabba,Brisbane Lions,Richmond,Richmond,Nathan Broad,8,6,4,0,0,0,0
2024,11,2024-05-18,Gabba,Brisbane Lions,Richmond,Richmond,Tom Brown,9,3,6,0,0,0,0
2024,11,2024-05-18,Gabba,Brisbane Lions,Richmond,Richmond,Matthew Coulthard,2,0,1,1,0,0,0
2024,11,2024-05-18,Gabba,Brisbane Lions,Richmond,Richmond,Noah Cumberland,8,5,5,2,0,0,1
2024,11,2024-05-18,Gabba,Brisbane Lions,Richmond,Richmond,Thomson Dow,3,1,17,0,0,0,1
2024,11,2024-05-18,Gabba,Brisbane Lions,Richmond,Richmond,Steely Green,3,0,2,0,0,0,2
2024,11,2024-05-18,Gabba,Brisbane Lions,Richmond,Richmond,Mykelti Lefau,4,2,1,1,0,7,1
2024,11,2024-05-18,Gabba,Brisbane Lions,Richmond,Richmond,Rhyan Mansell,5,0,2,1,2,0,3
2024,11,2024-05-18,Gabba,Brisbane Lions,Richmond,Richmond,Dustin Martin,5,2,11,0,1,0,3
2024,11,2024-05-18,Gabba,Brisbane Lions,Richmond,Richmond,Kane McAuliffe,7,0,13,0,0,0,5
2024,11,2024-05-18,Gabba,Brisbane Lions,Richmond,Richmond,Kamdyn McIntosh,7,2,3,0,0,0,2
2024,11,2024-05-18,Gabba,Brisbane Lions,Richmond,Richmond,Ben Miller,10,8,1,0,0,0,0
2024,11,2024-05-18,Gabba,Brisbane Lions,Richmond,Richmond,Toby Nankervis,3,1,8,0,0,34,8
2024,11,2024-05-18,Gabba,Brisbane Lions,Richmond,Richmond,Marlion Pickett,2,2,3,0,1,0,6
2024,11,2024-05-18,Gabba,Brisbane Lions,Richmond,Richmond,Dion Prestia,9,5,14,0,0,0,1
2024,11,2024-05-18,Gabba,Brisbane Lions,Richmond,Richmond,Hugo Ralphsmith,4,0,5,0,0,0,3
2024,11,2024-05-18,Gabba,Brisbane Lions,Richmond,Richmond,Daniel Rioli,12,3,13,0,0,0,4
2024,11,2024-05-18,Gabba,Brisbane Lions,Richmond,Richmond,Jayden Short,14,2,1,0,0,0,0
2024,11,2024-05-18,Gabba,Brisbane Lions,Richmond,Richmond,Tyler Sonsie,6,3,6,0,0,0,0
2024,11,2024-05-18,Gabba,Brisbane Lions,Richmond,Richmond,Nick Vlastuin,11,5,3,0,0,0,3
2024,11,2024-05-18,Gabba,Brisbane Lions,Richmond,Richmond,Tylar Young,9,7,2,0,0,0,1
2024,11,2024-05-19,Docklands,Essendon,North Melbourne,Essendon,Jye Caldwell,12,7,13,0,1,0,5
2024,11,2024-05-19,Docklands,Essendon,North Melbourne,Essendon,Alwyn Davey,6,2,1,1,0,0,2
2024,11,2024-05-19,Docklands,Essendon,North Melbourne,Essendon,Sam Durham,5,3,9,0,0,0,5
2024,11,2024-05-19,Docklands,Essendon,North Melbourne,Essendon,Todd Goldstein,1,1,7,0,0,18,2
2024,11,2024-05-19,Docklands,Essendon,North Melbourne,Essendon,Jade Gresham,6,2,9,1,0,0,3
2024,11,2024-05-19,Docklands,Essendon,North Melbourne,Essendon,Matt Guelfi,9,5,5,3,3,0,2
2024,11,2024-05-19,Docklands,Essendon,North Melbourne,Essendon,Dyson Heppell,11,7,8,0,0,0,3
2024,11,2024-05-19,Docklands,Essendon,North Melbourne,Essendon,Nick Hind,12,3,2,0,0,0,0
2024,11,2024-05-19,Docklands,Essendon,North Melbourne,Essendon,Ben Hobbs,8,2,5,0,0,0,2
2024,11,2024-05-19,Docklands,Essendon,North Melbourne,Essendon,Harry Jones,4,4,1,1,0,0,2
2024,11,2024-05-19,Docklands,Essendon,North Melbourne,Essendon,Jake Kelly,14,8,7,0,0,0,0
2024,11,2024-05-19,Docklands,Essendon,North Melbourne,Essendon,Kyle Langford,4,3,3,1,0,0,3
2024,11,2024-05-19,Docklands,Essendon,North Melbourne,Essendon,Jayden Laverde,8,3,5,0,0,0,1
2024,11,2024-05-19,Docklands,Essendon,North Melbourne,Essendon,Nic Martin,13,9,14,0,0,0,1
2024,11,2024-05-19,Docklands,Essendon,North Melbourne,Essendon,Andrew McGrath,15,5,8,0,0,0,3
2024,11,2024-05-19,Docklands,Essendon,North Melbourne,Essendon,Ben McKay,5,5,5,0,0,0,1
2024,11,2024-05-19,Docklands,Essendon,North Melbourne,Essendon,Zach Merrett,5,1,16,1,0,0,6
2024,11,2024-05-19,Docklands,Essendon,North Melbourne,Essendon,Archie Perkins,13,5,9,1,0,0,6
2024,11,2024-05-19,Docklands,Essendon,North Melbourne,Essendon,Mason Redman,18,4,4,0,0,0,1
2024,11,2024-05-19,Docklands,Essendon,North Melbourne,Essendon,Dylan Shiel,1,1,1,0,0,0,2
2024,11,2024-05-19,Docklands,Essendon,North Melbourne,Essendon,Jake Stringer,10,3,5,2,1,0,3
2024,11,2024-05-19,Docklands,Essendon,North Melbourne,Essendon,Elijah Tsatas,5,4,11,1,0,0,2
2024,11,2024-05-19,Docklands,Essendon,North Melbourne,Essendon,Peter Wright,14,9,1,4,2,11,1
2024,11,2024-05-19,Docklands,Essendon,North Melbourne,North Melbourne,Miller Bergman,4,2,4,0,0,0,1
2024,11,2024-05-19,Docklands,Essendon,North Melbourne,North Melbourne,Charlie Comben,10,9,6,0,0,0,2
2024,11,2024-05-19,Docklands,Essendon,North Melbourne,North Melbourne,Aidan Corr,6,4,2,0,0,0,4
2024,11,2024-05-19,Docklands,Essendon,North Melbourne,North Melbourne,Paul Curtis,7,2,4,0,2,0,2
2024,11,2024-05-19,Docklands,Essendon,North Melbourne,North Melbourne,Luke Davies-Uniacke,13,7,14,2,0,0,3
2024,11,2024-05-19,Docklands,Essendon,North Melbourne,North Melbourne,Wil Dawson,4,3,1,0,0,0,2
2024,11,2024-05-19,Docklands,Essendon,North Melbourne,North Melbourne,Zane Duursma,2,2,2,1,0,0,0
2024,11,2024-05-19,Docklands,Essendon,North Melbourne,North Melbourne,Zac Fisher,22,11,9,0,0,0,1
2024,11,2024-05-19,Docklands,Essendon,North Melbourne,North Melbourne,Eddie Ford,4,3,1,1,0,0,0
2024,11,2024-05-19,Docklands,Essendon,North Melbourne,North Melbourne,Nick Larkey,8,5,5,1,1,0,0
2024,11,2024-05-19,Docklands,Essendon,North Melbourne,North Melbourne,Charlie Lazzaro,3,1,4,0,0,0,1
2024,11,2024-05-19,Docklands,Essendon,North Melbourne,North Melbourne,Luke McDonald,12,7,5,0,0,0,2
2024,11,2024-05-19,Docklands,Essendon,North Melbourne,North Melbourne,Toby Pink,5,3,2,1,1,4,1
2024,11,2024-05-19,Docklands,Essendon,North Melbourne,North Melbourne,Tom Powell,13,2,13,0,0,0,3
2024,11,2024-05-19,Docklands,Essendon,North Melbourne,North Melbourne,Bailey Scott,17,8,10,0,0,0,0
2024,11,2024-05-19,Docklands,Essendon,North Melbourne,North Melbourne,Harry Sheezel,17,9,15,0,0,0,4
2024,11,2024-05-19,Docklands,Essendon,North Melbourne,North Melbourne,Liam Shiels,10,3,7,0,0,0,3
2024,11,2024-05-19,Docklands,Essendon,North Melbourne,North Melbourne,Jaidyn Stephenson,11,5,5,1,0,0,1
2024,11,2024-05-19,Docklands,Essendon,North Melbourne,North Melbourne,Curtis Taylor,7,6,3,1,0,0,3
2024,11,2024-05-19,Docklands,Essendon,North Melbourne,North Melbourne,Darcy Tucker,15,6,8,0,1,0,1
2024,11,2024-05-19,Docklands,Essendon,North Melbourne,North Melbourne,George Wardlaw,10,6,5,0,0,0,3
2024,11,2024-05-19,Docklands,Essendon,North Melbourne,North Melbourne,Tristan Xerri,8,2,7,1,0,38,5
2024,11,2024-05-19,Docklands,Essendon,North Melbourne,North Melbourne,Cameron Zurhaar,6,4,4,1,0,0,0
2024,11,2024-05-19,Adelaide Oval,Port Adelaide,Hawthorn,Port Adelaide,Aliir Aliir,13,7,4,0,0,0,1
2024,11,2024-05-19,Adelaide Oval,Port Adelaide,Hawthorn,Port Adelaide,Miles Bergman,5,1,4,0,0,0,8
2024,11,2024-05-19,Adelaide Oval,Port Adelaide,Hawthorn,Port Adelaide,Travis Boak,16,7,10,0,1,0,5
2024,11,2024-05-19,Adelaide Oval,Port Adelaide,Hawthorn,Port Adelaide,Jase Burgoyne,13,4,10,0,0,0,7
2024,11,2024-05-19,Adelaide Oval,Port Adelaide,Hawthorn,Port Adelaide,Ryan Burton,5,4,4,0,0,0,6
2024,11,2024-05-19,Adelaide Oval,Port Adelaide,Hawthorn,Port Adelaide,Zak Butters,16,5,16,0,0,0,6
2024,11,2024-05-19,Adelaide Oval,Port Adelaide,Hawthorn,Port Adelaide,Darcy Byrne-Jones,9,0,4,2,0,0,3
2024,11,2024-05-19,Adelaide Oval,Port Adelaide,Hawthorn,Port Adelaide,Charlie Dixon,7,2,4,0,1,9,3
2024,11,2024-05-19,Adelaide Oval,Port Adelaide,Hawthorn,Port Adelaide,Willem Drew,7,0,11,0,0,0,10
2024,11,2024-05-19,Adelaide Oval,Port Adelaide,Hawthorn,Port Adelaide,Kane Farrell,18,3,8,0,0,0,3
2024,11,2024-05-19,Adelaide Oval,Port Adelaide,Hawthorn,Port Adelaide,Jeremy Finlayson,5,0,4,0,3,0,3
2024,11,2024-05-19,Adelaide Oval,Port Adelaide,Hawthorn,Port Adelaide,Mitch Georgiades,3,0,1,0,0,0,1
2024,11,2024-05-19,Adelaide Oval,Port Adelaide,Hawthorn,Port Adelaide,Jason Horne-Francis,21,2,6,2,1,0,4
2024,11,2024-05-19,Adelaide Oval,Port Adelaide,Hawthorn,Port Adelaide,Dan Houston,16,8,6,3,0,0,10
2024,11,2024-05-19,Adelaide Oval,Port Adelaide,Hawthorn,Port Adelaide,Todd Marshall,10,7,3,1,1,0,1
2024,11,2024-05-19,Adelaide Oval,Port Adelaide,Hawthorn,Port Adelaide,Jed McEntee,4,2,3,0,0,0,4
2024,11,2024-05-19,Adelaide Oval,Port Adelaide,Hawthorn,Port Adelaide,Jackson Mead,8,0,10,0,0,0,4
2024,11,2024-05-19,Adelaide Oval,Port Adelaide,Hawthorn,Port Adelaide,Esava Ratugolea,6,5,3,0,0,0,4
2024,11,2024-05-19,Adelaide Oval,Port Adelaide,Hawthorn,Port Adelaide,Willie Rioli,10,1,4,3,1,0,4
2024,11,2024-05-19,Adelaide Oval,Port Adelaide,Hawthorn,Port Adelaide,Josh Sinn,9,2,5,0,0,0,0
2024,11,2024-05-19,Adelaide Oval,Port Adelaide,Hawthorn,Port Adelaide,Dante Visentini,3,1,5,0,0,29,3
2024,11,2024-05-19,Adelaide Oval,Port Adelaide,Hawthorn,Port Adelaide,Ollie Wines,1,1,6,0,0,0,3
2024,11,2024-05-19,Adelaide Oval,Port Adelaide,Hawthorn,Port Adelaide,Brandon Zerk-Thatcher,2,0,3,0,0,0,3
2024,11,2024-05-19,Adelaide Oval,Port Adelaide,Hawthorn,Hawthorn,Karl Amon,23,5,3,0,0,0,2
2024,11,2024-05-19,Adelaide Oval,Port Adelaide,Hawthorn,Hawthorn,Luke Breust,2,0,4,0,0,0,2
2024,11,2024-05-19,Adelaide Oval,Port Adelaide,Hawthorn,Hawthorn,Mabior Chol,5,1,4,2,1,1,3
2024,11,2024-05-19,Adelaide Oval,Port Adelaide,Hawthorn,Hawthorn,Massimo DAmbrosio,15,3,13,0,0,0,3
2024,11,2024-05-19,Adelaide Oval,Port Adelaide,Hawthorn,Hawthorn,Will Day,18,4,9,1,0,0,5
2024,11,2024-05-19,Adelaide Oval,Port Adelaide,Hawthorn,Hawthorn,Calsher Dear,5,2,4,1,1,0,5
2024,11,2024-05-19,Adelaide Oval,Port Adelaide,Hawthorn,Hawthorn,Sam Frost,6,2,4,0,0,0,2
2024,11,2024-05-19,Adelaide Oval,Port Adelaide,Hawthorn,Hawthorn,Jack Ginnivan,9,4,6,1,0,0,1
2024,11,2024-05-19,Adelaide Oval,Port Adelaide,Hawthorn,Hawthorn,Blake Hardwick,18,6,5,5,0,0,4
2024,11,2024-05-19,Adelaide Oval,Port Adelaide,Hawthorn,Hawthorn,Jarman Impey,9,0,3,0,1,0,2
2024,11,2024-05-19,Adelaide Oval,Port Adelaide,Hawthorn,Hawthorn,Changkuoth Jiath,5,2,3,0,0,0,1
2024,11,2024-05-19,Adelaide Oval,Port Adelaide,Hawthorn,Hawthorn,Connor Macdonald,6,2,8,0,1,0,8
2024,11,2024-05-19,Adelaide Oval,Port Adelaide,Hawthorn,Hawthorn,Cam Mackenzie,7,0,5,2,0,0,4
2024,11,2024-05-19,Adelaide Oval,Port Adelaide,Hawthorn,Hawthorn,Lloyd Meek,6,1,12,0,0,45,4
2024,11,2024-05-19,Adelaide Oval,Port Adelaide,Hawthorn,Hawthorn,Seamus Mitchell,3,2,3,0,0,0,3
2024,11,2024-05-19,Adelaide Oval,Port Adelaide,Hawthorn,Hawthorn,Dylan Moore,10,1,6,0,1,0,6
2024,11,2024-05-19,Adelaide Oval,Port Adelaide,Hawthorn,Hawthorn,Conor Nash,8,1,9,0,0,0,7
2024,11,2024-05-19,Adelaide Oval,Port Adelaide,Hawthorn,Hawthorn,Jai Newcombe,15,4,8,0,0,0,5
2024,11,2024-05-19,Adelaide Oval,Port Adelaide,Hawthorn,Hawthorn,Ethan Phillips,6,3,4,0,0,0,1
2024,11,2024-05-19,Adelaide Oval,Port Adelaide,Hawthorn,Hawthorn,Jai Serong,2,2,5,0,0,0,6
2024,11,2024-05-19,Adelaide Oval,Port Adelaide,Hawthorn,Hawthorn,Nick Watson,6,3,5,0,1,0,2
2024,11,2024-05-19,Adelaide Oval,Port Adelaide,Hawthorn,Hawthorn,Josh Weddle,6,2,2,0,0,0,2
2024,11,2024-05-19,Adelaide Oval,Port Adelaide,Hawthorn,Hawthorn,James Worpel,7,1,12,0,0,0,2
2024,11,2024-05-19,Perth Stadium,West Coast,Melbourne,West Coast,Tom Barrass,10,8,5,0,0,0,1
2024,11,2024-05-19,Perth Stadium,West Coast,Melbourne,West Coast,Campbell Chesser,4,2,8,0,0,0,3
2024,11,2024-05-19,Perth Stadium,West Coast,Melbourne,West Coast,Tom Cole,9,2,3,0,0,0,4
2024,11,2024-05-19,Perth Stadium,West Coast,Melbourne,West Coast,Jamie Cripps,15,7,7,1,3,0,4
2024,11,2024-05-19,Perth Stadium,West Coast,Melbourne,West Coast,Jack Darling,9,4,4,3,0,1,12
2024,11,2024-05-19,Perth Stadium,West Coast,Melbourne,West Coast,Tyrell Dewar,1,1,1,0,0,0,1
2024,11,2024-05-19,Perth Stadium,West Coast,Melbourne,West Coast,Liam Duggan,23,9,6,0,0,0,2
2024,11,2024-05-19,Perth Stadium,West Coast,Melbourne,West Coast,Luke Edwards,3,2,3,0,1,0,1
2024,11,2024-05-19,Perth Stadium,West Coast,Melbourne,West Coast,Reuben Ginbey,10,3,11,1,0,0,3
2024,11,2024-05-19,Perth Stadium,West Coast,Melbourne,West Coast,Brady Hough,12,9,13,0,0,0,1
2024,11,2024-05-19,Perth Stadium,West Coast,Melbourne,West Coast,Jayden Hunt,8,2,3,1,0,0,1
2024,11,2024-05-19,Perth Stadium,West Coast,Melbourne,West Coast,Jamaine Jones,8,7,3,0,0,0,2
2024,11,2024-05-19,Perth Stadium,West Coast,Melbourne,West Coast,Tim Kelly,19,5,11,0,2,0,3
2024,11,2024-05-19,Perth Stadium,West Coast,Melbourne,West Coast,Ryan Maric,7,6,5,1,1,0,1
2024,11,2024-05-19,Perth Stadium,West Coast,Melbourne,West Coast,Jeremy McGovern,19,8,4,0,0,0,1
2024,11,2024-05-19,Perth Stadium,West Coast,Melbourne,West Coast,Harley Reid,10,2,11,2,0,0,4
2024,11,2024-05-19,Perth Stadium,West Coast,Melbourne,West Coast,Josh Rotham,9,6,2,0,0,0,1
2024,11,2024-05-19,Perth Stadium,West Coast,Melbourne,West Coast,Liam Ryan,10,5,2,2,0,0,1
2024,11,2024-05-19,Perth Stadium,West Coast,Melbourne,West Coast,Dom Sheed,8,4,9,0,0,0,5
2024,11,2024-05-19,Perth Stadium,West Coast,Melbourne,West Coast,Jake Waterman,14,13,3,5,1,0,2
2024,11,2024-05-19,Perth Stadium,West Coast,Melbourne,West Coast,Bailey Williams,2,1,6,0,0,24,6
2024,11,2024-05-19,Perth Stadium,West Coast,Melbourne,West Coast,Jack Williams,5,3,3,0,0,4,4
2024,11,2024-05-19,Perth Stadium,West Coast,Melbourne,West Coast,Alex Witherden,9,2,4,0,0,0,0
2024,11,2024-05-19,Perth Stadium,West Coast,Melbourne,Melbourne,Jack Billings,8,2,7,0,1,0,2
2024,11,2024-05-19,Perth Stadium,West Coast,Melbourne,Melbourne,Jake Bowey,11,3,4,0,0,0,3
2024,11,2024-05-19,Perth Stadium,West Coast,Melbourne,Melbourne,Ben Brown,2,0,1,1,1,1,1
2024,11,2024-05-19,Perth Stadium,West Coast,Melbourne,Melbourne,Kade Chandler,5,1,4,1,0,0,7
2024,11,2024-05-19,Perth Stadium,West Coast,Melbourne,Melbourne,Bayley Fritsch,8,3,1,3,0,0,1
2024,11,2024-05-19,Perth Stadium,West Coast,Melbourne,Melbourne,Max Gawn,12,3,8,0,1,28,0
2024,11,2024-05-19,Perth Stadium,West Coast,Melbourne,Melbourne,Blake Howes,9,6,4,0,0,0,0
2024,11,2024-05-19,Perth Stadium,West Coast,Melbourne,Melbourne,Jake Lever,1,1,0,0,0,0,0
2024,11,2024-05-19,Perth Stadium,West Coast,Melbourne,Melbourne,Steven May,7,2,1,0,0,0,0
2024,11,2024-05-19,Perth Stadium,West Coast,Melbourne,Melbourne,Shane McAdam,6,4,5,1,1,0,2
2024,11,2024-05-19,Perth Stadium,West Coast,Melbourne,Melbourne,Tom McDonald,9,4,6,0,0,0,3
2024,11,2024-05-19,Perth Stadium,West Coast,Melbourne,Melbourne,Judd McVee,9,4,5,0,0,0,0
2024,11,2024-05-19,Perth Stadium,West Coast,Melbourne,Melbourne,Alex Neal-Bullen,13,3,10,1,0,0,3
2024,11,2024-05-19,Perth Stadium,West Coast,Melbourne,Melbourne,Clayton Oliver,10,0,16,0,0,0,8
2024,11,2024-05-19,Perth Stadium,West Coast,Melbourne,Melbourne,Christian Petracca,9,4,11,1,1,0,1
2024,11,2024-05-19,Perth Stadium,West Coast,Melbourne,Melbourne,Harry Petty,3,1,2,0,1,13,5
2024,11,2024-05-19,Perth Stadium,West Coast,Melbourne,Melbourne,Kysaiah Pickett,12,2,7,1,0,0,5
2024,11,2024-05-19,Perth Stadium,West Coast,Melbourne,Melbourne,Trent Rivers,9,3,9,0,0,0,5
2024,11,2024-05-19,Perth Stadium,West Coast,Melbourne,Melbourne,Christian Salem,13,7,12,0,0,0,3
2024,11,2024-05-19,Perth Stadium,West Coast,Melbourne,Melbourne,Tom Sparrow,6,1,6,0,1,0,5
2024,11,2024-05-19,Perth Stadium,West Coast,Melbourne,Melbourne,Jack Viney,12,4,7,0,0,0,9
2024,11,2024-05-19,Perth Stadium,West Coast,Melbourne,Melbourne,Caleb Windsor,7,1,6,1,0,0,1
2024,11,2024-05-19,Perth Stadium,West Coast,Melbourne,Melbourne,Taj Woewodin,4,1,6,0,0,0,3
2024,12,2024-05-23,Docklands,Western Bulldogs,Sydney,Western Bulldogs,Marcus Bontempelli,13,4,13,0,1,0,6
2024,12,2024-05-23,Docklands,Western Bulldogs,Sydney,Western Bulldogs,Lachlan Bramble,13,4,3,0,0,0,3
2024,12,2024-05-23,Docklands,Western Bulldogs,Sydney,Western Bulldogs,Bailey Dale,19,9,3,0,1,0,3
2024,12,2024-05-23,Docklands,Western Bulldogs,Sydney,Western Bulldogs,Caleb Daniel,12,4,8,0,2,0,2
2024,12,2024-05-23,Docklands,Western Bulldogs,Sydney,Western Bulldogs,Sam Darcy,3,4,4,1,0,6,3
2024,12,2024-05-23,Docklands,Western Bulldogs,Sydney,Western Bulldogs,Taylor Duryea,7,6,4,0,0,0,1
2024,12,2024-05-23,Docklands,Western Bulldogs,Sydney,Western Bulldogs,Tim English,8,5,6,1,0,28,2
2024,12,2024-05-23,Docklands,Western Bulldogs,Sydney,Western Bulldogs,Joel Freijah,10,6,4,0,0,0,2
2024,12,2024-05-23,Docklands,Western Bulldogs,Sydney,Western Bulldogs,Harvey Gallagher,12,4,4,1,1,0,3
2024,12,2024-05-23,Docklands,Western Bulldogs,Sydney,Western Bulldogs,Riley Garcia,12,3,6,2,1,0,2
2024,12,2024-05-23,Docklands,Western Bulldogs,Sydney,Western Bulldogs,James Harmes,10,5,12,1,0,0,3
2024,12,2024-05-23,Docklands,Western Bulldogs,Sydney,Western Bulldogs,Liam Jones,16,5,1,0,0,0,0
2024,12,2024-05-23,Docklands,Western Bulldogs,Sydney,Western Bulldogs,Alex Keath,7,7,8,0,0,0,1
2024,12,2024-05-23,Docklands,Western Bulldogs,Sydney,Western Bulldogs,Jack Macrae,6,3,13,0,0,0,2
2024,12,2024-05-23,Docklands,Western Bulldogs,Sydney,Western Bulldogs,Aaron Naughton,2,1,1,1,0,0,0
2024,12,2024-05-23,Docklands,Western Bulldogs,Sydney,Western Bulldogs,Ed Richards,12,3,6,0,0,0,2
2024,12,2024-05-23,Docklands,Western Bulldogs,Sydney,Western Bulldogs,Ryley Sanders,6,1,14,0,0,0,5
2024,12,2024-05-23,Docklands,Western Bulldogs,Sydney,Western Bulldogs,Anthony Scott,0,0,0,0,0,0,0
2024,12,2024-05-23,Docklands,Western Bulldogs,Sydney,Western Bulldogs,Adam Treloar,14,1,16,0,0,0,4
2024,12,2024-05-23,Docklands,Western Bulldogs,Sydney,Western Bulldogs,Jamarra Ugle-Hagan,10,6,3,3,2,0,0
2024,12,2024-05-23,Docklands,Western Bulldogs,Sydney,Western Bulldogs,Laitham Vandermeer,8,6,3,1,1,0,2
2024,12,2024-05-23,Docklands,Western Bulldogs,Sydney,Western Bulldogs,Rhylee West,10,4,3,1,2,0,6
2024,12,2024-05-23,Docklands,Western Bulldogs,Sydney,Western Bulldogs,Bailey Williams,12,10,10,0,0,0,2
2024,12,2024-05-23,Docklands,Western Bulldogs,Sydney,Sydney,Taylor Adams,5,2,6,1,0,0,4
2024,12,2024-05-23,Docklands,Western Bulldogs,Sydney,Sydney,Joel Amartey,5,4,4,2,2,0,1
2024,12,2024-05-23,Docklands,Western Bulldogs,Sydney,Sydney,Nick Blakey,15,5,5,0,0,0,2
2024,12,2024-05-23,Docklands,Western Bulldogs,Sydney,Sydney,Braeden Campbell,10,8,1,0,0,0,3
2024,12,2024-05-23,Docklands,Western Bulldogs,Sydney,Sydney,Harry Cunningham,10,5,4,0,0,0,1
2024,12,2024-05-23,Docklands,Western Bulldogs,Sydney,Sydney,Oliver Florent,15,3,5,0,0,0,2
2024,12,2024-05-23,Docklands,Western Bulldogs,Sydney,Sydney,Aaron Francis,5,5,4,0,0,0,0
2024,12,2024-05-23,Docklands,Western Bulldogs,Sydney,Sydney,Brodie Grundy,7,3,8,0,0,46,7
2024,12,2024-05-23,Docklands,Western Bulldogs,Sydney,Sydney,Errol Gulden,20,5,5,1,0,0,7
2024,12,2024-05-23,Docklands,Western Bulldogs,Sydney,Sydney,Will Hayward,7,3,5,2,0,0,6
2024,12,2024-05-23,Docklands,Western Bulldogs,Sydney,Sydney,Isaac Heeney,13,3,10,1,0,0,7
2024,12,2024-05-23,Docklands,Western Bulldogs,Sydney,Sydney,James Jordon,7,4,6,0,0,0,2
2024,12,2024-05-23,Docklands,Western Bulldogs,Sydney,Sydney,Jake Lloyd,16,8,5,0,0,0,2
2024,12,2024-05-23,Docklands,Western Bulldogs,Sydney,Sydney,Logan McDonald,10,9,5,1,1,0,0
2024,12,2024-05-23,Docklands,Western Bulldogs,Sydney,Sydney,Justin McInerney,12,9,8,0,0,0,4
2024,12,2024-05-23,Docklands,Western Bulldogs,Sydney,Sydney,Hayden McLean,5,4,2,2,1,5,2
2024,12,2024-05-23,Docklands,Western Bulldogs,Sydney,Sydney,Lewis Melican,8,5,1,0,0,0,6
2024,12,2024-05-23,Docklands,Western Bulldogs,Sydney,Sydney,Tom Papley,10,6,4,1,1,0,1
2024,12,2024-05-23,Docklands,Western Bulldogs,Sydney,Sydney,Dane Rampe,9,2,4,0,0,0,2
2024,12,2024-05-23,Docklands,Western Bulldogs,Sydney,Sydney,Matt Roberts,4,4,0,0,0,0,0
2024,12,2024-05-23,Docklands,Western Bulldogs,Sydney,Sydney,James Rowbottom,6,3,3,0,0,0,10
2024,12,2024-05-23,Docklands,Western Bulldogs,Sydney,Sydney,Chad Warner,13,6,12,4,0,0,4
2024,12,2024-05-23,Docklands,Western Bulldogs,Sydney,Sydney,Sam Wicks,3,1,6,1,0,0,2
2024,12,2024-05-24,Perth Stadium,Fremantle,Collingwood,Fremantle,James Aish,11,5,8,0,0,0,3
2024,12,2024-05-24,Perth Stadium,Fremantle,Collingwood,Fremantle,Jye Amiss,2,2,2,0,1,0,1
2024,12,2024-05-24,Perth Stadium,Fremantle,Collingwood,Fremantle,Bailey Banfield,8,6,6,3,0,0,2
2024,12,2024-05-24,Perth Stadium,Fremantle,Collingwood,Fremantle,Andrew Brayshaw,15,5,16,1,2,0,3
2024,12,2024-05-24,Perth Stadium,Fremantle,Collingwood,Fremantle,Heath Chapman,12,6,9,0,0,0,4
2024,12,2024-05-24,Perth Stadium,Fremantle,Collingwood,Fremantle,Jordan Clark,23,8,12,0,0,0,4
2024,12,2024-05-24,Perth Stadium,Fremantle,Collingwood,Fremantle,Sean Darcy,2,0,11,1,0,31,4
2024,12,2024-05-24,Perth Stadium,Fremantle,Collingwood,Fremantle,Josh Draper,6,5,1,0,0,0,2
2024,12,2024-05-24,Perth Stadium,Fremantle,Collingwood,Fremantle,Tom Emmett,7,8,4,0,1,0,1
2024,12,2024-05-24,Perth Stadium,Fremantle,Collingwood,Fremantle,Nat Fyfe,6,1,14,0,0,0,1
2024,12,2024-05-24,Perth Stadium,Fremantle,Collingwood,Fremantle,Luke Jackson,3,2,8,0,0,11,7
2024,12,2024-05-24,Perth Stadium,Fremantle,Collingwood,Fremantle,Matthew Johnson,9,4,11,0,0,0,4
2024,12,2024-05-24,Perth Stadium,Fremantle,Collingwood,Fremantle,Jaeger OMeara,11,4,8,1,1,0,4
2024,12,2024-05-24,Perth Stadium,Fremantle,Collingwood,Fremantle,Alex Pearce,7,9,8,1,0,0,1
2024,12,2024-05-24,Perth Stadium,Fremantle,Collingwood,Fremantle,Luke Ryan,28,11,3,0,0,0,5
2024,12,2024-05-24,Perth Stadium,Fremantle,Collingwood,Fremantle,Caleb Serong,12,1,13,0,1,0,11
2024,12,2024-05-24,Perth Stadium,Fremantle,Collingwood,Fremantle,Jeremy Sharp,21,5,5,1,2,0,2
2024,12,2024-05-24,Perth Stadium,Fremantle,Collingwood,Fremantle,Sam Switkowski,4,4,10,1,0,0,5
2024,12,2024-05-24,Perth Stadium,Fremantle,Collingwood,Fremantle,Josh Treacy,5,3,7,1,0,0,2
2024,12,2024-05-24,Perth Stadium,Fremantle,Collingwood,Fremantle,Corey Wagner,5,0,3,0,0,0,1
2024,12,2024-05-24,Perth Stadium,Fremantle,Collingwood,Fremantle,Brandon Walker,11,8,6,0,0,0,3
2024,12,2024-05-24,Perth Stadium,Fremantle,Collingwood,Fremantle,Michael Walters,3,1,6,0,0,0,3
2024,12,2024-05-24,Perth Stadium,Fremantle,Collingwood,Fremantle,Hayden Young,9,3,13,1,0,0,7
2024,12,2024-05-24,Perth Stadium,Fremantle,Collingwood,Collingwood,Edward Allan,3,0,4,0,0,0,2
2024,12,2024-05-24,Perth Stadium,Fremantle,Collingwood,Collingwood,Darcy Cameron,14,4,7,0,0,35,3
2024,12,2024-05-24,Perth Stadium,Fremantle,Collingwood,Collingwood,Mason Cox,2,2,2,0,0,10,2
2024,12,2024-05-24,Perth Stadium,Fremantle,Collingwood,Collingwood,Jack Crisp,9,5,9,1,1,0,10
2024,12,2024-05-24,Perth Stadium,Fremantle,Collingwood,Collingwood,Josh Daicos,16,5,10,1,1,0,2
2024,12,2024-05-24,Perth Stadium,Fremantle,Collingwood,Collingwood,Nick Daicos,21,4,14,0,2,0,7
2024,12,2024-05-24,Perth Stadium,Fremantle,Collingwood,Collingwood,Charlie Dean,5,4,3,0,0,0,1
2024,12,2024-05-24,Perth Stadium,Fremantle,Collingwood,Collingwood,Billy Frampton,8,2,1,0,1,2,0
2024,12,2024-05-24,Perth Stadium,Fremantle,Collingwood,Collingwood,Harvey Harrison,6,0,7,3,0,0,9
2024,12,2024-05-24,Perth Stadium,Fremantle,Collingwood,Collingwood,Bobby Hill,8,4,3,1,0,0,5
2024,12,2024-05-24,Perth Stadium,Fremantle,Collingwood,Collingwood,Patrick Lipinski,10,4,11,1,1,0,4
2024,12,2024-05-24,Perth Stadium,Fremantle,Collingwood,Collingwood,Brayden Maynard,13,7,5,0,0,0,1
2024,12,2024-05-24,Perth Stadium,Fremantle,Collingwood,Collingwood,Beau McCreery,11,2,3,0,0,0,4
2024,12,2024-05-24,Perth Stadium,Fremantle,Collingwood,Collingwood,Brody Mihocek,8,5,4,2,2,0,1
2024,12,2024-05-24,Perth Stadium,Fremantle,Collingwood,Collingwood,Darcy Moore,6,4,7,0,0,0,2
2024,12,2024-05-24,Perth Stadium,Fremantle,Collingwood,Collingwood,John Noble,17,6,4,0,0,0,2
2024,12,2024-05-24,Perth Stadium,Fremantle,Collingwood,Collingwood,Wil Parker,3,1,3,0,0,0,2
2024,12,2024-05-24,Perth Stadium,Fremantle,Collingwood,Collingwood,Scott Pendlebury,13,1,10,0,1,0,1
2024,12,2024-05-24,Perth Stadium,Fremantle,Collingwood,Collingwood,Isaac Quaynor,10,5,6,0,0,0,2
2024,12,2024-05-24,Perth Stadium,Fremantle,Collingwood,Collingwood,Joe Richards,13,7,9,1,0,0,3
2024,12,2024-05-24,Perth Stadium,Fremantle,Collingwood,Collingwood,Lachie Schultz,13,4,2,0,1,0,6
2024,12,2024-05-24,Perth Stadium,Fremantle,Collingwood,Collingwood,Steele Sidebottom,9,2,7,0,0,0,3
2024,12,2024-05-24,Perth Stadium,Fremantle,Collingwood,Collingwood,Lachlan Sullivan,8,1,16,0,2,0,1
2024,12,2024-05-25,Docklands,Carlton,Gold Coast,Carlton,Blake Acres,13,9,13,1,0,0,4
2024,12,2024-05-25,Docklands,Carlton,Gold Coast,Carlton,Jordan Boyd,8,4,6,0,1,0,2
2024,12,2024-05-25,Docklands,Carlton,Gold Coast,Carlton,Jack Carroll,2,1,0,0,0,0,1
2024,12,2024-05-25,Docklands,Carlton,Gold Coast,Carlton,Alex Cincotta,4,1,3,0,0,0,2
2024,12,2024-05-25,Docklands,Carlton,Gold Coast,Carlton,Lachlan Cowan,13,8,6,0,0,0,4
2024,12,2024-05-25,Docklands,Carlton,Gold Coast,Carlton,Patrick Cripps,10,2,21,1,0,0,6
2024,12,2024-05-25,Docklands,Carlton,Gold Coast,Carlton,Charlie Curnow,11,4,2,4,4,0,1
2024,12,2024-05-25,Docklands,Carlton,Gold Coast,Carlton,Tom De Koning,10,5,15,0,0,27,3
2024,12,2024-05-25,Docklands,Carlton,Gold Coast,Carlton,Orazio Fantasia,9,3,1,0,1,0,1
2024,12,2024-05-25,Docklands,Carlton,Gold Coast,Carlton,Lachie Fogarty,14,6,2,0,1,0,2
2024,12,2024-05-25,Docklands,Carlton,Gold Coast,Carlton,George Hewett,7,5,13,1,0,0,4
2024,12,2024-05-25,Docklands,Carlton,Gold Coast,Carlton,Elijah Hollands,11,6,6,1,1,0,3
2024,12,2024-05-25,Docklands,Carlton,Gold Coast,Carlton,Oliver Hollands,12,7,6,0,1,0,4
2024,12,2024-05-25,Docklands,Carlton,Gold Coast,Carlton,Brodie Kemp,14,10,5,0,0,0,3
2024,12,2024-05-25,Docklands,Carlton,Gold Coast,Carlton,Matthew Kennedy,9,4,13,1,1,4,5
2024,12,2024-05-25,Docklands,Carlton,Gold Coast,Carlton,Mitch McGovern,18,8,2,0,0,0,2
2024,12,2024-05-25,Docklands,Carlton,Gold Coast,Carlton,Harry McKay,12,8,3,1,1,5,2
2024,12,2024-05-25,Docklands,Carlton,Gold Coast,Carlton,Nic Newman,12,10,10,0,0,0,3
2024,12,2024-05-25,Docklands,Carlton,Gold Coast,Carlton,Matthew Owies,6,4,5,1,0,0,1
2024,12,2024-05-25,Docklands,Carlton,Gold Coast,Carlton,Adam Saad,11,6,5,0,0,0,1
2024,12,2024-05-25,Docklands,Carlton,Gold Coast,Carlton,Sam Walsh,16,6,16,0,0,0,4
2024,12,2024-05-25,Docklands,Carlton,Gold Coast,Carlton,Jacob Weitering,12,7,6,0,0,0,0
2024,12,2024-05-25,Docklands,Carlton,Gold Coast,Carlton,Zac Williams,12,5,3,4,0,0,0
2024,12,2024-05-25,Docklands,Carlton,Gold Coast,Gold Coast,Ben Ainsworth,9,4,3,0,0,0,2
2024,12,2024-05-25,Docklands,Carlton,Gold Coast,Gold Coast,Noah Anderson,14,2,7,0,0,0,1
2024,12,2024-05-25,Docklands,Carlton,Gold Coast,Gold Coast,Mac Andrew,13,11,4,0,0,0,3
2024,12,2024-05-25,Docklands,Carlton,Gold Coast,Gold Coast,Charlie Ballard,8,5,1,0,0,0,2
2024,12,2024-05-25,Docklands,Carlton,Gold Coast,Gold Coast,Tom Berry,5,2,6,0,0,0,5
2024,12,2024-05-25,Docklands,Carlton,Gold Coast,Gold Coast,Sam Clohesy,11,4,2,0,0,0,5
2024,12,2024-05-25,Docklands,Carlton,Gold Coast,Gold Coast,Sam Collins,7,2,2,0,0,0,1
2024,12,2024-05-25,Docklands,Carlton,Gold Coast,Gold Coast,Alex Davies,4,2,5,0,0,1,9
2024,12,2024-05-25,Docklands,Carlton,Gold Coast,Gold Coast,Nick Holman,3,0,3,2,0,0,2
2024,12,2024-05-25,Docklands,Carlton,Gold Coast,Gold Coast,Bailey Humphrey,7,2,6,1,0,0,2
2024,12,2024-05-25,Docklands,Carlton,Gold Coast,Gold Coast,Joel Jeffrey,10,0,4,0,0,0,1
2024,12,2024-05-25,Docklands,Carlton,Gold Coast,Gold Coast,Lloyd Johnston,5,4,6,1,0,0,0
2024,12,2024-05-25,Docklands,Carlton,Gold Coast,Gold Coast,Ben King,6,4,3,3,2,0,0
2024,12,2024-05-25,Docklands,Carlton,Gold Coast,Gold Coast,Ben Long,7,3,2,2,2,0,5
2024,12,2024-05-25,Docklands,Carlton,Gold Coast,Gold Coast,Jack Lukosius,10,6,0,1,2,2,1
2024,12,2024-05-25,Docklands,Carlton,Gold Coast,Gold Coast,Touk Miller,8,0,13,0,0,0,5
2024,12,2024-05-25,Docklands,Carlton,Gold Coast,Gold Coast,Jake Rogers,1,0,1,0,0,0,3
2024,12,2024-05-25,Docklands,Carlton,Gold Coast,Gold Coast,Matt Rowell,6,0,9,0,0,0,15
2024,12,2024-05-25,Docklands,Carlton,Gold Coast,Gold Coast,Alex Sexton,13,6,6,0,0,0,3
2024,12,2024-05-25,Docklands,Carlton,Gold Coast,Gold Coast,David Swallow,5,5,8,0,0,0,3
2024,12,2024-05-25,Docklands,Carlton,Gold Coast,Gold Coast,Bodhi Uwland,9,4,3,0,1,0,1
2024,12,2024-05-25,Docklands,Carlton,Gold Coast,Gold Coast,Jed Walter,1,1,0,0,0,0,0
2024,12,2024-05-25,Docklands,Carlton,Gold Coast,Gold Coast,Jarrod Witts,6,2,8,1,0,46,4
2024,12,2024-05-25,Bellerive Oval,North Melbourne,Port Adelaide,North Melbourne,Jackson Archer,2,1,4,0,0,0,2
2024,12,2024-05-25,Bellerive Oval,North Melbourne,Port Adelaide,North Melbourne,Charlie Comben,11,7,4,0,0,0,0
2024,12,2024-05-25,Bellerive Oval,North Melbourne,Port Adelaide,North Melbourne,Aidan Corr,11,7,3,0,0,0,1
2024,12,2024-05-25,Bellerive Oval,North Melbourne,Port Adelaide,North Melbourne,Paul Curtis,7,7,5,1,0,0,4
2024,12,2024-05-25,Bellerive Oval,North Melbourne,Port Adelaide,North Melbourne,Luke Davies-Uniacke,18,5,17,1,1,0,2
2024,12,2024-05-25,Bellerive Oval,North Melbourne,Port Adelaide,North Melbourne,Wil Dawson,6,4,5,0,0,0,1
2024,12,2024-05-25,Bellerive Oval,North Melbourne,Port Adelaide,North Melbourne,Zane Duursma,1,0,2,1,0,0,0
2024,12,2024-05-25,Bellerive Oval,North Melbourne,Port Adelaide,North Melbourne,Zac Fisher,24,8,8,0,0,0,0
2024,12,2024-05-25,Bellerive Oval,North Melbourne,Port Adelaide,North Melbourne,Eddie Ford,5,3,3,1,0,0,1
2024,12,2024-05-25,Bellerive Oval,North Melbourne,Port Adelaide,North Melbourne,Nick Larkey,4,3,2,0,1,1,1
2024,12,2024-05-25,Bellerive Oval,North Melbourne,Port Adelaide,North Melbourne,Charlie Lazzaro,3,1,3,0,0,0,1
2024,12,2024-05-25,Bellerive Oval,North Melbourne,Port Adelaide,North Melbourne,Luke McDonald,13,8,4,0,0,0,0
2024,12,2024-05-25,Bellerive Oval,North Melbourne,Port Adelaide,North Melbourne,Toby Pink,6,5,2,0,1,2,1
2024,12,2024-05-25,Bellerive Oval,North Melbourne,Port Adelaide,North Melbourne,Tom Powell,6,3,8,1,0,0,6
2024,12,2024-05-25,Bellerive Oval,North Melbourne,Port Adelaide,North Melbourne,Bailey Scott,5,3,3,0,0,0,2
2024,12,2024-05-25,Bellerive Oval,North Melbourne,Port Adelaide,North Melbourne,Harry Sheezel,15,5,10,1,0,0,5
2024,12,2024-05-25,Bellerive Oval,North Melbourne,Port Adelaide,North Melbourne,Liam Shiels,7,0,5,0,1,0,2
2024,12,2024-05-25,Bellerive Oval,North Melbourne,Port Adelaide,North Melbourne,Jaidyn Stephenson,8,5,4,0,0,0,2
2024,12,2024-05-25,Bellerive Oval,North Melbourne,Port Adelaide,North Melbourne,Curtis Taylor,8,5,7,0,0,0,2
2024,12,2024-05-25,Bellerive Oval,North Melbourne,Port Adelaide,North Melbourne,Darcy Tucker,22,12,7,0,0,0,4
2024,12,2024-05-25,Bellerive Oval,North Melbourne,Port Adelaide,North Melbourne,George Wardlaw,16,6,4,0,1,0,3
2024,12,2024-05-25,Bellerive Oval,North Melbourne,Port Adelaide,North Melbourne,Tristan Xerri,9,3,13,0,1,34,6
2024,12,2024-05-25,Bellerive Oval,North Melbourne,Port Adelaide,North Melbourne,Cameron Zurhaar,9,6,6,1,0,0,0
2024,12,2024-05-25,Bellerive Oval,North Melbourne,Port Adelaide,Port Adelaide,Aliir Aliir,10,7,3,0,0,0,2
2024,12,2024-05-25,Bellerive Oval,North Melbourne,Port Adelaide,Port Adelaide,Miles Bergman,3,2,4,0,0,0,1
2024,12,2024-05-25,Bellerive Oval,North Melbourne,Port Adelaide,Port Adelaide,Travis Boak,19,12,6,0,1,0,3
2024,12,2024-05-25,Bellerive Oval,North Melbourne,Port Adelaide,Port Adelaide,Jase Burgoyne,11,7,12,0,0,0,4
2024,12,2024-05-25,Bellerive Oval,North Melbourne,Port Adelaide,Port Adelaide,Ryan Burton,9,3,1,0,0,0,2
2024,12,2024-05-25,Bellerive Oval,North Melbourne,Port Adelaide,Port Adelaide,Zak Butters,7,5,12,2,0,0,4
2024,12,2024-05-25,Bellerive Oval,North Melbourne,Port Adelaide,Port Adelaide,Darcy Byrne-Jones,10,2,5,2,2,0,9
2024,12,2024-05-25,Bellerive Oval,North Melbourne,Port Adelaide,Port Adelaide,Willem Drew,10,6,6,0,0,0,7
2024,12,2024-05-25,Bellerive Oval,North Melbourne,Port Adelaide,Port Adelaide,Kane Farrell,9,6,5,1,0,0,3
2024,12,2024-05-25,Bellerive Oval,North Melbourne,Port Adelaide,Port Adelaide,Jeremy Finlayson,7,4,7,0,0,5,0
2024,12,2024-05-25,Bellerive Oval,North Melbourne,Port Adelaide,Port Adelaide,Mitch Georgiades,9,3,3,2,2,0,1
2024,12,2024-05-25,Bellerive Oval,North Melbourne,Port Adelaide,Port Adelaide,Jason Horne-Francis,16,2,8,1,0,0,1
2024,12,2024-05-25,Bellerive Oval,North Melbourne,Port Adelaide,Port Adelaide,Dan Houston,13,7,7,0,1,0,4
2024,12,2024-05-25,Bellerive Oval,North Melbourne,Port Adelaide,Port Adelaide,Lachie Jones,4,3,9,0,0,0,2
2024,12,2024-05-25,Bellerive Oval,North Melbourne,Port Adelaide,Port Adelaide,Todd Marshall,10,11,3,5,0,2,2
2024,12,2024-05-25,Bellerive Oval,North Melbourne,Port Adelaide,Port Adelaide,Jed McEntee,10,4,7,1,2,0,1
2024,12,2024-05-25,Bellerive Oval,North Melbourne,Port Adelaide,Port Adelaide,Jackson Mead,11,3,9,0,0,0,3
2024,12,2024-05-25,Bellerive Oval,North Melbourne,Port Adelaide,Port Adelaide,Esava Ratugolea,10,8,2,0,0,0,3
2024,12,2024-05-25,Bellerive Oval,North Melbourne,Port Adelaide,Port Adelaide,Willie Rioli,0,0,0,0,0,0,0
2024,12,2024-05-25,Bellerive Oval,North Melbourne,Port Adelaide,Port Adelaide,Connor Rozee,7,3,4,0,1,0,1
2024,12,2024-05-25,Bellerive Oval,North Melbourne,Port Adelaide,Port Adelaide,Jordon Sweet,3,2,5,0,1,27,4
2024,12,2024-05-25,Bellerive Oval,North Melbourne,Port Adelaide,Port Adelaide,Ollie Wines,13,5,13,2,0,0,6
2024,12,2024-05-25,Bellerive Oval,North Melbourne,Port Adelaide,Port Adelaide,Brandon Zerk-Thatcher,9,6,1,0,0,0,1
2024,12,2024-05-25,Kardinia Park,Geelong,Greater Western Sydney,Geelong,Tom Atkins,9,0,11,0,0,0,9
2024,12,2024-05-25,Kardinia Park,Geelong,Greater Western Sydney,Geelong,Mark Blicavs,7,4,15,0,0,4,4
2024,12,2024-05-25,Kardinia Park,Geelong,Greater Western Sydney,Geelong,Jack Bowes,4,0,1,0,0,0,2
2024,12,2024-05-25,Kardinia Park,Geelong,Greater Western Sydney,Geelong,Tanner Bruhn,14,3,7,1,1,0,4
2024,12,2024-05-25,Kardinia Park,Geelong,Greater Western Sydney,Geelong,Jeremy Cameron,13,5,4,1,1,0,1
2024,12,2024-05-25,Kardinia Park,Geelong,Greater Western Sydney,Geelong,Jhye Clark,8,3,7,0,0,0,4
2024,12,2024-05-25,Kardinia Park,Geelong,Greater Western Sydney,Geelong,Brad Close,6,4,8,1,2,0,3
2024,12,2024-05-25,Kardinia Park,Geelong,Greater Western Sydney,Geelong,Toby Conway,2,0,11,0,0,17,6
2024,12,2024-05-25,Kardinia Park,Geelong,Greater Western Sydney,Geelong,Sam De Koning,8,8,9,0,0,0,0
2024,12,2024-05-25,Kardinia Park,Geelong,Greater Western Sydney,Geelong,Oliver Dempsey,7,5,3,0,0,0,1
2024,12,2024-05-25,Kardinia Park,Geelong,Greater Western Sydney,Geelong,Mitch Duncan,16,4,6,0,0,0,3
2024,12,2024-05-25,Kardinia Park,Geelong,Greater Western Sydney,Geelong,Zach Guthrie,14,8,5,0,0,0,2
2024,12,2024-05-25,Kardinia Park,Geelong,Greater Western Sydney,Geelong,Tom Hawkins,8,6,4,2,1,4,0
2024,12,2024-05-25,Kardinia Park,Geelong,Greater Western Sydney,Geelong,Jack Henry,10,7,3,0,0,0,0
2024,12,2024-05-25,Kardinia Park,Geelong,Greater Western Sydney,Geelong,Oliver Henry,4,3,4,0,0,0,1
2024,12,2024-05-25,Kardinia Park,Geelong,Greater Western Sydney,Geelong,Max Holmes,20,6,12,1,0,0,2
2024,12,2024-05-25,Kardinia Park,Geelong,Greater Western Sydney,Geelong,Jake Kolodjashnij,9,5,6,1,0,0,0
2024,12,2024-05-25,Kardinia Park,Geelong,Greater Western Sydney,Geelong,Gryan Miers,10,2,6,0,0,0,5
2024,12,2024-05-25,Kardinia Park,Geelong,Greater Western Sydney,Geelong,Oisin Mullin,2,2,6,0,0,0,2
2024,12,2024-05-25,Kardinia Park,Geelong,Greater Western Sydney,Geelong,Shannon Neale,5,4,3,1,0,7,3
2024,12,2024-05-25,Kardinia Park,Geelong,Greater Western Sydney,Geelong,Tyson Stengle,11,4,5,2,2,0,4
2024,12,2024-05-25,Kardinia Park,Geelong,Greater Western Sydney,Geelong,Tom Stewart,13,8,7,0,0,0,3
2024,12,2024-05-25,Kardinia Park,Geelong,Greater Western Sydney,Geelong,Zach Tuohy,15,4,9,1,0,0,1
2024,12,2024-05-25,Kardinia Park,Geelong,Greater Western Sydney,Greater Western Sydney,Leek Aleer,10,7,5,0,0,0,2
2024,12,2024-05-25,Kardinia Park,Geelong,Greater Western Sydney,Greater Western Sydney,Ryan Angwin,9,4,8,0,0,0,9
2024,12,2024-05-25,Kardinia Park,Geelong,Greater Western Sydney,Greater Western Sydney,Toby Bedford,0,0,3,0,0,0,2
2024,12,2024-05-25,Kardinia Park,Geelong,Greater Western Sydney,Greater Western Sydney,Kieren Briggs,11,1,12,0,0,44,7
2024,12,2024-05-25,Kardinia Park,Geelong,Greater Western Sydney,Greater Western Sydney,Aaron Cadman,4,2,1,1,1,1,2
2024,12,2024-05-25,Kardinia Park,Geelong,Greater Western Sydney,Greater Western Sydney,Finn Callaghan,10,0,15,0,0,0,4
2024,12,2024-05-25,Kardinia Park,Geelong,Greater Western Sydney,Greater Western Sydney,Stephen Coniglio,7,2,5,0,0,0,2
2024,12,2024-05-25,Kardinia Park,Geelong,Greater Western Sydney,Greater Western Sydney,Brent Daniels,13,2,4,1,1,0,3
2024,12,2024-05-25,Kardinia Park,Geelong,Greater Western Sydney,Greater Western Sydney,Toby Greene,16,7,8,2,2,0,2
2024,12,2024-05-25,Kardinia Park,Geelong,Greater Western Sydney,Greater Western Sydney,Tom Green,9,0,19,0,1,0,6
2024,12,2024-05-25,Kardinia Park,Geelong,Greater Western Sydney,Greater Western Sydney,Nick Haynes,17,9,3,0,0,0,2
2024,12,2024-05-25,Kardinia Park,Geelong,Greater Western Sydney,Greater Western Sydney,Harry Himmelberg,13,11,5,0,0,0,3
2024,12,2024-05-25,Kardinia Park,Geelong,Greater Western Sydney,Greater Western Sydney,Jesse Hogan,5,5,1,2,1,0,1
2024,12,2024-05-25,Kardinia Park,Geelong,Greater Western Sydney,Greater Western Sydney,Connor Idun,7,2,12,0,0,0,2
2024,12,2024-05-25,Kardinia Park,Geelong,Greater Western Sydney,Greater Western Sydney,Toby McMullin,5,2,4,0,0,0,9
2024,12,2024-05-25,Kardinia Park,Geelong,Greater Western Sydney,Greater Western Sydney,Xavier OHalloran,8,3,2,1,2,0,2
2024,12,2024-05-25,Kardinia Park,Geelong,Greater Western Sydney,Greater Western Sydney,James Peatling,11,2,7,0,1,0,1
2024,12,2024-05-25,Kardinia Park,Geelong,Greater Western Sydney,Greater Western Sydney,Harry Perryman,10,3,7,0,0,0,7
2024,12,2024-05-25,Kardinia Park,Geelong,Greater Western Sydney,Greater Western Sydney,Jake Riccardi,10,5,1,4,1,6,2
2024,12,2024-05-25,Kardinia Park,Geelong,Greater Western Sydney,Greater Western Sydney,Sam Taylor,6,3,6,0,0,0,3
2024,12,2024-05-25,Kardinia Park,Geelong,Greater Western Sydney,Greater Western Sydney,Harvey Thomas,2,2,7,0,0,0,4
2024,12,2024-05-25,Kardinia Park,Geelong,Greater Western Sydney,Greater Western Sydney,Jacob Wehr,6,2,5,0,0,0,3
2024,12,2024-05-25,Kardinia Park,Geelong,Greater Western Sydney,Greater Western Sydney,Lachie Whitfield,19,3,8,0,0,0,2
2024,12,2024-05-25,M.C.G.,Richmond,Essendon,Richmond,Liam Baker,14,4,9,0,1,0,1
2024,12,2024-05-25,M.C.G.,Richmond,Essendon,Richmond,Noah Balta,11,7,1,0,0,0,1
2024,12,2024-05-25,M.C.G.,Richmond,Essendon,Richmond,Shai Bolton,10,6,6,2,0,0,2
2024,12,2024-05-25,M.C.G.,Richmond,Essendon,Richmond,Nathan Broad,9,6,6,0,0,0,1
2024,12,2024-05-25,M.C.G.,Richmond,Essendon,Richmond,Tom Brown,6,2,6,0,0,0,1
2024,12,2024-05-25,M.C.G.,Richmond,Essendon,Richmond,Seth Campbell,5,4,9,0,1,0,2
2024,12,2024-05-25,M.C.G.,Richmond,Essendon,Richmond,Noah Cumberland,6,2,5,0,2,0,3
2024,12,2024-05-25,M.C.G.,Richmond,Essendon,Richmond,Thomson Dow,9,1,12,0,0,0,3
2024,12,2024-05-25,M.C.G.,Richmond,Essendon,Richmond,Steely Green,5,4,1,0,0,0,0
2024,12,2024-05-25,M.C.G.,Richmond,Essendon,Richmond,Mykelti Lefau,2,2,3,2,0,0,2
2024,12,2024-05-25,M.C.G.,Richmond,Essendon,Richmond,Dustin Martin,13,5,10,3,2,0,0
2024,12,2024-05-25,M.C.G.,Richmond,Essendon,Richmond,Kane McAuliffe,6,2,10,0,0,0,5
2024,12,2024-05-25,M.C.G.,Richmond,Essendon,Richmond,Kamdyn McIntosh,10,5,7,1,1,0,3
2024,12,2024-05-25,M.C.G.,Richmond,Essendon,Richmond,Ben Miller,7,4,0,0,0,0,1
2024,12,2024-05-25,M.C.G.,Richmond,Essendon,Richmond,Toby Nankervis,9,1,8,0,0,44,2
2024,12,2024-05-25,M.C.G.,Richmond,Essendon,Richmond,Marlion Pickett,8,4,10,1,3,0,2
2024,12,2024-05-25,M.C.G.,Richmond,Essendon,Richmond,Dion Prestia,12,2,15,0,0,0,1
2024,12,2024-05-25,M.C.G.,Richmond,Essendon,Richmond,Hugo Ralphsmith,12,4,5,1,0,0,2
2024,12,2024-05-25,M.C.G.,Richmond,Essendon,Richmond,Daniel Rioli,14,2,10,0,0,0,1
2024,12,2024-05-25,M.C.G.,Richmond,Essendon,Richmond,Samson Ryan,1,2,4,0,0,6,1
2024,12,2024-05-25,M.C.G.,Richmond,Essendon,Richmond,Jayden Short,18,3,1,0,0,0,1
2024,12,2024-05-25,M.C.G.,Richmond,Essendon,Richmond,Tyler Sonsie,5,2,7,0,1,0,0
2024,12,2024-05-25,M.C.G.,Richmond,Essendon,Richmond,Nick Vlastuin,11,3,6,0,0,0,2
2024,12,2024-05-25,M.C.G.,Richmond,Essendon,Essendon,Nate Caddy,6,2,4,0,2,0,3
2024,12,2024-05-25,M.C.G.,Richmond,Essendon,Essendon,Jye Caldwell,8,4,10,0,0,0,5
2024,12,2024-05-25,M.C.G.,Richmond,Essendon,Essendon,Nik Cox,1,0,4,0,0,0,0
2024,12,2024-05-25,M.C.G.,Richmond,Essendon,Essendon,Alwyn Davey,4,1,4,1,0,0,1
2024,12,2024-05-25,M.C.G.,Richmond,Essendon,Essendon,Sam Durham,14,4,11,0,1,0,3
2024,12,2024-05-25,M.C.G.,Richmond,Essendon,Essendon,Todd Goldstein,4,4,9,0,0,16,2
2024,12,2024-05-25,M.C.G.,Richmond,Essendon,Essendon,Jade Gresham,11,2,4,0,2,0,1
2024,12,2024-05-25,M.C.G.,Richmond,Essendon,Essendon,Matt Guelfi,4,4,5,0,1,0,3
2024,12,2024-05-25,M.C.G.,Richmond,Essendon,Essendon,Dyson Heppell,8,5,18,0,0,0,2
2024,12,2024-05-25,M.C.G.,Richmond,Essendon,Essendon,Nick Hind,19,5,6,2,0,0,3
2024,12,2024-05-25,M.C.G.,Richmond,Essendon,Essendon,Jake Kelly,6,5,3,0,0,0,1
2024,12,2024-05-25,M.C.G.,Richmond,Essendon,Essendon,Kyle Langford,11,9,5,3,1,0,5
2024,12,2024-05-25,M.C.G.,Richmond,Essendon,Essendon,Jayden Laverde,10,4,11,0,0,0,2
2024,12,2024-05-25,M.C.G.,Richmond,Essendon,Essendon,Nic Martin,20,6,9,0,1,0,1
2024,12,2024-05-25,M.C.G.,Richmond,Essendon,Essendon,Andrew McGrath,11,3,8,0,0,0,2
2024,12,2024-05-25,M.C.G.,Richmond,Essendon,Essendon,Ben McKay,5,4,3,0,0,0,1
2024,12,2024-05-25,M.C.G.,Richmond,Essendon,Essendon,Zach Merrett,22,5,9,1,1,0,2
2024,12,2024-05-25,M.C.G.,Richmond,Essendon,Essendon,Archie Perkins,7,4,5,0,0,0,2
2024,12,2024-05-25,M.C.G.,Richmond,Essendon,Essendon,Mason Redman,18,8,6,0,0,0,2
2024,12,2024-05-25,M.C.G.,Richmond,Essendon,Essendon,Jordan Ridley,24,12,7,1,0,0,1
2024,12,2024-05-25,M.C.G.,Richmond,Essendon,Essendon,Jake Stringer,9,2,2,4,0,0,2
2024,12,2024-05-25,M.C.G.,Richmond,Essendon,Essendon,Elijah Tsatas,7,6,9,0,0,0,1
2024,12,2024-05-25,M.C.G.,Richmond,Essendon,Essendon,Peter Wright,8,3,11,0,1,8,4
2024,12,2024-05-26,Docklands,Hawthorn,Brisbane Lions,Hawthorn,Karl Amon,21,11,8,0,0,0,4
2024,12,2024-05-26,Docklands,Hawthorn,Brisbane Lions,Hawthorn,Luke Breust,4,0,1,1,1,0,1
2024,12,2024-05-26,Docklands,Hawthorn,Brisbane Lions,Hawthorn,Mabior Chol,7,4,2,3,0,0,6
2024,12,2024-05-26,Docklands,Hawthorn,Brisbane Lions,Hawthorn,Massimo DAmbrosio,17,3,10,0,1,0,4
2024,12,2024-05-26,Docklands,Hawthorn,Brisbane Lions,Hawthorn,Will Day,8,5,18,1,0,0,6
2024,12,2024-05-26,Docklands,Hawthorn,Brisbane Lions,Hawthorn,Calsher Dear,3,3,2,2,0,0,1
2024,12,2024-05-26,Docklands,Hawthorn,Brisbane Lions,Hawthorn,Sam Frost,5,4,2,0,0,0,0
2024,12,2024-05-26,Docklands,Hawthorn,Brisbane Lions,Hawthorn,Jack Ginnivan,12,4,11,1,0,0,1
2024,12,2024-05-26,Docklands,Hawthorn,Brisbane Lions,Hawthorn,Jack Gunston,9,7,2,4,1,0,3
2024,12,2024-05-26,Docklands,Hawthorn,Brisbane Lions,Hawthorn,Blake Hardwick,3,2,5,0,0,0,1
2024,12,2024-05-26,Docklands,Hawthorn,Brisbane Lions,Hawthorn,Jarman Impey,11,6,7,0,1,0,3
2024,12,2024-05-26,Docklands,Hawthorn,Brisbane Lions,Hawthorn,Changkuoth Jiath,4,1,5,0,0,0,2
2024,12,2024-05-26,Docklands,Hawthorn,Brisbane Lions,Hawthorn,Connor Macdonald,9,4,8,1,2,0,4
2024,12,2024-05-26,Docklands,Hawthorn,Brisbane Lions,Hawthorn,Cam Mackenzie,12,3,4,1,1,0,1
2024,12,2024-05-26,Docklands,Hawthorn,Brisbane Lions,Hawthorn,Lloyd Meek,4,1,8,0,0,40,3
2024,12,2024-05-26,Docklands,Hawthorn,Brisbane Lions,Hawthorn,Seamus Mitchell,0,0,4,0,0,0,0
2024,12,2024-05-26,Docklands,Hawthorn,Brisbane Lions,Hawthorn,Dylan Moore,6,4,10,1,0,0,4
2024,12,2024-05-26,Docklands,Hawthorn,Brisbane Lions,Hawthorn,Conor Nash,8,3,6,0,0,3,3
2024,12,2024-05-26,Docklands,Hawthorn,Brisbane Lions,Hawthorn,Jai Newcombe,11,4,12,0,0,0,6
2024,12,2024-05-26,Docklands,Hawthorn,Brisbane Lions,Hawthorn,Jack Scrimshaw,8,2,3,0,0,0,2
2024,12,2024-05-26,Docklands,Hawthorn,Brisbane Lions,Hawthorn,James Sicily,16,8,10,0,0,0,1
2024,12,2024-05-26,Docklands,Hawthorn,Brisbane Lions,Hawthorn,Josh Weddle,6,1,7,0,1,0,4
2024,12,2024-05-26,Docklands,Hawthorn,Brisbane Lions,Hawthorn,James Worpel,16,2,12,0,0,0,0
2024,12,2024-05-26,Docklands,Hawthorn,Brisbane Lions,Brisbane Lions,Callum Ah Chee,6,4,4,0,1,0,3
2024,12,2024-05-26,Docklands,Hawthorn,Brisbane Lions,Brisbane Lions,Harris Andrews,9,7,3,0,0,0,1
2024,12,2024-05-26,Docklands,Hawthorn,Brisbane Lions,Brisbane Lions,Noah Answerth,8,3,4,0,0,0,3
2024,12,2024-05-26,Docklands,Hawthorn,Brisbane Lions,Brisbane Lions,Zac Bailey,9,4,3,2,1,0,1
2024,12,2024-05-26,Docklands,Hawthorn,Brisbane Lions,Brisbane Lions,Jarrod Berry,10,7,11,0,0,0,8
2024,12,2024-05-26,Docklands,Hawthorn,Brisbane Lions,Brisbane Lions,Charlie Cameron,11,5,1,1,3,0,4
2024,12,2024-05-26,Docklands,Hawthorn,Brisbane Lions,Brisbane Lions,Joe Daniher,10,3,4,2,1,1,2
2024,12,2024-05-26,Docklands,Hawthorn,Brisbane Lions,Brisbane Lions,Josh Dunkley,10,5,15,0,0,0,5
2024,12,2024-05-26,Docklands,Hawthorn,Brisbane Lions,Brisbane Lions,Jaspa Fletcher,7,4,6,0,0,0,2
2024,12,2024-05-26,Docklands,Hawthorn,Brisbane Lions,Brisbane Lions,Ryan Lester,13,8,3,0,0,0,1
2024,12,2024-05-26,Docklands,Hawthorn,Brisbane Lions,Brisbane Lions,Kai Lohmann,10,8,8,2,3,0,4
2024,12,2024-05-26,Docklands,Hawthorn,Brisbane Lions,Brisbane Lions,Hugh McCluggage,13,5,7,0,1,0,3
2024,12,2024-05-26,Docklands,Hawthorn,Brisbane Lions,Brisbane Lions,Oscar McInerney,7,2,9,0,0,41,4
2024,12,2024-05-26,Docklands,Hawthorn,Brisbane Lions,Brisbane Lions,Conor McKenna,14,4,2,0,1,0,1
2024,12,2024-05-26,Docklands,Hawthorn,Brisbane Lions,Brisbane Lions,Logan Morris,7,6,2,2,0,0,2
2024,12,2024-05-26,Docklands,Hawthorn,Brisbane Lions,Brisbane Lions,Lachie Neale,18,3,11,0,0,0,3
2024,12,2024-05-26,Docklands,Hawthorn,Brisbane Lions,Brisbane Lions,Jack Payne,11,7,4,0,0,0,1
2024,12,2024-05-26,Docklands,Hawthorn,Brisbane Lions,Brisbane Lions,Cam Rayner,3,3,4,0,0,0,4
2024,12,2024-05-26,Docklands,Hawthorn,Brisbane Lions,Brisbane Lions,Bruce Reville,8,6,2,0,1,0,2
2024,12,2024-05-26,Docklands,Hawthorn,Brisbane Lions,Brisbane Lions,Brandon Ryan,2,1,0,1,0,0,1
2024,12,2024-05-26,Docklands,Hawthorn,Brisbane Lions,Brisbane Lions,Harry Sharp,2,0,0,0,0,0,0
2024,12,2024-05-26,Docklands,Hawthorn,Brisbane Lions,Brisbane Lions,Darcy Wilmot,12,4,6,0,0,0,3
2024,12,2024-05-26,Docklands,Hawthorn,Brisbane Lions,Brisbane Lions,Dayne Zorko,16,7,3,0,1,0,4
2024,12,2024-05-26,M.C.G.,Melbourne,St Kilda,Melbourne,Jake Bowey,13,6,6,0,0,0,1
2024,12,2024-05-26,M.C.G.,Melbourne,St Kilda,Melbourne,Kade Chandler,11,3,7,1,0,0,4
2024,12,2024-05-26,M.C.G.,Melbourne,St Kilda,Melbourne,Bayley Fritsch,4,2,4,2,1,0,0
2024,12,2024-05-26,M.C.G.,Melbourne,St Kilda,Melbourne,Max Gawn,17,7,10,1,0,34,3
2024,12,2024-05-26,M.C.G.,Melbourne,St Kilda,Melbourne,Lachie Hunter,14,6,6,1,0,0,0
2024,12,2024-05-26,M.C.G.,Melbourne,St Kilda,Melbourne,Ed Langdon,11,9,6,0,3,0,0
2024,12,2024-05-26,M.C.G.,Melbourne,St Kilda,Melbourne,Steven May,22,6,3,1,0,0,1
2024,12,2024-05-26,M.C.G.,Melbourne,St Kilda,Melbourne,Shane McAdam,1,2,3,0,1,0,6
2024,12,2024-05-26,M.C.G.,Melbourne,St Kilda,Melbourne,Tom McDonald,14,9,2,0,0,0,2
2024,12,2024-05-26,M.C.G.,Melbourne,St Kilda,Melbourne,Judd McVee,7,5,7,0,0,0,0
2024,12,2024-05-26,M.C.G.,Melbourne,St Kilda,Melbourne,Alex Neal-Bullen,13,5,14,0,0,0,2
2024,12,2024-05-26,M.C.G.,Melbourne,St Kilda,Melbourne,Clayton Oliver,8,5,16,0,0,0,5
2024,12,2024-05-26,M.C.G.,Melbourne,St Kilda,Melbourne,Christian Petracca,11,4,13,2,0,0,1
2024,12,2024-05-26,M.C.G.,Melbourne,St Kilda,Melbourne,Harry Petty,2,1,1,0,0,0,1
2024,12,2024-05-26,M.C.G.,Melbourne,St Kilda,Melbourne,Kysaiah Pickett,14,3,3,1,3,0,4
2024,12,2024-05-26,M.C.G.,Melbourne,St Kilda,Melbourne,Trent Rivers,15,6,4,0,1,0,0
2024,12,2024-05-26,M.C.G.,Melbourne,St Kilda,Melbourne,Christian Salem,24,14,8,0,1,0,1
2024,12,2024-05-26,M.C.G.,Melbourne,St Kilda,Melbourne,Tom Sparrow,10,7,5,0,1,0,5
2024,12,2024-05-26,M.C.G.,Melbourne,St Kilda,Melbourne,Adam Tomlinson,16,7,9,0,0,0,1
2024,12,2024-05-26,M.C.G.,Melbourne,St Kilda,Melbourne,Jacob van Rooyen,8,5,2,3,2,4,1
2024,12,2024-05-26,M.C.G.,Melbourne,St Kilda,Melbourne,Jack Viney,11,7,7,2,0,0,6
2024,12,2024-05-26,M.C.G.,Melbourne,St Kilda,Melbourne,Caleb Windsor,7,3,1,0,0,0,0
2024,12,2024-05-26,M.C.G.,Melbourne,St Kilda,Melbourne,Taj Woewodin,2,2,0,0,1,0,0
2024,12,2024-05-26,M.C.G.,Melbourne,St Kilda,St Kilda,Josh Battle,6,4,2,0,0,0,1
2024,12,2024-05-26,M.C.G.,Melbourne,St Kilda,St Kilda,Riley Bonner,15,2,5,0,0,0,1
2024,12,2024-05-26,M.C.G.,Melbourne,St Kilda,St Kilda,Anthony Caminiti,4,2,4,0,1,4,1
2024,12,2024-05-26,M.C.G.,Melbourne,St Kilda,St Kilda,Lance Collard,2,1,1,0,0,0,0
2024,12,2024-05-26,M.C.G.,Melbourne,St Kilda,St Kilda,Paddy Dow,9,4,12,0,0,0,4
2024,12,2024-05-26,M.C.G.,Melbourne,St Kilda,St Kilda,Liam Henry,9,2,7,0,0,0,5
2024,12,2024-05-26,M.C.G.,Melbourne,St Kilda,St Kilda,Jack Higgins,9,6,9,2,1,0,2
2024,12,2024-05-26,M.C.G.,Melbourne,St Kilda,St Kilda,Bradley Hill,8,1,11,0,0,0,1
2024,12,2024-05-26,M.C.G.,Melbourne,St Kilda,St Kilda,Dougal Howard,3,3,2,0,0,0,0
2024,12,2024-05-26,M.C.G.,Melbourne,St Kilda,St Kilda,Max King,8,5,6,3,0,0,0
2024,12,2024-05-26,M.C.G.,Melbourne,St Kilda,St Kilda,Rowan Marshall,6,4,7,0,0,16,5
2024,12,2024-05-26,M.C.G.,Melbourne,St Kilda,St Kilda,Mitch Owens,5,3,13,1,0,0,0
2024,12,2024-05-26,M.C.G.,Melbourne,St Kilda,St Kilda,Sebastian Ross,11,1,5,0,1,0,0
2024,12,2024-05-26,M.C.G.,Melbourne,St Kilda,St Kilda,Cooper Sharman,1,1,0,0,1,0,0
2024,12,2024-05-26,M.C.G.,Melbourne,St Kilda,St Kilda,Jack Sinclair,15,0,15,1,0,0,4
2024,12,2024-05-26,M.C.G.,Melbourne,St Kilda,St Kilda,Jack Steele,15,10,18,1,0,0,2
2024,12,2024-05-26,M.C.G.,Melbourne,St Kilda,St Kilda,Liam Stocker,6,2,1,0,0,0,2
2024,12,2024-05-26,M.C.G.,Melbourne,St Kilda,St Kilda,Nasiah Wanganeen-Milera,22,4,8,0,1,0,3
2024,12,2024-05-26,M.C.G.,Melbourne,St Kilda,St Kilda,Jimmy Webster,9,5,6,0,0,0,2
2024,12,2024-05-26,M.C.G.,Melbourne,St Kilda,St Kilda,Callum Wilkie,7,4,3,0,0,0,0
2024,12,2024-05-26,M.C.G.,Melbourne,St Kilda,St Kilda,Darcy Wilson,10,4,8,1,0,0,4
2024,12,2024-05-26,M.C.G.,Melbourne,St Kilda,St Kilda,Marcus Windhager,4,1,12,0,0,0,1
2024,12,2024-05-26,M.C.G.,Melbourne,St Kilda,St Kilda,Mason Wood,16,3,11,0,0,0,3
2024,12,2024-05-26,Adelaide Oval,Adelaide,West Coast,Adelaide,Sam Berry,8,5,4,0,0,0,5
2024,12,2024-05-26,Adelaide Oval,Adelaide,West Coast,Adelaide,James Borlase,9,7,1,0,0,0,1
2024,12,2024-05-26,Adelaide Oval,Adelaide,West Coast,Adelaide,Chris Burgess,5,4,4,1,1,4,2
2024,12,2024-05-26,Adelaide Oval,Adelaide,West Coast,Adelaide,Jordon Butts,8,6,0,0,0,0,1
2024,12,2024-05-26,Adelaide Oval,Adelaide,West Coast,Adelaide,Brayden Cook,6,4,3,2,0,0,0
2024,12,2024-05-26,Adelaide Oval,Adelaide,West Coast,Adelaide,Matt Crouch,8,8,22,0,1,0,1
2024,12,2024-05-26,Adelaide Oval,Adelaide,West Coast,Adelaide,Jordan Dawson,23,9,9,2,1,0,1
2024,12,2024-05-26,Adelaide Oval,Adelaide,West Coast,Adelaide,Darcy Fogarty,17,8,3,2,0,0,0
2024,12,2024-05-26,Adelaide Oval,Adelaide,West Coast,Adelaide,Mitch Hinge,17,9,7,0,0,0,0
2024,12,2024-05-26,Adelaide Oval,Adelaide,West Coast,Adelaide,Chayce Jones,14,5,5,3,0,0,4
2024,12,2024-05-26,Adelaide Oval,Adelaide,West Coast,Adelaide,Mark Keane,17,8,3,0,0,0,3
2024,12,2024-05-26,Adelaide Oval,Adelaide,West Coast,Adelaide,Ben Keays,8,6,12,2,1,0,3
2024,12,2024-05-26,Adelaide Oval,Adelaide,West Coast,Adelaide,Rory Laird,17,4,14,0,0,0,4
2024,12,2024-05-26,Adelaide Oval,Adelaide,West Coast,Adelaide,Max Michalanney,13,9,5,0,0,0,2
2024,12,2024-05-26,Adelaide Oval,Adelaide,West Coast,Adelaide,Lachlan Murphy,5,3,11,1,0,0,5
2024,12,2024-05-26,Adelaide Oval,Adelaide,West Coast,Adelaide,Luke Nankervis,10,4,5,0,0,0,1
2024,12,2024-05-26,Adelaide Oval,Adelaide,West Coast,Adelaide,Reilly OBrien,8,3,1,1,1,41,1
2024,12,2024-05-26,Adelaide Oval,Adelaide,West Coast,Adelaide,Josh Rachele,10,3,3,2,1,0,3
2024,12,2024-05-26,Adelaide Oval,Adelaide,West Coast,Adelaide,Harry Schoenberg,6,7,9,1,0,0,1
2024,12,2024-05-26,Adelaide Oval,Adelaide,West Coast,Adelaide,Lachlan Sholl,22,9,12,1,0,0,1
2024,12,2024-05-26,Adelaide Oval,Adelaide,West Coast,Adelaide,Brodie Smith,8,5,7,0,0,0,1
2024,12,2024-05-26,Adelaide Oval,Adelaide,West Coast,Adelaide,Jake Soligo,5,1,9,1,0,0,0
2024,12,2024-05-26,Adelaide Oval,Adelaide,West Coast,Adelaide,Taylor Walker,12,7,4,2,2,0,0
2024,12,2024-05-26,Adelaide Oval,Adelaide,West Coast,West Coast,Tom Barrass,8,7,3,0,0,1,1
2024,12,2024-05-26,Adelaide Oval,Adelaide,West Coast,West Coast,Campbell Chesser,8,2,7,0,0,0,3
2024,12,2024-05-26,Adelaide Oval,Adelaide,West Coast,West Coast,Tom Cole,12,5,5,0,0,0,1
2024,12,2024-05-26,Adelaide Oval,Adelaide,West Coast,West Coast,Jamie Cripps,5,3,3,1,1,0,1
2024,12,2024-05-26,Adelaide Oval,Adelaide,West Coast,West Coast,Jack Darling,8,4,2,1,0,0,1
2024,12,2024-05-26,Adelaide Oval,Adelaide,West Coast,West Coast,Tyrell Dewar,2,1,0,0,0,0,0
2024,12,2024-05-26,Adelaide Oval,Adelaide,West Coast,West Coast,Liam Duggan,14,8,6,0,0,0,3
2024,12,2024-05-26,Adelaide Oval,Adelaide,West Coast,West Coast,Reuben Ginbey,7,4,5,0,0,0,4
2024,12,2024-05-26,Adelaide Oval,Adelaide,West Coast,West Coast,Brady Hough,8,5,1,0,1,0,2
2024,12,2024-05-26,Adelaide Oval,Adelaide,West Coast,West Coast,Jayden Hunt,9,4,2,0,0,0,0
2024,12,2024-05-26,Adelaide Oval,Adelaide,West Coast,West Coast,Jamaine Jones,11,3,5,0,1,0,5
2024,12,2024-05-26,Adelaide Oval,Adelaide,West Coast,West Coast,Tim Kelly,11,3,12,0,0,0,5
2024,12,2024-05-26,Adelaide Oval,Adelaide,West Coast,West Coast,Ryan Maric,6,5,2,0,2,0,0
2024,12,2024-05-26,Adelaide Oval,Adelaide,West Coast,West Coast,Jeremy McGovern,20,7,5,0,0,0,0
2024,12,2024-05-26,Adelaide Oval,Adelaide,West Coast,West Coast,Harley Reid,8,1,7,1,0,0,3
2024,12,2024-05-26,Adelaide Oval,Adelaide,West Coast,West Coast,Josh Rotham,4,3,0,0,0,0,0
2024,12,2024-05-26,Adelaide Oval,Adelaide,West Coast,West Coast,Liam Ryan,8,3,5,0,1,0,4
2024,12,2024-05-26,Adelaide Oval,Adelaide,West Coast,West Coast,Dom Sheed,3,0,3,0,0,0,0
2024,12,2024-05-26,Adelaide Oval,Adelaide,West Coast,West Coast,Jake Waterman,4,2,1,1,1,0,2
2024,12,2024-05-26,Adelaide Oval,Adelaide,West Coast,West Coast,Bailey Williams,4,0,2,0,0,15,2
2024,12,2024-05-26,Adelaide Oval,Adelaide,West Coast,West Coast,Jack Williams,3,3,4,1,0,7,2
2024,12,2024-05-26,Adelaide Oval,Adelaide,West Coast,West Coast,Alex Witherden,3,1,3,0,0,0,0
2024,12,2024-05-26,Adelaide Oval,Adelaide,West Coast,West Coast,Elliot Yeo,12,4,3,0,0,0,5
2024,13,2024-05-30,Adelaide Oval,Port Adelaide,Carlton,Port Adelaide,Aliir Aliir,14,9,4,0,0,0,3
2024,13,2024-05-30,Adelaide Oval,Port Adelaide,Carlton,Port Adelaide,Miles Bergman,11,6,7,0,1,0,4
2024,13,2024-05-30,Adelaide Oval,Port Adelaide,Carlton,Port Adelaide,Travis Boak,10,7,7,0,1,0,1
2024,13,2024-05-30,Adelaide Oval,Port Adelaide,Carlton,Port Adelaide,Jase Burgoyne,12,1,3,1,0,0,0
2024,13,2024-05-30,Adelaide Oval,Port Adelaide,Carlton,Port Adelaide,Ryan Burton,8,3,5,0,0,0,1
2024,13,2024-05-30,Adelaide Oval,Port Adelaide,Carlton,Port Adelaide,Zak Butters,6,1,18,0,1,0,4
2024,13,2024-05-30,Adelaide Oval,Port Adelaide,Carlton,Port Adelaide,Darcy Byrne-Jones,5,2,2,0,0,0,3
2024,13,2024-05-30,Adelaide Oval,Port Adelaide,Carlton,Port Adelaide,Charlie Dixon,0,0,1,0,0,5,2
2024,13,2024-05-30,Adelaide Oval,Port Adelaide,Carlton,Port Adelaide,Willem Drew,11,4,10,0,0,0,5
2024,13,2024-05-30,Adelaide Oval,Port Adelaide,Carlton,Port Adelaide,Francis Evans,7,1,3,0,2,0,3
2024,13,2024-05-30,Adelaide Oval,Port Adelaide,Carlton,Port Adelaide,Kane Farrell,12,4,6,0,0,0,0
2024,13,2024-05-30,Adelaide Oval,Port Adelaide,Carlton,Port Adelaide,Jeremy Finlayson,3,3,2,1,1,1,1
2024,13,2024-05-30,Adelaide Oval,Port Adelaide,Carlton,Port Adelaide,Mitch Georgiades,9,9,6,4,1,0,2
2024,13,2024-05-30,Adelaide Oval,Port Adelaide,Carlton,Port Adelaide,Jason Horne-Francis,16,4,6,1,2,0,6
2024,13,2024-05-30,Adelaide Oval,Port Adelaide,Carlton,Port Adelaide,Dan Houston,15,5,7,0,0,0,3
2024,13,2024-05-30,Adelaide Oval,Port Adelaide,Carlton,Port Adelaide,Lachie Jones,6,2,4,0,0,0,1
2024,13,2024-05-30,Adelaide Oval,Port Adelaide,Carlton,Port Adelaide,Todd Marshall,5,4,1,1,0,1,2
2024,13,2024-05-30,Adelaide Oval,Port Adelaide,Carlton,Port Adelaide,Jed McEntee,4,1,2,1,0,0,2
2024,13,2024-05-30,Adelaide Oval,Port Adelaide,Carlton,Port Adelaide,Jackson Mead,9,2,14,0,0,0,4
2024,13,2024-05-30,Adelaide Oval,Port Adelaide,Carlton,Port Adelaide,Esava Ratugolea,6,5,4,0,0,0,2
2024,13,2024-05-30,Adelaide Oval,Port Adelaide,Carlton,Port Adelaide,Ivan Soldo,10,4,3,1,1,31,4
2024,13,2024-05-30,Adelaide Oval,Port Adelaide,Carlton,Port Adelaide,Ollie Wines,11,4,15,0,0,1,4
2024,13,2024-05-30,Adelaide Oval,Port Adelaide,Carlton,Port Adelaide,Brandon Zerk-Thatcher,8,6,2,0,0,0,3
2024,13,2024-05-30,Adelaide Oval,Port Adelaide,Carlton,Carlton,Blake Acres,12,8,8,1,0,0,2
2024,13,2024-05-30,Adelaide Oval,Port Adelaide,Carlton,Carlton,Jordan Boyd,13,4,0,0,0,0,4
2024,13,2024-05-30,Adelaide Oval,Port Adelaide,Carlton,Carlton,Jack Carroll,0,0,1,0,0,0,2
2024,13,2024-05-30,Adelaide Oval,Port Adelaide,Carlton,Carlton,Alex Cincotta,5,2,8,1,0,0,2
2024,13,2024-05-30,Adelaide Oval,Port Adelaide,Carlton,Carlton,Lachlan Cowan,4,2,3,0,0,0,4
2024,13,2024-05-30,Adelaide Oval,Port Adelaide,Carlton,Carlton,Patrick Cripps,11,2,11,2,0,1,5
2024,13,2024-05-30,Adelaide Oval,Port Adelaide,Carlton,Carlton,Charlie Curnow,8,7,1,3,1,0,2
2024,13,2024-05-30,Adelaide Oval,Port Adelaide,Carlton,Carlton,Tom De Koning,12,4,6,1,1,28,6
2024,13,2024-05-30,Adelaide Oval,Port Adelaide,Carlton,Carlton,Orazio Fantasia,5,2,5,0,1,0,2
2024,13,2024-05-30,Adelaide Oval,Port Adelaide,Carlton,Carlton,Lachie Fogarty,6,1,7,0,0,0,3
2024,13,2024-05-30,Adelaide Oval,Port Adelaide,Carlton,Carlton,George Hewett,8,3,10,0,0,0,3
2024,13,2024-05-30,Adelaide Oval,Port Adelaide,Carlton,Carlton,Elijah Hollands,13,4,5,0,1,0,4
2024,13,2024-05-30,Adelaide Oval,Port Adelaide,Carlton,Carlton,Oliver Hollands,6,3,5,0,0,0,8
2024,13,2024-05-30,Adelaide Oval,Port Adelaide,Carlton,Carlton,Brodie Kemp,6,2,4,1,0,0,3
2024,13,2024-05-30,Adelaide Oval,Port Adelaide,Carlton,Carlton,Matthew Kennedy,8,1,6,0,0,0,0
2024,13,2024-05-30,Adelaide Oval,Port Adelaide,Carlton,Carlton,Mitch McGovern,9,2,0,1,0,0,0
2024,13,2024-05-30,Adelaide Oval,Port Adelaide,Carlton,Carlton,Harry McKay,14,6,3,3,1,3,1
2024,13,2024-05-30,Adelaide Oval,Port Adelaide,Carlton,Carlton,Nic Newman,17,8,12,0,0,0,3
2024,13,2024-05-30,Adelaide Oval,Port Adelaide,Carlton,Carlton,Matthew Owies,9,2,1,0,1,0,2
2024,13,2024-05-30,Adelaide Oval,Port Adelaide,Carlton,Carlton,Adam Saad,13,4,4,0,1,0,3
2024,13,2024-05-30,Adelaide Oval,Port Adelaide,Carlton,Carlton,Sam Walsh,17,1,17,0,0,0,13
2024,13,2024-05-30,Adelaide Oval,Port Adelaide,Carlton,Carlton,Jacob Weitering,8,5,3,0,0,1,1
2024,13,2024-05-30,Adelaide Oval,Port Adelaide,Carlton,Carlton,Zac Williams,9,5,3,3,2,0,2
2024,13,2024-05-31,Docklands,Collingwood,Western Bulldogs,Collingwood,Jack Bytel,7,5,2,0,0,0,4
2024,13,2024-05-31,Docklands,Collingwood,Western Bulldogs,Collingwood,Darcy Cameron,11,6,5,0,0,51,2
2024,13,2024-05-31,Docklands,Collingwood,Western Bulldogs,Collingwood,Jack Crisp,16,6,8,1,2,0,10
2024,13,2024-05-31,Docklands,Collingwood,Western Bulldogs,Collingwood,Josh Daicos,10,2,13,2,0,0,4
2024,13,2024-05-31,Docklands,Collingwood,Western Bulldogs,Collingwood,Nick Daicos,20,3,12,2,1,0,2
2024,13,2024-05-31,Docklands,Collingwood,Western Bulldogs,Collingwood,Charlie Dean,9,7,5,0,0,0,3
2024,13,2024-05-31,Docklands,Collingwood,Western Bulldogs,Collingwood,Billy Frampton,4,3,3,0,1,8,1
2024,13,2024-05-31,Docklands,Collingwood,Western Bulldogs,Collingwood,Harvey Harrison,3,1,7,0,0,0,2
2024,13,2024-05-31,Docklands,Collingwood,Western Bulldogs,Collingwood,Bobby Hill,11,5,2,1,2,0,2
2024,13,2024-05-31,Docklands,Collingwood,Western Bulldogs,Collingwood,Jeremy Howe,14,6,3,0,0,0,2
2024,13,2024-05-31,Docklands,Collingwood,Western Bulldogs,Collingwood,Ash Johnson,3,3,1,0,0,0,3
2024,13,2024-05-31,Docklands,Collingwood,Western Bulldogs,Collingwood,Patrick Lipinski,6,1,12,1,1,0,6
2024,13,2024-05-31,Docklands,Collingwood,Western Bulldogs,Collingwood,Finlay Macrae,5,0,6,0,0,0,4
2024,13,2024-05-31,Docklands,Collingwood,Western Bulldogs,Collingwood,Oleg Markov,6,1,4,1,0,0,2
2024,13,2024-05-31,Docklands,Collingwood,Western Bulldogs,Collingwood,Brayden Maynard,17,5,2,1,0,0,3
2024,13,2024-05-31,Docklands,Collingwood,Western Bulldogs,Collingwood,Beau McCreery,5,1,3,0,1,0,14
2024,13,2024-05-31,Docklands,Collingwood,Western Bulldogs,Collingwood,Darcy Moore,7,4,7,0,0,0,2
2024,13,2024-05-31,Docklands,Collingwood,Western Bulldogs,Collingwood,John Noble,11,4,7,0,0,0,1
2024,13,2024-05-31,Docklands,Collingwood,Western Bulldogs,Collingwood,Wil Parker,0,0,0,0,0,0,2
2024,13,2024-05-31,Docklands,Collingwood,Western Bulldogs,Collingwood,Isaac Quaynor,7,3,3,0,0,0,1
2024,13,2024-05-31,Docklands,Collingwood,Western Bulldogs,Collingwood,Lachie Schultz,8,8,6,3,2,0,2
2024,13,2024-05-31,Docklands,Collingwood,Western Bulldogs,Collingwood,Steele Sidebottom,15,7,6,0,0,0,4
2024,13,2024-05-31,Docklands,Collingwood,Western Bulldogs,Collingwood,Lachlan Sullivan,5,3,10,0,0,0,2
2024,13,2024-05-31,Docklands,Collingwood,Western Bulldogs,Western Bulldogs,Marcus Bontempelli,17,5,21,2,0,0,9
2024,13,2024-05-31,Docklands,Collingwood,Western Bulldogs,Western Bulldogs,Lachlan Bramble,2,4,5,0,0,0,1
2024,13,2024-05-31,Docklands,Collingwood,Western Bulldogs,Western Bulldogs,Bailey Dale,24,8,11,0,0,0,2
2024,13,2024-05-31,Docklands,Collingwood,Western Bulldogs,Western Bulldogs,Caleb Daniel,6,2,8,0,0,0,2
2024,13,2024-05-31,Docklands,Collingwood,Western Bulldogs,Western Bulldogs,Sam Darcy,10,7,2,3,1,0,0
2024,13,2024-05-31,Docklands,Collingwood,Western Bulldogs,Western Bulldogs,Taylor Duryea,13,3,1,0,0,0,2
2024,13,2024-05-31,Docklands,Collingwood,Western Bulldogs,Western Bulldogs,Tim English,10,7,6,0,0,50,1
2024,13,2024-05-31,Docklands,Collingwood,Western Bulldogs,Western Bulldogs,Joel Freijah,12,7,4,0,0,0,0
2024,13,2024-05-31,Docklands,Collingwood,Western Bulldogs,Western Bulldogs,Harvey Gallagher,14,2,9,0,2,0,7
2024,13,2024-05-31,Docklands,Collingwood,Western Bulldogs,Western Bulldogs,Riley Garcia,14,3,7,0,0,0,4
2024,13,2024-05-31,Docklands,Collingwood,Western Bulldogs,Western Bulldogs,James Harmes,1,1,0,0,0,0,0
2024,13,2024-05-31,Docklands,Collingwood,Western Bulldogs,Western Bulldogs,Liam Jones,12,7,1,0,0,0,1
2024,13,2024-05-31,Docklands,Collingwood,Western Bulldogs,Western Bulldogs,Alex Keath,7,4,5,0,0,0,0
2024,13,2024-05-31,Docklands,Collingwood,Western Bulldogs,Western Bulldogs,Rory Lobb,6,2,6,1,2,3,2
2024,13,2024-05-31,Docklands,Collingwood,Western Bulldogs,Western Bulldogs,Jack Macrae,10,7,9,2,0,0,4
2024,13,2024-05-31,Docklands,Collingwood,Western Bulldogs,Western Bulldogs,Lachlan McNeil,5,1,6,2,0,0,2
2024,13,2024-05-31,Docklands,Collingwood,Western Bulldogs,Western Bulldogs,James ODonnell,10,7,1,0,0,0,1
2024,13,2024-05-31,Docklands,Collingwood,Western Bulldogs,Western Bulldogs,Ryley Sanders,7,3,8,0,0,0,11
2024,13,2024-05-31,Docklands,Collingwood,Western Bulldogs,Western Bulldogs,Adam Treloar,19,0,18,1,1,0,3
2024,13,2024-05-31,Docklands,Collingwood,Western Bulldogs,Western Bulldogs,Jamarra Ugle-Hagan,9,4,1,2,2,0,0
2024,13,2024-05-31,Docklands,Collingwood,Western Bulldogs,Western Bulldogs,Laitham Vandermeer,2,1,0,1,0,0,0
2024,13,2024-05-31,Docklands,Collingwood,Western Bulldogs,Western Bulldogs,Rhylee West,7,4,4,1,0,0,1
2024,13,2024-05-31,Docklands,Collingwood,Western Bulldogs,Western Bulldogs,Bailey Williams,10,6,9,0,0,0,1
2024,13,2024-06-01,M.C.G.,Hawthorn,Adelaide,Hawthorn,Karl Amon,15,8,7,0,0,0,0
2024,13,2024-06-01,M.C.G.,Hawthorn,Adelaide,Hawthorn,Luke Breust,5,3,0,1,0,0,1
2024,13,2024-06-01,M.C.G.,Hawthorn,Adelaide,Hawthorn,Mabior Chol,7,0,2,0,0,1,3
2024,13,2024-06-01,M.C.G.,Hawthorn,Adelaide,Hawthorn,Massimo DAmbrosio,14,9,6,0,0,0,1
2024,13,2024-06-01,M.C.G.,Hawthorn,Adelaide,Hawthorn,Will Day,12,3,11,0,2,0,5
2024,13,2024-06-01,M.C.G.,Hawthorn,Adelaide,Hawthorn,Calsher Dear,3,2,3,1,1,0,2
2024,13,2024-06-01,M.C.G.,Hawthorn,Adelaide,Hawthorn,Sam Frost,4,1,4,0,0,0,1
2024,13,2024-06-01,M.C.G.,Hawthorn,Adelaide,Hawthorn,Jack Ginnivan,17,5,5,2,3,0,3
2024,13,2024-06-01,M.C.G.,Hawthorn,Adelaide,Hawthorn,Jack Gunston,9,7,5,3,1,0,0
2024,13,2024-06-01,M.C.G.,Hawthorn,Adelaide,Hawthorn,Blake Hardwick,9,4,5,1,0,0,4
2024,13,2024-06-01,M.C.G.,Hawthorn,Adelaide,Hawthorn,Jarman Impey,11,5,9,0,0,0,3
2024,13,2024-06-01,M.C.G.,Hawthorn,Adelaide,Hawthorn,Changkuoth Jiath,4,1,3,0,0,0,2
2024,13,2024-06-01,M.C.G.,Hawthorn,Adelaide,Hawthorn,Connor Macdonald,8,4,7,1,2,0,3
2024,13,2024-06-01,M.C.G.,Hawthorn,Adelaide,Hawthorn,Cam Mackenzie,7,4,8,0,0,0,2
2024,13,2024-06-01,M.C.G.,Hawthorn,Adelaide,Hawthorn,Seamus Mitchell,7,5,6,0,0,0,1
2024,13,2024-06-01,M.C.G.,Hawthorn,Adelaide,Hawthorn,Dylan Moore,17,5,10,5,1,0,3
2024,13,2024-06-01,M.C.G.,Hawthorn,Adelaide,Hawthorn,Conor Nash,5,3,12,1,0,4,4
2024,13,2024-06-01,M.C.G.,Hawthorn,Adelaide,Hawthorn,Jai Newcombe,13,2,13,0,0,0,4
2024,13,2024-06-01,M.C.G.,Hawthorn,Adelaide,Hawthorn,Ned Reeves,4,3,6,1,0,20,5
2024,13,2024-06-01,M.C.G.,Hawthorn,Adelaide,Hawthorn,Jack Scrimshaw,9,4,5,0,0,0,0
2024,13,2024-06-01,M.C.G.,Hawthorn,Adelaide,Hawthorn,James Sicily,17,9,4,0,0,0,2
2024,13,2024-06-01,M.C.G.,Hawthorn,Adelaide,Hawthorn,Josh Weddle,4,1,9,0,0,0,0
2024,13,2024-06-01,M.C.G.,Hawthorn,Adelaide,Hawthorn,James Worpel,8,1,9,0,0,0,5
2024,13,2024-06-01,M.C.G.,Hawthorn,Adelaide,Adelaide,Sam Berry,5,2,6,0,0,0,5
2024,13,2024-06-01,M.C.G.,Hawthorn,Adelaide,Adelaide,James Borlase,9,11,7,0,0,0,2
2024,13,2024-06-01,M.C.G.,Hawthorn,Adelaide,Adelaide,Chris Burgess,8,6,1,3,1,5,1
2024,13,2024-06-01,M.C.G.,Hawthorn,Adelaide,Adelaide,Jordon Butts,4,4,5,0,0,0,2
2024,13,2024-06-01,M.C.G.,Hawthorn,Adelaide,Adelaide,Brayden Cook,4,1,2,3,0,0,0
2024,13,2024-06-01,M.C.G.,Hawthorn,Adelaide,Adelaide,Matt Crouch,15,9,20,0,0,0,7
2024,13,2024-06-01,M.C.G.,Hawthorn,Adelaide,Adelaide,Jordan Dawson,12,5,3,0,0,0,2
2024,13,2024-06-01,M.C.G.,Hawthorn,Adelaide,Adelaide,Darcy Fogarty,5,2,4,2,0,0,1
2024,13,2024-06-01,M.C.G.,Hawthorn,Adelaide,Adelaide,Mitch Hinge,19,9,12,0,0,0,1
2024,13,2024-06-01,M.C.G.,Hawthorn,Adelaide,Adelaide,Chayce Jones,15,7,2,1,0,0,2
2024,13,2024-06-01,M.C.G.,Hawthorn,Adelaide,Adelaide,Mark Keane,15,8,4,0,0,0,0
2024,13,2024-06-01,M.C.G.,Hawthorn,Adelaide,Adelaide,Ben Keays,7,6,4,0,1,0,2
2024,13,2024-06-01,M.C.G.,Hawthorn,Adelaide,Adelaide,Rory Laird,13,4,17,0,0,0,4
2024,13,2024-06-01,M.C.G.,Hawthorn,Adelaide,Adelaide,Max Michalanney,9,4,8,0,0,0,3
2024,13,2024-06-01,M.C.G.,Hawthorn,Adelaide,Adelaide,Lachlan Murphy,7,4,6,1,0,0,6
2024,13,2024-06-01,M.C.G.,Hawthorn,Adelaide,Adelaide,Luke Nankervis,4,4,15,0,0,0,1
2024,13,2024-06-01,M.C.G.,Hawthorn,Adelaide,Adelaide,Reilly OBrien,3,2,6,0,0,35,8
2024,13,2024-06-01,M.C.G.,Hawthorn,Adelaide,Adelaide,Josh Rachele,5,2,6,0,1,0,2
2024,13,2024-06-01,M.C.G.,Hawthorn,Adelaide,Adelaide,Harry Schoenberg,4,1,3,1,0,0,2
2024,13,2024-06-01,M.C.G.,Hawthorn,Adelaide,Adelaide,Lachlan Sholl,18,5,10,1,0,0,3
2024,13,2024-06-01,M.C.G.,Hawthorn,Adelaide,Adelaide,Brodie Smith,10,6,9,0,0,0,1
2024,13,2024-06-01,M.C.G.,Hawthorn,Adelaide,Adelaide,Jake Soligo,11,2,18,0,0,0,2
2024,13,2024-06-01,M.C.G.,Hawthorn,Adelaide,Adelaide,Taylor Walker,4,2,1,0,2,0,1
2024,13,2024-06-01,Perth Stadium,West Coast,St Kilda,West Coast,Tom Barrass,10,9,4,0,0,0,1
2024,13,2024-06-01,Perth Stadium,West Coast,St Kilda,West Coast,Campbell Chesser,6,2,5,0,0,0,1
2024,13,2024-06-01,Perth Stadium,West Coast,St Kilda,West Coast,Tom Cole,7,4,8,0,0,0,4
2024,13,2024-06-01,Perth Stadium,West Coast,St Kilda,West Coast,Jamie Cripps,8,2,6,3,0,0,3
2024,13,2024-06-01,Perth Stadium,West Coast,St Kilda,West Coast,Jack Darling,7,3,3,2,0,0,1
2024,13,2024-06-01,Perth Stadium,West Coast,St Kilda,West Coast,Liam Duggan,16,8,9,0,0,0,2
2024,13,2024-06-01,Perth Stadium,West Coast,St Kilda,West Coast,Harry Edwards,5,4,1,0,0,0,5
2024,13,2024-06-01,Perth Stadium,West Coast,St Kilda,West Coast,Matt Flynn,6,4,6,0,1,31,5
2024,13,2024-06-01,Perth Stadium,West Coast,St Kilda,West Coast,Andrew Gaff,13,3,8,1,0,0,0
2024,13,2024-06-01,Perth Stadium,West Coast,St Kilda,West Coast,Reuben Ginbey,10,5,10,0,0,0,8
2024,13,2024-06-01,Perth Stadium,West Coast,St Kilda,West Coast,Brady Hough,7,5,7,0,0,0,3
2024,13,2024-06-01,Perth Stadium,West Coast,St Kilda,West Coast,Jamaine Jones,6,4,3,0,0,0,2
2024,13,2024-06-01,Perth Stadium,West Coast,St Kilda,West Coast,Ryan Maric,4,3,3,0,0,0,1
2024,13,2024-06-01,Perth Stadium,West Coast,St Kilda,West Coast,Jeremy McGovern,17,7,4,0,0,0,2
2024,13,2024-06-01,Perth Stadium,West Coast,St Kilda,West Coast,Jack Petruccelle,2,0,6,0,0,0,0
2024,13,2024-06-01,Perth Stadium,West Coast,St Kilda,West Coast,Harley Reid,11,3,9,0,0,0,7
2024,13,2024-06-01,Perth Stadium,West Coast,St Kilda,West Coast,Liam Ryan,8,4,3,3,2,0,1
2024,13,2024-06-01,Perth Stadium,West Coast,St Kilda,West Coast,Dom Sheed,12,2,8,0,0,0,7
2024,13,2024-06-01,Perth Stadium,West Coast,St Kilda,West Coast,Zane Trew,3,1,2,0,0,0,0
2024,13,2024-06-01,Perth Stadium,West Coast,St Kilda,West Coast,Bailey Williams,8,1,6,1,0,14,4
2024,13,2024-06-01,Perth Stadium,West Coast,St Kilda,West Coast,Jack Williams,2,1,0,0,1,0,0
2024,13,2024-06-01,Perth Stadium,West Coast,St Kilda,West Coast,Alex Witherden,14,5,6,0,0,0,1
2024,13,2024-06-01,Perth Stadium,West Coast,St Kilda,West Coast,Elliot Yeo,13,1,14,0,2,0,7
2024,13,2024-06-01,Perth Stadium,West Coast,St Kilda,St Kilda,Josh Battle,11,7,10,0,1,0,1
2024,13,2024-06-01,Perth Stadium,West Coast,St Kilda,St Kilda,Riley Bonner,12,3,5,0,0,0,2
2024,13,2024-06-01,Perth Stadium,West Coast,St Kilda,St Kilda,Dan Butler,1,0,1,0,0,0,2
2024,13,2024-06-01,Perth Stadium,West Coast,St Kilda,St Kilda,Anthony Caminiti,5,3,5,1,0,2,6
2024,13,2024-06-01,Perth Stadium,West Coast,St Kilda,St Kilda,Hunter Clark,8,1,9,0,0,0,12
2024,13,2024-06-01,Perth Stadium,West Coast,St Kilda,St Kilda,Paddy Dow,9,1,13,0,2,0,4
2024,13,2024-06-01,Perth Stadium,West Coast,St Kilda,St Kilda,Liam Henry,8,2,7,1,1,0,3
2024,13,2024-06-01,Perth Stadium,West Coast,St Kilda,St Kilda,Jack Higgins,6,2,7,1,1,0,2
2024,13,2024-06-01,Perth Stadium,West Coast,St Kilda,St Kilda,Bradley Hill,10,5,8,0,0,0,2
2024,13,2024-06-01,Perth Stadium,West Coast,St Kilda,St Kilda,Dougal Howard,7,5,6,0,0,0,1
2024,13,2024-06-01,Perth Stadium,West Coast,St Kilda,St Kilda,Max King,4,2,4,2,0,0,1
2024,13,2024-06-01,Perth Stadium,West Coast,St Kilda,St Kilda,Rowan Marshall,14,4,4,0,0,41,2
2024,13,2024-06-01,Perth Stadium,West Coast,St Kilda,St Kilda,Tim Membrey,6,6,6,1,0,0,2
2024,13,2024-06-01,Perth Stadium,West Coast,St Kilda,St Kilda,Mitch Owens,7,4,4,0,1,0,2
2024,13,2024-06-01,Perth Stadium,West Coast,St Kilda,St Kilda,Sebastian Ross,3,1,3,1,0,0,5
2024,13,2024-06-01,Perth Stadium,West Coast,St Kilda,St Kilda,Jack Sinclair,16,4,7,1,0,0,1
2024,13,2024-06-01,Perth Stadium,West Coast,St Kilda,St Kilda,Jack Steele,9,0,8,0,1,0,15
2024,13,2024-06-01,Perth Stadium,West Coast,St Kilda,St Kilda,Nasiah Wanganeen-Milera,17,6,7,0,1,0,1
2024,13,2024-06-01,Perth Stadium,West Coast,St Kilda,St Kilda,Jimmy Webster,4,0,3,0,0,0,1
2024,13,2024-06-01,Perth Stadium,West Coast,St Kilda,St Kilda,Callum Wilkie,13,10,5,0,0,0,2
2024,13,2024-06-01,Perth Stadium,West Coast,St Kilda,St Kilda,Darcy Wilson,8,3,6,0,1,0,3
2024,13,2024-06-01,Perth Stadium,West Coast,St Kilda,St Kilda,Marcus Windhager,13,3,6,0,0,0,8
2024,13,2024-06-01,Perth Stadium,West Coast,St Kilda,St Kilda,Mason Wood,15,8,7,4,0,0,6
2024,13,2024-06-01,Kardinia Park,Geelong,Richmond,Geelong,Tom Atkins,14,0,13,0,0,0,11
2024,13,2024-06-01,Kardinia Park,Geelong,Richmond,Geelong,Jack Bowes,20,4,9,1,2,0,8
2024,13,2024-06-01,Kardinia Park,Geelong,Richmond,Geelong,Tanner Bruhn,15,3,11,1,0,0,5
2024,13,2024-06-01,Kardinia Park,Geelong,Richmond,Geelong,Jeremy Cameron,11,4,5,1,0,0,4
2024,13,2024-06-01,Kardinia Park,Geelong,Richmond,Geelong,Brad Close,5,7,10,1,0,0,2
2024,13,2024-06-01,Kardinia Park,Geelong,Richmond,Geelong,Toby Conway,2,4,12,0,0,21,3
2024,13,2024-06-01,Kardinia Park,Geelong,Richmond,Geelong,Sam De Koning,4,3,8,0,0,1,1
2024,13,2024-06-01,Kardinia Park,Geelong,Richmond,Geelong,Oliver Dempsey,13,5,14,3,0,0,2
2024,13,2024-06-01,Kardinia Park,Geelong,Richmond,Geelong,Mitch Duncan,20,8,7,1,1,0,3
2024,13,2024-06-01,Kardinia Park,Geelong,Richmond,Geelong,Zach Guthrie,12,4,6,1,0,0,3
2024,13,2024-06-01,Kardinia Park,Geelong,Richmond,Geelong,Tom Hawkins,7,2,5,2,0,3,2
2024,13,2024-06-01,Kardinia Park,Geelong,Richmond,Geelong,Jack Henry,7,7,4,0,0,0,2
2024,13,2024-06-01,Kardinia Park,Geelong,Richmond,Geelong,Oliver Henry,1,2,1,0,0,0,0
2024,13,2024-06-01,Kardinia Park,Geelong,Richmond,Geelong,Max Holmes,18,4,11,1,1,0,2
2024,13,2024-06-01,Kardinia Park,Geelong,Richmond,Geelong,Jake Kolodjashnij,6,8,10,0,0,0,0
2024,13,2024-06-01,Kardinia Park,Geelong,Richmond,Geelong,Gryan Miers,8,0,4,0,0,0,5
2024,13,2024-06-01,Kardinia Park,Geelong,Richmond,Geelong,Oisin Mullin,9,7,3,0,0,0,3
2024,13,2024-06-01,Kardinia Park,Geelong,Richmond,Geelong,Shannon Neale,9,7,3,2,0,2,0
2024,13,2024-06-01,Kardinia Park,Geelong,Richmond,Geelong,Mark OConnor,10,3,5,0,0,0,2
2024,13,2024-06-01,Kardinia Park,Geelong,Richmond,Geelong,Gary Rohan,1,1,3,0,0,0,2
2024,13,2024-06-01,Kardinia Park,Geelong,Richmond,Geelong,Tyson Stengle,11,2,7,1,1,0,1
2024,13,2024-06-01,Kardinia Park,Geelong,Richmond,Geelong,Tom Stewart,16,7,2,0,0,0,2
2024,13,2024-06-01,Kardinia Park,Geelong,Richmond,Geelong,Zach Tuohy,5,0,4,0,0,0,3
2024,13,2024-06-01,Kardinia Park,Geelong,Richmond,Richmond,Liam Baker,18,2,13,1,0,0,6
2024,13,2024-06-01,Kardinia Park,Geelong,Richmond,Richmond,Noah Balta,15,9,3,0,0,0,1
2024,13,2024-06-01,Kardinia Park,Geelong,Richmond,Richmond,Nathan Broad,7,3,3,0,0,0,1
2024,13,2024-06-01,Kardinia Park,Geelong,Richmond,Richmond,Tom Brown,8,3,5,0,0,0,1
2024,13,2024-06-01,Kardinia Park,Geelong,Richmond,Richmond,Seth Campbell,7,5,3,1,1,0,7
2024,13,2024-06-01,Kardinia Park,Geelong,Richmond,Richmond,Noah Cumberland,2,1,4,1,0,0,2
2024,13,2024-06-01,Kardinia Park,Geelong,Richmond,Richmond,Thomson Dow,5,0,10,0,0,0,5
2024,13,2024-06-01,Kardinia Park,Geelong,Richmond,Richmond,Jack Graham,6,2,12,0,0,0,9
2024,13,2024-06-01,Kardinia Park,Geelong,Richmond,Richmond,Mykelti Lefau,5,3,2,2,1,0,1
2024,13,2024-06-01,Kardinia Park,Geelong,Richmond,Richmond,Rhyan Mansell,5,2,1,1,0,0,3
2024,13,2024-06-01,Kardinia Park,Geelong,Richmond,Richmond,Dustin Martin,9,2,6,2,0,0,3
2024,13,2024-06-01,Kardinia Park,Geelong,Richmond,Richmond,Kane McAuliffe,7,0,9,0,1,0,4
2024,13,2024-06-01,Kardinia Park,Geelong,Richmond,Richmond,Kamdyn McIntosh,12,6,4,0,0,0,2
2024,13,2024-06-01,Kardinia Park,Geelong,Richmond,Richmond,Ben Miller,3,3,3,0,0,0,3
2024,13,2024-06-01,Kardinia Park,Geelong,Richmond,Richmond,Toby Nankervis,12,7,5,0,0,51,6
2024,13,2024-06-01,Kardinia Park,Geelong,Richmond,Richmond,Marlion Pickett,9,4,7,0,1,0,0
2024,13,2024-06-01,Kardinia Park,Geelong,Richmond,Richmond,Hugo Ralphsmith,10,4,3,0,0,0,3
2024,13,2024-06-01,Kardinia Park,Geelong,Richmond,Richmond,Daniel Rioli,8,3,12,0,0,0,3
2024,13,2024-06-01,Kardinia Park,Geelong,Richmond,Richmond,Samson Ryan,8,6,0,2,0,7,0
2024,13,2024-06-01,Kardinia Park,Geelong,Richmond,Richmond,Jayden Short,15,4,7,0,0,0,0
2024,13,2024-06-01,Kardinia Park,Geelong,Richmond,Richmond,Kaleb Smith,3,0,0,0,0,0,1
2024,13,2024-06-01,Kardinia Park,Geelong,Richmond,Richmond,Tyler Sonsie,5,1,7,0,3,0,1
2024,13,2024-06-01,Kardinia Park,Geelong,Richmond,Richmond,Nick Vlastuin,7,0,7,0,0,0,0
2024,13,2024-06-02,Traeger Park,Melbourne,Fremantle,Melbourne,Jake Bowey,14,6,8,0,0,0,2
2024,13,2024-06-02,Traeger Park,Melbourne,Fremantle,Melbourne,Kade Chandler,8,5,5,0,1,0,3
2024,13,2024-06-02,Traeger Park,Melbourne,Fremantle,Melbourne,Bayley Fritsch,5,4,5,0,0,0,5
2024,13,2024-06-02,Traeger Park,Melbourne,Fremantle,Melbourne,Max Gawn,9,4,14,1,1,31,4
2024,13,2024-06-02,Traeger Park,Melbourne,Fremantle,Melbourne,Lachie Hunter,4,0,3,0,0,0,0
2024,13,2024-06-02,Traeger Park,Melbourne,Fremantle,Melbourne,Ed Langdon,10,9,9,0,1,0,2
2024,13,2024-06-02,Traeger Park,Melbourne,Fremantle,Melbourne,Steven May,13,5,5,0,0,0,2
2024,13,2024-06-02,Traeger Park,Melbourne,Fremantle,Melbourne,Shane McAdam,5,4,6,0,0,0,1
2024,13,2024-06-02,Traeger Park,Melbourne,Fremantle,Melbourne,Tom McDonald,10,6,3,2,0,0,0
2024,13,2024-06-02,Traeger Park,Melbourne,Fremantle,Melbourne,Judd McVee,8,7,10,0,0,0,1
2024,13,2024-06-02,Traeger Park,Melbourne,Fremantle,Melbourne,Alex Neal-Bullen,7,5,8,0,0,0,5
2024,13,2024-06-02,Traeger Park,Melbourne,Fremantle,Melbourne,Clayton Oliver,8,3,11,1,0,0,7
2024,13,2024-06-02,Traeger Park,Melbourne,Fremantle,Melbourne,Christian Petracca,11,7,15,1,0,0,3
2024,13,2024-06-02,Traeger Park,Melbourne,Fremantle,Melbourne,Harry Petty,1,1,1,1,0,4,3
2024,13,2024-06-02,Traeger Park,Melbourne,Fremantle,Melbourne,Kysaiah Pickett,10,2,3,0,1,0,1
2024,13,2024-06-02,Traeger Park,Melbourne,Fremantle,Melbourne,Trent Rivers,12,2,12,0,0,0,1
2024,13,2024-06-02,Traeger Park,Melbourne,Fremantle,Melbourne,Christian Salem,14,6,13,0,0,0,1
2024,13,2024-06-02,Traeger Park,Melbourne,Fremantle,Melbourne,Tom Sparrow,7,6,9,0,0,0,0
2024,13,2024-06-02,Traeger Park,Melbourne,Fremantle,Melbourne,Adam Tomlinson,10,5,8,0,0,0,1
2024,13,2024-06-02,Traeger Park,Melbourne,Fremantle,Melbourne,Daniel Turner,2,1,4,0,1,0,1
2024,13,2024-06-02,Traeger Park,Melbourne,Fremantle,Melbourne,Jack Viney,11,3,13,1,0,0,7
2024,13,2024-06-02,Traeger Park,Melbourne,Fremantle,Melbourne,Caleb Windsor,5,2,4,0,0,0,2
2024,13,2024-06-02,Traeger Park,Melbourne,Fremantle,Melbourne,Taj Woewodin,5,3,8,0,0,0,0
2024,13,2024-06-02,Traeger Park,Melbourne,Fremantle,Fremantle,James Aish,6,3,11,0,0,0,2
2024,13,2024-06-02,Traeger Park,Melbourne,Fremantle,Fremantle,Jye Amiss,7,5,4,4,0,0,3
2024,13,2024-06-02,Traeger Park,Melbourne,Fremantle,Fremantle,Bailey Banfield,10,6,5,0,1,0,4
2024,13,2024-06-02,Traeger Park,Melbourne,Fremantle,Fremantle,Andrew Brayshaw,16,4,9,0,1,0,4
2024,13,2024-06-02,Traeger Park,Melbourne,Fremantle,Fremantle,Heath Chapman,16,9,8,0,0,0,0
2024,13,2024-06-02,Traeger Park,Melbourne,Fremantle,Fremantle,Jordan Clark,27,15,9,1,0,0,1
2024,13,2024-06-02,Traeger Park,Melbourne,Fremantle,Fremantle,Sean Darcy,7,1,7,1,0,21,4
2024,13,2024-06-02,Traeger Park,Melbourne,Fremantle,Fremantle,Josh Draper,5,5,11,0,0,0,0
2024,13,2024-06-02,Traeger Park,Melbourne,Fremantle,Fremantle,Michael Frederick,8,6,5,2,0,0,0
2024,13,2024-06-02,Traeger Park,Melbourne,Fremantle,Fremantle,Nat Fyfe,10,2,10,1,0,0,5
2024,13,2024-06-02,Traeger Park,Melbourne,Fremantle,Fremantle,Luke Jackson,10,6,6,3,2,11,2
2024,13,2024-06-02,Traeger Park,Melbourne,Fremantle,Fremantle,Jaeger OMeara,17,9,9,0,1,0,5
2024,13,2024-06-02,Traeger Park,Melbourne,Fremantle,Fremantle,Alex Pearce,5,5,9,0,0,0,2
2024,13,2024-06-02,Traeger Park,Melbourne,Fremantle,Fremantle,Luke Ryan,24,18,4,0,0,0,2
2024,13,2024-06-02,Traeger Park,Melbourne,Fremantle,Fremantle,Caleb Serong,18,2,9,1,0,0,5
2024,13,2024-06-02,Traeger Park,Melbourne,Fremantle,Fremantle,Jeremy Sharp,16,5,6,0,1,0,1
2024,13,2024-06-02,Traeger Park,Melbourne,Fremantle,Fremantle,Sam Sturt,6,2,5,1,0,0,2
2024,13,2024-06-02,Traeger Park,Melbourne,Fremantle,Fremantle,Sam Switkowski,12,8,13,1,0,0,3
2024,13,2024-06-02,Traeger Park,Melbourne,Fremantle,Fremantle,Josh Treacy,14,11,4,3,2,0,1
2024,13,2024-06-02,Traeger Park,Melbourne,Fremantle,Fremantle,Corey Wagner,8,6,1,0,0,0,0
2024,13,2024-06-02,Traeger Park,Melbourne,Fremantle,Fremantle,Brandon Walker,10,3,5,0,0,0,1
2024,13,2024-06-02,Traeger Park,Melbourne,Fremantle,Fremantle,Michael Walters,12,8,4,3,1,0,0
2024,13,2024-06-02,Traeger Park,Melbourne,Fremantle,Fremantle,Hayden Young,16,3,10,1,0,0,6
2024,13,2024-06-02,Carrara,Gold Coast,Essendon,Gold Coast,Ben Ainsworth,12,3,7,1,1,0,1
2024,13,2024-06-02,Carrara,Gold Coast,Essendon,Gold Coast,Noah Anderson,18,4,15,0,0,0,5
2024,13,2024-06-02,Carrara,Gold Coast,Essendon,Gold Coast,Mac Andrew,14,6,11,0,0,0,1
2024,13,2024-06-02,Carrara,Gold Coast,Essendon,Gold Coast,Charlie Ballard,5,5,9,0,0,0,2
2024,13,2024-06-02,Carrara,Gold Coast,Essendon,Gold Coast,Tom Berry,5,2,2,1,0,0,1
2024,13,2024-06-02,Carrara,Gold Coast,Essendon,Gold Coast,Sam Clohesy,9,2,4,0,0,0,2
2024,13,2024-06-02,Carrara,Gold Coast,Essendon,Gold Coast,Sam Collins,7,4,5,0,0,0,1
2024,13,2024-06-02,Carrara,Gold Coast,Essendon,Gold Coast,Brayden Fiorini,6,6,12,0,0,0,0
2024,13,2024-06-02,Carrara,Gold Coast,Essendon,Gold Coast,Sam Flanders,23,4,10,0,0,0,2
2024,13,2024-06-02,Carrara,Gold Coast,Essendon,Gold Coast,Will Graham,4,1,10,0,0,0,2
2024,13,2024-06-02,Carrara,Gold Coast,Essendon,Gold Coast,Nick Holman,5,3,6,0,1,0,0
2024,13,2024-06-02,Carrara,Gold Coast,Essendon,Gold Coast,Bailey Humphrey,7,2,2,1,1,0,0
2024,13,2024-06-02,Carrara,Gold Coast,Essendon,Gold Coast,Joel Jeffrey,8,6,10,0,0,0,1
2024,13,2024-06-02,Carrara,Gold Coast,Essendon,Gold Coast,Ben King,7,5,2,4,1,0,0
2024,13,2024-06-02,Carrara,Gold Coast,Essendon,Gold Coast,Ben Long,10,4,3,4,0,0,0
2024,13,2024-06-02,Carrara,Gold Coast,Essendon,Gold Coast,Jack Lukosius,6,1,4,2,0,0,0
2024,13,2024-06-02,Carrara,Gold Coast,Essendon,Gold Coast,Touk Miller,13,2,15,1,0,0,5
2024,13,2024-06-02,Carrara,Gold Coast,Essendon,Gold Coast,Ned Moyle,6,2,11,0,0,26,1
2024,13,2024-06-02,Carrara,Gold Coast,Essendon,Gold Coast,Matt Rowell,11,1,15,0,0,0,11
2024,13,2024-06-02,Carrara,Gold Coast,Essendon,Gold Coast,Alex Sexton,16,8,14,0,0,0,1
2024,13,2024-06-02,Carrara,Gold Coast,Essendon,Gold Coast,David Swallow,0,0,4,0,0,0,0
2024,13,2024-06-02,Carrara,Gold Coast,Essendon,Gold Coast,Bodhi Uwland,11,13,8,0,0,0,1
2024,13,2024-06-02,Carrara,Gold Coast,Essendon,Gold Coast,Jed Walter,3,2,2,0,1,7,3
2024,13,2024-06-02,Carrara,Gold Coast,Essendon,Essendon,Nick Bryan,9,0,6,0,0,20,4
2024,13,2024-06-02,Carrara,Gold Coast,Essendon,Essendon,Jye Caldwell,11,2,12,1,0,0,10
2024,13,2024-06-02,Carrara,Gold Coast,Essendon,Essendon,Nik Cox,4,2,7,3,0,0,1
2024,13,2024-06-02,Carrara,Gold Coast,Essendon,Essendon,Sam Durham,12,5,11,1,0,0,5
2024,13,2024-06-02,Carrara,Gold Coast,Essendon,Essendon,Jade Gresham,7,1,8,0,0,0,2
2024,13,2024-06-02,Carrara,Gold Coast,Essendon,Essendon,Matt Guelfi,7,3,9,1,1,0,2
2024,13,2024-06-02,Carrara,Gold Coast,Essendon,Essendon,Dyson Heppell,9,8,18,0,0,0,1
2024,13,2024-06-02,Carrara,Gold Coast,Essendon,Essendon,Nick Hind,17,6,7,1,1,0,2
2024,13,2024-06-02,Carrara,Gold Coast,Essendon,Essendon,Harry Jones,6,4,4,1,1,0,1
2024,13,2024-06-02,Carrara,Gold Coast,Essendon,Essendon,Jake Kelly,7,2,8,1,0,0,2
2024,13,2024-06-02,Carrara,Gold Coast,Essendon,Essendon,Kyle Langford,3,1,1,0,2,0,1
2024,13,2024-06-02,Carrara,Gold Coast,Essendon,Essendon,Jayden Laverde,8,5,6,0,0,0,2
2024,13,2024-06-02,Carrara,Gold Coast,Essendon,Essendon,Nic Martin,18,8,6,0,2,0,1
2024,13,2024-06-02,Carrara,Gold Coast,Essendon,Essendon,Andrew McGrath,6,3,11,0,0,0,6
2024,13,2024-06-02,Carrara,Gold Coast,Essendon,Essendon,Ben McKay,6,2,2,0,0,0,2
2024,13,2024-06-02,Carrara,Gold Coast,Essendon,Essendon,Jye Menzie,7,3,10,1,0,0,2
2024,13,2024-06-02,Carrara,Gold Coast,Essendon,Essendon,Zach Merrett,16,6,17,0,3,0,3
2024,13,2024-06-02,Carrara,Gold Coast,Essendon,Essendon,Archie Perkins,11,6,5,0,0,0,4
2024,13,2024-06-02,Carrara,Gold Coast,Essendon,Essendon,Mason Redman,10,3,13,0,0,0,2
2024,13,2024-06-02,Carrara,Gold Coast,Essendon,Essendon,Jordan Ridley,18,9,4,0,0,0,1
2024,13,2024-06-02,Carrara,Gold Coast,Essendon,Essendon,Jake Stringer,12,4,1,0,2,0,3
2024,13,2024-06-02,Carrara,Gold Coast,Essendon,Essendon,Elijah Tsatas,1,0,2,0,0,0,0
2024,13,2024-06-02,Carrara,Gold Coast,Essendon,Essendon,Peter Wright,13,8,1,1,1,8,0
2024,14,2024-06-06,Adelaide Oval,Adelaide,Richmond,Adelaide,Sam Berry,6,2,6,0,1,0,9
2024,14,2024-06-06,Adelaide Oval,Adelaide,Richmond,Adelaide,James Borlase,8,6,5,1,1,4,4
2024,14,2024-06-06,Adelaide Oval,Adelaide,Richmond,Adelaide,Chris Burgess,3,1,1,0,0,8,2
2024,14,2024-06-06,Adelaide Oval,Adelaide,Richmond,Adelaide,Jordon Butts,10,9,4,0,0,0,1
2024,14,2024-06-06,Adelaide Oval,Adelaide,Richmond,Adelaide,Jordan Dawson,15,5,17,0,0,0,8
2024,14,2024-06-06,Adelaide Oval,Adelaide,Richmond,Adelaide,Billy Dowling,13,9,4,1,0,0,2
2024,14,2024-06-06,Adelaide Oval,Adelaide,Richmond,Adelaide,Darcy Fogarty,9,8,5,3,2,0,2
2024,14,2024-06-06,Adelaide Oval,Adelaide,Richmond,Adelaide,Will Hamill,10,7,5,0,0,0,4
2024,14,2024-06-06,Adelaide Oval,Adelaide,Richmond,Adelaide,Mitch Hinge,13,2,9,0,1,0,0
2024,14,2024-06-06,Adelaide Oval,Adelaide,Richmond,Adelaide,Chayce Jones,8,1,6,0,0,0,3
2024,14,2024-06-06,Adelaide Oval,Adelaide,Richmond,Adelaide,Mark Keane,14,4,2,0,0,0,2
2024,14,2024-06-06,Adelaide Oval,Adelaide,Richmond,Adelaide,Ben Keays,3,2,11,0,0,0,0
2024,14,2024-06-06,Adelaide Oval,Adelaide,Richmond,Adelaide,Rory Laird,10,2,18,0,0,0,5
2024,14,2024-06-06,Adelaide Oval,Adelaide,Richmond,Adelaide,Ned McHenry,2,0,6,0,0,0,0
2024,14,2024-06-06,Adelaide Oval,Adelaide,Richmond,Adelaide,Max Michalanney,16,11,9,0,0,0,2
2024,14,2024-06-06,Adelaide Oval,Adelaide,Richmond,Adelaide,Lachlan Murphy,7,5,4,1,1,0,0
2024,14,2024-06-06,Adelaide Oval,Adelaide,Richmond,Adelaide,Luke Nankervis,17,11,11,0,0,0,1
2024,14,2024-06-06,Adelaide Oval,Adelaide,Richmond,Adelaide,Josh Rachele,10,7,2,2,0,0,1
2024,14,2024-06-06,Adelaide Oval,Adelaide,Richmond,Adelaide,Harry Schoenberg,4,1,8,1,0,0,0
2024,14,2024-06-06,Adelaide Oval,Adelaide,Richmond,Adelaide,Lachlan Sholl,16,7,7,0,1,0,3
2024,14,2024-06-06,Adelaide Oval,Adelaide,Richmond,Adelaide,Brodie Smith,11,4,9,0,1,0,2
2024,14,2024-06-06,Adelaide Oval,Adelaide,Richmond,Adelaide,Jake Soligo,11,5,9,0,1,0,4
2024,14,2024-06-06,Adelaide Oval,Adelaide,Richmond,Adelaide,Kieran Strachan,6,4,4,1,0,13,0
2024,14,2024-06-06,Adelaide Oval,Adelaide,Richmond,Richmond,Liam Baker,19,8,5,1,0,0,1
2024,14,2024-06-06,Adelaide Oval,Adelaide,Richmond,Richmond,Noah Balta,18,12,2,0,0,0,2
2024,14,2024-06-06,Adelaide Oval,Adelaide,Richmond,Richmond,Shai Bolton,10,1,10,0,3,0,3
2024,14,2024-06-06,Adelaide Oval,Adelaide,Richmond,Richmond,Nathan Broad,10,6,2,1,0,0,0
2024,14,2024-06-06,Adelaide Oval,Adelaide,Richmond,Richmond,Tom Brown,9,4,7,0,0,0,1
2024,14,2024-06-06,Adelaide Oval,Adelaide,Richmond,Richmond,Seth Campbell,6,1,3,2,0,0,1
2024,14,2024-06-06,Adelaide Oval,Adelaide,Richmond,Richmond,Noah Cumberland,4,2,1,3,0,0,2
2024,14,2024-06-06,Adelaide Oval,Adelaide,Richmond,Richmond,Thomson Dow,7,3,12,0,0,0,1
2024,14,2024-06-06,Adelaide Oval,Adelaide,Richmond,Richmond,Jack Graham,6,0,11,0,1,0,5
2024,14,2024-06-06,Adelaide Oval,Adelaide,Richmond,Richmond,Jacob Koschitzke,3,4,1,1,0,0,4
2024,14,2024-06-06,Adelaide Oval,Adelaide,Richmond,Richmond,Rhyan Mansell,9,4,1,2,1,0,8
2024,14,2024-06-06,Adelaide Oval,Adelaide,Richmond,Richmond,Kane McAuliffe,2,0,5,0,0,0,1
2024,14,2024-06-06,Adelaide Oval,Adelaide,Richmond,Richmond,Kamdyn McIntosh,10,4,2,2,1,0,4
2024,14,2024-06-06,Adelaide Oval,Adelaide,Richmond,Richmond,Ben Miller,9,7,8,0,0,0,1
2024,14,2024-06-06,Adelaide Oval,Adelaide,Richmond,Richmond,Toby Nankervis,8,4,5,0,0,43,7
2024,14,2024-06-06,Adelaide Oval,Adelaide,Richmond,Richmond,Dion Prestia,8,3,6,0,0,0,4
2024,14,2024-06-06,Adelaide Oval,Adelaide,Richmond,Richmond,Hugo Ralphsmith,3,1,4,0,0,0,5
2024,14,2024-06-06,Adelaide Oval,Adelaide,Richmond,Richmond,Daniel Rioli,13,6,7,0,0,0,1
2024,14,2024-06-06,Adelaide Oval,Adelaide,Richmond,Richmond,Samson Ryan,4,1,4,0,0,14,0
2024,14,2024-06-06,Adelaide Oval,Adelaide,Richmond,Richmond,Jayden Short,23,8,8,0,0,0,0
2024,14,2024-06-06,Adelaide Oval,Adelaide,Richmond,Richmond,Tyler Sonsie,6,4,5,0,0,0,1
2024,14,2024-06-06,Adelaide Oval,Adelaide,Richmond,Richmond,Tim Taranto,13,4,13,0,0,0,8
2024,14,2024-06-06,Adelaide Oval,Adelaide,Richmond,Richmond,Nick Vlastuin,11,7,3,0,0,0,1
2024,14,2024-06-07,Docklands,Western Bulldogs,Brisbane Lions,Western Bulldogs,Marcus Bontempelli,11,6,8,3,0,0,2
2024,14,2024-06-07,Docklands,Western Bulldogs,Brisbane Lions,Western Bulldogs,Lachlan Bramble,14,5,7,0,0,0,1
2024,14,2024-06-07,Docklands,Western Bulldogs,Brisbane Lions,Western Bulldogs,Bailey Dale,15,2,10,0,1,0,4
2024,14,2024-06-07,Docklands,Western Bulldogs,Brisbane Lions,Western Bulldogs,Caleb Daniel,9,2,6,0,1,0,2
2024,14,2024-06-07,Docklands,Western Bulldogs,Brisbane Lions,Western Bulldogs,Taylor Duryea,5,2,6,0,0,0,3
2024,14,2024-06-07,Docklands,Western Bulldogs,Brisbane Lions,Western Bulldogs,Tim English,6,3,10,0,0,22,6
2024,14,2024-06-07,Docklands,Western Bulldogs,Brisbane Lions,Western Bulldogs,Joel Freijah,7,3,5,0,0,0,0
2024,14,2024-06-07,Docklands,Western Bulldogs,Brisbane Lions,Western Bulldogs,Harvey Gallagher,10,1,4,0,0,0,3
2024,14,2024-06-07,Docklands,Western Bulldogs,Brisbane Lions,Western Bulldogs,Riley Garcia,11,1,12,1,0,0,1
2024,14,2024-06-07,Docklands,Western Bulldogs,Brisbane Lions,Western Bulldogs,Liam Jones,13,10,6,0,0,0,0
2024,14,2024-06-07,Docklands,Western Bulldogs,Brisbane Lions,Western Bulldogs,Alex Keath,3,4,8,0,0,0,2
2024,14,2024-06-07,Docklands,Western Bulldogs,Brisbane Lions,Western Bulldogs,Buku Khamis,0,0,0,0,0,1,0
2024,14,2024-06-07,Docklands,Western Bulldogs,Brisbane Lions,Western Bulldogs,Tom Liberatore,15,3,8,0,1,0,5
2024,14,2024-06-07,Docklands,Western Bulldogs,Brisbane Lions,Western Bulldogs,Rory Lobb,3,1,2,0,0,9,3
2024,14,2024-06-07,Docklands,Western Bulldogs,Brisbane Lions,Western Bulldogs,Jack Macrae,6,4,14,0,0,0,1
2024,14,2024-06-07,Docklands,Western Bulldogs,Brisbane Lions,Western Bulldogs,Lachlan McNeil,5,1,5,0,2,0,5
2024,14,2024-06-07,Docklands,Western Bulldogs,Brisbane Lions,Western Bulldogs,James ODonnell,6,4,2,2,1,0,0
2024,14,2024-06-07,Docklands,Western Bulldogs,Brisbane Lions,Western Bulldogs,Ryley Sanders,5,2,12,0,0,0,3
2024,14,2024-06-07,Docklands,Western Bulldogs,Brisbane Lions,Western Bulldogs,Adam Treloar,12,8,18,1,0,0,2
2024,14,2024-06-07,Docklands,Western Bulldogs,Brisbane Lions,Western Bulldogs,Jamarra Ugle-Hagan,7,4,1,2,1,0,1
2024,14,2024-06-07,Docklands,Western Bulldogs,Brisbane Lions,Western Bulldogs,Laitham Vandermeer,5,4,3,0,0,0,0
2024,14,2024-06-07,Docklands,Western Bulldogs,Brisbane Lions,Western Bulldogs,Rhylee West,7,2,4,1,1,0,1
2024,14,2024-06-07,Docklands,Western Bulldogs,Brisbane Lions,Western Bulldogs,Bailey Williams,16,12,8,0,0,0,4
2024,14,2024-06-07,Docklands,Western Bulldogs,Brisbane Lions,Brisbane Lions,Callum Ah Chee,11,6,2,0,1,0,0
2024,14,2024-06-07,Docklands,Western Bulldogs,Brisbane Lions,Brisbane Lions,Harris Andrews,11,9,4,0,0,0,1
2024,14,2024-06-07,Docklands,Western Bulldogs,Brisbane Lions,Brisbane Lions,Noah Answerth,2,0,0,0,0,0,2
2024,14,2024-06-07,Docklands,Western Bulldogs,Brisbane Lions,Brisbane Lions,Zac Bailey,6,2,11,2,0,0,4
2024,14,2024-06-07,Docklands,Western Bulldogs,Brisbane Lions,Brisbane Lions,Jarrod Berry,12,6,11,1,0,0,3
2024,14,2024-06-07,Docklands,Western Bulldogs,Brisbane Lions,Brisbane Lions,Charlie Cameron,6,2,3,0,1,0,4
2024,14,2024-06-07,Docklands,Western Bulldogs,Brisbane Lions,Brisbane Lions,Joe Daniher,14,10,5,2,3,3,2
2024,14,2024-06-07,Docklands,Western Bulldogs,Brisbane Lions,Brisbane Lions,Josh Dunkley,9,2,15,1,0,0,3
2024,14,2024-06-07,Docklands,Western Bulldogs,Brisbane Lions,Brisbane Lions,Jaspa Fletcher,10,5,5,0,0,0,1
2024,14,2024-06-07,Docklands,Western Bulldogs,Brisbane Lions,Brisbane Lions,Eric Hipwood,16,13,4,6,2,2,2
2024,14,2024-06-07,Docklands,Western Bulldogs,Brisbane Lions,Brisbane Lions,Ryan Lester,8,6,3,0,0,0,0
2024,14,2024-06-07,Docklands,Western Bulldogs,Brisbane Lions,Brisbane Lions,Kai Lohmann,7,3,4,1,1,0,4
2024,14,2024-06-07,Docklands,Western Bulldogs,Brisbane Lions,Brisbane Lions,Hugh McCluggage,11,5,13,0,0,0,3
2024,14,2024-06-07,Docklands,Western Bulldogs,Brisbane Lions,Brisbane Lions,Oscar McInerney,8,1,10,0,0,30,1
2024,14,2024-06-07,Docklands,Western Bulldogs,Brisbane Lions,Brisbane Lions,Conor McKenna,15,8,4,0,0,0,2
2024,14,2024-06-07,Docklands,Western Bulldogs,Brisbane Lions,Brisbane Lions,Logan Morris,10,5,2,1,1,0,1
2024,14,2024-06-07,Docklands,Western Bulldogs,Brisbane Lions,Brisbane Lions,Lachie Neale,17,6,21,2,0,0,2
2024,14,2024-06-07,Docklands,Western Bulldogs,Brisbane Lions,Brisbane Lions,Jack Payne,6,4,4,0,0,0,1
2024,14,2024-06-07,Docklands,Western Bulldogs,Brisbane Lions,Brisbane Lions,Cam Rayner,9,5,9,1,1,0,2
2024,14,2024-06-07,Docklands,Western Bulldogs,Brisbane Lions,Brisbane Lions,Bruce Reville,10,3,3,0,0,0,5
2024,14,2024-06-07,Docklands,Western Bulldogs,Brisbane Lions,Brisbane Lions,Brandon Starcevich,6,3,4,0,0,0,1
2024,14,2024-06-07,Docklands,Western Bulldogs,Brisbane Lions,Brisbane Lions,Darcy Wilmot,17,8,6,0,0,0,2
2024,14,2024-06-07,Docklands,Western Bulldogs,Brisbane Lions,Brisbane Lions,Dayne Zorko,19,6,4,0,0,0,4
2024,14,2024-06-08,York Park,Hawthorn,Greater Western Sydney,Hawthorn,Karl Amon,17,3,2,0,0,0,1
2024,14,2024-06-08,York Park,Hawthorn,Greater Western Sydney,Hawthorn,Luke Breust,2,2,3,2,0,0,0
2024,14,2024-06-08,York Park,Hawthorn,Greater Western Sydney,Hawthorn,Mabior Chol,9,6,1,2,1,0,2
2024,14,2024-06-08,York Park,Hawthorn,Greater Western Sydney,Hawthorn,Massimo DAmbrosio,12,6,11,0,1,0,0
2024,14,2024-06-08,York Park,Hawthorn,Greater Western Sydney,Hawthorn,Will Day,10,6,16,0,0,0,10
2024,14,2024-06-08,York Park,Hawthorn,Greater Western Sydney,Hawthorn,Calsher Dear,5,5,3,1,1,0,6
2024,14,2024-06-08,York Park,Hawthorn,Greater Western Sydney,Hawthorn,Sam Frost,4,3,5,0,0,0,1
2024,14,2024-06-08,York Park,Hawthorn,Greater Western Sydney,Hawthorn,Jack Ginnivan,11,3,5,0,1,0,3
2024,14,2024-06-08,York Park,Hawthorn,Greater Western Sydney,Hawthorn,Jack Gunston,7,6,0,3,0,0,0
2024,14,2024-06-08,York Park,Hawthorn,Greater Western Sydney,Hawthorn,Blake Hardwick,7,4,1,0,1,0,1
2024,14,2024-06-08,York Park,Hawthorn,Greater Western Sydney,Hawthorn,Jarman Impey,14,7,2,0,0,0,2
2024,14,2024-06-08,York Park,Hawthorn,Greater Western Sydney,Hawthorn,Changkuoth Jiath,6,3,4,1,1,0,2
2024,14,2024-06-08,York Park,Hawthorn,Greater Western Sydney,Hawthorn,Connor Macdonald,12,3,7,2,1,0,1
2024,14,2024-06-08,York Park,Hawthorn,Greater Western Sydney,Hawthorn,Cam Mackenzie,8,2,6,0,0,0,2
2024,14,2024-06-08,York Park,Hawthorn,Greater Western Sydney,Hawthorn,Seamus Mitchell,3,3,1,0,0,0,2
2024,14,2024-06-08,York Park,Hawthorn,Greater Western Sydney,Hawthorn,Dylan Moore,11,2,8,0,2,0,5
2024,14,2024-06-08,York Park,Hawthorn,Greater Western Sydney,Hawthorn,Conor Nash,11,2,9,0,0,1,7
2024,14,2024-06-08,York Park,Hawthorn,Greater Western Sydney,Hawthorn,Jai Newcombe,5,5,13,0,0,0,6
2024,14,2024-06-08,York Park,Hawthorn,Greater Western Sydney,Hawthorn,Ned Reeves,1,2,4,0,0,17,0
2024,14,2024-06-08,York Park,Hawthorn,Greater Western Sydney,Hawthorn,Jack Scrimshaw,11,2,6,0,0,0,1
2024,14,2024-06-08,York Park,Hawthorn,Greater Western Sydney,Hawthorn,James Sicily,14,6,8,0,1,0,1
2024,14,2024-06-08,York Park,Hawthorn,Greater Western Sydney,Hawthorn,Josh Weddle,9,5,8,1,1,5,5
2024,14,2024-06-08,York Park,Hawthorn,Greater Western Sydney,Hawthorn,James Worpel,11,2,9,0,0,0,8
2024,14,2024-06-08,York Park,Hawthorn,Greater Western Sydney,Greater Western Sydney,Leek Aleer,6,3,2,0,0,0,2
2024,14,2024-06-08,York Park,Hawthorn,Greater Western Sydney,Greater Western Sydney,Ryan Angwin,4,0,6,1,1,0,3
2024,14,2024-06-08,York Park,Hawthorn,Greater Western Sydney,Greater Western Sydney,Toby Bedford,3,1,7,0,0,0,3
2024,14,2024-06-08,York Park,Hawthorn,Greater Western Sydney,Greater Western Sydney,Kieren Briggs,14,2,7,0,0,38,4
2024,14,2024-06-08,York Park,Hawthorn,Greater Western Sydney,Greater Western Sydney,Callum Brown,2,3,0,0,0,0,0
2024,14,2024-06-08,York Park,Hawthorn,Greater Western Sydney,Greater Western Sydney,Aaron Cadman,5,2,0,2,0,0,0
2024,14,2024-06-08,York Park,Hawthorn,Greater Western Sydney,Greater Western Sydney,Finn Callaghan,5,1,23,0,2,0,4
2024,14,2024-06-08,York Park,Hawthorn,Greater Western Sydney,Greater Western Sydney,Brent Daniels,7,2,20,1,0,0,1
2024,14,2024-06-08,York Park,Hawthorn,Greater Western Sydney,Greater Western Sydney,Tom Green,14,4,12,0,0,0,1
2024,14,2024-06-08,York Park,Hawthorn,Greater Western Sydney,Greater Western Sydney,Toby Greene,9,3,5,1,1,0,2
2024,14,2024-06-08,York Park,Hawthorn,Greater Western Sydney,Greater Western Sydney,Nick Haynes,11,5,3,0,0,0,1
2024,14,2024-06-08,York Park,Hawthorn,Greater Western Sydney,Greater Western Sydney,Harry Himmelberg,17,6,5,0,0,0,0
2024,14,2024-06-08,York Park,Hawthorn,Greater Western Sydney,Greater Western Sydney,Jesse Hogan,8,8,5,1,1,0,1
2024,14,2024-06-08,York Park,Hawthorn,Greater Western Sydney,Greater Western Sydney,Connor Idun,9,8,12,0,0,0,1
2024,14,2024-06-08,York Park,Hawthorn,Greater Western Sydney,Greater Western Sydney,Toby McMullin,3,0,2,0,0,0,5
2024,14,2024-06-08,York Park,Hawthorn,Greater Western Sydney,Greater Western Sydney,Xavier OHalloran,9,1,6,4,0,0,6
2024,14,2024-06-08,York Park,Hawthorn,Greater Western Sydney,Greater Western Sydney,James Peatling,13,2,5,1,0,0,10
2024,14,2024-06-08,York Park,Hawthorn,Greater Western Sydney,Greater Western Sydney,Jake Riccardi,8,7,6,1,0,9,3
2024,14,2024-06-08,York Park,Hawthorn,Greater Western Sydney,Greater Western Sydney,Sam Taylor,4,5,3,0,0,0,3
2024,14,2024-06-08,York Park,Hawthorn,Greater Western Sydney,Greater Western Sydney,Harvey Thomas,3,2,8,0,1,0,0
2024,14,2024-06-08,York Park,Hawthorn,Greater Western Sydney,Greater Western Sydney,Callan Ward,9,5,3,0,0,0,1
2024,14,2024-06-08,York Park,Hawthorn,Greater Western Sydney,Greater Western Sydney,Jacob Wehr,10,3,5,0,0,0,3
2024,14,2024-06-08,York Park,Hawthorn,Greater Western Sydney,Greater Western Sydney,Lachie Whitfield,21,12,9,0,0,0,3
2024,14,2024-06-08,Perth Stadium,West Coast,North Melbourne,West Coast,Tom Barrass,6,2,3,0,0,0,2
2024,14,2024-06-08,Perth Stadium,West Coast,North Melbourne,West Coast,Campbell Chesser,6,2,7,0,0,0,1
2024,14,2024-06-08,Perth Stadium,West Coast,North Melbourne,West Coast,Tom Cole,9,1,4,0,0,0,3
2024,14,2024-06-08,Perth Stadium,West Coast,North Melbourne,West Coast,Jamie Cripps,11,8,10,1,3,0,5
2024,14,2024-06-08,Perth Stadium,West Coast,North Melbourne,West Coast,Jai Culley,9,4,5,0,1,0,0
2024,14,2024-06-08,Perth Stadium,West Coast,North Melbourne,West Coast,Jack Darling,7,4,0,1,3,2,1
2024,14,2024-06-08,Perth Stadium,West Coast,North Melbourne,West Coast,Liam Duggan,13,4,5,0,0,0,2
2024,14,2024-06-08,Perth Stadium,West Coast,North Melbourne,West Coast,Harry Edwards,4,5,3,0,0,0,1
2024,14,2024-06-08,Perth Stadium,West Coast,North Melbourne,West Coast,Matt Flynn,4,2,4,1,0,29,1
2024,14,2024-06-08,Perth Stadium,West Coast,North Melbourne,West Coast,Andrew Gaff,9,3,10,0,0,0,2
2024,14,2024-06-08,Perth Stadium,West Coast,North Melbourne,West Coast,Reuben Ginbey,7,1,5,0,0,0,7
2024,14,2024-06-08,Perth Stadium,West Coast,North Melbourne,West Coast,Brady Hough,8,4,7,0,0,0,1
2024,14,2024-06-08,Perth Stadium,West Coast,North Melbourne,West Coast,Jack Hutchinson,3,1,1,0,1,0,3
2024,14,2024-06-08,Perth Stadium,West Coast,North Melbourne,West Coast,Jamaine Jones,6,2,6,0,0,0,5
2024,14,2024-06-08,Perth Stadium,West Coast,North Melbourne,West Coast,Ryan Maric,4,1,2,0,1,0,2
2024,14,2024-06-08,Perth Stadium,West Coast,North Melbourne,West Coast,Jeremy McGovern,11,2,12,0,1,0,1
2024,14,2024-06-08,Perth Stadium,West Coast,North Melbourne,West Coast,Jack Petruccelle,5,4,9,0,0,0,3
2024,14,2024-06-08,Perth Stadium,West Coast,North Melbourne,West Coast,Liam Ryan,4,1,7,0,0,0,1
2024,14,2024-06-08,Perth Stadium,West Coast,North Melbourne,West Coast,Dom Sheed,10,1,6,0,1,0,2
2024,14,2024-06-08,Perth Stadium,West Coast,North Melbourne,West Coast,Jake Waterman,12,8,4,3,2,0,1
2024,14,2024-06-08,Perth Stadium,West Coast,North Melbourne,West Coast,Bailey Williams,2,1,6,0,0,17,1
2024,14,2024-06-08,Perth Stadium,West Coast,North Melbourne,West Coast,Alex Witherden,14,4,6,1,0,0,4
2024,14,2024-06-08,Perth Stadium,West Coast,North Melbourne,West Coast,Elliot Yeo,11,1,12,1,1,0,13
2024,14,2024-06-08,Perth Stadium,West Coast,North Melbourne,North Melbourne,Jackson Archer,6,2,6,0,0,0,5
2024,14,2024-06-08,Perth Stadium,West Coast,North Melbourne,North Melbourne,Charlie Comben,5,5,5,0,1,0,1
2024,14,2024-06-08,Perth Stadium,West Coast,North Melbourne,North Melbourne,Aidan Corr,7,2,1,0,0,0,2
2024,14,2024-06-08,Perth Stadium,West Coast,North Melbourne,North Melbourne,Paul Curtis,5,2,6,1,0,0,5
2024,14,2024-06-08,Perth Stadium,West Coast,North Melbourne,North Melbourne,Luke Davies-Uniacke,13,3,13,0,1,0,5
2024,14,2024-06-08,Perth Stadium,West Coast,North Melbourne,North Melbourne,Kallan Dawson,5,1,3,0,0,0,4
2024,14,2024-06-08,Perth Stadium,West Coast,North Melbourne,North Melbourne,Wil Dawson,0,0,0,0,0,0,0
2024,14,2024-06-08,Perth Stadium,West Coast,North Melbourne,North Melbourne,Zac Fisher,26,6,10,0,0,0,0
2024,14,2024-06-08,Perth Stadium,West Coast,North Melbourne,North Melbourne,Eddie Ford,4,2,5,0,1,0,5
2024,14,2024-06-08,Perth Stadium,West Coast,North Melbourne,North Melbourne,Nick Larkey,12,6,3,5,0,0,4
2024,14,2024-06-08,Perth Stadium,West Coast,North Melbourne,North Melbourne,Luke McDonald,7,4,3,0,0,0,3
2024,14,2024-06-08,Perth Stadium,West Coast,North Melbourne,North Melbourne,Toby Pink,6,3,3,0,0,2,1
2024,14,2024-06-08,Perth Stadium,West Coast,North Melbourne,North Melbourne,Tom Powell,12,4,6,0,0,0,4
2024,14,2024-06-08,Perth Stadium,West Coast,North Melbourne,North Melbourne,Bailey Scott,8,2,8,0,1,0,6
2024,14,2024-06-08,Perth Stadium,West Coast,North Melbourne,North Melbourne,Harry Sheezel,14,4,16,1,0,0,5
2024,14,2024-06-08,Perth Stadium,West Coast,North Melbourne,North Melbourne,Liam Shiels,6,3,8,0,0,0,3
2024,14,2024-06-08,Perth Stadium,West Coast,North Melbourne,North Melbourne,Jy Simpkin,18,5,10,2,0,0,7
2024,14,2024-06-08,Perth Stadium,West Coast,North Melbourne,North Melbourne,Jaidyn Stephenson,10,3,4,1,0,0,1
2024,14,2024-06-08,Perth Stadium,West Coast,North Melbourne,North Melbourne,Curtis Taylor,6,1,1,0,0,0,4
2024,14,2024-06-08,Perth Stadium,West Coast,North Melbourne,North Melbourne,Darcy Tucker,16,5,5,0,0,0,2
2024,14,2024-06-08,Perth Stadium,West Coast,North Melbourne,North Melbourne,George Wardlaw,11,3,10,0,0,0,7
2024,14,2024-06-08,Perth Stadium,West Coast,North Melbourne,North Melbourne,Tristan Xerri,10,4,9,0,0,32,10
2024,14,2024-06-08,Perth Stadium,West Coast,North Melbourne,North Melbourne,Cameron Zurhaar,9,3,5,1,2,0,3
2024,14,2024-06-08,Docklands,St Kilda,Gold Coast,St Kilda,Josh Battle,12,7,6,0,0,0,3
2024,14,2024-06-08,Docklands,St Kilda,Gold Coast,St Kilda,Riley Bonner,8,2,4,0,1,0,1
2024,14,2024-06-08,Docklands,St Kilda,Gold Coast,St Kilda,Dan Butler,7,2,4,3,1,0,4
2024,14,2024-06-08,Docklands,St Kilda,Gold Coast,St Kilda,Anthony Caminiti,4,6,8,0,0,1,3
2024,14,2024-06-08,Docklands,St Kilda,Gold Coast,St Kilda,Hunter Clark,13,0,5,0,0,0,6
2024,14,2024-06-08,Docklands,St Kilda,Gold Coast,St Kilda,Paddy Dow,10,4,10,0,0,0,3
2024,14,2024-06-08,Docklands,St Kilda,Gold Coast,St Kilda,Liam Henry,6,3,9,0,1,0,1
2024,14,2024-06-08,Docklands,St Kilda,Gold Coast,St Kilda,Jack Higgins,10,4,7,2,1,0,4
2024,14,2024-06-08,Docklands,St Kilda,Gold Coast,St Kilda,Bradley Hill,9,5,6,0,0,0,2
2024,14,2024-06-08,Docklands,St Kilda,Gold Coast,St Kilda,Dougal Howard,1,2,2,0,0,0,0
2024,14,2024-06-08,Docklands,St Kilda,Gold Coast,St Kilda,Max King,9,5,1,2,1,0,1
2024,14,2024-06-08,Docklands,St Kilda,Gold Coast,St Kilda,Rowan Marshall,13,5,6,0,0,24,4
2024,14,2024-06-08,Docklands,St Kilda,Gold Coast,St Kilda,Tim Membrey,3,2,6,0,0,0,3
2024,14,2024-06-08,Docklands,St Kilda,Gold Coast,St Kilda,Mitch Owens,9,3,5,0,1,0,6
2024,14,2024-06-08,Docklands,St Kilda,Gold Coast,St Kilda,Sebastian Ross,8,4,0,0,0,0,0
2024,14,2024-06-08,Docklands,St Kilda,Gold Coast,St Kilda,Jack Sinclair,25,7,6,0,1,0,2
2024,14,2024-06-08,Docklands,St Kilda,Gold Coast,St Kilda,Jack Steele,8,2,12,0,0,0,8
2024,14,2024-06-08,Docklands,St Kilda,Gold Coast,St Kilda,Nasiah Wanganeen-Milera,20,5,8,0,1,0,1
2024,14,2024-06-08,Docklands,St Kilda,Gold Coast,St Kilda,Jimmy Webster,7,2,6,0,0,0,1
2024,14,2024-06-08,Docklands,St Kilda,Gold Coast,St Kilda,Callum Wilkie,4,4,6,0,0,0,0
2024,14,2024-06-08,Docklands,St Kilda,Gold Coast,St Kilda,Darcy Wilson,6,2,4,0,0,0,1
2024,14,2024-06-08,Docklands,St Kilda,Gold Coast,St Kilda,Marcus Windhager,9,3,6,0,0,0,5
2024,14,2024-06-08,Docklands,St Kilda,Gold Coast,St Kilda,Mason Wood,13,4,8,0,0,0,1
2024,14,2024-06-08,Docklands,St Kilda,Gold Coast,Gold Coast,Ben Ainsworth,8,7,1,1,1,0,1
2024,14,2024-06-08,Docklands,St Kilda,Gold Coast,Gold Coast,Noah Anderson,16,7,13,0,0,0,2
2024,14,2024-06-08,Docklands,St Kilda,Gold Coast,Gold Coast,Mac Andrew,11,6,7,0,0,0,0
2024,14,2024-06-08,Docklands,St Kilda,Gold Coast,Gold Coast,Charlie Ballard,13,10,10,0,0,0,1
2024,14,2024-06-08,Docklands,St Kilda,Gold Coast,Gold Coast,Tom Berry,7,3,6,0,0,0,1
2024,14,2024-06-08,Docklands,St Kilda,Gold Coast,Gold Coast,Sam Clohesy,9,4,4,0,0,0,2
2024,14,2024-06-08,Docklands,St Kilda,Gold Coast,Gold Coast,Sam Collins,13,12,5,0,0,0,6
2024,14,2024-06-08,Docklands,St Kilda,Gold Coast,Gold Coast,Brayden Fiorini,7,6,9,0,0,0,1
2024,14,2024-06-08,Docklands,St Kilda,Gold Coast,Gold Coast,Sam Flanders,30,13,12,0,0,0,2
2024,14,2024-06-08,Docklands,St Kilda,Gold Coast,Gold Coast,Will Graham,7,3,3,0,0,0,3
2024,14,2024-06-08,Docklands,St Kilda,Gold Coast,Gold Coast,Nick Holman,4,4,6,0,0,0,5
2024,14,2024-06-08,Docklands,St Kilda,Gold Coast,Gold Coast,Bailey Humphrey,1,0,2,0,0,0,1
2024,14,2024-06-08,Docklands,St Kilda,Gold Coast,Gold Coast,Joel Jeffrey,21,12,8,0,0,0,2
2024,14,2024-06-08,Docklands,St Kilda,Gold Coast,Gold Coast,Ben King,6,6,1,2,0,0,0
2024,14,2024-06-08,Docklands,St Kilda,Gold Coast,Gold Coast,Ben Long,8,2,2,1,0,0,4
2024,14,2024-06-08,Docklands,St Kilda,Gold Coast,Gold Coast,Jack Lukosius,9,6,2,0,2,0,2
2024,14,2024-06-08,Docklands,St Kilda,Gold Coast,Gold Coast,Touk Miller,7,1,7,1,0,0,2
2024,14,2024-06-08,Docklands,St Kilda,Gold Coast,Gold Coast,Ned Moyle,5,3,4,0,0,32,3
2024,14,2024-06-08,Docklands,St Kilda,Gold Coast,Gold Coast,Matt Rowell,5,1,14,1,0,0,7
2024,14,2024-06-08,Docklands,St Kilda,Gold Coast,Gold Coast,Alex Sexton,22,16,7,0,0,0,1
2024,14,2024-06-08,Docklands,St Kilda,Gold Coast,Gold Coast,David Swallow,5,2,4,1,0,0,2
2024,14,2024-06-08,Docklands,St Kilda,Gold Coast,Gold Coast,Bodhi Uwland,18,13,5,0,0,0,5
2024,14,2024-06-08,Docklands,St Kilda,Gold Coast,Gold Coast,Jed Walter,1,0,4,0,0,2,3
2024,14,2024-06-09,S.C.G.,Sydney,Geelong,Sydney,Taylor Adams,13,4,10,0,0,0,3
2024,14,2024-06-09,S.C.G.,Sydney,Geelong,Sydney,Joel Amartey,8,7,1,3,2,0,1
2024,14,2024-06-09,S.C.G.,Sydney,Geelong,Sydney,Nick Blakey,12,6,4,0,0,0,1
2024,14,2024-06-09,S.C.G.,Sydney,Geelong,Sydney,Braeden Campbell,1,1,1,0,0,0,0
2024,14,2024-06-09,S.C.G.,Sydney,Geelong,Sydney,Harry Cunningham,4,3,5,0,0,0,0
2024,14,2024-06-09,S.C.G.,Sydney,Geelong,Sydney,Oliver Florent,13,7,6,0,0,0,0
2024,14,2024-06-09,S.C.G.,Sydney,Geelong,Sydney,Brodie Grundy,7,2,17,0,0,34,2
2024,14,2024-06-09,S.C.G.,Sydney,Geelong,Sydney,Errol Gulden,25,8,12,1,1,0,5
2024,14,2024-06-09,S.C.G.,Sydney,Geelong,Sydney,Will Hayward,6,2,8,1,0,0,4
2024,14,2024-06-09,S.C.G.,Sydney,Geelong,Sydney,Isaac Heeney,14,2,12,2,2,0,5
2024,14,2024-06-09,S.C.G.,Sydney,Geelong,Sydney,James Jordon,5,3,10,1,2,0,2
2024,14,2024-06-09,S.C.G.,Sydney,Geelong,Sydney,Jake Lloyd,14,6,7,1,0,0,1
2024,14,2024-06-09,S.C.G.,Sydney,Geelong,Sydney,Tom McCartin,6,4,4,0,0,0,0
2024,14,2024-06-09,S.C.G.,Sydney,Geelong,Sydney,Logan McDonald,6,3,5,0,1,0,3
2024,14,2024-06-09,S.C.G.,Sydney,Geelong,Sydney,Justin McInerney,11,5,13,1,1,0,3
2024,14,2024-06-09,S.C.G.,Sydney,Geelong,Sydney,Hayden McLean,3,1,5,0,0,6,2
2024,14,2024-06-09,S.C.G.,Sydney,Geelong,Sydney,Lewis Melican,7,3,0,0,0,0,0
2024,14,2024-06-09,S.C.G.,Sydney,Geelong,Sydney,Tom Papley,12,6,3,4,1,0,3
2024,14,2024-06-09,S.C.G.,Sydney,Geelong,Sydney,Dane Rampe,10,7,3,0,0,0,2
2024,14,2024-06-09,S.C.G.,Sydney,Geelong,Sydney,Matt Roberts,9,5,1,0,0,0,2
2024,14,2024-06-09,S.C.G.,Sydney,Geelong,Sydney,James Rowbottom,11,2,8,0,1,0,10
2024,14,2024-06-09,S.C.G.,Sydney,Geelong,Sydney,Chad Warner,19,5,7,2,0,0,1
2024,14,2024-06-09,S.C.G.,Sydney,Geelong,Sydney,Sam Wicks,7,5,10,0,0,0,1
2024,14,2024-06-09,S.C.G.,Sydney,Geelong,Geelong,Tom Atkins,11,4,9,0,0,0,7
2024,14,2024-06-09,S.C.G.,Sydney,Geelong,Geelong,Mark Blicavs,6,6,3,0,0,3,1
2024,14,2024-06-09,S.C.G.,Sydney,Geelong,Geelong,Jack Bowes,8,2,6,2,1,0,4
2024,14,2024-06-09,S.C.G.,Sydney,Geelong,Geelong,Tanner Bruhn,8,1,5,0,0,0,0
2024,14,2024-06-09,S.C.G.,Sydney,Geelong,Geelong,Jeremy Cameron,11,8,10,2,0,0,1
2024,14,2024-06-09,S.C.G.,Sydney,Geelong,Geelong,Jhye Clark,10,1,6,0,0,0,4
2024,14,2024-06-09,S.C.G.,Sydney,Geelong,Geelong,Brad Close,3,2,6,1,0,0,4
2024,14,2024-06-09,S.C.G.,Sydney,Geelong,Geelong,Sam De Koning,2,3,8,0,0,0,0
2024,14,2024-06-09,S.C.G.,Sydney,Geelong,Geelong,Oliver Dempsey,9,4,5,0,0,0,2
2024,14,2024-06-09,S.C.G.,Sydney,Geelong,Geelong,Mitch Duncan,16,6,3,0,1,0,0
2024,14,2024-06-09,S.C.G.,Sydney,Geelong,Geelong,Zach Guthrie,10,3,3,0,0,0,3
2024,14,2024-06-09,S.C.G.,Sydney,Geelong,Geelong,Tom Hawkins,7,5,3,1,2,5,3
2024,14,2024-06-09,S.C.G.,Sydney,Geelong,Geelong,Jack Henry,9,7,3,0,0,0,1
2024,14,2024-06-09,S.C.G.,Sydney,Geelong,Geelong,Max Holmes,11,6,12,1,1,0,3
2024,14,2024-06-09,S.C.G.,Sydney,Geelong,Geelong,Jake Kolodjashnij,10,7,9,0,0,0,2
2024,14,2024-06-09,S.C.G.,Sydney,Geelong,Geelong,Gryan Miers,11,6,5,1,1,0,2
2024,14,2024-06-09,S.C.G.,Sydney,Geelong,Geelong,Oisin Mullin,8,3,7,0,0,0,2
2024,14,2024-06-09,S.C.G.,Sydney,Geelong,Geelong,Shannon Neale,2,0,1,1,0,3,2
2024,14,2024-06-09,S.C.G.,Sydney,Geelong,Geelong,Mark OConnor,12,9,4,0,0,0,2
2024,14,2024-06-09,S.C.G.,Sydney,Geelong,Geelong,Gary Rohan,3,1,0,0,0,0,2
2024,14,2024-06-09,S.C.G.,Sydney,Geelong,Geelong,Rhys Stanley,5,3,3,0,0,20,3
2024,14,2024-06-09,S.C.G.,Sydney,Geelong,Geelong,Tyson Stengle,8,2,4,3,1,0,2
2024,14,2024-06-09,S.C.G.,Sydney,Geelong,Geelong,Tom Stewart,15,5,5,0,0,0,2
2024,14,2024-06-09,M.C.G.,Essendon,Carlton,Essendon,Jye Caldwell,7,4,15,0,2,0,8
2024,14,2024-06-09,M.C.G.,Essendon,Carlton,Essendon,Nik Cox,8,3,4,1,1,0,3
2024,14,2024-06-09,M.C.G.,Essendon,Carlton,Essendon,Sam Durham,12,6,9,1,0,0,6
2024,14,2024-06-09,M.C.G.,Essendon,Carlton,Essendon,Todd Goldstein,9,0,10,0,0,35,4
2024,14,2024-06-09,M.C.G.,Essendon,Carlton,Essendon,Jade Gresham,5,0,13,1,0,0,6
2024,14,2024-06-09,M.C.G.,Essendon,Carlton,Essendon,Matt Guelfi,5,4,10,2,1,0,5
2024,14,2024-06-09,M.C.G.,Essendon,Carlton,Essendon,Dyson Heppell,4,2,8,0,0,0,3
2024,14,2024-06-09,M.C.G.,Essendon,Carlton,Essendon,Nick Hind,9,2,6,0,0,0,4
2024,14,2024-06-09,M.C.G.,Essendon,Carlton,Essendon,Harry Jones,5,3,1,1,0,0,0
2024,14,2024-06-09,M.C.G.,Essendon,Carlton,Essendon,Jake Kelly,5,3,4,0,0,0,4
2024,14,2024-06-09,M.C.G.,Essendon,Carlton,Essendon,Kyle Langford,9,6,4,0,2,0,0
2024,14,2024-06-09,M.C.G.,Essendon,Carlton,Essendon,Jayden Laverde,11,5,8,0,0,0,1
2024,14,2024-06-09,M.C.G.,Essendon,Carlton,Essendon,Nic Martin,17,8,9,2,2,0,4
2024,14,2024-06-09,M.C.G.,Essendon,Carlton,Essendon,Andrew McGrath,10,3,8,0,0,0,3
2024,14,2024-06-09,M.C.G.,Essendon,Carlton,Essendon,Ben McKay,4,4,2,0,0,0,0
2024,14,2024-06-09,M.C.G.,Essendon,Carlton,Essendon,Jye Menzie,11,9,9,0,1,0,2
2024,14,2024-06-09,M.C.G.,Essendon,Carlton,Essendon,Zach Merrett,10,1,11,0,0,0,11
2024,14,2024-06-09,M.C.G.,Essendon,Carlton,Essendon,Archie Perkins,14,3,7,0,1,0,5
2024,14,2024-06-09,M.C.G.,Essendon,Carlton,Essendon,Jordan Ridley,15,9,7,0,0,0,1
2024,14,2024-06-09,M.C.G.,Essendon,Carlton,Essendon,Will Setterfield,14,4,5,0,1,0,5
2024,14,2024-06-09,M.C.G.,Essendon,Carlton,Essendon,Jake Stringer,10,3,4,1,0,0,4
2024,14,2024-06-09,M.C.G.,Essendon,Carlton,Essendon,Elijah Tsatas,3,1,3,0,0,0,0
2024,14,2024-06-09,M.C.G.,Essendon,Carlton,Essendon,Peter Wright,4,1,8,0,0,13,0
2024,14,2024-06-09,M.C.G.,Essendon,Carlton,Carlton,Blake Acres,9,4,7,0,0,0,3
2024,14,2024-06-09,M.C.G.,Essendon,Carlton,Carlton,Jordan Boyd,13,5,3,0,0,0,3
2024,14,2024-06-09,M.C.G.,Essendon,Carlton,Carlton,Jack Carroll,5,2,0,0,0,0,1
2024,14,2024-06-09,M.C.G.,Essendon,Carlton,Carlton,Alex Cincotta,7,2,3,2,0,0,1
2024,14,2024-06-09,M.C.G.,Essendon,Carlton,Carlton,Lachlan Cowan,11,6,4,0,0,0,3
2024,14,2024-06-09,M.C.G.,Essendon,Carlton,Carlton,Patrick Cripps,7,0,12,0,0,1,6
2024,14,2024-06-09,M.C.G.,Essendon,Carlton,Carlton,Charlie Curnow,9,5,2,2,2,0,0
2024,14,2024-06-09,M.C.G.,Essendon,Carlton,Carlton,Tom De Koning,13,5,11,0,0,19,0
2024,14,2024-06-09,M.C.G.,Essendon,Carlton,Carlton,Corey Durdin,1,1,2,1,0,0,0
2024,14,2024-06-09,M.C.G.,Essendon,Carlton,Carlton,Lachie Fogarty,8,3,2,1,1,0,0
2024,14,2024-06-09,M.C.G.,Essendon,Carlton,Carlton,George Hewett,13,3,10,1,0,0,7
2024,14,2024-06-09,M.C.G.,Essendon,Carlton,Carlton,Elijah Hollands,14,7,5,3,0,0,2
2024,14,2024-06-09,M.C.G.,Essendon,Carlton,Carlton,Oliver Hollands,6,3,4,0,0,0,2
2024,14,2024-06-09,M.C.G.,Essendon,Carlton,Carlton,Brodie Kemp,13,10,1,0,0,0,4
2024,14,2024-06-09,M.C.G.,Essendon,Carlton,Carlton,Matthew Kennedy,12,5,7,0,0,0,2
2024,14,2024-06-09,M.C.G.,Essendon,Carlton,Carlton,Mitch McGovern,12,3,2,1,0,0,2
2024,14,2024-06-09,M.C.G.,Essendon,Carlton,Carlton,Harry McKay,6,3,2,1,0,3,3
2024,14,2024-06-09,M.C.G.,Essendon,Carlton,Carlton,Nic Newman,18,9,3,0,1,0,2
2024,14,2024-06-09,M.C.G.,Essendon,Carlton,Carlton,Matthew Owies,6,3,1,1,0,0,3
2024,14,2024-06-09,M.C.G.,Essendon,Carlton,Carlton,Adam Saad,14,6,6,0,0,0,4
2024,14,2024-06-09,M.C.G.,Essendon,Carlton,Carlton,Sam Walsh,10,4,12,0,1,0,6
2024,14,2024-06-09,M.C.G.,Essendon,Carlton,Carlton,Jacob Weitering,11,6,2,0,0,0,2
2024,14,2024-06-09,M.C.G.,Essendon,Carlton,Carlton,Zac Williams,7,4,5,2,0,0,2
2024,14,2024-06-10,M.C.G.,Collingwood,Melbourne,Collingwood,Jack Bytel,1,1,1,0,0,0,1
2024,14,2024-06-10,M.C.G.,Collingwood,Melbourne,Collingwood,Darcy Cameron,8,4,1,1,0,22,3
2024,14,2024-06-10,M.C.G.,Collingwood,Melbourne,Collingwood,Jack Crisp,17,5,10,0,0,0,4
2024,14,2024-06-10,M.C.G.,Collingwood,Melbourne,Collingwood,Josh Daicos,17,10,17,0,1,0,4
2024,14,2024-06-10,M.C.G.,Collingwood,Melbourne,Collingwood,Nick Daicos,6,1,9,1,0,0,4
2024,14,2024-06-10,M.C.G.,Collingwood,Melbourne,Collingwood,Charlie Dean,8,6,4,0,0,0,1
2024,14,2024-06-10,M.C.G.,Collingwood,Melbourne,Collingwood,Billy Frampton,4,2,0,1,0,1,3
2024,14,2024-06-10,M.C.G.,Collingwood,Melbourne,Collingwood,Harvey Harrison,7,5,6,3,0,0,2
2024,14,2024-06-10,M.C.G.,Collingwood,Melbourne,Collingwood,Bobby Hill,5,1,4,0,0,0,2
2024,14,2024-06-10,M.C.G.,Collingwood,Melbourne,Collingwood,Will Hoskin-Elliott,11,8,2,2,1,0,1
2024,14,2024-06-10,M.C.G.,Collingwood,Melbourne,Collingwood,Jeremy Howe,19,8,5,0,0,0,0
2024,14,2024-06-10,M.C.G.,Collingwood,Melbourne,Collingwood,Nathan Kreuger,8,7,3,3,0,0,3
2024,14,2024-06-10,M.C.G.,Collingwood,Melbourne,Collingwood,Patrick Lipinski,11,5,13,1,0,0,7
2024,14,2024-06-10,M.C.G.,Collingwood,Melbourne,Collingwood,Finlay Macrae,10,1,6,1,1,0,4
2024,14,2024-06-10,M.C.G.,Collingwood,Melbourne,Collingwood,Oleg Markov,7,5,4,0,0,0,5
2024,14,2024-06-10,M.C.G.,Collingwood,Melbourne,Collingwood,Brayden Maynard,17,8,4,0,0,0,6
2024,14,2024-06-10,M.C.G.,Collingwood,Melbourne,Collingwood,Beau McCreery,5,5,3,0,0,0,7
2024,14,2024-06-10,M.C.G.,Collingwood,Melbourne,Collingwood,Darcy Moore,7,4,6,0,0,0,1
2024,14,2024-06-10,M.C.G.,Collingwood,Melbourne,Collingwood,John Noble,14,7,10,0,0,0,2
2024,14,2024-06-10,M.C.G.,Collingwood,Melbourne,Collingwood,Isaac Quaynor,8,9,9,0,0,0,1
2024,14,2024-06-10,M.C.G.,Collingwood,Melbourne,Collingwood,Lachie Schultz,3,3,6,1,0,0,4
2024,14,2024-06-10,M.C.G.,Collingwood,Melbourne,Collingwood,Steele Sidebottom,15,8,7,0,1,0,1
2024,14,2024-06-10,M.C.G.,Collingwood,Melbourne,Collingwood,Lachlan Sullivan,4,1,9,0,0,0,3
2024,14,2024-06-10,M.C.G.,Collingwood,Melbourne,Melbourne,Jack Billings,5,1,4,0,0,0,1
2024,14,2024-06-10,M.C.G.,Collingwood,Melbourne,Melbourne,Jake Bowey,8,6,7,0,1,0,0
2024,14,2024-06-10,M.C.G.,Collingwood,Melbourne,Melbourne,Kade Chandler,4,1,9,0,0,0,1
2024,14,2024-06-10,M.C.G.,Collingwood,Melbourne,Melbourne,Bayley Fritsch,15,5,2,1,4,0,2
2024,14,2024-06-10,M.C.G.,Collingwood,Melbourne,Melbourne,Max Gawn,12,9,13,0,1,45,3
2024,14,2024-06-10,M.C.G.,Collingwood,Melbourne,Melbourne,Blake Howes,6,2,4,0,0,0,1
2024,14,2024-06-10,M.C.G.,Collingwood,Melbourne,Melbourne,Ed Langdon,5,3,7,0,1,0,4
2024,14,2024-06-10,M.C.G.,Collingwood,Melbourne,Melbourne,Bailey Laurie,7,3,7,0,0,0,2
2024,14,2024-06-10,M.C.G.,Collingwood,Melbourne,Melbourne,Steven May,10,8,3,0,0,0,1
2024,14,2024-06-10,M.C.G.,Collingwood,Melbourne,Melbourne,Tom McDonald,11,3,1,0,0,0,0
2024,14,2024-06-10,M.C.G.,Collingwood,Melbourne,Melbourne,Judd McVee,6,4,4,0,0,0,0
2024,14,2024-06-10,M.C.G.,Collingwood,Melbourne,Melbourne,Alex Neal-Bullen,7,3,8,0,0,0,5
2024,14,2024-06-10,M.C.G.,Collingwood,Melbourne,Melbourne,Clayton Oliver,9,1,19,0,0,0,2
2024,14,2024-06-10,M.C.G.,Collingwood,Melbourne,Melbourne,Christian Petracca,4,4,9,0,0,0,2
2024,14,2024-06-10,M.C.G.,Collingwood,Melbourne,Melbourne,Harry Petty,4,4,5,0,0,1,2
2024,14,2024-06-10,M.C.G.,Collingwood,Melbourne,Melbourne,Kysaiah Pickett,12,5,7,2,4,0,4
2024,14,2024-06-10,M.C.G.,Collingwood,Melbourne,Melbourne,Trent Rivers,17,8,7,0,0,0,3
2024,14,2024-06-10,M.C.G.,Collingwood,Melbourne,Melbourne,Christian Salem,13,6,9,0,0,0,5
2024,14,2024-06-10,M.C.G.,Collingwood,Melbourne,Melbourne,Tom Sparrow,11,4,2,0,0,0,4
2024,14,2024-06-10,M.C.G.,Collingwood,Melbourne,Melbourne,Daniel Turner,8,7,5,0,1,0,0
2024,14,2024-06-10,M.C.G.,Collingwood,Melbourne,Melbourne,Jacob van Rooyen,8,9,5,3,1,2,0
2024,14,2024-06-10,M.C.G.,Collingwood,Melbourne,Melbourne,Jack Viney,10,3,9,0,0,0,5
2024,14,2024-06-10,M.C.G.,Collingwood,Melbourne,Melbourne,Caleb Windsor,10,7,11,0,0,0,2
2024,15,2024-06-14,Gabba,Brisbane Lions,St Kilda,Brisbane Lions,Callum Ah Chee,6,5,4,1,0,0,2
2024,15,2024-06-14,Gabba,Brisbane Lions,St Kilda,Brisbane Lions,Harris Andrews,8,6,1,0,0,0,2
2024,15,2024-06-14,Gabba,Brisbane Lions,St Kilda,Brisbane Lions,Noah Answerth,2,2,2,0,0,0,0
2024,15,2024-06-14,Gabba,Brisbane Lions,St Kilda,Brisbane Lions,Zac Bailey,7,5,5,0,0,0,2
2024,15,2024-06-14,Gabba,Brisbane Lions,St Kilda,Brisbane Lions,Jarrod Berry,14,8,10,0,0,0,3
2024,15,2024-06-14,Gabba,Brisbane Lions,St Kilda,Brisbane Lions,Charlie Cameron,6,4,3,1,0,0,1
2024,15,2024-06-14,Gabba,Brisbane Lions,St Kilda,Brisbane Lions,Joe Daniher,15,12,5,5,1,0,2
2024,15,2024-06-14,Gabba,Brisbane Lions,St Kilda,Brisbane Lions,Josh Dunkley,14,5,9,0,0,0,5
2024,15,2024-06-14,Gabba,Brisbane Lions,St Kilda,Brisbane Lions,Jaspa Fletcher,9,9,8,0,0,0,4
2024,15,2024-06-14,Gabba,Brisbane Lions,St Kilda,Brisbane Lions,Eric Hipwood,13,11,1,2,2,0,0
2024,15,2024-06-14,Gabba,Brisbane Lions,St Kilda,Brisbane Lions,Ryan Lester,16,15,5,0,0,0,1
2024,15,2024-06-14,Gabba,Brisbane Lions,St Kilda,Brisbane Lions,Kai Lohmann,7,5,5,2,0,0,0
2024,15,2024-06-14,Gabba,Brisbane Lions,St Kilda,Brisbane Lions,Hugh McCluggage,21,11,5,2,1,0,3
2024,15,2024-06-14,Gabba,Brisbane Lions,St Kilda,Brisbane Lions,Oscar McInerney,4,0,2,1,0,23,2
2024,15,2024-06-14,Gabba,Brisbane Lions,St Kilda,Brisbane Lions,Conor McKenna,4,3,3,0,1,0,0
2024,15,2024-06-14,Gabba,Brisbane Lions,St Kilda,Brisbane Lions,Logan Morris,7,4,1,3,0,0,0
2024,15,2024-06-14,Gabba,Brisbane Lions,St Kilda,Brisbane Lions,Lachie Neale,13,2,7,0,0,0,0
2024,15,2024-06-14,Gabba,Brisbane Lions,St Kilda,Brisbane Lions,Jack Payne,11,9,1,0,0,0,1
2024,15,2024-06-14,Gabba,Brisbane Lions,St Kilda,Brisbane Lions,Cam Rayner,8,3,5,1,3,0,1
2024,15,2024-06-14,Gabba,Brisbane Lions,St Kilda,Brisbane Lions,Bruce Reville,12,7,1,0,1,0,0
2024,15,2024-06-14,Gabba,Brisbane Lions,St Kilda,Brisbane Lions,Brandon Starcevich,8,7,2,1,0,0,1
2024,15,2024-06-14,Gabba,Brisbane Lions,St Kilda,Brisbane Lions,Darcy Wilmot,19,9,6,0,0,0,2
2024,15,2024-06-14,Gabba,Brisbane Lions,St Kilda,Brisbane Lions,Dayne Zorko,26,9,4,0,0,0,3
2024,15,2024-06-14,Gabba,Brisbane Lions,St Kilda,St Kilda,Josh Battle,3,4,7,0,0,0,2
2024,15,2024-06-14,Gabba,Brisbane Lions,St Kilda,St Kilda,Riley Bonner,11,5,5,0,1,0,0
2024,15,2024-06-14,Gabba,Brisbane Lions,St Kilda,St Kilda,Dan Butler,6,2,4,2,1,0,3
2024,15,2024-06-14,Gabba,Brisbane Lions,St Kilda,St Kilda,Anthony Caminiti,3,4,4,0,0,0,0
2024,15,2024-06-14,Gabba,Brisbane Lions,St Kilda,St Kilda,Tom Campbell,3,1,6,0,0,12,3
2024,15,2024-06-14,Gabba,Brisbane Lions,St Kilda,St Kilda,Hunter Clark,13,4,3,0,0,0,4
2024,15,2024-06-14,Gabba,Brisbane Lions,St Kilda,St Kilda,Zaine Cordy,0,0,2,0,0,0,1
2024,15,2024-06-14,Gabba,Brisbane Lions,St Kilda,St Kilda,Paddy Dow,6,2,7,0,0,0,3
2024,15,2024-06-14,Gabba,Brisbane Lions,St Kilda,St Kilda,Liam Henry,8,3,5,2,1,0,2
2024,15,2024-06-14,Gabba,Brisbane Lions,St Kilda,St Kilda,Jack Higgins,8,4,6,5,1,0,2
2024,15,2024-06-14,Gabba,Brisbane Lions,St Kilda,St Kilda,Bradley Hill,12,3,6,0,0,0,1
2024,15,2024-06-14,Gabba,Brisbane Lions,St Kilda,St Kilda,Zak Jones,3,3,6,0,0,0,0
2024,15,2024-06-14,Gabba,Brisbane Lions,St Kilda,St Kilda,Max King,7,5,1,3,0,0,1
2024,15,2024-06-14,Gabba,Brisbane Lions,St Kilda,St Kilda,Rowan Marshall,12,5,8,0,0,19,6
2024,15,2024-06-14,Gabba,Brisbane Lions,St Kilda,St Kilda,Mitch Owens,6,4,2,2,1,0,0
2024,15,2024-06-14,Gabba,Brisbane Lions,St Kilda,St Kilda,Sebastian Ross,6,3,4,0,0,0,3
2024,15,2024-06-14,Gabba,Brisbane Lions,St Kilda,St Kilda,Arie Schoenmaker,15,6,3,0,0,0,1
2024,15,2024-06-14,Gabba,Brisbane Lions,St Kilda,St Kilda,Jack Sinclair,22,1,10,0,0,0,2
2024,15,2024-06-14,Gabba,Brisbane Lions,St Kilda,St Kilda,Jack Steele,9,4,7,0,0,0,5
2024,15,2024-06-14,Gabba,Brisbane Lions,St Kilda,St Kilda,Callum Wilkie,14,8,4,0,0,0,0
2024,15,2024-06-14,Gabba,Brisbane Lions,St Kilda,St Kilda,Darcy Wilson,11,3,7,1,0,0,2
2024,15,2024-06-14,Gabba,Brisbane Lions,St Kilda,St Kilda,Marcus Windhager,4,2,5,0,0,0,4
2024,15,2024-06-14,Gabba,Brisbane Lions,St Kilda,St Kilda,Mason Wood,14,8,8,1,2,0,3
2024,15,2024-06-15,Docklands,Western Bulldogs,Fremantle,Western Bulldogs,Marcus Bontempelli,20,8,10,3,0,0,5
2024,15,2024-06-15,Docklands,Western Bulldogs,Fremantle,Western Bulldogs,Lachlan Bramble,20,10,10,1,0,0,4
2024,15,2024-06-15,Docklands,Western Bulldogs,Fremantle,Western Bulldogs,Bailey Dale,21,7,9,0,0,0,2
2024,15,2024-06-15,Docklands,Western Bulldogs,Fremantle,Western Bulldogs,Caleb Daniel,4,2,2,0,0,0,0
2024,15,2024-06-15,Docklands,Western Bulldogs,Fremantle,Western Bulldogs,Taylor Duryea,6,7,4,0,0,0,0
2024,15,2024-06-15,Docklands,Western Bulldogs,Fremantle,Western Bulldogs,Tim English,11,9,3,2,0,24,6
2024,15,2024-06-15,Docklands,Western Bulldogs,Fremantle,Western Bulldogs,Joel Freijah,6,6,9,0,0,0,1
2024,15,2024-06-15,Docklands,Western Bulldogs,Fremantle,Western Bulldogs,Harvey Gallagher,5,1,1,2,0,0,1
2024,15,2024-06-15,Docklands,Western Bulldogs,Fremantle,Western Bulldogs,Liam Jones,7,3,1,0,0,0,1
2024,15,2024-06-15,Docklands,Western Bulldogs,Fremantle,Western Bulldogs,Buku Khamis,7,4,3,0,0,0,1
2024,15,2024-06-15,Docklands,Western Bulldogs,Fremantle,Western Bulldogs,Tom Liberatore,11,6,17,0,2,0,5
2024,15,2024-06-15,Docklands,Western Bulldogs,Fremantle,Western Bulldogs,Rory Lobb,11,6,8,3,1,7,3
2024,15,2024-06-15,Docklands,Western Bulldogs,Fremantle,Western Bulldogs,Jack Macrae,6,2,13,0,0,0,3
2024,15,2024-06-15,Docklands,Western Bulldogs,Fremantle,Western Bulldogs,James ODonnell,13,6,2,0,0,0,2
2024,15,2024-06-15,Docklands,Western Bulldogs,Fremantle,Western Bulldogs,Ed Richards,16,3,5,1,2,0,4
2024,15,2024-06-15,Docklands,Western Bulldogs,Fremantle,Western Bulldogs,Ryley Sanders,3,1,10,0,1,0,5
2024,15,2024-06-15,Docklands,Western Bulldogs,Fremantle,Western Bulldogs,Anthony Scott,7,6,3,0,1,0,1
2024,15,2024-06-15,Docklands,Western Bulldogs,Fremantle,Western Bulldogs,Adam Treloar,18,3,9,1,0,0,6
2024,15,2024-06-15,Docklands,Western Bulldogs,Fremantle,Western Bulldogs,Jamarra Ugle-Hagan,8,6,3,3,1,0,1
2024,15,2024-06-15,Docklands,Western Bulldogs,Fremantle,Western Bulldogs,Laitham Vandermeer,4,4,4,0,1,0,1
2024,15,2024-06-15,Docklands,Western Bulldogs,Fremantle,Western Bulldogs,Cody Weightman,6,3,5,3,0,0,1
2024,15,2024-06-15,Docklands,Western Bulldogs,Fremantle,Western Bulldogs,Rhylee West,8,3,5,4,0,0,5
2024,15,2024-06-15,Docklands,Western Bulldogs,Fremantle,Western Bulldogs,Bailey Williams,12,5,10,0,0,0,4
2024,15,2024-06-15,Docklands,Western Bulldogs,Fremantle,Fremantle,James Aish,2,2,6,0,0,0,1
2024,15,2024-06-15,Docklands,Western Bulldogs,Fremantle,Fremantle,Jye Amiss,6,3,3,1,2,0,1
2024,15,2024-06-15,Docklands,Western Bulldogs,Fremantle,Fremantle,Bailey Banfield,9,4,5,3,0,0,2
2024,15,2024-06-15,Docklands,Western Bulldogs,Fremantle,Fremantle,Andrew Brayshaw,9,0,12,0,0,0,4
2024,15,2024-06-15,Docklands,Western Bulldogs,Fremantle,Fremantle,Jordan Clark,19,7,7,0,0,0,1
2024,15,2024-06-15,Docklands,Western Bulldogs,Fremantle,Fremantle,Sean Darcy,5,0,7,0,1,38,5
2024,15,2024-06-15,Docklands,Western Bulldogs,Fremantle,Fremantle,Josh Draper,7,5,2,0,0,0,1
2024,15,2024-06-15,Docklands,Western Bulldogs,Fremantle,Fremantle,Michael Frederick,3,0,3,1,0,0,1
2024,15,2024-06-15,Docklands,Western Bulldogs,Fremantle,Fremantle,Nat Fyfe,7,2,9,0,0,0,0
2024,15,2024-06-15,Docklands,Western Bulldogs,Fremantle,Fremantle,Luke Jackson,5,4,14,2,0,16,2
2024,15,2024-06-15,Docklands,Western Bulldogs,Fremantle,Fremantle,Matthew Johnson,4,2,5,0,1,0,3
2024,15,2024-06-15,Docklands,Western Bulldogs,Fremantle,Fremantle,Jaeger OMeara,6,4,4,0,0,0,2
2024,15,2024-06-15,Docklands,Western Bulldogs,Fremantle,Fremantle,Alex Pearce,7,4,2,0,0,0,1
2024,15,2024-06-15,Docklands,Western Bulldogs,Fremantle,Fremantle,Luke Ryan,14,6,1,0,0,0,2
2024,15,2024-06-15,Docklands,Western Bulldogs,Fremantle,Fremantle,Caleb Serong,11,1,17,0,0,0,3
2024,15,2024-06-15,Docklands,Western Bulldogs,Fremantle,Fremantle,Jeremy Sharp,2,1,2,0,0,0,1
2024,15,2024-06-15,Docklands,Western Bulldogs,Fremantle,Fremantle,Sam Sturt,5,3,1,3,0,0,1
2024,15,2024-06-15,Docklands,Western Bulldogs,Fremantle,Fremantle,Sam Switkowski,10,2,4,0,0,0,3
2024,15,2024-06-15,Docklands,Western Bulldogs,Fremantle,Fremantle,Josh Treacy,8,6,1,2,3,0,5
2024,15,2024-06-15,Docklands,Western Bulldogs,Fremantle,Fremantle,Brandon Walker,13,5,0,0,0,0,1
2024,15,2024-06-15,Docklands,Western Bulldogs,Fremantle,Fremantle,Michael Walters,2,0,1,0,0,0,0
2024,15,2024-06-15,Docklands,Western Bulldogs,Fremantle,Fremantle,Karl Worner,9,6,7,0,0,0,3
2024,15,2024-06-15,Docklands,Western Bulldogs,Fremantle,Fremantle,Hayden Young,19,2,7,0,0,0,6
2024,15,2024-06-15,M.C.G.,Richmond,Hawthorn,Richmond,Liam Baker,9,1,8,0,2,0,7
2024,15,2024-06-15,M.C.G.,Richmond,Hawthorn,Richmond,Noah Balta,12,9,2,0,0,0,1
2024,15,2024-06-15,M.C.G.,Richmond,Hawthorn,Richmond,Shai Bolton,10,2,5,1,1,0,4
2024,15,2024-06-15,M.C.G.,Richmond,Hawthorn,Richmond,Nathan Broad,12,9,3,0,0,0,1
2024,15,2024-06-15,M.C.G.,Richmond,Hawthorn,Richmond,Tom Brown,9,5,3,0,0,0,2
2024,15,2024-06-15,M.C.G.,Richmond,Hawthorn,Richmond,Seth Campbell,8,4,5,1,0,0,2
2024,15,2024-06-15,M.C.G.,Richmond,Hawthorn,Richmond,Noah Cumberland,3,0,1,0,0,0,0
2024,15,2024-06-15,M.C.G.,Richmond,Hawthorn,Richmond,Thomson Dow,10,4,8,0,0,0,1
2024,15,2024-06-15,M.C.G.,Richmond,Hawthorn,Richmond,Jack Graham,7,3,10,0,0,0,6
2024,15,2024-06-15,M.C.G.,Richmond,Hawthorn,Richmond,Jacob Koschitzke,7,5,5,1,1,5,2
2024,15,2024-06-15,M.C.G.,Richmond,Hawthorn,Richmond,Tom Lynch,3,2,1,0,0,0,0
2024,15,2024-06-15,M.C.G.,Richmond,Hawthorn,Richmond,Rhyan Mansell,7,3,4,1,0,0,2
2024,15,2024-06-15,M.C.G.,Richmond,Hawthorn,Richmond,Dustin Martin,8,2,5,1,0,0,0
2024,15,2024-06-15,M.C.G.,Richmond,Hawthorn,Richmond,Kane McAuliffe,2,1,4,0,0,0,0
2024,15,2024-06-15,M.C.G.,Richmond,Hawthorn,Richmond,Kamdyn McIntosh,11,4,5,0,0,0,0
2024,15,2024-06-15,M.C.G.,Richmond,Hawthorn,Richmond,Ben Miller,15,12,2,0,0,0,1
2024,15,2024-06-15,M.C.G.,Richmond,Hawthorn,Richmond,Toby Nankervis,5,4,6,0,2,38,5
2024,15,2024-06-15,M.C.G.,Richmond,Hawthorn,Richmond,Hugo Ralphsmith,8,9,6,0,0,0,1
2024,15,2024-06-15,M.C.G.,Richmond,Hawthorn,Richmond,Daniel Rioli,12,3,12,0,0,0,0
2024,15,2024-06-15,M.C.G.,Richmond,Hawthorn,Richmond,Jayden Short,20,7,5,0,0,0,2
2024,15,2024-06-15,M.C.G.,Richmond,Hawthorn,Richmond,Tyler Sonsie,9,5,4,0,0,0,2
2024,15,2024-06-15,M.C.G.,Richmond,Hawthorn,Richmond,Tim Taranto,15,6,18,1,0,0,5
2024,15,2024-06-15,M.C.G.,Richmond,Hawthorn,Richmond,Nick Vlastuin,17,9,6,0,0,0,6
2024,15,2024-06-15,M.C.G.,Richmond,Hawthorn,Hawthorn,Karl Amon,19,6,4,0,0,0,1
2024,15,2024-06-15,M.C.G.,Richmond,Hawthorn,Hawthorn,Luke Breust,4,1,2,1,1,0,2
2024,15,2024-06-15,M.C.G.,Richmond,Hawthorn,Hawthorn,Mabior Chol,6,4,1,4,1,1,2
2024,15,2024-06-15,M.C.G.,Richmond,Hawthorn,Hawthorn,Massimo DAmbrosio,15,9,8,0,1,0,2
2024,15,2024-06-15,M.C.G.,Richmond,Hawthorn,Hawthorn,Will Day,9,2,11,0,0,0,4
2024,15,2024-06-15,M.C.G.,Richmond,Hawthorn,Hawthorn,Calsher Dear,3,2,2,2,0,0,1
2024,15,2024-06-15,M.C.G.,Richmond,Hawthorn,Hawthorn,Sam Frost,3,4,5,0,0,0,1
2024,15,2024-06-15,M.C.G.,Richmond,Hawthorn,Hawthorn,Jack Ginnivan,13,8,1,1,0,0,0
2024,15,2024-06-15,M.C.G.,Richmond,Hawthorn,Hawthorn,Jack Gunston,1,1,0,0,0,0,0
2024,15,2024-06-15,M.C.G.,Richmond,Hawthorn,Hawthorn,Blake Hardwick,11,6,8,0,0,0,2
2024,15,2024-06-15,M.C.G.,Richmond,Hawthorn,Hawthorn,Jarman Impey,13,8,8,0,0,0,2
2024,15,2024-06-15,M.C.G.,Richmond,Hawthorn,Hawthorn,Changkuoth Jiath,11,6,1,0,2,0,3
2024,15,2024-06-15,M.C.G.,Richmond,Hawthorn,Hawthorn,Connor Macdonald,10,5,5,1,0,0,2
2024,15,2024-06-15,M.C.G.,Richmond,Hawthorn,Hawthorn,Cam Mackenzie,8,2,5,2,0,0,2
2024,15,2024-06-15,M.C.G.,Richmond,Hawthorn,Hawthorn,Lloyd Meek,3,1,9,0,0,26,2
2024,15,2024-06-15,M.C.G.,Richmond,Hawthorn,Hawthorn,Dylan Moore,10,5,8,1,1,0,2
2024,15,2024-06-15,M.C.G.,Richmond,Hawthorn,Hawthorn,Conor Nash,8,4,8,0,1,0,2
2024,15,2024-06-15,M.C.G.,Richmond,Hawthorn,Hawthorn,Jai Newcombe,12,8,14,1,0,0,2
2024,15,2024-06-15,M.C.G.,Richmond,Hawthorn,Hawthorn,Jack Scrimshaw,11,10,5,0,0,0,2
2024,15,2024-06-15,M.C.G.,Richmond,Hawthorn,Hawthorn,James Sicily,28,15,5,0,0,0,1
2024,15,2024-06-15,M.C.G.,Richmond,Hawthorn,Hawthorn,Nick Watson,7,3,6,1,4,0,3
2024,15,2024-06-15,M.C.G.,Richmond,Hawthorn,Hawthorn,Josh Weddle,10,7,13,0,0,0,4
2024,15,2024-06-15,M.C.G.,Richmond,Hawthorn,Hawthorn,James Worpel,10,3,6,0,0,0,1
2024,15,2024-06-15,Adelaide Oval,Adelaide,Sydney,Adelaide,Sam Berry,2,1,3,0,0,0,0
2024,15,2024-06-15,Adelaide Oval,Adelaide,Sydney,Adelaide,James Borlase,2,3,3,0,0,2,1
2024,15,2024-06-15,Adelaide Oval,Adelaide,Sydney,Adelaide,Jordon Butts,8,8,2,0,0,0,0
2024,15,2024-06-15,Adelaide Oval,Adelaide,Sydney,Adelaide,Brayden Cook,5,2,1,1,0,0,2
2024,15,2024-06-15,Adelaide Oval,Adelaide,Sydney,Adelaide,Jordan Dawson,13,5,4,1,0,0,6
2024,15,2024-06-15,Adelaide Oval,Adelaide,Sydney,Adelaide,Billy Dowling,10,5,4,0,0,0,1
2024,15,2024-06-15,Adelaide Oval,Adelaide,Sydney,Adelaide,Darcy Fogarty,3,4,5,2,0,0,2
2024,15,2024-06-15,Adelaide Oval,Adelaide,Sydney,Adelaide,Will Hamill,10,2,4,0,0,0,2
2024,15,2024-06-15,Adelaide Oval,Adelaide,Sydney,Adelaide,Mitch Hinge,22,8,11,0,0,0,5
2024,15,2024-06-15,Adelaide Oval,Adelaide,Sydney,Adelaide,Chayce Jones,10,5,2,0,1,0,5
2024,15,2024-06-15,Adelaide Oval,Adelaide,Sydney,Adelaide,Mark Keane,12,7,2,0,0,0,0
2024,15,2024-06-15,Adelaide Oval,Adelaide,Sydney,Adelaide,Ben Keays,11,2,4,1,0,0,1
2024,15,2024-06-15,Adelaide Oval,Adelaide,Sydney,Adelaide,Rory Laird,16,6,18,0,0,0,6
2024,15,2024-06-15,Adelaide Oval,Adelaide,Sydney,Adelaide,Max Michalanney,7,4,9,0,0,0,3
2024,15,2024-06-15,Adelaide Oval,Adelaide,Sydney,Adelaide,Lachlan Murphy,4,2,5,0,1,0,5
2024,15,2024-06-15,Adelaide Oval,Adelaide,Sydney,Adelaide,Nick Murray,8,5,4,0,0,0,3
2024,15,2024-06-15,Adelaide Oval,Adelaide,Sydney,Adelaide,Luke Nankervis,12,9,5,0,0,0,0
2024,15,2024-06-15,Adelaide Oval,Adelaide,Sydney,Adelaide,Josh Rachele,7,1,3,1,0,0,6
2024,15,2024-06-15,Adelaide Oval,Adelaide,Sydney,Adelaide,Izak Rankine,11,6,7,2,0,0,4
2024,15,2024-06-15,Adelaide Oval,Adelaide,Sydney,Adelaide,Harry Schoenberg,3,0,6,0,0,0,2
2024,15,2024-06-15,Adelaide Oval,Adelaide,Sydney,Adelaide,Lachlan Sholl,15,7,12,1,0,0,2
2024,15,2024-06-15,Adelaide Oval,Adelaide,Sydney,Adelaide,Jake Soligo,11,5,8,1,0,0,2
2024,15,2024-06-15,Adelaide Oval,Adelaide,Sydney,Adelaide,Kieran Strachan,7,3,5,0,0,16,6
2024,15,2024-06-15,Adelaide Oval,Adelaide,Sydney,Sydney,Taylor Adams,13,4,9,2,1,0,5
2024,15,2024-06-15,Adelaide Oval,Adelaide,Sydney,Sydney,Joel Amartey,10,7,0,9,1,0,6
2024,15,2024-06-15,Adelaide Oval,Adelaide,Sydney,Sydney,Nick Blakey,11,3,5,0,0,0,0
2024,15,2024-06-15,Adelaide Oval,Adelaide,Sydney,Sydney,Braeden Campbell,4,0,5,0,0,0,4
2024,15,2024-06-15,Adelaide Oval,Adelaide,Sydney,Sydney,Harry Cunningham,7,4,5,0,0,0,4
2024,15,2024-06-15,Adelaide Oval,Adelaide,Sydney,Sydney,Oliver Florent,11,3,5,0,0,0,0
2024,15,2024-06-15,Adelaide Oval,Adelaide,Sydney,Sydney,Brodie Grundy,8,3,23,0,2,49,2
2024,15,2024-06-15,Adelaide Oval,Adelaide,Sydney,Sydney,Errol Gulden,24,3,11,0,2,0,6
2024,15,2024-06-15,Adelaide Oval,Adelaide,Sydney,Sydney,Will Hayward,8,4,4,0,0,0,1
2024,15,2024-06-15,Adelaide Oval,Adelaide,Sydney,Sydney,Isaac Heeney,22,8,7,2,0,0,3
2024,15,2024-06-15,Adelaide Oval,Adelaide,Sydney,Sydney,James Jordon,7,1,13,0,0,0,1
2024,15,2024-06-15,Adelaide Oval,Adelaide,Sydney,Sydney,Jake Lloyd,11,5,7,0,0,0,1
2024,15,2024-06-15,Adelaide Oval,Adelaide,Sydney,Sydney,Tom McCartin,3,1,6,0,0,0,0
2024,15,2024-06-15,Adelaide Oval,Adelaide,Sydney,Sydney,Logan McDonald,6,3,4,1,0,0,3
2024,15,2024-06-15,Adelaide Oval,Adelaide,Sydney,Sydney,Justin McInerney,7,4,15,0,1,0,1
2024,15,2024-06-15,Adelaide Oval,Adelaide,Sydney,Sydney,Hayden McLean,4,0,5,0,0,7,2
2024,15,2024-06-15,Adelaide Oval,Adelaide,Sydney,Sydney,Lewis Melican,3,3,3,0,0,0,3
2024,15,2024-06-15,Adelaide Oval,Adelaide,Sydney,Sydney,Tom Papley,17,6,2,1,2,0,0
2024,15,2024-06-15,Adelaide Oval,Adelaide,Sydney,Sydney,Dane Rampe,6,3,2,0,0,0,0
2024,15,2024-06-15,Adelaide Oval,Adelaide,Sydney,Sydney,Matt Roberts,2,1,1,0,0,0,0
2024,15,2024-06-15,Adelaide Oval,Adelaide,Sydney,Sydney,James Rowbottom,8,0,13,0,0,0,4
2024,15,2024-06-15,Adelaide Oval,Adelaide,Sydney,Sydney,Chad Warner,15,2,5,1,2,0,3
2024,15,2024-06-15,Adelaide Oval,Adelaide,Sydney,Sydney,Sam Wicks,2,2,7,0,0,0,2
2024,15,2024-06-16,Docklands,North Melbourne,Collingwood,North Melbourne,Jackson Archer,6,4,3,0,0,0,0
2024,15,2024-06-16,Docklands,North Melbourne,Collingwood,North Melbourne,Charlie Comben,12,8,2,0,0,0,1
2024,15,2024-06-16,Docklands,North Melbourne,Collingwood,North Melbourne,Aidan Corr,9,5,3,0,0,0,0
2024,15,2024-06-16,Docklands,North Melbourne,Collingwood,North Melbourne,Paul Curtis,11,5,6,2,0,0,1
2024,15,2024-06-16,Docklands,North Melbourne,Collingwood,North Melbourne,Luke Davies-Uniacke,16,3,15,0,0,0,5
2024,15,2024-06-16,Docklands,North Melbourne,Collingwood,North Melbourne,Kallan Dawson,4,4,4,0,0,0,2
2024,15,2024-06-16,Docklands,North Melbourne,Collingwood,North Melbourne,Zac Fisher,15,3,9,0,1,0,1
2024,15,2024-06-16,Docklands,North Melbourne,Collingwood,North Melbourne,Eddie Ford,11,5,5,0,0,0,1
2024,15,2024-06-16,Docklands,North Melbourne,Collingwood,North Melbourne,Nick Larkey,8,7,5,4,0,0,0
2024,15,2024-06-16,Docklands,North Melbourne,Collingwood,North Melbourne,Luke McDonald,7,2,2,0,0,0,3
2024,15,2024-06-16,Docklands,North Melbourne,Collingwood,North Melbourne,Will Phillips,2,0,11,1,0,0,2
2024,15,2024-06-16,Docklands,North Melbourne,Collingwood,North Melbourne,Toby Pink,4,2,3,1,0,1,3
2024,15,2024-06-16,Docklands,North Melbourne,Collingwood,North Melbourne,Tom Powell,3,2,9,0,0,0,3
2024,15,2024-06-16,Docklands,North Melbourne,Collingwood,North Melbourne,Bailey Scott,17,11,6,1,0,0,5
2024,15,2024-06-16,Docklands,North Melbourne,Collingwood,North Melbourne,Harry Sheezel,13,3,5,2,0,0,7
2024,15,2024-06-16,Docklands,North Melbourne,Collingwood,North Melbourne,Liam Shiels,7,4,9,0,0,0,3
2024,15,2024-06-16,Docklands,North Melbourne,Collingwood,North Melbourne,Jaidyn Stephenson,4,3,1,0,0,0,1
2024,15,2024-06-16,Docklands,North Melbourne,Collingwood,North Melbourne,Curtis Taylor,13,4,9,1,0,0,6
2024,15,2024-06-16,Docklands,North Melbourne,Collingwood,North Melbourne,Brynn Teakle,8,3,6,1,0,4,1
2024,15,2024-06-16,Docklands,North Melbourne,Collingwood,North Melbourne,Darcy Tucker,17,5,4,0,0,0,2
2024,15,2024-06-16,Docklands,North Melbourne,Collingwood,North Melbourne,George Wardlaw,20,6,10,1,0,0,3
2024,15,2024-06-16,Docklands,North Melbourne,Collingwood,North Melbourne,Tristan Xerri,8,3,7,2,0,30,6
2024,15,2024-06-16,Docklands,North Melbourne,Collingwood,North Melbourne,Cameron Zurhaar,13,9,6,3,1,1,6
2024,15,2024-06-16,Docklands,North Melbourne,Collingwood,Collingwood,Darcy Cameron,8,6,8,0,0,35,1
2024,15,2024-06-16,Docklands,North Melbourne,Collingwood,Collingwood,Jack Crisp,10,4,17,1,0,0,7
2024,15,2024-06-16,Docklands,North Melbourne,Collingwood,Collingwood,Josh Daicos,12,2,8,0,1,0,3
2024,15,2024-06-16,Docklands,North Melbourne,Collingwood,Collingwood,Nick Daicos,15,0,14,2,2,0,2
2024,15,2024-06-16,Docklands,North Melbourne,Collingwood,Collingwood,Charlie Dean,5,5,6,0,0,0,1
2024,15,2024-06-16,Docklands,North Melbourne,Collingwood,Collingwood,Billy Frampton,2,1,3,0,1,3,1
2024,15,2024-06-16,Docklands,North Melbourne,Collingwood,Collingwood,Harvey Harrison,5,2,5,1,0,0,1
2024,15,2024-06-16,Docklands,North Melbourne,Collingwood,Collingwood,Bobby Hill,9,7,1,5,0,0,1
2024,15,2024-06-16,Docklands,North Melbourne,Collingwood,Collingwood,Will Hoskin-Elliott,10,2,6,1,0,0,3
2024,15,2024-06-16,Docklands,North Melbourne,Collingwood,Collingwood,Jeremy Howe,12,8,2,1,1,0,0
2024,15,2024-06-16,Docklands,North Melbourne,Collingwood,Collingwood,Tew Jiath,4,2,1,0,0,0,3
2024,15,2024-06-16,Docklands,North Melbourne,Collingwood,Collingwood,Nathan Kreuger,5,2,1,1,2,2,2
2024,15,2024-06-16,Docklands,North Melbourne,Collingwood,Collingwood,Patrick Lipinski,6,1,10,0,0,0,5
2024,15,2024-06-16,Docklands,North Melbourne,Collingwood,Collingwood,Finlay Macrae,3,0,3,0,0,0,0
2024,15,2024-06-16,Docklands,North Melbourne,Collingwood,Collingwood,Brayden Maynard,11,3,6,0,0,0,3
2024,15,2024-06-16,Docklands,North Melbourne,Collingwood,Collingwood,Beau McCreery,5,0,5,1,0,0,7
2024,15,2024-06-16,Docklands,North Melbourne,Collingwood,Collingwood,Reef McInnes,2,1,1,1,0,0,0
2024,15,2024-06-16,Docklands,North Melbourne,Collingwood,Collingwood,Darcy Moore,5,3,6,0,0,0,1
2024,15,2024-06-16,Docklands,North Melbourne,Collingwood,Collingwood,John Noble,2,2,6,0,0,0,5
2024,15,2024-06-16,Docklands,North Melbourne,Collingwood,Collingwood,Isaac Quaynor,5,0,7,0,0,0,4
2024,15,2024-06-16,Docklands,North Melbourne,Collingwood,Collingwood,Lachie Schultz,6,3,5,4,1,0,2
2024,15,2024-06-16,Docklands,North Melbourne,Collingwood,Collingwood,Steele Sidebottom,9,0,14,0,1,0,6
2024,15,2024-06-16,Docklands,North Melbourne,Collingwood,Collingwood,Lachlan Sullivan,5,2,9,0,1,0,3
2024,15,2024-06-16,Sydney Showground,Greater Western Sydney,Port Adelaide,Greater Western Sydney,Leek Aleer,5,1,8,0,0,0,4
2024,15,2024-06-16,Sydney Showground,Greater Western Sydney,Port Adelaide,Greater Western Sydney,Ryan Angwin,9,4,10,0,1,0,2
2024,15,2024-06-16,Sydney Showground,Greater Western Sydney,Port Adelaide,Greater Western Sydney,Toby Bedford,7,1,9,1,1,0,8
2024,15,2024-06-16,Sydney Showground,Greater Western Sydney,Port Adelaide,Greater Western Sydney,Kieren Briggs,7,2,9,0,1,29,4
2024,15,2024-06-16,Sydney Showground,Greater Western Sydney,Port Adelaide,Greater Western Sydney,Callum Brown,8,4,1,2,0,0,1
2024,15,2024-06-16,Sydney Showground,Greater Western Sydney,Port Adelaide,Greater Western Sydney,Jack Buckley,5,6,4,0,0,0,1
2024,15,2024-06-16,Sydney Showground,Greater Western Sydney,Port Adelaide,Greater Western Sydney,Aaron Cadman,2,1,2,1,1,0,1
2024,15,2024-06-16,Sydney Showground,Greater Western Sydney,Port Adelaide,Greater Western Sydney,Finn Callaghan,6,0,16,0,0,0,3
2024,15,2024-06-16,Sydney Showground,Greater Western Sydney,Port Adelaide,Greater Western Sydney,Brent Daniels,9,3,9,1,1,0,6
2024,15,2024-06-16,Sydney Showground,Greater Western Sydney,Port Adelaide,Greater Western Sydney,Tom Green,10,4,20,0,0,0,2
2024,15,2024-06-16,Sydney Showground,Greater Western Sydney,Port Adelaide,Greater Western Sydney,Toby Greene,10,4,8,1,5,0,2
2024,15,2024-06-16,Sydney Showground,Greater Western Sydney,Port Adelaide,Greater Western Sydney,Nick Haynes,16,8,2,0,0,0,0
2024,15,2024-06-16,Sydney Showground,Greater Western Sydney,Port Adelaide,Greater Western Sydney,Harry Himmelberg,11,7,11,0,0,0,1
2024,15,2024-06-16,Sydney Showground,Greater Western Sydney,Port Adelaide,Greater Western Sydney,Jesse Hogan,12,12,3,1,3,0,2
2024,15,2024-06-16,Sydney Showground,Greater Western Sydney,Port Adelaide,Greater Western Sydney,Connor Idun,9,5,7,0,0,0,2
2024,15,2024-06-16,Sydney Showground,Greater Western Sydney,Port Adelaide,Greater Western Sydney,Josh Kelly,15,4,12,1,1,0,1
2024,15,2024-06-16,Sydney Showground,Greater Western Sydney,Port Adelaide,Greater Western Sydney,Toby McMullin,1,0,1,0,1,0,0
2024,15,2024-06-16,Sydney Showground,Greater Western Sydney,Port Adelaide,Greater Western Sydney,Xavier OHalloran,4,2,9,0,0,0,4
2024,15,2024-06-16,Sydney Showground,Greater Western Sydney,Port Adelaide,Greater Western Sydney,Jake Riccardi,16,12,3,0,1,6,0
2024,15,2024-06-16,Sydney Showground,Greater Western Sydney,Port Adelaide,Greater Western Sydney,Sam Taylor,4,2,12,0,0,0,1
2024,15,2024-06-16,Sydney Showground,Greater Western Sydney,Port Adelaide,Greater Western Sydney,Harvey Thomas,7,2,8,1,0,0,5
2024,15,2024-06-16,Sydney Showground,Greater Western Sydney,Port Adelaide,Greater Western Sydney,Callan Ward,13,4,10,0,0,0,4
2024,15,2024-06-16,Sydney Showground,Greater Western Sydney,Port Adelaide,Greater Western Sydney,Lachie Whitfield,18,4,10,0,0,0,9
2024,15,2024-06-16,Sydney Showground,Greater Western Sydney,Port Adelaide,Port Adelaide,Aliir Aliir,11,6,5,0,0,0,1
2024,15,2024-06-16,Sydney Showground,Greater Western Sydney,Port Adelaide,Port Adelaide,Miles Bergman,8,4,6,0,0,0,3
2024,15,2024-06-16,Sydney Showground,Greater Western Sydney,Port Adelaide,Port Adelaide,Travis Boak,10,8,8,0,0,0,2
2024,15,2024-06-16,Sydney Showground,Greater Western Sydney,Port Adelaide,Port Adelaide,Jase Burgoyne,8,5,7,0,0,0,4
2024,15,2024-06-16,Sydney Showground,Greater Western Sydney,Port Adelaide,Port Adelaide,Zak Butters,10,4,7,0,1,0,3
2024,15,2024-06-16,Sydney Showground,Greater Western Sydney,Port Adelaide,Port Adelaide,Darcy Byrne-Jones,8,4,3,1,2,0,2
2024,15,2024-06-16,Sydney Showground,Greater Western Sydney,Port Adelaide,Port Adelaide,Willem Drew,4,1,5,0,0,0,4
2024,15,2024-06-16,Sydney Showground,Greater Western Sydney,Port Adelaide,Port Adelaide,Francis Evans,7,5,4,0,0,0,1
2024,15,2024-06-16,Sydney Showground,Greater Western Sydney,Port Adelaide,Port Adelaide,Kane Farrell,21,6,9,0,1,0,0
2024,15,2024-06-16,Sydney Showground,Greater Western Sydney,Port Adelaide,Port Adelaide,Mitch Georgiades,7,5,2,3,1,0,2
2024,15,2024-06-16,Sydney Showground,Greater Western Sydney,Port Adelaide,Port Adelaide,Jason Horne-Francis,10,1,8,0,2,0,3
2024,15,2024-06-16,Sydney Showground,Greater Western Sydney,Port Adelaide,Port Adelaide,Dan Houston,28,4,7,0,0,0,5
2024,15,2024-06-16,Sydney Showground,Greater Western Sydney,Port Adelaide,Port Adelaide,Ollie Lord,2,1,2,0,0,0,3
2024,15,2024-06-16,Sydney Showground,Greater Western Sydney,Port Adelaide,Port Adelaide,Todd Marshall,8,3,0,1,3,0,3
2024,15,2024-06-16,Sydney Showground,Greater Western Sydney,Port Adelaide,Port Adelaide,Jed McEntee,3,1,5,0,0,0,4
2024,15,2024-06-16,Sydney Showground,Greater Western Sydney,Port Adelaide,Port Adelaide,Jackson Mead,8,4,9,0,0,0,1
2024,15,2024-06-16,Sydney Showground,Greater Western Sydney,Port Adelaide,Port Adelaide,Quinton Narkle,3,1,1,0,1,0,0
2024,15,2024-06-16,Sydney Showground,Greater Western Sydney,Port Adelaide,Port Adelaide,Esava Ratugolea,7,5,1,1,0,1,0
2024,15,2024-06-16,Sydney Showground,Greater Western Sydney,Port Adelaide,Port Adelaide,Connor Rozee,8,4,6,0,0,0,6
2024,15,2024-06-16,Sydney Showground,Greater Western Sydney,Port Adelaide,Port Adelaide,Ivan Soldo,3,2,3,0,1,19,0
2024,15,2024-06-16,Sydney Showground,Greater Western Sydney,Port Adelaide,Port Adelaide,Dylan Williams,11,5,1,0,0,0,1
2024,15,2024-06-16,Sydney Showground,Greater Western Sydney,Port Adelaide,Port Adelaide,Ollie Wines,9,4,9,0,0,2,3
2024,15,2024-06-16,Sydney Showground,Greater Western Sydney,Port Adelaide,Port Adelaide,Brandon Zerk-Thatcher,7,7,4,0,0,0,1
2024,16,2024-06-21,M.C.G.,Carlton,Geelong,Carlton,Blake Acres,12,8,12,1,1,0,4
2024,16,2024-06-21,M.C.G.,Carlton,Geelong,Carlton,Jordan Boyd,8,4,5,0,0,0,1
2024,16,2024-06-21,M.C.G.,Carlton,Geelong,Carlton,Alex Cincotta,5,3,5,2,0,0,7
2024,16,2024-06-21,M.C.G.,Carlton,Geelong,Carlton,Lachlan Cowan,8,2,4,1,0,0,8
2024,16,2024-06-21,M.C.G.,Carlton,Geelong,Carlton,Patrick Cripps,14,0,27,0,0,4,5
2024,16,2024-06-21,M.C.G.,Carlton,Geelong,Carlton,Charlie Curnow,12,2,1,5,2,0,3
2024,16,2024-06-21,M.C.G.,Carlton,Geelong,Carlton,Tom De Koning,10,4,15,1,1,34,6
2024,16,2024-06-21,M.C.G.,Carlton,Geelong,Carlton,Corey Durdin,0,0,1,0,0,0,0
2024,16,2024-06-21,M.C.G.,Carlton,Geelong,Carlton,Orazio Fantasia,6,3,3,0,1,0,1
2024,16,2024-06-21,M.C.G.,Carlton,Geelong,Carlton,Lachie Fogarty,5,1,10,0,0,0,4
2024,16,2024-06-21,M.C.G.,Carlton,Geelong,Carlton,George Hewett,11,3,13,0,0,0,4
2024,16,2024-06-21,M.C.G.,Carlton,Geelong,Carlton,Elijah Hollands,14,8,7,1,0,0,3
2024,16,2024-06-21,M.C.G.,Carlton,Geelong,Carlton,Oliver Hollands,9,2,4,1,0,0,2
2024,16,2024-06-21,M.C.G.,Carlton,Geelong,Carlton,Brodie Kemp,6,4,3,0,0,0,0
2024,16,2024-06-21,M.C.G.,Carlton,Geelong,Carlton,Matthew Kennedy,14,4,17,1,0,1,6
2024,16,2024-06-21,M.C.G.,Carlton,Geelong,Carlton,Mitch McGovern,14,5,0,0,0,0,2
2024,16,2024-06-21,M.C.G.,Carlton,Geelong,Carlton,Harry McKay,8,7,1,3,0,4,3
2024,16,2024-06-21,M.C.G.,Carlton,Geelong,Carlton,Nic Newman,14,7,5,1,0,0,4
2024,16,2024-06-21,M.C.G.,Carlton,Geelong,Carlton,Matthew Owies,9,6,3,3,1,0,5
2024,16,2024-06-21,M.C.G.,Carlton,Geelong,Carlton,Adam Saad,11,4,7,0,0,0,1
2024,16,2024-06-21,M.C.G.,Carlton,Geelong,Carlton,Sam Walsh,13,3,20,1,1,0,5
2024,16,2024-06-21,M.C.G.,Carlton,Geelong,Carlton,Jacob Weitering,7,4,5,0,0,0,2
2024,16,2024-06-21,M.C.G.,Carlton,Geelong,Carlton,Zac Williams,7,4,4,0,0,0,4
2024,16,2024-06-21,M.C.G.,Carlton,Geelong,Geelong,Tom Atkins,10,0,6,0,0,0,5
2024,16,2024-06-21,M.C.G.,Carlton,Geelong,Geelong,Mark Blicavs,6,0,11,0,0,12,2
2024,16,2024-06-21,M.C.G.,Carlton,Geelong,Geelong,Jack Bowes,5,2,6,0,0,0,5
2024,16,2024-06-21,M.C.G.,Carlton,Geelong,Geelong,Jeremy Cameron,10,5,6,3,3,0,2
2024,16,2024-06-21,M.C.G.,Carlton,Geelong,Geelong,Jhye Clark,11,1,9,0,0,0,2
2024,16,2024-06-21,M.C.G.,Carlton,Geelong,Geelong,Brad Close,5,3,7,1,0,0,0
2024,16,2024-06-21,M.C.G.,Carlton,Geelong,Geelong,Patrick Dangerfield,11,5,6,0,0,1,4
2024,16,2024-06-21,M.C.G.,Carlton,Geelong,Geelong,Sam De Koning,5,2,15,1,0,20,5
2024,16,2024-06-21,M.C.G.,Carlton,Geelong,Geelong,Oliver Dempsey,12,7,13,1,0,0,3
2024,16,2024-06-21,M.C.G.,Carlton,Geelong,Geelong,Mitch Duncan,10,3,11,0,0,0,4
2024,16,2024-06-21,M.C.G.,Carlton,Geelong,Geelong,Zach Guthrie,14,6,5,0,0,0,0
2024,16,2024-06-21,M.C.G.,Carlton,Geelong,Geelong,Tom Hawkins,3,1,0,0,0,2,0
2024,16,2024-06-21,M.C.G.,Carlton,Geelong,Geelong,Jack Henry,4,3,6,0,0,0,1
2024,16,2024-06-21,M.C.G.,Carlton,Geelong,Geelong,Oliver Henry,6,1,5,0,1,0,0
2024,16,2024-06-21,M.C.G.,Carlton,Geelong,Geelong,Max Holmes,13,5,11,1,0,0,5
2024,16,2024-06-21,M.C.G.,Carlton,Geelong,Geelong,Jake Kolodjashnij,9,6,4,0,0,0,2
2024,16,2024-06-21,M.C.G.,Carlton,Geelong,Geelong,Gryan Miers,15,3,8,1,2,0,9
2024,16,2024-06-21,M.C.G.,Carlton,Geelong,Geelong,Oisin Mullin,2,0,1,0,0,0,3
2024,16,2024-06-21,M.C.G.,Carlton,Geelong,Geelong,Mark OConnor,7,3,2,0,0,0,2
2024,16,2024-06-21,M.C.G.,Carlton,Geelong,Geelong,Gary Rohan,4,4,2,1,0,0,1
2024,16,2024-06-21,M.C.G.,Carlton,Geelong,Geelong,Tyson Stengle,9,2,6,1,1,0,4
2024,16,2024-06-21,M.C.G.,Carlton,Geelong,Geelong,Tom Stewart,9,5,6,0,0,0,7
2024,16,2024-06-21,M.C.G.,Carlton,Geelong,Geelong,Zach Tuohy,8,2,7,1,0,0,0
2024,16,2024-06-22,Adelaide Oval,Port Adelaide,Brisbane Lions,Port Adelaide,Aliir Aliir,10,7,6,0,0,0,2
2024,16,2024-06-22,Adelaide Oval,Port Adelaide,Brisbane Lions,Port Adelaide,Miles Bergman,17,8,5,0,1,0,0
2024,16,2024-06-22,Adelaide Oval,Port Adelaide,Brisbane Lions,Port Adelaide,Jase Burgoyne,7,3,7,0,0,0,5
2024,16,2024-06-22,Adelaide Oval,Port Adelaide,Brisbane Lions,Port Adelaide,Zak Butters,12,6,23,1,0,0,6
2024,16,2024-06-22,Adelaide Oval,Port Adelaide,Brisbane Lions,Port Adelaide,Darcy Byrne-Jones,5,3,3,0,1,0,0
2024,16,2024-06-22,Adelaide Oval,Port Adelaide,Brisbane Lions,Port Adelaide,Willem Drew,6,4,10,0,0,0,6
2024,16,2024-06-22,Adelaide Oval,Port Adelaide,Brisbane Lions,Port Adelaide,Logan Evans,11,5,9,0,1,0,2
2024,16,2024-06-22,Adelaide Oval,Port Adelaide,Brisbane Lions,Port Adelaide,Kane Farrell,13,5,11,0,0,0,2
2024,16,2024-06-22,Adelaide Oval,Port Adelaide,Brisbane Lions,Port Adelaide,Jeremy Finlayson,12,4,4,1,1,6,1
2024,16,2024-06-22,Adelaide Oval,Port Adelaide,Brisbane Lions,Port Adelaide,Mitch Georgiades,8,6,1,3,1,0,2
2024,16,2024-06-22,Adelaide Oval,Port Adelaide,Brisbane Lions,Port Adelaide,Jason Horne-Francis,14,4,7,0,3,0,7
2024,16,2024-06-22,Adelaide Oval,Port Adelaide,Brisbane Lions,Port Adelaide,Dan Houston,11,2,10,0,1,0,5
2024,16,2024-06-22,Adelaide Oval,Port Adelaide,Brisbane Lions,Port Adelaide,Ollie Lord,4,2,3,2,1,1,1
2024,16,2024-06-22,Adelaide Oval,Port Adelaide,Brisbane Lions,Port Adelaide,Todd Marshall,8,5,1,1,1,0,1
2024,16,2024-06-22,Adelaide Oval,Port Adelaide,Brisbane Lions,Port Adelaide,Jed McEntee,4,2,4,1,0,0,1
2024,16,2024-06-22,Adelaide Oval,Port Adelaide,Brisbane Lions,Port Adelaide,Jackson Mead,5,6,10,0,0,0,3
2024,16,2024-06-22,Adelaide Oval,Port Adelaide,Brisbane Lions,Port Adelaide,Quinton Narkle,7,4,3,0,1,0,1
2024,16,2024-06-22,Adelaide Oval,Port Adelaide,Brisbane Lions,Port Adelaide,Esava Ratugolea,7,4,6,0,0,0,3
2024,16,2024-06-22,Adelaide Oval,Port Adelaide,Brisbane Lions,Port Adelaide,Connor Rozee,13,8,15,0,0,0,7
2024,16,2024-06-22,Adelaide Oval,Port Adelaide,Brisbane Lions,Port Adelaide,Josh Sinn,7,1,3,1,0,0,2
2024,16,2024-06-22,Adelaide Oval,Port Adelaide,Brisbane Lions,Port Adelaide,Jordon Sweet,2,3,7,0,0,32,6
2024,16,2024-06-22,Adelaide Oval,Port Adelaide,Brisbane Lions,Port Adelaide,Ollie Wines,9,3,8,0,0,0,7
2024,16,2024-06-22,Adelaide Oval,Port Adelaide,Brisbane Lions,Port Adelaide,Brandon Zerk-Thatcher,3,1,3,0,0,0,4
2024,16,2024-06-22,Adelaide Oval,Port Adelaide,Brisbane Lions,Brisbane Lions,Callum Ah Chee,15,9,5,2,0,0,0
2024,16,2024-06-22,Adelaide Oval,Port Adelaide,Brisbane Lions,Brisbane Lions,Harris Andrews,8,8,5,0,0,0,0
2024,16,2024-06-22,Adelaide Oval,Port Adelaide,Brisbane Lions,Brisbane Lions,Zac Bailey,15,4,11,1,1,0,2
2024,16,2024-06-22,Adelaide Oval,Port Adelaide,Brisbane Lions,Brisbane Lions,Jarrod Berry,8,3,9,0,0,0,5
2024,16,2024-06-22,Adelaide Oval,Port Adelaide,Brisbane Lions,Brisbane Lions,Shadeau Brain,1,1,1,0,0,0,0
2024,16,2024-06-22,Adelaide Oval,Port Adelaide,Brisbane Lions,Brisbane Lions,Charlie Cameron,9,3,1,2,2,0,2
2024,16,2024-06-22,Adelaide Oval,Port Adelaide,Brisbane Lions,Brisbane Lions,Joe Daniher,14,8,7,3,3,2,3
2024,16,2024-06-22,Adelaide Oval,Port Adelaide,Brisbane Lions,Brisbane Lions,Josh Dunkley,9,6,23,0,0,0,7
2024,16,2024-06-22,Adelaide Oval,Port Adelaide,Brisbane Lions,Brisbane Lions,Jaspa Fletcher,8,5,9,0,0,0,0
2024,16,2024-06-22,Adelaide Oval,Port Adelaide,Brisbane Lions,Brisbane Lions,Eric Hipwood,13,10,3,5,1,0,2
2024,16,2024-06-22,Adelaide Oval,Port Adelaide,Brisbane Lions,Brisbane Lions,Ryan Lester,9,7,3,0,0,0,2
2024,16,2024-06-22,Adelaide Oval,Port Adelaide,Brisbane Lions,Brisbane Lions,Kai Lohmann,3,3,5,0,0,0,3
2024,16,2024-06-22,Adelaide Oval,Port Adelaide,Brisbane Lions,Brisbane Lions,Hugh McCluggage,13,6,5,2,1,0,1
2024,16,2024-06-22,Adelaide Oval,Port Adelaide,Brisbane Lions,Brisbane Lions,Oscar McInerney,13,4,5,3,0,31,3
2024,16,2024-06-22,Adelaide Oval,Port Adelaide,Brisbane Lions,Brisbane Lions,Conor McKenna,18,7,2,0,0,0,0
2024,16,2024-06-22,Adelaide Oval,Port Adelaide,Brisbane Lions,Brisbane Lions,Logan Morris,6,3,3,2,0,0,2
2024,16,2024-06-22,Adelaide Oval,Port Adelaide,Brisbane Lions,Brisbane Lions,Lachie Neale,16,7,21,0,0,0,6
2024,16,2024-06-22,Adelaide Oval,Port Adelaide,Brisbane Lions,Brisbane Lions,Jack Payne,5,5,1,0,0,0,1
2024,16,2024-06-22,Adelaide Oval,Port Adelaide,Brisbane Lions,Brisbane Lions,Cam Rayner,14,5,6,1,2,0,2
2024,16,2024-06-22,Adelaide Oval,Port Adelaide,Brisbane Lions,Brisbane Lions,Bruce Reville,8,1,9,2,0,0,3
2024,16,2024-06-22,Adelaide Oval,Port Adelaide,Brisbane Lions,Brisbane Lions,Brandon Starcevich,8,6,2,0,0,0,0
2024,16,2024-06-22,Adelaide Oval,Port Adelaide,Brisbane Lions,Brisbane Lions,Darcy Wilmot,17,8,7,0,0,0,3
2024,16,2024-06-22,Adelaide Oval,Port Adelaide,Brisbane Lions,Brisbane Lions,Dayne Zorko,19,5,7,0,0,0,2
2024,16,2024-06-22,Sydney Showground,Greater Western Sydney,Sydney,Greater Western Sydney,Leek Aleer,7,5,9,0,0,0,2
2024,16,2024-06-22,Sydney Showground,Greater Western Sydney,Sydney,Greater Western Sydney,Ryan Angwin,2,1,2,0,0,0,2
2024,16,2024-06-22,Sydney Showground,Greater Western Sydney,Sydney,Greater Western Sydney,Lachie Ash,14,8,6,0,0,0,2
2024,16,2024-06-22,Sydney Showground,Greater Western Sydney,Sydney,Greater Western Sydney,Toby Bedford,9,1,9,0,0,0,9
2024,16,2024-06-22,Sydney Showground,Greater Western Sydney,Sydney,Greater Western Sydney,Kieren Briggs,8,2,5,0,1,28,2
2024,16,2024-06-22,Sydney Showground,Greater Western Sydney,Sydney,Greater Western Sydney,Callum Brown,8,2,5,0,0,2,3
2024,16,2024-06-22,Sydney Showground,Greater Western Sydney,Sydney,Greater Western Sydney,Jack Buckley,7,5,7,0,0,0,2
2024,16,2024-06-22,Sydney Showground,Greater Western Sydney,Sydney,Greater Western Sydney,Finn Callaghan,13,4,14,0,0,0,4
2024,16,2024-06-22,Sydney Showground,Greater Western Sydney,Sydney,Greater Western Sydney,Brent Daniels,14,2,5,1,0,0,5
2024,16,2024-06-22,Sydney Showground,Greater Western Sydney,Sydney,Greater Western Sydney,Tom Green,15,8,20,0,0,0,5
2024,16,2024-06-22,Sydney Showground,Greater Western Sydney,Sydney,Greater Western Sydney,Toby Greene,13,7,5,1,2,0,2
2024,16,2024-06-22,Sydney Showground,Greater Western Sydney,Sydney,Greater Western Sydney,Max Gruzewski,4,1,0,2,0,0,0
2024,16,2024-06-22,Sydney Showground,Greater Western Sydney,Sydney,Greater Western Sydney,Harry Himmelberg,19,7,1,0,1,0,5
2024,16,2024-06-22,Sydney Showground,Greater Western Sydney,Sydney,Greater Western Sydney,Jesse Hogan,5,2,2,1,0,0,0
2024,16,2024-06-22,Sydney Showground,Greater Western Sydney,Sydney,Greater Western Sydney,Connor Idun,10,9,10,0,0,0,1
2024,16,2024-06-22,Sydney Showground,Greater Western Sydney,Sydney,Greater Western Sydney,Josh Kelly,11,1,12,1,1,0,3
2024,16,2024-06-22,Sydney Showground,Greater Western Sydney,Sydney,Greater Western Sydney,Toby McMullin,5,1,11,0,0,0,3
2024,16,2024-06-22,Sydney Showground,Greater Western Sydney,Sydney,Greater Western Sydney,Xavier OHalloran,6,3,3,0,0,0,3
2024,16,2024-06-22,Sydney Showground,Greater Western Sydney,Sydney,Greater Western Sydney,James Peatling,1,0,7,0,0,0,1
2024,16,2024-06-22,Sydney Showground,Greater Western Sydney,Sydney,Greater Western Sydney,Jake Riccardi,7,5,3,2,0,7,1
2024,16,2024-06-22,Sydney Showground,Greater Western Sydney,Sydney,Greater Western Sydney,Harvey Thomas,9,1,8,1,0,0,2
2024,16,2024-06-22,Sydney Showground,Greater Western Sydney,Sydney,Greater Western Sydney,Callan Ward,9,4,10,2,0,0,2
2024,16,2024-06-22,Sydney Showground,Greater Western Sydney,Sydney,Greater Western Sydney,Lachie Whitfield,21,8,4,0,0,0,4
2024,16,2024-06-22,Sydney Showground,Greater Western Sydney,Sydney,Sydney,Taylor Adams,14,3,8,1,0,0,4
2024,16,2024-06-22,Sydney Showground,Greater Western Sydney,Sydney,Sydney,Joel Amartey,4,1,2,0,1,0,4
2024,16,2024-06-22,Sydney Showground,Greater Western Sydney,Sydney,Sydney,Nick Blakey,16,4,6,0,0,0,2
2024,16,2024-06-22,Sydney Showground,Greater Western Sydney,Sydney,Sydney,Braeden Campbell,4,1,4,0,0,0,0
2024,16,2024-06-22,Sydney Showground,Greater Western Sydney,Sydney,Sydney,Caiden Cleary,2,1,2,1,0,0,1
2024,16,2024-06-22,Sydney Showground,Greater Western Sydney,Sydney,Sydney,Harry Cunningham,5,2,5,0,0,0,2
2024,16,2024-06-22,Sydney Showground,Greater Western Sydney,Sydney,Sydney,Oliver Florent,14,3,7,0,0,0,3
2024,16,2024-06-22,Sydney Showground,Greater Western Sydney,Sydney,Sydney,Brodie Grundy,9,2,19,0,0,31,5
2024,16,2024-06-22,Sydney Showground,Greater Western Sydney,Sydney,Sydney,Errol Gulden,31,12,10,1,1,0,0
2024,16,2024-06-22,Sydney Showground,Greater Western Sydney,Sydney,Sydney,Will Hayward,8,4,6,2,0,0,3
2024,16,2024-06-22,Sydney Showground,Greater Western Sydney,Sydney,Sydney,Isaac Heeney,10,1,13,0,1,0,7
2024,16,2024-06-22,Sydney Showground,Greater Western Sydney,Sydney,Sydney,James Jordon,7,2,5,1,3,0,2
2024,16,2024-06-22,Sydney Showground,Greater Western Sydney,Sydney,Sydney,Jake Lloyd,14,4,2,1,0,0,0
2024,16,2024-06-22,Sydney Showground,Greater Western Sydney,Sydney,Sydney,Tom McCartin,4,3,3,0,0,0,0
2024,16,2024-06-22,Sydney Showground,Greater Western Sydney,Sydney,Sydney,Logan McDonald,8,5,2,1,0,2,2
2024,16,2024-06-22,Sydney Showground,Greater Western Sydney,Sydney,Sydney,Justin McInerney,10,6,8,1,0,0,2
2024,16,2024-06-22,Sydney Showground,Greater Western Sydney,Sydney,Sydney,Hayden McLean,7,2,1,2,1,11,5
2024,16,2024-06-22,Sydney Showground,Greater Western Sydney,Sydney,Sydney,Lewis Melican,3,1,0,0,0,0,0
2024,16,2024-06-22,Sydney Showground,Greater Western Sydney,Sydney,Sydney,Tom Papley,14,3,5,2,2,0,0
2024,16,2024-06-22,Sydney Showground,Greater Western Sydney,Sydney,Sydney,Dane Rampe,4,1,2,0,0,0,0
2024,16,2024-06-22,Sydney Showground,Greater Western Sydney,Sydney,Sydney,James Rowbottom,19,2,13,0,0,0,6
2024,16,2024-06-22,Sydney Showground,Greater Western Sydney,Sydney,Sydney,Chad Warner,15,3,5,2,1,0,5
2024,16,2024-06-22,Sydney Showground,Greater Western Sydney,Sydney,Sydney,Sam Wicks,3,1,2,0,0,0,2
2024,16,2024-06-22,M.C.G.,Melbourne,North Melbourne,Melbourne,Jake Bowey,9,1,4,0,0,0,0
2024,16,2024-06-22,M.C.G.,Melbourne,North Melbourne,Melbourne,Kynan Brown,1,0,0,0,0,0,1
2024,16,2024-06-22,M.C.G.,Melbourne,North Melbourne,Melbourne,Kade Chandler,4,1,3,1,0,0,8
2024,16,2024-06-22,M.C.G.,Melbourne,North Melbourne,Melbourne,Bayley Fritsch,2,0,4,0,0,0,0
2024,16,2024-06-22,M.C.G.,Melbourne,North Melbourne,Melbourne,Max Gawn,13,3,5,1,0,30,1
2024,16,2024-06-22,M.C.G.,Melbourne,North Melbourne,Melbourne,Blake Howes,7,6,3,0,0,0,0
2024,16,2024-06-22,M.C.G.,Melbourne,North Melbourne,Melbourne,Ed Langdon,10,3,10,0,0,0,3
2024,16,2024-06-22,M.C.G.,Melbourne,North Melbourne,Melbourne,Steven May,15,8,3,0,0,0,0
2024,16,2024-06-22,M.C.G.,Melbourne,North Melbourne,Melbourne,Tom McDonald,9,6,2,1,0,0,2
2024,16,2024-06-22,M.C.G.,Melbourne,North Melbourne,Melbourne,Judd McVee,10,2,4,0,0,0,0
2024,16,2024-06-22,M.C.G.,Melbourne,North Melbourne,Melbourne,Alex Neal-Bullen,6,3,9,1,0,0,9
2024,16,2024-06-22,M.C.G.,Melbourne,North Melbourne,Melbourne,Clayton Oliver,8,0,6,0,0,0,1
2024,16,2024-06-22,M.C.G.,Melbourne,North Melbourne,Melbourne,Harry Petty,7,6,4,1,1,0,1
2024,16,2024-06-22,M.C.G.,Melbourne,North Melbourne,Melbourne,Kysaiah Pickett,10,3,0,1,1,0,2
2024,16,2024-06-22,M.C.G.,Melbourne,North Melbourne,Melbourne,Trent Rivers,18,6,3,1,0,0,6
2024,16,2024-06-22,M.C.G.,Melbourne,North Melbourne,Melbourne,Christian Salem,9,4,4,0,0,0,3
2024,16,2024-06-22,M.C.G.,Melbourne,North Melbourne,Melbourne,Tom Sparrow,12,1,4,1,1,0,4
2024,16,2024-06-22,M.C.G.,Melbourne,North Melbourne,Melbourne,Koltyn Tholstrup,8,5,2,0,0,0,7
2024,16,2024-06-22,M.C.G.,Melbourne,North Melbourne,Melbourne,Adam Tomlinson,10,4,3,0,0,0,3
2024,16,2024-06-22,M.C.G.,Melbourne,North Melbourne,Melbourne,Daniel Turner,4,4,2,2,0,0,0
2024,16,2024-06-22,M.C.G.,Melbourne,North Melbourne,Melbourne,Jacob van Rooyen,4,3,0,1,0,5,4
2024,16,2024-06-22,M.C.G.,Melbourne,North Melbourne,Melbourne,Jack Viney,14,3,11,0,0,0,6
2024,16,2024-06-22,M.C.G.,Melbourne,North Melbourne,Melbourne,Caleb Windsor,5,0,5,0,0,0,6
2024,16,2024-06-22,M.C.G.,Melbourne,North Melbourne,North Melbourne,Jackson Archer,6,4,2,0,0,0,0
2024,16,2024-06-22,M.C.G.,Melbourne,North Melbourne,North Melbourne,Charlie Comben,10,6,5,0,0,0,2
2024,16,2024-06-22,M.C.G.,Melbourne,North Melbourne,North Melbourne,Aidan Corr,11,8,1,0,0,0,2
2024,16,2024-06-22,M.C.G.,Melbourne,North Melbourne,North Melbourne,Paul Curtis,7,4,4,0,0,0,6
2024,16,2024-06-22,M.C.G.,Melbourne,North Melbourne,North Melbourne,Luke Davies-Uniacke,10,4,21,1,0,0,3
2024,16,2024-06-22,M.C.G.,Melbourne,North Melbourne,North Melbourne,Zac Fisher,19,6,4,0,0,0,1
2024,16,2024-06-22,M.C.G.,Melbourne,North Melbourne,North Melbourne,Eddie Ford,11,7,6,2,1,0,2
2024,16,2024-06-22,M.C.G.,Melbourne,North Melbourne,North Melbourne,Nick Larkey,5,3,1,0,1,0,1
2024,16,2024-06-22,M.C.G.,Melbourne,North Melbourne,North Melbourne,Luke McDonald,8,3,3,0,0,0,6
2024,16,2024-06-22,M.C.G.,Melbourne,North Melbourne,North Melbourne,Will Phillips,4,1,8,0,0,0,8
2024,16,2024-06-22,M.C.G.,Melbourne,North Melbourne,North Melbourne,Toby Pink,2,2,4,0,1,0,1
2024,16,2024-06-22,M.C.G.,Melbourne,North Melbourne,North Melbourne,Tom Powell,9,2,9,0,0,0,2
2024,16,2024-06-22,M.C.G.,Melbourne,North Melbourne,North Melbourne,Bailey Scott,15,1,2,0,0,0,2
2024,16,2024-06-22,M.C.G.,Melbourne,North Melbourne,North Melbourne,Harry Sheezel,19,7,8,2,0,0,2
2024,16,2024-06-22,M.C.G.,Melbourne,North Melbourne,North Melbourne,Liam Shiels,12,3,4,0,0,0,4
2024,16,2024-06-22,M.C.G.,Melbourne,North Melbourne,North Melbourne,Jy Simpkin,13,3,12,1,0,0,1
2024,16,2024-06-22,M.C.G.,Melbourne,North Melbourne,North Melbourne,Dylan Stephens,11,3,3,0,0,0,0
2024,16,2024-06-22,M.C.G.,Melbourne,North Melbourne,North Melbourne,Curtis Taylor,12,7,2,0,0,0,2
2024,16,2024-06-22,M.C.G.,Melbourne,North Melbourne,North Melbourne,Brynn Teakle,5,4,5,0,1,10,1
2024,16,2024-06-22,M.C.G.,Melbourne,North Melbourne,North Melbourne,Darcy Tucker,6,3,6,0,0,0,1
2024,16,2024-06-22,M.C.G.,Melbourne,North Melbourne,North Melbourne,George Wardlaw,13,3,10,0,1,0,8
2024,16,2024-06-22,M.C.G.,Melbourne,North Melbourne,North Melbourne,Tristan Xerri,10,2,7,0,0,20,10
2024,16,2024-06-22,M.C.G.,Melbourne,North Melbourne,North Melbourne,Cameron Zurhaar,8,4,4,4,1,0,2
2024,16,2024-06-23,Docklands,Essendon,West Coast,Essendon,Nate Caddy,5,2,6,2,1,0,0
2024,16,2024-06-23,Docklands,Essendon,West Coast,Essendon,Jye Caldwell,20,6,7,1,1,0,11
2024,16,2024-06-23,Docklands,Essendon,West Coast,Essendon,Nik Cox,7,4,2,0,0,0,6
2024,16,2024-06-23,Docklands,Essendon,West Coast,Essendon,Sam Draper,9,4,8,0,0,32,3
2024,16,2024-06-23,Docklands,Essendon,West Coast,Essendon,Sam Durham,13,3,16,1,0,0,2
2024,16,2024-06-23,Docklands,Essendon,West Coast,Essendon,Xavier Duursma,10,9,10,1,0,0,1
2024,16,2024-06-23,Docklands,Essendon,West Coast,Essendon,Matt Guelfi,6,3,9,2,1,0,5
2024,16,2024-06-23,Docklands,Essendon,West Coast,Essendon,Dyson Heppell,10,5,10,1,0,0,1
2024,16,2024-06-23,Docklands,Essendon,West Coast,Essendon,Nick Hind,7,1,3,1,0,0,0
2024,16,2024-06-23,Docklands,Essendon,West Coast,Essendon,Harry Jones,8,6,6,0,0,0,0
2024,16,2024-06-23,Docklands,Essendon,West Coast,Essendon,Jake Kelly,13,11,2,0,0,0,0
2024,16,2024-06-23,Docklands,Essendon,West Coast,Essendon,Kyle Langford,5,3,2,2,0,1,2
2024,16,2024-06-23,Docklands,Essendon,West Coast,Essendon,Jayden Laverde,18,11,10,0,0,0,5
2024,16,2024-06-23,Docklands,Essendon,West Coast,Essendon,Nic Martin,14,9,7,0,1,0,3
2024,16,2024-06-23,Docklands,Essendon,West Coast,Essendon,Andrew McGrath,12,3,12,0,0,0,6
2024,16,2024-06-23,Docklands,Essendon,West Coast,Essendon,Ben McKay,3,1,6,0,0,0,2
2024,16,2024-06-23,Docklands,Essendon,West Coast,Essendon,Jye Menzie,1,1,0,0,0,0,1
2024,16,2024-06-23,Docklands,Essendon,West Coast,Essendon,Zach Merrett,18,8,10,1,0,0,2
2024,16,2024-06-23,Docklands,Essendon,West Coast,Essendon,Archie Perkins,8,3,8,0,0,0,0
2024,16,2024-06-23,Docklands,Essendon,West Coast,Essendon,Mason Redman,13,10,9,0,0,0,2
2024,16,2024-06-23,Docklands,Essendon,West Coast,Essendon,Jordan Ridley,18,7,7,0,0,0,1
2024,16,2024-06-23,Docklands,Essendon,West Coast,Essendon,Jake Stringer,14,10,6,5,1,0,1
2024,16,2024-06-23,Docklands,Essendon,West Coast,Essendon,Peter Wright,8,6,4,2,1,7,0
2024,16,2024-06-23,Docklands,Essendon,West Coast,West Coast,Oscar Allen,11,9,2,2,4,0,1
2024,16,2024-06-23,Docklands,Essendon,West Coast,West Coast,Tom Barrass,11,11,5,0,0,2,1
2024,16,2024-06-23,Docklands,Essendon,West Coast,West Coast,Tyler Brockman,6,3,8,0,0,0,2
2024,16,2024-06-23,Docklands,Essendon,West Coast,West Coast,Campbell Chesser,9,3,5,1,0,0,1
2024,16,2024-06-23,Docklands,Essendon,West Coast,West Coast,Tom Cole,4,0,4,0,0,0,1
2024,16,2024-06-23,Docklands,Essendon,West Coast,West Coast,Jamie Cripps,14,4,5,2,3,0,4
2024,16,2024-06-23,Docklands,Essendon,West Coast,West Coast,Jack Darling,4,3,5,2,1,0,2
2024,16,2024-06-23,Docklands,Essendon,West Coast,West Coast,Liam Duggan,16,5,3,0,0,0,4
2024,16,2024-06-23,Docklands,Essendon,West Coast,West Coast,Matt Flynn,0,0,6,0,0,26,5
2024,16,2024-06-23,Docklands,Essendon,West Coast,West Coast,Reuben Ginbey,5,1,12,0,0,0,5
2024,16,2024-06-23,Docklands,Essendon,West Coast,West Coast,Brady Hough,6,4,7,0,0,0,2
2024,16,2024-06-23,Docklands,Essendon,West Coast,West Coast,Jayden Hunt,5,1,2,0,0,0,3
2024,16,2024-06-23,Docklands,Essendon,West Coast,West Coast,Jack Hutchinson,0,1,1,0,0,0,2
2024,16,2024-06-23,Docklands,Essendon,West Coast,West Coast,Jamaine Jones,9,2,3,0,0,0,3
2024,16,2024-06-23,Docklands,Essendon,West Coast,West Coast,Ryan Maric,9,2,4,0,0,0,2
2024,16,2024-06-23,Docklands,Essendon,West Coast,West Coast,Jeremy McGovern,18,5,2,0,0,0,2
2024,16,2024-06-23,Docklands,Essendon,West Coast,West Coast,Jack Petruccelle,8,2,3,2,1,0,1
2024,16,2024-06-23,Docklands,Essendon,West Coast,West Coast,Josh Rotham,5,4,2,0,0,0,0
2024,16,2024-06-23,Docklands,Essendon,West Coast,West Coast,Liam Ryan,12,3,7,0,1,0,2
2024,16,2024-06-23,Docklands,Essendon,West Coast,West Coast,Jake Waterman,9,7,4,3,1,0,1
2024,16,2024-06-23,Docklands,Essendon,West Coast,West Coast,Bailey Williams,1,0,4,0,0,13,2
2024,16,2024-06-23,Docklands,Essendon,West Coast,West Coast,Alex Witherden,6,5,10,0,0,0,1
2024,16,2024-06-23,Docklands,Essendon,West Coast,West Coast,Elliot Yeo,14,2,6,1,0,0,13
2024,16,2024-06-23,Perth Stadium,Fremantle,Gold Coast,Fremantle,James Aish,6,6,9,0,1,0,4
2024,16,2024-06-23,Perth Stadium,Fremantle,Gold Coast,Fremantle,Jye Amiss,5,4,1,0,2,0,0
2024,16,2024-06-23,Perth Stadium,Fremantle,Gold Coast,Fremantle,Bailey Banfield,8,5,4,0,2,0,3
2024,16,2024-06-23,Perth Stadium,Fremantle,Gold Coast,Fremantle,Andrew Brayshaw,16,5,16,1,1,0,8
2024,16,2024-06-23,Perth Stadium,Fremantle,Gold Coast,Fremantle,Heath Chapman,10,6,6,0,0,0,6
2024,16,2024-06-23,Perth Stadium,Fremantle,Gold Coast,Fremantle,Jordan Clark,11,7,6,0,0,0,6
2024,16,2024-06-23,Perth Stadium,Fremantle,Gold Coast,Fremantle,Sean Darcy,9,2,11,1,0,39,3
2024,16,2024-06-23,Perth Stadium,Fremantle,Gold Coast,Fremantle,Hugh Davies,0,0,1,0,0,0,1
2024,16,2024-06-23,Perth Stadium,Fremantle,Gold Coast,Fremantle,Michael Frederick,7,6,4,1,1,0,0
2024,16,2024-06-23,Perth Stadium,Fremantle,Gold Coast,Fremantle,Nat Fyfe,7,3,6,0,1,0,2
2024,16,2024-06-23,Perth Stadium,Fremantle,Gold Coast,Fremantle,Luke Jackson,2,1,5,0,0,10,3
2024,16,2024-06-23,Perth Stadium,Fremantle,Gold Coast,Fremantle,Matthew Johnson,10,5,5,0,1,0,5
2024,16,2024-06-23,Perth Stadium,Fremantle,Gold Coast,Fremantle,Jaeger OMeara,11,4,8,1,0,0,7
2024,16,2024-06-23,Perth Stadium,Fremantle,Gold Coast,Fremantle,Alex Pearce,1,1,2,0,0,0,1
2024,16,2024-06-23,Perth Stadium,Fremantle,Gold Coast,Fremantle,Luke Ryan,13,5,5,0,0,0,1
2024,16,2024-06-23,Perth Stadium,Fremantle,Gold Coast,Fremantle,Caleb Serong,13,3,16,1,0,0,2
2024,16,2024-06-23,Perth Stadium,Fremantle,Gold Coast,Fremantle,Jeremy Sharp,8,1,5,0,0,0,1
2024,16,2024-06-23,Perth Stadium,Fremantle,Gold Coast,Fremantle,Sam Sturt,8,4,5,2,1,0,3
2024,16,2024-06-23,Perth Stadium,Fremantle,Gold Coast,Fremantle,Sam Switkowski,7,4,7,0,1,0,8
2024,16,2024-06-23,Perth Stadium,Fremantle,Gold Coast,Fremantle,Josh Treacy,8,7,4,2,1,0,2
2024,16,2024-06-23,Perth Stadium,Fremantle,Gold Coast,Fremantle,Corey Wagner,11,1,4,0,0,0,1
2024,16,2024-06-23,Perth Stadium,Fremantle,Gold Coast,Fremantle,Karl Worner,3,2,2,0,0,0,0
2024,16,2024-06-23,Perth Stadium,Fremantle,Gold Coast,Fremantle,Hayden Young,13,4,11,3,0,0,3
2024,16,2024-06-23,Perth Stadium,Fremantle,Gold Coast,Gold Coast,Ben Ainsworth,6,1,3,0,1,0,2
2024,16,2024-06-23,Perth Stadium,Fremantle,Gold Coast,Gold Coast,Noah Anderson,12,3,11,0,0,0,2
2024,16,2024-06-23,Perth Stadium,Fremantle,Gold Coast,Gold Coast,Mac Andrew,8,6,3,0,0,6,4
2024,16,2024-06-23,Perth Stadium,Fremantle,Gold Coast,Gold Coast,Charlie Ballard,7,6,3,0,0,0,3
2024,16,2024-06-23,Perth Stadium,Fremantle,Gold Coast,Gold Coast,Tom Berry,7,1,6,0,0,0,3
2024,16,2024-06-23,Perth Stadium,Fremantle,Gold Coast,Gold Coast,Sam Clohesy,11,2,8,0,0,0,2
2024,16,2024-06-23,Perth Stadium,Fremantle,Gold Coast,Gold Coast,Sam Collins,8,7,8,0,0,0,0
2024,16,2024-06-23,Perth Stadium,Fremantle,Gold Coast,Gold Coast,Sam Day,3,7,9,3,0,0,2
2024,16,2024-06-23,Perth Stadium,Fremantle,Gold Coast,Gold Coast,Brandon Ellis,4,1,3,1,0,0,0
2024,16,2024-06-23,Perth Stadium,Fremantle,Gold Coast,Gold Coast,Sam Flanders,15,7,18,0,0,0,3
2024,16,2024-06-23,Perth Stadium,Fremantle,Gold Coast,Gold Coast,Will Graham,6,4,7,1,1,0,2
2024,16,2024-06-23,Perth Stadium,Fremantle,Gold Coast,Gold Coast,Bailey Humphrey,3,1,1,0,0,0,4
2024,16,2024-06-23,Perth Stadium,Fremantle,Gold Coast,Gold Coast,Joel Jeffrey,8,5,1,0,0,0,1
2024,16,2024-06-23,Perth Stadium,Fremantle,Gold Coast,Gold Coast,Ben Long,7,4,2,1,1,0,3
2024,16,2024-06-23,Perth Stadium,Fremantle,Gold Coast,Gold Coast,Jack Lukosius,7,5,4,2,1,0,1
2024,16,2024-06-23,Perth Stadium,Fremantle,Gold Coast,Gold Coast,Touk Miller,18,8,15,0,0,0,6
2024,16,2024-06-23,Perth Stadium,Fremantle,Gold Coast,Gold Coast,Wil Powell,14,12,8,0,0,0,5
2024,16,2024-06-23,Perth Stadium,Fremantle,Gold Coast,Gold Coast,Jake Rogers,3,1,3,0,0,0,5
2024,16,2024-06-23,Perth Stadium,Fremantle,Gold Coast,Gold Coast,Matt Rowell,9,2,14,0,0,0,7
2024,16,2024-06-23,Perth Stadium,Fremantle,Gold Coast,Gold Coast,Alex Sexton,15,3,5,0,0,0,3
2024,16,2024-06-23,Perth Stadium,Fremantle,Gold Coast,Gold Coast,David Swallow,7,4,5,2,0,0,6
2024,16,2024-06-23,Perth Stadium,Fremantle,Gold Coast,Gold Coast,Bodhi Uwland,8,3,7,0,0,0,2
2024,16,2024-06-23,Perth Stadium,Fremantle,Gold Coast,Gold Coast,Jarrod Witts,7,3,6,0,0,28,4
2024,17,2024-06-28,Gabba,Brisbane Lions,Melbourne,Brisbane Lions,Callum Ah Chee,10,5,2,1,3,0,1
2024,17,2024-06-28,Gabba,Brisbane Lions,Melbourne,Brisbane Lions,Harris Andrews,7,6,4,0,0,0,0
2024,17,2024-06-28,Gabba,Brisbane Lions,Melbourne,Brisbane Lions,Will Ashcroft,12,5,6,0,2,0,5
2024,17,2024-06-28,Gabba,Brisbane Lions,Melbourne,Brisbane Lions,Zac Bailey,7,1,3,0,1,0,3
2024,17,2024-06-28,Gabba,Brisbane Lions,Melbourne,Brisbane Lions,Jarrod Berry,7,4,13,1,0,0,4
2024,17,2024-06-28,Gabba,Brisbane Lions,Melbourne,Brisbane Lions,Charlie Cameron,7,4,2,2,0,0,0
2024,17,2024-06-28,Gabba,Brisbane Lions,Melbourne,Brisbane Lions,Joe Daniher,12,8,3,2,1,1,1
2024,17,2024-06-28,Gabba,Brisbane Lions,Melbourne,Brisbane Lions,Josh Dunkley,17,12,15,0,1,0,10
2024,17,2024-06-28,Gabba,Brisbane Lions,Melbourne,Brisbane Lions,Jaspa Fletcher,6,4,1,0,2,0,0
2024,17,2024-06-28,Gabba,Brisbane Lions,Melbourne,Brisbane Lions,Eric Hipwood,12,4,3,1,1,1,1
2024,17,2024-06-28,Gabba,Brisbane Lions,Melbourne,Brisbane Lions,Darragh Joyce,10,5,5,0,0,0,0
2024,17,2024-06-28,Gabba,Brisbane Lions,Melbourne,Brisbane Lions,Ryan Lester,13,7,6,0,0,0,2
2024,17,2024-06-28,Gabba,Brisbane Lions,Melbourne,Brisbane Lions,Kai Lohmann,5,3,5,1,1,0,5
2024,17,2024-06-28,Gabba,Brisbane Lions,Melbourne,Brisbane Lions,Hugh McCluggage,14,4,14,1,0,0,2
2024,17,2024-06-28,Gabba,Brisbane Lions,Melbourne,Brisbane Lions,Oscar McInerney,5,2,3,0,2,32,4
2024,17,2024-06-28,Gabba,Brisbane Lions,Melbourne,Brisbane Lions,Conor McKenna,16,4,2,0,0,0,0
2024,17,2024-06-28,Gabba,Brisbane Lions,Melbourne,Brisbane Lions,Logan Morris,1,1,0,0,0,0,0
2024,17,2024-06-28,Gabba,Brisbane Lions,Melbourne,Brisbane Lions,Lachie Neale,14,9,15,0,0,0,0
2024,17,2024-06-28,Gabba,Brisbane Lions,Melbourne,Brisbane Lions,Cam Rayner,6,3,2,2,0,0,3
2024,17,2024-06-28,Gabba,Brisbane Lions,Melbourne,Brisbane Lions,Bruce Reville,12,5,6,0,0,0,4
2024,17,2024-06-28,Gabba,Brisbane Lions,Melbourne,Brisbane Lions,Brandon Starcevich,15,6,4,0,0,0,4
2024,17,2024-06-28,Gabba,Brisbane Lions,Melbourne,Brisbane Lions,Darcy Wilmot,9,4,9,0,0,0,0
2024,17,2024-06-28,Gabba,Brisbane Lions,Melbourne,Brisbane Lions,Dayne Zorko,21,9,7,0,0,0,4
2024,17,2024-06-28,Gabba,Brisbane Lions,Melbourne,Melbourne,Kynan Brown,1,0,1,0,0,0,1
2024,17,2024-06-28,Gabba,Brisbane Lions,Melbourne,Melbourne,Kade Chandler,6,0,3,1,0,0,7
2024,17,2024-06-28,Gabba,Brisbane Lions,Melbourne,Melbourne,Bayley Fritsch,9,2,2,1,3,0,3
2024,17,2024-06-28,Gabba,Brisbane Lions,Melbourne,Melbourne,Max Gawn,4,2,5,0,0,41,2
2024,17,2024-06-28,Gabba,Brisbane Lions,Melbourne,Melbourne,Ed Langdon,8,4,9,0,2,0,3
2024,17,2024-06-28,Gabba,Brisbane Lions,Melbourne,Melbourne,Jake Lever,2,1,8,0,0,0,0
2024,17,2024-06-28,Gabba,Brisbane Lions,Melbourne,Melbourne,Steven May,17,2,1,0,0,0,1
2024,17,2024-06-28,Gabba,Brisbane Lions,Melbourne,Melbourne,Tom McDonald,9,4,9,0,0,0,3
2024,17,2024-06-28,Gabba,Brisbane Lions,Melbourne,Melbourne,Judd McVee,10,0,7,0,0,0,1
2024,17,2024-06-28,Gabba,Brisbane Lions,Melbourne,Melbourne,Andy Moniz-Wakefield,8,2,8,0,0,0,3
2024,17,2024-06-28,Gabba,Brisbane Lions,Melbourne,Melbourne,Alex Neal-Bullen,8,3,10,0,1,0,5
2024,17,2024-06-28,Gabba,Brisbane Lions,Melbourne,Melbourne,Clayton Oliver,11,3,18,1,1,0,6
2024,17,2024-06-28,Gabba,Brisbane Lions,Melbourne,Melbourne,Harry Petty,9,8,6,0,4,0,4
2024,17,2024-06-28,Gabba,Brisbane Lions,Melbourne,Melbourne,Kysaiah Pickett,11,4,1,5,2,0,6
2024,17,2024-06-28,Gabba,Brisbane Lions,Melbourne,Melbourne,Trent Rivers,11,4,11,0,0,0,1
2024,17,2024-06-28,Gabba,Brisbane Lions,Melbourne,Melbourne,Tom Sparrow,9,1,6,0,0,0,3
2024,17,2024-06-28,Gabba,Brisbane Lions,Melbourne,Melbourne,Koltyn Tholstrup,8,0,8,0,1,0,2
2024,17,2024-06-28,Gabba,Brisbane Lions,Melbourne,Melbourne,Adam Tomlinson,5,3,3,0,0,0,3
2024,17,2024-06-28,Gabba,Brisbane Lions,Melbourne,Melbourne,Daniel Turner,9,5,1,1,0,0,1
2024,17,2024-06-28,Gabba,Brisbane Lions,Melbourne,Melbourne,Jacob van Rooyen,9,8,5,2,0,7,3
2024,17,2024-06-28,Gabba,Brisbane Lions,Melbourne,Melbourne,Jack Viney,18,1,8,0,0,0,8
2024,17,2024-06-28,Gabba,Brisbane Lions,Melbourne,Melbourne,Caleb Windsor,11,1,5,0,1,0,2
2024,17,2024-06-28,Gabba,Brisbane Lions,Melbourne,Melbourne,Taj Woewodin,6,2,5,0,0,0,3
2024,17,2024-06-29,Docklands,North Melbourne,Western Bulldogs,North Melbourne,Jackson Archer,6,3,7,0,0,0,4
2024,17,2024-06-29,Docklands,North Melbourne,Western Bulldogs,North Melbourne,Charlie Comben,10,7,11,0,0,0,1
2024,17,2024-06-29,Docklands,North Melbourne,Western Bulldogs,North Melbourne,Aidan Corr,11,4,4,0,0,0,1
2024,17,2024-06-29,Docklands,North Melbourne,Western Bulldogs,North Melbourne,Paul Curtis,5,3,9,2,0,0,5
2024,17,2024-06-29,Docklands,North Melbourne,Western Bulldogs,North Melbourne,Luke Davies-Uniacke,5,2,12,0,0,0,6
2024,17,2024-06-29,Docklands,North Melbourne,Western Bulldogs,North Melbourne,Kallan Dawson,4,2,6,0,0,0,1
2024,17,2024-06-29,Docklands,North Melbourne,Western Bulldogs,North Melbourne,Zac Fisher,17,2,5,0,0,0,0
2024,17,2024-06-29,Docklands,North Melbourne,Western Bulldogs,North Melbourne,Eddie Ford,11,8,6,1,2,0,4
2024,17,2024-06-29,Docklands,North Melbourne,Western Bulldogs,North Melbourne,Nick Larkey,3,2,2,0,0,1,1
2024,17,2024-06-29,Docklands,North Melbourne,Western Bulldogs,North Melbourne,Luke McDonald,8,3,4,0,0,0,1
2024,17,2024-06-29,Docklands,North Melbourne,Western Bulldogs,North Melbourne,Will Phillips,7,2,6,0,0,0,4
2024,17,2024-06-29,Docklands,North Melbourne,Western Bulldogs,North Melbourne,Toby Pink,3,1,2,0,0,0,2
2024,17,2024-06-29,Docklands,North Melbourne,Western Bulldogs,North Melbourne,Tom Powell,7,5,15,0,0,0,2
2024,17,2024-06-29,Docklands,North Melbourne,Western Bulldogs,North Melbourne,Bailey Scott,15,2,7,0,1,0,4
2024,17,2024-06-29,Docklands,North Melbourne,Western Bulldogs,North Melbourne,Harry Sheezel,12,5,15,1,0,0,1
2024,17,2024-06-29,Docklands,North Melbourne,Western Bulldogs,North Melbourne,Liam Shiels,7,6,8,0,0,0,3
2024,17,2024-06-29,Docklands,North Melbourne,Western Bulldogs,North Melbourne,Jy Simpkin,16,2,5,0,0,0,3
2024,17,2024-06-29,Docklands,North Melbourne,Western Bulldogs,North Melbourne,Dylan Stephens,2,1,2,0,0,0,0
2024,17,2024-06-29,Docklands,North Melbourne,Western Bulldogs,North Melbourne,Curtis Taylor,8,5,4,1,0,0,0
2024,17,2024-06-29,Docklands,North Melbourne,Western Bulldogs,North Melbourne,Brynn Teakle,6,1,5,1,0,4,3
2024,17,2024-06-29,Docklands,North Melbourne,Western Bulldogs,North Melbourne,Darcy Tucker,17,7,13,0,0,0,5
2024,17,2024-06-29,Docklands,North Melbourne,Western Bulldogs,North Melbourne,Tristan Xerri,10,5,10,1,0,34,6
2024,17,2024-06-29,Docklands,North Melbourne,Western Bulldogs,North Melbourne,Cameron Zurhaar,9,3,6,2,1,0,2
2024,17,2024-06-29,Docklands,North Melbourne,Western Bulldogs,Western Bulldogs,Oskar Baker,7,5,0,0,0,0,1
2024,17,2024-06-29,Docklands,North Melbourne,Western Bulldogs,Western Bulldogs,Marcus Bontempelli,21,6,14,0,3,0,4
2024,17,2024-06-29,Docklands,North Melbourne,Western Bulldogs,Western Bulldogs,Lachlan Bramble,13,5,1,0,0,0,1
2024,17,2024-06-29,Docklands,North Melbourne,Western Bulldogs,Western Bulldogs,Bailey Dale,18,4,7,0,0,0,2
2024,17,2024-06-29,Docklands,North Melbourne,Western Bulldogs,Western Bulldogs,Sam Darcy,9,3,6,1,2,2,2
2024,17,2024-06-29,Docklands,North Melbourne,Western Bulldogs,Western Bulldogs,Taylor Duryea,3,1,4,0,0,0,4
2024,17,2024-06-29,Docklands,North Melbourne,Western Bulldogs,Western Bulldogs,Tim English,5,5,9,0,0,25,5
2024,17,2024-06-29,Docklands,North Melbourne,Western Bulldogs,Western Bulldogs,Joel Freijah,8,6,11,0,0,0,2
2024,17,2024-06-29,Docklands,North Melbourne,Western Bulldogs,Western Bulldogs,Harvey Gallagher,8,4,4,0,0,0,1
2024,17,2024-06-29,Docklands,North Melbourne,Western Bulldogs,Western Bulldogs,Liam Jones,16,10,1,0,0,0,0
2024,17,2024-06-29,Docklands,North Melbourne,Western Bulldogs,Western Bulldogs,Tom Liberatore,10,5,15,1,1,0,4
2024,17,2024-06-29,Docklands,North Melbourne,Western Bulldogs,Western Bulldogs,Rory Lobb,10,8,6,0,0,0,2
2024,17,2024-06-29,Docklands,North Melbourne,Western Bulldogs,Western Bulldogs,Jack Macrae,11,3,7,0,0,0,2
2024,17,2024-06-29,Docklands,North Melbourne,Western Bulldogs,Western Bulldogs,Aaron Naughton,8,5,0,2,0,0,1
2024,17,2024-06-29,Docklands,North Melbourne,Western Bulldogs,Western Bulldogs,James ODonnell,6,5,3,0,0,0,2
2024,17,2024-06-29,Docklands,North Melbourne,Western Bulldogs,Western Bulldogs,Ed Richards,11,4,10,0,0,0,6
2024,17,2024-06-29,Docklands,North Melbourne,Western Bulldogs,Western Bulldogs,Ryley Sanders,7,3,14,0,0,0,2
2024,17,2024-06-29,Docklands,North Melbourne,Western Bulldogs,Western Bulldogs,Adam Treloar,14,5,8,2,1,0,1
2024,17,2024-06-29,Docklands,North Melbourne,Western Bulldogs,Western Bulldogs,Jamarra Ugle-Hagan,6,0,5,2,1,0,0
2024,17,2024-06-29,Docklands,North Melbourne,Western Bulldogs,Western Bulldogs,Laitham Vandermeer,6,7,8,0,0,0,6
2024,17,2024-06-29,Docklands,North Melbourne,Western Bulldogs,Western Bulldogs,Cody Weightman,9,4,3,3,1,0,4
2024,17,2024-06-29,Docklands,North Melbourne,Western Bulldogs,Western Bulldogs,Rhylee West,9,4,6,0,0,0,3
2024,17,2024-06-29,Docklands,North Melbourne,Western Bulldogs,Western Bulldogs,Bailey Williams,11,10,14,0,0,0,0
2024,17,2024-06-29,S.C.G.,Sydney,Fremantle,Sydney,Taylor Adams,11,4,8,0,0,0,6
2024,17,2024-06-29,S.C.G.,Sydney,Fremantle,Sydney,Joel Amartey,4,1,1,1,1,3,1
2024,17,2024-06-29,S.C.G.,Sydney,Fremantle,Sydney,Nick Blakey,23,10,9,1,0,0,0
2024,17,2024-06-29,S.C.G.,Sydney,Fremantle,Sydney,Braeden Campbell,11,4,2,1,0,0,1
2024,17,2024-06-29,S.C.G.,Sydney,Fremantle,Sydney,Caiden Cleary,0,0,1,0,0,0,2
2024,17,2024-06-29,S.C.G.,Sydney,Fremantle,Sydney,Harry Cunningham,3,1,1,0,0,0,0
2024,17,2024-06-29,S.C.G.,Sydney,Fremantle,Sydney,Oliver Florent,8,4,4,0,1,0,3
2024,17,2024-06-29,S.C.G.,Sydney,Fremantle,Sydney,Brodie Grundy,5,1,8,0,0,28,6
2024,17,2024-06-29,S.C.G.,Sydney,Fremantle,Sydney,Errol Gulden,10,3,11,0,1,0,5
2024,17,2024-06-29,S.C.G.,Sydney,Fremantle,Sydney,Will Hayward,7,7,4,3,1,0,2
2024,17,2024-06-29,S.C.G.,Sydney,Fremantle,Sydney,Isaac Heeney,10,1,10,0,1,0,6
2024,17,2024-06-29,S.C.G.,Sydney,Fremantle,Sydney,James Jordon,6,1,4,0,1,0,3
2024,17,2024-06-29,S.C.G.,Sydney,Fremantle,Sydney,Jake Lloyd,8,3,6,0,0,0,1
2024,17,2024-06-29,S.C.G.,Sydney,Fremantle,Sydney,Tom McCartin,8,5,3,0,0,0,2
2024,17,2024-06-29,S.C.G.,Sydney,Fremantle,Sydney,Logan McDonald,7,3,3,1,0,0,1
2024,17,2024-06-29,S.C.G.,Sydney,Fremantle,Sydney,Justin McInerney,14,7,6,1,1,0,2
2024,17,2024-06-29,S.C.G.,Sydney,Fremantle,Sydney,Hayden McLean,12,7,2,2,0,5,3
2024,17,2024-06-29,S.C.G.,Sydney,Fremantle,Sydney,Lewis Melican,9,6,2,0,0,0,1
2024,17,2024-06-29,S.C.G.,Sydney,Fremantle,Sydney,Tom Papley,11,1,4,2,2,0,1
2024,17,2024-06-29,S.C.G.,Sydney,Fremantle,Sydney,Dane Rampe,7,6,5,0,0,0,0
2024,17,2024-06-29,S.C.G.,Sydney,Fremantle,Sydney,James Rowbottom,10,1,13,0,1,0,4
2024,17,2024-06-29,S.C.G.,Sydney,Fremantle,Sydney,Chad Warner,14,2,9,0,0,0,5
2024,17,2024-06-29,S.C.G.,Sydney,Fremantle,Sydney,Sam Wicks,4,1,6,2,1,0,1
2024,17,2024-06-29,S.C.G.,Sydney,Fremantle,Fremantle,James Aish,1,1,3,0,0,0,0
2024,17,2024-06-29,S.C.G.,Sydney,Fremantle,Fremantle,Jye Amiss,7,6,3,3,0,0,2
2024,17,2024-06-29,S.C.G.,Sydney,Fremantle,Fremantle,Bailey Banfield,6,2,1,1,0,0,2
2024,17,2024-06-29,S.C.G.,Sydney,Fremantle,Fremantle,Andrew Brayshaw,14,4,10,0,0,0,3
2024,17,2024-06-29,S.C.G.,Sydney,Fremantle,Fremantle,Heath Chapman,7,4,5,0,0,0,1
2024,17,2024-06-29,S.C.G.,Sydney,Fremantle,Fremantle,Jordan Clark,18,6,5,0,0,0,2
2024,17,2024-06-29,S.C.G.,Sydney,Fremantle,Fremantle,Sean Darcy,4,0,5,1,0,35,2
2024,17,2024-06-29,S.C.G.,Sydney,Fremantle,Fremantle,Hugh Davies,4,3,3,0,0,0,2
2024,17,2024-06-29,S.C.G.,Sydney,Fremantle,Fremantle,Josh Draper,12,8,2,0,0,0,2
2024,17,2024-06-29,S.C.G.,Sydney,Fremantle,Fremantle,Michael Frederick,7,7,1,1,2,0,0
2024,17,2024-06-29,S.C.G.,Sydney,Fremantle,Fremantle,Nat Fyfe,6,3,16,0,0,0,3
2024,17,2024-06-29,S.C.G.,Sydney,Fremantle,Fremantle,Luke Jackson,10,4,3,1,2,5,3
2024,17,2024-06-29,S.C.G.,Sydney,Fremantle,Fremantle,Matthew Johnson,9,2,12,0,0,0,4
2024,17,2024-06-29,S.C.G.,Sydney,Fremantle,Fremantle,Jaeger OMeara,11,4,4,1,0,0,1
2024,17,2024-06-29,S.C.G.,Sydney,Fremantle,Fremantle,Luke Ryan,23,8,3,0,0,0,1
2024,17,2024-06-29,S.C.G.,Sydney,Fremantle,Fremantle,Caleb Serong,12,2,11,1,0,0,7
2024,17,2024-06-29,S.C.G.,Sydney,Fremantle,Fremantle,Jeremy Sharp,15,8,10,0,1,0,2
2024,17,2024-06-29,S.C.G.,Sydney,Fremantle,Fremantle,Sam Sturt,8,6,4,3,1,0,0
2024,17,2024-06-29,S.C.G.,Sydney,Fremantle,Fremantle,Sam Switkowski,7,5,10,1,1,0,6
2024,17,2024-06-29,S.C.G.,Sydney,Fremantle,Fremantle,Josh Treacy,7,4,6,2,0,0,1
2024,17,2024-06-29,S.C.G.,Sydney,Fremantle,Fremantle,Corey Wagner,18,10,3,0,0,0,1
2024,17,2024-06-29,S.C.G.,Sydney,Fremantle,Fremantle,Brandon Walker,10,7,4,0,0,0,1
2024,17,2024-06-29,S.C.G.,Sydney,Fremantle,Fremantle,Hayden Young,9,1,8,0,0,0,0
2024,17,2024-06-29,Carrara,Gold Coast,Collingwood,Gold Coast,Ben Ainsworth,17,9,11,2,1,0,0
2024,17,2024-06-29,Carrara,Gold Coast,Collingwood,Gold Coast,Noah Anderson,16,8,23,0,0,0,5
2024,17,2024-06-29,Carrara,Gold Coast,Collingwood,Gold Coast,Mac Andrew,7,4,3,0,0,0,2
2024,17,2024-06-29,Carrara,Gold Coast,Collingwood,Gold Coast,Charlie Ballard,8,4,2,0,0,0,1
2024,17,2024-06-29,Carrara,Gold Coast,Collingwood,Gold Coast,Tom Berry,3,2,4,0,0,0,2
2024,17,2024-06-29,Carrara,Gold Coast,Collingwood,Gold Coast,Sam Clohesy,7,2,6,0,0,0,2
2024,17,2024-06-29,Carrara,Gold Coast,Collingwood,Gold Coast,Sam Collins,6,5,10,0,0,0,1
2024,17,2024-06-29,Carrara,Gold Coast,Collingwood,Gold Coast,Sam Day,6,5,2,1,1,1,1
2024,17,2024-06-29,Carrara,Gold Coast,Collingwood,Gold Coast,Sam Flanders,13,3,20,1,1,0,3
2024,17,2024-06-29,Carrara,Gold Coast,Collingwood,Gold Coast,Will Graham,6,3,16,1,1,0,3
2024,17,2024-06-29,Carrara,Gold Coast,Collingwood,Gold Coast,Nick Holman,8,3,9,1,1,0,3
2024,17,2024-06-29,Carrara,Gold Coast,Collingwood,Gold Coast,Bailey Humphrey,5,2,1,0,1,0,0
2024,17,2024-06-29,Carrara,Gold Coast,Collingwood,Gold Coast,Joel Jeffrey,10,6,10,0,0,0,1
2024,17,2024-06-29,Carrara,Gold Coast,Collingwood,Gold Coast,Ben King,8,4,0,4,0,0,0
2024,17,2024-06-29,Carrara,Gold Coast,Collingwood,Gold Coast,Ben Long,9,3,6,2,0,0,3
2024,17,2024-06-29,Carrara,Gold Coast,Collingwood,Gold Coast,Jack Lukosius,13,3,3,2,3,2,1
2024,17,2024-06-29,Carrara,Gold Coast,Collingwood,Gold Coast,Touk Miller,12,2,19,0,2,0,5
2024,17,2024-06-29,Carrara,Gold Coast,Collingwood,Gold Coast,Wil Powell,12,6,7,0,0,0,5
2024,17,2024-06-29,Carrara,Gold Coast,Collingwood,Gold Coast,Matt Rowell,8,2,12,0,0,0,4
2024,17,2024-06-29,Carrara,Gold Coast,Collingwood,Gold Coast,Alex Sexton,14,4,6,0,1,0,3
2024,17,2024-06-29,Carrara,Gold Coast,Collingwood,Gold Coast,David Swallow,4,2,1,0,1,0,1
2024,17,2024-06-29,Carrara,Gold Coast,Collingwood,Gold Coast,Bodhi Uwland,13,4,5,0,0,0,3
2024,17,2024-06-29,Carrara,Gold Coast,Collingwood,Gold Coast,Jarrod Witts,8,3,11,0,0,32,2
2024,17,2024-06-29,Carrara,Gold Coast,Collingwood,Collingwood,Darcy Cameron,11,5,5,0,0,28,5
2024,17,2024-06-29,Carrara,Gold Coast,Collingwood,Collingwood,Jack Crisp,11,0,6,0,0,0,9
2024,17,2024-06-29,Carrara,Gold Coast,Collingwood,Collingwood,Josh Daicos,10,5,10,1,1,0,6
2024,17,2024-06-29,Carrara,Gold Coast,Collingwood,Collingwood,Nick Daicos,19,4,13,2,1,0,3
2024,17,2024-06-29,Carrara,Gold Coast,Collingwood,Collingwood,Jordan de Goey,13,4,8,2,1,0,4
2024,17,2024-06-29,Carrara,Gold Coast,Collingwood,Collingwood,Billy Frampton,5,5,1,0,0,0,2
2024,17,2024-06-29,Carrara,Gold Coast,Collingwood,Collingwood,Harvey Harrison,3,1,6,0,0,0,5
2024,17,2024-06-29,Carrara,Gold Coast,Collingwood,Collingwood,Bobby Hill,12,4,2,1,2,0,2
2024,17,2024-06-29,Carrara,Gold Coast,Collingwood,Collingwood,Will Hoskin-Elliott,9,3,3,1,0,0,1
2024,17,2024-06-29,Carrara,Gold Coast,Collingwood,Collingwood,Jeremy Howe,14,4,5,1,0,0,3
2024,17,2024-06-29,Carrara,Gold Coast,Collingwood,Collingwood,Nathan Kreuger,4,4,3,1,1,9,3
2024,17,2024-06-29,Carrara,Gold Coast,Collingwood,Collingwood,Patrick Lipinski,9,3,12,1,1,0,3
2024,17,2024-06-29,Carrara,Gold Coast,Collingwood,Collingwood,Oleg Markov,2,1,7,0,0,0,2
2024,17,2024-06-29,Carrara,Gold Coast,Collingwood,Collingwood,Brayden Maynard,11,3,2,0,0,0,3
2024,17,2024-06-29,Carrara,Gold Coast,Collingwood,Collingwood,Beau McCreery,6,0,3,0,0,0,3
2024,17,2024-06-29,Carrara,Gold Coast,Collingwood,Collingwood,Brody Mihocek,5,2,6,2,1,0,0
2024,17,2024-06-29,Carrara,Gold Coast,Collingwood,Collingwood,Darcy Moore,5,2,6,0,0,0,0
2024,17,2024-06-29,Carrara,Gold Coast,Collingwood,Collingwood,John Noble,10,4,7,0,0,0,3
2024,17,2024-06-29,Carrara,Gold Coast,Collingwood,Collingwood,Scott Pendlebury,11,3,7,1,0,0,4
2024,17,2024-06-29,Carrara,Gold Coast,Collingwood,Collingwood,Isaac Quaynor,7,5,8,0,0,0,6
2024,17,2024-06-29,Carrara,Gold Coast,Collingwood,Collingwood,Joe Richards,5,2,1,0,0,0,1
2024,17,2024-06-29,Carrara,Gold Coast,Collingwood,Collingwood,Steele Sidebottom,11,2,5,0,0,0,4
2024,17,2024-06-29,Carrara,Gold Coast,Collingwood,Collingwood,Lachlan Sullivan,3,1,6,0,1,0,0
2024,17,2024-06-29,Adelaide Oval,Adelaide,Greater Western Sydney,Adelaide,Sam Berry,11,2,10,0,0,0,7
2024,17,2024-06-29,Adelaide Oval,Adelaide,Greater Western Sydney,Adelaide,Jordon Butts,2,1,1,0,0,0,1
2024,17,2024-06-29,Adelaide Oval,Adelaide,Greater Western Sydney,Adelaide,Brayden Cook,5,1,2,0,1,0,0
2024,17,2024-06-29,Adelaide Oval,Adelaide,Greater Western Sydney,Adelaide,Jordan Dawson,19,10,5,0,0,0,3
2024,17,2024-06-29,Adelaide Oval,Adelaide,Greater Western Sydney,Adelaide,Billy Dowling,10,4,6,1,0,0,1
2024,17,2024-06-29,Adelaide Oval,Adelaide,Greater Western Sydney,Adelaide,Darcy Fogarty,8,6,5,3,2,0,2
2024,17,2024-06-29,Adelaide Oval,Adelaide,Greater Western Sydney,Adelaide,Will Hamill,7,3,5,0,0,0,2
2024,17,2024-06-29,Adelaide Oval,Adelaide,Greater Western Sydney,Adelaide,Elliott Himmelberg,7,3,6,0,1,2,2
2024,17,2024-06-29,Adelaide Oval,Adelaide,Greater Western Sydney,Adelaide,Mitch Hinge,17,8,14,0,0,0,3
2024,17,2024-06-29,Adelaide Oval,Adelaide,Greater Western Sydney,Adelaide,Mark Keane,9,6,3,0,0,0,1
2024,17,2024-06-29,Adelaide Oval,Adelaide,Greater Western Sydney,Adelaide,Ben Keays,10,2,11,2,1,0,8
2024,17,2024-06-29,Adelaide Oval,Adelaide,Greater Western Sydney,Adelaide,Rory Laird,13,4,10,0,0,0,5
2024,17,2024-06-29,Adelaide Oval,Adelaide,Greater Western Sydney,Adelaide,Max Michalanney,9,6,2,0,0,0,1
2024,17,2024-06-29,Adelaide Oval,Adelaide,Greater Western Sydney,Adelaide,Lachlan Murphy,9,4,7,0,1,0,2
2024,17,2024-06-29,Adelaide Oval,Adelaide,Greater Western Sydney,Adelaide,Nick Murray,7,3,3,0,0,0,1
2024,17,2024-06-29,Adelaide Oval,Adelaide,Greater Western Sydney,Adelaide,Luke Nankervis,10,6,5,0,0,0,1
2024,17,2024-06-29,Adelaide Oval,Adelaide,Greater Western Sydney,Adelaide,Reilly OBrien,2,4,6,0,0,34,5
2024,17,2024-06-29,Adelaide Oval,Adelaide,Greater Western Sydney,Adelaide,Josh Rachele,15,4,3,2,4,0,2
2024,17,2024-06-29,Adelaide Oval,Adelaide,Greater Western Sydney,Adelaide,Izak Rankine,20,7,7,2,3,0,2
2024,17,2024-06-29,Adelaide Oval,Adelaide,Greater Western Sydney,Adelaide,Lachlan Sholl,11,5,7,1,0,0,1
2024,17,2024-06-29,Adelaide Oval,Adelaide,Greater Western Sydney,Adelaide,Jake Soligo,8,2,9,0,0,0,6
2024,17,2024-06-29,Adelaide Oval,Adelaide,Greater Western Sydney,Adelaide,Zac Taylor,3,1,1,0,0,0,0
2024,17,2024-06-29,Adelaide Oval,Adelaide,Greater Western Sydney,Adelaide,Taylor Walker,5,4,4,2,0,1,2
2024,17,2024-06-29,Adelaide Oval,Adelaide,Greater Western Sydney,Greater Western Sydney,Leek Aleer,5,3,3,0,0,0,2
2024,17,2024-06-29,Adelaide Oval,Adelaide,Greater Western Sydney,Greater Western Sydney,Lachie Ash,16,6,10,0,0,0,2
2024,17,2024-06-29,Adelaide Oval,Adelaide,Greater Western Sydney,Greater Western Sydney,Toby Bedford,5,2,6,0,0,0,4
2024,17,2024-06-29,Adelaide Oval,Adelaide,Greater Western Sydney,Greater Western Sydney,Kieren Briggs,9,4,4,0,2,40,3
2024,17,2024-06-29,Adelaide Oval,Adelaide,Greater Western Sydney,Greater Western Sydney,Callum Brown,1,0,3,0,1,0,1
2024,17,2024-06-29,Adelaide Oval,Adelaide,Greater Western Sydney,Greater Western Sydney,Jack Buckley,9,6,2,0,0,0,1
2024,17,2024-06-29,Adelaide Oval,Adelaide,Greater Western Sydney,Greater Western Sydney,Finn Callaghan,12,3,11,0,0,0,4
2024,17,2024-06-29,Adelaide Oval,Adelaide,Greater Western Sydney,Greater Western Sydney,Stephen Coniglio,9,0,10,0,1,0,2
2024,17,2024-06-29,Adelaide Oval,Adelaide,Greater Western Sydney,Greater Western Sydney,Isaac Cumming,7,4,7,1,0,0,3
2024,17,2024-06-29,Adelaide Oval,Adelaide,Greater Western Sydney,Greater Western Sydney,Brent Daniels,8,2,7,0,0,0,1
2024,17,2024-06-29,Adelaide Oval,Adelaide,Greater Western Sydney,Greater Western Sydney,Tom Green,13,0,25,0,0,0,5
2024,17,2024-06-29,Adelaide Oval,Adelaide,Greater Western Sydney,Greater Western Sydney,Toby Greene,8,5,8,3,0,0,4
2024,17,2024-06-29,Adelaide Oval,Adelaide,Greater Western Sydney,Greater Western Sydney,Max Gruzewski,2,2,0,0,0,0,1
2024,17,2024-06-29,Adelaide Oval,Adelaide,Greater Western Sydney,Greater Western Sydney,Harry Himmelberg,13,7,8,0,0,0,3
2024,17,2024-06-29,Adelaide Oval,Adelaide,Greater Western Sydney,Greater Western Sydney,Jesse Hogan,5,4,4,2,0,0,2
2024,17,2024-06-29,Adelaide Oval,Adelaide,Greater Western Sydney,Greater Western Sydney,Connor Idun,14,11,9,0,0,0,3
2024,17,2024-06-29,Adelaide Oval,Adelaide,Greater Western Sydney,Greater Western Sydney,Josh Kelly,14,4,10,2,0,0,4
2024,17,2024-06-29,Adelaide Oval,Adelaide,Greater Western Sydney,Greater Western Sydney,Toby McMullin,3,1,2,0,0,0,0
2024,17,2024-06-29,Adelaide Oval,Adelaide,Greater Western Sydney,Greater Western Sydney,Harry Perryman,14,5,7,0,0,0,6
2024,17,2024-06-29,Adelaide Oval,Adelaide,Greater Western Sydney,Greater Western Sydney,Jake Riccardi,6,4,4,2,1,2,2
2024,17,2024-06-29,Adelaide Oval,Adelaide,Greater Western Sydney,Greater Western Sydney,Harvey Thomas,4,2,5,0,0,0,2
2024,17,2024-06-29,Adelaide Oval,Adelaide,Greater Western Sydney,Greater Western Sydney,Callan Ward,13,9,11,2,0,0,2
2024,17,2024-06-29,Adelaide Oval,Adelaide,Greater Western Sydney,Greater Western Sydney,Lachie Whitfield,27,12,14,0,0,0,4
2024,17,2024-06-29,M.C.G.,Geelong,Essendon,Geelong,Tom Atkins,13,2,6,0,0,0,4
2024,17,2024-06-29,M.C.G.,Geelong,Essendon,Geelong,Mark Blicavs,10,4,5,1,0,8,6
2024,17,2024-06-29,M.C.G.,Geelong,Essendon,Geelong,Jack Bowes,17,6,9,1,0,0,7
2024,17,2024-06-29,M.C.G.,Geelong,Essendon,Geelong,Jeremy Cameron,8,3,4,2,3,0,1
2024,17,2024-06-29,M.C.G.,Geelong,Essendon,Geelong,Jhye Clark,3,1,5,0,0,0,3
2024,17,2024-06-29,M.C.G.,Geelong,Essendon,Geelong,Brad Close,8,3,2,1,0,0,6
2024,17,2024-06-29,M.C.G.,Geelong,Essendon,Geelong,Patrick Dangerfield,11,5,11,0,0,0,6
2024,17,2024-06-29,M.C.G.,Geelong,Essendon,Geelong,Sam De Koning,7,3,14,0,0,16,1
2024,17,2024-06-29,M.C.G.,Geelong,Essendon,Geelong,Oliver Dempsey,16,4,9,2,0,0,4
2024,17,2024-06-29,M.C.G.,Geelong,Essendon,Geelong,Mitch Duncan,13,5,7,1,0,0,2
2024,17,2024-06-29,M.C.G.,Geelong,Essendon,Geelong,Zach Guthrie,11,6,6,0,0,0,0
2024,17,2024-06-29,M.C.G.,Geelong,Essendon,Geelong,Jack Henry,13,6,2,0,0,0,1
2024,17,2024-06-29,M.C.G.,Geelong,Essendon,Geelong,Max Holmes,15,6,8,1,0,0,4
2024,17,2024-06-29,M.C.G.,Geelong,Essendon,Geelong,Lawson Humphries,8,6,7,0,0,0,3
2024,17,2024-06-29,M.C.G.,Geelong,Essendon,Geelong,Mitch Knevitt,10,8,3,1,1,0,5
2024,17,2024-06-29,M.C.G.,Geelong,Essendon,Geelong,Jake Kolodjashnij,8,5,3,0,0,0,5
2024,17,2024-06-29,M.C.G.,Geelong,Essendon,Geelong,Gryan Miers,12,3,8,0,1,0,8
2024,17,2024-06-29,M.C.G.,Geelong,Essendon,Geelong,Shannon Neale,5,2,3,1,1,3,2
2024,17,2024-06-29,M.C.G.,Geelong,Essendon,Geelong,Mark OConnor,6,3,0,0,0,0,1
2024,17,2024-06-29,M.C.G.,Geelong,Essendon,Geelong,Gary Rohan,11,7,1,2,1,0,0
2024,17,2024-06-29,M.C.G.,Geelong,Essendon,Geelong,Tyson Stengle,6,3,4,3,0,0,1
2024,17,2024-06-29,M.C.G.,Geelong,Essendon,Geelong,Tom Stewart,17,8,6,0,0,0,5
2024,17,2024-06-29,M.C.G.,Geelong,Essendon,Geelong,Zach Tuohy,16,4,4,0,0,0,3
2024,17,2024-06-29,M.C.G.,Geelong,Essendon,Essendon,Jye Caldwell,18,4,14,0,0,0,12
2024,17,2024-06-29,M.C.G.,Geelong,Essendon,Essendon,Nik Cox,3,1,4,0,0,0,1
2024,17,2024-06-29,M.C.G.,Geelong,Essendon,Essendon,Sam Draper,5,1,4,0,0,24,2
2024,17,2024-06-29,M.C.G.,Geelong,Essendon,Essendon,Sam Durham,9,4,9,0,0,0,10
2024,17,2024-06-29,M.C.G.,Geelong,Essendon,Essendon,Xavier Duursma,12,8,3,0,0,0,2
2024,17,2024-06-29,M.C.G.,Geelong,Essendon,Essendon,Todd Goldstein,2,1,11,0,0,33,0
2024,17,2024-06-29,M.C.G.,Geelong,Essendon,Essendon,Jade Gresham,11,3,2,1,1,0,1
2024,17,2024-06-29,M.C.G.,Geelong,Essendon,Essendon,Matt Guelfi,12,1,5,1,0,0,7
2024,17,2024-06-29,M.C.G.,Geelong,Essendon,Essendon,Dyson Heppell,11,5,11,0,0,0,2
2024,17,2024-06-29,M.C.G.,Geelong,Essendon,Essendon,Nick Hind,10,0,3,1,0,0,6
2024,17,2024-06-29,M.C.G.,Geelong,Essendon,Essendon,Harry Jones,9,8,3,0,0,0,4
2024,17,2024-06-29,M.C.G.,Geelong,Essendon,Essendon,Kyle Langford,7,5,3,1,1,0,4
2024,17,2024-06-29,M.C.G.,Geelong,Essendon,Essendon,Jayden Laverde,9,5,4,0,0,0,1
2024,17,2024-06-29,M.C.G.,Geelong,Essendon,Essendon,Nic Martin,17,2,10,0,0,0,1
2024,17,2024-06-29,M.C.G.,Geelong,Essendon,Essendon,Andrew McGrath,11,7,7,0,0,0,2
2024,17,2024-06-29,M.C.G.,Geelong,Essendon,Essendon,Ben McKay,6,1,2,0,0,0,0
2024,17,2024-06-29,M.C.G.,Geelong,Essendon,Essendon,Jye Menzie,6,2,2,0,0,0,3
2024,17,2024-06-29,M.C.G.,Geelong,Essendon,Essendon,Zach Merrett,11,2,12,1,1,0,5
2024,17,2024-06-29,M.C.G.,Geelong,Essendon,Essendon,Archie Perkins,7,2,7,0,1,0,4
2024,17,2024-06-29,M.C.G.,Geelong,Essendon,Essendon,Mason Redman,11,5,1,0,0,0,4
2024,17,2024-06-29,M.C.G.,Geelong,Essendon,Essendon,Jordan Ridley,10,3,5,0,0,0,1
2024,17,2024-06-29,M.C.G.,Geelong,Essendon,Essendon,Jake Stringer,6,3,3,2,0,0,2
2024,17,2024-06-29,M.C.G.,Geelong,Essendon,Essendon,Peter Wright,8,6,7,2,1,2,2
2024,17,2024-06-30,Docklands,St Kilda,Port Adelaide,St Kilda,Josh Battle,9,6,7,0,0,0,0
2024,17,2024-06-30,Docklands,St Kilda,Port Adelaide,St Kilda,Riley Bonner,14,9,6,0,1,0,1
2024,17,2024-06-30,Docklands,St Kilda,Port Adelaide,St Kilda,Dan Butler,9,5,3,0,0,0,4
2024,17,2024-06-30,Docklands,St Kilda,Port Adelaide,St Kilda,Anthony Caminiti,5,5,4,0,0,0,0
2024,17,2024-06-30,Docklands,St Kilda,Port Adelaide,St Kilda,Tom Campbell,3,3,3,0,0,8,1
2024,17,2024-06-30,Docklands,St Kilda,Port Adelaide,St Kilda,Hunter Clark,9,2,5,1,1,0,1
2024,17,2024-06-30,Docklands,St Kilda,Port Adelaide,St Kilda,Paddy Dow,2,0,5,0,0,0,2
2024,17,2024-06-30,Docklands,St Kilda,Port Adelaide,St Kilda,Liam Henry,10,3,6,0,0,0,2
2024,17,2024-06-30,Docklands,St Kilda,Port Adelaide,St Kilda,Jack Higgins,5,2,4,1,2,0,2
2024,17,2024-06-30,Docklands,St Kilda,Port Adelaide,St Kilda,Bradley Hill,12,7,7,1,0,0,0
2024,17,2024-06-30,Docklands,St Kilda,Port Adelaide,St Kilda,Max King,4,3,6,0,2,0,0
2024,17,2024-06-30,Docklands,St Kilda,Port Adelaide,St Kilda,Rowan Marshall,17,9,1,3,2,10,2
2024,17,2024-06-30,Docklands,St Kilda,Port Adelaide,St Kilda,Mitch Owens,4,3,5,0,0,0,3
2024,17,2024-06-30,Docklands,St Kilda,Port Adelaide,St Kilda,Arie Schoenmaker,10,4,5,0,0,0,0
2024,17,2024-06-30,Docklands,St Kilda,Port Adelaide,St Kilda,Cooper Sharman,2,1,3,1,0,0,2
2024,17,2024-06-30,Docklands,St Kilda,Port Adelaide,St Kilda,Jack Sinclair,23,10,8,0,0,0,5
2024,17,2024-06-30,Docklands,St Kilda,Port Adelaide,St Kilda,Jack Steele,17,9,8,0,1,0,2
2024,17,2024-06-30,Docklands,St Kilda,Port Adelaide,St Kilda,Nasiah Wanganeen-Milera,22,2,4,0,1,0,3
2024,17,2024-06-30,Docklands,St Kilda,Port Adelaide,St Kilda,Jimmy Webster,15,5,3,0,0,0,4
2024,17,2024-06-30,Docklands,St Kilda,Port Adelaide,St Kilda,Callum Wilkie,13,5,12,0,0,0,0
2024,17,2024-06-30,Docklands,St Kilda,Port Adelaide,St Kilda,Darcy Wilson,5,2,2,0,0,0,0
2024,17,2024-06-30,Docklands,St Kilda,Port Adelaide,St Kilda,Marcus Windhager,7,2,3,0,0,0,6
2024,17,2024-06-30,Docklands,St Kilda,Port Adelaide,St Kilda,Mason Wood,15,13,4,1,0,0,1
2024,17,2024-06-30,Docklands,St Kilda,Port Adelaide,Port Adelaide,Aliir Aliir,17,10,5,0,0,0,2
2024,17,2024-06-30,Docklands,St Kilda,Port Adelaide,Port Adelaide,Miles Bergman,12,7,3,1,0,0,1
2024,17,2024-06-30,Docklands,St Kilda,Port Adelaide,Port Adelaide,Travis Boak,5,5,5,0,0,0,2
2024,17,2024-06-30,Docklands,St Kilda,Port Adelaide,Port Adelaide,Zak Butters,12,4,10,1,0,0,5
2024,17,2024-06-30,Docklands,St Kilda,Port Adelaide,Port Adelaide,Darcy Byrne-Jones,4,3,3,0,1,0,3
2024,17,2024-06-30,Docklands,St Kilda,Port Adelaide,Port Adelaide,Willem Drew,14,7,10,0,2,0,4
2024,17,2024-06-30,Docklands,St Kilda,Port Adelaide,Port Adelaide,Logan Evans,9,7,2,1,0,0,1
2024,17,2024-06-30,Docklands,St Kilda,Port Adelaide,Port Adelaide,Kane Farrell,20,6,5,0,0,0,5
2024,17,2024-06-30,Docklands,St Kilda,Port Adelaide,Port Adelaide,Jeremy Finlayson,6,3,3,1,1,3,2
2024,17,2024-06-30,Docklands,St Kilda,Port Adelaide,Port Adelaide,Mitch Georgiades,5,6,8,0,2,0,2
2024,17,2024-06-30,Docklands,St Kilda,Port Adelaide,Port Adelaide,Jason Horne-Francis,24,6,4,1,1,0,2
2024,17,2024-06-30,Docklands,St Kilda,Port Adelaide,Port Adelaide,Dan Houston,11,2,3,0,0,0,1
2024,17,2024-06-30,Docklands,St Kilda,Port Adelaide,Port Adelaide,Lachie Jones,7,3,4,0,0,0,0
2024,17,2024-06-30,Docklands,St Kilda,Port Adelaide,Port Adelaide,Ollie Lord,4,4,2,1,0,0,0
2024,17,2024-06-30,Docklands,St Kilda,Port Adelaide,Port Adelaide,Will Lorenz,3,2,1,0,0,0,2
2024,17,2024-06-30,Docklands,St Kilda,Port Adelaide,Port Adelaide,Todd Marshall,6,5,1,0,2,0,0
2024,17,2024-06-30,Docklands,St Kilda,Port Adelaide,Port Adelaide,Jackson Mead,10,2,8,1,0,0,1
2024,17,2024-06-30,Docklands,St Kilda,Port Adelaide,Port Adelaide,Quinton Narkle,11,8,2,1,2,0,1
2024,17,2024-06-30,Docklands,St Kilda,Port Adelaide,Port Adelaide,Connor Rozee,18,7,7,0,0,0,3
2024,17,2024-06-30,Docklands,St Kilda,Port Adelaide,Port Adelaide,Josh Sinn,11,8,2,0,0,0,3
2024,17,2024-06-30,Docklands,St Kilda,Port Adelaide,Port Adelaide,Jordon Sweet,4,3,7,0,0,28,7
2024,17,2024-06-30,Docklands,St Kilda,Port Adelaide,Port Adelaide,Ollie Wines,12,6,6,0,0,0,1
2024,17,2024-06-30,Docklands,St Kilda,Port Adelaide,Port Adelaide,Brandon Zerk-Thatcher,9,9,4,0,0,0,4
2024,17,2024-06-30,M.C.G.,Richmond,Carlton,Richmond,Liam Baker,5,1,12,1,1,0,3
2024,17,2024-06-30,M.C.G.,Richmond,Carlton,Richmond,Noah Balta,6,5,2,3,0,0,1
2024,17,2024-06-30,M.C.G.,Richmond,Carlton,Richmond,Sam Banks,4,1,2,0,0,0,0
2024,17,2024-06-30,M.C.G.,Richmond,Carlton,Richmond,Jacob Blight,6,3,5,0,0,0,2
2024,17,2024-06-30,M.C.G.,Richmond,Carlton,Richmond,Shai Bolton,10,2,7,0,2,0,1
2024,17,2024-06-30,M.C.G.,Richmond,Carlton,Richmond,Nathan Broad,8,7,3,0,0,0,0
2024,17,2024-06-30,M.C.G.,Richmond,Carlton,Richmond,Tom Brown,5,3,4,0,0,0,1
2024,17,2024-06-30,M.C.G.,Richmond,Carlton,Richmond,Seth Campbell,4,1,1,0,0,0,2
2024,17,2024-06-30,M.C.G.,Richmond,Carlton,Richmond,Jack Graham,6,2,11,0,0,0,4
2024,17,2024-06-30,M.C.G.,Richmond,Carlton,Richmond,Jacob Hopper,12,7,13,0,0,0,5
2024,17,2024-06-30,M.C.G.,Richmond,Carlton,Richmond,Jacob Koschitzke,7,4,5,2,0,5,2
2024,17,2024-06-30,M.C.G.,Richmond,Carlton,Richmond,Rhyan Mansell,10,2,3,1,1,0,4
2024,17,2024-06-30,M.C.G.,Richmond,Carlton,Richmond,Dustin Martin,3,1,4,0,0,0,0
2024,17,2024-06-30,M.C.G.,Richmond,Carlton,Richmond,Kane McAuliffe,2,0,7,0,1,0,2
2024,17,2024-06-30,M.C.G.,Richmond,Carlton,Richmond,Kamdyn McIntosh,13,5,5,0,1,0,3
2024,17,2024-06-30,M.C.G.,Richmond,Carlton,Richmond,Ben Miller,9,6,5,0,0,0,1
2024,17,2024-06-30,M.C.G.,Richmond,Carlton,Richmond,Toby Nankervis,11,2,6,1,0,43,3
2024,17,2024-06-30,M.C.G.,Richmond,Carlton,Richmond,Hugo Ralphsmith,8,5,7,0,0,0,2
2024,17,2024-06-30,M.C.G.,Richmond,Carlton,Richmond,Daniel Rioli,14,7,10,0,0,0,3
2024,17,2024-06-30,M.C.G.,Richmond,Carlton,Richmond,Jayden Short,11,4,5,0,0,0,0
2024,17,2024-06-30,M.C.G.,Richmond,Carlton,Richmond,Tyler Sonsie,10,4,6,1,0,0,0
2024,17,2024-06-30,M.C.G.,Richmond,Carlton,Richmond,Tim Taranto,17,2,10,1,0,0,2
2024,17,2024-06-30,M.C.G.,Richmond,Carlton,Richmond,Nick Vlastuin,12,4,9,0,0,0,3
2024,17,2024-06-30,M.C.G.,Richmond,Carlton,Carlton,Blake Acres,15,3,18,0,0,0,2
2024,17,2024-06-30,M.C.G.,Richmond,Carlton,Carlton,Jordan Boyd,10,3,4,0,0,0,0
2024,17,2024-06-30,M.C.G.,Richmond,Carlton,Carlton,Adam Cerra,13,3,10,0,1,0,3
2024,17,2024-06-30,M.C.G.,Richmond,Carlton,Carlton,Alex Cincotta,4,0,5,2,0,0,2
2024,17,2024-06-30,M.C.G.,Richmond,Carlton,Carlton,Lachlan Cowan,11,7,6,0,0,0,2
2024,17,2024-06-30,M.C.G.,Richmond,Carlton,Carlton,Patrick Cripps,16,5,24,1,0,2,4
2024,17,2024-06-30,M.C.G.,Richmond,Carlton,Carlton,Charlie Curnow,6,3,1,2,0,0,0
2024,17,2024-06-30,M.C.G.,Richmond,Carlton,Carlton,Orazio Fantasia,8,5,5,4,0,0,2
2024,17,2024-06-30,M.C.G.,Richmond,Carlton,Carlton,Lachie Fogarty,7,1,4,3,0,0,2
2024,17,2024-06-30,M.C.G.,Richmond,Carlton,Carlton,George Hewett,1,0,4,0,0,0,1
2024,17,2024-06-30,M.C.G.,Richmond,Carlton,Carlton,Elijah Hollands,13,7,7,1,0,0,2
2024,17,2024-06-30,M.C.G.,Richmond,Carlton,Carlton,Oliver Hollands,1,1,6,0,0,0,4
2024,17,2024-06-30,M.C.G.,Richmond,Carlton,Carlton,Brodie Kemp,7,7,3,0,0,0,1
2024,17,2024-06-30,M.C.G.,Richmond,Carlton,Carlton,Matthew Kennedy,15,8,6,1,1,0,5
2024,17,2024-06-30,M.C.G.,Richmond,Carlton,Carlton,Mitch McGovern,14,2,4,0,0,0,2
2024,17,2024-06-30,M.C.G.,Richmond,Carlton,Carlton,Harry McKay,12,8,3,2,2,1,1
2024,17,2024-06-30,M.C.G.,Richmond,Carlton,Carlton,Nic Newman,23,14,5,0,1,0,5
2024,17,2024-06-30,M.C.G.,Richmond,Carlton,Carlton,Matthew Owies,5,3,4,1,1,0,4
2024,17,2024-06-30,M.C.G.,Richmond,Carlton,Carlton,Marc Pittonet,9,2,8,0,0,22,1
2024,17,2024-06-30,M.C.G.,Richmond,Carlton,Carlton,Adam Saad,16,5,8,0,0,0,4
2024,17,2024-06-30,M.C.G.,Richmond,Carlton,Carlton,Sam Walsh,11,5,15,2,0,0,10
2024,17,2024-06-30,M.C.G.,Richmond,Carlton,Carlton,Jacob Weitering,9,7,4,0,0,0,0
2024,17,2024-06-30,M.C.G.,Richmond,Carlton,Carlton,Zac Williams,8,3,1,1,1,0,2
2024,17,2024-06-30,Perth Stadium,West Coast,Hawthorn,West Coast,Oscar Allen,6,6,0,0,2,0,1
2024,17,2024-06-30,Perth Stadium,West Coast,Hawthorn,West Coast,Tom Barrass,12,9,2,0,0,0,1
2024,17,2024-06-30,Perth Stadium,West Coast,Hawthorn,West Coast,Tyler Brockman,4,2,3,0,0,0,3
2024,17,2024-06-30,Perth Stadium,West Coast,Hawthorn,West Coast,Campbell Chesser,3,1,3,0,1,0,4
2024,17,2024-06-30,Perth Stadium,West Coast,Hawthorn,West Coast,Tom Cole,7,4,2,0,0,0,2
2024,17,2024-06-30,Perth Stadium,West Coast,Hawthorn,West Coast,Jamie Cripps,5,3,6,0,0,0,3
2024,17,2024-06-30,Perth Stadium,West Coast,Hawthorn,West Coast,Jack Darling,3,0,3,0,0,1,3
2024,17,2024-06-30,Perth Stadium,West Coast,Hawthorn,West Coast,Liam Duggan,25,14,3,0,0,0,3
2024,17,2024-06-30,Perth Stadium,West Coast,Hawthorn,West Coast,Matt Flynn,3,2,4,0,0,11,2
2024,17,2024-06-30,Perth Stadium,West Coast,Hawthorn,West Coast,Reuben Ginbey,2,1,8,0,0,0,5
2024,17,2024-06-30,Perth Stadium,West Coast,Hawthorn,West Coast,Brady Hough,7,4,8,0,0,0,5
2024,17,2024-06-30,Perth Stadium,West Coast,Hawthorn,West Coast,Jayden Hunt,14,7,5,0,1,0,0
2024,17,2024-06-30,Perth Stadium,West Coast,Hawthorn,West Coast,Jamaine Jones,10,4,1,1,0,0,1
2024,17,2024-06-30,Perth Stadium,West Coast,Hawthorn,West Coast,Tim Kelly,5,1,10,0,1,0,7
2024,17,2024-06-30,Perth Stadium,West Coast,Hawthorn,West Coast,Ryan Maric,1,2,3,0,0,0,1
2024,17,2024-06-30,Perth Stadium,West Coast,Hawthorn,West Coast,Jeremy McGovern,14,9,6,1,0,0,1
2024,17,2024-06-30,Perth Stadium,West Coast,Hawthorn,West Coast,Harley Reid,10,1,11,0,2,0,5
2024,17,2024-06-30,Perth Stadium,West Coast,Hawthorn,West Coast,Josh Rotham,6,4,4,0,0,0,3
2024,17,2024-06-30,Perth Stadium,West Coast,Hawthorn,West Coast,Liam Ryan,9,4,5,0,0,0,2
2024,17,2024-06-30,Perth Stadium,West Coast,Hawthorn,West Coast,Jake Waterman,6,2,2,1,0,0,0
2024,17,2024-06-30,Perth Stadium,West Coast,Hawthorn,West Coast,Bailey Williams,4,3,2,1,1,15,0
2024,17,2024-06-30,Perth Stadium,West Coast,Hawthorn,West Coast,Alex Witherden,13,8,5,0,0,0,1
2024,17,2024-06-30,Perth Stadium,West Coast,Hawthorn,West Coast,Elliot Yeo,8,3,5,0,0,0,7
2024,17,2024-06-30,Perth Stadium,West Coast,Hawthorn,Hawthorn,Karl Amon,15,7,6,0,0,0,4
2024,17,2024-06-30,Perth Stadium,West Coast,Hawthorn,Hawthorn,Mabior Chol,11,5,1,2,2,0,1
2024,17,2024-06-30,Perth Stadium,West Coast,Hawthorn,Hawthorn,Massimo DAmbrosio,10,4,10,0,0,0,4
2024,17,2024-06-30,Perth Stadium,West Coast,Hawthorn,Hawthorn,Will Day,8,5,18,0,1,0,4
2024,17,2024-06-30,Perth Stadium,West Coast,Hawthorn,Hawthorn,Calsher Dear,0,1,1,0,0,0,0
2024,17,2024-06-30,Perth Stadium,West Coast,Hawthorn,Hawthorn,Sam Frost,5,5,3,0,0,0,1
2024,17,2024-06-30,Perth Stadium,West Coast,Hawthorn,Hawthorn,Jack Ginnivan,16,4,5,2,1,0,4
2024,17,2024-06-30,Perth Stadium,West Coast,Hawthorn,Hawthorn,Jack Gunston,12,5,4,1,1,0,2
2024,17,2024-06-30,Perth Stadium,West Coast,Hawthorn,Hawthorn,Blake Hardwick,7,5,3,1,0,0,4
2024,17,2024-06-30,Perth Stadium,West Coast,Hawthorn,Hawthorn,Jarman Impey,15,7,10,0,0,0,0
2024,17,2024-06-30,Perth Stadium,West Coast,Hawthorn,Hawthorn,Changkuoth Jiath,9,7,9,1,0,0,1
2024,17,2024-06-30,Perth Stadium,West Coast,Hawthorn,Hawthorn,Connor Macdonald,14,9,7,2,0,0,2
2024,17,2024-06-30,Perth Stadium,West Coast,Hawthorn,Hawthorn,Cam Mackenzie,6,2,11,1,0,0,2
2024,17,2024-06-30,Perth Stadium,West Coast,Hawthorn,Hawthorn,Lloyd Meek,4,5,12,1,0,37,6
2024,17,2024-06-30,Perth Stadium,West Coast,Hawthorn,Hawthorn,Dylan Moore,16,12,13,2,0,0,1
2024,17,2024-06-30,Perth Stadium,West Coast,Hawthorn,Hawthorn,Harry Morrison,11,9,5,0,0,0,2
2024,17,2024-06-30,Perth Stadium,West Coast,Hawthorn,Hawthorn,Conor Nash,10,3,15,0,0,2,5
2024,17,2024-06-30,Perth Stadium,West Coast,Hawthorn,Hawthorn,Jai Newcombe,14,3,19,0,0,0,3
2024,17,2024-06-30,Perth Stadium,West Coast,Hawthorn,Hawthorn,Jack Scrimshaw,10,6,6,0,0,0,1
2024,17,2024-06-30,Perth Stadium,West Coast,Hawthorn,Hawthorn,James Sicily,18,11,3,0,1,0,4
2024,17,2024-06-30,Perth Stadium,West Coast,Hawthorn,Hawthorn,Nick Watson,6,5,7,1,2,0,3
2024,17,2024-06-30,Perth Stadium,West Coast,Hawthorn,Hawthorn,Josh Weddle,8,5,5,0,0,0,0
2024,17,2024-06-30,Perth Stadium,West Coast,Hawthorn,Hawthorn,James Worpel,13,4,15,0,1,0,4
2024,18,2024-07-05,M.C.G.,Collingwood,Essendon,Collingwood,Darcy Cameron,8,2,2,0,0,21,3
2024,18,2024-07-05,M.C.G.,Collingwood,Essendon,Collingwood,Jack Crisp,15,6,9,3,0,0,4
2024,18,2024-07-05,M.C.G.,Collingwood,Essendon,Collingwood,Josh Daicos,8,3,12,0,0,0,0
2024,18,2024-07-05,M.C.G.,Collingwood,Essendon,Collingwood,Nick Daicos,23,2,8,0,0,0,3
2024,18,2024-07-05,M.C.G.,Collingwood,Essendon,Collingwood,Jordan de Goey,7,5,12,0,0,0,5
2024,18,2024-07-05,M.C.G.,Collingwood,Essendon,Collingwood,Charlie Dean,7,4,2,0,0,0,0
2024,18,2024-07-05,M.C.G.,Collingwood,Essendon,Collingwood,Billy Frampton,3,1,4,0,0,0,1
2024,18,2024-07-05,M.C.G.,Collingwood,Essendon,Collingwood,Harvey Harrison,7,4,3,2,1,0,2
2024,18,2024-07-05,M.C.G.,Collingwood,Essendon,Collingwood,Bobby Hill,8,3,1,0,1,0,0
2024,18,2024-07-05,M.C.G.,Collingwood,Essendon,Collingwood,Will Hoskin-Elliott,16,3,4,0,0,0,2
2024,18,2024-07-05,M.C.G.,Collingwood,Essendon,Collingwood,Jeremy Howe,8,6,3,2,0,0,1
2024,18,2024-07-05,M.C.G.,Collingwood,Essendon,Collingwood,Nathan Kreuger,6,3,2,2,0,10,5
2024,18,2024-07-05,M.C.G.,Collingwood,Essendon,Collingwood,Patrick Lipinski,6,3,5,0,1,0,0
2024,18,2024-07-05,M.C.G.,Collingwood,Essendon,Collingwood,Ned Long,5,1,4,0,0,0,2
2024,18,2024-07-05,M.C.G.,Collingwood,Essendon,Collingwood,Oleg Markov,11,5,6,0,0,0,3
2024,18,2024-07-05,M.C.G.,Collingwood,Essendon,Collingwood,Brayden Maynard,15,5,7,0,0,0,1
2024,18,2024-07-05,M.C.G.,Collingwood,Essendon,Collingwood,Brody Mihocek,2,2,4,1,0,2,0
2024,18,2024-07-05,M.C.G.,Collingwood,Essendon,Collingwood,Darcy Moore,8,6,6,0,0,0,0
2024,18,2024-07-05,M.C.G.,Collingwood,Essendon,Collingwood,Scott Pendlebury,11,7,13,1,0,0,6
2024,18,2024-07-05,M.C.G.,Collingwood,Essendon,Collingwood,Isaac Quaynor,4,1,4,0,0,0,1
2024,18,2024-07-05,M.C.G.,Collingwood,Essendon,Collingwood,Joe Richards,4,3,4,0,1,0,1
2024,18,2024-07-05,M.C.G.,Collingwood,Essendon,Collingwood,Lachie Schultz,5,3,4,1,2,0,1
2024,18,2024-07-05,M.C.G.,Collingwood,Essendon,Collingwood,Steele Sidebottom,22,11,12,0,0,0,2
2024,18,2024-07-05,M.C.G.,Collingwood,Essendon,Essendon,Nate Caddy,9,6,3,1,3,0,2
2024,18,2024-07-05,M.C.G.,Collingwood,Essendon,Essendon,Jye Caldwell,15,6,15,1,0,0,7
2024,18,2024-07-05,M.C.G.,Collingwood,Essendon,Essendon,Nik Cox,6,3,5,0,0,6,3
2024,18,2024-07-05,M.C.G.,Collingwood,Essendon,Essendon,Sam Draper,9,5,6,1,1,24,0
2024,18,2024-07-05,M.C.G.,Collingwood,Essendon,Essendon,Sam Durham,16,7,9,0,0,0,4
2024,18,2024-07-05,M.C.G.,Collingwood,Essendon,Essendon,Xavier Duursma,10,8,6,1,0,0,3
2024,18,2024-07-05,M.C.G.,Collingwood,Essendon,Essendon,Jade Gresham,8,7,7,1,1,0,1
2024,18,2024-07-05,M.C.G.,Collingwood,Essendon,Essendon,Matt Guelfi,5,1,10,1,1,0,4
2024,18,2024-07-05,M.C.G.,Collingwood,Essendon,Essendon,Nick Hind,3,0,0,0,0,0,0
2024,18,2024-07-05,M.C.G.,Collingwood,Essendon,Essendon,Harry Jones,13,6,4,1,0,0,2
2024,18,2024-07-05,M.C.G.,Collingwood,Essendon,Essendon,Jake Kelly,11,6,6,0,0,0,1
2024,18,2024-07-05,M.C.G.,Collingwood,Essendon,Essendon,Kyle Langford,10,8,5,2,2,0,2
2024,18,2024-07-05,M.C.G.,Collingwood,Essendon,Essendon,Jayden Laverde,8,6,3,0,0,0,1
2024,18,2024-07-05,M.C.G.,Collingwood,Essendon,Essendon,Nic Martin,13,6,10,0,0,0,5
2024,18,2024-07-05,M.C.G.,Collingwood,Essendon,Essendon,Andrew McGrath,12,6,6,0,0,0,1
2024,18,2024-07-05,M.C.G.,Collingwood,Essendon,Essendon,Ben McKay,11,11,8,0,0,0,0
2024,18,2024-07-05,M.C.G.,Collingwood,Essendon,Essendon,Zach Merrett,19,6,11,1,1,0,4
2024,18,2024-07-05,M.C.G.,Collingwood,Essendon,Essendon,Archie Perkins,8,5,5,0,1,0,4
2024,18,2024-07-05,M.C.G.,Collingwood,Essendon,Essendon,Mason Redman,17,6,2,0,0,0,0
2024,18,2024-07-05,M.C.G.,Collingwood,Essendon,Essendon,Jordan Ridley,19,15,6,0,0,0,1
2024,18,2024-07-05,M.C.G.,Collingwood,Essendon,Essendon,Dylan Shiel,14,5,12,0,0,0,8
2024,18,2024-07-05,M.C.G.,Collingwood,Essendon,Essendon,Jake Stringer,8,3,8,1,1,0,1
2024,18,2024-07-05,M.C.G.,Collingwood,Essendon,Essendon,Peter Wright,8,7,5,2,0,10,2
2024,18,2024-07-06,Adelaide Oval,Port Adelaide,Western Bulldogs,Port Adelaide,Aliir Aliir,11,7,3,0,0,0,2
2024,18,2024-07-06,Adelaide Oval,Port Adelaide,Western Bulldogs,Port Adelaide,Miles Bergman,13,8,5,0,0,0,0
2024,18,2024-07-06,Adelaide Oval,Port Adelaide,Western Bulldogs,Port Adelaide,Travis Boak,6,5,9,0,0,0,1
2024,18,2024-07-06,Adelaide Oval,Port Adelaide,Western Bulldogs,Port Adelaide,Jase Burgoyne,10,4,4,0,0,0,1
2024,18,2024-07-06,Adelaide Oval,Port Adelaide,Western Bulldogs,Port Adelaide,Zak Butters,19,10,14,1,0,0,3
2024,18,2024-07-06,Adelaide Oval,Port Adelaide,Western Bulldogs,Port Adelaide,Darcy Byrne-Jones,9,4,4,1,0,0,3
2024,18,2024-07-06,Adelaide Oval,Port Adelaide,Western Bulldogs,Port Adelaide,Willem Drew,10,3,5,0,0,0,2
2024,18,2024-07-06,Adelaide Oval,Port Adelaide,Western Bulldogs,Port Adelaide,Francis Evans,3,1,2,0,1,0,1
2024,18,2024-07-06,Adelaide Oval,Port Adelaide,Western Bulldogs,Port Adelaide,Logan Evans,13,9,3,0,0,0,4
2024,18,2024-07-06,Adelaide Oval,Port Adelaide,Western Bulldogs,Port Adelaide,Kane Farrell,12,2,5,0,0,0,3
2024,18,2024-07-06,Adelaide Oval,Port Adelaide,Western Bulldogs,Port Adelaide,Jeremy Finlayson,6,2,5,0,2,5,1
2024,18,2024-07-06,Adelaide Oval,Port Adelaide,Western Bulldogs,Port Adelaide,Mitch Georgiades,11,9,0,5,1,0,0
2024,18,2024-07-06,Adelaide Oval,Port Adelaide,Western Bulldogs,Port Adelaide,Jason Horne-Francis,14,7,6,3,1,0,2
2024,18,2024-07-06,Adelaide Oval,Port Adelaide,Western Bulldogs,Port Adelaide,Dan Houston,14,4,3,0,0,0,0
2024,18,2024-07-06,Adelaide Oval,Port Adelaide,Western Bulldogs,Port Adelaide,Lachie Jones,4,2,10,0,0,0,2
2024,18,2024-07-06,Adelaide Oval,Port Adelaide,Western Bulldogs,Port Adelaide,Ollie Lord,8,4,0,1,2,0,1
2024,18,2024-07-06,Adelaide Oval,Port Adelaide,Western Bulldogs,Port Adelaide,Todd Marshall,9,6,6,0,0,0,1
2024,18,2024-07-06,Adelaide Oval,Port Adelaide,Western Bulldogs,Port Adelaide,Jackson Mead,8,6,10,0,1,0,3
2024,18,2024-07-06,Adelaide Oval,Port Adelaide,Western Bulldogs,Port Adelaide,Quinton Narkle,4,6,3,1,0,0,3
2024,18,2024-07-06,Adelaide Oval,Port Adelaide,Western Bulldogs,Port Adelaide,Connor Rozee,19,5,17,1,2,0,8
2024,18,2024-07-06,Adelaide Oval,Port Adelaide,Western Bulldogs,Port Adelaide,Jordon Sweet,5,3,4,1,1,42,1
2024,18,2024-07-06,Adelaide Oval,Port Adelaide,Western Bulldogs,Port Adelaide,Ollie Wines,11,4,19,1,1,0,2
2024,18,2024-07-06,Adelaide Oval,Port Adelaide,Western Bulldogs,Port Adelaide,Brandon Zerk-Thatcher,13,11,5,0,0,0,0
2024,18,2024-07-06,Adelaide Oval,Port Adelaide,Western Bulldogs,Western Bulldogs,Marcus Bontempelli,12,4,9,2,3,0,4
2024,18,2024-07-06,Adelaide Oval,Port Adelaide,Western Bulldogs,Western Bulldogs,Lachlan Bramble,10,5,12,0,0,0,1
2024,18,2024-07-06,Adelaide Oval,Port Adelaide,Western Bulldogs,Western Bulldogs,Nick Coffield,9,5,2,0,0,0,1
2024,18,2024-07-06,Adelaide Oval,Port Adelaide,Western Bulldogs,Western Bulldogs,Bailey Dale,18,4,5,0,0,0,0
2024,18,2024-07-06,Adelaide Oval,Port Adelaide,Western Bulldogs,Western Bulldogs,Sam Darcy,2,2,7,0,1,6,2
2024,18,2024-07-06,Adelaide Oval,Port Adelaide,Western Bulldogs,Western Bulldogs,Taylor Duryea,13,6,3,0,0,0,2
2024,18,2024-07-06,Adelaide Oval,Port Adelaide,Western Bulldogs,Western Bulldogs,Tim English,13,8,4,2,0,24,5
2024,18,2024-07-06,Adelaide Oval,Port Adelaide,Western Bulldogs,Western Bulldogs,Joel Freijah,5,2,2,1,0,0,2
2024,18,2024-07-06,Adelaide Oval,Port Adelaide,Western Bulldogs,Western Bulldogs,Harvey Gallagher,6,4,8,0,0,0,5
2024,18,2024-07-06,Adelaide Oval,Port Adelaide,Western Bulldogs,Western Bulldogs,Buku Khamis,5,4,2,0,0,0,2
2024,18,2024-07-06,Adelaide Oval,Port Adelaide,Western Bulldogs,Western Bulldogs,Tom Liberatore,14,2,8,0,1,0,5
2024,18,2024-07-06,Adelaide Oval,Port Adelaide,Western Bulldogs,Western Bulldogs,Rory Lobb,10,6,4,0,0,3,3
2024,18,2024-07-06,Adelaide Oval,Port Adelaide,Western Bulldogs,Western Bulldogs,Jack Macrae,6,3,10,0,0,0,3
2024,18,2024-07-06,Adelaide Oval,Port Adelaide,Western Bulldogs,Western Bulldogs,Lachlan McNeil,4,0,9,1,0,0,5
2024,18,2024-07-06,Adelaide Oval,Port Adelaide,Western Bulldogs,Western Bulldogs,Aaron Naughton,0,0,0,0,0,0,0
2024,18,2024-07-06,Adelaide Oval,Port Adelaide,Western Bulldogs,Western Bulldogs,James ODonnell,2,0,1,0,0,0,1
2024,18,2024-07-06,Adelaide Oval,Port Adelaide,Western Bulldogs,Western Bulldogs,Ed Richards,9,6,8,0,0,0,4
2024,18,2024-07-06,Adelaide Oval,Port Adelaide,Western Bulldogs,Western Bulldogs,Ryley Sanders,9,5,13,0,0,0,2
2024,18,2024-07-06,Adelaide Oval,Port Adelaide,Western Bulldogs,Western Bulldogs,Adam Treloar,19,2,19,0,0,0,7
2024,18,2024-07-06,Adelaide Oval,Port Adelaide,Western Bulldogs,Western Bulldogs,Jamarra Ugle-Hagan,6,2,1,0,1,0,1
2024,18,2024-07-06,Adelaide Oval,Port Adelaide,Western Bulldogs,Western Bulldogs,Laitham Vandermeer,4,2,4,0,0,0,2
2024,18,2024-07-06,Adelaide Oval,Port Adelaide,Western Bulldogs,Western Bulldogs,Rhylee West,6,4,8,2,0,0,1
2024,18,2024-07-06,Adelaide Oval,Port Adelaide,Western Bulldogs,Western Bulldogs,Bailey Williams,6,3,4,0,0,0,2
2024,18,2024-07-06,Docklands,North Melbourne,Gold Coast,North Melbourne,Jackson Archer,6,3,5,0,0,0,2
2024,18,2024-07-06,Docklands,North Melbourne,Gold Coast,North Melbourne,Charlie Comben,10,9,7,0,0,0,2
2024,18,2024-07-06,Docklands,North Melbourne,Gold Coast,North Melbourne,Aidan Corr,11,3,4,0,0,0,2
2024,18,2024-07-06,Docklands,North Melbourne,Gold Coast,North Melbourne,Paul Curtis,7,4,3,1,0,0,4
2024,18,2024-07-06,Docklands,North Melbourne,Gold Coast,North Melbourne,Luke Davies-Uniacke,16,4,14,1,1,0,3
2024,18,2024-07-06,Docklands,North Melbourne,Gold Coast,North Melbourne,Kallan Dawson,6,5,7,1,0,0,1
2024,18,2024-07-06,Docklands,North Melbourne,Gold Coast,North Melbourne,Eddie Ford,7,3,5,0,2,0,3
2024,18,2024-07-06,Docklands,North Melbourne,Gold Coast,North Melbourne,Nick Larkey,6,5,0,3,0,2,3
2024,18,2024-07-06,Docklands,North Melbourne,Gold Coast,North Melbourne,Luke McDonald,11,4,7,0,0,0,2
2024,18,2024-07-06,Docklands,North Melbourne,Gold Coast,North Melbourne,Colby McKercher,27,6,10,0,0,0,1
2024,18,2024-07-06,Docklands,North Melbourne,Gold Coast,North Melbourne,Will Phillips,9,3,3,0,0,0,6
2024,18,2024-07-06,Docklands,North Melbourne,Gold Coast,North Melbourne,Toby Pink,2,1,2,1,0,0,0
2024,18,2024-07-06,Docklands,North Melbourne,Gold Coast,North Melbourne,Tom Powell,8,5,14,0,0,0,4
2024,18,2024-07-06,Docklands,North Melbourne,Gold Coast,North Melbourne,Bailey Scott,15,4,8,0,0,0,2
2024,18,2024-07-06,Docklands,North Melbourne,Gold Coast,North Melbourne,Harry Sheezel,14,8,21,1,0,0,5
2024,18,2024-07-06,Docklands,North Melbourne,Gold Coast,North Melbourne,Liam Shiels,4,1,6,1,1,0,1
2024,18,2024-07-06,Docklands,North Melbourne,Gold Coast,North Melbourne,Jy Simpkin,19,6,9,0,1,0,5
2024,18,2024-07-06,Docklands,North Melbourne,Gold Coast,North Melbourne,Dylan Stephens,9,4,4,0,0,0,0
2024,18,2024-07-06,Docklands,North Melbourne,Gold Coast,North Melbourne,Curtis Taylor,1,0,1,0,0,0,1
2024,18,2024-07-06,Docklands,North Melbourne,Gold Coast,North Melbourne,Brynn Teakle,2,3,2,2,0,3,0
2024,18,2024-07-06,Docklands,North Melbourne,Gold Coast,North Melbourne,Darcy Tucker,11,4,13,0,0,0,2
2024,18,2024-07-06,Docklands,North Melbourne,Gold Coast,North Melbourne,Tristan Xerri,10,3,7,1,0,35,7
2024,18,2024-07-06,Docklands,North Melbourne,Gold Coast,North Melbourne,Cameron Zurhaar,6,2,3,1,1,0,7
2024,18,2024-07-06,Docklands,North Melbourne,Gold Coast,Gold Coast,Ben Ainsworth,6,4,3,1,1,0,1
2024,18,2024-07-06,Docklands,North Melbourne,Gold Coast,Gold Coast,Noah Anderson,17,6,13,1,0,0,1
2024,18,2024-07-06,Docklands,North Melbourne,Gold Coast,Gold Coast,Mac Andrew,10,5,6,1,0,2,2
2024,18,2024-07-06,Docklands,North Melbourne,Gold Coast,Gold Coast,Charlie Ballard,5,2,6,0,0,0,0
2024,18,2024-07-06,Docklands,North Melbourne,Gold Coast,Gold Coast,Tom Berry,6,4,4,0,0,0,1
2024,18,2024-07-06,Docklands,North Melbourne,Gold Coast,Gold Coast,Sam Clohesy,7,3,8,0,0,0,5
2024,18,2024-07-06,Docklands,North Melbourne,Gold Coast,Gold Coast,Sam Collins,6,5,4,0,0,0,2
2024,18,2024-07-06,Docklands,North Melbourne,Gold Coast,Gold Coast,Sam Day,8,8,3,2,1,5,0
2024,18,2024-07-06,Docklands,North Melbourne,Gold Coast,Gold Coast,Sam Flanders,10,3,17,1,0,0,2
2024,18,2024-07-06,Docklands,North Melbourne,Gold Coast,Gold Coast,Will Graham,5,1,10,1,0,0,3
2024,18,2024-07-06,Docklands,North Melbourne,Gold Coast,Gold Coast,Nick Holman,3,1,6,0,0,0,5
2024,18,2024-07-06,Docklands,North Melbourne,Gold Coast,Gold Coast,Bailey Humphrey,2,0,4,0,0,0,0
2024,18,2024-07-06,Docklands,North Melbourne,Gold Coast,Gold Coast,Joel Jeffrey,12,2,4,0,1,0,4
2024,18,2024-07-06,Docklands,North Melbourne,Gold Coast,Gold Coast,Ben King,5,4,1,1,1,0,0
2024,18,2024-07-06,Docklands,North Melbourne,Gold Coast,Gold Coast,Ben Long,10,5,1,2,2,0,3
2024,18,2024-07-06,Docklands,North Melbourne,Gold Coast,Gold Coast,Jack Lukosius,4,2,2,1,0,2,3
2024,18,2024-07-06,Docklands,North Melbourne,Gold Coast,Gold Coast,Touk Miller,6,2,8,0,0,0,3
2024,18,2024-07-06,Docklands,North Melbourne,Gold Coast,Gold Coast,Ned Moyle,7,4,11,0,0,26,6
2024,18,2024-07-06,Docklands,North Melbourne,Gold Coast,Gold Coast,Wil Powell,9,4,6,1,1,0,2
2024,18,2024-07-06,Docklands,North Melbourne,Gold Coast,Gold Coast,Matt Rowell,10,1,14,0,1,0,8
2024,18,2024-07-06,Docklands,North Melbourne,Gold Coast,Gold Coast,Alex Sexton,10,2,5,0,0,0,2
2024,18,2024-07-06,Docklands,North Melbourne,Gold Coast,Gold Coast,David Swallow,4,3,6,0,0,0,1
2024,18,2024-07-06,Docklands,North Melbourne,Gold Coast,Gold Coast,Bodhi Uwland,9,4,6,0,0,0,1
2024,18,2024-07-06,Kardinia Park,Geelong,Hawthorn,Geelong,Tom Atkins,7,2,4,0,0,0,4
2024,18,2024-07-06,Kardinia Park,Geelong,Hawthorn,Geelong,Mark Blicavs,9,3,7,1,0,12,4
2024,18,2024-07-06,Kardinia Park,Geelong,Hawthorn,Geelong,Jack Bowes,11,3,13,0,0,0,4
2024,18,2024-07-06,Kardinia Park,Geelong,Hawthorn,Geelong,Jeremy Cameron,12,8,7,4,4,0,2
2024,18,2024-07-06,Kardinia Park,Geelong,Hawthorn,Geelong,Jhye Clark,8,4,10,0,0,0,4
2024,18,2024-07-06,Kardinia Park,Geelong,Hawthorn,Geelong,Brad Close,11,2,3,4,0,0,2
2024,18,2024-07-06,Kardinia Park,Geelong,Hawthorn,Geelong,Patrick Dangerfield,8,1,6,0,0,0,3
2024,18,2024-07-06,Kardinia Park,Geelong,Hawthorn,Geelong,Sam De Koning,12,4,8,2,0,15,6
2024,18,2024-07-06,Kardinia Park,Geelong,Hawthorn,Geelong,Oliver Dempsey,9,3,14,0,1,0,2
2024,18,2024-07-06,Kardinia Park,Geelong,Hawthorn,Geelong,Mitch Duncan,18,10,7,0,0,0,2
2024,18,2024-07-06,Kardinia Park,Geelong,Hawthorn,Geelong,Zach Guthrie,11,6,4,0,0,0,2
2024,18,2024-07-06,Kardinia Park,Geelong,Hawthorn,Geelong,Jack Henry,11,9,5,0,0,0,1
2024,18,2024-07-06,Kardinia Park,Geelong,Hawthorn,Geelong,Oliver Henry,1,1,2,0,0,0,0
2024,18,2024-07-06,Kardinia Park,Geelong,Hawthorn,Geelong,Max Holmes,10,7,7,0,0,0,2
2024,18,2024-07-06,Kardinia Park,Geelong,Hawthorn,Geelong,Lawson Humphries,14,7,3,0,0,0,2
2024,18,2024-07-06,Kardinia Park,Geelong,Hawthorn,Geelong,Jake Kolodjashnij,8,6,3,0,0,0,3
2024,18,2024-07-06,Kardinia Park,Geelong,Hawthorn,Geelong,Shaun Mannagh,11,3,9,0,2,0,14
2024,18,2024-07-06,Kardinia Park,Geelong,Hawthorn,Geelong,Gryan Miers,11,5,4,1,1,0,1
2024,18,2024-07-06,Kardinia Park,Geelong,Hawthorn,Geelong,Shannon Neale,7,5,5,2,2,2,4
2024,18,2024-07-06,Kardinia Park,Geelong,Hawthorn,Geelong,Gary Rohan,7,5,5,2,0,0,0
2024,18,2024-07-06,Kardinia Park,Geelong,Hawthorn,Geelong,Tyson Stengle,8,2,6,0,1,0,3
2024,18,2024-07-06,Kardinia Park,Geelong,Hawthorn,Geelong,Tom Stewart,16,11,10,0,2,0,5
2024,18,2024-07-06,Kardinia Park,Geelong,Hawthorn,Geelong,Zach Tuohy,10,5,5,0,0,0,0
2024,18,2024-07-06,Kardinia Park,Geelong,Hawthorn,Hawthorn,Karl Amon,17,4,3,0,0,0,2
2024,18,2024-07-06,Kardinia Park,Geelong,Hawthorn,Hawthorn,Luke Breust,5,1,2,0,0,0,1
2024,18,2024-07-06,Kardinia Park,Geelong,Hawthorn,Hawthorn,Mabior Chol,6,5,2,2,0,0,3
2024,18,2024-07-06,Kardinia Park,Geelong,Hawthorn,Hawthorn,Massimo DAmbrosio,12,7,4,1,1,0,2
2024,18,2024-07-06,Kardinia Park,Geelong,Hawthorn,Hawthorn,Will Day,9,0,9,0,0,0,7
2024,18,2024-07-06,Kardinia Park,Geelong,Hawthorn,Hawthorn,Sam Frost,3,1,1,0,0,2,2
2024,18,2024-07-06,Kardinia Park,Geelong,Hawthorn,Hawthorn,Jack Gunston,2,2,0,0,0,0,0
2024,18,2024-07-06,Kardinia Park,Geelong,Hawthorn,Hawthorn,Blake Hardwick,11,7,8,0,0,0,2
2024,18,2024-07-06,Kardinia Park,Geelong,Hawthorn,Hawthorn,Jarman Impey,14,4,8,0,0,0,5
2024,18,2024-07-06,Kardinia Park,Geelong,Hawthorn,Hawthorn,Changkuoth Jiath,9,2,3,1,0,0,1
2024,18,2024-07-06,Kardinia Park,Geelong,Hawthorn,Hawthorn,Mitch Lewis,4,4,3,2,0,0,1
2024,18,2024-07-06,Kardinia Park,Geelong,Hawthorn,Hawthorn,Connor Macdonald,15,8,5,0,1,0,4
2024,18,2024-07-06,Kardinia Park,Geelong,Hawthorn,Hawthorn,Cam Mackenzie,8,3,9,0,0,0,5
2024,18,2024-07-06,Kardinia Park,Geelong,Hawthorn,Hawthorn,Lloyd Meek,6,3,7,0,0,47,1
2024,18,2024-07-06,Kardinia Park,Geelong,Hawthorn,Hawthorn,Seamus Mitchell,7,4,5,0,0,0,2
2024,18,2024-07-06,Kardinia Park,Geelong,Hawthorn,Hawthorn,Dylan Moore,18,4,8,2,1,0,6
2024,18,2024-07-06,Kardinia Park,Geelong,Hawthorn,Hawthorn,Harry Morrison,4,1,3,0,0,0,2
2024,18,2024-07-06,Kardinia Park,Geelong,Hawthorn,Hawthorn,Conor Nash,6,4,11,0,0,3,3
2024,18,2024-07-06,Kardinia Park,Geelong,Hawthorn,Hawthorn,Jai Newcombe,4,3,11,0,0,0,4
2024,18,2024-07-06,Kardinia Park,Geelong,Hawthorn,Hawthorn,Jack Scrimshaw,11,6,7,0,0,0,2
2024,18,2024-07-06,Kardinia Park,Geelong,Hawthorn,Hawthorn,Nick Watson,5,1,4,0,1,0,5
2024,18,2024-07-06,Kardinia Park,Geelong,Hawthorn,Hawthorn,Josh Weddle,3,1,4,0,0,0,0
2024,18,2024-07-06,Kardinia Park,Geelong,Hawthorn,Hawthorn,James Worpel,12,4,14,1,0,0,7
2024,18,2024-07-06,Sydney Showground,Greater Western Sydney,Carlton,Greater Western Sydney,Leek Aleer,2,0,4,0,0,0,2
2024,18,2024-07-06,Sydney Showground,Greater Western Sydney,Carlton,Greater Western Sydney,Toby Bedford,8,1,8,1,1,0,6
2024,18,2024-07-06,Sydney Showground,Greater Western Sydney,Carlton,Greater Western Sydney,Kieren Briggs,8,3,14,0,1,40,9
2024,18,2024-07-06,Sydney Showground,Greater Western Sydney,Carlton,Greater Western Sydney,Jack Buckley,9,6,5,0,0,0,3
2024,18,2024-07-06,Sydney Showground,Greater Western Sydney,Carlton,Greater Western Sydney,Aaron Cadman,3,4,5,0,0,0,3
2024,18,2024-07-06,Sydney Showground,Greater Western Sydney,Carlton,Greater Western Sydney,Finn Callaghan,13,3,11,0,1,0,3
2024,18,2024-07-06,Sydney Showground,Greater Western Sydney,Carlton,Greater Western Sydney,Stephen Coniglio,16,0,12,1,1,0,4
2024,18,2024-07-06,Sydney Showground,Greater Western Sydney,Carlton,Greater Western Sydney,Isaac Cumming,13,8,6,2,0,0,3
2024,18,2024-07-06,Sydney Showground,Greater Western Sydney,Carlton,Greater Western Sydney,Brent Daniels,12,5,17,0,3,0,11
2024,18,2024-07-06,Sydney Showground,Greater Western Sydney,Carlton,Greater Western Sydney,Joe Fonti,8,2,9,0,0,0,2
2024,18,2024-07-06,Sydney Showground,Greater Western Sydney,Carlton,Greater Western Sydney,Tom Green,12,4,21,1,0,0,5
2024,18,2024-07-06,Sydney Showground,Greater Western Sydney,Carlton,Greater Western Sydney,Toby Greene,8,2,4,2,1,0,2
2024,18,2024-07-06,Sydney Showground,Greater Western Sydney,Carlton,Greater Western Sydney,Harry Himmelberg,10,6,12,0,0,0,5
2024,18,2024-07-06,Sydney Showground,Greater Western Sydney,Carlton,Greater Western Sydney,Jesse Hogan,11,9,4,5,0,0,5
2024,18,2024-07-06,Sydney Showground,Greater Western Sydney,Carlton,Greater Western Sydney,Connor Idun,13,9,11,0,0,0,0
2024,18,2024-07-06,Sydney Showground,Greater Western Sydney,Carlton,Greater Western Sydney,Darcy Jones,9,4,9,1,0,0,2
2024,18,2024-07-06,Sydney Showground,Greater Western Sydney,Carlton,Greater Western Sydney,Toby McMullin,2,0,4,1,0,0,3
2024,18,2024-07-06,Sydney Showground,Greater Western Sydney,Carlton,Greater Western Sydney,James Peatling,1,0,1,0,0,0,0
2024,18,2024-07-06,Sydney Showground,Greater Western Sydney,Carlton,Greater Western Sydney,Harry Perryman,7,4,4,0,0,0,1
2024,18,2024-07-06,Sydney Showground,Greater Western Sydney,Carlton,Greater Western Sydney,Jake Riccardi,2,2,6,1,0,5,1
2024,18,2024-07-06,Sydney Showground,Greater Western Sydney,Carlton,Greater Western Sydney,Harvey Thomas,10,5,7,1,0,0,4
2024,18,2024-07-06,Sydney Showground,Greater Western Sydney,Carlton,Greater Western Sydney,Callan Ward,16,8,14,2,0,0,1
2024,18,2024-07-06,Sydney Showground,Greater Western Sydney,Carlton,Greater Western Sydney,Lachie Whitfield,16,7,14,0,0,0,2
2024,18,2024-07-06,Sydney Showground,Greater Western Sydney,Carlton,Carlton,Blake Acres,8,5,10,1,0,0,2
2024,18,2024-07-06,Sydney Showground,Greater Western Sydney,Carlton,Carlton,Jordan Boyd,7,2,4,0,0,0,3
2024,18,2024-07-06,Sydney Showground,Greater Western Sydney,Carlton,Carlton,Adam Cerra,10,0,11,1,0,0,2
2024,18,2024-07-06,Sydney Showground,Greater Western Sydney,Carlton,Carlton,Alex Cincotta,4,0,5,0,0,0,1
2024,18,2024-07-06,Sydney Showground,Greater Western Sydney,Carlton,Carlton,Matthew Cottrell,6,1,1,0,1,0,1
2024,18,2024-07-06,Sydney Showground,Greater Western Sydney,Carlton,Carlton,Lachlan Cowan,6,5,4,0,0,0,6
2024,18,2024-07-06,Sydney Showground,Greater Western Sydney,Carlton,Carlton,Patrick Cripps,11,0,22,2,0,2,4
2024,18,2024-07-06,Sydney Showground,Greater Western Sydney,Carlton,Carlton,Charlie Curnow,8,3,0,1,2,0,0
2024,18,2024-07-06,Sydney Showground,Greater Western Sydney,Carlton,Carlton,Tom De Koning,15,2,9,0,0,19,5
2024,18,2024-07-06,Sydney Showground,Greater Western Sydney,Carlton,Carlton,Orazio Fantasia,4,0,1,1,0,0,1
2024,18,2024-07-06,Sydney Showground,Greater Western Sydney,Carlton,Carlton,Lachie Fogarty,4,1,8,0,0,0,2
2024,18,2024-07-06,Sydney Showground,Greater Western Sydney,Carlton,Carlton,Elijah Hollands,9,2,7,0,0,0,4
2024,18,2024-07-06,Sydney Showground,Greater Western Sydney,Carlton,Carlton,Oliver Hollands,7,2,10,0,0,0,2
2024,18,2024-07-06,Sydney Showground,Greater Western Sydney,Carlton,Carlton,Brodie Kemp,6,3,4,0,0,0,3
2024,18,2024-07-06,Sydney Showground,Greater Western Sydney,Carlton,Carlton,Matthew Kennedy,12,5,9,2,2,0,6
2024,18,2024-07-06,Sydney Showground,Greater Western Sydney,Carlton,Carlton,Mitch McGovern,12,5,2,0,0,0,2
2024,18,2024-07-06,Sydney Showground,Greater Western Sydney,Carlton,Carlton,Harry McKay,7,3,4,5,0,1,0
2024,18,2024-07-06,Sydney Showground,Greater Western Sydney,Carlton,Carlton,Nic Newman,12,6,6,0,0,0,5
2024,18,2024-07-06,Sydney Showground,Greater Western Sydney,Carlton,Carlton,Matthew Owies,1,1,4,0,1,0,1
2024,18,2024-07-06,Sydney Showground,Greater Western Sydney,Carlton,Carlton,Adam Saad,10,3,2,0,0,0,2
2024,18,2024-07-06,Sydney Showground,Greater Western Sydney,Carlton,Carlton,Sam Walsh,8,1,14,0,0,0,3
2024,18,2024-07-06,Sydney Showground,Greater Western Sydney,Carlton,Carlton,Jacob Weitering,12,5,1,0,0,0,1
2024,18,2024-07-06,Sydney Showground,Greater Western Sydney,Carlton,Carlton,Zac Williams,4,2,4,3,0,0,4
2024,18,2024-07-06,Perth Stadium,Fremantle,Richmond,Fremantle,James Aish,9,6,10,0,0,0,0
2024,18,2024-07-06,Perth Stadium,Fremantle,Richmond,Fremantle,Jye Amiss,8,4,3,1,2,0,2
2024,18,2024-07-06,Perth Stadium,Fremantle,Richmond,Fremantle,Bailey Banfield,10,3,7,0,1,0,3
2024,18,2024-07-06,Perth Stadium,Fremantle,Richmond,Fremantle,Andrew Brayshaw,20,8,15,1,1,0,8
2024,18,2024-07-06,Perth Stadium,Fremantle,Richmond,Fremantle,Heath Chapman,12,8,2,1,0,0,1
2024,18,2024-07-06,Perth Stadium,Fremantle,Richmond,Fremantle,Jordan Clark,17,7,9,0,0,0,2
2024,18,2024-07-06,Perth Stadium,Fremantle,Richmond,Fremantle,Brennan Cox,12,7,2,0,0,0,0
2024,18,2024-07-06,Perth Stadium,Fremantle,Richmond,Fremantle,Sean Darcy,3,1,4,0,0,15,1
2024,18,2024-07-06,Perth Stadium,Fremantle,Richmond,Fremantle,Josh Draper,4,0,2,0,0,0,2
2024,18,2024-07-06,Perth Stadium,Fremantle,Richmond,Fremantle,Michael Frederick,7,2,1,2,1,0,2
2024,18,2024-07-06,Perth Stadium,Fremantle,Richmond,Fremantle,Nat Fyfe,5,1,10,0,0,0,1
2024,18,2024-07-06,Perth Stadium,Fremantle,Richmond,Fremantle,Luke Jackson,7,4,14,0,0,13,9
2024,18,2024-07-06,Perth Stadium,Fremantle,Richmond,Fremantle,Matthew Johnson,12,4,7,0,0,0,7
2024,18,2024-07-06,Perth Stadium,Fremantle,Richmond,Fremantle,Jaeger OMeara,5,0,6,1,0,0,4
2024,18,2024-07-06,Perth Stadium,Fremantle,Richmond,Fremantle,Luke Ryan,21,6,2,0,0,0,4
2024,18,2024-07-06,Perth Stadium,Fremantle,Richmond,Fremantle,Caleb Serong,11,1,16,0,1,0,2
2024,18,2024-07-06,Perth Stadium,Fremantle,Richmond,Fremantle,Jeremy Sharp,6,2,5,0,0,0,0
2024,18,2024-07-06,Perth Stadium,Fremantle,Richmond,Fremantle,Sam Sturt,4,0,7,0,2,0,1
2024,18,2024-07-06,Perth Stadium,Fremantle,Richmond,Fremantle,Sam Switkowski,5,3,9,1,0,0,7
2024,18,2024-07-06,Perth Stadium,Fremantle,Richmond,Fremantle,Josh Treacy,13,9,3,5,0,6,0
2024,18,2024-07-06,Perth Stadium,Fremantle,Richmond,Fremantle,Corey Wagner,17,8,4,0,0,0,3
2024,18,2024-07-06,Perth Stadium,Fremantle,Richmond,Fremantle,Michael Walters,4,2,0,2,0,0,1
2024,18,2024-07-06,Perth Stadium,Fremantle,Richmond,Fremantle,Hayden Young,17,5,7,2,1,0,3
2024,18,2024-07-06,Perth Stadium,Fremantle,Richmond,Richmond,Liam Baker,5,2,7,0,1,0,4
2024,18,2024-07-06,Perth Stadium,Fremantle,Richmond,Richmond,Noah Balta,8,5,2,0,0,0,1
2024,18,2024-07-06,Perth Stadium,Fremantle,Richmond,Richmond,Sam Banks,3,1,3,0,0,0,1
2024,18,2024-07-06,Perth Stadium,Fremantle,Richmond,Richmond,Jacob Blight,5,4,8,0,0,0,1
2024,18,2024-07-06,Perth Stadium,Fremantle,Richmond,Richmond,Shai Bolton,14,7,2,4,3,0,2
2024,18,2024-07-06,Perth Stadium,Fremantle,Richmond,Richmond,Nathan Broad,8,5,4,0,0,0,0
2024,18,2024-07-06,Perth Stadium,Fremantle,Richmond,Richmond,Tom Brown,13,3,3,0,0,0,0
2024,18,2024-07-06,Perth Stadium,Fremantle,Richmond,Richmond,Seth Campbell,3,2,1,0,0,0,2
2024,18,2024-07-06,Perth Stadium,Fremantle,Richmond,Richmond,Noah Cumberland,3,1,2,0,0,0,3
2024,18,2024-07-06,Perth Stadium,Fremantle,Richmond,Richmond,Jack Graham,6,4,13,0,0,0,4
2024,18,2024-07-06,Perth Stadium,Fremantle,Richmond,Richmond,Jacob Hopper,13,5,13,0,0,0,4
2024,18,2024-07-06,Perth Stadium,Fremantle,Richmond,Richmond,Jacob Koschitzke,4,6,7,0,1,8,0
2024,18,2024-07-06,Perth Stadium,Fremantle,Richmond,Richmond,Rhyan Mansell,7,3,4,1,1,0,5
2024,18,2024-07-06,Perth Stadium,Fremantle,Richmond,Richmond,Kane McAuliffe,5,4,8,0,0,0,3
2024,18,2024-07-06,Perth Stadium,Fremantle,Richmond,Richmond,Kamdyn McIntosh,6,0,4,0,0,0,2
2024,18,2024-07-06,Perth Stadium,Fremantle,Richmond,Richmond,Ben Miller,12,4,5,0,0,0,3
2024,18,2024-07-06,Perth Stadium,Fremantle,Richmond,Richmond,Toby Nankervis,14,4,12,1,1,36,7
2024,18,2024-07-06,Perth Stadium,Fremantle,Richmond,Richmond,Hugo Ralphsmith,10,1,4,0,1,0,0
2024,18,2024-07-06,Perth Stadium,Fremantle,Richmond,Richmond,Daniel Rioli,7,1,19,0,0,0,1
2024,18,2024-07-06,Perth Stadium,Fremantle,Richmond,Richmond,Jayden Short,20,6,4,0,0,0,4
2024,18,2024-07-06,Perth Stadium,Fremantle,Richmond,Richmond,Tyler Sonsie,10,1,8,0,1,0,3
2024,18,2024-07-06,Perth Stadium,Fremantle,Richmond,Richmond,Tim Taranto,13,3,13,1,0,0,7
2024,18,2024-07-06,Perth Stadium,Fremantle,Richmond,Richmond,Nick Vlastuin,11,6,8,0,0,0,0
2024,18,2024-07-07,M.C.G.,Melbourne,West Coast,Melbourne,Jake Bowey,9,5,3,0,0,0,1
2024,18,2024-07-07,M.C.G.,Melbourne,West Coast,Melbourne,Kade Chandler,10,8,5,0,0,0,4
2024,18,2024-07-07,M.C.G.,Melbourne,West Coast,Melbourne,Bayley Fritsch,10,5,1,3,1,0,1
2024,18,2024-07-07,M.C.G.,Melbourne,West Coast,Melbourne,Max Gawn,6,4,5,1,0,21,1
2024,18,2024-07-07,M.C.G.,Melbourne,West Coast,Melbourne,Ed Langdon,13,7,9,1,0,0,2
2024,18,2024-07-07,M.C.G.,Melbourne,West Coast,Melbourne,Jake Lever,7,6,5,0,0,0,1
2024,18,2024-07-07,M.C.G.,Melbourne,West Coast,Melbourne,Steven May,14,8,1,0,0,0,1
2024,18,2024-07-07,M.C.G.,Melbourne,West Coast,Melbourne,Tom McDonald,15,7,7,0,0,0,1
2024,18,2024-07-07,M.C.G.,Melbourne,West Coast,Melbourne,Judd McVee,13,5,9,0,0,0,1
2024,18,2024-07-07,M.C.G.,Melbourne,West Coast,Melbourne,Jake Melksham,9,9,0,2,1,0,0
2024,18,2024-07-07,M.C.G.,Melbourne,West Coast,Melbourne,Andy Moniz-Wakefield,9,3,7,0,0,0,6
2024,18,2024-07-07,M.C.G.,Melbourne,West Coast,Melbourne,Alex Neal-Bullen,10,5,10,0,0,0,4
2024,18,2024-07-07,M.C.G.,Melbourne,West Coast,Melbourne,Clayton Oliver,5,1,9,0,0,0,3
2024,18,2024-07-07,M.C.G.,Melbourne,West Coast,Melbourne,Kysaiah Pickett,12,4,1,2,1,0,2
2024,18,2024-07-07,M.C.G.,Melbourne,West Coast,Melbourne,Trent Rivers,20,9,9,0,0,0,5
2024,18,2024-07-07,M.C.G.,Melbourne,West Coast,Melbourne,Christian Salem,14,8,9,0,0,0,2
2024,18,2024-07-07,M.C.G.,Melbourne,West Coast,Melbourne,Tom Sparrow,9,7,3,0,1,0,3
2024,18,2024-07-07,M.C.G.,Melbourne,West Coast,Melbourne,Koltyn Tholstrup,9,5,3,2,1,0,3
2024,18,2024-07-07,M.C.G.,Melbourne,West Coast,Melbourne,Daniel Turner,4,3,4,1,0,2,1
2024,18,2024-07-07,M.C.G.,Melbourne,West Coast,Melbourne,Jacob van Rooyen,11,9,3,4,4,5,2
2024,18,2024-07-07,M.C.G.,Melbourne,West Coast,Melbourne,Jack Viney,11,5,7,0,0,0,5
2024,18,2024-07-07,M.C.G.,Melbourne,West Coast,Melbourne,Caleb Windsor,16,7,9,1,0,0,5
2024,18,2024-07-07,M.C.G.,Melbourne,West Coast,Melbourne,Taj Woewodin,1,1,0,0,0,0,2
2024,18,2024-07-07,M.C.G.,Melbourne,West Coast,West Coast,Oscar Allen,8,6,2,4,3,0,1
2024,18,2024-07-07,M.C.G.,Melbourne,West Coast,West Coast,Tom Barrass,6,7,3,0,0,0,0
2024,18,2024-07-07,M.C.G.,Melbourne,West Coast,West Coast,Tyler Brockman,3,1,2,0,0,0,1
2024,18,2024-07-07,M.C.G.,Melbourne,West Coast,West Coast,Campbell Chesser,4,0,7,0,1,0,3
2024,18,2024-07-07,M.C.G.,Melbourne,West Coast,West Coast,Tom Cole,7,5,5,0,0,0,1
2024,18,2024-07-07,M.C.G.,Melbourne,West Coast,West Coast,Jamie Cripps,10,6,6,0,1,0,3
2024,18,2024-07-07,M.C.G.,Melbourne,West Coast,West Coast,Jack Darling,6,6,5,1,1,5,2
2024,18,2024-07-07,M.C.G.,Melbourne,West Coast,West Coast,Liam Duggan,13,6,7,0,0,0,1
2024,18,2024-07-07,M.C.G.,Melbourne,West Coast,West Coast,Reuben Ginbey,9,3,5,0,0,0,0
2024,18,2024-07-07,M.C.G.,Melbourne,West Coast,West Coast,Brady Hough,8,3,6,0,0,0,2
2024,18,2024-07-07,M.C.G.,Melbourne,West Coast,West Coast,Jayden Hunt,7,3,5,0,0,0,4
2024,18,2024-07-07,M.C.G.,Melbourne,West Coast,West Coast,Jack Hutchinson,3,1,5,0,0,0,10
2024,18,2024-07-07,M.C.G.,Melbourne,West Coast,West Coast,Jamaine Jones,5,5,4,0,0,0,3
2024,18,2024-07-07,M.C.G.,Melbourne,West Coast,West Coast,Tim Kelly,13,3,10,0,0,0,4
2024,18,2024-07-07,M.C.G.,Melbourne,West Coast,West Coast,Jeremy McGovern,11,6,4,0,0,0,0
2024,18,2024-07-07,M.C.G.,Melbourne,West Coast,West Coast,Harley Reid,9,1,7,0,0,0,7
2024,18,2024-07-07,M.C.G.,Melbourne,West Coast,West Coast,Josh Rotham,7,2,0,0,0,0,0
2024,18,2024-07-07,M.C.G.,Melbourne,West Coast,West Coast,Liam Ryan,10,4,3,1,0,0,2
2024,18,2024-07-07,M.C.G.,Melbourne,West Coast,West Coast,Jake Waterman,7,6,4,2,1,0,0
2024,18,2024-07-07,M.C.G.,Melbourne,West Coast,West Coast,Bailey Williams,5,1,5,0,0,28,1
2024,18,2024-07-07,M.C.G.,Melbourne,West Coast,West Coast,Jack Williams,1,1,0,0,1,1,1
2024,18,2024-07-07,M.C.G.,Melbourne,West Coast,West Coast,Alex Witherden,7,3,5,0,0,0,2
2024,18,2024-07-07,M.C.G.,Melbourne,West Coast,West Coast,Elliot Yeo,10,3,11,0,0,0,6
2024,18,2024-07-07,Docklands,St Kilda,Sydney,St Kilda,Josh Battle,10,9,7,0,0,0,0
2024,18,2024-07-07,Docklands,St Kilda,Sydney,St Kilda,Dan Butler,6,4,2,1,1,0,3
2024,18,2024-07-07,Docklands,St Kilda,Sydney,St Kilda,Ryan Byrnes,15,7,7,0,0,0,3
2024,18,2024-07-07,Docklands,St Kilda,Sydney,St Kilda,Hunter Clark,10,2,7,0,0,0,4
2024,18,2024-07-07,Docklands,St Kilda,Sydney,St Kilda,Liam Henry,11,5,9,1,0,0,3
2024,18,2024-07-07,Docklands,St Kilda,Sydney,St Kilda,Jack Higgins,5,2,4,3,1,0,5
2024,18,2024-07-07,Docklands,St Kilda,Sydney,St Kilda,Bradley Hill,14,10,10,0,0,0,3
2024,18,2024-07-07,Docklands,St Kilda,Sydney,St Kilda,Dougal Howard,9,9,8,0,0,0,1
2024,18,2024-07-07,Docklands,St Kilda,Sydney,St Kilda,Rowan Marshall,13,7,3,2,0,20,5
2024,18,2024-07-07,Docklands,St Kilda,Sydney,St Kilda,Tim Membrey,7,5,1,1,0,0,0
2024,18,2024-07-07,Docklands,St Kilda,Sydney,St Kilda,Mitch Owens,4,1,3,0,0,1,5
2024,18,2024-07-07,Docklands,St Kilda,Sydney,St Kilda,Ben Paton,0,0,2,0,0,0,1
2024,18,2024-07-07,Docklands,St Kilda,Sydney,St Kilda,Mattaes Phillipou,21,5,5,1,1,0,5
2024,18,2024-07-07,Docklands,St Kilda,Sydney,St Kilda,Arie Schoenmaker,11,5,2,0,0,0,0
2024,18,2024-07-07,Docklands,St Kilda,Sydney,St Kilda,Cooper Sharman,6,6,4,2,0,0,2
2024,18,2024-07-07,Docklands,St Kilda,Sydney,St Kilda,Jack Sinclair,16,6,12,0,0,0,3
2024,18,2024-07-07,Docklands,St Kilda,Sydney,St Kilda,Jack Steele,10,7,18,0,0,0,7
2024,18,2024-07-07,Docklands,St Kilda,Sydney,St Kilda,Nasiah Wanganeen-Milera,24,6,4,0,0,0,1
2024,18,2024-07-07,Docklands,St Kilda,Sydney,St Kilda,Jimmy Webster,9,4,6,0,0,0,4
2024,18,2024-07-07,Docklands,St Kilda,Sydney,St Kilda,Callum Wilkie,22,14,4,0,0,0,4
2024,18,2024-07-07,Docklands,St Kilda,Sydney,St Kilda,Darcy Wilson,4,5,5,1,0,0,1
2024,18,2024-07-07,Docklands,St Kilda,Sydney,St Kilda,Marcus Windhager,1,1,10,0,0,0,2
2024,18,2024-07-07,Docklands,St Kilda,Sydney,St Kilda,Mason Wood,8,6,6,1,0,0,1
2024,18,2024-07-07,Docklands,St Kilda,Sydney,Sydney,Taylor Adams,6,3,2,0,0,0,0
2024,18,2024-07-07,Docklands,St Kilda,Sydney,Sydney,Joel Amartey,5,3,4,0,3,0,1
2024,18,2024-07-07,Docklands,St Kilda,Sydney,Sydney,Nick Blakey,12,2,5,0,0,0,1
2024,18,2024-07-07,Docklands,St Kilda,Sydney,Sydney,Braeden Campbell,10,5,3,1,0,0,3
2024,18,2024-07-07,Docklands,St Kilda,Sydney,Sydney,Oliver Florent,16,5,8,1,1,0,2
2024,18,2024-07-07,Docklands,St Kilda,Sydney,Sydney,Robbie Fox,9,2,4,1,0,0,1
2024,18,2024-07-07,Docklands,St Kilda,Sydney,Sydney,Brodie Grundy,5,2,11,0,0,30,5
2024,18,2024-07-07,Docklands,St Kilda,Sydney,Sydney,Errol Gulden,18,2,10,0,0,0,3
2024,18,2024-07-07,Docklands,St Kilda,Sydney,Sydney,Will Hayward,6,5,7,0,1,0,0
2024,18,2024-07-07,Docklands,St Kilda,Sydney,Sydney,Isaac Heeney,13,5,11,2,0,0,4
2024,18,2024-07-07,Docklands,St Kilda,Sydney,Sydney,James Jordon,9,4,9,0,0,0,1
2024,18,2024-07-07,Docklands,St Kilda,Sydney,Sydney,Jake Lloyd,6,6,7,0,0,0,2
2024,18,2024-07-07,Docklands,St Kilda,Sydney,Sydney,Tom McCartin,13,9,6,0,0,0,1
2024,18,2024-07-07,Docklands,St Kilda,Sydney,Sydney,Logan McDonald,8,7,3,2,3,0,0
2024,18,2024-07-07,Docklands,St Kilda,Sydney,Sydney,Justin McInerney,14,5,9,1,1,0,3
2024,18,2024-07-07,Docklands,St Kilda,Sydney,Sydney,Hayden McLean,8,4,3,0,1,10,2
2024,18,2024-07-07,Docklands,St Kilda,Sydney,Sydney,Lewis Melican,8,3,3,0,0,0,0
2024,18,2024-07-07,Docklands,St Kilda,Sydney,Sydney,Tom Papley,12,4,4,1,2,0,0
2024,18,2024-07-07,Docklands,St Kilda,Sydney,Sydney,Dane Rampe,13,10,0,0,0,0,2
2024,18,2024-07-07,Docklands,St Kilda,Sydney,Sydney,Matt Roberts,5,4,3,0,0,0,1
2024,18,2024-07-07,Docklands,St Kilda,Sydney,Sydney,James Rowbottom,9,2,9,0,0,0,6
2024,18,2024-07-07,Docklands,St Kilda,Sydney,Sydney,Chad Warner,13,4,10,2,0,0,2
2024,18,2024-07-07,Docklands,St Kilda,Sydney,Sydney,Sam Wicks,6,1,6,0,1,0,1
2024,18,2024-07-07,Gabba,Brisbane Lions,Adelaide,Brisbane Lions,Callum Ah Chee,4,3,6,1,0,0,2
2024,18,2024-07-07,Gabba,Brisbane Lions,Adelaide,Brisbane Lions,Harris Andrews,10,7,3,0,0,0,1
2024,18,2024-07-07,Gabba,Brisbane Lions,Adelaide,Brisbane Lions,Will Ashcroft,12,5,9,1,0,0,4
2024,18,2024-07-07,Gabba,Brisbane Lions,Adelaide,Brisbane Lions,Zac Bailey,9,1,8,0,0,0,3
2024,18,2024-07-07,Gabba,Brisbane Lions,Adelaide,Brisbane Lions,Jarrod Berry,10,6,6,0,0,0,2
2024,18,2024-07-07,Gabba,Brisbane Lions,Adelaide,Brisbane Lions,Charlie Cameron,11,6,2,2,3,0,2
2024,18,2024-07-07,Gabba,Brisbane Lions,Adelaide,Brisbane Lions,Joe Daniher,13,6,2,0,1,0,0
2024,18,2024-07-07,Gabba,Brisbane Lions,Adelaide,Brisbane Lions,Josh Dunkley,22,8,13,1,1,0,5
2024,18,2024-07-07,Gabba,Brisbane Lions,Adelaide,Brisbane Lions,Jaspa Fletcher,6,4,8,0,0,0,2
2024,18,2024-07-07,Gabba,Brisbane Lions,Adelaide,Brisbane Lions,Eric Hipwood,9,6,3,1,2,0,0
2024,18,2024-07-07,Gabba,Brisbane Lions,Adelaide,Brisbane Lions,Ryan Lester,11,4,2,0,1,0,3
2024,18,2024-07-07,Gabba,Brisbane Lions,Adelaide,Brisbane Lions,Kai Lohmann,5,0,5,1,1,0,2
2024,18,2024-07-07,Gabba,Brisbane Lions,Adelaide,Brisbane Lions,Hugh McCluggage,11,4,6,0,1,0,4
2024,18,2024-07-07,Gabba,Brisbane Lions,Adelaide,Brisbane Lions,Oscar McInerney,8,1,6,0,1,40,3
2024,18,2024-07-07,Gabba,Brisbane Lions,Adelaide,Brisbane Lions,Conor McKenna,13,6,2,0,0,0,0
2024,18,2024-07-07,Gabba,Brisbane Lions,Adelaide,Brisbane Lions,Logan Morris,5,3,2,1,0,0,0
2024,18,2024-07-07,Gabba,Brisbane Lions,Adelaide,Brisbane Lions,Lachie Neale,20,9,16,3,0,0,2
2024,18,2024-07-07,Gabba,Brisbane Lions,Adelaide,Brisbane Lions,Jack Payne,11,8,0,0,0,0,1
2024,18,2024-07-07,Gabba,Brisbane Lions,Adelaide,Brisbane Lions,Cam Rayner,4,1,5,3,0,0,0
2024,18,2024-07-07,Gabba,Brisbane Lions,Adelaide,Brisbane Lions,Bruce Reville,6,1,3,0,0,0,1
2024,18,2024-07-07,Gabba,Brisbane Lions,Adelaide,Brisbane Lions,Brandon Starcevich,2,1,0,0,0,0,0
2024,18,2024-07-07,Gabba,Brisbane Lions,Adelaide,Brisbane Lions,Darcy Wilmot,10,5,6,0,0,0,1
2024,18,2024-07-07,Gabba,Brisbane Lions,Adelaide,Brisbane Lions,Dayne Zorko,21,10,1,0,0,0,2
2024,18,2024-07-07,Gabba,Brisbane Lions,Adelaide,Adelaide,Sam Berry,9,5,10,0,0,0,4
2024,18,2024-07-07,Gabba,Brisbane Lions,Adelaide,Adelaide,Jordon Butts,3,3,3,0,0,0,0
2024,18,2024-07-07,Gabba,Brisbane Lions,Adelaide,Adelaide,Brayden Cook,8,2,5,0,1,0,0
2024,18,2024-07-07,Gabba,Brisbane Lions,Adelaide,Adelaide,Jordan Dawson,8,3,8,0,0,0,4
2024,18,2024-07-07,Gabba,Brisbane Lions,Adelaide,Adelaide,Billy Dowling,8,3,11,0,0,0,2
2024,18,2024-07-07,Gabba,Brisbane Lions,Adelaide,Adelaide,Darcy Fogarty,7,5,3,2,0,0,1
2024,18,2024-07-07,Gabba,Brisbane Lions,Adelaide,Adelaide,Elliott Himmelberg,9,8,3,2,1,1,1
2024,18,2024-07-07,Gabba,Brisbane Lions,Adelaide,Adelaide,Mitch Hinge,7,2,5,0,1,0,6
2024,18,2024-07-07,Gabba,Brisbane Lions,Adelaide,Adelaide,Mark Keane,18,7,2,0,0,0,1
2024,18,2024-07-07,Gabba,Brisbane Lions,Adelaide,Adelaide,Ben Keays,10,4,4,4,0,0,2
2024,18,2024-07-07,Gabba,Brisbane Lions,Adelaide,Adelaide,Rory Laird,11,5,16,0,0,0,5
2024,18,2024-07-07,Gabba,Brisbane Lions,Adelaide,Adelaide,Max Michalanney,8,6,8,0,1,0,3
2024,18,2024-07-07,Gabba,Brisbane Lions,Adelaide,Adelaide,Lachlan Murphy,5,1,2,0,0,0,7
2024,18,2024-07-07,Gabba,Brisbane Lions,Adelaide,Adelaide,Nick Murray,13,4,6,0,0,0,3
2024,18,2024-07-07,Gabba,Brisbane Lions,Adelaide,Adelaide,Luke Nankervis,10,2,9,0,0,0,2
2024,18,2024-07-07,Gabba,Brisbane Lions,Adelaide,Adelaide,Reilly OBrien,5,2,3,0,0,48,5
2024,18,2024-07-07,Gabba,Brisbane Lions,Adelaide,Adelaide,Josh Rachele,6,2,6,0,0,0,1
2024,18,2024-07-07,Gabba,Brisbane Lions,Adelaide,Adelaide,Izak Rankine,8,2,8,2,0,0,4
2024,18,2024-07-07,Gabba,Brisbane Lions,Adelaide,Adelaide,Lachlan Sholl,16,5,6,0,0,0,2
2024,18,2024-07-07,Gabba,Brisbane Lions,Adelaide,Adelaide,Brodie Smith,11,4,11,0,0,0,2
2024,18,2024-07-07,Gabba,Brisbane Lions,Adelaide,Adelaide,Jake Soligo,13,2,3,1,0,0,4
2024,18,2024-07-07,Gabba,Brisbane Lions,Adelaide,Adelaide,Zac Taylor,2,1,4,0,1,0,0
2024,18,2024-07-07,Gabba,Brisbane Lions,Adelaide,Adelaide,Taylor Walker,10,8,3,2,1,0,1
2024,19,2024-07-12,M.C.G.,Collingwood,Geelong,Collingwood,Darcy Cameron,11,6,7,1,0,58,5
2024,19,2024-07-12,M.C.G.,Collingwood,Geelong,Collingwood,Jack Crisp,10,5,5,1,0,0,2
2024,19,2024-07-12,M.C.G.,Collingwood,Geelong,Collingwood,Josh Daicos,13,6,10,0,0,0,6
2024,19,2024-07-12,M.C.G.,Collingwood,Geelong,Collingwood,Nick Daicos,13,1,19,0,0,0,2
2024,19,2024-07-12,M.C.G.,Collingwood,Geelong,Collingwood,Jordan de Goey,15,4,9,1,1,0,3
2024,19,2024-07-12,M.C.G.,Collingwood,Geelong,Collingwood,Jamie Elliott,8,5,3,2,1,0,1
2024,19,2024-07-12,M.C.G.,Collingwood,Geelong,Collingwood,Billy Frampton,8,5,7,0,0,1,2
2024,19,2024-07-12,M.C.G.,Collingwood,Geelong,Collingwood,Harvey Harrison,6,2,4,0,0,0,1
2024,19,2024-07-12,M.C.G.,Collingwood,Geelong,Collingwood,Bobby Hill,8,4,2,0,1,0,0
2024,19,2024-07-12,M.C.G.,Collingwood,Geelong,Collingwood,Will Hoskin-Elliott,8,4,5,1,0,0,1
2024,19,2024-07-12,M.C.G.,Collingwood,Geelong,Collingwood,Nathan Kreuger,7,2,3,0,2,5,1
2024,19,2024-07-12,M.C.G.,Collingwood,Geelong,Collingwood,Patrick Lipinski,3,3,8,1,0,0,3
2024,19,2024-07-12,M.C.G.,Collingwood,Geelong,Collingwood,Ned Long,2,2,7,0,0,0,5
2024,19,2024-07-12,M.C.G.,Collingwood,Geelong,Collingwood,Oleg Markov,7,4,6,0,0,0,3
2024,19,2024-07-12,M.C.G.,Collingwood,Geelong,Collingwood,Brayden Maynard,7,3,1,0,0,0,3
2024,19,2024-07-12,M.C.G.,Collingwood,Geelong,Collingwood,Reef McInnes,1,1,0,0,0,0,0
2024,19,2024-07-12,M.C.G.,Collingwood,Geelong,Collingwood,Darcy Moore,4,3,4,0,0,0,3
2024,19,2024-07-12,M.C.G.,Collingwood,Geelong,Collingwood,John Noble,22,5,6,0,0,0,3
2024,19,2024-07-12,M.C.G.,Collingwood,Geelong,Collingwood,Scott Pendlebury,8,1,6,0,0,0,2
2024,19,2024-07-12,M.C.G.,Collingwood,Geelong,Collingwood,Isaac Quaynor,10,6,7,0,0,0,1
2024,19,2024-07-12,M.C.G.,Collingwood,Geelong,Collingwood,Joe Richards,6,0,3,2,1,0,5
2024,19,2024-07-12,M.C.G.,Collingwood,Geelong,Collingwood,Lachie Schultz,4,0,6,0,1,0,4
2024,19,2024-07-12,M.C.G.,Collingwood,Geelong,Collingwood,Steele Sidebottom,19,3,9,1,0,0,2
2024,19,2024-07-12,M.C.G.,Collingwood,Geelong,Geelong,Tom Atkins,5,2,12,0,0,0,4
2024,19,2024-07-12,M.C.G.,Collingwood,Geelong,Geelong,Mark Blicavs,6,4,6,0,1,12,4
2024,19,2024-07-12,M.C.G.,Collingwood,Geelong,Geelong,Jack Bowes,17,9,7,1,0,0,2
2024,19,2024-07-12,M.C.G.,Collingwood,Geelong,Geelong,Jeremy Cameron,8,4,1,3,3,0,4
2024,19,2024-07-12,M.C.G.,Collingwood,Geelong,Geelong,Jhye Clark,13,8,3,0,0,0,1
2024,19,2024-07-12,M.C.G.,Collingwood,Geelong,Geelong,Brad Close,13,6,3,1,2,0,1
2024,19,2024-07-12,M.C.G.,Collingwood,Geelong,Geelong,Patrick Dangerfield,16,3,6,0,2,0,2
2024,19,2024-07-12,M.C.G.,Collingwood,Geelong,Geelong,Sam De Koning,12,3,10,0,0,7,1
2024,19,2024-07-12,M.C.G.,Collingwood,Geelong,Geelong,Oliver Dempsey,8,10,9,1,0,0,4
2024,19,2024-07-12,M.C.G.,Collingwood,Geelong,Geelong,Mitch Duncan,13,9,4,0,0,0,3
2024,19,2024-07-12,M.C.G.,Collingwood,Geelong,Geelong,Zach Guthrie,14,8,4,0,0,0,1
2024,19,2024-07-12,M.C.G.,Collingwood,Geelong,Geelong,Jack Henry,15,10,1,0,0,0,2
2024,19,2024-07-12,M.C.G.,Collingwood,Geelong,Geelong,Oliver Henry,1,1,4,1,0,0,0
2024,19,2024-07-12,M.C.G.,Collingwood,Geelong,Geelong,Max Holmes,20,9,7,0,0,0,3
2024,19,2024-07-12,M.C.G.,Collingwood,Geelong,Geelong,Lawson Humphries,19,13,4,0,0,0,1
2024,19,2024-07-12,M.C.G.,Collingwood,Geelong,Geelong,Jake Kolodjashnij,12,10,3,0,0,0,2
2024,19,2024-07-12,M.C.G.,Collingwood,Geelong,Geelong,Shaun Mannagh,10,3,4,1,1,0,4
2024,19,2024-07-12,M.C.G.,Collingwood,Geelong,Geelong,Gryan Miers,15,7,12,1,1,0,4
2024,19,2024-07-12,M.C.G.,Collingwood,Geelong,Geelong,Shannon Neale,3,3,2,2,0,3,2
2024,19,2024-07-12,M.C.G.,Collingwood,Geelong,Geelong,Gary Rohan,7,1,3,0,0,0,1
2024,19,2024-07-12,M.C.G.,Collingwood,Geelong,Geelong,Tyson Stengle,13,5,3,2,1,0,3
2024,19,2024-07-12,M.C.G.,Collingwood,Geelong,Geelong,Tom Stewart,20,9,6,0,0,0,4
2024,19,2024-07-12,M.C.G.,Collingwood,Geelong,Geelong,Zach Tuohy,16,8,3,0,0,0,0
2024,19,2024-07-13,York Park,Hawthorn,Fremantle,Hawthorn,Karl Amon,15,5,6,0,0,0,1
2024,19,2024-07-13,York Park,Hawthorn,Fremantle,Hawthorn,Luke Breust,7,5,4,2,1,0,1
2024,19,2024-07-13,York Park,Hawthorn,Fremantle,Hawthorn,Mabior Chol,4,3,4,1,1,0,4
2024,19,2024-07-13,York Park,Hawthorn,Fremantle,Hawthorn,Massimo DAmbrosio,5,3,3,0,0,0,0
2024,19,2024-07-13,York Park,Hawthorn,Fremantle,Hawthorn,Will Day,10,3,14,0,0,0,4
2024,19,2024-07-13,York Park,Hawthorn,Fremantle,Hawthorn,Calsher Dear,4,3,3,2,0,0,2
2024,19,2024-07-13,York Park,Hawthorn,Fremantle,Hawthorn,Sam Frost,3,3,3,0,0,0,1
2024,19,2024-07-13,York Park,Hawthorn,Fremantle,Hawthorn,Blake Hardwick,11,4,3,0,1,0,2
2024,19,2024-07-13,York Park,Hawthorn,Fremantle,Hawthorn,Jarman Impey,12,5,5,0,0,0,1
2024,19,2024-07-13,York Park,Hawthorn,Fremantle,Hawthorn,Changkuoth Jiath,5,3,7,0,0,0,4
2024,19,2024-07-13,York Park,Hawthorn,Fremantle,Hawthorn,Connor Macdonald,9,4,7,1,0,0,2
2024,19,2024-07-13,York Park,Hawthorn,Fremantle,Hawthorn,Cam Mackenzie,4,2,5,0,0,0,1
2024,19,2024-07-13,York Park,Hawthorn,Fremantle,Hawthorn,Lloyd Meek,6,3,9,0,1,51,4
2024,19,2024-07-13,York Park,Hawthorn,Fremantle,Hawthorn,Dylan Moore,9,3,9,1,0,0,3
2024,19,2024-07-13,York Park,Hawthorn,Fremantle,Hawthorn,Harry Morrison,7,3,0,0,1,0,1
2024,19,2024-07-13,York Park,Hawthorn,Fremantle,Hawthorn,Conor Nash,6,3,15,0,0,0,2
2024,19,2024-07-13,York Park,Hawthorn,Fremantle,Hawthorn,Jai Newcombe,7,1,9,1,1,0,8
2024,19,2024-07-13,York Park,Hawthorn,Fremantle,Hawthorn,Jack Scrimshaw,13,6,1,0,0,0,1
2024,19,2024-07-13,York Park,Hawthorn,Fremantle,Hawthorn,James Sicily,11,5,2,3,0,0,2
2024,19,2024-07-13,York Park,Hawthorn,Fremantle,Hawthorn,Josh Ward,7,3,3,0,0,0,1
2024,19,2024-07-13,York Park,Hawthorn,Fremantle,Hawthorn,Nick Watson,8,3,4,1,1,0,2
2024,19,2024-07-13,York Park,Hawthorn,Fremantle,Hawthorn,Josh Weddle,4,5,6,1,0,1,1
2024,19,2024-07-13,York Park,Hawthorn,Fremantle,Hawthorn,James Worpel,14,2,10,0,1,0,3
2024,19,2024-07-13,York Park,Hawthorn,Fremantle,Fremantle,James Aish,11,6,7,0,0,0,0
2024,19,2024-07-13,York Park,Hawthorn,Fremantle,Fremantle,Jye Amiss,8,4,3,1,3,0,2
2024,19,2024-07-13,York Park,Hawthorn,Fremantle,Fremantle,Bailey Banfield,9,5,2,2,1,0,1
2024,19,2024-07-13,York Park,Hawthorn,Fremantle,Fremantle,Andrew Brayshaw,8,3,15,1,0,0,6
2024,19,2024-07-13,York Park,Hawthorn,Fremantle,Fremantle,Heath Chapman,13,9,6,0,0,0,0
2024,19,2024-07-13,York Park,Hawthorn,Fremantle,Fremantle,Jordan Clark,17,9,3,0,0,0,5
2024,19,2024-07-13,York Park,Hawthorn,Fremantle,Fremantle,Brennan Cox,10,8,3,0,0,0,3
2024,19,2024-07-13,York Park,Hawthorn,Fremantle,Fremantle,Josh Draper,9,9,3,0,0,0,0
2024,19,2024-07-13,York Park,Hawthorn,Fremantle,Fremantle,Michael Frederick,5,2,5,0,1,0,1
2024,19,2024-07-13,York Park,Hawthorn,Fremantle,Fremantle,Nat Fyfe,6,4,13,0,0,0,2
2024,19,2024-07-13,York Park,Hawthorn,Fremantle,Fremantle,Luke Jackson,6,2,14,1,2,31,6
2024,19,2024-07-13,York Park,Hawthorn,Fremantle,Fremantle,Matthew Johnson,7,4,5,0,0,0,5
2024,19,2024-07-13,York Park,Hawthorn,Fremantle,Fremantle,Jaeger OMeara,10,6,9,0,0,0,3
2024,19,2024-07-13,York Park,Hawthorn,Fremantle,Fremantle,Luke Ryan,15,7,0,0,0,0,1
2024,19,2024-07-13,York Park,Hawthorn,Fremantle,Fremantle,Caleb Serong,10,0,12,1,1,0,6
2024,19,2024-07-13,York Park,Hawthorn,Fremantle,Fremantle,Jeremy Sharp,14,9,4,1,0,0,1
2024,19,2024-07-13,York Park,Hawthorn,Fremantle,Fremantle,Sam Sturt,1,1,1,0,0,0,4
2024,19,2024-07-13,York Park,Hawthorn,Fremantle,Fremantle,Sam Switkowski,7,1,4,1,0,0,6
2024,19,2024-07-13,York Park,Hawthorn,Fremantle,Fremantle,Josh Treacy,5,5,5,1,1,4,3
2024,19,2024-07-13,York Park,Hawthorn,Fremantle,Fremantle,Patrick Voss,4,5,4,1,3,0,0
2024,19,2024-07-13,York Park,Hawthorn,Fremantle,Fremantle,Corey Wagner,12,7,5,0,0,0,3
2024,19,2024-07-13,York Park,Hawthorn,Fremantle,Fremantle,Michael Walters,0,0,2,0,0,0,1
2024,19,2024-07-13,York Park,Hawthorn,Fremantle,Fremantle,Hayden Young,11,1,9,0,0,0,8
2024,19,2024-07-13,S.C.G.,Sydney,North Melbourne,Sydney,Taylor Adams,4,1,9,1,1,0,1
2024,19,2024-07-13,S.C.G.,Sydney,North Melbourne,Sydney,Joel Amartey,8,5,2,2,2,1,2
2024,19,2024-07-13,S.C.G.,Sydney,North Melbourne,Sydney,Nick Blakey,12,7,5,0,1,0,2
2024,19,2024-07-13,S.C.G.,Sydney,North Melbourne,Sydney,Braeden Campbell,9,4,4,0,0,0,3
2024,19,2024-07-13,S.C.G.,Sydney,North Melbourne,Sydney,Oliver Florent,8,5,11,0,0,0,3
2024,19,2024-07-13,S.C.G.,Sydney,North Melbourne,Sydney,Robbie Fox,9,5,9,0,0,0,0
2024,19,2024-07-13,S.C.G.,Sydney,North Melbourne,Sydney,Brodie Grundy,8,4,12,1,0,35,6
2024,19,2024-07-13,S.C.G.,Sydney,North Melbourne,Sydney,Errol Gulden,30,8,11,0,2,0,3
2024,19,2024-07-13,S.C.G.,Sydney,North Melbourne,Sydney,Will Hayward,4,3,4,0,0,0,3
2024,19,2024-07-13,S.C.G.,Sydney,North Melbourne,Sydney,James Jordon,7,5,11,1,0,0,2
2024,19,2024-07-13,S.C.G.,Sydney,North Melbourne,Sydney,Jake Lloyd,9,6,15,0,0,0,3
2024,19,2024-07-13,S.C.G.,Sydney,North Melbourne,Sydney,Tom McCartin,8,5,5,0,0,0,0
2024,19,2024-07-13,S.C.G.,Sydney,North Melbourne,Sydney,Logan McDonald,12,7,4,4,2,1,1
2024,19,2024-07-13,S.C.G.,Sydney,North Melbourne,Sydney,Justin McInerney,8,4,5,0,0,0,2
2024,19,2024-07-13,S.C.G.,Sydney,North Melbourne,Sydney,Hayden McLean,11,8,5,2,3,8,1
2024,19,2024-07-13,S.C.G.,Sydney,North Melbourne,Sydney,Lewis Melican,3,3,2,0,0,0,3
2024,19,2024-07-13,S.C.G.,Sydney,North Melbourne,Sydney,Callum Mills,8,1,4,1,0,0,1
2024,19,2024-07-13,S.C.G.,Sydney,North Melbourne,Sydney,Tom Papley,15,5,4,4,2,0,2
2024,19,2024-07-13,S.C.G.,Sydney,North Melbourne,Sydney,Luke Parker,7,3,6,2,0,0,6
2024,19,2024-07-13,S.C.G.,Sydney,North Melbourne,Sydney,Dane Rampe,5,3,3,0,0,0,3
2024,19,2024-07-13,S.C.G.,Sydney,North Melbourne,Sydney,Matt Roberts,14,9,8,0,0,0,1
2024,19,2024-07-13,S.C.G.,Sydney,North Melbourne,Sydney,James Rowbottom,13,2,9,0,0,0,1
2024,19,2024-07-13,S.C.G.,Sydney,North Melbourne,Sydney,Chad Warner,19,6,12,2,3,0,2
2024,19,2024-07-13,S.C.G.,Sydney,North Melbourne,North Melbourne,Jackson Archer,1,0,3,0,0,0,1
2024,19,2024-07-13,S.C.G.,Sydney,North Melbourne,North Melbourne,Charlie Comben,10,9,5,0,0,0,0
2024,19,2024-07-13,S.C.G.,Sydney,North Melbourne,North Melbourne,Aidan Corr,11,5,4,0,0,0,0
2024,19,2024-07-13,S.C.G.,Sydney,North Melbourne,North Melbourne,Paul Curtis,6,2,9,0,1,0,4
2024,19,2024-07-13,S.C.G.,Sydney,North Melbourne,North Melbourne,Luke Davies-Uniacke,13,5,11,0,0,0,7
2024,19,2024-07-13,S.C.G.,Sydney,North Melbourne,North Melbourne,Kallan Dawson,4,1,3,0,0,0,0
2024,19,2024-07-13,S.C.G.,Sydney,North Melbourne,North Melbourne,Eddie Ford,5,2,7,1,0,0,3
2024,19,2024-07-13,S.C.G.,Sydney,North Melbourne,North Melbourne,Nick Larkey,6,5,3,3,2,0,0
2024,19,2024-07-13,S.C.G.,Sydney,North Melbourne,North Melbourne,Luke McDonald,7,4,8,0,0,0,1
2024,19,2024-07-13,S.C.G.,Sydney,North Melbourne,North Melbourne,Colby McKercher,18,7,7,0,0,0,0
2024,19,2024-07-13,S.C.G.,Sydney,North Melbourne,North Melbourne,Toby Pink,3,1,4,2,0,0,1
2024,19,2024-07-13,S.C.G.,Sydney,North Melbourne,North Melbourne,Tom Powell,9,5,6,0,0,0,3
2024,19,2024-07-13,S.C.G.,Sydney,North Melbourne,North Melbourne,Bailey Scott,7,1,10,0,0,0,3
2024,19,2024-07-13,S.C.G.,Sydney,North Melbourne,North Melbourne,Harry Sheezel,11,4,18,0,0,0,0
2024,19,2024-07-13,S.C.G.,Sydney,North Melbourne,North Melbourne,Liam Shiels,1,1,4,0,0,0,1
2024,19,2024-07-13,S.C.G.,Sydney,North Melbourne,North Melbourne,Jy Simpkin,17,5,9,1,0,0,1
2024,19,2024-07-13,S.C.G.,Sydney,North Melbourne,North Melbourne,Dylan Stephens,13,4,7,0,0,0,2
2024,19,2024-07-13,S.C.G.,Sydney,North Melbourne,North Melbourne,Curtis Taylor,2,2,2,0,0,0,0
2024,19,2024-07-13,S.C.G.,Sydney,North Melbourne,North Melbourne,Brynn Teakle,5,3,1,0,0,6,1
2024,19,2024-07-13,S.C.G.,Sydney,North Melbourne,North Melbourne,Darcy Tucker,10,5,4,0,0,0,6
2024,19,2024-07-13,S.C.G.,Sydney,North Melbourne,North Melbourne,George Wardlaw,11,1,5,0,0,0,4
2024,19,2024-07-13,S.C.G.,Sydney,North Melbourne,North Melbourne,Tristan Xerri,8,3,10,0,0,20,5
2024,19,2024-07-13,S.C.G.,Sydney,North Melbourne,North Melbourne,Cameron Zurhaar,14,7,7,2,1,0,2
2024,19,2024-07-13,Docklands,Western Bulldogs,Carlton,Western Bulldogs,Marcus Bontempelli,11,2,9,1,1,0,9
2024,19,2024-07-13,Docklands,Western Bulldogs,Carlton,Western Bulldogs,Lachlan Bramble,12,3,3,0,0,0,1
2024,19,2024-07-13,Docklands,Western Bulldogs,Carlton,Western Bulldogs,Nick Coffield,12,7,3,0,0,0,1
2024,19,2024-07-13,Docklands,Western Bulldogs,Carlton,Western Bulldogs,Bailey Dale,21,4,10,1,1,0,1
2024,19,2024-07-13,Docklands,Western Bulldogs,Carlton,Western Bulldogs,Sam Darcy,10,5,6,1,2,5,4
2024,19,2024-07-13,Docklands,Western Bulldogs,Carlton,Western Bulldogs,Taylor Duryea,12,7,6,0,1,0,1
2024,19,2024-07-13,Docklands,Western Bulldogs,Carlton,Western Bulldogs,Tim English,6,6,13,0,0,32,5
2024,19,2024-07-13,Docklands,Western Bulldogs,Carlton,Western Bulldogs,Joel Freijah,6,3,6,0,0,0,1
2024,19,2024-07-13,Docklands,Western Bulldogs,Carlton,Western Bulldogs,Harvey Gallagher,2,0,3,0,1,0,4
2024,19,2024-07-13,Docklands,Western Bulldogs,Carlton,Western Bulldogs,Riley Garcia,0,0,0,0,0,0,0
2024,19,2024-07-13,Docklands,Western Bulldogs,Carlton,Western Bulldogs,Buku Khamis,6,7,5,0,0,0,1
2024,19,2024-07-13,Docklands,Western Bulldogs,Carlton,Western Bulldogs,Tom Liberatore,9,2,11,0,0,0,4
2024,19,2024-07-13,Docklands,Western Bulldogs,Carlton,Western Bulldogs,Rory Lobb,9,7,1,0,0,0,1
2024,19,2024-07-13,Docklands,Western Bulldogs,Carlton,Western Bulldogs,Jack Macrae,9,3,12,0,0,0,3
2024,19,2024-07-13,Docklands,Western Bulldogs,Carlton,Western Bulldogs,Lachlan McNeil,10,3,2,0,1,0,4
2024,19,2024-07-13,Docklands,Western Bulldogs,Carlton,Western Bulldogs,Caleb Poulter,12,6,5,1,1,0,2
2024,19,2024-07-13,Docklands,Western Bulldogs,Carlton,Western Bulldogs,Ed Richards,7,3,10,0,0,0,8
2024,19,2024-07-13,Docklands,Western Bulldogs,Carlton,Western Bulldogs,Ryley Sanders,6,3,7,0,0,0,5
2024,19,2024-07-13,Docklands,Western Bulldogs,Carlton,Western Bulldogs,Jamarra Ugle-Hagan,13,6,7,4,3,0,0
2024,19,2024-07-13,Docklands,Western Bulldogs,Carlton,Western Bulldogs,Laitham Vandermeer,3,0,7,0,0,0,2
2024,19,2024-07-13,Docklands,Western Bulldogs,Carlton,Western Bulldogs,Cody Weightman,7,2,5,1,1,0,3
2024,19,2024-07-13,Docklands,Western Bulldogs,Carlton,Western Bulldogs,Rhylee West,6,2,5,4,1,0,4
2024,19,2024-07-13,Docklands,Western Bulldogs,Carlton,Western Bulldogs,Bailey Williams,6,3,5,1,0,0,0
2024,19,2024-07-13,Docklands,Western Bulldogs,Carlton,Carlton,Blake Acres,15,5,12,0,0,0,3
2024,19,2024-07-13,Docklands,Western Bulldogs,Carlton,Carlton,Jordan Boyd,11,5,4,0,0,0,2
2024,19,2024-07-13,Docklands,Western Bulldogs,Carlton,Carlton,Adam Cerra,9,2,10,0,0,0,7
2024,19,2024-07-13,Docklands,Western Bulldogs,Carlton,Carlton,Alex Cincotta,7,1,7,1,0,0,5
2024,19,2024-07-13,Docklands,Western Bulldogs,Carlton,Carlton,Matthew Cottrell,3,1,3,0,0,0,3
2024,19,2024-07-13,Docklands,Western Bulldogs,Carlton,Carlton,Lachlan Cowan,5,4,5,0,0,0,5
2024,19,2024-07-13,Docklands,Western Bulldogs,Carlton,Carlton,Patrick Cripps,15,5,13,2,1,0,8
2024,19,2024-07-13,Docklands,Western Bulldogs,Carlton,Carlton,Charlie Curnow,11,10,4,3,7,0,0
2024,19,2024-07-13,Docklands,Western Bulldogs,Carlton,Carlton,Tom De Koning,8,5,11,0,0,13,4
2024,19,2024-07-13,Docklands,Western Bulldogs,Carlton,Carlton,Lachie Fogarty,9,2,4,0,1,0,3
2024,19,2024-07-13,Docklands,Western Bulldogs,Carlton,Carlton,Elijah Hollands,12,4,7,1,1,0,4
2024,19,2024-07-13,Docklands,Western Bulldogs,Carlton,Carlton,Oliver Hollands,8,2,8,0,0,0,5
2024,19,2024-07-13,Docklands,Western Bulldogs,Carlton,Carlton,Brodie Kemp,12,11,6,0,0,0,1
2024,19,2024-07-13,Docklands,Western Bulldogs,Carlton,Carlton,Matthew Kennedy,5,2,3,0,0,0,1
2024,19,2024-07-13,Docklands,Western Bulldogs,Carlton,Carlton,Caleb Marchbank,5,2,4,0,0,0,0
2024,19,2024-07-13,Docklands,Western Bulldogs,Carlton,Carlton,Harry McKay,13,9,1,3,2,0,1
2024,19,2024-07-13,Docklands,Western Bulldogs,Carlton,Carlton,Nic Newman,13,10,8,0,0,0,5
2024,19,2024-07-13,Docklands,Western Bulldogs,Carlton,Carlton,Matthew Owies,4,2,3,2,1,0,2
2024,19,2024-07-13,Docklands,Western Bulldogs,Carlton,Carlton,Marc Pittonet,5,0,4,0,0,36,2
2024,19,2024-07-13,Docklands,Western Bulldogs,Carlton,Carlton,Adam Saad,19,3,5,0,0,0,2
2024,19,2024-07-13,Docklands,Western Bulldogs,Carlton,Carlton,Sam Walsh,11,1,16,0,1,0,6
2024,19,2024-07-13,Docklands,Western Bulldogs,Carlton,Carlton,Jacob Weitering,17,11,4,0,0,0,1
2024,19,2024-07-13,Docklands,Western Bulldogs,Carlton,Carlton,Zac Williams,1,1,1,0,0,0,0
2024,19,2024-07-13,Adelaide Oval,Adelaide,St Kilda,Adelaide,Sam Berry,6,0,9,0,1,0,12
2024,19,2024-07-13,Adelaide Oval,Adelaide,St Kilda,Adelaide,Hugh Bond,3,1,3,0,0,0,4
2024,19,2024-07-13,Adelaide Oval,Adelaide,St Kilda,Adelaide,Jordon Butts,7,2,3,0,0,0,3
2024,19,2024-07-13,Adelaide Oval,Adelaide,St Kilda,Adelaide,Brayden Cook,6,2,6,0,0,0,2
2024,19,2024-07-13,Adelaide Oval,Adelaide,St Kilda,Adelaide,Jordan Dawson,23,2,3,0,0,0,9
2024,19,2024-07-13,Adelaide Oval,Adelaide,St Kilda,Adelaide,Billy Dowling,13,1,7,1,0,0,5
2024,19,2024-07-13,Adelaide Oval,Adelaide,St Kilda,Adelaide,Darcy Fogarty,4,3,5,1,1,0,0
2024,19,2024-07-13,Adelaide Oval,Adelaide,St Kilda,Adelaide,Elliott Himmelberg,4,1,1,1,0,5,1
2024,19,2024-07-13,Adelaide Oval,Adelaide,St Kilda,Adelaide,Mark Keane,10,0,4,0,0,0,2
2024,19,2024-07-13,Adelaide Oval,Adelaide,St Kilda,Adelaide,Ben Keays,13,2,11,1,3,0,8
2024,19,2024-07-13,Adelaide Oval,Adelaide,St Kilda,Adelaide,Rory Laird,21,2,10,0,0,0,13
2024,19,2024-07-13,Adelaide Oval,Adelaide,St Kilda,Adelaide,Max Michalanney,5,0,5,0,0,0,2
2024,19,2024-07-13,Adelaide Oval,Adelaide,St Kilda,Adelaide,Lachlan Murphy,4,0,6,1,0,0,8
2024,19,2024-07-13,Adelaide Oval,Adelaide,St Kilda,Adelaide,Nick Murray,8,4,3,0,0,0,2
2024,19,2024-07-13,Adelaide Oval,Adelaide,St Kilda,Adelaide,Luke Nankervis,9,0,11,0,0,0,4
2024,19,2024-07-13,Adelaide Oval,Adelaide,St Kilda,Adelaide,Reilly OBrien,10,1,3,0,0,51,7
2024,19,2024-07-13,Adelaide Oval,Adelaide,St Kilda,Adelaide,Josh Rachele,5,1,8,1,0,0,4
2024,19,2024-07-13,Adelaide Oval,Adelaide,St Kilda,Adelaide,Lachlan Sholl,14,3,3,2,0,0,5
2024,19,2024-07-13,Adelaide Oval,Adelaide,St Kilda,Adelaide,Brodie Smith,9,1,4,0,0,0,4
2024,19,2024-07-13,Adelaide Oval,Adelaide,St Kilda,Adelaide,Jake Soligo,13,2,12,0,2,0,5
2024,19,2024-07-13,Adelaide Oval,Adelaide,St Kilda,Adelaide,Zac Taylor,11,2,7,0,2,0,8
2024,19,2024-07-13,Adelaide Oval,Adelaide,St Kilda,Adelaide,Riley Thilthorpe,5,2,2,2,0,4,0
2024,19,2024-07-13,Adelaide Oval,Adelaide,St Kilda,Adelaide,Taylor Walker,8,1,2,0,1,2,1
2024,19,2024-07-13,Adelaide Oval,Adelaide,St Kilda,St Kilda,Josh Battle,10,5,11,0,0,0,1
2024,19,2024-07-13,Adelaide Oval,Adelaide,St Kilda,St Kilda,Riley Bonner,10,1,5,0,0,0,2
2024,19,2024-07-13,Adelaide Oval,Adelaide,St Kilda,St Kilda,Dan Butler,5,0,4,0,0,0,10
2024,19,2024-07-13,Adelaide Oval,Adelaide,St Kilda,St Kilda,Ryan Byrnes,12,5,5,0,0,0,4
2024,19,2024-07-13,Adelaide Oval,Adelaide,St Kilda,St Kilda,Hunter Clark,14,2,7,0,0,0,5
2024,19,2024-07-13,Adelaide Oval,Adelaide,St Kilda,St Kilda,Liam Henry,8,0,5,0,0,0,4
2024,19,2024-07-13,Adelaide Oval,Adelaide,St Kilda,St Kilda,Jack Higgins,4,1,3,0,1,0,4
2024,19,2024-07-13,Adelaide Oval,Adelaide,St Kilda,St Kilda,Dougal Howard,9,6,4,0,0,0,1
2024,19,2024-07-13,Adelaide Oval,Adelaide,St Kilda,St Kilda,Zak Jones,14,1,6,0,0,0,3
2024,19,2024-07-13,Adelaide Oval,Adelaide,St Kilda,St Kilda,Rowan Marshall,19,1,1,0,2,48,9
2024,19,2024-07-13,Adelaide Oval,Adelaide,St Kilda,St Kilda,Tim Membrey,3,0,1,0,0,0,2
2024,19,2024-07-13,Adelaide Oval,Adelaide,St Kilda,St Kilda,Mitch Owens,4,0,0,0,1,2,6
2024,19,2024-07-13,Adelaide Oval,Adelaide,St Kilda,St Kilda,Ben Paton,4,1,3,0,0,0,1
2024,19,2024-07-13,Adelaide Oval,Adelaide,St Kilda,St Kilda,Mattaes Phillipou,12,1,8,1,1,0,9
2024,19,2024-07-13,Adelaide Oval,Adelaide,St Kilda,St Kilda,Arie Schoenmaker,11,5,1,0,0,0,3
2024,19,2024-07-13,Adelaide Oval,Adelaide,St Kilda,St Kilda,Cooper Sharman,9,3,3,2,0,0,5
2024,19,2024-07-13,Adelaide Oval,Adelaide,St Kilda,St Kilda,Jack Sinclair,14,3,6,0,0,0,3
2024,19,2024-07-13,Adelaide Oval,Adelaide,St Kilda,St Kilda,Jack Steele,13,5,6,0,0,0,10
2024,19,2024-07-13,Adelaide Oval,Adelaide,St Kilda,St Kilda,Nasiah Wanganeen-Milera,23,7,5,0,0,0,2
2024,19,2024-07-13,Adelaide Oval,Adelaide,St Kilda,St Kilda,Jimmy Webster,5,3,2,0,0,0,3
2024,19,2024-07-13,Adelaide Oval,Adelaide,St Kilda,St Kilda,Callum Wilkie,10,3,4,0,0,0,3
2024,19,2024-07-13,Adelaide Oval,Adelaide,St Kilda,St Kilda,Darcy Wilson,3,1,8,0,0,0,2
2024,19,2024-07-13,Adelaide Oval,Adelaide,St Kilda,St Kilda,Mason Wood,8,3,7,2,0,0,7
2024,19,2024-07-13,M.C.G.,Melbourne,Essendon,Melbourne,Jake Bowey,9,5,4,0,0,0,1
2024,19,2024-07-13,M.C.G.,Melbourne,Essendon,Melbourne,Kade Chandler,3,1,8,1,0,0,2
2024,19,2024-07-13,M.C.G.,Melbourne,Essendon,Melbourne,Bayley Fritsch,7,3,2,3,0,0,1
2024,19,2024-07-13,M.C.G.,Melbourne,Essendon,Melbourne,Ed Langdon,15,8,16,1,0,0,0
2024,19,2024-07-13,M.C.G.,Melbourne,Essendon,Melbourne,Jake Lever,12,7,4,0,0,0,1
2024,19,2024-07-13,M.C.G.,Melbourne,Essendon,Melbourne,Steven May,19,6,5,0,0,0,2
2024,19,2024-07-13,M.C.G.,Melbourne,Essendon,Melbourne,Tom McDonald,12,3,3,0,0,0,1
2024,19,2024-07-13,M.C.G.,Melbourne,Essendon,Melbourne,Judd McVee,15,5,8,0,0,0,1
2024,19,2024-07-13,M.C.G.,Melbourne,Essendon,Melbourne,Jake Melksham,7,4,5,2,1,0,3
2024,19,2024-07-13,M.C.G.,Melbourne,Essendon,Melbourne,Andy Moniz-Wakefield,6,3,4,0,0,0,5
2024,19,2024-07-13,M.C.G.,Melbourne,Essendon,Melbourne,Alex Neal-Bullen,14,2,11,0,0,0,2
2024,19,2024-07-13,M.C.G.,Melbourne,Essendon,Melbourne,Clayton Oliver,15,8,10,0,1,0,3
2024,19,2024-07-13,M.C.G.,Melbourne,Essendon,Melbourne,Harry Petty,3,2,3,0,0,10,5
2024,19,2024-07-13,M.C.G.,Melbourne,Essendon,Melbourne,Kysaiah Pickett,13,1,2,2,0,0,3
2024,19,2024-07-13,M.C.G.,Melbourne,Essendon,Melbourne,Trent Rivers,15,8,14,0,1,0,7
2024,19,2024-07-13,M.C.G.,Melbourne,Essendon,Melbourne,Christian Salem,12,4,3,0,0,0,2
2024,19,2024-07-13,M.C.G.,Melbourne,Essendon,Melbourne,Tom Sparrow,10,4,2,0,1,0,2
2024,19,2024-07-13,M.C.G.,Melbourne,Essendon,Melbourne,Koltyn Tholstrup,9,0,5,0,0,0,7
2024,19,2024-07-13,M.C.G.,Melbourne,Essendon,Melbourne,Daniel Turner,5,4,3,3,0,0,3
2024,19,2024-07-13,M.C.G.,Melbourne,Essendon,Melbourne,Jacob van Rooyen,7,3,6,0,0,17,1
2024,19,2024-07-13,M.C.G.,Melbourne,Essendon,Melbourne,Jack Viney,11,0,9,0,0,0,3
2024,19,2024-07-13,M.C.G.,Melbourne,Essendon,Melbourne,Caleb Windsor,15,1,3,1,0,0,1
2024,19,2024-07-13,M.C.G.,Melbourne,Essendon,Melbourne,Taj Woewodin,1,1,1,0,0,0,0
2024,19,2024-07-13,M.C.G.,Melbourne,Essendon,Essendon,Nate Caddy,9,5,1,0,1,0,1
2024,19,2024-07-13,M.C.G.,Melbourne,Essendon,Essendon,Jye Caldwell,13,3,10,0,0,0,12
2024,19,2024-07-13,M.C.G.,Melbourne,Essendon,Essendon,Nik Cox,5,2,7,0,1,3,4
2024,19,2024-07-13,M.C.G.,Melbourne,Essendon,Essendon,Sam Draper,13,4,7,0,0,33,1
2024,19,2024-07-13,M.C.G.,Melbourne,Essendon,Essendon,Sam Durham,13,4,8,1,0,0,4
2024,19,2024-07-13,M.C.G.,Melbourne,Essendon,Essendon,Xavier Duursma,10,9,8,2,0,0,3
2024,19,2024-07-13,M.C.G.,Melbourne,Essendon,Essendon,Jade Gresham,5,1,10,0,0,0,5
2024,19,2024-07-13,M.C.G.,Melbourne,Essendon,Essendon,Matt Guelfi,6,1,5,0,0,0,3
2024,19,2024-07-13,M.C.G.,Melbourne,Essendon,Essendon,Dyson Heppell,7,3,13,0,0,0,1
2024,19,2024-07-13,M.C.G.,Melbourne,Essendon,Essendon,Nick Hind,6,1,2,0,0,0,1
2024,19,2024-07-13,M.C.G.,Melbourne,Essendon,Essendon,Harry Jones,7,3,8,1,2,0,2
2024,19,2024-07-13,M.C.G.,Melbourne,Essendon,Essendon,Jake Kelly,14,10,4,0,0,0,0
2024,19,2024-07-13,M.C.G.,Melbourne,Essendon,Essendon,Kyle Langford,9,5,6,2,0,0,2
2024,19,2024-07-13,M.C.G.,Melbourne,Essendon,Essendon,Nic Martin,21,9,5,4,0,0,4
2024,19,2024-07-13,M.C.G.,Melbourne,Essendon,Essendon,Andrew McGrath,9,3,9,0,0,0,2
2024,19,2024-07-13,M.C.G.,Melbourne,Essendon,Essendon,Ben McKay,12,7,9,0,0,0,2
2024,19,2024-07-13,M.C.G.,Melbourne,Essendon,Essendon,Zach Merrett,14,3,11,0,1,0,4
2024,19,2024-07-13,M.C.G.,Melbourne,Essendon,Essendon,Archie Perkins,7,2,3,0,1,0,6
2024,19,2024-07-13,M.C.G.,Melbourne,Essendon,Essendon,Mason Redman,18,7,2,0,0,0,4
2024,19,2024-07-13,M.C.G.,Melbourne,Essendon,Essendon,Jordan Ridley,23,10,6,0,0,0,0
2024,19,2024-07-13,M.C.G.,Melbourne,Essendon,Essendon,Dylan Shiel,16,3,12,0,0,0,6
2024,19,2024-07-13,M.C.G.,Melbourne,Essendon,Essendon,Jake Stringer,12,6,8,0,1,0,3
2024,19,2024-07-13,M.C.G.,Melbourne,Essendon,Essendon,Peter Wright,1,0,7,0,0,7,0
2024,19,2024-07-14,Carrara,Gold Coast,Port Adelaide,Gold Coast,Ben Ainsworth,10,7,6,1,0,0,1
2024,19,2024-07-14,Carrara,Gold Coast,Port Adelaide,Gold Coast,Noah Anderson,16,3,13,1,1,0,5
2024,19,2024-07-14,Carrara,Gold Coast,Port Adelaide,Gold Coast,Mac Andrew,7,4,3,0,0,0,3
2024,19,2024-07-14,Carrara,Gold Coast,Port Adelaide,Gold Coast,Charlie Ballard,7,3,2,0,0,0,1
2024,19,2024-07-14,Carrara,Gold Coast,Port Adelaide,Gold Coast,Connor Budarick,6,3,4,0,0,0,2
2024,19,2024-07-14,Carrara,Gold Coast,Port Adelaide,Gold Coast,Sam Clohesy,8,4,2,0,0,0,2
2024,19,2024-07-14,Carrara,Gold Coast,Port Adelaide,Gold Coast,Sam Collins,7,9,8,0,0,0,2
2024,19,2024-07-14,Carrara,Gold Coast,Port Adelaide,Gold Coast,Alex Davies,10,1,10,0,0,0,12
2024,19,2024-07-14,Carrara,Gold Coast,Port Adelaide,Gold Coast,Sam Flanders,14,3,16,1,0,0,1
2024,19,2024-07-14,Carrara,Gold Coast,Port Adelaide,Gold Coast,Will Graham,0,0,1,0,0,0,0
2024,19,2024-07-14,Carrara,Gold Coast,Port Adelaide,Gold Coast,Nick Holman,9,3,7,0,1,0,6
2024,19,2024-07-14,Carrara,Gold Coast,Port Adelaide,Gold Coast,Bailey Humphrey,7,5,5,2,1,0,2
2024,19,2024-07-14,Carrara,Gold Coast,Port Adelaide,Gold Coast,Joel Jeffrey,16,5,4,0,0,0,1
2024,19,2024-07-14,Carrara,Gold Coast,Port Adelaide,Gold Coast,Lloyd Johnston,7,2,3,1,0,0,2
2024,19,2024-07-14,Carrara,Gold Coast,Port Adelaide,Gold Coast,Ben King,9,8,1,2,2,0,2
2024,19,2024-07-14,Carrara,Gold Coast,Port Adelaide,Gold Coast,Ben Long,7,6,3,1,2,0,2
2024,19,2024-07-14,Carrara,Gold Coast,Port Adelaide,Gold Coast,Jack Lukosius,4,5,6,2,0,0,2
2024,19,2024-07-14,Carrara,Gold Coast,Port Adelaide,Gold Coast,Ned Moyle,9,3,5,0,0,30,2
2024,19,2024-07-14,Carrara,Gold Coast,Port Adelaide,Gold Coast,Wil Powell,18,9,3,1,0,0,1
2024,19,2024-07-14,Carrara,Gold Coast,Port Adelaide,Gold Coast,Malcolm Rosas,8,1,3,2,2,0,3
2024,19,2024-07-14,Carrara,Gold Coast,Port Adelaide,Gold Coast,Matt Rowell,4,0,12,0,0,0,9
2024,19,2024-07-14,Carrara,Gold Coast,Port Adelaide,Gold Coast,Bodhi Uwland,10,4,6,0,1,0,3
2024,19,2024-07-14,Carrara,Gold Coast,Port Adelaide,Gold Coast,Jed Walter,1,0,0,0,1,0,2
2024,19,2024-07-14,Carrara,Gold Coast,Port Adelaide,Port Adelaide,Aliir Aliir,17,14,5,0,0,0,1
2024,19,2024-07-14,Carrara,Gold Coast,Port Adelaide,Port Adelaide,Miles Bergman,12,9,6,0,0,0,6
2024,19,2024-07-14,Carrara,Gold Coast,Port Adelaide,Port Adelaide,Travis Boak,10,9,15,1,2,0,4
2024,19,2024-07-14,Carrara,Gold Coast,Port Adelaide,Port Adelaide,Jase Burgoyne,10,8,7,0,0,0,3
2024,19,2024-07-14,Carrara,Gold Coast,Port Adelaide,Port Adelaide,Zak Butters,21,12,14,1,0,0,1
2024,19,2024-07-14,Carrara,Gold Coast,Port Adelaide,Port Adelaide,Darcy Byrne-Jones,3,2,7,0,1,0,3
2024,19,2024-07-14,Carrara,Gold Coast,Port Adelaide,Port Adelaide,Charlie Dixon,4,3,5,1,1,3,4
2024,19,2024-07-14,Carrara,Gold Coast,Port Adelaide,Port Adelaide,Willem Drew,14,6,6,0,0,0,7
2024,19,2024-07-14,Carrara,Gold Coast,Port Adelaide,Port Adelaide,Francis Evans,14,8,4,1,2,0,3
2024,19,2024-07-14,Carrara,Gold Coast,Port Adelaide,Port Adelaide,Logan Evans,11,9,6,0,0,0,2
2024,19,2024-07-14,Carrara,Gold Coast,Port Adelaide,Port Adelaide,Kane Farrell,23,8,4,0,0,0,1
2024,19,2024-07-14,Carrara,Gold Coast,Port Adelaide,Port Adelaide,Jeremy Finlayson,8,2,4,0,1,1,0
2024,19,2024-07-14,Carrara,Gold Coast,Port Adelaide,Port Adelaide,Jason Horne-Francis,5,2,4,2,0,0,5
2024,19,2024-07-14,Carrara,Gold Coast,Port Adelaide,Port Adelaide,Dan Houston,22,9,12,0,0,0,1
2024,19,2024-07-14,Carrara,Gold Coast,Port Adelaide,Port Adelaide,Lachie Jones,2,1,2,0,0,0,1
2024,19,2024-07-14,Carrara,Gold Coast,Port Adelaide,Port Adelaide,Ollie Lord,4,2,2,1,0,0,0
2024,19,2024-07-14,Carrara,Gold Coast,Port Adelaide,Port Adelaide,Todd Marshall,0,0,0,0,0,0,1
2024,19,2024-07-14,Carrara,Gold Coast,Port Adelaide,Port Adelaide,Jackson Mead,10,5,4,2,0,0,2
2024,19,2024-07-14,Carrara,Gold Coast,Port Adelaide,Port Adelaide,Quinton Narkle,12,8,5,1,1,0,1
2024,19,2024-07-14,Carrara,Gold Coast,Port Adelaide,Port Adelaide,Connor Rozee,16,4,13,0,0,0,5
2024,19,2024-07-14,Carrara,Gold Coast,Port Adelaide,Port Adelaide,Jordon Sweet,3,1,7,1,0,34,6
2024,19,2024-07-14,Carrara,Gold Coast,Port Adelaide,Port Adelaide,Ollie Wines,7,6,14,1,0,0,3
2024,19,2024-07-14,Carrara,Gold Coast,Port Adelaide,Port Adelaide,Brandon Zerk-Thatcher,7,6,2,0,0,0,1
2024,19,2024-07-14,M.C.G.,Richmond,Greater Western Sydney,Richmond,Liam Baker,7,1,5,1,1,0,3
2024,19,2024-07-14,M.C.G.,Richmond,Greater Western Sydney,Richmond,Noah Balta,8,3,3,0,0,0,0
2024,19,2024-07-14,M.C.G.,Richmond,Greater Western Sydney,Richmond,Sam Banks,8,3,8,0,1,0,1
2024,19,2024-07-14,M.C.G.,Richmond,Greater Western Sydney,Richmond,Shai Bolton,9,1,9,2,1,0,2
2024,19,2024-07-14,M.C.G.,Richmond,Greater Western Sydney,Richmond,Nathan Broad,8,4,7,0,0,0,2
2024,19,2024-07-14,M.C.G.,Richmond,Greater Western Sydney,Richmond,Tom Brown,9,4,5,0,0,0,0
2024,19,2024-07-14,M.C.G.,Richmond,Greater Western Sydney,Richmond,Jack Graham,10,2,11,0,0,0,7
2024,19,2024-07-14,M.C.G.,Richmond,Greater Western Sydney,Richmond,Steely Green,9,4,2,3,0,0,2
2024,19,2024-07-14,M.C.G.,Richmond,Greater Western Sydney,Richmond,Jacob Hopper,13,3,15,0,1,0,2
2024,19,2024-07-14,M.C.G.,Richmond,Greater Western Sydney,Richmond,Jacob Koschitzke,6,3,3,2,2,0,1
2024,19,2024-07-14,M.C.G.,Richmond,Greater Western Sydney,Richmond,Rhyan Mansell,9,6,1,2,0,0,4
2024,19,2024-07-14,M.C.G.,Richmond,Greater Western Sydney,Richmond,Kamdyn McIntosh,5,2,3,0,0,0,0
2024,19,2024-07-14,M.C.G.,Richmond,Greater Western Sydney,Richmond,Ben Miller,7,5,1,0,0,0,2
2024,19,2024-07-14,M.C.G.,Richmond,Greater Western Sydney,Richmond,Toby Nankervis,12,4,10,0,1,36,4
2024,19,2024-07-14,M.C.G.,Richmond,Greater Western Sydney,Richmond,Dion Prestia,17,3,10,0,0,0,4
2024,19,2024-07-14,M.C.G.,Richmond,Greater Western Sydney,Richmond,Hugo Ralphsmith,11,4,5,0,0,0,0
2024,19,2024-07-14,M.C.G.,Richmond,Greater Western Sydney,Richmond,Daniel Rioli,12,2,14,1,0,0,3
2024,19,2024-07-14,M.C.G.,Richmond,Greater Western Sydney,Richmond,Samson Ryan,4,1,2,1,0,5,0
2024,19,2024-07-14,M.C.G.,Richmond,Greater Western Sydney,Richmond,Jayden Short,16,4,7,0,0,0,1
2024,19,2024-07-14,M.C.G.,Richmond,Greater Western Sydney,Richmond,Tyler Sonsie,3,2,0,0,1,0,1
2024,19,2024-07-14,M.C.G.,Richmond,Greater Western Sydney,Richmond,Tim Taranto,9,2,18,0,0,0,5
2024,19,2024-07-14,M.C.G.,Richmond,Greater Western Sydney,Richmond,James Trezise,3,3,2,0,0,0,0
2024,19,2024-07-14,M.C.G.,Richmond,Greater Western Sydney,Richmond,Nick Vlastuin,11,6,6,0,0,0,5
2024,19,2024-07-14,M.C.G.,Richmond,Greater Western Sydney,Greater Western Sydney,Lachie Ash,13,3,8,0,0,0,3
2024,19,2024-07-14,M.C.G.,Richmond,Greater Western Sydney,Greater Western Sydney,Toby Bedford,4,2,9,1,0,0,13
2024,19,2024-07-14,M.C.G.,Richmond,Greater Western Sydney,Greater Western Sydney,Kieren Briggs,8,3,7,1,0,32,14
2024,19,2024-07-14,M.C.G.,Richmond,Greater Western Sydney,Greater Western Sydney,Jack Buckley,4,4,7,0,0,0,4
2024,19,2024-07-14,M.C.G.,Richmond,Greater Western Sydney,Greater Western Sydney,Aaron Cadman,8,5,1,1,2,0,1
2024,19,2024-07-14,M.C.G.,Richmond,Greater Western Sydney,Greater Western Sydney,Finn Callaghan,6,3,15,0,0,0,4
2024,19,2024-07-14,M.C.G.,Richmond,Greater Western Sydney,Greater Western Sydney,Stephen Coniglio,9,0,7,0,0,0,2
2024,19,2024-07-14,M.C.G.,Richmond,Greater Western Sydney,Greater Western Sydney,Isaac Cumming,4,2,9,0,0,0,5
2024,19,2024-07-14,M.C.G.,Richmond,Greater Western Sydney,Greater Western Sydney,Brent Daniels,8,1,6,0,0,0,5
2024,19,2024-07-14,M.C.G.,Richmond,Greater Western Sydney,Greater Western Sydney,Joe Fonti,3,2,11,0,0,0,2
2024,19,2024-07-14,M.C.G.,Richmond,Greater Western Sydney,Greater Western Sydney,Tom Green,15,3,22,0,0,0,7
2024,19,2024-07-14,M.C.G.,Richmond,Greater Western Sydney,Greater Western Sydney,Toby Greene,13,4,4,4,0,0,4
2024,19,2024-07-14,M.C.G.,Richmond,Greater Western Sydney,Greater Western Sydney,Harry Himmelberg,9,3,8,0,0,0,4
2024,19,2024-07-14,M.C.G.,Richmond,Greater Western Sydney,Greater Western Sydney,Jesse Hogan,7,4,3,4,0,0,0
2024,19,2024-07-14,M.C.G.,Richmond,Greater Western Sydney,Greater Western Sydney,Connor Idun,10,10,11,0,0,0,1
2024,19,2024-07-14,M.C.G.,Richmond,Greater Western Sydney,Greater Western Sydney,Darcy Jones,6,0,5,1,0,0,4
2024,19,2024-07-14,M.C.G.,Richmond,Greater Western Sydney,Greater Western Sydney,Toby McMullin,8,5,4,1,0,0,3
2024,19,2024-07-14,M.C.G.,Richmond,Greater Western Sydney,Greater Western Sydney,James Peatling,2,0,2,0,0,0,4
2024,19,2024-07-14,M.C.G.,Richmond,Greater Western Sydney,Greater Western Sydney,Harry Perryman,12,4,10,0,0,0,3
2024,19,2024-07-14,M.C.G.,Richmond,Greater Western Sydney,Greater Western Sydney,Jake Riccardi,13,7,5,1,2,4,2
2024,19,2024-07-14,M.C.G.,Richmond,Greater Western Sydney,Greater Western Sydney,Harvey Thomas,8,3,8,1,0,0,1
2024,19,2024-07-14,M.C.G.,Richmond,Greater Western Sydney,Greater Western Sydney,Callan Ward,8,4,5,2,0,0,1
2024,19,2024-07-14,M.C.G.,Richmond,Greater Western Sydney,Greater Western Sydney,Lachie Whitfield,21,12,14,0,0,0,2
2024,19,2024-07-14,Perth Stadium,West Coast,Brisbane Lions,West Coast,Oscar Allen,5,4,2,3,0,0,1
2024,19,2024-07-14,Perth Stadium,West Coast,Brisbane Lions,West Coast,Tom Barrass,7,3,4,0,0,0,1
2024,19,2024-07-14,Perth Stadium,West Coast,Brisbane Lions,West Coast,Tyler Brockman,1,0,3,1,0,0,0
2024,19,2024-07-14,Perth Stadium,West Coast,Brisbane Lions,West Coast,Tom Cole,13,4,9,0,0,0,2
2024,19,2024-07-14,Perth Stadium,West Coast,Brisbane Lions,West Coast,Jamie Cripps,8,6,5,1,2,0,4
2024,19,2024-07-14,Perth Stadium,West Coast,Brisbane Lions,West Coast,Liam Duggan,3,1,3,0,1,0,1
2024,19,2024-07-14,Perth Stadium,West Coast,Brisbane Lions,West Coast,Harry Edwards,6,3,2,0,0,0,2
2024,19,2024-07-14,Perth Stadium,West Coast,Brisbane Lions,West Coast,Luke Edwards,10,5,6,1,0,0,1
2024,19,2024-07-14,Perth Stadium,West Coast,Brisbane Lions,West Coast,Reuben Ginbey,6,2,8,0,0,0,4
2024,19,2024-07-14,Perth Stadium,West Coast,Brisbane Lions,West Coast,Brady Hough,12,4,6,0,0,0,3
2024,19,2024-07-14,Perth Stadium,West Coast,Brisbane Lions,West Coast,Jayden Hunt,10,3,10,0,0,0,2
2024,19,2024-07-14,Perth Stadium,West Coast,Brisbane Lions,West Coast,Jack Hutchinson,4,3,4,1,1,0,0
2024,19,2024-07-14,Perth Stadium,West Coast,Brisbane Lions,West Coast,Jamaine Jones,3,3,3,0,1,0,1
2024,19,2024-07-14,Perth Stadium,West Coast,Brisbane Lions,West Coast,Tim Kelly,17,2,12,1,1,0,3
2024,19,2024-07-14,Perth Stadium,West Coast,Brisbane Lions,West Coast,Ryan Maric,7,5,8,0,0,0,1
2024,19,2024-07-14,Perth Stadium,West Coast,Brisbane Lions,West Coast,Harley Reid,6,0,14,0,0,0,2
2024,19,2024-07-14,Perth Stadium,West Coast,Brisbane Lions,West Coast,Liam Ryan,17,9,4,2,1,0,2
2024,19,2024-07-14,Perth Stadium,West Coast,Brisbane Lions,West Coast,Zane Trew,9,4,12,0,0,0,8
2024,19,2024-07-14,Perth Stadium,West Coast,Brisbane Lions,West Coast,Jake Waterman,7,5,4,2,1,0,2
2024,19,2024-07-14,Perth Stadium,West Coast,Brisbane Lions,West Coast,Bailey Williams,7,4,3,0,0,33,5
2024,19,2024-07-14,Perth Stadium,West Coast,Brisbane Lions,West Coast,Jack Williams,4,2,6,1,0,5,2
2024,19,2024-07-14,Perth Stadium,West Coast,Brisbane Lions,West Coast,Alex Witherden,15,3,7,0,0,0,3
2024,19,2024-07-14,Perth Stadium,West Coast,Brisbane Lions,West Coast,Elliot Yeo,13,4,11,1,0,0,4
2024,19,2024-07-14,Perth Stadium,West Coast,Brisbane Lions,Brisbane Lions,Callum Ah Chee,5,2,4,1,0,0,4
2024,19,2024-07-14,Perth Stadium,West Coast,Brisbane Lions,Brisbane Lions,Harris Andrews,10,7,0,0,0,0,2
2024,19,2024-07-14,Perth Stadium,West Coast,Brisbane Lions,Brisbane Lions,Will Ashcroft,9,2,6,1,0,0,2
2024,19,2024-07-14,Perth Stadium,West Coast,Brisbane Lions,Brisbane Lions,Zac Bailey,8,4,8,1,2,0,4
2024,19,2024-07-14,Perth Stadium,West Coast,Brisbane Lions,Brisbane Lions,Jarrod Berry,8,7,10,0,0,0,6
2024,19,2024-07-14,Perth Stadium,West Coast,Brisbane Lions,Brisbane Lions,Shadeau Brain,8,6,2,0,0,0,1
2024,19,2024-07-14,Perth Stadium,West Coast,Brisbane Lions,Brisbane Lions,Charlie Cameron,3,1,1,2,0,0,3
2024,19,2024-07-14,Perth Stadium,West Coast,Brisbane Lions,Brisbane Lions,Joe Daniher,10,6,7,2,1,2,1
2024,19,2024-07-14,Perth Stadium,West Coast,Brisbane Lions,Brisbane Lions,Josh Dunkley,14,4,12,1,0,0,5
2024,19,2024-07-14,Perth Stadium,West Coast,Brisbane Lions,Brisbane Lions,Jaspa Fletcher,10,7,5,0,0,0,1
2024,19,2024-07-14,Perth Stadium,West Coast,Brisbane Lions,Brisbane Lions,Eric Hipwood,6,5,2,2,0,0,2
2024,19,2024-07-14,Perth Stadium,West Coast,Brisbane Lions,Brisbane Lions,Darragh Joyce,9,4,3,0,0,0,0
2024,19,2024-07-14,Perth Stadium,West Coast,Brisbane Lions,Brisbane Lions,Ryan Lester,8,5,2,0,0,0,3
2024,19,2024-07-14,Perth Stadium,West Coast,Brisbane Lions,Brisbane Lions,Kai Lohmann,7,6,8,2,2,0,2
2024,19,2024-07-14,Perth Stadium,West Coast,Brisbane Lions,Brisbane Lions,Hugh McCluggage,19,6,13,0,2,0,6
2024,19,2024-07-14,Perth Stadium,West Coast,Brisbane Lions,Brisbane Lions,Oscar McInerney,12,2,4,0,0,43,2
2024,19,2024-07-14,Perth Stadium,West Coast,Brisbane Lions,Brisbane Lions,Conor McKenna,7,4,1,0,0,0,0
2024,19,2024-07-14,Perth Stadium,West Coast,Brisbane Lions,Brisbane Lions,Logan Morris,4,2,5,0,0,0,0
2024,19,2024-07-14,Perth Stadium,West Coast,Brisbane Lions,Brisbane Lions,Lachie Neale,19,2,15,2,1,0,9
2024,19,2024-07-14,Perth Stadium,West Coast,Brisbane Lions,Brisbane Lions,Cam Rayner,12,1,4,2,0,0,7
2024,19,2024-07-14,Perth Stadium,West Coast,Brisbane Lions,Brisbane Lions,Bruce Reville,1,1,0,0,0,0,1
2024,19,2024-07-14,Perth Stadium,West Coast,Brisbane Lions,Brisbane Lions,Darcy Wilmot,13,6,8,0,0,0,0
2024,19,2024-07-14,Perth Stadium,West Coast,Brisbane Lions,Brisbane Lions,Dayne Zorko,13,5,5,0,0,0,5
2024,20,2024-07-19,Docklands,Essendon,Adelaide,Essendon,Nate Caddy,9,3,2,2,1,0,2
2024,20,2024-07-19,Docklands,Essendon,Adelaide,Essendon,Jye Caldwell,11,3,9,1,0,0,6
2024,20,2024-07-19,Docklands,Essendon,Adelaide,Essendon,Nik Cox,9,5,2,3,0,0,3
2024,20,2024-07-19,Docklands,Essendon,Adelaide,Essendon,Sam Draper,9,5,5,1,1,21,1
2024,20,2024-07-19,Docklands,Essendon,Adelaide,Essendon,Sam Durham,13,3,14,1,0,0,5
2024,20,2024-07-19,Docklands,Essendon,Adelaide,Essendon,Xavier Duursma,11,8,11,0,0,0,0
2024,20,2024-07-19,Docklands,Essendon,Adelaide,Essendon,Todd Goldstein,0,0,5,0,0,19,3
2024,20,2024-07-19,Docklands,Essendon,Adelaide,Essendon,Jade Gresham,6,1,6,2,0,0,2
2024,20,2024-07-19,Docklands,Essendon,Adelaide,Essendon,Matt Guelfi,2,1,4,0,0,0,3
2024,20,2024-07-19,Docklands,Essendon,Adelaide,Essendon,Harry Jones,6,3,2,2,0,0,1
2024,20,2024-07-19,Docklands,Essendon,Adelaide,Essendon,Jake Kelly,11,4,5,0,0,0,3
2024,20,2024-07-19,Docklands,Essendon,Adelaide,Essendon,Kyle Langford,15,12,7,2,1,0,3
2024,20,2024-07-19,Docklands,Essendon,Adelaide,Essendon,Jayden Laverde,10,8,7,0,0,0,1
2024,20,2024-07-19,Docklands,Essendon,Adelaide,Essendon,Nic Martin,12,6,10,0,0,0,6
2024,20,2024-07-19,Docklands,Essendon,Adelaide,Essendon,Andrew McGrath,16,2,7,0,0,0,5
2024,20,2024-07-19,Docklands,Essendon,Adelaide,Essendon,Ben McKay,5,5,14,0,0,0,3
2024,20,2024-07-19,Docklands,Essendon,Adelaide,Essendon,Jye Menzie,6,2,7,0,0,0,0
2024,20,2024-07-19,Docklands,Essendon,Adelaide,Essendon,Zach Merrett,17,1,13,1,1,0,5
2024,20,2024-07-19,Docklands,Essendon,Adelaide,Essendon,Archie Perkins,2,0,0,0,0,0,3
2024,20,2024-07-19,Docklands,Essendon,Adelaide,Essendon,Mason Redman,17,5,7,1,0,0,1
2024,20,2024-07-19,Docklands,Essendon,Adelaide,Essendon,Jordan Ridley,14,6,8,0,0,0,2
2024,20,2024-07-19,Docklands,Essendon,Adelaide,Essendon,Dylan Shiel,11,4,10,0,0,0,4
2024,20,2024-07-19,Docklands,Essendon,Adelaide,Essendon,Jake Stringer,3,2,6,1,0,0,4
2024,20,2024-07-19,Docklands,Essendon,Adelaide,Adelaide,Sam Berry,10,1,8,1,0,0,4
2024,20,2024-07-19,Docklands,Essendon,Adelaide,Adelaide,Hugh Bond,4,2,6,0,0,0,2
2024,20,2024-07-19,Docklands,Essendon,Adelaide,Adelaide,Jordon Butts,4,5,4,0,0,0,0
2024,20,2024-07-19,Docklands,Essendon,Adelaide,Adelaide,Brayden Cook,6,2,5,0,1,0,1
2024,20,2024-07-19,Docklands,Essendon,Adelaide,Adelaide,Jordan Dawson,14,2,6,0,0,0,5
2024,20,2024-07-19,Docklands,Essendon,Adelaide,Adelaide,Billy Dowling,12,7,7,1,0,0,1
2024,20,2024-07-19,Docklands,Essendon,Adelaide,Adelaide,Darcy Fogarty,10,8,7,4,0,0,1
2024,20,2024-07-19,Docklands,Essendon,Adelaide,Adelaide,Elliott Himmelberg,3,1,6,0,0,1,2
2024,20,2024-07-19,Docklands,Essendon,Adelaide,Adelaide,Mitch Hinge,17,3,7,0,0,0,1
2024,20,2024-07-19,Docklands,Essendon,Adelaide,Adelaide,Mark Keane,8,2,4,0,0,0,1
2024,20,2024-07-19,Docklands,Essendon,Adelaide,Adelaide,Ben Keays,16,2,6,5,1,0,8
2024,20,2024-07-19,Docklands,Essendon,Adelaide,Adelaide,Rory Laird,11,2,18,0,0,0,7
2024,20,2024-07-19,Docklands,Essendon,Adelaide,Adelaide,Max Michalanney,9,6,6,0,0,0,1
2024,20,2024-07-19,Docklands,Essendon,Adelaide,Adelaide,Lachlan Murphy,7,3,8,0,2,0,2
2024,20,2024-07-19,Docklands,Essendon,Adelaide,Adelaide,Nick Murray,0,0,0,0,0,0,0
2024,20,2024-07-19,Docklands,Essendon,Adelaide,Adelaide,Luke Nankervis,6,2,6,0,0,0,3
2024,20,2024-07-19,Docklands,Essendon,Adelaide,Adelaide,Reilly OBrien,6,5,8,0,1,47,2
2024,20,2024-07-19,Docklands,Essendon,Adelaide,Adelaide,Josh Rachele,6,1,6,3,1,0,3
2024,20,2024-07-19,Docklands,Essendon,Adelaide,Adelaide,Lachlan Sholl,13,5,4,0,0,0,1
2024,20,2024-07-19,Docklands,Essendon,Adelaide,Adelaide,Brodie Smith,9,3,6,0,0,0,3
2024,20,2024-07-19,Docklands,Essendon,Adelaide,Adelaide,Jake Soligo,9,4,12,0,1,0,4
2024,20,2024-07-19,Docklands,Essendon,Adelaide,Adelaide,Zac Taylor,6,2,11,1,0,0,6
2024,20,2024-07-19,Docklands,Essendon,Adelaide,Adelaide,Riley Thilthorpe,6,3,4,2,1,1,0
2024,20,2024-07-20,Docklands,St Kilda,West Coast,St Kilda,Josh Battle,10,6,6,1,0,0,1
2024,20,2024-07-20,Docklands,St Kilda,West Coast,St Kilda,Riley Bonner,15,4,7,0,0,0,0
2024,20,2024-07-20,Docklands,St Kilda,West Coast,St Kilda,Dan Butler,9,4,2,2,0,0,4
2024,20,2024-07-20,Docklands,St Kilda,West Coast,St Kilda,Ryan Byrnes,9,1,4,0,0,0,0
2024,20,2024-07-20,Docklands,St Kilda,West Coast,St Kilda,Hunter Clark,13,4,8,0,1,0,4
2024,20,2024-07-20,Docklands,St Kilda,West Coast,St Kilda,Hugo Garcia,2,1,3,0,0,0,3
2024,20,2024-07-20,Docklands,St Kilda,West Coast,St Kilda,Liam Henry,5,4,6,0,0,0,2
2024,20,2024-07-20,Docklands,St Kilda,West Coast,St Kilda,Jack Higgins,3,2,7,1,0,0,4
2024,20,2024-07-20,Docklands,St Kilda,West Coast,St Kilda,Bradley Hill,10,2,8,0,0,0,1
2024,20,2024-07-20,Docklands,St Kilda,West Coast,St Kilda,Dougal Howard,7,2,3,0,0,0,3
2024,20,2024-07-20,Docklands,St Kilda,West Coast,St Kilda,Zak Jones,10,5,16,0,0,0,7
2024,20,2024-07-20,Docklands,St Kilda,West Coast,St Kilda,Rowan Marshall,20,5,6,0,1,24,3
2024,20,2024-07-20,Docklands,St Kilda,West Coast,St Kilda,Tim Membrey,18,10,5,5,0,0,7
2024,20,2024-07-20,Docklands,St Kilda,West Coast,St Kilda,Mitch Owens,13,7,5,1,1,0,2
2024,20,2024-07-20,Docklands,St Kilda,West Coast,St Kilda,Cooper Sharman,6,6,5,2,1,0,4
2024,20,2024-07-20,Docklands,St Kilda,West Coast,St Kilda,Jack Sinclair,17,7,14,0,0,0,2
2024,20,2024-07-20,Docklands,St Kilda,West Coast,St Kilda,Jack Steele,17,9,14,1,0,0,5
2024,20,2024-07-20,Docklands,St Kilda,West Coast,St Kilda,Liam Stocker,4,6,10,0,0,0,5
2024,20,2024-07-20,Docklands,St Kilda,West Coast,St Kilda,Nasiah Wanganeen-Milera,21,8,2,0,0,0,2
2024,20,2024-07-20,Docklands,St Kilda,West Coast,St Kilda,Jimmy Webster,10,7,7,0,0,0,0
2024,20,2024-07-20,Docklands,St Kilda,West Coast,St Kilda,Callum Wilkie,13,11,5,0,0,0,0
2024,20,2024-07-20,Docklands,St Kilda,West Coast,St Kilda,Darcy Wilson,8,3,6,1,0,0,5
2024,20,2024-07-20,Docklands,St Kilda,West Coast,St Kilda,Mason Wood,14,9,5,3,4,0,1
2024,20,2024-07-20,Docklands,St Kilda,West Coast,West Coast,Oscar Allen,10,6,1,2,0,0,0
2024,20,2024-07-20,Docklands,St Kilda,West Coast,West Coast,Tom Barrass,14,8,6,0,0,0,0
2024,20,2024-07-20,Docklands,St Kilda,West Coast,West Coast,Campbell Chesser,3,2,6,0,0,0,0
2024,20,2024-07-20,Docklands,St Kilda,West Coast,West Coast,Tom Cole,11,6,10,0,0,0,4
2024,20,2024-07-20,Docklands,St Kilda,West Coast,West Coast,Jamie Cripps,5,6,5,0,0,0,3
2024,20,2024-07-20,Docklands,St Kilda,West Coast,West Coast,Jai Culley,4,0,3,0,0,0,2
2024,20,2024-07-20,Docklands,St Kilda,West Coast,West Coast,Harry Edwards,12,9,5,0,0,0,1
2024,20,2024-07-20,Docklands,St Kilda,West Coast,West Coast,Luke Edwards,11,8,4,0,0,0,1
2024,20,2024-07-20,Docklands,St Kilda,West Coast,West Coast,Reuben Ginbey,10,4,12,0,0,0,5
2024,20,2024-07-20,Docklands,St Kilda,West Coast,West Coast,Brady Hough,13,7,9,0,0,0,3
2024,20,2024-07-20,Docklands,St Kilda,West Coast,West Coast,Jayden Hunt,20,8,15,0,0,0,2
2024,20,2024-07-20,Docklands,St Kilda,West Coast,West Coast,Jack Hutchinson,4,3,6,0,1,0,1
2024,20,2024-07-20,Docklands,St Kilda,West Coast,West Coast,Jamaine Jones,8,5,3,0,0,0,1
2024,20,2024-07-20,Docklands,St Kilda,West Coast,West Coast,Tim Kelly,12,5,12,0,0,0,4
2024,20,2024-07-20,Docklands,St Kilda,West Coast,West Coast,Ryan Maric,10,5,9,1,0,0,2
2024,20,2024-07-20,Docklands,St Kilda,West Coast,West Coast,Jack Petruccelle,5,5,4,0,0,0,0
2024,20,2024-07-20,Docklands,St Kilda,West Coast,West Coast,Harley Reid,12,6,7,0,0,0,4
2024,20,2024-07-20,Docklands,St Kilda,West Coast,West Coast,Josh Rotham,3,2,2,0,0,0,1
2024,20,2024-07-20,Docklands,St Kilda,West Coast,West Coast,Liam Ryan,10,4,2,0,3,0,2
2024,20,2024-07-20,Docklands,St Kilda,West Coast,West Coast,Zane Trew,3,1,14,0,0,0,4
2024,20,2024-07-20,Docklands,St Kilda,West Coast,West Coast,Bailey Williams,6,2,4,0,1,17,4
2024,20,2024-07-20,Docklands,St Kilda,West Coast,West Coast,Jack Williams,7,2,3,3,0,6,0
2024,20,2024-07-20,Docklands,St Kilda,West Coast,West Coast,Alex Witherden,15,7,5,0,0,0,0
2024,20,2024-07-20,Sydney Showground,Greater Western Sydney,Gold Coast,Greater Western Sydney,Lachie Ash,15,3,8,0,0,0,0
2024,20,2024-07-20,Sydney Showground,Greater Western Sydney,Gold Coast,Greater Western Sydney,Toby Bedford,5,1,10,0,0,0,14
2024,20,2024-07-20,Sydney Showground,Greater Western Sydney,Gold Coast,Greater Western Sydney,Kieren Briggs,7,2,7,0,0,25,3
2024,20,2024-07-20,Sydney Showground,Greater Western Sydney,Gold Coast,Greater Western Sydney,Jack Buckley,15,7,8,0,0,0,3
2024,20,2024-07-20,Sydney Showground,Greater Western Sydney,Gold Coast,Greater Western Sydney,Aaron Cadman,2,1,4,1,0,0,2
2024,20,2024-07-20,Sydney Showground,Greater Western Sydney,Gold Coast,Greater Western Sydney,Finn Callaghan,7,2,14,0,0,0,4
2024,20,2024-07-20,Sydney Showground,Greater Western Sydney,Gold Coast,Greater Western Sydney,Isaac Cumming,4,3,2,0,0,0,2
2024,20,2024-07-20,Sydney Showground,Greater Western Sydney,Gold Coast,Greater Western Sydney,Brent Daniels,13,5,5,2,0,0,4
2024,20,2024-07-20,Sydney Showground,Greater Western Sydney,Gold Coast,Greater Western Sydney,Joe Fonti,4,4,10,0,0,0,2
2024,20,2024-07-20,Sydney Showground,Greater Western Sydney,Gold Coast,Greater Western Sydney,Tom Green,18,4,16,0,0,0,7
2024,20,2024-07-20,Sydney Showground,Greater Western Sydney,Gold Coast,Greater Western Sydney,Toby Greene,8,1,6,2,1,0,3
2024,20,2024-07-20,Sydney Showground,Greater Western Sydney,Gold Coast,Greater Western Sydney,Harry Himmelberg,15,3,5,0,0,0,1
2024,20,2024-07-20,Sydney Showground,Greater Western Sydney,Gold Coast,Greater Western Sydney,Jesse Hogan,7,6,3,4,1,0,3
2024,20,2024-07-20,Sydney Showground,Greater Western Sydney,Gold Coast,Greater Western Sydney,Connor Idun,9,7,18,0,0,0,1
2024,20,2024-07-20,Sydney Showground,Greater Western Sydney,Gold Coast,Greater Western Sydney,Darcy Jones,7,0,11,1,1,0,3
2024,20,2024-07-20,Sydney Showground,Greater Western Sydney,Gold Coast,Greater Western Sydney,Toby McMullin,2,0,5,1,0,0,1
2024,20,2024-07-20,Sydney Showground,Greater Western Sydney,Gold Coast,Greater Western Sydney,Xavier OHalloran,9,5,5,0,2,0,1
2024,20,2024-07-20,Sydney Showground,Greater Western Sydney,Gold Coast,Greater Western Sydney,James Peatling,8,5,10,0,0,0,7
2024,20,2024-07-20,Sydney Showground,Greater Western Sydney,Gold Coast,Greater Western Sydney,Harry Perryman,18,8,8,1,0,0,1
2024,20,2024-07-20,Sydney Showground,Greater Western Sydney,Gold Coast,Greater Western Sydney,Jake Riccardi,5,5,4,1,0,7,0
2024,20,2024-07-20,Sydney Showground,Greater Western Sydney,Gold Coast,Greater Western Sydney,Harvey Thomas,5,3,6,1,0,0,2
2024,20,2024-07-20,Sydney Showground,Greater Western Sydney,Gold Coast,Greater Western Sydney,Callan Ward,7,3,10,0,0,0,4
2024,20,2024-07-20,Sydney Showground,Greater Western Sydney,Gold Coast,Greater Western Sydney,Lachie Whitfield,21,10,19,0,0,0,5
2024,20,2024-07-20,Sydney Showground,Greater Western Sydney,Gold Coast,Gold Coast,Noah Anderson,16,1,11,0,0,0,1
2024,20,2024-07-20,Sydney Showground,Greater Western Sydney,Gold Coast,Gold Coast,Mac Andrew,9,6,5,0,0,0,2
2024,20,2024-07-20,Sydney Showground,Greater Western Sydney,Gold Coast,Gold Coast,Charlie Ballard,9,5,4,0,0,0,2
2024,20,2024-07-20,Sydney Showground,Greater Western Sydney,Gold Coast,Gold Coast,Connor Budarick,6,0,10,0,0,0,5
2024,20,2024-07-20,Sydney Showground,Greater Western Sydney,Gold Coast,Gold Coast,Sam Clohesy,9,2,7,0,0,0,0
2024,20,2024-07-20,Sydney Showground,Greater Western Sydney,Gold Coast,Gold Coast,Sam Collins,4,2,6,0,0,0,1
2024,20,2024-07-20,Sydney Showground,Greater Western Sydney,Gold Coast,Gold Coast,Sam Flanders,19,7,24,0,0,0,2
2024,20,2024-07-20,Sydney Showground,Greater Western Sydney,Gold Coast,Gold Coast,Will Graham,3,1,2,0,0,0,1
2024,20,2024-07-20,Sydney Showground,Greater Western Sydney,Gold Coast,Gold Coast,Nick Holman,3,2,13,0,0,0,8
2024,20,2024-07-20,Sydney Showground,Greater Western Sydney,Gold Coast,Gold Coast,Bailey Humphrey,4,3,9,1,1,0,3
2024,20,2024-07-20,Sydney Showground,Greater Western Sydney,Gold Coast,Gold Coast,Joel Jeffrey,3,0,4,0,0,0,0
2024,20,2024-07-20,Sydney Showground,Greater Western Sydney,Gold Coast,Gold Coast,Lloyd Johnston,3,3,3,0,2,0,3
2024,20,2024-07-20,Sydney Showground,Greater Western Sydney,Gold Coast,Gold Coast,Ben King,8,4,0,0,3,0,2
2024,20,2024-07-20,Sydney Showground,Greater Western Sydney,Gold Coast,Gold Coast,Ben Long,6,3,1,1,2,0,0
2024,20,2024-07-20,Sydney Showground,Greater Western Sydney,Gold Coast,Gold Coast,Jack Lukosius,8,3,5,2,0,0,3
2024,20,2024-07-20,Sydney Showground,Greater Western Sydney,Gold Coast,Gold Coast,Ned Moyle,10,4,6,0,0,36,1
2024,20,2024-07-20,Sydney Showground,Greater Western Sydney,Gold Coast,Gold Coast,Wil Powell,11,6,8,0,0,0,2
2024,20,2024-07-20,Sydney Showground,Greater Western Sydney,Gold Coast,Gold Coast,Matt Rowell,11,1,9,0,1,0,1
2024,20,2024-07-20,Sydney Showground,Greater Western Sydney,Gold Coast,Gold Coast,Alex Sexton,6,3,5,1,0,0,2
2024,20,2024-07-20,Sydney Showground,Greater Western Sydney,Gold Coast,Gold Coast,David Swallow,9,5,19,0,0,0,2
2024,20,2024-07-20,Sydney Showground,Greater Western Sydney,Gold Coast,Gold Coast,Bodhi Uwland,10,5,5,0,0,0,1
2024,20,2024-07-20,Sydney Showground,Greater Western Sydney,Gold Coast,Gold Coast,Jed Walter,4,2,2,0,1,4,5
2024,20,2024-07-20,Sydney Showground,Greater Western Sydney,Gold Coast,Gold Coast,Lachie Weller,11,2,5,1,2,0,5
2024,20,2024-07-20,M.C.G.,Hawthorn,Collingwood,Hawthorn,Karl Amon,13,4,9,0,1,0,2
2024,20,2024-07-20,M.C.G.,Hawthorn,Collingwood,Hawthorn,Luke Breust,9,4,7,4,0,0,0
2024,20,2024-07-20,M.C.G.,Hawthorn,Collingwood,Hawthorn,Mabior Chol,12,1,2,2,3,4,2
2024,20,2024-07-20,M.C.G.,Hawthorn,Collingwood,Hawthorn,Massimo DAmbrosio,13,6,13,2,0,0,4
2024,20,2024-07-20,M.C.G.,Hawthorn,Collingwood,Hawthorn,Will Day,10,2,16,0,0,0,8
2024,20,2024-07-20,M.C.G.,Hawthorn,Collingwood,Hawthorn,Calsher Dear,0,2,4,0,0,0,4
2024,20,2024-07-20,M.C.G.,Hawthorn,Collingwood,Hawthorn,Sam Frost,4,1,2,0,0,0,2
2024,20,2024-07-20,M.C.G.,Hawthorn,Collingwood,Hawthorn,Jack Ginnivan,14,5,17,2,1,0,5
2024,20,2024-07-20,M.C.G.,Hawthorn,Collingwood,Hawthorn,Blake Hardwick,10,1,9,0,0,0,2
2024,20,2024-07-20,M.C.G.,Hawthorn,Collingwood,Hawthorn,Jarman Impey,6,2,7,1,0,0,4
2024,20,2024-07-20,M.C.G.,Hawthorn,Collingwood,Hawthorn,Changkuoth Jiath,12,4,8,0,1,0,1
2024,20,2024-07-20,M.C.G.,Hawthorn,Collingwood,Hawthorn,Connor Macdonald,9,1,5,4,1,0,5
2024,20,2024-07-20,M.C.G.,Hawthorn,Collingwood,Hawthorn,Finn Maginness,4,2,3,0,1,0,1
2024,20,2024-07-20,M.C.G.,Hawthorn,Collingwood,Hawthorn,Lloyd Meek,6,0,7,0,0,36,2
2024,20,2024-07-20,M.C.G.,Hawthorn,Collingwood,Hawthorn,Dylan Moore,14,4,13,0,1,0,3
2024,20,2024-07-20,M.C.G.,Hawthorn,Collingwood,Hawthorn,Conor Nash,15,0,14,0,0,6,8
2024,20,2024-07-20,M.C.G.,Hawthorn,Collingwood,Hawthorn,Jai Newcombe,14,3,11,1,0,0,3
2024,20,2024-07-20,M.C.G.,Hawthorn,Collingwood,Hawthorn,Jack Scrimshaw,11,3,9,0,0,0,0
2024,20,2024-07-20,M.C.G.,Hawthorn,Collingwood,Hawthorn,James Sicily,20,6,10,0,0,0,2
2024,20,2024-07-20,M.C.G.,Hawthorn,Collingwood,Hawthorn,Josh Ward,9,4,9,0,1,0,2
2024,20,2024-07-20,M.C.G.,Hawthorn,Collingwood,Hawthorn,Nick Watson,7,1,5,3,0,0,2
2024,20,2024-07-20,M.C.G.,Hawthorn,Collingwood,Hawthorn,Josh Weddle,9,5,5,0,0,0,0
2024,20,2024-07-20,M.C.G.,Hawthorn,Collingwood,Hawthorn,James Worpel,10,0,18,1,2,0,1
2024,20,2024-07-20,M.C.G.,Hawthorn,Collingwood,Collingwood,Darcy Cameron,9,3,6,0,0,39,6
2024,20,2024-07-20,M.C.G.,Hawthorn,Collingwood,Collingwood,Jack Crisp,12,1,10,0,0,0,5
2024,20,2024-07-20,M.C.G.,Hawthorn,Collingwood,Collingwood,Josh Daicos,12,2,10,0,1,0,4
2024,20,2024-07-20,M.C.G.,Hawthorn,Collingwood,Collingwood,Nick Daicos,11,1,13,1,1,0,5
2024,20,2024-07-20,M.C.G.,Hawthorn,Collingwood,Collingwood,Jordan de Goey,14,0,2,1,0,0,3
2024,20,2024-07-20,M.C.G.,Hawthorn,Collingwood,Collingwood,Jamie Elliott,7,2,3,1,1,0,3
2024,20,2024-07-20,M.C.G.,Hawthorn,Collingwood,Collingwood,Bobby Hill,7,1,2,2,1,0,3
2024,20,2024-07-20,M.C.G.,Hawthorn,Collingwood,Collingwood,Will Hoskin-Elliott,8,4,1,0,0,0,1
2024,20,2024-07-20,M.C.G.,Hawthorn,Collingwood,Collingwood,Jeremy Howe,9,2,1,0,0,0,0
2024,20,2024-07-20,M.C.G.,Hawthorn,Collingwood,Collingwood,Nathan Kreuger,3,3,1,0,1,0,0
2024,20,2024-07-20,M.C.G.,Hawthorn,Collingwood,Collingwood,Patrick Lipinski,11,3,10,0,1,0,3
2024,20,2024-07-20,M.C.G.,Hawthorn,Collingwood,Collingwood,Ned Long,4,1,4,0,0,1,5
2024,20,2024-07-20,M.C.G.,Hawthorn,Collingwood,Collingwood,Oleg Markov,3,2,4,0,0,0,7
2024,20,2024-07-20,M.C.G.,Hawthorn,Collingwood,Collingwood,Brayden Maynard,12,3,6,0,0,0,2
2024,20,2024-07-20,M.C.G.,Hawthorn,Collingwood,Collingwood,Reef McInnes,6,2,3,1,0,0,2
2024,20,2024-07-20,M.C.G.,Hawthorn,Collingwood,Collingwood,Daniel McStay,6,5,2,1,2,0,2
2024,20,2024-07-20,M.C.G.,Hawthorn,Collingwood,Collingwood,Darcy Moore,5,2,5,0,0,1,3
2024,20,2024-07-20,M.C.G.,Hawthorn,Collingwood,Collingwood,John Noble,4,1,3,0,0,0,4
2024,20,2024-07-20,M.C.G.,Hawthorn,Collingwood,Collingwood,Scott Pendlebury,9,1,10,0,1,0,6
2024,20,2024-07-20,M.C.G.,Hawthorn,Collingwood,Collingwood,Isaac Quaynor,8,4,1,0,0,0,3
2024,20,2024-07-20,M.C.G.,Hawthorn,Collingwood,Collingwood,Joe Richards,4,2,5,0,1,0,3
2024,20,2024-07-20,M.C.G.,Hawthorn,Collingwood,Collingwood,Steele Sidebottom,11,4,3,2,0,0,3
2024,20,2024-07-20,M.C.G.,Hawthorn,Collingwood,Collingwood,Lachlan Sullivan,4,2,4,0,0,0,2
2024,20,2024-07-20,Adelaide Oval,Port Adelaide,Richmond,Port Adelaide,Aliir Aliir,11,7,6,0,0,0,1
2024,20,2024-07-20,Adelaide Oval,Port Adelaide,Richmond,Port Adelaide,Miles Bergman,12,8,3,0,0,0,1
2024,20,2024-07-20,Adelaide Oval,Port Adelaide,Richmond,Port Adelaide,Travis Boak,11,4,13,1,2,0,4
2024,20,2024-07-20,Adelaide Oval,Port Adelaide,Richmond,Port Adelaide,Jase Burgoyne,16,4,8,0,1,0,7
2024,20,2024-07-20,Adelaide Oval,Port Adelaide,Richmond,Port Adelaide,Zak Butters,19,1,9,0,0,0,2
2024,20,2024-07-20,Adelaide Oval,Port Adelaide,Richmond,Port Adelaide,Darcy Byrne-Jones,8,2,4,1,0,0,5
2024,20,2024-07-20,Adelaide Oval,Port Adelaide,Richmond,Port Adelaide,Charlie Dixon,9,6,3,4,2,9,4
2024,20,2024-07-20,Adelaide Oval,Port Adelaide,Richmond,Port Adelaide,Willem Drew,17,2,6,0,1,0,6
2024,20,2024-07-20,Adelaide Oval,Port Adelaide,Richmond,Port Adelaide,Francis Evans,8,3,5,1,0,0,4
2024,20,2024-07-20,Adelaide Oval,Port Adelaide,Richmond,Port Adelaide,Logan Evans,20,9,2,1,0,0,1
2024,20,2024-07-20,Adelaide Oval,Port Adelaide,Richmond,Port Adelaide,Mitch Georgiades,8,7,3,3,1,0,3
2024,20,2024-07-20,Adelaide Oval,Port Adelaide,Richmond,Port Adelaide,Jason Horne-Francis,13,6,5,0,1,0,2
2024,20,2024-07-20,Adelaide Oval,Port Adelaide,Richmond,Port Adelaide,Dan Houston,20,3,5,0,0,0,5
2024,20,2024-07-20,Adelaide Oval,Port Adelaide,Richmond,Port Adelaide,Ollie Lord,1,1,1,1,0,0,4
2024,20,2024-07-20,Adelaide Oval,Port Adelaide,Richmond,Port Adelaide,Jackson Mead,12,4,3,0,0,0,5
2024,20,2024-07-20,Adelaide Oval,Port Adelaide,Richmond,Port Adelaide,Quinton Narkle,6,3,2,0,4,0,1
2024,20,2024-07-20,Adelaide Oval,Port Adelaide,Richmond,Port Adelaide,Esava Ratugolea,6,4,1,0,0,0,2
2024,20,2024-07-20,Adelaide Oval,Port Adelaide,Richmond,Port Adelaide,Willie Rioli,7,3,1,2,2,0,2
2024,20,2024-07-20,Adelaide Oval,Port Adelaide,Richmond,Port Adelaide,Connor Rozee,14,5,10,2,1,0,4
2024,20,2024-07-20,Adelaide Oval,Port Adelaide,Richmond,Port Adelaide,Jordon Sweet,3,2,6,0,0,43,5
2024,20,2024-07-20,Adelaide Oval,Port Adelaide,Richmond,Port Adelaide,Dylan Williams,10,5,2,0,0,0,0
2024,20,2024-07-20,Adelaide Oval,Port Adelaide,Richmond,Port Adelaide,Ollie Wines,11,8,21,0,0,0,2
2024,20,2024-07-20,Adelaide Oval,Port Adelaide,Richmond,Port Adelaide,Brandon Zerk-Thatcher,7,5,6,0,0,0,0
2024,20,2024-07-20,Adelaide Oval,Port Adelaide,Richmond,Richmond,Liam Baker,10,0,11,0,0,0,6
2024,20,2024-07-20,Adelaide Oval,Port Adelaide,Richmond,Richmond,Noah Balta,11,9,2,0,0,0,0
2024,20,2024-07-20,Adelaide Oval,Port Adelaide,Richmond,Richmond,Sam Banks,9,0,8,0,0,0,2
2024,20,2024-07-20,Adelaide Oval,Port Adelaide,Richmond,Richmond,Shai Bolton,7,1,10,1,1,0,2
2024,20,2024-07-20,Adelaide Oval,Port Adelaide,Richmond,Richmond,Nathan Broad,14,8,4,0,0,0,3
2024,20,2024-07-20,Adelaide Oval,Port Adelaide,Richmond,Richmond,Tom Brown,2,4,6,0,0,0,1
2024,20,2024-07-20,Adelaide Oval,Port Adelaide,Richmond,Richmond,Seth Campbell,12,2,7,1,2,0,0
2024,20,2024-07-20,Adelaide Oval,Port Adelaide,Richmond,Richmond,Thomson Dow,3,1,13,0,0,0,4
2024,20,2024-07-20,Adelaide Oval,Port Adelaide,Richmond,Richmond,Steely Green,8,3,5,1,0,0,0
2024,20,2024-07-20,Adelaide Oval,Port Adelaide,Richmond,Richmond,Jacob Hopper,13,4,12,0,0,0,4
2024,20,2024-07-20,Adelaide Oval,Port Adelaide,Richmond,Richmond,Jacob Koschitzke,3,1,5,1,0,1,1
2024,20,2024-07-20,Adelaide Oval,Port Adelaide,Richmond,Richmond,Rhyan Mansell,9,7,3,3,0,0,1
2024,20,2024-07-20,Adelaide Oval,Port Adelaide,Richmond,Richmond,Kamdyn McIntosh,7,3,3,1,2,0,2
2024,20,2024-07-20,Adelaide Oval,Port Adelaide,Richmond,Richmond,Ben Miller,7,2,4,0,0,0,4
2024,20,2024-07-20,Adelaide Oval,Port Adelaide,Richmond,Richmond,Toby Nankervis,4,2,9,0,0,23,2
2024,20,2024-07-20,Adelaide Oval,Port Adelaide,Richmond,Richmond,Dion Prestia,11,3,13,1,0,0,2
2024,20,2024-07-20,Adelaide Oval,Port Adelaide,Richmond,Richmond,Hugo Ralphsmith,5,2,10,0,0,0,2
2024,20,2024-07-20,Adelaide Oval,Port Adelaide,Richmond,Richmond,Daniel Rioli,17,5,11,2,0,0,4
2024,20,2024-07-20,Adelaide Oval,Port Adelaide,Richmond,Richmond,Samson Ryan,3,1,0,0,0,9,1
2024,20,2024-07-20,Adelaide Oval,Port Adelaide,Richmond,Richmond,Jayden Short,21,3,2,0,0,0,2
2024,20,2024-07-20,Adelaide Oval,Port Adelaide,Richmond,Richmond,Kaleb Smith,10,4,4,0,0,0,0
2024,20,2024-07-20,Adelaide Oval,Port Adelaide,Richmond,Richmond,Tyler Sonsie,3,0,0,0,0,0,1
2024,20,2024-07-20,Adelaide Oval,Port Adelaide,Richmond,Richmond,James Trezise,8,5,7,0,0,0,3
2024,20,2024-07-20,Kardinia Park,Geelong,Western Bulldogs,Geelong,Mark Blicavs,8,2,6,0,2,11,6
2024,20,2024-07-20,Kardinia Park,Geelong,Western Bulldogs,Geelong,Jack Bowes,15,2,3,0,0,0,6
2024,20,2024-07-20,Kardinia Park,Geelong,Western Bulldogs,Geelong,Jeremy Cameron,5,1,1,1,1,0,3
2024,20,2024-07-20,Kardinia Park,Geelong,Western Bulldogs,Geelong,Ted Clohesy,4,1,2,0,1,0,3
2024,20,2024-07-20,Kardinia Park,Geelong,Western Bulldogs,Geelong,Brad Close,6,2,5,1,0,0,7
2024,20,2024-07-20,Kardinia Park,Geelong,Western Bulldogs,Geelong,Patrick Dangerfield,13,2,4,1,0,0,6
2024,20,2024-07-20,Kardinia Park,Geelong,Western Bulldogs,Geelong,Sam De Koning,10,3,10,0,0,31,3
2024,20,2024-07-20,Kardinia Park,Geelong,Western Bulldogs,Geelong,Oliver Dempsey,1,0,4,1,0,0,3
2024,20,2024-07-20,Kardinia Park,Geelong,Western Bulldogs,Geelong,Mitch Duncan,16,8,6,0,0,0,3
2024,20,2024-07-20,Kardinia Park,Geelong,Western Bulldogs,Geelong,Zach Guthrie,16,5,3,0,0,0,2
2024,20,2024-07-20,Kardinia Park,Geelong,Western Bulldogs,Geelong,Jack Henry,9,5,2,0,0,0,4
2024,20,2024-07-20,Kardinia Park,Geelong,Western Bulldogs,Geelong,Oliver Henry,2,1,3,1,0,0,3
2024,20,2024-07-20,Kardinia Park,Geelong,Western Bulldogs,Geelong,Max Holmes,15,7,8,0,0,0,1
2024,20,2024-07-20,Kardinia Park,Geelong,Western Bulldogs,Geelong,Lawson Humphries,12,3,1,0,0,0,0
2024,20,2024-07-20,Kardinia Park,Geelong,Western Bulldogs,Geelong,Mitch Knevitt,4,2,3,0,0,0,5
2024,20,2024-07-20,Kardinia Park,Geelong,Western Bulldogs,Geelong,Jake Kolodjashnij,12,7,3,0,0,0,3
2024,20,2024-07-20,Kardinia Park,Geelong,Western Bulldogs,Geelong,Shaun Mannagh,15,0,4,0,0,0,8
2024,20,2024-07-20,Kardinia Park,Geelong,Western Bulldogs,Geelong,Gryan Miers,9,3,6,0,0,0,1
2024,20,2024-07-20,Kardinia Park,Geelong,Western Bulldogs,Geelong,Brandan Parfitt,3,0,3,0,1,0,2
2024,20,2024-07-20,Kardinia Park,Geelong,Western Bulldogs,Geelong,Gary Rohan,9,4,1,0,0,2,1
2024,20,2024-07-20,Kardinia Park,Geelong,Western Bulldogs,Geelong,Tyson Stengle,8,2,4,1,0,0,1
2024,20,2024-07-20,Kardinia Park,Geelong,Western Bulldogs,Geelong,Tom Stewart,22,8,4,1,0,0,5
2024,20,2024-07-20,Kardinia Park,Geelong,Western Bulldogs,Geelong,Zach Tuohy,15,4,5,0,0,0,2
2024,20,2024-07-20,Kardinia Park,Geelong,Western Bulldogs,Western Bulldogs,Marcus Bontempelli,16,2,11,0,2,0,5
2024,20,2024-07-20,Kardinia Park,Geelong,Western Bulldogs,Western Bulldogs,Lachlan Bramble,12,3,5,0,0,0,3
2024,20,2024-07-20,Kardinia Park,Geelong,Western Bulldogs,Western Bulldogs,Nick Coffield,8,6,1,0,0,0,2
2024,20,2024-07-20,Kardinia Park,Geelong,Western Bulldogs,Western Bulldogs,Bailey Dale,17,6,6,0,1,0,1
2024,20,2024-07-20,Kardinia Park,Geelong,Western Bulldogs,Western Bulldogs,Sam Darcy,8,2,2,1,2,8,11
2024,20,2024-07-20,Kardinia Park,Geelong,Western Bulldogs,Western Bulldogs,Taylor Duryea,12,3,3,0,0,0,3
2024,20,2024-07-20,Kardinia Park,Geelong,Western Bulldogs,Western Bulldogs,Tim English,9,5,8,0,0,41,4
2024,20,2024-07-20,Kardinia Park,Geelong,Western Bulldogs,Western Bulldogs,Joel Freijah,10,7,8,0,0,0,1
2024,20,2024-07-20,Kardinia Park,Geelong,Western Bulldogs,Western Bulldogs,Buku Khamis,9,7,5,0,0,0,0
2024,20,2024-07-20,Kardinia Park,Geelong,Western Bulldogs,Western Bulldogs,Tom Liberatore,12,2,11,0,1,0,7
2024,20,2024-07-20,Kardinia Park,Geelong,Western Bulldogs,Western Bulldogs,Rory Lobb,15,9,6,0,0,0,3
2024,20,2024-07-20,Kardinia Park,Geelong,Western Bulldogs,Western Bulldogs,Jack Macrae,1,1,2,0,0,0,2
2024,20,2024-07-20,Kardinia Park,Geelong,Western Bulldogs,Western Bulldogs,Lachlan McNeil,7,3,5,0,2,0,5
2024,20,2024-07-20,Kardinia Park,Geelong,Western Bulldogs,Western Bulldogs,Aaron Naughton,9,5,1,2,1,0,0
2024,20,2024-07-20,Kardinia Park,Geelong,Western Bulldogs,Western Bulldogs,Caleb Poulter,9,3,8,0,0,0,5
2024,20,2024-07-20,Kardinia Park,Geelong,Western Bulldogs,Western Bulldogs,Ed Richards,21,5,8,2,1,0,6
2024,20,2024-07-20,Kardinia Park,Geelong,Western Bulldogs,Western Bulldogs,Ryley Sanders,7,0,10,0,0,0,6
2024,20,2024-07-20,Kardinia Park,Geelong,Western Bulldogs,Western Bulldogs,Adam Treloar,19,6,12,3,0,0,8
2024,20,2024-07-20,Kardinia Park,Geelong,Western Bulldogs,Western Bulldogs,Jamarra Ugle-Hagan,11,4,7,4,1,0,1
2024,20,2024-07-20,Kardinia Park,Geelong,Western Bulldogs,Western Bulldogs,Laitham Vandermeer,6,4,4,0,1,0,1
2024,20,2024-07-20,Kardinia Park,Geelong,Western Bulldogs,Western Bulldogs,Cody Weightman,10,5,4,1,0,0,5
2024,20,2024-07-20,Kardinia Park,Geelong,Western Bulldogs,Western Bulldogs,Rhylee West,4,0,7,0,0,0,6
2024,20,2024-07-20,Kardinia Park,Geelong,Western Bulldogs,Western Bulldogs,Bailey Williams,10,4,4,0,0,0,1
2024,20,2024-07-21,Gabba,Brisbane Lions,Sydney,Brisbane Lions,Callum Ah Chee,7,4,8,1,1,0,2
2024,20,2024-07-21,Gabba,Brisbane Lions,Sydney,Brisbane Lions,Harris Andrews,11,8,3,0,0,0,1
2024,20,2024-07-21,Gabba,Brisbane Lions,Sydney,Brisbane Lions,Will Ashcroft,12,3,8,0,0,0,4
2024,20,2024-07-21,Gabba,Brisbane Lions,Sydney,Brisbane Lions,Zac Bailey,11,4,3,1,1,0,3
2024,20,2024-07-21,Gabba,Brisbane Lions,Sydney,Brisbane Lions,Jarrod Berry,12,7,6,0,1,0,2
2024,20,2024-07-21,Gabba,Brisbane Lions,Sydney,Brisbane Lions,Shadeau Brain,8,5,3,0,0,0,0
2024,20,2024-07-21,Gabba,Brisbane Lions,Sydney,Brisbane Lions,Charlie Cameron,7,4,2,1,0,0,0
2024,20,2024-07-21,Gabba,Brisbane Lions,Sydney,Brisbane Lions,Joe Daniher,12,5,4,3,3,2,0
2024,20,2024-07-21,Gabba,Brisbane Lions,Sydney,Brisbane Lions,Josh Dunkley,6,1,9,0,0,0,6
2024,20,2024-07-21,Gabba,Brisbane Lions,Sydney,Brisbane Lions,Jaspa Fletcher,5,4,5,0,0,0,0
2024,20,2024-07-21,Gabba,Brisbane Lions,Sydney,Brisbane Lions,Eric Hipwood,9,6,1,0,1,0,2
2024,20,2024-07-21,Gabba,Brisbane Lions,Sydney,Brisbane Lions,Darragh Joyce,14,7,1,0,0,0,0
2024,20,2024-07-21,Gabba,Brisbane Lions,Sydney,Brisbane Lions,Ryan Lester,13,11,2,0,0,0,0
2024,20,2024-07-21,Gabba,Brisbane Lions,Sydney,Brisbane Lions,Kai Lohmann,7,5,7,0,1,0,2
2024,20,2024-07-21,Gabba,Brisbane Lions,Sydney,Brisbane Lions,Hugh McCluggage,19,8,7,3,1,0,1
2024,20,2024-07-21,Gabba,Brisbane Lions,Sydney,Brisbane Lions,Oscar McInerney,11,5,11,0,0,27,3
2024,20,2024-07-21,Gabba,Brisbane Lions,Sydney,Brisbane Lions,Lachie Neale,10,2,8,0,0,0,4
2024,20,2024-07-21,Gabba,Brisbane Lions,Sydney,Brisbane Lions,Cam Rayner,11,4,9,2,1,0,7
2024,20,2024-07-21,Gabba,Brisbane Lions,Sydney,Brisbane Lions,Bruce Reville,2,1,0,0,0,0,0
2024,20,2024-07-21,Gabba,Brisbane Lions,Sydney,Brisbane Lions,Henry Smith,2,2,2,0,0,3,3
2024,20,2024-07-21,Gabba,Brisbane Lions,Sydney,Brisbane Lions,Brandon Starcevich,5,2,3,0,0,0,1
2024,20,2024-07-21,Gabba,Brisbane Lions,Sydney,Brisbane Lions,Darcy Wilmot,12,6,6,0,1,0,1
2024,20,2024-07-21,Gabba,Brisbane Lions,Sydney,Brisbane Lions,Dayne Zorko,27,12,2,0,0,0,3
2024,20,2024-07-21,Gabba,Brisbane Lions,Sydney,Sydney,Taylor Adams,7,3,13,1,0,0,4
2024,20,2024-07-21,Gabba,Brisbane Lions,Sydney,Sydney,Joel Amartey,4,4,2,1,0,1,1
2024,20,2024-07-21,Gabba,Brisbane Lions,Sydney,Sydney,Nick Blakey,16,4,2,0,0,0,0
2024,20,2024-07-21,Gabba,Brisbane Lions,Sydney,Sydney,Braeden Campbell,8,3,5,0,0,0,2
2024,20,2024-07-21,Gabba,Brisbane Lions,Sydney,Sydney,Harry Cunningham,6,3,4,0,0,0,0
2024,20,2024-07-21,Gabba,Brisbane Lions,Sydney,Sydney,Oliver Florent,16,6,6,0,0,0,3
2024,20,2024-07-21,Gabba,Brisbane Lions,Sydney,Sydney,Robbie Fox,13,10,13,0,0,0,4
2024,20,2024-07-21,Gabba,Brisbane Lions,Sydney,Sydney,Brodie Grundy,8,3,5,0,0,29,1
2024,20,2024-07-21,Gabba,Brisbane Lions,Sydney,Sydney,Errol Gulden,19,7,8,1,0,0,4
2024,20,2024-07-21,Gabba,Brisbane Lions,Sydney,Sydney,Will Hayward,11,6,6,2,3,0,1
2024,20,2024-07-21,Gabba,Brisbane Lions,Sydney,Sydney,Isaac Heeney,8,3,11,0,2,0,6
2024,20,2024-07-21,Gabba,Brisbane Lions,Sydney,Sydney,James Jordon,7,3,9,0,0,0,3
2024,20,2024-07-21,Gabba,Brisbane Lions,Sydney,Sydney,Jake Lloyd,8,4,6,1,0,0,0
2024,20,2024-07-21,Gabba,Brisbane Lions,Sydney,Sydney,Tom McCartin,12,6,2,0,0,0,1
2024,20,2024-07-21,Gabba,Brisbane Lions,Sydney,Sydney,Logan McDonald,5,4,3,1,1,0,1
2024,20,2024-07-21,Gabba,Brisbane Lions,Sydney,Sydney,Hayden McLean,9,6,2,1,1,9,3
2024,20,2024-07-21,Gabba,Brisbane Lions,Sydney,Sydney,Lewis Melican,5,3,2,0,0,0,4
2024,20,2024-07-21,Gabba,Brisbane Lions,Sydney,Sydney,Tom Papley,3,1,4,0,1,0,1
2024,20,2024-07-21,Gabba,Brisbane Lions,Sydney,Sydney,Luke Parker,9,3,7,1,0,0,2
2024,20,2024-07-21,Gabba,Brisbane Lions,Sydney,Sydney,Dane Rampe,4,2,2,0,0,0,1
2024,20,2024-07-21,Gabba,Brisbane Lions,Sydney,Sydney,Matt Roberts,16,8,7,0,0,0,4
2024,20,2024-07-21,Gabba,Brisbane Lions,Sydney,Sydney,Chad Warner,12,6,8,1,2,0,1
2024,20,2024-07-21,Gabba,Brisbane Lions,Sydney,Sydney,Corey Warner,6,0,7,1,0,0,1
2024,20,2024-07-21,Perth Stadium,Fremantle,Melbourne,Fremantle,James Aish,3,2,4,0,0,0,0
2024,20,2024-07-21,Perth Stadium,Fremantle,Melbourne,Fremantle,Jye Amiss,6,6,2,4,0,0,0
2024,20,2024-07-21,Perth Stadium,Fremantle,Melbourne,Fremantle,Bailey Banfield,7,1,5,0,0,0,2
2024,20,2024-07-21,Perth Stadium,Fremantle,Melbourne,Fremantle,Andrew Brayshaw,17,3,24,0,0,0,3
2024,20,2024-07-21,Perth Stadium,Fremantle,Melbourne,Fremantle,Heath Chapman,4,1,8,0,0,0,2
2024,20,2024-07-21,Perth Stadium,Fremantle,Melbourne,Fremantle,Jordan Clark,16,5,7,1,0,0,1
2024,20,2024-07-21,Perth Stadium,Fremantle,Melbourne,Fremantle,Brennan Cox,6,4,1,0,0,0,2
2024,20,2024-07-21,Perth Stadium,Fremantle,Melbourne,Fremantle,Sean Darcy,8,3,8,0,0,34,0
2024,20,2024-07-21,Perth Stadium,Fremantle,Melbourne,Fremantle,Michael Frederick,12,5,3,0,3,0,1
2024,20,2024-07-21,Perth Stadium,Fremantle,Melbourne,Fremantle,Nat Fyfe,3,3,14,0,0,0,0
2024,20,2024-07-21,Perth Stadium,Fremantle,Melbourne,Fremantle,Luke Jackson,7,4,6,1,2,13,3
2024,20,2024-07-21,Perth Stadium,Fremantle,Melbourne,Fremantle,Jaeger OMeara,15,7,6,0,0,0,2
2024,20,2024-07-21,Perth Stadium,Fremantle,Melbourne,Fremantle,Alex Pearce,3,3,6,0,0,0,1
2024,20,2024-07-21,Perth Stadium,Fremantle,Melbourne,Fremantle,Luke Ryan,16,7,8,0,0,0,0
2024,20,2024-07-21,Perth Stadium,Fremantle,Melbourne,Fremantle,Caleb Serong,14,4,22,1,0,0,5
2024,20,2024-07-21,Perth Stadium,Fremantle,Melbourne,Fremantle,Jeremy Sharp,9,4,5,0,1,0,0
2024,20,2024-07-21,Perth Stadium,Fremantle,Melbourne,Fremantle,Sam Sturt,6,3,5,3,1,0,1
2024,20,2024-07-21,Perth Stadium,Fremantle,Melbourne,Fremantle,Sam Switkowski,5,1,7,0,0,0,3
2024,20,2024-07-21,Perth Stadium,Fremantle,Melbourne,Fremantle,Josh Treacy,12,12,6,3,2,0,2
2024,20,2024-07-21,Perth Stadium,Fremantle,Melbourne,Fremantle,Corey Wagner,8,1,9,0,0,0,1
2024,20,2024-07-21,Perth Stadium,Fremantle,Melbourne,Fremantle,Brandon Walker,7,2,11,0,0,0,1
2024,20,2024-07-21,Perth Stadium,Fremantle,Melbourne,Fremantle,Michael Walters,8,4,8,4,1,0,1
2024,20,2024-07-21,Perth Stadium,Fremantle,Melbourne,Fremantle,Hayden Young,16,3,12,0,2,0,1
2024,20,2024-07-21,Perth Stadium,Fremantle,Melbourne,Melbourne,Jack Billings,12,7,6,1,0,0,0
2024,20,2024-07-21,Perth Stadium,Fremantle,Melbourne,Melbourne,Jake Bowey,11,7,4,0,0,0,3
2024,20,2024-07-21,Perth Stadium,Fremantle,Melbourne,Melbourne,Kade Chandler,7,4,3,2,1,0,4
2024,20,2024-07-21,Perth Stadium,Fremantle,Melbourne,Melbourne,Bayley Fritsch,7,2,3,0,1,0,1
2024,20,2024-07-21,Perth Stadium,Fremantle,Melbourne,Melbourne,Ed Langdon,10,3,7,1,0,0,2
2024,20,2024-07-21,Perth Stadium,Fremantle,Melbourne,Melbourne,Jake Lever,12,7,3,0,0,0,1
2024,20,2024-07-21,Perth Stadium,Fremantle,Melbourne,Melbourne,Steven May,23,9,3,0,0,0,1
2024,20,2024-07-21,Perth Stadium,Fremantle,Melbourne,Melbourne,Tom McDonald,11,8,7,0,0,0,0
2024,20,2024-07-21,Perth Stadium,Fremantle,Melbourne,Melbourne,Judd McVee,14,5,7,0,0,0,0
2024,20,2024-07-21,Perth Stadium,Fremantle,Melbourne,Melbourne,Jake Melksham,6,4,4,1,0,0,0
2024,20,2024-07-21,Perth Stadium,Fremantle,Melbourne,Melbourne,Andy Moniz-Wakefield,6,2,5,0,0,0,1
2024,20,2024-07-21,Perth Stadium,Fremantle,Melbourne,Melbourne,Alex Neal-Bullen,9,5,7,0,0,0,4
2024,20,2024-07-21,Perth Stadium,Fremantle,Melbourne,Melbourne,Clayton Oliver,9,2,9,0,0,0,5
2024,20,2024-07-21,Perth Stadium,Fremantle,Melbourne,Melbourne,Harry Petty,6,6,9,1,0,6,5
2024,20,2024-07-21,Perth Stadium,Fremantle,Melbourne,Melbourne,Kysaiah Pickett,4,1,2,0,0,0,5
2024,20,2024-07-21,Perth Stadium,Fremantle,Melbourne,Melbourne,Trent Rivers,9,4,10,0,0,0,4
2024,20,2024-07-21,Perth Stadium,Fremantle,Melbourne,Melbourne,Christian Salem,8,3,2,0,0,0,4
2024,20,2024-07-21,Perth Stadium,Fremantle,Melbourne,Melbourne,Tom Sparrow,8,4,7,0,1,0,3
2024,20,2024-07-21,Perth Stadium,Fremantle,Melbourne,Melbourne,Koltyn Tholstrup,4,2,2,0,0,0,0
2024,20,2024-07-21,Perth Stadium,Fremantle,Melbourne,Melbourne,Daniel Turner,6,5,1,1,0,0,2
2024,20,2024-07-21,Perth Stadium,Fremantle,Melbourne,Melbourne,Jacob van Rooyen,12,8,5,2,2,3,1
2024,20,2024-07-21,Perth Stadium,Fremantle,Melbourne,Melbourne,Jack Viney,10,2,13,0,0,0,2
2024,20,2024-07-21,Perth Stadium,Fremantle,Melbourne,Melbourne,Caleb Windsor,7,5,8,1,0,0,2
2024,20,2024-07-21,Docklands,Carlton,North Melbourne,Carlton,Blake Acres,8,3,6,0,1,0,2
2024,20,2024-07-21,Docklands,Carlton,North Melbourne,Carlton,Jack Carroll,9,2,8,0,0,0,2
2024,20,2024-07-21,Docklands,Carlton,North Melbourne,Carlton,Adam Cerra,10,2,11,0,0,0,0
2024,20,2024-07-21,Docklands,Carlton,North Melbourne,Carlton,Alex Cincotta,4,1,4,0,1,0,3
2024,20,2024-07-21,Docklands,Carlton,North Melbourne,Carlton,Matthew Cottrell,13,7,6,0,0,0,5
2024,20,2024-07-21,Docklands,Carlton,North Melbourne,Carlton,Lachlan Cowan,5,2,1,0,0,0,2
2024,20,2024-07-21,Docklands,Carlton,North Melbourne,Carlton,Patrick Cripps,10,3,19,0,0,1,7
2024,20,2024-07-21,Docklands,Carlton,North Melbourne,Carlton,David Cuningham,0,0,1,0,0,0,0
2024,20,2024-07-21,Docklands,Carlton,North Melbourne,Carlton,Charlie Curnow,10,9,5,4,2,0,1
2024,20,2024-07-21,Docklands,Carlton,North Melbourne,Carlton,Tom De Koning,10,0,5,0,0,19,2
2024,20,2024-07-21,Docklands,Carlton,North Melbourne,Carlton,Sam Durdin,4,1,1,0,0,0,0
2024,20,2024-07-21,Docklands,Carlton,North Melbourne,Carlton,Lachie Fogarty,6,3,6,2,0,0,5
2024,20,2024-07-21,Docklands,Carlton,North Melbourne,Carlton,George Hewett,9,1,13,0,0,0,6
2024,20,2024-07-21,Docklands,Carlton,North Melbourne,Carlton,Elijah Hollands,7,2,9,0,0,0,5
2024,20,2024-07-21,Docklands,Carlton,North Melbourne,Carlton,Oliver Hollands,14,6,3,1,1,0,1
2024,20,2024-07-21,Docklands,Carlton,North Melbourne,Carlton,Matthew Kennedy,9,5,7,0,0,0,2
2024,20,2024-07-21,Docklands,Carlton,North Melbourne,Carlton,Harry McKay,8,4,4,2,0,0,1
2024,20,2024-07-21,Docklands,Carlton,North Melbourne,Carlton,Jesse Motlop,4,1,2,3,0,0,2
2024,20,2024-07-21,Docklands,Carlton,North Melbourne,Carlton,Nic Newman,14,6,5,0,0,0,1
2024,20,2024-07-21,Docklands,Carlton,North Melbourne,Carlton,Matthew Owies,6,5,2,3,1,0,2
2024,20,2024-07-21,Docklands,Carlton,North Melbourne,Carlton,Adam Saad,11,1,7,1,0,0,4
2024,20,2024-07-21,Docklands,Carlton,North Melbourne,Carlton,Sam Walsh,15,1,10,0,0,0,7
2024,20,2024-07-21,Docklands,Carlton,North Melbourne,Carlton,Jacob Weitering,10,4,4,0,0,1,4
2024,20,2024-07-21,Docklands,Carlton,North Melbourne,North Melbourne,Jackson Archer,9,6,7,0,0,0,0
2024,20,2024-07-21,Docklands,Carlton,North Melbourne,North Melbourne,Charlie Comben,6,3,2,3,0,0,4
2024,20,2024-07-21,Docklands,Carlton,North Melbourne,North Melbourne,Aidan Corr,4,3,2,0,0,0,1
2024,20,2024-07-21,Docklands,Carlton,North Melbourne,North Melbourne,Paul Curtis,8,7,4,3,0,0,4
2024,20,2024-07-21,Docklands,Carlton,North Melbourne,North Melbourne,Luke Davies-Uniacke,15,5,8,0,0,0,5
2024,20,2024-07-21,Docklands,Carlton,North Melbourne,North Melbourne,Zac Fisher,8,1,5,0,0,0,2
2024,20,2024-07-21,Docklands,Carlton,North Melbourne,North Melbourne,Eddie Ford,12,9,2,0,2,0,3
2024,20,2024-07-21,Docklands,Carlton,North Melbourne,North Melbourne,Robert Hansen,2,3,3,1,0,0,1
2024,20,2024-07-21,Docklands,Carlton,North Melbourne,North Melbourne,Nick Larkey,10,9,3,2,0,0,1
2024,20,2024-07-21,Docklands,Carlton,North Melbourne,North Melbourne,Griffin Logue,6,5,4,0,0,0,1
2024,20,2024-07-21,Docklands,Carlton,North Melbourne,North Melbourne,Luke McDonald,8,4,3,0,0,0,0
2024,20,2024-07-21,Docklands,Carlton,North Melbourne,North Melbourne,Colby McKercher,15,4,7,0,0,0,5
2024,20,2024-07-21,Docklands,Carlton,North Melbourne,North Melbourne,Tom Powell,4,2,7,0,0,0,3
2024,20,2024-07-21,Docklands,Carlton,North Melbourne,North Melbourne,Bailey Scott,17,6,8,1,0,0,3
2024,20,2024-07-21,Docklands,Carlton,North Melbourne,North Melbourne,Harry Sheezel,14,7,21,2,0,0,4
2024,20,2024-07-21,Docklands,Carlton,North Melbourne,North Melbourne,Liam Shiels,5,0,0,1,1,0,0
2024,20,2024-07-21,Docklands,Carlton,North Melbourne,North Melbourne,Jy Simpkin,10,3,13,0,0,0,1
2024,20,2024-07-21,Docklands,Carlton,North Melbourne,North Melbourne,Dylan Stephens,15,5,6,0,0,0,1
2024,20,2024-07-21,Docklands,Carlton,North Melbourne,North Melbourne,Brynn Teakle,4,3,3,1,0,4,2
2024,20,2024-07-21,Docklands,Carlton,North Melbourne,North Melbourne,Darcy Tucker,9,5,7,0,0,0,1
2024,20,2024-07-21,Docklands,Carlton,North Melbourne,North Melbourne,George Wardlaw,13,4,6,0,1,0,2
2024,20,2024-07-21,Docklands,Carlton,North Melbourne,North Melbourne,Tristan Xerri,10,2,6,0,0,43,10
2024,20,2024-07-21,Docklands,Carlton,North Melbourne,North Melbourne,Cameron Zurhaar,10,6,7,0,0,0,2
2024,21,2024-07-26,Docklands,Carlton,Port Adelaide,Carlton,Jack Carroll,8,5,1,0,0,0,2
2024,21,2024-07-26,Docklands,Carlton,Port Adelaide,Carlton,Adam Cerra,10,2,5,0,0,0,1
2024,21,2024-07-26,Docklands,Carlton,Port Adelaide,Carlton,Alex Cincotta,3,2,6,0,0,0,4
2024,21,2024-07-26,Docklands,Carlton,Port Adelaide,Carlton,Matthew Cottrell,6,5,4,1,1,0,2
2024,21,2024-07-26,Docklands,Carlton,Port Adelaide,Carlton,Lachlan Cowan,7,4,6,0,0,0,0
2024,21,2024-07-26,Docklands,Carlton,Port Adelaide,Carlton,Patrick Cripps,10,2,15,0,0,0,5
2024,21,2024-07-26,Docklands,Carlton,Port Adelaide,Carlton,David Cuningham,0,0,0,0,0,0,0
2024,21,2024-07-26,Docklands,Carlton,Port Adelaide,Carlton,Charlie Curnow,19,9,0,3,1,0,2
2024,21,2024-07-26,Docklands,Carlton,Port Adelaide,Carlton,Lachie Fogarty,7,0,4,0,1,0,2
2024,21,2024-07-26,Docklands,Carlton,Port Adelaide,Carlton,George Hewett,9,1,14,0,1,0,8
2024,21,2024-07-26,Docklands,Carlton,Port Adelaide,Carlton,Elijah Hollands,15,6,5,0,1,0,4
2024,21,2024-07-26,Docklands,Carlton,Port Adelaide,Carlton,Oliver Hollands,9,4,5,0,0,0,2
2024,21,2024-07-26,Docklands,Carlton,Port Adelaide,Carlton,Brodie Kemp,7,4,10,0,0,0,2
2024,21,2024-07-26,Docklands,Carlton,Port Adelaide,Carlton,Matthew Kennedy,9,5,4,2,2,0,3
2024,21,2024-07-26,Docklands,Carlton,Port Adelaide,Carlton,Mitch McGovern,15,3,2,0,1,0,4
2024,21,2024-07-26,Docklands,Carlton,Port Adelaide,Carlton,Jesse Motlop,3,2,4,1,0,0,3
2024,21,2024-07-26,Docklands,Carlton,Port Adelaide,Carlton,Nic Newman,13,6,7,0,1,0,8
2024,21,2024-07-26,Docklands,Carlton,Port Adelaide,Carlton,Matthew Owies,5,2,1,1,0,0,4
2024,21,2024-07-26,Docklands,Carlton,Port Adelaide,Carlton,Marc Pittonet,9,2,4,0,0,35,0
2024,21,2024-07-26,Docklands,Carlton,Port Adelaide,Carlton,Adam Saad,6,1,9,0,0,0,4
2024,21,2024-07-26,Docklands,Carlton,Port Adelaide,Carlton,Sam Walsh,11,1,12,0,0,0,11
2024,21,2024-07-26,Docklands,Carlton,Port Adelaide,Carlton,Jacob Weitering,12,6,4,0,0,0,0
2024,21,2024-07-26,Docklands,Carlton,Port Adelaide,Carlton,Lewis Young,5,3,6,1,0,3,2
2024,21,2024-07-26,Docklands,Carlton,Port Adelaide,Port Adelaide,Aliir Aliir,12,8,1,0,0,0,1
2024,21,2024-07-26,Docklands,Carlton,Port Adelaide,Port Adelaide,Miles Bergman,13,7,3,0,0,0,6
2024,21,2024-07-26,Docklands,Carlton,Port Adelaide,Port Adelaide,Travis Boak,17,6,5,0,0,0,1
2024,21,2024-07-26,Docklands,Carlton,Port Adelaide,Port Adelaide,Jase Burgoyne,13,5,9,0,0,0,5
2024,21,2024-07-26,Docklands,Carlton,Port Adelaide,Port Adelaide,Zak Butters,10,5,13,0,1,0,5
2024,21,2024-07-26,Docklands,Carlton,Port Adelaide,Port Adelaide,Darcy Byrne-Jones,7,1,1,2,0,0,2
2024,21,2024-07-26,Docklands,Carlton,Port Adelaide,Port Adelaide,Charlie Dixon,2,1,6,0,0,9,0
2024,21,2024-07-26,Docklands,Carlton,Port Adelaide,Port Adelaide,Willem Drew,11,3,11,0,0,0,12
2024,21,2024-07-26,Docklands,Carlton,Port Adelaide,Port Adelaide,Francis Evans,6,1,7,0,1,0,4
2024,21,2024-07-26,Docklands,Carlton,Port Adelaide,Port Adelaide,Logan Evans,9,4,4,0,0,0,2
2024,21,2024-07-26,Docklands,Carlton,Port Adelaide,Port Adelaide,Kane Farrell,15,4,1,1,0,0,1
2024,21,2024-07-26,Docklands,Carlton,Port Adelaide,Port Adelaide,Mitch Georgiades,8,4,4,3,2,0,3
2024,21,2024-07-26,Docklands,Carlton,Port Adelaide,Port Adelaide,Jason Horne-Francis,18,5,5,1,2,0,6
2024,21,2024-07-26,Docklands,Carlton,Port Adelaide,Port Adelaide,Dan Houston,16,2,3,0,0,0,5
2024,21,2024-07-26,Docklands,Carlton,Port Adelaide,Port Adelaide,Lachie Jones,6,4,5,0,0,0,3
2024,21,2024-07-26,Docklands,Carlton,Port Adelaide,Port Adelaide,Jackson Mead,7,3,9,1,1,0,6
2024,21,2024-07-26,Docklands,Carlton,Port Adelaide,Port Adelaide,Quinton Narkle,1,1,0,0,0,0,0
2024,21,2024-07-26,Docklands,Carlton,Port Adelaide,Port Adelaide,Esava Ratugolea,5,6,7,2,1,0,2
2024,21,2024-07-26,Docklands,Carlton,Port Adelaide,Port Adelaide,Willie Rioli,10,4,3,1,3,0,7
2024,21,2024-07-26,Docklands,Carlton,Port Adelaide,Port Adelaide,Connor Rozee,13,3,11,0,0,0,1
2024,21,2024-07-26,Docklands,Carlton,Port Adelaide,Port Adelaide,Jordon Sweet,3,3,4,0,0,41,8
2024,21,2024-07-26,Docklands,Carlton,Port Adelaide,Port Adelaide,Ollie Wines,10,2,15,0,0,0,10
2024,21,2024-07-26,Docklands,Carlton,Port Adelaide,Port Adelaide,Brandon Zerk-Thatcher,2,4,10,0,0,0,1
2024,21,2024-07-27,Bellerive Oval,North Melbourne,Geelong,North Melbourne,Jackson Archer,5,5,7,0,0,0,8
2024,21,2024-07-27,Bellerive Oval,North Melbourne,Geelong,North Melbourne,Charlie Comben,3,3,2,0,0,0,1
2024,21,2024-07-27,Bellerive Oval,North Melbourne,Geelong,North Melbourne,Aidan Corr,5,5,6,0,0,0,1
2024,21,2024-07-27,Bellerive Oval,North Melbourne,Geelong,North Melbourne,Paul Curtis,3,1,10,1,1,0,6
2024,21,2024-07-27,Bellerive Oval,North Melbourne,Geelong,North Melbourne,Luke Davies-Uniacke,12,3,19,0,0,0,6
2024,21,2024-07-27,Bellerive Oval,North Melbourne,Geelong,North Melbourne,Zane Duursma,6,5,0,2,0,0,0
2024,21,2024-07-27,Bellerive Oval,North Melbourne,Geelong,North Melbourne,Robert Hansen,4,1,4,0,0,0,1
2024,21,2024-07-27,Bellerive Oval,North Melbourne,Geelong,North Melbourne,Nick Larkey,6,3,1,3,0,0,0
2024,21,2024-07-27,Bellerive Oval,North Melbourne,Geelong,North Melbourne,Griffin Logue,9,4,5,0,0,0,2
2024,21,2024-07-27,Bellerive Oval,North Melbourne,Geelong,North Melbourne,Luke McDonald,11,7,7,0,0,0,4
2024,21,2024-07-27,Bellerive Oval,North Melbourne,Geelong,North Melbourne,Will Phillips,9,2,11,0,0,0,5
2024,21,2024-07-27,Bellerive Oval,North Melbourne,Geelong,North Melbourne,Tom Powell,15,7,19,0,0,0,6
2024,21,2024-07-27,Bellerive Oval,North Melbourne,Geelong,North Melbourne,Bailey Scott,12,3,6,0,0,0,0
2024,21,2024-07-27,Bellerive Oval,North Melbourne,Geelong,North Melbourne,Harry Sheezel,13,3,23,1,0,0,5
2024,21,2024-07-27,Bellerive Oval,North Melbourne,Geelong,North Melbourne,Liam Shiels,11,6,4,0,0,0,4
2024,21,2024-07-27,Bellerive Oval,North Melbourne,Geelong,North Melbourne,Jy Simpkin,11,3,13,1,0,0,4
2024,21,2024-07-27,Bellerive Oval,North Melbourne,Geelong,North Melbourne,Dylan Stephens,10,4,7,0,1,0,2
2024,21,2024-07-27,Bellerive Oval,North Melbourne,Geelong,North Melbourne,Jaidyn Stephenson,16,3,10,0,0,0,3
2024,21,2024-07-27,Bellerive Oval,North Melbourne,Geelong,North Melbourne,Brynn Teakle,1,1,2,1,0,5,1
2024,21,2024-07-27,Bellerive Oval,North Melbourne,Geelong,North Melbourne,Darcy Tucker,10,1,10,0,0,0,0
2024,21,2024-07-27,Bellerive Oval,North Melbourne,Geelong,North Melbourne,George Wardlaw,12,2,10,0,0,0,5
2024,21,2024-07-27,Bellerive Oval,North Melbourne,Geelong,North Melbourne,Tristan Xerri,13,5,12,0,1,54,8
2024,21,2024-07-27,Bellerive Oval,North Melbourne,Geelong,North Melbourne,Cameron Zurhaar,12,5,7,1,0,0,5
2024,21,2024-07-27,Bellerive Oval,North Melbourne,Geelong,Geelong,Jed Bews,9,7,4,0,0,0,4
2024,21,2024-07-27,Bellerive Oval,North Melbourne,Geelong,Geelong,Mark Blicavs,6,5,4,0,0,25,5
2024,21,2024-07-27,Bellerive Oval,North Melbourne,Geelong,Geelong,Jack Bowes,13,5,7,0,1,0,9
2024,21,2024-07-27,Bellerive Oval,North Melbourne,Geelong,Geelong,Tanner Bruhn,9,3,7,0,0,0,3
2024,21,2024-07-27,Bellerive Oval,North Melbourne,Geelong,Geelong,Jeremy Cameron,15,8,4,2,2,0,3
2024,21,2024-07-27,Bellerive Oval,North Melbourne,Geelong,Geelong,Ted Clohesy,2,2,2,0,0,0,5
2024,21,2024-07-27,Bellerive Oval,North Melbourne,Geelong,Geelong,Brad Close,9,5,5,1,0,0,4
2024,21,2024-07-27,Bellerive Oval,North Melbourne,Geelong,Geelong,Patrick Dangerfield,8,1,4,1,0,0,2
2024,21,2024-07-27,Bellerive Oval,North Melbourne,Geelong,Geelong,Sam De Koning,5,4,6,0,0,0,0
2024,21,2024-07-27,Bellerive Oval,North Melbourne,Geelong,Geelong,Oliver Dempsey,8,2,10,3,0,0,5
2024,21,2024-07-27,Bellerive Oval,North Melbourne,Geelong,Geelong,Mitch Duncan,16,7,6,0,1,0,1
2024,21,2024-07-27,Bellerive Oval,North Melbourne,Geelong,Geelong,Zach Guthrie,12,6,2,0,0,0,4
2024,21,2024-07-27,Bellerive Oval,North Melbourne,Geelong,Geelong,Jack Henry,10,9,3,0,0,0,0
2024,21,2024-07-27,Bellerive Oval,North Melbourne,Geelong,Geelong,Oliver Henry,12,5,6,2,1,0,1
2024,21,2024-07-27,Bellerive Oval,North Melbourne,Geelong,Geelong,Max Holmes,14,5,8,1,0,0,5
2024,21,2024-07-27,Bellerive Oval,North Melbourne,Geelong,Geelong,Lawson Humphries,14,5,7,0,1,0,0
2024,21,2024-07-27,Bellerive Oval,North Melbourne,Geelong,Geelong,Jake Kolodjashnij,8,4,6,0,0,0,1
2024,21,2024-07-27,Bellerive Oval,North Melbourne,Geelong,Geelong,Shaun Mannagh,8,2,4,2,0,0,3
2024,21,2024-07-27,Bellerive Oval,North Melbourne,Geelong,Geelong,Gryan Miers,11,7,10,0,1,0,7
2024,21,2024-07-27,Bellerive Oval,North Melbourne,Geelong,Geelong,Shannon Neale,5,1,6,1,0,8,4
2024,21,2024-07-27,Bellerive Oval,North Melbourne,Geelong,Geelong,Gary Rohan,3,2,0,0,0,1,2
2024,21,2024-07-27,Bellerive Oval,North Melbourne,Geelong,Geelong,Tyson Stengle,7,1,4,3,0,0,5
2024,21,2024-07-27,Bellerive Oval,North Melbourne,Geelong,Geelong,Tom Stewart,26,9,6,0,0,0,1
2024,21,2024-07-27,Docklands,St Kilda,Essendon,St Kilda,Josh Battle,13,9,6,0,0,0,3
2024,21,2024-07-27,Docklands,St Kilda,Essendon,St Kilda,Riley Bonner,15,6,7,0,0,0,1
2024,21,2024-07-27,Docklands,St Kilda,Essendon,St Kilda,Dan Butler,7,5,5,1,0,0,2
2024,21,2024-07-27,Docklands,St Kilda,Essendon,St Kilda,Ryan Byrnes,11,5,9,0,0,0,2
2024,21,2024-07-27,Docklands,St Kilda,Essendon,St Kilda,Anthony Caminiti,9,8,6,3,1,1,3
2024,21,2024-07-27,Docklands,St Kilda,Essendon,St Kilda,Hunter Clark,11,1,9,0,0,0,1
2024,21,2024-07-27,Docklands,St Kilda,Essendon,St Kilda,Hugo Garcia,0,0,0,0,0,0,0
2024,21,2024-07-27,Docklands,St Kilda,Essendon,St Kilda,Jack Higgins,6,4,4,2,1,0,2
2024,21,2024-07-27,Docklands,St Kilda,Essendon,St Kilda,Bradley Hill,8,4,3,0,0,0,1
2024,21,2024-07-27,Docklands,St Kilda,Essendon,St Kilda,Dougal Howard,9,8,4,0,0,0,0
2024,21,2024-07-27,Docklands,St Kilda,Essendon,St Kilda,Zak Jones,12,5,10,0,0,0,3
2024,21,2024-07-27,Docklands,St Kilda,Essendon,St Kilda,Rowan Marshall,16,10,10,1,0,30,3
2024,21,2024-07-27,Docklands,St Kilda,Essendon,St Kilda,Tim Membrey,8,6,3,2,0,0,1
2024,21,2024-07-27,Docklands,St Kilda,Essendon,St Kilda,Mitch Owens,15,9,3,1,1,0,0
2024,21,2024-07-27,Docklands,St Kilda,Essendon,St Kilda,Cooper Sharman,16,10,5,3,0,0,2
2024,21,2024-07-27,Docklands,St Kilda,Essendon,St Kilda,Jack Sinclair,17,9,11,0,0,0,1
2024,21,2024-07-27,Docklands,St Kilda,Essendon,St Kilda,Jack Steele,13,6,8,3,0,0,5
2024,21,2024-07-27,Docklands,St Kilda,Essendon,St Kilda,Liam Stocker,6,3,6,0,0,0,3
2024,21,2024-07-27,Docklands,St Kilda,Essendon,St Kilda,Nasiah Wanganeen-Milera,23,7,8,1,0,0,0
2024,21,2024-07-27,Docklands,St Kilda,Essendon,St Kilda,Jimmy Webster,10,6,3,0,0,0,3
2024,21,2024-07-27,Docklands,St Kilda,Essendon,St Kilda,Callum Wilkie,13,11,8,0,0,0,3
2024,21,2024-07-27,Docklands,St Kilda,Essendon,St Kilda,Darcy Wilson,10,9,7,0,0,0,2
2024,21,2024-07-27,Docklands,St Kilda,Essendon,St Kilda,Mason Wood,12,8,7,0,0,0,1
2024,21,2024-07-27,Docklands,St Kilda,Essendon,Essendon,Nate Caddy,5,3,4,0,0,0,1
2024,21,2024-07-27,Docklands,St Kilda,Essendon,Essendon,Jye Caldwell,8,2,13,0,1,0,4
2024,21,2024-07-27,Docklands,St Kilda,Essendon,Essendon,Nik Cox,7,7,10,0,0,0,0
2024,21,2024-07-27,Docklands,St Kilda,Essendon,Essendon,Sam Draper,6,3,3,1,0,23,4
2024,21,2024-07-27,Docklands,St Kilda,Essendon,Essendon,Sam Durham,15,5,6,1,0,0,1
2024,21,2024-07-27,Docklands,St Kilda,Essendon,Essendon,Xavier Duursma,19,9,6,1,0,0,3
2024,21,2024-07-27,Docklands,St Kilda,Essendon,Essendon,Jade Gresham,6,3,6,0,0,0,4
2024,21,2024-07-27,Docklands,St Kilda,Essendon,Essendon,Dyson Heppell,9,4,8,0,0,0,2
2024,21,2024-07-27,Docklands,St Kilda,Essendon,Essendon,Harry Jones,11,8,4,1,0,0,1
2024,21,2024-07-27,Docklands,St Kilda,Essendon,Essendon,Kyle Langford,6,5,2,0,2,0,0
2024,21,2024-07-27,Docklands,St Kilda,Essendon,Essendon,Jayden Laverde,8,6,1,0,0,0,1
2024,21,2024-07-27,Docklands,St Kilda,Essendon,Essendon,Nic Martin,17,6,6,0,0,0,3
2024,21,2024-07-27,Docklands,St Kilda,Essendon,Essendon,Andrew McGrath,14,7,4,0,0,0,1
2024,21,2024-07-27,Docklands,St Kilda,Essendon,Essendon,Ben McKay,9,6,4,0,0,0,2
2024,21,2024-07-27,Docklands,St Kilda,Essendon,Essendon,Jye Menzie,7,4,5,0,0,0,1
2024,21,2024-07-27,Docklands,St Kilda,Essendon,Essendon,Zach Merrett,15,4,9,1,0,0,5
2024,21,2024-07-27,Docklands,St Kilda,Essendon,Essendon,Darcy Parish,5,1,8,0,0,0,6
2024,21,2024-07-27,Docklands,St Kilda,Essendon,Essendon,Archie Perkins,1,1,3,0,0,0,1
2024,21,2024-07-27,Docklands,St Kilda,Essendon,Essendon,Mason Redman,13,6,3,0,1,0,1
2024,21,2024-07-27,Docklands,St Kilda,Essendon,Essendon,Jordan Ridley,3,2,1,0,0,0,2
2024,21,2024-07-27,Docklands,St Kilda,Essendon,Essendon,Dylan Shiel,10,4,9,2,0,0,2
2024,21,2024-07-27,Docklands,St Kilda,Essendon,Essendon,Jake Stringer,9,3,10,1,0,0,1
2024,21,2024-07-27,Docklands,St Kilda,Essendon,Essendon,Peter Wright,2,1,5,0,0,11,2
2024,21,2024-07-27,Carrara,Gold Coast,Brisbane Lions,Gold Coast,Noah Anderson,14,4,9,0,0,0,3
2024,21,2024-07-27,Carrara,Gold Coast,Brisbane Lions,Gold Coast,Mac Andrew,12,10,3,0,0,2,1
2024,21,2024-07-27,Carrara,Gold Coast,Brisbane Lions,Gold Coast,Charlie Ballard,7,3,9,0,0,0,3
2024,21,2024-07-27,Carrara,Gold Coast,Brisbane Lions,Gold Coast,Tom Berry,3,1,3,0,0,0,0
2024,21,2024-07-27,Carrara,Gold Coast,Brisbane Lions,Gold Coast,Sam Clohesy,6,3,11,0,0,0,0
2024,21,2024-07-27,Carrara,Gold Coast,Brisbane Lions,Gold Coast,Sam Collins,7,5,5,0,0,0,2
2024,21,2024-07-27,Carrara,Gold Coast,Brisbane Lions,Gold Coast,Sam Flanders,17,4,16,1,0,0,3
2024,21,2024-07-27,Carrara,Gold Coast,Brisbane Lions,Gold Coast,Will Graham,6,2,7,1,0,0,7
2024,21,2024-07-27,Carrara,Gold Coast,Brisbane Lions,Gold Coast,Nick Holman,4,1,7,1,0,0,3
2024,21,2024-07-27,Carrara,Gold Coast,Brisbane Lions,Gold Coast,Bailey Humphrey,9,3,8,0,1,0,5
2024,21,2024-07-27,Carrara,Gold Coast,Brisbane Lions,Gold Coast,Joel Jeffrey,10,4,7,0,1,0,1
2024,21,2024-07-27,Carrara,Gold Coast,Brisbane Lions,Gold Coast,Lloyd Johnston,7,2,3,0,0,0,2
2024,21,2024-07-27,Carrara,Gold Coast,Brisbane Lions,Gold Coast,Ben King,7,7,1,1,3,0,1
2024,21,2024-07-27,Carrara,Gold Coast,Brisbane Lions,Gold Coast,Ben Long,8,6,3,1,2,0,3
2024,21,2024-07-27,Carrara,Gold Coast,Brisbane Lions,Gold Coast,Jack Lukosius,8,5,2,0,2,0,2
2024,21,2024-07-27,Carrara,Gold Coast,Brisbane Lions,Gold Coast,Ned Moyle,1,2,3,0,0,10,3
2024,21,2024-07-27,Carrara,Gold Coast,Brisbane Lions,Gold Coast,Wil Powell,11,4,4,0,0,0,0
2024,21,2024-07-27,Carrara,Gold Coast,Brisbane Lions,Gold Coast,Malcolm Rosas,5,0,0,2,0,0,1
2024,21,2024-07-27,Carrara,Gold Coast,Brisbane Lions,Gold Coast,Matt Rowell,11,4,10,1,0,0,6
2024,21,2024-07-27,Carrara,Gold Coast,Brisbane Lions,Gold Coast,David Swallow,7,2,7,0,0,0,5
2024,21,2024-07-27,Carrara,Gold Coast,Brisbane Lions,Gold Coast,Bodhi Uwland,9,2,5,0,0,0,2
2024,21,2024-07-27,Carrara,Gold Coast,Brisbane Lions,Gold Coast,Lachie Weller,14,4,7,0,0,0,1
2024,21,2024-07-27,Carrara,Gold Coast,Brisbane Lions,Gold Coast,Jarrod Witts,3,3,4,1,0,39,3
2024,21,2024-07-27,Carrara,Gold Coast,Brisbane Lions,Brisbane Lions,Callum Ah Chee,12,5,6,0,0,0,3
2024,21,2024-07-27,Carrara,Gold Coast,Brisbane Lions,Brisbane Lions,Will Ashcroft,10,1,11,0,1,0,2
2024,21,2024-07-27,Carrara,Gold Coast,Brisbane Lions,Brisbane Lions,Zac Bailey,9,7,4,1,0,0,3
2024,21,2024-07-27,Carrara,Gold Coast,Brisbane Lions,Brisbane Lions,Jarrod Berry,19,10,5,0,1,0,3
2024,21,2024-07-27,Carrara,Gold Coast,Brisbane Lions,Brisbane Lions,Shadeau Brain,5,1,6,0,0,0,0
2024,21,2024-07-27,Carrara,Gold Coast,Brisbane Lions,Brisbane Lions,Charlie Cameron,5,3,3,2,1,0,0
2024,21,2024-07-27,Carrara,Gold Coast,Brisbane Lions,Brisbane Lions,Joe Daniher,8,6,2,2,2,1,0
2024,21,2024-07-27,Carrara,Gold Coast,Brisbane Lions,Brisbane Lions,Josh Dunkley,20,7,11,1,1,0,5
2024,21,2024-07-27,Carrara,Gold Coast,Brisbane Lions,Brisbane Lions,Jaspa Fletcher,3,2,10,0,0,0,3
2024,21,2024-07-27,Carrara,Gold Coast,Brisbane Lions,Brisbane Lions,Eric Hipwood,9,8,1,1,0,0,1
2024,21,2024-07-27,Carrara,Gold Coast,Brisbane Lions,Brisbane Lions,Ryan Lester,16,8,6,0,0,0,3
2024,21,2024-07-27,Carrara,Gold Coast,Brisbane Lions,Brisbane Lions,Kai Lohmann,4,2,10,1,1,0,2
2024,21,2024-07-27,Carrara,Gold Coast,Brisbane Lions,Brisbane Lions,Hugh McCluggage,14,6,8,2,0,0,5
2024,21,2024-07-27,Carrara,Gold Coast,Brisbane Lions,Brisbane Lions,Oscar McInerney,6,2,7,0,0,26,2
2024,21,2024-07-27,Carrara,Gold Coast,Brisbane Lions,Brisbane Lions,Conor McKenna,4,2,0,0,0,0,0
2024,21,2024-07-27,Carrara,Gold Coast,Brisbane Lions,Brisbane Lions,Logan Morris,10,5,5,0,3,0,0
2024,21,2024-07-27,Carrara,Gold Coast,Brisbane Lions,Brisbane Lions,Lachie Neale,16,7,19,1,0,0,4
2024,21,2024-07-27,Carrara,Gold Coast,Brisbane Lions,Brisbane Lions,Jaxon Prior,16,10,3,0,0,0,1
2024,21,2024-07-27,Carrara,Gold Coast,Brisbane Lions,Brisbane Lions,Cam Rayner,12,6,13,2,1,0,4
2024,21,2024-07-27,Carrara,Gold Coast,Brisbane Lions,Brisbane Lions,Henry Smith,3,1,4,0,0,2,2
2024,21,2024-07-27,Carrara,Gold Coast,Brisbane Lions,Brisbane Lions,Brandon Starcevich,12,8,3,0,1,0,2
2024,21,2024-07-27,Carrara,Gold Coast,Brisbane Lions,Brisbane Lions,Darcy Wilmot,23,9,4,0,0,0,3
2024,21,2024-07-27,Carrara,Gold Coast,Brisbane Lions,Brisbane Lions,Dayne Zorko,28,12,4,0,1,0,3
2024,21,2024-07-27,M.C.G.,Melbourne,Greater Western Sydney,Melbourne,Jack Billings,7,3,5,0,0,0,1
2024,21,2024-07-27,M.C.G.,Melbourne,Greater Western Sydney,Melbourne,Jake Bowey,13,8,3,0,0,0,1
2024,21,2024-07-27,M.C.G.,Melbourne,Greater Western Sydney,Melbourne,Kade Chandler,10,3,3,2,1,0,3
2024,21,2024-07-27,M.C.G.,Melbourne,Greater Western Sydney,Melbourne,Bayley Fritsch,6,4,2,2,0,0,0
2024,21,2024-07-27,M.C.G.,Melbourne,Greater Western Sydney,Melbourne,Max Gawn,9,3,7,1,0,24,0
2024,21,2024-07-27,M.C.G.,Melbourne,Greater Western Sydney,Melbourne,Ed Langdon,16,6,5,1,0,0,1
2024,21,2024-07-27,M.C.G.,Melbourne,Greater Western Sydney,Melbourne,Bailey Laurie,6,4,13,0,0,0,3
2024,21,2024-07-27,M.C.G.,Melbourne,Greater Western Sydney,Melbourne,Jake Lever,10,7,8,0,0,0,1
2024,21,2024-07-27,M.C.G.,Melbourne,Greater Western Sydney,Melbourne,Steven May,17,5,2,0,0,0,2
2024,21,2024-07-27,M.C.G.,Melbourne,Greater Western Sydney,Melbourne,Tom McDonald,11,6,2,0,0,0,1
2024,21,2024-07-27,M.C.G.,Melbourne,Greater Western Sydney,Melbourne,Judd McVee,16,7,3,0,0,0,1
2024,21,2024-07-27,M.C.G.,Melbourne,Greater Western Sydney,Melbourne,Jake Melksham,7,3,4,1,1,0,1
2024,21,2024-07-27,M.C.G.,Melbourne,Greater Western Sydney,Melbourne,Andy Moniz-Wakefield,8,2,4,0,0,0,1
2024,21,2024-07-27,M.C.G.,Melbourne,Greater Western Sydney,Melbourne,Alex Neal-Bullen,5,2,10,1,0,0,11
2024,21,2024-07-27,M.C.G.,Melbourne,Greater Western Sydney,Melbourne,Clayton Oliver,18,4,8,0,0,0,5
2024,21,2024-07-27,M.C.G.,Melbourne,Greater Western Sydney,Melbourne,Harry Petty,7,6,3,1,1,0,3
2024,21,2024-07-27,M.C.G.,Melbourne,Greater Western Sydney,Melbourne,Kysaiah Pickett,5,2,3,1,2,0,8
2024,21,2024-07-27,M.C.G.,Melbourne,Greater Western Sydney,Melbourne,Trent Rivers,16,5,9,0,0,0,2
2024,21,2024-07-27,M.C.G.,Melbourne,Greater Western Sydney,Melbourne,Daniel Turner,2,0,0,0,0,0,0
2024,21,2024-07-27,M.C.G.,Melbourne,Greater Western Sydney,Melbourne,Jacob van Rooyen,3,1,6,1,1,4,2
2024,21,2024-07-27,M.C.G.,Melbourne,Greater Western Sydney,Melbourne,Jack Viney,9,1,14,1,0,0,5
2024,21,2024-07-27,M.C.G.,Melbourne,Greater Western Sydney,Melbourne,Caleb Windsor,6,4,0,0,1,0,4
2024,21,2024-07-27,M.C.G.,Melbourne,Greater Western Sydney,Melbourne,Taj Woewodin,5,3,4,0,0,0,1
2024,21,2024-07-27,M.C.G.,Melbourne,Greater Western Sydney,Greater Western Sydney,Lachie Ash,12,3,10,0,0,0,2
2024,21,2024-07-27,M.C.G.,Melbourne,Greater Western Sydney,Greater Western Sydney,Toby Bedford,7,3,10,1,0,0,6
2024,21,2024-07-27,M.C.G.,Melbourne,Greater Western Sydney,Greater Western Sydney,Kieren Briggs,8,3,9,0,1,36,4
2024,21,2024-07-27,M.C.G.,Melbourne,Greater Western Sydney,Greater Western Sydney,Jack Buckley,11,6,5,0,0,0,0
2024,21,2024-07-27,M.C.G.,Melbourne,Greater Western Sydney,Greater Western Sydney,Aaron Cadman,2,1,1,0,0,0,0
2024,21,2024-07-27,M.C.G.,Melbourne,Greater Western Sydney,Greater Western Sydney,Finn Callaghan,17,6,19,0,1,0,3
2024,21,2024-07-27,M.C.G.,Melbourne,Greater Western Sydney,Greater Western Sydney,Brent Daniels,14,8,3,2,0,0,8
2024,21,2024-07-27,M.C.G.,Melbourne,Greater Western Sydney,Greater Western Sydney,Joe Fonti,0,0,0,0,0,0,0
2024,21,2024-07-27,M.C.G.,Melbourne,Greater Western Sydney,Greater Western Sydney,Tom Green,17,5,16,1,0,0,1
2024,21,2024-07-27,M.C.G.,Melbourne,Greater Western Sydney,Greater Western Sydney,Toby Greene,14,6,2,3,2,0,4
2024,21,2024-07-27,M.C.G.,Melbourne,Greater Western Sydney,Greater Western Sydney,Harry Himmelberg,15,7,6,0,0,0,4
2024,21,2024-07-27,M.C.G.,Melbourne,Greater Western Sydney,Greater Western Sydney,Jesse Hogan,6,6,5,4,0,0,0
2024,21,2024-07-27,M.C.G.,Melbourne,Greater Western Sydney,Greater Western Sydney,Connor Idun,7,6,8,0,0,0,4
2024,21,2024-07-27,M.C.G.,Melbourne,Greater Western Sydney,Greater Western Sydney,Darcy Jones,6,1,6,0,0,0,1
2024,21,2024-07-27,M.C.G.,Melbourne,Greater Western Sydney,Greater Western Sydney,Toby McMullin,6,3,5,1,0,0,2
2024,21,2024-07-27,M.C.G.,Melbourne,Greater Western Sydney,Greater Western Sydney,Xavier OHalloran,10,1,2,0,0,0,1
2024,21,2024-07-27,M.C.G.,Melbourne,Greater Western Sydney,Greater Western Sydney,James Peatling,18,5,10,0,0,0,11
2024,21,2024-07-27,M.C.G.,Melbourne,Greater Western Sydney,Greater Western Sydney,Harry Perryman,9,5,8,0,0,0,1
2024,21,2024-07-27,M.C.G.,Melbourne,Greater Western Sydney,Greater Western Sydney,Jake Riccardi,5,4,4,0,1,2,2
2024,21,2024-07-27,M.C.G.,Melbourne,Greater Western Sydney,Greater Western Sydney,Sam Taylor,7,0,4,0,0,0,1
2024,21,2024-07-27,M.C.G.,Melbourne,Greater Western Sydney,Greater Western Sydney,Harvey Thomas,7,3,7,0,0,0,3
2024,21,2024-07-27,M.C.G.,Melbourne,Greater Western Sydney,Greater Western Sydney,Callan Ward,13,5,10,1,0,0,0
2024,21,2024-07-27,M.C.G.,Melbourne,Greater Western Sydney,Greater Western Sydney,Lachie Whitfield,25,6,10,0,0,0,5
2024,21,2024-07-27,Perth Stadium,Fremantle,West Coast,Fremantle,James Aish,4,2,5,0,0,0,0
2024,21,2024-07-27,Perth Stadium,Fremantle,West Coast,Fremantle,Jye Amiss,5,3,4,1,1,0,2
2024,21,2024-07-27,Perth Stadium,Fremantle,West Coast,Fremantle,Bailey Banfield,5,2,13,0,0,0,4
2024,21,2024-07-27,Perth Stadium,Fremantle,West Coast,Fremantle,Andrew Brayshaw,16,2,20,1,1,0,7
2024,21,2024-07-27,Perth Stadium,Fremantle,West Coast,Fremantle,Heath Chapman,8,2,4,0,0,0,3
2024,21,2024-07-27,Perth Stadium,Fremantle,West Coast,Fremantle,Jordan Clark,13,4,11,0,0,0,4
2024,21,2024-07-27,Perth Stadium,Fremantle,West Coast,Fremantle,Brennan Cox,5,4,6,0,0,0,1
2024,21,2024-07-27,Perth Stadium,Fremantle,West Coast,Fremantle,Sean Darcy,4,2,8,0,0,48,2
2024,21,2024-07-27,Perth Stadium,Fremantle,West Coast,Fremantle,Josh Draper,6,4,12,0,0,0,0
2024,21,2024-07-27,Perth Stadium,Fremantle,West Coast,Fremantle,Tom Emmett,5,2,1,3,0,0,2
2024,21,2024-07-27,Perth Stadium,Fremantle,West Coast,Fremantle,Michael Frederick,7,5,1,3,1,0,3
2024,21,2024-07-27,Perth Stadium,Fremantle,West Coast,Fremantle,Nat Fyfe,6,1,12,0,0,0,3
2024,21,2024-07-27,Perth Stadium,Fremantle,West Coast,Fremantle,Luke Jackson,3,2,7,0,0,17,6
2024,21,2024-07-27,Perth Stadium,Fremantle,West Coast,Fremantle,Jaeger OMeara,8,4,12,2,0,0,2
2024,21,2024-07-27,Perth Stadium,Fremantle,West Coast,Fremantle,Luke Ryan,13,4,4,0,0,0,1
2024,21,2024-07-27,Perth Stadium,Fremantle,West Coast,Fremantle,Caleb Serong,15,2,17,1,0,0,2
2024,21,2024-07-27,Perth Stadium,Fremantle,West Coast,Fremantle,Jeremy Sharp,9,5,9,0,1,0,1
2024,21,2024-07-27,Perth Stadium,Fremantle,West Coast,Fremantle,Sam Sturt,3,0,6,1,1,0,4
2024,21,2024-07-27,Perth Stadium,Fremantle,West Coast,Fremantle,Sam Switkowski,7,3,9,2,1,0,2
2024,21,2024-07-27,Perth Stadium,Fremantle,West Coast,Fremantle,Josh Treacy,8,5,3,3,2,0,1
2024,21,2024-07-27,Perth Stadium,Fremantle,West Coast,Fremantle,Corey Wagner,7,3,5,0,0,0,1
2024,21,2024-07-27,Perth Stadium,Fremantle,West Coast,Fremantle,Brandon Walker,8,0,11,0,0,0,1
2024,21,2024-07-27,Perth Stadium,Fremantle,West Coast,Fremantle,Hayden Young,8,0,12,0,0,0,12
2024,21,2024-07-27,Perth Stadium,Fremantle,West Coast,West Coast,Oscar Allen,3,2,4,1,0,0,3
2024,21,2024-07-27,Perth Stadium,Fremantle,West Coast,West Coast,Tom Barrass,13,9,3,0,0,0,3
2024,21,2024-07-27,Perth Stadium,Fremantle,West Coast,West Coast,Tom Cole,20,9,6,0,0,0,3
2024,21,2024-07-27,Perth Stadium,Fremantle,West Coast,West Coast,Jamie Cripps,9,2,3,1,3,0,3
2024,21,2024-07-27,Perth Stadium,Fremantle,West Coast,West Coast,Jai Culley,5,1,2,1,0,0,5
2024,21,2024-07-27,Perth Stadium,Fremantle,West Coast,West Coast,Jack Darling,6,3,2,0,1,0,2
2024,21,2024-07-27,Perth Stadium,Fremantle,West Coast,West Coast,Harry Edwards,8,5,3,0,0,0,1
2024,21,2024-07-27,Perth Stadium,Fremantle,West Coast,West Coast,Luke Edwards,5,1,7,0,0,0,2
2024,21,2024-07-27,Perth Stadium,Fremantle,West Coast,West Coast,Reuben Ginbey,8,3,11,0,0,0,1
2024,21,2024-07-27,Perth Stadium,Fremantle,West Coast,West Coast,Brady Hough,7,5,1,0,0,0,2
2024,21,2024-07-27,Perth Stadium,Fremantle,West Coast,West Coast,Jayden Hunt,13,8,9,0,0,0,1
2024,21,2024-07-27,Perth Stadium,Fremantle,West Coast,West Coast,Jack Hutchinson,2,1,5,0,0,0,4
2024,21,2024-07-27,Perth Stadium,Fremantle,West Coast,West Coast,Tim Kelly,11,0,21,1,1,0,6
2024,21,2024-07-27,Perth Stadium,Fremantle,West Coast,West Coast,Ryan Maric,4,1,5,0,0,0,2
2024,21,2024-07-27,Perth Stadium,Fremantle,West Coast,West Coast,Jack Petruccelle,8,2,3,1,0,0,2
2024,21,2024-07-27,Perth Stadium,Fremantle,West Coast,West Coast,Harley Reid,14,2,15,0,1,0,3
2024,21,2024-07-27,Perth Stadium,Fremantle,West Coast,West Coast,Josh Rotham,5,4,1,0,0,0,1
2024,21,2024-07-27,Perth Stadium,Fremantle,West Coast,West Coast,Liam Ryan,9,4,1,2,0,0,1
2024,21,2024-07-27,Perth Stadium,Fremantle,West Coast,West Coast,Zane Trew,0,0,0,0,0,0,1
2024,21,2024-07-27,Perth Stadium,Fremantle,West Coast,West Coast,Jake Waterman,10,8,2,3,0,0,0
2024,21,2024-07-27,Perth Stadium,Fremantle,West Coast,West Coast,Bailey Williams,8,5,5,0,0,32,3
2024,21,2024-07-27,Perth Stadium,Fremantle,West Coast,West Coast,Jack Williams,6,4,7,1,0,5,4
2024,21,2024-07-27,Perth Stadium,Fremantle,West Coast,West Coast,Elliot Yeo,19,3,7,0,0,0,7
2024,21,2024-07-28,M.C.G.,Collingwood,Richmond,Collingwood,Jack Bytel,10,7,15,0,1,0,2
2024,21,2024-07-28,M.C.G.,Collingwood,Richmond,Collingwood,Darcy Cameron,10,5,8,1,0,33,2
2024,21,2024-07-28,M.C.G.,Collingwood,Richmond,Collingwood,Mason Cox,6,2,5,0,1,13,1
2024,21,2024-07-28,M.C.G.,Collingwood,Richmond,Collingwood,Jack Crisp,11,1,8,0,0,0,4
2024,21,2024-07-28,M.C.G.,Collingwood,Richmond,Collingwood,Josh Daicos,22,6,10,0,1,0,2
2024,21,2024-07-28,M.C.G.,Collingwood,Richmond,Collingwood,Nick Daicos,20,6,22,0,0,0,2
2024,21,2024-07-28,M.C.G.,Collingwood,Richmond,Collingwood,Jamie Elliott,13,7,2,1,2,0,0
2024,21,2024-07-28,M.C.G.,Collingwood,Richmond,Collingwood,Harvey Harrison,2,0,2,0,0,0,2
2024,21,2024-07-28,M.C.G.,Collingwood,Richmond,Collingwood,Bobby Hill,12,5,3,2,1,0,4
2024,21,2024-07-28,M.C.G.,Collingwood,Richmond,Collingwood,Will Hoskin-Elliott,5,4,2,2,0,0,2
2024,21,2024-07-28,M.C.G.,Collingwood,Richmond,Collingwood,Jeremy Howe,8,5,3,0,0,0,1
2024,21,2024-07-28,M.C.G.,Collingwood,Richmond,Collingwood,Patrick Lipinski,4,3,5,1,0,0,1
2024,21,2024-07-28,M.C.G.,Collingwood,Richmond,Collingwood,Ned Long,4,3,4,1,0,0,10
2024,21,2024-07-28,M.C.G.,Collingwood,Richmond,Collingwood,Brayden Maynard,8,2,4,0,0,0,2
2024,21,2024-07-28,M.C.G.,Collingwood,Richmond,Collingwood,Daniel McStay,5,5,6,3,0,0,1
2024,21,2024-07-28,M.C.G.,Collingwood,Richmond,Collingwood,Darcy Moore,12,4,6,0,0,0,1
2024,21,2024-07-28,M.C.G.,Collingwood,Richmond,Collingwood,John Noble,12,3,9,0,0,0,1
2024,21,2024-07-28,M.C.G.,Collingwood,Richmond,Collingwood,Wil Parker,6,0,3,0,0,0,2
2024,21,2024-07-28,M.C.G.,Collingwood,Richmond,Collingwood,Scott Pendlebury,8,3,14,1,0,0,1
2024,21,2024-07-28,M.C.G.,Collingwood,Richmond,Collingwood,Isaac Quaynor,5,3,5,0,0,0,1
2024,21,2024-07-28,M.C.G.,Collingwood,Richmond,Collingwood,Lachie Schultz,8,5,4,2,1,0,6
2024,21,2024-07-28,M.C.G.,Collingwood,Richmond,Collingwood,Steele Sidebottom,6,3,6,0,1,0,4
2024,21,2024-07-28,M.C.G.,Collingwood,Richmond,Collingwood,Lachlan Sullivan,2,1,3,0,0,0,3
2024,21,2024-07-28,M.C.G.,Collingwood,Richmond,Richmond,Liam Baker,9,3,11,0,0,0,4
2024,21,2024-07-28,M.C.G.,Collingwood,Richmond,Richmond,Noah Balta,6,4,3,0,0,4,0
2024,21,2024-07-28,M.C.G.,Collingwood,Richmond,Richmond,Sam Banks,11,3,4,1,0,0,2
2024,21,2024-07-28,M.C.G.,Collingwood,Richmond,Richmond,Shai Bolton,10,2,11,0,3,0,2
2024,21,2024-07-28,M.C.G.,Collingwood,Richmond,Richmond,Nathan Broad,16,15,11,0,0,0,2
2024,21,2024-07-28,M.C.G.,Collingwood,Richmond,Richmond,Tom Brown,7,5,1,3,0,0,0
2024,21,2024-07-28,M.C.G.,Collingwood,Richmond,Richmond,Seth Campbell,5,2,5,1,1,0,4
2024,21,2024-07-28,M.C.G.,Collingwood,Richmond,Richmond,Thomson Dow,3,2,6,0,0,0,0
2024,21,2024-07-28,M.C.G.,Collingwood,Richmond,Richmond,Steely Green,5,2,6,0,1,0,0
2024,21,2024-07-28,M.C.G.,Collingwood,Richmond,Richmond,Jacob Hopper,11,5,9,0,1,0,3
2024,21,2024-07-28,M.C.G.,Collingwood,Richmond,Richmond,Jacob Koschitzke,5,3,7,1,0,1,3
2024,21,2024-07-28,M.C.G.,Collingwood,Richmond,Richmond,Rhyan Mansell,6,1,2,0,0,0,0
2024,21,2024-07-28,M.C.G.,Collingwood,Richmond,Richmond,Kamdyn McIntosh,13,6,7,1,1,0,1
2024,21,2024-07-28,M.C.G.,Collingwood,Richmond,Richmond,Ben Miller,9,7,7,0,0,0,1
2024,21,2024-07-28,M.C.G.,Collingwood,Richmond,Richmond,Dion Prestia,14,4,6,1,0,0,3
2024,21,2024-07-28,M.C.G.,Collingwood,Richmond,Richmond,Hugo Ralphsmith,7,5,7,0,0,0,1
2024,21,2024-07-28,M.C.G.,Collingwood,Richmond,Richmond,Daniel Rioli,12,6,13,0,1,0,1
2024,21,2024-07-28,M.C.G.,Collingwood,Richmond,Richmond,Samson Ryan,6,6,8,0,1,13,4
2024,21,2024-07-28,M.C.G.,Collingwood,Richmond,Richmond,Jayden Short,18,6,7,0,0,0,1
2024,21,2024-07-28,M.C.G.,Collingwood,Richmond,Richmond,Kaleb Smith,5,4,2,1,0,0,0
2024,21,2024-07-28,M.C.G.,Collingwood,Richmond,Richmond,Tim Taranto,3,2,8,0,0,0,2
2024,21,2024-07-28,M.C.G.,Collingwood,Richmond,Richmond,James Trezise,12,5,5,0,0,0,0
2024,21,2024-07-28,M.C.G.,Collingwood,Richmond,Richmond,Nick Vlastuin,18,12,5,0,0,0,0
2024,21,2024-07-28,S.C.G.,Sydney,Western Bulldogs,Sydney,Taylor Adams,9,6,15,0,0,0,4
2024,21,2024-07-28,S.C.G.,Sydney,Western Bulldogs,Sydney,Joel Amartey,7,2,3,0,1,0,6
2024,21,2024-07-28,S.C.G.,Sydney,Western Bulldogs,Sydney,Nick Blakey,19,7,6,0,0,0,1
2024,21,2024-07-28,S.C.G.,Sydney,Western Bulldogs,Sydney,Braeden Campbell,4,1,8,0,2,0,4
2024,21,2024-07-28,S.C.G.,Sydney,Western Bulldogs,Sydney,Harry Cunningham,10,7,3,0,0,0,3
2024,21,2024-07-28,S.C.G.,Sydney,Western Bulldogs,Sydney,Oliver Florent,11,3,10,0,0,0,3
2024,21,2024-07-28,S.C.G.,Sydney,Western Bulldogs,Sydney,Robbie Fox,6,2,9,0,0,0,0
2024,21,2024-07-28,S.C.G.,Sydney,Western Bulldogs,Sydney,Brodie Grundy,4,4,11,0,0,43,6
2024,21,2024-07-28,S.C.G.,Sydney,Western Bulldogs,Sydney,Errol Gulden,19,5,8,1,2,0,4
2024,21,2024-07-28,S.C.G.,Sydney,Western Bulldogs,Sydney,Will Hayward,5,2,3,1,0,0,2
2024,21,2024-07-28,S.C.G.,Sydney,Western Bulldogs,Sydney,Isaac Heeney,15,6,17,0,1,0,3
2024,21,2024-07-28,S.C.G.,Sydney,Western Bulldogs,Sydney,James Jordon,6,3,4,0,0,0,2
2024,21,2024-07-28,S.C.G.,Sydney,Western Bulldogs,Sydney,Jake Lloyd,14,8,11,0,0,0,4
2024,21,2024-07-28,S.C.G.,Sydney,Western Bulldogs,Sydney,Tom McCartin,10,6,7,0,0,0,1
2024,21,2024-07-28,S.C.G.,Sydney,Western Bulldogs,Sydney,Logan McDonald,7,4,3,1,0,0,2
2024,21,2024-07-28,S.C.G.,Sydney,Western Bulldogs,Sydney,Hayden McLean,6,4,5,2,0,4,4
2024,21,2024-07-28,S.C.G.,Sydney,Western Bulldogs,Sydney,Lewis Melican,5,3,1,0,0,0,1
2024,21,2024-07-28,S.C.G.,Sydney,Western Bulldogs,Sydney,Callum Mills,8,5,4,1,0,0,5
2024,21,2024-07-28,S.C.G.,Sydney,Western Bulldogs,Sydney,Luke Parker,9,4,10,0,0,0,3
2024,21,2024-07-28,S.C.G.,Sydney,Western Bulldogs,Sydney,Matt Roberts,26,8,10,1,0,0,3
2024,21,2024-07-28,S.C.G.,Sydney,Western Bulldogs,Sydney,Chad Warner,7,2,4,0,0,0,2
2024,21,2024-07-28,S.C.G.,Sydney,Western Bulldogs,Sydney,Corey Warner,6,4,10,0,0,0,2
2024,21,2024-07-28,S.C.G.,Sydney,Western Bulldogs,Sydney,Sam Wicks,3,0,5,0,0,0,4
2024,21,2024-07-28,S.C.G.,Sydney,Western Bulldogs,Western Bulldogs,Marcus Bontempelli,12,2,10,1,0,0,4
2024,21,2024-07-28,S.C.G.,Sydney,Western Bulldogs,Western Bulldogs,Lachlan Bramble,16,3,7,0,0,0,0
2024,21,2024-07-28,S.C.G.,Sydney,Western Bulldogs,Western Bulldogs,Nick Coffield,8,5,5,0,0,0,0
2024,21,2024-07-28,S.C.G.,Sydney,Western Bulldogs,Western Bulldogs,Bailey Dale,15,8,10,0,0,0,1
2024,21,2024-07-28,S.C.G.,Sydney,Western Bulldogs,Western Bulldogs,Caleb Daniel,3,2,3,0,0,0,0
2024,21,2024-07-28,S.C.G.,Sydney,Western Bulldogs,Western Bulldogs,Sam Darcy,8,5,2,1,1,4,1
2024,21,2024-07-28,S.C.G.,Sydney,Western Bulldogs,Western Bulldogs,Taylor Duryea,8,5,7,0,0,0,4
2024,21,2024-07-28,S.C.G.,Sydney,Western Bulldogs,Western Bulldogs,Tim English,10,7,4,0,1,21,3
2024,21,2024-07-28,S.C.G.,Sydney,Western Bulldogs,Western Bulldogs,Riley Garcia,7,1,9,0,1,0,2
2024,21,2024-07-28,S.C.G.,Sydney,Western Bulldogs,Western Bulldogs,Liam Jones,10,6,4,0,0,0,1
2024,21,2024-07-28,S.C.G.,Sydney,Western Bulldogs,Western Bulldogs,Buku Khamis,6,3,3,0,0,0,0
2024,21,2024-07-28,S.C.G.,Sydney,Western Bulldogs,Western Bulldogs,Tom Liberatore,10,2,12,0,0,0,5
2024,21,2024-07-28,S.C.G.,Sydney,Western Bulldogs,Western Bulldogs,Rory Lobb,13,10,6,0,0,0,1
2024,21,2024-07-28,S.C.G.,Sydney,Western Bulldogs,Western Bulldogs,Lachlan McNeil,7,3,8,2,0,0,4
2024,21,2024-07-28,S.C.G.,Sydney,Western Bulldogs,Western Bulldogs,Aaron Naughton,13,10,5,0,2,0,1
2024,21,2024-07-28,S.C.G.,Sydney,Western Bulldogs,Western Bulldogs,Caleb Poulter,10,4,2,1,0,0,1
2024,21,2024-07-28,S.C.G.,Sydney,Western Bulldogs,Western Bulldogs,Ed Richards,20,5,5,1,1,0,5
2024,21,2024-07-28,S.C.G.,Sydney,Western Bulldogs,Western Bulldogs,Adam Treloar,20,4,20,0,0,0,3
2024,21,2024-07-28,S.C.G.,Sydney,Western Bulldogs,Western Bulldogs,Jamarra Ugle-Hagan,10,4,3,4,1,0,4
2024,21,2024-07-28,S.C.G.,Sydney,Western Bulldogs,Western Bulldogs,Laitham Vandermeer,2,0,7,0,1,0,1
2024,21,2024-07-28,S.C.G.,Sydney,Western Bulldogs,Western Bulldogs,Cody Weightman,5,0,4,0,3,0,4
2024,21,2024-07-28,S.C.G.,Sydney,Western Bulldogs,Western Bulldogs,Rhylee West,7,2,7,2,1,0,5
2024,21,2024-07-28,S.C.G.,Sydney,Western Bulldogs,Western Bulldogs,Bailey Williams,9,4,10,0,0,0,0
2024,21,2024-07-28,Adelaide Oval,Adelaide,Hawthorn,Adelaide,Sam Berry,6,1,6,0,0,0,7
2024,21,2024-07-28,Adelaide Oval,Adelaide,Hawthorn,Adelaide,Hugh Bond,3,2,4,0,0,0,7
2024,21,2024-07-28,Adelaide Oval,Adelaide,Hawthorn,Adelaide,James Borlase,3,2,2,0,0,0,4
2024,21,2024-07-28,Adelaide Oval,Adelaide,Hawthorn,Adelaide,Brayden Cook,3,2,5,0,0,0,1
2024,21,2024-07-28,Adelaide Oval,Adelaide,Hawthorn,Adelaide,Daniel Curtin,2,0,5,0,0,0,1
2024,21,2024-07-28,Adelaide Oval,Adelaide,Hawthorn,Adelaide,Billy Dowling,10,7,6,0,0,0,2
2024,21,2024-07-28,Adelaide Oval,Adelaide,Hawthorn,Adelaide,Darcy Fogarty,5,3,3,0,1,0,1
2024,21,2024-07-28,Adelaide Oval,Adelaide,Hawthorn,Adelaide,Elliott Himmelberg,2,1,1,0,0,5,0
2024,21,2024-07-28,Adelaide Oval,Adelaide,Hawthorn,Adelaide,Mitch Hinge,11,7,6,0,0,0,2
2024,21,2024-07-28,Adelaide Oval,Adelaide,Hawthorn,Adelaide,Chayce Jones,10,2,3,0,0,0,4
2024,21,2024-07-28,Adelaide Oval,Adelaide,Hawthorn,Adelaide,Mark Keane,12,4,3,0,0,0,1
2024,21,2024-07-28,Adelaide Oval,Adelaide,Hawthorn,Adelaide,Ben Keays,8,1,2,1,1,0,6
2024,21,2024-07-28,Adelaide Oval,Adelaide,Hawthorn,Adelaide,Rory Laird,16,3,13,0,0,0,8
2024,21,2024-07-28,Adelaide Oval,Adelaide,Hawthorn,Adelaide,Max Michalanney,10,7,6,0,0,0,4
2024,21,2024-07-28,Adelaide Oval,Adelaide,Hawthorn,Adelaide,Lachlan Murphy,3,1,6,1,0,0,4
2024,21,2024-07-28,Adelaide Oval,Adelaide,Hawthorn,Adelaide,Luke Nankervis,14,5,8,0,0,0,4
2024,21,2024-07-28,Adelaide Oval,Adelaide,Hawthorn,Adelaide,Reilly OBrien,11,5,3,0,0,45,3
2024,21,2024-07-28,Adelaide Oval,Adelaide,Hawthorn,Adelaide,Josh Rachele,9,3,4,1,0,0,1
2024,21,2024-07-28,Adelaide Oval,Adelaide,Hawthorn,Adelaide,Lachlan Sholl,19,7,10,0,0,0,6
2024,21,2024-07-28,Adelaide Oval,Adelaide,Hawthorn,Adelaide,Jake Soligo,13,0,17,0,0,0,4
2024,21,2024-07-28,Adelaide Oval,Adelaide,Hawthorn,Adelaide,Zac Taylor,3,0,6,0,0,0,6
2024,21,2024-07-28,Adelaide Oval,Adelaide,Hawthorn,Adelaide,Riley Thilthorpe,4,2,2,2,1,1,2
2024,21,2024-07-28,Adelaide Oval,Adelaide,Hawthorn,Adelaide,Taylor Walker,8,6,1,3,3,0,0
2024,21,2024-07-28,Adelaide Oval,Adelaide,Hawthorn,Hawthorn,Karl Amon,16,3,5,0,0,0,0
2024,21,2024-07-28,Adelaide Oval,Adelaide,Hawthorn,Hawthorn,Luke Breust,6,1,5,2,0,0,0
2024,21,2024-07-28,Adelaide Oval,Adelaide,Hawthorn,Hawthorn,Mabior Chol,10,8,7,2,1,3,1
2024,21,2024-07-28,Adelaide Oval,Adelaide,Hawthorn,Hawthorn,Massimo DAmbrosio,6,2,5,0,0,0,5
2024,21,2024-07-28,Adelaide Oval,Adelaide,Hawthorn,Hawthorn,Will Day,13,1,7,1,0,0,7
2024,21,2024-07-28,Adelaide Oval,Adelaide,Hawthorn,Hawthorn,Calsher Dear,5,2,7,2,1,0,3
2024,21,2024-07-28,Adelaide Oval,Adelaide,Hawthorn,Hawthorn,Sam Frost,5,4,1,0,0,0,1
2024,21,2024-07-28,Adelaide Oval,Adelaide,Hawthorn,Hawthorn,Jack Ginnivan,9,1,5,2,2,0,1
2024,21,2024-07-28,Adelaide Oval,Adelaide,Hawthorn,Hawthorn,Blake Hardwick,12,3,3,0,0,0,4
2024,21,2024-07-28,Adelaide Oval,Adelaide,Hawthorn,Hawthorn,Jarman Impey,14,8,6,1,0,0,1
2024,21,2024-07-28,Adelaide Oval,Adelaide,Hawthorn,Hawthorn,Changkuoth Jiath,7,3,6,0,0,0,3
2024,21,2024-07-28,Adelaide Oval,Adelaide,Hawthorn,Hawthorn,Connor Macdonald,13,4,15,2,1,0,4
2024,21,2024-07-28,Adelaide Oval,Adelaide,Hawthorn,Hawthorn,Finn Maginness,1,0,4,0,0,0,1
2024,21,2024-07-28,Adelaide Oval,Adelaide,Hawthorn,Hawthorn,Lloyd Meek,3,1,8,0,0,35,6
2024,21,2024-07-28,Adelaide Oval,Adelaide,Hawthorn,Hawthorn,Dylan Moore,10,7,11,1,2,0,2
2024,21,2024-07-28,Adelaide Oval,Adelaide,Hawthorn,Hawthorn,Conor Nash,6,2,12,0,0,1,8
2024,21,2024-07-28,Adelaide Oval,Adelaide,Hawthorn,Hawthorn,Jai Newcombe,9,5,13,2,0,0,3
2024,21,2024-07-28,Adelaide Oval,Adelaide,Hawthorn,Hawthorn,Jack Scrimshaw,11,9,7,0,0,0,1
2024,21,2024-07-28,Adelaide Oval,Adelaide,Hawthorn,Hawthorn,James Sicily,11,8,7,2,0,0,1
2024,21,2024-07-28,Adelaide Oval,Adelaide,Hawthorn,Hawthorn,Josh Ward,8,4,11,0,1,0,2
2024,21,2024-07-28,Adelaide Oval,Adelaide,Hawthorn,Hawthorn,Nick Watson,7,1,3,2,1,0,3
2024,21,2024-07-28,Adelaide Oval,Adelaide,Hawthorn,Hawthorn,Josh Weddle,8,2,5,0,0,3,4
2024,21,2024-07-28,Adelaide Oval,Adelaide,Hawthorn,Hawthorn,James Worpel,9,2,11,0,0,0,8
2024,22,2024-08-02,Docklands,Western Bulldogs,Melbourne,Western Bulldogs,Marcus Bontempelli,17,7,16,2,1,0,5
2024,22,2024-08-02,Docklands,Western Bulldogs,Melbourne,Western Bulldogs,Lachlan Bramble,13,3,10,0,0,0,1
2024,22,2024-08-02,Docklands,Western Bulldogs,Melbourne,Western Bulldogs,Nick Coffield,5,2,3,0,0,0,0
2024,22,2024-08-02,Docklands,Western Bulldogs,Melbourne,Western Bulldogs,Bailey Dale,21,8,13,0,0,0,0
2024,22,2024-08-02,Docklands,Western Bulldogs,Melbourne,Western Bulldogs,Caleb Daniel,5,0,1,0,0,0,1
2024,22,2024-08-02,Docklands,Western Bulldogs,Melbourne,Western Bulldogs,Sam Darcy,6,7,5,1,0,12,3
2024,22,2024-08-02,Docklands,Western Bulldogs,Melbourne,Western Bulldogs,Taylor Duryea,6,5,6,0,0,0,0
2024,22,2024-08-02,Docklands,Western Bulldogs,Melbourne,Western Bulldogs,Tim English,10,8,6,1,2,28,1
2024,22,2024-08-02,Docklands,Western Bulldogs,Melbourne,Western Bulldogs,Riley Garcia,7,3,10,0,0,0,7
2024,22,2024-08-02,Docklands,Western Bulldogs,Melbourne,Western Bulldogs,Liam Jones,4,2,3,0,0,0,1
2024,22,2024-08-02,Docklands,Western Bulldogs,Melbourne,Western Bulldogs,Buku Khamis,1,3,4,0,0,0,1
2024,22,2024-08-02,Docklands,Western Bulldogs,Melbourne,Western Bulldogs,Tom Liberatore,4,2,15,0,0,0,8
2024,22,2024-08-02,Docklands,Western Bulldogs,Melbourne,Western Bulldogs,Rory Lobb,7,4,13,0,0,0,0
2024,22,2024-08-02,Docklands,Western Bulldogs,Melbourne,Western Bulldogs,Lachlan McNeil,3,0,4,0,1,0,2
2024,22,2024-08-02,Docklands,Western Bulldogs,Melbourne,Western Bulldogs,Aaron Naughton,8,6,0,2,0,0,1
2024,22,2024-08-02,Docklands,Western Bulldogs,Melbourne,Western Bulldogs,Caleb Poulter,14,6,9,1,0,0,7
2024,22,2024-08-02,Docklands,Western Bulldogs,Melbourne,Western Bulldogs,Ed Richards,15,5,5,1,3,0,2
2024,22,2024-08-02,Docklands,Western Bulldogs,Melbourne,Western Bulldogs,Adam Treloar,16,4,14,2,0,0,4
2024,22,2024-08-02,Docklands,Western Bulldogs,Melbourne,Western Bulldogs,Jamarra Ugle-Hagan,14,8,2,2,6,0,3
2024,22,2024-08-02,Docklands,Western Bulldogs,Melbourne,Western Bulldogs,Laitham Vandermeer,8,2,8,0,1,0,1
2024,22,2024-08-02,Docklands,Western Bulldogs,Melbourne,Western Bulldogs,Cody Weightman,10,2,2,2,3,0,1
2024,22,2024-08-02,Docklands,Western Bulldogs,Melbourne,Western Bulldogs,Rhylee West,4,1,4,0,1,0,5
2024,22,2024-08-02,Docklands,Western Bulldogs,Melbourne,Western Bulldogs,Bailey Williams,12,7,6,1,0,0,3
2024,22,2024-08-02,Docklands,Western Bulldogs,Melbourne,Melbourne,Jake Bowey,18,4,7,0,0,0,3
2024,22,2024-08-02,Docklands,Western Bulldogs,Melbourne,Melbourne,Kade Chandler,4,2,3,0,0,0,2
2024,22,2024-08-02,Docklands,Western Bulldogs,Melbourne,Melbourne,Bayley Fritsch,10,6,3,2,1,0,0
2024,22,2024-08-02,Docklands,Western Bulldogs,Melbourne,Melbourne,Max Gawn,10,9,13,1,0,44,2
2024,22,2024-08-02,Docklands,Western Bulldogs,Melbourne,Melbourne,Blake Howes,3,3,6,0,0,0,0
2024,22,2024-08-02,Docklands,Western Bulldogs,Melbourne,Melbourne,Ed Langdon,12,4,11,0,0,0,3
2024,22,2024-08-02,Docklands,Western Bulldogs,Melbourne,Melbourne,Jake Lever,8,4,4,0,0,0,0
2024,22,2024-08-02,Docklands,Western Bulldogs,Melbourne,Melbourne,Steven May,10,3,0,0,0,0,0
2024,22,2024-08-02,Docklands,Western Bulldogs,Melbourne,Melbourne,Tom McDonald,9,5,3,0,0,0,3
2024,22,2024-08-02,Docklands,Western Bulldogs,Melbourne,Melbourne,Judd McVee,10,2,6,0,0,0,4
2024,22,2024-08-02,Docklands,Western Bulldogs,Melbourne,Melbourne,Jake Melksham,2,1,1,0,0,0,1
2024,22,2024-08-02,Docklands,Western Bulldogs,Melbourne,Melbourne,Andy Moniz-Wakefield,6,2,5,0,0,0,4
2024,22,2024-08-02,Docklands,Western Bulldogs,Melbourne,Melbourne,Alex Neal-Bullen,8,3,5,0,0,0,5
2024,22,2024-08-02,Docklands,Western Bulldogs,Melbourne,Melbourne,Clayton Oliver,7,1,15,0,0,0,3
2024,22,2024-08-02,Docklands,Western Bulldogs,Melbourne,Melbourne,Harry Petty,7,6,2,0,1,0,2
2024,22,2024-08-02,Docklands,Western Bulldogs,Melbourne,Melbourne,Kysaiah Pickett,8,2,0,2,0,0,3
2024,22,2024-08-02,Docklands,Western Bulldogs,Melbourne,Melbourne,Trent Rivers,11,4,14,1,0,0,5
2024,22,2024-08-02,Docklands,Western Bulldogs,Melbourne,Melbourne,Tom Sparrow,12,3,6,2,0,0,4
2024,22,2024-08-02,Docklands,Western Bulldogs,Melbourne,Melbourne,Koltyn Tholstrup,6,1,6,0,0,0,5
2024,22,2024-08-02,Docklands,Western Bulldogs,Melbourne,Melbourne,Daniel Turner,5,3,0,0,0,0,1
2024,22,2024-08-02,Docklands,Western Bulldogs,Melbourne,Melbourne,Jacob van Rooyen,7,3,6,0,1,3,6
2024,22,2024-08-02,Docklands,Western Bulldogs,Melbourne,Melbourne,Jack Viney,5,0,8,0,0,0,6
2024,22,2024-08-02,Docklands,Western Bulldogs,Melbourne,Melbourne,Taj Woewodin,8,6,4,1,0,0,1
2024,22,2024-08-02,Perth Stadium,West Coast,Gold Coast,West Coast,Oscar Allen,8,5,7,2,0,0,3
2024,22,2024-08-02,Perth Stadium,West Coast,Gold Coast,West Coast,Tom Cole,7,3,7,0,0,0,5
2024,22,2024-08-02,Perth Stadium,West Coast,Gold Coast,West Coast,Jamie Cripps,13,4,10,1,0,0,2
2024,22,2024-08-02,Perth Stadium,West Coast,Gold Coast,West Coast,Jack Darling,14,9,8,1,1,0,7
2024,22,2024-08-02,Perth Stadium,West Coast,Gold Coast,West Coast,Tyrell Dewar,5,4,4,2,0,0,2
2024,22,2024-08-02,Perth Stadium,West Coast,Gold Coast,West Coast,Liam Duggan,16,5,6,1,0,0,8
2024,22,2024-08-02,Perth Stadium,West Coast,Gold Coast,West Coast,Harry Edwards,1,1,0,0,0,0,0
2024,22,2024-08-02,Perth Stadium,West Coast,Gold Coast,West Coast,Reuben Ginbey,12,5,10,0,0,0,1
2024,22,2024-08-02,Perth Stadium,West Coast,Gold Coast,West Coast,Clay Hall,3,1,2,0,0,0,1
2024,22,2024-08-02,Perth Stadium,West Coast,Gold Coast,West Coast,Brady Hough,8,6,11,0,0,0,2
2024,22,2024-08-02,Perth Stadium,West Coast,Gold Coast,West Coast,Jayden Hunt,9,3,4,0,0,0,1
2024,22,2024-08-02,Perth Stadium,West Coast,Gold Coast,West Coast,Harvey Johnston,7,3,6,0,0,0,0
2024,22,2024-08-02,Perth Stadium,West Coast,Gold Coast,West Coast,Tim Kelly,13,3,18,0,0,0,1
2024,22,2024-08-02,Perth Stadium,West Coast,Gold Coast,West Coast,Ryan Maric,8,3,4,1,0,0,2
2024,22,2024-08-02,Perth Stadium,West Coast,Gold Coast,West Coast,Jeremy McGovern,15,4,6,0,0,0,1
2024,22,2024-08-02,Perth Stadium,West Coast,Gold Coast,West Coast,Harley Reid,3,1,14,0,0,0,6
2024,22,2024-08-02,Perth Stadium,West Coast,Gold Coast,West Coast,Liam Ryan,9,4,4,1,0,0,1
2024,22,2024-08-02,Perth Stadium,West Coast,Gold Coast,West Coast,Zane Trew,4,1,3,1,0,0,5
2024,22,2024-08-02,Perth Stadium,West Coast,Gold Coast,West Coast,Jake Waterman,9,6,5,4,0,0,1
2024,22,2024-08-02,Perth Stadium,West Coast,Gold Coast,West Coast,Bailey Williams,7,2,7,0,0,19,6
2024,22,2024-08-02,Perth Stadium,West Coast,Gold Coast,West Coast,Jack Williams,8,3,9,1,0,10,1
2024,22,2024-08-02,Perth Stadium,West Coast,Gold Coast,West Coast,Alex Witherden,12,5,11,0,0,0,4
2024,22,2024-08-02,Perth Stadium,West Coast,Gold Coast,West Coast,Elliot Yeo,19,2,7,0,0,0,6
2024,22,2024-08-02,Perth Stadium,West Coast,Gold Coast,Gold Coast,Noah Anderson,17,5,13,1,0,0,0
2024,22,2024-08-02,Perth Stadium,West Coast,Gold Coast,Gold Coast,Mac Andrew,6,3,2,3,0,6,2
2024,22,2024-08-02,Perth Stadium,West Coast,Gold Coast,Gold Coast,Charlie Ballard,5,4,5,0,0,0,0
2024,22,2024-08-02,Perth Stadium,West Coast,Gold Coast,Gold Coast,Sam Clohesy,6,0,2,0,0,0,2
2024,22,2024-08-02,Perth Stadium,West Coast,Gold Coast,Gold Coast,Sam Collins,3,2,3,0,0,0,1
2024,22,2024-08-02,Perth Stadium,West Coast,Gold Coast,Gold Coast,Brayden Fiorini,8,2,7,1,1,0,3
2024,22,2024-08-02,Perth Stadium,West Coast,Gold Coast,Gold Coast,Sam Flanders,9,4,16,0,0,0,1
2024,22,2024-08-02,Perth Stadium,West Coast,Gold Coast,Gold Coast,Will Graham,7,1,5,1,0,0,6
2024,22,2024-08-02,Perth Stadium,West Coast,Gold Coast,Gold Coast,Nick Holman,7,2,7,0,0,0,4
2024,22,2024-08-02,Perth Stadium,West Coast,Gold Coast,Gold Coast,Bailey Humphrey,7,0,3,0,2,0,5
2024,22,2024-08-02,Perth Stadium,West Coast,Gold Coast,Gold Coast,Joel Jeffrey,5,1,3,0,0,0,0
2024,22,2024-08-02,Perth Stadium,West Coast,Gold Coast,Gold Coast,Lloyd Johnston,6,1,3,0,0,0,1
2024,22,2024-08-02,Perth Stadium,West Coast,Gold Coast,Gold Coast,Ben King,9,5,1,3,3,0,1
2024,22,2024-08-02,Perth Stadium,West Coast,Gold Coast,Gold Coast,Ben Long,7,4,4,3,0,0,2
2024,22,2024-08-02,Perth Stadium,West Coast,Gold Coast,Gold Coast,Jack Lukosius,6,3,4,0,0,0,2
2024,22,2024-08-02,Perth Stadium,West Coast,Gold Coast,Gold Coast,Wil Powell,13,6,11,0,0,0,2
2024,22,2024-08-02,Perth Stadium,West Coast,Gold Coast,Gold Coast,Malcolm Rosas,1,0,2,0,0,0,0
2024,22,2024-08-02,Perth Stadium,West Coast,Gold Coast,Gold Coast,Matt Rowell,15,1,15,0,0,0,9
2024,22,2024-08-02,Perth Stadium,West Coast,Gold Coast,Gold Coast,Alex Sexton,7,3,7,0,0,0,3
2024,22,2024-08-02,Perth Stadium,West Coast,Gold Coast,Gold Coast,David Swallow,7,1,6,0,1,0,1
2024,22,2024-08-02,Perth Stadium,West Coast,Gold Coast,Gold Coast,Bodhi Uwland,9,5,4,0,0,0,2
2024,22,2024-08-02,Perth Stadium,West Coast,Gold Coast,Gold Coast,Lachie Weller,9,4,8,0,1,0,5
2024,22,2024-08-02,Perth Stadium,West Coast,Gold Coast,Gold Coast,Jarrod Witts,9,6,12,1,1,53,4
2024,22,2024-08-03,Docklands,North Melbourne,Richmond,North Melbourne,Jackson Archer,13,8,7,0,0,0,5
2024,22,2024-08-03,Docklands,North Melbourne,Richmond,North Melbourne,Charlie Comben,15,9,7,0,0,0,0
2024,22,2024-08-03,Docklands,North Melbourne,Richmond,North Melbourne,Aidan Corr,14,13,9,0,0,0,1
2024,22,2024-08-03,Docklands,North Melbourne,Richmond,North Melbourne,Paul Curtis,8,5,4,0,0,0,3
2024,22,2024-08-03,Docklands,North Melbourne,Richmond,North Melbourne,Luke Davies-Uniacke,14,6,19,3,0,0,3
2024,22,2024-08-03,Docklands,North Melbourne,Richmond,North Melbourne,Zane Duursma,3,2,2,0,1,0,1
2024,22,2024-08-03,Docklands,North Melbourne,Richmond,North Melbourne,Eddie Ford,6,6,9,0,0,0,2
2024,22,2024-08-03,Docklands,North Melbourne,Richmond,North Melbourne,Robert Hansen,1,1,2,0,0,0,1
2024,22,2024-08-03,Docklands,North Melbourne,Richmond,North Melbourne,Nick Larkey,8,8,4,5,0,0,0
2024,22,2024-08-03,Docklands,North Melbourne,Richmond,North Melbourne,Luke McDonald,13,10,6,0,0,0,1
2024,22,2024-08-03,Docklands,North Melbourne,Richmond,North Melbourne,Colby McKercher,21,3,10,0,0,0,2
2024,22,2024-08-03,Docklands,North Melbourne,Richmond,North Melbourne,Will Phillips,5,1,10,1,0,0,6
2024,22,2024-08-03,Docklands,North Melbourne,Richmond,North Melbourne,Toby Pink,2,2,4,0,1,0,1
2024,22,2024-08-03,Docklands,North Melbourne,Richmond,North Melbourne,Tom Powell,12,8,9,1,0,0,8
2024,22,2024-08-03,Docklands,North Melbourne,Richmond,North Melbourne,Bailey Scott,18,7,10,1,0,0,3
2024,22,2024-08-03,Docklands,North Melbourne,Richmond,North Melbourne,Harry Sheezel,15,5,14,0,0,0,3
2024,22,2024-08-03,Docklands,North Melbourne,Richmond,North Melbourne,Jy Simpkin,15,5,5,0,0,0,3
2024,22,2024-08-03,Docklands,North Melbourne,Richmond,North Melbourne,Dylan Stephens,4,1,3,0,0,0,0
2024,22,2024-08-03,Docklands,North Melbourne,Richmond,North Melbourne,Jaidyn Stephenson,14,8,3,1,0,0,5
2024,22,2024-08-03,Docklands,North Melbourne,Richmond,North Melbourne,Brynn Teakle,4,2,5,1,1,5,0
2024,22,2024-08-03,Docklands,North Melbourne,Richmond,North Melbourne,Darcy Tucker,15,7,9,0,0,0,1
2024,22,2024-08-03,Docklands,North Melbourne,Richmond,North Melbourne,Tristan Xerri,9,6,11,0,1,45,10
2024,22,2024-08-03,Docklands,North Melbourne,Richmond,North Melbourne,Cameron Zurhaar,10,5,6,1,0,0,2
2024,22,2024-08-03,Docklands,North Melbourne,Richmond,Richmond,Liam Baker,11,0,10,2,3,0,6
2024,22,2024-08-03,Docklands,North Melbourne,Richmond,Richmond,Noah Balta,6,5,1,0,0,0,0
2024,22,2024-08-03,Docklands,North Melbourne,Richmond,Richmond,Sam Banks,10,3,4,0,0,0,3
2024,22,2024-08-03,Docklands,North Melbourne,Richmond,Richmond,Shai Bolton,5,2,7,1,1,0,3
2024,22,2024-08-03,Docklands,North Melbourne,Richmond,Richmond,Nathan Broad,9,7,7,0,0,0,2
2024,22,2024-08-03,Docklands,North Melbourne,Richmond,Richmond,Tom Brown,6,3,2,1,2,0,0
2024,22,2024-08-03,Docklands,North Melbourne,Richmond,Richmond,Seth Campbell,11,4,4,1,2,0,2
2024,22,2024-08-03,Docklands,North Melbourne,Richmond,Richmond,Jack Graham,10,2,14,0,0,0,2
2024,22,2024-08-03,Docklands,North Melbourne,Richmond,Richmond,Steely Green,4,1,2,1,0,0,2
2024,22,2024-08-03,Docklands,North Melbourne,Richmond,Richmond,Jacob Hopper,8,2,12,0,0,0,5
2024,22,2024-08-03,Docklands,North Melbourne,Richmond,Richmond,Jacob Koschitzke,7,6,5,2,0,8,0
2024,22,2024-08-03,Docklands,North Melbourne,Richmond,Richmond,Rhyan Mansell,6,2,4,1,1,0,2
2024,22,2024-08-03,Docklands,North Melbourne,Richmond,Richmond,Dustin Martin,7,2,9,0,2,0,0
2024,22,2024-08-03,Docklands,North Melbourne,Richmond,Richmond,Kamdyn McIntosh,2,2,3,0,0,0,2
2024,22,2024-08-03,Docklands,North Melbourne,Richmond,Richmond,Ben Miller,5,4,8,0,0,0,0
2024,22,2024-08-03,Docklands,North Melbourne,Richmond,Richmond,Toby Nankervis,3,3,13,0,0,35,11
2024,22,2024-08-03,Docklands,North Melbourne,Richmond,Richmond,Dion Prestia,10,1,19,0,1,0,1
2024,22,2024-08-03,Docklands,North Melbourne,Richmond,Richmond,Hugo Ralphsmith,6,1,6,1,1,0,0
2024,22,2024-08-03,Docklands,North Melbourne,Richmond,Richmond,Daniel Rioli,7,2,13,0,0,0,3
2024,22,2024-08-03,Docklands,North Melbourne,Richmond,Richmond,Jayden Short,16,3,6,0,0,0,0
2024,22,2024-08-03,Docklands,North Melbourne,Richmond,Richmond,Tim Taranto,11,5,16,0,1,0,8
2024,22,2024-08-03,Docklands,North Melbourne,Richmond,Richmond,James Trezise,4,1,4,0,0,0,1
2024,22,2024-08-03,Docklands,North Melbourne,Richmond,Richmond,Nick Vlastuin,13,6,8,0,0,0,2
2024,22,2024-08-03,Kardinia Park,Geelong,Adelaide,Geelong,Tom Atkins,11,5,8,0,0,0,7
2024,22,2024-08-03,Kardinia Park,Geelong,Adelaide,Geelong,Jed Bews,7,4,5,0,0,0,2
2024,22,2024-08-03,Kardinia Park,Geelong,Adelaide,Geelong,Mark Blicavs,8,1,9,0,1,14,2
2024,22,2024-08-03,Kardinia Park,Geelong,Adelaide,Geelong,Jack Bowes,3,0,2,0,0,0,0
2024,22,2024-08-03,Kardinia Park,Geelong,Adelaide,Geelong,Tanner Bruhn,14,2,9,1,0,0,6
2024,22,2024-08-03,Kardinia Park,Geelong,Adelaide,Geelong,Jeremy Cameron,15,8,2,6,1,0,3
2024,22,2024-08-03,Kardinia Park,Geelong,Adelaide,Geelong,Brad Close,8,1,1,0,1,0,2
2024,22,2024-08-03,Kardinia Park,Geelong,Adelaide,Geelong,Patrick Dangerfield,14,2,7,0,0,0,6
2024,22,2024-08-03,Kardinia Park,Geelong,Adelaide,Geelong,Sam De Koning,4,3,6,0,0,0,0
2024,22,2024-08-03,Kardinia Park,Geelong,Adelaide,Geelong,Oliver Dempsey,7,2,11,0,2,0,1
2024,22,2024-08-03,Kardinia Park,Geelong,Adelaide,Geelong,Zach Guthrie,13,3,3,0,0,0,1
2024,22,2024-08-03,Kardinia Park,Geelong,Adelaide,Geelong,Jack Henry,10,7,2,0,0,0,3
2024,22,2024-08-03,Kardinia Park,Geelong,Adelaide,Geelong,Oliver Henry,5,2,2,1,0,0,1
2024,22,2024-08-03,Kardinia Park,Geelong,Adelaide,Geelong,Max Holmes,11,3,9,0,0,0,4
2024,22,2024-08-03,Kardinia Park,Geelong,Adelaide,Geelong,Lawson Humphries,9,5,3,1,0,0,4
2024,22,2024-08-03,Kardinia Park,Geelong,Adelaide,Geelong,Jake Kolodjashnij,3,2,9,0,0,0,0
2024,22,2024-08-03,Kardinia Park,Geelong,Adelaide,Geelong,Shaun Mannagh,14,1,3,2,0,0,3
2024,22,2024-08-03,Kardinia Park,Geelong,Adelaide,Geelong,Gryan Miers,6,2,8,0,1,0,3
2024,22,2024-08-03,Kardinia Park,Geelong,Adelaide,Geelong,Shannon Neale,7,6,3,1,1,1,3
2024,22,2024-08-03,Kardinia Park,Geelong,Adelaide,Geelong,Rhys Stanley,9,3,4,0,0,23,5
2024,22,2024-08-03,Kardinia Park,Geelong,Adelaide,Geelong,Tyson Stengle,11,3,9,1,1,0,5
2024,22,2024-08-03,Kardinia Park,Geelong,Adelaide,Geelong,Tom Stewart,16,5,12,0,0,0,5
2024,22,2024-08-03,Kardinia Park,Geelong,Adelaide,Geelong,Zach Tuohy,11,4,7,0,0,0,0
2024,22,2024-08-03,Kardinia Park,Geelong,Adelaide,Adelaide,Sam Berry,9,3,9,0,0,0,6
2024,22,2024-08-03,Kardinia Park,Geelong,Adelaide,Adelaide,Hugh Bond,1,0,5,0,0,0,3
2024,22,2024-08-03,Kardinia Park,Geelong,Adelaide,Adelaide,Matt Crouch,7,4,19,0,0,0,4
2024,22,2024-08-03,Kardinia Park,Geelong,Adelaide,Adelaide,Daniel Curtin,0,0,1,0,0,0,0
2024,22,2024-08-03,Kardinia Park,Geelong,Adelaide,Adelaide,Jordan Dawson,15,6,12,0,0,0,5
2024,22,2024-08-03,Kardinia Park,Geelong,Adelaide,Adelaide,Billy Dowling,7,4,4,0,0,0,2
2024,22,2024-08-03,Kardinia Park,Geelong,Adelaide,Adelaide,Darcy Fogarty,5,4,3,1,0,0,2
2024,22,2024-08-03,Kardinia Park,Geelong,Adelaide,Adelaide,Mitch Hinge,13,6,5,0,0,0,2
2024,22,2024-08-03,Kardinia Park,Geelong,Adelaide,Adelaide,Mark Keane,11,4,7,0,0,0,0
2024,22,2024-08-03,Kardinia Park,Geelong,Adelaide,Adelaide,Ben Keays,12,3,6,1,0,0,9
2024,22,2024-08-03,Kardinia Park,Geelong,Adelaide,Adelaide,Rory Laird,10,6,19,0,0,0,5
2024,22,2024-08-03,Kardinia Park,Geelong,Adelaide,Adelaide,Max Michalanney,10,8,7,0,0,0,3
2024,22,2024-08-03,Kardinia Park,Geelong,Adelaide,Adelaide,Lachlan Murphy,6,5,3,1,0,0,2
2024,22,2024-08-03,Kardinia Park,Geelong,Adelaide,Adelaide,Nick Murray,14,9,4,0,1,0,1
2024,22,2024-08-03,Kardinia Park,Geelong,Adelaide,Adelaide,Luke Nankervis,8,5,6,0,0,0,2
2024,22,2024-08-03,Kardinia Park,Geelong,Adelaide,Adelaide,Reilly OBrien,6,1,9,0,0,53,7
2024,22,2024-08-03,Kardinia Park,Geelong,Adelaide,Adelaide,Josh Rachele,11,7,3,3,2,0,5
2024,22,2024-08-03,Kardinia Park,Geelong,Adelaide,Adelaide,Lachlan Sholl,20,4,5,1,1,0,2
2024,22,2024-08-03,Kardinia Park,Geelong,Adelaide,Adelaide,Jake Soligo,7,3,14,1,1,0,4
2024,22,2024-08-03,Kardinia Park,Geelong,Adelaide,Adelaide,Zac Taylor,7,3,7,0,0,0,5
2024,22,2024-08-03,Kardinia Park,Geelong,Adelaide,Adelaide,Riley Thilthorpe,7,7,7,3,0,11,2
2024,22,2024-08-03,Kardinia Park,Geelong,Adelaide,Adelaide,Taylor Walker,5,5,3,2,0,0,1
2024,22,2024-08-03,Kardinia Park,Geelong,Adelaide,Adelaide,Josh Worrell,12,3,9,0,0,0,2
2024,22,2024-08-03,Adelaide Oval,Port Adelaide,Sydney,Port Adelaide,Aliir Aliir,12,6,1,0,0,0,2
2024,22,2024-08-03,Adelaide Oval,Port Adelaide,Sydney,Port Adelaide,Miles Bergman,11,11,3,0,1,0,3
2024,22,2024-08-03,Adelaide Oval,Port Adelaide,Sydney,Port Adelaide,Travis Boak,8,3,4,1,0,0,2
2024,22,2024-08-03,Adelaide Oval,Port Adelaide,Sydney,Port Adelaide,Jase Burgoyne,11,6,7,0,2,0,2
2024,22,2024-08-03,Adelaide Oval,Port Adelaide,Sydney,Port Adelaide,Zak Butters,19,5,11,0,1,0,8
2024,22,2024-08-03,Adelaide Oval,Port Adelaide,Sydney,Port Adelaide,Darcy Byrne-Jones,4,0,1,1,0,0,3
2024,22,2024-08-03,Adelaide Oval,Port Adelaide,Sydney,Port Adelaide,Charlie Dixon,4,4,10,3,0,8,1
2024,22,2024-08-03,Adelaide Oval,Port Adelaide,Sydney,Port Adelaide,Willem Drew,20,6,12,0,0,0,6
2024,22,2024-08-03,Adelaide Oval,Port Adelaide,Sydney,Port Adelaide,Francis Evans,9,6,2,2,0,0,1
2024,22,2024-08-03,Adelaide Oval,Port Adelaide,Sydney,Port Adelaide,Logan Evans,10,4,4,0,0,0,1
2024,22,2024-08-03,Adelaide Oval,Port Adelaide,Sydney,Port Adelaide,Kane Farrell,19,5,6,0,1,0,2
2024,22,2024-08-03,Adelaide Oval,Port Adelaide,Sydney,Port Adelaide,Mitch Georgiades,10,8,4,4,2,0,0
2024,22,2024-08-03,Adelaide Oval,Port Adelaide,Sydney,Port Adelaide,Jason Horne-Francis,20,4,7,1,1,0,0
2024,22,2024-08-03,Adelaide Oval,Port Adelaide,Sydney,Port Adelaide,Dan Houston,18,12,6,2,0,0,3
2024,22,2024-08-03,Adelaide Oval,Port Adelaide,Sydney,Port Adelaide,Lachie Jones,10,8,4,0,0,0,0
2024,22,2024-08-03,Adelaide Oval,Port Adelaide,Sydney,Port Adelaide,Jackson Mead,14,6,5,0,0,0,3
2024,22,2024-08-03,Adelaide Oval,Port Adelaide,Sydney,Port Adelaide,Quinton Narkle,2,1,0,0,0,0,0
2024,22,2024-08-03,Adelaide Oval,Port Adelaide,Sydney,Port Adelaide,Esava Ratugolea,5,5,4,1,4,0,3
2024,22,2024-08-03,Adelaide Oval,Port Adelaide,Sydney,Port Adelaide,Willie Rioli,10,6,0,4,0,0,2
2024,22,2024-08-03,Adelaide Oval,Port Adelaide,Sydney,Port Adelaide,Connor Rozee,20,8,7,1,2,0,5
2024,22,2024-08-03,Adelaide Oval,Port Adelaide,Sydney,Port Adelaide,Jordon Sweet,3,0,9,1,0,22,4
2024,22,2024-08-03,Adelaide Oval,Port Adelaide,Sydney,Port Adelaide,Ollie Wines,14,5,17,1,0,0,3
2024,22,2024-08-03,Adelaide Oval,Port Adelaide,Sydney,Port Adelaide,Brandon Zerk-Thatcher,9,7,4,0,0,0,1
2024,22,2024-08-03,Adelaide Oval,Port Adelaide,Sydney,Sydney,Taylor Adams,8,2,12,1,1,0,3
2024,22,2024-08-03,Adelaide Oval,Port Adelaide,Sydney,Sydney,Nick Blakey,17,5,2,0,0,0,0
2024,22,2024-08-03,Adelaide Oval,Port Adelaide,Sydney,Sydney,Harry Cunningham,7,4,2,0,0,0,2
2024,22,2024-08-03,Adelaide Oval,Port Adelaide,Sydney,Sydney,Oliver Florent,10,4,6,0,0,0,1
2024,22,2024-08-03,Adelaide Oval,Port Adelaide,Sydney,Sydney,Robbie Fox,6,5,5,0,0,0,5
2024,22,2024-08-03,Adelaide Oval,Port Adelaide,Sydney,Sydney,Aaron Francis,4,2,6,0,0,0,2
2024,22,2024-08-03,Adelaide Oval,Port Adelaide,Sydney,Sydney,Brodie Grundy,7,1,8,0,0,32,3
2024,22,2024-08-03,Adelaide Oval,Port Adelaide,Sydney,Sydney,Errol Gulden,21,4,4,0,0,0,5
2024,22,2024-08-03,Adelaide Oval,Port Adelaide,Sydney,Sydney,Will Hayward,6,3,5,1,0,0,0
2024,22,2024-08-03,Adelaide Oval,Port Adelaide,Sydney,Sydney,Isaac Heeney,8,2,9,1,1,0,3
2024,22,2024-08-03,Adelaide Oval,Port Adelaide,Sydney,Sydney,James Jordon,4,4,3,0,0,0,1
2024,22,2024-08-03,Adelaide Oval,Port Adelaide,Sydney,Sydney,Peter Ladhams,3,2,3,0,1,10,2
2024,22,2024-08-03,Adelaide Oval,Port Adelaide,Sydney,Sydney,Jake Lloyd,12,4,4,0,0,0,2
2024,22,2024-08-03,Adelaide Oval,Port Adelaide,Sydney,Sydney,Tom McCartin,5,4,6,0,0,0,1
2024,22,2024-08-03,Adelaide Oval,Port Adelaide,Sydney,Sydney,Logan McDonald,5,3,1,0,0,0,3
2024,22,2024-08-03,Adelaide Oval,Port Adelaide,Sydney,Sydney,Hayden McLean,4,4,3,2,0,0,2
2024,22,2024-08-03,Adelaide Oval,Port Adelaide,Sydney,Sydney,Callum Mills,7,6,7,0,0,0,3
2024,22,2024-08-03,Adelaide Oval,Port Adelaide,Sydney,Sydney,Luke Parker,6,0,5,0,0,0,1
2024,22,2024-08-03,Adelaide Oval,Port Adelaide,Sydney,Sydney,Matt Roberts,17,5,3,0,0,0,5
2024,22,2024-08-03,Adelaide Oval,Port Adelaide,Sydney,Sydney,James Rowbottom,10,1,6,0,0,0,7
2024,22,2024-08-03,Adelaide Oval,Port Adelaide,Sydney,Sydney,Chad Warner,9,3,10,0,0,0,8
2024,22,2024-08-03,Adelaide Oval,Port Adelaide,Sydney,Sydney,Corey Warner,2,0,1,0,0,0,0
2024,22,2024-08-03,Adelaide Oval,Port Adelaide,Sydney,Sydney,Sam Wicks,3,1,3,0,1,0,4
2024,22,2024-08-03,M.C.G.,Collingwood,Carlton,Collingwood,Jack Bytel,9,5,6,0,0,0,2
2024,22,2024-08-03,M.C.G.,Collingwood,Carlton,Collingwood,Darcy Cameron,12,6,3,0,0,40,2
2024,22,2024-08-03,M.C.G.,Collingwood,Carlton,Collingwood,Mason Cox,3,1,1,2,0,12,0
2024,22,2024-08-03,M.C.G.,Collingwood,Carlton,Collingwood,Jack Crisp,7,1,12,1,0,0,5
2024,22,2024-08-03,M.C.G.,Collingwood,Carlton,Collingwood,Josh Daicos,11,3,9,0,0,0,2
2024,22,2024-08-03,M.C.G.,Collingwood,Carlton,Collingwood,Nick Daicos,14,0,14,1,1,0,6
2024,22,2024-08-03,M.C.G.,Collingwood,Carlton,Collingwood,Jordan de Goey,5,3,7,2,1,0,2
2024,22,2024-08-03,M.C.G.,Collingwood,Carlton,Collingwood,Jamie Elliott,8,1,6,1,1,0,2
2024,22,2024-08-03,M.C.G.,Collingwood,Carlton,Collingwood,Billy Frampton,4,3,3,0,0,0,1
2024,22,2024-08-03,M.C.G.,Collingwood,Carlton,Collingwood,Bobby Hill,12,5,4,1,4,0,2
2024,22,2024-08-03,M.C.G.,Collingwood,Carlton,Collingwood,Will Hoskin-Elliott,18,10,2,2,2,0,0
2024,22,2024-08-03,M.C.G.,Collingwood,Carlton,Collingwood,Jeremy Howe,18,7,2,0,0,0,4
2024,22,2024-08-03,M.C.G.,Collingwood,Carlton,Collingwood,Patrick Lipinski,2,1,2,0,0,0,1
2024,22,2024-08-03,M.C.G.,Collingwood,Carlton,Collingwood,Ned Long,1,1,6,0,0,0,5
2024,22,2024-08-03,M.C.G.,Collingwood,Carlton,Collingwood,Brayden Maynard,13,4,2,0,0,0,3
2024,22,2024-08-03,M.C.G.,Collingwood,Carlton,Collingwood,Beau McCreery,6,0,4,0,1,0,4
2024,22,2024-08-03,M.C.G.,Collingwood,Carlton,Collingwood,Daniel McStay,5,2,3,1,0,0,1
2024,22,2024-08-03,M.C.G.,Collingwood,Carlton,Collingwood,Darcy Moore,8,2,3,0,0,0,1
2024,22,2024-08-03,M.C.G.,Collingwood,Carlton,Collingwood,John Noble,7,1,5,0,0,0,4
2024,22,2024-08-03,M.C.G.,Collingwood,Carlton,Collingwood,Scott Pendlebury,12,1,15,0,1,0,6
2024,22,2024-08-03,M.C.G.,Collingwood,Carlton,Collingwood,Isaac Quaynor,2,2,2,0,0,0,5
2024,22,2024-08-03,M.C.G.,Collingwood,Carlton,Collingwood,Lachie Schultz,8,2,9,1,0,0,1
2024,22,2024-08-03,M.C.G.,Collingwood,Carlton,Collingwood,Steele Sidebottom,7,2,4,0,0,0,3
2024,22,2024-08-03,M.C.G.,Collingwood,Carlton,Carlton,Blake Acres,9,6,9,1,1,0,1
2024,22,2024-08-03,M.C.G.,Collingwood,Carlton,Carlton,Jordan Boyd,13,7,1,0,1,0,1
2024,22,2024-08-03,M.C.G.,Collingwood,Carlton,Carlton,Adam Cerra,7,1,1,0,0,0,2
2024,22,2024-08-03,M.C.G.,Collingwood,Carlton,Carlton,Alex Cincotta,2,0,5,0,0,0,1
2024,22,2024-08-03,M.C.G.,Collingwood,Carlton,Carlton,Matthew Cottrell,3,3,5,0,0,0,1
2024,22,2024-08-03,M.C.G.,Collingwood,Carlton,Carlton,Patrick Cripps,15,4,15,1,2,0,4
2024,22,2024-08-03,M.C.G.,Collingwood,Carlton,Carlton,Charlie Curnow,7,5,2,0,2,0,2
2024,22,2024-08-03,M.C.G.,Collingwood,Carlton,Carlton,Lachie Fogarty,4,1,3,2,0,0,3
2024,22,2024-08-03,M.C.G.,Collingwood,Carlton,Carlton,George Hewett,20,5,12,0,0,0,3
2024,22,2024-08-03,M.C.G.,Collingwood,Carlton,Carlton,Elijah Hollands,13,6,8,2,1,0,1
2024,22,2024-08-03,M.C.G.,Collingwood,Carlton,Carlton,Oliver Hollands,11,6,1,1,0,0,5
2024,22,2024-08-03,M.C.G.,Collingwood,Carlton,Carlton,Brodie Kemp,12,9,3,0,0,0,4
2024,22,2024-08-03,M.C.G.,Collingwood,Carlton,Carlton,Matthew Kennedy,11,3,6,0,0,0,4
2024,22,2024-08-03,M.C.G.,Collingwood,Carlton,Carlton,Jack Martin,7,4,6,2,0,0,0
2024,22,2024-08-03,M.C.G.,Collingwood,Carlton,Carlton,Mitch McGovern,17,8,4,0,0,0,0
2024,22,2024-08-03,M.C.G.,Collingwood,Carlton,Carlton,Harry McKay,6,5,2,1,1,1,4
2024,22,2024-08-03,M.C.G.,Collingwood,Carlton,Carlton,Jesse Motlop,6,4,3,0,1,0,0
2024,22,2024-08-03,M.C.G.,Collingwood,Carlton,Carlton,Nic Newman,24,12,10,0,0,0,5
2024,22,2024-08-03,M.C.G.,Collingwood,Carlton,Carlton,Matthew Owies,7,4,3,1,0,0,1
2024,22,2024-08-03,M.C.G.,Collingwood,Carlton,Carlton,Marc Pittonet,6,0,2,0,0,25,0
2024,22,2024-08-03,M.C.G.,Collingwood,Carlton,Carlton,Adam Saad,14,5,7,0,0,0,2
2024,22,2024-08-03,M.C.G.,Collingwood,Carlton,Carlton,Sam Walsh,18,10,12,0,0,0,6
2024,22,2024-08-03,M.C.G.,Collingwood,Carlton,Carlton,Jacob Weitering,9,7,3,0,0,0,1
2024,22,2024-08-04,Manuka Oval,Greater Western Sydney,Hawthorn,Greater Western Sydney,Lachie Ash,14,6,9,0,0,0,2
2024,22,2024-08-04,Manuka Oval,Greater Western Sydney,Hawthorn,Greater Western Sydney,Toby Bedford,3,1,5,0,0,0,3
2024,22,2024-08-04,Manuka Oval,Greater Western Sydney,Hawthorn,Greater Western Sydney,Kieren Briggs,3,0,4,0,0,23,7
2024,22,2024-08-04,Manuka Oval,Greater Western Sydney,Hawthorn,Greater Western Sydney,Jack Buckley,10,10,4,0,0,0,1
2024,22,2024-08-04,Manuka Oval,Greater Western Sydney,Hawthorn,Greater Western Sydney,Aaron Cadman,7,1,5,1,0,4,5
2024,22,2024-08-04,Manuka Oval,Greater Western Sydney,Hawthorn,Greater Western Sydney,Finn Callaghan,7,1,10,0,0,0,2
2024,22,2024-08-04,Manuka Oval,Greater Western Sydney,Hawthorn,Greater Western Sydney,Brent Daniels,15,4,8,1,2,0,5
2024,22,2024-08-04,Manuka Oval,Greater Western Sydney,Hawthorn,Greater Western Sydney,Joe Fonti,3,0,1,0,0,0,0
2024,22,2024-08-04,Manuka Oval,Greater Western Sydney,Hawthorn,Greater Western Sydney,Tom Green,13,2,12,1,0,0,2
2024,22,2024-08-04,Manuka Oval,Greater Western Sydney,Hawthorn,Greater Western Sydney,Toby Greene,16,7,1,3,2,0,2
2024,22,2024-08-04,Manuka Oval,Greater Western Sydney,Hawthorn,Greater Western Sydney,Max Gruzewski,1,1,2,0,0,0,0
2024,22,2024-08-04,Manuka Oval,Greater Western Sydney,Hawthorn,Greater Western Sydney,Harry Himmelberg,11,9,9,0,0,0,1
2024,22,2024-08-04,Manuka Oval,Greater Western Sydney,Hawthorn,Greater Western Sydney,Jesse Hogan,13,11,4,5,2,0,1
2024,22,2024-08-04,Manuka Oval,Greater Western Sydney,Hawthorn,Greater Western Sydney,Connor Idun,10,8,10,0,0,0,0
2024,22,2024-08-04,Manuka Oval,Greater Western Sydney,Hawthorn,Greater Western Sydney,Darcy Jones,12,6,4,1,2,0,7
2024,22,2024-08-04,Manuka Oval,Greater Western Sydney,Hawthorn,Greater Western Sydney,Toby McMullin,8,3,7,0,0,0,4
2024,22,2024-08-04,Manuka Oval,Greater Western Sydney,Hawthorn,Greater Western Sydney,Xavier OHalloran,4,3,2,0,0,0,4
2024,22,2024-08-04,Manuka Oval,Greater Western Sydney,Hawthorn,Greater Western Sydney,James Peatling,11,3,6,0,0,0,10
2024,22,2024-08-04,Manuka Oval,Greater Western Sydney,Hawthorn,Greater Western Sydney,Harry Perryman,6,0,9,0,0,0,4
2024,22,2024-08-04,Manuka Oval,Greater Western Sydney,Hawthorn,Greater Western Sydney,Sam Taylor,3,4,6,0,0,0,0
2024,22,2024-08-04,Manuka Oval,Greater Western Sydney,Hawthorn,Greater Western Sydney,Harvey Thomas,3,2,2,0,1,0,2
2024,22,2024-08-04,Manuka Oval,Greater Western Sydney,Hawthorn,Greater Western Sydney,Callan Ward,11,3,7,0,0,0,3
2024,22,2024-08-04,Manuka Oval,Greater Western Sydney,Hawthorn,Greater Western Sydney,Lachie Whitfield,24,10,13,0,0,0,2
2024,22,2024-08-04,Manuka Oval,Greater Western Sydney,Hawthorn,Hawthorn,Karl Amon,20,9,10,0,0,0,4
2024,22,2024-08-04,Manuka Oval,Greater Western Sydney,Hawthorn,Hawthorn,Luke Breust,4,3,1,1,0,0,1
2024,22,2024-08-04,Manuka Oval,Greater Western Sydney,Hawthorn,Hawthorn,Mabior Chol,7,2,0,2,0,1,2
2024,22,2024-08-04,Manuka Oval,Greater Western Sydney,Hawthorn,Hawthorn,Massimo DAmbrosio,12,5,10,2,0,0,0
2024,22,2024-08-04,Manuka Oval,Greater Western Sydney,Hawthorn,Hawthorn,Will Day,6,1,8,0,0,0,2
2024,22,2024-08-04,Manuka Oval,Greater Western Sydney,Hawthorn,Hawthorn,Calsher Dear,1,0,4,0,0,0,1
2024,22,2024-08-04,Manuka Oval,Greater Western Sydney,Hawthorn,Hawthorn,Sam Frost,6,2,5,0,0,0,2
2024,22,2024-08-04,Manuka Oval,Greater Western Sydney,Hawthorn,Hawthorn,Jack Ginnivan,7,4,9,0,2,0,1
2024,22,2024-08-04,Manuka Oval,Greater Western Sydney,Hawthorn,Hawthorn,Jack Gunston,5,3,0,4,0,0,1
2024,22,2024-08-04,Manuka Oval,Greater Western Sydney,Hawthorn,Hawthorn,Blake Hardwick,14,8,5,0,0,0,6
2024,22,2024-08-04,Manuka Oval,Greater Western Sydney,Hawthorn,Hawthorn,Jarman Impey,8,2,9,0,0,0,4
2024,22,2024-08-04,Manuka Oval,Greater Western Sydney,Hawthorn,Hawthorn,Changkuoth Jiath,4,1,6,0,0,0,2
2024,22,2024-08-04,Manuka Oval,Greater Western Sydney,Hawthorn,Hawthorn,Connor Macdonald,8,6,6,1,0,0,0
2024,22,2024-08-04,Manuka Oval,Greater Western Sydney,Hawthorn,Hawthorn,Lloyd Meek,8,4,8,0,3,42,4
2024,22,2024-08-04,Manuka Oval,Greater Western Sydney,Hawthorn,Hawthorn,Dylan Moore,11,3,8,1,2,0,5
2024,22,2024-08-04,Manuka Oval,Greater Western Sydney,Hawthorn,Hawthorn,Conor Nash,6,0,14,0,0,0,3
2024,22,2024-08-04,Manuka Oval,Greater Western Sydney,Hawthorn,Hawthorn,Jai Newcombe,13,3,17,0,0,0,6
2024,22,2024-08-04,Manuka Oval,Greater Western Sydney,Hawthorn,Hawthorn,Jack Scrimshaw,11,6,8,0,0,0,1
2024,22,2024-08-04,Manuka Oval,Greater Western Sydney,Hawthorn,Hawthorn,James Sicily,15,8,5,0,0,0,0
2024,22,2024-08-04,Manuka Oval,Greater Western Sydney,Hawthorn,Hawthorn,Josh Ward,6,2,5,0,0,0,1
2024,22,2024-08-04,Manuka Oval,Greater Western Sydney,Hawthorn,Hawthorn,Nick Watson,4,2,0,0,1,0,5
2024,22,2024-08-04,Manuka Oval,Greater Western Sydney,Hawthorn,Hawthorn,Josh Weddle,7,3,7,1,1,3,0
2024,22,2024-08-04,Manuka Oval,Greater Western Sydney,Hawthorn,Hawthorn,James Worpel,7,1,9,0,1,0,3
2024,22,2024-08-04,M.C.G.,Essendon,Fremantle,Essendon,Nick Bryan,6,3,2,0,0,19,4
2024,22,2024-08-04,M.C.G.,Essendon,Fremantle,Essendon,Nate Caddy,7,5,2,1,1,0,1
2024,22,2024-08-04,M.C.G.,Essendon,Fremantle,Essendon,Jye Caldwell,16,5,16,0,1,0,6
2024,22,2024-08-04,M.C.G.,Essendon,Fremantle,Essendon,Nik Cox,6,2,1,0,0,0,3
2024,22,2024-08-04,M.C.G.,Essendon,Fremantle,Essendon,Alwyn Davey,1,0,0,0,0,0,1
2024,22,2024-08-04,M.C.G.,Essendon,Fremantle,Essendon,Sam Draper,7,4,2,1,1,21,5
2024,22,2024-08-04,M.C.G.,Essendon,Fremantle,Essendon,Sam Durham,11,6,14,0,1,0,5
2024,22,2024-08-04,M.C.G.,Essendon,Fremantle,Essendon,Xavier Duursma,9,3,2,0,0,0,2
2024,22,2024-08-04,M.C.G.,Essendon,Fremantle,Essendon,Jade Gresham,5,2,5,3,1,0,1
2024,22,2024-08-04,M.C.G.,Essendon,Fremantle,Essendon,Harry Jones,9,8,4,0,1,0,0
2024,22,2024-08-04,M.C.G.,Essendon,Fremantle,Essendon,Jake Kelly,8,7,5,0,0,0,0
2024,22,2024-08-04,M.C.G.,Essendon,Fremantle,Essendon,Kyle Langford,11,5,3,2,1,0,3
2024,22,2024-08-04,M.C.G.,Essendon,Fremantle,Essendon,Jayden Laverde,3,4,11,0,0,0,1
2024,22,2024-08-04,M.C.G.,Essendon,Fremantle,Essendon,Nic Martin,11,3,14,2,0,0,1
2024,22,2024-08-04,M.C.G.,Essendon,Fremantle,Essendon,Andrew McGrath,13,6,7,0,0,0,0
2024,22,2024-08-04,M.C.G.,Essendon,Fremantle,Essendon,Ben McKay,5,5,6,0,0,0,0
2024,22,2024-08-04,M.C.G.,Essendon,Fremantle,Essendon,Jye Menzie,10,5,4,0,0,0,4
2024,22,2024-08-04,M.C.G.,Essendon,Fremantle,Essendon,Zach Merrett,15,6,14,0,0,0,7
2024,22,2024-08-04,M.C.G.,Essendon,Fremantle,Essendon,Darcy Parish,18,6,16,0,0,0,2
2024,22,2024-08-04,M.C.G.,Essendon,Fremantle,Essendon,Mason Redman,20,8,7,0,0,0,0
2024,22,2024-08-04,M.C.G.,Essendon,Fremantle,Essendon,Archie Roberts,11,5,7,0,0,0,4
2024,22,2024-08-04,M.C.G.,Essendon,Fremantle,Essendon,Dylan Shiel,7,1,13,0,0,0,4
2024,22,2024-08-04,M.C.G.,Essendon,Fremantle,Essendon,Jake Stringer,6,3,2,4,0,0,10
2024,22,2024-08-04,M.C.G.,Essendon,Fremantle,Fremantle,James Aish,2,1,4,0,0,0,3
2024,22,2024-08-04,M.C.G.,Essendon,Fremantle,Fremantle,Jye Amiss,6,5,1,4,0,0,1
2024,22,2024-08-04,M.C.G.,Essendon,Fremantle,Fremantle,Bailey Banfield,13,3,5,0,0,0,3
2024,22,2024-08-04,M.C.G.,Essendon,Fremantle,Fremantle,Andrew Brayshaw,12,6,21,0,0,0,5
2024,22,2024-08-04,M.C.G.,Essendon,Fremantle,Fremantle,Heath Chapman,6,2,5,0,0,0,1
2024,22,2024-08-04,M.C.G.,Essendon,Fremantle,Fremantle,Jordan Clark,13,6,16,0,0,0,1
2024,22,2024-08-04,M.C.G.,Essendon,Fremantle,Fremantle,Brennan Cox,7,5,4,0,0,0,6
2024,22,2024-08-04,M.C.G.,Essendon,Fremantle,Fremantle,Sean Darcy,2,2,10,0,1,33,1
2024,22,2024-08-04,M.C.G.,Essendon,Fremantle,Fremantle,Josh Draper,5,5,6,0,0,0,0
2024,22,2024-08-04,M.C.G.,Essendon,Fremantle,Fremantle,Tom Emmett,3,2,1,0,1,0,0
2024,22,2024-08-04,M.C.G.,Essendon,Fremantle,Fremantle,Neil Erasmus,6,2,7,0,0,0,3
2024,22,2024-08-04,M.C.G.,Essendon,Fremantle,Fremantle,Michael Frederick,2,1,3,1,0,0,0
2024,22,2024-08-04,M.C.G.,Essendon,Fremantle,Fremantle,Luke Jackson,4,3,6,2,0,3,0
2024,22,2024-08-04,M.C.G.,Essendon,Fremantle,Fremantle,Jaeger OMeara,5,2,11,0,0,0,3
2024,22,2024-08-04,M.C.G.,Essendon,Fremantle,Fremantle,Luke Ryan,21,9,9,0,0,0,3
2024,22,2024-08-04,M.C.G.,Essendon,Fremantle,Fremantle,Caleb Serong,15,2,17,0,0,0,3
2024,22,2024-08-04,M.C.G.,Essendon,Fremantle,Fremantle,Jeremy Sharp,9,3,7,0,1,0,2
2024,22,2024-08-04,M.C.G.,Essendon,Fremantle,Fremantle,Sam Sturt,7,7,6,2,0,0,1
2024,22,2024-08-04,M.C.G.,Essendon,Fremantle,Fremantle,Sam Switkowski,7,5,9,0,1,0,3
2024,22,2024-08-04,M.C.G.,Essendon,Fremantle,Fremantle,Josh Treacy,5,5,4,3,0,0,1
2024,22,2024-08-04,M.C.G.,Essendon,Fremantle,Fremantle,Corey Wagner,11,2,5,0,0,0,2
2024,22,2024-08-04,M.C.G.,Essendon,Fremantle,Fremantle,Brandon Walker,9,4,7,0,0,0,3
2024,22,2024-08-04,M.C.G.,Essendon,Fremantle,Fremantle,Hayden Young,14,1,13,2,1,0,7
2024,22,2024-08-04,Docklands,St Kilda,Brisbane Lions,St Kilda,Josh Battle,13,9,11,0,1,0,1
2024,22,2024-08-04,Docklands,St Kilda,Brisbane Lions,St Kilda,Riley Bonner,7,6,5,0,0,0,1
2024,22,2024-08-04,Docklands,St Kilda,Brisbane Lions,St Kilda,Dan Butler,4,1,2,0,0,0,5
2024,22,2024-08-04,Docklands,St Kilda,Brisbane Lions,St Kilda,Anthony Caminiti,3,2,2,1,0,1,1
2024,22,2024-08-04,Docklands,St Kilda,Brisbane Lions,St Kilda,Paddy Dow,3,1,7,0,0,0,5
2024,22,2024-08-04,Docklands,St Kilda,Brisbane Lions,St Kilda,Jack Higgins,4,3,0,0,0,0,3
2024,22,2024-08-04,Docklands,St Kilda,Brisbane Lions,St Kilda,Bradley Hill,7,3,6,0,0,0,1
2024,22,2024-08-04,Docklands,St Kilda,Brisbane Lions,St Kilda,Dougal Howard,8,6,4,0,0,0,0
2024,22,2024-08-04,Docklands,St Kilda,Brisbane Lions,St Kilda,Zak Jones,7,5,9,0,0,0,3
2024,22,2024-08-04,Docklands,St Kilda,Brisbane Lions,St Kilda,Rowan Marshall,13,9,4,2,0,18,7
2024,22,2024-08-04,Docklands,St Kilda,Brisbane Lions,St Kilda,Angus McLennan,8,7,6,0,0,0,2
2024,22,2024-08-04,Docklands,St Kilda,Brisbane Lions,St Kilda,Tim Membrey,10,8,3,1,2,0,2
2024,22,2024-08-04,Docklands,St Kilda,Brisbane Lions,St Kilda,Mitch Owens,7,4,7,0,1,4,2
2024,22,2024-08-04,Docklands,St Kilda,Brisbane Lions,St Kilda,Mattaes Phillipou,15,5,9,1,0,0,3
2024,22,2024-08-04,Docklands,St Kilda,Brisbane Lions,St Kilda,Cooper Sharman,5,3,4,0,1,0,2
2024,22,2024-08-04,Docklands,St Kilda,Brisbane Lions,St Kilda,Jack Sinclair,21,6,9,0,0,0,8
2024,22,2024-08-04,Docklands,St Kilda,Brisbane Lions,St Kilda,Jack Steele,10,9,13,0,0,0,7
2024,22,2024-08-04,Docklands,St Kilda,Brisbane Lions,St Kilda,Liam Stocker,11,5,6,0,0,0,3
2024,22,2024-08-04,Docklands,St Kilda,Brisbane Lions,St Kilda,Nasiah Wanganeen-Milera,18,7,5,0,1,0,2
2024,22,2024-08-04,Docklands,St Kilda,Brisbane Lions,St Kilda,Jimmy Webster,7,4,4,0,0,0,4
2024,22,2024-08-04,Docklands,St Kilda,Brisbane Lions,St Kilda,Callum Wilkie,9,8,6,0,0,0,2
2024,22,2024-08-04,Docklands,St Kilda,Brisbane Lions,St Kilda,Darcy Wilson,10,5,4,0,0,0,1
2024,22,2024-08-04,Docklands,St Kilda,Brisbane Lions,St Kilda,Mason Wood,9,6,7,0,1,0,1
2024,22,2024-08-04,Docklands,St Kilda,Brisbane Lions,Brisbane Lions,Callum Ah Chee,12,7,4,2,1,0,2
2024,22,2024-08-04,Docklands,St Kilda,Brisbane Lions,Brisbane Lions,Harris Andrews,15,14,3,0,0,0,0
2024,22,2024-08-04,Docklands,St Kilda,Brisbane Lions,Brisbane Lions,Will Ashcroft,13,2,5,0,0,0,0
2024,22,2024-08-04,Docklands,St Kilda,Brisbane Lions,Brisbane Lions,Zac Bailey,10,4,10,3,0,0,0
2024,22,2024-08-04,Docklands,St Kilda,Brisbane Lions,Brisbane Lions,Jarrod Berry,12,7,5,0,0,0,1
2024,22,2024-08-04,Docklands,St Kilda,Brisbane Lions,Brisbane Lions,Shadeau Brain,5,2,5,0,0,0,0
2024,22,2024-08-04,Docklands,St Kilda,Brisbane Lions,Brisbane Lions,Charlie Cameron,7,2,1,2,1,0,3
2024,22,2024-08-04,Docklands,St Kilda,Brisbane Lions,Brisbane Lions,Joe Daniher,14,6,4,4,3,0,0
2024,22,2024-08-04,Docklands,St Kilda,Brisbane Lions,Brisbane Lions,Josh Dunkley,8,5,12,0,0,0,5
2024,22,2024-08-04,Docklands,St Kilda,Brisbane Lions,Brisbane Lions,Jaspa Fletcher,10,7,9,1,0,0,4
2024,22,2024-08-04,Docklands,St Kilda,Brisbane Lions,Brisbane Lions,Ryan Lester,7,3,5,0,0,0,0
2024,22,2024-08-04,Docklands,St Kilda,Brisbane Lions,Brisbane Lions,Kai Lohmann,11,5,3,0,2,0,8
2024,22,2024-08-04,Docklands,St Kilda,Brisbane Lions,Brisbane Lions,Hugh McCluggage,14,3,14,1,0,0,6
2024,22,2024-08-04,Docklands,St Kilda,Brisbane Lions,Brisbane Lions,Oscar McInerney,2,0,7,0,0,36,1
2024,22,2024-08-04,Docklands,St Kilda,Brisbane Lions,Brisbane Lions,Logan Morris,5,3,3,2,0,0,0
2024,22,2024-08-04,Docklands,St Kilda,Brisbane Lions,Brisbane Lions,Lachie Neale,17,6,16,0,0,0,2
2024,22,2024-08-04,Docklands,St Kilda,Brisbane Lions,Brisbane Lions,Jaxon Prior,7,3,0,0,0,0,1
2024,22,2024-08-04,Docklands,St Kilda,Brisbane Lions,Brisbane Lions,Cam Rayner,12,5,10,3,0,0,2
2024,22,2024-08-04,Docklands,St Kilda,Brisbane Lions,Brisbane Lions,Bruce Reville,3,2,3,1,0,0,0
2024,22,2024-08-04,Docklands,St Kilda,Brisbane Lions,Brisbane Lions,Henry Smith,2,1,9,0,0,11,4
2024,22,2024-08-04,Docklands,St Kilda,Brisbane Lions,Brisbane Lions,Brandon Starcevich,12,7,2,0,0,0,0
2024,22,2024-08-04,Docklands,St Kilda,Brisbane Lions,Brisbane Lions,Darcy Wilmot,17,5,5,0,0,0,2
2024,22,2024-08-04,Docklands,St Kilda,Brisbane Lions,Brisbane Lions,Dayne Zorko,21,8,5,0,0,0,2
2024,23,2024-08-09,S.C.G.,Sydney,Collingwood,Sydney,Taylor Adams,6,1,4,0,0,0,2
2024,23,2024-08-09,S.C.G.,Sydney,Collingwood,Sydney,Joel Amartey,8,4,3,0,2,0,3
2024,23,2024-08-09,S.C.G.,Sydney,Collingwood,Sydney,Nick Blakey,18,7,6,0,1,0,2
2024,23,2024-08-09,S.C.G.,Sydney,Collingwood,Sydney,Braeden Campbell,6,5,5,0,0,0,4
2024,23,2024-08-09,S.C.G.,Sydney,Collingwood,Sydney,Caiden Cleary,0,0,1,0,0,0,0
2024,23,2024-08-09,S.C.G.,Sydney,Collingwood,Sydney,Harry Cunningham,9,6,4,0,0,0,2
2024,23,2024-08-09,S.C.G.,Sydney,Collingwood,Sydney,Oliver Florent,6,4,6,1,0,0,3
2024,23,2024-08-09,S.C.G.,Sydney,Collingwood,Sydney,Robbie Fox,3,1,1,0,0,0,2
2024,23,2024-08-09,S.C.G.,Sydney,Collingwood,Sydney,Brodie Grundy,5,0,8,0,0,38,6
2024,23,2024-08-09,S.C.G.,Sydney,Collingwood,Sydney,Errol Gulden,10,1,4,1,1,0,5
2024,23,2024-08-09,S.C.G.,Sydney,Collingwood,Sydney,Will Hayward,11,4,3,3,1,0,1
2024,23,2024-08-09,S.C.G.,Sydney,Collingwood,Sydney,Isaac Heeney,19,6,13,1,3,0,3
2024,23,2024-08-09,S.C.G.,Sydney,Collingwood,Sydney,James Jordon,6,2,2,1,0,0,5
2024,23,2024-08-09,S.C.G.,Sydney,Collingwood,Sydney,Jake Lloyd,11,6,7,0,0,0,1
2024,23,2024-08-09,S.C.G.,Sydney,Collingwood,Sydney,Tom McCartin,3,1,4,0,0,0,1
2024,23,2024-08-09,S.C.G.,Sydney,Collingwood,Sydney,Logan McDonald,7,7,0,1,0,0,1
2024,23,2024-08-09,S.C.G.,Sydney,Collingwood,Sydney,Hayden McLean,5,4,6,1,0,9,1
2024,23,2024-08-09,S.C.G.,Sydney,Collingwood,Sydney,Callum Mills,5,1,7,0,0,0,3
2024,23,2024-08-09,S.C.G.,Sydney,Collingwood,Sydney,Luke Parker,7,2,7,2,0,0,3
2024,23,2024-08-09,S.C.G.,Sydney,Collingwood,Sydney,Dane Rampe,5,1,1,0,0,0,3
2024,23,2024-08-09,S.C.G.,Sydney,Collingwood,Sydney,Matt Roberts,16,3,9,0,0,0,4
2024,23,2024-08-09,S.C.G.,Sydney,Collingwood,Sydney,James Rowbottom,10,1,11,0,1,0,5
2024,23,2024-08-09,S.C.G.,Sydney,Collingwood,Sydney,Chad Warner,17,2,16,2,0,0,3
2024,23,2024-08-09,S.C.G.,Sydney,Collingwood,Collingwood,Jack Bytel,14,7,4,1,0,0,1
2024,23,2024-08-09,S.C.G.,Sydney,Collingwood,Collingwood,Darcy Cameron,14,7,5,1,0,25,1
2024,23,2024-08-09,S.C.G.,Sydney,Collingwood,Collingwood,Mason Cox,6,5,2,1,0,21,3
2024,23,2024-08-09,S.C.G.,Sydney,Collingwood,Collingwood,Jack Crisp,12,1,11,1,1,0,4
2024,23,2024-08-09,S.C.G.,Sydney,Collingwood,Collingwood,Josh Daicos,18,6,8,0,0,0,3
2024,23,2024-08-09,S.C.G.,Sydney,Collingwood,Collingwood,Nick Daicos,13,0,12,0,0,0,4
2024,23,2024-08-09,S.C.G.,Sydney,Collingwood,Collingwood,Jamie Elliott,11,4,4,1,1,0,2
2024,23,2024-08-09,S.C.G.,Sydney,Collingwood,Collingwood,Billy Frampton,2,2,3,0,0,0,1
2024,23,2024-08-09,S.C.G.,Sydney,Collingwood,Collingwood,Bobby Hill,5,1,3,2,1,0,5
2024,23,2024-08-09,S.C.G.,Sydney,Collingwood,Collingwood,Will Hoskin-Elliott,5,1,3,0,0,0,4
2024,23,2024-08-09,S.C.G.,Sydney,Collingwood,Collingwood,Jeremy Howe,14,2,3,0,0,0,1
2024,23,2024-08-09,S.C.G.,Sydney,Collingwood,Collingwood,Patrick Lipinski,7,2,9,1,1,0,1
2024,23,2024-08-09,S.C.G.,Sydney,Collingwood,Collingwood,Ned Long,11,1,2,1,1,0,6
2024,23,2024-08-09,S.C.G.,Sydney,Collingwood,Collingwood,Brayden Maynard,10,3,3,0,0,0,0
2024,23,2024-08-09,S.C.G.,Sydney,Collingwood,Collingwood,Beau McCreery,8,2,7,1,0,0,5
2024,23,2024-08-09,S.C.G.,Sydney,Collingwood,Collingwood,Daniel McStay,10,9,3,1,1,1,1
2024,23,2024-08-09,S.C.G.,Sydney,Collingwood,Collingwood,Darcy Moore,8,4,4,0,0,0,2
2024,23,2024-08-09,S.C.G.,Sydney,Collingwood,Collingwood,John Noble,9,4,5,0,0,0,3
2024,23,2024-08-09,S.C.G.,Sydney,Collingwood,Collingwood,Scott Pendlebury,8,3,10,0,0,0,7
2024,23,2024-08-09,S.C.G.,Sydney,Collingwood,Collingwood,Isaac Quaynor,13,5,4,1,0,0,1
2024,23,2024-08-09,S.C.G.,Sydney,Collingwood,Collingwood,Joe Richards,0,0,0,0,0,0,0
2024,23,2024-08-09,S.C.G.,Sydney,Collingwood,Collingwood,Lachie Schultz,5,1,8,0,2,0,4
2024,23,2024-08-09,S.C.G.,Sydney,Collingwood,Collingwood,Steele Sidebottom,14,6,7,0,2,0,3
2024,23,2024-08-10,Bellerive Oval,North Melbourne,West Coast,North Melbourne,Jackson Archer,10,8,1,0,0,0,1
2024,23,2024-08-10,Bellerive Oval,North Melbourne,West Coast,North Melbourne,Miller Bergman,10,6,1,0,0,0,1
2024,23,2024-08-10,Bellerive Oval,North Melbourne,West Coast,North Melbourne,Charlie Comben,6,5,4,0,0,0,0
2024,23,2024-08-10,Bellerive Oval,North Melbourne,West Coast,North Melbourne,Aidan Corr,5,3,2,0,0,0,2
2024,23,2024-08-10,Bellerive Oval,North Melbourne,West Coast,North Melbourne,Paul Curtis,13,7,2,3,4,0,3
2024,23,2024-08-10,Bellerive Oval,North Melbourne,West Coast,North Melbourne,Luke Davies-Uniacke,13,0,15,0,0,0,1
2024,23,2024-08-10,Bellerive Oval,North Melbourne,West Coast,North Melbourne,Zane Duursma,0,0,0,0,0,0,1
2024,23,2024-08-10,Bellerive Oval,North Melbourne,West Coast,North Melbourne,Eddie Ford,8,4,7,1,1,0,1
2024,23,2024-08-10,Bellerive Oval,North Melbourne,West Coast,North Melbourne,Robert Hansen,3,0,7,1,0,0,1
2024,23,2024-08-10,Bellerive Oval,North Melbourne,West Coast,North Melbourne,Nick Larkey,5,3,7,1,1,0,1
2024,23,2024-08-10,Bellerive Oval,North Melbourne,West Coast,North Melbourne,Luke McDonald,11,6,4,0,0,0,0
2024,23,2024-08-10,Bellerive Oval,North Melbourne,West Coast,North Melbourne,Colby McKercher,27,5,10,0,0,0,1
2024,23,2024-08-10,Bellerive Oval,North Melbourne,West Coast,North Melbourne,Will Phillips,6,4,10,0,0,0,8
2024,23,2024-08-10,Bellerive Oval,North Melbourne,West Coast,North Melbourne,Toby Pink,6,3,2,1,1,0,1
2024,23,2024-08-10,Bellerive Oval,North Melbourne,West Coast,North Melbourne,Tom Powell,15,7,11,2,0,0,2
2024,23,2024-08-10,Bellerive Oval,North Melbourne,West Coast,North Melbourne,Bailey Scott,13,4,8,0,0,0,3
2024,23,2024-08-10,Bellerive Oval,North Melbourne,West Coast,North Melbourne,Harry Sheezel,17,2,14,2,1,0,7
2024,23,2024-08-10,Bellerive Oval,North Melbourne,West Coast,North Melbourne,Liam Shiels,4,3,7,1,0,0,3
2024,23,2024-08-10,Bellerive Oval,North Melbourne,West Coast,North Melbourne,Jy Simpkin,12,1,14,0,0,0,2
2024,23,2024-08-10,Bellerive Oval,North Melbourne,West Coast,North Melbourne,Brynn Teakle,8,6,2,2,0,10,0
2024,23,2024-08-10,Bellerive Oval,North Melbourne,West Coast,North Melbourne,Darcy Tucker,9,4,10,0,0,0,3
2024,23,2024-08-10,Bellerive Oval,North Melbourne,West Coast,North Melbourne,Tristan Xerri,11,6,19,0,0,33,12
2024,23,2024-08-10,Bellerive Oval,North Melbourne,West Coast,North Melbourne,Cameron Zurhaar,8,4,2,0,2,0,2
2024,23,2024-08-10,Bellerive Oval,North Melbourne,West Coast,West Coast,Oscar Allen,11,5,3,5,2,0,1
2024,23,2024-08-10,Bellerive Oval,North Melbourne,West Coast,West Coast,Tom Cole,8,6,8,0,0,0,3
2024,23,2024-08-10,Bellerive Oval,North Melbourne,West Coast,West Coast,Jamie Cripps,8,4,2,3,0,0,2
2024,23,2024-08-10,Bellerive Oval,North Melbourne,West Coast,West Coast,Jack Darling,6,3,3,1,0,0,1
2024,23,2024-08-10,Bellerive Oval,North Melbourne,West Coast,West Coast,Tyrell Dewar,6,1,4,1,1,0,0
2024,23,2024-08-10,Bellerive Oval,North Melbourne,West Coast,West Coast,Liam Duggan,11,3,3,0,0,0,4
2024,23,2024-08-10,Bellerive Oval,North Melbourne,West Coast,West Coast,Andrew Gaff,4,2,5,0,0,0,1
2024,23,2024-08-10,Bellerive Oval,North Melbourne,West Coast,West Coast,Reuben Ginbey,9,3,5,0,0,0,4
2024,23,2024-08-10,Bellerive Oval,North Melbourne,West Coast,West Coast,Clay Hall,5,1,2,0,1,0,1
2024,23,2024-08-10,Bellerive Oval,North Melbourne,West Coast,West Coast,Brady Hough,8,5,7,0,0,0,5
2024,23,2024-08-10,Bellerive Oval,North Melbourne,West Coast,West Coast,Jayden Hunt,11,3,4,0,1,0,2
2024,23,2024-08-10,Bellerive Oval,North Melbourne,West Coast,West Coast,Harvey Johnston,4,1,5,0,0,0,1
2024,23,2024-08-10,Bellerive Oval,North Melbourne,West Coast,West Coast,Tim Kelly,8,1,11,0,0,0,9
2024,23,2024-08-10,Bellerive Oval,North Melbourne,West Coast,West Coast,Ryan Maric,7,3,9,0,0,0,1
2024,23,2024-08-10,Bellerive Oval,North Melbourne,West Coast,West Coast,Jeremy McGovern,17,6,8,0,0,0,3
2024,23,2024-08-10,Bellerive Oval,North Melbourne,West Coast,West Coast,Harley Reid,9,4,3,0,0,0,2
2024,23,2024-08-10,Bellerive Oval,North Melbourne,West Coast,West Coast,Liam Ryan,7,3,3,0,0,0,2
2024,23,2024-08-10,Bellerive Oval,North Melbourne,West Coast,West Coast,Zane Trew,6,3,9,1,0,0,6
2024,23,2024-08-10,Bellerive Oval,North Melbourne,West Coast,West Coast,Jake Waterman,11,9,2,1,4,0,0
2024,23,2024-08-10,Bellerive Oval,North Melbourne,West Coast,West Coast,Bailey Williams,8,1,5,0,0,29,2
2024,23,2024-08-10,Bellerive Oval,North Melbourne,West Coast,West Coast,Jack Williams,4,3,3,1,0,4,2
2024,23,2024-08-10,Bellerive Oval,North Melbourne,West Coast,West Coast,Alex Witherden,5,2,6,0,0,0,2
2024,23,2024-08-10,Bellerive Oval,North Melbourne,West Coast,West Coast,Elliot Yeo,12,1,5,2,1,0,3
2024,23,2024-08-10,Gabba,Brisbane Lions,Greater Western Sydney,Brisbane Lions,Callum Ah Chee,9,7,4,2,1,0,1
2024,23,2024-08-10,Gabba,Brisbane Lions,Greater Western Sydney,Brisbane Lions,Harris Andrews,8,7,2,0,0,0,0
2024,23,2024-08-10,Gabba,Brisbane Lions,Greater Western Sydney,Brisbane Lions,Will Ashcroft,18,9,11,0,1,0,1
2024,23,2024-08-10,Gabba,Brisbane Lions,Greater Western Sydney,Brisbane Lions,Zac Bailey,10,6,3,0,0,0,3
2024,23,2024-08-10,Gabba,Brisbane Lions,Greater Western Sydney,Brisbane Lions,Jarrod Berry,12,8,10,0,0,0,4
2024,23,2024-08-10,Gabba,Brisbane Lions,Greater Western Sydney,Brisbane Lions,Shadeau Brain,10,5,9,0,0,0,0
2024,23,2024-08-10,Gabba,Brisbane Lions,Greater Western Sydney,Brisbane Lions,Charlie Cameron,17,8,0,1,1,0,3
2024,23,2024-08-10,Gabba,Brisbane Lions,Greater Western Sydney,Brisbane Lions,Joe Daniher,6,2,1,2,1,0,0
2024,23,2024-08-10,Gabba,Brisbane Lions,Greater Western Sydney,Brisbane Lions,Josh Dunkley,13,5,10,0,1,0,5
2024,23,2024-08-10,Gabba,Brisbane Lions,Greater Western Sydney,Brisbane Lions,Jaspa Fletcher,7,4,5,0,1,0,1
2024,23,2024-08-10,Gabba,Brisbane Lions,Greater Western Sydney,Brisbane Lions,Darragh Joyce,8,6,2,0,0,0,1
2024,23,2024-08-10,Gabba,Brisbane Lions,Greater Western Sydney,Brisbane Lions,Ryan Lester,10,5,6,0,0,0,2
2024,23,2024-08-10,Gabba,Brisbane Lions,Greater Western Sydney,Brisbane Lions,Kai Lohmann,8,4,5,0,2,0,4
2024,23,2024-08-10,Gabba,Brisbane Lions,Greater Western Sydney,Brisbane Lions,Hugh McCluggage,9,4,6,0,0,0,1
2024,23,2024-08-10,Gabba,Brisbane Lions,Greater Western Sydney,Brisbane Lions,Oscar McInerney,5,2,4,1,0,39,0
2024,23,2024-08-10,Gabba,Brisbane Lions,Greater Western Sydney,Brisbane Lions,Logan Morris,6,4,2,1,1,0,2
2024,23,2024-08-10,Gabba,Brisbane Lions,Greater Western Sydney,Brisbane Lions,Lachie Neale,9,3,15,1,0,0,0
2024,23,2024-08-10,Gabba,Brisbane Lions,Greater Western Sydney,Brisbane Lions,Jaxon Prior,1,0,2,0,0,0,1
2024,23,2024-08-10,Gabba,Brisbane Lions,Greater Western Sydney,Brisbane Lions,Cam Rayner,6,1,11,0,2,0,1
2024,23,2024-08-10,Gabba,Brisbane Lions,Greater Western Sydney,Brisbane Lions,Henry Smith,6,2,3,0,0,9,0
2024,23,2024-08-10,Gabba,Brisbane Lions,Greater Western Sydney,Brisbane Lions,Brandon Starcevich,10,5,3,0,0,0,3
2024,23,2024-08-10,Gabba,Brisbane Lions,Greater Western Sydney,Brisbane Lions,Darcy Wilmot,11,3,5,0,1,0,2
2024,23,2024-08-10,Gabba,Brisbane Lions,Greater Western Sydney,Brisbane Lions,Dayne Zorko,21,4,3,0,1,0,1
2024,23,2024-08-10,Gabba,Brisbane Lions,Greater Western Sydney,Greater Western Sydney,Lachie Ash,13,5,9,0,0,0,2
2024,23,2024-08-10,Gabba,Brisbane Lions,Greater Western Sydney,Greater Western Sydney,Toby Bedford,4,1,7,0,0,0,6
2024,23,2024-08-10,Gabba,Brisbane Lions,Greater Western Sydney,Greater Western Sydney,Jack Buckley,6,4,6,0,0,0,1
2024,23,2024-08-10,Gabba,Brisbane Lions,Greater Western Sydney,Greater Western Sydney,Aaron Cadman,10,5,1,3,2,0,4
2024,23,2024-08-10,Gabba,Brisbane Lions,Greater Western Sydney,Greater Western Sydney,Finn Callaghan,14,5,10,1,0,0,4
2024,23,2024-08-10,Gabba,Brisbane Lions,Greater Western Sydney,Greater Western Sydney,Brent Daniels,6,2,10,1,0,0,5
2024,23,2024-08-10,Gabba,Brisbane Lions,Greater Western Sydney,Greater Western Sydney,Tom Green,14,5,14,0,0,0,3
2024,23,2024-08-10,Gabba,Brisbane Lions,Greater Western Sydney,Greater Western Sydney,Toby Greene,4,2,0,1,0,0,3
2024,23,2024-08-10,Gabba,Brisbane Lions,Greater Western Sydney,Greater Western Sydney,Max Gruzewski,2,2,1,1,0,0,0
2024,23,2024-08-10,Gabba,Brisbane Lions,Greater Western Sydney,Greater Western Sydney,Harry Himmelberg,16,5,7,0,0,0,2
2024,23,2024-08-10,Gabba,Brisbane Lions,Greater Western Sydney,Greater Western Sydney,Jesse Hogan,10,6,6,3,0,0,1
2024,23,2024-08-10,Gabba,Brisbane Lions,Greater Western Sydney,Greater Western Sydney,Connor Idun,10,6,13,0,0,0,1
2024,23,2024-08-10,Gabba,Brisbane Lions,Greater Western Sydney,Greater Western Sydney,Darcy Jones,8,1,10,2,0,0,2
2024,23,2024-08-10,Gabba,Brisbane Lions,Greater Western Sydney,Greater Western Sydney,Lachlan Keeffe,3,1,2,0,0,32,4
2024,23,2024-08-10,Gabba,Brisbane Lions,Greater Western Sydney,Greater Western Sydney,Josh Kelly,10,5,9,0,1,0,5
2024,23,2024-08-10,Gabba,Brisbane Lions,Greater Western Sydney,Greater Western Sydney,Xavier OHalloran,7,2,0,0,0,0,1
2024,23,2024-08-10,Gabba,Brisbane Lions,Greater Western Sydney,Greater Western Sydney,James Peatling,10,1,10,0,0,0,6
2024,23,2024-08-10,Gabba,Brisbane Lions,Greater Western Sydney,Greater Western Sydney,Harry Perryman,12,8,5,0,0,0,3
2024,23,2024-08-10,Gabba,Brisbane Lions,Greater Western Sydney,Greater Western Sydney,Conor Stone,1,0,1,0,0,0,1
2024,23,2024-08-10,Gabba,Brisbane Lions,Greater Western Sydney,Greater Western Sydney,Sam Taylor,4,5,9,0,0,0,2
2024,23,2024-08-10,Gabba,Brisbane Lions,Greater Western Sydney,Greater Western Sydney,Harvey Thomas,1,1,4,0,0,0,1
2024,23,2024-08-10,Gabba,Brisbane Lions,Greater Western Sydney,Greater Western Sydney,Callan Ward,9,3,6,1,1,0,2
2024,23,2024-08-10,Gabba,Brisbane Lions,Greater Western Sydney,Greater Western Sydney,Lachie Whitfield,13,2,12,0,0,0,1
2024,23,2024-08-10,Perth Stadium,Fremantle,Geelong,Fremantle,Jye Amiss,6,5,3,1,1,0,1
2024,23,2024-08-10,Perth Stadium,Fremantle,Geelong,Fremantle,Bailey Banfield,4,1,8,0,1,0,0
2024,23,2024-08-10,Perth Stadium,Fremantle,Geelong,Fremantle,Andrew Brayshaw,10,6,10,0,1,0,3
2024,23,2024-08-10,Perth Stadium,Fremantle,Geelong,Fremantle,Heath Chapman,16,9,6,0,0,0,1
2024,23,2024-08-10,Perth Stadium,Fremantle,Geelong,Fremantle,Jordan Clark,16,10,12,1,0,0,4
2024,23,2024-08-10,Perth Stadium,Fremantle,Geelong,Fremantle,Brennan Cox,10,10,6,0,0,0,0
2024,23,2024-08-10,Perth Stadium,Fremantle,Geelong,Fremantle,Josh Draper,10,5,9,0,0,0,1
2024,23,2024-08-10,Perth Stadium,Fremantle,Geelong,Fremantle,Michael Frederick,9,5,2,1,1,0,1
2024,23,2024-08-10,Perth Stadium,Fremantle,Geelong,Fremantle,Nat Fyfe,6,0,11,0,1,0,0
2024,23,2024-08-10,Perth Stadium,Fremantle,Geelong,Fremantle,Luke Jackson,6,2,7,1,1,24,2
2024,23,2024-08-10,Perth Stadium,Fremantle,Geelong,Fremantle,Matthew Johnson,10,6,11,0,0,0,2
2024,23,2024-08-10,Perth Stadium,Fremantle,Geelong,Fremantle,Jaeger OMeara,8,3,6,0,1,0,1
2024,23,2024-08-10,Perth Stadium,Fremantle,Geelong,Fremantle,Luke Ryan,34,15,2,0,0,0,1
2024,23,2024-08-10,Perth Stadium,Fremantle,Geelong,Fremantle,Caleb Serong,8,4,14,3,0,0,5
2024,23,2024-08-10,Perth Stadium,Fremantle,Geelong,Fremantle,Jeremy Sharp,20,13,8,0,0,0,0
2024,23,2024-08-10,Perth Stadium,Fremantle,Geelong,Fremantle,Sam Sturt,4,3,2,1,0,0,1
2024,23,2024-08-10,Perth Stadium,Fremantle,Geelong,Fremantle,Sam Switkowski,9,7,10,0,0,0,3
2024,23,2024-08-10,Perth Stadium,Fremantle,Geelong,Fremantle,Matthew Taberner,3,2,3,0,0,0,1
2024,23,2024-08-10,Perth Stadium,Fremantle,Geelong,Fremantle,Patrick Voss,5,2,1,0,0,3,1
2024,23,2024-08-10,Perth Stadium,Fremantle,Geelong,Fremantle,Corey Wagner,14,6,9,0,0,0,3
2024,23,2024-08-10,Perth Stadium,Fremantle,Geelong,Fremantle,Brandon Walker,13,5,9,0,0,0,2
2024,23,2024-08-10,Perth Stadium,Fremantle,Geelong,Fremantle,Karl Worner,1,0,4,0,0,0,0
2024,23,2024-08-10,Perth Stadium,Fremantle,Geelong,Fremantle,Hayden Young,9,1,13,1,1,0,3
2024,23,2024-08-10,Perth Stadium,Fremantle,Geelong,Geelong,Tom Atkins,7,2,11,0,0,0,7
2024,23,2024-08-10,Perth Stadium,Fremantle,Geelong,Geelong,Mark Blicavs,9,5,7,0,0,9,5
2024,23,2024-08-10,Perth Stadium,Fremantle,Geelong,Geelong,Jack Bowes,8,1,4,0,0,0,8
2024,23,2024-08-10,Perth Stadium,Fremantle,Geelong,Geelong,Tanner Bruhn,2,1,2,0,0,0,1
2024,23,2024-08-10,Perth Stadium,Fremantle,Geelong,Geelong,Jeremy Cameron,11,5,3,1,2,0,4
2024,23,2024-08-10,Perth Stadium,Fremantle,Geelong,Geelong,Brad Close,3,1,6,0,0,0,0
2024,23,2024-08-10,Perth Stadium,Fremantle,Geelong,Geelong,Patrick Dangerfield,16,3,4,1,2,0,3
2024,23,2024-08-10,Perth Stadium,Fremantle,Geelong,Geelong,Oliver Dempsey,10,5,10,1,1,0,2
2024,23,2024-08-10,Perth Stadium,Fremantle,Geelong,Geelong,Mitch Duncan,5,4,4,0,0,0,2
2024,23,2024-08-10,Perth Stadium,Fremantle,Geelong,Geelong,Zach Guthrie,12,10,8,0,0,0,2
2024,23,2024-08-10,Perth Stadium,Fremantle,Geelong,Geelong,Jack Henry,12,8,1,0,0,0,2
2024,23,2024-08-10,Perth Stadium,Fremantle,Geelong,Geelong,Oliver Henry,6,3,2,1,2,0,3
2024,23,2024-08-10,Perth Stadium,Fremantle,Geelong,Geelong,Max Holmes,15,3,5,0,0,0,3
2024,23,2024-08-10,Perth Stadium,Fremantle,Geelong,Geelong,Lawson Humphries,13,8,3,0,0,0,0
2024,23,2024-08-10,Perth Stadium,Fremantle,Geelong,Geelong,Jake Kolodjashnij,10,5,1,0,0,0,4
2024,23,2024-08-10,Perth Stadium,Fremantle,Geelong,Geelong,Shaun Mannagh,8,0,7,2,0,0,3
2024,23,2024-08-10,Perth Stadium,Fremantle,Geelong,Geelong,Gryan Miers,14,6,9,1,1,0,3
2024,23,2024-08-10,Perth Stadium,Fremantle,Geelong,Geelong,Oisin Mullin,2,3,3,0,0,0,0
2024,23,2024-08-10,Perth Stadium,Fremantle,Geelong,Geelong,Shannon Neale,5,2,3,2,1,4,1
2024,23,2024-08-10,Perth Stadium,Fremantle,Geelong,Geelong,Rhys Stanley,6,2,1,1,0,35,0
2024,23,2024-08-10,Perth Stadium,Fremantle,Geelong,Geelong,Tyson Stengle,4,2,3,0,0,0,4
2024,23,2024-08-10,Perth Stadium,Fremantle,Geelong,Geelong,Tom Stewart,13,7,6,0,0,0,1
2024,23,2024-08-10,Perth Stadium,Fremantle,Geelong,Geelong,Zach Tuohy,9,1,4,0,0,0,0
2024,23,2024-08-10,Docklands,Essendon,Gold Coast,Essendon,Nick Bryan,8,3,7,0,0,18,1
2024,23,2024-08-10,Docklands,Essendon,Gold Coast,Essendon,Nate Caddy,9,6,6,3,1,0,2
2024,23,2024-08-10,Docklands,Essendon,Gold Coast,Essendon,Jye Caldwell,10,2,7,1,0,0,2
2024,23,2024-08-10,Docklands,Essendon,Gold Coast,Essendon,Nik Cox,3,2,3,0,0,0,2
2024,23,2024-08-10,Docklands,Essendon,Gold Coast,Essendon,Alwyn Davey,5,2,3,0,1,0,3
2024,23,2024-08-10,Docklands,Essendon,Gold Coast,Essendon,Sam Draper,9,5,2,3,2,14,5
2024,23,2024-08-10,Docklands,Essendon,Gold Coast,Essendon,Sam Durham,13,4,10,1,1,0,5
2024,23,2024-08-10,Docklands,Essendon,Gold Coast,Essendon,Jade Gresham,4,3,1,0,0,0,5
2024,23,2024-08-10,Docklands,Essendon,Gold Coast,Essendon,Ben Hobbs,4,1,4,0,0,0,1
2024,23,2024-08-10,Docklands,Essendon,Gold Coast,Essendon,Harry Jones,7,5,9,1,1,0,1
2024,23,2024-08-10,Docklands,Essendon,Gold Coast,Essendon,Jake Kelly,6,4,5,0,0,0,1
2024,23,2024-08-10,Docklands,Essendon,Gold Coast,Essendon,Kyle Langford,6,2,6,0,0,0,5
2024,23,2024-08-10,Docklands,Essendon,Gold Coast,Essendon,Jayden Laverde,8,11,12,0,0,0,4
2024,23,2024-08-10,Docklands,Essendon,Gold Coast,Essendon,Nic Martin,22,7,14,0,0,0,3
2024,23,2024-08-10,Docklands,Essendon,Gold Coast,Essendon,Andrew McGrath,6,1,15,0,0,0,2
2024,23,2024-08-10,Docklands,Essendon,Gold Coast,Essendon,Ben McKay,13,7,6,0,0,0,0
2024,23,2024-08-10,Docklands,Essendon,Gold Coast,Essendon,Jye Menzie,3,2,5,1,1,0,2
2024,23,2024-08-10,Docklands,Essendon,Gold Coast,Essendon,Zach Merrett,22,8,10,0,1,0,5
2024,23,2024-08-10,Docklands,Essendon,Gold Coast,Essendon,Darcy Parish,13,5,14,0,0,0,4
2024,23,2024-08-10,Docklands,Essendon,Gold Coast,Essendon,Mason Redman,24,9,3,0,0,0,0
2024,23,2024-08-10,Docklands,Essendon,Gold Coast,Essendon,Archie Roberts,8,4,8,1,0,0,2
2024,23,2024-08-10,Docklands,Essendon,Gold Coast,Essendon,Dylan Shiel,13,6,11,0,0,0,3
2024,23,2024-08-10,Docklands,Essendon,Gold Coast,Essendon,Jake Stringer,10,5,2,1,3,0,2
2024,23,2024-08-10,Docklands,Essendon,Gold Coast,Gold Coast,Noah Anderson,16,7,10,0,1,0,1
2024,23,2024-08-10,Docklands,Essendon,Gold Coast,Gold Coast,Mac Andrew,10,5,3,4,0,0,2
2024,23,2024-08-10,Docklands,Essendon,Gold Coast,Gold Coast,Charlie Ballard,8,4,4,0,0,0,0
2024,23,2024-08-10,Docklands,Essendon,Gold Coast,Gold Coast,Connor Budarick,11,6,7,0,0,0,1
2024,23,2024-08-10,Docklands,Essendon,Gold Coast,Gold Coast,Sam Clohesy,17,8,6,0,0,0,3
2024,23,2024-08-10,Docklands,Essendon,Gold Coast,Gold Coast,Sam Collins,12,9,2,0,0,0,2
2024,23,2024-08-10,Docklands,Essendon,Gold Coast,Gold Coast,Alex Davies,4,1,14,0,0,0,4
2024,23,2024-08-10,Docklands,Essendon,Gold Coast,Gold Coast,Sam Flanders,13,1,9,2,1,0,2
2024,23,2024-08-10,Docklands,Essendon,Gold Coast,Gold Coast,Will Graham,10,1,10,0,0,0,2
2024,23,2024-08-10,Docklands,Essendon,Gold Coast,Gold Coast,Nick Holman,6,1,13,1,1,0,5
2024,23,2024-08-10,Docklands,Essendon,Gold Coast,Gold Coast,Bailey Humphrey,5,2,4,1,0,0,1
2024,23,2024-08-10,Docklands,Essendon,Gold Coast,Gold Coast,Ben King,7,7,4,3,0,0,0
2024,23,2024-08-10,Docklands,Essendon,Gold Coast,Gold Coast,Sean Lemmens,7,1,2,0,0,0,2
2024,23,2024-08-10,Docklands,Essendon,Gold Coast,Gold Coast,Ben Long,12,6,4,0,1,0,1
2024,23,2024-08-10,Docklands,Essendon,Gold Coast,Gold Coast,Wil Powell,10,5,6,0,1,0,3
2024,23,2024-08-10,Docklands,Essendon,Gold Coast,Gold Coast,Jake Rogers,3,3,9,0,0,0,2
2024,23,2024-08-10,Docklands,Essendon,Gold Coast,Gold Coast,Matt Rowell,14,4,18,0,0,0,7
2024,23,2024-08-10,Docklands,Essendon,Gold Coast,Gold Coast,Alex Sexton,6,2,2,0,1,0,3
2024,23,2024-08-10,Docklands,Essendon,Gold Coast,Gold Coast,David Swallow,2,1,0,0,0,0,1
2024,23,2024-08-10,Docklands,Essendon,Gold Coast,Gold Coast,Bodhi Uwland,12,6,5,0,0,0,1
2024,23,2024-08-10,Docklands,Essendon,Gold Coast,Gold Coast,Jed Walter,4,1,3,2,0,2,1
2024,23,2024-08-10,Docklands,Essendon,Gold Coast,Gold Coast,Lachie Weller,14,8,6,0,0,0,1
2024,23,2024-08-10,Docklands,Essendon,Gold Coast,Gold Coast,Jarrod Witts,6,3,8,0,0,43,3
2024,23,2024-08-10,M.C.G.,Melbourne,Port Adelaide,Melbourne,Jack Billings,15,7,8,0,1,0,3
2024,23,2024-08-10,M.C.G.,Melbourne,Port Adelaide,Melbourne,Kade Chandler,8,3,6,0,0,0,5
2024,23,2024-08-10,M.C.G.,Melbourne,Port Adelaide,Melbourne,Bayley Fritsch,5,3,6,1,1,0,1
2024,23,2024-08-10,M.C.G.,Melbourne,Port Adelaide,Melbourne,Max Gawn,14,5,8,0,0,30,2
2024,23,2024-08-10,M.C.G.,Melbourne,Port Adelaide,Melbourne,Marty Hore,7,7,0,0,0,0,1
2024,23,2024-08-10,M.C.G.,Melbourne,Port Adelaide,Melbourne,Blake Howes,7,1,4,0,0,0,3
2024,23,2024-08-10,M.C.G.,Melbourne,Port Adelaide,Melbourne,Ed Langdon,11,3,8,1,0,0,5
2024,23,2024-08-10,M.C.G.,Melbourne,Port Adelaide,Melbourne,Jake Lever,8,7,4,0,0,0,1
2024,23,2024-08-10,M.C.G.,Melbourne,Port Adelaide,Melbourne,Tom McDonald,11,4,5,0,0,0,1
2024,23,2024-08-10,M.C.G.,Melbourne,Port Adelaide,Melbourne,Judd McVee,15,2,5,0,0,0,1
2024,23,2024-08-10,M.C.G.,Melbourne,Port Adelaide,Melbourne,Jake Melksham,1,0,0,0,0,0,0
2024,23,2024-08-10,M.C.G.,Melbourne,Port Adelaide,Melbourne,Alex Neal-Bullen,17,4,7,1,1,0,4
2024,23,2024-08-10,M.C.G.,Melbourne,Port Adelaide,Melbourne,Clayton Oliver,5,1,11,0,0,0,2
2024,23,2024-08-10,M.C.G.,Melbourne,Port Adelaide,Melbourne,Harry Petty,7,7,6,0,0,2,8
2024,23,2024-08-10,M.C.G.,Melbourne,Port Adelaide,Melbourne,Kysaiah Pickett,18,4,3,4,1,0,6
2024,23,2024-08-10,M.C.G.,Melbourne,Port Adelaide,Melbourne,Trent Rivers,8,1,6,0,0,0,1
2024,23,2024-08-10,M.C.G.,Melbourne,Port Adelaide,Melbourne,Christian Salem,13,6,12,0,1,0,3
2024,23,2024-08-10,M.C.G.,Melbourne,Port Adelaide,Melbourne,Tom Sparrow,9,4,12,0,0,0,3
2024,23,2024-08-10,M.C.G.,Melbourne,Port Adelaide,Melbourne,Koltyn Tholstrup,7,3,6,0,1,0,0
2024,23,2024-08-10,M.C.G.,Melbourne,Port Adelaide,Melbourne,Adam Tomlinson,9,4,4,0,0,0,1
2024,23,2024-08-10,M.C.G.,Melbourne,Port Adelaide,Melbourne,Daniel Turner,6,4,5,0,0,0,1
2024,23,2024-08-10,M.C.G.,Melbourne,Port Adelaide,Melbourne,Jacob van Rooyen,5,3,3,0,0,0,0
2024,23,2024-08-10,M.C.G.,Melbourne,Port Adelaide,Melbourne,Jack Viney,7,3,16,0,1,0,8
2024,23,2024-08-10,M.C.G.,Melbourne,Port Adelaide,Port Adelaide,Aliir Aliir,9,5,5,0,0,0,0
2024,23,2024-08-10,M.C.G.,Melbourne,Port Adelaide,Port Adelaide,Miles Bergman,12,10,6,0,0,0,2
2024,23,2024-08-10,M.C.G.,Melbourne,Port Adelaide,Port Adelaide,Travis Boak,21,9,8,0,0,0,3
2024,23,2024-08-10,M.C.G.,Melbourne,Port Adelaide,Port Adelaide,Jase Burgoyne,14,7,7,0,0,0,5
2024,23,2024-08-10,M.C.G.,Melbourne,Port Adelaide,Port Adelaide,Zak Butters,20,5,10,1,1,0,3
2024,23,2024-08-10,M.C.G.,Melbourne,Port Adelaide,Port Adelaide,Darcy Byrne-Jones,12,6,1,1,1,0,5
2024,23,2024-08-10,M.C.G.,Melbourne,Port Adelaide,Port Adelaide,Charlie Dixon,7,5,3,2,1,2,0
2024,23,2024-08-10,M.C.G.,Melbourne,Port Adelaide,Port Adelaide,Willem Drew,9,2,7,0,0,0,5
2024,23,2024-08-10,M.C.G.,Melbourne,Port Adelaide,Port Adelaide,Francis Evans,4,1,2,0,0,0,2
2024,23,2024-08-10,M.C.G.,Melbourne,Port Adelaide,Port Adelaide,Logan Evans,11,5,5,0,0,0,1
2024,23,2024-08-10,M.C.G.,Melbourne,Port Adelaide,Port Adelaide,Kane Farrell,13,7,4,0,0,0,4
2024,23,2024-08-10,M.C.G.,Melbourne,Port Adelaide,Port Adelaide,Jason Horne-Francis,25,13,3,2,0,0,3
2024,23,2024-08-10,M.C.G.,Melbourne,Port Adelaide,Port Adelaide,Dan Houston,20,7,8,0,0,0,4
2024,23,2024-08-10,M.C.G.,Melbourne,Port Adelaide,Port Adelaide,Lachie Jones,6,2,10,0,0,0,1
2024,23,2024-08-10,M.C.G.,Melbourne,Port Adelaide,Port Adelaide,Todd Marshall,6,2,2,0,1,0,1
2024,23,2024-08-10,M.C.G.,Melbourne,Port Adelaide,Port Adelaide,Jackson Mead,5,1,5,0,0,0,2
2024,23,2024-08-10,M.C.G.,Melbourne,Port Adelaide,Port Adelaide,Quinton Narkle,3,3,1,1,0,0,3
2024,23,2024-08-10,M.C.G.,Melbourne,Port Adelaide,Port Adelaide,Esava Ratugolea,4,6,5,0,0,0,0
2024,23,2024-08-10,M.C.G.,Melbourne,Port Adelaide,Port Adelaide,Willie Rioli,4,1,2,0,1,0,3
2024,23,2024-08-10,M.C.G.,Melbourne,Port Adelaide,Port Adelaide,Connor Rozee,23,4,5,0,1,0,5
2024,23,2024-08-10,M.C.G.,Melbourne,Port Adelaide,Port Adelaide,Jordon Sweet,3,3,7,0,0,27,4
2024,23,2024-08-10,M.C.G.,Melbourne,Port Adelaide,Port Adelaide,Ollie Wines,5,2,13,0,0,0,4
2024,23,2024-08-10,M.C.G.,Melbourne,Port Adelaide,Port Adelaide,Brandon Zerk-Thatcher,10,2,5,0,0,0,2
2024,23,2024-08-11,M.C.G.,Carlton,Hawthorn,Carlton,Blake Acres,14,8,14,1,0,0,2
2024,23,2024-08-11,M.C.G.,Carlton,Hawthorn,Carlton,Jordan Boyd,0,0,0,0,0,0,0
2024,23,2024-08-11,M.C.G.,Carlton,Hawthorn,Carlton,Alex Cincotta,3,2,6,0,0,0,2
2024,23,2024-08-11,M.C.G.,Carlton,Hawthorn,Carlton,Lachlan Cowan,11,7,7,0,0,0,3
2024,23,2024-08-11,M.C.G.,Carlton,Hawthorn,Carlton,Patrick Cripps,7,2,18,0,1,1,7
2024,23,2024-08-11,M.C.G.,Carlton,Hawthorn,Carlton,Charlie Curnow,2,2,0,1,0,0,0
2024,23,2024-08-11,M.C.G.,Carlton,Hawthorn,Carlton,Lachie Fogarty,1,0,1,0,0,0,0
2024,23,2024-08-11,M.C.G.,Carlton,Hawthorn,Carlton,George Hewett,9,5,12,0,0,0,1
2024,23,2024-08-11,M.C.G.,Carlton,Hawthorn,Carlton,Elijah Hollands,11,7,3,1,0,0,2
2024,23,2024-08-11,M.C.G.,Carlton,Hawthorn,Carlton,Oliver Hollands,15,7,7,0,1,0,4
2024,23,2024-08-11,M.C.G.,Carlton,Hawthorn,Carlton,Brodie Kemp,12,5,5,0,0,0,2
2024,23,2024-08-11,M.C.G.,Carlton,Hawthorn,Carlton,Matthew Kennedy,20,10,13,0,0,2,4
2024,23,2024-08-11,M.C.G.,Carlton,Hawthorn,Carlton,Jack Martin,1,1,0,0,0,0,0
2024,23,2024-08-11,M.C.G.,Carlton,Hawthorn,Carlton,Mitch McGovern,19,7,2,0,1,0,2
2024,23,2024-08-11,M.C.G.,Carlton,Hawthorn,Carlton,Harry McKay,11,8,5,1,1,0,2
2024,23,2024-08-11,M.C.G.,Carlton,Hawthorn,Carlton,Jesse Motlop,7,4,3,0,1,0,1
2024,23,2024-08-11,M.C.G.,Carlton,Hawthorn,Carlton,Nic Newman,20,9,7,0,0,0,4
2024,23,2024-08-11,M.C.G.,Carlton,Hawthorn,Carlton,Matthew Owies,6,3,2,1,2,0,3
2024,23,2024-08-11,M.C.G.,Carlton,Hawthorn,Carlton,Marc Pittonet,4,2,6,0,0,26,1
2024,23,2024-08-11,M.C.G.,Carlton,Hawthorn,Carlton,Adam Saad,15,4,5,0,0,0,0
2024,23,2024-08-11,M.C.G.,Carlton,Hawthorn,Carlton,Sam Walsh,9,6,15,0,0,0,4
2024,23,2024-08-11,M.C.G.,Carlton,Hawthorn,Carlton,Jacob Weitering,10,3,4,0,0,0,2
2024,23,2024-08-11,M.C.G.,Carlton,Hawthorn,Carlton,Zac Williams,12,9,4,0,1,0,1
2024,23,2024-08-11,M.C.G.,Carlton,Hawthorn,Hawthorn,Karl Amon,16,8,5,0,0,0,2
2024,23,2024-08-11,M.C.G.,Carlton,Hawthorn,Hawthorn,Luke Breust,4,2,0,2,0,0,3
2024,23,2024-08-11,M.C.G.,Carlton,Hawthorn,Hawthorn,Mabior Chol,5,3,0,1,1,4,1
2024,23,2024-08-11,M.C.G.,Carlton,Hawthorn,Hawthorn,Massimo DAmbrosio,18,6,13,0,1,0,2
2024,23,2024-08-11,M.C.G.,Carlton,Hawthorn,Hawthorn,Will Day,6,2,6,0,0,0,0
2024,23,2024-08-11,M.C.G.,Carlton,Hawthorn,Hawthorn,Calsher Dear,10,5,2,3,1,0,1
2024,23,2024-08-11,M.C.G.,Carlton,Hawthorn,Hawthorn,Sam Frost,3,1,2,0,0,0,2
2024,23,2024-08-11,M.C.G.,Carlton,Hawthorn,Hawthorn,Jack Ginnivan,10,6,8,2,2,0,5
2024,23,2024-08-11,M.C.G.,Carlton,Hawthorn,Hawthorn,Jack Gunston,12,9,3,3,1,0,2
2024,23,2024-08-11,M.C.G.,Carlton,Hawthorn,Hawthorn,Blake Hardwick,8,9,7,0,0,0,2
2024,23,2024-08-11,M.C.G.,Carlton,Hawthorn,Hawthorn,Jarman Impey,15,6,10,0,1,0,0
2024,23,2024-08-11,M.C.G.,Carlton,Hawthorn,Hawthorn,Connor Macdonald,11,12,14,0,0,0,6
2024,23,2024-08-11,M.C.G.,Carlton,Hawthorn,Hawthorn,Cam Mackenzie,11,6,11,0,0,0,2
2024,23,2024-08-11,M.C.G.,Carlton,Hawthorn,Hawthorn,Lloyd Meek,7,1,7,1,0,21,4
2024,23,2024-08-11,M.C.G.,Carlton,Hawthorn,Hawthorn,Dylan Moore,21,15,8,0,1,0,1
2024,23,2024-08-11,M.C.G.,Carlton,Hawthorn,Hawthorn,Harry Morrison,14,4,6,1,0,0,3
2024,23,2024-08-11,M.C.G.,Carlton,Hawthorn,Hawthorn,Conor Nash,10,8,15,0,0,3,4
2024,23,2024-08-11,M.C.G.,Carlton,Hawthorn,Hawthorn,Jai Newcombe,5,6,18,0,0,0,2
2024,23,2024-08-11,M.C.G.,Carlton,Hawthorn,Hawthorn,Jack Scrimshaw,15,7,9,0,0,0,1
2024,23,2024-08-11,M.C.G.,Carlton,Hawthorn,Hawthorn,James Sicily,20,10,10,0,2,0,1
2024,23,2024-08-11,M.C.G.,Carlton,Hawthorn,Hawthorn,Nick Watson,11,6,6,0,1,0,2
2024,23,2024-08-11,M.C.G.,Carlton,Hawthorn,Hawthorn,Josh Weddle,12,6,6,3,0,0,1
2024,23,2024-08-11,M.C.G.,Carlton,Hawthorn,Hawthorn,James Worpel,13,3,12,0,0,0,4
2024,23,2024-08-11,Docklands,Richmond,St Kilda,Richmond,Noah Balta,14,8,3,0,0,0,1
2024,23,2024-08-11,Docklands,Richmond,St Kilda,Richmond,Sam Banks,15,7,10,0,0,0,0
2024,23,2024-08-11,Docklands,Richmond,St Kilda,Richmond,Jacob Bauer,4,1,1,2,1,0,1
2024,23,2024-08-11,Docklands,Richmond,St Kilda,Richmond,Shai Bolton,6,1,5,2,0,0,2
2024,23,2024-08-11,Docklands,Richmond,St Kilda,Richmond,Nathan Broad,10,6,6,0,0,0,0
2024,23,2024-08-11,Docklands,Richmond,St Kilda,Richmond,Seth Campbell,6,3,0,0,1,0,1
2024,23,2024-08-11,Docklands,Richmond,St Kilda,Richmond,Thomson Dow,4,2,12,0,0,0,2
2024,23,2024-08-11,Docklands,Richmond,St Kilda,Richmond,Jack Graham,7,1,12,0,1,0,2
2024,23,2024-08-11,Docklands,Richmond,St Kilda,Richmond,Jacob Hopper,8,2,20,0,0,0,2
2024,23,2024-08-11,Docklands,Richmond,St Kilda,Richmond,Jacob Koschitzke,6,3,3,1,1,1,0
2024,23,2024-08-11,Docklands,Richmond,St Kilda,Richmond,Rhyan Mansell,8,5,5,0,0,0,3
2024,23,2024-08-11,Docklands,Richmond,St Kilda,Richmond,Kamdyn McIntosh,6,6,0,0,0,0,1
2024,23,2024-08-11,Docklands,Richmond,St Kilda,Richmond,Ben Miller,8,4,2,0,0,0,1
2024,23,2024-08-11,Docklands,Richmond,St Kilda,Richmond,Toby Nankervis,7,5,11,0,0,25,2
2024,23,2024-08-11,Docklands,Richmond,St Kilda,Richmond,Dion Prestia,7,5,13,0,1,0,2
2024,23,2024-08-11,Docklands,Richmond,St Kilda,Richmond,Hugo Ralphsmith,4,1,3,2,0,0,0
2024,23,2024-08-11,Docklands,Richmond,St Kilda,Richmond,Daniel Rioli,20,10,16,0,0,0,3
2024,23,2024-08-11,Docklands,Richmond,St Kilda,Richmond,Samson Ryan,4,2,2,0,1,3,0
2024,23,2024-08-11,Docklands,Richmond,St Kilda,Richmond,Jayden Short,15,8,12,0,1,0,0
2024,23,2024-08-11,Docklands,Richmond,St Kilda,Richmond,Kaleb Smith,1,1,1,0,0,0,0
2024,23,2024-08-11,Docklands,Richmond,St Kilda,Richmond,Tim Taranto,9,3,16,0,2,0,1
2024,23,2024-08-11,Docklands,Richmond,St Kilda,Richmond,James Trezise,14,6,8,0,0,0,0
2024,23,2024-08-11,Docklands,Richmond,St Kilda,Richmond,Nick Vlastuin,13,6,8,0,0,0,3
2024,23,2024-08-11,Docklands,Richmond,St Kilda,St Kilda,Josh Battle,16,9,12,0,0,0,2
2024,23,2024-08-11,Docklands,Richmond,St Kilda,St Kilda,Dan Butler,6,2,5,2,1,0,2
2024,23,2024-08-11,Docklands,Richmond,St Kilda,St Kilda,Ryan Byrnes,12,8,7,0,0,0,1
2024,23,2024-08-11,Docklands,Richmond,St Kilda,St Kilda,Anthony Caminiti,4,2,7,1,2,1,1
2024,23,2024-08-11,Docklands,Richmond,St Kilda,St Kilda,Hunter Clark,12,4,11,0,0,0,3
2024,23,2024-08-11,Docklands,Richmond,St Kilda,St Kilda,Paddy Dow,11,6,11,1,1,0,5
2024,23,2024-08-11,Docklands,Richmond,St Kilda,St Kilda,Jack Higgins,4,3,4,1,0,0,0
2024,23,2024-08-11,Docklands,Richmond,St Kilda,St Kilda,Bradley Hill,13,5,8,0,0,0,1
2024,23,2024-08-11,Docklands,Richmond,St Kilda,St Kilda,Dougal Howard,9,9,4,0,0,0,1
2024,23,2024-08-11,Docklands,Richmond,St Kilda,St Kilda,Zak Jones,10,5,9,0,0,0,4
2024,23,2024-08-11,Docklands,Richmond,St Kilda,St Kilda,Rowan Marshall,19,11,4,3,0,25,0
2024,23,2024-08-11,Docklands,Richmond,St Kilda,St Kilda,Angus McLennan,6,6,5,0,0,0,0
2024,23,2024-08-11,Docklands,Richmond,St Kilda,St Kilda,Tim Membrey,10,5,5,3,0,0,1
2024,23,2024-08-11,Docklands,Richmond,St Kilda,St Kilda,Mitch Owens,10,5,7,1,0,0,1
2024,23,2024-08-11,Docklands,Richmond,St Kilda,St Kilda,Cooper Sharman,8,6,2,2,0,0,1
2024,23,2024-08-11,Docklands,Richmond,St Kilda,St Kilda,Jack Sinclair,23,9,6,0,0,0,2
2024,23,2024-08-11,Docklands,Richmond,St Kilda,St Kilda,Jack Steele,13,8,9,0,0,0,5
2024,23,2024-08-11,Docklands,Richmond,St Kilda,St Kilda,Liam Stocker,5,4,6,0,0,0,1
2024,23,2024-08-11,Docklands,Richmond,St Kilda,St Kilda,Nasiah Wanganeen-Milera,16,10,7,0,0,0,1
2024,23,2024-08-11,Docklands,Richmond,St Kilda,St Kilda,Jimmy Webster,9,4,2,0,0,0,0
2024,23,2024-08-11,Docklands,Richmond,St Kilda,St Kilda,Callum Wilkie,15,11,8,0,0,0,2
2024,23,2024-08-11,Docklands,Richmond,St Kilda,St Kilda,Darcy Wilson,6,3,4,1,0,0,0
2024,23,2024-08-11,Docklands,Richmond,St Kilda,St Kilda,Mason Wood,14,9,8,0,1,0,0
2024,23,2024-08-11,Adelaide Oval,Adelaide,Western Bulldogs,Adelaide,Sam Berry,10,1,4,0,0,0,8
2024,23,2024-08-11,Adelaide Oval,Adelaide,Western Bulldogs,Adelaide,Hugh Bond,2,2,7,0,0,0,2
2024,23,2024-08-11,Adelaide Oval,Adelaide,Western Bulldogs,Adelaide,Matt Crouch,15,3,17,0,0,0,3
2024,23,2024-08-11,Adelaide Oval,Adelaide,Western Bulldogs,Adelaide,Daniel Curtin,6,5,5,2,0,0,2
2024,23,2024-08-11,Adelaide Oval,Adelaide,Western Bulldogs,Adelaide,Jordan Dawson,14,6,13,1,1,0,9
2024,23,2024-08-11,Adelaide Oval,Adelaide,Western Bulldogs,Adelaide,Darcy Fogarty,8,8,1,5,1,0,0
2024,23,2024-08-11,Adelaide Oval,Adelaide,Western Bulldogs,Adelaide,Mitch Hinge,12,5,4,0,0,0,1
2024,23,2024-08-11,Adelaide Oval,Adelaide,Western Bulldogs,Adelaide,Mark Keane,17,6,3,0,0,0,0
2024,23,2024-08-11,Adelaide Oval,Adelaide,Western Bulldogs,Adelaide,Ben Keays,9,8,10,3,1,0,4
2024,23,2024-08-11,Adelaide Oval,Adelaide,Western Bulldogs,Adelaide,Rory Laird,16,5,12,0,0,0,4
2024,23,2024-08-11,Adelaide Oval,Adelaide,Western Bulldogs,Adelaide,Max Michalanney,10,7,8,0,0,0,4
2024,23,2024-08-11,Adelaide Oval,Adelaide,Western Bulldogs,Adelaide,Lachlan Murphy,8,5,6,0,1,0,3
2024,23,2024-08-11,Adelaide Oval,Adelaide,Western Bulldogs,Adelaide,Nick Murray,7,7,4,0,0,0,0
2024,23,2024-08-11,Adelaide Oval,Adelaide,Western Bulldogs,Adelaide,Luke Nankervis,8,3,5,0,0,0,1
2024,23,2024-08-11,Adelaide Oval,Adelaide,Western Bulldogs,Adelaide,Reilly OBrien,7,4,4,0,0,58,3
2024,23,2024-08-11,Adelaide Oval,Adelaide,Western Bulldogs,Adelaide,Josh Rachele,9,5,1,2,1,0,4
2024,23,2024-08-11,Adelaide Oval,Adelaide,Western Bulldogs,Adelaide,Izak Rankine,8,1,7,1,0,0,1
2024,23,2024-08-11,Adelaide Oval,Adelaide,Western Bulldogs,Adelaide,Lachlan Sholl,25,9,9,0,1,0,0
2024,23,2024-08-11,Adelaide Oval,Adelaide,Western Bulldogs,Adelaide,Jake Soligo,10,4,9,0,1,0,1
2024,23,2024-08-11,Adelaide Oval,Adelaide,Western Bulldogs,Adelaide,Zac Taylor,3,1,0,0,0,0,1
2024,23,2024-08-11,Adelaide Oval,Adelaide,Western Bulldogs,Adelaide,Riley Thilthorpe,9,6,5,2,0,1,2
2024,23,2024-08-11,Adelaide Oval,Adelaide,Western Bulldogs,Adelaide,Taylor Walker,6,7,2,1,1,0,2
2024,23,2024-08-11,Adelaide Oval,Adelaide,Western Bulldogs,Adelaide,Josh Worrell,13,4,8,0,0,0,1
2024,23,2024-08-11,Adelaide Oval,Adelaide,Western Bulldogs,Western Bulldogs,Marcus Bontempelli,17,7,9,2,2,0,6
2024,23,2024-08-11,Adelaide Oval,Adelaide,Western Bulldogs,Western Bulldogs,Lachlan Bramble,14,6,6,0,0,0,2
2024,23,2024-08-11,Adelaide Oval,Adelaide,Western Bulldogs,Western Bulldogs,Nick Coffield,10,6,2,0,0,0,0
2024,23,2024-08-11,Adelaide Oval,Adelaide,Western Bulldogs,Western Bulldogs,Bailey Dale,11,2,3,0,0,0,0
2024,23,2024-08-11,Adelaide Oval,Adelaide,Western Bulldogs,Western Bulldogs,Caleb Daniel,7,2,8,0,0,0,1
2024,23,2024-08-11,Adelaide Oval,Adelaide,Western Bulldogs,Western Bulldogs,Sam Darcy,11,5,8,1,5,5,0
2024,23,2024-08-11,Adelaide Oval,Adelaide,Western Bulldogs,Western Bulldogs,Taylor Duryea,7,3,4,0,0,0,2
2024,23,2024-08-11,Adelaide Oval,Adelaide,Western Bulldogs,Western Bulldogs,Tim English,8,6,8,1,0,16,4
2024,23,2024-08-11,Adelaide Oval,Adelaide,Western Bulldogs,Western Bulldogs,Riley Garcia,7,2,8,0,1,0,9
2024,23,2024-08-11,Adelaide Oval,Adelaide,Western Bulldogs,Western Bulldogs,Liam Jones,5,4,1,0,0,0,2
2024,23,2024-08-11,Adelaide Oval,Adelaide,Western Bulldogs,Western Bulldogs,Buku Khamis,3,2,3,0,0,0,3
2024,23,2024-08-11,Adelaide Oval,Adelaide,Western Bulldogs,Western Bulldogs,Tom Liberatore,9,3,15,0,0,0,8
2024,23,2024-08-11,Adelaide Oval,Adelaide,Western Bulldogs,Western Bulldogs,Rory Lobb,9,8,7,0,0,0,1
2024,23,2024-08-11,Adelaide Oval,Adelaide,Western Bulldogs,Western Bulldogs,Lachlan McNeil,8,2,8,1,1,0,4
2024,23,2024-08-11,Adelaide Oval,Adelaide,Western Bulldogs,Western Bulldogs,Aaron Naughton,3,2,1,0,1,1,2
2024,23,2024-08-11,Adelaide Oval,Adelaide,Western Bulldogs,Western Bulldogs,Caleb Poulter,16,5,4,0,0,0,1
2024,23,2024-08-11,Adelaide Oval,Adelaide,Western Bulldogs,Western Bulldogs,Ed Richards,8,2,3,1,0,0,5
2024,23,2024-08-11,Adelaide Oval,Adelaide,Western Bulldogs,Western Bulldogs,Adam Treloar,12,3,16,1,0,0,2
2024,23,2024-08-11,Adelaide Oval,Adelaide,Western Bulldogs,Western Bulldogs,Jamarra Ugle-Hagan,5,3,6,1,0,0,2
2024,23,2024-08-11,Adelaide Oval,Adelaide,Western Bulldogs,Western Bulldogs,Laitham Vandermeer,9,4,4,0,0,0,1
2024,23,2024-08-11,Adelaide Oval,Adelaide,Western Bulldogs,Western Bulldogs,Cody Weightman,4,0,5,0,1,0,3
2024,23,2024-08-11,Adelaide Oval,Adelaide,Western Bulldogs,Western Bulldogs,Rhylee West,6,1,7,0,0,0,4
2024,23,2024-08-11,Adelaide Oval,Adelaide,Western Bulldogs,Western Bulldogs,Bailey Williams,8,2,6,1,0,0,4
2024,24,2024-08-16,Docklands,Essendon,Sydney,Essendon,Nick Bryan,5,2,5,0,0,18,3
2024,24,2024-08-16,Docklands,Essendon,Sydney,Essendon,Nate Caddy,6,4,5,0,1,0,0
2024,24,2024-08-16,Docklands,Essendon,Sydney,Essendon,Jye Caldwell,16,7,15,1,1,0,5
2024,24,2024-08-16,Docklands,Essendon,Sydney,Essendon,Sam Draper,9,3,2,1,1,12,2
2024,24,2024-08-16,Docklands,Essendon,Sydney,Essendon,Sam Durham,9,4,7,0,0,0,4
2024,24,2024-08-16,Docklands,Essendon,Sydney,Essendon,Jade Gresham,4,3,7,0,1,0,1
2024,24,2024-08-16,Docklands,Essendon,Sydney,Essendon,Ben Hobbs,5,3,7,0,1,0,2
2024,24,2024-08-16,Docklands,Essendon,Sydney,Essendon,Harry Jones,4,3,4,1,0,0,1
2024,24,2024-08-16,Docklands,Essendon,Sydney,Essendon,Jake Kelly,6,4,4,0,0,0,0
2024,24,2024-08-16,Docklands,Essendon,Sydney,Essendon,Kyle Langford,9,2,5,1,2,0,2
2024,24,2024-08-16,Docklands,Essendon,Sydney,Essendon,Jayden Laverde,12,7,10,0,0,0,1
2024,24,2024-08-16,Docklands,Essendon,Sydney,Essendon,Nic Martin,15,5,17,3,0,0,3
2024,24,2024-08-16,Docklands,Essendon,Sydney,Essendon,Andrew McGrath,18,10,11,0,0,0,1
2024,24,2024-08-16,Docklands,Essendon,Sydney,Essendon,Ben McKay,12,9,7,0,0,0,2
2024,24,2024-08-16,Docklands,Essendon,Sydney,Essendon,Jye Menzie,2,1,0,0,0,0,0
2024,24,2024-08-16,Docklands,Essendon,Sydney,Essendon,Zach Merrett,8,4,9,0,1,0,2
2024,24,2024-08-16,Docklands,Essendon,Sydney,Essendon,Darcy Parish,15,6,11,0,0,0,4
2024,24,2024-08-16,Docklands,Essendon,Sydney,Essendon,Archie Perkins,11,3,2,0,0,0,2
2024,24,2024-08-16,Docklands,Essendon,Sydney,Essendon,Mason Redman,12,5,7,0,0,0,4
2024,24,2024-08-16,Docklands,Essendon,Sydney,Essendon,Archie Roberts,13,6,12,0,0,0,3
2024,24,2024-08-16,Docklands,Essendon,Sydney,Essendon,Dylan Shiel,14,5,16,0,0,0,2
2024,24,2024-08-16,Docklands,Essendon,Sydney,Essendon,Jake Stringer,8,2,4,1,2,0,3
2024,24,2024-08-16,Docklands,Essendon,Sydney,Essendon,Sam Weideman,4,2,5,0,0,0,0
2024,24,2024-08-16,Docklands,Essendon,Sydney,Sydney,Taylor Adams,4,2,10,0,0,0,2
2024,24,2024-08-16,Docklands,Essendon,Sydney,Sydney,Joel Amartey,6,4,2,2,0,1,0
2024,24,2024-08-16,Docklands,Essendon,Sydney,Sydney,Nick Blakey,15,2,4,0,0,0,1
2024,24,2024-08-16,Docklands,Essendon,Sydney,Sydney,Braeden Campbell,11,6,2,2,1,0,5
2024,24,2024-08-16,Docklands,Essendon,Sydney,Sydney,Caiden Cleary,9,2,2,1,1,0,2
2024,24,2024-08-16,Docklands,Essendon,Sydney,Sydney,Harry Cunningham,10,6,1,0,0,0,1
2024,24,2024-08-16,Docklands,Essendon,Sydney,Sydney,Oliver Florent,16,10,7,1,1,0,0
2024,24,2024-08-16,Docklands,Essendon,Sydney,Sydney,Brodie Grundy,2,0,7,0,0,19,2
2024,24,2024-08-16,Docklands,Essendon,Sydney,Sydney,Errol Gulden,20,6,5,0,0,0,2
2024,24,2024-08-16,Docklands,Essendon,Sydney,Sydney,Will Hayward,10,7,6,3,0,0,3
2024,24,2024-08-16,Docklands,Essendon,Sydney,Sydney,Isaac Heeney,13,6,9,3,1,0,2
2024,24,2024-08-16,Docklands,Essendon,Sydney,Sydney,James Jordon,5,4,10,0,0,0,2
2024,24,2024-08-16,Docklands,Essendon,Sydney,Sydney,Jake Lloyd,13,5,8,0,0,0,3
2024,24,2024-08-16,Docklands,Essendon,Sydney,Sydney,Tom McCartin,12,10,2,0,0,0,0
2024,24,2024-08-16,Docklands,Essendon,Sydney,Sydney,Logan McDonald,10,6,4,0,1,0,1
2024,24,2024-08-16,Docklands,Essendon,Sydney,Sydney,Hayden McLean,10,6,7,0,0,6,1
2024,24,2024-08-16,Docklands,Essendon,Sydney,Sydney,Lewis Melican,7,2,6,0,0,0,0
2024,24,2024-08-16,Docklands,Essendon,Sydney,Sydney,Callum Mills,15,8,11,0,0,0,0
2024,24,2024-08-16,Docklands,Essendon,Sydney,Sydney,Luke Parker,10,6,5,3,1,0,0
2024,24,2024-08-16,Docklands,Essendon,Sydney,Sydney,Dane Rampe,8,8,1,0,0,0,5
2024,24,2024-08-16,Docklands,Essendon,Sydney,Sydney,Matt Roberts,14,7,7,0,0,0,4
2024,24,2024-08-16,Docklands,Essendon,Sydney,Sydney,James Rowbottom,8,2,9,0,0,0,5
2024,24,2024-08-16,Docklands,Essendon,Sydney,Sydney,Corey Warner,0,0,1,0,0,0,0
2024,24,2024-08-17,Sydney Showground,Greater Western Sydney,Fremantle,Greater Western Sydney,Lachie Ash,15,7,5,0,0,0,5
2024,24,2024-08-17,Sydney Showground,Greater Western Sydney,Fremantle,Greater Western Sydney,Toby Bedford,2,1,8,0,0,0,10
2024,24,2024-08-17,Sydney Showground,Greater Western Sydney,Fremantle,Greater Western Sydney,Kieren Briggs,3,2,9,1,0,45,5
2024,24,2024-08-17,Sydney Showground,Greater Western Sydney,Fremantle,Greater Western Sydney,Jack Buckley,4,3,3,0,0,0,1
2024,24,2024-08-17,Sydney Showground,Greater Western Sydney,Fremantle,Greater Western Sydney,Aaron Cadman,4,3,0,1,0,0,5
2024,24,2024-08-17,Sydney Showground,Greater Western Sydney,Fremantle,Greater Western Sydney,Finn Callaghan,6,2,19,0,0,0,0
2024,24,2024-08-17,Sydney Showground,Greater Western Sydney,Fremantle,Greater Western Sydney,Stephen Coniglio,14,2,10,0,0,0,6
2024,24,2024-08-17,Sydney Showground,Greater Western Sydney,Fremantle,Greater Western Sydney,Brent Daniels,17,7,12,3,1,0,13
2024,24,2024-08-17,Sydney Showground,Greater Western Sydney,Fremantle,Greater Western Sydney,Tom Green,14,3,26,0,0,0,5
2024,24,2024-08-17,Sydney Showground,Greater Western Sydney,Fremantle,Greater Western Sydney,Toby Greene,10,5,3,2,2,0,4
2024,24,2024-08-17,Sydney Showground,Greater Western Sydney,Fremantle,Greater Western Sydney,Harry Himmelberg,10,3,10,0,0,0,0
2024,24,2024-08-17,Sydney Showground,Greater Western Sydney,Fremantle,Greater Western Sydney,Jesse Hogan,15,9,0,6,4,0,1
2024,24,2024-08-17,Sydney Showground,Greater Western Sydney,Fremantle,Greater Western Sydney,Connor Idun,8,8,10,0,0,0,1
2024,24,2024-08-17,Sydney Showground,Greater Western Sydney,Fremantle,Greater Western Sydney,Darcy Jones,8,1,10,1,0,0,7
2024,24,2024-08-17,Sydney Showground,Greater Western Sydney,Fremantle,Greater Western Sydney,Lachlan Keeffe,6,3,1,0,1,11,1
2024,24,2024-08-17,Sydney Showground,Greater Western Sydney,Fremantle,Greater Western Sydney,Josh Kelly,10,5,12,0,0,0,3
2024,24,2024-08-17,Sydney Showground,Greater Western Sydney,Fremantle,Greater Western Sydney,Toby McMullin,3,1,3,0,1,0,0
2024,24,2024-08-17,Sydney Showground,Greater Western Sydney,Fremantle,Greater Western Sydney,James Peatling,5,0,7,0,1,0,2
2024,24,2024-08-17,Sydney Showground,Greater Western Sydney,Fremantle,Greater Western Sydney,Harry Perryman,11,7,8,0,0,0,2
2024,24,2024-08-17,Sydney Showground,Greater Western Sydney,Fremantle,Greater Western Sydney,Conor Stone,0,0,1,0,0,0,0
2024,24,2024-08-17,Sydney Showground,Greater Western Sydney,Fremantle,Greater Western Sydney,Sam Taylor,5,5,7,0,0,0,3
2024,24,2024-08-17,Sydney Showground,Greater Western Sydney,Fremantle,Greater Western Sydney,Callan Ward,9,4,5,1,0,0,0
2024,24,2024-08-17,Sydney Showground,Greater Western Sydney,Fremantle,Greater Western Sydney,Lachie Whitfield,20,11,7,0,0,0,3
2024,24,2024-08-17,Sydney Showground,Greater Western Sydney,Fremantle,Fremantle,Jye Amiss,10,7,3,1,2,0,0
2024,24,2024-08-17,Sydney Showground,Greater Western Sydney,Fremantle,Fremantle,Bailey Banfield,4,1,10,0,0,0,4
2024,24,2024-08-17,Sydney Showground,Greater Western Sydney,Fremantle,Fremantle,Andrew Brayshaw,14,3,27,0,0,0,4
2024,24,2024-08-17,Sydney Showground,Greater Western Sydney,Fremantle,Fremantle,Heath Chapman,9,7,8,0,0,0,3
2024,24,2024-08-17,Sydney Showground,Greater Western Sydney,Fremantle,Fremantle,Jordan Clark,7,3,10,0,0,0,6
2024,24,2024-08-17,Sydney Showground,Greater Western Sydney,Fremantle,Fremantle,Brennan Cox,5,4,3,0,0,0,0
2024,24,2024-08-17,Sydney Showground,Greater Western Sydney,Fremantle,Fremantle,Josh Draper,2,0,2,0,0,0,1
2024,24,2024-08-17,Sydney Showground,Greater Western Sydney,Fremantle,Fremantle,Michael Frederick,7,4,4,3,0,0,1
2024,24,2024-08-17,Sydney Showground,Greater Western Sydney,Fremantle,Fremantle,Nat Fyfe,3,1,12,1,0,0,1
2024,24,2024-08-17,Sydney Showground,Greater Western Sydney,Fremantle,Fremantle,Luke Jackson,5,1,10,1,0,14,1
2024,24,2024-08-17,Sydney Showground,Greater Western Sydney,Fremantle,Fremantle,Matthew Johnson,8,0,3,0,2,0,1
2024,24,2024-08-17,Sydney Showground,Greater Western Sydney,Fremantle,Fremantle,Nathan ODriscoll,4,1,1,0,1,0,1
2024,24,2024-08-17,Sydney Showground,Greater Western Sydney,Fremantle,Fremantle,Jaeger OMeara,9,4,6,0,0,0,5
2024,24,2024-08-17,Sydney Showground,Greater Western Sydney,Fremantle,Fremantle,Liam Reidy,2,0,4,0,0,31,2
2024,24,2024-08-17,Sydney Showground,Greater Western Sydney,Fremantle,Fremantle,Luke Ryan,17,6,1,0,0,0,2
2024,24,2024-08-17,Sydney Showground,Greater Western Sydney,Fremantle,Fremantle,Caleb Serong,12,0,12,2,0,0,4
2024,24,2024-08-17,Sydney Showground,Greater Western Sydney,Fremantle,Fremantle,Jeremy Sharp,9,4,5,1,1,0,1
2024,24,2024-08-17,Sydney Showground,Greater Western Sydney,Fremantle,Fremantle,Sam Sturt,8,3,5,2,0,0,2
2024,24,2024-08-17,Sydney Showground,Greater Western Sydney,Fremantle,Fremantle,Sam Switkowski,4,0,9,1,0,0,6
2024,24,2024-08-17,Sydney Showground,Greater Western Sydney,Fremantle,Fremantle,Patrick Voss,4,3,2,2,0,0,2
2024,24,2024-08-17,Sydney Showground,Greater Western Sydney,Fremantle,Fremantle,Corey Wagner,7,1,6,0,0,0,1
2024,24,2024-08-17,Sydney Showground,Greater Western Sydney,Fremantle,Fremantle,Brandon Walker,4,0,5,0,0,0,4
2024,24,2024-08-17,Sydney Showground,Greater Western Sydney,Fremantle,Fremantle,Hayden Young,14,3,5,0,1,0,4
2024,24,2024-08-17,Carrara,Gold Coast,Melbourne,Gold Coast,Noah Anderson,18,8,15,0,1,0,3
2024,24,2024-08-17,Carrara,Gold Coast,Melbourne,Gold Coast,Mac Andrew,6,1,1,0,2,6,0
2024,24,2024-08-17,Carrara,Gold Coast,Melbourne,Gold Coast,Charlie Ballard,8,6,3,0,0,0,0
2024,24,2024-08-17,Carrara,Gold Coast,Melbourne,Gold Coast,Connor Budarick,12,6,4,0,0,0,3
2024,24,2024-08-17,Carrara,Gold Coast,Melbourne,Gold Coast,Sam Clohesy,12,6,10,0,0,0,3
2024,24,2024-08-17,Carrara,Gold Coast,Melbourne,Gold Coast,Sam Collins,4,4,4,0,0,0,0
2024,24,2024-08-17,Carrara,Gold Coast,Melbourne,Gold Coast,Alex Davies,5,3,12,1,0,0,4
2024,24,2024-08-17,Carrara,Gold Coast,Melbourne,Gold Coast,Sam Flanders,14,5,14,2,0,0,0
2024,24,2024-08-17,Carrara,Gold Coast,Melbourne,Gold Coast,Will Graham,4,1,10,0,0,0,5
2024,24,2024-08-17,Carrara,Gold Coast,Melbourne,Gold Coast,Nick Holman,5,1,3,1,0,0,4
2024,24,2024-08-17,Carrara,Gold Coast,Melbourne,Gold Coast,Bailey Humphrey,4,3,4,0,1,0,3
2024,24,2024-08-17,Carrara,Gold Coast,Melbourne,Gold Coast,Ben King,4,4,3,2,1,0,1
2024,24,2024-08-17,Carrara,Gold Coast,Melbourne,Gold Coast,Sean Lemmens,5,2,8,0,0,0,2
2024,24,2024-08-17,Carrara,Gold Coast,Melbourne,Gold Coast,Ben Long,1,1,4,0,0,0,2
2024,24,2024-08-17,Carrara,Gold Coast,Melbourne,Gold Coast,Touk Miller,16,5,12,0,1,0,2
2024,24,2024-08-17,Carrara,Gold Coast,Melbourne,Gold Coast,Wil Powell,10,6,5,0,0,0,1
2024,24,2024-08-17,Carrara,Gold Coast,Melbourne,Gold Coast,Jake Rogers,4,3,4,0,0,0,2
2024,24,2024-08-17,Carrara,Gold Coast,Melbourne,Gold Coast,Matt Rowell,10,1,6,0,0,0,6
2024,24,2024-08-17,Carrara,Gold Coast,Melbourne,Gold Coast,David Swallow,2,1,2,0,0,0,0
2024,24,2024-08-17,Carrara,Gold Coast,Melbourne,Gold Coast,Bodhi Uwland,12,7,11,0,0,0,0
2024,24,2024-08-17,Carrara,Gold Coast,Melbourne,Gold Coast,Jed Walter,6,6,1,0,2,1,1
2024,24,2024-08-17,Carrara,Gold Coast,Melbourne,Gold Coast,Lachie Weller,12,0,9,1,0,0,1
2024,24,2024-08-17,Carrara,Gold Coast,Melbourne,Gold Coast,Jarrod Witts,6,1,2,2,0,27,4
2024,24,2024-08-17,Carrara,Gold Coast,Melbourne,Melbourne,Jack Billings,9,2,12,0,0,0,0
2024,24,2024-08-17,Carrara,Gold Coast,Melbourne,Melbourne,Jake Bowey,16,5,7,0,1,0,1
2024,24,2024-08-17,Carrara,Gold Coast,Melbourne,Melbourne,Kade Chandler,8,4,9,0,0,0,3
2024,24,2024-08-17,Carrara,Gold Coast,Melbourne,Melbourne,Bayley Fritsch,9,7,2,1,1,0,1
2024,24,2024-08-17,Carrara,Gold Coast,Melbourne,Melbourne,Max Gawn,6,4,10,0,1,33,3
2024,24,2024-08-17,Carrara,Gold Coast,Melbourne,Melbourne,Marty Hore,16,9,2,0,0,0,2
2024,24,2024-08-17,Carrara,Gold Coast,Melbourne,Melbourne,Blake Howes,12,10,10,0,0,0,2
2024,24,2024-08-17,Carrara,Gold Coast,Melbourne,Melbourne,Ed Langdon,23,10,14,1,1,0,2
2024,24,2024-08-17,Carrara,Gold Coast,Melbourne,Melbourne,Jake Lever,5,4,2,0,0,0,2
2024,24,2024-08-17,Carrara,Gold Coast,Melbourne,Melbourne,Tom McDonald,12,8,4,0,0,0,2
2024,24,2024-08-17,Carrara,Gold Coast,Melbourne,Melbourne,Judd McVee,9,2,3,1,1,0,0
2024,24,2024-08-17,Carrara,Gold Coast,Melbourne,Melbourne,Jake Melksham,6,4,4,2,0,0,1
2024,24,2024-08-17,Carrara,Gold Coast,Melbourne,Melbourne,Alex Neal-Bullen,15,7,7,0,0,0,7
2024,24,2024-08-17,Carrara,Gold Coast,Melbourne,Melbourne,Harry Petty,5,8,4,3,0,0,1
2024,24,2024-08-17,Carrara,Gold Coast,Melbourne,Melbourne,Kysaiah Pickett,2,0,2,0,0,0,1
2024,24,2024-08-17,Carrara,Gold Coast,Melbourne,Melbourne,Trent Rivers,14,2,16,0,0,0,2
2024,24,2024-08-17,Carrara,Gold Coast,Melbourne,Melbourne,Christian Salem,18,5,8,0,0,0,1
2024,24,2024-08-17,Carrara,Gold Coast,Melbourne,Melbourne,Tom Sparrow,3,0,1,0,0,0,0
2024,24,2024-08-17,Carrara,Gold Coast,Melbourne,Melbourne,Koltyn Tholstrup,10,4,8,1,1,0,5
2024,24,2024-08-17,Carrara,Gold Coast,Melbourne,Melbourne,Adam Tomlinson,11,4,4,0,0,0,2
2024,24,2024-08-17,Carrara,Gold Coast,Melbourne,Melbourne,Daniel Turner,8,5,3,4,2,0,0
2024,24,2024-08-17,Carrara,Gold Coast,Melbourne,Melbourne,Jacob van Rooyen,6,2,5,3,0,7,2
2024,24,2024-08-17,Carrara,Gold Coast,Melbourne,Melbourne,Jack Viney,12,5,18,2,1,0,10
2024,24,2024-08-17,M.C.G.,Collingwood,Brisbane Lions,Collingwood,Jack Bytel,4,0,6,0,0,0,0
2024,24,2024-08-17,M.C.G.,Collingwood,Brisbane Lions,Collingwood,Darcy Cameron,12,5,3,1,0,30,3
2024,24,2024-08-17,M.C.G.,Collingwood,Brisbane Lions,Collingwood,Mason Cox,4,4,3,0,0,15,3
2024,24,2024-08-17,M.C.G.,Collingwood,Brisbane Lions,Collingwood,Jack Crisp,5,3,12,0,0,0,2
2024,24,2024-08-17,M.C.G.,Collingwood,Brisbane Lions,Collingwood,Josh Daicos,17,9,9,0,0,0,0
2024,24,2024-08-17,M.C.G.,Collingwood,Brisbane Lions,Collingwood,Nick Daicos,13,6,12,2,1,0,5
2024,24,2024-08-17,M.C.G.,Collingwood,Brisbane Lions,Collingwood,Jamie Elliott,6,5,5,0,1,0,5
2024,24,2024-08-17,M.C.G.,Collingwood,Brisbane Lions,Collingwood,Billy Frampton,2,2,2,0,0,0,1
2024,24,2024-08-17,M.C.G.,Collingwood,Brisbane Lions,Collingwood,Bobby Hill,9,3,3,0,2,0,4
2024,24,2024-08-17,M.C.G.,Collingwood,Brisbane Lions,Collingwood,Will Hoskin-Elliott,6,3,1,1,0,0,1
2024,24,2024-08-17,M.C.G.,Collingwood,Brisbane Lions,Collingwood,Jeremy Howe,20,11,4,0,0,0,2
2024,24,2024-08-17,M.C.G.,Collingwood,Brisbane Lions,Collingwood,Patrick Lipinski,8,2,8,0,0,0,6
2024,24,2024-08-17,M.C.G.,Collingwood,Brisbane Lions,Collingwood,Ned Long,4,1,1,0,1,0,4
2024,24,2024-08-17,M.C.G.,Collingwood,Brisbane Lions,Collingwood,Brayden Maynard,14,8,4,0,0,0,1
2024,24,2024-08-17,M.C.G.,Collingwood,Brisbane Lions,Collingwood,Beau McCreery,7,0,7,2,0,0,4
2024,24,2024-08-17,M.C.G.,Collingwood,Brisbane Lions,Collingwood,Daniel McStay,7,5,2,2,1,0,0
2024,24,2024-08-17,M.C.G.,Collingwood,Brisbane Lions,Collingwood,Darcy Moore,6,6,5,0,0,0,0
2024,24,2024-08-17,M.C.G.,Collingwood,Brisbane Lions,Collingwood,John Noble,13,4,7,0,0,0,4
2024,24,2024-08-17,M.C.G.,Collingwood,Brisbane Lions,Collingwood,Wil Parker,6,1,4,0,0,0,1
2024,24,2024-08-17,M.C.G.,Collingwood,Brisbane Lions,Collingwood,Scott Pendlebury,6,1,8,0,0,0,7
2024,24,2024-08-17,M.C.G.,Collingwood,Brisbane Lions,Collingwood,Isaac Quaynor,9,4,4,1,0,0,6
2024,24,2024-08-17,M.C.G.,Collingwood,Brisbane Lions,Collingwood,Lachie Schultz,8,5,8,2,2,0,3
2024,24,2024-08-17,M.C.G.,Collingwood,Brisbane Lions,Collingwood,Steele Sidebottom,18,5,8,0,1,0,8
2024,24,2024-08-17,M.C.G.,Collingwood,Brisbane Lions,Brisbane Lions,Callum Ah Chee,8,4,8,0,0,0,0
2024,24,2024-08-17,M.C.G.,Collingwood,Brisbane Lions,Brisbane Lions,Harris Andrews,7,5,1,0,0,0,3
2024,24,2024-08-17,M.C.G.,Collingwood,Brisbane Lions,Brisbane Lions,Will Ashcroft,13,6,13,0,1,0,1
2024,24,2024-08-17,M.C.G.,Collingwood,Brisbane Lions,Brisbane Lions,Zac Bailey,9,3,6,1,1,0,0
2024,24,2024-08-17,M.C.G.,Collingwood,Brisbane Lions,Brisbane Lions,Jarrod Berry,2,2,1,0,0,0,0
2024,24,2024-08-17,M.C.G.,Collingwood,Brisbane Lions,Brisbane Lions,Shadeau Brain,6,4,8,0,0,0,2
2024,24,2024-08-17,M.C.G.,Collingwood,Brisbane Lions,Brisbane Lions,Charlie Cameron,9,2,3,1,0,0,0
2024,24,2024-08-17,M.C.G.,Collingwood,Brisbane Lions,Brisbane Lions,Joe Daniher,12,5,4,4,2,2,1
2024,24,2024-08-17,M.C.G.,Collingwood,Brisbane Lions,Brisbane Lions,Josh Dunkley,10,5,17,0,0,0,2
2024,24,2024-08-17,M.C.G.,Collingwood,Brisbane Lions,Brisbane Lions,Jaspa Fletcher,10,4,9,0,0,0,6
2024,24,2024-08-17,M.C.G.,Collingwood,Brisbane Lions,Brisbane Lions,Eric Hipwood,5,4,3,0,0,0,1
2024,24,2024-08-17,M.C.G.,Collingwood,Brisbane Lions,Brisbane Lions,Darragh Joyce,9,7,5,0,0,0,0
2024,24,2024-08-17,M.C.G.,Collingwood,Brisbane Lions,Brisbane Lions,Ryan Lester,4,4,2,0,0,0,3
2024,24,2024-08-17,M.C.G.,Collingwood,Brisbane Lions,Brisbane Lions,Kai Lohmann,7,5,5,2,2,0,2
2024,24,2024-08-17,M.C.G.,Collingwood,Brisbane Lions,Brisbane Lions,Hugh McCluggage,13,2,13,0,0,0,5
2024,24,2024-08-17,M.C.G.,Collingwood,Brisbane Lions,Brisbane Lions,Oscar McInerney,15,4,3,1,0,33,3
2024,24,2024-08-17,M.C.G.,Collingwood,Brisbane Lions,Brisbane Lions,Logan Morris,6,5,4,0,0,0,2
2024,24,2024-08-17,M.C.G.,Collingwood,Brisbane Lions,Brisbane Lions,Lachie Neale,11,1,11,2,0,0,5
2024,24,2024-08-17,M.C.G.,Collingwood,Brisbane Lions,Brisbane Lions,Cam Rayner,4,1,11,0,2,0,1
2024,24,2024-08-17,M.C.G.,Collingwood,Brisbane Lions,Brisbane Lions,Harry Sharp,8,2,6,0,1,0,2
2024,24,2024-08-17,M.C.G.,Collingwood,Brisbane Lions,Brisbane Lions,Brandon Starcevich,6,1,3,0,0,0,0
2024,24,2024-08-17,M.C.G.,Collingwood,Brisbane Lions,Brisbane Lions,Darcy Wilmot,12,3,4,0,0,0,0
2024,24,2024-08-17,M.C.G.,Collingwood,Brisbane Lions,Brisbane Lions,Dayne Zorko,22,7,4,0,0,0,1
2024,24,2024-08-17,Adelaide Oval,Port Adelaide,Adelaide,Port Adelaide,Aliir Aliir,8,4,2,0,0,0,1
2024,24,2024-08-17,Adelaide Oval,Port Adelaide,Adelaide,Port Adelaide,Miles Bergman,9,6,6,0,0,0,4
2024,24,2024-08-17,Adelaide Oval,Port Adelaide,Adelaide,Port Adelaide,Travis Boak,6,1,5,1,0,0,1
2024,24,2024-08-17,Adelaide Oval,Port Adelaide,Adelaide,Port Adelaide,Jase Burgoyne,13,7,9,1,0,0,4
2024,24,2024-08-17,Adelaide Oval,Port Adelaide,Adelaide,Port Adelaide,Ryan Burton,7,3,5,0,1,0,2
2024,24,2024-08-17,Adelaide Oval,Port Adelaide,Adelaide,Port Adelaide,Zak Butters,24,4,18,1,2,0,5
2024,24,2024-08-17,Adelaide Oval,Port Adelaide,Adelaide,Port Adelaide,Darcy Byrne-Jones,8,1,3,2,1,0,3
2024,24,2024-08-17,Adelaide Oval,Port Adelaide,Adelaide,Port Adelaide,Charlie Dixon,6,2,9,0,1,11,3
2024,24,2024-08-17,Adelaide Oval,Port Adelaide,Adelaide,Port Adelaide,Willem Drew,12,3,4,0,2,0,11
2024,24,2024-08-17,Adelaide Oval,Port Adelaide,Adelaide,Port Adelaide,Francis Evans,6,0,2,2,1,0,1
2024,24,2024-08-17,Adelaide Oval,Port Adelaide,Adelaide,Port Adelaide,Logan Evans,5,3,3,0,0,0,1
2024,24,2024-08-17,Adelaide Oval,Port Adelaide,Adelaide,Port Adelaide,Kane Farrell,11,2,0,0,1,0,5
2024,24,2024-08-17,Adelaide Oval,Port Adelaide,Adelaide,Port Adelaide,Jason Horne-Francis,17,7,6,2,0,0,6
2024,24,2024-08-17,Adelaide Oval,Port Adelaide,Adelaide,Port Adelaide,Dan Houston,16,4,2,0,0,0,5
2024,24,2024-08-17,Adelaide Oval,Port Adelaide,Adelaide,Port Adelaide,Lachie Jones,3,3,2,0,0,0,1
2024,24,2024-08-17,Adelaide Oval,Port Adelaide,Adelaide,Port Adelaide,Jackson Mead,9,1,1,0,0,0,4
2024,24,2024-08-17,Adelaide Oval,Port Adelaide,Adelaide,Port Adelaide,Quinton Narkle,3,0,1,0,0,0,1
2024,24,2024-08-17,Adelaide Oval,Port Adelaide,Adelaide,Port Adelaide,Esava Ratugolea,4,2,3,0,0,0,6
2024,24,2024-08-17,Adelaide Oval,Port Adelaide,Adelaide,Port Adelaide,Willie Rioli,5,1,5,2,1,0,4
2024,24,2024-08-17,Adelaide Oval,Port Adelaide,Adelaide,Port Adelaide,Connor Rozee,25,4,3,0,0,0,5
2024,24,2024-08-17,Adelaide Oval,Port Adelaide,Adelaide,Port Adelaide,Jordon Sweet,4,1,4,0,0,45,4
2024,24,2024-08-17,Adelaide Oval,Port Adelaide,Adelaide,Port Adelaide,Ollie Wines,14,6,12,0,0,0,8
2024,24,2024-08-17,Adelaide Oval,Port Adelaide,Adelaide,Port Adelaide,Brandon Zerk-Thatcher,7,4,5,0,0,0,2
2024,24,2024-08-17,Adelaide Oval,Port Adelaide,Adelaide,Adelaide,Sam Berry,8,0,13,0,0,0,5
2024,24,2024-08-17,Adelaide Oval,Port Adelaide,Adelaide,Adelaide,Hugh Bond,7,2,3,0,0,0,3
2024,24,2024-08-17,Adelaide Oval,Port Adelaide,Adelaide,Adelaide,Matt Crouch,15,3,14,0,0,0,8
2024,24,2024-08-17,Adelaide Oval,Port Adelaide,Adelaide,Adelaide,Daniel Curtin,8,2,3,0,0,0,3
2024,24,2024-08-17,Adelaide Oval,Port Adelaide,Adelaide,Adelaide,Jordan Dawson,16,6,10,0,1,0,11
2024,24,2024-08-17,Adelaide Oval,Port Adelaide,Adelaide,Adelaide,Darcy Fogarty,6,2,1,2,1,0,1
2024,24,2024-08-17,Adelaide Oval,Port Adelaide,Adelaide,Adelaide,Lachlan Gollant,5,0,2,0,1,0,0
2024,24,2024-08-17,Adelaide Oval,Port Adelaide,Adelaide,Adelaide,Mitch Hinge,14,4,5,1,1,0,3
2024,24,2024-08-17,Adelaide Oval,Port Adelaide,Adelaide,Adelaide,Mark Keane,16,4,2,0,0,0,0
2024,24,2024-08-17,Adelaide Oval,Port Adelaide,Adelaide,Adelaide,Ben Keays,8,2,10,1,1,0,3
2024,24,2024-08-17,Adelaide Oval,Port Adelaide,Adelaide,Adelaide,Rory Laird,6,2,18,0,0,0,3
2024,24,2024-08-17,Adelaide Oval,Port Adelaide,Adelaide,Adelaide,Max Michalanney,12,4,4,0,0,0,4
2024,24,2024-08-17,Adelaide Oval,Port Adelaide,Adelaide,Adelaide,Lachlan Murphy,8,2,8,0,0,0,5
2024,24,2024-08-17,Adelaide Oval,Port Adelaide,Adelaide,Adelaide,Nick Murray,7,6,2,0,0,0,1
2024,24,2024-08-17,Adelaide Oval,Port Adelaide,Adelaide,Adelaide,Luke Nankervis,10,1,6,0,0,0,4
2024,24,2024-08-17,Adelaide Oval,Port Adelaide,Adelaide,Adelaide,Reilly OBrien,2,1,4,0,0,41,0
2024,24,2024-08-17,Adelaide Oval,Port Adelaide,Adelaide,Adelaide,Josh Rachele,9,2,1,1,0,0,2
2024,24,2024-08-17,Adelaide Oval,Port Adelaide,Adelaide,Adelaide,Izak Rankine,5,1,3,2,0,0,3
2024,24,2024-08-17,Adelaide Oval,Port Adelaide,Adelaide,Adelaide,Lachlan Sholl,10,4,7,0,0,0,2
2024,24,2024-08-17,Adelaide Oval,Port Adelaide,Adelaide,Adelaide,Jake Soligo,8,4,10,0,0,0,5
2024,24,2024-08-17,Adelaide Oval,Port Adelaide,Adelaide,Adelaide,Zac Taylor,2,0,3,0,0,0,1
2024,24,2024-08-17,Adelaide Oval,Port Adelaide,Adelaide,Adelaide,Riley Thilthorpe,10,4,1,1,1,2,3
2024,24,2024-08-17,Adelaide Oval,Port Adelaide,Adelaide,Adelaide,Josh Worrell,15,4,2,0,0,0,1
2024,24,2024-08-17,Docklands,St Kilda,Geelong,St Kilda,Josh Battle,12,8,4,0,0,0,1
2024,24,2024-08-17,Docklands,St Kilda,Geelong,St Kilda,Dan Butler,4,1,5,1,0,0,3
2024,24,2024-08-17,Docklands,St Kilda,Geelong,St Kilda,Ryan Byrnes,9,6,4,0,0,0,2
2024,24,2024-08-17,Docklands,St Kilda,Geelong,St Kilda,Anthony Caminiti,2,1,3,0,0,3,5
2024,24,2024-08-17,Docklands,St Kilda,Geelong,St Kilda,Hunter Clark,17,4,5,0,0,0,2
2024,24,2024-08-17,Docklands,St Kilda,Geelong,St Kilda,Paddy Dow,7,4,7,0,0,0,4
2024,24,2024-08-17,Docklands,St Kilda,Geelong,St Kilda,Hugo Garcia,4,0,2,0,0,0,1
2024,24,2024-08-17,Docklands,St Kilda,Geelong,St Kilda,Jack Higgins,12,7,5,3,1,0,2
2024,24,2024-08-17,Docklands,St Kilda,Geelong,St Kilda,Bradley Hill,9,3,1,1,0,0,3
2024,24,2024-08-17,Docklands,St Kilda,Geelong,St Kilda,Dougal Howard,10,8,3,0,0,0,0
2024,24,2024-08-17,Docklands,St Kilda,Geelong,St Kilda,Zak Jones,12,4,9,0,0,0,4
2024,24,2024-08-17,Docklands,St Kilda,Geelong,St Kilda,Rowan Marshall,19,7,9,1,0,21,3
2024,24,2024-08-17,Docklands,St Kilda,Geelong,St Kilda,Tim Membrey,14,8,5,1,1,0,0
2024,24,2024-08-17,Docklands,St Kilda,Geelong,St Kilda,Mitch Owens,6,1,3,2,0,0,3
2024,24,2024-08-17,Docklands,St Kilda,Geelong,St Kilda,Cooper Sharman,7,5,3,2,0,1,0
2024,24,2024-08-17,Docklands,St Kilda,Geelong,St Kilda,Jack Sinclair,19,5,7,0,0,0,4
2024,24,2024-08-17,Docklands,St Kilda,Geelong,St Kilda,Jack Steele,15,10,12,2,1,0,10
2024,24,2024-08-17,Docklands,St Kilda,Geelong,St Kilda,Liam Stocker,8,5,7,0,2,0,5
2024,24,2024-08-17,Docklands,St Kilda,Geelong,St Kilda,Nasiah Wanganeen-Milera,15,7,6,0,0,0,2
2024,24,2024-08-17,Docklands,St Kilda,Geelong,St Kilda,Jimmy Webster,7,5,7,0,0,0,5
2024,24,2024-08-17,Docklands,St Kilda,Geelong,St Kilda,Callum Wilkie,22,15,6,0,0,0,3
2024,24,2024-08-17,Docklands,St Kilda,Geelong,St Kilda,Darcy Wilson,16,5,9,2,3,0,1
2024,24,2024-08-17,Docklands,St Kilda,Geelong,St Kilda,Mason Wood,9,9,8,1,0,0,1
2024,24,2024-08-17,Docklands,St Kilda,Geelong,Geelong,Tom Atkins,5,1,12,0,0,0,1
2024,24,2024-08-17,Docklands,St Kilda,Geelong,Geelong,Mark Blicavs,3,3,7,0,0,8,0
2024,24,2024-08-17,Docklands,St Kilda,Geelong,Geelong,Jack Bowes,23,4,8,0,0,0,3
2024,24,2024-08-17,Docklands,St Kilda,Geelong,Geelong,Jeremy Cameron,10,7,6,3,0,0,1
2024,24,2024-08-17,Docklands,St Kilda,Geelong,Geelong,Brad Close,2,3,7,0,1,0,1
2024,24,2024-08-17,Docklands,St Kilda,Geelong,Geelong,Patrick Dangerfield,12,4,8,1,0,0,3
2024,24,2024-08-17,Docklands,St Kilda,Geelong,Geelong,Oliver Dempsey,10,2,10,1,0,0,0
2024,24,2024-08-17,Docklands,St Kilda,Geelong,Geelong,Mitch Duncan,3,2,1,0,0,0,1
2024,24,2024-08-17,Docklands,St Kilda,Geelong,Geelong,Zach Guthrie,10,3,5,0,0,0,4
2024,24,2024-08-17,Docklands,St Kilda,Geelong,Geelong,Jack Henry,6,6,4,0,0,0,3
2024,24,2024-08-17,Docklands,St Kilda,Geelong,Geelong,Oliver Henry,3,2,6,1,0,0,2
2024,24,2024-08-17,Docklands,St Kilda,Geelong,Geelong,Max Holmes,12,4,10,0,0,0,2
2024,24,2024-08-17,Docklands,St Kilda,Geelong,Geelong,Lawson Humphries,16,7,8,0,0,0,2
2024,24,2024-08-17,Docklands,St Kilda,Geelong,Geelong,Mitch Knevitt,4,3,3,1,0,0,0
2024,24,2024-08-17,Docklands,St Kilda,Geelong,Geelong,Jake Kolodjashnij,12,9,2,0,0,0,5
2024,24,2024-08-17,Docklands,St Kilda,Geelong,Geelong,Shaun Mannagh,14,5,7,2,1,0,1
2024,24,2024-08-17,Docklands,St Kilda,Geelong,Geelong,Gryan Miers,7,4,7,0,0,0,6
2024,24,2024-08-17,Docklands,St Kilda,Geelong,Geelong,Oisin Mullin,5,0,4,0,0,0,2
2024,24,2024-08-17,Docklands,St Kilda,Geelong,Geelong,Shannon Neale,6,4,4,1,1,1,1
2024,24,2024-08-17,Docklands,St Kilda,Geelong,Geelong,Gary Rohan,3,2,2,1,0,0,0
2024,24,2024-08-17,Docklands,St Kilda,Geelong,Geelong,Rhys Stanley,9,4,4,1,0,30,5
2024,24,2024-08-17,Docklands,St Kilda,Geelong,Geelong,Tyson Stengle,7,2,3,2,1,0,2
2024,24,2024-08-17,Docklands,St Kilda,Geelong,Geelong,Tom Stewart,15,4,6,0,0,0,5
2024,24,2024-08-18,Docklands,Western Bulldogs,North Melbourne,Western Bulldogs,Marcus Bontempelli,11,8,18,0,2,0,5
2024,24,2024-08-18,Docklands,Western Bulldogs,North Melbourne,Western Bulldogs,Lachlan Bramble,14,4,3,0,0,0,2
2024,24,2024-08-18,Docklands,Western Bulldogs,North Melbourne,Western Bulldogs,Bailey Dale,17,8,6,0,1,0,3
2024,24,2024-08-18,Docklands,Western Bulldogs,North Melbourne,Western Bulldogs,Caleb Daniel,14,6,11,0,0,0,1
2024,24,2024-08-18,Docklands,Western Bulldogs,North Melbourne,Western Bulldogs,Sam Darcy,13,9,7,7,1,5,2
2024,24,2024-08-18,Docklands,Western Bulldogs,North Melbourne,Western Bulldogs,Taylor Duryea,12,11,8,0,0,0,4
2024,24,2024-08-18,Docklands,Western Bulldogs,North Melbourne,Western Bulldogs,Joel Freijah,17,13,12,0,0,0,1
2024,24,2024-08-18,Docklands,Western Bulldogs,North Melbourne,Western Bulldogs,Harvey Gallagher,10,2,5,0,1,0,2
2024,24,2024-08-18,Docklands,Western Bulldogs,North Melbourne,Western Bulldogs,Liam Jones,6,6,4,0,0,0,0
2024,24,2024-08-18,Docklands,Western Bulldogs,North Melbourne,Western Bulldogs,Buku Khamis,9,4,4,0,0,1,3
2024,24,2024-08-18,Docklands,Western Bulldogs,North Melbourne,Western Bulldogs,Tom Liberatore,12,3,11,0,0,0,6
2024,24,2024-08-18,Docklands,Western Bulldogs,North Melbourne,Western Bulldogs,Rory Lobb,10,5,3,0,0,13,5
2024,24,2024-08-18,Docklands,Western Bulldogs,North Melbourne,Western Bulldogs,Jack Macrae,10,6,7,2,1,0,1
2024,24,2024-08-18,Docklands,Western Bulldogs,North Melbourne,Western Bulldogs,Lachlan McNeil,10,1,4,0,2,0,5
2024,24,2024-08-18,Docklands,Western Bulldogs,North Melbourne,Western Bulldogs,Aaron Naughton,8,6,5,2,1,0,3
2024,24,2024-08-18,Docklands,Western Bulldogs,North Melbourne,Western Bulldogs,James ODonnell,14,9,3,0,0,0,0
2024,24,2024-08-18,Docklands,Western Bulldogs,North Melbourne,Western Bulldogs,Ed Richards,11,5,11,2,1,0,3
2024,24,2024-08-18,Docklands,Western Bulldogs,North Melbourne,Western Bulldogs,Adam Treloar,13,5,20,0,0,0,7
2024,24,2024-08-18,Docklands,Western Bulldogs,North Melbourne,Western Bulldogs,Jamarra Ugle-Hagan,7,3,3,3,1,0,2
2024,24,2024-08-18,Docklands,Western Bulldogs,North Melbourne,Western Bulldogs,Laitham Vandermeer,6,3,4,1,0,0,1
2024,24,2024-08-18,Docklands,Western Bulldogs,North Melbourne,Western Bulldogs,Cody Weightman,11,3,2,2,2,0,3
2024,24,2024-08-18,Docklands,Western Bulldogs,North Melbourne,Western Bulldogs,Rhylee West,3,2,2,0,0,0,2
2024,24,2024-08-18,Docklands,Western Bulldogs,North Melbourne,Western Bulldogs,Bailey Williams,8,7,7,1,1,0,2
2024,24,2024-08-18,Docklands,Western Bulldogs,North Melbourne,North Melbourne,Jackson Archer,4,4,6,0,0,0,3
2024,24,2024-08-18,Docklands,Western Bulldogs,North Melbourne,North Melbourne,Miller Bergman,2,1,1,0,0,0,0
2024,24,2024-08-18,Docklands,Western Bulldogs,North Melbourne,North Melbourne,Charlie Comben,3,2,1,0,0,0,1
2024,24,2024-08-18,Docklands,Western Bulldogs,North Melbourne,North Melbourne,Aidan Corr,8,4,4,0,0,0,0
2024,24,2024-08-18,Docklands,Western Bulldogs,North Melbourne,North Melbourne,Paul Curtis,4,3,3,0,1,0,2
2024,24,2024-08-18,Docklands,Western Bulldogs,North Melbourne,North Melbourne,Luke Davies-Uniacke,14,8,16,0,0,0,4
2024,24,2024-08-18,Docklands,Western Bulldogs,North Melbourne,North Melbourne,Kallan Dawson,7,4,3,0,0,0,0
2024,24,2024-08-18,Docklands,Western Bulldogs,North Melbourne,North Melbourne,Zac Fisher,22,4,9,0,0,0,2
2024,24,2024-08-18,Docklands,Western Bulldogs,North Melbourne,North Melbourne,Eddie Ford,8,3,2,0,1,0,1
2024,24,2024-08-18,Docklands,Western Bulldogs,North Melbourne,North Melbourne,Robert Hansen,9,4,3,2,1,0,0
2024,24,2024-08-18,Docklands,Western Bulldogs,North Melbourne,North Melbourne,Nick Larkey,4,2,9,1,0,0,1
2024,24,2024-08-18,Docklands,Western Bulldogs,North Melbourne,North Melbourne,Luke McDonald,12,3,5,0,0,0,1
2024,24,2024-08-18,Docklands,Western Bulldogs,North Melbourne,North Melbourne,Colby McKercher,10,3,14,0,1,0,2
2024,24,2024-08-18,Docklands,Western Bulldogs,North Melbourne,North Melbourne,Tom Powell,6,2,14,0,0,0,7
2024,24,2024-08-18,Docklands,Western Bulldogs,North Melbourne,North Melbourne,Bailey Scott,20,6,6,1,0,0,2
2024,24,2024-08-18,Docklands,Western Bulldogs,North Melbourne,North Melbourne,Liam Shiels,8,4,6,0,0,0,2
2024,24,2024-08-18,Docklands,Western Bulldogs,North Melbourne,North Melbourne,Jy Simpkin,10,3,12,0,0,0,4
2024,24,2024-08-18,Docklands,Western Bulldogs,North Melbourne,North Melbourne,Dylan Stephens,6,4,5,0,0,0,1
2024,24,2024-08-18,Docklands,Western Bulldogs,North Melbourne,North Melbourne,Brynn Teakle,1,1,3,0,0,4,1
2024,24,2024-08-18,Docklands,Western Bulldogs,North Melbourne,North Melbourne,Darcy Tucker,8,1,5,0,0,0,3
2024,24,2024-08-18,Docklands,Western Bulldogs,North Melbourne,North Melbourne,George Wardlaw,8,0,8,1,0,0,4
2024,24,2024-08-18,Docklands,Western Bulldogs,North Melbourne,North Melbourne,Tristan Xerri,8,5,9,1,0,44,6
2024,24,2024-08-18,Docklands,Western Bulldogs,North Melbourne,North Melbourne,Cameron Zurhaar,8,6,8,0,0,0,2
2024,24,2024-08-18,M.C.G.,Hawthorn,Richmond,Hawthorn,Karl Amon,20,8,6,1,0,0,1
2024,24,2024-08-18,M.C.G.,Hawthorn,Richmond,Hawthorn,Luke Breust,9,4,2,0,1,0,0
2024,24,2024-08-18,M.C.G.,Hawthorn,Richmond,Hawthorn,Mabior Chol,11,9,3,1,2,1,4
2024,24,2024-08-18,M.C.G.,Hawthorn,Richmond,Hawthorn,Massimo DAmbrosio,17,7,9,0,0,0,1
2024,24,2024-08-18,M.C.G.,Hawthorn,Richmond,Hawthorn,Will Day,1,1,1,0,0,0,0
2024,24,2024-08-18,M.C.G.,Hawthorn,Richmond,Hawthorn,Calsher Dear,8,4,4,3,1,0,2
2024,24,2024-08-18,M.C.G.,Hawthorn,Richmond,Hawthorn,Sam Frost,7,7,5,0,0,0,3
2024,24,2024-08-18,M.C.G.,Hawthorn,Richmond,Hawthorn,Jack Ginnivan,6,3,8,0,2,0,2
2024,24,2024-08-18,M.C.G.,Hawthorn,Richmond,Hawthorn,Jack Gunston,13,9,4,5,0,0,1
2024,24,2024-08-18,M.C.G.,Hawthorn,Richmond,Hawthorn,Blake Hardwick,11,3,11,0,0,0,2
2024,24,2024-08-18,M.C.G.,Hawthorn,Richmond,Hawthorn,Jarman Impey,12,7,6,0,0,0,4
2024,24,2024-08-18,M.C.G.,Hawthorn,Richmond,Hawthorn,Connor Macdonald,14,9,10,0,2,0,3
2024,24,2024-08-18,M.C.G.,Hawthorn,Richmond,Hawthorn,Cam Mackenzie,5,4,7,1,0,0,3
2024,24,2024-08-18,M.C.G.,Hawthorn,Richmond,Hawthorn,Lloyd Meek,4,3,9,0,0,30,4
2024,24,2024-08-18,M.C.G.,Hawthorn,Richmond,Hawthorn,Dylan Moore,15,9,5,2,0,0,7
2024,24,2024-08-18,M.C.G.,Hawthorn,Richmond,Hawthorn,Harry Morrison,8,3,6,0,0,0,1
2024,24,2024-08-18,M.C.G.,Hawthorn,Richmond,Hawthorn,Conor Nash,5,2,8,0,0,0,5
2024,24,2024-08-18,M.C.G.,Hawthorn,Richmond,Hawthorn,Jai Newcombe,13,7,20,1,1,0,5
2024,24,2024-08-18,M.C.G.,Hawthorn,Richmond,Hawthorn,Jack Scrimshaw,12,8,6,0,0,0,0
2024,24,2024-08-18,M.C.G.,Hawthorn,Richmond,Hawthorn,James Sicily,11,4,4,0,0,0,0
2024,24,2024-08-18,M.C.G.,Hawthorn,Richmond,Hawthorn,Nick Watson,8,4,4,3,1,0,3
2024,24,2024-08-18,M.C.G.,Hawthorn,Richmond,Hawthorn,Josh Weddle,7,6,6,0,0,0,1
2024,24,2024-08-18,M.C.G.,Hawthorn,Richmond,Hawthorn,James Worpel,15,2,14,2,1,0,4
2024,24,2024-08-18,M.C.G.,Hawthorn,Richmond,Richmond,Noah Balta,4,3,1,2,1,4,0
2024,24,2024-08-18,M.C.G.,Hawthorn,Richmond,Richmond,Sam Banks,7,1,9,0,0,0,2
2024,24,2024-08-18,M.C.G.,Hawthorn,Richmond,Richmond,Jacob Bauer,6,5,6,0,0,0,1
2024,24,2024-08-18,M.C.G.,Hawthorn,Richmond,Richmond,Jacob Blight,12,8,0,0,0,0,3
2024,24,2024-08-18,M.C.G.,Hawthorn,Richmond,Richmond,Shai Bolton,8,1,4,3,1,0,3
2024,24,2024-08-18,M.C.G.,Hawthorn,Richmond,Richmond,Nathan Broad,13,9,5,0,0,0,2
2024,24,2024-08-18,M.C.G.,Hawthorn,Richmond,Richmond,Seth Campbell,7,1,6,0,1,0,0
2024,24,2024-08-18,M.C.G.,Hawthorn,Richmond,Richmond,Matthew Coulthard,1,0,2,0,0,0,0
2024,24,2024-08-18,M.C.G.,Hawthorn,Richmond,Richmond,Jack Graham,6,4,6,1,0,0,2
2024,24,2024-08-18,M.C.G.,Hawthorn,Richmond,Richmond,Jacob Hopper,9,3,9,1,1,0,5
2024,24,2024-08-18,M.C.G.,Hawthorn,Richmond,Richmond,Jacob Koschitzke,3,2,7,0,1,3,1
2024,24,2024-08-18,M.C.G.,Hawthorn,Richmond,Richmond,Rhyan Mansell,8,3,4,2,0,0,3
2024,24,2024-08-18,M.C.G.,Hawthorn,Richmond,Richmond,Kamdyn McIntosh,8,4,3,0,0,0,1
2024,24,2024-08-18,M.C.G.,Hawthorn,Richmond,Richmond,Ben Miller,10,8,3,0,0,0,0
2024,24,2024-08-18,M.C.G.,Hawthorn,Richmond,Richmond,Toby Nankervis,8,6,10,0,0,29,6
2024,24,2024-08-18,M.C.G.,Hawthorn,Richmond,Richmond,Dion Prestia,10,3,11,0,1,0,2
2024,24,2024-08-18,M.C.G.,Hawthorn,Richmond,Richmond,Hugo Ralphsmith,12,6,5,1,0,0,1
2024,24,2024-08-18,M.C.G.,Hawthorn,Richmond,Richmond,Daniel Rioli,10,7,11,0,0,0,2
2024,24,2024-08-18,M.C.G.,Hawthorn,Richmond,Richmond,Jack Ross,9,4,10,0,0,0,4
2024,24,2024-08-18,M.C.G.,Hawthorn,Richmond,Richmond,Jayden Short,24,5,5,0,0,0,0
2024,24,2024-08-18,M.C.G.,Hawthorn,Richmond,Richmond,Tim Taranto,11,1,7,0,1,0,4
2024,24,2024-08-18,M.C.G.,Hawthorn,Richmond,Richmond,James Trezise,9,5,6,0,0,0,4
2024,24,2024-08-18,M.C.G.,Hawthorn,Richmond,Richmond,Nick Vlastuin,20,10,4,0,0,0,1
2024,24,2024-08-18,Perth Stadium,West Coast,Carlton,West Coast,Oscar Allen,5,2,4,0,1,0,0
2024,24,2024-08-18,Perth Stadium,West Coast,Carlton,West Coast,Tom Cole,7,5,5,0,0,0,2
2024,24,2024-08-18,Perth Stadium,West Coast,Carlton,West Coast,Jamie Cripps,5,3,4,1,1,0,10
2024,24,2024-08-18,Perth Stadium,West Coast,Carlton,West Coast,Jack Darling,2,3,5,0,0,1,3
2024,24,2024-08-18,Perth Stadium,West Coast,Carlton,West Coast,Tyrell Dewar,5,4,3,0,0,0,2
2024,24,2024-08-18,Perth Stadium,West Coast,Carlton,West Coast,Liam Duggan,17,9,7,0,2,0,4
2024,24,2024-08-18,Perth Stadium,West Coast,Carlton,West Coast,Harry Edwards,7,6,2,0,0,0,0
2024,24,2024-08-18,Perth Stadium,West Coast,Carlton,West Coast,Andrew Gaff,15,7,10,0,0,0,2
2024,24,2024-08-18,Perth Stadium,West Coast,Carlton,West Coast,Reuben Ginbey,5,1,10,0,0,0,0
2024,24,2024-08-18,Perth Stadium,West Coast,Carlton,West Coast,Brady Hough,7,6,3,0,0,0,4
2024,24,2024-08-18,Perth Stadium,West Coast,Carlton,West Coast,Jayden Hunt,13,4,6,0,0,0,2
2024,24,2024-08-18,Perth Stadium,West Coast,Carlton,West Coast,Harvey Johnston,4,2,5,0,0,0,2
2024,24,2024-08-18,Perth Stadium,West Coast,Carlton,West Coast,Tim Kelly,11,5,13,0,0,0,4
2024,24,2024-08-18,Perth Stadium,West Coast,Carlton,West Coast,Jeremy McGovern,14,4,5,0,0,0,3
2024,24,2024-08-18,Perth Stadium,West Coast,Carlton,West Coast,Jack Petruccelle,2,0,1,1,0,0,1
2024,24,2024-08-18,Perth Stadium,West Coast,Carlton,West Coast,Harley Reid,14,4,12,0,3,0,5
2024,24,2024-08-18,Perth Stadium,West Coast,Carlton,West Coast,Liam Ryan,14,7,4,0,1,0,2
2024,24,2024-08-18,Perth Stadium,West Coast,Carlton,West Coast,Zane Trew,2,0,3,0,0,0,3
2024,24,2024-08-18,Perth Stadium,West Coast,Carlton,West Coast,Jake Waterman,4,3,2,2,0,0,2
2024,24,2024-08-18,Perth Stadium,West Coast,Carlton,West Coast,Bailey Williams,6,2,8,0,0,33,4
2024,24,2024-08-18,Perth Stadium,West Coast,Carlton,West Coast,Jack Williams,3,0,1,0,1,9,6
2024,24,2024-08-18,Perth Stadium,West Coast,Carlton,West Coast,Alex Witherden,12,3,4,0,0,0,4
2024,24,2024-08-18,Perth Stadium,West Coast,Carlton,West Coast,Elliot Yeo,11,2,17,0,0,0,9
2024,24,2024-08-18,Perth Stadium,West Coast,Carlton,Carlton,Blake Acres,14,5,5,0,1,0,1
2024,24,2024-08-18,Perth Stadium,West Coast,Carlton,Carlton,Jaxon Binns,12,0,6,1,0,0,4
2024,24,2024-08-18,Perth Stadium,West Coast,Carlton,Carlton,Jack Carroll,6,3,7,0,0,0,1
2024,24,2024-08-18,Perth Stadium,West Coast,Carlton,Carlton,Alex Cincotta,6,0,8,0,0,0,3
2024,24,2024-08-18,Perth Stadium,West Coast,Carlton,Carlton,Lachlan Cowan,11,4,7,0,0,0,4
2024,24,2024-08-18,Perth Stadium,West Coast,Carlton,Carlton,Patrick Cripps,12,3,23,0,0,3,2
2024,24,2024-08-18,Perth Stadium,West Coast,Carlton,Carlton,Corey Durdin,8,3,6,1,0,0,2
2024,24,2024-08-18,Perth Stadium,West Coast,Carlton,Carlton,George Hewett,17,5,18,0,0,0,10
2024,24,2024-08-18,Perth Stadium,West Coast,Carlton,Carlton,Elijah Hollands,18,6,7,0,2,0,3
2024,24,2024-08-18,Perth Stadium,West Coast,Carlton,Carlton,Oliver Hollands,15,4,9,0,0,0,7
2024,24,2024-08-18,Perth Stadium,West Coast,Carlton,Carlton,Brodie Kemp,8,6,4,4,1,0,5
2024,24,2024-08-18,Perth Stadium,West Coast,Carlton,Carlton,Matthew Kennedy,12,5,11,2,1,2,4
2024,24,2024-08-18,Perth Stadium,West Coast,Carlton,Carlton,Cooper Lord,3,3,12,0,1,0,2
2024,24,2024-08-18,Perth Stadium,West Coast,Carlton,Carlton,Mitch McGovern,6,1,5,0,0,0,0
2024,24,2024-08-18,Perth Stadium,West Coast,Carlton,Carlton,Ashton Moir,3,2,1,1,1,0,1
2024,24,2024-08-18,Perth Stadium,West Coast,Carlton,Carlton,Jesse Motlop,2,0,6,1,0,0,3
2024,24,2024-08-18,Perth Stadium,West Coast,Carlton,Carlton,Nic Newman,21,11,4,0,0,0,4
2024,24,2024-08-18,Perth Stadium,West Coast,Carlton,Carlton,Matthew Owies,8,3,3,3,0,0,2
2024,24,2024-08-18,Perth Stadium,West Coast,Carlton,Carlton,Marc Pittonet,8,2,12,0,1,32,4
2024,24,2024-08-18,Perth Stadium,West Coast,Carlton,Carlton,Sam Walsh,10,5,13,0,2,0,6
2024,24,2024-08-18,Perth Stadium,West Coast,Carlton,Carlton,Jacob Weitering,12,6,3,0,0,0,1
2024,24,2024-08-18,Perth Stadium,West Coast,Carlton,Carlton,Zac Williams,7,2,3,1,1,0,5
2024,24,2024-08-18,Perth Stadium,West Coast,Carlton,Carlton,Lewis Young,10,8,5,0,0,1,1
2024,25,2024-08-23,M.C.G.,Melbourne,Collingwood,Melbourne,Jack Billings,12,6,6,1,1,0,2
2024,25,2024-08-23,M.C.G.,Melbourne,Collingwood,Melbourne,Jake Bowey,7,1,1,0,0,0,1
2024,25,2024-08-23,M.C.G.,Melbourne,Collingwood,Melbourne,Kade Chandler,14,4,7,1,1,0,1
2024,25,2024-08-23,M.C.G.,Melbourne,Collingwood,Melbourne,Bayley Fritsch,5,3,4,0,0,0,0
2024,25,2024-08-23,M.C.G.,Melbourne,Collingwood,Melbourne,Max Gawn,15,5,5,0,0,25,2
2024,25,2024-08-23,M.C.G.,Melbourne,Collingwood,Melbourne,Marty Hore,7,4,4,0,0,0,0
2024,25,2024-08-23,M.C.G.,Melbourne,Collingwood,Melbourne,Blake Howes,5,0,3,0,0,0,2
2024,25,2024-08-23,M.C.G.,Melbourne,Collingwood,Melbourne,Ed Langdon,6,4,10,0,0,0,2
2024,25,2024-08-23,M.C.G.,Melbourne,Collingwood,Melbourne,Bailey Laurie,3,1,4,0,0,0,3
2024,25,2024-08-23,M.C.G.,Melbourne,Collingwood,Melbourne,Tom McDonald,15,8,4,0,0,0,1
2024,25,2024-08-23,M.C.G.,Melbourne,Collingwood,Melbourne,Judd McVee,5,1,3,0,0,0,3
2024,25,2024-08-23,M.C.G.,Melbourne,Collingwood,Melbourne,Jake Melksham,12,5,1,0,1,0,1
2024,25,2024-08-23,M.C.G.,Melbourne,Collingwood,Melbourne,Alex Neal-Bullen,10,5,9,0,0,0,4
2024,25,2024-08-23,M.C.G.,Melbourne,Collingwood,Melbourne,Harry Petty,2,4,7,0,0,1,2
2024,25,2024-08-23,M.C.G.,Melbourne,Collingwood,Melbourne,Kysaiah Pickett,13,2,2,2,2,0,3
2024,25,2024-08-23,M.C.G.,Melbourne,Collingwood,Melbourne,Trent Rivers,12,6,8,0,0,0,2
2024,25,2024-08-23,M.C.G.,Melbourne,Collingwood,Melbourne,Christian Salem,20,6,6,0,0,0,3
2024,25,2024-08-23,M.C.G.,Melbourne,Collingwood,Melbourne,Koltyn Tholstrup,6,3,3,2,0,0,3
2024,25,2024-08-23,M.C.G.,Melbourne,Collingwood,Melbourne,Adam Tomlinson,10,7,5,0,0,0,0
2024,25,2024-08-23,M.C.G.,Melbourne,Collingwood,Melbourne,Daniel Turner,6,5,2,1,2,0,0
2024,25,2024-08-23,M.C.G.,Melbourne,Collingwood,Melbourne,Jacob van Rooyen,3,1,2,1,1,1,0
2024,25,2024-08-23,M.C.G.,Melbourne,Collingwood,Melbourne,Jack Viney,5,2,6,0,0,0,5
2024,25,2024-08-23,M.C.G.,Melbourne,Collingwood,Melbourne,Taj Woewodin,5,5,3,0,0,0,2
2024,25,2024-08-23,M.C.G.,Melbourne,Collingwood,Collingwood,Edward Allan,11,1,10,1,0,0,6
2024,25,2024-08-23,M.C.G.,Melbourne,Collingwood,Collingwood,Darcy Cameron,7,5,6,2,0,16,3
2024,25,2024-08-23,M.C.G.,Melbourne,Collingwood,Collingwood,Mason Cox,4,2,3,0,0,9,1
2024,25,2024-08-23,M.C.G.,Melbourne,Collingwood,Collingwood,Jack Crisp,9,3,11,1,1,0,0
2024,25,2024-08-23,M.C.G.,Melbourne,Collingwood,Collingwood,Josh Daicos,21,10,19,0,1,0,1
2024,25,2024-08-23,M.C.G.,Melbourne,Collingwood,Collingwood,Nick Daicos,25,11,15,2,1,0,1
2024,25,2024-08-23,M.C.G.,Melbourne,Collingwood,Collingwood,Charlie Dean,7,5,2,0,0,0,0
2024,25,2024-08-23,M.C.G.,Melbourne,Collingwood,Collingwood,Jamie Elliott,8,6,5,1,2,0,3
2024,25,2024-08-23,M.C.G.,Melbourne,Collingwood,Collingwood,Bobby Hill,9,7,8,2,1,0,0
2024,25,2024-08-23,M.C.G.,Melbourne,Collingwood,Collingwood,Will Hoskin-Elliott,7,6,1,1,3,0,0
2024,25,2024-08-23,M.C.G.,Melbourne,Collingwood,Collingwood,Jeremy Howe,12,6,2,0,0,0,0
2024,25,2024-08-23,M.C.G.,Melbourne,Collingwood,Collingwood,Patrick Lipinski,18,12,12,2,0,0,3
2024,25,2024-08-23,M.C.G.,Melbourne,Collingwood,Collingwood,Finlay Macrae,4,2,7,0,1,0,1
2024,25,2024-08-23,M.C.G.,Melbourne,Collingwood,Collingwood,Brayden Maynard,12,5,3,0,0,0,1
2024,25,2024-08-23,M.C.G.,Melbourne,Collingwood,Collingwood,Beau McCreery,4,1,7,0,0,0,1
2024,25,2024-08-23,M.C.G.,Melbourne,Collingwood,Collingwood,Darcy Moore,4,2,1,0,0,0,0
2024,25,2024-08-23,M.C.G.,Melbourne,Collingwood,Collingwood,John Noble,10,7,10,0,0,0,2
2024,25,2024-08-23,M.C.G.,Melbourne,Collingwood,Collingwood,Wil Parker,9,4,8,1,0,0,5
2024,25,2024-08-23,M.C.G.,Melbourne,Collingwood,Collingwood,Scott Pendlebury,16,8,7,0,0,0,1
2024,25,2024-08-23,M.C.G.,Melbourne,Collingwood,Collingwood,Isaac Quaynor,8,6,3,0,0,0,2
2024,25,2024-08-23,M.C.G.,Melbourne,Collingwood,Collingwood,Joe Richards,9,2,10,1,0,0,1
2024,25,2024-08-23,M.C.G.,Melbourne,Collingwood,Collingwood,Lachie Schultz,8,1,7,0,0,0,4
2024,25,2024-08-23,M.C.G.,Melbourne,Collingwood,Collingwood,Steele Sidebottom,16,4,6,1,0,0,5
2024,25,2024-08-24,York Park,Hawthorn,North Melbourne,Hawthorn,Karl Amon,10,2,4,0,0,0,1
2024,25,2024-08-24,York Park,Hawthorn,North Melbourne,Hawthorn,Luke Breust,3,0,2,2,0,0,2
2024,25,2024-08-24,York Park,Hawthorn,North Melbourne,Hawthorn,Mabior Chol,7,3,1,3,0,1,1
2024,25,2024-08-24,York Park,Hawthorn,North Melbourne,Hawthorn,Massimo DAmbrosio,16,5,15,2,1,0,2
2024,25,2024-08-24,York Park,Hawthorn,North Melbourne,Hawthorn,Calsher Dear,2,2,2,2,0,0,1
2024,25,2024-08-24,York Park,Hawthorn,North Melbourne,Hawthorn,Sam Frost,5,1,4,0,0,0,0
2024,25,2024-08-24,York Park,Hawthorn,North Melbourne,Hawthorn,Jack Ginnivan,13,2,10,2,0,0,3
2024,25,2024-08-24,York Park,Hawthorn,North Melbourne,Hawthorn,Jack Gunston,7,3,3,1,1,0,2
2024,25,2024-08-24,York Park,Hawthorn,North Melbourne,Hawthorn,Blake Hardwick,7,1,3,0,0,0,4
2024,25,2024-08-24,York Park,Hawthorn,North Melbourne,Hawthorn,Jarman Impey,12,3,11,0,0,0,1
2024,25,2024-08-24,York Park,Hawthorn,North Melbourne,Hawthorn,Connor Macdonald,7,4,12,3,0,0,7
2024,25,2024-08-24,York Park,Hawthorn,North Melbourne,Hawthorn,Cam Mackenzie,10,4,13,0,0,0,5
2024,25,2024-08-24,York Park,Hawthorn,North Melbourne,Hawthorn,Finn Maginness,10,0,9,0,0,0,6
2024,25,2024-08-24,York Park,Hawthorn,North Melbourne,Hawthorn,Lloyd Meek,8,3,8,0,1,38,1
2024,25,2024-08-24,York Park,Hawthorn,North Melbourne,Hawthorn,Dylan Moore,8,4,4,4,3,0,8
2024,25,2024-08-24,York Park,Hawthorn,North Melbourne,Hawthorn,Harry Morrison,11,2,5,0,0,0,2
2024,25,2024-08-24,York Park,Hawthorn,North Melbourne,Hawthorn,Conor Nash,8,0,4,0,1,0,3
2024,25,2024-08-24,York Park,Hawthorn,North Melbourne,Hawthorn,Jai Newcombe,12,5,23,1,0,0,1
2024,25,2024-08-24,York Park,Hawthorn,North Melbourne,Hawthorn,Jack Scrimshaw,6,4,9,0,0,0,3
2024,25,2024-08-24,York Park,Hawthorn,North Melbourne,Hawthorn,James Sicily,18,7,6,2,1,0,0
2024,25,2024-08-24,York Park,Hawthorn,North Melbourne,Hawthorn,Nick Watson,9,4,6,3,2,0,1
2024,25,2024-08-24,York Park,Hawthorn,North Melbourne,Hawthorn,Josh Weddle,12,3,4,1,1,6,2
2024,25,2024-08-24,York Park,Hawthorn,North Melbourne,Hawthorn,James Worpel,12,2,8,0,0,0,4
2024,25,2024-08-24,York Park,Hawthorn,North Melbourne,North Melbourne,Jackson Archer,1,0,0,0,0,0,0
2024,25,2024-08-24,York Park,Hawthorn,North Melbourne,North Melbourne,Aidan Corr,6,5,3,0,0,0,1
2024,25,2024-08-24,York Park,Hawthorn,North Melbourne,North Melbourne,Paul Curtis,4,2,5,1,1,0,3
2024,25,2024-08-24,York Park,Hawthorn,North Melbourne,North Melbourne,Luke Davies-Uniacke,20,3,6,0,0,0,5
2024,25,2024-08-24,York Park,Hawthorn,North Melbourne,North Melbourne,Kallan Dawson,6,4,2,0,0,0,1
2024,25,2024-08-24,York Park,Hawthorn,North Melbourne,North Melbourne,Blake Drury,5,3,1,0,0,0,0
2024,25,2024-08-24,York Park,Hawthorn,North Melbourne,North Melbourne,Zac Fisher,15,5,8,0,0,0,0
2024,25,2024-08-24,York Park,Hawthorn,North Melbourne,North Melbourne,Robert Hansen,7,1,6,0,1,0,0
2024,25,2024-08-24,York Park,Hawthorn,North Melbourne,North Melbourne,Nick Larkey,6,5,0,0,0,4,1
2024,25,2024-08-24,York Park,Hawthorn,North Melbourne,North Melbourne,Luke McDonald,12,3,0,0,0,0,3
2024,25,2024-08-24,York Park,Hawthorn,North Melbourne,North Melbourne,Colby McKercher,17,5,2,0,0,0,3
2024,25,2024-08-24,York Park,Hawthorn,North Melbourne,North Melbourne,Will Phillips,5,1,7,0,0,0,9
2024,25,2024-08-24,York Park,Hawthorn,North Melbourne,North Melbourne,Toby Pink,4,3,5,1,1,0,1
2024,25,2024-08-24,York Park,Hawthorn,North Melbourne,North Melbourne,Tom Powell,2,0,6,0,0,0,4
2024,25,2024-08-24,York Park,Hawthorn,North Melbourne,North Melbourne,Bailey Scott,10,3,2,0,0,0,3
2024,25,2024-08-24,York Park,Hawthorn,North Melbourne,North Melbourne,Liam Shiels,8,0,3,0,0,0,5
2024,25,2024-08-24,York Park,Hawthorn,North Melbourne,North Melbourne,Jy Simpkin,12,2,13,3,1,0,9
2024,25,2024-08-24,York Park,Hawthorn,North Melbourne,North Melbourne,Dylan Stephens,7,4,7,0,0,0,0
2024,25,2024-08-24,York Park,Hawthorn,North Melbourne,North Melbourne,Brynn Teakle,1,1,1,0,0,2,0
2024,25,2024-08-24,York Park,Hawthorn,North Melbourne,North Melbourne,Darcy Tucker,6,2,2,0,0,0,5
2024,25,2024-08-24,York Park,Hawthorn,North Melbourne,North Melbourne,George Wardlaw,8,1,12,1,0,0,6
2024,25,2024-08-24,York Park,Hawthorn,North Melbourne,North Melbourne,Tristan Xerri,15,2,10,0,0,35,3
2024,25,2024-08-24,York Park,Hawthorn,North Melbourne,North Melbourne,Cameron Zurhaar,7,4,6,1,0,0,1
2024,25,2024-08-24,Kardinia Park,Geelong,West Coast,Geelong,Tom Atkins,9,2,13,0,0,0,9
2024,25,2024-08-24,Kardinia Park,Geelong,West Coast,Geelong,Jed Bews,6,3,2,0,0,0,0
2024,25,2024-08-24,Kardinia Park,Geelong,West Coast,Geelong,Mark Blicavs,8,6,13,0,0,2,2
2024,25,2024-08-24,Kardinia Park,Geelong,West Coast,Geelong,Jack Bowes,9,2,15,1,0,0,5
2024,25,2024-08-24,Kardinia Park,Geelong,West Coast,Geelong,Tanner Bruhn,11,5,12,0,0,0,5
2024,25,2024-08-24,Kardinia Park,Geelong,West Coast,Geelong,Jeremy Cameron,12,9,2,9,1,0,1
2024,25,2024-08-24,Kardinia Park,Geelong,West Coast,Geelong,Brad Close,3,3,8,0,0,0,1
2024,25,2024-08-24,Kardinia Park,Geelong,West Coast,Geelong,Patrick Dangerfield,16,9,9,1,0,0,2
2024,25,2024-08-24,Kardinia Park,Geelong,West Coast,Geelong,Oliver Dempsey,12,9,9,1,1,0,2
2024,25,2024-08-24,Kardinia Park,Geelong,West Coast,Geelong,Mitch Duncan,9,1,5,0,0,0,2
2024,25,2024-08-24,Kardinia Park,Geelong,West Coast,Geelong,Zach Guthrie,17,10,7,0,0,0,1
2024,25,2024-08-24,Kardinia Park,Geelong,West Coast,Geelong,Jack Henry,12,8,2,0,0,0,1
2024,25,2024-08-24,Kardinia Park,Geelong,West Coast,Geelong,Oliver Henry,12,8,1,4,4,0,1
2024,25,2024-08-24,Kardinia Park,Geelong,West Coast,Geelong,Max Holmes,16,8,10,1,0,0,0
2024,25,2024-08-24,Kardinia Park,Geelong,West Coast,Geelong,Lawson Humphries,6,3,2,0,0,0,0
2024,25,2024-08-24,Kardinia Park,Geelong,West Coast,Geelong,Jake Kolodjashnij,6,7,9,0,0,0,1
2024,25,2024-08-24,Kardinia Park,Geelong,West Coast,Geelong,Shaun Mannagh,18,6,3,1,3,0,6
2024,25,2024-08-24,Kardinia Park,Geelong,West Coast,Geelong,Gryan Miers,9,2,13,1,0,0,6
2024,25,2024-08-24,Kardinia Park,Geelong,West Coast,Geelong,Shannon Neale,9,5,4,2,1,7,2
2024,25,2024-08-24,Kardinia Park,Geelong,West Coast,Geelong,Rhys Stanley,11,5,5,2,0,33,3
2024,25,2024-08-24,Kardinia Park,Geelong,West Coast,Geelong,Tyson Stengle,10,2,5,2,1,0,1
2024,25,2024-08-24,Kardinia Park,Geelong,West Coast,Geelong,Tom Stewart,4,2,7,0,0,0,0
2024,25,2024-08-24,Kardinia Park,Geelong,West Coast,Geelong,Zach Tuohy,9,2,7,1,0,0,0
2024,25,2024-08-24,Kardinia Park,Geelong,West Coast,West Coast,Oscar Allen,4,3,0,1,1,0,1
2024,25,2024-08-24,Kardinia Park,Geelong,West Coast,West Coast,Rhett Bazzo,4,3,2,0,0,0,1
2024,25,2024-08-24,Kardinia Park,Geelong,West Coast,West Coast,Campbell Chesser,5,1,5,0,0,0,5
2024,25,2024-08-24,Kardinia Park,Geelong,West Coast,West Coast,Tom Cole,10,3,3,0,0,0,5
2024,25,2024-08-24,Kardinia Park,Geelong,West Coast,West Coast,Jamie Cripps,12,2,2,2,0,0,2
2024,25,2024-08-24,Kardinia Park,Geelong,West Coast,West Coast,Jack Darling,8,5,2,2,0,0,3
2024,25,2024-08-24,Kardinia Park,Geelong,West Coast,West Coast,Tyrell Dewar,7,5,7,1,0,0,1
2024,25,2024-08-24,Kardinia Park,Geelong,West Coast,West Coast,Liam Duggan,7,0,1,0,0,0,2
2024,25,2024-08-24,Kardinia Park,Geelong,West Coast,West Coast,Harry Edwards,6,5,1,0,0,0,0
2024,25,2024-08-24,Kardinia Park,Geelong,West Coast,West Coast,Reuben Ginbey,6,1,3,0,0,0,1
2024,25,2024-08-24,Kardinia Park,Geelong,West Coast,West Coast,Clay Hall,9,4,6,0,2,0,0
2024,25,2024-08-24,Kardinia Park,Geelong,West Coast,West Coast,Brady Hough,3,2,1,0,0,0,1
2024,25,2024-08-24,Kardinia Park,Geelong,West Coast,West Coast,Jayden Hunt,13,4,7,0,0,0,2
2024,25,2024-08-24,Kardinia Park,Geelong,West Coast,West Coast,Jack Hutchinson,6,2,18,1,0,0,3
2024,25,2024-08-24,Kardinia Park,Geelong,West Coast,West Coast,Harvey Johnston,6,4,2,0,0,0,0
2024,25,2024-08-24,Kardinia Park,Geelong,West Coast,West Coast,Tim Kelly,13,3,12,0,0,0,3
2024,25,2024-08-24,Kardinia Park,Geelong,West Coast,West Coast,Ryan Maric,9,6,1,0,0,0,2
2024,25,2024-08-24,Kardinia Park,Geelong,West Coast,West Coast,Jack Petruccelle,10,2,7,0,1,0,3
2024,25,2024-08-24,Kardinia Park,Geelong,West Coast,West Coast,Harley Reid,8,3,7,2,0,0,6
2024,25,2024-08-24,Kardinia Park,Geelong,West Coast,West Coast,Jake Waterman,12,9,4,2,2,0,0
2024,25,2024-08-24,Kardinia Park,Geelong,West Coast,West Coast,Bailey Williams,7,3,5,0,0,31,4
2024,25,2024-08-24,Kardinia Park,Geelong,West Coast,West Coast,Jack Williams,8,5,6,0,0,7,0
2024,25,2024-08-24,Kardinia Park,Geelong,West Coast,West Coast,Elliot Yeo,10,3,11,0,0,0,4
2024,25,2024-08-24,M.C.G.,Richmond,Gold Coast,Richmond,Liam Baker,10,7,6,1,0,0,2
2024,25,2024-08-24,M.C.G.,Richmond,Gold Coast,Richmond,Noah Balta,7,5,4,0,0,0,1
2024,25,2024-08-24,M.C.G.,Richmond,Gold Coast,Richmond,Sam Banks,7,3,2,0,0,0,1
2024,25,2024-08-24,M.C.G.,Richmond,Gold Coast,Richmond,Jacob Bauer,8,3,2,2,1,2,0
2024,25,2024-08-24,M.C.G.,Richmond,Gold Coast,Richmond,Shai Bolton,6,7,7,1,1,0,3
2024,25,2024-08-24,M.C.G.,Richmond,Gold Coast,Richmond,Nathan Broad,7,4,7,0,0,0,1
2024,25,2024-08-24,M.C.G.,Richmond,Gold Coast,Richmond,Seth Campbell,7,2,4,0,0,0,3
2024,25,2024-08-24,M.C.G.,Richmond,Gold Coast,Richmond,Jack Graham,9,3,13,1,0,0,3
2024,25,2024-08-24,M.C.G.,Richmond,Gold Coast,Richmond,Jacob Hopper,12,3,12,0,1,0,5
2024,25,2024-08-24,M.C.G.,Richmond,Gold Coast,Richmond,Jacob Koschitzke,3,1,6,0,0,4,0
2024,25,2024-08-24,M.C.G.,Richmond,Gold Coast,Richmond,Rhyan Mansell,4,2,3,1,0,0,3
2024,25,2024-08-24,M.C.G.,Richmond,Gold Coast,Richmond,Kamdyn McIntosh,8,2,5,0,0,0,3
2024,25,2024-08-24,M.C.G.,Richmond,Gold Coast,Richmond,Ben Miller,5,3,4,0,0,0,2
2024,25,2024-08-24,M.C.G.,Richmond,Gold Coast,Richmond,Toby Nankervis,6,4,9,0,0,21,6
2024,25,2024-08-24,M.C.G.,Richmond,Gold Coast,Richmond,Marlion Pickett,7,4,3,1,0,0,1
2024,25,2024-08-24,M.C.G.,Richmond,Gold Coast,Richmond,Dion Prestia,13,8,20,0,0,0,0
2024,25,2024-08-24,M.C.G.,Richmond,Gold Coast,Richmond,Hugo Ralphsmith,7,3,5,0,0,0,1
2024,25,2024-08-24,M.C.G.,Richmond,Gold Coast,Richmond,Daniel Rioli,19,5,11,2,0,0,5
2024,25,2024-08-24,M.C.G.,Richmond,Gold Coast,Richmond,Maurice Rioli,6,2,3,1,1,0,4
2024,25,2024-08-24,M.C.G.,Richmond,Gold Coast,Richmond,Jack Ross,6,5,8,0,0,0,3
2024,25,2024-08-24,M.C.G.,Richmond,Gold Coast,Richmond,Jayden Short,20,6,5,0,0,0,3
2024,25,2024-08-24,M.C.G.,Richmond,Gold Coast,Richmond,Tim Taranto,13,8,17,0,0,0,14
2024,25,2024-08-24,M.C.G.,Richmond,Gold Coast,Richmond,Nick Vlastuin,21,8,5,0,0,0,1
2024,25,2024-08-24,M.C.G.,Richmond,Gold Coast,Gold Coast,Noah Anderson,20,9,10,1,0,0,3
2024,25,2024-08-24,M.C.G.,Richmond,Gold Coast,Gold Coast,Mac Andrew,6,3,2,1,1,12,1
2024,25,2024-08-24,M.C.G.,Richmond,Gold Coast,Gold Coast,Charlie Ballard,7,3,3,1,0,0,1
2024,25,2024-08-24,M.C.G.,Richmond,Gold Coast,Gold Coast,Connor Budarick,11,7,3,0,0,0,3
2024,25,2024-08-24,M.C.G.,Richmond,Gold Coast,Gold Coast,Sam Clohesy,12,4,4,0,1,0,2
2024,25,2024-08-24,M.C.G.,Richmond,Gold Coast,Gold Coast,Sam Collins,6,4,2,0,0,0,0
2024,25,2024-08-24,M.C.G.,Richmond,Gold Coast,Gold Coast,Alex Davies,5,1,11,0,0,0,4
2024,25,2024-08-24,M.C.G.,Richmond,Gold Coast,Gold Coast,Sam Flanders,8,3,21,2,2,0,6
2024,25,2024-08-24,M.C.G.,Richmond,Gold Coast,Gold Coast,Will Graham,7,5,9,2,1,0,6
2024,25,2024-08-24,M.C.G.,Richmond,Gold Coast,Gold Coast,Nick Holman,5,1,12,0,0,0,3
2024,25,2024-08-24,M.C.G.,Richmond,Gold Coast,Gold Coast,Bailey Humphrey,6,3,4,0,0,0,0
2024,25,2024-08-24,M.C.G.,Richmond,Gold Coast,Gold Coast,Ben King,3,2,2,1,0,0,0
2024,25,2024-08-24,M.C.G.,Richmond,Gold Coast,Gold Coast,Sean Lemmens,12,3,3,0,0,0,5
2024,25,2024-08-24,M.C.G.,Richmond,Gold Coast,Gold Coast,Ben Long,9,5,3,3,2,0,6
2024,25,2024-08-24,M.C.G.,Richmond,Gold Coast,Gold Coast,Jack Lukosius,7,2,0,2,1,0,1
2024,25,2024-08-24,M.C.G.,Richmond,Gold Coast,Gold Coast,Touk Miller,15,5,16,0,0,0,2
2024,25,2024-08-24,M.C.G.,Richmond,Gold Coast,Gold Coast,Wil Powell,6,2,9,0,0,0,4
2024,25,2024-08-24,M.C.G.,Richmond,Gold Coast,Gold Coast,Jake Rogers,3,1,3,0,0,0,2
2024,25,2024-08-24,M.C.G.,Richmond,Gold Coast,Gold Coast,Matt Rowell,12,4,17,0,0,0,9
2024,25,2024-08-24,M.C.G.,Richmond,Gold Coast,Gold Coast,Alex Sexton,15,6,4,0,0,0,1
2024,25,2024-08-24,M.C.G.,Richmond,Gold Coast,Gold Coast,Bodhi Uwland,13,8,3,0,1,0,2
2024,25,2024-08-24,M.C.G.,Richmond,Gold Coast,Gold Coast,Lachie Weller,2,0,3,0,0,0,5
2024,25,2024-08-24,M.C.G.,Richmond,Gold Coast,Gold Coast,Jarrod Witts,5,2,14,1,0,46,3
2024,25,2024-08-24,Gabba,Brisbane Lions,Essendon,Brisbane Lions,Callum Ah Chee,9,3,4,0,0,0,0
2024,25,2024-08-24,Gabba,Brisbane Lions,Essendon,Brisbane Lions,Harris Andrews,7,6,8,0,0,0,1
2024,25,2024-08-24,Gabba,Brisbane Lions,Essendon,Brisbane Lions,Noah Answerth,11,3,7,0,0,0,4
2024,25,2024-08-24,Gabba,Brisbane Lions,Essendon,Brisbane Lions,Will Ashcroft,17,15,13,0,0,0,3
2024,25,2024-08-24,Gabba,Brisbane Lions,Essendon,Brisbane Lions,Zac Bailey,8,2,9,1,1,0,2
2024,25,2024-08-24,Gabba,Brisbane Lions,Essendon,Brisbane Lions,Jarrod Berry,9,6,7,0,1,0,2
2024,25,2024-08-24,Gabba,Brisbane Lions,Essendon,Brisbane Lions,Charlie Cameron,11,3,3,3,1,0,1
2024,25,2024-08-24,Gabba,Brisbane Lions,Essendon,Brisbane Lions,Joe Daniher,10,5,4,1,2,1,1
2024,25,2024-08-24,Gabba,Brisbane Lions,Essendon,Brisbane Lions,Josh Dunkley,9,4,19,0,0,0,8
2024,25,2024-08-24,Gabba,Brisbane Lions,Essendon,Brisbane Lions,Jaspa Fletcher,10,5,5,0,0,0,1
2024,25,2024-08-24,Gabba,Brisbane Lions,Essendon,Brisbane Lions,Eric Hipwood,4,3,5,1,1,0,1
2024,25,2024-08-24,Gabba,Brisbane Lions,Essendon,Brisbane Lions,Darragh Joyce,5,1,0,0,0,0,1
2024,25,2024-08-24,Gabba,Brisbane Lions,Essendon,Brisbane Lions,Ryan Lester,13,6,4,0,0,0,1
2024,25,2024-08-24,Gabba,Brisbane Lions,Essendon,Brisbane Lions,Kai Lohmann,13,4,1,3,2,0,3
2024,25,2024-08-24,Gabba,Brisbane Lions,Essendon,Brisbane Lions,Hugh McCluggage,12,6,17,0,1,0,3
2024,25,2024-08-24,Gabba,Brisbane Lions,Essendon,Brisbane Lions,Oscar McInerney,8,3,10,0,0,34,2
2024,25,2024-08-24,Gabba,Brisbane Lions,Essendon,Brisbane Lions,Conor McKenna,13,4,2,0,0,0,0
2024,25,2024-08-24,Gabba,Brisbane Lions,Essendon,Brisbane Lions,Logan Morris,10,5,2,1,2,0,0
2024,25,2024-08-24,Gabba,Brisbane Lions,Essendon,Brisbane Lions,Lachie Neale,24,7,16,1,1,0,1
2024,25,2024-08-24,Gabba,Brisbane Lions,Essendon,Brisbane Lions,Cam Rayner,13,4,5,0,1,0,1
2024,25,2024-08-24,Gabba,Brisbane Lions,Essendon,Brisbane Lions,Harry Sharp,3,1,0,0,0,0,1
2024,25,2024-08-24,Gabba,Brisbane Lions,Essendon,Brisbane Lions,Darcy Wilmot,11,4,15,0,0,0,1
2024,25,2024-08-24,Gabba,Brisbane Lions,Essendon,Brisbane Lions,Dayne Zorko,19,10,9,0,0,0,2
2024,25,2024-08-24,Gabba,Brisbane Lions,Essendon,Essendon,Nick Bryan,6,3,7,0,0,28,3
2024,25,2024-08-24,Gabba,Brisbane Lions,Essendon,Essendon,Nate Caddy,7,4,4,0,0,0,2
2024,25,2024-08-24,Gabba,Brisbane Lions,Essendon,Essendon,Jye Caldwell,7,5,14,0,0,0,4
2024,25,2024-08-24,Gabba,Brisbane Lions,Essendon,Essendon,Sam Draper,5,2,4,1,0,10,1
2024,25,2024-08-24,Gabba,Brisbane Lions,Essendon,Essendon,Sam Durham,9,5,13,0,0,0,3
2024,25,2024-08-24,Gabba,Brisbane Lions,Essendon,Essendon,Jade Gresham,6,3,7,1,1,0,0
2024,25,2024-08-24,Gabba,Brisbane Lions,Essendon,Essendon,Matt Guelfi,0,0,5,0,0,0,1
2024,25,2024-08-24,Gabba,Brisbane Lions,Essendon,Essendon,Dyson Heppell,18,5,16,0,0,0,1
2024,25,2024-08-24,Gabba,Brisbane Lions,Essendon,Essendon,Ben Hobbs,3,1,4,1,0,0,1
2024,25,2024-08-24,Gabba,Brisbane Lions,Essendon,Essendon,Harry Jones,4,3,7,0,0,0,3
2024,25,2024-08-24,Gabba,Brisbane Lions,Essendon,Essendon,Jake Kelly,10,4,11,0,0,0,2
2024,25,2024-08-24,Gabba,Brisbane Lions,Essendon,Essendon,Kyle Langford,14,10,11,3,0,0,5
2024,25,2024-08-24,Gabba,Brisbane Lions,Essendon,Essendon,Jayden Laverde,14,7,9,0,0,0,1
2024,25,2024-08-24,Gabba,Brisbane Lions,Essendon,Essendon,Nic Martin,16,11,12,1,1,0,2
2024,25,2024-08-24,Gabba,Brisbane Lions,Essendon,Essendon,Andrew McGrath,19,3,15,0,0,0,0
2024,25,2024-08-24,Gabba,Brisbane Lions,Essendon,Essendon,Ben McKay,3,1,6,0,0,0,1
2024,25,2024-08-24,Gabba,Brisbane Lions,Essendon,Essendon,Zach Merrett,23,8,14,1,1,0,5
2024,25,2024-08-24,Gabba,Brisbane Lions,Essendon,Essendon,Darcy Parish,12,6,14,0,1,0,4
2024,25,2024-08-24,Gabba,Brisbane Lions,Essendon,Essendon,Archie Perkins,12,7,3,0,1,0,1
2024,25,2024-08-24,Gabba,Brisbane Lions,Essendon,Essendon,Mason Redman,19,9,3,0,0,0,2
2024,25,2024-08-24,Gabba,Brisbane Lions,Essendon,Essendon,Archie Roberts,15,6,13,0,0,0,3
2024,25,2024-08-24,Gabba,Brisbane Lions,Essendon,Essendon,Dylan Shiel,8,5,11,0,0,0,0
2024,25,2024-08-24,Gabba,Brisbane Lions,Essendon,Essendon,Jake Stringer,4,4,1,2,1,0,0
2024,25,2024-08-24,S.C.G.,Sydney,Adelaide,Sydney,Taylor Adams,6,3,11,0,0,0,6
2024,25,2024-08-24,S.C.G.,Sydney,Adelaide,Sydney,Joel Amartey,6,4,4,2,1,0,0
2024,25,2024-08-24,S.C.G.,Sydney,Adelaide,Sydney,Nick Blakey,25,14,7,2,0,0,1
2024,25,2024-08-24,S.C.G.,Sydney,Adelaide,Sydney,Braeden Campbell,9,6,5,0,0,0,1
2024,25,2024-08-24,S.C.G.,Sydney,Adelaide,Sydney,Caiden Cleary,7,2,9,0,1,0,1
2024,25,2024-08-24,S.C.G.,Sydney,Adelaide,Sydney,Harry Cunningham,15,8,7,0,0,0,0
2024,25,2024-08-24,S.C.G.,Sydney,Adelaide,Sydney,Oliver Florent,12,5,10,1,1,0,2
2024,25,2024-08-24,S.C.G.,Sydney,Adelaide,Sydney,Robbie Fox,1,1,1,0,0,0,0
2024,25,2024-08-24,S.C.G.,Sydney,Adelaide,Sydney,Aaron Francis,8,7,1,0,0,0,2
2024,25,2024-08-24,S.C.G.,Sydney,Adelaide,Sydney,Brodie Grundy,8,1,7,0,0,26,4
2024,25,2024-08-24,S.C.G.,Sydney,Adelaide,Sydney,Errol Gulden,14,4,10,2,0,0,3
2024,25,2024-08-24,S.C.G.,Sydney,Adelaide,Sydney,Will Hayward,9,5,2,0,2,0,0
2024,25,2024-08-24,S.C.G.,Sydney,Adelaide,Sydney,James Jordon,6,1,12,0,0,0,4
2024,25,2024-08-24,S.C.G.,Sydney,Adelaide,Sydney,Jake Lloyd,13,7,4,0,0,0,3
2024,25,2024-08-24,S.C.G.,Sydney,Adelaide,Sydney,Logan McDonald,10,6,7,3,0,0,2
2024,25,2024-08-24,S.C.G.,Sydney,Adelaide,Sydney,Hayden McLean,5,6,5,1,1,6,3
2024,25,2024-08-24,S.C.G.,Sydney,Adelaide,Sydney,Lewis Melican,9,4,1,1,0,0,1
2024,25,2024-08-24,S.C.G.,Sydney,Adelaide,Sydney,Callum Mills,17,10,10,0,0,0,2
2024,25,2024-08-24,S.C.G.,Sydney,Adelaide,Sydney,Luke Parker,10,6,9,3,1,0,0
2024,25,2024-08-24,S.C.G.,Sydney,Adelaide,Sydney,Dane Rampe,7,5,3,1,0,0,0
2024,25,2024-08-24,S.C.G.,Sydney,Adelaide,Sydney,Matt Roberts,23,10,8,0,0,0,3
2024,25,2024-08-24,S.C.G.,Sydney,Adelaide,Sydney,James Rowbottom,7,4,14,1,0,0,9
2024,25,2024-08-24,S.C.G.,Sydney,Adelaide,Sydney,Chad Warner,15,3,7,1,1,0,1
2024,25,2024-08-24,S.C.G.,Sydney,Adelaide,Adelaide,Sam Berry,8,0,14,1,0,0,4
2024,25,2024-08-24,S.C.G.,Sydney,Adelaide,Adelaide,Hugh Bond,2,0,5,0,0,0,6
2024,25,2024-08-24,S.C.G.,Sydney,Adelaide,Adelaide,James Borlase,1,0,7,0,0,0,1
2024,25,2024-08-24,S.C.G.,Sydney,Adelaide,Adelaide,Matt Crouch,9,1,19,0,0,0,2
2024,25,2024-08-24,S.C.G.,Sydney,Adelaide,Adelaide,Daniel Curtin,7,4,3,1,0,0,1
2024,25,2024-08-24,S.C.G.,Sydney,Adelaide,Adelaide,Jordan Dawson,14,2,11,1,0,0,6
2024,25,2024-08-24,S.C.G.,Sydney,Adelaide,Adelaide,Billy Dowling,12,8,9,0,1,0,1
2024,25,2024-08-24,S.C.G.,Sydney,Adelaide,Adelaide,Darcy Fogarty,9,5,2,0,0,0,0
2024,25,2024-08-24,S.C.G.,Sydney,Adelaide,Adelaide,Mitch Hinge,10,2,7,0,0,0,2
2024,25,2024-08-24,S.C.G.,Sydney,Adelaide,Adelaide,Chayce Jones,4,2,2,0,1,0,3
2024,25,2024-08-24,S.C.G.,Sydney,Adelaide,Adelaide,Ben Keays,11,2,10,1,3,0,2
2024,25,2024-08-24,S.C.G.,Sydney,Adelaide,Adelaide,Rory Laird,9,6,19,0,0,0,2
2024,25,2024-08-24,S.C.G.,Sydney,Adelaide,Adelaide,Max Michalanney,4,4,7,0,0,0,3
2024,25,2024-08-24,S.C.G.,Sydney,Adelaide,Adelaide,Lachlan Murphy,5,3,8,0,0,0,2
2024,25,2024-08-24,S.C.G.,Sydney,Adelaide,Adelaide,Nick Murray,4,0,3,0,0,0,3
2024,25,2024-08-24,S.C.G.,Sydney,Adelaide,Adelaide,Luke Nankervis,12,5,7,1,0,0,1
2024,25,2024-08-24,S.C.G.,Sydney,Adelaide,Adelaide,Reilly OBrien,6,3,5,0,1,38,2
2024,25,2024-08-24,S.C.G.,Sydney,Adelaide,Adelaide,Lachlan Sholl,12,1,6,0,1,0,3
2024,25,2024-08-24,S.C.G.,Sydney,Adelaide,Adelaide,Jake Soligo,13,4,12,0,1,0,3
2024,25,2024-08-24,S.C.G.,Sydney,Adelaide,Adelaide,Zac Taylor,7,3,6,3,1,0,1
2024,25,2024-08-24,S.C.G.,Sydney,Adelaide,Adelaide,Riley Thilthorpe,12,8,4,3,3,6,3
2024,25,2024-08-24,S.C.G.,Sydney,Adelaide,Adelaide,Taylor Walker,4,4,1,2,0,0,0
2024,25,2024-08-24,S.C.G.,Sydney,Adelaide,Adelaide,Josh Worrell,8,4,7,0,0,0,0
2024,25,2024-08-25,Eureka Stadium,Western Bulldogs,Greater Western Sydney,Western Bulldogs,Marcus Bontempelli,12,0,10,1,0,0,7
2024,25,2024-08-25,Eureka Stadium,Western Bulldogs,Greater Western Sydney,Western Bulldogs,Lachlan Bramble,8,0,7,0,1,0,0
2024,25,2024-08-25,Eureka Stadium,Western Bulldogs,Greater Western Sydney,Western Bulldogs,Bailey Dale,18,3,9,1,0,0,2
2024,25,2024-08-25,Eureka Stadium,Western Bulldogs,Greater Western Sydney,Western Bulldogs,Caleb Daniel,11,4,12,1,0,0,3
2024,25,2024-08-25,Eureka Stadium,Western Bulldogs,Greater Western Sydney,Western Bulldogs,Sam Darcy,8,1,4,2,0,7,3
2024,25,2024-08-25,Eureka Stadium,Western Bulldogs,Greater Western Sydney,Western Bulldogs,Taylor Duryea,10,3,8,0,0,0,2
2024,25,2024-08-25,Eureka Stadium,Western Bulldogs,Greater Western Sydney,Western Bulldogs,Tim English,9,7,8,0,0,18,2
2024,25,2024-08-25,Eureka Stadium,Western Bulldogs,Greater Western Sydney,Western Bulldogs,Joel Freijah,8,2,8,0,1,0,4
2024,25,2024-08-25,Eureka Stadium,Western Bulldogs,Greater Western Sydney,Western Bulldogs,Harvey Gallagher,9,3,4,1,1,0,9
2024,25,2024-08-25,Eureka Stadium,Western Bulldogs,Greater Western Sydney,Western Bulldogs,Arthur Jones,5,4,3,1,1,0,0
2024,25,2024-08-25,Eureka Stadium,Western Bulldogs,Greater Western Sydney,Western Bulldogs,Liam Jones,3,2,2,0,0,0,0
2024,25,2024-08-25,Eureka Stadium,Western Bulldogs,Greater Western Sydney,Western Bulldogs,Tom Liberatore,8,0,16,1,1,0,5
2024,25,2024-08-25,Eureka Stadium,Western Bulldogs,Greater Western Sydney,Western Bulldogs,Rory Lobb,6,3,4,0,0,0,2
2024,25,2024-08-25,Eureka Stadium,Western Bulldogs,Greater Western Sydney,Western Bulldogs,Jack Macrae,8,2,15,0,0,0,7
2024,25,2024-08-25,Eureka Stadium,Western Bulldogs,Greater Western Sydney,Western Bulldogs,Lachlan McNeil,5,1,4,0,1,0,1
2024,25,2024-08-25,Eureka Stadium,Western Bulldogs,Greater Western Sydney,Western Bulldogs,Aaron Naughton,6,4,4,2,0,0,2
2024,25,2024-08-25,Eureka Stadium,Western Bulldogs,Greater Western Sydney,Western Bulldogs,James ODonnell,9,2,2,0,0,0,2
2024,25,2024-08-25,Eureka Stadium,Western Bulldogs,Greater Western Sydney,Western Bulldogs,Ed Richards,15,3,14,2,1,0,4
2024,25,2024-08-25,Eureka Stadium,Western Bulldogs,Greater Western Sydney,Western Bulldogs,Adam Treloar,11,3,13,0,0,0,6
2024,25,2024-08-25,Eureka Stadium,Western Bulldogs,Greater Western Sydney,Western Bulldogs,Jamarra Ugle-Hagan,12,4,1,0,1,0,4
2024,25,2024-08-25,Eureka Stadium,Western Bulldogs,Greater Western Sydney,Western Bulldogs,Laitham Vandermeer,1,1,0,0,0,0,2
2024,25,2024-08-25,Eureka Stadium,Western Bulldogs,Greater Western Sydney,Western Bulldogs,Cody Weightman,8,1,11,1,2,0,6
2024,25,2024-08-25,Eureka Stadium,Western Bulldogs,Greater Western Sydney,Western Bulldogs,Bailey Williams,13,6,9,1,0,0,2
2024,25,2024-08-25,Eureka Stadium,Western Bulldogs,Greater Western Sydney,Greater Western Sydney,Kieren Briggs,5,3,9,0,0,32,4
2024,25,2024-08-25,Eureka Stadium,Western Bulldogs,Greater Western Sydney,Greater Western Sydney,Callum Brown,2,0,1,0,0,0,2
2024,25,2024-08-25,Eureka Stadium,Western Bulldogs,Greater Western Sydney,Greater Western Sydney,Jack Buckley,8,6,6,0,0,0,4
2024,25,2024-08-25,Eureka Stadium,Western Bulldogs,Greater Western Sydney,Greater Western Sydney,Aaron Cadman,4,2,5,2,0,0,1
2024,25,2024-08-25,Eureka Stadium,Western Bulldogs,Greater Western Sydney,Greater Western Sydney,Finn Callaghan,10,3,16,0,0,0,2
2024,25,2024-08-25,Eureka Stadium,Western Bulldogs,Greater Western Sydney,Greater Western Sydney,Stephen Coniglio,8,0,11,0,0,0,0
2024,25,2024-08-25,Eureka Stadium,Western Bulldogs,Greater Western Sydney,Greater Western Sydney,Tom Green,11,2,26,1,0,0,0
2024,25,2024-08-25,Eureka Stadium,Western Bulldogs,Greater Western Sydney,Greater Western Sydney,Toby Greene,10,3,1,2,3,0,5
2024,25,2024-08-25,Eureka Stadium,Western Bulldogs,Greater Western Sydney,Greater Western Sydney,Nick Haynes,10,2,4,0,0,0,1
2024,25,2024-08-25,Eureka Stadium,Western Bulldogs,Greater Western Sydney,Greater Western Sydney,Harry Himmelberg,17,8,5,0,0,0,1
2024,25,2024-08-25,Eureka Stadium,Western Bulldogs,Greater Western Sydney,Greater Western Sydney,Jesse Hogan,8,6,4,2,2,0,2
2024,25,2024-08-25,Eureka Stadium,Western Bulldogs,Greater Western Sydney,Greater Western Sydney,Connor Idun,8,3,11,0,0,0,0
2024,25,2024-08-25,Eureka Stadium,Western Bulldogs,Greater Western Sydney,Greater Western Sydney,Darcy Jones,2,0,5,0,0,0,3
2024,25,2024-08-25,Eureka Stadium,Western Bulldogs,Greater Western Sydney,Greater Western Sydney,Lachlan Keeffe,1,0,5,0,0,21,5
2024,25,2024-08-25,Eureka Stadium,Western Bulldogs,Greater Western Sydney,Greater Western Sydney,Josh Kelly,18,3,8,1,0,0,3
2024,25,2024-08-25,Eureka Stadium,Western Bulldogs,Greater Western Sydney,Greater Western Sydney,Toby McMullin,5,3,5,1,0,0,6
2024,25,2024-08-25,Eureka Stadium,Western Bulldogs,Greater Western Sydney,Greater Western Sydney,Xavier OHalloran,3,0,5,0,0,0,3
2024,25,2024-08-25,Eureka Stadium,Western Bulldogs,Greater Western Sydney,Greater Western Sydney,James Peatling,9,1,6,0,0,0,9
2024,25,2024-08-25,Eureka Stadium,Western Bulldogs,Greater Western Sydney,Greater Western Sydney,Harry Perryman,8,3,10,0,0,0,1
2024,25,2024-08-25,Eureka Stadium,Western Bulldogs,Greater Western Sydney,Greater Western Sydney,Sam Taylor,5,5,10,0,0,0,5
2024,25,2024-08-25,Eureka Stadium,Western Bulldogs,Greater Western Sydney,Greater Western Sydney,Harvey Thomas,1,1,2,0,0,0,2
2024,25,2024-08-25,Eureka Stadium,Western Bulldogs,Greater Western Sydney,Greater Western Sydney,Callan Ward,6,5,11,0,1,0,2
2024,25,2024-08-25,Eureka Stadium,Western Bulldogs,Greater Western Sydney,Greater Western Sydney,Lachie Whitfield,29,9,13,0,0,0,3
2024,25,2024-08-25,Docklands,Carlton,St Kilda,Carlton,Blake Acres,16,9,3,2,2,0,2
2024,25,2024-08-25,Docklands,Carlton,St Kilda,Carlton,Jaxon Binns,12,6,4,1,0,0,1
2024,25,2024-08-25,Docklands,Carlton,St Kilda,Carlton,Jack Carroll,7,5,1,1,1,0,1
2024,25,2024-08-25,Docklands,Carlton,St Kilda,Carlton,Alex Cincotta,5,6,10,0,0,0,2
2024,25,2024-08-25,Docklands,Carlton,St Kilda,Carlton,Lachlan Cowan,9,2,3,0,0,0,1
2024,25,2024-08-25,Docklands,Carlton,St Kilda,Carlton,Patrick Cripps,12,4,18,0,0,0,9
2024,25,2024-08-25,Docklands,Carlton,St Kilda,Carlton,Corey Durdin,3,3,1,0,1,0,2
2024,25,2024-08-25,Docklands,Carlton,St Kilda,Carlton,Orazio Fantasia,7,1,3,1,0,0,2
2024,25,2024-08-25,Docklands,Carlton,St Kilda,Carlton,George Hewett,16,6,16,1,0,0,6
2024,25,2024-08-25,Docklands,Carlton,St Kilda,Carlton,Elijah Hollands,14,7,8,0,1,0,1
2024,25,2024-08-25,Docklands,Carlton,St Kilda,Carlton,Oliver Hollands,16,6,5,0,0,0,5
2024,25,2024-08-25,Docklands,Carlton,St Kilda,Carlton,Brodie Kemp,5,2,2,1,1,0,2
2024,25,2024-08-25,Docklands,Carlton,St Kilda,Carlton,Matthew Kennedy,8,5,6,0,1,0,2
2024,25,2024-08-25,Docklands,Carlton,St Kilda,Carlton,Cooper Lord,7,5,12,0,0,0,7
2024,25,2024-08-25,Docklands,Carlton,St Kilda,Carlton,Ashton Moir,2,1,2,1,0,0,2
2024,25,2024-08-25,Docklands,Carlton,St Kilda,Carlton,Jesse Motlop,2,0,2,1,1,0,2
2024,25,2024-08-25,Docklands,Carlton,St Kilda,Carlton,Nic Newman,28,16,7,0,0,0,2
2024,25,2024-08-25,Docklands,Carlton,St Kilda,Carlton,Matthew Owies,5,2,6,1,0,0,2
2024,25,2024-08-25,Docklands,Carlton,St Kilda,Carlton,Marc Pittonet,5,0,6,1,0,23,5
2024,25,2024-08-25,Docklands,Carlton,St Kilda,Carlton,Adam Saad,12,1,9,0,0,0,2
2024,25,2024-08-25,Docklands,Carlton,St Kilda,Carlton,Sam Walsh,14,4,18,0,0,0,8
2024,25,2024-08-25,Docklands,Carlton,St Kilda,Carlton,Jacob Weitering,14,6,1,0,0,0,1
2024,25,2024-08-25,Docklands,Carlton,St Kilda,Carlton,Lewis Young,7,7,4,0,0,0,2
2024,25,2024-08-25,Docklands,Carlton,St Kilda,St Kilda,Josh Battle,9,6,4,0,0,0,1
2024,25,2024-08-25,Docklands,Carlton,St Kilda,St Kilda,Dan Butler,3,4,6,0,0,0,4
2024,25,2024-08-25,Docklands,Carlton,St Kilda,St Kilda,Ryan Byrnes,14,6,3,1,0,0,0
2024,25,2024-08-25,Docklands,Carlton,St Kilda,St Kilda,Hunter Clark,12,6,11,0,0,0,4
2024,25,2024-08-25,Docklands,Carlton,St Kilda,St Kilda,Paddy Dow,6,2,12,1,0,0,3
2024,25,2024-08-25,Docklands,Carlton,St Kilda,St Kilda,Hugo Garcia,4,1,6,0,0,0,1
2024,25,2024-08-25,Docklands,Carlton,St Kilda,St Kilda,Jack Higgins,9,4,4,2,2,0,1
2024,25,2024-08-25,Docklands,Carlton,St Kilda,St Kilda,Bradley Hill,12,9,2,0,0,0,0
2024,25,2024-08-25,Docklands,Carlton,St Kilda,St Kilda,Dougal Howard,7,7,0,0,0,0,0
2024,25,2024-08-25,Docklands,Carlton,St Kilda,St Kilda,Zak Jones,8,3,11,1,0,0,1
2024,25,2024-08-25,Docklands,Carlton,St Kilda,St Kilda,Rowan Marshall,13,3,6,1,0,37,2
2024,25,2024-08-25,Docklands,Carlton,St Kilda,St Kilda,Tim Membrey,5,5,4,2,0,0,3
2024,25,2024-08-25,Docklands,Carlton,St Kilda,St Kilda,Mitch Owens,9,2,4,0,1,0,2
2024,25,2024-08-25,Docklands,Carlton,St Kilda,St Kilda,Mattaes Phillipou,13,7,7,1,2,0,9
2024,25,2024-08-25,Docklands,Carlton,St Kilda,St Kilda,Cooper Sharman,8,5,3,0,2,4,3
2024,25,2024-08-25,Docklands,Carlton,St Kilda,St Kilda,Jack Sinclair,20,8,8,0,0,0,2
2024,25,2024-08-25,Docklands,Carlton,St Kilda,St Kilda,Jack Steele,11,5,9,0,0,0,6
2024,25,2024-08-25,Docklands,Carlton,St Kilda,St Kilda,Liam Stocker,4,3,5,0,0,0,3
2024,25,2024-08-25,Docklands,Carlton,St Kilda,St Kilda,Nasiah Wanganeen-Milera,17,6,8,0,0,0,1
2024,25,2024-08-25,Docklands,Carlton,St Kilda,St Kilda,Jimmy Webster,10,4,2,0,0,0,2
2024,25,2024-08-25,Docklands,Carlton,St Kilda,St Kilda,Callum Wilkie,4,2,7,0,0,0,0
2024,25,2024-08-25,Docklands,Carlton,St Kilda,St Kilda,Darcy Wilson,13,5,9,0,2,0,4
2024,25,2024-08-25,Docklands,Carlton,St Kilda,St Kilda,Mason Wood,13,8,3,2,0,0,2
2024,25,2024-08-25,Perth Stadium,Fremantle,Port Adelaide,Fremantle,Jye Amiss,3,1,2,1,0,0,0
2024,25,2024-08-25,Perth Stadium,Fremantle,Port Adelaide,Fremantle,Andrew Brayshaw,10,7,23,0,0,0,7
2024,25,2024-08-25,Perth Stadium,Fremantle,Port Adelaide,Fremantle,Heath Chapman,11,6,9,0,0,0,1
2024,25,2024-08-25,Perth Stadium,Fremantle,Port Adelaide,Fremantle,Jordan Clark,13,2,5,0,0,0,7
2024,25,2024-08-25,Perth Stadium,Fremantle,Port Adelaide,Fremantle,Brennan Cox,9,5,7,0,0,0,0
2024,25,2024-08-25,Perth Stadium,Fremantle,Port Adelaide,Fremantle,Josh Draper,5,4,8,0,0,0,0
2024,25,2024-08-25,Perth Stadium,Fremantle,Port Adelaide,Fremantle,Michael Frederick,6,3,2,1,0,0,2
2024,25,2024-08-25,Perth Stadium,Fremantle,Port Adelaide,Fremantle,Nat Fyfe,4,2,14,1,0,0,3
2024,25,2024-08-25,Perth Stadium,Fremantle,Port Adelaide,Fremantle,Luke Jackson,5,2,8,1,1,5,4
2024,25,2024-08-25,Perth Stadium,Fremantle,Port Adelaide,Fremantle,Matthew Johnson,4,1,3,0,1,0,0
2024,25,2024-08-25,Perth Stadium,Fremantle,Port Adelaide,Fremantle,Nathan ODriscoll,7,4,13,1,0,0,4
2024,25,2024-08-25,Perth Stadium,Fremantle,Port Adelaide,Fremantle,Jaeger OMeara,14,5,5,0,0,0,4
2024,25,2024-08-25,Perth Stadium,Fremantle,Port Adelaide,Fremantle,Liam Reidy,4,0,0,0,0,19,5
2024,25,2024-08-25,Perth Stadium,Fremantle,Port Adelaide,Fremantle,Luke Ryan,15,6,6,0,0,0,5
2024,25,2024-08-25,Perth Stadium,Fremantle,Port Adelaide,Fremantle,Caleb Serong,10,1,9,0,3,0,10
2024,25,2024-08-25,Perth Stadium,Fremantle,Port Adelaide,Fremantle,Jeremy Sharp,15,7,8,0,1,0,2
2024,25,2024-08-25,Perth Stadium,Fremantle,Port Adelaide,Fremantle,Sam Sturt,5,5,8,1,1,0,0
2024,25,2024-08-25,Perth Stadium,Fremantle,Port Adelaide,Fremantle,Sam Switkowski,8,4,14,1,1,0,4
2024,25,2024-08-25,Perth Stadium,Fremantle,Port Adelaide,Fremantle,Patrick Voss,4,2,3,2,1,0,3
2024,25,2024-08-25,Perth Stadium,Fremantle,Port Adelaide,Fremantle,Corey Wagner,14,3,5,0,0,0,3
2024,25,2024-08-25,Perth Stadium,Fremantle,Port Adelaide,Fremantle,Brandon Walker,6,2,3,0,0,0,5
2024,25,2024-08-25,Perth Stadium,Fremantle,Port Adelaide,Fremantle,Michael Walters,2,0,2,0,1,0,1
2024,25,2024-08-25,Perth Stadium,Fremantle,Port Adelaide,Fremantle,Hayden Young,12,1,7,0,1,0,3
2024,25,2024-08-25,Perth Stadium,Fremantle,Port Adelaide,Port Adelaide,Aliir Aliir,9,5,4,0,0,0,2
2024,25,2024-08-25,Perth Stadium,Fremantle,Port Adelaide,Port Adelaide,Miles Bergman,11,6,3,0,0,0,2
2024,25,2024-08-25,Perth Stadium,Fremantle,Port Adelaide,Port Adelaide,Travis Boak,11,1,7,0,0,0,2
2024,25,2024-08-25,Perth Stadium,Fremantle,Port Adelaide,Port Adelaide,Jase Burgoyne,12,5,8,0,2,0,4
2024,25,2024-08-25,Perth Stadium,Fremantle,Port Adelaide,Port Adelaide,Ryan Burton,18,5,1,0,1,0,2
2024,25,2024-08-25,Perth Stadium,Fremantle,Port Adelaide,Port Adelaide,Zak Butters,14,2,14,0,2,0,3
2024,25,2024-08-25,Perth Stadium,Fremantle,Port Adelaide,Port Adelaide,Darcy Byrne-Jones,12,3,5,1,0,0,6
2024,25,2024-08-25,Perth Stadium,Fremantle,Port Adelaide,Port Adelaide,Willem Drew,8,1,4,1,0,0,8
2024,25,2024-08-25,Perth Stadium,Fremantle,Port Adelaide,Port Adelaide,Francis Evans,2,1,3,1,0,0,5
2024,25,2024-08-25,Perth Stadium,Fremantle,Port Adelaide,Port Adelaide,Logan Evans,23,6,0,0,0,0,2
2024,25,2024-08-25,Perth Stadium,Fremantle,Port Adelaide,Port Adelaide,Kane Farrell,8,4,5,0,0,0,2
2024,25,2024-08-25,Perth Stadium,Fremantle,Port Adelaide,Port Adelaide,Mitch Georgiades,4,5,5,2,0,0,2
2024,25,2024-08-25,Perth Stadium,Fremantle,Port Adelaide,Port Adelaide,Jason Horne-Francis,13,2,7,2,1,0,2
2024,25,2024-08-25,Perth Stadium,Fremantle,Port Adelaide,Port Adelaide,Lachie Jones,5,6,2,0,0,0,3
2024,25,2024-08-25,Perth Stadium,Fremantle,Port Adelaide,Port Adelaide,Jed McEntee,5,0,2,1,0,0,5
2024,25,2024-08-25,Perth Stadium,Fremantle,Port Adelaide,Port Adelaide,Jackson Mead,9,2,9,0,1,0,3
2024,25,2024-08-25,Perth Stadium,Fremantle,Port Adelaide,Port Adelaide,Esava Ratugolea,3,4,3,0,0,0,3
2024,25,2024-08-25,Perth Stadium,Fremantle,Port Adelaide,Port Adelaide,Willie Rioli,6,2,2,3,0,0,1
2024,25,2024-08-25,Perth Stadium,Fremantle,Port Adelaide,Port Adelaide,Connor Rozee,12,3,7,0,0,0,3
2024,25,2024-08-25,Perth Stadium,Fremantle,Port Adelaide,Port Adelaide,Jordon Sweet,8,4,5,1,1,39,7
2024,25,2024-08-25,Perth Stadium,Fremantle,Port Adelaide,Port Adelaide,Dante Visentini,2,2,2,1,0,11,3
2024,25,2024-08-25,Perth Stadium,Fremantle,Port Adelaide,Port Adelaide,Ollie Wines,17,3,14,0,1,0,2
2024,25,2024-08-25,Perth Stadium,Fremantle,Port Adelaide,Port Adelaide,Brandon Zerk-Thatcher,7,6,2,0,0,0,0
2024,Qualifying Final,2024-09-05,Adelaide Oval,Port Adelaide,Geelong,Port Adelaide,Aliir Aliir,13,7,3,0,0,0,0
2024,Qualifying Final,2024-09-05,Adelaide Oval,Port Adelaide,Geelong,Port Adelaide,Miles Bergman,12,10,5,0,0,0,1
2024,Qualifying Final,2024-09-05,Adelaide Oval,Port Adelaide,Geelong,Port Adelaide,Travis Boak,10,1,10,0,1,0,1
2024,Qualifying Final,2024-09-05,Adelaide Oval,Port Adelaide,Geelong,Port Adelaide,Jase Burgoyne,9,2,5,1,0,0,4
2024,Qualifying Final,2024-09-05,Adelaide Oval,Port Adelaide,Geelong,Port Adelaide,Ryan Burton,18,6,3,1,0,0,3
2024,Qualifying Final,2024-09-05,Adelaide Oval,Port Adelaide,Geelong,Port Adelaide,Zak Butters,4,1,4,0,0,0,1
2024,Qualifying Final,2024-09-05,Adelaide Oval,Port Adelaide,Geelong,Port Adelaide,Darcy Byrne-Jones,13,6,6,0,0,0,0
2024,Qualifying Final,2024-09-05,Adelaide Oval,Port Adelaide,Geelong,Port Adelaide,Charlie Dixon,3,1,0,0,1,7,1
2024,Qualifying Final,2024-09-05,Adelaide Oval,Port Adelaide,Geelong,Port Adelaide,Willem Drew,13,4,8,0,0,0,3
2024,Qualifying Final,2024-09-05,Adelaide Oval,Port Adelaide,Geelong,Port Adelaide,Francis Evans,5,2,1,0,0,0,6
2024,Qualifying Final,2024-09-05,Adelaide Oval,Port Adelaide,Geelong,Port Adelaide,Logan Evans,15,4,0,0,0,0,1
2024,Qualifying Final,2024-09-05,Adelaide Oval,Port Adelaide,Geelong,Port Adelaide,Mitch Georgiades,8,6,5,1,2,0,3
2024,Qualifying Final,2024-09-05,Adelaide Oval,Port Adelaide,Geelong,Port Adelaide,Jason Horne-Francis,13,3,5,1,2,0,3
2024,Qualifying Final,2024-09-05,Adelaide Oval,Port Adelaide,Geelong,Port Adelaide,Lachie Jones,3,2,4,0,0,0,3
2024,Qualifying Final,2024-09-05,Adelaide Oval,Port Adelaide,Geelong,Port Adelaide,Jed McEntee,3,3,3,1,0,0,2
2024,Qualifying Final,2024-09-05,Adelaide Oval,Port Adelaide,Geelong,Port Adelaide,Jackson Mead,5,1,3,0,0,0,3
2024,Qualifying Final,2024-09-05,Adelaide Oval,Port Adelaide,Geelong,Port Adelaide,Quinton Narkle,4,2,0,0,0,0,0
2024,Qualifying Final,2024-09-05,Adelaide Oval,Port Adelaide,Geelong,Port Adelaide,Esava Ratugolea,1,1,5,0,0,0,1
2024,Qualifying Final,2024-09-05,Adelaide Oval,Port Adelaide,Geelong,Port Adelaide,Willie Rioli,7,2,1,1,0,0,3
2024,Qualifying Final,2024-09-05,Adelaide Oval,Port Adelaide,Geelong,Port Adelaide,Connor Rozee,11,3,5,1,1,0,7
2024,Qualifying Final,2024-09-05,Adelaide Oval,Port Adelaide,Geelong,Port Adelaide,Jordon Sweet,2,1,5,0,1,51,2
2024,Qualifying Final,2024-09-05,Adelaide Oval,Port Adelaide,Geelong,Port Adelaide,Ollie Wines,12,5,11,0,1,0,6
2024,Qualifying Final,2024-09-05,Adelaide Oval,Port Adelaide,Geelong,Port Adelaide,Brandon Zerk-Thatcher,10,8,2,0,0,0,0
2024,Qualifying Final,2024-09-05,Adelaide Oval,Port Adelaide,Geelong,Geelong,Tom Atkins,10,2,8,0,0,0,4
2024,Qualifying Final,2024-09-05,Adelaide Oval,Port Adelaide,Geelong,Geelong,Jed Bews,5,4,3,0,0,0,0
2024,Qualifying Final,2024-09-05,Adelaide Oval,Port Adelaide,Geelong,Geelong,Mark Blicavs,8,7,7,0,1,4,1
2024,Qualifying Final,2024-09-05,Adelaide Oval,Port Adelaide,Geelong,Geelong,Jack Bowes,15,7,3,2,0,0,2
2024,Qualifying Final,2024-09-05,Adelaide Oval,Port Adelaide,Geelong,Geelong,Tanner Bruhn,10,6,8,1,0,0,2
2024,Qualifying Final,2024-09-05,Adelaide Oval,Port Adelaide,Geelong,Geelong,Jeremy Cameron,14,5,5,4,3,0,0
2024,Qualifying Final,2024-09-05,Adelaide Oval,Port Adelaide,Geelong,Geelong,Brad Close,7,2,8,0,3,0,0
2024,Qualifying Final,2024-09-05,Adelaide Oval,Port Adelaide,Geelong,Geelong,Patrick Dangerfield,10,4,14,0,0,0,0
2024,Qualifying Final,2024-09-05,Adelaide Oval,Port Adelaide,Geelong,Geelong,Oliver Dempsey,10,6,5,0,1,0,2
2024,Qualifying Final,2024-09-05,Adelaide Oval,Port Adelaide,Geelong,Geelong,Mitch Duncan,10,5,9,0,0,0,5
2024,Qualifying Final,2024-09-05,Adelaide Oval,Port Adelaide,Geelong,Geelong,Zach Guthrie,19,9,8,0,0,0,3
2024,Qualifying Final,2024-09-05,Adelaide Oval,Port Adelaide,Geelong,Geelong,Jack Henry,9,4,1,0,0,0,2
2024,Qualifying Final,2024-09-05,Adelaide Oval,Port Adelaide,Geelong,Geelong,Oliver Henry,7,4,5,1,2,0,4
2024,Qualifying Final,2024-09-05,Adelaide Oval,Port Adelaide,Geelong,Geelong,Max Holmes,17,8,11,0,1,0,3
2024,Qualifying Final,2024-09-05,Adelaide Oval,Port Adelaide,Geelong,Geelong,Lawson Humphries,13,4,7,0,0,0,1
2024,Qualifying Final,2024-09-05,Adelaide Oval,Port Adelaide,Geelong,Geelong,Jake Kolodjashnij,8,5,4,0,0,0,2
2024,Qualifying Final,2024-09-05,Adelaide Oval,Port Adelaide,Geelong,Geelong,Shaun Mannagh,18,3,5,3,1,0,5
2024,Qualifying Final,2024-09-05,Adelaide Oval,Port Adelaide,Geelong,Geelong,Gryan Miers,15,6,6,3,0,0,6
2024,Qualifying Final,2024-09-05,Adelaide Oval,Port Adelaide,Geelong,Geelong,Oisin Mullin,3,2,6,0,1,0,2
2024,Qualifying Final,2024-09-05,Adelaide Oval,Port Adelaide,Geelong,Geelong,Shannon Neale,8,9,1,2,2,0,1
2024,Qualifying Final,2024-09-05,Adelaide Oval,Port Adelaide,Geelong,Geelong,Rhys Stanley,6,2,5,0,0,28,0
2024,Qualifying Final,2024-09-05,Adelaide Oval,Port Adelaide,Geelong,Geelong,Tyson Stengle,9,3,4,4,1,0,2
2024,Qualifying Final,2024-09-05,Adelaide Oval,Port Adelaide,Geelong,Geelong,Zach Tuohy,4,1,0,0,0,0,0
2024,Elimination Final,2024-09-06,M.C.G.,Western Bulldogs,Hawthorn,Western Bulldogs,Marcus Bontempelli,9,5,9,1,0,0,3
2024,Elimination Final,2024-09-06,M.C.G.,Western Bulldogs,Hawthorn,Western Bulldogs,Lachlan Bramble,17,5,2,0,0,0,1
2024,Elimination Final,2024-09-06,M.C.G.,Western Bulldogs,Hawthorn,Western Bulldogs,Bailey Dale,15,4,5,0,0,0,1
2024,Elimination Final,2024-09-06,M.C.G.,Western Bulldogs,Hawthorn,Western Bulldogs,Caleb Daniel,16,6,7,0,1,0,4
2024,Elimination Final,2024-09-06,M.C.G.,Western Bulldogs,Hawthorn,Western Bulldogs,Sam Darcy,8,4,5,1,1,11,1
2024,Elimination Final,2024-09-06,M.C.G.,Western Bulldogs,Hawthorn,Western Bulldogs,Taylor Duryea,8,5,3,0,0,0,5
2024,Elimination Final,2024-09-06,M.C.G.,Western Bulldogs,Hawthorn,Western Bulldogs,Tim English,7,2,8,1,0,21,5
2024,Elimination Final,2024-09-06,M.C.G.,Western Bulldogs,Hawthorn,Western Bulldogs,Joel Freijah,14,7,5,0,1,0,0
2024,Elimination Final,2024-09-06,M.C.G.,Western Bulldogs,Hawthorn,Western Bulldogs,Harvey Gallagher,3,0,2,0,0,0,2
2024,Elimination Final,2024-09-06,M.C.G.,Western Bulldogs,Hawthorn,Western Bulldogs,James Harmes,4,2,4,0,0,0,1
2024,Elimination Final,2024-09-06,M.C.G.,Western Bulldogs,Hawthorn,Western Bulldogs,Liam Jones,4,4,2,0,0,0,0
2024,Elimination Final,2024-09-06,M.C.G.,Western Bulldogs,Hawthorn,Western Bulldogs,Tom Liberatore,9,3,16,0,1,0,4
2024,Elimination Final,2024-09-06,M.C.G.,Western Bulldogs,Hawthorn,Western Bulldogs,Rory Lobb,9,7,4,0,0,0,2
2024,Elimination Final,2024-09-06,M.C.G.,Western Bulldogs,Hawthorn,Western Bulldogs,Jack Macrae,3,1,4,0,0,0,4
2024,Elimination Final,2024-09-06,M.C.G.,Western Bulldogs,Hawthorn,Western Bulldogs,Lachlan McNeil,5,3,5,0,1,0,4
2024,Elimination Final,2024-09-06,M.C.G.,Western Bulldogs,Hawthorn,Western Bulldogs,Aaron Naughton,3,3,5,3,0,3,0
2024,Elimination Final,2024-09-06,M.C.G.,Western Bulldogs,Hawthorn,Western Bulldogs,James ODonnell,8,5,3,0,0,0,1
2024,Elimination Final,2024-09-06,M.C.G.,Western Bulldogs,Hawthorn,Western Bulldogs,Ed Richards,10,4,13,0,0,0,0
2024,Elimination Final,2024-09-06,M.C.G.,Western Bulldogs,Hawthorn,Western Bulldogs,Adam Treloar,15,4,13,1,0,0,4
2024,Elimination Final,2024-09-06,M.C.G.,Western Bulldogs,Hawthorn,Western Bulldogs,Jamarra Ugle-Hagan,2,2,2,0,1,0,1
2024,Elimination Final,2024-09-06,M.C.G.,Western Bulldogs,Hawthorn,Western Bulldogs,Laitham Vandermeer,7,4,4,1,0,0,3
2024,Elimination Final,2024-09-06,M.C.G.,Western Bulldogs,Hawthorn,Western Bulldogs,Cody Weightman,2,0,5,0,1,0,6
2024,Elimination Final,2024-09-06,M.C.G.,Western Bulldogs,Hawthorn,Western Bulldogs,Bailey Williams,13,6,9,1,0,0,2
2024,Elimination Final,2024-09-06,M.C.G.,Western Bulldogs,Hawthorn,Hawthorn,Karl Amon,18,3,4,0,0,0,5
2024,Elimination Final,2024-09-06,M.C.G.,Western Bulldogs,Hawthorn,Hawthorn,Luke Breust,2,2,1,0,1,0,1
2024,Elimination Final,2024-09-06,M.C.G.,Western Bulldogs,Hawthorn,Hawthorn,Mabior Chol,6,2,0,0,1,0,0
2024,Elimination Final,2024-09-06,M.C.G.,Western Bulldogs,Hawthorn,Hawthorn,Massimo DAmbrosio,18,9,14,0,0,0,2
2024,Elimination Final,2024-09-06,M.C.G.,Western Bulldogs,Hawthorn,Hawthorn,Calsher Dear,8,5,2,3,4,0,4
2024,Elimination Final,2024-09-06,M.C.G.,Western Bulldogs,Hawthorn,Hawthorn,Sam Frost,8,5,2,0,0,0,1
2024,Elimination Final,2024-09-06,M.C.G.,Western Bulldogs,Hawthorn,Hawthorn,Jack Ginnivan,10,1,5,1,0,0,4
2024,Elimination Final,2024-09-06,M.C.G.,Western Bulldogs,Hawthorn,Hawthorn,Jack Gunston,2,2,2,1,0,0,1
2024,Elimination Final,2024-09-06,M.C.G.,Western Bulldogs,Hawthorn,Hawthorn,Blake Hardwick,16,12,5,0,0,0,0
2024,Elimination Final,2024-09-06,M.C.G.,Western Bulldogs,Hawthorn,Hawthorn,Jarman Impey,13,3,6,0,0,0,1
2024,Elimination Final,2024-09-06,M.C.G.,Western Bulldogs,Hawthorn,Hawthorn,Connor Macdonald,13,7,10,2,1,0,3
2024,Elimination Final,2024-09-06,M.C.G.,Western Bulldogs,Hawthorn,Hawthorn,Finn Maginness,9,4,7,1,1,0,1
2024,Elimination Final,2024-09-06,M.C.G.,Western Bulldogs,Hawthorn,Hawthorn,Lloyd Meek,8,6,15,1,0,46,5
2024,Elimination Final,2024-09-06,M.C.G.,Western Bulldogs,Hawthorn,Hawthorn,Dylan Moore,13,7,4,0,1,0,5
2024,Elimination Final,2024-09-06,M.C.G.,Western Bulldogs,Hawthorn,Hawthorn,Harry Morrison,15,7,7,0,0,0,2
2024,Elimination Final,2024-09-06,M.C.G.,Western Bulldogs,Hawthorn,Hawthorn,Conor Nash,7,2,9,0,0,4,6
2024,Elimination Final,2024-09-06,M.C.G.,Western Bulldogs,Hawthorn,Hawthorn,Jai Newcombe,17,9,18,1,0,0,4
2024,Elimination Final,2024-09-06,M.C.G.,Western Bulldogs,Hawthorn,Hawthorn,Jack Scrimshaw,18,6,8,0,0,0,1
2024,Elimination Final,2024-09-06,M.C.G.,Western Bulldogs,Hawthorn,Hawthorn,James Sicily,20,11,3,0,0,0,3
2024,Elimination Final,2024-09-06,M.C.G.,Western Bulldogs,Hawthorn,Hawthorn,Josh Ward,11,3,11,0,0,0,9
2024,Elimination Final,2024-09-06,M.C.G.,Western Bulldogs,Hawthorn,Hawthorn,Nick Watson,7,6,4,4,1,0,3
2024,Elimination Final,2024-09-06,M.C.G.,Western Bulldogs,Hawthorn,Hawthorn,Josh Weddle,7,2,7,0,0,1,0
2024,Elimination Final,2024-09-06,M.C.G.,Western Bulldogs,Hawthorn,Hawthorn,James Worpel,11,3,9,0,1,0,4
2024,Qualifying Final,2024-09-07,S.C.G.,Sydney,Greater Western Sydney,Sydney,Joel Amartey,2,0,2,1,0,0,5
2024,Qualifying Final,2024-09-07,S.C.G.,Sydney,Greater Western Sydney,Sydney,Nick Blakey,7,2,8,0,0,0,2
2024,Qualifying Final,2024-09-07,S.C.G.,Sydney,Greater Western Sydney,Sydney,Braeden Campbell,7,3,2,1,0,0,2
2024,Qualifying Final,2024-09-07,S.C.G.,Sydney,Greater Western Sydney,Sydney,Harry Cunningham,9,6,6,0,0,0,7
2024,Qualifying Final,2024-09-07,S.C.G.,Sydney,Greater Western Sydney,Sydney,Oliver Florent,11,5,8,0,0,0,1
2024,Qualifying Final,2024-09-07,S.C.G.,Sydney,Greater Western Sydney,Sydney,Brodie Grundy,8,2,9,0,0,38,3
2024,Qualifying Final,2024-09-07,S.C.G.,Sydney,Greater Western Sydney,Sydney,Errol Gulden,14,3,9,0,0,0,4
2024,Qualifying Final,2024-09-07,S.C.G.,Sydney,Greater Western Sydney,Sydney,Will Hayward,6,3,5,2,0,0,1
2024,Qualifying Final,2024-09-07,S.C.G.,Sydney,Greater Western Sydney,Sydney,Isaac Heeney,16,6,14,3,0,0,5
2024,Qualifying Final,2024-09-07,S.C.G.,Sydney,Greater Western Sydney,Sydney,James Jordon,8,4,4,0,1,0,6
2024,Qualifying Final,2024-09-07,S.C.G.,Sydney,Greater Western Sydney,Sydney,Jake Lloyd,23,14,9,1,2,0,3
2024,Qualifying Final,2024-09-07,S.C.G.,Sydney,Greater Western Sydney,Sydney,Tom McCartin,6,5,1,0,0,0,0
2024,Qualifying Final,2024-09-07,S.C.G.,Sydney,Greater Western Sydney,Sydney,Logan McDonald,7,4,4,1,1,0,1
2024,Qualifying Final,2024-09-07,S.C.G.,Sydney,Greater Western Sydney,Sydney,Justin McInerney,5,1,1,0,0,0,1
2024,Qualifying Final,2024-09-07,S.C.G.,Sydney,Greater Western Sydney,Sydney,Hayden McLean,4,3,4,0,0,6,1
2024,Qualifying Final,2024-09-07,S.C.G.,Sydney,Greater Western Sydney,Sydney,Lewis Melican,5,2,5,0,0,0,1
2024,Qualifying Final,2024-09-07,S.C.G.,Sydney,Greater Western Sydney,Sydney,Callum Mills,13,7,6,0,0,0,2
2024,Qualifying Final,2024-09-07,S.C.G.,Sydney,Greater Western Sydney,Sydney,Tom Papley,12,4,4,2,0,0,3
2024,Qualifying Final,2024-09-07,S.C.G.,Sydney,Greater Western Sydney,Sydney,Luke Parker,8,2,4,0,1,0,1
2024,Qualifying Final,2024-09-07,S.C.G.,Sydney,Greater Western Sydney,Sydney,Dane Rampe,9,3,3,1,0,0,4
2024,Qualifying Final,2024-09-07,S.C.G.,Sydney,Greater Western Sydney,Sydney,Matt Roberts,11,1,4,0,1,0,3
2024,Qualifying Final,2024-09-07,S.C.G.,Sydney,Greater Western Sydney,Sydney,James Rowbottom,9,0,9,1,0,0,11
2024,Qualifying Final,2024-09-07,S.C.G.,Sydney,Greater Western Sydney,Sydney,Chad Warner,19,5,8,0,1,0,2
2024,Qualifying Final,2024-09-07,S.C.G.,Sydney,Greater Western Sydney,Greater Western Sydney,Lachie Ash,7,3,9,0,0,0,4
2024,Qualifying Final,2024-09-07,S.C.G.,Sydney,Greater Western Sydney,Greater Western Sydney,Kieren Briggs,9,3,5,0,0,30,4
2024,Qualifying Final,2024-09-07,S.C.G.,Sydney,Greater Western Sydney,Greater Western Sydney,Jack Buckley,8,6,10,0,0,0,3
2024,Qualifying Final,2024-09-07,S.C.G.,Sydney,Greater Western Sydney,Greater Western Sydney,Aaron Cadman,5,2,2,3,0,0,7
2024,Qualifying Final,2024-09-07,S.C.G.,Sydney,Greater Western Sydney,Greater Western Sydney,Finn Callaghan,13,9,12,0,1,0,1
2024,Qualifying Final,2024-09-07,S.C.G.,Sydney,Greater Western Sydney,Greater Western Sydney,Stephen Coniglio,9,3,5,0,0,0,5
2024,Qualifying Final,2024-09-07,S.C.G.,Sydney,Greater Western Sydney,Greater Western Sydney,Isaac Cumming,11,3,5,0,0,0,4
2024,Qualifying Final,2024-09-07,S.C.G.,Sydney,Greater Western Sydney,Greater Western Sydney,Brent Daniels,7,1,4,0,0,0,7
2024,Qualifying Final,2024-09-07,S.C.G.,Sydney,Greater Western Sydney,Greater Western Sydney,Tom Green,18,1,14,0,0,0,0
2024,Qualifying Final,2024-09-07,S.C.G.,Sydney,Greater Western Sydney,Greater Western Sydney,Toby Greene,8,2,4,0,2,0,2
2024,Qualifying Final,2024-09-07,S.C.G.,Sydney,Greater Western Sydney,Greater Western Sydney,Harry Himmelberg,9,5,6,0,0,0,5
2024,Qualifying Final,2024-09-07,S.C.G.,Sydney,Greater Western Sydney,Greater Western Sydney,Jesse Hogan,10,8,2,3,0,0,0
2024,Qualifying Final,2024-09-07,S.C.G.,Sydney,Greater Western Sydney,Greater Western Sydney,Connor Idun,7,7,11,0,0,0,4
2024,Qualifying Final,2024-09-07,S.C.G.,Sydney,Greater Western Sydney,Greater Western Sydney,Darcy Jones,9,2,7,1,1,0,4
2024,Qualifying Final,2024-09-07,S.C.G.,Sydney,Greater Western Sydney,Greater Western Sydney,Lachlan Keeffe,7,3,3,1,2,12,1
2024,Qualifying Final,2024-09-07,S.C.G.,Sydney,Greater Western Sydney,Greater Western Sydney,Josh Kelly,13,3,14,0,0,0,4
2024,Qualifying Final,2024-09-07,S.C.G.,Sydney,Greater Western Sydney,Greater Western Sydney,Toby McMullin,4,1,3,1,0,0,0
2024,Qualifying Final,2024-09-07,S.C.G.,Sydney,Greater Western Sydney,Greater Western Sydney,Xavier OHalloran,6,2,0,0,0,0,1
2024,Qualifying Final,2024-09-07,S.C.G.,Sydney,Greater Western Sydney,Greater Western Sydney,James Peatling,10,2,5,1,1,0,12
2024,Qualifying Final,2024-09-07,S.C.G.,Sydney,Greater Western Sydney,Greater Western Sydney,Harry Perryman,9,5,4,0,1,0,4
2024,Qualifying Final,2024-09-07,S.C.G.,Sydney,Greater Western Sydney,Greater Western Sydney,Sam Taylor,5,3,7,0,0,0,3
2024,Qualifying Final,2024-09-07,S.C.G.,Sydney,Greater Western Sydney,Greater Western Sydney,Callan Ward,8,4,12,2,0,0,2
2024,Qualifying Final,2024-09-07,S.C.G.,Sydney,Greater Western Sydney,Greater Western Sydney,Lachie Whitfield,18,4,6,0,0,0,6
2024,Elimination Final,2024-09-07,Gabba,Brisbane Lions,Carlton,Brisbane Lions,Callum Ah Chee,7,5,1,2,1,0,1
2024,Elimination Final,2024-09-07,Gabba,Brisbane Lions,Carlton,Brisbane Lions,Harris Andrews,8,6,5,0,0,0,3
2024,Elimination Final,2024-09-07,Gabba,Brisbane Lions,Carlton,Brisbane Lions,Noah Answerth,3,2,3,0,0,0,6
2024,Elimination Final,2024-09-07,Gabba,Brisbane Lions,Carlton,Brisbane Lions,Will Ashcroft,9,6,11,0,0,0,2
2024,Elimination Final,2024-09-07,Gabba,Brisbane Lions,Carlton,Brisbane Lions,Zac Bailey,14,5,4,1,1,0,4
2024,Elimination Final,2024-09-07,Gabba,Brisbane Lions,Carlton,Brisbane Lions,Jarrod Berry,13,8,6,0,0,0,3
2024,Elimination Final,2024-09-07,Gabba,Brisbane Lions,Carlton,Brisbane Lions,Charlie Cameron,7,4,2,2,1,0,4
2024,Elimination Final,2024-09-07,Gabba,Brisbane Lions,Carlton,Brisbane Lions,Joe Daniher,8,4,3,2,2,2,1
2024,Elimination Final,2024-09-07,Gabba,Brisbane Lions,Carlton,Brisbane Lions,Josh Dunkley,5,1,10,0,0,0,5
2024,Elimination Final,2024-09-07,Gabba,Brisbane Lions,Carlton,Brisbane Lions,Jaspa Fletcher,4,3,5,0,0,0,1
2024,Elimination Final,2024-09-07,Gabba,Brisbane Lions,Carlton,Brisbane Lions,Eric Hipwood,9,7,6,0,0,0,2
2024,Elimination Final,2024-09-07,Gabba,Brisbane Lions,Carlton,Brisbane Lions,Ryan Lester,8,5,2,0,0,0,3
2024,Elimination Final,2024-09-07,Gabba,Brisbane Lions,Carlton,Brisbane Lions,Kai Lohmann,6,5,5,2,0,0,2
2024,Elimination Final,2024-09-07,Gabba,Brisbane Lions,Carlton,Brisbane Lions,Hugh McCluggage,17,6,7,0,1,0,8
2024,Elimination Final,2024-09-07,Gabba,Brisbane Lions,Carlton,Brisbane Lions,Oscar McInerney,7,4,7,0,0,30,7
2024,Elimination Final,2024-09-07,Gabba,Brisbane Lions,Carlton,Brisbane Lions,Conor McKenna,5,2,2,0,0,0,3
2024,Elimination Final,2024-09-07,Gabba,Brisbane Lions,Carlton,Brisbane Lions,Logan Morris,8,4,4,2,2,0,0
2024,Elimination Final,2024-09-07,Gabba,Brisbane Lions,Carlton,Brisbane Lions,Lachie Neale,9,1,18,0,2,0,3
2024,Elimination Final,2024-09-07,Gabba,Brisbane Lions,Carlton,Brisbane Lions,Jack Payne,4,1,2,0,0,0,0
2024,Elimination Final,2024-09-07,Gabba,Brisbane Lions,Carlton,Brisbane Lions,Cam Rayner,8,6,4,3,1,0,2
2024,Elimination Final,2024-09-07,Gabba,Brisbane Lions,Carlton,Brisbane Lions,Brandon Starcevich,12,5,2,0,0,0,2
2024,Elimination Final,2024-09-07,Gabba,Brisbane Lions,Carlton,Brisbane Lions,Darcy Wilmot,18,5,3,0,1,0,0
2024,Elimination Final,2024-09-07,Gabba,Brisbane Lions,Carlton,Brisbane Lions,Dayne Zorko,24,5,5,0,0,0,3
2024,Elimination Final,2024-09-07,Gabba,Brisbane Lions,Carlton,Carlton,Blake Acres,14,5,11,1,0,0,0
2024,Elimination Final,2024-09-07,Gabba,Brisbane Lions,Carlton,Carlton,Adam Cerra,9,5,8,0,0,0,3
2024,Elimination Final,2024-09-07,Gabba,Brisbane Lions,Carlton,Carlton,Lachlan Cowan,10,2,3,0,0,0,1
2024,Elimination Final,2024-09-07,Gabba,Brisbane Lions,Carlton,Carlton,Patrick Cripps,11,1,20,1,0,1,3
2024,Elimination Final,2024-09-07,Gabba,Brisbane Lions,Carlton,Carlton,Tom De Koning,6,4,5,0,0,10,2
2024,Elimination Final,2024-09-07,Gabba,Brisbane Lions,Carlton,Carlton,Sam Docherty,12,3,4,1,0,0,2
2024,Elimination Final,2024-09-07,Gabba,Brisbane Lions,Carlton,Carlton,Corey Durdin,1,1,3,0,0,0,2
2024,Elimination Final,2024-09-07,Gabba,Brisbane Lions,Carlton,Carlton,Orazio Fantasia,5,2,6,1,0,0,1
2024,Elimination Final,2024-09-07,Gabba,Brisbane Lions,Carlton,Carlton,George Hewett,17,4,16,1,0,0,3
2024,Elimination Final,2024-09-07,Gabba,Brisbane Lions,Carlton,Carlton,Elijah Hollands,10,3,9,1,1,0,1
2024,Elimination Final,2024-09-07,Gabba,Brisbane Lions,Carlton,Carlton,Oliver Hollands,6,4,4,0,0,0,5
2024,Elimination Final,2024-09-07,Gabba,Brisbane Lions,Carlton,Carlton,Brodie Kemp,4,3,3,0,1,0,0
2024,Elimination Final,2024-09-07,Gabba,Brisbane Lions,Carlton,Carlton,Matthew Kennedy,3,3,2,0,0,0,1
2024,Elimination Final,2024-09-07,Gabba,Brisbane Lions,Carlton,Carlton,Mitch McGovern,10,5,4,0,0,0,1
2024,Elimination Final,2024-09-07,Gabba,Brisbane Lions,Carlton,Carlton,Harry McKay,7,5,2,3,1,1,1
2024,Elimination Final,2024-09-07,Gabba,Brisbane Lions,Carlton,Carlton,Jesse Motlop,6,4,4,0,1,0,4
2024,Elimination Final,2024-09-07,Gabba,Brisbane Lions,Carlton,Carlton,Nic Newman,15,5,9,0,0,0,4
2024,Elimination Final,2024-09-07,Gabba,Brisbane Lions,Carlton,Carlton,Marc Pittonet,7,4,4,2,0,18,0
2024,Elimination Final,2024-09-07,Gabba,Brisbane Lions,Carlton,Carlton,Adam Saad,9,2,7,0,0,0,1
2024,Elimination Final,2024-09-07,Gabba,Brisbane Lions,Carlton,Carlton,Sam Walsh,10,2,18,0,0,0,5
2024,Elimination Final,2024-09-07,Gabba,Brisbane Lions,Carlton,Carlton,Jacob Weitering,9,7,3,0,0,0,0
2024,Elimination Final,2024-09-07,Gabba,Brisbane Lions,Carlton,Carlton,Zac Williams,6,2,6,0,0,0,1
2024,Elimination Final,2024-09-07,Gabba,Brisbane Lions,Carlton,Carlton,Lewis Young,13,9,3,0,1,0,1
2024,Semi Final,2024-09-13,Adelaide Oval,Port Adelaide,Hawthorn,Port Adelaide,Aliir Aliir,5,4,6,0,0,0,1
2024,Semi Final,2024-09-13,Adelaide Oval,Port Adelaide,Hawthorn,Port Adelaide,Miles Bergman,11,3,4,0,0,0,1
2024,Semi Final,2024-09-13,Adelaide Oval,Port Adelaide,Hawthorn,Port Adelaide,Travis Boak,7,4,6,0,0,0,4
2024,Semi Final,2024-09-13,Adelaide Oval,Port Adelaide,Hawthorn,Port Adelaide,Jase Burgoyne,15,9,10,1,0,0,2
2024,Semi Final,2024-09-13,Adelaide Oval,Port Adelaide,Hawthorn,Port Adelaide,Zak Butters,9,1,8,0,1,0,8
2024,Semi Final,2024-09-13,Adelaide Oval,Port Adelaide,Hawthorn,Port Adelaide,Darcy Byrne-Jones,11,0,0,2,0,0,2
2024,Semi Final,2024-09-13,Adelaide Oval,Port Adelaide,Hawthorn,Port Adelaide,Willem Drew,11,1,7,0,0,0,8
2024,Semi Final,2024-09-13,Adelaide Oval,Port Adelaide,Hawthorn,Port Adelaide,Francis Evans,4,2,1,0,0,0,2
2024,Semi Final,2024-09-13,Adelaide Oval,Port Adelaide,Hawthorn,Port Adelaide,Logan Evans,17,5,5,0,0,0,2
2024,Semi Final,2024-09-13,Adelaide Oval,Port Adelaide,Hawthorn,Port Adelaide,Mitch Georgiades,6,5,3,3,2,0,1
2024,Semi Final,2024-09-13,Adelaide Oval,Port Adelaide,Hawthorn,Port Adelaide,Jason Horne-Francis,15,4,4,1,1,0,1
2024,Semi Final,2024-09-13,Adelaide Oval,Port Adelaide,Hawthorn,Port Adelaide,Lachie Jones,9,2,2,0,0,0,3
2024,Semi Final,2024-09-13,Adelaide Oval,Port Adelaide,Hawthorn,Port Adelaide,Will Lorenz,1,0,1,0,0,0,2
2024,Semi Final,2024-09-13,Adelaide Oval,Port Adelaide,Hawthorn,Port Adelaide,Todd Marshall,2,2,3,1,0,0,3
2024,Semi Final,2024-09-13,Adelaide Oval,Port Adelaide,Hawthorn,Port Adelaide,Jackson Mead,5,1,6,0,0,0,4
2024,Semi Final,2024-09-13,Adelaide Oval,Port Adelaide,Hawthorn,Port Adelaide,Quinton Narkle,12,2,1,0,1,0,2
2024,Semi Final,2024-09-13,Adelaide Oval,Port Adelaide,Hawthorn,Port Adelaide,Esava Ratugolea,9,2,5,0,0,3,1
2024,Semi Final,2024-09-13,Adelaide Oval,Port Adelaide,Hawthorn,Port Adelaide,Willie Rioli,11,4,4,2,1,0,3
2024,Semi Final,2024-09-13,Adelaide Oval,Port Adelaide,Hawthorn,Port Adelaide,Connor Rozee,10,4,10,1,0,0,9
2024,Semi Final,2024-09-13,Adelaide Oval,Port Adelaide,Hawthorn,Port Adelaide,Josh Sinn,9,3,2,0,0,0,1
2024,Semi Final,2024-09-13,Adelaide Oval,Port Adelaide,Hawthorn,Port Adelaide,Jordon Sweet,8,0,7,0,0,52,5
2024,Semi Final,2024-09-13,Adelaide Oval,Port Adelaide,Hawthorn,Port Adelaide,Ollie Wines,8,2,15,0,0,0,10
2024,Semi Final,2024-09-13,Adelaide Oval,Port Adelaide,Hawthorn,Port Adelaide,Brandon Zerk-Thatcher,11,9,7,0,0,0,0
2024,Semi Final,2024-09-13,Adelaide Oval,Port Adelaide,Hawthorn,Hawthorn,Karl Amon,17,3,4,0,0,0,2
2024,Semi Final,2024-09-13,Adelaide Oval,Port Adelaide,Hawthorn,Hawthorn,Luke Breust,4,2,2,1,0,0,2
2024,Semi Final,2024-09-13,Adelaide Oval,Port Adelaide,Hawthorn,Hawthorn,Mabior Chol,6,4,1,1,0,1,3
2024,Semi Final,2024-09-13,Adelaide Oval,Port Adelaide,Hawthorn,Hawthorn,Massimo DAmbrosio,12,4,6,0,0,0,5
2024,Semi Final,2024-09-13,Adelaide Oval,Port Adelaide,Hawthorn,Hawthorn,Calsher Dear,1,1,4,1,0,0,4
2024,Semi Final,2024-09-13,Adelaide Oval,Port Adelaide,Hawthorn,Hawthorn,Jack Ginnivan,6,3,3,2,0,0,4
2024,Semi Final,2024-09-13,Adelaide Oval,Port Adelaide,Hawthorn,Hawthorn,Jack Gunston,2,1,0,0,0,0,0
2024,Semi Final,2024-09-13,Adelaide Oval,Port Adelaide,Hawthorn,Hawthorn,Blake Hardwick,9,4,7,0,0,0,5
2024,Semi Final,2024-09-13,Adelaide Oval,Port Adelaide,Hawthorn,Hawthorn,Jarman Impey,8,2,6,0,0,0,5
2024,Semi Final,2024-09-13,Adelaide Oval,Port Adelaide,Hawthorn,Hawthorn,Connor Macdonald,5,3,5,0,0,0,1
2024,Semi Final,2024-09-13,Adelaide Oval,Port Adelaide,Hawthorn,Hawthorn,Finn Maginness,11,6,11,1,0,0,2
2024,Semi Final,2024-09-13,Adelaide Oval,Port Adelaide,Hawthorn,Hawthorn,Lloyd Meek,6,3,9,0,0,35,1
2024,Semi Final,2024-09-13,Adelaide Oval,Port Adelaide,Hawthorn,Hawthorn,Dylan Moore,8,6,8,1,1,0,5
2024,Semi Final,2024-09-13,Adelaide Oval,Port Adelaide,Hawthorn,Hawthorn,Harry Morrison,12,2,11,0,0,0,5
2024,Semi Final,2024-09-13,Adelaide Oval,Port Adelaide,Hawthorn,Hawthorn,Conor Nash,9,2,10,0,0,1,9
2024,Semi Final,2024-09-13,Adelaide Oval,Port Adelaide,Hawthorn,Hawthorn,Jai Newcombe,7,3,24,0,0,0,6
2024,Semi Final,2024-09-13,Adelaide Oval,Port Adelaide,Hawthorn,Hawthorn,Jack Scrimshaw,18,6,4,0,0,0,2
2024,Semi Final,2024-09-13,Adelaide Oval,Port Adelaide,Hawthorn,Hawthorn,Jai Serong,3,1,5,0,0,0,4
2024,Semi Final,2024-09-13,Adelaide Oval,Port Adelaide,Hawthorn,Hawthorn,James Sicily,11,6,8,1,2,0,2
2024,Semi Final,2024-09-13,Adelaide Oval,Port Adelaide,Hawthorn,Hawthorn,Josh Ward,8,4,6,0,0,0,1
2024,Semi Final,2024-09-13,Adelaide Oval,Port Adelaide,Hawthorn,Hawthorn,Nick Watson,5,1,4,3,1,0,2
2024,Semi Final,2024-09-13,Adelaide Oval,Port Adelaide,Hawthorn,Hawthorn,Josh Weddle,6,2,8,0,0,2,4
2024,Semi Final,2024-09-13,Adelaide Oval,Port Adelaide,Hawthorn,Hawthorn,James Worpel,11,2,7,0,1,0,7
2024,Semi Final,2024-09-14,Sydney Showground,Greater Western Sydney,Brisbane Lions,Greater Western Sydney,Lachie Ash,12,3,4,1,0,0,1
2024,Semi Final,2024-09-14,Sydney Showground,Greater Western Sydney,Brisbane Lions,Greater Western Sydney,Toby Bedford,6,2,7,0,1,0,10
2024,Semi Final,2024-09-14,Sydney Showground,Greater Western Sydney,Brisbane Lions,Greater Western Sydney,Kieren Briggs,6,2,7,1,0,55,6
2024,Semi Final,2024-09-14,Sydney Showground,Greater Western Sydney,Brisbane Lions,Greater Western Sydney,Jack Buckley,8,4,2,0,0,0,2
2024,Semi Final,2024-09-14,Sydney Showground,Greater Western Sydney,Brisbane Lions,Greater Western Sydney,Aaron Cadman,8,5,3,1,0,0,3
2024,Semi Final,2024-09-14,Sydney Showground,Greater Western Sydney,Brisbane Lions,Greater Western Sydney,Finn Callaghan,7,0,12,0,0,0,3
2024,Semi Final,2024-09-14,Sydney Showground,Greater Western Sydney,Brisbane Lions,Greater Western Sydney,Stephen Coniglio,1,0,1,0,1,0,0
2024,Semi Final,2024-09-14,Sydney Showground,Greater Western Sydney,Brisbane Lions,Greater Western Sydney,Isaac Cumming,7,4,9,0,1,0,8
2024,Semi Final,2024-09-14,Sydney Showground,Greater Western Sydney,Brisbane Lions,Greater Western Sydney,Brent Daniels,14,0,5,0,1,0,2
2024,Semi Final,2024-09-14,Sydney Showground,Greater Western Sydney,Brisbane Lions,Greater Western Sydney,Tom Green,15,1,18,1,0,0,5
2024,Semi Final,2024-09-14,Sydney Showground,Greater Western Sydney,Brisbane Lions,Greater Western Sydney,Toby Greene,10,1,2,3,1,0,3
2024,Semi Final,2024-09-14,Sydney Showground,Greater Western Sydney,Brisbane Lions,Greater Western Sydney,Harry Himmelberg,16,6,8,0,0,0,6
2024,Semi Final,2024-09-14,Sydney Showground,Greater Western Sydney,Brisbane Lions,Greater Western Sydney,Jesse Hogan,12,8,1,5,1,0,3
2024,Semi Final,2024-09-14,Sydney Showground,Greater Western Sydney,Brisbane Lions,Greater Western Sydney,Connor Idun,7,6,8,0,0,0,3
2024,Semi Final,2024-09-14,Sydney Showground,Greater Western Sydney,Brisbane Lions,Greater Western Sydney,Darcy Jones,3,0,4,0,0,0,6
2024,Semi Final,2024-09-14,Sydney Showground,Greater Western Sydney,Brisbane Lions,Greater Western Sydney,Lachlan Keeffe,2,1,5,0,1,14,5
2024,Semi Final,2024-09-14,Sydney Showground,Greater Western Sydney,Brisbane Lions,Greater Western Sydney,Josh Kelly,6,4,14,0,0,0,2
2024,Semi Final,2024-09-14,Sydney Showground,Greater Western Sydney,Brisbane Lions,Greater Western Sydney,Xavier OHalloran,7,3,3,1,1,0,2
2024,Semi Final,2024-09-14,Sydney Showground,Greater Western Sydney,Brisbane Lions,Greater Western Sydney,James Peatling,7,0,3,2,0,0,7
2024,Semi Final,2024-09-14,Sydney Showground,Greater Western Sydney,Brisbane Lions,Greater Western Sydney,Harry Perryman,13,6,3,0,0,0,1
2024,Semi Final,2024-09-14,Sydney Showground,Greater Western Sydney,Brisbane Lions,Greater Western Sydney,Sam Taylor,5,6,7,0,0,0,0
2024,Semi Final,2024-09-14,Sydney Showground,Greater Western Sydney,Brisbane Lions,Greater Western Sydney,Callan Ward,11,9,10,0,0,0,3
2024,Semi Final,2024-09-14,Sydney Showground,Greater Western Sydney,Brisbane Lions,Greater Western Sydney,Lachie Whitfield,12,5,7,0,0,0,4
2024,Semi Final,2024-09-14,Sydney Showground,Greater Western Sydney,Brisbane Lions,Brisbane Lions,Callum Ah Chee,12,3,5,1,3,0,3
2024,Semi Final,2024-09-14,Sydney Showground,Greater Western Sydney,Brisbane Lions,Brisbane Lions,Harris Andrews,8,6,5,0,0,0,1
2024,Semi Final,2024-09-14,Sydney Showground,Greater Western Sydney,Brisbane Lions,Brisbane Lions,Noah Answerth,7,2,6,0,0,0,11
2024,Semi Final,2024-09-14,Sydney Showground,Greater Western Sydney,Brisbane Lions,Brisbane Lions,Will Ashcroft,17,5,10,0,2,0,5
2024,Semi Final,2024-09-14,Sydney Showground,Greater Western Sydney,Brisbane Lions,Brisbane Lions,Zac Bailey,5,5,6,1,0,0,0
2024,Semi Final,2024-09-14,Sydney Showground,Greater Western Sydney,Brisbane Lions,Brisbane Lions,Jarrod Berry,12,6,15,0,0,0,3
2024,Semi Final,2024-09-14,Sydney Showground,Greater Western Sydney,Brisbane Lions,Brisbane Lions,Charlie Cameron,9,2,2,2,1,0,1
2024,Semi Final,2024-09-14,Sydney Showground,Greater Western Sydney,Brisbane Lions,Brisbane Lions,Joe Daniher,9,5,4,4,1,0,2
2024,Semi Final,2024-09-14,Sydney Showground,Greater Western Sydney,Brisbane Lions,Brisbane Lions,Josh Dunkley,12,5,11,0,0,0,4
2024,Semi Final,2024-09-14,Sydney Showground,Greater Western Sydney,Brisbane Lions,Brisbane Lions,Jaspa Fletcher,6,3,7,1,0,0,1
2024,Semi Final,2024-09-14,Sydney Showground,Greater Western Sydney,Brisbane Lions,Brisbane Lions,Eric Hipwood,5,5,2,1,1,0,1
2024,Semi Final,2024-09-14,Sydney Showground,Greater Western Sydney,Brisbane Lions,Brisbane Lions,Ryan Lester,8,5,3,0,0,0,3
2024,Semi Final,2024-09-14,Sydney Showground,Greater Western Sydney,Brisbane Lions,Brisbane Lions,Kai Lohmann,8,3,1,2,0,0,3
2024,Semi Final,2024-09-14,Sydney Showground,Greater Western Sydney,Brisbane Lions,Brisbane Lions,Hugh McCluggage,12,4,12,0,0,0,5
2024,Semi Final,2024-09-14,Sydney Showground,Greater Western Sydney,Brisbane Lions,Brisbane Lions,Oscar McInerney,11,4,2,1,1,38,4
2024,Semi Final,2024-09-14,Sydney Showground,Greater Western Sydney,Brisbane Lions,Brisbane Lions,Conor McKenna,6,1,0,0,0,0,0
2024,Semi Final,2024-09-14,Sydney Showground,Greater Western Sydney,Brisbane Lions,Brisbane Lions,Logan Morris,0,0,2,0,0,0,0
2024,Semi Final,2024-09-14,Sydney Showground,Greater Western Sydney,Brisbane Lions,Brisbane Lions,Lachie Neale,8,3,11,0,1,0,4
2024,Semi Final,2024-09-14,Sydney Showground,Greater Western Sydney,Brisbane Lions,Brisbane Lions,Jack Payne,4,2,2,0,0,0,0
2024,Semi Final,2024-09-14,Sydney Showground,Greater Western Sydney,Brisbane Lions,Brisbane Lions,Cam Rayner,5,0,3,0,0,0,4
2024,Semi Final,2024-09-14,Sydney Showground,Greater Western Sydney,Brisbane Lions,Brisbane Lions,Brandon Starcevich,7,2,2,0,0,0,7
2024,Semi Final,2024-09-14,Sydney Showground,Greater Western Sydney,Brisbane Lions,Brisbane Lions,Darcy Wilmot,4,0,5,0,0,0,1
2024,Semi Final,2024-09-14,Sydney Showground,Greater Western Sydney,Brisbane Lions,Brisbane Lions,Dayne Zorko,18,1,7,2,0,0,2
2024,Preliminary Final,2024-09-20,S.C.G.,Sydney,Port Adelaide,Sydney,Joel Amartey,11,5,5,3,2,0,2
2024,Preliminary Final,2024-09-20,S.C.G.,Sydney,Port Adelaide,Sydney,Nick Blakey,17,6,4,0,0,0,0
2024,Preliminary Final,2024-09-20,S.C.G.,Sydney,Port Adelaide,Sydney,Braeden Campbell,6,3,2,0,0,0,6
2024,Preliminary Final,2024-09-20,S.C.G.,Sydney,Port Adelaide,Sydney,Harry Cunningham,11,10,2,0,0,0,5
2024,Preliminary Final,2024-09-20,S.C.G.,Sydney,Port Adelaide,Sydney,Oliver Florent,17,5,6,0,2,0,0
2024,Preliminary Final,2024-09-20,S.C.G.,Sydney,Port Adelaide,Sydney,Robbie Fox,1,1,2,0,0,0,0
2024,Preliminary Final,2024-09-20,S.C.G.,Sydney,Port Adelaide,Sydney,Brodie Grundy,5,4,10,0,0,28,2
2024,Preliminary Final,2024-09-20,S.C.G.,Sydney,Port Adelaide,Sydney,Errol Gulden,20,6,7,0,0,0,3
2024,Preliminary Final,2024-09-20,S.C.G.,Sydney,Port Adelaide,Sydney,Will Hayward,9,8,6,0,1,0,5
2024,Preliminary Final,2024-09-20,S.C.G.,Sydney,Port Adelaide,Sydney,Isaac Heeney,16,6,8,2,1,0,6
2024,Preliminary Final,2024-09-20,S.C.G.,Sydney,Port Adelaide,Sydney,James Jordon,6,2,4,0,0,0,3
2024,Preliminary Final,2024-09-20,S.C.G.,Sydney,Port Adelaide,Sydney,Jake Lloyd,11,9,9,1,0,0,1
2024,Preliminary Final,2024-09-20,S.C.G.,Sydney,Port Adelaide,Sydney,Tom McCartin,12,8,3,0,0,0,0
2024,Preliminary Final,2024-09-20,S.C.G.,Sydney,Port Adelaide,Sydney,Logan McDonald,10,7,0,2,1,0,1
2024,Preliminary Final,2024-09-20,S.C.G.,Sydney,Port Adelaide,Sydney,Justin McInerney,13,7,6,0,1,0,0
2024,Preliminary Final,2024-09-20,S.C.G.,Sydney,Port Adelaide,Sydney,Hayden McLean,8,7,8,1,1,2,1
2024,Preliminary Final,2024-09-20,S.C.G.,Sydney,Port Adelaide,Sydney,Lewis Melican,9,7,5,0,0,0,1
2024,Preliminary Final,2024-09-20,S.C.G.,Sydney,Port Adelaide,Sydney,Tom Papley,6,3,2,3,0,0,0
2024,Preliminary Final,2024-09-20,S.C.G.,Sydney,Port Adelaide,Sydney,Luke Parker,5,4,3,0,1,0,1
2024,Preliminary Final,2024-09-20,S.C.G.,Sydney,Port Adelaide,Sydney,Dane Rampe,13,8,1,0,0,0,3
2024,Preliminary Final,2024-09-20,S.C.G.,Sydney,Port Adelaide,Sydney,Matt Roberts,14,9,4,0,0,0,0
2024,Preliminary Final,2024-09-20,S.C.G.,Sydney,Port Adelaide,Sydney,James Rowbottom,10,2,8,0,0,0,11
2024,Preliminary Final,2024-09-20,S.C.G.,Sydney,Port Adelaide,Sydney,Chad Warner,14,4,7,2,0,0,1
2024,Preliminary Final,2024-09-20,S.C.G.,Sydney,Port Adelaide,Port Adelaide,Aliir Aliir,12,8,3,0,0,0,1
2024,Preliminary Final,2024-09-20,S.C.G.,Sydney,Port Adelaide,Port Adelaide,Miles Bergman,5,5,10,0,0,0,1
2024,Preliminary Final,2024-09-20,S.C.G.,Sydney,Port Adelaide,Port Adelaide,Travis Boak,15,6,7,1,1,0,2
2024,Preliminary Final,2024-09-20,S.C.G.,Sydney,Port Adelaide,Port Adelaide,Jase Burgoyne,11,4,8,1,0,0,4
2024,Preliminary Final,2024-09-20,S.C.G.,Sydney,Port Adelaide,Port Adelaide,Ryan Burton,17,5,6,1,0,0,1
2024,Preliminary Final,2024-09-20,S.C.G.,Sydney,Port Adelaide,Port Adelaide,Zak Butters,10,5,10,0,0,0,2
2024,Preliminary Final,2024-09-20,S.C.G.,Sydney,Port Adelaide,Port Adelaide,Darcy Byrne-Jones,3,3,3,0,0,0,2
2024,Preliminary Final,2024-09-20,S.C.G.,Sydney,Port Adelaide,Port Adelaide,Charlie Dixon,4,3,8,1,0,2,0
2024,Preliminary Final,2024-09-20,S.C.G.,Sydney,Port Adelaide,Port Adelaide,Willem Drew,11,4,6,0,1,0,3
2024,Preliminary Final,2024-09-20,S.C.G.,Sydney,Port Adelaide,Port Adelaide,Francis Evans,1,0,1,0,0,0,1
2024,Preliminary Final,2024-09-20,S.C.G.,Sydney,Port Adelaide,Port Adelaide,Logan Evans,6,1,1,0,1,0,1
2024,Preliminary Final,2024-09-20,S.C.G.,Sydney,Port Adelaide,Port Adelaide,Mitch Georgiades,8,4,0,1,1,0,4
2024,Preliminary Final,2024-09-20,S.C.G.,Sydney,Port Adelaide,Port Adelaide,Jason Horne-Francis,14,4,9,0,0,0,1
2024,Preliminary Final,2024-09-20,S.C.G.,Sydney,Port Adelaide,Port Adelaide,Lachie Jones,3,2,7,0,0,0,1
2024,Preliminary Final,2024-09-20,S.C.G.,Sydney,Port Adelaide,Port Adelaide,Jackson Mead,2,2,3,0,0,0,1
2024,Preliminary Final,2024-09-20,S.C.G.,Sydney,Port Adelaide,Port Adelaide,Quinton Narkle,6,2,1,0,0,0,1
2024,Preliminary Final,2024-09-20,S.C.G.,Sydney,Port Adelaide,Port Adelaide,Esava Ratugolea,2,1,1,0,1,0,3
2024,Preliminary Final,2024-09-20,S.C.G.,Sydney,Port Adelaide,Port Adelaide,Willie Rioli,6,2,1,1,0,0,3
2024,Preliminary Final,2024-09-20,S.C.G.,Sydney,Port Adelaide,Port Adelaide,Connor Rozee,12,1,5,2,0,0,4
2024,Preliminary Final,2024-09-20,S.C.G.,Sydney,Port Adelaide,Port Adelaide,Josh Sinn,9,3,2,0,0,0,2
2024,Preliminary Final,2024-09-20,S.C.G.,Sydney,Port Adelaide,Port Adelaide,Jordon Sweet,6,0,5,0,0,29,5
2024,Preliminary Final,2024-09-20,S.C.G.,Sydney,Port Adelaide,Port Adelaide,Ollie Wines,11,5,7,0,3,0,2
2024,Preliminary Final,2024-09-20,S.C.G.,Sydney,Port Adelaide,Port Adelaide,Brandon Zerk-Thatcher,1,0,2,0,0,0,2
2024,Preliminary Final,2024-09-21,M.C.G.,Geelong,Brisbane Lions,Geelong,Tom Atkins,5,1,7,0,1,0,6
2024,Preliminary Final,2024-09-21,M.C.G.,Geelong,Brisbane Lions,Geelong,Jed Bews,4,2,5,0,0,0,1
2024,Preliminary Final,2024-09-21,M.C.G.,Geelong,Brisbane Lions,Geelong,Mark Blicavs,8,2,1,1,0,12,2
2024,Preliminary Final,2024-09-21,M.C.G.,Geelong,Brisbane Lions,Geelong,Jack Bowes,8,2,5,0,0,0,4
2024,Preliminary Final,2024-09-21,M.C.G.,Geelong,Brisbane Lions,Geelong,Tanner Bruhn,4,2,6,0,0,0,4
2024,Preliminary Final,2024-09-21,M.C.G.,Geelong,Brisbane Lions,Geelong,Jeremy Cameron,12,3,5,2,3,0,1
2024,Preliminary Final,2024-09-21,M.C.G.,Geelong,Brisbane Lions,Geelong,Brad Close,8,2,11,0,0,0,2
2024,Preliminary Final,2024-09-21,M.C.G.,Geelong,Brisbane Lions,Geelong,Patrick Dangerfield,9,2,15,1,0,0,4
2024,Preliminary Final,2024-09-21,M.C.G.,Geelong,Brisbane Lions,Geelong,Oliver Dempsey,9,4,6,1,1,0,2
2024,Preliminary Final,2024-09-21,M.C.G.,Geelong,Brisbane Lions,Geelong,Mitch Duncan,1,1,2,0,0,0,0
2024,Preliminary Final,2024-09-21,M.C.G.,Geelong,Brisbane Lions,Geelong,Zach Guthrie,16,7,2,0,1,0,3
2024,Preliminary Final,2024-09-21,M.C.G.,Geelong,Brisbane Lions,Geelong,Jack Henry,7,3,3,0,0,0,0
2024,Preliminary Final,2024-09-21,M.C.G.,Geelong,Brisbane Lions,Geelong,Oliver Henry,12,3,3,4,1,0,0
2024,Preliminary Final,2024-09-21,M.C.G.,Geelong,Brisbane Lions,Geelong,Max Holmes,16,4,4,0,1,0,2
2024,Preliminary Final,2024-09-21,M.C.G.,Geelong,Brisbane Lions,Geelong,Lawson Humphries,13,4,5,0,0,0,6
2024,Preliminary Final,2024-09-21,M.C.G.,Geelong,Brisbane Lions,Geelong,Jake Kolodjashnij,5,3,5,0,0,0,0
2024,Preliminary Final,2024-09-21,M.C.G.,Geelong,Brisbane Lions,Geelong,Shaun Mannagh,12,1,3,1,2,0,3
2024,Preliminary Final,2024-09-21,M.C.G.,Geelong,Brisbane Lions,Geelong,Gryan Miers,14,4,6,2,0,0,5
2024,Preliminary Final,2024-09-21,M.C.G.,Geelong,Brisbane Lions,Geelong,Oisin Mullin,4,0,6,0,0,0,5
2024,Preliminary Final,2024-09-21,M.C.G.,Geelong,Brisbane Lions,Geelong,Shannon Neale,5,4,4,0,0,0,0
2024,Preliminary Final,2024-09-21,M.C.G.,Geelong,Brisbane Lions,Geelong,Rhys Stanley,7,3,3,0,1,45,3
2024,Preliminary Final,2024-09-21,M.C.G.,Geelong,Brisbane Lions,Geelong,Tyson Stengle,8,2,3,0,1,0,2
2024,Preliminary Final,2024-09-21,M.C.G.,Geelong,Brisbane Lions,Geelong,Tom Stewart,18,5,4,0,0,0,2
2024,Preliminary Final,2024-09-21,M.C.G.,Geelong,Brisbane Lions,Brisbane Lions,Callum Ah Chee,5,3,6,3,0,0,2
2024,Preliminary Final,2024-09-21,M.C.G.,Geelong,Brisbane Lions,Brisbane Lions,Harris Andrews,8,5,4,0,0,0,1
2024,Preliminary Final,2024-09-21,M.C.G.,Geelong,Brisbane Lions,Brisbane Lions,Noah Answerth,14,8,6,0,0,0,8
2024,Preliminary Final,2024-09-21,M.C.G.,Geelong,Brisbane Lions,Brisbane Lions,Will Ashcroft,10,3,12,0,1,0,1
2024,Preliminary Final,2024-09-21,M.C.G.,Geelong,Brisbane Lions,Brisbane Lions,Zac Bailey,13,3,6,2,2,0,2
2024,Preliminary Final,2024-09-21,M.C.G.,Geelong,Brisbane Lions,Brisbane Lions,Jarrod Berry,7,2,13,0,0,0,4
2024,Preliminary Final,2024-09-21,M.C.G.,Geelong,Brisbane Lions,Brisbane Lions,Charlie Cameron,10,6,2,2,0,0,3
2024,Preliminary Final,2024-09-21,M.C.G.,Geelong,Brisbane Lions,Brisbane Lions,Joe Daniher,11,6,2,0,0,9,1
2024,Preliminary Final,2024-09-21,M.C.G.,Geelong,Brisbane Lions,Brisbane Lions,Josh Dunkley,18,6,10,0,0,0,4
2024,Preliminary Final,2024-09-21,M.C.G.,Geelong,Brisbane Lions,Brisbane Lions,Jaspa Fletcher,13,7,4,0,1,0,1
2024,Preliminary Final,2024-09-21,M.C.G.,Geelong,Brisbane Lions,Brisbane Lions,Eric Hipwood,7,5,3,1,0,0,1
2024,Preliminary Final,2024-09-21,M.C.G.,Geelong,Brisbane Lions,Brisbane Lions,Ryan Lester,13,5,7,0,0,0,3
2024,Preliminary Final,2024-09-21,M.C.G.,Geelong,Brisbane Lions,Brisbane Lions,Kai Lohmann,13,4,3,1,3,0,3
2024,Preliminary Final,2024-09-21,M.C.G.,Geelong,Brisbane Lions,Brisbane Lions,Hugh McCluggage,7,5,20,1,0,0,7
2024,Preliminary Final,2024-09-21,M.C.G.,Geelong,Brisbane Lions,Brisbane Lions,Oscar McInerney,4,0,0,0,0,18,0
2024,Preliminary Final,2024-09-21,M.C.G.,Geelong,Brisbane Lions,Brisbane Lions,Conor McKenna,2,0,1,0,0,0,0
2024,Preliminary Final,2024-09-21,M.C.G.,Geelong,Brisbane Lions,Brisbane Lions,Logan Morris,6,5,0,2,0,0,0
2024,Preliminary Final,2024-09-21,M.C.G.,Geelong,Brisbane Lions,Brisbane Lions,Lachie Neale,17,6,14,0,0,0,5
2024,Preliminary Final,2024-09-21,M.C.G.,Geelong,Brisbane Lions,Brisbane Lions,Jack Payne,8,4,3,0,0,0,2
2024,Preliminary Final,2024-09-21,M.C.G.,Geelong,Brisbane Lions,Brisbane Lions,Cam Rayner,14,5,4,2,2,0,5
2024,Preliminary Final,2024-09-21,M.C.G.,Geelong,Brisbane Lions,Brisbane Lions,Brandon Starcevich,10,7,5,0,0,0,1
2024,Preliminary Final,2024-09-21,M.C.G.,Geelong,Brisbane Lions,Brisbane Lions,Darcy Wilmot,14,8,10,0,0,0,0
2024,Preliminary Final,2024-09-21,M.C.G.,Geelong,Brisbane Lions,Brisbane Lions,Dayne Zorko,25,8,7,0,0,0,3
2024,Grand Final,2024-09-28,M.C.G.,Sydney,Brisbane Lions,Sydney,Joel Amartey,3,3,4,0,0,0,0
2024,Grand Final,2024-09-28,M.C.G.,Sydney,Brisbane Lions,Sydney,Nick Blakey,14,8,3,0,1,0,1
2024,Grand Final,2024-09-28,M.C.G.,Sydney,Brisbane Lions,Sydney,Braeden Campbell,3,2,1,0,0,0,3
2024,Grand Final,2024-09-28,M.C.G.,Sydney,Brisbane Lions,Sydney,Harry Cunningham,4,5,4,0,0,0,1
2024,Grand Final,2024-09-28,M.C.G.,Sydney,Brisbane Lions,Sydney,Oliver Florent,14,5,10,0,0,0,1
2024,Grand Final,2024-09-28,M.C.G.,Sydney,Brisbane Lions,Sydney,Robbie Fox,13,6,8,1,0,0,3
2024,Grand Final,2024-09-28,M.C.G.,Sydney,Brisbane Lions,Sydney,Brodie Grundy,8,3,14,0,0,36,2
2024,Grand Final,2024-09-28,M.C.G.,Sydney,Brisbane Lions,Sydney,Errol Gulden,18,5,6,0,0,0,4
2024,Grand Final,2024-09-28,M.C.G.,Sydney,Brisbane Lions,Sydney,Will Hayward,3,1,3,1,0,0,2
2024,Grand Final,2024-09-28,M.C.G.,Sydney,Brisbane Lions,Sydney,Isaac Heeney,8,4,6,1,0,0,1
2024,Grand Final,2024-09-28,M.C.G.,Sydney,Brisbane Lions,Sydney,James Jordon,10,5,3,0,0,0,4
2024,Grand Final,2024-09-28,M.C.G.,Sydney,Brisbane Lions,Sydney,Jake Lloyd,12,7,7,0,0,0,2
2024,Grand Final,2024-09-28,M.C.G.,Sydney,Brisbane Lions,Sydney,Tom McCartin,3,1,4,0,0,0,1
2024,Grand Final,2024-09-28,M.C.G.,Sydney,Brisbane Lions,Sydney,Logan McDonald,1,1,0,0,0,0,0
2024,Grand Final,2024-09-28,M.C.G.,Sydney,Brisbane Lions,Sydney,Justin McInerney,5,4,5,0,0,0,1
2024,Grand Final,2024-09-28,M.C.G.,Sydney,Brisbane Lions,Sydney,Hayden McLean,4,4,3,0,1,6,2
2024,Grand Final,2024-09-28,M.C.G.,Sydney,Brisbane Lions,Sydney,Lewis Melican,4,2,2,0,0,0,0
2024,Grand Final,2024-09-28,M.C.G.,Sydney,Brisbane Lions,Sydney,Tom Papley,7,2,3,1,1,0,1
2024,Grand Final,2024-09-28,M.C.G.,Sydney,Brisbane Lions,Sydney,Luke Parker,10,2,4,3,0,0,6
2024,Grand Final,2024-09-28,M.C.G.,Sydney,Brisbane Lions,Sydney,Dane Rampe,9,5,4,0,0,0,2
2024,Grand Final,2024-09-28,M.C.G.,Sydney,Brisbane Lions,Sydney,Matt Roberts,11,5,8,0,0,0,3
2024,Grand Final,2024-09-28,M.C.G.,Sydney,Brisbane Lions,Sydney,James Rowbottom,13,3,5,1,1,0,4
2024,Grand Final,2024-09-28,M.C.G.,Sydney,Brisbane Lions,Sydney,Chad Warner,18,5,3,1,1,0,1
2024,Grand Final,2024-09-28,M.C.G.,Sydney,Brisbane Lions,Brisbane Lions,Callum Ah Chee,10,6,4,4,1,0,2
2024,Grand Final,2024-09-28,M.C.G.,Sydney,Brisbane Lions,Brisbane Lions,Harris Andrews,12,10,4,0,0,0,0
2024,Grand Final,2024-09-28,M.C.G.,Sydney,Brisbane Lions,Brisbane Lions,Noah Answerth,12,6,3,0,0,0,3
2024,Grand Final,2024-09-28,M.C.G.,Sydney,Brisbane Lions,Brisbane Lions,Will Ashcroft,14,5,16,1,0,0,3
2024,Grand Final,2024-09-28,M.C.G.,Sydney,Brisbane Lions,Brisbane Lions,Zac Bailey,12,7,5,0,0,0,1
2024,Grand Final,2024-09-28,M.C.G.,Sydney,Brisbane Lions,Brisbane Lions,Jarrod Berry,16,10,4,1,0,0,3
2024,Grand Final,2024-09-28,M.C.G.,Sydney,Brisbane Lions,Brisbane Lions,Charlie Cameron,13,6,1,1,2,0,2
2024,Grand Final,2024-09-28,M.C.G.,Sydney,Brisbane Lions,Brisbane Lions,Joe Daniher,15,8,1,2,4,1,1
2024,Grand Final,2024-09-28,M.C.G.,Sydney,Brisbane Lions,Brisbane Lions,Josh Dunkley,12,8,9,0,0,0,11
2024,Grand Final,2024-09-28,M.C.G.,Sydney,Brisbane Lions,Brisbane Lions,Jaspa Fletcher,13,7,5,0,0,0,1
2024,Grand Final,2024-09-28,M.C.G.,Sydney,Brisbane Lions,Brisbane Lions,Darcy Fort,9,2,3,0,1,19,3
2024,Grand Final,2024-09-28,M.C.G.,Sydney,Brisbane Lions,Brisbane Lions,Eric Hipwood,5,3,4,1,0,0,1
2024,Grand Final,2024-09-28,M.C.G.,Sydney,Brisbane Lions,Brisbane Lions,Ryan Lester,13,11,2,0,0,0,4
2024,Grand Final,2024-09-28,M.C.G.,Sydney,Brisbane Lions,Brisbane Lions,Kai Lohmann,8,5,7,4,0,0,4
2024,Grand Final,2024-09-28,M.C.G.,Sydney,Brisbane Lions,Brisbane Lions,Hugh McCluggage,12,5,9,1,0,0,6
2024,Grand Final,2024-09-28,M.C.G.,Sydney,Brisbane Lions,Brisbane Lions,Conor McKenna,3,2,0,0,0,0,0
2024,Grand Final,2024-09-28,M.C.G.,Sydney,Brisbane Lions,Brisbane Lions,Logan Morris,8,6,2,2,1,0,1
2024,Grand Final,2024-09-28,M.C.G.,Sydney,Brisbane Lions,Brisbane Lions,Lachie Neale,15,8,20,0,0,0,3
2024,Grand Final,2024-09-28,M.C.G.,Sydney,Brisbane Lions,Brisbane Lions,Jack Payne,10,8,1,0,0,0,2
2024,Grand Final,2024-09-28,M.C.G.,Sydney,Brisbane Lions,Brisbane Lions,Cam Rayner,9,9,7,1,0,0,1
2024,Grand Final,2024-09-28,M.C.G.,Sydney,Brisbane Lions,Brisbane Lions,Brandon Starcevich,14,8,2,0,0,0,4
2024,Grand Final,2024-09-28,M.C.G.,Sydney,Brisbane Lions,Brisbane Lions,Darcy Wilmot,12,8,3,0,0,0,2
2024,Grand Final,2024-09-28,M.C.G.,Sydney,Brisbane Lions,Brisbane Lions,Dayne Zorko,23,10,3,0,0,0,6
