
# import run 2026-07-08T18:44:56+09:30
GAP	1	"Jack Silvagni"	2023 missed → linked to id 300 (played 2025–2026)
NEW	AFL 2023	Geelong	Isaac Smith	(id 856)
NEW	AFL 2023	Collingwood	Nathan Murphy	(id 857)
NEARMISS	AFL 2023	Collingwood	"Nathan Murphy" ~ "Lachlan Murphy"	(79%)
NEW	AFL 2023	North Melbourne	Aiden Bonar	(id 858)
NEW	AFL 2023	North Melbourne	Ben Cunnington	(id 859)
NEW	AFL 2023	North Melbourne	Kayne Turner	(id 860)
NEW	AFL 2023	North Melbourne	Jack Ziebell	(id 861)
NEW	AFL 2023	West Coast	Shannon Hurn	(id 862)
NEW	AFL 2023	West Coast	Xavier ONeill	(id 863)
NEW	AFL 2023	West Coast	Luke Shuey	(id 864)
NEW	AFL 2023	West Coast	Bailey Williams	(id 865)
NEW	AFL 2023	Port Adelaide	Tom Jonas	(id 866)
NEW	AFL 2023	Port Adelaide	Scott Lycett	(id 867)
NEW	AFL 2023	Port Adelaide	Trent McKenzie	(id 868)
NEW	AFL 2023	Brisbane Lions	Daniel Rich	(id 869)
NEARMISS	AFL 2023	Brisbane Lions	"Daniel Rich" ~ "Daniel Rioli"	(75%)
NEW	AFL 2023	Melbourne	Angus Brayshaw	(id 870)
NEW	AFL 2023	Western Bulldogs	Josh Bruce	(id 871)
NEW	AFL 2023	Western Bulldogs	Mitch Hannan	(id 872)
NEARMISS	AFL 2023	Western Bulldogs	"Mitch Hannan" ~ "Mitch Duncan"	(75%)
NEW	AFL 2023	Western Bulldogs	Toby McLean	(id 873)
GAP	1	"Bailey Smith"	2023 missed → linked to id 47 (played 2025–2026)
NEW	AFL 2023	Gold Coast	Charlie Constable	(id 874)
GAP	1	"Jy Farrar"	2023 missed → linked to id 424 (played 2025–2026)
NEW	AFL 2023	Sydney	Lance Franklin	(id 875)
NEW	AFL 2023	Sydney	Paddy McCartin	(id 876)
NEW	AFL 2023	Greater Western Sydney	Adam Kennedy	(id 877)
NEW	AFL 2023	Greater Western Sydney	Daniel Lloyd	(id 878)
NEW	AFL 2023	Adelaide	Tyler Brown	(id 879)
GAP	1	"Tom Doedee"	2023 missed → linked to id 738 (played 2025)
NEW	AFL 2023	Adelaide	Rory Sloane	(id 880)
NEW	AFL 2023	Hawthorn	James Blanck	(id 881)
NEW	AFL 2023	Hawthorn	Fergus Greene	(id 882)
NEW	AFL 2023	Hawthorn	Chad Wingard	(id 883)
NEW	AFL 2023	Essendon	Anthony McDonald-Tipungwuti	(id 884)
NEW	AFL 2023	Essendon	Andrew Phillips	(id 885)
GAP	2	"Will Brodie"	2023 missed → linked to id 775 (played 2026)
NEW	AFL 2023	Fremantle	Nathan Wilson	(id 886)
NEW	AFL 2023	Geelong	Cooper Whyte	(id 887)
NEARMISS	AFL 2023	Geelong	"Cooper Whyte" ~ "Cooper Hynes"	(75%)
NEW	AFL 2023	Western Bulldogs	Hayden Crozier	(id 888)
NEW	AFL 2023	Western Bulldogs	Robbie McComb	(id 889)
NEW	AFL 2023	North Melbourne	Daniel Howe	(id 890)
GAP	1	"Elijah Hewett"	2023 missed → linked to id 199 (played 2025–2026)
NEW	AFL 2023	West Coast	Sam Petrevski-Seton	(id 891)
NEW	AFL 2023	Greater Western Sydney	Cooper Hamilton	(id 892)
GAP	1	"Harry Rowston"	2023 missed → linked to id 243 (played 2025–2026)
NEW	AFL 2023	Collingwood	Josh Carmichael	(id 893)
NEW	AFL 2023	Port Adelaide	Tom Clurey	(id 894)
NEW	AFL 2023	Gold Coast	Hewago Oea	(id 895)
NEW	AFL 2023	Geelong	Jonathon Ceglar	(id 896)
NEW	AFL 2023	Melbourne	Michael Hibberd	(id 897)
NEW	AFL 2023	Carlton	Josh Honey	(id 898)
NEW	AFL 2023	West Coast	Greg Clark	(id 899)
NEW	AFL 2023	West Coast	Connor West	(id 900)
NEW	AFL 2023	Carlton	Lachie Plowman	(id 901)
NEW	AFL 2023	Sydney	Will Gould	(id 902)
NEW	AFL 2023	Essendon	Will Snelling	(id 903)
NEW	AFL 2023	Western Bulldogs	Tim OBrien	(id 904)
NEW	AFL 2023	Hawthorn	Denver Grainger-Barras	(id 905)
NEW	AFL 2023	Collingwood	Tom Wilson	(id 906)
NEW	AFL 2023	Fremantle	Josh Corbett	(id 907)
NEW	AFL 2023	West Coast	Luke Foley	(id 908)
NEW	AFL 2023	Geelong	Sam Simpson	(id 909)
NEW	AFL 2023	Sydney	Ryan Clarke	(id 910)
NEW	AFL 2023	Hawthorn	Max Lynch	(id 911)
NEW	AFL 2023	North Melbourne	Aaron Hall	(id 912)
NEW	AFL 2023	Collingwood	Will Kelly	(id 913)
NEW	AFL 2023	Collingwood	Trey Ruscoe	(id 914)
NEW	AFL 2023	Sydney	Marc Sheather	(id 915)
GAP	1	"Angus Sheldrick"	2023 missed → linked to id 29 (played 2025–2026)
NEW	AFL 2023	Gold Coast	James Tsitas	(id 916)
GAP	1	"Ryan Gardner"	2023 missed → linked to id 655 (played 2025–2026)
NEW	AFL 2023	North Melbourne	Jack Mahony	(id 917)
GAP	2	"Flynn Perez"	2023 missed → linked to id 216 (played 2026)
NEW	AFL 2023	Sydney	Tom Hickey	(id 918)
NEW	AFL 2023	North Melbourne	Phoenix Spicer	(id 919)
NEW	AFL 2023	Essendon	Kaine Baldwin	(id 920)
NEW	AFL 2023	Greater Western Sydney	Cameron Fleeton	(id 921)
GAP	2	"Lachlan McAndrew"	2023 missed → linked to id 460 (played 2026)
NEW	AFL 2023	Greater Western Sydney	Josh Fahey	(id 922)
NEW	AFL 2023	Brisbane Lions	James Madden	(id 923)
NEW	AFL 2023	Melbourne	Joel Smith	(id 924)
GAP	1	"Bailey Macdonald"	2023 missed → linked to id 45 (played 2025–2026)
NEW	AFL 2023	North Melbourne	Tarryn Thomas	(id 925)
GAP	1	"Jack Buller"	2023 missed → linked to id 279 (played 2025–2026)
NEW	AFL 2023	Collingwood	Trent Bianco	(id 926)
NEW	AFL 2023	Port Adelaide	Sam Hayes	(id 927)
GAP	1	"Cooper Harvey"	2023 missed → linked to id 148 (played 2025–2026)
NEW	AFL 2023	North Melbourne	Lachie Young	(id 928)
GAP	1	"Joel Hamling"	2023 missed → linked to id 390 (played 2025–2026)
NEW	AFL 2023	St Kilda	Jack Peris	(id 929)
NEW	AFL 2023	Fremantle	Ethan Stanley	(id 930)
NEW	AFL 2023	Adelaide	Jackson Hately	(id 931)
NEW	AFL 2023	Collingwood	Jakob Ryan	(id 932)
NEW	AFL 2023	Geelong	Sam Menegola	(id 933)
NEW	AFL 2022	Western Bulldogs	Roarke Smith	(id 934)
GAP	1	"Oscar McDonald"	2022 missed → linked to id 615 (played 2024–2026)
NEW	AFL 2022	Carlton	Tom Williamson	(id 935)
GAP	1	"Zac Williams"	2022 missed → linked to id 798 (played 2024–2026)
NEW	AFL 2022	Richmond	Jake Aarts	(id 936)
NEW	AFL 2022	Richmond	Jason Castagna	(id 937)
NEW	AFL 2022	Richmond	Shane Edwards	(id 938)
GAP	1	"Josh Gibcus"	2022 missed → linked to id 408 (played 2024–2026)
NEW	AFL 2022	Richmond	Robbie Tarrant	(id 939)
NEW	AFL 2022	St Kilda	Dean Kent	(id 940)
NEW	AFL 2022	St Kilda	Daniel McKenzie	(id 941)
NEW	AFL 2022	Collingwood	Jack Madgen	(id 942)
NEW	AFL 2022	Geelong	Luke Dahlhaus	(id 943)
NEW	AFL 2022	Geelong	Shaun Higgins	(id 944)
NEW	AFL 2022	Geelong	Joel Selwood	(id 945)
NEW	AFL 2022	Essendon	Tom Cutler	(id 946)
NEW	AFL 2022	Essendon	Brayden Ham	(id 947)
NEW	AFL 2022	Essendon	Devon Smith	(id 948)
NEW	AFL 2022	Essendon	James Stewart	(id 949)
NEW	AFL 2022	Greater Western Sydney	Jarrod Brander	(id 950)
NEW	AFL 2022	Greater Western Sydney	Phil Davis	(id 951)
NEW	AFL 2022	Greater Western Sydney	Matt de Boer	(id 952)
NEW	AFL 2022	Sydney	Josh Kennedy	(id 953)
NEW	AFL 2022	Sydney	Colin ORiordan	(id 954)
NEW	AFL 2022	Brisbane Lions	Marcus Adams	(id 955)
NEW	AFL 2022	Brisbane Lions	Nakia Cockatoo	(id 956)
NEW	AFL 2022	Brisbane Lions	Mitch Robinson	(id 957)
NEW	AFL 2022	Port Adelaide	Robbie Gray	(id 958)
NEW	AFL 2022	Port Adelaide	Steven Motlop	(id 959)
NEW	AFL 2022	Hawthorn	Tom Phillips	(id 960)
NEW	AFL 2022	Adelaide	Luke Brown	(id 961)
NEW	AFL 2022	Adelaide	Andrew McPherson	(id 962)
NEW	AFL 2022	Adelaide	James Rowe	(id 963)
NEW	AFL 2022	Fremantle	Travis Colyer	(id 964)
NEW	AFL 2022	Fremantle	David Mundy	(id 965)
NEW	AFL 2022	West Coast	Hugh Dixon	(id 966)
NEW	AFL 2022	West Coast	Zac Langdon	(id 967)
NEW	AFL 2022	West Coast	Patrick Naish	(id 968)
NEW	AFL 2022	West Coast	Nic Naitanui	(id 969)
NEW	AFL 2022	West Coast	Jackson Nelson	(id 970)
NEW	AFL 2022	West Coast	Jack Redden	(id 971)
NEW	AFL 2022	West Coast	Isiah Winder	(id 972)
NEW	AFL 2022	Gold Coast	Caleb Graham	(id 973)
GAP	1	"Jeremy Sharp"	2022 missed → linked to id 377 (played 2024–2026)
NEW	AFL 2022	Essendon	Tex Wanganeen	(id 974)
NEW	AFL 2022	Port Adelaide	Sam Skinner	(id 975)
NEW	AFL 2022	Hawthorn	Ben McEvoy	(id 976)
NEW	AFL 2022	North Melbourne	Jared Polec	(id 977)
NEW	AFL 2022	North Melbourne	Josh Walker	(id 978)
NEW	AFL 2022	West Coast	Brayden Ainsworth	(id 979)
NEARMISS	AFL 2022	West Coast	"Brayden Ainsworth" ~ "Ben Ainsworth"	(76%)
NEW	AFL 2022	West Coast	Aaron Black	(id 980)
NEW	AFL 2022	West Coast	Angus Dewar	(id 981)
NEW	AFL 2022	West Coast	Stefan Giro	(id 982)
NEW	AFL 2022	West Coast	Declan Mountford	(id 983)
NEW	AFL 2022	Richmond	Matthew Parker	(id 984)
NEARMISS	AFL 2022	Richmond	"Matthew Parker" ~ "Matthew Taberner"	(75%)
NEW	AFL 2022	St Kilda	Jarrod Lienert	(id 985)
NEW	AFL 2022	Western Bulldogs	Mitch Wallis	(id 986)
NEW	AFL 2022	Sydney	Ben Ronke	(id 987)
NEW	AFL 2022	Port Adelaide	Martin Frederick	(id 988)
NEW	AFL 2022	Port Adelaide	Sam Mayes	(id 989)
NEARMISS	AFL 2022	Port Adelaide	"Sam Mayes" ~ "Sam Hayes"	(89%)
NEW	AFL 2022	Greater Western Sydney	Braydon Preuss	(id 990)
NEW	AFL 2022	Greater Western Sydney	Jake Stein	(id 991)
NEW	AFL 2022	St Kilda	Paddy Ryder	(id 992)
NEW	AFL 2022	Port Adelaide	Trent Dumont	(id 993)
GAP	2	"Tom Fullarton"	2022 missed → linked to id 741 (played 2025)
NEW	AFL 2022	Sydney	James Bell	(id 994)
NEW	AFL 2022	Sydney	Sam Reid	(id 995)
NEW	AFL 2022	North Melbourne	Atu Bosenavulagi	(id 996)
NEW	AFL 2022	Western Bulldogs	Louis Butler	(id 997)
NEW	AFL 2022	Essendon	Alec Waterman	(id 998)
NEARMISS	AFL 2022	Essendon	"Alec Waterman" ~ "Jake Waterman"	(77%)
NEW	AFL 2022	Collingwood	Jordan Roughead	(id 999)
NEW	AFL 2022	Carlton	Jack Newnes	(id 1000)
NEW	AFL 2022	Carlton	Luke Parks	(id 1001)
NEARMISS	AFL 2022	Carlton	"Luke Parks" ~ "Luke Parker"	(82%)
NEW	AFL 2022	Western Bulldogs	Stefan Martin	(id 1002)
GAP	1	"Will Hamill"	2022 missed → linked to id 778 (played 2024)
NEW	AFL 2022	West Coast	Luke Strnadica	(id 1003)
NEW	AFL 2022	Richmond	Riley Collier-Dawkins	(id 1004)
NEW	AFL 2022	Melbourne	Luke Dunstan	(id 1005)
NEW	AFL 2022	Richmond	Kane Lambert	(id 1006)
NEW	AFL 2022	Richmond	Sydney Stack	(id 1007)
NEW	AFL 2022	Hawthorn	Jackson Callow	(id 1008)
GAP	1	"Tom Campbell"	2022 missed → linked to id 734 (played 2024)
NEW	AFL 2022	Collingwood	Aiden Begg	(id 1009)
GAP	1	"Zach Reid"	2022 missed → linked to id 801 (played 2024–2026)
NEW	AFL 2022	North Melbourne	Jed Anderson	(id 1010)
NEW	AFL 2022	Gold Coast	Rory Thompson	(id 1011)
NEW	AFL 2022	Geelong	Cooper Stephens	(id 1012)
NEW	AFL 2022	Essendon	Alastair Lord	(id 1013)
NEW	AFL 2022	West Coast	Jake Florenca	(id 1014)
GAP	1	"Jordon Sweet"	2022 missed → linked to id 401 (played 2024–2026)
GAP	1	"Bigoa Nyuon"	2022 missed → linked to id 61 (played 2024)
NEW	AFL 2022	North Melbourne	Kyron Hayden	(id 1015)
GAP	1	"Kieran Strachan"	2022 missed → linked to id 439 (played 2024)
NEW	AFL 2022	Greater Western Sydney	Zach Sproule	(id 1016)
NEW	AFL 2022	Hawthorn	Kyle Hartigan	(id 1017)
NEW	AFL 2022	Melbourne	Mitch Brown	(id 1018)
NEW	AFL 2022	Fremantle	Mitch Crowden	(id 1019)
NEARMISS	AFL 2022	Fremantle	"Mitch Crowden" ~ "Mitch Brown"	(77%)
NEW	AFL 2022	Hawthorn	Josh Morris	(id 1020)
GAP	1	"Sam Durdin"	2022 missed → linked to id 671 (played 2024)
NEW	AFL 2022	Sydney	Lewis Taylor	(id 1021)
NEW	AFL 2022	Collingwood	Isaac Chugg	(id 1022)
NEW	AFL 2022	Western Bulldogs	Dominic Bedendo	(id 1023)
NEW	AFL 2022	St Kilda	Tom Highmore	(id 1024)
NEW	AFL 2022	Brisbane Lions	Rhys Mathieson	(id 1025)
NEW	AFL 2022	Brisbane Lions	Carter Michael	(id 1026)
NEW	AFL 2022	Adelaide	Ben Davis	(id 1027)
GAP	2	"Will Hayes"	2022 missed → linked to id 779 (played 2025–2026)
GAP	1	"Leek Aleer"	2022 missed → linked to id 470 (played 2024–2026)
NEW	AFL 2022	St Kilda	Dan Hannebery	(id 1028)
NEW	AFL 2022	Hawthorn	Emerson Jeka	(id 1029)
NEW	AFL 2022	Essendon	Michael Hurley	(id 1030)
NEW	AFL 2022	Hawthorn	Jack Saunders	(id 1031)
NEW	AFL 2021	Richmond	David Astbury	(id 1032)
NEW	AFL 2021	Richmond	Josh Caddy	(id 1033)
GAP	1	"Ed Curnow"	2021 missed → linked to id 854 (played 2023)
NEW	AFL 2021	Carlton	Michael Gibbons	(id 1034)
GAP	1	"Liam Jones"	2021 missed → linked to id 481 (played 2023–2025)
NEW	AFL 2021	Carlton	Marc Murphy	(id 1035)
NEW	AFL 2021	Collingwood	Brayden Sier	(id 1036)
NEW	AFL 2021	Collingwood	Josh Thomas	(id 1037)
NEW	AFL 2021	Melbourne	Neville Jetta	(id 1038)
NEW	AFL 2021	Melbourne	Nathan Jones	(id 1039)
NEW	AFL 2021	Fremantle	Connor Blakely	(id 1040)
NEW	AFL 2021	Fremantle	Reece Conca	(id 1041)
NEW	AFL 2021	Fremantle	Tobe Watson	(id 1042)
NEW	AFL 2021	Adelaide	Paul Seedsman	(id 1043)
NEW	AFL 2021	Geelong	Lachie Henderson	(id 1044)
NEARMISS	AFL 2021	Geelong	"Lachie Henderson" ~ "Jack Henderson"	(75%)
NEW	AFL 2021	Geelong	Josh Jenkins	(id 1045)
NEW	AFL 2021	Essendon	Ned Cahill	(id 1046)
NEW	AFL 2021	Essendon	Cale Hooker	(id 1047)
GAP	1	"Anthony McDonald-Tipungwuti"	2021 missed → linked to id 884 (played 2023)
GAP	1	"Tyler Brockman"	2021 missed → linked to id 763 (played 2023–2025)
NEW	AFL 2021	Hawthorn	Shaun Burgoyne	(id 1048)
NEW	AFL 2021	Hawthorn	Connor Downie	(id 1049)
NEW	AFL 2021	Hawthorn	Oliver Hanrahan	(id 1050)
NEW	AFL 2021	Brisbane Lions	Grant Birchall	(id 1051)
NEW	AFL 2021	North Melbourne	Shaun Atley	(id 1052)
NEW	AFL 2021	North Melbourne	Connor Menadue	(id 1053)
NEW	AFL 2021	North Melbourne	Dom Tyson	(id 1054)
NEW	AFL 2021	Port Adelaide	Tom Rockliff	(id 1055)
GAP	1	"Jack Buckley"	2021 missed → linked to id 278 (played 2023–2026)
GAP	1	"Jack Bytel"	2021 missed → linked to id 280 (played 2023–2024)
GAP	2	"Nick Coffield"	2021 missed → linked to id 585 (played 2024–2026)
NEW	AFL 2021	St Kilda	Paul Hunter	(id 1056)
NEW	AFL 2021	St Kilda	Jack Lonie	(id 1057)
NEW	AFL 2021	St Kilda	Shaun McKernan	(id 1058)
GAP	1	"Oscar Allen"	2021 missed → linked to id 614 (played 2023–2026)
GAP	1	"Tom Cole"	2021 missed → linked to id 736 (played 2023–2026)
NEW	AFL 2021	West Coast	Brad Sheppard	(id 1059)
NEW	AFL 2021	West Coast	Nathan Vardy	(id 1060)
GAP	1	"Ben King"	2021 missed → linked to id 56 (played 2023–2026)
NEW	AFL 2021	Sydney	Matt Ling	(id 1061)
NEW	AFL 2021	Adelaide	David Mackay	(id 1062)
NEW	AFL 2021	Port Adelaide	Hamish Hartlett	(id 1063)
NEW	AFL 2021	Essendon	Martin Gleeson	(id 1064)
GAP	1	"Oskar Baker"	2021 missed → linked to id 618 (played 2023–2026)
NEW	AFL 2021	West Coast	Brendon Ah Chee	(id 1065)
GAP	1	"Brent Daniels"	2021 missed → linked to id 87 (played 2023–2026)
NEW	AFL 2021	Greater Western Sydney	Nick Shipley	(id 1066)
NEW	AFL 2021	Collingwood	Chris Mayne	(id 1067)
NEW	AFL 2021	Brisbane Lions	Connor Ballenden	(id 1068)
GAP	1	"Will Phillips"	2021 missed → linked to id 785 (played 2023–2025)
NEW	AFL 2021	Western Bulldogs	Easton Wood	(id 1069)
NEARMISS	AFL 2021	Western Bulldogs	"Easton Wood" ~ "Mason Wood"	(82%)
NEW	AFL 2021	Gold Coast	Jarrod Harbrow	(id 1070)
NEW	AFL 2021	Richmond	Derek Eggmolesse-Smith	(id 1071)
NEW	AFL 2021	St Kilda	Jake Carlisle	(id 1072)
NEW	AFL 2021	Carlton	Eddie Betts	(id 1073)
NEW	AFL 2021	Greater Western Sydney	Matt Buntine	(id 1074)
NEW	AFL 2021	Essendon	David Zaharakis	(id 1075)
NEW	AFL 2021	Richmond	Bachar Houli	(id 1076)
NEW	AFL 2021	Richmond	Will Martyn	(id 1077)
NEW	AFL 2021	Collingwood	Levi Greenwood	(id 1078)
NEW	AFL 2021	Greater Western Sydney	Shane Mumford	(id 1079)
GAP	1	"Sam Sturt"	2021 missed → linked to id 680 (played 2023–2024)
NEW	AFL 2021	Hawthorn	Michael Hartley	(id 1080)
NEARMISS	AFL 2021	Hawthorn	"Michael Hartley" ~ "Michael Hurley"	(87%)
GAP	1	"Mark Keane"	2021 missed → linked to id 520 (played 2023–2026)
NEW	AFL 2021	Western Bulldogs	Ben Cavarra	(id 1081)
GAP	1	"Lewis Melican"	2021 missed → linked to id 475 (played 2023–2026)
NEW	AFL 2021	Port Adelaide	Boyd Woodcock	(id 1082)
NEW	AFL 2021	Hawthorn	James Cousins	(id 1083)
NEW	AFL 2021	Western Bulldogs	Lin Jong	(id 1084)
NEW	AFL 2021	Sydney	Kaiden Brand	(id 1085)
NEW	AFL 2021	Sydney	Callum Sinclair	(id 1086)
GAP	1	"David Cuningham"	2021 missed → linked to id 180 (played 2023–2024)
GAP	1	"Will Kelly"	2021 missed → linked to id 913 (played 2023)
NEW	AFL 2021	Collingwood	Jay Rantall	(id 1087)
NEW	AFL 2021	Hawthorn	Damon Greaves	(id 1088)
NEW	AFL 2021	Fremantle	Taylin Duman	(id 1089)
GAP	1	"Sam Simpson"	2021 missed → linked to id 909 (played 2023)
NEW	AFL 2021	St Kilda	James Frawley	(id 1090)
NEW	AFL 2021	North Melbourne	Taylor Garner	(id 1091)
NEARMISS	AFL 2021	North Melbourne	"Taylor Garner" ~ "Taylor Walker"	(77%)
NEW	AFL 2021	Adelaide	Ronin OConnor	(id 1092)
NEW	AFL 2021	Gold Coast	Zac Smith	(id 1093)
NEW	AFL 2021	St Kilda	Jarryn Geary	(id 1094)
NEW	AFL 2021	St Kilda	Oscar Clavarino	(id 1095)
NEW	AFL 2021	Essendon	Patrick Ambrose	(id 1096)
NEW	AFL 2021	Fremantle	Brett Bewley	(id 1097)
NEW	AFL 2021	Fremantle	Joel Western	(id 1098)
GAP	1	"Samson Ryan"	2021 missed → linked to id 686 (played 2023–2026)
NEW	AFL 2021	St Kilda	Leo Connolly	(id 1099)
GAP	1	"Dylan Williams"	2021 missed → linked to id 192 (played 2023–2025)
NEW	AFL 2021	Melbourne	Aaron Vandenberg	(id 1100)
NEW	AFL 2021	Richmond	Ryan Garthwaite	(id 1101)
NEW	AFL 2021	Collingwood	Anton Tohill	(id 1102)
NEW	AFL 2021	West Coast	Mark Hutchings	(id 1103)
NEW	AFL 2021	Essendon	Dylan Clarke	(id 1104)
NEARMISS	AFL 2021	Essendon	"Dylan Clarke" ~ "Ryan Clarke"	(83%)
NEW	AFL 2021	Gold Coast	Jacob Townsend	(id 1105)
GAP	1	"Ivan Soldo"	2020 missed → linked to id 274 (played 2022–2025)
NEW	AFL 2020	Carlton	Matthew Kreuzer	(id 1106)
NEW	AFL 2020	Carlton	Kade Simpson	(id 1107)
NEARMISS	AFL 2020	Carlton	"Kade Simpson" ~ "Sam Simpson"	(75%)
NEW	AFL 2020	Western Bulldogs	Sam Lloyd	(id 1108)
NEW	AFL 2020	Western Bulldogs	Matt Suckling	(id 1109)
NEW	AFL 2020	Essendon	Tom Bellchambers	(id 1110)
GAP	1	"Michael Hurley"	2020 missed → linked to id 1030 (played 2022)
NEW	AFL 2020	Fremantle	Cam McCarthy	(id 1111)
NEARMISS	AFL 2020	Fremantle	"Cam McCarthy" ~ "Tom McCarthy"	(83%)
GAP	1	"Matt Crouch"	2020 missed → linked to id 529 (played 2022–2025)
NEW	AFL 2020	Adelaide	Bryce Gibbs	(id 1112)
NEW	AFL 2020	Adelaide	Fischer McAsey	(id 1113)
GAP	1	"Wayne Milera"	2020 missed → linked to id 770 (played 2022–2026)
GAP	1	"Tyson Stengle"	2020 missed → linked to id 767 (played 2022–2025)
NEW	AFL 2020	Adelaide	Daniel Talia	(id 1114)
NEW	AFL 2020	Sydney	Sam Gray	(id 1115)
NEARMISS	AFL 2020	Sydney	"Sam Gray" ~ "Sam Day"	(75%)
GAP	3	"Sam Naismith"	2020 missed → linked to id 678 (played 2024)
NEW	AFL 2020	Gold Coast	Jesse Joyce	(id 1116)
NEW	AFL 2020	Port Adelaide	Brad Ebert	(id 1117)
NEW	AFL 2020	Port Adelaide	Justin Westhoff	(id 1118)
NEW	AFL 2020	Greater Western Sydney	Sam Jacobs	(id 1119)
NEW	AFL 2020	Greater Western Sydney	Heath Shaw	(id 1120)
NEW	AFL 2020	Geelong	Gary Ablett	(id 1121)
GAP	1	"Darcy Fort"	2020 missed → linked to id 170 (played 2022–2026)
NEW	AFL 2020	Geelong	Harry Taylor	(id 1122)
NEW	AFL 2020	North Melbourne	Paul Ahern	(id 1123)
NEW	AFL 2020	North Melbourne	Jamie Macmillan	(id 1124)
NEW	AFL 2020	North Melbourne	Tom Murphy	(id 1125)
NEW	AFL 2020	North Melbourne	Jasper Pittard	(id 1126)
GAP	1	"Ben Paton"	2020 missed → linked to id 60 (played 2022–2025)
NEW	AFL 2020	St Kilda	Dylan Roberton	(id 1127)
NEW	AFL 2020	Hawthorn	Ricky Henderson	(id 1128)
NEARMISS	AFL 2020	Hawthorn	"Ricky Henderson" ~ "Jack Henderson"	(80%)
NEW	AFL 2020	Hawthorn	Jonathon Patton	(id 1129)
NEW	AFL 2020	Hawthorn	Paul Puopolo	(id 1130)
NEW	AFL 2020	Hawthorn	Tom Scully	(id 1131)
GAP	1	"James Sicily"	2020 missed → linked to id 347 (played 2022–2026)
NEW	AFL 2020	Hawthorn	Ben Stratton	(id 1132)
GAP	1	"Noah Answerth"	2020 missed → linked to id 597 (played 2022–2026)
GAP	1	"Cam Rayner"	2020 missed → linked to id 111 (played 2022–2026)
NEW	AFL 2020	West Coast	Lewis Jetta	(id 1133)
GAP	1	"Toby Bedford"	2020 missed → linked to id 720 (played 2022–2026)
NEW	AFL 2020	Melbourne	Jay Lockhart	(id 1134)
NEW	AFL 2020	Fremantle	Brandon Matera	(id 1135)
NEW	AFL 2020	Carlton	Darcy Lang	(id 1136)
NEW	AFL 2020	Melbourne	Harley Bennell	(id 1137)
NEW	AFL 2020	Adelaide	Ben Crocker	(id 1138)
NEW	AFL 2020	Gold Coast	Pearce Hanley	(id 1139)
NEW	AFL 2020	Western Bulldogs	Billy Gowers	(id 1140)
NEW	AFL 2020	Collingwood	Rupert Wills	(id 1141)
NEW	AFL 2020	St Kilda	Jonathon Marsh	(id 1142)
NEW	AFL 2020	Geelong	Jack Steven	(id 1143)
NEW	AFL 2020	Brisbane Lions	Cam Ellis-Yolmen	(id 1144)
NEW	AFL 2020	Brisbane Lions	Archie Smith	(id 1145)
NEARMISS	AFL 2020	Brisbane Lions	"Archie Smith" ~ "Brodie Smith"	(75%)
NEW	AFL 2020	West Coast	Will Schofield	(id 1146)
NEW	AFL 2020	Carlton	Sam Philp	(id 1147)
NEW	AFL 2020	Fremantle	Stephen Hill	(id 1148)
NEW	AFL 2020	Adelaide	Myles Poholke	(id 1149)
NEW	AFL 2020	North Melbourne	Marley Williams	(id 1150)
NEARMISS	AFL 2020	North Melbourne	"Marley Williams" ~ "Bailey Williams"	(87%)
NEW	AFL 2020	Collingwood	Matt Scharenberg	(id 1151)
NEW	AFL 2020	Collingwood	Travis Varcoe	(id 1152)
NEW	AFL 2020	Essendon	Mitchell Hibberd	(id 1153)
NEARMISS	AFL 2020	Essendon	"Mitchell Hibberd" ~ "Michael Hibberd"	(81%)
NEW	AFL 2020	Greater Western Sydney	Tom Sheridan	(id 1154)
NEW	AFL 2020	West Coast	Jarrod Cameron	(id 1155)
GAP	2	"Conor McKenna"	2020 missed → linked to id 144 (played 2023–2026)
NEW	AFL 2020	Port Adelaide	Cam Sutcliffe	(id 1156)
NEW	AFL 2020	Sydney	Ryley Stoddart	(id 1157)
NEW	AFL 2020	Sydney	Elijah Taylor	(id 1158)
NEW	AFL 2020	Hawthorn	Darren Minchington	(id 1159)
NEW	AFL 2020	Western Bulldogs	Callum Porter	(id 1160)
NEW	AFL 2020	Carlton	Callum Moore	(id 1161)
NEW	AFL 2020	Hawthorn	Keegan Brooksby	(id 1162)
NEW	AFL 2020	Western Bulldogs	Jackson Trengove	(id 1163)
GAP	1	"Sam Skinner"	2020 missed → linked to id 975 (played 2022)
NEW	AFL 2020	North Melbourne	Majak Daw	(id 1164)
NEW	AFL 2020	Adelaide	Riley Knight	(id 1165)
NEW	AFL 2020	St Kilda	Shane Savage	(id 1166)
NEW	AFL 2020	North Melbourne	Lachlan Hosie	(id 1167)
NEW	AFL 2020	North Melbourne	Will Walker	(id 1168)
NEW	AFL 2020	Collingwood	Ben Reid	(id 1169)
NEW	AFL 2020	Sydney	Jackson Thurlow	(id 1170)
NEW	AFL 2020	St Kilda	Ed Phillips	(id 1171)
NEARMISS	AFL 2020	St Kilda	"Ed Phillips" ~ "Tom Phillips"	(75%)
NEW	AFL 2020	Brisbane Lions	Matt Eagles	(id 1172)
GAP	1	"Sam Durdin"	2020 missed → linked to id 671 (played 2022–2024)
NEW	AFL 2020	Collingwood	Tim Broomhead	(id 1173)
NEW	AFL 2020	Collingwood	Lynden Dunn	(id 1174)
NEW	AFL 2020	Sydney	Zac Foot	(id 1175)
NEW	AFL 2020	Greater Western Sydney	Tom Hutchesson	(id 1176)
NEW	AFL 2020	North Melbourne	Ed Vickers-Willis	(id 1177)
GAP	1	"Braydon Preuss"	2020 missed → linked to id 990 (played 2022)
NEW	AFL 2020	Essendon	Josh Begley	(id 1178)
NEW	AFL 2020	Essendon	Kobe Mutch	(id 1179)
NEW	AFL 2020	West Coast	Nic Reid	(id 1180)
NEW	AFL 2020	Hawthorn	Conor Glass	(id 1181)
NEW	AFL 2020	Essendon	Irving Mosquito	(id 1182)
NEW	AFL 2020	Collingwood	Flynn Appleby	(id 1183)
NEW	AFL 2020	Western Bulldogs	Tory Dickson	(id 1184)
GAP	1	"Will Hayes"	2020 missed → linked to id 779 (played 2022–2026)
NEW	AFL 2020	Melbourne	Josh Wagner	(id 1185)
NEARMISS	AFL 2020	Melbourne	"Josh Wagner" ~ "Josh Walker"	(82%)
NEW	AFL 2020	Carlton	Cameron Polson	(id 1186)
GAP	1	"Flynn Perez"	2020 missed → linked to id 216 (played 2022–2026)
NEW	AFL 2020	St Kilda	Ryan Abbott	(id 1187)
NEW	AFL 2020	West Coast	Hamish Brayshaw	(id 1188)
NEW	AFL 2020	Geelong	Ben Jarvis	(id 1189)
NEARMISS	AFL 2020	Geelong	"Ben Jarvis" ~ "Ben Davis"	(80%)
GAP	1	"Charlie Curnow"	2019 missed → linked to id 122 (played 2021–2026)
NEW	AFL 2019	Carlton	Alex Fasolo	(id 1190)
NEW	AFL 2019	Carlton	Jarrod Garlett	(id 1191)
NEW	AFL 2019	Carlton	Dale Thomas	(id 1192)
NEW	AFL 2019	Richmond	Alex Rance	(id 1193)
NEW	AFL 2019	Richmond	Maverick Weller	(id 1194)
NEW	AFL 2019	Collingwood	Dayne Beams	(id 1195)
NEW	AFL 2019	Collingwood	Tom Langdon	(id 1196)
GAP	4	"Marty Hore"	2019 missed → linked to id 523 (played 2024)
GAP	3	"Corey Wagner"	2019 missed → linked to id 155 (played 2023–2026)
GAP	1	"Willem Drew"	2019 missed → linked to id 788 (played 2021–2026)
NEW	AFL 2019	Port Adelaide	Jack Watts	(id 1197)
NEARMISS	AFL 2019	Port Adelaide	"Jack Watts" ~ "Jack Watkins"	(75%)
NEW	AFL 2019	Adelaide	Richard Douglas	(id 1198)
NEW	AFL 2019	Hawthorn	David Mirra	(id 1199)
NEW	AFL 2019	Hawthorn	Jarryd Roughead	(id 1200)
GAP	1	"Lance Franklin"	2019 missed → linked to id 875 (played 2021–2023)
NEW	AFL 2019	Sydney	Heath Grundy	(id 1201)
NEW	AFL 2019	Sydney	Jarrad McVeigh	(id 1202)
NEW	AFL 2019	Brisbane Lions	Ryan Bastinac	(id 1203)
NEW	AFL 2019	Brisbane Lions	Luke Hodge	(id 1204)
NEW	AFL 2019	West Coast	Chris Masten	(id 1205)
NEARMISS	AFL 2019	West Coast	"Chris Masten" ~ "Chris Mayne"	(75%)
GAP	1	"Nathan Vardy"	2019 missed → linked to id 1060 (played 2021)
NEW	AFL 2019	West Coast	Daniel Venables	(id 1206)
NEARMISS	AFL 2019	West Coast	"Daniel Venables" ~ "Daniel Annable"	(80%)
GAP	1	"Darragh Joyce"	2019 missed → linked to id 179 (played 2021–2026)
GAP	1	"Daniel McKenzie"	2019 missed → linked to id 941 (played 2021–2022)
NEW	AFL 2019	St Kilda	Lewis Pierce	(id 1207)
GAP	1	"Jimmy Webster"	2019 missed → linked to id 382 (played 2021–2025)
GAP	1	"Chris Burgess"	2019 missed → linked to id 129 (played 2021–2025)
NEW	AFL 2019	Gold Coast	Jack Hombsch	(id 1208)
NEW	AFL 2019	Gold Coast	George Horlin-Smith	(id 1209)
NEW	AFL 2019	Gold Coast	Anthony Miles	(id 1210)
NEW	AFL 2019	Gold Coast	Jordan Murdoch	(id 1211)
GAP	1	"Peter Wright"	2019 missed → linked to id 629 (played 2021–2026)
NEW	AFL 2019	Greater Western Sydney	Brett Deledio	(id 1212)
NEW	AFL 2019	Greater Western Sydney	Dawson Simpson	(id 1213)
GAP	1	"Patrick Ambrose"	2019 missed → linked to id 1096 (played 2021)
NEW	AFL 2019	Essendon	Mark Baguley	(id 1214)
NEW	AFL 2019	Essendon	David Myers	(id 1215)
NEW	AFL 2019	Fremantle	Hayden Ballantyne	(id 1216)
GAP	1	"Joel Hamling"	2019 missed → linked to id 390 (played 2021–2026)
GAP	1	"Alex Pearce"	2019 missed → linked to id 15 (played 2021–2026)
GAP	1	"Kayne Turner"	2019 missed → linked to id 860 (played 2021–2023)
GAP	1	"Dom Tyson"	2019 missed → linked to id 1054 (played 2021)
NEW	AFL 2019	St Kilda	Nathan Brown	(id 1217)
NEARMISS	AFL 2019	St Kilda	"Nathan Brown" ~ "Nathan Broad"	(83%)
NEW	AFL 2019	Melbourne	Kade Kolodjashnij	(id 1218)
NEARMISS	AFL 2019	Melbourne	"Kade Kolodjashnij" ~ "Jake Kolodjashnij"	(88%)
NEW	AFL 2019	West Coast	Josh Smith	(id 1219)
NEARMISS	AFL 2019	West Coast	"Josh Smith" ~ "Joel Smith"	(80%)
GAP	1	"Matt Buntine"	2019 missed → linked to id 1074 (played 2021)
NEW	AFL 2019	North Melbourne	Scott Thompson	(id 1220)
NEW	AFL 2019	Essendon	Zac Clarke	(id 1221)
NEW	AFL 2019	Carlton	Matthew Lobbe	(id 1222)
GAP	2	"Caleb Marchbank"	2019 missed → linked to id 97 (played 2022–2024)
GAP	1	"Ryan Garthwaite"	2019 missed → linked to id 1101 (played 2021)
NEW	AFL 2019	Sydney	Kieren Jack	(id 1223)
NEW	AFL 2019	Melbourne	Billy Stretch	(id 1224)
NEW	AFL 2019	Brisbane Lions	Allen Christensen	(id 1225)
NEW	AFL 2019	Brisbane Lions	Nick Robertson	(id 1226)
GAP	1	"Connor Menadue"	2019 missed → linked to id 1053 (played 2021)
GAP	1	"Sam Switkowski"	2019 missed → linked to id 681 (played 2021–2026)
NEW	AFL 2019	North Melbourne	Sam Wright	(id 1227)
NEW	AFL 2019	Melbourne	Jordan Lewis	(id 1228)
NEW	AFL 2019	Melbourne	Jeff Garlett	(id 1229)
NEW	AFL 2019	Melbourne	Tim Smith	(id 1230)
NEW	AFL 2019	North Melbourne	Nathan Hrovat	(id 1231)
NEARMISS	AFL 2019	North Melbourne	"Nathan Hrovat" ~ "Nathan Broad"	(77%)
NEW	AFL 2019	St Kilda	Billy Longer	(id 1232)
NEW	AFL 2019	Adelaide	Jordan Gallucci	(id 1233)
NEW	AFL 2019	Fremantle	Ryan Nyhuis	(id 1234)
NEW	AFL 2019	Melbourne	Declan Keilty	(id 1235)
NEW	AFL 2019	Gold Coast	Aaron Young	(id 1236)
GAP	1	"Liam Stocker"	2019 missed → linked to id 487 (played 2021–2026)
NEW	AFL 2019	Western Bulldogs	Fletcher Roberts	(id 1237)
NEW	AFL 2019	Port Adelaide	Matthew Broadbent	(id 1238)
NEW	AFL 2019	Port Adelaide	Aidyn Johnson	(id 1239)
NEARMISS	AFL 2019	Port Adelaide	"Aidyn Johnson" ~ "Aidan Johnson"	(92%)
GAP	2	"Willie Rioli"	2019 missed → linked to id 790 (played 2022–2025)
GAP	1	"Harry Petty"	2019 missed → linked to id 242 (played 2021–2026)
NEW	AFL 2019	St Kilda	Robbie Young	(id 1240)
NEW	AFL 2019	Essendon	Ben McNiece	(id 1241)
NEW	AFL 2019	Port Adelaide	Joe Atley	(id 1242)
NEW	AFL 2019	Port Adelaide	Joel Garner	(id 1243)
NEW	AFL 2019	Carlton	Harrison Macreadie	(id 1244)
NEW	AFL 2019	Collingwood	Daniel Wells	(id 1245)
GAP	1	"Callum Coleman-Jones"	2019 missed → linked to id 105 (played 2021–2026)
NEW	AFL 2019	Geelong	James Parsons	(id 1246)
NEW	AFL 2019	Gold Coast	Josh Schoenfeld	(id 1247)
GAP	1	"Zac Smith"	2019 missed → linked to id 1093 (played 2021)
NEW	AFL 2019	Sydney	Daniel Menzel	(id 1248)
NEW	AFL 2019	Melbourne	Jay Kennedy Harris	(id 1249)
NEW	AFL 2019	Brisbane Lions	Jacob Allison	(id 1250)
NEW	AFL 2019	Sydney	James Rose	(id 1251)
NEARMISS	AFL 2019	Sydney	"James Rose" ~ "James Rowe"	(90%)
NEW	AFL 2019	Gold Coast	Corey Ellis	(id 1252)
NEW	AFL 2019	St Kilda	David Armitage	(id 1253)
NEW	AFL 2019	St Kilda	Brandon White	(id 1254)
GAP	1	"Jake Stein"	2019 missed → linked to id 991 (played 2021–2022)
NEW	AFL 2019	Gold Coast	Brad Scheer	(id 1255)
NEW	AFL 2019	Gold Coast	Jacob Heron	(id 1256)
NEARMISS	AFL 2019	Gold Coast	"Jacob Heron" ~ "Jacob Newton"	(75%)
NEW	AFL 2019	Fremantle	Aaron Sandilands	(id 1257)
NEW	AFL 2019	Melbourne	Kyle Dunkley	(id 1258)
NEW	AFL 2019	Carlton	Hugh Goddard	(id 1259)
NEW	AFL 2019	Gold Coast	Michael Rischitelli	(id 1260)
NEW	AFL 2019	Carlton	Josh Deluca	(id 1261)
NEW	AFL 2019	Gold Coast	Jacob Dawson	(id 1262)
NEARMISS	AFL 2019	Gold Coast	"Jacob Dawson" ~ "Jacob Newton"	(75%)
NEW	AFL 2019	West Coast	Francis Watson	(id 1263)
NEW	AFL 2019	St Kilda	Doulton Langlands	(id 1264)
NEW	AFL 2019	Adelaide	Andy Otten	(id 1265)
NEW	AFL 2019	Adelaide	Patrick Wilson	(id 1266)
NEW	AFL 2019	Western Bulldogs	Dale Morris	(id 1267)
NEW	AFL 2019	Geelong	Scott Selwood	(id 1268)
NEW	AFL 2019	Fremantle	Jason Carter	(id 1269)
NEW	AFL 2019	Carlton	Angus Schumacher	(id 1270)
GAP	1	"Kade Chandler"	2019 missed → linked to id 429 (played 2021–2026)
GAP	1	"Zach Sproule"	2019 missed → linked to id 1016 (played 2021–2022)
NEW	AFL 2019	Essendon	Tom Jok	(id 1271)
NEW	AFL 2019	St Kilda	Sam Rowe	(id 1272)
NEW	AFL 2019	Brisbane Lions	Cedric Cox	(id 1273)
GAP	2	"Hugh Dixon"	2019 missed → linked to id 966 (played 2022)
NEW	AFL 2019	Fremantle	Scott Jones	(id 1274)
NEW	AFL 2018	Richmond	Shaun Grigg	(id 1275)
NEW	AFL 2018	Carlton	Ciaran Byrne	(id 1276)
NEW	AFL 2018	Carlton	Jed Lamb	(id 1277)
NEW	AFL 2018	Carlton	Aaron Mullett	(id 1278)
NEW	AFL 2018	Carlton	Matthew Wright	(id 1279)
NEW	AFL 2018	Essendon	Matt Dea	(id 1280)
NEW	AFL 2018	Essendon	Brendon Goddard	(id 1281)
NEW	AFL 2018	Essendon	Josh Green	(id 1282)
GAP	1	"James Stewart"	2018 missed → linked to id 949 (played 2020–2022)
NEW	AFL 2018	Adelaide	Curtly Hampton	(id 1283)
GAP	3	"Paddy McCartin"	2018 missed → linked to id 876 (played 2022–2023)
GAP	1	"Dylan Roberton"	2018 missed → linked to id 1127 (played 2020)
NEW	AFL 2018	St Kilda	Koby Stevens	(id 1284)
NEW	AFL 2018	Brisbane Lions	Tom Bell	(id 1285)
GAP	1	"Sam Mayes"	2018 missed → linked to id 989 (played 2020–2022)
NEW	AFL 2018	Port Adelaide	Dom Barry	(id 1286)
NEARMISS	AFL 2018	Port Adelaide	"Dom Barry" ~ "Tom Berry"	(78%)
NEW	AFL 2018	Fremantle	Michael Johnson	(id 1287)
NEW	AFL 2018	Fremantle	Shane Kersten	(id 1288)
NEW	AFL 2018	Fremantle	Danyle Pearce	(id 1289)
NEW	AFL 2018	Gold Coast	Matt Rosa	(id 1290)
GAP	3	"Rory Thompson"	2018 missed → linked to id 1011 (played 2022)
NEW	AFL 2018	North Melbourne	Billy Hartung	(id 1291)
NEW	AFL 2018	North Melbourne	Ben Jacobs	(id 1292)
NEW	AFL 2018	North Melbourne	Jarrad Waite	(id 1293)
GAP	1	"Tom Mitchell"	2018 missed → linked to id 751 (played 2020–2025)
NEW	AFL 2018	Hawthorn	Cyril Rioli	(id 1294)
NEW	AFL 2018	Hawthorn	Ryan Schoenmakers	(id 1295)
GAP	1	"Lynden Dunn"	2018 missed → linked to id 1174 (played 2020)
NEW	AFL 2018	Collingwood	Sam Murray	(id 1296)
NEARMISS	AFL 2018	Collingwood	"Sam Murray" ~ "Jai Murray"	(80%)
GAP	1	"Jonathon Patton"	2018 missed → linked to id 1129 (played 2020)
NEW	AFL 2018	Western Bulldogs	Shane Biggs	(id 1297)
NEW	AFL 2018	Western Bulldogs	Mitch Honeychurch	(id 1298)
NEW	AFL 2018	Melbourne	Corey Maynard	(id 1299)
NEW	AFL 2018	Melbourne	Cameron Pedersen	(id 1300)
NEW	AFL 2018	Melbourne	Bernie Vince	(id 1301)
NEW	AFL 2018	Geelong	Cory Gregson	(id 1302)
NEW	AFL 2018	West Coast	Mark LeCras	(id 1303)
NEW	AFL 2018	Sydney	Nick Smith	(id 1304)
NEW	AFL 2018	Sydney	Dean Towers	(id 1305)
NEW	AFL 2018	Carlton	Cameron OShea	(id 1306)
GAP	1	"Tim Broomhead"	2018 missed → linked to id 1173 (played 2020)
NEW	AFL 2018	Brisbane Lions	Rohan Bewick	(id 1307)
NEW	AFL 2018	Melbourne	Tomas Bugg	(id 1308)
GAP	1	"Lin Jong"	2018 missed → linked to id 1084 (played 2020–2021)
NEW	AFL 2018	Western Bulldogs	Lukas Webb	(id 1309)
GAP	2	"Nakia Cockatoo"	2018 missed → linked to id 956 (played 2021–2022)
GAP	1	"Majak Daw"	2018 missed → linked to id 1164 (played 2020)
NEW	AFL 2018	St Kilda	Nathan Wright	(id 1310)
NEW	AFL 2018	Hawthorn	Will Langford	(id 1311)
NEARMISS	AFL 2018	Hawthorn	"Will Langford" ~ "Kyle Langford"	(77%)
NEW	AFL 2018	Western Bulldogs	Jack Redpath	(id 1312)
NEW	AFL 2018	Greater Western Sydney	Ryan Griffen	(id 1313)
NEW	AFL 2018	Carlton	Nick Graham	(id 1314)
NEARMISS	AFL 2018	Carlton	"Nick Graham" ~ "Jack Graham"	(82%)
NEW	AFL 2018	Geelong	Jordan Cunico	(id 1315)
NEW	AFL 2018	St Kilda	Sam Gilbert	(id 1316)
NEW	AFL 2018	Sydney	Harrison Marsh	(id 1317)
NEW	AFL 2018	Carlton	Sam Kerridge	(id 1318)
NEW	AFL 2018	Port Adelaide	Jake Neade	(id 1319)
NEW	AFL 2018	Port Adelaide	Lindsay Thomas	(id 1320)
NEW	AFL 2018	Western Bulldogs	Tom Boyd	(id 1321)
NEW	AFL 2018	Gold Coast	Jesse Lonergan	(id 1322)
NEW	AFL 2018	Essendon	Jackson Merrett	(id 1323)
NEW	AFL 2018	Sydney	Dan Robinson	(id 1324)
GAP	2	"Nick Shipley"	2018 missed → linked to id 1066 (played 2021)
NEW	AFL 2018	Gold Coast	Michael Barlow	(id 1325)
NEW	AFL 2018	Gold Coast	Max Spencer	(id 1326)
NEW	AFL 2018	Essendon	Matthew Leuenberger	(id 1327)
NEW	AFL 2018	Collingwood	Jarryd Blair	(id 1328)
NEW	AFL 2018	Geelong	Stewart Crameri	(id 1329)
NEW	AFL 2018	Greater Western Sydney	Dylan Buckley	(id 1330)
NEW	AFL 2018	Gold Coast	Brayden Crossley	(id 1331)
NEW	AFL 2018	Hawthorn	Brendan Whitecross	(id 1332)
GAP	1	"Matt Eagles"	2018 missed → linked to id 1172 (played 2020)
GAP	1	"Brayden Ainsworth"	2018 missed → linked to id 979 (played 2020–2022)
NEW	AFL 2018	West Coast	Fraser McInnes	(id 1333)
NEW	AFL 2018	Gold Coast	Jack Leslie	(id 1334)
NEW	AFL 2018	Adelaide	Sam Gibson	(id 1335)
NEW	AFL 2018	Greater Western Sydney	Tim Mohr	(id 1336)
NEW	AFL 2018	St Kilda	Bailey Rice	(id 1337)
NEW	AFL 2018	Carlton	Pat Kerr	(id 1338)
GAP	1	"Callum Moore"	2018 missed → linked to id 1161 (played 2020)
NEW	AFL 2018	St Kilda	Logan Austin	(id 1339)
GAP	3	"Aaron Black"	2018 missed → linked to id 980 (played 2022)
GAP	1	"Jamaine Jones"	2018 missed → linked to id 337 (played 2020–2024)
NEW	AFL 2018	Geelong	Wylie Buzza	(id 1340)
GAP	1	"Tom Murphy"	2018 missed → linked to id 1125 (played 2020)
NEW	AFL 2018	Fremantle	Michael Apeness	(id 1341)
GAP	2	"Stefan Giro"	2018 missed → linked to id 982 (played 2021–2022)
GAP	1	"Joel Smith"	2018 missed → linked to id 924 (played 2020–2023)
NEW	AFL 2018	Adelaide	Kyle Cheney	(id 1342)
NEW	AFL 2018	Western Bulldogs	Brad Lynch	(id 1343)
NEW	AFL 2018	Carlton	Jarrod Pickett	(id 1344)
NEW	AFL 2018	Port Adelaide	Jack Trengove	(id 1345)
NEARMISS	AFL 2018	Port Adelaide	"Jack Trengove" ~ "Jackson Trengove"	(81%)
NEW	AFL 2018	Brisbane Lions	Jake Barrett	(id 1346)
NEW	AFL 2018	Hawthorn	Teia Miles	(id 1347)
NEW	AFL 2018	Hawthorn	Jonathan ORourke	(id 1348)
NEW	AFL 2018	Essendon	Jake Long	(id 1349)
GAP	1	"Sam Simpson"	2018 missed → linked to id 909 (played 2020–2023)
NEW	AFL 2018	Carlton	Matt Shaw	(id 1350)
NEW	AFL 2018	North Melbourne	Alex Morgan	(id 1351)
GAP	1	"Darcy Cameron"	2018 missed → linked to id 168 (played 2020–2026)
GAP	1	"Will Walker"	2018 missed → linked to id 1168 (played 2020)
GAP	4	"Fergus Greene"	2018 missed → linked to id 882 (played 2023)
NEW	AFL 2018	Sydney	Alex Johnson	(id 1352)
NEARMISS	AFL 2018	Sydney	"Alex Johnson" ~ "Alex Dodson"	(75%)
NEW	AFL 2018	St Kilda	Nathan Freeman	(id 1353)
GAP	1	"Aaron Vandenberg"	2018 missed → linked to id 1100 (played 2020–2021)
NEW	AFL 2018	Fremantle	Brady Grey	(id 1354)
NEW	AFL 2018	Collingwood	Adam Oxley	(id 1355)
GAP	2	"Nathan Murphy"	2018 missed → linked to id 857 (played 2021–2023)
GAP	1	"Tom De Koning"	2018 missed → linked to id 737 (played 2020–2026)
NEW	AFL 2018	Collingwood	Tyson Goldsack	(id 1356)
NEW	AFL 2017	Carlton	Dennis Armfield	(id 1357)
GAP	2	"Sam Docherty"	2017 missed → linked to id 669 (played 2020–2025)
GAP	1	"Harrison Macreadie"	2017 missed → linked to id 1244 (played 2019)
NEW	AFL 2017	Carlton	Billie Smedts	(id 1358)
NEW	AFL 2017	Carlton	Simon White	(id 1359)
NEW	AFL 2017	Richmond	Ben Griffiths	(id 1360)
NEW	AFL 2017	Richmond	Taylor Hunt	(id 1361)
NEW	AFL 2017	Collingwood	Jackson Ramsay	(id 1362)
NEW	AFL 2017	Collingwood	Henry Schade	(id 1363)
NEW	AFL 2017	Collingwood	Jesse White	(id 1364)
NEW	AFL 2017	Western Bulldogs	Matthew Boyd	(id 1365)
NEW	AFL 2017	Western Bulldogs	Travis Cloke	(id 1366)
NEW	AFL 2017	Western Bulldogs	Robert Murphy	(id 1367)
NEW	AFL 2017	Western Bulldogs	Liam Picken	(id 1368)
NEW	AFL 2017	St Kilda	Nick Riewoldt	(id 1369)
NEARMISS	AFL 2017	St Kilda	"Nick Riewoldt" ~ "Jack Riewoldt"	(85%)
NEW	AFL 2017	Sydney	Jordan Foote	(id 1370)
NEW	AFL 2017	Sydney	Jeremy Laidler	(id 1371)
GAP	2	"Sam Naismith"	2017 missed → linked to id 678 (played 2020–2024)
NEW	AFL 2017	Sydney	Kurt Tippett	(id 1372)
GAP	1	"Matthew Broadbent"	2017 missed → linked to id 1238 (played 2019)
NEW	AFL 2017	Port Adelaide	Brett Eddy	(id 1373)
GAP	1	"Martin Gleeson"	2017 missed → linked to id 1064 (played 2019–2021)
NEW	AFL 2017	Essendon	James Kelly	(id 1374)
NEARMISS	AFL 2017	Essendon	"James Kelly" ~ "Jake Kelly"	(82%)
NEW	AFL 2017	Essendon	Brent Stanton	(id 1375)
NEW	AFL 2017	Essendon	Jobe Watson	(id 1376)
NEARMISS	AFL 2017	Essendon	"Jobe Watson" ~ "Tobe Watson"	(91%)
GAP	1	"Grant Birchall"	2017 missed → linked to id 1051 (played 2019–2021)
NEW	AFL 2017	Hawthorn	Josh Gibson	(id 1377)
NEW	AFL 2017	Hawthorn	Ty Vickery	(id 1378)
NEW	AFL 2017	Brisbane Lions	Michael Close	(id 1379)
NEW	AFL 2017	Brisbane Lions	Ryan Harwood	(id 1380)
NEW	AFL 2017	North Melbourne	Lachlan Hansen	(id 1381)
GAP	2	"Mitchell Hibberd"	2017 missed → linked to id 1153 (played 2020)
GAP	4	"Declan Mountford"	2017 missed → linked to id 983 (played 2022)
GAP	1	"Braydon Preuss"	2017 missed → linked to id 990 (played 2019–2022)
NEW	AFL 2017	North Melbourne	Andrew Swallow	(id 1382)
NEW	AFL 2017	West Coast	Josh Hill	(id 1383)
NEW	AFL 2017	West Coast	Eric Mackenzie	(id 1384)
NEW	AFL 2017	West Coast	Sam Mitchell	(id 1385)
NEARMISS	AFL 2017	West Coast	"Sam Mitchell" ~ "Tom Mitchell"	(83%)
NEW	AFL 2017	West Coast	Drew Petrie	(id 1386)
NEW	AFL 2017	West Coast	Matt Priddis	(id 1387)
NEW	AFL 2017	West Coast	Sharrod Wellingham	(id 1388)
NEW	AFL 2017	Adelaide	Troy Menzel	(id 1389)
NEW	AFL 2017	Greater Western Sydney	Steve Johnson	(id 1390)
GAP	1	"Shane Mumford"	2017 missed → linked to id 1079 (played 2019–2021)
NEW	AFL 2017	Greater Western Sydney	Tendai Mzungu	(id 1391)
NEW	AFL 2017	Fremantle	Zac Dawson	(id 1392)
NEARMISS	AFL 2017	Fremantle	"Zac Dawson" ~ "Jacob Dawson"	(75%)
NEW	AFL 2017	Fremantle	Jonathon Griffin	(id 1393)
NEW	AFL 2017	Fremantle	Garrick Ibbotson	(id 1394)
NEW	AFL 2017	Fremantle	Lee Spurr	(id 1395)
NEW	AFL 2017	Fremantle	Nick Suban	(id 1396)
NEW	AFL 2017	Geelong	Josh Cowan	(id 1397)
NEARMISS	AFL 2017	Geelong	"Josh Cowan" ~ "Josh Dolan"	(80%)
NEW	AFL 2017	Geelong	Tom Lonergan	(id 1398)
NEW	AFL 2017	Geelong	Andrew Mackie	(id 1399)
NEW	AFL 2017	Geelong	Tom Ruggles	(id 1400)
NEW	AFL 2017	Richmond	Ben Lennon	(id 1401)
GAP	1	"Tom Campbell"	2017 missed → linked to id 734 (played 2019–2024)
NEW	AFL 2017	Hawthorn	Kade Stewart	(id 1402)
NEARMISS	AFL 2017	Hawthorn	"Kade Stewart" ~ "James Stewart"	(77%)
NEW	AFL 2017	Brisbane Lions	Jack Frost	(id 1403)
NEARMISS	AFL 2017	Brisbane Lions	"Jack Frost" ~ "Jack Ross"	(80%)
NEW	AFL 2017	Essendon	Ben Howlett	(id 1404)
NEW	AFL 2017	West Coast	Jonathan Giles	(id 1405)
NEW	AFL 2017	St Kilda	Leigh Montagna	(id 1406)
GAP	1	"Taylor Garner"	2017 missed → linked to id 1091 (played 2019–2021)
NEW	AFL 2017	Richmond	Todd Elton	(id 1407)
NEW	AFL 2017	Fremantle	Harley Balic	(id 1408)
GAP	1	"Griffin Logue"	2017 missed → linked to id 224 (played 2019–2026)
NEW	AFL 2017	Carlton	Rhys Palmer	(id 1409)
GAP	1	"Tom Williamson"	2017 missed → linked to id 935 (played 2019–2022)
NEW	AFL 2017	Essendon	Heath Hocking	(id 1410)
GAP	4	"Sam Butler"	2017 missed → linked to id 662 (played 2022–2026)
NEW	AFL 2017	Western Bulldogs	Clay Smith	(id 1411)
NEW	AFL 2017	Melbourne	Jake Spencer	(id 1412)
NEARMISS	AFL 2017	Melbourne	"Jake Spencer" ~ "Max Spencer"	(75%)
NEW	AFL 2017	Port Adelaide	Matt White	(id 1413)
GAP	1	"Jamie Elliott"	2017 missed → linked to id 352 (played 2019–2026)
NEW	AFL 2017	Brisbane Lions	Claye Beams	(id 1414)
NEW	AFL 2017	Brisbane Lions	Liam Dawson	(id 1415)
GAP	1	"Brad Crouch"	2017 missed → linked to id 73 (played 2019–2024)
GAP	2	"Darren Minchington"	2017 missed → linked to id 1159 (played 2020)
GAP	1	"Oleg Markov"	2017 missed → linked to id 602 (played 2019–2025)
NEW	AFL 2017	Carlton	Alex Silvagni	(id 1416)
NEW	AFL 2017	Sydney	Brandon Jack	(id 1417)
NEW	AFL 2017	West Coast	Kurt Mutimer	(id 1418)
NEW	AFL 2017	Richmond	Steven Morris	(id 1419)
GAP	1	"Corey Wagner"	2017 missed → linked to id 155 (played 2019–2026)
NEW	AFL 2017	Brisbane Lions	Marco Paparone	(id 1420)
NEW	AFL 2017	Hawthorn	Jack Fitzpatrick	(id 1421)
NEW	AFL 2017	Richmond	Jake Batchelor	(id 1422)
GAP	2	"Keegan Brooksby"	2017 missed → linked to id 1162 (played 2020)
NEW	AFL 2017	Brisbane Lions	Matthew Hammelmann	(id 1423)
NEW	AFL 2017	Hawthorn	Kurt Heatherley	(id 1424)
NEW	AFL 2017	Hawthorn	Dallas Willsmore	(id 1425)
GAP	1	"Archie Smith"	2017 missed → linked to id 1145 (played 2019–2020)
NEW	AFL 2017	Carlton	Liam Sumner	(id 1426)
NEW	AFL 2017	West Coast	Malcolm Karpany	(id 1427)
NEW	AFL 2017	Port Adelaide	Jimmy Toumpas	(id 1428)
NEW	AFL 2017	Adelaide	Jonathon Beech	(id 1429)
NEW	AFL 2017	Gold Coast	Mackenzie Willis	(id 1430)
GAP	1	"Sam Collins"	2017 missed → linked to id 664 (played 2019–2026)
NEW	AFL 2017	Carlton	Blaine Boekhorst	(id 1431)
GAP	1	"Josh Deluca"	2017 missed → linked to id 1261 (played 2019)
NEW	AFL 2017	Melbourne	Mitch White	(id 1432)
NEW	AFL 2017	Carlton	Ciaran Sheehan	(id 1433)
NEW	AFL 2017	Gold Coast	Ryan Davis	(id 1434)
GAP	1	"Tyson Stengle"	2017 missed → linked to id 767 (played 2019–2025)
NEW	AFL 2017	North Melbourne	Dan Nielson	(id 1435)
GAP	1	"Joe Atley"	2017 missed → linked to id 1242 (played 2019)
NEW	AFL 2017	Essendon	Craig Bird	(id 1436)
GAP	1	"Nick Larkey"	2017 missed → linked to id 590 (played 2019–2026)
NEW	AFL 2017	North Melbourne	Josh Williams	(id 1437)
NEARMISS	AFL 2017	North Melbourne	"Josh Williams" ~ "Jack Williams"	(77%)
GAP	1	"Jack Scrimshaw"	2017 missed → linked to id 299 (played 2019–2026)
GAP	1	"Will Setterfield"	2017 missed → linked to id 786 (played 2019–2026)
GAP	1	"Rupert Wills"	2017 missed → linked to id 1141 (played 2019–2020)
NEW	AFL 2017	West Coast	Luke Partington	(id 1438)
NEW	AFL 2017	Brisbane Lions	Jarrad Jansen	(id 1439)
GAP	2	"Sam Skinner"	2017 missed → linked to id 975 (played 2020–2022)
NEW	AFL 2017	Gold Coast	Daniel Currie	(id 1440)
NEARMISS	AFL 2017	Gold Coast	"Daniel Currie" ~ "Daniel Curtin"	(85%)
NEW	AFL 2017	Gold Coast	Jarrad Grant	(id 1441)
NEW	AFL 2017	Gold Coast	Mitch Hallahan	(id 1442)
NEW	AFL 2017	Port Adelaide	Angus Monfries	(id 1443)
GAP	2	"Harley Bennell"	2017 missed → linked to id 1137 (played 2020)
NEW	AFL 2017	Collingwood	Kayle Kirby	(id 1444)
GAP	1	"Ben McKay"	2017 missed → linked to id 58 (played 2019–2026)
NEW	AFL 2016	Richmond	Shaun Hampson	(id 1445)
NEW	AFL 2016	Carlton	Andrejs Everitt	(id 1446)
NEW	AFL 2016	Carlton	Michael Jamison	(id 1447)
NEARMISS	AFL 2016	Carlton	"Michael Jamison" ~ "Michael Johnson"	(80%)
NEW	AFL 2016	Carlton	Andrew Walker	(id 1448)
NEW	AFL 2016	Melbourne	Colin Garland	(id 1449)
NEW	AFL 2016	Melbourne	Matt Jones	(id 1450)
NEW	AFL 2016	Melbourne	Ben Kennedy	(id 1451)
GAP	1	"Aaron Vandenberg"	2016 missed → linked to id 1100 (played 2018–2021)
NEW	AFL 2016	Gold Coast	Clay Cameron	(id 1452)
GAP	1	"Sam Day"	2016 missed → linked to id 667 (played 2018–2025)
NEW	AFL 2016	Gold Coast	Nick Malceski	(id 1453)
NEW	AFL 2016	Gold Coast	Tom Nicholls	(id 1454)
NEW	AFL 2016	Essendon	Adam Cooney	(id 1455)
NEW	AFL 2016	Essendon	Ryan Crowley	(id 1456)
NEW	AFL 2016	Essendon	James Gwilt	(id 1457)
GAP	1	"Jackson Merrett"	2016 missed → linked to id 1323 (played 2018)
NEW	AFL 2016	Essendon	Jonathan Simpkin	(id 1458)
NEW	AFL 2016	Essendon	Mathew Stokes	(id 1459)
NEW	AFL 2016	North Melbourne	Nick Dal Santo	(id 1460)
NEW	AFL 2016	North Melbourne	Michael Firrito	(id 1461)
NEW	AFL 2016	North Melbourne	Brent Harvey	(id 1462)
GAP	1	"Sam Wright"	2016 missed → linked to id 1227 (played 2018–2019)
GAP	1	"Kyle Cheney"	2016 missed → linked to id 1342 (played 2018)
NEW	AFL 2016	Adelaide	Nathan van Berlo	(id 1463)
NEW	AFL 2016	Sydney	Michael Talia	(id 1464)
NEW	AFL 2016	Collingwood	Corey Gault	(id 1465)
NEW	AFL 2016	Collingwood	Brent Macaffer	(id 1466)
NEW	AFL 2016	Collingwood	Ben Sinclair	(id 1467)
NEW	AFL 2016	Collingwood	Dane Swan	(id 1468)
GAP	2	"Zac Clarke"	2016 missed → linked to id 1221 (played 2019)
NEW	AFL 2016	Fremantle	Matthew Pavlich	(id 1469)
NEW	AFL 2016	Fremantle	Clancee Pearce	(id 1470)
NEW	AFL 2016	Port Adelaide	Alipate Carlile	(id 1471)
GAP	1	"Matthew Lobbe"	2016 missed → linked to id 1222 (played 2018–2019)
NEW	AFL 2016	Port Adelaide	Jay Schulz	(id 1472)
NEW	AFL 2016	St Kilda	Sean Dempster	(id 1473)
NEW	AFL 2016	St Kilda	Sam Fisher	(id 1474)
NEARMISS	AFL 2016	St Kilda	"Sam Fisher" ~ "Zac Fisher"	(80%)
NEW	AFL 2016	St Kilda	Eli Templeton	(id 1475)
NEW	AFL 2016	West Coast	Jamie Bennell	(id 1476)
NEW	AFL 2016	West Coast	Xavier Ellis	(id 1477)
GAP	1	"Nic Naitanui"	2016 missed → linked to id 969 (played 2018–2022)
GAP	1	"Allen Christensen"	2016 missed → linked to id 1225 (played 2018–2019)
NEW	AFL 2016	Brisbane Lions	Jonathan Freeman	(id 1478)
NEARMISS	AFL 2016	Brisbane Lions	"Jonathan Freeman" ~ "Nathan Freeman"	(88%)
NEW	AFL 2016	Geelong	Jimmy Bartel	(id 1479)
NEW	AFL 2016	Geelong	Corey Enright	(id 1480)
GAP	1	"Cory Gregson"	2016 missed → linked to id 1302 (played 2018)
GAP	5	"Angus Dewar"	2016 missed → linked to id 981 (played 2022)
GAP	1	"Jonathan ORourke"	2016 missed → linked to id 1348 (played 2018)
GAP	1	"Marc Pittonet"	2016 missed → linked to id 516 (played 2018–2026)
GAP	1	"Adam Oxley"	2016 missed → linked to id 1355 (played 2018)
NEW	AFL 2016	Essendon	Nick Kommer	(id 1481)
NEW	AFL 2016	Melbourne	Heritier Lumumba	(id 1482)
NEW	AFL 2016	Brisbane Lions	Daniel Merrett	(id 1483)
GAP	1	"Ben Jacobs"	2016 missed → linked to id 1292 (played 2018)
GAP	1	"Alex Pearce"	2016 missed → linked to id 15 (played 2018–2026)
GAP	1	"Jonathon Ceglar"	2016 missed → linked to id 896 (played 2018–2023)
NEW	AFL 2016	Sydney	Ted Richards	(id 1484)
NEARMISS	AFL 2016	Sydney	"Ted Richards" ~ "Ed Richards"	(92%)
NEW	AFL 2016	Port Adelaide	Paul Stewart	(id 1485)
NEARMISS	AFL 2016	Port Adelaide	"Paul Stewart" ~ "Kade Stewart"	(75%)
NEW	AFL 2016	Collingwood	Matthew Goodyear	(id 1486)
NEW	AFL 2016	Richmond	Troy Chaplin	(id 1487)
NEW	AFL 2016	Sydney	Ben McGlynn	(id 1488)
NEW	AFL 2016	Greater Western Sydney	Joel Patfull	(id 1489)
NEW	AFL 2016	Carlton	Mark Whiley	(id 1490)
NEW	AFL 2016	Brisbane Lions	Billy Evans	(id 1491)
NEW	AFL 2016	Richmond	Andrew Moore	(id 1492)
NEW	AFL 2016	St Kilda	Tom Lee	(id 1493)
NEW	AFL 2016	Western Bulldogs	Jed Adcock	(id 1494)
NEW	AFL 2016	Collingwood	Alan Toovey	(id 1495)
NEW	AFL 2016	Gold Coast	Luke Russell	(id 1496)
GAP	1	"Cameron OShea"	2016 missed → linked to id 1306 (played 2018)
NEW	AFL 2016	Richmond	Ivan Maric	(id 1497)
NEARMISS	AFL 2016	Richmond	"Ivan Maric" ~ "Ryan Maric"	(80%)
NEW	AFL 2016	Essendon	Courtenay Dempsey	(id 1498)
NEW	AFL 2016	Essendon	Sam Grimley	(id 1499)
NEW	AFL 2016	Hawthorn	Kieran Lovell	(id 1500)
NEW	AFL 2016	Port Adelaide	Nathan Krakouer	(id 1501)
NEW	AFL 2016	Essendon	James Polkinghorne	(id 1502)
NEW	AFL 2016	Essendon	Nathan Grima	(id 1503)
GAP	1	"Mason Redman"	2016 missed → linked to id 525 (played 2018–2026)
GAP	1	"Jarrod Garlett"	2016 missed → linked to id 1191 (played 2018–2019)
NEW	AFL 2016	Melbourne	Viv Michie	(id 1504)
NEW	AFL 2016	North Melbourne	Robin Nahas	(id 1505)
NEW	AFL 2016	North Melbourne	Brad McKenzie	(id 1506)
NEW	AFL 2016	Sydney	Jack Hiscox	(id 1507)
NEW	AFL 2016	Gold Coast	Seb Tape	(id 1508)
NEW	AFL 2016	North Melbourne	Farren Ray	(id 1509)
NEW	AFL 2016	Carlton	Daniel Gorringe	(id 1510)
NEW	AFL 2016	Melbourne	Ben Newton	(id 1511)
NEW	AFL 2016	Brisbane Lions	Jackson Paine	(id 1512)
NEW	AFL 2016	Brisbane Lions	Trent West	(id 1513)
NEW	AFL 2016	Western Bulldogs	Kieran Collins	(id 1514)
NEW	AFL 2016	Hawthorn	Matthew Spangher	(id 1515)
NEARMISS	AFL 2016	Hawthorn	"Matthew Spangher" ~ "Matthew Parker"	(75%)
NEW	AFL 2016	St Kilda	Brodie Murdoch	(id 1516)
NEW	AFL 2016	Essendon	Shaun Edwards	(id 1517)
NEARMISS	AFL 2016	Essendon	"Shaun Edwards" ~ "Shane Edwards"	(85%)
NEW	AFL 2016	Essendon	Mark Jamar	(id 1518)
NEW	AFL 2016	Melbourne	Chris Dawes	(id 1519)
GAP	1	"Michael Apeness"	2016 missed → linked to id 1341 (played 2018)
NEW	AFL 2016	Essendon	Will Hams	(id 1520)
NEARMISS	AFL 2016	Essendon	"Will Hams" ~ "Will Hayes"	(80%)
GAP	1	"Hugh Goddard"	2016 missed → linked to id 1259 (played 2018–2019)
NEW	AFL 2016	Fremantle	Jack Hannath	(id 1521)
NEW	AFL 2016	Fremantle	Tanner Smith	(id 1522)
NEW	AFL 2016	St Kilda	Luke Delaney	(id 1523)
GAP	1	"Lewis Pierce"	2016 missed → linked to id 1207 (played 2018–2019)
GAP	2	"Jonathon Marsh"	2016 missed → linked to id 1142 (played 2019–2020)
NEW	AFL 2016	Essendon	Jason Ashby	(id 1524)
NEW	AFL 2016	Greater Western Sydney	Tom Downie	(id 1525)
NEW	AFL 2016	Carlton	Jason Tutt	(id 1526)
NEW	AFL 2016	West Coast	Patrick McGinnity	(id 1527)
NEW	AFL 2016	Port Adelaide	Kane Mitchell	(id 1528)
NEARMISS	AFL 2016	Port Adelaide	"Kane Mitchell" ~ "Caleb Mitchell"	(79%)
NEW	AFL 2016	Western Bulldogs	Will Minson	(id 1529)
NEW	AFL 2016	Geelong	Mitch Clark	(id 1530)
NEW	AFL 2016	Brisbane Lions	Reuben William	(id 1531)
NEW	AFL 2016	Richmond	Liam McBean	(id 1532)
NEW	AFL 2016	Melbourne	Jack Grimes	(id 1533)
NEW	AFL 2016	Essendon	Sam Michael	(id 1534)
NEARMISS	AFL 2016	Essendon	"Sam Michael" ~ "Sam Mitchell"	(75%)
NEW	AFL 2016	Carlton	Kristian Jaksch	(id 1535)
NEW	AFL 2016	Sydney	Xavier Richards	(id 1536)
NEW	AFL 2016	Fremantle	Shane Yarran	(id 1537)
NEW	AFL 2016	Richmond	Nathan Drummond	(id 1538)
NEW	AFL 2016	Port Adelaide	John Butcher	(id 1539)
NEW	AFL 2016	Richmond	Adam Marcon	(id 1540)
NEW	AFL 2016	West Coast	Simon Tunbridge	(id 1541)
GAP	1	"Cam Ellis-Yolmen"	2016 missed → linked to id 1144 (played 2018–2020)
GAP	2	"Reilly OBrien"	2016 missed → linked to id 633 (played 2019–2026)
NEW	AFL 2016	Port Adelaide	Jesse Palmer	(id 1542)
GAP	1	"Jake Long"	2016 missed → linked to id 1349 (played 2018)
GAP	1	"Callum Moore"	2016 missed → linked to id 1161 (played 2018–2020)
NEW	AFL 2016	St Kilda	Jason Holmes	(id 1543)
NEW	AFL 2016	Brisbane Lions	Josh Clayton	(id 1544)
GAP	1	"Roarke Smith"	2016 missed → linked to id 934 (played 2018–2022)
GAP	2	"Mabior Chol"	2016 missed → linked to id 511 (played 2019–2026)
GAP	2	"Will Snelling"	2016 missed → linked to id 903 (played 2019–2023)
NEW	AFL 2015	Carlton	Andrew Carrazzo	(id 1545)
NEW	AFL 2015	Carlton	Chris Judd	(id 1546)
GAP	1	"Troy Menzel"	2015 missed → linked to id 1389 (played 2017)
NEW	AFL 2015	Carlton	Clem Smith	(id 1547)
NEARMISS	AFL 2015	Carlton	"Clem Smith" ~ "Clay Smith"	(80%)
NEW	AFL 2015	Carlton	Cameron Wood	(id 1548)
NEW	AFL 2015	Carlton	Chris Yarran	(id 1549)
NEW	AFL 2015	Richmond	Nathan Gordon	(id 1550)
NEW	AFL 2015	Richmond	Chris Newman	(id 1551)
NEW	AFL 2015	Melbourne	Daniel Cross	(id 1552)
GAP	1	"Jay Kennedy Harris"	2015 missed → linked to id 1249 (played 2017–2019)
GAP	1	"Harley Bennell"	2015 missed → linked to id 1137 (played 2017–2020)
NEW	AFL 2015	Gold Coast	Greg Broughton	(id 1553)
GAP	1	"David Swallow"	2015 missed → linked to id 181 (played 2017–2025)
NEW	AFL 2015	Sydney	Adam Goodes	(id 1554)
NEW	AFL 2015	Sydney	Mike Pyke	(id 1555)
NEW	AFL 2015	Sydney	Rhyce Shaw	(id 1556)
GAP	1	"Tom Bellchambers"	2015 missed → linked to id 1110 (played 2017–2020)
GAP	1	"Jake Carlisle"	2015 missed → linked to id 1072 (played 2017–2021)
NEW	AFL 2015	Essendon	Paul Chapman	(id 1557)
GAP	1	"Travis Colyer"	2015 missed → linked to id 964 (played 2017–2022)
NEW	AFL 2015	Essendon	Dustin Fletcher	(id 1558)
GAP	1	"Dyson Heppell"	2015 missed → linked to id 193 (played 2017–2024)
GAP	1	"Michael Hibberd"	2015 missed → linked to id 897 (played 2017–2023)
GAP	1	"Cale Hooker"	2015 missed → linked to id 1047 (played 2017–2021)
GAP	1	"Ben Howlett"	2015 missed → linked to id 1404 (played 2017)
GAP	1	"Michael Hurley"	2015 missed → linked to id 1030 (played 2017–2022)
GAP	1	"Jake Melksham"	2015 missed → linked to id 331 (played 2017–2026)
GAP	1	"David Myers"	2015 missed → linked to id 1215 (played 2017–2019)
GAP	1	"Brent Stanton"	2015 missed → linked to id 1375 (played 2017)
GAP	1	"Jobe Watson"	2015 missed → linked to id 1376 (played 2017)
NEW	AFL 2015	Brisbane Lions	Justin Clarke	(id 1559)
NEARMISS	AFL 2015	Brisbane Lions	"Justin Clarke" ~ "Judson Clarke"	(77%)
NEW	AFL 2015	Brisbane Lions	Jaden McGrath	(id 1560)
GAP	1	"Jamie Elliott"	2015 missed → linked to id 352 (played 2017–2026)
GAP	1	"Stewart Crameri"	2015 missed → linked to id 1329 (played 2017–2018)
NEW	AFL 2015	Western Bulldogs	Brett Goodes	(id 1561)
NEW	AFL 2015	West Coast	Tom Lamb	(id 1562)
GAP	1	"Billy Longer"	2015 missed → linked to id 1232 (played 2017–2019)
NEW	AFL 2015	St Kilda	Ahmed Saad	(id 1563)
NEW	AFL 2015	St Kilda	Adam Schneider	(id 1564)
NEW	AFL 2015	St Kilda	Cameron Shenton	(id 1565)
NEARMISS	AFL 2015	St Kilda	"Cameron Shenton" ~ "Cameron Fleeton"	(80%)
GAP	1	"Curtly Hampton"	2015 missed → linked to id 1283 (played 2017–2018)
GAP	1	"Cam McCarthy"	2015 missed → linked to id 1111 (played 2017–2020)
NEW	AFL 2015	Adelaide	Matthew Jaensch	(id 1566)
NEW	AFL 2015	North Melbourne	Joel Tippett	(id 1567)
NEW	AFL 2015	Fremantle	Paul Duffield	(id 1568)
NEW	AFL 2015	Fremantle	Luke McPharlin	(id 1569)
NEW	AFL 2015	Port Adelaide	Kane Cornes	(id 1570)
GAP	1	"Angus Monfries"	2015 missed → linked to id 1443 (played 2017)
GAP	1	"Paddy Ryder"	2015 missed → linked to id 992 (played 2017–2022)
NEW	AFL 2015	Hawthorn	Brian Lake	(id 1571)
GAP	1	"Jarryd Roughead"	2015 missed → linked to id 1200 (played 2017–2019)
NEW	AFL 2015	Geelong	Jared Rivers	(id 1572)
GAP	1	"Dawson Simpson"	2015 missed → linked to id 1213 (played 2017–2019)
NEW	AFL 2015	Carlton	David Ellard	(id 1573)
NEW	AFL 2015	Richmond	Ricky Petterd	(id 1574)
NEW	AFL 2015	Western Bulldogs	Ayce Cordy	(id 1575)
NEW	AFL 2015	Adelaide	Mitch Grigg	(id 1576)
NEW	AFL 2015	St Kilda	Tom Curren	(id 1577)
NEW	AFL 2015	Port Adelaide	Jarrad Redden	(id 1578)
NEW	AFL 2015	Brisbane Lions	Matt Maguire	(id 1579)
NEW	AFL 2015	Brisbane Lions	Zac OBrien	(id 1580)
NEW	AFL 2015	Collingwood	Sam Dwyer	(id 1581)
NEW	AFL 2015	Collingwood	Patrick Karnezis	(id 1582)
NEARMISS	AFL 2015	Collingwood	"Patrick Karnezis" ~ "Patrick Parnell"	(75%)
GAP	1	"Jake Kelly"	2015 missed → linked to id 327 (played 2017–2024)
NEW	AFL 2015	Brisbane Lions	Brent Staker	(id 1583)
NEW	AFL 2015	Richmond	Chris Knights	(id 1584)
GAP	1	"Jackson Thurlow"	2015 missed → linked to id 1170 (played 2017–2020)
NEW	AFL 2015	Richmond	Matt Arnot	(id 1585)
NEW	AFL 2015	Richmond	Matt McDonough	(id 1586)
NEW	AFL 2015	Carlton	Matthew Dick	(id 1587)
NEW	AFL 2015	Brisbane Lions	Mitch Golby	(id 1588)
NEW	AFL 2015	Carlton	Robert Warnock	(id 1589)
NEW	AFL 2015	Gold Coast	Josh Glenn	(id 1590)
NEARMISS	AFL 2015	Gold Coast	"Josh Glenn" ~ "Josh Green"	(80%)
GAP	1	"Aaron Black"	2015 missed → linked to id 980 (played 2017–2022)
NEW	AFL 2015	Melbourne	Jordie McKenzie	(id 1591)
NEW	AFL 2015	Collingwood	Tony Armstrong	(id 1592)
NEW	AFL 2015	Gold Coast	Andrew Raines	(id 1593)
GAP	1	"Jake Spencer"	2015 missed → linked to id 1412 (played 2017)
NEW	AFL 2015	Hawthorn	David Hale	(id 1594)
NEW	AFL 2015	Melbourne	Rohan Bail	(id 1595)
NEW	AFL 2015	Carlton	Matthew Watson	(id 1596)
NEW	AFL 2015	Geelong	Sam Blease	(id 1597)
NEW	AFL 2015	Gold Coast	Danny Stanley	(id 1598)
NEW	AFL 2015	Melbourne	Aidan Riley	(id 1599)
GAP	1	"Brandon Jack"	2015 missed → linked to id 1417 (played 2017)
NEW	AFL 2015	Gold Coast	Andrew Boston	(id 1600)
NEW	AFL 2015	Adelaide	Brodie Martin	(id 1601)
NEW	AFL 2015	West Coast	Brant Colledge	(id 1602)
NEW	AFL 2015	Essendon	Elliott Kavanagh	(id 1603)
NEW	AFL 2015	Geelong	Michael Luxford	(id 1604)
NEW	AFL 2015	Brisbane Lions	Hugh Beasley	(id 1605)
NEW	AFL 2015	Brisbane Lions	Jordon Bourke	(id 1606)
NEW	AFL 2015	North Melbourne	Scott McMahon	(id 1607)
NEW	AFL 2015	Port Adelaide	Sam Colquhoun	(id 1608)
NEW	AFL 2015	Sydney	Tom Derickx	(id 1609)
NEW	AFL 2015	Essendon	Nick OBrien	(id 1610)
NEW	AFL 2015	Essendon	Jason Winderlich	(id 1611)
GAP	2	"Nick Holman"	2015 missed → linked to id 589 (played 2018–2026)
NEW	AFL 2015	Carlton	Blaine Johnson	(id 1612)
NEW	AFL 2015	Essendon	Ariel Steinberg	(id 1613)
NEW	AFL 2015	Carlton	Tom Fields	(id 1614)
NEW	AFL 2015	Essendon	Alex Browne	(id 1615)
NEW	AFL 2015	Western Bulldogs	Josh Prudden	(id 1616)
NEW	AFL 2015	Carlton	Brad Walsh	(id 1617)
NEW	AFL 2015	Adelaide	Sam Shaw	(id 1618)
GAP	1	"Matt Scharenberg"	2015 missed → linked to id 1151 (played 2017–2020)
NEW	AFL 2015	Western Bulldogs	Sam Darley	(id 1619)
NEARMISS	AFL 2015	Western Bulldogs	"Sam Darley" ~ "Sam Darcy"	(80%)
NEW	AFL 2015	Brisbane Lions	Luke McGuane	(id 1620)
GAP	1	"Heath Hocking"	2015 missed → linked to id 1410 (played 2017)
NEW	AFL 2015	Essendon	Tayte Pears	(id 1621)
NEW	AFL 2015	St Kilda	Josh Saunders	(id 1622)
NEARMISS	AFL 2015	St Kilda	"Josh Saunders" ~ "Jack Saunders"	(77%)
NEW	AFL 2015	Richmond	Matt Thomas	(id 1623)
NEW	AFL 2015	Gold Coast	Josh Hall	(id 1624)
NEARMISS	AFL 2015	Gold Coast	"Josh Hall" ~ "Josh Hill"	(89%)
NEW	AFL 2015	West Coast	Murray Newman	(id 1625)
NEW	AFL 2015	Western Bulldogs	Daniel Pearce	(id 1626)
NEARMISS	AFL 2015	Western Bulldogs	"Daniel Pearce" ~ "Danyle Pearce"	(77%)
NEW	AFL 2015	Fremantle	Jacob Ballard	(id 1627)
NEW	AFL 2015	Fremantle	Max Duffy	(id 1628)
GAP	1	"Jake Barrett"	2015 missed → linked to id 1346 (played 2017–2018)
NEW	AFL 2014	Collingwood	Luke Ball	(id 1629)
NEW	AFL 2014	Collingwood	Martin Clarke	(id 1630)
NEARMISS	AFL 2014	Collingwood	"Martin Clarke" ~ "Justin Clarke"	(77%)
GAP	1	"Brent Macaffer"	2014 missed → linked to id 1466 (played 2016)
NEW	AFL 2014	Collingwood	Nick Maxwell	(id 1631)
NEW	AFL 2014	Collingwood	Clinton Young	(id 1632)
GAP	1	"Ryan Crowley"	2014 missed → linked to id 1456 (played 2016)
NEW	AFL 2014	Greater Western Sydney	Dylan Addison	(id 1633)
NEW	AFL 2014	Greater Western Sydney	Josh Hunt	(id 1634)
NEW	AFL 2014	Sydney	Ryan OKeefe	(id 1635)
NEW	AFL 2014	Sydney	Lewis Roberts-Thomson	(id 1636)
NEARMISS	AFL 2014	Sydney	"Lewis Roberts-Thomson" ~ "Noah Roberts-Thomson"	(76%)
GAP	2	"Jaeger OMeara"	2014 missed → linked to id 320 (played 2017–2026)
NEW	AFL 2014	Gold Coast	Timmy Sumner	(id 1637)
NEARMISS	AFL 2014	Gold Coast	"Timmy Sumner" ~ "Liam Sumner"	(75%)
NEW	AFL 2014	Gold Coast	Matthew Warnock	(id 1638)
NEW	AFL 2014	Richmond	Nathan Foley	(id 1639)
NEARMISS	AFL 2014	Richmond	"Nathan Foley" ~ "Nathan Jones"	(75%)
NEW	AFL 2014	Carlton	Andrew McInnes	(id 1640)
NEARMISS	AFL 2014	Carlton	"Andrew McInnes" ~ "Andrew Raines"	(79%)
NEW	AFL 2014	Carlton	Brock McLean	(id 1641)
NEW	AFL 2014	Port Adelaide	Domenic Cassisi	(id 1642)
GAP	1	"Lincoln McCarthy"	2014 missed → linked to id 488 (played 2016–2026)
NEW	AFL 2014	Geelong	Hamish McIntosh	(id 1643)
GAP	1	"Brad Crouch"	2014 missed → linked to id 73 (played 2016–2024)
NEW	AFL 2014	Adelaide	Lewis Johnston	(id 1644)
NEW	AFL 2014	Adelaide	James Podsiadly	(id 1645)
NEW	AFL 2014	Adelaide	Jason Porplyzia	(id 1646)
NEW	AFL 2014	Adelaide	Ben Rutten	(id 1647)
NEW	AFL 2014	North Melbourne	Leigh Adams	(id 1648)
GAP	1	"Nathan Grima"	2014 missed → linked to id 1503 (played 2016)
NEW	AFL 2014	Essendon	Kyle Hardingham	(id 1649)
GAP	1	"Tim OBrien"	2014 missed → linked to id 904 (played 2016–2023)
NEW	AFL 2014	Hawthorn	Derick Wanganeen	(id 1650)
NEW	AFL 2014	Brisbane Lions	Jonathan Brown	(id 1651)
NEARMISS	AFL 2014	Brisbane Lions	"Jonathan Brown" ~ "Nathan Brown"	(86%)
NEW	AFL 2014	Brisbane Lions	Brent Moloney	(id 1652)
NEW	AFL 2014	St Kilda	Clinton Jones	(id 1653)
NEW	AFL 2014	St Kilda	Beau Maister	(id 1654)
NEW	AFL 2014	Melbourne	Shannon Byrnes	(id 1655)
NEW	AFL 2014	Melbourne	Alex Georgiou	(id 1656)
NEW	AFL 2014	Melbourne	Dean Terlich	(id 1657)
GAP	1	"Jack Trengove"	2014 missed → linked to id 1345 (played 2016–2018)
NEW	AFL 2014	West Coast	Dean Cox	(id 1658)
NEW	AFL 2014	West Coast	Darren Glass	(id 1659)
GAP	1	"Eric Mackenzie"	2014 missed → linked to id 1384 (played 2016–2017)
NEW	AFL 2014	Western Bulldogs	Daniel Giansiracusa	(id 1660)
GAP	1	"Tom Liberatore"	2014 missed → linked to id 746 (played 2016–2026)
NEW	AFL 2014	Richmond	Jake King	(id 1661)
NEARMISS	AFL 2014	Richmond	"Jake King" ~ "Jake Long"	(78%)
NEW	AFL 2014	Carlton	Kane Lucas	(id 1662)
NEW	AFL 2014	St Kilda	Lenny Hayes	(id 1663)
NEW	AFL 2014	Adelaide	Brent Reilly	(id 1664)
NEW	AFL 2014	Brisbane Lions	Jordan Lisle	(id 1665)
NEARMISS	AFL 2014	Brisbane Lions	"Jordan Lisle" ~ "Jordan Ridley"	(77%)
GAP	1	"Daniel Currie"	2014 missed → linked to id 1440 (played 2016–2017)
NEW	AFL 2014	Western Bulldogs	Tom Williams	(id 1666)
NEARMISS	AFL 2014	Western Bulldogs	"Tom Williams" ~ "Tom Williamson"	(86%)
NEW	AFL 2014	Richmond	Daniel Jackson	(id 1667)
NEW	AFL 2014	Richmond	Orren Stephenson	(id 1668)
NEW	AFL 2014	Adelaide	Jared Petrenko	(id 1669)
GAP	3	"Lachlan Keeffe"	2014 missed → linked to id 459 (played 2018–2025)
NEW	AFL 2014	Geelong	George Burbury	(id 1670)
NEW	AFL 2014	Geelong	Jackson Sheringham	(id 1671)
NEW	AFL 2014	Melbourne	Michael Evans	(id 1672)
GAP	2	"Josh Thomas"	2014 missed → linked to id 1037 (played 2017–2021)
NEW	AFL 2014	Carlton	Heath Scotland	(id 1673)
GAP	1	"Jackson Paine"	2014 missed → linked to id 1512 (played 2016)
GAP	1	"Liam Sumner"	2014 missed → linked to id 1426 (played 2016–2017)
NEW	AFL 2014	Western Bulldogs	Tom Young	(id 1674)
NEW	AFL 2014	Gold Coast	Jack Hutchins	(id 1675)
NEARMISS	AFL 2014	Gold Coast	"Jack Hutchins" ~ "Jack Hutchinson"	(87%)
NEW	AFL 2014	Fremantle	Josh Simpson	(id 1676)
NEARMISS	AFL 2014	Fremantle	"Josh Simpson" ~ "Josh Gibson"	(75%)
NEW	AFL 2014	Essendon	Leroy Jetta	(id 1677)
NEW	AFL 2014	Essendon	Dylan van Unen	(id 1678)
GAP	1	"James Polkinghorne"	2014 missed → linked to id 1502 (played 2016)
NEW	AFL 2014	St Kilda	Tom Simpkin	(id 1679)
NEW	AFL 2014	Richmond	Aaron Edwards	(id 1680)
NEARMISS	AFL 2014	Richmond	"Aaron Edwards" ~ "Harry Edwards"	(77%)
NEW	AFL 2014	Port Adelaide	Brent Renouf	(id 1681)
NEW	AFL 2014	Essendon	Kurt Aylett	(id 1682)
NEW	AFL 2014	St Kilda	Arryn Siposs	(id 1683)
NEW	AFL 2014	St Kilda	Terry Milera	(id 1684)
NEW	AFL 2014	Geelong	Jesse Stringer	(id 1685)
NEARMISS	AFL 2014	Geelong	"Jesse Stringer" ~ "Jake Stringer"	(79%)
NEW	AFL 2014	Greater Western Sydney	Stephen Gilham	(id 1686)
GAP	1	"Matt Dea"	2014 missed → linked to id 1280 (played 2016–2018)
NEW	AFL 2014	Hawthorn	Brad Sewell	(id 1687)
GAP	2	"Andy Otten"	2014 missed → linked to id 1265 (played 2017–2019)
NEW	AFL 2014	Western Bulldogs	Christian Howard	(id 1688)
NEARMISS	AFL 2014	Western Bulldogs	"Christian Howard" ~ "Christian Moraes"	(75%)
GAP	1	"Tim Mohr"	2014 missed → linked to id 1336 (played 2016–2018)
NEW	AFL 2014	North Melbourne	Liam Anthony	(id 1689)
NEW	AFL 2014	Hawthorn	Luke Lowden	(id 1690)
NEW	AFL 2014	St Kilda	Sam Dunell	(id 1691)
GAP	1	"Tom Lee"	2014 missed → linked to id 1493 (played 2016)
NEW	AFL 2014	Essendon	Cory DellOlio	(id 1692)
NEW	AFL 2014	Gold Coast	Karmichael Hunt	(id 1693)
NEW	AFL 2014	Hawthorn	Ben Ross	(id 1694)
NEW	AFL 2014	Fremantle	Colin Sylvia	(id 1695)
NEW	AFL 2014	Geelong	Brad Hartman	(id 1696)
NEW	AFL 2014	Western Bulldogs	Mark Austin	(id 1697)
NEW	AFL 2014	Port Adelaide	Tom Logan	(id 1698)
NEARMISS	AFL 2014	Port Adelaide	"Tom Logan" ~ "Tom Lonergan"	(75%)
NEW	AFL 2014	Brisbane Lions	Ashley McGrath	(id 1699)
NEW	AFL 2014	North Melbourne	Max Warren	(id 1700)
GAP	3	"Dom Barry"	2014 missed → linked to id 1286 (played 2018)
NEW	AFL 2014	Melbourne	Daniel Nicholson	(id 1701)
NEW	AFL 2014	Adelaide	Luke Thompson	(id 1702)
NEW	AFL 2014	Richmond	Brett OHanlon	(id 1703)
GAP	1	"Michael Apeness"	2014 missed → linked to id 1341 (played 2016–2018)
NEW	AFL 2014	Fremantle	Anthony Morabito	(id 1704)
NEW	AFL 2014	St Kilda	Trent Dennis-Lane	(id 1705)
NEW	AFL 2014	West Coast	Jacob Brennan	(id 1706)
NEW	AFL 2014	Melbourne	Luke Tapscott	(id 1707)
GAP	3	"Tom Murphy"	2014 missed → linked to id 1125 (played 2018–2020)
NEW	AFL 2014	West Coast	Ashley Smith	(id 1708)
NEARMISS	AFL 2014	West Coast	"Ashley Smith" ~ "Bailey Smith"	(75%)
NEW	AFL 2014	West Coast	Blayne Wilson	(id 1709)
NEW	AFL 2014	Gold Coast	Louis Herbert	(id 1710)
NEW	AFL 2014	Hawthorn	Alex Woodward	(id 1711)
NEW	AFL 2014	Collingwood	Kyle Martin	(id 1712)
NEARMISS	AFL 2014	Collingwood	"Kyle Martin" ~ "Kyle Hartigan"	(77%)
NEW	AFL 2014	Greater Western Sydney	Tim Golds	(id 1713)
GAP	2	"Ciaran Sheehan"	2014 missed → linked to id 1433 (played 2017)
NEW	AFL 2014	West Coast	Adam Carter	(id 1714)
NEW	AFL 2014	St Kilda	Spencer White	(id 1715)
GAP	1	"Sam Naismith"	2014 missed → linked to id 678 (played 2016–2024)
NEW	AFL 2013	Adelaide	Graham Johncock	(id 1716)
GAP	1	"Nathan van Berlo"	2013 missed → linked to id 1463 (played 2015–2016)
GAP	9	"Alwyn Davey"	2013 missed → linked to id 20 (played 2023–2024)
GAP	2	"Nick Kommer"	2013 missed → linked to id 1481 (played 2016)
NEW	AFL 2013	Fremantle	Kepler Bradley	(id 1717)
NEW	AFL 2013	West Coast	Andrew Embley	(id 1718)
NEW	AFL 2013	West Coast	Ashton Hams	(id 1719)
NEW	AFL 2013	West Coast	Adam Selwood	(id 1720)
NEW	AFL 2013	West Coast	Beau Waters	(id 1721)
NEW	AFL 2013	Carlton	Josh Bootsma	(id 1722)
NEW	AFL 2013	Carlton	Nick Duigan	(id 1723)
NEW	AFL 2013	Carlton	Aaron Joseph	(id 1724)
NEW	AFL 2013	Richmond	Shane Tuck	(id 1725)
NEW	AFL 2013	Western Bulldogs	Nick Lower	(id 1726)
NEW	AFL 2013	Brisbane Lions	Aaron Cornelius	(id 1727)
GAP	1	"Patrick Karnezis"	2013 missed → linked to id 1582 (played 2015)
NEW	AFL 2013	Greater Western Sydney	Dean Brogan	(id 1728)
NEW	AFL 2013	Sydney	Jude Bolton	(id 1729)
NEW	AFL 2013	Sydney	Martin Mattner	(id 1730)
NEW	AFL 2013	Gold Coast	Jared Brennan	(id 1731)
NEARMISS	AFL 2013	Gold Coast	"Jared Brennan" ~ "Jacob Brennan"	(77%)
NEW	AFL 2013	Gold Coast	Joel Wilkinson	(id 1732)
NEW	AFL 2013	St Kilda	Jason Blake	(id 1733)
NEW	AFL 2013	St Kilda	Stephen Milne	(id 1734)
NEARMISS	AFL 2013	St Kilda	"Stephen Milne" ~ "Stephen Hill"	(77%)
GAP	1	"Ahmed Saad"	2013 missed → linked to id 1563 (played 2015)
GAP	1	"Mitch Clark"	2013 missed → linked to id 1530 (played 2015–2016)
NEW	AFL 2013	Melbourne	Tom Gillies	(id 1735)
NEARMISS	AFL 2013	Melbourne	"Tom Gillies" ~ "Tom Phillips"	(75%)
NEW	AFL 2013	Melbourne	David Rodan	(id 1736)
NEW	AFL 2013	Melbourne	James Sellar	(id 1737)
NEARMISS	AFL 2013	Melbourne	"James Sellar" ~ "James Bell"	(75%)
NEW	AFL 2013	Port Adelaide	Campbell Heath	(id 1738)
GAP	1	"Jarrad Redden"	2013 missed → linked to id 1578 (played 2015)
NEW	AFL 2013	Port Adelaide	Lewis Stevenson	(id 1739)
NEW	AFL 2013	North Melbourne	Kieran Harper	(id 1740)
NEW	AFL 2013	Collingwood	Ben Johnson	(id 1741)
NEARMISS	AFL 2013	Collingwood	"Ben Johnson" ~ "Alex Johnson"	(75%)
NEW	AFL 2013	Collingwood	Darren Jolly	(id 1742)
NEW	AFL 2013	Collingwood	Quinten Lynch	(id 1743)
NEW	AFL 2013	Collingwood	Jordan Russell	(id 1744)
GAP	1	"Jed Anderson"	2013 missed → linked to id 1010 (played 2015–2022)
NEW	AFL 2013	Hawthorn	Max Bailey	(id 1745)
NEARMISS	AFL 2013	Hawthorn	"Max Bailey" ~ "Zac Bailey"	(80%)
NEW	AFL 2013	Hawthorn	Brent Guerra	(id 1746)
NEW	AFL 2013	Adelaide	Ian Callinan	(id 1747)
NEW	AFL 2013	Melbourne	Aaron Davey	(id 1748)
NEW	AFL 2013	Geelong	Joel Corey	(id 1749)
NEW	AFL 2013	Carlton	Marcus Davies	(id 1750)
NEW	AFL 2013	West Coast	Bradd Dalziell	(id 1751)
NEW	AFL 2013	North Melbourne	Taylor Hine	(id 1752)
NEARMISS	AFL 2013	North Melbourne	"Taylor Hine" ~ "Taylor Hunt"	(82%)
NEW	AFL 2013	West Coast	Daniel Kerr	(id 1753)
NEW	AFL 2013	Gold Coast	Jackson Allen	(id 1754)
NEARMISS	AFL 2013	Gold Coast	"Jackson Allen" ~ "Jackson Callow"	(79%)
NEW	AFL 2013	Brisbane Lions	Niall McKeever	(id 1755)
GAP	1	"Chris Knights"	2013 missed → linked to id 1584 (played 2015)
NEW	AFL 2013	Collingwood	Ben Hudson	(id 1756)
NEW	AFL 2013	Sydney	Mitch Morton	(id 1757)
NEW	AFL 2013	Hawthorn	Michael Osborne	(id 1758)
GAP	1	"Tanner Smith"	2013 missed → linked to id 1522 (played 2015–2016)
NEW	AFL 2013	Essendon	Scott Gumbleton	(id 1759)
NEW	AFL 2013	Essendon	David Hille	(id 1760)
NEARMISS	AFL 2013	Essendon	"David Hille" ~ "David Hale"	(82%)
GAP	1	"Tayte Pears"	2013 missed → linked to id 1621 (played 2015)
NEW	AFL 2013	Greater Western Sydney	Setanta OhAilpin	(id 1761)
NEW	AFL 2013	St Kilda	Justin Koschitzke	(id 1762)
NEW	AFL 2013	Richmond	Brad Helbig	(id 1763)
NEW	AFL 2013	Greater Western Sydney	Bret Thornton	(id 1764)
NEW	AFL 2013	Western Bulldogs	Patrick Veszpremi	(id 1765)
NEW	AFL 2013	Collingwood	Andrew Krakouer	(id 1766)
NEW	AFL 2013	North Melbourne	Will Sierakowski	(id 1767)
NEW	AFL 2013	Adelaide	Richard Tambling	(id 1768)
NEW	AFL 2013	Carlton	Jaryd Cachia	(id 1769)
NEW	AFL 2013	Melbourne	James Strauss	(id 1770)
NEW	AFL 2013	Geelong	Jordan Schroder	(id 1771)
NEW	AFL 2013	Essendon	Nathan Lovett-Murray	(id 1772)
GAP	1	"Sam Colquhoun"	2013 missed → linked to id 1608 (played 2015)
NEW	AFL 2013	Port Adelaide	Daniel Stewart	(id 1773)
NEW	AFL 2013	Brisbane Lions	Simon Black	(id 1774)
NEW	AFL 2013	Western Bulldogs	Lukas Markovic	(id 1775)
NEW	AFL 2013	Collingwood	Caolan Mooney	(id 1776)
NEW	AFL 2013	Gold Coast	Campbell Brown	(id 1777)
GAP	1	"Brent Staker"	2013 missed → linked to id 1583 (played 2015)
NEW	AFL 2013	Sydney	Tommy Walsh	(id 1778)
NEW	AFL 2013	Melbourne	James Magner	(id 1779)
NEARMISS	AFL 2013	Melbourne	"James Magner" ~ "James Madden"	(75%)
GAP	2	"Sam Michael"	2013 missed → linked to id 1534 (played 2016)
NEW	AFL 2013	Richmond	Sam Lonergan	(id 1780)
NEARMISS	AFL 2013	Richmond	"Sam Lonergan" ~ "Tom Lonergan"	(83%)
GAP	2	"Sam Grimley"	2013 missed → linked to id 1499 (played 2016)
NEW	AFL 2013	Collingwood	Alan Didak	(id 1781)
GAP	1	"Will Hams"	2013 missed → linked to id 1520 (played 2015–2016)
NEW	AFL 2013	Port Adelaide	Cameron Hitchcock	(id 1782)
GAP	1	"Nathan Vardy"	2013 missed → linked to id 1060 (played 2015–2021)
NEW	AFL 2013	Gold Coast	Kyal Horsley	(id 1783)
NEW	AFL 2013	Melbourne	Joel Macdonald	(id 1784)
NEW	AFL 2013	St Kilda	Jackson Ferguson	(id 1785)
NEARMISS	AFL 2013	St Kilda	"Jackson Ferguson" ~ "Jackson Nelson"	(75%)
NEW	AFL 2013	Greater Western Sydney	Gerald Ugle	(id 1786)
NEW	AFL 2013	Gold Coast	Liam Patrick	(id 1787)
GAP	1	"Adam Oxley"	2013 missed → linked to id 1355 (played 2015–2018)
NEW	AFL 2013	Melbourne	Mitch Clisby	(id 1788)
GAP	1	"Xavier Richards"	2013 missed → linked to id 1536 (played 2015–2016)
GAP	1	"Andrew Boston"	2013 missed → linked to id 1600 (played 2015)
GAP	1	"Brendan Whitecross"	2013 missed → linked to id 1332 (played 2015–2018)
GAP	1	"Josh Hall"	2013 missed → linked to id 1624 (played 2015)
GAP	1	"Shaun Edwards"	2013 missed → linked to id 1517 (played 2015–2016)
GAP	1	"Nick OBrien"	2013 missed → linked to id 1610 (played 2015)
NEW	AFL 2013	West Coast	Cale Morton	(id 1789)
NEW	AFL 2013	Gold Coast	Jacob Gillbee	(id 1790)
NEW	AFL 2013	North Melbourne	Cameron Delaney	(id 1791)
NEW	AFL 2013	Gold Coast	Nathan Bock	(id 1792)
NEARMISS	AFL 2013	Gold Coast	"Nathan Bock" ~ "Nathan Broad"	(75%)
NEW	AFL 2013	Brisbane Lions	Jesse OBrien	(id 1793)
NEW	AFL 2013	Port Adelaide	Nathan Blee	(id 1794)
NEARMISS	AFL 2013	Port Adelaide	"Nathan Blee" ~ "Nathan Foley"	(75%)
NEW	AFL 2013	Melbourne	Troy Davis	(id 1795)
GAP	1	"Taylor Garner"	2013 missed → linked to id 1091 (played 2015–2021)
GAP	1	"Tom Downie"	2013 missed → linked to id 1525 (played 2015–2016)
NEW	AFL 2013	Essendon	Lauchlan Dalgleish	(id 1796)
NEW	AFL 2013	St Kilda	Tom Ledger	(id 1797)
NEW	AFL 2013	Gold Coast	Leigh Osborne	(id 1798)
NEW	AFL 2013	Fremantle	Jesse Crichton	(id 1799)
NEW	AFL 2013	Fremantle	Peter Faulks	(id 1800)
NEW	AFL 2013	Fremantle	Alex Forster	(id 1801)
NEW	AFL 2013	Fremantle	Josh Mellington	(id 1802)
NEW	AFL 2013	Fremantle	Craig Moller	(id 1803)
NEW	AFL 2012	Greater Western Sydney	Chad Cornes	(id 1804)
NEW	AFL 2012	Greater Western Sydney	Israel Folau	(id 1805)
NEW	AFL 2012	Greater Western Sydney	James McDonald	(id 1806)
GAP	5	"Alex Johnson"	2012 missed → linked to id 1352 (played 2018)
NEW	AFL 2012	Richmond	Addam Maric	(id 1807)
NEW	AFL 2012	Richmond	Brad Miller	(id 1808)
NEW	AFL 2012	Richmond	Jayden Post	(id 1809)
NEARMISS	AFL 2012	Richmond	"Jayden Post" ~ "Jayden Short"	(75%)
NEW	AFL 2012	Carlton	Paul Bower	(id 1810)
NEW	AFL 2012	Hawthorn	Chance Bateman	(id 1811)
NEW	AFL 2012	Hawthorn	Jarrad Boumann	(id 1812)
NEW	AFL 2012	Hawthorn	Broc McCauley	(id 1813)
GAP	1	"Matt Suckling"	2012 missed → linked to id 1109 (played 2014–2020)
GAP	1	"Jackson Paine"	2012 missed → linked to id 1512 (played 2014–2016)
NEW	AFL 2012	Collingwood	Luke Rounds	(id 1814)
NEW	AFL 2012	Collingwood	Peter Yagmoor	(id 1815)
NEW	AFL 2012	Melbourne	Clint Bartram	(id 1816)
NEW	AFL 2012	Melbourne	Matthew Bate	(id 1817)
NEARMISS	AFL 2012	Melbourne	"Matthew Bate" ~ "Matthew Boyd"	(75%)
NEW	AFL 2012	Melbourne	Brad Green	(id 1818)
NEW	AFL 2012	Melbourne	Josh Tynan	(id 1819)
NEW	AFL 2012	Brisbane Lions	Todd Banfield	(id 1820)
NEW	AFL 2012	Brisbane Lions	Sam Sheldon	(id 1821)
NEW	AFL 2012	Brisbane Lions	Cheynee Stiller	(id 1822)
NEW	AFL 2012	Gold Coast	Sam Iles	(id 1823)
NEW	AFL 2012	Gold Coast	Jeremy Taylor	(id 1824)
NEW	AFL 2012	Adelaide	Michael Doughty	(id 1825)
NEW	AFL 2012	Fremantle	Adam McPhee	(id 1826)
NEW	AFL 2012	Geelong	Matthew Scarlett	(id 1827)
NEW	AFL 2012	North Melbourne	Matt Campbell	(id 1828)
NEARMISS	AFL 2012	North Melbourne	"Matt Campbell" ~ "Seth Campbell"	(77%)
GAP	1	"Hamish McIntosh"	2012 missed → linked to id 1643 (played 2014)
NEW	AFL 2012	Essendon	Mark McVeigh	(id 1829)
NEW	AFL 2012	Western Bulldogs	Ryan Hargrave	(id 1830)
NEW	AFL 2012	Port Adelaide	John McCarthy	(id 1831)
NEARMISS	AFL 2012	Port Adelaide	"John McCarthy" ~ "Tom McCarthy"	(77%)
NEW	AFL 2012	Port Adelaide	Jacob Surjan	(id 1832)
NEW	AFL 2012	St Kilda	Brett Peake	(id 1833)
NEW	AFL 2012	St Kilda	Dean Polo	(id 1834)
NEW	AFL 2012	Sydney	Mark Seaby	(id 1835)
NEW	AFL 2012	Fremantle	John Anthony	(id 1836)
GAP	1	"Jamie Bennell"	2012 missed → linked to id 1476 (played 2014–2016)
NEW	AFL 2012	Western Bulldogs	Nathan Djerrkura	(id 1837)
NEW	AFL 2012	Collingwood	Chris Tarrant	(id 1838)
NEARMISS	AFL 2012	Collingwood	"Chris Tarrant" ~ "Chris Yarran"	(85%)
NEW	AFL 2012	Greater Western Sydney	Luke Power	(id 1839)
GAP	1	"Cameron Wood"	2012 missed → linked to id 1548 (played 2014–2015)
NEW	AFL 2012	Brisbane Lions	Josh Drummond	(id 1840)
NEW	AFL 2012	Gold Coast	Josh Fraser	(id 1841)
NEARMISS	AFL 2012	Gold Coast	"Josh Fraser" ~ "Josh Draper"	(82%)
NEW	AFL 2012	Essendon	Ricky Dyson	(id 1842)
NEW	AFL 2012	Essendon	Kyle Reimers	(id 1843)
NEW	AFL 2012	Collingwood	Simon Buckley	(id 1844)
NEW	AFL 2012	Port Adelaide	Darren Pfeiffer	(id 1845)
NEW	AFL 2012	Hawthorn	Cameron Bruce	(id 1846)
NEW	AFL 2012	Western Bulldogs	Justin Sherman	(id 1847)
NEW	AFL 2012	Collingwood	Kirk Ugle	(id 1848)
NEW	AFL 2012	St Kilda	Jason Gram	(id 1849)
NEW	AFL 2012	Gold Coast	Josh Toy	(id 1850)
GAP	1	"Andrew Phillips"	2012 missed → linked to id 885 (played 2014–2023)
NEW	AFL 2012	Gold Coast	Michael Coad	(id 1851)
NEARMISS	AFL 2012	Gold Coast	"Michael Coad" ~ "Michael Close"	(77%)
NEW	AFL 2012	Brisbane Lions	James Hawksley	(id 1852)
NEW	AFL 2012	West Coast	Ryan Neates	(id 1853)
NEW	AFL 2012	Port Adelaide	Brett Ebert	(id 1854)
NEW	AFL 2012	Port Adelaide	Simon Phillips	(id 1855)
NEW	AFL 2012	North Melbourne	Ben Warren	(id 1856)
NEW	AFL 2012	Fremantle	Jay van Berlo	(id 1857)
NEW	AFL 2012	Melbourne	Liam Jurrah	(id 1858)
NEW	AFL 2012	Western Bulldogs	Zephaniah Skinner	(id 1859)
NEW	AFL 2012	Gold Coast	Andrew McQualter	(id 1860)
GAP	2	"Daniel Pearce"	2012 missed → linked to id 1626 (played 2015)
NEW	AFL 2012	Gold Coast	Alik Magin	(id 1861)
NEW	AFL 2012	Essendon	Henry Slattery	(id 1862)
NEW	AFL 2012	North Melbourne	Cruize Garlett	(id 1863)
NEW	AFL 2012	Carlton	Andrew Collins	(id 1864)
GAP	1	"Lincoln McCarthy"	2012 missed → linked to id 488 (played 2014–2026)
NEW	AFL 2012	West Coast	Tom Swift	(id 1865)
NEW	AFL 2012	Geelong	David Wojcinski	(id 1866)
GAP	1	"Brett OHanlon"	2012 missed → linked to id 1703 (played 2014)
NEW	AFL 2012	St Kilda	Raphael Clarke	(id 1867)
NEW	AFL 2012	Greater Western Sydney	Sam Schulz	(id 1868)
NEARMISS	AFL 2012	Greater Western Sydney	"Sam Schulz" ~ "Jay Schulz"	(80%)
NEW	AFL 2012	Richmond	Daniel Connors	(id 1869)
NEW	AFL 2012	Fremantle	Jayden Pitt	(id 1870)
NEARMISS	AFL 2012	Fremantle	"Jayden Pitt" ~ "Jayden Post"	(82%)
GAP	2	"Todd Elton"	2012 missed → linked to id 1407 (played 2015–2017)
GAP	2	"Murray Newman"	2012 missed → linked to id 1625 (played 2015)
GAP	1	"Tom Derickx"	2012 missed → linked to id 1609 (played 2014–2015)
NEW	AFL 2012	Adelaide	Tim McIntyre	(id 1871)
NEW	AFL 2012	Fremantle	Antoni Grover	(id 1872)
NEW	AFL 2012	Western Bulldogs	Lindsay Gilbee	(id 1873)
NEW	AFL 2012	Melbourne	Tom Couch	(id 1874)
NEW	AFL 2012	Richmond	Angus Graham	(id 1875)
NEW	AFL 2012	Richmond	Kelvin Moore	(id 1876)
NEW	AFL 2012	Richmond	Jeromey Webberley	(id 1877)
GAP	1	"Jackson Sheringham"	2012 missed → linked to id 1671 (played 2014)
NEW	AFL 2012	Greater Western Sydney	Steve Clifton	(id 1878)
NEW	AFL 2012	Adelaide	Brad Symes	(id 1879)
NEW	AFL 2012	Carlton	Frazer Dale	(id 1880)
GAP	1	"Kurt Aylett"	2012 missed → linked to id 1682 (played 2014)
GAP	2	"Alex Browne"	2012 missed → linked to id 1615 (played 2015)
GAP	1	"Luke Thompson"	2012 missed → linked to id 1702 (played 2014)
NEW	AFL 2012	Brisbane Lions	Stephen Wrigley	(id 1881)
NEW	AFL 2012	Melbourne	Jordan Gysberts	(id 1882)
NEW	AFL 2012	Carlton	Rhys OKeeffe	(id 1883)
NEW	AFL 2012	Western Bulldogs	Andrew Hooper	(id 1884)
NEARMISS	AFL 2012	Western Bulldogs	"Andrew Hooper" ~ "Andrew Moore"	(77%)
GAP	1	"Lin Jong"	2012 missed → linked to id 1084 (played 2014–2021)
GAP	1	"Fletcher Roberts"	2012 missed → linked to id 1237 (played 2014–2019)
NEW	AFL 2012	Essendon	Brendan Lee	(id 1885)
NEW	AFL 2012	Gold Coast	Piers Flanagan	(id 1886)
NEW	AFL 2012	Greater Western Sydney	Rhys Cooyou	(id 1887)
NEW	AFL 2012	West Coast	Andrew Strijk	(id 1888)
NEW	AFL 2012	Carlton	Pat McCarthy	(id 1889)
NEARMISS	AFL 2012	Carlton	"Pat McCarthy" ~ "Cam McCarthy"	(83%)
NEW	AFL 2012	Carlton	Luke Mitchell	(id 1890)
NEARMISS	AFL 2012	Carlton	"Luke Mitchell" ~ "Kane Mitchell"	(77%)
NEW	AFL 2012	Brisbane Lions	Amon Buchanan	(id 1891)
GAP	3	"Daniel Menzel"	2011 missed → linked to id 1248 (played 2015–2019)
NEW	AFL 2011	Geelong	Darren Milburn	(id 1892)
NEW	AFL 2011	Geelong	Cameron Mooney	(id 1893)
NEW	AFL 2011	Geelong	Brad Ottens	(id 1894)
NEW	AFL 2011	St Kilda	Steven Baker	(id 1895)
NEW	AFL 2011	St Kilda	Ryan Gamble	(id 1896)
NEW	AFL 2011	Collingwood	Leigh Brown	(id 1897)
GAP	1	"Brent Macaffer"	2011 missed → linked to id 1466 (played 2013–2016)
NEW	AFL 2011	Port Adelaide	Jarrad Irons	(id 1898)
NEARMISS	AFL 2011	Port Adelaide	"Jarrad Irons" ~ "Jarryd Lyons"	(75%)
NEW	AFL 2011	Port Adelaide	Steven Salopek	(id 1899)
NEW	AFL 2011	Adelaide	Scott Stevens	(id 1900)
NEW	AFL 2011	Hawthorn	Rick Ladson	(id 1901)
GAP	1	"Brent Staker"	2011 missed → linked to id 1583 (played 2013–2015)
NEW	AFL 2011	Western Bulldogs	Barry Hall	(id 1902)
GAP	1	"Dale Morris"	2011 missed → linked to id 1267 (played 2013–2019)
NEW	AFL 2011	Western Bulldogs	Brennan Stack	(id 1903)
NEW	AFL 2011	Sydney	Paul Bevan	(id 1904)
NEW	AFL 2011	Sydney	Byron Sumner	(id 1905)
GAP	1	"Mark LeCras"	2011 missed → linked to id 1303 (played 2013–2018)
NEW	AFL 2011	West Coast	Mark Nicoski	(id 1906)
NEW	AFL 2011	North Melbourne	Ben McKinley	(id 1907)
NEW	AFL 2011	North Melbourne	Brady Rawlings	(id 1908)
NEW	AFL 2011	North Melbourne	Cameron Richardson	(id 1909)
NEW	AFL 2011	St Kilda	Daniel Archer	(id 1910)
NEW	AFL 2011	Port Adelaide	Jason Davenport	(id 1911)
NEW	AFL 2011	Gold Coast	Daniel Harris	(id 1912)
NEARMISS	AFL 2011	Gold Coast	"Daniel Harris" ~ "Daniel Currie"	(77%)
GAP	3	"Nathan Krakouer"	2011 missed → linked to id 1501 (played 2015–2016)
NEW	AFL 2011	Gold Coast	Marc Lock	(id 1913)
NEW	AFL 2011	Geelong	Cameron Ling	(id 1914)
NEW	AFL 2011	Sydney	Brett Meredith	(id 1915)
NEW	AFL 2011	Collingwood	Leon Davis	(id 1916)
NEARMISS	AFL 2011	Collingwood	"Leon Davis" ~ "Ben Davis"	(80%)
NEW	AFL 2011	Melbourne	Austin Wonaeamirri	(id 1917)
NEW	AFL 2011	Port Adelaide	Daniel Motlop	(id 1918)
NEW	AFL 2011	St Kilda	Alistair Smith	(id 1919)
NEW	AFL 2011	Richmond	Will Thursfield	(id 1920)
NEW	AFL 2011	Essendon	Brent Prismall	(id 1921)
NEW	AFL 2011	Port Adelaide	Michael Pettigrew	(id 1922)
NEW	AFL 2011	Adelaide	Myke Cook	(id 1923)
NEW	AFL 2011	Brisbane Lions	Tom Collier	(id 1924)
GAP	1	"Jack Hutchins"	2011 missed → linked to id 1675 (played 2013–2014)
NEW	AFL 2011	North Melbourne	Daniel Pratt	(id 1925)
NEW	AFL 2011	Richmond	Ben Nason	(id 1926)
NEARMISS	AFL 2011	Richmond	"Ben Nason" ~ "Ben Paton"	(78%)
NEW	AFL 2011	Collingwood	Brad Dick	(id 1927)
NEW	AFL 2011	Sydney	Tadhg Kennelly	(id 1928)
NEW	AFL 2011	Sydney	Jarred Moore	(id 1929)
NEW	AFL 2011	North Melbourne	Ben Speight	(id 1930)
NEW	AFL 2011	Port Adelaide	Mitchell Banner	(id 1931)
NEW	AFL 2011	St Kilda	Will Johnson	(id 1932)
NEARMISS	AFL 2011	St Kilda	"Will Johnson" ~ "Will Minson"	(75%)
NEW	AFL 2011	Western Bulldogs	Brodie Moles	(id 1933)
GAP	2	"Nathan Gordon"	2011 missed → linked to id 1550 (played 2014–2015)
NEW	AFL 2011	Gold Coast	Joseph Daye	(id 1934)
NEW	AFL 2011	Brisbane Lions	Bryce Retzlaff	(id 1935)
NEW	AFL 2011	West Coast	Gerrick Weedon	(id 1936)
NEW	AFL 2011	Adelaide	Chris Schmidt	(id 1937)
NEW	AFL 2011	Melbourne	Michael Newton	(id 1938)
GAP	1	"Tom Nicholls"	2011 missed → linked to id 1454 (played 2013–2016)
NEW	AFL 2011	St Kilda	Nick Winmar	(id 1939)
GAP	1	"Michael Evans"	2011 missed → linked to id 1672 (played 2013–2014)
NEW	AFL 2011	Richmond	Andrew Browne	(id 1940)
NEW	AFL 2011	Richmond	Mitch Farmer	(id 1941)
NEW	AFL 2011	Brisbane Lions	Matt Austin	(id 1942)
NEARMISS	AFL 2011	Brisbane Lions	"Matt Austin" ~ "Mark Austin"	(82%)
GAP	3	"Josh Cowan"	2011 missed → linked to id 1397 (played 2015–2017)
GAP	1	"Max Gawn"	2011 missed → linked to id 544 (played 2013–2026)
NEW	AFL 2011	Western Bulldogs	James Mulligan	(id 1943)
NEW	AFL 2011	Adelaide	Brad Moran	(id 1944)
NEW	AFL 2011	Western Bulldogs	Ed Barlow	(id 1945)
NEW	AFL 2011	Gold Coast	Rex Liddy	(id 1946)
NEW	AFL 2011	Richmond	Tom Hislop	(id 1947)
NEW	AFL 2011	Fremantle	Clayton Hinkley	(id 1948)
NEW	AFL 2011	Essendon	Andrew Welsh	(id 1949)
NEW	AFL 2011	Western Bulldogs	Jayden Schofield	(id 1950)
NEW	AFL 2011	Fremantle	Ben Bucovaz	(id 1951)
NEW	AFL 2011	Carlton	Ryan Houlihan	(id 1952)
NEW	AFL 2011	Gold Coast	Hayden Jolly	(id 1953)
NEARMISS	AFL 2011	Gold Coast	"Hayden Jolly" ~ "Darren Jolly"	(75%)
NEW	AFL 2011	Richmond	David Gourdis	(id 1954)
NEW	AFL 2011	Fremantle	Roger Hayden	(id 1955)
NEW	AFL 2011	Port Adelaide	Nick Salter	(id 1956)
NEW	AFL 2011	Hawthorn	Riley Milne	(id 1957)
GAP	1	"Matthew Spangher"	2011 missed → linked to id 1515 (played 2013–2016)
NEW	AFL 2011	Carlton	Wayde Twomey	(id 1958)
NEW	AFL 2011	Geelong	Simon Hogan	(id 1959)
NEW	AFL 2011	North Melbourne	Gavin Urquhart	(id 1960)
NEW	AFL 2011	Essendon	Michael Ross	(id 1961)
NEARMISS	AFL 2011	Essendon	"Michael Ross" ~ "Michael Close"	(77%)
NEW	AFL 2011	Brisbane Lions	Josh Dyson	(id 1962)
GAP	1	"Peter Faulks"	2011 missed → linked to id 1800 (played 2013)
NEW	AFL 2011	Gold Coast	Nathan Ablett	(id 1963)
NEARMISS	AFL 2011	Gold Coast	"Nathan Ablett" ~ "Nathan Blee"	(77%)
GAP	2	"Joel Tippett"	2011 missed → linked to id 1567 (played 2014–2015)
NEW	AFL 2011	Fremantle	Byron Schammer	(id 1964)
NEW	AFL 2011	Richmond	Jamie OReilly	(id 1965)
NEW	AFL 2011	Melbourne	Tom McNamara	(id 1966)
NEW	AFL 2011	Hawthorn	Paul Johnson	(id 1967)
NEARMISS	AFL 2011	Hawthorn	"Paul Johnson" ~ "Ash Johnson"	(75%)
NEW	AFL 2011	Fremantle	Justin Bollenhagen	(id 1968)
NEW	AFL 2011	Fremantle	Casey Sibosado	(id 1969)
NEW	AFL 2011	St Kilda	Michael Gardiner	(id 1970)
NEW	AFL 2010	Richmond	Ben Cousins	(id 1971)
GAP	1	"Kelvin Moore"	2010 missed → linked to id 1876 (played 2012)
NEW	AFL 2010	Richmond	Relton Roberts	(id 1972)
NEW	AFL 2010	Richmond	Troy Simmonds	(id 1973)
NEW	AFL 2010	Richmond	Adam Thomson	(id 1974)
NEW	AFL 2010	Carlton	Joe Anderson	(id 1975)
NEARMISS	AFL 2010	Carlton	"Joe Anderson" ~ "Jed Anderson"	(83%)
NEW	AFL 2010	Geelong	Mark Blake	(id 1976)
GAP	1	"Scott Gumbleton"	2010 missed → linked to id 1759 (played 2012–2013)
NEW	AFL 2010	Essendon	Jay Neagle	(id 1977)
NEW	AFL 2010	Essendon	Mark Williams	(id 1978)
NEARMISS	AFL 2010	Essendon	"Mark Williams" ~ "Jack Williams"	(85%)
GAP	1	"James McDonald"	2010 missed → linked to id 1806 (played 2012)
GAP	1	"Jake Spencer"	2010 missed → linked to id 1412 (played 2012–2017)
NEW	AFL 2010	Hawthorn	Rhan Hooper	(id 1979)
NEW	AFL 2010	Hawthorn	Jarrod Kayler-Thomson	(id 1980)
NEW	AFL 2010	Hawthorn	Jarryd Morton	(id 1981)
NEW	AFL 2010	Hawthorn	Garry Moss	(id 1982)
NEW	AFL 2010	Hawthorn	Carl Peterson	(id 1983)
NEW	AFL 2010	Sydney	Craig Bolton	(id 1984)
NEARMISS	AFL 2010	Sydney	"Craig Bolton" ~ "Shai Bolton"	(75%)
NEW	AFL 2010	Sydney	Daniel Bradshaw	(id 1985)
NEW	AFL 2010	Sydney	Brett Kirk	(id 1986)
NEW	AFL 2010	St Kilda	Steven King	(id 1987)
NEW	AFL 2010	Brisbane Lions	Brendan Fevola	(id 1988)
NEW	AFL 2010	Brisbane Lions	Travis Johnstone	(id 1989)
NEW	AFL 2010	West Coast	Brett Jones	(id 1990)
NEARMISS	AFL 2010	West Coast	"Brett Jones" ~ "Brett Goodes"	(75%)
NEW	AFL 2010	Port Adelaide	Scott Harding	(id 1991)
NEW	AFL 2010	Port Adelaide	Warren Tredrea	(id 1992)
NEW	AFL 2010	North Melbourne	Leigh Harding	(id 1993)
GAP	3	"Ben Ross"	2010 missed → linked to id 1694 (played 2014)
NEW	AFL 2010	Western Bulldogs	Jason Akermanis	(id 1994)
NEW	AFL 2010	Western Bulldogs	Mitch Hahn	(id 1995)
NEARMISS	AFL 2010	Western Bulldogs	"Mitch Hahn" ~ "Mitch Hannan"	(75%)
NEW	AFL 2010	Western Bulldogs	Brad Johnson	(id 1996)
NEARMISS	AFL 2010	Western Bulldogs	"Brad Johnson" ~ "Zak Johnson"	(75%)
NEW	AFL 2010	Collingwood	Tarkyn Lockyer	(id 1997)
NEW	AFL 2010	Collingwood	Paul Medhurst	(id 1998)
NEW	AFL 2010	Collingwood	Shane OBree	(id 1999)
NEW	AFL 2010	Collingwood	Simon Prestigiacomo	(id 2000)
NEW	AFL 2010	Fremantle	Paul Hasleby	(id 2001)
NEW	AFL 2010	Fremantle	Des Headland	(id 2002)
GAP	3	"Anthony Morabito"	2010 missed → linked to id 1704 (played 2014)
NEW	AFL 2010	Adelaide	Tyson Edwards	(id 2003)
NEARMISS	AFL 2010	Adelaide	"Tyson Edwards" ~ "Tom Edwards"	(77%)
NEW	AFL 2010	Adelaide	Simon Goodwin	(id 2004)
NEW	AFL 2010	Adelaide	Trent Hentschel	(id 2005)
NEW	AFL 2010	Adelaide	Andrew McLeod	(id 2006)
NEW	AFL 2010	St Kilda	Adam Pattison	(id 2007)
NEW	AFL 2010	North Melbourne	Corey Jones	(id 2008)
NEW	AFL 2010	Adelaide	Brett Burton	(id 2009)
NEW	AFL 2010	Adelaide	Will Young	(id 2010)
NEW	AFL 2010	West Coast	Ashley Hansen	(id 2011)
NEW	AFL 2010	Port Adelaide	Cameron Cloke	(id 2012)
NEW	AFL 2010	Fremantle	Steven Dodd	(id 2013)
NEW	AFL 2010	Brisbane Lions	Albert Proud	(id 2014)
NEW	AFL 2010	Brisbane Lions	Troy Selwood	(id 2015)
NEW	AFL 2010	Western Bulldogs	Nathan Eagleton	(id 2016)
NEW	AFL 2010	Richmond	Troy Taylor	(id 2017)
NEARMISS	AFL 2010	Richmond	"Troy Taylor" ~ "Harry Taylor"	(75%)
GAP	2	"Lewis Stevenson"	2010 missed → linked to id 1739 (played 2013)
NEW	AFL 2010	Port Adelaide	Josh Carr	(id 2018)
NEARMISS	AFL 2010	Port Adelaide	"Josh Carr" ~ "Josh Ward"	(78%)
NEW	AFL 2010	St Kilda	Robert Eddy	(id 2019)
GAP	1	"Nathan Brown"	2010 missed → linked to id 1217 (played 2012–2019)
NEW	AFL 2010	Geelong	Max Rooke	(id 2020)
NEW	AFL 2010	Essendon	Jarrod Atkinson	(id 2021)
NEW	AFL 2010	Melbourne	Danny Hughes	(id 2022)
NEW	AFL 2010	Hawthorn	Beau Muston	(id 2023)
NEW	AFL 2010	Richmond	Graham Polak	(id 2024)
NEW	AFL 2010	Carlton	Chris Johnson	(id 2025)
NEW	AFL 2010	Sydney	Henry Playfair	(id 2026)
GAP	5	"Josh Smith"	2010 missed → linked to id 1219 (played 2016–2019)
NEW	AFL 2010	Hawthorn	Wayde Skipper	(id 2027)
NEW	AFL 2010	Hawthorn	Cameron Stokes	(id 2028)
NEARMISS	AFL 2010	Hawthorn	"Cameron Stokes" ~ "Cameron Cloke"	(79%)
NEW	AFL 2010	St Kilda	Nick Heyne	(id 2029)
NEARMISS	AFL 2010	St Kilda	"Nick Heyne" ~ "Nick Haynes"	(82%)
NEW	AFL 2010	North Melbourne	Nathan OKeefe	(id 2030)
GAP	2	"Campbell Heath"	2010 missed → linked to id 1738 (played 2013)
NEW	AFL 2010	Port Adelaide	Jay Nash	(id 2031)
GAP	1	"Beau Maister"	2010 missed → linked to id 1654 (played 2012–2014)
NEW	AFL 2010	Sydney	Matthew ODwyer	(id 2032)
NEARMISS	AFL 2010	Sydney	"Matthew ODwyer" ~ "Matthew Owies"	(79%)
NEW	AFL 2010	Carlton	Steven Browne	(id 2033)
NEW	AFL 2010	Carlton	Richard Hadley	(id 2034)
NEW	AFL 2010	North Melbourne	Ed Lower	(id 2035)
NEW	AFL 2010	Collingwood	Jaxson Barham	(id 2036)
NEW	AFL 2010	Port Adelaide	Danny Meyer	(id 2037)
NEW	AFL 2010	Essendon	Michael Quinn	(id 2038)
NEW	AFL 2010	Essendon	Tyson Slattery	(id 2039)
NEW	AFL 2010	Fremantle	Tim Ruffles	(id 2040)
NEW	AFL 2010	Carlton	Brad Fisher	(id 2041)
NEW	AFL 2010	Brisbane Lions	Xavier Clarke	(id 2042)
NEW	AFL 2010	Richmond	Robert Hicks	(id 2043)
NEW	AFL 2010	North Melbourne	Marcus White	(id 2044)
NEW	AFL 2010	Hawthorn	Simon Taylor	(id 2045)
NEARMISS	AFL 2010	Hawthorn	"Simon Taylor" ~ "Sam Taylor"	(75%)
NEW	AFL 2010	West Coast	Callum Wilson	(id 2046)
NEARMISS	AFL 2010	West Coast	"Callum Wilson" ~ "Callum Wilkie"	(77%)
NEW	AFL 2010	Fremantle	Ryan Murphy	(id 2047)
NEW	AFL 2010	St Kilda	Luke Miles	(id 2048)
NEW	AFL 2010	Essendon	Marcus Marigliani	(id 2049)
NEW	AFL 2010	West Coast	Jordan Jones	(id 2050)
NEW	AFL 2010	Western Bulldogs	Tim Callan	(id 2051)
NEW	AFL 2009	Richmond	Joel Bowden	(id 2052)
NEW	AFL 2009	Richmond	Jordan McMahon	(id 2053)
NEW	AFL 2009	Richmond	Matthew Richardson	(id 2054)
NEW	AFL 2009	Carlton	Simon Wiggins	(id 2055)
NEW	AFL 2009	Hawthorn	Stuart Dew	(id 2056)
NEW	AFL 2009	Hawthorn	Travis Tuck	(id 2057)
NEW	AFL 2009	Collingwood	Chris Bryan	(id 2058)
NEARMISS	AFL 2009	Collingwood	"Chris Bryan" ~ "Chris Yarran"	(75%)
GAP	2	"Martin Clarke"	2009 missed → linked to id 1630 (played 2012–2014)
NEW	AFL 2009	Collingwood	Shannon Cox	(id 2059)
GAP	1	"Andy Otten"	2009 missed → linked to id 1265 (played 2011–2019)
NEW	AFL 2009	Brisbane Lions	Jamie Charman	(id 2060)
NEW	AFL 2009	West Coast	Chad Fletcher	(id 2061)
NEW	AFL 2009	West Coast	Tyson Stenglein	(id 2062)
NEARMISS	AFL 2009	West Coast	"Tyson Stenglein" ~ "Tyson Stengle"	(87%)
NEW	AFL 2009	West Coast	David Wirrpanda	(id 2063)
NEW	AFL 2009	Sydney	Jared Crouch	(id 2064)
NEARMISS	AFL 2009	Sydney	"Jared Crouch" ~ "Brad Crouch"	(75%)
GAP	1	"Simon Buckley"	2009 missed → linked to id 1844 (played 2011–2012)
NEW	AFL 2009	North Melbourne	Sam Power	(id 2065)
NEARMISS	AFL 2009	North Melbourne	"Sam Power" ~ "Sam Rowe"	(78%)
NEW	AFL 2009	North Melbourne	Adam Simpson	(id 2066)
NEARMISS	AFL 2009	North Melbourne	"Adam Simpson" ~ "Sam Simpson"	(83%)
NEW	AFL 2009	Port Adelaide	Peter Burgoyne	(id 2067)
NEW	AFL 2009	Port Adelaide	Brendon Lade	(id 2068)
NEARMISS	AFL 2009	Port Adelaide	"Brendon Lade" ~ "Brendan Lee"	(75%)
NEW	AFL 2009	Essendon	Matthew Lloyd	(id 2069)
NEARMISS	AFL 2009	Essendon	"Matthew Lloyd" ~ "Matthew Boyd"	(85%)
NEW	AFL 2009	Essendon	Andrew Lovett	(id 2070)
NEW	AFL 2009	Essendon	Scott Lucas	(id 2071)
NEW	AFL 2009	Essendon	Hayden Skipworth	(id 2072)
NEW	AFL 2009	Fremantle	Marcus Drum	(id 2073)
NEW	AFL 2009	Fremantle	Josh Head	(id 2074)
NEW	AFL 2009	Western Bulldogs	Stephen Tiller	(id 2075)
NEARMISS	AFL 2009	Western Bulldogs	"Stephen Tiller" ~ "Stephen Hill"	(79%)
NEW	AFL 2009	Sydney	Luke Ablett	(id 2076)
NEW	AFL 2009	Hawthorn	Mitch Thorp	(id 2077)
NEW	AFL 2009	Essendon	Darcy Daniher	(id 2078)
NEW	AFL 2009	Fremantle	Dean Solomon	(id 2079)
NEW	AFL 2009	Fremantle	Scott Thornton	(id 2080)
NEARMISS	AFL 2009	Fremantle	"Scott Thornton" ~ "Scott Thompson"	(79%)
GAP	6	"Ryan Davis"	2009 missed → linked to id 1434 (played 2016–2017)
NEW	AFL 2009	West Coast	Adam Hunter	(id 2081)
NEW	AFL 2009	Port Adelaide	Toby Thurstans	(id 2082)
NEW	AFL 2009	Carlton	Nick Stevens	(id 2083)
NEARMISS	AFL 2009	Carlton	"Nick Stevens" ~ "Jack Steven"	(75%)
NEW	AFL 2009	Brisbane Lions	Tim Notting	(id 2084)
NEW	AFL 2009	Brisbane Lions	Jason Roe	(id 2085)
NEW	AFL 2009	Port Adelaide	Wade Thompson	(id 2086)
NEARMISS	AFL 2009	Port Adelaide	"Wade Thompson" ~ "Luke Thompson"	(77%)
NEW	AFL 2009	Melbourne	John Meesen	(id 2087)
NEW	AFL 2009	Fremantle	Daniel Gilmore	(id 2088)
NEW	AFL 2009	Adelaide	Nick Gill	(id 2089)
NEW	AFL 2009	Collingwood	Anthony Rocca	(id 2090)
NEW	AFL 2009	Sydney	Kristin Thornton	(id 2091)
NEW	AFL 2009	Hawthorn	Robert Campbell	(id 2092)
NEW	AFL 2009	Hawthorn	Beau Dowler	(id 2093)
NEW	AFL 2009	Adelaide	Robert Shirley	(id 2094)
GAP	1	"Nick Lower"	2009 missed → linked to id 1726 (played 2011–2013)
NEW	AFL 2009	Richmond	Mark Coughlan	(id 2095)
NEW	AFL 2009	Richmond	Jarrad Oakley-Nicholls	(id 2096)
NEW	AFL 2009	Geelong	David Johnson	(id 2097)
GAP	1	"Daniel Harris"	2009 missed → linked to id 1912 (played 2011)
NEW	AFL 2009	North Melbourne	Shannon Watt	(id 2098)
NEW	AFL 2009	Collingwood	Anthony Corrie	(id 2099)
NEW	AFL 2009	Carlton	Greg Bentley	(id 2100)
NEW	AFL 2009	West Coast	Adam Cockie	(id 2101)
NEW	AFL 2009	Sydney	Michael OLoughlin	(id 2102)
NEW	AFL 2009	Melbourne	Russell Robertson	(id 2103)
NEW	AFL 2009	Geelong	Tom Harley	(id 2104)
NEARMISS	AFL 2009	Geelong	"Tom Harley" ~ "Tom Papley"	(80%)
GAP	1	"Mark Austin"	2009 missed → linked to id 1697 (played 2011–2014)
NEW	AFL 2009	Fremantle	Luke Pratt	(id 2105)
GAP	1	"Brad Moran"	2009 missed → linked to id 1944 (played 2011)
NEW	AFL 2009	Western Bulldogs	Scott Welsh	(id 2106)
NEW	AFL 2009	West Coast	Jamie McNamara	(id 2107)
GAP	1	"Danny Stanley"	2009 missed → linked to id 1598 (played 2011–2015)
NEW	AFL 2009	Melbourne	Shane Valenti	(id 2108)
NEW	AFL 2009	Melbourne	Matthew Whelan	(id 2109)
NEW	AFL 2009	North Melbourne	Matt Riggio	(id 2110)
NEW	AFL 2009	Richmond	Kayne Pettifer	(id 2111)
NEW	AFL 2009	Collingwood	Ryan Cook	(id 2112)
NEW	AFL 2009	Port Adelaide	Marlon Motlop	(id 2113)
NEW	AFL 2009	Melbourne	Daniel Bell	(id 2114)
NEARMISS	AFL 2009	Melbourne	"Daniel Bell" ~ "Daniel Wells"	(83%)
NEW	AFL 2009	Fremantle	Andrew Foster	(id 2115)
NEARMISS	AFL 2009	Fremantle	"Andrew Foster" ~ "Andrew Boston"	(77%)
NEW	AFL 2009	Port Adelaide	Matthew Westhoff	(id 2116)
NEW	AFL 2009	St Kilda	Max Hudghton	(id 2117)
NEW	AFL 2009	Fremantle	Adam Campbell	(id 2118)
NEARMISS	AFL 2009	Fremantle	"Adam Campbell" ~ "Tom Campbell"	(77%)
NEW	AFL 2009	Carlton	Jordan Bannister	(id 2119)
NEW	AFL 2009	Sydney	Ryan Brabazon	(id 2120)
NEW	AFL 2009	Richmond	Jarrod Silvester	(id 2121)
NEW	AFL 2009	Melbourne	Paul Wheatley	(id 2122)
GAP	1	"Shaun McKernan"	2009 missed → linked to id 1058 (played 2011–2021)
NEW	AFL 2009	Carlton	Adam Hartlett	(id 2123)
GAP	1	"Tom Gillies"	2009 missed → linked to id 1735 (played 2011–2013)
NEW	AFL 2009	Geelong	Kane Tenace	(id 2124)
NEW	AFL 2009	West Coast	Tim Houlihan	(id 2125)
NEW	AFL 2009	St Kilda	Colm Begley	(id 2126)
GAP	1	"Tom McNamara"	2009 missed → linked to id 1966 (played 2011)
GAP	1	"Shane Savage"	2009 missed → linked to id 1166 (played 2011–2020)
NEW	AFL 2009	Sydney	Leo Barry	(id 2127)
GAP	1	"Max Bailey"	2009 missed → linked to id 1745 (played 2011–2013)
GAP	1	"Riley Milne"	2009 missed → linked to id 1957 (played 2011)
NEW	AFL 2009	North Melbourne	Alan Obst	(id 2128)
NEW	AFL 2008	Carlton	Jake Edwards	(id 2129)
NEARMISS	AFL 2008	Carlton	"Jake Edwards" ~ "Luke Edwards"	(83%)
NEW	AFL 2008	Carlton	Ryan Jackson	(id 2130)
NEW	AFL 2008	Richmond	Cameron Howat	(id 2131)
NEW	AFL 2008	Richmond	Cleve Hughes	(id 2132)
NEW	AFL 2008	Richmond	Kane Johnson	(id 2133)
NEARMISS	AFL 2008	Richmond	"Kane Johnson" ~ "Blaine Johnson"	(79%)
GAP	1	"Josh Hunt"	2008 missed → linked to id 1634 (played 2010–2014)
NEW	AFL 2008	Collingwood	Chris Egan	(id 2134)
NEARMISS	AFL 2008	Collingwood	"Chris Egan" ~ "Chris Newman"	(75%)
NEW	AFL 2008	Collingwood	Sean Rusling	(id 2135)
NEW	AFL 2008	Collingwood	Shane Wakelin	(id 2136)
NEW	AFL 2008	Fremantle	Peter Bell	(id 2137)
NEW	AFL 2008	Fremantle	Heath Black	(id 2138)
NEW	AFL 2008	Fremantle	Matthew Carr	(id 2139)
NEARMISS	AFL 2008	Fremantle	"Matthew Carr" ~ "Matthew Parker"	(79%)
NEW	AFL 2008	Fremantle	Jeff Farmer	(id 2140)
NEW	AFL 2008	Fremantle	Mark Johnson	(id 2141)
NEARMISS	AFL 2008	Fremantle	"Mark Johnson" ~ "Zak Johnson"	(83%)
NEW	AFL 2008	Fremantle	Shaun McManus	(id 2142)
GAP	1	"Xavier Clarke"	2008 missed → linked to id 2042 (played 2010)
NEW	AFL 2008	St Kilda	Aaron Fiora	(id 2143)
NEW	AFL 2008	St Kilda	Leigh Fisher	(id 2144)
NEW	AFL 2008	St Kilda	Charlie Gardiner	(id 2145)
NEW	AFL 2008	St Kilda	Robert Harvey	(id 2146)
NEARMISS	AFL 2008	St Kilda	"Robert Harvey" ~ "Robert Shirley"	(79%)
NEW	AFL 2008	Sydney	Nick Davis	(id 2147)
GAP	1	"Tadhg Kennelly"	2008 missed → linked to id 1928 (played 2010–2011)
NEW	AFL 2008	West Coast	Michael Braun	(id 2148)
NEW	AFL 2008	West Coast	Jaymie Graham	(id 2149)
GAP	1	"Beau Waters"	2008 missed → linked to id 1721 (played 2010–2013)
NEW	AFL 2008	Brisbane Lions	Robert Copeland	(id 2150)
NEW	AFL 2008	Brisbane Lions	Nigel Lappin	(id 2151)
NEW	AFL 2008	Western Bulldogs	Scott West	(id 2152)
NEARMISS	AFL 2008	Western Bulldogs	"Scott West" ~ "Scott Welsh"	(82%)
NEW	AFL 2008	Western Bulldogs	Cameron Wight	(id 2153)
NEW	AFL 2008	Adelaide	Nathan Bassett	(id 2154)
NEARMISS	AFL 2008	Adelaide	"Nathan Bassett" ~ "Nathan Ablett"	(79%)
NEW	AFL 2008	Adelaide	Ken McGregor	(id 2155)
NEW	AFL 2008	Hawthorn	Tim Boyle	(id 2156)
NEW	AFL 2008	Hawthorn	Tim Clarke	(id 2157)
NEW	AFL 2008	Hawthorn	Trent Croad	(id 2158)
NEW	AFL 2008	Melbourne	Nathan Carroll	(id 2159)
NEW	AFL 2008	Melbourne	David Neitz	(id 2160)
NEW	AFL 2008	Melbourne	Isaac Weetra	(id 2161)
NEW	AFL 2008	Melbourne	Jeff White	(id 2162)
NEW	AFL 2008	Melbourne	Adem Yze	(id 2163)
NEW	AFL 2008	North Melbourne	Shannon Grant	(id 2164)
NEARMISS	AFL 2008	North Melbourne	"Shannon Grant" ~ "Shannon Watt"	(77%)
NEW	AFL 2008	North Melbourne	Nathan Thompson	(id 2165)
NEW	AFL 2008	Essendon	Jason Johnson	(id 2166)
NEARMISS	AFL 2008	Essendon	"Jason Johnson" ~ "Ash Johnson"	(77%)
NEW	AFL 2008	Essendon	Jason Laycock	(id 2167)
NEW	AFL 2008	Essendon	Mal Michael	(id 2168)
NEARMISS	AFL 2008	Essendon	"Mal Michael" ~ "Sam Michael"	(82%)
NEW	AFL 2008	Essendon	Adam Ramanauskas	(id 2169)
NEW	AFL 2008	Collingwood	Scott Burns	(id 2170)
NEW	AFL 2008	Melbourne	Jace Bode	(id 2171)
NEW	AFL 2008	Adelaide	Luke Jericho	(id 2172)
NEW	AFL 2008	Adelaide	Kris Massie	(id 2173)
NEW	AFL 2008	St Kilda	Fraser Gehrig	(id 2174)
GAP	3	"Darren Pfeiffer"	2008 missed → linked to id 1845 (played 2012)
NEW	AFL 2008	Richmond	Chris Hyde	(id 2175)
GAP	1	"Robert Warnock"	2008 missed → linked to id 1589 (played 2010–2015)
NEW	AFL 2008	Essendon	Damien Peverill	(id 2176)
GAP	1	"Austin Wonaeamirri"	2008 missed → linked to id 1917 (played 2010–2011)
NEW	AFL 2008	Richmond	Greg Tivendale	(id 2177)
GAP	1	"Matt Maguire"	2008 missed → linked to id 1579 (played 2010–2015)
NEW	AFL 2008	North Melbourne	Jesse Smith	(id 2178)
NEW	AFL 2008	Sydney	Luke Brennan	(id 2179)
NEW	AFL 2008	West Coast	Steven Armstrong	(id 2180)
NEW	AFL 2008	Brisbane Lions	Wayde Mills	(id 2181)
NEW	AFL 2008	Hawthorn	Shane Crawford	(id 2182)
NEW	AFL 2008	Adelaide	Bryce Campbell	(id 2183)
NEARMISS	AFL 2008	Adelaide	"Bryce Campbell" ~ "Braeden Campbell"	(75%)
NEW	AFL 2008	Adelaide	Jarrhan Jacky	(id 2184)
NEW	AFL 2008	Collingwood	Brodie Holland	(id 2185)
NEW	AFL 2008	Carlton	Adam Bentick	(id 2186)
NEW	AFL 2008	West Coast	Chad Jones	(id 2187)
NEARMISS	AFL 2008	West Coast	"Chad Jones" ~ "Chad Cornes"	(82%)
NEW	AFL 2008	Essendon	Courtney Johns	(id 2188)
NEW	AFL 2008	St Kilda	Shane Birss	(id 2189)
NEARMISS	AFL 2008	St Kilda	"Shane Birss" ~ "Shane Biggs"	(82%)
NEW	AFL 2008	St Kilda	Michael Rix	(id 2190)
NEARMISS	AFL 2008	St Kilda	"Michael Rix" ~ "Michael Ross"	(75%)
NEW	AFL 2008	North Melbourne	Eddie Sansbury	(id 2191)
NEW	AFL 2008	North Melbourne	Jess Sinclair	(id 2192)
NEARMISS	AFL 2008	North Melbourne	"Jess Sinclair" ~ "Jack Sinclair"	(77%)
GAP	1	"David Ellard"	2008 missed → linked to id 1573 (played 2010–2015)
NEW	AFL 2008	Sydney	Peter Everitt	(id 2193)
NEW	AFL 2008	Sydney	Ben Mathews	(id 2194)
GAP	1	"Henry Playfair"	2008 missed → linked to id 2026 (played 2010)
NEW	AFL 2008	Fremantle	Brock OBrien	(id 2195)
NEARMISS	AFL 2008	Fremantle	"Brock OBrien" ~ "Nick OBrien"	(75%)
NEW	AFL 2008	Carlton	Cain Ackland	(id 2196)
NEW	AFL 2008	Port Adelaide	Michael Wilson	(id 2197)
NEW	AFL 2008	Sydney	Tim Schmidt	(id 2198)
NEW	AFL 2008	Melbourne	Ben Holland	(id 2199)
NEW	AFL 2008	St Kilda	Matthew Ferguson	(id 2200)
NEW	AFL 2008	North Melbourne	Ben Davies	(id 2201)
NEARMISS	AFL 2008	North Melbourne	"Ben Davies" ~ "Ben Davis"	(90%)
NEW	AFL 2008	Fremantle	Ryley Dunn	(id 2202)
NEW	AFL 2008	St Kilda	Jarryd Allen	(id 2203)
NEW	AFL 2008	Port Adelaide	Fabian Deluca	(id 2204)
NEW	AFL 2008	Port Adelaide	Nathan Lonie	(id 2205)
NEARMISS	AFL 2008	Port Adelaide	"Nathan Lonie" ~ "Nathan Jones"	(75%)
NEW	AFL 2008	Port Adelaide	Damon White	(id 2206)
NEARMISS	AFL 2008	Port Adelaide	"Damon White" ~ "Simon White"	(82%)
NEW	AFL 2008	North Melbourne	Blake Grima	(id 2207)
NEW	AFL 2008	Collingwood	Ryan Lonie	(id 2208)
NEW	AFL 2008	Brisbane Lions	Scott Clouston	(id 2209)
GAP	1	"Mitch Farmer"	2008 missed → linked to id 1941 (played 2010–2011)
NEW	AFL 2008	Carlton	Jason Saddington	(id 2210)
NEW	AFL 2008	Port Adelaide	Ryan Williams	(id 2211)
NEARMISS	AFL 2008	Port Adelaide	"Ryan Williams" ~ "Dylan Williams"	(86%)
NEW	AFL 2008	Western Bulldogs	Peter Street	(id 2212)
NEW	AFL 2008	Essendon	Rhys Magin	(id 2213)
NEW	AFL 2008	West Coast	Tony Notte	(id 2214)
NEW	AFL 2008	Brisbane Lions	Matthew Moody	(id 2215)
NEARMISS	AFL 2008	Brisbane Lions	"Matthew Moody" ~ "Matthew Boyd"	(77%)
NEW	AFL 2008	Sydney	Nic Fosdike	(id 2216)
NEW	AFL 2008	Richmond	Tristan Cartledge	(id 2217)
GAP	1	"Wayde Skipper"	2008 missed → linked to id 2027 (played 2010)
NEW	AFL 2008	Essendon	John Williams	(id 2218)
NEARMISS	AFL 2008	Essendon	"John Williams" ~ "Josh Williams"	(85%)
NEW	AFL 2007	Melbourne	Daniel Ward	(id 2219)
NEW	AFL 2007	St Kilda	Jayden Attard	(id 2220)
NEW	AFL 2007	St Kilda	Matthew Clarke	(id 2221)
NEARMISS	AFL 2007	St Kilda	"Matthew Clarke" ~ "Matthew Parker"	(79%)
NEW	AFL 2007	St Kilda	Andrew Thompson	(id 2222)
NEW	AFL 2007	Kangaroos	Glenn Archer	(id 2223)
NEW	AFL 2007	Kangaroos	David Trotter	(id 2224)
NEW	AFL 2007	Collingwood	James Clement	(id 2225)
NEW	AFL 2007	Collingwood	Paul Licuria	(id 2226)
NEW	AFL 2007	Collingwood	Guy Richards	(id 2227)
NEARMISS	AFL 2007	Collingwood	"Guy Richards" ~ "Ed Richards"	(75%)
GAP	1	"Paul Hasleby"	2007 missed → linked to id 2001 (played 2009–2010)
NEW	AFL 2007	Fremantle	Justin Longmuir	(id 2228)
NEW	AFL 2007	Fremantle	Shane Parker	(id 2229)
NEW	AFL 2007	Fremantle	James Walker	(id 2230)
NEARMISS	AFL 2007	Fremantle	"James Walker" ~ "James Magner"	(75%)
NEW	AFL 2007	Port Adelaide	Adam Cockshell	(id 2231)
NEW	AFL 2007	Port Adelaide	Darryl Wakelin	(id 2232)
NEW	AFL 2007	Brisbane Lions	Ben Fixter	(id 2233)
NEW	AFL 2007	Brisbane Lions	Beau McDonald	(id 2234)
NEW	AFL 2007	Hawthorn	Danny Jacobs	(id 2235)
GAP	3	"Simon Phillips"	2007 missed → linked to id 1855 (played 2011–2012)
NEW	AFL 2007	Sydney	Luke Vogels	(id 2236)
GAP	1	"Mitch Brown"	2007 missed → linked to id 1018 (played 2009–2022)
NEW	AFL 2007	West Coast	Daniel Chick	(id 2237)
NEARMISS	AFL 2007	West Coast	"Daniel Chick" ~ "Daniel Rich"	(75%)
NEW	AFL 2007	West Coast	Rowan Jones	(id 2238)
NEARMISS	AFL 2007	West Coast	"Rowan Jones" ~ "Jordan Jones"	(75%)
NEW	AFL 2007	Adelaide	Ian Perrie	(id 2239)
NEW	AFL 2007	Adelaide	Jason Torney	(id 2240)
NEW	AFL 2007	Essendon	James Hird	(id 2241)
NEW	AFL 2007	Western Bulldogs	Luke Darcy	(id 2242)
NEW	AFL 2007	Western Bulldogs	Andrew McDougall	(id 2243)
NEW	AFL 2007	Western Bulldogs	Brett Montgomery	(id 2244)
GAP	3	"Nathan Ablett"	2007 missed → linked to id 1963 (played 2011)
NEW	AFL 2007	Geelong	Matthew Egan	(id 2245)
NEARMISS	AFL 2007	Geelong	"Matthew Egan" ~ "Matthew Whelan"	(79%)
NEW	AFL 2007	Carlton	Matthew Lappin	(id 2246)
NEW	AFL 2007	Carlton	Lance Whitnall	(id 2247)
NEW	AFL 2007	Richmond	Patrick Bowden	(id 2248)
NEW	AFL 2007	Richmond	Darren Gaspar	(id 2249)
GAP	3	"Andrew Krakouer"	2007 missed → linked to id 1766 (played 2011–2013)
NEW	AFL 2007	Brisbane Lions	Marcus Allan	(id 2250)
NEW	AFL 2007	Collingwood	Daniel Nicholls	(id 2251)
NEARMISS	AFL 2007	Collingwood	"Daniel Nicholls" ~ "Daniel Nicholson"	(81%)
NEW	AFL 2007	Port Adelaide	Josh Mahoney	(id 2252)
NEARMISS	AFL 2007	Port Adelaide	"Josh Mahoney" ~ "Josh Honey"	(83%)
NEW	AFL 2007	Essendon	Chris Heffernan	(id 2253)
NEW	AFL 2007	Fremantle	Luke Webster	(id 2254)
NEW	AFL 2007	Western Bulldogs	Matthew Robbins	(id 2255)
NEW	AFL 2007	Adelaide	Matthew Bode	(id 2256)
NEARMISS	AFL 2007	Adelaide	"Matthew Bode" ~ "Matthew Boyd"	(83%)
NEW	AFL 2007	Hawthorn	Ben Dixon	(id 2257)
NEW	AFL 2007	Melbourne	Simon Godfrey	(id 2258)
GAP	1	"Brad Dick"	2007 missed → linked to id 1927 (played 2009–2011)
NEW	AFL 2007	St Kilda	Barry Brooks	(id 2259)
NEW	AFL 2007	Fremantle	Troy Cook	(id 2260)
NEW	AFL 2007	Melbourne	Ryan Ferguson	(id 2261)
NEW	AFL 2007	Kangaroos	Kasey Green	(id 2262)
NEW	AFL 2007	Melbourne	Clint Bizzell	(id 2263)
NEW	AFL 2007	Melbourne	Byron Pickett	(id 2264)
NEW	AFL 2007	Essendon	Mark Bolton	(id 2265)
NEW	AFL 2007	St Kilda	Brett Voss	(id 2266)
NEW	AFL 2007	Hawthorn	Josh Thurgood	(id 2267)
GAP	1	"Leigh Adams"	2007 missed → linked to id 1648 (played 2009–2014)
NEW	AFL 2007	Carlton	Luke Blackwell	(id 2268)
NEW	AFL 2007	Carlton	Ross Young	(id 2269)
NEW	AFL 2007	Hawthorn	Richard Vandenberg	(id 2270)
NEW	AFL 2007	Adelaide	John Hinge	(id 2271)
GAP	1	"Danny Meyer"	2007 missed → linked to id 2037 (played 2009–2010)
NEW	AFL 2007	Essendon	Richard Cole	(id 2272)
GAP	3	"Sam Iles"	2007 missed → linked to id 1823 (played 2011–2012)
NEW	AFL 2007	Carlton	Anthony Koutoufides	(id 2273)
GAP	1	"Garry Moss"	2007 missed → linked to id 1982 (played 2009–2010)
NEW	AFL 2007	Essendon	Scott Camporeale	(id 2274)
GAP	9	"Joel Smith"	2007 missed → linked to id 924 (played 2017–2023)
NEW	AFL 2007	St Kilda	Brad Howard	(id 2275)
NEW	AFL 2007	St Kilda	Justin Sweeney	(id 2276)
NEW	AFL 2007	Fremantle	Clayton Collard	(id 2277)
NEW	AFL 2007	Richmond	Kent Kingsley	(id 2278)
NEW	AFL 2007	Western Bulldogs	Cameron Faulkner	(id 2279)
NEW	AFL 2007	Adelaide	Mark Ricciuto	(id 2280)
GAP	2	"Chris Schmidt"	2007 missed → linked to id 1937 (played 2010–2011)
NEW	AFL 2007	Western Bulldogs	Malcolm Lynch	(id 2281)
NEW	AFL 2007	Sydney	Matthew Laidlaw	(id 2282)
NEW	AFL 2007	Brisbane Lions	Daniel Dzufer	(id 2283)
NEW	AFL 2007	Western Bulldogs	Chris Grant	(id 2284)
NEARMISS	AFL 2007	Western Bulldogs	"Chris Grant" ~ "Chris Tarrant"	(77%)
GAP	12	"Will Hamill"	2007 missed → linked to id 778 (played 2020–2024)
GAP	1	"Mitch Thorp"	2007 missed → linked to id 2077 (played 2009)
NEW	AFL 2007	Richmond	Brent Hartigan	(id 2285)
NEW	AFL 2007	Hawthorn	Matthew Little	(id 2286)
GAP	1	"Ben Cousins"	2007 missed → linked to id 1971 (played 2009–2010)
NEW	AFL 2007	Kangaroos	Djaran Whyman	(id 2287)
GAP	1	"Beau Dowler"	2007 missed → linked to id 2093 (played 2009)
GAP	2	"Scott Gumbleton"	2007 missed → linked to id 1759 (played 2010–2013)
GAP	1	"Angus Graham"	2007 missed → linked to id 1875 (played 2009–2012)
GAP	1	"John Meesen"	2007 missed → linked to id 2087 (played 2009)
NEW	AFL 2007	Collingwood	Nathan Buckley	(id 2288)
NEW	AFL 2007	Brisbane Lions	Chris Scott	(id 2289)
NEW	AFL 2007	Fremantle	Robert Haddrill	(id 2290)
NEW	AFL 2006	West Coast	Ashley Sampi	(id 2291)
NEW	AFL 2006	St Kilda	Aaron Hamill	(id 2292)
NEARMISS	AFL 2006	St Kilda	"Aaron Hamill" ~ "Aaron Hall"	(83%)
NEW	AFL 2006	St Kilda	Allan Murray	(id 2293)
NEW	AFL 2006	St Kilda	Justin Peckett	(id 2294)
NEW	AFL 2006	St Kilda	Stephen Powell	(id 2295)
NEW	AFL 2006	St Kilda	Fergus Watts	(id 2296)
NEW	AFL 2006	Western Bulldogs	Adam Morgan	(id 2297)
NEW	AFL 2006	Western Bulldogs	Rohan Smith	(id 2298)
GAP	2	"Mark Coughlan"	2006 missed → linked to id 2095 (played 2009)
NEW	AFL 2006	Richmond	Andrew Kellaway	(id 2299)
NEW	AFL 2006	Geelong	Will Slade	(id 2300)
GAP	1	"Daniel Bradshaw"	2006 missed → linked to id 1985 (played 2008–2010)
NEW	AFL 2006	Brisbane Lions	Justin Leppitsch	(id 2301)
NEW	AFL 2006	Brisbane Lions	Brad Scott	(id 2302)
NEW	AFL 2006	Brisbane Lions	Michael Voss	(id 2303)
NEARMISS	AFL 2006	Brisbane Lions	"Michael Voss" ~ "Michael Ross"	(92%)
NEW	AFL 2006	Sydney	Paul Chambers	(id 2304)
NEW	AFL 2006	Sydney	Paul Williams	(id 2305)
NEARMISS	AFL 2006	Sydney	"Paul Williams" ~ "Jack Williams"	(77%)
NEW	AFL 2006	Port Adelaide	Matthew Bishop	(id 2306)
GAP	1	"Stuart Dew"	2006 missed → linked to id 2056 (played 2008–2009)
NEW	AFL 2006	Port Adelaide	Peter Walsh	(id 2307)
NEW	AFL 2006	Port Adelaide	Gavin Wanganeen	(id 2308)
GAP	1	"Leigh Harding"	2006 missed → linked to id 1993 (played 2008–2010)
NEW	AFL 2006	Kangaroos	Jonathan Hay	(id 2309)
GAP	1	"Nathan Thompson"	2006 missed → linked to id 2165 (played 2008)
NEW	AFL 2006	Kangaroos	Cameron Thurley	(id 2310)
GAP	2	"Zac Dawson"	2006 missed → linked to id 1392 (played 2009–2017)
NEW	AFL 2006	Melbourne	Shannon Motlop	(id 2311)
NEW	AFL 2006	Carlton	Adrian De Luca	(id 2312)
NEW	AFL 2006	Carlton	Barnaby French	(id 2313)
NEW	AFL 2006	Carlton	Luke Livingston	(id 2314)
NEW	AFL 2006	Carlton	Cory McGrath	(id 2315)
NEW	AFL 2006	Carlton	Dylan McLaren	(id 2316)
NEARMISS	AFL 2006	Carlton	"Dylan McLaren" ~ "Dylan Clarke"	(77%)
NEW	AFL 2006	Carlton	Trent Sporn	(id 2317)
NEW	AFL 2006	Collingwood	Jason Cloke	(id 2318)
NEARMISS	AFL 2006	Collingwood	"Jason Cloke" ~ "Jason Blake"	(82%)
NEW	AFL 2006	Adelaide	Rhett Biglands	(id 2319)
NEW	AFL 2006	Adelaide	Ben Hart	(id 2320)
GAP	2	"Trent Hentschel"	2006 missed → linked to id 2005 (played 2009–2010)
NEW	AFL 2006	Kangaroos	Joel Perry	(id 2321)
NEARMISS	AFL 2006	Kangaroos	"Joel Perry" ~ "Joe Berry"	(80%)
NEW	AFL 2006	Carlton	Callum Chambers	(id 2322)
NEW	AFL 2006	Collingwood	Blake Caracella	(id 2323)
NEW	AFL 2006	St Kilda	Troy Schwarze	(id 2324)
NEW	AFL 2006	Carlton	David Teague	(id 2325)
NEW	AFL 2006	Richmond	Ray Hall	(id 2326)
NEARMISS	AFL 2006	Richmond	"Ray Hall" ~ "Clay Hall"	(78%)
NEW	AFL 2006	Richmond	Jeremy Humm	(id 2327)
NEW	AFL 2006	Richmond	Tom Roach	(id 2328)
NEARMISS	AFL 2006	Richmond	"Tom Roach" ~ "Tom Couch"	(78%)
GAP	2	"Hayden Skipworth"	2006 missed → linked to id 2072 (played 2009)
NEW	AFL 2006	Kangaroos	Troy Makepeace	(id 2329)
NEW	AFL 2006	Kangaroos	Saverio Rocca	(id 2330)
GAP	1	"Tim Callan"	2006 missed → linked to id 2051 (played 2008–2010)
GAP	1	"Tom Lonergan"	2006 missed → linked to id 1398 (played 2008–2017)
NEW	AFL 2006	Richmond	Greg Stafford	(id 2331)
NEW	AFL 2006	Essendon	Dean Rioli	(id 2332)
NEW	AFL 2006	West Coast	Josh Wooden	(id 2333)
GAP	1	"Ben Davies"	2006 missed → linked to id 2201 (played 2008)
NEW	AFL 2006	Hawthorn	Nick Ries	(id 2334)
NEW	AFL 2006	Geelong	Peter Riccardi	(id 2335)
NEW	AFL 2006	Port Adelaide	Aaron Shattock	(id 2336)
NEW	AFL 2006	Kangaroos	Brent LeCras	(id 2337)
NEW	AFL 2006	Fremantle	Michael Warren	(id 2338)
NEW	AFL 2006	Hawthorn	Ben Kane	(id 2339)
NEARMISS	AFL 2006	Hawthorn	"Ben Kane" ~ "Ben King"	(75%)
NEW	AFL 2006	Hawthorn	Harry Miller	(id 2340)
NEW	AFL 2006	Port Adelaide	Adam Kingsley	(id 2341)
NEW	AFL 2006	Essendon	Joel Reynolds	(id 2342)
NEW	AFL 2006	Kangaroos	Ben Schwarze	(id 2343)
NEW	AFL 2006	Richmond	Trent Knobel	(id 2344)
NEW	AFL 2006	Fremantle	Jarrad Schofield	(id 2345)
NEARMISS	AFL 2006	Fremantle	"Jarrad Schofield" ~ "Jayden Schofield"	(75%)
NEW	AFL 2006	Western Bulldogs	Kieran McGuinness	(id 2346)
NEW	AFL 2006	Port Adelaide	James Ezard	(id 2347)
NEW	AFL 2006	Geelong	Paul Koulouriotis	(id 2348)
NEW	AFL 2006	Carlton	Ian Prendergast	(id 2349)
NEW	AFL 2006	St Kilda	Mark McGough	(id 2350)
NEARMISS	AFL 2006	St Kilda	"Mark McGough" ~ "Mark McVeigh"	(75%)
NEW	AFL 2006	West Coast	Drew Banfield	(id 2351)
NEW	AFL 2006	Collingwood	Chad Morrison	(id 2352)
NEW	AFL 2006	Kangaroos	Jade Rawlings	(id 2353)
NEARMISS	AFL 2006	Kangaroos	"Jade Rawlings" ~ "Brady Rawlings"	(79%)
NEW	AFL 2006	Carlton	Troy Longmuir	(id 2354)
NEW	AFL 2006	Geelong	Matthew Spencer	(id 2355)
NEARMISS	AFL 2006	Geelong	"Matthew Spencer" ~ "Matthew Spangher"	(81%)
NEW	AFL 2006	Brisbane Lions	Martin Pask	(id 2356)
NEW	AFL 2006	Hawthorn	John Barker	(id 2357)
NEW	AFL 2006	Melbourne	Phillip Read	(id 2358)
NEW	AFL 2006	Collingwood	Adam Iacobucci	(id 2359)
NEW	AFL 2006	Collingwood	Julian Rowe	(id 2360)
NEW	AFL 2006	Port Adelaide	Elijah Ware	(id 2361)
GAP	1	"Tristan Cartledge"	2006 missed → linked to id 2217 (played 2008)
NEW	AFL 2006	Essendon	Andrew Lee	(id 2362)
GAP	1	"Sam Butler"	2006 missed → linked to id 662 (played 2008–2026)
GAP	1	"Michael Gardiner"	2006 missed → linked to id 1970 (played 2008–2011)
NEW	AFL 2006	Geelong	Matthew McCarthy	(id 2363)
NEW	AFL 2006	Essendon	Ben Jolley	(id 2364)
GAP	1	"Sam Lonergan"	2006 missed → linked to id 1780 (played 2008–2013)
NEW	AFL 2006	Hawthorn	Matthew Ball	(id 2365)
NEARMISS	AFL 2006	Hawthorn	"Matthew Ball" ~ "Matthew Bate"	(83%)
NEW	AFL 2006	Western Bulldogs	Damien McCormack	(id 2366)
NEW	AFL 2006	Collingwood	David Fanning	(id 2367)
NEW	AFL 2006	Brisbane Lions	Clark Keating	(id 2368)
NEW	AFL 2006	Western Bulldogs	Travis Baird	(id 2369)
NEW	AFL 2006	Richmond	Mark Chaffey	(id 2370)
NEW	AFL 2006	Kangaroos	Callum Urch	(id 2371)
GAP	2	"Max Bailey"	2006 missed → linked to id 1745 (played 2009–2013)
NEW	AFL 2006	Sydney	Stephen Doyle	(id 2372)
NEW	AFL 2006	Kangaroos	Daniel McConnell	(id 2373)
GAP	1	"Nick Lower"	2006 missed → linked to id 1726 (played 2008–2013)
NEW	AFL 2006	Port Adelaide	Ryan Willits	(id 2374)
NEARMISS	AFL 2006	Port Adelaide	"Ryan Willits" ~ "Ryan Williams"	(85%)
GAP	1	"Ryan Gamble"	2006 missed → linked to id 1896 (played 2008–2011)
GAP	1	"Nick Smith"	2006 missed → linked to id 1304 (played 2008–2018)
GAP	1	"Nigel Lappin"	2005 missed → linked to id 2151 (played 2007–2008)
NEW	AFL 2005	Brisbane Lions	Martin Pike	(id 2375)
GAP	1	"Chris Scott"	2005 missed → linked to id 2289 (played 2007)
NEW	AFL 2005	Brisbane Lions	Darryl White	(id 2376)
NEW	AFL 2005	St Kilda	Austinn Jones	(id 2377)
NEW	AFL 2005	Kangaroos	Leigh Colbert	(id 2378)
NEW	AFL 2005	Kangaroos	Lance Picioane	(id 2379)
NEW	AFL 2005	Kangaroos	Michael Stevens	(id 2380)
NEARMISS	AFL 2005	Kangaroos	"Michael Stevens" ~ "Michael Evans"	(80%)
NEW	AFL 2005	Carlton	Justin Davies	(id 2381)
NEW	AFL 2005	Carlton	Digby Morrell	(id 2382)
GAP	1	"Clint Bizzell"	2005 missed → linked to id 2263 (played 2007)
NEW	AFL 2005	Melbourne	Guy Rigoni	(id 2383)
NEW	AFL 2005	Essendon	Matthew Allan	(id 2384)
NEARMISS	AFL 2005	Essendon	"Matthew Allan" ~ "Matthew Whelan"	(79%)
NEW	AFL 2005	Essendon	Marcus Bullen	(id 2385)
NEARMISS	AFL 2005	Essendon	"Marcus Bullen" ~ "Marcus Allan"	(77%)
NEW	AFL 2005	Essendon	Damian Cupido	(id 2386)
NEW	AFL 2005	Essendon	Ben Haynes	(id 2387)
NEW	AFL 2005	Essendon	Aaron Henneman	(id 2388)
NEW	AFL 2005	Essendon	Justin Murphy	(id 2389)
GAP	1	"Adam Ramanauskas"	2005 missed → linked to id 2169 (played 2007–2008)
NEW	AFL 2005	Fremantle	Dion Woods	(id 2390)
NEW	AFL 2005	Port Adelaide	Stuart Cochrane	(id 2391)
NEW	AFL 2005	Port Adelaide	Josh Francou	(id 2392)
NEW	AFL 2005	Port Adelaide	Matthew Primus	(id 2393)
NEW	AFL 2005	Sydney	Jason Ball	(id 2394)
NEW	AFL 2005	Sydney	Stuart Maxfield	(id 2395)
NEW	AFL 2005	Sydney	Matthew Nicks	(id 2396)
NEARMISS	AFL 2005	Sydney	"Matthew Nicks" ~ "Matthew Dick"	(85%)
NEW	AFL 2005	Hawthorn	Nick Holland	(id 2397)
NEARMISS	AFL 2005	Hawthorn	"Nick Holland" ~ "Nick Holman"	(83%)
NEW	AFL 2005	Richmond	Wayne Campbell	(id 2398)
NEARMISS	AFL 2005	Richmond	"Wayne Campbell" ~ "Bryce Campbell"	(79%)
NEW	AFL 2005	Richmond	Mark Graham	(id 2399)
NEARMISS	AFL 2005	Richmond	"Mark Graham" ~ "Jack Graham"	(82%)
NEW	AFL 2005	Adelaide	James Begley	(id 2400)
NEARMISS	AFL 2005	Adelaide	"James Begley" ~ "James Bell"	(75%)
GAP	1	"Ben Hudson"	2005 missed → linked to id 1756 (played 2007–2013)
NEW	AFL 2005	Adelaide	Mark Stevens	(id 2401)
NEARMISS	AFL 2005	Adelaide	"Mark Stevens" ~ "Jack Steven"	(75%)
NEW	AFL 2005	West Coast	Phillip Matera	(id 2402)
NEW	AFL 2005	Collingwood	Tristen Walker	(id 2403)
NEW	AFL 2005	Collingwood	Andrew Williams	(id 2404)
NEW	AFL 2005	Collingwood	Shane Woewodin	(id 2405)
NEW	AFL 2005	Western Bulldogs	Daniel Bandy	(id 2406)
NEARMISS	AFL 2005	Western Bulldogs	"Daniel Bandy" ~ "Daniel Ward"	(75%)
GAP	1	"Luke Darcy"	2005 missed → linked to id 2242 (played 2007)
NEW	AFL 2005	Carlton	Karl Norman	(id 2407)
NEW	AFL 2005	Essendon	Mark Alvey	(id 2408)
NEW	AFL 2005	Essendon	Ty Zantuck	(id 2409)
NEW	AFL 2005	Western Bulldogs	Ben Harrison	(id 2410)
NEW	AFL 2005	Melbourne	Alistair Nicholson	(id 2411)
NEW	AFL 2005	Port Adelaide	Roger James	(id 2412)
NEW	AFL 2005	St Kilda	Luke Penny	(id 2413)
NEARMISS	AFL 2005	St Kilda	"Luke Penny" ~ "Luke Kennedy"	(75%)
GAP	1	"Ryley Dunn"	2005 missed → linked to id 2202 (played 2007–2008)
NEW	AFL 2005	Hawthorn	Simon Beaumont	(id 2414)
NEW	AFL 2005	Carlton	Brett Johnson	(id 2415)
NEARMISS	AFL 2005	Carlton	"Brett Johnson" ~ "Brett OHanlon"	(77%)
GAP	1	"Blake Grima"	2005 missed → linked to id 2207 (played 2007–2008)
NEW	AFL 2005	Sydney	David Spriggs	(id 2416)
NEW	AFL 2005	Port Adelaide	Jared Poulton	(id 2417)
NEW	AFL 2005	West Coast	Damien Adkins	(id 2418)
NEW	AFL 2005	Essendon	Paul Thomas	(id 2419)
NEW	AFL 2005	Carlton	Glen Bowyer	(id 2420)
NEW	AFL 2005	Fremantle	Andrew Siegert	(id 2421)
NEW	AFL 2005	Fremantle	Dylan Smith	(id 2422)
NEW	AFL 2005	Western Bulldogs	Brad Murphy	(id 2423)
NEW	AFL 2005	Kangaroos	John Baird	(id 2424)
NEW	AFL 2005	Brisbane Lions	Llane Spaanderman	(id 2425)
NEW	AFL 2005	Sydney	Andrew Schauble	(id 2426)
NEW	AFL 2005	Melbourne	Luke Williams	(id 2427)
NEW	AFL 2005	Port Adelaide	Ben Eckermann	(id 2428)
NEW	AFL 2005	St Kilda	Nick Stone	(id 2429)
NEW	AFL 2005	Western Bulldogs	Tim Walsh	(id 2430)
NEARMISS	AFL 2005	Western Bulldogs	"Tim Walsh" ~ "Sam Walsh"	(78%)
GAP	1	"Luke Jericho"	2005 missed → linked to id 2172 (played 2007–2008)
NEW	AFL 2005	Kangaroos	Justin Perkins	(id 2431)
NEW	AFL 2005	Hawthorn	Steven Greene	(id 2432)
NEARMISS	AFL 2005	Hawthorn	"Steven Greene" ~ "Steven Browne"	(77%)
NEW	AFL 2005	Carlton	David Clarke	(id 2433)
NEARMISS	AFL 2005	Carlton	"David Clarke" ~ "Xavier Clarke"	(77%)
NEW	AFL 2005	Richmond	Rory Hilton	(id 2434)
GAP	1	"Aaron Edwards"	2005 missed → linked to id 1680 (played 2007–2014)
NEW	AFL 2005	Brisbane Lions	Leigh Ryswyk	(id 2435)
NEW	AFL 2005	Essendon	Sam Hunt	(id 2436)
NEW	AFL 2005	Geelong	Brenton Sanderson	(id 2437)
NEW	AFL 2005	Richmond	Shane Morrison	(id 2438)
NEARMISS	AFL 2005	Richmond	"Shane Morrison" ~ "Chad Morrison"	(79%)
NEW	AFL 2005	Geelong	David Haynes	(id 2439)
NEARMISS	AFL 2005	Geelong	"David Haynes" ~ "David Hale"	(75%)
NEW	AFL 2005	Geelong	James Rahilly	(id 2440)
NEW	AFL 2005	Collingwood	Matthew Lokan	(id 2441)
NEARMISS	AFL 2005	Collingwood	"Matthew Lokan" ~ "Matthew Lobbe"	(77%)
NEW	AFL 2005	Hawthorn	Angelo Lekkas	(id 2442)
NEW	AFL 2005	Kangaroos	Ashley Watson	(id 2443)
NEARMISS	AFL 2005	Kangaroos	"Ashley Watson" ~ "Ashley Hansen"	(77%)
NEW	AFL 2005	Collingwood	Brent Hall	(id 2444)
NEW	AFL 2005	Hawthorn	Bo Nixon	(id 2445)
GAP	1	"Matthew Ferguson"	2005 missed → linked to id 2200 (played 2007–2008)
NEW	AFL 2005	West Coast	Travis Gaspar	(id 2446)
NEW	AFL 2004	Richmond	Tim Fleming	(id 2447)
GAP	1	"David Rodan"	2004 missed → linked to id 1736 (played 2006–2013)
NEW	AFL 2004	Collingwood	Steven McKee	(id 2448)
NEARMISS	AFL 2004	Collingwood	"Steven McKee" ~ "Steven Baker"	(75%)
NEW	AFL 2004	Hawthorn	Adrian Cox	(id 2449)
NEW	AFL 2004	Hawthorn	Luke McCabe	(id 2450)
NEARMISS	AFL 2004	Hawthorn	"Luke McCabe" ~ "Luke McGuane"	(75%)
GAP	2	"Andrew Browne"	2004 missed → linked to id 1940 (played 2007–2011)
GAP	1	"Roger Hayden"	2004 missed → linked to id 1955 (played 2006–2011)
NEW	AFL 2004	Fremantle	Clive Waterhouse	(id 2451)
NEW	AFL 2004	Carlton	Daniel Harford	(id 2452)
NEW	AFL 2004	Carlton	Darren Hulme	(id 2453)
NEW	AFL 2004	Carlton	Stephen Kenna	(id 2454)
NEW	AFL 2004	Geelong	Ben Graham	(id 2455)
GAP	2	"Richard Hadley"	2004 missed → linked to id 2034 (played 2007–2010)
NEW	AFL 2004	Brisbane Lions	Shaun Hart	(id 2456)
NEW	AFL 2004	Brisbane Lions	Craig McRae	(id 2457)
NEW	AFL 2004	Sydney	Heath James	(id 2458)
NEW	AFL 2004	Sydney	Mark Powell	(id 2459)
NEW	AFL 2004	Essendon	Joe Misiti	(id 2460)
NEW	AFL 2004	Kangaroos	David King	(id 2461)
NEW	AFL 2004	Kangaroos	Corey McKernan	(id 2462)
NEW	AFL 2004	Kangaroos	Mark Porter	(id 2463)
NEW	AFL 2004	Kangaroos	Anthony Stevens	(id 2464)
NEW	AFL 2004	Adelaide	Wayne Carey	(id 2465)
NEW	AFL 2004	Adelaide	Nigel Smart	(id 2466)
NEW	AFL 2004	Western Bulldogs	Simon Garlick	(id 2467)
NEW	AFL 2004	Western Bulldogs	Steven Koops	(id 2468)
NEW	AFL 2004	West Coast	Trent Carroll	(id 2469)
GAP	1	"Jeremy Humm"	2004 missed → linked to id 2327 (played 2006)
NEW	AFL 2004	West Coast	Glen Jakovich	(id 2470)
NEW	AFL 2004	Melbourne	Peter Vardy	(id 2471)
NEW	AFL 2004	Collingwood	Tom Davidson	(id 2472)
NEARMISS	AFL 2004	Collingwood	"Tom Davidson" ~ "Sam Davidson"	(83%)
NEW	AFL 2004	Adelaide	James Gallagher	(id 2473)
NEARMISS	AFL 2004	Adelaide	"James Gallagher" ~ "Harvey Gallagher"	(75%)
NEW	AFL 2004	Adelaide	Chris Ladhams	(id 2474)
NEW	AFL 2004	Adelaide	Jacob Schuback	(id 2475)
GAP	1	"Scott Stevens"	2004 missed → linked to id 1900 (played 2006–2011)
NEW	AFL 2004	Essendon	Mark Mercuri	(id 2476)
NEW	AFL 2004	Fremantle	Ben Cunningham	(id 2477)
NEARMISS	AFL 2004	Fremantle	"Ben Cunningham" ~ "Ben Cunnington"	(79%)
NEW	AFL 2004	Kangaroos	Jeremy Clayton	(id 2478)
NEARMISS	AFL 2004	Kangaroos	"Jeremy Clayton" ~ "Jeremy Finlayson"	(75%)
NEW	AFL 2004	Brisbane Lions	Alastair Lynch	(id 2479)
GAP	1	"Beau Waters"	2004 missed → linked to id 1721 (played 2006–2013)
NEW	AFL 2004	Western Bulldogs	Scott Bassett	(id 2480)
NEW	AFL 2004	Essendon	Sean Wellman	(id 2481)
NEW	AFL 2004	Melbourne	Troy Broadbridge	(id 2482)
NEW	AFL 2004	Richmond	Ben Marsh	(id 2483)
NEW	AFL 2004	St Kilda	Brett Moyle	(id 2484)
NEW	AFL 2004	Collingwood	Luke Mullins	(id 2485)
NEW	AFL 2004	Western Bulldogs	Matthew Croft	(id 2486)
NEW	AFL 2004	Richmond	Luke Weller	(id 2487)
NEARMISS	AFL 2004	Richmond	"Luke Weller" ~ "Luke Webster"	(75%)
NEW	AFL 2004	Adelaide	Ronnie Burns	(id 2488)
NEW	AFL 2004	Carlton	Jonathon McCormick	(id 2489)
GAP	1	"Leigh Fisher"	2004 missed → linked to id 2144 (played 2006–2008)
GAP	1	"Ben Kane"	2004 missed → linked to id 2339 (played 2006)
NEW	AFL 2004	Richmond	Simon Fletcher	(id 2490)
NEW	AFL 2004	Hawthorn	Rayden Tallis	(id 2491)
NEW	AFL 2004	Sydney	Aaron Rogers	(id 2492)
GAP	1	"Chad Jones"	2004 missed → linked to id 2187 (played 2006–2008)
NEW	AFL 2004	Collingwood	Ben Kinnear	(id 2493)
GAP	1	"Brad Symes"	2004 missed → linked to id 1879 (played 2006–2012)
NEW	AFL 2004	Port Adelaide	Damien Hardwick	(id 2494)
NEW	AFL 2004	Sydney	Rowan Warfe	(id 2495)
NEW	AFL 2004	Carlton	Ricky Mott	(id 2496)
NEW	AFL 2004	Carlton	Callan Beasy	(id 2497)
NEW	AFL 2004	Sydney	James Meiklejohn	(id 2498)
NEW	AFL 2004	Richmond	Justin Blumfield	(id 2499)
NEW	AFL 2004	Richmond	Duncan Kellaway	(id 2500)
NEW	AFL 2004	Geelong	David Loats	(id 2501)
GAP	1	"Fergus Watts"	2004 missed → linked to id 2296 (played 2006)
GAP	1	"Ben Fixter"	2004 missed → linked to id 2233 (played 2006–2007)
NEW	AFL 2004	Sydney	Josh Thewlis	(id 2502)
NEW	AFL 2004	Hawthorn	Kris Barlow	(id 2503)
NEW	AFL 2004	Richmond	Matthew Rogers	(id 2504)
NEW	AFL 2004	Kangaroos	Shane Harvey	(id 2505)
NEARMISS	AFL 2004	Kangaroos	"Shane Harvey" ~ "Shane Parker"	(75%)
NEW	AFL 2004	West Coast	Zach Beeck	(id 2506)
NEW	AFL 2004	Richmond	Marc Dragicevic	(id 2507)
NEW	AFL 2004	Richmond	Adam Houlihan	(id 2508)
NEARMISS	AFL 2004	Richmond	"Adam Houlihan" ~ "Ryan Houlihan"	(77%)
NEW	AFL 2004	Collingwood	Luke Shackleton	(id 2509)
NEW	AFL 2004	Collingwood	Justin Crow	(id 2510)
NEW	AFL 2004	Kangaroos	Shane Clayton	(id 2511)
NEW	AFL 2004	Richmond	Bill Nicholls	(id 2512)
NEW	AFL 2003	Collingwood	Rupert Betheras	(id 2513)
NEW	AFL 2003	Collingwood	Jarrod Molloy	(id 2514)
NEW	AFL 2003	Richmond	Leon Cameron	(id 2515)
NEW	AFL 2003	Richmond	Clinton King	(id 2516)
NEARMISS	AFL 2003	Richmond	"Clinton King" ~ "Clinton Young"	(77%)
NEW	AFL 2003	Richmond	Royce Vardy	(id 2517)
NEW	AFL 2003	Kangaroos	Ben Robbins	(id 2518)
GAP	1	"Barry Brooks"	2003 missed → linked to id 2259 (played 2005–2007)
NEW	AFL 2003	St Kilda	Nathan Burke	(id 2519)
NEARMISS	AFL 2003	St Kilda	"Nathan Burke" ~ "Nathan Buckley"	(79%)
NEW	AFL 2003	St Kilda	Mathew Capuano	(id 2520)
NEW	AFL 2003	St Kilda	Daniel Wulf	(id 2521)
NEARMISS	AFL 2003	St Kilda	"Daniel Wulf" ~ "Daniel Wells"	(75%)
NEW	AFL 2003	West Coast	Ashley McIntosh	(id 2522)
NEW	AFL 2003	West Coast	Troy Wilson	(id 2523)
NEARMISS	AFL 2003	West Coast	"Troy Wilson" ~ "Tom Wilson"	(82%)
GAP	1	"Josh Francou"	2003 missed → linked to id 2392 (played 2005)
NEW	AFL 2003	Port Adelaide	Stephen Paxman	(id 2524)
NEW	AFL 2003	Sydney	Daryn Cresswell	(id 2525)
NEW	AFL 2003	Carlton	Anthony Franchina	(id 2526)
NEW	AFL 2003	Carlton	Adrian Hickmott	(id 2527)
NEW	AFL 2003	Carlton	Glenn Manton	(id 2528)
NEW	AFL 2003	Carlton	Andrew McKay	(id 2529)
NEARMISS	AFL 2003	Carlton	"Andrew McKay" ~ "Andrew Mackie"	(77%)
NEW	AFL 2003	Carlton	Brett Ratten	(id 2530)
NEW	AFL 2003	Brisbane Lions	Marcus Ashcroft	(id 2531)
NEW	AFL 2003	Essendon	Steven Alessio	(id 2532)
NEW	AFL 2003	Essendon	Robert Forster-Knight	(id 2533)
NEW	AFL 2003	Adelaide	Mark Bickley	(id 2534)
NEARMISS	AFL 2003	Adelaide	"Mark Bickley" ~ "Jack Buckley"	(75%)
NEW	AFL 2003	Fremantle	Daniel Haines	(id 2535)
NEARMISS	AFL 2003	Fremantle	"Daniel Haines" ~ "Daniel Harris"	(77%)
NEW	AFL 2003	Fremantle	Anthony Jones	(id 2536)
NEARMISS	AFL 2003	Fremantle	"Anthony Jones" ~ "Anthony Miles"	(77%)
NEW	AFL 2003	Western Bulldogs	Paul Dimattina	(id 2537)
NEW	AFL 2003	Western Bulldogs	Steven Kretiuk	(id 2538)
NEW	AFL 2003	Western Bulldogs	Patrick Wiggins	(id 2539)
NEW	AFL 2003	Geelong	Brent Grgic	(id 2540)
GAP	1	"Ryan Ferguson"	2003 missed → linked to id 2261 (played 2005–2007)
NEW	AFL 2003	Melbourne	Andrew Leoncelli	(id 2541)
NEW	AFL 2003	Hawthorn	Simon Cox	(id 2542)
NEW	AFL 2003	Essendon	Paul Barnard	(id 2543)
NEW	AFL 2003	Melbourne	Chris Lamb	(id 2544)
NEW	AFL 2003	Melbourne	Gary Moorcroft	(id 2545)
NEW	AFL 2003	Sydney	Daniel McPherson	(id 2546)
NEARMISS	AFL 2003	Sydney	"Daniel McPherson" ~ "Andrew McPherson"	(75%)
NEW	AFL 2003	Port Adelaide	Che Cockatoo-Collins	(id 2547)
NEW	AFL 2003	Geelong	Mitchell White	(id 2548)
NEARMISS	AFL 2003	Geelong	"Mitchell White" ~ "Mitch White"	(79%)
NEW	AFL 2003	Carlton	Andrew Merrington	(id 2549)
NEW	AFL 2003	Collingwood	Glenn Freeborn	(id 2550)
GAP	1	"Shannon Motlop"	2003 missed → linked to id 2311 (played 2005–2006)
GAP	2	"Beau McDonald"	2003 missed → linked to id 2234 (played 2006–2007)
NEW	AFL 2003	Port Adelaide	Christopher Hall	(id 2551)
NEW	AFL 2003	Adelaide	Andrew Crowell	(id 2552)
NEW	AFL 2003	Adelaide	Daniel Schell	(id 2553)
NEARMISS	AFL 2003	Adelaide	"Daniel Schell" ~ "Daniel Bell"	(77%)
GAP	2	"Nick Smith"	2003 missed → linked to id 1304 (played 2006–2018)
GAP	2	"Will Slade"	2003 missed → linked to id 2300 (played 2006)
NEW	AFL 2003	Essendon	Darren Walsh	(id 2554)
NEW	AFL 2003	Carlton	Mick Martyn	(id 2555)
NEW	AFL 2003	St Kilda	Steven Lawrence	(id 2556)
GAP	1	"Paul Johnson"	2003 missed → linked to id 1967 (played 2005–2011)
NEW	AFL 2003	Kangaroos	David Bourke	(id 2557)
NEARMISS	AFL 2003	Kangaroos	"David Bourke" ~ "David Clarke"	(75%)
NEW	AFL 2003	Carlton	Jim Plunkett	(id 2558)
NEW	AFL 2003	West Coast	Kane Munro	(id 2559)
NEW	AFL 2003	Richmond	Craig Biddiscombe	(id 2560)
NEW	AFL 2003	Kangaroos	Matthew Burton	(id 2561)
NEW	AFL 2003	Essendon	James Davies	(id 2562)
NEARMISS	AFL 2003	Essendon	"James Davies" ~ "Alex Davies"	(75%)
NEW	AFL 2003	Sydney	Jarrad Sundqvist	(id 2563)
NEW	AFL 2003	Western Bulldogs	Nicholas Bruton	(id 2564)
NEW	AFL 2003	Geelong	Aaron Lord	(id 2565)
NEW	AFL 2003	Kangaroos	Jason McCartney	(id 2566)
NEW	AFL 2003	St Kilda	Chris Oliver	(id 2567)
NEW	AFL 2003	Carlton	Andrew Eccles	(id 2568)
NEARMISS	AFL 2003	Carlton	"Andrew Eccles" ~ "Andrew Embley"	(77%)
NEW	AFL 2003	Carlton	Laurence Angwin	(id 2569)
NEW	AFL 2003	Hawthorn	Kingsley Hunter	(id 2570)
NEW	AFL 2003	West Coast	Michael Collica	(id 2571)
NEW	AFL 2003	Richmond	Martin McGrath	(id 2572)
NEW	AFL 2003	Carlton	Blake Campbell	(id 2573)
NEARMISS	AFL 2003	Carlton	"Blake Campbell" ~ "Bryce Campbell"	(79%)
NEW	AFL 2003	Melbourne	Cameron Hunter	(id 2574)
NEW	AFL 2003	Carlton	Sean OKeeffe	(id 2575)
NEARMISS	AFL 2003	Carlton	"Sean OKeeffe" ~ "Ryan OKeefe"	(75%)
NEW	AFL 2003	West Coast	David Sierakowski	(id 2576)
NEW	AFL 2003	Sydney	Brad Seymour	(id 2577)
NEW	AFL 2003	Richmond	Andrew Mills	(id 2578)
NEW	AFL 2002	Richmond	Matthew Knights	(id 2579)
NEARMISS	AFL 2002	Richmond	"Matthew Knights" ~ "Matthew Wright"	(80%)
NEW	AFL 2002	Richmond	Steven Sziller	(id 2580)
NEW	AFL 2002	Collingwood	Scott Cummings	(id 2581)
NEW	AFL 2002	Collingwood	Andrew Dimattina	(id 2582)
NEW	AFL 2002	Collingwood	Mark Richardson	(id 2583)
NEW	AFL 2002	Collingwood	Chad Rintoul	(id 2584)
NEW	AFL 2002	St Kilda	Jason Cripps	(id 2585)
NEARMISS	AFL 2002	St Kilda	"Jason Cripps" ~ "Jamie Cripps"	(75%)
NEW	AFL 2002	St Kilda	Chad Davis	(id 2586)
NEW	AFL 2002	St Kilda	Stewart Loewe	(id 2587)
NEW	AFL 2002	Carlton	Craig Bradley	(id 2588)
NEW	AFL 2002	Carlton	Sam Cranage	(id 2589)
NEW	AFL 2002	Carlton	David Gallagher	(id 2590)
NEARMISS	AFL 2002	Carlton	"David Gallagher" ~ "Harvey Gallagher"	(75%)
NEW	AFL 2002	Carlton	Trent Hotton	(id 2591)
NEW	AFL 2002	Carlton	Michael Mansfield	(id 2592)
NEW	AFL 2002	Geelong	Daniel Foster	(id 2593)
NEW	AFL 2002	Geelong	Tim McGrath	(id 2594)
NEW	AFL 2002	Geelong	Brad Sholl	(id 2595)
NEW	AFL 2002	Port Adelaide	Derek Murray	(id 2596)
NEW	AFL 2002	Sydney	Gerrard Bennett	(id 2597)
NEW	AFL 2002	Sydney	Paul Kelly	(id 2598)
NEW	AFL 2002	Sydney	Tony Lockett	(id 2599)
GAP	1	"Ricky Mott"	2002 missed → linked to id 2496 (played 2004)
NEW	AFL 2002	Western Bulldogs	Trent Bartlett	(id 2600)
NEW	AFL 2002	Western Bulldogs	Aaron James	(id 2601)
NEW	AFL 2002	Western Bulldogs	Tony Liberatore	(id 2602)
NEARMISS	AFL 2002	Western Bulldogs	"Tony Liberatore" ~ "Tom Liberatore"	(87%)
NEW	AFL 2002	Adelaide	Ryan Fitzgerald	(id 2603)
NEW	AFL 2002	Adelaide	Ben Nelson	(id 2604)
NEARMISS	AFL 2002	Adelaide	"Ben Nelson" ~ "Ben Jepson"	(80%)
NEW	AFL 2002	West Coast	Peter Matera	(id 2605)
NEW	AFL 2002	West Coast	Mark Merenda	(id 2606)
NEW	AFL 2002	West Coast	Richard Taylor	(id 2607)
NEW	AFL 2002	West Coast	Brent Tuckey	(id 2608)
NEW	AFL 2002	Fremantle	Brendon Fewster	(id 2609)
NEW	AFL 2002	Fremantle	Dale Kickett	(id 2610)
NEW	AFL 2002	Fremantle	Jason Norrish	(id 2611)
NEW	AFL 2002	Hawthorn	Shaun Rehn	(id 2612)
GAP	1	"Troy Broadbridge"	2002 missed → linked to id 2482 (played 2004)
NEW	AFL 2002	Melbourne	Anthony McDonald	(id 2613)
NEW	AFL 2002	Melbourne	David Schwarz	(id 2614)
NEW	AFL 2002	Sydney	Nick Daffy	(id 2615)
NEW	AFL 2002	Adelaide	Bryan Beinke	(id 2616)
NEW	AFL 2002	Port Adelaide	Darren Mead	(id 2617)
NEW	AFL 2002	Fremantle	Simon Eastaugh	(id 2618)
NEW	AFL 2002	Carlton	Scott Freeborn	(id 2619)
NEW	AFL 2002	Collingwood	Carl Steinfort	(id 2620)
NEW	AFL 2002	Richmond	Ezra Poyas	(id 2621)
NEW	AFL 2002	Sydney	Leigh Brockman	(id 2622)
NEW	AFL 2002	Sydney	Wayne Schwass	(id 2623)
NEW	AFL 2002	Kangaroos	John Blakey	(id 2624)
NEW	AFL 2002	Geelong	Glenn Kilpatrick	(id 2625)
NEW	AFL 2002	Geelong	David Mensch	(id 2626)
NEW	AFL 2002	Hawthorn	Tony Woods	(id 2627)
NEW	AFL 2002	St Kilda	Caydn Beetham	(id 2628)
NEW	AFL 2002	Melbourne	Craig Ellis	(id 2629)
NEW	AFL 2002	Melbourne	Ross Funcke	(id 2630)
NEW	AFL 2002	Sydney	Andrew Dunkley	(id 2631)
NEW	AFL 2002	Richmond	Paul Hudson	(id 2632)
NEW	AFL 2002	St Kilda	Craig Callaghan	(id 2633)
NEW	AFL 2002	Carlton	Lindsay Smith	(id 2634)
NEW	AFL 2002	Essendon	Daniel McAlister	(id 2635)
NEW	AFL 2002	Carlton	Ang Christou	(id 2636)
NEW	AFL 2002	Western Bulldogs	Nathan Saunders	(id 2637)
GAP	1	"Ben Fixter"	2002 missed → linked to id 2233 (played 2004–2007)
NEW	AFL 2002	Richmond	Craig Ednie	(id 2638)
NEW	AFL 2002	Essendon	Paul Salmon	(id 2639)
NEW	AFL 2002	Carlton	Adam Pickering	(id 2640)
NEW	AFL 2002	Geelong	Marc Woolnough	(id 2641)
NEW	AFL 2002	Kangaroos	Adam Lange	(id 2642)
NEW	AFL 2002	St Kilda	Justin Plapp	(id 2643)
GAP	1	"Amon Buchanan"	2002 missed → linked to id 1891 (played 2004–2012)
NEW	AFL 2002	Carlton	Jordan Doering	(id 2644)
NEW	AFL 2002	Fremantle	Luke Toia	(id 2645)
NEW	AFL 2002	Essendon	Ken Hall	(id 2646)
GAP	1	"Quinten Lynch"	2002 missed → linked to id 1743 (played 2004–2013)
GAP	1	"Dylan Smith"	2002 missed → linked to id 2422 (played 2004–2005)
NEW	AFL 2002	Brisbane Lions	Darren Bradshaw	(id 2647)
NEARMISS	AFL 2002	Brisbane Lions	"Darren Bradshaw" ~ "Daniel Bradshaw"	(80%)
NEW	AFL 2002	Adelaide	Matthew Shir	(id 2648)
NEARMISS	AFL 2002	Adelaide	"Matthew Shir" ~ "Matthew Carr"	(75%)
NEW	AFL 2002	West Coast	Michael Prior	(id 2649)
NEARMISS	AFL 2002	West Coast	"Michael Prior" ~ "Michael Rix"	(77%)
NEW	AFL 2002	Port Adelaide	Jaxon Crabb	(id 2650)
GAP	2	"Sam Hunt"	2002 missed → linked to id 2436 (played 2005)
NEW	AFL 2002	Adelaide	Evan Hewitt	(id 2651)
NEW	AFL 2002	Fremantle	Andrew Shipp	(id 2652)
NEW	AFL 2002	Melbourne	Michael Clark	(id 2653)
NEARMISS	AFL 2002	Melbourne	"Michael Clark" ~ "Michael Close"	(77%)
NEW	AFL 2001	Kangaroos	Winston Abraham	(id 2654)
NEW	AFL 2001	Essendon	John Barnes	(id 2655)
NEARMISS	AFL 2001	Essendon	"John Barnes" ~ "John Barker"	(82%)
GAP	1	"Dean Solomon"	2001 missed → linked to id 2079 (played 2003–2009)
GAP	2	"Glen Bowyer"	2001 missed → linked to id 2420 (played 2004–2005)
NEW	AFL 2001	Hawthorn	Anthony Rock	(id 2656)
NEARMISS	AFL 2001	Hawthorn	"Anthony Rock" ~ "Anthony Rocca"	(85%)
NEW	AFL 2001	Collingwood	Tyson Lane	(id 2657)
GAP	1	"Rhyce Shaw"	2001 missed → linked to id 1556 (played 2003–2015)
NEW	AFL 2001	Collingwood	Andrew Ukovic	(id 2658)
NEW	AFL 2001	Western Bulldogs	Todd Curley	(id 2659)
NEW	AFL 2001	Western Bulldogs	Jose Romero	(id 2660)
NEW	AFL 2001	St Kilda	Tony Delaney	(id 2661)
NEW	AFL 2001	St Kilda	Mark Gale	(id 2662)
NEW	AFL 2001	St Kilda	Robert Powell	(id 2663)
NEW	AFL 2001	St Kilda	Jason Traianidis	(id 2664)
NEW	AFL 2001	Fremantle	Brad Bootsma	(id 2665)
NEW	AFL 2001	Fremantle	Adrian Fletcher	(id 2666)
NEW	AFL 2001	Fremantle	Tony Modra	(id 2667)
NEW	AFL 2001	Carlton	Brett Backwell	(id 2668)
NEW	AFL 2001	Carlton	Heath Culpitt	(id 2669)
NEW	AFL 2001	Carlton	Dean Rice	(id 2670)
NEW	AFL 2001	Carlton	Stephen Silvagni	(id 2671)
GAP	3	"Cain Ackland"	2001 missed → linked to id 2196 (played 2005–2008)
NEW	AFL 2001	Port Adelaide	Fabian Francis	(id 2672)
NEW	AFL 2001	Port Adelaide	Bowen Lockwood	(id 2673)
GAP	1	"Michael Wilson"	2001 missed → linked to id 2197 (played 2003–2008)
GAP	1	"Damian Cupido"	2001 missed → linked to id 2386 (played 2003–2005)
NEW	AFL 2001	Sydney	Robert AhMat	(id 2674)
GAP	1	"Jason Ball"	2001 missed → linked to id 2394 (played 2003–2005)
NEW	AFL 2001	Sydney	Troy Luff	(id 2675)
NEW	AFL 2001	Adelaide	James Byrne	(id 2676)
NEW	AFL 2001	Adelaide	Matthew Robran	(id 2677)
NEARMISS	AFL 2001	Adelaide	"Matthew Robran" ~ "Matthew Robbins"	(80%)
GAP	1	"Hayden Skipworth"	2001 missed → linked to id 2072 (played 2003–2009)
NEW	AFL 2001	Geelong	Garry Hocking	(id 2678)
NEW	AFL 2001	Geelong	Jason Snell	(id 2679)
GAP	1	"David Spriggs"	2001 missed → linked to id 2416 (played 2003–2005)
GAP	1	"Chad Morrison"	2001 missed → linked to id 2352 (played 2003–2006)
NEW	AFL 2001	Melbourne	Ben Beams	(id 2680)
NEARMISS	AFL 2001	Melbourne	"Ben Beams" ~ "Ben Keays"	(78%)
NEW	AFL 2001	Melbourne	Matthew Collins	(id 2681)
NEARMISS	AFL 2001	Melbourne	"Matthew Collins" ~ "Matthew Robbins"	(80%)
NEW	AFL 2001	Melbourne	Steven Febey	(id 2682)
NEW	AFL 2001	Melbourne	Anthony Ingerson	(id 2683)
GAP	1	"Guy Rigoni"	2001 missed → linked to id 2383 (played 2003–2005)
GAP	1	"David Bourke"	2001 missed → linked to id 2557 (played 2003)
NEW	AFL 2001	Richmond	Brendon Gale	(id 2684)
NEARMISS	AFL 2001	Richmond	"Brendon Gale" ~ "Brendon Lade"	(83%)
NEW	AFL 2001	Essendon	Michael Long	(id 2685)
NEARMISS	AFL 2001	Essendon	"Michael Long" ~ "Michael Close"	(77%)
GAP	1	"Marc Dragicevic"	2001 missed → linked to id 2507 (played 2003–2004)
NEW	AFL 2001	Fremantle	Daniel Metropolis	(id 2686)
NEW	AFL 2001	Melbourne	Steven Pitt	(id 2687)
NEW	AFL 2001	Geelong	Jason Mooney	(id 2688)
NEARMISS	AFL 2001	Geelong	"Jason Mooney" ~ "Jason Torney"	(83%)
GAP	14	"Matthew Kennedy"	2001 missed → linked to id 540 (played 2016–2026)
NEW	AFL 2001	Brisbane Lions	Marcus Picken	(id 2689)
NEW	AFL 2001	Carlton	Murray Vance	(id 2690)
NEW	AFL 2001	Richmond	Paul Broderick	(id 2691)
NEW	AFL 2001	Brisbane Lions	Nathan Clarke	(id 2692)
NEARMISS	AFL 2001	Brisbane Lions	"Nathan Clarke" ~ "Nathan Burke"	(77%)
GAP	1	"Richard Hadley"	2001 missed → linked to id 2034 (played 2003–2010)
GAP	1	"Wayne Carey"	2001 missed → linked to id 2465 (played 2003–2004)
GAP	1	"Clive Waterhouse"	2001 missed → linked to id 2451 (played 2003–2004)
NEW	AFL 2001	Fremantle	Brad Wira	(id 2693)
NEW	AFL 2001	West Coast	Dean Kemp	(id 2694)
NEARMISS	AFL 2001	West Coast	"Dean Kemp" ~ "Dean Kent"	(78%)
NEW	AFL 2001	Collingwood	Danny Roach	(id 2695)
NEW	AFL 2001	Essendon	Dean Wallis	(id 2696)
NEW	AFL 2001	Adelaide	Darren Jarman	(id 2697)
NEW	AFL 2001	Adelaide	Ricky OLoughlin	(id 2698)
NEW	AFL 2001	St Kilda	Matthew Young	(id 2699)
NEW	AFL 2001	West Coast	Greg Harding	(id 2700)
NEW	AFL 2001	Western Bulldogs	Adam Contessa	(id 2701)
NEW	AFL 2001	Hawthorn	Matthew Dent	(id 2702)
NEARMISS	AFL 2001	Hawthorn	"Matthew Dent" ~ "Matthew Dick"	(75%)
NEW	AFL 2001	Kangaroos	Ricky Olarenshaw	(id 2703)
NEW	AFL 2001	Fremantle	Brad Dodd	(id 2704)
NEW	AFL 2001	Port Adelaide	Nathan Steinberner	(id 2705)
NEW	AFL 2001	Sydney	Simon Feast	(id 2706)
NEW	AFL 2001	Sydney	John Stevens	(id 2707)
NEARMISS	AFL 2001	Sydney	"John Stevens" ~ "Koby Stevens"	(75%)
NEW	AFL 2001	Kangaroos	Joe McLaren	(id 2708)
NEW	AFL 2001	St Kilda	Brett Knowles	(id 2709)
NEW	AFL 2001	Port Adelaide	Brayden Lyle	(id 2710)
NEW	AFL 2001	Western Bulldogs	Paul Dooley	(id 2711)
NEW	AFL 2001	Geelong	Daniel Lowther	(id 2712)
NEARMISS	AFL 2001	Geelong	"Daniel Lowther" ~ "Daniel Foster"	(79%)
NEW	AFL 2001	Adelaide	Stuart Bown	(id 2713)
NEW	AFL 2001	Richmond	Lionel Proctor	(id 2714)
NEW	AFL 2001	Adelaide	Adam Richardson	(id 2715)
NEW	AFL 2001	Fremantle	Ashley Prescott	(id 2716)
NEW	AFL 2001	Geelong	Marcus Baldwin	(id 2717)
NEW	AFL 2001	West Coast	Ryan Turnbull	(id 2718)
GAP	1	"Ben Haynes"	2001 missed → linked to id 2387 (played 2003–2005)
NEW	AFL 2001	St Kilda	Ben Walton	(id 2719)
NEARMISS	AFL 2001	St Kilda	"Ben Walton" ~ "Ben Paton"	(80%)
NEW	AFL 2001	Hawthorn	Brett OFarrell	(id 2720)
NEW	AFL 2001	Essendon	Jonathon Robran	(id 2721)
NEW	AFL 2001	Sydney	Dale Lewis	(id 2722)
NEW	AFL 2001	St Kilda	Tim Elliott	(id 2723)
GAP	1	"Heath James"	2001 missed → linked to id 2458 (played 2003–2004)
NEW	AFL 2001	St Kilda	Damien Ryan	(id 2724)
NEW	AFL 2001	Essendon	Judd Lalich	(id 2725)
GAP	1	"Bill Nicholls"	2001 missed → linked to id 2512 (played 2003–2004)
NEW	AFL 2001	Hawthorn	Tim Hazell	(id 2726)
GAP	1	"Robert Haddrill"	2001 missed → linked to id 2290 (played 2003–2007)
NEW	AFL 2001	Collingwood	Andrew Hill	(id 2727)
NEARMISS	AFL 2001	Collingwood	"Andrew Hill" ~ "Andrew Mills"	(83%)
NEW	AFL 2001	Fremantle	Keren Ugle	(id 2728)
NEW	AFL 2001	Kangaroos	John Spaull	(id 2729)
NEW	AFL 2001	Port Adelaide	Mark Harwood	(id 2730)
NEW	AFL 2001	Sydney	Brent Piltz	(id 2731)
NEW	AFL 2001	Fremantle	Dwayne Simpson	(id 2732)
NEW	AFL 2001	Hawthorn	Chris Obst	(id 2733)
NEW	AFL 2001	Kangaroos	Mark Hilton	(id 2734)
NEARMISS	AFL 2001	Kangaroos	"Mark Hilton" ~ "Mark Bolton"	(82%)
GAP	1	"Aaron James"	2000 missed → linked to id 2601 (played 2002)
NEW	AFL 2000	Richmond	John Rombotis	(id 2735)
NEW	AFL 2000	Richmond	Clay Sampson	(id 2736)
NEARMISS	AFL 2000	Richmond	"Clay Sampson" ~ "Clay Cameron"	(75%)
NEW	AFL 2000	Melbourne	Scott Chisholm	(id 2737)
NEW	AFL 2000	Melbourne	James Cook	(id 2738)
GAP	1	"Stephen Powell"	2000 missed → linked to id 2295 (played 2002–2006)
NEW	AFL 2000	Essendon	Darren Bewick	(id 2739)
NEW	AFL 2000	Essendon	Sean Denham	(id 2740)
NEW	AFL 2000	Port Adelaide	Stephen Daniels	(id 2741)
GAP	1	"Brendon Lade"	2000 missed → linked to id 2068 (played 2002–2009)
NEW	AFL 2000	Port Adelaide	Danny Morton	(id 2742)
NEW	AFL 2000	Kangaroos	David Calthorpe	(id 2743)
NEW	AFL 2000	Kangaroos	Ryan Pagan	(id 2744)
NEW	AFL 2000	Kangaroos	Robert Scott	(id 2745)
NEW	AFL 2000	West Coast	Guy McKenna	(id 2746)
GAP	2	"Phillip Read"	2000 missed → linked to id 2358 (played 2003–2006)
NEW	AFL 2000	Adelaide	Shane Ellen	(id 2747)
NEW	AFL 2000	Adelaide	Brett James	(id 2748)
NEARMISS	AFL 2000	Adelaide	"Brett James" ~ "Brett Jones"	(82%)
NEW	AFL 2000	Adelaide	Kym Koster	(id 2749)
NEW	AFL 2000	Adelaide	James Thiessen	(id 2750)
NEW	AFL 2000	Western Bulldogs	Steven Kolyniuk	(id 2751)
NEW	AFL 2000	Western Bulldogs	Daniel Southern	(id 2752)
NEARMISS	AFL 2000	Western Bulldogs	"Daniel Southern" ~ "Daniel Lowther"	(80%)
NEW	AFL 2000	Western Bulldogs	Scott Wynd	(id 2753)
NEW	AFL 2000	Fremantle	Clem Michael	(id 2754)
NEARMISS	AFL 2000	Fremantle	"Clem Michael" ~ "Sam Michael"	(75%)
NEW	AFL 2000	Geelong	Derek Hall	(id 2755)
NEW	AFL 2000	Geelong	Paul Lynch	(id 2756)
NEW	AFL 2000	Geelong	Barry Stoneham	(id 2757)
NEW	AFL 2000	St Kilda	Tony Brown	(id 2758)
NEARMISS	AFL 2000	St Kilda	"Tony Brown" ~ "Tom Brown"	(80%)
NEW	AFL 2000	St Kilda	Sean Charles	(id 2759)
NEW	AFL 2000	St Kilda	Gavin Mitchell	(id 2760)
NEW	AFL 2000	St Kilda	Damian Monkhorst	(id 2761)
NEW	AFL 2000	Sydney	Brett Allison	(id 2762)
NEW	AFL 2000	Sydney	Peter Filandia	(id 2763)
GAP	1	"Ryan Fitzgerald"	2000 missed → linked to id 2603 (played 2002)
NEW	AFL 2000	Sydney	Craig OBrien	(id 2764)
NEW	AFL 2000	Carlton	Fraser Brown	(id 2765)
NEW	AFL 2000	Carlton	Michael Sexton	(id 2766)
NEARMISS	AFL 2000	Carlton	"Michael Sexton" ~ "Michael Newton"	(86%)
NEW	AFL 2000	Brisbane Lions	Stefan Carey	(id 2767)
NEW	AFL 2000	Brisbane Lions	Adam Heuskes	(id 2768)
NEW	AFL 2000	Brisbane Lions	Craig Lambert	(id 2769)
NEW	AFL 2000	Brisbane Lions	Martin McKinnon	(id 2770)
GAP	1	"Paul Salmon"	2000 missed → linked to id 2639 (played 2002)
NEW	AFL 2000	Hawthorn	Barry Young	(id 2771)
NEW	AFL 2000	Collingwood	Gavin Brown	(id 2772)
NEW	AFL 2000	Collingwood	Mark Orchard	(id 2773)
NEW	AFL 2000	Collingwood	James Wasley	(id 2774)
NEARMISS	AFL 2000	Collingwood	"James Wasley" ~ "James Hawksley"	(79%)
NEW	AFL 2000	Melbourne	Marcus Seecamp	(id 2775)
NEW	AFL 2000	Kangaroos	Craig Sholl	(id 2776)
NEW	AFL 2000	Geelong	Paul Corrigan	(id 2777)
NEW	AFL 2000	Western Bulldogs	Andrew Wills	(id 2778)
NEARMISS	AFL 2000	Western Bulldogs	"Andrew Wills" ~ "Andrew Mills"	(92%)
NEW	AFL 2000	Brisbane Lions	Michael Martin	(id 2779)
NEARMISS	AFL 2000	Brisbane Lions	"Michael Martin" ~ "Michael Warren"	(79%)
NEW	AFL 2000	West Coast	Laurie Bellotti	(id 2780)
NEW	AFL 2000	West Coast	Andrew Donnelly	(id 2781)
NEARMISS	AFL 2000	West Coast	"Andrew Donnelly" ~ "Andrew Leoncelli"	(75%)
NEW	AFL 2000	Hawthorn	Brendan Krummel	(id 2782)
NEW	AFL 2000	Brisbane Lions	Shannon Rusca	(id 2783)
NEW	AFL 2000	Adelaide	Justin Cicolella	(id 2784)
NEW	AFL 2000	Adelaide	Matthew Connell	(id 2785)
NEARMISS	AFL 2000	Adelaide	"Matthew Connell" ~ "Matthew Cottrell"	(81%)
NEW	AFL 2000	Geelong	Danny OBrien	(id 2786)
NEW	AFL 2000	West Coast	Chris Lewis	(id 2787)
NEW	AFL 2000	Carlton	Stephen OReilly	(id 2788)
GAP	3	"Josh Mahoney"	2000 missed → linked to id 2252 (played 2004–2007)
NEW	AFL 2000	Port Adelaide	Steven Brosnan	(id 2789)
NEARMISS	AFL 2000	Port Adelaide	"Steven Brosnan" ~ "Steven Browne"	(79%)
NEW	AFL 2000	Essendon	Mark Fraser	(id 2790)
NEW	AFL 2000	Collingwood	Shane Watson	(id 2791)
NEW	AFL 2000	Brisbane Lions	Richard Champion	(id 2792)
NEW	AFL 2000	St Kilda	Fred Campbell	(id 2793)
NEARMISS	AFL 2000	St Kilda	"Fred Campbell" ~ "Braeden Campbell"	(75%)
NEW	AFL 2000	Western Bulldogs	Christin Macri	(id 2794)
NEW	AFL 2000	Kangaroos	Gary Dhurrkay	(id 2795)
NEW	AFL 2000	Hawthorn	Steven Rode	(id 2796)
NEARMISS	AFL 2000	Hawthorn	"Steven Rode" ~ "Steven Dodd"	(82%)
GAP	1	"Michael Stevens"	2000 missed → linked to id 2380 (played 2002–2005)
NEW	AFL 2000	Kangaroos	Brady Anderson	(id 2797)
NEW	AFL 2000	Geelong	Simon Arnott	(id 2798)
NEW	AFL 2000	Hawthorn	Craig Treleven	(id 2799)
NEW	AFL 2000	St Kilda	Jason Heatley	(id 2800)
NEW	AFL 2000	Port Adelaide	Donald Dickie	(id 2801)
NEW	AFL 2000	West Coast	Scott Bennett	(id 2802)
NEARMISS	AFL 2000	West Coast	"Scott Bennett" ~ "Scott Bassett"	(77%)
GAP	1	"Jaxon Crabb"	2000 missed → linked to id 2650 (played 2002)
NEW	AFL 2000	West Coast	Paul Symmons	(id 2803)
NEARMISS	AFL 2000	West Coast	"Paul Symmons" ~ "Paul Salmon"	(75%)
NEW	AFL 2000	Sydney	Ryan OConnor	(id 2804)
NEARMISS	AFL 2000	Sydney	"Ryan OConnor" ~ "Ronin OConnor"	(77%)
NEW	AFL 2000	Geelong	Tristan Lynch	(id 2805)
NEW	AFL 2000	West Coast	Nicholas Stone	(id 2806)
NEW	AFL 2000	Sydney	Andrew Bomford	(id 2807)
NEW	AFL 2000	Port Adelaide	Shane Bond	(id 2808)
NEW	AFL 2000	Richmond	Brett Evans	(id 2809)
NEW	AFL 2000	Collingwood	Stephen Patterson	(id 2810)
NEW	AFL 2000	Collingwood	Dale Baynes	(id 2811)
NEW	AFL 2000	Collingwood	Craig Jacotine	(id 2812)
NEW	AFL 2000	Collingwood	Bradley Smith	(id 2813)
NEARMISS	AFL 2000	Collingwood	"Bradley Smith" ~ "Bailey Smith"	(85%)
NEW	AFL 2000	Geelong	Joel McKay	(id 2814)
NEW	AFL 2000	Hawthorn	Nathan Chapman	(id 2815)
NEW	AFL 2000	Richmond	James White	(id 2816)
NEW	AFL 2000	Melbourne	Matthew Febey	(id 2817)
NEW	AFL 2000	West Coast	David Antonowicz	(id 2818)
NEW	AFL 2000	West Coast	Todd Holmes	(id 2819)
NEW	AFL 2000	Kangaroos	Brett Chandler	(id 2820)
NEW	AFL 2000	Collingwood	Brad Oborne	(id 2821)
NEW	AFL 2000	Adelaide	Peter Caven	(id 2822)
NEW	AFL 2000	West Coast	Michael OBrien	(id 2823)
NEARMISS	AFL 2000	West Coast	"Michael OBrien" ~ "Michael Braun"	(79%)
GAP	1	"Sam Cranage"	2000 missed → linked to id 2589 (played 2002)
GAP	3	"Paul Koulouriotis"	2000 missed → linked to id 2348 (played 2004–2006)
NEW	AFL 2000	Collingwood	Gavin Crosisca	(id 2824)
NEW	AFL 2000	Geelong	Hamish Simpson	(id 2825)
NEW	AFL 2000	Carlton	Adam Chatfield	(id 2826)
NEW	AFL 2000	Kangaroos	Brad Stephens	(id 2827)
NEW	AFL 2000	Carlton	Adam White	(id 2828)
NEW	AFL 2000	Melbourne	Paul Hopgood	(id 2829)
NEW	AFL 2000	Fremantle	Garth Taylor	(id 2830)
NEARMISS	AFL 2000	Fremantle	"Garth Taylor" ~ "Harry Taylor"	(75%)
NEW	AFL 1999	Essendon	Peter Berbakov	(id 2831)
GAP	1	"Judd Lalich"	1999 missed → linked to id 2725 (played 2001)
NEW	AFL 1999	Essendon	Michael Symons	(id 2832)
NEW	AFL 1999	Carlton	Ron De Iulio	(id 2833)
NEW	AFL 1999	Carlton	Ben Thompson	(id 2834)
NEW	AFL 1999	Geelong	Scott Bamford	(id 2835)
GAP	1	"Daniel Lowther"	1999 missed → linked to id 2712 (played 2001)
NEW	AFL 1999	Geelong	Liam Pickering	(id 2836)
NEARMISS	AFL 1999	Geelong	"Liam Pickering" ~ "Adam Pickering"	(86%)
NEW	AFL 1999	Kangaroos	John Longmire	(id 2837)
NEW	AFL 1999	Melbourne	Darren Kowal	(id 2838)
GAP	1	"Chris Lamb"	1999 missed → linked to id 2544 (played 2001–2003)
NEW	AFL 1999	Melbourne	Luke Ottens	(id 2839)
NEW	AFL 1999	Melbourne	Stephen Tingay	(id 2840)
NEW	AFL 1999	Melbourne	Todd Viney	(id 2841)
NEW	AFL 1999	Richmond	Ashley Blurton	(id 2842)
GAP	1	"Ross Funcke"	1999 missed → linked to id 2630 (played 2001–2002)
NEW	AFL 1999	Richmond	Scott Turner	(id 2843)
NEARMISS	AFL 1999	Richmond	"Scott Turner" ~ "Scott Burns"	(75%)
NEW	AFL 1999	Adelaide	Brodie Atkinson	(id 2844)
NEW	AFL 1999	Adelaide	Lucas Herbert	(id 2845)
NEARMISS	AFL 1999	Adelaide	"Lucas Herbert" ~ "Louis Herbert"	(77%)
NEW	AFL 1999	Adelaide	David Pittman	(id 2846)
NEW	AFL 1999	Western Bulldogs	Nicky Winmar	(id 2847)
NEARMISS	AFL 1999	Western Bulldogs	"Nicky Winmar" ~ "Nick Winmar"	(92%)
NEW	AFL 1999	Brisbane Lions	Brad Boyd	(id 2848)
NEARMISS	AFL 1999	Brisbane Lions	"Brad Boyd" ~ "Brad Dodd"	(78%)
GAP	1	"Brad Scott"	1999 missed → linked to id 2302 (played 2001–2006)
NEW	AFL 1999	Brisbane Lions	Dion Scott	(id 2849)
NEW	AFL 1999	St Kilda	Brett Cook	(id 2850)
NEW	AFL 1999	St Kilda	Tony Francis	(id 2851)
NEW	AFL 1999	St Kilda	Daniel Healy	(id 2852)
NEARMISS	AFL 1999	St Kilda	"Daniel Healy" ~ "Daniel Wells"	(75%)
NEW	AFL 1999	Collingwood	Scott Crow	(id 2853)
NEW	AFL 1999	Collingwood	Alex McDonald	(id 2854)
NEARMISS	AFL 1999	Collingwood	"Alex McDonald" ~ "James McDonald"	(79%)
GAP	1	"Ricky Olarenshaw"	1999 missed → linked to id 2703 (played 2001)
NEW	AFL 1999	Collingwood	Cameron Venables	(id 2855)
NEW	AFL 1999	Collingwood	Jason Wild	(id 2856)
GAP	1	"Adrian Cox"	1999 missed → linked to id 2449 (played 2001–2004)
NEW	AFL 1999	Hawthorn	Jon Hassall	(id 2857)
GAP	2	"Tony Lockett"	1999 missed → linked to id 2599 (played 2002)
NEW	AFL 1999	Sydney	Scott Russell	(id 2858)
NEW	AFL 1999	Port Adelaide	Brett Chalmers	(id 2859)
NEW	AFL 1999	Port Adelaide	Nigel Fiegert	(id 2860)
NEW	AFL 1999	Fremantle	Chris Bond	(id 2861)
GAP	1	"Trent Carroll"	1999 missed → linked to id 2469 (played 2001–2004)
NEW	AFL 1999	Fremantle	Peter Mann	(id 2862)
NEW	AFL 1999	West Coast	Brett Heady	(id 2863)
NEARMISS	AFL 1999	West Coast	"Brett Heady" ~ "Brett Eddy"	(82%)
NEW	AFL 1999	Essendon	Ilija Grgic	(id 2864)
NEW	AFL 1999	Richmond	Ben Moore	(id 2865)
GAP	1	"Brett OFarrell"	1999 missed → linked to id 2720 (played 2001)
NEW	AFL 1999	Adelaide	Ian Downsborough	(id 2866)
NEW	AFL 1999	Adelaide	Darryl Wintle	(id 2867)
NEARMISS	AFL 1999	Adelaide	"Darryl Wintle" ~ "Darryl White"	(77%)
NEW	AFL 1999	Fremantle	Daniel Parker	(id 2868)
NEARMISS	AFL 1999	Fremantle	"Daniel Parker" ~ "Daniel Turner"	(77%)
NEW	AFL 1999	St Kilda	Brad Campbell	(id 2869)
NEARMISS	AFL 1999	St Kilda	"Brad Campbell" ~ "Fred Campbell"	(85%)
NEW	AFL 1999	Essendon	Ben Doolan	(id 2870)
NEW	AFL 1999	Melbourne	Glenn Lovett	(id 2871)
NEW	AFL 1999	Fremantle	Darren Bolton	(id 2872)
NEW	AFL 1999	Carlton	Tony Bourke	(id 2873)
NEW	AFL 1999	Collingwood	Luke Godden	(id 2874)
NEARMISS	AFL 1999	Collingwood	"Luke Godden" ~ "Luke Lowden"	(82%)
NEW	AFL 1999	Melbourne	Jamie Shanahan	(id 2875)
NEARMISS	AFL 1999	Melbourne	"Jamie Shanahan" ~ "Jobe Shanahan"	(79%)
NEW	AFL 1999	Fremantle	Daniel Hargraves	(id 2876)
NEARMISS	AFL 1999	Fremantle	"Daniel Hargraves" ~ "Daniel Harris"	(75%)
NEW	AFL 1999	Brisbane Lions	Danny Dickfos	(id 2877)
GAP	1	"Clark Keating"	1999 missed → linked to id 2368 (played 2001–2006)
NEW	AFL 1999	Adelaide	Troy Bond	(id 2878)
NEW	AFL 1999	Sydney	Wade Chapman	(id 2879)
NEARMISS	AFL 1999	Sydney	"Wade Chapman" ~ "Paul Chapman"	(75%)
NEW	AFL 1999	Port Adelaide	Darryl Poole	(id 2880)
NEW	AFL 1999	Kangaroos	Anthony Mellington	(id 2881)
NEW	AFL 1999	Adelaide	Matthew Golding	(id 2882)
NEARMISS	AFL 1999	Adelaide	"Matthew Golding" ~ "Matthew Collins"	(80%)
GAP	1	"Simon Eastaugh"	1999 missed → linked to id 2618 (played 2001–2002)
NEW	AFL 1999	Collingwood	Brad Fuller	(id 2883)
NEARMISS	AFL 1999	Collingwood	"Brad Fuller" ~ "Brad Miller"	(82%)
NEW	AFL 1999	Collingwood	Jamie Tape	(id 2884)
NEW	AFL 1999	Carlton	Brad Pearce	(id 2885)
NEW	AFL 1999	Richmond	Ben Hollands	(id 2886)
NEARMISS	AFL 1999	Richmond	"Ben Hollands" ~ "Ben Holland"	(92%)
NEW	AFL 1999	Port Adelaide	Shayne Breuer	(id 2887)
NEW	AFL 1999	Melbourne	Nick Carter	(id 2888)
NEARMISS	AFL 1999	Melbourne	"Nick Carter" ~ "Nick Salter"	(82%)
NEW	AFL 1999	Port Adelaide	Tom Carr	(id 2889)
NEW	AFL 1999	Sydney	Will Sangster	(id 2890)
NEW	AFL 1999	Port Adelaide	Chris Naish	(id 2891)
NEW	AFL 1999	Kangaroos	Danny Stevens	(id 2892)
NEW	AFL 1999	Adelaide	Rod Jameson	(id 2893)
NEW	AFL 1999	Brisbane Lions	Andrew Gowers	(id 2894)
NEW	AFL 1999	Melbourne	Garry Lyon	(id 2895)
NEARMISS	AFL 1999	Melbourne	"Garry Lyon" ~ "Jarryd Lyons"	(75%)
NEW	AFL 1999	Adelaide	Dean Howard	(id 2896)
NEW	AFL 1999	Hawthorn	Matthew Dennis	(id 2897)
NEARMISS	AFL 1999	Hawthorn	"Matthew Dennis" ~ "Matthew Dent"	(79%)
NEW	AFL 1999	Essendon	Peter Somerville	(id 2898)
NEW	AFL 1999	Carlton	Damien Lock	(id 2899)
GAP	2	"Michael Clark"	1999 missed → linked to id 2653 (played 2002)
NEW	AFL 1999	Kangaroos	Mark Roberts	(id 2900)
NEARMISS	AFL 1999	Kangaroos	"Mark Roberts" ~ "Matt Roberts"	(83%)
NEW	AFL 1999	West Coast	Chris Mainwaring	(id 2901)
NEW	AFL 1999	Collingwood	Frankie Raso	(id 2902)
NEW	AFL 1999	Geelong	Paul Lindsay	(id 2903)
NEW	AFL 1999	Hawthorn	Nathan Turvey	(id 2904)
NEARMISS	AFL 1999	Hawthorn	"Nathan Turvey" ~ "Nathan Murphy"	(77%)
NEW	AFL 1999	Adelaide	Matthew Liptak	(id 2905)
NEARMISS	AFL 1999	Adelaide	"Matthew Liptak" ~ "Matthew Little"	(79%)
NEW	AFL 1999	Carlton	Adrian Whitehead	(id 2906)
NEW	AFL 1999	Carlton	Matthew Hogg	(id 2907)
NEARMISS	AFL 1999	Carlton	"Matthew Hogg" ~ "Matthew Young"	(77%)
NEW	AFL 1999	Adelaide	Trent Ormond-Allen	(id 2908)
NEW	AFL 1999	Hawthorn	Brad Lloyd	(id 2909)
NEARMISS	AFL 1999	Hawthorn	"Brad Lloyd" ~ "Brad Boyd"	(80%)
NEW	AFL 1999	St Kilda	James Gowans	(id 2910)
NEW	AFL 1999	Geelong	Tim Finocchiaro	(id 2911)
GAP	1	"Murray Vance"	1999 missed → linked to id 2690 (played 2001)
GAP	1	"Heath James"	1999 missed → linked to id 2458 (played 2001–2004)
NEW	AFL 1999	Fremantle	Matthew Clucas	(id 2912)
NEW	AFL 1999	Fremantle	Paul Maher	(id 2913)
NEARMISS	AFL 1999	Fremantle	"Paul Maher" ~ "Paul Ahern"	(80%)
NEW	AFL 1999	St Kilda	Luke Beveridge	(id 2914)
NEW	AFL 1999	Melbourne	Craig Smoker	(id 2915)
NEARMISS	AFL 1999	Melbourne	"Craig Smoker" ~ "Craig Moller"	(75%)
GAP	1	"Ray Hall"	1999 missed → linked to id 2326 (played 2001–2006)
NEW	AFL 1998	North Melbourne	Chris Groom	(id 2916)
NEW	AFL 1998	West Coast	Tony Evans	(id 2917)
GAP	1	"Chris Lewis"	1998 missed → linked to id 2787 (played 2000)
GAP	1	"Ryan Turnbull"	1998 missed → linked to id 2718 (played 2000–2001)
NEW	AFL 1998	West Coast	John Worsfold	(id 2918)
GAP	1	"Sean Charles"	1998 missed → linked to id 2759 (played 2000)
NEW	AFL 1998	Carlton	Matt Clape	(id 2919)
NEW	AFL 1998	Carlton	Peter Dean	(id 2920)
GAP	1	"Mark Porter"	1998 missed → linked to id 2463 (played 2000–2004)
GAP	1	"Lance Picioane"	1998 missed → linked to id 2379 (played 2000–2005)
GAP	1	"Shaun Rehn"	1998 missed → linked to id 2612 (played 2000–2002)
NEW	AFL 1998	Adelaide	Simon Tregenza	(id 2921)
GAP	2	"Jason Cripps"	1998 missed → linked to id 2585 (played 2001–2002)
NEW	AFL 1998	St Kilda	Rod Keogh	(id 2922)
NEW	AFL 1998	Geelong	Tim Hargreaves	(id 2923)
NEW	AFL 1998	Geelong	Sean Simpson	(id 2924)
NEARMISS	AFL 1998	Geelong	"Sean Simpson" ~ "Sam Simpson"	(83%)
NEW	AFL 1998	Geelong	Brett Spinks	(id 2925)
NEW	AFL 1998	Collingwood	Shannon Gibson	(id 2926)
NEW	AFL 1998	Collingwood	Richard Osborne	(id 2927)
NEARMISS	AFL 1998	Collingwood	"Richard Osborne" ~ "Michael Osborne"	(80%)
NEW	AFL 1998	Collingwood	Graham Wright	(id 2928)
GAP	1	"Nathan Chapman"	1998 missed → linked to id 2815 (played 2000)
NEW	AFL 1998	Hawthorn	Justin Crawford	(id 2929)
NEW	AFL 1998	Hawthorn	Jason Dunstall	(id 2930)
NEW	AFL 1998	Hawthorn	Darren Kappler	(id 2931)
NEW	AFL 1998	Hawthorn	Stephen Lawrence	(id 2932)
NEARMISS	AFL 1998	Hawthorn	"Stephen Lawrence" ~ "Steven Lawrence"	(88%)
NEW	AFL 1998	Brisbane Lions	Andrew Bews	(id 2933)
NEARMISS	AFL 1998	Brisbane Lions	"Andrew Bews" ~ "Andrew Welsh"	(75%)
GAP	1	"Daniel Bradshaw"	1998 missed → linked to id 1985 (played 2000–2010)
NEW	AFL 1998	Brisbane Lions	Nick Trask	(id 2934)
GAP	1	"Paul Dooley"	1998 missed → linked to id 2711 (played 2000–2001)
NEW	AFL 1998	Western Bulldogs	Simon Minton-Connell	(id 2935)
GAP	1	"Danny Morton"	1998 missed → linked to id 2742 (played 2000)
NEW	AFL 1998	Sydney	Paul Roos	(id 2936)
NEW	AFL 1998	Richmond	Paul Bulluss	(id 2937)
NEW	AFL 1998	Richmond	Michael Gale	(id 2938)
NEARMISS	AFL 1998	Richmond	"Michael Gale" ~ "Michael Talia"	(77%)
NEW	AFL 1998	Richmond	Matthew Manfield	(id 2939)
NEW	AFL 1998	Essendon	Gary ODonnell	(id 2940)
NEW	AFL 1998	Melbourne	Hayden Lamaro	(id 2941)
NEW	AFL 1998	Melbourne	Shaun Smith	(id 2942)
NEW	AFL 1998	Melbourne	Jim Stynes	(id 2943)
NEW	AFL 1998	West Coast	Chris Waterman	(id 2944)
NEW	AFL 1998	Collingwood	Matthew Francis	(id 2945)
NEW	AFL 1998	Melbourne	Don Cockatoo-Collins	(id 2946)
NEARMISS	AFL 1998	Melbourne	"Don Cockatoo-Collins" ~ "Che Cockatoo-Collins"	(85%)
GAP	1	"Brett Chandler"	1998 missed → linked to id 2820 (played 2000)
NEW	AFL 1998	Fremantle	Stuart Anderson	(id 2947)
NEW	AFL 1998	Collingwood	Chris Curran	(id 2948)
NEARMISS	AFL 1998	Collingwood	"Chris Curran" ~ "Chris Yarran"	(83%)
NEW	AFL 1998	Richmond	Nathan Bower	(id 2949)
NEARMISS	AFL 1998	Richmond	"Nathan Bower" ~ "Nathan Jones"	(75%)
NEW	AFL 1998	Richmond	Trent Nichols	(id 2950)
NEW	AFL 1998	Hawthorn	Randall Bone	(id 2951)
NEW	AFL 1998	Hawthorn	Haydon Kilmartin	(id 2952)
NEW	AFL 1998	Sydney	Brent Green	(id 2953)
GAP	1	"Leigh Colbert"	1998 missed → linked to id 2378 (played 2000–2005)
NEW	AFL 1998	St Kilda	Jayson Daniels	(id 2954)
NEW	AFL 1998	Fremantle	Andrew McGovern	(id 2955)
NEW	AFL 1998	West Coast	Andy Lovell	(id 2956)
NEW	AFL 1998	Carlton	Jacob Anstey	(id 2957)
NEW	AFL 1998	Collingwood	Chad Liddell	(id 2958)
NEW	AFL 1998	Collingwood	Andrew Pugsley	(id 2959)
NEARMISS	AFL 1998	Collingwood	"Andrew Pugsley" ~ "Andrew Dunkley"	(79%)
NEW	AFL 1998	Geelong	Paul Brown	(id 2960)
NEW	AFL 1998	Geelong	Cameron Roberts	(id 2961)
NEW	AFL 1998	Sydney	Mark Bayes	(id 2962)
NEW	AFL 1998	Essendon	Matthew Banks	(id 2963)
NEARMISS	AFL 1998	Essendon	"Matthew Banks" ~ "Matthew Bate"	(77%)
NEW	AFL 1998	Port Adelaide	David Brown	(id 2964)
NEARMISS	AFL 1998	Port Adelaide	"David Brown" ~ "Gavin Brown"	(82%)
NEW	AFL 1998	Port Adelaide	Paul Evans	(id 2965)
NEARMISS	AFL 1998	Port Adelaide	"Paul Evans" ~ "Paul Bevan"	(80%)
NEW	AFL 1998	Adelaide	Aaron Keating	(id 2966)
NEW	AFL 1998	Sydney	Mark Kinnear	(id 2967)
NEW	AFL 1998	Fremantle	Brendon Feddema	(id 2968)
GAP	1	"Anthony Jones"	1998 missed → linked to id 2536 (played 2000–2003)
NEW	AFL 1998	Fremantle	Quenton Leach	(id 2969)
NEW	AFL 1998	Carlton	Trent Hoppner	(id 2970)
NEW	AFL 1998	Carlton	Damian Lang	(id 2971)
NEW	AFL 1998	Fremantle	Michael Brown	(id 2972)
NEARMISS	AFL 1998	Fremantle	"Michael Brown" ~ "Michael Braun"	(85%)
NEW	AFL 1998	Hawthorn	Kane Fraser	(id 2973)
NEW	AFL 1998	Geelong	Justin Wood	(id 2974)
NEW	AFL 1998	Adelaide	Sudjai Cook	(id 2975)
NEW	AFL 1998	Port Adelaide	Brent Heaver	(id 2976)
NEARMISS	AFL 1998	Port Adelaide	"Brent Heaver" ~ "Brent Harvey"	(75%)
NEW	AFL 1998	Western Bulldogs	Sedat Sir	(id 2977)
NEW	AFL 1998	Melbourne	Mark Bradly	(id 2978)
NEW	AFL 1998	North Melbourne	Darren Crocker	(id 2979)
NEW	AFL 1998	North Melbourne	Dion Miles	(id 2980)
NEW	AFL 1998	Collingwood	Stuart Mangin	(id 2981)
GAP	3	"Marc Woolnough"	1998 missed → linked to id 2641 (played 2002)
GAP	1	"Shannon Watt"	1998 missed → linked to id 2098 (played 2000–2009)
GAP	3	"Leigh Brockman"	1998 missed → linked to id 2622 (played 2002)
NEW	AFL 1998	West Coast	Shane Sikora	(id 2982)
NEW	AFL 1998	Fremantle	Tony Godden	(id 2983)
NEW	AFL 1998	West Coast	Neil Marshall	(id 2984)
NEW	AFL 1998	Richmond	Justin Charles	(id 2985)
NEARMISS	AFL 1998	Richmond	"Justin Charles" ~ "Justin Clarke"	(79%)
NEW	AFL 1998	Western Bulldogs	Jason Watts	(id 2986)
NEW	AFL 1998	Brisbane Lions	Derek Wirth	(id 2987)
NEW	AFL 1998	Adelaide	Tim Cook	(id 2988)
NEW	AFL 1998	Carlton	John Hynes	(id 2989)
NEW	AFL 1998	Melbourne	Damien Gaspar	(id 2990)
NEARMISS	AFL 1998	Melbourne	"Damien Gaspar" ~ "Darren Gaspar"	(85%)
NEW	AFL 1998	Western Bulldogs	Mark West	(id 2991)
NEW	AFL 1998	St Kilda	Kristian Bardsley	(id 2992)
GAP	1	"Joel McKay"	1998 missed → linked to id 2814 (played 2000)
NEW	AFL 1998	Adelaide	Linden Stevens	(id 2993)
